source,smiles,log_reward
guided,COC(=O)c1ccc(Cn2cc(CN(C)Cc3cccnc3)c(=O)[nH]c2=O)o1,-0.26270541548728943
guided,Cc1ccc2c(c1)C(c1ccc(C(=O)O)s1)=NNC(=O)/C2=C\c1ccccc1,-2.106720447540283
guided,C/C(=N\NC(=O)c1cc(-c2ccncc2)nc2ccccc12)c1ccc(O[C@@H]2CC(=O)N(C(C)C)C2=O)cc1,-1.608988642692566
guided,C[C@@H]1CN(Cc2c[nH]c3ccc(F)cc3c2=O)C[C@H](C)O1,-4.310969352722168
guided,C/C(Cn1cnc(NC(=O)c2ccccc2)n1)=N\Nc1ccc2ccccc2c1,-1.8268356323242188
guided,[O-][CH-][C+]1[C+]([C+]([O-])O)[N-][C+]([C][C]CO)N1C1CCCCC1.[O-][C][c+]1[cH+][cH+][cH+][cH-][cH+]1,-0.36162829399108887
guided,COCCCNc1nc(-c2ccccc2OC)nc2ccccc12,-3.538379192352295
guided,NNCc1ccccc1,-5.2701005935668945
guided,[H]/[O+]=C(/CCC[C-](C)C)CC(=O)O,-2.720296859741211
guided,[O][C](NC1[CH+][N]NC1[C]([O])N[N][CH][C]1[CH][C](N([O-])[O-])[CH][CH][C]1O)[C]1[CH][CH][CH]O1,-0.54819256067276
guided,CCCCN(NC(=O)Nc1ccc(CC#N)cc1)c1ccccc1,-2.7349395751953125
guided,O=C(NCC1CCN(Cc2ccccc2)CC1)c1ccccc1O,-3.6182479858398438
guided,COCCCNc1ncnc2c1oc1ccccc12,-2.6792290210723877
guided,COC(=O)c1nc(NC(=O)c2ccc(OC)c(OC)c2)n[nH]1,-0.3101772665977478
guided,COc1ccccc1[C@H](C#N)c1nc2ccccc2n2c(C)nnc12,-1.5969829559326172
guided,CN(C=O)C1=NC[C@@H](CSCC(=O)Nc2cc(-c3cccs3)[nH]n2)O1,-0.36421117186546326
guided,C/C=[N+]1\C2=C=CC=CC2=C\C1=C\C=C(/[O-])Nc1cc(C(C)(C)C)on1,-2.6116623878479004
guided,CCOC(=O)N/N=C/c1cn(-c2ccccc2)nc1-c1ccc(OC)cc1,-1.7125968933105469
guided,COc1cc2c(C)cc(=O)oc2cc1OC(=O)c1cc(OC)c(OC)c(OC)c1,-1.0116685628890991
guided,COc1ccc(C(=O)C2CCN(S(=O)(=O)c3c(C)noc3C)CC2)c2ccccc12,-1.3019014596939087
guided,CCOC(=O)[C@@H]1CCCN(C(=O)CNC(=O)c2cccs2)C1,-1.1123777627944946
guided,Cc1nn(-c2ccccc2O)c2c1[C@@H](c1ccc(Cl)cc1)n1nnnc1N2,-0.9875624775886536
guided,CC(C)[C@@H](O)[C@@H](CCCN1C(=O)O[C@](CC(=O)O)(C(C)(C)C)[C@@H]1c1ccc(C(F)(F)F)cc1)CCC(=O)O,-3.2405271530151367
guided,O=C(c1ccccc1)c1ccc(C(=O)c2ccc(NC(=O)[C@@H]3CCCCN3)cc2)cc1,-2.3114678859710693
guided,COC(=O)NC1CCN(c2ncc(C(F)(F)F)cc2Cl)CC1,-3.5055503845214844
guided,COCCCNS(=O)(=O)c1ccc(-n2cnnn2)cc1,-0.357258677482605
guided,O=C(C1CC1)N1CCN(S(=O)(=O)c2ccc(Cl)cc2)CC1,-2.6616556644439697
guided,COc1cccc2[nH]c(C(=O)NC[C@H]3CCCO3)cc12,-2.130779266357422
guided,CCC(=O)N[C@@H](NC(=O)c1ccccc1)c1ccccc1,-2.8291287422180176
guided,C[C@H]1CN(C(=O)C(C)(C)C)c2ccccc2O1,-6.966766357421875
guided,CO[C@H]1CC[C@H](NC(=O)Cn2cc(C(C)=O)c3ccccc32)CC1,-2.677743673324585
guided,CO[C-]1[N-][C+]([C][C][c+]2[cH+][cH+][cH+][cH-][c+]2O[c-]2[cH+][cH-][cH+][cH-][cH+]2)[C+]2CCCC[C-]2[N-]1.[H+].[H+],-7.3441386222839355
guided,CC(C)OCCOc1ccccc1CN1CCN(C)CC1,-7.542327880859375
guided,COc1cccc(-c2nnc3n2N=C(c2ccc(OC)c(OC)c2)CS3)c1,-1.9997632503509521
guided,CCOc1ccc(CN(C)C(=O)[c-]2cc3cc4ccccc4nc3cc2=O)cc1.[H+],-3.5898983478546143
guided,COc1cccc(CN2CCC(n3nccc3NC(=O)C3CCCC3)CC2)c1,-3.342133045196533
guided,CCNC(=S)N/N=C/c1ccco1,-3.606097459793091
guided,CCO[C][CH+][CH-][CH+][C-]([O-])[C+]1[CH+][CH-][C+](N[C-]([O-])[C+]2[CH+][CH-][CH+]O2)[CH-][CH+]1,-1.2119230031967163
guided,CCCNC[C@H]1COc2ccccc2O1,-6.467375755310059
guided,Cc1ccc(OCc2ccc(C)c(S(=O)(=O)N(C)C)c2)cc1,-4.430168151855469
guided,COc1ccc(Nc2nc(CN3CCOCC3)nc3scc(-c4ccccc4)c23)cc1OC,-3.336867570877075
guided,COc1cc(C)c(CNc2cc(C)cc(C)c2)cc1C,-9.62617015838623
guided,CCCNC(=S)Nc1ccc(C)c([N+](=O)[O-])c1,-2.1069695949554443
guided,CC(C)c1csc(CN(Cc2ccccc2)Cc2nc3ccccc3c(=O)[nH]2)n1,-3.7732865810394287
guided,COC[CH-]Cn1[c+](N)[cH-][c+]([O-])n(C[c+]2[cH-][cH+][cH-][cH+][cH-]2)[c+]1[O-],-0.3927205801010132
guided,CCn1nc(C(=O)Nc2ccc3oc(=O)ccc3c2)c2ccccc2c1=O,-0.6640844345092773
guided,CCO[C-]([O-])[C][C+](C)N[C+]([O-])[C+]1[CH+][CH-][CH+][c-]2[cH+][cH-][cH+][cH-][c+]21,-1.6784991025924683
guided,Cc1cc(C(=O)COC(=O)Cc2ccc(=O)[nH]n2)c(C)n1CCc1ccc(F)cc1,-0.6359843611717224
guided,CC[C@](C)(NC(=O)[C@@H]1CCCN(c2ncnc3c2nc2n3CCCCC2)C1)C(=O)O,-0.5231920480728149
guided,CN(CCOCCOc1ccccc1Cl)Cc1ccco1,-6.309842586517334
guided,CCOc1ccc(N(CC(=O)NCCCc2ccccc2)S(=O)(=O)c2c(C)noc2C)cc1,-1.1018702983856201
guided,Cn1nnc(NC(=S)NC(=O)c2ccc(-c3ccc(Cl)cc3)o2)n1,-0.5142681002616882
guided,COCCSc1c(/C=N/Nc2ccccc2)occc1=O,-2.332768201828003
guided,CN(CC(=O)NCC(=O)O)Cc1ccccc1,-1.477487325668335
guided,COc1ccccc1/C=C\C=N\NC(N)=O,-1.0157160758972168
guided,NS(=O)(=O)c1c[c-]c(C(=O)N(C#[O+])/N=C(\c2ccccc2)C2CC2)cc1,-0.36062726378440857
guided,CN(C1=C(N2CCOCC2)C(=O)c2ccccc2C1=O)c1ccccc1,-3.764547348022461
guided,CC[C@H](O)c1n[nH]c(=S)n1-c1ccccc1,-3.2952637672424316
guided,CCn1c(CN2CCN(c3ccccc3)CC2)nc2c1c(=O)[nH]c(=O)n2C,-0.7710439562797546
guided,CCO[C@@](Cn1ccnc1)(NC(=O)Cc1cccs1)C(=O)CC,-1.314282774925232
guided,CCCCCO[C]1[CH][CH][C]([C+]2[C](C)[N]O[C]2C)[CH][C]1N([O-])[O-],-1.4392163753509521
guided,CCNC(=O)c1ccccc1NC(=O)c1sc2[nH]c(C)nc(=O)c2c1C,-0.605122447013855
guided,COc1ccc(N2CCN(C(=O)Cc3cc(C)ccc3OC)CC2)c(OC)c1,-3.683725118637085
guided,CCn1cc(C(=O)N2CCN(c3cc(OC)ccc3OC)CC2)c2cc(OC)c(OC)cc2c1=O,-1.135801076889038
guided,NOCCNc1cc(CSCc2cccc(F)c2)nc(CCCO)n1,-0.5897666811943054
guided,C[C@@H]1C[C@H](CC(=O)Nc2ccc(Cl)cc2)C(=O)O1,-3.157278537750244
guided,N[P@](=O)(OCCCCc1ccccc1)Oc1ccc(Cl)cc1,-3.9621381759643555
guided,Cc1nc2cc(-c3cccs3)nn2c(C)c1Cc1cccs1,-8.143768310546875
guided,CO[C]1[CH][CH][C]2[C](CCC[C+]2[N][C]2[CH][CH][C]3OCCO[C]3[CH]2)[C]1N([O-])[O-],-0.8068446516990662
guided,CC1C[C][C+]([C-]([O-])[CH+][CH+][C-]([O-])O)CC1,-1.955274224281311
guided,C[C@@H]1CN(Cc2nc3c(c(=O)n(C)c(=O)n3C)n2Cc2cccc(Cl)c2)C[C@H](C)O1,-1.1731855869293213
guided,Cc1cc(C)c(S(=O)(=O)N2CCc3c([nH]c4ccccc34)C2)c(C)c1,-4.038620471954346
guided,COc1ccc([C@H](C(=O)NC2CCCCC2)N(C(=O)CSc2nnc(C)s2)c2ccc(C)cc2)cc1,-3.0755929946899414
guided,Cc1ccc(S(=O)(=O)NCc2cc(=O)n(C)c(=O)n2C)cc1C,-0.451339989900589
guided,COCCCNC(=O)C1CCN(C(=O)c2ccc([N+](=O)[O-])o2)CC1,-0.3785150647163391
guided,C[C-]([O-])C([S-])[C+]([O-])N(C)C.[H+].[H+].[H+].[H+].[H+].[H+].[H+].[O-][CH+]CC[C+]([O-])[OH+][CH+]C[CH-]O,-0.4692293107509613
guided,O=c1c2cc(Br)ccc2nc(SCCc2ccccc2)n1Cc1ccco1,-5.737844467163086
guided,O=C(CSc1nnnn1-c1ccccc1)OCc1ccccc1,-1.7073755264282227
guided,CCN(CC(=O)NCCc1ccc(OC)cc1)CC(=O)Nc1ccc(F)cc1,-1.5712153911590576
guided,CCC(=O)Nc1ccc(N)c(C(=O)c2ccccc2)c1C#N,-0.6444841027259827
guided,CC(C)C(=O)c1cn(Cc2ccccc2C#N)c2ccccc12,-5.355335712432861
guided,C[CH-]CCN(C[C+]([O-])N[C+]([NH-])[O-])CC(O)CO[c+]1[cH-][cH+][c-](Br)[cH+][cH-]1,-0.3293253779411316
guided,COCCn1c(SCC(=O)N2CCC3(CC2)OCCO3)nnc1-c1ccccc1,-1.0016112327575684
guided,CCc1nc(S[C@@H](C)C(=O)NC2CCCC2)n[nH]1,-1.585572361946106
guided,Nc1cccc(C(=O)NCCC[C@@H](c2cccs2)N2CCCCC2)c1,-3.603693723678589
guided,CCOc1ccc(-c2c#cc#cc2C=[N+]2CCCCCCC2)[c-]c1O.C[C-]=O.[H+].[H+].[H+].[O-]/C=C/[C-]=N\O,-1.1281496286392212
guided,COc1cccc([C@H](C(=O)NC2CCCCC2)N(CCC(=O)O)C(=O)Cn2nnc3ccccc32)c1OC,-0.7228009700775146
guided,COCCOCCCN(Cc1ccccc1)C(=O)c1sccc1-n1cccc1,-5.5068230628967285
guided,Nn1c(=O)c2ccccc2n2c(SCC(=O)OCc3ccccc3)nnc12,-0.2970413565635681
guided,COc1ccccc1N1CCN(CCCOc2ccccc2)CC1,-7.912866592407227
guided,CC1=C(C(=O)O)c2ccccc2/C1=C/c1ccc([C@H](C)C(=O)O)cc1,-2.4816701412200928
guided,CCOC(=O)n1c(C#N)c(-c2ccc(OC)cc2)[nH]c1=S,-1.3625922203063965
guided,COCCN1CN=C(Nc2nc3ccccc3o2)NC1,-1.0551278591156006
guided,CN([C][O-])C1CCCCC1.[CH][N+][C]1[C][N][N][N+]1[C]1[CH][CH][CH][CH][CH]1,-1.3408703804016113
guided,N#C/C(=C(/O)COc1ccccc1)c1nc2ccccc2[nH]1,-1.4270179271697998
guided,COc1ccc(OCC(=O)OCC(=O)NCCN(C)C)cc1,-0.9100046753883362
guided,C/C(C[C@H](c1ccc(F)cc1)[C@H]1CC(C)(C)OC1=O)=N\NC(N)=S,-1.4878835678100586
guided,CCC(=O)N1CCN(C(=O)CCc2nnc(CCCCCCCCCc3ccccc3)o2)CC1,-2.5054707527160645
guided,COc1ccc(OC)c(Nc2nc3ccccc3c(=O)[nH]2)c1,-1.2536656856536865
guided,CC(/C=N/NC(=O)Cn1cnc2c1c(=O)n(C)c(=O)n2C)=C\c1ccccc1,-0.26903486251831055
guided,CO/[C-]=C/c1ccncc1C#[N+]c1cccc(F)c1,-7.966709136962891
guided,CCc1cc(OC)c(CCC(=O)OCC(=O)O)cc1C,-1.4434462785720825
guided,CC(=O)N[C@H](Sc1cccc2ccccc12)c1cccc(C)c1,-8.614957809448242
guided,CCNC(=O)C/C(C)=N/NC(=O)COc1cccc(C)c1,-0.8547523021697998
guided,Cc1cccc2c1c(NC(C)C)nn2CCC(=O)O,-2.0432827472686768
guided,COc1ccccc1CCNC(=O)[C@H]1CCCN(C2=NC(=O)[C@H](C)S2)C1,-1.5123484134674072
guided,COc1ccc(NC(=S)N2CCC(Cc3ccccc3)CC2)cc1OC,-7.152508735656738
guided,c1ccc(N2CCN(CCn3cnc4ccccc43)CC2)cc1,-7.815662860870361
guided,CC(C)N(CCO)Cc1ccc2ccccc2c1,-8.14352035522461
guided,CCCCCC(=O)Nc1c(/C=C2\C(=O)NC(=O)N(C)C2=O)ccc2ccccc12,-1.0490808486938477
guided,Cc1ccc2nc(/C=C/c3ccccc3)c(/C=C/c3ccco3)n2c1,-8.928251266479492
guided,Cn1nc(C(C)(C)C)cc1NC(=O)Nc1cccc2ccccc12,-3.908010244369507
guided,Cc1ccc(C)c(NC(=O)CSc2cn[nH]n2)c1,-1.563506841659546
guided,COc1cc(/C=C/C(=O)N2CCN(Cc3ccccc3)CC2)cc(OC)c1OC,-3.739039659500122
guided,COc1ccccc1Oc1nc(N2CCOCC2)nc(N2CCOCC2)n1,-0.6893018484115601
guided,[CH2+]CCCCN(CC)CCN[C-]([O-])Cn1[cH+][cH+][c-]2[cH+][cH-][cH+][cH-][c+]2[c-]1[O-],-1.763745665550232
guided,CCC(=O)Nc1nc2cc3c(cc2s1)OCCO3,-2.498680830001831
guided,CN(CCc1ccccc1)C[C@H]1C[C@@H](O)[C@H](O)[C@@H](COC(=O)c2ccccc2Nc2ccccc2)O1,-1.2056976556777954
guided,[H]/N=C(\C)NCc1ccc2c(c1)OCO2,-3.0586657524108887
guided,O=C(/C=C/Nc1ccc(F)cc1F)c1cccs1,-7.621286392211914
guided,CCON1C(=O)N[C@](c2ccc(OC)cc2)(C2CCCCC2)C1=O,-2.1004621982574463
guided,C[c-]1[cH+][cH-][c+]([C-]2CC3CCCC(CN)(C2)C3)[cH-][cH+]1,-8.263672828674316
guided,Cc1ccccc1N1C(=O)Nc2ccc(Br)cc2[C@@]1(O)C(=O)NC1CCCC1,-1.8259259462356567
guided,N#Cc1ccc(-c2cccnc2)c(-c2ccc([N+](=O)[O-])cc2C#N)n1,-1.0310770273208618
guided,C[CH-]NN1CC[c+]2[cH-][cH+][cH-][cH+][c-]2C1C[C+]([O-])OC[c+]1[cH-][cH+][cH-][cH+][cH-]1,-4.118304252624512
guided,Cc1c(CCCN)c2ccccc2n1Cc1ccccc1,-7.266686916351318
guided,[CH2-][C+]1[CH-][CH+][C+]([C-]([O-])NCC[c+]2[cH-][cH+][c-](OCC)[c+](OCC)[cH-]2)O1,-2.1714210510253906
guided,O=C(C1CC1)N1CCCN(Cc2cn[nH]c2-c2ccccc2)CC1,-3.439680814743042
guided,COc1ccc2nc(SCC(=O)N3CCCC3)c(C)cc2c1,-5.0520405769348145
guided,O=C(O)CCC(=O)N1CCc2ccccc2C1,-2.6452066898345947
guided,Cn1c(NC(=O)c2c(F)cccc2Cl)cc(=O)n(C)c1=O,-1.2384496927261353
guided,Nc1ccccc1N1CCOCC1,-5.085860252380371
guided,Cc1ccc(/C=C2\C(=O)NC(=S)N(Cc3ccco3)C2=O)cc1,-2.292320728302002
guided,CCOc1ccc([C@@]2(N3CCCCC3)C=C(N)SC(N)=C2C#N)cc1OCC,-1.0729060173034668
guided,CCC[C-]1CN(C)C[C+]([O-])N(C[c+]2[cH-][cH+][cH-][cH+][c-]2F)C1,-6.628103256225586
guided,CCS(=O)(=O)c1ncc(Cl)c(C(=O)NC2CCCCC2)n1,-0.6537637114524841
guided,Cc1ccc(C)c(N2CCN(C(=O)CN(CCc3ccccc3)S(C)(=O)=O)CC2)c1,-2.4606733322143555
guided,CC(=O)N1CCN(CC(C)(C)NS(=O)(=O)c2ccc(F)cc2)CC1,-1.4947235584259033
guided,[O][C](N[C]1[CH][C](S[C+]2[N][CH][CH][C]3[CH][CH][CH][CH][C]32)[CH][C](N([O-])[O-])[CH]1)[C]1[CH][CH][CH]S1,-1.10390043258667
guided,COc1ccc(-c2nc3c(n2Cc2ccc(F)cc2)CCCC3)c(C)c1C,-9.168453216552734
guided,[O-]N([O-])[C+]1[CH+][C-]2OCCO[C+]2[CH-][C+]1NC[CH-]C(CC[c+]1[cH-][cH+][c-](F)[cH+][cH-]1)N[c+]1[cH-][cH+][cH-][cH+][n-]1,-0.9012205004692078
guided,Cc1nnc(Nc2ccccc2NC/C=N\c2ccccc2C)s1,-3.798285961151123
guided,CN(C)S(=O)(=O)c1ccc(C(=O)N2CCC[C@@H]2c2nc3ccccc3s2)cc1,-2.117504119873047
guided,COCc1cc(=O)[nH]c(Nc2nc(C)cc(C)n2)n1,-0.4140262007713318
guided,COc1ccc(C)cc1Nc1cc(-c2ccc(OC)c(OC)c2)nc2nc(C)nn12,-1.8249661922454834
guided,[H]/N=C1/C(CN(C)C[CH-]CC)=CC=C[C+]1COC,-5.720118999481201
guided,C[C]1[CH][CH][C](C)[C+](OCCNS([O])([O])[C]2[CH][C](N([O-])[O-])[CH][CH][C]2C)[CH]1,-1.0171016454696655
guided,COc1ccc(NC(=O)CN2CCOCC2)cc1OCC(C)C,-2.375792980194092
guided,CC(=O)c1ccc(S(=O)(=O)Nc2ccc(OC(F)(F)F)cc2)cc1,-2.0927577018737793
guided,CCOc1cccc(-c2nnc3n2N=C(c2cc(OC)c(OC)c(OC)c2)CS3)c1,-1.6896432638168335
guided,[CH2+]N1[CH-]N(CCC)C[N-][C+]1N[C][N-]C(C)(C)C,-4.310173988342285
guided,CCCCCC1[CH-][C+](C)C2CCC[OH+]C1(CC)C2O,-6.96835994720459
guided,COc1ccc(N2CCN(C(=O)Cn3c(=O)[nH]c4ccccc4c3=O)CC2)cc1,-0.415484219789505
guided,CN(C)CCCN(c1cccc2ccccc12)c1nc2ccccc2n1C,-9.170539855957031
guided,Cc1nnnn1/C(=C\c1ccccc1)C(=O)OCC(=O)NCc1cccs1,-0.3636130690574646
guided,[O-]CO[c+]1[n-][c+](-[c+]2[cH-][c+]3[cH-][cH+][cH-][cH+][c-]3n2[N-][CH+][c+]2[cH-][cH+][cH-]o2)[cH-]s1,-1.4063719511032104
guided,C[C-]1[N-][S+]2[C+]([C+]([O-])OC[c+]3[cH-][cH+][cH-][cH+][c-]32)[C-]1[C+]([O-])[c+]1[cH-][cH+][cH-][nH]1,-0.6109737157821655
guided,N#CN/C(=N/c1ccccc1)SCCc1ccncc1,-2.731520891189575
guided,NC(=O)CCC(=O)NNS(=O)(=O)c1ccc([N+](=O)[O-])cc1,-0.4167019724845886
guided,O=[N+]([O-])c1ccc(SC2CCCCC2)nc1,-3.557652473449707
guided,CCCN1C[CH-]N(C[C+]([O-])N[c+]2[n-][c+]3[cH-][cH+][cH-][cH+][c-]3n2C(C)[c+]2[cH-][cH+][c-](C)[cH+][cH-]2)CC1,-2.8142144680023193
guided,CC[C@@H](Oc1cc(Cl)ccc1Cl)C(=O)Nc1ccc(C(=O)O)cc1,-2.5536651611328125
guided,COc1ccc(/C=C/c2ccc(C)o2)c(N(C(=O)c2cccs2)C2C=COC=C2)c1,-6.125159740447998
guided,CCOc1ccc(-c2[nH]ncc2CC(=O)NC(C)C)c(OCC)c1,-1.4602450132369995
guided,Cc1cc(OCC(=O)N2CCC[C@H]2C(=O)O)c2c(C)cc(=O)oc2c1,-0.40973979234695435
guided,O=C(Oc1cc(=O)oc2ccccc12)c1ccc([N+](=O)[O-])cc1[N+](=O)[O-],-0.6930753588676453
guided,O=C(C[C@]1(O)C(=O)N(CCc2ccccc2)c2ccccc21)c1cccc(Br)c1,-4.0706586837768555
guided,CN(C(=O)COC(=O)c1cc(Br)c(Br)s1)[C@H]1CCCO1,-3.3650057315826416
guided,COc1cccc(CNc2ncn[nH]2)c1OCc1ccccc1F,-1.8216084241867065
guided,COc1ccccc1OCCOc1cccc(-c2ccc(NC(C)=O)c(C)c2)c1,-4.6247148513793945
guided,C=[N+]1C(=O)NC([O-])=CC1=[N+]=C=C([N+]#S([O-])([O-])c1ccccc1)Nc1nc2ccc(C)cc2s1,-0.39218005537986755
guided,COC(=O)[C@@](O)(c1ccc(NC(=S)NC(=O)c2cccs2)c(C)c1)C(F)(F)F,-1.0702531337738037
guided,COCCN[C-]([S-])N[c+]1[cH-][cH+][cH-][cH+][c-]1[C+]([O-])N1CN(C2CCCCC2)C[C+]1[O-].[H+],-0.5842547416687012
guided,[CH2+][O+]([C+]1[C-](C)[CH+][CH-]C2[C]C12)[C-]([C-]([C][N-2])[C][N-2])N1CCCC1,-4.175034999847412
guided,C[c-]1[cH+][cH-][c+]([N-][N-][c+]2[c+]3[n-][cH+][cH-][n-][c+]3[cH+][c-]2N([O-])[O-])[cH-][cH+]1,-1.2489134073257446
guided,[CH2+]CCCC[CH-]CCSCC(=O)Nc1ccccc1C(=O)N1CCOCC1,-3.4625048637390137
guided,CCOc1ccc(CN(CC)C(=O)c2ccco2)cc1Cn1ccnc1C,-3.240501880645752
guided,Cc1ccc(NC(=O)NC(=O)c2ccc(F)c(S(=O)(=O)N3CCOCC3)c2)cc1,-0.4552597403526306
guided,NNC(=O)C(=O)N1CCc2ccccc2[C@H]1Cc1cccc2ccccc12,-1.3042163848876953
guided,CCOc1ccc(C(=O)CCC(=O)NCCC(=O)O)cc1C,-0.5290868878364563
guided,COc1cc(Cc2nnc(CN(CCc3ccc(F)cc3)C(=O)c3cccc(C(F)(F)F)c3)o2)c(NC(=O)C(C)C)c(N)n1,-2.5399277210235596
guided,CCN(CCO)c1ccc(NC(=O)c2ccc3c(C)cc(=O)oc3c2)cn1,-0.5644069314002991
guided,Cc1nn(-c2ccccc2)c(C)c1/C=C/C(=O)OCC(=O)N1CCc2ccccc21,-2.7084286212921143
guided,COc1ccc(N2CCN(Cc3nnc(-c4ccc(F)cc4)o3)CC2)cc1,-3.3986754417419434
guided,[H]/N=C\c1cn(-c2ccccc2)nc1-c1cccnc1,-3.3251326084136963
guided,CN(Cc1cccc2ccccc12)C[C@@H](O)CN(Cc1ccccc1)C(c1ccccc1)c1ccccc1,-11.416061401367188
guided,COc1ccc(-c2[nH]ncc2CN2CCSCC2)c(OC)c1,-3.6752724647521973
guided,Cc1cc(C)c(C)c(C(=O)COC(=O)CN2CCCc3ccccc32)c1C,-5.0526204109191895
guided,O=S(=O)(NC1(CC[C@](O)(c2ccc(C(F)(F)F)cc2)C(F)(F)F)CCCC1)c1ccccc1,-4.295292854309082
guided,N[C@H](C[C@H](O)C(=O)O)C(=O)O,-0.6628069877624512
guided,CN(C)C(=O)CN1CCN([C@H]2CC(=O)N(c3[c-]c(Cl)c(F)cc3)C2=O)CC1.[H+],-1.9920356273651123
guided,CCCC(=O)Nc1nnc(SCC(=O)NCc2ccco2)s1,-0.5186912417411804
guided,C[CH+][N-][C+]1[CH+][CH+][C-]([N-][C+]2[CH+][CH-][CH+][CH-][C+]2[C][N-2])[CH+][C-]1NCC,-3.177485466003418
guided,CCOC(=O)c1[nH]c2c(c1C)C(=O)C[C@@H](c1ccc(Oc3ccc(F)cc3)cc1)C2,-3.8968327045440674
guided,O=C(C/[S+]=c1/ccccn1[O-])N/N=C/c1ccc(Cl)cc1,-1.6709614992141724
guided,CCO[c-]1[cH+][cH-][c+]([N-][N-][C+]2[CH+][CH-][c+]3[n-][cH+][cH+][n-][c-]3[CH+]2)[c-]([CH-][C][C][NH-])[cH+]1.[H+],-1.7542943954467773
guided,COCCN1C(=O)c2oc3ccccc3c(=O)c2[C@@H]1c1ccc(C(=O)OC)cc1,-0.8651352524757385
guided,CCCC(=O)Nc1ccc(OC(C)=O)cc1C(=O)O,-0.5487270355224609
guided,C[C@@H](CN1CCOc2ccccc21)NC(=O)CCc1ccc2ccccc2c1,-5.750997066497803
guided,CN(C)S(=O)(=O)c1cccc(NC(=S)NCCc2ccccn2)c1,-1.1998920440673828
guided,CC(=O)O[C@H]1CCCN(C(=O)[C@@H]2CC(=O)N(c3ccc(F)cc3)C2)C1,-1.8373236656188965
guided,S=C(NCCN1CCCCC1)Nc1ccc(Cl)cc1,-7.55284309387207
guided,NS(=O)(=O)c1ccc(CCNC(=O)C2CCN(C(=O)C3CCCC3)CC2)cc1,-0.4159592092037201
guided,CC(=O)Nc1nonc1NC(C)=O,-0.4472840428352356
guided,CN(CCN1CCOCC1)Cc1nc(Cc2ccccc2F)no1,-2.892885446548462
guided,CC(=O)NNN,-2.027024269104004
guided,Cc1ccc(N[C@@H]2CCCN(C(=O)c3snnc3C)C2)cc1C,-3.1243014335632324
guided,COc1ccc([N+]#Cc2ccccc2[S@](=N)(=O)[O-])cc1F,-1.653374195098877
guided,Cc1nc(C)n(C(=O)c2ccc3ccccc3c2)n1,-4.072500705718994
guided,C=CCCOc1cccc(/C=N/NC(=O)Cc2cccn2C)c1,-3.050640821456909
guided,COCCN(COC)c1nc(C)nc2c1nnn2Cc1ccccc1,-0.920056939125061
guided,C[C@H](NC(=O)C1CCN(S(=O)(=O)c2cccs2)CC1)C(=O)NC1CCCCC1,-0.5700826644897461
guided,CC1CCCN([C]2[CH][CH][C]([C+]([O])N3CCN([C]4[CH][CH][C](F)[CH][CH]4)CC3)[CH][C]2N([O-])[O-])C1,-1.4499107599258423
guided,Cc1cc(/C=N/n2cnnc2)c(C)n1-c1c(C)n(C)n(-c2ccccc2)c1=O,-1.3323700428009033
guided,CCn1c(=O)c(-c2nccc3cc(OC)c(OC)cc23)cc2cccnc21,-2.4936492443084717
guided,C[C@@H](NC(=O)Nc1nnc(C2CC2)o1)c1ccccc1,-1.2390689849853516
guided,Cn1c2ccccc2c2ncn(CCN3CCCCC3)c(=O)c21,-4.537747383117676
guided,O=C(CCC(=O)N1CCN(c2ccccc2)CC1)N1CCN(CCc2ccccn2)CC1,-2.359048366546631
guided,CN1CCN(/N=C/c2ccc3c(c2)Cc2ccccc2-3)CC1,-8.91865348815918
guided,N[C-]1[N-]C([C+]2[CH+][CH-][CH+][CH-][C+]2C(F)(F)F)[N-][C+]1N1CCN([C-]([O-])[C+]2[CH+][CH-][CH+]O2)C1.[H+],-0.5830599665641785
guided,CN1CCC(=O)N([C@H](CC(=O)Nc2ccccc2C(F)(F)F)c2ccc(F)cc2)CC1,-4.2386956214904785
guided,O=[N+]([O-])c1cc(-c2ccc(Cl)nn2)ccc1N1CCN(c2ccccn2)CC1,-1.1658493280410767
guided,COc1cc(C(=O)CSc2ccccn2)ccc1F,-5.497381687164307
guided,CCOc1cc(CN[C@@H](CC)CO)cc(Cl)c1OCC(=O)N1CCCc2ccccc21,-2.428286075592041
guided,O=Cc1ccc(OCc2ccc(C(=O)O)cc2)c(Cl)c1,-2.7259936332702637
guided,COc1ccc(C2(C(=O)Nc3cccnc3)CCOCC2)cc1,-2.5669353008270264
guided,COc1cccc2c(=O)n(CC(=O)N3CCN(C4CCCCC4)CC3)ccc12,-3.0986342430114746
guided,CCCC[C@@]1(CC(=O)O)C(=O)N(c2ccc(OC)cc2)N(c2cccc(Br)c2)C1=O,-1.9322617053985596
guided,CCCC[C@H]1CN(C)[C@@H](C(=O)N[C@H](C)c2ccccc2)[C@@H]1C(=O)Nc1ccccn1,-1.9333466291427612
guided,CCOC(=O)c1c(C)n(Cc2ccccc2)c2ccc(O)cc12,-4.235811710357666
guided,Cc1noc(C)c1COc1ccc(C2=NC(N)=C(C(=O)c3ccc(F)cc3)C2)cc1,-1.697821855545044
guided,CC(=O)c1ccc(OCCOc2ccccc2/C=N/NC(=O)c2ccccc2)cc1,-2.1323206424713135
guided,CN[C][C+]([CH-][CH+]CN(C[C+]1[CH+][CH-][CH+][c-]2[cH+][cH-][cH+][cH-][c+]21)[C-]([S-])N[c+]1[cH-][cH+][cH-][cH+][cH-]1)[C-](O)[C+]([O-])O.[H+],-0.681463897228241
guided,O=C(OCC(=O)c1ccc(C2CC2)cc1)C1=C2C(c3cccc4ccccc34)=CC3([O-])[O+]4C(C=C1)C243,-2.712066650390625
guided,COC(=O)CN1CCN(C(c2ccccc2)c2ccccc2)CC1,-6.235087871551514
guided,CCCCNC1=CC(=O)CC(C)(C)C1,-7.120911121368408
guided,N/C(=N\C(=O)CCC(=O)O)Nc1ccccc1C(F)(F)F,-0.47508424520492554
guided,CCOC(=O)c1c(NC(=O)CSc2nnnn2-c2ccccc2)sc2c1CC(C)(C)NC2(C)C,-1.2473589181900024
guided,O=C(NCCc1ccccn1)C1CCN(S(=O)(=O)c2ccccc2)CC1,-0.8760610222816467
guided,C[C]1[CH][CH][C]([C]([O])N[N][C](C)[C+]2[CH][CH][CH][N][CH]2)[CH][C]1N([O-])[O-],-0.5606542229652405
guided,CC[C@@]1(c2ccc(C(C)C)cc2)NC(=O)N(CC(=O)Nc2cc(C)on2)C1=O,-0.7535838484764099
guided,Cc1ccc(S(=O)(=O)NC2=NCN(C)CN2)cc1,-1.2246342897415161
guided,COc1ccc(CCNC(=O)CN2C(=O)COc3ccc(S(=O)(=O)N4CCOCC4)cc32)cc1OC,-0.29230746626853943
guided,Cc1cc(C)nc(NC(=O)c2cncc(Br)c2)c1,-3.4430501461029053
guided,COc1ccc(/N=C\c2ccc(-c3ccccc3)o2)cc1,-7.281205654144287
guided,COc1ccc(-c2nnnn2Cc2cc3ccccc3n2C)cc1,-2.898883819580078
guided,CNC(=O)C#Cc1ccc(C(=O)NC2CCCCCCC2)cc1,-2.89853835105896
guided,CCCc1ccc(OCc2cccc3ccccc23)cc1,-12.970848083496094
guided,CNCCNCC/C=C/c1ccccc1,-7.690131187438965
guided,COc1cccc(NS(=O)(=O)c2ccc3c(c2)NC(=O)[C@@H](C)N3C(=O)C2CC2)c1,-0.5529960989952087
guided,CCC(=O)N1c2ccccc2[NH+]=C=C(C(=O)c2cc(F)ccc2F)[C@H]1c1cc([O-])n(CC)c(=O)c1,-0.3964180052280426
guided,Cn1[c+]([O-])n(-[c+]2[cH-][cH+][c-](F)[cH+][cH-]2)[c+]([O-])[c+](C2CCCC2)[c-]1[O-],-0.9207728505134583
guided,Cc1cc(C)c(S(=O)(=O)NCc2cc3ccccc3[nH]c2=O)c(C)c1,-1.2945160865783691
guided,CCCC[C@H](C)N1CCC[C@@H](CNC(=O)C[C@H]2Oc3ccc(C)cc3NC2=O)C1,-2.1698641777038574
guided,CCCCCOC(=O)c1oc2nc(C)cc(C)c2c1N,-1.6202549934387207
guided,CCOc1ccccc1NC(=O)CN1CC[C-](n2nnc3cc(C(F)(F)F)ccc32)CC1.[H+],-2.348576545715332
guided,Cc1ccccc1Cn1cc(CC(=O)N(C)CCN2CCOCC2)c2ccccc21,-5.739535808563232
guided,CCCCC(=O)NNC(=S)NCc1ccco1,-1.834989309310913
guided,Nc1nc(SCCO)[nH]c(=O)c1-c1ccc(F)cc1,-0.45964479446411133
guided,COc1ccc([C@H](C(=O)c2cccs2)c2c(OC)ccc3ccccc23)c(OC)c1,-7.075568199157715
guided,C/C(=N\NC(=O)c1c(Cl)c(C)nn1C)c1ccc(C)cc1O,-1.1963979005813599
guided,Cc1cc(-c2ccccc2)nc2nc(Nc3ccccc3)nn12,-3.7721433639526367
guided,CCOc1ccc(Br)cc1-c1nc(C=O)cn1C,-4.74354887008667
guided,COCCN1C(=O)c2ccccc2[C@@H](C(=O)N2C[C@H](C)OC2(C)C)[C@@H]1c1ccc(OC)c(OC)c1,-1.7619078159332275
guided,Cc1cc(C)n(-c2nc(NCCN(C)C)c3c4c(sc3n2)COC(C)(C)C4)n1,-2.229691982269287
guided,COc1ccccc1/C=C/C=N/Nc1ccc([N+](=O)[O-])cc1[N+](=O)[O-],-1.1670966148376465
guided,O=S(=O)(Nc1cc(S(=O)(=O)c2ccccc2)c(O)c2ccccc12)c1ccccc1,-1.552392601966858
guided,Cc1nc2c(C(=O)NCc3ccco3)cnn2c(C)c1Cc1ccc(Cl)cc1,-2.4424610137939453
guided,CCCn1c([C@@H](C)NS(=O)(=O)c2ccccc2)n[nH]c1=S,-1.0776164531707764
guided,CCOc1ccc(OCC)c2c1ccn2C,-8.123552322387695
guided,CCC[C-]([O-])[C+]1[CH+][C][C+](O[c-]2[cH+][cH-][c+]3[cH+][nH][n-][c-]3[cH+]2)[CH-][C+]1N[C-]([O-])[CH+][CH+][c-]1[cH+][cH-][cH+][cH-][cH+]1,-0.5747316479682922
guided,Fc1ccc(-c2csc(N3CCN(C(=S)NCCc4ccccn4)CC3)n2)cc1,-4.956099510192871
guided,CO[c-]1[cH+][cH-][c+](C)[cH-][c+]1[C-]([O-])[C][C+](N[C+]1[CH+][CH-][CH+][c-]2[cH+][cH-][cH+][cH-][c+]21)[c-]1[cH+][cH-][cH+][cH-][cH+]1,-5.291395664215088
guided,C[C]1[CH][CH][CH][C-][C]1[O+][CH]C[C]([O])OC[C]([O])N([C]1[CH][CH][CH][CH][CH]1)[C]1[CH][CH]C[CH][N+]1.C[C]C,-2.540428876876831
guided,CCn1c(SCc2ccc(C(F)(F)F)cc2)n[nH]c1=O,-3.8944175243377686
guided,COc1cc(N2CCOCC2)c(OC(C)C)cc1NC(=O)CN1CCCCC1,-2.338803768157959
guided,FC(F)Oc1ccc(NC(=S)NC2CCCC2)cc1,-6.754308700561523
guided,Nc1ccc(SCc2ncc(C(=O)Nc3ccc(F)cc3)n2CCCCl)cc1,-2.9481239318847656
guided,CS(=O)(=O)N(c1cccc(NC(=O)CSc2nnc(COc3ccccc3)n2Cc2ccco2)c1)C1CCCCC1,-2.5587143898010254
guided,COc1ccc(-c2noc(CCC(=O)NCCN3CCOCC3)n2)cc1,-0.36041924357414246
guided,O=C(Nc1ccc(NC(=S)NC(=O)C2CC2)cc1)c1cccc(O)c1,-0.8477436304092407
guided,O=C(COc1ccc(F)cc1)Nc1nnc(-c2ccco2)s1,-1.3762608766555786
guided,NNC(=O)c1sc2nc(N3CCOCC3)c3c(c2c1N)CCCC3,-0.32954493165016174
guided,COc1ccc(N2CCN([C@@H](CNC(=O)[C@]34C[C@H]5C[C@H](C[C@H](C5)C3)C4)c3cccnc3)CC2)cc1,-3.8166890144348145
guided,COc1cccc(OCC(=O)N(Cc2ccccc2F)c2cc(C)cc(C)c2)c1,-6.979970932006836
guided,CC(=O)N(Cc1cc2ccc(C)cc2nc1Cl)Cc1cn[nH]c1-c1ccc(F)cc1,-4.365482330322266
guided,CCOc1cc(CN2CCOCC2)ccc1OCC(=O)NCc1ccccc1,-2.551839828491211
guided,C[C-]1CC(C)CN([C+]([O-])[c+]2s[n-][c+]([C+](N)[O-])[c-]2N)C1,-0.3810410499572754
guided,CCC1[C-]([O-])N([c+]2[cH-][cH+][c-]([C+]([O-])NC[C+]([O-])OC)[cH+][cH-]2)[C+]([O-])C1C[C+]1[CH+][C-]([O-])[CH+][CH+][C-]1C,-0.39674127101898193
guided,CO[C@@H]1CCCN(Cc2cn[nH]c2-c2ccc(F)cc2)C1,-5.087369918823242
guided,CCC(=O)OCC/N=C1\NS(=O)(=O)c2ccccc21,-0.6478567719459534
guided,[CH3+].[N-2][C]N[c-]1[n-][n-]n(-[c+]2[cH+][cH+][cH+][cH-][cH+]2)[n-]1,-0.7516049146652222
guided,Cc1nc([P@](=O)(c2ccccc2)c2cccc3ccccc23)c(N2CCOCC2)o1,-3.567962646484375
guided,Cc1ccc(NC(=O)c2c(O)ccc3ccccc23)c(O)c1,-2.4297876358032227
guided,[CH][c+]1[n-][cH+][cH-][cH+][c-]1[CH+][C][c+]1[n-][c+]2[c-](n1O)CC[C+]2[N-]O,-0.5925049185752869
guided,COc1ccc(C(=O)Nc2nccs2)cc1,-3.501260757446289
guided,CC[C@H](C)N1C(=O)c2ccccc2[C@@H]1C(=O)NC1CCCCCC1,-4.55837869644165
guided,COC(CNC(=O)c1cc2c(=O)n(C)c3ccccc3c2n1C)OC,-1.0679173469543457
guided,CN(C)NC(=O)c1cc2cc(C(=O)O)ccc2n1C,-1.1102083921432495
guided,COc1ccccc1OCCC(=O)Nc1cccc(C(=O)N2CCOCC2)c1,-1.186341643333435
guided,[O][C](C[C+]1[CH][CH][CH][CH][CH]1)NN[C]([O])N[C]1[CH][CH][CH][C](N([O-])[O-])[CH]1,-0.5453060865402222
guided,COc1cccc(-c2nc3cccc(-c4cccs4)c3c(N)c2C#N)c1O,-2.0722527503967285
guided,CC(C)CN(C(=O)c1ccc(-c2ccccc2)nn1)c1nc2ccccc2s1,-4.387753009796143
guided,OCCNCCCOc1ccc(-n2ccnc2)cc1,-2.4076802730560303
guided,COc1cc(C(=O)NC(=O)NCc2ccccc2)ccc1OCc1c(C)noc1C,-1.0279452800750732
guided,Cc1cc(-n2cnnn2)ccc1Oc1cccc(C(=O)OCC(=O)Nc2ncc(C(F)(F)F)cc2Cl)c1,-1.9021835327148438
guided,COCCCN(c1ccc(F)cc1)c1nc2c(c(=O)n(C)c(=O)n2C)n1CCc1ccccc1,-1.5606040954589844
guided,Cc1cc(S(=O)(=O)NCc2cn3c(C)csc3n2)ccc1F,-2.330815315246582
guided,CCCCS(=O)(=O)NC1=NCN(Cc2cccnc2)CN1,-0.5607718229293823
guided,COc1cc(OC)c2c(CC(=O)O)coc2c1,-1.6574259996414185
guided,C[CH-]S[C+](C[C+]([O-])O)[C-](C[CH+]NC1CCCCC1)[N-]O,-1.075919270515442
guided,O=C(Nc1cccc(C(=O)Nc2cccc3c2CCCC3)c1)C1=COCCO1,-1.8150554895401
guided,CC(C)Nc1ccc([N+](=O)[O-])c(Nc2ccccc2)c1,-2.9131627082824707
guided,COc1ccc(C)cc1NC(=O)[C@@H](Sc1nnnn1C)c1ccccc1,-1.1229019165039062
guided,Fc1ccccc1/C=N/N1CCN(Cc2c[nH]c3ccccc23)CC1,-6.367424964904785
guided,NC(=O)c1cn(C(=O)CN2C(=O)c3ccccc3C2=O)cn1,-0.3101772665977478
guided,N#Cc1ccc(Oc2cc([N+](=O)[O-])cc([N+](=O)[O-])c2)cc1,-0.9564656615257263
guided,N/C(=N\OC(=O)c1sccc1N)c1ccc(C(F)(F)F)cn1,-0.5258039236068726
guided,N#CCCNCC1(c2ccccc2)CCCC1,-6.016264915466309
guided,CCN(CC)C(=O)Sc1ccccc1,-8.91008186340332
guided,O=C(CSc1nc2ccccc2s1)c1cccs1,-7.750044822692871
guided,Cc1oc2cc(CC(=O)Nc3nc4ccccc4[nH]3)ccc2c(=O)c1CCN1CCOCC1,-0.7098210453987122
guided,COc1ccc(C(=O)Cn2nnc(-c3ccccc3)n2)cc1,-1.5911521911621094
guided,CSc1ccc(NC(=O)Nc2ccc3nc(C)c(C)nc3c2)cc1,-3.2346112728118896
guided,Cc1ccc(C(=O)Nn2cnnc2)c(CN2C(=O)c3ccccc3C2=O)c1,-0.367271363735199
guided,Nc1nonc1-c1noc(N2CCCCC2)n1,-0.3921539783477783
guided,CCC(=O)N[C@@]12OC13n1c(nc(=O)c4ccccc41)C32C(=O)CC,-0.3087649941444397
guided,Cc1ccccc1NC(=O)Nc1ccccc1-n1ccnc1,-3.372793436050415
guided,O=S(=O)(O)CCN1CCOCC1,-1.842688798904419
guided,CCOc1ccc(C)cc1NC(=O)[C@H](C)Sc1nnnn1-c1cc(C)ccc1C,-1.8565897941589355
guided,CCOc1ccccc1-c1nc(N)nc(N)n1,-0.3067336082458496
guided,CCOCCCN(C(=O)CCCOc1ccccc1OC)c1ccc(OC(F)F)cc1,-4.473026752471924
guided,CCOC(=O)NNc1ccc(F)cc1,-3.6098194122314453
guided,CCCCC(=O)NNC(=S)Nc1ccc(C)cc1,-3.4169445037841797
guided,[H]/[C-]=C/c1ccccc1/C=C(\N)C(=C=[N-])C1=[N+]=[N+]=C(c2ccccc2)N1CCC,-1.3511751890182495
guided,O=[N+]([O-])c1cnc(OCc2ccccc2)cc1NCc1ccccc1,-2.1863410472869873
guided,CCC(=O)Nc1cccc(/C=N/OCCCN2CCCC2)c1,-3.3779540061950684
guided,C[N+]12[C-]3C1([O-])[NH+]=C([O-])[C-]1C4(C#[N+]C132)C1=[N+]=C14.O=[C-]NN[C-]([O-])Nc1cccc(C(F)(F)F)c1.[H+].[H+].[H+],-0.3921539783477783
guided,CO[c+]1[cH-][c+](C2C[C+]3[N-][C+]4CN(C[CH+]CCC[O-])CN4C([O-])[C+]3[C-]([O-])C2)[cH-][cH+][c-]1OC,-0.3465735912322998
guided,S[SH+][C@@H](CCN1CCOCC1)[C-]1[CH-][CH+][CH-][CH+][CH-]1.[H+],-10.08790111541748
guided,C[c-]1[c+]2[c+]([n-][c-]([S-])[c+]1C[CH+][CH-][c+]1[cH-][cH+][cH-]s1)CCCC2,-10.754961967468262
guided,COc1cc(C(C)(C)C)ccc1Oc1cc(C)nc(N2CCOCC2)n1,-3.5357797145843506
guided,O=C1OC[C@@H](C(=O)O)N=C1NNC(=O)c1ccco1,-0.3977721929550171
guided,COC(=O)C1=C(C)N(c2cccc(OC)c2)C(=O)C1,-2.8476271629333496
guided,COc1ccc(/C=N/NC(=O)c2cccnc2)cc1Oc1nc(-c2ccccc2O)nc2ccccc12,-2.181245803833008
guided,CCc1ccc(/C=C/C(=O)/C=C\c2ccccc2)c(F)c1,-10.601333618164062
guided,[CH2+]C[C@@H](CC[N-]C)N(C)C(=O)c1ccc2nc(CC)c(CC(C)C)nc2c1,-3.8214495182037354
guided,Cc1ccc(NC(=S)Nc2ccccc2C)c(Cl)c1,-9.329693794250488
guided,O=C(NC1CCCC1)c1ccc(SCCc2ccccc2)cc1,-8.265530586242676
guided,CCOc1ccc2oc(CCC(=O)O)c(C(=O)O)c2c1,-0.6515439748764038
guided,CCOc1ccc(-c2csc(NC(=O)COC(=O)CCc3cc(OC)c(OC)c(OC)c3)n2)c2ccccc12,-2.7270028591156006
guided,COCC(=O)N1CCN(c2ccccc2O)CC1,-3.082284927368164
guided,Nc1ccc(NC(=O)/C=C/c2cccc([N+](=O)[O-])c2)cc1,-0.6812750697135925
guided,Cc1cc(N(CCO)CCO)ccc1/N=N/c1cccn1C,-1.486437439918518
guided,COc1ccccc1C(=O)Nc1nc(N)n(-c2ccccc2)n1,-0.42350587248802185
guided,C[N-][C+]([O-])N([CH+][N-][C+]1S[C+]2CCCCC[C+]2[C-]1[C][N-2])C1CCCCC1,-2.9059414863586426
guided,COc1ccccc1C(=O)On1nnc2ccccc21,-1.74489426612854
guided,CCO[C@@H]1OC(C(=O)Nc2ccccc2)=C[C@H](c2coc3ccccc3c2=O)[C@H]1CCCO,-1.4736179113388062
guided,CCOc1ccccc1/C=C/C=N/c1ccccc1C(=O)Nc1ccccc1,-6.093316078186035
guided,COc1ccc2nc(-c3ccccc3)[nH]c2c1,-5.71435546875
guided,CCC(/C=N/CCCNC(=O)c1cccnc1)CC,-3.308828830718994
guided,CCOc1ccccc1CN1CCC(n2nccc2NC(=O)c2ccncc2)CC1,-2.122145891189575
guided,NN[C-]([O-])C[C+]([O-])[N-]CCNC([C+]1[CH+][CH+][CH-][CH+][CH-]1)[C+]([O-])N[c+]1[cH-][cH+][cH-][c+](C(F)(F)F)[cH-]1,-0.4046565890312195
guided,Cc1noc(C)c1S(=O)(=O)N(C)C[C@H](C(=O)N1CCN(c2ccccc2)CC1)C(C)C,-0.803744912147522
guided,COc1ccc2c(c1)[C@H](C(=O)NC1CCCCCC1)CCC2,-6.1913981437683105
guided,Cc1ccc(CN(C(=O)Cn2nnc3ccccc32)[C@@H](C(=O)NCCOC(C)C)c2ccco2)cc1,-1.1041250228881836
guided,CCOc1ccc(NC2(C#N)CCCCC2)cc1,-5.048255920410156
guided,CN1Cc2ccccc2C[C@@H]1C#N,-7.075873374938965
guided,CCC/C(O)=C(/C=N/c1cccc2ccccc12)C(=O)OCC,-4.110844612121582
guided,[O-][C+](O)CCCN1[C-]([S-])S[C+]([CH+][c-]2[cH+][cH-][c+]([C][N-][C+]3[CH+][CH-][CH+][CH-][CH+]3)o2)[C-]1[O-],-0.469332754611969
guided,COc1cc2c(cc1OC)[C@@H](C(=O)NC1CCCC1)N(C(=O)c1ccn[nH]1)CC2,-0.5052024722099304
guided,CN(C)C(C[C+]1[CH][CH][CH][CH][CH]1)[C]1[N][N][N]N1[C]1[CH][CH][CH][C](N([O-])[O-])[CH]1,-0.4900071322917938
guided,CC(=O)c1cccc(OC[C@H](O)CN2CCc3ccccc3C2)c1,-3.770782947540283
guided,O=C(C1CCCCC1)N1CCN(S(=O)(=O)c2ccc(-c3ccccc3)cc2)C1,-3.464717388153076
guided,CCN1CCN(C(=O)Nc2ccccc2[N+](=O)[O-])CC1,-0.9298359155654907
guided,CCOc1cc2c(cc1NC(=O)Cn1cnc3c1c(=O)n(C)c(=O)n3C)oc1ccccc12,-0.41612136363983154
guided,CC[C@H](C)NC(=O)C1CCN(c2nc(C)cc(C(F)(F)F)n2)CC1,-3.030808448791504
guided,CC(C)(C)c1ccc(OCC(=O)Nn2cnnc2)c(Br)c1,-1.810245394706726
guided,COc1cc(C=O)ccc1OCC(=O)N1CCCCC1,-2.8617477416992188
guided,Cc1cc(C)c2c(c1)c1ncn(CCCN(C)C)c(=O)c1n2-c1ccc(NC(=O)c2ccc(C#N)cc2)cc1,-2.269320249557495
guided,O=C(Cc1ccc(F)cc1)C1=NN(c2ccccc2)[C@@H](c2ccccc2)O1,-6.034828186035156
guided,CCOC(=O)Nn1cc(C(=O)O)c2ccccc2c1=O,-0.3569534420967102
guided,Cc1c(C(=O)N2CCCCCC2)oc2ccc(S(=O)(=O)N3CCC(C)CC3)cc12,-2.6824662685394287
guided,O=C(CCc1ccccc1)NNC(=S)NC(=O)c1cccnc1,-0.6442660689353943
guided,Cc1cccc(N2C(=O)[C@@H](C[C@@H](CC#[O+])c3ccccc3)C=C2[O-])c1,-2.5353660583496094
guided,CCN(CC)c1ccc(CN2CCC[C@@H](CCC(=O)Nc3cc4[nH]c(=O)[nH]c4cc3OC)C2)cc1,-1.6816167831420898
guided,Cc1cccc(OC[C@@H](O)Cn2ccnc2)c1,-3.8423259258270264
guided,CN(Cc1ccccc1)C(=O)Nc1cccc([C@@H]2CCCO2)c1,-5.806586265563965
guided,COc1ccc(/C=C2/Oc3ccccc3C2=O)cc1,-6.132999897003174
guided,COc1cc(NC(=O)CN(C)Cc2ccc([N+](=O)[O-])cc2)cc(OC)c1,-0.6111031174659729
guided,C[C@@H]1CCC[C@H](C)N1NC(=O)[C@]12C[C@H]3C[C@H](C[C@H](C3)C1)C2,-7.019846439361572
guided,CCOC(=O)c1cc2sccc2n1C/C=C(\C#N)c1nc2ccccc2s1,-3.585625171661377
guided,CN(C)CNC(=O)Cc1cccc2ccccc12,-6.113354682922363
guided,Cc1cccc(OCc2nc3ccccc3c(=O)n2Nc2ccc([N+](=O)[O-])cn2)c1,-0.9946094155311584
guided,Cc1ccc(-c2nnn(Cc3nc4ccccc4s3)n2)cc1,-3.311241388320923
guided,CN(CCCC(=O)NCc1ccc2c(c1)OCO2)S(=O)(=O)c1ccc(F)cc1,-0.7729797959327698
guided,COc1ccc(N[C@H](c2ccccc2)c2nnnn2Cc2ccccc2)cc1,-2.887338399887085
guided,Cc1cc(C)nc(CCNC(=O)c2cc(COc3ccccc3F)on2)n1,-0.773224413394928
guided,Cn1cnnc1SCC(=O)Nc1cccc([N+](=O)[O-])c1,-0.31656354665756226
guided,CCOCCCNCCOCCOc1ccccc1OCC,-3.8634450435638428
guided,COc1ccc(/C=C/C(=O)c2cc3c(cc2C)CCCC3=O)cc1CN1CCc2ccccc2C1,-6.893178939819336
guided,CCC[C@@H]1C(=O)O[C@@H](C(=O)C(C)(C)N)[C@]1(C)[O-].[H+],-0.5610419511795044
guided,CCOc1ccc(OCCn2c(=S)[nH]c3ccccc3c2=O)cc1,-3.45812726020813
guided,Nc1cccc2ccc(N3CCOCC3)nc12,-3.307264804840088
guided,[O-][C+]([C+]1[CH+][CH+][CH-]O1)N1C[CH-]N(C([C+]2[N-][N-][N-]N2C[C+]2[CH+][CH+][CH-][CH+][CH-]2)[c+]2[cH-][cH+][cH-][c+](N([O-])[O-])[cH-]2)CC1,-0.7053924202919006
guided,Cn1c(=O)cc(SCCO)c2cc(Cl)ccc21,-4.689542770385742
guided,COc1ccccc1C(=O)Oc1cc([C+]2=CC=CC=C2)nn1[C][O-],-1.0590157508850098
guided,COc1ccc(CNCC(=O)N2CCCCCC2)cc1,-4.779443740844727
guided,COc1cc(C(C)=O)ccc1OC[C@H](O)CNC[C@H](O)c1ccccc1,-0.5467580556869507
guided,CCCOc1ccc(-c2nnc(-c3ccco3)o2)cc1,-3.111271381378174
guided,CCCC[C@H]1CNCCN1CCCC,-9.670768737792969
guided,COc1ccc(CN2C(=O)c3ccccc3C2=O)cc1C(=O)NCCc1ccccc1,-1.7455087900161743
guided,CN(C)S(=O)(=O)N1CCc2ccccc21,-4.781980037689209
guided,Cc1c(C#N)c(NC(=O)c2ccccc2)n(Cc2ccccc2)c1C,-3.8397598266601562
guided,COc1cc(CCC(=O)N2CCc3ccccc32)cc(OC)c1OC,-4.260499477386475
guided,CN(CCSc1ncnc2ccccc12)S(=O)(=O)c1ccccc1,-2.4466049671173096
guided,[O-][C+](O)[C-]1S[C-](N2CCCC2)[c+]2[cH-][cH+][cH-][cH+][c-]2[C+]1[c+]1[cH-][cH+][cH-][cH+][cH-]1,-4.418872833251953
guided,NNS(=O)(=O)c1cccc(NC(=O)CCCOc2ccc(Cl)cc2Cl)c1,-0.7470577955245972
guided,[CH2-]O[S+][C]([C][C][N])N[C]1[CH][CH][CH][CH][C]1N[C]([O])CO[C]([O])CO[C]1[CH][CH][CH][C](C(F)(F)F)[CH]1.[CH2][C]1[CH][CH][CH][S+]1,-1.0404621362686157
guided,CCO[C@H]1OC(C(=O)N2CCN(Cc3ccccc3)CC2)=C[C@@H](Cc2ccccc2)[C@@H]1CCCO,-3.101212739944458
guided,CC(=O)c1ccccc1NS(=O)(=O)c1ccccc1,-2.3409223556518555
guided,CN(c1nnc(-c2ccccn2)s1)C(=O)[C@]12C[C@H]3C[C@H](C[C@H](C3)C1)C2,-3.3908276557922363
guided,C=CCN1C(=O)CSc2ccc3c(c21)OCCC3,-6.875657081604004
guided,C[C-]([O-])NN[C+]([O-])CC[N-][C+]([O-])OC1CCCCC1,-0.5454301238059998
guided,O=C(O)COc1nc(Nc2cccc(C(F)(F)F)c2)nc(N2CCOCC2)n1,-0.3880455195903778
guided,[O-][C+]([c+]1[cH-][cH+][cH-][cH+][n-]1)[C-](O)[C+](N[CH-][CH+][c-]1[cH+][cH-][cH+][cH-][cH+]1)[C-]([c+]1[cH-][cH+][cH-][cH+][cH-]1)[c+]1[cH-][cH+][c-]2[cH+][cH-][cH+][cH-][c+]2[cH-]1,-3.9561829566955566
guided,[H+].[N-2][C][C+]1[C+](O)[C+]([C-]([O-])O)[C-](OC[c+]2[cH+][cH+][cH+][cH-][cH+]2)[CH+][C-]1[C][N-2],-0.4326988458633423
guided,CCOc1cc(C(C)=O)ccc1OCCCN(C)[C@@H](C)c1cc2c(C)cc(C)cc2nc1C,-6.562230587005615
guided,COc1ccc(NC2=C(Cc3ccc(N(C)C)cc3)C(=O)c3ccccc3C2=O)cc1,-4.114148139953613
guided,C=C1c2ccc(OC(C)C)cc2N(O)c2c1cnc1ccc(OC[C@@H]3CCCCO3)cc21,-4.822385311126709
guided,OC[C@@]1(Cc2ccccc2)CCCN(Cc2ccc(-c3csc(Nc4ccc(F)cc4)n3)cc2)C1,-7.3819074630737305
guided,C/C(CC(=O)Nc1ccc2c(c1)OCO2)=N\NC(=O)C(=O)NCc1ccc(O)cc1,-0.2893030345439911
guided,CC(=O)NNC(=O)c1ccc(-c2ccccc2)[nH]1,-1.1946097612380981
guided,COc1ccc(-n2nnnc2SCC(=O)c2cccs2)cc1,-1.774878740310669
guided,CCn1c(COc2ccccc2)nnc1SCC(=O)NC1CCCC1,-1.980635404586792
guided,CN1C(=O)NC(=O)/C(=C/NCCN2CCCCC2)C1=O,-0.8470197916030884
guided,Cc1cccc(-c2nc(SCC(=O)Nc3ccccc3C)n[nH]2)c1,-2.305417537689209
guided,NC(N)=Nc1ccc(CCCc2cccc3nccn23)c(Cl)c1,-1.2724746465682983
guided,CN(C[C+]1[CH][CH][CH][CH][CH]1)S([O])([O])[C]1[CH][CH][CH][CH][C]1N([O-])[O-],-0.7468143701553345
guided,CCO[c-]1[cH+][cH-][c+]([C-]2CC[C+]([O-])[O+]3C4[CH+][CH-][C+]([CH-]C43)CCN[C+]([S-])N[N-]2)[cH-][cH+]1,-1.4034429788589478
guided,CCCOc1ccc(CNC(=O)c2ccc(NC(=O)N3CCOCC3)cc2)cc1,-1.4122705459594727
guided,Cc1cccc(C)c1NC(=O)c1c(-c2ccccc2)oc2nc3c(cc12)COC(C)(C)C3,-5.225643157958984
guided,CN(C)c1ccc(C/N=C\Nc2cccc3cnccc23)cc1,-5.744463920593262
guided,Cc1cc(C)cc(OCCCCCNCCO)c1,-4.917518615722656
guided,Cc1ccc(N(Cc2ccccc2)S(=O)(=O)c2c(C)nn(C)c2C)cc1,-3.722942352294922
guided,NNC(=O)c1sccc1OCc1ccc(Cl)cc1Cl,-2.562887191772461
guided,CCOc1ccc(N(C/N=C2\NS(=O)(=O)c3ccccc32)C(C)=O)cc1C(=O)O,-0.37574562430381775
guided,COc1ccc(N(C(=O)Cc2ccccc2OC)[C@@H]2C=CS(=O)(=O)C2)cc1,-1.4750372171401978
guided,Cc1cccc2c(C(=O)NC3=NOCC(C)(C)C3)cn(-c3cccc4ccccc34)c12,-5.313808441162109
guided,CCOc1ccc(-n2nnc3c(=O)n(Cc4ccccc4C)cnc32)cc1,-1.4281086921691895
guided,CC(=O)c1c(OC(=O)c2ccco2)c2ccccc2n1C,-2.6685473918914795
guided,O[C@H](COC1CCCCC1)Cn1cncn1,-2.443406820297241
guided,Cc1cc(C)c(NS(=O)(=O)c2ccc3c(c2)oc(=O)n3C)c(C)c1,-1.1131685972213745
guided,NS(=O)(=O)c1ccc(NC(=S)Nc2ccccc2Cc2ccccc2)cc1,-1.5466786623001099
guided,N#Cc1ccc(-c2ccccc2)nc1SCC(=O)[C@]12C[C@H]3C[C@H](C[C@H](C3)C1)C2,-5.462697982788086
guided,COC[C@@H](C)n1c(SCC(=O)c2c[nH]c3ccccc23)nc2ccccc2c1=O,-2.0572471618652344
guided,Cc1oc2ccccc2c1-c1ccn([C@H](C)CCSc2ncccn2)n1,-4.684053421020508
guided,CCOC(Cn1cc(CCc2ccccc2)c(=O)[nH]c1=O)OCC,-1.2679308652877808
guided,CCOc1ccc(-c2c(C(=O)N/N=C/c3ccco3)nnn2-c2ccc(Cl)cc2)cc1,-1.6780064105987549
guided,C[C-]1[C][C+](OC[c+]2[cH-][cH+][cH-][cH+][cH-]2)[C][CH+][CH+][CH-][C+](NC[c-]2[cH+][cH-][cH+]s2)[N-]1,-7.315100193023682
guided,Cc1cccc(OC(=O)c2cc([N+](=O)[O-])ccc2Nc2ccc(SC(F)F)cc2)c1,-4.063493728637695
guided,COc1ccc(OC)c(SCc2nc(Nc3nc(C)cc(C)n3)nc(N3CCCCC3)n2)c1,-1.6142019033432007
guided,CC1=N/C(=C(/[O-])O)C(C(=O)Sc2ccccc2)=[S+]1,-1.2623436450958252
guided,COc1cc(NC(=O)Cc2ccccc2)c(C(=O)O)cc1OCc1ccccc1,-1.7611788511276245
guided,Cc1cc(-c2c(C)c(C)cc(-c3cccnc3)c2CC(=O)O)ccn1,-3.406541109085083
guided,C[C@@H]1C=CC[C@@H]2C(=O)N(CCC(=O)N3CCN(S(=O)(=O)c4ccc(Cl)cc4)CC3)C(=O)[C@H]12,-0.523105263710022
guided,Cc1ccc(/C=C2/C/C(=N\C[C@@H]3CCCC[C@H]3C)NC2=O)o1,-3.8890252113342285
guided,Cn1nc(C(=O)Nc2ccccc2C(=O)O)c2ccccc2c1=O,-0.3636265695095062
guided,CO[C@H]1CCC[C@@H](NC(=O)c2ccc(-n3cnnn3)cc2)C1,-0.780887246131897
guided,CN1CCCN([C@H]2CCOC2)[C@@H](c2ncccn2)C1,-4.611138820648193
guided,COc1ccccc1-n1c(SCC(N)=O)nc2c(c1=O)C1(CCCC1)Cc1ccccc1-2,-1.4343265295028687
guided,CCN1C(=O)NC(=O)[C@@](CCc2ccccc2)(CCc2ccncc2)C1=O,-1.1580759286880493
guided,Nn1c(SCC(=O)N2CCN(C(=O)OCc3ccc(F)cc3)CC2)nnc1-c1ccco1,-0.3852209448814392
guided,Cc1cccc(C)c1-n1c(SCC(=O)N2CCC(C(=O)O)CC2)nc2ccccc2c1=O,-1.030341625213623
guided,COc1ccc(-c2nc(SCC(=O)Nc3ccccc3OC)n[nH]2)cc1,-0.9587928056716919
guided,CC[C@H](C)N(Cc1ccccc1)C(=O)CSc1ncn[nH]1,-2.4962875843048096
guided,CC1=Nc2c/c(=C(/[O-])N3CCC(Cc4ccccc4)CC3)ccc2=[S+]1,-5.248157978057861
guided,COC(C[C@@H](O)C[C@@H](O)[C@@H](C)OCc1ccccc1)OC,-1.667125940322876
guided,CCCCN(CCC)C(=O)/C(=C\c1cccs1)NC(=O)c1cccs1,-5.145555019378662
guided,Nc1ccc(NC(=O)Cn2ncnc2-n2cc(C(F)(F)F)ccc2=O)cc1,-0.3363363742828369
guided,O=[P@@]1(Nc2ccccc2)CNCCCN1,-3.183781147003174
guided,CN(C)NC(=O)CN1CCOCC1,-4.185284614562988
guided,Cc1nnc(N2C(=O)C(=O)/C(=C(/O)c3ccc(S(=O)(=O)N4CCSCC4)cc3)[C@H]2c2ccco2)s1,-0.6942155361175537
guided,Cc1cccc(-n2ccc(=O)c(C(=O)Nc3ccccc3)n2)c1,-2.295649290084839
guided,Nc1ccc(/C=C/C(=O)O)cc1,-2.148591995239258
guided,COCCn1c(=S)[nH]c2cc(C(=O)NCCc3ccc(OC)cc3)ccc2c1=O,-0.8684765696525574
guided,CC[C@H](C)[C@H](NC(=O)c1ccccc1NC(=O)c1ccc(OC)cc1)C(=O)NCCCN1CCOCC1,-0.7126187086105347
guided,COc1ccc(CCN/C(N)=N/CC(C)C)cc1OC,-1.622633934020996
guided,Cc1cccc(N2CCN(c3ncnc4c3cnn4-c3ccccc3C)CC2)c1,-4.308826923370361
guided,Cc1ccccc1C(=O)N1CCN(c2ccc(N3C(=O)CCCC3=O)cc2)CC1,-2.694345474243164
guided,CCN(c1ccc(-c2cccs2)cc1)[C@@H](O)c1cccc2ccccc12,-10.788003921508789
guided,CCCN1CCc2c(sc(NC(=O)CCS(=O)(=O)c3ccccc3)c2C#N)C1,-0.9888387322425842
guided,CC[N-]C(CCN1[C+]([O-])[C+](O)[C-]([C+]([O-])[c+]2[cH-][cH+][c-](C)o2)C1[c+]1[cH-][cH+][cH-]s1)[C+]([O-])NC[c+]1[cH-][cH+][cH-]o1,-0.3272351026535034
guided,[CH2+]C(C)[C+]1C[c-]2[cH+][c-]3[c+]([cH-][c+]2O1)O[C-]([O-])[C-]([CH+][N-]CCCC)[C+]3C.[H+],-3.8508615493774414
guided,Cc1ccc(CNc2ccccc2C)c(NC2CCCCC2)n1,-7.3360466957092285
guided,C[C-]([C][C+]1[C+](O[C+](O)C[C-]([O-])N[C+]2[CH+][CH-][CH+][CH-][CH+]2)[CH+][CH-][c+]2[cH-][cH+][cH-][cH+][c-]21)[N-]N[C+](N)[O-],-0.40768691897392273
guided,COc1cccc(N2CCN(CCCNC(=O)C(=O)c3cccs3)CC2)c1,-2.204273223876953
guided,CCC(C)C(N[C]1[CH][CH][C]([C+]([O])OC)[CH][C]1N([O-])[O-])[C]([O])OC,-0.5608814358711243
guided,C[C@H](O)CO,-5.280450344085693
guided,CC[C@H]1C=C[C@H](C)[C@H](c2ccco2)N1C(=O)c1ccccn1,-4.885368824005127
guided,CC(=O)Nc1ccc(S(=O)(=O)CCc2nnc(NC(=O)c3cccnc3)s2)cc1,-0.4128832519054413
guided,Cc1ccc(C)c(N(C)S(=O)(=O)c2c(C)[nH]c(=O)[nH]c2=O)c1,-0.39395904541015625
guided,NNC(=O)c1cnc(-c2cccs2)cc1C(F)(F)F,-1.8939658403396606
guided,CN(CC(=O)Nc1ccc(-c2ccccc2)cc1)Cc1cccc(C(F)(F)F)c1,-8.426888465881348
guided,C[C]1[CH][CH][CH][C]([C+]([O])OC[C]([O])NC2CCCCC2)[C]1N([O-])[O-],-0.7663999795913696
guided,CC(=O)c1ccc(CN2CCC[C@@H](C(=O)c3ccc(C(C)=O)cc3)C2)cc1,-4.15367317199707
guided,O=C(CCn1cnc(-c2ccc3nccnc3c2)n1)N1CCC2(CC1)OCCO2,-0.37069809436798096
guided,CCn1c(CN2C(=O)c3ccccc3C2=O)nc2c1c(=O)n(C)c(=O)n2C,-0.28809115290641785
guided,COc1ccc([C@@H]2Oc3cc(OC)ccc3C(=O)[C@H]2OC(=O)NC(C)C)cc1,-1.4143295288085938
guided,O=C(CN1CCCCCC1)NC(=O)NCc1ccco1,-1.1723116636276245
guided,COc1ccc2c(c1)/C(=C\c1cccc(O)c1)C(=O)N2,-2.850172519683838
guided,CCOc1ccc(-c2c(C(=O)SCC(=O)Nc3ccc(C(F)(F)F)cc3)nnn2-c2nonc2N)cc1,-1.2323329448699951
guided,C[C@H]1CCCN(C(=O)CCn2c(=S)oc3ccccc32)C1,-5.869683265686035
guided,O=[N+]([O-])/[C-]=C/C=C(\C=C1/C=[NH+]c2ccccc21)/N=N/c1ccc(OCc2ccccc2)cc1,-2.0945563316345215
guided,COc1ccc2[nH]cc(CCN(Cc3cccnc3)C(=O)CCc3ccc(OC)c(OC)c3)c2c1,-2.6984403133392334
guided,Nc1ccc([C@@]23C[C@@H]4C[C@@H](C[C@@](CO)(C4)C2)C3)cc1,-4.563554286956787
guided,[CH2-][c+]1o[c-]([C+]2[CH+][CH-][CH+]S2)[n-][c+]1CSC[C-]([O-])NCCSC(C)[c-]1[cH+][cH-][cH+][cH-][cH+]1,-3.255594491958618
guided,N/C(=N\OC(=O)COc1ccc(Br)cc1)c1ccccn1,-0.6542739868164062
guided,CN(C)Cc1ccccc1Cc1ccccc1,-12.69444751739502
guided,Fc1ccc(Nc2nc(Cl)nc(NCc3ccco3)n2)cc1,-1.8775675296783447
guided,Nc1nnc(SCC(=O)Nc2ccc3nc(SCC(=O)NC4CC4)sc3c2)s1,-0.6680524945259094
guided,COCCNc1nc(N)c([N+](=O)[O-])c(Nc2ccc(S(=O)(=O)N3CCCCC3)cc2)n1,-0.4037010967731476
guided,CCOC(=O)CNC(=O)c1ccc2c(OCC)n(CC)nc2c1,-0.7706162929534912
guided,O=C(CCCCc1nc2ccccc2c(=O)[nH]1)c1ccccc1,-2.7869293689727783
guided,C[C@@H](Sc1nnc(-c2ccco2)n1C1CC1)C(=O)NC[C@@H]1CCCO1,-1.0383388996124268
guided,COc1ccccc1CCN1CCC[C@@H](CN(C(=O)c2cccs2)c2ccc(F)cc2)C1,-8.396936416625977
guided,Cc1ccc2nc(NNC(=O)c3ccc4ccccc4c3)cc(-c3ccccc3)c2c1,-6.202760696411133
guided,CCCCC1CC([C+]2[N-][N-][C]N2C(CC)SC)O[C-]1[O-],-2.618201971054077
guided,COCCCNc1nc(-c2ccccc2)c(C(C)=O)s1,-4.005157947540283
guided,N[C]([N]N[C]([O])[C]1[CH][CH][CH][C](N([O-])[O-])[CH]1)[C+]1[CH][CH][C]2[N][CH]N[C]2[CH]1,-0.5500985383987427
guided,CCOC(=O)C(=O)Nc1cc(C)on1,-0.8130872845649719
guided,Cc1ccccc1CSc1cn(C)nc1-c1ccco1,-7.561029434204102
guided,Nc1c(C(=O)OC[C@@H]2CCCO2)c2nc3ccccc3nc2n1Cc1ccccc1,-1.1211625337600708
guided,COc1ccccc1/C=C/C(=O)c1cc2cc3c(cc2[nH]c1=O)OCO3,-1.4657034873962402
guided,CN(C)CCOC(=O)C(=C(c1ccccc1)c1ccccc1)c1ccccc1,-8.192005157470703
guided,COCCN(Cc1ccccc1)C(=O)COc1ccc(N2CCCC2=O)cc1,-2.8031811714172363
guided,C[C@@H](Oc1ccc(Cl)cc1Cl)C(=O)Nc1ccc(Oc2ncnc3c2oc2ccccc23)cc1,-4.767482757568359
guided,Cn1c(C(=O)NCCCN2CCN(c3ccccc3F)CC2)cc2c(=O)[nH]c3ccccc3c21,-1.6344923973083496
guided,O=C(NCCOc1ccc(F)cc1)[C@H]1CCC(=O)N(CCN2CCOCC2)C1,-1.3693474531173706
guided,COc1ccc(C(c2c(C)[nH][nH]c2=O)c2c(C)[nH][nH]c2=O)cc1O[C@@H](C)C(=O)O,-0.3692847192287445
guided,CCC(=O)N(CC#N)c1nc2c(ccc3onc(-c4c(F)cccc4Cl)c32)s1,-2.7743120193481445
guided,NS(=O)(=O)c1cccc(NC(=O)[C@H]2CC(c3ccc(F)cc3)=NO2)c1,-0.3437574803829193
guided,COC(CNC(=O)c1cc(C(=O)c2ccc3ccccc3c2)c[nH]1)OC,-1.1312118768692017
guided,COc1ccc(OC)c(N2CCN(C(=O)COc3ccc(C)cc3)CC2)c1,-3.5937089920043945
guided,NN1[CH][C](O[C+]2[CH][CH][CH][CH][C]2F)[C]2[CH][CH][CH][C](N[C]([O])[C]3[CH][CH][C](N([O-])[O-])O3)[C]21,-0.5626080632209778
guided,CC1(C)CCN(C(=O)CCc2ccccc2)C1,-8.729381561279297
guided,C=Cc1c(C)cccc1OCCCCNCCCOC,-7.107239246368408
guided,COC[CH-]N(CCCOC)[S+2]([O-])([O-])[c-]1[cH+][nH][c-]([C-]([O-])N[C+]2[CH+][CH-][C+]([S+2]([O-])([O-])N3CCOCC3)[CH-][CH+]2)[cH+]1,-0.47382503747940063
guided,CC(C)CNC1=C(C#N)C(=[S@@](C)(=O)[O-])N=[S+]1,-0.6568210124969482
guided,CCOC(=O)CN1CCC(c2cccs2)CC1,-6.82423734664917
guided,COc1cc(/C=C2\CN(C)C/C(=C\c3cc(OC)c(O)c(OC)c3)C2=O)ccc1O,-0.9821180105209351
guided,CN(C)C1(CNC(=O)c2ccc(Cl)cc2[N+](=O)[O-])CCCCC1,-1.7249202728271484
guided,COc1ccc(F)cc1C(=O)[C@H]1CCCN(Cc2ccc(Sc3ccccn3)o2)C1,-4.753641128540039
guided,COc1ccc(OCc2ccccc2)c2[nH]c(C(=O)O)cc12,-2.0404112339019775
guided,CCOc1c(N2CCOCC2)cnn(Cc2nnc(C3CCCCC3)o2)c1=O,-0.49620360136032104
guided,COc1ccc(S(=O)(=O)c2nc(C)oc2N2CCC3(CC2)OCCO3)cc1,-0.5449874997138977
guided,O=CN(C1CC1)S(=O)(=O)c1cc(F)ccc1F,-3.0278961658477783
guided,[O][C](N[N][CH][C]1[CH][CH][C](CN[C]([O])[C+]2[CH][CH][CH]S2)O1)[C]([O])[C]1[CH][CH][CH][CH][C]1N([O-])[O-],-0.5639285445213318
guided,C/C(CCC(C)C)=N\NC(=O)c1cccc(S(=O)(=O)Nc2ccccc2C)c1,-1.8593467473983765
guided,Nc1cc(C(=O)O)ccc1N(Cc1ccccc1)Cc1ccc(F)cc1,-3.0569963455200195
guided,COc1cc2[nH]c(=O)cc(C(=O)N3CCc4ccccc43)c2cc1OC,-1.6339128017425537
guided,O=C(/C=C/c1cc2ccccc2n(-c2ccccc2)c1=O)Nc1ccc(S(=O)(=O)NC2CCCCC2)cc1,-2.492947578430176
guided,Cc1[nH]c2ccccc2c1CCNC(=S)Nc1ccc(Cc2ccncc2)cc1,-5.048238277435303
guided,CNC1(C(N)=O)CCNCC1,-1.8728958368301392
guided,CCOC(=O)c1c(C)n(C(C)C)c2ccc(OC)cc12,-5.620986461639404
guided,C[C@@H]1CN(C(=O)CCC(=O)NCc2ccc(OC(F)F)cc2)C[C@H](C)O1,-1.86875319480896
guided,CN1CCC[C@H](OC(=O)/C=C/c2ccc(Br)cc2)C1,-7.095911026000977
guided,Cc1cc(C(=O)COc2ccccc2Cl)c(C)n1-c1cccnc1,-5.594519138336182
guided,Nc1ccc(O)c(-c2nc3ccccc3n2Cc2ccccc2)c1,-3.0399301052093506
guided,CC#CC(=O)N(C/[C-]=C/[CH+]C=O)[C@H]1CCS(=O)(=O)C1,-1.5182795524597168
guided,CCOc1cccc(C(=O)Nc2ccc(NC(=O)CC)cc2)c1,-2.4815146923065186
guided,CC(=O)N[C@H](Cc1cnc[nH]1)C(=O)O,-0.5085063576698303
guided,CN1CCN(c2nc3c(c(=O)[nH]c(=O)n3C)n2Cc2ccc(Cl)cc2)CC1,-0.8002868294715881
guided,Cc1ccc(C(=O)Oc2ccccc2NC(=O)c2ccccc2C(=O)O)cc1,-1.581249475479126
guided,CO[c-]1[cH+][cH-][cH+][c-]2[c+]1OCCOC[C-](O[C-]1[CH+][CH-][CH+][C+]([C-](C)[O-])[CH+]1)C([O-])CCOCCOCCOCCOCCOCCOCCOCCOCCOCCOCC(CO)OCCOCCO2.[H+],-0.5038406848907471
guided,c1cncc(CNc2ccnc(N3CCOCC3)n2)c1,-2.0267598628997803
guided,CCC[N-][C+]([O-])N[C+]1CCCCC1.CC[C][O-],-1.5014774799346924
guided,CO[CH-]CCNCC(O)COCCCNC(C)(C)C,-2.238844633102417
guided,O=C(Nc1ccc(F)cc1Cl)c1ccc(OC(F)(F)F)cc1,-6.729807376861572
guided,COC(=O)c1sccc1-n1cccc1C(=O)NC1CCCCC1,-2.989487886428833
guided,CCN(C[C+]1[CH+][CH-]C2[C+]([O-])[C-]3CCCCC34C23C12[CH+][CH-][c+]1[cH-][cH+][cH-][cH+][c-]1[N+]243)C[C-]1[CH+][C-](C(C)O)N[N-]1,-1.6606781482696533
guided,Cc1onc(C(=O)NC2=[S+]/C(=C3/C=CC=[S+]3)N=N2)c1N([O-])[O-],-0.38865742087364197
guided,C/C=N\N(Cc1cccc(C(F)(F)F)c1)c1ccc(Cl)c(C(N)=O)c1,-3.961164951324463
guided,[H]/N=C1\NC(=S)/C(=N/c2ccccc2)N1/N=C/c1ccc(N(C)C)cc1,-2.116952896118164
guided,COC[C@@H](C)N[C@@H](C(=O)Nc1ccc(Cl)c([N+](=O)[O-])c1)c1ccccc1,-1.1255384683609009
guided,Cc1sc2ncn(C[C@@H](O)CO)c(=O)c2c1C,-1.1716927289962769
guided,CCCCN(Cc1cccs1)c1nc2c(c(=O)n(C)c(=O)n2C)n1CCCc1ccccc1,-2.824808120727539
guided,[CH2+]CCC/C(CC(=O)N(C)CCCCC)=C1\C=CC(F)=C[CH-]1,-10.450916290283203
guided,O=C(O)CCn1cncc(C(c2ccccc2)c2ccccc2)c1=O,-1.700885534286499
guided,Cc1ccc(C2=C[C@H](CC(N)=O)NCC2)cc1,-2.9278650283813477
guided,Cc1cc(N2CCOCC2)ccc1NC(=O)Nc1ccccc1F,-3.815443515777588
guided,Cc1[nH]c2c(C(=O)NC3CCCC3)cccc2c1/C=C/c1nc2ccccc2o1,-3.7936806678771973
guided,COCc1cc(=O)[nH]c(Nc2cccc(C)n2)n1,-0.866155743598938
guided,CCN[C-]([S-])N(C)[CH+][c-]1[cH+][cH-][cH+][c-]2[c+]1[c-](C)[cH+]n2-[c-]1[cH+][cH-][cH+][cH-][cH+]1,-9.323992729187012
guided,CNc1ccc(Oc2cc3oc(=O)cc(C)c3cc2Cl)cc1OCC(=O)O,-1.4332401752471924
guided,Cc1ccccc1CC(=O)N1CCN(C(=O)c2ccco2)CC1,-3.109804391860962
guided,CCCNC(=O)N[C@H](Cc1ccccc1)C(=O)OC,-1.6919326782226562
guided,COc1cc2cc(CN(C(C)=O)c3ccccc3)cnc2cc1OC,-4.113949775695801
guided,O=c1ccc(C(F)(F)F)cn1Cc1ccc(NCC2CCCC2)c([N+](=O)[O-])c1,-2.4488775730133057
guided,Cc1cccc(Nc2ncnc3sc(-c4ccccc4)cc23)c1C,-7.872450828552246
guided,CCOc1cc(C(C)=O)ccc1OCCCNCCCN(Cc1ccco1)C1CCCCC1,-4.399809837341309
guided,Cc1ccccc1OCC(=O)N/N=C/c1cn(C)c2ccccc12,-3.1606695652008057
guided,COc1ccc(CN2CCC(CO)(CCOc3ccccc3)CC2)c(OC)c1,-4.153166770935059
guided,CCCc1ccccc1N1C[C@@H](C(=O)Nc2ccc(C)cc2C)CC1=O,-4.777636528015137
guided,COC[C-](C)O[c+]1[c-](O[C+]([O-])[c+]2[cH-][cH+][cH-]s2)[cH+][cH-][c+]2[cH-][cH+][cH-][cH+][c-]12,-4.2094950675964355
guided,COc1ccc(C2(CNC(=O)c3cccc(C)c3)CCOCC2)cc1OC,-3.352569341659546
guided,Cc1ccc(C[C@H]2CC(=O)N(CCc3ccon3)C2=O)cc1C,-2.2447540760040283
guided,COc1cc(Oc2cccc(C(=O)O)c2)nc(CS(=O)(=O)c2cccc(C)n2)c1C,-1.0622045993804932
guided,COc1ccccc1CC(=O)NC1CCCC1,-5.2715606689453125
guided,O=S(=O)(c1ccc2ccccc2c1)N(Cc1ccccc1)Cc1ccc2c(c1)OCO2,-4.672495365142822
guided,CCOc1cc(C(C)=O)ccc1OCCCCCc1c(C)n[nH]c1C,-3.3893258571624756
guided,C[N-]C[C@]12CCC=C=c3c#cc#c/c3=[S+]/C=C/1C2,-9.883255004882812
guided,O=C(c1cc2ccccc2oc1=O)N1CCN(c2cc(-c3cccs3)nc3ccccc23)CC1,-3.634880304336548
guided,C[C-]([N-]CC[S+2]([O-])([O-])C[C+]1[CH+][CH+][CH+][CH+][CH+]1)[C+]([C][N-2])[C][N-2],-0.7704340219497681
guided,COc1ccc(NC(=O)Cc2cc(OC)c(OC)c(OC)c2)cc1S(=O)(=O)N1CCOCC1,-0.36803776025772095
guided,CCOc1ccc(Br)cc1[C@@H]1CC(=O)NC2=C1C(=O)CCC2,-3.584892749786377
guided,CC(C)P=O.[CH2-]C.[H]/[O+]=C/c1ccccc1,-6.002612590789795
guided,COC[C@H]1C[CH-]N(C(=O)c2ccc(N3CCc4ccccc43)cc2)[C@H]1C(=O)Nc1cccc2ccccc12.[H+],-5.078620433807373
guided,Clc1ccc([C@@H](c2ccccc2)N2CCN(/N=C\c3cccs3)CC2)cc1,-10.627577781677246
guided,COc1ccc([N+](=O)[O-])c(N2CCN(c3ccccc3OC)CC2)c1,-1.9998667240142822
guided,Cc1cc(N[C@@H]2CCCN(C(=O)c3cnn(C)c3C)C2)c2ccccc2n1,-2.6046640872955322
guided,CCCn1c(N)c(C(=O)COC(=O)c2ccccc2F)c(=O)n(C)c1=O,-0.30727720260620117
guided,CCCCn1c(=O)c(C(=O)Nc2cc(C)on2)c(O)c2ccccc21,-0.7754712700843811
guided,CCCC(=O)NCc1c[nH]c2ccccc12,-4.456675052642822
guided,COc1ccc(NS(=O)(=O)c2ccc(NS(=O)(=O)c3ccc(C)cc3)cc2)nn1,-0.5257555842399597
guided,C[C+]1[N-]N([c+]2[cH-][cH+][cH-][cH+][n-]2)[C+](C)[C+]1[C-](C)[N-]NN([O-])C1CCCC1,-1.647944450378418
guided,[CH2-][CH+][CH-]CN([C+]([O-])[CH+][CH+][c-]1[cH+][cH-][cH+]o1)C([c+]1[cH-][cH+][cH-][cH+][cH-]1)[C-]([O-])NCCCN(CC)CC,-1.1340707540512085
guided,Cn1nc(C(C)(C)C)cc1C(=O)NNC(=O)Cc1ccccc1,-1.078381896018982
guided,O=C(NC1CC1)C1=C[C@H](c2c[nH]c3ccccc23)C[C@H](OCCCCO)O1,-1.124016284942627
guided,Nc1ccc2nc(-c3ccnc4ccccc34)[nH]c2c1,-2.242781162261963
guided,CCC(=O)N1CCc2cc(S(=O)(=O)NCCC(=O)NCc3ccc(NC(=O)C(C)C)cc3)ccc21,-0.6144082546234131
guided,C[C@@H]1CN(CCCOc2ccccc2)C[C@H](C)O1,-8.27263355255127
guided,CCN(CC)c1cn(-c2cccc(COC)c2)c(=O)[nH]c1=O,-1.6879868507385254
guided,Cc1ccccc1OCC(=O)Nc1ccccc1C(F)(F)F,-6.165886402130127
guided,Cn1c(/N=C\c2cccc3ccccc23)nc2ccccc21,-7.85843563079834
guided,O=[N+]([O-])c1ccc(O)c(CN2CCCOCC2)c1O,-0.4235934317111969
guided,Cc1noc(C)c1-c1nc(CSCc2ccco2)no1,-1.6365163326263428
guided,CCOc1ccccc1[C@H](c1nnnn1C[C@@H]1CCCO1)N1CCN(C(=O)c2cccs2)CC1,-0.9509251713752747
guided,Cc1ccc(-c2nnc(NC(=O)/C=C/c3ccc(C)o3)o2)cc1,-1.543121337890625
guided,O=C(NNC1CCCCCCC1)c1ccccc1,-5.209385395050049
guided,CCOC(Cn1c(=O)c(C(=O)c2cccs2)nc2ccccc21)OCC,-1.8767011165618896
guided,O=C1C=C(N2CC[C@@H](C(=O)O)CO2)C2(CCCCC2)O1,-1.2215598821640015
guided,CO[c+]1[cH-][c+](Cl)[c-](OC)[cH+][c-]1N[C-]([O-])C1[CH+][C+]([c+]2[cH-][cH+][cH-]o2)[N-][C+]1[N-]CC1CC1,-1.639733076095581
guided,C[C+]1[CH-][CH+][C-]([C-]2C[C+]([O-])[C+]([O-])N(C[c+]3[cH-][cH+][c-](N([O-])[O-])[cH+][cH-]3)[N-]2)[CH+][C+]1N[C-](C)[O-].[H+],-0.3969160318374634
guided,COc1cccc(NC(=O)C2CCN(c3ncn[nH]3)CC2)c1,-0.6628705263137817
guided,Cc1ccc(NC(=O)CCNS(=O)(=O)c2cccc3nonc23)cc1F,-0.37140822410583496
guided,Nc1ccc([S@@+]([O-])Cc2cccs2)cc1,-3.9169797897338867
guided,CCOCC(=O)N(Cc1cccnc1)Cc1cc2ccccc2[nH]c1=O,-1.2799389362335205
guided,CCOc1ccc(/C=C2\SC(=S)N([C@H](C(C)=O)c3ccc4c(c3)OCO4)C2=O)cc1,-3.221632242202759
guided,CN(CCOc1ccc(Cl)cc1)CC(=O)Nc1cccc(S(=O)(=O)N2CCOCC2)c1,-0.6150791645050049
guided,Cc1nnc(SCc2cn3cccnc3n2)n1C,-2.3076937198638916
guided,CCCC(=O)NNC(=O)c1ccc2c(c1)OCO2,-1.0494444370269775
guided,COc1ccc(C=O)c(OC)c1,-5.573186874389648
guided,NC(=O)C1(N2CCCCC2)CCN(C(=O)c2cc3c(=O)n4c5c(cccc5c3o2)CCC4)CC1,-0.6147491335868835
guided,CCOc1cccc(CNC(=O)[C@]2(C)CC2(Cl)Cl)c1,-5.740130424499512
guided,O=C(N/N=C\C=C\c1ccco1)c1ccccc1O,-1.3406312465667725
guided,[CH2+]CCCCC[CH+]N1CC([C+]([O-])NCCN2CCC[C-]2[O-])CC[C+]1[O-].[H+],-0.6925569772720337
guided,COc1ccc(Br)cc1CN1CCC[C@H]1C(=O)Nc1ccc2ccccc2c1,-6.686728477478027
guided,CC(=O)Nc1ccc2nc(-c3ccco3)c(-c3ccco3)nc2c1,-1.8740087747573853
guided,CCOC(=O)c1nn(-c2ccccc2)c(-c2ccccc2)c1C(=O)c1cccs1,-4.131899356842041
guided,COc1ccccc1Oc1cccnc1C(=O)N[C@H](Cc1ccccc1)C(=O)O,-0.9111793637275696
guided,Cc1ccc(/[S+]=C2\C=CC=C\C2=C(/[O-])Nc2nc3ccccc3[nH]2)c(C)c1,-2.7571685314178467
guided,Cc1ccc(CNCCCSc2ncccn2)cc1,-5.664082050323486
guided,Cc1cc(C)nc(N2CCC[C@H](C(=O)Nc3cccc(C(F)(F)F)c3)C2)n1,-3.556790590286255
guided,CCn1c([O-])c2ccccc2n/c1=[S+]\CC(=O)N[C@H](C)c1ccccc1,-1.6855086088180542
guided,COc1ccc([C@H](c2cccc3ccccc23)N2CNC(=O)N(Cc3ccccc3)C2)cc1OC,-5.263739109039307
guided,COCCCn1c(SCC(=O)N2CCC(C)CC2)nc2ccccc2c1=O,-2.2464652061462402
guided,CCCc1cc(=O)[nH]c(SCC(=O)Nc2nc3ccccc3n2CC(C)=O)n1,-0.4814978837966919
guided,CN1C[C@@H](C(=O)c2cccc3ccccc23)[C@H](C(=O)c2cccn2C)C1,-5.115875720977783
guided,Cc1[nH]n(-c2ccccc2)c(=O)c1/C=N/C1CCCCC1,-4.077519416809082
guided,Cn1c(SCC(=O)NCc2ccccc2)nnc1-c1cc2ccccc2o1,-1.9935582876205444
guided,[CH2-][CH+][N-][c+]1[cH-][cH+][c-](N2[C+]([O-])[c+]3[cH-][cH+][cH-][cH+][c-]3[C+]2[O-])[cH+][c-]1OC[C+]([O-])O,-0.27147987484931946
guided,CC(=O)N1CCc2ccc(C(=O)CN3CCN(c4ccccc4O)CC3)cc21,-2.066251277923584
guided,Cc1nn(Cc2ccc(Cl)cc2)c(C)c1NC(=O)c1n[nH]c(=O)c2ccccc12,-1.2319741249084473
guided,O=C(CSc1nnc(SCc2ccccc2)s1)NNC(=S)Nc1ccccc1,-1.9191956520080566
guided,C=CCNC(=O)NC(=O)CN1CCc2ccccc21,-2.1558196544647217
guided,C/C(=N\NC(=O)c1ccccc1)c1cnn(-c2ccccc2)c1-n1cccn1,-1.5430623292922974
guided,COc1ccc(-c2nc(C(F)(F)F)c(OC)o2)cc1O,-2.405235528945923
guided,CCOC(=O)[C@]1(Cc2ccc(OC)cc2)CCCN(C(=O)c2cc(C)nn2Cc2ccccc2)C1,-2.4690489768981934
guided,C[C]1S[C](N[C]([O])[C]2[CH][CH][CH][C](N([O-])[O-])[CH]2)[C]([C+](N)[O])[C]1C,-0.5755629539489746
guided,CCOc1cc(COC[C@H](O)CN2CCOCC2)cc(OC)c1,-2.272794246673584
guided,CO[c-]1[cH+][cH-][c+]2[c-](C)[c+]([C-]([O-])N(C)[CH+][c+]3[cH-][cH+][cH-][cH+][c-]3OC[c+]3[cH-][cH+][c-]4[c+]([cH-]3)OCO4)o[c-]2[cH+]1,-2.3634464740753174
guided,CC[C@@](C)(C(=O)Nc1ccccc1)N(C(=O)Cc1cc2ccccc2o1)c1ccccc1,-4.87110710144043
guided,Cc1cccc(C(=O)N2CCN(c3ccc(F)cc3)CC2)c1C,-8.317663192749023
guided,COc1ccc(N2CCN(C(=O)c3ccc(COc4ccccc4Cl)o3)CC2)cc1,-4.262051582336426
guided,O=C(COc1ccc2ccc(=O)oc2c1)N1CCC[C@@H]1CO,-0.7892187833786011
guided,CCO[C+]([O-])[C+]([CH+]N[CH-][C][C+]1[CH+][CH-][CH+][C-](C)[C+]1[CH-][O-])[C-]([O-])OCC,-0.5281939506530762
guided,Cn1c(=O)n(CCc2cccc(C(F)(F)F)c2)c2ccccc21,-7.816412448883057
guided,CC[C@@](O)(c1ccccc1)[C@H](CN1CCOCC1)c1ccc(N(C)C)cc1,-6.13328742980957
guided,COc1cc(NS(=O)(=O)c2ccc(Nc3ccc4ccccc4c3)cc2)nc(OC)n1,-1.4937264919281006
guided,Cn1nnnc1SCC(=O)NC1=[S+]C2=C(CCCC2)/C1=C(\N)[O-],-0.38194847106933594
guided,Cc1cc(C)c2nc(NNC(=O)c3cc4ccccc4oc3=O)sc2c1,-1.5202598571777344
guided,COc1ccc(OC[C@H](O)CNC(=O)Nc2ccccc2[N+](=O)[O-])cc1,-0.42973199486732483
guided,CCC[C@@H](C(=O)Nc1ncccc1O)c1ccccc1,-2.7246127128601074
guided,CCc1ccccc1N(CC(=O)NC(C)(C)CC)C(=O)CCC(=O)Nc1nccs1,-1.3237953186035156
guided,CCC(=O)c1ccc(OC(=O)c2ccco2)cc1,-3.21201491355896
guided,CCCOC(=O)c1cnc(C)c(C(=O)OCC)n1,-1.0094499588012695
guided,C[C@@H]1O[C@H](Nc2ccc([N+](=O)[O-])cc2)[C@H](O)[C@H](O)[C@H]1O,-0.4130787253379822
guided,COCCN(C(=O)c1csnn1)[C@H](C(=O)NC1CCCC1)c1ccccc1,-0.8351611495018005
guided,O=C(c1ccc2c(c1)CCCC2)[C@@H]1CCCN(Cc2ccc3cc[nH]c3c2)C1,-7.533923149108887
guided,Cc1ccc(N2CCN(CC3CCCCC3)CC2)cc1,-12.168780326843262
guided,CC[C@H](C)C(=O)c1ccc(N(C)C)cc1,-8.775437355041504
guided,O[C@@H](CCN1CCCCC1)c1ccc2c3c(cccc13)CC2,-8.652327537536621
guided,OCCNc1ncnc2c1cnn2-c1ccccc1,-1.0663214921951294
guided,COc1ccc(C(=O)N2CCC3(CC2)NCCc2[nH]cnc23)cc1OC,-0.8861380219459534
guided,COc1ccc2c(C)c(CCCC(=O)O[C@@H](C)[C@H](O)CO)oc2c1,-0.6688074469566345
guided,CCOC(=O)N1CN(C(=O)OCC)CN(C(=O)OCC)C1,-0.6826717257499695
guided,Fc1ccccc1[C@@H](c1nnnn1Cc1ccccc1)N1CCN(c2ccccc2)CC1,-4.327362060546875
guided,Cc1ccc2c(c1)nnn2C1CCN(CC(=O)N[C@H]2CCCc3ccccc32)CC1,-2.7874112129211426
guided,CCCCn1c(SCC(=O)c2ccccc2)nc2c1c(=O)n(C)c(=O)n2C,-1.0034241676330566
guided,CCOc1ccc(-c2nnc(NC(C)=O)o2)cc1,-1.0872633457183838
guided,Cc1ccccc1-c1nnc(SCC(=O)c2cccs2)o1,-3.8539352416992188
guided,CCOc1ccc(N(CC(=O)Nc2ccccc2)S(=O)(=O)c2ccc(C)cc2)cc1,-2.2675421237945557
guided,CCCN1C(=O)[C@@H](CC(=O)NCC)[S+]=C1[O-],-1.417242407798767
guided,CCOc1ccc(CN[C@H]2CCCc3ccccc32)cc1,-9.36500358581543
guided,O=C(c1ccccc1)N1CCCCC1,-8.528017044067383
guided,[H]/N=C1\c2cc3ccccc3cc2CN1NC(=O)c1cccc(S(=O)(=O)N(CC(=O)NC2CCCCC2)c2ccccc2)c1,-2.2690677642822266
guided,COc1cccc(OCC(=O)Nc2ccccc2N2CCN(C)CC2)c1,-3.0625436305999756
guided,[CH][C@]([CH+][C+]([O-])[N-][CH-]CCC)(CC[C+]([O-])N1CCC(N(C)[c+]2[cH-][cH+][cH-][cH+][cH-]2)CC1)[C+]([O-])CC.[H+],-0.850181519985199
guided,COCCN[C@H](C(=O)Nc1cccc(C(C)=O)c1)c1cccc(OC)c1,-1.305336594581604
guided,O=C(CSc1ccc(-c2ccccc2)nn1)N1CCCC1,-4.338603496551514
guided,O=C(CCCCCCNC(=O)[C@@H]1CCC(=O)N(CCc2ccccc2)C1)N/N=C\c1ccc(Cl)cc1,-1.823960542678833
guided,O=[N+]([O-])c1cc(CCn2ccnc2)cc(C(F)(F)F)c1,-2.8204047679901123
guided,O=C(NS(=O)(=O)c1cccc2ccccc12)c1c[nH]c2ccccc12,-1.5774991512298584
guided,CCS(=O)(=O)c1ccc(N(NC(=O)CCC[C@H](C)C(=O)O)C(C)=O)cc1,-0.4486078917980194
guided,CCCCn1nc(CC)n2c(cc3occc32)c1=O,-3.5234854221343994
guided,CN(CCN(CNc1ccc(N)cc1)CC(=O)Nc1ccccc1C(F)(F)F)Cc1ccccc1,-2.8453240394592285
guided,CC[C@@H](C)c1ccccc1OCCCCN1CCCC1,-11.393895149230957
guided,C/C(=N\NS(=O)(=O)c1cccc2nsnc12)c1ccccc1,-0.8176886439323425
guided,Cc1ccc(F)c(NC(=O)c2ccccc2F)c1,-7.401027202606201
guided,N#Cc1ccccc1OCCN1CCN(CC(=O)Nc2ccccc2)CCC1=O,-0.6367313265800476
guided,C[C-]([O-])O[N-][C]C(C)[CH+][N-][CH+][N-][C+]1[CH+][C+](C(C)(C)C)[CH+][CH+][C+]1[C][N-2],-1.7749786376953125
guided,S[C@@H](COCCOCc1nc2ccccc2[nH]1)c1ccc2c(c1)OCO2,-2.525170087814331
guided,COc1ccc(Nc2ccc3oc(-c4ccccc4O)nc3c2)cc1,-3.4923229217529297
guided,[H+].[H+].[O-][CH+]C1(O)O[CH-][N-][c+]2[cH-][cH+][cH-][cH+][c-]2[C+]([O-])CC[OH+]C(CO)C(O)C(O)C1O,-0.3889281153678894
guided,Cn1c(CN2CCCC2)nc2cc(NC(=O)Nc3ccccc3)ccc21,-3.002516984939575
guided,O=C(NN=C1CCCC1)c1ccccc1O,-2.3573691844940186
guided,CCOC(=O)COc1cccc(NC(C)=O)c1,-1.910248041152954
guided,CCOC(=O)N1CCC(NC(=O)C2CCN(C(=O)N3C[C@H](C)Oc4ccccc43)CC2)CC1,-0.8818174004554749
guided,COc1cccc([C@H]2NC(=O)c3c(sc4c3CCN(C)C4)N2)c1,-3.274752140045166
guided,C[C@H]1CCCCN1C(=S)NCCc1ccccc1,-9.833427429199219
guided,C[C+]1S[C+]([N-][CH+][N-]C[C-]([O-])N[c-]2[cH+][cH-][cH+][c-](C)[c+]2C)[C][C+]1[S+2]([O-])([O-])N1CCCCC1.[H+],-1.356348991394043
guided,O=C(NC(=S)Nc1ccccc1N1CCCCC1)c1ccco1,-3.240715980529785
guided,Cc1ccccc1OC[C@H](O)CN1CCC(C)CC1,-6.247827529907227
guided,CCOc1ncccc1C(=O)O[C@H](C)C(=O)NC(=O)NCc1ccccc1,-0.3956376612186432
guided,COc1cccc(N[C@@H]2c3ccccc3C(=O)N2Cc2ccco2)c1,-3.9589059352874756
guided,CCNc1c(-c2nc3ccccc3[nH]2)sc(CN2CCCCC2)c1S,-6.2016987800598145
guided,C/C=C\C(C(=O)O)=C(\O)c1ccc(-c2ccc(C(C)=O)cc2)o1,-1.6674617528915405
guided,CNC(=O)Oc1ccc(O[C-]2C=CCCC2)cc1.[H+],-4.351189136505127
guided,C[C@@H](O)CNCCc1cccs1,-6.196471691131592
guided,CCOC(=O)[C@](NC(=O)c1ccco1)(Nc1nc(C)cs1)C(F)(F)F,-0.7313644886016846
guided,COc1ccc(N[C@@H]2CC(=O)N(c3ccc(OC)c([N+](=O)[O-])c3)C2=O)cc1,-0.5018495321273804
guided,CCOc1ncccc1C(=O)Nc1cc2c(cc1-c1nc3ccccc3s1)CCC2,-4.317897319793701
guided,COc1ccc(C)c(S(=O)(=O)NC[C@@H](O)CN2CCN(c3ccc(F)cc3)CC2)c1OC,-0.37533462047576904
guided,Cc1nnc(SCC(=O)Nc2nc3c(s2)CCCCC3)s1,-2.291834831237793
guided,CS[C+]([C-](O)[c+]1[cH-][cH+][cH-][c+]2[cH-][cH+][cH-][cH+][c-]12)N1CCCC1.[H+],-8.841445922851562
guided,Cc1[c-]c(/N=N/c2ccccc2)c(S(=O)(=O)N(C)Cc2ccc(F)cc2)cc1C(N)=O.[H+],-1.6980597972869873
guided,[CH2][N+](CCC[CH][C]([O-])[C]1[C]2C1C21[C][C]([C](C)[O-])[C](OC)[C](OC)[C]1[O+]C)C[C]1[CH][CH][C]([N+]([O])[O-])[CH][CH]1.[H+],-0.4976525902748108
guided,Cn1c(=O)c2c(nc(Oc3ccc(C(C)(C)C)cc3)n2C)n(C)c1=O,-1.4901113510131836
guided,C[CH+]C(CC[CH+]C(C)C[N-][C-]([O-])[c+]1[c-](C)[n-][c+]2[c+]([c-]1C)[C+]1[N-][N-][N-]N1C(CCC(C)C)C2)(CC(C)C)[C+]([O-])O,-3.130579710006714
guided,Cc1cc(C)cc(C2=[S+]c3nc(C)c(C#N)cc3/C2=C(/[O-])Oc2ccccc2)c1,-2.3495209217071533
guided,CCCOc1ccc(OCC)c(CNCCc2ccc(O)cc2)c1,-4.3918585777282715
guided,COC1CCN(Cc2c(O)ccc3cc(Br)ccc23)CC1,-7.055172443389893
guided,CCCNC(=S)N1CCCC1,-9.566420555114746
guided,CCCCNC(=O)NS(=O)(=O)c1cccc2[nH]ccc12,-0.5799364447593689
guided,Cc1ccc(NC(=O)CCN2C(=O)[C@H]3CCCC[C@H]3C2=O)cc1C,-2.1646265983581543
guided,CN(C(=O)c1cc2ccccc2oc1=O)[C@@H]1CC[C@H](Cc2ccccc2)C1,-4.647395133972168
guided,CCc1cccc(Oc2cc(-n3cc(NC(C)=O)c4ccccc43)ncn2)c1,-3.133150100708008
guided,CC[C@@H](c1ccccc1)[C@@H](/C=C/c1ccccc1OC)NC(=O)c1cccnc1,-5.283132076263428
guided,COc1cccc(CCC(=O)Nc2ccc(C(=O)O)cc2)c1,-1.4813146591186523
guided,CCc1ccc(N[C@H]2CC(=O)N(CCc3cc(OC)c(OC)c(OC)c3)C2=O)cc1,-1.4556645154953003
guided,COCCOc1c2c(cc3[nH]c(C(=O)O)cc13)CCC2,-1.6174620389938354
guided,Cc1nn(Cc2ccc(Cl)cc2)c(C)c1/N=N/c1ccccc1C(=O)O,-3.130028009414673
guided,NS(=O)(=O)c1cccc(NCc2ccccc2F)c1,-1.4293502569198608
guided,NNc1nc(N2CCCC2)nc(N(Cc2ccccc2)Cc2ccc(F)cc2)n1,-1.1867663860321045
guided,C=CCn1c(N)cc(=O)nc1S[C@@H](C)C(=O)Nc1ccc(C(=O)OCC)cc1,-0.4571097195148468
guided,CCCCn1c(-c2nn(C)cc2Cl)n[nH]c1=S,-3.795628547668457
guided,Cc1cc(C(=O)N2CCC[C@H](Nc3ccccc3C)C2)nc(-n2nc(C)cc2C)n1,-1.849847435951233
guided,CN(CCO[C]1[CH][CH][C](N([O-])[O-])[CH][CH]1)C[C+]1[CH][CH][CH]S1,-2.387392520904541
guided,CO[C-]1[CH+][C-]([c+]2[cH-][cH+][cH-][cH+][cH-]2)[N-][C+]([c+]2[cH-][cH+][c-](OC)[c+]3[cH-][cH+][cH-][cH+][c-]23)O1,-6.487488746643066
guided,Cc1cc(CN(C)Cc2c(OCc3ccccc3)ccc3ccccc23)on1,-7.334727764129639
guided,CNC[C@@H](O)CN1CCN(c2ccc(F)cc2)CC1,-5.019031047821045
guided,Cc1ccc(-c2noc(=O)n2CC(=O)N2CC(=O)Nc3ccccc32)cc1,-0.30830931663513184
guided,Cn1nnc(-c2ccccc2F)n1,-4.385342597961426
guided,O[C@H](c1cccc(C(F)(F)F)c1)c1ccccc1Br,-9.911951065063477
guided,C[C-]1[CH+][CH+]CN2C[C+](C34CC35[CH+]CCCN5CC[N-]4)[C-]([CH+][C][CH+][CH-][C+]([C][N-2])[C][N-2])[C-]2[CH+]1,-3.0944700241088867
guided,CCN1C(=O)C[C@@H](N2CCC(C(N)=O)CC2)C1=O,-0.7642694711685181
guided,COC(=O)c1ccc(OCCCCN2C[C@@H](C)O[C@@H](C)C2)cc1,-4.076590061187744
guided,Cc1ccc(/C=C\C=N\CC(=O)c2ccc([N+](=O)[O-])cc2)cc1OCC(N)=O,-0.6616079211235046
guided,Cc1c(NC(=O)CCC(=O)N[C@@H]2[CH-]C2)cccc1C(=O)NCc1ccc2c(c1)OCO2.[H+],-0.5829373598098755
guided,COc1ccc(CCNC(=O)C(=O)NC[C@@H]2OCCN2S(=O)(=O)c2ccc(Cl)cc2)cc1OC,-0.27787673473358154
guided,Cc1ccoc1C(=O)N(Cc1ccccc1)C(C)C,-6.7013373374938965
guided,COc1cc(/C=C/c2nc3ccccc3[nH]2)cc(OC)c1OC,-3.5781731605529785
guided,N#Cc1cccc(CSc2nnc3ncc4c(n23)CCCC4)c1,-2.2918970584869385
guided,CCN1c2ccc(Cc3sc(=S)[nH]c3-c3ccc(Cl)cc3)cc2C[C@H]1C,-12.255743980407715
guided,O=C(/C=C/c1ccccc1)OCC(=O)c1cccn1-c1ccc(F)cc1,-4.780282974243164
guided,COc1ccc(C(=O)Oc2c(OC)cc(C(=O)NCC(C)C)cc2OC)cc1,-1.3042566776275635
guided,O=C(O)CCCCSc1ccc(/C=C2/CC(=O)NC2=O)o1,-0.5251977443695068
guided,Cn1cc(CNC2CCCCC2)c2ccccc21,-9.740099906921387
guided,CCOc1ccc2c(c1)c1nc3ccccc3nc1n2C,-5.623279571533203
guided,COc1cccc(CN(C)C(=O)/C=C/c2ccc(F)cc2)c1OC,-5.725879669189453
guided,C[C+]1O[N-][C+]2CC(C)(O)C([C-](C)[O-])C([C][CH+][C-]([C][C+]([O-])OC(C)(O)[C+](C)[O-])[c+]3[cH-][cH+][cH-]o3)[C+]21.[H+],-0.43365025520324707
guided,O=C(c1cccs1)N1CCC(C(=O)N2CCCCC2)CC1,-5.131918430328369
guided,C/C(=N\NC(=O)CCCC(=O)NNC(=S)Nc1ccc(Cl)cc1)c1ccc(Cl)cc1,-1.508457899093628
guided,COc1ccc2nc(NNC(=O)C/[S+]=c3\nc4ccccc4c([O-])n3CC(C)C)sc2c1,-0.7641665935516357
guided,Cc1ccc(OCCCn2ccnc2)c(C(C)C)c1,-7.93831729888916
guided,CC[C-]([O-])[N-]C1CCO[C+]2[CH+][CH-][c+]3[cH-][cH+][cH-][cH+][c-]3[C+]21,-4.178889751434326
guided,COc1ccc(OCCSc2nnc(C)n2-c2ccc(F)cc2)cc1,-4.551994800567627
guided,CN(C)c1ccc(C(=O)Cc2cc(=O)oc3cc(F)c(F)cc23)cc1,-4.14233922958374
guided,CN(C)S(=O)(=O)c1ccc(N2CCCC2=O)c([N+](=O)[O-])c1,-0.40326690673828125
guided,CN1C(=O)C(/C(C#N)=C(\[O-])Nc2ccccc2)=C=[N+](C2CCCCC2)C1=O,-0.42349326610565186
guided,COc1ccccc1Cc1nc2ccc(C(=O)NCc3cccnc3)cc2o1,-1.7950329780578613
guided,C/C=C/C=C/C=C/C=C/C=C\C(=O)OCC(=O)N1CCOCC1,-3.124741315841675
guided,O=C(c1ccco1)N1CCN(CCCN2C(=O)c3cccc4cccc(c34)C2=O)CC1,-1.5171571969985962
guided,CCOC(=O)N[C@@H](Cc1ccc([N+](=O)[O-])cc1)NC(=O)OC(C)(C)C,-0.7498046159744263
guided,CCCN1C(=O)/C(=N\OCC(=O)NCC(F)(F)F)c2ccccc21,-1.4795348644256592
guided,Cc1c(C(=O)N(Cc2ccccc2)C(C)C)oc2ccccc12,-7.587172031402588
guided,CC(C)c1ccc(CC[C@@H]2CCCN(C)C2)cc1,-13.260812759399414
guided,C[CH-]C[N@@+]1(CC)[CH-]C[C@@]2(C)/C(=C\CC1)Nc1ccccc12.[H+],-11.478622436523438
guided,CN(C)S(=O)(=O)c1nnc(-c2ccc([N+](=O)[O-])s2)n1-c1ccc(F)cc1,-0.5372810959815979
guided,NS(=O)(=O)c1ccc(O)c(NC(=O)c2cccs2)c1,-0.3397819995880127
guided,COc1ccc(OC)c(NC=C2C(=O)CC(c3cccs3)CC2=O)c1,-2.7679738998413086
guided,O=C(Oc1ccc2ccccc2c1)c1ccccc1[N+](=O)[O-],-2.55313777923584
guided,CC(=O)c1ccc(N2CCN(S(=O)(=O)c3ccc4c(c3)CCCC4)CC2)cc1,-3.184480667114258
guided,CCOC(=O)Nc1cc(C(C)=O)c(OC)cc1C,-2.2847890853881836
guided,Cc1cc(C)c2c(N)c(C(=O)N/N=C/c3ccc(O)cc3O)sc2n1,-0.6542940735816956
guided,Cc1nc2ccc(Oc3ccc(NS(=O)(=O)c4ccc(N5CCCCC5)cc4)c(C)c3)cc2[nH]1,-3.2725677490234375
guided,Cn1c(C(=O)N[C@H]2CCCc3ccccc32)cc2c(=O)n(C)c3ccccc3c21,-3.6474416255950928
guided,O=C(Nn1cnnc1)[C@@H]1CC(=O)N(c2ccccc2)C1,-0.8189954161643982
guided,CCCCCN(CCC)Cc1ccc2ccccc2c1,-14.237483024597168
guided,C/C(=C(/NCCCCCc1ccccc1)c1ccccc1)c1nc(=O)[n-]c(=O)n1C.[CH2+]CN1CCOCC1,-0.9307044744491577
guided,CCCCN(CC)CC[C@H](C)NC(=O)[C@]1(c2cc3cc(C)ccc3oc2=O)Cc2cccc(C)c2O1,-3.4944822788238525
guided,NCCc1nnc2n1CCCCC2,-2.8378233909606934
guided,CC[CH-]CC(=O)/[O+]=C1/C=CC(S(=O)(=O)N2CCC(C)CC2)=CC1=O,-0.9594246745109558
guided,N#Cc1ccccc1CSC[C@@H](NC(=O)CCC(=O)O)C(=O)O,-0.37324637174606323
guided,COCCCN[c-]1[n-][c+]2[c-](C)[cH+][cH-][cH+]n2[c+]([O-])[c+]1[C][CH+][c-]1[cH+][n-][c+]2[cH-][cH+][cH-][cH+][c+]2[n-]1,-0.659386396408081
guided,COc1cccc2c1OC[C@@H]1C2=NNC(=O)[C@@H]1CCc1ccc(C(C)(C)C)cc1,-3.449294328689575
guided,CCCCCCCCCC(=O)NNC(=O)c1c(O)c2ccccc2[nH]c1=O,-0.8876870274543762
guided,CCOc1ccccc1NS(=O)(=O)NC(=O)c1c(-c2ccccc2)noc1C,-0.7870513200759888
guided,COC(=O)CCC(=O)N(C)C[C@@H]1CCCN(CCCCc2cccc(C(F)(F)F)c2)C1,-4.758171081542969
guided,N#Cc1ccc2c(c1)/C(=N\c1ccccc1)c1cc(C(=O)N[C@@H](CCC(=O)O)C(=O)O)ccc1-2,-1.2399402856826782
guided,CCn1cc(C(=O)N2CCc3c(cccc3OC)C2)c(=O)c2cc(F)c(N3CCN(C(=O)c4ccco4)CC3)cc21,-1.4495751857757568
guided,Nc1c([N+](=O)[O-])c2nc3ccccc3nc2n1CCN1CCOCC1,-0.2790352404117584
guided,COc1ccc(CN(C)CCOc2ccccc2)c(OC)c1,-6.785372257232666
guided,CCCCCOCC[S@@+]([O-])Cc1ccccc1,-6.656881809234619
guided,COCC[N+]1([C]([O])[C]2[CH][CH][C](C)[C](S([O])([O])N3CCO[C]4[CH][CH][CH][CH][C]43)[CH]2)[C]O1,-0.8007165193557739
guided,OC[C@]1(Cc2ccccc2)CCCN(Cc2ccc3occc3c2)C1,-6.588994026184082
guided,CN(C1CCCCC1)S(=O)(=O)/C=C/c1ccccc1,-5.874347686767578
guided,CC[C@@H](C)c1ccc(NC(=O)CCC(=O)Nc2ccccc2OC)cc1,-3.1363937854766846
guided,CC(=O)N1N=C(c2cccnc2)O[C@@H]1c1ccc(OC(C)C)cc1,-2.450103998184204
guided,COc1ccc(Oc2nccc(N)c2C#N)cc1,-0.9477471709251404
guided,CCCCCCn1nc(C)cc1NC(=O)c1ccccc1F,-5.094681739807129
guided,O=C(Cn1c(=O)oc2ccccc21)NNC(=O)c1cccnc1,-0.21496085822582245
guided,C[C@H](/[S+]=C1\C=CC=C\C1=C(\[O-])O)C(=O)O,-0.9722685217857361
guided,Cc1cc(-c2ccc(-c3ccccc3)o2)nc([C@@H](COC(=O)C(C)(C)O)NC(=O)C2CCCCC2)c1,-2.627776861190796
guided,CC(C)NC[C-]([O-])OC[C+]([O-])[N-][C+]1S[CH-][CH+][C+]1[C+]([O-])N[c+]1[cH-][cH+][c-](F)[cH+][c-]1F,-0.4019591510295868
guided,CCCCOC(=O)Nc1nc2c(s1)C(=O)C[C@H](C)C2,-2.265779972076416
guided,O=C(COc1ccccc1Cl)Nc1nc(-c2cccs2)cs1,-4.769891738891602
guided,Nc1cc(N)nc(-c2cccc3ccccc23)n1,-1.1746244430541992
guided,CCN(CC)CCCNC(=O)[C@@H]1CCC(=O)N1C(C)C,-3.2663986682891846
guided,CCn1c(COc2ccccc2C)nnc1SCC(=O)N1CCOCC1,-1.6235712766647339
guided,CCCN1CCN(CCNC(=O)c2ccc(OC)cc2)CC1,-4.146906852722168
guided,COc1ccc(N2CCN([C@H](c3cccc(OC)c3)c3nnnn3C3CCCC3)CC2)cc1,-2.3804540634155273
guided,C[C@@H]1CN(C(=O)COC(=O)[C@H]2CCC(=O)N2C2CCCCC2)C[C@H](C)O1,-1.2800310850143433
guided,NS(=O)(=O)OCCCc1ccccc1,-1.5284286737442017
guided,CCCCn1c(-c2cccs2)nc2ccccc2c1=O,-6.608554363250732
guided,O=C(O)CSCC(=O)NNC(=O)/C=C/c1ccc([N+](=O)[O-])cc1,-0.3904118239879608
guided,CCN(CC(=O)Nc1ccc2ccc(C)cc2n1)Cc1ccc(F)cc1,-5.230250835418701
guided,CCC(=O)[C@H]1CCCN(C(=O)Cn2cnc(S(=O)(=O)N3CCCCC3)c2)C1,-0.5154033899307251
guided,COc1ccccc1NC(=O)C1=C(C)NC2=C(C(=O)CC(C)(C)C2)[C@@H]1c1ccc(F)cc1,-3.63840913772583
guided,CCc1cc(O)c2c(=O)cc(-c3cccs3)oc2c1,-4.349828243255615
guided,Cc1cc(CNC(=O)CN2C(=O)COc3ccc(S(=O)(=O)N4CCc5ccccc5C4)cc32)no1,-0.32020193338394165
guided,CCOc1ccccc1[C@@H]1c2[nH]c3ccccc3c2C[C@@H]2C(=O)N(CC3CC3)CC(=O)N12,-2.630244731903076
guided,N/C(CCc1ccccc1)=N\OC(=O)c1ccc(Br)cc1,-2.676164150238037
guided,CO[C@@H](C#CCN1CCC[C@@H](c2ccccc2)C1)CCCc1ccccc1,-11.78288745880127
guided,CCNC(=S)N(Cc1ccccc1)Cc1cc2c(C)ccc(C)c2[nH]c1=O,-4.819052219390869
guided,COc1cccc(C(=O)[C@H]2CCCN(Cc3ccc(C)o3)C2)c1,-5.268031120300293
guided,CN(C1CCCCC1)S(=O)(=O)c1cccc2nsnc12,-2.3576202392578125
guided,CCC(=O)NC(=S)Nc1cc(S(=O)(=O)N(C)C)ccc1C,-0.9807099103927612
guided,C[C@@H](SCc1ccccc1)C(=O)N/N=C/c1cccc(-n2cnnn2)c1,-0.8269442915916443
guided,CCn1c(NCc2cccc(Cl)c2)nc2ccccc21,-7.815529823303223
guided,Cc1ccc(=N[C@H](/C=[NH+]/N=C2\CCCc3ccccc32)C(=O)N/N=C/c2ccccc2OC(C)C)[cH-]c1,-0.8222701549530029
guided,S=c1[nH]c2cnccc2n1Cc1ccccc1,-6.382147312164307
guided,Cn1c(=O)n(CCC(=O)Nc2nnc(C3CCCCC3)s2)c2ccccc21,-1.3175241947174072
guided,CCOC(=O)C1=C(C)/C(=C(/[O-])OCC)C(NC(=O)CCC/N=N/C=C2/C=NC(c3ccccc3)=C2)=[S+]1,-0.884945809841156
guided,Fc1ccc(-c2ccc(OCCN3CCOCC3)cc2)cc1,-8.55048656463623
guided,[O-][S@+](CCc1ccncc1)Cc1ccccc1,-5.736279487609863
guided,COc1ccc(C(=O)NC2CC2)cc1C,-5.215643405914307
guided,CO/[C-]=C/c1c([N+](=O)[O-])c(=O)n(C)c(=O)n1C.[H+],-0.45689162611961365
guided,CSc1ccc(C(=O)Nc2nc3c(s2)CN(C)CC3)cc1S(=O)(=O)N1CCCC1,-1.0922818183898926
guided,CCCn1nc(C(=O)Nc2cccnc2)c2ccccc2c1=O,-1.1712377071380615
guided,CCCONC(=O)N/C=N/OC,-1.491550326347351
guided,COc1cc([C@@H]2N[C@H](C(=O)O)Cc3c2[nH]c2ccccc32)c(OC)c2c1OCCO2,-0.597188413143158
guided,COc1ccccc1NC(=O)CCN1C[C@@H](C)O[C@@H](C)C1,-3.4196553230285645
guided,Cc1ccc(-n2c(C)cc3c2-c2ccccc2CC3=O)c(C)c1,-9.69778823852539
guided,CCCCN(c1cccc(O)c1)S(=O)(=O)c1ccc2c(c1)NC(=O)[C@H](C)C(=O)N2,-0.7305752038955688
guided,COc1ccc(Cl)cc1NC(=O)C(=O)c1c(C)n(-c2ccccn2)c2ccccc12,-2.8912386894226074
guided,CCNC(=S)NCc1ccccc1,-7.673927307128906
guided,CN(CC(N)=O)S(=O)(=O)c1ccc(NC(=O)c2n[nH]c3ccccc23)cc1,-0.2637343108654022
guided,Cc1ccc(-n2c(C)cc([C@H]3N=C(N)Nc4nc5ccccc5n43)c2C)c(C)c1,-2.5693318843841553
guided,CO[c-]1[cH+][c-]2[cH+][cH-][cH+][cH-][c+]2[cH-][c+]1[C-]([O-])N[C+]1[CH+][CH+][CH+]C[C+]1[C][N-2],-1.9913040399551392
guided,COc1cc(/C=N/NC(=O)c2cccc(OCC(C)C)c2)cc(Cl)c1O,-1.7850110530853271
guided,Cc1ccc(OCC#Cc2cccc(/C=C3\Oc4ccccc4NC3=O)n2)cc1,-3.435945749282837
guided,COCCn1c(C)c(C(C)=O)c2ccccc21,-6.588626384735107
guided,COCCN[C-]([S-])N1CCN(C[C][CH+][c+]2[cH-][c+](C)[cH-][cH+][c-]2C)CC1,-6.9682745933532715
guided,Cc1cccc(OCC(=O)NC[C@H](c2cccs2)N2CCOCC2)c1C,-3.725151538848877
guided,CN(C)[C@@H](CNC1CCN(Cc2ccccc2)CC1)c1ccccc1,-9.386343955993652
guided,COc1ccc(C(=O)COc2ccc(C)cc2[N+](=O)[O-])cc1,-1.4500224590301514
guided,CN(C[C@H](Cc1ccccc1)N(C[C@@H](Cc1ccccc1)N(CCCCCC(=O)Nc1cccc(F)c1)N=O)N=O)N=O,-3.5727005004882812
guided,CCOC(=O)N1CCN(/C(=C\c2ccc3c(c2)OCO3)c2ccccc2)CC1,-4.127004146575928
guided,C[c-]1[cH+][cH-][cH+][c-]2[cH+][c-]3[c+](N(C)[C-]([O-])[C+]4[CH+][CH-][CH+][C-]([C][CH+][c-]5[cH+][cH-][cH+][cH-][cH+]5)[CH+]4)[n-]n(C)[c+]3[n-][c+]12,-3.1901371479034424
guided,CC(=O)NCC(=O)OCC(=O)/C=C/c1cccs1,-1.2900854349136353
guided,COc1ccc(/C=N\NC(=O)OC(C)(C)C)cc1OCc1cccs1,-2.736577033996582
guided,CCCCc1ccc(OC[C@H](O)Cn2nc(C)cc2C)cc1,-4.45782470703125
guided,Cc1ccc(C)c(N2CCN(S(=O)(=O)CC(F)(F)F)CC2)c1,-4.98415470123291
guided,CCOc1ccc(S(=O)(=O)N(CC(=O)NC2CCCCC2)c2ccc(F)cc2)cc1,-2.055250883102417
guided,C[C@@H]1CCCN(S(=O)(=O)c2ccc3c(c2)n(C)c(=O)c(=O)n3C)C1,-0.7509112358093262
guided,N#Cc1c(N2CCN(c3ccc(F)cc3)CC2)ccc([N+](=O)[O-])c1N1CCOCC1,-0.9653788208961487
guided,CCOC(=O)NNS(=O)(=O)c1ccc(/C(C)=N/NC(=O)C2CC2)cc1,-0.36443832516670227
guided,CNC(=O)N/N=C\c1c(O)ccc2ccccc12,-1.2782291173934937
guided,N#C[C@@H](CC(=O)Nc1ccccc1)NCc1ccco1,-1.0583381652832031
guided,COc1ccc2c(c1)c(C(=O)N/N=C/c1cccn1C)c(C)n2C,-2.497171401977539
guided,CN(C)C[C@H]1NCN(c2ccc(Br)cc2)/C1=C1/C=Cc2ccccc2O1,-7.924728870391846
guided,COCC/C(C)=N/NC(=S)NCc1ccco1,-2.539346694946289
guided,N#Cc1cc(N)ccc1N1CCc2ccccc2C1,-3.4068078994750977
guided,CO[c-]1[cH+][cH-][c+](N[C-]([O-])CS[c+]2[n-][c+]3[cH+][cH-][cH+][c-]4o[c-]5[cH+][c+](-[c+]6[cH-][cH+][c-](C)[cH+][c-]6C)[n-][c-]2n5[c+]34)[cH-][cH+]1,-2.774024248123169
guided,CCCCSCCCNC(=O)c1cc2c(=O)[nH]c3ccccc3c2s1,-3.5255072116851807
guided,CCN(/N=C/c1cnc2ccccc2c1)C1=NC(=O)N(c2ccccc2)C1=O,-1.574305772781372
guided,CCn1[cH+][cH+][n-][c-]1[C-]1[N-][C+]2[CH+][CH-][CH+][CH-][C+]2[C-](N[c+]2[cH+][cH-][cH+][cH-]n2C)[N-]1,-2.708235025405884
guided,NS(=O)(=O)c1ccc2ccccc2c1,-2.3339359760284424
guided,CCCC(=O)n1c(=O)[nH]c2cc(C(=O)NCc3ccco3)ccc21,-0.5048336386680603
guided,CN(CCCO)c1nc2ccccc2nc1/N=C/c1ccc(F)cc1,-2.783898115158081
guided,C[C@@H](CN1CCCC1)OC(=O)c1cccs1,-6.805770397186279
guided,C[C@@H]1CN(CCOc2ccc3c(c2)CCC3)C[C@@H](C)O1,-8.345056533813477
guided,CC(C)NC(=O)N[C@@H](C)C(=O)NC[C@H](NC(=O)c1ccco1)c1cccs1,-0.4290304481983185
guided,CN(CC(=O)NCCN1CCN(Cc2ccccc2)CC1)S(=O)(=O)c1ccc2c(c1)CCC(=O)N2,-0.2762433886528015
guided,CCC[CH-]CC[C@@H](C)/N=C1/[O+]=C(Cc2ccccc2)N=C1C#N,-3.400219202041626
guided,[CH2-]CCC[N-]CCC(=O)/[N+](=C1/C=CC=C/C1=[O+]\C)c1cc(C)c(C(C)=O)c(C)c1,-3.6045994758605957
guided,COCCNC(=O)CCc1c(C)n[nH]c1C[C@H](C)O,-0.6129242181777954
guided,[O+]#Cc1ccccc1-c1[c-]cc(CN2CCC[C@@](CO)(CCc3ccccc3)C2)cc1,-6.3838677406311035
guided,Cc1cc(C)n(-c2nc(Nc3ccccc3C)nc(N(C)C)n2)n1,-1.6473758220672607
guided,CCCCCN(CC)C[C@H]1CNCCN1c1ccc(F)c2ccccc12,-9.908740997314453
guided,O=C1/C(=C/C=C/c2ccco2)Oc2cc(OC(=O)N3CCc4ccccc43)ccc21,-3.4421839714050293
guided,O=C(Cc1ccccc1)N[C@H](Cc1c[nH]c2ccccc12)C(=O)O,-0.9824883937835693
guided,COc1ccc(N2CCN(c3ccc(N4CCC[C@@H](C)C4)cc3)CC2)cc1,-9.809057235717773
guided,CCC(=O)NC(=S)Nc1ccc(C)cc1C,-5.02967643737793
guided,COc1ccc(OC(=O)NC(C)(C)C)cc1-c1ccc(C)cc1,-5.277803897857666
guided,C/C(=N\NC(=S)Nc1ccc(C(C)C)cc1)c1ccc(C#N)cc1,-3.738628387451172
guided,O=C(/C=C/c1ccccc1)OC1CCCCC1,-7.9615888595581055
guided,Cc1nc(CN(C(=O)[C@@H]2CCC(=O)N(CC3CCCCC3)C2)c2ccccc2)no1,-1.781644344329834
guided,Cc1ccc(C)c(C(=O)NCCC(=O)NCCCN2CCCCC2)c1,-2.47861909866333
guided,C/C(=N/OC(=O)c1ccc(-c2ccccc2)cc1)c1ccc([N+](=O)[O-])cc1,-2.561217784881592
guided,COc1ccc(N(CC(=O)N/N=C\c2cccc([N+](=O)[O-])c2)S(=O)(=O)c2ccccc2)cc1,-0.7379773855209351
guided,Cc1ccc2cc([C@@H](c3nnnn3-c3ccccc3)N3CCN(c4ccc(F)cc4)CC3)c(=O)[nH]c2c1,-1.639723777770996
guided,CCOC(=O)/C(=C\c1ccc(C)cc1)NC(=O)c1ccccc1,-3.453434467315674
guided,CC[C@@H](C(=O)Nc1cccc(OC)c1)n1nc(C)c2c(C)n(-c3ccccc3)nc2c1=O,-1.2805297374725342
guided,COCc1cc(=O)[nH]c(/N=C(\N)Nc2ccc(OC(F)F)cc2)n1,-0.40418022871017456
guided,CCCCOc1ccc(OC)c(OCCC)c1,-7.749632835388184
guided,CCOc1cccc(-c2cc(-c3ccc(OC)c(C)c3OC)no2)c1,-4.628566741943359
guided,CN(C)CC(=O)Nc1ccc2ccccc2c1,-6.165627956390381
guided,COc1ccccc1CNc1ccccc1C(=O)O,-2.9361963272094727
guided,C[C@H]1Cc2nc(SCC(=O)NC3CCCCC3)n(C)c(=O)c2S1,-2.1997735500335693
guided,C[C@@H](C(=O)Nc1ccccc1F)N1C(=O)c2ccccc2C1=O,-1.9359368085861206
guided,Cc1cccc(-c2nc(C)c(C(C)C)o2)c1Oc1ncccn1,-3.829209089279175
guided,Cc1ccc2cccc(OCC(=O)Nc3ccc4c(c3)OCO4)c2n1,-2.017557382583618
guided,Cn1c(SCc2cnc(-c3ccccc3)s2)nnc1[C@@H]1COc2ccccc2O1,-3.766305685043335
guided,COc1ccccc1[C@@H]1C=COC(C)=C1C(=O)OC(C)C,-4.930567741394043
guided,COC(=O)C1=C(C)N=C2SC(C(=O)N/N=C/c3ccccc3)=C(C)N2[C@H]1c1ccc(O)c(OC)c1,-1.182497501373291
guided,COC(=O)Cc1c(C)[nH]n(-c2ccccc2)c1=O,-1.9590973854064941
guided,C[C-]([O-])N[C+]1[C+]([C+]([O-])[C+]([N-]N[c+]2[n-][c+]3[cH-][cH+][cH-][cH+][c-]3[cH+][c-]2C)N[C+]([O-])[c+]2[cH-][cH+][cH-][cH+][cH-]2)[N-][C+]([O-])N(C)[C+]1[O-],-0.27616363763809204
guided,COc1ccc2oc(=O)cc(CN3CCc4ccccc4C3)c2c1,-5.025832653045654
guided,COc1ccccc1CC(=O)NC(=S)Nc1ccc(N(C)C)cc1,-3.3446342945098877
guided,CCOC(=O)Cc1ccc(OCC)cc1OCC,-4.472873210906982
guided,CN(C)S(=O)(=O)c1ccc([C@@H](O)CN2C(=O)NC(C)(C)C2=O)cc1,-0.366879940032959
guided,COCCCn1c(SC2CCCC2)nc2ccc(NC(=O)c3ccc(C)cc3)cc2c1=O,-3.15069842338562
guided,O=C(CCc1ccccc1)N1CCCC1,-8.498235702514648
guided,Cc1ccccc1C(=O)NCc1ccccc1F,-7.149348735809326
guided,CCOc1ccc(OCC)c(N/N=C2\C(=O)N(C)c3ccccc32)c1O,-1.1215291023254395
guided,COCCCNC(=S)NC1CCCC1,-6.068004131317139
guided,CN(CC(=O)NCC#Cc1ccccc1)S(=O)(=O)c1cccc2cccnc12,-0.889030396938324
guided,CN(CC(=O)Nc1ccccc1)CC(=O)Nc1ccccc1-c1ccccc1,-3.110860824584961
guided,Cc1ccc([C@@H](C(=O)NCc2ccco2)N(Cc2ccccc2)C(=O)Cn2nnc3ccccc32)o1,-1.3742361068725586
guided,CCCC(=O)Nc1ccc(S(=O)(=O)Nc2nc(C)cc(C)n2)cc1,-0.6149665713310242
guided,O=C(CNS(=O)(=O)c1ccc([N+](=O)[O-])cc1)NCc1ccccn1,-0.3019006550312042
guided,C[CH+]CC[N+](C[CH][C]([O-])[O+][C]1[C][CH][CH][C](C)[CH]1)[C]([O-])[C]1[CH][C]([O])N[C]([O])C1,-0.5078098773956299
guided,COCCn1/c(=N/C(=O)CCC(=O)O)sc2cc(Oc3ccccc3)ccc21,-1.0884860754013062
guided,CCNC(=S)N1CCNC(=O)[C@H]1CC(=O)OC,-1.5338091850280762
guided,Cc1ccc(-c2ccc(CC(=O)NCC(F)(F)F)n2NC(=O)c2cccs2)cc1,-3.198021411895752
guided,Cc1ccc(S(=O)(=O)NCC(=O)OCc2nnc(-c3ccccc3)o2)cc1,-0.41776517033576965
guided,Brc1cc2c(cc1CN1CCOCC1)OCO2,-6.445291996002197
guided,O=[N+]([O-])c1cccc(C2=[O+]/C(=[S+]/Cc3ccccc3N([O-])[O-])N=N2)c1,-0.7644359469413757
guided,Cc1cc2oc(C(=O)N[C@@H]3CCS(=O)(=O)C3)c(C)c2cc1C,-1.239897608757019
guided,C[C@@H](C(=O)c1cccn1C)n1cnc2ccccc2c1=O,-2.7387118339538574
guided,CC(=O)c1ccccc1OCc1ccc(C(=O)c2cccs2)cc1,-6.0293378829956055
guided,COCc1cc(-c2ccccc2)n(Cc2ccccc2)c(=O)c1C#N,-3.628765344619751
guided,COc1ccc(-c2nn(-c3ccccc3)cc2C(=O)NCc2ccccc2)cc1C,-4.441330432891846
guided,COc1ccc([N+](=O)[O-])cc1N1CCN(C)CC1,-2.421187400817871
guided,COc1cc(C)c(NC(=S)Nc2ccc(S(N)(=O)=O)cc2)cc1OC,-0.5640062689781189
guided,CN(C)CCCN(C(=O)COc1ccc(OC(F)F)cc1)c1nc2c(Cl)cccc2s1,-4.661618232727051
guided,CCC[C@H](C)C(=O)Nc1ccc(C(N)=O)cc1,-1.481576681137085
guided,CN1CCCCCC1,-12.266542434692383
guided,C/C(=N/NC(=S)Nc1cccnc1)c1ccc([N+](=O)[O-])o1,-0.546592116355896
guided,C[C]1[N]N(C[C+]([O])OC[C]([O])NC(C)[C]2[CH][CH][CH][CH][CH]2)[C](C)[C]1N([O-])[O-],-0.5409446358680725
guided,CN(C)c1cccc(NS(=O)(=O)c2ccc(Cl)cc2)c1,-4.077633380889893
guided,COc1cccc(C(=O)O)c1OC(=O)Cc1cccs1,-1.5250962972640991
guided,O=C1c2c(nn3ccc[c-]c23)[C@@H](CC2=CCCCC2)N1Cc1ccccc1.[H+],-6.969827651977539
guided,CCCC(=O)Nc1nn(-c2ccc(C)c(C)c2)c2nc3ccc(C)cc3cc12,-4.510646343231201
guided,COc1cc2c(cc1OC)[C@H](C)N(C(=O)Sc1ccc3ccccc3n1)CC2,-5.209791660308838
guided,Cc1cc(NC(=O)C/[S+]=c2\nc(NS(=O)(=O)c3ccc(Cl)cc3)cc([O-])[nH]2)n[nH]1,-0.32312166690826416
guided,CCCC(=O)NCC(=O)Nc1nn(-c2ccccc2)nc1C(N)=O,-0.31139862537384033
guided,[H]/[O+]=C/CCC[CH-]C[C@@H](NC)C(=O)c1ccccc1,-3.64570951461792
guided,C[C@@H]1CN(Cc2nc3c(c(=O)n(C)c(=O)n3C)n2CCc2ccccc2)C[C@H](C)O1,-1.099880337715149
guided,[CH2-][C@H](C)COc1ccc(-c2n[n-]/c(=[S+]\[C@@H](C)C(=O)NC[C@H]3CCCO3)o2)cc1.[H+],-0.7592442631721497
guided,COc1ccc2c(c1)C(=O)C(=O)N2C(C)(C)C,-4.038496971130371
guided,CO[C-]1[CH+][CH-]O[c+]2[cH-][cH+][c-](-[c+]3[cH-]s[c+](-[c+]4[cH-][cH+][cH-][cH+][cH-]4)[n-]3)[cH+][c-]21,-7.577831745147705
guided,O=C(Cc1ccccc1)N/N=C/c1ccco1,-2.9834086894989014
guided,O=C(/C=C/c1ccccc1)OCC(=O)N1CCCC1,-3.976003646850586
guided,Cc1cc(Nc2ccc(C)c(C)c2)n2nc(C)nc2n1,-3.4138121604919434
guided,CN(Cc1ccncc1)[C@H]1CC(=O)N(c2ccc(Cl)cc2)C1=O,-3.262324810028076
guided,CC(=O)c1nonc1Cn1c(C2CC2)nc2c1c(=O)[nH]c(=O)n2C,-0.3609660565853119
guided,COc1c(C)cccc1C(=O)Nc1ccccc1N1CCOCC1,-3.786249876022339
guided,[CH2-][CH+]C1[C-]([CH-][C]C)[CH+][CH-][C+]2O[N-][C+]([C+]([O-])C[C+]([O-])[C+]3[CH+][CH-][C+](O)[CH-][CH+]3)[C-]([O-])N21,-0.529063880443573
guided,CCN(CC)C/C=C/c1cc2ccccc2n(C)c1=O,-7.679020404815674
guided,O[C@@H]1CCCN(Cc2cccc(Cc3ccccc3)c2)C1,-8.256987571716309
guided,CN(c1ccccc1)S(=O)(=O)c1ccc(C(=O)Nc2nnc(C3CC3)s2)cc1,-1.1224802732467651
guided,CCOc1ccc(/C=C2\SC(=O)N(CCC(=O)N(C)[C@H]3CCS(=O)(=O)C3)C2=O)cc1,-0.5564373135566711
guided,O=C(/C=N\NC(=O)c1c(F)cccc1F)Nc1ccc2ccccc2c1,-2.109367609024048
guided,Cc1ccc(NC(=S)NNC(=O)c2c(Cl)c(C)nn2C)cc1,-1.6441887617111206
guided,COCCSc1nc2ccccc2n1CCOC,-5.61062479019165
guided,COc1ccc(N2CCN(c3nc4[s+]cc(/C(C)=C/c5ccccc5)c-4c([O-])[nH]3)CC2)cc1,-3.3734123706817627
guided,C[C-]1CCCCC1CC1C[N-][C-](N)N1CC[C+]1[CH+][C-](C(F)(F)F)[CH+][C-](C(F)(F)F)[CH+]1,-7.100684642791748
guided,[CH2+]CC[c+]1[c-](-[c+]2[cH-][cH+][c-]([S+2](N)([O-])[O-])[cH+][cH-]2)[cH+][n-]n1[CH-]N[C-]([O-])OC(C)(C)C.[H+],-0.3155049681663513
guided,Cc1cccc(NS(=O)(=O)N2CCCCCC2)c1,-3.835569143295288
guided,COc1ccccc1N1CCN([S@@](=O)([O-])=C=CC=C=C2C=CC(=O)[NH+]=N2)CC1,-0.31600481271743774
guided,O=C(NNC(=O)c1cccnc1)Nc1ccc([N+](=O)[O-])cc1,-0.33806222677230835
guided,O=C(NCO)c1ccccc1,-3.6214756965637207
guided,COCCCNc1nc(C)cc(C)c1C(N)=O,-1.0395315885543823
guided,N#Cc1nc(COc2ccc(Br)cc2)oc1NCc1cccnc1,-1.6317236423492432
guided,NNC(=O)c1ccc2c(c1)C(=O)N(C1CCCCC1)C2=O,-0.4596158266067505
guided,C[C@H](NC(=O)[C@@H]1CC(=O)N(c2ccc(F)c(Cl)c2)C1)C(=O)NCc1ccco1,-0.5842339992523193
guided,CCOCC(=O)N1CCN(c2ccc(F)cc2)CC1,-6.031165599822998
guided,COC(=O)c1sccc1NS(=O)(=O)c1ccc(Cl)cc1,-1.7507094144821167
guided,C[c+]1[cH-][cH+][cH-][c+](NC[C-]2[N-]C3C45[O+](C)C34C5(N(C)C)N2)[cH-]1,-4.257601737976074
guided,CCOC(=O)c1cccc(NC(=S)Nc2ccc(C(C)=O)cc2)c1,-2.6801934242248535
guided,COc1ccc(N/C(C)=C\C(=O)c2ccc(F)cc2)cc1OC,-4.845483303070068
guided,COc1ccc(OC)c(S(=O)(=O)N[C@@H]2CCN(Cc3ccccc3)[C@H]2c2nccn2C)c1,-0.8148464560508728
guided,COCCCNc1nc(Nc2ccccc2)[nH]c(=O)c1C(=O)OC,-0.355403870344162
guided,CC[C]([O])OC([C]([OH+])C(O)[CH][C]1[C][CH][C](OC)[C](OC)[CH]1)[C]1[C]2O[C]([O])[CH][CH][C+]2[CH][CH]C12[c-]1o[o+]12.[CH2-][C]([O])O,-0.8127062320709229
guided,O=C(c1ccco1)N1CC[C@@H](O)C1,-3.106595277786255
guided,COC(CNS(=O)(=O)c1ccc(C)cc1)OC,-1.9351834058761597
guided,CCCC(O)(CCC)C(=O)OCC(=O)Nc1cc(Cl)cc(Cl)c1,-2.059241533279419
guided,CCc1ccc2cc(OCc3ccc(F)cc3)ccc2n1,-9.407708168029785
guided,Cc1cc2ccccc2n1-c1ncc2c(n1)NC(=O)[C@H](C)C2(C)C,-3.0933213233947754
guided,COc1ccccc1N1CCN(C(=O)CC2CCCC2)CC1,-6.407336711883545
guided,Nc1ccc(-n2c(-c3ccc(Cl)cc3)n[n-]/c2=[S+]\CC(=O)N[C@H]2[CH-]C2)cc1.[H+],-0.77198326587677
guided,Cc1cc(C)c2[nH]c(C)c(CN3CCC4(CC3)OCCO4)c(=O)c2c1,-3.330808401107788
guided,CCC(=O)NC1=C/C(=C(/[O-])NC(C)C)C=C/C1=[S+]\C,-2.070669412612915
guided,NN(CCO)c1cnccn1,-1.247863531112671
guided,CCCCc1nnc(SCC(=O)NC2CCCC2)n1CC,-2.8177597522735596
guided,CN(C)S(=O)(=O)c1cccc(C(=O)OCc2cc(Cl)cc3c2OCOC3)c1,-1.1259472370147705
guided,N[C-]([O-])[CH+][CH+][CH-][N-][C+]1[CH+][CH-][CH+][c-]2[cH+][cH-][cH+][cH-][c+]21.[H+],-2.081861734390259
guided,C/C(CCCc1ccccc1)=N\NC(=O)CCC(=O)Nc1cc(F)ccc1C,-2.763873815536499
guided,CN(C(=O)CSc1ncnc2c1cnn2-c1ccccc1)[C@H]1CCS(=O)(=O)C1,-0.3074406385421753
guided,C=C1N=[O+]C=C1CSc1nc([O-])c(C)c(CCC)n1,-1.6321502923965454
guided,COc1ccc(CC(=O)N(C[C@H]2CCCO2)c2nc3ccccc3s2)cc1,-4.300929546356201
guided,COc1ccc(CN2CCN(CC3CC3)C[C@@H]2CCO)cc1C,-5.694327354431152
guided,CCCN1CCC(=O)N([C@H](CSc2ccc(C)cc2)Cc2ccccc2)CC1,-9.230607032775879
guided,CCCOc1ccc([C@@H](O)c2ccc(N(C)C)cc2)c(Br)c1,-7.375821590423584
guided,CCC(CC)C(=O)N1CCN(c2ccccc2OC)CC1,-6.331181526184082
guided,CN(C)[c-]1[cH+][cH-][c+]([CH+]N2CCCCC2)[c-](N2[C-]([O-])CC(N[C+]3[CH+][CH-][C+](N4CCOCC4)[CH-][CH+]3)[C-]2[O-])[cH+]1,-0.8355323076248169
guided,CN(C)c1ccc(/N=C2/NC(=O)c3c2c(=O)n(C)c(=O)n3C)cc1,-0.4485551714897156
guided,Nc1c(-c2ccc(Cl)cc2)nnn1-c1ccccc1,-3.2481980323791504
guided,N#C/C(=N\Nc1ccc(F)cc1)C(N)=S,-1.301297664642334
guided,CC(=O)c1ccc(OCc2ncc(C(F)(F)F)cc2Cl)cc1,-6.524028301239014
guided,C/C=N\n1nc(C)c2c1CCCC2,-6.716274738311768
guided,C[C@H](OC(=O)c1ccco1)C(=O)N1CCCCCC1,-2.587583303451538
guided,C[c-]1[cH+][cH-][c+](N[C-]([O-])[CH+][c+]2[cH-][cH+][cH-][cH+][cH-]2)[cH-][c+]1N[C-]([O-])N1CCN(C[CH+][CH+][c-]2[cH+][cH-][cH+][cH-][cH+]2)CC1,-1.357347846031189
guided,CCN(CC(=O)Nc1cccnc1)c1c(N)c(=O)[nH]c(=O)n1C,-0.25836825370788574
guided,CC(C)NC(=O)NCCCN1CCN(c2ccc(C#N)cc2)CC1,-1.4018123149871826
guided,C[C@H]1CC(=O)c2c(n(-c3cccc4ccccc34)c3ccccc3c2=O)C1,-6.811469554901123
guided,COCC(=O)OCC(=O)c1cccnc1,-1.8520617485046387
guided,Cc1ccc(S(=O)(=O)O/N=C2/CCSc3ccccc32)cc1,-3.589611291885376
guided,CCCN(C(=O)COC(=O)CC/C(C)=N/NC(N)=O)c1c(N)n(Cc2ccccc2)c(=O)[nH]c1=O,-0.3233009874820709
guided,C[C]([O])[C][C]([NH+][C]1[CH][CH][C](F)[CH][CH]1)C1CCCC[C]1[O].[C-][C]Cl.[Cl-].[H+].[H+],-3.09683895111084
guided,CN(/N=c1\sc2ccccc2n1C)C(=S)NCc1ccc(F)cc1,-6.541707992553711
guided,CC(=O)N/N=C(\c1ccc(C)cc1)c1cccs1,-5.0680131912231445
guided,O=C(C[C@H](C(=O)c1ccccc1)c1ccc(OCc2c(F)cccc2Cl)cc1)c1ccc(F)cc1,-9.500398635864258
guided,Cc1ccccc1C(=O)Nc1nc(-c2cccs2)c(-c2ccccc2)s1,-7.706272602081299
guided,CCOc1cc([C@@H](C(=O)NCCOC)N2C(=O)c3ccccc3C2=O)ccc1O,-0.357464998960495
guided,C=[N+]1CCC2(CC1)OCCO2.CN(C)c1c[c-]nc2c3c(nn12)CCCCCC3,-3.179920196533203
guided,COc1cc2c(c3sc(N(CCN4CCOCC4)C(=O)[C@@H]4CCCO4)nc13)CCCC2,-2.42950177192688
guided,C[C+]1[CH-][CH+][C-](C)[C+]2[C+](CN([C-](C)[O-])[c-]3[cH+][cH-][cH+][c-]([S+2]([O-])([O-])[C-]4[CH+][CH-][CH+][C+](N[C-](C)[O-])[CH+]4)[cH+]3)[CH+][CH-][C][C+]12,-0.6243382096290588
guided,C[C]1[CH][CH][C]([C+]([O])NC[C]([O])OC[C]([O])NCC2CCCCC2)[CH][C]1N([O-])[O-],-0.7112687230110168
guided,CCOc1ccc(OCC)c(/C=N/NC(=O)c2ccc(O[C@@H]3O[C@H](CO)[C@@H](O)[C@H](O)[C@@]3(O)CO)c(OC)c2)c1,-0.31664660573005676
guided,CCC(=O)N(c1ccccc1)[C@H]1C=CS(=O)(=O)C1,-2.9933102130889893
guided,CN(C)c1ccnc2sc3c(NCCc4ccccc4)ncnc3c12,-3.9679324626922607
guided,CC(=O)C1=NO[C@@H](CNc2ncc(C(F)(F)F)cc2Cl)C1,-2.5275745391845703
guided,CC(O)CN(CCO)C[C]1[CH][CH][C](OC(C)[C+]([O])O)[C](N([O-])[O-])[CH]1,-0.5070370435714722
guided,CCCCCn1c(=O)[nH]c2cc(C(=O)Nc3ccc(OC)cc3)ccc2c1=O,-0.8702264428138733
guided,Cc1[nH]c2ccc([C@@H]3CC(c4ccccc4)=NN3C(=O)Cc3ccccc3)cc2c1C,-6.376937389373779
guided,COc1ccc(CNCCC/[S+]=C(\[O-])Cc2ccccc2)cc1OC,-3.0800721645355225
guided,Cc1cc(NC(=O)COC(=O)CSCC(=O)C(C)(C)C)no1,-0.4451432228088379
guided,COc1ccccc1NC(=O)N1CCC[C@H](CNC(=O)CC2CCCCC2)C1,-2.5189895629882812
guided,COc1ccc(CCC(=O)O)cc1OC,-2.872797966003418
guided,C[c+]1[c-](C)[c+]2[cH-][cH+][cH-][cH+][c-]2n1C[C-](C)[c+]1[n-][cH+][cH-]n1CC(C)C,-9.096271514892578
guided,CO/C=C\C(=O)OCC(=O)NCc1ccccc1Sc1ccc(Cl)cc1,-2.8132426738739014
guided,COc1ccc(Cl)cc1NC(=O)CCCC(=O)NNC(=O)NCCc1ccccc1,-0.7577164173126221
guided,CNc1nc(CCC(=O)Nc2ccc(C)cc2)nn1-c1ccc(OC)cc1,-1.2721701860427856
guided,CCCCNC1([N-]CC[c+]2[cH-][cH+][c-](C(F)(F)F)[cH+][n-]2)OC1C,-3.873950719833374
guided,CN[C@H]1c2cc3c(cc2-c2nc4ccccc4c(=O)n2[C@H]1c1ccco1)OCO3,-1.4018906354904175
guided,C[C@@H](OC(=O)c1cccn1C)C(=O)NCCc1ccccc1,-2.340303897857666
guided,FC(F)Cc1cccs1,-13.316056251525879
guided,C[CH+][CH+][C+]([O-])N([CH-][c+]1[cH-][cH+][c-](OC)[cH+][cH-]1)CCC[C-]([O-])NC(OCC)[C+]([O-])NC1CC1,-0.3434288799762726
guided,NS(=O)(=O)c1ccc(NNC(=O)c2ccccc2Cl)cc1,-0.40487074851989746
guided,CN(CC(=O)NCc1ccc2c(c1)OCO2)Cc1ccccc1,-3.435810089111328
guided,COc1cc([C@@H]2C(C(C)=O)=C(C)Nc3ncnn32)ccc1O,-0.5487493872642517
guided,Cc1nc2nc(C)c(CCc3ccccc3)c(C)n2n1,-4.804401397705078
guided,Cc1c(C(=O)N2CCCCC2)oc2ccccc12,-6.539638996124268
guided,CN1CCN(NC(=O)c2ccc(COc3ccccc3Br)o2)CC1,-2.7410943508148193
guided,CCN(Cc1ccco1)/N=N\c1cc(C)nc2ccccc12,-4.5528764724731445
guided,Nc1nonc1-c1noc(CCCOc2ccc(Cl)cc2Cl)n1,-0.8394764065742493
guided,CCOc1ccc(-c2cc(C(=O)N3C[C@@H](C)O[C@@H](C)C3)ccn2)cc1,-3.879246950149536
guided,C[C+]([CH-]CC[C+](C)CCCC(C)C)CCC1[C+](C)CCC(O[C-](C)[O-])C1(C)[C-]([O-])C(C)[O-],-2.8644771575927734
guided,Nc1nc(SCC(=O)Nc2ccc3c(c2)OCO3)n[nH]1,-0.30451664328575134
guided,COc1ccc(C(=O)N[C@@H](C(=O)OCC(=O)Nc2cc(C)on2)C(C)C)cc1OC,-0.36963823437690735
guided,CCOC[CH][CH]C[CH-]CCC1CC(C)[C]2[CH+][C]([O])CC3O[OH+][C]C1[C]23,-4.873554706573486
guided,CCc1ccccc1N(C)C(=O)C[C@H]1S/C(=N/C[C@H]2CCCO2)NC1=O,-1.638725757598877
guided,O=c1cc(O)cnn1Cc1ncccn1,-0.8623403310775757
guided,CCCc1cc(-c2ccncc2)nc2sc3c(N)ncnc3c12,-1.9084774255752563
guided,COc1ccc2c(c1)CC[C@@H](C)/C2=N/OC(=O)N(C)C,-3.6790175437927246
guided,CCCn1c(-c2cc3ccccc3o2)nc2c1c(=O)[nH]c(=O)n2Cc1ccccc1,-1.4477980136871338
guided,Cc1cc(S(=O)(=O)N2CCOCC2)ccc1OCC(=O)Nc1ccc(N2CCOCC2)cc1N1CCCCC1,-0.7120209336280823
guided,CCCCN(CC)C(=O)CSc1nncn1-c1ccccc1,-3.8069074153900146
guided,COc1ccc(C[C@@H](C)NC(=O)CCn2cccc2)cc1,-4.619452476501465
guided,CNC1(C(=O)NN)CCNCC1,-1.071906328201294
guided,COc1cc(C(=O)Nc2nnc(SCC(=O)Nc3ccc(NC(C)=O)cc3)s2)cc(OC)c1OC,-1.0202805995941162
guided,COc1cccc(OC)c1C(=O)OCc1ccc2c(c1)OCO2,-2.3820369243621826
guided,N/C(COc1cccc(O)c1)=N\O,-0.6005325317382812
guided,Cc1cc(N2CCCCC2)nc(C(C)C)n1,-7.144433975219727
guided,Cc1ccc(Cl)cc1N1CCN(C(=O)c2c(C)noc2C)CC1,-4.107076644897461
guided,COC(=O)c1sc(-c2ccc(C)cc2)cc1NC(=O)CCCC(=O)O,-1.2498884201049805
guided,COc1ccccc1OCC(=O)Nc1ccc(S(=O)(=O)Nc2ccccn2)cc1,-0.6583690047264099
guided,COc1cccc(CNn2c(=O)c3ccccc3nc2[C@H]2CC[C@@H](C)CC2)c1O,-2.1604409217834473
guided,CCOc1ccc(CNc2cccc([N+](=O)[O-])c2)cc1O,-1.269419550895691
guided,COc1cc([C@@H](O)c2cc(C(=O)N[C@@H]3CCCC[C@@H]3C)c(C)[nH]c2=O)ccc1O,-0.7147756814956665
guided,CCC(C)(C)NC(=O)CCN1C(=O)[C@@H]2CCCN2c2ncc(Cl)cc21,-2.2312800884246826
guided,CCCCCCNC(=O)[C@@H](C)NC(=O)c1cc(OCC)c(OCC)c(OCC)c1,-1.532055377960205
guided,CCOC(C)CN([C][N+][C]N(C)[C]([O])NC)[N][CH][C]1[CH][CH][CH]S1,-1.2039120197296143
guided,NNC(=O)c1sc2nc(-c3cccs3)c(-c3ccc4ccccc4c3)c(-c3ccco3)c2c1N,-3.743079423904419
guided,N#CC(c1ccccc1)(c1ccccc1)c1ccccc1,-9.152539253234863
guided,CSc1cccc(NC(=O)CCNS(=O)(=O)c2ccc(NC(C)=O)cc2)c1,-0.6058972477912903
guided,[H]/[C-]=C/C=C1/C(C#N)=c2nc3ccccc3nc2=[N+]1c1ccc(NC(=O)CN2CCOCC2)cc1,-0.2558175325393677
guided,COc1ccc(-n2c(-c3ccccn3)n[nH]c2=S)cc1,-3.2164599895477295
guided,N#CCc1ccc(NS(=O)(=O)c2ccc(N3CCOCC3)cc2)cc1,-0.9111664295196533
guided,CCOc1cccc([C@@H]2CC(=O)N3CN(c4ccccc4)CSC3=C2C#N)c1OC,-3.0934605598449707
guided,CN1CCN(c2ccc([N+](=O)[O-])cc2/C=C\c2cccc3ccccc23)CC1,-5.077148914337158
guided,CN(C)NC(=S)NC1CCCCC1,-7.089329719543457
guided,C/C(=N\N1[C@H](C)CCC[C@H]1C)c1cccs1,-10.235319137573242
guided,Cc1ccc(C(=O)CCC(=O)N[C@H](C(=O)NCc2ccccc2)C(C)C)cc1,-1.779234766960144
guided,[N-2][C][C+]([CH+]N[c+]1[cH-][cH+][c-](Cl)[cH+][cH-]1)[C+]([O-])[C+]1[CH+][N-][c+]2[cH-][cH+][cH-][cH+][c-]21,-2.496558427810669
guided,COc1cc(-c2nc([C@@H]3CCCc4ccccc43)no2)cc(OC)c1OC,-2.9134297370910645
guided,COc1ccc(OC)c2[nH]c(C(=O)O)cc12,-1.4640514850616455
guided,CO[c-]1[cH+][cH-][cH+][c-]([CH-][C][C][N-][C+](N)[N-][C][c+]2[cH+][cH+][cH+][cH+][c-]2[NH-])[cH+]1,-1.8302850723266602
guided,O=C(CSc1ncccn1)N1CCCc2cc3c(cc21)oc1ccccc13,-3.7679758071899414
guided,CNc1nccs1,-7.5531392097473145
guided,CN(CC(=O)NC1CC1)S(=O)(=O)c1ccc2c(c1)n(C)c(=O)n2C,-0.3602289855480194
guided,COc1ccc(S(=O)(=O)N2CCN(Cc3ccccc3)CC2)c2ccccc12,-4.057644844055176
guided,CC#CCn1c2ccccc2c2cc(S(=O)(=O)O)ccc21,-2.871767282485962
guided,C[C@@H]1CN(S(=O)(=O)c2c(C(=O)N3CCCCCC3)cnn2C)C[C@H](C)O1,-0.741880476474762
guided,COc1ccc(/C(C)=N\NC(=O)c2ccc(Br)o2)cc1C(=O)N(C)C,-1.0632046461105347
guided,CO[C-]([O-])N[N-][CH+][C+]1[CH+][CH-][CH+][CH-][C+]1OCCO[c-]1[cH+][cH-][cH+][cH-][c+]1[C-](C)C,-1.2936490774154663
guided,COc1ccc(C)cc1-n1c(SCC(N)=O)nnc1-c1ccccc1,-1.0103871822357178
guided,CCN([c-]1[cH+][c-](N([O-])[O-])[c+]([NH-])[cH+][cH-]1)[S+2]([O-])([O-])[C+]1[CH+][CH+][CH-][CH+][CH-]1,-0.7993367314338684
guided,CCOc1cc2c(cc1NC(=O)c1cn(CCC(C)C)c(=O)c3ccccc13)C(=O)C[C@H](C)C2,-3.3528335094451904
guided,C/C(=C\c1cccc2ccccc12)n1cc(COc2c(C)[nH]c(C)c2C(=O)N2CCOCC2)cn1,-3.2382640838623047
guided,COc1ccc2nc(C)nc(Cc3ccccc3)c2c1,-6.3244524002075195
guided,CCO[C]1[CH][C]([CH+][C]([C][N])[C]([O])NCC(OC)OC)[CH][C](N([O-])[O-])[C]1O,-0.49997222423553467
guided,[CH2-]N([C+]1[N-][CH+][CH+]S1)[C-]([O-])[C+]1[CH-][CH+][C+]([C-]([O-])N2CC[c-]3[cH+][c-](OC)[c+](OC)[cH-][c+]3C2)[CH+][CH-]1,-0.6877183318138123
guided,CC[S@+](Cc1ccccc1)N=[S@](=O)([O-])c1ccc(N2C(=O)Nc3ccccc3N2O)cc1,-1.836686611175537
guided,CCOc1cc(-c2ccc(OCC)c(C(=O)O)c2)ccc1O,-1.8466527462005615
guided,CCO[C@@H]1OC(C(=O)Nc2ccccc2)=C[C@H](c2ccccc2)[C@H]1CCCO,-2.728778123855591
guided,CC1CCN(C(=O)c2ccccc2NS(=O)(=O)c2ccccc2)CC1,-2.3736910820007324
guided,CC(=O)N[C@H](c1ccccc1)c1ccc(C(F)(F)F)cc1,-7.682261943817139
guided,Cn1c(C(=O)OCC(=O)NCc2ccco2)cc2sccc21,-1.3513739109039307
guided,CCOc1cccc([C@H]2/C(=C(/O)c3cccs3)C(=O)C(=O)N2Cc2ccncc2)c1,-1.99422287940979
guided,CCOC(=O)c1c(N[C@@H](NC(C)=O)C(Cl)(Cl)Cl)sc(C)c1C,-2.688342809677124
guided,COc1cc(-c2cc(-c3cc(C(=O)N4CCO[C@H]4C)c4ccccc4n3)nc3ccccc23)c(OC)c(C)n1,-3.126678466796875
guided,C/C(=N\NC(=O)C1CCCCC1)c1cccs1,-5.236171722412109
guided,Cc1cc(NC(=O)C(C)C)ncc1-c1cccc2ccccc12,-6.252884387969971
guided,COc1c(C)cc(/C=C2\CCCC\C2=N/c2ccccc2SC)cc1C,-12.10012149810791
guided,Nc1ncnc(Nc2ccccc2C(=O)O)c1N,-0.3553052246570587
guided,CCOc1[c-]c(/C([C-]=O)=N/c2ccccc2)c(NC(=S)NCCCn2ccnc2)cc1.[H+].[H+],-1.7606443166732788
guided,O=C1C=CC(n2cccc2)=C1C(=O)NNCC[C@H]1COc2ccccc21,-1.3279515504837036
guided,Cn1c(=O)c2[nH]c(-c3ccc(CCO)cc3)nc2n(CC2CC2)c1=O,-0.3894175887107849
guided,Cc1ccccc1N[C@H](Nc1ccccc1)C(Cl)(Cl)Cl,-9.783869743347168
guided,COc1cccc(Nc2ccnc(SCN(C)C(C)=O)n2)c1,-1.9493422508239746
guided,CCCC(=O)Nc1sc(C)c(-c2ccccc2)c1C#N,-4.4542555809021
guided,CCCn1nnc(NC(=O)/C=C/c2ccccc2OC)n1,-0.7476039528846741
guided,CCOc1cc(/C=C2/NC(=O)NC2=O)cc(Br)c1O,-0.6405618190765381
guided,COc1ccc(C)cc1S(=O)(=O)Nc1nc2ccccc2nc1Nc1ccc(C)cc1,-2.067453384399414
guided,[H]/N=c1\c(S(=O)(=O)c2ccc(F)cc2)cc2c(=O)n3cccc(C)c3nc2n1CCCCC,-1.1151772737503052
guided,Cc1ccc(C)c2[nH]c(=O)c(CCNC(=O)CCc3ccccc3)cc12,-2.8295066356658936
guided,CCN1C(=O)[C@@H](CC(=O)Nc2ccccc2)N(NC(=O)/C=C/c2[c-]cccc2)C1=S.[H+],-0.9606817960739136
guided,Cc1cc(C(=O)Nc2ccccc2C(=O)N2CCCC2)on1,-1.3098011016845703
guided,[N-2][C]C[C+]([N-][N-][c+]1[cH+][cH+][cH+][c-]2[cH+][cH-][cH+][n-][c+]12)N1CCN([c-]2[cH+][cH-][cH+][cH-][c+]2OCCO[c-]2[cH+][cH-][cH+][cH-][cH+]2)CC1,-4.025975704193115
guided,CCN(CC)CCCNC(=O)c1ccc(S(=O)(=O)N(CC)CC)cc1,-1.6734105348587036
guided,CC(=O)OCCc1ccc(CN(C)C(=O)[C@H](C)N2C(=O)c3ccccc3C2=O)cc1,-0.8805652260780334
guided,CCOCCCNC(=O)c1cn(C)c2ccc(S(=O)(=O)N(C)C3CCCCC3)cc2c1=O,-0.6500329375267029
guided,C[C@H](OC(=O)c1ccc(OC(F)F)cc1)C(=O)Nc1ncc(C(F)(F)F)cc1Cl,-2.509357213973999
guided,COc1ccc2ccccc2c1,-11.025943756103516
guided,O=C(c1ccc(F)cc1)N1CCN(S(=O)(=O)c2cccc3nonc23)CC1,-0.313979834318161
guided,N#CCCCn1c(Cc2ccccc2)nc2ccccc21,-5.618821620941162
guided,COc1cccc(CN2CCCC[C@H]2C(=O)O)c1,-3.636855363845825
guided,CCC[C@@H]1Cc2c([s+]c3nc(Sc4nc5ccncc5[nH]4)n(-c4ccccc4)c([O-])c2-3)CO1,-2.378160238265991
guided,CNC(=O)COc1coc(CN2CCN(C/C=C/c3ccccc3)CC2)cc1=O,-1.0576025247573853
guided,CCCOc1ccc(N2C(=O)C[C@H](N3CCN(C(=O)Cn4ccc5ccccc5c4=O)CC3)C2=O)cc1,-0.5189765691757202
guided,CCCCN(CCCC)[C-]([O-])C1[C+]([C+]([O-])N2CCN(C[c+]3[cH-][cH+][c-]4[c+]([cH-]3)OCO4)CC2)C1O,-0.4325137138366699
guided,Cc1nc2nc(C(F)(F)F)c([N+](=O)[O-])c(=O)n2[nH]1,-0.49536529183387756
guided,CCn1cc([C@](O)(CC(=O)N2CCOCC2)c2ccc(OC)cc2)c(=O)c2ccccc21,-0.9417884349822998
guided,C[C@H](CCCCCC1=NC(/C=N/NC(N)=S)=[S+]/C1=C(/[O-])O)c1cccc2ccccc12,-1.0632870197296143
guided,CC(=O)N1CCc2cc3ccc(C)cc3cc21,-8.817681312561035
guided,Cn1ccc([C@H]2CC(c3ccccc3)=NO2)c1C(=O)O,-2.2645697593688965
guided,Cc1ccc(OCC(=O)N/N=C\c2ccncc2)c(C)c1,-2.1167075634002686
guided,Cn1c(Cc2ccc([N+](=O)[O-])cc2)n[nH]c1=S,-1.1949106454849243
guided,CCOc1ccc(/C=C/C(=O)Oc2ccc(OC)cc2)cc1,-5.001298427581787
guided,C=CCOc1ccc2ccccc2c1/C=N\Nc1nc2ccccc2[nH]1,-3.748563051223755
guided,COCCn1c(COc2cccc3cccnc23)nc2ccccc21,-4.417029857635498
guided,C[NH+][C]([C][N+]([O])[O-])[C]1[N]C([C]2[CH][CH][C](F)[CH][CH]2)N[C]1[C][O],-0.5148097276687622
guided,CCOC(=O)[C@H](C)Sc1nnc(-c2cccs2)n1C,-2.9405128955841064
guided,COc1cccc(C(=O)Nc2c3c(nn2-c2ccc([N+](=O)[O-])cc2)C[S@+]([O-])C3)c1,-0.6745626330375671
guided,O=C(CCCNS(=O)(=O)c1ccc(F)cc1)N1CCC[C@@H](C(F)(F)F)C1,-2.1515872478485107
guided,CNc1ncccc1CSc1ccc(Cl)cc1,-8.552928924560547
guided,CCCN1C(=O)S/C(=C\c2ccc(N3CCOCC3)o2)C1=O,-2.4077627658843994
guided,COc1cc(/C=N/NC([O-])=C=C(N)SC2=C=[N+]=CC=C2)cc(OC)c1OC,-0.3567101061344147
guided,CCCN1CCC(NC(=S)Nc2cccc(OC)c2)CC1,-5.774447917938232
guided,C[C@H]1CCCN(CC(=O)c2cc3c(cc2O)O[C@H](C)C3)C1,-3.8456952571868896
guided,COc1ccccc1N(CC(=O)NC[C@@H]1CCCO1)C(=O)CNS(=O)(=O)c1ccc2ccccc2c1,-0.5083044171333313
guided,CCC(CC)NC(=O)Nc1cccc(OC)c1OC,-2.8310348987579346
guided,[H+].[H+].[O-][N-]N([CH+][N-]C12[C+]3CCCC[C+]3[CH-]S1345O[N+]3(O4)[C+]25)[c-]1[cH-][cH+][cH-][cH-][cH-]1,-2.3489043712615967
guided,Cc1nc2n/c(=[S+]/CC(=O)N3CCC(=C([O-])O)CC3)[n-]n2c(C)c1Cc1ccccc1.[H+],-0.3131144344806671
guided,Cc1nc(N2CCOCC2)c2c(C)c(C(=O)Nc3ccc(F)cc3F)sc2n1,-2.4979188442230225
guided,CONC(=O)Nc1ccc(F)cc1,-3.519548177719116
guided,O=C(N/C(=N\C1CCCCC1)c1ccc(O)cc1)/C(=C\C=C/c1cccc2ccccc12)NC(=O)c1ccccc1,-4.54754638671875
guided,Cc1c(C#Cc2ccccc2)oc(NC(=O)[C@H](C)/[S+]=C2\N=NC=[N+]2c2ccccc2)c1N([O-])[O-],-1.4687069654464722
guided,CN(c1ccccc1)S(C)(=O)=O,-5.286108016967773
guided,Cc1ccc(S(=O)(=O)N/C(=N/C(C)C)c2ccccc2)cc1,-3.0163931846618652
guided,Cc1cccc(Oc2nc(-c3ccccc3)cc(C)c2S(C)(=O)=O)c1C,-4.505407810211182
guided,CC(=O)N1c2ccc(S(=O)(=O)N3CCCCC3)cc2C[C@@H]1C,-2.804790735244751
guided,COc1ccc(C(C)C)cc1OCC(=O)N[C@@H](CCN1CCOCC1)C(=O)O,-0.34179872274398804
guided,N/C(=N/OCc1ccccc1)c1ccccn1,-2.376047134399414
guided,CCOc1ccc(CN2CCC[C@@H](C)CC2)cc1[N+](=O)[O-],-3.65567684173584
guided,CCOC(=O)c1cc2sc(C)cc2n1CC(=O)OCc1ccccc1,-3.5935184955596924
guided,CCCC1[C-]([O-])N[C+]([O-])C1[CH+][C+]1[C][N-][C+](SC[C+](C)[O-])N[C+]1[O-].[H+].[H+].[H+],-0.5280578136444092
guided,CCn1cc([C@@H](O)CN2c3ccccc3Sc3ccccc32)cn1,-5.891693115234375
guided,[H]/[C-]=C/c1ccccc1[N@+]1(C=C)[C@@H]2CN(C(=S)Nc3ccccc3)CC[C@@H]21,-10.753649711608887
guided,CCOc1ccc(C(=O)N[C@@H](C(=O)c2ccccc2)N2CCCCCC2)cc1OC,-2.5847198963165283
guided,C/C=C\CN(CC)CC[C@@H](c1ccccc1)n1nccc1NC(=O)CCOc1ccccc1,-4.45206880569458
guided,Cc1cc(NC(=O)CSC2=NCCN2)no1,-0.9087490439414978
guided,Cc1cc2c(sc3cccc(C)c32)c(N2CCOCC2)n1,-8.308082580566406
guided,COc1ccccc1N1CCN(C(=O)c2n[nH]c(=O)c3ccccc23)CC1,-0.9061080813407898
guided,CCCCN1CCO[c-]2[cH+][cH-][cH+][cH-][c+]2CN[C-]([O-])[c+]2[cH-][cH+][c-]3[c+]([n-]2)C([CH+][CH-][CH+]3)CC(C)C1,-2.891651153564453
guided,C[C-]([O-])OC1([C+]([O-])OCC(C)C)CC(C)[CH+]CC1C(C)C,-2.232123851776123
guided,CC(=O)c1c(C)[nH]c(C(=O)O[C@@H](C)C(=O)N[C@@H](C)c2ccccc2)c1C,-1.1162275075912476
guided,O=C(NCc1ccccc1)c1ccccc1-c1ncc[nH]1,-3.024190664291382
guided,Cc1cc(C(=O)N[C@@H]2CCCc3c2cnn3-c2ccccc2F)nc(NCc2ccccc2)n1,-2.106675863265991
guided,O=C(O)/C=C/c1ccccc1O,-2.7346532344818115
guided,COc1cccc(CN2CCC(C(=O)N3CCN(c4ccc(F)cc4)CC3)CC2)c1OC,-4.716043472290039
guided,CC(=O)NCCNC(=O)c1cc(COc2c(C)cccc2C)on1,-0.4138582944869995
guided,CCOc1cccc(-c2nn(C3CCCCC3)cc2CN(C)Cc2cnn(C)c2)c1,-5.450070858001709
guided,CCOc1ccc(-c2nc3c(c(=O)[nH]c(=O)n3C3CCCCC3)n2C)cc1C,-1.3508185148239136
guided,CO[CH-]C(C)O[c+]1[cH-][cH+][c-](N[C+]([O-])[c+]2[cH-][cH+][cH-][c+]3[cH-][cH+][cH-][cH+][c-]23)[c+](C)[cH-]1,-4.085380554199219
guided,COc1cc(OC(=O)Nc2ccccn2)cc2c1ccn2C,-2.2777771949768066
guided,COc1ccc(COC(=O)c2cc3ccccc3o2)cc1,-4.5014142990112305
guided,COc1ccc([C@@H]2CC(=O)Nc3c2c(=O)[nH]c(=O)n3Cc2ccccc2)cc1,-0.44154539704322815
guided,CCCN(CC(=O)Nc1ccccc1C#N)Cc1ccccc1,-3.378242254257202
guided,CNC(=O)c1[nH]cnc1C(=O)NCC(=O)Oc1cccc([N+](=O)[O-])c1,-0.3553464114665985
guided,CCCC(=O)c1oc2ccccc2c1C,-7.330876350402832
guided,Cc1cc(NC(=O)c2ccccc2)ccc1NC(=O)c1ccc(OC(F)F)cc1,-3.696197748184204
guided,CNCCc1ccc(N(C)C)cc1,-9.384919166564941
guided,COc1ccccc1Nc1nc(NC2CCCCC2)c2ccccc2n1,-4.4008259773254395
guided,CC[CH-][C+]1[CH+][C-]2[N-][N-][N-][NH+]2CC1.[H+],-4.134039402008057
guided,CSc1ccccc1NC(=O)COC(=O)c1ccc(N(C)C)cc1,-2.9840433597564697
guided,CCC([N-][C+]1CCCC[C-]1[C+]([O-])O)[C+]([O-])N1CCOCC1,-0.5284625887870789
guided,COc1ccc(C(=O)NCc2ccccc2)c(OC)n1,-2.361227512359619
guided,CCO[c-]1[cH+][cH-][cH+][cH-][c+]1N(C)C[c-]1s[c+]([O-])[nH][c+]1[O-],-1.1618380546569824
guided,CCOCCCNC(=O)CN(Cc1ccc2c(c1)OCO2)C(=O)CNC(=O)CNC(C)=O,-0.37887653708457947
guided,CCCC1=C(C)/C(=C(\N)[O-])C(NC(=O)[C@H]2C[C@@H]2C)=[S+]1,-1.0610464811325073
guided,CCN(CC)S(=O)(=O)c1cccc(NC(=O)c2ccc(C)o2)c1,-1.2418876886367798
guided,Cc1ccc(S(=O)(=O)N[C@H]2CCCc3ccccc32)cc1C,-4.808337211608887
guided,Cc1[nH]c2ccc(C(=O)NC3CC(C)(C)NC(C)(C)C3)cc2c1C,-3.6869475841522217
guided,COCC1CCNCC1,-8.289505958557129
guided,COCCCN(C)CCO,-6.136605739593506
guided,CCCC1OC2(CCCCC2[CH+][C][C]C(C)(C)O)O[C+]([NH-])[C-]1[C][N-2],-2.1731741428375244
guided,Cc1cccc(C)c1N1CCN(C(=O)N2CCCCC2)CC1,-7.582303047180176
guided,[O][C]([CH+][CH][C]1[CH][CH][CH][C]([N+]([O])[O-])[CH]1)N[C]1[N][CH][C](N([O-])[O-])S1,-0.5020534992218018
guided,C[c-]1[cH+][cH-][c+]([C-]2C3[C+]([O-])C(C)(C)[C+]([O-])CC23[O-])[cH-][cH+]1,-1.5683815479278564
guided,CN(Cc1c[nH]c2ccccc12)C1CCCCC1,-9.607186317443848
guided,S=C1Nc2nncnc2/C1=C\c1ccc(-c2ccccc2)o1,-2.6494078636169434
guided,Cc1ccc(-n2c(O)c(/C=N/N3CCCCC3)c(=O)[nH]c2=O)c(C)c1,-0.5431228280067444
guided,CCOCCCNC(=O)CCc1nnc2ccc(N3CCC(C)CC3)nn12,-0.7522912621498108
guided,NNC(=O)Cn1c(SCC(=O)Nc2cc([N+](=O)[O-])ccc2Cl)nc2ccccc21,-0.46020910143852234
guided,CC(=O)Nc1ccc2c(c1)C(=O)N([C@H]1CCCc3ccccc31)C2=O,-2.332963705062866
guided,Cc1cc2[nH]c(=O)c(=O)[nH]c2cc1S(=O)(=O)N1CCN(c2ccccc2)CC1,-0.287545770406723
guided,O=C(NCCOCc1nc2ccccc2[nH]1)c1ccccn1,-0.8608944416046143
guided,CCNc1ccccc1CP(=O)(c1ccccc1)c1ccccc1,-8.221890449523926
guided,COc1cccc(C(=O)NC2CCNCC2)c1,-3.4134035110473633
guided,NC(=O)c1sc2nc3c(c(C(F)(F)F)c2c1N)CCCC3,-1.2241489887237549
guided,NC(=O)c1sc2nc3c(cc2c1N)CCCC3,-0.8593430519104004
guided,COc1ccccc1NCC(=O)N/N=C/c1c[nH]c2ccccc12,-1.185657024383545
guided,COc1ccc([C@H]2CC(=O)N3CN(Cc4ccco4)CSC3=C2C#N)cc1OC,-1.5970772504806519
guided,O=c1cc(/C=N/O)nc2sccn12,-1.8055331707000732
guided,CCOc1ccc(NC(=O)Nc2cc(C(C)C)ccc2C)cc1,-5.522491455078125
guided,CCCOC(=O)c1ccc(-c2coc3c(CN4C(=O)c5ccccc5C4=O)c(O)ccc3c2=O)cc1,-1.8052805662155151
guided,CCOC(=O)Cn1c(C)nc2ccccc21,-4.316345691680908
guided,NS(=O)(=O)c1cccc(S(=O)(=O)Nc2cccc3ccccc23)c1,-0.4820210635662079
guided,CC(=O)C[C@@H](OC(=O)c1cc[c-]cc1)C(=O)NC1CCCCC1.[H+],-1.588312029838562
guided,Cc1cc2c(N)nc(COc3ccccc3)nc2s1,-2.751725435256958
guided,COCC/N=C1/NC(=O)[C@H](CC(=O)Nc2ccc(C(=O)OC)cc2)S1,-0.31689709424972534
guided,FC(F)(F)c1ccc(C2=C[N+]3=NC4C[C@H]4NC3=N2)cc1.[CH2-][C@H](O)COCC(C)C,-2.344632387161255
guided,CCCC(=O)Nc1nnc([C@@H]2CCOC2)s1,-2.0843188762664795
guided,Cc1ccc([C@]2(CCN)CCO[C@@H](C(C)C)C2)cc1,-6.355510234832764
guided,O=C(c1cc(-c2cccnc2)nc2ccc(Br)cc12)N1CCN(Cc2ccccc2)CC1,-5.428953170776367
guided,Cc1ccc(CN(C(=O)c2cc3ccccc3o2)c2ccc(C(=O)N3CC[C-](C)CC3)cc2)o1.[H+],-4.888845443725586
guided,O=C(O)/C=C/C(=O)NCCNc1ncc(C(F)(F)F)cc1Cl,-0.6092433929443359
guided,Cn1nnc(NCCCC(=O)O)n1,-0.576504647731781
guided,COCC/N=C1\S[s@SP1+]2cccc2CN1CC1=C([O-])Nc2c[cH-]/c(=[O+]/C)cc2[CH-]1.[H+],-1.558043360710144
guided,CCOc1ccccc1CNC(=O)[C@@H]1CCC(=O)N(C2CC2)C1,-2.607780933380127
guided,O=C(Nc1ccccc1-c1ccccc1)C1=NN(Cc2ccco2)C(=O)CC1,-2.182631731033325
guided,Cc1onc(-c2c(F)cccc2Cl)c1C(=O)NNC(=O)c1ccc2ccccc2c1,-2.260079860687256
guided,CC(=O)Nc1ccc2cc3c(nc2c1C(=O)N1CCOCC1)-c1ccccc1C3=O,-0.8044601082801819
guided,S=C(Nc1ccccc1Cl)NC1CCN(Cc2ccccc2)CC1,-8.267724990844727
guided,CCCN(CCC)[S+2]([O-])([O-])[c-]1[cH+][cH-][c+]([N-][C+]([O-])[C+]2CCC(C)CC2)[cH-][cH+]1.[H+],-1.9542568922042847
guided,Cc1ccc(S(=O)(=O)Cc2ccc(C(=O)NC3CC3)cc2)cc1,-2.437805414199829
guided,COc1ccc(OC)c2[nH]c(=O)c(CCNS(=O)(=O)c3ccc(Cl)cc3)cc12,-0.6465809941291809
guided,Cc1ccccc1C(=O)Nc1ccc(Cn2c(=O)[nH]c3cc(C(=O)N4CCN(c5ccccc5F)CC4)ccc32)cc1,-2.4119679927825928
guided,Fc1ccccc1OCCCn1ccnc1,-7.2443342208862305
guided,COc1ccc(N2CCN(c3nc(C)c4c(c3C#N)CC(C)(C)OC4)CC2)cc1,-2.882962226867676
guided,CC(=O)c1c(C)[nH]c(C(=O)OCC(=O)Nc2cccc3ccccc23)c1C,-1.380101203918457
guided,CCCC(=O)Nc1ccc2[nH]c3c(c2c1)C(=O)CCC3,-2.8779335021972656
guided,O=C(COc1ccc([N+](=O)[O-])cc1)Nc1nn[nH]n1,-0.3503904640674591
guided,CC1=NN(c2ccccc2)C(=O)/C1=C/c1cc(C)n(C(C)C)c1C,-6.691488265991211
guided,C[C+]([CH+][C]OCC1C(C)(O)C[CH+]C2C(C)(C)C(O[C-](C)[O-])CCC12C)[CH-][c+]1[cH-][cH+][cH-][cH+][cH-]1.[H+],-4.107076168060303
guided,CC(=O)N1Cc2[nH]c3ccccc3c2C1,-5.602035999298096
guided,NOc1ccc(-c2ncnc3ccc(Br)cc23)cc1,-2.855205535888672
guided,COc1cccc(-n2c([O-])c(/C=C3/C=CC=[S+]3)s/c2=N/c2ncccc2C(F)(F)F)c1,-3.180612325668335
guided,CN[c-]1[n-][c+](SC)[c+]([C][N-2])[c+](N2CCN(C)CC2)[n-]1.[CH2+]CC[O-].[H+].[H+].[H+].[H+],-0.3514004647731781
guided,COc1ccc(/C=C2\CC/C(=C\c3ccc(O)c(OC)c3)C2=O)cc1O,-2.081549882888794
guided,CN(C(=O)COc1ccc2ccccc2c1)c1nnc(-c2cccnc2)s1,-2.4425606727600098
guided,C=C([O-])O.[H][S@TB7+2]12C(=O)[C@@H](CCCC)S[C@]13[C-](C(=O)O)C(O)=NN32,-0.48181241750717163
guided,CCCNc1nc([C@@H]2C=CCCC2)cc(C(F)(F)F)n1,-6.470997333526611
guided,O=Cc1c(COC(=O)/C=C/c2ccc(OC(F)F)cc2)oc2ccccc12,-3.333570957183838
guided,COC(=O)[C@@H](/N=c1/nc2[c-](o1)c(=O)n(C)c(=O)n2C)N(Cc1ccccc1)Cc1ccccc1.[H+],-0.23038135468959808
guided,[NH-][C][C+]1[C+]([c-]2[cH+][cH-][cH+][cH-][cH+]2)[C-](C2CC2)N(C[c-]2[cH+][cH-][cH+][cH-][cH+]2)[C+]1N1CCCC1,-8.725062370300293
guided,O=C(NC1Cc2ccccc2C1)c1ccc(=O)[nH]c1,-2.1590120792388916
guided,Cn1nnc(NC(=O)COc2ccccc2C#N)n1,-0.296764075756073
guided,CCOc1cc2cccnc2c2c(=O)c3ccccc3oc12,-4.105656623840332
guided,CCn1nnc(-c2ccccc2NS(=O)(=O)c2ccc(C(=O)OC)cc2)n1,-0.3777095079421997
guided,O=[N+]([O-])c1ccc(CN2CCOCC2)s1,-2.885073184967041
guided,Cc1ccc(C)c(Cn2ncn3c(cc4occc43)c2=O)c1,-3.606095314025879
guided,CNC(=O)C[S@+]([O-])CC(=O)NCCc1ccc(Cl)cc1,-0.8150038719177246
guided,CN1CCN(c2c(N)n(C)c(=O)[nH]c2=O)CC1,-0.5344723463058472
guided,CCCC(=O)Nc1ccc(NC(=O)c2cccc(OC)c2)nc1,-1.262447476387024
guided,NC(=O)[C@H]1CC[C@@H](CNc2ccc(-c3nc4ccc(C(=O)c5ccccc5)cc4[nH]3)cn2)CC1,-1.807572841644287
guided,Cc1ccc2c(c1)N(S(=O)(=O)c1cc(F)ccc1C)CCO2,-4.388526916503906
guided,C[C-]1[CH+][C-]([C+]([O-])N[N-][CH+]C2C[CH+][CH+]CC2)N[C+](C2CC2)[C-]1[C][N-2],-1.1757901906967163
guided,CN(C)[S@+](N=[S@@](C)(=O)[O-])c1cccc(S(=O)(=O)N2CCOCC2)c1,-0.34835296869277954
guided,CC1=NN(C(N)=S)C(=O)[C@H]1/N=N/c1ccccc1,-0.7557094097137451
guided,COc1cc(N2C(=O)C[C@H](N3CCOCC3)C2=O)ccc1C(=O)O,-0.3182811439037323
guided,C#CCNC(=O)C1=C[C@@H](C)[C@H](CCCO)[C@@H](OCC)O1,-1.7558401823043823
guided,COc1ccc(S(=O)(=O)N[C@@H](C)C(=O)NCc2cccs2)cc1Cl,-0.8246688842773438
guided,COCCCn1ccc(O)c(Cc2ccc(F)cc2)c1=O,-3.5005452632904053
guided,CCOc1cc(C)c(S(=O)(=O)N2CCc3ccccc32)cc1C(C)C,-5.168166160583496
guided,COc1ccc(F)cc1-c1nnc(SCC(=O)Nc2nccs2)n1N,-0.37179258465766907
guided,CCOC(=O)[C@H]1CCCN(C(=O)Cc2ccccc2OC)C1,-2.884711980819702
guided,COCCNc1ncccc1C(=O)NCc1ccccc1,-2.094576358795166
guided,COc1cc(CNc2ccc(S(N)(=O)=O)cc2)ccc1OCC(=O)NC(C)(C)C,-0.4417370855808258
guided,CCC(=O)Oc1ccc2c3c(c(=O)oc2c1)CCCC3,-3.1705596446990967
guided,COC[C@]1(CCc2ccccc2)OCCCN1OC(=O)CNC(=O)c1ccc2c(c1)OCCO2,-0.5380197763442993
guided,CCCC(=O)N(CC(=O)Nc1ccc(C(N)=O)cc1)c1cccc2ccccc12,-1.2257872819900513
guided,Nc1c(C(=O)NC2CCCC2)c2nc3ccccc3nc2n1N,-0.33829474449157715
guided,CCOc1ccc(Oc2ccccc2)c(C)c1,-9.876766204833984
guided,CC(C)CNCC(O)COC([C]1[CH][CH][C](N([O-])[O-])[CH][CH]1)[C+]1[CH][CH][CH][CH][CH]1,-0.7283129692077637
guided,[O][C]1N[C](N2[CH][CH][CH][C+]2[C]2[CH][CH][CH][CH][CH]2)[N][CH][C]1[C]1[CH][CH][C](N([O-])[O-])[CH][CH]1,-0.5538873076438904
guided,CN(C)C[C@@H]1CCCC[C@@H]1OC(=O)c1cccs1,-7.02995491027832
guided,CN(C)CCN1C(=O)c2oc3ccccc3c(=O)c2[C@@H]1c1ccccc1,-3.3315813541412354
guided,[CH2+]Cc1ccccc1C[N-]C(=S)NCc1ccc(Cl)cc1,-8.828699111938477
guided,COC(=O)c1cccc(NC(=O)c2nn(C)cc2Cl)c1,-1.360007643699646
guided,CN(C)c1cncc(C(=O)NNC(=O)CCC(=O)Nc2ccccc2Cl)c1,-0.36006253957748413
guided,Nn1c(SCc2nc3ccccc3nc2N2CCOCC2)nncc1=O,-0.2821957767009735
guided,COc1ccc2c(c1)[s+]c([N+]#S([O-])([O-])c1ccc(C)cc1)n2C,-3.690531015396118
guided,ON(Cc1ccc2c(c1)OCO2)C1c2ccccc2-c2ccccc21,-5.918924808502197
guided,CC(=O)N[C@H]1C(=O)N(CCc2ccc3c(c2)CCC3)c2ccccc21,-3.9542534351348877
guided,CCN(CC)CCCN1C(=O)C(=O)/C(=C(/O)c2ccc(OC)c(OC)c2)[C@@H]1c1ccccn1,-0.95708167552948
guided,CCC(CO)[N-][c+]1[c-]([C][N-2])[c+](N)n(C[c+]2[cH+][cH+][cH+][cH-][cH+]2)[c+]([O-])[c-]1[CH+][N-][c+]1[cH-][cH+][cH-][c+]2[n-]o[n-][c+]12,-1.3298075199127197
guided,CCN(CC(=O)NC(C)C)Cc1ccccc1,-6.169965744018555
guided,Cc1cc(S(=O)(=O)NC(C)C)ccc1OCC(=O)NC[C@@H]1CCCO1,-0.42030462622642517
guided,CCCCS(=O)(=O)Nc1cc(C)c2ccccc2n1,-2.913675546646118
guided,O=C(CCl)c1ccc(-n2cnnn2)cc1,-2.3710131645202637
guided,CCC(O[C+]([O-])[c+]1[cH-][cH+][cH-]s1)[C-]1[N-][N-][C+](S[CH+][c+]2[cH-][cH+][cH-][cH+][cH-]2)N1CC1CCCO1,-2.976039171218872
guided,C[C@@H](OC(=O)CN1C(=O)N[C@](C)(c2ccccc2)C1=O)C(=O)Nc1cc(Cl)cc(Cl)c1,-0.9520593881607056
guided,COc1ccc(/C=N/NC(=O)c2c3c(C)nnc(C)c3nn2-c2cccc(OC)c2O)cc1OC,-0.7070080041885376
guided,CCOC(=O)N1CCN(S(=O)(=O)c2c(C(=O)N3CCCCC3)c(C)n(C)c2C)CC1,-0.5900179743766785
guided,CC(=O)NC(=O)Nc1ccc(N2CCN(c3ccc(F)cc3)CC2)cc1,-2.243792772293091
guided,COc1ccc(NC(=O)CN(C)Cc2cccs2)c([N+](=O)[O-])c1,-0.8955496549606323
guided,CCN1CCN(c2nc3ccccc3n(Cc3ccccc3)c2=O)CC1,-4.83041524887085
guided,COc1cc(CCC(=O)N(Cc2cccs2)[C@@H]2CCS(=O)(=O)C2)cc(OC)c1OC,-1.1481536626815796
guided,Cn1c(=O)n(C)c2nc(-c3ccco3)nn2c1=O,-0.567245364189148
guided,Cc1cc(C)cc(-n2c(-c3cc(C)nc4ncnn34)[c-]cc2CCC(=O)O)c1.[H+],-1.3185713291168213
guided,COc1ccc2c3c(cccc13)CC2,-11.097312927246094
guided,O=C(CN1CCCc2ccccc21)N/N=[C-]/c1ccccc1F.[H+],-4.459399223327637
guided,CCOc1ccccc1C(=O)n1ccc(C)n1,-4.4130449295043945
guided,CC(=O)c1sc2nsc(SCc3nc4ccccc4c(=O)[nH]3)c2c1N,-1.1244312524795532
guided,CCCCN(C(=O)COC(=O)c1[nH]c(C)c(C(=O)OCC)c1C)c1c(N)n(Cc2ccccc2)c(=O)[nH]c1=O,-0.519626259803772
guided,COC(=O)c1c(Nc2cc(C)ccc2C)oc(C)c1C,-4.429843902587891
guided,C[C+](O)[C+]([CH+][NH-])[C-]([CH+][C-]([C][N-2])[C+](N)[S-])N(C)C,-0.5187651515007019
guided,Cc1ccccc1NC(=O)CSc1nccn1C,-4.031175136566162
guided,[CH2-]N(C[C+]1[CH+][CH-][CH+]O1)[C-]([O-])[c+]1[c-]([C+]([O-])N[C+]2S[C+]3CCC[C+]3[C-]2[C][N-2])[cH+][cH+][n-][c-]1OCC,-0.3935903012752533
guided,COc1ccccc1Cn1nc(NC(=O)c2ccccc2)n2c(cc3oc(C)cc32)c1=O,-1.3685250282287598
guided,Cn1nc(CC(=O)NC2=NCCS2)c2ccccc2c1=O,-0.9976337552070618
guided,CO[c+]1[cH-][c+](CCN2[C-]([N-][C+]3[CH+][CH-][C+](F)[CH-][CH+]3)SCC[C-]2[c+]2[cH-][cH+][c-](N([O-])[O-])[cH+][cH-]2)[cH-][cH+][c-]1OC,-3.380164861679077
guided,Nc1nc2ccc(OCCCF)cc2[nH]1,-2.102409601211548
guided,CCOc1ccc(S(=O)(=O)N2CCC(C(N)=O)CC2)c2cccnc12,-0.28837743401527405
guided,O=C(O)c1ccccc1NCc1cccs1,-4.0622382164001465
guided,CCC[C@@H](C)C(=O)Nc1cc(C(=O)OC)ccc1C(=O)OC,-1.0690633058547974
guided,CCOC(=O)c1cc(NC(=O)c2ccc3ccccc3c2)cc(C(=O)OCC)c1,-2.1547963619232178
guided,COC(=O)c1ccc(COc2ccc3ccc(=O)oc3c2)o1,-1.199449062347412
guided,CCCCN(Cc1ccccn1)C(=O)c1cc2cc(Cl)cc(Cl)c2oc1=O,-3.876840114593506
guided,C/C=C/C(=O)N1CCc2cc(Br)cc(S(=O)(=O)N(CCCC)C(=O)c3ccco3)c21,-1.7436106204986572
guided,CCOc1ccc(CCNS(=O)(=O)c2ccc(NC(=O)OC)cc2)cc1OCC,-0.8620275259017944
guided,O=C(CSc1nnnn1-c1ccccc1)Nc1c(F)cccc1F,-1.550416350364685
guided,Cc1cccc([C@@H](C(=O)NC(C)(C)C)N(Cc2ccc3c(c2)OCO3)C(=O)C(C)C)c1,-2.986234664916992
guided,CCOC(=O)C1=C(C)Nc2nc3ccccc3n2[C@H]1c1ccncc1,-2.0687015056610107
guided,Cc1ccc(S(=O)(=O)N2CCC(C(N)=O)CC2)c(C)c1C,-0.885623574256897
guided,O=C(ONC1=NCCCCC1)c1ccc([N+](=O)[O-])cc1,-0.6159949898719788
guided,O=C(NNC(=O)c1ccc(NC(=O)c2ccco2)cc1)c1ccc(F)cc1,-0.664915144443512
guided,C[C@H]1Cc2ccccc2N1NC(=O)[C@@H]1CCC(=O)N(Cc2ccccc2)C1,-3.5346662998199463
guided,COc1cc(/C=N/NC(=O)c2ccc3c(c2)OCO3)ccc1OC(=O)c1cccc(F)c1,-1.1128836870193481
guided,Cc1c(Nc2n[nH]c(=S)[nH]c2=O)c(=O)n(-c2ccc(S(=O)(=O)N3CCCCC3)cc2)n1C,-0.3493212163448334
guided,[CH2-][CH+][C+]1[CH-][C+]2[N-][C+](N[C+]([O-])[C][C]C)[N-][C+]2N(CCCN2CCOCC2)[C+]1[O-],-0.4800034463405609
guided,COCCN[C-]([O-])CN[C+]([O-])[C][N-][C+]1[CH+][N-][C+]2SCCN2[C+]1[O-],-0.44626763463020325
guided,Cc1cc(NC(=O)c2cccs2)ncc1Cc1ccc(Cl)cc1,-6.427602291107178
guided,Cc1ccc(/C=C2/C(=O)NC(=O)N(Cc3ccccc3)C2=O)cc1,-2.0330748558044434
guided,C/C(=N\NC(=O)CCNC(=O)c1ccco1)c1ccccc1,-0.7186166048049927
guided,Cc1ccc(-c2cc(C(=O)O[C@@H](C)C(N)=O)c3ccccc3n2)o1,-0.6713322997093201
guided,N[C]([N]O[C]([O])C[C]1[CH][CH][CH][CH][C]1N([O-])[O-])[C+]1[CH][CH][CH][N][CH]1,-0.5215215086936951
guided,COCCNC(=O)c1cnn2c(C(F)F)cc(C3CC3)nc12,-1.7079614400863647
guided,CCCCC(=O)OCC(=O)c1cc(C)n(Cc2ccccc2)c1C,-4.80225944519043
guided,CCC(=O)Nc1ccc(Cl)c(C(=O)OC)c1,-3.1111867427825928
guided,O=C(NC[C@H]1COc2ccccc2O1)c1ccccc1,-3.912336587905884
guided,CCc1nnc(NC(=O)[C@@H]2CCCO2)s1,-2.022383451461792
guided,CC(=O)N[C@H]1Cc2ccccc2N([C@H](C(=O)O)c2ccccc2)C1=O,-0.6214872002601624
guided,COc1ccc(/C=C(\C#N)C(=O)OCC(=O)Nc2ccc(C)cc2[N+](=O)[O-])cc1,-0.7568823099136353
guided,COc1ccc2c(c1)/C(=N/NC(=O)c1nn(C)c(C)c1Br)c1ccccc1-2,-2.3671953678131104
guided,CCCOC(=O)c1c(NC(=O)c2cc(C3CC3)on2)sc(C)c1C,-1.9127774238586426
guided,COc1cccc(OC(=O)CCCN(CCC(=O)Nc2ccc(C(N)=O)cc2)C(C)=O)c1,-0.47203269600868225
guided,CCCCCN1C(=O)[C@@H](CC(N)=O)S/C1=N\CCC,-1.2765817642211914
guided,CCCCC[CH-]CCC1=[N+]=C=C(/C=N/NC(=O)[c-]2cc(-c3ccccc3)c(NC(=O)/C=C\C(=O)O)[s+]2)[CH-]1.[H+],-2.0123016834259033
guided,COc1cccc(CN[C@H](CC(C)C)C(=O)O)c1OC,-1.8230825662612915
guided,CCOc1ccc(Br)cc1S(=O)(=O)N1CCCC1,-4.262749671936035
guided,Cc1c(C#N)c2ccccc2n1CC(=O)NC[C@H]1CCCCO1,-1.8964142799377441
guided,COc1ccc(N(C(=O)C2=C(N)/C(=C(/N)[O-])N=[S+]2)[C@@H](Cc2cc(OC)c(OC)cc2OC)C(=O)NC2CCCCC2)cc1,-0.44924160838127136
guided,COCCn1c(=O)[nH]c(C)c(N(C)Cc2cccc3ccccc23)c1=O,-1.7832725048065186
guided,COc1ccccc1[C@H]1NC(=O)NC(C)=C1C(=O)NC1CC1,-0.8729872703552246
guided,Cc1cccc(Nc2nc(-c3ccc4c(c3)OCO4)cs2)n1,-3.749988555908203
guided,Cn1c(=O)c2c(nc(CN3CCN(C(=O)c4ccco4)CC3)n2Cc2cc3ccccc3[n-]c2=O)n(C)c1=O.[H+],-0.2066696435213089
guided,CCC(=O)Nc1ccc2c(c1)ncn2-c1ccc(C#N)cc1,-1.9611332416534424
guided,Cc1cc(NC(=O)c2cc(CC(C)C)on2)no1,-1.0390760898590088
guided,CCN(CC)c1ccc2c(c1)[C@H](CC(=O)O)N(OCc1ccccc1)C2=O,-2.2614760398864746
guided,CCCN1CCC[C@H](c2cc3ccccc3o2)C1,-10.166950225830078
guided,COc1ccccc1N1CCN(C(=O)CSc2nnc(COc3ccccc3)n2C)CC1,-1.5756677389144897
guided,Cc1noc(C(F)(F)F)c1Cc1ccc2c(c1)OCO2,-4.891079902648926
guided,O=C(c1ccccc1)c1cc2c(c3ccccc13)C(=O)[C-](O)CO2.[H+],-2.797215223312378
guided,O=C(O)c1ccccc1C(=O)Nc1ccc(F)cc1F,-2.199709177017212
guided,[H+].[H+].[O-][S+2]([O-])([c-]1[cH+][cH-][c+]2[cH-][cH+][cH-][cH+][c-]2[cH+]1)N(CCNC1CCN(C[c-]2[cH+][cH-][cH+][cH-][cH+]2)CC1)CC[c-]1[cH+][cH-][cH+][c-](C(F)(F)F)[cH+]1,-5.723496437072754
guided,CCCCn1c(-c2cc3cc(OC)ccc3[nH]c2=O)n[nH]c1=S,-1.6831462383270264
guided,C=CCn1c2ccccc2c2nnc(SCCC)nc21,-5.1231160163879395
guided,O=C(Nc1ccc(Cl)cc1C1=NCCN1)c1ccc2nc(-c3ccco3)c(-c3ccco3)nc2c1,-2.6763041019439697
guided,O=C(Nc1ccccc1C(=O)N1CCOCC1)c1ccncc1,-1.3434652090072632
guided,CC(C)NC(=S)NC(C)C,-7.809316635131836
guided,CN1C(=O)c2cccc3c(NC(=O)CCS(=O)(=O)c4cc5c(cc4Cl)NC(=O)CO5)ccc1c23,-0.8448982834815979
guided,CC(=O)c1ccc(N2CCOCC2)c(F)c1,-6.681771278381348
guided,Cc1ccc2nc(C3CC3)cc(C(=O)N3C[C@@H](C)O[C@@H](C)C3)c2c1,-5.355134963989258
guided,CCCCC(=O)Nc1ccc2cn[nH]c2c1,-2.920609712600708
guided,Nc1c(-c2ccccc2)nsc1C(=O)c1ccccc1,-3.548837184906006
guided,Cc1cc(C)nc(-c2ccc(OC(=O)Nc3cc(C)n(-c4ccccc4)n3)cc2)n1,-2.519947052001953
guided,Nc1ccsc1C(=O)Nc1c(F)cc(F)cc1Br,-3.7304835319519043
guided,CCCNC(=O)CC[C@@]1(c2ccc(OC)cc2)NC(=O)NC1=O,-0.3409440219402313
guided,CN(CCN(CCCN1CCOCC1)C(=O)c1cc2c(s1)CCCC2)Cc1nc(-c2ccccc2)no1,-2.1498169898986816
guided,CO[C-]1[CH+][CH-][CH+][C-](C2N[C+]3[N-][N-][C]N3[C+](C(C)C)[C+]2OC(C)C)O1.[H+].[H+],-2.0528206825256348
guided,NS(=O)(=O)c1ccc(Nc2cccc(-c3ccc(C4CCCCC4)cc3)n2)cc1,-2.7105631828308105
guided,COc1cc(/C=N/NC(=O)c2ccc(N)cc2)cc(OC)c1OCC(=O)NC1CCCC1,-0.5364662408828735
guided,[O-][C+]([c+]1[cH-][cH+][cH-]s1)[C-]1CC(N2[CH-]CN([C-]([O-])N[C+]3[CH+][CH-][CH+][C-](C(F)(F)F)[CH+]3)CC2)CC[C+]1O,-0.7621458172798157
guided,Cc1cc([N+](=O)[O-])ccc1NCc1ccco1,-2.1614887714385986
guided,COc1cc2c(=O)c3c(cc(O[C@@H]4CCCCC4=O)c4ccccc43)oc2c(C(F)(F)F)c1OC,-4.1694536209106445
guided,CCCCn1c([C@H](C)NC(=O)CC)nc2ccccc21,-4.546875476837158
guided,CN1CCn2c(cc(=O)[nH]c2=O)N1C,-2.3112337589263916
guided,COc1cccc(Nc2nc3c(c(=O)n(C)c(=O)n3C)n2Cc2ccc(C)cc2)c1,-0.8601951003074646
guided,C/[O+]=C1/C=C(CCN2C([O-])[C-]=C(C(=O)C3=[S+2]=CC=C3)[C@@]2(/C=C/c2ccccc2)[C-]([O-])NCC(C)C)C=C/C1=[O+]\C,-0.38286909461021423
guided,S=C(NCCCN1CCOCC1)Nc1ccccc1,-5.417171001434326
guided,CCCOc1ccc(-c2cc3ccc(OC)cc3oc2=O)cc1,-4.85056734085083
guided,CCOc1cccc(-c2nc(C[S@+]([O-])CC(=O)N[C@@H]3CCCC[C@H]3C)c(C)o2)c1,-1.5849637985229492
guided,NC(=O)c1ccc(Sc2nc(-c3ccccc3)ncc2OCCO)cc1,-0.6248788237571716
guided,CC[C@H](C)NC(=O)CCCOc1cc(=O)n(CC)c2ccccc12,-2.7405664920806885
guided,CCOC(=O)c1cc(-c2ccc(F)cc2)no1,-3.5001413822174072
guided,O=C(N/N=C/c1ccco1)c1cc(=O)c2ccccc2o1,-0.6910980343818665
guided,NS(=O)(=O)c1ccc(CC[C@@H](NC(=O)c2cccc3ccccc23)C(=O)O)cc1,-0.5030138492584229
guided,NNC(=O)c1sccc1OCc1ccccc1,-1.993865966796875
guided,CCOc1ccc(CNS(=O)(=O)C2=C/C(=C(\N)[O-])[S+]=C2)cc1,-0.32023346424102783
guided,CN(C)c1nc(N)nc(CSc2nc(N)c3ccccc3n2)n1,-0.2764233946800232
guided,NC(=O)/C=C\C(=O)Nc1ccnn1C1CCN(C(=O)c2cccnc2)CC1,-0.2839379608631134
guided,CCOc1ccc(Nc2nc(-c3cc4ccccc4oc3=O)cs2)cc1,-3.8441085815429688
guided,Cc1cc(NC(=O)CN(C2CCCCC2)S(C)(=O)=O)no1,-0.4728742837905884
guided,[H+].[H]/N=c1\ccccc(C)c1C(=[C-]/C=C1/C=C(CC)Nc2ccccc21)/C(N)=C\C=N/C=C/C=C/O,-3.5886943340301514
guided,CN(C)S(=O)(=O)c1ccc2c(c1)[C@@H](NS(=O)(=O)c1ccccc1)c1ccccc1-2,-1.1051058769226074
guided,O=C(c1cc(COc2ccc(F)cc2)on1)N1CCN(C(=O)c2ccco2)CC1,-0.7123904228210449
guided,COc1ccccc1N1CCN(C(=O)Cc2c[nH]c3ccccc23)CC1,-4.067111015319824
guided,CC(=O)Oc1cccc(C2(CNS(=O)(=O)c3ccccc3)CCOCC2)c1,-1.0297675132751465
guided,COCCC(=O)Nc1ccccc1C#N,-2.133000612258911
guided,CNS(=O)(=O)/C=C/c1ccccc1,-3.9915411472320557
guided,COc1cccc(C(=O)NNC(=O)[C@@H]2CCCN(c3ccccn3)C2)c1,-0.6360170245170593
guided,CC(=O)c1sc(C(C)(C)C)cc1NC(=O)CCC(=O)O,-1.2259271144866943
guided,CO[c-]1[cH+][cH-][cH+][c-]([CH-][C+](O[CH-][c+]2[c+]([O-])[nH][cH-][cH+][c-]2OC)[c-]2[cH+][cH-][c+](Cl)[cH-][cH+]2)[cH+]1,-3.116436243057251
guided,CN1C(=O)N[C@H](c2cccc(O)c2)[C@@H](C(=O)c2cccs2)[C@@]1(O)C(F)(F)F,-0.8827612400054932
guided,CCCN1CCC(NC(=O)CCCCn2cnc([N+](=O)[O-])n2)CC1,-0.402171790599823
guided,C/C(=N\Nc1nc2ccc(C)cc2s1)c1cccnc1,-4.3940606117248535
guided,O=C(NC[C@H]1CCCO1)c1ccc([N+](=O)[O-])cc1,-0.8549435138702393
guided,COc1nc(C)c(C(=O)Nc2ccc([N+](=O)[O-])cc2)s1,-0.6873369216918945
guided,CCOc1ccccc1OCC(=O)Nc1cccc2ccccc12,-4.977684497833252
guided,COc1ccc(N2CCN(S(=O)(=O)c3ccc(Br)s3)CC2)c(C)c1,-4.102015495300293
guided,COc1ccc(N(Cc2ccco2)c2nc(-c3ccccc3OC)cs2)cc1,-6.453952789306641
guided,Cc1cc(C(=O)N2CCc3ccccc3C2)no1,-4.09791374206543
guided,CCn1c(SCc2nc3cc(C)ccc3c(=O)[nH]2)nc2c([nH]c3ccc(OC)cc32)c1=O,-1.1860700845718384
guided,CC(C)Sc1nnc([C@H](C)NC(=O)OC(C)(C)C)o1,-1.6200412511825562
guided,CC(C)CCNC(=S)N/N=C/c1cccs1,-5.7659993171691895
guided,COc1ccc(OC)c(-c2[nH]ncc2CN2CCC[C@H](C)C2)c1,-4.035544395446777
guided,c1cnc2c(c1)CCn1cnnc1-2,-4.389374732971191
guided,Cc1nc(N2CCOCC2)[nH]c(=O)c1C,-2.632824420928955
guided,O=C(NCCc1ccccc1C(=O)NNC(=O)c1ccccc1-n1cccc1)c1ccccc1,-1.1675986051559448
guided,CCCN(CC)CCCNC(=O)c1cc(=O)c2ccccc2o1,-2.3449158668518066
guided,Cc1ccc(S(=O)(=O)N/N=C/c2cccnc2)cc1,-1.3896170854568481
guided,CCC(=O)N/N=C(\C)CC(=O)Nc1ccc(OCc2ccccc2)cc1,-1.543302059173584
guided,CC(C)(C)c1ccc(C(=O)C2=CN=N/C(=C/c3cccs3)[CH-]2)cc1.[H+],-7.577123641967773
guided,CCOC(=O)c1ccc(NC[C@@H](O)COc2ccc(C#N)cc2)c(C)c1,-0.823117733001709
guided,COCCN(CCOC)C(=O)/C=C/c1ccc(OC)c(OC)c1,-2.6901679039001465
guided,Cc1c(/C=N/NC(=O)c2cccs2)c(C)n(-c2ccccc2)c1C,-5.162809371948242
guided,[O-][C+]([c-]1[cH+][cH-][cH+]s1)N1[C][N-][C+](NCC[C+]2[CH-]CCCC2)[CH+]1,-3.5314817428588867
guided,COc1ccc(N2C[C@H](C(=O)[N-]/N=C(/C)CC(=O)NC3CCCCC3)CC2=O)cc1.[H+],-1.0003515481948853
guided,CCCCN1C(=O)[C@@](O)(CC(=O)c2ccc3ccccc3n2)c2ccccc21,-2.346257448196411
guided,C[N-][C+]([O-])[c+]1[c-](N[c+]2[cH-][cH+][c-](C)[cH+][c-]2C)[cH+][cH-][c+]2[cH-][c+]([C+]([O-])NN)[cH-][cH+][c-]12,-0.4302438199520111
guided,CCOc1ccc(C(=O)NCc2cccc3ccccc23)cc1OCC,-5.267848491668701
guided,CN[P@@](=O)(Nc1ccccn1)c1ccccc1,-3.1292355060577393
guided,CCC[C@@H](CCC(=O)Nc1nncs1)C(=O)O,-0.562284529209137
guided,Cc1cc([O-])n2c(-c3ccc(C)c(C)c3)c[s+]c2n1,-5.458343505859375
guided,CCOc1ccccc1NC(=O)C/C(C)=N/NC(=O)COc1c(C)cccc1C,-1.2248560190200806
guided,Cc1cc(O)c(/C=N\Nc2nc3ccccc3o2)cn1,-0.9776902198791504
guided,[H+].[O-][C+](N[C-]1[CH+][C+](C23CC4CC(CC(C4)C2)C3)S[C+]1[C-]([O-])O)[C-]1[CH-][CH+][CH-][CH+][CH-]1,-1.3118304014205933
guided,CO[C]1[CH][CH][C](C([C+]([O])NC2CCCCC2)N([C]2[CH][CH][CH][C](N([O-])[O-])[CH]2)[C]([O])[C]2[CH][N][CH][CH][N]2)[CH][CH]1,-0.805077075958252
guided,COc1cccc(/C=C/C(=O)c2ccc3c(c2)OCCO3)c1,-4.772281646728516
guided,CCOC(=O)CN1CCS(=O)(=O)CC1,-2.0919172763824463
guided,Cn1c(N)c(C(=O)NCc2ccccc2)c(=O)n(C)c1=O,-0.30356892943382263
guided,CCC(=O)Oc1c(S(=O)(=O)c2ccc(C)cc2)c(C)nn1-c1ccccc1,-1.740671157836914
guided,COc1cccc(-c2nocc2-c2csc(N)n2)c1,-1.5960919857025146
guided,CCCC(=O)Nc1cccc(-c2cccc(OCC)c2)c1,-6.512686252593994
guided,[H]/[O+]=C(C(\[O-])=C\c1ccccc1Cl)/c1ccc(NCC#N)cc1,-1.092414379119873
guided,CCC(=O)c1ccc(OCC(=O)NCCN2CCOCC2)cc1,-1.591921329498291
guided,N[C@H]1CCCN1C1CCCC1,-6.773189067840576
guided,CCOC(=O)Cn1ccc(NC(=O)c2ccc3c(c2)OCO3)n1,-0.41893404722213745
guided,O=C(Nc1ccc(S(=O)(=O)Nc2ncccn2)cc1)c1ccc(N2CCCC2)c([N+](=O)[O-])c1,-0.7622553706169128
guided,CCOC(=O)COc1ccc(C(=O)/[NH+]=[NH+]\C(=O)Nc2cc[c-]c(OC[O-])c2)cc1Cl,-0.28747639060020447
guided,Cc1cccc(-n2ncc3c2CCC[C@H]3NC(=O)CCN2CCN(CCO)CC2)c1C,-1.3288240432739258
guided,N[c-]1[cH+][c-](C[S+2]([O-])([O-])[c-]2[cH+][cH-][cH+][cH-][cH+]2)[c+]2[n-][cH+][cH+][n-][c+]2[n-]1.[H+],-0.28765615820884705
guided,NNC(=O)Cc1ccc2c(c1)OCCO2,-1.237931489944458
guided,CC[N][C]1S[CH][C+](C)N1[N][CH][C]1[CH][CH][C](N([O-])[O-])[CH][CH]1,-1.058900237083435
guided,CCOc1ccc(C(=O)c2nn(C)c(SCC(=O)Nc3ccc4c(c3)OCCO4)c2C#N)c(OC)c1C,-1.1839998960494995
guided,CCC1=CCCC/C1=N\c1ccc(NC(C)=O)cc1,-5.901005268096924
guided,CCOc1ccc(CN2CCCC[C@@H]2C(=O)Nc2ccc(OC)c(OCC(C)C)c2)cc1CO,-2.3661816120147705
guided,COc1ccc(S(=O)(=O)CCc2nnc(NC(=O)CCC(=O)NCc3ccccc3)s2)cc1,-0.5623043179512024
guided,Cn1nccc1C(=O)/[NH+]=C/CCCC/C=C1/C=CC(Cl)=C[CH-]1,-3.848067283630371
guided,CCCN1CCC[C@H](c2ccc(OC)c(CN3CCCCC3)c2)C1,-10.58588981628418
guided,COCCN(C(=S)Nc1cccc(C)c1C)[C@H](C)c1cccnc1,-6.388559818267822
guided,CCCCn1c(=O)c2cccnc2n(CCCC)c1=O,-2.822690010070801
guided,CCCC#Cc1cccc(C(=O)O[C@H](C)CN2CCCC2)c1,-7.329795837402344
guided,C[C@H](Sc1ccccn1)C(=O)O,-3.5543644428253174
guided,NS(=O)(=O)c1ccc(NC(=O)[C@@H](NC(=O)CNC(=O)c2ccccc2)c2ccccc2)cc1,-0.3098529875278473
guided,CC(=O)N1c2ccc(S(=O)(=O)NCCC(=O)NCc3ccc(C)cc3)cc2C[C@@H]1C,-0.5397109985351562
guided,[CH2-][C@H]1C[C@H]2C/C(=C/OCCS)C[C@@H](C1)C2.[H+],-11.688389778137207
guided,[CH2+]CCCCCN[C-]([O-])C1(O)[C+]2[CH-]N(CCCC)[C+]([O-])N[C-]2OO[C+]2[c-]3[cH+][cH-][cH+][cH-][c+]3[C+]([O-])N21,-0.3878060579299927
guided,CCCCNC(=O)CCn1nc(C)c2c(C)n(-c3ccc(C)cc3)nc2c1=O,-1.1278413534164429
guided,COc1ccccc1OCc1ccc(C(=O)NN)cc1,-1.2424858808517456
guided,COc1cccc2occ(C(=O)N[C@@H](C)c3ccccc3)c12,-4.243713855743408
guided,C=C1C=CN=[N+]1[C@H](C[N-]CC)C(=O)Nc1ccc(F)cc1,-2.9782369136810303
guided,Cc1cc(C(F)(F)F)c(C#N)c(SCC(=O)NC2CCCC2)n1,-2.569603681564331
guided,O=C(Oc1oc(-c2ccco2)nc1CN1CCOCC1)c1ccco1,-0.6413459181785583
guided,COc1ccc(C(=O)NCC(=O)OCC(=O)Nc2cccc3ccccc23)cc1,-0.6534729599952698
guided,O=C(N[C@@H](CO)Cc1cnc[nH]1)c1ccc2ccccc2c1,-0.9919532537460327
guided,CNCC(C)(O)C(O)C[CH-]OCOC(C)Cn1[c+]2[cH-][cH+][cH-][cH+][c-]2[c+]2[cH-][cH+][cH-][cH+][c-]21,-1.5083175897598267
guided,COc1ccc(C(=O)N[C@H](C(=O)O)C(C)C)cc1OC,-0.6604920029640198
guided,CC1=NN=[S+]/C1=[S+]\[C@@H]1CCN(Cc2ccc(N([O-])[O-])cc2)C1,-1.0961278676986694
guided,O=C(CNC(=O)[C@]12C[C@H]3C[C@H](C[C@H](C3)C1)C2)NCCC(=O)N1CCCC1,-1.1268340349197388
guided,CO[C]1[CH][CH][C](C2([C]([O])O)CC2[C+]2[CH][CH][CH][CH][CH]2)[CH][C]1N([O-])[O-],-0.6979968547821045
guided,CCOc1ccc(C(=O)NC(=S)Nc2ccc(CN3CCOCC3)cc2)cc1,-2.5155842304229736
guided,COCCN[C@@H](C(=O)Nc1ccc([N+](=O)[O-])cc1C#N)c1ccccc1,-0.49897438287734985
guided,CCOCCCNS(=O)(=O)c1ccc(OCC(=O)N2CCCCC2)cc1,-0.7239232659339905
guided,CCC(=O)NC(=S)Nc1ccc2c3c(cccc13)CC2,-5.239142894744873
guided,COC1=C/C(=C/c2c(N)n3nc(CC(=O)N4CCCCC4)sc3nc2=O)C=CC1=O,-0.3960321545600891
guided,NC(=O)NCCc1c[nH]c2ccccc12,-1.454243779182434
guided,[CH2-]CN1CN(CCC)CN(Cc2ccco2)/C1=C1/C=CC=[O+]1,-6.032494068145752
guided,CCO/C(=[O+]/C(C)=O)[C@H](C(C)=O)[C@H]1COC(=O)C=C1C(=O)c1ccccc1.[CH3-],-0.561301589012146
guided,Cc1cc(Cl)ccc1OCC(=O)Nc1ccncc1,-3.7637076377868652
guided,CN(CC(=O)N/N=C/c1cccnc1)S(=O)(=O)c1ccc2c(c1)CCC(=O)N2,-0.27077701687812805
guided,CCCNC(=O)Nc1ccccc1SCc1ccccc1,-6.144720554351807
guided,C[C@]1(F)[C-](n2ccc(N)nc2=O)O[C@H](CO)[C@H]1O.[H+],-0.41786831617355347
guided,Cc1cc(C)c2cc(C(C)C)ccc2c1,-14.476585388183594
guided,C[C@H](CCCN(C)C)C/N=C/C1=C(O)CC(C)(C)CC1=O,-3.828833818435669
guided,CCCOC(=O)c1ccccc1C,-7.472387313842773
guided,NS(=O)(=O)c1ccc(CNC(=O)Cc2cccc(C(F)(F)F)c2)cc1,-0.6506189107894897
guided,C[C]1[CH][CH][C](N[C+]([O])C[S+][C]2[CH][CH][C](C(F)(F)F)[CH][C]2[N+]([O-])[O-])[CH][C]1N([O-])[O-],-0.6824180483818054
guided,CCOc1cc(CN(CCO)CCO)ccc1OCC(C)=O,-0.8594745993614197
guided,N[C@@H](CC(=O)Nc1nccs1)C(=O)O,-0.3962863087654114
guided,Cc1nc2scc(C)n2c(=O)c1S(=O)(=O)N[C@]12C[C@H]3C[C@H](C[C@H](C3)C1)C2,-1.1743038892745972
guided,COC/C(=N\Nc1cc(C)nc(Sc2c(C)cc(C)cc2C)n1)c1ccccc1,-4.649908542633057
guided,COC(=O)C1=C(N)Oc2ccc3ccccc3c2[C@@H]1c1cccc(O)c1,-1.3965892791748047
guided,Nc1c(C(=O)NCc2ccco2)nnn1Cc1ccc(F)cc1,-0.36137422919273376
guided,CCCC(=O)CC(=O)[C@@H](Cc1ccccn1)c1ccncc1,-2.8610241413116455
guided,CCC(=O)NC1=[S+]C(C(=O)Nc2ccccc2C(=O)O)=C(C)/C1=C(/[O-])OC,-0.31254056096076965
guided,CCOc1ccccc1NC(=O)Nc1ccc(OC(F)F)cc1,-3.6900906562805176
guided,COc1ccc(NC(=O)CNc2ccc(C)cc2)c(OC)c1,-2.780073642730713
guided,CC(=O)c1ccccc1OC(=O)COc1ccc(C)cc1C,-3.855997085571289
guided,NCOC(=O)CCn1cn[nH]c1=O,-0.49352025985717773
guided,C[N+]1([c+]2[cH-][cH+][cH-][cH+][cH-]2)[CH-][CH+][C-]2[CH+][CH-][CH+][CH-][C-]2[S+2]1([O-])[O-],-4.192646503448486
guided,C/C(N)=C(/C#N)C(=O)COC(=O)/C=C/c1cccs1,-0.4543077051639557
guided,CCOc1ccc2ncn([C@H]3Cc4cccc5cccc3c45)c2c1,-8.627076148986816
guided,CCCC(=O)Nc1ccc(-c2cn3cccnc3n2)cc1,-2.887219190597534
guided,O=C(NCc1ccccc1)C1CCC1,-6.794849395751953
guided,O=S(=O)(Nc1ccc(OC(F)F)cc1)c1ccc(/C(=N/O)Sc2ccccc2)s1,-2.5273642539978027
guided,COc1ccc([C@@H](CC(=O)OC(C)C)C(=O)OCC(C)C)cc1OC,-2.0556318759918213
guided,CN(C)c1ccc(NC(=O)CN2CCN(CC(=O)Nc3ccc(Oc4ccccc4)cc3)CC2)cc1,-1.7971038818359375
guided,CCn1nc(-c2ccccc2Cl)ccc1=O,-5.957179069519043
guided,CCCC(C)(C)NC(=O)c1cccs1,-7.208499431610107
guided,CCOc1ccc(C(=O)Nc2ccc(S(=O)(=O)NC3CC3)cc2)cc1OCC,-0.9105920791625977
guided,CCOc1ccc(C(=O)Nc2cc(C)on2)cc1,-2.222507953643799
guided,[CH2+][c-]1[cH+][c-](Cl)[cH+][c-](C)[c+]1O[C-]([O-])CC[C+]([O-])OC(C)C,-2.1211700439453125
guided,Cc1ccc(O[C@@H](C)C(=O)N2CCC(Cc3ccccc3)CC2)cc1,-7.804643154144287
guided,COc1cc(NC(=O)CN(C)CC(=O)Nc2ccc(C)cc2)cc(OC)c1OC,-0.659106969833374
guided,CCCOc1ccc(/C=N/NC(=O)CSc2ccccn2)cc1OC,-1.72880220413208
guided,[O-]n1[c+](C[c+]2[cH-][cH+][cH-][cH+][cH-]2)[n-][c-]2[c+]1CN(C[c+]1[cH-][cH+][c-]3[c+]([cH-]1)OCO3)CC2,-2.3708486557006836
guided,CCCCN(CC)[C@@H](C(=O)Nc1cccc(S(=O)(=O)N2C[C@@H](C)O[C@@H](C)C2)c1)c1ccccc1,-2.170227289199829
guided,O=C(COC(=O)CCc1ccccc1)NC1CC1,-2.832969903945923
guided,Cc1cccc(NC(=O)c2cc3ccccc3o2)n1,-3.4811551570892334
guided,COCCNc1ncc2c(n1)C[C@@H](c1ccc(OC(C)(C)C)cc1)CC2=O,-2.0071117877960205
guided,NNC(=O)c1cnn(-c2cccnc2)c1-c1cccc(C(F)(F)F)c1,-0.8428571224212646
guided,CO[C-]1[CH+][C-]2[CH+][CH-][C+](CN(C[c+]3[cH-][cH+][cH-]s3)[C+]([O-])[c+]3[cH-][cH+][cH-]o3)N[C-]2[CH+][CH-]1,-2.5064191818237305
guided,CC(=O)OC[C-]([O-])[C@@]12O[C@H](C)OC(C)(C)[O+]1C2(C)C.[H+],-1.5871580839157104
guided,CCO/N=C/c1ccc(S(=O)(=O)Nc2ccc(S(=O)(=O)N3CCCC3)cc2)cc1,-0.6296148896217346
guided,CCOC(=O)C1(Cc2ccccc2)CCN(Cc2c(C)nn(CC)c2C)CC1,-4.825334072113037
guided,CCOC(=O)[C@@]1(Cc2ccc(F)cc2)CCCN(C(=O)c2cn[nH]c2)C1,-1.417314052581787
guided,CO[C][CH+][c-]1[cH+][n-][c+](-[c-]2[cH+][cH-][cH+][n-][cH+]2)[n-][c+]1NC1CCN(C2CC[c-]3[cH+][cH-][cH+][cH-][c+]3C2)CC1,-2.565685510635376
guided,CN(C)Cc1ccccc1Sc1ccc(Cl)cc1,-13.571707725524902
guided,Cc1ccc(S2(=O)([O-])C3=NC(=O)[C+]4=C(/C(=C(/[O-])O)C=C(N5CCOCC5)[C]4)N32)cc1.[H+],-0.36114081740379333
guided,COc1ccc(F)cc1C(=O)CSc1c(C)n(C)c2ccccc12,-7.734262466430664
guided,COc1ccccc1N1CCN(C(=O)/C=C/CN2CCC[C@H](C)C2)CC1,-5.730129241943359
guided,CS(=O)(=O)c1ccccc1C(=O)O[C@H]1CCOC12C(=O)c1ccccc1C2=O,-0.39410704374313354
guided,O=C(CN1C(=O)COc2ccccc21)NCCOCCO,-0.4953872263431549
guided,NC(=O)c1nc(Nc2ccccc2)sc1NC(=O)C1CCCCC1,-1.0472261905670166
guided,CCC/[S+]=C1/C=CC=C/C1=C(\[O-])NC[C@H](C)C(=O)O,-1.4572817087173462
guided,Cc1cccn2c(=O)c(-c3cccc4ccccc34)cnc12,-6.640655994415283
guided,COCc1[nH]nc2c1[C@@H](C)C(C(C)=O)=CO2,-2.0741000175476074
guided,C[C@]1(C(=O)Nc2ccc([N+](=O)[O-])cc2)CC(=O)N=C2C=CC=CN21,-0.4576846957206726
guided,Cc1cc(C)c2cc3ccc4cccnc4c3nc2c1,-8.73940372467041
guided,CCN(CC)C(=S)SCC(=O)c1ccccc1O,-5.251949787139893
guided,Cc1ccccc1NC(=O)CCC(=O)NNC(=O)c1ccncc1,-0.29151207208633423
guided,COCC(=O)NNC(=O)c1ccc2ccccc2c1,-1.6108102798461914
guided,O=C(NN1C(=O)c2ccccc2N[C@H]1C1=NCCCCC1)c1ccncc1,-0.802748441696167
guided,CSc1ccc(NC2=NC[C@H](C)S2)cc1,-8.179495811462402
guided,O=C(c1ccc(CS(=O)(=O)c2ccc3c(c2)OCO3)o1)N1CCN(C2CCCCC2)CC1,-0.9906688928604126
guided,COC(=O)c1ccccc1NC(=O)[C@@H]1CC(c2ccccc2O)=NO1,-0.4976348280906677
guided,CC(=O)c1ccc([C@H]2COC(c3cccc4ccccc34)=N2)nc1C,-4.524218559265137
guided,C/C(=N\NC(=O)c1ccc(Cn2cc(Br)cn2)o1)c1cccc(NC(=O)c2ccncc2)c1,-1.4367856979370117
guided,CCCC(=O)c1ccccc1NC(=O)c1cc(-c2ccc(OCC)cc2)nc2ccccc12,-5.284806251525879
guided,COc1ccccc1N1CCN(c2ccccn2)CC1,-6.856759548187256
guided,CN1CCCN(Cc2cccc3ccccc23)CC1,-11.711990356445312
guided,CC(=O)Nc1cccc(-c2ccnc(Nc3cccc(C)c3)n2)c1,-2.7606794834136963
guided,COc1ccc(-c2[nH]c(=O)[nH]c(=O)c2-c2nc3ccccc3s2)cc1,-0.9114792346954346
guided,CO[C-]([O-])n1s[c+]([CH+][N-]N[c+]2[n-][c+]3[cH-][cH+][cH-][cH+][c-]3[nH]2)[c+]2[cH-][cH+][cH-][cH+][c-]21,-0.7679839134216309
guided,Cc1ccccc1SCC(=O)NNC(=O)c1ccccc1,-2.7632193565368652
guided,NS(=O)(=O)c1ccc(CNC(=S)NCc2ccccc2)cc1,-0.6643768548965454
guided,Cc1ccc(OCc2cc(OC(C)C)ncn2)c(F)c1,-4.885009765625
guided,Cc1ccc(CNc2ccc(C(=O)O)cc2)cc1CC(=O)N1CCCc2ccccc21,-3.2549047470092773
guided,Cc1ccc(OC[C@H](O)CN2CCN(c3ccccc3)CC2)c([N+](=O)[O-])c1,-1.0587952136993408
guided,[CH-][CH][C]([C-]C)[C+]1[N][N][C]2CCC([C]3[CH][CH][CH][CH][CH]3)NN21,-4.6028852462768555
guided,COC(C[C@@H]1O[C@@H]1[C@@H](O)[C@H](C)OCc1ccccc1)OC,-2.3591649532318115
guided,CCOCCCNC(=O)CCCOc1ccc(Cl)cc1C,-4.465365409851074
guided,COc1cc(C(=S)N2CCCC2)ccc1OCc1ccccc1F,-9.200970649719238
guided,C#C[C@H]1CCOc2[c-]c(C(=O)Oc3cc(-c4nnc(C5CC5)o4)ccc3N)ccc2O1.[H+],-1.005038857460022
guided,CCc1cccc(CC)c1NC(=O)Nc1cccs1,-6.185091495513916
guided,COc1cccc(-n2c(=O)c3ccccc3n(CC(=O)NC[C@H]3CCCO3)c2=O)c1,-0.3166757822036743
guided,Cc1ccc(-c2nn3c(-c4cccc(F)c4)nnc3s2)cc1C,-5.710502624511719
guided,CCCCS(=O)(=O)N1CCC(CN2C(=O)c3ccccc3C2=O)CC1,-1.3333775997161865
guided,O=C(Cc1ccccc1)NCc1cccc(C(=O)c2ccccc2)c1,-4.871229648590088
guided,COc1cc2c(cc1O)CCN[C@H]2C,-4.738582134246826
guided,COCCCNC(=O)[C@@H](Cc1ccccc1)NC(=O)c1ccc(N(C)C)cc1,-1.5164868831634521
guided,NC(=O)C1(N2CCCCC2)CCN([C@H]2CC(=O)NC2=O)CC1,-0.478397011756897
guided,CCCn1c(N)c(-c2nc(-c3ccco3)c(C(=O)c3ccc(OC(F)F)cc3)s2)c(=O)n(C)c1=O,-1.169350266456604
guided,CCOC1C([CH-]CCO)C1[c+]1o[c-](CO)[cH+][c+]([O-])[c-]1O,-0.4148969352245331
guided,Cc1ccccc1NC(=O)CSc1nnc(CN2CCOCC2)n1-c1ccccc1,-1.7442336082458496
guided,Cc1nn(C)c(-c2nnc(SCC(=O)NNC(=O)c3cccc([N+](=O)[O-])c3)n2C)c1Cl,-0.35697120428085327
guided,COc1ccccc1OC(=O)c1ccccc1NC(=O)C(=O)c1ccccc1,-1.5803546905517578
guided,CC(=O)CS(=O)(=O)c1c(C)[nH]c2ccccc12,-1.7958178520202637
guided,COc1ccc(/C(C)=N/NC(=O)c2ccccc2F)c(OC)c1,-2.758160352706909
guided,CC(=O)c1ccc(OC[C@H]2CCOC2=O)cc1,-3.2574992179870605
guided,N/C([O-])=C1\C=C[S+]=C1NC(=O)CSc1nnc(-c2cccs2)n1N,-0.30370569229125977
guided,CCO[C-]([O-])[C+](CO[c+]1[cH-][cH+][cH-][cH+][cH-]1)[N-][N-][C+]1[CH+]N[C+]([O-])N[C+]1[O-],-0.33287152647972107
guided,C[C]1[CH][CH][C](N[C+]([O])CN(C)C[C]([O])N[C]2[CH][CH][C]3[CH][CH][CH][CH][C]3[CH]2)[CH][C]1N([O-])[O-],-0.5596945881843567
guided,C[c+]1[n-][c+]2[n-][c-](C)[c+](N[C+]([O-])[c+]3[cH-][cH+][c-]4[nH][c+](C)[c-](C)[c+]4[cH-]3)[c+]([O-])n2[n-]1,-0.3015807569026947
guided,CCOC(=O)CNc1c(-c2ccccc2)nc2ccc(Cl)cn12,-3.589358329772949
guided,COc1ccc(Cl)cc1C(=O)Nc1nc(C)cc(C)n1,-2.412717580795288
guided,CCSc1cnc(-c2cccc(F)c2)o1,-7.98565673828125
guided,[H]/N=c1\c(C(=O)NCc2ccccc2)cc2c(=O)n3ccccc3nc2n1Cc1ccc(F)cc1,-0.9889161586761475
guided,Cc1cc(F)ccc1S(=O)(=O)Nc1cc([N+](=O)[O-])ccc1N(C)CCc1ccccc1,-1.8494633436203003
guided,[H]/[O+]=C(\CC1=c2c(ccc/c2=C/NC)OC([O-])=C1)C(F)(F)F,-1.8304014205932617
guided,COCCNC(=S)N(Cc1ccc(C(=O)OC)cc1)Cc1ccccc1F,-3.8865792751312256
guided,COC(=O)c1[nH]c2ccc(C)cc2c1NC(=O)CCN1CCCC1,-1.458534598350525
guided,Nc1c(C(=O)NCCc2ccc(Cl)cc2)sc2ccccc12,-3.984682321548462
guided,Cc1ccc2nc(C/[S+]=c3\nc(C)cc([O-])[nH]3)[nH]c2c1,-0.9134848117828369
guided,Cc1cnccc1NC(=O)C/[S+]=c1/nnc(C)c([O-])[nH]1,-0.3211894929409027
guided,Cc1ccc(N)c(C)c1,-7.428555011749268
guided,C[C@@H]1CN=C(N(Cc2cccs2)CC2CCCCC2)S1,-10.939539909362793
guided,Cc1cc(C)cc(OCc2ccc(C(=O)NN)o2)c1,-1.116027593612671
guided,CC[C@H]1Sc2ccccc2N(CC(=O)NCCC2=CCCCC2)C1=O,-4.5880351066589355
guided,[N][C]C(N[C]1[C](Cl)[CH][CH][CH][C]1N([O-])[O-])[C+]1[CH][CH][CH][CH][CH]1,-0.8849709630012512
guided,COCCNC(=O)NC(=O)COC(=O)[C@@H]1[C@@H]2OC(c3ccc(C)cc3)=[O+][C@H](O)[C@@]1(C)[C@@H](C)CC[C-]2O,-0.40839090943336487
guided,COc1cccc(-n2c(=O)[nH]c(=O)c3c2n(C)c(=O)n3-c2cccc(C)c2)c1C,-0.4206773042678833
guided,CCS(=O)(=O)N1CCC[C@H](C(=O)c2cccn2C)C1,-2.441960334777832
guided,Cn1c(SCc2nnc(-c3ccco3)o2)nnc1-c1ccccc1,-1.3663817644119263
guided,Cc1ccc(O)c(NC(=O)[C@@H]2[C@@H](c3ccccc3)[C@@]2(Cc2ncc[nH]2)c2ccccc2)c1,-2.8243587017059326
guided,[H]/N=c1\n(CC)c2ccccc2n1CCOc1ccc(CNC(C)C)cc1,-3.579134941101074
guided,[H]/N=C1C(=C/c2cccn2Cc2ccc(C)cc2)/C(=O)N=C2SC=CN2/1,-3.0327742099761963
guided,N/C(=N\N=C/c1ccco1)c1cccc(OCc2ccccc2)c1,-2.020838737487793
guided,Cc1ccc(N(CCO)S(C)(=O)=O)c(C)c1,-2.6657676696777344
guided,CCCCNC(=O)c1c(N)n(CCN2CCOCC2)c2nc3ccccc3nc12,-0.37653622031211853
guided,C[C@H](C(=O)Nc1ccc(F)cc1)N(Cc1ccccc1)C(=O)CN1C(=O)c2ccccc2C1=O,-1.2317967414855957
guided,NS(=O)(=O)OCCCc1ccccc1,-1.5284286737442017
guided,Nc1nnnn1CC(=O)NNc1nc(-c2ccccc2)c2ccccc2n1,-0.239334374666214
guided,CCC(=O)c1c[nH]c2ccccc12,-6.402144908905029
guided,C[C@@H](CC(=O)O)n1nnc2ccsc2c1=O,-0.7013154625892639
guided,CCCCN1C2=N[C-]=C3[NH+]=c4ccccc4=C3[C@H](c3cccc(OC)c3OC)N2c2ccccc21,-3.4871034622192383
guided,CCCCCCc1ccc2ccccc2n1,-11.197770118713379
guided,c1cc(Cc2cnc[nH]2)ccn1,-4.7097601890563965
guided,Cn1c(CC(=O)N2CCCCC2)c(NC(=S)NC2=CSCc3ccccc32)c(=O)n1-c1ccccc1,-2.6556649208068848
guided,N[C+]1[N][C](N[C]2[CH][CH][CH][C]([CH][O])[CH]2)[N][C](N2CCCC2)[C]1N([O-])[O-],-0.4967670440673828
guided,CCC[C@@H](C)C(=O)Nc1cccc(NC(C)=O)c1,-3.0232739448547363
guided,CC[C@@H](Sc1ccc2c(c1)NC(=O)CO2)C(=O)Nc1nccs1,-1.2229855060577393
guided,[O][C]1CCCN1[C]1[CH][CH][C](S([O])([O])O[C+]2[CH][CH][CH][CH][CH]2)[CH][C]1N([O-])[O-],-0.804175853729248
guided,Cc1cccc(N[C@@H](C)C(=O)NNC(=O)[C@H]2[C@@H]3CCCC[C@@H]32)c1,-1.6938811540603638
guided,N[C@H](Cc1cc(I)c(Oc2ccc(O)c(I)c2)c(I)c1)C(=O)O,-1.5316503047943115
guided,COC(=O)c1ccc([C@](C)(CN2CCOCC2)OC(C)=O)o1,-0.9385662078857422
guided,CCC[o+]1[n-][c-]2[cH+][cH-][cH+][cH-][c+]2[c+]2[c+](N[C+](C)[O-])[cH+][c-]([C][N-2])[c-]1-2,-1.824057698249817
guided,C[C]1[CH][CH][C](N[C+]([S])NC[C]2[CH][CH][CH][CH][C]2OC(F)F)[CH][C]1N([O-])[O-],-1.2356623411178589
guided,CCC(=O)[C@H]1CCCN(C(=O)c2cccc3ccccc23)C1,-6.078638553619385
guided,Cc1ccc(C(=O)O)cc1-n1c(C2CC2)n[nH]c1=S,-1.892513632774353
guided,CCOC(=O)/C(O)=C/c1ccccn1,-2.46575927734375
guided,O=C(CSc1ccc(Cl)cc1)Nc1ccc(Cl)cc1C(=O)NC1CC1,-4.090323448181152
guided,COCC1=[S+]/C(=C(\[O-])N2CCC[C@H](N(C)Cc3ccccc3)C2)C=C1,-5.049169063568115
guided,COC(=O)c1ccccc1NC(=O)Cn1nnc(-c2ccc(OC)cc2)n1,-0.295596718788147
guided,[O][C](N[C]1[S+][C]2CCCC[C]2[C]1[C]([O-])N[C]1[CH][CH][CH][C](N([O-])[O-])[CH]1)[C+]1[CH][CH][CH][N][CH]1,-0.5770707726478577
guided,C/C(=N\NC(=O)c1ccccc1F)C1CC1,-4.889107704162598
guided,COc1cc([C@H]2NCCS2)ccc1OCc1ccccc1,-7.155758857727051
guided,Nc1cc(Cc2cccs2)cc(C(=O)O)c1O,-0.9310212731361389
guided,CCO/N=C(\C)c1ccc(C(F)(F)F)cn1,-6.235530853271484
guided,Cc1ccc(-c2nn(-c3ccccc3)cc2C(=O)O)cc1C,-3.8288495540618896
guided,COc1ccc(C(C)=O)cc1COC(=O)CCc1nc2ccccc2c(=O)[nH]1,-0.6448365449905396
guided,COc1ccc(C(=O)Nc2ccc(OCC(=O)N3CCCCC3)cc2)cc1,-2.219376564025879
guided,CNC(=S)N1CCN(c2ccccn2)CC1,-6.241220951080322
guided,CCO[C-]([O-])[N-][C+]1S[C+](N)[N-][C+]1[CH+][CH-][c+]1[cH-][cH+][cH-][cH+][cH-]1,-0.7437663078308105
guided,N#Cc1ccc(OC[C@@H](O)CN2CCN(c3ncc(C(F)(F)F)cc3Cl)CC2)cc1,-1.8064566850662231
guided,COc1ccccc1OCC(=O)Nc1c2c(nn1-c1ccccc1)C[S@+]([O-])C2,-0.7397416830062866
guided,CCOC(=O)C1=CN(CC)C(=O)/C(=C/N2CCN(C)CC2)C1=O,-1.555921196937561
guided,N/C(=N\C(=O)CNc1ccccc1)c1cccs1,-1.7538738250732422
guided,Cc1ccc(OC(=O)Nc2n[nH]c(=S)s2)cc1C,-2.4520323276519775
guided,CN(C)c1nnnn1C1CCCCC1,-4.004016876220703
guided,COCc1c(C(=O)OC/C(O)=C(\C#N)c2nc3ccccc3[nH]2)oc2ccccc12,-1.4419997930526733
guided,NC(=O)C1CCN(C(=O)c2ccccc2N2CCCCC2)CC1,-1.839073657989502
guided,CC[C@@H](Sc1nc(C)cc(C)n1)C(=O)O,-2.272031545639038
guided,O[C@H](CN1CCN(c2ccccc2)CC1)c1ccc(Cl)cc1,-7.585897445678711
guided,CCOCCn1c(Br)nc2c1c(=O)[nH]c(=O)n2C,-0.8128440976142883
guided,COC(=O)/C(=C\Nc1cccc(Cl)c1)NC(=O)c1ccc(Cl)cc1Cl,-3.1654677391052246
guided,C[C-]([O-])N([N-][C]CC(C)CCC([c+]1[cH+][cH+][cH+]s1)N(C)C)[c-]1[cH+][cH-][cH+][cH-][cH+]1,-6.070073127746582
guided,CCCCCC[C][C+]([CH-][CH+][CH-][C][C][CH+][C+]1[C+](C)CCCC1(C)C)[CH-][C-]([O-])O.[H+],-7.190186023712158
guided,COc1cc(OC)c(OCC(=O)N[C@H](Cc2c[nH]c3ccccc23)C(=O)N[C@@H](CO)CCO)cc1C,-0.266847163438797
guided,Cc1ccc(C)c(NC(=O)CN(C)CC(=O)Nc2ccc(Oc3ccccc3)cc2)c1,-2.9115500450134277
guided,CCOc1cc(/C=C2/NC(=O)N(c3ccccc3F)C2=O)ccc1O,-1.3433191776275635
guided,Cc1cccc(N2CCN(C(=O)CS(=O)(=O)Cc3nc(-c4ccccc4)oc3C)CC2)c1C,-1.3660374879837036
guided,CCC(=O)[C@@H]1OC=CCC1(C)C,-7.484468936920166
guided,C=Cc1ccccc1COC(=O)[C@H](NC(=O)c1ccccc1F)C(C)C,-3.8702101707458496
guided,O=C(Nc1cccc(-c2nnn(CC(=O)N3CCCC3)n2)c1)c1cccc2ccccc12,-1.0050270557403564
guided,COc1ccccc1C(=O)Nc1ccc([C@@H](c2ccc3cc[nH]c3c2)c2ccccn2)cc1,-4.73833703994751
guided,COc1ccccc1NCc1nnc(-c2ccccc2)o1,-2.924473524093628
guided,Cc1ccc(OCCCCCN2CCOCC2)cc1,-8.424874305725098
guided,[CH][CH-][CH+][CH+][C][CH-][CH+][CH+][C]CC12[C]CCCN1C([CH+][C-](C)[C+]1[C][CH-][CH+][C-](OC)[CH+]1)CCCC2,-12.782862663269043
guided,C[C+]1[CH-][CH+][C-](C)C[C-]1O[C][c+]1[n-][n-][c+]2n1CCCCC2,-4.932929039001465
guided,Cc1ccc(NC(=O)CSc2nnnn2-c2ccccc2C)cc1,-1.6893784999847412
guided,Cn1cc(-c2nc3ccccc3nc2[C@@H](C#N)C(=O)OCCN)c(-c2ccc(Oc3ccc(F)cc3F)cc2)n1,-2.1131749153137207
guided,Cc1nnc(/[S+]=C2/N=CC=NC2=[N+]([O-])[O-])c2ccccc12,-0.32951757311820984
guided,OCCc1ccncc1,-6.0640153884887695
guided,CCN1CC[C@H](CNC(=O)c2cc(C)n(CC(C)C)c2C)C1,-5.736122131347656
guided,COc1ccc(-c2nc(CN3CCCC[C@H](CCc4ccccn4)C3)c(C)o2)cc1,-5.4577555656433105
guided,CN(C(=O)c1ccc2nc(Cc3cccc(Cl)c3)oc2c1)c1ccc(N2CCOCC2)cc1,-4.556549549102783
guided,O[CH-][c+]1[n-][n-][c+](CS[c+]2[cH-][cH+][c-](Cl)[cH+][cH-]2)o1,-2.531215190887451
guided,CCN(c1ccccc1)S(=O)(=O)c1cc(NC(=O)Nc2cccc(OC)c2)ccc1Cl,-2.6468570232391357
guided,CO[c-]1[cH+][c-]([CH-][C+]([C][N-2])[C+](N)[O-])[cH+][cH-][c+]1O[C][N-]N[S+2]([O-])([O-])[C+]1[CH+][CH-][CH+][CH-][C+]1C,-0.3635307252407074
guided,O=C1C[C@H](c2ccccc2)CC(=O)[C@H]1Cc1cccnc1,-4.2578277587890625
guided,O=C(O)CCC(=O)Oc1ccccc1C(=O)/C=C/C=C/c1ccccc1,-1.803593635559082
guided,Cc1ccc(NC(=O)c2ccc(OC3CSC3)cc2)c(Br)c1,-6.572080135345459
guided,CC(/C=C/c1ccc([N+](=O)[O-])cc1)=N\Nc1nc2ccccc2c(=O)n1O[C@H](C)CO,-0.594629168510437
guided,CCOC(=O)c1cc(C(N)=O)c(=O)[nH]c1C,-0.45086386799812317
guided,CCCCCCOC(=O)SCc1ncc(-c2ccccc2)o1,-5.420836448669434
guided,COC/C=[C-]\O[C@@]1(C)[O+]=C(C)[C@H]2OCO[C-]2[C@]1(C)C(=O)OCC(=O)c1ccccc1.[H+],-0.6513476371765137
guided,COc1cccc(N2CN(CCc3ccccc3)CNC2=S)c1,-7.211824417114258
guided,Cn1c(=O)c2c(ncn2C[C@H](O)CO)n(C)c1=O,-0.430691659450531
guided,CCCN(CCC)Cc1c(C(=O)N2CCc3ccccc32)nnn1-c1nonc1N,-0.4305495619773865
guided,NC(=O)C1=C[C@@H](c2ccc(-c3ccccc3)cc2)C[C@@H](OCCCCO)O1,-1.3614734411239624
guided,CCOC(=O)c1c(-c2ccc(OC)cc2)oc2ccc(O)cc12,-2.5558769702911377
guided,CCC(=O)Nc1ccc(OC)cc1[N+](=O)[O-],-0.8711029291152954
guided,Cn1c(=O)c2c(nc(NCc3ccccc3Cl)n2C)n(C)c1=O,-1.1658507585525513
guided,CCNCCNC(=O)c1c(O)c2cccc3c2n(c1=O)CCC3,-0.6636427044868469
guided,Cc1ccc(OCC(=O)O/N=C(\N)c2ccccn2)c(C)c1,-0.6117954850196838
guided,Cn1nc(C(=O)OCC(=O)Nc2cccc3ccccc23)c2ccccc2c1=O,-0.7849334478378296
guided,O=c1[nH][nH]c(-c2ccccc2)c1/C=N/N1CCOCC1,-1.2389861345291138
guided,Cn1c(SCC(=O)N2CCN(c3ccccc3F)CC2)nnc1-c1cccs1,-3.406853199005127
guided,CCC(=O)N[C@H](Nc1nccs1)C(Cl)(Cl)Cl,-3.4439666271209717
guided,COCCCNC(=O)Cn1nc(C(F)(F)F)c2c1CCCC2,-2.9245972633361816
guided,COCCC(=O)N1CCC(OCCOC(=O)c2ccc3c(=O)n(CCC4=CCCCC4)c(=O)[nH]c3c2)CC1,-0.7739885449409485
guided,Cc1ncc(COC2CCCCC2)c(N)n1,-2.5102200508117676
guided,C[C@@H]1CN(C(=O)CNC(=O)c2ccco2)C[C@H](C)O1,-1.3556561470031738
guided,[CH2-]C(CCN(CCCOC)C[c+]1[cH-][cH+][cH-][cH+][cH-]1)N[C-]([O-])[C+]1[CH+][CH-][C+](C[S+2]([O-])([O-])C[c-]2[cH+][cH-][cH+][cH-][cH+]2)O1,-0.6522125601768494
guided,Cc1oc(-c2ccc(/C=C/C(=O)O)cc2)nc1-c1ccccc1,-3.4201812744140625
guided,O=C(CSc1ccc(-c2cccnc2)nn1)N1CCCc2ccccc21,-3.183040142059326
guided,C[C+]([O-])[c-]1[cH+][cH-][c+](N[C+]2[C][C+](CS[C+]3[CH+][CH-][CH+][CH+][N-]3)[N-][C-](C)[N-]2)[cH-][cH+]1,-2.2469797134399414
guided,COCCC(=O)NCCCN(Cc1ccccc1C)C(=O)Nc1ccccc1C,-2.3646059036254883
guided,OCCNC(=S)Nc1ccc(OCc2ccccc2)cc1,-3.318829298019409
guided,CCCCC(=O)N/C(=C/c1ccc(Br)cc1)C(N)=O,-1.6623948812484741
guided,O=C1C[C@@H](C(=O)N(CCO)Cc2ccccc2)CS1,-2.5955047607421875
guided,CNS/C=C/c1cccc2ccccc12,-10.912469863891602
guided,COc1cc(/C=N/N2CCOCC2)ccc1OCc1ccccc1,-4.763923645019531
guided,CCOC(=O)c1ccc(NC(=O)NC2CCN(Cc3ccccc3)CC2)c(C(=O)OCC)c1,-1.2820919752120972
guided,C[C]1[C-][C]2[N][C](N3CCN(C[C]4[CH][CH][CH][C]5[CH][CH][CH][CH][C]54)CC3)[S+2][C]2[CH][CH]1.[CH2],-8.706840515136719
guided,COc1ccc(/C=C/c2nc3ccccc3o2)cc1C(=O)O,-2.097151279449463
guided,COCCCNCC(=O)NC1=[S+]C(C)=C(C)/C1=C(/[O-])OC,-0.794772207736969
guided,Cc1cc(C)cc(N(C(=O)CNC(=O)c2ccco2)[C@@H](C(=O)NC2CCCC2)c2ccc(F)cc2)c1,-1.9832810163497925
guided,CN1CCN(C(=O)c2nn(C)c3c2CS(=O)(=O)c2ccccc2-3)CC1,-1.0126813650131226
guided,COCCn1c(-c2ccc(C)cc2)cc2c(c1=O)[C@@H](c1ccc3c(c1)OCO3)C(C#N)=C(N)O2,-0.9781461954116821
guided,CC(=O)N1CCOc2cc(S(=O)(=O)N3CCCC3)ccc21,-1.7333968877792358
guided,CCOC(=O)N1CCN(C(=S)NC(=O)c2c(-c3c(Cl)cccc3Cl)noc2C)CC1,-1.4363609552383423
guided,CNc1nc2c(c(=O)[nH]c(=O)n2C)n1CCCc1ccccc1,-0.5823684334754944
guided,COc1cc(-c2ccc3c(c2)OCO3)cc(OC)c1C(=O)O,-1.5467621088027954
guided,C[C@@H]1NC(=O)N(CC(=O)N(C)C2CCCCC2)C1=O,-1.632575511932373
guided,COc1ccc(S(=O)(=O)NCCN2CCOCC2)cc1C,-1.5870006084442139
guided,CN(C)c1ccc(C(=O)OCC=C(C#N)C#N)cc1,-1.0759907960891724
guided,Cc1cc(C)c2sc(NNC(=O)[C@]34C[C@H]5C[C@H](C[C@H](C5)C3)C4)nc2c1,-4.588168144226074
guided,COCCNC(=O)[C@@H](c1ccccc1)N(C(=O)CCc1cccs1)c1ccc(C)cc1,-3.9201693534851074
guided,COC(CNC(=O)Cn1ncc2c(=O)oc3ccccc3c21)OC,-0.2752211093902588
guided,COCc1c(-c2ccccc2)c(=O)n2[nH]c(C)nc2c1C#N,-0.7947338819503784
guided,COc1ccc(C(=O)OCC(=O)N2CCOCC2)c(OC)c1,-1.1376484632492065
guided,[O-]N([O-])[c-]1[cH+][cH-][c+](N2CCN([C-](O)[C+]3[CH-][CH+]S[C+]3NC[c+]3[cH-][cH+][cH-][c+](OC[c+]4[cH-][cH+][cH-][cH+][cH-]4)[cH-]3)CC2)[cH-][cH+]1,-2.2634270191192627
guided,Cc1c(S(=O)(=O)N2CCC(C)CC2)ncn1CC(=O)NC1CC1,-0.7109063863754272
guided,Cn1c(CC(=O)c2ccco2)nc(=O)c2cccnc21,-0.9036873579025269
guided,C[C]([O])[C]1[C]([N][CH][C]2[CH][C]3CO[C+]([O])[C]3[CH][C]2N([O-])[O-])[N][C]([O])N[C]1C,-0.5359950065612793
guided,[N-2][C]CCn1[c+]([C+]2[CH-][CH+][CH-][CH+]C2)[n-][c-]2[c+]1[CH+][CH+][CH-][CH+]2,-5.1253204345703125
guided,Cc1ccc(OC(=O)/C=C/C=C/c2ccccc2)cc1O,-4.896336555480957
guided,CCCCC(=O)N1N=C(c2ccc(O)cc2)C[C@H]1c1ccco1,-2.7687180042266846
guided,COc1ccc(C[C@@H](NC(C)=O)C(=O)NC2CCN(C(=O)CCCc3ccccc3)CC2)cc1,-0.9107810854911804
guided,O=C(O)COc1cccnc1[N+](=O)[O-],-0.42669156193733215
guided,CC[C@@H](C)c1ccc(OC(C)=O)cc1OCC(=O)O,-1.5946755409240723
guided,[CH2+]C[C@@H]1[C@@H](Sc2n[nH]c(NC(=O)c3ccccc3)n2)C([O-])=C(C)C1(C)C,-0.8579327464103699
guided,CN1CCC(NC(=O)C2CCN(Cc3ccc(OCc4ccccc4)cc3)CC2)CC1,-4.977994441986084
guided,COc1cc(C(=O)N[C@H](Nc2ncccc2C)C(Cl)(Cl)Cl)cc(OC)c1C,-2.5385584831237793
guided,CO[c-]1[cH-][cH+][c+]2[n-][cH+][c-](C[CH+][C-](C)C)[c-]2[c+]1O[C+]([O-])[c+]1[cH-][cH+][cH-]o1,-1.9810688495635986
guided,NC(=O)CCS(=O)(=O)Cc1ccccc1,-0.996739387512207
guided,CCC[C@H](NC(=O)c1cccs1)c1nc2ccccc2[nH]1,-3.5484836101531982
guided,CCC(CC)C(=O)Nc1c2c(nn1-c1ccc(C)cc1)CS(=O)(=O)C2,-1.2553173303604126
guided,CCCN(c1ccc(C)cc1C)S(C)(=O)=O,-5.579524993896484
guided,CCO[C+]1[CH+][C+]([C-]([O-])N(C)C([C+]2[CH+][CH-][C+](C34CC5CC(CC(C5)C3)C4)[CH-][CH+]2)[C-]([O-])NC(C)(C)C)[C][C][C-]1OCC.[H+],-2.0150952339172363
guided,COc1ccccc1N(CC(=O)NC1CCCC1)S(=O)(=O)c1ccccc1,-1.4637081623077393
guided,CO[C]1[CH][C]2O[C]([O])[C]3CCCC[C+]3[C]2[C](O[C]2[CH][CH][CH][CH][C]2N([O-])[O-])[C]1C,-1.3583345413208008
guided,Nc1ccccc1Oc1n[c-](-c2cc3[c-]c(O)ccc3oc2=O)c[s+]1.[H+],-1.2888906002044678
guided,O=C(Cn1cnc2ccccc21)N/N=C/c1ccccn1,-1.2497888803482056
guided,COCCCN1C(=O)c2ccc(C(=O)N3CCCCC3)cc2C1=O,-1.8666366338729858
guided,CC(C)=CC(=O)NNC(=S)NCC(C)C,-3.2059450149536133
guided,CN1[C+](CC[C+]2[N-][CH+][C+]([c-]3[cH+][cH-][cH+]s3)N2C[c-]2[cH+][cH-][c+](F)[cH-][cH+]2)[N-][N-][C-]1SC[C-]([O-])[N-]C[C+]([O-])N1CC[C-]2[CH+][CH-][CH+][CH+][C+]21,-2.4306957721710205
guided,C[c-]1[cH+][cH-][cH+][c-](N2CCC[C+]2[O-])[c+]1C[C][C][c+]1[cH+][c-]2[cH+][cH-][cH+][cH-][c+]2[c-]([O-])[nH]1.[H+],-2.3490731716156006
guided,[CH][CH-]N([C+](C)[C]C)[C-]([O-])CC[C+]([O-])NC[C+]1[CH+][CH-][CH+][CH-][CH+]1,-2.3603837490081787
guided,NC12C3N1[N-][N-][N+]32[c+]1[cH-][cH+][c-](F)[cH+][cH-]1,-2.731572389602661
guided,CCOc1ccc([C@H](CC(=O)O)NC(=O)c2ccccc2N)cc1,-0.5999951958656311
guided,Cc1nc2cc(NC(=O)N[C@]34C[C@H]5C[C@H](C[C@H](C5)C3)C4)ccc2o1,-2.96612286567688
guided,COc1ccc(C(=O)Nc2ccccc2C(=O)O)cc1OC(=O)CN1C(=O)CCC1=O,-0.3203672766685486
guided,CCOC(=O)C1=C(C)NC=C(/C=N/NC(=O)c2cccc(O)c2)[C@H]1c1ccc(OC)cc1,-0.8919249773025513
guided,CN([C]1[CH][CH][CH][C](N[C]([O])CO[C]2[CH][CH][C](N([O-])[O-])[CH][CH]2)[CH]1)S([O])([O])[C+]1[CH][CH][CH][CH][CH]1,-0.8269400596618652
guided,C/C(O)=C/c1c(C)nc2ccccn12,-5.596094131469727
guided,COC[C@@H](COS(N)(=O)=O)C(C)C,-1.039587378501892
guided,CNNC(=S)NCCOc1cccc(C(F)(F)F)c1,-4.178565979003906
guided,CCCO[C@@H]1CCCN(C(=O)c2cc(COc3ccc(F)cc3)on2)C1,-2.5810418128967285
guided,C/C(N)=C(/C#N)C(=O)CSc1nc(C)c2c(c1C#N)CCCC2,-0.6938245296478271
guided,CCOc1ccccc1N(CC(=O)O)C(=O)Cn1nnc2ccccc21,-0.37360140681266785
guided,Cc1cc(C)cc(CN2CCC(Oc3ccc([N+](=O)[O-])cc3)CC2)c1,-4.078288555145264
guided,C/C(=N\NC(=O)NC1CCCCC1)c1cccc(NC(=O)Cc2ccccc2)c1,-1.949212670326233
guided,O=C(N/N=C/c1cccnc1)c1ccc(NC(=O)c2ccc(F)cc2)cc1,-1.2368781566619873
guided,[CH2-]N1CN=C(NS(=O)(=O)c2ccc(N)cc2)NC1.[H+],-0.34468358755111694
guided,COc1ccccc1CCn1c(C)c(C#N)c(=O)[nH]c1=O,-0.49823325872421265
guided,COC1=C[CH-]/C(=C2/N3N=C(N4CCOCC4)C=C[N@+]23c2ccccc2)C=C1OC,-4.411128044128418
guided,C[C]1[N][N+]([C]2[CH][CH][CH][CH][CH]2)[C]2[O+][C]([O])[C][CH][CH]C([C][O+])([C-][O])C3[CH][C]([CH-][CH][C]3C)S([O])([O])[C]12,-1.1003609895706177
guided,CCOc1ccccc1N(CC)C(=O)Cn1ncc(Cl)c(Cl)c1=O,-2.382564067840576
guided,Cc1cccc(C)c1N(CC(=O)Nc1ccccc1C(=O)O)S(C)(=O)=O,-0.5187038779258728
guided,CCCN1CCN([CH-]C[CH+][CH-]CCCN2[CH+]CC[C+]2[O-])CC1.[H+].[H+],-6.3427839279174805
guided,Cn1c2[s+]c(NC(=O)c3cccc(Cl)c3)nc-2c([O-])n(C)c1=O,-0.4028080403804779
guided,CCCN(CCC)CCCNC(=S)Nc1sc2c(c1C#N)CCCC2,-4.778140068054199
guided,Cn1cccc(C(=O)N(Cc2ccco2)c2ccccn2)c1=O,-1.6862090826034546
guided,C[c+]1[cH+][c-](C)[n-]n1C[c-]1[cH+][cH-][cH+][c-]2[nH][c+]3[c+]([cH-][c+](N([O-])[O-])[c+]4[c-]3[CH+][c+]3[cH-][cH+][cH-][o+]3O[C-]([OH2+])C(C)(O)[N-]4)[n-][c+]12.[H+],-1.1770027875900269
guided,CCOc1ccc(OCC)c(NC(=O)c2ccc(-c3ccccc3)cc2)c1,-6.083617210388184
guided,Nc1cccc(Nc2nc(-c3cccs3)cs2)c1,-4.571383953094482
guided,Cc1ccc(NC(=O)c2ccccc2NC(=O)C2CCCCC2)cc1N,-1.9584826231002808
guided,Cc1cccc(C(=O)NCC(=O)NNC(=O)c2cccc(C)c2)c1,-0.5340719819068909
guided,CCCCCCC[C-]([O-])C1[C+]([c+]2[cH-][cH+][cH-]s2)[CH+][CH-]N(CN(C)C)[C+]1[O-],-3.492424964904785
guided,COc1ccc(N2CCN(c3ccccc3)CC2)cc1OCNC(C)=O,-3.1515591144561768
guided,CCC1C[c+]2[cH-][cH+][cH-][cH+][c-]2CNC1C.[CH][c+]1[cH-][c+]([O-])[nH][c+]([O-])[nH]1.[H+],-0.587470293045044
guided,Cc1c(-c2cccc(C(=O)O)c2)cc(C(=O)Nc2cccc(C(F)(F)F)c2)cc1[N+](=O)[O-],-2.8683323860168457
guided,CC[C@@H](C)NC(=O)CSc1ccc(Cl)cc1,-7.326717376708984
guided,O=C(NCCc1nccc2ccccc12)c1cccc2ccccc12,-5.880012512207031
guided,[CH2-][C@@]1(Cc2c(C)cccc2C)CNC(=O)C(=O)/C1=N\c1ccccc1.[H+],-3.0476245880126953
guided,O=[N+]([O-])c1ccc(N2CCCCC2)cc1NC1CCN(Cc2ccc3c(c2)OCO3)CC1,-2.2111644744873047
guided,C/C(CC(=O)Nc1cc(C)on1)=N\NC(=O)[C@H]1C[C@@H]1c1ccccc1,-0.6108080744743347
guided,CCCNC(=O)c1ccccc1NC(=O)CN(C1CCCCC1)S(C)(=O)=O,-0.5903689861297607
guided,C=CCOC(=O)Nc1ccc(C(N)=O)cc1,-0.8078617453575134
guided,COc1cc(/C=N/N2CCN(c3ccccc3)CC2)ccc1O,-3.9100492000579834
guided,COc1ccc(NC(=O)CNS(=O)(=O)c2cccs2)cc1OC,-0.35060960054397583
guided,Nc1nc(SCc2ccccc2)nc2sc3c(c12)CCCC3,-4.667045593261719
guided,Cc1cc(NS(=O)(=O)c2ccc(N/C=N/c3ccccc3)cc2)nc2ccccc12,-2.7131948471069336
guided,CCN(C(=O)c1cccc(C#N)c1)c1ccccc1,-4.842172622680664
guided,[O-]N([O-])[C]1[CH][CH][C]2N[CH][C](C(O)CN3CCN([C+]4[CH][CH][CH][CH][C]4F)CC3)[C]2[CH]1,-0.6924217343330383
guided,CCOC(=O)N1CCN(c2nc3ccccc3n3cnnc23)CC1,-1.05606210231781
guided,C[OH+][N-][CH-]C([C+](C)[O-])[c+]1[n-]n([C+]2[CH+][CH+][CH-][CH+][CH-]2)[c+](C)[c-]1N([O-])[O-],-0.4289851486682892
guided,CO[C+]([O-])[C-]1[C+](C)N(C[c+]2[cH-][cH+][cH-][c+]3[cH-][cH+][cH-][cH+][c-]23)[C+](C)C([C-]([O-])OC)C1[c+]1[cH-][cH+][c-](C)o1,-1.570238709449768
guided,CO[c+]1[cH-][c+]2[c-]([cH+][c-]1OC)N[C-]([O-])CC2[c-]1[cH+][cH-][c+]([C-]2[C+]3[O+]2C3([O-])O)o1.[H+],-0.2768952250480652
guided,CCCCOc1ccccc1OCCNC(=O)CCC(=O)O,-0.7862305045127869
guided,[CH][C]C(O[C+]1[CH+][N-][C+]([C-](N)[N-]O[C+]([O-])C2CC2)[CH+][CH-]1)C(F)(F)F.[H+],-0.6412773132324219
guided,Cc1c(C(=O)C(=O)N2c3ccccc3C[C@H]2C)c2ccccc2n1C,-5.266639232635498
guided,COc1ccccc1C/N=C/c1ccc[nH]1,-5.564090728759766
guided,O=S(=O)(O/N=C1\CCCc2ccccc21)c1ccccc1,-3.3384690284729004
guided,CCCC[c-]1[cH+][cH-][c+]([C][C+]2CCCC[C-]2N([O-])CCN(C)C)o1,-5.651525497436523
guided,COc1cc(OC)c(OC)cc1Nc1ncnc2c1[nH]c1ccccc12,-1.6628828048706055
guided,COc1ccc(C(=O)O)cc1O,-1.8130388259887695
guided,CCC[C@@H](OC(=O)c1ccccc1)[C@@H]1C[C@H](c2c(CC)c(C)nn2-c2ccccc2)OC1=O,-3.7717764377593994
guided,CCOC(=O)C[C@@H](C(=O)NC(C)(C)C)N(Cc1ccccn1)C(=O)/C=C/c1ccccc1,-1.1228256225585938
guided,COc1cc(C(=O)N[C@@H](C(=O)OCC(=O)NC2CCCC2)C(=O)Oc2ccc(C)cc2)cc(OC)c1OC,-0.518352210521698
guided,CCCOc1ccccc1C(=O)N1CCOCC1,-5.122852325439453
guided,CCO[C]([O])[C][N][NH+][C]([C][O+])[CH][C]1[N][C]2CCCCCN2[C]1[O-],-0.4918808937072754
guided,NNC(=S)Nc1ccc(F)cc1,-3.602503776550293
guided,[H+].[NH-][c+]1[n-]o[n-][c+]1[C-](N)[N-][N-][C+]1[CH+][C+](N([O-])[O-])[CH-][CH+][CH-]1,-0.39183223247528076
guided,[H+].[H+].[H+].[N-2][C+]1N(CN2CCN([c-]3[cH+][cH-][c+](N([O-])[O-])[cH-][cH+]3)CC2)C12[CH+][CH+][CH+][CH+][N-]2,-0.6010299324989319
guided,CCOC(=O)N1N=C(c2ccc3c(c2)OCO3)C[C@@]1(O)C(F)(F)F,-1.0329604148864746
guided,CCOCCn1c([C@H](C)O)nc2ccccc21,-3.9600939750671387
guided,CCOc1cc(/C=C/C=C/C(C)C)ccc1OCc1ccc([C@H](CC2CCCCC2)NC(C)=O)o1,-7.738536834716797
guided,Nc1c2c(nc3cc(-c4ccccc4)nn13)CCC2,-2.9768378734588623
guided,CC1=C(C(=O)OC(C)C)C(NC(=O)Cc2ccccc2)=[S+]/C1=C(/[O-])N1CCN(C)CC1,-0.6085925102233887
guided,Cc1cc(Cl)c(OCCn2c(C)nc3ccccc32)c(Br)c1,-9.077083587646484
guided,Cc1cccc(/C=N/NC(=O)c2ccccc2-n2cccn2)c1,-2.8288822174072266
guided,COc1ccc(C(=O)Cn2nc(Cc3cccnc3)c3ccccc3c2=O)cc1,-1.6979032754898071
guided,Cc1ccc(Cn2nnc3c(-c4ccc(F)cc4)nc(C(F)(F)F)nc32)c(C)c1,-4.396191596984863
guided,[H]/[O+]=C(/C(=O)[C@H]([CH2-])C=C1C=C[C-](C(=O)O)C=C1)C1=[O+][C@H](C)CC1,-0.769866406917572
guided,CCOC(=O)[C@H]1CCCN(C(=O)/C=C/c2ccc([N+](=O)[O-])cc2)C1,-0.7536082863807678
guided,Cc1ccn(S(=O)(=O)c2ccc(C)c(C(=O)c3nccn3C)c2)n1,-0.5777378082275391
guided,CCCCOC(=O)CN1CCCN(Cc2c(C)[nH]c3ccccc23)C1,-4.269654750823975
guided,Cn1c(=O)n(CC(=O)O)c(=O)c2c1nc1n2CCCN1CCc1ccccc1,-0.27900099754333496
guided,COc1ccc(-c2ccc(N(C)C)cc2)cc1NC(=O)c1c(Br)cnn1C,-3.5251119136810303
guided,O=C(CN(C(=O)c1ccccc1)C1CCCCC1)NNC(=O)NC1CC1,-0.5790773034095764
guided,CCCCOC(=O)c1ccc2c(c1)c1ccccc1n2CC(=O)O,-2.4860079288482666
guided,CSCc1ccc(CCC(=O)Nc2ccccc2C(=O)Nc2sccc2C#N)cc1,-2.953070878982544
guided,[H]/N=C1/[C@@H](c2ccccc2)CCN1c1ccc(C#N)cc1,-4.146286487579346
guided,Cc1ccc2cc3c(NC(=O)[C@H]4CC(c5ccc(F)cc5)=NO4)nn(CC(C)C)c3nc2c1,-2.4992566108703613
guided,COc1ccc(S(=O)(=O)CCC(=O)O)cc1,-0.8324720859527588
guided,CCC1CO[C-]2[C+]([CH-][C+]([O-])[C+]3CC(CC(NC)N[C-]([O-])C(C)(C)C)O[C+]32)O1,-0.5463102459907532
guided,Cc1ccc(OCC(=O)N/N=C/C=C/c2ccco2)cc1C,-2.4488167762756348
guided,C1=NN/C(=N/Cc2ccc3ncccc3c2)c2ccccc2[C@H]1N1CCCc2ccccc21,-5.279110431671143
guided,C[C@@H]1C[C@H](C)CN(S(=O)(=O)c2ccc(C(=O)Nc3sc4c(c3C#N)CCC4)cc2)C1,-1.6042139530181885
guided,COc1cccc(-c2nnc(NC(=O)CCCC(=O)Nc3ccc(C)cc3)s2)c1,-1.6110198497772217
guided,C/C=C(\C=N/NC(=O)c1ccc(Cn2cccn2)o1)/C=C1/C=CC(O)=CC1=O,-0.6922430396080017
guided,O=C(OCC(=O)N1N=C(c2ccc(Cl)cc2)C[C@@H]1c1ccccc1)c1cc2ccccc2oc1=O,-2.388827085494995
guided,OCc1nccn1Cc1ccccc1Cl,-5.307682037353516
guided,CC(=O)Nc1ccc(S(=O)(=O)N[C@@H](C)C(=O)NCCN2CCOCC2)cc1Cl,-0.31939029693603516
guided,CC[C@H](C)c1ccccc1Oc1ccccc1,-12.609640121459961
guided,CN(C)c1cc2c(c(Cc3ccc([N+](=O)[O-])cc3)c1)C(=O)CC2,-2.6841695308685303
guided,O[C@H](Cn1cncn1)c1c(F)cccc1Cl,-3.529867172241211
guided,Cc1ccc(-n2nnnc2Oc2cc(C)cc(C)c2C)cc1,-4.027593612670898
guided,Cc1nn(-c2ccccc2)c2sc(C(=O)NCCN3CCOCC3)cc12,-2.568584442138672
guided,Cc1ccc(C)c(Sc2cccc3cccnc23)c1,-11.748478889465332
guided,CN(CC(=O)c1c[nH]c2ccccc12)Cc1ccccn1,-3.9390621185302734
guided,C/C(=N\NC(=S)NC1CCCCC1)c1ccc2c(c1)OCO2,-3.3707733154296875
guided,Nc1c(-c2ccccc2)c(CSc2ccc3ccccc3n2)nn1-c1ccc(C(F)(F)F)cc1,-7.097784519195557
guided,COc1ccc(OC[C@H](O)CN2C(=O)NC(C)(C)C2=O)cc1,-0.47549310326576233
guided,Cc1ccccc1NC(=O)Cc1nc(COC(=O)CSc2ccccc2C)cs1,-3.2640249729156494
guided,CCCOc1ccccc1N1C(=O)C[C@@H](N(C)C)C1=O,-3.4788641929626465
guided,CCOc1ccc(Nc2nc(Cl)nc(NCCO)n2)cc1,-0.5182397961616516
guided,COc1cc(C(=O)NNC(=O)C2CCCCC2)ccc1OC1CCN(C(C)=O)CC1,-0.626872718334198
guided,CCCCNC[C-]1[C][CH+][C+](S[N-][N-][N-]CN)[CH-][CH+]1.[H+],-1.4413782358169556
guided,CCCCOc1ccc(C(=O)n2cnc(N)n2)cc1,-0.7435128092765808
guided,COC(CNC(=O)C[C@]1(C)CCc2cc3c(ccc4ccccc43)c(C)c2O1)OC,-4.109175205230713
guided,C[c+]1[cH+][cH+][c+]([N-][C][CH+][C]N[C-]([O-])[CH+][CH-][c+]2[c+](C)n([C+]3[CH+][CH-][CH+][CH-][CH+]3)[n-][c-]2-[c+]2[cH-][cH+][cH-][cH+][c-]2C)[c+]([C][O-])[cH-]1,-1.2657923698425293
guided,COc1ccc(/N=C2\SCC(=O)N2CCC#N)cc1,-1.971150279045105
guided,NC(=O)c1ccsc1/N=C/c1ccccc1OCC(=O)O,-0.4471329152584076
guided,NNC(=O)c1cccc(S(=O)(=O)Nc2cccc(F)c2)c1,-0.3212277591228485
guided,[N-2][C]C[C+]([O-])N[N-][C+]1[CH+]N[C+]([O-])N[C+]1[O-],-0.5236772298812866
guided,COCCC(=O)N1CCC[C@H](C(=O)c2ccccc2SC)C1,-4.300739765167236
guided,CNC[C@H](C)NN(c1ccccc1C)c1cccc2ccccc12,-8.328939437866211
guided,Cn1[c+]2[cH-][cH+][cH-][c+]([C-]([O-])[N-][c+]3[cH+][cH+][cH-][c+]4[cH-][cH+][cH-][n-][c+]34)[c-]2[cH+][c+](N[C+]([O-])[c+]2[cH-][cH+][cH-][cH+][cH-]2)[c-]1[O-],-0.8350783586502075
guided,CCCCOC(=O)C[C@@H](C)/C=N/c1cc2c3ccccc3n(C)c2cc1OC,-5.418280601501465
guided,CN(CC(=O)N1CCN(c2ccccn2)CC1)S(=O)(=O)c1ccc(F)cc1,-1.1267666816711426
guided,COCCN(C(=O)/C=C1\NC(=O)C(c2ccsc2)=NO1)c1cccc(C(=O)O)c1,-0.3595314621925354
guided,NC[CH-]C(O)[c+]1[cH-][cH+][cH-][cH+][c-]1O,-1.854502558708191
guided,Nn1c(SCC(=O)N2CCN([C@@H](c3ccccc3)c3ccc(F)cc3)CC2)nncc1=O,-0.28191477060317993
guided,Cn1c(=O)c2c(nc(CN3CCN(c4ccccc4)CC3)n2CCc2ccccc2)n(C)c1=O,-1.583390474319458
guided,CCCCN(c1ccc(C(=O)[C@@H]2CCCN(C(=O)c3cccc(C)c3)C2)cc1)S(C)(=O)=O,-2.4843053817749023
guided,COC(=O)c1sccc1NS(=O)(=O)c1cccc(Cl)c1,-1.740566372871399
guided,O=C(Cn1ccccc1=O)N(Cc1ccco1)C[C@@H]1CCCO1,-1.8866974115371704
guided,COc1cc2c(c(OC)c1)CN1CCC[C@H]1C2,-8.169218063354492
guided,COc1ccc(S(=O)(=O)NCCCCO[C@H](C)C(C)=O)cc1,-0.8068878054618835
guided,CN(C(=O)CSc1nc2ccccc2n1Cc1ccccc1)[C@@H]1CCS(=O)(=O)C1,-1.6151206493377686
guided,CC1(C)C[C@H](n2cc(C(N)=O)cn2)C[C@@H](CCC(=O)O)N1,-0.4050719738006592
guided,COc1ccc(/C=N/NC(=O)c2cccnc2)cc1OCc1ccccc1F,-1.979105830192566
guided,CCCCOc1ccc(Cc2c(O)nc(SC)[nH]c2=O)cc1,-1.584250807762146
guided,Cc1cccc(Cl)c1OCCn1c(=S)[nH]c2cccnc21,-5.61086368560791
guided,CCC(=O)OCc1cccn1-c1ccccn1,-4.441078186035156
guided,COC(=O)c1cn(CC(=O)Nc2cccc(C(=O)O)c2)c2ccccc12,-0.6095849871635437
guided,C/[O+]=C1\[C-]=C/C=C\[C-]=C\C=C/[C-]=[NH+]\C1=C1\C=CC=[S+]1,-7.576443195343018
guided,[CH2+]C[SH+2]([O-])[C-]1[N-][c+]2[cH-][cH+][cH-][cH+][c-]2[C+]([O-])N1N.[H+],-0.5208382606506348
guided,COc1ccc(-c2cc(-c3ncc(C(C)C)[nH]3)nc(-c3cccs3)n2)cc1,-4.291624546051025
guided,CCOc1ccc(S(=O)(=O)NCc2ccccc2)cc1,-3.075228691101074
guided,CC1([O-])C2[C]3[C-]C([CH][CH][C]OC[C]([O])[NH+][NH+]S([O])([O])[C]4[CH][CH][C]([CH][CH]4)[NH+]21)COC3,-0.5526174306869507
guided,C/C(CC(C)C)=N\NC(=S)NCc1ccccc1,-5.944479465484619
guided,C[C]1[CH][CH][C]([C+]([O])OCN2[N][N][C]3[CH][CH][CH][CH][C]3[C]2[O])[CH][C]1N([O-])[O-],-0.5532432198524475
guided,CCCCOC(=O)Nc1nc2ccccc2s1,-4.12552547454834
guided,C[C@H](c1n[nH]c(=S)n1-c1ccc(F)cc1)N(Cc1ccccc1)C1CCCCC1,-8.361974716186523
guided,CCOc1ccccc1CN1C(=O)c2ccccc2[C@H]1C(=O)NC1CCCC1,-3.413541793823242
guided,Cn1nc(C(=O)Nc2ccccc2)cc1C(=O)NNC(=O)c1ccccc1,-0.34531721472740173
guided,COCCc1nc2ccccc2[nH]c1=O,-2.8755688667297363
guided,Cc1cccc(CN2CCC[C@H](C(=O)Nc3cccc(-n4cnnn4)c3)C2)c1,-1.382926106452942
guided,CC(=O)Nc1cccc(/C=C2\C(=O)Oc3c2ccc(C)c3C)c1,-3.672513484954834
guided,CNc1ccc(Br)cc(C(=O)/C=C/c2ccc(OC)cc2OC)c1=O,-2.7717490196228027
guided,O=C(O)/C=C1/c2ccccc2-c2ccc(NC(=S)NC3CC3)cc21,-3.0454964637756348
guided,CCCOc1cc(C(F)(F)F)cc(C#N)c1C#N,-3.3735361099243164
guided,N[S+2]([O-])([O-])OC[CH-]C[c-]1[cH+][cH-][cH+][cH-][cH+]1,-0.8179348707199097
guided,N[C@H](CC(=O)O)c1ccc(Cl)cc1,-2.236976146697998
guided,COc1ccc(Sn2c(=O)[nH]c(=O)c3[nH]c(-c4ccccc4)nc32)cc1,-0.6668763160705566
guided,CC(C)/N=C(/NC#N)SCc1ccccc1,-4.124091148376465
guided,CCn1c([C@H](C)NS(=O)(=O)c2ccccc2)n[nH]c1=S,-0.9660453200340271
guided,C[C@H]1[S+]=C2C=CC(=[S@@](=O)([O-])NCCc3ccccc3)C=C2NC1=O,-0.7718560099601746
guided,CCOc1ccc(-n2c(C)nc3cc(C(=O)NCc4ccc5c(c4)OCO5)ccc32)cc1,-2.4919650554656982
guided,Cn1cccc1/C=N/NC(=O)c1csc2ccccc12,-4.334280014038086
guided,[O-][C+]1N(C[c+]2[cH-][cH+][c-]3[nH][c+]([O-])[nH][c+]3[cH-]2)CCC[NH+]1[C-]1[CH-][CH+][CH-][C+](Cl)[CH-]1,-0.660995602607727
guided,COc1ccccc1NC(=O)COC(=O)CN1C(=O)NC(C)(C)C1=O,-0.2678033411502838
guided,COc1ccc(OC)c([C@H](O)c2coc3ccc(O)c(CN4CCOCC4)c23)c1,-1.0515927076339722
guided,CCOc1ccc2c(c1OC)C(=O)O[C@H]2N1CCN=C1c1cccc2ccccc12,-3.4654698371887207
guided,O=Cc1ccc(OCCCOc2ccc(Nc3ccccc3)cc2)cc1,-5.7724833488464355
guided,C[C]([N]N[C]([O])CN1[CH][CH][C](N([O-])[O-])[N]1)[C+]1S[C]2[CH][CH][CH][CH][C]2[C]1Cl,-0.590000331401825
guided,COCCNCCCCOc1c(F)cc(Cl)cc1Br,-7.30627965927124
guided,CC(C)n1cnc2cc(NS(C)(=O)=O)ccc21,-2.066392183303833
guided,Cn1nnnc1S[C@@H](C#N)c1ccccn1,-0.8574853539466858
guided,Cc1ccccc1CC(=O)N1CCC[C@H](CCC(=O)N2CCN(c3ccccn3)CC2)C1,-3.2855777740478516
guided,CCOc1ccc(S(=O)(=O)Nc2ccc(F)cc2)c2cccnc12,-2.3113839626312256
guided,CN(C)CCNC(=O)CN(C(=O)CNC(=O)c1cccs1)c1ccc(Cl)cc1,-0.7502191066741943
guided,CC/N=C(C(=O)c1ccccc1)/C(=N\O)C(=O)OCC,-0.5882368087768555
guided,CCCCCCNC(=O)Nc1nc(C)cc(C)n1,-2.1636998653411865
guided,COc1ccc(C/[N+](C=C2C=CC(=[N+]([O-])[O-])C=C2)=C(\CCO)c2ccccc2)cc1OC,-1.1910715103149414
guided,COC(=O)[C@H]1[C@H](C)NC(=O)N(C)[C@@H]1Oc1cccc2ccc(C)nc12,-0.861527144908905
guided,Nc1cc(C(F)(F)F)ccc1NCCc1ccccn1,-4.034259796142578
guided,O=C(c1ccccc1)c1ccc(OCCCN2CCCC2)cc1,-7.4326910972595215
guided,Cc1ccc(C(=O)NNC(=O)[C@H]2CC=CCC2)cc1,-2.700789451599121
guided,CCOC(CNC(=O)c1ccc(CNS(=O)(=O)c2ccc(C)cc2)cc1)OCC,-0.6781457662582397
guided,CS(=O)(=O)c1ccc(C(=O)N2CCc3ccccc3C2)cc1,-3.103304386138916
guided,Nc1ccc(NCc2cc([N+](=O)[O-])ccc2O)cc1C(F)(F)F,-1.1783677339553833
guided,[CH2-]CC/[S+]=c1\[c-]c[c-](S(=O)(=O)CCC(=O)/[NH+]=C2\C=C([N+](=O)[O-])C=C\C2=[O+]/C)cc1,-0.40672120451927185
guided,[CH2+]C([C][N-][N-][C+]([CH+][c+]1[cH-][cH+][cH-][cH+][cH-]1)N1CCOCC1)C[C+]([O-])N[c-]1[cH+][cH-][c+](F)[cH-][cH+]1,-1.9242312908172607
guided,O=C(CN(CCO)S(=O)(=O)c1ccc(Cl)cc1)N1CCN(C(c2ccccc2)c2ccccc2)CC1,-1.3519295454025269
guided,Clc1ccccc1OCc1nc2c3c(ncn2n1)CCC3,-3.6009931564331055
guided,N#CC/[S+]=c1\nc2ccccc2c([O-])n1C1CCCCC1,-2.235293388366699
guided,CC(C)C[C@@H](C)NC(=O)c1cn(-c2nc3ccccc3c(=O)n2O)cn1,-0.3876383900642395
guided,CCCN1CCN(CCCNC(=O)c2ccc(=O)[nH]c2)CC1,-1.6354538202285767
guided,COc1ccc(NC(=O)c2c(C)nn(Cc3ccccc3)c2C)c(C)c1,-3.854541063308716
guided,COc1ccccc1NCc1nc2ccsc2c(=O)[nH]1,-1.9311116933822632
guided,COc1cc(NC(=O)C2=C(C)NC(=O)N[C@H]2c2cccc(C(F)(F)F)c2)cc(OC)c1OCCN(C)C,-1.2868322134017944
guided,Cn1c(N2Cc3ccccc3C[C@H]2C(N)=O)nc2ccccc21,-1.9678937196731567
guided,COc1cccc(CNc2ccc(CO)cc2[N+](=O)[O-])c1O,-0.5598897337913513
guided,[O-][C+]([CH-][CH+][c-]1[cH+]n(C[c-]2[cH+][cH-][cH+][cH-][cH+]2)[c-]2[cH+][cH-][cH+][cH-][c+]12)N1CCN([C][N-][C+]2[CH+][CH-][CH+][CH-][CH+]2)CC1,-4.583459377288818
guided,Cn1c(=O)c(=O)n(C)c2cc(S(=O)(=O)N/C=C/C=C/c3ccccc3)ccc21,-0.43492528796195984
guided,O=C(CSCn1nnc2ccccc21)c1ccccc1F,-4.274040222167969
guided,COc1ccc([N+](=O)[O-])cc1NC1=NCCCS1,-1.3534961938858032
guided,COc1ccc(S(=O)(=O)NNC(=O)c2cccs2)cc1,-0.609150230884552
guided,Nc1cccc(-n2nnnc2CN2CCOCC2)c1,-0.7328236103057861
guided,N#Cc1c(NC(=O)CN2CCOCC2)oc2c1CCCCC2,-0.9840505123138428
guided,Cc1c(N[C@H](C)c2cccs2)c(=O)n(-c2ccccc2)n1C,-5.84670352935791
guided,Cc1oc(-c2ccccc2C(=O)O)nc1CN1CCC[C@@H]1CO,-0.7195947170257568
guided,C/C(=N\N=C1\NC(=O)[C@@H](CC(=O)Nc2ccc3ccccc3c2)S1)C1CCCCC1,-2.363525867462158
guided,COc1ccccc1OCCCCC[C@H](C)C(C)=O,-6.502427101135254
guided,COC(=O)C1=[S+]c2ccccc2/C1=C(/[O-])OC,-2.4920506477355957
guided,CC(C)C[N-][C+]([c-]1[cH+][cH-][cH+][cH-][c+]1F)C(C[C+]1[C+]([C-]2[C][CH+][CH+][c-]3[cH+][cH-][cH+][cH-][c+]32)CC(C)(C)C[C-]1[O-])N([O-])[O-],-3.864389419555664
guided,Cc1ccc(S(=O)(=O)N(CC(=O)Nc2ccc([N+](=O)[O-])cn2)C2CCCCC2)cc1,-0.9344354271888733
guided,Cc1nn(Cc2ccccc2)c(C)c1C(=O)N1CCC(C(=O)c2ccc(F)cc2)CC1,-4.2588701248168945
guided,COCC(=O)N(C)C[C@H]1CCCN(CCc2ccccc2OC)C1,-4.627918720245361
guided,O=C(N/N=C/C=C/c1ccco1)c1ccccc1,-3.2262227535247803
guided,CN(C)/C=C/C(=O)c1ccc2ncc(-c3ccccc3)n2c1,-5.728586196899414
guided,CO[c+]1[cH-][cH+][c-](N2[CH-][CH+][C+]([C+](C)[N-][N-][C]N([C-]([O-])C3CC3)C(C)C[C+]([O-])O)[C+]2C)[cH+][cH-]1,-0.7290107011795044
guided,Cn1cc(SCC(=O)NCc2ccccc2)c2ccccc21,-6.472087383270264
guided,C/C(CC(=O)NCc1ccc(F)cc1)=N\NC(=O)c1ccoc1C,-0.9396993517875671
guided,Cc1ncc(CN2CCC[C@@H](C(=O)Nc3ccc(-c4cscn4)cc3)C2)cn1,-2.2034413814544678
guided,C=C(C)[CH-]CNC(=O)CCN1C(=O)c2ccc(NC(=O)/C=C/C3=C=C/C(=[O+]\C)C=C3)cc2C1=O,-0.6294809579849243
guided,Cc1ccc(C(C)(C)NC(=O)[C@@H]2CCC(=O)N(C3CCCCCC3)C2)cc1,-4.9671630859375
guided,Cc1ccccc1CN1CCCN([C@H]2CC[C@@H](C)CC2)S1(=O)=O,-5.465841293334961
guided,CCOc1cc(C(=S)N2CCCC2)ccc1OCC(=O)Nc1ccccc1CC,-4.740869522094727
guided,Cc1[nH]c(-c2cnc3ccccc3n2)nc1SCC(=O)N[C@H](Cc1ccccc1)C(=O)OC(C)C,-1.4132513999938965
guided,CC(NC1CCCCC1)=C(C#N)C#N,-2.748120069503784
guided,COCCSCCCNC(=O)CCCn1cncn1,-1.5741713047027588
guided,O=C(CCn1c(=O)oc2ccccc21)Nc1ccc2c(c1)OCO2,-0.8026618361473083
guided,CCOC(=O)c1c(NC(=O)COc2cccc(NC(N)=O)c2)sc(C)c1C,-0.8124703764915466
guided,O=C(Nc1ccc(Cl)cc1Cl)N1CCC2(CC1)OCCO2,-4.063807010650635
guided,[CH2-]C[C@](C)(/[C-]=C/O)COC(=O)CC1CC1.[H+].[H+].[H+].[H][S@TB3](N)(=O)([O-])c1ccc(CCNC(=O)CCS(=O)(=O)Cc2ccccc2)cc1,-1.1163386106491089
guided,C[C@@H](Sc1nnc(-c2ccc(Cl)cc2)o1)C(=O)N1CCOCC1,-1.9269111156463623
guided,CCOc1ccc(N2CCN(C(=O)c3ccccc3F)CC2)cc1,-6.507058620452881
guided,CCCCOc1cccc(C(=O)Nc2cc(=O)n(C)c(=O)n2C)c1,-0.6962593197822571
guided,C=C(Cl)COC(=O)c1ccc(Oc2ccc(N3C(=O)CCC3=O)cc2)cc1,-2.36453914642334
guided,Cc1ccccc1OCCOc1ccc2c(c1)CCC2,-9.679502487182617
guided,CCCOC(=O)Nc1ccc2c(c1)n(C)c(=O)n2C,-1.898827314376831
guided,COCc1cc(C)nc(SCc2nc3ccccc3c(=O)[nH]2)c1C#N,-0.820704996585846
guided,Cc1cc(C(=O)N2CCN(c3ccccc3)CC2)c(C)n1C1CC1,-7.391730785369873
guided,CCO[C]([O])CN1[C]([O])C(C[C+]([O])N[C]2[CH][CH][C](C)[CH][C]2C)N([C]2[CH][CH][C](C)[C](N([O-])[O-])[CH]2)[C]1[O],-0.8238641023635864
guided,CCC(=O)Nc1ccc(/C(=N\c2ccccc2)Oc2ccccc2)cc1,-5.470281600952148
guided,Cc1ccc(N/C(=N/S(=O)(=O)c2cccs2)c2ccccc2)c(C)c1,-4.0458197593688965
guided,COCC/N=C1\SCC(c2ccc(N)cc2)=NN1C,-2.1074106693267822
guided,COc1ccccc1C(=O)NCCSc1ccc(C)cc1,-5.803925037384033
guided,CCOc1ccc(-n2c(C)cc(C(=O)CCl)c2C)cc1,-7.3032755851745605
guided,C[C+]([O-])[c+]1[c-](C)[cH+][cH-][c+]([N-][CH+][c-]2[cH+][cH-][cH+][nH]2)[c-]1[O-],-1.2066675424575806
guided,Cn1c(=O)c2c(nc(CN3CCC(C(N)=O)CC3)n2CCCO)n(C)c1=O,-0.33332544565200806
guided,Cc1ccccc1NC(=S)N(CCCN1CCOCC1)Cc1nc2ccccc2c(=O)[nH]1,-1.6852048635482788
guided,Cc1ccc(CS(=O)(=O)c2ncc(Cl)c(C(=O)NCc3ccccc3Cl)n2)cc1,-1.5386704206466675
guided,[H+].[H]/N=c1/c(C(=O)NCCCO)cc2c(=O)n3cccc(C)c3nc2n1[CH-]CCOC,-0.2891375422477722
guided,CCCOc1cc(CN2C(=O)c3ccccc3[S+]=c3cc/c(=C(/[O-])O)cc32)ccc1OC,-1.1508948802947998
guided,CCC(=O)OCC(=O)N1c2ccccc2Sc2ccccc21,-4.8068156242370605
guided,COc1nnc([C@H](c2ccccn2)c2ccon2)c2ccccc12,-1.695717453956604
guided,Cc1nn(Cc2cccc(C(=O)NC(C)(C)C)c2)c(C)c1Br,-4.877795219421387
guided,CCOCc1cc2cc3c(cc2nc1OCC)OCCO3,-3.94006085395813
guided,O=C(CN1CCCc2ccccc21)c1ccc2c(c1)OCO2,-5.483035564422607
guided,COC(CNC(=O)c1ccc2nccnc2c1)OC,-1.1852085590362549
guided,NC(=O)c1[nH]c2ccccc2c1NC(=S)N1CCN(c2cccc(Cl)c2)CC1,-1.6552343368530273
guided,CC(C)[C@]1(O)N=C(c2cccs2)[C@@H](C)N1,-4.337175369262695
guided,COc1ccccc1NC(=O)NC(=O)Cn1nnc(-c2cccs2)n1,-0.2984166443347931
guided,N#Cc1ccc([C@H](c2nnnn2C2CCCC2)N2CCC(Cc3ccccc3)CC2)cc1,-3.090296745300293
guided,COc1cc([C@@H](O)[C@@H](CCO)OCCCc2ccccc2)cc(OC)c1OC,-1.470130205154419
guided,CCOc1ccc(-c2nc3ccccn3c2NCCCOc2ccccc2)cc1OC,-4.8263444900512695
guided,Nc1ccc(S(=O)(=O)N2CCc3ccccc3C2)cc1,-2.106032133102417
guided,N/C(Cc1ccc([N+](=O)[O-])cc1)=N\OC(=O)CSc1ccc2ccccc2c1,-1.3306646347045898
guided,COc1cccc(CC(=O)OCc2cc(=O)n3ccsc3n2)c1,-1.5345282554626465
guided,CC(=O)c1c(C)n(C)c2ccc(S(=O)(=O)Nc3ccccc3/C=N/c3ccccc3C#N)cc12,-2.3378970623016357
guided,Cc1cccc(Oc2nc3cccnc3o2)c1,-4.314156532287598
guided,[CH2-]C(C)(C)C/[N+](=C\C)c1nc(-c2cccnc2)nc2ccccc12,-5.836522102355957
guided,CCOc1ccc(S(=O)(=O)N(CC)Cc2cccnc2)cc1C(C)C,-3.3016250133514404
guided,Cc1[c-]c2c(nc3n2COC3=O)[nH]1.[H+],-2.435701608657837
guided,O=C(NC1CCCCCCC1)NC1CCCCC1,-5.809957981109619
guided,COc1ccc(C2=Nn3c(nnc3-c3cc(C)[nH]n3)SC2)cc1,-0.9891626834869385
guided,CCOCCCNC(=O)c1c[nH]c2ccc(C)cc2c1=O,-1.5204416513442993
guided,Cc1cccc(C)c1-n1nnnc1[C@@H](C)N1CCN(C)CC1,-3.5120317935943604
guided,Cc1cc(N2CCN(c3ccc([N+](=O)[O-])c4cccnc34)CC2)c2ccccc2n1,-2.34963321685791
guided,C[c-]1[cH+][cH-][c+]([S+2]([O-])([O-])N([C+]2[CH+][CH-][CH+][CH-][C+]2N[C-]([O-])[C+]2CCCO2)[c-]2[cH+][cH-][c+](Cl)[cH-][c+]2N([O-])[O-])[cH-][cH+]1,-0.9920708537101746
guided,CC[C@H]1[S+]=C(N2CCN(Cc3cccs3)CC2)N=C1[O-],-4.589003086090088
guided,O=[N+]([O-])c1ccc(S(=O)(=O)NCc2cccs2)cc1,-0.6409550309181213
guided,CCCN(c1nc(C)cc(OC)n1)S(=O)(=O)c1ccc(C(C)(C)C)cc1,-2.1507208347320557
guided,CN(CC(=O)Nc1cccc(C(F)(F)F)c1)Cc1cc(=O)n2ccsc2n1,-2.050713539123535
guided,CO[C]1[CH][CH][C]2[C][C]([N+]3CCN([C]([O-])[N+]4CCCC4)CC3)N[C]2[CH]1,-2.564484119415283
guided,CCOc1ccc2nc(-c3ccc(OC)cc3)oc2c1,-5.127472877502441
guided,Cc1nc(C(C)(C)C)nc(C)c1C(=O)Nc1cccc(Cl)c1C,-4.4795026779174805
guided,CC[C@@H](C)C(=O)[C@@H]1CCC(C)(C)C(=O)C1,-6.440286159515381
guided,CCN(C[C+]1[CH][CH][CH][N][CH]1)[C]([O])[C]1[CH][CH][C]2[N][C](C(O)[C]3[CH][CH][C](N([O-])[O-])[CH][CH]3)O[C]2[CH]1,-0.5502839088439941
guided,Cc1ccc(C(=O)O)cc1NC1=N[C@@H]2CS(=O)(=O)C[C@@H]2S1,-0.45944926142692566
guided,CCC[C@@H]1S/C(=N\N=C\c2cccs2)N(c2ccc(OC)cc2)C1=O,-4.331295490264893
guided,COc1cc2nc(Cl)nc(N3CCCCC3)c2cc1OC,-4.383358955383301
guided,CCc1nnc(NC(=O)CSc2nnc3scc(-c4ccccc4)n23)s1,-1.3826618194580078
guided,CO[C]([O])[C]1[N][C](O[C]2[CH][CH][C](F)[CH][CH]2)O[C]1[C]1[C][CH][C](OC)[C]([O+]C(C)C)[CH]1,-1.347961664199829
guided,CCOCC(=O)/N=c1\sccn1Cc1ccc(F)cc1,-4.480940818786621
guided,COc1ccc2nc(SCC(=O)Nc3cccc(C(C)=O)c3)[nH]c2c1,-1.318089485168457
guided,CCOc1ccc(O)c(Oc2ccc(/C=N/n3cnnc3)cc2OCC)c1,-1.149457573890686
guided,CCCCN(C1CCCCC1)[C@@H](C)c1ccccc1,-14.241957664489746
guided,Cc1ccc(S(=O)(=O)N(c2ccccc2)[C@H]2CCS(=O)(=O)C2)cc1,-1.5529494285583496
guided,CN(C)C1=NC[C@H](Cc2ccccc2)N1C[C@H]1CC[C@H](C(C)(C)C)CC1,-10.325077056884766
guided,Cc1c2cnn(CC(=O)N3CCC4(CC3)OCCO4)c(=O)c2c(C)n1Cc1ccc(F)cc1,-1.1186599731445312
guided,[H+].[N-2][C][c+]1[c+]([CH+][c+]2[cH-][cH+][cH-]o2)[c+]([O-])[n-][n-][c-]1-[c-]1[cH+][cH-][cH+][c-](Cl)[cH+]1,-1.0441910028457642
guided,CO[c-]1[cH+][cH-][c+](N[C-](N)N)[c-]([CH+][CH-]CC(C)N)[cH+]1,-0.37780216336250305
guided,COc1cc(/C=C/c2ccccn2)cc(S(=O)(=O)Nc2cccnc2)c1OC,-1.0720659494400024
guided,O=C(COc1ccc(Cl)cc1Cl)NC1CC1,-5.475152492523193
guided,OCC1CCN(Cc2cccc(OCc3cccc4ccccc34)c2)CC1,-7.559001445770264
guided,N[C@@H](Cc1ccc2cccnc2c1)C(=O)O,-1.044665813446045
guided,Cc1ccc(NC(=O)C(C)C)cc1C(=O)N1CCCC1,-3.9567058086395264
guided,CC[CH-][C+]([O-])N([c+]1[cH-][cH+][cH-][cH+][cH-]1)[c+]1[cH-][cH+][cH-][cH+][cH-]1,-7.757863521575928
guided,CCCn1nc(CC(=O)O)c2ccccc2c1=O,-1.3446944952011108
guided,CCCCN1[C]([O])[C]([O])[C]([C](O)[C]2[CH][CH][C](N([O-])[O-])[CH][CH]2)C1[C+]1[CH][CH][C](Cl)[CH][CH]1,-1.1609615087509155
guided,O=C(c1ccco1)N1CCN(c2ncccn2)CC1,-2.0715525150299072
guided,C=C1N=[N+](C)C(=O)c2nn([O-])c(-c3cccs3)c21,-1.4172452688217163
guided,COc1ccc(S(=O)(=O)N/N=C(/C)C[C@@H](C)c2ccccc2)cc1,-2.373699903488159
guided,CCCc1nc(-c2cccs2)cc2c1C(=O)OC2,-5.697464466094971
guided,CCOC(=O)C1=C(C)Nc2cccc3ccc(OC)c(c23)N1C,-4.044991970062256
guided,CCCCC[C@@H](CC(=O)NNC(=S)Nc1cccc([N+](=O)[O-])c1)C(=O)O,-0.6941501498222351
guided,N/C(=N\OC(=O)c1cccn(Cc2ccc(C(F)(F)F)cc2)c1=O)c1ccccc1,-1.233209252357483
guided,CCOC(=O)[C@]1(C)N[C@@H](c2cccc(C)c2)[C@@H]2C(=O)N(c3cccc(C(F)(F)F)c3)C(=O)[C@@H]21,-2.013080596923828
guided,C[C@H](Nc1ccc2ccccc2n1)[C@@H](C)O,-4.3213958740234375
guided,C/C(Cc1ccccc1)=N\NC(=S)NC(=O)c1ccco1,-1.963020920753479
guided,CN(C)C(=O)c1ccc(-n2cccn2)nc1,-3.368211507797241
guided,CN(Cc1ccccn1)Cc1ccccc1[N+](=O)[O-],-2.689296245574951
guided,COc1cc2c(cc1OC)[C@H](c1ccccc1OC)NC(C)(C)C2,-5.728455543518066
guided,O=C(/C=C(\Nc1cccc2ccccc12)c1cccc([N+](=O)[O-])c1O)C(F)(F)F,-2.3897757530212402
guided,CO[c-]1[cH+][c-](C)[c+]([CH-][CH+][CH-][CH+][C-](C)[CH+][CH-][C][C+](C)[C][C+]([O-])C[CH+][CH+][CH-][C+](C)CCN(C)C)[c-](C)[c+]1C.[H+],-8.838254928588867
guided,COc1cccc2c(C(=O)[C@H](c3ccc([N+](=O)[O-])cc3)N(C)c3ccc(C)cc3C)c[nH]c12,-3.247553586959839
guided,CCCn1cc([C@H]2[CH+]CC[C@H](C(=O)c3ccc(F)cc3)C[N-]2)c(C)n1,-5.278991222381592
guided,CCCN(C(=S)Nc1ccc(C)c(Cl)c1)C1CCCCC1,-11.804930686950684
guided,COCCNC(=S)Nc1cccc(C)c1C,-6.147946357727051
guided,C[C@H](Sc1ncnc2sc3c(c12)CCCCC3)C(N)=O,-2.008829116821289
guided,CC(=O)N1CCN=C1SCC(=O)N/N=C/C=C\c1ccco1,-0.5623207688331604
guided,C[C-]1[CH+]N[C-](N[C+]([O-])[c+]2o[c-]3[cH+][cH-][cH+][cH-][c+]3[c-]2C)[CH+][CH-]1,-2.3640544414520264
guided,O=C(Cc1ccccc1)c1c[nH]c(C(=O)NCCc2cccs2)c1,-2.8540961742401123
guided,CCCNCCn1c[c-]c2c(C)ccc(C)c21.[H+],-9.560900688171387
guided,O/N=C/c1ccc(OC[C@@H](O)CN2CCN(c3ccccc3)CC2)c(Cl)c1,-1.8486709594726562
guided,[O][C]([CH][CH][C]1[CH][CH][CH][CH][C]1N([O-])[O-])[C+]1[CH][CH][CH][CH][CH]1,-1.9089001417160034
guided,C[C]1[CH][CH][C]([C]2[C](C)[C]([C]3CCC3O)[N][C](N)[C]2[C][N-])O1.[CH2].[H+].[H+],-0.7902447581291199
guided,COc1ccc2nc(C)c(C(N)=O)cc2c1,-1.8630306720733643
guided,CCCCN(CCCC)C(=O)/C(=C/c1ccco1)NC(=O)c1ccco1,-2.2328691482543945
guided,CCOc1ccccc1CN1CCSCC1,-10.224870681762695
guided,CC[C@H](SCC(=O)Nc1ccccc1O)C(=O)O,-0.6602107882499695
guided,COc1ccc(S(=O)(=O)Nc2ccccc2C(=O)O)cc1,-0.5205082297325134
guided,COc1ccc(S(=O)(=O)N2CCCCCC2)cc1C(C)C,-4.619703769683838
guided,Nn1c(SCC(=O)NC[C@H]2CCCO2)nnc1C1CCCCC1,-0.4505937397480011
guided,[C-3]CC.[C-3][CH+][C+]([O-])[C+]1[CH+][CH-][CH+][c-]2[cH+][cH-][cH+][cH-][c+]21.[H+].[H+].[H+].[H+].[N-2][C][C+]1Cn2[c+](n([P-2])[c+]3[cH-][cH+][cH+][cH+][c+]32)[C+]2[CH+][CH+]N[C-]([O-])[C+]12,-1.8507896661758423
guided,COCCN(CCc1ccccc1)CC(=O)Nc1ccccc1C(=O)NC1CC1,-1.6643836498260498
guided,Cc1cc(C)c2c(NC(=S)NC(=O)c3ccc(F)cc3)n[nH]c2n1,-1.1389539241790771
guided,[CH2+]CCC/N=c1\[cH-]c(C(=O)NO)c(C)cc1C,-2.3005809783935547
guided,S=c1[nH]c(-c2cccc3ccccc23)cn1-c1cccc2ccccc12,-11.968695640563965
guided,O=C(/N=C1\S[C@@H]2CS(=O)(=O)C[C@@H]2N1Cc1cccs1)c1cccs1,-2.0524399280548096
guided,O=S(=O)(Cc1ccccc1)c1ccc(NC2CC2)nc1,-2.7198686599731445
guided,COC(=O)N[C@@H](c1ccccn1)[C@@H](c1ccccc1)[C@@H](O)CCC[C@H](C/C=C\C[CH-]C(C)C)OC.[H+],-4.022373676300049
guided,CCC[C@@H](CCC(=O)Nc1cccc([N+](=O)[O-])c1)C(=O)O,-0.7562207579612732
guided,N#CCCN(C(=O)COC(=O)COc1cccc2ccccc12)c1ccccc1,-1.6914879083633423
guided,O=C(Cc1ccc(F)cc1)N[C@H](C(=O)O)c1nc(-c2ccc(F)cc2)no1,-0.5718127489089966
guided,CCOc1cc(C(=S)N2CCCC2)ccc1O,-6.355008125305176
guided,CCOc1ccccc1N1CCN(Cc2ccccc2)CC1,-9.842459678649902
guided,Cc1c(Cl)cccc1NC(=O)CNc1ccccc1C(=O)O,-1.5813374519348145
guided,COc1ccc(Oc2cc(CC(C)C)ccc2OC)cc1O,-5.126365661621094
guided,CCCN(CCC)Cc1ccc([N+](=O)[O-])c(OC)c1,-3.417348861694336
guided,Cc1ccc(C)c(NC(=O)COC(=O)CNC(=O)c2ccccc2)c1Cl,-1.0033737421035767
guided,Cn1c(Cn2nnc3ccccc32)nnc1SCC(=O)NNC(=O)C(C)(C)C,-0.2772708833217621
guided,CCN[C@H](Nc1ccc(NC(=O)c2ccc(C)c(C)c2)cc1C(F)(F)F)C(Cl)(Cl)Cl,-6.567864894866943
guided,COc1ccc(S(=O)(=O)N2CCn3c2nc2ccccc23)cc1,-2.0088071823120117
guided,CCN1CCN(CCCNC(=O)CCC(=O)N2CCOc3ccccc32)CC1,-1.8518239259719849
guided,COC(C[C@@H](O)C[C@@H](O)CCCc1ccccc1)OC,-2.611969232559204
guided,CCC(=O)NNc1cc(=O)c2c(=O)n(C)c(=O)n(C)c2[nH]1,-0.37786439061164856
guided,CCC(=O)c1c[nH]c(C(=O)NCCCn2ccnc2)c1,-0.9273913502693176
guided,Cc1noc(/C=C/c2ccccc2)c1NC(=O)N1CCN(C(c2ccccc2)c2ccccc2)CC1,-5.318962097167969
guided,NS(=O)(=O)c1ccc(N2CCCCC2)nc1,-1.0721161365509033
guided,Cc1nc2ccccc2n1-c1ccc(OC(F)(F)F)cc1,-8.25485610961914
guided,CO[c+]1[cH-][c+]([N-][C+]2[C][N-]N([C+]3[CH+][CH-][C+](C)[CH-][CH+]3)N2[O-])[c-](C)[cH+][c-]1OC.[H+],-2.1431884765625
guided,Cc1cc(S(=O)(=O)N[C@H](C(=O)NCCCc2ccccc2)C(C)C)ccc1-n1cnnn1,-0.40414953231811523
guided,CO[c-]1[cH+][cH-][cH+][cH-][c+]1N[CH-][N-]C([S-])N[C+]1[CH+][CH-][CH+][c-]2[cH+][n-][cH+][cH-][c+]21,-2.5277862548828125
guided,CCCOc1ccc(Cn2ccnc2)cc1,-7.347339630126953
guided,COc1c(Cl)cc(Cl)cc1CNCCNCc1cccs1,-6.974071502685547
guided,Cc1cc(C)c2sc(N(CCCN(C)C)C(=O)CN3C(=O)c4ccccc4C3=O)nc2c1,-1.8618488311767578
guided,C=CCc1cccc(OCC(=O)NCc2ccncc2)c1,-3.494995594024658
guided,COc1cc(-c2cc(C(=O)c3ccc(O)cc3O)no2)ccc1O,-0.6350535750389099
guided,CCN(CC)S(=O)(=O)c1cc(C(=O)Nc2ccc(/C=C(\C)C(C)=O)cc2OC)ccc1Cl,-1.9812138080596924
guided,N/C(=N\OCC(=O)Nc1ccccc1-c1ccccc1)c1ccccn1,-0.87370365858078
guided,COc1cccc(OC)c1NC(=O)COC(=O)c1nc2nccc(C)n2n1,-0.22639605402946472
guided,O=[N+]([O-])c1ccc(N2CCN(c3ccc(O)cc3)CC2)cn1,-0.8168260455131531
guided,C[C+]1CC(C)(C[CH-]O)C(CC[CH+]C[C-](C)[O-])[CH+][CH-]CC12CCCCC2,-7.245782375335693
guided,Cc1ccc(N2C(=O)NC(=O)/C(=C/NCCCn3ccnc3)C2=O)cc1,-0.31841790676116943
guided,COc1ccc(CN(C(=O)CN(C)S(=O)(=O)c2ccc(OC)cc2)C(C)(C)C)cc1,-1.563926339149475
guided,CCN(CC)CC(C)CN[C-]([O-])C1CC[C+]([O-])N1C[C+]1[CH+][CH-][C+]([CH-][CH+][CH-][CH+][C][CH+][c-]2[cH+][cH-][cH+][cH-][cH+]2)[CH-][CH+]1,-2.393003463745117
guided,COc1ccc([C@H](O)[C@H](CN2CCCC2)c2ccccc2)cc1,-6.777895450592041
guided,COc1ccc(S(=O)(=O)N(C)CC(=O)NC(c2ccccc2)c2ccccc2)cc1,-1.5967381000518799
guided,Cc1cc2occ(CC(=O)N[C@]3([CH-]O)CCS(=O)(=O)C3)c2cc1C.[H+],-0.43955910205841064
guided,O=C(NNS(=O)(=O)c1ccccc1)c1cc([N+](=O)[O-])ccc1O,-0.34478145837783813
guided,C[C]CO[C]([O])C[S+2][C][N-][N][C-]CC(C)(C)N.[H+],-0.8704166412353516
guided,COc1cccc2cc(C(=O)Nc3sc(C)c(C)c3C)/c(=N/CC3CCCCC3)oc12,-5.198375225067139
guided,c1cc2c(cc1CN1CCCCC1)CCCC2,-12.91080379486084
guided,CCOc1ccc2nc(NC(=O)C(C)(C)C)cc(C)c2c1,-4.309372901916504
guided,COC(=O)c1cc(Nc2ccccc2)c([N+](=O)[O-])cc1OC(C)=O,-0.8071620464324951
guided,[N][C]C[C]1[CH][CH][C](OC[C+]2[CH][N]N([C]3[CH][CH][CH][CH][CH]3)[CH]2)[CH][C]1N([O-])[O-],-0.5767579078674316
guided,CC(=O)Oc1cc(/C=C(\C#N)c2nc3ccccc3[nH]2)cc2c1OC[C@H](OC(C)=O)C2=O,-0.7882618308067322
guided,C=[C-][C@@H]1C=C(/C(=C/Nc2cccc(O)c2)C([CH2-])=O)N=[O+]1.[H+],-1.6333507299423218
guided,CCCCCCC(=O)N(O)[C@H]1CC(=O)N(c2ccc(Cl)cc2)C1=O,-1.5882643461227417
guided,S=c1[nH]nc(-c2cccs2)n1C[C@H]1CCCO1,-4.8776421546936035
guided,C/C=C(/[O-])C[C@@H](C)N/C=C1/C=CC(c2ccccc2Cl)=[O+]1,-4.516096591949463
guided,CC(=O)c1c(C)nn(Cc2ccc(C)cc2)c1C,-6.206433296203613
guided,C[C@@H](CCCC1CCCCC1)NC(=O)c1cc2ccccc2[nH]1,-6.164463996887207
guided,CCOc1ccccc1N1CCN(CCc2ccc3ccccc3c2)CC1,-10.715559005737305
guided,CCOc1ccc(CNc2cccc(C(=O)NCc3ccccc3)c2)cc1,-4.97969388961792
guided,CCOc1ccc2ccccc2c1[N+](=O)[O-],-3.721921920776367
guided,COc1ccc(N2CCN(C(=O)Nc3cccc(C(F)(F)F)c3)CC2)cc1,-5.210405349731445
guided,CO[c-]1[cH+][cH-][c+](N[C-]([O-])C[O+]2CCC3CC(CC[C+]3[O-])[C+]2[O-])[cH-][cH+]1,-0.40192580223083496
guided,Cc1ccc(Oc2nc3c(C)cccn3c(=O)c2/C=C(\C#N)C(N)=O)cc1,-0.5601634979248047
guided,COc1cccc(C2(O)CCN(C(=O)c3cccs3)CC2)c1,-3.8629848957061768
guided,C#Cc1ccc([C@H]2C=C(C(=O)OCC=C)O[C@@H](OCc3ccc(CO)cc3)C2)cc1,-2.833818197250366
guided,CCC(=O)Nc1ccc(-c2cc(C)no2)cc1,-3.310826539993286
guided,CO[C]1[CH][C]([C+]([O])N[C]2[N][C](C)[CH][C](C)[N]2)[C](N([O-])[O-])[CH][C]1OC,-0.5086764097213745
guided,N#Cc1c(SCC(=O)Nc2nccs2)nc2c(c1-c1ccccc1)CCCC2,-2.4826815128326416
guided,Nc1c[c-][n+]2c(c1C(=O)OCc1ccc([N+](=O)[O-])cc1)CCCC2,-0.46887892484664917
guided,CCO[C-]([O-])[CH+][CH+][N-][N-]N[C+]1[C][CH+]N(C[C+]2[CH+][CH-][CH+][CH-][CH+]2)[N-]1,-0.6877162456512451
guided,COc1ccc2[nH]c(C(=O)N3CCN(c4ccc(C)cc4C)CC3)c(C)c2c1,-4.726927280426025
guided,C[C@@H](OC(=O)c1cccs1)[P@@](=O)(O)c1ccccc1,-2.3673923015594482
guided,CCC(=O)NC[C@@H](C)Nc1cccc2ccccc12,-5.1959228515625
guided,COc1ccc(CCNC(=O)C/[S+]=c2\nnc(C)c([O-])[nH]2)cc1OC,-0.29803457856178284
guided,[CH2-][C@@]1(C)CCN(/C=N/c2[c-](-c3cccs3)o[s@SP1+2]2CC(=O)OC)CSC1,-4.6663360595703125
guided,CCn1ccc(=O)n(-c2cccc(C)c2)c1=S,-7.3824920654296875
guided,NC(=O)NC(=O)COC(=O)c1cncc(Br)c1,-0.3980365991592407
guided,CCC[C@@H](C(=O)NC[C@@H]1CCCO1)n1nnc2ccccc2c1=O,-0.5337007641792297
guided,Cc1cc(C)cc(OCC(=O)NCc2ccc(S(N)(=O)=O)cc2)c1,-0.3458087742328644
guided,O=C(c1ccc([N+](=O)[O-])s1)N1CCCCCCC1,-2.6092114448547363
guided,NS(=O)(=O)c1ccc(CCCN2CCN(CC(=O)O)CC2)cc1,-0.3574448823928833
guided,CN(C)[C-]1[CH+][C-]2CCCCCN2[CH+][C-]1[C+]([O-])[C+]([O-])[c+]1[cH-][cH+][c-](C(C)(C)C)[cH+][cH-]1,-3.497049331665039
guided,CCOc1ccccc1-c1n[nH]c(=S)n1Cc1ccccc1,-5.528437614440918
guided,OC[C@H]1CCCN(c2nc3nonc3nc2N2CCCCC2)C1,-0.4968462586402893
guided,C/C(=N\NC(=O)Cc1ccccc1)c1ccc([N+](=O)[O-])cc1,-0.9603206515312195
guided,NC(=O)C1CCN(Cc2nc3ccccc3c(=O)[nH]2)CC1,-0.3487381935119629
guided,CCOc1ccc2ccccc2c1C(=O)Nc1nccs1,-4.289255142211914
guided,COc1ccc(/C=C(/C(C)=O)c2nc3ccccc3s2)cc1C,-6.5943450927734375
guided,CCc1c(C)c(C#N)c2nc3ccccc3n2c1NCc1ccccn1,-3.0016367435455322
guided,CCCN1CCC(NC(=O)C2CCN(c3ccc(N4CCOCC4)nn3)CC2)CC1,-1.2657397985458374
guided,O=C=C/C(=[NH+]\NC(=O)Cc1ccccc1)C1([O-])CCCCC1,-0.6767100095748901
guided,CC[C@@H](C)C/C(O)=C\C[C@]1(C)c2ccccc2N[C@H]1OC,-6.255312442779541
guided,COc1ccc(C(=O)N2CCN(C(c3ccccc3)c3ccccc3)CC2)cc1N,-3.336361885070801
guided,COc1ccc(OC)c(N2CCN(CCN(C(C)C)C3CCCCC3)CC2)c1,-7.774101257324219
guided,O=C(Nc1ccccc1C(=O)Nc1cccnc1)c1cccc([N+](=O)[O-])c1,-1.036938190460205
guided,CN(CCOc1ccc(C#N)cc1)Cc1cc(=O)oc2cc(O)ccc12,-0.8936530351638794
guided,O=C(O)C1=COc2c(ccc3ccccc23)[C@H]1c1nc2ccccc2nc1C(=O)Nc1cccs1,-2.8617258071899414
guided,C[C@H](C(=O)NCCOc1ccc2ccccc2c1)n1nnc2ccccc2c1=O,-0.8216649293899536
guided,CCC(=O)NC(=S)Nc1cc(OC)c([N+](=O)[O-])cc1OC,-0.4413030445575714
guided,O=C(C1CC1)N1CCN(S(=O)(=O)N2CCC[C@@H](CO)C2)CC1,-0.9824517369270325
guided,Nc1ccc(Nc2ccc(C(F)(F)F)cn2)cc1S(=O)(=O)Nc1ccc(Cl)cn1,-1.6135377883911133
guided,Cc1ccccc1CN1CCN(Cc2cc3ccccc3o2)C[C@@H]1CCO,-5.7643327713012695
guided,Cc1ccc(/C=C/C(=O)N2CCC[C@H](C(N)=O)C2)cc1F,-2.1388185024261475
guided,COc1ccc(O)c(C(=O)c2c(N3C[C@@H](C)O[C@@H](C)C3)c3cc(Cl)ccc3n(C)c2=O)c1,-1.6159110069274902
guided,CCCCS(=O)(=O)CCCN1CCCCC1,-5.520306587219238
guided,CCOC(=O)c1[nH]c2ccccc2c1NC(=O)c1cccc(NC(=O)COC)c1,-0.83965665102005
guided,CSc1cccc(NC(=S)NN(C)C)c1,-7.114531993865967
guided,COC(=O)Cn1nnnc1[C@@H](/C=N/c1ccc(F)cc1)N1CCc2ccccc2C1,-0.8000290989875793
guided,CCOc1ccccc1[C@@H]1C=C(c2ccc(C)cc2)Nc2nc(N)nn21,-1.721454381942749
guided,CCN1c2ccc(Nc3cc(=O)[nH]c(-c4ccccc4)n3)cc2C[C@@H]1C(=O)O,-0.7603638768196106
guided,COCCN1C(=[NH2+])/C(=[S+]/c2ccccc2N([O-])[O-])C(=O)NC1=O,-0.3239099979400635
guided,O=C(Cc1cccc2ccccc12)NNC(=O)Nc1cccc(F)c1,-2.0875818729400635
guided,CCCNC(=O)NS(=O)(=O)c1ccc(=O)[nH]c1C,-0.44608113169670105
guided,COc1cccc([C@@H]2CCCC[C@H]2C(=O)Nc2ccc(SC(F)F)cc2)c1,-8.018465995788574
guided,CC(=O)C[C@H](CNc1cc(=O)n(C2CCCCC2)c(=O)[nH]1)OC(C)C,-0.6717507243156433
guided,Cc1c(C)n(CC(=O)O)c2cc(C(F)(F)F)ccc12,-5.247964859008789
guided,O=C(O)CCCC(=O)NCCCCCC(=O)c1ccc2c(c1)OCO2,-0.6511924266815186
guided,CCC(C)(C)C(=O)O,-5.592402935028076
guided,CCCn1nc(C)c(/C=N/O)c1-n1cccc1,-3.089221954345703
guided,CC1=[S+]C(NC(=O)CN2CCCCC2)=NC1=c1ccc(=C([O-])O)cc1,-0.5183983445167542
guided,CCOc1cc(/C=C/C(=O)O)ccc1OCCO,-1.1381322145462036
guided,Cn1nc(C(=O)N/N=C/[C@H]2CC=CCC2)c2ccccc2c1=O,-1.116294503211975
guided,CC(=O)Nc1onc(C)c1-c1cccc(NC(=O)COc2ccccc2)c1,-1.1287689208984375
guided,CCOC(=O)CNC(=O)[C@@H](NC(=O)c1ccccc1F)c1ccccc1,-0.713742733001709
guided,COc1ccc2sc(N3CCN(S(=O)(=O)N(C)C)CC3)nc2c1,-1.7137880325317383
guided,C[C@H](OC(=O)c1cccs1)C(=O)NCc1ccc2c(c1)OCO2,-1.3688600063323975
guided,CC(=O)NC(=S)Nc1ccc(S(=O)(=O)N2CCCC2)cc1,-0.9583175182342529
guided,CC(=O)Oc1ccc(C(C)=O)c(O)c1,-2.0991225242614746
guided,COC(=O)c1cc(C(=O)N[C@@H](C)[C@H]2C[C@H]3CC[C@@H]2C3)cc([N+](=O)[O-])c1,-0.8599263429641724
guided,Nc1cc(Oc2ccc(Cl)cc2)ccc1OCC(=O)O,-1.3186649084091187
guided,O=C(N/N=C/CCc1ccccc1)[C@@H](O)c1ccccc1,-2.4093027114868164
guided,Cc1ccc(OC(=O)c2ccccc2N2C(=O)[C@@H]3[C@H]4CC[C@H](C4)[C@@H]3C2=O)cn1,-1.5419033765792847
guided,COc1ccc2c(CC(=O)NC3CC3)coc2c1,-3.424015522003174
guided,C[C-]1N(CCCN2CCOCC2)[C+]([O-])[c-]2[cH+][cH-][cH+][c-]3[c+]2N1CC[C+]3[O-].[C]1[CH+][CH+][CH-][CH+][CH-]1.[H+].[H+],-1.9025558233261108
guided,CCN1C(=O)CS/C1=N\c1nccs1,-4.156638145446777
guided,CC[C@@H](C(=O)N/N=C/c1cc(C)n(-c2ccc(C(=O)OC)cc2)c1C)c1ccccc1,-2.745964288711548
guided,CCOc1ccccc1CNC(=O)C1c2ccccc2Oc2ccccc21,-5.339991569519043
guided,Cc1cc(F)c(NC(=S)Nc2ccc(N3CCCCC3)cc2)cc1C,-9.174148559570312
guided,CCCC(=O)Nc1nnc(Cc2ccc([N+](=O)[O-])cc2)s1,-0.7365210056304932
guided,C[c-]1[cH+][cH-][cH+][cH-][c+]1[S+2]([O-])([O-])[N-]C([C+]([O-])OC[C+]([O-])N[c+]1[cH-][cH+][c-]2[c+]([cH-]1)OCO2)C1CCCCC1,-0.5978336930274963
guided,C/[O+]=C1\C=CC=CC1=C=C(NC(=O)c1ccccc1Cl)C(=O)N(NC#[O+])c1ccc(N([O-])[O-])cc1,-0.8231726288795471
guided,C=COc1ccc(S(=O)(=O)N2CCCCC2)c2ccccc12,-4.6346049308776855
guided,O=C(CN1CCCCC1=O)Nc1ccccc1C(=O)NCc1cccnc1,-0.44580739736557007
guided,CCCCCn1c(-c2nonc2N)nc2ccccc21,-1.107884407043457
guided,Nn1c(SCC(=O)Nc2ncc(C(F)(F)F)cc2Cl)nnc1C1CC1,-0.7031504511833191
guided,CCCCNc1nc2cccnc2s1,-5.648659706115723
guided,O=C(Oc1ccc(Cl)c2cccnc12)c1cccc([N+](=O)[O-])c1,-1.7892016172409058
guided,[CH2+][c-]1[cH+][c+](-[c+]2[cH-][cH+][cH-][cH+][cH-]2)[n-][c+](SCCS[C+]2[N-][N-][C-](CCC)N2N)[n-]1,-1.9962108135223389
guided,Cc1cccc(N2CCN(CC(=O)Nc3ccc(-n4cnnn4)cc3)CC2)c1C,-0.888823390007019
guided,Cn1c(=O)c2c(ncn2/C=c2\nc3cccc4cccc(\c2=[NH+]\C(=O)C2CC2)[c-]43)n(C)c1=O,-0.2343360334634781
guided,C[C@@H]1[C@@H](Cc2ccccc2)N(O)[C@H](/C=N/O)N1O,-0.9194707274436951
guided,CC(C)[C@H]1Cc2c([s+]c3nc(N4CCN(C)CC4)n(Cc4ccc(N(C)C)cc4)c([O-])c2-3)CO1,-2.943247079849243
guided,COc1ccccc1CNCc1ccc([N+](=O)[O-])s1,-2.3585705757141113
guided,COc1cc2c(cc1OC)[C@H](c1ccc(C)cc1)NC(=O)C2,-4.096008777618408
guided,[NH2+]=[C-][C@]1(c2ncc[nH]2)[C@]23N4[C-](NC(=O)c5ccccc5)C56[C@@H]7[C@H](C=C(O)[C@@]52[C@@]413)[O+]76,-0.30969706177711487
guided,O=C(O)c1cc(NC(=O)c2ccco2)cc(NC(=O)[C@H]2CCCO2)c1,-0.5177909135818481
guided,O=S(=O)(Nc1ccccc1Cl)c1cccc(-c2cscn2)c1,-3.6683926582336426
guided,C[CH+]C(C)CN1[C+]([O-])[C+]([N-]C[c+]2[cH-][cH+][cH-][cH+][cH-]2)C([CH-]O)C1[C+]([O-])[N-]C(C)C,-0.5712062120437622
guided,N[C@H](Cc1c[nH]c2ccccc12)c1nnc(SCc2ccc(Cl)cc2Cl)o1,-3.170159101486206
guided,CCCC(=O)NNC(=O)CCC(=O)Nc1nc2ccccc2s1,-0.3867224454879761
guided,Fc1ccc(-c2nnc(CN3CCC(c4nc(-c5ccccc5)no4)CC3)o2)cc1F,-2.1829311847686768
guided,CC(=O)N1CCCc2cc(S(=O)(=O)NCCCCCc3ccccc3)ccc21,-2.597916603088379
guided,CCOC(=O)C1(CCOc2ccccc2)CCN(Cc2ccon2)CC1,-2.4376494884490967
guided,CC(=O)Nc1cc(Cl)ccc1Oc1ccc2c(c1)n(C)c(=O)c(=O)n2C,-0.9594033360481262
guided,OC[C@]1(Cc2ccc(OC(F)(F)F)cc2)CCCN(Cc2ccc(C#CC3(O)CCCCC3)cc2)C1,-5.586043357849121
guided,CCOc1ccc(-c2[nH]ncc2/C=C2\[S+]=C(N)N=C2[O-])cc1OCC,-0.31072887778282166
guided,C/N=C(\[O-])N(c1nc(NCc2cccnc2)c2ccccc2n1)c1ccccc1C.[H+],-1.1612154245376587
guided,Cc1ccc(NCc2nc(-c3ccccc3)no2)cc1,-4.1674909591674805
guided,CCOC(=O)c1cc2sc(C)cc2n1CC(=O)Nc1ccccc1C(F)(F)F,-4.058958053588867
guided,COc1cc(S(=O)(=O)N2CCC[C@@H]2C(=O)Nc2nc(C)cs2)cc(OC)c1OC,-0.4738403260707855
guided,COc1ccc(N2C(=O)[N-]C[C@@H](COC(C)(C)C)[C@@]2(C)O)cc1.[H+],-1.877844214439392
guided,Cc1ccc(CN2CCC(n3nccc3NC(=O)CCOc3ccccc3)CC2)o1,-2.3022429943084717
guided,C[C@H]1CN(Cc2ccccn2)CCC1=O,-5.948619842529297
guided,CN(Cc1ccco1)C(=O)Cn1c(/C=C/c2ccccc2)nc2ccccc21,-4.692984580993652
guided,CC1=NC2=C3C(/N=C(\[O-])c4ccc(F)cc4)=C=CC=C3[C@H](c3ccc(F)cc3)CC2=[NH+]1,-2.429037094116211
guided,CC(=O)NCC(=O)OCC(=O)C(C)(C)C,-1.3903653621673584
guided,c1ccc(C[C@@H]2CN=C(NCCN(Cc3ccccc3)c3ccccn3)N2)cc1,-3.714714765548706
guided,O=C(Nc1cc2ccccc2oc1=O)C1CCCCC1,-2.986210584640503
guided,COc1ccc([C@H](C(=O)NC2CCCC2)N(C(=O)CCC(=O)NC2=NCCS2)c2cccc(OC)c2)cc1,-1.2932965755462646
guided,NC(=O)C[C@H](N)C(=O)O,-0.5854514241218567
guided,CN(C)Cc1ccccc1OC(=O)N(C)C,-6.035833835601807
guided,CCOC(=O)[C@@H](C)n1cnc2[s+]c3c(c-2c1[O-])CCCC3,-1.9207466840744019
guided,CCCCCCN[C@H](C(=O)OC)C(=O)OCC,-2.0308094024658203
guided,O=C(O)c1ccccc1-c1cnc(CCc2cccs2)o1,-2.9946072101593018
guided,COCCNC(=O)CN1CCN(c2ccc(O)cc2)CC1,-1.8072595596313477
guided,Cc1n[nH]c(-c2ccccc2)c1NCc1ccc(F)cc1,-5.9439263343811035
guided,CCO[C-]([O-])[C+]1[CH+][N-][C+](O[c+]2[cH-][cH+][cH-][cH+][n-]2)[N-]C1[c+]1[cH-][cH+][c-](OC(C)C)[cH+][cH-]1,-1.2273837327957153
guided,CC(C)NC[C@H](O)COc1ccc(COCCOC(C)C)cc1,-2.595658302307129
guided,CC(C)(C)c1ccc(/C=C\C(=O)Nc2ccnn2-c2ccccc2)cc1,-5.593348026275635
guided,Cc1ccc(S(=O)(=O)N(c2ccccc2)c2nonc2C)cc1,-1.5943641662597656
guided,O=C(CCSc1ccc(F)cc1)N1CCN(c2ccccc2F)CC1,-8.549446105957031
guided,CCOC(=O)c1c(C)c(=O)[nH]c2cc(OCC)c(OCC)cc12,-1.38065505027771
guided,CCn1[c+]([O-])[c+](-[c+]2[n-][c+]3[cH-][cH+][cH-][cH+][c-]3s2)n(C)[c-]1[S-],-3.971949338912964
guided,NC[CH-]O[C+](OCC(O)CO)OC1C(N)CC(N)(OC2OC(CO)C(O)C(N)C2O)C(O)C1O.[H+],-0.566825807094574
guided,CCCCC(=O)NC(=S)NNC(=O)CC(C)C,-1.5889489650726318
guided,O=C(C1=C[C@H](c2csc3ccccc23)C[C@H](OCc2ccc(CO)cc2)O1)N1CCN(Cc2ccc3c(c2)OCO3)CC1,-3.117755174636841
guided,CCOc1ccc2occ(N)c2c1,-3.9072012901306152
guided,C/C=C/C=C/Cn1c(=O)c(C(=O)NCCC)c(O)c2ccccc21,-1.78305983543396
guided,O=C(O)CCN1C(=O)c2ccc(C(=O)N3CCCCc4ccccc43)cc2C1=O,-0.7109923362731934
guided,CCN1[C+]2[CH-][CH+][C][C][C+]2N([S+2]([O-])([O-])[c+]2[cH-][cH+][c-](F)[cH+][cH-]2)[NH+]2CC[N-][C-]12.[H+],-1.4234733581542969
guided,CON/C(=N/Cc1ccccc1)[C@]1(O)C(=O)Nc2c(C)cccc21,-0.7289562821388245
guided,O=C(Cc1cccc2ccccc12)N/N=C1\C(=O)Nc2ccccc21,-1.7654632329940796
guided,COCCCn1c(=S)[nH]c2ncccc2c1=O,-2.3778553009033203
guided,COC[C@H](C)NC(=O)c1cc(C)cc(C)n1,-3.379704713821411
guided,C[C@@H](SC1=Nc2ccccc2C2=N[C@@H](c3ccccc3)C(=O)N12)C(=O)O,-1.3136910200119019
guided,N#Cc1ccc(OCCC(=O)NC(=O)OCc2ccccc2Cl)cc1,-1.1898623704910278
guided,CC(C)[C-]1[CH+][CH-]C2([CH+][CH-]1)C1NCCSC12,-10.357988357543945
guided,C/C(=N\NS(=O)(=O)C(C)C)c1cccs1,-2.6158106327056885
guided,CCCn1c(SCC(=O)NCc2ccco2)nnc1-c1nc2ccccc2[nH]1,-0.8603537678718567
guided,CCOc1cc(/C=N/Nc2ccccn2)ccc1OCc1ccc2ccc(=O)oc2c1C#N,-1.7560287714004517
guided,COc1cc(C(C)=O)ccc1OC(=O)N1CCOCC1,-1.9233882427215576
guided,COc1ccc(N2CCN(Cc3nc(N)nc(Nc4ccc(C)cc4)n3)CC2)cc1,-0.6702410578727722
guided,COc1cc(S(=O)(=O)N2CCOCC2)ccc1NC(=O)Nc1ccccc1SC,-0.7830550670623779
guided,C[C@@H](/C=N/N=C1/Nc2ccccc2[C@H]1O)Sc1nc2ccccc2o1,-1.6458566188812256
guided,O=C(c1ccc(OC2CCN(CCO)CC2)cc1)N1CCCC1,-3.183788776397705
guided,COC(=O)C(OC(=O)C(C)C)C(=O)OC,-1.03476083278656
guided,Cc1nn(CCC(=O)O)c(C)c1S(=O)(=O)N1CCCCC1,-0.5055676102638245
guided,NNC(=O)/C(=C/c1cccs1)NC(=O)c1ccccc1,-0.6363661289215088
guided,[H]/N=C1C(=C/c2ccc(OC)c(OCC=C)c2)/C(=O)N=C2C=C(C)ON2/1,-1.0089447498321533
guided,CCC(C)[N][C]([O-])[CH][C](N)[C]1[CH][CH][C](OC)[CH][C]1OC.[CH2][CH][C][O+].[H+].[O][C+]([C-][C]([O-])[O-])[C]1[CH][CH][CH][CH][CH]1,-0.5561558604240417
guided,CO[c-]1[cH+][cH-][c+](N2CCN(C([C-](C)N[C+]([O-])C3CCCC3)[c-]3[cH+][cH-][cH+]s3)CC2)[cH-][cH+]1,-4.238073348999023
guided,CCCOc1ccc([C@@H]2C(C#N)=C(N)N(Nc3cccc(C)c3)C3=C2C(=O)CC(C)(C)C3)cc1OC,-2.8836729526519775
guided,CCNc1nc(NCC)nc(N2CCOCC2)n1,-1.1647135019302368
guided,COc1cc(CNC[C@@H](O)COCC2CC2)cc(OC)c1OC,-1.5667879581451416
guided,Cc1ccc(Nc2ncnc3c2C[CH-][N@@+]32CCO[C@@H]2CO[C@H](CO)[C@H](C)O)cc1,-0.38944607973098755
guided,CCC(=O)NC(=S)Nc1ccc2nsnc2c1,-1.823720097541809
guided,Cc1ccccc1CCC(=O)OCC(=O)c1c(N)n(C)c(=O)n(C)c1=O,-0.29803457856178284
guided,COc1cc(N2C(=O)C[C@@H](N3CCc4ccccc43)C2=O)cc(C(=O)O)c1O,-0.3396761417388916
guided,Cc1cccc(C(=O)c2ccccc2C(=O)O)c1O,-1.4736971855163574
guided,O=C(CCC(=O)Nc1ccccc1)N/N=C/C1CCCCC1,-1.934095025062561
guided,CCOCCCNC(=O)Nn1cnnc1,-0.9177973866462708
guided,Fc1ccccc1-c1nc2ccccc2o1,-7.979190826416016
guided,Cc1ccccc1CSCCNC(=O)CCNC(=O)Cn1cnc2[s+]c(C)c(C)c-2c1[O-],-0.6961591839790344
guided,C[CH-][c+]1[cH-][cH+][c-](CN2[C+]([O-])C3(C[CH+][CH+]CC3)[C+]([O-])[N-]C23O[C-]3[O-])[cH+][cH-]1.[C]1[CH+]OCCS1.[H+].[H+],-0.4344233572483063
guided,COc1ccccc1OC1CCN(C(=O)c2csnn2)CC1,-2.0291178226470947
guided,C[C@@H](Cc1cccs1)NC(=O)Nc1ccccc1,-5.3966965675354
guided,CCC[C@@H](CCC(=O)Nc1cccc(S(=O)(=O)NC2=NCCC2)c1)C(=O)O,-0.5719676613807678
guided,CCOP(#[O+])C#CC(C)(C)C.[H]/[O+]=C/c1ccc(N([O-])[O-])cc1,-1.331946849822998
guided,NNC(=O)CCCCCN1C(=O)C=CC1=O,-0.5250226259231567
guided,COCc1cc(CN2CCN(CO)C2)ccc1OC,-4.096965312957764
guided,CN(C)S(=O)(=O)c1cccc(NC(=O)c2cc(=O)[nH]c3ccccc23)c1,-0.39996829628944397
guided,CS[C]1[N][C](C)[CH][C](SC[C]([O])N[C]2[CH][CH][CH][C][C]2[O+][C]2[CH][CH][CH][CH][CH]2)[N]1,-1.9830437898635864
guided,N#Cc1c(NCc2ccco2)nc(-c2ccccc2)c2c1CCCC2,-3.7882044315338135
guided,[O][C](NN[C]1[CH][CH][CH][C](N([O-])[O-])[CH]1)[C+]1[CH][N][CH][C](Br)[CH]1,-0.5505849123001099
guided,COc1ccccc1NC(=O)N[C@@H](C)c1ccc(F)cc1,-4.262304306030273
guided,O=C(c1ccc2ccccc2c1)N1CCN(c2ccccn2)CC1,-5.893584251403809
guided,O=C(CCn1cnc2[s+]c(-c3ccccc3)cc-2c1[O-])NNC(=O)c1ccccc1Cl,-1.0795544385910034
guided,CO[c-]1[cH+][cH-][c+]2[c-]([O-])[c+](OC[C+]([O-])NCCC(C)C)[c+]([O-])o[c-]2[cH+]1,-0.28169578313827515
guided,CCOC(=O)CN1C(=O)C[C@@H](c2csc(-c3ccccc3)n2)C1=O,-1.1302244663238525
guided,O=C(NC[C@@H]1CCCO1)c1ccccc1-c1ccccc1,-5.686467170715332
guided,O=C(c1ccccc1F)N1N=C(c2ccc(F)cc2)C[C@@H]1c1ccco1,-5.525827884674072
guided,COC(C[C@@H]1O[C@H]1[C@H](O)COCc1ccccc1)OC,-2.3034958839416504
guided,COc1ccc(N2CCN([C-]3C[S+]=C4[N-]n5c(nc6ccccc6c5=O)[S@@+]4O3)CC2)cc1,-1.1352989673614502
guided,CN(C(=O)COC(=O)c1ccc2ccccc2c1)c1ccccc1,-4.716947555541992
guided,O=C1C[C@H](c2cccs2)CC(O)=C1/C=N/CCN1CCNCC1,-1.9994404315948486
guided,COc1ccc(S(=O)(=O)c2ccc(NC(=O)N3CCOCC3)cc2)cn1,-0.33713459968566895
guided,C[C@H](CO)Nc1nc(NCc2ccccc2)n2c(SCC(N)=O)nnc2n1,-0.2839379608631134
guided,CCC[C@H](O)CNc1cc(C)nc2ccccc12,-4.621391773223877
guided,O=c1c2cnn(-c3ccc(F)cc3)c2ncn1Nc1ccc(Cl)cc1,-2.4976391792297363
guided,COc1ccc(CCC(=O)Nc2ccc(C)cc2)cc1OC,-4.502828598022461
guided,OC[C@@H]1CCCN(Cc2cnn(Cc3ccccc3F)c2)C1,-4.837447643280029
guided,COc1ccccc1N1CCN(c2ccc(C)cc2)CC1,-9.814237594604492
guided,Fc1ccccc1CNc1ncnc2nc[nH]c12,-1.928317666053772
guided,CCN(CC)CCCNC(=O)CSc1nnnn1CCOC,-0.640011727809906
guided,CC(C)C[C][O-].CO[C]([O])[C]1[S+2][C](C(F)(F)F)[C]2CCCC[C]21,-4.115120887756348
guided,O=C(/C=C/Nc1ccc2c(c1)OCO2)c1ccco1,-2.6243417263031006
guided,COc1cccc(C(=O)Nc2cc(C)on2)c1,-2.0658440589904785
guided,[H+].[O-][C+](O)C[c-]1[cH+][cH-][c+](OCCC[N-][C+]([O-])[C+]([O-])[C][CH+][c+]2[cH-][cH+][c-]3[c+]([cH-]2)OCO3)[cH-][cH+]1,-0.30919066071510315
guided,CC[C@H](C)NC(=O)N(c1ccccc1)C(C)(C)O,-3.524662971496582
guided,CC[S+2]#C[N-]C1=[S+]C(C(=O)N2CCCC2)=C/C1=[C-]\Nc1[c-]cccc1,-4.313965797424316
guided,NC(=O)C1(N2CCCCC2)CCN(CC(=O)Nc2ccc3ccccc3c2)CC1,-1.1380810737609863
guided,O=C(/C=C/c1ccco1)N(Cc1ccc(Cl)cc1)[C@H]1CCS(=O)(=O)C1,-2.1881322860717773
guided,CC(C)c1c(C(=O)N/N=C/c2ccccc2Cl)nnn1-c1nonc1N,-0.3966933488845825
guided,O=C(N/N=C/C1=C(N2CCOCC2)/C(=C/c2cccs2)CC1)c1cc2ccccc2cc1O,-2.8537750244140625
guided,Cc1nc2ccccn2c1C(=O)N1N=C(c2ccccc2)C[C@@H]1c1ccc([N+](=O)[O-])cc1,-1.9046099185943604
guided,COc1ccc(/C=C/C(=O)c2c(O)n(CCc3ccc(OC)c(OC)c3)c(=O)[nH]c2=O)cc1,-0.5015226006507874
guided,CCO[C]1[CH][CH][C](CC[CH][C]([O-])N(CCCC[C+]2[CH][CH][CH][CH][CH]2)[C]([O])[O-])[C](C)[CH]1,-1.3795440196990967
guided,N#CCc1nc2ccccc2n1CCCC(=O)c1ccc(F)cc1,-3.458399534225464
guided,NNC(=S)Nc1ccc(Oc2ccc(Cl)cc2)cc1,-3.0768728256225586
guided,COc1cc(C(=O)NN2C(=O)/C(=C/c3ccccc3OC)SC2=S)ccc1O,-0.9160099625587463
guided,COc1cc2c(cc1C=O)O[C@@H](C(=O)O)C=C2/N=N/c1ccc(OCc2ccccc2)cc1,-2.316530466079712
guided,O=C(c1ccc2c(c1)CCC2)N1CCC(Cc2ccccc2)CC1,-9.583940505981445
guided,Cn1c(=O)c2cc(S(=O)(=O)NCCC(=O)O)ccc2n(C)c1=O,-0.33055388927459717
guided,CN(C)[P@](C)(=S)Oc1ccc([N+](=O)[O-])cc1,-3.125020742416382
guided,NC(=O)c1sc2nc3c(c(-c4ccccc4)c2c1N)CCC3,-1.2408981323242188
guided,COCCNC(=S)N(CCc1c(C)[nH]c2ccccc12)Cc1cccnc1,-3.735473871231079
guided,CCOC(=O)/C(C#N)=C\c1ccc([N+](=O)[O-])cc1,-0.6028212904930115
guided,Cc1cc(O[C@@H](C)C(=O)N(C)c2nc3ccccc3n2C)c2c(C)cc(=O)oc2c1,-1.7614105939865112
guided,CNCC[C@@H](COc1ccccc1Cl)Cc1ccccc1,-9.3201322555542
guided,COc1ccc(CSc2nc3ccccc3n2CC(=O)Nc2cc(C)cc(C)c2)cc1,-5.233778953552246
guided,CC(C)(C)C(=O)N/N=C/c1ccnn1C1CCCCC1,-2.919832468032837
guided,CCOc1ccc(OCC(N)=O)cc1,-2.1924846172332764
guided,COc1ccc(NC(=O)CCc2nnc3ccc(N4CCC(C)CC4)nn23)cn1,-0.48620790243148804
guided,CCCN(C)NC(=O)[C@@H]1CCc2ccccc2C1,-6.214061737060547
guided,CCOc1ccc(CN2Cc3ccccc3C2=O)cc1C(=O)OC,-3.219482660293579
guided,CNC(=C\C(=O)c1cc(Cl)ccc1O)/C=C/c1ccccc1,-4.680350303649902
guided,CCCn1c(N)c(C(=O)Nc2sc(=S)n(C)c2C)c2nc3ccccc3nc21,-1.6783422231674194
guided,Cn1c(=O)c(COC(=O)c2ccco2)nc2ccccc21,-1.165145754814148
guided,CCCCOc1nncc2ccccc12,-6.01924467086792
guided,CCOCC(=O)n1nc(C)cc1C,-4.361231327056885
guided,C[N-][C+]([C-]([O-])N[C+]1[CH+][CH-][C+](F)[C-](F)[C+]1F)[C-]([C][N-2])[c+]1[cH+][cH+][c+]2[c-]([cH+]1)OCO2,-0.8531230092048645
guided,CN(C)S(=O)(=O)c1ccc(N2CCN(c3ccccc3)CC2)nc1,-2.6516833305358887
guided,CN/N=C/C(=O)n1nc(C)cc1/C=C(/C#CC(C)C)Oc1ccccc1,-2.0936572551727295
guided,Nc1ccc(N2CCN(Cc3ccco3)CC2)cc1,-4.122398853302002
guided,CCCn1c(CN2CCOCC2)nc2cc(NC(=O)NCCCO)ccc21,-0.44933992624282837
guided,CCCCCCOC(=O)Nc1cc(C(=O)O)ccc1C,-2.1018009185791016
guided,CCN(c1ccc(F)cc1)S1(=O)([O-])c2ccc(-c3ccc(=O)[nH]n3)[s+]21,-0.9034586548805237
guided,O=C(c1ccco1)N(Cc1cccs1)[C@H]1CCS(=O)(=O)C1,-1.792602777481079
guided,COc1ccc(C)cc1C(=O)NCC1(N2CCCCC2)CCCCC1,-5.674818992614746
guided,C/C(=N\NC(=O)COc1cccc2ccccc12)C(C)C,-3.9900588989257812
guided,COc1ccc2c(OCC(=O)O)cc(-c3ccco3)nc2c1,-1.1310839653015137
guided,CC(=O)c1ccc(N2CCN(C(=S)NC(=O)c3cccc([N+](=O)[O-])c3)CC2)cc1,-0.6553431153297424
guided,Cc1ccccc1-n1nnnc1/[S+]=c1/nc2ccccc2c([O-])n1CCCC(N)=O,-0.2579469680786133
guided,COc1cc(CC(=O)N2CCN(C(=O)[C@H]3COc4ccccc4O3)CC2)cc(OC)c1OC,-0.5719607472419739
guided,O=C(COC(=O)c1ccc(F)cc1)c1ccc(S(=O)(=O)N2CCOCC2)cc1,-0.5464375019073486
guided,CC[C@@H]1CCCCN1C(=S)Nc1ccc(C)c(S(=O)(=O)N2CCCCCC2)c1,-4.781359672546387
guided,Cc1ccc(NC(=S)NC(=O)c2ccc([N+](=O)[O-])cc2)c(O)c1,-0.7322126030921936
guided,C[C@H]1C=CC=C/C1=N\NC(=O)C(=O)Nc1ccc(F)cc1,-1.5348674058914185
guided,CCC(=O)NC(=S)Nc1ccc(NC(=O)COc2ccc([N+](=O)[O-])cc2)cc1,-0.7067088484764099
guided,O=C(CCN1CCCCCC1)NC1(C(=O)Nc2ccccc2F)CCCCC1,-3.1995344161987305
guided,CC(=O)c1c(C)oc2ccc(NS(=O)(=O)c3cccc4nsnc34)cc12,-1.1888298988342285
guided,CN(CCOCc1ccccc1)Cc1ccccc1,-10.539654731750488
guided,COc1ccc(NC[C@@H](O)Cn2cnc3c2c(=O)n(C)c(=O)n3C)cc1,-0.2751031219959259
guided,COc1ccc(C(=O)N2CCN(C(=O)c3ccco3)CC2)cc1,-2.07446026802063
guided,CCN(CC)CCCNC(=O)CCCCCN1CCCC1=O,-3.4028148651123047
guided,NCCC(=O)Nc1ccccc1N,-0.7827227115631104
guided,COCc1cc(C)[n+]([O-])c2c1C(=O)CCC2,-3.18241810798645
guided,COC[C@H]1CCC[C@@H]1OS(N)(=O)=O,-1.0436524152755737
guided,CO[C]1[CH][CH][C](C(NC(C)CC[C+]2[CH][CH][CH]O2)[C]2[CH][CH][CH][CH][CH]2)[C](N([O-])[O-])[CH]1,-1.5722734928131104
guided,Cc1cc(Cl)ccc1C(=O)[C@H]1CCCN(C(=O)c2csnn2)C1,-2.6692492961883545
guided,NC(=O)N[C@]12C[C@H]3C[C@H](C[C@H](C3)C1)C2,-3.0881381034851074
guided,CN(CC[C@@H](C(N)=O)c1cccc2ccccc12)Cc1ccccc1,-4.91642427444458
guided,CCC(=O)N1CCC(Oc2ccc(F)c(CCC(=O)Nc3nccs3)c2)CC1,-2.1606788635253906
guided,COc1ccc(C)cc1NC(=O)N[C@H](C)C(=O)O,-0.5738383531570435
guided,COCCN(CCOC)C(=O)CSc1nc2ccccc2o1,-1.934108853340149
guided,COc1cc(Nc2nc3ccccc3nc2NS(=O)(=O)c2ccc(N(C)C)cc2)cc(OC)c1,-1.5128960609436035
guided,CCCNS(=O)(=O)c1ccc(OCC(=O)N2CCN(Cc3ccc([N+](=O)[O-])cc3)CC2)cc1,-0.4126356542110443
guided,COCCCNC(=O)CN1C(=O)c2ccccc2C1=O,-1.05869460105896
guided,O=c1c2ccccc2nc(SCc2c(F)cccc2F)n1CCO,-3.265428304672241
guided,C[c+]1[c-]([C+]2[CH+][CH-][C+]([C-]([O-])O)[CH-][CH+]2)[cH+][c-](C)n1-[c-]1[cH+][cH-][cH+][cH-][c+]1[C-]([O-])O.[H+],-0.4398474395275116
guided,CCCCN(C)c1cc(C)nc2ccccc12,-10.01373291015625
guided,CCCc1nnc(NC(=O)Cc2cccs2)s1,-3.2610459327697754
guided,COCCNC(=S)N1CCc2cc(OC)c(OC)cc2[C@H]1c1ccc(C)s1,-5.156944751739502
guided,CO/N=C/c1cn[nH]c1-c1cc2ccc(O)cc2o1,-0.9490839838981628
guided,Cc1ccc(OC[C@@H](O)CN2CCN(c3ccccn3)CC2)c(C(C)C)c1,-4.047057628631592
guided,CCCCN(CCC)CCNC(=O)CN1C(=O)C[S+]=C2C=CC(=[S@@](=O)([O-])N3CCOCC3)C=C21,-0.47992995381355286
guided,CC[C@H](C)c1ccc(N2CCN(CCNC(=O)Nc3cc(OC)cc(OC)c3)CC2)cc1,-2.898437976837158
guided,C/[S+]=C1\C=CC=C\C1=C(/[O-])OCC(=O)Nc1ccc(N2CCOCC2)cc1,-1.1756634712219238
guided,COc1cc(/C=C2/C(=O)N(C)C(=S)N2C)ccc1OC(=O)c1ccco1,-1.5350596904754639
guided,CCCCCn1c(=O)[nH]c2c(c1=O)CCC2,-3.0264837741851807
guided,CCCCN(Cc1cc2cc(OC)ccc2[nH]c1=O)C(=O)c1ccccn1,-1.7035608291625977
guided,Fc1ccc(NC(=S)N2CCCC2)c(F)c1,-9.833677291870117
guided,CCOc1cccc([C@H]2NC(=O)c3ccccc3O2)c1,-4.16732120513916
guided,COc1ccc(Cn2nnnc2[C@@H](c2cc3ccc(OC)cc3[nH]c2=O)N2CCN(c3ccc(OC)cc3)CC2)cc1,-1.0092341899871826
guided,NCCC(=O)N[C@@H](Cc1c[nH]c2ccc(O)cc12)C(=O)O,-0.39395904541015625
guided,CNCCN(C)Cc1c(-c2csc(CCCc3cccc4ccccc34)c2)n[nH]c1C,-6.598357200622559
guided,CCOC(=O)CN1C(=O)C[C@H](c2ccccc2)C1=O,-1.9871290922164917
guided,COc1cc(NC(=O)c2nnn(-c3ccccc3C)c2N)c(OC)cc1Cl,-0.7657119035720825
guided,CC(C)CCS(=O)(=O)N1CCc2ccccc2C1,-5.508291721343994
guided,COc1ccccc1-c1nnc(SCC(=O)N2CCOCC2)n1Cc1ccccc1,-1.8740206956863403
guided,Cc1ccc(/N=N/c2ccccc2NC(=O)Nc2ccc(C(=O)O)cc2C)cc1,-3.4696617126464844
guided,CC(=O)Nc1cc(C)cc(C(=O)OCC(=O)Nc2ccccc2C(C)=O)c1,-0.737995982170105
guided,CC1=CC(C)(C)Nc2ccc(OC(=O)c3nc(Cl)ccc3Cl)cc21,-5.495221138000488
guided,[CH2+]CC(C)(C)[C-]([O-])CS[C-]1[N-][N-][C+](C([C+]2[CH+][CH-][CH+][CH-][CH+]2)N(C)C)N1CCCC,-3.9415926933288574
guided,CCC[S+](N[S+2]([O-])([O-])[C-]1[CH-][CH+][CH-][C+]([C+](N)[O-])[CH-]1)[c+]1[cH-][cH+][cH-][cH+][cH-]1,-0.3574448823928833
guided,COCCNC(=S)N(CCN(C)C)Cc1cc2cc3c(cc2[nH]c1=O)OCO3,-0.8296012282371521
guided,CC[C@H](OC(=O)CCC(=O)Nc1ccccc1)C(=O)N[C@@H]1CCCC[C@@H]1CCc1ccccc1,-2.629258155822754
guided,C=CCSc1nnc(NC(=O)c2cc3ccccc3o2)s1,-2.4977900981903076
guided,O=[N+]([O-])c1cc([N+](=O)[O-])c(N2CCNCC2)c([N+](=O)[O-])c1,-0.44706112146377563
guided,CC(C)CCN(CC(C)C)c1nc(N)c2c(N)nc(OCCc3cccs3)cc2c1C#N,-2.1395263671875
guided,C[C@@H](C(=O)O)N1C(=O)c2ccccc2C1=O,-1.1799099445343018
guided,CC1(C)OC[C@H](Cn2ccnc2-c2ccccc2)O1,-5.726055145263672
guided,CCCCCc1nc2[nH]nc(SCC(=O)NC3CCCCC3)c2c(=O)n1CC#Cc1ccccc1,-1.8354275226593018
guided,O=C(C/[S+]=c1/nc2c(cnn2-c2ccc(F)cc2)c([O-])[nH]1)NCc1ccc(C(=O)O)cc1,-0.3264353275299072
guided,COc1cc2c(cc1OC)[C@@H](N1Cc3ccccc3C1=O)CC2=O,-3.190579652786255
guided,O=[N+]([O-])CCNc1nc2c(ccc3ccccc32)[nH]1,-0.8919496536254883
guided,N/C=N\N=C(N)\C=C\C=C1/[OH+][OH+]C([O-])=C2C=CC=C[C-]21,-0.5320579409599304
guided,Cc1cccc(-n2c(Cc3ccccc3)nnc2SCC(=O)N(C)C)c1C,-4.145601749420166
guided,COc1ccc(CCNc2nc(C)c(C(C)=O)s2)cc1OC,-2.912914514541626
guided,C[N-][C+]([S-])N[C+]([O-])CS[C+]1[N-][N-][C-](CN[C+]([O-])[C+]2[CH+][CH+][CH-][CH+][CH-]2)N1[c+]1[cH-][cH+][c-](OC)[cH+][cH-]1,-0.3745442032814026
guided,Cc1nn(Cc2ccccc2)c(Cl)c1/C=N/NC(=O)c1cccnc1,-1.7611666917800903
guided,CNC(=O)c1cc2ccccc2n2c(=O)c3cc(C)ccc3nc12,-2.2671239376068115
guided,Cc1nc(N[C@H](C)C/C=C/c2ccccc2)[nH]c(=O)c1[C@H](C)c1ccccc1,-4.645144939422607
guided,Cc1ccc(OC[C@H](O)CN2CCC(C)CC2)c(C(=O)c2ccccc2)c1,-4.3226447105407715
guided,COCC1CCN(Cc2nc(CC3CC3)no2)CC1,-3.4265944957733154
guided,O=C1C[C@@H](Nc2ccc(N3CCCCC3)cc2)C(=O)N1Cc1cccs1,-3.835602283477783
guided,C/C=N\c1cc2c3c(c1)C(C)(C)C(=O)N3CCC2,-6.548469066619873
guided,COc1nnnn1C,-3.338226556777954
guided,OC1(c2cccc(C(F)(F)F)c2)CCN(CCN2CCCCC2)CC1,-7.88381814956665
guided,CCCC[C@H](C(=O)O)[C@H](C)c1cncc(C)c1C(=O)NCCC(C)C,-2.194305658340454
guided,O=C(O)c1cccnc1SCc1cn2ccccc2n1,-1.9953557252883911
guided,O=C(CCNC(=O)c1ccc(NC(=O)c2ccccc2)cc1)Nc1c(F)cc(F)cc1Br,-2.2218105792999268
guided,CO[c+]1[cH-][c+]([CH-][N-]O[C+]([O-])[CH+]CCC[C+](C)[C-]([O-])O)[cH-][cH+][c-]1OC.[H+],-0.39788734912872314
guided,O=[N+]([O-])c1ccc(N(CCc2ccccc2)Cc2ccccc2)c2ccncc12,-4.742608547210693
guided,CCCC[C@@H](c1nnnn1C1CCCC1)N1CCN(Cc2ccccc2)CC1,-4.4792680740356445
guided,CO[C]1[CH][CH][CH][CH][C]1[C]([O])NN1[CH][N][C-]2S[C]([NH+][C]3[CH][CH][C][CH][CH]3)[S+][C]2[C]1[O-].[H+],-0.5450985431671143
guided,NC(=O)COC(=O)CNC(=O)c1cccc2ccccc12,-0.28982096910476685
guided,COc1ccc(C(=O)c2cc(C)c3ccccc3n2)cc1,-5.8173956871032715
guided,CCOc1ccc(OCC)c(NC(=O)CCN2CCOCC2)c1,-2.424893856048584
guided,CN1CC[CH][C](N([O-])[O-])[C+]([N]O)CC1,-0.6736685037612915
guided,[CH][CH+]n1[c+]2[c-]([c+]([N-]O)[c-]1[C]N1CCCCC1)[CH+][CH-][CH+][C]2,-5.023536205291748
guided,CCNC(=O)NC(=O)CSc1ccc2cc(C)ccc2n1,-1.5964897871017456
guided,C[C]1[CH][CH][CH][C](C[N][C]([O-])[C]2N[C]3[CH][CH][CH][CH][C]3[C]2C[C-][CH+]C[C]2[CH][CH][CH][CH][CH]2)[CH]1,-4.236584186553955
guided,CC[C@H](C(=O)NC1CCCC1)n1c(C)c2cnn(-c3ccccc3)c(=O)c2c1C,-2.4651362895965576
guided,COc1cc2c(cc1OC)[C@H](C)N(C(=O)c1cncs1)CC2,-3.6468665599823
guided,COCCOC(=O)c1c(C)oc2ccc(OCC(=O)Nc3ccc(C(=O)N4CCOCC4)cc3)cc12,-0.7542150020599365
guided,[O-]N([O-])[C+]([CH+][CH-][c+]1[cH-][cH+][c-](-[c+]2[n-][c+]3[cH-][cH+][cH-][cH+][c-]3s2)o1)[C+]([S-])N1CCCCC1,-2.2817869186401367
guided,Cc1cccc(C)c1OCC(=O)NNC(=S)NC(=O)c1ccco1,-0.3986467719078064
guided,O=[S@H](N(Cc1ccco1)NC(=S)Nc1ccc(Cl)cc1)=[N+](Cc1ccco1)C[C-]([O-])Nc1ccccc1.[H+],-1.4497569799423218
guided,COc1ncc(C(=O)c2ccc(C)cc2)cc1N,-2.0059621334075928
guided,COC1=CC=C/C(=C/[C@H](O)CNC(=O)c2sccc2C)[CH-]1.[H+],-2.797408103942871
guided,Nc1cccc(Sc2nc(N)cc(N)n2)c1,-0.374301016330719
guided,[H]/N=C1C(=C\c2ccccc2)\N=C(SCc2ccc(OC)c(OC)c2)N\1Cc1ccccc1,-5.380561351776123
guided,Cc1cc(NC(=O)C2CC2)ncc1NC(=O)c1ccccc1,-1.814332127571106
guided,COCCCNS(=O)(=O)c1ccc(NC(=S)Nc2cccc([N+](=O)[O-])c2)cc1,-0.690229058265686
guided,Cn1c(=O)c2c(ncn2Cc2ccc3c(c2)OCO3)n(C)c1=O,-0.8036287426948547
guided,CN1C(=O)N(C)C(=O)C2(Cc3ccccc3N3CCN(c4cccc(C(F)(F)F)c4)C[C@@H]32)C1=O,-2.397041082382202
guided,[CH2-][C@H](/[S+]=c1\nn[c-](-c2ccccc2)c(=O)[nH]1)C(=O)O.[H+],-0.35965871810913086
guided,O=C(/C=C/c1ccc(F)cc1)N[C@@H](Cc1ccc(O)cc1)C(=O)O,-0.78459632396698
guided,C=C1[CH-]C=CS1.O=C(/N=c1/cc[c-]2c(c1)oc(=O)c1ccccc12)C(=O)Nc1ccc(OCCCN2CCOCC2)cc1.[H+].[H+],-2.2281949520111084
guided,CCC(O[C]1[CH][CH][C](C)[CH][C]1N([O-])[O-])[C+]([O])OC[C]([O])N(CC)C(C)C,-0.9741358757019043
guided,[N-2][C]CS[C+]1[N-][N-][C-]([C+]2[C][CH-][CH+][CH-][CH+]2)N1C1CCCCC1,-4.6016082763671875
guided,CCOc1ccc(NC(=O)N2CCCCC2)c(C)c1,-5.301432132720947
guided,COc1ccc(N2C(=O)C[C@H](NCCNc3ncnc4sc(C)c(C)c34)C2=O)cc1,-0.6060216426849365
guided,CC(=O)OCC1=C(C(=O)O)N2C(=O)[C@@H](NC(=O)c3ccco3)[C@H]2SC1,-0.37729811668395996
guided,Cc1ccc(C(N)=O)c(N[C@@H](C)c2ccccc2)c1,-3.4651520252227783
guided,C[C@H](OC(=O)CN1C(=O)c2ccccc2C1=O)C(=O)Nc1nnc(C2CC2)s1,-0.3453111946582794
guided,CCOc1ccc(N(CC(=O)Nc2ccccc2C(=O)O)S(=O)(=O)c2c(C)nn(C)c2C)cc1,-0.7114497423171997
guided,CC[C@H](CC(=O)O)CC(=O)Nc1ccc(C)cc1[N+](=O)[O-],-0.7411036491394043
guided,COCCCNC(=O)c1cc(-c2ccc(OC)cc2)on1,-1.2890236377716064
guided,[CH2-][C@@H]1CN(C)C[C@@H]1c1c#[n+]cc(C)c1,-8.985825538635254
guided,COc1ccccc1NC(=S)NNC(=O)C1=CSCCC1,-2.3298099040985107
guided,COCCn1cc(-c2csc(N)n2)c2ccccc21,-3.4420483112335205
guided,CCOc1ccc(CC(=O)NCc2ccccc2)cc1OC,-4.155451774597168
guided,O=c1[nH]c2ccc(OCCO)cc2c(-c2ccccc2)c1CN1CCOCC1,-1.2834956645965576
guided,Cc1cc(NC(=O)Cc2cccs2)no1,-3.0330824851989746
guided,C/C(CC(=O)NNC(=O)C1=NNC(=O)C1)=N/Nc1ccccc1C,-0.3627082109451294
guided,Cn1nnnc1NCc1ccc(Cl)cc1,-2.910257577896118
guided,Cn1c(=O)c2cc(S(=O)(=O)NC3CCCCC3)ccc2n(C)c1=O,-0.42086857557296753
guided,COC(=O)NCc1ccc([C@H]2Nc3ccccc3C(=O)N2c2ccc(C(C)(C)C)cc2)cc1,-3.9817254543304443
guided,Cn1c(=O)c2ccc(Cl)cc2n(CC(=O)NC[C@H]2CCCO2)c1=O,-0.6829053163528442
guided,CC(=O)/C(=N\Nc1ccccc1Cl)Sc1ccccc1,-6.081346035003662
guided,C[c+]1[c-](C)s[c+]2[n-][c+](C3CC3)[n-][c+](SC[C][C+](N[c-]3[cH+][cH-][cH+][cH-][cH+]3)[C-]([O-])[O-])[c-]12.[H+],-0.9801307916641235
guided,Cn1c(=O)/c(=C/c2ccccc2)[s+]c2cc/c(=C(\[O-])NC3CC3)cc21,-2.549898147583008
guided,[CH2-]C(C)(C)OC[c+]1[cH-]n(-[c+]2[cH-][cH+]s[c-]2-[c+]2[n-][n-][c-](OC)[c+]3[cH-][cH+][cH-][cH+][c+]23)[c+]2[cH-][cH+][cH-][cH+][c-]12,-6.420219898223877
guided,COc1ccc(-[c-]2nnc(CC(=O)O)cc2=O)cc1OC.[H+],-0.29899460077285767
guided,CCC[CH-]C[CH+]CCC(CC(C)C)[C-](O)[CH+]CC[CH-][CH+]C[CH-][C+](C)C.[H+],-14.119462966918945
guided,Cn1c(=O)[nH]c(=O)c2c1nc(N1CCCC1)n2CC(=O)N1CCCCC1,-0.3815879225730896
guided,O=C(CN(c1ccccc1)S(=O)(=O)c1ccccc1[N+](=O)[O-])Nc1ccc2c(c1)OCCO2,-0.8480238914489746
guided,C=CCN1C(=O)C[S+]=c2cc/c(=C(\[O-])NC3CCCCC3)cc21,-2.870128631591797
guided,CN(C)c1ccc(CNn2cnnc2)cc1,-4.007435321807861
guided,Cc1ccc(N(CN2C(=O)[C@@H]3[C@H](C2=O)[C@H]2C=C[C@@H]3C2)C(=O)CC(C)(C)C)cc1,-3.438995599746704
guided,CNCc1ccccc1Sc1cccc2ccccc12,-11.681255340576172
guided,CC1=NC(=C2C=CC(=[S@@](=O)([O-])N3CCCCCC3)C=C2)C=[S+]1,-3.1326980590820312
guided,COc1ccc2c(c1)SCC/C2=C\CN1C(=O)CCC1=O,-4.242682933807373
guided,Cc1cccc(C(=O)Oc2ccc3c(C)cc(=O)oc3c2)c1,-3.4846441745758057
guided,COc1cc(C(=O)Nn2cnnc2)ccc1OCCOCCOc1cccc(NC(C)=O)c1,-0.3829202651977539
guided,Cn1c(=O)c2c(nc(CN3CCN(c4ccccc4F)CC3)n2CCN2CCOCC2)n(C)c1=O,-0.7220156788825989
guided,O=C(Nc1cccnc1)C(O)(O)c1cc(Br)ccc1O,-0.3221360743045807
guided,CN(Cc1ccc(F)cc1)c1nc(-c2cccnc2)nc2ccccc12,-5.939698696136475
guided,CC(=O)c1ccc(NC(=S)NNc2nc(C)cc(C)n2)cc1,-1.2193900346755981
guided,CCO[C+]([O-])[CH-]CC(F)[C-]1[CH+][CH-][CH+][C+](N[C-]([O-])C2CCN(C[c+]3[n-][c+]4[n-][c-](C)[cH+][c+](C)n4[n-]3)CC2)[CH+]1,-0.3675439655780792
guided,N#C/C(=C/C=C/c1ccccc1)[C@@H](NC(=O)[C@@H]1CCC(=O)N(Cc2ccccc2)C1)c1cc(F)cc(C(F)(F)F)c1,-5.114161491394043
guided,C[N+]1(C)[CH+][C-]2[NH2+][C+]3[C][CH-][CH+][CH-][C+]3[C-]([O-])N2CCC1.[H+],-4.59749174118042
guided,CCCC(=O)Nc1ccnc2cc(Cl)ccc12,-5.3536248207092285
guided,NS(=O)(=O)c1cccc(NC(=O)C2(CC(=O)O)CCCCC2)c1,-0.3950517475605011
guided,Cc1ccc(/C=N\NC(=O)c2ccccc2[N+](=O)[O-])o1,-0.5367357730865479
guided,O=C(c1ccc(OC[C@H](O)CN2CCN(c3ccccn3)CC2)cc1)c1cccnc1,-0.960898220539093
guided,O=CN1CCN(C(=O)[C@@H]2CC(=O)N(c3ccc(Cl)cc3)C2)CC1,-2.3019652366638184
guided,COc1ccc(/C=C2/SC(=S)N(C[C@H]3CC[C@@H](C(=O)O)CC3)C2=O)cc1,-2.6973750591278076
guided,CC(C)c1ccccc1N1C(=O)c2ccc(C(=O)OCC(=O)N(C)C)cc2C1=O,-1.0467491149902344
guided,S=C1CCCc2cc3c(cc2N1)c1ccccc1n3Cc1ccccc1,-11.89461612701416
guided,COc1ccc([C@H]2C(C#N)=C(N)N(N(C)C)C3=C2C(=O)CCC3)cc1OCC#N,-0.5157169699668884
guided,C/C(=N\N1CCN(c2ccccc2)CC1)c1ccncc1,-6.413645267486572
guided,CC[C-]1[N-][C][C+]([c+]2[cH+][c-](OC)[c+](OC)[cH+][c+]2[O-])[C+]([NH-])[C+]1[C][N-2],-0.8924367427825928
guided,CCc1ccc(OC(F)F)cc1N,-5.934162139892578
guided,O=C(c1ccc2ccccc2c1)[C@H]1CCCN(C2CCCCC2)C1,-10.287837028503418
guided,CC(=O)NC1=C/C(=C(/[O-])NCc2ccccc2)C=C/C1=[S+]\c1cccc2cccnc12,-1.2840635776519775
guided,CCc1ccccc1OCC(=O)OCC(=O)c1c(N)n(C)c(=O)n(C)c1=O,-0.2855243384838104
guided,CCOC(=O)Cc1cnc2[nH]c3[c-](C)c4ccccc4oc=3o[s@SP2+]12,-1.7741857767105103
guided,O=C(C1CCCCC1)N1CCC(c2nc3c(nnn3Cc3ccccc3)c(=O)[nH]2)CC1,-0.764654278755188
guided,CS(=O)(=O)N(Cc1ccccn1)Cc1ccccc1F,-3.556917190551758
guided,CCOC(=O)c1ccc(N(C(=O)CN2C(=O)c3ccccc3S2(=O)=O)[C@@H](C(=O)NC2CCCCC2)c2ccc(F)cc2)cc1,-1.7217658758163452
guided,COCCCNC1=[NH+]c2c(ccc3ccccc23)S2(=O)(c3ccc(N([O-])[O-])cc3)O[S@+]12,-0.3921354115009308
guided,Nc1c(Cl)ncnc1N1CCCC1,-2.9799323081970215
guided,CCOc1ccccc1NC(=O)CCc1ccc(C)o1,-3.9997479915618896
guided,COc1cc(OC)c2nc(C)cc(SCC(=O)N3CCOCC3)c2c1,-2.4623138904571533
guided,Cc1ccc(CNC[C@]23C[C@H]4C[C@H](C[C@H](C4)C2)C3)s1,-11.532012939453125
guided,CCOc1ccc(S(=O)(=O)NC(C)C)cc1C(C)C,-3.278215169906616
guided,CCOc1cc(C(=O)N(C)Cc2cnc3ccccc3c2)cc(OCC)c1OCC,-3.8327784538269043
guided,COCCNC(=S)N/N=C(\C)c1ccco1,-2.493868589401245
guided,COc1cccc(CCc2ccc(N3CCCCC3)c(N)c2)c1,-6.143399238586426
guided,COc1ccccc1/C=N/NC(=O)CO,-1.3836208581924438
guided,CC[C@H]1CCCCN1c1ccc2ncccc2c1,-10.195655822753906
guided,C[C@@H]1CN(Cc2nc3ccccc3c(=O)[nH]2)C[C@H](C)O1,-2.5101115703582764
guided,CCC[C@@H](O)c1[nH]c2ccccc2c1C(=O)OCC,-2.704881429672241
guided,COC(=O)/C=C/C(=O)Nc1ccc(OC(C)C)c(C)c1,-2.1134302616119385
guided,COc1ccc(OC(=O)N2CCOCC2)c2ccccc12,-3.9870402812957764
guided,N#C/C(=C\c1ccc[nH]1)S(=O)(=O)Cc1ccccc1,-1.4704163074493408
guided,Cn1cc([N+](=O)[O-])c(C(=O)Nc2ccc(S(=O)(=O)NCC3CC3)cc2)n1,-0.3372090458869934
guided,COC(=O)/C=C/C(=O)N1CCN(C2CCCC2)CC1,-3.585500955581665
guided,Nc1ccc(-c2ccc(COc3ccc(F)cc3)o2)cc1,-4.928708553314209
guided,Cc1ccc(-c2nc3ccccc3s2)cc1C(=O)NC(=S)Nc1cccc(NC(=O)c2cccs2)c1,-4.660312175750732
guided,CCOC(=O)[C@@H](c1ccnc2cc3c(cc12)CCC3)N1CCCCC1,-5.426758289337158
guided,CCc1c(C)[nH]c2c1C(=O)[C@@H](CN1CCOCC1)CC2,-4.256960868835449
guided,O=C(CNC(=O)c1ccco1)OCC(=O)c1ccccc1,-0.562055230140686
guided,CNn1c(C)nc2[s+]c3c(c-2c1[O-])CCC3,-3.1854593753814697
guided,CCC(=O)Oc1ccc([C@H]2CC(=O)N(Cc3ccc(C)cc3)C2=O)cc1,-2.635408639907837
guided,CCCCS(=O)(=O)N1CCC(Oc2ncc(C(F)(F)F)cc2Cl)CC1,-3.378814220428467
guided,COCCCNC(=O)c1cccc2ccccc12,-5.359281539916992
guided,CCn1nc(C(=O)N2CCCCC2)c2ccccc2c1=O,-2.9630255699157715
guided,CCC(=O)c1sc(CC(C)(C)C)cc1-n1cccc1,-9.681467056274414
guided,Cc1cc2c(cc1S(=O)(=O)CCC(=O)N(C)Cc1ccccc1)OCC(=O)N2,-0.45997047424316406
guided,CCOc1cccc(NC(=O)CCC(=O)N/N=C/c2ccccc2OC)c1,-0.8604844808578491
guided,[CH+]1[CH-][CH+][CH-][C-](O[N-][C+]2CCO[c+]3[c+](C4CCCCC4)[n-][cH-][cH+][c-]32)[CH-]1.[H+],-5.589986801147461
guided,COc1ccc(OC)c([C@@H](C)NC(=O)Nc2cccc(S(N)(=O)=O)c2)c1,-0.4468010663986206
guided,[CH2+][C+](C)CC[C-]([O-])OC(CC)[C-]([O-])NC(C[C+]1[CH+][CH-][CH+][CH-][CH+]1)[C+]([O-])O.[H+],-0.5516758561134338
guided,Cc1cc(=O)oc2cc(OCC(=O)Nc3c(C)n(C)n(-c4ccccc4)c3=O)ccc12,-0.6749092936515808
guided,CN1CCN(Cc2ccc3ccccc3c2)C[C@H]1CCO,-7.228915214538574
guided,COC[C@@H](C)NC(=O)c1[nH]c(C)c(C(C)=O)c1C,-1.4964267015457153
guided,O=C1CCN[C@H]1C1CCCCC1,-6.8265228271484375
guided,Cn1cccc1[P@@](=O)(c1ccccc1)c1cccc([N+](=O)[O-])c1,-2.108034610748291
guided,COCCNC(=O)c1ccc(CNC(=O)CN(c2ccccc2)S(C)(=O)=O)cc1,-0.2768607437610626
guided,C[C@@H]1CCC[C@@H](C)N1C[C@H](C)OC(=O)Cc1cccc2ccccc12,-8.078339576721191
guided,O=C(CN(c1ccc(F)cc1)S(=O)(=O)c1ccccc1)NCCN1CCOCC1,-0.8354003429412842
guided,CCOCCCNC(=O)CC[C@H](C(=O)O)n1nc(C)c2[s+]c3ccccc3c-2c1[O-],-0.6828123331069946
guided,CCOC(=O)[C@@H]1CCCN(Cc2nc3ccccc3c(=O)[nH]2)C1,-1.0882374048233032
guided,S=c1[nH]nc(COc2cccc(Cl)c2)n1Cc1ccccc1,-5.68719482421875
guided,CCOC(=O)Oc1cc(C)c(C(=O)OCC)cc1OC,-1.765213966369629
guided,COCCNc1nc(C#N)c2c(n1)CN(Cc1ccc3c(c1)OCO3)CC2,-0.40065979957580566
guided,[CH2-][c+]1n(C(C)(C)C)[c+]([O-])[n-][c-]2[n-][c+]3[c+](N)[n-][cH+][n-][c+]3n12,-0.296764075756073
guided,O=C(OCC(=O)c1cccs1)c1ccco1,-2.9258522987365723
guided,CNC(=S)NNC(=O)c1cccnc1,-1.8539278507232666
guided,NC(=S)NNC(=O)[C@@H]1CCCC[C@@H]1C(=O)O,-0.5070370435714722
guided,N[C]([N]O[C]([O])N[C]1[CH][CH][C](N([O-])[O-])[CH][CH]1)[C+]1[CH][CH][CH][CH][CH]1,-0.5215215086936951
guided,C[C@@H](Oc1ccc(Cl)cc1C(C)(C)C)C(=O)N1CCN(C(=O)c2ccco2)CC1,-3.1303775310516357
guided,Cc1ccc(NC(=S)N(CCN(C)C)Cc2cccs2)cc1,-9.566971778869629
guided,CO[c-]1[cH+][cH-][cH+][cH-][c+]1[C-]([O-])NN[C+]([O-])[C+]1[CH+][C-]2[C+](C[CH-]N2C)N1C,-0.5414843559265137
guided,O=C(NCCc1cccc2cccnc12)/C(=C\c1ccccc1)NC(=O)c1ccccc1,-2.7099597454071045
guided,CCN(CC)CCOC(=O)c1cccc(Br)c1,-7.016724586486816
guided,COc1ccc(COc2ccc(Cc3nnn[nH]3)cc2)cc1,-1.4523038864135742
guided,COc1ccnc(CSc2nc3ccccc3c3nc4ccccc4n23)c1,-4.80239200592041
guided,N#C/C(=N\Nc1ccccc1OC(F)F)c1ccc(F)cc1,-3.5567235946655273
guided,NC(N)=N/N=C/C1CCCCC1,-1.256697416305542
guided,CC[C@@H](C(=O)NC[C@@H]1CCCO1)N(CC(=O)Nc1c(C)nn(CCO)c1C)C(=O)c1ccc(Cl)nn1,-0.3656739294528961
guided,Fc1cccc(N[C@@H](N/C=C/c2cccnc2)SCCc2ccccc2)c1,-7.389086723327637
guided,CCn1c(SCC(=O)NC2CCCCC2)nnc1-c1ccncc1,-1.6723332405090332
guided,CCN(Cc1c(C(=O)NC2CC2)nc2ccccn12)c1ccccc1,-4.054821014404297
guided,NN1CCCc2cc3ccccc3cc21,-6.854560852050781
guided,COC(=O)c1nn(Cc2ccccc2)c(Sc2ccccc2)c1/C=N/O,-1.863067626953125
guided,CO[c-]1[c+]([C+]([O-])NCC2CCCO2)[cH-][n-][c+]1-[c+]1[c-](F)[cH+][cH-][cH+][c-]1Cl,-1.7479561567306519
guided,O=C(O)CS(=O)(=O)c1ccc(S(=O)(=O)N2CCc3ccccc3C2)cc1,-0.32144907116889954
guided,O=C1c2ccccc2C(=O)c2c1cccc2N1CCCC1,-5.714587211608887
guided,NC(=O)c1cc([N+](=O)[O-])ccc1NCCN1CCOCC1,-0.33748167753219604
guided,CN(C(=O)c1cc2c(Cl)nc3ccccc3c2s1)c1ccccc1,-8.228086471557617
guided,N[C]([N]N([O-])[O-])[C+]1[CH][C](OCC(F)(F)F)[CH][CH][C]1OCC(F)(F)F,-0.580011785030365
guided,CCOC(=O)N1CCN(C(=S)NC(=O)c2ccccc2C)CC1,-2.239788293838501
guided,C[CH-]N1[CH+][CH+]N([C-]([O-])[CH+][CH+][C-](C)[N-]N2C(C)CCCC2C)CC1.[H+].[H+].[H+],-4.447984218597412
guided,CNC(=S)Nc1ccccc1-n1cc(/C=N/Cc2ccco2)c2ccccc21,-4.592145919799805
guided,COc1cc2[nH]c(=O)n(Cc3ccc(C(=O)NCCCC(=O)NCCCn4cncn4)cc3)c(=O)c2cc1OC,-0.24770021438598633
guided,COc1cc(/C=N\NC(=O)c2sc3ccccc3c2Cl)ccc1N1CCC[C@H]1C,-5.184502601623535
guided,CC(C)Nc1nnc(S[C@H](C)C(=O)Nc2ccccn2)s1,-1.2353965044021606
guided,COc1ccc(C(=O)NC2CC2)cc1OC1CCN(Cc2cnn(C)c2C)CC1,-1.8565614223480225
guided,CCCN1CCN(CCCNC(=O)c2ccc(N3CCOCC3)cc2)CC1,-3.771420478820801
guided,COC(CC1=C(c2ccc(F)cc2)C(=O)c2ccccc21)OC,-6.566192150115967
guided,CO[C@H]1CCCC[C@@H]1NCc1ccccc1,-8.486489295959473
guided,Cc1ccc(N(CC(=O)Nc2cc(C(F)(F)F)ccc2Cl)S(C)(=O)=O)cc1,-2.8766415119171143
guided,CCCc1nc2c([nH]1)[C@H](c1ccccc1Cl)c1ccccc1C2=O,-5.7329630851745605
guided,CCCn1cc(Sc2ccc(Cl)cc2)c(=O)n(CCOC)c1=O,-3.487583875656128
guided,CCC(CC)C(=O)Nc1ccc([S+]=C2C=CC(=[N+]([O-])[O-])C=C2)cc1,-1.556502103805542
guided,CCCC(=O)N1CCCc2ccccc21,-8.706452369689941
guided,CN1CCC(C(=O)c2cccc(NC(=O)c3ccccc3F)n2)CC1,-2.531850814819336
guided,COc1ccc([C@H](C(=O)NCc2ccncc2)c2ccccc2)cc1,-4.000612258911133
guided,CCOc1ccc2nc(-c3cccnc3)cc(C(=O)O[C@H](C)OC(C)C)c2c1,-2.9286348819732666
guided,Cc1oc(-c2cccs2)nc1CNCC[C@H](c1cccc2ccccc12)N(C)C,-7.218635082244873
guided,CC(N[C-]([O-])CC[C+]([O-])NCCC[C+]([O-])NCC[C]C[C+]1[CH+][CH+][CH-][CH+][CH-]1)[c+]1[cH-][cH+][c-]([C][N-2])[cH+][cH-]1,-0.45670583844184875
guided,NC(=O)Cc1nc2ccccc2n1CC(=O)c1ccc2c(c1)O[CH-]O2.[H+],-0.3570261597633362
guided,Cc1ccc2c(c1)Cc1c(NCc3ccc4c(c3)OCO4)nc(-c3ccccc3)nc1-2,-5.032498359680176
guided,Cc1ccccc1Nc1nc(C(N)=O)nc2ccccc12,-1.0877851247787476
guided,CN(C)Oc1ccc(Cl)cc1[N+](=O)[O-],-3.0563127994537354
guided,COc1ccc(NC(=S)NN2CCN(C)CC2)cc1,-4.824008941650391
guided,C[C@H](NC(=O)c1nc[nH]c1C(=O)N[C@H](Cc1ccccc1)C(=O)OC(C)(C)C)C(=O)OCc1ccccc1,-0.7756579518318176
guided,O=C(C[C@@H](NC(=O)c1ccco1)C(=O)O)OCC(=O)c1cccs1,-0.33560341596603394
guided,CC(=O)Nc1ccc(S(=O)(=O)Nc2nc(CN3CCOCC3)nc3sc4c(c23)CCCC4)cc1,-0.8196622729301453
guided,S=C(NCc1ccccc1)N1CCN(c2ccccn2)CC1,-6.366543292999268
guided,CCOc1cccc(OCCNC2CCCC2)c1,-6.8638176918029785
guided,CCOC(=O)[C@@H](OCC)OC[C@@H](OCc1ccc2c(c1)OCO2)[C@@H](OCC)C(=O)OCC,-0.5830684900283813
guided,[H]/N=c1\n(Cc2ccccc2)c2ccc(Cl)cc2n1Cc1ccccc1F,-7.611758232116699
guided,[CH2+]C[N-][S+2]([O-])([O-])[C-]1[CH+][CH-][CH+][C+](N[C+]([O-])CS[C-]2[N-][C+]3[CH+][CH-][CH+][CH-][C+]3[C-]([O-])N2CCCCCC)[CH+]1.[H+].[H+],-0.7431353330612183
guided,COc1cc2nccc(Oc3ccc(NC(C)=O)cc3)c2cc1OC,-2.470838785171509
guided,CCC[C@@H](C)NS(=O)(=O)c1ccc2ccccc2c1,-4.581982135772705
guided,N#C/C(=C\Nc1ccccc1)c1nnc2n1CCCCC2,-2.2129642963409424
guided,CCOc1cc(-c2c(N)n[nH]c2-c2cccs2)cc(OCC)c1OCC,-2.263052225112915
guided,CC1=C([O-])N(/[O+]=C/c2ccccc2)c2ccccc2N1[O-].[H+],-2.1775622367858887
guided,O=C(Cc1ccccc1Cl)N1CCN(c2ccccn2)CC1,-5.6494832038879395
guided,Cc1ccccc1NCCC(=O)Nc1ccc(F)cc1,-5.434479236602783
guided,COc1cc2c(cc1OC)[C@H](c1ccccc1)NCC2,-6.775890827178955
guided,NC(=S)N/N=C/c1coc2ccccc2c1=O,-0.7749167680740356
guided,CCOc1cc(NCCCNC(=O)CCn2ccnc2)c([N+](=O)[O-])cc1OC,-0.4448417127132416
guided,CCOC(=O)c1nsnc1NCCCl,-2.0717952251434326
guided,O=C(NC1CC1)[C@H]1CCCN1S(=O)(=O)c1cccc2nsnc12,-0.37502655386924744
guided,Cn1c(=O)c2c(nc(CN3CCc4ccccc4C3)n2CC(=O)c2ccccc2)n(C)c1=O,-0.7239250540733337
guided,CCOc1cc(NC(=O)C(C)C)c(OCC)cc1NC(=O)c1cccs1,-2.361546754837036
guided,Cc1nn(CCCC(=O)NNC(=O)c2ccccc2Cl)c(=O)c2nccn12,-0.30067020654678345
guided,O=S(=O)(c1ccc(Br)c2ccccc12)N1CCOCC1,-4.19506311416626
guided,CNC(=S)N(Cc1ccccc1)[C@@H]1CC(=O)N(c2ccc(F)cc2)C1=O,-3.3830173015594482
guided,CCNS(=O)(=O)c1ccc(C(=O)Nc2c(C)c(C)nn2-c2ccccc2)cc1,-0.8569724559783936
guided,CCC(CC)NC(=O)c1ccc(O)cc1,-3.8411951065063477
guided,CCCc1sccc1CCC(=O)O,-5.739104270935059
guided,N[C][CH+][C-]([CH+][N-][N-][C+]1[CH+]CC[c-]2[cH+][cH-][cH+][cH-][c+]21)C(O)([c-]1[cH+][cH-][cH+][cH-][cH+]1)[c-]1[cH+][cH-][cH+][cH-][cH+]1,-3.3766701221466064
guided,CC(=O)c1c(C(C)=O)c(C)n(Cc2ccc(C(C)C)cc2)c1C,-6.665628433227539
guided,COc1cc(C(=O)N(Cc2ccccc2)c2ccccn2)cc(OC)c1C(C)=O,-2.67661452293396
guided,Cc1onc(-c2ccccc2)c1-c1n[nH]c(=S)n1C,-2.888442039489746
guided,Cc1ccc(C2=[O+]Oc3c4ccccc4c([O-])n3C2)c(C)c1,-4.118102550506592
guided,COCCn1nnnc1[C@@H](N[C@@H](Cc1ccccc1)c1ccccc1)c1ccccn1,-1.5869150161743164
guided,CCn1c(COc2ccccc2Cl)nnc1SCCOc1cccc(C)c1C,-5.817151069641113
guided,O=C(NCCc1ccccc1)[C@@H]1CCCN(S(=O)(=O)c2ccccc2C(F)(F)F)C1,-2.4598207473754883
guided,Cc1cnc(=O)[nH]c1NC(=O)/C=C/c1ccccc1,-1.1441563367843628
guided,COCCCNCCCCOc1ccccc1[N+](=O)[O-],-1.4409868717193604
guided,O=C(Oc1ccc([N+](=O)[O-])cc1)c1cc2c(s1)CCCC2,-2.4549896717071533
guided,Cc1cc(C)c(C)c(C(=O)c2ccccc2C(=O)O)c1C,-3.9494266510009766
guided,S=c1[nH]ncn1NCc1ccccc1,-4.154670238494873
guided,CO[c-]1[cH+][cH-][c+]([CH-]N2CCCC2)[cH-][c+]1CCCN[C-]([O-])[C+]1[C+](C)[N-]O[C+]1C,-1.7462496757507324
guided,COc1ccc([C@H]2Nc3ccccc3C(=O)N2O)cc1OS(=O)(=O)c1cc(C)ccc1C,-1.3935885429382324
guided,Cc1nnc(Nc2ccc(N3CCOCC3)cc2)[nH]c1=O,-0.6862364411354065
guided,O=S1(=O)CCN(CCc2ccc(Oc3ccc(-n4cnnn4)cc3)cc2)CC1,-0.4618940055370331
guided,CN1C(=O)CC=[N+](C)C1=O.[O-]P(c1ccccc1)c1ccccc1,-1.9725046157836914
guided,COc1ccccc1C(=O)Nc1cccc(COCCC(C)C)c1,-5.212250232696533
guided,O=C1C=C(N/C(=C/c2ccncc2)c2ccccc2)C[C@@H](c2ccco2)C1,-4.55601167678833
guided,Cc1ccc(N(CCC(=O)N2CCN(c3ccccc3)CC2)S(=O)(=O)c2ccccc2)cc1C,-3.4805984497070312
guided,NC(=S)NNc1ccccc1C(=O)O,-0.6420696973800659
guided,CCCCCNC(=O)CN1C(c2ccccc2)=[C-]/C(=N/NC(=O)CCC)CS1(=O)=O.[H+],-0.5314615368843079
guided,COc1ccc(C(=O)Nc2ccc(Cl)cc2C(=O)N2CCOCC2)cc1,-2.0896849632263184
guided,CCCCCn1nc(C)c2c1c1ccccc1n1cnnc21,-4.636600494384766
guided,CCCOc1cc(C)c(S(=O)(=O)N2CCOCC2)cc1CC,-3.0461649894714355
guided,CNC(=S)N(Cc1cccnc1)C[C@@H]1CCS(=O)(=O)C1,-2.1424262523651123
guided,CCC(=O)Nc1ccc(S(=O)(=O)Nc2nccs2)cc1,-0.6651532053947449
guided,CC(=O)NCC(=O)OCC(=O)c1ccc2ccccc2c1,-1.2865185737609863
guided,Cc1cccc(N2CCN(CCc3ccccc3)CC2)c1C,-12.074060440063477
guided,C=CCc1ccc2oc(C(=O)OCC)cc(=O)c2c1O,-1.2314841747283936
guided,CCO[C-]1[CH+][C-](C(F)(F)F)[C+](C)[N-]C1[c+]1[cH-][cH+][cH-][c+](-n2[cH+][n-][n-][cH+]2)[n-]1,-1.9420006275177002
guided,O=S(=O)(c1ccc(F)cc1)N1CCN(Cc2ccc3c(c2)OCO3)CC1,-2.514188051223755
guided,CO[C@H](COC(=O)CNC(=O)COc1ccccc1)/N=C1\NN=C(c2ccccc2)CS1,-0.3570896089076996
guided,[CH2-]CCCC1=C=CC(CCC(=O)O)=C/C1=[NH+]\CCC#N,-1.3200528621673584
guided,COc1ccc(/C=C2/SC(=S)N(CCC(=O)N3CCCCC3)C2=O)cc1C,-4.371472358703613
guided,Nc1ccccc1Oc1nc2ccccc2nc1C(F)(F)F,-3.324042320251465
guided,O=C(/C=C/c1cn(-c2ccccc2)nc1-c1cccs1)c1cccnc1,-5.545436382293701
guided,CCN(CCCOc1ccc(OC)cc1)CCOP(=O)(O)O,-0.5480830669403076
guided,CC(=O)N[C@@H](Cc1ccccc1)C(C)=O,-3.9837594032287598
guided,CCOc1ccc(N(C(C)=O)c2nc(-c3cccnc3)cs2)cc1,-4.067872524261475
guided,COc1ccc(-c2nc(CN3CCN(c4ccccc4)CC3)c(C)o2)cc1O,-2.8956754207611084
guided,COn1[c-]2[nH]c3c(c/c(=C4\C=CC=[S+]4)n21)-c1ccccc1N=3,-3.8562233448028564
guided,CC[C@H](C)[C@H](NS(=O)(=O)/C=C/c1ccccc1)C(=O)N1CCCC1,-2.071378707885742
guided,CC[C@H]1CCCCN1c1nc(-n2[nH]c(=O)cc2C)nc2c1CCCC2,-2.205045700073242
guided,C[C]1NN[C]([O])[C]1C1[CH][CH][CH][C]2[C](C(C)(C)C)[CH][CH][CH]C2O[C]([O])[C]C1.[H+],-2.075958728790283
guided,O=[C-]Nc1ncccc1/[O+]=C/c1ccccc1,-3.2346363067626953
guided,CCOC(=O)COc1nc(OCC)nc(N2C[C@@H](C)O[C@@H](C)C2)n1,-0.4064093232154846
guided,O=C(C1=C(O)C(=O)N(CCN2CCOCC2)[C@@H]1c1cccc(Cl)c1)c1cc2ccccc2o1,-1.7052206993103027
guided,CC(=O)CS(=O)(=O)c1ccc(C)cn1,-2.0201220512390137
guided,COc1cc(OC)cc(-n2nc(C(=O)Nc3nccs3)c3ccccc3c2=O)c1,-0.7739755511283875
guided,C[C@@H](Nc1ccc(F)cc1)C(=O)Nc1cccc2ccccc12,-6.039559841156006
guided,CN(C)CC(=O)c1cn(CC(=O)NC2Cc3ccccc3C2)c2ccccc12,-3.1381680965423584
guided,CN1C[C@H](C(=O)O)Cc2c1ccc1ccccc21,-4.993913650512695
guided,CCOc1cc(/C=C(\C#N)C(=O)Nc2ccccc2Cl)ccc1OCc1ccccc1Cl,-5.061366081237793
guided,Cc1cc(OC(=O)c2cccnc2)ccc1C(C)C,-5.8505096435546875
guided,[H]/N=C1C(=C/c2ccc(OCc3ccccc3)c(OC)c2)/C(=O)N=C2SC(CC(=O)N3CCOCC3)=NN2/1,-0.8703354001045227
guided,CO[C]1[CH]C2([CH][CH][CH-]1)[C]1[C](N[C]([O])[C]3[CH][CH][CH]O3)[O+]12.[CH2-]N1[CH+][NH+][C]2[CH][CH][CH][CH][C]21.[O-2],-0.5055707693099976
guided,[CH2-]CN1CCC[C@@H](OC2=NC(=[S@H](=O)O)C=[N+]2c2ccccc2)C1,-1.8519619703292847
guided,COc1ccc2nc3c(cc2c1)CCC3,-8.27584171295166
guided,CC1[C-]2[CH+][C-](N([O-])[O-])[CH+][CH+][C+]2[N-][N-][C-]1[C+]1[CH+][N-][CH+][CH+][N-]1,-1.1416466236114502
guided,Cc1ccsc1C(=O)Nc1c(C)nn(C)c1C,-4.212532997131348
guided,CN(C)S(=O)(=O)c1ccc(C(=O)Nc2ccc3c(c2)OCCO3)cc1,-0.670280396938324
guided,CC(=O)c1cc(Cc2c(C)oc(C)c2C)cs1,-7.643032550811768
guided,Cc1ccc(-n2c(=O)c3sccc3n(CC(=O)NCc3ccco3)c2=O)cc1,-0.7340038418769836
guided,COc1ccc([C@@H](C(=O)NCc2ccco2)N(Cc2ccccc2)C(=O)CN(C)S(=O)(=O)c2c(C)ccc3nsnc23)cc1,-1.5943217277526855
guided,Cc1cccc2c1OC1=[NH+]CC[C@H](/N=C(\[O-])CCC(=O)O)C1=C2,-0.39120912551879883
guided,Fc1cccc(-c2nnc3ccc(N4CCCC4)nn23)c1,-4.2271552085876465
guided,CC[C@@H](C)C(=O)NNC(=O)c1cccnc1,-1.4121540784835815
guided,N[C-](N)NCCCC(N)[C+]([O-])O,-0.6354004740715027
guided,Cc1cc(C)n2nc(C(=O)N3CCCc4ccccc43)nc2n1,-2.2074499130249023
guided,Cc1cc(Cl)ccc1O[CH-]C(=O)NCCOc1cccnc1.[H+],-2.662858009338379
guided,CCOc1cccc2sc(N(CCCN(C)C)C(=O)c3ccc(S(=O)(=O)N(C)C)cc3)nc12,-1.3783847093582153
guided,Cc1nc(CCNC(=O)c2cnccn2)nc2c1CCCC2,-0.8589098453521729
guided,COc1cc([N+](=O)[O-])ccc1NC(=O)c1ccncc1,-0.49774885177612305
guided,COc1ccc(C(C)(C)C)cc1CC(=O)c1ccccc1Nc1ccccc1,-8.31616497039795
guided,CCCCCCOc1cc(C)c(OC)cc1OC,-7.959746360778809
guided,COc1cc(O)c2c(=O)cc(-c3ccc(N4CCOCC4)cc3)oc2c1C(=O)O,-0.6022086143493652
guided,[CH]CCOCCOCCOCCOCC[N-]C[c+]1[cH-][cH+][cH-][cH+][cH-]1,-3.7364392280578613
guided,Cc1ccc(-c2nc(C3CCN(S(=O)(=O)c4ccc(/C=C/C(=O)O)cc4)CC3)no2)cc1,-1.1712580919265747
guided,Cc1ccc(N2C(=O)[C@@H](CN(C)C)[C@@H]2c2ccccc2)cc1,-8.201047897338867
guided,CC(=O)Nc1c(Nc2ccccc2)c2ccccc2oc1=O,-2.013857126235962
guided,CCOCCc1cccc(NC(=O)CC)c1COC,-4.129823684692383
guided,CC(C)CN(CC(C)C)C(=O)C1CCCCC1,-9.40910530090332
guided,O=C([C@@H]1COc2ccccc2O1)N1CCN(c2ccccc2F)CC1,-4.687909126281738
guided,Cn1nc(Oc2nc(N3CCOCC3)nc(N3CCOCC3)n2)ccc1=O,-0.36162829399108887
guided,COCC1CCN(CC2=C(NC(=O)c3cc4ccccc4c(=O)o3)C(=O)N2c2ccccc2)CC1,-0.8909214735031128
guided,CCCCN(CCCC)Cc1ccc(C(=O)NN)o1,-1.594099998474121
guided,O=C(N/N=C/c1cccc(F)c1)C1CCN(Cc2cccnc2)CC1,-2.8216333389282227
guided,CN(Cc1cccnc1)Cc1cn[nH]c1-c1ccc(F)cc1,-4.732594966888428
guided,CN1CCC(OC(=O)COc2ccc(C(=O)/C=C/c3ccccc3)cc2)CC1,-3.5247879028320312
guided,CCC(=O)Nc1ccc(C)c(S(=O)(=O)NCc2ccncc2)c1,-0.6294090747833252
guided,COc1ccc(S(=O)(=O)c2c(N)n(Cc3ccccc3)c3nc4ccccc4nc23)cc1,-1.40036141872406
guided,CN(Cc1cccc2ccccc12)C(=O)Cn1nc(C(F)(F)F)c2c1CCC2,-6.354177951812744
guided,CO[c+]1[cH-][c+](O[C-]2N[C+]([C+]([O-])N3CCN([C+]([O-])[c+]4[cH-][cH+][cH-]o4)CC3)[CH-][C+]3OC45[CH+][CH-][C-](OC)C6C47C32C657)[cH-][cH+][c-]1OC,-0.30353835225105286
guided,O=c1cc(N2CCCCC2)[nH]c(=O)n1C1CCCCC1,-2.734530448913574
guided,C[CH+]CN(CC[CH-]C)c1ccc([N+](=O)[O-])cc1CO,-2.151512384414673
guided,C=[N+](CC/N=C(/[O-])CCC(=O)NCC(OC)OC)c1cc(OC)c(OC)c(OC)c1,-0.3465735912322998
guided,O=C(CN1CCCC[C@H]1CO)c1ccc(OC(F)F)cc1,-3.719210624694824
guided,C=[O+]C(=O)C1=C=CC2=NC(CCOC)=C([O-])NC2=C1,-0.7192959189414978
guided,C/C(=N\Nc1nc(NCc2ccco2)cc(-c2cccs2)n1)c1cccs1,-3.368879795074463
guided,Cc1cc(C)c(OCC(=O)N/N=C/c2cccc3ccccc23)c(C)c1,-4.633741855621338
guided,CC(=O)C1=C/C(=C(/[O-])c2ccccc2[N+](=O)[O-])C(N)=[S+]1,-0.36208245158195496
guided,COC(=O)c1cc([N+](=O)[O-])ccc1NC(C)C,-1.0058025121688843
guided,CC(=O)c1c(C)[nH]c(/C=N/Nc2nc3ccccc3s2)c1C,-2.4510958194732666
guided,CCO[C@@H](C)[C@H](NC(=O)C1CCN(C(=O)[C@H](NC(=O)OC(C)(C)C)C(C)(C)C)CC1)C(=O)N[C@@H](Cc1ccccc1)C(=O)O,-0.8530545830726624
guided,N#Cc1ccc(OC(=O)C2CCCCC2)cc1C#N,-1.6856977939605713
guided,Cc1ccccc1N/N=C(\C=N\c1ccccc1)c1ccccc1,-7.529176712036133
guided,CCOc1ccc(-c2cc(C(F)(F)F)n3ncc(C(=O)Nc4ccccc4F)c3n2)cc1,-3.6715168952941895
guided,[H+].[O-][c+]1[cH-][cH+][cH-][c+](N2CCN([c-]3[cH+][cH-][cH+][cH+][n-]3)CC2)o1,-2.630199909210205
guided,COC/C=C\C(=O)N/C(C)=C\c1cn(S(=O)(=O)N(C)C)c2ccccc12,-0.8277186751365662
guided,CCS[C@H](C)C1=NCCN1,-7.717765808105469
guided,CCOC(=O)Oc1ccc(C(=O)OC)cc1OC,-1.5169527530670166
guided,O=C(/C=C/c1cccc(NC(=O)c2ccccc2Cc2ccccc2)c1)c1ccccc1,-7.597548961639404
guided,Cc1ccc(Sc2cccc3c2NCC(CCC(=O)[O-])=[O+]3)cc1C,-2.593357563018799
guided,COc1ccc(C(=O)O)cc1OC1=NS(=O)(=O)c2ccccc21,-0.37513408064842224
guided,CCCc1cc(C)c(CCNC(=O)CN2C(=O)c3ccccc3S2(=O)=O)cc1C,-1.0228002071380615
guided,O=C1CCC(=O)N1c1ccc(N2CCOCC2)cc1,-3.4999537467956543
guided,O=C1O[C@H](N2CCOCC2)c2ccccc21,-5.016125202178955
guided,COc1ccc(Br)cc1-c1sccc1C,-12.140572547912598
guided,Cc1ccc(OCC(=O)Nc2cccc([N+](=O)[O-])c2)c(C(C)C)c1,-1.8430525064468384
guided,C=[O+][C-](NCCC)c1ccccc1NC(=S)N[C@@H](C)c1ccccc1,-4.827910900115967
guided,COc1ccccc1Nc1ccccc1NS(=O)(=O)c1ccc2c(c1)CCC2,-3.2699427604675293
guided,Cc1cc(NC(=O)C#Cc2ccccc2)cc2oc3cc(OC(C)C)ccc3c(=O)c12,-3.474477767944336
guided,CCOc1ccc(N2C(=O)[C@H]3CC(=O)N[C@H]3[C@@H]2c2ccccc2F)cc1,-2.8129403591156006
guided,CCC[S@@](#[O+])([O-])[N+]1=NC(c2ccccc2/N=C(/C)[O-])=C=C1,-0.7404671907424927
guided,S=C(NCCCN1CCOCC1)NCCCN1CCOCC1,-3.7120132446289062
guided,CN(C)C(=O)c1c(Nc2ccccc2)sc2c1CCC2,-6.924220085144043
guided,COc1cc2c(cc1/[S+]=N\OC(=O)c1ccc(C)cc1)COC2=O.O=N[O-],-0.9974797368049622
guided,Cc1cc(C(=O)N2N=C(c3ccc(F)cc3)C[C@@H]2c2cccs2)nn1C,-4.408977508544922
guided,CN1[C+](C[C+]2[CH+][CH-][CH+][c-]3[cH+][cH-][cH+][cH-][c+]32)[N-][N-][C-]1[S@+]1[C@@H]2C[C-]3[CH-][CH+][CH-]N3C[C@@H]21.[H+],-6.7253313064575195
guided,Cc1oc(-c2ccc(/C=C\C(=O)O)cc2)nc1CN(C)CCc1ccccc1,-3.1020944118499756
guided,Cc1cccc(N2CCN(C(=O)C/[S+]=c3\nc4c(c([O-])[nH]3)CCC4)CC2)c1C,-1.125757098197937
guided,CN1[CH-][C+](CN2[CH-]CCC([C+]([O-])[C+]3[CH+][CH-][CH+][C-](OC[c-]4[cH+][cH-][cH+][cH-][c+]4F)[CH+]3)C2)[CH-][N-]1,-3.7336580753326416
guided,Cc1nnc(OCC(=O)NCCc2c[nH]c3ccccc23)c2ccccc12,-1.3414901494979858
guided,Nc1ncc(Br)cc1S(=O)(=O)NCCC(=O)O,-0.4404205083847046
guided,Nn1c(Cc2ccc(Br)cc2)nc(-c2ccccc2)c1Cl,-5.587839603424072
guided,CCOc1ccc(NC(=S)N2CCCC2)cc1,-7.943350315093994
guided,CC(=O)/C(C#N)=C\C(=O)c1ccc(C)c([N+](=O)[O-])c1,-0.5638458132743835
guided,COCCN(C(=S)Nc1ccccc1OC)[C@H](C(=O)Nc1ccccc1OC)c1cccs1,-2.961212158203125
guided,CCCOC(=O)c1ccc(NC(=O)CCC)cc1,-3.3026914596557617
guided,[CH2-]N(C(=O)C/C=C1\C=C(OC)C(OCCCCC)=C[CH-]1)C1=[N+]=[O+]C(C)=C1,-2.8580265045166016
guided,COC(CN[C-]([O-])[C+]1[CH+][N-][c-]2[c+](C)[cH-][c+](C)[cH-][c+]21)OC,-1.711190104484558
guided,CC(=O)/C(C#N)=C/C=[C-]/[NH+]=C(\CCC=C(C)C)c1ccccc1,-3.2517127990722656
guided,CC[C@H]1[C@@H](C)C=C(O)C(=O)[C@@H]1Cc1ccccc1,-6.058314800262451
guided,C[C@@H](CN1CCOCC1)OC(=O)c1ccc(F)cc1,-5.08725643157959
guided,CCOc1ccc2ccccc2c1C(=O)N[C@H]1C(=O)N2[C@H]1SC(C)(C)[C@H]2C(=O)O,-0.5765315294265747
guided,CCOc1cc(NS(=O)(=O)c2ccc(OC)cc2)c2ccccc2c1,-2.941973924636841
guided,CN1CCN(c2ccc(C(F)(F)F)cc2NC(=O)c2ccccc2F)CC1,-6.418744087219238
guided,O=C(Nc1ccc(Cl)cc1C(=O)Nc1cccnc1)c1cc2ccccc2o1,-2.5173635482788086
guided,CCc1ccc(NC(=O)[C@@H](CC)Oc2ccc(Cl)cc2Cl)cc1,-7.399329662322998
guided,O=C(NCc1ccc(OC(F)(F)F)cc1)c1coc(=O)c(Br)c1,-2.1934823989868164
guided,CCOc1ccccc1N[C@@H](C)C(=O)Nc1cc(C(F)(F)F)ccc1N1CCOCC1,-3.358290433883667
guided,C[C-]([O-])[C+]1[C][CH+][CH-][CH+][C][CH+][CH-][CH+][C]C[C+]1N[c-]1[cH+][cH-][c+](F)[cH-][cH+]1,-6.2414727210998535
guided,Cc1cc(C)cc(N(CC(=O)N2CCc3ccccc3C2)S(=O)(=O)c2c(C)noc2C)c1,-1.4989053010940552
guided,[CH2-]n1[c+]([O-])[c+]2[cH-][cH+][cH-][cH+][c+]2[n-][c-]1CS[c-]1[cH+][cH-][c+]2[cH-][cH+][cH-][cH+][c+]2[n-]1,-3.479912519454956
guided,Cc1ccc2c(c1)N(CC(=O)OCC(=O)N(Cc1ccccc1)[C@H]1CCS(=O)(=O)C1)C(=O)CO2,-0.3354590833187103
guided,CCOc1ccc(N(C(=O)Nc2cccc3ccccc23)C(C)C)cc1,-7.2268385887146
guided,CN(CCO)c1nc2c(c(=O)n(Cc3cccc(F)c3)c(=O)n2C)n1C,-0.5612678527832031
guided,CCCOc1ccc(OC(=O)N(C)C)c2ccccc12,-5.852686882019043
guided,CCOC(=O)c1[nH]c(C)c(C(=O)NC2CCCCC2)c1C,-1.9092164039611816
guided,CC[C@@H](C)NC(=O)Nc1ccccc1C(=O)OC,-1.8979573249816895
guided,Cc1ccc(NC(=O)C/[S+]=C2/CCCC/C2=C(/[O-])O)cc1C,-1.4743003845214844
guided,Nc1nc(-c2ccc(-c3ccccc3)cc2O)cc(N2CCCC2)n1,-1.9108867645263672
guided,COc1ccc([N+](=O)[O-])cc1N[C@@H](C)C(=O)N/C=C\c1ccccn1,-0.5527932047843933
guided,O=[N+]([O-])c1cccc(-c2nc(N3CCCCCC3)c3ccccc3n2)c1,-2.8096280097961426
guided,CN1CCN(c2oc(-c3cccs3)nc2Sc2ccccc2)CC1,-7.254597187042236
guided,CC(=O)C1=C(C)/C(=C(\[O-])NC2CCCCC2)[S+]=C1NC(=O)c1cc(C)nc2ccccc12,-0.7626985907554626
guided,CC(=O)c1cccc(NS(=O)(=O)c2ccc(C(=O)NC[C@H](c3ccccc3)N3CCCCC3)cc2)c1,-1.937467336654663
guided,CC([O-])=C=[N+]=c1c(C#N)c2c3ccccc3n(-c3ccccc3)c2cn1-c1ccccc1,-2.0401346683502197
guided,COc1cc(N=C(N)N)c(N2CCCC2)cc1OC,-0.584105908870697
guided,CN1CCC(OC(=O)[C-](O)C(C)(C)C)CC1.[H+],-3.6655876636505127
guided,C[C@@H](NC(=O)c1ccccc1F)[C@@H](c1cccs1)N1CCN(C)CC1,-5.949337482452393
guided,[H]/[O+]=C1/C=CC2=C(C(=O)c3cccc(N([O-])[O-])c3)C(c3ccc(O)cc3)=[S+]C2=C1,-0.7955083250999451
guided,CCOc1ccccc1/N=N/c1ccccc1C(=O)O,-2.614924192428589
guided,CCCOc1nc(C)n(NC(=O)c2ccccc2F)c(=O)c1C,-1.3722397089004517
guided,CO[C]1[CH][CH][CH][CH][C]1[C]([O])NCC(C[C+]1[CH][CH][CH][CH][CH]1)[C]([O])NC[C]([O])N[N][CH][C]1[CH][CH][C](N([O-])[O-])[CH][CH]1,-0.6377221345901489
guided,CCOc1ccc(OCC)c(NC(=O)[C@H]2C[C@@H]3CC[C@H]2C3)c1,-4.753509998321533
guided,COc1ccc(N2CCN(CCCNC(=O)CCC(=O)Nc3cc(Cl)ccc3OC)CC2)cc1,-1.2853566408157349
guided,NNS(=O)(=O)c1ccc2cc(Br)ccc2c1,-1.405285120010376
guided,Cc1ccc(/C=N/NC(=O)c2ccn[nH]2)cc1CN1C(=O)c2ccccc2C1=O,-0.49003493785858154
guided,O=C(COC(=O)[C@@H](O)[C@H](O)C(=O)c1ccccc1C(=O)c1cccc([N+](=O)[O-])c1)c1ccc(C(F)(F)F)cc1,-0.8973807096481323
guided,CCOCCN1CCN(C(=O)/C=C\c2ccc(OC)cc2)CC1,-4.5931501388549805
guided,CN(CC(=O)Nc1sc2c(c1C#N)CCC2)C(=O)c1cc(=O)[nH]c2ccccc12,-0.612628161907196
guided,[CH2+][CH-][CH+]n1[c+]([O-])[c-]2[cH+][cH-][cH+][cH-][c+]2[c+]([O-])n1[CH+][C+]([O-])[N-][C-](CC)CCC.[H+].[H+],-0.63232421875
guided,C/[C-]=[N+](\C)NC(/N=c1/cc(C)nc2cccc[c-]12)=[S+]/Cc1ccccc1,-5.051549434661865
guided,C[C@@]1(C(=O)NCCc2cccc3ccccc23)Oc2cccnc2NC1=O,-1.0608590841293335
guided,COC(CNC(=O)CN1C(=O)c2ccccc2C1=O)OC,-0.6084819436073303
guided,O=C(Cn1c(=O)oc2cc(S(=O)(=O)NCc3ccccc3)ccc21)N1CCCC1,-0.3068150579929352
guided,CCCC/C=C/C(=O)OCC(=O)NC(C)=O,-1.3839503526687622
guided,C=CCN(c1ccc(C)c(C)c1)S(=O)(=O)c1cc(OC)ccc1OC(=O)N1CCOCC1,-1.3433207273483276
guided,NS(=O)(=O)c1ccc(C2CCCCC2)cc1,-2.618759870529175
guided,CCn1c(=O)[nH]c(=O)c2cc3ccc(N([O-])[O-])[s@SP1+]3[o+]c21,-0.38389453291893005
guided,CCCOc1ccc(-c2nnc3ccc(SCC(=O)N4CCOCC4)nn23)cc1,-0.9939107894897461
guided,CCCC/C(NCCO)=C1/C(=O)CC(C)(C)[C@H](C(=O)OC)C1=O,-0.5857692360877991
guided,COCCn1c(SCC(=O)Nc2ccccc2F)nc2c(oc3ccccc32)c1=O,-1.3045637607574463
guided,O=C([C@H]1CCCCN1S(=O)(=O)c1ccccc1)N1CCN(C(c2ccccc2)c2ccccc2)CC1,-3.433779716491699
guided,CCCCSc1nnc(-c2cccs2)n1Cc1ccccc1,-8.211014747619629
guided,COCc1cc(C(=O)CCC(N)=O)c(C)o1,-0.7778238654136658
guided,N#C/C(=C\Nc1ccc(F)c(F)c1)c1nc(-c2cccs2)cs1,-5.707494258880615
guided,CN(Cc1ccc(-n2cccn2)cc1)Cc1nc(-c2cnccn2)no1,-0.7806435823440552
guided,COCCn1cnnn1,-3.3467018604278564
guided,CCC(=O)N(Cc1cc2ccc(C)cc2[nH]c1=O)c1ccc(C)cc1,-4.231421947479248
guided,O=C(O)c1ccc(NS(=O)(=O)c2cccc(-n3cnnn3)c2)cc1,-0.31644296646118164
guided,CC[C@@](C)(C(=O)NC1CCCC1)N(C(=O)Cn1c(=O)oc2ccccc21)c1cccc(C)c1,-1.7908133268356323
guided,Nc1nc(C(=O)N2CCc3ccccc3C2)nn1-c1cccc(C(=O)Nc2cccc(Cl)c2)c1,-1.3471529483795166
guided,Cc1ccc(C)c(OCC(=O)Nc2ccc(S(=O)(=O)Nc3ncccn3)cc2)c1,-0.6721394062042236
guided,CCCC(=O)Nc1nc2ccccc2[nH]1,-2.768535852432251
guided,COc1ccccc1CC(=O)NCC(=O)N/N=C/c1cccnc1,-0.3115595281124115
guided,COc1cccc(Oc2nc3c(C)cccn3c(=O)c2/C=C2/C=CC=CO2)c1,-3.3582825660705566
guided,COc1cc2c(cc1OC)CN(C1CCN(C(=O)N[C@@H](C)CCc3ccccc3)CC1)CC2,-4.211234092712402
guided,CNc1nc(-c2ccc(OC)cc2)cc(-c2ccco2)n1,-2.9556350708007812
guided,Cc1cc2c(c([N+](=O)[O-])c1/C=C\[N+](=O)[O-])CCCC2,-1.2196455001831055
guided,Cc1ccccc1C[C@@]1(CO)CCCN(C(=O)Cn2c([N+](=O)[O-])cnc2C)C1,-0.5078462958335876
guided,Cc1cc(C)c2nc(-c3cccc(N)c3)cc(C(=O)O)c2c1,-1.9500707387924194
guided,COc1ccc2c(c1)c1c(C)n[nH]c(=O)c1n2C,-2.3749403953552246
guided,CC1=C/C(=[NH+]\C(=S)NC2=CC=C/C(=C(\[O-])O)[CH-]2)C(=S(=O)=O)C=C1.[H+],-0.5248110294342041
guided,COc1ccc(C(C)=O)cc1/C=C1\C=C(O)Oc2ccc[c-]c21.[H+],-3.928314685821533
guided,N/C(=N\NC(=O)c1cc(-c2ccc(O)cc2)nc2ccccc12)c1ccccn1,-0.7527076601982117
guided,Cc1nn(C)cc1/C=N/NC(=O)c1c(C)nc2ccc(Br)cn12,-1.2155213356018066
guided,COc1ccc(F)cc1OC(=O)c1nn(C)c(=O)c2ccccc12,-1.5458941459655762
guided,COCCNC(=O)COC(=O)c1sc2nc(C)cc(C)c2c1N,-0.3255999982357025
guided,O=C(Cc1cccs1)N[C@H]1CC[C@H](C2=C(O)CCCC2=O)CC1,-2.5954339504241943
guided,O=C(O)c1cccc(OCC(=O)N2CCC[C@H]2c2ccccc2)c1,-2.21848726272583
guided,S=c1[nH]nc(-c2ccco2)n1/N=C/C1CC1,-2.7488818168640137
guided,CCCc1sc(N)nc1-c1ccc(C)c(C)c1,-6.1221466064453125
guided,CCC(=O)c1cn(Cc2ccccc2)c2ccccc12,-9.200249671936035
guided,O=C1CCC(=O)N1COc1ccc(Cl)cc1Cl,-4.222840785980225
guided,[NH-][C+]1[C+]([c-]2[cH+][cH-][cH+][cH-][cH+]2)[C-](CC[CH-]CCN)C(O)N1[c-]1[cH+][cH-][c+](O)[c-](N[C-]([O-])CO[C+]2[CH+][CH-][C+](n3[cH+][cH+][n-][cH-]3)[CH-][CH+]2)[cH+]1,-0.9756792187690735
guided,CC(C)c1nccn1-c1ccc(Oc2cccc(Cl)c2)cc1,-9.403093338012695
guided,O=C(O)c1cccc(NCc2ccccc2)c1,-4.04849910736084
guided,COCCNC(=S)N(CCSC)CCc1ccncc1,-5.315777778625488
guided,CCOC(=O)C1CCN(C(=O)c2ccc(CS(=O)(=O)c3ccccc3OC)o2)CC1,-0.631019115447998
guided,CCOC(=O)c1[nH]c(C)c(C(=O)c2ccc(F)cc2)c1C,-3.0456864833831787
guided,O=C(O)[C@H](CCN1CCCC1)NC(=O)C1(Cn2c(=O)[nH]c3ccccc3c2=O)CCN(C(=O)c2ccccc2)CC1,-0.33397817611694336
guided,CC(=O)O[C@H]1CC[C@@H](NC(=O)OCc2ccccc2)[C@H](OC(C)=O)C1,-0.6805762052536011
guided,CCOc1ccc(CNC(=O)c2c(C)cc3n(c2=O)CCCC3)cc1OCC,-2.070467710494995
guided,C[C@H](Cc1cccs1)NC(=S)Nc1ccccc1,-8.410285949707031
guided,COc1ccc(OC)c([C@H](CCN2CCOCC2)c2ccc3c(c2)OCO3)c1,-4.1075897216796875
guided,CNS(=O)(=O)c1ccc(CCN(C)S(=O)(=O)c2ccc(F)cc2)cc1,-0.7057115435600281
guided,CCOC(=O)Nc1cc(C(=O)OC)cc(C(=O)OC)c1,-0.5389609932899475
guided,C[C@H](C(=O)Nc1ccc(N2CCOCC2)cc1)N(C)CC(=O)Nc1cccnc1Cl,-0.7082158327102661
guided,C[c+]1[cH-][c+]([O-])[nH][c+](-n2[c+]([S-])[c-]3[cH+][cH-][cH+][cH-][c+]3[c-]2[CH+][N-][c+]2[cH-][cH+][c-](C)[cH+][cH-]2)[n-]1,-2.626544237136841
guided,Cc1cnc(NC(=O)/C=C/c2cc3ccccc3n(C(C)C)c2=O)nc1,-1.539732813835144
guided,CCN1[C]([C]([O])[C-][C](C)[N-][C+]([S])N[C]2[CH][CH][CH][CH][C]2O)[CH][C]2[CH][CH][CH][CH][C]21,-2.4854776859283447
guided,CCCN(CC(=O)OC)S(=O)(=O)c1ccc(C(=O)Nc2nnc(-c3ccco3)o2)cc1,-0.42014357447624207
guided,CN[C@@H]1N2Sc3cc([N+](=O)[O-])ccc3C2=NN1C1CCCCC1,-1.6023142337799072
guided,Nc1ccc2oc(-c3ccc(-c4ccccc4)s3)nc2c1,-4.92360258102417
guided,[CH2+]C(C)(C)[C-]([O-])S[C+]1[CH-][CH+][CH-][CH+][C+]1N[C-]([O-])CN1CC(C)OC(C)C1,-1.5757476091384888
guided,Cc1cncc(N2CCN(C)CC2)c1Nc1ccccc1,-6.547692775726318
guided,CO[C@]1(NC(=O)Cc2ccccc2)CCCCO1,-3.840343475341797
guided,COCCCNC=C1C(=O)CC(c2ccc3c(c2)OCO3)CC1=O,-1.3096295595169067
guided,CCCNCC(=O)Nc1cccc2ccccc12,-4.990841388702393
guided,Cn1c(=O)c2c(ncn2CC(=O)N2CCN(c3ccccc3)CC2)n(C)c1=O,-0.5223239660263062
guided,CCCn1c(-c2ccncc2)n[nH]c1=S,-4.205806255340576
guided,O=C(CCCl)Nc1ccc(S(=O)(=O)NCc2ccco2)cc1,-0.6708533763885498
guided,CO[C-]1[N-]S[N-][C+]1N[S+2]([O-])([O-])[C+]1[CH+][CH-][CH+][c-]2[n-][cH+][cH+][n-][c+]21.[H+],-0.35206830501556396
guided,NOc1cccc(CNC(=O)c2ccco2)c1,-0.9783086180686951
guided,COc1ccc(/N=C/c2sc(O)c3ccccc23)cc1,-5.904873847961426
guided,O=S(=O)(c1c(Br)ccc2c1CCC2)N1CCCCCC1,-6.102888107299805
guided,C[C@H](Sc1nnc2n1CCCCC2)C(=O)Nc1nc([C@]23C[C@H]4C[C@H](C[C@H](C4)C2)C3)cs1,-3.35040283203125
guided,N#Cc1ccccc1NC(=O)COC(=O)CNc1ccccc1[N+](=O)[O-],-0.4089602530002594
guided,CSc1cccc(-n2c(SCC(N)=O)nnc2-c2ccccc2)c1,-1.71819269657135
guided,CCO[C-]([O-])NN[C+]1[CH+][CH-][C+]([O-])N1[c+]1[cH-][cH+][cH-][cH+][cH-]1,-0.7266685962677002
guided,COc1ccccc1/N=N/c1cn(-c2ccccc2)nc1-c1ccc(C)o1,-4.736647605895996
guided,COc1ccccc1N/C=C1/C(=O)NC(=O)N(CCc2ccccc2)C1=O,-0.638812780380249
guided,CCCn1c(=O)c2c(C)ccnc2n(Cc2ccccc2)c1=O,-2.8134384155273438
guided,CCOC(=O)c1ccc(-c2nc3ccccc3c(=O)n2CC)cc1,-2.7479569911956787
guided,Cc1ccc(N2C=CC(=O)[C@H](CC3C(=O)CC(C)(C)CC3=O)C2)cc1,-3.7167322635650635
guided,O[C-]1[C][C+](C(O)CNC2CCCCCC2)[CH+][CH-][CH+]1,-3.49998140335083
guided,CN1CCN(C(=O)C2CCN(S(=O)(=O)c3ccc(Cl)cc3)CC2)CC1,-2.29826021194458
guided,O=C(CCc1ccccc1)c1ccc2c(c1)OCO2,-6.108322620391846
guided,CCOc1ccc2c(CN(Cc3cccs3)C(C)C)cc(=O)oc2c1,-6.0172905921936035
guided,CCOc1cccc(C)c1Oc1ccc(S(=O)(=O)NCCC2=CCCCC2)cc1,-4.20395565032959
guided,COc1cc(C#N)cc(OC)c1OS(=O)(=O)c1ccc(C)cc1,-0.8940004706382751
guided,[CH][CH+][CH-][CH+][C]N([C+]([O-])[C+]1[CH+][CH-][CH+]N1[c-]1[cH+][cH-][cH+][cH-][cH+]1)C(C)[C-]([O-])NCC[c+]1[cH-][cH+][c-](OCC)[cH+][cH-]1,-1.4455121755599976
guided,Cc1ccsc1C(=O)[C@H]1CCCN(Cc2c[nH]c3ccccc23)C1,-7.016575813293457
guided,CCO[C@@H]1C[C@@H](O)[C@H](O[C@H](C[C@H](O)C[C@H]2CCCCN2CCC2CCCCC2)OCC)CO1,-2.01743483543396
guided,CCOC(=O)N1CCC(N(CCN(C)C)C(=S)Nc2cccc(C)c2)CC1,-4.290937423706055
guided,C[C@H]1C[C@H]([C@@H]2C[C@H]2c2ccccc2)C(=O)N1,-6.846140384674072
guided,CCO/C=C/C(=O)Nc1cccc2ccccc12,-5.667990684509277
guided,[CH2+][C@@H]1CCN=[S@@](=O)([O-])C2=CC=C([N+](=O)[O-])[C@H]3[C@H](CN(C)CC[C@@H](C(=O)NC4CCN(Cc5ccccc5)CC4)NC1=O)[C@]23C,-0.5930934548377991
guided,COc1ccccc1NC(=O)CN1CC(=O)N[C@@H](C)C1,-1.3198418617248535
guided,C=CCc1ccc(OCCN2CCOCC2)cc1,-8.127086639404297
guided,[CH2-][C@@H]1C/C(=C/CCCC2=[O+]C(c3ccccc3C(=O)O)=C=C2)C([O-])=[NH+]1,-0.6387977004051208
guided,COc1cccc(Oc2nc3c(C)cccn3c(=O)c2/C=C(\C#N)C(N)=O)c1,-0.416364461183548
guided,COCCn1c(/C=C/c2ccccc2)nc2ccccc21,-7.934868335723877
guided,CN1CCN(c2ccccc2NC(=S)NC(=O)Cc2ccccc2)CC1,-3.934417486190796
guided,COc1ccc(/C=C(\C#N)C(=O)Nc2ccc3c(c2)OCCO3)cc1OC,-0.8836037516593933
guided,Cc1ccc(-c2csc(SCC(=O)/C=C/N3CCc4ccccc43)n2)cc1,-8.166821479797363
guided,Fc1ccccc1CSc1ccccn1,-10.593789100646973
guided,COCCN1C(=O)c2ccc(C(=O)Nc3ccc4c(c3)OCO4)cc2C1=O,-0.42152735590934753
guided,CCCCCCn1c(N2CCN(C)CC2)nc2c1c(=O)[nH]c(=O)n2C,-0.8501591682434082
guided,CO[c+]1[cH-][c+]2[c-]([cH+][c-]1OC)CCN(C1C[C-]([O-])N([C+]3[CH+][CH-][CH+][CH-][CH+]3)[C+]1[O-])C2[c-]1[cH+][c-](F)[cH+][cH-][c+]1[O-],-0.35175734758377075
guided,O=C(N/N=C/c1cccnc1)c1c(-c2cccc3ccccc23)c(-c2ccccc2)nc2ccccc12,-5.932689666748047
guided,CN(CC(=O)Nc1ccc(OC(F)(F)F)cc1)C1CCCCC1,-5.526422500610352
guided,C/C(=N\NC(=O)Cc1ccc(Cl)cc1)c1ccc(OC(F)F)cc1,-4.49404239654541
guided,N[C]1[N][C](N[C+]2[CH][CH][C](N3CCOCC3)[CH][CH]2)[N][C](NCCO)[C]1N([O-])[O-],-0.4800034463405609
guided,O=C1COc2ccc(C(=O)COC(=O)CCc3c[nH]c4ccccc34)cc2N1,-0.667122483253479
guided,C[C@H](SCC(=O)Nc1cccc2ccccc12)c1nc2ccccc2c(=O)[nH]1,-2.54345440864563
guided,CC[C@@H](C)C(=O)NNC(=S)Nc1ccc(F)cc1,-3.3231000900268555
guided,CC[C@H](C)NC(=S)N(CCC#N)CCc1cccc2ccccc12,-6.273955821990967
guided,Nc1ccc(CCNC(=O)c2cccs2)cc1,-3.048170328140259
guided,CCOc1ccccc1[C@@H]1CC(=O)NC2=C1C(=O)CC(C)(C)C2,-3.481940507888794
guided,COc1ccc(NC(=O)CN2CCN(c3cccc4[nH]ccc34)CC2)cc1,-2.591501235961914
guided,O=C(N[C@H]1CCSC1=O)c1ccccc1,-3.999976873397827
guided,Cc1ccc(C)c(OCCCCn2ccnc2)c1,-7.671991348266602
guided,O=C(NNC(=O)c1cc(C2CC2)nc2ccccc12)c1ccccc1C(=O)N1CCOCC1,-0.588864266872406
guided,O=C(COC(=O)/C=C/c1cccs1)NC1CC1,-2.867711067199707
guided,COC(=O)N[C@H](Nc1cccc(C(C)=O)c1)C(Cl)(Cl)Cl,-2.3785130977630615
guided,COc1ccc2[nH]c(/C(C)=N/NC(=O)[C@@H]3CCCNC3=O)cc2c1,-0.3744537830352783
guided,COC(CNC(=O)c1ccccc1NC(=O)c1ccccc1C(=O)O)OC,-0.4105207324028015
guided,CO[c-]1[cH+][cH-][cH+][cH-][c+]1[C-]([O-])NCC[C+]([O-])[N-][C][N-][c+]1[cH+][cH+][cH+][cH+][c-]1-n1[cH+][n-][n-][cH+]1.[H+],-0.23895208537578583
guided,CN(CCCc1cccs1)CCC(=O)c1ccccc1,-9.236289024353027
guided,CCCCN(C(=O)c1ccc2c(c1)OCO2)c1c(N)n(CCC)c(=O)[nH]c1=O,-0.38309621810913086
guided,COc1ccc(N2CCN([C@@H](C)C(=O)N3CCCC3)CC2)cc1,-5.475313663482666
guided,CC[C@H](C)[C@H](NC(=O)NCc1ccccc1)C(=O)O,-1.0732849836349487
guided,COC[C@H](C(=O)Oc1cccc(NC(C)=O)c1)N1C(=O)c2ccccc2C1=O,-0.3303268849849701
guided,Cc1cccc(-n2nc(-c3ccc4c(c3)OCO4)c3c4ccccc4ccc32)c1,-8.3146390914917
guided,C[C-]1[CH+]O[C-](N[C+]([N-][CH+][CH+][c-]2[cH+][cH-][cH+]s2)[C-]2[CH-][CH+][CH-][CH+][N-]2)[N-]1.[H+],-3.4175891876220703
guided,O=C(N/N=C\c1ccc(OCCCF)cc1)c1ccco1,-2.3230197429656982
guided,C=CCn1c(SC)nc2[s+]c3c(c-2c1[O-])CCc1ccccc1-3,-5.80004358291626
guided,Cc1c(OCC(=O)NCCCN2CCCC2=O)ccc2c3c(c(=O)oc12)CCCC3,-0.7483003735542297
guided,COc1cc(C=c2c(=O)c3cccc4cccc(c2=O)c43)cc(OC)c1OC,-2.4399964809417725
guided,CCOC(=O)N(NC(=O)Nc1ccc(Cl)cc1)c1ccccc1,-2.5191497802734375
guided,Cc1ncc(CN2CCOCC2)o1,-5.124098777770996
guided,C=C[C@@H](C(=O)Nc1ccc(C)cc1)C(=O)Nc1ccccc1C,-3.3354549407958984
guided,COc1cc(CC(=O)Nc2cc(=O)n(C)c(=O)n2C)cc(OC)c1OC,-0.27147987484931946
guided,[CH]C[C+]1[CH+][N-][C+]2S[C+]([C-]([O-])O)[C-](C)[C+]2[CH-]1.[C]1[C]O1.[H+].[H+].[H+].[H+].[H+].[H+],-1.8837333917617798
guided,CCOc1cccc(-c2c(C(=O)N/N=C3/CCCCN3)nnn2-c2nonc2N)c1,-0.27796733379364014
guided,C[c+]1[c-](C)s[c+]([N-][CH+][C+]([C+]([O-])NC[c+]2[cH-][cH+][cH-]o2)[C-](C)[O-])[c-]1[C+]([O-])N[c+]1[cH-][cH+][cH-][c+]2[cH-][cH+][cH-][cH+][c-]12,-1.144806981086731
guided,Cc1cc(OCc2cc(C(=O)N[C@H]3CCOC(C)(C)C3)no2)cc(C)c1Cl,-2.4676754474639893
guided,CC1=CC[C@H]([C@@H](C)NC(=O)C2CCN(S(=O)(=O)c3ccc(C)o3)CC2)CC1,-1.5450130701065063
guided,CN1CCC(OC(=O)COc2ccccc2)CC1,-5.030982494354248
guided,CCOCc1ccc2nnc(C)n2c1C,-5.119431018829346
guided,CCCOc1cccc(C(=O)NCCCNC(=O)c2occc2C)c1,-1.209235429763794
guided,NNC(=O)Cn1cnc([N+](=O)[O-])n1,-0.4915282130241394
guided,Cc1ccccc1C(=O)Nc1ccccc1C(=O)NNC(=S)Nc1cccc2ccccc12,-2.7146520614624023
guided,Cc1nc2nc(SCC(=O)NC3CCCC3)nn2c(C)c1Cc1ccc(F)cc1,-2.1209051609039307
guided,CCCC(O)(CCC)C(=O)NNc1cccc2ccccc12,-3.013241767883301
guided,[CH2+][CH+]CN(CCCOC)[C-]([O-])Cn1[c+]2[cH+][cH-][c+]([S+2]([O-])([O-])N3CCCCCC3)[cH-][c+]2o[c-]1[O-].[H+],-0.34592553973197937
guided,O=C(OCCCCn1[nH]c(=O)c2ccccc2c1=O)c1cccc2ccccc12,-1.4839032888412476
guided,O=C(c1ccco1)N1CCN(S(=O)(=O)c2cccs2)CC1,-1.401659369468689
guided,C/[C-]=C/[C+](C)/C=[C-]/CC/N=C(/[O-])C/[S+]=C1/N=c2[n-]c(=O)n(/C(=C\CC)CC)c(=O)c2=[N+]1C.[H+],-0.4442901611328125
guided,COc1cccc(C(=O)NC2CCCCC2)c1,-5.4695000648498535
guided,COC[C@H](C)NC(=O)[C@H]1C[C@@H]1/C(=N\C1CC1)c1cccs1,-3.653148651123047
guided,CCOCCCn1c(SCC(=O)Nc2nc(C)cs2)nnc1-c1ccncc1,-0.9238663911819458
guided,CNC(=S)N1CCN(CCN2CCCCC2)CC1,-8.158219337463379
guided,O=C(CN1C(=O)Cc2c([nH]c3ccccc23)C1=O)NCCCNCc1cccc2ccccc12,-0.865301787853241
guided,CCN1CC(=O)N2[C@H](c3ccccc3C)c3[nH]c4ccccc4c3C[C@@H]2C1=O,-3.2504899501800537
guided,Cc1nc(CNc2ccc(N3CCOCC3)cc2)sc1/C=C(/N)c1cccnc1,-1.8911644220352173
guided,CC(=O)[C@@H](Cc1ccccc1)Cc1ccc(F)cc1,-9.916080474853516
guided,CCN(C)CCCNC(=S)N1CCC(c2ccccc2)CC1,-9.17697525024414
guided,Cc1cc(/C=C/C(=O)O)cc2c(=O)cc(-c3ccsc3)oc12,-2.6651196479797363
guided,CCOC(=O)N[C@H](c1ccc(N2CCN(C(=O)CC)CC2)cc1)C(C)C,-2.7755208015441895
guided,Cc1cc(C)c(S(=O)(=O)c2cc(O)c(C)cc2C)cn1,-2.12959623336792
guided,NC(=O)c1ccsc1N[C@@H](Nc1ccccc1F)C(=O)c1ccccc1,-1.5056767463684082
guided,CC(=O)N[C@H](CSc1ccccc1)C(=O)O,-1.758823275566101
guided,CC(C)CN(C#N)c1nc(N2CCOCC2)nc(N2CCOCC2)n1,-0.5274620652198792
guided,C/C(=N\Nc1cccc(C(=O)O)c1)c1cccc(NC(=O)c2ccccc2C)c1,-2.177731990814209
guided,Cc1ccc(/N=N/c2cc3ccccc3nc2N)cc1,-3.4780516624450684
guided,O=C(N[C@H](O)C(=O)c1ccccc1)/C(=C\c1ccccc1)NC(=O)c1ccco1,-0.4956507384777069
guided,Cc1cc(C)n2nc(C(=O)N/N=C/c3ccco3)nc2n1,-0.35817959904670715
guided,CCOc1nc2cccc(C(N)=O)c2n1Cc1ccc(C(C)C)cc1,-2.276012659072876
guided,C[C]1[CH][C][C]([N][C]([S])N(CCN2CCOCC2)C[C]2[CH][CH][CH]S2)[CH][CH]1.[H+],-7.011205673217773
guided,CCn1cc(/C=N/NC(=O)c2ccc(-c3ccc(Cl)cc3)o2)c2ccccc21,-4.606507778167725
guided,O=C(CCCCCN1CCc2cc3ccccc3cc2C1=O)N[C@@H](Cc1c[nH]c2cc3ccccc3cc12)C(=O)O,-3.2223687171936035
guided,CCCCNc1sc(C(=O)Nc2ccc3c(c2)OCO3)c(N)c1C,-1.5556073188781738
guided,COc1cc(/C=N/NC(=S)NCCN2CCOCC2)cc(OC)c1OC,-0.9906978011131287
guided,COc1ccc(N(CC(=O)N2CC=C(c3ccccc3)CC2)S(C)(=O)=O)cc1OC,-1.3653171062469482
guided,CCCS(=O)(=O)N1CCC[C@@H](C(=O)NCc2cccc(OC)c2)C1,-1.1314423084259033
guided,CCCCOc1ccc(OC(=O)Nc2nccn2C(=O)c2ccco2)cc1,-1.3453501462936401
guided,CO[c-]1[cH+][cH-][c+]([N-]C(N[C+]([O-])[c+]2[cH-][cH+][cH-][cH+][cH-]2)([C+](N)[O-])C(F)(F)F)[cH-][cH+]1,-0.29892730712890625
guided,CCCC(=O)c1cccc2ccccc12,-9.90974235534668
guided,O=C(COC(=O)C1CCCCC1)c1cccs1,-4.9008684158325195
guided,CCCCn1c(SCC(=O)c2ccc(C)c(C)c2)nc2c1c(=O)[nH]c(=O)n2C,-0.8357329964637756
guided,COc1ccc(C(=O)CN2C(=O)c3ccccc3S2(=O)=O)cc1OC,-0.4534684419631958
guided,Cc1cc(-c2ccccc2)nc(S[C@H](C(=O)O)c2ccc(F)cc2)n1,-3.507911205291748
guided,CCOc1cc(CN2CCC[C@](CO)(Cc3cccc4ccccc34)C2)ccc1O,-4.78367805480957
guided,Cc1nc(N2CCCCC2)nc2ccccc12,-7.05136251449585
guided,NNc1nc2cc3c(cc2s1)OCO3,-1.5706629753112793
guided,C[C-]1[N-]N(CC(O)CN(C[C+]2[CH+][CH+][CH-]N2)[S+2]([O-])([O-])[C+]2[CH+][CH+][C-](N([O-])[O-])[CH+][CH-]2)[CH+]C1N([O-])[O-],-0.5612390041351318
guided,Cc1ccc(-c2cc3c(=O)n(-c4ccccc4OCc4ccccc4)ncn3n2)cc1,-3.625885009765625
guided,O=C(O)[C@H]1CC[C@@H](C#Cc2ccccc2)N2CC2N1,-3.180299758911133
guided,O=C1NC(=O)[C@H]([C@@H](c2ccc3c(c2)OCO3)c2cc3c4c(cc(=O)oc4c2)-c2ccccc2C3=O)S1,-1.5453428030014038
guided,COc1ccc(CC(=O)NCC(=O)N/N=C/c2ccco2)cc1,-0.33645641803741455
guided,CCCCN(CCC)c1nnc(NC(=O)COC)s1,-1.8433250188827515
guided,CO[C]1[CH][CH][C]([CH+][N]N[C]([O])CN[C]([O])CO[C]2[CH][CH][C]3[CH][CH][CH][CH][C]3[CH]2)[CH][C]1N([O-])[O-],-0.5482323169708252
guided,C[C@@H](NC(=O)c1ccccc1Cl)C(=O)NCCc1ccc(S(N)(=O)=O)cc1,-0.33205893635749817
guided,CC(C)CCNC(=O)c1ccc(CN(C)CC(=O)NC[C@@H]2CCCO2)cc1,-1.5888787508010864
guided,COCCNC(=O)[C@@H]1CC(=O)N(c2ccc(C)cc2)[C@H]1c1ccc(OC)cc1,-1.9778443574905396
guided,[CH2-][C@H]1/C(=C\C(=O)CC)N(C)c2c#[n+]c3c(c21)[C@@]([CH2-])(C)Cc1ccccc1-3.[H+],-6.6134772300720215
guided,CCCCn1nnc(NC(=S)NC(=O)c2ccc(OC)cc2)n1,-0.41943448781967163
guided,CCCc1nnc(NC(=O)Cc2ccc(F)cc2)s1,-3.3050782680511475
guided,CNCC#Cc1conc1-c1cccs1,-5.269060134887695
guided,C[C@H]1CCCCN1/C([O-])=C1\C=C(F)C=CC1[N+]1=CCCCC1,-7.047662734985352
guided,CO/N=C(\c1ccccc1)c1ccc(OC(F)F)cc1,-7.197416305541992
guided,CC[C-]([O-])[c+]1[c+]([O-])[nH][c-]([O-])n([CH+]CC[c+]2[cH-][cH+][cH-][c+]3[cH-][cH+][cH-][cH+][c-]23)[c+]1O,-0.3428967297077179
guided,C[C]1[CH][C](C)[C](S([O])([O])N2CC[C]3[CH][CH][CH][CH][C+]32)[CH][C]1N([O-])[O-],-1.120518684387207
guided,CCC[C@@H](C)Nc1oc(-c2ccc3c(c2)OCO3)nc1C#N,-1.5778568983078003
guided,CC/[S+]=C1\C=CC=C\C1=C(/[O-])Nc1ccc(C(C)C)cc1,-6.252042770385742
guided,CNNCc1ccccc1C,-7.678675174713135
guided,Cc1ccc2c(c1)C1=C(C=C[C@H](CCC/C=C\C(=O)O)C1)OO2,-4.289910316467285
guided,Nc1cccc(CNC(=O)c2cccs2)c1,-3.0284807682037354
guided,CC1(C)CN=C(N2CCN(c3ccccn3)CC2)S1,-6.3140997886657715
guided,CCCCC/C=C\C/C=C\CCCCCCCc1cccc(=O)o1,-10.430950164794922
guided,[CH2+]CC(CC[N-][CH-]C(O)COC([c+]1[cH-][cH+][c-](C)[cH+][cH-]1)[c-]1[cH+][cH-][cH+][cH-][c+]1C)[C+](N)[O-],-1.0630146265029907
guided,[O][C](C[C+]1[CH][CH][CH][C]2[CH][CH][CH][CH][C]21)N[C]1[CH][CH][C](N([O-])[O-])[CH][CH]1,-1.182669997215271
guided,CC1=[N+](N([O-])O)C2=CC=CCC2=C1C(=O)NCc1cc2ccccc2[nH]1,-0.6309509873390198
guided,Cc1cc(C)cc(C(=O)NCCCN(C)c2ccccc2)c1,-6.797815799713135
guided,CC(=O)Nc1ccc(-c2nnc(SCc3nnc(-c4cccs4)o3)n2N)cc1,-0.7534765005111694
guided,COc1ccc2c(c1)CC[C@@H]1OC(=O)/C(=C/c3ccc(N(C)C)o3)C(=O)N21,-1.5668163299560547
guided,C[C@@H]1CN(CCCc2ccccc2)C[C@H](C)O1,-10.291033744812012
guided,Cc1ccc(-n2nnc3c(=O)n(CC(=O)NC[C@@H]4CCCO4)cnc32)cc1,-0.3029852509498596
guided,CCOc1cccc(OCC(=O)NNC(=O)CC2CCCCC2)c1OCC,-1.087446928024292
guided,C/C(=N\NC(=O)Cc1ccccc1)c1cccs1,-4.9855852127075195
guided,COc1cc(-c2c([N+](=O)[O-])ccc3ccccc23)nc2cc(C(=O)O)ccc12,-1.9153976440429688
guided,COc1ccccc1C(=O)NNC(=S)NC(=O)/C=C/c1cccs1,-0.9310693740844727
guided,CC[C@H](/[S+]=c1\nc2ccccc2c([O-])[nH]1)C(=O)O,-0.4830864369869232
guided,O=c1[nH]nc(CSCc2ccccc2)[nH]1,-2.292551279067993
guided,Cc1cc(C)cc(NC(=O)Nc2cc(C)on2)c1,-2.320142984390259
guided,O=C1[CH-]C=CC(=S)[C@@H]1CC/C=N/C=C1/C=CC(OC(F)F)=C[CH-]1.[H+].[O+]#Cc1ccccc1F,-5.220255374908447
guided,C[C@@]1(OC(=O)c2ccc3c(-c4ccccc4)cc(=O)oc3c2)CO[C@](O)(C(=O)O)[C@H](O)[C@@H](O)[C@H]1O,-0.25340476632118225
guided,CCO[C+]([O-])C[C-]([O-])N[C+]([N-][C]N[C-]([O-])CC)[N-][c+]1[cH+][cH+][c+](C)[cH-][cH+]1,-0.38879823684692383
guided,CN(CC(=O)N1CCCC1)S(=O)(=O)c1ccc2[nH]c(=O)c(=O)[nH]c2c1,-0.38879823684692383
guided,C[c-]1[cH+][cH-][c+](O[c-]2[cH+][cH-][c+](CCOC[C-]3CCC(O)C(C)C3)[cH-][cH+]2)[cH-][cH+]1,-7.108558177947998
guided,CCCCCCN1C(=O)c2oc3ccccc3c(=O)c2[C@@H]1c1ccc(OC)cc1,-4.162874698638916
guided,CCN(C(=O)c1ccc(=O)n(C)n1)c1nc(C)c(-c2cccs2)s1,-2.009408473968506
guided,C[C@@H](O)CN1CCN(c2cccc3ccccc23)CC1,-7.188165187835693
guided,CCOc1ccc(OCC)c(NC(=O)[C@H]2COc3ccccc3O2)c1,-2.317420482635498
guided,CNc1c(C(=O)N2C[C@@H](C)O[C@@H](C)C2)cnn1[C@]12C[C@H]3C[C@H](C[C@H](C3)C1)C2,-3.078084707260132
guided,COc1ccnc(COC(=O)n2c(=O)oc3ccccc32)c1,-0.7139909267425537
guided,COCc1ccc(CN2CCC(N3CCC(C(N)=O)CC3)CC2)o1,-1.3935350179672241
guided,COc1ccc(S(=O)(=O)Nc2cc(CC(=O)O)ccc2OCCOC(C)C)cc1,-0.7206501960754395
guided,OCc1nc2ccccc2n1CCOCc1ccc(F)cc1,-4.205249309539795
guided,[H]/N=c1/c(C(=O)NCc2ccc(OC)c(OC)c2)cc2c(=O)n3cccc(C)c3nc2n1CCOC,-0.35328608751296997
guided,CN1CCN(CCC2CCC(C)(C)O[N+]23CCN([C-]2[CH-][CH+][CH-][C+](C(F)(F)F)[CH-]2)CC3)CC1,-9.341708183288574
guided,C[c+]1[cH-][cH+][cH-][c+]2[c-]3[c+](o[c-]12)[CH+][C+]([N-]O[C-]([O-])[c+]1[cH-][cH+][c-](C)[cH+][cH-]1)[C-]([C+]([O-])C(F)F)[CH+]3,-1.510401964187622
guided,S=C(NC1CCCC1)N1CCN(c2ncn[nH]2)CC1,-2.4226996898651123
guided,COc1ccc(N2CCN(c3nc4ccccc4o3)CC2)cc1,-5.0387797355651855
guided,Cc1nnc(Nc2ccc(OC(F)F)cc2)c2ccccc12,-5.129471302032471
guided,COc1ccc(CCN2CCC(CNS(=O)(=O)c3ccc(-c4ccc(=O)[nH]n4)s3)CC2)cc1O,-0.5021352767944336
guided,O=C(CN1CCC2(CC1)OCCO2)c1cccs1,-5.097584247589111
guided,COc1ccc(C2CCN(C(=O)c3ccnn3C)CC2)cc1,-4.011192321777344
guided,COc1ccc([C@@H]2NC(=O)N(CCC(C)C)C=C2C(=O)C(C)(C)C)cc1C(=O)N1CCc2ccccc21,-3.3807029724121094
guided,[O-]N(O)C(Br)(CO)CO,-0.9523773789405823
guided,COc1cc(COCCOCCOc2ccc(CO)cc2)cc(/C=N\NC(=O)C(O)(c2ccccc2)c2ccccc2)c1OC,-1.545546054840088
guided,NC(=O)c1ccnc(Oc2ccccc2F)n1,-0.9370672106742859
guided,Cc1noc(C)c1S(=O)(=O)Nc1ccc(C(=O)N2CCN(c3ccccc3F)CC2)cc1,-0.8534253835678101
guided,CNS(=O)(=O)O/C(=C/c1ccccc1)C(=O)CCc1ccccc1,-1.6166797876358032
guided,COc1ccccc1CN1CCC(n2nccc2NC(=O)CCOc2ccc(F)cc2)CC1,-2.771242380142212
guided,COc1ccccc1SCC(=O)Nc1c2c(nn1-c1ccccc1)CS(=O)(=O)C2,-0.869611382484436
guided,COc1ccc(N2CCN(C(=O)CCCNC(=O)/C=C/C(=O)O)CC2)cc1,-0.3093661367893219
guided,C[C@H](CSc1ccc2ccc3ccccc3c2c1)C(=O)O,-7.004134178161621
guided,CCCCc1nc2cc(C(=O)N3CCCC[C@@H]3CC(=O)OC(C)C)ccc2o1,-2.814605236053467
guided,OCc1nc2ccccc2n1-c1ccc(Oc2cccc3ccccc23)cc1,-6.25018310546875
guided,COc1cccc(Oc2cc3[nH]c(C)[o+]on([O-])c3cc2OC)c1,-1.4154374599456787
guided,CC(=O)Nc1cc([N+](=O)[O-])ccc1N1CCCC1,-1.2272980213165283
guided,OCCCNc1nc2ccccc2nc1Nc1ccc(F)cc1,-2.068462610244751
guided,CCOc1ccc(C(=O)NCC(C)C)cc1OC,-4.029372215270996
guided,COc1cccc(C(=O)NNC(=S)NCc2ccccc2)c1O,-0.729517936706543
guided,COc1cc(CN2CCCCC2)ccc1Br,-10.682044982910156
guided,N#CC(C#N)=C(c1ccc2ccccc2c1)c1nc2cc3ccccc3cc2[nH]1,-3.776487112045288
guided,CCCCNC(=O)c1cn(C)c2ccc(S(=O)(=O)N3CCCCCC3)cc2c1=O,-0.7985858917236328
guided,COc1ccc(OC)c(NC(=S)NCc2cccnc2)c1,-3.069851875305176
guided,O=C(CCc1ccccc1)N/N=C(/C=C/c1ccco1)c1ccccc1,-4.312132358551025
guided,Cc1nc(C2=NC(=C3C=CC(=[N+]([O-])[O-])C=C3)C=[S+]2)ccc1C(=O)NN1CCOCC1,-0.4046565890312195
guided,C/[S+]=C1\C=C(c2sccc2C)N=C(C)\C1=C(/[O-])Nc1ccc(C(=O)N2CCCC2)cc1,-2.505674123764038
guided,Cc1noc(C)c1CSc1nnc(-c2ccc(C(C)C)cc2)c2ccccc12,-6.670685291290283
guided,C[C@H](CC(=O)Nc1ccccc1C(F)(F)F)NC(=O)CCC(=O)NCc1ccccc1,-1.3443663120269775
guided,C[C-]1[C+](C(C)C)N[N-]N1[C+]([S-])NC(N[C+]([O-])[CH+][CH-][c+]1[cH-][cH+][cH-][cH+][cH-]1)C(Cl)(Cl)Cl,-1.5744003057479858
guided,CN1CCN(Cc2cc(=O)oc3ccc(Cl)cc23)CC1,-5.511430740356445
guided,O=c1[nH]c2ccccc2cc1CN1CCC(O)(c2ccc(Cl)cc2)CC1,-3.5607264041900635
guided,COc1ccc(OC)c(S(=O)(=O)N2CCC[C@@H](c3n[nH]c(=S)o3)C2)c1,-0.5311600565910339
guided,Cc1ccc(S(=O)(=O)N2CCC(c3nc4c(nnn4Cc4cc(C)ccc4C)c(=O)[nH]3)CC2)cc1,-0.8087762594223022
guided,N[C]1[CH][CH][C](NC[C+]2[CH][CH][CH][C](O[C]3[CH][CH][C](C(F)(F)F)[CH][C]3[N+]([O])[O-])[CH]2)[CH][C]1N([O-])[O-],-0.62757807970047
guided,CCOC(=O)NC(=O)COC(=O)c1ccccc1[N+](=O)[O-],-0.3677326738834381
guided,C/C(=[NH+]\C(=O)Nc1ccccc1)c1ccccc1.CC(C)OP([O-])OC(C)C,-1.1950360536575317
guided,O=C(NS(=O)(=O)c1cccc2cccnc12)c1ccc[nH]1,-0.41001051664352417
guided,CC1[CH+][C-]([O-])N[c+]2[cH-][cH+][cH-][cH+][c-]2N1[C-]([O-])N[C+]1[CH+][CH-][CH+][CH-][CH+]1,-1.2173240184783936
guided,Cc1ccc(NC#[O+])c(Cc2ccccc2/N=C(\[O-])[C@H](C)OC(=O)C(C)(C)C)c1,-1.2494637966156006
guided,COc1ccc(CNC(=O)CSc2nnc(NC(=O)c3ccc(OC)c(OC)c3)s2)cc1OC,-0.8697455525398254
guided,COc1cc(NC(=S)NCCSC2CCCCC2)c(OC)cc1NC(=O)c1ccco1,-2.449510097503662
guided,N#[N+]/C=C(/[O-])CNC(=O)CNC(=O)c1ccc(OCc2ccccc2)c(Cl)c1,-0.3799474239349365
guided,COc1ccc(-c2nnc(SCC(=O)NC3CC3)n2C)cc1COc1ccc(F)cc1,-1.647829294204712
guided,CCC(=O)c1ccc(/C=C/c2cccc(Cl)n2)o1,-5.586018085479736
guided,COc1ccc(N2CCN(C(=S)NCc3ccc(F)cc3)CC2)cc1,-7.317607879638672
guided,Nc1ncnc2c1ncn2[C@@H]1O[C@H](COP(=O)(O)O)[C@@H](O)[C@H]1O,-0.3784519135951996
guided,CO[c-]1[cH+][cH-][c+](-[c-]2[nH][n-][cH+][c+]2[CH-][N-]N[C+]([O-])[C+]([CH+][CH-][c+]2[cH-][cH+][cH-]s2)[c+]2[cH-][cH+][cH-]o2)[c-](OC)[cH+]1,-1.2702839374542236
guided,CCOc1cccc(/C=N/NC(=O)c2sc(-c3ccccc3)nc2C)c1,-3.2358169555664062
guided,CC([C+]1[CH][CH][CH][CH][CH]1)N(C)[C]([S])N[C]1[CH][CH][C](N([O-])[O-])[CH][CH]1,-2.274355411529541
guided,COc1ccc2oc(C(=O)OCC(=O)Nc3ncc(Cl)cc3Cl)c(C)c2c1,-1.6668099164962769
guided,CCCOc1ccc(/C=N/N(Cc2ccc(OC)c(OC)c2)c2nc(C)cc(=O)[nH]2)cc1,-1.4795039892196655
guided,CN(CCc1nc2ccccn2c1/N=C/C=C/c1ccccc1)CC1CC1,-7.5260162353515625
guided,CCN(Cc1nccn1C)c1ccccc1,-8.331483840942383
guided,COc1ccccc1N(CC(=O)O)S(=O)(=O)c1ccccc1,-0.7238859534263611
guided,C[C@@H]1CCCCN1Cc1c(-c2ccccc2)[nH]c(=S)[nH]c1=O,-3.9821414947509766
guided,O=C1Nc2ccccc2[C@@H]1Nc1cccc(OCC(F)(F)C(F)F)c1,-4.513761520385742
guided,COc1ccc(NC[C@H]2CCCO2)cc1OC,-5.069870471954346
guided,O=C(NN[C@@H]1CC(=O)N(c2ccc3c(c2)OCCO3)C1=O)c1ccco1,-0.2890455424785614
guided,O=C(CSc1ncccn1)Nc1ccc2c(c1)oc1ccccc12,-2.6652557849884033
guided,COCC[C@H](NCC(=O)NC1=[S+]C(C)=C(C)/C1=C(\N)[O-])C(=O)OC,-0.430691659450531
guided,O=C(c1ccc([N+](=O)[O-])cc1)c1nc(N2CCCCC2)c2ccccc2n1,-1.3342407941818237
guided,COc1cc([C@H](CC(=O)c2ccccc2)C(C)C)cc(OC)c1OC,-5.793356418609619
guided,Cc1nn(CC(=O)Nc2ccccc2)c(=O)c2nn(CC(=O)N3C[C@H](C)C[C@H](C)C3)c(C)c12,-0.49787452816963196
guided,C[C]1[CH][CH][C]([CH+][NH+]C([C]2[CH][CH][CH][CH][CH]2)[C]2[CH]N([O-])[CH][CH][C]2[O])[CH][C]1N([O-])[O-],-0.5436879396438599
guided,Oc1ccc(Oc2ccc3c(Oc4ccccc4)ncnc3c2)cc1,-3.7690043449401855
guided,COc1ccccc1-c1cc(C(=O)O)nn1-c1ccccc1,-2.486407518386841
guided,COc1ccc(NC(=O)NCCCN2CCCC2=O)c(OC)c1,-0.8816937804222107
guided,[CH2-][c+]1[n-][nH][c+](C)[c-]1[S+2]([O-])([O-])N(C[C-]([O-])NCCCOCC)[C+]1[CH+][CH-][CH+][C-](C)[CH+]1,-0.4800034463405609
guided,COCCCn1c(=O)c2ccccc2n(CC(=O)NC[C@@H]2CCCO2)c1=O,-0.3482262194156647
guided,CC(/C=C/c1ccc(C#N)cc1)=N\NS(=O)(=O)c1ccccc1,-1.152605652809143
guided,C=C/[C-]=[O+]\C/C(N)=N\[N+]#CNC(=O)C/C=C(\[O-])N1CCN(C)CC1,-0.4224400818347931
guided,COCCSc1nnc(NC(=O)Cc2ccccc2)s1,-2.1513943672180176
guided,CCN(CC(=O)Nc1ccc(N2Cc3ccccc3C2=O)cc1)Cc1ccccc1,-4.401292324066162
guided,C[C@@H]1CN(S(=O)(=O)c2ccc(S(=O)(=O)N3CCCCCC3)cc2)C[C@H](C)O1,-0.8685596585273743
guided,[O-][C+](CN1[C+]([O-])CC[C+]1[O-])NN[C-]([S-])NN[c+]1[n-][cH+][c-]2[c+]([nH]1)CCCC2,-0.421196848154068
guided,CNC(=O)[C@@H]1CC(=O)N(c2ccc(OCC(=O)NCc3ccc(OC)cc3)cc2)C1,-0.30652710795402527
guided,CC[P@@](=S)(c1ccccc1)c1cccnc1N,-5.115029811859131
guided,CCC(CC)C(=O)NC[C@H](O)CN1CCCC[C@H]1C(=O)OC,-0.9958304762840271
guided,C[C+]1N[C-]([S-])S[C-]1C1([c+]2o[c-](C)[cH+][c-]2[C+]([O-])O)C2C(C)COC21C.[H+],-1.1624089479446411
guided,CNC(=O)COc1cccc2ccccc12,-5.140744209289551
guided,COCC1CCN(C(=O)[C@@H]2CCC(=O)N(Cc3cccc(F)c3)C2)CC1,-3.780911684036255
guided,NS(=O)(=O)c1ccc(NC(=O)c2ccccc2NC(=O)c2ccccc2Cl)cc1,-1.0670456886291504
guided,CN(C)S(=O)(=O)c1ccc(C(=O)Nc2nc(-c3cccs3)cs2)cc1,-1.491241693496704
guided,CCOc1ccc(N2C(=O)c3ccccc3[C@H]2O)cc1,-3.823521852493286
guided,CCO/N=C\c1ccsc1CNC(=O)Nc1ccc([N+](=O)[O-])cc1,-1.0025635957717896
guided,Cc1cc(Cl)ccc1OCC(=O)N/N=C/c1sccc1C,-4.147105693817139
guided,C/C(=N\Nc1nc(N2CCOCC2)nc(N2CCOCC2)n1)c1ccc(NC(=O)Cc2ccco2)cc1,-0.42645615339279175
guided,[O-][C+](CCCCC[N-][C+]1CC[C+]2OC3[CH+][C-]([CH-]C45OCOC34[O+]25)Cn2[cH+][cH-][cH+][c-]2[CH+][N-]N1)[C-]1[CH-][CH+][CH-][CH+][CH-]1,-1.2383145093917847
guided,CN(CC(=O)Nc1ccc([N+](=O)[O-])cc1Cc1cccs1)C1CCCCC1,-2.482851982116699
guided,NNC(=S)NCCc1ccc(Cl)cc1,-3.58318829536438
guided,N#CCCc1ccc2c(c1)/C(=N/c1ccccc1N)CCC2,-3.350996255874634
guided,Cc1cccc(C)c1NC(=S)NCCSCc1ccc2c(c1)OCO2,-5.753407955169678
guided,Cc1c(S(=O)(=O)N2CCN(c3ccccc3)CC2)c(=O)n(C)c(=O)n1C,-0.5689785480499268
guided,CN1CCc2nc(NC(=O)C3CC3)sc2C1,-4.135210037231445
guided,CNC1(c2nnnn2-c2cccc(C)c2C)CCCCC1,-3.189578056335449
guided,O=C(NNCCc1ccccc1)[C@@H]1CCC(=O)N(c2cccc(C(F)(F)F)c2)C1,-2.827695369720459
guided,CCCCCn1c(=O)c(C(=O)Nc2c(C)n(C)n(-c3ccccc3)c2=O)c(O)c2ccccc21,-1.2937064170837402
guided,Cc1ccc(NC(=O)NNC(=O)[C@@H]2C[C@@]2(C)c2cccc([N+](=O)[O-])c2)cc1C,-0.9782202839851379
guided,Cc1cc(C(F)(F)F)nn1Cc1nccc2ccccc12,-7.292577743530273
guided,O=C(NNc1ccc(S(=O)(=O)O)cc1)/C(=C\c1cccs1)NC(=O)c1ccccc1Cl,-1.1050305366516113
guided,CN(C[C]([O])N[C]1[CH][CH][CH][CH][C]1N([O-])[O-])C[C+]([O])N[C]1[CH][CH][C](F)[CH][CH]1,-0.48726993799209595
guided,COc1ccc(CC2=CC(=O)OC2(C)C)cn1,-3.774202346801758
guided,CC1=C(C)/C(=C(\[O-])NNC(=S)NC[C@H]2CCCO2)C=[S+]1,-1.7264024019241333
guided,O=C(CS(=O)(=O)c1ccc(S(=O)(=O)N2CCOCC2)cc1)NC[C@H]1CCCO1,-0.38271889090538025
guided,N#C/C(=C\c1cccc(O)c1)C(=O)Nc1ccccc1,-1.6556851863861084
guided,CN1CCC[C@H]1c1cccnc1,-9.258427619934082
guided,CCCCN(Cc1cccnc1)C[C@@H](O)c1ccccc1,-6.065239906311035
guided,CCN(CC(=O)NCCc1ccc(S(N)(=O)=O)cc1)CC(=O)Nc1ccccc1OC,-0.21537062525749207
guided,CCOc1cc(C(=O)NC)cc(Br)c1OCc1cccc(F)c1,-4.803666591644287
guided,[O][C](O)[C]1[CH][CH][CH][C+](N[C]([S])N[C]2[CH][CH][CH][C](S([O])([O])N[C]3[CH][CH][C](N([O-])[O-])[CH][CH]3)[CH]2)[CH]1,-0.740090548992157
guided,N[C-](N)[N-][N-][C+]1[CH+][C+](N([O-])[O-])[CH-][CH+][CH-]1,-0.5179298520088196
guided,CCOCCSc1nc(N2CCOCC2)c2c(c1C#N)CC(C)(C)SC2,-3.3592379093170166
guided,C[CH-][C+]([O-])N[C+]1[C][CH+][CH-][C+](N([O-])[O-])[CH-]1,-0.8201829791069031
guided,Cc1onc(-c2ccccc2)c1-c1nc2nc3c(c(=O)n2[nH]1)CCCC3,-0.9039251208305359
guided,Cn1cc(CNS(=O)(=O)c2ccc(NC(=O)c3ccccc3OCc3ccccc3)cc2)c2ccccc21,-2.8922314643859863
guided,N[C+](C[C][C]C[C+]1[CH+][CH-][CH+][CH-][CH+]1)[c-]1[cH+][cH+][n-][c-]1N.[H+],-1.910913109779358
guided,Cc1nc2c(C(=O)N3CCN(C)CC3)cnn2c(C)c1Cc1ccccc1,-3.1534695625305176
guided,CCCc1c(C)c2ccc(O)c([C@@H](CCC=C(C)C)OCC)c2oc1=O,-4.997316360473633
guided,O=C(Nc1cccc(Cl)c1)N1CCN(C/C=C/c2ccccc2)CC1,-6.71372652053833
guided,CCNS(=O)(=O)c1ccc(NC(=O)C2=COCCO2)cc1,-0.386622816324234
guided,Nc1c(C(=O)NCc2ccco2)c2nc3cc(Cl)ccc3nc2n1N,-0.4394436478614807
guided,C[C@@H](CN1CCCC[C@H]1c1ccccc1)OC(=O)c1ccccc1,-7.981584072113037
guided,CCOc1ccc(OC(=O)N[C@@H](CCSC)C(=O)OC)cc1,-1.4438828229904175
guided,C[C@H](Oc1ccc(C(C)(C)C)cc1)C1=C/C2=[O+]/[C-]=C/C=C\[C-]=C\C=C/C#[N+]C2=CC1=O,-7.021337509155273
guided,COc1ccc(N(CC(=O)Nc2nccs2)S(=O)(=O)c2ccc(OC)c(OC)c2)cc1,-0.7255815863609314
guided,[CH2+][C-]([c+]1[cH-][cH+][cH-][cH+][cH-]1)N(C[C+]1[CH+][CH-][CH+][CH+][N-]1)C[C+]([O-])[C+]1[C+](N)N([C-]2[CH-][CH+][CH-][CH+][CH-]2)[C-]([O-])N(CC)[C-]1[O-].[H+],-0.38795220851898193
guided,CC(C)N1C(=O)c2ccccc2[C@H]1C(=O)Nc1cccnc1,-2.3463048934936523
guided,Cc1cc(NC(=O)CCC(=O)N(Cc2ccccc2)[C@@H](C(=O)NC(C)(C)C)c2ccccc2C)no1,-1.9663472175598145
guided,N#C/C(=C(/N)Oc1ccc(F)cc1)c1cccc2ccccc12,-3.665881395339966
guided,Nc1nc(N2CCOCC2)n[nH]1,-0.9885327219963074
guided,COc1cc(OC)c(N/C=N\C(=S)Nc2c(C)cc(C)cc2C)cc1Cl,-4.9481706619262695
guided,O=C1C=C(Nc2ccc(O)cc2)C[C@@H](c2ccc(-c3ccc(F)cc3)o2)C1,-4.270293712615967
guided,CCOc1cc(CNCCO)cc(Br)c1OCc1ccc(F)cc1,-4.23491096496582
guided,[CH2-]CC(C)(C)NC(=O)C1CCN(c2nc(-c3ccccn3)ncc2OCC)CC1.[H+],-1.4531935453414917
guided,O=C(CS(=O)(=O)O)Nc1ncc(C(F)(F)F)cc1Cl,-0.4911908209323883
guided,CCCCC[C@H](CC)C(=O)Nc1cc([N+](=O)[O-])ccc1OC,-1.9571404457092285
guided,O=C(c1ccccc1)c1ccc(OC[C@H](O)CN2CCCCC2)cc1,-3.988116502761841
guided,COc1cccc(CCNC(=O)Cn2cc(C(F)(F)F)ccc2=O)c1OC,-1.6133774518966675
guided,S[C@@H](COCc1ccco1)Cn1c2ccccc2c2ccccc21,-8.742879867553711
guided,CCCN(c1ccccc1C(F)(F)F)S(=O)(=O)c1cn(C)c(=O)n(C)c1=O,-0.8051002025604248
guided,CN(C)CCCn1c(=O)c2ccccc2c(=O)n1CC(=O)c1ccc(C(C)(C)C)cc1,-2.4714043140411377
guided,Cc1cccc(C(=O)NCc2cccnc2)c1C,-4.8493876457214355
guided,COc1ccccc1NC1=C(NC(C)=O)CN(Cc2ccco2)CC1,-2.063839912414551
guided,CCCCCC(=O)NNC(=O)CCc1ccccc1,-2.7498717308044434
guided,COc1ccc(/C=C/C(=O)Nc2nc(C)c(C(C)=O)s2)cc1,-2.1810805797576904
guided,NNC(=O)CNC(=O)[C@@H](NC(=O)[C@@H](NC(=O)c1cccnc1)c1ccccc1)c1ccccc1,-0.2622281610965729
guided,CCCC(=O)c1c(NCCO)cc(C)oc1=O,-0.9494757056236267
guided,COc1cc(C(=O)O)ccc1OC/C=C(\C#N)C(=O)Nc1ccccc1Sc1ccccc1,-2.227609634399414
guided,COCCN(CCNC(=O)CNC(=O)c1nn(-c2ccc(OC)c(Cl)c2)c(=O)c2ccccc12)C(C)C,-0.4063480794429779
guided,CCC(=O)Nc1cccc(C(=O)c2cc3ccccc3oc2=O)c1,-1.6198421716690063
guided,C/C(=N\Nc1cc(C)nc(NCc2ccccc2)n1)c1cccc(N)c1,-1.4447256326675415
guided,N#CCCCCN1CCCCCC1,-7.455984592437744
guided,CC1=CC(C2=[N+]=[N+]=[N+]3C2=N/C(=N\c2ccccc2C)c2ccccc23)C=C[CH-]1.C[CH-]C.[H+].[O-2],-2.972219228744507
guided,FC(F)OC(F)(F)[C@@H](F)Cl,-11.330460548400879
guided,CC(=O)c1sc(NC(=O)c2cc(-c3ccccn3)nc3ccccc23)nc1C,-2.037686586380005
guided,C[c-]1[cH+][cH-][c+](N[C-]2[N-][N-][C+](SC[C+]([O-])[C+]3[CH+][CH-][C+]([C][NH-])[CH-][CH+]3)S2)[c-](C)[cH+]1,-2.3303513526916504
guided,S=C(Nc1cccc2ccccc12)N1CCN(Cc2ccc(-c3ccccc3)o2)CC1,-8.74810791015625
guided,CCCN1CNC(=S)N(C[C@H]2CCCO2)C1,-6.985382556915283
guided,CCO[C@H]1OC(=O)C(Cl)=C1Nc1ccccc1C,-4.174731254577637
guided,CCOc1ccc([C@H]2C(C(=O)c3cc4ccccc4o3)=C(O)C(=O)N2CCCN(CC)CC)cc1,-2.726667642593384
guided,C/C(=N\O[C@H]1OC[C@H](O)[C@H](O[C@@H]2O[C@@H](CO)[C@@H](O)[C@@H](O)[C@H]2O)[C@H]1O)c1ccccn1,-0.38904833793640137
guided,CCCC(=O)Nc1ccc(NC(=O)C2CC2)cn1,-1.5581650733947754
guided,CC(C)C(=O)Nc1c2c(nn1-c1ccc([N+](=O)[O-])cc1)CS(=O)(=O)C2,-0.4237827658653259
guided,Fc1ccc2nc(CCCCCNc3ccccc3)[nH]c2c1,-6.247259140014648
guided,CCOC(=O)Cn1c(CN2CCN(C(c3ccccc3)c3ccccc3)CC2)nc2c1c(=O)n(C)c(=O)n2C,-0.3748263120651245
guided,[CH2-][C+]1[CH-][CH+][C+]([C+]([O-])C2CCCN([C-]([O-])[c+]3[cH-][cH+][c-](OC)o3)C2)[CH+][CH-]1,-1.3745827674865723
guided,CCCCc1ccccc1Nc1ccc2c3c(cccc13)C(=O)NC2=O,-4.253794193267822
guided,NCS[N-][S+2]([O-])([O-])[C][C+](CS[c+]1[cH-][cH+][cH-][cH+][cH-]1)[C+]([CH-][c+]1[n-][n-][c+](SC[c+]2[cH-][cH+][cH-][cH+][cH-]2)s1)[C+]([O-])OC[c+]1[cH-][cH+][cH-][cH+][cH-]1.[H+],-2.820807933807373
guided,COc1ccccc1N(Cc1ccco1)NC(=O)Cc1ccc(F)cc1,-3.7049882411956787
guided,COc1cc(/C=N/NC(=O)c2cccnc2)ccc1O,-0.6498979330062866
guided,Cc1nc(/C=N/NC(=O)C2=NN(c3ccc(C(=O)c4ccccc4)cc3)C(=O)CC2)cc(=O)[nH]1,-0.3880421817302704
guided,COc1ccc(S(=O)(=O)N2CCCCC2)cc1NC(=O)c1ccc([N+](=O)[O-])cc1,-0.7814424633979797
guided,CC(=O)c1ccc(N2Cc3ccccc3/C2=N/c2ncccc2C#N)cc1,-2.7591028213500977
guided,C/C(=N\N=C1/S[C@H](CC(=O)O)C(=O)N1Cc1ccccc1)c1ccccc1,-1.4118444919586182
guided,COc1ccc(C(=O)NC(=O)NCc2ccc3c(c2)OCO3)cc1OC,-0.4695310592651367
guided,CCC(=O)c1ccc(NC(=O)CN2CCN(c3ccc(F)cc3)CC2)cc1C,-3.793046474456787
guided,CCCCC/C=C(\CC(=S)Nc1ccc(OC)cc1)c1ccccc1,-11.773757934570312
guided,O=c1c(CC2CCCCC2)c(O)cc(-c2cccs2)n1-c1ccccc1,-6.859334468841553
guided,O=C(O)CCc1ccc(S(=O)(=O)N2CCCC2)s1,-1.2448338270187378
guided,CN(C[C]1[CH][CH][CH]O1)[C]1[CH][CH][C](N2[C]([O])CC[C+]2[O])[CH][C]1N([O-])[O-],-0.5113085508346558
guided,CCCNC(=O)COC(=O)CN1C(=O)[C@H]2CC=CC[C@H]2C1=O,-0.5343897938728333
guided,CCCCN(CC)[C-]([S-])N([NH-])[c+]1[n-][c+](C)[cH-][c+](C)[n-]1,-2.836566686630249
guided,CN(C)[C-](CCCCO[CH+][C+]([O-])[O-])CO[C+]([O-])[C+]([c-]1[cH+][cH-][cH+][cH-][cH+]1)[c-]1[cH+][cH-][c+](C(F)(F)F)[cH-][cH+]1.[H+],-0.6147960424423218
guided,CCC(=O)Nc1ccccc1COC(=O)CC,-3.0775387287139893
guided,CO[c-]1[cH+][cH-][c+](CCCN[C-]([O-])CC[N-][CH+][CH+][c+]2[cH-][c+]3[cH-][cH+][c-](C)[cH+][c-]3n3[c+]2[n-][cH+][c-]3C)[cH-][cH+]1,-2.444678544998169
guided,CCC[CH-][c+]1[c+]([O-])n(C[C+]2[CH+][C+](N([O-])[O-])[C-](OC)[CH+][CH-]2)[c+]2n([c-]1[C+]1[CH+][C+](OC)[C-](OC)[C+](OC)[CH-]1)[N-][N-][N-]2,-1.4094961881637573
guided,COc1ccc(CCNCc2ccc(C)cc2[N+](=O)[O-])cc1,-2.5159494876861572
guided,[CH2+]CCC(CCCCC[C+]([O-])NC[C][N-2])N[C+]([O-])[C+]1[CH+][CH+][CH-][CH+][CH-]1,-0.65103679895401
guided,Cc1cccc(N(CC(=O)N/N=C/c2ccco2)S(=O)(=O)c2ccccc2)c1,-0.8042935132980347
guided,CCOc1ccc(/C=C2\SC(=S)N(CCC(=O)Nc3ccc(C(=O)O)cc3)C2=O)cc1,-1.4242322444915771
guided,Cc1ccc2nc(S[C@@H](C)C(=O)Nc3nnc(C)s3)[nH]c2c1,-1.2181848287582397
guided,CC(=O)C[C@@H](c1ccccc1)c1cccs1,-9.919875144958496
guided,CCCCn1nnc(NC(=O)Cc2cccc(C(F)(F)F)c2)n1,-1.6390070915222168
guided,CCOc1cc(Oc2ccc(OC)cc2[N+](=O)[O-])cc2oc(=O)ccc12,-1.3038195371627808
guided,CC(=O)Nc1ccc(NC(=O)C[C@H]2S/C(=N\c3ccccc3)NC2=O)cc1,-0.7235570549964905
guided,C[C@@]12CCC(=O)N1[C@@H](C(=O)Nc1nc3ccc(S(C)(=O)=O)cc3s1)CS2,-0.45754897594451904
guided,Cc1ccc(C(=O)OCc2ccccc2)c(C)c1,-7.996564865112305
guided,Cc1cc(C)cc(N(C(=O)CCC(=O)Nc2ccccn2)[C@H](C(=O)NC2CCCC2)c2cccnc2)c1,-1.909467101097107
guided,COCCCn1c(/N=C\c2ccccc2C)nc2c1c(=O)[nH]c(=O)n2C,-0.3602122366428375
guided,O=C(Cn1c(=O)oc2ccc(Cl)cc21)NC1CCN(Cc2cccc(F)c2)CC1,-2.148235559463501
guided,CCCOc1ccc(C(=O)OCCN2CCOCC2)cc1,-3.8064355850219727
guided,Cc1ccc(C)c(C(=O)CCCSc2nnc(-c3ccco3)o2)c1,-3.173611879348755
guided,C[C@H](C(=O)N1CCCCC1)N1CCN(C(=O)c2ccc(F)cc2)CC1,-4.441456317901611
guided,C[C@H]1C[C@@H]1C1=CC=C(C=C(C#N)C#N)C1=O,-2.1881260871887207
guided,CN(C)Cc1cnc[nH]1,-6.284982204437256
guided,CCCCC/C=N/NC(=O)c1nnn(-c2nonc2N)c1-c1cccc(OCC)c1,-0.5844520330429077
guided,COC1=C/C(=C/c2c(N)n3nc(CC(=O)N4CCCCC4)sc3nc2=O)C=CC1=O,-0.3960321545600891
guided,COCC(=O)N1CCN(c2ccccc2)CC1,-5.955621242523193
guided,c1coc(CNCC2CCCCC2)c1,-7.8936309814453125
guided,C/C(Cc1ccccc1)=N/NC(=O)c1cc(-c2ccccc2Cl)n[nH]1,-2.5917367935180664
guided,CC[C@H]1Sc2ccccc2N(CC(=O)NCCCN2CCN(Cc3ccccc3)CC2)C1=O,-3.3280584812164307
guided,CCCCN1C(=O)Cc2cc(S(=O)(=O)Nc3nc4c(s3)C[C@H](C)CC4)ccc21,-1.8148478269577026
guided,CC(=O)c1cn(CCCc2ccccc2)c(=O)[nH]c1=O,-1.3233935832977295
guided,C/C=C1\[N-]N(CCCC)C(=O)c2cc3occc3n21.[H+],-4.070459365844727
guided,COCCn1c(=O)c2cccn2c2cccnc21,-3.6151692867279053
guided,COC(=O)c1ccc(C(=O)Nc2cccc3c2CCCC3)cc1,-3.615943193435669
guided,C/C(Cc1ccccc1)=N\NC(=O)C(=O)N/N=C/c1ccc(F)cc1,-0.8013660311698914
guided,CC([C]1[CH][CH][C](N([O-])[O-])[CH][CH]1)[C+]([O])N[C]1[N][C]([C]2[CH][CH][CH]S2)[CH]S1,-0.9225117564201355
guided,Cc1onc(-c2ccccc2)c1C(=O)N1CCN(S(=O)(=O)c2ccc(OC(F)(F)F)cc2)CC1,-1.2148851156234741
guided,CO[C+]1[C-]2[CH+][CH-][C-](OC)[CH+][C-]2N[c+]2[n-]n(C[c+]3[cH-][cH+][cH-][cH+][c-]3Cl)[cH+][c-]21,-4.125364303588867
guided,CN(C)S(=O)(=O)c1ccc(CCC(=O)N2CCCC2)cc1,-2.6494297981262207
guided,COc1ccc(Cn2c(=O)[nH]c3cc(C(=O)NCc4ccccc4C)ccc32)c(C)c1C,-2.2557294368743896
guided,CC(=O)Nc1nc2ccccc2n1Cc1cccs1,-4.317963123321533
guided,COc1ccc(N2CCN(CNC(=O)c3ccco3)CC2)cc1,-2.499007225036621
guided,O=C(OCc1ccccc1C(F)(F)F)[C@H]1CCCN(Cc2ccccc2)C1,-8.17346477508545
guided,Nn1c(-c2cccs2)cc(=O)n(CCC2=CCCCC2)c1=O,-1.6627705097198486
guided,Cc1nc(OCc2ccccc2)c2sc3nc4c(cc3c2n1)COC(C)(C)C4,-4.526083469390869
guided,COc1cc(SC)cc(C(=O)Nc2ccc3c(c2)OCCCO3)c1,-3.5882716178894043
guided,C=CCOc1ccc(Cl)cc1/C=C1/C(=O)ON=C1C,-4.359354019165039
guided,CN(C/C=C([O-])\[NH+]=C1\C=CC=C\C1=N/c1ccccc1)CC(=O)c1ccc(C#N)cc1F,-0.3515658676624298
guided,O=C(O)c1ccccc1-c1ccccc1C(=O)Nc1nc2ccccc2s1,-2.7118098735809326
guided,C=CCN1C(=O)NC(=O)/C(=C(\C)NN2CCC(Cc3ccccc3)CC2)C1=O,-0.8694848418235779
guided,CN(C)CCN(C(=O)COc1ccccc1)c1nc2cc3c(cc2s1)OCO3,-2.30704402923584
guided,CC[C@H](CO)N[C@H](CC(=O)n1cccn1)c1ccccc1,-1.7860366106033325
guided,CC(C)O/N=C(/C1=C=[S+]C(N)=N1)[C-]([O-])O.[H+],-0.5032491087913513
guided,C=CCNCCOc1ccc(C2CCCCC2)cc1,-9.135900497436523
guided,CNC(=S)N1CCC(NC(=O)NCCCNc2ccc(Cl)cc2)CC1,-1.8749849796295166
guided,CC(=O)Nc1nnc(S[C@@H]2CCOC2=O)s1,-0.8388315439224243
guided,CO[C@@H](O)c1cc(C)nc(NN=C2CCCCC2)c1C#N,-0.8532647490501404
guided,CCC(=O)N[C@@H](NC(=S)Nc1ccccc1O)C(Cl)(Cl)Cl,-1.727223515510559
guided,CCOc1ccc(Oc2nc3c(c(=O)n(C)c(=O)n3C)n2Cc2ccc(C)cc2)cc1,-1.222625970840454
guided,CN(C)N(Cc1ccc(Cl)cc1)c1ccc(O)cc1,-7.850772380828857
guided,C[c-]1[cH+][cH-][c+](-[c-]2[n-][c+]([CH+][N-][c+]3[cH-][cH+][c-]([C][N-2])[cH+][c-]3N([O-])[O-])[c+]3[cH+][cH+][cH+][cH+][c+]3o2)[cH-][cH+]1,-3.623497724533081
guided,CCOC(=O)N1CCC(NC(=O)C2CCN(C(=O)c3cc4sccc4n3CC)CC2)CC1,-1.3442037105560303
guided,CCCNc1cc(C)c(C#N)c2nc3ccccc3n12,-3.834583282470703
guided,CCOc1ccc(-n2nnnc2SCC(=O)c2ccccc2)cc1,-1.9308222532272339
guided,CNC1=C([C@@H](C(=O)c2cccc3ccccc23)c2ccccc2)C(=O)c2ccccc2C1=O,-4.345702171325684
guided,Cn1c(=O)c2c(nc(CN3CCCCCC3)n2CC(=O)O)n(C)c1=O,-0.34484347701072693
guided,Cc1cccc(N(C(=O)c2cccs2)[C@@H](C(=O)NC2CCCCC2)c2ccncc2)c1,-4.31907320022583
guided,Nn1cc(CCc2ccncc2)nc1-c1cccnc1,-1.5685417652130127
guided,C/C(=N\N=C1\NC(=O)[C@H](Cc2ccc(F)cc2)S1)c1cccs1,-3.720449447631836
guided,COc1ccc(NS(=O)(=O)c2cccc(C(=O)N3CCN(S(C)(=O)=O)CC3)c2)cc1,-0.26741519570350647
guided,O=C(C/[S+]=c1\nc2ccccc2c([O-])[nH]1)NNC(=O)c1ccccc1,-0.2583189308643341
guided,[CH2-][C@H]([O-])[C@H](O)[C@@H](C)[C@@H](OCC)/[O+]=C/[C@H](CC)[C@@H](O)[C@@H]([O-])C/[O+]=C1\C=CC=[C-]\C1=c1\cccc2c1=[N+]=CC=C2.[H+],-0.4459318220615387
guided,CCO[c-]1[cH+][cH-][c+]([C-]([O-])N[C+]2[CH+][CH-][C+](N3[CH-]CCCCCC3)[CH-][CH+]2)[cH-][c+]1N.[H+].[H+].[H+],-1.7865080833435059
guided,CC(=O)Oc1ccccc1[C@H]1CCCC(=O)N1CC(=O)Nc1cccc(C(C)=O)c1,-1.1063646078109741
guided,NS(=O)(=O)c1ccc(NNC(=O)c2ccccc2F)cc1,-0.3422354459762573
guided,COc1cccc(/C=N/C[C@@H](CCOc2ccc(Cl)cc2Cl)n2ccccc2=O)c1O,-3.1539480686187744
guided,Cc1cc(OCc2nc3ccccc3[nH]2)cc(C(C)C)c1,-6.694901943206787
guided,COc1cc(OC)cc(C(=O)N/N=C(\C)CC(=O)NCc2cccs2)c1,-0.7137532830238342
guided,C[C]1[C]([C+]([O])N[C]2[CH][CH][C]([C]([O])O)[CH][CH]2)[CH][CH][CH][C]1N([O-])[O-],-0.5524789094924927
guided,CCOC(=O)CNc1ncnc2sc3c(c12)CCC3,-2.129145622253418
guided,[CH2][C]1[C][C](N(C[CH2-])[C]([O])CN2[N+][N+][C]3[CH][CH][CH][CH][C]32)[CH][C](OC)[C]1N[C]([S])NCCOC,-0.49555736780166626
guided,CN1CCN(CC(=O)N2c3ccccc3Sc3ccccc32)CC1,-7.494762420654297
guided,Nc1cnc(-c2ccccc2)c(N2CCN(Cc3ccc4c(c3)OCO4)CC2)c1,-2.530806541442871
guided,O=S(=O)(NC1CCCC1)c1ccc(Cl)s1,-4.385737419128418
guided,O=C(CCC(=O)C1CCCCC1)OCC(=O)N1CCN(C(=O)c2ccco2)CC1,-0.5560596585273743
guided,COc1ccc(C)cc1NC(=O)c1sc2nc(C)nc(Nc3ccc(NC(=O)C(C)C)cc3)c2c1C,-3.581317663192749
guided,CCOc1ccc([C@H]2NC(=O)c3cc(OCc4cnn(-c5ccccc5)c4)ccc3O2)cc1,-2.7453577518463135
guided,CCCCn1cnc2c(sc3nc4c(cc32)CCC4)c1=O,-4.408196926116943
guided,Nc1nn(-c2cccc(Cl)c2)nc1C(=O)NCCc1cccs1,-0.8558374047279358
guided,Cc1ccc(N2C[C@H](C(=O)Nc3nnc(-c4cccc(C)c4)s3)CC2=O)cc1,-2.015453338623047
guided,Cc1nc(N2CCN(S(=O)(=O)c3ccccc3)CC2)c(C#N)c2c1COC(C)(C)C2,-0.8607370257377625
guided,Cc1cs/c(=N\C(=O)CC(C)C)n1Cc1ccccc1,-6.394315719604492
guided,Cc1ccc(NC(=O)c2ccccc2-c2cc3ccccc3oc2=O)c(C)c1,-4.653380870819092
guided,COc1cc(/C=C/C2=CCCCC2)ccc1O[C@H]1CCCC[C@@H]1C(=O)O,-5.039191246032715
guided,CO[c-]1[cH+][c-]([C+]2[c+]3[nH][c-]4[cH+][cH-][cH+][cH-][c+]4[c-]3CC3[C-]([O-])N([C+]4[CH+][CH-][CH+][CH-][C+]4[CH-]O)[C+](C)[C+]([O-])N23)[cH+][c-](O)[c+]1[C-]([O-])O.[H+].[H+],-0.2951105833053589
guided,Cc1ccc([C@@H]2CCC[C@H](N(CC/C=C/CC(=O)O)C(=O)N[C@H](Cc3ccccc3)C(=O)O)C2)cc1,-2.4683306217193604
guided,CCC(=O)N/C(=C/c1ccc2c(c1)OCO2)C(=O)NC[C@H]1CCCO1,-0.6405661702156067
guided,O=C(NC(=S)Nc1ccccc1C(=O)NCc1ccco1)c1ccc(Cl)cc1,-1.7437783479690552
guided,CCS(=O)(=O)N1CCCCCC1,-5.415250778198242
guided,Cc1cc2oc(CC(=O)Nc3ccccn3)cc2c(C)c1C,-3.8493189811706543
guided,C/C(=C\C=C\[C@@H]1[C@@H](C)CCCN1C(=O)Nc1ccc(C)cc1C)c1cccc(NC(=O)CCC(=O)O)c1,-3.946911334991455
guided,CN(c1ccccc1)[C@H]1CC(=O)N(c2ccc(F)cc2)C1=O,-5.00840950012207
guided,CC(=O)Nc1ccc(NC(=O)[C@H](C)OC(=O)CN(C)S(=O)(=O)c2ccccc2)cc1,-0.3552370071411133
guided,C=CCc1ccccc1OCCOc1ccc(C(=O)OCC)cc1,-5.229613304138184
guided,COc1ccccc1N1CCN(C(=O)c2ccc(C)s2)CC1,-6.403346538543701
guided,O=C(c1ccc(-c2ccccc2)cc1)[C@@H]1CCCN(Cc2ccc(Br)cc2)C1,-11.60033130645752
guided,CC(C)c1ccccc1CN1C(=O)c2ccc(N3CCOCC3)cc2C1=O,-4.165215969085693
guided,COc1cc(C)ccc1OCCCN1C(=O)C(=O)c2ccccc21,-3.1895534992218018
guided,C[C]1[CH][CH][C](N[C+]([O])CN2CC[C]3[CH][CH][CH][CH][C]32)[CH][C]1N([O-])[O-],-0.8560788631439209
guided,O=C([C@H]1CCCO1)N1CCN(S(=O)(=O)c2ccc3ccccc3c2)CC1,-1.7475776672363281
guided,CCOc1cc(C(C)(C)C)ccc1S(=O)(=O)NC(C)C,-3.3570117950439453
guided,O=C(OCCCC1CCCCC1)c1ccc(S(=O)(=O)N2CCOCC2)cc1,-1.9396085739135742
guided,CCCC(=O)NCCCOC(C)C,-5.272503852844238
guided,[CH2-][C+]1[CH-][C+](OC[c+]2[cH-][cH+][cH-][cH+][cH-]2)[CH+]N1[N-][CH-]NN,-1.988585352897644
guided,COc1ccc([C@@H]2C[C@@H](c3ccc(C)cc3)n3ccnc3N2)cc1,-6.277282238006592
guided,Cn1c([C@H]2CC(=O)N(C3CCCCC3)C2)nc2ccccc21,-5.707920074462891
guided,OC1(c2nnc(-c3ccccc3)o2)CCCC1,-2.7091760635375977
guided,CCOC(=O)c1cc2nc(-c3ccc(OC)c(OC)c3)cc(C(F)(F)F)n2n1,-1.8864699602127075
guided,CCn1c(-c2cccs2)nc2ccccc21,-9.683820724487305
guided,CCOc1ccccc1OCCn1nnc2ccccc2c1=O,-1.8668241500854492
guided,CCOCCN(Cc1ccco1)C(=S)Nc1ccc(F)c(F)c1,-6.174078464508057
guided,Cc1ccccc1-c1cc(C(=O)NC[C@@H]2CCCO2)c2cccc(C)c2n1,-4.665322303771973
guided,C[C@@H](CCc1ccccc1)NC(=O)C(=O)NCCCN1CCOCC1,-1.376891851425171
guided,[H+].[O-][C+](NC[C-]([O-])N1CC[c+]2[c-]([nH][c+]3[cH-][cH+][cH-][cH+][c-]23)C1[c+]1[cH-][cH+][c-]2o[c+]3[cH-][cH+][cH-][cH+][c-]3[c+]([O-])[c+]2[cH-]1)NC1CCCCC1,-1.1294833421707153
guided,Cc1ccc(OCCN2CCN(C(=O)c3ccco3)CC2)cc1,-4.158596038818359
guided,Cc1ccc(-n2nc3c(c2NC(=O)c2cccc(S(=O)(=O)N(C)C)c2)CSC3)cc1,-1.3256081342697144
guided,O=C(COc1ccccc1[N+](=O)[O-])NC(=S)N1CCCC1,-0.6573830842971802
guided,COc1cc2c(cc1OC)C1(CCCC1)CN[C@@H]2c1cccc2ccccc12,-8.647014617919922
guided,COc1cc([C@H]2[C@H](C(=O)O)c3ccccc3C(=O)N2C)cc(OC)c1OC,-0.8964992165565491
guided,COc1cc2cc(-c3ccc(S(=O)(=O)N4CCCCC4)cc3)[nH]c(=O)c2cc1OC,-1.1215896606445312
guided,O=C(CCCCCNC(=O)C(F)(F)F)Cc1ccccc1,-4.487381935119629
guided,Cc1cc(-c2ccc(F)cc2)nc(N2CCC(C(=O)NNC(=O)c3ccc(C(=O)O)cc3)CC2)n1,-0.7347120046615601
guided,CCSC#CC(C)(C)O,-8.56941032409668
guided,CCOc1ccccc1[C@H]1c2[nH]c3ccccc3c2C[CH-]N1C(=O)CN(C#[O+])C1CC1,-2.6274216175079346
guided,C=C1[CH-]C=CO1.N#C/C=c1/c(=C2\C=CC=[S+]2)nc2ccccn12,-3.451727867126465
guided,CN(C)S(=O)(=O)c1cccc(C/[S+]=c2\nc3scc(-c4cccs4)c3c([O-])[nH]2)c1,-1.1392662525177002
guided,CCCC(=O)Nc1nc(C)c(C(=O)Nc2ccc(F)cc2)s1,-2.1979992389678955
guided,Cc1ccccc1N(C(=O)CSc1nnc2ccccn12)[C@@H](C)C(=O)NC1CCCCC1,-1.9070385694503784
guided,CCC(=O)Nc1c2c(nn1-c1ccc(C)cc1)CS(=O)(=O)C2,-0.8935878872871399
guided,COc1cc2c(cc1OC)CN(c1nnc(C)c3ccccc13)CC2,-4.467055320739746
guided,COc1cccc(CN2C(=O)N[C@@H](Cc3ccc(OC(=O)c4cc5ccccc5oc4=O)c(OC)c3)C2=O)c1,-1.1235136985778809
guided,CCO[C-]([O-])[C+]1[CH+][CH-][C+](OC[C-]2[CH+][CH-][CH+][C][C+]2[N-][N-][CH+][c+]2[cH-][cH+][cH-][cH+][cH-]2)[CH-][CH+]1.[H+],-2.3969733715057373
guided,CC(C)[C@@H]1C[C@@]1(C)[C@H](C)NC(=O)CCc1nnc(CCC2CCCCC2)o1,-3.455575466156006
guided,COc1ccccc1/C=C/CN1CCC(Oc2ccc(C(=O)NCCN3CCOCC3)cc2)CC1,-2.6060454845428467
guided,COc1ccc2nc(/C=N/NC(=O)CCCC(=O)O)ccc2c1,-0.3833544850349426
guided,C=CCc1c(NCCO)nc(C)[nH]c1=O,-1.0704702138900757
guided,Cc1c(C(=O)N2CCOCC2)c(S(=O)(=O)Nc2ccc(OC(F)(F)F)cc2)c(C)n1C,-0.8352823257446289
guided,NS(=O)(=O)c1cccc(NC(=O)COC(=O)C2(c3ccccc3)CCCC2)c1,-0.4830538034439087
guided,C[C@H](Sc1nc2c(c(Cc3ccccc3)c1C#N)CCCC2)C(N)=O,-1.5068026781082153
guided,Cc1cc(-c2n[nH]c(Cc3ccc4c(c3)OCO4)c2C#N)cs1,-2.227980375289917
guided,COCc1nnc(SCC(=O)Nc2ccccc2)n1C[C@H]1CCCO1,-1.0647751092910767
guided,S=C(NCc1ccccn1)Nc1ccccc1Cl,-5.910236835479736
guided,Cc1ccc(-c2cn(S(=O)(=O)c3ccc(C(=O)c4ccccc4)cc3)nc2N)cc1,-1.369192123413086
guided,CCCCCN[C-]([O-])C[CH+][CH+][C][CH+][c-]1[cH+][cH-][c+](N(C)C)[cH-][cH+]1,-5.519433498382568
guided,C[O+](O)[C-]([O-])NC1CCCCCC1,-2.7388954162597656
guided,C=[NH+]CC[CH-]Oc1ccc(CC(=O)N(C)CC(=O)Nc2ccc(Cl)c(F)c2)cc1,-1.2822744846343994
guided,CNc1nc2c(c(=O)[nH]c(=O)n2C)n1CCCc1ccccc1,-0.5823684334754944
guided,[CH2-]N1CN=C(N[N+](=O)[O-])N2c3ccc(F)cc3[C@@H](C)N(C)[C@H]12.[H+],-1.0060182809829712
guided,CC(=O)NC1=[S+]C2=C(CCC2)/C1=C(/[O-])NCc1ccco1,-0.9926612377166748
guided,CCOC(=O)c1ccccc1C(=O)Nc1ccc(C(F)(F)F)cc1,-4.005295753479004
guided,CO[c-]1[cH+][c-]2o[c+]([O-])[c-](C)[c+](C)[c+]2[cH-][c+]1[S+2]([O-])([O-])N1CCN([c-]2[cH+][cH-][cH+][c-]3[n-][cH+][n-][c+]23)CC1,-0.4162362515926361
guided,COC(=O)c1cn(C(=O)c2ccc(OC)c(OC)c2)c2ccccc12,-2.150214433670044
guided,COc1ccc(N/C=C(\C#N)S(=O)(=O)c2cccc([N+](=O)[O-])c2)c(OC)c1,-0.6875513195991516
guided,Nc1nnn(Cc2ccccc2F)n1,-1.5688632726669312
guided,O=C1c2cc(OC[C@H](O)[C@H](O)CN3CCCCC3)ccc2[C@@H](O[C@H]2O[C@H](CO)[C@H](O)[C@@H](O)[C@@H]2O)c2cc(CO)cc(O)c21,-0.3492617905139923
guided,[O-]C1=CCCC[C@@H]1CCC=[N+]1CCCCC1,-7.533949375152588
guided,Cc1ccc([N+](=O)[O-])cc1NC(=O)c1ccc([N+](=O)[O-])o1,-0.6990988254547119
guided,Nc1nc(CSCCO)nc(Nc2ccc(F)cc2)n1,-0.3741992712020874
guided,[CH2-]C=[S+3]([O-])([O-])Cc1c[cH-]c(/C([C]OC)=[C+](\[O-])O)[o+]1,-0.388337105512619
guided,CCCN[C-]([O-])C1CS[C+]2[CH+][CH-][CH+][CH-][C+]2[N-][C-]([O-])[C+]2[CH-][CH+][CH-][CH+][C+]2O1,-0.9663583040237427
guided,Cc1ccccc1OCC(=O)NNC(=O)[C@H](C)/N=N/[C-](C)n1c(C#[O+])nc2ccccc21,-0.5132079124450684
guided,N#C[C@H](c1nc2cc(Cl)ccc2cc1-c1ccccc1)N1CCOCC1,-4.955669403076172
guided,CCC[N-][c+]1[n-][c+]2[cH-][cH+][cH-][n-][c+]2[c+]([O-])n1N(C[c+]1[cH-][cH+][cH-][c+](N([O-])[O-])[cH-]1)[C+]([O-])[c+]1[cH+][n-][cH-][cH+][cH-]1,-0.4086013436317444
guided,Cn1c(C(=O)Nc2ccc(Cl)cc2)cc2sccc21,-6.953988075256348
guided,CCCCCCNc1nc(NC(C)C)nc(Oc2ccc(=O)[nH]n2)n1,-0.6736409664154053
guided,OCCCNc1ncccc1O,-1.968428134918213
guided,CCNc1oc(-c2ccccc2)nc1C#N,-2.458901882171631
guided,[O][C](NC1([C]2[CH][CH][CH][C](N([O-])[O-])[CH]2)O[C]2[CH][CH][CH][CH][C]2O1)[C+]1[CH][CH][CH]S1,-0.7149213552474976
guided,COc1cccc(C(=O)NC2=[S+]C=C/C2=C(\N)[O-])c1,-0.5030966401100159
guided,CCCCC(=O)O[C@@H](C/C=C/c1ccccc1)C(=O)CO,-2.377939224243164
guided,CONc1nc2ccc([C@@H](C)c3ccc([N+](=O)[O-])cc3)cc2s1,-2.3287105560302734
guided,CO[C]([O])[C][CH][O+]C(C)CCN1[C]([O])[C]2[CH][CH][CH][CH][C]2[C]1[O],-0.8927202820777893
guided,CC(C)=CC(=O)O[C@@H](C)C(=O)NC1CC1,-2.934748411178589
guided,[O-][c+]1[cH-][cH+][cH-][c+]2n1CCCC2[CH-]N1CCN([c+]2[cH-][cH+][cH-][cH+][cH-]2)CC1,-5.97104024887085
guided,CNC(=S)N1CCN(c2nc3ccccc3s2)CC1,-6.277675628662109
guided,CCNC(=O)C/[S+]=c1\nc([O-])cc(C)n1C,-1.5050324201583862
guided,C/C(=N\NC(=O)c1nn(C)cc1Cl)c1ccc(C)cc1,-2.719806432723999
guided,COCn1c([C@@H](O)c2ccccc2)cc2ccccc21,-6.324071884155273
guided,CN1CCN(Cc2nc3ccccc3n2CC2CCCCC2)CC1,-8.1707181930542
guided,Cc1cccc(CCNS(=O)(=O)c2ccc3c(c2)C[C@H](C)N3C(=O)CCC(=O)O)c1,-0.6551418304443359
guided,CC[C@H](CN(C)CC1CC1)c1ccccc1,-12.830918312072754
guided,COc1cc(SC)ccc1/C=C/C(=O)Nc1nc(-c2ccccc2)cs1,-5.345757961273193
guided,COc1cc(C)ccc1OCCCOc1c(OC)cc(C(=O)O)cc1OC,-1.4638433456420898
guided,C[C@H](Sc1c[nH]c2ccccc12)C(=O)N1CCN(S(=O)(=O)Cc2cccc(F)c2)CC1,-1.9068365097045898
guided,CCOc1ccc(C(=O)Nc2nnc(-c3ccncc3)o2)c2ccccc12,-1.394608736038208
guided,CN(C[C@H]1CC=C(Sc2ccccc2)CC1)C1CCCCC1,-14.813955307006836
guided,COC(=O)c1ccccc1NC(=S)N1CCN(C[C@H]2CC=CCC2)CC1,-4.716979026794434
guided,CC(=O)C1=NO[C@H]2C(=O)N(Cc3ccccc3)C(=O)[C@@H]12,-1.0717519521713257
guided,COc1ccc2occ(Oc3cc(C)nn3C(C)(C)C)c2c1,-4.986880779266357
guided,COCCn1c(-c2ccccc2C)nc2ccccc21,-7.792733192443848
guided,COCCNC(=O)Cn1ccc2cccnc21,-2.6902506351470947
guided,Cc1nc2ccc(Br)cc2[nH]1,-7.155923366546631
guided,CC1=C([O-])N(CCC/N=[CH+]/c2ccc(F)cc2)c2cc3cc(C)cc(C)c3nc2[C]1,-4.587051868438721
guided,C[C@@H]1C[C@H](C)CN(Cc2c(C(=O)N3CCOCC3)nc3c(F)cccn23)C1,-3.7166080474853516
guided,[S-][C+](NC[c-]1[cH+][cH-][cH+][cH-][cH+]1)N1CCN([c-]2[cH+][cH-][c+]([C+]3[N-][CH+][N-][C-]4SCCN34)s2)CC1,-4.423160552978516
guided,Cn1c(=O)c2ccccc2n(CC(=O)Nc2ccccc2F)c1=O,-1.1422864198684692
guided,C[C@H](Cc1ccc2c(c1)OCO2)C(=O)Nc1ccc(F)cc1,-4.407695770263672
guided,CCC(=O)c1cc(Sc2nnnn2-c2ccc(C)cc2)c(=O)oc1C,-0.9185870289802551
guided,CCOc1ccc(C(=O)NCCCNc2nc(C)cc(C)n2)cc1C[C@@H](NC(C)=O)C(=O)O,-0.3823668658733368
guided,NC(=O)N/N=C/c1cccc(OCc2ccccc2)c1,-1.1834614276885986
guided,CCC[C@H](O)CN(C)C1CCN([C@H](C)COc2ccccc2)CC1,-5.9580769538879395
guided,CNCc1ccccc1OCc1cccs1,-8.576900482177734
guided,CN(Cc1ccccc1)Cc1ccc(OC(=O)c2ccco2)cc1,-5.570624828338623
guided,COCCCn1cc(C(N)=O)ccc1=O,-1.1988276243209839
guided,COC(OC)[C@@H](C)/C=C/C(=O)C(C)(C)C,-5.887965679168701
guided,Cc1cc(C)c2c(n1)sc1c(N3CCCC[C@@H]3C)ncnc12,-5.850236415863037
guided,Cc1ccc(Cl)cc1N1CCN(S(=O)(=O)c2ccc(-n3cnnn3)cc2)CC1,-0.7613871097564697
guided,O=C(/C=C/NNC(=O)c1ccccc1)c1ccc([N+](=O)[O-])cc1,-0.5053539276123047
guided,CN1C=C(NC(=O)/C=C/c2ccc(-c3cccc(C(=O)O)c3)o2)C=C/C1=C\C(=O)NN,-0.3835434019565582
guided,C[C@@H](CCC(=O)Nc1ccccc1C(=O)O)C(=O)O,-0.429556280374527
guided,CCCN(C(=O)c1ccc(S(=O)(=O)N2C[C@H](C)C[C@H](C)C2)cc1)c1ccccc1,-3.999218463897705
guided,COc1ccc(CCNC(=O)C(=O)N/N=C/c2ccc(C)o2)cc1OC,-0.2983425259590149
guided,CN(C(=O)[C@H]1CCOC1)c1nnc([C@H]2CCOC2)s1,-1.9859882593154907
guided,C=C([O-])OC.CC[C@H](Sc1ncn[nH]1)C(=O)Nc1ccc(C#[O+])cc1,-0.30980589985847473
guided,NS(=O)(=O)c1ccc(CNC(=O)c2ccc(Cn3cc(C(F)(F)F)ccc3=O)cc2)cc1,-0.5808973908424377
guided,CC(/C=C/c1ccccc1)=N\NC(=O)c1c(Br)c(C)nn1C,-3.0499069690704346
guided,Cc1ccc(CN2CCN(C(=O)Cc3ccccc3)CC2)cc1,-8.031996726989746
guided,CC(=O)c1noc(C)c1C(=O)N(C)c1cc(C)nn1-c1ccccc1,-1.1971290111541748
guided,CC(C)(O)C(=O)Nc1nccs1,-2.1828083992004395
guided,COc1ccc(-c2cc(C3CCN(C)CC3)nc(-c3ccccc3C#Cc3ccccc3)n2)cc1OC,-6.8194475173950195
guided,O=c1[nH]cc2[nH]ncc2c1C1CCCCC1,-2.537242889404297
guided,COC(CNC(=O)c1ccc2nc(-c3ccco3)c(-c3ccccc3)nc2c1)OC,-1.487127661705017
guided,CN(C1CCCCC1)[SH+3]([O-])([O-])[C-]1[CH-][CH+][CH-][c+]2[cH+][n-]n(-[c+]3[cH-][cH+][cH-][cH+][n-]3)[c-]21,-0.8511310815811157
guided,[O-][C-](NN[C+]1[CH-]C23CC([C][CH+][CH-][CH+][C][CH+][CH-][CH+][C-]2O3)C1)[C+]1[CH+][CH+][N-][CH-][CH+]1,-1.4948190450668335
guided,CCOC(=O)N(C)CC/C=N/NS(=O)(=O)c1ccc(NC(=O)c2ccco2)cc1,-0.48543763160705566
guided,CCO[C-]([O-])[C+]1[C+](C)N[C-](C)[C+]([C-]([O-])OCCN[C+]([O-])[C+]2[CH+][CH-][CH+][N-][CH+]2)C1[C-]1[CH+][c-]2[cH+][c-](C)[cH+][c-](SCC)[c+]2[N-]S1,-1.0706130266189575
guided,Cc1ccc2c(CC(=O)OCC(=O)Nc3ccc(Cl)cn3)coc2c1,-1.4694061279296875
guided,CCOc1cccc(/C=N/NC(=O)c2cc(-c3ccccc3)nc3ccccc23)c1O,-2.326573133468628
guided,CC1[C-](N2CCN(C)CC2)O[S+]([C-]2[N-][CH+][CH+][C-]([O-])N2)C2[c+]3[cH-][cH+][cH-][cH+][c-]3CC23[C+]([O-])N13.[H+],-0.4708074927330017
guided,CC[C@H](C)NC(=O)c1ccc(-c2cccc3ccccc23)s1,-8.631049156188965
guided,C/C(CC(=O)Nc1ccc(OC(F)F)cc1)=N/OC(=O)c1ccc(F)cc1,-2.0673367977142334
guided,CCCCN(CC(=O)NCCc1ccccc1)Cc1nc2ccccc2c(=O)[nH]1,-1.2697997093200684
guided,C[C@@H]1O[C@@H](O)[C@H](O)[C@H](O)[C@H]1O,-0.7860931158065796
guided,Cc1ccc(C)c(C(=O)CSc2nnc(C)n2-c2ccccc2)c1,-4.939338207244873
guided,CCOCc1cc([C@H]2NC(=O)NC(C)=C2C(=O)NCc2cccs2)ccc1OC,-1.0535918474197388
guided,CC(=S)c1cn(-c2ccccc2)nc1C,-9.252784729003906
guided,COc1ccc(/C=N/NC(=S)Nc2cc(C)nn2-c2ccccc2)c(OC)c1OC,-1.4562005996704102
guided,CCc1cccc(C(C)C)c1NC(=O)CSc1ccccn1,-5.967190265655518
guided,COc1ccc(CC(=O)N[C@H]2CC[C@@H](C)CC2)cc1O,-2.813917875289917
guided,CNCC(=O)NCCn1ccnc1,-2.5154876708984375
guided,CCOc1cc(C(=O)NC[C@@H]2CCCO2)cc(OCC)c1OCC,-2.208922863006592
guided,CN(Cc1ccccc1)Cc1nc2c([nH]1)c(=O)n(C)c(=O)n2C,-1.0118919610977173
guided,Cc1cc(C)c2cc(CN(CC(=O)Nc3ccc(C(N)=O)cc3C(F)(F)F)Cc3ccco3)c(=O)[nH]c2c1,-1.7616584300994873
guided,Cc1c(C(=O)N2CCCCC2)c2c(c(=O)n(C)c(=S)n2C)n1Cc1cc[c-]nc1.[H+],-2.179088592529297
guided,C[C@@H]1CN(S(=O)(=O)c2cccc(C(=O)NN3CCN(C)CC3)c2)C[C@@H](C)O1,-0.7218834161758423
guided,Cc1ccc(NC(=O)c2ccc(-c3ccc(NC(=O)Cc4ccccc4)cc3)cc2)cn1,-3.8284835815429688
guided,CC/C=C/C(=O)N(C)CC[C@H](c1ccccc1)c1nc2ccccc2n1C,-6.576998233795166
guided,NC(=O)c1ccccc1NC(=O)CCN1C(=O)[C@H]2CC=CC[C@H]2C1=O,-0.3172699213027954
guided,Cc1cc(C)n2nc(C(=O)N3CCC[C@@H](Nc4cccc(F)c4)C3)cc2n1,-2.6535863876342773
guided,O=C(c1ccc2ccccc2c1)N(Cc1ccccc1C(F)(F)F)[C@@H]1CCCO1,-9.17169189453125
guided,CC1[CH+][C-]([O-])C(C)CN([C+]([O-])C[c+]2[cH-][cH+][c-](Br)[cH+][cH-]2)C1,-3.6040213108062744
guided,O=S(=O)(/C=C/c1ccco1)Nc1ccccc1N1CCCCC1,-2.869525671005249
guided,CCS(=O)(=O)c1nc2ccccc2cc1C(=O)Nc1ccc(F)cc1,-1.682558536529541
guided,CC/C=[C-]/[N@H+](CCC)c1ncnc2nc[nH]c12,-2.5594570636749268
guided,CCOc1ccc2ccccc2c1C(=O)O/N=C(\N)c1ccco1,-1.120529294013977
guided,C[c+]1[c-](C)[cH+][cH-][cH+][c-]1N(C)[C][CH+][C-](C)[N-][C]N[C+]1[CH+][CH+][C-]2OCO[C+]2[CH-]1,-4.680952072143555
guided,[H]/N=C(/N)SCCCOc1cccc(C)c1,-2.7152302265167236
guided,COc1cc(OC(=O)N2CCOCC2)c2c(c1)c(C)nn2C,-1.808702826499939
guided,CNC(=O)c1sc(Nc2ccc(N3CCC(C)CC3)cc2OC)nc1C,-2.604138135910034
guided,O[CH-][C@H](O)CO[C@@](O)(CO)[C@@H](O)[C@@H](O)[C@@H](O)CO.[H+],-0.5566059350967407
guided,CN(C)c1ccc(NC(=O)C/[S+]=c2\nc3cc(Cl)ccc3c([O-])[nH]2)cc1,-0.8612485527992249
guided,CCCNc1oc(-c2ccccc2OCC)nc1C#N,-2.050377130508423
guided,CC(=O)Nc1[c-]c2nc(-c3ccccc3)oc2cc1.[H+],-3.4269275665283203
guided,CCN(CC)C(=O)c1cnn2c1N[C@H](c1ccc(OC)cc1)C[C@H]2C(F)(F)F,-3.522341728210449
guided,COc1ccc([C@@H]2CC(=O)Nc3c2c(=O)n(C)c(=O)n3C)cc1OC,-0.35684531927108765
guided,COc1ccccc1OC(=O)CCC(=O)Nc1ccccc1,-2.3066346645355225
guided,COc1cccc(-c2ccc(SCC(=O)N3CCOCC3)nn2)c1,-1.9859631061553955
guided,CN1CCN(C(=O)c2cnn(C(C)(C)C)c2)CC1,-4.674152851104736
guided,CCCC(=O)Nc1ccccc1NC(=O)c1ccc(OC)cc1,-2.4648451805114746
guided,COC(=O)c1ccc(NC(=O)[C@H](C(=O)c2c[nH]c3cc4ccccc4cc23)N(C)C)cc1,-1.3209238052368164
guided,N#CC/[S+]=c1\nc2sc(-c3ccccc3)cc2c([O-])n1N,-0.4474290609359741
guided,COc1ccccc1C(=O)NC1CCN(Cc2ccc(F)cc2)CC1,-5.138627052307129
guided,COc1ccc([C@H](O)c2cccn2C(C)C)cc1,-6.273130893707275
guided,COCC(=O)Nc1ccc(N2CCCCC2)cc1,-4.75939416885376
guided,O=C(CSc1nccn1Cc1ccc(F)cc1)N1CCCC1,-5.48909330368042
guided,CC(C)N(Cc1ccccc1)Cc1nc2c(c(=O)n(C)c(=O)n2C)n1Cc1ccccc1,-2.2172813415527344
guided,Cc1ccnc(NS(=O)(=O)c2ccc(NC(=O)c3ccc4ccccc4c3)cc2)n1,-1.3552312850952148
guided,Cc1c(NC(=O)Nc2ccc3c(c2)OCO3)c(=O)n(-c2ccccc2)n1C,-0.9094815254211426
guided,[H]/[O+]=N/C(=[NH2+])[C@H](CC[CH-]CCCC[CH2-])C(=O)Nc1ccc(C)cc1,-0.8558120131492615
guided,Cc1ccc2nc(/C(C#N)=C/c3c(C)nn(Cc4ccccc4)c3C)[nH]c2c1,-3.1781463623046875
guided,Nn1c(SCCOc2ccc(F)cc2)nnc1-c1cccnc1,-1.0752900838851929
guided,COc1cccc([C@H](c2cccnc2)c2c(O)nc[nH]c2=O)c1OC(=O)c1ccco1,-0.6724759340286255
guided,O=C(OCC(=O)N1CCCC1)c1ccc2ncsc2c1,-2.4895637035369873
guided,CCCN(CCC)CCCNC(=O)CNC(=O)C(=O)N1CCC2(CC1)OCCO2,-0.4732779860496521
guided,[CH2][C]1[CH+][CH][CH][CH][C]1CC[CH][CH][C]N[C]([O])[C]1[CH][CH][C]([N+]([O])[O-])[C](C)[CH]1,-1.4414714574813843
guided,COCCCN1C(=O)c2ccc(/C=C/c3ccccc3)cc2C1=O,-4.616146087646484
guided,C=CCOc1ccc([C@H]2CCCN(c3ccccc3)C2)cc1,-11.48250961303711
guided,CCOC(=O)[C@H]1CCCN(S(=O)(=O)c2c(C)cc(C)cc2C)C1,-2.3603177070617676
guided,O=C(c1ccc(N2CCNCC2)cc1)c1cc(-c2cccc(O)c2)nc2ccccc12,-3.0339744091033936
guided,C[C-]([O-])[C+]1[C+]([O-])[N-]C2([c+]3[cH-][cH+][c-]4[c+]([cH-]3)OCCC(C)(C)O4)[O+]3[OH+]C132.[H+],-0.4179321229457855
guided,COc1c/c(=C/c2ccccc2)cc/c1=C\C(=O)NC1=[S+]C2=CC(=[S@@](C)(=O)[O-])C=CC2=N1,-0.37274667620658875
guided,COc1ccccc1OCC(=O)NCc1ccc(-c2cccc(C(F)(F)F)c2)o1,-3.828786849975586
guided,Cc1ccc(O)c(-c2cc(C(F)(F)C(F)F)nc(-c3ccccc3)n2)c1,-6.121855735778809
guided,COc1ccccc1NS(=O)(=O)c1ccc(S(=O)(=O)N(C)C)cc1,-0.37998828291893005
guided,C[c-]1[cH+][cH-][cH+][c-]2[c+]1OC13[C-]([CH+]2)N([C+]2[N-][C+]4[CH+][CH-][CH+][CH-][C+]4S2)[N-]C12N([CH-]N1CCN(C)CC1)[O+]32,-3.6831982135772705
guided,CCc1nc2ccccc2n1CC(=O)NC1CC1,-3.919058084487915
guided,CC[C-]([O-])[N-][C+]1[C+]2CCCC[C+]2[N-][c+]2[cH-][cH+][cH-][cH+][c-]21,-4.408847332000732
guided,Cc1cccc(N2CCN(C(=O)CCC(=O)Nc3nnc(CCc4ccccc4)s3)C[C@H]2C)c1,-2.022850751876831
guided,COc1ccc(/C=C2/C(=O)Oc3cc(O)ccc32)c(C)c1C,-3.5139291286468506
guided,CCCCN1C(=O)C=C(C(=O)N2CCOCC2)/C1=N\CC(C)C,-2.3195669651031494
guided,CC[S@@+]([O-])Cc1nc2ccccc2[nH]1,-3.3701672554016113
guided,Cc1ccc(S[C@H](C)C(=O)N2CCN(c3ccc4c(c3)OCO4)CC2)cc1,-5.287387847900391
guided,CCCNC(=O)CCC(=O)N(CC1CCCCC1)c1ccc(OC)cc1OC,-2.690877676010132
guided,CCN(c1ccccc1)c1nc(CCNC(=O)CCNC(C)=O)cs1,-1.3645234107971191
guided,C[C-]([O-])N1CC[C+]2[CH-][C+]([S+2]([O-])([O-])[N-][c+]3[cH-][cH+][cH-][cH+][c-]3N3[C+]([O-])[c+]4[cH-][cH+][cH-][cH+][c-]4[C+]3[O-])[CH-][CH+][C+]21,-0.2939724624156952
guided,O=C(COc1ccccc1)Nc1cccc(S(=O)(=O)N2CCCCCC2)c1,-1.6184693574905396
guided,CC(C)=CCN(Cc1cc(=O)oc2cc(O)ccc12)c1ccccc1,-4.428536415100098
guided,Nn1c(COc2ccccc2)nnc1SC(F)F,-1.902816653251648
guided,O=C(c1cccc(C(F)(F)F)c1)[C@H]1CCCN(Cc2ccc([N+](=O)[O-])cc2)C1,-3.6919848918914795
guided,CCN(CCSC[C-]([O-])NC)[C-]([O-])CS[C][N-][c+]1[cH+][c+](O)[cH+][c-]2[cH+][cH-][cH+][cH-][c+]12,-0.49029281735420227
guided,C[C@@H](NCCc1ccccc1)[C@@H](C)NC(=O)/C=N/O,-1.2041301727294922
guided,COc1ccccc1C(=O)NCC(=O)NCC(=O)OCc1cccc2ccccc12,-0.5516180992126465
guided,COC(=O)Cc1ccc(-n2c(C)nc3ccccc3c2=O)cc1,-2.3763561248779297
guided,Cn1c(=O)n(CC(=O)Nc2ccc(OC(F)(F)F)cc2)c(=O)c2c1nc1n2CCCN1CCc1ccccc1,-0.6546086668968201
guided,NNC(=O)c1ccccc1Br,-2.9618518352508545
guided,CN1CCC(N2CCN(c3cccc(C(F)(F)F)c3)CC2)CC1,-10.96719741821289
guided,O=C(O)C(=O)c1cnc(N2CCOCC2)nc1-c1cccs1,-0.3938966691493988
guided,C[C@@H](CO)OCCOCC/[O+]=C/CCC[CH-]CCN1C(=O)N=C(CCc2ccc3c4c(cccc24)C(N)=N3)C1=O,-1.1028779745101929
guided,CC(=O)c1ccc(N2CCN(CC(=O)NCc3ccco3)CC2)cc1,-1.795344591140747
guided,O=C(Cc1ccccc1)NCc1cc(-c2ccc(F)cc2)[nH]n1,-3.068108558654785
guided,NC(=O)/C(=C\c1ccc(Cl)cc1)C(=O)NNC(=O)c1cccs1,-0.38258078694343567
guided,CCCC[N-][c+]1[cH-][c+]2[nH][c-]3[cH+][cH-][cH+][cH-][c+]3[c-]2[cH+][cH-][c+]1N([O-])[O-].[H+],-3.160247564315796
guided,C[C@@H](NC(N)=O)C(=O)N1CCN(c2ccc(F)cc2)CC1,-0.9152846932411194
guided,Cn1c(=O)c2c(nc(CN3CCN(Cc4ccccc4)CC3)n2Cc2ccc(F)cc2)n(C)c1=O,-1.612042784690857
guided,CC[C@@H](C)N/N=C(\[O-])c1sc(=S)n2c1[nH]c(=O)c1ccc(C(=O)NC)cc12.[H+],-0.3511402904987335
guided,NS(=O)(=O)c1ccc(NC(=O)CSc2nc3ccccc3nc2N2CCOCC2)cc1,-0.30976593494415283
guided,Cc1ccc(-n2nnnc2[C@@H](C)CC(C)(C)C)cc1,-5.1598896980285645
guided,CCOC(=O)C/C(C)=N\NC(N)=O,-0.5584157109260559
guided,CCCCOc1cc2sc(C(=O)O)c(C)c2cc1C(=O)CCc1ccc2c(c1)OCO2,-3.353238821029663
guided,CC1(C)C(c2ccccc2)=N[C@H](c2ccccc2)N1O,-6.364040374755859
guided,COc1ccc(N/N=C/c2cccn2Cc2ccccc2)cc1,-6.106191635131836
guided,CC[C]([O])N[C]1[CH][C]([C+]([O])N[C]2[N][N][C]([C]3[CH][CH][CH]O3)S2)[CH][CH][C]1N([O-])[O-],-0.5436879396438599
guided,CN(C(=O)Cc1cccs1)c1ccc(OC(F)F)cc1,-7.332565784454346
guided,Cc1cc(NC(=O)C2CC2)ncc1NC(=O)[C@H](C)c1ccc(Br)cc1,-2.646735191345215
guided,COC(=O)C1=CC(=[O+]/C)/C(=[O+]/C)C=C1NC(=O)c1ccc(N2CCOCC2)c(N([O-])[O-])c1,-0.36735230684280396
guided,COc1ccc(C)c(NC(=O)COC(=O)[C@@H](Cc2c[nH]c3ccccc23)NC(C)=O)c1,-0.5843580961227417
guided,CC[C@H](C)NC(=O)C[S@@+]([O-])Cc1nc(-c2ccccc2F)oc1C,-1.3439311981201172
guided,Cc1ccc(-n2nnnc2-c2cc3ccccc3o2)cc1,-3.332993268966675
guided,COc1cc(C)[nH]c(=O)c1C(=O)N[C@H](c1ccccc1)C(C)C,-1.7272019386291504
guided,Cn1[c-]([O-])[c+]2[cH-][cH+][cH-][c+](N3[C+]([CH-][CH+][C-]4[C][CH-][CH+][CH-][CH+]4)[CH-][CH+][C+]3[C+]3[CH+][CH-][CH+][CH-][CH+]3)[c+]2[c-]1[O-],-3.52467679977417
guided,[CH2-]CCCC/[NH+]=C(/C=C=N)C(N)=O,-0.9470633268356323
guided,CCOCCNC(=S)Nc1ccc(OCCCc2cccs2)cc1,-5.606736660003662
guided,C[CH-]SC[c+]1[cH-][cH+][n-][c+](C)[c-]1[C+](N)[O-],-2.105790853500366
guided,CCOC(=O)COc1cc2c(cc1OC)CCN2C(=O)CCCc1ccccc1,-2.599092721939087
guided,COCCN1[N][C](N([O-])[O-])[N][C]1O[C+]1[CH][CH][CH][CH][C]1F,-0.5120695233345032
guided,O=C(OCC(=O)N1CCc2ccccc21)c1ccccc1O,-1.840546727180481
guided,CCCCC1=Nc2ccc(S(=O)(=O)N3C[C@@H](C)O[C@@H](C)C3)cc2/C(=C(\[O-])NC[C+]2=CC=CC=C2)[C]1,-1.2572216987609863
guided,Cc1ccc(OCC(=O)N(Cc2nc(CC3CC3)no2)C(C)C)cc1,-2.1174426078796387
guided,C[C]1[CH][CH][C](O[C]2[CH][C]([C+]([O])[C]([C][N])[CH]N(C)C)[CH][CH][C]2N([O-])[O-])[CH][CH]1,-0.569701075553894
guided,CN(Cc1ccccc1OCc1ccccc1)C[C@@H]1COCCO1,-6.777809143066406
guided,C[C@@H]1CN(C(=O)c2nc[nH]c2C(=O)N2CCCC2)c2ccccc2O1,-1.0310229063034058
guided,NC(=O)[C@@H]1Cc2ccccc2CN1C(=O)Nc1ccccc1C(=O)O,-0.366032212972641
guided,Nc1nc(SCC(=O)Nc2ccc(C(=O)O)cc2)[nH]c(=O)c1NC(=O)c1ccccc1,-0.39427271485328674
guided,COCCC(=O)N1CCC[C@H]([C@H](C)NC(=O)CN2C(=O)NC3(CCCC3)C2=O)C1,-0.5011196136474609
guided,Cc1cc(C)cc(C(=O)N2CCN=C2SCc2cccnc2)c1,-4.741851806640625
guided,COc1ccc(N2CCN(C(=O)CCCCc3cc[nH]c3)CC2)cc1,-4.135181427001953
guided,Cn1c(=O)cc(SCC(=O)NCCCOc2ccccc2)c2ccccc21,-2.7817864418029785
guided,CC(=O)N1c2ccc(S(=O)(=O)NCCC(=O)Nc3ccc(OC(C)C)cc3)cc2C[C@@H]1C,-0.8179327249526978
guided,COc1ccccc1OCCCOc1ccc(C)cc1C,-8.045414924621582
guided,COc1cc(/C=C(/C(C)=O)C(=O)C(=O)Nc2ccccc2C)ccc1OCc1ccccc1,-2.402280807495117
guided,CNS(=O)(=O)c1ccc(Cl)c(C(=O)OCC(=O)Nc2cc(S(=O)(=O)N3CCCCC3)ccc2C)c1,-0.5980377197265625
guided,Cc1c(NC(=O)COC(=O)Cn2cnc3c2c(=O)n(C)c(=O)n3C)c(=O)n(-c2ccccc2)n1C,-0.24629192054271698
guided,Cc1oc(-c2ccccc2Cl)nc1CN1CCCC[C@@H]1c1cccnc1,-6.856426239013672
guided,CCCCCCN(CC)C[C@H](CCC(C)C)NC(=S)Nc1ccc2nc(N3CCN(C)CC3)cc(C)c2c1,-7.366231918334961
guided,COCCc1ccc(S(=O)(=O)N(CC(N)=O)Cc2ccc(F)cc2)cc1,-0.4848301410675049
guided,N/[C-]=C1\C(c2ccccc2)=C(C(=O)N2CCOCC2)[N+](Nc2ccc([N+](=O)[O-])cc2[N+](=O)[O-])=C1c1ccccc1,-0.9342331290245056
guided,C[C@@H](CN1CCN(C)CC1)OC(=O)c1ccc(Cl)cc1,-6.162686824798584
guided,Cc1cccc(C)c1OCc1cc(C(=O)N2CCc3ccccc3C2)no1,-3.897841215133667
guided,CCOC(=O)N1CCN(S(C)(=O)=O)C1,-1.844130039215088
guided,O=C(O)C[C@@H](Cc1ccco1)C(=O)O[C@H]1CCOC1=O,-0.37786439061164856
guided,CC(=O)c1cnc2ncnn2c1-c1c[nH]c2ccccc12,-1.2864190340042114
guided,CCO[C-]([O-])[C+]1[C+](N[C-]([O-])[C+]2[CH+][CH-][C+](Cl)[CH-][CH+]2)[CH-][CH+][C-](OCC)[C+]1[N-][CH+][N-][S+2]([O-])([O-])[c+]1[cH-][cH+][c-](C)[cH+][cH-]1,-0.7938304543495178
guided,CC/[O+]=[C-]/C(C)=C(/C#N)C(=S)/N=C/C=C(C)C,-4.393321990966797
guided,C[C-]1[CH+][C][N-][C][C+]1C(C)(O)CCC(C)C.[H+],-6.549574375152588
guided,CCCn1c(SCC(=O)Nc2cc(C(C)(C)C)nn2-c2ccc(C)cc2)nnc1-c1ccco1,-2.837068796157837
guided,CC(CP([O-])O)N[C-]([O-])C[C+]1[CH+][CH-][CH+][CH-][CH+]1,-1.1135759353637695
guided,C[C@H](CC(=O)Nc1ncc(Cl)cc1Cl)c1ccccc1,-6.056536674499512
guided,CC(=O)Nc1ccc(S(=O)(=O)Nc2nc3ccccc3nc2N2C=CC=CC2)cc1,-0.8576221466064453
guided,COc1ccccc1NC(=S)NN1CCOC[C@@H]1C,-4.042447566986084
guided,CN1C(=O)/C(=N/c2ccccn2)SC1=S,-4.1264214515686035
guided,CCOc1ccccc1[C@@H]1CC(=O)Nc2cc(OC)c(OC)cc21,-3.382605791091919
guided,Cn1c2ccccc2c2nnc(SCC(=O)N3CCOCC3)nc21,-1.1755865812301636
guided,Nn1cc(CCC(=O)O)nc1-c1cccnc1,-0.40725934505462646
guided,COc1ccc(CCNc2cccc3ccccc23)cc1,-9.540298461914062
guided,CCS(=O)(=O)N(CC(=O)O)c1cccc2ccccc12,-1.2460379600524902
guided,CO[c-]1[cH+][cH-][cH+][c-]([N-][CH+][c-]2[cH+][c-](O)[c+]3[cH-][cH+][cH-][cH+][c-]32)[cH+]1,-5.778407096862793
guided,CCCCCCC(=O)Nc1ccc(Cl)cn1,-5.46272611618042
guided,CCCCC(=O)Nc1ccc(OC)c(OC)c1,-4.13978910446167
guided,Cc1cc(-c2cc(N)n(-c3ccccc3)n2)ccc1OC(C)C,-4.317685604095459
guided,CC(=O)c1ccc(N2CCN(C(=O)c3cccc(-n4cccc4)c3C)CC2)cc1,-5.040714263916016
guided,CCCC(=O)OCC(=O)c1ccc2c(c1)OCCO2,-2.3042514324188232
guided,CSCCNC(=O)[C@@H](c1ccccc1C)N(C(=O)CCC(=O)Nc1nnc(CC(C)C)s1)c1ccc(F)cc1,-2.433121681213379
guided,[N-2][C][C+]([C][N-2])[C+]([O-])N[C+]([O-])CCCN1[C+]([O-])CN[C+]1[O-],-0.4731007516384125
guided,Nc1ccc(C(=O)COC(=O)CNC(=O)c2ccc(Cl)cc2)cc1,-0.45953619480133057
guided,Cc1ccc2c(COc3ccccc3)cc(=O)oc2c1,-5.748897075653076
guided,CCN1CCC(C(=O)NCc2cccs2)CC1,-6.213287830352783
guided,[CH2-][CH+]N(C)C1[CH-]CCC([c+]2[cH-][cH+][cH-]o2)C1N,-4.625225067138672
guided,[CH+]1[CH-][CH+][CH-][C-](N2CC[OH+]C(CN3CCNCC3)C2)[CH-]1,-6.429953098297119
guided,NS([O])([O])[C]1[CH][N][C](S[C+]2[N][CH][C](C(F)(F)F)[CH][C]2Cl)[C](N([O-])[O-])[CH]1,-0.7799816131591797
guided,N/C(=N\c1ccccc1)NC(=O)c1cc2ccccc2[nH]1,-0.9482641220092773
guided,Cc1ccn(-c2cc(OCc3ccc(C(C)C)cc3)ccc2CC(F)(F)F)n1,-10.065032005310059
guided,CCOc1cc(CNC(=O)CCCC(c2ccccc2)c2ccccc2)ccc1O,-4.830270290374756
guided,CCCCCCCN(c1cccc(S(N)(=O)=O)c1)S(=O)(=O)O,-0.4756416976451874
guided,Cc1cc(NC(=O)c2sc3ncn(C)c(=O)c3c2C)no1,-0.5099321007728577
guided,O=C(N/C(=C\c1ccco1)C(=O)c1ccco1)c1cccc(Br)c1,-2.570509433746338
guided,COCCCn1c(=O)c2ccccc2n(Cc2cccc3ccccc23)c1=O,-3.6829702854156494
guided,NC(N)=N/N=C/c1ccc(OCc2ccccc2Cl)cc1,-0.8652579188346863
guided,C=CCc1cc(=O)[nH]c(SCC(=O)Nc2nc3ccc(OCC)cc3s2)n1,-0.8730603456497192
guided,Nc1nc(N2CCN(c3ccc(F)cc3)CC2)n[nH]1,-1.204411268234253
guided,COc1cccc(OCC(=O)NNC(=O)Cc2cccs2)c1,-0.9568076729774475
guided,COc1ccc(Cl)cc1S(=O)(=O)N(C)C,-3.978351354598999
guided,COc1ccccc1CN1CCNC(=O)[C@H]1CC(=O)Nc1ccccc1C(F)(F)F,-1.8231549263000488
guided,CN(CCc1ccccc1)C(=O)c1cc(COc2cccc(C(F)(F)F)c2)on1,-4.343837738037109
guided,Cc1ccc2cccc(-n3nc(C)cc3NC(=O)CCN3C[C@@H](C)O[C@@H](C)C3)c2n1,-1.9612895250320435
guided,Nc1ccc(S(=O)(=O)C(F)F)cc1S(=O)(=O)c1ccc(Cl)cc1,-0.7651521563529968
guided,COc1ccc(OC)c(C(=O)c2c(O)c3cc(OC)cc(O)c3oc2=O)c1,-0.5370432734489441
guided,CCCN(C)CCNC(=O)c1ccccc1OCC,-4.7197418212890625
guided,C=COC1CCN(C(=O)CCC(=O)Nc2ccccn2)CC1,-1.4402023553848267
guided,CCCCNC1=CC(=O)C[C@@H](c2ccccc2)C1,-7.342746257781982
guided,[CH2-]CS[C+]([N-]CCC[CH-]CO)[N-][C+]1[CH+][CH-][C+](O)[CH-][CH+]1,-2.292696475982666
guided,N#Cc1ccc(CNc2ccccc2-c2cnc3ccccc3n2)cc1,-3.8810298442840576
guided,CNNCc1ccc(-c2ccc(/C=N/O)o2)cc1,-1.6188312768936157
guided,CCCN/C(NC(=O)c1ccccc1)=C(/C(=O)C(F)(F)F)c1ccccc1,-3.5538852214813232
guided,COc1ccc(/C=C/c2nc(C)c(Cc3ccccc3)c(=O)[nH]2)cc1F,-3.9191641807556152
guided,Cc1ccc(NC(=O)c2ccc(OC(=O)CCc3ccccc3)cc2)c(C(=O)O)c1,-1.848774790763855
guided,CC(=O)[C@@H]1CCCN(C(=O)c2cnn([C@@H](C)C(F)(F)F)c2)C1,-3.206735372543335
guided,Cc1ccc(S(=O)(=O)N(C)C)cc1NC(=S)Nc1cccc(C)c1C,-3.071540117263794
guided,COc1ccccc1NC1=NN(C[C@H](C)c2ccccc2)C(=S)C1,-6.5793046951293945
guided,CO[C]1[CH][CH][C]([C+]([O])N[C]2[CH][C](N[C]([O])CO[C]3[CH][CH][CH][CH][CH]3)[C](N[C]([O])[C]3[CH][CH][CH]O3)[CH][C]2N)[CH][C]1N([O-])[O-],-0.576893150806427
guided,CCOC(=O)[C@H]1[C@H](c2ccc(C(C)(C)C)cc2)NC(=O)N[C@@]1(O)C(F)(F)F,-0.9618374705314636
guided,O=C(CSC1=NCCS1)N1CCc2ccccc21,-6.2759690284729
guided,COc1cc(Nc2cccc(C)c2)ccc1C(C)=O,-6.107336044311523
guided,C/C(CC1CCCCC1)=N\Nc1ccc([N+](=O)[O-])cc1N,-1.524679183959961
guided,CN(Cc1ccc(-c2ccccc2)cc1)Cc1nc(-c2ccc3ccccc3c2)no1,-7.823965072631836
guided,CCOC(=O)CC(=O)CSc1nnc(-c2ccccc2)c(-c2cccs2)n1,-1.678614854812622
guided,O=C(O)c1ccc([N+](=O)[O-])c2cccnc12,-0.4988343417644501
guided,O=C(CCCNS(=O)(=O)c1cccs1)N1CCN(C2CCCCC2)CC1,-1.717502474784851
guided,Cc1ccc(Cn2c(-c3ccco3)cs/c2=N\c2cccnc2)cc1,-6.076759338378906
guided,CCNCc1n[nH]c(=S)n1Cc1ccc(F)cc1,-4.292758941650391
guided,[H+].[O-][c+]1[cH-][c+]([CH-][N-]OC[C+]2[CH+][CH-][C+](F)[CH-][CH+]2)[cH-][cH+][nH]1,-2.3943676948547363
guided,CC/[O+]=C1\C=CC=C\C1=C\CCCC(=O)[O-],-3.4808223247528076
guided,CCCCn1c(N)c(N(CCOC)C(=O)C2CCN(S(=O)(=O)c3ccccc3)CC2)c(=O)[nH]c1=O,-0.32482075691223145
guided,COc1ccc(CN2CCc3cc(OC)c(OC)cc3C2)cc1OC,-5.398731231689453
guided,COc1cc(C(=O)NNc2ccccc2)cc(OC)c1OC,-1.7503137588500977
guided,Cc1ccnc(Nc2ccc(N3CCN(C)CC3)nc2)c1,-4.321833610534668
guided,O=C(N/N=C/c1cccs1)c1ccc(S(=O)(=O)N2CCCCCC2)cc1,-1.3965977430343628
guided,O=C(c1ccco1)N1CCN=C1c1ccccc1F,-4.187649250030518
guided,CN(C)S(=O)(=O)c1cccc(CSc2nncn2C)c1,-1.6080775260925293
guided,COc1ccc(Nc2ccccc2OC)cc1,-7.027148723602295
guided,Cc1cccc(NC(=O)N2CC=C(n3cccc3)CC2)c1C,-6.216606616973877
guided,C[C@H](C(=O)c1ccc(-n2ccnc2)nc1)N(C)CCc1cccc(C(F)(F)F)c1,-4.406051158905029
guided,CC[C@@H](C)C1=NN(C(=O)Cc2ccc(F)cc2)[C@](O)(C(F)(F)F)C1,-3.812319278717041
guided,O=C(/C=C\c1ccccc1)NC(=S)N1CCN(C/C=C/c2ccc(C(F)(F)F)cc2)CC1,-6.9586873054504395
guided,[CH+]1[CH+]C2[C+]3[N-]S[N-][C-]3[C-](N3CCOCC3)C3(C2[CH+][CH-]1)C12O[N+]13O2.[H+],-1.9855437278747559
guided,Cn1c(CCC(=O)Nc2cccc(Oc3ccccc3)c2)n[nH]c1=S,-2.2275772094726562
guided,CCCC[C@@H](O)CN1CCC(c2ccccc2)CC1,-8.403624534606934
guided,CCC(=O)Oc1ccc(N(C(=O)/C=C2\C(Cl)=CC=C[C-]2Cl)[C@@H]2CCS(=O)(=O)C2)cc1.[H+],-1.9971003532409668
guided,S=C(NCc1ccccc1)NC[C@H]1CCCO1,-6.015414714813232
guided,CCC(C)(C)NC(=O)CCCNS(=O)(=O)C1=C(/C=C/c2ccco2)[O+]2CN2/C1=C(/[O-])OC,-0.3998739421367645
guided,CC(=O)N[C@H]1CCSC1=O,-4.117733955383301
guided,COc1ccc2oc(=O)c(C(=O)Oc3ccc4c(=O)cc(-c5ccccc5)oc4c3C)cc2c1,-2.344967842102051
guided,CCNCc1cccc2ccccc12,-10.484740257263184
guided,Cc1ccnc(NC(=O)C[S]2C3=NCC[S]32)c1,-3.1151533126831055
guided,CCC(=O)N1CCN(c2ccc(/N=C/c3ccccc3)cc2)CC1,-6.176018714904785
guided,Cc1ccc(NC(=S)N2CCN(c3cccc(C)c3)CC2)cc1,-9.596628189086914
guided,COc1cc(CO)cc(Br)c1OCC(=O)n1ccc2ccccc21,-2.9957966804504395
guided,COC(=O)[C@H](C)NC(=O)N[C@H]1CCCc2ccccc21,-1.7757320404052734
guided,N/C(=N\NS(=O)(=O)c1cc(C(F)(F)F)cc(C(F)(F)F)c1)c1ccccn1,-0.7070332169532776
guided,N[C-](N)NCCCCN[C+]([O-])CCC[C+]([O-])O,-0.532971978187561
guided,CN1C(=O)N(Cc2ccc(F)cc2)[C-](N)C2=C1O[N+](C)(C)[C@@H](C(=O)NC1CCCCC1)C2=O,-0.4736531376838684
guided,CS(=O)(=O)Nc1cc(C(=O)CSc2ncccn2)ccc1C#N,-0.3383042812347412
guided,O=C(C1=C(O)C(=O)N(C[C@@H]2CCCO2)[C@@H]1c1ccc([N+](=O)[O-])cc1)c1ccco1,-0.782623827457428
guided,[CH2+]O[c-]1[cH+][cH-][cH+][cH-][c+]1F.[H+].[N-2][CH+][N-][C+]([O-])[N-][C+]1[CH+][CH+][CH-][CH+][CH-]1,-1.3003467321395874
guided,Cn1c(=O)c2c(SCC(=O)Nc3ccc(-c4ccccc4)cc3)nc(-c3ccccc3)nc2n(C)c1=O,-1.4251097440719604
guided,CC(=O)OCC(=O)c1c[nH]c2ccccc12,-2.5338034629821777
guided,CCOc1ccccc1CNS(=O)(=O)c1cc2c3c(c1)[C@H](C)C(=O)N3CCC2,-1.4967551231384277
guided,Cc1cccc(NC(=O)c2cccc(NS(=O)(=O)c3ccc4c(c3)CCC(=O)N4)c2)c1,-1.3376346826553345
guided,COc1cc(N2CCOCC2)cc(C)c1/C=C1\C(=O)N2CC(=O)NC[CH-]CN(Cc3ccccc3)[C@H](C)C[S@+]1C2=O,-0.8499853610992432
guided,CCOC1=CC=C([C@@H](CC(N)=O)/[NH+]=C(\[O-])[C+]2=CC=C3OCOC3=C2)[C]/C1=C\C=[N+]([O-])[O-],-0.5099440813064575
guided,C[C@H](C(=O)Nc1ccc(F)cc1)N(/N=N\c1ccccc1)c1ccccc1,-4.932054042816162
guided,COc1ccc(NC(=O)[C@@H]2CCCN(S(=O)(=O)c3ccc4c(c3)oc(=O)n4C)C2)cc1,-0.3705708384513855
guided,N#Cc1c[c-]c([C@]23C[C@@]4(C2)[C@H](c2ccccc2)N(Cc2cccnc2)C[C@H]4[C@@H]3c2ccc(Cl)nc2)cc1.[H+],-6.960819721221924
guided,CCOC(=O)c1cc(-c2ccc(OC)cc2)oc1N[C@H](C)c1ccc(C)cc1,-4.8154296875
guided,Cc1ccc(/C=C/c2nc3ccccc3c(=O)[nH]2)cc1,-4.685020923614502
guided,COc1cccc(N2CCCC2)c1,-10.104721069335938
guided,COCCCn1c2nc3ccccc3nc2c2c(=O)n(C[C@@H]3CCCO3)cnc21,-0.8677034378051758
guided,ON/C(=N/N=C/c1ccccc1)SC1c2ccccc2-c2ccccc21,-4.475682258605957
guided,CCOc1ccc(-c2nc(-c3ccncc3)no2)cc1,-2.760249137878418
guided,NNC(=O)/C=C/c1cccs1,-2.9299325942993164
guided,CCNc1nc(-c2cccs2)cs1,-8.077791213989258
guided,Nc1cc(OCc2ccccc2)cc(C(=O)NCCOCCO)c1,-0.3605412542819977
guided,COc1ccc(S(=O)(=O)[C@@H](C#N)c2nc3ccccc3[nH]c2=O)cc1Cl,-0.5878610014915466
guided,COc1cc(/C=N/NC(=O)CSc2ccccn2)ccc1OCC(N)=O,-0.2586440443992615
guided,CCOc1ccc(CCNC(C)=O)cc1Br,-5.412642002105713
guided,C[N-]C(C)CC([C+](N)[O-])n1[n-][c+](-[c+]2[cH-][cH+][c-](OC[c+]3[cH-][cH+][cH-][cH+][cH-]3)[cH+][cH-]2)[cH-][c+]1C1CCCCC1,-2.5028719902038574
guided,CCCCCCCCCCCc1ccc(Cl)cc1NC(=O)C[C@H]1CCCC(=O)N1C1CC1,-8.538712501525879
guided,COc1ccc(NC(=O)c2cccc(C)c2)cc1S(=O)(=O)Nc1ccc(F)cc1,-1.835245132446289
guided,C[O+][C]1[CH][CH][C][C]([CH][C]([CH][N][NH+][C]([O])CC[C]([O])NC[C]2[CH][CH][C]3OC[O+][C]3[CH-]2)[C]([O])[C]2[CH][CH][CH][CH][CH]2)[CH-]1,-0.6023288369178772
guided,CCCN(CC)c1ccccc1C(=O)NCC(=O)OCC,-2.6376984119415283
guided,CCOCCCNC(=O)CN1C(=O)c2ccccc2C1=O,-1.0643552541732788
guided,COCCN(Cc1ccco1)S(=O)(=O)Cc1ccccc1,-2.4842405319213867
guided,CCC/C=[N+](\CC/C([O-])=N/C(C)C)c1cccc(-c2cn3cccnc3n2)c1,-2.257014513015747
guided,COC1=CC(=[O+]\C)/C(=[NH+]/C(=O)/[C-]=C(\N)[c-]2c3c(c(C)n/c2=N\C(=O)[c-]2ccc[s+]2)COC(C)(C)C3)C=C1,-0.3422507047653198
guided,Cc1nc2ccccc2c(=O)n1CCCCC(=O)N1CCc2ccccc21,-3.5055649280548096
guided,Nc1ccc([N+](=O)[O-])cc1-c1nnc(-n2cccc2)s1,-0.5888340473175049
guided,NC(=O)c1oc2ccc(S(=O)(=O)N3CCCCC3)cc2c1NS(=O)(=O)c1cccs1,-0.5632616281509399
guided,C[CH-]CCCC(=O)O/C=C1C(=[O+]\C(=O)[c-]2ccc[s+]2)/N=C2C=CC=CN2/1,-2.2905399799346924
guided,Nc1c(C(=O)C2CC2)sc2nc(-c3cccs3)cc(C(F)(F)F)c12,-4.937456130981445
guided,CO[C@H]1C(=O)N(c2ccccc2)c2c(-c3c[nH]c4cc(C)ccc4c3=O)cccc21,-3.9133076667785645
guided,N#CCCN(C(=O)Cn1nc(-c2ccccc2)ccc1=O)c1ccccc1,-1.251949667930603
guided,Cc1cc(=O)oc2c(C)c(OC(=O)c3nc(Cl)ccc3Cl)ccc12,-2.8389577865600586
guided,CC1=[S+]c2ncnc(N3CCCCC3)c2/C1=C(/[O-])NCc1ccco1,-1.0035011768341064
guided,COc1ccc(N[C@@H]2c3ccccc3C(=O)N2Cc2cccnc2)cc1,-3.8314664363861084
guided,CO[c-]1[cH+][cH-][c+]([C-]2[CH+][C-]([N-]O)C(C[C+]3[CH+][CH-][C+](O)[CH-][CH+]3)[CH-]2)[c-](OC)[cH+]1,-2.1527891159057617
guided,O=C(CCCc1cc2ccccc2[nH]c1=O)c1ccco1,-2.653733491897583
guided,CCn1c(CC(=O)O)nc2c1c(=O)[nH]c(=O)n2Cc1ccccc1,-0.31139862537384033
guided,COc1ccc(NC(=O)N2CCN(c3cccc(C)c3C)CC2)cc1,-4.90539026260376
guided,C/C(CC(=O)/C=C/c1ccccc1)=N\NC(=O)c1cc2ccccc2cc1O,-2.209242343902588
guided,C[C+]1[N-][C+]([O-])[C+]([N-][N-][C+]2[CH+][CH-][C+](N([O-])[O-])[CH-][C+]2N)[C-](C)[C+]1C,-0.5862036943435669
guided,[CH2+]CCN1CCN([C-](CN[S+2]([O-])([O-])C2[CH+][CH-]CCC2)[c-]2[cH+][cH-][c+](NC[C-]([O-])N3CCCC3)[cH-][cH+]2)CC1.[H+],-0.4827878773212433
guided,COc1cc(CNC2CCCCCC2)cc(Cl)c1OCc1ccccc1,-9.113513946533203
guided,CCOc1cc(C#N)ccc1O[C@H](C)C(=O)Nc1ccc(C(C)(C)C)cc1,-2.938877820968628
guided,CN(C)[C]1[CH][CH][C](S([O])([O])NC[C+]([O])OC[C]([O])N(C)[C]2[CH][CH][C]3[CH][CH][CH][CH][C]3[CH]2)[CH][C]1N([O-])[O-],-0.6463311910629272
guided,Cc1ccc(NC(=O)CSc2ncnc3sccc23)nc1,-2.1005897521972656
guided,CCC(=O)Nc1ccc(Oc2cc(C)nc(SC)n2)nc1,-1.460415244102478
guided,CCN(CC)P(=O)(c1ccc(N(C)C)cc1NC(=O)c1ccco1)N(CC)CC,-2.662804126739502
guided,O=C(CC[C@@H]1CCCN(C(=O)CN2CCCCC2)C1)N1CCN(c2ccccn2)CC1,-2.542840003967285
guided,CCOc1cccc(CN2CCCCC2)c1O,-6.408742427825928
guided,N#CCCN(Cc1cccnc1)C(=O)COC(=O)c1cccc(S(=O)(=O)N2CCOCC2)c1,-0.30870041251182556
guided,COc1ccccc1NC(=O)NCc1ccc(F)cc1,-3.9256515502929688
guided,[CH2-][C@H](O)C(/C=[O+]\c1cccc(C)c1C)=C(/C#N)c1ccccc1,-3.8698318004608154
guided,CCOC(=O)c1c(S(=O)(=O)NCCn2ccnc2)c(C)n(C)c1C,-0.35609376430511475
guided,CC1=[S+]C2=C/C(=[NH+]\C([O-])=C(/[O-])NCCc3cccs3)C=CC2=N1,-0.6966903209686279
guided,COC(=O)Nc1cccc([N+](=O)[O-])c1C,-0.9615414142608643
guided,Cn1c(=O)c2ncn(CC(=O)N3c4ccccc4CCc4ccccc43)c2n(C)c1=O,-0.7472618818283081
guided,O=C(CCN1C(=O)c2ccccc2C1=O)NC[C@H]1COCCO1,-0.6230846047401428
guided,N#CCOc1nc(N2CCOCC2)nc(N2N=C(Cc3ccccc3)CCC[C@H]2c2ccccc2)n1,-1.3517143726348877
guided,S=C(NC1CCCC1)N(CCCN1CCOCC1)Cc1cccs1,-7.4314069747924805
guided,CN(C)CCOCC[N][C][N]CC[O+][CH][C][O+][C][C][O+][C][C][N][C-]NC[C]([O-])[C]1[CH-][CH][CH]N1C.[H+],-0.4710777699947357
guided,CO[c-]1[cH+][cH-][c+]([C+]([O-])C2CC[C-](C)[C+]([O-])[C+]2[N-]C2CCCCC2)[cH-][cH+]1,-2.0721402168273926
guided,COC(=O)[C@H](C(=O)N1CCN(c2ccccc2)CC1)C1CCCCC1,-3.8369290828704834
guided,CN1CCC2=C(C1)[S+]=C(NC(=O)c1ccco1)/C2=C(/N)[O-],-0.3534940481185913
guided,CCOc1ccc(S(=O)(=O)NCCc2nc3ccc(C)cc3[nH]2)cc1,-0.9825899004936218
guided,COc1ccc(C(=O)NNC(=O)Nc2ccccc2C)cc1,-1.0627391338348389
guided,CCCCN(C(=O)NC(=O)Nc1ccccc1OCC)S(C)(=O)=O,-0.5299342274665833
guided,COc1cc2oc(=O)c(CC(=O)OCC(=O)N(C)c3ccccc3)c(C)c2cc1OC,-0.6790791153907776
guided,COc1cc(NC(=O)C2CC2)c(OC)cc1CNC(=O)C1CC1,-1.11155104637146
guided,COc1ccc2c(COC(=O)CCS(=O)(=O)c3ccc(C)cc3)cc(=O)oc2c1,-0.7591729164123535
guided,C=CCCCCCC[C@H](C)C(=O)OC,-7.923768520355225
guided,C[C]1[N][C](N(C)[C+]([O])[C]2[CH][CH][CH][CH][CH]2)S[C]1C[C]1[CH][CH][CH][C](N([O-])[O-])[C]1O,-0.8668577671051025
guided,C[c-]1[cH+][cH-][c+](OC([C-]([O-])NCCN[C+]([O-])SCC(C)C)C(C)C)[cH-][cH+]1.[H+],-0.9638773202896118
guided,Cc1ccccc1-n1c(SCC#N)nnc1-c1ccccc1,-3.896202802658081
guided,COc1cc(CNC(=O)[C@@H]2CCC(=O)N(Cc3ccccc3F)C2)no1,-0.6437757015228271
guided,COc1cc2c(cc1OC)CN(Cc1cccs1)CC2,-8.604926109313965
guided,CC(=O)N1CCC2=C(C1)[S+]=C(NC(=O)CCS(=O)(=O)c1ccc3ccccc3c1C(=O)O)/C2=C(/N)[O-],-0.3113039433956146
guided,Cc1cc(C(=O)N/N=C/c2ccc(C#N)cc2)c(C)o1,-1.2199679613113403
guided,CCCCCOc1ccccc1C(N)=O,-3.4095046520233154
guided,NNC(=O)c1ccc(NS(=O)(=O)c2ccc(Br)cc2)cc1,-0.42665937542915344
guided,CCC(=O)Nc1cc(CN(C)CCc2ccccc2)ccc1N1CCCC1,-6.757641315460205
guided,Cc1ccc2cc3c(nc2c1O)CCC3,-6.36069393157959
guided,Cc1nc(C(C)C)cn1C(C)(C)C#Cc1ccccc1,-9.953392028808594
guided,COc1ccccc1CN1CCC(CNS(=O)(=O)c2ccc(C)cc2)CC1,-2.9758098125457764
guided,CCCCC(=O)N/N=C/c1ccc(N(CC)CC)cc1,-4.734097480773926
guided,COc1ccc2[nH]cc(CN3CCN(Cc4ccc5ccccc5c4)CC3)c2c1,-7.7724127769470215
guided,COc1cccc(/N=C/C(C)=C(/C=C/Nc2cccc(OC)c2)OC(C)=O)c1,-3.2851600646972656
guided,O=C(NCCCN1CCOCC1)c1ccc(-c2ccccc2[N+](=O)[O-])o1,-0.46691110730171204
guided,C[C]1[CH][C](C)[C+]2S[C](NN[C]([O])[C]3[CH][CH][CH][C](N([O-])[O-])[CH]3)[N][C]2[CH]1,-0.6313827037811279
guided,CC(C)(C)[C]1[CH][C]([C]([O])N[C]2[CH][CH][C](N([O-])[O-])[CH][CH]2)N(C[C+]2[CH][CH][CH][CH][CH]2)[N]1,-0.8108590841293335
guided,C[C@H]1CNc2c(cc(C(=O)Nc3ccccc3C(=O)O)cc2S(=O)(=O)N2CCCC2)N1,-0.6235758662223816
guided,C[C@@H]1CN(C(=S)Nc2cccc(Cl)c2)C[C@H](C)O1,-8.106647491455078
guided,COc1ccc(OC)c(NC2=NC[C@H](C)S2)c1,-4.756000995635986
guided,O=C(NC1CCN(C(=S)NCc2ccco2)CC1)c1cccs1,-2.901890516281128
guided,CCc1nnc(NC(=O)c2cccc([N+](=O)[O-])c2)s1,-0.5521549582481384
guided,CCO[C]1[CH][CH][CH][C]([C+]([O])NC([C]([O])O)[C]2[CH][CH][CH][CH][CH]2)[C]1N([O-])[O-],-0.5495637059211731
guided,N#Cc1c(-c2ccccc2N)nn(-c2ccc(F)cc2)c1N,-0.720073401927948
guided,CCOC(=O)N1CCC(N2C(=O)c3ccc(F)cc3C2=O)CC1,-1.8958888053894043
guided,C[C@H]1C[C@@](O)(c2ccc(CO)cc2)CC(/C=C/c2cccs2)=N1,-4.05722188949585
guided,C[C]1[C]([C+]([O])N2CCN([C]3[CH][CH][CH][CH][C]3F)CC2)[CH][CH][CH][C]1N([O-])[O-],-1.3807144165039062
guided,CCOC(=O)N1CCN(C(=O)N[C@H](C)c2ccccc2)CC1,-2.3280088901519775
guided,C=CCn1c(S[C@@H]2C(=O)Oc3ccccc3C2=O)nc2ccccc2c1=O,-1.2370460033416748
guided,Cc1ccc2nc(-c3sc4nc5c(c(-c6ccccc6)c4c3N)CCC5)[nH]c2c1,-4.562160968780518
guided,CCOC(=O)C=C=C(C#N)c1nc2ccccc2[nH]1,-1.0467551946640015
guided,CS[C-]1[N-][N-][C+]([CH-][C+]2CCCO[C-]2CCC(C)C)N1[C+]1[CH+][CH-][CH+][C-](C)[CH+]1,-7.777153491973877
guided,CCCCn1nc(C(=O)OCC(=O)NC2=[S+]C=C/C2=C(\N)[O-])c2ccccc2c1=O,-0.29580458998680115
guided,COc1ccccc1[C@@H]1c2[nH]c3ccccc3c2CCN1Cc1cc(C)ccc1C,-9.730793952941895
guided,CNC(=S)NC1CCCCC1,-7.805572032928467
guided,CCN1CCN(CCO)C(=O)[C@H]1CC(=O)Nc1nccs1,-0.5799662470817566
guided,COC1=C/C(=C/C#Cc2ncc(C)n2C)[CH-]C(OC)=C1OC.[H+],-4.323265075683594
guided,On1cc(-c2cc3ccccc3nc2NCCc2ccccc2)nn1,-1.693379521369934
guided,C[C]1N[C]2[CH][CH][CH][CH][C]2[C]1[CH][C][C]([O-])N(C[C+]([O])N[C]1[CH][CH][CH][CH][CH]1)[C]([O-])[S],-0.5863434076309204
guided,Cn1c(=O)c2c(nc(CN3CCN(c4ccccc4)CC3)n2CCCO)n(C)c1=O,-0.3922160565853119
guided,CCCN(Cc1ccccc1)C(=O)Cc1ccccc1,-9.142446517944336
guided,C[C@H](OC(=O)/C=C/c1ccco1)C(=O)N[C@H]1CCCC[C@@H]1C,-2.0515499114990234
guided,CN(c1ccccc1)c1ccc(/N=C/C2CCCCC2)cc1,-11.998157501220703
guided,CCC/[S+]=c1\nc(C)c(CC(=O)O)c([O-])[nH]1,-0.6380540132522583
guided,COc1ccc(/C=N/NC(=O)c2ccc(COc3ccccc3[N+](=O)[O-])o2)c(C(=O)O)c1OC,-0.8969987630844116
guided,O=C(CSc1ccccc1C(=O)OCC(=O)N1CCOCC1)NCc1cccc(F)c1,-0.7583582401275635
guided,C[c+]1[c-](C)s[c+](-n2[c+]([O-])[c-](C)[c+](C)[c-]2-[c+]2[cH-][cH+][cH-][c+]3[cH-][cH+][cH-][cH+][c-]23)[c-]1[C][N-2],-6.326932430267334
guided,CCN[C@H](Cc1ccc(OC)cc1)CS(=O)(=O)Nc1ccc(C)cc1C,-2.222855567932129
guided,CCOC(=O)c1c(N)n(Cc2ccccc2)c2nc3ccccc3nc12,-1.3147966861724854
guided,[H]/N=C1C(=C/c2ccc(C)cc2)/C(=O)N=C2SC(CC(=O)N3CCCC3)=NN2/1,-0.8835563659667969
guided,CCCn1c(=O)c(C(=O)NCc2ccccc2)c(O)c2ccccc21,-1.7996013164520264
guided,Cc1ccc(NC(=O)c2cc3c(cc2F)-c2ccccc2C3)c(O)c1,-5.168661594390869
guided,COc1ccc(OC)c(C(C)=O)c1,-5.646909236907959
guided,CCCC(=O)N[C@@H](C)c1ccc(F)cc1,-7.092223167419434
guided,CCC(=O)[C@@H](C)n1c(NCc2cccc([N+](=O)[O-])c2)nc2ccccc21,-1.5741878747940063
guided,COCC([C]1[CH][CH][C](N([O-])[O-])[CH][N]1)[C+]1[CH][CH][CH][CH][CH]1,-1.4610658884048462
guided,COc1ccc(C(=O)c2ccccc2)c(/C=C/NC(=O)c2ccco2)c1,-2.5349693298339844
guided,COc1ccc(C(F)(F)F)cc1NC(=O)CSc1ncc(-c2ccc(F)cc2)[nH]1,-3.5624687671661377
guided,COc1ccc(F)cc1C(=O)/C=C/c1cn(CC(=O)NCc2ccco2)c2ccccc12,-2.6619246006011963
guided,[O-][S+2](O)(N1CCCCCC1)n1[n-][n-][c-]2[cH+][cH-][c+](Cl)[cH-][c-]21,-0.9867920875549316
guided,CCC(=O)Nc1nc2c(OC)ccc(NS(=O)(=O)c3ccc(F)cc3)c2s1,-1.088957667350769
guided,CC1=NC(=C2C=CC(=[S@](=O)([O-])Nc3cccs3)C=C2)C=[S+]1,-2.1775457859039307
guided,CCOc1ccc(-c2cnc(C)n2-c2ccc(C(N)=O)cc2)cc1,-2.0530011653900146
guided,CCCOc1ccc(-c2nc3cnccn3c2N)cc1Cl,-2.5239462852478027
guided,COc1ccccc1NC(=O)c1cc2c(=O)[nH]c3ccccc3c2s1,-2.3766446113586426
guided,O=C(O)C1CCN(S(=O)(=O)c2ccc(C(=O)N3CCCCC3)cc2)CC1,-0.5064409375190735
guided,COC(=O)[C@@](NC(C)=O)(NS(=O)(=O)c1ccc([N+](=O)[O-])cc1)C(F)(F)F,-0.3973087966442108
guided,COCCn1c(C)nnc1SCC(=O)Nc1nnc(C)s1,-0.3838699758052826
guided,CCCCNC(=O)/C=C/C(=O)O[C@@H](CC)C(=O)c1ccc([N+](=O)[O-])cc1,-0.6783773899078369
guided,NCC[C@H](C(=O)O)c1ccco1,-1.1426790952682495
guided,Nc1nonc1-n1nnc(C(=O)N/N=C/c2ccccc2F)c1-c1ccccc1,-0.35179808735847473
guided,COc1ccc(C(=O)N2CCN(S(=O)(=O)c3ccc(N(C)C)s3)CC2)cc1OC,-0.9312448501586914
guided,CN(C(=O)c1cc(-c2cc3ccccc3oc2=O)nc2ccccc12)c1nnc(-c2cccnc2)s1,-2.4499802589416504
guided,CC[C@@H](Cc1ccc([N+](=O)[O-])cc1)C(=O)N[C@@H](CO)c1ccccc1,-0.8755828142166138
guided,C/C(CC(=O)Nc1ccc(F)cc1)=N\NC(=O)C(=O)NCc1cccnc1,-0.2897769510746002
guided,COc1cccc2c(N/N=C/c3ccco3)cc(C)nc12,-3.120060920715332
guided,CCOC(=O)c1c(N[C@H](NC(=O)C(C)C)C(Cl)(Cl)Cl)sc2c1CCCC2,-3.4248476028442383
guided,CCn1nc(CC(=O)Nc2ccc(N(C)C)cc2)c2ccccc2c1=O,-1.8941398859024048
guided,O=C(CN1CCOCC1)NCc1ccccc1,-4.566566467285156
guided,COC[C@H](C)NCc1ccc(C(C)(C)C)cc1,-8.677145957946777
guided,C=C[C@@]([CH2-])(C)/[O+]=[C-]\C[C@@](O)(/C=C/C1=C(C)C[C@H]2C(=C1)C[C@@H](O)C[C@H]2C)C(C)C.CC=C=[C-]C1C=C[CH-]C(C(C)(C)C)=C1.O=NC#[O+].[CH3-].[H+].[H+].[H+],-9.80665397644043
guided,CC(C)[C@@H]1CC2=C(OC(=O)C[C@@H]2C)[C@@H]1C(=O)c1cccs1,-5.560660362243652
guided,C[C@H]1CC[C@H](CC(=O)O)CC1,-5.694925785064697
guided,CCC(=O)Nc1cc(C)c(NS(=O)(=O)c2ccc(C)cc2)cn1,-0.8965470790863037
guided,Cc1ccc(CNC(=O)[C@H]2CCC(=O)N(Cc3ccc(Cl)cc3)C2)o1,-2.721365213394165
guided,CC#C[C@H](Oc1cccc(CO)c1)N(CCOC)CCOC,-3.30584454536438
guided,CN(C)c1ccc(-c2cc(C(=O)NCCO)c3ccccc3n2)cc1,-2.050241708755493
guided,COc1ccccc1OC[C@@H](O)CN1CCC(Cc2ccccc2)CC1,-5.170539855957031
guided,CN1CCN(C(=O)Cn2[nH]c(=O)c3ccccc3c2=O)CC1,-0.875334620475769
guided,COC(=O)/C(=C\c1c[nH]c2ccccc12)NC(=O)c1ccc(OC)cc1,-1.2870488166809082
guided,CO[c-]1[cH+][cH-][c+]([C-]([O-])C2CCCN(C3([O-])[O+]4C56[C+]([C-]7[CH-][CH+][C-](F)[CH+][CH-]7)[C+](C)[N-]N5[C+](C)[C+](C)C436)C2)[cH-][c+]1F,-1.2880961894989014
guided,[CH][CH+][NH+]1C2[C+]([O-])[c-]3[cH+][cH-][cH+][cH-][c+]3[CH-]C21O[c-]1[cH+][c-](C)[cH+][cH-][c+]1C,-5.302196025848389
guided,CCCCN(Cc1ccco1)C(=O)[C@H]1CCCN(c2ncnc3c2nc2n3CCCCC2)C1,-2.0917892456054688
guided,S=C(Nc1nccs1)N1CCCCCC1,-7.242328643798828
guided,CC(=O)Nc1sc(N/N=C\c2ccc(-c3ccccc3)o2)nc1-c1ccc(C(C)C)cc1,-4.667065620422363
guided,[H+].[H+].[H]/N=C(/Nc1ncc(C(F)(F)F)cc1OC)N[C-](C)[O-],-0.4506379961967468
guided,COc1ccc(C(C)=O)cc1COCCCNCCCSC,-4.33582878112793
guided,Cc1occc1-c1nnc(SCC(=O)Nc2nccs2)n1C,-0.8262001276016235
guided,CCCCNc1nc(-n2nc(C)cc2C)nc(C)c1C,-3.417767286300659
guided,COc1ccc(CCNC(=O)C(=O)NC[C@@H]2OCCN2S(=O)(=O)c2ccc([N+](=O)[O-])cc2)cc1,-0.28922030329704285
guided,Cc1nc(CCNC(=O)Nc2cccc(F)c2)nc2c1CCC2,-2.0827460289001465
guided,COc1ccc2c([C@H](c3ccccc3)c3ccc(C(=O)O)cc3)cc(=O)oc2c1C,-2.914536952972412
guided,CCOc1cc(C=O)cc(OC)c1OS(=O)(=O)c1cccc(C)c1,-1.329506516456604
guided,COc1cccc(-c2nc(-c3ccc(Br)o3)no2)c1,-3.1003029346466064
guided,Cc1ccc(CN2CCOCC2)c(C)c1,-10.116618156433105
guided,Cc1cccc(N2CCN(C(=O)c3noc4c3COc3ccccc3-4)C[C@H]2C)c1,-3.38604998588562
guided,[H]/N=c1/c(=C/c2ccc(OCc3ccc(C(=O)O)o3)c(OCC)c2)c([O-])nc2[s+]nc(SC)n12,-0.4446532726287842
guided,Cc1[nH]c2ccccc2c1C(=O)C(=O)NC[C@H]1CCCO1,-1.459641695022583
guided,Nc1nc(SCC(=O)NC2CCCCCC2)[nH]c(=O)c1-c1ccccc1,-0.7474175691604614
guided,CCCNS(=O)(=O)c1c(C(=O)N2CCc3ccccc3C2)c(C)n(C)c1C,-1.618943214416504
guided,CCCn1c(=O)c2[nH]c(Cc3ccc(OC)cc3)nc2n(Cc2ccccc2)c1=O,-1.1255204677581787
guided,C[C@H](NS(=O)(=O)c1ccccc1)C(=O)NC1CCCC1,-1.1175682544708252
guided,[CH2-]N(C[C@H](C)O[CH-]C)C1=N/C(=C2\C=CC=[S+]2)C(NC(=O)c2ccco2)=[S+]1,-1.840055227279663
guided,CCC[C-]1[C+]2[C][C][C]N[CH+][C][C+](CC[N-][C]2)CN[C+]([O-])CO[C+]1[O-],-0.5855004191398621
guided,S=C(Nc1ccccc1)N1CCCCCC1,-9.998483657836914
guided,Cn1[c+]([O-])[c+]2[c+]([n-][c-](OCC[C+]3[CH+][CH-][CH+][CH-][C+]3[C][O-])n2C)n(C)[c-]1[O-],-0.3553464114665985
guided,Cc1onc(-c2ccccc2)c1NC(=O)N(CCC#N)Cc1cccs1,-2.274019241333008
guided,C[C@H]1CCCCN1c1ncnc2ccccc12,-7.090773105621338
guided,Fc1ccc([P@](=S)(Nn2cnnc2)c2ccccc2)cc1,-4.545172691345215
guided,Cc1cc(C(=O)CSc2nnnn2-c2ccccc2)c(C)n1-c1ccc(O)cc1,-1.4824053049087524
guided,COc1c(C)nc(NC(=O)c2cccs2)nc1Nc1ccc(S(=O)(=O)Nc2cccs2)cc1,-1.9391045570373535
guided,CCOc1c(C(N)=O)c(C)nn1-c1ccccc1,-1.4922727346420288
guided,CO[c+]1[cH-][c+](CO[CH-][C+](O)[C]N2[CH-]CCC[C]C3[CH-][CH+][N-][CH+][C+]3n3[cH-][cH+][cH-][c+]3C2)[cH-][cH+][c-]1OC.[H+].[H+].[H+].[H+].[H+],-3.9713518619537354
guided,CCNS(=O)(=O)c1ccc(NC(=S)Nc2cccnc2)cc1,-0.8448299765586853
guided,COCCn1c(SCc2cccc(C(C)=O)c2)nc2ccccc2c1=O,-2.9104504585266113
guided,CCOC(=O)c1[nH]c(CSc2nnc(COC)n2Cc2ccccc2)c(C(=O)N2CCCC2)c1C,-1.2870104312896729
guided,N#CCCn1c(=O)n(-c2ccccc2)c(=O)c2cc(C(=O)c3ccccc3O)cnc21,-0.5066441893577576
guided,Cc1noc(C)c1S(=O)(=O)N(C)CC(=O)Nc1ccccc1C(N)=O,-0.2746530771255493
guided,Cc1nn(C)c(C)c1S(=O)(=O)Nc1ccc2c(c1)OCCO2,-0.7317215204238892
guided,CCCCCCOC(=O)C[C@@H](NC(=O)c1ccc2ccccc2c1)c1ccccc1,-5.649142265319824
guided,CNC(=S)NCc1cccc(Cl)c1,-7.773763179779053
guided,[CH2+]C(C)OCCN(C)C[C-]([O-])N[C+]1[C+]([C][C]C(C)(C)C)[CH-]S[C+]1[C+]([O-])O,-0.5575436353683472
guided,CN(C)S(=O)(=O)N1CCN(C[C@H](O)COc2ccc(F)cc2F)CC1,-1.2328792810440063
guided,CN1CCN(C(=O)c2ccc(CCC3=CCCCC3)o2)CC1,-5.941756248474121
guided,CCCN[CH-]CC[c+]1[cH-][c+](-[c+]2[cH-][cH+][cH-][cH+][cH-]2)[cH-][c+]2[c-](C)[cH+][c+]([O-])o[c-]12,-5.476266384124756
guided,CC[C@@H](O)CNc1ccccc1C,-6.316343784332275
guided,c1ccc(N2CCN(Cc3ccsc3)CC2)cc1,-11.708687782287598
guided,CC(C)CCC(=O)N[C@H](C)CNc1ccc(Oc2ccccc2)cc1,-5.1718902587890625
guided,COC(=O)C1=[S+]C=C/C1=[N+]1\C=CC=C1/C([O-])=C(\[O-])NOc1ccc(F)cc1,-0.39155951142311096
guided,CCC(O)CNC1[C]([C](O)[C]2[CH][CH][CH][C](N([O-])[O-])[CH]2)[C]([O])[C]([O])N1[C+]1[CH][CH][CH][CH][CH]1,-0.5393685698509216
guided,O=C(Cc1cccc2ccccc12)OCC(=O)c1ccccc1,-5.269237995147705
guided,Cn1cc(CN2CCNC(=O)[C@H]2CC(=O)O)c(-c2ccccc2)n1,-0.4643678367137909
guided,Cc1cnccc1NC(=O)c1cccc2ccccc12,-5.42320442199707
guided,CCn1c(=O)c(C(=O)NCCc2ccccc2)c(O)c2ccccc21,-1.63681161403656
guided,CC(=O)NNC(=O)CCN1CCc2ccccc21,-2.1808018684387207
guided,CNc1nc(C)c(C(=O)OC2CCCCC2)s1,-3.881739377975464
guided,CC[C]([O])N(C[C]([O])N[C]1[CH][CH][CH][C](N([O-])[O-])[CH]1)C[C+]1[CH][CH][CH][CH][CH]1,-0.6080521941184998
guided,CCOc1ccc(/C=C2\C(=O)c3ccccc3O[C@H]2c2ccc(OC)cc2)cc1,-6.579334259033203
guided,CC(=O)c1nn(-c2ccccc2)cc1C(=O)c1ccccc1,-3.843996047973633
guided,COc1ccc(NC(=O)N(Cc2ccccc2)Cc2ccco2)cc1,-4.320834159851074
guided,Nc1ccc(S(=O)(=O)NC2CC2)cc1,-1.3630313873291016
guided,NC(=O)C1CCN(c2ncccc2[N+](=O)[O-])CC1,-0.35444825887680054
guided,NNC(=O)CNC(=O)Nc1ccccc1,-0.3809647858142853
guided,CCO[C]([O])[CH][C]1S[C]([CH][C]2[CH][CH][C](N([O-])[O-])[CH][CH]2)[C]([O])N1C[C+]([O])NC[C]1[CH][CH][C]2OCO[C]2[CH]1,-0.7603737115859985
guided,C[c+]1[cH+][c-](C)[n-][c+](SC(CN([O-])[O-])[C+]2[C]N([C-](C)[O-])[C+]3[CH-][CH+][CH-][CH+][C+]23)[n-]1,-0.36986082792282104
guided,[CH2-]C1CC[C+]([N-]N[C+]([O-])C[c+]2[cH-][cH+][c-](OC)[cH+][cH-]2)CC1,-2.806716203689575
guided,CCOc1ccc2nc(S[C@@H](C(=O)Nc3ccccc3F)c3ccccc3)sc2c1,-6.7109551429748535
guided,CO[c-]1[cH+][cH-][cH+][c-]2[n-][c+]([C+]([O-])NC(C)[c+]3[cH-][cH+][cH-][cH+][cH-]3)[cH+][c-]12,-2.6487514972686768
guided,C[C@H]1Cc2ccccc2N1S(=O)(=O)c1ccc(C(=O)N(C)c2nc3ccccc3s2)cc1,-3.0502383708953857
guided,Fc1ccc(CNc2cccc(Cl)c2)cc1,-11.239228248596191
guided,Cc1ccc(-c2nn(C)c(=O)c3ccccc23)cc1CNS(=O)(=O)c1ccc2c(c1)OCCO2,-0.8099722266197205
guided,CN/C(=N\c1ccccc1)N/N=C/c1cnc(-c2ccccc2)s1,-2.972960948944092
guided,CN(C)CCCN(Cc1cccs1)C(=S)Nc1ccc(OCc2ccccc2)cc1,-9.250346183776855
guided,COc1cc(C(=O)N2CCN(c3ccccn3)CC2)cc(OC)c1OC,-1.9893405437469482
guided,COc1ccc(NC(=O)CCC(=O)N[C@H](c2cccc3ccccc23)N2C(=O)CCC2=O)cc1,-1.0213366746902466
guided,CCOc1ccc(N2CCN(C(=O)c3ccc(OC[C@@H]4CCCO4)cc3)CC2)cc1,-4.114556312561035
guided,CCOC(=S)SCC(=O)Nc1cc(C)on1,-2.0873873233795166
guided,COc1ccc(/C=N/NC(N)=O)cc1OCCN1CCc2ccccc2C1,-0.5372068881988525
guided,Cc1ccc(C)c(OC(=O)c2ccc(F)cc2)c1C,-8.227551460266113
guided,Cc1cc(C(=O)Nc2nccs2)sc1[C@@H]1C[C@H]1C,-5.58083963394165
guided,Cc1cc(/C=N/n2cnnc2)c(C)n1-c1c(C)n(C)n(-c2ccccc2)c1=O,-1.3323700428009033
guided,COc1ccc(S(=O)(=O)N2CCCCC2)cc1C(=O)Nc1cc(C)on1,-0.528420090675354
guided,O=C(C1CCN(Cc2nc(Cc3cccc(F)c3)no2)CC1)N1CCCC1,-2.40794038772583
guided,Nc1ccc(N2CCN(C(c3ccccc3)c3ccccc3)CC2)c(Cl)c1,-7.771890163421631
guided,O=C(Cc1nc2c3c(ncn2n1)-c1ccccc1CC31CCCC1)c1ccccc1O,-2.0942416191101074
guided,CCN(CC(=O)NC(=O)NCc1ccc(F)cc1)CC(=O)Nc1ccccc1OC,-0.3759293854236603
guided,C[C@@H]1CCCN(c2cccc3ccccc23)C1,-13.174684524536133
guided,COc1cccc(CCc2n[nH]c(=S)n2-c2ccccc2)c1OC,-4.065918445587158
guided,CCNC/C(=N\Nc1ccccc1C(=O)O)C(=O)N/N=C1\C(=O)Nc2ccccc21,-0.29602891206741333
guided,CCCNc1oc(-c2cccs2)nc1S(=O)(=O)c1ccccc1,-2.3819406032562256
guided,COCCCNC(=O)Cn1c(=O)n(CCCC(=O)NCc2ccc3c(c2)OCO3)c(=O)c2sccc21,-0.26958349347114563
guided,CCCC[C-]1[CH+][C][C+]([c-]2[cH+][cH+][n-][cH-][cH+]2)[N-][CH+]1,-7.540010452270508
guided,CCCCC(=O)O/N=C(\N)c1ccccn1,-1.0219779014587402
guided,NNC(=O)CSCc1nc2ccccc2[nH]1,-0.6628103852272034
guided,CCOC(=O)N1CCN(C(=O)[C@H]2CCC(=O)N(CCCN3CCOCC3)C2)CC1,-0.8662415146827698
guided,CCNS(=O)(=O)c1ccc(CCC(=O)N2CCN(C3=NCCS3)CC2)cc1,-0.795332670211792
guided,Nc1nc(-c2cccc([N+](=O)[O-])c2)cs1,-0.9526084661483765
guided,OCCNCc1ccc(OC2CCCC2)cc1,-4.8199143409729
guided,CCN(C(=O)C/[S+]=C1/N=CC=C/C1=C1\N=C(C)C(C)=[O+]1)c1ccc(N([O-])[O-])cc1,-0.6801946759223938
guided,O=C1/C(=C\c2cnc3ccccc3c2)C(Nc2ccc(F)cc2)=Cc2ccccc21,-7.721276760101318
guided,O=C(Nc1nccs1)[C@H]1CCCN1C(=O)c1cccs1,-2.3333280086517334
guided,CO[N][C]1CCN([C]2[CH][CH][C]([C+](C)[O])[CH][C]2N([O-])[O-])CC1,-0.4990072548389435
guided,CN1CCN(CC(=O)N2CCc3ccccc3C2)CC1,-7.035253047943115
guided,NC(=O)C1CCN(c2nc(N)c(-c3ccco3)c(N)n2)CC1,-0.2833244502544403
guided,COc1ccc(CN(C(=O)c2ccc(C)s2)[C@@H]2CCS(=O)(=O)C2)cc1,-2.3777740001678467
guided,CSc1nc(N(C)CC(=O)Nc2ccccc2Br)c2ccccc2n1,-3.6440422534942627
guided,CCC(=O)Nc1nnc(-c2cccs2)s1,-3.211336851119995
guided,COc1ccc(-c2cc(C)nc(SCC(=O)N(C)c3ccccc3OC)n2)cc1,-3.0647802352905273
guided,S=c1[nH]nc(-c2cccnc2)n1/N=C/c1ccccc1,-2.846696615219116
guided,C/C(=C/[C@@H](CCN(C)C)CC(=O)N1c2ccccc2Cc2ccccc21)CCc1ccccc1,-11.749547958374023
guided,C[C@H]1CCc2nn(CC(=O)Nc3ccc(N4CCOCC4)cc3)cc2C1,-2.610224723815918
guided,CO[C][CH+][C][c+]1[c-]2[cH+][c-](C)[cH+][cH-][c+]2[n-][c+]2[n-]n(-[c+]3[cH-][cH+][cH-][cH+][cH-]3)[c+](OC)[c-]12,-4.215432167053223
guided,N#Cc1cc(-c2ccccc2)oc1NC(=O)c1ccco1,-1.6665875911712646
guided,C[C@@H](C(=O)NCc1ccccn1)N1C(=O)c2ccccc2C1=O,-0.8124695420265198
guided,COCCn1c(-c2ccccc2)cc(C(=O)O)c1C,-3.6486146450042725
guided,CCNS(=O)(=O)c1ccc(Oc2n[nH]c(C)n2)cc1,-0.37685438990592957
guided,COc1ccc(N[C@H](C)C(=O)N2CCN(c3ccccc3F)CC2)cc1,-4.529437065124512
guided,O=S(=O)(NCc1ccc(-c2nc3cccnc3s2)cc1)c1cccc(F)c1,-2.328033208847046
guided,Cc1cc(C)c(NC(=S)N2CCCCCC2)c(C)c1,-10.666999816894531
guided,CC(C)N[C@H](C)Cc1ccc(CCc2ccccc2)cc1,-11.437456130981445
guided,CN(Cc1ccccc1)[P@@](C)(=O)c1ccccc1,-8.951700210571289
guided,CCOc1ccc(NC2=Nc3cccc4cccc2c34)cc1,-7.529403209686279
guided,CN(C)[CH-][c+]1[cH-][cH+][cH-][c+](CN([C+]2[CH-][CH+][CH-][CH+][C+]2F)[C+]([O-])[c+]2[cH-][cH+][c-](N([O-])[O-])[cH+][cH-]2)[n-]1.[H+].[H+],-0.6671445369720459
guided,CC(C)(C)[C@H]1CCC(=O)N(CC[C@H](N=[N+]=[N-])c2ccccc2)CC1,-3.6739280223846436
guided,O=S(=O)(c1ccccc1)N(C[C@H](O)CNC1CC1)c1ccc(-c2cccs2)cc1,-2.318085193634033
guided,CCOCCNC(=O)COC(=O)CCSc1ccccc1C#N,-0.5529331564903259
guided,O=C(CCC1CCCC1)NCc1csc(-c2cccnc2)n1,-3.789888381958008
guided,C/C(=N/N(Cc1cccs1)C(=O)c1n[nH]c2c1CCC2)c1cccs1,-3.362581253051758
guided,CC(=O)OCn1ncc(N2CCOCC2)c(Br)c1=O,-1.278491735458374
guided,CO[C-]1[N-][CH+][N-][C][C+]1[CH+][CH+][CH-][CH+][C-]1[C+]([O-])N[C-]([O-])N[C+]1O,-0.5165046453475952
guided,C/C(N)=C(/C#N)C(=O)COC(=O)[C@H](Cc1ccccc1)NC(=O)[C@H](Cc1ccccc1)NC(=O)CNC(=O)CNC(=O)/C=C/c1ccccc1,-0.31855788826942444
guided,S=C(NCc1ccccc1)NCc1ccccc1,-7.98532247543335
guided,Cc1cc(C)c(OCCCCN2CCCCC2)c(C)c1,-11.270345687866211
guided,CN(C[c+]1[cH-][cH+][cH-][cH+][cH-]1)C[C-]([O-])N[C+](O[c+]1[cH-][cH+][cH-][cH+][cH-]1)[C+](N)[O-],-0.2819153368473053
guided,Nn1c(SC/C=C/c2ccccc2)nnc1-c1cccs1,-3.4031054973602295
guided,COc1ccc2c(c1)O[C@@](O)(C(F)(F)C(F)F)CC2=O,-3.0017926692962646
guided,CNN1[C-]([O-])C(NC[C+]2[CH+][CH-][C+](Br)[CH-][CH+]2)([C-]([NH-])[O-])CC1(O)C(F)(F)F,-0.5469138026237488
guided,[H]/N=c1/c(C(=O)NCC(C)C)cc2c(=O)n3cccc(C)c3nc2n1CCOC,-0.308248370885849
guided,CCOC(=O)c1ccc(C(=O)Nc2nnc(COC)o2)cc1,-0.3740816116333008
guided,CC(=O)CCc1cccc(OC(C)C)c1,-7.648661136627197
guided,COC(=O)C1CCN(C(=O)CCc2nnc(C3(c4ccc(Cl)cc4)CCC3)o2)CC1,-1.4177651405334473
guided,N/C(=N\OC(=O)[C@]12C[C@H]3C[C@H](C[C@H](C3)C1)C2)c1cccc([N+](=O)[O-])c1,-0.879584014415741
guided,Cc1cc(C)nc(NNC(=O)CSCc2nnc(C)n2C(C)C)n1,-0.4701933264732361
guided,C/N=C(/c1ccc(F)cc1)N1CCCCCC1,-9.8618803024292
guided,CC[C@H](CC(=O)N/N=C/c1ccco1)C(=O)O,-0.4750661551952362
guided,CC[C-]([O-])[N-][C+]1[N-][CH+]N(CC)[C+](C)[C+]1[C-](C)[O-].[H+],-1.1239510774612427
guided,O=C(c1nc2ccccc2c(=O)[nH]1)c1c(O)c2ccccc2oc1=O,-0.3731560707092285
guided,COc1ccc(Sc2cc(OC)c(OC)cn2)cc1,-5.347843647003174
guided,O=C(c1cn(-c2ccccc2Cl)nc1C(F)(F)F)N1CCOCC1,-4.313544750213623
guided,CCCNc1cccc(F)c1,-10.458572387695312
guided,Cn1c(Cn2c(=O)sc3ccccc32)nnc1SCC(=O)NCc1ccc2c(c1)OCO2,-0.44417548179626465
guided,O=C(Nc1cccc2ccccc12)NN1CCOCC1,-3.151336193084717
guided,C[C-]1N[C+]2CC(C)(C)C[C+]([O-])[C-]2CC1N([O-])[O-],-0.8130558729171753
guided,CN(CC(=O)Nc1ccc(C(=O)Nc2ccccc2Cl)cc1)Cc1ccccc1,-3.7744827270507812
guided,COC(=O)c1ccccc1NC(=O)CN(CC1CC1)S(=O)(=O)c1ccc(C)c(C)c1,-0.8919793963432312
guided,COCC1CCN2[C-]([O-])N[C+]([O-])[C+]([CH+]NCC(C)[c-]3[cH+][cH-][cH+][cH-][cH+]3)[C-]2O1,-0.406099796295166
guided,C[C@@H](NC(=O)C[C@H](C(=O)O)c1cccc2ccccc12)C(=O)O,-0.4259686768054962
guided,N#Cc1ccc2c(c1O)n([O-])cc(CN1CCCCC1)[n+]2=O,-0.3960752487182617
guided,CCCN1Cc2cc3ccccc3cc2/C1=N/c1nc2ccccc2n1C,-7.818622589111328
guided,S=C(c1ccc(Cl)s1)N1CCOCC1,-10.272064208984375
guided,Cc1[nH]n(C)c(=O)c1/N=C/c1cccc2ccccc12,-3.8625128269195557
guided,N#Cc1ccc(N2CCN(C(=O)C3CC3)CC2)cc1,-3.85296630859375
guided,CN1C(=O)c2ccc(NC(=S)NC(=O)C(C)(C)C)cc2C1=O,-1.0211670398712158
guided,Cc1ccc(C(=O)CNC(=O)c2cccc3ccccc23)cc1,-4.856616973876953
guided,Cn1ccc(CC(=O)N2CCc3ccccc32)c1,-7.45660924911499
guided,CC(=O)c1c(OC(C)(C)C(=O)O)ccc2c3c(c(=O)oc12)-c1ccccc1C3=O,-0.9966868162155151
guided,Cc1ccc(C)c(OCC(=O)Nc2cc(C)on2)c1,-2.209531545639038
guided,CCCCN(C)CCNC(=O)c1cccc2cc(C)ccc12,-6.8479814529418945
guided,CCCCN1C(=O)/C(=C\c2ccccc2OC)C(=O)N(CC(=O)OC)C1=O,-0.47951173782348633
guided,CCOC(CNC(=O)c1ccc2c(c1)OCO2)OCC,-1.836328387260437
guided,C/C(=N\Nc1nc2ccccc2o1)c1ccccc1,-4.250553607940674
guided,Cc1ccc(Oc2ncnc3sccc23)cc1,-6.532832622528076
guided,O=C(Nc1ccc(Oc2cccnc2)nc1)c1cccc([N+](=O)[O-])c1,-0.9879060387611389
guided,C[C@@H](Cc1ccc(F)cc1)NC(=O)Oc1ccccc1,-5.866405963897705
guided,CCOc1cccc(CN2CCC[C@@H](C(=O)Nc3cccc(-n4cccn4)c3)C2)c1,-3.478039264678955
guided,C=C(C)CSc1nnc(NC(=O)c2ccccc2)s1,-3.587207794189453
guided,CCOc1ccc(Br)cc1CNCc1cccs1,-9.353435516357422
guided,CO/N=C(/NC(=O)Nc1ccc(F)cc1F)c1ccccn1,-1.3135908842086792
guided,Cc1ccc(O)c([C@H](CCN2CCC(O)(c3ccccc3)CC2)c2ccccc2)c1,-6.457942008972168
guided,CN[C@@H]1C[C@H](O)[C@@H](CO)O[C@@H]1O[C@H]1C[C@@H](C)O[C@@H]1Oc1ccccc1C(=O)c1ncc[nH]1,-0.3241705596446991
guided,Cc1ccc(C(=O)OCCNC(=O)c2ccco2)cc1,-1.712290644645691
guided,Cc1ccccc1C(=O)NCCCCc1ccccc1,-7.541873455047607
guided,CCc1cc([C@H]2Nc3ccccc3C(=O)N2c2cc(C)cc(C)c2)c(O)c([N+](=O)[O-])c1,-2.5562570095062256
guided,COc1ccc(CN2C(=O)c3cccnc3C2=O)cc1S(=O)(=O)N(C)c1ccc(C)c(C)c1,-0.9278542399406433
guided,O=C(Nc1ccc(Oc2ncnc3cc(Cl)ccc23)nc1)c1ccc(C(F)(F)F)cc1,-3.7340519428253174
guided,CN(C)c1ccc(CN(CC(=O)N/N=C/c2cccnc2)S(=O)(=O)c2ccc(F)cc2)cc1,-0.5972194671630859
guided,Cc1ccc(S(=O)(=O)N/N=C\c2cccc(C(N)=O)c2)cc1C,-0.38776665925979614
guided,O=C(N/N=C/c1ccccc1Br)c1cc(-c2ccccc2)n[nH]1,-2.263441324234009
guided,O=[N+]([O-])c1cccc(N/N=N/c2nc3ccccc3s2)c1,-1.7204855680465698
guided,COc1ccccc1-n1ccnc1Sc1ccccc1,-8.051887512207031
guided,CCC/C(CCN(C)C)=N/NC(=O)c1ccccc1OCc1ccc(F)cc1,-4.198904991149902
guided,OC1(c2nc(N3CCOCC3)c3ccc(F)cc3n2)CCCC1,-2.7096362113952637
guided,S=C1C(Nc2ccccc2)=C(Nc2ccccc2)NCN1c1ccccc1,-6.679460525512695
guided,CC(=O)c1cccc(NC(=O)COC(=O)c2cnccn2)c1,-0.297213613986969
guided,CCOc1ccccc1CNC(=O)Cc1ccc(F)cc1,-5.5760111808776855
guided,Nc1cc(S(=O)(=O)N2CCCCCC2)ccc1N1CCCCC1,-2.157012462615967
guided,Nc1nonc1-n1nnc(C(=O)N/N=C/c2ccc(F)cc2)c1-c1ccccc1,-0.35179808735847473
guided,C[C@H](C(=O)c1cccc(F)c1)n1cnc2ccccc2c1=O,-3.631042242050171
guided,O=C1NC(=O)[C@@](CCc2ccccc2)(CCc2nc3ccccc3[nH]2)C(=O)N1Cc1ccccc1,-1.7174959182739258
guided,Cc1ccc(S(=O)(=O)N/N=C\c2ccccc2OCC(=O)O)cc1,-0.3856690526008606
guided,Cn1c2n/c(=[S+]\CCCO)n(Cc3ccccc3)c-2c([O-])[nH]c1=O,-0.3052182197570801
guided,CCC(=O)O[C@H](CC[C@@H](C)[CH-]CCC1=CC(=O)C=C(C)[C@@]1(C)[C+](F)CO)C(C)=O,-2.3354010581970215
guided,Cc1c(NC(=O)[C@H](C)OC(=O)c2ccco2)c(=O)n(-c2ccccc2)n1C,-0.44903406500816345
guided,CC(=O)O[C@H]1[C@H](C)OC=C[C@@H]1OC(C)=O,-2.3033406734466553
guided,CCC(=O)Nc1ccc2c(c1)nc(CCNC(=O)c1ccccc1)n2C,-1.389973759651184
guided,CN(C)/C=N/c1ccc(-c2ccccc2)nn1,-4.857608795166016
guided,O=S(=O)(CCc1ccccc1)Cc1cccs1,-6.172799110412598
guided,Cn1nc(C(=O)N[C@H]2CC[N@+]3(C)[CH-]CCC[C@@H]3C2)c2ccccc21,-4.157999038696289
guided,Cc1ccc(S(=O)(=O)N(C(=O)c2ccncc2)c2ccc(OC(=O)c3ccncc3)cc2)cc1,-1.4247020483016968
guided,C/C1=C/C[CH+]C(=O)NC/C=C/[CH-]1,-6.775536060333252
guided,[O][C](N[N][CH][C]1[CH][C](O)[CH][CH][C]1N([O-])[O-])[C+]1[CH][CH][CH][CH][C]1N1[CH][CH][CH][CH]1,-0.5241475105285645
guided,COc1cc(NC(=O)c2ccccc2F)c(Cl)cc1Nn1cnnc1,-1.3049346208572388
guided,CC1CCN(C(=O)CN(c2ccc3c(c2)OCO3)S(C)(=O)=O)CC1,-1.1090795993804932
guided,NNC(=O)COc1nc(C2CCCCC2)cs1,-1.0638761520385742
guided,C/C(=N/Nc1ccc(C(=O)O)cc1)c1ccc(F)cc1,-2.9086344242095947
guided,COc1cc(C#N)cc2cc(C(=O)N3CCCCCC3)c(=O)oc12,-0.9898947477340698
guided,COc1cc(N2CCC2=O)ccc1-n1cnnn1,-1.2601189613342285
guided,CC(=O)c1ccc(N2C=[N+]=N/C2=[S+]\CC([O-])[N-]C2CCNCC2)cc1,-0.41421711444854736
guided,CCn1c(=O)c2ccccc2n2c(SCC(=O)N3CCCC3)nnc12,-1.2877206802368164
guided,COc1cccc(C(=O)N2CCSC2=S)c1,-6.709350109100342
guided,COc1ccc(N2CCN([C@@H](CNC(=O)c3ccco3)c3cccnc3)CC2)cc1,-1.7299824953079224
guided,COc1cc(C#N)c(/N=C(\CSC(=S)N2CCCCC2)NC(C)=O)cc1OC,-1.1736457347869873
guided,CC(CC[C+]1[CH][CH][CH][CH][CH]1)NC(C)C(O)[C]1[CH][CH][CH][C](N([O-])[O-])[CH]1,-1.1947327852249146
guided,CC(=O)N1CCc2ccccc2[C@@H]1CC(=O)O,-2.665544271469116
guided,O=C(CN1CCN(Cc2ccccc2)CC1)Nc1ccccn1,-3.657846689224243
guided,CCOc1ccc(-c2ccc(NC(=O)Nc3cccc([N+](=O)[O-])c3)cc2)nn1,-1.4614388942718506
guided,COCCN1C(=O)N[C@@H](c2ccc(C(C)(C)C)cc2)C(C(=O)OC)=C1C,-2.211479425430298
guided,CO[c-]1[cH+][cH-][cH+][c-]([C-]([O-])CO[C+]([O-])CN2[C+]([O-])C3C[CH+][CH+]C(C4[CH-]C4)C3[C+]2[O-])[cH+]1,-0.3353896141052246
guided,CC(=O)Nc1cc(CN2CCN(CCc3ccccc3)[C@@H](CCO)C2)ccc1C,-3.235551357269287
guided,COC[C-](C)n1[c+](C)[c-]([C+]([O-])CO[C+]([O-])[c+]2[cH+][n-][cH-][cH+][n-]2)[cH+][c-]1C,-0.29734283685684204
guided,COc1ccc(NC(=S)N2CCC(C)CC2)cc1OC,-6.389949321746826
guided,Cc1ccc(N/N=C\c2ccccc2)nc1,-5.675387382507324
guided,[CH][OH+][C]1[C][C][C-][C]2C[N][C]3S[C]([C]([O])[C]4[CH][CH][CH]O4)[N]N3[C]21.[H+],-1.4317522048950195
guided,CC(=O)N[C@@H]1CCC[C@H](c2ccco2)C1,-4.808688163757324
guided,CCOc1cc(OC)cc(C(c2c(C(=O)O)[nH]c3ccccc23)c2c(C(=O)O)[nH]c3ccccc23)c1O,-2.6261730194091797
guided,C/N=C/c1ccccc1OCC#N,-4.133021831512451
guided,COCCOC(=O)C/[S+]=C1\C=CC=C\C1=C(/[O-])OC,-1.7496801614761353
guided,COc1cccc(-c2ccc(SCC#N)nn2)c1,-2.795325517654419
guided,COc1cc([C@@H]2C(C#N)=C(N)N(Cc3ccc[nH]3)C3=C2C(=O)CCC3)ccc1OC(=O)c1cc(C)cc(C)c1,-2.437932014465332
guided,Cc1cc(C(=O)NNC(=O)CO/C=C/c2ccc(Br)cc2)n[nH]1,-0.475176066160202
guided,[CH2-]CNC(=O)[C@@H](C)OC(=O)[C@H](CCC)N[C-](O)[C@H](C)N([CH-]CC/C=C\C)/C1=[O+]\[O+](CC(=O)OC)c2cc(cc(OCC)c2OCC)[C@@H]2NC(=O)N(CCCCC1)C(C)=C2C(=O)OCCC.[H+],-4.376153469085693
guided,CC(C)C(=O)N(Cc1ccccn1)Cc1ccco1,-4.328179836273193
guided,CCCCCNC(=O)CCNc1cccc2cccnc12,-3.592311143875122
guided,CCOc1ccc2nc(CN3CCN(CCO)CC3)ccc2c1,-3.616694688796997
guided,CC(CC[c+]1[cH-][cH+][cH-]o1)N[C-]1[N-][C+]2[C+]([CH+][N-]N2[c+]2[cH-][cH+][cH-][cH+][cH-]2)[C-](N)O1,-1.1446917057037354
guided,C[C-]1[CH+]N([c+]2[cH-][cH+][cH-][n-][c+]2N[c+]2[cH-][cH+][cH-][cH+][c-]2F)CCNC1.[H+],-5.10723352432251
guided,CC(=O)Nc1cccc(NS(=O)(=O)c2cccc(COC(C)C)c2)c1,-1.2725474834442139
guided,C[N-][N-][C+](C)[c+]1[cH-]o[c+](O)[cH-][c+]1[O-],-0.7847990989685059
guided,OCC[C@H](Nc1ncnc2sccc12)c1ccc(OCCCCc2ccccc2)cc1,-4.249722003936768
guided,CCNc1cc(-c2ccc(F)cc2F)nn1CCC#N,-3.6550912857055664
guided,Cc1c(C(=O)NCc2cccs2)oc2ccc(S(=O)(=O)N3CCC4(CC3)OCCO4)cc12,-0.912273645401001
guided,CCCSc1cccs1,-13.568041801452637
guided,CCCOc1ccc(Cc2nc(N)nc(N)n2)cc1,-0.3496415317058563
guided,ON1[C@H](Nc2ccccc2Cl)N[C@@H]2CCCC[C@@H]21,-4.173940658569336
guided,CN(C)/C(=C\N=C\c1cccn1C)C(=O)c1ccccc1,-5.491824150085449
guided,N#CCSc1nc2c(c3c1CCCC3)CCCC2,-6.176329612731934
guided,CCOc1ccc(C(=O)/C=C/c2ccccc2C)c(O)c1,-4.972945690155029
guided,Cc1ccc(Cc2ccc(=O)n(CCC(=O)N[C@@H](CC(C)C)C(=O)O)n2)cc1,-0.4750045835971832
guided,CN(Cc1ccc(-c2ccccc2)cc1)C[C@@H](O)COc1ccccc1Cl,-7.795162677764893
guided,CCOC(=O)c1sc(NC(=O)C2CC2)nc1C,-1.7475402355194092
guided,CN(CC(=O)Nc1cccnc1)C(=O)/C=C/c1cccc2ccccc12,-2.66642689704895
guided,CNC1CCN(C(=O)N2CCCCCC2)CC1,-5.781285762786865
guided,CCC(=O)N1CCc2cc(S(=O)(=O)CCC(=O)Nc3cccc(C)n3)ccc21,-0.5796263217926025
guided,COc1ccc(N/C=C2/C(=O)C[C@H](c3ccccc3)C2=O)cc1,-3.412855386734009
guided,Cc1cc(C)cc(NC(=O)CCC(=O)Nc2nccs2)c1,-1.892096996307373
guided,CP([O-])[C+]([CH-][c+]1[cH-][cH+][cH-][cH+][cH-]1)S[C][N-2],-4.456361770629883
guided,C/C(=N\NC(=O)C1CCCC1)c1ccco1,-3.1623499393463135
guided,CCOc1ccccc1/C(N)=N/OC(=O)CSc1ncccn1,-0.3592553436756134
guided,C[C@@H]1CN(Cc2nc3ccccc3[nH]2)C[C@H](C)O1,-4.8250508308410645
guided,CO[C]1[CH][C]([CH][N]N[C]([O])CN([C+]2[CH][CH][CH][CH][CH]2)S([O])([O])[C]2[CH][CH][CH][C](N([O-])[O-])[CH]2)[CH][C](OC)[C]1OC,-0.7384803891181946
guided,COc1ccc(CCN(Cc2ccccc2)C(=O)Nc2cccc(C)c2)cc1OC,-5.526880741119385
guided,Nc1nc(SCC(=O)Nc2ccc(S(N)(=O)=O)cc2)n[nH]1,-0.31461524963378906
guided,Cc1ccc(-n2nc3c(c2NC(=O)Cc2ccc(F)cc2)C[S@@+]([O-])C3)cc1,-2.0593454837799072
guided,Cc1nc(/N=C/N(CCOCCCO)Cc2ccccc2)ncc1Cl,-1.8733904361724854
guided,CN(C)N1C(N)=C(C#N)[C@H](c2cccc(Cl)c2)C2=C1CCCC2=O,-1.6964874267578125
guided,CC1=C(C)N(Cc2ccccc2)C(=O)/C1=N\Nc1ccc(N2CCOCC2)cc1C,-3.6611788272857666
guided,CC/C=N/NC(=O)COc1ccccc1C#N,-1.1666303873062134
guided,CCO[C-]([O-])N[C+]([O-])CS[C+]1[N-][CH+][CH+]N1C[C-]1[CH+]C[CH-]N1[c+]1[cH-][cH+][c-](F)[cH+][cH-]1,-0.5553797483444214
guided,N#Cc1c(-c2ccc(F)cc2)cc(-c2ccco2)nc1SCc1ncn[nH]1,-1.8420900106430054
guided,C/C=C/C(=C/N=N/C1=NCCN1)C(=O)NNC(=O)c1ccccc1,-0.33739420771598816
guided,OCc1nnc(-c2ccc(CN3CCOCC3)cc2)o1,-1.3237491846084595
guided,O=C(CN(C(=O)CNC(=O)c1cccs1)c1ccccc1F)NC1CC1,-0.9620040655136108
guided,CCN(c1ccc(Cl)cc1)S(=O)(=O)c1ccc(C(=O)NCCc2ccccc2)cc1,-3.241053819656372
guided,COc1ccc([C@@H](CC(=O)c2ccc(C)cc2)c2cccnc2)cc1OC,-5.362864971160889
guided,CCC(=O)c1cn(CC(=O)NCc2ccncc2)c2ccccc12,-2.3070926666259766
guided,Cc1cccc(C)c1NC(=O)CN(C)C(=O)CNc1ccc2ccccc2c1,-3.1823315620422363
guided,CNCc1nc2c(c(=O)n(C)c(=O)n2C)n1CCc1ccccc1,-1.1473972797393799
guided,CCOc1cc2c(cc1OC)CN(C(=O)[C@H]1CCCN(C(=O)c3ccc4ccccc4c3)C1)CC2,-4.037050247192383
guided,CCOc1ccccc1/C=C\C(=O)NNC(=O)NCc1ccccc1,-1.1257413625717163
guided,[N-2][C][C+]1[CH+][C][C+]([c+]2[c-](N[C+]([O-])[c+]3[cH-][cH+][cH-][cH+][cH-]3)s[c+]3[c-]2CCCC3)[N-][C+]1O,-1.4079275131225586
guided,O=S(=O)(c1cnc(Cl)c(Cl)c1)N1CCCCC1,-3.825517177581787
guided,Cc1cccc(CN(CC2CC2)C(=O)c2ccco2)c1OC(F)F,-5.713271617889404
guided,CCC(=O)NNC(=O)Cc1cccc2ccccc12,-2.591193675994873
guided,N#Cc1c(N2CCOCC2)nc2ccccc2c1N1CCOCC1,-2.199220895767212
guided,CCCn1cnn(CC(=O)NC[C@H]2COc3ccccc3O2)c1=O,-0.47741010785102844
guided,Cc1nn(-c2ccc([N+](=O)[O-])cc2)c(C)c1CCC(=O)O,-0.6460539102554321
guided,C[c-]1[cH+][n-][c+]2[c+]([n-]1)N(CCC[N-][C+]([C][CH+]C(C)C)N1CC[c+]3[cH-][cH+][cH-][cH+][c-]31)C[c+]1[cH-][cH+][cH-][cH+][c-]1-2,-6.325059413909912
guided,[CH2-]CN1CCC[C@H]2C(OC)=CC=C(OC)/C2=[N+]2/N=C(C)C=C2NC(=O)CC1,-1.9471672773361206
guided,CCc1nc(SCC(=O)Nc2nc3nc(C)c(C/C=C/c4ccccc4)c(C)n3n2)n[nH]1,-0.9865362644195557
guided,[CH2-]CC/C=[NH+]/C(=O)/C(=C/c1ccc(OC)c(OC)c1)NC(=O)c1ccc2nc(CCc3ccccc3)oc2c1,-1.1318724155426025
guided,COc1ccc(Cc2cnc3[s+]c(CC(=O)NCc4ccco4)nn3c2[O-])cc1OC,-0.4022209346294403
guided,O=[N+]([O-])c1ccc(Cl)c(Nc2ncccn2)c1,-1.145399570465088
guided,CCCOc1ccc(C(=O)N[C@H](C(=O)O)C(C)C)cc1,-1.3087174892425537
guided,CN(Cc1cccs1)C(=O)CCNC(=O)N1CC(=O)Nc2ccccc21,-0.862140953540802
guided,O=C(CCNS(=O)(=O)Cc1ccccc1)NCCCN1CCCCCC1,-0.9991117119789124
guided,COCCN1CCC[C@@H](CNCc2ccccc2)C1,-7.586897373199463
guided,CCn1cc([N+](=O)[O-])c(C(=O)Nc2ccc(F)cc2F)n1,-0.7161832451820374
guided,Cn1c(CCCNC(=O)N[C@]23C[C@H]4C[C@H](C[C@H](C4)C2)C3)nnc1SCC(N)=O,-0.45069214701652527
guided,O=C(CSc1nc2ccccc2s1)Nc1ccc(S(=O)(=O)N2CCCC2)cc1,-1.7265419960021973
guided,C[C@](NC(=O)c1cccc2ncccc12)(C(=O)O)[C@H]1C(=O)C[C@H](C)CC1=O,-0.3932857811450958
guided,COc1ccc2c(cc(C)n2C)c1OC,-7.899234771728516
guided,O=[C+](c1ccncc1)N(O[C][O-])c1cccc2ccccc12,-1.91142737865448
guided,OC1(c2ccc(Cl)cc2)CCN(Cc2ccccc2)CC1,-8.637874603271484
guided,Cc1ccccc1CCNC(=O)c1cccn(C/C=C/c2ccccc2)c1=O,-4.25734806060791
guided,CO[c-]1[n-][n-][c+](C)[c+]2[n-]o[cH+][c+]21.[CH+]1[CH-]C23OC24NC34[CH+][C-]1O[c-]1[cH+][cH-][cH+][cH-][cH+]1.[H+].[H+].[H+],-0.32467371225357056
guided,COc1ccc(NC(=O)/C=C/c2cccs2)cc1NC(=O)c1cccs1,-3.2461814880371094
guided,CC(=O)c1cccc(OCCOCCOc2cccc3cccnc23)c1,-3.52059268951416
guided,Cc1[nH]c2ccc(C(=O)N(C)C(C)C)cc2c1C,-6.133707046508789
guided,OCCNc1cc(F)nc(-c2ccco2)n1,-1.4324945211410522
guided,CCCC(=O)NC(=S)Nc1ccc(NC(=O)c2ccco2)cc1C,-1.3907240629196167
guided,N#C/C(=C/c1ccc(C(=O)O)cc1)c1ccccc1OCCOCCCOP(=O)(O)O,-0.97909015417099
guided,CC(=O)N1c2ccc(S(=O)(=O)N[C@H]3CCCC[C@H]3C)cc2C[C@H]1C,-2.2237963676452637
guided,CCO[C]1[CH][C]([C+]([O])N[C]2[CH][CH][CH][C]3[CH][CH][CH][CH][C]32)[C]2CN(C)CC[C]2[C]1N([O-])[O-],-0.7549536228179932
guided,CCOc1cccc(/C=C/C(=O)OC)c1,-5.724128246307373
guided,C/C=C/C(=O)S[C@H](C)C(=O)NC1=[S+]C=C/C1=C(/[O-])OC,-1.0369962453842163
guided,Cc1ccc2c(C)c(CCN3CCOCC3)c(=O)[nH]c2c1C,-4.288864612579346
guided,CO[c-]1[cH+][cH-][cH+][cH-][c+]1[CH-][CH+][C-]([O-])NC[C+]([O-])[N-]N[C+]1[CH+][CH+][CH-][CH+][C-]1F,-0.3907483220100403
guided,COCCNCC(=O)N[C@]12C[C@H]3C[C@H](C[C@H](C3)C1)C2,-3.5507850646972656
guided,CCCC(=O)Nc1c(C)n[nH]c1C(=O)OCC,-0.7514216899871826
guided,Nc1nc(=O)n([C@@H]2O[C@H](CO)[C@@H](O)[C@@H]2F)cc1I,-0.462229460477829
guided,[H]/N=c1/c(-c2ccccc2)c(C(F)(F)F)n(O)c2c1n1c(=O)cc(-c3ccco3)nc1n2Cc1ccco1,-2.048488140106201
guided,CCCCn1ccc(O)c(Cc2ccccc2)c1=O,-4.972543716430664
guided,Cc1cc(OC(=O)CNC(=O)OC(C)(C)C)c2c(C)cc(=O)oc2c1,-0.7678530216217041
guided,C[C@@H](Cc1ccccc1)n1nnnc1SCC(=O)N1CCN(c2ccccc2)CC1,-2.06350040435791
guided,Nc1c(C(=O)N2CCOCC2)sc2nc(N3CCOCC3)c3c(c12)CCCC3,-0.9437560439109802
guided,COc1cc(CN(C)C(=O)COc2ccc3ccccc3c2)cc(OC)c1OC,-3.562481641769409
guided,Cc1ccc2cc(CN(C[C@@H]3CCCO3)S(=O)(=O)c3ccccc3[N+](=O)[O-])c(=O)[nH]c2c1,-0.8401846289634705
guided,CC1CC1.CCC[C-]([O-])N[C][N-]C[C]CCCN1CCOCC1.[CH3+].[CH]C[CH+]C[CH].[H+].[H+].[H+],-3.7723066806793213
guided,C[C@@H]1O[C@H](O[C@H]2[C@H](O)[C@@H](O)[C@H](O)[C@H](O)[C@@H]2O)[C@@H](N)C[C@H]1[N+](=O)[O-],-0.5371086001396179
guided,COc1ccc2c(c1)[nH]c1c(N3CCOCC3)ncnc12,-2.0840044021606445
guided,CCOc1ccc(-c2ncc(C(C)(C)c3ccccc3)[nH]2)cc1O,-3.9954211711883545
guided,[O][C](C1CCN([C+]([O])[C]2[CH][CH][C](F)[CH][CH]2)CC1)N1CCN([C]2[CH][CH][CH][CH][C]2N([O-])[O-])CC1,-0.7463783621788025
guided,CC1=C/C(=C(\[O-])Nc2ccc(OC(F)(F)F)cc2)C(NC(=S)NC(=O)c2ccccc2)=[S+]1,-1.0381207466125488
guided,O=C(Nc1cccc(C(F)(F)F)c1)N[C@H]1CCCN(c2ccc(C(F)(F)F)cn2)C1,-4.488247394561768
guided,COc1ccc(CCNC(=O)c2cc(C)c(=O)n(Cc3ccccc3)c2N)cc1,-0.8608960509300232
guided,Cc1c(C(=O)NCCCN(C)[C@H]2CC=CCC2)oc2ccc(F)cc12,-5.1710991859436035
guided,CC[C@H](c1nnnn1C1CCCCC1)N1CCN(c2ccc(OC)cc2)CC1,-3.1102888584136963
guided,Cc1coc2cc3c(cc12)C(=O)N(CC(=O)O)C3=O,-0.5659765005111694
guided,CCC(=O)Nc1oc2c(C)cc(OCc3ccc4ccccc4n3)nc2c1C#N,-1.7269659042358398
guided,COC[C@@H](C)c1nnc2scc(-c3ccccc3)n12,-5.485489845275879
guided,C[C@@](Cc1ccccc1)(C(=O)O)N1C(=O)c2ccc(C(=O)O)cc2C1=O,-0.4607490599155426
guided,Cc1ccc(S(=O)(=O)Nc2ccc3c(c2)nc(C)n3C)cc1,-2.3708724975585938
guided,C[C]1[CH][CH][C](N([O-])[O-])[C](OCCN2[C]([O])NC(C)(C)[C+]2[O])[CH]1,-0.45111414790153503
guided,Cc1cc(Nc2ccccc2)n(-c2ccc(CN(C)Cc3ccccc3)cn2)n1,-5.8567214012146
guided,COCCN1CCC[C@@H](CNC[C@H](O)c2ccc3ccccc3c2)C1,-4.493199348449707
guided,Nc1ccc2c(c1)nc(Cc1ccccc1)n2CCO,-2.0792267322540283
guided,Cn1c(=O)c2c(ncn2CC(=O)Nc2nccs2)n(C)c1=O,-0.30036741495132446
guided,CCOc1cccc(/C=C2\SC(=S)N(C[C@@H]3CCCO3)C2=O)c1,-5.796347141265869
guided,CN(C/C=C/c1cc2ccccc2nc1OCc1nn[nH]n1)Cc1ccccc1,-1.5024573802947998
guided,COc1ccccc1/N=N/c1c(C)[nH]n(-c2ccccc2)c1=O,-2.3297953605651855
guided,NC(=O)c1cc([N+](=O)[O-])ccc1NCc1cccnc1,-0.3721884489059448
guided,CC[C@H](C)C(=O)Nc1ccc(OC)cc1[N+](=O)[O-],-1.060652494430542
guided,C[C@H](C(=O)N1CCN(c2ccc(Cl)c(C(F)(F)F)c2)CC1)N1C(=O)c2ccccc2C1=O,-3.108062267303467
guided,COCCNC(=O)[C@@H](Cc1ccccc1)NC(=O)c1cccc(F)c1,-1.715932011604309
guided,Cc1ccc(NC(=O)Cn2nc(-c3ccccc3F)ccc2=O)cc1Br,-2.824413537979126
guided,NC(=O)C1(N(C(=O)c2ccc(C(F)(F)F)cc2)C2CC2)CCCCC1,-2.8416786193847656
guided,CC(=O)N1c2ccccc2C(=O)O[C@H]1c1cccc(F)c1,-4.403802871704102
guided,CCOc1cc(N2CCCCC2)ccc1Nc1c(C(N)=O)cnc(N2CCN(C=O)CC2)c1N,-0.44175928831100464
guided,CCOCCCN(C(=O)CCC(=O)Nc1nccs1)[C@H](C(=O)NC(C)(C)C)c1ccc(F)cc1,-1.3636518716812134
guided,CCOc1ccc(-c2nc(C#N)c(N3CCOCC3)o2)cc1,-1.5541503429412842
guided,C[C@@H](Cc1ccccc1)C(=O)NCCN(C)C,-6.041790962219238
guided,CC[C@H]1CCCCN1CCNC(=O)C1CCN(S(=O)(=O)c2cccs2)CC1,-1.796879529953003
guided,Cc1ccc(N(CC(=O)NCc2ccccn2)S(=O)(=O)c2ccc(F)cc2)cc1,-1.3126189708709717
guided,CCOc1ccc(/N=C(/C(=O)OC)c2ccccc2)cc1,-4.372159957885742
guided,O=C(N/N=C/c1ccc2nccnc2c1)c1cccs1,-1.8931937217712402
guided,CCOC(=O)[C@H](C)C(=O)[C@@H](c1ccc(F)cc1)[C@@H](C)c1ccc(C(=O)CC)cc1,-4.344537258148193
guided,CNC1CCN(Cc2[c-]c3nsnc3cc2)CC1.[H+],-4.7495012283325195
guided,C[c-]1[cH+][c-]2[c+]([c-]([C+]([O-])[CH+][CH-][c+]3[cH-][cH+][cH-][cH+][cH-]3)[cH+]1)[C-]([O-])OC2.[H+],-2.837700605392456
guided,O=C(Nc1cc(=O)[nH]c2ccccc12)c1ccco1,-1.2712384462356567
guided,CCOC[C@@H](CCCO)[C@@H](CCOC)c1cn(C(C)=O)c2ccccc12,-3.212993860244751
guided,N#C/C(=C1/C=CC=CN1/C(C=O)=C/c1ccco1)c1ccccc1,-3.7724416255950928
guided,NS(=O)(=O)c1ccc(OCCN2CCN(c3ccccc3-c3ccccc3)CC2)cc1,-1.5425833463668823
guided,Nc1nccc(-c2cc3ccccc3o2)n1,-2.0328867435455322
guided,O=C(NNS(=O)(=O)c1ccc(Cl)cc1)c1cc(F)ccc1Oc1ccccc1,-1.6436660289764404
guided,Cc1nn(CCOCCOc2cccc3ccccc23)c(C)c1C,-6.5047125816345215
guided,COc1ccccc1CCNC(=O)NC[C@]12C[C@H]3C[C@H](C[C@H](C3)C1)C2,-4.369267463684082
guided,C/C(N)=C(/C#N)C(=O)CN(C)C(=O)CCc1ccccc1,-0.5591695308685303
guided,Cc1ccc(Cl)c(OC[C@H](O)CNC(C)(C)C)c1,-5.061982154846191
guided,CNc1oc(C)nc1Sc1ccccc1,-5.716170787811279
guided,COc1ccccc1-c1cc2ccccc2cc1OC,-10.103174209594727
guided,CN(N=O)C(=O)NC[C@@H](O)[C@@](O)(C(=O)N1CCCC1)c1ccccc1,-0.34484347701072693
guided,CCCc1cc(C(C)C)n2nc(NCc3cccs3)nc2n1,-3.896012306213379
guided,N#Cc1nc(Cc2ccc(OCc3ccccc3)cc2)oc1N1CCCC1,-3.4010226726531982
guided,COCc1nnc(NC(=O)CCC2CCCCC2)s1,-2.490403413772583
guided,CNC([CH-]OCC1CS1)CO[c+]1[cH-][cH+][cH-][cH+][c-]1-[c+]1[cH-][cH+][cH-][cH+][cH-]1,-7.16845178604126
guided,CCCOc1ccc(/C=N/N2C[C@@H](C)C[C@@H](O)C2)cc1Oc1ccccc1,-4.253825664520264
guided,COc1cc2ccccc2cc1C(=O)N1CCN(C)CC1,-6.074524402618408
guided,C[C-]1CC(C)CC([C+]([O-])N2CCN([c+]3[cH-][cH+][cH-][cH+][c-]3F)CC2)C1,-6.9312744140625
guided,CN(CC#N)[C@H]1CC(=O)N(c2ccc(C(=O)O)cc2)C1=O,-0.34471485018730164
guided,CCOc1ccc(OCC)c(N2CCN(C)CC2)c1,-7.510570526123047
guided,[O-]N([O-])[c-]1[cH+][cH-][c+]([S+2]([O-])([O-])N2[N-][C+]([c+]3[cH-][cH+][cH-][cH+][n-]3)O[C-]2S)[cH-][cH+]1,-0.4441738724708557
guided,O=C(NCc1ccccn1)[C@@H]1CC(c2ccc(O)cc2)=NO1,-0.6592205166816711
guided,Cc1cc(C(F)(F)F)cc(NNC(=O)NC2=[S+]C3=C(CC(C)(C)OC3)/C2=C(/N)[O-])n1,-0.39338353276252747
guided,CCCC(=O)NCCc1cc2c(C)ccc(C)c2[nH]c1=O,-2.4881534576416016
guided,C[C][C+](O[C-]([O-])[C+]1[CH+][CH-][CH+]O1)[C-]([O-])[C+]1[CH+][CH-][C+](N[C-]([O-])N2CCN([C+]3[CH+][CH-][CH+][CH-][C+]3C)CC2)[CH-][CH+]1,-0.5280578136444092
guided,O=C(C1=NCCO1)c1nc(Cl)ccc1Cl,-3.4938318729400635
guided,COCCn1c([O-])c2ccccc2[s+]c1=O,-2.9223792552948
guided,C[C@@H](OC(=O)COc1ccccc1)C(=O)N1CCCC1,-2.79831862449646
guided,COc1ccc(OC)c(OC(=O)N(C)c2ccc(C)cc2)c1,-4.5193915367126465
guided,CCN(CC)S(=O)(=O)c1ccc(N(C)Cc2ccc(C(=O)OC)cc2)nc1,-1.082786202430725
guided,O=C(CN1CCN(c2ccc(O)cc2)CC1)NCCc1cc([N+](=O)[O-])cc(C(=O)O)c1O,-0.28388649225234985
guided,CNC(=O)N1c2ccccc2NC(=O)c2ccccc21,-2.5253512859344482
guided,C[C@H](/[S+]=C(\[O-])c1ccco1)C(=O)Nc1ccccc1C#N,-0.4094008207321167
guided,COCCCNC(=O)c1ccc(COc2ccc(C)cc2OC)o1,-1.8694411516189575
guided,Cc1cc(C)cc(N/C=C2\C(=O)N(c3ccc(C(=O)O)cc3)C(=O)c3ccccc32)c1,-2.1469528675079346
guided,COCCNC(=O)CN(C(=O)c1ccc(OC(C)C)nn1)c1ccc(C(C)=O)cc1,-0.3900216519832611
guided,CN1c2cc3c(cc2N(C)C1C(=O)O)CCCC3,-4.410346984863281
guided,CCOc1ccc(-n2c(C)nnc2SCc2nc3ccccc3[nH]2)cc1,-2.7312159538269043
guided,Cc1cccc(C)c1OCc1cc(C(=O)N2CCCCCC2)no1,-3.814615249633789
guided,CCC[C@H](C)C(=O)Nc1ccc(-n2nc(C)cc2C)cc1C,-5.088066577911377
guided,CCOc1ccc(N/C=C2/C(=O)Oc3ccccc3C2=O)c([N+](=O)[O-])c1,-0.8235349059104919
guided,CO[c+]1[cH-][c+](N(C[C-]([O-])NC[CH+]C2CCCCCO2)[C-]([O-])[C+]2[CH+][C-]3CCC[C+]3S2)[cH-][cH+][c-]1OC,-0.8876429796218872
guided,CCCCCn1c(S(=O)(=O)O)nc2ccccc21,-1.5693365335464478
guided,NNc1nccc(=O)[nH]1,-0.8913987278938293
guided,COc1ccc(/C=C/C(=O)N2CCCC2)cc1OC,-5.217562675476074
guided,COc1ccc(CCNC(=O)[C@H]2CC[C@@H](CNS(=O)(=O)C3=C/C(=C(/N)[O-])[S+]=C3)CC2)cc1OC,-0.3480841815471649
guided,COc1ccc(S(=O)(=O)N(CC(=O)O)Cc2cccc3ccccc23)cc1C,-1.3083399534225464
guided,[H]/N=[C-]/[NH+]=C1/CCCC(=O)/C1=C\c1ccccc1,-2.91404128074646
guided,COc1cc([C@H]2CC(=O)N3CN(c4ccccc4)CSC3=C2C#N)ccc1O,-1.7797868251800537
guided,O=C1/C(=C/c2ccc(F)cc2)Oc2cc(O)ccc21,-4.489325046539307
guided,CCO[C-]([O-])C(CC[c+]1[cH-][cH+][cH-][cH+][cH-]1)NC(C)[C+]([O-])[N-][C+](C)[CH+][C+]([O-])OC,-0.35337671637535095
guided,Cn1cc(CCC(=O)O)c(-c2ccc3c(c2)OCO3)n1,-1.2823472023010254
guided,CCC[C@]([N-]C(=O)[C@]12CC[C@](C)(C(=O)O1)C2(C)C)(C(=O)O)c1cccc(F)c1.[H+],-1.5786232948303223
guided,Nc1nnc(CSCc2ccc(C(=O)OCc3ccc(F)cc3)o2)s1,-1.2797693014144897
guided,NCCCCCNC(=O)C1CCN(S(=O)(=O)c2cnc[nH]2)CC1,-0.4062422215938568
guided,CNC1=Nc2ccccc2[C@@H](c2cccc(O[C@H]3CCN(Cc4ccccc4)C3)c2)N1,-4.838527679443359
guided,COc1ccc(C)cc1NC(=O)COCC(=O)N1CCc2ccccc21,-1.8051025867462158
guided,Cn1c(=O)n(CCO)c(=O)c2c1ncn2C[C@@H](O)CCNCCON,-0.37729811668395996
guided,CN(C)c1ccc(C(=O)N/N=C\c2cccc3cccnc23)cc1,-3.0019311904907227
guided,O=c1[nH]c(=O)n2c(c1/C=[N+]1\CCc3ccccc3C1)OCCCCC[CH-]C2,-1.772864580154419
guided,Nc1cccc(C(=O)OCC(=O)NCC(=O)N/C(=C\C=C\c2ccccc2)C(=O)O)c1,-0.2907557189464569
guided,COc1ccc2cc(CCNC(=O)C[C@@H](C)c3ccccc3)c(=O)[nH]c2c1,-1.986782193183899
guided,[H]/N=C1C(=C\c2cc(C)n(-c3ccc(C)cc3C)c2C)/C(=O)N=C2SC(CC(=O)N3CCOCC3)=NN2/1,-1.2111921310424805
guided,COc1ccccc1/C(C)=N/NC(=O)Cc1ccc(F)cc1,-3.7640202045440674
guided,Cn1c(=O)c2c(nc(CN3CCOCC3)n2CCCCCC(=O)NCCN2CCOCC2)n(C)c1=O,-0.35985103249549866
guided,Cc1cc(C(=O)N/N=C\c2cccc([N+](=O)[O-])c2)c(C)n1C1CC1,-1.0238878726959229
guided,CC1=C(C(=O)OCCOC(C)C)[C@@H](c2ccc(C)o2)C2=C(CCCC2=O)N1,-1.8246707916259766
guided,N[C][N-][N-][CH+]N1CCCCC1,-2.7735464572906494
guided,C[C@@H]1CCCN(c2c(NCc3cccs3)c(=O)c2=O)C1,-3.7000327110290527
guided,CC(=O)N1N=C(c2cccc(C)c2O)C[C@@H]1c1ccc(N(C)C)cc1,-3.4333202838897705
guided,COc1ccc(-c2nc3cccnc3s2)cc1NC(=O)c1ccccn1,-1.9663360118865967
guided,C[N-]C(CC[C+]([O-])O)[C+]([O-])N[c+]1[cH-][cH+][cH-][c+]2[cH-][cH+][cH-][cH+][c-]12,-0.39559897780418396
guided,N#CCC(=O)NN=C(c1ccccc1)c1ccccc1,-2.0836708545684814
guided,Cc1cc(C)nc(-c2ccc3ccccc3c2)c1,-11.305927276611328
guided,CCCCC(=O)NC[C@@H](c1cccs1)N1CCN(c2ccccc2F)CC1,-6.5780439376831055
guided,CCCCN1C(=[NH2+])/C(=[S+]/c2ccc(N([O-])[O-])cc2)C(=O)NC1=O,-0.35566550493240356
