source,smiles,log_reward
guided,CCC(=O)N1N=C(c2ccc(C(=O)NCCc3ccccc3)cc2)C[C@H]1c1ccco1,-2.4319937229156494
guided,CO[C-]([O-])N1[C+]([C][CH+][CH+][c-]2[cH+][cH-][cH+][cH-][cH+]2)[CH+][CH-]C1(C)[C+]([O-])NC[c+]1[cH-][cH+][cH-][cH+][n-]1,-0.5776521563529968
guided,[CH2-]OCCS[c+]1[cH-][cH+][cH-][cH+][n-]1,-7.788481712341309
guided,O=S(=O)(c1cccs1)N1CCC(O)(c2cccc(C(F)(F)F)c2)CC1,-3.3048222064971924
guided,CC(C)(C)c1ccc(S(=O)(=O)NCC(=O)N2CCCC2)cc1,-1.8754605054855347
guided,O=C(c1nc2ccccc2c(=O)[nH]1)c1cccc2ccccc12,-2.659339189529419
guided,O=C(CCC(F)(F)F)CC1c2ccccc2-c2ccccc21,-11.020674705505371
guided,NS(=O)(=O)c1ccc(/C=C2\NN(c3ccccc3Cl)C(=O)C2=O)cc1,-0.34014779329299927
guided,O=C(NNc1ccc(Cl)c(C(=O)O)c1)Nc1cccc(C(F)(F)F)c1,-1.7518646717071533
guided,Cc1cc(C)cc(OCC(=O)Nc2cccc3ccccc23)c1,-6.485496520996094
guided,COc1cc(CCC(=O)NNC(=O)c2ccc(C)o2)cc(OC)c1OC,-0.41183337569236755
guided,CCN(CC(=O)Nc1cccc(F)c1)CC(=O)Nc1nccs1,-1.2517367601394653
guided,NS(=O)(=O)c1ccc(CCNc2cc(C(F)(F)F)nc3ccccc23)cc1,-1.350257158279419
guided,Fc1ccccc1/C=N/C=[NH+]/c1[c-]c(N2CCOCC2)ncn1,-1.871926188468933
guided,[S-]C[C+]([N-][C+]1[C][C][C-](Br)[CH+][CH+]1)[c-]1[cH+][cH-][c+]2[c-]([cH+]1)OCO2,-6.681286811828613
guided,CO[C-]([O-])C(C)(C)O[N-][C+]([O-])N[C+]1[CH+][CH+][CH-][CH+][C-]1N([O-])[O-],-0.49352025985717773
guided,CCCCOc1ccc(N/C=N/C(=O)c2cccn2C)cc1,-3.5097126960754395
guided,CCOc1cc(C(=S)N2CCOCC2)ccc1OC(=O)c1ccc(C)cc1,-4.5309739112854
guided,[H+].[H+].[S-][C+]1N([C+]2[C][C][C][C][C-]2O[c+]2[cH-][cH+][c-](Cl)[c+](Cl)[cH-]2)[CH+][CH+][C+]2CCCCN21,-10.976701736450195
guided,O=C(NCCOc1ccc2ccccc2c1)c1ccc([N+](=O)[O-])cc1,-1.512985348701477
guided,COC(=O)C1=C(C)N(Cc2cccs2)/C(=N/Cc2cc(OC)c(OC)c(OC)c2)N[C@H]1c1ccc(N(C)C)cc1,-2.5335428714752197
guided,CCOc1cc(/C=N\NC(N)=S)ccc1OCC(=O)O,-0.3885042667388916
guided,O=C(NNC(=S)NC(=O)c1ccc(Br)s1)c1cc2ccccc2o1,-1.221859097480774
guided,BrCC[C@H]1[CH-][C@@H]1/C=C\C[CH+]CN1CCOCC1,-10.405939102172852
guided,C#CCOCCOCCOCCN1c2nc(N3CCN(CC)CC3)ncc2NC(=O)[C@@H]1CC(=O)OCCOCC,-0.3591110408306122
guided,C[C]/C(C(=O)Nc1cccc(-c2cnc3ccccc3n2)c1)=C(/[O-])NC[C+]1=CC=C2OCOC2=C1,-0.8198128342628479
guided,NNCc1c(O)ccc2ccccc12,-2.59417462348938
guided,[CH2-]CC(=O)NC1=C=[N+]=CC(NC(=O)Nc2ccccc2)=C1C,-0.6310527324676514
guided,CSCC[C@@H](CO)NS(=O)(=O)c1ccc(C)cc1,-1.7946058511734009
guided,COc1cccc(Oc2[c-]ccc3ccccc23)c1.O=P(O)=[OH+],-2.3583219051361084
guided,CCCCCN(c1ccc(C(=O)OCC(=O)Nc2c(C)cccc2C)cc1)S(C)(=O)=O,-1.5048763751983643
guided,O=C(O)c1cc2cc(/C=C/c3ccc(-c4ccc5ccccc5n4)c(=O)[nH]3)ccc2o1,-2.48652720451355
guided,COc1cc2nc3ccccc3nc2cc1OC,-4.536769390106201
guided,Cc1nc2cc(/C=C/C(N)=O)[nH]n2c(=O)c1/C(=N\c1ccc(Br)s1)c1ccccc1,-1.253302812576294
guided,S=c1[nH]nc(-c2ccco2)n1/N=C/C=C/c1ccco1,-1.9744575023651123
guided,Cc1ccc(NC(=O)CCN2C(=O)[C@H]3Cc4c([nH]c5ccccc45)[C@H](c4ccccc4)N3C2=O)nc1,-1.5044792890548706
guided,COc1ccc(Cn2nnc3c(=O)[nH]c(C4CCN(S(=O)(=O)c5ccc(S(=O)(=O)N(C)C)cc5)CC4)nc32)cc1C,-0.33491864800453186
guided,O=C(NNC(=O)c1ccccc1O)c1cccnc1,-0.4011003375053406
guided,CCOc1ccc2ccccc2c1/C=N/NC(=O)c1cc(C)[nH]n1,-1.3102362155914307
guided,NCCSCc1ccc2c(c1)OCO2,-4.287328243255615
guided,CC(=O)c1ccc(OCC(C)C)cc1,-7.620660781860352
guided,[N-]=[NH2+],-4.504388809204102
guided,COc1cccc(Nc2nnc(SCC(=O)NC(=O)c3cccn3C)s2)c1,-0.5694477558135986
guided,[CH2-][P+]([O-])(N[C+]1CCCCC[N-]1)O[c+]1[cH-][cH+][cH-][cH+][cH-]1,-3.0110397338867188
guided,CSC1=C(SCc2ccccc2)/C(=C(/[O-])NNC(N)=O)C(C)=[S+]1,-0.47496068477630615
guided,O=C(NC1CCCC1)[C@H]1CC[C@@H](CNS(=O)(=O)c2ccc3ccccc3c2)CC1,-2.1727805137634277
guided,CCCNC(=S)Nc1ccc2c(c1)OCCO2,-4.673684597015381
guided,CN(C=O)c1nc2c(N)ncnc2n1[C@H]1O[C@@H](CO)[C@H](O)[C@@H]1O,-0.3904118239879608
guided,NN[C-]([O-])[C+]1N[c+]2[cH-][cH+][c-](C(F)(F)F)[cH+][c-]2[C+]1[C][CH+][c-]1[cH+][cH-][c+](OC[c-]2[cH+][cH-][cH+][cH-][cH+]2)[cH-][cH+]1,-1.6641955375671387
guided,O=C(OCn1nc2ccccc2n1)c1cc(-c2cccs2)nc2ccccc12,-2.922391176223755
guided,Cc1ccc(NC(=O)c2cccs2)c(O)c1,-4.049283027648926
guided,[O-][S+]([O-])OCCS[c+]1[n-][c+]2[cH-][cH+][cH-][cH+][c-]2n1C[c+]1[cH-][cH+][c-](F)[cH+][cH-]1,-1.558278203010559
guided,CO[c-]1[cH+][cH-][c+](N([CH-][C+]([O-])N[c+]2[cH-][cH+][c-](C)[cH+][cH-]2)[S+2]([O-])([O-])[c-]2[c+](C)[n-]o[c+]2[CH-][CH+]N(C)C)[cH-][cH+]1,-0.5799288153648376
guided,Cc1nc([N+](=O)[O-])cn1CCCc1ccc(C(F)(F)F)cc1,-3.2244858741760254
guided,[C-3]n1[c+](SC[C+]([O-])N[C+]2[CH+][C+](N([O-])[O-])[CH-][CH+][CH-]2)[n-][n-][c+]1[C+]1[CH+][N-][c-]2o[c+](-[c-]3[cH+][cH-][cH+][cH-][cH+]3)[n-][c+]2[CH+]1,-0.37809765338897705
guided,CCN(CC)CC(=O)NCc1ccccn1,-4.071147441864014
guided,COc1ccccc1OP(#[O+])Nc1ccc(C)cc1.[CH3-],-4.9775872230529785
guided,FC(F)(F)[CH-]OCC1[CH-][CH+]CCN1,-8.340624809265137
guided,C[C@H](O)CNC[C@H](O)c1ccc2ccccc2c1,-3.243720293045044
guided,COc1cnc(Sc2cc(Cl)c(Cl)cc2Cl)nc1Cl,-7.8957319259643555
guided,O=C(/C=C/c1cccc([N+](=O)[O-])c1)Nc1ccc(C(=O)NC[C@H]2CCCO2)cc1,-0.8424952626228333
guided,O=C(Oc1ccccc1/C=N/NS(=O)(=O)c1ccc(F)cc1)c1ccccc1,-1.2713618278503418
guided,COc1ccc(/N=N\c2c(-c3ccc(C)cc3)[nH][nH]c2=O)cc1,-1.881658673286438
guided,O=NN1CCN(C(=O)c2cccs2)CC1,-3.160139560699463
guided,O=c1[nH]c2ccc(Cl)cc2o1,-4.203378677368164
guided,NCCO[C]1[N]N([C+]2[CH][CH][CH][CH][CH]2)[CH][C]1N([O-])[O-],-0.5026121735572815
guided,O[c-]1[cH+][cH-][c+](-[c+]2[cH-]n3[cH+][cH-][cH+][n-][c+]3[n-]2)[cH-][c+]1O[C-](F)F,-2.3926780223846436
guided,O=C(Nn1cnc2ccccc2c1=O)c1cc(Cl)ccc1Cl,-2.439626932144165
guided,[O-]N([O-])[C-][C+]1[N+](C[C]2[CH][CH][CH][C](F)[CH]2)[C][CH]C1(CO)CO,-0.5029922127723694
guided,Cl[c-]1[cH+][cH-][c+](CO[N-][C+]2[CH-]CCCCC2)[cH-][cH+]1,-9.602189064025879
guided,Cc1cc(S(N)(=O)=O)c(N)c(S(N)(=O)=O)c1,-0.430691659450531
guided,[O-]P(CCC(F)(F)F)[c+]1[cH-][cH+][c-]2[cH+][cH-][cH+][cH-][c+]2[cH-]1,-8.333566665649414
guided,[O-][C+](C1[CH-]CN([C+]([O-])C23CC4CC(CC(C4)C2)C3)CC1)N1CCCCC1,-3.456669807434082
guided,CCCCC(=O)Nc1ccc2oc(-c3ccncc3)nc2c1,-2.6205554008483887
guided,COc1ccc(N(CC(=O)Nc2ccc(S(=O)(=O)N3CCOCC3)cc2)S(=O)(=O)c2ccccc2)c(OC)c1,-0.5194547772407532
guided,O=S(=O)(CSc1ncnc2scc(-c3ccc(F)cc3)c12)c1ccccc1,-4.266495227813721
guided,CCOc1ccc(OCC)c(-c2c(C#N)c(N)nc3ncnn23)c1,-0.4303090274333954
guided,[CH2-]O[c+]1[cH-][cH+][c-](SCCN2[C+]([O-])CC[C+]2[O-])[cH+][c-]1Cl,-2.478670358657837
guided,FC(F)(F)c1cc2ccccc2c(=S)[nH]1,-10.329535484313965
guided,CN(CC(=O)NCc1ccc2c(c1)OCO2)S(=O)(=O)c1ccccc1F,-0.5905717015266418
guided,O[N-][C+]([N-][c+]1[cH-][cH+][cH-][cH+][cH-]1)[c+]1[cH-][cH+][cH-][cH+][c-]1Cl,-5.350549221038818
guided,CO[C]1[CH][CH][CH][CH][C]1[CH][CH][C]([O])NC[C]([O])NN[C]([O])[C][N][O+][C]1[CH][CH][CH-][C]([O+]C)[CH]1,-0.527107298374176
guided,NNC(=O)c1cnn(-c2ccc(F)cc2)c1,-1.311395525932312
guided,ClC1=[NH+][CH-]CN(Cc2ccc(Cl)cc2Cl)C1,-9.083627700805664
guided,COc1ccccc1N[C@H](c1ccccc1)c1nnnn1Cc1ccccc1,-2.8794586658477783
guided,CO[c-]1[cH+][c-]2[c+]([N-][N-][C+]([S-])NCC[c+]3[cH-][cH+][cH-][cH+][cH-]3)[c-]([NH-])[nH][c+]2[cH-][c+]1Cl,-3.103991746902466
guided,O=S(=O)(CCc1nc2cc3ccccc3cc2[nH]1)c1cccc(NC2=NCCCS2)c1,-2.1181082725524902
guided,CC(C)CNC(=S)N[C@@H]1C[C@H]2CCC[C@@H](C1)N2Cc1ccccc1,-7.8787617683410645
guided,Cc1ccccc1NC(=S)NCCC(c1ccccc1)c1ccccc1,-10.052453994750977
guided,CNC[CH-]C(C)[C+]([C][N-2])[C][N-2].[C-3][CH].[H+].[H+],-3.0048508644104004
guided,Cc1nc(-c2cccc(C(=O)OCC(=O)N(Cc3ccccc3)c3ccc(F)cc3)c2)oc1C,-3.715416431427002
guided,Nc1nonc1-n1nnc(C(=O)N/N=C/c2ccccn2)c1-c1ccc(F)cc1,-0.27617308497428894
guided,CN[S+2]([O-])([O-])O[C-](CO[c+]1[cH-][cH+][cH-][cH+][cH-]1)C(Cl)(Cl)Cl,-1.3145942687988281
guided,CSc1ccc(CCC(=O)O)nn1,-2.165811061859131
guided,Cc1cccc(OCC(=O)Nc2c(C(=O)OCc3ccco3)cnn2-c2ccccc2)c1,-1.4837833642959595
guided,[CH2-]O[c+]1[c-]2[c+]([cH-][c+]3o[c+]([O-])[cH-][cH+][c-]13)OC(C(C)C)C2,-3.3239803314208984
guided,CC[C@@H](NC(=S)NC(=O)c1ccccc1C)C(=O)O,-0.9893627762794495
guided,Cl[C-]1[C]N2[CH+][C+]([c-]3[cH+][cH-][cH+][n-][cH+]3)[N-][C+]2[CH-][CH+]1,-6.473469257354736
guided,[O-][S+]([O-])O[N+]#CC1=C=C1c1ccccc1,-2.4769537448883057
guided,Cc1ccc(/C=C2/[S+]=C(N3CCCCCC3)N=C2[O-])cc1Cl,-5.540710926055908
guided,OCCN[C@@H](O)c1cccc2ccccc12,-3.1893534660339355
guided,C=[N+](CCc1[c-]cccc1OCCOc1cc2c(c(F)c1C(=O)O)CCCN2)Cc1ccccc1,-2.936293125152588
guided,[CH2-]SC,-13.207829475402832
guided,COc1cccc(C)c1OCc1nnnn1Cc1ccccc1,-2.400963544845581
guided,COCC(=O)N[C@@](Nc1nc(-c2ccc(C)cc2)cc(=O)[nH]1)(C(=O)OC)C(F)(F)F,-0.297862708568573
guided,CCCOc1ccc(C(=O)NNC(=S)NC(=O)c2ccc(Cl)cc2Cl)cc1,-1.7759898900985718
guided,C/[S+]=C1\C=CC=C\C1=C(/[O-])Nc1nc(-c2cccnc2)cs1,-2.3718204498291016
guided,[OH-],-7.230311870574951
guided,COCCn1c(N)c(C(=O)NS(=O)(=O)c2ccc(C(C)(C)C)cc2)c(=O)[nH]c1=O,-0.31939029693603516
guided,[O-]N1O[C][C]n2[n-][cH+][c-](C[c+]3[cH-][cH+][c-](Cl)[cH+][cH-]3)[c+]21,-3.1033592224121094
guided,CC(=O)N[C@H](C)c1ccccc1,-6.7526092529296875
guided,[OH-],-7.230311870574951
guided,[NH2-],-6.633124351501465
guided,CN(Cc1ccccc1)C(=O)CNC(=O)CNC(=O)C1CCCCC1,-0.9517530798912048
guided,O=C(O)[C@H](COc1cccc(Cl)c1Cl)N1CCCCC1,-4.175729751586914
guided,C[N-][C+]([O-])N(C)[c+]1[cH-]n(C)[c+](O[c+]2[cH-][cH+][c-](N([O-])[O-])[cH+][n-]2)[n-]1,-0.3083046078681946
guided,Cn1cc(Br)c(C(=O)N/C=C\C(=O)c2ccccc2)n1,-2.145883560180664
guided,CCC[C@H](O)[C@@](O)(c1ccccc1)[C@H](CN1CCOCC1)c1ccccc1,-3.6336069107055664
guided,[OH-],-7.230311870574951
guided,Cc1ccc(-c2cc([C]/N=[O+]\[C@@H]3C[C@@H]([C+](C)=O)[C-]([O-])O3)ccn2)cc1CO,-0.41731780767440796
guided,CN1c2ccc(Cl)cc2C[C@H](C(=O)NC2CC2)[C@]1(C)O,-3.271815061569214
guided,CCC(=O)Nc1cccc(OC(=O)/C=C/c2ccccc2)c1,-3.6081793308258057
guided,[H+].[O-][S+]([O-])N1C=CCNc2nc3c(nc21)=C=C=C=C=3,-0.5905616283416748
guided,COc1ccc(C(=O)Nc2nccs2)cc1S(=O)(=O)N1CCOCC1,-0.2932664155960083
guided,N/C(=N\O)c1ccccc1Nc1ccc(S(=O)(=O)Nc2cccc(C(F)(F)F)c2)cc1,-1.6726958751678467
guided,[C-]#[N+]C(=O)C1=[S+2]=NC(C(=[N-])[O-])=C1N,-0.4895201623439789
guided,COC(=O)c1oc2ccccc2c1N/C=N/c1ccc(Cl)nn1,-1.148705005645752
guided,COCCCNC(=O)[C@@H](Cc1ccccc1)NC(=O)CN1CCOC1=O,-0.34480157494544983
guided,O=C1Nc2cccc3ccc(S(=O)(=O)N[C@H]4CC[C@H](O)CC4)c1c23,-0.4508633613586426
guided,O=C(NC1CC1)C1CCN(S(=O)(=O)c2ccc(OC3CCCC3)cc2)CC1,-1.4621502161026
guided,O=C(CCN1CCN(c2ccccc2F)CC1)NNC(=O)c1ccco1,-0.8586338758468628
guided,CN(C)S(=O)(=O)c1ccc(N2CCCC2=O)cc1Cl,-2.6959898471832275
guided,CCOC(=O)C1(C[C@H]2CCCCO2)CCN(C(=O)NC2CCCCC2)CC1,-2.6695361137390137
guided,Cc1ccsc1CCC(=O)Nc1nnc(CC(C)C)s1,-3.7729713916778564
guided,Cn1nnc2cc(C(=O)Nc3cccnc3)ccc21,-1.2581405639648438
guided,NC(=O)c1c(NC(=O)CN2CCOCC2)sc2c1CCN(Cc1cccc(Cl)c1)C2,-0.6865692138671875
guided,NS(=O)(=O)c1ccccc1C(=O)O,-0.42655861377716064
guided,COC(=O)CCS(=O)(=O)c1ccc(Cl)c(Cl)c1,-2.6024088859558105
guided,CCCC(=O)Nc1ccc(NC(=O)CSc2nnc(NC(=O)c3ccccc3Cl)s2)cc1,-2.166628360748291
guided,[CH2-]N1CC[c+]2[nH][c-]3[cH+][cH-][c+](C(F)(F)F)[cH-][c+]3[c-]2C1,-9.283186912536621
guided,CO[C-]([O-])N[N-][CH+][c+]1o[c-](-[c+]2[cH-][cH+][c-]([S+2]([O-])([O-])O)[cH+][cH-]2)[cH+][c-]2[cH+][cH-][cH+][cH-][c+]12,-0.5273262858390808
guided,COc1ccc(C(C)(C)C)cc1NC(=O)c1ccc(C)s1,-6.651889324188232
guided,C[C@@H](NC(=O)NCCc1cccs1)C(=O)O,-1.0051331520080566
guided,COc1ccc([C@@H](Cc2ccc(O)c(C)c2)[C@H]2C=CC(c3nn(C)c(=O)c4ccccc34)=NC2=O)cc1O,-1.501999855041504
guided,CSc1ccccc1NC(=O)[C@@H](C)NS(=O)(=O)c1ccc(F)cc1,-1.432591438293457
guided,COc1cc(CN2CCN(CCc3ccccc3)[C@@H](CCO)C2)cc(OC)c1O,-2.0394961833953857
guided,CC(=O)Nc1ccc([C@@H]2Nc3ccccc3C(=O)N2Cc2ccc(F)cc2)cc1,-3.6809818744659424
guided,CC(=O)NC(=S)c1c(N)n(Cc2ccccc2)c(=O)n(C)c1=O,-0.29364249110221863
guided,NC(=O)Nc1ccc(F)c(F)c1F,-3.051466941833496
guided,NS(=O)(=O)c1ccc(CCNC2c3ccccc3-c3ccccc32)cc1,-1.8722044229507446
guided,BrC[C-]1CCCN(C[c+]2[cH-][c+]3[cH-][cH+][cH-][cH+][c-]3n3[cH+][n-][n-][c+]23)C1,-5.975612640380859
guided,Clc1ccc(N2CCN(c3ncccn3)CC2)cc1,-6.301765441894531
guided,C=C1C=CC=C[CH-]1.Cn1nc(C(=O)N[N+]#CCC(C)(C)C)c2c1[C@@]1(C)CC[C@@H]2C1(C)C,-6.408614158630371
guided,Oc1ccccc1C1CCNCC1,-6.254854202270508
guided,O=C(NCCO)Nc1ccc2nsnc2c1,-0.5654956102371216
guided,O=C(O)[C@@H]1[C@@H](c2ccccc2)[C@H](C(=O)O[C@H]2CCCC[C@@H]2C(=O)c2ccc3ccccc3c2)[C@H]1c1ccccc1,-5.29196310043335
guided,CN(C)S(=O)(=O)c1ccc(-n2cccc2C(=O)NC2=NCCS2)cc1,-0.6852310299873352
guided,O=P(O)=[OH+].O=P(O)=[OH+].O=P(O)=[OH+].[CH2-]N([CH2-])CCN([CH2-])CP(=O)(O)O,-0.3996172249317169
guided,NS(=O)(=O)c1ccc(NCc2cc(Cl)ccc2OCc2ccccc2)cc1,-1.9616587162017822
guided,CNC[C@@H](O)c1ccc(O)c(O)c1,-1.4422951936721802
guided,[CH2-]CCC/C=[NH+]\Cc1ccc(F)cc1,-9.744504928588867
guided,O=[N+]([O-])c1ccccc1NCc1ccccc1F,-3.544768810272217
guided,CO[c-]1[cH+][cH-][c+](CN([C+]2[C][CH-][CH+][CH-][CH+]2)[C-]([O-])[c+]2[cH+][cH-][n-][nH]2)[c-](OC)[cH+]1,-1.0998399257659912
guided,CCCN(C(=O)Cn1c(C(=O)OC)cc2oc(C)cc21)c1ccccc1,-2.772225856781006
guided,O=[N+]([O-])c1nn(-c2ccc3c(c2)OCCO3)n(O)/c1=N/C1CCCCC1,-0.43990036845207214
guided,NO[CH-][c+]1[cH-][cH+][cH-][cH+][c-]1SC[C+]([O-])N[S+2]([O-])([O-])[c+]1[cH-][cH+][c-](Cl)[cH+][cH-]1,-0.37567365169525146
guided,COc1ccccc1N1CC(C)(C)S/C1=N\C(=O)CSCC(=O)O,-1.2138712406158447
guided,[F-],-5.0
guided,S=c1oc(-c2ccccn2)nn1Cc1nnc(-c2ccccc2Br)o1,-1.879968523979187
guided,CCCN1CN[CH-]N(C[c+]2[cH+][n-][cH-][cH+][cH-]2)C1,-6.038241863250732
guided,CN(CC(=O)Nc1ccc(Cl)cc1[N+](=O)[O-])Cc1ccc(Br)cc1,-2.2110564708709717
guided,Cn1c(NC(=O)C2CCCC2)cc(=O)n(C)c1=O,-1.2691662311553955
guided,O=[N+]([O-])c1nn(-c2ccc3c(c2)OCCO3)n(O)/c1=N/C1CCCCC1,-0.43990036845207214
guided,O=[N+]([O-])c1cccc(Oc2ccc(-c3nn4c(CCCCl)nnc4c4ccccc34)cc2)n1,-2.492431640625
guided,O=c1c2c(oc3ccccc13)=C=C=C=C=2,-6.419000148773193
guided,CN(C)[P+]([O-])([C-]1[C+](N[c-]2[cH+][cH-][cH+][c-]3[cH+][n-][cH+][cH-][c+]23)S[C-]2[CH-][CH+][CH-][CH+]N21)N(C)C,-2.8862946033477783
guided,COc1ccc(C(=O)NNC(=O)c2ccc(OC(F)(F)F)cc2)cc1,-1.3344706296920776
guided,CC(=O)c1ccc(C(=O)O)c(O)c1,-1.2874287366867065
guided,C[C-]1S[CH+][N-]C1([O-])[c+]1[cH-][cH+][cH-]s1.[H+],-5.5108232498168945
guided,N#Cc1cnc(Sc2ccc(N)cc2)n1CCCc1ccccc1,-2.7903168201446533
guided,CC(=O)c1n[nH]nc1NC(=O)c1ccccc1Cl,-0.658664882183075
guided,O=C(c1cccc(F)c1)N1CCN(C(=O)C2CC2)CC1,-4.81915807723999
guided,COCCNC(=S)Nc1ccc2occ(C)c2c1,-4.2707366943359375
guided,NS(=O)(=O)c1ccc(N[C@H]2c3ccccc3C(=O)N2C(=S)NCCSCc2ccc(Cl)cc2)cc1,-1.6854199171066284
guided,[N-]=[NH2+],-4.504388809204102
guided,[H]/[C-]=C(/C=C=[NH+]C(=O)C/[S+]=c1\[n-]nc(C/[S+]=c2\[n-]nnn2-c2ccccc2)n1C)S(=O)(=O)N(C)C,-0.28617218136787415
guided,O=C(O)c1cc2c3c(c1)CCC(=O)N3CCC2,-2.723374843597412
guided,CS(=O)(=O)NCCc1ccccc1,-3.999950408935547
guided,Cc1c(S[C@@H](C)C(=O)O)nc2ccccc2c1C,-4.138895034790039
guided,Fc1ccccc1/N=N/c1ccc(N2CCOCC2)cc1N1CCOCC1,-4.518380165100098
guided,[O-][P+]([CH-]O[C+]1[C][C][C-](Cl)[CH+][C+]1Cn1[c+]2[cH-][cH+][cH-][cH+][c+]2[n-][c-]1CN1CCN([c-]2[cH+][cH-][cH+][cH-][c+]2F)CC1)([c+]1[cH-][cH+][cH-][cH+][cH-]1)[c+]1[cH-][cH+][cH-][cH+][cH-]1,-5.21217155456543
guided,CN(C(=O)Nc1ccc2oc(-c3ccnn3-c3ccc(OCc4ccc(F)cc4)cc3)nc2c1)C1CCCCC1,-5.283351421356201
guided,O=C(CN1CCCCCC1)N/N=C/c1oc(O)c2ccccc12,-1.152791976928711
guided,[O][C](N[N][CH][C]1[CH][CH][C](N([O-])[O-])O1)[C+]1[CH][CH][C]2OCO[C]2[CH]1,-0.5622149109840393
guided,CCCCOC(=O)c1cc(S(=O)(=O)N2C[C@@H](C)O[C@@H](C)C2)c[nH]1,-0.6765179634094238
guided,Fc1ccc(C[C@@H](C2CCNCC2)n2cccc2)cc1,-9.6834077835083
guided,COc1ccc(C(=O)C[C@H](C(=O)O)c2cccc3ccccc23)cc1C,-3.5184032917022705
guided,S=C(NCc1ccccn1)Nc1ccccc1,-5.596767902374268
guided,COC(CN[C@H]1CCCC[C@@H]1c1ccc(Cl)cc1)OC,-7.235844135284424
guided,O=C(Cc1ccccc1)NNS(=O)(=O)c1ccccc1,-1.084308385848999
guided,COc1ccc(N2CCC(N(CCOCCO)Cc3ccccc3)CC2)cc1,-4.579031944274902
guided,[CH][CH+][CH+][C+](Cl)[C]N[C+]([O-])[CH+][C]CS[C-]1[N-][C+]2N[N-][CH+][C+]2[C-]([O-])N1[C+]1[C][CH+][CH-][CH+][C-]1C,-0.5349298119544983
guided,CN(CC(=O)NCCc1ccccn1)S(=O)(=O)c1ccc(Cl)cc1,-0.8704451322555542
guided,O=C(C[C@H](c1ccccc1)c1ccc(F)cc1)NCc1cccnc1,-5.636348724365234
guided,O=C(Nc1ccc(SC(F)F)cc1)C1CCN(c2nnc(-n3cccc3)s2)CC1,-3.4699130058288574
guided,S=C(NCCCN1CCOCC1)Nc1cccc(Br)c1,-5.647772312164307
guided,CCN1C(=O)/C(=C\N2CCN(C(=O)c3ccc(Cl)cc3)CC2)SC1=S,-4.721264362335205
guided,[O-][C+]1[N-][C+]2CCCC[C-]2C[c+]2[cH-][cH+][cH-][cH+][c-]21,-5.601780891418457
guided,Nc1nc(SCC(=O)NCc2ccc(F)cc2)n[nH]1,-0.3640855848789215
guided,O=C(CCS(=O)(=O)N1CCCC1)N(Cc1cccs1)C1CC1,-2.7654030323028564
guided,Brc1cnc(Nc2ccc(N3CCOCC3)cc2)nc1N1CCCCC1,-3.9384512901306152
guided,CCCN(CCNC(=O)[C@@H]1CCCN(S(=O)(=O)c2cccc3nonc23)C1)CC(=O)c1cccs1,-0.5034114122390747
guided,N[C]1[C](N([O-])[O-])[CH][C]([C+]([O])N2CCOCC2)[CH][C]1[N+]([O])[O-],-0.43247100710868835
guided,[O][C]([CH+][C]1CCN([C]2[N][C]3[CH][CH][CH][CH][C]3[CH][C]2[C]2[CH][CH][CH][CH][CH]2)CC1)NN[C]([O])[C]1[CH][CH][CH][CH][C]1N([O-])[O-],-0.8406981229782104
guided,NS(=O)(=O)c1cccc(S(=O)(=O)Nc2ccccc2F)c1,-0.3220917582511902
guided,COCCN(Cc1ccoc1)[C@@H]1CC(=O)N(c2ccc(Br)cc2)C1=O,-2.3838963508605957
guided,O=C(Nc1ccnn1C1CCCCC1)c1cc(CS(=O)(=O)c2ccccc2)on1,-1.0947233438491821
guided,CCSc1nnc(NC(=O)CSc2nnc(CNC(=O)c3cc4cc5ccccc5nc4s3)o2)s1,-1.722355604171753
guided,CCOC(=O)NC(NC(=O)c1ccc(C)cc1)(C(F)(F)F)C(F)(F)F,-2.3764450550079346
guided,O=C(C1CC1)N1CCN(c2ncnc3sc4c(c23)CCC4)CC1,-3.742424249649048
guided,[O-][C+](O)[c-]1[n-][n-][c+]2[c+]1CC[c+]1[cH-][cH+][cH-][cH+][c-]1-2,-1.3747962713241577
guided,CC1CCN(C(=O)Nc2ccccc2)CC1,-6.5100202560424805
guided,CCc1n[nH]c(C)c1S(=O)(=O)NCC(C(C)C)C(C)C,-1.5204912424087524
guided,COCCNC(=O)Cn1nc(-c2ccccc2)ccc1=O,-1.1578024625778198
guided,S=C(NCc1ccco1)NC1CCN(Cc2ccccc2)CC1,-5.16594123840332
guided,C[C@H](Sc1nnnn1-c1ccc2c(c1)OCCO2)C(=O)O,-0.37362563610076904
guided,CN(C)C(=O)c1ccc2c(c1)CCO2,-6.60291862487793
guided,O=C(NC1CCCC1)c1cc2c(ccc3ccccc32)o1,-5.762636184692383
guided,Brc1cccc(CNCCCN2CCOCC2)c1,-7.672566890716553
guided,CCN1CCN(CCCCSc2ccccc2)CC1,-11.846307754516602
guided,C[C@@H](Oc1ccccc1)C(=O)Nc1cccc(NC(=O)c2ccccc2)c1,-2.9697580337524414
guided,[O-][C]N[C]([S])O[C]1[CH][CH][C](Cl)[CH][CH]1.[OH+]P[N+]1CCOCC1,-0.9089608192443848
guided,COC(=O)/C=C/C(=O)Nc1ccc(S(=O)(=O)Nc2cc(C)no2)cc1,-0.2951321303844452
guided,[OH-],-7.230311870574951
guided,NNC(=O)c1ccn(Cc2ccc(Cl)cc2)n1,-1.3080737590789795
guided,[CH2-]CCC[C]([C][C][O+])[NH+]CCC(F)(F)F,-5.785214424133301
guided,N/C(CC(=O)Nc1cccc(O)c1)=N\O,-0.3744995892047882
guided,O=[N+]([O-])NNc1cccc(Cl)n1,-0.9830060005187988
guided,Fc1ccc(-c2cc3nc4c(c(NCc5cnc(Cl)cn5)n3n2)CCC4)cc1,-2.775189161300659
guided,COc1cc(C(=S)N2CCCC2)cc(OC)c1OS(=O)(=O)c1ccc(NC(C)=O)cc1,-0.8996685147285461
guided,C[C]1[N]O[N][C]1OC[O+][C]1[C][C][C][C]([C-][N+]([N+][C][C]2[C][C][C](Br)[CH][CH]2)C([CH][C]2[CH][CH][CH][CH][CH-]2)C(Cl)(Cl)Cl)[CH]1,-2.3278720378875732
guided,O=S(=O)(c1ccc(Cl)cc1)c1nc(-c2ccccc2F)oc1NCCCN1CCOCC1,-1.714730978012085
guided,C[C-](C)CC([CH+][C-]([C+]([O-])O)[c+]1[n-][c+]2[cH-][cH+][cH-][cH+][c-]2[c+]([O-])[nH]1)C[C+]([O-])O,-0.3229072690010071
guided,CCC(=O)C1=C(N2CCC(Oc3ccc(F)cc3)CC2)CC(C)(C)CC1=O,-5.2721638679504395
guided,[H+],-13.605311393737793
guided,O=S(=O)(/[NH+]=C1\C[C@H](N[S+]([O-])[O-])[C@@]2(O)CCCC[C@@H]12)OCC(Cl)(Cl)Cl,-0.5248110294342041
guided,Fc1ccc(-n2cnnn2)cc1,-4.467728137969971
guided,C#CC[C@H](OC(=O)c1cccs1)[C@@H](C)Nc1nccs1,-3.9220826625823975
guided,CCN1CCN(Cc2cc(CCc3ccccc3)ccc2O)CC1,-7.691402435302734
guided,[C-]#[N+]c1ccc(C#Cc2ccccc2F)nn1,-6.784406661987305
guided,COc1ccccc1NCC(=O)Nc1c(C)ccc(C)c1C,-4.192873477935791
guided,Cc1ccc(NC(=O)c2nc(SCC(=O)Nc3cc(C)on3)ncc2Cl)nc1,-0.8454506993293762
guided,CCOC(=O)c1nnc(SCC(=O)Nc2nccs2)[nH]c1=O,-0.332385390996933
guided,O=C(COc1cccc(C(F)(F)F)c1)NCCN1CCOCC1,-3.359508752822876
guided,[CH2-]O[C+]1[CH-][C+]([C][N-2])[C+](NC[C+]2[CH+][CH-][CH+][CH-][CH+]2)[N-][C+]1C,-3.1120052337646484
guided,CCOc1ccc2nc(C(=O)NC3CCCCC3)sc2c1,-4.21562385559082
guided,O=C(COc1ccc(C2SCCS2)cc1)NC1CC1,-5.5101752281188965
guided,[CH2-]O[c+]1[cH-][c+](OC)[c-](OC)[cH+][c-]1[C+]([O-])N1CCNCC1,-1.754098892211914
guided,C=C1C=C(C)[C-](C)C(Cn2nnc3c(=O)[nH]c(C[O+]=C=C/C=C/n4ccc(C)n4)nc32)=C1C,-0.9248687028884888
guided,COc1ccc(NC(C)=O)cc1S(=O)(=O)N(Cc1ccccc1)Cc1ccco1,-1.2263400554656982
guided,NC(=O)c1ccsc1NC(=O)[C@@H]1CCC(=O)Nc2ccccc21,-0.4826919734477997
guided,O=C(c1cc2ccccc2c(=O)o1)N1CCCCC1,-3.620936393737793
guided,S=C(c1ccc(Br)cc1)N1CCCCCC1,-13.255475997924805
guided,O=C(Nc1ccc2nn(-c3ccc4c(c3)OCCO4)nc2c1)c1ccc(Br)o1,-1.3165104389190674
guided,C=C(F)[C-]([N+]#CF)C(F)(F)F,-12.55289077758789
guided,O=C(O)/C=C/C(=O)c1ccccc1-c1ccsc1,-3.519824981689453
guided,CCC(=O)N[C@@]1(C(F)(F)F)C(=O)Nc2c1c(=O)[nH]c(=O)n2Cc1ccco1,-0.3415229022502899
guided,Fc1ccc(CNc2nc3nonc3nc2N2CCSC2)c(F)c1,-1.1084195375442505
guided,O=C(N/N=C/c1cccnc1)[C@@H]1CCC(=O)N(Cc2cccc(C(F)(F)F)c2)C1,-1.5732406377792358
guided,CCOC(=O)c1nn(CC)c(-c2ccccc2)c1C(=O)c1ccccc1,-3.253049373626709
guided,[CH2-][S+2]([O-])([O-])NCCN[c+]1[cH-][cH+][cH-][cH+][cH-]1,-1.4956293106079102
guided,O=C(O)[C@@H]1Oc2ccccc2CN1C(=O)Nc1cccc(C(F)(F)F)c1,-1.6413010358810425
guided,[O+]#C/C(=N\c1[nH]nc([C-]=C2C=C[CH-]C=C2)c1P(#[O+])Nc1ccccn1)C(F)(F)F,-1.2891991138458252
guided,COc1ccccc1N1CCN(c2ccccc2OC)CC1,-7.809521198272705
guided,O=C(CN1CCCc2ccccc21)c1ccc(Br)cc1,-9.422128677368164
guided,O=S(=O)(Nc1ccccc1-c1ccccc1)c1cccc2ccccc12,-6.2237091064453125
guided,CC(=O)Nc1ccc(S(=O)(=O)NC2CCCCC2)c(C)c1,-1.4060152769088745
guided,ClCCCNc1ncnc2c1cnn2-c1ccccc1,-3.2184524536132812
guided,[CH2-]CCCCC1CC(CN[C+]([O-])N[c+]2[cH-][cH+][cH-][cH+][cH-]2)CN1C,-3.5871388912200928
guided,CC[C@H](C(=O)NCc1ccco1)n1c(SCc2cccc(C)c2)nc2ccncc21,-3.0327227115631104
guided,COc1ccccc1NC(=O)Cc1cccc(Br)c1,-5.864892482757568
guided,CC(C)[C@@H](OC(=O)c1ccc(Cl)cc1)C(=O)NC1CCCCC1,-3.9579319953918457
guided,NNC(=O)/C(=C/c1cccnc1)NC(=O)c1ccco1,-0.32309064269065857
guided,NNC(=O)c1cc(C(=O)c2cccs2)c[nH]1,-0.5766915678977966
guided,S=C(N1CCCC1)N1C=CCCc2ccccc21,-11.973394393920898
guided,[S-]P(NC1CCCCC1)N1CC1[c+]1[cH-][cH+][c-](Br)[cH+][cH-]1,-10.957113265991211
guided,CNc1c(C#N)cnn1C(=O)c1ccc(F)cc1F,-1.5410990715026855
guided,Cc1cc(C)n(-c2nc(NCC(C)C)c3c4c(sc3n2)COC(C)(C)C4)n1,-3.3346500396728516
guided,O=C(O)[C@@H]1c2ccccc2CCN1C(=O)/C=C/c1ccccc1,-3.0024261474609375
guided,NNc1cc(Cl)c(-c2ccc(O)c(OCc3ccccc3)c2)nc1N,-1.106407642364502
guided,CCCN(CC(C)C)c1nc(N2CCN(C)CC2)nc(N)c1[N+](=O)[O-],-0.3765612244606018
guided,O=C(COc1ccccc1)Nc1nnc(-c2ccc(F)cc2)o1,-1.3440030813217163
guided,CCOCCC(=O)NCC(=O)N[C@H](Cc1c[nH]c2ccccc12)C(=O)O,-0.3219635784626007
guided,CN(CC(=O)NNC(=S)Nc1ccc(F)cc1)S(=O)(=O)c1ccc(Cl)cc1,-0.6012628078460693
guided,O=c1oc2ccc(Br)cc2cc1-c1cccc(Br)c1,-8.380255699157715
guided,C[C@@H](C(=O)N1CCCC1)n1nnc(Nc2ccccc2)n1,-1.0689868927001953
guided,[H+].[N-2][C][CH+][C][C+]1N[C][CH-][CH+][CH+][C]OCCCNC[CH-][CH+][C-]2[CH+][C-](Cl)[C-](Cl)C3[C+]2N13,-3.1947875022888184
guided,Cc1cc(N2C(=O)C[C@H](N3CCN(CC(=O)NC(C)C)CC3)C2=O)no1,-0.37251660227775574
guided,COc1cc2nc(-c3ccccc3)nc(Nc3ccc(F)cc3)c2cc1OC,-4.805418014526367
guided,CCOc1ccc(CCNC(=O)C2CCN(c3nccc(C)n3)CC2)cc1,-1.9723081588745117
guided,COc1ccc([C@H](C(=O)NCc2ccco2)N(C(=O)Cn2nnc3ccccc32)c2ccc(OC)c(Cl)c2)cc1O,-1.7441120147705078
guided,O=C(Cn1nnc(Cc2ccccc2F)n1)NNC(=O)c1ccccc1Cl,-0.34372085332870483
guided,O=C(CCN1CCN(c2ccc(Cl)cc2)CC1)NNC(=S)NCc1ccco1,-1.3316524028778076
guided,Nc1cc(=O)[nH]c(SCc2cc(=O)oc3ccc4ccccc4c23)n1,-0.703309953212738
guided,COc1cc(C(=O)NNC(=O)c2ccco2)c(Br)c(OC)c1OC,-0.464478999376297
guided,O[C@@H](CNC1CCCC1)Cn1ccc2ccccc21,-5.51645565032959
guided,CO[c-]1[cH+][cH-][cH+][c-](C2N[N-][C+]([c-]3[cH+][cH-][cH+][cH-][c+]3[C-]([O-])[O-])S2)[c+]1OC[c-]1[cH+][cH-][c+](F)[cH-][c+]1F,-1.0282328128814697
guided,Cc1cccc(OCCn2cnc3c(NCc4ccco4)ncnc32)c1,-1.5955204963684082
guided,S=C(NCc1ccco1)NC[C@H]1CCCO1,-4.0094828605651855
guided,C=CC/[S+]=c1\nc(-c2ccc(O)c(OC)c2)c(C#N)c([O-])[nH]1,-0.3363826870918274
guided,CN(Cc1cccc2ccccc12)S(=O)(=O)c1ccc(CNC(=O)C2CCCCC2)s1,-3.5803911685943604
guided,O=Cc1ccc(OCc2cc(C(=O)O)cc(OCC(F)(F)F)c2F)c(F)c1F,-2.506103038787842
guided,Brc1ccc(N[C@@H]2CCc3ccccc3C2)cc1,-11.471307754516602
guided,[CH2-]N1CC[N-]N([S+2]([O-])([O-])[C+]2[C+](C)[N-]N(C)[C+]2C)CC1.[H+],-0.7418467402458191
guided,O=C(CCc1c(O)c2ccccc2[nH]c1=O)N(CCO)CCO,-0.3465735912322998
guided,OCC[C@H]1CN(Cc2ccccc2-c2ccco2)CCN1Cc1ccccc1,-5.90547513961792
guided,S=c1[nH]nc(CSCCOc2ccc(Cl)cc2)o1,-4.275288105010986
guided,COc1cc(C=O)ccc1OCc1cc(C(=O)N[C@H](C)Cn2cncn2)no1,-0.3018738925457001
guided,Nc1[nH]nc2nc(NCc3ccco3)c3c(c12)CCCC3,-0.7602945566177368
guided,COc1ccc(NC(=O)Nc2c(C)nn(-c3ccccn3)c2C)cc1OC,-1.1463241577148438
guided,COC(=O)N[C@H]1CCS(=O)(=O)C1,-1.4533989429473877
guided,Cn1nc(-c2ccc(N3CCOCC3)c(NS(=O)(=O)c3ccccc3)c2)c2ccccc2c1=O,-0.8874126672744751
guided,N[S+2]([O-])([O-])[c-]1[cH+][cH-][c+](CCN[C-]([O-])[C+]2[CH+][c-]3[cH+][cH-][c+](F)[cH-][c+]3[SH+]2)[cH-][cH+]1,-0.3363680839538574
guided,[OH-],-7.230311870574951
guided,O=S(=O)(/C=C/c1ccccc1)NCCc1ccccc1,-4.34037971496582
guided,CC(C)(C)c1ccnc(/C=C(\NC(=O)c2cccc(N3CCCC3=O)c2)C(=O)Nc2cccc([N+](=O)[O-])c2)c1,-2.0738108158111572
guided,S=C(Nc1cccc2cnccc12)NN1CCOCC1,-3.5683047771453857
guided,Cc1csc(NC(=O)CSc2nnc(-c3ccccn3)o2)n1,-0.6307724714279175
guided,[O-][C+]([O-])[c-]1[cH+][cH-][cH+][cH-][c+]1NC[c-]1[cH+][cH-][c+]2[nH][c-](C(F)(F)F)[cH+][c-]2[cH+]1,-1.4002101421356201
guided,C/C(=N\NC(=O)c1cc(C(C)C)sc1N)c1ccco1,-1.4048278331756592
guided,[O][C](CO[C+]([O])[C]1[N][CH][N][C]2S[CH][C]([C]3[CH][CH][CH][CH][CH]3)[C]21)N[C]1[CH][CH][CH][C](N([O-])[O-])[CH]1,-0.616308331489563
guided,O=C(O)c1ccc(COc2c(C(=O)O)ccc3ccccc23)cc1,-1.6119424104690552
guided,[CH2-]C(O)CO,-5.280450344085693
guided,COc1cc2ccccc2cc1C(=O)Nc1ccc(Cl)cn1,-4.447005271911621
guided,COc1ccc(C(=O)NNC(=O)CCc2ccccc2)cc1Cl,-1.9764225482940674
guided,[O-][C+]1CC[C][C+](C[c-]2[cH+][cH-][c+](Cl)[cH-][cH+]2)N1C1CCCCCC[c+]2[c-]1[nH][c+]1[cH-][cH+][cH-][cH+][c-]21,-7.832688331604004
guided,C[O+][C]1[C][C]([S+]C)[CH][CH][C-]1[C]([O])N[C]1[CH][CH][C](F)[C](F)[C]1F,-4.811491966247559
guided,C[C@@H]1CN(CN2C(=O)NC3(CCCCC3)C2=O)C[C@H](C)O1,-2.278818368911743
guided,COCCNC(=O)CNCC1CCCCC1,-3.5224835872650146
guided,O=Cc1ccc(Nc2nc(-c3cccnc3)cs2)cc1Cl,-4.248068809509277
guided,[OH-],-7.230311870574951
guided,COC(CNS(=O)(=O)c1cccc2nsnc12)OC,-0.43035784363746643
guided,Cc1nn(C)c(=O)c2nn(S(C)(=O)=O)c(C)c12,-0.6244417428970337
guided,CCN1CCN(c2cc(C)nc(-c3ccccc3O)n2)CC1,-3.2909624576568604
guided,CN(C)CCCNCCc1c(COCc2ccco2)nc2ccccn12,-3.1528193950653076
guided,C=[N+]1CCCCC1.CP([O-])O,-4.202566623687744
guided,O=S(=O)(Cc1c[nH]c2ccccc12)N1CCN(c2ccccn2)CC1,-1.6065950393676758
guided,CN(NS(=O)(=O)c1cccc(C(F)(F)F)c1)c1ncc(C(F)(F)F)cc1Cl,-3.3177437782287598
guided,O[C@@H]1CCCN(C(=S)N2CCN(c3ccc(F)cc3)CC2)C1,-6.560024738311768
guided,[O-][S+2]1([O-])[N-][C+]2CCCCN2[C-]2C[CH-][CH+]CC21,-2.2388978004455566
guided,CCOc1ccccc1-n1nc2ccccc2n1,-5.207549095153809
guided,CCNC(=S)NC1=NCCCCC1,-5.593524932861328
guided,NC(=O)c1ccsc1NC(=O)CCSCc1cc(=O)n2ccsc2n1,-0.45553117990493774
guided,CC[C@@H](C)[C@H](NC(=O)[C@H]1CC(=O)N(CCc2ccc3c(c2)OCCO3)C1)C(=O)N[C@H](C(=O)O)C1CCCCC1,-0.6998621821403503
guided,[NH-]N[c+]1[cH-][cH+][c-](C(F)(F)F)[cH+][c-]1C(F)(F)F,-6.89661979675293
guided,S=C(NCc1cc(Cl)cc(Cl)c1)NCc1ccco1,-6.249754428863525
guided,CCOc1ccccc1N(CC1CC1)S(=O)(=O)c1ccc(Cl)c([N+](=O)[O-])c1,-1.7407199144363403
guided,O=C(/C=C/c1ccccc1O)c1cccs1,-5.916475772857666
guided,[CH2-]O[c+]1[cH-][n-][cH+][c+]2n1O[C-]([c+]1[c+](C)[n-]n(CC3CCCCC3)[c-]1Cl)O[C+]2[O-],-0.5991204977035522
guided,[CH2-]N1CCCN([C+]([O-])CCl)CC1,-6.713811874389648
guided,[CH2+]N(CCCC)[c-]1[c+](N([O-])[O-])[c-]([O-])o[c+]2[cH+][cH-][cH+][cH-][c+]21,-0.9110617637634277
guided,Cc1oc2ccccc2c1C(=O)OCn1nnc2ccccc2c1=O,-0.8071867823600769
guided,CN1CCN(C(=O)[C@H](Cc2ccccc2)NC(=O)Nc2cccs2)CC1,-1.9960167407989502
guided,CCOc1cc([C@H]2CC(C)(C)NC(=O)N2)ccc1OC(C)C,-3.097599744796753
guided,CCc1ccc([C@]2(CC(=O)Nc3cccc(C(C)=O)c3)CCC[C@@](C)(C(=O)O)C2)cc1,-3.0256404876708984
guided,Cc1cccc(-n2c(C)nn(CCOc3ccccc3)c2=O)c1,-3.9006171226501465
guided,[N-2][C+]([O])[C]([C][N-])[CH][C]1[CH][CH][CH][S+]1,-2.1501567363739014
guided,O=C(NCC(=O)N1CCN(c2ccccn2)CC1)C1CCCCC1,-1.8335521221160889
guided,Cc1ccc2c(c1)cc1c(=O)n(CC(=O)NCCCC(=O)Nc3nc4ccccc4n3C)ncn12,-0.46329644322395325
guided,Cc1cc(NC(=O)[C@H](C)n2nccc2C)ccc1NC(=O)C1CC1,-1.5432426929473877
guided,CN(C)CC(=O)Nc1cc(Cl)ccc1C(=O)CSc1ccccc1,-4.391402721405029
guided,Cn1c(CSCCO)nnc1SCC(=O)Nc1ccc2c(c1)OCO2,-0.3178199827671051
guided,COc1ccc2c(c1)OC[C@@H](CC(=O)NCC1CCCCC1)O2,-3.106847047805786
guided,CCOc1cc2nc(N)nc(N)c2cc1Oc1ccc(F)cc1,-0.8523009419441223
guided,COc1ccc(N2CCN(C(=O)CC(C)C)CC2)cc1,-6.190308570861816
guided,Fc1cccc(CNc2ncn[nH]2)c1,-3.1624960899353027
guided,C[C@H]1CCC2=C(C1)[S+]=C(NC(=O)[C@H]1COc3ccccc3O1)/C2=C(/N)[O-],-0.31918931007385254
guided,[CH2-]CCN1CCCC1CCO[C+]([O-])[CH+][CH-][c+]1[cH-][cH+][cH-][c+](F)[cH-]1,-5.842783451080322
guided,Oc1ccc(/N=C/c2cc3cc(Br)ccc3[nH]2)cc1,-5.128367900848389
guided,CCCn1c(=S)[nH]c2ccc(N3CCOCC3)cc2c1=O,-3.655937910079956
guided,COc1ccc(CNc2nc3nc(-c4ccccc4)cc(=O)n3[nH]2)cc1OC,-0.6328367590904236
guided,CCn1cc([C@H](c2nnnn2C2CCCC2)N2CCCCC2)c2ccccc21,-4.586334228515625
guided,Nn1c(SCC(=O)Nc2c(F)cccc2F)nnc1C1CCCCC1,-1.0753953456878662
guided,O=S(=O)(O/N=C(\c1ccc(F)cc1)c1ccc(Cl)cc1)c1ccccc1,-4.417532920837402
guided,O=[N+]([O-])c1ccc(N2CCN(C(=S)N3CCCC3)CC2)cc1,-3.2951676845550537
guided,CCCOc1ccc(-c2cc(N)n[nH]2)cc1,-2.247056722640991
guided,COc1ccc(CN(C)C(=O)c2cccnc2)c(OC)c1,-3.3977956771850586
guided,N[C]1[CH][C]([C]2[CH][CH][CH][C](N([O-])[O-])[CH]2)N([C+]2[CH][CH][CH][CH][C]2F)[N]1,-0.5891463160514832
guided,O=[N+]([O-])c1ncn(-c2ccc(Cl)cc2)n1,-1.3752912282943726
guided,[O-][S+]([O-])N[N-][CH+][c+]1[cH-][cH+][c-](Cl)[cH+][cH-]1,-1.4709564447402954
guided,C[C@H](OC(=O)Cn1[nH]c(=O)c2ccccc2c1=O)C(=O)Nc1ccc(F)cc1F,-0.3006818890571594
guided,COC1=C[CH-]C2=CC=C([O-])[O+]3[OH+]C(=O)[C@@H](c4c[nH]c5ccccc45)CCOC1=C23,-0.9011260867118835
guided,O=C(N1CCOCC1)N1CCN(S(=O)(=O)N2CCOCC2)CC1,-0.9052039384841919
guided,NS(=O)(=O)c1ccc(NC(=S)NC(=O)/C=C\C(=O)O)cc1,-0.40326690673828125
guided,[CH2+]N(C)[c-]1[cH+][cH-][cH+][cH-][c+]1[C-]1[CH+][C+]([CH+][c+]2[cH-][cH+][cH-][cH+][cH-]2)[C+]([O-])[N-][C]N2[C-]3OC132,-3.013082265853882
guided,COCCCNC(=S)NNC(=O)c1ccccc1[N+](=O)[O-],-0.369490385055542
guided,N[S+2]([O-])([O-])[c-]1[cH+][cH-][cH+][c-](NC[C-]2[N-]n3[c+]([n-][c+](C4CCCCC4)[cH+][c-]3[O-])S2)[cH+]1.[H+],-0.6746410727500916
guided,COc1cc(C(=O)Nc2ccccc2C(F)(F)F)cc(OC)c1OC(=O)c1ccc(C)cc1,-3.626250743865967
guided,COCCNC(=O)CN(C(=O)Cn1nnc2ccccc21)c1ccc(C(=O)N2C[C@H](C)C[C@H](C)C2)cc1,-0.5008484721183777
guided,Clc1ccccc1OCc1ccnn1[C@@H](c1ccccc1)C(Cl)(Cl)Cl,-10.18075180053711
guided,N/C(=N\NC(=O)c1ccc(Cl)c(Cl)c1)c1cc(C2CCCCC2)on1,-1.5862799882888794
guided,O=C(NNC(=S)Nc1ccc(Cl)cc1)c1cccs1,-3.6094577312469482
guided,C[C]1[CH][CH][CH][C]([C+]([O])OCN2[C]([O])CC[C]2[O])[C]1N([O-])[O-],-0.5374364852905273
guided,S=C(NC1CCCCC1)N(Cc1ccccc1)Cc1ccc(Cl)cc1,-11.88305950164795
guided,[O][C](O)CSC[C+]1[CH][C]([O])N[C]([C-]CN[C]([O])C[C]([O])NCC[C]2[CH][CH][CH][CH][CH]2)[N-]1,-0.6444196701049805
guided,O=C(CNC(=O)c1c(F)cccc1F)NCc1ccc(OC(F)(F)F)cc1,-2.0960981845855713
guided,[F-],-5.0
guided,C[C@@H]1CCCCN(C(=O)C/[S+]=c2\nc3c(sc(=S)n3Cc3ccccc3)c([O-])[nH]2)C1,-1.7517989873886108
guided,COc1cccc(N2CCN(S(=O)(=O)c3ccc(NC(=O)c4ccc(NC(C)=O)cc4)cc3)CC2)c1,-0.9393659234046936
guided,O=C(N[C@H](CCSCc1ccccc1)C(=O)O)[C@@H]1[C@H]2CC[C@H](C2)[C@@H]1C(=O)O,-0.677139401435852
guided,CC(=O)c1ccc(OCCCCn2ccnc2)cc1,-4.674772262573242
guided,[CH2-]CN(C[c+]1[cH-][cH+][cH-]s1)[c+]1[n-][cH+][n-][c+]2[c-]1[cH+][cH-][c+]1[cH-][cH+][cH-][cH+][c-]12,-7.539407730102539
guided,Cc1cccc(NS(=O)(=O)c2cc([N+](=O)[O-])cc(Cl)c2C)n1,-0.8683643937110901
guided,Clc1ccc(OCc2noc(-c3cccs3)n2)cc1Cl,-5.361434459686279
guided,NC(=O)N[C@@H](CCC(=O)NCCc1ccccc1)C(=O)Nc1ccc(F)cc1,-0.3894980251789093
guided,CC(C)C(=O)Nc1ccc([N+](=O)[O-])cc1Br,-1.8159862756729126
guided,COc1ccc2cc(C(C)=O)ccc2c1,-7.619271755218506
guided,CCOc1cc(/C=C2/S/C(=N\c3ccccc3)N(Cc3cccnc3)C2=O)ccc1OCCO,-2.2110016345977783
guided,Cc1cc(C)c2[nH]c(=O)c(CN(c3ccccc3)S(=O)(=O)c3cccc4cccnc34)cc2c1,-2.714931011199951
guided,O=c1c2ccccc2nnn1-c1ccc(Br)cc1,-4.009328842163086
guided,CCNc1ncccc1C(=O)NCCS(=O)(=O)c1ccc(Cl)cc1,-0.711916446685791
guided,CCC(=O)N1CCc2cc(S(=O)(=O)N3CCN(c4ccccc4Cl)CC3)ccc21,-2.7700142860412598
guided,CN(Cc1ccccc1F)C(=O)[C@@H]1CCC(=O)N(C2CC2)C1,-4.957943916320801
guided,Nc1c(/C=C2/C=CC(=O)C(O)=C2)c(=O)nc2sc(CC(=O)N3CCCC3)nn12,-0.38271889090538025
guided,Cc1nc(COc2cccc(OC(F)F)c2)cc(Nc2ccccc2)n1,-4.357629299163818
guided,CCOC(=O)[C@@H]1CCCN(C(=O)CCC#N)C1,-1.5916205644607544
guided,COC(=O)C/[C-]=N/N(c1ncc(C(F)(F)F)cc1Cl)[C@@H](O)C(F)(F)F.[H+],-1.6904606819152832
guided,COc1cccc(NC(=O)c2sc3ncn(CC(=O)N4CCCCC4)c(=O)c3c2C)c1OC,-0.7519034743309021
guided,[O-][C+]([CH-]C1S[C+]([N-][c+]2[cH-][cH+][cH-][cH+][cH-]2)N(CC[c+]2[cH-][nH][c+]3[cH-][cH+][cH-][cH+][c-]23)[C+]1[O-])N[c-]1[cH+][cH-][cH+][cH-][c+]1F,-1.8330739736557007
guided,[O-][C+](O)[c-]1[n-]n2[c+]([c+]1Cl)[N-][C+]([c-]1[cH+][cH-][cH+][c-](F)[cH+]1)[CH+][C]2,-1.1488491296768188
guided,NC(=O)C1CCN(c2ccccc2NC(=O)c2ccco2)CC1,-0.5763314962387085
guided,[O][C]([CH+][CH][C]1[CH][CH][CH][CH][C]1OCCC(F)(F)F)N[C]1[CH][C](N([O-])[O-])[CH][CH][C]1F,-1.3189877271652222
guided,O[c-]1[n-][c+]2[cH+][cH-][cH+][cH-][c+]2[c-]1[CH+][N-]CCN1CCOCC1,-2.2721025943756104
guided,CN(C)[P+]([O-])(NC1([O-])[c+]2[cH-][cH+][cH-][c+](N([O-])[O-])[s+]21)N(C)C,-0.3959134519100189
guided,O=S1(=O)CC[C@H](N2CCOCC2)C1,-3.9877824783325195
guided,[OH-],-7.230311870574951
guided,COc1cc(C(=O)OCC(=O)NC(=O)Cc2ccc(F)cc2)cc2c1C(=O)CCC2,-0.5246638059616089
guided,Clc1oc(-c2cc3c(cc2Br)OCO3)nc1-c1ccccc1,-6.27686882019043
guided,COc1cc(C)c(C)cc1NC(=O)CSc1nnnn1C,-0.7238802909851074
guided,CC[C@H](C)[C@H](CC(=O)O)CC(=O)Nc1ccccc1,-2.3036324977874756
guided,[O-]P(N1CCOCC1)N1CCN([c+]2[cH-][cH+][cH-][cH+][n-]2)CC1,-2.745396852493286
guided,CN(C(=O)CCc1c[nH]c2cc3ccccc3cc12)c1c(N)n(Cc2ccccc2)c(=O)[nH]c1=O,-1.0000168085098267
guided,C/C(Cc1cccc(Br)c1)=N\NC(=O)c1cc(-c2ccccc2)nn1C,-3.621276617050171
guided,C/C(Cc1ccccc1O)=N\NC(=O)C1CCCCC1,-2.6828413009643555
guided,COc1ccc(Br)cc1CCC(=O)c1ccc2ccccc2c1,-9.494257926940918
guided,OCCN1CCN(c2nnnn2-c2ccccc2)CC1,-1.4082878828048706
guided,O=C(O)c1ccc(/[S+]=C2\C=CC=C\C2=C(/[O-])O)cc1,-0.8768099546432495
guided,CC(=O)NNC(=S)N[C@H](C)C(=O)N1CCCC1,-1.3553279638290405
guided,CCC(=O)c1ccc(O)c(O)c1,-2.79967999458313
guided,O=C(N[C@H]1CCCC[C@H]1Cl)N1CCCC1,-6.454434871673584
guided,OOc1ccccc1/C=N/n1c(C2CCCCC2)n[nH]c1=S,-2.0384769439697266
guided,COc1cc2ccccc2cc1CN(C)C(=O)c1cnccn1,-3.1744813919067383
guided,CO[C-]([O-])N[C+]1[C+]2[C][C][C][C][C+]2CC1SC[C+]([O-])N1CCN([C+]2[CH+][CH+][C-](F)[CH+][CH-]2)CC1,-1.3519927263259888
guided,CC(=O)N/N=C/c1cccn1Cc1ccccc1,-4.011940956115723
guided,O=C1CC[C@]2(O)[C@@H]3Cc4ccc(O)c5c4[C@]2(CCN3CC2CC2)[C@@H]1O5,-1.5401822328567505
guided,FC(F)(F)C1N[CH-][N+]23[CH+]C[C]C[C+]2S[C][C-]3[C+]1[C]Cl,-10.798052787780762
guided,S=C(NCCc1ccccn1)Nc1ccc(Cl)c(Cl)c1,-6.377818584442139
guided,[S-]P(N1CCOCC1)N1CCOCC1,-7.566181659698486
guided,CN(CC(=O)NCc1ccc(Cl)cc1)S(=O)(=O)c1ccc2c(c1)c(=O)n(C)c(=O)n2C,-0.2480975240468979
guided,[CH][C+](CCl)[C-]([O-])OC[CH+][O-],-3.057468891143799
guided,COCC[C@@H](C(=O)NC1CCCCC1)N1CC[C@@H](NC(=O)c2cc(C)on2)C1=O,-0.40199968218803406
guided,O=C(CCc1nc2ccccc2c(=O)[nH]1)Nc1c(C(=O)C2CC2)oc2ccccc12,-1.211897611618042
guided,COCCCNC(=O)c1cc(-c2cccnc2)nc2cc(C)ccc12,-2.5244762897491455
guided,COc1ccc(Cc2c(O)nc(SCCN(C)C)[nH]c2=O)cc1OC,-0.5104446411132812
guided,[OH-],-7.230311870574951
guided,Cc1cccc(CNCCc2c[nH]c3ccc(Oc4ccccc4)cc23)n1,-5.409145832061768
guided,O=C1CCCN1CCn1c(-c2ccncc2)nc2ccccc21,-3.6035220623016357
guided,CCOc1cc(/C=N/NC(=O)CN(c2ccc(OC)cc2)S(C)(=O)=O)ccc1OC(=O)C1CC1,-0.4995344579219818
guided,O=C(c1cccc(-n2cnnn2)c1)N1CCC2(CC1)OCCO2,-0.7316224575042725
guided,Cn1nc(-c2ccc(N3CCCCC3)c(NC(=O)c3ccco3)c2)c2ccccc2c1=O,-2.1263809204101562
guided,COc1cc(C[C@@H](/N=C(/N)c2cccc(C(F)(F)F)c2)[N+](=O)[O-])cc(OC)c1OC,-0.9589764475822449
guided,NO[C-]1COC([c+]2[cH-][cH+][cH-][cH+][cH-]2)OCC1O,-1.233365535736084
guided,COc1nc(N)nc(Nc2ccccc2C)n1,-0.5644965767860413
guided,CC(C)=N/N=c1\scc(-c2ccc(Cl)cc2)n1C(=O)OC(C)C,-4.323228359222412
guided,CO/N=C/[C@H]1N(C)C=NN1S(=O)(=O)c1ccc(NC(=O)CSc2ccccn2)cc1,-0.2951788902282715
guided,CNC[C@@H](O)c1cccnc1,-4.206501007080078
guided,CCOc1[c-]c(-c2c(C#N)n([NH-])c3c(C#N)c(C)c(C)[s@SP2+]23)cc(Cl)c1OCc1cccc(C)c1.[H+],-5.357936382293701
guided,COc1ccc2c(COC(=O)c3cccnc3SC)cc(=O)oc2c1C,-1.641541838645935
guided,CCN(CC)c1cccc(C(=O)CN2C(=O)NC3(CCCCC3)C2=O)c1,-1.9728319644927979
guided,C/C(=N\OCc1ccc(F)cc1)c1ccc(CC#N)s1,-5.1321516036987305
guided,CCN1CCN(c2ccc(NC(=O)c3ccccc3N3CCCC3=O)cc2)CC1,-3.26731276512146
guided,O=S(=O)(/C=C/c1ccccc1)Nc1cc(S(=O)(=O)N2CCOCC2)ccc1N1CCOCC1,-0.37343233823776245
guided,CCOc1cccc(Cn2c(CCCN[C@@H](CC)CO)ccc2-c2ccccc2)c1,-5.730868339538574
guided,O=C(c1cnc2ccccc2c1)C1(S(=O)(=O)c2ccccc2)CC1,-2.588179111480713
guided,Nc1ccccc1SCC(=O)Nc1nccs1,-1.7831064462661743
guided,[O-][S+2]1([O-])[CH-]C(NCCO)C(O)C1,-0.580053448677063
guided,CCOC(=O)C(=CNC1=[S+]/C(=C(/[O-])N2CCC[C@H](C)C2)C(c2ccco2)=N1)C(=O)OCC,-0.38048112392425537
guided,Cl[c-]1[cH+][cH-][c+](OC[c+]2[cH-][cH+][cH-][cH+][cH-]2)[c-](CN([N-][N-]n2[cH+][cH+][cH-][cH+][cH-]2)[c+]2[cH-][cH+][cH-][cH+][cH-]2)[cH+]1,-8.54188346862793
guided,[O-][N+]([O-])=C=C(Nc1ccc(F)cc1)N(/C=[O+]/Cc1ccccc1)c1ncccn1,-0.7213160991668701
guided,N#Cc1c(N2CCCCC2)nc2c(c1CO)C(=C=O)[C-]=[S+]2,-1.0337717533111572
guided,Cc1ccc2c(Cl)c(C(=O)Nc3cc(-c4cnn(C)c4C)ccc3OCC(=O)c3ccco3)sc2c1,-4.460699558258057
guided,CCO[c-]1[cH+][c-](N(CC)CC)[cH+][c-](C[c+]2[cH-][cH+][c-](OC)[cH+][cH-]2)[c+]1[O-],-4.928194046020508
guided,O=c1c(NC[C@H]2CC[C@@H](C(=O)NCc3ccc(Cl)cc3)CC2)c(N2CCCCC2)c1=O,-1.655366063117981
guided,CN(Cc1ccccn1)C(=O)c1cc(COc2cccc(C(F)(F)F)c2)on1,-2.5706071853637695
guided,COc1cccc(OCc2ccc(-c3nc4ccccc4o3)cc2)c1,-6.142703056335449
guided,Cc1noc2nc(F)nc(N3CCN(Cc4cccs4)CC3)c12,-2.7117655277252197
guided,[O-][N-]O[S+](C[c+]1[cH-][cH+][cH-][c+](F)[cH-]1)n1[cH+][n-][c+]2[cH-][cH+][cH-][cH+][c-]21,-2.429880380630493
guided,O=[N+]([O-])c1cccc(S(=O)(=O)c2cccc(NC(=S)Nc3ccc(Br)cc3)c2)c1,-2.3250575065612793
guided,CNCc1cc(-c2ccccc2)n(C)c1-c1ccc2c(c1)OCO2,-6.444721221923828
guided,CC(=O)Nc1c2c(nn1-c1ccc(C)cc1)CSC2,-4.316835403442383
guided,O=C(NC(=S)Nc1cccc(Cl)c1N1CCCC1)c1cccc(OC(F)F)c1,-4.652345657348633
guided,COc1ccc(CN2C(=O)c3ccsc3[S+]=c3cc/c(=C(/[O-])NCCN4CCOCC4)cc32)cc1,-0.9316630959510803
guided,[O-]P(CO[c+]1[cH-][cH+][cH-][cH+][cH-]1)NC[c+]1[cH-][cH+][cH-][cH+][cH-]1,-4.466341495513916
guided,COc1ccc(S(=O)(=O)N2CCOCC2)cc1C(C)C,-2.855689287185669
guided,COc1ccccc1NC(=S)NNC(=O)c1c(Cl)c(C)nn1C,-0.9241940379142761
guided,[CH2-]O[c+]1[c-]([C+](N)[O-])[cH+]s[c-]1Br,-2.614180564880371
guided,C=C1C=C[CH-]C=C1.[O-]/[P+](=C1\C=CC=[O+]1)c1ccc(Cl)cc1,-6.298247814178467
guided,O=C(N/C(=C\c1ccco1)C(=O)N1CCOCC1)c1ccc(NC(=O)c2ccccc2)cc1,-0.8233510255813599
guided,NS(=O)(=O)NCc1csc(-c2ccccc2)n1,-0.57450932264328
guided,Clc1ccc(-c2nnc(-c3cccnc3)o2)cc1,-3.9593446254730225
guided,C[C-](O[C+]([O-])[c+]1[cH-][cH+][cH-]s1)[C+]([O-])[CH+][CH-][c+]1[cH-][cH+][cH-][cH+][cH-]1,-2.877997875213623
guided,O=S1(=O)CC[C@@H](NC(=S)NC[C@H]2CCCO2)C1,-1.8232029676437378
guided,COc1ncccc1C(=O)N1CCC[C@@H](Nc2cccc(C(F)(F)F)c2)C1,-3.864211320877075
guided,C[CH-]C.Cc1cc(/N=C\NP(#[O+])c2ccc(F)cc2)on1,-2.325930595397949
guided,COc1ccc(C(=O)N2CCC(C(=O)O)CC2)c2ccccc12,-2.035034418106079
guided,[N-2][C][CH+]CCC(N[C+]([O-])N[C+]([O-])N[S+2]([O-])([O-])[C+]1[CH+][CH-][c+]2[cH-][cH+][cH-][cH+][c-]2[CH+]1)[C-]([O-])O,-0.3953387439250946
guided,COc1cccc([C@@H]2C(C(=O)c3ccc(C)o3)=C(O)C(=O)N2CCCn2ccnc2)c1,-0.9965136051177979
guided,Cn1c(=O)c2c(nc(SCC(=O)N(c3ccccc3)c3ccccc3)n2C)n(C)c1=O,-0.8924121856689453
guided,C[P@@](=O)(Nc1ccc(Cl)cc1)c1nccs1,-5.273008823394775
guided,O=[N+]([O-])c1ccccc1S(=O)(=O)N(Cc1ccco1)c1ccc(Br)cc1,-1.7350660562515259
guided,O=C(NNC(=O)c1cc(C(F)(F)F)nc2ccccc12)c1cccnc1,-0.9360487461090088
guided,F[c-]1[cH+][cH-][c+](OC[CH-]O[c+]2[cH-][cH+][cH-][cH+][c-]2N2CCOCC2)[cH-][cH+]1,-6.899581432342529
guided,COc1ccc(CCNC(=O)COC(=O)c2cnc(C)cn2)cc1OC,-0.26478561758995056
guided,Clc1cccc(Cl)c1CSc1nnc(-c2ccncc2)o1,-4.933398246765137
guided,[CH2-]C1(O)CN(CCC(C)(C)[C+]([O-])O)CC[C+]1[N-]O,-0.5144450068473816
guided,[H]/N=C1C(=C\c2ccc(N(C)C)cc2)/C(=O)N=C2SC(CC(=O)N3CCOCC3)=NN2/1,-0.4139677584171295
guided,COc1ccc(NC(=O)NNC(=O)C(O)(c2ccccc2)c2ccccc2)cc1,-0.6443195343017578
guided,COc1ccnc(Oc2cccc(C)c2C)c1C#N,-3.5031001567840576
guided,COC(=O)C(=O)NNc1cccc2ccccc12,-1.6427744626998901
guided,[O-][c+]1[c+]2[n-][cH+][n-][c+](N([c+]3[cH-][cH+][cH-][cH+][cH-]3)[S+]([O-])[O-])[c-]2[nH][c+]([S-])n1-[c+]1[cH-][cH+][cH-][cH+][cH-]1,-0.400922566652298
guided,COc1ccc(CNC(=O)CN2C(=O)c3ccccc3C2=O)cc1OC,-0.5749521255493164
guided,[CH][N+]N1[C-][C]2[CH-][CH][CH][CH][C]2[S+]([C]2[C][C]([O+]C)[C](C[C]([O])NS([O])([O])[C]3[CH][CH][C](Br)[CH][CH]3)[CH][CH]2)C1,-1.3290536403656006
guided,Nc1cccc(N[P@@](=O)(c2ccccc2)c2ccc(Cl)cc2)c1,-4.121621608734131
guided,C=CCCN(CCCC)C[C@@H](O)CN1C(=O)c2ccccc2C1=O,-2.46536922454834
guided,CNS(=O)(=O)c1cn(CC(=O)Nc2ccc(Cl)cc2)cc1S(=O)(=O)NC,-0.30727720260620117
guided,COc1c(C)cc(S(=O)(=O)NCCCN(C)C)c(OC)c1C,-1.603953242301941
guided,[O-][C+](NC(C[S+]([O-])[O-])[C+]([O-])O)[c+]1[cH-][cH+][c-](Cl)[c+](C(F)(F)F)[cH-]1,-0.44706112146377563
guided,CC(=O)c1nn(-c2cc3ccccc3[nH]c2=O)c2ccccc12,-2.1082780361175537
guided,CCO/N=C(\CS(=O)(=O)Cc1ccc(C)o1)c1ccccc1,-1.9762279987335205
guided,NNC(=O)c1cc(O)cc(OCc2ccc(F)cc2)c1,-0.7037515044212341
guided,[CH2+]N(C[C]1[C][C]([C]([O-])O[C]2[C][S+2][C](Cl)[C-]2[C]([O])O)[CH][CH][CH]1)[C]([O])[CH][CH][C]1[CH][CH][CH][CH][CH]1,-0.6604576110839844
guided,CNC#C/C=C1\C=NN=C1c1ccc(OC(F)F)cc1,-4.190354824066162
guided,CN([CH-][C+]([O-])NN)[S+2]([O-])([O-])[c+]1[cH-][c+](Cl)[cH-][cH+][c-]1Cl,-0.44420844316482544
guided,COc1ccc(S(=O)(=O)Oc2cc(/C=N/NC(=O)c3ccccc3)ccc2OC)cc1OC,-0.8852182030677795
guided,NS(=O)(=O)c1ccc(OCCOc2ccc3ccccc3c2)cc1,-1.2970422506332397
guided,C[C@H]1CCC/C(=C\Nc2ccc(C(=O)O)cc2)C1=O,-2.3189451694488525
guided,CC(=O)OCC(=O)Nc1ccc(C)cc1Br,-3.037369728088379
guided,O=C(NCc1cccnc1)c1cccc(Oc2ccccc2)c1,-4.208003520965576
guided,[O-]N([O-])[C+]1[C+]([c+]2[cH+][n-][cH-][cH+][cH-]2)[N-][N-][C+]1N1CCOCC1,-0.31680217385292053
guided,CNP(=S)(NC)OCCOc1ccc(OC)cc1,-3.312425374984741
guided,O=C(c1ccccc1)N1C=CCN(CCCC/C=C/c2ccccc2)C1,-9.394025802612305
guided,COc1cccc2oc3ccc(Cl)cc3c(=O)c12,-5.715556621551514
guided,Clc1ccc(OCC#CCN2CCCCCC2)c(Cl)c1,-11.256342887878418
guided,N[S+2]([O-])([O-])[c+]1[cH-][cH+][c-](CCCN[C+]([S-])N[C-]2[C][C][C][C]C2)[cH+][cH-]1,-0.4119340777397156
guided,N#CCC(=O)N1CCC2(CC=CC2)C[C@H]1C(=O)NC[C@@H]1CCCO1,-0.9025079011917114
guided,O=C(OCc1cccc(F)c1)c1cn(-c2ccccc2)nc1-c1cn(Cc2ccccc2)nc1-c1ccccc1,-6.554848670959473
guided,CC(C)N1C(=O)c2ccc(C(=O)N3CCN(C)CC3)cc2C1=O,-2.264518976211548
guided,CN(C[C@@H](O)CN1C(=O)N[C@@H](CCCCCC(F)F)C1=O)S(=O)(=O)c1ccc2c(c1)CCC(=O)N2,-0.4573250710964203
guided,O=S(=O)(Cc1ccccc1)NCC1CCCCC1,-4.324110507965088
guided,O=C1CSNN1c1ccc(F)c(Cl)c1,-6.304141044616699
guided,Cc1cc(OC(=O)N2CCCCC2)cc(C)c1Cl,-7.679500579833984
guided,Clc1cccc(OCCN2CCCCC2)c1Cl,-10.950470924377441
guided,[H]/[O+]=C1C(=C\N=[C-]\C=C/C=C/c2cccc(Br)c2)\c2ccccc2N\1C,-7.2370429039001465
guided,O=C(COc1ccccc1[N+](=O)[O-])NN1C(=O)c2ccccc2C1=O,-0.30032071471214294
guided,COC(Cc1nnc(CCC(=O)N2CCN(C3CCCC3)CC2)o1)OC,-0.861151933670044
guided,O=S(=O)(CCN1CCc2ccccc21)c1ccc(Cl)cc1,-5.782556533813477
guided,CN1CCN(c2cn[nH]c(=O)c2Cl)CC1,-3.228990077972412
guided,CCOc1ccc2[nH]c3c(NCCCOC)ncnc3c2c1,-1.7610667943954468
guided,CC(=O)Nc1nc2c(ncn2COCCOC(C)=O)c(=O)[nH]1,-0.35206830501556396
guided,CCN(Cc1ccccc1)Cc1nc(SCC(=O)NC2CCCC2)n[nH]1,-1.61354660987854
guided,COc1ccc(N(CC(=O)Nc2nnc(Cc3ccccc3)s2)S(=O)(=O)c2cccnc2)cc1,-0.9156179428100586
guided,O=[N+]([O-])/C=C(/C=C1/Nc2cc(Cl)ccc2S1)N(Cc1ccc(Cl)cc1)Cc1ccc2c(c1)OCO2,-5.290874004364014
guided,S=c1[nH]nc(COc2ccccc2)n1/N=C/C1CCCCC1,-3.912297010421753
guided,BrC1=C=C=C(CSc2nnc(Cc3c[nH]c4ccccc34)o2)C=C1,-4.633626937866211
guided,[OH-],-7.230311870574951
guided,Cc1ccc2c(C)nc(NC(=S)Nc3ccccc3C)nc2c1,-4.830482006072998
guided,[H+],-13.605311393737793
guided,CCN(CC)S(=O)(=O)c1ccc(C)c(NC(=O)c2cc3oc(=O)ccc3n2C)c1,-0.6179572343826294
guided,CCN[C@@H]1C[C@@H](C)[S@@](=O)([O-])=C2[S+]=C(S(N)(=O)=O)C=C21,-0.4659059941768646
guided,COc1ccccc1CN(C)[C@H]1CC(=O)N(c2ccc([N+](=O)[O-])cc2)C1=O,-0.5507265329360962
guided,CC(=O)Oc1ccccc1C(=O)Nc1ccc(COc2cccc3ccccc23)cc1,-4.462891578674316
guided,[O][C](CN[C+]([O])CN1[C]([O])[C]2[C](Cl)[CH][CH][CH][C]2S1([O])[O])N[C]1[CH][CH][CH][CH][C]1N([O-])[O-],-0.5677424073219299
guided,CC(C)C[c-]1[cH+][cH-][c+]([C+]([O-])N2C[CH-]C(C)CC2)[cH-][cH+]1,-7.493638038635254
guided,O=C1NNC(=O)[C@H]2C3C=CC=C4O[C@@H]1CO[C@]432.[H]/[C-]=[NH+]/c1cccc2ccccc12,-0.39403995871543884
guided,Nc1ccc(S(=O)(=O)c2ccc(N)cc2)cc1,-0.6457539200782776
guided,[O-][C]/[C+](=N\Nc1ccc(F)cc1)c1nccc2ccccc12,-2.5597994327545166
guided,COc1cc(/C=N/O)cc(Br)c1OCc1cccc(C)c1,-4.544395446777344
guided,CC(=O)c1ccc([C@@H]2CC(=O)N3CN(c4cccc(C)c4)CSC3=C2C#N)o1,-2.0585334300994873
guided,C/C(=N\NC(=O)COc1ccccc1)c1cccs1,-3.638211727142334
guided,C[C@H](OC(=O)c1ccc(Cl)nc1)C(=O)NC(C)(C)C,-1.8019925355911255
guided,COc1ccc(N[C@@H]2CCCN(C(=O)c3cc4ncc(Br)cn4n3)C2)cc1OC,-1.317310094833374
guided,CCN(CC)C(=O)C/[S+]=c1\nc(N)c(-c2cccs2)c([O-])[nH]1,-0.32442381978034973
guided,O=C(CNC(=O)c1ccc2ccccc2c1)OCc1ccccc1,-3.4353439807891846
guided,O=C(c1cn(Cc2cccs2)c2ccccc12)C1CCCCC1,-10.378817558288574
guided,Clc1ccc(-n2cccn2)cc1N1CCN(Cc2ccc(Br)o2)CC1,-6.4350504875183105
guided,CCNS(=O)(=O)c1cccc(C(=O)OCC(=O)Nc2cc(C(F)(F)F)cc(C(F)(F)F)c2)c1,-1.2866257429122925
guided,COc1ccc(NC(=O)NC2CCCC2)cc1OC,-2.738816261291504
guided,CCCCC/C=C(/[O-])N[C@H](N/C=[NH+]\C(=O)[C@@H](C)Oc1ccc(F)cc1)C(Cl)(Cl)Cl,-0.6689088940620422
guided,[C-2][C+](C)N[C]([O])C1C[C]([O])NN1[C]1[CH][CH][CH][CH][C]1Br,-1.9409782886505127
guided,[O-][C+]1[c-]2[cH+][c-]3[cH+][cH-][cH+][cH-][c+]3[cH-][c+]2N[C-]([c+]2[cH-][cH+][cH-][cH+][cH-]2)N1N[S+2]([O-])([O-])[c-]1[cH+][cH-][cH+][cH-][cH+]1,-0.9240996241569519
guided,FC(F)(F)[c+]1[n-][n-][c+]2n1[N-][C-]([C+]1[C][C-](Br)S[C+]1S[c-]1[cH+][cH-][cH+][cH-][c+]1N1CCCCC1)S2,-6.839809894561768
guided,O=C(N/N=C/c1sc(N2CCOCC2)nc1-c1ccc(Br)cc1)C1CCCCC1,-3.152451276779175
guided,Cn1c(SCC(=O)Nc2nccs2)nc2cccnc21,-1.3471020460128784
guided,[CH2-]N[S+2]([O-])([O-])[c+]1[cH-][cH+][c-](N[C+](C)[O-])[cH+][c-]1C,-0.47627314925193787
guided,CCOC(=O)C1(CCOC)CCN(Cc2ccccn2)CC1,-3.4245657920837402
guided,c1ccc2c(c1)CCN(c1nc(NC3CCCCC3)nc3ccncc13)C2,-4.27512264251709
guided,CCN(CC)c1ccc(C(=O)O)cc1NC(=O)C(c1ccccc1)c1ccccc1,-3.374396324157715
guided,CCCc1ccc2oc(C(=O)N(Cc3nccn3C)C(C)C)c(C)c2c1,-4.746974945068359
guided,FC(F)(F)[C-]1[C][C+](N2[C+]([S-])N[N-][C-]2[C+]2[CH+][C+]([c-]3[cH+][cH-][cH+]o3)N[N-]2)[C+](Cl)[CH-][CH+]1,-2.378636360168457
guided,CC(=O)c1ccc2nncc(C)c2c1,-4.6157379150390625
guided,Cc1ccc(NC(=S)NCCCN2CCOCC2)cc1,-5.508056640625
guided,CCN(CC)CC(C[c-]1[cH+][cH-][cH+][c-](O[C][O-])[cH+]1)N[C-]([O-])C[C+]1[CH+][CH-][CH+][CH-][C+]1OC,-0.855070173740387
guided,Fc1ccccc1NCCc1cn(-c2ccccc2)nc1-c1cccs1,-8.832511901855469
guided,COc1ccc(C(=O)/C=C/Nc2ccc(N3CCCCC3)cc2)cc1OC,-4.789306163787842
guided,O=C(Nc1nc(-c2ccco2)c(-c2ccco2)s1)C(c1ccccc1)c1ccccc1,-5.1959967613220215
guided,O=C1C(N2CCCC2)=C=C(C#[O+])C(Nc2ccccc2)=C1[O-],-1.0792241096496582
guided,O=C(O)CCSc1nc2ccccc2n1Cc1cccc(C(F)(F)F)c1,-4.478459358215332
guided,O=c1[nH]oc(-c2ccc(Br)s2)c1/C=N/N1CCOCC1,-1.6033283472061157
guided,O/N=C/c1ccccc1OC(F)F,-4.803946495056152
guided,CCN(CC)CCCCNC(=O)Cc1cccc(OC)c1,-4.826837062835693
guided,NC[C@H](O)c1ccc(O)c(O)c1,-0.748837947845459
guided,[O-][c+]1[c-]2[c+]([n-]n1-[c-]1[n-][cH+][cH+][cH-][c+]1N([O-])[O-])[CH+][CH+][CH-][CH+]2,-0.3503904640674591
guided,O=C1NC(=O)N(Cc2ccc(F)cc2)C(=O)/C1=C\NCCN1CCNCC1,-0.3965952396392822
guided,N[S+2]([O-])([O-])[c-]1[cH+][c-]2[c+]([cH-][c+]1Cl)[nH][cH-][n-][s+]2[O-].[OH-],-0.43850478529930115
guided,CC(C)(NNC(=O)Cc1ccc(Br)cc1)C(=O)O,-1.0258370637893677
guided,CCCCn1c([O-])c(/C=C2\C=C/C(=[S+]/Cc3ccc(-c4ccccc4)o3)O2)c(=O)n(CC)c1=O,-1.1781702041625977
guided,CCC[C@H](C(=O)NC[C@@H]1CCCO1)N(C(=O)c1cc(F)c(F)cc1Cl)C1CCCCC1,-4.415360450744629
guided,COc1ccc(/N=C2\C(=O)N([C@@H](C(=O)c3ccc(F)cc3)N3CCOCC3)c3ccccc32)cc1,-2.250347852706909
guided,NS(=O)(=O)c1ccc2c(c1)[C@@H]([C@H]1O[CH-]CCCC1=O)c1c(O)c3ccccc3c(=O)[o+]1-2,-0.5681465864181519
guided,O=c1c2ccccc2ncn1CCS(=O)(=O)c1ccc(-c2nn[nH]n2)cc1,-0.2533298432826996
guided,Cc1cc(F)c(CN2CC[C-](n3nccc3NC(=O)CCOc3ccccc3)CC2)cc1C.[H+],-4.125667572021484
guided,[O][N+]([O-])[C-][CH][CH][C]1N[C]([C+]2[CH][CH][CH][CH][CH]2)[N][C]1[C-]Br,-1.2959189414978027
guided,Cc1cc(C)c(C)c(S(=O)(=O)NCCCO)c1C,-1.8821970224380493
guided,Nc1ccc(N)c(NC(=O)CN2CCCCC2)c1,-0.6259217858314514
guided,[O-]P([c+]1[cH-][cH+][cH-][cH+][cH-]1)[c+]1[cH-][cH+][c-](N2CCOCC2)[cH+][cH-]1,-5.498737335205078
guided,[O-]N([CH+][CH-][CH+][c-]1[cH+][cH-][c+](F)[cH-][cH+]1)[C-]1C2CCC12,-7.7510504722595215
guided,S=C(Nc1ccc(Oc2cccnc2)cc1)NC1CCCCC1,-5.440309047698975
guided,C=CCOc1ccccc1/C=N/n1c(COc2ccc(F)cc2)n[nH]c1=S,-3.056307315826416
guided,CN(CC(=O)Nc1ccc(Cl)cc1)S(=O)(=O)c1cccc2cccnc12,-1.3291659355163574
guided,COc1cc(Nc2cccc3ccccc23)c(Cl)cc1Cl,-11.011106491088867
guided,CCOc1ccccc1NC(=O)NNS(=O)(=O)c1cc(Cl)ccc1Cl,-1.0176470279693604
guided,[OH-],-7.230311870574951
guided,[O-]N([O-])[C]1[CH][C](Cl)[CH][CH][C]1NCCN[C]([S])N[C+]1[CH][CH][CH][CH][C]1Cl,-1.0218199491500854
guided,O=C1C[C@H](c2ccc3c(c2)OCO3)CC2=N/C(=N\C3=NC[C-]=[NH+]3)N=C=C12,-0.3701769709587097
guided,COc1cc(OC)c(/C=C/c2ccc3c(c2)OCO3)c(C(=O)c2ccccc2)c1,-4.724118709564209
guided,Brc1cc(CNCc2ccncc2)c2c(c1)OCCO2,-4.767374038696289
guided,[CH2-][CH+]CCCCCCC(C)([CH-]CCC(C)(C)O)CO,-6.260324478149414
guided,Clc1ccc(Sc2ncnc3sc4c(c23)CCN(Cc2ccccc2)C4)cc1,-9.744797706604004
guided,CCOc1cccc(CNC(=O)N[C@H](C(=O)OC)[C@@H](C)CC)c1,-1.2757761478424072
guided,O=[S@]([O-])(O)=C=[N+]=C1C=CC=C/C1=N\c1ccc(Cl)c(Cl)c1,-0.9027103781700134
guided,O=C(Nc1cccnc1Oc1ccc2c(c1)OCCO2)c1cccc(F)c1,-2.533454656600952
guided,O=[N+]([O-])c1ccc(S(=O)(=O)N/N=C\c2ccc([N+](=O)[O-])o2)cc1,-0.399300754070282
guided,COc1ccc(S(=O)(=O)N2CCCCC2)c(C)c1C,-4.185951232910156
guided,Cc1ccccc1C1=NO/C(=C\SCc2ccccc2)[N-]1.[H+],-7.390041828155518
guided,Cc1nc(NC2CCCCC2)c2nnn(Cc3ccccc3Cl)c2n1,-2.677443742752075
guided,F/[C-]=[O+]\c1ccc(Cl)cc1/C=C/C=N/c1ccc(Cl)cc1,-10.390137672424316
guided,CN(C)S(=O)(=O)N1CCC(C(=O)N2CCCCC2)CC1,-2.4367144107818604
guided,O=S(=O)(NCCc1ccccn1)c1ccccc1,-2.43329119682312
guided,O=S(=O)(c1cc(-c2ccccn2)ccc1Cl)N1CCC[C@@H]1c1ncc2ccccn12,-3.1228718757629395
guided,BrCCOCc1cccs1,-11.103147506713867
guided,CCNC(=S)N(CCc1c(C)[nH]c2ccccc12)Cc1cccnc1,-5.189414024353027
guided,COc1cccc(-c2cccc(NC(=O)[C@H]3CCCO3)c2)c1,-4.424923419952393
guided,CN(C)CCCN1C(=O)C(=O)/C(=C(/O)c2ccncc2)[C@@H]1c1ccco1,-0.6125931143760681
guided,O=S(=O)(c1ccc(Cl)cc1)N1CCN(C2CCCCCC2)CC1,-5.481203079223633
guided,CC(C)P=O.[CH2-]C.[H]/[O+]=C/c1ccccc1,-6.002612590789795
guided,N#C[C@@H]1OCCCN1CCOCc1ccc(F)cc1Cl,-4.389036655426025
guided,O=c1[nH]c2c(cc1C(F)(F)F)C=C[C+](N[C][O-])=C2,-1.765065312385559
guided,CC(C)[C@H]1Nc2ccc(C(=O)N3CCCC3)cc2NC1=O,-2.4003477096557617
guided,COc1ccccc1OC(=O)/C(=C\c1cccs1)c1ncc[nH]c1=O,-1.1654285192489624
guided,CCS(=O)(=O)N1CCN(CC(=O)O)CC1,-1.0563654899597168
guided,COc1cc2ncc(Br)cc2cc1C(=O)NC1CC1,-3.7296700477600098
guided,CCO[C-]([O-])[C+]1[CH+]N2[C-]([C+]([CH-][CH+][C-]([O-])N3CCOCC3)[C+]1[O-])C21[CH+][c+]2[cH-][cH+][cH-][cH+][c-]2[C+](O)[CH-]1,-0.3749057650566101
guided,[CH2-]CN(CC[c-]1[cH+][cH-][cH+][cH-][cH+]1)CC(O)COC[c+]1[cH-][cH+][c-](OC)[c+](OC)[cH-]1,-3.6900880336761475
guided,[CH2-]C1CNCCN1,-7.897550106048584
guided,C=CCNC(=O)COC(=O)c1ccc(S(=O)(=O)N(C)C2CCCCC2)cc1,-0.5711296796798706
guided,N#C/[C-]=[N+](\C(=O)/[C-]=c1\sc2nc3ccccc3c(=O)n2c1=O)c1ccc(O)cc1.[H+],-0.2539801299571991
guided,[N-2][C+]([O-])[C+]([C][O-])[CH+][c-]1[cH+][cH-][c+](O)[c-]([CH-][c+]2[cH-][cH+][cH-][cH+][c-]2[C+]2[C][CH+][CH-][CH+][CH-]2)[cH+]1,-0.6067958474159241
guided,COCC[N-]C([N-][C+](N)N[C+]([O-])[c+]1[cH-][cH+][cH-]o1)(C(F)(F)F)C(F)(F)F,-0.44275718927383423
guided,Cn1c(C/[S+]=C2\N=CC=C\C2=C(/[O-])OCCN2CCOCC2)nc2ccccc21,-1.06598699092865
guided,NC(N)=N/N=C/c1ccc(Cl)c([N+](=O)[O-])c1,-0.5070370435714722
guided,CO[c+]1[cH-][c+](N[C-]([O-])[N-]CC2CC[c+]3[n-][c+]4[c-]([c+]([O-])n3C2)[CH+][CH-][CH+][CH+]4)[cH-][cH+][c-]1OC,-0.31967777013778687
guided,NS(=O)(=O)c1ccc([C@@H]2CCN(CC(=O)Nc3cccc4ccccc34)C2)cc1,-0.7530550956726074
guided,O=[N+]([O-])c1ccc(N2CCN(S(=O)(=O)c3cccs3)CC2)nc1,-0.3613120913505554
guided,COc1ccc(Cn2c(=O)cc(N)n(C)c2=O)cc1,-0.841188371181488
guided,C[C-]1[C]C(O[P+](O)([S-])[C+]2[CH+][CH-][CH+][C-](F)[CH+]2)CC(C)(C)C1,-7.938882350921631
guided,COc1ccc(-n2ccc(-c3ccc(Cl)cc3)n2)c(OC)c1,-6.6045613288879395
guided,Nc1nnc(SCC(=O)Nc2ccc(S(N)(=O)=O)cc2)s1,-0.30451664328575134
guided,N#C/C(=N\Nc1ccc(F)cc1)C(=O)c1ccco1,-1.2400323152542114
guided,CCn1c(SCC(C)=O)nc2[s+]c3c(c-2c1[O-])CCC3,-2.8489673137664795
guided,COc1ccc(Cn2c(CCC(=O)O)nc3ccccc32)cc1,-2.3924996852874756
guided,O=C(O)CC[C@H](C(=O)N(Cc1ccccc1)c1ccccc1)n1cccc1,-3.245678186416626
guided,CC[C-]([C][N-2])[c+]1[cH+][c-](C)[c+]2[c+]([cH+][cH+][cH+][c-]2O)[n-]1,-3.374056339263916
guided,O=C(c1nc2ccccc2[nH]1)c1sccc1-c1ccccc1,-5.483357906341553
guided,Clc1cc(Cl)cc(-c2ncc(CN/N=C/c3cccnc3)cc2Cl)c1,-5.639336585998535
guided,CC[C@]1(CCc2ccc(O)cc2)CN=C(NCCc2ccccc2Cl)N1,-3.739121675491333
guided,Cc1cccc(C)c1OCC(=O)N[C@H](C)c1cccc2ccccc12,-6.717414855957031
guided,COc1ccc2c(c1)[nH]c(=O)n2C(C)C,-3.9628419876098633
guided,N[C-]([N-][N-][C+]([O-])O[C+]1CCCCC1)SC[C+]([O-])N[c+]1[cH-][cH+][cH-][c+]2[cH-][cH+][cH-][n-][c+]12.[H+],-0.601982593536377
guided,S=C(NCc1ccco1)Nc1ccccc1-c1nc2ccccc2[nH]1,-3.086258888244629
guided,[O-][S+]([O-])[C+]([CH-]N[c+]1[cH-][cH+][c-](F)[c+](F)[c-]1F)[S+2]([O-])([O-])[c+]1[cH-][cH+][cH-][cH+][cH-]1,-0.6163636445999146
guided,[CH2-]CN[S+2]([O-])([O-])[c+]1[cH-][cH+][c-]2[c+]([cH-]1)CCN2[C+]([O-])CC[C+]([O-])O,-0.3851112723350525
guided,CCCOc1ccc(-c2nnc(SCC(=O)Nc3nccs3)o2)cc1,-1.269741177558899
guided,S=C(NCCOCCN1CCOCC1)Nc1ccc(N2CCOCC2)cc1,-2.527379274368286
guided,CC(=O)c1cc(C)c2nc(SCC(=O)Nc3ccc4c(c3)OCO4)c(C)cc2c1,-2.4047224521636963
guided,Fc1ccc(OCCCCN2CCOCC2)c(Cl)c1,-8.501150131225586
guided,CC(C)n1c(/N=C/c2ccccc2O)nc2ccccc21,-4.543570041656494
guided,CC(/C=C/c1ccccc1)=N\NS(=O)(=O)c1ccc(C)cc1,-3.140122175216675
guided,COCc1cn(C(C)(C)C)nc1-c1ccc(OC)cc1,-6.120636463165283
guided,COc1cc(C(=O)N/N=C/c2ccc3c(c2)OCO3)cc(OC)c1OC,-0.6784705519676208
guided,COc1nc(N(C)C)nc(N(C#N)CC(=O)Nc2ccccc2OC)n1,-0.21886718273162842
guided,Nn1c(SC2=NCCN2)nnc1-c1cccnc1,-0.405045747756958
guided,O=S1(=O)CC=C(CCNCc2cccs2)C1,-4.035901069641113
guided,NNC(=O)N[C@H]1CC[C@H](CNS(=O)(=O)c2ccc(Cl)cc2)CC1,-0.40746647119522095
guided,O=C(Nc1ccc(NC(=O)[C@H]2CCCO2)cc1)c1cccs1,-2.155728578567505
guided,COc1cccc(CNCCc2ccccc2)c1OCc1ccccc1,-7.92458963394165
guided,O=C(Nc1cc(C(F)(F)F)ccc1O)c1cccc(Cl)c1,-4.929088115692139
guided,[CH2-]N(C[c+]1[cH-][cH+][cH-][cH+][n-]1)C[c+]1[cH-]n(C)[n-][c+]1-[c+]1[cH-][cH+][cH-][c+]2[cH-][cH+][cH-][cH+][c-]12,-6.5083208084106445
guided,COC(CC(=O)N/N=C/c1ccc([N+](=O)[O-])cc1)OC,-0.3763824999332428
guided,CCOc1ccccc1NC(=O)c1cccc2c1C(=O)N(C1CCCCC1)C2,-4.032394886016846
guided,Cc1cc(C)c(S(=O)(=O)NC(=O)c2ccccc2)c(C)c1,-2.3660776615142822
guided,CCC(=O)c1ccc2ccccc2c1,-9.658723831176758
guided,Cc1c(Cl)cc(C=O)cc1S(=O)(=O)N1CCN(c2ccccc2)CC1,-3.0038270950317383
guided,S=C(NCCN1CCOCC1)Nc1ccc2c(c1)OCO2,-2.8649041652679443
guided,Clc1cccc(CN(Cc2nc(Cc3ccccc3)no2)Cc2nc(-c3ccccc3)no2)c1,-3.3445184230804443
guided,CC[S+2]([O-])([O-])N[c-]1[cH+][cH-][cH+][c-](-[c-]2[cH+][n-][c+]3[n-][cH+][n-][c-]3[cH+]2)[cH+]1,-0.36011621356010437
guided,O=C(COc1ccc(Cl)cc1)c1ccc(CCN2CCOCC2)cc1,-5.7213969230651855
guided,O=C(C[C@@H](CC(=O)c1cc2ccccc2o1)c1ccccc1)c1ccco1,-4.89167594909668
guided,[CH2-][N-][N-][C+]1[CH+][CH+][CH-][C+](O)[C-]1[C+]([O-])O,-0.6434458494186401
guided,O=[N+]([O-])c1ccc(N2CCN(c3nc4ccccc4s3)CC2)cc1,-2.812325954437256
guided,Cn1c(=O)c2c(ncn2CCC(=O)N2CCN(c3ccccc3)CC2)n(C)c1=O,-0.5197961330413818
guided,C[c-]1[cH+][c+](NC[c+]2[cH+][c-]3[cH+][c-](Cl)[cH+][cH-][c+]3[nH][c-]2[O-])n2[c+]([n-]1)[N-][N-][N-]2.[H+],-1.3698774576187134
guided,COc1ccccc1NC(=S)/N=C(\N)[NH+]1ON1[O-],-0.3525027334690094
guided,Cc1ccc(C)c(SCc2noc(C(=O)NC[C@@H]3CCCO3)c2C(=O)O)c1,-0.9176130890846252
guided,COCc1nnc(NC(=O)c2csc3c2CCCC3)s1,-2.408406972885132
guided,Brc1ccc(-c2nnc(SCc3ccccc3)o2)cc1,-6.766715049743652
guided,[NH-][C+](N)[N-]C[c+]1[cH-][cH+][cH-][c+](N2C[c-]3[cH+][cH-][cH+][cH-][c+]3[C+]2[O-])[cH-]1,-0.6090896725654602
guided,COc1ccc([C@@H](CCOc2cccc(C)c2)NC(C)=O)cc1OC,-3.455754518508911
guided,[NH-][P+]([O-])(O[c+]1[cH-][cH+][cH-][cH+][cH-]1)OC1CCC([c+]2[cH-][cH+][cH-][cH+][cH-]2)CC1,-3.6957850456237793
guided,CC(C)N(CCN(N=O)[C@@H](Cc1ccccc1)CN(C)N=O)N=O,-0.6915575861930847
guided,COc1ccc(CNCc2cccc([N+](=O)[O-])c2)cc1OC,-1.6046509742736816
guided,O=C1c2ccccc2C(=O)N1CCCOC/C=C/c1ccccc1,-4.564883708953857
guided,O=S(=O)(c1ccccc1-c1nc2ccccc2[nH]1)N1CCC(N2CCOCC2)CC1,-1.1768953800201416
guided,O=S(=O)(c1cccs1)N1CCC(n2cccn2)CC1,-2.9674649238586426
guided,O=C(NCCC1=CCCCC1)[C@@H]1CCC(=O)N(C2CC2)C1,-3.9424943923950195
guided,[O][C](N[N][CH][C]1[CH][CH][C]([C]2[CH][CH][C](N([O-])[O-])[CH][CH]2)O1)[C+]1[CH][CH][CH][CH][C]1O,-0.5857642889022827
guided,Fc1cccc(F)c1/C=N/N1CCOCC1,-7.539819240570068
guided,C/C=C(\C)C(=O)c1ccc(OCC(=O)OCCOC)cc1C,-2.527017831802368
guided,CCC(=O)N1CCN=C1SCc1ccc(Cl)cc1Cl,-7.068944931030273
guided,CCC[C@@](C)(O)[C@H](O)CCNC(CO)(CO)CO,-0.5801509022712708
guided,[H]/[C-]=[O+]/c1[c-]c([C@]2(N/C=C3\C=c4ccccc4=[NH+]3)C=C(C)NC(=O)C2)c(C#N)cc1,-0.41108283400535583
guided,CC[C@@H](C)[C@@H](N)C(=O)O,-2.2988028526306152
guided,CCOCCCNc1cnn(CCCl)c(=O)c1[N+](=O)[O-],-0.43607333302497864
guided,O=C(/C=C/c1ccccc1Cl)Oc1cccc2cccnc12,-6.394702911376953
guided,CNC(=S)N1CCN(c2ccccn2)CC1,-6.241220951080322
guided,[O-][S+2]([O-])(N[C+]([N-]CCCCCCOCC[CH-]Cl)N[c+]1[cH-][cH+][cH-][cH+][cH-]1)[c+]1[cH-][cH+][cH-][cH+][cH-]1,-2.627556324005127
guided,COc1cc2cc3c(cc2nc1Cl)OCO3,-5.07846212387085
guided,[H+].[N-2][C]N[C+]([N-][C+]1[CH+][CH+][C-](N2CCOCC2)[CH+][CH-]1)N[C+]([O-])[c+]1[cH-][cH+][cH-]n1CC[CH+][CH-][c+]1[cH-][cH+][cH-][cH+][cH-]1,-0.6670414209365845
guided,COCCNC(=O)c1ccc2c(c1)nnn2CCS(=O)(=O)c1ccc(OC)cc1,-0.25513774156570435
guided,COC(=O)C[C@@H]1C(C)(C)C(=O)C(C)=C[C@@]1(C)C(=O)OC,-1.7189053297042847
guided,CC1=C/C(=C(/[O-])N[C@H]2CC(C)(C)Cc3c2cnn3-c2ccccc2)C=[S+]1,-3.5230982303619385
guided,COc1ccc(S(=O)(=O)Nc2cc(CC(=O)O)ccc2OC)cc1,-0.4241650402545929
guided,O=C(NCc1cccnc1)/C(=C/c1ccco1)NC(=O)c1ccco1,-0.5150105953216553
guided,CC(=O)Nc1ccc(NC(=O)COc2ccc(Br)c(C)c2)cc1,-2.52898907661438
guided,[CH2+]C[C@H](C[N+]1=CC[C-](C(C)(C)C)CC1)c1ccccc1[C@H]1C2=C([O-])NC(=S)N[C@]21[O-].[H+],-1.381663203239441
guided,CO[c-]1[cH+][cH-][c+](CS[c-]2[n-][c+]3n([c+]2S[c-]2[cH+][cH-][c+](C)[cH-][cH+]2)[C+](C)[N-][C+](N)[C]3)[cH-][c+]1Cl,-4.342587471008301
guided,O=C(CN(C(=O)[C@H]1C[S+]=C([O-])C1)c1ccccc1)NCc1ccc2c(c1)OCO2,-0.37412843108177185
guided,CC(C)CC[C@H](NC(=O)CCc1ccc2c(c1)OCO2)C(=O)O,-0.8620933890342712
guided,COc1ccc(C)cc1OCC(=O)Nc1ccccc1C(=O)N1CCOCC1,-1.1532049179077148
guided,COc1ccccc1N(C(=O)c1sc(-c2cccnc2)nc1C)c1ccc(C)cc1,-5.594685077667236
guided,COCCn1c(=O)[nH]c2cc(C(=O)Nc3ccccc3C(=O)O)ccc2c1=O,-0.27122563123703003
guided,[O-][C+]([CH-]CCN[C+]1[N-][N-][N-]N1C[C+]1[CH+][CH+][C-](F)[CH+][CH-]1)N1CCC(O)([c-]2[cH+][cH-][cH+][c-](F)[cH+]2)CC1,-0.748669445514679
guided,COc1ccc2cc(/C=C/C(=O)O)c(-c3ccccc3)nc2c1,-3.4203531742095947
guided,N#CN/C(=N\c1cccc(C(F)(F)F)c1)SCc1ccccc1C(=O)O,-2.044260263442993
guided,Cc1coc(/C=C/C(=O)NC(C)(C)C)c1O,-2.3514914512634277
guided,CC(C)Nc1c(O)c(-c2cccs2)nc2ccccc12,-5.529022693634033
guided,O=C(Nc1nnc([C@]23C[C@H]4C[C@H](C[C@H](C4)C2)C3)s1)c1ccccc1F,-4.309437274932861
guided,CCCOc1ccc(/C=N/N(CCC#N)C(N)=S)cc1,-1.3592238426208496
guided,Cc1cc(C)cc(N(CC(=O)Nc2ccccc2)S(=O)(=O)c2c(C)noc2C)c1,-1.236304521560669
guided,COC(CC(=O)N[C@H](CO)C(C)C)OC,-1.7255547046661377
guided,COc1ccc(Cl)cc1C(=O)N1CCN(c2ccccn2)CC1,-4.300613880157471
guided,COc1ccc(N2CCN(c3cccc4c(=O)c(-c5ccc(F)cc5)c(C)oc34)CC2)cc1,-6.13662576675415
guided,Cc1nc2ccc(S(=O)(=O)N(C)Cc3ccco3)cc2o1,-1.2560442686080933
guided,CCOP(=S)(NC)NC,-6.121891498565674
guided,Cc1ccc(NC(=S)N[C@@H](NC(=O)Cc2ccc(F)cc2)C(Cl)(Cl)Cl)cc1F,-4.722421169281006
guided,CO[C]1[CH][C](C2C[C]([O])N(C(C)N(C)CC[C]3[CH][CH][CH]S3)[C][C]2[C]([O-])O)[CH][CH][C]1OC[C]1[CH][CH][C]([O+]C)[C]([O+]C)[CH]1,-1.0524617433547974
guided,COCCNC(=O)/C1=C/c2cccc(c2)C(=O)N[C-]2C=CC=C/C2=C(\O)O[N+]#C1,-0.5589827299118042
guided,O=C1NCCC[C@@H]1C(=O)N1CCN(Cc2ccccc2)CC1,-3.1182405948638916
guided,O=[N+]([O-])c1ccccc1Nc1ccc(S(=O)(=O)Nc2nccs2)cc1,-1.0986946821212769
guided,CC(=O)Nc1cccnc1Oc1ccc2c3c(c(=O)oc2c1)CCC3,-1.3940913677215576
guided,CN(C)C/C=C1/SC(=O)N(CCN2CCOCC2)C1=O,-3.1410210132598877
guided,NC1=N[CH-]C(c2ccc(Cl)cc2)=C2Cc3oc(C4CC4)nc3-c3ccc[s+]3N12,-3.60760498046875
guided,O=C(Oc1ccc(Br)cc1C(=O)c1ccccc1C(=O)O)c1ccco1,-1.5887424945831299
guided,O=C(c1ccc(F)cc1)[C@@H](c1ccc2ccccc2c1O)N1CCCCC1,-6.7839131355285645
guided,CC#CC[C@H](C[C@@H](C)O)c1n[nH]c(=S)n1-c1ccccc1,-3.6269023418426514
guided,CCC(=O)n1nc(-c2ccccc2)nc1NCc1ccc(F)cc1,-3.2402825355529785
guided,CC(=O)c1ccc(Oc2cccc([C@H]3NC(=O)c4ccccc4O3)c2)c(C)c1O,-2.1001594066619873
guided,F[C-](F)C[c+]1[n-][cH+][cH-]n1C([c+]1[cH-][cH+][cH-][cH+][cH-]1)[c+]1[cH-][cH+][cH-][cH+][cH-]1,-9.90124225616455
guided,[OH-],-7.230311870574951
guided,[C-2][C+]1[C-][C]([CH][O])[CH][C](C)[C]1[OH+],-4.854477405548096
guided,Cl[c-]1[cH+][cH-][cH+][cH-][c+]1CON1[CH-][c+]2[cH-][cH+][cH-]n2CC([c+]2[cH-][cH+][c-](Br)[cH+][cH-]2)C1,-11.516345024108887
guided,Cc1ccc(NC(=O)c2cccc(S(=O)(=O)N(C)C)c2)cc1C,-2.0955350399017334
guided,O=C(NC[C@H]1CCCO1)Nc1ccccc1C(=O)NCc1cccnc1,-0.5457587838172913
guided,O=C(CN1CCN(CCCC2CCCC2)CC1)c1ccc2cc[nH]c2c1,-6.037325859069824
guided,NC(=O)NCC(=O)N[C@H](CCC(=O)O)C(=O)O,-0.5511511564254761
guided,[S-][C+](NCCCN1CCCCCC1)N1[C][CH+][CH-][CH+]C1,-8.89281177520752
guided,[O-]SCCCCC(F)(F)F,-8.338141441345215
guided,[CH2-][C@](CS(=O)(=O)Cc1ccc(C)cc1)(Oc1ccccc1Cl)C(=O)/[NH+]=C\c1cc2ccc(C)cc2[nH]c1=O,-0.8228712677955627
guided,[H]/N=c1\n(C)c2ccccc2n1CC(=O)c1ccc(Br)s1,-3.9017679691314697
guided,CN1C(=O)C(=C(NCCN2CCNCC2)c2ccccc2)C(=O)N(C)C1=O,-0.6183289885520935
guided,O[C@@H](CN1CCCCC1)CN1CCNCC1,-5.205429553985596
guided,O=S(=O)(c1cc(Cl)sc1Cl)N1CC=C(c2ccccc2)CC1,-6.773789405822754
guided,CCOc1ccccc1OCC(=O)NNC(=O)[C@H](C)N1C(=O)c2ccccc2C1=O,-0.27439606189727783
guided,O=C1C=C(NCc2cccnc2)C2(CCCCC2)O1,-3.533290147781372
guided,COc1ccc(C(=O)/C=C/N2CCOCC2)cc1F,-5.076229572296143
guided,S=C(Nc1ccccc1)N1CCN(C/C=C/c2ccccc2)CC1,-9.512558937072754
guided,CCOc1cccc(C(=O)NCCCNc2ccc(S(=O)(=O)N3CCCC3)cc2)c1,-1.0147329568862915
guided,[O-][C][C+]1[CH+][C-](F)[CH+][C-](Br)[C+]1O,-4.62000846862793
guided,CCCC(=O)N[C@@H](Nc1cccc(C(F)(F)F)c1)C(Cl)(Cl)Cl,-6.452629566192627
guided,Cc1ccc2c(c1)nnn2C1CCN(CC(=O)Nc2ccccc2F)CC1,-2.516798973083496
guided,CN1CCN([C]2[CH][CH][C](N([O-])[O-])[C]([C+]3[CH][C]4[CH][CH][CH][CH][C]4O3)[CH]2)CC1,-2.059525489807129
guided,Nn1c(SCC(=O)Nc2ccc3c(c2)OCCCO3)nc2c(c1=O)CCCC2,-0.34047335386276245
guided,CC1C[N-][C+](N(N2CCOCC2)P(C)[O-])S1,-3.2873146533966064
guided,CC[C]1[C](C)S[C](N[C+]([O])CN(C)C[C]([O])N[C]2[CH][CH][C](Cl)[CH][C]2N([O-])[O-])[C]1[C][N],-0.6666823625564575
guided,CCN(CC)S(=O)(=O)c1ccc(NC(=O)c2cccnc2)cc1C,-1.1545813083648682
guided,COC(=O)/C(=C/c1cnc[nH]1)C(=O)C(F)(F)F,-1.4343026876449585
guided,COc1ccc(Cl)cc1C(=O)NCCN(CCc1ccco1)Cc1ccccn1,-2.5119504928588867
guided,CCOc1cc(C)ccc1NC(=O)CN1C(=O)C(=O)N(CC)C1=O,-0.33012914657592773
guided,[O-][C+]1CCCC[C+](NC2CCCCC2)[C+]2[C][C][C][C][C-]12,-6.087098121643066
guided,O=C1C/C(=C(/c2ccccc2)c2cccc3ccccc23)C(=O)N1,-4.796868324279785
guided,[O][C](O)CC[C]([N]N[C]([O])C[C]1[CH][CH][CH][C](N([O-])[O-])[CH]1)[C+]1[CH][CH][CH][CH][CH]1,-0.6692253351211548
guided,N[C@@H](CCNCc1ccc(Cl)cc1)C(=O)NC1CCCCC1,-2.045717239379883
guided,COc1ccccc1-n1c(=O)c2ccccc2n(CC(=O)c2ccc([N+](=O)[O-])cc2)c1=O,-0.7126936316490173
guided,COc1ccc2nc(C)cc(/N=C/c3cn([C@@H](CC(C)C)OC)c(=O)[nH]c3=O)c2c1,-0.9354342818260193
guided,CCOC(=O)N[C@@H](O)C(=O)c1cccs1,-1.13052499294281
guided,O=C(CN(c1ccc(Cl)c(F)c1)S(=O)(=O)c1ccccc1)N1CCc2ccccc2C1,-3.85148286819458
guided,OCc1ccc2[nH]c3c(c2c1)CCCC3,-5.867575645446777
guided,N#Cc1c(-c2ccc(F)cc2)[nH]c(=S)n1N,-1.618467926979065
guided,CN(CC(=O)Nc1ccccc1Cl)C1CCCCC1,-6.817551136016846
guided,[S-][C]N1CCOC1,-10.103463172912598
guided,N[C]1[N][C](N[C+]2[CH][CH][CH][CH][CH]2)[N][C](NCCO)[C]1N([O-])[O-],-0.5354363322257996
guided,O=C(NCCc1cccc(Cl)c1)Nc1ccccc1Cl,-6.064371585845947
guided,COc1ccccc1OC[C@H](O)COc1ccc(NC(=O)/C=C/C(=O)O)cc1,-0.37374767661094666
guided,COc1ccc(-c2ccc(CNCCO)cc2OC)cc1,-3.5789477825164795
guided,Cc1ccc(C)c(NC(=S)N2CCN(c3ccc([N+](=O)[O-])c(N4CCOCC4)c3)CC2)c1,-1.9681915044784546
guided,CCC[C@@](C)(O)C(=O)NCCNCc1cc(OC)c(OC)c(OC)c1,-0.5003157258033752
guided,Cn1nnc(-c2cccs2)n1,-4.424139976501465
guided,CCC(=O)Nc1cc2c(cc1C(C)=O)OCCO2,-2.0112645626068115
guided,NC(=O)Nc1ccc(/N=C/c2coc3ccccc3c2=O)cc1,-0.7546905279159546
guided,CN1CCN(NC(=O)c2ccc(Cl)c3ccccc23)CC1,-5.688679218292236
guided,[CH2-]CC(CNC[c+]1[cH-][cH+][c-](OC)[cH+][cH-]1)N(C)C1CCCN(C[c+]2[cH-][cH+][c-](OC)[cH+][c-]2F)C1,-6.45150089263916
guided,C[c+]1[cH-][cH+][c-](C)[cH+][c-]1CN1C[CH-][C+]2OC(CO)COC[C-]2C1,-4.681285858154297
guided,Cc1cc(C)n(-c2nc(N3CCN(C)CC3)c3ccccc3n2)n1,-3.5110790729522705
guided,Nc1ccccc1C(=O)OCC(=O)Nc1ccc(Br)cc1,-1.1080514192581177
guided,O=C1OCC[C@H]1Sc1nc(Cc2ccccc2)nc2ccccc12,-3.966221332550049
guided,F[C-](F)F,-13.636207580566406
guided,O=C=Nc1c(C2CC2)oc2ccccc2c1=O,-2.666339635848999
guided,O=C1C(NS(=O)(=O)c2ccccc2)=C(N2CCN(c3ccccc3)CC2)C(=O)c2ccccc21,-0.9867072105407715
guided,O=C(NNC(=O)[C@@](O)(c1ccccc1)c1cccs1)c1ccc(Br)cc1,-1.4694981575012207
guided,[OH-],-7.230311870574951
guided,O=C(COc1ccc(S(=O)(=O)N2CCOCC2)cc1Cl)N1CCCCC1,-1.1674138307571411
guided,O=C(c1ccc(=O)[nH]c1)N1CCC2(CC1)OCCO2,-1.4209680557250977
guided,CCn1cc(C(=O)Nc2cc(OC)ccc2OC)c(=O)c2cc(S(=O)(=O)N3CCOCC3)ccc21,-0.4177301228046417
guided,Nc1ccc([N+](=O)[O-])cc1CN[C@H]1CC[C@H](O)CC1,-0.46590301394462585
guided,C/C(=N\OC(=O)c1ccccc1F)c1nccs1,-3.6796529293060303
guided,O=S(=O)(c1ccc(F)cc1)N1CCc2ccccc21,-5.54053258895874
guided,O=C(c1ccccc1)c1ccc(N2CCCC2)cc1,-9.021322250366211
guided,O=S(=O)(NCCNS(=O)(=O)c1cccs1)c1ccc(OCc2ccccc2)cc1,-0.5753151774406433
guided,[CH2-]Oc1cc[n+]([C@@H](Cl)C(=O)c2c[nH]c3ccc(Br)cc23)cc1,-5.112888336181641
guided,Nc1ccccc1C(=O)OCC(=O)c1cccs1,-1.6866538524627686
guided,C[c-]1[cH+][cH-][c+]([C+](CN(C)[O-])[N-]N[C+](N)[S-])[cH-][cH+]1,-0.9672626256942749
guided,CN(Cc1ccccc1)c1nc(N)nc(Cl)c1C=O,-1.4356220960617065
guided,COc1ccc(-c2[nH]ncc2CN2CCN(C(=O)c3cccs3)CC2)c(F)c1,-2.7289211750030518
guided,N#Cc1cc(F)cc(CN(C([O-])=C=[N+]2CCCCC2)C2CC2)c1,-3.222290515899658
guided,CC(C)c1cc(C(=O)N[C@@H](C)C(C)C)cs1,-7.562896251678467
guided,O=S(=O)(N[C@H]1CCSC1)c1ccc(Sc2ccccc2)cc1,-4.768268585205078
guided,COc1ccccc1OCC(=O)SCc1csc(N)n1,-1.3902627229690552
guided,NC(=O)C1CCN(Cc2cc(Br)ccc2-n2nnc3ccccc32)CC1,-1.3565057516098022
guided,COc1ccc2c(c1OC)C(=O)N1[C@H]2SC(C)(C)[C@H]1C(=O)NCc1ccccc1,-2.2345752716064453
guided,C[C@@H]1CN(CCCCNC(=O)CSc2ccccc2)C[C@H](C)O1,-4.947242736816406
guided,CCO[N+]#C[C@@H](NC1=NC([O-])=C=C(C(C)C)S1)C(=O)Nc1ccccc1,-0.6489051580429077
guided,CCS(=O)(=O)C[C@@H](SC)n1ccnc1,-3.285111427307129
guided,COc1ccc(N(CC(=O)Nc2ccc3ccccc3c2)S(C)(=O)=O)cc1OC,-1.1223381757736206
guided,O=C1N[C@@H]2CC[S@](=O)(=[O+][C@]3(C=C[C-](Cl)C(Cl)=C3)S(=O)(=O)N3CCC[C@@H]13)C2,-0.5362977385520935
guided,COc1ccc(/C=N/NC(=O)c2cccs2)cc1C(=O)N1CCCC1,-1.7120585441589355
guided,[CH2-]CC[C@@H]1C[C@]2(C(=O)NC)CCCN2/C1=C1/C=c2ccccc2=[O+]C1=O,-2.2738828659057617
guided,[OH-],-7.230311870574951
guided,COc1ccc(CC(=O)Nc2ccc(F)cc2)cc1OC,-4.191460609436035
guided,CCCCS(=O)(=O)CCCO[C@@H](CC)OCC,-3.5402274131774902
guided,O=NN1CCOCC1,-4.80709171295166
guided,O=C(CSc1nnnn1C1CCCCC1)NC(c1ccccc1)c1ccccc1,-2.4594509601593018
guided,O=C(NOCc1ccccc1)c1cnn2c(C(F)F)cc(C3CC3)nc12,-2.2583706378936768
guided,CO[C-]1[C][C+](N[C+]([O-])C2CCCCC2)[C+]([c-]2[cH+][n-][c+]3[cH-][cH+][cH-][cH+][c+]3[n-]2)[C-](F)[C+]1F,-1.7893102169036865
guided,CS[C-]([N-][C][N-2])[N-]C[C+]1[CH+][CH-][CH+]O1,-2.8078417778015137
guided,COc1ccc(C(=O)C/[S+]=c2\nc3cccc[c-]3n2CC(=O)N/C=C2\[CH-]C=CC=N2)c(C)c1.[H+],-1.257216215133667
guided,Cc1c(C(=O)OCC(=O)Nc2ccccc2C(=O)O)c2c(n1N1CCOCC1)CCCO2,-0.3333350718021393
guided,COC(C[C@@H]1O[C@@H]1[C@H](O)COCc1ccccc1)OC,-2.3034958839416504
guided,NC(=O)c1ccc(NC(=O)CSC2=NCCS2)cc1,-0.6879686117172241
guided,COC(=O)C1=C(C)C(C(=[N-])[O-])=[S+2]=C1NC(=O)c1ccc([S@@](#[O+])([O-])N2CCOCC2)cc1,-0.3815140724182129
guided,O=C=Nc1c(C(=O)N2CCN(c3ccccn3)CC2)oc2ccccc12,-1.1483396291732788
guided,COC(=O)[C@@](O)(c1c[nH]c2ccc(O)cc12)C(F)(F)F,-0.8851860165596008
guided,CC(=O)c1sc2nc(C)cc(C)c2c1N,-3.155034303665161
guided,[OH-],-7.230311870574951
guided,COc1cc(S(=O)(=O)N2CCOCC2)ccc1/N=C\c1c(C)[nH]n(-c2ccccc2)c1=O,-0.44908878207206726
guided,CN(C)S(=O)(=O)c1ccccc1C#C/[C-]=C/C=C\[C][C+](=O)O,-1.157806158065796
guided,NNC(=O)CN1C(=O)c2ccccc2C1=O,-0.4377315044403076
guided,Fc1ccc(Cn2c3c([nH]c2=S)CCCC3)cc1,-9.118796348571777
guided,COCCn1ccnc1CN1CCC[C@H](CNC(=O)C(c2ccccc2)c2ccccc2)C1,-3.1863715648651123
guided,COc1ccc2c(c1)/C(=N/N=C(N)N)c1ccccc1-2,-0.5995786190032959
guided,CNCC(=O)N1CCN(c2ccc([N+](=O)[O-])cc2Cl)CC1,-0.9372261762619019
guided,O=C1NC(=S)NC(=O)[C+]1[C@@H]1C[CH-]CCC1=O,-1.2362335920333862
guided,Cc1[nH]nc(C(=O)O)c1C,-2.072059392929077
guided,O=[N+]([O-])c1cccc(OCc2cn(CCCc3ccccc3)nn2)c1,-1.3622428178787231
guided,[H]/N=C1/C(c2nc3ccccc3n2C)=C(O)CN1NC(=O)c1cc(OC)cc(OC)c1,-0.476970374584198
guided,Clc1ccc(-c2nc(Cc3ccccc3Cl)no2)cc1,-6.609047889709473
guided,CCCCn1c(N)c(C(=O)Nc2ccc([N+](=O)[O-])cc2F)c(=O)[nH]c1=O,-0.36303243041038513
guided,[O-][C+]1O[N-][C][C+]1[CH+][c-]1[cH+][cH-][c+](O)[cH-][cH+]1,-1.8234721422195435
guided,NS(=O)(=O)c1ccc(NC(=O)CCC(=O)c2ccccc2)cc1,-0.3873828053474426
guided,O=S(=O)(NCc1nc2ccccc2[nH]1)c1ccc(Br)s1,-1.5282187461853027
guided,CCOC(CNC(=O)c1cc2cc(Br)ccc2oc1=O)OCC,-1.2880791425704956
guided,CCNC(=O)COC(=O)c1cc(-c2ccc(C)s2)nc2ccccc12,-2.2960305213928223
guided,COc1cccc(OC)c1C(=O)N/N=C\c1ccc(Br)cc1,-2.9039084911346436
guided,COc1ccc(CCNC(=O)CCCN2C(=O)[C@@H](c3ccccc3)Oc3cccnc32)cc1OC,-1.2536203861236572
guided,COc1ccc(-c2cc(C(=O)Nc3cccc(C(F)(F)F)c3)c3ccccc3n2)cc1,-6.542323589324951
guided,[O][C](CN[C]([O])[C]1[CH][CH][CH]O1)OC[C]([O])[C]1[CH][CH][C](N([O-])[O-])[C](CS[C+]2[CH][CH][C]3[CH][CH][CH][CH][C]3[N]2)[CH]1,-0.7991048693656921
guided,O=C1C2=Nc3ccc[c-]c3S[C@H]12.[H+],-6.64243221282959
guided,COc1ccccc1NC(=O)n1cc(S(=O)(=O)CC(=O)NCCS(C)(=O)=O)c2ccccc21,-0.24580954015254974
guided,Cc1ccc(NC(=S)NC(=O)c2cc(C)ccc2C)nc1,-3.547386646270752
guided,NS(=O)(=O)c1ccc(CCNC(=O)[C@H]2CCCO2)cc1,-0.3686639666557312
guided,N#Cc1ccc2ccccc2n1,-5.4883599281311035
guided,CNP(=S)(NC)OCCOc1ccc2ccccc2c1,-4.854146480560303
guided,Cn1cc(CC(=O)NCc2ccccc2)c2ccccc21,-6.179715633392334
guided,Nn1cc(-c2ccccc2)nc1SCC(=O)Nc1ccc2c(c1)OCO2,-0.6679779291152954
guided,CC[C@H](C(=O)N1CCC[C@@H]1C(N)=O)N(CCOC)C(=O)CNS(=O)(=O)c1ccc(Cl)cc1,-0.38460052013397217
guided,Cc1ccc(C(=O)OCCc2c(C)[nH]n(-c3ccccc3)c2=O)cc1,-2.497805595397949
guided,CO[c-]1[c+]2[c-]([n-][c+]3[cH+][cH-][cH+][cH-][c+]31)OCC(CN)C[CH-]2,-2.538347005844116
guided,COc1ccc(NS(=O)(=O)c2ccc(NC(=O)c3ccccc3F)cc2)nn1,-0.622485876083374
guided,COc1ccc(/C=N/Nc2ccccn2)cc1OCc1ccccc1,-3.907559633255005
guided,CCOc1ccc(N2C(=O)C[C@H](SCCN)C2=O)cc1,-1.3001586198806763
guided,COc1ccccc1CC(=O)Nc1cc(NC(=O)CN2C(=O)CN(C)C2=O)ccc1OC,-0.2919296622276306
guided,CCCCCCN/C=C1/C(=O)NC(=O)N(Cc2ccco2)C1=O,-0.5502871870994568
guided,O=C(O)c1c#cc#cc1C1CCCC1,-5.6290693283081055
guided,S=C(NNc1ccc(Cl)cc1)NC1CCCCC1,-6.287782192230225
guided,CN(C)S(=O)(=O)c1ccc(N2CCOCC2)c(NC(=O)c2ccccc2)c1,-0.9270214438438416
guided,[O-][C+](NCC[c-]1[cH+][cH-][cH+][cH+][n-]1)C1[CH-][C+]([c+]2[cH-][cH+][cH-][c+](N([O-])[O-])[cH-]2)[N-]O1,-0.30566999316215515
guided,O=C(N[C@@H](C(=O)O)c1ccc(OC(F)(F)F)cc1)c1ccc(Cl)c([N+](=O)[O-])c1,-1.2679872512817383
guided,COc1cc(OC)c(NS(=O)(=O)c2ccc(C)cc2)cc1Cl,-2.576730966567993
guided,Cl/[C-]=C/c1[nH]c(C2CCNCC2)n[o+]1,-3.454913854598999
guided,COc1ccc(/C=C/C(=O)NC(C)C)cc1S(=O)(=O)n1nc(C)cc1C,-0.6038731336593628
guided,S=c1[nH]nc(N/N=C/c2ccco2)s1,-2.0519769191741943
guided,[N-2][C][C+]1[C]N(N[C+]([O-])[c+]2[cH-][cH+][c-](N([O-])[O-])[cH+][cH-]2)[c+]2[n-][c+]3[c-]([n-][c+]21)[CH+][CH-][CH+][CH+]3,-0.31939029693603516
guided,[C](N[N-]N1CCN([C+]2[c+]3[cH-][cH+][cH-][cH+][c-]3-[c+]3[cH-][cH+][cH-][cH+][c-]32)CC1)[c-]1[cH+][cH-][cH+][cH-][cH+]1.[H+],-7.218878269195557
guided,COc1ccc(NCC(=O)N/N=C/c2ccc(-c3ccc(F)cc3)o2)cc1,-1.8405286073684692
guided,[CH2-]OC[c+]1[cH-][c+]([O-])[nH][c+](N2CCN([C+]([O-])[c+]3[cH-][cH+][c-](F)[cH+][c-]3F)CC2)[n-]1,-0.38903313875198364
guided,NC(=O)C[C@@H](NC(=O)c1ccccc1)c1ccc(NCc2ccccc2)c([N+](=O)[O-])c1,-1.0929458141326904
guided,NS(=O)(=O)c1ccccc1NC(=S)Nc1ccc(F)cc1,-0.8523239493370056
guided,O=C(Nc1ccc(N2CCOCC2)nc1)c1nc2ncccn2n1,-0.2983522117137909
guided,O=C1C2=C=C=C=C=C2O/C1=C\c1cnc2n(c1=O)CCS2,-2.2616052627563477
guided,CCCN(CCc1ccc(F)cc1)Cc1ccccc1,-13.362865447998047
guided,[CH2-][c+]1[cH-][cH+][c-](C2CCCN([C+]([O-])[CH+][C-]3NC([c+]4[cH-][cH+][cH-]s4)N[C+]3[O-])C2)[cH+][cH-]1,-1.2012439966201782
guided,CCOc1cc([N+](=O)[O-])ccc1NCC(=O)c1ccccc1,-1.3579171895980835
guided,Fc1ccc(NC(=S)N2CCN(C(=S)NC3CC3)CC2)cc1,-6.6179375648498535
guided,CCOCC#C[C@@H](O)CC/C(C)=N/O,-2.3182213306427
guided,CC[C@H]1CCCCN1C(=O)COC(=O)c1cc(N)cc(C(=O)c2ccc(F)cc2)c1,-1.2733588218688965
guided,COc1ccc2c(c1)CCc1c(C(=O)Nc3c(C)nn(C)c3C)noc1-2,-1.1749807596206665
guided,COCCn1c(SCC(=O)c2ccc3ccccc3c2)nc2[s+]c(C)c(C)c-2c1[O-],-3.3538756370544434
guided,O=C(C1=C(O)C(=O)N(CCN2CCOCC2)[C@H]1c1ccc(Cc2cccnc2)cc1)c1cccs1,-1.4786951541900635
guided,O=C(CNc1cccc(C(=O)O)c1)NCc1cccs1,-1.0566426515579224
guided,O=C(c1cc2cc3ccc(Cl)cc3nc2o1)N1CCC[C@@H]1CO,-2.3288872241973877
guided,Cn1[n-][c+]2[c+]([c+](-[c+]3[cH-][cH+][cH-][cH+][cH-]3)[n-][c+]3[cH-][cH+][cH-][cH+][c-]32)[c-]1[O-],-2.9622416496276855
guided,Cc1cc(=O)[nH]c(N/N=C/C=C/c2ccccc2)n1,-1.6323199272155762
guided,CCOc1ccc(-n2c(=O)[nH]cc(C(=O)N(C)C)c2=O)cc1,-0.6435267329216003
guided,COc1cccc(C)c1O[P@](C)(=O)N1CCOCC1,-3.990893602371216
guided,COc1cc(C(=O)NCCc2ccccc2)cc(OC)c1OC,-2.9423580169677734
guided,F[c+]1[cH-][cH+][c-]2[c+]([cH-]1)C[CH-][NH+](CCO[c+]1[cH-][cH+][cH-][cH+][c-]1Br)[CH-]2,-10.032316207885742
guided,Cn1c(=O)c2c(nc(NCc3ccco3)n2CCSc2nc3ccccc3o2)n(C)c1=O,-0.5144570469856262
guided,Cc1nc2c(nnn2-c2ccccc2Cl)c(=O)n1-c1ccccc1,-2.2589242458343506
guided,CNc1cccc(-c2ccc(F)cc2)c1NC=O,-5.185757637023926
guided,CCCC(=O)N(C[C@H](C)CC)c1nc(C)cc(C)n1,-4.6860151290893555
guided,COc1ccc(C)cc1NCc1ccc(OC)c(OC)c1OC,-4.4077959060668945
guided,[O-]P([c+]1[cH-][cH+][cH-][c+](F)[cH-]1)[c+]1[n-][c+](-[c+]2[cH-][cH+][c-](Cl)[cH+][cH-]2)o[c-]1N1CCOCC1,-2.3078196048736572
guided,COc1ccc(N(CC(=O)NCCSc2ccc(Cl)cc2)S(=O)(=O)c2ccccc2)cc1,-2.465428590774536
guided,O=C(CN1CCOCC1)c1cccnc1,-4.473576545715332
guided,COc1ccc([C@H](C(=O)O)[C@H]2C[C@H](c3cc(OC)c(OC)cc3OC)Oc3ccccc32)cc1OC,-2.524977684020996
guided,N#Cc1ccc(OCc2ccc(C(=O)NN)o2)cc1,-0.3419727385044098
guided,Cn1c(=O)c2ccc(S(=O)(=O)NCCc3ccccc3)cc2n(C)c1=O,-0.3629259169101715
guided,CCCc1cc(=O)oc2cc(Cl)cc(OCC(=O)Nc3ccc(CN4CCOCC4)cc3)c12,-1.9739617109298706
guided,Nc1ccccc1NC(=O)COc1ccc2c(c1)OCO2,-0.7272209525108337
guided,O=C(c1ccco1)n1nc(-c2cccnc2)nc1NCc1ccc(F)cc1,-1.2251814603805542
guided,COCCn1c(=O)c2c(nc3n2C[C@H](C)CN3Cc2ccccc2Cl)n(C)c1=O,-1.1913889646530151
guided,N/C(=N/N[C@H]1CCS(=O)(=O)C1)c1ccc(Br)cc1,-0.7181191444396973
guided,Brc1ccc(-c2nnc(-c3cccs3)o2)cc1,-6.285866737365723
guided,[CH2-]Cc1cccnc1/C=C\C#[N+]N1CCN(c2ccccc2OC)CC1,-6.65715217590332
guided,O=[N+]([O-])c1ccc(Cl)c(-c2ccc(/C=N\c3c(-c4ccccc4)nc4ccccn34)o2)c1,-4.4161481857299805
guided,CO[C-]([O-])C1C[CH+]N([c+]2[cH-][cH+][c-]([N-]N[C+](C)[c+]3[cH-][cH+][cH-][cH+][cH-]3)[cH+][cH-]2)CC1,-3.0012121200561523
guided,Br[c+]1[cH-][cH+][cH-][c+](CCS[CH+][C+]2[N-][C-]([c+]3[cH-][cH+][c-](Br)[cH+][cH-]3)[N-]O2)[cH-]1,-8.82809066772461
guided,Cc1nc(P(=O)(c2ccccc2)c2ccccc2)c(N2CCOCC2)o1,-2.991028308868408
guided,Fc1ccc(-c2cc(CSc3ccc(Cl)cc3)no2)cc1,-9.598755836486816
guided,O=C1c2ccccc2C(=O)N1/N=C\c1ccoc1,-2.1287975311279297
guided,CCSc1nnc2c(Cl)cc(Cl)cn12,-7.130700588226318
guided,CCOC(=O)CCCNC(=O)CCCc1cc(-c2ccc(OCC)cc2)on1,-1.185139536857605
guided,COC1=[C-]C2=C=C(C(=O)C[S+]=c3ccc(C)c[cH-]3)C=CC2=[NH+]1,-4.838043212890625
guided,O=C(OCc1ccc(-n2cnnn2)cc1)c1cc(F)ccc1[N+](=O)[O-],-0.4904962480068207
guided,O=C1c2ccccc2C(=O)N1CSc1nnc(-c2ccco2)n1C[C@H]1CCCO1,-0.895524799823761
guided,[S-][C+](NCCN1CCOCC1)N1C[CH-]OCC1,-5.400399208068848
guided,Cc1nc(N2CCOCC2)nc(C)c1C(=O)N1CCN(c2ccccc2F)CC1,-2.2512028217315674
guided,S=C(NNC(=S)NC1CCCCC1)Nc1ccccc1,-4.0887274742126465
guided,N#CCC(=O)c1ccccc1N1CCOCC1,-3.111332893371582
guided,O=C(O)[C@H]1CCCC[C@@H]1C(=O)NCc1ccccc1,-1.9397352933883667
guided,COc1cc(-c2nc3ccccc3c(=O)n2N)ccc1OCCO,-0.21445539593696594
guided,COc1ccccc1-c1n[nH]c(=S)n1Cc1ccco1,-3.316694498062134
guided,CC(=O)N1c2ccc(S(=O)(=O)NCC3CCCCC3)cc2C[C@@H]1C,-2.2262396812438965
guided,Nc1ccc(F)c(-c2ccc(CC(=O)NCCN3CCOCC3)s2)c1,-1.7220187187194824
guided,CC1=C(C(=O)OC(C)C)[C@H](c2ccc(OC(F)(F)F)cc2)NC(=O)N1,-1.629393458366394
guided,[O-]Cl,-8.509778022766113
guided,C[C@H](OC(=O)Cc1ccccc1)C(=O)N1CCC[C@@H]1CO,-1.7254961729049683
guided,O=C(NC(=S)Nc1nccs1)c1cccs1,-3.2108523845672607
guided,S=C(Nc1ccccc1)N1CCN(C(=S)Nc2ccccc2Cl)CC1,-7.5345611572265625
guided,Cc1ccccc1C(=O)NNC(=O)CCc1ccc2ccccc2c1,-3.2668862342834473
guided,O=C(OCNc1nc(-c2ccccc2)c(C(=O)O)s1)c1ccc(Cl)cc1,-1.8783153295516968
guided,[S-][C]SC[C+]1[CH+][C+](N2CCOCC2)[N-][C+]([c-]2[cH+][cH-][cH+][cH-][cH+]2)[N-]1,-5.279153347015381
guided,C/C(=N\NC(=O)c1ccccc1O)c1cccc(C(=O)NN)c1,-0.3285294473171234
guided,CS(=O)(=O)NCc1nc2ccccc2c(=O)[nH]1,-0.3958170711994171
guided,CN(Cc1ccccn1)C(=O)c1cn(-c2ccc(N(C)C)cc2)c(=O)c2ccccc12,-3.298466205596924
guided,CCN(Cc1nc2ccsc2c(=O)[nH]1)c1ccccc1,-4.024514198303223
guided,COCCN(C(=O)/C=C/c1cccs1)c1nnc(-c2cccnc2)s1,-2.208144426345825
guided,COC1=CC(=C2NCC(=O)OCC(=O)N3c4ccccc4[S+2](=C4C=CC=C[C-]43)O2)C=C(OC)[C-]1OC,-0.6420595049858093
guided,CC(=O)Nc1ccc(S(=O)(=O)Nc2nc3ccccc3s2)cc1,-0.9321956634521484
guided,Cc1cc(NCCc2c[nH]cn2)n2nnnc2n1,-0.4850993752479553
guided,[O-][C+](O)[C-]1[C]N(C([C+]2[CH+][CH-][CH+][CH-][CH+]2)[c-]2[cH+][cH-][cH+][cH-][cH+]2)[CH+][N-]1,-2.3997561931610107
guided,CCOC(=O)c1c(Nc2cccc(OC)c2)c2cc(OC)ccc2[nH]c1=O,-1.1277103424072266
guided,CC(=O)N1CCN(S(=O)(=O)c2c(C(=O)N3CCCCC3)c(C)n(C)c2C)CC1,-0.8163659572601318
guided,Cc1nc(S[C@H](C)C(=O)N2CCCC2)nc(-c2ccccc2)c1C,-4.92557430267334
guided,Cc1ccc(NC(=O)c2ccc3ccccc3c2)cc1Nc1nc(-c2sccc2C)cs1,-8.377218246459961
guided,Cn1c(/C(=N\O)c2ccccc2)nc2ccccc21,-3.7677419185638428
guided,Clc1ccc(NC2=NCCC2)cc1,-8.078716278076172
guided,C/[S+]=C(\[O-])CC(=O)N1CCOCC1,-3.3019702434539795
guided,COc1ccccc1[C@H](CC(=O)Nc1ccccc1F)c1ccc(NC(=O)N2CCOCC2)cc1,-2.587090015411377
guided,COCCN[C-]1[N-][c+]2[cH-][cH+][cH-][cH+]n2[C+]([O-])N1C1CCCCC1,-1.8036991357803345
guided,O=C(NC(=S)NNS(=O)(=O)c1ccccc1)c1ccco1,-0.3064177930355072
guided,O=C(CN1CCOCC1)Nc1cc2oc(=O)oc2cc1Br,-0.5857316851615906
guided,COc1ccccc1N1CCN(S(=O)(=O)c2ccc3ccccc3c2)CC1,-4.062108993530273
guided,CCOc1ccc(N(/C=N/C(=O)C2=CSCCC2)S(=O)(=O)c2ccc3c(c2)OCCO3)cc1,-1.4812198877334595
guided,O=C(c1cccc2nccnc12)N1CCC[C@@H](Nc2cccc(F)c2)C1,-3.2063040733337402
guided,COc1ccc(S(=O)(=O)N/N=C(/C)c2cccs2)c(OC)c1,-1.1944172382354736
guided,CN(C)C(=O)NCc1ccc(S(N)(=O)=O)cc1,-0.4528127610683441
guided,COCCn1c(SCC(=O)NC2CCCCC2)nc2[s+]cc(-c3ccc(C)cc3)c-2c1[O-],-2.3775134086608887
guided,S=C(NCCCN1CCOCC1)N1CCN(c2ccccn2)CC1,-4.247265338897705
guided,CCOc1ccc(/N=C/c2ccc3ccccc3c2OC(=O)c2cccs2)cc1,-7.100666046142578
guided,[O-][C+]1CC([C+]([O-])O)S[C+]([N-][N-][CH+][c+]2[cH-][cH+][cH-]o2)[N-]1,-0.3940407931804657
guided,C[c-]1[cH+][cH-][c+](OC[C-]([O-])NCC2[CH-]CCCN2[C+]([O-])N[C+]2[CH+][CH-][CH+][CH-][CH+]2)[cH-][cH+]1,-0.7310491800308228
guided,[CH2-][P+]([O-])(N[c+]1[cH-][cH+][c-](Cl)[cH+][cH-]1)O[c+]1[cH-][cH+][cH-][cH+][cH-]1,-5.150736331939697
guided,CCCn1c([C@@H]2CCCN2c2nc(C)cs2)nc2cc(Cl)c(Cl)cc21,-8.714163780212402
guided,FC(F)(F)[c-]1[n-][c+](NC[C+]2[CH+][CH-][C+]3OCO[C-]3[CH+]2)[c+]2[n-][n-][n-][c+]2[n-]1,-0.3346259295940399
guided,[O-][C-](O)[C+]1[C][c+]2[c+]([n-][c-](C(F)(F)F)[cH+][c-]2C2CCN(C[c-]3[n-][n-][n-]n3C[c+]3[cH+][cH+][cH+]s3)CC2)S1,-0.4540780186653137
guided,O[C@H](c1ccc(Cl)cc1)[C@H](O)c1nc2ccccc2[nH]1,-2.015859603881836
guided,COCCOC(=O)c1cn(CC(=O)c2cc(C)n(C)c2C)c2ccc(OC)cc12,-1.884266972541809
guided,O=C(NNS(=O)(=O)c1cccc2nsnc12)c1ccccc1,-0.288449227809906
guided,[CH2-]CCC1=[S+2]=C(NC(=O)c2ccc(CSCCOC)cc2)N=[C-]1,-3.573716640472412
guided,N#Cc1ccc(/C=C/c2ccccc2)[nH]c1=O,-2.952509880065918
guided,[F-],-5.0
guided,O=C(c1cn(CC(=O)N2CCCCC2)c2ccccc12)C1CC1,-5.072710990905762
guided,Cc1ccc(C)c(S(=O)(=O)n2nc(-c3ccccc3)cc2N)c1,-1.3771588802337646
guided,[H]/[O+]=C1/C=CC=C(/[C-]=C/C(=O)O)/C1=C\N=[NH+]\c1cc(Cl)ccc1O[CH2-],-0.5344076156616211
guided,CCOc1ccccc1-n1c(=S)sc2c(=O)n(-c3ccc(F)cc3)c(SCC(=O)O)nc21,-2.193209171295166
guided,O=C(c1cccn1Cc1ccccc1)N1CCN(c2nc3ccccc3o2)[C@H](O)C1,-1.4958679676055908
guided,Clc1ccccc1OCCCCn1cnc2ccccc21,-8.491682052612305
guided,O=C(N/N=C/c1cc2cc3c(cc2[nH]c1=O)OCO3)[C@H](O)c1ccccc1,-0.30152592062950134
guided,[O-][C+](O)C1(S[CH-]O)CC(O)C(O)C(O)O1,-0.5911551117897034
guided,COc1cccc(C(=O)OCC(=O)NCC(C)C)c1OC,-1.196912169456482
guided,CCOC(=O)N1CCN(C(=O)Cn2c(=O)[nH]c(=O)c3sccc32)CC1,-0.3465735912322998
guided,O=C(NCCN1CCOCC1)c1ccc2c(c1)N(Cc1ccc(Cl)cc1)C([O-])=c1ccccc1=[S+]2,-1.718186616897583
guided,CC1CCCN([C]2[CH][CH][C]([C+]([O])N[C]3[CH][CH][CH][CH][C]3N3CCOCC3)[CH][C]2N([O-])[O-])C1,-0.6384984254837036
guided,C=[O+]C.[O-]P(c1ccccc1)c1ccccc1,-5.7175679206848145
guided,CCO[C]1[CH][C](N[C+](C)[O])[CH][CH][C]1N[C]([O])[C]1[CH][CH][C]([C]2[CH][CH][CH][CH][C]2N([O-])[O-])O1,-0.6860900521278381
guided,CCOc1ccc(NC(=O)CN(Cc2ccco2)C(=O)CCN2C(=O)COc3ccccc32)cc1,-0.9712623953819275
guided,COc1ccc(NC(=O)N[C@@H](C)c2ccc3ccccc3c2)cc1,-5.056821823120117
guided,Fc1ccc(OCc2cc(/C(Br)=N/OCc3ccco3)no2)c(F)c1,-2.8617026805877686
guided,[OH-],-7.230311870574951
guided,Cc1nn(Cc2ccccc2)c(C)c1NC(=O)C1CC1,-4.262348651885986
guided,Cc1nc(N)sc1[C@@H]1C=COC2=C1C(=O)CC(C)(C)C2,-2.5781726837158203
guided,COc1c(Cl)ccnc1NC(=S)Nc1ccc2ccccc2c1,-5.584390163421631
guided,COc1ccc(S(=O)(=O)N[C@H](C)C(=O)NCc2ccco2)cc1O,-0.28169578313827515
guided,COc1ccc(NC(=O)C2CCCC2)cc1S(=O)(=O)N(C)CC(=O)O,-0.3481708765029907
guided,O=S(=O)(/[NH+]=C\c1ccccc1-c1[c-]cccc1)c1ccc(-c2ccccc2)cc1,-4.615730285644531
guided,Nc1cccc(C(=O)c2ccccc2)c1,-4.658247947692871
guided,S=C(NCc1ccccc1)Nc1cccc(Cl)c1Cl,-9.084486961364746
guided,NNc1ncc(C(=O)N[C@]23C[C@H]4C[C@H](C[C@H](C4)C2)C3)s1,-1.077126145362854
guided,NS(=O)(=O)c1ccc(/N=N\c2sc(Nc3ccccc3)nc2-c2ccccc2)cc1,-2.9247922897338867
guided,COCCCNCN1C(=O)[C@H]2CC=CC[C@H]2C1=O,-2.589928388595581
guided,Cc1cc(C(F)(F)F)nn1CC(=O)Nc1cccc(S(=O)(=O)N(C)C)c1,-0.7554180026054382
guided,Cc1c(C)n(C)c2ccc(N(C)/N=C3\CCS(=O)(=O)c4sccc43)cc12,-3.8435235023498535
guided,CC(=O)Nc1ccc(/N=C2\SC(=C(C)C)C(=O)N2c2ccc(O)cc2)cc1,-2.132225513458252
guided,S=C(SCCCl)N1CCCC1,-12.477081298828125
guided,O=C(NCCSc1c[nH]c2ccccc12)c1ccc(Nc2ccc(F)cc2)cc1,-5.190960884094238
guided,O=S(=O)(Cc1ccccc1)N1CCC(N2CCN(c3cc[c-]cc3)CC2)CC1.[H+],-4.553940773010254
guided,[CH2-]O[c+]1[cH-][cH+][cH-][cH+][c-]1N1CCN([S+2]([O-])([O-])[c+]2[cH-][cH+][c-]3o[c+]4[cH-][cH+][cH-][cH+][c-]4[c+]3[cH-]2)CC1,-2.327739953994751
guided,CCCc1nc2ccccc2n1CC(=O)NN,-1.2315378189086914
guided,[CH-]1CCCCC1.[O-]/[P+](=[NH+]\c1nccs1)c1ccccc1,-3.645040273666382
guided,Clc1ccc(OCCCCCN2CCOCC2)c(Cl)c1,-9.043173789978027
guided,COC(CNC(=O)c1cccc([N+](=O)[O-])c1C)OC,-0.4970864951610565
guided,NS(=O)(=O)c1ccc(C/N=[C-]\n2cccn2)cc1.[H+],-0.4518525004386902
guided,O=C(Nc1ccc(-n2cnnn2)cc1)c1ccc(Cl)cc1Cl,-1.8826433420181274
guided,O=C(O)CCCn1nnc2ccccc21,-1.6686915159225464
guided,Brc1cccc(NCc2ccncc2)c1,-8.131068229675293
guided,[O-]N([O-])[C+]1[C+](NCCO)[C][C+](S[C+]2[N-][C+]3[CH+][CH-][CH+][CH-][C+]3N2)[C-]2[N-]O[N-][C+]12,-0.5519800782203674
guided,Nn1c(COc2ccccc2)nnc1SC(F)F,-1.902816653251648
guided,CCOc1cc(/C=N/O)ccc1OCc1ccc(Cl)cc1,-4.5348310470581055
guided,COCCOCCCNC(=O)C1=CCN(S(=O)(=O)c2ccc(OC)cc2)CC1,-0.36952418088912964
guided,CCOc1ccc(C(=O)N[C@@H](CCSC)C(=O)N[C@@H](C(=O)OC)C(C)C)c(C)c1,-0.702843964099884
guided,C=[N+]1C[C@@]2(C)CN(CC(CCC)=C2[O-])C12CCCCC2,-6.930681228637695
guided,CN(C)S(=O)(=O)Nc1ncccn1,-1.1451747417449951
guided,Cc1cc(C(=O)Nc2ccc3nc(C)oc3c2)n(-c2ccccc2C)n1,-2.4254465103149414
guided,[O-]N([O-])[c+]1[cH-][cH+]n2[c+]([cH+][cH-][cH+][c-]2[S+2]([O-])([O-])[c+]2[cH-][cH+][cH-]s2)[n-]1,-0.44433021545410156
guided,NS(=O)(=O)c1cccc(NC(=O)COc2ccc(Br)cc2Cl)c1,-0.6693905591964722
guided,NS(=O)(=O)c1ccc(NS(=O)(=O)c2ccc(Cl)c(C(=O)O)c2)cc1,-0.37614670395851135
guided,[O-][C+](NC[CH-]O[c+]1[cH-][cH+][cH-][c+]2[cH-][cH+][cH-][cH+][c-]12)[c+]1[cH-][cH+][cH-]s1,-4.588562965393066
guided,O=c1oc2ccc(Cl)cc2cc1-c1ccccn1,-5.087846279144287
guided,COCCc1ncc(CN2CCCCCC2)c(C)n1,-5.358068943023682
guided,C[C@H](c1ccccc1)c1cncc(Br)c1,-10.947617530822754
guided,C[C]1[CH][CH+][C]2[N][CH][N][C](N[C]3[CH][CH][CH][C](N([O-])[O-])[CH]3)[C]2[CH]1,-0.6725687384605408
guided,CNC(=S)NCc1ccc(OC)cc1,-5.9573163986206055
guided,CO[c-]1[cH+][cH-][cH+][c-]2[c+]1[N-][C-]([O-])[C+]([S-])N2,-2.5183522701263428
guided,Fc1ccc(Oc2cnc3ccccc3n2)c(F)c1,-6.479904651641846
guided,[CH2-]CS[C]1[N][C][OH+][OH+][C]2[CH][CH][C]([CH][CH]2)CCN[C+]([O-])CCN1,-0.76082843542099
guided,NS(=O)(=O)c1ccc2c(c1)CCCN2c1ncn[nH]1,-0.36208245158195496
guided,O=C(NCCCCO)c1ccc(Br)s1,-3.799670696258545
guided,COc1ccc(CN(C)Cc2nnc(SCC(=O)N3CCCCc4ccccc43)o2)cc1Br,-3.1666858196258545
guided,Cc1ccc(N(C)S(=O)(=O)c2ccc3c(c2)CCC(=O)N3)cc1C,-2.1928257942199707
guided,Cc1ccc(S(=O)(=O)N(CC(=O)Nc2ccc(OC[C@@H]3CCCO3)cc2)c2ccc(Br)cc2)cc1,-2.6813502311706543
guided,COc1ccc(NC(=O)Nc2ccc3c(c2)CCC3)c(OC)c1,-3.2940497398376465
guided,FC(F)Oc1ccc([C@H](CCN2CCCC2)c2ccc(Cc3ccccc3)cc2)cc1,-13.620859146118164
guided,Cc1cc(C(=O)Nc2cccc(Cl)c2)on1,-3.295289993286133
guided,CC(=O)Nc1cccc(/N=N/N2CCOCC2)c1,-1.8529396057128906
guided,[OH-],-7.230311870574951
guided,OCCOc1ccc(Sc2ccc(Br)cc2)cc1,-7.658724784851074
guided,[OH-],-7.230311870574951
guided,CCC(/C=N/NC(=O)CCc1cccc2ccccc12)CC,-5.929750919342041
guided,COc1ccc(NC(=S)c2ccccc2)c([N+](=O)[O-])c1,-2.599480628967285
guided,COC1(N(C(=O)Cn2nnc3ccccc32)c2cccc3ccccc23)CCCCC1,-4.138330936431885
guided,CC/[O+]=C1/C=C=C(NN(/C=C\c2ccccc2)c2c([O-])[nH]c([O-])[n+](C)c2=O)C=C1,-0.33701828122138977
guided,O=c1cc2c(n[nH]1)-c1ccccc1CC2,-4.08209228515625
guided,[O-][S+2]1([O-])OCCC([c+]2[cH-][cH+][cH-][cH+][cH-]2)N1CCC([c+]1[cH-][cH+][cH-][cH+][cH-]1)N1[CH-][CH+][CH-][CH+][CH-]1,-3.294776439666748
guided,COc1c(C)oc(CCc2ccc(Cl)cc2)c1OC(F)F,-7.836948394775391
guided,COc1cc(OC)cc(-n2c(SCC(=O)Nc3nccs3)nc3cc(OC)c(OC)cc3c2=O)c1,-1.0415006875991821
guided,O=C(NCc1cccnc1)[C@@H]1CCCN(S(=O)(=O)c2cnc[nH]2)C1,-0.31497010588645935
guided,[H]/N=c1\n(C)c2ccccc2n1CCOCc1cccnc1,-2.833836078643799
guided,CCOc1ccc(CN(C)CC(=O)NCc2ccc(Cl)cc2Cl)cc1,-5.763247966766357
guided,Cc1ccc(-n2cc(CN[C@@H](C)CCN(C)C)c(-c3cccc(C)c3)n2)cc1,-7.435340881347656
guided,CSc1ccccc1NC(=O)COC(=O)c1ccc2c(c1)CCN2S(=O)(=O)c1ccc2ccccc2c1,-2.3972866535186768
guided,[N-2][C][C+]([C][N-2])CC[C+]([O-])N[c+]1[n-][n-][cH+]s1,-0.37652388215065
guided,O=C(c1ccc(NCCCn2ccnc2)c([N+](=O)[O-])c1)N1CCCC1,-0.6593321561813354
guided,CNC(=O)C/[S+]=c1\nc2[nH]ncc2c([O-])n1-c1ccc(F)cc1,-0.3297777473926544
guided,O=[N+]([O-])c1ccc(Cl)c(-c2ccc(C(=S)N3CCOCC3)o2)c1,-2.3394553661346436
guided,COc1ccc(NC(=O)CCCNC(=O)Cc2cccc3ccccc23)cc1OC,-1.9590481519699097
guided,CC(=O)O[C@H]1CSC[C@H]1C[N+](=O)[O-],-1.7014262676239014
guided,COc1cccc(NC(=S)NCc2ccc(F)cc2)c1,-6.548816204071045
guided,COCCOCC(=O)Nc1cccnc1Cl,-2.2906672954559326
guided,CN1C(=O)/C(=C\Nc2cccc(Cl)c2)C(=O)NC1=S,-2.2375380992889404
guided,O=C(O)c1cccnc1SCc1ccccc1F,-4.034680366516113
guided,[O-][C][C+]1[CH+][c-]2[cH+][cH-][cH+][cH-][c+]2[N-][C+]1SC1CCCCC1,-6.272649765014648
guided,N#CCCN1CCCc2cc(NCc3ccccc3)ccc21,-6.020829677581787
guided,FC(F)(F)[C]1[N][C][CH][N+]1CCC[C]1[CH][CH-][CH][S+]1,-8.616178512573242
guided,CN(C)S(=O)(=O)c1ccc(N2CCCC2)c(C(=O)N2CCCC2)c1,-2.3566648960113525
guided,[CH][O+](N)C[C]1[CH][CH][C](N(C[C]2[CH][CH][C](OC[C]3[CH][CH][CH][CH][CH]3)[C](OC)[CH]2)[C]([O])OC)[C](C)[CH]1,-1.418668508529663
guided,COc1ccc(-n2c(SCC(=O)N3CCOCC3)nnc2-c2cccs2)cc1,-1.894487738609314
guided,Cc1cc(NS(=O)(=O)c2ccccc2)cc(Cl)c1O,-2.3050429821014404
guided,O=c1oc2ccccc2c(NC2CCCCCC2)c1[N+](=O)[O-],-1.567018747329712
guided,O=C(O)CC1(CC(=O)Nc2ccc3c(c2)OCO3)CCCCC1,-1.1939846277236938
guided,O=C(C/[S+]=c1\nc2ccsc2c([O-])n1-c1ccc(C(=O)O)cc1)NCc1ccco1,-0.4981133043766022
guided,O=C(c1ccccc1)c1ccc(OCc2ccc(C(=O)N3CCOCC3)cc2)cc1,-3.801957607269287
guided,FC(F)Oc1cccc(/N=C2/NN=C(c3cccs3)CS2)c1,-5.118813991546631
guided,O=[N+]([O-])c1nccn1C[C@H](O)Cn1cccc1-c1ccccc1,-0.7317094206809998
guided,CCc1nc(N)nc(Nc2cccc(C)c2)n1,-1.1363180875778198
guided,CC(C)[C@@H](CN1C(=O)C(=O)NC[C@@H]1[C@H](C)O)c1ccccc1,-1.4937331676483154
guided,Brc1cccc(Oc2cccc3nc(-c4ccncc4)nn23)c1,-4.5102715492248535
guided,O=[N+]([O-])c1c(NCCCCOc2ccccc2)ccc2nonc12,-0.9677147269248962
guided,COc1ccccc1[C@@H]1C2=C(Nc3nc(CCCO)nn31)c1ccccc1CC2,-2.0504977703094482
guided,O=S1(=O)Sc2ccccc2[S@](=O)(=[NH+]C2CC2)OC12C=CC(=[S@](=O)([O-])N1CCCCC1)C=C2,-0.37887653708457947
guided,COc1ccc(/C=N/NC(=O)CNC(=O)c2ccc(S(=O)(=O)N3CCOCC3)cc2)cc1OC,-0.27544546127319336
guided,COC[C@H](C)NC(=S)NC(=O)[C@H]1CC=C(S(=O)(=O)N2CCOCC2)CC1,-0.48364195227622986
guided,[C-][C][C]([OH+])[C]C[C-][O+][C]C(C)[O+][C][O+][C]1OC(CO)C(O)C(O[C]([O])C2C[C]3[C](CCCC3(C)CO)CC2C)[C]1O,-0.8482482433319092
guided,ON1[C-]=[N+](O)[C@H]2CCCC[C@H]21,-4.1851806640625
guided,N[P@@](=O)(OCC(F)(F)F)Oc1cccc(Cl)c1,-2.929360866546631
guided,NNC(=O)Cc1c[nH]c2ccccc12,-1.4302438497543335
guided,N[C]([O-])[C]1CCN(C(CCN[C]2[CH][CH][N][C]3[CH][CH][C](N4[N][N][N][C]4N[C]4[C][C]([O-])CCC4)[CH][C]32)[C+]2[CH][CH][CH][CH][CH]2)CC1,-0.5572047233581543
guided,O=C(Oc1ccc2ccc(=O)oc2c1)c1cccc2ccccc12,-3.8713371753692627
guided,[C-3]C[C-][C+]1[C-][C+]2[C]([O])[C](OC)[C]([C]([O])O[C][C][CH][CH][CH][C][CH2])[O+][C]2[C](OC)[C]1O,-0.7110482454299927
guided,CCOc1ccc(CNC(=O)CCC(=O)Nc2nnc(CC(C)C)s2)cc1,-0.9372473359107971
guided,NC(=O)c1cnn(-c2nc3c(N)ncnc3n2CC(=O)c2ccc(F)cc2)c1,-0.3046801686286926
guided,[O-][C+](NN[c-]1[cH+][cH-][cH+][c-]2[cH+][cH-][cH+][n-][c+]12)[C-]1[C][C+]2S[CH+][CH-][C+]2N1C[c-]1[cH+][cH-][cH+][cH-][cH+]1,-2.4315073490142822
guided,COc1ccccc1N(CC(=O)N1CCCC1)S(=O)(=O)c1ccc(Br)cc1,-2.280552387237549
guided,O=C(CSc1nc(-c2ccccc2)cc(-c2cccs2)n1)Nc1cccc2c1CCCC2,-6.498440265655518
guided,COCCN(C(=O)Nc1ccc(OC)c(Cl)c1)c1nc2ccccc2s1,-3.48634934425354
guided,C[C@@H](C(=O)N1CCOCC1)N1C(=O)/C(=C\c2ccccc2)SC1=S,-3.6584508419036865
guided,NN/C(=N\c1ccc(Cl)cc1)C(F)(F)F,-3.781497001647949
guided,Clc1ccccc1COCCN1CCc2ccccc2C1,-10.931631088256836
guided,O=C(Nc1ccc(S(=O)(=O)NC[C@@H]2CCCO2)cc1)c1cccc2c1N(S(=O)(=O)c1ccc(Cl)cc1)CCCC2,-1.8910547494888306
guided,[O][C](CN[C+]([O])[C]1[CH][CH][CH][CH][C]1F)OC[C]([O])[C]1[CH][CH][C](N([O-])[O-])[CH][CH]1,-0.5735518336296082
guided,COCCN1CN=C(Nc2nc(C)cc(C)n2)NC1,-1.1640936136245728
guided,F[C@@H]1CCCN([C@@H](c2ccccc2)c2nnnn2CCc2ccccc2)C1,-4.573770523071289
guided,CO[c+]1[cH-][c+]([C-]([O-])[N-]C2C[CH+]CN(C[C+]([O-])N3CCCC3)C2)[cH-][cH+][c-]1OC.[H+].[H+].[H+],-0.6186087727546692
guided,CCO[C-]1[CH+][CH-]N([c+]2[cH-][cH+][cH-][cH+][c-]2[C][N-2])[c+]2[n-][cH+][n-]n21,-1.7288707494735718
guided,CO[c+]1[cH-][c+]2[c-]([cH+][c-]1OC)CCN(C[C-]1[N-]CCN1)C2CC(C)C.[CH-3].[H+].[H+],-4.549722671508789
guided,Cc1cc(C)nc(N2CCC(C(=O)Nc3ccc4c(c3)OCCO4)CC2)n1,-1.3005160093307495
guided,O=C(Oc1ccc(N2CCC3(CC2)OCCO3)c(Cl)c1)c1ccccc1,-4.7068376541137695
guided,NNC(=O)COc1ccc2c(c1)C(=O)c1ccccc1-2,-0.7140823602676392
guided,CNC(=O)CCn1nc(-c2ccc(C)cc2)c2ccccc2c1=O,-2.156076669692993
guided,[CH2-]Cn1[c+]([O-])[c+]([CH-]CC(C)C)[c+]([N-]N[C+]([O-])[c+]2[cH-][cH+][cH-]s2)[c+]1[O-],-0.38086384534835815
guided,CCCCNC[C@H](O)COc1ccc(Br)cc1,-4.97907018661499
guided,[CH2][CH][C]([O])OCC(C)O[C]([C][C-][N+]1[CH]C(N[C](C)[O])O[C]O1)OC(C)C.[H+],-0.5526092648506165
guided,O=C(Nc1ccc(Cl)cc1)[C@H]1CCCN1C(=O)c1cccc(OC(F)F)c1,-3.6716148853302
guided,CN(CC(=O)N1CCN(C/C=C/c2ccccc2)CC1)S(=O)(=O)c1ccc2c(c1)OCCO2,-0.9068318009376526
guided,COc1ccc(OCCC(=O)NC2CCCCC2)cc1,-4.189551830291748
guided,[OH-],-7.230311870574951
guided,[O-]C1(C(F)(F)[C]O)CCNCC1,-3.101332664489746
guided,COc1ccccc1N(CC(=O)NCc1ccc(C)cc1)S(C)(=O)=O,-1.137718677520752
guided,C[C@@H]1CN(S(=O)(=O)c2ccc(S(=O)(=O)N3CCCC3)cc2)C[C@H](C)O1,-0.7301324605941772
guided,N[C-]([O-])[CH+][N-]C1C[c+]2[cH-][cH+][cH-][cH+][c-]2CC1[C+]([O-])N[C+]1[CH+][CH-][CH+][CH-][C+]1[c-]1[cH+][cH-][cH+][cH-][cH+]1.[H+],-0.3850557506084442
guided,Clc1cccc(Cl)c1Cn1ncc2ccccc21,-10.182624816894531
guided,[O-][S+]([O-])N(C[c+]1[cH-][cH+][cH-]o1)C[c+]1[cH+][n-]n(-[c+]2[cH-][cH+][cH-][cH+][cH-]2)[c-]1-n1[cH+][cH-][cH+][cH-]1,-0.941032350063324
guided,Clc1ccccc1-c1nc2cc(Br)ccc2[nH]1,-8.360397338867188
guided,Cn1nc(C(=O)Oc2ccc(F)cc2Br)c2ccccc2c1=O,-2.679323434829712
guided,NS(=O)(=O)c1ccc(CNC(=O)Nc2cccc(Cl)c2)cc1,-0.5344513058662415
guided,COCCCOc1cccc2cccnc12,-6.503942966461182
guided,Cc1cccc(COc2ccc(C(=O)N3CCOCC3)cc2)c1,-5.493411064147949
guided,COc1ccccc1OCc1nnc(SCC(=O)NC2CCCC2)n1C,-1.1395847797393799
guided,O=[N+]([O-])c1ccc(O)c(-c2nncc3c(-c4ccccc4)cccc23)c1,-2.0361013412475586
guided,CCOc1ccc2ccccc2c1[C@@H](NC(=O)Nc1ccc(F)cc1)c1ccccc1,-6.842222213745117
guided,Fc1ccc(CCNCCCCN2CCCCC2)cc1,-9.975502014160156
guided,CC(C)=C([O-])N1NN=C2N=CN=[N+]2[C@H]1NS(=O)(=O)c1ccc(C)cc1,-0.37729811668395996
guided,COc1ccc(OC)c(N(CC(N)=O)S(=O)(=O)c2ccc(OC)c(OC)c2)c1,-0.2939346432685852
guided,[O-][S@+](Cc1ccccc1)CC(O)(c1ccccc1)c1ccccc1,-5.367384433746338
guided,CCCn1c(S[C@@H](C)C#N)nc2ccccc2c1=O,-2.828856945037842
guided,COc1ccc(N(CC(=O)NCC2CCCCC2)S(=O)(=O)c2c(C)noc2C)cc1,-0.8963249325752258
guided,CCOc1cc(S(=O)(=O)N(CC(=O)NCCCOC)c2ccccc2)ccc1Cl,-1.0860685110092163
guided,COCCNC(=O)c1oc2ccccc2c1-n1cc(CN2CCCCCC2)c(-c2ccc(F)cc2)n1,-3.319444179534912
guided,COc1ccc2c(c1OC)C(=O)O[C@H]2Nc1nc(-c2ccc(NC(C)=O)cc2)cs1,-1.377345085144043
guided,O=C(c1ccc(Br)s1)N1CCN(S(=O)(=O)c2ccc(Cl)cc2)CC1,-3.236191749572754
guided,COc1ccc(/C=N/N2C(=O)CSC2=S)cc1CN(C)C,-4.179591178894043
guided,N[C@H](C(=O)O)c1nnc(SCc2cc(=O)n3ccsc3n2)o1,-0.3538733720779419
guided,O=C(OCC(=O)N1CCCC1)c1cccs1,-3.9692580699920654
guided,COC(=O)c1sccc1NC(=O)CCN1CCOCC1,-1.5782934427261353
guided,CO[C]1[CH][CH][C]([CH+][N]N[C]([O])CN[C]2[CH][CH][C]([CH][O])[CH][CH]2)[CH][C]1N([O-])[O-],-0.5391006469726562
guided,O=S(=O)(Nc1ccnn1-c1ccccc1)c1ccccc1,-2.2615957260131836
guided,CCN(C(=O)c1ccc(Cl)c(N)c1)c1cccc2ccccc12,-5.630837440490723
guided,COc1ccc(CNCC(C)C)cc1OCc1ccc(Cl)cc1,-8.015042304992676
guided,[N]S([O-])([O-])[C+]1[CH][CH]N2[CH][CH][CH][C]2[C]1CCO[C]1[CH][CH][CH][C]2[CH][CH][CH][N][C]21,-0.6191110014915466
guided,CCN(CC)CCCNC(=O)c1ccc2c(c1)NC(=O)/C(=C\c1cccc(C)c1)S2,-3.661832094192505
guided,O=S(=O)(NCCCc1ccc(Nc2ccccc2)cc1)c1ccccc1F,-3.975468873977661
guided,COc1ccccc1NC(=O)C1=CC(OCCC(=O)Nc2cc(C)on2)=CC(=O)C1=O,-0.3411286175251007
guided,Cc1cccn2c(CN3CCOCC3)c(C(=O)Nc3ccc(Cl)cc3)nc12,-3.076026201248169
guided,COC1=CC2[C@@](N=C=[N+](CCN(C)C)Cc3cc4cc(OC)ccc4[nH]c3=O)(C=C1)S2(N)(=O)[O-],-0.2876430153846741
guided,COc1cccc(N2CCN(c3nccs3)CC2)c1,-6.8901519775390625
guided,[O][C]([N-]C[C]1[CH][CH][CH][C]2[CH][CH][CH+][C-][C]21)N[C]1[N][CH][C](Br)[CH][N]1,-1.519870638847351
guided,CCCOc1ccccc1/C=C/C(=O)O,-4.246557712554932
guided,C=CCN(C(=O)C/[S+]=c1\nc2[nH]ncc2c([O-])n1Cc1ccc(F)cc1)c1ccccc1,-0.7977362871170044
guided,COc1cc(/C=C2/C(=O)N(c3ccccc3)N=C2C)cc(OC)c1OC,-3.0090067386627197
guided,NS(=O)(=O)c1ccc(S(=O)(=O)[N@H+]2C3=C(N4CCCCC4)C([O-])=C4C=C[C-]5C=CC=CC5=C4[S@SP1+]32)cc1,-0.3921539783477783
guided,CCC(=O)Nc1nc(C(F)(F)F)cs1,-4.9325947761535645
guided,CC(=O)Nc1ccc(OCc2cn3ccccc3n2)cc1,-3.1361730098724365
guided,Cc1cc(C(=O)OCC(=O)NC2CCCC2)nc(C)n1,-0.8088286519050598
guided,Cc1cc(N2CCOCC2)nc(SCC(=O)CC(=O)OC(C)C)n1,-0.8449070453643799
guided,O=C(NCc1cccnc1)c1noc2c1CCCC2,-1.7176909446716309
guided,CCC(=O)c1cn(CC(=O)NCc2ccc(F)cc2)c2ccccc12,-4.125572681427002
guided,COc1cc(S(=O)(=O)N(C)CCO)c(OC)cc1Br,-1.071036458015442
guided,COc1ccc(S(=O)(=O)[C@H](C#N)c2nc3ccccc3nc2N2CCOCC2)cc1,-0.5087538957595825
guided,CCCOC(=O)C1=C(C)/C(=C(\[O-])N(C)C)[S+]=C1NC(=O)CCS(=O)(=O)c1ccccc1,-0.3129865825176239
guided,COc1ccc(NS(=O)(=O)c2cccc3nonc23)cc1N1CCN(C)CC1,-0.24727246165275574
guided,[CH2+]CC[C-](C[CH+]O[S+]([O-])[O-])[c+]1[cH+][n-][cH-][cH+][cH-]1.[H+],-1.6229174137115479
guided,COc1ccc(-c2nc(C#N)c(N3CCC(C(N)=O)CC3)o2)cc1OC,-0.34473535418510437
guided,COc1cc(Br)cc(Br)c1OCC(=O)N/N=C(\C)c1cccc([N+](=O)[O-])c1,-1.4482743740081787
guided,COCn1c(CN2CCN(c3ccccc3OC)CC2)nc2ccccc21,-4.756329536437988
guided,Cc1cc(C)cc(N(C(=O)c2nsc(Cl)c2Cl)[C@H](C(=O)NC2CCCC2)c2ccc(O)cc2)c1,-4.068029403686523
guided,CCC(=O)OCC1=CC2=CC(=O)CC(=O)C2=C(C)O1,-1.6807656288146973
guided,COCC(=O)N[C@@H]1C[C@H]2CCC[C@@H](C1)N2Cc1ccccc1,-4.796203136444092
guided,[CH2-]N(c1ccc(C2=[NH+]c3ccc[c-]c3[S@SP3+](C)O2)cc1)S(C)(=O)=O,-2.2483644485473633
guided,S=C(Nc1ccc(Cl)cn1)N[C@@H]1CCCC2(CC1)OCCO2,-3.4153223037719727
guided,C=C1C=C[CH-]C=C1.[O+]#P(c1cc[c-]2nc(Cl)[s+]c2c1)c1ccccc1Cl,-9.359236717224121
guided,COCCNC(=S)NC(=O)c1ccccc1Br,-3.502124547958374
guided,CNC(=S)N(Cc1cc(OC)c(OC)c(OC)c1)Cc1cccs1,-5.000520706176758
guided,S=C(/C=C\n1cnc2ccccc21)Nc1cccc(Br)c1,-8.152286529541016
guided,[C-2][CH+]C[CH][CH][C-]([CH][C](Cl)Cl)C1[CH][CH][C]([O])C1.[H+],-9.621048927307129
guided,Cc1nn(-c2ccccc2)c(N(C)CCc2ccc(F)cc2)c1Cl,-9.751089096069336
guided,O=C(CN(CCO)C(=O)c1ccc(F)cc1F)OCc1ccc(F)cc1,-1.9196748733520508
guided,CC1=CC=[C+](N[C+]([O-])NN/C([O-])=C2\[C]C=CC(COC/[O+]=c3/c(F)cc(F)c[c-]3Br)=C2)C(C)=C1,-0.5106071829795837
guided,COc1ccc(C(=O)[C@H](O)c2cccc(OC)c2)cc1,-3.0462570190429688
guided,[CH2-]n1[c+]([O-])n(CCCO[c+]2[cH-][cH+][cH-][cH+][c-]2N([O-])[O-])[c-]2[cH+][cH-][cH+][cH-][c+]21,-0.7057929635047913
guided,COCC[C-]([O-])N1CCCC([C+]([O-])N[CH+]CN2CCOCC2)C1,-0.8053749799728394
guided,NS(=O)(=O)c1ccc(CNS(=O)(=O)c2ccc3nc(C(=O)c4ccccc4)cc(C(=O)O)c3c2)cc1,-0.4972389042377472
guided,N[S+2]([O-])([O-])[c-]1[cH+][cH-][c+](CCN[C-]([O-])CS[C][N-][c+]2[cH+][cH+][c+](O)[cH-][cH+]2)[cH-][cH+]1,-0.35765430331230164
guided,Clc1ccc(N/N=C/c2cccnc2)cc1Cl,-6.298699855804443
guided,Clc1cccc(CSCc2cc(Cl)ncn2)c1,-8.5564603805542
guided,O=S(=O)(Cc1ccccc1)c1ccc(S(=O)(=O)N2CCOCC2)cc1,-0.8210553526878357
guided,Cn1c(=O)n(Cc2ccccc2F)c2ccccc21,-7.26241397857666
guided,Cc1ccccc1C(=O)Nc1ccc(S(=O)(=O)NC2=NCCCCC2)cc1,-1.2386270761489868
guided,Cc1ccn(-c2ccc(C(=O)NCCCN3CCN(c4cccc(Cl)c4)CC3)cc2)n1,-3.9071600437164307
guided,NC(=S)NNC(=O)c1cc(-c2ccc3ccccc3c2)n[nH]1,-0.37892359495162964
guided,O=C(Nc1ccc(OCc2ccccc2)cc1)C1CCN(c2ncccn2)CC1,-2.5797665119171143
guided,C[C@@H](OC(=O)c1cccc(-n2cnnn2)c1)C(=O)NCc1ccccc1,-0.32461753487586975
guided,CCC(=O)NCCCc1ccc2c(c1)OCO2,-3.885451078414917
guided,CN1C(=O)N(C)C(=O)C(CCc2nc3ccccc3s2)([C@@H]2C(=O)NCCN2c2ccccc2)C1=O,-0.43910494446754456
guided,CCOc1cc(-c2ccc(=O)[nH]n2)ccc1OCc1ccc(F)cc1Cl,-3.1741325855255127
guided,N[P@@](=O)(Oc1ccccc1)Oc1ccccc1Cl,-3.1747379302978516
guided,COC(=O)/C(=N/O)C(=O)NNC(=O)c1c(F)cccc1F,-0.40326690673828125
guided,COCCn1c(Cc2ccc(F)cc2)n[nH]c1=S,-4.681931018829346
guided,Clc1cccc(Cl)c1Cn1nnc(-c2ccc([N+]#[N+]c3[c-]c[c-]cc3)cc2)n1.[F-].[H+],-3.6916890144348145
guided,NS(=O)(=O)c1ccc2[nH]cc(/N=N/C3CCCCCC3)c2c1,-1.2261093854904175
guided,Cc1cc(/C=N/N2CCN(C)CC2)c(C)[nH]1,-5.743299961090088
guided,[CH2-]N[N-][C+](C)[c+]1[cH+][n-][nH][c-]1C1CCCCC1,-3.3487043380737305
guided,CCOC(=O)c1[nH]cnc1C(=O)N1CCOCC1,-0.7358061075210571
guided,O=C(C1CCN(S(=O)(=O)c2cc(Cl)ccc2Cl)CC1)N1CCN(c2ccccc2)CC1,-3.1425743103027344
guided,CCCCC(=O)N/N=C/c1ccc(C(=O)OC)cc1,-1.814452886581421
guided,CCOCC(=O)Nc1ccc(C)cc1Cc1ccccc1,-5.835052967071533
guided,CO/N=C/NC(=O)NOCc1c(Cl)cccc1Cl,-1.6190357208251953
guided,COc1ccc([C@H]2NCc3ccccc3-n3cccc32)cc1,-7.977612018585205
guided,O=C(CCl)Nc1ccccc1C(=O)Nc1ccccc1C(=O)O,-0.7332243323326111
guided,COc1c(Br)cc(Cl)cc1C(=O)O,-4.4350690841674805
guided,[CH2-][c+]1[cH-][cH+][c-]([C+]([O-])OC[C+]([O-])N[c+]2[cH-][cH+][cH-][cH+][c-]2F)[cH+][cH-]1,-1.6407427787780762
guided,O=C(CNc1ccc(F)cc1)N/N=C/c1cc2ccccc2nc1Cl,-2.5012271404266357
guided,CCOC(=O)c1nnn(C#N)c1CN1CCOCC1,-0.4432753920555115
guided,CCN(CC)CCCNC(=O)C1CCN(S(=O)(=O)c2ccc(N(C)C(=O)c3ccncc3)cc2Cl)CC1,-0.9401687383651733
guided,O=c1c2ccccc2c([C@@H](O)CN2CCNCC2)nn1Cc1ccccc1,-1.3850915431976318
guided,O=C(/C=C/c1ccccc1)N1CCN(c2nc3c(F)cc(F)cc3s2)CC1,-6.38073205947876
guided,COc1cc(CNC(=O)/C=C/c2ccc(N(C)C)cc2)c(C)c(C)c1C,-5.644939422607422
guided,[N]S([O-])([O-])[C+]1[C][C][C]([N][N][C]2[CH]N([N+]([O])[O-])N([C]3[CH][CH][CH][C]4[CH][CH][CH][CH][C]43)[C]2[O])[CH][CH]1,-0.5422634482383728
guided,N#CCCN(C(=O)CSc1nnc(C2CC2)n1N)c1ccccc1,-0.39755895733833313
guided,O[C]C[S+][C]1[N][C]2[CH][CH][CH][CH][C-]2[N+]1[CH][C]1[CH][CH][CH][C](F)[CH]1,-5.03801965713501
guided,CCOc1ccc(F)cc1C(=O)N1CCN(Cc2ccc3c(c2)OCO3)CC1,-3.7026853561401367
guided,CCOc1ccc(OS(=O)(=O)c2ccc(C)cc2)cc1,-3.693087577819824
guided,CCOC(=O)c1c(S(=O)(=O)NCC(=O)Nc2nccs2)c(C)n(C)c1C,-0.3026493191719055
guided,Nc1cc(N)nc(SCc2ccc(F)cc2)n1,-1.1339893341064453
guided,ClC1=C=C=C(n2nnc(-n3ccc4ccccc43)n2)C=C1,-4.076829433441162
guided,O=C(COC(=O)/C=C/c1ccccc1[N+](=O)[O-])N/N=C/c1c(O)[nH]c(=O)[nH]c1=O,-0.35315293073654175
guided,[OH-],-7.230311870574951
guided,Cc1ccc2oc(-c3cccs3)nc2c1,-8.162449836730957
guided,Clc1ccc(OCCOCCNC2CCCCC2)cc1,-7.282156467437744
guided,[CH2-][C+]1[C][C-](C)[C+](C)[CH-][C+]1CN1CCC(n2[cH+][cH-][cH+][cH-]2)CC1.[H+].[H+].[H+],-12.019430160522461
guided,Cc1csc(SCC(=O)N2c3ccccc3Sc3ccc(Cl)cc32)n1,-8.994357109069824
guided,CCn1ncc(NC(=S)Nc2cccc(F)c2)c1C(N)=O,-0.7646552920341492
guided,C/C(=N\NC(=O)CNC(=O)c1ccco1)c1ccc(Br)cc1,-0.8594149351119995
guided,CN(C)S(=O)(=O)c1cccc(COC(=O)c2cc3ccccc3oc2=O)c1,-0.5473828911781311
guided,CCCCNC(=O)c1nn(C)c(=O)c2ccccc12,-1.9631402492523193
guided,CNC/C=C/c1ccccc1COc1ccccc1,-8.830780029296875
guided,F[CH-]CCO[c+]1[cH-][cH+][cH-][c+](C(F)(F)F)[cH-]1,-11.564803123474121
guided,CN1C(=O)c2ccccc2Sc2cc(F)c(F)c(F)c21,-9.290899276733398
guided,Brc1cccc(OCCN2CCOCC2)c1,-8.168609619140625
guided,CNCC(=O)N1CCCc2ccccc21,-6.105164051055908
guided,COc1ccc2nc(SCC(=O)NC[C@H]3CCCO3)[nH]c2c1,-1.116990089416504
guided,COc1cc(C(=O)Nc2ccc3c(c2)CCC3)ccc1OC(F)F,-4.867316722869873
guided,CCOc1cc(C(=O)N(Cc2cccnc2)c2nc3cc(C)ccc3s2)ccc1SCC(=O)O[C@@H](C)CC,-4.672840118408203
guided,COc1ccccc1CN(CCCOc1ccccc1OC)C(=O)CCC(=O)Nc1cc(C)on1,-1.5058646202087402
guided,O=C(NCCN1CCOCC1)c1cccc2ccccc12,-4.625674247741699
guided,C[C@@H](NC(=O)c1ccco1)C(=O)NC1=[S+]C=C/C1=C(\[O-])N1CCCCC1,-0.3501798212528229
guided,COc1cccc(CNC(=O)C(=O)NC[C@H]2COC(C)(C)C2)c1,-0.9942512512207031
guided,Cc1c[c-]c(N[C@@H]2[CH-]C[N+]3=c4ccccc4=NC3=[NH+]C2=O)cc1C,-2.4645397663116455
guided,CCN(CC(=O)NCCSCc1cccc(Cl)c1)CC(=O)Nc1ccc(Cl)c(C(F)(F)F)c1,-4.453652858734131
guided,C/C(Cc1ccc(F)cc1)=N\NC(=S)Nc1c(C)cccc1C,-6.779501914978027
guided,COc1ccccc1N1CCN(C(=O)c2cccc(N3C(=O)[C@@H]4[C@H](C3=O)[C@H]3C=C[C@@H]4C3)c2)CC1,-1.868841528892517
guided,NS(=O)(=O)c1cccc(NC(=O)c2cc(-c3ccccc3)n[nH]2)c1,-0.3956677317619324
guided,Cn1c(=O)[nH]c2nc(SCC(=O)N3CCCCC3)n(C)c2c1=O,-0.4079987108707428
guided,Clc1ccccc1-n1nnnc1SCc1cccnc1,-3.18440318107605
guided,[CH2+]COCC[N-][S+]([N-][S+]([O-])[O-])[c+]1[cH-][cH+][c-](C2CCCCC2)[cH+][cH-]1,-1.8096725940704346
guided,N[P@@](=O)(OCC(F)(F)F)Oc1ccccc1,-2.566732883453369
guided,COc1ccc(S(=O)(=O)N(C)Cc2ccccc2)cc1F,-4.181124687194824
guided,[N-2][C][C][C+](N[C+]1[CH+][CH+][CH-][CH+][CH-]1)[P+]([O-])([c+]1[cH-][cH+][cH-][cH+][cH-]1)[c+]1[cH-][cH+][cH-][cH+][cH-]1,-2.8763957023620605
guided,O=C(c1ccc(Cl)cc1)N1CCC[C@@](CO)(Cc2cccnc2)C1,-3.617281198501587
guided,[OH-],-7.230311870574951
guided,COc1cc(CCC(=O)Nc2sc3c(c2C#N)CCCC3)cc(OC)c1OC,-1.9567111730575562
guided,FC(F)Oc1ccccc1[C@H]1C[C@@H](c2ccc(Br)s2)Nc2ncnn21,-5.037801742553711
guided,O=C(O)/C=C/c1cnc2ccccc2c1,-3.6404008865356445
guided,N#CCOc1ccc(-c2cc3ccccc3o2)cc1,-4.977338790893555
guided,N[CH-]N(C[c+]1[cH-][cH+][c-](Br)[cH+][cH-]1)N[S+2]([O-])([O-])[c+]1[cH-][cH+][c-](F)[cH+][cH-]1,-0.7932185530662537
guided,O=C(/C=C/c1ccccc1OCC(=O)N1CCOCC1)N1CCOCC1,-1.601893663406372
guided,F[C+](F)F.[N-2][C][C+]1[CH+][CH+][C-](F)[C+](F)[CH-]1,-8.88382625579834
guided,O=C(CSc1nnc(-c2cc(-c3ccccc3)nc3ccccc23)o1)c1ccc2c(c1)OCCO2,-3.1845641136169434
guided,COc1cc2cc(C(=O)N3CCN([C@@H](C[C@H](O)c4ccccc4)C(C)C)CC3)c(=O)oc2cc1OC,-1.2140346765518188
guided,O=S(=O)(CCN1CCCCC1)Oc1ccc(Cl)cc1Cl,-4.515628337860107
guided,[H]/[O+]=C(/COP(=O)(O)O)[C@@H](O)[C@H](O)[C@@H](O)[C-]=O,-0.4698662757873535
guided,CCN(CC)CCCNC(=S)N(Cc1ccccc1)Cc1cccnc1,-7.042709827423096
guided,Nn1c(SCc2nc3ccccc3[nH]2)nnc1-c1cccnc1,-0.458229124546051
guided,COCCNC(=O)c1oc2ccc(F)cc2c1NC(=O)C1CC1,-0.9600169658660889
guided,CN(C)[N-]C(CCC[C+](N)[O-])CCN1CCOCC1,-0.9682873487472534
guided,CCCNCCS(=O)(=O)N1CCN(c2ccccc2OC)CC1,-2.1080470085144043
guided,S=C(NCc1ccco1)N1CCN(Cc2ccc3ncccc3c2)CC1,-4.590592384338379
guided,CCCN1CCN(C(=O)[C@H]2CC(=O)N(c3ccc(F)cc3)C2)CC1,-4.382340431213379
guided,O=C(Nc1cccc(NC(=O)[C@@H]2CCC[C@@H]2C(=O)O)c1)c1ccco1,-0.7590510249137878
guided,NC(=O)OC1=Nc2ccccc2SC1,-2.011200428009033
guided,[Br-],-5.0
guided,Cc1ccc(S(=O)(=O)N2c3c/c(=C(/[O-])O)ccc3=[S+][C@H](C)[C@H]2C(=O)O)cc1,-0.3219635784626007
guided,NS(=O)(=O)c1cccc(NC(=O)CNc2ccc3oc4ccccc4c(=O)c3c2)c1,-0.5585581660270691
guided,C[C@]1(c2ccccc2)NC(=O)N(CC(=O)NCCC2=CCCCC2)C1=O,-1.1870524883270264
guided,COc1ccc(C(=O)COC(=O)[C@@H]2CCS3(C)(=O)O[O+]3/C(=C3\C=CC=C[CH-]3)N2)cc1,-0.5150275826454163
guided,O=C(Nc1ccc2nc(C3CCCCC3)[nH]c2c1)c1ccco1,-2.8264617919921875
guided,[CH2-]C[C@H](CCC/C=[NH+]\C(C)=O)NC(=O)OCC(C)C,-1.6574314832687378
guided,[H]/[C-]=[O+]\c1c(Nc2cccc3ccccc23)[s+]c2[c-]1c(=S)n(C)c(=O)n2C,-4.88968563079834
guided,CC[C@@H](Oc1ccccc1)C(=O)O/N=C(\N)Cc1cccc([N+](=O)[O-])c1,-0.7221888303756714
guided,O=[N+]([O-])c1ccc(/C=N/Nc2c(F)c(F)cc(F)c2F)o1,-1.5137442350387573
guided,[NH-][c+]1[c-]([S+2]([O-])([O-])[c+]2[cH-][cH+][cH-][cH+][cH-]2)[c+]2[n-][c+]3[cH-][cH+][cH-][cH+][c-]3[n-][c+]2n1C[c+]1[cH-][cH+][cH-][cH+][cH-]1,-2.131693124771118
guided,COc1ccc(C(NC(=O)c2cccc(F)c2)c2ccc(OC)cc2)cc1,-5.101806163787842
guided,CCCC(=O)Nc1ccccc1N1CCCC1,-6.502085208892822
guided,[CH2-]C1(C)CC([CH+][C-](C)C)N([C-]([O-])CO[C+]([O-])[C+]2[C+](F)[CH-][CH+][CH-][C+]2Cl)C1,-2.7419395446777344
guided,O=[C-]N(C=[N+]=Nc1ccccc1)Oc1ccccc1,-2.9552829265594482
guided,CCCCc1nn2c(COc3ccc4ccccc4c3)nnc2s1,-4.453812122344971
guided,CCc1ccc2oc(C(=O)Nc3ccc(OC(F)(F)F)cc3)cc(=O)c2c1,-3.0295445919036865
guided,COc1ccccc1C(=O)NCCCCOc1ccc(C(=O)O)cc1,-1.0425760746002197
guided,Cc1nn(CCC(=O)Nc2ccc3c(c2)OCO3)c2nc(-c3cccnc3)cc(C(F)(F)F)c12,-1.89890456199646
guided,[CH2+][C-](N([O-])[O-])C1(O)[c-]2[n-][cH+][cH+][cH-][c+]2[C-]([O-])[CH+]C1[c+]1[cH-][cH+][c-]([S+2](N)([O-])[O-])[cH+][cH-]1.[H+].[H+],-0.3159888684749603
guided,Cc1ccc(-c2nnc(SCc3ccc(F)cc3)o2)cc1,-6.494378566741943
guided,O=C(NC[C@@H]1CCN(C(=O)c2ccccc2F)C1)c1cccc([N+](=O)[O-])c1,-0.7083882689476013
guided,Fc1ccc(Br)cc1CN1CCN(c2ccccc2)CC1,-12.26355266571045
guided,CCC(=O)N(CC(=O)Nc1nnc(C(F)(F)F)s1)Cc1ccccc1,-1.5425591468811035
guided,Cc1ccccc1CN(C)S(=O)(=O)c1cccs1,-5.641059875488281
guided,COc1cccc(-c2nnc(NC(=O)COc3ccc(C)cc3)s2)c1OC,-1.4048067331314087
guided,CCOC(=O)c1nc(C)c(C(=O)CSc2nnnn2C)cc1C,-0.3843553066253662
guided,FC(F)(F)[C-]([N-][C+]1[CH+][c+]2[cH-][cH+][cH-][cH+][c-]2[CH+][CH-]1)[N-][P+]([S-])(N1CCOCC1)N1CCOCC1,-4.4576005935668945
guided,CS/C(=N\Cc1ccc(F)cc1)NS(=O)(=O)c1ccccc1,-2.9734044075012207
guided,COc1cc(OC(=O)c2ccccc2)c(/C=N/OCC(=O)Nc2cccc(OC(F)F)c2)cc1Cl,-2.4179115295410156
guided,CCC(CC)NC(=O)[C@H]1CC(=O)N(C2CCCCC2)C1,-3.981565237045288
guided,COc1ccc(CCN(CCc2ccccc2)C(=O)C2CCN(Cc3cccs3)CC2)cc1OC,-6.72109842300415
guided,CCOC(=O)C1=C(C(=O)OCC)N[C@](C(=O)OC)(C(F)(F)F)CC1,-0.5976839065551758
guided,O=C(CCCc1nc2ccccc2s1)N1CCN(c2ccc(Cl)cc2)CC1,-6.9207634925842285
guided,[O-][c+]1[n-][n-][c+](S[c+]2[cH-][cH+][cH-][cH+][cH-]2)n1-[c+]1[cH-][cH+][cH-][cH+][c-]1-[c+]1[cH-][cH+][cH-][cH+][cH-]1,-3.7350780963897705
guided,[O-][C-](C1C[CH+][CH+]CC1)N1CC[C+]2C(CO)N3[CH-][CH+][CH-][C][C+]3N2CC1,-3.3133182525634766
guided,Cc1nc(/N=N/NC(C)C)n[nH]1,-1.1191014051437378
guided,F/C(=N\Oc1cc(-c2ccccc2)nc(Nc2ccc(Cl)cc2)n1)Nc1ccccc1CSc1ncccn1,-5.29911994934082
guided,FC(F)(F)F,-13.65434741973877
guided,S=C(NCc1ccco1)N1CCN(c2ccccn2)CC1,-4.232334613800049
guided,CC[C@@H](C)NC(=O)c1ccccc1-c1cccs1,-7.6375555992126465
guided,CC(=O)Nc1ccc(NC(=S)NNC(=O)CN2CCN(c3ccccc3F)CC2)cc1,-0.4910440444946289
guided,C1=C/C(=C/N2CCOCC2)[O+]=C1.[O-]P(c1ccccc1)c1ccccc1,-3.893326759338379
guided,C[C+](C)[C-](CCCOCCC(C)C)[c+]1[n-][n-][c+](SC[C+]([O-])N[c+]2[n-][c+]3[cH-][cH+][cH-][cH+][c-]3s2)n1C.[H+].[H+],-1.980421781539917
guided,C[C@@H](OC(=O)c1cc2sccc2n1C)C(=O)NCc1ccccc1,-2.7537944316864014
guided,[OH-],-7.230311870574951
guided,COc1cc(C(=O)NC2CCN(Cc3ccccc3)CC2)cc(Cl)c1OC(C)C,-4.820712566375732
guided,Fc1ccc([C@H](c2nnnn2C2CCCC2)N2CCc3ccccc3C2)cc1,-5.008578777313232
guided,Fc1ccc(N2CN(Cc3ccc4c(c3)OCO4)CNC2=S)cc1,-5.60195779800415
guided,NCCCCCC(=O)NN/C=C/C(=O)c1ccccc1,-0.668529212474823
guided,N#Cc1cnc2ccc(NC(=O)CN3CCCCC3)cc2c1,-1.7443509101867676
guided,CCOc1ccc(C)cc1S(=O)(=O)NCc1ccc(OC)c(OC)c1,-1.5700113773345947
guided,O=C(c1cc2n(n1)[C@H](C(F)(F)F)C[C@@H](c1ccco1)N2)N1CCN(c2ccccn2)CC1,-1.5678094625473022
guided,CCOCP([O-])N[c+]1[cH-][cH+][c-](OC[c+]2[cH-][cH+][cH-][cH+][cH-]2)[cH+][cH-]1,-3.6839866638183594
guided,COCCN(C)C1=[S+]C(C(=O)OCC(C)C)=C(C)/C1=C(/N)[O-],-0.6486026048660278
guided,[OH-],-7.230311870574951
guided,[O-]P(NC([c+]1[cH-][cH+][cH-][cH+][cH-]1)C1CC1CO)O[c+]1[cH-][cH+][cH-][cH+][cH-]1,-2.2113683223724365
guided,CC(=O)c1cc2cccnc2cc1O,-3.6090826988220215
guided,O=S1(=O)CCN(Cc2cccc3ccccc23)CC1,-5.323904037475586
guided,COc1cc(NC(=O)COC(=O)CNC(=O)[C@H]2COc3ccccc3O2)cc(OC)c1,-0.22837050259113312
guided,CCC(=O)N1CCc2cc(Br)cc(S(=O)(=O)N3CCC[C@H](C(=O)O)C3)c21,-0.6378760933876038
guided,O=S(=O)(Nc1ccc(C2CCCCC2)cc1)c1ccccc1,-5.471286773681641
guided,[OH-],-7.230311870574951
guided,[O][C](O)[C]1[C-][C]([N-][C+]([O])[C-]2[CH][CH][S+][C]2[N][CH]C[C]2[CH][CH][CH][C]([N+]([O])[O-])[CH]2)[CH][CH][CH]1,-0.6751324534416199
guided,COc1cc(NC(=O)CNCc2ccccc2)ccc1NC(=O)c1cnccc1C(F)(F)F,-1.4669432640075684
guided,O=S(=O)(Cc1ccc(F)cc1)NCc1ccc(F)cc1,-4.290026664733887
guided,Cc1onc(-c2ccccc2)c1C(=O)Nc1ccc2c(c1)OCO2,-1.9598568677902222
guided,COc1cc(C)ccc1S(=O)(=O)Nc1cccc(C)c1,-3.3049089908599854
guided,[CH][N-][N-][C]C[CH-][C+]([O-])N1CCCC(N[c-]2[cH+][cH-][c+]3[c-]([cH+]2)OCO3)C1,-0.770776093006134
guided,Cc1cc(C2CCCCC2)ccc1S(=O)(=O)Nc1ccc(S(N)(=O)=O)cc1,-1.073415756225586
guided,CCCC(=O)Nc1ccc2nn(-c3ccccc3)nc2c1,-2.8562514781951904
guided,CCO[C-]1[CH+][CH-][C][C+](C(CCN2CCCCC2)[c-]2[cH+][cH-][c+](N(C)C)[cH-][cH+]2)[CH+]1,-10.817708015441895
guided,CCOCCCNC(=O)[C@@H](Cc1cccs1)NC(=O)CNC(=O)c1ccccc1,-0.35462892055511475
guided,COc1ccc(NS(=O)(=O)c2c(C)[nH]c(C)c2C(=O)N2CCCCC2)cc1O,-0.7030137181282043
guided,Nc1nonc1C(=O)Nc1ccc(F)cc1,-0.4014143645763397
guided,CC[C@H](CO)Nc1cccc2ccccc12,-6.570549488067627
guided,CN(CCNS(=O)(=O)c1c(N)n(C)c(=O)n(C)c1=O)Cc1ccccc1,-0.2629812955856323
guided,COC(=O)[C]/C(C)=C([O-])/[CH+]=C/c1ccc(F)cc1,-3.6363210678100586
guided,NNC(=S)SCc1ccc(Br)cc1,-5.509181499481201
guided,COc1ccc(NC(=O)COc2ccccc2[N+](=O)[O-])cc1OC,-0.5646196007728577
guided,Cc1ccccc1CSc1nnc(NC(=O)Cc2ccc3ccccc3c2)s1,-5.298230171203613
guided,[O-][C+]1C[CH+][C-]([O-])O1,-3.138162136077881
guided,COc1cccc(Cl)c1OCC(N)=O,-2.183696985244751
guided,CCS(=O)(=O)c1ncc2c(n1)-c1ccccc1C2,-2.3974955081939697
guided,CO[C-]([O-])C1CCN([S+2]([O-])([O-])[C+]2[CH+][CH-][C+](O[C+]([O-])[c+]3[cH-][cH+][cH-]o3)[C-]([O-])[CH+]2)CC1,-0.40355661511421204
guided,NS(=O)(=O)c1ccc(NC(=O)N2CCN(c3ccc(OC(F)F)cc3)CC2)cc1,-0.4661256968975067
guided,[C-3][C][C][N-2],-8.317090034484863
guided,[CH2-]CCN(C[CH-]NC(C)=O)C1=NN=[N+]=[N+]1c1ccccc1,-1.2053390741348267
guided,F[c+]1[cH-][cH+][c-](F)[c+]([C-]2C[C+]([C][N-][C+]3[C+](OC(C(F)(F)F)C(F)(F)F)N[c-]4[cH+][cH-][cH+][cH-][c+]43)[CH+][N-]2)[cH-]1,-7.700929164886475
guided,C[P@](=O)(Nc1ccc(Cl)cn1)Oc1ccccc1,-4.417084217071533
guided,COc1cccc(OC)c1C(=O)NC1=[S+]C2=C(CCC2)/C1=C(/[O-])O[C@@H](C)C(=O)O,-0.3369223177433014
guided,N#CC1=C(N)N(Cc2cccs2)CC=C1,-3.203568696975708
guided,NS(=O)(=O)c1ccc(CCC(=O)c2cccc3ccc(=O)oc23)cc1,-0.4686404764652252
guided,CCOc1ccc2cc(/[O+]=C\C[CH-]O)[c-]cc2c1.[H+],-5.487677574157715
guided,COc1ccc(C2=NS(=O)(=O)N(CC(=O)Nc3ccc(C)cc3)CC2)cc1OC,-0.4787648320198059
guided,O=C(CSc1nn2c(=O)c(-c3ccc(F)cc3)nnc2s1)NCc1cccc(F)c1,-0.8623682856559753
guided,[OH-],-7.230311870574951
guided,[OH-],-7.230311870574951
guided,N/N=c1/[nH]c(CCOc2ccc(Cl)cc2Cl)cs1,-2.4640514850616455
guided,[OH-],-7.230311870574951
guided,[O-][C]NN[C+](=S)Nc1ccccc1,-2.4950127601623535
guided,N[C-]([O-])CN1[CH+][CH-][CH+][C+]1[C][O-],-1.2390031814575195
guided,COc1ccc(CN2CCN(c3ccccc3F)CC2)c(O)c1,-5.7938055992126465
guided,Cc1ccc(-c2csc(-c3ccc(Cl)cc3)n2)cc1,-12.267465591430664
guided,[CH]CN(C[C+]([O-])NC[c+]1[n-][cH+][n-][nH]1)C[C+]([O-])N[c+]1[cH-][cH+][cH-][cH+][c-]1C,-0.30370569229125977
guided,O=C(CC1CCCCC1)N1N=CC[C@@H]1c1ccccc1,-7.08937406539917
guided,S=c1[nH]nc(CNc2ccc(Br)cc2)n1-c1ccccc1,-5.389272689819336
guided,COCCO[C-]([O-])[c+]1[c+](C)[nH][c-]2[n-][c+]3[cH+][cH-][cH+][cH-][c+]3[c-]2n1C[C+]([O-])N[c+]1[cH-][cH+][cH-][cH+][c-]1C,-0.3842780590057373
guided,COc1ccc(S(=O)(=O)CC(=O)C(=O)NC(C)C)cc1,-0.46288058161735535
guided,NOCCCNC(=O)c1cn(-c2ccccc2)nc1-c1ccccc1,-0.9659409523010254
guided,OO/C=C(/O)COc1cccc(Cl)c1,-2.8457603454589844
guided,Cn1c(SCC(=O)Nc2ccc(OC(F)F)cc2)nnc1-c1ccco1,-1.3515599966049194
guided,COc1ccc(NC(=O)c2ccc(C)c(S(=O)(=O)N3CCCCC3)c2)cc1Cl,-2.1953604221343994
guided,Cn1c(=O)n(CCc2ccccc2)c2ccccc21,-7.275975227355957
guided,NNc1nc2ccc(S(=O)(=O)CC(=O)NC3=[S+]C4=C(CCCC4)/C3=C(/[O-])O)cc2s1,-0.321862131357193
guided,O=C(O)C[C@@H](NC(=O)[C@]12C[C@H]3C[C@H](C[C@H](C3)C1)C2)c1ccc2c(c1)OCO2,-1.297467827796936
guided,Nn1c(SCC(=O)Nc2cc(S(=O)(=O)N3CCOCC3)ccc2Cl)nnc1C1CC1,-0.31371644139289856
guided,S=c1[nH]nc(CN2CCN(c3ccccc3)CC2)n1-c1ccccc1,-5.374306678771973
guided,Fc1ccccc1Cn1cccc1CN(Cc1cccc(Br)c1)Cc1nnnn1C[C@H]1CCCO1,-3.9834635257720947
guided,CCOC(=O)c1nc(C)nc(Sc2n[nH]c(N)n2)c1C,-0.4032982587814331
guided,COc1ccc(F)cc1C(=O)N1CCc2ccccc21,-7.007632255554199
guided,CCOc1ccc(C(=O)N/N=C/c2cccc3ccccc23)cc1O,-2.232034921646118
guided,CCCCOc1ccc(NC(=O)CCC(=O)OCC(=O)c2cc3ccccc3[nH]2)cc1,-1.759362816810608
guided,CC[C@H](O)C1CCN(Cc2cn(Cc3ccccc3)nc2-c2ccccc2)CC1,-6.169198513031006
guided,COC(CCC([O-])(O)[CH-]OC(O)[c+]1[c-](C(O)[C][C+](O)CO)[cH+][cH-][c+](O)[c-]1C)OC.[H+].[H+].[H+],-0.4184941053390503
guided,[OH-],-7.230311870574951
guided,O=S(=O)(c1cc(Cl)ccc1Cl)N1CCCC1,-5.735201358795166
guided,Cc1ccc(Sc2ccc(N)cc2C#N)c(C)c1,-4.537532806396484
guided,Clc1ccccc1N1CCSCC1,-12.53317928314209
guided,N/N=C(\[O-])[C]N1C(/C=C\Cc2ccccc2)=[C-]C(=O)N2[N+]#CN=[C+]12,-0.3553464114665985
guided,CC[C@H](C)C(=O)NC1=[S+]C(=S([O-])([O-])=[N+]2CCc3ccccc32)N=N1,-0.3585149645805359
guided,Fc1ccccc1N1CCN(CCCc2ccccc2)CC1,-12.027045249938965
guided,O=S(=O)(NCc1cccs1)c1ccc(Br)cc1,-4.455411434173584
guided,CC(=O)c1ccc(N2[C-]3N=C(CCC4CCCC4)O[S@SP1+]3[C@@H]3CS(=O)(=O)C[C@@H]32)cc1,-1.7528146505355835
guided,O=C1C=C(Nc2ccc3c(c2)OCO3)C[C@@H](c2ccco2)C1,-2.9523367881774902
guided,Nc1cccnc1Sc1ccc(F)cc1,-5.482799053192139
guided,COc1ccc(NC(=O)[C@@H]2CCCN2C(=O)NC2CCCCC2)cc1OCC(C)C,-2.0887296199798584
guided,Cc1ccccc1O[C@@H](C)C(=O)NCC1CCCCC1,-5.832801342010498
guided,F[C-](F)F,-13.636207580566406
guided,Nc1n[nH]cc1-c1n[nH]c(=S)n1-c1cccc(Cl)c1,-0.8729198575019836
guided,O=C(CNC(=O)c1ccccc1)N/N=C/c1ccc[nH]1,-0.5578805804252625
guided,Cc1nc2oc(C(=O)NC3CC3)cc2c2c1COC(C)(C)C2,-2.370588541030884
guided,O=C(N[C@@H](NS(=O)(=O)c1ccccc1F)C(Cl)(Cl)Cl)c1cccc(Cl)c1,-2.1403000354766846
guided,NC(C[C+]1[CH+]N[c+]2[cH-][cH+][cH-][cH+][c-]21)[C-]([O-])[N-]CCN1CCC[C+]1[O-],-0.33958011865615845
guided,CCCOc1ccccc1NC(=S)N(CC)CCN(CC)CC,-7.847887992858887
guided,CCNS(=O)(=O)c1ccc(NC(=O)c2nn(C)cc2Br)cc1,-0.4555734395980835
guided,O=S1(=O)C[C@@H]2[C@H](C1)N(Cc1ccc(Cl)cc1)C1=N[C-](c3cccnc3)O[S@SP1+]12,-1.46494460105896
guided,O=C(O)c1cc(S(=O)(=O)Nc2cc(C(F)(F)F)cc(C(F)(F)F)c2)ccc1O,-1.4343832731246948
guided,Cc1cc(OCCSc2nnnn2C2CCCCC2)cc(C(C)C)c1,-4.928930282592773
guided,COc1ccc(-c2ncc3ccc(SCc4cccc(F)c4)nn23)cc1OC,-5.364607334136963
guided,C=S.[H+].[H]/[C-]=C/N=[N+]=C=c1cc2[s+]c3c(sn-2[c-]2n1CCCCC2)=C[CH-]C=C3F,-6.348352909088135
guided,S=c1[nH]nc(COc2ccc(Cl)cc2)o1,-3.8839075565338135
guided,N#CN(/N=[C-]/Cl)C(Cn1cncn1)=[N+](c1ccccc1)c1ccccc1,-1.7395659685134888
guided,COc1cccc([C@@H]2C(C(=O)c3ccc(C)o3)=C(O)C(=O)N2CCN2CCOCC2)c1,-0.6176350116729736
guided,NC(=O)c1ccccc1NS(=O)(=O)c1ccc(Br)s1,-0.7062397003173828
guided,C[CH-]N(C[C@@]1(O)CCOC1=O)[C@@H]1[O+]=C2Oc3ccccc3C=C2c2ccccc21,-1.7888054847717285
guided,O=C(NCCN1CCOCC1)C1(c2ccccc2)CCCC1,-4.677886009216309
guided,O=S(=O)(c1ccc(Oc2ncnc3scc(-c4ccccc4)c23)cc1)N1CCOCC1,-1.91056227684021
guided,COc1cccc(CN(Cc2cccnc2)C[C@H](C)O)c1OC,-3.0629541873931885
guided,[O-]C([c+]1[cH-][cH+][cH-][cH+][cH-]1)[c+]1[cH-][cH+][cH-][cH+][n-]1,-5.314968585968018
guided,N/C(Cc1ccc(F)cc1)=N\OC(=O)c1ccco1,-1.1026161909103394
guided,O=C(N/N=C1\NC(=O)C(CO)(CO)S1)c1ccc2c(c1)OCO2,-0.38194847106933594
guided,CCOC(=O)C#C/N=C(\c1cn(Cc2ccco2)c(=O)c2ccccc12)N1CCOCC1,-0.6780996918678284
guided,O=C(NCC1(N2CCCCC2)CCCCC1)c1ccn(S(=O)(=O)c2ccc3ccccc3c2)c1,-3.067932605743408
guided,COc1ccccc1N1CCN(S(=O)(=O)c2cc(C)cc(C)c2C)CC1,-3.9537549018859863
guided,COc1cccc(NC(=O)N2CCC(C(N)=O)CC2)c1,-0.59779292345047
guided,NC(=S)Nn1cnnc1,-1.8432233333587646
guided,N#CN/C(=N/c1ccc(Oc2ccc3c(c2)OCO3)cc1)SCc1ccc2c(c1)c1ccccc1n2Cc1ccccc1,-7.516992092132568
guided,CCOP(=S)(OCC)c1cccnc1SCC(=O)N1CCCC1,-3.686913013458252
guided,CSc1ncccc1-c1nc(-c2ccc3c(c2)OCO3)no1,-1.9908206462860107
guided,Nc1ccc(Oc2cc(C(=O)NCc3ccco3)[nH]c(=O)c2)cc1,-0.4720235764980316
guided,[CH2+]OC(OC1C(O)CC(N)CC1N[C-]([O-])C(O)CCCCCCN[C+]([S-])N[C][N-][c+]1[cH+][cH+][cH+][cH-][c+]1[S-])C(O)CNC,-0.42291900515556335
guided,C[C-]1[CH+]N([O-])C(N2CCN([C+]([O-])[c+]3[cH-][cH+][c-]4[cH+][cH-][cH+][cH-][c+]4[cH-]3)CC2)[CH+][CH-]1,-2.8247315883636475
guided,CCOc1ccc(C(=O)CSc2nncn2-c2ccccc2)cc1OCC,-2.840595006942749
guided,CN[C-]1[CH+][C-]([c+]2[cH-][cH+][cH-][c+](N([O-])[O-])[cH-]2)OC(N[C+]2[CH+][CH+][CH-][CH+][CH-]2)O1,-0.5336189270019531
guided,[O-][S@+](NCCOCc1ccccc1)[C@]12C[C@H]3C[C@H](C[C@H](C3)C1)C2,-4.986179828643799
guided,Clc1ccc(/N=C/N2CCN(c3ncnc4ccccc34)CC2)cc1,-5.035288333892822
guided,Cc1cc(C)c(/N=N\N(C)C(=O)/C=C/c2ccccc2)c(C)c1,-5.843371391296387
guided,CNC[C@@H](Cc1ccccc1)NC[C@@H](CC1CCCCC1)NCCCc1ccccc1,-7.426584243774414
guided,[CH2-]CC1[CH][N+]2[N+][C][CH][C]2[N+][C]C1[C]C(C[C]([O-])[C]1[CH-][CH][CH]S1)[C]([O-])[N]C.[H+].[H+],-0.5663615465164185
guided,[O-][S+]([O-])[N-][S+]1CCCCN1[S+2]([O-])([O-])[c+]1[cH-][cH+][c-](Cl)[cH+][cH-]1,-0.47000977396965027
guided,CCOc1ccccc1/C=N/NC(=O)CNC(=O)c1ccccc1OC,-0.5230926871299744
guided,C=C([O-])[C@@]1(O)C[C@H]([CH+]CCC2=CC3=CC(=O)CC[C@]3(C)CC2)C[C@@H]1C,-3.3668203353881836
guided,CCNc1nc(Nc2ccc(C(C)=O)cc2)nc(N2CCC3(CC2)OCCO3)n1,-0.5884636044502258
guided,[O-][C-]1[C+]2[CH-][CH+]S[C+]2[N-][CH-]N1[C+]1[C][CH+][C-](Br)[CH+][CH-]1,-5.043349266052246
guided,F[C-]1[CH+][C][C+](N([C+]2[CH+][CH-][CH+][CH-][CH+]2)[C-]2[N-][CH+][N-]N2)[C-](F)[CH+]1,-4.942478179931641
guided,C[C][CH+]CS[C-]1[N-][C+](C)[C+]([C+]2[CH+][CH-][C+](OC)[CH-][CH+]2)[C-]([O-])N1,-2.7870001792907715
guided,COCCCNc1ncnc2c1[nH]c1ccc(C)cc12,-2.498774766921997
guided,CNS(=O)(=O)c1cccc(C(=O)OCC(=O)NC(=O)NC2CCCC2)c1,-0.3604660630226135
guided,CC(=O)c1nn(Cc2c(F)cccc2Cl)c(=O)n(C)c1=O,-1.201751947402954
guided,Fc1ccccc1CSc1nnc2ccc(-c3ccncc3)nn12,-3.553143262863159
guided,Cn1c(=O)c2c(nc(CN3CCC(C(N)=O)CC3)n2CCCc2ccccc2)n(C)c1=O,-0.25082552433013916
guided,COc1ccc2c(c1OC)C(Nc1ccccc1C)=C1C(=O)C3=C(C=C1C2=O)CCC3,-3.840073585510254
guided,CO[C]1[CH][C]([CH+][CH][C]([O])O)[CH][C](OC)[C]1OC[CH][CH][C]1[CH][CH][C](N([O-])[O-])[CH][CH]1,-0.7190784215927124
guided,S=C(NCCN1CCOCC1)Nc1ccc(Cl)cc1,-5.514370441436768
guided,COc1ccc2[nH]c(=O)c(CN(C(C)=O)c3ccc(C)c(C)c3)cc2c1,-2.949568510055542
guided,COc1ccccc1N1CCN(c2nc(C)cc(C)c2C#N)CC1,-3.546448230743408
guided,O=C(NCCCn1ccnc1)N[C@]12C[C@H]3C[C@H](C[C@H](C3)C1)C2,-2.8223519325256348
guided,COCCN(C(=O)Nc1cccc2nsnc12)c1nc2ccccc2s1,-1.7996362447738647
guided,CCCN1CCN(C(=O)c2cc3sccc3n2C)CC1,-6.944156169891357
guided,NP(=O)(Oc1ccccc1Cl)Oc1ccccc1Cl,-3.700005054473877
guided,Clc1ccc(/C=N/c2ccc(N/N=C/c3ccc4c(c3)OCO4)cc2)cc1,-5.0970611572265625
guided,O=C(/C=C/c1ccco1)NCc1nnc(SCC(=O)N2CCCC2)o1,-0.35676196217536926
guided,C[C@H](O)CN(C)CCCNC(=O)C[C@@H]1C(=O)NCCN1C[C@H]1CCc2ccccc2C1,-0.6407034993171692
guided,COc1ccc(-n2nc(C(=O)NCC(=O)NC[C@@H](C)O)c3ccccc3c2=O)cc1Cl,-0.25348713994026184
guided,C[C]([N]N[C]1[CH][CH][C](CN2[CH+][CH][CH][N]2)[CH][C]1N([O-])[O-])[C]1[CH][CH][CH]S1,-0.6381826996803284
guided,CCOc1nc(-c2ccc(C)cc2)c2cc(C(=O)NC[C@@H](C)N(C)C)ccc2n1,-2.43231201171875
guided,O=C(COC(=O)c1oc2ccccc2c1CSc1ccccc1)NCc1ccccc1,-3.6713602542877197
guided,CCNc1ccccc1NC(=O)/C=C/c1ccco1,-3.545954704284668
guided,Fc1cccc(CNCc2cccnc2)c1,-7.668227672576904
guided,COc1ccccc1C(=O)N/N=C1\S[C@H](CC(=O)Nc2ccccc2)C(=O)N1Cc1ccccc1,-1.2626181840896606
guided,NS(=O)(=O)c1ccc(NS(=O)(=O)c2ccc(NC[C@@H]3CCCO3)cc2)cc1,-0.3566177785396576
guided,[O][C](NC(N[C]1[CH][CH][CH][C](N([O-])[O-])[CH]1)[C+]([O])[C]1[CH][CH][CH][CH][CH]1)[C]1[CH][CH][CH][CH][C]1F,-0.717880368232727
guided,CC[C@@H](c1nnnn1CCc1ccc(OC)cc1)N1CCC(C(N)=O)CC1,-0.3344123065471649
guided,CCC(C)N[C-]([O-])N[CH+][C+]([O-])[N-]C(CC(C)[CH+][c+]1[cH-][cH+][cH-][cH+][cH-]1)[C+]([O-])N1CCCCCC1,-0.4039739966392517
guided,O=S(=O)(O/N=C1\CCCc2ccccc21)c1ccccc1,-3.3384690284729004
guided,CC[C@@H]1CCCCN1CCCNC(=O)c1ccc2c(c1)c1ccccc1n2C,-6.8727641105651855
guided,O=C(COC(=O)c1cccnc1Cl)c1ccccc1,-3.0720300674438477
guided,CCn1nnc(NC(=O)[C@@H](C)Oc2ccccc2)n1,-0.7163035869598389
guided,O=C(COc1ccccc1C(=O)N1CCOCC1)NCc1ccc2c(c1)OCO2,-0.5411818623542786
guided,O=C1OCCN1CCNC(=S)NCCc1cccc2cnccc12,-1.752780795097351
guided,COc1cccc(C(=O)CN2C(=O)N[C@@H](CC(C)C)C2=O)c1,-1.1349360942840576
guided,C[C@H](CCc1ccco1)NC(=O)C[C@@H](Cc1ccccc1)C(=O)O,-1.3253313302993774
guided,C/C(=C\CC/N=C(\C)c1ccccc1O)C(=O)NS(=O)(=O)c1ccc(Br)cc1,-1.280908226966858
guided,CNN1[C+](SCC([O-])[N-]CCCC[CH+][P+]([O-])(O)O)[N-][N-][C-]1C[C+]1[CH+][CH+][CH-][CH+][CH-]1,-0.5758897066116333
guided,CCCN[C@@H](C)C(=O)Nc1ccc(C)cc1,-4.892972469329834
guided,CCCNC(=O)c1cc2sccc2n1C,-6.0286688804626465
guided,CN(CC(=O)Nc1nc2ccccc2s1)S(=O)(=O)c1cccc(F)c1,-1.1293631792068481
guided,FC(F)Oc1ccccc1N/C(=N/Cc1cccnc1)Nc1ccccc1,-4.197875022888184
guided,[O-][C+]1CS[C-]([S-])N1[N-][C]C1CC1,-4.970265865325928
guided,COc1ccc(C(=O)N2C(=O)c3cc4c5c(cccc5c3C2=O)CC4)cc1,-2.610234260559082
guided,[CH2-]CN1CCCC(NC[c+]2[cH-][cH+][cH-][cH+][c-]2F)C1,-9.522780418395996
guided,[OH-],-7.230311870574951
guided,COC(=O)CCn1c([C@@H](C)N(C)C)n[nH]c1=S,-2.081900119781494
guided,O=C(COC(=O)c1c2c(nc3ccccc13)CCCC2)NC1CC1,-1.8179664611816406
guided,CCCC[S+2]1([O-])[CH-][C-]2[CH+][CH-][CH+][CH-]N2CC1[C+]([O-])O,-1.6567801237106323
guided,[O-][C+](CO[c-]1[cH+][cH-][cH+][c-]([CH+][N-][c+]2[cH-][cH+][cH-][c+](C(F)(F)F)[cH-]2)[c+]1[O-])N1CCOCC1,-0.9708967804908752
guided,Cc1ccccc1NC(=O)NNC(=O)CCC(=O)N1CCCC1,-0.4772542715072632
guided,Clc1cccc(CSc2ncnc3c2cnn3-c2ccccc2Cl)c1,-6.697811126708984
guided,O=C(c1ccc(F)nc1)N1CCC[C@H](CNS(=O)(=O)c2cccs2)C1,-0.9866283535957336
guided,Cn1c(=O)c2c(ncn2CCCOc2ccc(Br)cc2)n(C)c1=O,-1.40485680103302
guided,COc1cc(CCOC(=O)c2cccnc2)c(/C=C/C=C(C)C)c(C)c1C,-5.676218032836914
guided,S=C(c1ccc(-c2cccc(Cl)c2)o1)N1CCOCC1,-8.071868896484375
guided,[O-]N1[N-][CH+][CH+][C-]([C+]([CH-][c+]2[cH-][cH+][cH-][c+](O)[cH-]2)C[c+]2[cH-][cH+][cH-][cH+][cH-]2)N1,-1.8976285457611084
guided,[OH-],-7.230311870574951
guided,Cl[C-]1[C][c+]2[n-][n-]n(C3CCN(C[c-]4[cH+][cH-][cH+][cH-][cH+]4)CC3)[c+]2[CH+][CH+]1,-5.748021602630615
guided,C=[N+](C)C.[O-]P(O)[C@H](Cc1ccccc1)/N=C/c1ccccc1,-2.670722484588623
guided,CNC(=S)NCCN1CCOCC1,-5.493696689605713
guided,FC(F)Oc1ccc(NC(=S)Nc2ccc(Br)cc2Br)cc1,-8.596333503723145
guided,O=C(NCCSCc1ccco1)Nc1ccc2nsnc2c1,-1.452406883239746
guided,CN(Cc1cccs1)/C(=N/S(=O)(=O)c1cccs1)c1ccccc1,-4.593935966491699
guided,COC(=O)C1CCN(C(=O)c2ccc(-c3ccccc3)n2C)CC1,-3.5550153255462646
guided,Clc1ccc(NCCN2CCNCC2)cc1,-7.06055212020874
guided,CN(C)CCOCc1cccc2ccccc12,-10.284765243530273
guided,CC(C)c1ccc(OCC(=O)OCC(=O)NC(=O)NCc2ccco2)c(Br)c1,-0.8440283536911011
guided,CNc1[nH]cnc1C(=O)N[C@H](CCC(=O)NCc1ccccc1F)C(=O)O,-0.33502039313316345
guided,O=C(OC[C@@H]1CCCO1)/C(=C\c1ccco1)NC(=O)c1ccc(Cl)cc1,-1.6512917280197144
guided,CNC(=O)Nc1ccc(F)cc1,-4.8064961433410645
guided,S=c1[nH]nc(-c2cccc(Cl)c2)n1-c1ccccc1,-7.171043872833252
guided,Cc1cc(C(=O)COc2ccc(S(=O)(=O)N3CCCC3)cc2Cl)c(C)n1Cc1cccs1,-3.405156373977661
guided,CN(C[C-]1[CH+][CH-][C+]([c+]2[cH-][cH+][cH-][cH+][cH-]2)[N-]N1)[c-]1[cH+][cH+][n-][cH-][cH+]1,-4.671197891235352
guided,CCCCCCCCCCC(=O)Nc1ccc(C(=O)O)cc1,-3.6109373569488525
guided,[O+]#COC(/C([O-])=N/c1ccccc1)=C(O)\C=C/c1ccccc1,-1.0522207021713257
guided,Cn1cc(S(=O)(=O)Nc2ccccc2Br)c(=O)n(C)c1=O,-0.42145654559135437
guided,COCCn1c(=O)[nH]c2cc(C(=O)Nc3ccc(C)c(C)c3)ccc2c1=O,-0.5033100247383118
guided,Cc1cc(C)cc(C(=O)Nc2sc3c(c2C#N)CCCC3)c1,-4.534858703613281
guided,C/C(=N\OC(=O)c1cccc2ccccc12)c1ccccc1O,-3.625124931335449
guided,Cc1ccc(S(=O)(=O)NNC(=O)c2c(Nc3ccccc3)sc3ccccc23)cc1,-2.0447072982788086
guided,CCO/N=C/c1cccn1-c1nc(N2CCOCC2)ncc1Cl,-2.0517513751983643
guided,CCOCCCNS(=O)(=O)c1ccc(NC(=O)CSc2nncn2C)cc1,-0.2900583744049072
guided,C=CCOC(=O)c1c(-c2ccc(C)o2)csc1NC(=O)[C@H](C)NC(=O)CC,-1.0662847757339478
guided,Clc1cccc(N/N=C(/c2ccccc2)c2cccnc2)c1,-6.835049152374268
guided,[N-][PH]([O-])O[C+]1[CH][CH][C]([N+]([O])[O-])[CH][CH]1,-0.4915282130241394
guided,COc1nc(Oc2ccc(C(C)=O)cc2)nc(N(C)C)n1,-1.0415643453598022
guided,FC(F)(F)[c+]1[n-][c+](S[C+]2[CH-][CH+][CH-]N(Cl)[C-]2[c+]2[cH-][cH+][n-][cH+][n-]2)[n-][nH]1,-1.2817808389663696
guided,CC(=O)N1CCOc2cc(S(=O)(=O)NCCC(=O)Nc3nccs3)c(Cl)cc21,-0.3757469654083252
guided,S=C(NCc1ccccc1)N[C@H]1CCSc2ccccc21,-8.553268432617188
guided,[NH-][P+](N)([O-])N[C+]([O-])[c+]1[cH-][cH+][cH-]o1,-0.4661492109298706
guided,O=C(N[C@@H](CCCN1CCOCC1)c1ccc2ccccc2c1)c1ccccc1,-5.969185829162598
guided,O=C(O)/C=C/C(=O)Nc1ccccc1-c1nnn(CC(=O)c2ccccc2F)n1,-0.36302927136421204
guided,CCO[C]([O])CC(NCCCCC[C]1[CH][CH][C](N([O-])[O-])[CH][CH]1)[C+]1[CH][CH][CH][CH][CH]1,-1.57054603099823
guided,[O-]P([c+]1[cH-][cH+][cH-][cH+][cH-]1)[c+]1[cH-][cH+][cH-][c+]2[cH-][cH+][cH-][n-][c+]12,-5.328723907470703
guided,[H+].[O-]O[c+]1[cH-][cH+][c-](-[c+]2[n-][c+](C3[CH+]CCCC3F)[n-]o2)[cH+][cH-]1,-1.3209937810897827
guided,C#C/N=c1/scccc1/N=[C-]/N/C(=C/P(=O)=S)c1ccccc1.[H+],-3.8882369995117188
guided,BrC1=C=[N+]2[C-]=C(CSc3nnc(-c4ccco4)n3Cc3ccccc3)N=C2C=C1,-3.663619041442871
guided,O=S(=O)(O)C[C@@H](c1ccc(F)cc1)N1CCCCC1,-2.8232955932617188
guided,COc1ccccc1[C@@H]1C(=O)NCCN1S(=O)(=O)c1cccc2cccnc12,-0.5197109580039978
guided,CCOc1ccc(N([C@@H](C)C(=O)Nc2cccnc2Cl)S(C)(=O)=O)cc1,-0.8668490052223206
guided,CC(C)C(=O)Nc1cc(C(F)(F)F)ccc1-n1ccnc1,-4.61722469329834
guided,COCCC(=O)N1CCC(n2nccc2NC(=O)c2ccccc2)CC1,-1.1875836849212646
guided,COCCN[C][C+]([C][N-2])[N-][CH+]C(O[N-][C+]1CCCC(O)C1)O[C+]1[CH+][CH+][C-](C)[CH+][CH-]1,-1.184852957725525
guided,Cc1cc(C)nc(NS(=O)(=O)c2ccc(N/C=C/C(=O)c3ccc(Cl)cc3)cc2)n1,-1.663657784461975
guided,CN1[CH+][C+](CC[C+]([O-])[O-])[CH+][N-]1.C[c+]1[cH-][c+](OCCN[C-]([O-])C2CC[C][C+]3[C+]2[CH+][CH-]N3C)[cH-][cH+][c-]1C,-0.3735741078853607
guided,[CH2-]N[S+](C[C+]([O-])NCCCN1CC[c-]2[cH+][cH-][cH+][cH-][c+]21)[N-][S+2]([O-])([O-])[c+]1[cH-][cH+][cH-][cH+][cH-]1,-0.3134966194629669
guided,[O-]N([O-])[C+]1=CN=C[C]/C1=[NH+]\C1CCCCC1,-1.271692156791687
guided,COc1ccnc2c1c(=O)n(CCC(=O)c1cccc(S(=O)(=O)N(C)C)c1)c(=O)n2C,-0.2332596480846405
guided,O[C@@H](COc1ccccc1)Cn1c2ccccc2c2ccccc21,-6.928789138793945
guided,CCCNCCCCSc1ccccc1N,-5.704838275909424
guided,[CH][N-][CH+][C][CH+][CH-][CH+][C]NC[c-]1[cH+][cH-][cH+][c-](OC)[c+]1OC,-4.535224437713623
guided,CCOP(=O)(OCC)C(C#N)=C1SCN(CCc2ccc(OC)c(OC)c2)CS1,-2.6796364784240723
guided,O=CO[C@H](Cc1ccccc1Cc1ccccc1)C(=O)O,-2.2359752655029297
guided,O=C(Nc1ccc(Cl)c([N+](=O)[O-])c1)N1CCCN(Cc2ccc(F)cc2)C1,-2.0291669368743896
guided,CCOCCCCCOCCCC(=O)OC,-4.457047462463379
guided,O=C(c1cc(COc2cccc3cnccc23)on1)N1CCC(c2ccccc2)CC1,-3.287909984588623
guided,[CH2+]CC(O)CCC[C+]1[C][N-][C+]([N-][C+]([N-2])[S-])[CH+][N-]1,-1.3336368799209595
guided,Cc1ccccc1NS(=O)(=O)c1ccc2c(c1)CCN2C(=O)C1CCC1,-2.4448397159576416
guided,Brc1cc(N2CCOCC2)ccc1OCCOCCN1CCCCC1,-6.3372979164123535
guided,COc1ccc(/C=C/C(=O)c2cc3ccccc3o2)cc1O,-3.4155848026275635
guided,Nc1ccc(Br)cc1-c1ncn[nH]1,-1.837304949760437
guided,NNC(=O)CCCCCCCCc1cc(=O)[nH]c(=S)[nH]1,-0.49117234349250793
guided,Nn1c(SCc2cccc([N+](=O)[O-])c2)nc2cc(Cl)ccc2c1=O,-0.7748793959617615
guided,[N-2][C+]1[N-][C][C][C+]([O-])[N-]1,-1.4908668994903564
guided,O=S(=O)(Cc1ccccc1)Nc1cc(S(=O)(=O)N2CCOCC2)ccc1N1CCOCC1,-0.2910480499267578
guided,CC(C)N1[C]([O])[C]2[C][C]([O])N(O)C3(CN(C)[C]([O])O3)[C]2[C]1[O].O[C-][NH+]C(CO)C(O)CO.[H+],-0.522784411907196
guided,S=C(NCCc1ccc2c(c1)OCO2)Nc1ccc(Cl)c(Cl)c1,-5.790805816650391
guided,[CH]O[N-][C][N-2],-4.327977657318115
guided,CCOC(=O)N1CCN(C(=O)CC(C)C)CC1,-3.6511762142181396
guided,F[C-](F)F,-13.636207580566406
guided,CO[c+]1[cH-][c+](C[c-]2[n-]n3[c+](C)[n-][c+]4[cH+][cH-][cH+][cH-][c+]4[c-]3o2)[cH-][cH+][c-]1OC,-2.515998125076294
guided,CN(CC(=O)Nc1ncccn1)S(=O)(=O)c1cccs1,-0.3755549192428589
guided,COCCCNCCOCCOc1ccccc1OC,-3.616499185562134
guided,C[C@H]1CCc2nn(-c3ccc(C(=O)O)cc3)cc2C1,-3.2636826038360596
guided,O=C(Cn1c(=O)c2cc3ccccc3n2c2ccccc21)NCCOc1ccccc1,-2.6317555904388428
guided,CCn1cc(CNCCCSC)c([C@@H](C)c2ccc(OC(F)F)cc2)n1,-6.481886386871338
guided,F[C-]1[C][C+](NC[c+]2[cH-][cH+][cH-][c+]3[cH-][cH+][cH-][cH+][c-]23)[N-][CH+][C+]1N1CCN([c-]2[cH+][cH-][cH+][cH+][n-]2)CC1,-5.017446517944336
guided,[H]/[O+]=C(\CCN1[CH-]C[C@@H](COc2ccc(Br)cc2Br)C1)c1ccccc1,-7.7880072593688965
guided,O=C(CN1CCN(S(=O)(=O)c2ccc(Br)cc2)CC1)NC(=O)NCc1ccco1,-0.29345375299453735
guided,O=C(c1cc2c(cc1CCc1ccc3c(c1)OCO3)CCCC2)N1CCCC1,-6.380526542663574
guided,CCC[C@@H]1N2c3n[c-]n(-c4ccccc4)c(=O)c3-c3nc(-c4ccc(F)cc4)oc3[O+]12,-3.3010973930358887
guided,O=C(CCC(=O)N1CCCCC1)NCCCN1CCC(Cc2ccccc2)CC1,-3.7811501026153564
guided,Fc1ccccc1OCCn1ccnc1,-7.122910976409912
guided,COc1ccc(-c2noc(CCC(=O)NCc3ccn[nH]3)n2)cc1OC,-0.3056582808494568
guided,O=C(O)CCNc1ncnc2sccc12,-1.168882966041565
guided,Br[C]1[CH][CH][C]([O+][C]2[CH][CH][C][C]([C]3[CH][N][C]4[CH][CH][CH][CH][C]4[N]3)[CH]2)[C](Br)[CH]1,-6.06951379776001
guided,Cc1cccc(OCC(=O)Nc2ccccc2N2CCCC2)c1,-5.330082893371582
guided,COc1cc2nc(Cl)nc(N3CCOCC3)c2cc1OC,-2.793012857437134
guided,CCOC(=O)c1c(Cl)cc(NC(=O)/C=C/c2cccs2)cc1OC,-3.1076481342315674
guided,CCCOc1ccc(NC(=S)N(Cc2ccccc2)C(C)C)cc1,-9.494341850280762
guided,CO[c+]1[cH-][c+]([C-]2C[C@@H]3CN(C[c+]4[cH-][cH+][cH-][cH+][c-]4O[C+]([O-])[c+]4[cH-][cH+][cH-]o4)[C+]([O-])[C@@]34CC[C][N@@H+]24)[cH-][cH+][c-]1OC,-0.2770167589187622
guided,FC(F)(Cc1c[nH]c2ccccc12)C1=NCCN1,-5.08290433883667
guided,CCO[C-]([O-])C(CCS[C+]([O-])[c+]1[n-][c+]2[cH-][cH+][cH-][cH+][c-]2[c+]([O-])o1)N[C+]([O-])[CH+]O[c+]1[cH-][cH+][cH-][c+]2[cH-][cH+][cH-][cH+][c-]12,-0.28570178151130676
guided,O=C(Nc1cccc2ccc(O)cc12)N1CCOCC1,-2.348017930984497
guided,O=C(NC(=S)Nc1ccc(Br)cn1)c1ccccc1,-3.4455995559692383
guided,COc1ccc([C@H]2CC(=O)C=C(NCc3ccccc3)C2)cc1,-6.002200603485107
guided,COCCNC(=O)CCCCn1c(=O)c2cccn2c2cccnc21,-0.9180341362953186
guided,CCc1nnc(SCC(=O)Nc2ccc3c(c2)CCC3)n1N,-0.6299307346343994
guided,COCCCC1CCN(Cc2c(C)[nH]c3cc(OC)ccc23)CC1,-6.400164604187012
guided,CC(=O)Nc1ccc(S(=O)(=O)NCC(=O)NCC(=O)OCC(=O)N(C)c2ccc(F)cc2)cc1,-0.2939724624156952
guided,CO[C@H]1CCC(CNC(=O)c2ccc(N(C)C)cc2)=C2C=CC=N[C-]21.[H+],-3.4313371181488037
guided,O=C(c1ccc(Br)cc1O)[C@H]1CCCN(C(=O)CSc2ccccc2)C1,-3.942995309829712
guided,[H]/N=[NH+]/[S+]([O-])[O-],-1.1062780618667603
guided,CN1CCc2cccc(OCC(=O)N(C)[C@@H]3CCS(=O)(=O)C3)c2CC1,-1.6942864656448364
guided,O=[N+]([O-])c1cc(Cl)c(O)c2ncccc12,-1.3746389150619507
guided,NOCC(=O)Nc1ncc(-c2ccccc2)s1,-0.9852687120437622
guided,O=S(=O)(Cc1ccccc1)Nc1cccc2c1CCCC2,-4.698692798614502
guided,Cc1cc(C)c(OCCN2CCCCC2)c(Cl)c1,-10.928390502929688
guided,COc1ccc2c(c1)N1C(=O)c3ccccc3NC1=C[C-]2OC.[H+],-3.897796869277954
guided,C=CCNc1nc([C@@]2(C)C[C@@]3(CC(C)(C)OC3=O)C(=O)O2)cs1,-1.3361680507659912
guided,[O-][C+](NCC1CCCO1)[c-]1[cH+][c+]2n([n-]1)C(C(F)(F)F)C[C-]([c+]1[cH-][cH+][cH-]o1)N2,-0.5705681443214417
guided,Clc1ccc(/N=C/N/N=C/C=C/c2ccco2)cc1Cl,-5.036416053771973
guided,CO[N-][c+]1[n-][c+](OC)[n-][c+](O[c+]2[cH-][cH+][c-](Cl)[cH+][cH-]2)[n-]1,-0.8561634421348572
guided,O=S(=O)(c1ccccc1)N1CCN(c2ncnc3scc(-c4ccccc4)c23)CC1,-2.6660993099212646
guided,CCOC(=O)Nc1sc(=S)n(C)c1C,-4.762484073638916
guided,[CH2-]CN(C[C+]([CH2-])C)[C-]([S-])N[C+]1[CH+][CH-][CH+][C-]([S+2]([O-])([O-])N(C)[c-]2[cH+][cH-][cH+][cH-][cH+]2)[CH+]1,-2.1575944423675537
guided,[O-]O[c+]1[cH-][c+](N([O-])[O-])[cH-][c+]2[c-]1OCO2,-0.46211370825767517
guided,CN(Cc1ccccc1)C(=O)c1cc(COc2ccc(F)cc2Cl)on1,-4.1141486167907715
guided,CN1CCN(C(=O)c2cccn2C)CC1,-6.744594097137451
guided,CCNC(=S)N(CCc1ccccc1)CCc1nc(-c2cccs2)no1,-3.8464415073394775
guided,O=C(Nc1cccc(-c2nnco2)c1)c1cccc(F)c1,-2.1077358722686768
guided,CCN(CC)S(=O)(=O)c1ccc(C(=O)O[C@@H]2CCCCC2=O)cc1,-1.0987913608551025
guided,CCNC(=O)CP(=O)(c1ccccc1)c1ccccc1,-4.086169719696045
guided,CN(C)S(=O)(=O)N1CCN(S(=O)(=O)N2CCOCC2)CC1,-0.6266293525695801
guided,O=C(CN1CCN(c2ccccn2)CC1)N/N=C1\C(=O)Nc2ccc(Br)cc21,-0.3714855909347534
guided,C[C@@H](CN(C)Cc1ccccc1)OC(=O)c1ccc(Oc2ccccc2)cc1,-7.088511943817139
guided,[OH-],-7.230311870574951
guided,Brc1ccccc1OCCN1CCCC1,-10.370148658752441
guided,N#C[C][N+]#S([O-])([O-])[C+]1=C([N+](=O)[O-])C=CC=C1,-0.5608698129653931
guided,NS(=O)(=O)c1cccnc1Nc1cccc2ncccc12,-0.35427239537239075
guided,CO[c-]1[cH+][cH-][c+]2[c-](CCN(C)CC(O)COC3[CH-]C(C)(C)OCC3)[cH+][nH][c-]2[cH+]1,-2.075098752975464
guided,N[P@@](=O)(Oc1ccccc1)Oc1ccccc1F,-2.8394851684570312
guided,CCNc1nc2ccccc2[nH]1,-4.907870769500732
guided,CCC1=N[C@@H](c2ccc(OC)cc2)N(O)C1(C)C,-4.639706611633301
guided,O=C(NN1CCOCC1)c1cccc(CNc2ccccc2)c1,-3.1799986362457275
guided,[H]/N=C1C(=C\c2ccc(OC)c(C)c2)/C(=O)N=C2SC(CC(=O)N3CCCCC3)=NN2/1,-0.9020256996154785
guided,CC(=O)N[C@H](NC(=O)c1cc(Br)ccc1Br)c1ccccc1,-3.467763662338257
guided,Nn1cc([N+](=O)[O-])nc1[N+](=O)[O-],-0.5498107075691223
guided,O=S(=O)(NC[C@H](O)c1ccccc1)c1ccccc1,-1.8002344369888306
guided,[O-][C]c1nn([C+]2=CC=CC=C2)nc1NC1=NN(c2ccc(Br)cc2)CS1,-1.128849983215332
guided,Cn1c(N)c(C(=O)COC(=O)[C@H](Cc2ccccc2)N2C(=O)c3ccccc3C2=O)c(=O)n(C)c1=O,-0.25819724798202515
guided,C=C/[C-]=N/[C-]=[N+]1CCC(C(=O)N2CCN(c3ccc(F)cc3)CC2)CC1.[H+],-5.1679840087890625
guided,CN[C-]1[CH+][N-]N([C+]2[CH+][CH-][c+]3[cH-][cH+][cH-][cH+][c-]3[CH+]2)[C-]([O-])[C+]1N1[N-][C+]([C+](N)[O-])[c-]2[cH+][cH-][cH+][cH-][c+]2[C-]1[O-].[H+],-0.32177191972732544
guided,Cn1c(=O)c2c(nc(CN3CCCCC3)n2CCc2ccc(-n3ccnc3)cc2)n(C)c1=O,-0.7226340770721436
guided,COc1cc(Cn2ccnc2C)cc(Br)c1O,-4.1911187171936035
guided,O=C(/C=C/c1ccco1)NCC(=O)N/N=C/c1cccs1,-0.680653989315033
guided,C=CCNS(=O)(=O)c1ccc(NC(=O)Cc2ccc(OC)cc2)cc1,-0.763405442237854
guided,CCc1nc(-c2ccc(F)cc2)c2ccccn12,-9.755048751831055
guided,Cc1cccnc1CSc1nc2c(c(=O)n(C)c(=O)n2C)n1C,-1.113361120223999
guided,CC[C@@H](/[S+]=c1\nc2sc(C)c(C)c2c([O-])n1-c1ccccc1)C(=O)Nc1nnc(CCCCC(C)C)s1,-3.436647653579712
guided,O=C1CN(Cc2ccccc2F)CN1c1ccc(Cl)cc1,-8.266939163208008
guided,CN(c1ccccc1)S(=O)(=O)c1cccc(-n2sc3ccccc3c2=O)c1,-3.372866153717041
guided,CN1CCN(C(=O)C2=C[C@H](c3coc4ccccc4c3=O)C[C@H](OCCCCO)O2)CC1,-0.48340049386024475
guided,CCN(CC(=O)NCCc1cccc(C(F)(F)F)c1)Cc1ccccc1,-7.049137592315674
guided,FC(F)Oc1ccccc1NC(=S)Nc1ccccc1Cl,-7.658355712890625
guided,[O-][C+](N[N-][CH+][c-]1[cH+][cH-][c+](S[c-]2[n-][cH+][cH+]s2)o1)[C-]1CO[c+]2[cH-][cH+][cH-][cH+][c-]2O1,-0.7942520380020142
guided,COc1cc(S(=O)(=O)NCCN2CCCC2)c(C)cc1C,-2.5117757320404053
guided,O=C(N/N=C/[C-]=C\c1ccccc1[N+](=O)[O-])c1ccccn1.[H+],-0.5084474682807922
guided,O=C(Nc1ccccc1N1CCN(C(=O)c2ccc(OCc3cnn(-c4ccccc4)c3)cc2)CC1)c1c(F)cccc1F,-3.819239377975464
guided,CCOC(=O)N1CCN(C(=O)c2cc3c(=O)n4cccc(C)c4nc3s2)CC1,-0.7673583626747131
guided,O=C(Nc1ccc(-c2nc3ccccc3s2)cc1)c1ccccc1,-6.660244464874268
guided,O=C(NC(=S)Nc1nccc(-c2ccco2)n1)c1ccccc1F,-1.251537561416626
guided,Cc1c(C(=O)Nc2nnn(C)n2)oc2ccccc12,-0.5808097720146179
guided,O=C(NNc1c(F)c(F)cc(F)c1F)c1cn(-c2ccccc2)nc1-c1cccc(Br)c1,-5.082754611968994
guided,Brc1ccccc1CNCCc1cccnc1,-7.95858097076416
guided,Clc1ccccc1OCCn1cc2c(n1)CCCCC2,-8.018948554992676
guided,Cc1nc(/C(N)=N/OC(=O)Cc2ccccc2)cs1,-1.0381848812103271
guided,Cc1c(C(=O)C(=O)NC(C)C)c2ccccc2n1C,-3.4287946224212646
guided,CCCCCOc1ccccc1CCNCCCO,-5.011887073516846
guided,CC(C)C(=O)Oc1ccc2c(c1)oc1ccccc12,-6.07199764251709
guided,Fc1ccc([C@@H](c2ccccc2)N2CCN(c3ncncc3F)CC2)cc1,-6.863920211791992
guided,CCNCc1ccc(CNC(=O)c2ccco2)cc1,-3.150818109512329
guided,CN(C)C(=O)N/N=C\c1ccc(C(C)(C)C)cc1,-4.5010151863098145
guided,O=C(/C=C/c1ccc([N+](=O)[O-])cc1)c1ccco1,-1.7528177499771118
guided,[O-][C+]1[CH-][CH+][CH-][c+]2[cH-][c+](N([O-])[O-])[c-](Cl)[cH+][c-]2N1CCCCCCCN1CCC(O)CC1,-0.9764884114265442
guided,O=C(Cc1ccccc1F)Nc1nnc(COc2ccc(F)cc2)s1,-2.715012311935425
guided,O=C(C[C@@H]1CC(=O)N(C2CC2)c2[nH]c(=O)[nH]c(=O)c21)N1CCOCC1,-0.46896064281463623
guided,O=[N+]([O-])c1cc(Cl)ccc1S(=O)(=O)Oc1ccc(F)cc1,-1.1639869213104248
guided,[C-3]NNC1CCCCC1,-7.869387149810791
guided,COCc1ccc(CN2CCC(C(=O)Nc3ccc(-c4cccc(Cl)c4)cc3)CC2)o1,-5.427961826324463
guided,O=[N+]([O-])c1cccnc1NNCCO,-0.4802091419696808
guided,[O-]C[CH+][C][C]C[C+]([C+]([O-])O)[C+]([C][C]C[C]CC[C+]1[CH+][CH+]C(O)CC1)CC1CCC2(CC1)[C-]([O-])N[c+]1[cH-][cH+][cH-][cH+][c-]12.[OH-],-0.7632431983947754
guided,CC(=O)Nc1ccc(C2=NCCN2)cc1Cl,-3.125906467437744
guided,[O-][C+]1CCCN1CCCC[N-]CC1CCCC([c+]2[cH-][cH+][c-]([C+]([O-])N3CCN([c-]4[cH+][cH-][cH+][cH+][n-]4)CC3)[cH+][cH-]2)C1,-1.2897653579711914
guided,[CH2][C]([O-])[C]1[C](C)[CH][CH][C]([C]2[C]([CH][CH][C]([O-])C(F)(F)F)CC3[C]([O])N(C)C[C+]([O])N23)[C]1[CH2],-0.6089054942131042
guided,CC[C@H](NS(=O)(=O)c1ccc(C)cc1)C(=O)NC1CCCC1,-1.281986951828003
guided,Brc1ccc(-c2nc3ncccn3c2NC2CCCCC2)o1,-4.356814384460449
guided,CCC(=O)Nc1cccc(C(=O)Nc2ncc([N+](=O)[O-])s2)c1,-0.6415467262268066
guided,COc1ccc(C2(CNC(=O)C(C)C)CCCC2)cc1OC,-4.401872634887695
guided,CC(=O)N1CC=C[C@@H]1C(=O)NC1(C(=O)NC2CCN(C3CCCCC3)CC2)CCCCC1,-1.1876217126846313
guided,COc1cc(CC(=O)Nc2cc(C)cc(C)c2)ccc1Oc1nc(Cl)ncc1F,-2.9793334007263184
guided,CCC[C@@H](NS(=O)(=O)c1ccc(Br)cc1)C(=O)OCC(=O)Nc1ccc(N2CCCCC2)cc1,-1.4598551988601685
guided,O=C(Nc1ccccc1NC(=O)NC(F)(F)C(F)(F)F)NC1CCCCC1,-2.217034101486206
guided,O=C(CSc1nnc(C2CCCCC2)o1)[C@@H]1COc2ccccc2O1,-1.9603620767593384
guided,Br/[C-]=[N+]1/C([C@H](/[S+]=c2/cc[cH-]cn2)c2ccccc2)=Nc2ccccc21,-8.567992210388184
guided,[H]/N=C1\c2cnoc2[C@@H](c2ccc(Cl)c(Cl)c2)N1c1ccnc2ccccc12,-4.186206340789795
guided,Clc1ccc(N2C=N[C@H](Oc3cccnc3)CC2)cc1Cl,-6.317783832550049
guided,O=C1CC[C@H](Cc2ccc(NC(=O)c3ccccc3Br)cc2)N1,-3.2702133655548096
guided,O=C1CN(CC(=O)N2CCCCC2)C2=C=C=C=C=C2O1,-3.6238722801208496
guided,FC(F)Oc1ccc(NC(=S)NCCc2c[nH]c3ccccc23)cc1,-4.90256929397583
guided,[NH-]CC(O)CCC[C+]1[CH-]N(CC[c+]2[cH+][c+]3[cH-][cH+][cH-][cH+][c-]3n3[n-][n-][n-][c+]2-3)[N-][N-]1,-0.5504841208457947
guided,[S-]P(N1CCOCC1)N1CCOCC1,-7.566181659698486
guided,CO/N=C(/NC(=O)c1ccccn1)c1ccccn1,-0.9675351977348328
guided,Clc1ccc(-c2noc3ncnc(N4CCOCC4)c23)cc1,-2.2775800228118896
guided,[CH2-]C[C@H](CC/C=[O+]\S(N)(=O)=O)c1ccccc1,-1.4184237718582153
guided,COCc1c(C(=O)NNC(=O)c2ccc(C)cc2)nnn1-c1nonc1N,-0.32708320021629333
guided,COc1cc2c(cc1OC)[C@@](C)(C(=O)N1CCCC1)CC2=O,-2.9499905109405518
guided,CN(C)CCCN[C@H]1CS(=O)(=O)C[C@H]1O,-1.5525134801864624
guided,CCCCn1c(=O)n(CC(=O)c2cccs2)c2ccccc21,-4.989587783813477
guided,CCOCCCn1c(SCc2cc(=O)n3ccsc3n2)nc2ccccc2c1=O,-1.4010295867919922
guided,O=[N+]([O-])c1ccc(NC2=NS(=O)(=O)c3ccccc32)cc1NCCOCCO,-0.3375009596347809
guided,O=[N+]([O-])c1cccc2c(S(=O)(=O)N3CCCC3)cccc12,-1.0844095945358276
guided,COc1ccc(Br)cc1CNC(=O)c1ccc(C(C)(C)C)cc1,-6.736784934997559
guided,CN(Cc1ccccc1)C[C@H](O)COCc1ccc2ccccc2c1,-6.936563491821289
guided,COCCC(=O)N1CCNC(=O)[C@@H]1CC(=O)Nc1nccs1,-0.332385390996933
guided,O=C(NCCOc1ccccc1C1CCN(Cc2ccccc2)CC1)c1ccccc1,-6.384246826171875
guided,COCCN(C(=O)c1csnn1)[C@@H](C(=O)NC1CCCCC1)c1cc2cc(C)ccc2[nH]c1=O,-0.7837703824043274
guided,CC(C)(C)C(=O)OCc1cn(-c2ccccc2)nn1,-2.8663365840911865
guided,CCCCNC(=O)[C@]12C[C@H]3C[C@H](C[C@H](C3)C1)C2,-7.362904071807861
guided,S=c1n(Cc2ccccc2)c2ccnc3c2n1CCCC3,-8.831984519958496
guided,O=C(/C=C\c1ccccc1)Nc1ccc(NC(=O)c2c(F)cccc2Cl)c(C(=O)O)c1,-2.3684260845184326
guided,CO[c-]1[cH+][cH-][cH+][cH-][c+]1N1[CH-]CN(C[c+]2[cH-][cH+][cH-][c+]3[cH-][cH+][cH-][cH+][c-]23)CC1,-10.469584465026855
guided,C=[N+]=[C-]/[S+]=C/C.C[C-](C)Oc1ccc(Br)cc1,-8.21442985534668
guided,COC(=O)c1ccccc1NC(=S)N(Cc1ccccc1)Cc1ccc(OC)c(OC)c1,-4.140611171722412
guided,COc1ccccc1C(=O)NNC(=O)/C(Cl)=C/c1ccccc1,-1.97368323802948
guided,C[C@@H](Cc1cccs1)NC(=O)Nc1ccc(S(N)(=O)=O)cc1,-0.46516281366348267
guided,Cn1c2ccc(F)cc2c2nnc(SCC(=O)Nc3cccc4cccnc34)nc21,-1.5194993019104004
guided,CCOc1ccc(OCCOCCN2CCc3ccccc3C2)cc1,-7.014962673187256
guided,CCC(=O)c1ccc(S(=O)(=O)N2C[C@H](C)O[C@@H](C)C2)cc1O,-0.7959582805633545
guided,O=C(NNS(=O)(=O)c1ccccc1C(F)(F)F)c1cc(-c2ccccc2Cl)n[nH]1,-1.0097802877426147
guided,Cc1ccc2c(COC(=O)CNC(=O)c3ccccc3Cl)cc(=O)oc2c1,-1.1448628902435303
guided,COc1cccc(S(=O)(=O)N2CCC(C(=O)NC[C@H]3CCCCO3)CC2)c1,-0.6885554194450378
guided,N#Cc1sc2nc3c(c(-c4ccc(F)cc4)c2c1N)CCCC3,-3.5236778259277344
guided,CCOc1ccc2nc(-c3ccc(OC(=O)N(CC)S(=O)(=O)c4ccccc4)cc3)cc(C)c2c1,-3.371544599533081
guided,Clc1ccc([C@H](c2c[nH]c3ccccc23)N2CCN(c3ncccn3)CC2)cc1,-5.133305072784424
guided,[F-],-5.0
guided,CO[C]1[CH][CH][CH][C]([C]([O])[O+][N][C][CH][CH][C]2[CH][CH][CH]O2)[CH]1,-2.2023801803588867
guided,[C-2]=[N+]1N=[O+]C(NC(=O)/C=C(\C#N)c2ccc(Cl)cc2)=N1,-0.4732487201690674
guided,O=C(Nc1cccnc1)N1CCC[C@H](O)C1,-1.8266408443450928
guided,COc1ccc(-c2nnn(CC(=O)N(Cc3ccco3)C3CCCCC3)n2)cc1,-1.163513422012329
guided,O=C(C1CC1)N1CCc2cc(S(=O)(=O)NCCCCO)ccc21,-0.6131006479263306
guided,Cc1cc(C(F)(F)F)nn1CCCC(=O)Nc1cc(C(C)(C)C)nn1-c1ccccc1,-3.9490668773651123
guided,O=C(NNC(=O)C1CCN(S(=O)(=O)CCC(F)(F)F)CC1)C1CCCCC1,-0.6100976467132568
guided,CCOc1ccc2c(c1)[C@H](N(CCN1CCOCC1)C(=O)Nc1ccccc1)CC(C)(C)O2,-3.495786666870117
guided,O=C(NCCc1ccc(OS(=O)(=O)c2ccc(Cl)cc2)cc1)c1cccs1,-2.4566898345947266
guided,CC1=C(C(=O)OC2CCCCC2)[C@@H](c2ccc(C)o2)C2=C(CCCC2=O)N1,-3.1353273391723633
guided,N#Cc1ccc(C(N)=S)cc1,-3.6154086589813232
guided,Fc1ccc(-c2nnc(N3CCOCC3)c3ccccc23)cc1,-5.67966365814209
guided,C[CH-]CC(C[C+]([C+]([O-])OCC)[C-](C)C)[C+]([O-])NC(C[c+]1[cH-][cH+][c-]([S+2](N)([O-])[O-])[cH+][cH-]1)[C+]([O-])O,-0.41446176171302795
guided,COc1ccc(N(CC(=O)NC2CCCCC2)C(=O)CCCC(=O)Nc2ccccn2)cc1,-1.157560110092163
guided,COc1ccccc1/C=N/N1CCN(c2ccc(C)cc2C)CC1,-7.481654167175293
guided,CCOc1cc(C(=O)Nc2c(C)ccc3nsnc23)cc(OCC)c1OCC,-2.1129343509674072
guided,COCCNC(=O)Cn1cnc2c(oc3cccc(C)c32)c1=O,-0.5004566311836243
guided,Clc1ccccc1OCCOc1ccccc1Br,-10.208868026733398
guided,[O-][C+](O)[C][N-][C+]1[CH+][CH-][CH+][C-](N[c+]2[cH-][cH+][cH-][c+](C(F)(F)F)[cH-]2)[CH+]1,-1.8948131799697876
guided,O=C(Nc1ccc(S(=O)(=O)NCc2ccccc2)cc1)c1ccccc1[N+](=O)[O-],-0.9685231447219849
guided,Cc1ccc(NC(=O)NCCN2CCCCC2)cc1,-4.530295372009277
guided,O=C(O)CSc1nnc(Cc2ccccc2)n1CCc1ccccc1,-2.2280735969543457
guided,O=S(=O)(c1ccc(NC(=S)NCCN2CCCCC2)cc1)N1CCOCC1,-1.2500373125076294
guided,O=C(COC(=O)C[CH-]N(C(=O)c1ccccc1)c1ccccc1NC#[O+])Nc1cccc(F)c1,-1.333215594291687
guided,NC(=O)c1oc2ccccc2c1NC(=O)c1ccco1,-0.4778059124946594
guided,O=C(/C=C/c1ccco1)N/C(=C/c1ccco1)C(=O)NCCSc1ccccn1,-0.9247274994850159
guided,[OH-],-7.230311870574951
guided,[CH2+]C[S@@](=O)([O-])=N/C(N=c1cc[c-](S(N)(=O)=O)cc1)=[S+]/CC(=O)Nc1ccccc1,-0.26444756984710693
guided,CN1CCN(c2ncnc3c2[nH]c2ccc(Cl)cc23)CC1,-3.9516866207122803
guided,O=NN1CCN(Cc2ccc3c(c2)OCO3)CC1,-2.968557357788086
guided,C[C@@H](O)CNc1ncnc2cc(-c3ccccc3)sc12,-3.064192533493042
guided,NC(=O)[C@H](c1cccc([N+](=O)[O-])c1)N(C(=O)C1CC1)c1ccc(F)cc1,-0.6717830300331116
guided,[O-]N([O-])[C+]1[C][C+](S[c-]2[n-][c+]3[cH+][cH-][cH+][cH-][c+]3s2)[CH+][CH-][C+]1NC[c-]1[cH+][cH-][cH+][cH-][cH+]1,-2.48250412940979
guided,COc1ccc(OCCNC(=O)CCC(=O)Nc2ccc(F)cc2C)cc1,-1.4512653350830078
guided,CSCCOc1ccccc1,-10.90953540802002
guided,C[C@H]1Oc2ccccc2N(CC(=O)c2cccc(Cl)c2)C1=O,-4.5383687019348145
guided,O=S(=O)(/C=C/c1ccccc1)NCCSc1ccccc1,-4.595867156982422
guided,[NH2-],-6.633124351501465
guided,O=S(=O)(NCCCNc1nccc(C(F)(F)F)n1)c1ccccc1,-0.7989436984062195
guided,O=[N+]([O-])c1cc(NC(=S)Nc2ccc(F)c(Cl)c2)ccc1N1CCCCC1,-3.619793653488159
guided,CCOCc1nc2[s+]c(C)c(C)c-2c([O-])[nH]1,-2.4451992511749268
guided,COc1cc(C(=O)N/N=C/c2ccccc2OCc2ccc(F)cc2)cc(Cl)c1OC,-3.2869858741760254
guided,COc1ccccc1OCCSc1ncccn1,-4.476670265197754
guided,[C-]#[N+]C(c1ccccc1)c1ccccc1.[H+].[NH2+]=[C-]C(=O)[O-],-1.4618501663208008
guided,FC(F)Oc1ccc(-n2cn[nH]c2=S)cc1,-4.802175998687744
guided,O=C(NC(=S)NC[C@@H]1CCCO1)c1ccco1,-2.0430312156677246
guided,Cc1[nH]n(CCc2ccccc2)c(=O)c1-c1ccc2ccccc2c1,-6.705228805541992
guided,CCC(=O)OCc1nnc(-c2ccccc2)o1,-2.0072548389434814
guided,CC(C)N(C(=O)Cc1ccccc1[N+](=O)[O-])C(C)C,-2.421578884124756
guided,Cc1ccc([C@@H](c2nnnn2C[C@@H]2CCCO2)N2CCN(c3cccc(C)c3C)CC2)cc1,-3.234039068222046
guided,COc1cccc(Cc2cccn2CC=C(C)C)c1O,-6.623344898223877
guided,CC(C)CCCNC(=O)CN(C)Cc1ccco1,-4.235420227050781
guided,NC(=O)N[N+]1=C2CCC3=C([O-])NC(=O)C3=C[C@H]21,-0.4603707194328308
guided,COc1ccc2[nH]cc(CCN)c2c1,-3.4398913383483887
guided,[H]/[O+]=N/C1=C[C@]2(CC[CH-]CCC2)Cc2onc(C(=O)OC)c21,-1.179795742034912
guided,COc1ccc(-c2cc(C)no2)cc1S(=O)(=O)Nc1ccc(NC(=S)N/N=C/c2cccnc2)cc1,-1.4969223737716675
guided,F[c-]1[cH+][cH-][c+](-[c-]2[n-][c+]3[cH+][cH-][cH+][cH-][c+]3[c-]3[c+]2[N-][CH+][N-][N-]3)[cH-][cH+]1.[H+],-5.122408866882324
guided,Oc1cc2c(cc1CN1CCCCCC1)OCO2,-4.867532730102539
guided,N[S+2]([O-])([O-])[C-]1[CH+][C][C+](N(C2CCCC2)[S+2]([O-])([O-])[c-]2[cH+][cH-][c+](Br)[cH-][cH+]2)[CH-][CH+]1,-0.6781013011932373
guided,COCCCNC(=S)Nc1ccc(SC(F)F)cc1,-6.610306262969971
guided,[CH2+]CCCC[CH+][C][C+]([O-])[N-][C+]1CCCN([C-]([O-])OCC)C1.[H+],-1.4439033269882202
guided,COc1cc(/C=N\NC(=O)c2ccc3ccccc3c2)cc(OC)c1O,-1.4070638418197632
guided,C[C@@H](O)CN(CCC(N)=O)CCC(=O)O,-0.46211370825767517
guided,CCCCN(C(=O)CCC(=O)Nc1nccs1)[C@H](C(=O)NC1CCCCC1)c1ccc(F)cc1,-2.232760190963745
guided,COc1ccc([C@@H]2C(C(=O)c3cccs3)=C(O)C(=O)N2c2cc(C)on2)cc1OC,-1.2374933958053589
guided,O/N=C/c1cc2ccccc2n1Cc1ccccc1,-5.9406352043151855
guided,Clc1ccccc1CNc1ncnc2nc[nH]c12,-2.1033403873443604
guided,CC(=O)N1c2ccc(S(=O)(=O)NC[C@H]3CC[C@H](C(=O)N4CCOCC4)CC3)cc2C[C@@H]1C,-0.5493255257606506
guided,COc1ccc(CCNc2c(O)ccc3ccccc23)cc1OC,-4.565966606140137
guided,CCOc1cc(C(=O)NCCSc2ccccc2)cc(OCC)c1OCC,-4.050243377685547
guided,[O-][S+2]([O-])([C-]1[C][C+]2[CH+][CH-][CH+][CH-][C+]2[CH-][CH+]1)N1CCN([c-]2[cH+][cH-][cH+][cH-][c+]2F)CC1,-3.382817029953003
guided,Cc1ccc2[nH]c(=O)c([C@@H](C(=O)O)N3CCC(C(=O)N4CCOCC4)CC3)cc2c1,-0.3680649995803833
guided,O=C(c1ccccc1)[C@@H](O)c1ccccc1,-5.581847190856934
guided,Nc1nc(F)cc(NCc2cccnc2)n1,-1.0540884733200073
guided,OC(C[c+]1[n-][c+](N2CCOCC2)[c-]2[cH+][cH-][cH+][cH-][c+]2[n-]1)[c-]1[cH+][cH-][cH+]n2[c+]1[N-][CH+][CH-][CH-]2,-1.201902985572815
guided,[C-3][CH+][CH+][CH+][C][CH+][CH+][CH+][C-3].[CH2-]N1[N-][N-][N-][C+]1N[C+]([O-])N[C+]([O-])C1CCCCC1,-0.5367551445960999
guided,Nc1nnc(SCC(=O)N2CCN(c3ccccc3F)CC2)n1-c1ccccc1,-0.989629328250885
guided,C[c+]1[cH+][c-](C)[n-][c+](N[S+2]([O-])([O-])[c-]2[cH+][cH-][c+](N[C-]([O-])CS[c+]3[n-][c+]4[n-][cH+][n-][cH+]n4[nH]3)[cH-][cH+]2)[n-]1,-0.2674061954021454
guided,O=C(O)c1cccc(OCCn2ccnc2)c1,-1.9613940715789795
guided,CCN1CC(=O)N2[C@H](c3ccco3)[C@@H]3C(=O)N([C@H](C)C(=O)OCCOC)C(=O)[C@@H]3[C@]2(C)C1=O,-0.41068097949028015
guided,[CH2-]N(CCN)[C-]([O-])CNC[C+]1[CH+][CH-][CH+][CH-][CH+]1,-2.062307357788086
guided,[CH2-][c+]1[cH-][cH+][c-]2[c+](C[C][N-2])[cH-]o[c+]2[cH-]1,-6.107235431671143
guided,CCC(=O)Nc1ccc(S(=O)(=O)N2CCOCC2)cc1,-1.059086561203003
guided,Cc1ccc2cn[nH]c2c1N,-3.036670446395874
guided,CC[C@H](C)N(C)C(=O)c1ccccn1,-6.059438228607178
guided,CC(=O)Nc1c(C(=O)N2CCOCC2)cnn1-c1ccc(F)cc1,-1.030297875404358
guided,C[C@H](CN1CCN(c2ccccc2)CC1)OC(=O)c1ccc(S(=O)(=O)N2CCOCC2)cc1,-0.9417963624000549
guided,S[C]C1([C]2C[N][C](NC[C]3[CH][CH][CH][C](Cl)[CH]3)[N]2)[C]2[N+][C]21,-3.204585313796997
guided,O=NN1CCN(c2ccc([N+](=O)[O-])cc2-n2cccc2)CC1,-0.8316894769668579
guided,CC(/C=N/NC(=O)[C@@H]1CC(=O)N(c2ccc(Br)cc2)C1)=C\c1ccccc1,-3.241486072540283
guided,Brc1ccc2nc(N3CCCCC3)sc2c1,-10.303413391113281
guided,[O-][S@+](NCc1ccco1)[C@]12C[C@H]3C[C@H](C[C@H](C3)C1)C2,-4.267718315124512
guided,OC[C@@H](O)CN1CCN(c2nc3ccccc3s2)CC1,-2.2744410037994385
guided,O=C(NC[C@H]1CCCO1)c1ccc(-c2cc3ccccc3oc2=O)cc1,-2.172475576400757
guided,COc1ccc(OCc2cc(C(=O)N3CCC[C@@H](CO)C3)no2)c2ccccc12,-1.1373867988586426
guided,CCCCN(C(=O)NC(=O)Nc1ccc(OC)cc1Br)S(=O)(=O)c1ccccc1,-1.520925521850586
guided,N#CC1=[N+]=N[C@@]23C4([O-])N5[C-]6N7[C@]12[S@OH20]65743.[H+],-1.0976006984710693
guided,CCCNC(=O)CSCCC,-6.818594455718994
guided,Cc1ccc(OC[C@@H](O)Cn2c3ccccc3c3ccccc32)c([N+](=O)[O-])n1,-1.3533662557601929
guided,[O-][S+]([O-])[c+]1[n-][c+]2[cH-][cH+][cH-][cH+][c-]2n1CCO[c+]1[cH-][cH+][cH-][cH+][cH-]1,-1.2368561029434204
guided,CCOC(=O)N(CCO)CCOCCN(CCOC)C(=O)OC(C)(C)C,-0.5371532440185547
guided,C=C(C)/C=C1\[C-]=CC(C(=O)OC)=[N+]1CC(=O)O,-1.8340356349945068
guided,CO[c-]1[cH+][cH-][c+]([C-]([O-])N[C+]2[CH+][C-]([O-])[CH+][CH+][CH-]2)[cH-][c+]1[S+2]([O-])([O-])N[c-]1[cH+][cH-][c+](F)[cH-][cH+]1,-0.2993209660053253
guided,S=c1[nH]nc(CN2CCCC2)n1-c1ccc2c(c1)OCCO2,-3.034268856048584
guided,Cl[CH-]Cl.[O-][P-]C[C+]1[CH+][CH-][CH+][c-]2[n-][cH+][cH+][cH-][c+]21,-5.661042213439941
guided,O=C(NCCc1ccc2c(c1)OCCO2)C1(c2ccccc2)CCOCC1,-3.02514386177063
guided,C=C[N-]C(C)(C)C/C=[O+]/c1ccc(C(=O)c2ccccc2)cc1,-6.468693256378174
guided,O=C(/C=C/c1ccccc1[N+](=O)[O-])c1ccc(O)cc1,-1.402508020401001
guided,Cc1ccc(CNS(=O)(=O)c2ccc3c(c2)NC(=O)CO3)cc1,-0.6433840394020081
guided,CC(=O)N1CCOc2ccc(S(=O)(=O)NCCc3ccccc3)cc21,-1.1243054866790771
guided,S=C(Nc1ccccc1)NC1CCCC1,-8.06142520904541
guided,COc1ccccc1NC(=O)C(=O)N(CC(=O)NC1CCCCC1)c1ccccc1OC,-0.8065907955169678
guided,F[C+]([CH-][c+]1[cH+][n-][cH-][cH+][cH-]1)[c+]1[cH+][c-]2[cH+][cH-][c+]([CH-]CCl)[c-](Cl)n2[n-]1,-7.087822914123535
guided,[CH]OC1[CH-]C[O+][C]2[CH][CH][CH][CH][C]2[N+]1[C]([O])CO[C]([O])[CH][CH][C]([O])OC,-0.485299676656723
guided,[O-][C][C+]1[CH+][CH-][C+](O)[CH-][C+]1O,-2.259401321411133
guided,COc1ccc(NC(=O)c2ncn[nH]2)cc1,-0.8288514018058777
guided,CN(CC(=O)Nc1cc(=O)n(C)c(=O)n1C)Cc1ccccc1,-0.9410757422447205
guided,COCCNC(=O)c1cn(Cc2ccccc2C)nn1,-1.5108813047409058
guided,[NH-]N(C[c+]1[n-][c+](C[c+]2[cH-][cH+][cH-][cH+][c-]2Cl)[n-]o1)[S+2]([O-])([O-])[c+]1[cH-][c+](F)[cH-][cH+][c-]1F,-1.0489957332611084
guided,C=CCO/N=C(\C(=O)OCC)c1cccn1C(C)C,-3.425002336502075
guided,[CH2-]O[c+]1[cH-][cH+][cH-][cH+][c-]1N1CCN(CCO)CC1,-5.396564483642578
guided,COc1cc(SC)ccc1C(=O)OCC(=O)Nc1ccccc1N1CCOCC1,-1.3766186237335205
guided,Cl[C+]1[C-](Cl)[CH-][CH+]C23C[C+](Br)[N-]n4[cH+][n-][cH+][cH-][c+]4[O+]2[C-]13,-6.631821155548096
guided,CC(C)(C)NNC(=O)/C=C/C(=O)Nc1cccc2ccccc12,-1.735569715499878
guided,ClC[C@@H]1CN(Cc2ccccc2)CCO1,-10.077958106994629
guided,NS(=O)(=O)c1cccc(NC(=S)N/N=C\c2ccc3c(c2)OCO3)c1,-0.33684656023979187
guided,CCCCN(CC(=O)Nc1ccccc1OC)C(=O)C[C@@H]1OC(=O)c2ccccc21,-1.340396523475647
guided,O=[P@@](Nc1ccccn1)(c1ccccc1)c1ccc(Br)cc1,-5.7525224685668945
guided,C[C@@H](Sc1nc(N)cc(N)n1)C(N)=O,-0.40910962224006653
guided,O=C(CCS(=O)(=O)c1cccc2nsnc12)N1CCN(c2cccc(C(F)(F)F)c2)CC1,-1.202635645866394
guided,CCCC(=O)N1CC(=O)N(Cc2ccc(C(=O)OC)cc2)C(=O)[C@H]1Cc1ccc(OC)cc1,-0.674177885055542
guided,CCCC(=O)NC1=[S+]C2=C(CCCC2)/C1=C(/[O-])Nc1nncs1,-0.5516606569290161
guided,COc1ccc(/C=C/C(=O)O)cc1S(=O)(=O)n1nc(C)c(C(C)=O)c1C,-0.4614228904247284
guided,COc1cc(NC(=S)N2CCOCC2)c(OC)cc1Cl,-4.6612958908081055
guided,ClCCSc1nnc(/C=C/c2ccccc2)o1,-5.832346439361572
guided,O=S(=O)(CCSc1nc2ccccc2[nH]1)c1ccc(Cl)cc1,-2.9716672897338867
guided,O=C1NC2(CCCCC2)Cc2ccccc21,-7.0077314376831055
guided,CN(Cc1cnn(-c2cccc(F)c2)c1)S(C)(=O)=O,-2.875654458999634
guided,COc1cc(C[C@@H](CO)[C@H](CO)[C@@H]2OCCc3c2cc(OC)c(OC)c3OC)ccc1O,-0.5936833024024963
guided,CCn1c(SCC(=O)Nc2ccccc2C(=O)OC)nc2c1c(=O)n(C)c(=O)n2C,-0.23712347447872162
guided,O=S(=O)(c1cccc(C(F)(F)F)c1)c1cccc(S(=O)(=O)N2CCN(c3ccccn3)CC2)c1,-1.1963791847229004
guided,COc1ccc(Cc2nnn(CC(=O)O)n2)cc1,-0.49027112126350403
guided,S=C(NCCc1ccccn1)Nc1cc(Cl)cc(Cl)c1,-6.377818584442139
guided,CSc1nn(Cc2cccc(C(F)(F)F)c2)c(=O)[nH]c1=O,-1.7446820735931396
guided,COc1ccc(C(=O)NN2CCCCC2)cc1OC,-3.430191993713379
guided,COc1cccc(CNC(=O)C2c3ccccc3Oc3ccccc32)c1,-4.998714923858643
guided,CN(c1ccccc1)S(=O)(=O)c1ccc(Cl)c(C(=O)O)c1,-1.5584545135498047
guided,[N-2][C-]([O-])C(N)C[c-]1[cH+][cH-][c+](O)[cH-][cH+]1,-0.5421031713485718
guided,COCCn1c(Sc2nc(C)cs2)nc2c(oc3ccccc32)c1=O,-2.2706947326660156
guided,O[c-]1[cH+][cH-][c+]([S-])[cH-][c+]1CN1CCOCC1,-6.042263507843018
guided,Fc1ccccc1/C=N\NC(=S)N/N=C/c1ccc(Br)s1,-4.388603687286377
guided,COc1cc(N)c(/C=C/C(=O)O)cc1OS(=O)(=O)c1cccc(C(F)(F)F)c1,-0.8731638789176941
guided,[CH2+]OCCOCCCCCCCCC[CH-]CN[C+]([S-])N[C-]1[CH+][CH-][C+]([c-]2[cH+][cH-][cH+]o2)[CH-][CH-]1.[H+].[H+],-4.987154006958008
guided,CCOc1ccc(NC(=O)C/[S+]=C2/N=[NH+]C(=O)N2c2ccc(OC)c(N([O-])[O-])c2)cc1,-0.24238398671150208
guided,NNC(=O)COc1ccccc1,-1.9352266788482666
guided,[CH2+][C+]1[CH+][C+]([C][N-2])[c+]2[n-][c-]3[cH+][cH-][cH+][cH-][c+]3n2[C-]1NCCOCCO,-0.657929003238678
guided,Cc1ccncc1NC(=O)CN1CCN(C(=O)c2ccco2)CC1,-0.8389660716056824
guided,CC(=O)c1c(C)nc2ccccn12,-5.865595817565918
guided,C=COCCn1c(SCC(=O)NCc2ccco2)nc2ccccc21,-1.9959746599197388
guided,[CH]O[C+]1[CH+][C][C-]([C+]2[N-][C+](C)[C+]([C-]([O-])N[c+]3[cH-][cH+][cH-][cH+][c-]3OCC)S2)[CH+][C-]1OC.[H+].[H+].[H+],-2.012524366378784
guided,CCOc1ccc(C(=O)Nc2nnnn2-c2ccccc2)cc1,-0.8984038233757019
guided,COc1ccc2c(c1OC)C(=O)N1[C@@H](C(=O)NCCCN3CCc4ccccc4C3)CS[C@H]21,-1.7103257179260254
guided,O=C(COC(=O)c1cc(-c2ccco2)nc2ccccc12)Nc1nc(-c2cccc(Br)c2)cs1,-3.600311279296875
guided,CCOC(=O)C1CCN(CCCSc2ccc(C)cc2)CC1,-7.4765825271606445
guided,O=C(c1cccc(Cl)c1)[C@H]1CCCN(Cc2ccc(N3CCOCC3)cc2)C1,-7.253895282745361
guided,CCOc1cccc(C(=O)OCC(=O)Nc2nc(C)cc(C)n2)c1O,-0.40164533257484436
guided,Cc1ccc(NC(=O)CN(Cc2nc3ccccc3c(=O)[nH]2)C[C@@H](C)O)cc1Cl,-0.5810022950172424
guided,O=C(N/N=C/c1ccccc1OC(=O)c1cc2ccccc2o1)c1cccc(F)c1,-2.28898286819458
guided,NS(=O)(=O)c1ccc(/N=C/c2cccs2)cc1,-1.4243645668029785
guided,[H+].[O-][C+](O)[c-]1[cH+][cH-][c+]2[c-]([cH+]1)CCC2,-4.492301940917969
guided,CCC/[S+]=c1\nc2sc3c(c2c([O-])[nH]1)CCC3,-3.5125558376312256
guided,Cc1ccc(NC(=O)CNC(=O)c2ccco2)nc1,-0.6332342624664307
guided,Fc1ccccc1-c1nc2ccccc2s1,-10.960862159729004
guided,O=C1/N=C(\C=C2\C=CC=C[CH-]2)C(=[NH+]/Cc2ccccn2)/O/[O+]=[C-]/c2cccc3cccc1c23,-1.2927600145339966
guided,[O]S([O])([C+]1[CH][CH][C](Cl)[CH][CH]1)N(CCO)C1[C]S([O-])([O-])CC1,-0.5935409069061279
guided,O=C(CSCCc1nc2ccccc2[nH]1)NCCS(=O)(=O)c1ccc(Cl)cc1,-0.8879480957984924
guided,O=C(O)CCc1ccc(-c2cccs2)n1NC(=O)c1cccc(Br)c1,-2.7464678287506104
guided,COc1ccccc1C1CCN(CC(=O)Nc2ccc(C)c(F)c2)CC1,-5.578523635864258
guided,O=[N+]([O-])c1nn(-c2ccc3c(c2)OCCO3)n(O)/c1=N/CCCO,-0.3755916357040405
guided,FC(F)(F)c1ccc2c(C3CCCC3)n[nH]c2n1,-5.571291446685791
guided,C[c-]1[cH+][cH-][c+](N2[C+]([O-])C(CC[C+]3[CH-][CH+][CH+][CH+][N-]3)(C[c+]3[cH-][cH+][cH-][c+](Cl)[c-]3Cl)[C+]([O-])[N-][C-]2[O-])[cH-][cH+]1,-1.2423371076583862
guided,CN(C)CCCN1C(=O)CS[C@@H]1c1ccc(Cl)cc1,-8.056255340576172
guided,COc1cc2c(cc1O[C@@H]1O[C@H](CO)[C@@H](O)[C@H](O)[C@H]1O)oc1ccccc12,-0.24943958222866058
guided,CNc1ccc(OCC(N)=O)cc1C(=O)c1ccccc1,-0.7756500840187073
guided,[O-][c+]1[nH][c-]2[cH+][cH-][cH+][cH-][c+]2[n-][c+]1[C+](Cl)N([O-])[O-],-0.3827984035015106
guided,[CH2-]CCO[c+]1[cH-][cH+][c-]([S+2]([O-])([O-])NCCN[C+]([O-])N[c+]2[cH-][cH+][cH-][c+](F)[cH-]2)[cH+][cH-]1,-0.30539146065711975
guided,Cc1cc(C(=O)Nc2sc3c(c2C#N)CCCC3)no1,-1.4353963136672974
guided,COc1cc(NS(C)(=O)=O)nc(/[O+]=[C-]/CN2CCCC2=O)n1,-0.3411582112312317
guided,[CH2-]C[C+](CC(C)C)[N-]N[C+]([S-])NC1CCCCC1,-6.176271915435791
guided,O=NN1CCN(c2ncc(C(F)(F)F)cc2Cl)CC1,-4.003353595733643
guided,COc1ccc2nc(C)cc(Nc3ccccc3F)c2c1,-7.130171298980713
guided,CCS(=O)(=O)N1CCC(N2CCN(Cc3cccc4ccccc34)CC2)CC1,-4.6226887702941895
guided,CCOC(=O)[C@@]1(C)C(c2ccc(Cl)cc2)=C(O)C(=O)N1c1ccc(C)cc1,-3.0293824672698975
guided,O=C(O)c1ccc(N2CCOCC2)cc1O,-1.5352340936660767
guided,Cc1cccc(Oc2nnnn2Cc2ccccc2)c1,-3.5231263637542725
guided,CCCCCC[P@@](=O)(c1ccccc1)c1nc(-c2ccccc2)oc1N1CCOCC1,-4.771566390991211
guided,CC1=CC(C)=[NH+]/C1=[C-]\N=c1/[nH]c2ccccc2c(=O)n1-c1ccccc1,-1.9149614572525024
guided,COc1ccc(CCNC(=O)Cn2nnc(-c3ccc(N(C)C)cc3)n2)cc1OC(C)C,-0.5729974508285522
guided,[O-][C+]([N-][C+]([CH+][c-]1[cH+][cH-][c+](N([O-])[O-])[cH-][cH+]1)[C+]([O-])NCC[CH-][CH+][c-]1[cH+][cH-][cH+][cH-][c+]1[CH-][CH+][c-]1[cH+][cH-][cH+][cH-][c+]1[C-]([O-])O)[C+]1[CH+][CH+][CH-][CH+][CH-]1,-0.8533559441566467
guided,COc1cccc(CCc2cccnc2)c1,-8.303849220275879
guided,Clc1ccc(SCc2nc3ccccc3[nH]2)cc1,-8.201923370361328
guided,CCN(CC(=O)Nc1ccc(N2CCOCC2)cc1)Cc1nc2ccccc2c(=O)[nH]1,-0.48636460304260254
guided,CCOC(=O)c1cc(-c2ccc(C(C)(C)C)cc2)n[nH]1,-3.676849126815796
guided,[CH2+]C1CC(N[C-]([S-])N[c-]2[cH+][c-](OC)[c+](Cl)[cH-][c+]2OC)CC(C)(C)N1,-3.4535233974456787
guided,COc1ccccc1NC(=O)c1cc(C(C)C)on1,-2.3649277687072754
guided,COCCNC(=O)NC(=O)c1cc(-c2ccc(C)s2)nc2ccccc12,-1.4014922380447388
guided,Clc1ccc(-c2nnc(Nc3nc4ccccc4c4ccccc34)o2)cc1,-4.829092025756836
guided,[OH-],-7.230311870574951
guided,CCC(=O)Nc1ccc(Cl)cc1C(=O)c1ccccc1,-4.968655109405518
guided,[CH2+][C-]1[CH+][C-](O)C(O)[C+](CS[C-]2N[c+]3[cH-][cH+][cH-][cH+][c-]3[C+]([O-])N2CC2CCCCC2)O1.[O-]Cl,-0.554851233959198
guided,CO[c-]1[cH+][cH-][c+]2[c-](OCC[CH-]CCC3CCC([C+]([O-])O)CC3)[cH+][cH+][n-][c-]2[cH+]1,-2.035036325454712
guided,CO[C][CH+][C-]([CH+][O-])[CH+][N-][C+]1C[C-]([O-])[c+]2[cH-][cH+][cH-][cH+][c-]21,-1.505682349205017
guided,C[C@@H](C(=O)N[C@H](Cc1ccccc1)c1nc2ccccc2[nH]1)n1nnc2ccccc2c1=O,-0.9314348697662354
guided,CN(CC(=O)Nc1sc2c(c1C#N)CCCC2)S(=O)(=O)c1ccc2c(c1)c(=O)n(C)c(=O)n2C,-0.2825402617454529
guided,CCCN1C(=O)/C(=N\N=C(\O)CCCC[C@H](NC(C)=O)C(C)C)c2ccccc21,-1.4108965396881104
guided,CC(=O)c1cnc(N2CCCCC2)nc1C,-4.134901523590088
guided,Clc1ccc(OCc2cc(-c3ccccc3)no2)c(Cl)c1,-7.745209217071533
guided,O=C(NCCF)c1ccc2c(c1)C(=O)N(C1CCCCC1)C2=O,-2.0143938064575195
guided,COc1ccc(NC(=O)Cn2cnc3c(oc4ccccc43)c2=O)cc1Cl,-1.156978726387024
guided,CC1(C)[C]([O])OC([C]2[CH][CH][C](N([O-])[O-])[CH][CH]2)C2(CCCCC2)[C+]1[O],-1.3385947942733765
guided,COCc1nnc(NC(=O)CCc2ccc(C)o2)s1,-1.1534020900726318
guided,CN1CCN(c2ccccc2NC(=O)c2cc3ccccc3o2)CC1,-4.192839622497559
guided,[O-][S+]([O-])O[N-][C+]1CCC[c-]2[cH+][cH-][cH+][cH-][c+]21,-1.6707582473754883
guided,Brc1ccc(-c2csc3ncnc(N4CCCC4)c23)cc1,-8.311755180358887
guided,COC1=C/C(=C2\C[C-](C)N(C[C@H]3CCOC3)C(=S)N2)C=C/C1=[O+]\C,-4.4672698974609375
guided,CCn1nnc(-c2ccccc2NS(=O)(=O)c2cc(C)ccc2C)n1,-0.7972964644432068
guided,O=C(Cn1cnc2c(cnn2-c2ccccc2)c1=O)Nc1ccccc1SC(F)F,-1.4326242208480835
guided,O=C(CSc1nnnn1-c1ccc2c(c1)OCO2)Nc1ccc(N2CCOCC2)c(Cl)c1,-0.5895077586174011
guided,NS(=O)(=O)c1ccc(S(=O)(=O)Nc2ccccc2C(F)(F)F)cc1,-0.4820616543292999
guided,COc1ccccc1OC[C@@H](O)CNC(CO)CO,-0.4233565926551819
guided,[CH]OCCO.[O+]P([C]1[CH][CH][CH][CH][CH]1)[C]1[CH][CH][CH][CH][CH]1,-4.077397346496582
guided,COc1ccccc1/C=C/C(=O)OCC(=O)c1c(N)n(C)c(=O)n(C)c1=O,-0.2601371109485626
guided,[CH-][CH][CH][CH][C][C]([O-])[N+]1CCN([C]2N[CH][N][C]3[C]2[NH+][C]2[CH][CH][CH][C](C)[C]23)CC1.[H+],-1.3977487087249756
guided,Cc1onc(-c2ccccc2Cl)c1C(=O)N1CCN(c2ccc(F)cc2)CC1,-4.868009567260742
guided,Cc1ccc(CCC(=O)Nc2c(F)cccc2F)o1,-5.228357791900635
guided,O=C(c1ccccc1F)N1CCN(c2cc(C(F)(F)F)nc3ccccc23)CC1,-6.701554298400879
guided,Fc1ccc(OCCCCN2CCN(Cc3cccs3)CC2)c(F)c1,-10.302664756774902
guided,S=C(NC1CC1)N1CCc2ccccc2C1,-9.518235206604004
guided,O=C(c1cccc(N2C(=O)[C@@H]3[C@H](C2=O)[C@H]2C=C[C@@H]3C2)c1)N1CCCCCC1,-3.1369996070861816
guided,O=S(=O)(NC[C@@H](c1cccnc1)N1CCN(c2ccc(F)cc2)CC1)c1cccs1,-2.258502244949341
guided,OCCNc1nc(N2CCN(CCO)CC2)nc2ccccc12,-0.5397273302078247
guided,O=C(NC1CCN(S(=O)(=O)c2cccs2)CC1)c1ccc2c(c1)OCCO2,-0.7126861214637756
guided,S=c1[nH]nc(-c2cccnc2)n1/N=C/c1cccs1,-2.932020902633667
guided,CC[C@]1(C)NC(=O)c2ccccc2O1,-5.22047758102417
guided,CCOc1ccccc1NC(=O)NC1(C(=O)N2CCC(C)CC2)CCCCC1,-2.654404640197754
guided,N#[N+][N-]CCNC(=O)c1ccc2nccnc2c1,-0.37692686915397644
guided,O=C(C1=[S+]C(=[N+]([O-])[O-])C=C1)c1cccs1,-1.821500539779663
guided,Cn1cccc1CC(=O)NC1CCCC1,-5.8676300048828125
guided,O=C(NCCCN1CCN(c2ccccc2)CC1)c1ccc(-n2cccn2)cc1,-3.3413264751434326
guided,O=C(COc1ccc([N+](=O)[O-])cc1)NNC(=O)NC1CCCCC1,-0.4042896628379822
guided,CC(=O)c1ccc(/C=C2/N=C3CCCCCN3C2=O)cc1,-4.065346717834473
guided,[O-][C+](C[C-]1O[c-]2[cH+][cH-][cH+][cH-][c+]2N(C[C+]([O-])N2CC[c-]3[cH+][cH-][cH+][cH-][c+]32)[C+]1[O-])N[c-]1[cH+][cH-][cH+][n-][cH+]1,-0.25340476632118225
guided,CCOc1ccc(CCNC(=O)C[S@@+]([O-])Cc2nc(-c3ccc(OC)cc3)oc2C)cc1,-1.1121447086334229
guided,Nc1nonc1/C(=N/O)Nc1ccccc1,-0.3713873326778412
guided,CC(=O)N1c2ccc(S(=O)(=O)N(C)Cc3ccccc3)cc2C[C@H]1C,-2.932023525238037
guided,COCCNc1c(-c2cc(OC)c(OC)c(OC)c2)c2ccccc2[nH]c1=O,-1.2947243452072144
guided,COc1ccc(-c2cc(C(F)F)n3ncc(C(=O)Nc4ccc5ncccc5c4)c3n2)cc1,-2.7750840187072754
guided,C[C@@H]1CN=C(N[C@@H](C)c2ccccc2)S1,-7.942548751831055
guided,Cc1cccc(Nc2cnccn2)c1,-5.462948322296143
guided,CNC(=O)CN(C)S(=O)(=O)c1ccc(Cl)cc1,-1.7869882583618164
guided,O=C(O)c1ccccc1NS(=O)(=O)c1ccc(-n2cnnn2)cc1,-0.3069579303264618
guided,N#CC1=C(/N=N/C2=C=C=C(Cl)C=C2)[C-]=NC1=[NH2+],-0.7454277276992798
guided,C/C(=N\NC(=O)c1cccc(C)c1)c1ccc([N+](=O)[O-])cc1,-1.1560231447219849
guided,S=C(NCCc1ccccn1)N1CCc2ccccc2C1,-7.056464195251465
guided,NNC(=O)CCN1CCN(Cc2ccc3c(c2)OCO3)CC1,-0.82273268699646
guided,COc1ccc(C[C@@H]2C(=O)NCCN2C)cc1N1CCOCC1,-2.913196325302124
guided,O=C(O)[C@H]1CCCC[C@@H]1C(=O)NNCc1ccccc1,-0.9985601305961609
guided,Cc1cc(-c2ccc3ncccc3c2)n[nH]1,-5.0276594161987305
guided,Cc1cc(NC(=O)CCC(=O)Nc2ccccc2)no1,-0.8091276288032532
guided,O=C(/C=C\c1ccccc1)Oc1ccc2c(c1)OCO2,-4.609094619750977
guided,[N][C][C][C]([SH+])N[C]1[CH][CH][CH][CH][CH]1,-5.922744274139404
guided,COc1ccc(N([C@H](C)C(=O)Nc2cccnc2)S(C)(=O)=O)cc1,-0.48280373215675354
guided,Nc1cn(CN(CCc2ccccc2)c2ccccc2)c(=O)[nH]c1=O,-0.6587388515472412
guided,CC1=C(C(=O)Nc2ccccc2C(=O)Nc2ccccc2F)SCCO1,-2.7298004627227783
guided,CO[c-]1[cH+][c-]([CH+][C][CH+][N-]N[C+]([O-])[C+]2[CH+][CH-][C+](O)[CH-][CH+]2)[cH+][cH-][c+]1O[c-]1[n-][cH+][cH+][cH-][c+]1N([O-])[O-],-0.5223618745803833
guided,CC(=O)N1CCc2cc(S(=O)(=O)CCC(=O)Nc3ccccn3)ccc21,-0.36290401220321655
guided,CCOc1cnc(-c2ccco2)o1,-3.8804497718811035
guided,[OH-],-7.230311870574951
guided,Cc1cc(C)cc(OCC(=O)N/N=C/c2ccco2)c1,-2.1724514961242676
guided,FC(F)(F)c1ccc(CSc2nnc(-c3ccc4c(c3)OCO4)o2)cc1,-4.351060390472412
guided,NS(=O)(=O)c1ccc(NNC(=O)CSc2cccc3cccnc23)cc1,-0.3940891623497009
guided,NS(=O)(=O)c1ccc(-n2cc(C(F)(F)F)ccc2=O)cc1,-0.7836961150169373
guided,COc1ccc2cc(CCNC(=O)CCc3ccccc3)c(=O)[nH]c2c1,-1.6951014995574951
guided,O=C1Nc2cccc3ccc(S(=O)(=O)N4CCOCC4)c1c23,-1.0547794103622437
guided,CN(c1cccc(NC(=O)c2cccc(Br)c2)c1)S(C)(=O)=O,-2.2431554794311523
guided,N#C/C(=C\c1cn[nH]c1-c1ccccc1)C(=O)NCc1ccc(F)cc1,-1.4487223625183105
guided,COc1ccc(CC(=O)NCC(=O)N/N=C\c2ccc(C)o2)cc1,-0.3684194087982178
guided,[O-]P(OCCC1CO[c+]2[cH-][cH+][cH-][cH+][c-]2O1)N1CCN([c+]2[cH-][cH+][cH-][cH+][cH-]2)CC1,-2.904536247253418
guided,COc1cc([C@H]2CC(=O)N3CN(C4CCCCC4)CSC3=C2C#N)cc(OC)c1OC,-2.3058791160583496
guided,O=c1c(/C=C2/CN=C(c3ccccc3)S2)c(N2CCN(c3ccc(F)cc3)CC2)nc2ccccn12,-4.7120161056518555
guided,[CH2+]N1CCN([c+]2[cH-][cH+][c-](F)[cH+][cH-]2)CC1.[O-]P([N-]CC1CCCO1)N1CCCCC1,-3.439347505569458
guided,FC(F)Oc1ccc(-c2csc(-c3cnccc3Cl)n2)cc1,-7.675671577453613
guided,[H]/[C-]=[N+]1\C(=O)CS[C@H]1c1ccc(F)cc1,-8.462292671203613
guided,O=C(Cc1ccco1)NCCOCCOCCNC(=O)c1ccccc1F,-0.44385194778442383
guided,CC1=Nc2c/c(=C(/[O-])NCc3ccco3)c(C)cc2=[S+]1,-2.280225992202759
guided,CCc1nc([C@@H](S)C2CC2)c(C)s1,-10.69361400604248
guided,NS(=O)(=O)c1cccc(NC(=O)CSc2n[nH]c(=O)n2Cc2ccc3c(c2)OCO3)c1,-0.25490066409111023
guided,O=[N+]([O-])c1ccccc1SCCO,-2.12701416015625
guided,O=C(N[C@H]1CCCC[C@H]1N1CCCCC1)c1c#cc#cc1O,-3.386121988296509
guided,CCN[P@](C)(=O)N(O)c1ccc(F)cc1,-3.5068533420562744
guided,COc1ccccc1CN1CCC[C@H](C(=O)Nc2ccccc2OC)C1,-4.029626369476318
guided,Clc1ccc([C@@H]2CCC(c3cccs3)=NN2)cc1,-8.810640335083008
guided,Cn1cccc1C(=O)Nc1nnc(SC(C)(C)C)s1,-2.853013277053833
guided,N#Cc1cc2c(OC[C@H](O)CN3CCN(C4Cc5ccccc5C4)CC3)cccc2[nH]1,-1.322365641593933
guided,COc1cc(N2CCc3ccccc3C2)c(-c2ccccc2)nn1,-5.935976505279541
guided,COc1ccc(Cl)cc1NC(=O)Nc1cccc(C)n1,-2.8684630393981934
guided,[O-][S+](N[C-]1[N-][CH-][C+]2O[C+]3[N-]C34[CH-][CH+][CH-][CH+][C+]4[C+]2[N-]1)[c+]1[cH-][cH+][cH-]s1,-1.0734421014785767
guided,COc1ccc(OC)c(N(CC(=O)NC2CCCC2)S(=O)(=O)c2ccc(OC)c(OC)c2)c1,-0.7720857262611389
guided,CCOc1ccc2nc(CN3CCN(C)[C@H](CCO)C3)ccc2c1,-3.694247007369995
guided,[CH][C+]1[C][CH+][CH-][C+]([C+]([O-])[CH-][C][N+]23[O+]4C25N(CCN(CCC)CCCCC)C453)[CH-]1.[H+].[H+].[H+],-6.441453456878662
guided,[O-][C][CH+][CH+][c-]1[cH+][cH-][c+]2[c-]([cH+]1)OCCO2,-4.663042068481445
guided,CN1CCN(C(=O)c2ccc(Oc3ccccc3)cc2)CC1,-6.343922138214111
guided,CCOCC(=O)OCC(=O)Nc1ccc(Cl)cc1C(F)(F)F,-2.363872528076172
guided,[O-][C+]1[C+]([c-]2[cH+][cH-][c+]([O+]([O-])OC3OC(CO)C(O)C(O)C3O)[cH-][cH+]2)[C]O[c+]2[cH-][c+](O)[cH-][c+](O)[c-]21,-0.3329750597476959
guided,CC(=O)c1cc(OCCOc2ccc(C)cc2)cc(O[C@H]2O[C@H](CO)[C@H](O)[C@H](O)[C@H]2O)c1,-0.29567384719848633
guided,Cc1ccc(NC(=O)CN2c3cccc4cccc(c34)S2(=O)=O)cc1S(=O)(=O)N1CCOCC1,-0.45593979954719543
guided,O=S(=O)(Nc1ccc(O)c2ccccc12)c1cccs1,-2.391240119934082
guided,CC(O)([CH-]N1CCN(C[c+]2[cH-][cH+][cH-][cH+][cH-]2)CC1)C(C)(C)OC[c-]1[c+](Cl)[cH-][cH+][cH-][c+]1Cl,-7.461827278137207
guided,COc1cc(C(=O)Nc2cccc(C#N)c2C)cc(OC)c1OC,-1.3105132579803467
guided,CCCCn1cc(C(=O)NCCCN2CCOCC2)c2cc(OC)c(OC)cc2c1=O,-0.8756905198097229
guided,CO/[C-]=[O+]\CCOC(=O)C1CCN(C2=C(C(=O)OCc3ccccc3)C(=O)OC2)CC1,-0.3391360640525818
guided,[O-][C+](O[c-]1[cH+][cH-][c+]([C-](O)[c+]2[cH-][cH+][c-](NCCCO)[c+](N([O-])[O-])[cH-]2)o1)[c-]1[cH+][cH-][cH+]s1,-0.5629031658172607
guided,FC(F)Oc1cccc(OCc2ccccn2)c1,-6.8134589195251465
guided,[CH2-][P+]([S-])(NN[C+]([O-])[c+]1[cH-][cH+][cH-][cH+][c-]1Cl)O[c+]1[cH-][cH+][cH-][cH+][cH-]1,-3.1190028190612793
guided,COc1ccc(C2(C(=O)NCc3cccnc3)CCCC2)cc1OC,-2.80945086479187
guided,CCO[c-]1[cH+][cH-][c+]([S+2]([O-])([O-])N([c-]2[cH+][c-](N([O-])[O-])[cH+][cH-][c+]2OC)[S+2]([O-])([O-])[C+]2[CH+][CH-][C+]([N-][N-][N-2])[CH-][CH+]2)[cH-][c+]1OC.[H+],-1.3213781118392944
guided,[CH2-][C+]([O-])N[c+]1[cH-][cH+][c-](Br)[cH+][c-]1F,-5.810568809509277
guided,C[C@@H]1SCCN1S(=O)(=O)c1ccccc1,-5.326418399810791
guided,O=C(CN1CCN(C/C=C/c2ccccc2)CC1)c1ccc(Br)cc1,-8.688549995422363
guided,COc1ccc(/C=C/C(=O)O)cc1C(=O)O,-0.7633236050605774
guided,NS(=O)(=O)c1cccc(NC(=O)CSc2nnc(NCc3ccccc3)s2)c1,-0.5407543182373047
guided,CO/[C-]=C/C1=N/C(=[NH+]\NC(=O)c2cccc(C)c2)c2cc(OC)ccc2[C@H]1c1ccccc1,-1.4551151990890503
guided,O=[P@](O)(c1ccccc1)c1ccc(OCc2ccccc2)cc1,-4.630363941192627
guided,[OH-],-7.230311870574951
guided,CCCCOC(=O)c1c(C)nn(C)c1Cl,-4.574230194091797
guided,[F-],-5.0
guided,[C-3][C+]1[CH-][CH+]S[C+]1[C+]([O-])O,-4.6097187995910645
guided,COc1ccccc1OCc1nc(C#N)c(NCC(C)C)o1,-1.3558175563812256
guided,COc1ccccc1CNC(=O)c1c(NC(=O)c2ccco2)n(C)c2ccccc12,-1.5347728729248047
guided,O=[N+]([O-])c1nn(-c2ccc(Cl)cc2)n2nc(-c3cccs3)nc12,-1.045291543006897
guided,CO[C-]1[CH+][CH-][C+](C2CO[C+]([O-])[C-]2[NH-])[C][C+]1N[C+]([O-])[C+]1[CH+][CH-][CH+][CH-][CH+]1,-0.5135309100151062
guided,COc1ccc(CCN(C)Cc2nc(-c3cnon3)no2)cc1OC,-0.32468023896217346
guided,CCCN(CCC)CC1=CC=C(N2CCCCC2)C1=O,-8.294673919677734
guided,C#CCOC(=O)CCCn1c(Cc2ccccc2)cccc1=O,-3.8663055896759033
guided,[OH-],-7.230311870574951
guided,O=C(NCCCn1cccn1)[C@H]1CN(Cc2ccc(F)cc2)C(=O)c2ccccc21,-2.087399959564209
guided,[C-3]C[S+](C)C12[N-][C+](N)C3([C][N-2])C([c+]4[cH+][cH+][c+](F)[cH-][cH+]4)N[C+](C)[CH+]C31[C+]([N-2])S2,-1.2131578922271729
guided,[NH-]N[c+]1[n-][cH+][cH-][cH+][c-]1-[c+]1[cH-][cH+][cH-][c+](N([O-])[O-])[cH-]1,-0.7209045886993408
guided,Clc1ccccc1Nc1ccnc(Nc2cccc3cnccc23)n1,-4.127762317657471
guided,N/C(Cc1ccccc1)=N\OC(=O)CN1C(=O)c2ccccc2C1=O,-0.33300086855888367
guided,CCOc1ncccc1C(=O)Nc1cccc(C(=O)Nc2cc([N+](=O)[O-])ccc2F)c1,-1.4100629091262817
guided,CCOc1ccc(S(=O)(=O)N(C)CC(=O)Nc2ccccc2OCC)cc1,-0.8878331780433655
guided,COCC(=O)Nc1cc(-c2cn3cccnc3n2)ccc1C,-1.6796690225601196
guided,COC(=O)c1ccc(C(=O)OCCN2CCN(C(=O)NC(C)C)CC2)nc1,-0.3253882825374603
guided,Cc1nc(SCC(=O)NCC(F)(F)F)c2c(-c3ccc(Cl)cc3)csc2n1,-4.9002509117126465
guided,[NH2-],-6.633124351501465
guided,O[C@H](COCc1cccc(C(F)(F)F)c1)CN(Cc1cccnc1)C1CC1,-4.855606555938721
guided,O=C(NC[C@H]1CCOC1)[C@H]1CCCN(S(=O)(=O)c2cc(Cl)ccc2Cl)C1,-1.4205888509750366
guided,Cn1nc(C(=O)O)cc1C(=O)N1c2ccccc2CCc2ccccc21,-1.6443699598312378
guided,C[C]1[CH][CH][C]2[C]([CH]1)[N][C]1[CH-][CH][C](Cl)[CH][C]1C2N([C]N)[N][N][C]1[N][O+][N][C]1[NH2+],-0.5639482140541077
guided,CCNC(=O)NC(=O)CSc1nnc(-c2cccs2)o1,-0.3907757103443146
guided,O=C(OCn1ncc(Cl)c(Cl)c1=O)c1ccc(Oc2ccccc2)cc1,-2.6267638206481934
guided,CN(CC(=O)c1c[nH]c2ccccc12)C1CCCCC1,-6.263372421264648
guided,CN1CCN(/N=C/c2ccc(N3CCCCC3)s2)CC1,-8.144590377807617
guided,[O-][S+]([O-])O,-2.257801055908203
guided,Nc1ccccc1S(=O)(=O)Nc1ccccn1,-0.5798926949501038
guided,S=C(NCC1CCN(Cc2ccccc2)CC1)Nc1cccc(Cl)c1,-8.47515869140625
guided,CN(C)CC(C)(C)CNS(=O)(=O)c1ccc(Cl)c(Cl)c1,-3.9666106700897217
guided,N#CS/C(C#N)=C/c1cccc(OCCc2ccccc2)c1,-4.061978816986084
guided,CC(=O)N(CCCCl)CCS(=O)(=O)c1ccc(Br)cc1,-3.3414974212646484
guided,O=c1[nH]c(CSc2nnc(-c3ccc(Cl)cc3Cl)o2)nc2ccccc12,-2.1444504261016846
guided,CC(=O)Nc1ccc(S(=O)(=O)Nc2ccc3c(c2)n(C)c(=O)n3C)cc1,-0.29890674352645874
guided,C/C(=C/C(=O)O)C(=O)Nc1nc2ccc(Br)cc2s1,-1.3855375051498413
guided,CCc1c(C(=O)N(C)Cc2ccccc2)[nH]c(C)c1C(C)=O,-3.766408681869507
guided,O[C@@H](Cn1ccnc1)c1cccnc1,-3.396775484085083
guided,COC[C-]1N[c+]2[cH-][cH+][cH-][c+](C)[c-]2[N-][C+]1C,-6.180478096008301
guided,CC(=O)c1cc(C(=O)NCc2ccccc2)oc1C,-2.7550594806671143
guided,[N-]=CC[O+]=C1C=CC(=[NH+]C(=S)N2CCN(c3ccc(/C=[C-]/F)cc3)CC2)C=C1,-3.0210607051849365
guided,COc1ccc(-c2cc(-c3ccccc3O)n[nH]2)cc1,-3.2305238246917725
guided,C[C@H](CO)n1nc(Cc2ccncc2)cc1NC(=O)Nc1ccccc1,-0.8678666353225708
guided,S=C(NCCc1cccs1)N[C@@H]1CCCCNC1=S,-5.694392204284668
guided,CC(=O)c1ccccc1Oc1nc(N2CCOCC2)nc(N2C=CC=CN2C)n1,-0.8465741872787476
guided,C/C(CC1CC1)=N\NC(=O)CNC(=O)c1ccc(Br)cc1,-1.72339928150177
guided,O=C(C1=C[C+]([C][O-])=Cn2c1nc1ccccc12)N1CCOCC1,-1.3772612810134888
guided,[OH-],-7.230311870574951
guided,CN(C)CC(C)(C)CNS(=O)(=O)c1ccc(OC(F)(F)F)cc1,-2.7000765800476074
guided,O=C(COc1ccc(S(=O)(=O)N2CCOCC2)cc1)NN1C(=O)c2ccccc2C1=O,-0.27796438336372375
guided,[H]/[O+]=C1\C(CC(C)(C)O)=[C-]CC(=O)/C(=C\[NH+]=C2/C=CC=C/C2=[O+]/C)[C@@H]1c1ccc(OC)[c-](C)c1=O.[OH-],-0.4100187122821808
guided,[O-]N1S[C+]([N-][N-][C+]2[CH+][CH-][CH+][CH-][CH+]2)[C][C+]1S[c-]1[cH+][cH-][c+]2[c-]([cH+]1)OCO2,-2.6220273971557617
guided,CCC(=O)Nc1ccc(C(=O)N2CCc3ccccc32)c(Cl)c1,-4.515130996704102
guided,CN(C(=O)CSc1ncnc2scc(-c3ccccc3)c12)[C@@H]1CCS(=O)(=O)C1,-1.263832688331604
guided,N#CC/[S+]=c1\nc2ccccc2c([O-])n1-c1ccc(CC#N)cc1,-0.6399409174919128
guided,O=C(Nc1ccc(CN2CCOCC2)cc1)c1cc(-c2ccc(Cl)cc2)nc2ccccc12,-5.484160900115967
guided,O=C(/C=C/c1c[nH]c2ccccc12)N1CCCCC1,-6.037361145019531
guided,CO/N=C/[C@H]1CCN(C2CC2)C1=O,-4.693792343139648
guided,COC(=O)CSCC(=O)Nc1nnc(C2CC2)s1,-0.8303433656692505
guided,O=C(Nc1ccc(NC(=O)c2cccc3ccccc23)nc1)c1c(Cl)cccc1Cl,-4.502405166625977
guided,Cn1nc(C(C)(C)C)cc1C(=O)NC1CCCCC1,-4.341397285461426
guided,Nc1c(C(=O)N2CCOCC2)sc(=S)n1-c1ccc(F)cc1,-2.561453342437744
guided,N[C@@H](Cc1ccc(F)cc1)c1cn([C@H](Cc2ccc[nH]2)C(=O)N2CCNCC2)nn1,-0.3230125308036804
guided,CCN(CC)C(=O)c1cc(-c2ccc(OC)cc2)nc2ccccc12,-5.776113033294678
guided,CCCCN(CC)Cc1ccc2c(c1)OCCO2,-8.53951644897461
guided,C/C(=N\NS(=O)(=O)c1cccc(S(=O)(=O)N2CCOCC2)c1)c1ccc(F)c(F)c1,-0.37054961919784546
guided,COc1ccccc1NC(=O)c1ccccc1N(C)S(C)(=O)=O,-1.2043932676315308
guided,Cc1cc([N+](=O)[O-])ccc1-c1ccc(/C=N/Nc2ccc(N)cc2)o1,-1.5639328956604004
guided,NC(=O)CN1CCCN(S(=O)(=O)c2ccc3ccccc3c2)CCC1,-0.6011948585510254
guided,Nc1cc([S@@+]([O-])c2ccc(Cl)cc2)ccc1O,-1.9532220363616943
guided,ClC1=C=C=C(n2cc(-c3cccs3)c3cnc(NC[C@@H]4CCCO4)nc32)C=C1,-5.16825008392334
guided,CCCCC/C=N/NC(=O)c1ccccc1N,-1.9785157442092896
guided,C[C@@H](OC(=O)/C=C/c1ccc([N+](=O)[O-])cc1)C(=O)NC1CCCCC1,-0.8648437857627869
guided,NC(=O)NCC[C@H](C(=O)NCC(=O)O)N(C(=O)CSc1nnnn1-c1ccc(Cl)cc1)c1ccc2c(c1)OCO2,-0.2936778962612152
guided,C/C(=N\NC(=O)c1nnn(-c2nonc2N)c1C)c1ccc(OCc2ccccc2)cc1,-0.4569958448410034
guided,O=C(NCCO)/C(=C\c1ccc2c(c1)OCO2)NC(=O)c1ccco1,-0.29256707429885864
guided,[O-][C-](C[C-]1[CH+][C+](N([O-])[O-])[C+](O)[C-](O)[CH+]1)NCC[c+]1[cH+][cH-][cH+][n-][nH]1,-0.4045239984989166
guided,COC[C@@H](C)NC(=O)CSc1cccc2cccnc12,-3.4852845668792725
guided,COc1cccc(CN2CCCCC2)c1OCc1cccc2ccccc12,-10.324431419372559
guided,COc1ccc(C(=O)OCC(=O)Nc2cc([N+](=O)[O-])ccc2F)c(O)c1,-0.47527047991752625
guided,[CH2-]S[c+]1[cH-][cH+][cH-][cH+][c-]1N(C[C-]([O-])NCC(OC)OC)[C+]([O-])CC([C+]1[CH+][CH-][CH+]O1)N1CCCCC1,-0.4449481666088104
guided,Clc1ccc(-c2nnc(SCc3ccccn3)o2)cc1,-4.373538017272949
guided,[O-]N([O-])[C+]1[CH+][CH-][CH+][CH-][C+]1[c-]1[cH+][cH-][c+]([C][N-][C+]2[CH+][CH-][c+]3[cH-][cH+][cH-][cH+][c-]3[CH+]2)[cH+][n-]1,-1.9394233226776123
guided,NNC(=O)c1nc[nH]c1C(=O)Nc1cccc(Cl)c1,-0.37228792905807495
guided,COc1c(Br)cc(N/C=C(/C#N)C(=O)NCc2ccccc2)c(Br)c1OC,-2.007964849472046
guided,COc1cc(NC(=O)[C@H](O)n2cn[c-]3nc(CCc4ccccc4)nc3c2=O)cc(OC)c1.[H+],-0.2913760840892792
guided,O=c1[nH]c(CS[N+](=O)[O-])nc2ccccc12,-0.5262072086334229
guided,Cc1ccccc1Nc1ccc(N2CCN(c3ccccn3)CC2)nn1,-3.1682920455932617
guided,Nc1nc2ccccc2n1C/C=C/COc1c(Cl)cccc1Cl,-4.584799289703369
guided,[NH-]N[S+2]([O-])([O-])[c+]1[cH-][cH+][cH-][c+]([N-][N-][C+]2[CH+][CH+][C-](Cl)[CH+][C-]2Cl)[cH-]1,-1.4641728401184082
guided,CCOCCCNC(=S)Nc1ccc2nc(N3CCOCC3)cc(C)c2c1,-2.996692180633545
guided,Cc1ccc(NS(=O)(=O)c2cnc[nH]2)c(C)c1,-1.2369619607925415
guided,N#CCC(=O)Nc1ccc2[nH]c3c(c2c1)CCCCC3,-2.2167296409606934
guided,[O-][C]N(C[C+]1=CC(N(CCO)CCO)=CC=C1)C1CCCCC1,-1.6530578136444092
guided,COc1nc(NCc2cccnc2)nc(NC2CCCC2)n1,-0.8071947693824768
guided,CC[C@@H](C)c1ccc(O)c(N)c1,-4.354207992553711
guided,O=C(Cn1ncc(N2CCOCC2)c(Cl)c1=O)c1ccccc1F,-1.9660316705703735
guided,Cc1cc(Br)cc(C)c1OCC(=O)N1CCCc2ccccc21,-7.960299015045166
guided,CCC(=O)Nc1cc2[nH]c(=O)cc(C)c2cc1C,-2.4283342361450195
guided,OCC1CC(F)(F)C(F)(F)[C-](C(F)(F)F)C1O.[OH-],-1.7610117197036743
guided,[CH2+]CCCCCc1[c-]cc2ccccc2n1,-10.892668724060059
guided,COc1cc(/C=C2/SC(=O)N(C(C)C)C2=O)ccc1OCc1c(C)n[o+]n1[O-],-1.0567641258239746
guided,COc1cccc(-c2c(C(=O)N/N=C/c3ccc(N(C)C)o3)nnn2-c2nonc2N)c1,-0.25173547863960266
guided,[OH-],-7.230311870574951
guided,[O-][C+](NCCCN(CCN(C1CCCC1)[S+]([O-])[O-])[c+]1[cH-][cH+][cH-][cH+][n-]1)[c+]1[cH-][cH+][cH-][cH+][c-]1F,-0.3730733394622803
guided,CNCc1ccccc1OCc1ccccc1F,-8.638130187988281
guided,CC[C-]1[N-][C+](N)N[C+](N[c+]2[cH-][cH+][c-](C)[cH+][cH-]2)[N-]1,-1.2905750274658203
guided,COc1cc2c(cc1OC)[C@@H](COc1ccc(C)c(C)c1)NCC2,-5.6548051834106445
guided,Cc1cc2c(C#N)c(N)oc2[c-]c1-c1ccccc1OCCN(C)S(C)(=O)=O.[H+],-0.7527281641960144
guided,COc1ccccc1NC(=O)COC(=O)CSc1ccccc1,-2.2713189125061035
guided,O=S(=O)(O)c1nc2ccccc2n1Cc1ccc(Cl)cc1,-1.7557038068771362
guided,C[C@@H]1Cc2n/c(=[S+]\[C@@H](C)C(=O)NC(N)=O)n(CCc3ccccc3)c([O-])c2S1,-0.29258912801742554
guided,COc1ccccc1Cc1nc(C)c(C(=O)O)[nH]1,-1.228442668914795
guided,CN(C)S(=O)(=O)N1CCN(S(=O)(=O)N(C)C)CC1,-0.9525355100631714
guided,COc1cc([C@@H](CC(=O)N2CCOCC2)c2c(OC)cc(OC)c3ccc(=O)oc23)cc(OC)c1OC,-0.866303563117981
guided,O=C(C1=C=C=C=C=C1c1ccccc1)c1ccc[nH]1,-6.619355201721191
guided,O=C(CN1CCC(n2c(=O)[nH]c3ccccc32)CC1)Nc1ccc(Br)cc1Br,-2.573617458343506
guided,CCCOc1ccc(/C(=N/O)c2cccc3ccccc23)cc1OC,-5.103386878967285
guided,CC[C@H](/[S+]=c1\nc2ccccc2c([O-])[nH]1)C(=O)N/N=C\c1cccs1,-0.48471882939338684
guided,C[C@@H](/[S+]=c1\nc2ccccc2c([O-])n1Cc1ccc(O)cc1)C(=O)NCc1ccc2c(c1)OCO2,-0.6774590611457825
guided,CCN[C-]1[N-][N-][C+](SC[C+]([O-])N[C+]2[CH+][CH-][C+]([C-](N)[O-])[CH-][CH+]2)S1.[CH3+],-0.5231716632843018
guided,COC(=O)C1=C(C)N(C)C(=S)N[C@H]1c1ccc(OCc2cccc(F)c2)c(OC)c1,-3.1922876834869385
guided,CCO[c-]1[cH+][cH-][c+]2[cH-][c+]([CH-]N(CC[C+]3[CH+][CH+][C-](F)[CH+][CH-]3)C[C+]3[N-][N-][N-]N3CC3CCCO3)[c+]([O-])[nH][c-]2[cH+]1,-2.2400832176208496
guided,C[C@H](/[S+]=c1/nc2c(c([O-])[nH]1)CCCC2)C(=O)N1CCc2ccccc2C1,-1.4243574142456055
guided,[CH2-]C(C)N[C+](Cl)[C-](Cl)Cl,-10.645541191101074
guided,NS(=O)(=O)c1ccc(NS(=O)(=O)c2ccc3c(c2)OCCO3)cc1,-0.2926191985607147
guided,COc1cc(/C=N/O)cc(Br)c1OCC(=O)O,-0.648284375667572
guided,c1ccc(Nc2nc(N3CCCCC3)nc(N3CCNCC3)n2)cc1,-1.569446325302124
guided,Nc1nc(SCCCO)nc2sc3c(c12)CCCC3,-1.6726659536361694
guided,O=C(CCc1ccccc1)c1ccc(NCCCCOc2ccc(NC(=S)NC[C@H]3CCCO3)cc2)nc1,-3.2478580474853516
guided,NCCC(=O)N1CCCc2ccccc21,-3.9914896488189697
guided,COc1ccc(C2=C[C@@H](c3ccccc3)CC(=O)N2)cc1OC,-4.357589244842529
guided,COCCn1[c-]nnc1/[S+]=C\C(=O)C1=CC=C[CH-]/C1=[C-]\[O-].[H+].[H+].[H+],-0.8992999792098999
guided,Cc1ccccc1N1CCN(C2=NC(=O)[C@H](Sc3nc4ccccc4cc3Cl)S2)CC1,-5.566086769104004
guided,O=[N+]([O-])c1ccccc1/C=C/C=N/n1c(-c2ccncc2)n[nH]c1=S,-1.0390822887420654
guided,O=C(CSc1nnc(-c2cccn(C3CC3)c2=O)o1)c1cccs1,-1.5106287002563477
guided,COC[C@H]1CCCN(C(=O)c2cc(=O)c3ccccc3o2)C1,-2.4919753074645996
guided,[C-3][P+]([O-])([C+]1[CH+][CH+][CH-][CH+][CH-]1)N1CCC(C)CC1,-7.455648899078369
guided,CC1(C)CC(NC(=O)Cc2ccc(Br)cc2)CC(C)(C)N1,-5.429991245269775
guided,O=[N+]([O-])c1ccc(-n2c(C3CCCCC3)nc3ccccc32)cc1N1CCCC1,-4.475748062133789
guided,CC1C[C-](Cl)CCNC1CNC[c+]1[cH-][cH+][cH-][cH+][c-]1C(F)(F)F,-8.698585510253906
guided,COC(=O)COc1cc2ncnc(Nc3cccc(Cl)c3)c2cc1F,-2.05196213722229
guided,[N-]=[NH2+],-4.504388809204102
guided,Nn1cc(-c2cccs2)nc1SCc1cnc(Cl)s1,-3.6112966537475586
guided,CCCOc1cccc2c(=O)n(Cc3ccccc3F)ccc12,-7.275496482849121
guided,CCCN(CCC#N)C(=S)Nc1ccc(S(N)(=O)=O)cc1,-0.44678524136543274
guided,CC(C)C(=O)Nc1ccc(NC(=O)C2CCCCC2)nc1,-1.984415054321289
guided,NS(=O)(=O)NC1CCCCC1,-1.5145314931869507
guided,CCCN([C]([O])N[C]1[N][CH][C](N([O-])[O-])S1)[C+]1[CH][CH][CH][C]([C](C)[O])[CH]1,-0.5800877809524536
guided,O=C(NNC(=S)Nc1ccc2[nH]ccc2c1)c1cccc(Cl)c1,-2.296675443649292
guided,COc1ccccc1Oc1nnnn1-c1ccc(C(N)=O)cc1,-0.30356645584106445
guided,CC[C@H](C)n1nccc1NC(=O)[C@H](C)OC(=O)c1cc2ccccc2o1,-1.4299768209457397
guided,[O-][c-]1[c+]2[c+](n(C[C-]3[CH+]OCCCO3)n1[C+]1[CH+][CH-][C+](Cl)[CH-][CH+]1)CCCCN2[C][S-],-3.292335033416748
guided,Clc1cccc(NCCCn2cnc3ccccc32)c1,-7.711777210235596
guided,O=C(Cn1nnc2ccccc21)N/N=C/c1cc2cccc(Cl)c2s1,-1.978402018547058
guided,O=C(NCc1cccc(Oc2cccc3cccnc23)c1)c1cccc(N2CCCC2=O)c1,-3.331979274749756
guided,S=c1[nH]nc(-c2cccc(Cl)c2)n1-c1ccccc1,-7.171043872833252
guided,CC(=O)Cn1ncc(Br)c(Br)c1=O,-3.4108150005340576
guided,NC(=O)c1ccc(OCCCOc2cccc3cccnc23)cc1,-1.6342777013778687
guided,COc1cccc(CN2CCC[C@H](CCC(=O)NCc3ccc(OC(F)(F)F)cc3)C2)c1,-5.181877613067627
guided,Clc1ccc(Br)cc1CSc1snnc1-c1ccccc1,-10.194112777709961
guided,O=C(Cn1ncc(Cl)c(Cl)c1=O)Nc1ccc2nccnc2c1,-0.5799368023872375
guided,COc1ccc(C(=O)O)cc1S(=O)(=O)N1CCCC1=O,-0.36208245158195496
guided,COCCCN1C(=O)C(O)=C(C(=O)c2ccc(C)o2)[C@H]1c1cccs1,-1.4399281740188599
guided,CCOCCCNC(=S)Nc1ccc(S(=O)(=O)Nc2nc(=S)[nH]c3ccccc23)cc1,-1.2544788122177124
guided,[H+].[O-][S+]([O-])[C+]1[CH+][CH-][c+]2[c-](N3CCOCC3)[cH+][cH+][n-][c-]21,-1.2924907207489014
guided,O=C(Nc1nccs1)C1(S(=O)(=O)c2ccccc2)CC1,-1.1226718425750732
guided,CN(C)c1nc2nonc2nc1Nc1cccc2ccccc12,-1.2301691770553589
guided,C[C@H]1CCCN(c2c([N+](=O)[O-])c(=O)n(C)c3ccccc23)C1,-1.8671290874481201
guided,[CH2+]OCCO.[O-][P-]N[C+]1[CH+][CH-][C+](N([O-])[O-])[CH+][N-]1,-0.49352025985717773
guided,COc1ccc2[nH]c(C)c(CCNC(=O)c3cc4ccccc4cc3O)c2c1,-2.4458210468292236
guided,[OH-],-7.230311870574951
guided,COc1ccc(NCCC(=O)N2CCOCC2)cc1Cl,-3.4762516021728516
guided,Cc1ccc(-n2cccc2C(=O)NS(=O)(=O)c2ccc(C)cc2)cc1,-2.176553249359131
guided,CC1=C(C(=O)O)N2C(=O)[C@@H](NC(=O)Cc3ccccc3)[C@@H]2SC1,-0.5465083122253418
guided,S=C(NC[C@@H]1CCCO1)N1CCN(C(c2ccccc2)c2ccccc2)CC1,-7.561225891113281
guided,C[CH-][C@@H](C(=O)CC[N-]CC1=C(Cl)[N+](c2ccccc2)=[N+]=C1C)c1cccc(OC(C)C)c1,-5.750962734222412
guided,Cc1ccc2c(c1)N(CCNC(=O)c1cn(C)c3ccc(S(=O)(=O)N(C)C)cc3c1=O)CCO2,-0.28139954805374146
guided,[O-]Br,-8.509778022766113
guided,FC(F)(F)[C]1[CH][CH][C]2[S+][C]([N+]3CCN([C-][CH][CH][CH][C][C]4[N][C]5[CH][CH][CH][CH][C]5S4)CC3)[N][C]2[CH]1,-5.924434185028076
guided,C=C1C=CC=C[CH-]1.O=C(CP(=O)=[OH+])c1ccccc1,-3.8173511028289795
guided,CO[C-](N[C+]([O-])OC[c+]1[cH-][cH+][c-](Cl)[cH+][c-]1Cl)[C+]([O-])N[c+]1[cH-][c+](Cl)[cH-][cH+][c-]1C,-0.9879152178764343
guided,CN1C(=O)C(=O)/C(=C(/O)c2ccc(OCC(=O)Nc3ccccc3)cc2)[C@H]1c1cccnc1,-0.7804398536682129
guided,CCCOc1cc(C)c(S(=O)(=O)N2CCN(C)CC2)cc1C,-3.604672431945801
guided,[H+].[N-2][C]C[CH+]O[C+]([O-])[CH+][N-][C+]1[CH-]CCN([C+]2[CH+][CH-][CH+][C-](C(F)(F)F)[CH+]2)CC[N-]C1,-1.4058326482772827
guided,CC(C)CC(=O)Nc1cc(S(=O)(=O)N2CCCCC2)ccc1N1CCCC1,-2.211657762527466
guided,C/C(=N\NS(=O)(=O)c1ccc(Br)cc1)c1cccc([N+](=O)[O-])c1,-0.875128448009491
guided,C[C@@H](NC(=O)CN1C(=O)NC(c2ccccc2)(c2ccccc2)C1=O)C(=O)NC[C@@H]1CCCO1,-0.3181885778903961
guided,CC(C)NC(=O)NC(=O)COC(=O)C(C)(C)C,-0.7531068921089172
guided,COc1ccc(/[C-]=N/N=C2/S[C@@H](CC(=O)O)C(=O)N2c2cccc3ccccc23)cc1.[H+],-1.581046462059021
guided,C/C(=N\NC(=O)Cc1nc2c3ccccc3nc(C(F)(F)F)n2n1)c1ccco1,-0.7451746463775635
guided,COCCN[C-]1[N-][C+]2[CH+][CH-][C+](F)[CH-][C+]2[C-]2[N-][C+]([c+]3[cH-][cH+][c-](F)[cH+][cH-]3)[N-][O+]12,-2.7352383136749268
guided,CN(C)S(=O)(=O)c1cccc(S(=O)(=O)N2CCCC2)c1,-1.1584044694900513
guided,[OH-],-7.230311870574951
guided,NS(=O)(=O)c1ccc(N/N=C2\C=CC(=O)NC2=O)cc1,-0.3885042667388916
guided,Br[C-]1[C][N-][C+](N[c-]2[cH+][cH-][c+](O[c-]3[cH+][cH-][cH+][cH-][cH+]3)[cH-][cH+]2)[N-][C+]1N[N-][CH+][C+]1[CH+][CH-][CH+]S1,-4.73916482925415
guided,O=C(CN1CCN(S(=O)(=O)c2ccccc2)CC1)Nc1ccc(Cl)c(C(F)(F)F)c1,-2.0635149478912354
guided,CCOCc1cc(=O)[nH]c(=S)[nH]1,-2.7476840019226074
guided,COc1cccc(NC(=O)N2CCCC2)c1,-4.777126789093018
guided,[O-]P(CO[c+]1[cH-][cH+][cH-][c+]2[cH-][cH+][cH-][n-][c+]12)NC[c+]1[cH-][cH+][cH-]o1,-1.5373717546463013
guided,COc1ccc(C(=O)/C=C/c2ccc(OCc3ccccc3)c(OC)c2)c(O)c1,-3.657170534133911
guided,COc1ccccc1NC(=O)Nc1cc(C(C)(C)C)nn1C,-2.220402956008911
guided,Cn1c(=O)c2ccccc2n(CC(=O)N2CCN(c3ccccc3F)CC2)c1=O,-1.5359715223312378
guided,Oc1cc(OCc2cccc3ccccc23)ccc1Br,-8.412879943847656
guided,O=C(O)c1cccc(NCc2ccccc2Cl)c1,-4.431965351104736
guided,CCN(CC)CCCNC(=O)CCCn1nc(C)c2c(C)n(-c3ccc(C)cc3)nc2c1=O,-1.1500283479690552
guided,Cc1nc2ncnn2c(C)c1Cc1ccc2c(c1)OCO2,-2.330742359161377
guided,NS(=O)(=O)OCCCc1ccccc1,-1.5284286737442017
guided,CN(CC(=O)NC1CCN(Cc2ccc(F)cc2)CC1)S(=O)(=O)c1cccc2cccnc12,-0.9941776394844055
guided,CNCCN/C=C1/C(=O)NC(=O)N(c2ccc(F)cc2)C1=O,-0.4751729667186737
guided,O=C1CN(C(=O)COC(=O)c2cccc3ccccc23)c2ccccc2N1,-1.4660286903381348
guided,[CH2-]C1CC[c+]2[cH-][c+]3[c+]([n-][c+](SC[c+]4[cH-][cH+][c-](Cl)[cH+][cH-]4)[n-][c-]3N)[n-][c+]2C1,-2.6883459091186523
guided,COCCN1CCN(C(=S)NC(=O)c2ccccc2Br)CC1,-4.175871849060059
guided,COc1ccc2nc(OCc3ccc(F)cc3)c(C#N)cc2c1,-3.7829599380493164
guided,NC(=O)N/N=C/c1cnccn1,-0.5088567137718201
guided,O=C1NCCN(Cc2ccc(F)c(F)c2)[C@H]1C[C+](=O)N(CCN[C][O-])c1ccc(F)cc1,-0.47706449031829834
guided,COc1cccc(CNC(=O)[C@@H]2CCCN(S(=O)(=O)c3ccc(OC)c(OC)c3)C2)c1,-0.5587031841278076
guided,CO[C]1[CH][CH][CH][CH][C]1N[C]1[CH][CH][C]([C+]([O])O)[CH][C]1N([O-])[O-],-0.5148097276687622
guided,C=CCOc1ccccc1C(=O)NCC1CCCCC1,-5.878663063049316
guided,[O-]CCCN1N[CH+][N-][c-]2[cH+][cH-][c+]([S+2]([O-])([O-])N[c+]3[cH-][c+](F)[cH-][cH+][c-]3F)[cH-][c+]21,-0.4681180715560913
guided,COc1ccc(C)cc1/N=C\C1=CC(=O)O[C@H](c2cccs2)C1,-5.088144302368164
guided,CCOc1cccc(-c2nnc(-c3ccc(Cl)cc3)c(=O)[nH]2)c1O,-1.1079803705215454
guided,Fc1cccc(NC(=S)NC[C@@H](c2cccs2)N2CCOCC2)c1,-5.946881294250488
guided,Cc1cc2[nH]c(=O)c3ccccc3c2cn1,-4.253269672393799
guided,CC(C)OC(=O)N[C@@H](C)N1C(=O)[C@@H]2[C@H](C1=O)[C@H]1C=C[C@@H]2C1,-1.2421468496322632
guided,COCCC(=O)N(Cc1cc2ccccc2[nH]c1=O)c1cccc(C)c1C,-2.94576358795166
guided,NS(=O)(=O)c1ccc(CCNCc2cc3ccc(Cl)cc3nc2Cl)cc1,-1.3584015369415283
guided,Cc1nn(CC(=O)O)cc1S(=O)(=O)Nc1ccc(C(C)C)cc1,-0.5124813914299011
guided,O=S(#[O+])/[NH+]=[C-]\CCO[CH-]O,-1.047715425491333
guided,N#C/[C-]=C\N=[NH+]/c1ncnc2[nH]c(-c3ccc(OCc4ccccc4)cc3)cc12,-0.8613001108169556
guided,CCNC(=S)N(Cc1ccc2ccccc2n1)C(C)C,-7.426235675811768
guided,O=c1c(Cl)nc2cc(Cl)ccc2n1CCN1CCOCC1,-3.916119337081909
guided,Cc1ccc(OCCCN2CCCCC2)c(Br)c1,-11.069429397583008
guided,O=C(CNC(=O)[C@@H]1Cc2ccccc2CN1C(=O)c1ccccc1Cl)NCc1ccco1,-0.8082061409950256
guided,[O-][S+]([O-])[c+]1[cH-][cH+][cH-]n1-[c+]1[cH-][cH+][c-](F)[cH+][cH-]1,-3.4765400886535645
guided,CCN(C)P(=S)(N(C)CC)N(C)C[P@](=O)(CC)OC,-6.0883355140686035
guided,COc1ccc(-n2nnnc2SCC(=O)NCc2ccco2)cc1OC,-0.3135828673839569
guided,COCC[N-][C]N([N-][CH+][C+]1[CH+][CH-][C+](Br)[CH-][CH+]1)[c-]1[n-][c+]2[cH+][cH-][cH+][cH-][c+]2s1,-4.604671955108643
guided,[CH2-]CCCCC(O)CC[CH+][CH-]CCCCCO[S+2](N)([O-])[O-],-0.8997229337692261
guided,CCCCOc1ccc2c(=O)n(C[C@@H]3CCCO3)nnc2c1,-1.9055246114730835
guided,COCCSc1nc(SCC(=O)NC2CCCCC2)c2sccc2n1,-3.0166568756103516
guided,O=C(NCCCN1CCOCC1)/C(=C\c1cccs1)NC(=O)c1ccccc1,-1.542785406112671
guided,[H]/N=c1\oc2c(OC)cccc2cc1C(=O)N(C)c1ccc(C)c(C)c1,-2.624600410461426
guided,Cc1ccc(O[C@@H](C)C(=O)Nc2cccnc2)c(C)c1,-3.781348705291748
guided,CN(C)S(=O)(=O)c1ccc(N2CCCC2)c(C(=O)Nc2nc(-c3cccs3)cs2)c1,-1.7116619348526
guided,COc1ccc(S(=O)(=O)N(C)c2ccc(OCC(=O)N(C)Cc3ccco3)c(Cl)c2)cc1,-1.3609141111373901
guided,COc1ccccc1C(=O)N/N=C(\C)CC(=O)Nc1ccc(Cl)cc1C,-1.726767897605896
guided,Cc1ccc(S(=O)(=O)CCn2cccc2)cc1,-5.1696600914001465
guided,Cc1cc(C)cc(NCc2ccccc2O)c1,-6.933441638946533
guided,O[C@H](/[C-]=[N+]1/CCN2C[C@@H]1C[CH-][C@H](c1ccccc1)C2)CN1CCCCC1.[H+],-6.6867899894714355
guided,Clc1ccc(C2=NN/C(=N\C[C@@H]3CCCO3)SC2)cc1,-4.502094268798828
guided,S=C(Nc1ccccc1Cl)N(CCCN1CCOCC1)CC1CC1,-7.624802112579346
guided,[N-2][C-]([O-])C([c-]1[cH+][cH-][c+](F)[cH-][cH+]1)[c-]1[cH+][cH-][c+](F)[c-](F)[cH+]1,-4.577364444732666
guided,C[C@H](N)c1nnc(SCC(=O)N(C)C)o1,-0.6871359348297119
guided,O=C(NCC1(N2CCCCC2)CCCCC1)c1cc2ccccc2o1,-5.398197650909424
guided,C=[n+]1c(=C=O)cc([O-])c2ccc(C(=O)OC/C([O-])=[NH+]/c3cc(OC)c(OC)c(OC)c3)cc21,-0.2674061954021454
guided,N[P@@](=O)(Oc1ccccc1)Oc1ccc(F)cc1,-2.8394851684570312
guided,NS(=O)(=O)c1ccc(Nc2ncc(C(=O)Nc3ccc(Nc4ccccc4)cc3)c3ccccc23)cc1,-2.947679042816162
guided,CC1=CC2=NC(=O)C[C@](C)(C(=O)N(CC(=O)NC3CCCC3)Cc3ccc(Cl)cc3)N2C=C1,-1.6444487571716309
guided,[F-],-5.0
guided,Nc1ccc(C(=O)/C=C\CCNCc2ccccc2)cc1,-3.416334629058838
guided,[CH2-]O[c+]1[cH-][c+](C)[c-]([S+2]([O-])([O-])NC[C+]([O-])N2CCN([c+]3[cH-][cH+][c-](C)[cH+][cH-]3)CC2)[cH+][c-]1OC,-0.2674741744995117
guided,CNC[C@H](O)CNCc1ccco1,-2.7234015464782715
guided,ON(CC#Cc1ccccc1)CCN1CCOCC1,-5.451266765594482
guided,CNNC(=S)Nc1ccc2nccnc2c1,-2.176462411880493
guided,O=c1ccn([C@H]2O[C@@H](CO)[C@H](O)[C@@H]2O)c(=O)[nH]1,-0.4755268692970276
guided,COCCN1C(=O)N[C@H](c2ccccc2)C(C(C)=O)=C1C,-2.6420037746429443
guided,S=c1[nH]nc(C2CCCCC2)n1/N=C/c1ccc2c(c1)OCO2,-2.7905080318450928
guided,CCC(C)(C)NC(=O)[C@@H](c1ccncc1)N(Cc1cccs1)C(=O)c1sc(C)nc1C,-2.9422974586486816
guided,CCO[C]1[CH][C]([CH+][C]2S[C]([S])N(C)[C]2[O])[CH][CH][C]1O[C]1[CH][CH][C](N([O-])[O-])[CH][N]1,-0.9134691953659058
guided,[CH2-][P+]([O-])(CO)N[C+]([O-])N1CC[c-]2[cH+][cH-][cH+][cH-][c+]2C1,-0.78886479139328
guided,FC(F)(F)Oc1ccccc1N(CCCNC(=S)Nc1cccc2cccnc12)Cc1ccccc1,-7.240653038024902
guided,CCOc1c2c(nc3ccc(Cl)cc13)CCC2,-8.88534927368164
guided,O=C(c1ncn[nH]1)N(Cc1ccccc1)CC1CC1,-2.2492008209228516
guided,[O-]N1c2ccc(N3CCCCC3)cc2[C@@H](F)N2C=CC=C[C@]23O[O+]13,-4.4540605545043945
guided,O=C(c1c(F)cccc1F)N1CCC2(CC1)OCCO2,-5.177455425262451
guided,[CH2-]O[c+]1[cH-][cH+][c-]([C+]([O-])CO[C+]([O-])CN[C+]([O-])[c+]2[cH-][c+]([O-])[nH][c+](C)[n-]2)[c+](OC)[c-]1OC,-0.30969706177711487
guided,S=C(NCc1ccc(Cl)cc1)N1CCN(c2ccccn2)CC1,-6.641502380371094
guided,CN(C)S(=O)(=O)N1CCC[C@@H](C(=O)Nc2nccs2)C1,-0.7189704775810242
guided,Cc1ccc(S(=O)(=O)N(CC(=O)Nc2ccccc2C)c2ccc(Cl)c(C(=O)N3CCOCC3)c2)cc1,-1.6029207706451416
guided,CC(C)C[C@@H](N)N(O)C(=O)Nc1ccccc1,-1.0775394439697266
guided,O=C(COC(=O)C/[C-]=C1\C#C[C+](S(=O)(=O)N2CCOCC2)C=C1)NC(=O)NC1CCCCC1,-0.5198603868484497
guided,CCOc1cccc(C(=O)NC(=O)Nc2cccc(C)n2)c1,-1.132429838180542
guided,COc1ccc(N[C@@H](C)C(=O)OCC(=O)Nc2ccccc2F)cc1,-1.316162347793579
guided,CC(C)c1ccc(/[NH+]=C/c2ccccc2)cc1.CCCOP([O-])OCCC,-3.952563762664795
guided,Fc1ccc(NC(=S)N2CCOCC2)cc1Cl,-7.855689525604248
guided,O=C(COc1ccc(OC(F)F)cc1-c1ccnc(O)c1)NC(=O)c1cnccn1,-0.4241608679294586
guided,COc1ccc([C@H]2CC(=O)c3c(O)c(C)c(O)c(O)c3C2)cc1O,-0.7262463569641113
guided,CS(=O)(=O)N(Cc1ccccc1)c1ccc(C(=O)N2CCOCC2)cc1,-1.8134084939956665
guided,CNC[C@H](O)[C@@H](O)[C@@H](O)CO,-0.7269431352615356
guided,[C-2][C+]1[N][C](NCCCO)[C]2[CH][CH][CH]C(C(C)C)[C]2[C]1[C][N],-1.826804757118225
guided,CN[C@H](CC(=O)O)[C@@H](O)c1ccc2oc(=O)ccc2c1,-0.3300284445285797
guided,O=[N+]([O-])c1cccnc1NCCc1ccccc1,-1.9266479015350342
guided,COCCn1nnnc1SCC(=O)N1CCCCC1,-1.3167214393615723
guided,Nc1ccc(Oc2ccc(OCCCF)cc2)nc1,-3.172349691390991
guided,O=[N+]([O-])c1cccnc1N1CCN(c2ccccc2)CC1,-2.2549121379852295
guided,CCO[c-]1[cH+][c-]([CH+][c-]2[c+]([O-])[n-][c+]3s[cH+][cH-]n3[c+]2[NH-])[cH+][cH-][c+]1OC[C-]1N[c+]2[cH-][c+](C)[cH-][cH+][c-]2OCO1,-2.180100679397583
guided,O=C1CCNCC[N+]1=C=C=[C-]c1ccccc1,-6.127899169921875
guided,S=C(NCc1ccncc1)Nc1ccc(Cl)cc1Cl,-6.364413738250732
guided,O=C(NCCNC(=O)c1cc(F)cc(F)c1)c1cccnc1,-1.410868525505066
guided,[CH2-][CH+]CN(C[C][CH+][C-]1[CH+][c-]2[cH+][cH-][c+](C)[cH-][c+]2N[C-]1[O-])[S+2]([O-])([O-])[c-]1[cH+][cH-][cH+][cH-][cH+]1,-0.8388750553131104
guided,CN1CCN(C(=S)C(=O)NCc2ccccc2)CC1,-5.494342803955078
guided,OCCNCCCOc1cccc(Br)c1,-4.75140905380249
guided,CCCCN1CCC(CNC(=O)c2cc3c(=O)n4cccc(C)c4nc3s2)CC1,-2.427239179611206
guided,COc1ccc(-n2nnnc2SCC(=O)N(c2ccccc2OC)C(C)C)cc1,-1.2379263639450073
guided,CCN(CC)S(=O)(=O)c1ccc(CCC(=O)OCC(=O)Nc2cccc(OC)c2)c(C)c1,-0.8245407342910767
guided,C[C-]([O-])N[C+]1=C[C]C(=[S+3]([O-])([O-])N2CCCC[C@H]2C(=O)O)C=C1,-0.48351892828941345
guided,O=C(NCC(=O)N1CCN(c2ccccc2F)CC1)C1CCCCC1,-3.3037755489349365
guided,[CH][CH+][CH-][C+](O)[c-]1[cH+][cH-][c+]2[cH-][cH+][cH-][cH+][c-]2[cH+]1,-8.906217575073242
guided,O=C(NNC(=O)c1ccc(F)cc1)c1ccccc1,-2.62446665763855
guided,O=S(=O)(NC[C@H]1CCCO1)c1ccc(Cl)cc1,-2.9542479515075684
guided,O=C(N/N=C/c1ccccn1)c1ccc(Cn2cccn2)o1,-0.6170501708984375
guided,COc1cc(OC)c2c(c1)N(C(=S)N1CCN(Cc3ccccc3)CC1)CCN2C,-6.626232624053955
guided,CCOC1=Cc2c/c(=C\N(Cc3cccnc3)C(=O)Nc3ccccc3F)c(=O)[nH]c2=C[CH-]1.[H+],-0.8567660450935364
guided,CCOCCOC(=O)CCC(=O)OCC,-2.3052713871002197
guided,[CH2-]N(CC[C@@H](NC(=O)C(=O)NCCN1CCN(c2ccccc2F)CC1)C(=O)OCC)C(C)=O.[H+],-0.32177191972732544
guided,Cc1ccc2nc(C(F)(F)F)nc(N(C)N)c2c1,-3.1026813983917236
guided,S=C(NCc1ccccc1)NC1CCCCC1,-8.079479217529297
guided,Cc1cc(CNc2cnc3ccccc3c2)cs1,-8.596131324768066
guided,COc1cc(/C(C)=C\c2oc(CO)cc(=O)c2O)ccc1OCC(=O)O,-0.41314730048179626
guided,CN(C)CCCOC(=O)COc1ccc2ccccc2c1,-5.272268772125244
guided,COCCCn1cnc2c(sc3nc(C)cc(C)c32)c1=O,-2.9709362983703613
guided,C[C-]([O-])[C+](C[C+]([O-])N[c+]1[n-][n-][c+](CC(C)C)s1)C[c+]1[cH-][cH+][cH-][cH+][cH-]1,-0.6063987016677856
guided,CC(=O)CCCC(=O)Nc1cc(Br)cc2cccnc12,-3.2747445106506348
guided,C=C(C)Cn1c(CCNC(=O)Cn2ccc3ccccc3c2=O)nc2ccccc21,-2.0692458152770996
guided,COc1cc(Cl)c(C)cc1NC(=O)CN1CCOCC1,-3.395838499069214
guided,Nc1cc(-c2ccc(Br)cc2)nn1S(=O)(=O)c1ccc(Br)cc1,-1.9689346551895142
guided,CSc1ccc(/C=N\NC(=O)C[C@@H]2CCCO2)cc1,-3.6134097576141357
guided,COc1ccc(N[C@H]2CCCN(C(=O)c3cc4ccccc4oc3=O)C2)c(OC)c1,-1.4305644035339355
guided,O=C1NCCCO1,-5.335127353668213
guided,CCOC(=O)[C@@H]1CCCN(S(=O)(=O)c2ccccc2)C1,-2.0336689949035645
guided,COCCCNC(=O)C1CCN(S(=O)(=O)CCc2ccccc2)CC1,-1.0881054401397705
guided,CO[C]1[CH][CH][C](CCC[C]([O])N[C]2[CH][CH][C]([C][N][O+]C)[CH][CH]2)[CH][CH]1,-2.1550447940826416
guided,CCOc1ccc(/C=C2\[S+]=C(N3CCCCC3)N=C2[O-])cc1,-3.8542332649230957
guided,C[C@H](CCc1ccccc1)NS(=O)(=O)N1CCOCC1,-2.465200185775757
guided,C[C@H](C(=O)N1CCN(c2ccc(F)cc2)CC1)c1cc(C(F)(F)F)cc(C(F)(F)F)c1,-9.946789741516113
guided,CCOC(=O)N/C(C)=N/O,-1.5727165937423706
guided,O=c1c2cc(F)ccc2oc2c(O)ccc(C(O)(C(F)(F)F)C(F)(F)F)c12,-2.6485228538513184
guided,Nc1ccc(Cl)c(NC(=O)CSc2ccc(Cl)cc2)c1,-4.146758556365967
guided,COc1ccc(C(=O)N/N=C2/SCC(=O)N2Cc2ccc(F)cc2)cc1,-1.6628354787826538
guided,COC(=O)c1c(NC(=O)c2cc(Cl)ccc2Cl)sc2c1CCCC2,-4.800490856170654
guided,O=C1C[C@@H](c2ccccc2)CC(O)=C1/C=N/CCN1CCN(C(=O)Cc2cccs2)CC1,-1.9269415140151978
guided,[N-]=[S+]c1nc(NCc2ccccc2)cnc1Cl,-2.7871429920196533
guided,BrCCCCCCN1CCCCC1,-12.957707405090332
guided,S=C(Nc1ccc2c(c1)CCC2)Nc1ccc2c(c1)OCO2,-5.3774495124816895
guided,O=c1[nH]c2[s+]c(-c3[c-]c(F)c(Cl)cc3)nn2c2ccccc12,-4.354966163635254
guided,COc1cc(OC)c(OC)cc1/C=N/NS(=O)(=O)c1ccc(C)cc1,-0.7378745675086975
guided,O=S(=O)(/C=C/c1ccccc1)NN1CCOCC1,-2.473520040512085
guided,COc1ccc(/N=C2\C(=O)Nc3ccccc32)cc1,-3.6638824939727783
guided,CC[C@@H](C)OC(=O)c1ccc(Cl)cc1Cl,-8.323424339294434
guided,CN(C)CCNC(=O)Cc1ncc(C(F)(F)F)cc1Cl,-4.216789245605469
guided,CO[C]1[CH][CH][C]([C+]2[CH]N3[CH][CH][CH][CH][C]3[N]2)[CH][C]1N([O-])[O-],-1.203513503074646
guided,COc1ccc([C@@H](O)[C@H](C[N+](=O)[O-])c2ccccc2)cc1OC,-1.094616174697876
guided,COc1ccc(-n2c(C)nc3cc(C(=O)N4CCOCC4)ccc32)cc1,-3.0070688724517822
guided,[O-][C+]1C[C-]([C+]([O-])N([c+]2[cH-][cH+][cH-][cH+][cH-]2)C2CCCCC2)CS1,-3.7272350788116455
guided,CCC[C@H](C(=O)NC1CCCC1)N(C(=O)Cn1nnc(-c2ccc(C)o2)n1)c1cccc(O)c1,-0.917563796043396
guided,CO[C]1[CH][CH][C](C[C]([O])N[N][CH+][C]2[CH][CH][C](O[C]3[CH][CH][C](N([O-])[O-])[CH][N]3)[C](OC)[CH]2)[CH][CH]1,-0.6084107160568237
guided,NS(=O)(=O)c1ccc([C@@H](CCC(=O)O)NC(=O)c2ccccc2Cl)cc1,-0.547061026096344
guided,Cc1ccn2nc(/[S+]=c3\nc4n(C)c(=O)[nH]c([O-])c-4n3CCCc3ccccc3)nc2n1,-0.2791593372821808
guided,COc1ccc(Br)cc1C(=O)NNC(=O)c1cccnc1,-0.8786308765411377
guided,CC1(C)[C@H]2CC[C@]1(CS(=O)(=O)N1CCN(CCN3CCOCC3)CC1)C(=O)C2,-1.5961029529571533
guided,CCO/N=C\c1ccsc1[C@H](C(=O)NC1CCCCC1)N(Cc1ccco1)C(C)=O,-1.951132893562317
guided,O=C(Nc1ccccc1)NC1CCN(Cc2ccccc2F)CC1,-5.001206398010254
guided,CC(=O)c1ccc(C)cc1/N=N/c1ccc(O)c2ncccc12,-2.909539222717285
guided,CO[C]1[CH][CH][C](CN2[CH][C](C)[N][C+]2SC[C]([O])N[C]2[CH][CH][C]3[CH][CH][CH][CH][C]3[CH]2)[CH][C]1N([O-])[O-],-0.8481569290161133
guided,NNC(=O)c1ccc(CSCc2cc(=O)oc3ccccc23)o1,-0.5115247368812561
guided,Fc1ccc(OCc2noc(CN3CC[C@@H](c4ccccc4F)C3)n2)cc1,-4.271543502807617
guided,C1#[N+][N-]C2=[S+]C[C-]=NN12,-6.031017780303955
guided,CC[C+]([O-])N1[C+]([O-])N(C2CCCCC2)C(O[CH+][C-](C)[O-])C1C,-0.7857601046562195
guided,Clc1ccc(-c2csc(N3CCN(Cc4ccccc4)CC3)n2)cc1,-10.14816951751709
guided,O=[N+]([O-])c1cc2c(cc1NNC(=S)NC1CC1)CCc1ccccc1N2,-1.1148133277893066
guided,[CH2-]COC1=N/C(=[NH+]\C2CCCCC2)N=C=C1Br,-3.928795337677002
guided,COC(OC)c1cc(C(=O)N/N=C/c2ccc(O)c(O)c2)c2ccccc2n1,-0.6087893843650818
guided,CN1C(=O)c2[s+]c(S)n(CCc3ccccc3)c2N2[C@H](c3ccco3)C12[O-],-2.157457113265991
guided,C[C@H](C(=O)Nc1ccccc1)c1ccc(S(=O)(=O)N2CCOCC2)cc1,-1.2540165185928345
guided,COc1ccc2nc(NC/[C-]=[N+](\CCc3cccs3)C(=O)NC3CCCCC3)[s+][c-]2c1,-3.684694528579712
guided,[O-]N1[C+]([C+]2[CH+][CH+][C-](Br)[CH+][CH-]2)[C+]2[C][C][C][C][C-]2[C+]1N[c-]1[cH+][cH-][cH+][cH-][c+]1O,-3.2846899032592773
guided,S=C1CCCCCN1,-10.321024894714355
guided,O=C(NN1C(=O)c2ccccc2C1=O)c1ccccc1Cl,-1.9261101484298706
guided,COc1ccc(CNC(=O)Cc2csc(N3CCOCC3)n2)cc1F,-2.0447216033935547
guided,[O-]SCCCOCC1CCCCC1,-6.650083541870117
guided,CCCCCC(=O)N/N=C/c1cc2c(cc1O)OCCO2,-1.0209230184555054
guided,O=C(O)c1ccnc(NS(=O)(=O)c2ccccc2)c1,-0.3534868359565735
guided,O=[P@@H](c1ccccc1)c1nc2ccccc2n1C1=C=C=C(F)C=C1,-6.38446044921875
guided,COCn1c(COc2cccc(OC)c2)nc2ccccc21,-4.550704002380371
guided,CCC/C=C(/C[P@](=O)(OCCCN1CCCC1=O)OCc1ccccc1)C(=O)O,-1.7245697975158691
guided,CN(CCc1ccccc1)N(C)C1=CC(=O)C[C@H](c2cccs2)C1,-8.743370056152344
guided,COc1ccc(N2CCN(C[C@H](O)COC(C)(C)C)CC2)cc1,-4.159181118011475
guided,[O-][c+]1[nH][cH-][cH+][c-]2[cH+][cH-][cH+][cH-][c+]2[c+]1[N-]O[S+]([O-])[O-],-0.3984328508377075
guided,O[C-]([c+]1[cH-][cH+][cH-][cH+][cH-]1)[c+]1[cH-][cH+][cH-][cH+][c-]1F,-8.897895812988281
guided,[O-][C+]1[CH-][CH+]N([CH-][C+]([O-])[c-]2[cH+][cH-][cH+]o2)CC1,-2.1363444328308105
guided,CC(=O)n1nc(-c2ccccc2)nc1SCc1ccccc1Cl,-5.266467571258545
guided,CN(C)S(=O)(=O)N1CCC[C@H](C(=O)c2ccc(-c3ccccc3)cc2)C1,-3.0509185791015625
guided,CC(=O)c1ccccc1OC[C@@H](O)CNC(=O)c1cccc(N2C(=O)C=CC2=O)c1,-0.3011019229888916
guided,O=c1c(/C=N/O)cc2cn[nH]c2n1Cc1ccccc1,-0.7170386910438538
guided,O=C(COC(=O)c1cc(-c2ccncc2)nc2ccccc12)NCc1ccco1,-0.9181039929389954
guided,CNC(=O)C1=C(C)Nc2nc3ccccc3n2[C@H]1c1cccc(F)c1,-2.96536922454834
guided,COc1c(Cl)cc(-c2noc(C)c2C(=O)N[C@@H](C)c2ccccc2)cc1Cl,-4.302299499511719
guided,CCOc1ccccc1N1CCN(CC(=O)Nc2ccc(C)cc2F)CC1,-4.656908988952637
guided,O=C(Nc1ccc([C+](=O)NN[C][O-])cc1)[c-]1ccc[s+]1,-0.36899423599243164
guided,F[C]1[CH][CH][C]([N+][N+][C][CH][CH][C]2[C-][CH][CH]N2)[CH][CH]1,-5.05102014541626
guided,CCN(CC)CCCN[c-]1[n-][c+]([C][CH+][c-]2[cH+][cH-][cH+]o2)[n-][c+]2[cH+][cH-][cH+][cH-][c+]21,-3.522425651550293
guided,[O][C]([C+]1[CH][CH][CH][CH][CH]1)N1CCN(S([O])([O])[C]2[CH][CH][C](N([O-])[O-])[CH][CH]2)CC1,-0.5566457509994507
guided,N#CC(=C=[NH+]Cc1nc2ccccc2[nH]1)/C(=[C-]/C=O)c1ccccc1,-0.6320091485977173
guided,Cc1cc(C)c2ccccc2c1/C=N/NC(=O)c1cc(-c2cccs2)[nH]n1,-3.0453083515167236
guided,[OH-],-7.230311870574951
guided,CCCCSc1nnc(CSc2nc(C)cc(C)n2)o1,-2.8103466033935547
guided,COc1c(F)cc(/C=C/c2ccc3cccc(O)c3n2)cc1C=O,-3.4882116317749023
guided,COC(=O)c1ccc(SCc2cccnc2)cc1,-5.488640785217285
guided,O=S(=O)(NC1=NCCCCC1)c1ccccc1Br,-2.8555517196655273
guided,O[C@@H](COc1ccc(Br)cc1)CN1CCCC1,-6.232541084289551
guided,CC([C]([O])NC1CC1)N1[C]CC[C]([O])[CH][C][NH+]CCN[C]2[CH][CH][C]([CH][N]2)S1([O])[O],-0.5898503661155701
guided,[CH2-]CN(CCC/N=C1/C=C/C(=[O+]/C)C(C(=O)O)=C1)c1nc(C(F)(F)F)cc(=O)[nH]1,-0.45835408568382263
guided,O=CNNS(=O)(=O)c1ccc2c(c1)n(-c1cccc(F)c1)c(=O)n2-c1ccccc1,-0.3815445303916931
guided,CC(=O)N(CCP(#[O+])c1ccccc1)Cc1ccccc1.[c-]1ccccc1,-6.442233562469482
guided,N#CC[C@@H](NC(=O)CN1CCOCC1)c1ccccc1,-1.7859598398208618
guided,CC(=O)c1c(C)[nH]c(C(=O)CSc2n[nH]c(=O)n2CCc2ccccc2)c1C,-0.7630578279495239
guided,C[P@](=O)(Nc1ccc(Br)cc1F)Oc1ccccc1,-6.951974391937256
guided,CC(=O)/C(CN1CCCC1)=N\Nc1ccc(S(N)(=O)=O)cc1,-0.35206830501556396
guided,C/C(=N\OCC(=O)N/N=C/C=C/c1ccccc1)c1cccs1,-2.6276426315307617
guided,S=c1[nH]nc(CCc2ccccc2)n1-c1ccc(Cl)cc1,-7.269039154052734
guided,CCC(=O)NC(=S)Nc1ccc(C(=O)c2ccccc2)s1,-3.086785078048706
guided,[O-][C+]1OP([O-])O[c+]2[c-]3[c+]([n-][c+](SC[C-]([O-])N4CCCC4)[c-]21)CCCC3,-0.3712414801120758
guided,CCOc1ccc2cc(CN(C(=O)c3ccco3)C3CCCCC3)c(=O)[nH]c2c1,-2.530353546142578
guided,Cc1nc2c(C(C)(C)C)cnn2c(N)c1Cc1ccc(C(C)C)cc1,-4.36844539642334
guided,[O-][S+]([O-])[c+]1[c-](-[c+]2[cH-][cH+][cH-][cH+][cH-]2)[nH][c+]2[cH-][cH+][cH-][cH+][c-]12,-2.664111375808716
guided,COCCCn1c(-c2ccncc2)nnc1[S+2]1=[NH+][C@@H]1/[C-]=N/[C-]=N/CC/[C-]=N\C=C(C)C,-0.3320726454257965
guided,CN(C)c1ccc(CN2CCC(Oc3ccc([N+](=O)[O-])cc3)CC2)cc1,-3.292682409286499
guided,COc1ccccc1/C=C\C(=O)C(F)(F)F,-7.553220748901367
guided,CCCN(CCC)CCNC(=S)Nc1ccccc1,-7.4942946434021
guided,Cc1nn(C)cc1CN1C(=O)c2ccccc2S1(=O)=O,-1.281135082244873
guided,COc1ccc(C(=O)O)cc1NC(=O)NCCCN1CCN(C)CC1,-0.3348233103752136
guided,COc1cc2c(cc1OC)CN(C(=O)CCc1ccccc1)CC2,-5.547744274139404
guided,COc1ccc(C)cc1NC(=O)CSc1cc(C)nc(C)n1,-2.420633554458618
guided,[CH][CH-][C-]1[C+](N[C+]([O-])[C+]2[CH+][CH-][CH+][N-][CH+]2)[C-]([O-])N[C+]([O-])N1C(C)CC,-0.5053868889808655
guided,CS(=O)(=O)Nc1ccc([C@H]2C(=O)Nc3ccccc3[C@@H]2O)cc1,-0.38885071873664856
guided,NNC(=S)Nc1oc2cc(Cl)ccc2c(=O)c1-c1ccccc1,-1.4115424156188965
guided,Brc1ccc(-c2nnc(SCc3cccc4ccccc34)o2)cc1,-8.001544952392578
guided,CCOC(=O)C1=C(C)/C(=C(/N)[O-])C([S@+](C)[O-])=[S+]1,-0.4577521085739136
guided,Fc1ccc(-c2csc(Cc3nc(C4CC4)cs3)n2)cc1,-9.062015533447266
guided,CCOc1cccc([C@H](C)C2=C=[NH+]/C(=N\C(=O)C(=C\c3ccco3)/N=C(\[O-])CC)S2)c1,-0.48290544748306274
guided,COc1cc(OC)nc(NC(=O)c2ccco2)n1,-0.5438547730445862
guided,Cc1ccc(C(=O)O)cc1NC(=S)N1CCC(C(=O)c2ccccc2)CC1,-2.574406147003174
guided,CC(C)Cc1nc2n[nH]c(N)c2c2c1COC(C)(C)C2,-1.402510166168213
guided,[O][N][C]([CH]N([O-])[O-])[C+]1[CH][CH][CH][CH][C]1Cl,-0.8449140787124634
guided,O=C(CCNS(=O)(=O)c1ccccc1)NCc1cnc[nH]1,-0.31837472319602966
guided,COc1ccc(N(C)S(=O)(=O)c2ccc(C(=O)O[C@@H](C)C(=O)NC[C@@H]3CCCO3)cc2)cc1,-0.5159303545951843
guided,[H]/N=C1\NC(=O)/C(=C/c2cc(OC)c(O)c(OC)c2)S1,-0.46586495637893677
guided,Fc1ccc(NCc2ccc3c(c2)OCO3)cc1,-6.952381610870361
guided,[S-][c+]1[n-][n-][c+](CS[c+]2[n-][n-][c+](-[c+]3[cH+][n-][cH-][cH+][cH-]3)o2)n1C1CCCCC1,-0.7709243297576904
guided,O=C(CCS(=O)(=O)Cc1ccccc1)N1CCN(c2ccccc2F)CC1,-2.7867767810821533
guided,S=c1nc[nH]c(Oc2ccccc2)c1-c1ccccc1,-6.744019031524658
guided,CCCCOc1ccc(NS(=O)(=O)c2cccc3cccnc23)cc1,-2.7598791122436523
guided,O=C(CCCC1CCN(Cc2cccc3ccccc23)CC1)NN=C1CCCC1,-6.382554054260254
guided,O=C(O)CCCc1ccccc1,-5.482183933258057
guided,[O-][C]N1N=[C+](c2c(O)n(Cc3ccccc3)c3ccccc23)C[C@H]1c1ccccc1,-2.9520423412323
guided,Cc1cc2c(cc1CC(=O)N(C)CC(=O)Nc1ccccc1C#N)OCO2,-0.5270372033119202
guided,CC(=O)c1ccc(Cc2ncc(C(F)(F)F)cc2Cl)s1,-8.146500587463379
guided,CNC(=O)c1cc(S(=O)(=O)N2CCCC2)cn1C,-1.3989592790603638
guided,O=S(=O)(NCc1ccco1)c1ccc(-c2ccccc2OS(=O)(=O)c2ccc(Cl)cc2)cc1,-2.12141752243042
guided,COc1cccc(C(=O)[C@H]2CCCN(Cc3cc4ccccc4[nH]3)C2)c1,-5.307677745819092
guided,CN1CC[C@@H](CC(=O)N2CCC(Cc3ccccc3)CC2)c2ccccc21,-9.091635704040527
guided,[O-][C]N1CCC2=CC=CC=[C+]21,-7.275067329406738
guided,C1=C[C@@H](CN2CCCCC2)CC[CH-]1.O=C(Cc1ccccc1)[C@H](CS(=O)#[O+])/N=N/c1ccc(OC(F)F)cc1,-3.8925108909606934
guided,[N-2][NH-],-4.565929889678955
guided,NNC(=O)c1cc(Br)cn1Cc1ccccc1Cl,-2.6520156860351562
guided,NNC(=O)[C@H](Cc1c[nH]c2ccccc12)NC(=O)c1ccccc1,-0.32735511660575867
guided,COc1ccc(C=C(C#N)C#N)c(OC)c1,-1.944989800453186
guided,O=S(=O)(Nc1cc(Cl)cc(Cl)c1)c1ccccc1,-4.918263912200928
guided,COc1ccc(O[C@@H]2O[C@H](CO)[C@@H](O)[C@H](O)[C@@H]2NC(=O)c2ccc(C)cc2)cc1,-0.28242573142051697
guided,FC(F)(F)Oc1ccc(NC(=S)Nc2cccnc2)cc1,-4.919975280761719
guided,NN[C-]([O-])[C+]1O[S+2]([O-])([C-]2[CH-][CH+][CH-]S2)[C-]([CH+][c-]2[cH+][cH-][c+](Br)[cH-][cH+]2)[C+]1N,-0.385396808385849
guided,COc1cc(C(=O)O)c2[nH]c(-c3ccccc3)cc2c1N,-0.993194580078125
guided,Cc1cc(C)nc(SCC(=O)Nc2ccc(S(=O)(=O)N3CCCCC3)cc2)n1,-0.8370100855827332
guided,O=C(NCc1ccco1)N[C@]12C[C@H]3C[C@H](C[C@H](C3)C1)C2,-3.5338754653930664
guided,[CH][CH+]CC1[C-]([O-])N[C+](C(F)(F)F)[C-]1OC,-4.395188331604004
guided,[H]/[C-]=[N+](\c1ccccc1)c1n[nH]nc1/[N+](=[C-]/[H])c1cccc2cccnc12,-2.815753221511841
guided,[O-][C+](O)CO[C-]([C+]([O-])O)[c+]1[cH-][cH+][cH-][cH+][cH-]1,-0.4100990295410156
guided,Cc1cc2c(cc1Br)C(=O)OC2,-7.531977653503418
guided,COc1ccc([C@H]2C(=O)NN=C2c2cccs2)cc1OC,-2.5084359645843506
guided,CCCc1nnc(S[C@@H](C)C(=O)Nc2ccc(F)cc2)n1C,-2.8229172229766846
guided,COc1ccccc1N1CCN(S(=O)(=O)c2c(C)nc3[s+]ccn3c2[O-])CC1,-0.3934115171432495
guided,O=C(c1noc2c1CCCC2)N1CCCCC1,-4.2075700759887695
guided,O=C(NCC(=O)N1CCCC1)c1ccc(OC(F)F)cc1,-2.549229145050049
guided,Cn1nnc2cc(NC(=O)NCCCN3CCCCC3)ccc21,-1.1947548389434814
guided,COc1ccc(NC(=S)N2CCC(N(C)CCN3CCOCC3)CC2)cc1,-4.937394142150879
guided,CCN1C[CH+][OH+]C2[CH-][CH+][C+](O2)C([c+]2[cH-][cH+][c-](F)[cH+][cH-]2)C[C-]1[O-],-3.743459463119507
guided,COc1cc(C(=O)N[C@@H](CC(C)C)c2nnnn2-c2cccc3ccccc23)cc(OC)c1OC,-1.62716805934906
guided,Clc1ncccc1CN[C@@H]1CN2CCC1CC2,-6.935895919799805
guided,O=[N+]([O-])c1cccc(S(=O)(=O)NCCc2cccs2)c1,-0.6372890472412109
guided,FC(F)(F)C(F)(F)C(F)(F)C(F)(F)[S-],-13.740364074707031
guided,NS(=O)(=O)c1ccc(NNS(=O)(=O)c2cccc3ccccc23)c([N+](=O)[O-])c1,-0.3716222047805786
guided,COc1ccccc1CNS(=O)(=O)c1ccccc1[N+](=O)[O-],-0.43976566195487976
guided,CC(=O)c1sc(NC(=O)CCC(=O)c2cc(C)ccc2C)nc1C,-2.0514466762542725
guided,N#Cc1ccsc1NC(=O)c1ccc(-c2ccnc(N)c2Cl)s1,-1.6600371599197388
guided,O=C(c1ccco1)N1CCN(C(=O)C2CCN(S(=O)(=O)c3cccc4nonc34)CC2)CC1,-0.2942754626274109
guided,Cc1c[c-]c(/[S+]=C/N=C/c2ccco2)c(C)c1,-7.787050247192383
guided,COCCN1CCN(C(=O)C2=[C-]CCC2)CC1.[CH]N(C)[C+]1=[C-]C=C(Br)C=C1.[H+],-6.018909454345703
guided,Clc1cccc(/C=N/NC2=NCCCCC2)c1Cl,-6.440195560455322
guided,COc1ccccc1-n1c(CNc2ccccc2)nnc1SCC(=O)N1CCOCC1,-1.0880845785140991
guided,[NH-]N,-4.257614612579346
guided,O=C(CCNS(=O)(=O)c1cccs1)N1CC[C@@H](c2ccccc2)C1,-1.930679202079773
guided,NS(=O)(=O)c1cccc(NC(=O)c2ccccc2Cl)c1,-0.6451593637466431
guided,N[C+]1[N-]C([CH-]CO[c+]2[cH-][cH+][c-](Br)[cH+][cH-]2)n2[c+]([n-][c+]3[cH-][cH+][cH-][cH+][c-]32)N1,-1.5900405645370483
guided,NN1[C][C]2[C]([O-])N[C]([S])[NH+][C]2[C]2[CH][CH][C](O)[C]([N+]([O])[O-])[C]21.[H+],-0.48009422421455383
guided,[CH2-][C]N([C+]1[C][C][C][C][C+]1[c+]1[cH+][cH-][cH+][c+](C)[cH+]1)[C+]([O-])[c+]1s[n-][c-]([C+](N)[O-])[c+]1N,-0.2978304326534271
guided,Cc1cccn2c(=O)c(C=C(C#N)C#N)c(N3C[C@@H](C)O[C@@H](C)C3)nc12,-0.5259658694267273
guided,[C-2][CH+][CH][C]1[CH][CH][CH][CH][CH+]1.[C-2][N+]1[N][N+][N]C12[C-][C][C-]CC2[CH+][O].[H+].[O-2],-0.579890787601471
guided,CCCCn1c(N)c(N(Cc2ccccc2OC)C(=O)c2c(F)cccc2F)c(=O)[nH]c1=O,-0.7791838049888611
guided,O=C(c1ccccc1)c1ccc(O[C@H]2O[C@@H](CO)[C@H](O)[C@@H](O)[C@@H]2O)cc1,-0.30333513021469116
guided,COc1cccc([C@H]2NC(=O)CC[C@@H]2[N+](=O)[O-])c1OC,-0.43865126371383667
guided,CNS(=O)(=O)c1cc(NC(=S)N(C)C)ccc1C,-2.2759335041046143
guided,COc1ccc(N[C@H](c2cccnc2)c2cc(C)nc3ccccc23)cc1,-5.85975456237793
guided,CO[c+]1[cH-][c+]([C+]([O-])N(C)[CH-][c+]2[cH-][cH+][c-](OC)[c+](CS[c-]3[cH+][cH-][cH+][cH+][n-]3)[cH-]2)[cH-][cH+][c-]1OC,-2.3396096229553223
guided,CC(=O)c1ccc(OCc2cc(C(=O)NCc3csc(N)n3)no2)cc1,-0.5157346725463867
guided,Nc1cccc2c1C(=O)N(c1ccccc1Br)C2=O,-2.409329891204834
guided,[O-]N([O-])[c-]1[cH+][cH-][c+](OP([O-])NC([c+]2[cH-][cH+][cH-][cH+][cH-]2)[c+]2[cH-][cH+][cH-][cH+][cH-]2)s1,-1.4085716009140015
guided,COc1ccccc1OCC(=O)Nc1ccc(-c2csc(C)n2)cc1,-3.373638391494751
guided,S=C(NC[C@@H]1CCCO1)Nc1ccc(Br)cc1,-6.438812255859375
guided,CN[C-]([O-])N(C)[C+](C)O[c+]1[cH-][cH+][c-]2[cH+][cH-][cH+][cH-][c+]2[cH-]1,-3.762018918991089
guided,CC(=O)O[C@H](C(=O)NCCN(C)C)c1cc(-c2cc(C)no2)cc(C(C)(C)C)c1,-1.1760571002960205
guided,CN(C)/C=C(/C#N)c1nnc(SCC#N)n1-c1ccccc1,-0.9239553213119507
guided,O=C(CCCO)c1ccc2c(c1)OCCO2,-2.8391804695129395
guided,[O][C](O)[C]CP([O])[O+][C]1[CH][CH][C](Cl)[CH][CH]1,-1.7928247451782227
guided,[O-][C-]1N[C-](SC[C+]2[C][C-](Cl)[CH+][C-](Cl)[CH+]2)[N-][C+]2N[N-][CH+][C+]21,-1.360137939453125
guided,Fc1cnc(Cl)nc1N1CCN(c2ccccc2)CC1,-6.3586835861206055
guided,COc1ccc2cc(CCNC(=O)c3ccccc3)c(=O)[nH]c2c1,-1.575014352798462
guided,NS(=O)(=O)c1ccc(Sc2cccc(C(F)(F)F)c2)nc1,-1.681743860244751
guided,COc1ccc(/C=C2\SC(=O)N(Cc3ccc([N+](=O)[O-])cc3)C2=O)cc1,-1.442792296409607
guided,CN1C[C+](C(F)(F)F)[N-][N-][C-]1[O-],-3.1138460636138916
guided,O=C(O)CCc1nnc(SCc2ccc(Cl)cc2Cl)[nH]c1=O,-0.8293533325195312
guided,O=C(Nc1ccccc1Oc1ccccc1)NC1CCCCC1,-5.281624794006348
guided,COc1ccc(Cl)c2sc(N3CCN(C)CC3)nc12,-6.996428489685059
guided,CCc1nc(NCCCN2CCCC2=O)nc2c1CCCC2,-2.834960699081421
guided,O=S(=O)(Nc1ccncc1)c1ccc(Cl)c(Cl)c1,-3.0144126415252686
guided,CCOC(=O)c1cnc(-c2ccccc2)nc1Oc1ccc2ccccc2c1,-4.382899761199951
guided,O=C1[C@H]2CC=CC[C@H]2C(=O)N1C1=CC=CC=[C+]1O[C][O-],-1.6629893779754639
guided,CC(=O)c1cccc(N[N@@+]23[CH-][C@@]2(Cl)[N-]3)c1.[H+],-4.7371392250061035
guided,CN(C)CCN1CCN([C-]2[CH+][CH-][C][C+]3[CH+][CH-][N-][C+]32)CC1.[H+],-7.756674766540527
guided,C[C@@H]1CN(C[C@H](O)COCCCOc2ccccc2)C[C@H](C)O1,-3.402243137359619
guided,CCOC(=O)/C=C/c1ccc(OC)c(OCc2ccccc2)c1,-5.077113628387451
guided,COc1ccc(Oc2nc3c(c(=O)n(C)c(=O)n3C)n2C)cc1OC,-0.4140482246875763
guided,CC(C)Oc1ccc(CNC2CCN(C(=O)c3ccnn3C)CC2)cc1Cl,-3.0148448944091797
guided,O=C(CSc1cccc2ccccc12)NC1CCCCC1,-7.9686760902404785
guided,Cn1nc(-c2ccc(N3CCN(CCO)CC3)c([N+](=O)[O-])c2)c2ccccc2c1=O,-0.26211994886398315
guided,NC[C@@H]1CC(=O)N(Cc2ccc(F)cc2)C1,-4.013028144836426
guided,COCCOc1ccc(C)cc1Cc1c(O)[nH]c(=S)[nH]c1=O,-0.716366171836853
guided,COCCC(=O)Nc1nc2ccccc2n1Cc1ccccc1F,-3.2443349361419678
guided,O=C(COc1ccc(Cl)cc1)N(Cc1ccc(F)cc1)[C@H]1CCS(=O)(=O)C1,-2.486069440841675
guided,NS(=O)(=O)c1ccc(-c2cccs2)nc1,-1.2606042623519897
guided,Cc1ccc2cc(CCNC(=O)C3CCN(S(=O)(=O)N(C)C)CC3)oc(=O)c2c1,-0.33410999178886414
guided,CNC(=S)Nc1ccc(C(=O)NCCCN2CCCC2)cc1OC,-1.8850401639938354
guided,COc1ccc([C@@H](O)CNC(=O)c2ccccn2)cc1,-1.3216347694396973
guided,C[C]1[CH][C](N[C+]([O])CN2CCN([C]([O])[C]3[CH][CH][CH]O3)CC2)[C](N([O-])[O-])[CH][C]1C,-0.49899178743362427
guided,CCOc1cc(CN2CCNC(=O)[C@@H]2CC(=O)N(C)CCCN2CCOCC2)ccc1OC,-0.6658351421356201
guided,O=S(=O)(Nn1cnnc1)c1ccccc1Cl,-1.0506682395935059
guided,C/C(=N\NC(=O)c1ccc2c(c1)OCO2)c1ccc([N+](=O)[O-])cc1,-0.5957830548286438
guided,[O-][S@+](Cc1ccccc1)C1CCCCC1,-8.423206329345703
guided,Cc1c(N/N=C/c2cccnc2)c(=O)n(-c2ccccc2)n1C,-2.0935416221618652
guided,CCOc1ccc2[nH]c(=O)c([C@@H](c3nnnn3C[C@@H]3CCCO3)N3CCCCC3)cc2c1,-0.6636789441108704
guided,O[C@@H](c1ccccc1)c1nnc(-c2ccccc2F)o1,-2.8898074626922607
guided,COc1ccc(CCNC(=O)CCNC(=O)Cn2ccc3ccccc3c2=O)cc1,-0.4578132629394531
guided,Cl[C+]1[CH-][CH+][C+]([C]N2CCOCC2)[CH+][CH-]1.[O-]P(N1CCOCC1)N1CCOCC1,-2.455888271331787
guided,N#C[C@@H]1CCCN(c2nc3ccccc3n3cnnc23)CC1,-1.6722006797790527
guided,COCCNc1nc2nonc2nc1NCCOC,-0.40144872665405273
guided,Cc1c([C@H](C(=O)NCc2ccc(F)cc2)N(C(=O)Cn2nnc3ccccc32)c2ccc(F)cc2)cnn1C,-1.2778205871582031
guided,CCCCN[C@H](C(=O)NCc1cccnc1)c1ccccc1,-3.3210482597351074
guided,CN(c1ccccc1C(=O)NCc1ccco1)S(C)(=O)=O,-0.8500344753265381
guided,C[C@H](OC(=O)C[C@@H]1Sc2ccccc2NC1=O)C(=O)N[C@H]1CCCC[C@@H]1C,-1.168573021888733
guided,CCOc1cc(C(=O)NC)cc(Br)c1OC,-3.97502064704895
guided,Cc1oc(-c2cccs2)nc1C/[S+]=c1/nc2n(C)c(=O)n(C)c([O-])c-2[nH]1,-0.3395698368549347
guided,[CH2+]C12C3[CH+][C]N[C+]([O-])CO[C+]([O-])CS[C+]4[N-][N-]C1([NH-])[S+2]432,-0.5113850235939026
guided,O=C(N/N=C/c1cccnc1)c1ccn[nH]1,-0.7333242297172546
guided,CN(C)P(=O)(Oc1ccccc1)Oc1ccccc1,-5.963136672973633
guided,NS(=O)(=O)c1cc(C(=O)OCC(=O)N2CCCCC2)cc([N+](=O)[O-])c1,-0.38710328936576843
guided,O=C(OC/C=C/c1ccccc1)C1=NCCN1,-3.3895273208618164
guided,CCC1=CC2=CC3C1[C@]3([O-])/C=C\C#[N+]/C=N/CCCNC(=O)COC2=O,-0.5194551348686218
guided,Cc1cc(C)c2c(=O)n(CC(=O)N3CCN(c4ccccc4F)CC3)sc2n1,-2.7036361694335938
guided,CCCCN(C(=O)Cn1nc(CCC)c2ccccc2c1=O)C1CCCCC1,-4.221970081329346
guided,O=C(NCc1ccccn1)NC1CCCCC1,-3.193357467651367
guided,NS(=O)(=O)c1ccc(NC(=O)Nc2ccc(Br)cc2Cl)cc1,-1.0556713342666626
guided,Cc1cc(C(=O)NCCc2ccccc2)no1,-2.949014902114868
guided,S=C(NC[C@@H]1CCCO1)Nc1ccccc1,-6.102016448974609
guided,C[C@H](OC(=O)c1c(Cl)cnn1C)C(=O)Nc1ccc(SC(F)F)cc1,-2.0179245471954346
guided,NS(=O)(=O)c1ccc(SCCN2CCOCC2)nc1,-0.5901346206665039
guided,Cl[C-]1[C]N2[CH+][C+](CS[c-]3[cH+][cH-][c+](OC[C-]4[CH+][C-]([C+]5[CH+][CH-][CH+][CH-][CH+]5)[N-]O4)[cH-][cH+]3)[N-][C+]2[CH-][CH+]1,-5.994246482849121
guided,O=C(Nc1ccc2c(c1)OCO2)c1ccc(Cl)c(S(=O)(=O)N2CCCC2)c1,-1.130163550376892
guided,CN(C)S(=O)(=O)c1ccc(OCCCC(=O)Nc2nccs2)c(Br)c1,-0.909167468547821
guided,CCS(=O)(=O)n1nc(-c2cccnc2)nc1N,-0.33676841855049133
guided,CC(=O)N(Nc1ccccc1Cl)c1cccc(Cl)c1,-7.493312358856201
guided,CCNc1ccccc1N(C(=O)c1ccco1)[C@H](C(=O)c1ccccc1)c1ccc(Cl)cc1,-5.9972662925720215
guided,[CH2-]CC(CC[N-][C+]([S-])[N-][CH-]CN1CCCCC1CBr)[C+]([O-])N[C+]1[CH+][CH-][CH+][CH-][C+]1O[c-]1[cH+][cH-][cH+][c-](F)[cH+]1.[H+],-3.1580779552459717
guided,O=C(c1ccco1)N1CCN(c2cccc3nonc23)CC1,-1.0729063749313354
guided,O=[N+]([O-])c1ccc(Cl)cc1NC1CC1,-3.387486696243286
guided,CO[C]1O[C]([O])[C](N([O-])[O-])[C]2[C]1[CH][CH][C]1[CH][CH][C]3[CH][CH+]O[C]3[C]12,-0.5754894614219666
guided,O=C(/C=C/c1ccccc1)NC(=S)Nc1ccccc1O,-2.634744882583618
guided,O=S(=O)(NNc1ccc(Cl)nn1)c1ccc(Cl)s1,-0.8918700218200684
guided,CCc1ccc(OCC(=O)N2CCN(c3ccccc3)CC2)cc1,-6.391171455383301
guided,Clc1ccccc1OCCNc1ccccc1-n1cccc1,-8.720314979553223
guided,O=[N+](O)/[C-]=C1\N=CN=C1c1ccc2ccccc2c1,-2.112586736679077
guided,[OH-],-7.230311870574951
guided,O=C(N/N=C/CN(CCO)C(=O)c1ccccc1)c1cc(=O)c2ccccc2o1,-0.30570951104164124
guided,O=[N+]([O-])c1ccccc1/C=N\Nc1ccc(-c2ccco2)cn1,-1.2176640033721924
guided,COCCn1c(SCc2nnc(-c3ccccc3)o2)nc2[s+]c3c(c-2c1[O-])CCC3,-1.4212617874145508
guided,CO[C@H](c1ccccc1)c1cccc([N+](=O)[O-])c1,-3.8479955196380615
guided,CC(=O)Cc1nsc(NC(=O)c2ccccc2F)n1,-1.4396159648895264
guided,S=C(Nc1cc(Cl)cc(Cl)c1)N1CCN(c2ccccn2)CC1,-7.2486653327941895
guided,Fc1ccc(CN2CCN(Cc3nc(-c4cnccn4)no3)CC2)cc1F,-1.5185153484344482
guided,O=C(CN1C(=O)c2ccccc2C1=O)Nc1cc(Br)c(O)c(Br)c1,-1.0904020071029663
guided,Fc1cccc(-c2cc(-c3n[nH]c(=S)o3)c3ccccc3n2)c1,-4.574090003967285
guided,[O-]P([C+]([N-][C+]1[C][C][C-](Cl)[CH+][CH+]1)N1CCN([c-]2[cH+][cH-][cH+][c-]3[cH+][cH-][cH+][cH-][c+]23)CC1)N1CCOCC1,-3.579009771347046
guided,[H+].[O-][P+](O)(O)OC1C2C(O)[C-](O)C(O)C(O)[O+]12,-0.571058988571167
guided,S=C(NC[C@@H](c1ccco1)N1CCCC1)NC1CC1,-4.934178352355957
guided,COc1cc(C)nc(N(C)C(C)=O)n1,-2.8896067142486572
guided,Cc1nonc1CNc1ccccc1,-3.4785685539245605
guided,N#Cc1c(NC(=O)CSc2nnnn2-c2ccc(OC(F)F)cc2)sc2c1CCCC2,-1.2884899377822876
guided,COc1cnn([C@]23C[C@H]4C[C@H](C[C@H](C4)C2)C3)c(=O)c1,-4.452462196350098
guided,COCCNc1nc(C)cc(-c2ccccn2)n1,-2.3923072814941406
guided,COc1ccnc(O[C-]2C=CC(=C3C=[S+]c4n[c-]nc(N5CCCC5)c43)C=C2)n1.[H+],-1.5153743028640747
guided,CCC(CC)C(=O)NCCNc1ccccc1,-5.000113487243652
guided,[O-][C+](CN1CCCC1)N[N-][CH+][C+]([CH-]O)[CH-][c+]1[cH-][cH+][cH-]o1,-0.6335640549659729
guided,Cl/C(=N/Nc1ncn[nH]1)c1ccco1,-1.0159637928009033
guided,CCCNC(=O)/C(=C\c1ccco1)NC(=O)c1ccc(Br)o1,-1.0898411273956299
guided,[O-][S+2]([O-])([N-]C1CC1)O[c+]1[cH-][cH+][c-]2[cH+][cH-][cH+][cH-][c+]2[cH-]1,-1.9571658372879028
guided,CNc1nc2c(c(=O)[nH]c(=O)n2C)n1CCCc1ccc(F)cc1,-0.6203732490539551
guided,Cn1cccc1/C=N/NC(=O)c1ccccc1Cl,-4.164065361022949
guided,Nc1cccc2c1C(=O)N(CCOc1ccccc1)C2=O,-1.3180711269378662
guided,O=C(Nc1ccc(F)cc1)N[C@H]1CCC[C@H](NC(=O)c2ccc(F)cc2)C1,-2.42655086517334
guided,Cc1ccc(-c2nc3c(c(=O)[nH]c(=O)n3Cc3ccc(F)cc3)n2Cc2ccccc2F)o1,-1.539756417274475
guided,Cc1ccc(-c2nnn(-c3ccc(S(N)(=O)=O)cc3)n2)o1,-0.33748167753219604
guided,COc1ccccc1OCC(=O)Nc1ccc(N2CCCCC2)cc1,-4.15232515335083
guided,NS(=O)(=O)OCCCc1ccccc1,-1.5284286737442017
guided,COCCCCNC(=O)N1CCC(n2nccc2NC(=O)Cc2cccc3ccccc23)CC1,-1.534676432609558
guided,COc1ccc(S(=O)(=O)n2ccc(/C=C3\C(=O)c4ccccc4N3C)n2)cc1OC,-0.7505956292152405
guided,[O-]O[N-][CH+][c+]1[c-](OC[c+]2[cH-][cH+][cH-][cH+][cH-]2)[cH+][cH-][c+]2[cH-][cH+][cH-][cH+][c-]12,-3.5199692249298096
guided,C[N-]C/[S+]=C1/C[C@@H]([CH-]CCCNS(=O)(=O)c2ccc3c(c2)oc(=O)n3C)C/C=C\CN1.[H+].[H+].[SH-],-0.4695631265640259
guided,COc1ccc(N2CCN(C(=O)CSCC(=O)Nc3nnc(C)s3)CC2)cc1,-0.5506308674812317
guided,COc1ccc(N2CCN(C(=O)C(C)C)CC2)cc1,-6.067898273468018
guided,O=c1[nH]c(SCc2cn3ccsc3n2)nnc1C(F)(F)F,-1.307835340499878
guided,CC1(C2S[C+](N3CCCCC3)[N-][C+]2[O-])[CH-][CH+][C-]2[CH+][c-]3[cH+][cH-][cH+][cH-][c+]3O[C-]2O1,-3.052851676940918
guided,C[C@H]1C[C@@H](CCC(=O)NC(=S)Nc2cc(Cl)cc(Cl)c2)C(=O)O1,-2.5217254161834717
guided,NNC(=O)CNC(=O)c1cccc2ccccc12,-0.6227211356163025
guided,CN[S+2]([O-])([O-])[c-]1[cH+][cH-][cH+][c-]([C-]([O-])OC[C+]([O-])[C+]2[CH+]N[C-]([C][CH+][c-]3[cH+][cH-][cH+][c-](F)[cH+]3)[CH+]2)[cH+]1,-0.30919066071510315
guided,CCOc1ccc(O)c(C(c2c(C)[nH][nH]c2=O)c2c(C)[nH][nH]c2=O)c1,-0.42546290159225464
guided,COC(=O)CSc1nc(-c2ccc(OC)cc2)cs1,-4.126821517944336
guided,[CH2+]CCN(C/C=C(\[O-])N1CCC(CCCOC)CC1)C(=O)c1ccc(OC)cc1,-2.2057788372039795
guided,CCCCOc1cc(C(F)(F)F)ccc1-n1cnnn1,-3.6169779300689697
guided,CN(C)S(=O)(=O)n1cnc2ccccc21,-2.833270788192749
guided,COC(=O)Cn1cc(C(=O)c2ccc(OC)cc2)c2ccccc21,-2.985534429550171
guided,COc1ccccc1C(=O)NN1C(=S)N(c2ccc3c(c2)OCO3)C(=O)[C@@H]1c1ccccc1,-1.4813898801803589
guided,Cn1c(=O)c2c(ncn2CC(=O)N2CCN(c3ccc(C(N)=O)cc3)CC2)n(C)c1=O,-0.2746530771255493
guided,Nn1c(SCc2ccccc2Cl)nnc1-c1cccnc1,-1.9442682266235352
guided,O=C(NCC1CCCCC1)c1ccc(F)cc1Cl,-7.677567005157471
guided,Cc1nc(NCCN)cc(-c2ccccc2)c1-c1ccccc1,-4.507589340209961
guided,[H]/[O+]=C1/C=CC=C/C1=[NH+]\C1=C/C(=N\C[C-3])C2=N[O+]=NC2=C1[N+](=O)[O-],-0.531262993812561
guided,COCCn1c(SCc2ccc(C(=O)OC)o2)nc2cc(Cl)ccc2c1=O,-1.2962932586669922
guided,O=C(O)CCCC(=O)Nc1cccc(C(=O)Nc2ccc(Br)cc2)c1,-1.3708304166793823
guided,O=C/[C+]([C][O-])=N/Nc1ccc(O)cc1,-0.7194027304649353
guided,C/C(CCc1ccccc1)=N\N=C(/N)S[C@@H]1CC(=O)N(c2ccccc2F)C1=O,-1.276265263557434
guided,CCO[C-]([O-])CO[C][C+](O[C-]1[CH+][C-]([O-])N(C)[C+]([O-])N1C)[C+]1[CH+][CH-][C+](OC)[CH-][CH+]1,-0.4800034463405609
guided,Cl[N-]C[CH+]CCc1ccccc1,-10.334975242614746
guided,O=C(c1ccc(Cl)cc1)c1cn(-c2ccccc2)nc1-c1cccc(Cl)c1,-8.824243545532227
guided,Clc1ccc(-c2[nH]c(-c3ccccc3)nc2SCc2ccc(Br)cc2)cc1,-11.88430118560791
guided,ON(Cc1ccccc1Cl)Cc1ccccc1Cl,-9.121660232543945
guided,COCC/N=c1\scc(CC[C@H]2CC[C@@H](O)CN2)n1-c1cc(OC)ccc1OC,-1.1065757274627686
guided,C[CH-][CH+][C-]([O-])N(C[C-]1[CH+][c-]2[cH+][cH-][cH+][c-](C)[c+]2N[C-]1[O-])[C+]1[CH+][CH-][CH+][CH-][CH+]1.[C]1[CH+][CH+][CH+][CH+][CH+]1.[O-][P-][c-]1[cH+][cH-][cH+][cH-][cH+]1,-1.2190130949020386
guided,O=C(c1cccc(NS(=O)(=O)c2ccc(F)cc2)c1)N1CCN(c2ccccn2)CC1,-1.1046594381332397
guided,Clc1ccccc1/C=N/Nc1ccccn1,-5.848611354827881
guided,COc1cc(CN[C@H](C)c2ccccc2)c(Br)cc1OCc1ccccc1,-9.286458015441895
guided,COc1cc(-c2nc(N[C@H](C)CO)c3ccccc3n2)ccc1O,-0.8286595344543457
guided,FC1=C[C@@H]2C3=C([CH-]1)[C+]1C=NC(NCCNc4cccc(Cl)c4)=NC1=CC32,-4.707732200622559
guided,CCOC(=O)C1CCN(S(=O)(=O)c2ccc(OCC)cc2)CC1,-1.4123563766479492
guided,CCS(=O)(=O)c1ccc(Cl)c(NC(=O)Cc2ccccc2)c1,-2.6311700344085693
guided,COc1cc(/C=C/C(=O)O)ccc1OCC(=O)NCc1ccco1,-0.41892752051353455
guided,COc1ccc(S(N)(=O)=O)c(OC)c1,-0.9116246104240417
guided,N#Cc1c(SCC(=O)N2CCCC2)nsc1-c1ccccc1,-3.3080592155456543
guided,S=C(NCCCN1CCOCC1)Nc1ccc(Cl)cc1Cl,-5.909715175628662
guided,NCCCCCn1cc2c(n1)CCCCC2,-4.6079230308532715
guided,CC[C@@H](Oc1ccc(C(=O)NCc2c[c-]ccn2)cc1OC)C(=O)N1CCC2(CC1)OCCO2.[H+],-0.5383836030960083
guided,[CH2-][CH+]CCCC[CH-]C(CCCN1CCN(CCCOC)CC1)[c-]1[cH+][cH-][c+](Cl)[cH-][cH+]1,-11.998174667358398
guided,[O-][C][C+]([C+]1CCCCCN1)N([O-])[O-],-0.8162766695022583
guided,COc1ccc(OCC(=O)Nc2cccnc2)c(OC)c1,-1.5156956911087036
guided,[CH]C(F)([C+]([N-2])[O-])C(F)(F)F,-4.427134037017822
guided,N#CSCC(=O)NCCc1ccccc1,-3.153831720352173
guided,S=C(NC1CCCCC1)N1CCOCC1,-7.668780326843262
guided,NS(=O)(=O)c1ccc(CNC(=O)/C=C/C(=O)NCc2cccnc2Cl)cc1,-0.2978304326534271
guided,[O-][C+](C[CH+]C1CCCC1)NN[C-]([S-])N[C+]([O-])C1CC1,-0.9207660555839539
guided,O=C(CN(C(=O)c1csnn1)c1ccc(F)cc1F)NC1CCCC1,-1.3970407247543335
guided,[NH][C]1[C]([CH][C]2[CH][CH][C](OCCC(F)(F)F)[C](N([O-])[O-])[CH]2)[C]([O])[N][C]2S[C+](C[C]3[CH][CH][C](Cl)[CH][CH]3)[N]N21,-1.4926127195358276
guided,CN(C)CCC(=O)N1C[C@H](Nc2ccccc2)C[C@H](SCc2ccccc2)C1,-6.52802848815918
guided,O=C1C[C@@H](N2CCN(c3ccc(F)cc3)CC2)C(=O)N1c1ccc(F)cc1,-4.45046854019165
guided,NS(=O)(=O)c1ccccc1CCC(=O)O,-0.40841594338417053
guided,Cc1ccc(S(=O)(=O)Nc2cc(C(=O)O)ccc2Cl)cc1,-1.2517279386520386
guided,COc1ccccc1OCCCO/[C-]=C\C1=[O+]\CC(=O)N/C(C)=C(/Cl)C(=O)O1,-0.4698190689086914
guided,[OH-],-7.230311870574951
guided,O=S(=O)(NNc1nnc(N2CCCCCC2)c2ccccc12)c1cccs1,-1.1574727296829224
guided,COc1ccc(S(=O)(=O)N(C)C)cc1-c1nnc2c3ccccc3c(C)nn12,-0.6485502123832703
guided,O=C(CSc1cc(C(F)(F)F)cc(C(F)(F)F)c1)Nc1ccc2c(c1)OCO2,-5.917878150939941
guided,CNC[C@H](O)[C@H](O)[C@@H](O)[C@H](O)CO,-0.6393068432807922
guided,C[CH-]C(C)C(C)C(N[C+]([O-])C[c+]1[cH-][cH+][c-]2[cH+][cH-][cH+][cH-][c+]2[cH-]1)[C+]([O-])O,-0.9783465266227722
guided,CCOC(=S)Nc1ccc2nccnc2c1,-4.072967529296875
guided,COc1ccc(OC)c(NC(=O)NC2CCCCC2)c1,-2.9160637855529785
guided,O=[N+]([O-])c1c(Nc2cccc(Cl)c2)c2ncccc2n1CCO,-1.018125295639038
guided,[O-][C+](O)[C-]([C+]1[CH+]CC[C+]2[C-]1[CH+][C+]([C+]([O-])N1CCN([C-]3[N-][CH+][CH+][CH-][N-]3)CC1)[CH+][C-]2N([O-])[O-])[c+]1[cH-][cH+][c-](Cl)[cH+][cH-]1,-0.6270731687545776
guided,NS(=O)(=O)c1c(Nc2ccccc2)ncn1CCO,-0.30496153235435486
guided,NN/N=C/c1ccc(Cl)cc1Cl,-3.705901861190796
guided,CCCNS(=O)(=O)c1ccc([C@@H]2CC(=O)c3ccccc3S2)cc1,-2.9507877826690674
guided,CCO[C@@H](Nc1nccs1)C(=O)O,-1.4415051937103271
guided,O=C(Nc1ccc2c(c1)OCO2)c1cccc(NC(=O)C2CCC2)c1,-1.6629881858825684
guided,CC[C@H](C)N1C(=O)c2ccc(C(=O)Nc3ccccc3C(=O)O)cc2C1=O,-0.8032159805297852
guided,COc1ccc(C)cc1NS(=O)(=O)c1ccc(OC)c2ccccc12,-2.871105432510376
guided,[O-]N(C[c+]1[cH-][cH+][cH-]o1)O[c+]1[cH-][cH+][cH-][c+](Cl)[c-]1N1CCOCC1,-2.7257707118988037
guided,[N-2][C][C+]1[C][C+]2CCCC[C+]2[N-][C+]1SC[C+]([O-])NC[c+]1[cH-][cH+][cH-]o1,-1.2138407230377197
guided,C=C/C=c1/[n-]cc/[n+]1=C\CCCOCCCF,-6.678873062133789
guided,COc1ccc(N2CCN(C(=O)CSc3nnc(COc4ccccc4)o3)C2)cc1,-1.2229242324829102
guided,N#CCc1ccc([C@@H]2C[C@@H](O)[C@H](O)[C@@H](CC(=O)O)O2)cc1,-0.40686410665512085
guided,CNNCc1ccc(C(=O)O)cc1,-2.359832286834717
guided,CC[C@@H](NC(=O)c1ccc(F)cc1F)[C@@H]1C[C@@H]2CC[C@H]1C2,-7.750232219696045
guided,C[C@@H]1[C@@H](NC(=O)CCSCCCC(=O)c2cc(F)ccc2F)CCC[C@@H]1C,-6.001293659210205
guided,NS(=O)(=O)c1ccc(CCNC(=O)CNS(=O)(=O)c2ccccc2[N+](=O)[O-])cc1,-0.32274603843688965
guided,Clc1ccc(-c2cn3c(n2)SCC3)cc1,-9.451032638549805
guided,N#Cc1c2n(c3ccccc13)[C-]([O-])[N@H+]1C[O+]1c1ccccc1N1CCN(CC1)C2,-1.6962769031524658
guided,CN(C)S(=O)(=O)c1ccc(S(=O)(=O)N2CCCC[C@H]2C(=O)NCCN2CCOCC2)cc1,-0.3576163947582245
guided,N#C/C(=C(/O)CCc1ccccc1)c1nc(C(CCl)CCl)cs1,-4.780353546142578
guided,COc1nc(NC(=O)c2ccco2)nc(OCCOC(=O)COC(=O)c2cccc(F)c2)n1,-0.3165479898452759
guided,N#Cc1cc(OCc2cccc(-c3n[nH]c(=S)o3)c2)ccc1F,-2.2081072330474854
guided,COc1ccc(Br)cc1CNC[C@H](O)CO/N=C/[C@@H]1C(=O)C[C@@H](c2ccccc2)C[C@H]1O,-0.7924071550369263
guided,[C-][C]C12[C]([N][SH]([O])[O])[N][C](C[C+]3[CH][CH][CH][N][CH]3)C3[C-]1C32,-0.9962393641471863
guided,CC1=NN(C(=O)CCC(=O)Nc2ccc(Cl)cc2)[C@@](O)(c2ccc(F)cc2)C1,-1.569342017173767
guided,CCOc1cc2nc(NCc3ccco3)nc(N)c2cc1OCC,-0.9002436995506287
guided,COc1cccc(NCCC(=O)c2ccccc2)c1,-5.73179817199707
guided,Clc1ccc(Oc2ncnc3sccc23)c(Br)c1,-7.483372688293457
guided,[OH-],-7.230311870574951
guided,COC(=O)CCn1nnc(-c2ccc3c(c2)OCO3)n1,-0.5159355998039246
guided,CO[N-][C+]([CH-][c+]1[cH-][cH+][c-]2[cH+][c-](F)[cH+][cH-][c+]2[n-]1)S[c+]1[n-][n-][c+](C[c+]2[cH-][cH+][c-](O)[cH+][cH-]2)n1-[c+]1[cH-][cH+][cH-][cH+][cH-]1,-2.998516321182251
guided,CCC([C+]([O-])[N-][C+]1S[C-]2CCCC[C+]2[C+]1[C+]([O-])NC(C)C)N(C)[C-]([O-])[c+]1[cH+][cH-][n-]n1C,-0.3921539783477783
guided,O=C(COc1ccc(Br)cc1)N1CCC[C@@H]1c1cccnc1,-5.257157802581787
guided,O=C(Nc1ccnn1C1CCN(C[C@H]2CC=CCC2)CC1)c1ccccc1Cl,-5.185443878173828
guided,O=C(N/N=C/c1c(O)n(Cc2ccc(F)cc2)c(=S)[nH]c1=O)c1ccccc1,-0.6103072166442871
guided,Cc1cc(O)c(C=O)c(O)c1C(=O)O,-0.5474346876144409
guided,Clc1cc(NCc2ccco2)ccc1N1CCNCC1,-5.228350639343262
guided,Cn1nccc1NC(=O)CCCC(=O)N(CCC#N)c1ccccc1,-0.6378541588783264
guided,O=C(COC(=O)c1cccc(O)c1)NC1CCCC1,-1.1389391422271729
guided,COc1ccc(S(=O)(=O)N2CCSCC2)cc1Cl,-4.065014839172363
guided,Brc1c(OCCOCCNc2cnc3ccccc3n2)ccc2ccccc12,-4.667985916137695
guided,CC[C-]([O-])C1C2[C+]([O-])C3CC(C)CC(C)C3C(O)[CH+]C21C,-1.9997426271438599
guided,CO[C]1[CH][CH][C](N2[N][C](N([O-])[O-])[C+]([N]C[C]3[CH][CH][C]4OCO[C]4[CH]3)N2O)[CH][CH]1,-0.549676239490509
guided,CC(=O)SCC(=O)Nc1c(Cl)cccc1Cl,-4.5862298011779785
guided,COc1ccc(NC(=O)CCC(=O)OCC(=O)c2ccc3c(c2)NC(=O)CO3)cc1Cl,-0.6692259907722473
guided,COc1ccc(-n2c[c-]c(C/[O+]=C/c3ccc(F)cc3)n2)c(OC)c1,-4.391357421875
guided,Nc1n/c(=[S+]/Cc2ccccc2)[nH]c2c[c-]c(OCc3cccc(F)c3)cc12,-3.4309942722320557
guided,O=C(Cc1ccccc1Cl)N[C@@H]1CCCN(Cc2ccccc2)C1,-6.889138221740723
guided,CC(C)=[OH+].C[CH-]C.O=Pc1cccc(C(=O)O)c1,-1.6416683197021484
guided,S=C(Nc1cccc(Cl)c1)N(Cc1ccc2c(c1)OCO2)Cc1ccco1,-5.8606367111206055
guided,O=C(Cn1c(=S)sc2cc([N+](=O)[O-])ccc21)Nc1ccccc1,-1.9979051351547241
guided,[N-2][C][C+]([C+]([N-2])[O-])[C+]1CCCCC1,-1.916277289390564
guided,Cn1c(=O)c2c(ncn2CC(=O)OCC(=O)c2cc3ccccc3o2)n(C)c1=O,-0.2505078613758087
guided,Clc1ccc(/C=C/c2ncc[nH]2)c(Cl)c1,-7.852746486663818
guided,[O-][C+](NCCCCO)C1CC1CN[C][N-][C+]1[CH+][C-](Br)[C+](Br)S1,-1.1274369955062866
guided,CC(=O)N1CCCc2ccc(NC(=O)CCCC(N)=O)cc21,-0.4534917175769806
guided,O=c1[nH]c(CN(C2CCCCC2)S(=O)(=O)c2ccccc2)nc2ccccc12,-1.3545465469360352
guided,O=C(/C=C/c1ccc(Cl)cc1)NCCNCc1ccc(F)cc1,-5.370412349700928
guided,CCOCCNC(=O)COc1ccc(S(=O)(=O)N2CCOCC2)cc1,-0.39077794551849365
guided,CC(=O)Nc1ccc(S(=O)(=O)NNc2ncc(C(F)(F)F)cc2Cl)cc1,-0.8255756497383118
guided,CN1CCN(C(=O)[C@]23C[C@H]4C[C@H](C[C@H](C4)C2)C3)CC1,-7.9167985916137695
guided,C[C@H](OC(=O)c1ccc2[nH]c3c(c2c1)CCCC3)C(N)=O,-0.7792976498603821
guided,Cn1ccnc1Sc1ccccc1NC1CCN(Cc2ccccc2)CC1,-7.485657691955566
guided,[CH2-][OH+]c1[c-]c(-c2[c-][s+]c3n2C(=[NH2+])N=N3)c(OC)cc1,-0.9577419757843018
guided,O=C(O)c1ccccc1NCc1cccnc1,-2.333794355392456
guided,Cc1nc([N+](=O)[O-])cn1CC(=O)N1CCc2ccccc21,-0.8143617510795593
guided,S=C(c1ccc(N2CCOCC2)c(Br)c1)N1CCCCC1,-9.992851257324219
guided,COCCCNC(=O)C[C@@H]1CCCN(C(=O)Cn2nnc3ccccc32)C1,-0.45041853189468384
guided,CN(CC(=O)NC1CCCCC1)S(=O)(=O)c1cccs1,-1.8421761989593506
guided,C=CCn1c(C)cc(C(=O)COC(=O)COc2ccccc2C#N)c1C,-1.1867008209228516
guided,COCCNC(=S)NC(=O)[C@]12C[C@H]3C[C@H](C[C@H](C3)C1)C2,-3.630673408508301
guided,O=S(=O)([c-]1c#c/c(=N/C(=S)N=[N+]=C2CCc3ccccc32)cc1)N1CCOCC1,-0.5902222990989685
guided,Cc1cc(-c2ccccc2)nc(/[NH+]=N/C2=CC3=C(C2)S(=O)(=O)C(=S)[N-]3)n1,-0.44269898533821106
guided,O=C(NC[C@H]1CCCO1)c1cc2cc3ccc(Cl)cc3nc2o1,-2.6888644695281982
guided,Cn1cc(S(=O)(=O)N2CCCC2)cc1C(=O)Nc1ccccc1OC(=O)C(C)(C)C,-0.7732821106910706
guided,[OH-],-7.230311870574951
guided,COc1ccc([C@H](Cc2ccccc2)N2CCC(=O)N(C(c3ccccc3)c3ccccc3)CC2)cc1OC,-7.977253437042236
guided,Cc1nc2ccccc2cc1C(=O)NC1CC1,-4.7589240074157715
guided,O=C(O)CSCC(=O)N1CCN(S(=O)(=O)c2ccccc2)CC1,-0.367383748292923
guided,[CH][C][N-2],-8.384380340576172
guided,COc1ccc(C(=O)NCc2n[nH]c(=S)n2-c2ccc(C(C)=O)cc2)c(OC)c1OC,-0.819772481918335
guided,c1coc(-c2nnc3ccccn23)c1,-4.487406253814697
guided,[OH-],-7.230311870574951
guided,O=C(O)C1CCN(C(=O)c2cc(Cc3ccccc3)nn2-c2ccccc2)CC1,-1.7620224952697754
guided,NN/C(=N\S(=O)(=O)c1ccc2ccccc2c1)Nc1ccccc1,-0.5682244896888733
guided,CN(C)/C=N\c1c(C#N)c(-c2ccco2)c(-c2ccccc2)n1Cc1cccs1,-5.153792381286621
guided,O=C(NCCS(=O)(=O)N1CCN(c2ccc(F)cc2)CC1)C1(S(=O)(=O)c2ccccc2)CC1,-0.304478257894516
guided,CN(C)CCC(=C(c1ccccc1)c1ccccc1)c1ccccc1,-14.605270385742188
guided,COc1ccc(CCC(=O)Nc2nc3ccccc3s2)cc1OC,-3.1862597465515137
guided,CC(=O)N1c2ccc(S(=O)(=O)NCCC(=O)NC[C@H]3CCCO3)cc2C[C@H]1C,-0.3921539783477783
guided,O=c1[nH]c(-c2ccccn2)nc2c1C1(CCCC1)Cc1ccccc1-2,-3.427572011947632
guided,[OH-],-7.230311870574951
guided,N/C(=N\CCc1c[nH]c2ccccc12)NS(=O)(=O)c1ccco1,-0.31728577613830566
guided,CCCC(=O)N(Cc1cccc(F)c1)c1ccc2ccccc2n1,-7.5568528175354
guided,O=[N+]([O-])C(=C=Cc1ccc(CNS(=O)(=O)c2ccccc2)o1)C(=S)NC1CC1,-0.6270782351493835
guided,NS(=O)(=O)c1ccc(CC(=O)N2CCOCC2)cc1,-0.5049004554748535
guided,Cc1ccn(CCC(=O)Nc2ccc3c(c2)OCO3)n1,-1.8958007097244263
guided,O[C-](COC1([c+]2[cH-][cH+][c-](Cl)[cH+][cH-]2)CCCCC1)CN1CCCC1,-7.592546463012695
guided,O=C(O)c1cc2cccc(S(=O)(=O)N3CCOCC3)c2cc1O,-0.33447322249412537
guided,S=C(NC(=S)N1CCOCC1)Nc1ccccc1,-5.449479579925537
guided,COc1ccccc1-c1nc(SCC(=O)NC(=O)NCc2ccccc2)n[nH]1,-0.562231183052063
guided,CCCn1c(SCC(=O)Nc2nnc(CC)s2)nnc1-c1cccnc1,-0.7321127653121948
guided,C[O+]=C=C/C=C/N=C/c1[c-]c(-[n+]2ccc(=O)n(CC3=C[CH-]C4=[O+]COC4=C3)c2[O-])ccc1,-0.40404996275901794
guided,OC[C@H]1CCCN(CC[C@@H](c2ccccc2)c2c[nH]c3ccccc23)C1,-6.335696697235107
guided,O=S(=O)(NCc1ccccc1)NCc1ccccc1F,-2.630589008331299
guided,COc1ccc2c(c1)cc1n2CCN=C1NCCO,-2.4225854873657227
guided,COC(=O)Nc1cccc(NC(=O)C(Sc2nnnn2-c2ccc(O)cc2)=C(C)C)c1C#N,-1.007298231124878
guided,N#Cc1cc(C(=O)O)cc(/C=N/c2ccccc2SCc2ccccc2)c1N,-2.156191110610962
guided,[O-][C+]1CC([c+]2[cH-][cH+][cH-]o2)C[C+]([O-])[C-]1[C]NCCN1CCN(C[C+]2[CH+][CH-][CH+][CH-][CH+]2)CC1,-1.0254030227661133
guided,S=C(NCCCN1CCOCC1)N1CCCCc2cc(Br)ccc21,-7.493493556976318
guided,CCOc1cccc(-c2cc(=O)cc(C=O)o2)c1,-2.923358201980591
guided,O=S(=O)(O)CCNS(=O)(=O)c1cccc2nsnc12,-0.3582944869995117
guided,O=C(/C=C/c1ccco1)NNC(=O)Nc1ccc(Cl)c(Cl)c1,-1.409576654434204
guided,[H+].[O][C]1[C-][CH]OC[C]C[CH][NH+]S([O])([O])[C]2[CH][CH][CH][C]([CH]2)O1,-0.5824248194694519
guided,CC[C-]([C+]([O-])[C][C+]([CH+][CH-][c+]1[cH-][cH+][cH-][cH+][cH-]1)C[O-])[C+]1[CH+][CH-][CH+][CH-][CH+]1,-4.112750053405762
guided,O=S(=O)(Oc1ccccc1N1CCCCC1)c1ccccc1,-4.579158782958984
guided,O=[P@@](c1ccccc1)(c1ccco1)C1CCCCC1,-7.449423789978027
guided,CCN(C(=O)[C@@H]1CCCN1S(=O)(=O)c1ccc(-n2cnnn2)cc1)c1ccccc1,-0.3769301772117615
guided,[O-][C+](OC([N-][c+]1[n-]n([C+]2[CH+][CH-][CH+][CH-][CH+]2)[n-][c+]1N([O-])[O-])[c+]1[cH-][cH+][c-](F)[cH+][cH-]1)[c+]1[cH-][cH+][c-](F)[cH+][cH-]1,-0.8277828097343445
guided,COc1c(F)cc(F)cc1C(=O)Nc1ccc(N2C(=O)CCCC2=O)cc1,-1.6616051197052002
guided,[O-][c+]1o[c-](N[c+]2[cH-][c+]([S+2]([O-])([O-])N3CCOCC3)[cH-][cH+][c-]2-[c+]2[cH-][cH+][cH-][cH+][cH-]2)[c+]2[cH-][cH+][cH-][cH+][c-]12,-1.3346831798553467
guided,O=C(CNC(=O)[C@@H]1COc2ccccc2O1)N/N=C/c1cc(Br)cc(Br)c1O,-0.5148990750312805
guided,[O+]#S(=C\C1CCCCC1)/C(=C1C=C[CH-]C=C1)c1ccccc1,-11.204469680786133
guided,CS(=O)(=O)NCCSCc1ccc(Cl)cc1,-4.173688888549805
guided,O=C(c1ccc(=O)[nH]n1)N1CCc2ccccc2C1,-1.7808598279953003
guided,O=S(=O)(c1cccc2nonc12)N1CC=C([O-])[N@@H+](Cc2ccc3c(c2)OCCO3)CC1,-0.24353507161140442
guided,O=C(C[C@H]1C(=O)NCCN1CCCCC1CCCCC1)/N=N/c1c(O)[nH]c2ccccc12,-1.7849279642105103
guided,CC(C)(C)c1ccc(S(=O)(=O)N2CCN=C2SCc2cccnc2)cc1,-2.9155237674713135
guided,O=C(/C(=N\Nc1ccccc1)Sc1nnnn1-c1ccccc1)c1ccc(O)cc1,-1.260414958000183
guided,CCc1c(C)c(C#N)c2nc3ccccc3n2c1NCc1ccc(N(C)C)cc1,-4.519456386566162
guided,COc1ccc(S(=O)(=O)NCC2CC2)c2ccccc12,-3.044086456298828
guided,CCCCn1nnnc1NCc1ccccc1OC,-2.0123753547668457
guided,O=C(c1nc2c(n1O)CCCCC2)C1CCCCC1,-3.555628538131714
guided,CC[C@H](C)N1C(=O)C(=O)/C(=C(/O)c2ccc(S(=O)(=O)N3CCOCC3)cc2)[C@@H]1c1ccc(N2CCOCC2)cc1,-0.7370529174804688
guided,Brc1ccc(-c2nnc3sc(CNCc4ccccc4)cn23)cc1,-6.01307487487793
guided,Clc1ccc(-c2nnc(-c3ccccc3)o2)cc1,-6.1577301025390625
guided,CCC(=O)Nc1nc(Cl)c2c(n1)CCCC2,-3.1852850914001465
guided,CCOC(=O)COc1ccccc1-c1c(N2CCCC2=O)n(C)c(=O)n(C)c1=O,-0.28075122833251953
guided,Clc1ccc(OCCN2CCN(c3ccccc3)CC2)cc1,-9.933297157287598
guided,CN(C)N(C(=O)CNC[C@@H]1CCCO1)c1ccccc1,-4.118785858154297
guided,C[CH-][c+]1[c-](C)[cH+]n(CCCN[C+]([O-])C2CCCCC2)[c-]1C,-5.4920148849487305
guided,[CH2-][c+]1[cH-][c+](N[C+]([O-])Cn2[n-][c+](C)[c-](Br)[c+]2C)[n-]o1,-0.8123587369918823
guided,COc1ccc(-c2nnc(CCC(=O)N3CCCC3)o2)cc1,-1.741863489151001
guided,O=C(CCc1nc(-c2cccs2)no1)N1CCOCC1,-1.6034053564071655
guided,[O-][P](O)([C][P]([O-])([C]1[CH][CH][C](Cl)[CH][CH]1)[C+]1[CH][CH][CH][CH][CH]1)OCC1CC1,-1.5819607973098755
guided,FCCCOc1cccc2cccnc12,-8.365478515625
guided,NC(=O)COc1ccc2c(c1)oc(=O)c1ccccc12,-0.7014380693435669
guided,O=C(c1cc2ccccc2o1)N1CCCC1,-6.18763542175293
guided,COc1cccc(C(=O)N/C(C)=C\C(=O)N2CCCN(C)CC2)c1OC,-1.3584729433059692
guided,COc1cccc(N(CC(=O)O)S(=O)(=O)c2ccccc2)c1,-0.7238859534263611
guided,COc1ccccc1OCCCCNCc1ccccc1,-7.178610324859619
guided,COC(=O)C1CCN(CC(=O)Nc2nc(-c3ccc(Cl)cc3)cs2)CC1,-1.9127886295318604
guided,Cc1ccc(C(=O)COC(=O)CN2C(=O)c3ccccc3C2=O)cc1,-0.8905543684959412
guided,CC(O[C+]([O])C1C[C]([O])N([C]2[CH][CH][CH][CH][CH]2)C1)[C]([O])N[C]1[CH][CH][C](N([O-])[O-])[CH][CH]1,-0.6014342308044434
guided,CC[C@@H](C)NC(=O)c1ccc2c(c1)C(=O)/C(=C/c1ccc(Br)cc1)N2,-4.135446071624756
guided,CCOC(=O)COc1coc(CN2CCN(c3ccccc3)CC2)cc1=O,-1.2893335819244385
guided,O=C(CSc1nnnn1-c1ccc(Cl)c(Cl)c1)NNC(=O)c1ccncc1,-0.4064815938472748
guided,Cc1ccc(-c2csc(SCC(=O)Nc3ccc(Cl)cn3)n2)cc1,-4.680317401885986
guided,O=S(=O)(Nc1nc(-c2cccs2)cs1)c1ccc(Cl)cc1,-3.757230281829834
guided,Fc1ccc(/C=C/c2nc3ccccc3n2-c2ccccn2)cc1Cl,-8.671590805053711
guided,COc1ccc(N2CCN(CC(=O)Nc3ccc(C)cc3C)CC2)cc1,-4.53066349029541
guided,O=C(CCCSc1nc2ccccc2o1)c1cc2ccccc2oc1=O,-2.81823468208313
guided,[CH2-]OCCN(CCOC)C[c+]1[cH-]n(-[c+]2[cH-][cH+][cH-][c+](C)[cH-]2)[n-][c+]1C,-4.977715015411377
guided,NC(=S)N/N=C/c1ccccc1OC/C=C/c1ccccc1,-2.787442207336426
guided,CCOc1ccc2nc(NC(=O)C3CCN(C(=O)c4ccco4)CC3)sc2c1,-1.4725373983383179
guided,N[C@@H](COC(=O)c1ccc(O)cc1)C(=O)O,-0.4063278138637543
guided,COCCN(C[C@H]1CCCN(C2Cc3ccccc3C2)C1)C(=O)c1ccc(C)cc1,-7.029890060424805
guided,NN[C-]1[N-]CCN1[C+]1[CH+][CH-][C+]2[CH-][C+](Br)[CH-][CH+][C+]2[N-]1.[H+],-1.7607989311218262
guided,O=C(/C=C/c1cccs1)NNC(=O)CCOc1ccc([N+](=O)[O-])cc1,-0.48867735266685486
guided,CO[C-]([O-])C(O)([C+]1[CH+][CH-][C+](N[C-]([O-])[C+]2[CH+][C-]([O-])[CH+][CH+][C-]2[c+]2[cH-][cH+][cH-][cH+][cH-]2)[C-](C)[CH+]1)C(F)(F)F,-0.3891599178314209
guided,COc1cccc(C[C@@H](NC(C)=O)C(=O)Nc2c(C)cccc2C)c1OC,-1.406846523284912
guided,COc1ccc(S(=O)(=O)c2cc(C)ccc2C(C)=O)cc1,-2.7686755657196045
guided,COC(=O)C1=C(C)N(Cc2ccccc2)C(=O)/C1=C(/SCC#N)c1ccccc1,-2.6231689453125
guided,Nc1nonc1-c1nc2cc(F)ccc2n1Cc1ccc(F)cc1,-1.1652675867080688
guided,CNCCNc1ccnc2cc(Cl)ccc12,-5.604311943054199
guided,NS(=O)(=O)c1cccc(NC(=S)Nc2nc3ccccc3[nH]2)c1,-0.4280970096588135
guided,Cn1c(=O)c2c(nc(CN3CCN(c4ccccc4)CC3)n2CCN2CCOCC2)n(C)c1=O,-0.7117589116096497
guided,Cc1nn(C)c(C)c1S(=O)(=O)N1CCC(C(=O)N[C@@H](C)c2ccccc2)CC1,-0.8255575299263
guided,CNCCN[CH-]C(C)([CH+][O-])NCC[c+]1[cH-][cH+][cH-][c+](C(F)(F)F)[cH-]1,-2.477306842803955
guided,COc1cc(/C=N/n2c(C)nc3ccccc3c2=O)cc(OC)c1OC,-1.3385673761367798
guided,C/C1=N/NC(=O)c2nnn(-c3nonc3N)c2COC2=C[CH-]C=CC2[s@SP2+]2cccc21,-0.4026950001716614
guided,[CH2-]O[c+]1[cH-][c+]2[c-]([cH+][c-]1[C+]([O-])N1CCOC1(C)C)OCO2,-2.0017588138580322
guided,O[C]1[CH][C][C]([N+]2CCN([C]3[N][CH][N][C]4[S+][CH][C-]([C]5[CH][CH][CH][CH][CH]5)[C]43)CC2)[CH][CH]1,-2.8044562339782715
guided,[O][C]1[C]2[CH][CH][CH][CH][C+]2NC([C]2[CH][CH][C](F)[CH][CH]2)N1[C]1[CH][CH][C](N([O-])[O-])[CH][CH]1,-0.998991847038269
guided,[CH][C+]1CCCCN1[C-](N[C+]1[CH+][CH+][C+](F)[CH+][CH+]1)[C+]([C][N-2])[C][N-2],-3.0418694019317627
guided,Nc1cc(=O)[nH]c(SCCO)n1,-0.5674958825111389
guided,O=S(=O)(CCN1CCN(C/C=C/c2ccccc2)CC1)c1ccc2ccccc2c1,-5.738710403442383
guided,COc1nccnc1NS(=O)(=O)c1ccc(NS(=O)(=O)Cc2ccccc2)cc1,-0.42559078335762024
guided,Cn1[c+]([O-])[c+]2[c+](-[c+]3[cH-][cH+][cH-]s3)[c+]([N-][N-]N3CCOCC3)[n-][c+]2n(C)[c-]1[O-],-0.27945879101753235
guided,[NH-][C+](N)NCCCC(C[C+]([O-])N[c+]1[cH-][c+](C(F)(F)F)o[n-]1)OC[O-],-0.4062422215938568
guided,Cn1nc(CC(=O)Nc2cccc(S(=O)(=O)N3CCCCC3)c2)c2ccccc2c1=O,-0.4336474537849426
guided,COc1ccccc1C(=O)N=P(N(C)C)(N(C)C)N(C)C,-3.9084393978118896
guided,O=C(OCc1cccc2ccccc12)c1ccccc1,-8.363633155822754
guided,N#Cc1ccccc1S(=O)(=O)OC(=O)c1ccc(Br)cc1,-1.081957459449768
guided,COCC(=O)O,-4.251922130584717
guided,CCOC(=O)c1ccc(Oc2c(C)oc3cc(OS(C)(=O)=O)ccc3c2=O)cc1,-0.9818339943885803
guided,Cc1[nH]c2ccccc2c1C(=O)C(=O)Nc1ccc(C(=O)O)cc1,-0.7645911574363708
guided,Fc1ccc(-n2c(Cc3cccs3)n[nH]c2=S)cc1Cl,-7.300765514373779
guided,[O-][S+]([O-])N(C[c+]1[n-][n-][c+](-[c+]2[cH-][cH+][cH-]o2)o1)C[c+]1[cH-][cH+][cH-][cH+][c-]1F,-0.37726473808288574
guided,O=C(CCc1ccccc1)NC[C@H](O)CC(=O)Nc1cccc2ccccc12,-1.4809203147888184
guided,Nc1nonc1C(=O)OCC(=O)c1ccc2c(c1)OCCO2,-0.3239099979400635
guided,NC(=O)N[C@@H](Cc1ccccc1)NC(=O)c1ccco1,-0.3189082145690918
guided,O=c1c2ccc(S(=O)(=O)Nc3ccccn3)cc2ncn1Cc1ccco1,-0.41276484727859497
guided,Cc1cncc(/N=C\c2cccc(Oc3ccc(F)cc3F)c2O)n1,-2.973923921585083
guided,CCN1C(=O)N[C@@H](c2cccnc2)C(C(=O)OC)=C1C,-1.379697322845459
guided,Cc1ccc(NC(=S)NC(=O)C(C)C)cc1C,-5.120880126953125
guided,COc1ccc(Cn2cc(C(F)(F)F)ccc2=O)cc1[C@@H](CNC1=CC(=O)CCC1)N(C)C,-2.8663291931152344
guided,CCOCC(=O)Nc1cccc2ccccc12,-5.423078536987305
guided,CC(=O)NC(=S)Nc1c(C)n(C)n(-c2ccccc2)c1=O,-1.6005051136016846
guided,NNC(=O)c1cnn2c(C(F)(F)F)cc(-c3ccc(Cl)cc3)nc12,-0.9485185146331787
guided,[O-][c+]1[n-][c+]([C+](CCCN2CCCCC2)[N-]O)[n-]o1,-0.3829278349876404
guided,COCCCNS(=O)(=O)c1cccs1,-2.8573455810546875
guided,FC(F)Oc1ccc(NC(=S)Nc2ccccc2OC(F)F)cc1,-6.160743713378906
guided,[O-]P(OCC1CC1)[c+]1[cH-][cH+][cH-][cH+][cH-]1,-6.131845951080322
guided,CO[c-]1[cH+][cH-][c+]2[cH-][c+]([CH-][C][C+]([O-])C(C)(C)C)[c+](Cl)[n-][c-]2[cH+]1,-4.5634074211120605
guided,OC1(c2ccc(Cl)cc2)CCNCC1,-6.303699016571045
guided,[O][C](N[N][CH][C]1[CH][CH][C](N([O-])[O-])S1)[C+]1[CH][CH][CH][CH][N]1,-0.5471602082252502
guided,Cc1ccc(/N=C/c2ccccc2O)c(NS(=O)(=O)c2ccccc2)c1,-2.1478183269500732
guided,[CH2+][C][C][C]C12N3[CH+][CH-][CH+][C+]3[C+]([O-])[N-][NH+]1C21[N-][C+]([c-]2[cH+][cH-][cH+][cH-][c+]2[NH-])[N-][c+]2[cH-][cH+][cH-][cH+][c-]21.[H+].[H+],-0.7995863556861877
guided,CCCN(c1ccccc1)c1n[nH]c(=S)n1CCC(C)C,-6.863336086273193
guided,Cn1nc(C(=O)N2CCN(C(=O)c3cc4ccccc4oc3=O)CC2)c2ccccc2c1=O,-0.27996912598609924
guided,CO[C-]([O-])[CH+]C1[C+]([O-])NCCN1[C+]([O-])N[c+]1[cH-][cH+][cH-][c+]2[cH-][cH+][cH-][cH+][c-]12,-0.26481279730796814
guided,[CH2+][C-]([O-])C(C[c-]1[cH+][cH-]s[cH+]1)[C+]([O-])[c-]1[cH+][cH-][cH+][cH-][c+]1OC(F)F,-2.955443859100342
guided,F/C(=N/c1ncccc1-n1cccc1)C(F)(F)F,-7.22629976272583
guided,O=S(=O)(/C=C/c1ccccc1)N1CCSCC1,-5.365042209625244
guided,O=S(=O)(/C=C/c1cccs1)N1CCN(c2cccc(F)n2)CC1,-3.2211625576019287
guided,Cc1nc(-c2ccc(S(=O)(=O)Nc3cc4c(cc3C)n(C)c(=O)n4C)cc2)cs1,-1.195142388343811
guided,Fc1ccc(NCc2cccnc2)cc1,-7.808693885803223
guided,C[c+]1[cH-][c+]([CH+]NN[C-](C)[O-])[c-]2[c+]([cH-]1)CCCC2,-3.972700595855713
guided,O=c1[nH]c([O-])c(/C=C2/C=CC(Br)=[S+]2)c(=O)[nH]1,-0.6662702560424805
guided,CCON/C(=N\CCC(C)C)c1ccccc1,-6.368674278259277
guided,CN(CC(=O)N1CCN(Cc2ccccc2)CC1)S(=O)(=O)c1cccc2nsnc12,-0.5113368630409241
guided,CN(C)/N=N/c1c(Cl)cncc1Cl,-5.320353984832764
guided,O=C(O)CCCc1ccccc1-n1nnnc1SCC(=O)c1ccccc1F,-0.890312135219574
guided,Cn1c(N)c(N2CCN(c3ccc(F)cc3)CC2)c(=O)[nH]c1=O,-0.5254402160644531
guided,[CH2-]NN[C+]([S-])NC1CC2CC1C1[CH+][CH-]CC21,-5.6604108810424805
guided,[C]1ON1[N-][C+]([N-][c+]1[cH-][cH+][cH-][cH+][n-]1)N[c+]1[cH-][cH+][cH-][cH+][cH-]1,-1.956316590309143
guided,C[CH-]CN(CC)[c+]1[cH-][c+](-[c+]2[n-][c+]3[cH-][c+]([C+]([O-])NCCOC)[cH-][cH+][c-]3n2C)[cH+][n-][n-]1,-0.23543281853199005
guided,NNC(=S)NCc1cccc2ccccc12,-3.5071611404418945
guided,O=c1cc(SCc2cc(=O)n3ccsc3n2)ncn1/N=C/c1cccc2c1OCO2,-0.46276599168777466
guided,FC(F)(F)COc1ccc(CNc2ncccn2)cn1,-2.5838537216186523
guided,S=C(NCc1ccco1)N1CCN(c2ncccn2)CC1,-2.5961990356445312
guided,C[S@@+]([O-])c1ccc(NC(=O)c2noc3c2CCc2ccccc2-3)cc1,-1.582804799079895
guided,O=C(Cc1ccccc1)Nc1ccccc1NC(=O)CN1CCN(S(=O)(=O)c2ccc(F)cc2)CC1,-0.7148874998092651
guided,[H+].[N-2][C+]([O-])[C][C]C([CH+][N-]C1(C[C+]2[C][CH-][CH+][CH+][CH+]2)CCCC1)[C+]([O-])[N-]CC1CCCCC1,-1.8322585821151733
guided,CCC(=O)N/N=C/c1ccc([N+](=O)[O-])o1,-0.4393392503261566
guided,CN(c1cccc2ccccc12)[C@H]1CC[C@H](N)CC1,-7.344542980194092
guided,COc1ccc([C@H]2CCN(CC(=O)O)C[C@@H]2CNC(=O)/C=C/c2ccccc2)cc1,-1.302305817604065
guided,CN(C)CCCCOc1ccc(Br)cc1,-10.491888999938965
guided,CON1C(=O)C(=O)N(OC)C(C)(C)[C@H]1C,-2.5531954765319824
guided,CN1CCN(C(=O)c2cc3ccccc3[nH]2)CC1,-4.941102504730225
guided,CC(=O)Nc1ccccc1C(=O)OCc1ccccc1F,-3.3370656967163086
guided,NC(=S)N/N=C\c1ccc(O)cc1O,-0.582444429397583
guided,[O-]c1c2cc3ccc[s@SP1+]3oc-2c2c#cc#cc12,-5.893183708190918
guided,N[C@@H]1CCCN(S(=O)(=O)c2ccccc2)C1,-2.031229019165039
guided,COCCNC(=S)NN=C1CCCCCC1,-4.232327461242676
guided,NS(=O)(=O)c1cccc(NC(=O)c2cc(NC(=O)c3ccco3)ccc2N2CCCCC2)c1,-0.9762238264083862
guided,OC[C@@H]1CCCCN1C[C@@H](O)COCc1cccc(F)c1,-3.168797016143799
guided,N/C(CN1C(=O)c2ccccc2C1=O)=N/C1CCCCC1,-1.214194893836975
guided,CCCCc1nc2cc(C(=O)NCCN3C(=O)CSC3=O)ccc2o1,-0.6974115371704102
guided,COCc1ncc([N+](=O)[O-])cc1-c1cccc(NC(=O)Cc2ccccc2)c1,-1.3866697549819946
guided,Cc1c(C(=O)c2cccc(C(F)(F)F)c2)cc(N)cc1S(=O)(=O)c1ccccc1,-2.609762668609619
guided,COc1ccccc1NC(=O)N1CCCC[C@H]1C(=O)O,-0.9997934103012085
guided,O=C(NCC(=O)N1CCCCC1)C1CCCCC1,-3.764024257659912
guided,CCN(CC)S(=O)(=O)c1cccc(S(=O)(=O)c2ccc(C)cc2)c1,-1.753332495689392
guided,O=C(c1ccc(Cl)cc1)[C@H]1CCCN(Cc2ccon2)C1,-4.63341760635376
guided,COc1ccc(CC(=O)Nc2nc(-c3ccccn3)cs2)cc1OC,-1.8071763515472412
guided,BrC[C@@H]1CN(Cc2ccccc2)CCO1,-10.124954223632812
guided,O=S(=O)(Cc1ccc2c(c1)OCO2)NCc1ccc2c(c1)OCO2,-0.7567492127418518
guided,Cc1nc2[s+]c3c(c-2c([O-])o1)CC(C)(C)OC3,-2.7618870735168457
guided,[CH2-]OCC(C)NC[c+]1[cH-][cH+][cH-]n1-[c+]1[cH-][cH+][cH-][cH+][n-]1,-4.885063171386719
guided,Fc1ccc(NC(=S)N2CCN(C(c3ccccc3)c3ccccc3)CC2)c(F)c1,-10.662593841552734
guided,F[c-]1[cH+][cH-][c+](C([CH-][c+]2[cH-][cH+][cH-]o2)N2CCN([c-]3[cH+][n-][c+]4[cH-][cH+][cH-][cH+][c+]4[n-]3)CC2)[cH-][cH+]1,-4.875708103179932
guided,N#CC[C@H](CNc1ncc(C(F)(F)F)cc1Cl)OC(=O)c1ccc(Cl)cc1,-3.082439422607422
guided,CN1C[C@H](C(=O)c2cccs2)[C@@H](c2ccc(Cl)cc2Cl)C1,-9.849273681640625
guided,COc1ccc(/C(CCc2ccc(OC)c(OC)c2)=N/O)c(OC)c1,-2.2524869441986084
guided,CNC(=O)[C@@H]1CC(=O)OC12CCCCC2,-2.9544005393981934
guided,Cn1c(=O)oc2cc(S(=O)(=O)NCCN3CCCCCC3)ccc21,-0.5763916373252869
guided,CSCCOC(=O)/C=C1\[C@@H](C)c2cc(C)ccc2N1C,-7.208564281463623
guided,O=C1CN(CC(=O)N2CCCCC2)C2=C=C=C=C=C2O1,-3.6238722801208496
guided,Cc1ccccc1-n1nnnc1C/C=N/N(C)c1ccc(C(=O)NCC(=O)O)cc1,-0.31442978978157043
guided,C/C(=N/Nc1nc(Cc2ccccc2)cs1)c1sc(C)nc1C,-5.063109397888184
guided,NS(=O)(=O)c1ccc(CCn2c(=O)c3cccn3c3ccccc32)cc1,-0.6429415941238403
guided,[O][C+]([C-][C](CC([O-])OC[C]1[CH][CH][C](CO)[CH][CH]1)[C]1[CH][CH][CH][CH][CH]1)N([C][O-])C[C+]1[CH][CH][CH]O1,-0.5327572226524353
guided,[N-2][C][C+]1[C+](N)N([c+]2[cH-][cH+][cH-][cH+][c-]2[C+]([O-])O)[C+]([NH-])[C-]1[C][N-2],-0.3390542268753052
guided,[OH-],-7.230311870574951
guided,S=C(c1cccc(Cl)c1)N1CCN(Cc2cccs2)CC1,-12.280339241027832
guided,COc1cc2c(cc1NC(=O)[C@@H]1CC(=O)N(Cc3ccc4c(c3)OCCO4)C1)oc1ccccc12,-1.696835994720459
guided,Nc1c(C(=O)N[C@H]2Cc3ccccc3N2)c2nc3ccccc3nc2n1-c1ccccc1,-1.3147852420806885
guided,O=C(O)c1ccc(NS(=O)(=O)c2ccc(-n3cccc3)cc2)cc1,-0.9508576393127441
guided,CCC1=C/C(=C(\[O-])OC)C(NC(=O)CSc2nccn2-c2ccc(Cl)cc2)=[S+]1,-1.0902395248413086
guided,C=C[CH+]Cc1ccccc1/C=[C-]/CCNC,-10.555068969726562
guided,CCCOc1ccc(/C=C/C(=O)c2ccccc2)cc1,-8.486120223999023
guided,N[P@@](=O)(OCCCc1ccccc1)OCC(F)(F)F,-2.8569529056549072
guided,[H]/[C-]=[O+]\c1ccc(CNc2ccccc2)cc1[N+](=O)[O-],-2.3205127716064453
guided,O=NN1CCN(c2ccc(Cl)cc2)CC1,-5.689984321594238
guided,CN(C)S(=O)(=O)NCc1ccc(F)cc1,-3.614367961883545
guided,CCCN(CCCNS(=O)(=O)c1ccc(-n2c(=O)[nH]c3ccsc3c2=O)cc1)Cc1ccccc1,-0.9055534601211548
guided,C=C(C)/C=N/NC(=O)Nc1ccc(F)cc1F,-3.441582202911377
guided,NS(=O)(=O)c1ccc(N2CCCCCC2)c([N+](=O)[O-])c1,-0.42447319626808167
guided,COc1cc2c(cc1NC(=S)NNC(=O)[C@@H]1C[C@H]1c1ccccc1)oc1ccccc12,-2.6899077892303467
guided,C=P([O-])=NCCCc1ccccc1.C=[N+]1CCN(c2ccc(O)cc2)CC1,-2.549546241760254
guided,[O-][C+]([CH-]C[c+]1[cH-][cH+][c-](F)[cH+][cH-]1)N1CCC([c-]2[cH+][cH-][c+](F)[c-](F)[cH+]2)C1,-7.721985816955566
guided,CN(CC(=O)NCc1nnn(CC(=O)Nc2cccc(C(F)(F)F)c2)n1)S(=O)(=O)c1cccc(C(F)(F)F)c1,-0.48298460245132446
guided,COCCOc1ccc(C)cc1NC(=O)CC[C@@H](C(=O)O)c1ccccc1,-1.3701984882354736
guided,O=C(Nc1cccc(-c2cccnc2)c1)c1ccc(Br)o1,-4.17931604385376
guided,COc1ccccc1NC(=O)CCC(=O)Nc1nccs1,-0.9876680374145508
guided,Cc1ccc(S(=O)(=O)N2CCOCC2)c(C)c1NS(=O)(=O)c1ccccc1,-0.4954105615615845
guided,CCOc1ccccc1[C@@H]1NC(=O)NC(C)=C1C(=O)NCc1ccccc1,-1.3095544576644897
guided,Oc1ccc2ccccc2c1CN1CCN(c2ccccc2F)CC1,-8.088295936584473
guided,COCC1CCN(Cc2cnn(-c3ccccc3OC)c2)CC1,-5.19945764541626
guided,CCN(CC)S(=O)(=O)c1cccc2ccccc12,-5.637818336486816
guided,O=C(Nc1ccc(F)cc1)c1cc(C2CC2)on1,-3.3220090866088867
guided,CC(=O)N1CCOc2cc(S(=O)(=O)NC3CCCCC3)c(Cl)cc21,-1.4710577726364136
guided,CCOc1cccc(C(=O)OC)c1NC(=O)C(C)C,-2.1233749389648438
guided,O=C(NC[C@H](c1ccco1)N1CCCC1)c1cccs1,-4.467175483703613
guided,O=P(C1=C=C=C(Cl)C=C1)(c1ccccc1)c1ccccc1,-10.293769836425781
guided,COC[C@@H]1CCC/C(=C/C(=O)CC(C)(C)C)N1,-5.558637619018555
guided,CC(C)C(=O)NCCCc1ccccc1,-6.876217842102051
guided,CCOC(CN(NC(=O)c1csc(Nc2ccc(OC)cc2)n1)c1ccccc1)OCC,-1.98618745803833
guided,Oc1c(Br)cc(Br)cc1CNc1nc2ccccc2n1CCN1CCCCC1,-5.371499538421631
guided,Cl[C+]1[CH-][CH+][C+]([N-][C+]2[N-][C]O[C][C]S2)[CH+][CH-]1,-6.0017242431640625
guided,O=C(O)CSc1nnc(-c2ccc(Cl)cc2)n1CCc1ccccc1,-2.7102322578430176
guided,CC[P+]([S-])(CC)[c-]1[cH+][cH-][n-][c+]1[P+]([O-])([c+]1[cH-][cH+][cH-][cH+][cH-]1)[c+]1[cH-][cH+][cH-][cH+][cH-]1,-5.466280460357666
guided,Cc1cc(N2CCOCC2)nc2ccc(NC(=S)N3CCc4ccccc4C3)cc12,-5.881931304931641
guided,[H]/N=C1C(=C\c2ccc(N)c(OC)c2)/C(=O)N=C2SC(S(C)(=O)=O)=NN2/1,-0.32817062735557556
guided,O=C(Nc1ccc(N2CCCC2)cc1)c1ccc(-c2cccc(Cl)c2)o1,-6.427541732788086
guided,O=C(N/N=C\c1ccc(O)c(O)c1)c1ccc(Br)cc1,-1.104175090789795
guided,Cc1cccc(NS(=O)(=O)CCC(=O)c2ccccc2)n1,-1.2458467483520508
guided,CC1(C)CCC2[C+](C1)[O+]1C[N+]1(C)CC[C-]2[O-],-7.498749732971191
guided,Cc1ccc(-c2nc3ccccc3s2)cc1NC(=S)Nc1ccccn1,-5.8752593994140625
guided,COCCn1c(C)cc(C(=O)CSc2nnc(N)s2)c1C,-0.863810658454895
guided,CCCc1[nH]nc2c1[C@@H](C(C)C)C(C#N)=C(N)O2,-0.8128796219825745
guided,COc1ccc(C(=O)Oc2ccc(C=O)cc2OC)cc1OC(C)=O,-0.8171456456184387
guided,O=C1C[C@@H](c2ccccc2)Oc2cc(O)cc(O)c21,-2.1054024696350098
guided,COc1ccc(C)cc1NC(=O)Nc1cccc(C)c1C,-4.678673267364502
guided,O=C(c1cc(/[C-]=[O+]\[c-]2ccc(Br)[s+]2)on1)N1CCN(C/C=C/c2ccccc2)CC1,-3.5932159423828125
guided,O=C(NNc1ccccn1)[C@H]1C[C@@H]1c1ccc(CCCl)cc1,-3.4954607486724854
guided,O=C(NNC(=S)Nc1ccc(Cl)cc1)c1ccccc1Cl,-3.9520974159240723
guided,Cc1ccc(S(=O)(=O)NNC(=O)Nc2ccc(C)c(C)c2)cc1,-0.8463277220726013
guided,C[C](CCOC1OC(COC2OC(C)C(O)C(O)C2O)C(C)(C[C][C]C(C)C(C)[C]C[CH-]C(C)[C]([OH+])C(O)C(C)[O-])C(O)C1O)[O+]C1OC(CO)C(O)C(O)C1O.[H+],-0.6577151417732239
guided,Cc1onc(-c2c(F)cccc2Cl)c1C(=O)N(C)CCc1ccccn1,-3.571791887283325
guided,CO[c-]1[cH+][c-](CN2CCCCC2)[c+]([O-])[nH][c+]1[O-],-1.1957741975784302
guided,C=C(C)COc1ccc(/C=C\CNCCO)cc1,-4.815065860748291
guided,COc1cc(OC)nc(NNC(=O)c2cc(S(=O)(=O)N3CCc4ccccc43)ccc2Cl)n1,-0.5983611941337585
guided,C=CCN(CC=C)C(=S)Nc1ccccc1,-9.859856605529785
guided,Cn1nnnc1-c1ccccc1NC(=O)c1ccccc1F,-1.417960286140442
guided,CN(CC(=O)C(C)(C)OC(=O)Cc1ccccc1)Cc1ccccc1,-4.460034370422363
guided,CC(C)c1ncc(/C=N/NC(=O)c2cccs2)s1,-3.485171318054199
guided,CCOC(=O)NC(=O)COC(=O)c1cccc([N+](=O)[O-])c1,-0.3797696828842163
guided,O=[C+]1[C@@H](c2cc(Br)ccc2OCc2ccccc2)N([C][O-])CCN1C1CCCCC1,-3.7671473026275635
guided,O=S(=O)(Cc1cccc2ccccc12)c1ccccc1,-6.706201553344727
guided,O=c1cc(CSc2ccccc2)nc(SCc2cccnc2)[nH]1,-3.3425583839416504
guided,CCO[C]1[CH][CH][C]([C]2[C]([O-])N(OC[C+]3[CH][CH][C]4[CH][CH][CH][CH][C]4[N]3)[C]3[CH][CH][CH][CH][C]3N2[O-])[CH][CH]1,-0.9421151280403137
guided,COc1cc(CN(/C=C/c2ccccc2)C(=O)/[N+](O)=C2\CCCC[C@H]3N2C3(C)[O-])ccc1O,-0.8534809350967407
guided,[O-]O[c+]1[cH-][cH+][c-](CCCC(O)CC[c+]2[cH-][cH+][cH-][c+]3[cH-][cH+][cH-][cH+][c-]23)[c+]2[n-]o[n-][c+]12,-0.8479321002960205
guided,S=C(NCCc1ccccc1)NCc1ccco1,-5.521370887756348
guided,CCOc1ccccc1NC(=O)Cn1c(CO)nc2ccccc21,-1.2094810009002686
guided,[OH-],-7.230311870574951
guided,C[O+]=C=C(/C=C(/[O-])N(C)c1ccccc1)C(=O)OCC(=O)N1CCCC[C@@H]1C,-0.6467117071151733
guided,[CH2-][c+]1[cH-][cH+][c-](Cl)[c+](OC(F)F)[cH-]1,-11.348150253295898
guided,CCOC(=O)/C(=C(\N)NC(=O)[C@H](C)N1C(=O)c2ccccc2C1=O)c1ccccc1,-0.33507031202316284
guided,COCN(C(=O)c1cccc(OC)c1)c1cc(OC)ccc1OC,-3.0257160663604736
guided,COc1ccc(OC)c(S(=O)(=O)N2CCN(C)CC2)c1,-2.381884813308716
guided,COCCN(Cc1sccc1C)C(=O)Nc1cccc(C(C)=O)c1,-3.4592761993408203
guided,N#Cc1ccccc1NC(=O)NC(=O)C(c1ccccc1)c1ccccc1,-1.8285300731658936
guided,Cc1cc(C)n([C@@H](C)CC(=O)Nc2cccc(C(F)(F)F)c2)n1,-5.041771411895752
guided,O=C(Cn1ccc2ccccc2c1=O)NCC(=O)N1CCC2(CC1)OCCO2,-0.4106968343257904
guided,O=C(c1cc([N+](=O)[O-])cc([N+](=O)[O-])c1)N1CCN(C(=O)C2CC2)CC1,-0.4161979854106903
guided,CC(C)(C)c1ccc2ncn(CCc3ccc(S(N)(=O)=O)cc3)c2c1,-1.4939652681350708
guided,CC(C)c1ccc(OC[C@H](O)CN[C@H](C)c2ccccc2)cc1,-5.619830131530762
guided,S=c1[nH]nc(-c2ccccc2Cl)n1Cc1ccccc1,-7.203525543212891
guided,COc1ccc([N+](=O)[O-])cc1COc1ccc(C)cc1C(=O)NCc1ccco1,-1.3876389265060425
guided,COCC(=O)Nc1nc2ccccc2s1,-3.335437774658203
guided,CN(Cc1cc(=O)oc2cc(O)c(Cl)cc12)C1CCCCC1,-4.088150978088379
guided,Cn1c(=O)c2c(nc(SCC(=O)NCCc3ccccc3)n2C)n(C)c1=O,-0.35867074131965637
guided,S=C(Nc1ccc(Cl)cc1)N1CCCCC1,-10.211790084838867
guided,COc1ccccc1NC(=O)COC(=O)CCS(=O)(=O)c1cccc2ccccc12,-0.8103201389312744
guided,CO/[C-]=C(\C=[N+]1CCN(C(=O)c2cccs2)CC1)C(=O)Nc1ccc(=[O+]C(F)F)[cH-]c1,-1.342961072921753
guided,CCOc1ccc2c(CC(=O)OCC(=O)Nc3cccc(OC)c3)coc2c1,-1.2240008115768433
guided,S=c1nc[nH][nH]1,-4.584728240966797
guided,CCO[C]1[CH][CH][CH][C](N[C]([S])N(C[CH+][CH][C]2[CH][CH][CH][CH][CH]2)C[C]2[CH][CH][CH][C](N([O-])[O-])[CH]2)[CH]1,-2.2869629859924316
guided,[OH-],-7.230311870574951
guided,CN(C)NC(=O)CCC(=O)O,-1.6499196290969849
guided,Cc1cc(OCc2nn[nH]n2)c2c(C)c(CC(=O)O)c(=O)oc2c1,-0.35395556688308716
guided,CCCN1CN=C(Nc2nccs2)N(C)C1,-4.380918025970459
guided,CN(C)S(=O)(=O)c1cccc(NC(=O)CCc2ccc(S(N)(=O)=O)cc2)c1,-0.27992165088653564
guided,NNC(=O)CNc1cccc2ccccc12,-1.6575372219085693
guided,COc1ccc(S(=O)(=O)/[NH+]=[C-]/[C@H](C)CN(C)C)cc1,-2.2232468128204346
guided,CCOc1cc(NC(=O)c2ccccc2F)c(-c2ccoc2)cc1OCC,-4.274441242218018
guided,COc1ccc(C(=O)N/N=C/c2ccc(OCC(N)=O)cc2)cc1OC,-0.2821974456310272
guided,Fc1cccc(Nc2nnc(SCc3nnc(-c4ccccc4)o3)s2)c1,-2.7225100994110107
guided,COCCNC(=O)C(=O)NC[C@@H]1OCCN1S(=O)(=O)c1cc(Cl)ccc1Cl,-0.37457484006881714
guided,Brc1ccc(OCCCN2CCC(Cc3ccccc3)CC2)cc1,-12.026602745056152
guided,CCOc1ccc(/C=C/CN2C[C@@H](C)O[C@@H](C)C2)cc1OC,-6.8795695304870605
guided,[O-][c+]1[c+]([O-])n(C[c+]2[cH-][cH+][cH+][n-][cH-]2)[c-](-[c+]2[cH-][cH+][n-][cH+][n-]2)[c-]1[C+](O)[c-]1[cH+][cH-][c+](F)[cH-][cH+]1,-0.33459436893463135
guided,O[C@@H](CNCC[C@H](O)C(F)(F)F)Cn1ccc2ccccc21,-2.678898572921753
guided,COc1cccc2c1OC[C@@H](CNC(=O)c1ccc(Br)s1)C2,-4.494956970214844
guided,COc1ccc(/C=C2/Sc3ccc(CO)cc3N(C)C2=O)cc1O,-1.9189701080322266
guided,CCN(CC)S(=O)(=O)c1ccc(NC(=O)N[C@@H](C)C2CCCCC2)cc1,-1.9337034225463867
guided,O=C(CSc1nnc(NC(=O)C2CC2)s1)Nc1ccccc1Cl,-1.2452040910720825
guided,C=[O+]c1ccccc1OCP([O-])NCc1ccco1,-1.666006088256836
guided,COc1ccccc1/C=N/NC(=S)Nc1cccc(C)c1,-4.647102355957031
guided,CC(C)[C@@H](NS(=O)(=O)c1cccs1)C(=O)NC1CCCCC1,-1.408987045288086
guided,[CH2-]CO[c+]1[cH-][cH+][c-](CN2[CH+][N-][N-][N-]2)[cH+][c-]1N([O-])[O-],-0.6632218360900879
guided,CCO[C@@H]1OC(C(N)=O)=C[C@H](c2ccc3c(c2)OCO3)[C@H]1CCCO,-0.39084571599960327
guided,[CH2-]OCC(C)N[C+]([O-])NC[c+]1[cH-][cH+][cH-]o1,-1.5537370443344116
guided,CC(=O)N1c2ccc(C(=O)N(C)c3ccccc3)cc2C[C@@H]1C,-5.342731952667236
guided,COc1cc(/C=C(\C#N)C(N)=O)ccc1OCC#N,-0.3241705596446991
guided,CCN(CC)CCN(C)C(=O)c1cc(-c2ccc(Br)cc2)on1,-4.266603946685791
guided,N#Cc1nc(COc2ccccc2F)oc1NCCc1ccccc1,-2.38740873336792
guided,O/N=C/C(=N\N=C\N1CCCCC1)c1ccccc1,-2.5561115741729736
guided,[CH2-]CCCCCC#[N+]NS(=O)(=O)c1ccc(Cl)cc1,-4.335209369659424
guided,CCCCN(C(=O)CCNS(=O)(=O)c1ccccc1)C1CCCCC1,-2.4339728355407715
guided,[H]/[C-]=[O+]\C=C/c1cc(=O)[nH]c(=O)[nH]1,-1.174124002456665
guided,CC[C@@H](C(=O)c1ccccc1)c1ccccc1,-10.098878860473633
guided,Clc1ccc(OCCSc2ncn[nH]2)cc1,-3.7439932823181152
guided,CN(C)NC(=O)c1ccccc1F,-6.0982279777526855
guided,COC(C[C@H](O)CC/C([O-])=C(/C)Oc1c(O)cc(C)cc1C(C)=O)OC.[H+],-0.5404243469238281
guided,CCCn1nnnc1NCc1ccc2c(c1)OCO2,-1.2274353504180908
guided,[F-],-5.0
guided,COC(C[C@H](O)C[C@@H](O)[C@H](C)OCc1ccccc1)OC,-1.667125940322876
guided,CC(C)(C)OC(=O)N[P@](C)(=O)Oc1ccccc1,-2.618950605392456
guided,O=C(CCl)c1cccc(OCc2ccc(COCc3ccccc3)o2)c1,-5.564136505126953
guided,COc1ccc(CN2CCC[C@@H](N3CCN(C)CC3)C2)cc1,-8.65021800994873
guided,[C]S[C]1[C]([O])[N][C]2[S+][C]([C+]([C-2])[O-])[C](N)[C]21,-0.8400126695632935
guided,[C-3][C][N-][CH+][C][CH+][CH+][C+]([S-])[C+]([O-])NC1CCCCC1.[H+].[H+],-3.8363354206085205
guided,COc1ccccc1N1CCN(c2nccc(C)n2)CC1,-4.6735310554504395
guided,Fc1ccccc1/C=N/n1c(COc2ccccc2)n[nH]c1=S,-3.627277374267578
guided,COc1ccc(N(CC(=O)Nc2cccc3ccccc23)S(=O)(=O)c2ccccc2)cc1,-2.665177583694458
guided,Oc1ccc(Br)cc1-c1cc(-c2ccccc2F)n[nH]1,-5.011016368865967
guided,[CH][CH+]CO[C-]([O-])[C+]([C][N-2])[CH+][CH-][CH+][c-]1[cH+][cH-][cH+][cH-][cH+]1,-3.019164562225342
guided,CCN(CC(=O)Nc1ccc(F)c(F)c1F)Cc1nc2ccccc2c(=O)[nH]1,-1.235490322113037
guided,NC(=O)[C@H]1CCCN(C(=O)c2ccc(Cl)c(S(=O)(=O)N3CCCC3)c2)C1,-0.4204956293106079
guided,CCOc1ccc2ccccc2c1CNC(=O)Cc1ccccc1,-6.199676036834717
guided,Fc1ccc([C@H](CCN2CCOCC2)c2ccc(Cl)cc2)cc1,-11.277135848999023
guided,CN(C)[C@H](CCO)c1cccnc1,-5.440982341766357
guided,CCOc1ccccc1CN1CCN(Cc2nc3ccc(OC)cc3c(=O)[nH]2)CC1,-1.6236313581466675
guided,CCO[C+]([O-])[C+]([C][c-]1[c+]2[cH+][cH-][cH+][cH-][c+]2o[c+]2[c-]1[C+](C)N[C+]2[C-]([O-])OCC)[c+]1[cH-][cH+][cH-][c+](C)[c-]1[NH-],-1.3132548332214355
guided,COc1ccc(C(=O)CNC(=O)c2ccco2)cc1OC,-0.989499568939209
guided,C[C]1[CH][CH][C+](S([O])([O])N[C]2[CH][CH][C](N[C](C)[O])[C](N([O-])[O-])[CH]2)[CH][CH]1,-0.6686292290687561
guided,CC(C)(CO)NC[C@H](c1ccc2c(c1)OCO2)N1CCOCC1,-2.0158348083496094
guided,O=C(O)[C@H]1CC(=O)N(C2CCCCCC2)C1,-2.8084771633148193
guided,O[C][C+]1[CH+][CH-][C+](Br)[CH-][CH+]1.[O-]P([c+]1[cH-][cH+][cH-][cH+][cH-]1)[c+]1[cH-][cH+][cH-][cH+][cH-]1,-4.913506031036377
guided,CCOCCCNC(=O)c1ccc(CS(=O)(=O)c2ccccc2OC)o1,-0.5449368953704834
guided,N[C@@H](CC(=O)OC1CCCCC1)C(=O)OC1CCCCC1,-1.3544150590896606
guided,NC(=O)c1cccc(NC(=O)c2ccco2)c1,-0.6241859197616577
guided,[N-2][C][c-]1[c+](N(CC[c+]2[cH+][cH+][cH+][cH-][cH+]2)CC[S+]([O-])[O-])[n-][c+](N2CCOCC2)[c-]2[c+]1CCCC2,-0.7079907059669495
guided,[N-]=C1N=[O+]N=C1n1nnc(C(=O)N/N=C/c2ccc(Cl)cc2Cl)c1-[c-]1ccc[s+]1,-1.0570985078811646
guided,COc1cc(CCC(=O)O)ccc1OCCCCN(C)C(c1ccccc1)c1ccccc1,-4.955171585083008
guided,C[P@@](=O)(Nc1cccc(Br)c1)Oc1ccc(F)cc1,-6.962148189544678
guided,CC(=O)CN1C(=O)N[C@@]2(CCCc3ccccc32)C1=O,-1.752461552619934
guided,Clc1cc(Cl)c(/C=C/c2ccon2)c(Cl)c1,-9.0596284866333
guided,[O-][C+](O)[CH-]C([C+]1[CH+][CH+][CH-][c+]2[cH-][cH+][cH-][cH+][c-]21)N1[N-][N-][c-]2[cH+][cH-][cH+][cH-][c+]21,-1.6426907777786255
guided,N#Cc1c(NC(=O)CSc2nnc(-c3cccnc3N)n2-c2ccccc2)sc2c1CCCC2,-1.708734154701233
guided,CC/[S+]=C1\C=N/C(=C(/[O-])NNc2ccc(C)cc2)O1,-1.623447299003601
guided,O=C(c1cnn2c(C(F)F)cc(-c3ccccc3)nc12)N1CCOCC1,-2.6986653804779053
guided,C[C-]1[C+]([O-])OC([c+]2[cH-][cH+][cH-]s2)C(C)(C)[C+]1[O-],-2.8883256912231445
guided,CO[C]1[CH][CH][C]2[C]([C]([O-])[C+]3[CH][CH][CH][CH][CH]3)N(C)N([O-])[C]2[CH]1,-2.337690830230713
guided,C[C@H](CN1CCCc2ccccc2C1)O/C([O-])=c1\cc2c(c3ccccc13)=C=[O+]c1ccccc1-2,-4.612410545349121
guided,COc1ccccc1Oc1nc(C(C)C)nc2ccccc12,-5.682300567626953
guided,O=[N+]([O-])c1cc(S(=O)(=O)Nc2ccccc2)ccc1N1CCCCC1,-1.0542410612106323
guided,CCC[C@@H](C)[C@@H](NC(=O)c1cc2cc(Cl)ccc2n1C)C(=O)O,-2.0903608798980713
guided,Nc1ccc(Oc2ccc(N[S@@+]([O-])[C@]34C[C@H]5C[C@H](C[C@H](C5)C3)C4)cc2)cc1,-3.511215925216675
guided,CCCNC(=S)N1CCC(C(N)=O)CC1,-2.651447057723999
guided,C[C-](C)NC(C)(C)CC(C[c+]1[cH-][cH+][c-](Cl)[c+]2[cH-][cH+][cH-][n-][c+]12)NC[c+]1[cH-][cH+][cH-]o1,-5.598604679107666
guided,COc1ccccc1OCCOCCOc1ccc(C(=O)O)cc1,-1.5451747179031372
guided,Cc1cc(S[C@H](C)C(=O)Nc2nc3ccccc3s2)nc2ccccc12,-5.043259620666504
guided,CC(C)(C)NC(=O)[C@H](c1cc2ccccc2nc1Cl)N(Cc1ccccc1)/C([O-])=C1\[S+]=NC(C(N)=O)=C1N,-0.6500176191329956
guided,COCCCNC(Cc1ccc(F)cc1)=C1C(=O)N(C)C(=O)N(C)C1=O,-0.9345962405204773
guided,COc1ccc2cc(C/N=C(\C)c3ccc(NC(C)=O)cc3)c(=O)[nH]c2c1,-1.3561022281646729
guided,NCCCC[C@@H](NC(=O)c1cccs1)C(=O)O,-0.47223910689353943
guided,COc1cc2nc(C3CCC3)nc(N3CCN(c4ccccn4)CC3)c2cc1OC,-2.734133720397949
guided,COc1ccc([S@](=O)(=N[S@@+](C)[O-])Sc2ccc(F)cc2)cc1,-3.017845869064331
guided,[O-][P+](O)(O)[C][C+](Cl)[c-]1[cH+][cH-][cH+][cH-][cH+]1,-2.1004040241241455
guided,Brc1ccc(Cc2cccnc2)c2ccccc12,-11.379356384277344
guided,CC[C@H](C(=O)NCc1ccco1)n1nc(C)n2c(cc3occc32)c1=O,-0.5715765953063965
guided,C[C@@H](Sc1nnc2c(F)cccn12)C(=O)NCCc1ccccc1,-2.7145750522613525
guided,CS(=O)(=O)N1CCN(C(=O)C/C=C/c2ccccc2)CC1,-2.5798418521881104
guided,CCC(N[C-]([O-])NC1CCC[C+]2[CH-][CH+][CH-][CH+][C+]21)([C-](F)F)C(F)(F)F,-4.420555114746094
guided,NC(=O)CN1CCN(S(=O)(=O)c2ccc(Cl)s2)CC1,-0.6899996399879456
guided,CCCC(=O)NC(=S)Nc1ccc(S(=O)(=O)Nc2ccc(OC(F)F)cc2)cc1,-1.2252215147018433
guided,CCOc1cc2ccccc2cc1C(=O)O,-4.352762699127197
guided,COc1cc(C(=O)N2CCN(Cc3nc(Cc4ccccc4)no3)CC2)cc(OC)c1OC,-0.6629675626754761
guided,Cc1ccc(CN2C[C@H](C(=O)Nc3ccc(Br)cn3)CC2=O)c(C)c1,-2.8238208293914795
guided,[OH-],-7.230311870574951
guided,NNC(=S)Nc1cccc(Cl)c1,-3.6144773960113525
guided,CC(C)OC1[CH-][C+](C(C)C)[CH-][CH+][C-]1OCCN[C+]([O-])CSC(C)(C)C,-3.8080556392669678
guided,COc1ccc2c(c1)CCN(CCC(=O)NCCCN1CCOCC1)C(=O)C2,-1.360234022140503
guided,[O-][C+]1CC[C+]([O-])N1CC1(N[CH-][c-]2[cH+][cH-][cH+][c-](Br)[cH+]2)[C+]([O-])N(C[c+]2[cH-][cH+][cH-][cH+][cH-]2)[c-]2[cH+][cH-][cH+][cH-][c+]21,-0.5998927354812622
guided,Cc1ccc(NS(=O)(=O)c2cccc3cccnc23)cc1F,-3.1136653423309326
guided,O=C(CCN1C(=O)S/C(=C/c2ccccc2)C1=O)Nc1cccc(C(=O)O)c1,-1.029252290725708
guided,S=c1[nH]nc(COc2ccccc2)n1-c1ccccc1,-5.1874003410339355
guided,Cn1nc(C(F)(F)F)c(C#N)c1N1CCN(c2nc(Cl)c3ccccc3n2)CC1,-1.751418113708496
guided,O=C(CN1CC=C(c2ccccc2)CC1)Nc1ccccc1-c1ccccc1,-8.028816223144531
guided,Fc1ccc(CN2CCSCC2)cc1Br,-12.680295944213867
guided,O=Nc1ccccc1SCc1ccco1,-5.522391319274902
guided,Br[C-]1[C][N-][C+]2N[C][N-]N2[C+]1[C+]1[CH+][CH+][CH-]S1,-4.733882904052734
guided,O=C(c1cccc(F)c1)c1ccc(N2CCOCC2)c(F)c1,-7.0261945724487305
guided,CCOC(=O)c1cn(C(C)=O)nc1N,-0.6454613208770752
guided,[CH2-]C(CN1CCOCC1)O[C+]([O-])[c+]1[cH-][cH+][cH-][c+](Cl)[cH-]1,-4.154374599456787
guided,N#CCOc1nc(Nc2ccccc2Cl)nc(N2CCCC2)n1,-0.8620916604995728
guided,O=C(Cn1nc([C+]2=CC=C(N3CCCCC3)C(=[N+]([O-])[O-])[C]2)c2ccccc2c1=O)N1CCCCC1,-0.6946945786476135
guided,Fc1cnc(Cl)nc1NC1CCCCC1,-5.811234951019287
guided,S=c1oc(-c2ccccc2Cl)nn1Cc1ccccc1,-7.869710922241211
guided,[CH][C@H](O[C+]([O-])[c+]1[cH-][c+](C2CC2)[nH][n-]1)[C+]([O-])N[C+](N)[O-],-0.4677242040634155
guided,COc1cc(NC(=O)CN2C(=O)NC(C)(C)C2=O)c(OC)cc1Cl,-0.34756019711494446
guided,[CH2-]CCC[CH-]C(=O)N1CCN(C(=O)C2=[S+2]=CC=C2)CC1,-4.939538478851318
guided,CO[C][CH+][c-]1[n-][n-][c+]([N-][CH+][CH+][CH+][c-]2[cH+][cH-][cH+][cH-][cH+]2)[c-](C)[n-]1,-2.085638999938965
guided,CCOC(=O)c1sc(NC(=O)c2cc(C)on2)c(C#N)c1C,-0.6811341047286987
guided,COc1ccc(-c2[nH]nc3c2[C@@H](c2ccc(OC)c(Oc4ccccc4)c2)C(C#N)=C(N)O3)cc1OC,-2.376595973968506
guided,CN(Cc1ccc(-c2ccccc2)o1)S(=O)(=O)CCCNC(=O)c1cccc2cccnc12,-1.4572429656982422
guided,COc1ccccc1N(CC(=O)NCCSc1ccc(C)cc1)S(=O)(=O)c1ccc(F)cc1,-2.289327621459961
guided,C[CH-][S+2]([O-])([O-])O[c+]1[cH-][cH+][c-](Cl)[cH+][c-]1[C+]([O-])[CH+][CH-]N(C)C,-0.7668555378913879
guided,COc1ccccc1NC(=S)NNC(=O)/C=C/C=C/c1ccccc1,-2.6776278018951416
guided,COCc1ccc(C(=O)NCCCN2CCN(c3ccc(F)cc3)CC2)c(OC)c1OC,-2.3906946182250977
guided,[O-]P([c+]1[cH-][cH+][cH-][cH+][cH-]1)[c+]1[n-][c+]2[cH-][cH+][cH-][cH+][c-]2[nH]1,-3.100059986114502
guided,NS(=O)(=O)N(CCCc1nc2c(nnn2-c2ccccc2)c(=O)[nH]1)Cc1ccccc1,-0.2743152678012848
guided,Cc1c(CNC(=O)C(=O)NCCCN2CCOCC2)oc2c1ccc1ccccc12,-0.7863979339599609
guided,O=S(=O)(Nc1c(-c2ccccc2)nc2ccc(Br)cn12)c1ccccc1,-3.5200819969177246
guided,COCC/N=C(\C)c1c(C)oc(C)c1C(C)=O,-3.6021764278411865
guided,COCCn1c(N)c(C(=O)Nc2sccc2C#N)c2nc3ccccc3nc21,-0.7254572510719299
guided,COc1cc(O[P@@](=O)(Oc2ccc(F)cc2)c2ccccc2F)cc2c1CCCC2,-6.980266571044922
guided,NC(=O)C1=C(N)/C(=C(\[O-])N2Cc3ccccc3C2)[S+]=N1,-0.3211894929409027
guided,COc1ccc(CCNC(=O)CN2CCCCC2)c(OC)c1,-3.391850471496582
guided,COc1ccc2c(c1)CO[C@@H](CN1CCCCC1)C2=O,-5.2002763748168945
guided,COc1ccc(CS(=O)(=O)C[C@@](C)(O)c2ccc(Cl)cc2)cc1,-2.539956569671631
guided,[C-3]CO[C+]([O])[C]([CH][C]1[CH][CH][C]2[O+]C[O+][C]2[CH]1)[C]([S])[N-]CC,-2.3309953212738037
guided,CCOC(=O)N1CCN(C(=O)/C=C/c2ccc([N+](=O)[O-])s2)CC1,-0.5712401270866394
guided,CN(Cc1ccccc1)S(=O)(=O)c1ccc2c(c1)OCCO2,-2.91802978515625
guided,O=C1COc2ccc(N([C][O-])S(=O)(=O)[C+]3=CC(Cl)=CC=C3Cl)cc2N1,-0.3607211112976074
guided,FC(F)(F)C1=Nn2c(nnc2-c2ccco2)SC1,-3.039578914642334
guided,Fc1ccccc1-c1cs/c(=N\c2cccnc2)n1CCCn1cnc2ccccc21,-6.07234525680542
guided,Cn1c(=O)n(C)c2cc(NS(=O)(=O)c3ccc(Cl)cc3)ccc21,-1.3931578397750854
guided,O=[N+]([O-])c1ccc(Br)cc1Oc1ccc2ccccc2n1,-3.497307777404785
guided,COC(=O)c1c(C)[nH]c(C(=O)N[C@@H](C)c2ccc(OC)cc2)c1C,-1.2467117309570312
guided,CN1CCN(c2nc(-c3ccncc3)nc3ccccc23)CC1,-4.202634811401367
guided,S=C(NC[C@H]1CCCO1)c1ccc(Cc2ccccc2)cc1,-8.983580589294434
guided,CN1CCN(c2ccc(N3CCN(S(C)(=O)=O)CC3)cc2)CC1,-3.7869551181793213
guided,NCc1cccnc1Cc1ccccc1F,-5.20142126083374
guided,NC(N)=N/N=C/c1ccc(OCc2ccccc2)c(OCc2ccccc2)c1,-1.072508454322815
guided,O=S(=O)(c1ccc(F)cc1)N1CCN(CCc2ccc(Cl)cc2)CC1,-5.230673313140869
guided,N#Cc1c(-c2ccccc2)n(O)c2ncnc(NCCO)c12,-0.3508372902870178
guided,COCCNC(=O)c1ccc(NC(=S)NC2CCCC2)cc1,-2.3323991298675537
guided,FC1=NN=[N+](/C=C\c2ccccc2)/C1=C1/N=c2n[c-]cnc2=N1,-0.9077484011650085
guided,NNc1nc2ccc(Cl)cc2s1,-3.6342086791992188
guided,O=S(=O)(c1ccc(F)cc1)N1CCN(c2nnnn2-c2ccccc2)CC1,-0.6091199517250061
guided,COCCCNc1ccnc2c(Cl)cccc12,-6.3997015953063965
guided,NNC(=O)[C@H]1CCN(C(=O)NCc2ccc(F)cc2)C1,-0.5869002938270569
guided,O=C(Cc1cccs1)NNc1cccc2ccccc12,-5.437116622924805
guided,S[C@H](COCc1cccc2ccccc12)CN1CCN(Cc2cccc3ccccc23)CC1,-11.826898574829102
guided,COc1ccc(NC(=S)N2CCC(C(=O)N3CCN(c4ccccn4)CC3)CC2)c(OC)c1,-1.7948503494262695
guided,CCOC(=O)c1cc(CC)sc1NC(=O)[C@H]1[C@H](C(=O)O)[C@@H]2C=C[C@H]1C2,-0.918540894985199
guided,CO[C-]1[CH+][C+]([N-][C]SC)[C+](Br)[CH-][C+]1N([O-])[O-],-1.7255423069000244
guided,COCCCNC(=O)COc1ccccc1,-3.7447257041931152
guided,CC[C@H](C)NC(=O)N[C@H](Cc1ccccc1)C(=O)OC,-1.7502332925796509
guided,COc1ccc2nc(C)cc(SCC(OC)OC)c2c1,-5.325159072875977
guided,COCC1=CNc2nc3ccccc3n2[C@H]1c1ccc(OC)c(OC)c1,-3.3000974655151367
guided,O=C(N/N=C/c1ccc(N2CCOCC2)s1)c1ccc2ccccc2c1,-3.6946158409118652
guided,O=C(Nc1ccccc1-n1nc2ccccc2n1)c1ccccc1,-3.176840305328369
guided,CC(=O)Nc1cccc(OC(=O)C(F)(F)F)c1,-2.9739487171173096
guided,COc1ccc(C(=O)NNC=C2C(=O)CC(C)(C)CC2=O)cc1,-0.7089561820030212
guided,NC(=O)c1cc(S(=O)(=O)NCCc2ccc(S(N)(=O)=O)cc2)cs1,-0.34835296869277954
guided,[CH2-]Br,-13.613810539245605
guided,S=c1[nH]nc(COc2ccccc2)n1/N=C/c1cn(-c2ccccc2)nc1-c1ccccc1Cl,-4.217906951904297
guided,[O-][S+]([O-])OO[c+]1[cH-][cH+][cH-][cH+][c-]1[P+]([O-])(O)O,-0.430691659450531
guided,CCOc1ccc(/C(O)=C/C(=O)OCc2ccc(C)o2)cc1CN1CCC(O)CC1,-1.1976521015167236
guided,O=C(CC1CCCCC1)C1=C=[N+](c2ccccc2)/C(=N/S[O-])S1,-4.203481674194336
guided,Br[C-]1[C][C+]([c-]2[n-][n-][c+]3s[c+](CNC4CCCC4)[cH+]n2-3)[CH+][CH-][CH+]1,-4.687071323394775
guided,CC[C]([O])N[C]([CH][C]1[CH][CH][C]([C]2[CH][CH][C](N([O-])[O-])[CH][CH]2)O1)[C+]([O])N[C]1S[CH][CH][C]1[CH][N]CCCN1CCOCC1,-0.8348629474639893
guided,C/N=C1\S[C@@H](C(=O)Nc2ccccc2Cl)CC(=O)N1c1ccc(O)cc1,-1.460070252418518
guided,C[C@H](O)C(=O)O/C=C1\CCCO[CH-]OC(C)(C)O1.[H+],-1.3712425231933594
guided,CCOc1ccc(C(=O)c2ccccc2)cc1Cc1cccnc1,-6.2237114906311035
guided,[O-]N([O-])[c-]1[cH+][cH-][c+](NCCN[S+2]([O-])([O-])[N-][C+]2[CH+][CH+][CH-][CH+][C-]2F)[c-](Cl)[cH+]1,-0.7193803191184998
guided,CC(=O)N/C(=C\Nc1ccc(SC(F)F)cc1)c1csc(Nc2ccc(F)cc2)n1,-4.699202060699463
guided,N[C+]([C-][C]([O-])OC1CCCCC1)[N][C]1[N][CH][CH][C](C2CC2)[N]1,-0.5622149109840393
guided,C[C@@H]1CCc2ccccc2N1C(=O)c1ccc(Br)o1,-7.006944179534912
guided,S=C(NC1CC1)N1CCC2(CC1)OCCO2,-5.983161449432373
guided,COCCNc1ccc2nc(N)sc2c1,-2.4332358837127686
guided,[CH2+]CC[C@]1(C)C[CH-]CC[C@@H]1C(=O)CCCCCNCCOC,-6.365438461303711
guided,COC(C[C@H]1O[C@H]1C(=O)COCc1cccc2ccccc12)OC,-2.91188645362854
guided,CCOC(=O)C1(Cc2cccc3ccccc23)CCN(C(=O)c2cnc3ccccc3n2)CC1,-2.9857735633850098
guided,O=S(=O)(Oc1ccccc1N1CCCCC1)c1cccc2nsnc12,-1.9311479330062866
guided,COCCCn1c(SCC(=O)Nc2cc(C)cc(C)c2)nc2ccsc2c1=O,-2.130542278289795
guided,Nn1c(Cc2ccccc2F)nnc1SCC(=O)NCc1cccc(F)c1,-0.7279369235038757
guided,O=C(O)c1ccccc1NC(=S)Nc1ccccc1Cl,-3.2337093353271484
guided,COc1ccc2nc(C)cc(SCCNC(=O)c3ccc4ccccc4c3)c2c1,-5.412806034088135
guided,Fc1nc(/C=C\c2ccccc2)c2cnn(-c3ccccc3)c2n1,-5.4876909255981445
guided,COc1ccccc1N(CC(OC)OC)C(=O)C1=C(N)/C(=C(\[O-])NC2CCCCC2)N=[S+]1,-0.38734063506126404
guided,COc1ccc(NC(=O)CNc2nc(N3CCCCC3)nc(N3CCOCC3)n2)cc1,-0.31697097420692444
guided,COc1ccc(S(=O)(=O)N2CCN(C(=O)c3ccn[nH]3)CC2)cc1C(C)C,-0.3994256854057312
guided,[O][C]1[O+][C]([C+]2[C]([O])[C]3[CH][CH][CH][CH][C]3[C]([O-])[C]2C[C]2[CH][CH][C]([N+]3CCOCC3)[CH+][CH]2)[C][C]2[CH][CH][C](N([O-])[O-])[CH][C]21,-0.5964435935020447
guided,[CH2-]C/N=C(/c1ccccc1)[N@@H+]1[C@H]2[C@@H]3C(=O)[C@H](C)CN[C@]231,-3.992262840270996
guided,COc1ccccc1OCCCOc1c(OC)cccc1OC,-4.708241939544678
guided,CC(=O)/[O+]=C\[C@@H](O)[C@@](O)([C+](C)C)C(C)(C)[CH-]C[CH-][C@]1(C)[C@@H]([C+](C)C)CC[C@]2(C)[C@@H](c3ccoc3)OC(=O)[C@@H]3O[C@]312.[OH-],-2.146942377090454
guided,O=C(c1ccc(OC(Cl)(Cl)Cl)cc1)N1CCN(c2ccccn2)CC1,-4.900155067443848
guided,CN1[CH-]CN([S+2]([O-])([O-])[c+]2[cH-][cH+][cH-][c+]([C+]([O-])N[C+]3[N-]CCS3)[cH-]2)CC1,-0.3229072690010071
guided,Cc1nc2c3nn(-c4ccc(C)c(Cl)c4)nc3ncn2n1,-1.4282875061035156
guided,CC(=O)Nc1ccc(SCC(=O)O)cc1,-1.8442471027374268
guided,Cn1cnnc1SCC(=O)NCc1ccc(F)cc1,-2.3635356426239014
guided,O=CCCCCOCCN1CCN(S(=O)(=O)c2ccccc2Cl)CCC1=O,-0.8107922077178955
guided,[O-]/C(=C1\[C]N[C+]2=Cc3ccccc3C=C2S1)N1CCSCC1,-5.294425010681152
guided,O=S(=O)(Nc1nc2ccccc2nc1N1CCN(c2ccccc2)CC1)c1cccs1,-1.7851066589355469
guided,CCN(c1ccc(OC)cc1)S(=O)(=O)c1ccc(NCc2ccc(C)cc2)nc1,-2.558621406555176
guided,CCSCCc1nnc(NC(=O)CSc2nc3ccccc3s2)s1,-2.7884066104888916
guided,COCc1c(C(=O)N/N=C/[C@H]2CC=CCC2)nnn1-c1nonc1N,-0.3604660630226135
guided,COc1ccccc1/N=C\c1coc2ccccc2c1=O,-3.939157009124756
guided,O=c1ccc(-c2cc(-c3ccco3)[nH]c2-n2cccc2)n[nH]1,-1.2300368547439575
guided,[O][C]1[C][C]([C]([O-])N[C]2[CH][S+][C]([C]3[CH][CH][CH][S+]3)[N]2)[C]2[CH][CH][CH][CH][C]2N1,-0.979995608329773
guided,Fc1ccc(Sc2ccccc2CNC2CC2)cc1,-11.295899391174316
guided,CCCN1CCC(NC[C@@H](C)c2ccccc2)CC1,-9.950042724609375
guided,CNS(=O)(=O)c1ccc2c(c1/C=C/c1ccc3c(c1)OCO3)c(=O)[nH]c(=O)n2C,-0.26632219552993774
guided,CO[C][CH+][c-]1[n-][cH+][c+](CCN[C-]([O-])[C+]2[CH+][CH-][C+](C)[C-](C)[CH+]2)[nH]1,-1.2586721181869507
guided,[O-]P([c+]1[cH-][cH+][cH-][cH+][cH-]1)[c+]1[cH-][cH+][c-](NC[c+]2[cH-][cH+][c-](Br)[cH+][cH-]2)[cH+][cH-]1,-6.536592483520508
guided,CC(=O)N1CCCN(CC(=O)N2CCCC(C)(C)C2)CC1,-4.441067695617676
guided,COc1ccc(N(C)S(=O)(=O)c2c(C)noc2C)c(OC)c1,-0.8491190075874329
guided,NS(=O)(=O)c1ccc(CCNC(=O)CCCn2c(SCC(=O)O)nc3cc4c(cc3c2=O)OCO4)cc1,-0.2741101384162903
guided,O=c1c2ccccc2nc(-c2ccc(Cl)cc2)n1-c1cccs1,-7.314284801483154
guided,[CH2-][c+]1[n-][cH+]n(C[C+]([O-])OC[C+]([O-])N[c+]2[cH-][cH+][c-](C)[c+]([S+2]([O-])([O-])N([CH-]C)C(C)C)[cH-]2)[c-]2[cH+][cH-][cH+][n-][c+]12,-0.24353520572185516
guided,CCC(=O)N[C@H](Cc1c[nH]c2ccccc12)c1nc2ccccc2[nH]1,-2.151625394821167
guided,COCCCCN(C(=O)c1c(-c2ccccc2)noc1C)c1ccccc1,-4.438045978546143
guided,N[C-]([O-])[C+]1[N-][N-][C][C+]([c+]2[cH-][cH+][c-]3[cH+][cH-][cH+][cH-][c+]3[cH-]2)N1N[C+]1[CH+][CH+][CH-][CH+][C-]1Cl.[H+],-0.7814006805419922
guided,COCc1cc(C)n(CC(=O)N/N=C/CC(C)C)c(=O)c1C#N,-0.40520617365837097
guided,CCOC(=O)c1c[nH]c(=S)n1C,-3.9831600189208984
guided,Cl[c-]1[cH+][cH-][cH+][c+](S[C][CH+]CNCC2CCCO2)[n-]1,-5.936781883239746
guided,CCOc1c(C)cc(S(=O)(=O)n2ccc(C)n2)c(C)c1C,-2.59853196144104
guided,CNC(=O)COC(=O)c1ccc2c(c1)NC(=O)[C@@H]1CCCN21,-0.49012458324432373
guided,Cn1c2ccccc2c2cc(Cc3ncc(S(=O)(=O)c4ccccc4)c(=O)[nH]3)cnc21,-0.8506618738174438
guided,COCCC/N=C(\[O-])c1cc2c(=O)[n+](/C=C3\C=CC=C[CH-]3)c3n(c2c2ccccc12)[C@H]3C.[H+],-1.7730603218078613
guided,[O][C](N[C]1[CH][CH][CH][C](N[C]([O])[C+]2[CH][CH][CH][CH][CH]2)[CH]1)[C]1[CH][CH][C](N([O-])[O-])O1,-0.5683756470680237
guided,COC(OC)c1cncc(-c2nc(C(F)(F)F)nc3ccccc23)c1,-3.6622049808502197
guided,S=C(NCc1nc2ccccc2c2ccccc12)NC[C@H]1CCCO1,-4.683491230010986
guided,C=C(Cl)COc1ccc(S(=O)(=O)NCc2ccccc2)cc1C(=O)O,-0.8511066436767578
guided,CCOc1ccc(C#CCN2CCCCC2)cc1OCC,-8.678382873535156
guided,CC(=O)Nc1ccc(S(=O)(=O)NCC(=O)OCc2c(F)cccc2Cl)cc1,-0.5622463226318359
guided,C[C@H]1CC(=O)[C@H](C)[C@@H](NCCc2ccc(OC(F)F)cc2)O1,-4.176798343658447
guided,CCOc1cc(/C=N/NC(=O)C2=CN(c3ccc(OC)cc3)C(=O)CC2)ccc1O,-0.7378498911857605
guided,COc1cccnc1,-7.97709321975708
guided,[CH2-][C+]([N-]O[S+2]([O-])([O-])[c+]1[cH-][cH+][c-](C)[c+](C)[cH-]1)[c-]1[cH+][cH-][cH+][cH-][cH+]1,-2.390390634536743
guided,C[C@@H]1C=CC[C@@H](C(=O)NNC(=S)NC(=O)c2ccccc2)C1,-1.5367090702056885
guided,O=C(O)Cc1cccc(C(=O)c2ccccc2NC(=O)c2sc3cc(Cl)ccc3c2Cl)c1,-4.143123149871826
guided,S=C(NC1CCCCC1)N1CCN(Cc2ccco2)CC1,-6.538100719451904
guided,CO[C]([O-])[C]1[C]O[C+]2[C](C)[C](O)[C]([O+]C(C)(OC)[C]3[CH][CH][CH][CH][CH]3)[CH][C]12,-0.9399767518043518
guided,CCCCCCNC(=O)c1ccc(Sc2ccccc2)c(NC(C)=O)c1,-4.529722690582275
guided,CCCCN(C)S(=O)(=O)c1c(C)[nH]c(=O)[nH]c1=O,-0.47738564014434814
guided,C[C-]([O-])N[C+]1[CH+][CH-][C+]2OC[CH-][C+]([N-]C(C)(C)C)[C-]2[CH+]1,-2.737227439880371
guided,[C-2][C+]1[CH][C](C)[C]2[C-][C](C([C][N])CC[C][N])[S+][C]2[N]1,-2.7175638675689697
guided,CCC(=O)NNc1nc2ccc(F)cc2s1,-3.2070086002349854
guided,[CH2-][C-]1[CH+][C-]([C+]2[CH+][CH-][CH+][CH-][CH+]2)[N-]N1[C+]([N-2])[N-][C+]1[CH+][CH-][C+]([S+2]([O-])([O-])N2CCOCC2)[CH-][CH+]1,-0.8651226758956909
guided,CC(C)n1nc(C(=O)NCCCN2CCOCC2)c2ccccc2c1=O,-0.9859514832496643
guided,C=[O+]C.[O-]P(c1ccccc1)c1ccccc1,-5.7175679206848145
guided,C[C+]([O-])[C+]([CH+][C+]([O-])C1CC1)N[N-][C-]1[CH+][C-](C)N[N-]1,-0.5634579062461853
guided,Cc1nn(C)c(C(=O)NCCCN2CCOCC2)c1Br,-2.427278995513916
guided,NC(=S)N/N=C/c1cn(-c2ccccc2)nc1-c1ccc(F)cc1,-1.9745904207229614
guided,C[C@H](c1nc2ccccc2n1C)N1CCOCC1,-6.464253902435303
guided,S=C(NNc1ccc(Cl)cc1)NC1CCCCC1,-6.287782192230225
guided,[CH]CC1CC1CCOC[C]([OH+])CNCC1CCCCC1,-5.251229286193848
guided,O=C(NC(=S)NCc1ccco1)c1cc2ccccc2o1,-1.9922492504119873
guided,[OH-],-7.230311870574951
guided,Clc1ccc(CSc2nnc(CN3CCOCC3)n2-c2ccccc2)cc1,-5.459243297576904
guided,COCCNC(=O)CCn1nc(-c2ccc(Cl)cc2)ccc1=O,-1.2495567798614502
guided,O=C(/C=C/c1ccc(F)cc1Cl)NC[C@@H]1CCCO1,-5.527541160583496
guided,CCN(CC)[c-]1[cH+][cH-][c+]([C]NC23CN4CN(CN(C4)C2)C3)[cH-][cH+]1.[H+],-7.390786647796631
guided,[O-][S@+](Cc1ccccn1)c1cccc2ccccc12,-6.217238903045654
guided,F[CH-]CCS[c+]1[c-](C2CCCCC2)[n-][c+]2[cH+][cH-][cH+][cH-]n12,-10.469663619995117
guided,CCCOC(=O)c1ccc(OC)cc1,-5.739037990570068
guided,Nc1ncnc(NNc2cccc3ccccc23)c1[N+](=O)[O-],-0.6079869270324707
guided,N[C-]1[CH+][C-](N)N(C[c+]2[cH-][cH+][cH-][cH+][c-]2Cl)[CH+][C-]1Cl,-3.075782537460327
guided,SCCOc1ccc(Br)cc1/C=C/C1=NCCCC1,-9.502612113952637
guided,COc1ccc2cc(C(=O)O)/c(=N\NC(=O)c3cc4ccccc4oc3=O)oc2c1,-0.5059110522270203
guided,S=c1[nH]nc(-c2ccncc2)n1-c1ccc(OCc2ccccc2)cc1,-4.302882194519043
guided,[C-]#[N+]/N=C/c1cc(=O)[nH]c(=O)[nH]1,-0.9650565981864929
guided,CCC(C)(C)NC(=O)Cc1cccc2ccccc12,-7.4709343910217285
guided,Cn1c(=O)[nH]c(=O)c2c(NC(=O)CN3CCc4ccccc4C3)cccc21,-0.41005074977874756
guided,O=C1NCCN(C(=S)Nc2cccc(Br)c2)[C@H]1c1ccc(F)cc1,-4.95652437210083
guided,COc1ccc(/C=C2\CCn3c2nc2ccccc2c3=O)cc1OC,-3.6192359924316406
guided,[C-3][C+]([N-]N[C+]1[CH+][CH-][C+](F)[CH-][CH+]1)N([O-])[O-],-1.2921513319015503
guided,CCOn1c(=O)c(C)[n+]([O-])c2ccccc21,-2.541957139968872
guided,COc1ccc(C(C)=O)cc1COc1ccc(C(=O)O)cc1,-1.8048769235610962
guided,COCCCn1c(=O)c2sccc2n2c(CCCC(=O)NCc3ccco3)nnc12,-0.5045675039291382
guided,CCOC(=O)N1CCC(NC(=O)c2cc(=O)[nH]c3ccccc23)CC1,-0.4866626262664795
guided,C[c-]1[cH+][cH-][c+](-[c-]2[n-][n-]n(C[C+]([O-])N[c+]3[cH+][cH-][c+]4o[cH-][nH][c+]4[cH+]3)[n-]2)o1,-0.23939205706119537
guided,NCC(=O)N[C@@H]1CCCN(Cc2ccccn2)C1,-1.3466401100158691
guided,O=C(Nc1ccccc1F)Nc1cc([N+](=O)[O-])ccc1Br,-1.867032527923584
guided,O=C(Cn1cccc1C(=O)c1ccccc1)N/N=[C-]/C=C\c1ccco1.[H+],-1.4728230237960815
guided,CC[C-]([O-])N1[N-][C+]([c+]2[cH-][cH+][cH-]s2)C([c+]2[cH-][cH+][c-](OC)[cH+][cH-]2)C1[c+]1[cH-][cH+][c-](F)[cH+][cH-]1.[H+],-5.699252605438232
guided,[S-]P(NC1CCCCC1)N1CC[c+]2[cH-][cH+][cH-][cH+][c-]2C1,-10.278778076171875
guided,CCC(=O)OCc1c(C(=O)N2CCN(Cc3ccccc3)CC2)c2ccccc2n1C,-3.6148464679718018
guided,O=C(CCN1CCN(c2cccc(Cl)c2)CC1)N1CCCC1,-7.277342796325684
guided,FC(F)(F)c1cccc(Sc2cc(C(F)(F)F)nc(-c3ccccn3)n2)c1,-7.784295558929443
guided,CN1[C+]2[CH+]N(n3[cH+][cH+][cH-][cH+][cH-]3)[CH-][C+]2[C-]([O-])N(C)[C-]1[O-],-2.249857187271118
guided,C=C(C)[C@H]1C/C(=C/C=C2\C=C(C#N)C(=O)OC2)N[C@H](C)C1,-2.6482789516448975
guided,O=C(NP(=O)(N1CCCC1)N1CCCC1)c1sc2ccccc2c1N1CCOCC1,-2.7721364498138428
guided,[O][C]([C][C]([C]1[CH][CH][C]([S+3]([O])([O-])N2CCOCC2)[CH][CH]1)[C]([O-])N1CCOCC1)N1CCCC1,-0.5170670747756958
guided,N#C/C(C([N-2])=O)=C1/[S+]=C(/C=C2\C=CC=[S+]2)C(=O)N1c1ccccc1,-0.7611390948295593
guided,COc1ccc(OC)c2sc(Nc3nc4c(c(=O)n(C)c(=O)n4C)n3C)nc12,-0.25796738266944885
guided,COc1cccc(-c2snnc2-c2ccc3ccccc3c2)c1,-7.556363582611084
guided,N/C=N/N=C(/N/N=C/c1ccc(O)cc1)Nc1ccc(Cl)cc1,-0.5963253974914551
guided,COc1ccc(N([C@@H](C)C(=O)NC2=[S+]C(C)=C(C)/C2=C(\[O-])NCC(C)C)S(C)(=O)=O)cc1,-0.353348046541214
guided,C[O+][C]1[C][C](Br)[N][C]2[CH][CH][CH][CH][C]21,-7.553165435791016
guided,N#CN(c1ccc(Br)cn1)[SH](=O)=O,-1.295217514038086
guided,Cl[c-]1[cH+][cH-][cH+][c-](OCCCCC[N-][c+]2[cH+][n-][c+]3[n-][cH+][n-][c-]3[nH]2)[cH+]1,-1.6903936862945557
guided,CCOC(CNC(=O)c1nc2ncccc2n1C)OCC,-0.8783929347991943
guided,CN(C)C[C@H](O)COC(c1ccccc1)c1ccccc1,-6.299638748168945
guided,Cc1ccc(Oc2ccc(-c3nnc(NC(=O)Cc4ccc(F)cc4)s3)cc2OCC(=O)O)cc1,-2.3647868633270264
guided,[O-][C-](NN[C+]1[CH+][CH-][CH+][CH-][CH+]1)[C+]1[CH-][CH+][C-](F)[C][C+]1N[c+]1[cH-][cH+][cH-][cH+][c-]1C(F)(F)F,-2.869396924972534
guided,O=C1/C(=C/c2cccs2)SC(=S)N1N1CCOCC1,-6.203131198883057
guided,O=C(NCc1ccccc1F)NC1(C(=O)O)CCCCC1,-1.2142595052719116
guided,Cc1nc(CC(=O)Nc2ccc(Nc3ccc(-c4ccc(C)c(C)c4)nn3)cc2)cs1,-3.2202024459838867
guided,Nc1cc(=O)[nH]c(SCC(=O)Nc2cccc(Cl)c2)n1,-0.3585548996925354
guided,CN(CC(=O)NC1CCCCC1)S(=O)(=O)c1ccccc1,-1.8027801513671875
guided,Nc1nonc1-n1nnc(C(=O)NNC(=O)c2cccc(Cl)c2)c1-c1cccs1,-0.3535180389881134
guided,COc1ccccc1OCCOCCOc1ccc(Cl)cc1C,-6.472376346588135
guided,C=C(C)P(=O)=[OH+].[CH2-]CCc1ccccc1,-6.269022464752197
guided,[O-][S@+](C1CCCCC1)N1CCCCCC1,-7.750800132751465
guided,CCOc1ccccc1NC(=O)CCS(=O)(=O)c1ccc(Br)cc1,-2.066180944442749
guided,O=c1c2ccccc2ncn1CCCCOc1ccccc1Br,-5.282702922821045
guided,CCOCCCS(=O)(=O)c1cc2c(cc1C)n(C)c(=O)c(=O)n2C,-0.5354047417640686
guided,CC#N,-8.097723007202148
guided,N#Cc1ccc(CCNS(=O)(=O)c2ccc(OC(=O)c3ccco3)c3ccccc23)cc1,-1.405627965927124
guided,[CH2-]C[CH+]C1C=C(S(=O)(=O)NC[C@@H]2CCCO2)C=C2C(=O)C3=C[C-](S(N)(=O)=O)C=CC3=C21.[H+],-0.534246563911438
guided,[O-][c+]1[nH][cH+][n-][c+](O)[c-]1[C][CH+]CC1CC1,-1.4190008640289307
guided,COc1cccc(C)c1OCc1c(C)noc1C,-4.759291172027588
guided,COc1cccc(N(CC(=O)NCc2cc(OC)c(OC)c(OC)c2)S(C)(=O)=O)c1,-0.34068596363067627
guided,O=S(=O)(NCCCn1c(C2CCCCC2)nc2ccccc21)c1ccccc1,-3.363205909729004
guided,Nc1ccc2nc(Sc3ncc(C(F)(F)F)cc3Cl)[nH]c2c1,-3.0792200565338135
guided,[H+].[H+].[O-]SCCCOC[CH+]C[C][C+]1[C][C]CO[C+]1[O-],-2.089860200881958
guided,[O-][c-]1[nH][c+]2[cH-][cH+][cH-][cH+][c-]2[c+]1[N-]N[CH+][N-][CH+][C]Cl,-1.2916538715362549
guided,O=C(O)c1ccccc1NCc1ccccc1,-4.04849910736084
guided,Cc1nc2c3c4c(c(N5CCOCC5)nc3sc2n1Cc1cccs1)COC(C)(C)C4,-4.864241123199463
guided,COc1ccc(/C=C(\c2nc3ccccc3[nH]2)c2nc3ccccc3s2)cc1O,-3.8028781414031982
guided,C[C@H]1Cn2c(nnc2[C@]23C[C@H]4C[C@H](C[C@H](C4)C2)C3)S1,-7.089213848114014
guided,CCOC(=O)/C=C(\C=C\c1cccs1)c1nc2ccccc2c(=O)n1CCO,-1.1998109817504883
guided,CC(C)CC(=O)Nc1ccc(S(=O)(=O)NCCSCc2ccco2)cc1,-1.1943073272705078
guided,[CH2-]OCCO[c+]1[cH-][cH+][cH-][cH+][c-]1N[C+]([O-])[CH+][CH-][c+]1[cH+][n-][cH-][cH+][cH-]1,-1.6546450853347778
guided,O=C(O)/C=C/C(=O)NCCCCCCCCCc1cccs1,-2.7429487705230713
guided,O/N=C/c1nc(-c2ccc(OCc3ccccc3)cc2)n(O)c1-c1ccccc1,-2.640298843383789
guided,[H+].[S-]C[C+]1[C][C-](Cl)[CH+][CH-][C+]1C[c-]1[cH+][c+](Cl)[c+](NC[c-]2[cH+][cH-][cH+]o2)[n-][n-]1,-3.9009435176849365
guided,COc1ccc(C(=O)NC2CC2)cc1OC1CCN(Cc2ccc(F)c(F)c2)CC1,-4.3487091064453125
guided,[NH-]N,-4.257614612579346
guided,Cc1ccc2cc3c(nc2c1)CCCC3,-10.585882186889648
guided,CCO[C-]([O-])[C+]1[C+]([S+2]([O-])([O-])N2CCC([C-]([O-])OCC)CC2)[CH+][CH-][CH+][C-]1[C-]([O-])[N-][C+]1S[CH+][CH+]N1CC.[H+],-0.5253551006317139
guided,CCC1(CC)C(=O)NC(=O)NC1=O,-1.2539862394332886
guided,NC(=O)c1ccccc1NS(=O)(=O)c1ccc(F)cc1,-0.5188280344009399
guided,C[C@@H](F)Oc1ccc(F)cc1/C=C/c1nc2ccccc2c(=O)o1,-4.37326192855835
guided,CN(C)CCCn1c(-c2ccccc2)nc(=S)c2c1CCCC2,-9.254005432128906
guided,CCC[N-][c+]1[c-]2[c+]([n-][c+]3n1[N-][N-][N-]3)CCCC2.[CH2].[H+],-2.409748077392578
guided,C=C(N=[N+]=CO[CH-]N[C+]1=NC(NCc2ccccc2)=NN1[C][O-])c1ccccc1,-0.3006739914417267
guided,CCN1CCN(S(=O)(=O)c2cc(C(F)(F)F)ccc2Cl)CC1,-5.145702838897705
guided,COc1ccccc1C(=O)CSc1nc2ccccc2s1,-6.187929630279541
guided,O=S(=O)(NCc1ccc2c(c1)OCO2)c1ccccc1Br,-2.205193042755127
guided,COc1ccc(S(=O)(=O)N2CCN=C2SCc2ccc(F)cc2)cc1O,-1.2553949356079102
guided,COCC(=O)OCC(=O)c1cc(C)n(-c2ccc(F)cc2)c1C,-2.9110496044158936
guided,CCCCN1C[C@@H](CN(CC)CC)[C@H](Cc2ccccc2)C1=O,-8.401725769042969
guided,COc1ccc(Nc2ccccc2)c(C(=O)Nc2cc(C)nn2-c2ccccc2)c1,-3.7009236812591553
guided,[O-][S+]([O-])N1CCCN([S+2]([O-])([O-])N2CCOCC2)CC1,-0.5251609086990356
guided,O=C1/C(=C/c2ccc(F)cc2)CC[C@H]1C1CCCC1,-10.424878120422363
guided,CC(=O)n1cc([C@@]2(Cc3ccccc3)CNCCO2)c2ccccc21,-4.9483866691589355
guided,O=C(COC(=O)C1CCN(S(=O)(=O)c2cccs2)CC1)c1ccc(C(F)(F)F)cc1,-1.6154602766036987
guided,O=[C+](Nc1ccc(Br)cc1)N(N[C][O-])C1CCCCC1,-1.9433715343475342
guided,COc1ccccc1[C@]12CCCC[C@H]1CO[C@@H](OC(=O)Cc1ccccc1)C2,-5.7525529861450195
guided,CCN(c1ccccc1)S(=O)(=O)c1ccc(NC(=O)CN2CCCCC2)cc1,-2.063602924346924
guided,COc1ccccc1NC(=O)CN1CCC(NC(=O)C2CCCCC2)CC1,-1.7469196319580078
guided,CCOC(=O)[C@H](Cc1ccc(NC(C)=O)cc1)N1C(=O)c2ccccc2C1=O,-0.5685912370681763
guided,CC(C)[O+]=C=[P@@]([O-])(O)CCCP(=O)(O)O,-0.47824832797050476
guided,CCCOc1ccccc1[C@H]1NC(=S)NC(C)=C1C(=O)Nc1ccc(C)c(C)c1,-3.5631039142608643
guided,F[C-](F)F,-13.636207580566406
guided,O=c1ccc2c(Oc3nc(N4CCOCC4)nc(N4CCOCC4)n3)cc(Cl)cc2o1,-0.44927772879600525
guided,O=S1(=O)CCN(C2CCCCC2)CC1,-5.365961074829102
guided,O=C(CSc1nc2c(c(=O)[nH]1)CC=N2)Nc1cccc(F)c1,-0.609424352645874
guided,O=C(OC1CCCCC1)c1cccn(Cc2ccccc2)c1=O,-4.336337566375732
guided,O=C(CN1C(=O)[C@H]2CC=CC[C@H]2C1=O)NCCN1CCCCC1,-1.5940378904342651
guided,NC(=O)c1c[nH]c2ccccc12,-2.510417938232422
guided,NC(=O)N[C@H](Cc1ccc(F)cc1)C(=O)NCCc1ccc(F)cc1,-0.7495772838592529
guided,[H]/N=C(\S)c1cn(Cc2ccccc2)c2ccccc12,-7.6907429695129395
guided,Nn1c(COc2ccccc2)nnc1SCC(=O)Nc1cccs1,-0.5012021660804749
guided,NS(=O)(=O)c1cccc(NC(=O)Cn2nc(C(=O)O)c3ccccc3c2=O)c1,-0.2672804594039917
guided,O=C(NCc1ccccn1)C1CCCCC1,-4.7592082023620605
guided,NC(=O)/C=C1\C(=O)N(Cc2ccc(Cl)cc2)C[C@@H]1c1ccccc1,-2.4005420207977295
guided,Clc1ccc(OCCCNCCCC2CCCC2)cc1Cl,-10.472159385681152
guided,Clc1ccc(OCc2ccc3c(c2)OCO3)c2ncccc12,-5.952327728271484
guided,CN(CC(=O)NCc1ccccn1)S(=O)(=O)c1ccc(F)c(Cl)c1,-0.9049989581108093
guided,CCCC[C@@H](C)NC(=O)COC(=O)c1ccc(N2CCCC2)c([N+](=O)[O-])c1,-0.8891055583953857
guided,COC(C/C=C\[C@H](O)COCc1ccccc1)OC,-3.867166042327881
guided,N/C(=N\OC(=O)[C@@H]1COc2ccccc2O1)c1cccnc1,-0.28964123129844666
guided,CC(=O)N1c2ccc(S(=O)(=O)N3CCCCC3)cc2C[C@@H]1C(=O)Nc1ccc(Cl)cc1C,-1.4600629806518555
guided,S=C(NCCc1ccccn1)Nc1ccc(Br)cc1Cl,-6.458881378173828
guided,COc1ccc(N2CCN(S(=O)(=O)c3ccc(C(C)(C)C)cc3)CC2)cc1,-4.182892322540283
guided,CO[c+]1[c-](OC)[cH+][c-]([N-][CH+][c-]2[cH+][cH-][c+](F)[cH-][cH+]2)[c+]([CH-]N2CCCC2)[c-]1OC,-5.730295181274414
guided,COCCNc1ccc(S(=O)(=O)N(C)C)cc1[N+](=O)[O-],-0.37228792905807495
guided,Cc1cc(C)c(C#N)c(NC(=O)Nc2c(F)cc(F)cc2Br)n1,-2.3048274517059326
guided,CN(C[c-]1[cH+][cH-][cH+][cH-][c+]1N[S+2]([O-])([O-])[C-]1[CH+][C][C+](S[c-]2[cH+][cH-][c+](Cl)[cH-][cH+]2)[CH-][CH+]1)CC1CC1,-4.658631324768066
guided,Clc1ccccc1[C@H](c1cccc(Br)c1)N1CCNCC1,-10.493203163146973
guided,Nn1c(SCC(=O)Nc2cccc3ccccc23)nnc1C(F)(F)F,-0.9461763501167297
guided,CCOC(=O)N1CCN(CC(=O)Nc2ccc([N+](=O)[O-])cc2C(=O)c2ccc(F)cc2)CC1,-0.620785653591156
guided,S=c1[nH]ccn1-c1ccccc1Oc1ccc(Cl)c(Cl)c1,-9.136361122131348
guided,[CH]O/N=C1/[N-][C+](=O)CS1,-3.3269333839416504
guided,CN(Cc1nc2ccccc2c(=O)[nH]1)S(=O)(=O)c1ccc(Cl)cc1,-0.8657116889953613
guided,[O-][S+2]1(C[c+]2[cH-][cH+][cH-][cH+][cH-]2)NCC[C-]2[CH-][CH+][CH-][CH+][C-]21,-5.8555827140808105
guided,NNC(=O)c1cc2cc(Oc3cccs3)ccc2[nH]1,-1.1424576044082642
guided,O=C(NCCO)/C(=C\C=C\c1ccc2c(c1)OCO2)NC(=O)c1cccs1,-0.3934202492237091
guided,Brc1ccc(Nc2nn3c([s+]2)CC2=CC=CC4=CC=CC(=C3)[C-]42)cc1,-9.250683784484863
guided,NS(=O)(=O)c1ccc(NC(=O)N2CCOCC2)cc1,-0.33713850378990173
guided,CC[C@@](C)(OCCC(=O)N(CC(=O)NC1CCCC1)c1ccccc1)C(=O)O,-0.7482436895370483
guided,CC(C)S(=O)(=O)N1CCC(C(=O)NCC2(N(C)C)CCCCC2)CC1,-1.6808465719223022
guided,c1cncc(CNCc2ccco2)c1,-5.2753496170043945
guided,Cc1ccc(N[C@@H]2c3ncccc3C(=O)N2c2ccccc2)cc1S(=O)(=O)N1CCOCC1,-0.916030764579773
guided,COc1cccc(OC(=O)c2cc(Br)ccc2OC(=O)c2cccs2)c1,-4.024827003479004
guided,O=C1C(=O)c2ccccc2C(=O)/C1=C(/O)c1cccc(OCc2c(Cl)cccc2Cl)c1,-3.2711429595947266
guided,NC(=O)Cc1cc2c(cc1[N+](=O)[O-])OCO2,-0.4082885980606079
guided,O=C(O)CCOP([O-])#[N+]c1c([N+](=O)[O-])ccc2c1NCN2,-0.4768289625644684
guided,O=C(O)C(Cc1c[nH]c2ccccc12)C(=O)O,-0.5461344718933105
guided,O=C(NCCCN1CCOCC1)c1nc2ccccc2nc1CC[C@]1(Cc2ccccc2)C(=O)NC(=O)N(c2ccc(Br)cc2)C1=O,-1.6056771278381348
guided,O=S(=O)(c1ccc(O)c2ncccc12)N1CCN(c2ccc(F)cc2)CC1,-1.4215712547302246
guided,Brc1ccccc1/C=N\Nc1nc2ccccc2c2ccccc12,-7.84901237487793
guided,COc1ccccc1N(C[C-]1NN=C2C=C(Cl)C=C[C-]2OO1)S(=O)(=O)C1=[S+2]=C(C)C=C1,-0.7496095895767212
guided,O=[N+]([O-])c1ccc(N(C[C@H](O)CN2CCC(Cc3ccccc3)CC2)S(=O)(=O)c2ccccc2)cc1,-1.4772758483886719
guided,COc1ccc(C(=O)NNC(=O)C2(c3ccccc3)CCCC2)cc1,-2.068551540374756
guided,Clc1ccc2nc[nH]c2c1CN1CCCC1,-6.604038238525391
guided,O=[N+]1[C-]=C(C2=NO[C-](CO)C2)N=[O+]1,-0.8480091691017151
guided,O=C(NCCCN1CCOCC1)C1(c2ccccc2)CCCC1,-4.794699668884277
guided,S=c1[nH]nc(COc2cccc(Cl)c2)o1,-3.8697338104248047
guided,CCCCCC(=O)NC(C(=O)OC)C(=O)OC,-0.8590329885482788
guided,CC(=O)c1cccc(OC[C@@H](O)CN2CCOCC2)c1,-2.40385103225708
guided,COc1cc(Br)cc2cc(C(=O)NCCCn3ccnc3)c(=O)oc12,-0.8013759851455688
guided,CN(C[C@H](CC1CCCCC1)N(C[C@H](Cc1ccccc1)N(CCc1ccccc1)N=O)N=O)N=O,-3.188823938369751
guided,NC(=O)CS(=O)(=O)c1nc(-c2ccc(Br)cc2)c(-c2ccccc2)o1,-0.7781445384025574
guided,N#CN/C(=N/c1cc(F)cc(F)c1)S[C@@](O)(c1ccccc1)c1cccc(F)c1,-3.3604557514190674
guided,[O-]n1[cH-][cH+][cH-][cH+][c+]1SC[C+]1[CH+][C-](Cl)[N-][C][N-]1,-3.5211477279663086
guided,[OH-],-7.230311870574951
guided,Fc1ccc(-n2c(SCCN3CCOCC3)nnc2-c2cccs2)c(F)c1,-5.2247443199157715
guided,CCn1c(COc2cccc3cccnc23)nnc1SCC(=O)N1CCc2ccccc2C1,-2.3121697902679443
guided,O=C1NC(=S)NC(=O)C1=Cc1ccc(S(=O)(=O)NCCCCCn2ccnc2)cc1,-0.31461524963378906
guided,C[C@@H]1CN(C(=O)Cc2ccc(F)cc2)C[C@H](C)O1,-6.7239203453063965
guided,COc1ccc(C(=O)NCc2ccco2)cc1,-3.416175127029419
guided,[O-][C+]1[N-][C][C+]2CCCO[C-]([C][C][C+]3[CH+][CH+][CH-][CH+][CH-]3)[C+]2[C-]1O,-1.974867820739746
guided,OCCNc1ccccc1NCc1ccccc1,-4.59047794342041
guided,Cc1ccc(S(=O)(=O)n2nccc2[C@@H](C)OC(=O)Nc2cccc([N+](=O)[O-])c2)cc1,-1.1612465381622314
guided,O=C(Nc1ccc(S(=O)(=O)N2CCOCC2)cc1)c1cc(S(=O)(=O)N2CCOCC2)ccc1Cl,-0.3651825487613678
guided,CCOC([C-]([O-])[N-][C+]([CH+][c+]1[cH-][cH+][cH-]o1)N1CCOCC1)[c-]1[cH+][cH-][cH+][cH-][cH+]1,-1.5718052387237549
guided,CCCCOc1ccccc1/C=N/NC(=O)[C@@H](C)Oc1ccc(Cl)cc1,-3.7461416721343994
guided,CC[S+2]([O-])([O-])[c-]1[n-]n2[c+]([NH-])[c+]([CH+][CH-][c+]3[cH-][cH+][c-](OC(F)F)[c+](OC)[cH-]3)[c+]([O-])[n-][c+]-2s1,-0.6537976861000061
guided,[O-][C+]1OC2([CH-][C-]1[C+](O)[c-]1[cH+][cH-][c+]3[c-]([cH+]1)OCO3)CCCCC2,-1.565406084060669
guided,S=C(NCc1ccccc1)N1CCOCC1,-7.517996311187744
guided,O=S(=O)(c1ccc(Cl)cc1)N1CCN(C[C@H]2CC=CCC2)CC1,-5.269747257232666
guided,CCOc1ncccc1C(=O)Nc1ccccc1NC(=O)CNC(C)=O,-0.32543128728866577
guided,COCC(=O)N/N=C(\C)CC(=O)NCc1ccccc1,-0.8317446112632751
guided,O=C(Cc1ccccc1)c1ccc2c(c1)OCCO2,-5.919915199279785
guided,COc1cc2c(CN3CCN(Cc4ccccc4)CC3)cc(=O)oc2cc1O,-2.083962917327881
guided,Cc1cc(C)nc(N2CCC(C(=O)Nc3ccc(OC(F)F)cc3)CC2)n1,-2.394742012023926
guided,O=C(N/N=C/c1cn(-c2ccccc2)nc1-c1cccs1)c1cc([N+](=O)[O-])cc([N+](=O)[O-])c1,-1.5371853113174438
guided,O=C(COc1ccccc1)NC(=O)NCCS(=O)(=O)c1ccccn1,-0.2564874291419983
guided,C/C(=N\NS(=O)(=O)c1cccc(NC(=O)C(F)(F)F)c1)c1ccc(C)o1,-0.6991379857063293
guided,C[C-](C)[C+]1CC[C+]([CH+][CH-][c+]2[cH-][cH+][cH-][cH+][cH-]2)N(C[C-]([O-])N(C)CCO)C1,-3.644458055496216
guided,N#Cc1ccc(Cc2ccc(CN3CC[C@H](c4ccc(C(F)(F)F)cc4)C3)cc2)cc1,-10.2845458984375
guided,N#Cc1cc(C(F)(F)F)sc1NC(=O)COC(=O)CSc1nnc(N)s1,-0.5748505592346191
guided,[O][P](N[C]1[CH][CH][C](N([O-])[O-])[CH][C]1Cl)([C]1[CH][CH][C](F)[CH][CH]1)[C+]1[CH][CH][C](O)[CH][CH]1,-1.5224539041519165
guided,[NH-][c+]1[cH-][cH+][cH-][cH+][c-]1[C+]1[C][C+]2[C+]([C][N-][c+]3[n-][c+]4[c-](Br)[cH+]s[c-]4n32)CC1,-5.588265419006348
guided,COc1ccc2nc(N)nc(-c3ccccc3)c2c1,-2.5521976947784424
guided,O=C(O)c1ccc(COc2ccccc2F)o1,-2.7314062118530273
guided,COC1=C(C)[S+]=C/C1=C(/[O-])Nc1ccc(C)c(S(=O)(=O)N(C)C)c1,-0.7760610580444336
guided,COC(=O)N1C(=O)[C@@](CC(C)C)(c2ccc(F)cc2)N1C(=O)OC,-1.4237514734268188
guided,COC[CH-]N([CH+][c-]1[c+](O)[cH-][cH+][c-]2[cH+][cH-][cH+][cH-][c+]12)[C+]([O-])N[c+]1[cH-][cH+][c-](OC)[cH+][cH-]1.[H+],-1.4678112268447876
guided,O=C(NNS(=O)(=O)c1ccc(Cl)cc1)c1cnn(-c2ccccc2)c1-n1cccc1,-0.7578486800193787
guided,Cc1nn(C)c(=O)c2nn(S(=O)(=O)c3ccccc3)c(C)c12,-0.5146337151527405
guided,COCCCNC[C@H]1[C@@H](Oc2ccc(Cl)cc2)C(=O)N1CCc1ccccc1,-3.8789637088775635
guided,O=C(NC1CCCCC1)N1CCc2c([nH]c3ccccc23)C1,-4.515174865722656
guided,CC(=O)c1cn(CC(=O)N2CCCCC2)c2ccccc12,-4.861278057098389
guided,CCc1cc(Br)cc(SC)c1,-13.86038875579834
guided,Cc1ccccc1OS(=O)(=O)c1ccccc1C,-4.843883991241455
guided,Cc1cccc(Cc2nnc(CCC(=O)N(CC(C)C)C(C)C)o2)c1,-3.3986825942993164
guided,CCOc1cc(-c2noc(-c3ccoc3SC)n2)cc(OCC)c1OCC,-2.679321527481079
guided,O=C1C[C@@H](c2ccccc2)CC(O)=C1/C=N/CCN1CCN(c2ccccc2)CC1,-3.666447639465332
guided,COCC(C)N[C-]([O-])C1C[C+]([O-])N([C+]2[CH+][CH-][CH+][CH-][C+]2[C][O-])C1,-0.5039340257644653
guided,O=c1[nH]cc([N+](=O)[O-])c(=O)[nH]1,-0.6668070554733276
guided,COC(CNC(=O)c1cccc(NC(=O)C(C)C)c1)OC,-1.0331264734268188
guided,COc1ccccc1OCCCCN1CCNCC1,-5.842861175537109
guided,COc1ccc(S(=O)(=O)N2CCN(CC(=O)Nc3cccc(F)c3)CC2)cc1OC,-0.46406325697898865
guided,CCO[C]1[CH][C]([CH+][N]N[C]([O])[C]2[CH][CH][N][CH][CH]2)[CH][CH][C]1O[C]([O])[C]1[CH][CH][C](N([O-])[O-])[CH][CH]1,-0.625359058380127
guided,NS(=O)(=O)c1ccc(CNC(=O)COC(=O)/C=C/c2ccccc2Cl)cc1,-0.3815385401248932
guided,Cn1nnnc1SCC(=O)N1CCCCCC1,-2.045978546142578
guided,CCOCC1(CC[C+]([O-])OCCN2CCCC2)[CH-]C(C)N[C+]1[O-],-0.9682913422584534
guided,S=C(Nc1ccccc1Cl)NC1CCCCCC1,-9.006660461425781
guided,O=C(NC1CCCCCC1)c1cc(S(=O)(=O)N2CCOCC2)ccc1Cl,-1.5457075834274292
guided,CNCCOCO[C-]1[CH+]O[C-](C(O)CO)C(O)C(O)CO1,-0.5148097276687622
guided,O=C(CCC(=O)NC1CCCCC1)N/N=C/c1ccc[nH]1,-0.7052549123764038
guided,CCN(CC)CCN(C(=O)c1ccc2ccccc2c1)c1nc2c(OC)cccc2s1,-6.36154317855835
guided,FC(F)(F)c1nc(N2CCN(Cc3ccc(Cl)cc3)CC2)nc2c1CCCCC2,-7.786895275115967
guided,NS(=O)(=O)c1ccc(S(=O)(=O)NC[C@@H]2CCCO2)cc1,-0.3885042667388916
guided,C/C(O)=[N+]1\CCc2cc([S@](#[O+])([O-])N[C]C(=O)/[NH+]=[C-]\c3c#c[c-]c4c3C=C[CH+]=[C-]4)c#cc21,-0.37582769989967346
guided,O=C(C[C@H](CN1CCCCC1)C(=O)O)c1ccc(F)cc1,-2.9199326038360596
guided,COc1ccc(/C=C/C(=O)Nc2ccccc2C(=O)O)cc1COc1cccc2ccccc12,-3.3617663383483887
guided,O=C(/C=C/c1ccc2c(c1)OCO2)N/N=C/c1cn(-c2ccccc2)nc1-c1cccs1,-2.361710548400879
guided,[O-][C-]1[c+]2[cH-][cH+][cH-][cH+][c-]2[C-]2[CH-]C(N3CCOCC3)CC[S+3]23([O-])O[O+]13,-1.187845230102539
guided,COC(OC)[C@@H](NS(=O)(=O)c1ccc2c(c1)oc(=O)n2C)C(=O)N[C@@H](C)c1ccccc1,-0.2352931648492813
guided,[O-][C][C+]1[N-]N([C+]2[CH+][CH-][CH+][CH-][CH+]2)C2[C+]([O-])N(C[C+]3[CH+][CH-][CH+][CH-][CH+]3)[C-]([O-])C12,-0.6342087984085083
guided,NNC(=O)Cn1nnc(-c2cccs2)n1,-0.4083758294582367
guided,CN[P+](N1CCOCC1)(N1CCOCC1)N1CCOCC1,-3.735811948776245
guided,[H]/N=C(/N)NN,-1.040366530418396
guided,CCOc1cc(S(=O)(=O)N2CCCCC2)ccc1F,-4.167961120605469
guided,S=C(Nc1ccc(N2CCOCC2)cc1)Nc1ccc2nccnc2c1,-2.674025535583496
guided,COc1ccc(-c2cc(C)c3c(=O)[nH]c(C(F)(F)F)nc3n2)cc1CO,-0.8787710666656494
guided,Cc1nc(NC(=S)NC(=O)c2ccccc2)c(Cl)cc1Cl,-3.9749271869659424
guided,CN(C)CCOc1cccc2c(=O)n(-c3ccc(CC#N)cc3)c(=O)ccc12,-1.2081202268600464
guided,COc1cc(/C=N\NC(=O)OC(C)(C)C)cc(Cl)c1OCC(N)=O,-0.47946909070014954
guided,O=S(=O)(NC[C@@H](Cc1ccco1)OCc1ccc(F)cc1)c1ccccc1,-2.303215503692627
guided,O=c1[nH]c2ccc(OCOCCO)cc2cc1Cn1c#cc(=O)n(-c2ccc(F)cc2)c1=O,-0.29554975032806396
guided,FC(F)O[c-]1[cH+][cH-][c+](C[C][C][C+]2[CH+][N-][C+]([c-]3[cH+][cH-][cH+][cH-][cH+]3)S2)[cH-][cH+]1.[H+],-10.131505966186523
guided,[CH2-]CCN(C#[S+])[C@H](c1ccccc1)c1nnn(C[C@H]2CCCO2)n1,-2.8374557495117188
guided,CC(=O)c1cccc(CC[C@@H](C)C(=O)O)c1,-3.2921884059906006
guided,O=C1/C(=C/c2cc[c-]cc2)SC(=S)N1[C@H]1CC[C@H](C(=O)c2cccnc2)CC1.[H+],-5.020916938781738
guided,C/[S+]=C1\C=CC=C\C1=C(/[O-])NC(=S)N(C)C1CCCCC1,-5.352097988128662
guided,NCCC(=O)O,-2.407682180404663
guided,NS(=O)(=O)c1ccccc1,-2.387500047683716
guided,C[CH-]OCCCN1[C+]([O-])[c+]2[cH-][cH+][c-]([S+2]([O-])([O-])N(C)[c+]3[cH-][cH+][cH-][cH+][cH-]3)[cH+][c-]2[C+]1[O-],-0.2609510123729706
guided,C[c-]1[cH+][cH-][cH+][c-](C(C[C+]([O-])O)N[C-]([O-])C2[CH+][CH+][CH-]CC2)[cH+]1,-0.9691333770751953
guided,COc1ccc(-c2cc(N)n(S(=O)(=O)c3cccc(C)c3)n2)cc1OC,-0.6091929078102112
guided,Cc1ccc(SCCNS(=O)(=O)c2cccc([N+](=O)[O-])c2)cc1,-0.935784637928009
guided,[CH2-]NC[C+]([O-])N1CCN([c+]2[cH-][cH+][cH-][cH+][n-]2)CC1,-2.7431585788726807
guided,CCO[c+]1[cH-][c+]2[c-]([cH+][c-]1OCC)[C+]([O-])[C+](N)C2[C-]1[C+](O)[N-][C+](SC)N[C-]1[O-],-0.37457484006881714
guided,CCc1cc(=O)oc2cccc(OCC(=O)N3CCC(c4nc5ccccc5o4)CC3)c12,-1.8060321807861328
guided,O=C1/C(=C2\C(O)=Nc3ccccc32)SC(=S)N1CCCS(=O)(=O)O,-0.5118580460548401
guided,CN(C)c1ccc(CNC[C@@H]2CCCO2)cc1,-7.596405506134033
guided,CO[C][C+]([C+](C)[O-])[c-]1[c+]([O-])[c+]([O-])[c-]2[c+](C)[cH-][cH+][c-]2[c+]1[O-],-0.34848931431770325
guided,O=C(CC(c1ccccc1)c1ccccc1)NCCO,-3.7407703399658203
guided,CN(C1CCCCC1)S(=O)(=O)c1ccc2[nH]c(=O)ccc2c1,-1.7137385606765747
guided,Cc1oc(-c2cccc(Cl)c2)nc1CN1CCC(C(=O)NCCCN(CC#Cc2ccccc2)Cc2ccccc2)CC1,-5.99906587600708
guided,CN(C)[C@@H](Cc1c[nH]c2ccccc12)c1cccnc1,-6.776001453399658
guided,[H]/[O+]=C1\OO[C-](C)OC[C@H]1c1ccccc1OCC,-2.667510747909546
guided,CO[C@H](C(=O)N/N=C/C1=C(N2CCOCC2)/C(=C\c2ccccn2)CC1)c1ccccc1,-1.641438364982605
guided,COc1cc(S(=O)(=O)N2CCOCC2)c(OC)cc1Br,-1.8957569599151611
guided,COCCNC(=O)[C@@H](c1ccc(O)cc1)N(C(=O)CCC(=O)Nc1nccs1)c1ccc(C)cc1,-0.9788880944252014
guided,Nc1cn(-c2ccc3c(c2)OCCO3)nn1,-1.1301676034927368
guided,CCO[C]([O])CC(NS([O])([O])[C]1[CH][CH][C](N([O-])[O-])[CH][CH]1)[C+]([O])OC,-0.5513208508491516
guided,C/[O+]=C1/C=C=C(/N=C/Nc2ccccc2C([O-])=S)C=C1,-2.5266165733337402
guided,COP(=O)(C[P@](=S)(N(C)Cl)N(C)N(C)C)OC,-4.405032157897949
guided,COc1cc2c(cc1NC(=O)c1ccc3c(c1)OCO3)oc1ccccc12,-2.9240894317626953
guided,O=S(=O)(c1ccccc1)c1nc(-c2ccccc2Cl)oc1NCc1ccccc1,-3.709449291229248
guided,C/C(=N\NC(=O)Cc1ccccc1)c1ccc(Cl)s1,-5.362117290496826
guided,N[CH-]CNc1[s+]nc(-c2ccccc2)n1-c1ccccc1,-3.465160846710205
guided,[H]/[C-]=[O+]\c1c(C(=O)n2nc(C)cc2C)n[nH]c1-c1cc(Br)cs1,-1.8614749908447266
guided,COCCNC(=O)[C@@H](C)N(C(=O)Cc1ccco1)c1ccc2ccccc2c1,-1.7973116636276245
guided,CCOc1cc(S(=O)(=O)NCC2CCCCC2)c(OCC)cc1-n1cnnn1,-0.5605661273002625
guided,CN(CC(=O)Nc1ccccc1Br)Cc1nc2ccccc2c(=O)[nH]1,-1.19497811794281
guided,CCc1ccccc1/N=C/c1cc(OC)c(-c2ccc(N3CCOCC3)c(OC)c2)o1,-4.703381061553955
guided,Fc1ccc(SCC[C@H]2CCCCN2)cc1,-10.810120582580566
guided,CCOC(=O)NS(=O)(=O)c1cc2c3c(c1)[C@@H](C)C(=O)N3CCC2,-0.4890739619731903
guided,S=C1CCCN1CC1CCN(Cc2ccccc2)CC1,-11.943814277648926
guided,CC1=C(C)/C(=C(/N)[O-])C(NC(=O)c2ccc(C(=O)c3ccc(Cl)cc3C)cc2)=[S+]1,-0.6685209274291992
guided,COc1ccc(F)cc1C(=O)NC[C@@H](c1ccccc1)N1CCN(c2ccc(F)cc2)CC1,-5.3453474044799805
guided,CC(C)Nc1nc2c(c(=O)n(C)c(=O)n2C)n1Cc1ccccc1,-1.1478971242904663
guided,COC(C[C@@H](O)CCCOc1ccccc1)OC,-3.8865487575531006
guided,Cc1c(C(=O)N2CCOCC2)c2c(c(=O)n(C)c(=S)n2C)n1Cc1ccccc1Cl,-2.5868303775787354
guided,[CH2+]NCC1C[C-]1[C+]1[C][CH+][C-](C)[CH+][CH-]1.[H+],-10.350019454956055
guided,Cc1ccc(-c2c[s+]c3nc4cc/c(=C(/[O-])NC5CCCCC5)cc4c(=O)n23)cc1,-2.042323112487793
guided,S=C(NCCCN1CCOCC1)NC1CC1,-5.477872848510742
guided,Cc1cc(C)c2[nH]c3nc(SCC(=O)O)nnc3c2c1,-0.6738693714141846
guided,CC(=O)c1ccc(N2CCN(C(=O)CCS(=O)(=O)c3ccc(C)cc3)CC2)cc1,-1.4612494707107544
guided,CCOc1ccc(/C=N/N(C)c2ccccc2)cc1OC,-6.518336772918701
guided,Cn1ncc2cc(Cl)ccc21,-9.042203903198242
guided,CCOc1ccc(NC(=O)CCCN(Cc2ccc3c(c2)OCO3)C(=O)C2CCCCC2)cc1,-3.0799736976623535
guided,FC(F)Oc1ccc2c(c1)O/C(=C\c1ccccc1)C2,-9.947193145751953
guided,N#CCCCCNC(=O)c1cc2cc3cc(CCCCCN4C(=O)[C@@H]5CCCN5C4=O)ccc3nc2s1,-2.335740327835083
guided,COc1cccc(C(=O)N2CCCc3ccccc32)c1,-7.135878562927246
guided,[O-][C][C+]1[C+](O)[C-]([O-])N(CCN2CCOCC2)C1[C+]1[CH+][CH-][CH+]O1,-0.5674378871917725
guided,Brc1ccc(OCc2nnc(SCCN3CCCC3)n2Cc2ccco2)cc1,-4.125685691833496
guided,[O-][S+2]([O-])(C[CH-]CO)[c-]1[cH+][cH-][cH+][cH+][n-]1,-0.8848051428794861
guided,FC(F)(F)c1cccc(-c2nc(-c3cccs3)no2)c1,-6.4832539558410645
guided,CC(C)C(=O)Nc1cc(C(=O)NCCN2CCCCCC2)ccc1Cl,-3.001600503921509
guided,O=C(NCC[N-]CCN/C=C(\C#[O+])C(=C=CCc1ccccc1)N1CCN(c2ccccc2)CC1)c1ccco1,-1.6715489625930786
guided,O=C(CN1C(=O)Cc2cc3c(cc21)OCO3)N1CCN(C(=O)c2cccs2)CC1,-0.8593080043792725
guided,CN(C)CCn1c(NCc2ccc(F)cc2)nc2ccccc21,-6.516743183135986
guided,FC(F)(F)c1ccc(NNc2nc(-c3cccs3)nc3c2CCC3)nc1,-3.6535139083862305
guided,CC(=O)c1ccc2nc(C(F)(F)F)[nH]c2c1,-4.497905731201172
guided,[H+].[O-]P(Nc1ccccc1Cl)OC1(C2CC2)OCCO1,-2.4192559719085693
guided,CC(C)Oc1ncccc1C(=O)Nc1ccc(F)cc1F,-3.998457193374634
guided,Cc1cc(C)cc(CN2C(=O)N/C(=C/c3cccs3)C2=O)c1,-4.256547451019287
guided,COc1ccc2[nH]c(=O)c(CN(CCc3ccc4c(c3)OCCO4)C(C)=O)cc2c1,-1.167846918106079
guided,COc1cc(S(=O)(=O)NCc2ccco2)ccc1Br,-1.8242589235305786
guided,Cc1oncc1C(=O)Nc1ccc(C(=O)Nc2ncc[nH]2)cc1,-0.49282392859458923
guided,Cc1ccc(OC[C@@H](O)CNCc2ccc(OC(F)F)cc2)cc1C,-4.083676815032959
guided,N#CN/C(=N/c1cc(Cl)c(O)c(Cl)c1)SCc1cccnc1,-1.9810863733291626
guided,COCCN(C(=O)CNC(=O)c1ccc(-c2ccccc2)n1C)[C@H](C(=O)NC[C@H]1CCCO1)c1cccnc1,-0.4519506096839905
guided,Cc1ccccc1C(=O)N[C@H]1CCSC1=O,-4.05048131942749
guided,Cl[C+]1[CH+][c+]2[n-][n-]n(OOC3CC[c+]4[cH-][cH+][cH-][cH+][c-]43)[c+]2[C][C-]1Cl,-3.5760483741760254
guided,CCC(=O)N/C(N)=N/c1nc2ccccc2o1,-0.3588351607322693
guided,O=C(NO)c1ccc2c(c1)OCO2,-1.7059648036956787
guided,COc1cccc(-c2nnc(SCC(N)=O)n2-c2ccccc2C)c1,-1.0103871822357178
guided,CO/[C-]=C/C=C\[C-]=[N+](/C)C1=C=C/C(=[O+]\C)C(Br)=C1,-8.016609191894531
guided,[OH-],-7.230311870574951
guided,C=C1[CH-]C(=O)N(C)C2=N[C]/C(=C(\[O-])[C+]3=CC=C(Cl)C=C3)N12.[H+],-2.5906548500061035
guided,O=S(=O)(NCCSc1ccccc1)c1ccc(Cl)cc1,-4.641193389892578
guided,O=C(CCN1C(=O)[C@@H]2Cc3ccccc3CN2C1=O)OCC(=O)c1ccccc1,-0.8005730509757996
guided,O=[N+]([O-])c1cc(Cl)c(N2CCOCC2)cc1NC[C@@H](Nc1ncccn1)c1cccc(P(=O)(O)O)c1,-0.7006270885467529
guided,COCCNC(=O)[C@@H](Cc1c[nH]c2ccccc12)NC(=O)[C@@H]1CCCN1,-0.3260335326194763
guided,[N-2][C][CH+][C+]1[N-][C+]2[CH+][CH-][CH+][CH-][C+]2[N-][C+]1N1CCN(C[c-]2[cH+][cH-][cH+][cH-][cH+]2)CC1,-3.524747610092163
guided,O=C(NCCc1ccc(F)cc1)c1ccc(NC(=O)c2ccc(Br)cc2)cc1,-4.3077850341796875
guided,CC(=O)[C@@]1(c2ccccc2)CCN(C(=O)Cc2cn3c(C)csc3n2)C[C@@H]1C,-3.7189788818359375
guided,NC(=O)Cn1c(=O)n(Cc2ccccc2F)c(=O)c2cccnc21,-0.2490246742963791
guided,CC[C@@H](Oc1ccccc1)C(=O)Nc1cccc(Cl)c1,-6.247824192047119
guided,CN1[CH][N][C](N([O-])[O-])[C]1S[C+]1[CH][CH][C]2[CH][CH][CH][CH][C]2[N]1,-0.9409217238426208
guided,COc1ccccc1C1CCN(CC[C@@H](c2cccc(C(F)(F)F)c2)n2nccc2NC(=O)C2CC2)CC1,-5.573941230773926
guided,[NH-]C12[N-]CC3([O-])[N+]14[C@@]1([C-]=C(C(=O)N[C@@H](NC(=S)Nc5ccc(Cl)cc5Cl)C(Cl)(Cl)Cl)[CH+]C=C1)[S@@+2]324,-1.0655959844589233
guided,O=C(O)c1cccnc1SCCc1ccc(F)cc1,-4.064237117767334
guided,Fc1cc(Cl)ccc1NC1=NCCCCC1,-8.629542350769043
guided,COc1cc(COc2ccccc2C)cc(OCc2nn[nH]n2)c1,-1.011845350265503
guided,Clc1cn[c-]n1/C=C\C=[N+]1CCN(c2cccc3ccccc23)CC1,-8.27434253692627
guided,O=C(Nc1c(C(=S)Nc2ccccc2)oc2ccccc12)c1ccco1,-3.6127419471740723
guided,Cn1cccc1C(=O)NC(=O)CSc1nnc(-c2ccccc2)n1C1CC1,-0.9967671036720276
guided,C/C(N)=C(/C#N)C(=O)COC(=O)c1ccc(OC(C)C)cc1,-0.45171889662742615
guided,CCOCCc1nnc(NC(=O)c2ccccc2SC)s1,-2.4271373748779297
guided,O=NC1=C(c2cccnc2)SCC1,-4.8967719078063965
guided,CCn1nnnc1S[C@H](C)C(=O)Nc1ccccn1,-0.5929783582687378
guided,CCCC(=O)NCc1ccccc1Cl,-7.05317497253418
guided,[F-],-5.0
guided,CCOCc1nnc(NC(=O)Cc2cccc([N+](=O)[O-])c2)s1,-0.49144047498703003
guided,O=c1[nH]c2ccccc2nc1-c1cc(Cl)cc(Cl)c1,-5.034754276275635
guided,O=C(OCC(=O)N1CCc2c([nH]c3ccccc23)[C@H]1c1ccccc1)c1ccccc1O,-1.9391138553619385
guided,COCc1[nH]nc2c1[C@@H](c1cc(OC)c(O)c(OC)c1)C(C#N)=C(N)O2,-0.37070247530937195
guided,[O-][C][c+]1[cH+][cH-][c+]2[nH][c-]([O-])[c+]3[cH-][cH+][cH-][c+]1[c-]23,-2.192091941833496
guided,CC(=O)c1ccccc1OC(=O)c1ccco1,-3.010735273361206
guided,COC(=O)CSc1nnc2c(n1)[nH]c1ccccc12,-0.8258925676345825
guided,N#Cc1c(S(=O)(=O)Cc2ccccc2)nc2ccccn2c1=O,-0.3995159864425659
guided,[CH][C-]([CH+][CH2-])[C+](N[C-]([O-])N[C+]1[CH+][CH-][CH+][CH-][CH+]1)[C-](C)[CH+][c-]1[cH+][cH-][cH+][cH-][cH+]1.[H+],-4.113791465759277
guided,C[C@@H]1CCc2ccccc2N1C(=O)Cn1c(=O)n(CCC(=O)NCc2ccccc2)c(=O)c2sccc21,-0.9435014724731445
guided,[O-][C+](O[CH-][C+]([O-])[c-]1[c+](O)[cH-][cH+][c-]2[c+]1C(O)C(C1CCC(C[C+]3[CH+][CH-][CH+]O3)[C-]([O-])O1)C2)[c+]1[cH-][cH+][cH-][cH+][cH-]1,-0.3430998623371124
guided,O=C1NC2(CCCCC2)Oc2c1ccc1ccccc21,-5.900579452514648
guided,Cc1[nH]c2ccc(C(=O)O)cc2c1CCN,-1.0410696268081665
guided,Cc1cc(F)ccc1N(C)S(=O)(=O)c1cccs1,-5.752730846405029
guided,Cn1cnc(S(=O)(=O)N2CCN(C(c3ccccc3)c3ccccc3)CC2)c1,-2.681680679321289
guided,Cc1cccc(NC(=S)NCCCn2ccnc2)c1,-4.870787620544434
guided,[H+].[H]/[C-]=[N+]1/c2ccccc2N=C2[C-]1N(S(=O)(=O)[c-]1ccc[s+]1)C13N=C1[N@+]23[C@H](Cc1ccccc1)O[C-]=O,-0.8255475163459778
guided,S=c1[nH]nc(COc2ccccc2)n1Cc1ccccc1,-5.210643768310547
guided,S=C(NCc1ccccc1)N1CCOc2ccccc21,-7.902141094207764
guided,COC[CH-]N(C)C1CCN(C(=O)c2cccc(F)c2)CC1.[H+],-6.162158966064453
guided,COCCOC(=O)[C@@H](C)Oc1ccc(OC(F)F)cc1,-3.1921494007110596
guided,NNCc1cnc(-c2ccccc2)s1,-3.419741153717041
guided,O=S(=O)(CCN1CCCCC1)c1ccc(OC(F)F)cc1,-4.19998025894165
guided,[H]/N=C/C1=C/C(=C/C(=O)O)Sc2ccc(Sc3ccc(C(F)(F)F)cc3)cc21,-5.278456687927246
guided,COP([O-])OC.COc1ccc(NC(=O)/[NH+]=C/c2ccccc2)cc1,-0.31312867999076843
guided,COC(=O)OCOc1c2n(ccc1=O)N(Cc1ccccc1)[C@H]1COCCN1C2=O,-0.282908171415329
guided,CC(=O)Nc1nc(OC(C(F)(F)F)C(F)(F)F)nc(N2CCN(c3ccc(O)cc3)CC2)n1,-0.6732127666473389
guided,[O-]O[c+]1[cH-]o[c+]2[cH-][c+]3[cH-][cH+][cH-][cH+][c-]3[cH+][cH-][c+]2[cH-]1,-4.407176971435547
guided,COCCNCCOc1ccc(C(C)(C)c2ccccc2)cc1,-7.175182819366455
guided,CN(/N=C/c1cnn(-c2ccccc2)c1-c1cccnc1)c1ccccc1,-5.300936222076416
guided,O=S(=O)(Nc1ccc(Cc2ccncc2)cc1)c1ccc(Br)s1,-3.7181174755096436
guided,FC(F)(F)c1nnc(Nc2ccc(Cl)c(C(F)(F)F)c2)s1,-7.237979888916016
guided,Br[C][N-][N-][c+]1[c+]2[cH+][cH-][cH+][cH-][c+]2[c-]2[cH+][cH-][cH+][cH-][c+]12,-9.192041397094727
guided,CC(C)OCCCNC(=O)[C@H]1CC[C@@H](CNS(=O)(=O)c2ccccc2)CC1,-1.0092419385910034
guided,Clc1ccccc1[C@H](c1nnnn1Cc1ccccc1)N1CCN(c2nc3ccccc3s2)CC1,-3.8499605655670166
guided,NS(=O)(=O)c1ccc(NC(=O)Cc2ccc(C(=O)NCCCN3CCOCC3)o2)cc1,-0.2624555230140686
guided,CN(C(=O)c1ccncc1C(=O)Nc1cccc(C(F)(F)F)c1)[C@H]1CCS(=O)(=O)C1,-0.6165112257003784
guided,Cc1ccccc1NC(=O)CSc1nc(CN(C)Cc2cccc(F)c2)nc2c1c(=O)n(C)c(=O)n2C,-0.6081700921058655
guided,O=C(Cn1nc(-c2ccc(Cl)cc2)ccc1=O)N1CCN(c2ccccn2)CC1,-1.4817756414413452
guided,[O-]c1c(-c2cccnc2)[n+]#cn1/N=C\c1ccco1,-0.8081514835357666
guided,O=C(Cc1c(O)c([N+](=O)[O-])cc(Cl)c1Cl)NNC(=S)NCc1ccco1,-0.6281103491783142
guided,O=C(NNC(=S)Nc1ccccc1)c1ccc2ccccc2c1,-3.807736396789551
guided,N/C(Cc1cccs1)=N\OC(=O)COc1ccccc1,-1.3020198345184326
guided,Fc1cccc(CN(CCC2CCCCCC2)Cc2nc(Cc3ccccc3Cl)no2)c1,-8.681742668151855
guided,CCNS(=O)(=O)c1ccc(OC)cc1,-2.84157133102417
guided,CN(C)Cc1ccccc1[C@H](c1ccccc1)c1[nH]c(=O)[nH]c(=O)c1[N+](=O)[O-],-0.47821781039237976
guided,[NH-][C+]([N-]CC[c+]1[cH-][cH+][c-](Cl)[cH+][cH-]1)N[S+2]([O-])([O-])[c+]1[cH-][cH+][cH-][cH+][cH-]1,-1.2861578464508057
guided,O=C(c1ccc(-c2ccc(Br)cc2)o1)N1CCC[C@@H]1CO,-3.6650071144104004
guided,[O-][C][c+]1[nH][c+]2[cH-][cH+][c-](N([O-])[O-])[cH+][c-]2[c+]2[n-][c+]3[cH-][c+](Cl)[cH-][cH+][c-]3[o+]12,-0.7213125824928284
guided,N#Cc1cc(C2CCCCC2)oc1/N=C(/Cl)c1ccc([N+](=O)[O-])cc1,-2.8771839141845703
guided,[CH2-]CON[C+]([O-])[c+]1[cH-][cH+][c+](SC[C+]([O-])N2CCN([c+]3[cH-][cH+][cH-][cH+][cH-]3)CC2)[n-][cH-]1,-0.42407286167144775
guided,O=S(=O)(Nc1nc2c(s1)CCCC2)c1cccs1,-2.874088764190674
guided,NS(=O)(=O)c1ccc(CCNCC(=O)Nc2ccccc2-c2ccccc2)cc1,-0.6387768387794495
guided,ClCc1nc(Cl)cc(/C=C\c2ccccc2Cl)c1-c1ccnnc1,-7.832986831665039
guided,C(=C/c1ccccn1)\c1ccncc1,-7.563279628753662
guided,C=[NH+]CC[C@H](/C([O-])=N\Cc1ccccc1)N(C)S(=O)(=O)c1ccc2c(c1)NC(=O)CC(=O)N2,-0.2844582498073578
guided,CO[c-]1[cH+][cH-][cH+][c-](N[N-][C+]2[C+]([O-])[c-]3[cH+][cH-][cH+][cH-][c+]3[C+]([O-])[C-]2Cl)[cH+]1,-0.8173975348472595
guided,O=C(C1=C(O)C(=O)N(CCN2CCOCC2)[C@H]1c1ccncc1)c1ccco1,-0.33593323826789856
guided,COc1ccc(N2CCN(S(=O)(=O)c3c(C)nc4[s+]cc(C)n4c3[O-])CC2)cc1,-0.46862363815307617
guided,O=C(O)COC(=O)c1ccccc1N1C(=O)c2ccccc2C1=O,-0.38748517632484436
guided,CC(C)(C)c1csc(SCC(=O)Nc2nccs2)n1,-3.692858934402466
guided,COC(C[C@@H](O)CC(=O)[C@@H](C)OCc1ccccc1)OC,-1.9630866050720215
guided,Fc1ccc(NC(=S)N2CCCC2)c(Cl)c1,-10.092698097229004
guided,S=C(Nc1cccc2ccccc12)NN1CCOCC1,-5.567909240722656
guided,Cn1c(=O)c2c(ncn2CC(=O)OCC(=O)NC2CC2)n(C)c1=O,-0.34835296869277954
guided,Cc1ccc(C)c(NC(=O)CNS(=O)(=O)c2ccccc2C)c1,-1.3237764835357666
guided,CCOCc1c(C)c2ccccc2[nH]c1=O,-4.784387111663818
guided,CN(C)S(=O)(=O)c1cccc(NC(=O)Cn2cc(C(F)(F)F)cc(Cl)c2=O)c1,-0.7015154361724854
guided,COc1ccc(/C=N/NC(N)=O)c(C)c1,-1.0525339841842651
guided,CN1CCC[C@H](OC(=O)c2sc3ccccc3c2Cl)C1,-7.4634294509887695
guided,COc1cc(OC)nc(NC(=S)Nc2ccccc2C)n1,-1.8771554231643677
guided,C=c1cc2c(cc1/C([O-])=N/[C@@H](C(=O)OCC(=O)Nc1cccc(S(N)(=O)=O)c1)C(C)C)=[O+]CO2,-0.27828508615493774
guided,COc1ccc(CC(=O)Nc2ccc(N3CCOCC3)cc2)cc1OC,-2.5919747352600098
guided,CNC(=O)NC(=O)COC(=O)CCCSc1nc2ccccc2s1,-0.4466713070869446
guided,[O-][S+]([O-])CCN(C[CH+][CH-][c+]1[cH-][cH+][cH-][cH+][cH-]1)CCO,-1.500603199005127
guided,[O-][S+2]([O-])(NC1CCCC1)[c-]1[cH+][cH-][c+]([C-]([S-])[N-][N-][C][N-][c+]2[cH+][cH+][cH+][cH+][n-]2)[cH-][cH+]1,-1.3591065406799316
guided,Clc1ccc(SCNc2ccccc2Cl)cc1,-12.160833358764648
guided,S=C(Nc1ccccc1Cl)N(CCN1CCOCC1)Cc1ccccc1,-7.8395538330078125
guided,COc1ccc(NC(=O)C(=O)NCC(=O)Nc2ccc(F)cc2)cc1Cl,-0.464528888463974
guided,C[C-](C)CN(CC1CCC([C+]([O])O)CC1)[C]([NH-])[S],-2.7939391136169434
guided,C[C@H](CS(=O)(=O)CC(=O)OCl)C(=O)NCc1ccc(S(=O)(=O)N2CCCC2)cc1,-0.39375144243240356
guided,COCCN(Cc1ccc(CN(C)C)cc1)C(=O)/C=C/c1ccc2c(c1)OCO2,-3.8043549060821533
guided,Fc1ccc(N2CCN(c3nc(Cl)ncc3F)CC2)cc1,-6.45140266418457
guided,CN[C@@H](CC(=O)Nc1ccc(F)c(F)c1)c1ccnc(N2CCOCC2)n1,-0.8876187801361084
guided,CO[C]1[CH][CH][C]([CH][O])[C](O[C]2[CH][CH][C]([C+]([O])[C]3[CH][CH][CH][CH][C]3[C]([O])O)[CH][C]2N([O-])[O-])[CH]1,-0.7895869016647339
guided,CCCN1CCN(CCCNC(=O)c2cc3sccc3n2C)CC1,-4.979370594024658
guided,C[CH-]N[S+2]([O-])([O-])[c+]1[cH-][cH+][cH-]s1,-2.6566731929779053
guided,Cc1nnc(SCC(=O)Nc2cc(S(=O)(=O)N3CCCC3)ccc2Cl)s1,-0.876857340335846
guided,CCOc1cc(C=O)cc(OCC)c1OCC,-4.5468831062316895
guided,COC(=O)/C(C#N)=C\c1ccc(OC)c(OC)c1,-1.6539037227630615
guided,[CH2-][P+]([O-])(N[c+]1[cH-][cH+][c-](N(C)C)[cH+][cH-]1)O[c+]1[cH-][cH+][c-](C)[cH+][cH-]1,-4.482879638671875
guided,CCOc1ccc(C2=N/C(=[NH+]/C(=O)/C=C/c3cccc(N([O-])[O-])c3)[S+]=C2)cc1,-0.2804073691368103
guided,C[C][C+]([C-]([O-])[C+]1[CH+][CH-][CH+]S1)[C-]1[N-]N[C+]([S-])N1[C+]1[CH+][CH-][CH+][CH-][CH+]1,-3.386481761932373
guided,COc1ccc([C@H]2OC(=O)c3c(C)cc(C)cc3O2)cc1OC,-3.7672948837280273
guided,O=S(=O)(Oc1cccc2cccnc12)c1cccs1,-3.157761812210083
guided,CO[C-]([O-])[N-][C+]1[N-][C+](CC(C)C)[N-][C+]2[C+]1[N-][C+]1CCCCCN12,-1.2946500778198242
guided,CCOc1ccc(NS(=O)(=O)c2c(C)noc2C)cc1,-0.9977458119392395
guided,Oc1ccc(Cl)cc1-c1cc(-c2ccc(Cl)cc2)n[nH]1,-5.393929958343506
guided,O=[N+]([O-])c1ncccc1OCc1ccccc1Br,-2.499415159225464
guided,CCCCCCC1=CC2=CC(=O)[C@@](C)(OC(=O)CC)C(=O)C2=CN1CCCOC(C)C,-3.0705068111419678
guided,CCC/[S+]=c1\nc2c(cnn2-c2ccc(F)cc2)c([O-])n1N,-0.6494663953781128
guided,O=C1C(=O)N(Cc2cccnc2)[C@H](c2ccccn2)/C1=C(/O)c1ccc(F)cc1,-1.2324446439743042
guided,CC(=O)c1cc(CC=C(C)C)c2c(c1)OC(=O)[C@@H](C)O2,-3.701826572418213
guided,CCN(CC)S(=O)(=O)C1=Cc2c(ccc3ccccc23)OC1(C)C,-4.978452205657959
guided,Clc1ccc(CN2CCC(CC[CH-]CC3=[N+]=C=C/C=C\C=C=N3)CC2)c(Cl)c1,-8.67924690246582
guided,CN(C)S(=O)(=O)c1cccc(NC(=O)Cn2c(=O)oc3ccccc32)c1,-0.2405693531036377
guided,CCOc1ccc(S(=O)(=O)NCCC(=O)O)c2cccnc12,-0.30946049094200134
guided,COc1cccc(OCCNC(=O)CCN2C(=O)COc3ccc(C)cc32)c1,-1.1125462055206299
guided,O=C(NNC(=S)Nc1ccc(Cl)cc1)C1CC1,-3.2990336418151855
guided,CC(C)NS(=O)(=O)c1ccc2nc(NC(=O)c3cccc(S(=O)(=O)N(C)C)c3)sc2c1,-0.5315743088722229
guided,O=C(N/N=C/c1cccs1)c1cc2oc(=O)c3ccccc3c2s1,-2.2449514865875244
guided,O=C(/C=C/c1ccco1)NC(=S)NNC(=O)COc1ccccc1,-0.3406086266040802
guided,S=C(NCCc1ccccc1)N/N=C/c1ccccc1Cl,-6.092041015625
guided,Nc1ccccc1Sc1ccc2ccccc2c1S(N)(=O)=O,-1.1115612983703613
guided,[H]/N=C(\C)NCc1cccc(C(F)(F)F)c1,-6.010568618774414
guided,CN(C)CC(C)(C)CNS(=O)(=O)c1ccc(Cl)s1,-3.736804723739624
guided,[CH2-]N[S+2]([O-])([O-])[c+]1[cH-][cH+][cH-][c+]2[cH-][cH+][cH-][n-][c+]12,-1.3037585020065308
guided,O=C(c1ccc(F)cc1)C1CCN(Cc2ccc3ccccc3c2)CC1,-10.278114318847656
guided,ClC[C@H](COc1ccccc1)Sc1ncn[nH]1,-3.6818127632141113
guided,NS(=O)(=O)c1ccc(NC(=O)CCCCC(=O)Nc2ccccc2Br)cc1,-0.9043417572975159
guided,COCC[C-]([O-])[N-]CC[C+]([O-])[C+]1[CH+][C+](Cl)[CH-][CH+][C-]1OC,-1.0599560737609863
guided,[O-][S@+](NCc1ccccc1)[C@]12C[C@H]3C[C@H](C[C@H](C3)C1)C2,-6.375183582305908
guided,CC(=O)N/N=[C-]/C=C(/C(=O)Nc1c(F)cccc1F)N1CCOCC1.[H+],-0.6574224233627319
guided,Cc1cccc(Oc2nc3ccccn3c(=O)c2/C=C(\C#N)C(=O)N[C@@H]2CCS(=O)(=O)C2)c1C,-0.4821763038635254
guided,S=C(NCCc1ccccc1)NC[C@@H]1CCCO1,-6.018067359924316
guided,Brc1cccc(CNc2ncn[nH]2)c1,-3.2977116107940674
guided,NS(=O)(=O)c1ccc(NCc2ccc(Br)cc2)cc1,-1.6687978506088257
guided,C=CN(NC(=O)c1nnn(-c2nonc2N)c1-c1ccc(Cl)cc1)c1ccccc1,-0.6783178448677063
guided,CC[C-](O)[C+]([O-])N[N-][CH+][c+]1[cH-][cH+][c-](F)[cH+][cH-]1,-1.6415071487426758
guided,[O-]N([O-])[C+]1[CH-][CH+][C+](N[C][S-])[C+](N[C-]([S-])N[C+]2[CH+][CH-][C+](Br)[CH-][C+]2Cl)[CH-]1,-0.8673967719078064
guided,CCC(C)(C)NC(=O)[C@@H](c1ccc(OC)cc1)N(Cc1ccccc1)C(=O)CCC(=O)Nc1nccs1,-2.1775312423706055
guided,O=S(=O)(N/N=C/c1ccc(OC(F)(F)F)cc1)c1ccccc1F,-2.1371262073516846
guided,CCOC(=O)c1ccc(Nc2ccccc2)nn1,-2.146826982498169
guided,C[P+]1(O[C-]2[CH-][CH+][CH-][CH+][CH-]2)N[C+]([O-])[C][CH+][CH+][CH-]C[CH+]CO1,-3.2956604957580566
guided,CCN(c1ccccc1)S(=O)(=O)c1cc2c(cc1C)N(C)CCO2,-3.904170036315918
guided,COc1ccccc1C(=O)OCCCO[C@H]1CCCN(C)C1,-3.8848698139190674
guided,O=C1CC(c2ccccc2)CC(=O)C1=CNc1ccccc1/N=C/c1cc2ccccc2[nH]c1=O,-2.663565158843994
guided,O=C(NC1Cc2ccccc2C1)c1n[nH]c(=O)c2ccccc12,-1.1673837900161743
guided,O=P(=[OH+])CCc1ccccc1.[CH2-]CCC[P@@](=O)(O)CC[C@H]1C=[C-]CCC1.[H+],-4.060603618621826
guided,COc1cc2[nH]c(=S)n(Cc3ccc(C)cc3)c(=O)c2cc1OC,-3.4071733951568604
guided,COc1cc(Br)ccc1[S@+]([O-])Cc1ccc(C(=O)O)o1,-1.2315303087234497
guided,O=C(Nc1ccc2ccccc2c1)Nc1ccc([N+](=O)[O-])c2ccccc12,-3.177314519882202
guided,N#CCCS(=O)(=O)c1ccc2c(c1)CCO2,-1.7425081729888916
guided,Cn1nnnc1-c1cc(Cl)ccc1Br,-4.647294998168945
guided,[CH2+]C([CH2+])C([C+]1[N-][N-][N-]N1C1CCCC1)N([CH-][c+]1[cH+][c-]2[cH+][cH-][cH+][c-](C)[c+]2[nH][c-]1[O-])C[c+]1[cH-][cH+][cH-]o1,-3.050807237625122
guided,CNC(=O)/C(C#N)=C/c1c(N2CCN(c3ccccc3)CC2)nc2c(C)cccn2c1=O,-0.40768811106681824
guided,COCCNC(=O)CN1CCN(c2ccccc2)CC1,-4.055983066558838
guided,F[C]1[CH][CH][CH][C](C[NH+][C]2[C][CH][CH][CH][CH][C]3[CH][CH][CH][CH][C]3[CH][C-][C]([N][N][CH][N+]3[CH][CH][CH][CH]3)[CH]2)[CH]1,-3.839594602584839
guided,Cc1cccc(Cn2nnc(-c3ccccc3F)n2)c1,-4.733148097991943
guided,[H+].[S-]P(c1ccc(Br)cc1)C1CCCCC1,-14.422450065612793
guided,CCC[C][C+](CCC)C(N[C-]([O-])OC(C)(C)C)[C+]1[CH+][C-]2C34[C-]([N-][O-])C23C4[CH+]1.[H+],-1.7757762670516968
guided,O=C(NN(C(=O)c1ccc(Oc2cccc3ccccc23)cc1)c1ccccc1)c1ccccc1Cl,-7.376147270202637
guided,CCN(Cc1nc(C)cs1)Cc1nc(C(C)C)cs1,-7.800336837768555
guided,CC(=O)c1ccc(-c2cc(C)no2)c(S(=O)(=O)NCCN2CCOCC2)c1,-0.3005843460559845
guided,CCOC(=O)C1CCN(c2ncnc3c2c(-c2ccccc2)cn3CC)CC1,-3.2526204586029053
guided,S=c1nc(Cc2ccc(Cl)cc2)[nH]c2ccccc12,-8.240885734558105
guided,S=C1SCN(Cc2ccccc2Cl)CN1Cc1ccccc1,-12.860020637512207
guided,[N-]=[N+]1C(C[O+]=P#[O+])=CN=C1N([O-])[O-],-0.5120472311973572
guided,COc1cc(NS(=O)(=O)c2cccc(F)c2)cc(OC)c1,-2.1500778198242188
guided,[CH2+]C[N-][C][C]N1[C][CH-]N([C+]2[C][C][C-](SC(F)F)[CH+][CH+]2)CC1,-8.780441284179688
guided,COc1ccc(CN2CCC(n3nccc3NC(=O)C3CCCC3)CC2)cc1,-3.3500242233276367
guided,N[S@@](#[O+])([O-])c1ccc(NC(=O)C2=CCC[C@H](/[NH+]=C([O-])/C=c3\[c-]c(-c4ccccc4)[o+]c4c3=[N+]=CC=C4)[CH-]2)cc1,-0.2574048638343811
guided,Nn1c(O)c(C(=O)CCc2ccccc2)c(=O)n(CCC2=CCCCC2)c1=O,-0.45708417892456055
guided,Cc1cc(C)cc(NC(=O)Nc2ccc3nsnc3c2)c1,-2.7469630241394043
guided,[O-][S+2]([O-])([C+]1[CH-][CH+][C-](Cl)[C][C+]1Cl)[c-]1[c+](CCl)[n-]n(C2CCCCC2)[c+]1Cl,-3.9601166248321533
guided,O=C(Cc1ccccc1)NCC(=O)N[C@H](Cc1ccccc1)C(=O)O,-0.33745333552360535
guided,COc1ccc(NC(=O)N(Cc2ccco2)[C@@H](C)c2cccs2)cc1OC,-3.96696138381958
guided,CC(=O)NCCn1cnc2c([nH]c3ccccc32)c1=O,-0.803817868232727
guided,[O+]#C/C=C\N=N/C(/C=C\[C-]=C\Cc1ccccc1)=C\[C-]=N/C#[S+],-3.653024196624756
guided,COc1ccc([C@H](Cc2nc3ccccc3[nH]c2=O)c2c(C)n(C)n(-c3ccc4ccccc4c3)c2=O)cc1O,-2.2234554290771484
guided,COCCN(C(=O)/C=C/c1ccco1)c1nnc(-c2cccnc2)s1,-1.1313449144363403
guided,CCC/C(C)=N/NC(=O)c1sc(C)nc1C,-3.3728513717651367
guided,N#C[C@@H](c1ccnc(OCc2ccc(F)c(F)c2)n1)c1nc2ccccc2s1,-2.8562588691711426
guided,COc1cccc(C(=O)N(Cc2cccnc2)Cc2ccco2)c1OC,-2.5613389015197754
guided,COP([O-])OC(C)CN[S+2]([O-])([O-])[c+]1[cH-][cH+][c-](Cl)[cH+][cH-]1,-0.4299919903278351
guided,Nc1cccc2c1C(=O)N(N)C2=O,-0.560489296913147
guided,O=c1cc(CO)oc(CN2CCN(CCO)CC2)c1O,-0.4392721354961395
guided,CC(C)([CH+][C+]([NH-])[O-])OCCN(CCOCCOC(CO)OCCS)C[C-]([O-])N1CCCC1,-0.5128176808357239
guided,Nc1ccc(-c2nc3ccc(N)cc3[nH]2)cc1,-1.0369824171066284
guided,F[c+]1[cH-][cH+][c-](C23CC4(C2)C(CN(C[c-]2[cH+][cH-][cH+][n-][cH+]2)C4[c-]2[cH+][cH-][cH+][cH-][cH+]2)C3[C+]2[C][N-][C-](Cl)[CH+][CH+]2)[cH+][cH-]1,-10.273508071899414
guided,F[C-]1[C][C+](NC[c+]2[cH-][nH][c+]3[cH-][cH+][cH-][cH+][c-]23)[CH+][CH-][CH+]1,-7.384098529815674
guided,OC1([c-]2[cH+][cH-][cH+][c-](C(F)(F)F)[cH+]2)C[CH-]N([c+]2[n-][cH+][n-][c+]3[c-]2[nH][c+]2[cH-][cH+][cH-][cH+][c-]23)CC1,-3.1081039905548096
guided,O=C(/C=C/c1cccc([N+](=O)[O-])c1)Nc1ccc(Cl)c(NC(=O)c2ccco2)c1,-1.9981279373168945
guided,O=[N+]([O-])c1ccc(OCc2ccccn2)cn1,-1.0203524827957153
guided,O=C(NNS(=O)(=O)c1ccc(Cl)cc1)c1n[nH]c(C2CCCCC2)n1,-0.5181294679641724
guided,CN(CC(=O)Nc1ccc(C2CCCCC2)cc1)CC(=O)Nc1ccc(N2CCOCC2)cc1,-2.2947804927825928
guided,O=[S@]12=[O+][C@H]3CCCC[C@@H]3[C-](C[C-]=[O+]1)N2c1ccccc1,-4.770827770233154
guided,Cc1nc2ccccn2c1C(=O)NNC(=S)Nc1ccc(F)cc1,-1.6536040306091309
guided,Cn1c(SCC(=O)Nc2ccnn2C2CCCCC2)nnc1-c1cccs1,-2.0034444332122803
guided,C[C@H]1CN(C(=O)/C=C/c2ccco2)C[C@H](C)O1,-4.5774736404418945
guided,COc1ccccc1CN1CCNC(=O)[C@H]1CC(=O)NCC(=O)c1ccc2ccccc2c1,-0.7007599472999573
guided,O=C(C/[S+]=c1\nc2ccccc2c([O-])n1Cc1ccco1)c1cc2ccccc2oc1=O,-0.9276421666145325
guided,COc1cccc2ncc(-c3nc(CSCC(=O)N4CCC(C)CC4)c(C)o3)cc12,-3.161794900894165
guided,NNC(=O)C(=O)NCCc1ccccn1,-0.38696402311325073
guided,CC(C)N(Cc1ccccc1)C(=S)NC(=O)c1ccccc1Br,-7.461379051208496
guided,Brc1ccc([C@H](Cc2nc3ccccc3[nH]2)Oc2cccc(Br)c2)cc1,-8.823513984680176
guided,Cn1nc(C(F)(F)F)c(C#N)c1N1CCN(c2ccc(F)cc2)CC1,-4.107550144195557
guided,Cc1cccc(-c2nc3nc(C)cc(C)n3n2)c1,-4.762823581695557
guided,O=C(C[C@@H]1C(=O)NCCN1C(=O)Nc1ccc(F)cc1)NC[C@@H]1CCCO1,-0.34830084443092346
guided,CN(CC(=O)NCCc1ccccc1)S(=O)(=O)c1ccc2c(c1)c(=O)n(C)c(=O)n2C,-0.22776491940021515
guided,[CH][O+](N)[C]([O])CN,-1.4864193201065063
guided,Nc1ccccc1SCC(=O)Nc1ccccc1,-3.253833532333374
guided,Cc1nc2ccccn2c1/C(O)=C1\C(=O)C(=O)N(CCN(C)C)[C@@H]1c1ccco1,-0.5159380435943604
guided,[O-]C(CN1CCCCC1)([c+]1[cH-][cH+][cH-][cH+][cH-]1)[c+]1[cH-][cH+][cH-][cH+][n-]1,-4.8711419105529785
guided,COc1ccc([C@@H]2[C@H]3C(=O)N(C(C)C)C(=O)[C@H]3ON2c2ccccc2)c(OC)c1OC,-1.3811558485031128
guided,Cc1cc(O[C@H](C)C(=O)NNC(=O)NC2CC2)cc(C)c1Cl,-1.083790898323059
guided,COc1ccccc1N(CC(=O)Nc1ccccc1C#N)S(C)(=O)=O,-0.3548300266265869
guided,CC(C)N(C(=O)Cn1nnc(-c2ccccc2)n1)C(C)C,-2.074488878250122
guided,CCCCn1nnnc1SCC(=O)Nc1nc2ccccc2n1CC(N)=O,-0.2757188677787781
guided,CCO[C-]([O-])[C+]1[CH+][C][C+]([C+]2[CH+][CH-][CH+][N-][CH+]2)N1C[C-]([O-])OC(C)(C)C,-0.902128279209137
guided,ClCCNc1nc(-c2ccccc2)c(-c2ccccc2)[nH]1,-6.14640998840332
guided,[O-][C+]1N[C-](O)CCN1[c+]1[cH-][cH+][cH-][cH+][cH-]1,-2.505880117416382
guided,O=C(NC(=S)NN1CCOCC1)c1cccc(N2C(=O)CCC2=O)c1,-0.4712584614753723
guided,CC(=O)c1ccc(Sc2cnc3ccccc3n2)cc1,-5.452791690826416
guided,CCCC[C@H]1CC[C@H](c2nc3ccccc3[nH]2)CC1,-8.728010177612305
guided,[NH+]#C/C=C(\Nc1[c-]c(Nc2cccc(O)c2)c(C(F)(F)F)cn1)C(F)(F)F,-1.2942358255386353
guided,S=C(c1ccc(N2CCCC2)cc1)N1CCOCC1,-9.444621086120605
guided,CSCCCNC(=O)c1ccc(OC2CCN(S(=O)(=O)N(C)C)CC2)cc1,-0.9927927255630493
guided,O=S(=O)(Nc1cccc(F)c1)c1ccc2nsnc2c1,-1.589775562286377
guided,COc1ccc(CCN2C(=O)c3ccccc3[S+]=c3cc/c(=C(\[O-])NCc4ccccn4)cc32)cc1OC,-0.9102038741111755
guided,O=C(C1=C[C@@H](c2c[nH]c3ccccc23)C[C@@H](OCCCc2ccccn2)O1)N1CCOCC1,-1.9131215810775757
guided,O=C(CN1CCOCC1)c1ccc2cc[nH]c2c1,-4.120404243469238
guided,CC[C@H](/[S+]=c1/nc(N)cc([O-])[nH]1)C(=O)N1CCCC1,-0.41590335965156555
guided,O=S(=O)(O)CCO,-1.5367021560668945
guided,NC(=O)CSc1nnnn1-c1ccc(F)c(Cl)c1,-0.6137287020683289
guided,CC(=O)c1sc(C(C)(C)C)cc1-n1cccc1,-9.118135452270508
guided,O=C(NNc1c(Cl)cc(Cl)cc1Cl)c1nn(-c2ccccc2)c(=O)c2ccccc12,-3.1288652420043945
guided,S=c1[nH]nc(-c2cccs2)n1/N=C/c1cccs1,-4.850939750671387
guided,NC(=S)Nc1cccc2ccccc12,-5.423316955566406
guided,Clc1ccc(SCc2nc(-c3ccccc3)no2)cc1,-6.635951519012451
guided,Brc1ccc2nc(-c3cc(-c4ccccc4)n[nH]3)cn2c1,-5.183760643005371
guided,O=c1c2ccccc2c(-c2ccc(Br)cc2)nn1C[C@@H](O)[C@@H](O)[C@@H](O)CCO,-0.3048284351825714
guided,COCCOC(=O)c1cc(Oc2ccccc2)c(=O)[nH]c1N,-0.34041091799736023
guided,O=C(CCCCCCC(=O)NCc1ccccc1)NCc1ccccc1,-3.569889783859253
guided,Cc1ccc(S[C@@H](C)C(=O)N(C)CCc2ccc(Oc3ccccc3)cc2C#N)cc1,-5.906558990478516
guided,C/C(CC(=O)Nc1cc(Cl)c(Cl)cc1Cl)=N\NC(=O)c1cc[n+]([O-])cc1,-1.0849512815475464
guided,[O-][S+]([O-])NC[c+]1[cH-]s[c+](-[c+]2[cH-][cH+][cH-]s2)[n-]1,-1.347868800163269
guided,N[P+]([O-])([N-]OCCCN[c+]1[cH-][cH+][cH-][cH+][n-]1)N[C+]([O-])[c+]1[cH+][n-][cH-][cH+][cH-]1,-0.30549782514572144
guided,COc1cc(S(=O)(=O)N2CCCCC2)c(OC)cc1Cl,-3.0718886852264404
guided,CCS[c-]1[cH+][cH-][c+]([C+]([O-])O)[c-]([CH+][CH-][C+]([O-])O)[c+]1[O-],-0.4018828272819519
guided,CN1CCN(c2ccc(S(=O)(=O)Cc3ccc(Cl)cc3)cc2)CC1,-5.191781044006348
guided,CC(=O)c1ccc(OCc2ccccc2F)cc1O,-4.557887077331543
guided,CC[C@@H](C)Oc1cc(CNC(=O)c2cnccn2)cc(C)n1,-1.1904776096343994
guided,N#C/C(=C(/O)c1ccccc1F)c1ccccn1,-3.232072114944458
guided,CC/C=C/CN(CCc1ccccc1)c1nc2c(c(=O)[nH]c(=O)n2C)n1CCOCC,-0.8177841901779175
guided,CCNC(=O)NC(=O)[C@@H](C)Sc1nc2ccccc2n1CC(C)C,-1.500938057899475
guided,O=C(NC(=S)Nc1cccc2c(S(=O)(=O)N3CCOCC3)cc(Cl)cc12)c1cccs1,-1.3632107973098755
guided,COc1cc(OC)cc(N(Cc2cccc3cnccc23)C(=O)c2cccs2)c1,-5.2759175300598145
guided,CCOc1ccc(N(C)S(=O)(=O)c2cccnc2)cc1,-2.53501558303833
guided,O=[N+]([O-])c1ccc(C(=S)N2CCN(C(c3ccccc3)c3ccccc3)CC2)cc1,-5.139495372772217
guided,[O-]P(O)CC[c+]1[cH-][nH][c+]2[cH-][cH+][cH-][cH+][c-]12,-2.5109782218933105
guided,O=C(O)c1ccc(CSc2nnnn2C2CCCCC2)cc1,-1.424180507659912
guided,O=C(Nc1ccc2c(c1)OCO2)Nc1ccc2c(c1)nc1n2CCSC1,-1.7707760334014893
guided,S=C(Nc1ccc(Cl)cc1Cl)Nc1ccccc1Oc1ccccc1,-9.786022186279297
guided,[N-2][C][CH+]CCN1CCN([C+]([S-])[C+]2[CH+][CH-][CH+]S2)CC1,-6.942213535308838
guided,S=C(NCCN1CCCCC1)NCc1ccccc1,-7.110937118530273
guided,Cn1c(O)c(/C=N/Nc2cccc(C(=O)O)c2)c(=O)[nH]c1=O,-0.3851112723350525
guided,[NH][C]1[C](O)[C](Br)[CH][CH][C]1[C]1[N][C]([C-]2[CH][CH][CH][S+]2)[C][N+]1[O],-0.816326379776001
guided,Cc1ccc(S(=O)(=O)NCCNC(=O)c2ccc(C)nc2)cc1,-0.5116242170333862
guided,CN1CCC(=NNC(=O)c2cc(-c3ccccc3)n[nH]2)CC1,-1.2623350620269775
guided,CCC(=O)NC1=C/C(=C(\N)[O-])C(CN2CCCC2=O)=[S+]1,-0.46166127920150757
guided,COc1ccccc1OCCN1CCCCC1,-8.246559143066406
guided,NC(=O)C1(N2CCCCC2)CCN(C(=O)NC2CCCCC2)CC1,-1.1382373571395874
guided,NS(=O)(=O)c1ccc(CC(=O)Nc2cccc(Cl)c2)cc1,-0.6095514893531799
guided,C/N=C1/C=NNC(=O)C1,-3.1792714595794678
guided,C=[N+](C)C.[O-]P(N1CCOCC1)N1CCOCC1,-3.5180933475494385
guided,Brc1cnc(NCc2ccccc2)c(Br)c1,-8.700033187866211
guided,CC(=O)N[C@H](Cc1c[nH]c2ccccc12)C(=O)O,-0.7621709108352661
guided,Fc1ccc(CNC(=S)Nc2ccccc2C(F)(F)F)cc1,-8.958941459655762
guided,COc1ccc(/C=C/C(=O)N2C[C@H](C)C[C@H](C)C2)c(OC)c1OC,-4.341248512268066
guided,[CH2-]C(O)[O+]1CCSC[C]1[N][C][C]([O])N[C]1[CH][C](C)[CH][CH][C]1O[C]1[CH][CH][CH][C](OCC)[CH]1.[H+],-1.0144528150558472
guided,O=S(=O)(Cc1ccccc1)N1CCC[C@H](c2ccccc2)C1,-5.925126552581787
guided,[C-]#CC(=[S+2]=C=[N-])C(=O)Nc1ccc2oc(-c3cc(F)c(F)cc3Cl)nc2c1,-1.7695776224136353
guided,[N-2]N([O-])[O-],-1.7140063047409058
guided,COc1ccc2c(c1OC)[C@H]([C@H]1c3c(cc4c(c3OC)OCO4)CCN1C)OC2=O,-1.4623490571975708
guided,CCN(C)C(=O)Oc1ccc(NC=O)cc1,-2.5430519580841064
guided,CCNS(=O)(=O)c1ccc(NC(=O)CSc2nnc(C)s2)cc1,-0.3922228217124939
guided,[CH2-]O[C][C+](C)[C][CH+][c+]1[c-](O)[n-][cH+][c+](C)[c-]1[O-].[H+],-1.7919142246246338
guided,N#CC1=C([O-])N([C+]2=NC=CC=C2)C(=S)N(c2ccccc2)[C]1,-1.8792232275009155
guided,COc1cc2oc(=O)cc(C)c2cc1OCCNC(=O)C(c1ccccc1)c1ccccc1,-2.3183581829071045
guided,Clc1ccc(OCCCCSCC[C@H]2NCCc3ccccc32)cc1,-10.578998565673828
guided,O=[N+]([O-])c1cc(S(=O)(=O)N2CCOCC2)ccc1NCCCN1CCN(S(=O)(=O)c2ccccc2F)CC1,-0.33943405747413635
guided,CCCCC(C(=O)OCC)(C(=O)OCC)C(=O)OCC,-1.1534727811813354
guided,O=C1C(=O)N(CCN2CCOCC2)[C@@H](c2cccc(Cl)c2)/C1=C(/O)c1ccc(O)cc1,-0.8080783486366272
guided,[CH2+]CCCC[CH-]C[C+]1[C]S[C+](N)[C+]1[C+]([N-2])[O-],-1.6695102453231812
guided,Cn1c2ccccc2n2c(=O)c(=O)n(Cc3ccc(F)cc3)nc12,-2.193303108215332
guided,CO[C]([O])C[N][CH][C]1[N]N([C]2[CH][CH][C](Cl)[C](N([O-])[O-])[CH]2)[C+]([O])N1O,-0.5264397263526917
guided,O=C(CCOc1ccccc1)Nc1ccc(S(=O)(=O)N2CCCC2)cc1,-1.41848623752594
guided,COc1ccc(NC(=O)c2ccc(F)c(S(=O)(=O)N3CCCCC3)c2)c(OC)c1OC,-0.9581820964813232
guided,COc1ccc(Br)cc1C(=O)Nc1cc(C)cc(Sc2cccs2)c1C,-8.8181734085083
guided,COc1ccc(-n2nc3ccc(C(=O)Nc4ccccc4Cl)cc3n2)cc1,-2.8182435035705566
guided,COC(C[C@H](O)C[C@H](O)COCc1ccccc1)OC,-1.613021731376648
guided,COCC(=O)N1CCN(c2ccc(OC)cc2)CC1,-4.500314235687256
guided,O=C(Nc1ccc(OC(F)F)cc1)NC1(C(=O)NCc2ccccc2)CCCCC1,-2.2637557983398438
guided,COc1cc2cccnc2cc1OC,-6.364930629730225
guided,Cc1cccc(C(=O)NS(=O)(=O)c2ccccc2)c1,-2.1595661640167236
guided,O=C(Nc1ccc2c(OCc3nnc(-c4ccccc4)o3)ccnc2c1)c1cccs1,-2.5151772499084473
guided,COc1cccc(OCCOCCN(C)CCO)c1,-3.249403476715088
guided,CC(=O)/C=N/N=C1/C(=O)Nc2ccccc21,-1.391977071762085
guided,N[C+]([O-])[c-]1[cH+][cH-][cH+][cH-][c+]1O[CH-]CNC1CCCCC1,-1.4523104429244995
guided,[CH2-]OCCn1[c+]([O-])s[c+]2[cH-][cH+][cH-][cH+][c-]2[c+]1[O-],-2.2882800102233887
guided,CO[C-]1[C][C][C][C][C+]1[N-][C+]([O-])C1C2[CH+][CH+]C(O2)C1[C+]([O-])O,-0.536921501159668
guided,COc1ccc(CNC(=S)Nc2ccccc2Cl)cc1OC,-5.415014266967773
guided,O=C(N1CCCC1)N1CCN(S(=O)(=O)c2ccc(Br)cc2)CC1,-2.4198689460754395
guided,FC(F)Oc1ccc(-n2c(Cn3c(-c4ccccc4)cc4ccccc43)n[nH]c2=S)cc1,-7.047419548034668
guided,CC(=O)/C(=N\Nc1ccc(C(C)=O)cc1)Sc1nnc(-c2ccc(O)cc2)n1C,-1.061801791191101
guided,COc1ccc(Cl)cc1NS(=O)(=O)c1ccc(Cl)cc1Cl,-4.272347927093506
guided,C[C@@H]1CCCC[C@H]1NC(=O)[C@@H](C)OC(=O)c1nsc(Cl)c1Cl,-2.5590155124664307
guided,COCCN[C]([O])[C][C](N)[NH+][N][CH][C]1[CH][CH][CH][CH][N]1,-0.5269030928611755
guided,C[C@@H]1CCC[C@H](C)N1C/C=N/Cc1ccc2c(c1)OCO2,-6.408513069152832
guided,O=C(NCc1ccccn1)C1CC1,-4.574137210845947
guided,COCCCNC(=O)[C@@H]1OC(=O)c2ccccc21,-1.8973811864852905
guided,O=C(N/N=C/c1ccncc1)N[C@]12C[C@H]3C[C@H](C[C@H](C3)C1)C2,-2.1375532150268555
guided,[CH2-]C([N-][C+]1SC(C[C+]([O-])O)[C+]([O-])N1C)[c+]1[cH-][cH+][cH-][cH+][cH-]1,-0.6624824404716492
guided,Cc1nn(Cc2ccccc2)c(C)c1S(=O)(=O)N1CCN(C)CC1,-2.4719059467315674
guided,COc1cc2nccc(-c3ccc(C)cc3)c2cc1OC,-7.411925315856934
guided,CCOc1ccccc1NC(=O)CC(C)C,-5.565807819366455
guided,COCCCN(c1ccccc1)c1nc(=S)[nH]c2cc(OC)c(OC)cc12,-3.8000528812408447
guided,CCOC(=O)c1c(S(=O)(=O)N(C)CC(=O)OC)c(C)n(C)c1C,-0.42813628911972046
guided,S=c1[nH]nc(CN2CCCCC2)n1-c1ccc(Cl)cc1,-6.191509246826172
guided,Cc1nnc(SCc2cccc(Oc3ccccc3)c2)s1,-7.504012584686279
guided,[H+].[S-][C+]([N-][N-][C][c+]1[cH-][cH+][cH-][cH+][c-]1Br)NC1CCCCC1,-6.398467063903809
guided,NC(=O)Nc1ccc(S(=O)(=O)N2CCCCC2)cc1,-0.4459785521030426
guided,NS(=O)(=O)c1ccc(NS(=O)(=O)c2cccc(C(=O)O)c2)cc1,-0.332385390996933
guided,CC(=O)c1c(CCc2ccccc2)oc2ccc(O)c(CN(C)C)c12,-4.1905951499938965
guided,COc1ccc(S(=O)(=O)N(CC(=O)NCc2ccc3c(c2)OCO3)c2ccccc2OC)cc1,-0.7134045958518982
guided,O=C(Nc1c(-c2cccnc2)nc2ccccn12)c1cccs1,-3.240621328353882
guided,CN(C)c1ccc(CN2CCC(Oc3ccc4ccccc4c3)CC2)cc1,-11.047576904296875
guided,O=C(CCS(=O)(=O)c1cc(Cl)ccc1Cl)NC1CC1,-2.340852975845337
guided,NOCc1nc2ccccc2n1Cc1ccccc1,-3.325617790222168
guided,CCOC(=O)c1cn[nH]c1-c1cccc2ccc(F)cc12,-3.642054796218872
guided,S=C(NCCOc1ccccc1)N1CCOCC1,-5.836034297943115
guided,CCN(CC)S(=O)(=O)c1cccc2cccnc12,-3.5802276134490967
guided,Nn1cnc2cc(NC(=O)CSc3ncn[nH]3)ccc2c1=O,-0.2760775685310364
guided,FCOCCCNc1nc(C(F)(F)F)nc2ccccc12,-4.538978099822998
guided,[cH+]1[cH-][cH+][cH-][c+]([CH-]NC[c+]2[n-][cH+][cH-]n2-[c+]2[cH-][cH+][cH-][c+]3[cH-][cH+][cH-][cH+][c-]23)[cH-]1,-7.497401237487793
guided,CCCn1c(/C=C/N2CCC(C(=O)N3CCN(c4ccccc4F)CC3)CC2)nc2ccccc21,-5.719213962554932
guided,CC[C@@H]1CCCCN1S(=O)(=O)c1ccc2ccccc2c1,-6.1655731201171875
guided,Nc1ccc(S(=O)(=O)N2CCOCC2)cc1Cl,-1.3228027820587158
guided,C/C(CCCO)=N\NC(=O)C1CC1,-2.3260984420776367
guided,[CH2+]CCC[C][C]([S])O[N][C]([C]1[CH][CH][CH][CH][CH]1)C1CCCCC1,-9.950248718261719
guided,CCN(CC)CCc1ccc(OCC(=O)N[C@H]2CCCc3ccccc32)c(OC)c1,-4.497273921966553
guided,Brc1ccc(OCCOCCN2CCOCC2)cc1,-6.468272686004639
guided,CCOC(=O)N1CCN(C(=O)C/[S+]=c2\nc3c(c([O-])n2-c2ccccc2)SCC3)CC1,-0.44379952549934387
guided,Cc1cc(C)c([N+](=O)[O-])cc1C(=O)Cc1ccccc1,-3.167576313018799
guided,CC(F)OC1CC[C-]([S-])[N-]C1(OC1CCCC[C+]1[O-])[C+]([NH-])O.[H+].[H+],-0.87198805809021
guided,COc1ccc(-c2c(O)n(C)c3ccccc3c2=O)cc1,-3.6226468086242676
guided,CCOc1ccccc1OCCSc1nc(C)c(C)c(C)n1,-5.273642063140869
guided,CCCN1CCC(NCCCN(C)C)CC1,-8.777596473693848
guided,CCNC(=S)N1CCC[C@@H](C(N)=O)C1,-2.6648192405700684
guided,[C-4].[CH-][CH][CH+][CH2].[CH-][O+][C](NC([CH2+])(C)CC[CH-]CC[C]([O])N(C)C)[C]1[N+][N+][C]2CCCC[C]21.[H+],-2.502725601196289
guided,Nc1nncn1C(=O)CSc1ccccc1,-1.1701042652130127
guided,CN(C)C(/C=C/Nc1ccc(O)cc1)=C(C#N)C#N,-0.8673107624053955
guided,S=c1[nH]nc(-c2cccs2)n1/N=C/c1ccccc1Cl,-5.247501373291016
guided,NNc1ccc(S(=O)(=O)N(Cc2ccco2)Cc2ccccc2Cl)cn1,-0.7725809216499329
guided,[OH-],-7.230311870574951
guided,COc1ccc(-c2nnco2)cc1COc1ccccc1,-3.1851892471313477
guided,[OH-],-7.230311870574951
guided,CN(C)[C]1[CH][CH][CH][C](O[N][CH+]C2CCCC(C[CH][CH][C]3[CH][CH][CH][CH][CH]3)C2)[C]1N([O-])[O-],-2.3430862426757812
guided,Brc1ccc(N/N=c2/[n-]c(COc3ccccc3)cs2)cc1.[H+],-4.917365074157715
guided,CCN1CCN(/C=C2/SC(=S)N(CC)C2=O)CC1,-7.180457592010498
guided,C[C@@H]1N[C@](CO)(C(F)(F)F)N=C1c1ccc(F)cc1,-4.377188682556152
guided,O=S(=O)(NCC[C@@H]1CC1(Cl)Cl)c1ccc(N/[C-]=N/C[C@H]2CCCCC[N-]2)cc1.[H+].[H+],-2.1422722339630127
guided,CN[C-]([S-])[C+]([c+]1[cH-][cH+][cH-][cH+][cH-]1)N1CCN(C)CC1,-8.634648323059082
guided,CCNS(=O)(=O)c1ccc(CCC(=O)O)cc1,-0.7537162899971008
guided,CCOc1ncccc1C(=O)N[C@H](C(=O)OC)C(=O)N1CCCC1,-0.3472330570220947
guided,COCCN(C(=O)CSc1nccn1C)c1ccc(C)cc1,-4.01922082901001
guided,[N-2][C]C([C+]([O-])OC1CCCCC1)[c+]1[n-][c+]2[cH-][cH+][cH-][cH+][c+]2[n-][c-]1NC[C+]1[C][N-][C-](C(F)(F)F)[CH+][CH+]1,-1.7796775102615356
guided,COC[C@H](c1ccccc1)[C@H]1CC(=O)N(Cc2ccco2)C1=O,-2.5945847034454346
guided,CC(=O)Nc1noc2cc(Br)ccc12,-3.173668622970581
guided,[N-2][C][C+](C[S+2]([O-])([O-])[C+]1[CH+][CH-][CH+][CH-][CH+]1)[S+2]([O-])([O-])[c-]1[cH+][cH-][cH+][cH-][cH+]1,-0.45381656289100647
guided,O=C(NC[C@@H](O)CO)C1=C=NC(COCCOc2ccccc2)=N1,-0.30549782514572144
guided,Nc1c(-c2ccccc2)ncn1-c1nc(Cl)ccc1Cl,-3.6393449306488037
guided,[CH2+][C-](C)[N-]N[C+]([O-])CC[C+]([O-])N(C[C-]([O-])NCC1CCCO1)[C+]1[CH+][CH-][C+](Cl)[C-](Cl)[CH+]1,-0.5040958523750305
guided,C[C@H](CN1CCCC1)OC(=O)C1CCN(C(=O)c2ccco2)CC1,-2.246328830718994
guided,[H+].[H]/N=C1C(=[C-]/c2ccc(SC)cc2)/CNc2ncnn2/1,-1.8745964765548706
guided,Cn1nnnc1SCC(=O)N1CCCC1,-2.0646843910217285
guided,S=C(c1ccccc1)N1CCN(c2ccccc2)CC1,-11.82546329498291
guided,COc1ccc(C(=O)NNC(=S)NC(=O)c2ccc(Cl)cc2)cc1Br,-1.372990608215332
guided,O=S1(=O)CC[C@H](N(Cc2ccccc2)S(=O)(=O)c2c(Cl)cccc2Cl)C1,-2.0276286602020264
guided,Cn1c2c(c(=O)[nH]c1=O)[C@H](NS(=O)(=O)c1ccccc1)C(=O)N2,-0.3138810396194458
guided,COc1ccc(OCc2nnc(SCC(=O)NC3CCCCC3)n2-c2ccc(F)cc2)cc1,-2.3985612392425537
guided,C[C@H](Nc1nc(-c2c[nH]c3ccccc23)cs1)c1ccccc1,-7.153403282165527
guided,Cc1cccc(OCCNC(=O)c2ccccc2C)c1,-5.594775676727295
guided,NC(=O)c1cc(S(N)(=O)=O)ccc1OCCC[C@@H](C(=O)O)c1ccc(C#CC2(O)CCCCC2)cc1,-0.604864239692688
guided,[O-][c+]1[cH-][c+](-[c+]2[cH-][cH+][cH-][cH+][cH-]2)n(C[c+]2[cH-][cH+][cH-][c+](Cl)[cH-]2)[n-]1,-5.064908027648926
guided,C=C[C@H]1CCCC/C(=C\OO)C1=O,-4.261024475097656
guided,[CH2-]O[C+]([O-])[c+]1[nH][c-]2[cH+][cH-][cH+][cH-][c+]2[c-]1[N-][CH+]N(C)C,-1.8759489059448242
guided,CCC/[S+]=c1/nc2c(cnn2-c2ccccc2)c([O-])[nH]1,-1.5728510618209839
guided,NCc1cccc(OCc2ccc(Cl)cc2)c1,-6.288122177124023
guided,C[C@@H](OC(=O)Cc1cccc(C(F)(F)F)c1)C(=O)Nc1ccc(Cl)cn1,-2.583965301513672
guided,[H]/N=c1\c(=C\c2ccc(OS(=O)(=O)c3ccc(C)cc3)c(OC)c2)c([O-])nc2[s+]nc(S(C)(=O)=O)n12,-0.24414120614528656
guided,O=S(=O)(c1ccc(C(F)(F)F)cc1)N1CCN=C1SCc1cccnc1,-2.7654457092285156
guided,Clc1ccc(Br)cc1CNn1cnnc1,-4.826623439788818
guided,O=[N+]([O-])c1cc(N2CCC3(CC2)OCCO3)c2nonc2c1Nc1ccccc1,-0.8722898960113525
guided,CCOC(=O)[C@@](NC(=O)c1c(F)cccc1Cl)(NC1=N/C(=C2/C=C([O-])Oc3ccccc32)C=[S+]1)C(F)(F)F,-0.7462689280509949
guided,CCn1c(SCC(=O)Nc2ccc(NC(=O)c3ccccc3)cc2F)nnc1[C@@H](CCCl)N(C)C,-1.9530454874038696
guided,[OH-],-7.230311870574951
guided,C/C=C/N(CCCC)c1cc(S(=O)(=O)Nc2ccccc2OC)ccc1NC(=O)c1ccc(C)o1,-3.064068078994751
guided,COc1cc(/C=C/c2ccc3ccccc3n2)cc(Br)c1O,-6.287817478179932
guided,CCC(=O)O[C@@H]1C[C@H](C)ON(C(=O)C2CCN(c3ccc(OC)cc3)CC2)C1,-1.9956427812576294
guided,Brc1ccc(CNc2nc(-c3cccc(Br)c3)cs2)cc1,-10.415783882141113
guided,CC(=O)N1CCc2cc(S(=O)(=O)N[C@@H](Cc3ccccc3)C(=O)Nc3cc(C)ccn3)ccc21,-0.6566739678382874
guided,CN(C(=S)Nc1ccc2ccccc2c1)c1ccccc1,-10.960700035095215
guided,C=CCn1c(-c2csc3ccccc23)n[nH]c1=S,-6.904470443725586
guided,CCCCNCc1ccc(OCC(N)=O)c(Cl)c1,-2.092651128768921
guided,C[C@@H]1CN(CCOc2ccc([N+](=O)[O-])cc2)C[C@H](C)O1,-2.023702383041382
guided,O=C(NC1CCCCCCC1)c1ccc(Cl)c(S(=O)(=O)N2CCCC2)c1,-2.913961172103882
guided,CCN1C=CC([C@H](c2ccccc2F)c2c(O)nc(SC)n(-c3ccccc3C)c2=O)=C(C)C1,-4.837660312652588
guided,CO[C-]1[CH+][C-]2[N-][C+]([S-])N[C+](NCCN3CCOCC3)N2[C+]([C][N-2])[C-]1[CH+][CH-][c+]1[cH-][cH+][cH-][cH+][cH-]1,-0.7252444624900818
guided,O=C(c1ccco1)N1CCN(c2ncccn2)CC1,-2.0715525150299072
guided,COc1ccc(Oc2cccc(C)c2C)nc1Cl,-7.442967891693115
guided,[CH2-]O[C+]1[C][C+]2[N-][C+]([O-])[C][C][C+]2[C][C+]1[N-][N-][c+]1[c+](C)[nH]n([C+]2[CH+][CH-][CH+][CH-][CH+]2)[c-]1[O-].[H+],-0.5925747156143188
guided,CC[C@](O)(Cc1ccccc1)c1ccc(Oc2ccc(C#N)cc2)cc1,-5.216433048248291
guided,CCCn1nnc(NC(=O)c2cccs2)n1,-1.3493403196334839
guided,NC(=O)[C@H]1CCCN1c1ccc(N)cc1Cl,-1.3281244039535522
guided,CC(C)C(=O)Nc1cccc(NC(=O)c2cccs2)c1,-3.2974326610565186
guided,CCOC(=O)c1[c-]nc(SC)nc1Oc1cccc(NS(=O)(=O)c2ccccc2)c1.[H+],-1.2599012851715088
guided,[NH-]n1[c+](O)[n-][n-][c+](C[C+]([O-])O)[c+]1[O-],-0.47024765610694885
guided,CC1O[C+](O[CH-][C+](O)[C-](O[CH+]C(O)C(O)C(O)[CH-]O)OC[c+]2[cH-][cH+][c-](C(C)(C)C)[cH+][cH-]2)C(O)[C-](O)C1O,-0.44654712080955505
guided,O=C(NCc1ccc(Cl)cc1)NCc1ccc(F)c(F)c1,-5.5598835945129395
guided,CN(C)S(=O)(=O)c1ccc(C(=O)N(Cc2ccccc2)Cc2cccs2)cc1,-3.5013580322265625
guided,O=c1oc2ccccc2cc1CNc1ccccc1SCc1cnc(Cl)s1,-5.629774570465088
guided,O=S(=O)(N/C(=N\Cc1ccco1)c1ccccc1)c1ccccc1,-1.8824139833450317
guided,Brc1ccc(-c2ccc(CNCc3ccccn3)o2)cc1,-6.509700775146484
guided,CCn1c2ccccc2c2cnn(CC(=O)N3CCCC[C@H]3C)c(=O)c21,-2.641505718231201
guided,Clc1nnc(N2CCCCC2)c2ccccc12,-7.286498546600342
guided,[H]/N=c1\c(Cc2cc(Cl)c(O)c(OCC)c2)c(Cl)nc(SC)n1-c1ccccc1,-3.392355442047119
guided,COc1ccc(N(CC(=O)NC2CCCC2)C(=O)C2=C(N)/C(=C(/N)[O-])N=[S+]2)cc1OC,-0.3434288799762726
guided,C[C]1[CH][CH][C](S([O])([O])N2CC[C]3[CH][C](S([O])([O])NCC[C]OC4CCCCC4)[CH][CH][C]32)[CH][C]1C.[H+],-3.2637269496917725
guided,COCOC(=O)/C=C/c1cccc2ccccc12,-5.978376865386963
guided,FC(F)(F)COc1ccc(Cl)nn1,-5.935079097747803
guided,CO[C@H](/C=C1/CCC(=O)c2ccccc21)c1ccccc1,-8.55461597442627
guided,O=c1[nH][nH]c(C(F)(F)F)c1[C@@H](c1ccccc1)c1ccc(F)cc1,-4.814772605895996
guided,Clc1ccc(SCNc2ccccc2Cl)cc1,-12.160833358764648
guided,[H]/N=C(\C)NCc1ccco1,-3.7488763332366943
guided,[OH-],-7.230311870574951
guided,COc1ccc(-c2cc(C(=O)N(C)Cc3ccccc3C)[nH]n2)cc1OC,-2.444840669631958
guided,COc1cc2c(cc1C)CCN(C(=S)Nc1ccccc1)C2,-8.361841201782227
guided,C[C@H](Sc1n[nH]c(-c2ccccc2)n1)C(=O)OCc1csc2cc(Cl)ccc12,-4.129311561584473
guided,COc1ccc(/C=N/NC(=O)c2cc3ccccc3cc2O)cc1OC,-1.4070638418197632
guided,CO[c-]1[cH+][cH-][c+]2[cH-][c+]([C-](Br)[C][C+]([O-])NC(C)CC[C+]3[CH+][CH-][CH+][CH-][CH+]3)[cH+][n-][c-]2[cH+]1,-3.35233998298645
guided,O=C(O)/C=C/C(=O)N/N=C\c1sc2ccccc2c1Cl,-1.203092336654663
guided,COC(C)[C-](O)[C+]([CH+][O-])OC1(C)O[C-]2[C+]([C+]1[O-])[c-]1[cH+][cH-][cH+][cH-][c+]1[C-]1[CH+][N-][CH+][CH-]N21,-0.35477104783058167
guided,O=S(=O)(N1CCOCC1)N1CCOCC1,-2.5809600353240967
guided,[CH2+][C@@H](/[C-]=C(\[CH2-])OCC[CH2-])CC#[N+][NH+]=C=O,-4.316381454467773
guided,CCSc1ccc(CN(C)[C@H](C)C(=O)Nc2cccc(N(C)S(C)(=O)=O)c2)cc1,-2.2505264282226562
guided,Cc1ccccc1OCC(=O)N(Cc1ccc(F)cc1)c1cccnc1,-5.616159439086914
guided,S=C(NCc1ccco1)N1CCN(c2ncccn2)CC1,-2.5961990356445312
guided,COc1ccc(C(=O)NNC(=S)Nc2ccc(Cl)cc2)cc1,-2.5702261924743652
guided,COc1ccccc1C(=O)c1ccc2c(c1)oc(=O)n2C,-2.310407876968384
guided,CCCn1c(N)c(C(=O)CCl)c(=O)[nH]c1=O,-0.4732036590576172
guided,O=C(NNC(=O)c1cc(C2CCCCC2)nn1Cc1ccccc1)c1ccccc1O,-1.258613109588623
guided,COc1ccc([N+](=O)[O-])cc1C(=O)[C@@H](OC(=O)CN1C(=O)c2ccccc2C1=O)c1ccccc1,-0.9713579416275024
guided,CO[C-]1[CH+][C-](O)[CH+][C-](C(O)C(C)(O)CC(C)C)C1[C+](C)[O-],-0.6087607145309448
guided,O=C(c1nnc(-c2ccccc2)o1)c1cccc2ccccc12,-3.915022373199463
guided,N#CC1=C(Nc2ccc(F)cc2)N=NC1=S,-2.7322912216186523
guided,Fc1ccccc1N1CCN(c2cccc3nsnc23)CC1,-6.571082592010498
guided,Cc1ccccc1NC(=O)NC[C@H](C)O,-2.2717275619506836
guided,O=C(/C=C/c1ccccc1)NS(=O)(=O)c1ccc(F)cc1,-2.211493492126465
guided,COc1ccc(CCNC(=O)c2cc(S(=O)(=O)N(C)Cc3ccccc3)c[nH]2)cc1OC,-0.6599088311195374
guided,C/C(=N\NC(=O)c1c[nH]c2ccccc12)c1ccc2ccccc2n1,-2.404345989227295
guided,Fc1ccc(-c2cc(C(F)(F)F)nc(N3CCOCC3)n2)cc1,-5.655292987823486
guided,F[C-](F)F,-13.636207580566406
guided,O=C(c1ccccc1)c1ncc(-c2ccccc2)n1-c1ccccc1,-7.363326549530029
guided,[C-3][C+]1[C+](CS[C+]2[N-][N-][N-]N2C)[N-][c+]2[n-][cH+][cH+][cH-]n21,-1.2033859491348267
guided,Cn1c2c(c(=O)[nH]c1=O)[CH-]c1ccc[s@SP1+]1O2,-1.9944103956222534
guided,CCOc1cc2c(cc1OCC)-n1cccc1[C@@H](c1ccc(OC)c(OC)c1)NC2,-4.4206037521362305
guided,Clc1cnc2nc(SC/C=C/c3ccccc3)[nH]c2c1,-6.023475646972656
guided,[C-2]P([S])[C+]([O])N(C)C.[C-2][C+]1[CH][CH][C]([O+]C)[C](OC)[C]1[C]([O])[O-],-0.6838958859443665
guided,O=C(N/N=C/c1cccc(O)c1)[C@H](O)c1ccccc1,-0.7731562256813049
guided,O=C(c1ccc(COc2ccc([N+](=O)[O-])cc2)o1)N1CCCC1,-1.0720772743225098
guided,Fc1ccccc1[C@H]1CCN(Cc2nc(CC3CC3)no2)C1,-5.065964698791504
guided,[CH2+]CCCC/N=c1/cc[c-]([N+](=O)[O-])c(N2CCCCCC2)c1,-3.350909948348999
guided,COc1cc(S(=O)(=O)NCc2ccncc2)ccc1Cl,-1.724730134010315
guided,[S-][C+](N[C-]1CCCC1)N1CCN(C([c-]2[cH+][cH-][cH+][cH-][cH+]2)[c-]2[cH+][cH-][cH+][cH-][cH+]2)CC1,-9.786585807800293
guided,N#CN(/C(N)=N\c1cccnc1)c1ccc2c(c1)OCO2,-0.39252474904060364
guided,Cn1nnc(NC(=S)NC(=O)c2ccccc2)n1,-0.6478449106216431
guided,[OH-],-7.230311870574951
guided,[S-]P(N1CCOCC1)N1CCOCC1,-7.566181659698486
guided,FC(F)(F)c1nnc(Nc2ccc(C3=NCCN3)cc2)s1,-2.4995999336242676
guided,COc1cccc(-c2nc(CS(=O)(=O)CC(=O)NCCc3ccc(OC)c(OC)c3)c(C)o2)c1,-0.6856393218040466
guided,[CH2][C]([O-])[N-]C([CH2-])(C[C]([O])NC[C]1[CH][CH][CH]O1)CC(O)C(C)CC[C+]1[CH][CH][CH][C]2[CH][CH][CH][CH][C]21.[H+],-1.14712393283844
guided,CC(=O)c1ccc(-n2nnnc2SCC(=O)Nc2cccnc2Cl)cc1,-0.5998252630233765
guided,COc1ccccc1OCCN1CCC(Cc2ccccc2)CC1,-9.042624473571777
guided,O=[N+]([O-])c1cccc2c(Sc3nnnn3-c3ccccc3)cccc12,-1.5472495555877686
guided,CCOC(=O)CNC(=O)[C@@H]1[C@H]2C(=O)N(Cc3ccccc3)C[C@]23[C-]=C[C@H]1O3.[H+],-0.6235417723655701
guided,CC(C)c1nc2c(c(=O)c3ccccc3n2C)c(=O)n1CCc1ccccc1,-3.4019033908843994
guided,COC(=O)C1=C2C=Cc3c(C(=O)OC)cc(OC)cc3C23O[C@H]13,-1.2112454175949097
guided,N[C]([O])CCCN(C[C+]([O])[C]1[CH][CH][CH][CH][CH]1)[C]1[CH][C](N2CCOCC2)[CH][CH][C]1N([O-])[O-],-0.5136843919754028
guided,[CH][N-][C+]1[C][CH+][C-]([c-]2[cH+][c-](NC[c+]3[cH-][cH+][c-](OC)[cH+][cH-]3)[c+](C)[c+](O)[n-]2)[CH+][CH-]1.[H+].[H+].[H+],-2.6522555351257324
guided,CCCCCOc1cc(C(=O)Nc2ccccc2C(=O)O)ccc1OC,-1.822296380996704
guided,CCC[C@H](C)C(=O)OCC(=O)c1ccccc1,-4.77267599105835
guided,FC(F)(F)C(NC(=S)NCc1cccnc1)C(F)(F)F,-5.705072402954102
guided,[CH][C]([O])[C]1[C](Cl)[CH][CH][CH][C]1O[C-][NH+][C]1[CH][CH][CH][CH][CH]1.[H+],-4.3943328857421875
guided,OC1(c2cccc(C(F)(F)F)c2)CCN(CCc2ccccc2)CC1,-8.944866180419922
guided,FC(F)(F)c1cnc(N2CCN(c3ccccc3)CC2)c(Cl)c1,-9.620379447937012
guided,COC(=O)CCC(=O)COc1ccc(Oc2ccc(F)cc2)cc1C#N,-1.2672929763793945
guided,CC1=NCCN1S(=O)(=O)c1ccccc1,-3.5097837448120117
guided,[OH-],-7.230311870574951
guided,NNC(=O)[C@H]1[C@@H]2CCCC[C@@H]21,-3.0438015460968018
guided,Cl[C-]1[C][c+]2[n-][n-][c+]([C]OC3CCCCC3)n2[CH+][CH+]1,-4.752167701721191
guided,Clc1ccccc1Cn1cc(CN2CCOCC2)c2ccccc21,-10.013301849365234
guided,COCCCCCN[C-]([O-])[C+]([C][N-2])N[O-].[H+],-0.4679505527019501
guided,[N-]=NC(=O)C1=C2[NH2+]CCCCCCCC/[C-]=[N+]/2C(=S)S1,-1.6471298933029175
guided,C[O+][C]1[CH][CH][C][C](NN[CH][C]2[C]([O])N[C]([S])N(C[C]3[CH][CH][CH-][O+]3)[C]2[O])[CH]1,-0.4904146194458008
guided,O=C(NCCCN1CCOCC1)c1ccc(=O)oc1,-1.325422763824463
guided,O=[N+]([O-])c1ccccc1NCc1ccco1,-1.9835760593414307
guided,N#CC(/C=N/c1ccccc1)=N\Nc1ccc(C(N)=O)cc1,-0.5874886512756348
guided,CC(=O)c1c(C)[nH]c(C(=O)OCc2cc(=O)oc3cc(O)ccc23)c1C,-0.820062518119812
guided,O=C(CN1CCCCC1)c1ccc(Cl)cc1,-8.826889991760254
guided,NNC(=O)/C=C/c1ccc(Br)cc1,-2.9659550189971924
guided,O=C(c1cccnc1)N1CCN=C1SCc1cccnc1,-2.6468427181243896
guided,OC1[CH-][CH-][OH+]CC1O,-3.42393159866333
guided,Fc1ccc(N2CCN(c3ncnc4c3cnn4Cc3ccco3)CC2)cc1,-2.4277689456939697
guided,[O-][C+]1CN([c+]2[cH-][cH+][cH-][cH+][cH-]2)[C+]([O-])[N-]CN1,-1.0914255380630493
guided,NS(=O)(=O)c1ccc(CCN[C@@H](CC(=O)N[C@]23C[C@H]4C[C@H](C[C@H](C4)C2)C3)C(=O)O)cc1,-0.41466543078422546
guided,COCCN(CC(C)C)S(=O)(=O)c1ccc2c(c1)C(C)(C)C(=O)N2C,-1.9417885541915894
guided,CCC(=O)Oc1cccc(C(=O)Nc2ccc3c(c2)OCO3)c1,-1.6273564100265503
guided,CSc1nc(NC[C@H](C)O)c2c3c(sc2n1)CN(C)CC3,-2.36869478225708
guided,Cc1ccc(NC(=O)C#CC/C=C2/N=C3CCCCC3=C(CC(C)C)[N-]2)nc1.[H+],-4.026476860046387
guided,O=C(O)c1cnc(-c2ccccc2)nc1C(F)(F)F,-2.4831607341766357
guided,CCCN1CCN=C1c1ccc(OC)cc1,-7.59228515625
guided,NS(=O)(=O)c1ccc2ccccc2c1,-2.3339359760284424
guided,COCCCn1c(SCc2cccs2)nnc1-c1ccccc1,-6.150527000427246
guided,COc1cnc(Oc2ccc(F)cc2)cc1OC,-5.22962760925293
guided,Cn1c(NC[C@@H](O)c2ccc([N+](=O)[O-])cc2)nnc1-c1cnn(-c2ccccc2)n1,-0.4384651780128479
guided,O=S(=O)(c1ccccc1)c1nc(OCC(F)(F)F)cc(C(F)(F)F)n1,-2.1447670459747314
guided,Cc1oc(-c2cc(Cl)cc(Cl)c2)cc1C(=O)NCCC1=CCCCC1,-7.836112022399902
guided,CCCn1cc(SCc2nc3ccccc3[nH]2)c2ccccc21,-7.970105171203613
guided,COc1cc2ccccc2cc1C(=O)Nc1nccs1,-4.014769077301025
guided,N#C/C(=C\NN)c1n[nH]c(=S)n1-c1ccc(Cl)cc1,-0.5695520043373108
guided,O=C1c2ccccc2CC[C@H]1Cc1ccccc1,-9.816899299621582
guided,Cc1cccc(NS(=O)(=O)c2cc3c4c(c2)CC(=O)N4CCC3)c1C,-2.1727495193481445
guided,CC(C)Cn1c(-c2nonc2N)nc2c1c(=O)n(C)c(=O)n2C,-0.36510059237480164
guided,CCOC(=O)Cn1c(=O)oc2cc(S(=O)(=O)Nc3ccc(C)cc3)ccc21,-0.44823864102363586
guided,O=C(O)[C@@H]1CCCCN1C(=O)N1CCN(C(=O)c2cccc(Br)c2)CC1,-1.0280364751815796
guided,NNC(=O)Nc1nn(-c2ccccc2)c(=S)n1-c1ccc(Cl)cc1,-0.9614592790603638
guided,O=[N+]([O-])c1cccc(CC[S@+]([O-])NCc2ccco2)c1,-0.602019190788269
guided,CCOC(=O)c1c(C)[nH]c(C)c1S(=O)(=O)NCCN1CCN(c2ccccc2F)CC1,-0.45447424054145813
guided,COCC(=O)Nc1ccccc1C(=O)O,-1.066841959953308
guided,COc1ccc(Nc2nc3[s+]ccn3c([O-])c2C)cc1OC,-1.732513427734375
guided,CCOC(=O)N/N=C/c1c(SCc2ccc(Cl)cc2)c2c([nH]c1=O)CCCC2,-2.0163114070892334
guided,COc1ccc(N2C(=O)N3[C@H](c4ccc(C)cc4)[C@@H]4C(=O)N(Cc5ccccc5)C(=O)[C@@H]4[C@]3(C)C2=O)cc1,-1.6657525300979614
guided,O=C(CCn1[nH]c(=O)c2ccccc2c1=O)N1CCN(c2ccccc2)CC1,-0.863907516002655
guided,[NH-]N[c+]1[n-][c+](C[c+]2[cH-][cH+][c-](OC3CCOC3)[cH+][cH-]2)[cH-][nH]1,-0.9142467379570007
guided,CN(C)C(/C=C1\N=c2ccccc2=[S+]c2cnccc21)=C(\[O-])O,-1.2588287591934204
guided,COCCNC(=O)COC(=O)/C=C/c1c(C)nn(Cc2ccccc2Cl)c1Cl,-1.1143064498901367
guided,CO/N=C/c1cc(Cl)c(OC)c(OC)c1,-5.1042704582214355
guided,Cn1c(=O)c2c(nc(N3CCN(C(=O)[C@H]4CCCO4)CC3)n2Cc2cc3ccccc3[nH]c2=O)n(C)c1=O,-0.2650507092475891
guided,[S-]P(NCCCCO[c+]1[cH-][cH+][cH-][cH+][cH-]1)N1CCOCC1,-6.124034881591797
guided,COc1ccc(C#N)c(OC(=O)c2ccc([N+](=O)[O-])cc2)c1,-0.6591905355453491
guided,O=C(C[S+2]#CN1CC[S+]=C1[N-]c1ccccc1)Nc1ccc(N([O-])[O-])cc1Br,-0.9865727424621582
guided,CN(C)S(=O)(=O)c1ccc(NC(=O)C(=O)c2cccs2)nc1,-0.31049594283103943
guided,COc1ccc(-c2nnc(SCC(=O)Nc3c(C)c(C)nn3C#N)o2)cc1,-0.5848557353019714
guided,C[C@@H](CCCCC(=O)O)C(=O)O,-1.4259252548217773
guided,O=S1(=O)CC[C@@H](S(=O)(=O)N2CCCCC2)C1,-1.522797703742981
guided,CCOC(=O)COc1cccc(Oc2ccccc2)c1,-4.822487831115723
guided,COc1ccc(CNC(=O)N2CCN(c3cccc(C)c3C)CC2)cc1OC,-3.5714733600616455
guided,COc1cc2nc(Cl)nc(N3CCOCC3)c2cc1OC,-2.793012857437134
guided,O=C(COC(=O)c1cc2sccc2n1Cc1cccs1)NCc1ccco1,-2.162724018096924
guided,CCS[C@H]1NC(=O)N(CC(=O)Nc2ccc(F)cc2)C1=O,-0.9324209690093994
guided,C[c-]1[cH+][c-]2[c+](s1)[CH-][C+]([C-]([O-])[CH+][CH+]N(C)C)[S+2]([O-])(O[C-]1[CH-][CH+][CH-][CH+][CH-]1)O2,-1.7896617650985718
guided,CCOC(CNC(=O)C1CCN(S(=O)(=O)c2ccc3c(c2)N(C(C)=O)CCO3)CC1)OCC,-0.4072832763195038
guided,CNCCN1C(=O)c2ccccc2C1=O,-3.575709104537964
guided,O[c-]1[cH+][c+]2[n-][cH-][cH+][c-]3[c-](-[c+]4[cH-][cH+][c-](F)[cH+][cH-]4)[n-][c+]4[cH+][cH-][cH+][c-]1[c+]4n23,-4.177311420440674
guided,O=S(=O)(c1cc(Cl)ccc1Cl)N1CCCC1,-5.735201358795166
guided,CCC(=O)N/N=C/c1sc2ccccc2c1O,-2.409017562866211
guided,CCOC(=O)C1CCN(C(=O)C2CCN(c3nn4c(=O)cc(C)nc4s3)CC2)CC1,-0.4204573631286621
guided,O=C=N/C(=C/CN1CCN(c2ccc(F)cc2)CC1)C(=O)NC1CCCCC1,-2.164964199066162
guided,[H]/[O+]=N/C(=[N-])C(=O)NCCCN1CCCC1,-0.5931879878044128
guided,O=C(Nc1ccc2c(c1)OCO2)c1cc2ccc(O)cc2oc1=O,-0.5314356684684753
guided,[O][C]([C+]1[CH][CH][CH]O1)N1CCN([C]2[CH][CH][C](N([O-])[O-])[CH][CH]2)CC1,-0.7709457278251648
guided,C[O+][C]1[C][C](C2N[C]3[N][C]4[CH][CH][CH][CH][C]4N3[C](C)[C]2[C]([O])[C]2[CH][CH][CH][CH][CH]2)[CH][CH][C]1OC(F)F,-2.1695120334625244
guided,CCCNc1c(N)c(=O)oc2ccccc12,-1.7596757411956787
guided,O=C(NCC(=O)N(Cc1nc(-c2ccc(F)cc2)no1)[C@@H](C(=O)NC1CCCC1)c1ccncc1)c1ccccc1,-1.2425071001052856
guided,[O-][S@@+](Cc1nnnn1-c1ccccc1)c1ccccc1,-1.8445628881454468
guided,CN(C)/C=C(\C#N)S(=O)(=O)c1ccc(-c2csnn2)s1,-0.6284601092338562
guided,[F-],-5.0
guided,O=[N+]([O-])c1cccc(CN2CCN(c3cccc(C(F)(F)F)c3)CC2)c1O,-2.280409812927246
guided,O=S(=O)(c1nc(-c2ccccc2)oc1N1CCOCC1)c1cccc2cccnc12,-1.2788618803024292
guided,O=C(COc1ccc(Cl)cc1)NN(Cc1ccccc1)C(=O)c1ccccc1F,-3.7055203914642334
guided,COCCCN1C=CC=C2N/C(=C3/C=CC=C[CH-]3)O[O+]=C21,-4.376574516296387
guided,COc1cc(C(=O)N2CCC[C@@H]2C(=O)O)cc(OC)c1OC,-0.6295995116233826
guided,CC(C)[C@H]1Cc2c([s+]c3n4c(SCC(=O)NCc5ccccc5)nnc4n(C)c([O-])c2-3)CO1,-0.799640953540802
guided,CN(C)CCNC(=O)[C@@H]1CCCN1C(=O)Nc1ccccc1[N+](=O)[O-],-0.2786867618560791
guided,COCCn1cnnc1SCc1nnc(-c2ccc(Cl)cc2)o1,-1.3406484127044678
guided,[O-][c-]1[c+]2[cH-][cH+][cH-][cH+][c+]2[n-][cH+]n1[C+]1S[N-][N-][C-]1[C+]1[C][CH+][C-](Br)[CH+][CH-]1,-2.265340566635132
guided,N#CN/C(=N\c1ccc(F)cc1)SCc1ccc([N+](=O)[O-])cc1,-1.3931093215942383
guided,S=C(Nc1ccc(Cl)c(Cl)c1)Nc1ccc(N2CCOCC2)c(Cl)c1,-7.676629066467285
guided,NS(=O)(=O)c1ccc(NC(=S)N2CCC(Cc3ccccc3)CC2)cc1,-1.552459716796875
guided,CCCC[C@H](CC)C(=O)Nc1ccccc1NC(=O)c1cc2sccc2n1C,-4.615621089935303
guided,O=C(COC(=O)c1c[nH]c(=O)[nH]c1=O)Nc1ccccc1F,-0.33055388927459717
guided,Cc1ccc(NC(=O)CN(CCO)S(=O)(=O)c2cccc(C)c2)cc1,-0.597413957118988
guided,CC(=O)c1cc(F)c(N2CCC(C(=O)O)CC2)c(F)c1,-2.9023241996765137
guided,CCCCN(C[CH-]C[O-])C[c+]1[cH-][c+]2[cH-][cH+][cH-][cH+][c-]2[nH]1.[H+],-4.75438928604126
guided,[CH2-]N(C)C(CC1CO[C+]([O-])[c-]2[cH+][cH-][cH+][cH-][c+]21)[c+]1[cH-][c+]([O-])o[c+]2[cH-][cH+][c-](C(C)(C)C)[cH+][c-]12,-2.5428948402404785
guided,CC(C)CN(Cc1ccc(Cl)cc1)C[C@H](O)COc1ccc(Cl)cc1,-7.852424144744873
guided,COc1cccc(CCNC(=O)N[C@]23C[C@H]4C[C@H](C[C@H](C4)C2)C3)c1OC,-3.1664435863494873
guided,O=c1oc(S(=O)(=O)N2CCCC2)cc2ccccc12,-1.6616207361221313
guided,Cc1nn(-c2cccc([N+](=O)[O-])c2)cc1Cl,-2.6929004192352295
guided,COc1ccc(C(=O)NCCC(=O)N2C[C@@H](C)Oc3ccccc32)cc1,-1.8760154247283936
guided,FC(F)(F)c1cccc(-n2c(COc3cc(C(F)(F)F)ccn3)n[nH]c2=S)c1,-4.720475673675537
guided,CO[c+]1[cH-][c+]([CH-]O[C+]([O-])[C+]([CH+][N-]C[c+]2[cH-][cH+][cH-]o2)[CH-][CH+][CH-][c+]2[cH-][cH+][cH-][cH+][cH-]2)[cH-][cH+][c-]1OC,-2.4931843280792236
guided,FC(F)(F)/C(=N\c1ccc(Br)cc1)N/C=N/c1ccc2c(c1)OCO2,-4.575299263000488
guided,[C-3]C12C([C+]3CC(C)[C+]([CH+][c+]4[cH-][cH+][c-](OC)[c+](CN5[CH-][CH+][CH-][N-]5)[cH-]4)[C-]3[O-])[O+]1C2[c+]1[cH-][cH+][cH-][c+](OC)[cH-]1,-3.256789207458496
guided,COCCOC(=O)c1c(C)oc2cc(Br)c(O)c(CN3CCCCC3)c12,-2.416003465652466
guided,CCOC(=O)C[C@@H](C(=O)O)c1ccc(OC)c(OC)c1,-0.8154704570770264
guided,CCCn1nnnc1NC(=O)CSCc1ccccc1Cl,-1.5836901664733887
guided,Clc1cc(Cl)cc(-c2csc(N3CCc4c([nH]c5ccccc45)[C@@H]3c3ccccn3)n2)c1,-8.78541374206543
guided,NCC#C/C(=C(\[O-])Nc1cccc(C(F)(F)F)c1)c1[s+]c2ccccc2n1-c1ccccc1,-3.817612648010254
guided,ClCOc1ccccc1-c1nnc(-c2ccc(-c3cccc(Cl)c3)o2)o1,-5.138434886932373
guided,COc1ccc([N+](=O)[O-])c(S(=O)(=O)c2cc(Oc3cc(C)cc(F)c3)c(Cl)cc2N)c1,-2.191906690597534
guided,COc1ccc2c(=O)c3c(=O)n(-c4cccc(F)c4)c(SCC#N)nc3oc2c1,-0.8849419951438904
guided,CC(C)C[C@@H]1NC(=O)N(CC(=O)/C=C/C=C/c2ccco2)C1=O,-1.116265058517456
guided,[O-][S+2]([O-])(CC[CH-][c+]1[cH-][cH+][c-](Cl)[cH+][cH-]1)NC[c+]1[cH-][cH+][cH-]o1,-1.8725929260253906
guided,OCCNc1nc(-c2ccc(-c3ccccc3Cl)o2)nc2ccccc12,-2.9128365516662598
guided,CC(C)[C@@H](NC(=O)c1ccc(C(F)(F)F)cc1)C(=O)N[C@H]1CC[C@@H](C)CC1,-3.8235318660736084
guided,COCCCn1c(SCC(=O)Nc2cccc(OC)c2)nc2c(sc3ccccc32)c1=O,-1.9861286878585815
guided,CN[C@](C)(C(=O)NCc1ccc(F)cc1)C(=O)Nc1ccc2c(c1)OCCO2,-0.5007647275924683
guided,[O-][C+](C[C]CS[c+]1[n-][c+]2[cH-][cH+][cH-][cH+][c-]2[nH]1)N[C@@H]([c-]1[cH+][cH-][cH+][cH-][cH+]1)[c-]1[cH+][cH-][c+](Cl)[cH-][cH+]1,-3.673748731613159
guided,Nc1nc(SCCOc2ccccc2)n[nH]1,-1.0473294258117676
guided,COc1ccc(C/C(C)=N/O)cc1OC,-3.5067355632781982
guided,O=S(=O)(Cc1ccccc1)NCCCOc1ccccc1,-3.077990770339966
guided,CCC(=O)Oc1cccc(-c2csc(N3CCOCC3)n2)c1,-3.6624579429626465
guided,O=S1(=O)OCC[C@H](c2ccc(F)cc2)N1Cc1ccc(Cl)cc1,-4.793480396270752
guided,NS([O])([O])[C]1[CH][CH][C]([C-][CH][CH][C-][C+](O)[N]O)[CH][CH]1,-0.6092789769172668
guided,CCOC(=O)SC1=N/C(=C\c2ccc(OC)c(OC)c2)C(=O)S1,-1.990337610244751
guided,Clc1ccc(/N=C(\c2ccccc2)N2CCOCC2)cc1Cl,-8.83720588684082
guided,[CH]C(C[C-]1CCCCC1)N[C]([O])CN1[CH][N][C]2[S+2][C]3CCCC[C]3[C]2[C]1[O],-2.3985416889190674
guided,NC(=S)NNC(=O)c1ccccc1,-1.7559551000595093
guided,[O-][C+](O)CCCCOCC[CH-][C+]([O-])[C-]1[N-]NCC1[C+]1[CH+][CH-][CH+][CH-][CH+]1,-0.5516758561134338
guided,CCCCN(Cc1cc2ccccc2nc1Cl)S(=O)(=O)N(C)C,-3.6370816230773926
guided,CCC[c-]1[cH+][n-][c+]2n1[N-][C]NN2C1CC[C+]2[CH+][CH-][CH+][CH-][C+]2C1,-4.137087345123291
guided,C[C](C[C]([O])N[CH][C-][C]([O])[C+]([O])[O-])[N+][NH+][C]([O])[C]([O])NC(C)C.[C-4].[CH-3].[H+].[H+].[H+].[H+].[H+],-0.5902134776115417
guided,COc1ccc(C2C(=O)N(C)C(=O)N(C)C2=O)cc1OC,-1.0322176218032837
guided,Cc1ccccc1NC(=O)NCCCn1ccnc1,-2.65126633644104
guided,O=C1CCCCN1CCc1ccc(F)cc1,-8.588576316833496
guided,CCN[S+2]([O-])([O-])[c-]1[cH+][cH-][c+](N[C-]([O-])[C+]2[C+]([c+]3[cH-][cH+][c-]4[c+]([cH-]3)OCO4)[N-][N-][C+]2C(F)(F)F)[cH-][cH+]1,-0.7600842118263245
guided,COc1ccc(/C=N/NC(=O)c2c(Cl)cnn2C)cc1OCc1ccccc1,-1.5955666303634644
guided,Brc1cccc(OCCOc2ncnc3ccccc23)c1,-5.149681091308594
guided,CCOC(=O)[C@@]1(Cc2ccc(OC)c(S(=O)(=O)N3CCOCC3)c2)CCCN(C(=O)Cn2cncn2)C1,-0.35382047295570374
guided,C=CCN(c1ccc(C)c(F)c1)S(=O)(=O)c1ccccc1,-5.987161636352539
guided,O=C(Nc1ccccn1)[C@H]1CCCN1S(=O)(=O)c1ccccc1[N+](=O)[O-],-0.34479838609695435
guided,Cc1ccc(NC(=O)CCC(=O)O)cc1F,-1.913198471069336
guided,CN(CCc1nc2ccccc2[nH]1)Sc1cccc2ccccc12,-7.940928936004639
guided,[CH2-]C/C=N\[N+]1=[C-]N=N/C1=[S+]/Cc1cc2ccc(F)cc2oc1=O,-1.610647201538086
guided,CCOc1cc(CN2CC=C(c3ccccc3)CC2)cc(Cl)c1OC,-9.934637069702148
guided,COc1cccc(Oc2nc(Cl)ncc2F)c1,-4.727520942687988
guided,CS(=O)(=O)N1CCN(c2ccc([N+](=O)[O-])c3nonc23)CC1,-0.3411582112312317
guided,O=C(Nc1cc(S(=O)(=O)Nc2ccccc2Cl)ccc1N1CCCC1)C1CC1,-2.0021865367889404
guided,[O-][C]O,-4.961490154266357
guided,[C-2][C+]1CN2[CH][C][C](O)CCC(O)(N[CH][C](Br)Br)C12,-2.998342990875244
guided,O/N=C(\c1ccc(F)cc1)C1CCCCC1,-6.957282543182373
guided,C[c-]1[cH+][cH-][c+]2[c-]([cH+]1)C1[C-]([CH+][C-]([C+]([O-])NC[c+]3[cH-][cH+][cH-]o3)ON1[c-]1[cH+][cH-][cH+][cH-][cH+]1)O2,-2.0888240337371826
guided,CC(C)C(=O)C(C)(C)[C@]1(O)C(=O)Nc2ccccc21,-1.865821361541748
guided,Clc1ccc2nc(Nc3nsnc3C3CCCCC3)sc2c1,-5.992025375366211
guided,O=S(=O)(/C=C/c1cccc(Cl)c1)N1CCN(C2CCCC2)CC1,-5.362985134124756
guided,[CH2-]SC,-13.207829475402832
guided,CCOc1ccccc1NC(=O)CSc1nnc(CNC(=O)OC(C)(C)C)n1-c1ccc(Cl)cc1,-2.3044698238372803
guided,CN(C)S(=O)(=O)NCCNc1ccc([N+](=O)[O-])cc1C(F)(F)F,-0.4197383224964142
guided,COCCCn1nnnc1SCC(=O)N1c2ccccc2C[C@H]1C,-1.2832748889923096
guided,N[C@@H](CS[C@]12C[C@H]3C[C@H](C[C@H](C3)C1)C2)C(=O)O,-2.3303072452545166
guided,O=S(=O)(c1ccc2c(c1)OCCO2)N1CCN(c2ccc(Cl)c(Cl)c2)CC1,-3.041574239730835
guided,CCCS(=O)(=O)N1CCC[C@H](C(=O)NC2CCCCC2)C1,-2.0015313625335693
guided,NNC(=O)c1ccc(Oc2cc(Cl)cc(Cl)c2)o1,-1.5036545991897583
guided,CN(c1cccc(NC(=O)CCSc2ccccc2)c1)S(=O)(=O)c1ccc(-c2ccccc2)cc1,-5.169487953186035
guided,Nc1c(-c2ccc(Cl)cc2)cnn1[C@H]1CCS(=O)(=O)C1,-1.1242144107818604
guided,NC1=[S+]/C(=C\c2ccc(Br)cc2C(=O)O)C([O-])=N1,-0.43454882502555847
guided,Clc1ccc(OCCCN2CCNCC2)cc1Cl,-7.843283176422119
guided,COC(=O)N/N=C\c1cccs1,-3.4662108421325684
guided,CC[C-](CC)[C+]([N-]CCCN(C)C)[c+]1[cH-][cH+][cH-][cH+][cH-]1,-10.206442832946777
guided,CO[c-]1[cH+][cH-][c+]([S+2]([NH-])([O-])[O-])[cH-][c+]1N,-0.35989290475845337
guided,COc1cc2ccccc2cc1C(=O)NCCCn1ccnc1,-3.063055992126465
guided,COc1ccc(OCCCC(=O)NCCc2nc3ccccc3[nH]2)cc1,-1.470238208770752
guided,S=C(Nc1ccc(Cl)cc1)N1CC[C@@H](c2ccccc2)C1,-10.869473457336426
guided,[CH2-]CO[c+]1[cH-][cH+][c-](-[c+]2[cH+][n-][nH][c-]2-[c+]2[cH-][cH+][cH-]s2)[cH+][c-]1O,-3.1838715076446533
guided,[O][C]1[C][C]([NH+][C]2[CH][CH][CH][CH][C]2N[C]([O])[C]2[CH][CH][CH]O2)CCC1,-1.2447775602340698
guided,[O-][C+]1[N-][C+]([N-][c+]2[cH-][cH+][cH-][c+](O)[cH-]2)S[C+]1[CH-][c+]1[cH-][c+](N([O-])[O-])[cH-][cH+][c-]1O,-0.8912254571914673
guided,COc1cc(C(=O)NCCSC2CCCCC2)ccc1C,-6.062219142913818
guided,O=C(CNc1ccc(F)cc1)NCCOc1cccc(Cl)c1Cl,-4.307280540466309
guided,Cc1ccc(Cl)cc1NC(=O)CCN1CCC[C@@H](c2ccccc2)C1=O,-4.891899585723877
guided,Clc1cnccc1-n1cncn1,-4.4427714347839355
guided,Nn1c(SCC(=O)Nc2cccc3ccccc23)nnc1-c1ccco1,-0.7758492231369019
guided,[O-][C+](O)[C][C@@H](O)[C+]([O-])CO,-0.65874183177948
guided,S=C(Nc1cccnc1)Nc1cccc(OCCCN2CCCCCC2)c1,-5.0090556144714355
guided,O=S(=O)(/C=C/c1ccco1)NCCCN1CCOCC1,-1.29997718334198
guided,O=C(/[C-]=[N+]1/C(=O)N[C-](C2=C=C=C=C=C2c2cccc3ccccc23)C1=O)NC1CC1.[H+],-1.121821403503418
guided,CSc1nc2ccccc2nc1Cc1ccc(C(C)C)cc1,-9.2105712890625
guided,CCOC(=O)C(Cc1cc2ccc(C)cc2[nH]c1=O)(NC(C)=O)C(=O)OCC,-0.3451445996761322
guided,O[C@H](CNCc1ccccc1Br)c1ccccc1,-6.739597320556641
guided,COc1ccc(C(N)=O)c(O)c1N1Cc2ccc(C)cc2C1,-1.2439970970153809
guided,Brc1ccc(Cn2nnc3ccccc32)cc1,-6.961058139801025
guided,CN(Cc1ccc(F)cc1)S(=O)(=O)c1cccs1,-5.597497463226318
guided,COc1ccc(NC(=S)N(Cc2ccco2)[C@@H](C)c2ccco2)cc1,-5.122962951660156
guided,O=C(CCc1nc2ccccc2c(=O)[nH]1)NCc1cccnc1,-0.4607895016670227
guided,Cc1cc(Oc2ccnc3ccccc23)ccc1-n1cnnn1,-2.387526273727417
guided,CC(=O)c1ccc(NC2=C(Cl)C(=O)N(C3CCCCC3)C2=O)cc1,-2.530512571334839
guided,[H+].[O][C]1[N][CH][C][N+][C][C][C][C][C](O[C]([O-])[C]2[C][CH][CH][CH][CH]2)[C][C-][CH][CH][O+][C](NCCCO)[C]2[N][C]1[C]1[N][CH][CH][C]1[C]2[O],-0.6027851104736328
guided,CC(=O)Cc1nsc(NC(=O)c2ccc(COc3ccccc3Cl)o2)n1,-1.2375928163528442
guided,O=C(O)c1ccccc1/C=C/Nc1ccccc1[N+](=O)[O-],-1.1032794713974
guided,Brc1cccc(OCCCN2CCCCC2)c1,-10.833457946777344
guided,O=C(COc1cccc(C(F)(F)F)c1)N1CC[C@@H](c2ccccc2)C1,-7.698034763336182
guided,Cc1noc(C(=O)Nc2cnccc2C(F)(F)F)c1Cl,-2.30318284034729
guided,O=C(O)c1cc(/N=C2\C=C(O)c3ccccc3C2=O)ccc1O,-0.785311222076416
guided,CNS(=O)(=O)c1ccc(CN2C(=O)c3cccnc3C2=O)s1,-0.33607545495033264
guided,Cc1ccc(OCc2nnc(SCC(=O)Nc3nc4ccccc4s3)o2)cc1,-1.6889564990997314
guided,[OH-],-7.230311870574951
guided,O=C(NCCCn1ccnc1)c1ccc(Cl)s1,-4.137887477874756
guided,Cc1cc(=O)n2/c(=C(/[O-])N(CC(=O)NCCCN3CCOCC3)c3ccc(F)c(Cl)c3)c[s+]c2n1,-0.25819724798202515
guided,C=CCSc1nnc(SCc2nc3ccccc3c(=O)[nH]2)s1,-1.9608381986618042
guided,COc1ccc(CC(=O)NCc2ccc([N+](=O)[O-])cc2)cc1OC,-0.6532089114189148
guided,[O-]P([c+]1[cH-][cH+][c-]2[c+]([cH-]1)OCO2)[c+]1[cH-][cH+][cH-]o1,-2.8949697017669678
guided,CC[P@](=O)(c1ccccc1)[C@H](C)[P@@](=O)(c1ccccc1)c1ccc(F)cc1,-7.9115214347839355
guided,COc1ccc(NCc2nnc(SCc3ccc([N+](=O)[O-])cc3)n2-c2ccc(OC)cc2)cc1,-2.3694186210632324
guided,CC(=O)c1c(C)oc2ccc(NS(=O)(=O)c3ccccc3C)cc12,-2.1013901233673096
guided,COC[C@H](OC(=O)c1ccc2[nH]c(=O)c(=O)[nH]c2c1)Oc1ccc(F)cc1,-0.357429176568985
guided,[NH-]N[C+]([O-])CNC([c+]1[cH-][cH+][c-](F)[cH+][cH-]1)[c+]1[cH-][c+](Cl)[cH-][cH+][c-]1N[C+]([O-])[c+]1[cH-][cH+][cH-][cH+][cH-]1,-0.7452470064163208
guided,Fc1ccc(-n2cnc3ccccc32)nc1,-6.619633197784424
guided,CC(=O)c1cc(Br)c(Nc2cc(C)nc3c(Cc4ccc(F)cc4)cnn23)cc1C,-5.204644680023193
guided,O=C(N/N=C(\c1ccccc1)c1ccc(O)cc1)c1ccccc1C(=O)N1CCCCC1,-1.963845133781433
guided,S=C(NCCc1cccc(Cl)c1)NCc1cccs1,-8.39996337890625
guided,COc1ccccc1N(C)C(=O)c1cccc2c(Br)cccc12,-8.34846305847168
guided,O=C(O)CCc1ccc(O)cc1,-2.763072967529297
guided,O=C(COC(=O)CNS(=O)(=O)c1c(Cl)cccc1Cl)NCc1cccs1,-0.48864486813545227
guided,[CH2-]O[c+]1[cH-][cH+][c-](Cl)[cH+][c-]1[C+]([O-])N(Br)[C+]([O-])N[c+]1[cH-][cH+][cH-][c+]2[cH-][cH+][cH-][cH+][c-]12,-2.054786205291748
guided,CCCc1cc(=O)[nH]c(SCC(=O)NCc2ccc(N3CCOCC3)cc2)n1,-0.6087727546691895
guided,CN(Cc1ccccc1)C(=O)N1CCOCC1,-6.029595375061035
guided,Fc1ccc(-c2ccnc(Nc3ccc(SC(F)F)cc3)c2)cc1,-10.382452011108398
guided,[O][C]([C][C]([OH+])[C]1[CH][CH][C](O)[C](O)[CH]1)[C]1[CH][C]2[CH][CH][CH][CH][C]2O1,-0.7362421751022339
guided,CN(C)C(=O)[C@H]1CC(c2ccccc2F)=NO1,-4.613556385040283
guided,O=C(Cc1cccc(C(F)(F)F)c1)NNC(=S)Nc1cccc(Cl)c1Cl,-4.675924777984619
guided,CS(=O)(=O)c1ccc(Cl)c(NC(=O)[C@@H]2CC(=O)N(Cc3ccco3)C2)c1,-0.5078209638595581
guided,O=S(=O)(CCS(=O)(=O)c1nc2ccc(Cl)cc2s1)c1ccccc1,-1.3213801383972168
guided,FC(F)Sc1nccn1-c1ccccn1,-6.67963171005249
guided,O=C(CNC(=O)c1ccc(Oc2ccccc2)cc1)NC[C@H]1CCCO1,-1.2374331951141357
guided,COC[CH-]n1[c+](C2CCCCC2)[n-][c+]2[cH-][cH+][cH-][cH+][c-]21,-7.539346218109131
guided,[CH2+]CC/C=C1\[C@H]2C=C[C@@H]1[C@H]1C(=O)[N-]C(=O)[C@H]12,-3.988619089126587
guided,Cc1cc(/C=N\N=C2/C(=O)Nc3ccc([N+](=O)[O-])cc32)c(C)n1-c1ccc(Cl)cc1,-1.7589808702468872
guided,Nc1ccc(S(=O)(=O)N2CCC(C(=O)NCc3ccco3)CC2)cc1,-0.3151887059211731
guided,O=C(NNS(=O)(=O)c1ccc(Cl)cc1)c1ccccc1O,-0.4168638288974762
guided,CC(=O)c1cc(S(=O)(=O)N(C)c2ccc(O)cc2)ccc1OCC(=O)O,-0.4142642617225647
guided,O=S(=O)(c1ccc(C2CCCCC2)cc1)N1CCN=C1SCc1cc(F)ccc1Cl,-6.387324810028076
guided,CSc1ccc(-c2nnn(Cc3nc4ccccc4s3)n2)cc1,-3.5338947772979736
guided,CCCN(Cc1ccc2ccccc2c1)CC(C)C,-13.70844554901123
guided,CCNc1ccc(S(=O)(=O)N(C)C)cc1[N+](=O)[O-],-0.47892943024635315
guided,CC(=O)Nc1ccc(NC(=S)Nc2ccon2)cc1,-1.0979686975479126
guided,C[C@H](CN=[N+]=[N-])CNc1ccc(C(=O)NC[C@@H]2CCCO2)cn1,-0.5883400440216064
guided,[O-][c+]1[nH][c+](P([O-])N[c+]2[cH-][cH+][cH-][cH+][c-]2Cl)[n-][c+]2[cH-][cH+][cH-][cH+][c-]12,-0.5923622250556946
guided,O=C(N[C@@H](O)C(=O)c1ccccc1)c1ccc(F)cc1,-1.8146567344665527
guided,CO[c-]1[cH+][cH-][cH+][cH-][c+]1C1[c-]2[nH][c+]3[cH-][cH+][cH-][cH+][c-]3[c+]2CC2[C+]([O-])N(CCCN3[CH+]COCC3)C[C-]([O-])N21,-0.39553168416023254
guided,NNC(=O)CN1CCN(c2ccccn2)CC1,-1.1001726388931274
guided,CC(=O)c1ccc(C[C@@H](C)c2ccc(C(=O)c3ccccc3)cc2)cc1,-8.20280647277832
guided,COc1ccc2c(c1O)C(=O)c1ccccc1C2=O,-2.1239185333251953
guided,Cc1ccc(-c2noc([C@@H]3CCCN(S(=O)(=O)c4ccccc4)C3)n2)cc1,-1.8088037967681885
guided,C=C(/N=[N+](\C=C1\C=C2C=CC(OC)=C[C-]2N=C1Cl)S(=O)(=O)c1ccc(F)cc1)c1ccco1,-2.9711763858795166
guided,Clc1nc(Nc2ccc3c(c2)oc2ccccc23)nc2ccccc12,-6.278769493103027
guided,[O][C](C[C+]1[CH][CH][CH]S1)N[N][CH][CH][CH][C]1[CH][CH][CH][CH][C]1N([O-])[O-],-0.7090373039245605
guided,[O-]OC1=C(c2ccc3ccccc3c2)[O+]=C=C1,-4.355048656463623
guided,S=C1CCCCO1,-10.913195610046387
guided,SCCN(Cc1ccccc1)Cc1nc2ccccc2[nH]1,-6.864348411560059
guided,COCCOc1cc(-n2[nH]c(=O)c3ccccc3c2=O)c(Cl)cc1Cl,-1.684288740158081
guided,CCOCC(=O)Nc1c(C(=O)OCC)oc2ccccc12,-1.1821012496948242
guided,FC(F)(F)c1n[nH]c(=S)n1/N=C/c1ccco1,-2.7914905548095703
guided,[CH2+]O[C+]([O-])[C+]1[CH+][CH-]N(C)[C+]1[C]NOCCO[C-]([O-])[c+]1[cH-][c+](Br)[cH-][cH+][c-]1OCC,-0.3534550070762634
guided,CC(=O)C1=C(N)Nc2ncnn2C1,-0.7252660989761353
guided,NNC(=O)C/[C-]=C/NC1=NC=[N+]=C1,-0.5670244693756104
guided,[O-][S+2]([O-])(O)[CH-]CO,-0.95537269115448
guided,O=C(N/N=C/c1cn(Cc2ccc3c(c2)OCO3)c2ccccc12)c1cccc([N+](=O)[O-])c1,-1.4331082105636597
guided,[OH-],-7.230311870574951
guided,COc1ccccc1N/C(N)=N\c1nc(C(F)(F)F)cc(=O)[nH]1,-0.425709992647171
guided,COc1ccc2ccccc2c1[C@H](c1ccc(C)o1)c1conc1C,-5.779916763305664
guided,COC/C=C\O[C@]1(C)Oc2c(c3c(c4oc5ccccc5c24)CCN(Cc2ccc(OC)cc2)C3)C1=O,-3.953223466873169
guided,C[C-]1CCC([C+]([O-])NC(C)C([c+]2[cH-][cH+][cH-]s2)N2CCOCC2)(C(C)C)C1,-4.501692295074463
guided,COc1ccc(OC)c2sc(NC(=O)C(C)C)nc12,-2.673940420150757
guided,S=c1[nH]nc(COc2ccccc2)n1/N=C/C=C/c1ccco1,-2.40519118309021
guided,C=[P+]([O-])c1ccc(C)cc1.CCOP(=O)=[O+]CC.C[CH-]OC(=O)[O-].[H+],-0.5132412910461426
guided,[N-][P]([O-])(O[C]1[CH][CH][CH][CH][C]1Cl)O[C+]1[CH][CH][CH][CH][CH]1,-2.496608018875122
guided,COc1cc(OC)c(S(=O)(=O)N2CCCCC2)cc1/C=C(\C#N)C(=O)O,-0.432706356048584
guided,O=C(O)CNS(=O)(=O)Cc1ccccc1,-0.7297050356864929
guided,COc1ccccc1/C=N/NC(=O)c1ccc(N(C)S(=O)(=O)c2cccs2)cc1,-1.1028181314468384
guided,CCCn1c(N)c(C(=O)Cn2ccc(-c3ccc(F)cc3)n2)c(=O)[nH]c1=O,-0.3105010986328125
guided,O=[P@@](O)(CO)c1ccccc1O,-1.0489636659622192
guided,COCCCNC=C1C(=O)OC(C)(C)OC1=O,-1.3126225471496582
guided,O=C(Oc1cccc2cccnc12)c1ccco1,-3.6026697158813477
guided,Nc1c(NS(=O)(=O)c2cccc([N+](=O)[O-])c2)c(=O)[nH]c(=O)n1CC1CC1,-0.3363680839538574
guided,N#Cc1ccc(CSCC(=O)N2CCCC2)cc1,-4.5262956619262695
guided,[N-2][N-][C+]1[CH+][CH+][C-](N([O-])[O-])[CH+][C-]1[C+]([O-])N1CCCC1,-0.4828803539276123
guided,C/C(=N\NC(=O)CNC(=O)C1CCCCC1)[C@]12C[C@H]3C[C@H](C[C@H](C3)C1)C2,-2.3227458000183105
