source,smiles,log_reward
guided,CN(Cc1cccnc1)Cc1cn(Cc2ccco2)c(=O)[nH]c1=O,-0.6072596311569214
guided,Cc1ccc2c(c1)C(c1ccc(C(=O)O)s1)=NNC(=O)/C2=C\c1ccccc1,-2.106720447540283
guided,Fc1ccc(CNc2ccc(Br)cc2)c(Br)c1,-12.024711608886719
guided,NN(c1ccccc1)c1ccccn1,-4.65718936920166
guided,CCn1c(SCC(=O)Nc2ccccc2)nc2ccccc2c1=O,-2.3953092098236084
guided,N[C-]1[N-]O[N-][C+]1[c+]1[n-]o[c+](CCCC[CH+][N-][C+]([O-])C2CC[C+]([O-])NC2)[n-]1.[H+],-0.42440199851989746
guided,[O-][CH-][C+]1[C+]([C+]([O-])O)[N-][C+]([C][C]CO)N1C1CCCCC1.[O-][C][c+]1[cH+][cH+][cH+][cH-][cH+]1,-0.36162829399108887
guided,COCCCNc1nc(-c2ccccc2OC)nc2ccccc12,-3.538379192352295
guided,NNCc1ccccc1,-5.2701005935668945
guided,C[C-](C)C[CH+]C[C-](O)C[C+]([O-])O,-2.240436315536499
guided,[O][C](N[N][CH][C]1[CH][C](N([O-])[O-])[CH][CH][C]1O)C1N[N][CH+]C1Cl,-0.5539633631706238
guided,CNNC(=O)c1c(N)sc2c1CCCC2,-1.8175252676010132
guided,O=C(NCCCO)c1cccc(/C=C/c2ccco2)c1O,-0.9037359356880188
guided,COCCCNc1ncnc2c1oc1ccccc12,-2.6792290210723877
guided,COC(=O)c1nc(NC(=O)c2ccc(OC)c(OC)c2)n[nH]1,-0.3101772665977478
guided,COc1cc(C(=S)N(Cc2ccccc2)Cc2nc3ccccc3[nH]2)ccc1OCC(N)=O,-1.26669180393219
guided,Brc1ccc2nc(CCc3cc(-c4ccco4)n[nH]3)cn2c1,-3.442600965499878
guided,Brc1ccc(-c2nc3ccccc3s2)cc1,-11.492949485778809
guided,CCOC(=O)N/N=C/c1cn(-c2ccccc2)nc1-c1ccc(OC)cc1,-1.7125968933105469
guided,COc1cc2c(C)cc(=O)oc2cc1OC(=O)c1cc(OC)c(OC)c(OC)c1,-1.0116685628890991
guided,COc1ccc(C(=O)C2CCN(S(=O)(=O)c3c(C)noc3C)CC2)c2ccccc12,-1.3019014596939087
guided,CCOC(=O)[C@@H]1CCCN(C(=O)CNC(=O)c2cccs2)C1,-1.1123777627944946
guided,Cc1nn(-c2ccccc2O)c2c1[C@@H](c1ccc(Cl)cc1)n1nnnc1N2,-0.9875624775886536
guided,NN[C-]([O-])[C+]1N[CH+][C-](Br)[C+]1N1[CH-][C][C+](C2CCCCC2)[N-]1,-0.6504247784614563
guided,O=C(Nc1ccccc1C(=O)Nc1ccc(C(=O)c2ccc(C(=O)O)c(C(=O)O)c2)cc1)c1ccccc1,-2.153961658477783
guided,COC(=O)NC1CCN(c2ncc(C(F)(F)F)cc2Cl)CC1,-3.5055503845214844
guided,Clc1cccc(Cl)c1COc1ccc(-n2cncn2)nc1,-3.9234166145324707
guided,O=C1SCC[C@H]1NS(=O)(=O)c1ccccc1,-2.04590106010437
guided,COc1cccc2[nH]c(C(=O)NC[C@H]3CCCO3)cc12,-2.130779266357422
guided,O=C(/C=C/Nc1cccc(Br)c1)c1ccccn1,-5.368836402893066
guided,C[C@H]1CN(C(=O)C(C)(C)C)c2ccccc2O1,-6.966766357421875
guided,[H]/[C-]=C/[N+]#CNC(=O)C/[S+]=c1\[cH-]n(CC(=O)NCCCCOC)c2ccccc12,-1.0339747667312622
guided,COC(=O)c1ccccc1CSc1nccn1C,-4.464919567108154
guided,O=C(CSc1ncnc2ccccc12)Nc1ccnc2ccccc12,-2.5423178672790527
guided,CO[c-]1[cH+][c-]([CH-][C][C+]([O-])N[C+]([S-])N[C+]2[CH+][CH-][C+](Br)[CH-][C+]2Cl)[cH+][cH-][c+]1O[S+2](C)([O-])[O-],-0.4093247354030609
guided,O=C(Nc1cccc(Cl)c1)Nc1cccc2nsnc12,-2.760857582092285
guided,COc1ccc(/C=N/N2CCN(c3ccccc3)CC2)cc1Br,-7.587344646453857
guided,COc1cccc(CN2CCC(n3nccc3NC(=O)C3CCCC3)CC2)c1,-3.342133045196533
guided,CCNC(=S)N/N=C/c1ccco1,-3.606097459793091
guided,[CH2-]CCC(CO[c-]1[cH+][cH-][cH+][cH-][cH+]1)CN(C[c+]1[cH-][cH+][cH-][cH+][cH-]1)[C+]([O-])[c+]1[cH-][cH+][c-](N2CCOCC2)[cH+][cH-]1,-5.183706760406494
guided,COc1cc2nccc(Oc3cccc(Cl)c3C#N)c2cc1OC,-3.4221251010894775
guided,NC(=S)NNc1ccc(Cl)cc1,-3.6337664127349854
guided,O=S(=O)(NC[C@H](O)COc1c(F)cccc1F)c1ccccc1,-1.0970882177352905
guided,O=[S@]([O-])(=CBr)NC(=S)NCCc1ccccc1.[H+],-1.9887585639953613
guided,CCCNC(=S)Nc1ccc(C)c([N+](=O)[O-])c1,-2.1069695949554443
guided,CC(C)c1csc(CN(Cc2ccccc2)Cc2nc3ccccc3c(=O)[nH]2)n1,-3.7732865810394287
guided,COC[CH-]Cn1[c+](N)[cH-][c+]([O-])[nH][c+]1[O-],-0.44298920035362244
guided,CCn1nc(C(=O)Nc2ccc3oc(=O)ccc3c2)c2ccccc2c1=O,-0.6640844345092773
guided,CCO[C-]([O-])[C][C+](C)N[C+]([O-])[C+]1[CH+][CH-][CH+][c-]2[cH+][cH-][cH+][cH-][c+]21,-1.6784991025924683
guided,Cc1c(N(CC(=O)OCC2CCCCC2)S(=O)(=O)c2cccc(F)c2)c(=O)n(-c2ccccc2)n1C,-1.4756052494049072
guided,CC(=O)Nc1ccc(-n2[c-]n/c(=[S+]\C(C)C)n2Cc2ccccc2)cc1,-3.927396059036255
guided,CN(CCOCCOc1ccccc1Cl)Cc1ccco1,-6.309842586517334
guided,[CH2+]S[C-]([N-]C1CCCCC1)N[c+]1[cH-][cH+][cH-][cH+][c-]1Cl,-9.632466316223145
guided,[CH][c-]1[cH+][c-](OC)[c+](OC)[cH-][c+]1[C-]([O-])N[C+]1[CH+][CH-][CH+][CH-][C+]1SC[C-]1[CH+]C[CH-][CH+][CH-]1,-3.547220468521118
guided,COCCS/C=C(O)\C=N\Nc1ccccc1,-3.4609177112579346
guided,[O][C]([C+]1[C][C][C](CO[C]2[CH][CH][CH][CH][C]2F)[CH][CH]1)N1CCN([C]2[N][CH][CH][CH][C]2N([O-])[O-])CC1,-0.5860061049461365
guided,COc1ccccc1/C=C\C=N\NC(N)=O,-1.0157160758972168
guided,Nc1ccc([N+](=O)[O-])cc1/C=N\c1ccc2nn(-c3ccc(S(N)(=O)=O)cc3)nc2c1,-0.4904665946960449
guided,O=C(N/N=C/c1ccccc1OC/C=C/c1ccccc1)c1cc(=O)c2ccccc2[nH]1,-2.0346245765686035
guided,CCCn1nc(C(=O)NCc2ccccn2)c2ccccc2c1=O,-1.0809881687164307
guided,CCOc1ccc2occ([C@@H](O)[C@H](O)Cn3nc(C)cc3C)c2c1,-1.1388102769851685
guided,CC(=O)O[C@@H](C)Oc1ccc2c(Cl)c3c(nc2c1)CCC3,-4.5297675132751465
guided,O=C(c1cccc2ccccc12)N1CCN(Cc2cccs2)CC1,-8.567983627319336
guided,CCCCCO[C]1[CH][CH][C]([C+]2[N]N[C]3[CH][CH][CH][CH][C]32)[CH][C]1N([O-])[O-],-1.0705169439315796
guided,CCC(C)(C)n1nnnc1[C@H](c1ccccn1)N1CCOCC1,-1.564316987991333
guided,COc1ccc(N2CCN(C(=O)Cc3cc(C)ccc3OC)CC2)c(OC)c1,-3.683725118637085
guided,NS(=O)(=O)c1ccc2c(c1)[N@+]1([O-])O[O+]1/C(O)=C1\[CH-]C=CC=C1/C=N/N2,-0.4056188762187958
guided,C[C@@H]1C[C@H](CCC(=O)Nc2nccs2)C(=O)O1,-1.6901495456695557
guided,O=C1CCCN1c1cccc(P(=O)(Oc2ccccc2)Oc2ccccc2)c1,-4.500850677490234
guided,CCc1cc(O)c(C(=O)OCC(=O)c2ccc(C)cc2)c(O)c1O,-0.7155431509017944
guided,COc1ccc(N/C(N)=N\c2nc(CSc3ccc(C)cc3)cc(=O)[nH]2)cc1Cl,-1.486694574356079
guided,CC1C[C][C+]([C-]([O-])[CH+][CH+][C-]([O-])O)CC1,-1.955274224281311
guided,CCOc1cc(/C=N/NC(=O)[C@H]2CC(=O)N(c3ccc(C)cc3)C2)ccc1OC,-1.202446460723877
guided,CN(C)CC[P@@](=O)(Cc1ccccc1)c1ccccc1,-8.944816589355469
guided,COc1ccc([C@H](C(=O)NC2CCCCC2)N(C(=O)CSc2nnc(C)s2)c2ccc(C)cc2)cc1,-3.0755929946899414
guided,O=C(NCCSCc1ccccc1Cl)c1ccco1,-5.31152868270874
guided,O=P(O)(O)CC[C@H](O)[C@@H](O)C(O)(CO)CO,-0.5673275589942932
guided,O=c1c2cc(Br)ccc2nc(SCCc2ccccc2)n1Cc1ccco1,-5.737844467163086
guided,O=C([C]/N=C(\[O-])CC[C+]1=CC=CC2=C1[C-]=C=C=C2)OCc1cccc(Br)c1.[H+],-3.0979228019714355
guided,C[C-](C)[C+]([O-])[c+]1[cH-]n(C[c+]2[cH-][cH+][cH-][cH+][c-]2[C][N-2])[c+]2[cH-][cH+][cH-][cH+][c-]12,-4.292600154876709
guided,C[CH-]CCN(C[C+]([O-])N[C+]([NH-])[O-])CC(O)CO[c+]1[cH-][cH+][c-](Br)[cH+][cH-]1,-0.3293253779411316
guided,COCO/N=C(\Sc1ccc(N2CCCC2=O)cc1)c1ccc(Cl)cc1,-4.859665870666504
guided,COC(=O)c1ccc(N2C(=O)CC[C@@H]2OC)c(OC)c1,-1.9082961082458496
guided,CCc1nc(SC(C)C)n[nH]1,-4.885664939880371
guided,Nc1cccc(C(=O)NCCC[C@@H](c2cccs2)N2CCCCC2)c1,-3.603693723678589
guided,O=C(Cc1ccc(Br)cc1)N[C@@H](CO)C(=O)O,-0.6503497958183289
guided,COc1cccc([C@H](C(=O)NC2CCCCC2)N(CCC(=O)O)C(=O)Cn2nnc3ccccc32)c1OC,-0.7228009700775146
guided,N#C[C-]1/C(=C2/C=CC=[S+]2)N=C(N)c2ccc(C#C[C@H]3[CH+]CC[CH-]C3)nc21,-1.4858412742614746
guided,O=C(COc1ccc(Sc2ccccn2)cc1F)N1CCCC1,-5.112776279449463
guided,NS(=O)(=O)c1ccc(SCC(=O)N2CCCCCC2)cc1,-0.9001007676124573
guided,COc1ccccc1N1CCN(CCCOc2ccccc2)CC1,-7.912866592407227
guided,CC1=C(C(=O)O)c2ccccc2/C1=C/c1ccc([C@H](C)C(=O)O)cc1,-2.4816701412200928
guided,CCN(CC(=O)Nc1ccc(N2CCOCC2)cc1)C(=O)CC[C@]12C[C@H]3C[C@H](C[C@H](C3)C1)C2,-3.5420548915863037
guided,[O-][C+]1CCCC[CH-]S[C+](N[c-]2[cH+][cH-][c+](F)[cH-][cH+]2)[N-]1,-4.316305637359619
guided,CN([C-]=O)Cc1ccccc1.[C-]1=[N+]=N[S+]=C1,-3.900562286376953
guided,N#C/C(=C(/O)COc1cccc(Cl)c1)c1nc2ccccc2[nH]1,-1.8818044662475586
guided,CCCCNC(=S)NNC(=O)COc1cccc(C)c1,-2.1559855937957764
guided,COc1ccc(OCC(=O)OCC(=O)NCO/N=C(\C)c2ccccc2)cc1,-0.4425034821033478
guided,C/C(CCCC[C@H]1CC[C@@H](c2ccco2)C1)=N\NC(N)=S,-3.1210289001464844
guided,S=C(Nc1cccc(Cl)c1)N1CCN(Cc2ccccc2)CC1,-9.630765914916992
guided,COc1ccc(OC)c(NC(=O)Cc2ccc(-c3ccc(Cl)cc3)o2)c1,-3.9273903369903564
guided,SCCOCCOc1ccc2ccccc2c1,-9.195853233337402
guided,COc1cc(C(=O)N2CCC3(CC2)OCCO3)c(C)cc1CCC(=O)OCC(=O)O,-0.41682884097099304
guided,CSc1cccc(NC(=O)CS[C@@H](NC(C)=O)c2ccc(F)cc2)c1,-3.5965213775634766
guided,O=C(NS(=O)(=O)c1ccccc1)c1ccc(-c2ccccc2)[nH]c1=O,-0.4872004985809326
guided,O=S(=O)(c1cccc(Cl)c1)N1CCC[C@H]1c1ccc2c(c1)OCO2,-3.575303316116333
guided,[CH2-]C(CC[c+]1[cH-]s[c+](N)[n-]1)[c+]1[cH-][cH+][cH-][cH+][cH-]1,-5.378096103668213
guided,COc1ccc(NC(=S)N2CCC(Cc3ccccc3)CC2)cc1OC,-7.152508735656738
guided,O=C(C/[O+]=C1/C=C=C(/C=C(\C#[O+])Oc2cccc(N([O-])[O-])c2)C=C1)N[C@@H](Cc1ccccc1)C(=O)O,-0.6499338746070862
guided,CCN(CC(=O)Nc1cc([N+](=O)[O-])ccc1F)S(=O)(=O)c1ccc(F)cc1,-0.5930098295211792
guided,S=C(NCc1ccccc1Cl)NC1CCCC1,-8.243346214294434
guided,Clc1ccc2nc(-c3ccccc3)c(CN3CCOCC3)n2c1,-7.1893110275268555
guided,O=C(N/N=C/c1ccc(Sc2nc3ccccc3s2)o1)[C@@H]1COc2ccccc2O1,-1.847077488899231
guided,COc1cc(-c2nc3nc(C)c(CCC(=O)NC4CCN(Cc5ccccc5)CC4)c(C)n3n2)cc(OC)c1O,-1.2150861024856567
guided,Cc1ccc(C)c(NC(=O)CSc2cn[nH]n2)c1,-1.563506841659546
guided,COc1cc(/C=C/C(=O)N2CCN(Cc3ccccc3)CC2)cc(OC)c1OC,-3.739039659500122
guided,S=C(NCc1ccccn1)Nc1ccc(Cl)cc1,-5.921274662017822
guided,N/C(=N\NC(=O)Nc1ccccc1)c1ccccn1,-0.39529651403427124
guided,CCC(=O)Nc1nc2cc3c(cc2s1)OCCO3,-2.498680830001831
guided,O=[N+]([O-])c1cccn1P(=O)(O)O,-0.4640744924545288
guided,[H]/N=C(\C)NCc1ccc2c(c1)OCO2,-3.0586657524108887
guided,O=C(/C=C/Nc1ccc(F)cc1F)c1cccs1,-7.621286392211914
guided,Fc1ccccc1-c1[nH]ncc1/C=N\Nc1nc(-c2ccccc2)cc(-c2cccs2)n1,-3.7854130268096924
guided,Clc1ccc([C@H](c2ccco2)N2CCN(Cc3cccc4ccccc34)CC2)cc1,-11.457052230834961
guided,Cc1ccccc1N1C(=O)Nc2ccc(Br)cc2[C@@]1(O)C(=O)NC1CCCC1,-1.8259259462356567
guided,N#Cc1nc2c(cc1Cl)C(=O)CC[C@@H]2c1ccccc1,-3.9183762073516846
guided,CCn1cc(S(=O)(=O)CC(=O)NC2=NCCS2)c2ccccc21,-0.7894843816757202
guided,Cc1oc2c(Cl)c(Br)ccc2c1OCc1ccccc1,-10.619970321655273
guided,NC(=O)COc1cccc2c(O)cccc12,-1.2515350580215454
guided,O=C(C1CC1)N1CCCN(Cc2cn[nH]c2-c2ccccc2)CC1,-3.439680814743042
guided,CO/[C-]=C/C1=NC(C(Cl)(Cl)Cl)=N/C(=N/C(C)=[NH+]/c2cc(C)cc(C)c2)C1=S,-3.0927815437316895
guided,O=C(COc1ccccc1F)N1CCc2ccccc2C1,-6.896796226501465
guided,[O][N+]([O-])[C]([C]([OH+])[C]NC[C]1[CH][CH][CH][N][CH]1)[C]1N[C]2[CH][CH][CH][CH][C]2N1,-0.5328503251075745
guided,COC(=O)[CH-]C[C@H](C[C@@H]1[CH-]C[C@H]2C3=[NH+]C4=C/C(=[O+]\C)C=CC4=C3CCN2C1)OC(=O)c1ccco1,-0.44621503353118896
guided,Nc1cc(Cl)ccc1N1CCOCC1,-5.20167350769043
guided,CCCO[C@H]1CCCC(=O)NNC(=O)CC[C-]([O-])[O+](CC(C)C)[OH+]1,-0.49352025985717773
guided,CCOc1ccc([C@H]2C=C(N)SC(N)=C2C#N)cc1OCC,-0.7906931042671204
guided,CO[CH-][CH+][CH-][CH+][C][CH+][C-]([S-])[C+]1[N-][C+]2[CH+][CH-][CH+][CH-][C+]2N1,-5.893044948577881
guided,O=C1OCC[C@@H]1Sc1nnc(C2CC2)n1-c1ccc(Cl)cc1,-3.2630956172943115
guided,CCN(CC)C[C@H](O)COc1ccccc1F,-6.10125732421875
guided,COCCCNc1nc2ccccc2n1Cc1ccc(Cl)cc1Cl,-6.743202209472656
guided,O=C(Cn1[nH]c(=O)c2ccccc2c1=O)Nc1cccc(S(=O)(=O)N2CCCC2)c1,-0.2514118552207947
guided,COc1ccc(Br)cc1CSCC(=O)O,-4.370210647583008
guided,[O-]N([O-])[C+]1[CH+][C-](N[CH-][c+]2[cH-][c+](N3CCOCC3)[cH-][cH+][c-]2F)[C+](OC[c-]2[cH+][cH-][cH+][cH-][cH+]2)[CH-][C+]1NCCCN1CCOCC1,-0.8863890767097473
guided,Cc1nnc(Nc2ccccc2N[C@H](/C=N\C(=O)NC(C)(C)C)C(=O)Nc2ccc(Cl)cc2)s1,-2.47965145111084
guided,CN(C)S(=O)(=O)c1cccc(C(=O)Nc2ccc3c(c2)OCO3)c1,-0.6634750962257385
guided,COCc1cc(=O)[nH]c(Nc2nc(C)cc(C(F)(F)F)n2)n1,-0.5019729733467102
guided,Fc1ccc(NC(=S)Nc2ccc3cn[nH]c3c2)cc1Cl,-4.404987335205078
guided,[H]/N=C1/C(CN(C)C[CH-]CC)=CC=C[C+]1COC,-5.720118999481201
guided,S=C(NCCc1ccccn1)N[C@@H]1C[C@H]2CC[C@@H]1C2,-5.538719177246094
guided,O=[N+]([O-])c1ccc(N/N=C(\C[C@H](O)[C@H](O)CO)[C@@H](O)[C@@H](O)CO)cc1,-0.4357423186302185
guided,CC(=O)c1ccc(S(=O)(=O)Nc2ccc(OC(F)(F)F)cc2)cc1,-2.0927577018737793
guided,CCOc1cccc(-c2nnc3n2N=C(c2cc(OC)c(OC)c(OC)c2)CS3)c1,-1.6896432638168335
guided,O[c-]1[c+](C(NC2CCCCC2)C2C[C-]2Cl)[cH-][cH+][c-]2[cH+][cH-][cH+][n-][c+]12,-5.4803924560546875
guided,O=C(c1c(F)c(F)c(F)c(F)c1F)N1CCc2ccccc2C1,-9.149008750915527
guided,NC(N)=Nc1nc(-c2ccco2)c2ccccc2n1,-0.3486459255218506
guided,CN(C)CCCN(c1cccc2ccccc12)c1nc2ccccc2n1C,-9.170539855957031
guided,FC(F)(F)C1=NN(c2ccccc2)[C@H]2[C@@H]1C=NN2c1nc2cc(Cl)ccc2o1,-4.2572784423828125
guided,[O-]CO[c+]1[n-][c+](-[c+]2[cH-][c+]3[cH-][cH+][cH-][cH+][c-]3n2[N-][CH+][c+]2[cH-][cH+][cH-]o2)[cH-]s1,-1.4063719511032104
guided,CC1=N[S+]=C(OCC(=O)N(C)[C@@H]2CCS(=O)(=O)C2)C1=[S@@](=O)([O-])c1ccccc1,-0.3687724769115448
guided,NS(=O)(=O)c1cccc(NC(=O)CN2CCN(Cc3ccccc3)CC2)c1,-0.27493545413017273
guided,S=c1[nH]nc(-c2cc(-c3cccs3)n[nH]2)o1,-1.9023970365524292
guided,O=[N+]([O-])c1ccc(SC2CCCCC2)nc1,-3.557652473449707
guided,COCCCNc1nc2ccccc2n1[C@H]1CCCCC1=O,-3.2605788707733154
guided,CC[C@@H](Oc1cc(Cl)ccc1Cl)C(=O)Nc1ccc(C(=O)O)cc1,-2.5536651611328125
guided,[O-][S+2]([O-])([CH+][CH-][c+]1[cH-][cH+][cH-][cH+][cH-]1)NN1[CH-][c+]2[cH-][cH+][cH-][cH+][c-]2OC1[c+]1[cH-][cH+][c-](Cl)[cH+][cH-]1,-2.8989295959472656
guided,CCOc1ccc(-c2[nH]ncc2CC(=O)NC(C)C)c(OCC)c1,-1.4602450132369995
guided,O=S(=O)(c1cccc2cccnc12)N(CC1CC1)c1ccc(Cl)cc1,-4.873396396636963
guided,O=C(Oc1cc(=O)oc2ccccc12)c1ccc([N+](=O)[O-])cc1[N+](=O)[O-],-0.6930753588676453
guided,O=C(Nc1ccc2ccccc2n1)c1cc2c(s1)CCCC2,-5.920041084289551
guided,CN(C(=O)COC(=O)[c-]1cc(Br)c(Br)[s+]1)[C-]1CCS(=O)(=O)C1.[H+],-1.1018614768981934
guided,COc1cccc(CNc2ncn[nH]2)c1OCc1ccccc1F,-1.8216084241867065
guided,C=[N+]1C(=O)NC([O-])=CC1=[N+]=C=C([N+]#S([O-])([O-])c1ccccc1)Nc1nc2ccc(C)cc2s1,-0.39218005537986755
guided,O=C(Cc1cccs1)NNC1=NCCN1Cc1cccs1,-2.7415919303894043
guided,COCCN(Cc1ccccc1)C(=S)Nc1ccccc1O,-4.758203983306885
guided,O=C(Nc1ccc(CO)cn1)c1ccc(N2CCCC2=O)cc1,-0.8046208024024963
guided,O=C(Nc1cccc([N+](=O)[O-])c1)N1CCc2ccccc2C1,-1.6243937015533447
guided,[CH2+]CCCC[CH-]CCSCC(=O)Nc1ccccc1C(=O)N1CCOCC1,-3.4625048637390137
guided,O=C(NCc1ccccc1Cl)c1cccc(F)c1,-7.353625774383545
guided,O=C(Nc1nccs1)c1cc(C2CCCCC2)nn1Cc1ccc(Cl)cc1,-4.65390682220459
guided,NNC(=O)C(=O)N1CCc2ccccc2[C@H]1Cc1cccc2ccccc12,-1.3042163848876953
guided,O=c1ccoc2sc(-c3ccccc3)cc12,-7.145808696746826
guided,CC/N=C/C(=C/c1ccc(OCC)c(O)c1)c1cc(-c2ccccc2)[nH]n1,-3.1817872524261475
guided,CCN(Cc1cccc(Br)c1)c1ccccn1,-10.119725227355957
guided,Cc1noc(C)c1CSc1ncnc2sc3c(c12)CC[C@H](C)C3,-4.955689430236816
guided,COc1ccc(N2CCN(CCC(=O)c3cccnc3)CC2)cc1,-4.165474891662598
guided,[H]/N=C\c1cn(-c2ccccc2)nc1-c1cccnc1,-3.3251326084136963
guided,CNCCc1cc(OC(=O)N(C)C)cc(C(F)(F)F)c1,-4.944115161895752
guided,COc1ccc(-c2[nH]ncc2CN2CCSCC2)c(OC)c1,-3.6752724647521973
guided,Cc1cc(C)c(C)c(S(=O)(=O)n2cccc2)c1C,-5.4707255363464355
guided,O=S(=O)(NC1CCCC1)c1cc[c-]c2n[s+]n[c-]12.[H+],-1.3946746587753296
guided,N[C@H](Cc1ccc(Cl)cc1)C(=O)O,-2.164883852005005
guided,O=C(CSCc1cccs1)NCCN1CCOCC1,-4.601459980010986
guided,NS(=O)(=O)c1cccc(C(=O)N/N=C/c2ccc(Cl)cc2)c1,-0.41171467304229736
guided,CCNS(=O)(=O)c1cccc(C(=O)NCCCNC(=O)c2ccccc2C)c1,-0.3918416500091553
guided,CCOC(=O)c1[nH]c2c(c1C)C(=O)C[C@@H](c1ccc(Cl)cc1)C2,-3.617310047149658
guided,O=C(O/N=C(\c1ccccc1)c1ccc(Cl)cc1)c1cccnc1,-4.6038594245910645
guided,COCCNc1ccccc1CO,-4.666264533996582
guided,COCCN1C(=O)c2oc3ccccc3c(=O)c2[C@@H]1c1ccc(C(=O)OC)cc1,-0.8651352524757385
guided,CCC[C]([O])N[C]1[CH][CH][C]([C]([O])OC[C]([O])N[C]([O])[C-]([CH][C-][CH+][CH][CH][S])[C]2[CH][CH][CH][CH][CH]2)[CH][C]1Br,-2.197239637374878
guided,C[C@@H](CN1CCOc2ccccc21)NC(=O)CCc1ccc2ccccc2c1,-5.750997066497803
guided,CN(C)S(=O)(=O)c1cccc(NC(=O)/C=C/c2ccccc2)c1,-1.9633004665374756
guided,C[CH-][C+](C)[C+]([CH+][C-]([O-])[CH+][CH+][CH-][CH+]CC)[C+]([O-])OCC(CO[C-](C)[O-])COC(CO)C(O)C(O)[CH-]O,-0.5881837010383606
guided,S=C(NCCN1CCCCC1)Nc1ccc(Cl)cc1,-7.55284309387207
guided,NS(=O)(=O)c1ccc(CNC(=S)NC2CC2)cc1,-0.7150444984436035
guided,O=C(/C=C/C(=O)OCC(=O)N1CCN(c2ccccn2)CC1)Nc1ccc(Cl)cc1,-0.47001543641090393
guided,CN(CCN1CCOCC1)Cc1nc(Cc2ccccc2F)no1,-2.892885446548462
guided,O=C(CSc1nnc(-c2ccccc2O)o1)NCCc1ccccc1,-0.8807410001754761
guided,O=[P@@](c1ccccc1)(c1ccc(F)cc1)C1CCCCC1,-10.424073219299316
guided,[O-][S@@+](Cc1ccccc1)C[C@](O)(c1ccccc1)c1ccc(F)cc1,-5.473152160644531
guided,N#CCSc1nnc(Nc2ccccc2)s1,-2.6074154376983643
guided,C=CCCOc1cccc(/C=N/NC(=O)Cc2cccn2C)c1,-3.050640821456909
guided,COCCN(COC)c1nc(C)nc2c1nnn2Cc1ccccc1,-0.920056939125061
guided,CC(C)c1nc(SCC(=O)NCc2cccnc2)c2ccccc2n1,-2.319492816925049
guided,CCOC(=O)c1c(CC(=O)NCc2ccccc2)noc1C,-0.8440788984298706
guided,CC1CCCN([C]2[CH][CH][C]([C+]([O])N3CCN([C]4[CH][CH][C](F)[CH][CH]4)CC3)[CH][C]2N([O-])[O-])C1,-1.4499107599258423
guided,CCN(c1ccccc1)S(=O)(=O)c1nnc(NC(=O)c2cccc3ccccc23)s1,-1.581236481666565
guided,O=[N+]([O-])/C(=N/Nc1ccc(Cl)cc1)N1CCOCC1,-0.9916192293167114
guided,O=C(CCC(=O)N1CCN(c2ccccc2)CC1)N1CCN(CCc2ccccn2)CC1,-2.359048366546631
guided,COc1cc(/C=N/N2CCN(C)CC2)cc(OC)c1OCc1ccccc1,-4.230703353881836
guided,N[C-]1[N-]C([C+]2[CH+][CH-][CH+][CH-][C+]2C(F)(F)F)[N-][C+]1N1CCN([C-]([O-])[C+]2[CH+][CH-][CH+]O2)C1.[H+],-0.5830599665641785
guided,CN1CCC(=O)N([C@H](CC(=O)Nc2ccccc2C(F)(F)F)c2ccc(F)cc2)CC1,-4.2386956214904785
guided,O=[N+]([O-])c1cc(C(F)(F)F)ccc1N1CCN(S(=O)(=O)Cc2ccc(Cl)cc2)CC1,-1.7133362293243408
guided,COc1cc(S(=O)(=O)NCc2ccc(S(N)(=O)=O)cc2)c(Cl)cc1Br,-0.5123990178108215
guided,O=S(=O)(NN=C1CCCC1)c1cccc(OCc2ccccc2)c1,-2.353290319442749
guided,O=C(O)c1ccc(COc2ccc(Cl)cc2Cl)cc1,-5.271100044250488
guided,Brc1ccc(OCc2ccccc2)c(CNC[C@@H]2CCCO2)c1,-7.692516326904297
guided,COc1cccc2c(=O)n(CC(=O)N3CCN(C4CCCCC4)CC3)ccc12,-3.0986342430114746
guided,CCCC[C@@]1(CC(=O)O)C(=O)N(c2ccc(OC)cc2)N(c2cccc(Br)c2)C1=O,-1.9322617053985596
guided,FCCCOc1cccc2cccnc12,-8.365478515625
guided,C[C]1[CH][CH][C]([S+]C[C]([O-])[CH][C](N)[N][C][C]2[CH][CH][C](OC[C]3[C](C)[N]O[C]3C)[CH][CH]2)[CH+][CH]1,-0.6035066843032837
guided,CNC(=S)NNS(=O)(=O)c1ccccc1,-1.4959700107574463
guided,OCc1ccccc1-n1nnnc1Oc1ccccc1,-1.3567636013031006
guided,COC(=O)CN1CCN(C(c2ccccc2)c2ccccc2)CC1,-6.235087871551514
guided,CCOC(=O)C1=C(c2ccccc2)/C(=C(\[O-])OCC)[S+]=C1NC(=O)C(C)C,-0.5630025863647461
guided,N/C(=N\C(=O)CCC(=O)O)Nc1ccccc1C(F)(F)F,-0.47508424520492554
guided,CCOC(=O)c1c(NC(=O)CSc2nnnn2-c2ccccc2)sc2c1CC(C)(C)NC2(C)C,-1.2473589181900024
guided,[O-]P(C[P+]([O-])(O)O)NC[c+]1[cH-][cH+][cH-]o1,-0.46013739705085754
guided,CCOC[C@H](CC(=O)NCCC(=O)Nc1nc(-c2ccccc2)cs1)OC(=O)c1cccs1,-1.3187681436538696
guided,[O-][C+](N[c-]1[cH+][cH-][c+](F)[cH-][cH+]1)[C-]([c+]1[cH-][cH+][cH-][c+](N([O-])[O-])[cH-]1)N1CCCCC1,-0.9547479152679443
guided,COc1ccc2nc(-c3cccc(NC(=O)c4ccccc4C)c3)[nH]c2c1,-3.387228012084961
guided,Cc1ccc(S(=O)(=O)NC2=NCN(C)CN2)cc1,-1.2246342897415161
guided,COc1ccc(CCNC(=O)CN2C(=O)COc3ccc(S(=O)(=O)N4CCOCC4)cc32)cc1OC,-0.29230746626853943
guided,Cc1ccnc(NS(=O)(=O)c2ccc(Br)cc2)c1,-2.89227032661438
guided,COc1ccc(/N=C\c2nc(-c3cc(Cl)ccc3OC)oc2C)cc1,-4.639538288116455
guided,COc1ccc(-c2nnnn2Cc2cc3ccccc3n2C)cc1,-2.898883819580078
guided,CNC(=O)C#Cc1ccc(C(=O)NC2CCCCCCC2)cc1,-2.89853835105896
guided,COc1ccc2cc(CCNC(=O)C3CCCCC3)c(=O)[nH]c2c1,-1.7188494205474854
guided,S=C(NCc1csc2ccc(Cl)cc12)Nc1cccc(Cl)c1,-10.267729759216309
guided,CO[C]([O])C[S+][C]1[C][C]2[CH][C](Cl)[CH][CH][C]2N[C]1[O],-2.405719041824341
guided,CCC(=O)N1c2ccccc2[NH+]=C=C(C(=O)c2cc(F)ccc2F)[C@H]1c1cc([O-])n(CC)c(=O)c1,-0.3964180052280426
guided,CN1C(=O)N(c2ccc(F)cc2)C(=O)[C@](C)(CCCl)C1=O,-2.8556244373321533
guided,CN(CC(=O)NCCSCc1ccccc1)S(=O)(=O)c1ccccc1,-1.9165202379226685
guided,C[O+][N][C]N([C]([O])[C]1[CH][CH][C](S([O])([O])N[C]2[CH][CH][C]([C](C)[O])[CH][CH]2)[CH][CH]1)C(C)C,-0.8484492897987366
guided,Fc1ccc(Br)cc1SCCc1c[nH]c2ccccc12,-11.593403816223145
guided,[O-][N-][N-][C+]([N-][C+]1[CH-][CH+][CH+][CH+][N-]1)[c+]1[cH-][cH+][cH-][c+]2[cH-][cH+][cH-][cH+][c-]12,-2.685133934020996
guided,CCCOc1ccc(C(F)(F)F)cc1C,-11.711517333984375
guided,CCOc1ccccc1NC(=O)CN1CC[C-](n2nnc3cc(C(F)(F)F)ccc32)CC1.[H+],-2.348576545715332
guided,NS(=O)(=O)c1ccc(N2CCCCC2)c(C(=O)Nc2ccc(N3CCOCC3)cc2)c1,-0.5292454957962036
guided,[NH-][C+]([O-])N[N-][C+]1CCCC1,-1.509879231452942
guided,CC(C)COP([O-])OCC(C)C.[H]/[O+]=C\c1ccc(OC)cc1OC,-1.3298510313034058
guided,C/C(=N\NC(=O)c1c(Cl)c(C)nn1C)c1ccc(C)cc1O,-1.1963979005813599
guided,Brc1ccc(/C=N/c2ccc(N3CCOCC3)cc2)s1,-8.579208374023438
guided,CCOc1ccc(Br)cc1-c1nc2c([nH]1)c(=O)n(C)c(=O)n2C,-0.8006576895713806
guided,O=C(CSc1nc2cc(Cl)ccc2s1)Nc1ncc(Cl)cn1,-2.7854437828063965
guided,O=c1[nH]c(=O)n(C[C@@H]2CCCO2)c2nc(Oc3ccc(F)cc3F)n(CCCCc3ccccc3)c12,-1.6042505502700806
guided,O=S(=O)(Nc1cc(S(=O)(=O)c2ccccc2)c(O)c2ccccc12)c1ccccc1,-1.552392601966858
guided,Cc1nc2cc(-c3cccs3)nn2c(NCCN(C)C)c1C,-4.525948524475098
guided,COc1cccc(Cl)c1OCCCN1CCOCC1,-6.524759769439697
guided,S=C(NCCN1CCCCC1)Nc1cccc2ccccc12,-7.748438358306885
guided,COc1ccc2ccccc2c1,-11.025943756103516
guided,Fc1ccc(-c2csc(N3CCN(C(=S)NCCc4ccccn4)CC3)n2)cc1,-4.956099510192871
guided,CO[c-]1[cH+][cH-][c+](C)[cH-][c+]1[C-]([O-])[C][C+](N[C+]1[CH+][CH-][CH+][c-]2[cH+][cH-][cH+][cH-][c+]21)[c-]1[cH+][cH-][cH+][n-][cH+]1,-3.068905830383301
guided,O=C(NOCCO)c1ccc(F)c(F)c1Nc1cc(S(=O)(=O)N2CCOCC2)ccc1F,-0.3550994098186493
guided,COC[C@@H]1CCN(C(=O)Cc2cccs2)C1,-6.641662120819092
guided,[O-][C+](O)[CH-][CH+][C-]1[CH+]N(C[C+]2[CH+][CH+][C-](F)[CH+][CH-]2)[N-]N1[c+]1[cH-][cH+][cH-][c+](N([O-])[O-])[cH-]1,-0.49339357018470764
guided,O=C(Nc1ccc(F)cc1F)N1CCC(n2nnc3ccccc32)CC1,-2.7933237552642822
guided,[CH2-]CCCNC(=O)/C=[NH+]/C(=O)[C@H]1CCC(=O)N(CCC(=O)Nc2cccc(OC(F)(F)F)c2)C1,-0.3557770848274231
guided,FC(F)(F)c1cnc(Sc2ccccn2)c(Cl)c1,-8.613595008850098
guided,Cc1oc2ccc(NC(=O)[C@@H]3COc4ccccc4O3)cc2c1C(=O)OC(C)C,-1.6020957231521606
guided,O=C(O)c1ccc(NC(=S)N[C@H](NC(=O)c2ccccc2)C(Cl)(Cl)Cl)cc1,-1.4352331161499023
guided,NNC(=O)c1sc2nc(N3CCOCC3)c3c(c2c1N)CCCC3,-0.32954493165016174
guided,CNC(=O)c1cnc(-c2cccc(Br)c2)n1CCCO,-1.8197892904281616
guided,CCCN1C(=O)[C@@H](c2ccccc2F)Oc2ccc(C(=O)NN)cc21,-0.7963119149208069
guided,COc1cccc(OCC(=O)Nc2cccc(-c3nc4ccccc4[nH]3)c2)c1,-2.218440294265747
guided,CC(=O)N(Cc1cc2ccc(C)cc2nc1Cl)Cc1cn[nH]c1-c1ccc(F)cc1,-4.365482330322266
guided,O=C(NCc1cc(-c2ccccc2)[nH]n1)c1cc2ccccc2o1,-2.260852813720703
guided,CCOc1cc(CN2CCOCC2)ccc1OCC(=O)NCc1ccccc1,-2.551839828491211
guided,Clc1ccccc1N1CCN(Cc2ccn[nH]2)CC1,-5.785951614379883
guided,COC(C[C@H](O)C[C@@H](O)COCc1ccccc1)OC,-1.613021731376648
guided,CCN(CC)C(=O)/C=C/c1ccc(/C=C/C(=O)c2ccco2)cc1,-4.523160934448242
guided,Nc1nnn(CC(=O)N/N=C\c2ccccc2)n1,-0.335207998752594
guided,Cc1nc([P@](=O)(c2ccccc2)c2cccc3ccccc23)c(N2CCOCC2)o1,-3.567962646484375
guided,Cc1ccc(NC(=O)c2c(O)ccc3ccccc23)c(O)c1,-2.4297876358032227
guided,O=[N+]([O-])/C=C1/NCCN1Cc1ccc(Cl)nc1,-1.4373165369033813
guided,COc1ccc(C(=O)Nc2nccs2)cc1,-3.501260757446289
guided,O=C(/N=C1\S[C@H]2CS(=O)(=O)C[C@H]2N1Cc1ccccc1)C1CC1,-1.7854582071304321
guided,COC(CNC(=O)c1cc2c(=O)n(C)c3ccccc3c2n1C)OC,-1.0679173469543457
guided,CN(C)NC(=O)c1cc2cc(C(=O)O)ccc2n1C,-1.1102083921432495
guided,O=c1[nH]c2ccccc2nc1CCc1ccc(Cl)nc1,-2.828577995300293
guided,[O][C](C[C+]1[CH][CH][CH][CH][CH]1)NN[C]([O])N[C]1[CH][CH][CH][C](N([O-])[O-])[CH]1,-0.5453060865402222
guided,[O][C-]N(C[C]([O])N1CCCCC1)[C]1[CH][CH][CH][CH][C]1[C]([C][C][O+])[NH+]CCN1CCOCC1,-0.5712763071060181
guided,CCC(CC)C(=O)N/N=C/c1ccc(Cl)cc1,-5.289622783660889
guided,OCCNCCCOc1ccc(-n2ccnc2)cc1,-2.4076802730560303
guided,NC(=O)COc1ccccc1C(N)=O,-0.36870694160461426
guided,Cc1cc(Cl)ccc1Oc1cccc(C(=O)OCC(=O)Nc2ncc(C(F)(F)F)cc2Cl)c1,-4.407355308532715
guided,[H]/N=c1/n(CC(=O)c2cccs2)c2ccccc2n1Cc1ccccc1Cl,-4.872929573059082
guided,NS(=O)(=O)c1ccc(S(=O)(=O)N(Cc2ccc3c(c2)OCO3)Cc2ccco2)cc1,-0.4020979404449463
guided,Clc1cccc(Oc2nc3ccccc3nc2NCc2ccccc2)c1,-6.5365891456604
guided,COC(=O)c1ccccc1NC(=O)N1CCc2nc3ccccc3cc2C1,-2.0737287998199463
guided,COc1cc(OC)c2c(CC(=O)O)coc2c1,-1.6574259996414185
guided,O=C(Cc1ccccc1)NNc1c(Cl)cccc1Cl,-5.568414211273193
guided,CC(C)Nc1ccc([N+](=O)[O-])c(Nc2ccccc2)c1,-2.9131627082824707
guided,Fc1cc(CN2CCC(Cc3ccccc3)CC2)cc(C2CCCCC2)c1,-15.566986083984375
guided,Fc1ccccc1/C=N/N1CCN(Cc2c[nH]c3ccccc23)CC1,-6.367424964904785
guided,NS(=O)(=O)c1ccc(NC2=CC=C(Br)C3=CC4=CCCCCC4=N[C-]23)nc1.[H+],-1.399698257446289
guided,N#Cc1ccc(S(=O)(=O)NCc2ccccn2)cc1,-0.6877214312553406
guided,N/C(=N\OC(=O)c1sccc1N)c1ccc(C(F)(F)F)cn1,-0.5258039236068726
guided,N#CCCNCC1(c2ccccc2)CCCC1,-6.016264915466309
guided,CCC(=O)NC(=S)N(CC)CC,-6.228752136230469
guided,O=C(CSc1nc2cc(Cl)ccc2s1)c1cccs1,-8.387928009033203
guided,[O-][C][C+]1=[P@]([O-])(OCc2ccccc2)OCC2=C[CH+]C=CC2/C=C/O1,-1.2814890146255493
guided,COc1ccc(C(=O)Cn2nnc(-c3ccccc3)n2)cc1,-1.5911521911621094
guided,F[c-]1[cH+][cH-][c+]([N-][CH+][c-]2s[cH+][cH-][c+]2[N-][C+]([S-])[N-][CH+][CH+][C-]2[CH+]CCCC2)[cH-][cH+]1.[H+],-9.481560707092285
guided,S=C(NCCc1cccc(OCCOc2ccccc2)c1)Nc1ccccc1,-6.086365699768066
guided,Nc1nonc1-c1noc(N2CCCCC2)n1,-0.3921539783477783
guided,O=c1[nH]ccnc1NCc1cc(F)cc(F)c1F,-2.757805347442627
guided,C[P@@](=O)(Nc1ccc(SC(F)(F)F)cc1)Oc1ccc(F)cc1,-7.880060195922852
guided,O=S(=O)(O)CCN1CCOCC1,-1.842688798904419
guided,FC(F)Oc1ccc(NC(=S)NCc2cccnc2)cc1,-4.527510643005371
guided,Nc1nc(NS(=O)(=O)c2ccc(Cl)cc2)nn1-c1ccccc1,-0.49229127168655396
guided,[CH2-]NC(C)CC1CCCCC1,-10.595808029174805
guided,COc1cc(NS(=O)(=O)c2ccc(-c3cc(C)no3)s2)cc(OC)c1,-1.1089147329330444
guided,CNNC1CCCCC1,-7.869619369506836
guided,S=C(NCc1ccc2c(c1)OCO2)Nc1ccccc1-c1ccccc1,-5.997597694396973
guided,O=C(NC1=CC(=O)N(c2ccc(Br)cc2)C1)c1ccncc1,-2.354137420654297
guided,O=[N+]([O-])c1cnc(OCc2ccccc2)cc1NCc1ccccc1,-2.1863410472869873
guided,CC[C@@H]1CCCC[N@+]12CC[C@H](NC(=O)CNC(=O)[c-]1ccc[s+]1)[C-](NCCC1=CCCCC1)O2,-2.079960823059082
guided,C/N=C1\[NH+]=[C-]C(C(=S)c2ccc(Br)cc2)=C1c1ccc2ccccc2c1,-8.075854301452637
guided,FC(F)(F)Oc1cccc(N2CCOCC2)c1,-8.266843795776367
guided,[S-]SC(CCN1CCOCC1)[c+]1[cH-][cH+][cH-][cH+][cH-]1,-10.235404014587402
guided,O=C(CCl)CCC(=O)N1CCc2ccccc2[C@@H]1c1ccccc1,-6.151566028594971
guided,COc1ccccc1Oc1cc(C)nc(NCCN2CCCC2)n1,-2.8356142044067383
guided,O=C(NNC1=C([O-])OCC#[N+]1)c1ccco1,-0.5010945796966553
guided,COC(=O)C1=C(C)N(c2cccc(OC)c2)C(=O)C1,-2.8476271629333496
guided,COc1ccc(/C=N/NC(=O)c2cccnc2)cc1Oc1nc(-c2ccccc2O)nc2ccccc12,-2.181245803833008
guided,Cl[c-]1[cH+][cH-][cH+][cH-][c+]1C([c-]1[n-][n-][n-]n1C[c+]1[cH+][cH+][cH+][n-][cH+]1)N1[CH-]CCCC1,-2.2864770889282227
guided,O=C(Nc1cccc(Cl)c1N1CCOCC1)c1ccc(S(=O)(=O)N2CCCCC2)cc1,-1.6729458570480347
guided,O=C(NC1CCCC1)c1cccc(Cl)c1,-7.196059703826904
guided,[CH2][C]([O-])O[CH][CH][C]CCC1CC[CH][C]([CH][C][O+]CC[C]([O])N2CCC(O[C]3[CH][CH][CH][CH][C]3[C]([O])N3CCC([C](N)[O])CC3)CC2)C1(C)C.[H+],-2.322443962097168
guided,Fc1ccccc1Cn1cnnc1-c1ccccc1,-6.891014099121094
guided,COc1ccccc1CC(=O)Nc1ccc2[nH]ncc2c1,-1.9734925031661987
guided,COCC(=O)N1CCN(c2ccccc2O)CC1,-3.082284927368164
guided,Nc1ccc(NC(=O)/C=C/c2cccc([N+](=O)[O-])c2)cc1,-0.6812750697135925
guided,F[c-]1[cH+][cH-][cH+][c-](F)[c+]1CN1CCC([C-]2[CH-][CH+][CH-][CH+][CH-]2)CC12CCCNCC2.[H+],-10.846944808959961
guided,COc1ccccc1C(=O)Nc1nc(N)n(-c2ccccc2)n1,-0.42350587248802185
guided,[S+]#P([N-]N1CCOCC1)[N@+]12C[C@]1([S-])C2,-7.23741340637207
guided,O=C(N[C@H](Cc1ccccc1)C(=O)N1CCN(S(=O)(=O)c2cccs2)CC1)c1cccs1,-0.8193963766098022
guided,Brc1ccc(Cn2c(-c3cncs3)nc3ccccc32)cc1,-8.21729564666748
guided,CCOc1ccccc1/C=C/C=N/c1ccccc1C(=O)Nc1ccccc1,-6.093316078186035
guided,COc1ccc2nc(-c3ccccc3)[nH]c2c1,-5.71435546875
guided,CCC(/C=N/CCCNC(=O)c1cccnc1)CC,-3.308828830718994
guided,NNC(=O)CCn1c(-c2ccccc2NS(=O)(=O)c2ccccc2)nc2ccccc21,-0.6783910393714905
guided,Fc1ccccc1CSc1nnnn1-c1ccc(Cl)c(Cl)c1,-5.766406536102295
guided,COc1ccc2c(c1)[C@H](C(=O)N[C@H](C)CCc1ccc(OC(C)=O)c(OC)c1)CCC2,-2.3996615409851074
guided,O=C(O)/C=C/c1ccc(OC(=O)c2cccs2)cc1,-2.496201992034912
guided,ClC(Cl)c1ncccc1Oc1ccccc1,-9.296682357788086
guided,O=C(COc1ccc(Cl)cc1Cl)N1CCN(CC(=O)N2CCCC2)CC1,-3.266170024871826
guided,Cn1c([P@](C)(=O)Nc2ccccc2F)nc2c1c(=O)[nH]c(=O)n2C,-0.279837042093277
guided,[O-][C+](O)CCCN1[C-]([S-])S[C+]([CH+][c-]2[cH+][cH-][c+]([C][N-][C+]3[CH+][CH-][CH+][CH-][CH+]3)o2)[C-]1[O-],-0.469332754611969
guided,NCCNc1cnn(Cc2ccccc2)c(=O)c1Cl,-1.278145432472229
guided,CN(C)C(C[C+]1[CH][CH][CH][CH][CH]1)[C]1[N][N][N]N1[C]1[CH][CH][CH][C](N([O-])[O-])[CH]1,-0.4900071322917938
guided,COc1ccc(OCc2nc(N)nc(Nc3ccccc3C)n2)cc1,-0.7881892323493958
guided,[O-][P+](O)(CC[c-]1[cH+][cH+][n-][cH-][cH+]1)C[N-]C[P+]([O-])([c+]1[cH-][cH+][cH-][cH+][cH-]1)[c+]1[cH-][cH+][cH-][cH+][cH-]1,-0.4377440810203552
guided,CCN1CCN(C(=O)Nc2cc(Cl)ccc2[N+](=O)[O-])CC1,-1.1422241926193237
guided,C[N-][C+]([O-])N[c+]1[n-][n-][c+](C[c+]2[cH-][cH+][cH-][cH+][cH-]2)[c+]([O-])[nH]1,-0.3390542268753052
guided,CC[C@H](C)NC(=O)CCCc1ccccc1,-7.0908002853393555
guided,CC(C)(C)c1ccc(OCC(=O)Nn2cnnc2)c(Br)c1,-1.810245394706726
guided,O=S(=O)(CCc1ccccc1)c1nccn1Cc1ccccc1F,-3.6988441944122314
guided,C[C-]1[CH+][c-]2[c+](n3[c+]([NH-])[c-]([C][N-2])[cH+][c+]4[c+]([O-])n(CCCCN5[C+]([O-])CC[C+]5[O-])[n-][c-]2[c+]43)C(C)[CH-]1,-0.5112147331237793
guided,[O-]S([O-])(#[N+]C1=C=[O+]CCC1)c1cc(C(F)(F)F)ccc1Cl,-3.4727368354797363
guided,CC/[S+]=C1\SC(CC)=C\C1=C(/[O-])Nc1ccc2c(c1)OCCO2,-3.4041078090667725
guided,Cc1c(C(=O)N2CCCCCC2)oc2ccc(S(=O)(=O)N3CCC(C)CC3)cc12,-2.6824662685394287
guided,O=C(NCc1csc2ccc(Cl)cc12)Nc1cc(=O)[nH]c(=O)n1CCc1nc2ccccc2s1,-1.8366281986236572
guided,Cc1cccc(N(CC(=O)Nc2cccc3ccccc23)S(=O)(=O)c2ccccc2)c1,-3.643320322036743
guided,CCN(CC)c1ccc(CN2CCC[C@@H](CCC(=O)Nc3cc4[nH]c(=O)[nH]c4cc3OC)C2)cc1,-1.6816167831420898
guided,Cc1cccc(OC[C@@H](O)Cn2ccnc2)c1,-3.8423259258270264
guided,COc1ccc(/C=C2/Oc3ccc(F)cc3C2=O)cc1,-6.238828182220459
guided,COc1cc(NC(=O)CN(C)Cc2ccc([N+](=O)[O-])cc2)cc(OC)c1,-0.6111031174659729
guided,NS(=O)(=O)c1ccc(/C=N/Nc2nc(C(F)(F)F)ncc2[N+](=O)[O-])cc1,-0.39873915910720825
guided,CCOC(=O)c1cc2sccc2n1C/C=C(\C#N)c1nc2ccccc2s1,-3.585625171661377
guided,CN(C)CN(C[C@@H](O)COc1ccccc1C(F)(F)F)S(=O)(=O)c1cccs1,-1.7136778831481934
guided,Clc1ccc(-c2nnc(SCC[C@@H]3CC=CCC3)o2)cc1,-7.220562934875488
guided,Clc1ccc(Nc2ncnc3sccc23)cc1,-6.305480003356934
guided,CN(CC(=O)NC1CC1)S(=O)(=O)c1ccc(F)c(Cl)c1,-1.807167887687683
guided,COc1ccc(/C=N/NC(=O)c2ccccn2)cc1Br,-2.2583656311035156
guided,Cc1cc(C)nc(SCC(=O)N2CCOCC2)n1,-2.864123821258545
guided,Cn1cnnc1SCC(=O)Nc1cccc([N+](=O)[O-])c1,-0.31656354665756226
guided,CCOCCOCn1[c-]nc2c([nH]c3ccccc32)c1=O.[H+],-1.5633171796798706
guided,OCC1COC([S+](O)[C-]2[CH-][CH+][CH-][CH+][N-]2)CCO1,-1.448287844657898
guided,O=C(Nc1ccccc1N1CCCC1)c1ccoc1-c1ccco1,-3.773358106613159
guided,O=C(N[C@@H](O)C(=O)c1cccs1)c1cccc(Br)c1,-1.9971284866333008
guided,Nc1cccc2ccc(NCc3ccc(F)cc3Cl)nc12,-4.6142473220825195
guided,CCCP=O.[CH2-]CC.[H]/[O+]=C\c1ccccc1,-6.288202285766602
guided,O=C(c1ccccc1)N1CCN(CC#Cc2ccc(Br)cc2)CC1,-8.232407569885254
guided,COc1ccccc1C(=O)Oc1cc([C+]2=CC=CC=C2)nn1[C][O-],-1.0590157508850098
guided,COc1ccc(CNCC(=O)N2CCCCCC2)cc1,-4.779443740844727
guided,COc1cc(C(C)=O)ccc1OC[C@H](O)CNCCc1ccc(F)cc1,-1.888861060142517
guided,CCCOc1cccc(NC(=O)CN2CC[C@@]3(O)CCCC[C@@H]3[C@H]2c2cccc(OC)c2OC)c1,-2.516961097717285
guided,O=S(=O)(c1cc(Cl)sc1Cl)N1CCCC1,-5.790524482727051
guided,O[C@@H](Cn1cnc2ccccc21)Nc1ccc2nncn2n1,-0.38601523637771606
guided,CN(C)S(=O)(=O)N1CCc2ccccc21,-4.781980037689209
guided,Clc1ccccc1CSc1n[nH]c(C2CCCCC2)n1,-6.430461883544922
guided,Cc1c(C#N)c(NC(=O)c2cccc(Cl)c2)n(Cc2ccc(F)cc2)c1C,-4.583313465118408
guided,COc1cc(CCC(=O)N2CCc3ccccc32)cc(OC)c1OC,-4.260499477386475
guided,CN(CCSc1ncnc2ccccc12)S(=O)(=O)c1ccccc1,-2.4466049671173096
guided,O=C(O)c1cc2ccccc2c(/N=N/c2cccnc2)c1O,-1.4537572860717773
guided,NCCOC(=O)c1cccs1,-3.253892660140991
guided,NS(=O)(=O)c1ccccc1Nc1cc(=O)c2ccccc2s1,-0.7248995304107666
guided,FC(F)O[c-]1[cH+][cH-][c+](N([N-][C+]2[CH+][C+](C(F)(F)F)[c-]3[cH+][cH-][cH+][cH-][c+]3N2)[C-]2[N-]CCS2)[cH-][cH+]1.[H+],-6.669607162475586
guided,O=C(C1CCN(S(=O)(=O)N2CCOCC2)CC1)N1CCCCC1,-1.6410897970199585
guided,C=CCN1C(=O)CSc2ccc3c(c21)OCCC3,-6.875657081604004
guided,C[C-]([O-])NN[C+]([O-])CC[N-][C+]([O-])OC1CCCCC1,-0.5454301238059998
guided,O=C(O)COc1nc(Nc2cccc(C(F)(F)F)c2)nc(N2CCOCC2)n1,-0.3880455195903778
guided,O=S1(=O)C[C@@H]2SC(Nc3ccc(S(=O)(=O)N4CCOCC4)cc3)=N[C@@H]2C1,-0.3971046507358551
guided,NNC(=O)c1sccc1OCc1c(F)c(F)cc(F)c1F,-2.2447452545166016
guided,COCCNc1nc2c(C)cccn2c(=O)c1C=O,-1.2801017761230469
guided,COc1ccc(NC2=C(Cc3cc(Br)c(O)c(Br)c3)C(=O)c3ccccc3C2=O)cc1,-4.013644218444824
guided,[CH][c+]1[c+]2[cH-][n-][c+]3[cH+][cH-][c+](OCC4CCCCO4)[cH-][c+]3[c-]2n(O)[c+]2[cH-][c+](OC(C)C)[cH-][cH+][c-]12,-4.142023086547852
guided,OCCN/C(=N/c1ccc(N2CCOCC2)cc1)Nc1ccccc1,-1.6694689989089966
guided,N#CN/C(=N/c1cccc(C(F)(F)F)c1)SCc1ccc(C(F)(F)F)cc1,-6.489840030670166
guided,CO[C]([O])C(CC[P]([O])(O)O)N[C]([O-])[C]([C][N][O+]C)[CH][C]1[CH][S+][C](N)[N]1,-0.49997222423553467
guided,COCCCN1CCC(C)CC1,-10.100163459777832
guided,COc1ccc(-n2nnnc2SCC(=O)c2cccs2)cc1,-1.774878740310669
guided,CCn1c(COc2ccccc2)nnc1SCC(=O)NC1CCCC1,-1.980635404586792
guided,CN(C)CCNC=C1C(=O)N(C)C(=S)N(C)C1=O,-2.8320822715759277
guided,CC[O+]1C2OCCCC2(C)[O+]1[CH-][O-].C[C+](C)[C+](O)[CH+][C][C-]([O-])[C+](C)[CH-]O,-0.5580614805221558
guided,NC(N)=Nc1ccc(CCCc2cccc3nccn23)c(Cl)c1,-1.2724746465682983
guided,CN(C[C+]1[CH][CH][CH][CH][CH]1)S([O])([O])[C]1[CH][CH][CH][CH][C]1N([O-])[O-],-0.7468143701553345
guided,CCO[c-]1[cH+][cH-][c+]([C-]2CC[C+]([O-])[O+]3C4[CH+][CH-][C+]([CH-]C43)CCN[C+]([S-])N[N-]2)[cH-][cH+]1,-1.4034429788589478
guided,CCCOc1ccc(CNC(=O)c2ccc(NC(=O)N3CCOCC3)cc2)cc1,-1.4122705459594727
guided,O=c1oc2ccccc2cc1/C=N/n1c(-c2ccccc2Cl)n[nH]c1=S,-2.2930355072021484
guided,CN1[N][C]([C]2[CH][CH][C](O[C+]3[CH][CH][CH][C]4[CH][CH][CH][N][C]43)[C](N([O-])[O-])[CH]2)[C]2[CH][CH][CH][CH][C]2[C]1[O],-0.6715636253356934
guided,Cc1cc(OCCCCN2C(=O)NC(C)(C)C2=O)cc(C)c1Cl,-3.240196704864502
guided,Brc1cccc(-c2nnc(SCc3nc4ccccc4[nH]3)n2Cc2ccco2)c1,-3.753326654434204
guided,NNC(=O)c1sccc1OCc1ccc(Cl)cc1Cl,-2.562887191772461
guided,CCOc1ccc(N(C/N=C2\NS(=O)(=O)c3ccccc32)C(C)=O)cc1C(=O)O,-0.37574562430381775
guided,O=C(Nc1ncc(Cc2ccccc2)s1)c1cccs1,-5.626890659332275
guided,Cc1cccc2c(C(=O)NC3=NOCC(C)(C)C3)cn(-c3cccc4ccccc34)c12,-5.313808441162109
guided,CCOc1ccc(-n2nnc3c(=O)n(Cc4ccccc4C)cnc32)cc1,-1.4281086921691895
guided,O=C(O)c1ccccc1Oc1nc(-c2cccs2)cc(C(F)(F)F)n1,-2.9631638526916504
guided,O[C@H](COC1CCCCC1)Cn1cncn1,-2.443406820297241
guided,O=C(O)[C@@H](Oc1cccc(F)c1)c1ccccc1,-4.422379016876221
guided,N#Cc1cnc(Nc2ccccc2C(=O)O)cn1,-0.391001433134079
guided,COCCNCCOc1ccccc1-c1ccccc1,-6.801452159881592
guided,[CH2-]N[C+]([S-])NCC1CCC([c-]2[cH+][cH-][cH+][cH-][cH+]2)CC1,-8.04224681854248
guided,CCOC(Cn1cc(CCc2ccccc2)c(=O)[nH]c1=O)OCC,-1.2679308652877808
guided,CCOc1ccc(Nc2nc3ccc(C(N)=O)cc3n3cnnc23)cc1,-0.5359407067298889
guided,C[C][CH+][C-]([O-])[C+]([CH+][c-]1[cH+][cH-][cH+][c-](C)[c+]1C)[C-]([O-])OC[CH+][CH+][c-]1[cH+][cH-][cH+][cH-][cH+]1,-3.267564296722412
guided,CC(=O)c1sc2nc(-c3cccnc3)[nH]c(=O)c2c1C,-1.3414480686187744
guided,COc1ccc(OC)c(SCc2nc(Nc3nc(C)cc(C)n3)nc(N3CCCCC3)n2)c1,-1.6142019033432007
guided,N/C(=N\C(=N/C=O)N1CCc2ccccc2C1)c1ccccc1,-1.4748516082763672
guided,C[C@@H]1C=CC[C@@H]2C(=O)N(CCC(=O)N3CCN(S(=O)(=O)c4ccc(Cl)cc4)CC3)C(=O)[C@H]12,-0.523105263710022
guided,Cc1ccc(/C=C2/SC(=S)N(NC(=O)c3ccccc3)C2=O)o1,-2.6207408905029297
guided,NS(=O)(=O)c1ccc(NC(=S)NCc2ccccc2)cc1,-0.722283661365509
guided,CN(C)S(=O)(=O)c1cc(N(C=O)CCN2CCOCC2)ccc1N1CCCCCC1,-1.292454719543457
guided,CO[C@H]1CCC[C@@H](NC(=O)c2ccc(NS(=O)(=O)c3cccc4nonc34)cc2)C1,-0.6100084781646729
guided,Nn1c(SCC(=O)Nc2ccc3c(c2)OCO3)nnc1C(F)(F)F,-0.3390346169471741
guided,COc1ccc(NC(=O)c2ccc(=O)[nH]n2)cc1S(=O)(=O)N1CCCCC1,-0.29606133699417114
guided,Fc1ccc(SC2CCCCC2)cc1,-14.237894058227539
guided,Nn1c(SCC(=O)N2CCN(C(=O)OCc3ccc(F)cc3)CC2)nnc1-c1ccco1,-0.3852209448814392
guided,O=C(C/[S+]=c1\nc(NS(=O)(=O)c2ccccc2)cc([O-])[nH]1)Nc1cccc(C(F)(F)F)c1,-0.5745071172714233
guided,COc1ccc(-c2nc(SCC(=O)Nc3ccccc3OC)n[nH]2)cc1,-0.9587928056716919
guided,O=C(/C(CCC1CCCC1)=N/O)c1ccc(O)c(O)c1,-1.080092191696167
guided,CC1=Nc2c/c(=C(/[O-])N(C)[C@@H]3CCOC(C)(C)C3)ccc2=[S+]1,-3.766282558441162
guided,COC(C[C@@H](O)C[C@@H](O)[C@@H](C)OCc1ccccc1)OC,-1.667125940322876
guided,CCCCN(CCC)C(=O)/C(=C\c1cccs1)NC(=O)c1cccs1,-5.145555019378662
guided,Nc1ccc(NC(=O)Cn2ncnc2-n2cc(C(F)(F)F)ccc2=O)cc1,-0.3363363742828369
guided,O=[P@@]1(Nc2ccccc2)CNCCCN1,-3.183781147003174
guided,CN(C)NC(=O)CN1CCOCC1,-4.185284614562988
guided,Fc1ccccc1N1CCN(C(=S)Nc2ccc(SC(F)F)cc2)CC1,-10.261967658996582
guided,CCOc1ccccc1N(CC)C(=O)c1ccc(N(C)S(=O)(=O)c2ccc(C)cc2)cc1,-3.504169464111328
guided,Nc1ccc(/C=C/C(=O)O)cc1,-2.148591995239258
guided,COc1cc(NCc2ccc(C)cc2)c2ncccc2c1,-6.908970832824707
guided,OCC[C@@H]1CN(Cc2ccccn2)CCN1CCc1ccccc1,-5.020029067993164
guided,COc1ccc(CCN/C(N)=N/CC(C)C)cc1OC,-1.622633934020996
guided,N#Cc1ccccc1OCCc1nc(COc2cc(F)ccc2Cl)no1,-1.775073766708374
guided,Cc1ccccc1C(=O)NCc1ccc(C(=O)Nc2ccccc2-c2nc3ccccc3[nH]2)cc1,-3.2854628562927246
guided,COCCCNC(=O)c1ccc(NC(=O)C(=O)NCc2ccco2)cc1,-0.2732522785663605
guided,CC(C)NS(=O)(=O)c1cccs1,-4.060009956359863
guided,C[c-]1[n-][nH][c+]([O-])[c+]1C[C+]([O-])N[c+]1[n-][cH+][cH-]s1,-0.3825002610683441
guided,O=c1cc(CO)oc(C(F)(F)F)c1OC[C@@H]1CC=CCC1,-2.8717195987701416
guided,O=C(CN1CCOCC1)N/N=C/c1ccc(C(=O)O)cc1,-0.43546783924102783
guided,C[C-]([C][C+]1[C+](O[C+](O)C[C-]([O-])N[C+]2[CH+][CH-][CH+][CH-][CH+]2)[CH+][CH-][c+]2[cH-][cH+][cH-][cH+][c-]21)[N-]N[C+](N)[O-],-0.40768691897392273
guided,COc1cccc(N2CCN(CCCNC(=O)C(=O)c3cccs3)CC2)c1,-2.204273223876953
guided,C=C(n1nccc1C(=O)Nc1ccc(S(N)(=O)=O)cc1)S(=O)(=O)c1cccc2cccnc12,-0.4089341461658478
guided,C[C@H](O)CO,-5.280450344085693
guided,O=C(CSC(=S)N1CCOCC1)N1CCCCCC1,-6.226135730743408
guided,O=C(COC(CO)CO)c1cccc(Nc2ncnc3c2oc2ccccc23)c1,-0.5755003094673157
guided,O=P(O)(O)Oc1ccccc1P(=O)(O)O,-0.38408875465393066
guided,F[c-]1[cH+][cH-][cH+][cH-][c+]1CS[c-]1[cH+][c-]([N-]CCN2CCCC2)[cH+][cH+][n-]1,-7.6550798416137695
guided,C[C]1[CH][CH][CH][C]([C+]([O])OC[C]([O])NC2CCCCC2)[C]1N([O-])[O-],-0.7663999795913696
guided,O=C(NC1=[C+]2S[C]/C(=C(/[O-])O)C2=CS1)c1ccco1,-0.7015336751937866
guided,[CH2+]CN(CC[N-]C(=O)C(Cl)(Cl)Cl)Cc1ccccc1,-6.564713001251221
guided,O=C(C1CCN(S(=O)(=O)N2CCOCC2)CC1)N1CCN(c2cccc(Cl)c2)CC1,-1.2771447896957397
guided,O=C(CN1CCCCCC1)NC(=O)NCc1ccco1,-1.1723116636276245
guided,[O][C](CN1[C]([O])[CH][CH][C]2[CH][CH][CH][CH][C+]21)[C]1[CH][CH][C](N([O-])[O-])[CH][CH]1,-0.6540563106536865
guided,COc1ccc2c(c1)/C(=C\c1cccc(O)c1)C(=O)N2,-2.850172519683838
guided,Fc1cnc(NNc2ccccc2)nc1N1CCOCC1,-2.1970505714416504
guided,OCCS,-8.902376174926758
guided,[O-]N([O-])[C][CH+][C+]([CH+][N-][N-][C+]1[CH+][CH-][C+](OC[c-]2[cH+][cH-][cH+][c-](Br)[cH+]2)[CH-][CH+]1)[S+2]([O-])([O-])N1CCOCC1,-1.1594445705413818
guided,Clc1ccc(-c2nnc(N3CCCCC3)c3ccccc23)cc1,-8.50644588470459
guided,O=C(CSc1nnnn1Cc1ccccc1)NC(=O)NC1CCCC1,-0.34566110372543335
guided,Nc1ccc([C@@]23C[C@@H]4C[C@@H](C[C@@](CO)(C4)C2)C3)cc1,-4.563554286956787
guided,CCOc1ccc2nc(SCC(=O)Nc3ccccc3C#N)sc2c1,-2.351144790649414
guided,S=C(Nc1ccc(Cl)c(Cl)c1)Nc1ccc(Br)cc1Cl,-11.027202606201172
guided,CN(C)CNc1nc(-c2cccnc2)nc2c1ccc1ccccc12,-3.8210296630859375
guided,Cc1cc(C)n(-c2nc(Oc3ccc(F)cc3F)nc(N3CCOCC3)n2)n1,-1.2315423488616943
guided,Nc1nnc(SCC(=O)Nc2ccc3nc(SCC(=O)NC4CC4)sc3c2)s1,-0.6680524945259094
guided,NC(=O)c1ccsc1NC(=O)C1CCN(C(=O)c2ccco2)CC1,-0.40275925397872925
guided,O=C(Nc1ccccc1N1CCOCC1)c1ccc2c(c1)OCCO2,-2.53399658203125
guided,[CH2-]CC(=O)c1ccccc1.[O-]/[P+](=C1\C=CC=[O+]1)c1ccccc1,-3.5583510398864746
guided,C[C@@H](Sc1nnc(-c2ccco2)n1C1CC1)C(=O)NC[C@@H]1CCCO1,-1.0383388996124268
guided,COc1ccccc1CCN1CCC[C@@H](CN(C(=O)c2cccs2)c2ccc(F)cc2)C1,-8.396936416625977
guided,[CH2-]C[C+]([CH+][C-]1[CH+][CH-][C+](N2CCOCC2)C1(C)C)[N-]P([O-])N[c+]1[cH-][cH+][cH-][cH+][cH-]1,-3.241959571838379
guided,[CH2-]CC/[N+](=C\c1ccc(Cl)cc1)c1ncccn1,-7.245518207550049
guided,O=C(Nc1nnc(SCC(=O)N2CCOCC2)s1)c1cccs1,-0.6953800916671753
guided,N[C]([N]N[C]([O])[C]1[CH][CH][CH][C](N([O-])[O-])[CH]1)[C+]1[CH][CH][C]2[N][CH]N[C]2[CH]1,-0.5500985383987427
guided,CCOC(=O)C(=O)Nc1cc(C)on1,-0.8130872845649719
guided,COc1cc2c(cc1OC)CN(CC(=O)Nc1ccc(OCc3ccccc3)cc1)CC2,-3.53556752204895
guided,Nc1c(C(=O)OC[C@@H]2CCCO2)c2nc3ccccc3nc2n1Cc1ccccc1,-1.1211625337600708
guided,COC(=O)N(C)c1ccccc1C(=O)Nc1cccnc1,-1.5588352680206299
guided,CN(CCOC(=O)C(=C(c1ccccc1)c1ccccc1)c1nc2ccccc2s1)Cc1cccnc1,-6.254824161529541
guided,NS(=O)(=O)c1cccc(NS(=O)(=O)c2ccc(-c3coc(Cc4ccccc4)n3)cc2)c1,-0.9758132100105286
guided,CO/N=C(/CNC(=O)c1cccc2ccccc12)c1ccc(Cl)cc1,-4.654087066650391
guided,Cn1c(C(=O)NCCCN2CCN(c3ccccc3F)CC2)cc2c(=O)n(C)c3ccccc3c21,-2.489131450653076
guided,O=C(NCCc1c[nH]c2ccccc12)/C(=C/c1ccco1)NC(=O)c1cccs1,-1.53148353099823
guided,COc1ccc(Cc2nc3ccc(C)cc3[nH]2)cc1OCC(=O)O,-1.0467426776885986
guided,CCC(=O)N(CC#N)c1nc2c(ccc3onc(-c4c(F)cccc4Cl)c32)s1,-2.7743120193481445
guided,NS(=O)(=O)c1cccc(NOCC(Cl)(Cl)Cl)c1,-0.9789640307426453
guided,COC(CNC(=O)c1cc(C(=O)c2ccc3ccccc3c2)c[nH]1)OC,-1.1312118768692017
guided,COc1ccc(C(C)(C)C)cc1N1CCN(/N=C/c2c(F)cccc2Cl)CC1,-8.67817211151123
guided,NN1[CH][C](O[C+]2[CH][CH][CH][CH][C]2F)[C]2[CH][CH][CH][C](N[C]([O])[C]3[CH][CH][C](N([O-])[O-])O3)[C]21,-0.5626080632209778
guided,COc1ccccc1N(CC(=O)N1CCN(C(=O)c2ccco2)CC1)S(=O)(=O)c1ccc(C)cc1,-0.6386440992355347
guided,COCCCNCCCCOc1c(Cl)cc(C)cc1Cl,-7.608549118041992
guided,COC[CH-]N(CCCOC)[S+2]([O-])([O-])[c-]1[cH+][nH][c-]([C-]([O-])N[C+]2[CH+][CH-][C+]([S+2]([O-])([O-])N3CCOCC3)[CH-][CH+]2)[cH+]1,-0.47382503747940063
guided,CC(C)CNc1oc(-c2ccco2)nc1C#N,-1.5597044229507446
guided,NC(=O)c1sc2nc3c(c(C(F)(F)F)c2c1N)CCCC3,-1.2241489887237549
guided,COc1cc(/C=C2\CN(C)C/C(=C\c3cc(OC)c(O)c(OC)c3)C2=O)ccc1O,-0.9821180105209351
guided,COC[C@H]1CCCN(C(=S)NC(=O)c2cc(Br)ccc2Cl)C1,-5.4085612297058105
guided,COc1ccc(F)cc1C(=O)[C@H]1CCCN(Cc2ccc(Sc3ccccn3)o2)C1,-4.753641128540039
guided,COc1ccc(OCc2ccccc2Cl)c2[nH]c(C(=O)O)cc12,-2.4983489513397217
guided,[C-3]CO[C+]1[C]([NH2+])[C-][C]([S+][C]2[CH][CH][C]3[NH+][C](C)[C](C)[C]3[CH]2)N[C]1[O-],-0.7978715300559998
guided,FC(F)COC(F)F,-11.065725326538086
guided,O=S(=O)([C+]1=CC(F)=CC=C1F)N([C][O-])C1CC1,-2.429896116256714
guided,[O][C](N[N][CH][C]1[CH][CH][C](CN[C]([O])[C+]2[CH][CH][CH]S2)O1)[C]([O])[C]1[CH][CH][CH][CH][C]1N([O-])[O-],-0.5639285445213318
guided,O=C(NCc1ccncc1)C(=O)NC[C@H]1OCCN1C(=O)c1ccccc1,-0.2530110776424408
guided,Nc1ccccc1N(CCc1ccccc1)Cc1ccc(F)cc1F,-8.340415954589844
guided,COc1cc2[nH]c(=O)c(C(C)C)c([N+](=O)[O-])c2cc1OC,-0.7033411264419556
guided,O=C(CCC1CCCCC1)Nc1ccc(F)cc1,-7.850554943084717
guided,Cc1[nH]c2ccccc2c1CCNC(=S)Nc1ccc(Cc2ccncc2)cc1,-5.048238277435303
guided,Fc1ccc(OCc2nnc3n2CCCCC3)cc1,-5.245737075805664
guided,NNC(=S)Nc1cc(Cl)cc(Cl)c1,-3.7933754920959473
guided,CCOC(=O)c1c(C)n(C)c2cc(Br)c(OC)cc12,-5.4629130363464355
guided,Nc1nc2nccc(CCOc3ccccc3)n2n1,-0.8721286058425903
guided,COCc1ccc(CN2CCC[C@H](CCC(=O)NCc3ccc(F)c(F)c3)C2)o1,-4.001255035400391
guided,Cc1cc(C(=O)COc2ccccc2Cl)c(C)n1-c1cccnc1,-5.594519138336182
guided,Nc1ccc(O)c(-c2nc3ccccc3n2Cc2ccccc2)c1,-3.0399301052093506
guided,O=C(O)CCCC(=O)NNc1nc2ccc[c-]c2c2nc(-c3ccccc3)nn12.[H+],-0.5446771383285522
guided,Clc1ccccc1/C=C/CN1CCN(CCOCCOc2cccc3cccnc23)CC1,-6.675113677978516
guided,CC(=O)N[C@H](CC[S@+](C)[O-])C(=O)Nc1nc2ccc(OC(C)C)cc2s1,-0.4916781187057495
guided,CN1CCN(c2nc3c(c(=O)[nH]c(=O)n3C)n2Cc2ccc(Cl)cc2)CC1,-0.8002868294715881
guided,O=C(/C=C/Nc1cccc(F)c1)c1ccc(Br)cc1,-8.053755760192871
guided,c1cncc(CNc2ccnc(N3CCOCC3)n2)c1,-2.0267598628997803
guided,Fc1ccccc1N1CCN(Cc2ccccn2)CC1,-8.665959358215332
guided,COCCCNC(=O)CC/C=C\c1nc2ccccc2s1,-3.8487696647644043
guided,O=C(CSc1ncnc2c1cnn2-c1ccccc1)Nc1ccc(Cl)cc1Cl,-3.015368938446045
guided,COC(=O)c1sccc1S(=O)(=O)N(CCSCCC(=O)O)Cc1ccccc1,-0.7445736527442932
guided,CC(C)c1ccnn1S(=O)(=O)c1ccc2c(c1)OCCO2,-1.5389245748519897
guided,O=S(=O)(Nc1cnn(Cc2ccccc2)c1)c1ccc(F)c(Br)c1,-2.7645111083984375
guided,CO[c+]1[cH-][c+](-n2[c-](C)[cH+][c+]([CH-][c+]3[cH-][cH+][cH-]o3)[c-]2C)[cH-][cH+][c-]1OC,-6.654571056365967
guided,COc1cc(C(=O)NS(=O)(=O)N(C)C)ccc1O,-0.38135191798210144
guided,NN[C]1[N][N][C]2[C]3[CH][CH][C](N([O-])[O-])[CH][C]3N([C+]3[CH][CH][CH][CH][C]3Cl)[C]2[N]1,-0.5359950065612793
guided,COC[C@@H](C)N[C@@H](C(=O)Nc1ccc(C(=O)O)c(Cl)c1)c1ccccc1,-1.134576678276062
guided,O=C1C[C@@H](C(=O)N2CCOCC2)C2(CCCCC2)O1,-2.9488325119018555
guided,N/C(CS(=O)(=O)c1ccc(Cc2ccccc2)cc1)=N\OC(=O)c1cc(N)ccc1C(=O)O,-0.5590907335281372
guided,COCCCN(C(=O)/C=C/c1ccc2ccccc2n1)c1c(N)n(Cc2ccccc2)c(=O)[nH]c1=O,-0.621449887752533
guided,[O-][C+](O)[CH-]Cn1[cH+][n-][cH+][c-](C([c+]2[cH-][cH+][cH-][cH+][cH-]2)[c+]2[cH-][cH+][cH-][cH+][cH-]2)[c+]1[O-],-0.6188949346542358
guided,Cc1ccc(C2=C[C@H](CC(N)=O)NCC2)cc1,-2.9278650283813477
guided,Cc1cc(N2CCOCC2)ccc1NC(=O)Nc1ccccc1F,-3.815443515777588
guided,Cc1[nH]c2c(C(=O)NC3CCCC3)cccc2c1/C=C/c1nc2ccccc2o1,-3.7936806678771973
guided,COCc1cc(=O)[nH]c(SCC(=O)c2ccccc2)n1,-1.378406047821045
guided,CCN[C-]([S-])N(C)[CH+][c-]1[cH+][cH-][cH+][c-]2[c+]1[c-](C)[cH+]n2-[c-]1[cH+][cH-][cH+][c-](F)[cH+]1,-9.433911323547363
guided,CO[C-]([O-])[C+]([O-])[N-][N-][c+]1[c+]([O-])n(C)[c+]2[cH+][cH-][c+](Br)[cH-][c+]12,-0.328046590089798
guided,N#CCSc1nc(Cc2ccccc2)cc(-c2ccco2)c1C#N,-2.5628821849823
guided,CCCNC(=O)N[C@H](Cc1ccccc1)C(=O)OC,-1.6919326782226562
guided,O=C(Oc1cccc(-n2cnnn2)c1)c1sc2ccccc2c1Cl,-2.340531349182129
guided,O=[N+]([O-])c1cc(C(F)(F)F)ccc1NCCCCNS(=O)(=O)c1ccccc1,-1.2792032957077026
guided,[CH-][CH][CH][C]1N[C]([O])[C+]([CH]CO)[C]1[CH-],-3.4185798168182373
guided,CCO[c+]1[cH-][c+](N[C-]([O-])[c+]2[n-]n(CC)[cH+][c+]3[c-]2[c+]([C+](N)[O-])[n-][c+]2[cH-][cH+][cH-][cH+][c-]23)[cH-][cH+][c-]1OCC,-0.306245893239975
guided,Cc1cc(F)ccc1OCC(=O)N/N=C/c1cn(C)c2ccccc12,-3.2371253967285156
guided,COc1ccc(-n2c(=O)[nH]c3cc(C(=O)NO)ccc3c2=O)c(OC)c1,-0.26663100719451904
guided,N/C(=N\OS(=O)(=O)c1ccc(Cl)cc1)c1cccc(C(F)(F)F)c1,-1.486329436302185
guided,O=C(CSc1nc2cc(F)ccc2o1)Nc1ncc(Cc2ccccc2)s1,-3.24857759475708
guided,Cc1ccc(C[C@H]2CC(=O)N(CCc3ccon3)C2=O)cc1C,-2.2447540760040283
guided,CCN(CC)c1nc2c(c(=O)n(C)c(=O)n2C)n1CCCc1ccco1,-0.9185836315155029
guided,COc1ccccc1CSCC(=O)N1CCN(Cc2ccccc2)CC1,-6.527772426605225
guided,O=S(=O)(c1ccc2ccccc2c1)N(Cc1ccccc1)Cc1ccc2c(c1)OCO2,-4.672495365142822
guided,CCOc1cc(C(C)=O)ccc1OCCCCCc1c(C)n[nH]c1C,-3.3893258571624756
guided,C[N-]C[C+]1[CH+][CH-]S[C+]2[CH-][CH+][C-](F)[CH+][C+]2[C][C-](S)CC1,-11.100546836853027
guided,O=C(c1ccc(-c2cccc(C(F)(F)F)c2)o1)N1CCN(c2ccnc3cc(Cl)ccc23)CC1,-6.680480003356934
guided,OC(c1ccccc1)(c1ccccc1)[C@@H]1CCCN(CCc2cccc(F)c2)C1,-9.626522064208984
guided,CC1=c2c3ncn(c2=O)CC(=O)N2CCN(C/C=C/C4=[S@]=35[C@@H]1N45)CC2,-2.2514431476593018
guided,COc1ccc(NC(=O)Cc2cc(OC)c(OC)c(OC)c2)cc1S(=O)(=O)N1CCOCC1,-0.36803776025772095
guided,FC(F)Oc1cccc(C2=Nn3c(nnc3C3CCCCC3)SC2)c1,-4.524880886077881
guided,ClC1(Cl)C[C@H]1CN1CCOCC1,-10.097190856933594
guided,O=C(O)c1ccc2c(c1)c1cnc(OCCO)cc1n2CCCN1CCOCC1,-0.379295289516449
guided,O=P(O)(O)Oc1ccccc1Cl,-1.8620864152908325
guided,Clc1nccc(OCCCOc2nc3cc4ccccc4cc3n2C[C@H]2CCCO2)n1,-2.930314064025879
guided,COc1ccccc1N1CCN(c2cccc(Cl)c2Cl)CC1,-10.533085823059082
guided,Cc1c(C(=O)N2CCC[C@@H](Nc3cc(C(F)(F)F)nc4ccccc34)C2)cnn1C,-3.088909387588501
guided,CCCn1c(N)c(C(=O)COC(=O)c2ccccc2F)c(=O)n(C)c1=O,-0.30727720260620117
guided,CCCCn1c(=O)c(C(=O)Nc2cc(C)on2)c(O)c2ccccc21,-0.7754712700843811
guided,CCCCC[C@@](O)(CCC)C(=O)Nn1oc2ccccc2c1=O,-0.9921984672546387
guided,O=C(c1ccc(NCC(Cl)Cl)cc1)c1ccccc1F,-7.953869342803955
guided,C[C+]1[N-]N([c+]2[cH-][cH+][cH-][cH+][n-]2)[C+](C)[C+]1[C-](C)[N-]NN([O-])C1CCCC1,-1.647944450378418
guided,SC1(Cc2ccccc2)CCCCC1,-13.92609691619873
guided,Cn1nc(C(C)(C)C)cc1C(=O)NNC(=O)Cc1ccccc1,-1.078381896018982
guided,O=C(NC1CC1)C1=C[C@H](c2csc3ccccc23)C[C@H](OCCCCO)O1,-2.4656341075897217
guided,O[C-]1CCc2nc3c(nc2CCO1)nc(C1=C=C=Nc2c#cccc21)n3CCc1ccccc1.[H+],-1.6849673986434937
guided,CCC(=O)N1CCc2cc(S(=O)(=O)NCCC(=O)NCc3ccccc3Cl)ccc21,-0.6498565077781677
guided,ClC/C(=N\NC1=NCCN1)c1ccc(Cl)cc1,-3.7983903884887695
guided,Cc1ccccc1OCC(=O)Nc1ccccc1C(F)(F)F,-6.165886402130127
guided,Cn1c(/N=C\c2cccc3ccccc23)nc2ccccc21,-7.85843563079834
guided,O=[N+]([O-])c1cc(Cl)c(O)c(CN2CCCOCC2)c1O,-0.5313774347305298
guided,Cc1noc(C)c1-c1nc(CSCc2ccco2)no1,-1.6365163326263428
guided,CCOc1ccccc1[C@H](c1nnnn1C[C@@H]1CCCO1)N1CCN(C(=O)c2cccs2)CC1,-0.9509251713752747
guided,Clc1ccc(-c2noc(COc3c(Cl)cc(Cl)cc3Cl)n2)cc1,-6.715185642242432
guided,O=C(NNC1CCCCCCC1)c1ccccc1,-5.209385395050049
guided,CCOC(Cn1c(=O)c(C(=O)c2cccs2)nc2ccccc21)OCC,-1.8767011165618896
guided,O=C(N[C@@H]1CCCC[C@@H]1NC(=O)c1csc2ccccc12)c1ccccc1,-3.8525876998901367
guided,CO[c+]1[cH-][c+](Cl)[c-](OC)[cH+][c-]1N[C-]([O-])C1[CH+][C+]([c+]2[cH-][cH+][cH-]o2)[N-][C+]1[N-]CC1CC1,-1.639733076095581
guided,F[c+]1[cH-][cH+][c-](N2CCN([C+]([S-])N[CH-]CC[c+]3[cH-][cH+][cH-][cH+][cH-]3)CC2)[cH+][cH-]1,-9.228920936584473
guided,[H+].[O-][CH-]C1(CC[c-]2[cH+][cH-][cH+][cH-][cH+]2)CCCN(CCN[C+]([S-])NC[c+]2[cH-][cH+][cH-]o2)C1,-2.146906614303589
guided,Cc1ccc(NC(=O)CCNS(=O)(=O)c2cccc3nonc23)cc1F,-0.37140822410583496
guided,Nc1ccc([S@@+]([O-])Cc2cccs2)cc1,-3.9169797897338867
guided,CCOCC(=O)N(Cc1cccnc1)Cc1cc2ccccc2[nH]c1=O,-1.2799389362335205
guided,CC(=O)c1sc(Nc2ccccc2C)nc1N,-2.0945358276367188
guided,COc1ccc(-c2cccc(C(C)=O)c2)cc1Oc1ncnc2c1cnn2-c1ccc(Cl)cc1,-4.095643043518066
guided,CN(CCOS(=O)(=O)c1ccc(OCC(N)=O)cc1)Cc1cccc(=O)o1,-0.23979194462299347
guided,Cc1nnc(SCc2nc3[s+]c4c(c-3c([O-])[nH]2)CCCC4)n1C,-1.020540714263916
guided,CCCC(=O)NNC(=O)c1ccc2c(c1)OCO2,-1.0494444370269775
guided,O=C(Nc1nccs1)c1ccc([N+](=O)[O-])o1,-0.44879311323165894
guided,NC(=O)C1(N2CCCCC2)CCN(C(=O)c2cc3c(=O)[nH]c4ccccc4c3o2)CC1,-0.45025816559791565
guided,CCOc1cccc(CNC(=O)[C@]2(C)CC2(Cl)Cl)c1,-5.740130424499512
guided,O=C(N/N=C\C=C\c1ccco1)c1ccccc1O,-1.3406312465667725
guided,O=S(=O)(NS(=O)(=O)c1ccc(Oc2ccccc2)cc1)c1ccc(F)cc1,-1.0803195238113403
guided,COc1ccc(Br)cc1CN1CCC[C@H]1C(=O)Nc1ccc2ccccc2c1,-6.686728477478027
guided,CCOP([O-])OCC.[H]/[O+]=C\c1cccc2c1OCCO2,-0.8200346827507019
guided,COc1ccccc1Oc1cccnc1P(=O)(O)O,-0.46968913078308105
guided,[CH2-]CN(CC[CH+][CH-]N[C+]([S-])[c+]1[cH-][cH+][cH-][cH+][cH-]1)C[c+]1[cH-][cH+][cH-][cH+][cH-]1,-10.214071273803711
guided,Cc1ccc(CNCCCSc2ncccn2)cc1,-5.664082050323486
guided,Cc1ccnc(N/N=C\c2ccc(-c3ccc(Br)cc3)o2)n1,-3.2929530143737793
guided,CC(C)(C)NC(=O)Cc1ccc(S(=O)(=O)N2CCOCC2)s1,-1.1170145273208618
guided,COc1ccc([C@H](c2cccc3ccccc23)N2CNC(=O)N(Cc3ccccc3)C2)cc1OC,-5.263739109039307
guided,COCCCn1c(SCC(=O)N2CCC(C)CC2)nc2ccccc2c1=O,-2.2464652061462402
guided,CCCC(=O)Nc1sc2c(c1-c1nc3ccccc3s1)CCN(C)C2,-5.705352783203125
guided,S=C(Nc1ccccc1)N1CCC[C@@H]1c1ccc(Br)cc1Cl,-12.005773544311523
guided,O=C(O)c1cc(C2CC2)nn1Cc1ccccc1,-3.1580278873443604
guided,Cn1c(SCC(=O)N2CCOCC2)nnc1-c1cc2ccccc2o1,-1.2950446605682373
guided,[CH2-][CH+][N-][c+]1[cH-][cH+][c-](N2[C+]([O-])[c+]3[cH-][cH+][cH-][cH+][c-]3[C+]2[O-])[cH+][c-]1OC[C+]([O-])O,-0.27147987484931946
guided,CC(=O)N1CCc2ccc(C(=O)CN3CCN(c4ccccc4O)CC3)cc21,-2.066251277923584
guided,O=C1CN(c2ccc(Cl)cc2)C(=O)CN1NC(=S)Nc1ccc(Cl)cc1,-2.426712989807129
guided,[C-3]C(F)(F)F.[S+]P(NC[C+]1[CH][CH][C]2OCO[C]2[CH]1)N1CCOCC1,-4.761841773986816
guided,S=C(Nc1cccnc1)N1CCC2(CC1)OCCO2,-3.975226879119873
guided,COc1ccc(-c2nc(C(F)(F)F)c(OC)o2)cc1O,-2.405235528945923
guided,CCOc1ccc2cc(C#N)c(/[S+]=c3/cc([O-])[nH]c(=O)n3C)nc2c1,-0.28122884035110474
guided,O=C(COc1ccccc1CNC(=O)c1ccccc1F)N/N=C/c1cccc(F)c1,-1.5167577266693115
guided,CCC(=O)Nc1nnc(SCC(=O)NCc2ccc(F)cc2)s1,-0.8954474329948425
guided,CCOc1ccc(OCC)c(NC(=O)c2cccn3c(=O)c4c(C)c(C)sc4nc23)c1,-2.2235207557678223
guided,Cc1ccc(OC[C@H](O)CS[S@+]([O-])Cc2ccccc2)cc1,-3.7921581268310547
guided,CC[C@@](C)(C(=O)NC1CCCC1)N(C(=O)Cc1cc2ccccc2o1)c1ccccc1,-4.245243549346924
guided,Cc1cccc(NCC(=O)c2c(N)n(C)c(=O)n(C)c2=O)c1C,-0.32120147347450256
guided,O=C(c1cccs1)c1cn(CC(=O)N2CCOCC2)c2ccccc12,-3.5503902435302734
guided,[CH2-][c+]1[cH-][cH+][c-](F)[cH+][cH-]1.[H+].[H+].[O-][P-][C][C][C+]1[CH+][CH+][C-](F)[CH+][CH-]1,-8.56229019165039
guided,O=[N+]([O-])[C@@]12C=CC=C[S@TB1]1(/[C-]=C/c1ccncc1)([N-]C#[S+])=N2.[H+],-1.075090765953064
guided,CCSC1=NCCN1C(=O)c1ccco1,-4.1383748054504395
guided,FC(F)c1nc2ccc(-c3nnc(-c4cccc(Br)c4)o3)cc2[nH]1,-3.597747802734375
guided,CC[C@H](C(=O)O)n1c(/N=C\c2cc(OC)ccc2O)nc2ccccc21,-1.0601085424423218
guided,O=c1c2ccccc2nc(-c2c3c(nc4ccccc24)CCCC3)n1S(=O)(=O)c1ccc(F)cc1Cl,-3.206048011779785
guided,O=[N+]([O-])Nc1nc2ccc3c(c2s1)CCCC3,-2.047900438308716
guided,[CH2+]CN([C+]1[CH+][CH-][CH+][CH-][C+]1[C-]([O-])O)[C-]([O-])C(C)(C)C,-1.6513254642486572
guided,Cc1nc(NC(=O)c2ccccc2)c(F)c(C)c1Cl,-5.48232889175415
guided,COc1ccc(OC[C@H](O)CNC(=O)Nc2ccccc2[N+](=O)[O-])cc1,-0.42973199486732483
guided,O=C(C=C=[NH+]c1ccccc1/[S+]=C\c1ccc(Cl)cc1)c1cccc(N([O-])[O-])c1,-1.4015759229660034
guided,O=S(=O)(NCCn1ccc2ccccc21)C1CCCCC1,-3.700420379638672
guided,CCC(=O)c1ccc(OC(=O)c2ccco2)cc1,-3.21201491355896
guided,NS([O])([O])[C]1[CH][CH][C](NN[C]([O])C([C]2[CH][CH][C](N([O-])[O-])[CH][CH]2)[C+]2[CH][CH][CH][CH][CH]2)[CH][CH]1,-0.6599144339561462
guided,Clc1ccccc1SCc1ccc2ccccc2n1,-11.94145679473877
guided,COCCN(C(=O)c1csnn1)[C@H](C(=O)NC1CCCC1)c1ccccc1,-0.8351611495018005
guided,O=C(c1ccc(Cl)cc1)c1cccc(CO)c1,-5.808971405029297
guided,CC(C)c1ccc(-c2csc(NC(=O)CSc3nncn3C)n2)cc1,-2.146860122680664
guided,COc1ccc(SCCc2ccncc2)cc1,-8.58573055267334
guided,CCCC(=O)c1ccc(N(C)C)c(F)c1,-8.749797821044922
guided,O[C@@H](CCN1CCCCC1)c1ccc2c3c(cccc13)CC2,-8.652327537536621
guided,OCCNc1ncnc2c1cnn2-c1ccccc1,-1.0663214921951294
guided,COc1ccc(C(=O)N2CCC3(CC2)NCCc2[nH]cnc23)cc1OC,-0.8861380219459534
guided,CO[C-]1[CH+][C][C+]([N-][CH+]CCNC[c-]2[cH+][cH-][cH+][cH+][n-]2)[CH-][CH+]1,-3.7831482887268066
guided,S=c1[nH]nc(-c2ccccc2Cl)n1CCN1CCOCC1,-4.261706829071045
guided,Fc1ccc(N2CCN([C@@H](c3ccccc3F)c3nnnn3Cc3ccccc3)CC2)cc1,-4.42940616607666
guided,Cc1ccc2c(c1)nnn2C1CCN(CC(=O)NCc2ccc3c(c2)OCO3)CC1,-0.9201677441596985
guided,COc1ccc2cc(Cn3cc(Br)c([N+](=O)[O-])n3)cnc2c1,-1.2237886190414429
guided,[CH2+][CH+][CH+][C+](O)CC1[C][C+]1[C]C[C][C][C][C][C]C[CH-]CC(C)OCCC(C)(C)O.[H+],-5.175228118896484
guided,Cc1ccccc1-c1nnc(SCC(=O)c2cccs2)o1,-3.8539352416992188
guided,O=C(O)C[C@H](NC(=O)c1ccc2c(c1)OCCCO2)c1ccc(OCCF)cc1,-0.9198349714279175
guided,CCCn1c(N)c(N(CCOC)C(=O)C=C2CCCCC2)c(=O)[nH]c1=O,-0.4255409836769104
guided,CCOc1ccc(CN[C@H]2CCCc3ccccc32)cc1,-9.36500358581543
guided,CCOC(=O)c1c(NC(=O)CSc2c[nH]c3ccccc23)sc2c1CCC2,-2.9415931701660156
guided,O=C(c1cc(=O)[nH]c2ccccc12)N1CCN(c2ccc(O)cc2)CC1,-1.1246782541275024
guided,[H]/N=C1\c2cc3ccccc3cc2CN1NC(=O)c1cccc(S(=O)(=O)N(CC(=O)NC2CCCCC2)c2ccccc2)c1,-2.2690677642822266
guided,COc1cccc(OCC(=O)Nc2ccc(CN3CCOCC3)cc2)c1,-2.492455005645752
guided,CCCc1cc(=O)n2[nH]c(C[C@H](C)C[N+](=O)[O-])nc2n1,-0.4148969352245331
guided,COCCN[C@H](C(=O)Nc1ccc(Cl)c(C(N)=O)c1)c1cccc(OC)c1,-0.46440115571022034
guided,Fc1cccc(/C=C(\c2ccc3c(c2)OCO3)c2nc3ccccc3o2)c1,-6.4028496742248535
guided,O=C(CO)NS(=O)(=O)c1ccc2c(c1)CCC2,-0.7415182590484619
guided,[O-][N+]([O-])=C1[C][C+](C/[S+]=c2/[n-]c3cccnc3s2)=CC(C(F)(F)F)=C1,-1.451269268989563
guided,O=C(NS(=O)(=O)c1cccc2ccccc12)c1c[nH]c2ccccc12,-1.5774991512298584
guided,CCS(=O)(=O)c1ccc(N(NC(=O)CCC[C@H](C)C(=O)O)C(C)=O)cc1,-0.4486078917980194
guided,COc1cccc(S(=O)(=O)Nc2ccccn2)c1,-1.5992554426193237
guided,COc1ccc(Cl)cc1CNC[C@H]1CCCO1,-6.731121063232422
guided,CC[C@@H](C)c1ccccc1OCCCCN1CCCC1,-11.393895149230957
guided,C/C(=N\NS(=O)(=O)c1cccc2nsnc12)c1ccccc1,-0.8176886439323425
guided,Cc1ccc(F)c(NC(=O)c2ccccc2F)c1,-7.401027202606201
guided,N#Cc1ccccc1OCCN1CCN(CC(=O)Nc2ccccc2)CCC1=O,-0.6367313265800476
guided,O=C(OC/N=C\c1cccc(Cl)c1)c1cncc(Br)c1,-4.200230121612549
guided,SCCOCCOCc1nc2ccccc2[nH]1,-3.978731632232666
guided,COc1ccc(Nc2ccc3oc(-c4ccccc4O)nc3c2)cc1,-3.4923229217529297
guided,[O-][CH+]C1(O)O[CH-][N-][c+]2[cH-][cH+][cH-][cH+][c-]2[C+]([O-])CC[OH+]C(CO)C(O)C(O)C1O,-0.3856601119041443
guided,Cn1cnc2cc(NS(=O)(=O)c3ccc(Cl)s3)ccc21,-2.447524309158325
guided,O=C(NN=C1CCCC1)c1cc(Cl)cc(Cl)c1O,-2.9798471927642822
guided,O=C(Nc1cccc(C(F)(F)F)c1)c1cccc(S(=O)(=O)N2CCCC2)c1,-2.633491039276123
guided,O=C(COC(=O)c1cccc(Br)c1)NC(=S)N1CCCCC1,-2.7707791328430176
guided,CN(c1cccc(S(=O)(=O)N2CCOCC2)c1)S(=O)(=O)c1cc(Cl)ccc1Cl,-1.0535563230514526
guided,C[C@H]1CCCCN1C(=S)NCCc1ccccc1,-9.833427429199219
guided,COCCCNC(=O)c1cc(-c2ccccc2)n(Cc2ccc(OC(F)F)cc2)c1C,-4.935790061950684
guided,O=C(NC(=S)Nc1ccccc1N1CCCCC1)c1ccco1,-3.240715980529785
guided,Cc1ccccc1OC[C@H](O)CN1CCC(C)CC1,-6.247827529907227
guided,CCN(CC(=O)NCc1ccco1)c1ccc2c(Cl)cc(=O)oc2c1,-1.5662992000579834
guided,COc1cccc(N[C@@H]2c3ccccc3C(=O)N2Cc2ccco2)c1,-3.9589059352874756
guided,CN(/N=C/c1cccc2ccccc12)c1cccc2nonc12,-3.8409106731414795
guided,COc1ccc(NC(=S)Nc2cccc3cnccc23)cc1,-5.028584003448486
guided,O=P(Nc1ccccc1)(Nc1ccccc1)Oc1ccccc1F,-5.93312931060791
guided,COc1ccc(C)cc1N(CC(=O)N1CCOCC1)S(C)(=O)=O,-1.0558096170425415
guided,CCN1CCC(C(=O)NC2CC2)CC1,-6.167325973510742
guided,S=C(NCCc1ccccc1)Nc1cccc(C(=S)OCc2ccco2)c1,-5.578357219696045
guided,CCOc1ncccc1C(=O)Nc1cc2c(cc1-c1nc3ccccc3s1)CCC2,-4.317897319793701
guided,COc1cc(/C=C/C(=O)O)cc(S(=O)(=O)NCCO)c1OC,-0.3596852123737335
guided,Cc1nnc(SCC(=O)Nc2nc3c(s2)CCCCC3)s1,-2.291834831237793
guided,[OH-],-7.230311870574951
guided,[O][C](N[C]1[CH][CH][CH][CH][N]1)[C+]1[CH][CH][CH][N][C]1[S+]C[C][O-],-0.8818533420562744
guided,[CH2][N+](CCC[CH][C]([O-])[C]1[C]2C1C21[C][C]([C](C)[O-])[C](OC)[C](OC)[C]1[O+]C)C[C]1[CH][CH][C]([N+]([O])[O-])[CH][CH]1.[H+],-0.4976525902748108
guided,Fc1cccc([C@@H]2C[C@H](c3cccs3)Nc3nnnn32)c1,-3.3033065795898438
guided,Cc1cc(Cl)c(OCCCn2nnnc2CN2CCC(C(N)=O)CC2)c(Br)c1,-0.6293196678161621
guided,CCCOc1ccc(NCc2nccn2C)c(C)c1,-5.502625942230225
guided,COc1cccc(OC(=O)[C@H](CC(=O)O)N2C(=O)c3ccccc3C2=O)c1,-0.33220282196998596
guided,COc1ccc(C(C)=O)cc1CSc1nnnn1C,-1.5333040952682495
guided,Cc1ccc(NC(=O)CCN2C(=O)[C@H]3CCCC[C@H]3C2=O)cc1C,-2.1646265983581543
guided,CN(C(=O)c1cc2ccccc2oc1=O)C1CCCC1,-3.7518599033355713
guided,CCc1cccc(Oc2cc(Cl)nc(N)n2)c1,-2.7710959911346436
guided,COc1cc(S(=O)(=O)NC[C@H]2CCCO2)ccc1Br,-2.0169384479522705
guided,COCCOC(=O)c1cc2ccccc2oc1=O,-1.7924425601959229
guided,CC/C(=C\C=C/[CH+]/C(=[C-]\CC(=O)OCC(=O)OC)[C@H](C)F)Cc1ccccc1,-4.707029342651367
guided,NS(=O)(=O)c1cccc(NCc2ccccc2F)c1,-1.4293502569198608
guided,NNc1nc(NC[C@H]2CCCO2)nc(OCc2ccc(Cl)cc2)n1,-0.45654061436653137
guided,C=CCNC(=O)Nc1ccc(OC(F)(F)F)cc1[N+](=O)[O-],-0.8240314722061157
guided,CCCCn1c(-c2nn(C)cc2Cl)n[nH]c1=S,-3.795628547668457
guided,Fc1cccc(NC(=S)NC[C@@H](c2cccnc2)N2CCOCC2)c1,-3.7786436080932617
guided,O=C(O)c1cc(S(=O)(=O)N2CCCCCC2)ccc1Cl,-1.5239877700805664
guided,Cc1cc(CN(C)Cc2c(O)ccc3ccccc23)on1,-4.223115921020508
guided,CNC[C@@H](O)COc1ccccc1,-4.645509719848633
guided,Cc1ccc(-c2noc(=O)n2CC(=O)N2CC(=O)Nc3ccccc32)cc1,-0.30830931663513184
guided,O=c1oc2ccccc2cc1[C@@H](c1cccc([N+](=O)[O-])c1)c1cc2ccccc2s1,-4.418351173400879
guided,C/[C-]=C/C(=C/C=[O+]/C)NN(C(=O)c1ccccc1)c1cc(C)ccc1C,-5.461568832397461
guided,CCN1C(=O)C[C@@H](N2CCC(C(N)=O)CC2)C1=O,-0.7642694711685181
guided,COC(=O)c1ccc(OCCCCN2C[C@@H](C)O[C@@H](C)C2)cc1,-4.076590061187744
guided,O=C1Cc2cccc3cccc1c23,-9.25059986114502
guided,COc1ccc(CCNC(=O)C(=O)NC[C@@H]2OCCN2S(=O)(=O)c2ccc(Cl)cc2)cc1OC,-0.27787673473358154
guided,O=C(COc1ccc(Cl)cc1)NCCn1nccc1C(=O)O,-0.3988083600997925
guided,COc1cc(/C=C/c2nc3ccccc3[nH]2)cc(OC)c1OC,-3.5781731605529785
guided,NS(=O)(=O)c1ccc(NC(=S)N2CCN(S(=O)(=O)c3ccccc3)CC2)cc1,-0.31210094690322876
guided,C[C@@H]1Cc2ccccc2N1[C@H](C)C(=O)Nc1ccc(NC(=O)c2ccco2)cc1,-2.3944034576416016
guided,O=C(/C=C/c1ccccc1)OCC(=O)c1cccn1-c1ccc(F)cc1,-4.780282974243164
guided,NNC(=O)/C(=C/c1cccs1)c1ccccc1,-3.0190811157226562
guided,Cn1cc(Sc2ccccc2)c2ccccc21,-12.915605545043945
guided,Brc1cccc(-c2cc(Nc3ccc(N4CCOCC4)cc3)nc(-c3ccccc3)n2)c1,-6.654324054718018
guided,COc1cccc(CN(C)C(=O)/C=C/c2ccc(F)cc2)c1OC,-5.725879669189453
guided,C[C+]1O[N-][C+]2CC(C)(O)C([C-](C)[O-])C([c-]3[cH+][cH-][c+]([C-]([O-])OC(C)(O)[C+](C)[O-])o3)[C+]21.[H+],-0.44024693965911865
guided,O=C(c1cccs1)N1CCC(C(=O)N2CCCCC2)CC1,-5.131918430328369
guided,O=C(Nc1ccccc1C(=O)N1CCOCC1)c1ccc(Cl)cc1,-2.949514865875244
guided,COc1ccc2nc(NNC(=O)C/[S+]=c3\nc4ccccc4c([O-])n3CC(C)C)sc2c1,-0.7641665935516357
guided,CC(=O)Nc1c(/C=N/NC(=O)c2ccncc2)n(C)c2ccc(S(=O)(=O)N3CCOCC3)cc12,-0.23138871788978577
guided,COC(=O)c1cc(C)sc1NC(=O)c1ccccc1F,-3.4194529056549072
guided,N/C=C(/c1ccc2ccccc2c1)N1CCCCC1,-7.379829406738281
guided,O=[N+]([O-])c1cccnc1N1CCCC1,-2.5175299644470215
guided,CN(C)S(=O)(=O)c1ccc(N2CCCC2=O)c([N+](=O)[O-])c1,-0.40326690673828125
guided,CN1C(=O)C(/C(C#N)=C(\[O-])Nc2ccccc2)=C=[N+](C)C1=O,-0.3293749690055847
guided,COc1ccccc1CC(=O)NC1CCCCC1,-5.412549018859863
guided,O=C(CCN1CCN(Cc2ccccc2)CC1)Nc1ccccc1F,-5.933704853057861
guided,CCn1/c(=N/c2ccc(C=O)cc2)sc2cccc(OC)c21,-5.1740617752075195
guided,O=c1c2ccccc2ccn1C[C@H](O)CS(=O)(=O)c1ccc(F)cc1F,-1.1283379793167114
guided,O=C(CS(=O)(=O)Cc1ccccc1)/N=C1\S[C@H]2CS(=O)(=O)C[C@H]2N1Cc1ccccc1,-0.41173362731933594
guided,CCCN1C(=O)/C(=N\OCC(=O)NCC(F)(F)F)c2ccccc21,-1.4795348644256592
guided,Cc1c(C(=O)N(Cc2ccccc2)C(C)C)oc2ccccc12,-7.587172031402588
guided,O=C(NCc1cccnc1)C(=O)NC[C@H]1OCCCN1S(=O)(=O)c1cc(F)ccc1F,-0.29242706298828125
guided,C[CH-]C[N@@+]1(CC)[CH-]C[C@@]2(C)/C(=C\CC1)Nc1ccccc12.[H+],-11.478622436523438
guided,CN(C)S(=O)(=O)c1nnc(-c2ccc([N+](=O)[O-])s2)n1-c1ccc(F)cc1,-0.5372810959815979
guided,NS(=O)(=O)c1ccc(O)c(NC(=O)c2cccs2)c1,-0.3397819995880127
guided,COc1ccc(OC)c(NC=C2C(=O)CC(c3cccs3)CC2=O)c1,-2.7679738998413086
guided,O=C(Oc1ccc2cc(Br)ccc2c1)c1nccc2ccccc12,-7.263747215270996
guided,CC(=O)c1ccc(N2CCN(S(=O)(=O)c3ccc4c(c3)NC(=O)CS4)CC2)cc1,-0.7160038948059082
guided,CCS[C@@H](C)COC(=O)[C@H](Oc1cccc2cccnc12)C(=O)O,-0.9043554067611694
guided,C[c-]1[cH+][c+](-[c-]2[cH+][cH-][c+](Cl)[cH-][cH+]2)n2[n-][c+](N3[C-]([O-])CC([C+](N)[O-])[NH+]3[C+]([O-])[c+]3[cH-][cH+][cH-]o3)[n-][c+]2[n-]1,-0.24851861596107483
guided,O=C(c1cc2cc(Cl)cc(Cl)c2oc1=O)N1CCOCC1,-2.6824734210968018
guided,O=[N+]([O-])[C@@H](c1nc2ccccc2nc1C(F)(F)F)C(F)(F)F,-2.3762388229370117
guided,O=C(Nn1cnnc1)[C@@H]1CC(=O)N(c2ccccc2)C1,-0.8189954161643982
guided,O[C@H](COc1cccc(Cl)c1-c1ccc2ccccc2n1)Cn1ccnc1,-3.4520440101623535
guided,Cn1c(/C=C\NCCCC[C@H](CC2CC2)C(N)=O)nc(=O)n(C)c1=O,-0.3755916357040405
guided,NC(=O)c1cnc(CSc2ccc(N)cc2)n1CCc1ccccc1,-1.0065009593963623
guided,NCCc1nnc2n1CCCCC2,-2.8378233909606934
guided,N#Cc1ccccc1CSC[C@@H](NC(=O)CCC(=O)O)C(=O)O,-0.37324637174606323
guided,COCC[C@H](C)NC(=O)C[C@@H]1Oc2ccccc2NC1=O,-0.9619219899177551
guided,CCCCCCCC[C@H](C)/C=N/O,-7.243135452270508
guided,CCOc1ccccc1NS(=O)(=O)NC(=O)c1c(-c2ccccc2)noc1C,-0.7870513200759888
guided,COC(=O)[C@@H]1CC(=O)N(c2ccccc2)/C(=C/C=C/c2ccccc2)O1,-3.5221755504608154
guided,Clc1ccc(-c2noc(Cc3ccccc3)n2)cc1,-6.074774265289307
guided,CCn1cc(C(=O)N(C)C)c(=O)c2cc(F)c(N3CCN(C(=O)c4ccco4)CC3)cc21,-1.0516374111175537
guided,Nc1c([N+](=O)[O-])c2nc3ccccc3nc2n1CCN1CCOCC1,-0.2790352404117584
guided,COc1ccc(CN(C)CCOc2ccccc2)c(OC)c1,-6.785372257232666
guided,N/C(=N\Oc1ccc2ccccc2c1)c1nc2ccccc2c(=O)n1CCCN1CCOCC1,-0.7297524213790894
guided,NNC(=O)CC(=O)O,-0.7201005816459656
guided,OC[C@]1(Cc2ccccc2)CCCN(Cc2ccc3occc3c2)C1,-6.588994026184082
guided,CN(C1CCCCC1)S(=O)(=O)/C=C/c1ccccc1,-5.874347686767578
guided,CC[C@@H](C)c1ccc(NC(=O)CN2CCN(CC=C(C)C)CC2)cc1,-6.440281867980957
guided,CC(=O)N1N=C(c2cccnc2)O[C@@H]1c1ccc(OC(C)C)cc1,-2.450103998184204
guided,COc1ccc(Oc2nccc(N)c2Cl)cc1,-3.127359628677368
guided,O=C(c1cc2ccccc2s1)N1CCN(c2ncnc3sc4c(c23)CCCC4)CC1,-5.192078590393066
guided,O=C(Cn1c(=O)oc2ccccc21)NNC(=O)c1cccnc1,-0.21496085822582245
guided,[O-][C+]([N-][CH+]N(CCS[c-]1[cH+][cH-][cH+][cH-][cH+]1)C1C[S+2]([O-])([O-])[CH-]C1S)C1CCCCC1,-1.190543293952942
guided,C[C-]1[CH-][C+](CNCC[C+]([O-])O)N[C-]2[C+]1CS[c-]1[cH+][cH-][cH+][cH-][c+]12,-1.6956207752227783
guided,COCCCNC(=O)CN1CCC(c2nc3ccccc3s2)CC1,-3.162233591079712
guided,O=c1[nH]c(=S)n(C2CCCCC2)c(O)c1/C=N/n1cnc2ccsc2c1=O,-0.7399755716323853
guided,O=C(N/N=C/c1ccccn1)c1ccc(=O)[nH]c1,-0.5396881103515625
guided,[O][C](N[N][CH][C]1[CH][CH][C](Cl)[C](N([O-])[O-])[CH]1)[C+]1[CH][C](C2CC2)[N][C]2[CH][CH][CH][CH][C]21,-0.7836570739746094
guided,O[C@@H](CN1CCOCC1)Cn1c2ccccc2c2ccccc21,-5.37376070022583
guided,Cc1nc(SCC(=O)NNC(C)C)nc2ccc(Cl)cc12,-2.039963722229004
guided,CCCN1CCN(CCSc2nc(C(=O)OC)cc3c2CCCC3)CC1,-4.480306148529053
guided,COc1ccc(N2CCN([C@H](c3ccc(Cl)cc3)c3nnnn3C3CCCC3)CC2)cc1,-3.7183046340942383
guided,CCOc1ccccc1C(=O)NCCc1nc2[s+]c(C)c(C)c-2c([O-])[nH]1,-0.835440993309021
guided,NS(=O)(=O)OCCCc1ccccc1,-1.5284286737442017
guided,CCCCn1c(-c2cccs2)nc2ccccc2c1=O,-6.608554363250732
guided,O=C(O)CSCC(=O)NNC(=O)/C=C/c1ccc([N+](=O)[O-])cc1,-0.3904118239879608
guided,CCN(CC(=O)Nc1ccc2ccccc2n1)CC(=O)Nc1ccc(Cl)cc1Cl,-2.5187838077545166
guided,CCOc1ccccc1NC(=O)Nc1cnc(NC(=O)c2c(OC)cccc2OC)cc1C,-1.9204634428024292
guided,CCc1cc(O)c2c(=O)cc(-c3cccs3)oc2c1,-4.349828243255615
guided,Cc1cc(CNC(=O)CN2C(=O)COc3ccc(S(=O)(=O)N4CCc5ccccc5C4)cc32)no1,-0.32020193338394165
guided,CCOc1ccccc1[C@@H]1c2[nH]c3ccccc3c2C[C@@H]2C(=O)N(CC3CC3)CC(=O)N12,-2.630244731903076
guided,N/C(CCc1ccccc1)=N\OC(=O)c1ccc(Br)cc1,-2.676164150238037
guided,COc1ccc(COCC#C[C@H](CC(C)(C)O)OC)cc1,-3.95731520652771
guided,CCNC(=S)N(Cc1ccccc1)Cc1cc2c(C)ccc(C)c2[nH]c1=O,-4.819052219390869
guided,COc1cccc(C(=O)[C@H]2CCCN(Cc3ccc(C)o3)C2)c1,-5.268031120300293
guided,CN(C1CCCCC1)S(=O)(=O)c1cccc2nsnc12,-2.3576202392578125
guided,CCC(=O)NC(=S)Nc1cc(S(=O)(=O)N(C)C)ccc1C,-0.9807099103927612
guided,[O-][S+]([O-])O[N-][CH+][c+]1[cH-][c+](-[c+]2[cH-][cH+][cH-][cH+][cH-]2)[c-](N2CCOCC2)o1,-0.5747836828231812
guided,CCn1c(NCc2cccc(Cl)c2)nc2ccccc21,-7.815529823303223
guided,[C-2]=[O+]N=[N+]1CCN(Cc2ccc(F)cc2)CC1,-6.534762859344482
guided,C[c-]1[cH+][cH-][c+](N(C[CH-]N[N-][C+]2CCC[c-]3[cH+][cH-][cH+][cH-][c+]32)C[C+]([O-])N[c+]2[cH-][cH+][cH-][cH+][c-]2F)[cH-][cH+]1,-3.7010672092437744
guided,[S-][C]N([N-][CH+][C+]1[CH+][CH-][CH+]O1)[C+]1[N-][C+]([S-])CS1,-5.042347431182861
guided,Cn1c(=O)n(CC(=O)N2CCN(c3ccc(F)cc3)CC2)c2ccccc21,-3.386692762374878
guided,[CH2-][C@H]1C[O+]=N/C1=C(\N=N\c1ccccc1)C(=O)OCC,-1.8027125597000122
guided,Fc1ccc(-c2ccc(OCCN3CCOCC3)cc2)cc1,-8.55048656463623
guided,[O-][S@+](CCc1ccncc1)Cc1ccccc1,-5.736279487609863
guided,O=C(C1CC1)N(Cc1ccco1)c1ccc(O)cc1,-3.4748153686523438
guided,N#Cc1ccccc1CSc1nnc(N)n1-c1ccccc1,-1.2775065898895264
guided,CSc1ccc(C(=O)Nc2nc3c(s2)CN(C)CC3)cc1S(=O)(=O)N1CCCC1,-1.0922818183898926
guided,O=S(=O)(/N=C(\c1ccccc1)N1CCOCC1)c1ccccc1,-2.5634963512420654
guided,CCCONC(=O)N/C=N/OC,-1.491550326347351
guided,COc1ccc2c(C)cc(=O)[nH]c2c1,-4.638452053070068
guided,CN(C)S(=O)(=O)N1CCc2ccccc21,-4.781980037689209
guided,O=C(Nc1cc(C(=O)O)c(NCCOCCOc2ccc(Cl)cc2)cc1OCCOCc1ccccc1)c1cccs1,-3.959728479385376
guided,Cc1ccc(/[S+]=C2/C=CC=C/C2=C(\[O-])O)c(C)c1,-4.597762584686279
guided,CCCCN(c1cccc(O)c1)S(=O)(=O)c1ccc2c(c1)NC(=O)[C@H](C)C(=O)N2,-0.7305752038955688
guided,COc1ccccc1N(CC(=O)NCc1ccncc1)S(=O)(=O)c1ccc(C)cc1,-0.832219123840332
guided,CCNC(=S)NCc1ccccc1,-7.673927307128906
guided,CN(CC(=O)Nc1cc(S(=O)(=O)N(C)C)ccc1Cl)C(=O)c1ccc2ccccc2c1,-1.2060191631317139
guided,Cc1ccc(-n2c(C)cc([C@H]3N=C(N)Nc4nc5ccccc5n43)c2C)c(C)c1,-2.5693318843841553
guided,OCCOc1ccc(OCCOCCNCc2ccccc2)cc1N1CCCCC1,-2.588909149169922
guided,COc1cc(/C=N/NC(=O)c2cccc(Cl)c2)cc(Br)c1O,-2.199672222137451
guided,N[S+2]([O-])([O-])[c-]1[cH+][cH-][c+](C[N-][C+]([S-])N[CH+]N([C-]([O-])[N-]CC[C+]2[CH+][CH+][CH-][CH+][CH-]2)C2CC2)[cH-][cH+]1,-0.44475027918815613
guided,S=C(NCCN1CCOCC1)NCc1ccc(Cl)cc1,-5.444014549255371
guided,CN(C)[C@@H](CNC1CCN(Cc2ccccc2)CC1)c1ccccc1,-9.386343955993652
guided,COc1ccc(/C=C2\NC(=S)NC2=O)cc1Br,-3.5214905738830566
guided,CN(C[C@H](C1CCCCC1)N(C[C@@H](Cc1ccccc1)N(CCCCCC(=O)Nc1cccc(F)c1)N=O)N=O)N=O,-4.058732986450195
guided,CCOC(=O)N1CCN(/C(=C\c2ccc3c(c2)OCO3)c2ccccc2)CC1,-4.127004146575928
guided,COc1cccc(-c2nc(Cc3cccc(C)c3)no2)c1,-4.472042083740234
guided,COc1ccc(Cn2c(CCNC(C)=O)nc3ccccc32)cc1,-3.016735315322876
guided,Clc1ccc(OCCCc2c[nH]c3ccc(Cl)cc23)cc1,-9.873915672302246
guided,CCC(=O)N(Cc1cccs1)c1c(C)cc(C)cc1Cl,-10.240800857543945
guided,CCCCc1ccc(OC[C@H](O)Cn2nc(C)cc2C)cc1,-4.45782470703125
guided,O=C(NCc1ccc(Cl)cc1)C(=O)NC[C@@H](c1ccco1)N1CCOCC1,-0.6568427681922913
guided,C[C@@H]1CCCN(S(=O)(=O)c2ccc3c(c2)n(C)c(=O)c(=O)n3C)C1,-0.7509112358093262
guided,[S-][C+](N[N-][CH-][C+]1[C][CH-][CH+][C-](Br)[CH+]1)N[c+]1[cH-][cH+][cH-][cH+][cH-]1,-5.829585075378418
guided,CCOC(=O)NNS(=O)(=O)c1ccc(/C(C)=N/NC(=O)C2CC2)cc1,-0.36443832516670227
guided,S=C(NCCCN1CCOCC1)Nc1ccc(Cl)cc1,-5.620778560638428
guided,N#C[C@@H](CC(=O)Nc1ccccc1)NCc1ccco1,-1.0583381652832031
guided,COc1ccc2c(c1)c(C(=O)NCc1ccco1)c(C)n2Cc1ccccc1,-4.126004219055176
guided,O=S(=O)(c1ccc(F)cc1)c1nc(-c2ccc(F)cc2)oc1NCCCN1CCOCC1,-1.3628666400909424
guided,[S-][C+](NCC[c-]1[cH+][cH-][cH+][cH-][cH+]1)N1CCN([C-](NC2CCCCC2)N2CCCCCC2)CC1,-6.772713661193848
guided,N#Cc1cc(N)ccc1N1CCc2ccccc2C1,-3.4068078994750977
guided,CO[c-]1[cH+][cH-][c+](N[C-]([O-])CS[c+]2[n-][c+]3[cH+][cH-][cH+][c-]4o[c-]5[cH+][c+](-[c+]6[cH-][cH+][cH-][cH+][c-]6Cl)[n-][c-]2n5[c+]34)[cH-][cH+]1,-2.818049192428589
guided,CCCCSCCCNC(=O)c1cc2c(=O)[nH]c3ccccc3c2s1,-3.5255072116851807
guided,CCN(/N=C/c1cnc2ccccc2c1)C1=NC(=O)N(c2ccccc2)C1=O,-1.574305772781372
guided,O=S(=O)(c1cccc(C(F)(F)F)c1)N1CCN(C(=S)NCc2ccco2)CC1,-2.127380132675171
guided,S=c1[nH]nc([C@@H](c2ccccc2)C2CCCCC2)o1,-6.068268299102783
guided,NS(=O)(=O)c1ccc2ccccc2c1,-2.3339359760284424
guided,Nc1nc(SCC(=O)c2ccccc2)n[nH]1,-0.6452763080596924
guided,CC(C)(C)C(=O)Nc1ncc(Br)cc1-c1ccccc1,-6.013097763061523
guided,O=C(c1ccccn1)c1nnc(-c2ccccc2F)o1,-1.768087387084961
guided,C[C@@H]1CN(CCOc2ccc(Cl)cc2)C[C@@H](C)O1,-8.414572715759277
guided,F[C-](CN1CCC([c+]2[cH-][nH][c+]3[cH-][cH+][cH-][cH+][c-]23)CC1)C(F)(F)F,-10.003491401672363
guided,O=C(c1cccnc1)N(c1ccccc1F)c1ccccc1[N+](=O)[O-],-2.1800343990325928
guided,Cc1cc(NC(=O)[C@H](C)SC(=O)NCC(C)C)no1,-0.9274628162384033
guided,COc1ccc([C@@H](c2c(C)n(C)n(-c3c[c-]ccc3)c2=O)c2c(C)n(C)n(-c3ccccc3)c2=O)cc1Br.[H+],-4.1223835945129395
guided,[CH2-]O,-9.064140319824219
guided,[O+]#Cc1ccccc1-c1[c-]cc(CN2CCC[C@@](CO)(CCc3ccccc3)C2)cc1,-6.3838677406311035
guided,O=[N+]([O-])c1ccccc1/C=N/OCc1ccccc1F,-2.56339955329895
guided,CCCC[C@@H]1CNCCN1CCNc1ccc(F)c2ccccc12,-7.914343357086182
guided,O=C(Cc1ccccc1)N[C@H](Cc1c[nH]c2ccccc12)C(=O)O,-0.9824883937835693
guided,S=C(NCCc1ccccn1)NC1CCCCC1,-5.593785762786865
guided,CCC(=O)NC(=S)Nc1ccc(C)cc1C,-5.02967643737793
guided,Nn1c(SCC(=O)Nc2ncc(C(F)(F)F)cc2Cl)nnc1-c1ccco1,-0.8230916857719421
guided,Clc1cccc(COn2nnc3ccccc32)c1,-5.2021307945251465
guided,O=C(/C=C/c1ccccc1)OC1CCCCC1,-7.9615888595581055
guided,Cc1nc(CN(C(=O)[C@@H]2CCC(=O)N(CC3CCCCC3)C2)c2ccccc2)no1,-1.781644344329834
guided,Nc1c(C(=O)OCCOC(=O)C2OCCO2)c2nc3ccccc3nc2n1/N=C/c1ccccn1,-0.2822885513305664
guided,C/C(=N/OC(=O)c1ccc(-c2ccccc2)cc1)c1ccc([N+](=O)[O-])cc1,-2.561217784881592
guided,O=C(O)C[C@H](CC(=O)Nc1ccc(Cc2ccncc2)cc1)c1ccccc1,-2.099529266357422
guided,CCOC(=O)/C(=C\c1ccc(C)cc1)NC(=O)c1ccccc1,-3.453434467315674
guided,O=C(NNC(=O)c1ccccc1Cl)c1cnccn1,-0.6540899872779846
guided,COCc1cc(=O)[nH]c(/N=C(\N)Nc2ccc(OC(F)(F)F)cc2)n1,-0.46146634221076965
guided,CN(C)CCOCCOCCOCC[N-]CCOCCOCC[N+]1=CC=[C-]/C(=[S+]\NC(=O)C2CCCCC2)C1=O,-0.4577450454235077
guided,CCOc1cccc(-c2cn(-c3ccccc3OC)c(=S)[nH]2)c1,-6.4992451667785645
guided,CN(C)CC(=O)Nc1ccc2ccccc2c1,-6.165627956390381
guided,O=C(Cc1ccccc1)N1CCN(C(=O)[C@@H]2COc3ccccc3O2)CC1,-2.4322664737701416
guided,O=C(NCC1(N2CCCCC2)CCCCC1)c1ccc(OC(F)F)cc1,-5.9079155921936035
guided,COc1cc(/C=C2/SC(=O)N(C)C2=O)ccc1OCC(=O)Nc1cccc(C(F)(F)F)c1,-1.9666218757629395
guided,O=C(CNC1CCCCC1)Nc1ccc(Cl)c(C(F)(F)F)c1,-5.991132736206055
guided,C[C@@H](O)C(=O)Nc1nnc(SCC(=O)N2CCCC2)s1,-0.3920343518257141
guided,COc1c[c-]c2c(oc(=O)c3oc4ccccc4c32)c1C.[H+],-4.107234001159668
guided,O[C][C+]1[CH+][CH-][c+]2[cH-][cH+][cH-][cH+][c-]2[CH+]1.[O-]P([c+]1[cH-][cH+][cH-][cH+][cH-]1)[c+]1[cH-][cH+][cH-][c+](Br)[cH-]1,-5.573963165283203
guided,COC(=O)C1=C(C)N=C2SC(C(=O)N/N=C/c3cccc(Cl)c3)=C(C)N2[C@H]1c1ccc(O)c(OC)c1,-1.6857969760894775
guided,COC(=O)Cc1c(C)[nH]n(-c2ccccc2)c1=O,-1.9590973854064941
guided,CC(c1ccccc1)c1ccccc1,-13.868410110473633
guided,C[C-]([O-])N[C+]1[C+]([C+]([O-])[C+]([O-])[c+]2[cH-][cH+][c-](F)[cH+][cH-]2)[N-][C+]([O-])N(C)[C+]1[O-],-0.3574448823928833
guided,F[c-]1[cH+][cH-][c+](C[N-]CCCN2CCCC2)[c-](F)[cH+]1,-9.625600814819336
guided,[O-][S@+](Cc1nc2n(c1Br)CCC2)c1ccc(Cl)cc1Cl,-6.0573601722717285
guided,Brc1cccc(-c2n[nH]cc2CN2CCCCCC2)c1,-7.434215545654297
guided,CN(C)S(=O)(=O)c1ccc([C@@H](O)CN2C(=O)NC(C)(C)C2=O)cc1,-0.366879940032959
guided,COCCCn1c(=S)[nH]nc1[C@]12C[C@H]3C[C@H](C[C@H](C3)C1)C2,-5.285335063934326
guided,C=C(CC[N-]Cc1ccc(Cl)c(CNc2ccccc2F)c1)C(=C1C=C[CH+]C=C1)c1ccccc1,-14.515464782714844
guided,COc1cc(NC(=O)c2ccccc2)c(OC)cc1NC(=O)CN1CCN(C/C=C/c2ccccc2)CC1,-1.8533991575241089
guided,CCO[c-]1[c+](N([O-])[O-])[cH+][c-]2[c+]([c-]1OCC)C([O-])[c-]1[cH+][cH-][cH+][cH-][c+]1N2,-0.6943408846855164
guided,O=[N+]([O-])c1cccc(-c2csc(Nc3ccc(OC(F)F)cc3)n2)c1,-2.9732937812805176
guided,CN(CC(=O)NCC#Cc1ccccc1)S(=O)(=O)c1cccc2cccnc12,-0.889030396938324
guided,COc1ccccc1CN1CCN([C@@H](c2ccccc2)c2nnnn2Cc2ccco2)CC1,-1.8061290979385376
guided,Oc1c(Br)cccc1Sc1ncccn1,-4.545496463775635
guided,O=c1cc(N2CCN(c3ccc(O)cc3)CC2)[nH]c(=O)n1-c1ccc(Br)cc1,-0.957828938961029
guided,Brc1ccc(/N=C(/Nc2nc3ccccc3s2)c2ccccn2)cc1,-6.053668022155762
guided,O=C(Cn1nc(-c2ccc([N+](=O)[O-])cc2)c2ccccc2c1=O)NCCO,-0.2663176655769348
guided,O=C(Cn1cc(/C=N/NC(=O)c2ccccc2C(=O)O)c2ccccc21)Nc1c(F)cccc1F,-1.3775466680526733
guided,N#C[C@H](C(=O)OCc1ccccc1)c1nc2ccccc2nc1N1CCOCC1,-0.83243727684021
guided,COCCn1/c(=N/C(=O)CCC(=O)O)sc2cc(Oc3ccccc3)ccc21,-1.0884860754013062
guided,COc1cc(SC)ccc1C(=O)Nc1ccc(C)cc1C,-6.352470874786377
guided,COCCn1c(SCC(=O)NC(C)(C)C)nc2c(sc(=S)n2Cc2ccccc2)c1=O,-1.7383520603179932
guided,S=C(NCc1ccco1)NC1CC1,-5.3913960456848145
guided,Brc1cc2c(cc1CN1CCOCC1)OCO2,-6.445291996002197
guided,O=[N+]([O-])c1cccc(C2=[O+]/C(=[S+]/Cc3ccccc3N([O-])[O-])N=N2)c1,-0.7644359469413757
guided,Cc1cc2oc(C(=O)N[C@@H]3CCS(=O)(=O)C3)c(C)c2cc1C,-1.239897608757019
guided,C[C@@H](C(=O)c1cccn1C)n1cnc2ccccc2c1=O,-2.7387118339538574
guided,CC(=O)c1ccccc1OCc1ccc(C(=O)c2cccs2)cc1,-6.0293378829956055
guided,COCc1cc(-c2ccccc2)n(CC(=O)O)c(=O)c1C#N,-0.4218328297138214
guided,C[C@H](Oc1ccccc1)C(=O)Nc1ccc(/N=C2\N=C(N)c3ccccc32)cc1,-1.419209599494934
guided,Brc1ccccc1/C=N/N1CCCCC1,-9.941818237304688
guided,CO[c+]1[cH-][c+](N[CH-]N[S+2]([O-])([O-])[c+]2[cH-][cH+][c-](N3[C+]([O-])CC[C+]3[O-])[cH+][cH-]2)[c-](C)[cH+][c-]1OC,-0.27762678265571594
guided,CN(C[C+]1[CH][CH][CH][CH][CH]1)S([O])([O])[C]1[CH][CH][C](NCCOCCO)[C](N([O-])[O-])[CH]1,-0.529468297958374
guided,COc1cc(Br)ccc1S(=O)(=O)N1CCCOC1,-2.877406120300293
guided,[CH2-]N1CCCCCC1,-12.289722442626953
guided,O=C(Cc1cccc(C(F)(F)F)c1)N1CCCC1,-8.781044006347656
guided,C[C]1[N]N(C[C+]([O])OC[C]([O])NC(C)[C]2[CH][CH][CH][CH][CH]2)[C](C)[C]1N([O-])[O-],-0.5409446358680725
guided,COc1cccc(C(=O)O)c1OC(=O)Cc1cccs1,-1.5250962972640991
guided,O=C1C[C@@H](NCc2cccc3ccccc23)C(=O)N1c1ccccc1,-4.115378379821777
guided,C[C@H]1CN(C[C@@](C)(C(=O)c2cccc(C(F)(F)F)c2)c2ccccc2)C(=O)O1,-5.563363552093506
guided,CC(C)(C)[C-]([O-])[N-][C+]1[CH+][CH+][CH-][CH+][C-]1[C][N-][C+]([N-][C][O-])[c+]1[cH+][cH+][cH+][c+]2[cH-][cH+][cH-][cH+][c-]12,-1.6315557956695557
guided,CCCC(=O)Nc1nn(-c2ccccc2)c2nc3ccc(C)cc3cc12,-3.897538661956787
guided,COc1ccc(-n2c(Cc3ccc(S(=O)(=O)N4CCOCC4)cc3)nnc2SCC(N)=O)cc1,-0.28204062581062317
guided,Cc1cc(NC(=O)C/[S+]=c2\nc(NS(=O)(=O)c3ccc(Cl)cc3)cc([O-])[nH]2)n[nH]1,-0.32312166690826416
guided,CCCC(=O)NCC(=O)Nc1nn(-c2ccccc2)nc1C(N)=O,-0.31139862537384033
guided,CNCCCCCCO,-6.359185695648193
guided,C[C@@H]1CN(Cc2nc3c(c(=O)n(C)c(=O)n3C)n2CCc2ccccc2)C[C@H](C)O1,-1.099880337715149
guided,CCC(=O)NCCCN(C)Cc1ccccc1,-6.161606311798096
guided,COc1ccc2c(c1)C(=O)C(=O)N2C(C)(C)C,-4.038496971130371
guided,CO[C-]1[CH+][CH-]O[c+]2[cH-][cH+][c-](-[c+]3[cH-]s[c+](-[c+]4[cH-][cH+][cH-][cH+][cH-]4)[n-]3)[cH+][c-]21,-7.577831745147705
guided,O=C(Cc1ccccc1)N/N=C/c1ccco1,-2.9834086894989014
guided,O=C(N[C@@H](Cc1c[nH]c2ccccc12)C(=O)O)c1ccccc1,-1.023533821105957
guided,S=P(Nn1cnnc1)(c1ccccc1)c1ccccc1,-4.508869171142578
guided,S=C(NCCCn1ccnc1)N1CCOCC1,-4.564398765563965
guided,CN(C)[S@@]1(#[O+])O[C@H]([O-])[C@@H](OC(=O)c2cccs2)/C([O-])=c2/cn/c(c(C#N)c2)=[S+]/CC(=O)Nc2cc1ccc2Cl,-0.24469658732414246
guided,COc1c(C)cccc1C(=O)Nc1ccccc1N1CCOCC1,-3.786249876022339
guided,[CH2-][CH+]C1[C-]([CH-][C]C)[CH+][CH-][C+]2O[N-][C+]([C+]([O-])C[C+]([O-])[C+]3[CH+][CH-][C+](O)[CH-][CH+]3)[C-]([O-])N21,-0.529063880443573
guided,CCN(CC)CC1=CC2=CC(=O)CC(=O)C2=C(C)O1,-4.137729167938232
guided,O=C(/C=C(/C/C=C/c1ccccc1)C[C@@H]1CCCCO1)c1ccco1,-7.331490516662598
guided,O[C@@H]1CCCN(Cc2cccc(Cc3ccccc3)c2)C1,-8.256987571716309
guided,[CH2-][N-][C+]([O-])N(C)[CH+]COC1CC[C+]([O-])NC1,-0.7001366019248962
guided,[CH2+]CC[CH+][C]OCCCN([CH-][C+]([O-])O)C[c-]1[cH+][cH-][cH+][cH-][cH+]1,-2.9367058277130127
guided,[O][C](N[P]([O])([C]1[CH][CH][CH][CH][CH]1)[C]1[CH][CH][CH][C](N([O-])[O-])[CH]1)[C+]1[CH][CH][CH]O1,-0.9017578363418579
guided,S=C(NCCc1ccc(Cl)cc1)Nc1cccc(Cl)c1,-9.127264022827148
guided,COCCSc1nc2ccc(C)cc2n1C[C@@H](C)O,-4.068283557891846
guided,[CH2-][C-]1[CH+]S[C+]2[N-][CH+][N-][C+](SC[C-]([O-])N3CCN([c+]4[cH-][cH+][c-](OC)[cH+][cH-]4)CC3)[C+]21,-2.2501766681671143
guided,O[C@H](C#CCN1CCOCC1)c1ccc(F)cc1,-6.036752223968506
guided,Cc1cccc(NS(=O)(=O)N2CCCCCC2)c1,-3.835569143295288
guided,COc1ccccc1N1CCN([S@@](=O)([O-])=C=CC=C=C2C=CC(=O)[NH+]=N2)CC1,-0.31600481271743774
guided,O=C(NNC(=O)c1cccnc1)Nc1ccc([N+](=O)[O-])cc1,-0.33806222677230835
guided,O=C(NCO)c1ccccc1Cl,-3.6421427726745605
guided,COCCCn1c(-c2cccs2)nc2cccnc21,-5.3931050300598145
guided,N#Cc1nc(COc2ccc(Br)cc2)oc1NCc1cccnc1,-1.6317236423492432
guided,NNC(=O)c1ccc2c(c1)C(=O)N(C[C@H]1CCCO1)C2=O,-0.3833191394805908
guided,C[C@H](NC(=O)[C@@H]1CC(=O)N(c2ccc(F)c(Cl)c2)C1)C(=O)NCc1ccco1,-0.5842339992523193
guided,Fc1ccccc1-n1cc(-c2ccccc2)[nH]c1=S,-9.581887245178223
guided,COC(=O)c1sccc1NS(=O)(=O)c1ccc(Cl)cc1,-1.7507094144821167
guided,CN(C)C12N[C-](CN[c+]3[cH-][cH+][cH-][c+](C(F)(F)F)[cH-]3)[N-]C3C14[O+](C)C324,-4.368893623352051
guided,CCOC(=O)c1cccc(NC(=S)Nc2ccc(C(C)=O)cc2)c1,-2.6801934242248535
guided,COc1ccc(NC2=NCCS2)cc1OC,-4.627017021179199
guided,COc1ccc(OC)c(S(=O)(=O)N[C@@H]2CCN(Cc3ccccc3)[C@H]2c2nccn2C)c1,-0.8148464560508728
guided,COCCCNc1nc(Nc2ccccc2)[nH]c(=O)c1C(=O)OC,-0.355403870344162
guided,O=C(c1ccco1)N1CC[C@@H](O)C1,-3.106595277786255
guided,CC[C@](C)(c1ccccc1)C(C(=O)O)C(=O)O,-1.364905595779419
guided,CCC[C@H](CC)C(=O)OCC(=O)Nc1cc(Cl)cc(Cl)c1,-4.182605743408203
guided,CCc1cc(C)cc(N2CCNCC2)n1,-6.873941898345947
guided,Cc1cc2ccccc2n1-c1ncc2c(n1)NC(=O)[C@H](C)C2(C)C,-3.0933213233947754
guided,COc1ccccc1NCC(=O)NNCC(C)C,-2.0753259658813477
guided,COc1ccccc1N1CCN(/N=C/C=C\c2ccccc2[N+](=O)[O-])CC1,-2.0318667888641357
guided,Nc1ccc(-n2c(-c3ccc(Cl)cc3)n[n-]/c2=[S+]\CC(=O)N[C@H]2[CH-]C2)cc1.[H+],-0.77198326587677
guided,Cc1cc(C)c2[nH]c(=O)c(CN(Cc3cccnc3)C(=S)NCCCN(C)C)cc2c1,-2.543588638305664
guided,CCC(=O)Nc1cc(NC(=O)CSc2nccn2C)c(F)cc1Cl,-1.6570969820022583
guided,FCCN1CCN(Cc2cccc3c2CCCCC3)CC1,-11.855066299438477
guided,CCO[C@H]1OC(C(N)=O)=C[C@@H](c2ccc(C)cc2)[C@@H]1CCCO,-0.9504375457763672
guided,C[P@](=S)(NNC(N)=S)Oc1ccccc1,-2.4456043243408203
guided,N[C-]([O-])[CH+][CH+][CH-][N-][C+]1[CH+][CH-][CH+][c-]2[cH+][cH-][cH+][cH-][c+]21.[H+],-2.081861734390259
guided,[O-][C][C+]1[CH+][CH-][CH+][CH-][C+]1N[C-]([S-])N[C+]1[CH+][CH-][CH+][CH-][C+]1F,-4.022271156311035
guided,COCCCN(C(=S)Nc1cc(C)ccc1C)[C@@H](C)c1ccccn1,-6.70698881149292
guided,O=C(NNS(=O)(=O)c1ccccc1)c1ccccc1NS(=O)(=O)c1ccc(Cl)cc1,-0.6848106980323792
guided,COc1ccc(CN2CCN(CC3CC3)C[C@@H]2CCO)cc1C,-5.694327354431152
guided,CCO[C]1[CH][CH][C]([C+]([O])NC[C]2[CH][CH][C]3OCO[C]3[CH]2)[CH][C]1N([O-])[O-],-0.5525816082954407
guided,CCCOc1ccc([C@@H](O)c2ccc(N(C)C)cc2)c(Br)c1,-7.375821590423584
guided,CC[C@@H]1CCCCN1[P@](=O)(OC(C)C)c1ccc(N(C)C)cc1,-7.321799278259277
guided,CN(CC(=O)NC[C@H]1CCCO1)c1cccc(F)c1,-4.613298416137695
guided,CO[C]1[N][C]([O])[N+]([CH][C+]2[CH][CH][CH][CH][CH]2)[C]([O-])[C]1[CH][N][C]1[CH][C](N([O-])[O-])[CH][CH][C]1Cl,-0.5169017910957336
guided,N#C/C(=N\Nc1ccc(F)cc1)C(N)=S,-1.301297664642334
guided,NC(=O)c1ccccc1NS(=O)(=O)c1cccc2cccnc12,-0.3978336453437805
guided,COc1ccc(C(=O)[C@H](O)[C@H](c2cc3ccccc3oc2=O)N2CCOCC2)cc1OC,-0.4418482482433319
guided,N[C@@H](CC(=O)OC1CCCCC1)C(=O)OC1CCCCC1,-1.3544150590896606
guided,Cc1ccc(C(=O)N[C@H]2C(=O)NN[C@@H](C(=O)O)C2(C)C)cc1,-0.3833191394805908
guided,O=c1ccc(COc2nc(Nc3cccc(F)c3)nc(N3CCOCC3)n2)n[nH]1,-0.2654186487197876
guided,CC(C)NC(=O)NCCCN1CCN(c2ccc(C#N)cc2)CC1,-1.4018123149871826
guided,O=S(=O)(c1cnc[nH]1)N1CCN(c2ccccc2Cl)CC1,-1.5276015996932983
guided,COCC(=O)OCC(=O)c1cccnc1,-1.8520617485046387
guided,Cc1ccc(S(=O)(=O)O/N=C2/CCSc3ccccc32)cc1,-3.589611291885376
guided,O[C@@H]1CO[C@H]2[C@@H]1OC[C@H]2O,-2.707412004470825
guided,CC(=O)C1=C(Nc2ccc(F)cc2)C[C@@](C)(O)C2(C(=O)NC(=O)NC2=O)[C@H]1C,-0.3717493414878845
guided,CN(/N=c1\sc2ccccc2n1C)C(=S)NCc1ccc(F)cc1,-6.541707992553711
guided,CC(=O)N/N=C(\c1ccc(C)cc1)c1cccs1,-5.0680131912231445
guided,O=S(=O)(NC1c2ccccc2-c2ccccc21)c1cccc(F)c1,-4.950813293457031
guided,Cc1ccc(-n2nc(CN3CCOCC3)c(-c3ccccc3)c2N)cc1Cl,-3.709503173828125
guided,O=c1c(CN(CCO)CCc2ccccc2)cn(-c2ccccc2)n1-c1ccccc1,-4.253899097442627
guided,CNc1c(-c2ccccc2)c(-c2ccccc2)nc2nc(C)nn12,-3.784940719604492
guided,NCCCC[C@@H](NC(=O)c1ccccc1)C(=O)N[C@@H](CCC(=O)O)C(N)=O,-0.3432178497314453
guided,O=C(/C=N/O)CCCCCCN1CCCCC1,-3.5175764560699463
guided,Fc1ccc(Br)cc1/C=N/Nc1nnn(C2CCCCC2)n1,-2.5090131759643555
guided,CCC(=O)N(c1ccccc1)[C@H]1C=CS(=O)(=O)C1,-2.9933102130889893
guided,Clc1ccccc1CNCCC1=CCCCC1,-11.430423736572266
guided,CN(C)c1ccnc2sc3c(NCCc4ccccc4)ncnc3c12,-3.9679324626922607
guided,CC(=O)C1=NO[C@@H](CNc2ncc(C(F)(F)F)cc2Cl)C1,-2.5275745391845703
guided,CC(C)(C)C(=O)NCC(=O)N1CCC[C@@H](Nc2ccc(F)cc2)C1,-2.46138334274292
guided,CC(O)CN(CCO)C[C]1[CH][CH][C](OC(C)[C+]([O])O)[C](N([O-])[O-])[CH]1,-0.5070370435714722
guided,CCCOP([O-])c1ccc(N(C)C)cc1.Cc1ccc(/C=[NH+]\c2ccccc2)cc1,-4.100558280944824
guided,N#CCCN1C(=O)/C(=C/C=C/c2ccco2)NC1=S,-1.6239207983016968
guided,COC(CC(=O)N1CCc2ccccc2CC1)OC,-5.062922477722168
guided,Cc1cc(NC(=O)COC(=O)CSCC(=O)C(C)(C)C)no1,-0.4451432228088379
guided,CS(=O)(=O)NCCCN1CCN(c2ccc(F)cc2)CC1,-3.099107503890991
guided,O=c1[nH]nc(SCc2ccccc2Cl)n1C1CC1,-3.837815999984741
guided,COC1=C[S+]=C/C1=C(/N)[O-],-2.690338373184204
guided,COc1cc(Cc2ccc3c(c2)OCO3)ccc1OC(=O)N1CCOCC1,-2.1193768978118896
guided,CNc1nc([C@H]2COc3ccccc3O2)nn1-c1ccc(OC)cc1,-1.7477548122406006
guided,OC[C@@H](O)[C@@H]1O[C@H](Nc2cccc(Br)c2)[C@H](O)[C@H]1O,-0.4234447777271271
guided,FC(F)(F)c1ccccc1N/N=C/c1cccs1,-8.79280948638916
guided,COCCN1[C](CC[C+]([O])C(C)(C)C)[N][N][C]1SC[C]1[CH][CH][CH][C](N([O-])[O-])[CH]1,-0.8696316480636597
guided,CCCN(Cc1ccc(-n2cc([N+](=O)[O-])cn2)nc1)[C@@H](C)CC,-1.5894182920455933
guided,F[C+]([C]C(F)(F)F)N1CCNCC1,-9.53171443939209
guided,C[CH+][CH+][C+]([O-])N([CH-][c+]1[cH-][cH+][c-](OC)[cH+][cH-]1)CCC[C-]([O-])NC(OCC)[C+]([O-])NC1CC1,-0.3434288799762726
guided,NS(=O)(=O)c1ccc(NNC(=O)c2ccccc2Cl)cc1,-0.40487074851989746
guided,COc1cc(C(=O)NCCN2CCN(c3ccc(N4CCOCC4)cc3OC)CC2)ccc1OCc1cnn(C)c1,-0.5219318270683289
guided,COc1cc([C@@H]2C(C(C)=O)=C(C)Nc3ncnn32)ccc1O,-0.5487493872642517
guided,Cc1nc2nc(C)c(CCC(=O)O)c(C)n2n1,-0.9402356743812561
guided,C[C@@H](CNS(=O)(=O)c1ccccc1)c1ccccc1,-4.330422401428223
guided,CN1CCN(NC(=O)c2ccc(COc3ccccc3Br)o2)CC1,-2.7410943508148193
guided,Oc1nnc(-c2ccc(OC3CSC3)cc2)c2ccccc12,-3.5437324047088623
guided,Nc1nonc1-c1noc(CCCOc2ccc(Cl)cc2Cl)n1,-0.8394764065742493
guided,COc1ccc(N/C(C=O)=C/c2ccc(C)o2)cc1,-3.8627820014953613
guided,Nc1nc(SCC(=O)Nc2ccc3c(c2)OCO3)n[nH]1,-0.30451664328575134
guided,COc1ccc(C(=O)N[C@@H](C(=O)OCC(=O)Nc2cc(C)on2)C(C)C)cc1OC,-0.36963823437690735
guided,CCOC[CH][CH]C[CH-]CCC1CC(C)[C]2[CH+][C]([O])CC3O[OH+][C]C1[C]23,-4.873554706573486
guided,CCC(=O)NNC(=S)Nc1ccc(F)cc1F,-3.2447309494018555
guided,S=C(Nc1cccnc1)N1CCN(c2ncccn2)CC1,-2.633090019226074
guided,[C-3]CC[C-]([O-])[C+]1[CH+][CH-][CH+][CH-][CH+]1,-7.949515342712402
guided,CCCOc1ccc(C(=O)[C@@H]2CC(C)=NN2)cc1,-3.6392910480499268
guided,COc1ccc(OC)c(Cc2nnc(CCC(=O)N3CCN(Cc4ccccc4)CC3)o2)c1,-1.1577178239822388
guided,O=S(=O)(NC1CC1)c1cccc(C(F)(F)F)c1,-4.196513652801514
guided,CC/C=[N+](\[C]/C=[CH+]\[C-]=C(\[O-])OCCCC)[N-]c1cccc([N+](=O)[O-])c1.[H+],-1.255028247833252
guided,COc1ccc(C[C@@H](C)NC(=O)CCn2cccc2)cc1,-4.619452476501465
guided,CNC1(C(=O)NN)CCNCC1,-1.071906328201294
guided,COc1cc(C(=O)Nc2nnc(SCC(=O)Nc3ccc(NC(C)=O)cc3)s2)cc(OC)c1OC,-1.0202805995941162
guided,O=C1NCCN[C@@H]1c1cccs1,-4.7370734214782715
guided,N/C(COc1cccc(O)c1)=N\O,-0.6005325317382812
guided,Cc1cc(N2CCCCC2)nc(C(C)C)n1,-7.144433975219727
guided,COC(=O)N1CCN(Cc2ccc(C(F)(F)F)cc2)CC1,-6.321788311004639
guided,COc1ccccc1OCC(=O)Nc1ccc(S(=O)(=O)Nc2ccccn2)cc1,-0.6583690047264099
guided,COc1cccc(CNn2c(C)nc3ccccc3c2=O)c1O,-1.103346586227417
guided,Fc1cccc(F)c1CNCc1ccc(Cc2ccncc2)cc1,-8.656816482543945
guided,CCOc1ccc(CNc2cccc([N+](=O)[O-])c2)cc1O,-1.269419550895691
guided,COc1cc([C@@H](O)c2cc(C(=O)NC3CCCCC3)c(C)[nH]c2=O)ccc1O,-0.6090396046638489
guided,CCC(C)(C)NC(=O)CCN1C(=O)[C@@H]2CCCN2c2ncc(Cl)cc21,-2.2312800884246826
guided,CCOc1cc(C(=O)NCC(=O)N[C@H]2CCCN(Cc3ccccc3)C2)cc(OCC)c1OCC,-1.1306419372558594
guided,COc1ccc([C@@H]2C(=O)Nc3ccccc3N2C(=O)NC2CCCCC2)cc1,-2.6206817626953125
guided,NN[C-]([O-])[C+]1S[C+]2[N-][C][C+]([c-]3[cH+][cH-][c+]4[cH-][cH+][cH-][cH+][c-]4[cH+]3)[C+]([c-]3[cH+][cH-][cH+]o3)[C-]2[C+]1N,-0.5640595555305481
guided,N#CC(c1ccccc1)(c1ccccc1)c1ccccc1,-9.152539253234863
guided,[CH][CH+][CH-][CH+][C]OCCCN[C+]([S-])NC[c-]1[cH+][cH-][cH+][cH-][cH+]1,-6.068723201751709
guided,CSc1cccc(NC(=O)CCNS(=O)(=O)c2ccc(NC(C)=O)cc2)c1,-0.6058972477912903
guided,O=C(CCCN1C(=O)/C(=C/c2ccc(-c3cccc(C(=O)O)c3)o2)SC1=S)Nc1ccc(F)c(Cl)c1,-3.4445159435272217
guided,[O-]N([O-])[c-]1[cH+][c-](C(F)(F)F)[cH+][cH-][c+]1OCC[CH-]F,-3.2840278148651123
guided,N#CCCSc1nnc(-c2ccncc2)n1N,-0.4072330594062805
guided,CCOc1cccc([C@@H]2CC(=O)N3CN(c4ccccc4)CSC3=C2C#N)c1OC,-3.0934605598449707
guided,CN1CCN(c2ccc([N+](=O)[O-])cc2/C=C\c2cccc3ccccc23)CC1,-5.077148914337158
guided,[H]/N=C1\SCC(=O)N1N(C)Cc1ccc(NC(N)=O)cc1,-0.34671953320503235
guided,C/C(=N\N1CCN(C(=O)c2cccs2)CC1)c1cccs1,-5.930586338043213
guided,Cc1ccc(OC[C@@H](C)C(=O)OCC(=O)Nc2cc(C)nn2-c2ccccc2)cc1,-1.5291374921798706
guided,Nn1c(SCc2ccccc2Cl)nnc1-c1cccnc1,-1.9442682266235352
guided,COc1cc(-c2nc(Cc3ccccc3Cl)no2)cc(OC)c1OC,-2.748185157775879
guided,COc1ccc(OC)c2[nH]c(C(=O)O)cc12,-1.4640514850616455
guided,CO[c-]1[cH+][cH-][cH+][c-]([CH-][C][C][N-][C+](N)[N-][C][c+]2[cH+][cH+][cH+][cH+][c-]2[NH-])[cH+]1,-1.8302850723266602
guided,O=C(CSc1ncccn1)N1CCCc2cc3c(cc21)oc1ccccc13,-3.7679758071899414
guided,O=C(c1ccccc1)c1nn2cccnc2c1[N+](=O)[O-],-0.5022197961807251
guided,O=C(Nc1c(F)cc(F)cc1C(=O)c1cccs1)c1ccc(C(F)(F)F)cn1,-4.303175926208496
guided,CNc1ccc(C(=O)Nc2ccc(F)cc2)c(NC(=O)COc2cccc3ccccc23)c1,-3.059039831161499
guided,CCn1c([O-])c2n(C)/c(=[S+]/CC(=O)NC3CCCC3)nc-2n(C)c1=O,-0.36728155612945557
guided,O=c1c2ccccc2nc(Nc2ccc(Cl)cc2)n1OCCF,-3.2427947521209717
guided,CCOC(=O)C(=N/Nc1ccc(OC)cc1)/C(C)=N/O,-0.5183901190757751
guided,C[CH-]N(C/[S+]=C(\NC1CCCCC1)SCc1ccccc1)C(C)C,-11.19339370727539
guided,N[c-]1cc(F)cc/c1=[S+2]([O-])/N=C(\[O-])NNc1cccc(Cl)n1.[H+],-0.332385390996933
guided,CO[C-]([O-])N[N-][CH+][C+]1[CH+][CH-][CH+][CH-][C+]1OCCO[c-]1[cH+][cH-][cH+][cH-][c+]1[C-](C)C,-1.2936490774154663
guided,COc1ccc(C)cc1-n1c(SCC(N)=O)nnc1-c1ccccc1,-1.0103871822357178
guided,CCN[C-]1[CH+][C-](N2CCOCC2)[C+]([O-])OC1OC(C)C,-1.8885948657989502
guided,CCOc1ccccc1NS(=O)(=O)C(C)C,-2.972287893295288
guided,Cc1[nH]c(C)c(S(=O)(=O)Nc2nccs2)c1C(=O)N1CCCC1,-0.5234487652778625
guided,COc1ccc2nc(SCC(N)=O)nc(Cc3ccccc3)c2c1,-1.2130440473556519
guided,[H+].[O-][C+](C[C-]1[CH-][CH+][C-](Br)[CH+][CH-]1)NCC[C-]([O-])[N-][C+]1[C][C][C][C][C+]1S[CH+][c+]1[cH+][cH+][cH+][cH-][cH+]1,-1.9754526615142822
guided,O=C(c1cncn1-c1ccccc1F)N1CCc2ccccc2C1,-5.684323787689209
guided,O=C(CN(C1CCCCC1)S(=O)(=O)c1ccccc1)NCc1ccncc1,-1.1554094552993774
guided,CCOc1cc(-c2ccc(OCC)c(C(=O)O)c2)ccc1O,-1.8466527462005615
guided,Fc1cccc(Br)c1OCc1nnc(NC[C@H]2CCCO2)s1,-3.5882163047790527
guided,CS(=O)(=O)N1CCN([C@H]2CC[C@H](C)CC2)CC1,-4.887397289276123
guided,CC(=O)N[C@H](CC(=O)O)c1ccc(F)cc1,-1.860824704170227
guided,Cn1c(C(=O)OCC(=O)NCc2ccco2)cc2sccc21,-1.3513739109039307
guided,CC[O+][C]1[C][C][C][C]([C]2[N][C]([O])[C]([O])[C-]2[C](O)[C]2[C-][N+](CCOC3OC(CO)C(O)C(O)C(O)C3O)[N][CH]2)[CH]1.[H+],-0.5398710370063782
guided,CCOP(#[S+])OCC.O[C-](C(F)(F)F)C(F)(F)F,-6.2641754150390625
guided,CO[C]1[CH][C]([C]2[CH][C]([C]3[CH][C]([C]([O])N4CCOC4C)[C]4[CH][CH][CH][CH][C]4[N]3)[N][C]3[CH][CH][CH][CH][C]32)[C]([O+]C)[C][N]1,-0.6832126975059509
guided,C/C(=N\NC(=O)C1CCCCC1)c1cccs1,-5.236171722412109
guided,Cc1cc(NC(=O)C(C)C)ncc1-c1cccc2ccccc12,-6.252884387969971
guided,COc1ccc(/C=C(/C=N/c2ccccc2SC)C(=O)Nc2cc(C(F)(F)F)ccc2C)cc1C,-8.497753143310547
guided,Nc1nc(COc2ccc(Cl)cc2)nc(N)c1Cl,-0.8801577687263489
guided,OCCC[C@@H](O)CO,-2.6703226566314697
guided,O=C1C=CC(n2cccc2)=C1C(=O)NNCC[C@H]1COc2ccccc21,-1.3279515504837036
guided,Cn1c(=O)c2[nH]c(SCC(=O)Nc3cc(F)cc(F)c3F)nc2n(C)c1=O,-0.3048039674758911
guided,C[C]1[CH][CH][CH][C]([C+]([O])N[C]2[CH][CH][CH][C](Br)[CH]2)[C]1N([O-])[O-],-1.214926838874817
guided,COc1cccc(Nc2ccnc(SCN(C)C(C)=O)n2)c1,-1.9493422508239746
guided,S=C(NCCN1CCOCC1)NC1CCCC1,-5.485335826873779
guided,Brc1cccc([C@H]2C=CCN(CCc3cccnc3)C2)c1,-10.232917785644531
guided,O=c1[nH]c2cc3c(cc2cc1CN(Cc1c(F)cccc1Cl)C(=S)NC1CCCCCC1)OCO3,-4.395183563232422
guided,CCOc1cc(/C=C2/NC(=O)NC2=O)cc(Br)c1O,-0.6405618190765381
guided,Fc1ccc(SC[C@H]2CCCN([C@H](c3ccc(Cl)cc3)c3nnnn3C[C@H]3CCCO3)C2)cc1,-4.946963310241699
guided,O=C(c1cc2cc(Cl)ccc2[nH]1)N1CCN(c2ccc(F)cc2)CC1,-5.96897029876709
guided,Cc1ccc(C)c2[nH]c(=O)c(CCNC(=O)CCc3ccccc3)cc12,-2.8295066356658936
guided,O=C(c1cccnc1)c1nc2ccccc2n1NC(=O)C1CCCCC1,-1.5706499814987183
guided,Cc1nonc1NC(=O)c1ccc(OC/C=C(\O)C(=O)Nc2ccccc2F)cc1,-0.8415887951850891
guided,[N-2][C]C[C+]([N-][N-][c+]1[cH+][cH+][cH+][c-]2[cH+][cH-][cH+][n-][c+]12)N1CCN([c-]2[cH+][cH-][cH+][cH-][c+]2O)CC1,-1.9931166172027588
guided,O[N-][CH+][c-]1[cH+][cH+][n-][c+](S[c-]2[cH+][c-]3[c+](o2)[CH-][CH+][CH-]CC3)[n-]1,-1.632988691329956
guided,COc1cc(C(=O)NNC(=O)c2ccncc2)cc(OC)c1OC,-0.2806631624698639
guided,CCOCCCNC(=O)c1cn(C)c2ccc(S(=O)(=O)N(C)C3CCCCC3)cc2c1=O,-0.6500329375267029
guided,[N-2][C][c-]1[c+](Cl)[cH-][cH+][cH-][c+]1O[CH-][c+]1[cH-][cH+][c-](F)[cH+][cH-]1,-7.560201644897461
guided,[O-]N([O-])[c-]1[cH+][cH-][c+](CP([O-])CC[S+2]([O-])([O-])[C+]2[CH+][CH+][CH-][CH+][CH-]2)[cH-][cH+]1,-0.4583364725112915
guided,COc1ccc2ccccc2c1,-11.025943756103516
guided,O=C(c1ccc(F)cc1)N1CCN(S(=O)(=O)c2cccc3nonc23)CC1,-0.313979834318161
guided,NCCCCCCNC(=O)COC(=O)/C=C/c1cccs1,-0.8706323504447937
guided,CCc1cc(C(=O)O)nc(-c2cccc([N+](=O)[O-])c2)n1,-0.5562546253204346
guided,NNC(=O)CCCCCC(=O)NC[C@@H]1CNC(=O)N1,-0.48825690150260925
guided,CCC[C@@H]1Cc2c([s+]c3nc(Sc4ncn[nH]4)n(-c4ccccc4)c([O-])c2-3)CO1,-1.4136608839035034
guided,[O][C](CS[C+]1[CH][CH][C](Cl)[CH][CH]1)N[C]1[CH][CH][C](N([O-])[O-])[CH][C]1Cl,-1.5200729370117188
guided,CNC(=O)COc1coc(CN2CCN(C/C=C/c3ccccc3)CC2)cc1=O,-1.0576025247573853
guided,[H+].[O-][N-][C+]([O-])CCCC[c+]1[cH-][cH+][cH-][cH+][cH-]1,-2.529500961303711
guided,[O-][C+](N[C+]([CH-][c+]1[cH-][cH+][c-](Cl)[cH+][c-]1Cl)[C+]([O-])[c+]1[cH-][c-]2[c+]([n-][c+]1[O-])CCC[C+]2[O-])[c+]1[cH-][cH+][cH-]s1,-0.3072414994239807
guided,[CH2-]O[c+]1[cH-][cH+][cH-][c+](CN2CCN(C[CH+][CH-][CH+][C][C+]([C][O-])[C+]3[CH+][CH-][CH+][CH-][CH+]3)CC2)[c-]1CO.[H+],-2.5633866786956787
guided,O=c1[nH]c(=S)cco1,-4.175973415374756
guided,CCn1cc([C@](O)(C(C)=O)c2ccc(OC)cc2)c(=O)c2ccccc21,-1.871970295906067
guided,C[C-](CCCCC[c+]1[n-][c+]([CH+][N-]N[C+](N)[S-])s[c-]1[C+]([O-])O)[c+]1[cH-][cH+][cH-][c+]2[cH-][cH+][cH-][cH+][c-]12,-1.263386845588684
guided,O=C(NCCCn1ccnc1)c1ccc(C[S@@+]([O-])Cc2ccccc2)o1,-0.986279308795929
guided,S=C(NCc1ccco1)Nc1ccc2ccccc2n1,-4.042697429656982
guided,Cc1ccc(OCC(=O)N/N=C\c2ccncc2)c(C)c1,-2.1167075634002686
guided,Cn1c(CCNC(=O)c2ccccc2)n[nH]c1=S,-2.0967764854431152
guided,C=CCOc1ccc2ccccc2c1/C=N\Nc1nc2ccccc2o1,-4.255123615264893
guided,COCCn1c(SCC(=O)N2CCN(C(=O)c3ccco3)CC2)nc2ccccc21,-0.9201805591583252
guided,C[NH+][C]([C][N+]([O])[O-])[C]1[N]C([C]2[CH][CH][C](F)[CH][CH]2)N[C]1[C][O],-0.5148097276687622
guided,S=C(Nc1cccc2ccccc12)Nn1cnnc1,-3.113610029220581
guided,CCCN(CCCN(C)C)c1ccc(C(=O)c2ccccc2)c(C)n1,-6.2449541091918945
guided,COc1cccc(C(=O)Nc2c3c(nn2-c2ccc([N+](=O)[O-])cc2)C[S@+]([O-])C3)c1,-0.6745626330375671
guided,S=C(NCc1cccnc1)NC1CCCC1,-5.491187572479248
guided,O=C1C(=O)N(C[C@@H]2CCCO2)[C@@H](c2ccco2)/C1=C(/O)c1ccc(F)cc1,-1.3120262622833252
guided,CCC[CH-]C1CC[C+]([O-])OC1C[C+]([O-])N[c+]1[cH-][c+](C)o[n-]1,-0.4339633882045746
guided,CCOc1ccc(OCCOc2ccccc2C(=O)O)cc1,-2.4546005725860596
guided,CN1CCCc2ccccc21,-12.201470375061035
guided,COc1cc(/C=N/NC([O-])=C=C(N)SC2=C=[N+]=CC=C2)cc(OC)c1OC,-0.3567101061344147
guided,Cc1ccc(S(=O)(=O)N[C@H](C(=O)N/N=C/c2c3ccccc3cc3ccccc23)C(C)C)cc1,-2.22139310836792
guided,[CH2+][C+]1[CH+][CH-][CH+][CH-][CH+]1.[O-][C+](N[C-](Cl)Cl)[c+]1[cH-][cH+][cH-][c+]2[cH-][cH+][cH-][cH+][c-]12.[O-][P-2],-3.3551878929138184
guided,COc1ccc(/C=C/c2nc3ccccc3o2)cc1O,-3.644627332687378
guided,O=S(=O)(c1cccc2cccnc12)N1CCCCC1,-3.6284689903259277
guided,COc1ccc(CCC(=O)OCC(=O)N2C(=O)c3cccc4cccc2c34)cc1,-1.9444786310195923
guided,[H+].[H+].[O-][N-]N([CH+][N-]C12[C+]3CCCC[C+]3[CH-]S1345O[N+]3(O4)[C+]25)[C-]1[C][CH-][CH-][CH+][CH-]1,-1.9740407466888428
guided,Cc1nc2n/c(=[S+]/CC(=O)N3CCC(=C([O-])O)CC3)[n-]n2c(C)c1Cc1ccccc1.[H+],-0.3131144344806671
guided,Cc1nc(N2CCOCC2)c2c(C)c(C(=O)Nc3ccc(F)cc3F)sc2n1,-2.4979188442230225
guided,CONC(=O)Nc1ccc(F)cc1,-3.519548177719116
guided,O=C(c1cccc(Cl)c1)N1CCN(Cc2ccccc2F)CC1,-8.348267555236816
guided,CN(Cc1ccccc1)[C@@H](NC(=O)c1cccs1)C(Cl)Cl,-6.93816614151001
guided,O=C(/C=C/c1ccccc1)Nc1cc(S(=O)(=O)N2CCCC2)ccc1C(=O)O,-0.6693740487098694
guided,COc1ccc(/C=N/NC(=O)CSCCC(=O)N[C@@H]2CCS(=O)(=O)C2)cc1O,-0.34988489747047424
guided,CC(=O)N1c2ccc(S(=O)(=O)N(C)Cc3ncc[nH]3)cc2C[C@@H]1C,-0.6066360473632812
guided,COc1ccc(C(C)C)cc1OCC(=O)N[C@@H](CCN1CCOCC1)C(=O)O,-0.34179872274398804
guided,O=C(CCCCOc1ccccc1)NO,-2.5438833236694336
guided,O=C1N/C(=C\C=C2\C=CC=[S+]2)N(c2ncccn2)[C-]2C=CN(NC(=O)c3cccc(OCc4ccccc4)c3)C=C12,-1.1983507871627808
guided,COCCCn1c(=S)[nH]c2ncccc2c1=O,-2.3778553009033203
guided,Brc1cccc2ccccc12,-13.715811729431152
guided,NNC(=O)C(=O)Nc1ccc(Cl)cc1,-0.7075468301773071
guided,O=C(Nc1ccc2c(c1)C(=O)NCC2)c1ccccc1O,-0.9980912208557129
guided,CCOc1ccc(C(=O)N[C@@H](C(=O)c2ccccc2)N2CCCCCC2)cc1OC,-2.5847198963165283
guided,CC(C)=CCC[C@@H](C)C[C@@H](O)C(C)C,-9.476962089538574
guided,C[C@@H]1C[C@@H](C)N(c2ccccc2C#N)C1,-7.408329010009766
guided,FC(F)(F)c1ccc(CNC(c2ccccc2)c2ccccc2)cc1,-12.630621910095215
guided,COc1ccccc1N1CCN(C(=O)c2n[nH]c(=O)c3ccccc23)CC1,-0.9061080813407898
guided,CCCCN(CCc1ccccc1)S(=O)(=O)c1cccc2nsnc12,-2.8828678131103516
guided,N#Cc1nc(-c2ccc(OC(F)(F)F)cc2)oc1NCCCn1ccnc1,-1.4006167650222778
guided,CC(C)c1c(C(=O)N/N=C/c2ccc([N+](=O)[O-])s2)nnn1-c1nonc1N,-0.3772262930870056
guided,O=C(NCc1ccccc1)c1ccccc1-c1ncc[nH]1,-3.024190664291382
guided,Cc1cc(C(=O)N[C@@H]2CCCc3c2cnn3-c2ccccc2F)nc(NCc2ccccc2)n1,-2.106675863265991
guided,O=C(O)/C=C/c1ccccc1O,-2.7346532344818115
guided,COc1cccc(CN2CCNC(=O)[C@@H]2CC(=O)Nc2nccs2)c1OC,-0.3156436085700989
guided,CC(=O)NCCNC(=O)c1cc(COc2c(C)cccc2C)on1,-0.4138582944869995
guided,CCOc1cccc(-c2nn(C3CCCCC3)cc2CN(C)Cc2cnn(C)c2)c1,-5.450070858001709
guided,CCOc1ccc(-c2nc3c(c(=O)[nH]c(=O)n3C3CCCCC3)n2C)cc1C,-1.3508185148239136
guided,CO[CH-]C(C)O[c+]1[cH-][c+](C)[c-](Cl)[c+]([C+]([O-])NCCN2CCOCC2)[cH-]1,-1.7944262027740479
guided,O=[N+]([O-])c1ccc2c(c1)CCCN2CCN1CCOCC1,-2.504939079284668
guided,COc1ccc(COC(=O)c2cc3ccccc3o2)cc1,-4.5014142990112305
guided,CCCN(CC(=O)Nc1ccccc1C#N)Cc1ccccc1,-3.378242254257202
guided,CNC(=O)c1[nH]cnc1C(=O)NCC(=O)Oc1cccc([N+](=O)[O-])c1,-0.3553464114665985
guided,CCCC(=O)c1oc2ccccc2c1C,-7.330876350402832
guided,S=C(NCCc1ccc2c(c1)OCO2)Nc1ccc(-n2cnnn2)cc1Cl,-0.8730518221855164
guided,O=[N+]([O-])c1cc(-c2ccc3ccccc3n2)ccc1SCc1ccc2c(c1)OCO2,-3.9782400131225586
guided,COc1ccccc1N(CC(=O)NC1CCCCC1)S(=O)(=O)c1cccs1,-1.701460361480713
guided,CC[CH-][C+]1[CH+][C-]2[N-][N-][N-][NH+]2CC1.[H+],-4.134039402008057
guided,O=S(=O)(Nc1nc(-c2ccccc2)cs1)c1ccc(Oc2ccccc2)cc1,-3.9404308795928955
guided,OCC[C@@H]1CN(Cc2ccncc2)CCN1C1CCCC1,-5.0365214347839355
guided,O=C(NCCc1ccc(O)c(O)c1)Nc1ccc(Cl)cc1,-1.331443428993225
guided,S=C(NCCCN1CCOCC1)NN=C1CCCC1,-3.69730281829834
guided,CCOCCCNC(=O)CN(Cc1ccc2c(c1)OCO2)C(=O)CNC(=O)CNC(C)=O,-0.37887653708457947
guided,CCCC1=C(C)/C(=C(\N)[O-])C(NC(=O)[C@H]2C[C@@H]2C)=[S+]1,-1.0610464811325073
guided,CCN(CC)S(=O)(=O)c1cc(NC(=O)c2cc(Cc3ccc(F)cc3)n[nH]2)ccc1Cl,-1.5026378631591797
guided,O=C(c1ccc(F)cc1)c1ccc2c(c1)OCO2,-5.918103218078613
guided,Cn1cccc1C(=O)NC(=S)Nc1ccccc1,-4.103756904602051
guided,COC[C@@H](C)Oc1ccc([N+](=O)[O-])cc1C(=O)Nc1c(C)n(C)n(-c2ccccc2)c1=O,-0.7698961496353149
guided,S=C1Nc2ccccc2Oc2ccc(Cl)cc21,-9.386088371276855
guided,O=C(Nc1ccccc1-c1nnn(-c2cccs2)n1)P(#[S+])c1ccccc1.[CH2-]C,-3.1938722133636475
guided,CC1S[C][N][S+3]1([O-])[O+]1C2[CH][CH][C](N(CC3CCCO3)[C]([O])C[N-2])[C]3[CH][CH][CH][CH]C321,-0.6993060111999512
guided,O=C(NP(=O)(N1CCOCC1)N1CCOCC1)C1=C(N2CCOCC2)/C(=C\c2ccccc2)CC1,-0.9120155572891235
guided,O=C(NC1CCN(Cc2ccccc2)CC1)[C@H]1CCCN(S(=O)(=O)c2cccs2)C1,-1.8723008632659912
guided,CNNC(C)(C)C(N)=O,-1.934354543685913
guided,S=c1[nH]c2nnc(-c3ccccc3)nc2s1,-3.339048147201538
guided,Cc1ccc(-n2c(O)c(/C=N/N3CCCCC3)c(=O)[nH]c2=O)c(C)c1,-0.5431228280067444
guided,CCOCCCNC(=O)CCc1nnc2ccc(N3CCC(C)CC3)nn12,-0.7522912621498108
guided,NNC(=O)CNC1CCCCC1,-1.85895836353302
guided,CC(=O)Nc1ccc2c(c1)C(=O)N([C@H]1CCCc3ccccc31)C2=O,-2.332963705062866
guided,CCN(CC)/N=N/c1nonc1OC,-1.1640284061431885
guided,O=C(NCNC(=O)c1cc2ccccc2oc1=O)c1ccccc1Cl,-0.7383676171302795
guided,CCNc1ccccc1CP(=O)(c1ccccc1)c1ccccc1,-8.221890449523926
guided,NC(=O)CC1=[S+]/C(=C(/[O-])N[C@]23C[C@H]4C[C@H](C[C@H](C4)C2)C3)C=C1,-1.0837100744247437
guided,NC(=O)c1sc2nc3c(c(C(F)(F)F)c2c1N)CCCC3,-1.2241489887237549
guided,NC(=O)c1sc2nc3c(cc2c1N)CCCC3,-0.8593430519104004
guided,O=C(NNC(=S)Nc1ccccc1Cl)C1CC1,-3.271359920501709
guided,CO[c+]1[cH-][c+]2[c-]([cH+][c-]1OC)CCC([C+]([O-])O)N([C+]([O-])C[c+]1[cH-][nH][c+]3[cH-][cH+][cH-][cH+][c-]13)[CH-]2,-0.29142388701438904
guided,O=c1cc(/C=N/O)nc2sccn12,-1.8055331707000732
guided,[CH2][N+](CC[CH+][C]([O-])[N][N][C]1[C](O)N[C]2[CH][CH][C](N([O-])[O-])[CH][C]21)[C]1[N][CH][C](C(F)(F)F)[CH][C]1Cl,-0.5142421722412109
guided,CCCOC(=O)c1ccc(-c2coc3c(CN4C(=O)c5ccccc5C4=O)c(O)ccc3c2=O)cc1,-1.8052805662155151
guided,CCOC(=O)Cn1c(C)nc2ccccc21,-4.316345691680908
guided,NS(=O)(=O)c1cccc(S(=O)(=O)Nc2cccc3ccccc23)c1,-0.4820210635662079
guided,O=C(O)c1ccc(/C=N/NC(=S)Nc2ccc(-n3cccn3)cc2)cc1,-0.8524385094642639
guided,N#Cc1nc(COc2ccc(Cl)cc2Cl)oc1N1CCCC1,-3.250805377960205
guided,CCN(CC)CC1CCCN([CH-]CCCC(C)[c+]2[cH-][c+]3[cH-][c+](C)[cH-][cH+][c-]3s2)C1,-15.345623016357422
guided,COCCNC(=S)N[N+]1=[C-]CC[C@](C)(c2ccccc2)[C@H]1C,-5.559176921844482
guided,SN1[c-]2[n-][cH+][cH+]n2[N-]C2CC21.[CH2+]C(O)CO[P+]([O-])(O)O.[H+].[H+],-0.3903357982635498
guided,[O][C](CO[C+]1[CH][CH][C](F)[CH][CH]1)N(C[C]1[CH][CH][CH][C](N([O-])[O-])[CH]1)[C]1[N][CH][CH]S1,-0.7939201593399048
guided,O=C[C@H](O)[C@@H](O)[C@H](O)[C@H](O)c1cccnc1,-0.42111194133758545
guided,Cc1ccc([C@]2(CCN)CCO[C@@H](C(C)C)C2)cc1,-6.355510234832764
guided,O=P(O)(O)C(O)(Cc1ccncc1)P(=O)(O)O,-0.4082885980606079
guided,Cc1ccc(CN(C(=O)c2cc3ccccc3o2)c2ccc(C(=O)N3CC[C-](C)CC3)cc2)o1.[H+],-4.888845443725586
guided,O=C(O)C[P@@](=O)(O)c1ccccc1,-1.2114273309707642
guided,Cn1nnc(NCCCC(=O)O)n1,-0.576504647731781
guided,COCC/N=C1\S[s@SP1+]2cccc2CN1CC1=C([O-])Nc2c[cH-]/c(=[O+]/C)cc2[CH-]1.[H+],-1.558043360710144
guided,CCOc1ccccc1CNC(=O)[C@@H]1CCC(=O)N(C2CC2)C1,-2.607780933380127
guided,O=C(Nc1cc2c(cc1-c1ccsc1)OCCO2)c1cnccn1,-1.7575896978378296
guided,[N-2][C][CH+]NC1CC[C+]2[CH-][CH+][CH-][CH+][C+]21,-6.025804042816162
guided,COc1ccc([C@H]2[C@@H]3CCCC[C@]3(O)CCN2CC(=O)Nc2ccccc2OC)cc1O,-1.2280941009521484
guided,CO[c-]1[cH+][cH-][cH+][cH-][c+]1C1N([C-]([O-])[C+]([NH-])[O-])[C-]([O-])[C+]2[C+](C)SC(C)N21.[CH][C][C][C+]1[CH+][CH+][CH+][CH+][CH+]1.[H+].[H+],-0.4405972361564636
guided,S=C(NCCCN1CCCC1)NC1CCCCC1,-7.314097881317139
guided,Fc1ccc(-c2cc(Cl)ccc2-c2nn3c(Cl)nnc3s2)cc1,-6.3658246994018555
guided,O=C(O)c1ccccc1OP(=O)(O)O,-0.39422866702079773
guided,COc1ccc(C(=O)NCCCN2CCN(c3ccccc3)CC2)c(OC)c1OC,-2.2369863986968994
guided,CC(=O)c1nn(Cc2ccc(C(C)(C)C)cc2)c(=O)n(C)c1=O,-1.197896957397461
guided,Fc1ccccc1OCCNCc1ccccn1,-5.94640588760376
guided,COc1ccc(N2CCN(c3nc(C)c4c(c3C#N)CC(C)(C)OC4)CC2)cc1,-2.882962226867676
guided,COc1ccc(S(N)(=O)=O)cc1C(=O)NCCc1ccccc1,-0.29322549700737
guided,CCOC(CNc1ncnc2sc(C)c(C)c12)OCC,-3.3058853149414062
guided,O=C(COc1ccc([N+](=O)[O-])cc1)Nc1nn[nH]n1,-0.3503904640674591
guided,COc1ccccc1/N=C\c1c(C)nn(-c2ccccc2)c1-n1cccc1,-5.859221935272217
guided,CO[C-]1[CH+][C+](N[C+]([O-])CCOC[C][C]CC(C)CN2CCCCC2)[C+]([O-])[C-](C)[CH+]1,-0.9971283674240112
guided,C[C+]([CH+][C]OCC1C(C)(O)C[CH+]C2C(C)(C)C(O[C-](C)[O-])CCC12C)[CH-][c+]1[cH-][cH+][cH-][cH+][cH-]1.[H+],-4.107076168060303
guided,CN(Cc1ccccc1)S(=O)(=O)c1ccc(Cl)nc1,-3.6988279819488525
guided,NNC(=O)CNc1cc(C(F)(F)F)ccc1N1CCOCC1,-0.8712488412857056
guided,O=S(=O)(NCCc1cccnc1)c1ccccc1,-2.4233458042144775
guided,COc1ccc2cc3c(N)nn(C(=O)c4ccc5ccccc5c4)c3nc2c1,-1.7331188917160034
guided,COc1ccc(/C=C2\CC/C(=C\c3ccc(O)c(OC)c3)C2=O)cc1O,-2.081549882888794
guided,CN(C)S(=O)(=O)Nc1ccc(Br)c2cccnc12,-2.258283853530884
guided,CCCCN(C(=O)CN(C)S(=O)(=O)c1ccc(OC)c(OC)c1)c1c(N)n(CCC)c(=O)[nH]c1=O,-0.32023346424102783
guided,[O][C](O[C]1[CH][CH][C](N([O-])[O-])[CH][CH]1)[C+]1[CH][CH][CH][CH][C]1O,-0.5700636506080627
guided,[CH2-][C+](C[C-]1[CH+][CH+][N-][C-](NCCC)[N-]1)[C+](C)C,-5.824698448181152
guided,O=C(CSc1nc2ccccc2[nH]1)c1coc2ccccc12,-3.6976516246795654
guided,CO[C-]([O-])[C+]([N-][c+]1[n-][c+]2[c+](o1)[c-]([O-])n(C)[c+]([O-])n2C)N(C[c+]1[cH-][cH+][cH-][cH+][cH-]1)C[c+]1[cH-][cH+][cH-][cH+][cH-]1.[H+],-0.32038572430610657
guided,[C-]1=NCCc2cn3[o+]4n(n21)C34,-6.636733055114746
guided,N[P@](=O)(Oc1ccccc1)Oc1ccc(Cl)cc1,-3.1747379302978516
guided,O=C(CCNC(=O)[C@H]1CC=CCC1)NCCc1ccc(O)c(O)c1,-0.43725839257240295
guided,[N-2][N-][N-][C+](CO)C(O)(CO)CN([C+]1[CH+][CH+][CH-][CH+][CH-]1)[S+2]([O-])([O-])[c+]1[cH-][cH+][cH-][cH+][cH-]1,-0.3762250244617462
guided,CCOc1cc2cccnc2c2c(=O)c3ccccc3oc12,-4.105656623840332
guided,CCn1nnc(-c2ccccc2NS(=O)(=O)c2ccc(C(=O)OC)cc2)n1,-0.3777095079421997
guided,O=[N+]([O-])c1ccc([C@@H]2CC[C@@H]3CC(c4cccs4)=NN32)s1,-3.628650188446045
guided,O=C(COc1ccccc1C(=O)NC[C@H]1CCCO1)c1ccc(F)cc1,-2.342339277267456
guided,O=C(NCc1ccco1)/C(=C\c1ccco1)NC(=O)c1ccco1,-0.5886656045913696
guided,C=[O+]C(=O)c1ccc(Cl)cc1.CP=O.[CH2-]OC(=O)c1ccccc1,-2.71063494682312
guided,CCCC(=O)Nc1ccc(NC(=O)c2cccc(OC)c2)nc1,-1.262447476387024
guided,NC(=O)[C@@H]1CCCN(Cc2ccncc2)C1,-2.4135208129882812
guided,Cc1ccc2c(c1)N(S(=O)(=O)c1cc(F)ccc1C)CCO2,-4.388526916503906
guided,O=C1C=NNC(=O)C1,-2.7066664695739746
guided,O=S(=O)(NC1CCN(Cc2ccccc2)CC1)c1ccc2ccccc2c1,-4.4218902587890625
guided,FC(F)C(F)(F)COc1ccc(OC(F)(F)F)cc1C(F)(F)F,-10.631861686706543
guided,COc1cc(N2C(=O)C[C@H](N3CCOCC3)C2=O)ccc1C(=O)O,-0.3182811439037323
guided,C#CCOc1ccccc1OCCCCN1CCOCC1,-6.432958602905273
guided,O[C@H](COC1c2ccccc2-c2ccccc21)CN1CCOCC1,-4.757135391235352
guided,COCCCN/C=C1/C(=O)NC(=O)N(Cc2ccccc2)C1=O,-0.49565985798835754
guided,CCOc1cc(C)c(S(=O)(=O)N2CCc3ccccc32)cc1C(C)C,-5.168166160583496
guided,COc1ccc(S(=O)(=O)Nc2ccc(N3CCOCC3)cc2)cc1Cl,-2.0399329662323
guided,[O][N+]([O-])[C][CH][N+]1CC[C]2[C]3[CH][CH][CH][CH][C]3N[C]2C1[C]1[CH][CH][CH][C]2[CH][CH][CH][CH][C]21,-2.0172502994537354
guided,COc1cc(CNc2ccc(S(N)(=O)=O)cc2)ccc1OCC(=O)NC(C)(C)C,-0.4417370855808258
guided,COc1ccc(/C=C/C(=O)O)cc1CS(=O)(=O)c1ccccc1C(=O)O,-0.559102475643158
guided,COC[C@]1(CCc2ccccc2)OCCCN1OC(=O)CNC(=O)c1ccc2c(c1)OCCO2,-0.5380197763442993
guided,CCCNC(=S)Nc1ccccc1N1CCCCC1,-7.651637077331543
guided,Nc1nonc1-n1nnc(C(=O)N/N=C/c2ccco2)c1-c1ccc(N2CCC(Cl)CC2)cc1,-0.5190272331237793
guided,COc1ccc(-n2ncc(CSc3ccc(Cl)cc3)n2)cc1,-6.093426704406738
guided,O=C(CC1CCCCC1)c1ncc[nH]1,-4.450140953063965
guided,O=S(=O)(/N=C(\Nc1ccc(F)c(F)c1F)c1ccc(OCCCF)cc1)c1ccccc1,-3.6636128425598145
guided,CN(C)C[C@@H]1CCCC[C@@H]1OC(=O)c1cccs1,-7.02995491027832
guided,CN(C)CCN1C(=O)c2oc3ccc(Cl)cc3c(=O)c2[C@H]1c1cccs1,-3.7556281089782715
guided,O=c1[nH]c2ccccc2cc1CN(N=P(=S)c1ccccc1)c1ccc2ccccc2c1,-6.835837364196777
guided,COC(=O)c1cccc(NC(=O)c2nn(C)cc2Cl)c1,-1.360007643699646
guided,S=C(NCc1ccsc1)Nc1cc(Cl)ccc1Cl,-9.15742301940918
guided,N#C/C(=C\CCON)c1ccccn1,-1.3664087057113647
guided,COc1ccc2c(c1)[s+]c([N+]#S([O-])([O-])c1ccc(C)cc1)n2C,-3.690531015396118
guided,ON1CCCCC1,-7.96933126449585
guided,COc1ccc(C(C)=O)cc1Cn1c(=O)ccc2cc3[nH]c(=O)[nH]c3cc21,-0.5168947577476501
guided,ClCCc1nc2cc(Cl)c(Cl)cc2[nH]1,-7.736055850982666
guided,CCN(CC(=O)NC(C)C)Cc1ccccc1,-6.169965744018555
guided,Cc1cc(Cl)ccc1OCC(=O)NC[C@@H]1CCCO1,-4.006431579589844
guided,CCCCS(=O)(=O)Nc1cc(C)c2ccccc2n1,-2.913675546646118
guided,O=C(CCl)c1ccc(-n2cnnn2)cc1,-2.3710131645202637
guided,COC(=O)c1nc(C)oc1N1CCOCC1,-1.9313002824783325
guided,Br[c-]1[cH+][cH-][c+]2[c-]([cH+]1)[CH-][C-]1CCCC[O+]21,-13.422569274902344
guided,COc1ccc(/C=N/NC(=O)c2c3c(C)nnc(C)c3nn2-c2cccc(OC)c2O)cc1OC,-0.7070080041885376
guided,Fc1ccccc1C#C/[C-]=C/C1=C2C=C[NH+]=C2C=C1,-9.667312622070312
guided,CC(=O)NC(=O)Nc1ccc(N2CCN(c3ccc(F)cc3)CC2)cc1,-2.243792772293091
guided,CO[C-]1[S+]2CC12[C][N-]N[CH+][C+]1[CH-][CH+]C[C-](C(C)C)[C+]1[NH-].[H+],-3.109830617904663
guided,CCN1CCN(c2nc3ccccc3n(Cc3ccccc3)c2=O)CC1,-4.83041524887085
guided,COc1cc(CC(=O)NCc2ccc(OC(F)(F)F)cc2)cc(OC)c1OC,-2.4897892475128174
guided,CN(C)S(=O)(=O)c1ccc(Cl)c(-c2n[nH]c(=S)n2C2CCCCC2)c1,-2.5342955589294434
guided,O=C(COc1ccccc1[N+](=O)[O-])Nc1nc2ccccc2s1,-0.8876966834068298
guided,COc1ccc2c3c(cccc13)CC2,-11.097312927246094
guided,CCCS(=O)(=O)c1snnc1C,-2.493577241897583
guided,O=C(Cc1ccnn[s+]1)N/N=C/c1[c-]c2c3c(c1)CCCN3CCC2,-1.5131388902664185
guided,CCOc1ccc(C)cc1S(=O)(=O)n1nc(C)cc1C,-2.471480369567871
guided,CN1CCN(C[C@@H](O)c2cccc3ccccc23)CC1,-7.16591215133667
guided,CC(=O)c1c(C)[nH]c(C(=O)Nc2cccc3ccccc23)c1C,-3.3897452354431152
guided,COC(=O)c1c(Nc2cc(C)ccc2C)oc(C)c1C,-4.429843902587891
guided,O=C(NC1CC1)[C@@H](N=S(=O)=O)c1nc(-c2ccc(Cl)cc2)no1,-0.39028775691986084
guided,C[C@@H](NC(=O)CSc1nccn1C)c1ccccc1,-4.0216546058654785
guided,[CH2-]N(C[C+]1[CH+][CH-][CH+]O1)[C-]([O-])[c+]1[c-]([C+]([O-])N[C+]2S[C+]3CCC[C+]3[C-]2[C][N-2])[cH+][cH+][n-][c-]1OCC,-0.3935903012752533
guided,COc1ccccc1Cn1ncn2c(cc3occc32)c1=O,-2.307727575302124
guided,Cn1nc(CC(=O)NC2=NCCS2)c2ccccc2c1=O,-0.9976337552070618
guided,CO[c+]1[cH-][c+](CCN2[C-]([N-][C+]3[CH+][CH-][C+](F)[CH-][CH+]3)SCC[C-]2[c+]2[cH-][cH+][c-](N([O-])[O-])[cH+][cH-]2)[cH-][cH+][c-]1OC,-3.380164861679077
guided,Nc1nnc(SCC(=O)N2CCN(C(=O)c3ccco3)CC2)n1-c1ccccc1,-0.27431610226631165
guided,CCOc1ccc(S(=O)(=O)N2CCC(C(N)=O)CC2)c2cccnc12,-0.28837743401527405
guided,O=C(O)c1ccccc1NS(=O)(=O)c1ccc2ccccc2c1,-1.3051363229751587
guided,CCOCCOc1cc(-n2cnc(/C=C3/C=CC=[S+]3)c2[O-])c(Cl)cc1Cl,-3.1584739685058594
guided,COc1cccc(/C=C2/SC(=S)N(CCC(=O)Nc3cccnc3)C2=O)c1,-1.9068043231964111
guided,O=C(c1ccc(COc2ccc(Cl)cc2Cl)o1)N1N=C(C(F)F)C[C@]1(O)C(F)F,-2.713667631149292
guided,CCO/C([O-])=C1/[C]N=[C+](Nc2ccc(C)cc2C)N=C1C,-1.757581114768982
guided,CCOc1cc2[nH]c(CC(=O)NCCC3=CCCCC3)cc(=O)c2cc1OCC,-1.8324414491653442
guided,CCOc1ccc(CCNS(=O)(=O)c2ccc(NC(=O)OC)cc2)cc1OCC,-0.8620275259017944
guided,O=[N+]([O-])/C(CBr)=C1\[S+]=C(N(CCO)CCO)N=C1[O-],-0.5216397643089294
guided,Cc1cccc([C@@H](C(=O)NC(C)(C)C)N(Cc2ccc3c(c2)OCO3)C(=O)C(C)C)c1,-2.986234664916992
guided,CCOC(=O)C1=C(C)Nc2nc3ccccc3n2[C@H]1c1ccncc1,-2.0687015056610107
guided,NS(=O)(=O)c1ccc(CCNC(=O)C(F)(F)F)cc1,-0.5498552918434143
guided,O=C(ONC1=NCCCCC1)c1ccc(Br)cc1,-3.9521074295043945
guided,O=C(NNC(=O)c1ccc(NC(=O)c2ccco2)cc1)c1ccc(F)cc1,-0.664915144443512
guided,COCc1ccc(O)c(OC)c1,-5.1368489265441895
guided,NNC(=O)CSc1nnc(-c2cccs2)o1,-0.37916237115859985
guided,CO[C]1[CH][C]([CH+][CH][C]([O])O)[CH][CH][C]1OS([O])([O])[C]1[CH][CH][C](F)[CH][C]1N([O-])[O-],-0.8449987769126892
guided,[CH2-][CH+][C+]1[CH-][C+]2[N-][C+](N[C+]([O-])[C][C]C)[N-][C+]2N(CCCN2CCOCC2)[C+]1[O-],-0.4800034463405609
guided,COCCNC(=O)CNC(=O)c1nc(C)c(C)s1,-0.8613521456718445
guided,CCOc1cccc(N(F)/C=C/C(=O)Nc2cc(C)c(Cc3ccc(Cl)cc3)cn2)c1,-5.776525020599365
guided,Cc1ccc(/C=C2/C(=O)NC(=O)N(Cc3ccccc3)C2=O)cc1,-2.0330748558044434
guided,NNC(=S)Nc1ccc(Cl)cc1,-3.6337664127349854
guided,C/C(=N\NC(=O)CCNC(=O)c1ccco1)c1ccccc1,-0.7186166048049927
guided,COCC([O+]=P(=NC(=O)/C=C/c1cccs1)C(F)(F)F)(C(F)(F)F)C(F)(F)F.[CH2-]C.[H]/N=C\COCCO,-3.988541603088379
guided,NS(=O)(=O)c1ccc(Cl)c(C(=O)NCCOc2ccccc2)c1,-0.378497838973999
guided,CO[c-]1[cH+][c-](CC[CH-][C+](CC(C)(O)C[C+]([O-])O)[C-]([O-])[O-])[cH+][c-](OC)[cH+]1,-0.3413469195365906
guided,CCN(CC)CCCN[C]([O-])[C]1[CH-][C](C)[C]2[C]([C]1C)[C+]([O])N(C1CCCC([N][C]([O-])OC[C-][OH+])C1)C2(C)O.[H+],-0.5346895456314087
guided,CCC(=O)Nc1ccc(Cl)c(C(=O)OC)c1,-3.1111867427825928
guided,O=C(NC[C@H]1COc2ccccc2O1)c1ccccc1F,-3.9622929096221924
guided,CCc1nnc(NC(=O)[C@@H]2CCCO2)s1,-2.022383451461792
guided,Brc1ccccc1OCCN1CCOCC1,-8.157166481018066
guided,COc1ccc(/C=C(\C#N)C(=O)OCC(=O)Nc2ccc(Cl)cc2[N+](=O)[O-])cc1,-0.9522244334220886
guided,CCCOP([O-])OCCC.O=C(/[NH+]=C/c1ccccc1)c1ccc(-c2ccccc2)[nH]1,-1.1985896825790405
guided,FC(F)Oc1ccccc1CN1CC=CC[C@H]1CCCC/C=C/C(Br)=N/c1ccccc1,-12.894000053405762
guided,CCC/N=c1\scc(-c2cccs2)n1/N=C/c1ccc(OC)c(OC)c1,-5.118735313415527
guided,CCCCC[CH-]CCC1=[N+]=C=C(/C=N/NC(=O)[c-]2cc(-c3ccccc3)c(NC(=O)/C=C\C(=O)O)[s+]2)[CH-]1.[H+],-2.0123016834259033
guided,COc1cccc(CN[C@H](CC(C)C)C(=O)O)c1OC,-1.8230825662612915
guided,N[P@@](=O)(OCCN1CCOCC1)Oc1ccc(Cl)cc1Cl,-1.580710768699646
guided,Cc1c(C#N)c2ccccc2n1CC(=O)NC[C@H]1CCCCO1,-1.8964142799377441
guided,COc1ccc(N(C(=O)C2=C(N)/C(=C(/N)[O-])N=[S+]2)[C@@H](Cc2cc(OC)c(OC)cc2OC)C(=O)NC2CCCCC2)cc1,-0.44924160838127136
guided,O=C(OCc1nnc(-c2ccccc2)o1)c1cccc(NC(=O)c2ccccc2F)c1,-1.8319116830825806
guided,COc1ccccc1[C@H]1NC(=O)NC(C)=C1C(=O)NC1CC1,-0.8729872703552246
guided,O=S(=O)(Nc1nc2ccc(OCc3ccccc3C(F)(F)F)cc2[nH]1)c1ccccc1,-2.5409488677978516
guided,NNC(=O)CN[C@H](c1ccccc1)c1cc(Br)ccc1NC(=O)c1ccc(F)cc1,-1.0856966972351074
guided,O=[N+]([O-])c1ccccc1-c1nc2ccccc2c2nc3ccccc3n12,-2.784449577331543
guided,CCOc1cc(OC)cc(C(=O)N[C@H](C(=O)OCC(=O)NC(C)(C)C)C(C)C)c1,-0.5420365333557129
guided,Cc1cc(NC(=O)c2cc(CC(C)C)on2)no1,-1.0390760898590088
guided,CCN(CC)c1ccc2c(c1)[C@H](CC(=O)O)N(OCc1ccccc1)C2=O,-2.2614760398864746
guided,CCCN1CCC[C@H](c2cc3ccccc3o2)C1,-10.166950225830078
guided,COc1ccccc1N1CCN(C(=O)CSc2nncn2C)CC1,-1.927760362625122
guided,[O-][c+]1[cH-][cH+][cH-][c+]2[c-](OC[c-]3[cH+][cH-][cH+][cH-][cH+]3)[cH+][c-]3[cH+][cH-][cH+][cH-][c+]3[c-]12,-7.6774773597717285
guided,O=C(O)c1ccccc1C(=O)Nc1ccc(F)cc1F,-2.199709177017212
guided,O=c1[nH]c2ccccc2n1C1CCN(S(=O)(=O)c2ccccc2)CC1,-1.2754029035568237
guided,CN(C(=O)COc1ccc2c(c1)CCCC2)[C@H]1CCS(=O)(=O)C1,-2.0627973079681396
guided,Nc1nc2c(-c3ccccc3)c(-c3ccccc3)sc2c(=O)[nH]1,-2.3226492404937744
guided,O=C(Nc1ccc(Cl)cc1C1=NCCN1)c1ccc2nc(-c3ccco3)c(-c3ccco3)nc2c1,-2.6763041019439697
guided,O=C(Nc1ccccc1C(=O)N1CCOCC1)c1ccncc1,-1.3434652090072632
guided,O=S(=O)(Nc1ccccc1O)c1cc(Cl)ccc1F,-2.22814679145813
guided,CC(=O)c1ccc(N2CCOCC2)c(Cl)c1,-6.826038837432861
guided,S=C(c1ccccc1)N1CCN(C(=S)N2CCN(c3ccccn3)CC2)CC1,-7.415140628814697
guided,O=C(c1ccc(F)cc1)c1ccc(N2CCN(c3ccc(F)cc3)CC2)cc1,-9.139091491699219
guided,Nc1c(-c2ccccc2)nsc1C(=O)c1ccccc1,-3.548837184906006
guided,Nc1nc2ccccc2n1CCOc1ccccc1Cl,-3.701277256011963
guided,COCCNC(=S)N(CCc1c(C)[nH]c2ccccc12)Cc1cccnc1,-3.735473871231079
guided,Nc1ccsc1C(=O)Nc1c(F)cc(F)cc1Br,-3.7304835319519043
guided,Cc1ccc2nc(C)c(CNC(=O)[C@H](C)Oc3ccccc3Cl)n2c1,-3.6271817684173584
guided,CC(=O)[C@@H](C)SCCN(C)C[P@](=O)(O)CNC(=O)CO,-0.3959134519100189
guided,COc1cc(C(F)(F)F)cnc1COc1ccc(F)cc1,-7.215067386627197
guided,NS(=O)(=O)c1ccc(Nc2cccc(-c3ccc(C4CCCCC4)cc3)n2)cc1,-2.7105631828308105
guided,COc1cc(/C=N/NC(=O)c2ccc(N)cc2)cc(OC)c1OCC(=O)NC1CCCC1,-0.5364662408828735
guided,O=[C-]C1=C(O)CC[C@H]([N+]2=CCN(C(=O)Nc3cccc(C(F)(F)F)c3)CC2)C1,-1.8518040180206299
guided,Cc1cc([N+](=O)[O-])ccc1NCc1ccco1,-2.1614887714385986
guided,COc1cc2oc3ccc4c(S(=O)(=O)N5CCOCC5)cccc4c3c(=O)c2cc1OC,-0.8093530535697937
guided,CCCCn1cnc2c(sc3nc4c(c(-c5ccccc5)c32)CCC4)c1=O,-5.625618934631348
guided,S=[C-]/N=C(/Nc1ccc(Cl)cc1)C(Cl)(Cl)Cl.[H+],-9.087366104125977
guided,COc1cccc(Nc2nc3c(c(=O)n(C)c(=O)n3C)n2Cc2ccc(C)cc2)c1,-0.8601951003074646
guided,COc1ccc(CCNS(=O)(=O)c2cc(C)nc(C)c2)cc1OC,-1.09564208984375
guided,S=C(NCCCN1CCOCC1)Nc1ccccc1,-5.417171001434326
guided,F[C@H]([C-]=[N+]1CCSCC1)CCOc1ccc(Cl)cc1,-10.595794677734375
guided,CCOc1cccc(-c2nc(C[S@+]([O-])CC(=O)N[C@@H]3CCCC[C@H]3C)c(C)o2)c1,-1.5849637985229492
guided,N[C@@H](c1ccccc1)c1ccc(O)c(Br)c1,-4.5872802734375
guided,S=C(NC1CCCC1)N1CCN(c2ccccn2)CC1,-6.350160121917725
guided,Clc1cc2nc(-c3ccco3)c(-c3nc4ccccc4s3)nc2c(Cl)c1Cl,-7.863936424255371
guided,O=C(N/N=C/c1ccco1)c1csc2ccccc12,-3.458414077758789
guided,NS(=O)(=O)c1ccc(CC[C@@H](NC(=O)c2cccc3ccccc23)C(=O)O)cc1,-0.5030138492584229
guided,NNC(=O)c1sccc1OCc1ccccc1,-1.993865966796875
guided,Clc1ccccc1SCCOCNc1ncnc2ccccc12,-5.246394634246826
guided,CNC(=O)c1cc2ccccc2n1CCN1CCc2ccccc2C1,-5.6772284507751465
guided,NC(=S)N/N=C1/c2ccccc2-c2ccc(OCc3ccccc3)cc21,-3.312181234359741
guided,CCOc1ccc(Nc2nc(-c3cc4ccccc4oc3=O)cs2)cc1,-3.8441085815429688
guided,[O-]CCCO[c+]1[cH-][cH+][c-]([S+2]([O-])([O-])[c+]2[cH-][cH+][c-](Br)[cH+][cH-]2)[c+](Cl)[cH-]1,-1.4459840059280396
guided,[H+].[H]/N=c1\ccccc(C)c1/C=[C-]/C(=C=C=CC(C)C)C(=O)OC1=C[C@H]2O[C-]3C(=[NH+]C([O-])=C2C=C1)/C(=[NH+]/C(=O)/C=C/c1ccccc1)C(=O)/C3=C\c1ccccc1,-0.7422482967376709
guided,CN(C)S(=O)(=O)c1ccc2c(c1)[C@@H](NS(=O)(=O)c1ccccc1)c1ccccc1-2,-1.1051058769226074
guided,O=C(c1cc(COc2ccc(F)cc2)on1)N1CCN(C(=O)c2ccco2)CC1,-0.7123904228210449
guided,OCC(O)C(O)CCNC[C-](O)COC[c+]1[cH-][cH+][cH-][cH+][cH-]1,-0.3713085651397705
guided,[O-][S+]([O-])N[c+]1[cH-][cH+][c-]2[cH+][cH-][cH+][cH-][c+]2[n-]1,-1.3192408084869385
guided,COCCC(=O)Nc1cc(C)ccc1Oc1cccc(Br)c1,-5.229856967926025
guided,CNS(=O)(=O)/C=C/c1ccccc1,-3.9915411472320557
guided,O=C(CSc1nnc(COc2ccccc2)n1Cc1ccccc1)Nc1ccc(N2CCOCC2)cc1,-2.1568849086761475
guided,O=C(OCn1ncc(Br)c(Br)c1=O)c1ccc(-c2cc3ccccc3oc2=O)cc1,-1.7502754926681519
guided,[O-][C+]([c+]1[cH-][cH+][cH-]s1)N1[C-](O)N(C2CCCCC2)[c+]2[n-][cH+][cH-][cH+][c-]21,-2.252103567123413
guided,CN1C(=O)N[C@H](c2cccc(O)c2)[C@@H](C(=O)c2cccs2)[C@@]1(O)C(F)(F)F,-0.8827612400054932
guided,[CH2-]C[C@H](/C(CCn1cccn1)=[NH+]\CCC)[c-]1cc[s+]c1,-6.3543548583984375
guided,N[C]([O])[C]([CH][CH][C][N][C](S)N([C]1[CH][CH][C](Cl)[CH][CH]1)[S]([O])[O+])[CH]N1CCCCC1,-0.9636077880859375
guided,Brc1cccnc1NCc1ccccc1,-8.131068229675293
guided,O=C1N/C(=C\c2ccccc2OC[C@@H](O)CN2CCCC2)C(=O)N1Cc1ccccc1,-0.9843273162841797
guided,CCOc1ccccc1OCC(=O)Nc1cccc2ccccc12,-4.977684497833252
guided,COc1ccc(N2CCN(S(=O)(=O)c3ccc(Br)s3)CC2)c(C)c1,-4.102015495300293
guided,COc1ccc(N(CCN2CCCCC2)c2nc(-c3cc(Cl)ccc3OC)cs2)cc1,-8.290599822998047
guided,Cc1cc(C(=O)N2CCc3ccccc3C2)no1,-4.09791374206543
guided,COc1cc([C@@H]2NC(=O)c3ccccc3N2)c(Br)c(Br)c1O,-2.3475329875946045
guided,Clc1cccc(/C=N\Nc2ccc3ccccc3n2)c1,-6.603438854217529
guided,NC[C@H](CC(=O)O)c1ccccc1,-2.0940115451812744
guided,Clc1cc(Cl)cc(-c2cc(COc3cccc4cccnc34)on2)c1,-6.439696788787842
guided,COC[N-][C+]([O-])[N-][c+]1[n-][c-](C[C+]2[CH+][CH-][C+](C(C)(C)C)[CH-][CH+]2)n2[c+]1[CH-]CC(C)C2,-1.8735270500183105
guided,O=C(NCCc1ccccc1C(=O)NNC(=O)c1ccccc1-n1cccc1)c1ccccc1,-1.1675986051559448
guided,Brc1cccc(OCc2ccc(/C=N/N3CCN(Cc4ccco4)CC3)o2)c1,-4.2524847984313965
guided,N/C(CN1CCCCC1)=N\c1ccc(N2CCOCC2)cc1,-3.086643934249878
guided,Cc1ccc(S(=O)(=O)N/N=C/c2cccnc2)cc1,-1.3896170854568481
guided,Nc1nc(CNc2ccc[c-]c2[C@]2(c3ccc(F)cc3)[c-]3o[o+]32)nc(Nc2cc(C(F)(F)F)ccc2F)n1.[H+],-3.132244825363159
guided,C/C(=N\Nc1ccc(C)nn1)c1cccnc1,-2.199420690536499
guided,Oc1c(OCCOCCN2CCOCC2)ccc(Br)c1Br,-3.681356191635132
guided,COCCN(CCOC)C(=O)/C=C/c1ccc(OC)c(OC)c1,-2.6901679039001465
guided,Cc1c(/C=N/NC(=O)c2cccs2)c(C)n(-c2ccccc2)c1C,-5.162809371948242
guided,[O-][C+]([c-]1[cH+][cH-][cH+]s1)N1[C][N-][C+](NCC[C+]2[CH-]CCCC2)[CH+]1,-3.5314817428588867
guided,NO[C@@H]1C[CH-]C[C@@H](C/C=[NH+]/C(=O)c2ccco2)C1,-0.9248195886611938
guided,CCCN1C(=O)c2ccccc2N[C@H]1c1ccc([N+](=O)[O-])o1,-1.049644947052002
guided,CN(C)C(=O)c1sc(C(C)(C)C)cc1Nc1cccc(NC(N)=O)c1,-1.573751449584961
guided,CCOc1ccc(C(=O)NCc2cccc3ccccc23)cc1OCC,-5.267848491668701
guided,C=C/[C-]=[NH+]\[P@@](=O)(Nc1ccccn1)C(Cl)(Cl)Cl,-2.971886157989502
guided,COCCN(/C=C/C(=O)c1cccs1)Cc1ccco1,-4.961761951446533
guided,N#C[C@@H](CCCl)c1ccc([N+](=O)[O-])cc1,-2.234964609146118
guided,COCCCNc1cc(C)nc(-c2ccccc2O)n1,-1.9640796184539795
guided,O=[N+]([O-])c1ccc(NCCCNS(=O)(=O)c2ccc(Cl)cc2)c(Cl)c1,-1.2338334321975708
guided,[H+].[O-][C+](N[C-]1[CH+][C+](C23CC4CC(CC(C4)C2)C3)S[C+]1[C-]([O-])O)[C-]1[CH-][CH+][CH-][CH+][CH-]1,-1.3118304014205933
guided,COc1ccc([C@@H](C(=O)NC2CCCCC2)N(C(=O)c2cnccn2)c2cccc(F)c2)cc1,-2.0231738090515137
guided,CCOC(=O)CN1CCS(=O)(=O)CC1,-2.0919172763824463
guided,Cn1c(N)c(C(=O)NCc2ccccc2)c(=O)n(C)c1=O,-0.30356892943382263
guided,CCC(=O)Oc1c(S(=O)(=O)c2ccc(C)cc2)c(C)nn1-c1ccccc1,-1.740671157836914
guided,COc1cccc(-c2nocc2-c2csc(N)n2)c1,-1.5960919857025146
guided,[CH2+]S([O])([O-])C[C]1[C][CH]N(C[C]2[CH][CH][CH][CH][CH]2)[C]([O-])[C]1CC[C]1[CH][CH][CH][CH][CH]1,-2.052500009536743
guided,N#CC1(NC(=O)c2ccccc2)CCCCC1,-3.4640746116638184
guided,CCC(=O)c1ccc(OCC(=O)NCCC2CCCCC2)cc1,-3.767702341079712
guided,[O-]N[PH+]([O-])OC1CCC([c-]2[cH+][cH-][cH+]o2)CC1,-0.9529874920845032
guided,CCOC(=O)Cn1ccc(NC(=O)c2ccc3c(c2)OCO3)n1,-0.41893404722213745
guided,O=C(Nc1ccc(S(=O)(=O)Nc2ncccn2)cc1)c1ccc(N2CCCC2)c([N+](=O)[O-])c1,-0.7622553706169128
guided,CCOC(=O)COc1cc(-n2c(=O)c3ccccc3n(CC(=O)NCc3ccco3)c2=O)c(Cl)cc1Cl,-0.8672915697097778
guided,NS(=O)(=O)c1cccc(NC(=O)c2ccccn2)c1,-0.2751576006412506
guided,NNC(=O)Cc1ccc2c(c1)OCCO2,-1.237931489944458
guided,CC[N][C]1S[CH][C+](C)N1[N][CH][C]1[CH][CH][C](N([O-])[O-])[CH][CH]1,-1.058900237083435
guided,Oc1ccccc1/C(=N\c1ccc(OC(F)F)cc1)NNc1cccc2ccccc12,-4.691142559051514
guided,CN(C)CCC[C-](O)[c+]1[cH-][cH+][cH-][cH+][c-]1[CH+][CH-][c+]1[nH][c+]([O-])[nH][c+]([O-])[c-]1N([O-])[O-],-0.3131145238876343
guided,COc1ccc(S(=O)(=O)CCc2nnc(NC(=O)CCC(=O)NCc3ccccc3)s2)cc1,-0.5623043179512024
guided,[CH2-]CCCC/C=[NH+]/C(=O)c1cc(C(N)=O)nn1C,-0.49887144565582275
guided,CCCN1CCC[C@H](c2ccc(OC)c(CN3CCCCC3)c2)C1,-10.58588981628418
guided,COCCN1C(=O)/C(=C/C=C/C=C/C=C/C=C/C=C/C=[C-]/C(=O)O)C(=O)NC1=S.[H+],-0.6706544756889343
guided,CCCCn1c(=O)c2cccnc2n(CCCC)c1=O,-2.822690010070801
guided,O=Cc1c(OCC(=O)Nc2ccccn2)ccc2ccccc12,-2.006751537322998
guided,O=S1(=O)N=C(NCCOCCOCO)c2ccccc21,-0.3656691610813141
guided,[CH2-]Cc1ccccc1/[NH+]=C/c1cccc(Cl)c1Cl,-10.225605964660645
guided,NS(=O)(=O)c1ccc(NC(=O)Cn2c([O-])c(/C=C3\C=CC=[S+]3)sc2=S)cc1,-0.31262150406837463
guided,[N-2][CH-][c+]1[cH+]n(C[C-](N)[O-])[c+]2[c+](N)[n-][cH+][n-][c+]12,-0.34254124760627747
guided,[CH2-][C@H]1C[C@H]2C/C(=C/OCCS)C[C@@H](C1)C2.[H+],-11.688389778137207
guided,[CH2+]CCCCCN[C-]([O-])C1(O)[C+]2[CH-]N(CCCC)[C+]([O-])N[C-]2OO[C+]2[c-]3[cH+][cH-][cH+][cH-][c+]3[C+]([O-])N21,-0.3878060579299927
guided,O=C(CNC1=NCCCCC1)c1ccc(Cl)cc1,-5.222877025604248
guided,COc1cc(C(C)=O)ccc1OCC(=O)NC[C@@H]1CCCN(Cc2ccc(C)cc2)C1,-2.391636371612549
guided,COc1cccc2c1/C(=C(\N)[O-])C=[S+]2,-2.5297837257385254
guided,C=CCCC(=O)OCC=C,-7.322711944580078
guided,[CH2+]CC(C)N([CH+][CH2-])CCO[c-]1[cH+][cH-][cH+][cH-][c+]1N([O-])[O-],-2.509129047393799
guided,Cc1cc(C(F)(F)F)c(C#N)c(SCC(=O)NC2CCCC2)n1,-2.569603681564331
guided,O=C(Oc1oc(-c2ccco2)nc1CN1CCOCC1)c1ccco1,-0.6413459181785583
guided,CN(C)c1ccc(S(=O)(=O)N(C)C)cc1NNC(=O)CCCc1c[nH]c2ccccc12,-0.7197064161300659
guided,COc1ccc(C(=O)NCC(=O)OCC(=O)Nc2cccc3ccccc23)cc1,-0.6534729599952698
guided,O=C(N[C@@H](CO)Cc1cnc[nH]1)c1ccc2ccccc2c1,-0.9919532537460327
guided,CNCC(C)(O)C(O)C[CH-]OCOC(C)Cn1[c+]2[cH-][cH+][cH-][cH+][c-]2[c+]2[cH-][cH+][cH-][cH+][c-]21,-1.5083175897598267
guided,COc1ccc(C(=O)N[C@H](C(=O)O)C(C)C)cc1OC,-0.6604920029640198
guided,CC1=NN=[S+]/C1=[S+]\[C@@H]1CCN(Cc2ccc(N([O-])[O-])cc2)C1,-1.0961278676986694
guided,O=C(CNC(=O)[C@]12C[C@H]3C[C@H](C[C@H](C3)C1)C2)NCCC(=O)N1CCCC1,-1.1268340349197388
guided,CO[C]1[CH][CH][C]([C+]2[N][C](N3CCCC3)[N][C](C)[C]2[C]([O])[C]2[CH][CH][CH][CH][C]2Cl)[CH][C]1N([O-])[O-],-0.9160182476043701
guided,CCOc1ccc(C(=O)NC(=S)Nc2ccc(CN3CCOCC3)cc2)cc1,-2.5155842304229736
guided,FC(F)(F)Oc1ccc(N/N=C/c2nc3ccccn3c2Br)cc1,-4.8143696784973145
guided,NS(=O)(=O)c1ccc(CNC(=O)Cn2c(=O)oc3ccccc32)cc1,-0.24645419418811798
guided,O=[N+]([O-])c1ccccc1Oc1ccc(Br)cc1CNC[C@H]1CCCO1,-2.6313133239746094
guided,NC(=O)NCCc1c[nH]c2ccccc12,-1.454243779182434
guided,CCCN1CN(C)[C-]([c+]2[cH-][cH+][cH-]o2)N(C[c+]2[cH-][cH+][cH-]o2)C1,-5.828361511230469
guided,O=C(Cc1n[nH]c2ncccc12)N/N=C/CCc1ccccc1,-0.8099685311317444
guided,Fc1ccccc1OCCCCN1CCCCC1,-10.665975570678711
guided,CCN(CC)S(=O)(=O)c1ccc(N2CCCC2)c(C(=O)N2CCCC2)c1,-2.5936837196350098
guided,CN(CC(=O)N/N=C/c1cccnc1)S(=O)(=O)c1ccc2c(c1)CCC(=O)N2,-0.27077701687812805
guided,C[C@]1(F)[C-](n2ccc(N)nc2=O)O[C@H](CO)[C@H]1O.[H+],-0.41786831617355347
guided,O=C(NCc1ccc(O)c2ncccc12)[C@@H]1CC(=O)N(Cc2ccc(Cl)cc2)C1,-1.2731969356536865
guided,C[C@H](CCCN(C)C)C/N=C/C1=C(O)CC(C)(C)CC1=O,-3.828833818435669
guided,COc1ccc(CN2CCN(CC3CCCCC3)[C@@H](CCOc3ccccc3)C2)c(OC)c1,-7.918562889099121
guided,NS(=O)(=O)c1ccc(CNC(=O)Cc2cccc(C(F)(F)F)c2)cc1,-0.6506189107894897
guided,C/C(NNc1ccc(F)cc1)=C1\C(=O)NC(=O)N(CCC(C)C)C1=O,-0.6501057147979736
guided,CCOc1cc([C@@H]2NC(=S)NC(c3ccccc3)=C2C(C)=O)cc(Cl)c1OCC(=O)O,-1.220349907875061
guided,N[C@@H](CC(=O)Nc1nccs1)C(=O)O,-0.3962863087654114
guided,[CH2-][c-]1[cH+][cH-][c+](OCCS[C-]2[N-][N-][C+](CN[C+]3[CH+][CH-][CH+][c-]4[cH+][cH-][cH+][cH-][c+]43)N2C)[c-](OC)[cH+]1,-3.7535617351531982
guided,COC(=O)C1=C(N)Oc2ccc3ccccc3c2[C@@H]1c1cccc(O)c1,-1.3965892791748047
guided,Br[CH-][CH+]n1[c+]2[cH-][cH+][cH-][cH+][c+]2[n-][c-]1CN1CCOCC1.[H+],-6.36254358291626
guided,CCCC(=O)CC(=O)[C@@H](Cc1ccccn1)c1ccncc1,-2.8610241413116455
guided,O=C1/C(=C/c2ccccc2F)SC(=S)N1CCCNC(=S)N1CCOCC1,-4.516463279724121
guided,CCOc1ccccc1NC(=O)Nc1ccc(OC(F)F)cc1,-3.6900906562805176
guided,O=S(=O)(Nc1ccccc1CO)c1ccc(CCO)cc1,-0.5629526972770691
guided,CC(=O)c1ccccc1OC(=O)COc1ccc(C)cc1C,-3.855997085571289
guided,NCOC(=O)CCN1C(=O)/C(=C/c2ccc(Cl)cc2)NC1=S,-0.6886674165725708
guided,C[N+]1([c+]2[cH-][cH+][cH-][cH+][cH-]2)[CH-][CH+][C-]2[CH+][CH-][CH+][CH-][C-]2[S+2]1([O-])[O-],-4.192646503448486
guided,FC1=N/C(=[NH+]\Cc2ccco2)N=[C-]/C1=N\N=C1c2ccccc2-c2ccccc21,-1.2060937881469727
guided,CCOc1ccc2ncn([C@H]3CC[C@H](OC)[C@H]3O)c2c1,-2.8410463333129883
guided,[NH2+][C]1[CH][CH][CH][CH][C]1[NH+][C]([O])CCN[C]1[CH][CH][CH][CH][C]1N[C][O-],-0.5838437080383301
guided,FC(F)(F)Oc1cccc(Nc2nc(Cl)nc(N3CCCC3)n2)c1,-2.9293720722198486
guided,O=C(NCc1ccccc1)C1CCC1,-6.794849395751953
guided,CCOc1ccccc1NS(=O)(=O)Cc1cccc(OC)c1NC(=O)/C=C/C(=O)O,-0.5431563258171082
guided,O=S(=O)(Nc1ccc(OC(F)F)cc1)c1cccs1,-3.3592114448547363
guided,Brc1ccc(OCCOCCN2CCOCC2)cc1,-6.468272686004639
guided,Cn1c(=O)c2c(ncn2CC(=O)Nc2nccs2)n(C)c1=O,-0.30036741495132446
guided,O=C(NC1=NCCS1)c1sc2ccc(C(F)(F)F)cc2c1Cl,-6.0859222412109375
guided,CCCC(C)(C)NC(=O)c1cccs1,-7.208499431610107
guided,CCOc1ccc(-n2cccc2CNCCCOC)cc1OCC,-4.837198734283447
guided,CN(CC(=O)NCc1ccccn1)S(=O)(=O)c1ccc2ccccc2c1,-0.9415666460990906
guided,Cc1ccccc1OC(=O)CCC(=O)OC(C)C,-3.4822044372558594
guided,Cc1nc(S(=O)(=O)Cc2ccccc2)nc2c1CCC2,-2.515291452407837
guided,OCCC[C@@](O)(CN1CCOCC1)c1ccc2ncccc2c1,-1.7610143423080444
guided,CCCOc1ccc(/C=N/NC(=O)CSc2ccccn2)cc1OC,-1.72880220413208
guided,CC(C)OC(=O)NC(Nc1ccccc1)(C(F)(F)F)C(F)(F)F,-4.607530117034912
guided,O=[N+]([O-])c1ccc(Nc2ccc(F)cc2F)cc1,-3.734569787979126
guided,COc1cc(NC(=O)/C=C\c2cccnc2)c(OCC=C(C)C)c(Cl)c1O,-2.1606698036193848
guided,O=C(O)CC1(CC(=O)NCCCN2CCN(c3ccccc3F)CC2)CCCCC1,-1.87065589427948
guided,O=C(CSc1nc(N2CCOCC2)nc(N2CCOCC2)n1)NCc1ccco1,-0.316233366727829
guided,COCCN(C(=O)Nc1ccc(C)cc1)[C@H](C)c1ccc(N(C)C)cc1,-5.397251129150391
guided,NNC(=O)c1cnn(-c2cccnc2)c1-c1cccc(C(F)(F)F)c1,-0.8428571224212646
guided,CO[C-]1[CH+][C-]2[CH+][CH-][C+](CN(C[c+]3[cH-][cH+][cH-]s3)[C+]([O-])[c+]3[cH-][cH+][cH-]o3)N[C-]2[CH+][CH-]1,-2.5064191818237305
guided,Oc1ccc(Cl)nc1,-6.172399520874023
guided,O=C(CSc1ccc(F)cc1)Nc1cccc(NC(=O)c2ncn[nH]2)c1,-0.7197968363761902
guided,CCOC(=O)[C@@]1(Cc2ccc(F)cc2)CCCN(C(=O)c2cn[nH]c2)C1,-1.417314052581787
guided,[O-][c+]1[cH-][nH][c+](-[c+]2[cH-][cH+][c-](OCCO)[cH+][cH-]2)[c-]1[N-][N-][c+]1[c+](Br)[cH+][c-](Br)[c+]2[cH-][cH+][cH-][n-][c+]12,-2.9990146160125732
guided,O=C(O)CC/C=C1\C=C(c2ccccc2)SC=N1,-4.339580535888672
guided,O=NN(c1ccccn1)c1ccccc1-c1nc2ccccc2[nH]1,-2.56894588470459
guided,Cc1ccc(S2(=O)([O-])C3=NC(=O)[C+]4=C(/C(=C(/[O-])NCc5ccc(OCc6ccc(F)cc6)cc5)C=C(O)[C]4)N32)cc1.[H+],-1.0280319452285767
guided,[CH2-]O[c+]1[cH-][cH+][c-](F)[cH+][c-]1[C+]([O-])CS[c+]1[c-](C)n(C)[c+]2[cH-][cH+][cH-][cH+][c-]12,-6.1286139488220215
guided,COc1ccccc1N1CCN(C(=O)/C=C/CN2CCC[C@H](C)C2)CC1,-5.730129241943359
guided,CS(=O)(=O)c1ccccc1C(=O)O[C@H]1CCOC12C(=O)c1ccccc1C2=O,-0.39410704374313354
guided,O=C(CN1C(=O)COc2ccccc21)NCCOCCO,-0.4953872263431549
guided,NC(=O)c1nc(Nc2ccccc2)sc1NC(=O)C1CCCCC1,-1.0472261905670166
guided,N#Cc1cc(C(=O)c2cc3ccccc3oc2=O)cn(Cc2cccnc2)c1=O,-0.49859288334846497
guided,Cc1nc2c(C)cccn2c1/C(O)=C1\C(=O)C(=O)N(CCN2CCOCC2)[C@H]1C(N)=O,-0.3250879943370819
guided,COCc1[nH]nc2c1[C@@H](C)C(C(C)=O)=CO2,-2.0741000175476074
guided,O=S(=O)(Cc1cc(Sc2ccccc2)nc(-c2ccccc2)n1)c1ccccc1,-4.566715717315674
guided,Cc1cc(C)c2cc3ccc4cccnc4c3nc2c1,-8.73940372467041
guided,Brc1cccc2c1OCCN(Cc1ccccc1)C2,-10.868839263916016
guided,Cc1cc(S(=O)(=O)N2CCOCC2)ccc1NC(=O)CC(O)(C(F)(F)F)C(F)(F)F,-0.5622988343238831
guided,COCC(=O)NNC(=O)c1ccc2ccccc2c1,-1.6108102798461914
guided,O=C(NN1C(=O)c2ccccc2N[C@H]1C1=NCCCCC1)c1ccncc1,-0.802748441696167
guided,CSc1ccc(NC2=NC[C@H](C)S2)cc1,-8.179495811462402
guided,O=C(c1ccc(CS(=O)(=O)c2ccc3c(c2)OCO3)o1)N1CCN(C2CCCCC2)CC1,-0.9906688928604126
guided,COC(=O)c1ccccc1NC(=O)[C@@H]1CC(c2ccccc2O)=NO1,-0.4976348280906677
guided,CC(=O)CS(=O)(=O)c1ccc(Oc2ccccc2C)cc1,-2.8287289142608643
guided,C/C(=N\NC(=O)c1ccc(Br)o1)c1cccc(NC(=O)c2ccc(Br)o2)c1,-2.1033847332000732
guided,CCCC(=O)c1ccccc1NC(=O)c1cc(-c2ccc(OCC)cc2)nc2ccccc12,-5.284806251525879
guided,S=C(NCCSCc1ccc(Cl)c(Cl)c1)Nc1ccccc1,-9.761690139770508
guided,O=S(=O)(c1ccc(F)cc1)N1N=C(c2cccs2)C[C@H]1c1ccc(F)cc1,-5.039914131164551
guided,Fc1ccccc1-c1nc(SCc2ccc(Cl)cc2Cl)n[nH]1,-6.806898593902588
guided,COc1ccc(-c2[nH]c(=O)[nH]c(=O)c2-c2nc3ccccc3s2)cc1,-0.9114792346954346
guided,O=C(NC1CCCCCCC1)[C@@H](c1cccc(F)c1)N1CCCCC1,-7.688155651092529
guided,NS(=O)(=O)c1ccc(CCNC(=O)CCc2cc3ccccc3[nH]c2=O)cc1,-0.30626213550567627
guided,CNC/[S+]=C1\N=C2C[C@@H](c3ccco3)CC([O-])=C2C=C1C#N,-0.6959266066551208
guided,Cc1ccc(OCC(=O)NN2C(=O)c3ccccc3C2=O)c(Cl)c1,-1.241532564163208
guided,Clc1ccc2c(c1)/C(=N/N1CCN(Cc3ccccc3)CC1)SC2,-9.69083309173584
guided,O=C1c2ccccc2C(=O)C1(O)c1ccccn1,-1.6560505628585815
guided,Cc1cc(C(=O)N/N=C/c2cccc(OC(=O)c3cccs3)c2)n[nH]1,-0.6793428659439087
guided,COC(C[C@@H]1O[C@@H]1[C@@H](O)[C@H](C)OCc1ccccc1)OC,-2.3591649532318115
guided,O=C(O)c1cccnc1SCc1cc(=O)n2ccsc2n1,-0.7691743969917297
guided,COc1cc(C(=S)N2CCCC2)ccc1OCc1c(Cl)cccc1Cl,-10.32221508026123
guided,Nc1ccccc1OC(=O)c1ccc(O)cc1,-1.4148832559585571
guided,CCc1cccc(CC)c1NC(=O)Nc1cccs1,-6.185091495513916
guided,COc1cccc(-n2c(=O)c3ccccc3n(CC(=O)NC[C@H]3CCCO3)c2=O)c1,-0.3166757822036743
guided,N#Cc1nc(Cc2ccccc2)oc1N1CCCCC1,-3.616502285003662
guided,CCCCOc1cccc(/C=N/NC(C)=O)c1O,-1.535241723060608
guided,O=C(Cc1ccccc1)NCc1cccc(C(=O)c2ccccc2)c1,-4.871229648590088
guided,COc1cc2c(cc1O)CCN[C@H]2C,-4.738582134246826
guided,COCCCNC(=O)[C@H](NC(=O)c1ccc(N(C)C)cc1)C(C)C,-1.4472423791885376
guided,NS(=O)(=O)c1cccc(NC(=O)Cc2ccc(Br)s2)c1,-0.667091429233551
guided,CCCn1c(N)c(-c2nc(-c3ccco3)c(C(=O)c3ccc(OC(F)F)cc3)s2)c(=O)n(C)c1=O,-1.169350266456604
guided,O=C1C=CN=C2Nc3ccccc3[N@+]34CCN(C(=S)Nc5ccccc5Br)C[C-]3[C@]124,-3.543200969696045
guided,N[P@@](=O)(OCCCCc1ccccc1)Oc1ccc2ccccc2c1,-4.438087463378906
guided,Cc1nn(C)c(-c2nnc(SCC(=O)NNC(=O)c3cccc(Br)c3)n2C)c1Cl,-0.5763506889343262
guided,COc1ccccc1OC(=O)c1ccccc1NC(=O)C(=O)c1ccccc1,-1.5803546905517578
guided,CC(=O)CS(=O)(=O)c1c[nH]c2ccccc12,-1.7512130737304688
guided,CCN(CC1CCCCC1)C(=O)NCCc1ccccc1,-7.083251953125
guided,C[C-]([O-])[C+]1[CH+][CH-][C+](OCCC[CH-]SC[C+]([O-])O)[CH-][CH+]1,-1.2705814838409424
guided,N/C([O-])=C1\C=C[S+]=C1NC(=O)CSc1nnc(-c2cccs2)n1N,-0.30370569229125977
guided,CCOP(=O)(OCC)[C@@H](Nc1ccc(C(=O)O)cc1)c1ccccc1,-2.344224452972412
guided,S=C(Nc1ccc(Cl)cc1)Nc1ccccn1,-6.118793487548828
guided,Cc1nc2[nH]cnn2c(=O)c1NC(=O)c1ccc(F)cc1,-0.42717018723487854
guided,Clc1cccc(Cl)c1CN1CCN(c2ncccn2)CC1,-6.5623393058776855
guided,COc1ccc(Cl)cc1C(=O)Nc1nc(C)cc(C)n1,-2.412717580795288
guided,C[C-](O)C[S+2]([O-])([O-])CCCO,-0.8230745792388916
guided,[H]/N=c1\c(C(=O)NCc2ccccc2)cc2c(=O)n3ccccc3nc2n1Cc1ccc(F)cc1,-0.9889161586761475
guided,Cc1cc(F)ccc1S(=O)(=O)Nc1cc([N+](=O)[O-])ccc1N(C)CCc1ccccc1,-1.8494633436203003
guided,[H]/[O+]=C(\CC1=c2c(ccc/c2=C/NC)OC([O-])=C1)C(F)(F)F,-1.8304014205932617
guided,Brc1ccc(-c2csc(Nc3ccccn3)n2)cc1,-6.827815055847168
guided,COC(=O)c1[nH]c2ccc(C)cc2c1NC(=O)CCN1CCCC1,-1.458534598350525
guided,Nc1c(C(=O)NCCc2ccc(Cl)cc2)sc2ccccc12,-3.984682321548462
guided,O=C(NCCc1ccccc1)[C@@H]1CCCCN1S(=O)(=O)c1ccc(Cl)cc1,-2.316802501678467
guided,Fc1ccc(OCc2n[nH]c(=S)n2/N=C/c2ccc(Cl)c(Cl)c2)cc1,-4.69758415222168
guided,Cc1ccc(N)c(S(=O)(=O)NCC2CCCCC2)c1,-1.5967304706573486
guided,C[C@@H]1CN=C(N(Cc2cccs2)CC2CCCCC2)S1,-10.939539909362793
guided,S=C(NCc1ccsc1)Nc1cccc(Cl)c1Cl,-9.144882202148438
guided,O=C1CC[C@@H](O)C/C1=C\c1cccc(Cl)c1,-5.746305465698242
guided,[N][C]C(N[C]1[C](Cl)[CH][CH][CH][C]1N([O-])[O-])[C+]1[CH][CH][CH][CH][CH]1,-0.8849709630012512
guided,COc1cccc(-n2c(=O)[nH]c(=O)c3c2n(C)c(=O)n3-c2cccc(C)c2)c1C,-0.4206773042678833
guided,CCS(=O)(=O)N1CCC[C@H](C(=O)c2cccn2C)C1,-2.441960334777832
guided,S=c1[nH]nc(-c2ccc(Cl)cc2)n1/N=C/c1ccccn1,-3.231166362762451
guided,Cc1ccc(C)c(N2C[C@H](C(=O)Nc3ccccc3)CC2=O)c1,-4.119771480560303
guided,Brc1ccccc1N/C(CCCc1ccccc1)=N/Cc1ccco1,-8.394429206848145
guided,CC(=O)c1ccc(-n2c(SCC(=O)Nc3ccccc3)nnc2-c2ccco2)cc1,-1.8317718505859375
guided,N/C(=N\N=C/c1ccc(Br)o1)N/N=C/c1ccc(COc2ccc3ccccc3c2)o1,-1.9157202243804932
guided,Cc1ccc(Sc2ccc3ccccc3n2)cc1Cl,-12.127289772033691
guided,CCCCNC(=O)c1c(N)n(CCN2CCOCC2)c2nc3ccccc3nc12,-0.37653622031211853
guided,CCN(CC)C(=O)CN1C(=O)c2ccccc2C1=O,-2.5870938301086426
guided,NS(=O)(=O)OCCCc1ccccc1,-1.5284286737442017
guided,NC(=O)CS(=O)(=O)c1ncc(-c2cccc(C(F)(F)F)c2)n1-c1ccccc1,-0.7025439143180847
guided,[O-][C+](CC([CH-][CH+][CH-]C1CCCCC1O)CCN1CCCCC1)[c-]1[cH+][cH-][c+]2[c-]([cH+]1)C[c-]1[cH+][cH-][cH+][cH-][c+]1-2,-6.489066123962402
guided,CC(C)n1nnc2ccsc2c1=O,-3.8711509704589844
guided,CCCOc1ccc([N+](=O)[O-])cc1,-3.48211669921875
guided,CCCCCCc1ccc2ccccc2n1,-11.197770118713379
guided,CCCCOCC1[CH-]CC([C+]([O-])NCC2CCCCC2)C1(C)CO,-2.466165781021118
guided,[S-]P(N1CCCC1)N1CCOCC1,-9.403362274169922
guided,S=C=Nc1ccc(N2CCOCC2)cc1,-7.628243446350098
guided,CCC[C@@H](C)C(=O)Nc1cccc(NC(C)=O)c1,-3.0232739448547363
guided,CCOc1cccc(Nc2nc3ccccc3c3ccccc23)c1,-8.218113899230957
guided,O=S(=O)(N/C1=N/CCCCCC1)c1ccccc1,-2.6941537857055664
guided,COc1cc(S(=O)(=O)N(Cc2ccco2)C[C@H](O)CO)ccc1Cl,-0.32027575373649597
guided,N[C@H](Cc1cc(I)c(Oc2ccc(O)c(I)c2)c(I)c1)C(=O)O,-1.5316503047943115
guided,COc1cccc([C@@]2(O)CCCC[C@@H]2CN(C)C)c1,-6.280460834503174
guided,Nc1ccc(OC2CCCCC2)cc1C(=O)NC1CCCC1,-2.825700044631958
guided,[H]/[O+]=C\[C@@H](O)[C@@H](O/C=[NH+]/c1ccc(C)c(N([O-])[O-])c1)[C@H](O)CO,-0.40105172991752625
guided,CCC(=O)[C@H]1CCCN(C(=O)c2cccc3ccccc23)C1,-6.078638553619385
guided,Cc1ccc(C(=O)O)cc1-n1c(C2CC2)n[nH]c1=S,-1.892513632774353
guided,CCOC(=O)/C=C/c1nc2sc(C(=O)OC)cc2cc1Cl,-2.4821674823760986
guided,O=C(CCl)Nc1ccc(Cl)cc1C(=O)NC1CC1,-2.809610366821289
guided,O[C@H](COc1ccc(Cl)cc1)CN1CC=C(c2ccccc2)CC1,-6.961987495422363
guided,COC(=O)c1ccccc1NC(=O)Cn1nnc(-c2ccc(OC)cc2)n1,-0.295596718788147
guided,O=C(CSCc1ccccc1)NC1=[S+]C2=C(CCCC2)/C1=C(/[O-])Nc1cccc(Br)c1,-3.439906597137451
guided,C/C(CC(=O)Nc1c(C)cccc1C)=N\NC(=O)c1cnccn1,-0.47987714409828186
guided,O=C1C[C@@H](/C=C/c2ccccc2)[C@H](c2ccccc2)N1Cc1ccccc1,-10.738627433776855
guided,NS(=O)(=O)c1ccc(NCc2ccc(Cl)c(Cl)c2)cc1,-1.9421453475952148
guided,NC(=O)c1nn(-c2ccccc2)nc1N/N=C/c1c(O)ccc2ccccc12,-0.6314558386802673
guided,Cc1ccc(-c2nn(-c3ccccc3)cc2C(=O)O)cc1C,-3.8288495540618896
guided,COc1ccc(C(C)=O)cc1COC(=O)CCc1nc2ccccc2c(=O)[nH]1,-0.6448365449905396
guided,Clc1cc(Cl)c(CSc2nnc(/C=C/c3ccccc3)o2)c(Cl)n1,-6.203772068023682
guided,O=C(Nc1cccc(NC(=O)c2ccccc2Cl)c1)c1cccs1,-4.360900402069092
guided,N#Cc1ccc(OC[C@@H](O)CN2CCN(c3ncc(C(F)(F)F)cc3Cl)CC2)cc1,-1.8064566850662231
guided,COc1ccccc1OCC(=O)Nc1c2c(nn1-c1ccccc1)C[S@+]([O-])C2,-0.7397416830062866
guided,CCOC1([O-])C2=[S@OH16]13=C(C=[N+](C)C)C(=O)N(c1ccc(Cl)cc1)[C@H]23,-2.8415420055389404
guided,N/C(=N\C(=O)CNc1cccc(Cl)c1)c1cccs1,-2.009706497192383
guided,Cc1ccc(OC(=O)Nc2n[nH]c(=S)s2)cc1C,-2.4520323276519775
guided,CN(C)c1nnnn1C1CCCCC1,-4.004016876220703
guided,S=C(NCCCN1CCOCC1)c1cccs1,-7.535630226135254
guided,NC(=O)C1CCN(C(=O)c2ccccc2N2CCCCC2)CC1,-1.839073657989502
guided,COc1ccccc1OC(=O)Nc1cccc(Cl)c1,-4.7906951904296875
guided,[O-][C+](CO[C+]([O-])CN[C+]([O-])C(O)[CH-]O)N[c+]1[cH-][cH+][c-]([S+2]([O-])([O-])N2CCCCCC2)[cH+][cH-]1,-0.4046565890312195
guided,COP([O-])O[c+]1[cH-][cH+][cH-][c+](C[C+]([O-])O)[cH-]1,-0.6765739917755127
guided,Clc1ccc(OCc2nc3ccccc3nc2-c2ccccc2)cc1,-8.10577392578125
guided,COc1cc2c(cc1C(=O)O)CC(C(=O)OC(C)C)=C(C)N2C(=O)c1ccc(C)o1,-1.2350949048995972
guided,COc1ccc(C(C)(C)C)cc1OCC(=O)N[C@H](Cc1c[nH]c2ccccc12)C(=O)O,-1.1172186136245728
guided,Cc1cc(C)n2c(SCc3cccc(Oc4ccccc4)c3)nnc2n1,-4.946230411529541
guided,CCOc1cc(/C=C2/NC(=O)N(c3ccccc3F)C2=O)ccc1O,-1.3433191776275635
guided,Cc1cccc(N2CCN(C(=O)CS(=O)(=O)Cc3nc(-c4ccccc4)oc3C)CC2)c1C,-1.3660374879837036
guided,CCC(=O)OCn1nnc2ccccc2c1=O,-1.1560413837432861
guided,CC(O)CN[C]([O])C[CH-]C(COC([O-])[C]1[CH][CH][CH][CH][CH]1)O[C+](N)[O],-0.5280578136444092
guided,O=c1[nH]c(-c2ccccc2)c(CCN(Cc2ccco2)[S@+]([O-])c2ccccc2)c(=O)[nH]1,-0.8276107311248779
guided,CCN1CCN(Cc2ccc(-c3csc(CC4=CCCCC4)n3)cc2)CC1,-10.423371315002441
guided,COc1ccc(Cl)cc1C(=O)Nc1ccc([C@@H](c2ccc3cc[nH]c3c2)c2ccccn2)cc1,-5.619394302368164
guided,COc1ccccc1NCc1nnc(-c2ccccc2Br)o1,-3.450385808944702
guided,Cc1ccc(OCCCCN2CCC(C)CC2)cc1,-10.958898544311523
guided,O=C(Cc1cccc2ccccc12)NNC(=O)c1cccs1,-2.8979620933532715
guided,[H+].[O-][C+](NN1[C+]([O-])C2[CH+][CH+][CH-]C(C3[CH+]C3)C2[C-]1[O-])[C-]1[CH-][C+]([c+]2[cH-][cH+][cH-]o2)[N-][c+]2[cH-][cH+][cH-][cH+][c-]21,-0.33164262771606445
guided,O=C1C=C(Nc2nccs2)C(=O)c2ccccc21,-2.675978660583496
guided,Cn1cc(CNC(=S)NCc2ccc(Cl)cc2)c(-c2ccc(F)cc2)n1,-5.685661315917969
guided,[O-]N([O-])CCCN[C]([S])N[C+]1[CH][CH][CH][C](Cl)[CH]1,-1.4283080101013184
guided,OCCc1ccncc1,-6.0640153884887695
guided,CCN1CC[C@H](CNC(=O)c2cc(C)n(CC(C)C)c2C)C1,-5.736122131347656
guided,COc1ccc(-c2nc(CN3CCCC[C@H](CCc4ccccn4)C3)c(C)o2)cc1,-5.4577555656433105
guided,CN(C(=O)c1ccc2nc(Cc3cccc(Cl)c3)oc2c1)c1ccccc1,-6.240305423736572
guided,O=Cc1nnc(CSc2ccc(Cl)cc2)o1,-3.2100939750671387
guided,CCN(c1ccccc1)S(=O)(=O)c1cc(-c2coc(C)n2)ccc1Br,-3.5815603733062744
guided,O=S1(=O)c2cccc3cccc(c23)N1C[C@@H](O)CN1CCOCC1,-1.3803606033325195
guided,O=C1CC(=O)CC(c2ccccc2)C1,-5.943523406982422
guided,O=C(/C=C/C=C/c1ccccc1)c1ccccc1OC(F)F,-8.832890510559082
guided,Cc1ccc(NC(=O)c2ccc(OC3CSC3)cc2)c(Br)c1,-6.572080135345459
guided,CC(=O)Nc1ccc(C)cc1O,-3.6622474193573
guided,COc1ccc(N2CCN(CC(=O)Nc3cc4[nH]c(=O)[nH]c4cc3Br)CC2)cc1,-0.5113703012466431
guided,[O-]SC[c+]1[cH-][cH+][c-](O)[c+]2[n-][cH+][cH-][cH+][c-]12,-2.7933404445648193
guided,COC(CNC(=O)c1c[nH]c2ccc(S(=O)(=O)N3CCOCC3)cc2c1=O)OC,-0.3449554741382599
guided,COc1cccc(N2CN(CCc3ccccc3)CNC2=S)c1,-7.211824417114258
guided,O=S(=O)(Cc1ccccc1)N1CCCc2ccccc21,-5.70091438293457
guided,COc1ccc(/C=C2/S/C(=N\c3ccccc3)NC2=O)cc1F,-4.23223352432251
guided,NC(=O)C1=C[C@@H](c2ccc(-c3ccccc3)cc2)C[C@@H](OCCCCO)O1,-1.3614734411239624
guided,O=C(NC[CH-]CCCC/N=C1\C=CC=C(CN2CCOCC2)\C1=N\C#[O+])c1ccco1,-0.6210177540779114
guided,Brc1cccc(OCCc2cnc3ccccc3n2)c1,-6.674380302429199
guided,O=[N+]([O-])c1cccnc1N1CCN(Cc2ccc3c(c2)OCO3)CC1,-0.8481953144073486
guided,CO[C@H](c1ccccc1)c1nnc(CCC(=O)NC2CCCCC2)o1,-1.539103388786316
guided,Cc1ccc(NC(=O)c2ccccc2C(=O)NC[C@@H]2CCCO2)c(C)c1Cl,-2.8233957290649414
guided,COc1cc([C@H]2Nc3ccccc3C(=O)N2c2ccccc2)ccc1OCCc1cccc2ccccc12,-8.158712387084961
guided,O=c1[nH][nH]c(-c2ccccc2)c1/C=N/N1CCOCC1,-1.2389861345291138
guided,O=C(NCc1cccnc1)c1cccnc1/C=N/Cc1ccc(F)cc1,-2.2010912895202637
guided,N=N/C(=[O+]/c1ccccc1)C(=O)C[C@H](O)C/N=C(\[O-])c1ccc2ccccc2c1,-0.6627961993217468
guided,CCC(=O)N[C@H](Nc1nccs1)C(Cl)(Cl)Cl,-3.4439666271209717
guided,COCCCNC(=O)Cn1nc(C(F)(F)F)c2c1CCCC2,-2.9245972633361816
guided,N#Cc1cccc(CSCCCCOc2ccc(F)cc2Cl)c1,-8.385225296020508
guided,Cc1ncc(COC2CCCCC2)c(N)n1,-2.5102200508117676
guided,O=C(N/N=C\c1ccc2ccc3ccccc3c2n1)c1ccncc1,-2.38259220123291
guided,OCc1nc2ccccc2[nH]1,-3.677408218383789
guided,Cc1oc(-c2ccc(/C=C/C(=O)O)cc2)nc1-c1ccccc1,-3.4201812744140625
guided,O=S(=O)(Nc1nc2ccccc2nc1Nc1ccccc1)c1cccs1,-1.8483870029449463
guided,C[C+]([O-])[c-]1[cH+][cH-][c+](N[C+]2[C][C+](CS[C+]3[CH+][CH-][CH+][CH+][N-]3)[N-][C-](C)[N-]2)[cH-][cH+]1,-2.2469797134399414
guided,OCCNC(=S)Nc1ccc(OCc2ccccc2)cc1,-3.318829298019409
guided,CCCCC(=O)N/C(=C/c1ccc(Br)cc1)C(N)=O,-1.6623948812484741
guided,O=C1C[C@@H](C(=O)N(CCO)Cc2ccccc2)CS1,-2.5955047607421875
guided,CNS/C=C/c1cccc2ccccc12,-10.912469863891602
guided,COc1cc(/C=N/NC(=O)CSCc2ccccc2)ccc1OCc1cccc(Cl)c1,-4.574740886688232
guided,[H+].[O-][C-](NC[C+]1[CH+][CH-][CH+][N-][CH+]1)C(C1[CH+]CCO1)N1[C][CH-][CH+][C-]1Br,-2.336609125137329
guided,C[C]1[C-][C]2[N][C](N3CCN(C[C]4[CH][CH][CH][C]5[CH][CH][CH][CH][C]54)CC3)[S+2][C]2[CH][CH]1.[CH2],-8.706840515136719
guided,O=C(NC(=S)NCc1ccccc1)c1cc(-c2ccccc2)nc2ccccc12,-4.609598636627197
guided,NOCC(=O)N1CCC(CCC(=O)N2c3ccccc3[C@@H](CSc3ccccc3)[C@H]2C(=O)N2CCN(c3ccccc3)CC2)CC1,-1.8644064664840698
guided,O=C(O)C1(P(=O)(c2ccccc2)c2ccccc2)CCC1,-3.4230308532714844
guided,CN1CCN(S(=O)(=O)C2=C/C(=C(\N)[O-])[S+]=C2)CC1,-0.550480842590332
guided,COCCn1c(-c2ccc(C)cc2)cc2c(c1=O)[C@@H](c1ccc3c(c1)OCO3)C(C#N)=C(N)O2,-0.9781461954116821
guided,CC(=O)N1CCOc2cc(S(=O)(=O)N3CCCC3)c(Cl)cc21,-1.8373327255249023
guided,CCOC(=O)N1CCN(C(=S)NC(=O)c2c(-c3c(Cl)cccc3Cl)noc2C)CC1,-1.4363609552383423
guided,CNC(=O)CS(=O)(=O)c1ccc2ccccc2n1,-0.9812560081481934
guided,COc1cc(-c2ccc3c(c2)OCO3)cc(OC)c1C(=O)O,-1.5467621088027954
guided,NC1=N[C-]2C=CC(c3ccco3)=NN2C(NCc2ccccc2)=N1.[H+],-0.4823276102542877
guided,COc1ccc(S(=O)(=O)NCCN2CCOCC2)cc1C,-1.5870006084442139
guided,CN(C)c1ccc(C(=O)OCC=C(C#N)C#N)cc1,-1.0759907960891724
guided,[O-][C]N(Cc1ccccc1)[C+]1=NC=Nc2c1ncn2Cc1ccccc1,-1.6806899309158325
guided,O=C(c1ccc([N+](=O)[O-])s1)N1CCN(c2ccccc2)CC1,-1.9996800422668457
guided,COC(CNC(=O)Cn1ncc2c(=O)oc3ccccc3c21)OC,-0.2752211093902588
guided,COC(Cc1ccc(N(C)C)cc1)OC,-8.129383087158203
guided,COc1ccc(C(=O)OCC(=O)N2CCOCC2)c(OC)c1,-1.1376484632492065
guided,Cn1c(CC(=O)c2ccco2)nc(=O)c2cccnc21,-0.9036873579025269
guided,CC(=O)c1c(/N=C\c2ccccc2F)nc(=O)[nH]c1C,-1.2936116456985474
guided,Clc1ccc(-c2nsc3/c(=N\c4ccccc4)n(Cc4ccccc4)cnc23)cc1,-7.566549301147461
guided,[O][C](OCN1[N][N][C+]2[CH][CH][CH][CH][C]2[C]1[O])[C]1[CH][CH][C](N2CCOCC2)[C](N([O-])[O-])[CH]1,-0.5084947943687439
guided,Nc1ccc(OCc2ccc(F)cc2)cc1,-6.080748081207275
guided,[O-][S+]([O-])SCCO,-2.059372663497925
guided,O=C(O)COc1cccnc1[N+](=O)[O-],-0.42669156193733215
guided,NC(=O)c1ccsc1N,-1.661239504814148
guided,[C-3][C+]1[C+]([O-])C(S[c+]2[n-][nH][c+](N[C+]([O-])[c+]3[cH-][cH+][cH-][cH+][cH-]3)[n-]2)C(C[CH2+])C1(C)C,-0.3064343333244324
guided,CN1CCC(NC(=O)C2CCN(Cc3ccc(OCC(N)=O)cc3)CC2)CC1,-0.5074197053909302
guided,NNC(=O)[C@@H]1C[C@H]1c1ccccc1,-2.8977243900299072
guided,CCCCn1c(/C=C/c2ccc(O)cc2)nc2ccccc21,-6.807076454162598
guided,COc1cc2[nH]c(C(=O)NCc3nc(C4CCCCC4)no3)cc2c(OC)c1OC,-1.0902730226516724
guided,NC(=S)N/N=C/c1ccc(-c2cc(Cl)c(Cl)cc2Cl)o1,-3.2058157920837402
guided,[CH2-]OCCOCCOCCOCCO/C([CH2-])=[O+]\CCOCCOCP([O-])O.[H+].[O-]/[P+](=C1\C=CC=[S+]1)c1ccccc1,-0.4154585003852844
guided,CCCCNc1ccc([N+](=O)[O-])cc1,-3.348926544189453
guided,[O][C]1CCCN1[C]1[CH][CH][C](S([O])([O])N[C+]2[CH][CH][C](Cl)[CH][CH]2)[CH][C]1N([O-])[O-],-0.8626399636268616
guided,COc1ccccc1N(CC(=O)NC1CCCC1)S(=O)(=O)c1ccccc1,-1.4637081623077393
guided,[CH2-]CCC1=C=c2c(Oc3ccccc3[N+](=O)[O-])c(C)c(OC)c(C)c2=[O+]C1=O,-0.9544639587402344
guided,Nc1ccccc1Oc1nc(-c2cc3cc(Br)ccc3oc2=O)cs1,-2.8740174770355225
guided,O=C(Cn1cnc2ccccc21)N/N=C/c1ccccn1,-1.2497888803482056
guided,O=C(c1cc(-c2n[nH]c(=O)c3ccccc23)c(Cl)[nH]1)N1CCSCC1,-1.0918092727661133
guided,S=c1[nH]nc(Cc2ccc(CCN3CCCCCC3)cc2)n1-c1ccc2c(c1)OCCO2,-4.483747482299805
guided,CN(C)S(=O)(=O)c1cnccc1NCc1ccc2ccccc2c1,-2.56101393699646
guided,[H]/N=c1\c2c(nc3scc(-c4ccccc4)n13)[C@H](C)C=CC2,-5.567105770111084
guided,[O+]#C[OH+]/N=C1\C[C@@H]2C#C[C-]=C=C2C[C@H]1c1[c-]cc(F)cc1,-4.548267841339111
guided,NC12C3N1[N-][N-][N+]32[c+]1[cH-][cH+][c-](F)[cH+][cH-]1,-2.731572389602661
guided,CCOc1ccc([C@H](CC(=O)O)NC(=O)c2ccccc2N)cc1,-0.5999951958656311
guided,FC(F)(F)CNC(=S)Nc1cccc(Cl)c1,-8.277271270751953
guided,CCOC(=O)C1=C(C)NC=C(/C=N/NC(=O)c2cccc(O)c2)[C@H]1c1ccc(OC)cc1,-0.8919249773025513
guided,COc1ccc(S(=O)(=O)c2nc(-c3ccco3)oc2N2CCOCC2)cc1,-0.5787286758422852
guided,COC[C@@H](COS(N)(=O)=O)C(C)C,-1.039587378501892
guided,CNNC(=S)NCCOc1cccc(C(F)(F)F)c1,-4.178565979003906
guided,S=c1[nH]nc(COc2cccc(Br)c2)n1CCN1CCOCC1,-3.1241776943206787
guided,O=S1(=O)OCC[C@@H](c2ccccc2)N1COc1ccccc1,-3.099390983581543
guided,CCCO[C@@H]1CCCN(C(=O)c2ccc(OC3CCN(Cc4ccccn4)CC3)cc2)C1,-4.052482604980469
guided,C/C(N)=C(/C#N)C(=O)CSc1nc(-c2ccc(Br)cc2)ccc1C#N,-1.2585116624832153
guided,COc1ccc(-c2csc(NC3=NCCCCC3)n2)cc1OC,-3.995466470718384
guided,O=C(N[C@H]1CCS(=O)(=O)C1)c1cccc(S(=O)(=O)N2CCOCC2)c1,-0.3678630292415619
guided,C/C(=N\NC(=O)NC1CCCCC1)c1cccc(NC(=O)Cc2ccccc2)c1,-1.949212670326233
guided,O=C(N/N=C/c1cccnc1)c1ccc(NC(=O)c2ccc(F)cc2)cc1,-1.2368781566619873
guided,O=C(CCCSc1nccn1-c1ccc(F)cc1)NCc1ccccc1F,-5.168651103973389
guided,O=C(Cn1cc(/C=N/N[N+](=O)[O-])c2ccccc21)N1CCCCC1,-0.417590856552124
guided,O=C(CN1CCCCC1)Nc1cccc2c(NC(=O)[C@@H]3CCCO3)cccc12,-2.0289981365203857
guided,COc1ccccc1CCn1c(C)c(C#N)c(=O)[nH]c1=O,-0.49823325872421265
guided,O=C(/C=C/c1ccc(F)cc1)Nc1nc(-c2ccc(F)cc2)c(C(=O)c2ccc(Br)cc2)s1,-6.484401702880859
guided,CCCNC=C1C(=O)CC(C)(C)CC1=O,-4.2091383934021
guided,CCOc1ccc(C)cc1S(=O)(=O)Nc1ccc(C(=O)NCCCN2CCOCC2)cc1,-0.6102800369262695
guided,Cc1cccc(C)c1N(CC(=O)Nc1ccccc1C(=O)O)S(C)(=O)=O,-0.5187038779258728
guided,C[C@H]1Cc2n/c(=[S+]\CC(=O)Nc3nc4c([O-])n(C)c(=O)n(C)c-4[s+]3)n(C)c([O-])c2S1,-0.2924712002277374
guided,CN1c2ccccc2[C@@]2(C)[C@@H]1N(C)C(C)(C)[C@@H]2OC(=O)c1ccco1,-4.524436950683594
guided,Cn1cccc(C(=O)N(Cc2ccco2)c2ccccn2)c1=O,-1.6862090826034546
guided,CC([N][C]1[CH][C]2N[C]3[CH][CH][CH][CH][C]3[N][C]2[CH][C]1N([O-])[O-])[C+]1[CH][CH][CH][CH][CH]1,-0.7327006459236145
guided,CCOc1ccc(OCC)c(NC(=O)c2ccc(-c3ccccc3)cc2)c1,-6.083617210388184
guided,Nc1ccc(Cl)c(NC(=O)CN2C(=O)NC3(CCCC3)C2=O)c1,-0.38147005438804626
guided,Cc1ccc(NC(=O)c2ccccc2NC(=O)C2CCCCC2)cc1N,-1.9584826231002808
guided,FC(F)(F)Oc1ccccc1/C=N/Nc1ccc(C(F)(F)F)cn1,-5.3995585441589355
guided,Clc1cccc(Cl)c1COc1ccc(Br)cc1,-13.010619163513184
guided,[N-]=C1[C@]2(C#C/C=C/[CH-]C(=O)O)C3=N[S+2]132,-1.4630111455917358
guided,Cc1nc(/C(=C/c2cccc([N+](=O)[O-])c2C)C(=O)O)cs1,-1.069045901298523
guided,CC[C@@H](C)NC(=O)CSc1ccc(Cl)cc1,-7.326717376708984
guided,O=C(CSc1ccc(-c2ccccc2)nn1)NCCN1C(=O)CSC1=O,-0.4757234752178192
guided,COc1cc(C)cc(Cl)c1OCCOCCSc1ccccc1,-8.656448364257812
guided,O=[N+]([O-])c1ccc(N2CCCCC2)cc1NC1CCN(Cc2ccc3c(c2)OCO3)CC1,-2.2111644744873047
guided,CN(N=O)C(=O)NCCN1CCN(Cc2ccccc2)CC1,-1.5661931037902832
guided,CC[C@@H](C)NS(=O)(=O)c1ccc(OCC(=O)Nc2ccccc2C#N)cc1,-0.589012086391449
guided,COc1ccc2oc(=O)cc(CN3CCOCC3)c2c1,-3.198427677154541
guided,O=C(O)CCC[C@H]1N=C2c3ccc([N+](=O)[O-])cc3N=C(NO)N2C1=O,-0.40068721771240234
guided,COc1ccc(/C(=N/NC(=O)c2ccco2)c2ccccc2)cc1,-2.6367275714874268
guided,COc1ccc(NC(=O)CNS(=O)(=O)c2cccs2)cc1OC,-0.35060960054397583
guided,Nc1nc(SCc2ccccc2)nc2sc3c(c12)CCCC3,-4.667045593261719
guided,CCS(=O)(=O)[C@@](C)(CCl)C(=O)Nc1cc(C(F)(F)F)cc(C(F)(F)F)c1,-3.2473888397216797
guided,[CH2+]C1CCCC(C)N1CCCN[C+]([O-])CN1[c+]2[cH-][cH+][c-]([S+2]([O-])([O-])N(CC)CC)[cH+][c-]2N(C)[C+]([O-])[C-]1[O-],-0.3711332082748413
guided,O[C@@H](c1ccccn1)c1c[nH]c2ccc(F)cc12,-4.007007122039795
guided,CC/[S+]=C/C=C(\[O-])Nc1cc(-c2nc3cccnc3s2)ccc1C,-2.7472567558288574
guided,CO[N][CH]C([C](C)[O])[C]1[N]N([C+]2[CH][CH][CH][CH][CH]2)[C](C)[C]1N([O-])[O-],-0.5296748280525208
guided,O=P(Oc1ccccc1)(Oc1ccccc1)c1ccccn1,-4.748157978057861
guided,COc1cc2c(cc1OC)[C@H](c1ccc(C)o1)CC(=O)N2,-2.721614122390747
guided,CCCOc1cc(/C=[N+](\C)C(=O)c2ccccc2C(=O)N(C)/C([O-])=N/C)ccc1OC,-0.3791877031326294
guided,CCCCOc1ccccc1OCCNC(=O)CCC(=O)O,-0.7862305045127869
guided,N/C(=N\S(=O)(=O)c1cnc[nH]1)c1ccc(OCc2ccccc2)cc1,-0.4132150411605835
guided,Cc1[nH]c(-c2occc2C=C(C#N)C#N)c(C)c1CO,-0.8132947087287903
guided,COc1ccccc1C/N=C/c1ccc[nH]1,-5.564090728759766
guided,O=S(=O)(O/N=C1\CCCc2ccccc21)c1ccccc1,-3.3384690284729004
guided,O=C(COCc1ccc(OC(=O)c2ccco2)cc1)c1cccc(F)c1,-2.884143590927124
guided,COc1cc(OC)c(OC)cc1Nc1ncnc2c1[nH]c1ccccc12,-1.6628828048706055
guided,COc1ccc(C(=O)O)cc1O,-1.8130388259887695
guided,CC[C@H](OC(=O)c1cc(OC)c(OC)c(OC)c1)C(=O)Nc1ccc(OC)cc1OC,-0.905729353427887
guided,O=C(NC1CCCC1)[C@@H](c1ccco1)N(C[C@@H]1CCCO1)C(=O)Cn1ncc2ccccc21,-1.1184865236282349
guided,Brc1ccc(CSc2nc3ccccc3c3ncnn23)cc1,-5.708807468414307
guided,[O-][S@@+](Cc1ccccc1)c1ccc(OC[C@@H](O)CN2CCN(c3ccccn3)CC2)cc1,-1.6725274324417114
guided,CCOC(=O)N/N=C/c1ccc(Br)o1,-2.2214243412017822
guided,NNC(=S)Nc1ccc(F)cc1,-3.602503776550293
guided,[H+].[NH-][c+]1[n-]o[n-][c+]1[C-](N)[N-][N-][C+]1[CH+][C+](N([O-])[O-])[CH-][CH+][CH-]1,-0.39183223247528076
guided,[N-2]CN1CCN([c-]2[cH+][cH-][c+](N([O-])[O-])[cH-][cH+]2)CC1,-0.934172511100769
guided,CCOC(=O)N1N=C(c2ccc3c(c2)OCO3)C[C@@]1(O)C(F)(F)F,-1.0329604148864746
guided,CCOCCn1c([C@H](C)O)nc2ccccc21,-3.9600939750671387
guided,Brc1cccc(/N=C2/NN=C(c3cccs3)CS2)c1,-6.622729778289795
guided,S=c1[nH]nc(-c2cccs2)n1/N=C/c1cccc(Br)c1,-5.346761703491211
guided,CC1=C(C(=O)OC(C)C)C(NC(=O)Cc2ccccc2)=[S+]/C1=C(/[O-])N1CCN(C)CC1,-0.6085925102233887
guided,Cc1cccc(/C=N/NC(=O)c2ccccc2-n2cccn2)c1,-2.8288822174072266
guided,O/N=C1\CCCCC2=C1[C@H]2c1ccccc1,-6.838196277618408
guided,COc1ccc(C(=O)Cn2nc(Cc3cccnc3)c3ccccc3c2=O)cc1,-1.6979032754898071
guided,Cc1ccc(C)c(NC(=O)c2ccc(C#CC3(O)CCCCC3)cc2)c1,-5.136585235595703
guided,[CH2+][C+]([CH-][c+]1[cH-][cH+][c-](C(F)(F)F)[cH+][cH-]1)[C+]([O-])C(O)[C-]1CCC(C)O1.[H+],-3.6220741271972656
guided,Cc1ccccc1OCC(=O)Oc1ccc2oc(=O)cc(CN(C)CCC#N)c2c1,-1.0109132528305054
guided,COc1ccc(S(=O)(=O)N2CCN(c3cc(Cl)ccc3C)CC2)c2cccnc12,-2.8657753467559814
guided,Cn1c(=O)[nH]c(=O)c2c1nc(CN1CCCC1)n2C[C@H](Cc1ccccc1)C(N)=O,-0.24235014617443085
guided,O=S(=O)(Nc1ccc(N2CCCCC2)cc1)c1cccc2cccnc12,-3.1326351165771484
guided,Nc1cc(=O)[nH]c(SCC(=O)N2CCCCCC2)n1,-0.4650672674179077
guided,O=C(CCC(=O)Nc1nccs1)NNC(=O)NC1CCCCC1,-0.3954060673713684
guided,CCCCOC(=O)c1ccc2c(c1)c1ccccc1n2CC(=O)O,-2.4860079288482666
guided,CSCc1ccc(CCC(=O)Nc2ccccc2C(F)(F)F)cc1,-8.700304985046387
guided,[H]/N=C1/CCSN1c1ccc(C#N)cc1,-3.679932117462158
guided,Cc1ccc2cc3c(NC(=O)[C@H]4CC(c5ccc(F)cc5)=NO4)nn(CC(C)C)c3nc2c1,-2.4992566108703613
guided,COC1=C[C]C(=S2([O-])([O-])[C@H]3CCC[C@@H](C[C+](=O)N4CCC[C@@H](O)C4)[N@@H+]32)C=C1,-0.5260335206985474
guided,S=C(NCc1cccc2ccccc12)NC1CCCCC1,-8.750422477722168
guided,Cc1ccc(OCC(=O)N/N=C/C=C/c2ccco2)cc1C,-2.4488167762756348
guided,Oc1cc(COc2ccccc2)cc2ccccc12,-7.740769386291504
guided,C[C@@H]1C[C@H](C)CN(S(=O)(=O)c2ccc(C(=O)Nc3sc4c(c3C#N)CCC4)cc2)C1,-1.6042139530181885
guided,COc1cccc(-c2nnc(NC(=O)CCCC(=O)Nc3ccc(C)c(Cl)c3)s2)c1,-2.2020249366760254
guided,C/C=C(\C=N/NC(=O)c1ccc(Cn2cccn2)o1)/C=C1/C=CC(O)=CC1=O,-0.6922430396080017
guided,O=C(OCC(=O)N1CCOCC1)c1ccc(S(=O)(=O)N2CCCCCC2)cc1,-0.4730861485004425
guided,OCc1nccn1Cc1ccccc1Cl,-5.307682037353516
guided,COc1ccccc1NC(=O)CN(C)S(=O)(=O)/C=C/c1ccccc1,-1.2591782808303833
guided,CCCc1ccc(OCC(=O)NNC(=O)[C@H]2CCC(=O)N2)cc1,-0.35285189747810364
guided,CN(C)c1cc2c(c(Cc3ccc([N+](=O)[O-])cc3)c1)C(=O)CC2,-2.6841695308685303
guided,O[C@H](Cn1cncn1)c1c(F)cccc1Cl,-3.529867172241211
guided,S=c1[nH]nc2cc(-n3ccnc3)ccn12,-3.4924912452697754
guided,CCC[C@@H](Cc1ccc(OCc2ccccc2)c(OCC)c1)NC(=O)Nc1ccc(COC)cc1,-5.018221378326416
guided,Cc1cccc2sc(NC[C@@H](C)O)nc12,-4.368137836456299
guided,FCCCOc1ccccn1,-8.064315795898438
guided,CN1CCN(c2ccc(-c3nn(C)c(=O)c4ccccc34)cc2[N+](=O)[O-])CC1,-0.7012652158737183
guided,Fc1cccc(Nc2c(-c3ccco3)nc3ccc(F)cn23)c1,-6.037592887878418
guided,COc1ccc(OC[C@H](O)CN2C(=O)NC(C)(C)C2=O)cc1,-0.47549310326576233
guided,Cc1ccccc1NC(=O)Cc1nc(COC(=O)CSc2ccccc2C)cs1,-3.2640249729156494
guided,COc1ccccc1N(CC(=O)NCCc1ccccc1)C(=O)c1sc(Cl)nc1C,-2.464369535446167
guided,CCOc1ccc(Nc2nc(Cl)nc(NCCO)n2)cc1,-0.5182397961616516
guided,CCO[C-]1[CH+][CH-][CH+][CH-]C1[C][c+]1[c+](C)[c+](CC[C-]([O-])O)[c+]2[n-][c+]([O-])[c-](C[c+]3[cH-][cH+][cH-][c+]4[cH-][cH+][cH-][cH+][c-]34)[c+]([O-])n12,-0.7535921335220337
guided,COc1cccc(C(=O)[C@@H]2C=C(c3ccc(Br)s3)Nc3nnnn32)c1,-1.4010409116744995
guided,COC(CNC(=O)C[C@]1(C)CCc2cc3c(ccc4ccccc43)c(C)c2O1)OC,-4.109175205230713
guided,C/C(N)=C(/C#N)C(=O)CSc1nnc(Nc2ccccc2)s1,-0.64422607421875
guided,O=C1c2cccc3c(N4CCCCC4)ccc(c23)C(=O)N1c1cccs1,-6.345432281494141
guided,COc1ccc(/N=C2\SCC(=O)N2CCO)cc1,-2.1337711811065674
guided,NC(=O)c1ccsc1/N=C/c1ccccc1OCC(=O)O,-0.4471329152584076
guided,NNC(=O)c1cccc(S(=O)(=O)Nc2cccc(F)c2)c1,-0.3212277591228485
guided,COc1cc(/C=N/NC(=O)CNC(=O)c2ccc3ccccc3n2)cc(OC)c1O,-0.30132150650024414
guided,CN1CCN(C(=O)CCc2nc3ccccc3c(=O)[nH]2)CC1,-1.4452462196350098
guided,O=C(CSc1nnc(CNc2ccc(Cl)cc2)o1)Nc1nccs1,-1.1122596263885498
guided,CN(CC(=O)Nc1ccc2c(c1)OCO2)S(=O)(=O)c1ccc(F)cc1,-0.6377274990081787
guided,O=C1CC[C@H](CN(Cc2cnn(Cc3ccc(F)cc3)c2)Cc2ccccn2)N1,-2.3301737308502197
guided,COCCN(C(=O)/C=C1\NC(=O)C(c2ccsc2)=NO1)c1cccc(C(=O)O)c1,-0.3595314621925354
guided,N[C@@H](Cc1ccccc1)C(=O)O,-2.098180055618286
guided,FC(F)(F)[C-]1[N-][CH+][CH-][C+]2CN([c+]3[n-][cH+][cH-][cH+][n-]3)CCN21,-3.630378007888794
guided,CNCC(=O)c1cccc2ccccc12,-6.793429851531982
guided,CCCCN(c1ccc(C(=O)CCP(=O)(c2ccccc2)c2ccccc2)cc1)S(C)(=O)=O,-3.134989023208618
guided,[H]/[O+]=C(\C[C@H](O)CSC(=S)[N-]CCN1CCN(C(=O)c2ccc(C)cc2)CC1)S(C)(=O)=O,-0.4003167748451233
guided,[O-][S@@+]([C@@H]1COc2ccccc2O1)N1CCN(Cc2cn[nH]c2-c2ccccc2F)CC1,-1.3203920125961304
guided,COc1cc2c(c(OC)c1)CN1CCC[C@H]1C2,-8.169218063354492
guided,COc1ccc(S(=O)(=O)NCCCCO[C@H](C)C(C)=O)cc1,-0.8068878054618835
guided,CN(C(=O)CSc1nc2ccccc2n1Cc1ccccc1)[C@@H]1CCS(=O)(=O)C1,-1.6151206493377686
guided,CC1(C)C[C@H](n2cc(C(N)=O)cn2)C[C@@H](CCC(=O)O)N1,-0.4050719738006592
guided,FC(F)Oc1ccc(-c2nc3nc4c(cc3o2)COC4)cc1,-3.352346658706665
guided,CCCCOc1ccc(Cc2c(O)nc(SC)[nH]c2=O)cc1,-1.584250807762146
guided,Cc1cccc(Cl)c1OCCn1c(=S)[nH]c2cccnc21,-5.61086368560791
guided,CCC(=O)OCc1cccn1-c1ccc(Cl)cn1,-4.749102592468262
guided,COC(=O)c1cn(CC(=O)Nc2cccc(C(=O)O)c2)c2ccccc12,-0.6095849871635437
guided,NCCNc1cccc2cccnc12,-3.3788890838623047
guided,[H+].[H][S@TB6](#[O+])(C=C)C1=NC2=CC=C[CH-]C2=C([O-])N1N,-0.7746061086654663
guided,COc1ccc(-c2cc(-c3ncc(C(C)C)[nH]3)nc(-c3cccs3)n2)cc1,-4.291624546051025
guided,CCOc1ccc(S(=O)(=O)NCc2ccccc2)cc1,-3.075228691101074
guided,CC1([O-])C2[C]3[C-]C([CH][CH][C]OC[C]([O])[NH+][NH+]S([O])([O])[C]4[CH][CH][C]([CH][CH]4)[NH+]21)COC3,-0.5526174306869507
guided,CCn1c(SCC(=O)OC)nc2nc3c(cc2c1=O)CCCC3,-1.2714134454727173
guided,COc1ccc2c(CC(=O)NC/C(Cl)=C/c3ccccc3)coc2c1,-4.5908684730529785
guided,CCCCSc1nc2ccccc2n1CC(=O)O,-3.3358001708984375
guided,C[C@H](c1n[nH]c(=S)n1-c1ccc(F)cc1)N(Cc1ccccc1)C1CCCCC1,-8.361974716186523
guided,CCOc1ccccc1CN1C(=O)c2ccccc2[C@H]1C(=O)NC1CCCC1,-3.413541793823242
guided,COc1ccc(OC)c(S(=O)(=O)N[C@H](C(=O)O)C(C)C)c1,-0.34199732542037964
guided,COCCNC(=O)/C(=C\c1cn(C)c2ccccc12)NC(=O)C(C)C,-1.3224225044250488
guided,NS(=O)(=O)c1ccc(CN2CCN(C(=O)c3ccc(F)cc3)C(=O)C2)cc1,-0.2978304326534271
guided,N#Cc1ccc(OC[C@@H](O)CS(=O)(=O)c2ccc(F)cc2)cc1,-0.6182132363319397
guided,O=[N+]([O-])C1=NN(c2ccc(Cl)c(C(F)(F)F)c2)[C@@H](c2cccs2)C1,-4.4510321617126465
guided,S=C(Nc1ccc2c(c1)oc1ccccc12)Nc1cc(Cl)ccc1Cl,-9.277217864990234
guided,CCCOc1cc(C(=O)OCC(=O)Nc2nccs2)cc(OCC)c1OCC,-1.0878044366836548
guided,Clc1cccc(Cc2noc(CN3CCCC[C@H]3CCc3ccccn3)n2)c1,-4.479640007019043
guided,N[C@H](C=O)[C@H](O)[C@@H](O)[C@H](O)CO,-0.6019864082336426
guided,COc1ccc(Sn2c(=O)[nH]c(=O)c3[nH]c(-c4ccccc4)nc32)cc1,-0.6668763160705566
guided,CCN(CC)S(=O)(=O)c1ccccc1SC,-5.477548599243164
guided,C[C@H]1[S+]=C2C=CC(=[S@@](=O)([O-])NCCc3ccccc3)C=C2NC1=O,-0.7718560099601746
guided,[S-][C-](N[N-][C+]1CCCCC[C+]1[c+]1[cH-][cH+][cH-][cH+][cH-]1)N[c+]1[cH-][cH+][c-](Cl)[cH+][cH-]1,-7.904743194580078
guided,Cn1cccc1/C=N/NC(=O)c1csc2ccccc12,-4.334280014038086
guided,[O-][C+]1N(C[c+]2[cH-][cH+][c-]3[nH][c+]([O-])[nH][c+]3[cH-]2)CCC[NH+]1[C-]1[CH-][CH+][CH-][C+](Cl)[CH-]1,-0.660995602607727
guided,COc1ccccc1NC(=O)COC(=O)CN1C(=O)NC(C)(C)C1=O,-0.2678033411502838
guided,COc1ccc(OC)c([C@@H](c2nnnn2Cc2ccccc2)N2CCC(C(N)=O)CC2)c1,-0.3435150384902954
guided,CCOc1ccc2c(c1OC)C(=O)O[C@H]2N1CCN=C1c1cccc2ccccc12,-3.4654698371887207
guided,O=C(Cc1cccs1)Nc1ccc2c(c1)OCO2,-4.046732425689697
guided,C[C]([N]N[C]([O])CN1[CH][CH][C](N([O-])[O-])[N]1)[C+]1S[C]2[CH][CH][CH][CH][C]2[C]1Cl,-0.590000331401825
guided,COCCNCCCCOc1c(F)cc(Cl)cc1Br,-7.30627965927124
guided,CCOc1ccc2nc(S[C@@H]3CC(=O)N(C4CCCCC4)C3=O)sc2c1,-3.6752395629882812
guided,CC(C)n1cnc2cc(NS(C)(=O)=O)ccc21,-2.066392183303833
guided,CN(CC(=O)NC1CC1)S(=O)(=O)c1ccc(Br)cc1,-1.7881433963775635
guided,Cc1ccccc1CC(=O)N1CCC[C@H](CCC(=O)N2CCN(c3ccccn3)CC2)C1,-3.2855777740478516
guided,CCc1nnc(NC(=O)c2cccc3c(=O)c(C(C)(C)C)c(C)oc23)s1,-1.725553274154663
guided,O=C(/C=C/c1ccc(Cl)cc1)c1ccc(F)cc1,-10.377106666564941
guided,CCOC(=O)N/N=C(C)/C(=N\O)C(=O)OCC,-0.49166151881217957
guided,O=c1c(-c2ccc(O)cc2)coc2cc(O[C@@H]3O[C@H](CO)[C@@H](O)[C@H](O)[C@H]3O)ccc12,-0.27129730582237244
guided,COc1ccc(C/[N+](C=C2C=CC(=[N+]([O-])[O-])C=C2)=C(\CCO)c2ccccc2)cc1OC,-1.1910715103149414
guided,COC(=O)[C@H]1CCCN(S(=O)(=O)c2ccc3c(c2)c(=O)n(C)c(=O)n3C)C1,-0.30333513021469116
guided,Nc1cc(C(F)(F)F)ccc1NCCc1ccccn1,-4.034259796142578
guided,O=C(c1ccccc1)c1ccc(OCCCN2CCCC2)cc1,-7.4326910972595215
guided,CCOc1ccc(NC(=O)Nc2cnccn2)cc1,-1.2889854907989502
guided,COc1ccccc1Oc1ccc(S(=O)(=O)NCCN2CCOCC2)cc1Cl,-1.272515058517456
guided,CS(=O)(=O)c1ccc(C(=O)N2CCc3ccccc3C2)cc1,-3.103304386138916
guided,Nc1ccc([C@@H](CCNc2ccc(C(F)(F)F)cn2)c2ccc(F)cc2)cc1Cl,-6.597652435302734
guided,[CH2-]CC/[S+]=c1\[c-]c[c-](S(=O)(=O)CCC(=O)/[NH+]=C2\C=C([N+](=O)[O-])C=C\C2=[O+]/C)cc1,-0.40672120451927185
guided,O=C(CCc1nnc(N2CCOCC2)s1)Nc1ccc(F)cc1,-1.7723275423049927
guided,[O-][C+](CN(CCO)[S+]([O-])[O-])N1CCN(C([c+]2[cH-][cH+][cH-][cH+][cH-]2)[c+]2[cH-][cH+][cH-][cH+][cH-]2)CC1,-0.28675028681755066
guided,Clc1ccccc1OCc1nc2c3c(ncn2n1)CCC3,-3.6009931564331055
guided,O=c1[nH]c([C@H]2CCCN(S(=O)(=O)c3cc(F)ccc3F)C2)nc2c1nnn2Cc1ccccc1,-0.5253238081932068
guided,C[CH][C+]1OC(OC)[CH][C]([O-])[C]2[C](C)[CH][C](C)[CH][C]2CC([C]2[CH][CH][CH][CH][CH]2)[CH][C]1[O-],-2.353982925415039
guided,Clc1ccc(Nc2nc(N3CCOCC3)nc(N(c3ccccc3)c3ccccc3)n2)nc1,-2.741377115249634
guided,Fc1ccccc1COc1ccc(Br)cc1CNC[C@H]1CCCO1,-7.813174724578857
guided,NNC(=O)[C@H](Cc1ccccc1)NC(=O)c1ccc2c(c1)S(=O)(=O)N=CN2,-0.299560546875
guided,COc1ccccc1NCc1nc2ccsc2c(=O)[nH]1,-1.9311116933822632
guided,COc1ccccc1Oc1cc(OC)c(OCCN(C)C)c(OC)c1,-4.156530857086182
guided,O=[N+]([O-])c1ccccc1S(=O)(=O)O,-0.45982232689857483
guided,Cc1ccc(Cl)cc1N1CCN(C(=O)NCc2ccc(Cl)cc2)CC1,-6.867335796356201
guided,CCc1ccc(NCc2cccc(OC)c2O)c([N+](=O)[O-])c1,-1.3666350841522217
guided,O=S(=O)(NC[C@H]1CCCCN1)c1ccccc1,-2.5379838943481445
guided,[CH2-]CC(O)CC(CNC1C2CC3CC(C2)CC1C3)NCCNC,-3.0351881980895996
guided,Cn1c(=O)c(=O)n(C)c2cc(S(=O)(=O)N/C=C/C=C/c3ccccc3)ccc21,-0.43492528796195984
guided,O=C(CSCn1nnc2ccccc21)c1ccccc1F,-4.274040222167969
guided,COC(=O)c1ccc(S(=O)(=O)N(C)OC)cc1,-1.299835443496704
guided,[H]/[S@SP2]1#CN2/C(=C\C=C/[C-]=C(Cl)/C=1)[O+]2C(F)F,-11.928844451904297
guided,Nc1ccc2c(c1)nc1n2CCOC1,-3.117141008377075
guided,N#Cc1c(NC(=O)CN2CCOCC2)oc2c1CCCCC2,-0.9840505123138428
guided,Cc1c(N[C@H](C)c2cccs2)c(=O)n(-c2ccccc2)n1C,-5.84670352935791
guided,CC/C(C)=N\NC(=O)C(=O)N/N=C/c1cccc(C)c1,-0.7436833381652832
guided,C/C(=N\OCC(=O)Nc1ccccc1C)c1ccc(F)cc1,-4.0942230224609375
guided,COc1ccccc1OCCCOc1cc(=O)[nH]c2cc([N+](=O)[O-])ccc12,-0.9243969321250916
guided,COC(=O)C1=[S+]c2ccccc2/C1=C(/[O-])OC,-2.4920506477355957
guided,[CH2+][C+]([O-])N(C)[C-]([O-])[CH+][C+]([N-][CH-]C(C)C)[c+]1[cH-][cH+][c-](Cl)[cH+][cH-]1,-2.1809403896331787
guided,Cc1ccc(S(=O)(=O)N(CC(=O)Nc2ccc([N+](=O)[O-])cn2)C2CCCCC2)cc1,-0.9344354271888733
guided,Cc1nn(Cc2ccccc2)c(C)c1C(=O)N1CCC(C(=O)c2ccc(F)cc2)CC1,-4.2588701248168945
guided,O=C(COC(=O)c1c[nH]c(=S)n1-c1c[c-]ccc1)Nc1ccccc1Cl.[H+],-2.025251865386963
guided,O=C(N/N=C/C=C/c1ccco1)c1ccccc1,-3.2262227535247803
guided,CN1/C(=C/C(=O)c2ccc3nccn3c2)Sc2ccccc21,-5.945967197418213
guided,CN([C@H]1CCS(=O)(=O)C1)S(=O)(=O)c1ccc2c(c1)C(=O)c1ccccc1CC2,-0.550551176071167
guided,C/C(CC(=O)NCc1ccc(F)cc1)=N\NC(=O)c1ccoc1C,-0.9396993517875671
guided,O=C(/C=C/n1cnc(=S)n1-c1ccccc1)OCC(=O)c1ccc(Br)cc1,-2.8827788829803467
guided,COc1ccc(/C=C/C(=O)Nc2cc(-c3ccccc3)c(C(=O)O)cn2)cc1,-1.5833245515823364
guided,O=S(=O)(Nc1ccc(OC(F)F)cc1)c1ccc2ncccc2c1,-2.3607466220855713
guided,C/C(CC(=O)Nc1ccccn1)=N\NC(=O)[C@H](O)c1ccccc1,-0.3183494210243225
guided,CCOc1cc(C(=S)N2CCCC2)ccc1OCC(=O)Nc1ccccc1CC,-4.740869522094727
guided,[O-][c+]1[c+](NOCCO)[n-][c+](-[c+]2[cH-][cH+][cH-]s2)[c+]2[nH][n-][n-][c-]1-2,-0.32497742772102356
guided,CC(NC1CCCCC1)=C(C#N)C#N,-2.748120069503784
guided,COCNC(=S)N1CCCCCC1,-7.655815124511719
guided,O=C(CCn1c(=O)oc2ccccc21)Nc1ccc2c(c1)OCO2,-0.8026618361473083
guided,CCOC(=O)c1c(NC(=O)COc2cccc(NC(N)=O)c2)sc(C)c1C,-0.8124703764915466
guided,O=C(Nc1ccc(Cl)cc1Cl)N1CCC2(CC1)OCCO2,-4.063807010650635
guided,CCOc1ccc(CN(C)C(=O)[C@@H](C)Sc2ncn[nH]2)cc1Br,-1.9332295656204224
guided,CCOc1ccc(N2CCN(C(=O)c3ccccc3F)CC2)cc1,-6.507058620452881
guided,S=C(NCc1ccco1)N1CCn2cccc2[C@H]1c1ccccc1,-6.647454738616943
guided,C=C(Cl)COC(=O)c1ccc(Oc2ccc([N+](=O)[O-])cc2)cc1,-2.2427053451538086
guided,Cc1ccccc1OCCOc1ccc2c(c1)CCC2,-9.679502487182617
guided,CCCOC(=O)Nc1ccc2c(c1)n(C)c(=O)n2C,-1.898827314376831
guided,COc1cc(C)ccc1OC[C@@H](O)CN1CCN(S(=O)(=O)c2ccc(Cl)cc2)CC1,-1.036921739578247
guided,Cn1ccnc1C(=O)c1ccc2c(c1)CCN2C(=O)C1CC1,-2.9336960315704346
guided,C[C@@H]1CCC[C@@H](NC2=NC[C@H](C)S2)C1,-8.00653076171875
guided,CCC(=O)Nc1ccc(/C(=N\c2ccccc2)Oc2ccccc2)cc1,-5.470281600952148
guided,Cc1ccc(N/C(=N/S(=O)(=O)c2cccs2)c2ccccc2)c(C)c1,-4.0458197593688965
guided,O=C(Cn1c2ccc(O)cc2c2nc3n(c(=O)c21)CCS3)NC[C@H]1CCCO1,-0.3036920130252838
guided,COc1ccccc1C(=O)NCCSc1ccc(C)cc1,-5.803925037384033
guided,CCOc1ccc(-n2c(C)cc(C(=O)CCl)c2C)cc1,-7.3032755851745605
guided,CCOC(=O)N1CCN(C(=O)C2CCN(Cc3c[nH]c4ccccc34)CC2)CC1,-1.8854821920394897
guided,O=C(N[C@@H](C(=O)c1cccs1)N1CCCCC1)c1ccco1,-2.4299683570861816
guided,Cn1c(=O)c2c(nc(CN3CCC(C(N)=O)CC3)n2CCCO)n(C)c1=O,-0.33332544565200806
guided,Cc1ccccc1NC(=S)N(CCCN1CCOCC1)Cc1nc2ccccc2c(=O)[nH]1,-1.6852048635482788
guided,Cc1ccc(CS(=O)(=O)c2ncc(Cl)c(C(=O)NCc3ccccc3Cl)n2)cc1,-1.5386704206466675
guided,[H+].[H]/N=c1/c(C(=O)NCCCO)cc2c(=O)n3cccc(C)c3nc2n1[CH-]CCOC,-0.2891375422477722
guided,CC(=O)c1ccc([C@@H]2NC(=O)NC(C(=O)OC(C)C)=C2C)cc1,-0.9466325640678406
guided,CCC(=O)OCC(=O)N1c2ccccc2Sc2ccccc21,-4.8068156242370605
guided,N[P@](=O)(OCCCc1ccc(Cl)cc1)Oc1ccccc1Cl,-4.2300543785095215
guided,Cc1nn(Cc2cccc(C(=O)NC(C)(C)C)c2)c(C)c1Br,-4.877795219421387
guided,Fc1cccc(CN2CCn3c(nc4ccccc43)C2)c1,-8.663750648498535
guided,O=C(CN1CCCc2ccccc21)c1ccc2c(c1)OCO2,-5.483035564422607
guided,COC(CNC(=O)c1ccc2nccnc2c1)OC,-1.1852085590362549
guided,O=P(=[OH+])/C=C/c1ccccc1.[CH2-]COCP(=O)(O)O,-0.6918662786483765
guided,Nn1c(COc2ccc(Cl)cc2)n[nH]c1=S,-1.7206803560256958
guided,CC(C)[C@]1(O)N=C(c2cccs2)[C@@H](C)N1,-4.337175369262695
guided,NS(=O)(=O)c1cccc(C(=O)[O+]2CC([O-])=C3[C-](Cl)c4ccccc4[S@SP1+]32)c1,-0.3157676160335541
guided,N#Cc1ccc(COC(=O)CC2CCCCC2)cc1,-4.316600322723389
guided,Fc1ccc(Cn2nnnc2CN2CCN(C3CCCCC3)CC2)cc1,-3.709275722503662
guided,Nc1ccc(S(=O)(=O)N2CCc3ccccc3C2)cc1,-2.106032133102417
guided,N/C(Cc1ccc([N+](=O)[O-])cc1)=N\OC(=O)CSc1ccc2ccccc2c1,-1.3306646347045898
guided,[O-][C+](OC[C-](O)N[c+]1[n-][c+](-[c+]2[cH-][cH+][cH-][cH+][cH-]2)[cH-][c+]([O-])[nH]1)[c+]1[cH-][cH+][c-]2[c+]([cH-]1)OCCO2,-0.28318682312965393
guided,COCCCNc1ncnc2sc(C(C)(C)O)cc12,-1.9211757183074951
guided,[O][C]1[C][C]([NH+]C2CCCCC2)N([CH][N][C]2[CH][CH][CH][CH][CH]2)[C]([S+]C[C]([O])N[C]2[CH][CH][C](Cl)[CH][CH]2)[N-]1,-0.7755491733551025
guided,CCN(c1ccccc1)S(=O)(=O)c1ccc(C(=O)N(CC(C)C)c2ccc3ccccc3n2)cc1,-4.149700164794922
guided,O=C(NNC1=NCCC1)c1cccs1,-3.0959484577178955
guided,CCCNc1nc(N2CCN(Cc3cccc(C)c3)CC2)nc2ccccc12,-5.268346309661865
guided,O=[P@@](O)(OCCCS)Oc1ccccc1,-3.067028045654297
guided,COc1ccc(C2=Nn3c(nnc3-c3cc(C)[nH]n3)SC2)cc1,-0.9891626834869385
guided,O=C(c1ccc(Cl)c(S(=O)(=O)N2CCOCC2)c1)N(Cc1cccs1)[C@@H]1CCS(=O)(=O)C1,-0.5273241400718689
guided,O=[N+]([O-])c1cc(CCn2cnc3ccc(C(F)(F)F)cc32)c2c(c1)COCO2,-2.0230631828308105
guided,C[C@@H](C(=O)Nc1cccc2cccnc12)c1cc(C(F)(F)F)ccn1,-4.204671859741211
guided,Cc1cc(C)nc(N2CCC[C@H](C(=O)N3CCN(Cc4ccc(OC(F)F)cc4)CC3)C2)n1,-2.7476820945739746
guided,CC[C@H]1[S+]=C(N2CCN(Cc3cccs3)CC2)N=C1[O-],-4.589003086090088
guided,O=[N+]([O-])c1ccc(S(=O)(=O)NCc2cccs2)cc1,-0.6409550309181213
guided,CN(CC(=O)Nc1ccc(Cl)c(S(=O)(=O)N(C)C)c1)CC(=O)Nc1ccccc1C(=O)c1ccccc1,-0.9074596166610718
guided,COc1ccc2c(c1)[nH]c1c(=O)n(/N=C/[C@@H]3[C@@H](C)C[C@H](C)C3(C)C)c(=O)[nH]c12,-1.074381947517395
guided,COc1ccc2c(c1)cc(C(=O)N[C@H](Cc1ccccc1)C(=O)O)n2C,-1.0182058811187744
guided,C[c-]1[n-][c+](N[C-]2[N-][c+]3[cH+][cH-][cH+]n(C[c+]4[cH-][cH+][cH-][cH+][cH-]4)[c-]3O2)[n-][cH+][c+]1[C-]([O-])N[C+]1[CH+][CH-][CH+][C-](F)[CH+]1,-0.8764247298240662
guided,CC[C@@H](C)C(=O)[C@@H]1CCC(C)(C)C(=O)C1,-6.440286159515381
guided,CCN(CC)[P@](=O)(Oc1ccccc1)Oc1ccccc1F,-6.711999893188477
guided,O=C(NOC(=O)c1ccccc1)c1ccc(S(=O)(=O)NCc2ccco2)cc1,-0.47913771867752075
guided,CCC[C@@H]1S/C(=N\N=C\c2cccs2)N(c2ccc(OC)cc2)C1=O,-4.331295490264893
guided,COc1cc2nc(Cl)nc(N3CCCCC3)c2cc1OC,-4.383358955383301
guided,N#Cc1ccc(C(=O)CSc2cc(C(F)(F)F)c3ccccc3n2)cc1,-5.027354717254639
guided,COc1cc(/C=N/NC(=O)c2cccnc2)cc2c1OCCSC2,-1.469288945198059
guided,CCOCC(=O)/N=c1\sccn1Cc1ccc(F)cc1,-4.480940818786621
guided,[CH2-]N([c+]1[cH-][cH+][cH-][cH+][c-]1O[C+]([O-])[c+]1[cH-][c+]2[cH-][cH+][cH-][cH+][c-]2o[c+]1[O-])[C-]([O-])[C+]1[CH+][CH-][CH+][CH-][CH+]1,-0.4135976731777191
guided,CCOc1ccc(O)c(Oc2ccc(/C=N/n3cnnc3)cc2OCC)c1,-1.149457573890686
guided,CCCCN(CCCC)CCNC(=O)c1csc2ccccc12,-7.546942710876465
guided,Cc1ccc(S(=O)(=O)N(c2ccccc2)[C@H]2CCS(=O)(=O)C2)cc1,-1.5529494285583496
guided,[H]/N=C(\c1cc(C(F)(F)C(F)F)[nH]n1)N(C)[C@H](C)c1ccccc1,-3.7968218326568604
guided,CC[C@@]12C(=O)N(c3ccc(C)cc3)C(=O)N1[C@H](c1ccc(Br)cc1)[C@@H]1C(=O)N(C(C)(C)C)C(=O)[C@@H]12,-2.7862370014190674
guided,Clc1ccc(SCc2nc3ccccc3[nH]2)cc1,-8.201923370361328
guided,Brc1ccccc1/C=N/N1CCCCC1,-9.941818237304688
guided,CC1CCN(CCCCOc2ccc(Br)cc2)CC1,-11.312281608581543
guided,O=C(COC(=O)CCc1nc2ccccc2s1)NC1CC1,-1.6562433242797852
guided,OCC1CCN(Cc2cccc(OCc3cccc4ccccc34)c2)CC1,-7.559001445770264
guided,NNC(=O)Cn1cccc1,-2.4344675540924072
guided,[O][C]1N[C]([O])N(C[C+]2[CH][CH][CH][CH][CH]2)[C](O)[C]1[CH][N]N[C]1[CH][CH][CH][C](N([O-])[O-])[CH]1,-0.5139077305793762
guided,COC(=O)C1=CN(c2ccccc2C(F)(F)F)C=C[C@@H]1OC,-5.5618062019348145
guided,O=C(COC(=O)[C@H](Cc1ccccc1)NC(=O)c1ccc(Cl)cc1)NCc1ccco1,-0.8326193690299988
guided,O=C(CC/C=C/c1ccccc1)N1CCN(c2ncccn2)CC1,-3.777156352996826
guided,O=C(c1ccc(P(=O)(c2ccccc2)c2ccccc2)o1)N1CCN(c2ncccn2)CC1,-1.10648512840271
guided,[O][C]1[C][C](CN2CCN([C]3[CH][CH][C](F)[CH][CH]3)CC2)[N][C]2[S+][CH][CH]N12,-4.476013660430908
guided,COc1ccc(NC(=O)COc2ccc(C#N)cc2)c(OC)c1,-1.0094621181488037
guided,S=C(c1cc(Oc2ccccc2Cl)ccc1Cl)N1CCCC1,-12.48653793334961
guided,CCCc1nc(-c2nc(C)cs2)cc2c1C(=O)OC2,-3.791334867477417
guided,O=C(CCC(=O)Nc1ncccn1)NCc1ccc(F)cc1,-0.6682902574539185
guided,Clc1ccc(OCCCN2CCCCC2)c(Br)c1,-11.356209754943848
guided,N/C(=N\OC(=O)c1cccn(Cc2ccc(F)cc2)c1=O)c1ccc(F)cc1,-0.8765678405761719
guided,CN([CH-][C+](F)[C-]1N[CH+][N-][CH-][C+]1Br)[c+]1[cH-][c+]2[cH-][cH+][cH-][cH+][c-]2[c+]2[cH-][cH+][cH-][cH+][c-]12,-9.382577896118164
guided,CC[C@H](C)NC(=O)OCc1ccccc1,-5.483441352844238
guided,CC(C)/C=C(/[O-])NCc1ccccc1.CCP(#[O+])C(C)C,-3.9204471111297607
guided,CN(C)C(=O)c1ccc(-n2cccn2)nc1,-3.368211507797241
guided,C=[S+]Cc1[c-]c(NC(=O)CCCOc2ccc(OC)cc2)n(C(C)(C)C)n1,-2.383807420730591
guided,COc1cc2c(cc1OC)[C@H](c1cc(Cl)ccc1OC)NC(C)(C)C2,-6.256916046142578
guided,[C-3][C+]([O-])[CH-][C+](N[c-]1[cH+][cH-][cH+][c-]2[cH+][cH-][cH+][cH-][c+]12)[c-]1[cH+][cH-][cH+][c-](N([O-])[O-])[c+]1O,-0.7890987992286682
guided,S=C(SCCOc1ccc(Br)cc1)N1CCCCC1,-11.32852554321289
guided,COc1cccc2c(C(=O)[C@H](c3ccc([N+](=O)[O-])cc3)N(C)c3ccc(C)cc3C)c[nH]c12,-3.247553586959839
guided,O=C(NO)c1cnc(N2CCN(S(=O)(=O)c3ccc(Cl)cc3)CC2)nc1,-0.30333513021469116
guided,Fc1ccccc1NNc1cccc2ncccc12,-6.248966693878174
guided,Cl[c-]1[cH+][cH-][c+](S[C][CH+][C-]([CH+][c-]2[cH+][cH-][c+]3[cH-][cH+][cH-][cH+][c+]3[n-]2)S[C-]2[N-][CH+][N-]N2)[cH-][cH+]1,-6.543880939483643
guided,CN(C)S(=O)(=O)N1CCN(S(=O)(=O)N(C)C)CC1,-0.9525355100631714
guided,CC(=O)N1CCN=C1SCC(=O)N/N=C/C=C\c1ccco1,-0.5623207688331604
guided,Cc1cnc(NS(=O)(=O)c2cccc(C#N)c2)c(Br)c1,-1.103255033493042
guided,O=C(Cc1ccccc1)c1c[nH]c(C(=O)NCCc2cccs2)c1,-2.8540961742401123
guided,[O][C](NNS([O])([O])[C]1[CH][CH][C](N([O-])[O-])[CH][CH]1)C1C[C+]([C]2[CH][CH][CH][C](Br)[CH]2)[N]O1,-0.6407049894332886
guided,O[C@H](COc1cc(Cl)c(Cl)cc1Cl)CN1CCN(c2ccccn2)CC1,-4.382309913635254
guided,O=C(CSc1ccccn1)Nc1ccccc1CO,-2.2394306659698486
guided,[CH2-]O[N-][C+]1[C+]([C][O-])[C-](N[C+]([O-])[C+]2[CH+][CH-][CH+]O2)[CH+][C+]([O-])N1CCN1CCOCC1,-0.47024765610694885
guided,COc1cccc(Sc2cc(C)nc3ccc(OC)cc23)c1,-7.837934970855713
guided,CCCCN(CCCC)C(=O)/C(=C/c1ccco1)NC(=O)c1ccco1,-2.2328691482543945
guided,COc1ccccc1NC(=S)N1CCN(c2nc(C)cc(C)n2)CC1,-3.2854466438293457
guided,S=C(NCc1ccco1)N1CCn2cccc2[C@H]1c1cccnc1,-4.38294792175293
guided,COc1ccc(S(=O)(=O)Nc2ccccc2C(=O)O)cc1,-0.5205082297325134
guided,[CH2-]COCCOCCOC[C@H](O)CS(=O)#[O+],-0.7751789689064026
guided,Nn1c(SCc2ccc(Cl)c(Cl)c2)nnc1C1CCCCC1,-4.3857951164245605
guided,CO[C+]([O-])[C-]1[C+]([C][N-2])Cn2[c+]3[c-](n([P-]C)[c+]2[C+]1[C+]([O-])[c+]1[cH-][cH+][cH-][cH+][cH-]1)[CH+][CH-][CH+][CH+]3.C[C]C.[H+],-1.062010645866394
guided,COCCN(CCc1ccccc1)CC(=O)Nc1ccccc1C(=O)NC1CC1,-1.6643836498260498
guided,Cc1cc(C)c2c(NC(=S)NC(=O)c3ccc(Br)cc3)n[nH]c2n1,-1.4743961095809937
guided,[CH2+]CCC/N=c1\[cH-]c(C(=O)NO)c(C)cc1C,-2.3005809783935547
guided,S=c1[nH]c(-c2cccc3ccccc23)cn1-c1cccc2ccccc12,-11.968695640563965
guided,O=C(/N=C1\S[C@@H]2CS(=O)(=O)C[C@@H]2N1Cc1cccs1)c1cccs1,-2.0524399280548096
guided,O=S(=O)(Cc1ccc(Cl)cc1)c1ccc(NC2CC2)nc1,-3.073579788208008
guided,COC(=O)N[C@@H](c1ccccn1)[C@@H](c1ccccc1)[C@@H](O)CCC[C@H](C/C=C\C[CH-]C(C)C)OC.[H+],-4.022373676300049
guided,N#CCCN(C(=O)COC(=O)COc1cccc2ccccc12)c1ccccc1,-1.6914879083633423
guided,O=C(Cc1ccc(F)cc1)N[C@H](C(=O)O)c1nc(-c2ccc(F)cc2)no1,-0.5718127489089966
guided,CCOc1cc(C(=S)N2CCCC2)ccc1O,-6.355008125305176
guided,CCOc1ccccc1N1CCN(Cc2ccccc2)CC1,-9.842459678649902
guided,C[C@H]1CC[C@H](n2nc(Cl)nc2Nc2ccc(Cl)c(C(=O)O)c2)CC1,-2.623414993286133
guided,N/C(=N\OCc1ccccc1NC(=S)Nc1ccccc1Cl)c1ccccn1,-2.0176749229431152
guided,CCOC(Cn1cc(C)c(=O)[nH]c1=O)OCC,-1.3320996761322021
guided,Cc1ccc(C)c(NC(=O)COC(=O)CNC(=O)c2ccccc2)c1Cl,-1.0033737421035767
guided,O=[N+]([O-])c1cc(Cl)ccc1N1CCN(c2cccc(C(F)(F)F)c2)CC1,-5.10715913772583
guided,O=[N+]([O-])c1cc(C(F)(F)F)ccc1Nc1cc(S(=O)(=O)N2CCOCC2)ccc1N1CCCC1,-1.4059010744094849
guided,O=C(c1ccccc1)c1cnc(-c2ccccc2)n(Cc2ccco2)c1=O,-2.7373571395874023
guided,COc1ccc(S(=O)(=O)N2CCn3c2nc2ccccc23)cc1,-2.0088071823120117
guided,O=C(CN1C(=O)[C@@H]2[C@H](C1=O)[C@H]1C=C[C@@H]2C1)NCCc1ccccc1Cl,-1.8339439630508423
guided,Oc1ccccc1Cc1[nH]c2ccccc2c1-c1ccccc1,-7.57316255569458
guided,CCC(=O)NNc1cc(=O)c2c(=O)n(C)c(=O)n(C)c2[nH]1,-0.37786439061164856
guided,F[C-]1[CH-][C+]2[CH-][CH+]C1OCCOCCOCCOCCOCCO2,-3.0408318042755127
guided,Cc1noc(/C=C/c2ccccc2)c1NC(=O)N1CCN(C(c2ccccc2)c2ccccc2)CC1,-5.318962097167969
guided,NS(=O)(=O)c1ccc(N2CCCCC2)nc1,-1.0721161365509033
guided,Clc1nc(CN2CCOCC2)nc2sc3c(c12)CCCC3,-5.626951217651367
guided,OC[C@]1(C2CCCCC2)CCCN(Cc2ccc3c(c2)OCCO3)C1,-5.432187557220459
guided,[CH2+][c+]1[cH-][cH+][cH-][cH+][cH-]1.[O-][P-]CCCO,-4.4385294914245605
guided,CO[c-]1[cH+][cH-][cH+][cH-][c+]1N[CH-][N-]C([S-])N[C+]1[CH+][CH-][CH+][c-]2[cH+][n-][cH+][cH-][c+]21,-2.5277862548828125
guided,COCC(=O)OCC(=O)Nc1cc(C(=O)OC)ccc1C,-0.425921767950058
guided,COc1c(Cl)cc(Cl)cc1CNCCN[C@H](C)c1ccn[nH]1,-2.7591254711151123
guided,CCC(=O)N(Cc1cccs1)[C@@H]1CCS(=O)(=O)C1,-3.016838312149048
guided,Cc1cc(C)c2sc(N(CCCN(C)C)C(=O)CN3C(=O)c4ccccc4C3=O)nc2c1,-1.8618488311767578
guided,C=C(C)Cn1c(SCc2nccc3ccccc23)nnc1-c1ccc(-c2cc(Cl)ccc2Cl)o1,-8.575450897216797
guided,O=C1CCCC(c2cccs2)=N1,-6.824728012084961
guided,COc1cc(-c2cc(C(=O)c3ccc(O)cc3O)no2)ccc1O,-0.6350535750389099
guided,O=c1c2c(nc3nc(NCCN4CCOCC4)[nH]n13)CCC2,-0.5529648065567017
guided,N/C(=N\OCC(=O)Nc1ccccc1-c1ccccc1)c1ccccn1,-0.87370365858078
guided,COc1cccc(OC)c1NC(=O)COC(=O)c1nc2nccc(C)n2n1,-0.22639605402946472
guided,O=[N+]([O-])c1ccc(N2CCN(c3ccc(O)cc3)CC2)cn1,-0.8168260455131531
guided,CN(C)CCNC(=O)C[C@H]1C(=O)NCCN1Cc1ccc(F)cc1,-1.880505919456482
guided,C[C+]1CC(C)(C[CH-]O)C(CC[CH+]C[C-](C)[O-])[CH+][CH-]CC12CCCCC2,-7.245782375335693
guided,Cc1ccc(N2C(=O)NC(=O)/C(=C/NCCCn3ccnc3)C2=O)cc1,-0.31841790676116943
guided,COc1ccc(CN(C(=O)CN(C)S(=O)(=O)c2ccc(OC)cc2)C(C)(C)C)cc1,-1.563926339149475
guided,CC(C)(Oc1ccc(Cl)cc1)C(=O)O/N=C(\N)c1ccncc1,-0.8996918201446533
guided,CN(C)c1ccc(P([O-])OCc2ccccc2)cc1.[H]/[O+]=C\c1ccc(OC)cc1,-2.4310379028320312
guided,Cl[C][CH+]S[C-]1[N-]CCN1[c+]1[n-][c+]2[cH+][cH-][cH+][cH-][c+]2[c-](N[CH+][CH+]CN2CCSCC2)[n-]1,-3.2714943885803223
guided,Cc1ccc2c(-c3ccc(O)cc3)n[nH]c2c1,-4.2328691482543945
guided,[H]/[O+]=C\[C@H](O)[C@H](OP(=O)(O)O)[C@@H](OP(=O)(O)O)[C@@H](OP(=O)(O)O)[C@@H]([CH-]OP(=O)(O)O)OP(=O)(O)O,-0.527107298374176
guided,CN(C)c1nnnn1-c1ccccc1Oc1ncc(C(F)(F)F)cc1Cl,-2.352238893508911
guided,COc1cccc2cc(C(=O)Nc3sc(C)c(C)c3C)/c(=N/CC3CCCCC3)oc12,-5.198375225067139
guided,CC(C)OCCCNC(=O)C(=O)c1c[nH]c2ccccc12,-1.5493463277816772
guided,S=c1[nH]c2ccccc2n1CCOc1ccccc1,-7.379471302032471
guided,CNNC(=S)N[C@@H](C)CCc1ccco1,-3.6461024284362793
guided,CC(=O)Oc1cc([N+](=O)[O-])c(Nc2ccc(Cl)c(Cl)c2)cc1C,-2.642338991165161
guided,Cc1ccc2c(c1)-c1nc(OCCC#N)ncc1CO2,-1.9170479774475098
guided,NC(=O)NCCCC(=O)OCC(=O)CCC(F)=C(F)F,-0.5116101503372192
guided,CC(=O)Oc1cc(/C=C(\C#N)c2nc3ccccc3[nH]2)cc2c1OC[C@H](OC(C)=O)C2=O,-0.7882618308067322
guided,[CH][C]C1[CH+][C+]([C+]([CH-]N[c+]2[cH-][cH+][cH-][c+](O)[cH-]2)[C+]([CH2+])[O-])[N-]O1.[H+],-0.9701024293899536
guided,CCCCCS[C@@H](O)C[C@H](C)N(C)CCCN(C)C,-7.612550735473633
guided,S=c1[nH]nc(-c2cccs2)n1C[C@H]1CCCO1,-4.8776421546936035
guided,FCCCO[C-]1[CH+][C][C+]([C-]2CN[C+]3[CH-][CH+][CH-][CH+][C+]3[N-]2)[CH-][CH+]1,-6.095734119415283
guided,CC(=O)c1c(C)nn(Cc2ccc(C)cc2)c1C,-6.206433296203613
guided,O=[N+]([O-])c1cccc(F)c1,-4.6042985916137695
guided,CCOc1ccccc1N1CCOCC1,-8.100544929504395
guided,CCOc1ccc(CNc2cccc(C(=O)NCc3ccccc3)c2)cc1,-4.97969388961792
guided,O=C(c1cccs1)N1CCC(n2nnc3ccccc32)CC1,-3.7637991905212402
guided,COCCCNc1nc2ccccc2n1Cc1ccccc1,-5.694685935974121
guided,COc1ccc(/C(C)=N/NC(=O)CNC(=O)COc2ccccc2)cc1F,-0.502652645111084
guided,CO[c-]1[cH+][cH-][c+](N[C-]([O-])C[O+]2CCC3CC(CC[C+]3[O-])[C+]2[O-])[cH-][cH+]1,-0.40192580223083496
guided,CC(=O)[C@@H](Cn1cncn1)[C@@H](Sc1ccc(C)cc1)c1ccccc1,-5.057510852813721
guided,CO[C]1[CH][CH][C-][C](C(C)(C)CC(C)[N-][C+]([O])C[C]2[CH][CH][C](F)[CH][CH]2)[CH]1,-6.467355728149414
guided,C#Cc1ccc([C@H]2C=C(C(=O)OCC=C)O[C@@H](OCc3ccc(CO)cc3)C2)cc1,-2.833818197250366
guided,CCC(=O)Nc1ccc(-c2cc(C)no2)cc1,-3.310826539993286
guided,[CH2+]CN(CC[CH+]O[C][S-])[C+]([S-])NCC1CCCO1,-5.941257476806641
guided,[N][C][C][CH][N+]1[CH][CH]C([C]2[CH][CH][CH][CH][CH]2)CC1,-7.006757736206055
guided,Nc1c(Cl)cnc(CO)c1C(=O)O,-0.525897204875946
guided,[CH2-]CCCCCC/C=[NH+]/C(=O)/C=C/C(=O)O,-1.742733359336853
guided,[O][C](CO[C+]1[CH][CH][CH][CH][CH]1)NC[C]1[N][C]2[CH][CH][C](N([O-])[O-])[CH][C]2N1,-0.5328503251075745
guided,O=C1C(=O)N(CCS(=O)(=O)c2ccc(F)cc2)c2ccccc21,-1.41548490524292
guided,C[C@@H](OC(=O)c1cccs1)[P@@](=O)(O)c1ccccc1,-2.3673923015594482
guided,CC(C[CH+][CH][C]1[CH][CH][CH][CH][CH]1)N1[C]([O])[C]2[CH][CH][CH][C](N([O-])[O-])[C]2[C]1[O],-0.904519259929657
guided,CO/C1=N/c2ccccc2/C=C\C(=O)O1,-3.8461856842041016
guided,COc1ccc(CCN(Cc2ccccn2)C(=O)Nc2ccccc2)cc1OC,-3.2569215297698975
guided,S=C1N(c2ccc(Cl)cc2)[C@@H](c2ccccc2)N2C=CC=CN12,-12.204672813415527
guided,CCn1ccc(=O)n(-c2cccc(C)c2)c1=S,-7.3824920654296875
guided,N[P@@](=O)(OCCCc1ccc(F)cc1)OC1CCCCC1,-3.482316732406616
guided,[O-][C+](CN1[C+]([O-])[C+]2[CH-][CH+][C][N-][CH+][CH+][C][C+]2[C-]1[O-])NC[c-]1[cH+][cH-][cH+][n-][cH+]1,-0.3398164212703705
guided,O=C1C2=CC3=C[CH-]C=C[C@@]34[N@@H+]1[S@+]4[C-](NCc1ccccc1)NCc1cccc(c1)CNC(=S)NC2,-1.4968873262405396
guided,NC(=O)C1CCN(Cc2cc(C(F)(F)F)ccc2NC(=O)CCSc2nc(-c3ccco3)cc(C(F)(F)F)n2)CC1,-2.8706674575805664
guided,O=S(=O)(NCC1CCOCC1)c1ccc(OC(F)F)cc1,-2.046712636947632
guided,NS(=O)(=O)c1ccc(CNS(=O)(=O)c2ccc(F)cc2)cc1,-0.35025012493133545
guided,COc1ccccc1N1CCN(C(=O)c2cccc(Br)c2)CC1,-6.627394199371338
guided,CCOc1ccccc1-c1n[nH]c(=S)n1Cc1ccccc1,-5.528437614440918
guided,[O-]N([O-])[C]1[CH][CH][CH][CH][C]1CN1CCC(CO)(CCC[C+]2[CH][CH][CH][CH][CH]2)CC1,-1.9903290271759033
guided,C/C(=N\NC(=O)Cc1ccccc1)c1ccc(F)cc1,-5.051723003387451
guided,Nc1cc(S(N)(=O)=O)ccc1O,-0.4458478093147278
guided,CCOc1ccc2ccccc2c1C(=O)Nc1nccs1,-4.289255142211914
guided,COc1ccc(/C=C(/C(C)=O)c2nc3ccccc3s2)cc1C,-6.5943450927734375
guided,CCC1=N[P@](SC(C)C)(c2ccccc2)=NC2=C1C(=O)c1ccccc1C2=O,-5.15241003036499
guided,NS(=O)(=O)c1ccc(CNC(=O)CN2C(=O)[C@@H]3[C@H](C2=O)[C@H]2C=C[C@@H]3C2)cc1,-0.3762250244617462
guided,O=C=C/C(=[NH+]\NC(=O)Cc1ccccc1)C1([O-])CCCCC1,-0.6767100095748901
guided,CC[C@@H](C)C/C(O)=C\C[C@]1(C)c2ccccc2N[C@H]1OC,-6.255312442779541
guided,Cc1oc(-c2ccc(Br)o2)nc1CN1CCCCC1,-5.616611480712891
guided,O=c1sc(-c2nncn2-c2cccc(Br)c2)c(Cl)n1Cc1ccco1,-3.0511457920074463
guided,O=S(=O)(NC[C@H]1CCCN1S(=O)(=O)c1cnc(Cl)c(Br)c1)c1ccccc1,-0.6454182863235474
guided,CN(CCOc1ccc(Cl)cc1)CC(=O)Nc1ccc(OC(F)F)cc1,-4.298692226409912
guided,O=C(O)c1coc2c(ccc3ccccc32)c1=O,-1.958499789237976
guided,C[C@H](C(=O)NCCOc1ccc2ccccc2c1)n1nnc2ccccc2c1=O,-0.8216649293899536
guided,CCC(=O)NC(=S)Nc1cc(OC)c([N+](=O)[O-])cc1OC,-0.4413030445575714
guided,O=C(C1CC1)N1CCN(S(=O)(=O)N2CCC[C@@H](CO)C2)CC1,-0.9824517369270325
guided,NC(=O)c1cc(-c2ccccc2)nn1Cc1ccccc1,-2.5609261989593506
guided,Cc1ccccc1CN1CCN(Cc2cc3ccccc3o2)C[C@@H]1CCO,-5.7643327713012695
guided,CC[C]([N]N[C]([O])[C]1[CH][CH][C](CN2[CH][C](Br)[C](N([O-])[O-])[N]2)O1)[C+]1[CH][CH][C](Br)[CH][CH]1,-0.8522605895996094
guided,COc1ccc(O)c(C(=O)c2c(N3C[C@@H](C)O[C@@H](C)C3)c3cc(Cl)ccc3n(C)c2=O)c1,-1.6159110069274902
guided,CCCCS(=O)(=O)CCCN1CCCCC1,-5.520306587219238
guided,COc1ccc(-n2ncc([C@@H](C)NS(=O)(=O)c3ccc(F)cc3)c2C)cc1,-1.8610754013061523
guided,OCc1ccc(N2CCN(c3ccc(O)cc3)CC2)cc1,-4.022783279418945
guided,Clc1cc(Cl)cc(N2/C=N\[C]/C=C\C=[C-]\N[C+]3=C4C(=CC=C3)[C@H]42)c1,-8.471475601196289
guided,[N-2][C][C+]1[C+]([N-]CC[c+]2[cH-][cH+][cH-]s2)[C+](N([O-])[O-])SC12[C-]1[N-][NH+]12,-0.4360862672328949
guided,CCOc1ccccc1[C@@H]1C=C(c2ccc(C)cc2)Nc2nc(N)nn21,-1.721454381942749
guided,O=S(=O)(c1cccc2nonc12)N1CCCCC1,-1.0570613145828247
guided,S[C-]1CCN(C[c+]2[cH-][cH+][cH-][cH+][c-]2Cl)CC1,-12.813830375671387
guided,O=C(CCN1C(=O)c2ccccc2C1=O)NNC(=O)Nc1cccc(F)c1,-0.34601595997810364
guided,CCCNC(=O)NS(=O)(=O)c1ccc(=O)[nH]c1C,-0.44608113169670105
guided,COc1cccc([C@@H]2CCCC[C@H]2C(=O)Nc2ccc(SC(F)F)cc2)c1,-8.018465995788574
guided,CC(=O)Nc1cc(C)c([N+](=O)[O-])cc1Br,-1.6913198232650757
guided,CN1[C](CO[C]2[CH][CH][C](N([O-])[O-])[CH][CH]2)[N][N][C]1SC[C+]([O])N[C]1[CH][CH][CH][CH][C]1C(F)(F)F,-0.624056339263916
guided,O=C(O)CCCC(=O)NCCCCCC(=O)c1ccc2c(c1)OCO2,-0.6511924266815186
guided,CCC(C)(C)C(=O)O,-5.592402935028076
guided,CCCc1c(C(=O)N/N=C/c2cc([N+](=O)[O-])ccc2O)nnn1-c1nonc1N,-0.35477104783058167
guided,CC1=[S+]C(NC(=O)CN2CCCCC2)=NC1=c1ccc(=C([O-])O)cc1,-0.5183983445167542
guided,CC(C)CCNC(=O)COC(=O)c1nn(C)c(=O)c2ccccc12,-0.40752676129341125
guided,O=C(COc1cccc(Cl)c1)NCCCCCCCCCCCCCCCP(=O)(O)O,-3.6181204319000244
guided,CCOC(=O)CNC(=O)[C@@H](NC(=O)c1ccccc1F)c1ccccc1,-0.713742733001709
guided,COc1ccc2sc(N3CCN(S(=O)(=O)N(C)C)CC3)nc2c1,-1.7137880325317383
guided,C[C@H](OC(=O)c1cccs1)C(=O)NCc1ccc2c(c1)OCO2,-1.3688600063323975
guided,O=C(O)c1cc(-n2nnnc2SCc2ccc3c(c2)OCO3)ccc1Cl,-0.8531346321105957
guided,CC(=O)Oc1cc(O)c(C(C)=O)cc1SCc1ccc(C(=O)O)o1,-0.890942394733429
guided,COC(=O)c1ccc(C(=O)NNC(=O)Nc2ccc([N+](=O)[O-])cc2)cc1,-0.4197675585746765
guided,NNC(=O)C/[S+]=c1\nc2[nH]ncc2c([O-])[nH]1,-0.4404205083847046
guided,O=C(Nc1ccccc1)S(=O)(=O)N1CCNCC1,-0.878268301486969
guided,S=C(NCCn1c(=S)[nH]c2ccccc21)Nc1ccccc1,-5.018986225128174
guided,NS(=O)(=O)c1cccc(NC(=O)/C(=C\c2ccccc2)NC(=O)c2ccccc2)c1,-0.6451417803764343
guided,Cc1nc2c(C(=O)c3ccccc3)cccc2c(=O)n1[C@@H](Cl)CCO,-1.7579745054244995
guided,CCN1C(=O)CS/C1=N\c1nccs1,-4.156638145446777
guided,Brc1cccc(OCCOCCN2CCOCC2)c1,-6.457598686218262
guided,O=C(COc1ccc(Cl)cc1)N/N=C/[C@@H](O)CO[C@@H](CO)c1ccc(Cl)cc1,-0.6188271641731262
guided,CNC(=S)N(C)c1ccc(C)c(C)c1,-9.608370780944824
guided,NC(=O)c1nn(-c2ccccc2)nc1NC(=O)CN1CCOCC1,-0.26964834332466125
guided,[CH2-]CN(CC[S+]([O-])[O-])[c+]1[cH-][c+](CC[C+]2[CH-][CH+][C][CH+]C2)[n-][c+]2[n-][cH+][n-]n12.[H+],-0.350925087928772
guided,COc1ccc(Cl)cc1NC(=O)CSc1ncnc2c1oc1ccccc12,-2.595721483230591
guided,COCC/N=c1\scc(-c2cccs2)n1/N=C/c1cccc(O)c1,-3.0892910957336426
guided,O=C(NCCCN1CCOCC1)C(=O)NCc1cccs1,-1.3854883909225464
guided,O=C1CCCN1CCCNS(=O)(=O)c1ccc(Cl)cc1,-1.832090973854065
guided,Nn1c(SCC(=O)Nc2ncc(C(F)(F)F)cc2Cl)nnc1C1CC1,-0.7031504511833191
guided,CCOc1cc([C@@H]2NC(=O)NC(C)=C2C(=O)OCC(C)C)cc(C(=O)OC)c1O,-0.6277238130569458
guided,O=C(Oc1ccc(Cl)c2cccnc12)c1cccc([N+](=O)[O-])c1,-1.7892016172409058
guided,[H]/N=C(\C#[N+][O-])CCCO,-1.678119421005249
guided,CN(C)CCCN[C@H](NC(=O)c1ccc(Cl)cc1)C(Cl)(Cl)Cl,-4.871364593505859
guided,FC(F)(F)c1ccc(NCCNC(=S)Nc2ccc3c(c2)OCO3)nc1,-2.2691490650177
guided,Cn1c(=O)c2c(ncn2/C=c2\nc3cccc4cccc(\c2=[NH+]\C(=O)C2CC2)[c-]43)n(C)c1=O,-0.2343360334634781
guided,COc1ccc(CCN/N=C\c2ccc(F)cc2)cc1OC,-4.881760597229004
guided,O=C(Nc1ccc([N+](=O)[O-])cc1Br)[C@H]1CC[C@@H](/C=[N+]2/[C@H]3[C-]([O-])Nc4ccccc4S32(=O)[O-])CC1.[H+].[H+],-0.7523791193962097
guided,COCCn1c(N2CCN(C)CC2)nc2[s+]c3c(c-2c1[O-])CC(C)(C)OC3,-1.7959353923797607
guided,COc1ccccc1CNCc1ccc([N+](=O)[O-])s1,-2.3585705757141113
guided,[H+].[NH2+]=[C-][C@H]1[C@]23N4C(NC(=O)c5ccccc5Cl)=C5C=C(O)[CH-]C(=O)[C@]52[C@]143,-0.3778235912322998
guided,O=C(O)c1cc(NC(=O)c2ccco2)cc(NC(=O)[C@H]2CCCO2)c1,-0.5177909135818481
guided,O=S(=O)(Nc1ccccc1Cl)c1cccc(-c2cscn2)c1,-3.6683926582336426
guided,O=C1CCCN1CCNS(=O)(=O)c1ccc(Cl)c([N+](=O)[O-])c1,-0.4131816625595093
guided,COc1ccccc1N1CCN(c2cc(N3CCCCC3)ccc2[N+](=O)[O-])CC1,-3.1181774139404297
guided,N[C@H](Cc1c[nH]c2ccccc12)c1nnc(SCc2ccc(Cl)cc2Cl)o1,-3.170159101486206
guided,CCCC(=O)NNC(=O)CCC(=O)Nc1nc2ccccc2s1,-0.3867224454879761
guided,Fc1ccc(-c2nnc(CN3CCN(c4ccccc4)CC3)o2)cc1F,-4.650756359100342
guided,Cc1cccc(N[P@@](C)(=O)Oc2ccccc2)c1C,-6.66469669342041
guided,CCOC(=O)C1(CCOc2ccccc2)CCN(Cc2ccon2)CC1,-2.4376494884490967
guided,Brc1c(CSc2nnc(-c3ccco3)n2-c2ccccc2)nc2ccccn12,-4.400681018829346
guided,OC[C@]1(Cc2ccc(OC(F)(F)F)cc2)CCCN(Cc2ccc(C#CC3(O)CCCCC3)cc2)C1,-5.586043357849121
guided,CCOc1ccc(NC(=O)C2CC2)cc1OCC,-4.156184196472168
guided,COc1ccc(C)c(Cc2c(C)n[nH]c2C)c1O,-2.9167609214782715
guided,CC(=O)NC/C=C/c1cccc(OCc2ccco2)c1,-3.7143328189849854
guided,Fc1ccc(Cc2nnc(SCc3cccc(C(F)(F)F)c3)o2)cc1,-7.113685131072998
guided,O=C(N/N=C/c1cccs1)c1ccccc1O,-2.338130235671997
guided,COc1ccc(N(CC(=O)Nc2cccc3ccccc23)S(=O)(=O)c2ccccc2)cc1,-2.665177583694458
guided,C[C@H]1CN(Cc2ccccn2)CCC1=O,-5.948619842529297
guided,BrC(=C\c1ccccc1)/C=N/Nc1nc2ccccc2[nH]1,-4.517220973968506
guided,O=C1N[C@@](NS(=O)(=O)c2ccc(Cl)cc2)(C(F)(F)F)C(=O)N1c1ccccc1,-0.6755744814872742
guided,CC(=O)NCC(=O)OCC(=O)C(C)(C)C,-1.3903653621673584
guided,c1ccc(N2CCN(Cc3ccc4c(c3)OCO4)CC2)nc1,-5.222479820251465
guided,O=C(NC(=S)Nc1cc(CCCc2cc[c-]cc2)ccn1)c1ccccc1.[H+],-4.265421390533447
guided,CN(CC(C[C+]([O-])O)N(CC([CH+][c+]1[cH-][cH+][cH-][cH+][cH-]1)N(CC[c+]1[cH+][cH+][cH+]s1)[N-][O-])[N-][O-])[N-][O-],-0.6969353556632996
guided,COc1cccc(N(C(=O)[C@@H]2CCSC(=O)C2)[C@@H](C(=O)NC(C)(C)C)c2ccncc2)c1,-1.3562283515930176
guided,NC(=O)C[C@H](N)C(=O)O,-0.5854514241218567
guided,CN(CCC(=O)Nc1nnc(C2CC2)s1)S(=O)(=O)c1ccc2c(c1)OCCCO2,-0.4889083504676819
guided,CCOC(=O)[C@@H](C)n1cnc2[s+]c3c(c-2c1[O-])CCCC3,-1.9207466840744019
guided,CCNS(=O)(=O)c1ccc(CCC(=O)NCc2ccc(F)cc2)cc1,-1.3168097734451294
guided,O=C(O)c1ccccc1-c1csc(-c2cccs2)n1,-4.680606842041016
guided,COCCNC(=O)CN1CCN(c2ccc(O)cc2)CC1,-1.8072595596313477
guided,C[C@@H](/N=C(\NS(=O)(=O)c1ccc(F)cc1)c1ccccc1)c1ccccc1,-3.813386917114258
guided,O=C(NCCC1=CCCCC1)Nc1ccc(Br)c2cccnc12,-4.93555212020874
guided,F/[C-]=C(/C=[NH+]/c1ccccc1)C(=C/[c-]1ccc[s+]1)\OC(F)(F)F,-8.687726974487305
guided,CC(C)(C)c1ccc(/C=C\C(=O)Nc2ccnn2-c2ccccc2)cc1,-5.593348026275635
guided,CCn1nnc(-c2ccc(-n3cnnn3)cc2)n1,-0.6600396633148193
guided,O=C(CCSc1ccc(F)cc1)N1CCN(c2ccccc2F)CC1,-8.549446105957031
guided,CCOc1cc2[nH]c(=O)c(C)c(C(=O)OC)c2cc1OCC,-1.217641830444336
guided,CCn1[c+]([O-])[c+](-[c+]2[n-][c+]3[cH-][cH+][cH-][cH+][c-]3s2)n(C)[c-]1[S-],-3.971949338912964
guided,NC[CH-]O[C+](OCC(O)CO)OC1C(N)CC(N)(OC2OC(CO)C(O)C(N)C2O)C(O)C1O.[H+],-0.566825807094574
guided,O=C(C1=C[C@H](c2csc3ccccc23)C[C@H](OCc2ccc(CO)cc2)O1)N1CCN(Cc2ccc3c(c2)OCO3)CC1,-3.117755174636841
guided,C/C=C/C=C/Cn1c(=O)c(C(=O)NCCC)c(O)c2ccccc21,-1.78305983543396
guided,ON=C=[N+]1CCOCC1.[O-]P(N1CCOCC1)N1CCOCC1,-0.6127723455429077
guided,O=c1[nH]c(CSc2ccccc2Cl)nc2ccccc12,-4.983211517333984
guided,CON/C(=N/Cc1ccccc1)[C@]1(O)C(=O)Nc2c(C)cccc21,-0.7289562821388245
guided,O=C(Cc1cccc2ccccc12)N/N=C1\C(=O)Nc2ccccc21,-1.7654632329940796
guided,[O-][CH+]CCC[CH+]N[C-]([O-])C(C[c-]1[cH+][cH-][cH+][cH-][cH+]1)N(CC[c-]1[cH+][cH-][cH+][cH-][cH+]1)[S+2]([O-])([O-])[c+]1[cH-][cH+][c-]([C+]([O-])O)[cH+][cH-]1,-0.31327512860298157
guided,[O-][S@@+](Cc1ccc(O)cc1)Cc1sc(Nc2ccccc2F)nc1-c1cccc(F)c1,-4.666952133178711
guided,C[C@@H](SC1=Nc2ccccc2C2=N[C@@H](c3ccccc3)C(=O)N12)C(=O)O,-1.3136910200119019
guided,N[C@@H](CO)[C@]12C[C@H]3C[C@H](C[C@H](C3)C1)C2,-4.2127685546875
guided,CCN(c1cccc(CNCC(C)C)c1)C1CCOCC1,-8.218238830566406
guided,C/C(=N\NS(=O)(=O)C(C)C)c1cccs1,-2.6158106327056885
guided,N#CSCc1ccncc1,-5.532566547393799
guided,NS(=O)(=O)c1ccc(NCc2c(Cl)cccc2Sc2ccc(Cl)cc2)cc1Cl,-4.449701309204102
guided,COc1ccc(N2CCN(Cc3nc(N)nc(Nc4ccc(C)cc4)n3)CC2)cc1,-0.6702410578727722
guided,Cc1ccc(CCN(C)C(=O)Cn2ccnc2)cc1,-5.2125139236450195
guided,COc1cc(S(N)(=O)=O)ccc1NC(=O)Nc1ccccc1SC,-0.6119945645332336
guided,C[C@@H](/C=N/N=C1/Nc2ccccc2[C@H]1O)Sc1nc2ccccc2o1,-1.6458566188812256
guided,[H+].[N-2][C][C+]1[CH+][C+]2CC3(O)COC(O)C(CO)(OC[C-]2[CH+][CH-]1)C3O,-0.5605862736701965
guided,CCN[C@](C)(NC(=O)c1ccc2ccccc2c1)C(=O)O,-1.0061233043670654
guided,O=C1c2ccncc2C(=O)N1Cc1ccc([N+](=O)[O-])cc1,-0.4583597183227539
guided,NNC(=O)/C(=C/c1cccs1)NC(=O)c1ccccc1,-0.6363661289215088
guided,C=CCOc1cc(NC(C)C)c(Cl)cc1OC,-7.296990394592285
guided,[CH2][N+](CCC)[C](O)[C-][C](N)[C]1[CH][CH][C]([O+]C)[CH][C]1OC.[CH3-].[CH][C]([O])[C]1[CH][CH][CH][CH][CH]1.[H+],-1.1338690519332886
guided,COc1ccc(N2CCN(C(=O)C3CCN(S(=O)(=O)c4cccs4)CC3)CC2)cc1,-1.663419485092163
guided,O=C1C[C@@H](c2ccco2)CC(O)=C1[C@H]1NCCNC1=O,-0.44483980536460876
guided,O=S(=O)(CCOc1ccc(Cl)cc1)c1nc2ccccc2[nH]1,-1.7787319421768188
guided,CC[C@@H](C)NC(=O)CN(C)[C@H](CC)C(=O)NCc1ccccc1,-2.270315647125244
guided,Cc1ccccc1CCC(=O)OCC(=O)c1c(N)n(C)c(=O)n(C)c1=O,-0.29803457856178284
guided,COc1cc2c(c(OC)c1O)C=CC2=O,-2.8556973934173584
guided,Cc1cccc(C(=O)C(=O)c2ccc(N)c([N+](=O)[O-])c2)c1O,-0.5348684191703796
guided,O=C(O)CC[C@@H](/C=N/NC(=O)c1ccc(F)cc1)C(=O)Nc1ccc(Cl)c(Cl)c1,-1.4162623882293701
guided,S=C(Nc1ccccc1-c1ccccc1)NN1CCOCC1,-5.778992652893066
guided,Fc1ccc(Br)cc1-c1nc2ccccc2o1,-8.558120727539062
guided,Cc1ccccc1CSCCNC(=O)CCNC(=O)Cn1cnc2[s+]c(C)c(C)c-2c1[O-],-0.6961591839790344
guided,[CH2-]CCCC=[N+]1CCN(c2cccc(C(F)(F)F)c2)CC1,-12.211166381835938
guided,COc1cc(Cl)ccc1OC1CCN(C(=O)c2csnn2)CC1,-2.3145012855529785
guided,CC/[S+]=C1\C=CC=C\C1=C(/[O-])NCCCn1ccnc1,-3.178699254989624
guided,O=C1[C@@H]2[C@H]3CC[C@H](C3)[C@@H]2C(=O)N1CCC/N=C1\NS(=O)(=O)c2ccccc21,-0.39235806465148926
guided,NNC(=O)CCC/N=C1\NS(=O)(=O)c2ccccc21,-0.3601956367492676
guided,COCc1cc(CN2CCN(CO)C2)ccc1OC,-4.096965312957764
guided,CN(C)S(=O)(=O)c1cccc(NC(=O)c2cc(=O)[nH]c3ccccc23)c1,-0.39996829628944397
guided,CS[C]1[N][C](C)[CH][C](SC[C]([O])N[C]2[CH][CH][CH][C][C]2[O+][C]2[CH][CH][CH][CH][CH]2)[N]1,-1.9830437898635864
guided,[N-2][C][C+]1[CH+][C+]([C][C][C+]2[CH+][CH+][C-](Cl)[CH+][CH-]2)[C][N-][C+]1SC[C+]([O-])NCC1CCCO1,-1.4308735132217407
guided,[O][C](NN[C]1[CH][CH][CH][C](N([O-])[O-])[CH]1)[C+]1[CH][N][CH][C](Br)[CH]1,-0.5505849123001099
guided,NS(=O)(=O)c1ccc(NC2CCCCC2)cc1,-1.487460970878601
guided,O=C(c1cc2cc(Br)ccc2o1)N1CCCC1,-6.627533435821533
guided,O=C(c1ccc2ccccc2c1)N1CCN(c2ccccn2)CC1,-5.893584251403809
guided,O=C(NN[C@@H]1CC(=O)N(c2ccc(F)cc2)C1=O)[C@H]1CCC(=O)N(CCc2ccccc2)C1,-0.352734237909317
guided,COc1ccc(C(=O)COC(=O)COc2cc(C)cc(C)c2)cc1,-2.6560184955596924
guided,CCSc1nc2ccccc2n1CC(=O)NC1CCCCC1,-4.634073734283447
guided,O=C(NC[C@@H]1CCCO1)c1ccccc1-c1ccccc1,-5.686467170715332
guided,O=C(c1ccccc1F)N1N=C(c2ccc(F)cc2)C[C@@H]1c1ccco1,-5.525827884674072
guided,CSc1ccc(-c2nnc(SC)n2-c2cccc(C)c2)s1,-8.055817604064941
guided,O[CH-]C(O)[C+](O)C(O)CO.[H+],-0.7013446092605591
guided,COc1ccc(N[C@@H]2CCCN(C(=O)CCN3CCCCC3)C2)cc1,-4.616517543792725
guided,CN(C(=O)COC(=O)c1ccc2ccccc2c1)c1ccccc1,-4.716947555541992
guided,[H+].[H+].[O-][C+]1CC([c-]2[cH+][cH-][cH+]s2)C[C+](O)[C-]1[CH-][N-]C[CH+]NCC[c+]1[cH-][cH+][c-](Cl)[cH+][cH-]1,-2.9517111778259277
guided,NS(=O)(=O)c1cccc([C@H](Nc2ccccn2)NS(=O)(=O)c2ccccc2)c1,-0.35445842146873474
guided,O[C@@H](CNCc1ccccc1)c1ccccc1,-6.375269889831543
guided,Cl[C-]1[CH+][CH-][C][C+](O[c-]2[n-][nH][n-]n2[C][CH+][C+]2[CH+][CH+][CH-]N2C[c+]2[cH-][cH+][c-](Cl)[cH+][cH-]2)[CH+]1,-2.896066665649414
guided,O=c1[nH]c(-c2ccccc2)nc2c1cnn2/[C-]=C/C=C/CCO.[H+],-0.7481607794761658
guided,COc1ccc(CCC(=O)Nc2ccc(Cl)c(S(=O)(=O)Nc3ccc(Cl)cc3)c2)cc1OC,-2.6898610591888428
guided,O[CH-]C[C@@H]1CN(Cc2cc3c(cc2Cl)OCO3)CCN1C1CCCCC1.[H+],-5.2175374031066895
guided,COc1ccccc1N1CCN(c2ccc(C)cc2)CC1,-9.814237594604492
guided,Fc1cccc(F)c1CNc1ncnc2nc[nH]c12,-1.998292088508606
guided,CCN(CC)CC[C@@H](C)NC(=S)Nc1ccccc1,-7.491541385650635
guided,COC(=O)c1sc(C(F)(F)F)c2c1CCCC2,-7.987620830535889
guided,[CH][N-][c+]1[n-][cH+][cH+][c-]([O-])[nH]1,-1.8706591129302979
guided,O=C(/C=C/Nc1ccc2c(c1)OCO2)c1ccco1,-2.6243417263031006
guided,COc1cccc(C(=O)Nc2cc(C)on2)c1,-2.0658440589904785
guided,[H+].[O-][C+](O)C[c-]1[cH+][cH-][c+](OCCC[N-][C+]([O-])[C+]([O-])[C][CH+][c+]2[cH-][cH+][c-]3[c+]([cH-]2)OCO3)[cH-][cH+]1,-0.30919066071510315
guided,CO[C]1[CH][C](O[C](C)[O])[C]([CH+][CH]S([O])([O])[C]2[CH][CH][C](Cl)[CH][CH]2)[C](N([O-])[O-])[CH]1,-1.3234357833862305
guided,CC[S+2]#C/N=C1/SC2=C([CH-]C(C)(C)OC2)/C1=[C-]\Nc1[c-]cccc1.[H+],-7.079042911529541
guided,O=C(CN1CCCCC1)N/N=C1\C(=O)N(Cc2ccccc2)c2ccccc21,-2.094567060470581
guided,[O][C](O)[C]1[CH][C](N([O-])[O-])[CH][CH][C]1NN[C]([O])[C+]1[CH][CH][CH][CH][CH]1,-0.5589469075202942
guided,CC(C)c1c(C(=O)N/N=C/c2ccccc2Cl)nnn1-c1nonc1N,-0.3966933488845825
guided,O=C(N/N=C/C1=C(N2CCOCC2)/C(=C/c2cccs2)CC1)c1cc2ccccc2oc1=O,-1.672307014465332
guided,S=C(Nc1ccccc1Cl)N1CCN(Cc2ccc(Br)cc2)CC1,-10.251172065734863
guided,COc1ccc(/C=C/C(=O)c2c(O)n(CCc3ccc(OC)c(OC)c3)c(=O)[nH]c2=O)cc1,-0.5015226006507874
guided,Clc1cccc(Cc2ccc(Cl)nn2)c1,-7.996691703796387
guided,O=C(CCC(=O)OCc1cccc2ccccc12)Nc1nccs1,-2.4464099407196045
guided,O=C1CCCN(S(=O)(=O)c2ccc(F)c(F)c2F)C1=O,-1.4538058042526245
guided,NNC(=S)Nc1ccc(Oc2ccc(Cl)cc2)cc1,-3.0768728256225586
guided,COc1cc(C(=O)NN2C(=O)/C(=C/c3ccccc3OC)SC2=S)ccc1O,-0.9160099625587463
guided,N#Cc1cccnc1Sc1ccc(Cl)cc1,-6.309089183807373
guided,O=C(c1ccc2c(c1)CCC2)N1CCC(Cc2ccccc2)CC1,-9.583940505981445
guided,Cn1c(=O)c2cc(S(=O)(=O)NCCC(=O)O)ccc2n(C)c1=O,-0.33055388927459717
guided,[CH2+]O.[O-][P-]N[C+]([c+]1[cH-][cH+][cH-][cH+][cH-]1)C1CC1[c+]1[cH-][cH+][cH-][cH+][cH-]1.[OH-],-1.133792519569397
guided,N[P@](=O)(Oc1ccccc1)Oc1ccc(Cl)c2cccnc12,-2.5055835247039795
guided,CC/[O+]=P/[C@@H](CN(C)C)C(C)=O.C[C-](C)C,-6.746497631072998
guided,Cc1cc(O[C@@H](C)C(=O)Nc2nc3ccccc3n2C)c2c(C)cc(=O)oc2c1,-1.3380544185638428
guided,[O-]c1ccn/c(=[S+]\CCOc2cccc(Cl)c2)[nH]1,-2.3145194053649902
guided,COc1ccc(CSc2nc3ccccc3n2CC(=O)NC2CCCCC2)cc1,-4.408951282501221
guided,CC(C)(C)C(=O)N/N=C/c1cc([C@@H]2C[C-](C=O)CC[C@H]2c2ccccc2)n[nH]1.[H+],-1.5301580429077148
guided,COc1ccccc1Oc1ncnc2c1cnn2C,-2.23842716217041
guided,COc1ccc(NC(=O)CCc2nnc3ccc(N4CCC(C)CC4)nn23)cn1,-0.48620790243148804
guided,CCOC(=O)c1c(-c2ccccc2)oc2ccc(O)cc12,-3.397282600402832
guided,C[C-](C[C+]([O-])[c+]1[cH-][cH+][cH-][cH+][c-]1C[C+]1[CH-][C+]([O-])OC1)C(C)C,-2.9237539768218994
guided,CCOc1ccc(CN2Cc3ccccc3C2=O)cc1C(=O)OC,-3.219482660293579
guided,CNC(=C\C(=O)c1cc(Cl)ccc1O)/C=C/c1ccccc1,-4.680350303649902
guided,O=[N+]([O-])c1ccc(N2CCN(c3ccccc3)CC2)nc1,-2.2642765045166016
guided,Cn1c(=O)c(COC(=O)c2ccco2)nc2ccccc21,-1.165145754814148
guided,CCCCOc1nncc2ccccc12,-6.01924467086792
guided,O=C(/C=C/c1cccc([N+](=O)[O-])c1)OCC(=O)c1ccc(Cl)cc1,-1.4514350891113281
guided,Cc1nc(N[C@@H]2CCCc3ccccc32)ccc1S(=O)(=O)N(C)C,-2.6362483501434326
guided,CN/N=C/C(=O)n1nc(C)cc1/C=C(/C#CC(C)C)Oc1ccccc1,-2.0936572551727295
guided,N/C(=N\Cc1ccc(F)cc1)Nc1n[nH]c(N)n1,-0.4362680912017822
guided,CO[c+]1[cH-][c+](CCN[C-]([O-])[C+]2[CH+][C-](C)[C+](C)N2[O-])[cH-][cH+][c-]1OC,-0.8599388003349304
guided,NC(=O)C[C@H](NC(=O)Cc1ccc(Br)cc1)c1ccc(NCc2ccc(F)c(F)c2)c([N+](=O)[O-])c1,-1.8516639471054077
guided,CCOc1cccc(OCCOCCn2ccnc2)c1,-4.2261810302734375
guided,O=C(c1ccco1)N(Cc1cccs1)[C@H]1CCS(=O)(=O)C1,-1.792602777481079
guided,COc1ccc(C)cc1NC(C)=C1C(=O)CC(c2ccccc2)CC1=O,-4.172091007232666
guided,CCO[P@@](C)(=S)N/N=c1\nc(C)c2ccc(C)cc2[nH]1,-2.422095537185669
guided,COc1ccc2c(OCC(=O)O)c(Cl)cnc2c1,-1.7692646980285645
guided,CC(=O)c1ccc(N[C@H]2C[C@@H](O)[C@@H](O)CO2)cc1,-0.9414700269699097
guided,O=S(=O)(Cc1ccco1)Cc1nonc1-c1ccccc1,-0.7534008622169495
guided,COc1cc(CC(=O)N2CCN(C(=O)[C@H]3COc4ccccc4O3)CC2)cc(OC)c1OC,-0.5719607472419739
guided,O=P(NS(=O)(=O)c1ccc(F)cc1)(Oc1ccccc1)Oc1ccccc1,-2.1222472190856934
guided,CC[C@@H]1CCCCN1C(=S)Nc1ccc(C)c(S(=O)(=O)N2CCCCCC2)c1,-4.781359672546387
guided,Cc1ccc(NC(=S)NC(=O)c2ccc([N+](=O)[O-])cc2)c(O)c1,-0.7322126030921936
guided,C[C@H]1C=CC=C/C1=N\NC(=O)C(=O)Nc1ccc(F)cc1,-1.5348674058914185
guided,CC(=O)[C@H](/[S+]=c1\nc(C)cc([O-])[nH]1)C(=O)Nc1ccccc1,-0.27772167325019836
guided,S=C(c1nc2ccccc2s1)N1CCN(C2CCCC2)CC1,-9.198795318603516
guided,O=[C+](Nc1ccccc1F)C1(N[C][O-])CCCCC1,-1.9416394233703613
guided,O=C(CS(=O)(=O)Cc1ccccc1)Nc1ncn[nH]1,-0.31734326481819153
guided,CN(CCOCc1ccccc1)Cc1ccccc1,-10.539654731750488
guided,COc1ccc(/N=C2\CS(=O)(=O)CCN2CCCOC(C)C)cc1Cl,-2.0716636180877686
guided,COc1ccc(C(=O)N2CCN(C(=O)c3ccco3)CC2)cc1,-2.07446026802063
guided,NCCc1ccc(CCNc2nc(N)c3ncn(CCCC(=O)NN)c3n2)cc1,-0.30265432596206665
guided,NNC(=O)CN1CCN(c2ccccn2)CC1,-1.1001726388931274
guided,COCc1cc(C)nc(N2CCOCC2)c1C#N,-2.5668060779571533
guided,COC[C@H]1CCC[C@@H]1OS(N)(=O)=O,-1.0436524152755737
guided,CO/N=C/Cn1c(C2CCN(C)CC2)nc2ccccc21,-4.656488418579102
guided,Cc1ccc(C(=O)NCCCN(C)C)cc1NC(=O)c1ccccc1NC(=O)COc1ccccc1,-1.2818671464920044
guided,O=C(N/N=C/c1ccccn1)c1cc(-c2ccco2)nc2ccccc12,-1.5748183727264404
guided,CN(C[c+]1[cH-][cH+][cH-][cH+][cH-]1)C[C-](C[c+]1[cH+][n-][cH-][cH+][cH-]1)C(O)[c+]1[cH-][cH+][cH-][c+]2[cH-][cH+][cH-][cH+][c-]12,-7.218964576721191
guided,CCC(=O)N1CCC(Oc2ccc(F)c(CCC(=O)Nc3nccs3)c2)CC1,-2.1606788635253906
guided,CCNC(=O)Nc1cc(C)c(Cl)cc1OC,-3.83719801902771
guided,O=C(NNC(=O)c1cc2ccccc2[nH]1)Nc1ccccc1,-0.8746143579483032
guided,CCCNS(=O)(=O)c1ccc(OCC(=O)N2CCN(Cc3ccc([N+](=O)[O-])cc3)CC2)cc1,-0.4126356542110443
guided,S=C(Nc1cccnc1)N(CCSc1ccccc1Cl)Cc1ccco1,-6.888596057891846
guided,COCCCNC(=S)NNC(=O)/C=C/c1cccc2ccccc12,-2.2689852714538574
guided,OCCNC(=S)Nc1ccc(F)cc1,-4.361076831817627
guided,Cc1nc(NC(=O)c2ccoc2C)sc1Cc1ccc2c(c1)OCO2,-2.199442148208618
guided,CCCCN(C)c1cc(C)nc2ccccc12,-10.01373291015625
guided,NC(=O)c1ccccc1N1CCCCC1,-4.016319751739502
guided,COCCNC(=S)N1CCN(c2cccc(C)c2C)CC1,-6.976311206817627
guided,CO/N=C/c1cn[nH]c1-c1cc2ccc(O)cc2o1,-0.9490839838981628
guided,O=C(c1ccc(C(F)(F)F)cc1)c1c[nH]c(C(=O)N2CCN(c3nc(C(F)(F)F)c(-c4ccccc4)s3)CC2)c1,-5.059615612030029
guided,C[C@@H](CC(=O)NCc1cccnc1)Sc1nnc([C@H](O)c2ccccc2)n1-c1ccccc1,-1.3826913833618164
guided,COC(=O)c1cn2cc(OC(C)=O)ccc2n1,-1.4813449382781982
guided,C/[S+]=C1\C=CC=C\C1=C(/[O-])OCC(=O)Nc1ccc(N2CCOCC2)cc1,-1.1756634712219238
guided,COc1cc(/C=C2/C(=O)N(C)C(=S)N2C)ccc1OC(=O)c1ccco1,-1.5350596904754639
guided,CCCCCC(=O)Nc1ncc(Br)s1,-5.354339122772217
guided,Clc1ccc(-c2nc(-c3ccccc3)ns2)cc1,-8.73419189453125
guided,O=[N+]([O-])c1ccc(OCC(F)(F)F)nc1,-2.06386399269104
guided,CCOc1cccc([C@H]2NC(=O)c3ccccc3O2)c1,-4.16732120513916
guided,Fc1ccc(CN2CCCCCC2)cc1Cl,-13.148975372314453
guided,NCC[C@H](N)CC(=O)Nc1ccc(OC(F)(F)F)cc1,-0.4984731078147888
guided,CNCCN(C)Cc1c(-c2csc(CCCc3cccc4ccccc34)c2)n[nH]c1C,-6.598357200622559
guided,CCOC(=O)CN1C(=O)C[C@H](c2ccccc2)C1=O,-1.9871290922164917
guided,Fc1ccc2nc(Nc3nc(F)cc(NCc4ccco4)n3)[nH]c2c1,-1.2131993770599365
guided,CCC(C)CN[C]1[CH][CH][C](CN2[C]([O])[C]3[CH][CH][CH][CH][C]3[C+]2[O])[CH][C]1N([O-])[O-],-0.7255966663360596
guided,[CH2-]CCC[CH-]C[N+]1=C(c2ccccc2OC)N=N/C1=[S+]\CC(=O)Nc1nccs1,-1.518368124961853
guided,[CH2-]CCCCCC#[N+]NC(=S)Nc1ccccc1,-7.9041428565979
guided,Cc1ccc(/N=N/c2ccccc2NC(=O)Nc2ccc(C(=O)O)cc2C)cc1,-3.4696617126464844
guided,CC(=O)Nc1cc(C)cc(C(=O)OCC(=O)Nc2ccccc2C(C)=O)c1,-0.737995982170105
guided,NC(=O)[C@H](/C=C\c1nc2ccccc2[nH]1)N1CCCCC1,-1.166907548904419
guided,Br[c-]1[cH+][cH-][c+](O[C-]2[N-][N-][C+]([CH+][c+]3[cH-][cH+][cH-][cH+][cH-]3)O2)[cH-][cH+]1,-5.59306001663208
guided,CCC[S+](N[S+2]([O-])([O-])[C-]1[CH-][CH+][CH-][C+]([C+](N)[O-])[CH-]1)[c+]1[cH-][cH+][cH-][cH+][cH-]1,-0.3574448823928833
guided,COCCNC(=S)N(CCN(C)C)Cc1cc2cc3c(cc2[nH]c1=O)OCO3,-0.8296012282371521
guided,O=C(NCCOC(=O)c1cc(-c2ccc(F)cc2)nn1-c1ccccc1)c1cccs1,-2.523362159729004
guided,CC(=O)N1CCC[C@@H](C(=O)NCc2coc3ccccc3c2=O)C1,-0.8341859579086304
guided,C=CCSc1nnc(NC(=O)c2cc3ccccc3o2)s1,-2.4977900981903076
guided,Fc1ccccc1NC1=NCCCS1,-7.937593936920166
guided,CC(C)CCN(CC(C)C)c1nc(N)c2c(N)nc(OCCc3cccs3)cc2c1C#N,-2.1395263671875
guided,CC[C@@H](C)c1ccc(N2CCN(C(=O)CCOc3ccccc3)CC2)cc1,-7.285086154937744
guided,CO[C-]([O-])C(O)C(O)C(C)C(O)[C+](C)[C+](C)C(O)C[C-]1[C][CH-][CH+][CH-][CH+]1,-0.5670382380485535
guided,CCCCCc1nc2[nH]nc(SCC(=O)NC3CCCCC3)c2c(=O)n1CC#Cc1ccccc1,-1.8354275226593018
guided,[O][C](NC[C]1[CH][CH][C](O[C]2[CH][CH][C](N([O-])[O-])[CH][C]2Cl)[CH][CH]1)[C+]1[CH][CH][CH][N][C]1[N][CH][C]1[CH][CH][CH]O1,-0.8061005473136902
guided,COc1cc2c(cc1OC)[C@@H](N1Cc3ccccc3C1=O)CC2=O,-3.190579652786255
guided,O=[N+]([O-])CCNc1nc2c(ccc3ccccc32)[nH]1,-0.8919496536254883
guided,N/C=N\N=C(N)\C=C\C=C1/[OH+][OH+]C([O-])=C2C=CC=C[C-]21,-0.5320579409599304
guided,C/C(=N\S(=O)(=O)c1ccc(C(C)(C)C)cc1)Nc1ccc(N2CCOCC2)cc1C,-2.7467992305755615
guided,COc1ccc(CCN2CC(=O)N(c3ccc([N+](=O)[O-])cc3OC)C2=S)cc1OC,-0.7371852397918701
guided,O=C(NC(=S)NCC(F)(F)CC(F)(F)F)c1cc(S(=O)(=O)N2CCOCC2)ccc1N1CCCCC1,-0.9609944224357605
guided,FC(F)(F)c1nnc(-c2cccnc2)nc1N1CCOCC1,-2.0398976802825928
guided,CNC(=O)c1cc2ccc[c-]c2n2c(=O)c3ccc(Br)cc3nc12.[H+],-2.4388389587402344
guided,C[C@H](c1ccccc1)c1cnc(N[C@H](C)C(=O)Nc2sc3c(c2C#N)CC(C)(C)OC3)[nH]c1=O,-1.4956213235855103
guided,OCc1ccc(-c2ccccc2)o1,-6.138288974761963
guided,COCC1CCN(Cc2nc(CC3CC3)no2)CC1,-3.4265944957733154
guided,O=C1C[C@@H](Nc2ccc(N3CCCCC3)cc2)C(=O)N1Cc1cccs1,-3.835602283477783
guided,O=C([C@@H]1COc2ccccc2O1)N1CCN(C(=S)Nc2cccc(F)c2)CC1,-3.2065958976745605
guided,COc1nnnn1C,-3.338226556777954
guided,OC1(c2cccc(C(F)(F)F)c2)CCN(CCN2CCCCC2)CC1,-7.88381814956665
guided,CCCC[C@H](C(=O)O)[C@H](C)C=C(Cl)Cl,-6.45298957824707
guided,O=C(O)c1cccnc1SCc1cn2ccccc2n1,-1.9953557252883911
guided,O=C1CCc2cc(S(=O)(=O)N3CCC(C(=O)Nc4ccc(Br)cc4F)CC3)ccc2N1,-1.1140997409820557
guided,O=C(O)CCC/C(=N/NC(=O)c1cccnc1)c1ccccc1,-0.6391819715499878
guided,Nc1cc(=O)[nH]c(Nc2ccc(Cl)c(C(F)(F)F)c2)n1,-1.131812572479248
guided,CO[c-]1[cH+][cH-][cH+][cH-][c+]1[C-]([O-])Nn1[cH+][n-][c+]2s[c+](N[c+]3[cH-][cH+][c-](Cl)[cH+][cH-]3)s[c+]2[c-]1[O-],-1.0068169832229614
guided,FC(F)(F)CN1CCN(c2nc3ccccc3n3cnnc23)CC1,-3.5830650329589844
guided,COc1ccc(C(=O)c2ccc3ccccc3n2)cc1,-5.619021892547607
guided,Cc1ccc2[nH]c(=O)c(CN(C(=O)NC3CCCCC3)c3ccccc3)cc2c1,-3.6721584796905518
guided,CCC(NS([O])([O])[C+]1[CH][CH][CH][CH][CH]1)N([O-])[O-],-0.5705577731132507
guided,[CH][CH+]n1[c+]2[c-]([c+]([N-]O)[c-]1[C]N1CCCCC1)[CH+][CH-][CH+][C]2,-5.023536205291748
guided,CCNC(=O)NC(=O)CSc1ccc2cc(C)ccc2n1,-1.5964897871017456
guided,O=C(C1=C(O)C(=O)N(CCCc2ccccc2)[C@H]1c1ccc(Cl)cc1)c1cc2ccccc2o1,-4.833736419677734
guided,O=C(NCCCN1CCN(c2cccc3ccccc23)CC1)c1ccccc1,-6.3718791007995605
guided,COc1cc2c(cc1OC)[C@H](C)N(C(=O)c1cncs1)CC2,-3.6468665599823
guided,O=C(NCc1ccco1)c1ccc(NCc2ccccc2Cl)cc1,-4.395061016082764
guided,[O-]N([O-])[C+]([CH+][CH-][c+]1[cH-][cH+][c-](-[c+]2[n-][c+]3[cH-][cH+][cH-][cH+][c-]3s2)o1)[C+]([S-])N1CCCCC1,-2.2817869186401367
guided,Cc1cccc(C)c1OCC(=O)NNC(=S)NC(=O)c1ccco1,-0.3986467719078064
guided,[O-][SH+]N(Cc1ccco1)NC(=S)Nc1ccc(Cl)cc1,-2.279151439666748
guided,COc1ncc(C(=O)c2ccc(C)cc2)cc1N,-2.0059621334075928
guided,CO[c-]1[cH+][cH-][cH+][c-]([CH-]C(O)C(O)(CO)C(C)O)[cH+]1,-0.49657177925109863
guided,F[C+](F)F.[N-2][C][C-]([C+]([S-])[N-][N-][C]N1[N-][C+](C(F)(F)F)[CH+][C+]1[c+]1[cH-][cH+][cH-][cH+][cH-]1)[C+]([C][S+2](N)([O-])[O-])[c+]1[cH+][cH+][cH+]s1,-3.4108264446258545
guided,[H]/N=C1C(=C\c2ccccc2)\N=C(SCc2ccc(OC)c(OC)c2)N\1Cc1ccccc1,-5.380561351776123
guided,N#CC1=C(Nc2c(F)cccc2C#N)OCC=C1,-1.8381019830703735
guided,COCCCN(CC(=O)Nc1ccccc1C(C)C)S(=O)(=O)c1ccc2ccccc2c1,-2.606116533279419
guided,CN(C)S(=O)(=O)c1ccc(C(=O)Nc2ccccc2[N+](=O)[O-])cc1,-0.44878679513931274
guided,COCC(=O)Nc1cc2ccccc2nc1-c1ccccc1,-3.9429147243499756
guided,O[C@@H](COc1ccccc1CNCCc1ccccc1)CN1CCOCC1,-3.0548648834228516
guided,O=C(/C=C/c1ccc(F)cc1)N[C@@H](Cc1ccc(O)cc1)C(=O)O,-0.78459632396698
guided,[O-][S+2]([O-])([C][CH+][CH-][CH+][c-]1[cH+][cH-][c+]2[cH-][cH+][cH-][cH+][c+]2[n-]1)N[c-]1[cH+][cH-][cH+][c-]2[cH+][cH-][cH+][cH-][c+]12,-2.9499006271362305
guided,CCC(O[C]1[CH][CH][C](C)[CH][C]1N([O-])[O-])[C+]([O])OC[C]([O])N(CC)C(C)C,-0.9741358757019043
guided,N/C(=N/CCSc1cc(-c2ccccc2)c2ccccc2n1)C(=O)NCc1ccccc1,-2.3920633792877197
guided,[N-2][C]CS[C+]1[N-][N-][C-]([C+]2[C][CH-][CH+][CH-][CH+]2)N1C1CCCCC1,-4.6016082763671875
guided,CCOc1ccc(NC(=O)N2CCCCC2)c(C)c1,-5.301432132720947
guided,Cl[CH-]Cl.[O-][P+](N1CCCCC1)=[N+]1CCCCC1,-7.381843566894531
guided,COc1cc(N(C(=O)c2ccc3nc[nH]c3c2)C2CCCCC2)cc(OC)c1OC,-2.530384063720703
guided,O=C(CCc1ccccc1)N[C@H](NC(=S)Nc1ccc(Cl)cc1)C(Cl)(Cl)Cl,-5.1402130126953125
guided,C[C@H](OC(=O)CN1C(=O)c2ccccc2C1=O)C(=O)Nc1nnc(C2CC2)s1,-0.3453111946582794
guided,CCOc1ccc(N(CC(=O)Nc2ccccc2C(=O)O)S(=O)(=O)c2c(C)nn(C)c2C)cc1,-0.7114497423171997
guided,CC[C@H](CC(=O)O)CC(=O)Nc1ccc(C)cc1[N+](=O)[O-],-0.7411036491394043
guided,O=P(c1ccc2ccccc2n1)(N1CCOCC1)N1CCOCC1,-2.8716940879821777
guided,O=S(=O)(/N=C/N=[S@](=O)([O-])NCCN1CCN(c2ccccc2)CC1)c1cccc2nsnc12.[H+],-0.2305707484483719
guided,O=C(Cc1noc2ccccc12)NNc1ccccc1,-1.9120322465896606
guided,COc1cc(S(=O)(=O)N2CCOCC2)ccc1N,-0.7315579652786255
guided,COCCn1cc(-c2csc(N)n2)c2ccccc21,-3.4420483112335205
guided,S=C(NCCc1ccncc1)NC1CC1,-5.38330602645874
guided,O=c1[nH]c2ccc(OCCO)cc2c(-c2ccccc2)c1CN1CCOCC1,-1.2834956645965576
guided,Cc1oc(-c2ccccc2Cl)nc1CN(Cc1ccc(F)cc1)C(=O)c1cnccn1,-3.2965967655181885
guided,O=C(NNC(=O)c1ccc(Br)o1)c1ccc(NC(=O)c2cccs2)cc1,-1.0172123908996582
guided,Cn1nnnc1SCCNCc1cc(=O)n(C)c(=O)n1C,-0.3941301703453064
guided,Cn1c(=O)c2cc(S(=O)(=O)NCCC(=O)NC[C@H]3CCCO3)ccc2n(C)c1=O,-0.2976374328136444
guided,COC(=O)NCc1ccc([C@H]2Nc3ccccc3C(=O)N2c2ccc(C(C)(C)C)cc2)cc1,-3.9817254543304443
guided,NNC(=O)CN[C@@H](c1ccccc1)c1ccccc1NC(=O)c1cccc(Cl)c1,-0.934333086013794
guided,CC(=O)/C(=N\Nc1cc(Cl)ccc1Cl)Sc1ccccc1,-6.701519012451172
guided,O=C(c1ccc(Cl)c([N+](=O)[O-])c1)c1cc2ccccc2o1,-2.4657559394836426
guided,O=C(c1ccco1)N1CCN(c2cc(=O)n(-c3ccc(Cl)cc3)c(=S)[nH]2)CC1,-1.6481013298034668
guided,[CH2-]C(C)(C)OC[c+]1[cH-]n(-[c+]2[cH-][cH+]s[c-]2-[c+]2[n-][n-][c-](OC)[c+]3[cH-][cH+][cH-][cH+][c+]23)[c+]2[cH-][cH+][cH-][cH+][c-]12,-6.420219898223877
guided,CC/C=[C-]/C[CH+]CC[C@H](/C(O)=C/CC/C=C/CC=C(C)C)C(C)C,-13.907873153686523
guided,Cn1c(=O)[nH]c(=O)c2c1nc(N1CCCC1)n2CC(=O)N1CCCCC1,-0.3815879225730896
guided,O=C(CN(c1ccccc1)S(=O)(=O)c1ccccc1[N+](=O)[O-])Nc1ccc2c(c1)OCCO2,-0.8480238914489746
guided,C=CCN1C(=O)C[S+]=c2cc/c(=C(\[O-])NC3CCCCC3)cc21,-2.870128631591797
guided,CN1C(=O)C(=CNC2CCN(Cc3ccccc3)CC2)C(=O)N(C)C1=O,-1.2493947744369507
guided,Clc1ccc(NC2=NCCCCC2)cc1,-8.512389183044434
guided,[CH2-]CCCCC1=C=C(C(=O)N2CCOCC2)C(NC(=O)c2cccc(S(=O)(=O)N(C)C)c2)=[S+]1,-0.4504978656768799
guided,N#Cc1ccccc1/[S+]=C1/C=CC=C/C1=C(\[O-])Oc1ccc(Cl)cc1,-3.5415656566619873
guided,O=C(O)Cn1c(/C=C/CN(Cc2ccccc2)C(=S)Nc2ccccc2)nc2ccccc21,-3.3900094032287598
guided,NS(=O)(=O)c1ccc(NCc2cccnc2)cc1,-0.5937948226928711
guided,[CH-][C]1OC[O+][C]1[CH][C]1[C-][CH][C]([C]([N]O)[C]2[C][N+]([O])N([C]3[CH][CH][CH][CH][CH]3)[N]2)[O+]1,-0.5123971700668335
guided,FC(F)(F)c1ccc(/C=N\C(=S)[N-]Cc2ccccc2)cc1.[H+],-9.170787811279297
guided,CN(C)c1nc(SCc2c(F)cccc2Cl)nc2ccccc12,-8.32126522064209
guided,COC1=CC2=C/C(=C\N(Cc3cccs3)C(=O)N3CCCCC3)C(=O)N[C-]2C=C1.[H+],-3.2066221237182617
guided,O=C(O)CCNC(=O)CCCC(=O)c1ccccc1O,-0.378075510263443
guided,CCCC(=O)Nc1ccnc2cc(Cl)ccc12,-5.3536248207092285
guided,NS(=O)(=O)c1cccc(NC(=O)C2(CC(=O)O)CCCCC2)c1,-0.3950517475605011
guided,O=C(CNC(=O)c1ccccc1Br)N/N=C\c1ccco1,-0.736899733543396
guided,O=C(O)c1ccc(NC(=O)[C@@H]2CC(=O)N(c3cccc(Cl)c3)C2)cc1,-1.0247867107391357
guided,O=C(c1ccccn1)N1CCC(n2c(Cc3ccccc3)nc3ccccc32)CC1,-4.757104396820068
guided,S=C(Nc1ccc(Cl)cc1)N[C@@H]1C[C@H]2CCC[C@@H](C1)N2C1CC1,-8.261737823486328
guided,CC(C)c1ccccc1N1C(=O)c2ccc(C(=O)OCC(=O)N(C)C)cc2C1=O,-1.0467491149902344
guided,S=C1CCCc2cc3c(cc2N1)c1ccccc1n3Cc1ccccc1,-11.89461612701416
guided,COc1ccc(C2C(C#N)=C(N)SC(N)=C2C#N)cc1OCC#N,-0.422759085893631
guided,C/C(=N\N1CCN(c2ccccc2)CC1)c1ccncc1,-6.413645267486572
guided,COCCCNC(=O)Nc1ccccc1C(F)(F)F,-3.8607680797576904
guided,COCc1cc(C)nc(SCC(=O)OCc2ccccc2)c1C#N,-1.8799450397491455
guided,CCc1ccc(OC(F)F)cc1N,-5.934162139892578
guided,O=C(c1ccc2ccccc2c1)[C@H]1CCCN(S(=O)(=O)c2cccnc2)C1,-2.3636693954467773
guided,O=C(COc1ccccc1)NNC(=S)Nc1cccc(F)c1,-2.2494394779205322
guided,Nc1nonc1-n1nnc(C(=O)N/N=C/c2ccc3c(c2)OCCO3)c1CNc1ccccc1,-0.26376017928123474
guided,O=C(CCN1C(=O)/C(=C\c2ccc(OC(F)F)cc2)SC1=S)N1CCCCCC1,-4.888619899749756
guided,O=C(C1CCCCC1)N1CCC(c2nc3c(nnn3Cc3ccccc3Cl)c(=O)[nH]2)CC1,-1.1319785118103027
guided,CS([O])([O])N(CCCC[C][C]([O])[C]1[C](O)[CH][CH][C](Cl)[C]1[CH][OH+])C[C]1[CH][CH][CH][CH][CH]1,-1.663813829421997
guided,CCOC(=O)c1ccc(N(C(=O)CN2C(=O)c3ccccc3S2(=O)=O)[C@@H](C(=O)NC2CCCCC2)c2ccc(F)cc2)cc1,-1.7217658758163452
guided,CCn1c(=O)cc(N2CCN(Cc3ccc4ccccc4c3)CC2)[nH]c1=O,-2.2313268184661865
guided,O=C(O)CCN(Cc1ccccc1)S(=O)(=O)c1ccc2[nH]c(=O)oc2c1,-0.38069725036621094
guided,NC(=O)N[C@H](Cc1c[nH]c2ccccc12)C(=O)NC1CCCCC1,-0.5035358667373657
guided,Clc1ccc(CCNc2ccc(Cl)nn2)cc1,-5.981259822845459
guided,OCC[C@H]1CN(Cc2cc3c(cc2Cl)OCO3)CCN1C1CCCC1,-4.58367395401001
guided,COc1cc(OC)c2nc(C)cc(SCC(=O)N3CCOCC3)c2c1,-2.4623138904571533
guided,Cc1ccc(CNC[C@]23C[C@H]4C[C@H](C[C@H](C4)C2)C3)s1,-11.532012939453125
guided,CCOc1ccc(S(=O)(=O)N[C@H](C)CC(=O)OCC(=O)NC2CCCC2)cc1C(C)C,-0.8175053000450134
guided,O=C(NNC(=O)c1ccc2[nH]c(=O)c(=O)[nH]c2c1)c1ccc(F)cc1,-0.3570646345615387
guided,COCCNC(=S)N/N=C(\C)c1ccco1,-2.493868589401245
guided,[O-]OCC([C+]([O-])O)N(C[C+]([O-])O)CC(O)CN1CCOCC1,-0.46752282977104187
guided,COc1cccc2c1OC[C@@](C)(C[C@@H](c1nnnn1C(C)C)N1CCOCC1)C2,-1.4525724649429321
guided,Brc1ccc(CNC[C@H]2CCCO2)cc1,-8.541853904724121
guided,COCCN(CCCNCCc1ccccc1)CCOC,-5.86115026473999
guided,Cc1ccc(S(=O)(=O)N(C(=O)CN2C[C@@H](C)O[C@@H](C)C2)c2ccccc2)cc1,-2.0619680881500244
guided,CCC[C@@H](O)c1[nH]c2ccccc2c1C(=O)OCC,-2.704881429672241
guided,COC(=O)/C=C/C(=O)Nc1ccc(OC(C)C)c(C)c1,-2.1134302616119385
guided,COc1ccc(OC(=O)N2CCOCC2)c2ccccc12,-3.9870402812957764
guided,FC(F)(F)c1nnc2n1N=C(c1ccco1)CS2,-2.9991865158081055
guided,N#C/C(=C\c1ccc[nH]1)S(=O)(=O)Cc1ccccc1,-1.4704163074493408
guided,Cn1cc([N+](=O)[O-])c(C(=O)Nc2ccc(S(=O)(=O)NCC3CC3)cc2)n1,-0.3372090458869934
guided,O=S(=O)(NCCN1CCN(c2ccc(F)cc2)CC1)c1ccc2ccccc2c1,-3.5618834495544434
guided,Nc1ccccc1C(=O)NNC(=O)c1cccnc1,-0.29729074239730835
guided,Nc1ccc(-c2ccc(COc3ccc(F)cc3)o2)cc1,-4.928708553314209
guided,Cc1ccc(-c2ccccc2)cc1C(=O)O,-5.955008029937744
guided,CCOC(=O)[C@@H](c1ccnc2cc3c(cc12)CCC3)N1CCCCC1,-5.426758289337158
guided,CCc1c(C)[nH]c2c1C(=O)[C@@H](CN1CCOCC1)CC2,-4.256960868835449
guided,O=C(CNC(=O)c1ccco1)OCC(=O)c1ccccc1,-0.562055230140686
guided,CNn1c(C)nc2[s+]c3c(c-2c1[O-])CCC3,-3.1854593753814697
guided,CCC(=O)Oc1ccc([C@H]2CC(=O)N(Cc3ccc(C)cc3)C2=O)cc1,-2.635408639907837
guided,COCCCNC(=O)c1cccc2ccccc12,-5.359281539916992
guided,CCn1nc(C(=O)N2CCCCC2)c2ccccc2c1=O,-2.9630255699157715
guided,C[C@H](Sc1ccccn1)C(=O)c1ccc(CC(C)(C)C)s1,-8.513375282287598
guided,Clc1ccc(NCc2nnc3n2CCCCCC3)cc1,-5.3542094230651855
guided,CCOc1cccc(NC(=O)CCC(=O)N/N=C/c2ccccc2OC)c1,-0.8604844808578491
guided,[H+].[O-][N-][C+]1CC(O)(CCCO)O[C+]2[C][N-][C+]([c+]3[cH-][cH+][c-](Br)[cH+][cH-]3)[CH-][C+]12,-1.1715664863586426
guided,COc1ccc(OC)c([C@@H](C)NC(=O)Nc2cccc(S(N)(=O)=O)c2)c1,-0.4468010663986206
guided,[CH2+][C+](C)CC[C-]([O-])OC(CC)[C-]([O-])NC(C[C+]1[CH+][CH-][CH+][CH-][CH+]1)[C+]([O-])O.[H+],-0.5516758561134338
guided,C[C@@H]1Cc2cc3oc(=O)cc(C(F)(F)F)c3cc2N1C(=O)C1CC1,-4.189566135406494
guided,CN1CCN(Cc2ccc3ccccc3n2)C[C@H]1CCO,-4.899658679962158
guided,O=C(Nc1ccc2c(c1)CCC2)c1ccc(CSc2nccc3ccccc23)cc1,-7.9174113273620605
guided,O=C1CCN[C@H]1C1CCCCC1,-6.8265228271484375
guided,Cn1cnc(S(=O)(=O)NC(c2ccccc2)c2ccccc2)c1,-2.1617400646209717
guided,COCCNC(=O)c1ccc(CNC(=O)CN(c2ccccc2)S(C)(=O)=O)cc1,-0.2768607437610626
guided,C[C@@H]1CCC[C@@H](C)N1C[C@H](C)OC(=O)Cc1cccc2ccccc12,-8.078339576721191
guided,O=C(CN(c1ccc(F)cc1)S(=O)(=O)c1ccccc1)NCCN1CCOCC1,-0.8354003429412842
guided,S=C(NCCc1cnc[nH]1)NCc1ccco1,-1.852858304977417
guided,CCOc1cc(NCCOc2cccc3cccnc23)c(OC)cc1OC,-3.240847110748291
guided,S=c1[nH]nc(COc2cccc(Cl)c2)n1Cc1ccccc1,-5.68719482421875
guided,COCCn1c(SCC(=O)NC(=O)NCc2cccnc2)nc2c([nH]c3ccccc32)c1=O,-0.34505969285964966
guided,COCCNc1nc(C#N)c2c(n1)CN(Cc1ccc3c(c1)OCO3)CC2,-0.40065979957580566
guided,COCCN(CC(=O)NCCOCCN1CCCCCC1)CC(=O)NCc1ccccc1,-0.6910507082939148
guided,[O-]/C(=C(C(=S)Nc1ccccc1N1CCOCC1)/C(=C\c1ccccc1)/C=C1\C=CC=[O+]1)c1ccccc1,-4.7112932205200195
guided,[O-][C+](O)CCNC[C-]1[C][N-][C+]2[C+]([c-]3[cH+][cH-][cH+][cH+][n-]3)[CH+][CH-][CH+]N21,-0.565695583820343
guided,CCC(=O)C1=C2C(=NC(OC[C-]([O-])OC)=N/C2=[S+]\Cc2ccc(C)c(C)c2)N=C1.[H+],-0.49592238664627075
guided,CNC(=S)NNC(=O)c1cccnc1,-1.8539278507232666
guided,N[C-]([CH+]N([O-])[O-])[N-]N[C+]([O-])[C+]([O-])N1CCCC1,-0.4584980607032776
guided,N[C]([N]O[C]([O])N[C]1[CH][CH][C](N([O-])[O-])[CH][CH]1)[C+]1[CH][CH][CH][CH][CH]1,-0.5215215086936951
guided,NS(=O)(=O)c1ccc(NC(=O)COC(=O)c2ccc(Cl)cc2[N+](=O)[O-])cc1,-0.3722429573535919
guided,Clc1ccc(-c2csc(N3CCN(c4ccccc4)CC3)n2)cc1,-10.178590774536133
guided,[CH2+][CH-][CH+]CC[CH-][c+]1[nH][n-][cH+][c-]1CN1CCC([CH+][N-]OC)CC1.[H+].[H+],-3.501203775405884
guided,O=C(NN[C@H]1CC(=O)N(c2cccc(Cl)c2)C1=O)c1ccco1,-0.426116019487381
guided,O=C(c1ccc(CN2CCCCC2)cc1Br)c1nn(CCO)c(=O)c2ccccc12,-1.7147523164749146
guided,O=C(O)c1c2c(n(Cc3ccco3)c1C(=O)N1CCC[C@H]1CO)CCCCC2,-0.7325134873390198
guided,COc1ccnc(CSc2nc3ccccc3c3nc4ccccc4n23)c1,-4.80239200592041
guided,O=[N+]([O-])c1ccc2c(c1)OCCO2,-2.284611701965332
guided,O=C(CC1CCCC1)C(=C=[N+]1CCN(c2ccccc2N([O-])[O-])CC1)C#[O+],-0.6821564435958862
guided,NC(N)=N/N=C/C1CCCCC1,-1.256697416305542
guided,CCCN1CCC(N(C)CCc2ccc(OC)c(OC)c2)CC1,-7.886629581451416
guided,Fc1cccc(N[C@@H](N/C=C/c2cccnc2)SCCc2ccccc2)c1,-7.389086723327637
guided,CCn1c(SCC(=O)NC2CCCCC2)nnc1-c1ccncc1,-1.6723332405090332
guided,O=C1CCN(CCO)CCN1Cc1ccccn1,-2.6820690631866455
guided,O=[N+]([O-])c1cc(S(=O)(=O)N2CCCC2)ccc1N/N=C/c1cc(Br)ccc1O,-1.0174601078033447
guided,CO[c-]1[c+]([C+]([O-])NCC2CCCO2)[cH-][n-][c+]1-[c+]1[c-](F)[cH+][cH-][cH+][c-]1Cl,-1.7479561567306519
guided,O=C(O)CS(=O)(=O)c1ccc(S(=O)(=O)N2CCc3ccccc3C2)cc1,-0.32144907116889954
guided,CN(C(=O)COC(=O)COc1ccc(Cl)cc1)C1CCCCC1,-3.3237462043762207
guided,O=C(O)COc1ccc2c(=O)c3ccccc3oc2c1,-1.189103603363037
guided,NC(=O)c1cc([N+](=O)[O-])ccc1NCCN1CCOCC1,-0.33748167753219604
guided,NNC(=O)/C=C/c1c(F)cccc1Cl,-2.9735240936279297
guided,Cn1ccnc1C(=O)NCCc1ccc(S(N)(=O)=O)cc1,-0.31461524963378906
guided,Cc1ccccc1N1CCN(C(=S)Nc2cccc(S(=O)(=O)N3CCCC3)c2)CC1,-3.3833022117614746
guided,C[CH-]N1[CH+][CH+]N([C-]([O-])[CH+][CH+][C-](C)[N-]N2C(C)CCCC2C)CC1.[H+].[H+].[H+],-4.447984218597412
guided,O=N[O-].S=[NH+]C1=Cc2ccccc2CC1,-1.8234959840774536
guided,O=S1(=O)CCN(CCc2cn(Cc3cccc(Cl)c3)c3ccccc23)CC1,-5.2380805015563965
guided,CC(C)Nc1nnc(S[C@H](C)C(=O)Nc2ccc(Cl)cn2)s1,-1.6279311180114746
guided,NC(=O)N/N=C(\Cc1ccc(Cl)cc1)c1ccc(O)c(O)c1,-0.5966554284095764
guided,COc1nc(N2CCOCC2)nc2c(OC)cc(Cl)cc12,-2.8026068210601807
guided,COc1ccc(C(=O)NC2CC2)cc1OC1CCN(Cc2cnn(C)c2C)CC1,-1.8565614223480225
guided,OCCNc1nc(N2CCOCC2)nc(N2CCOCC2)n1,-0.40326961874961853
guided,COC(CC1=C(c2ccc(F)cc2)C(=O)c2ccccc21)OC,-6.566192150115967
guided,CO[C@H]1CCCC[C@@H]1NCc1ccccc1,-8.486489295959473
guided,CCSCCNC(=O)c1cccc(Cl)c1,-7.08904504776001
guided,COc1ccc([C@H]2CC(=O)c3ccc(=S)[nH]c3C2)cc1OC,-4.158262729644775
guided,[O-][C+]([C][CH+][C-]1[CH+][c-]2[c+]([cH-][cH+][cH-][c+]2-[c-]2[cH+][cH-][cH+][cH-][cH+]2)OC1)[c-]1[cH+][cH-][cH+][cH+][n-]1,-4.542721271514893
guided,COc1cccc(CSC[C@@H](NC(C)=O)C(=O)NCCCN2CCCC2)c1,-1.510544776916504
guided,CCOCCn1c(SCC(=O)Nc2cccc(C)c2)nc2ccccc2c1=O,-1.8580222129821777
guided,CN1CCC(C(=O)c2cccc(NC(=O)c3ccccc3F)n2)CC1,-2.531850814819336
guided,COc1ccc([C@H](C(=O)NCc2ccncc2)c2ccccc2)cc1,-4.000612258911133
guided,CCOc1ccc2nc(-c3cccnc3)cc(C(=O)O[C@H](C)OC(C)C)c2c1,-2.9286348819732666
guided,Cn1cnnc1SCc1nc2ccccc2s1,-4.633517265319824
guided,CC(N[C-]([O-])CC[C+]([O-])NCCC[C+]([O-])NCC[C]C[C+]1[CH+][CH+][CH-][CH+][CH-]1)[c+]1[cH-][cH+][c-]([C][N-2])[cH+][cH-]1,-0.45670583844184875
guided,NC(=O)CC1=N[S+]=C/C1=C(\[O-])c1cc(F)ccc1OC(F)F,-0.5493878722190857
guided,CC(=O)c1cccc(NS(=O)(=O)c2ccc(F)c(C(C)=O)c2)c1,-1.3028358221054077
guided,O=C(NCc1ccco1)[C@@H]1CC(c2c(Cl)cccc2Cl)=NO1,-2.6666994094848633
guided,CO[c-]1[cH+][cH-][c+](OC2CCN(C(C)[C-]([O-])N[C+](C)[c+]3[cH-][cH+][cH-][cH+][cH-]3)CC2)[cH-][cH+]1,-3.0583646297454834
guided,C[C@H](NC(=O)c1nc[nH]c1C(=O)N[C@H](Cc1ccccc1)C(=O)OC(C)(C)C)C(=O)OCc1ccccc1,-0.7756579518318176
guided,O=C(C[C@@H](NC(=O)c1ccco1)C(=O)O)OCC(=O)c1cccs1,-0.33560341596603394
guided,CC(=O)Nc1ccc(S(=O)(=O)Nc2nc(C)nc3sc(C)c(C)c23)cc1,-0.9620168805122375
guided,N#C/C(=C\c1cccc2ccccc12)[P@@](=O)(Nc1ccccn1)c1ccc(O)cc1,-3.0598888397216797
guided,S=C(NCc1ccccc1)N1CCN(c2ccccn2)CC1,-6.366543292999268
guided,O=C(OCCN1C(=O)c2cccc3c(N4CCOCC4)ccc(c23)C1=O)c1ccc(F)cc1,-1.6206676959991455
guided,[H]/N=c1\n(CCCOc2ccccc2Cl)c2ccc(Cl)cc2n1CC(N)=O,-1.089333415031433
guided,CCOc1ccc(-n2nc3ccc(N)cc3n2)cc1,-1.9827191829681396
guided,COc1cc2ncc(Cl)c(Oc3ccc(Cl)c(C(F)(F)F)c3)c2cc1OC,-8.296573638916016
guided,Clc1ccc(N[C@H](Cc2cccc3cnccc23)c2nnnn2Cc2cc3ccccc3nc2Cl)cc1,-4.522116661071777
guided,N#C/C(=C\Nc1ccccc1)c1nnc2n1CCCCC2,-2.2129642963409424
guided,COCN1CCOCC1,-8.136460304260254
guided,CC1=C([O-])N(/[O+]=C/c2ccccc2)c2ccccc2N1[O-].[H+],-2.1775622367858887
guided,O=C(Cc1ccccc1Cl)N1CCN(c2ccccn2)CC1,-5.6494832038879395
guided,O=C(Nc1nccs1)C1CCCCC1,-4.9261884689331055
guided,O=S(=O)(Nc1ccccc1P(=S)(N1CCOCC1)N1CCOCC1)c1ccc(F)cc1,-1.5186445713043213
guided,NC(=S)N/N=C/c1coc2ccccc2c1=O,-0.7749167680740356
guided,[S-]P(N1CC1)N(CCCl)C[c+]1[cH-][cH+][cH-][cH+][cH-]1,-11.76833438873291
guided,FC(F)(F)c1ccnc(-n2nnnc2NCc2cc3ccccc3o2)c1,-1.4332399368286133
guided,O=C(NC1CC1)[C@H]1CCCN1S(=O)(=O)c1cccc2nsnc12,-0.37502655386924744
guided,Cn1c2n/c(=[S+]/CCOCCOc3ccc(Cl)cc3)n(Cc3ccccc3)c-2c([O-])n(C)c1=O,-0.7617917656898499
guided,CCOc1cccc(-c2ccc(NC(C)=O)cc2)c1O,-3.129810094833374
guided,C/C(CC[C@H](C(=O)NC1=[S+2]=C2C[C@H](C)CCC2=C1C#N)[C-](C)C)=C(/[O-])O,-0.7467818260192871
guided,O=S(=O)(c1ccc(Br)c2ccccc12)N1CCOCC1,-4.19506311416626
guided,O=C(/C=C/Nc1ccccc1CNC(=O)c1cccc(F)c1)c1ccc(Br)cc1,-4.801718235015869
guided,CNC(=S)N(Cc1ccccc1)[C@@H]1CC(=O)N(c2ccc(F)cc2)C1=O,-3.3830173015594482
guided,CCNS(=O)(=O)c1ccc(Oc2ccccc2)cc1,-3.1779747009277344
guided,CN(C)CCN(C(=O)c1cccn1C)c1nc2ccc(Br)cc2s1,-5.370305061340332
guided,CCCc1sccc1CCC(=O)O,-5.739104270935059
guided,NC(=S)NNC(=O)N(Cc1ccccc1)c1ccccc1,-1.579914927482605
guided,CC(=O)c1nn(-c2ccccc2)cc1C(=O)c1cc(Cl)ccc1O,-2.1563572883605957
guided,O=S(=O)(Nc1ccc(OC(F)F)c(Cl)c1)c1ccc(N2CCCC2)cc1,-3.811661958694458
guided,Cc1onc(-c2ccccc2)c1-c1n[nH]c(=S)n1C,-2.888442039489746
guided,Cc1ccc(C2=[O+]Oc3c4ccccc4c([O-])n3C2)c(C)c1,-4.118102550506592
guided,COCCn1nnnc1[C@H](c1ccc(F)cc1)N(CCc1ccccc1)Cc1ccccc1,-4.037267684936523
guided,CCn1c(COc2ccccc2Cl)nnc1SCCOc1cccc(C)c1C,-5.817151069641113
guided,O=C(NCCc1ccccc1)[C@@H]1CCCN(S(=O)(=O)c2ccccc2C(F)(F)F)C1,-2.4598207473754883
guided,COc1ccc(NC(=S)N[C@H](C)CCc2ccccc2)cc1OC,-5.522857189178467
guided,COCCCNCCCCOc1ccccc1[N+](=O)[O-],-1.4409868717193604
guided,O=S(=O)(O)c1cc(-c2ccccc2)n(-c2ccccc2)n1,-1.673774242401123
guided,O=C(NCc1ccccn1)c1csc2c1CCCC2,-5.003878593444824
guided,S=c1[nH]nc(SCc2ccccc2)n1NCc1ccccc1,-5.118878364562988
guided,S=C(NCc1cccnc1)Nc1cc(Cl)ccc1Cl,-6.364413738250732
guided,O=S(=O)(NC1CC1)c1cccc(NC2=NCCC2)c1,-1.51236093044281
guided,[H]/N=C1/CCCN1NC(=O)CNc1ccc(Cl)cc1,-1.728249430656433
guided,O=S1(=O)CCN(CCc2ccc(Cl)cc2)CC1,-5.3238301277160645
guided,COc1ccccc1OCCOCc1cccc(NC(=O)c2ccccc2OC)c1,-3.2442526817321777
guided,O=C(N[C@@H](Cc1c[nH]c2ccccc12)C(=O)O)c1ccccc1F,-1.084967017173767
guided,Fc1cccc(Cc2noc(-c3ccccc3Cl)n2)c1,-6.174843788146973
guided,Fc1ccc([C@@H]2CCCN2c2cccc(C(F)(F)F)c2)cc1,-14.225831985473633
guided,CCCC(=O)N/N=C1\CS(=O)(=O)N(C)c2ccsc21,-0.9328248500823975
guided,OCCCn1nc2c(C(F)(F)F)cccc2c1-c1ccc(F)cc1,-6.423769474029541
guided,CCCCCn1nc(C)c2c1c1ccccc1n1cnnc21,-4.636600494384766
guided,S=C(Nc1ccccc1)N(CCN1CCCCC1)Cc1ccco1,-7.211483478546143
guided,CN(CC(=O)NC1CC1)S(=O)(=O)c1cccc2cnccc12,-0.8064979910850525
guided,Cc1c(C(=O)N/C=C/C=C/c2ccco2)oc2cc(Cl)ccc12,-4.706379413604736
guided,CC(=O)NCC(=O)OCC(=O)c1ccc2ccccc2c1,-1.2865185737609863
guided,[O-]P([c+]1[cH-][cH+][cH-][cH+][cH-]1)[c+]1[cH-][cH+][cH-][cH+][c-]1NC1CCCCC1,-6.150693416595459
guided,Clc1cccc(Cl)c1COn1nnc2ccccc21,-5.539243698120117
guided,COCCn1c(C)cc(C(=O)CN2C(=O)C(=O)N(Cc3ccccc3F)C2=O)c1C,-0.6047043204307556
guided,O=S(=O)(c1ccc(F)cc1)N1CCN(Cc2ccc3c(c2)OCO3)CC1,-2.514188051223755
guided,Cl[c-]1[cH+][cH-][c+](CN[CH-][CH+][C-]([N-][N-][C+]2[CH+][CH+][CH-][CH+][CH-]2)[c+]2[cH-][cH+][cH-][cH+][cH-]2)[c-](Cl)[cH+]1,-8.254551887512207
guided,[H]/[O+]=C1\C(N([O-])[O-])=CC(Cl)=C\C1=[S+]\C#N,-0.5384615063667297
guided,O=C(NNC(=S)Nc1c(F)cc(F)cc1Br)c1cccnc1,-2.1884944438934326
guided,Nc1ccccc1Oc1nc2ccccc2nc1C(F)(F)F,-3.324042320251465
guided,O=C(/C=C/c1cn(-c2ccccc2)nc1-c1cccs1)c1cccnc1,-5.545436382293701
guided,CCn1nnnc1SCNc1cc(C)ccc1C,-3.1255905628204346
guided,CC(=O)N[C@@H](Cc1ccccc1)C(C)=O,-3.9837594032287598
guided,O=C(NCCCCCC(=O)N1CCC2(CC1)OCCO2)c1ccc(Br)cc1,-2.2363479137420654
guided,O[C@H](COCc1ccc(Cl)c(Cl)c1)CN1CCCCC1,-6.748079776763916
guided,COCCNC(=O)N1CCC[C@H]1C(=O)NCCc1ccccc1,-1.3980790376663208
guided,[C-3][CH-][CH+][CH+][C][CH-][CH+][CH+][C][C+]([N-][c+]1[n-][cH+][n-]n1[C][c-]1[cH+][cH-][cH+][c-](Br)[cH+]1)[c+]1[cH-][cH+][cH-][cH+][cH-]1,-6.005475044250488
guided,O=[C-]Nc1ncccc1/[O+]=C/c1ccccc1,-3.2346363067626953
guided,S=C(NCc1cn2ccsc2n1)NC1CCCCC1,-5.046759605407715
guided,[O-]P(OCCCS[c+]1[n-][cH+][n-][nH]1)O[c+]1[cH-][cH+][cH-][cH+][cH-]1,-0.6374807953834534
guided,FC(F)(F)COc1ccc(Cl)cn1,-8.405054092407227
guided,COc1cc(OC)cc(-n2nc(C(=O)Nc3nccs3)c3ccccc3c2=O)c1,-0.7739755511283875
guided,S=C(Nc1ccc2nsnc2c1)N1CCCCC1,-5.155150413513184
guided,Nn1c(COc2ccc(Cl)cc2)nc2ccccc2c1=O,-1.6012217998504639
guided,O=[N+]([O-])c1cc(C(=S)N2CCCC2)ccc1SCc1ccc(F)cc1,-5.724677085876465
guided,CCOc1cc(/C=C(\C#N)C(=O)Nc2ccccc2Cl)ccc1OCc1ccccc1Cl,-5.061366081237793
guided,Cc1cc(OC(=O)c2cnccn2)ccc1C(C)C,-3.7516515254974365
guided,CCc1ccc(C)c(CN2C(=O)c3ccccc3C2=O)c1,-5.900439262390137
guided,[CH2-]CCCCCn1c#[n+]c2[nH]ncc2c1=O,-2.0090584754943848
guided,CO[C]1[CH]C2([C](OC)[CH][CH-]1)[C]1[C](N[C]([O])[C]3[CH][CH][CH]O3)[O+]12.[CH2-]N1[CH+][NH+][C]2[CH][CH][CH][CH][C]21.[O-2],-0.48360395431518555
guided,COc1ccc2nc3sc(-n4c5ccccc5c5ccccc54)nc3cc2c1,-7.82604455947876
guided,CC1[C-]2[CH+][C-](N([O-])[O-])[CH+][CH+][C+]2[N-][N-][C-]1[C+]1[CH+][N-][CH+][CH+][N-]1,-1.1416466236114502
guided,O=C(COC(=O)CCCCCCC(=O)c1ccccc1)Nc1ccccc1Cl,-3.249363660812378
guided,CN(C)S(=O)(=O)c1ccc(C(=O)Nc2ccc3c(c2)OCCO3)cc1,-0.670280396938324
guided,CC(=O)/C=N\Nc1ccc(S(=O)(=O)N2CCNNC2)cc1,-0.4086434841156006
guided,Cc1ccc(-n2c(=O)c3sccc3n(CC(=O)NCc3ccco3)c2=O)cc1,-0.7340038418769836
guided,S=C(Nc1cccc(Cl)c1)N1CCCC1,-9.97903823852539
guided,Cc1c(OC(=O)C(C)(C)C)ccc2c3c(c(=O)oc12)CCC3,-3.480008840560913
guided,Fc1cccc(CSc2nncc3ccccc23)c1,-8.357799530029297
guided,[H]/N=C(/C#CCC(=O)N1CCC[C@H](c2nc3c(nnn3Cc3cccc(Cl)c3)c(=O)[nH]2)C1)Nc1ccccc1,-1.0167832374572754
guided,N[C-](N)NCCCC(N)[C+]([O-])O,-0.6354004740715027
guided,Cc1cc(C)n2nc(C(=O)N3CCCc4ccccc43)nc2n1,-2.2074499130249023
guided,O=C(c1ccccc1)c1ccc2ccccc2c1,-10.080419540405273
guided,CCOc1cccc2sc(N(CCCN(C)C)C(=O)c3ccc(S(=O)(=O)N(C)C)cc3)nc12,-1.3783847093582153
guided,[O-]N([O-])[c+]1[c+](N[c-]2[cH+][cH-][cH+][cH-][c+]2O)[cH-][c+](N2CC[C]CCC2)[c+]2[n-]o[n-][c+]12,-0.8603665828704834
guided,O=C(Nc1nnc(-c2ccccc2)o1)C1CCCCC1,-2.2012250423431396
guided,CCOc1cc(NC(=O)N2CCCCCC2)c(OCC)cc1NC(=O)c1ccco1,-2.0654847621917725
guided,COc1cc([N+](=O)[O-])ccc1NC(=O)c1ccncc1,-0.49774885177612305
guided,COc1ccc(CNc2ccc([N+](=O)[O-])cc2)cc1COc1ccccc1C(N)=O,-1.2962862253189087
guided,CCCCCCOc1cc(C)c(Cl)cc1OC,-10.306252479553223
guided,COc1cc(OC)c2c(=O)c3ccccc3oc2c1,-3.9984331130981445
guided,[CH]CCOCCOCCOCCOCC[N-]C[c+]1[cH-][cH+][cH-][cH+][cH-]1,-3.7364392280578613
guided,CC(=O)c1ccc(S(=O)(=O)N2CCC(c3noc(-c4ccc(C)cc4)n3)CC2)cc1,-1.2959375381469727
guided,Cc1ccc(N2C(=O)[C@@H](CN(C)C)[C@@H]2c2ccccc2)cc1,-8.201047897338867
guided,CC(=O)N[C@H](CC(=O)Nc1ccc(S(=O)(=O)N2CCCC2)cc1)c1ccccc1,-0.6438994407653809
guided,CCOCCc1cccc(NC(=O)CC(F)(F)F)c1COC,-4.418735504150391
guided,Clc1cccc2c1Sc1ccccc1C[C@H]2N1CCCC1,-14.184237480163574
guided,COCC1CCN(CC2=C(NC(=O)c3cc4ccccc4c(=O)o3)C(=O)N2c2ccccc2)CC1,-0.8909214735031128
guided,N[P@](=O)(OCC(F)(F)F)Oc1ccc(Cl)cc1,-2.9429516792297363
guided,CC(C)N(C)C[C@H](c1ccc(O)cc1)n1c(Nc2ccncc2)nc2ccccc21,-3.4234492778778076
guided,COCCNC(=O)Nc1nnc(SCc2ccccc2Cl)s1,-1.6494923830032349
guided,FC(F)(F)c1cc(-c2cccs2)nc(SCCCCCl)n1,-9.583207130432129
guided,COc1ccc(S(=O)(=O)c2c(N)n(Cc3ccccc3)c3nc4ccccc4nc23)cc1,-1.40036141872406
guided,CN(Cc1cccc2ccccc12)C(=O)Cn1nc(C(F)(F)F)c2c1CCC2,-6.354177951812744
guided,COc1ccc(Cl)c(NC(=O)CCSC(=S)N2CCCC2)c1,-5.543601036071777
guided,O=c1cc(N2CCCCC2)[nH]c(=O)n1C1CCCCC1,-2.734530448913574
guided,[CH2-][O+]1[CH+][CH-][S+2]([O-])([O-])C[CH+]N[C+]([S-])[N-][c+]2[cH-][c+](Cl)[cH-][cH+][c-]21.[H+].[H+],-1.7407993078231812
guided,[CH2-]N(CC[N-][C+]([O-])CC[C+]([O-])NC[C-](OC)OC)[C+]1[CH+][C-](OC)[C+](OC)[C-](OC)[CH+]1,-0.4732779860496521
guided,Fc1ccc2[nH]c3c(NCCN4CCOCC4)ncnc3c2c1,-1.8758258819580078
guided,C=[O+]C(=O)C1=C=CC2=NC(CCOC)=C([O-])NC2=C1,-0.7192959189414978
guided,COC(=O)n1c(SCC(=O)N[C@@H](C)[C@H](c2cccs2)N2CCN(C)CC2)nc2ccccc21,-1.377402901649475
guided,N#C/C(=C\c1cccs1)c1nc2ccccc2[nH]1,-4.022221565246582
guided,CC(=O)C1=C/C(=C(/[O-])c2ccccc2[N+](=O)[O-])C(N)=[S+]1,-0.36208245158195496
guided,COC(=O)c1cc([N+](=O)[O-])ccc1NC(C)C,-1.0058025121688843
guided,CC(=O)c1c(C)[nH]c(/C=N/Nc2nc3ccccc3s2)c1C,-2.4510958194732666
guided,CCO[C@@H](C)[C@H](NC(=O)C1CCN(C(=O)[C@H](NC(=O)OC(C)(C)C)C(C)(C)C)CC1)C(=O)N[C@@H](Cc1ccccc1)C(=O)O,-0.8530545830726624
guided,NS(=O)(=O)c1cccc2cccnc12,-1.2165305614471436
guided,O=C1CSCc2cnn(-c3ccccc3)c2/N=C/[C@H]2C3C=C(C=CN32)CN1,-2.3107404708862305
guided,CCOc1ccc(-c2cc(C(F)(F)F)n3ncc(C(=O)Nc4ccccc4F)c3n2)cc1,-3.6715168952941895
guided,CN(CC(=O)NCCSC1CCCCC1)S(=O)(=O)c1ccccc1,-2.0145740509033203
guided,O=C1C=CC=C(NC[C@H]2CCCO2)C1,-5.223529815673828
guided,COC(=O)c1c(C)sc(F)c1NC(=O)c1cccc(C(F)(F)F)c1,-4.135189533233643
guided,COC/C=C\C(=O)N/C(C)=C\c1cn(S(=O)(=O)N(C)C)c2ccccc12,-0.8277186751365662
guided,CCS[C@H](C)C1=NCCN1,-7.717765808105469
guided,CCOC(=O)Oc1ccc(C(=O)OC)cc1OC,-1.5169527530670166
guided,[C-3][C+]([O-])[C-]1[CH+]SCCO1,-6.294153690338135
guided,CC[C@@]1(C)Cc2c([s+]c3nc(SC)n(-c4ccccc4)c([O-])c2-3)CO1,-4.776097774505615
guided,CCC[c-]1[cH+][cH-][cH+][cH-][c+]1N[c-]1[nH][c+]2[cH-][c+]3[cH-][cH+][cH-][cH+][c-]3[n-][c+]2oo1,-3.84977650642395
guided,O=C1CCC(=O)N1c1ccc(N2CCOCC2)cc1,-3.4999537467956543
guided,O=C1O[C@H](N2CCOCC2)c2ccccc21,-5.016125202178955
guided,CO[C]1[CH][C](N[C]2[N][CH][N][C]3[C]2[CH][N]N3[C]CC[C+](C)C)[C](Cl)[CH][C]1Cl,-2.2271244525909424
guided,Cc1ccc(OCC(=O)Nc2cccc(S(=O)(=O)Nc3nccs3)c2)c(C(C)C)c1,-1.6666250228881836
guided,C=[O+][C-](NCCC)c1ccccc1NC(=S)N[C@@H](C)c1ccccc1,-4.827910900115967
guided,[H]/N=C(C(\C#N)=N\Nc1ccccc1OC)/N1CCOCC1,-0.39430779218673706
guided,Cc1cccc2oc3cc(OC(C)C)ccc3c(=O)c12,-6.012670040130615
guided,CCOc1ccc(N2C(=O)[C@H]3CC(=O)N[C@H]3[C@@H]2c2ccccc2F)cc1,-2.8129403591156006
guided,CCC[S@@](#[O+])([O-])[N+]1=NC(c2ccccc2/N=C(/C)[O-])=C=C1,-0.7404671907424927
guided,S=C(NCCCN1CCOCC1)NC1CCCC1,-5.49245548248291
guided,CN(C)C(=O)c1c(Nc2ccccc2)sc2c1CCC2,-6.924220085144043
guided,OCCn1c(SCc2cn3ccccc3n2)nc2ccccc21,-3.2357289791107178
guided,N#CCCSCc1cccnc1,-5.605400562286377
guided,Cn1c(Cc2cccc3ccccc23)nnc1SCC(=O)NC1CC1,-2.718817710876465
guided,N#CCS(=O)(=O)c1ccccc1,-2.5981807708740234
guided,C=C1N=c2ccccc2=C([O-])N1.[O+]#P(c1ccccc1)c1ccccc1,-1.6307809352874756
guided,CN1[CH-][C+](CN2[CH-]CCC([C+]([O-])[C+]3[CH+][CH-][CH+][C-](OC[c-]4[cH+][cH-][cH+][cH-][c+]4F)[CH+]3)C2)[CH-][N-]1,-3.7336580753326416
guided,[O-][S+]([O-])n1[c+](C[c+]2[cH-][cH+][c-](Br)s2)[n-][c-]2[cH+][cH-][cH+][cH-][c+]21,-2.2546498775482178
guided,Nc1ncnc2c1[nH]c1ccccc12,-1.7217415571212769
guided,Nn1c(SCC(=O)Nc2cccc(Br)c2)nc(-c2ccccc2)c1Cl,-2.601712465286255
guided,CCOc1ccc(NC(=S)N2CCCC2)cc1,-7.943350315093994
guided,CC(=O)/C(C#N)=C\C(=O)c1ccc(C)c([N+](=O)[O-])c1,-0.5638458132743835
guided,COCCNC(=O)c1ccccc1OC(F)F,-3.8293557167053223
guided,CCCOC(=O)c1ccc(NC(=O)CCC)cc1,-3.3026914596557617
guided,CCCCOOC(=O)[C@H](C)CC1CCCCC1,-6.720707416534424
guided,O=C(/C=C/c1ccccc1)OC[C@H]1C[C@H](O)[C@@H](N2C(=O)c3ccccc3C2=O)O1,-0.48177146911621094
guided,FC(F)(F)C1=NCCN1,-7.843369483947754
guided,CCOc1ccc(/C=N/NC(N)=S)cc1OCC,-1.6309218406677246
guided,Fc1cc(C(F)(F)F)ccc1NC(=S)NC[C@H]1COc2ccccc2O1,-5.536553859710693
guided,C[C@@H](CN1CCOCC1)OC(=O)c1ccc(F)cc1,-5.08725643157959
guided,CCOc1ccc2ccccc2c1C(=O)N[C@H]1C(=O)N2[C@H]1SC(C)(C)[C@H]2C(=O)O,-0.5765315294265747
guided,COc1cc(N(C)C2=NNC3=NC4=C(CCCC4)/C(=C(\[O-])NCC(C)C)[O+]32)c2ncccc2c1,-0.8325340151786804
guided,CN1CCN(c2ccccc2NS(=O)(=O)c2ccc(Cl)cc2)CC1,-3.4538652896881104
guided,Fc1ccc(COc2cccc(-c3n[nH]c(=S)o3)c2)c(F)c1,-4.634518623352051
guided,S=C(Nc1ccc(Cl)cc1)N(Cc1ccc2ccccc2c1)Cc1ccco1,-10.451732635498047
guided,O=C(Nc1ccc(Cl)cc1C(=O)Nc1cccnc1)c1cc2ccccc2o1,-2.5173635482788086
guided,COc1ccc(NC(=O)C/C=N/N2CCN(C/C=C/c3ccccc3)CC2)c([N+](=O)[O-])c1,-0.8442476987838745
guided,O=C(NCc1ccc(OC(F)(F)F)cc1)c1coc(=O)c(Br)c1,-2.1934823989868164
guided,CCOc1cc(C)ccc1N[C@@H](C)C(=O)Nc1cc(Cl)ccc1N1CCOCC1,-3.322448492050171
guided,CC(=O)/C(=C\Nc1ccc(F)cc1F)C(=O)N1CCCCC1,-4.019502639770508
guided,Cc1cc(C)cc(N(CC(=O)N2CCc3ccccc3C2)S(=O)(=O)c2c(C)noc2C)c1,-1.4989053010940552
guided,O=S1(=O)C[C@H](O)[C@H](NCCCO)C1,-0.7574803233146667
guided,CC[C@@]1(C)CN(S(=O)(=O)OCC(Cl)(Cl)Cl)C(=O)N1,-1.2784008979797363
guided,CCOc1ccc(N(C(=O)Nc2cccc3ccccc23)C(C)C)cc1,-7.2268385887146
guided,CN(CCO)c1nc2c(c(=O)n(Cc3cccc(F)c3)c(=O)n2C)n1C,-0.5612678527832031
guided,O=C(C[C@]12C[C@H]3C[C@H](C[C@H](C3)C1)C2)Nc1ccccn1,-5.406310081481934
guided,CCOC(=O)c1[nH]c(C)c(C(=O)NC2CCCCC2)c1C,-1.9092164039611816
guided,CCCc1nnc(SCC(=O)N2[C@H](C)CCC[C@@H]2C)n1C[C@H]1CCCO1,-3.065195322036743
guided,O=C(COc1ccccc1)N/N=C/c1cccc2cccnc12,-2.26580548286438
guided,Nc1nc(-c2ccc(-c3ccccc3)cc2O)cc(N2CCCC2)n1,-1.9108867645263672
guided,COc1ccc([N+](=O)[O-])cc1N[C@@H](C)C(=O)N/C=C\c1ccccn1,-0.5527932047843933
guided,O=[N+]([O-])c1cccc(-c2nc(N3CCCCCC3)c3ccccc3n2)c1,-2.8096280097961426
guided,O=C(NNC(=S)Nc1ccccc1Cl)c1cc([N+](=O)[O-])ccc1-n1cccc1,-1.1959929466247559
guided,CC(=O)c1sc2nsc(SCCN3CCCCC3)c2c1N,-3.2834761142730713
guided,CC(=O)c1cccc(NS(=O)(=O)c2ccc(C(=O)NCCN3CCCC[C@@H]3C)cc2)c1,-0.9586539268493652
guided,O=C(Nc1ccc2ncccc2c1)C(F)(F)O[C@@H](F)C(F)(F)F,-4.129281044006348
guided,NNc1ccc(S(=O)(=O)N2CCCCC2)cn1,-0.5865095257759094
guided,C[C@@H](NS(=O)(=O)c1cccs1)[C@@H](c1cccs1)N1CCN(C)CC1,-3.3473410606384277
guided,O=C(c1ccc2ccccc2n1)c1c(-c2ccc(O)cc2)sc2ccc(F)cc12,-6.742460250854492
guided,CCOc1ccccc1/N=N/c1ccccc1C(=O)O,-2.614924192428589
guided,CCCOc1nc(C)n(NC(=O)c2ccc(F)cc2F)c(=O)c1C,-1.449114441871643
guided,COc1cccc(OC)c1C(=O)NCCC(=O)NCC(=O)N/N=C/c1ccc([N+](=O)[O-])cc1,-0.27667737007141113
guided,COc1cc2[nH]n(CCCOC(C)C)c(=O)c2cc1OC,-1.983266830444336
guided,COc1ccc(OCCC(=O)NCCCN2CCN(c3ccc(OC)cc3)CC2)cc1,-2.3142218589782715
guided,NNS(=O)(=O)c1ccc2cc(Br)ccc2c1,-1.405285120010376
guided,N#C[C@@H](c1ccccc1)c1ccc(Cl)cc1,-8.740339279174805
guided,CCOCCN1CCN(C(=O)/C=C\c2ccc(OC)cc2)CC1,-4.5931501388549805
guided,[H]/N=C(/N)SCc1cccc2ccccc12,-3.9712202548980713
guided,CO[C-]([O-])C([CH+]O)C(O)C(C)C[C+]([O-])O,-0.5179298520088196
guided,CNS/[N+]([O-])=N\c1cccc(C(C)(C)C)c1,-4.170705318450928
guided,Fc1ccc2[nH]cc(Br)c2c1,-9.925542831420898
guided,COC(CNC(=O)CN1C(=O)c2ccccc2C1=O)OC,-0.6084819436073303
guided,O=C(Cn1c(=O)oc2cc(S(=O)(=O)NCc3ccccc3)ccc21)N1CCCC1,-0.3068150579929352
guided,CCCC/C=C/C(=O)OCC(=O)NC(C)=O,-1.3839503526687622
guided,C=CCN(c1ccccc1Cl)S(=O)(=O)c1ccc(N2CCc3cc(OC)c(OC)cc3C2)nc1,-2.889087200164795
guided,NS(=O)(=O)c1ccc(C2CCCCC2)cc1,-2.618759870529175
guided,CO[C]1[CH][CH][CH][CH][C]1CN[C]([O])CN(C[C+]1[CH][CH][CH][CH][CH]1)S([O])([O])[C]1[CH][CH][CH][CH][C]1N([O-])[O-],-0.8683395385742188
guided,CCn1c(=O)[nH]c(=O)c2cc3ccc(N([O-])[O-])[s@SP1+]3[o+]c21,-0.38389453291893005
guided,CCCOc1ccc(-c2nnc3ccc(SCC(=O)NCCc4ccccc4)nn23)cc1,-1.8234549760818481
guided,CCCCNc1cc(Cl)nc(N)n1,-2.2163844108581543
guided,[O-]S([O-])([C][C](Cl)[C](Cl)Cl)N1CCCC1[C+]1[CH][CH][CH][N][CH]1,-2.7660529613494873
guided,O=C(Nc1nc2ccc(Cl)cc2s1)c1ccc(OC(F)F)cc1,-5.062428951263428
guided,O=S(=O)(OCC(Cl)(Cl)Cl)O/N=C(\C=C/c1ccccc1)c1ccc(Cl)cc1,-4.27701473236084
guided,[O-]c1n[s+](-c2ccc3[nH]ccc3c2)nc1N1CCOCC1,-1.023556113243103
guided,Clc1cccc(Oc2nc(Cl)nc3ccccc23)c1,-7.29686975479126
guided,[CH2+]CC1CCCS[C+](N[c+]2[cH-][cH+][c-](F)[c+](F)[cH-]2)[C+]1[C][N-2],-7.478296279907227
guided,CN(Cc1ccc(-n2cccn2)cc1)Cc1nc(-c2cnccn2)no1,-0.7806435823440552
guided,O=C(Nc1cccc(NC(=O)c2ccc3c(c2)OCO3)c1)c1cccnc1,-1.0456730127334595
guided,CCC(=O)N(Cc1cc2cc3c(cc2[nH]c1=O)OCCO3)c1ccc(C)cc1,-2.09197735786438
guided,[O-][S+2]([O-])(N[CH-][CH+][CH-]CCCCCCCCN1CCOCC1)[c+]1[cH-][cH+][c-](Cl)[cH+][cH-]1,-2.7757933139801025
guided,CP(C)(=O)CCC(=O)O,-3.188950300216675
guided,NC(=O)c1cn(C(=O)/C=C/c2cc3c(cc2Br)OCO3)cn1,-0.42337027192115784
guided,COc1ccccc1N1CCN(C(=O)C(c2ccccc2)c2ccccc2)CC1,-7.136717796325684
guided,O=C(c1cccs1)N1CCS[C@@H]1Cc1ccccn1,-6.320265293121338
guided,ON[C-]1[C@@H]2N3C45C=CC(Cl)=CC14[C@@]235.[H+],-5.755395889282227
guided,COc1cccc(Oc2nc3c(C)cccn3c(=O)c2/C=C2/C=CC=CO2)c1,-3.3582825660705566
guided,CCNS(=O)(=O)c1ccc(CCC(=O)Nc2cccc(Br)c2)cc1,-1.719995141029358
guided,Clc1ccc(N/C=N\c2ncccn2)nc1,-2.3023548126220703
guided,CC(=O)c1c(C)[nH]c(C(=O)Nc2ccc(F)cc2)c1C,-2.790013074874878
guided,Cc1ccccc1C[C@@]1(CO)CCCN(C(=O)Cn2c([N+](=O)[O-])cnc2C)C1,-0.5078462958335876
guided,Cc1cc(C)c2nc(-c3cccc(N)c3)cc(C(=O)O)c2c1,-1.9500707387924194
guided,OCCOCCOCc1ccccc1,-5.0924224853515625
guided,Cc1ccc(=[S+2]([O-])[O-])[c-](NC(=S)Nc2cccc(Cl)c2)c1.[H+],-2.3601438999176025
guided,COc1ccc(/C=C/[C@@H]2C=Cc3ccccc3O2)cc1CC(=O)N1CCOCC1,-4.47210168838501
guided,N/C(=N\NC(=O)c1cc(-c2ccc(O)cc2)nc2ccccc12)c1ccccn1,-0.7527076601982117
guided,Cc1nn(C)cc1/C=N/NC(=O)c1c(C)nc2ccc(Br)cn12,-1.2155213356018066
guided,[O-][C+](O)[CH-]O[c+]1[cH-][cH+][c-](Br)[cH+][c-]1-[c+]1[n-][c+]2[cH-][cH+][cH-][cH+][c-]2[nH][c+]1[O-],-0.3934299051761627
guided,COCCNC(=O)COC(=O)c1sc2nc(C)cc(C)c2c1N,-0.3255999982357025
guided,O=C1CCCC(O)=C1/[S+]=C1\C=CC=C\C1=C(/[O-])O,-0.9908450245857239
guided,O=C(O)c1cccc(OCC(=O)N2CCC[C@H]2c2ccccc2)c1,-2.21848726272583
guided,S=c1[nH]nc(-c2ccco2)n1/N=C/C1CC1,-2.7488818168640137
guided,CN(C)[C@@H]1[CH-]C(Oc2ccc(CCNC(=O)c3ccco3)cc2F)=CCC1.[H+],-3.732600450515747
guided,CCCc1sc(N)nc1-c1ccc(OC)cc1,-4.359572410583496
guided,COc1ccc(-c2nc3ccccc3c(=O)[nH]2)cc1Cl,-3.4140498638153076
guided,O=C1CCC(=O)N1COc1ccc(Cl)cc1Cl,-4.222840785980225
guided,[NH][C]1[C]([C]2[N][C]3[CH][CH][CH][CH][C]3S2)[C+](O)CN1[C]1[CH][CH][C](O)[C](N([O-])[O-])[CH]1,-0.5255285501480103
guided,CCc1nccn1-c1ccc(Cl)cc1,-9.387311935424805
guided,O=C(O)c1cccc(NCc2cccc(Cl)c2)c1,-4.431965351104736
guided,COCCNCc1nc2ccccc2c(=O)[nH]1,-1.667885661125183
guided,Fc1ccc(CSc2ccc3ccccc3n2)cc1,-11.446452140808105
guided,CCOC(=O)c1[nH]c(CSc2nnnn2-c2ccccc2C)c(C(=O)OCC)c1C,-0.9474539160728455
guided,ON/C=N\c1ccc(N2CCCCC2)cc1,-3.9878902435302734
guided,[CH2-]CN(CC1=[S+2]=c2nc(CN3CCOCC3)[nH]c(=O)c2=[C-]1)Cc1cccc(F)c1,-2.1785266399383545
guided,CC(=O)O[C@H]1CC[C@@H](NC(=O)OCc2ccccc2)[C@H](OC(C)=O)C1,-0.6805762052536011
guided,CCOc1ccc(NC(=O)CNS(=O)(=O)c2cccs2)cc1OCC,-0.5711467862129211
guided,C[C@H](Cc1cccs1)NC(=S)Nc1ccccc1,-8.410285949707031
guided,CO[C-](N[S+2]([O-])([O-])[c+]1[cH-][cH+][c-]2[cH+][cH-][cH+][cH-][c+]2[cH-]1)[C+](N)[N-]C[c+]1[cH-][cH+][cH-][cH+][cH-]1,-0.923096239566803
guided,CN(C)S(=O)(=O)c1ccc(CCNS(=O)(=O)c2ccc(F)cc2)cc1,-0.7057115435600281
guided,Clc1ccc(/N=C2/NN=C(c3ccc(Cl)c(Cl)c3)CS2)c(Cl)c1,-8.520515441894531
guided,[O-][CH+][c-]1[c+]([C+]([O-])N[N-][CH+][CH-][c+]2[n-][c+]3[cH-][cH+][cH-][cH+][c-]3s2)o[c-]2[cH+][cH-][cH+][cH-][c+]12,-0.46007776260375977
guided,C[C@H](C(=O)Nc1ccc(N2CCOCC2)cc1)N(C)CC(=O)Nc1cccnc1Cl,-0.7082158327102661
guided,Cc1ccc(NCC(=O)Nc2c3c(nn2C(C)(C)C)CS(=O)(=O)C3)cc1,-0.6135125160217285
guided,Cc1cc(/N=C/c2c(C(F)(F)F)[nH][nH]c2=O)sc1C(=O)O,-0.7768422961235046
guided,Brc1cnc(-n2cccc2)nc1N1CCCCC1,-6.323549270629883
guided,O=S(=O)(Nc1cccc(S(=O)(=O)Nc2nccs2)c1)c1ccc(Br)cc1,-1.0626517534255981
guided,Nc1ccc2oc(-c3ccc(-c4ccccc4)s3)nc2c1,-4.92360258102417
guided,CCNC(=O)NC(=O)COC(=O)c1cccc([N+](=O)[O-])c1,-0.3796958923339844
guided,CO[C@]1(NC(=O)Cc2ccccc2)CCCCO1,-3.840343475341797
guided,COCCCNC=C1C(=O)CC(C)(C)CC1=O,-2.970780611038208
guided,O=C[C@@H](O)[C@H](O)[C@H](OC/C=C\COC(=O)COc1cc(O)c(O)c(O)c1)C(=O)O,-0.38111117482185364
guided,CCCNCC(=O)Nc1cccc2ccccc12,-4.990841388702393
guided,Cn1c(=O)c2c(ncn2CC(=O)N2CCN(c3ccc(Cl)cc3)CC2)n(C)c1=O,-0.5499718189239502
guided,CCCn1c(-c2ccncc2)n[nH]c1=S,-4.205806255340576
guided,O=C(COc1ccccc1)Nc1ccc(S(=O)(=O)NCc2ccco2)cc1,-0.6236001253128052
guided,COc1nsnc1NS(=O)(=O)c1cccc2nccnc12,-0.29007089138031006
guided,NONc1ccnc(-c2ccccc2)n1,-1.2541718482971191
guided,Clc1ccc(OCc2nc(-c3ccncc3)no2)cc1,-2.8828847408294678
guided,O=S(=O)(N1CCCCCC1)N1CCc2ccccc2C1,-4.946769714355469
guided,C[C@H](Sc1nnc2n1CCCCC2)C(=O)Nc1nc([C@]23C[C@H]4C[C@H](C[C@H](C4)C2)C3)cs1,-3.35040283203125
guided,N#Cc1ccccc1NC(=O)COC(=O)CNc1ccccc1[N+](=O)[O-],-0.4089602530002594
guided,CSc1cccc(-n2c(SCC(N)=O)nnc2-c2ccccc2)c1,-1.71819269657135
guided,O=C(CSc1nc2cc(C(=O)NC3CC3)ccc2c(=O)n1Cc1ccco1)c1ccccc1,-1.3009394407272339
guided,COc1ccccc1/N=N/c1cn(-c2ccccc2)nc1-c1ccc(C)o1,-4.736647605895996
guided,Fc1ccccc1N1CCN([C@@H](c2cccs2)c2nnnn2C2CCCC2)CC1,-4.410616397857666
guided,CO[C+]1[CH-][C+](CC2(CC[C+]([O-])O)[N-]C[C-]([O-])N2[c-]2[cH+][cH-][cH+][c-](OC)[cH+]2)[CH+][CH+][C-]1OC,-0.35880306363105774
guided,Cc1ccc(N2C=CC(=O)[C@H](CC3C(=O)CC(C)(C)CC3=O)C2)cc1,-3.7167322635650635
guided,Oc1c(Cl)cc(Cl)cc1CNc1ccccn1,-5.051319122314453
guided,[CH2-]N(CCCN(C)C[c+]1[cH+][n-]n(C)[cH-]1)[C-]([O-])N[C+]1[CH+][CH-][CH+][C-](C)[C+]1C,-2.3066065311431885
guided,O=C(CCc1ccccc1)c1ccc2c(c1)OCO2,-6.108322620391846
guided,CNC(=O)N1C[C@@H](C(=O)NCCCOC(C)C)[C@]2(COc3ccccc3O2)C1=O,-0.3353896141052246
guided,Clc1ccc(-n2nnnc2CN2CCCCC2)cc1Cl,-4.4170989990234375
guided,Cc1cccc(CN2CCN(C(=O)c3ccc(Br)cc3)CC2)c1O,-4.9872941970825195
guided,S=C(NC[C@@H]1CCCO1)N1CCN(Cc2ccccc2Cl)CC1,-7.153659343719482
guided,COc1cc(C#N)cc(OC)c1OS(=O)(=O)c1ccc(C)cc1,-0.8940004706382751
guided,Fc1ccc(-n2c(SCc3ccccc3)nnc2-c2ccco2)cc1F,-6.322219371795654
guided,CCO[C@@H]1C[C@@H](O)[C@H](O[C@H](C[C@H](O)C[C@H]2CCCCN2C(C)C)OCC)CO1,-1.1873180866241455
guided,CCOC(=O)N1CCC(N(CCN(C)C)C(=S)Nc2cccc(C)c2)CC1,-4.290937423706055
guided,NS(=O)(=O)c1ccccc1/N=C(/c1ccccc1)P(=O)(c1ccccc1)c1ccccc1,-1.9201151132583618
guided,[H+].[O-][C+](O)[CH-]CC1C[CH+][CH-][C+]([O-])N1[c+]1[cH-][cH+][c-]([S+2]([O-])([O-])NC[CH+]OCCO)[cH+][cH-]1,-0.39375144243240356
guided,CC(=O)[C@@H](C)n1c(CN2CCCCC2)nc2ccccc2c1=O,-3.05594801902771
guided,COc1ccc(NC(=O)[C@H]2CCCO2)cc1NC(=O)CN1CCOCC1,-0.4205731153488159
guided,CN1[C+]2C[C+]([O-])N[C+]3[CH-][CH+][C-](Cl)[C+](Cl)C3S[c+]3[cH-][cH+][cH-][c+]([cH-]3)N[C+]([O-])CS[C-]1[N-][N-]2,-0.8545766472816467
guided,C[C-]1CC[C+]([O-])N1C(C)[C+]([O-])OC[C+]([O-])N[c+]1[cH-][c+]([S+2]([O-])([O-])N2CCOCC2)[cH-][cH+][c-]1C,-0.39674127101898193
guided,CO[c-]1[cH+][cH-][cH+][c-](O[C-]2[N-][c+]3[c-](C)[cH+][cH-][cH+]n3[C+]([O-])O2)[cH+]1,-1.6241167783737183
guided,O=C(c1ccc(OC(=O)N2CCOCC2)cc1)C1CCCCC1,-3.4504823684692383
guided,CN1CCN(c2ccccc2NC(=S)NC(=O)Cc2ccccc2)CC1,-3.934417486190796
guided,COc1ccc(/C=C(\C#N)C(=O)Nc2ccc3c(c2)OCCO3)cc1OC,-0.8836037516593933
guided,[O-][SH+2]([O-])[N-]C1CCC[c-]2[cH+][cH-][cH+][cH-][c+]21,-2.494598150253296
guided,Cc1ccc(-c2csc(SCC(=O)NC3CC3)n2)cc1,-5.254647731781006
guided,Fc1ccccc1CSc1ccccn1,-10.593789100646973
guided,COCCN1C(=O)c2ccc(C(=O)Nc3ccc4c(c3)OCO4)cc2C1=O,-0.42152735590934753
guided,O=C(/C=C/c1cn(CC(=O)N2CCCC2)c2ccccc12)c1cccs1,-5.668780326843262
guided,COc1cc2c(cc1OC)CN(CCc1ccccc1)CC2,-8.570786476135254
guided,O=C(N/N=C/c1cccnc1)c1c(-c2cccc3ccccc23)c(-c2ccccc2)nc2ccccc12,-5.932689666748047
guided,Clc1ccc(Cc2noc(CN3CCC(Cc4ccccc4)CC3)n2)cc1,-6.221478462219238
guided,C/C(=N\NC(=O)Cc1ccc(Cl)cc1)c1ccc(Cl)cc1,-5.804099082946777
guided,NC(=O)C[C@H]1CCCN(C/C=C/c2ccccc2)C1,-4.10642147064209
guided,O=C1COc2ccc(C(=O)COC(=O)CCc3c[nH]c4ccccc34)cc2N1,-0.667122483253479
guided,CC1[N-]C([c+]2[cH-][cH+][cH-][cH+][cH-]2)C[NH2+][C-]([S-])[C-]1[N-]N[C+]([O-])N[C+]1[CH+][CH-][CH+][CH-][CH+]1.[H+],-0.4703342616558075
guided,CCCNS(=O)(=O)c1ccc(OCc2ccccc2)cc1,-3.2525522708892822
guided,[CH2-]C(=O)NCCCNC(=O)CN1C(=O)c2cccnc2Oc2ccc(Cl)cc21.[H+],-0.42864057421684265
guided,Nc1ccc(CCNC(=O)c2cccs2)cc1,-3.048170328140259
guided,Fc1ccc(F)c(-c2nc3cnccn3c2NC2CCCC2)c1,-5.651120185852051
guided,COc1ccc(NS(=O)(=O)c2ccc(C)cc2C)cc1Br,-3.802992343902588
guided,O=C(N[C@H]1CCSC1=O)c1ccccc1,-3.999976873397827
guided,Cc1ccc(C)c(OCCCCn2ccnc2)c1,-7.671991348266602
guided,O=C(NNC(=O)c1cc(C2CC2)nc2ccccc12)c1ccccc1C(=O)N1CCOCC1,-0.588864266872406
guided,O=C(NCCc1ccccc1)c1ccc([N+](=O)[O-])s1,-1.612238883972168
guided,O=c1c(Cc2ccco2)c(O)ccn1Cc1ccccc1Cl,-3.518841505050659
guided,COc1ccc2[nH]c(/C(C)=N/NC(=O)[C@@H]3CCCNC3=O)cc2c1,-0.3744537830352783
guided,COC(CNC(=O)c1ccccc1NC(=O)c1ccccc1C(=O)O)OC,-0.4105207324028015
guided,CO[c-]1[cH+][cH-][cH+][cH-][c+]1[C-]([O-])NCC[C+]([O-])[N-][C][N-][c+]1[cH+][cH+][cH+][cH+][c-]1-n1[cH+][n-][n-][cH+]1.[H+],-0.23895208537578583
guided,O=C(c1ccco1)c1cccn1C[C@@H](O)COc1ccccc1,-2.190931558609009
guided,O=S(=O)(Cc1ncc(C(F)(F)F)cc1Cl)c1ccc(F)cc1,-4.90590238571167
guided,CCOC(=O)CN(c1ccc2c(c1)OCO2)S(C)(=O)=O,-0.7626795768737793
guided,COc1ccc(N2CCN([C@@H](C)C(=O)N3CCCC3)CC2)cc1,-5.475313663482666
guided,COc1ccc(/C=N/NC(=O)c2ccncc2)c(OC)c1O,-0.3750990331172943
guided,O=C(/C=C/c1cccc([N+](=O)[O-])c1)NCCNC(=O)COc1ccccc1,-0.38119077682495117
guided,CCN(CCC([C+]([O-])NC1CC1)N1[C-]([O-])[CH+][CH-][CH+][C-]1F)C[C+]([O-])NC[C-]([O-])N[C+]1[CH+][CH-][C+](Br)[CH-][C+]1C(F)(F)F.[H+],-0.5528753399848938
guided,C[C-]1[CH+]O[C-](N[C+]([N-][CH+][CH+][c-]2[cH+][cH-][cH+]s2)[C-]2[CH-][CH+][CH-][CH+][N-]2)[N-]1.[H+],-3.4175891876220703
guided,O=C(CN1CCC(O)(c2ccc(Cl)cc2)CC1)N1CCOCC1,-3.1501057147979736
guided,C=CCn1c(SCC(=O)N(CC)CCOCC)nc2[s+]c3c(c-2c1[O-])CC[C@H](C)C3,-2.330522060394287
guided,[C-3][P+]([O-])(O)O.[O-]P(O)O,-0.7323980927467346
guided,COc1cc(C=c2c(=O)c3cccc4cccc(c2=O)c43)cc(OC)c1OC,-2.4399964809417725
guided,CCN1CCN(CCOC(c2ccc(F)cc2)c2ccc(F)cc2)CC1,-10.104673385620117
guided,Cc1ncc(CN2CCOCC2)o1,-5.124098777770996
guided,Clc1ccc(CNCCCSc2ncccn2)c(Cl)c1,-6.326406002044678
guided,CNc1ccc(S(=O)(=O)NCCOCC(F)(F)F)cc1[N+](=O)[O-],-0.4297647774219513
guided,C=CCSc1nc(N(CC)CC)c2sccc2n1,-7.600111484527588
guided,COc1cc(CC(=O)Nc2cc(=O)n(C)c(=O)n2C)cc(OC)c1OC,-0.27147987484931946
guided,CC1=C(C(=O)O)[S+]=c2nc/c(=C(\[O-])c3ccco3)cc21,-0.5743823051452637
guided,CCOc1cccc(-c2nnc(N3C[C@H](C)C[C@H](C)C3)s2)c1,-6.242041110992432
guided,C[c+]1[c-](C)s[c+]([N-][CH+][C+]([C+]([O-])NC[c+]2[cH-][cH+][cH-]o2)[C-](C)[O-])[c-]1[C+]([O-])N[c+]1[cH-][cH+][cH-][c+]2[cH-][cH+][cH-][cH+][c-]12,-1.144806981086731
guided,Cc1cc(OCc2cc(C(=O)N[C@H]3CCOC(C)(C)C3)no2)cc(C)c1Cl,-2.4676754474639893
guided,CC1=CC[C@H]([C@@H](C)NC(=O)C2CCN(S(=O)(=O)c3ccc(C)o3)CC2)CC1,-1.5450130701065063
guided,CCOCc1ccc2nnc(C)n2c1C,-5.119431018829346
guided,CCCOc1cccc(C(=O)NCCCNC(=O)c2occc2C)c1,-1.209235429763794
guided,NNC(=O)Cn1cncn1,-0.7708464860916138
guided,CC(=O)c1ccc(N2CCN(S(=O)(=O)c3ccc4c(c3)CCN4C(=O)CCC(=O)O)CC2)cc1,-0.4798482060432434
guided,Cc1nc2nc(SCC(=O)NC3CCCC3)nn2c(C)c1Cc1ccc(F)cc1,-2.1209051609039307
guided,CCC(CC)C(=O)N(c1ccc(F)cc1)[C@H](Cc1ccccc1)C(=O)O,-3.9013915061950684
guided,[CH2+][CH+]CN(CCCOC)[C-]([O-])Cn1[c+]2[cH+][cH-][c+]([S+2]([O-])([O-])N3CCCCCC3)[cH-][c+]2o[c-]1[O-].[H+],-0.34592553973197937
guided,O=S(=O)(c1ccccc1)c1cc(-c2ccccc2)nc(Nc2ccccc2)n1,-2.9430415630340576
guided,O=C=C(/C(=[NH+]\Cc1ccc2c(c1)OCO2)c1ccc2ccccc2c1)N([O-])O,-0.33076903223991394
guided,CO[C]1[CH][CH][CH][CH][C]1CNC[CH][O+]CCO[C]CCO[C]1[CH][CH][C](Br)[CH][C]1C,-4.301055431365967
guided,O=C(c1ccco1)N1CCN(S(=O)(=O)c2cccs2)CC1,-1.401659369468689
guided,CCOC(=O)N1CCN(S(=O)(=O)c2ccc(C)cc2C)CC1,-1.826359748840332
guided,COCCNC(=O)c1cc(C2CC2)n(C)n1,-2.7976584434509277
guided,CCOCCCn1c(SCC(=O)Nc2nc(C)cs2)nnc1-c1ccncc1,-0.9238663911819458
guided,O=[N+]([O-])NC1=NCCN1Cc1ccc(Cl)nc1,-0.7644361257553101
guided,O=C(CN1C(=O)Cc2c([nH]c3ccccc23)C1=O)NCCCNCc1cccc2ccccc12,-0.865301787853241
guided,CCN1CC(=O)N2[C@H](c3ccccc3C)c3[nH]c4ccccc4c3C[C@@H]2C1=O,-3.2504899501800537
guided,Cc1nc(CNc2ccc(N3CCOCC3)cc2)sc1/C=C(/N)c1cccnc1,-1.8911644220352173
guided,CC(=O)[C@@H](Cc1ccccc1)Cc1ccc(F)cc1,-9.916080474853516
guided,O=c1[nH]nc(Cc2nc3ccccc3n2CCO)c2ccccc12,-0.6911004781723022
guided,O=S(=O)(Nc1nc2ccccc2nc1Oc1ccc(Cl)cc1)c1cccs1,-2.611004114151001
guided,CCOC(=O)N[C@H](c1ccc(N2CCN(C(=O)CC)CC2)cc1)C(C)C,-2.7755208015441895
guided,Cc1cc(C)c(S(=O)(=O)c2cc3c(cc2C)N(C)CCO3)cn1,-2.67427659034729
guided,[O-][S+]([O-])[c+]1[n-]n(-[c+]2[cH-][cH+][cH-][cH+][cH-]2)[cH+][c-]1[CH+][N-]O,-0.3572864830493927
guided,CC(C)CN(C#N)c1nc(N2CCOCC2)nc(N2CCOCC2)n1,-0.5274620652198792
guided,Clc1ccc(Cc2ccco2)nn1,-5.290367126464844
guided,Cc1ccc(/N=N/c2cc3ccccc3nc2N)cc1,-3.4780516624450684
guided,O=C(N[C@H](O)C(=O)c1ccccc1)/C(=C\c1ccccc1)NC(=O)c1ccco1,-0.4956507384777069
guided,Cc1cc(C)n2nc(SCC(=O)NCc3ccco3)nc2n1,-0.652198314666748
guided,CCOc1nc2cccc(C(=O)O)c2n1Cc1ccc(C)cc1,-2.6345374584198
guided,C[C]1[CH][C][C]([N][C]([S])N(CCN2CCOCC2)C[C]2[CH][CH][CH]S2)[CH][CH]1.[H+],-7.011205673217773
guided,CCn1cc(/C=N/NC(=O)c2ccc(-c3ccc(Cl)cc3)o2)c2ccccc21,-4.606507778167725
guided,O=C(CCCCCN1CCc2cc3ccccc3cc2C1=O)N[C@@H](Cc1c[nH]c2cc3ccccc3cc12)C(=O)O,-3.2223687171936035
guided,S=c1[nH]nc(COc2ccccc2)n1/N=C/c1cccnc1,-1.9473334550857544
guided,COc1cc(NC(=O)CSc2n[nH]c(=O)n2C2CCCCC2)cc(OC)c1OC,-0.696009635925293
guided,COc1ccc(N(CC(=O)N2CC=C(c3ccccc3)CC2)S(C)(=O)=O)cc1OC,-1.3653171062469482
guided,[H+].[O-][C+](N[N-]C1[C-]2[C+]3[C-]4[CH+][C][CH+][C-]5N[S+2]([O-])([O-])C[C-]([CH+]C321)[C+]54)[c-]1[cH+][cH-][cH+]s1,-0.42440199851989746
guided,O=C1C(=CNCc2ccco2)C(=O)c2ccccc21,-2.590197801589966
guided,C#[O+].COP([O-])OC.O=C1N/C(C(F)(F)F)=C(/[O-])OC2C=C(Cl)C=C/C2=[NH+]\1,-0.48247745633125305
guided,NOc1ccccc1F,-5.712150573730469
guided,O=C(c1ccc2nc[nH]c2c1)N1CCC[C@@H](N2CCN(c3ccc(F)cc3)CC2)C1,-3.2852814197540283
guided,O=C(COC(=O)C1CCCCC1)c1cccs1,-4.9008684158325195
guided,CCCOc1ccc(Cl)cc1CN1CCOCC1,-8.490876197814941
guided,CCCCn1c(SCC(=O)c2ccc(C)c(C)c2)nc2c1c(=O)[nH]c(=O)n2C,-0.8357329964637756
guided,ON1CCSCC1,-7.96933126449585
guided,Cc1cc(-c2ccccc2)nc(S[C@H](C(=O)O)c2ccc(F)cc2)n1,-3.507911205291748
guided,CCOP(=O)(Cc1cc2ccccc2n2nnnc12)OCC,-1.3791639804840088
guided,O=[N+]([O-])c1ccc(N/N=C2/CCCC[C@@H]2c2ccccn2)cc1,-2.0039117336273193
guided,N/C(=N\Cc1ccccc1)c1cccc(NC(=O)[C@H]2CCCO2)c1,-1.306352972984314
guided,Fc1ccccc1/C=C/C=N/c1ccccc1,-11.245597839355469
guided,COc1ccc(COC(=O)NN2CCOCC2)cc1,-2.3415098190307617
guided,CCCCN(CCC)c1nnc(NC(=O)COC)s1,-1.8433250188827515
guided,CO[C]1[CH][CH][C]([CH+][N]N[C]([O])CN[C]([O])CO[C]2[CH][CH][C]3[CH][CH][CH][CH][C]3[CH]2)[CH][C]1N([O-])[O-],-0.5482323169708252
guided,O=[N+]([O-])c1c(Cl)nc(N2CCCCC2)nc1NCc1cccnc1,-0.8532904982566833
guided,CN(C)CCS,-12.244526863098145
guided,[O-][C+]([CH+][CH+][c+]1[cH-][cH+][cH-]s1)N([O-])N[c+]1[cH-][cH+][cH-][cH+][c-]1N([O-])[O-],-0.4477517604827881
guided,NC1=C[C@@H](S[C@]2(Br)[C-](Cl)[C@@H]2c2ccncc2)N=C[CH+]1,-3.964808702468872
guided,CCCCn1nnc(NC(=S)NC(=O)c2ccc(OC)cc2)n1,-0.41943448781967163
guided,O=P(O)(O)/C=C/c1ccccc1,-2.7276036739349365
guided,Brc1ccc(OC2CCCCC2)c(CNCCCc2ccccc2)c1,-11.026534080505371
guided,CO/N=C(/c1ccc(Cl)cc1)c1ccc([N+](=O)[O-])cc1Cl,-3.286036491394043
guided,CCN(c1ccccc1)C1CCN(Cc2cc3cc(OC)ccc3[nH]c2=O)CC1,-4.670968532562256
guided,C[C]1[CH][C](C)[C](S([O])([O])N2CC[C]3[CH][CH][CH][CH][C+]32)[CH][C]1N([O-])[O-],-1.120518684387207
guided,CCOc1ccc(C(=O)N2CCN(c3ccccc3)CC2)cc1OCC,-5.207272052764893
guided,CC/[S+]=C1\C=CC=C\C1=C(/[O-])Nc1ccc(C(C)C)cc1,-6.252042770385742
guided,Fc1cccc(NC(=S)N2CCN(CCc3cccc(OC4CCCCC4)c3)CC2)c1,-8.913084030151367
guided,Cc1ccc2c(c1)C=COO2,-8.98503589630127
guided,Nc1cccc(CNC(=O)c2cccs2)c1,-3.0284807682037354
guided,CC1(C)CN=C(N2CCN(c3ccccn3)CC2)S1,-6.3140997886657715
guided,O=C(COc1cc(F)ccc1-c1ccccc1)Oc1ncccn1,-2.744110107421875
guided,Cc1ccc([C@@](C)(O)CS(=O)(=O)c2cccc3cccnc23)cc1,-2.2159061431884766
guided,[O][C](C[C+]1[CH][CH][CH][C]2[CH][CH][CH][CH][C]21)N[C]1[CH][CH][C](N([O-])[O-])[CH][CH]1,-1.182669997215271
guided,COc1ccccc1/C=N/NC(=O)c1c(C)noc1C,-1.1000779867172241
guided,CN(C)P([O-])N(C)C.[CH2+][CH-]Cl,-6.719295501708984
guided,CO[c-]1[cH+][cH-][c+](N[N-][c+]2[cH-][c+](C)[nH][n-]2)[cH-][cH+]1,-2.2017691135406494
guided,CO[c+]1[cH+][cH-][c+]2[c+]([cH+]1)[c+]([C]N[C-](C)[O-])[nH][c+]1[c+]([C][N-2])[n-][c-]3[cH+][cH-][cH+][cH-][c+]3n12.[H+],-0.536708652973175
guided,COc1cc2ncnc(NCCCCN3CCC(C(N)=O)CC3)c2cc1OC,-0.3830190896987915
guided,S=C(NCc1ccccc1)N/N=c1\cc(-c2cccs2)[nH]c2c(Cl)cccc12,-5.1526618003845215
guided,N[P@](=O)(Oc1ccc(F)cc1)Oc1ccccc1F,-2.9276037216186523
guided,[O][C](N[N][C]([CH][CH][C]1[CH][CH][CH][C](N([O-])[O-])[CH]1)[C+]([O])NC1CC1)[C]1[CH][CH][CH][CH][CH]1,-0.5948114395141602
guided,CSc1cc(F)cc2c(CCC(=O)O)cc(-c3ccccc3O)nc12,-2.8508048057556152
guided,COc1ccccc1N1CCN(C(=O)c2cc3cc(Br)ccc3oc2=O)CC1,-2.721747875213623
guided,COc1cccc([C@H]2SCC(=O)N2Cc2ccc(Cl)c(Cl)c2)c1OC,-6.748459815979004
guided,O=C(C[C@H](O)CSc1ccc2c(c1)OCCO2)N1CCCC1,-2.5543839931488037
guided,OC1(c2cccc(C(F)(F)F)c2)CCNCC1,-6.383742809295654
guided,COC(=O)C1=C(C)NC(=O)N[C-]1/C=C/c1ccccc1.[H+],-1.7910970449447632
guided,COc1cccc([N+](=O)[O-])c1C(=O)O,-0.5538660883903503
guided,[CH2-]C1(O[C+]([O-])OC(CO)[C+]([O-])O[C+]2[C-]([O-])[CH+][C+](O)C[OH+][OH+]C2C[C-]([O-])O[C-]([O-])CC(C)C)COC(O)([C+]([O-])O)C(O)C(O)C1O.[H+],-0.6212266683578491
guided,CC[C-]([O-])N[c+]1[n-][c+](-[c+]2[cH-][cH+][cH-]s2)n(-[c+]2[cH-][cH+][c-](C)[cH+][cH-]2)s1,-3.8642003536224365
guided,CN(CC(=O)N1CCCC1)S(=O)(=O)c1ccc2[nH]c(=O)c(=O)[nH]c2c1,-0.38879823684692383
guided,[H]/[O+]=C(/CCC(=O)[O-])N/C=C\C(=O)NCCCN(C)c1nc(SC)nc2c1[C@H](c1cc(OC)ccc1OC)C(C(=O)OC)=C(C)N2C,-0.3358819782733917
guided,Cc1ccc(OCCCC(=O)Nc2nnc(-c3cccs3)o2)cc1Br,-2.5777156352996826
guided,[H+].[O-][C+](CSC([CH+][C][CH+][c+]1[cH-][cH+][cH-][cH+][cH-]1)[C-]([O-])O)N[c-]1[cH+][c-](N([O-])[O-])[cH+][cH-][c+]1F,-0.38928693532943726
guided,CCN(C(=O)c1ccccc1F)C1=N/C(=C(\[O-])Nc2cc(C)ccc2C)C=[S+]1,-1.9817858934402466
guided,COc1ccc(S(=O)(=O)N/N=C(/C)C2CCCCC2)cc1,-2.09158992767334
guided,CCOc1ccc(OCC)c(NC(=O)[C@H]2COc3ccccc3O2)c1,-2.317420482635498
guided,O=C1CC(c2ccccc2)CC(=O)C1=CNCc1ccc(Cl)cc1,-5.074666500091553
guided,COc1ccnc(COC(=O)n2c(=O)oc3ccccc32)c1,-0.7139909267425537
guided,COCc1ccc(CN2CCC(N3CCC(C(N)=O)CC3)CC2)o1,-1.3935350179672241
guided,COc1ccc(S(=O)(=O)Nc2cc(C(F)(F)F)ccc2OCCOC(C)C)cc1,-2.4855406284332275
guided,OCc1nc2ccccc2n1CCOCc1ccc(F)cc1,-4.205249309539795
guided,[O+]#P(c1ccccc1)c1ccccc1.[O-]C1=CCCO1,-3.3057315349578857
guided,CN1CCN(CCP(=O)(c2ccccc2)c2ccccc2)CC1,-7.7839508056640625
guided,Clc1ccccc1Cn1c(C2CC2)nc2ccccc21,-10.37049388885498
guided,COc1ccc(N2CCN(c3nc4ccccc4o3)CC2)cc1,-5.0387797355651855
guided,O=C(N[C@H]1CC(=O)c2sc3ccccc3c21)c1cccs1,-5.0082268714904785
guided,O=Cc1cc(-c2cccc3ccccc23)sc1NC(=O)Nc1ccc(F)cc1,-5.767790794372559
guided,O=C(CN1CCC2(CC1)OCCO2)c1cccs1,-5.097584247589111
guided,Fc1ccc(NC(=S)N(CCN2CCOCC2)Cc2ccco2)cc1,-5.129755973815918
guided,COc1ccc(-c2cc3nc(C)c(CCC(=O)N4CCc5ccccc54)c(C)n3n2)cc1OC,-2.9825973510742188
guided,NC(=O)c1ccnc(Oc2ccccc2F)n1,-0.9370672106742859
guided,Fc1ccccc1CSc1nncc(-c2cccs2)n1,-6.1374311447143555
guided,COc1ccccc1OCCn1cc(C(F)(F)F)ccc1=O,-5.181131839752197
guided,CNS(=O)(=O)O/C(=C/c1ccccc1)C(=O)CCc1ccccc1,-1.6166797876358032
guided,COc1ccccc1CN1CCC(n2nccc2NC(=O)CCOc2ccc(F)cc2F)CC1,-2.8909449577331543
guided,COc1ccccc1SCC(=O)Nc1c2c(nn1-c1ccc(F)cc1)CS(=O)(=O)C2,-0.9464710354804993
guided,O=C(Nc1cnn(Cc2ccc(Cl)c(Cl)c2)c1)c1ccccc1,-5.326502799987793
guided,Brc1ccc(-c2cc[nH]n2)o1,-4.972995281219482
guided,CCNS(=O)(=O)c1ccc(OCC(=O)NC2CCCCCC2)cc1,-0.8241946697235107
guided,O=[S@@]1(O)=c2cnccc2=C2/C(=N/C(CCc3ccco3)=N\[S@](#[O+])([O-])c3ccc(F)cc3)N21,-0.6917717456817627
guided,COc1cccc(Oc2cc3[nH]c(C)[o+]on([O-])c3cc2OC)c1,-1.4154374599456787
guided,NS(=O)(=O)c1ccc(Br)c2ccccc12,-2.5156188011169434
guided,OCCCNc1nc2ccccc2nc1Nc1ccc(F)c(Cl)c1,-2.5022945404052734
guided,COc1ccc([C@@H](O)CC#[N+]c2[c-]cc3ccccc3c2)c(OC(C)C)c1,-6.855741024017334
guided,COc1cc(Br)cc(C(=O)NNC(=S)NCc2ccccc2)c1O,-0.9411949515342712
guided,O=c1c2[nH]c3ccccc3c2ncn1Cc1cccc(Cl)c1,-4.159389495849609
guided,c1csc(CSc2nc3ccccc3[nH]2)c1,-7.716490268707275
guided,CC[C@@H](NC=C1C(=O)OC(C)(C)OC1=O)C(=O)O,-0.47738564014434814
guided,COc1ccc(OC)c(NC(=S)NCc2cccnc2)c1,-3.069851875305176
guided,O=C(CCc1ccccc1)N/N=C(/C=C/c1ccco1)c1ccccc1,-4.312132358551025
guided,O=C(Cn1nnc(-c2ccc(Cl)cc2)n1)NCc1ccccn1,-0.6142898201942444
guided,C/[S+]=C1\C=C(c2sccc2C)N=C\C1=C(\[O-])Nc1ccc(CC#N)cc1,-1.8900625705718994
guided,COc1ccccc1N[C@@H]1c2ccccc2C(=O)N1Cc1ccccc1,-6.007285118103027
guided,O=C(CN1CCN(c2ccccc2F)CC1)N/N=C/c1ccccn1,-2.1614911556243896
guided,O=c1c(CSc2nc3ccccc3c3nccn23)c(F)nc2sccn12,-2.537411689758301
guided,CN1CCN(Cc2cc(=O)oc3ccc(Cl)cc23)CC1,-5.511430740356445
guided,O=c1[nH]c2ccccc2cc1CN1CCC(O)(c2ccc(Cl)cc2)CC1,-3.5607264041900635
guided,COc1ccc(OC)c(S(=O)(=O)N2CCN(C(=O)c3cccs3)CC2)c1,-1.075133204460144
guided,O=C(NC(=S)Nc1cc2c(cc1Br)OCCO2)c1cncc(Br)c1,-2.053722858428955
guided,[NH-][C+]([O-])[c+]1[c-](N[c+]2[n-][cH+][cH-]s2)s[c+]2[c-]1CCCCCC2,-2.1485507488250732
guided,CCN(Cc1ccccc1)[C@H](NC(=O)c1cccc(C(F)(F)F)c1)C(Cl)(Cl)Cl,-8.737869262695312
guided,C/C(Cc1ccccc1)=[NH+]\C(=O)Nc1cccc(Cl)c1.CC(C)OP([O-])OC(C)C,-1.7665247917175293
guided,O=C(NS(=O)(=O)c1cccc2cccnc12)c1ccc[nH]1,-0.41001051664352417
guided,CC1[CH+][C-]([O-])N[c+]2[cH-][cH+][cH-][cH+][c-]2N1[C-]([O-])N[C+]1[CH+][CH-][CH+][CH-][CH+]1,-1.2173240184783936
guided,C[C@H](Sc1nnc(-c2ccccc2)n1C)C(=O)Nc1ccccc1Cl,-3.5756444931030273
guided,COc1cc2ccccc2cc1C(=O)N/N=C/C=C/c1ccccc1,-4.618129253387451
guided,COc1cc(CNC2CCCCCC2)cc(Cl)c1OS(C)(=O)=O,-2.6912448406219482
guided,COc1cc(NC(=S)NCCSC2CCCCC2)c(OC)cc1NC(=O)c1ccco1,-2.449510097503662
guided,N#[N+][N-]C(c1ccccc1)c1ccccc1,-5.593755722045898
guided,COc1ccc(-c2nnc3n2CCCCC3)cc1COc1ccc(F)cc1F,-5.067897796630859
guided,CCC(=O)c1ccc(/C=C/c2cccc(Cl)n2)o1,-5.586018085479736
guided,COc1ccc(N2CCN(C(=S)NCc3ccc(F)cc3)CC2)cc1,-7.317607879638672
guided,Nc1ncnc2c1ncn2[C@@H]1O[C@H](COP(=O)(O)O)[C@@H](O)[C@H]1O,-0.3784519135951996
guided,COc1ccc(N[C@@H]2c3ccccc3C(=O)N2Cc2cc(C)ccc2C)c(OC)c1,-5.320763111114502
guided,CCOc1cccc(/C=N/NC(=O)c2nc3nc(C)cc(C)n3n2)c1,-0.4325622320175171
guided,O=[N+]([O-])C[C@@H](O)C[S@@+]([O-])c1cccs1,-0.6731703281402588
guided,COc1cc(OC)c2cc(C(=O)NC3=NCCS3)[nH]c2c1,-1.1752738952636719
guided,COc1ccccc1C(=O)OCC(=O)N[C@@H](C)CCc1ccccc1,-2.306872844696045
guided,CC(C)N(C)CCc1nc2c(F)cccn2c1[N-]c1cccc(C(=O)O)c1.[H+],-2.7924680709838867
guided,CCN(Cc1nccn1C)c1ccccc1,-8.331483840942383
guided,COc1ccccc1N(CC(=O)O)S(=O)(=O)c1ccccc1,-0.7238859534263611
guided,N[C@@H](Cc1c[nH]c2ccccc12)[C@@H]1Nc2ccccc2O1,-2.4244236946105957
guided,O=c1[nH]c2ccc(S(=O)(=O)N[C@@H]3CCCC/C3=N/O)cc2o1,-0.3803917467594147
guided,COc1ccc(NC[C@H]2CCCO2)cc1OC,-5.069870471954346
guided,O=S(=O)(CCn1c2ccccc2c2ccccc21)c1ccccc1,-6.222340106964111
guided,CCN1[C](C[C+]([O])N[C]2[CH][C](Cl)[CH][CH][C]2Cl)[N][N][C]1SC[C]1[CH][CH][C](N([O-])[O-])[CH][CH]1,-0.9808589220046997
guided,O=C(COc1ccccc1F)Nc1ccc2c(c1)nc1n2CCSC1,-3.3607940673828125
guided,COCC[C@H](NCC(=O)NC1=[S+]C(C)=C(C)/C1=C(\N)[O-])C(=O)OC,-0.430691659450531
guided,[O]S([O])([C+]1[CH][CH][C](F)[CH][CH]1)N(C[C]1[CH][CH][CH][C](N([O-])[O-])[CH]1)C[C]1[CH][CH][CH]S1,-1.5106316804885864
guided,COc1cc([C@H](CC(=O)c2ccccc2)C(C)C)cc(OC)c1OC,-5.793356418609619
guided,CC(=O)N(C1=NN(CCc2ccc3ccccc3c2)C(=O)C1)S(=O)(=O)c1ccc(C)cc1,-1.2458336353302002
guided,O=C(NCCN1CCCCC1)c1cc(S(=O)(=O)N2CCOCC2)ccc1N1CCOCC1,-0.4654337167739868
guided,Oc1ccc(Oc2ccc3c(Oc4ccccc4)ncnc3c2)cc1,-3.7690043449401855
guided,COc1c(-c2cc(-c3cc(C)ccc3O)n[nH]2)cc2c(c1OC)CCC(C)(C)O2,-2.8309924602508545
guided,COc1ccc(NC(=O)NCCCN2CCCC2=O)c(OC)c1,-0.8816937804222107
guided,[CH2-][c+]1[n-][nH][c+](C)[c-]1[S+2]([O-])([O-])N(C[C-]([O-])NCCCOCC)[C+]1[CH+][CH-][CH+][C-](C)[CH+]1,-0.4800034463405609
guided,COCCCn1c(=O)c2ccccc2n(CC(=O)NC[C@@H]2CCCO2)c1=O,-0.3482262194156647
guided,CC(/C=C/c1ccc(C#N)cc1)=N\NS(=O)(=O)c1ccccc1,-1.152605652809143
guided,C=C/[C-]=[O+]\C/C(N)=N\[N+]#CNC(=O)C/C=C(\[O-])N1CCN(C)CC1,-0.4224400818347931
guided,COCCSc1nnc(NC(=O)Cc2ccccc2)s1,-2.1513943672180176
guided,CCN(CC(=O)Nc1ccc(N2Cc3ccccc3C2=O)cc1)Cc1ccccc1,-4.401292324066162
guided,C=[NH+]C[C@H](C)C[CH-]C[C@@H]1N=C([C@H](C#N)CCC(C)(C)C)OC1(C)C,-3.0950558185577393
guided,[O-][C+](CN1[C+]([O-])CC[C+]1[O-])NN[C-]([S-])NN[c+]1[n-][cH+][c-]2[c+]([nH]1)CCCC2,-0.421196848154068
guided,NNC(=O)c1cc(S(=O)(=O)Nc2ccc(S(=O)(=O)Nc3nccs3)cc2)ccc1Cl,-0.4195437729358673
guided,C=[P@]([S-])(CC)c1cccnc1N.O=P(O)=[OH+],-0.3729891777038574
guided,CCC(CC)C(=O)NC[C@H](O)CN1CCCC[C@H]1C(=O)OC,-0.9958304762840271
guided,[O-][C+]1OC2(CCCC2)[C-]([O-])N1[c+]1[nH][c+](-[c+]2[cH-][cH+][cH-][cH+][cH-]2)[c-](-[c+]2[cH-][cH+][cH-][cH+][cH-]2)s1,-1.8928148746490479
guided,CN(C)S(=O)(=O)c1ccc(OCC(=O)NCCN2CCCC2)cc1,-0.8652767539024353
guided,COCC1CCN(C(=O)[C@@H]2CCC(=O)N(Cc3cccc(F)c3)C2)CC1,-3.780911684036255
guided,N[S+2]([O-])([O-])[c-]1[cH+][cH-][c+](N[C-]([O-])CS[c+]2[n-][nH][c+]3[c-]4[cH+][cH-][cH+][cH-][c+]4[cH-][cH+]n23)[cH-][cH+]1,-0.3158702254295349
guided,CN(C)P1=NC(N)=NC(c2ccccc2)=[N+]=1.[CH2-]OCC(=O)O,-0.33946773409843445
guided,CCO/N=C\c1ccsc1[C@H](c1cccnc1)N(Cc1cccnc1)C(=O)Nc1ccc(Cl)cc1,-4.368863582611084
guided,Cc1cc(Cl)ccc1OCC(=O)N/N=C/c1sccc1C,-4.147105693817139
guided,C/C(=N\Nc1nc(N2CCOCC2)nc(N2CCOCC2)n1)c1ccc(NC(=O)Cc2ccco2)cc1,-0.42645615339279175
guided,O=C(O)c1cnn(Cc2ccc(Cl)cc2)n1,-1.7616486549377441
guided,CN(CC(=O)Nc1ccc([N+](=O)[O-])cc1Cc1cccs1)C1CCCCC1,-2.482851982116699
guided,N[C@H](COc1cccc2ccccc12)c1nnn[nH]1,-0.44643843173980713
guided,N#CCCc1ccc2c(c1)/C(=N/c1ccccc1N)CCC2,-3.350996255874634
guided,Cc1cccc(C)c1NC(=S)NCCSCc1ccc2c(c1)OCO2,-5.753407955169678
guided,O=C(Nc1ccccc1F)c1cc2cccnc2s1,-5.360796928405762
guided,C=[O+]c1ccccc1.[O-]P(c1ccccc1)c1ccccc1,-6.2743120193481445
guided,CN[C@@]1(c2nnnn2-c2ccccc2C)CCOC(C)(C)C1,-2.005187749862671
guided,O=C(NN(CCO)CCO)C1CCCCC1,-1.398454189300537
guided,CCCCCn1c(=O)c(C(=O)Nc2c(C)n(C)n(-c3ccccc3)c2=O)c(O)c2ccccc21,-1.2937064170837402
guided,O=C(c1ccc2ncccc2c1)N1CCN(c2n[nH]c(=O)[nH]c2=O)CC1,-0.272007554769516
guided,Cc1cc([N+](=O)[O-])nn1Cc1nccc2ccccc12,-1.5071566104888916
guided,[O-][C+]([CH-]n1[cH-][cH+][c+](N([O-])[O-])[n-]1)NN[c-]1[cH+][cH-][c+](F)[cH-][c+]1Cl,-0.3815140724182129
guided,CN(CCS(=O)(=O)c1ccc(Cl)cc1)CC(=O)Nc1ccccc1Sc1ccc(C#N)cc1,-2.0499629974365234
guided,O=[N+]([O-])c1ccc(OCCc2ccccc2)cc1NC(=S)N1CCCCC1,-3.0473482608795166
guided,[O][C]1CSC([C]2[CH][CH][CH][C](N([O-])[O-])[CH]2)N1C[C+]1[CH][CH][CH][CH][N]1,-0.7373054623603821
guided,O=C(CSc1cccc2cccnc12)NC[C@H]1CCCO1,-3.551086664199829
guided,CN1CCC[C@H]1c1cccnc1,-9.258427619934082
guided,COc1ccccc1/C=C\C(=O)NCc1cccnc1,-3.457709312438965
guided,COc1ccc(C(=O)CNc2ccc(N3CCOCC3)cc2)cc1,-3.6975009441375732
guided,CCOc1cc(C(=O)NC)cc(Br)c1OCc1cccc(F)c1,-4.803666591644287
guided,CN1CCOCCO[CH-]NCCOCCOCCOCCOCCOCCOCCOCCOCCOCCN[C-]2C(=S)[N@H+]2CCOCCOCC1.[H+],-0.5511511564254761
guided,N[C-](N)[N-][N-][C+]1[CH+][C+](N([O-])[O-])[CH-][CH+][CH-]1,-0.5179298520088196
guided,[CH2+]CCN(CCN=[S@@](=O)([O-])c1ccc(S(=O)(=O)N(C)C)cc1)CCOc1ccc(F)cc1,-0.6135455369949341
guided,COc1cc(C/C(=N\CCCN(C)C)C(=O)O)c(-c2ccc3ccccc3n2)cc1OC,-1.5407947301864624
guided,COc1ccc(/[NH+]=C/C=[C-]\C(=O)N=c2ccc(Br)c[cH-]2)cc1OC.[H+],-2.1197164058685303
guided,Clc1ccc(S[C@H]2COc3ccc(Cl)cc3O2)cc1,-10.52563762664795
guided,F[c+]1[c-](OC(F)F)[cH+][cH-][c+]2[c-]1[CH-]CC([c-]1[cH+][cH-][cH+][cH-][cH+]1)NC2,-9.365191459655762
guided,Nn1c(SCC(=O)NC2CCCC2)nnc1-c1ccccn1,-0.30369681119918823
guided,Cc1nc2c(C(=O)N3CCN(c4ncccn4)CC3)cnn2c(C)c1Cc1cccc(Cl)c1,-1.4693647623062134
guided,Clc1cccc(CN2CCOCC2)c1,-10.123132705688477
guided,O=C(Nc1cccc(Cl)c1)N1CCN(C/C=C/c2ccccc2)CC1,-6.71372652053833
guided,CCNS(=O)(=O)c1ccc(NC(=O)C2=COCCO2)cc1,-0.386622816324234
guided,COc1ccc(-n2c(=O)n(OCc3ccccc3OC)c3cc(Cl)cnc32)cc1,-2.3239028453826904
guided,Clc1cccc(Oc2nnnn2-c2ccc(-c3nnco3)cc2)c1,-0.9762426018714905
guided,O[C@@H](CN1CCNCC1)CN(Cc1ccccc1)c1ccccc1,-5.079314708709717
guided,COc1ccc(S(=O)(=O)NN=C2CCCCC2)cc1,-1.8475013971328735
guided,CC(CC[C-]([O-])NC1C[C+]([O-])N(CC[C+]2[CH+][CH-][CH+][CH-][CH+]2)[C+]1[O-])O[C-](CCC([C+]([O-])O)[c+]1[cH-][cH+][cH-][cH+][cH-]1)C[C+]([O-])NC[c+]1[cH-][cH+][cH-][cH+][cH-]1,-0.35939690470695496
guided,COc1ccc(N(CC(=O)Nc2nccs2)S(=O)(=O)c2ccc(OC)c(OC)c2)cc1,-0.7255815863609314
guided,CCN(c1ccc(OCC(=O)N(C)C)cc1)S(=O)(=O)c1cnc[nH]1,-0.3348492681980133
guided,CC(C)(CS[C-]1[N-][N-][C+]2CCCCC[O+]21)N[S+2]([O-])([O-])[c-]1[cH+][cH-][cH+][cH-][cH+]1,-1.8118500709533691
guided,Cc1cc(NC(=O)CSCC(=O)Nc2ccc(F)cc2C)no1,-0.9861310720443726
guided,N[P@@](=O)(Oc1ccccc1)Oc1ccc2ccccc2c1,-3.526189088821411
guided,NS(=O)(=O)c1cc(C(=O)OCC(=O)c2ccc(O)cc2)ccc1Cl,-0.4049069285392761
guided,COc1cc(OC)c(N/C=N\C(=S)Nc2c(C)cc(C)cc2C)cc1Cl,-4.9481706619262695
guided,O=C(NC1CCCC1)[C@@H]1CCCN(C(=O)Nc2ccccc2)C1,-2.674384117126465
guided,CCOc1cc(CNCCO)cc(Br)c1OCc1ccc(F)cc1,-4.23491096496582
guided,COc1cnc(CNc2ccc(C(=O)O)cc2)nc1N(C)Cc1ccc2c(c1)OCO2,-0.8181859254837036
guided,O=C(CS(=O)(=O)O)N(c1ccccc1)c1ncc(Cl)cc1Cl,-0.982392430305481
guided,Brc1ccc(-n2ccc(CN3CCSCC3)n2)cc1,-8.717281341552734
guided,[O-][C+]1C[C-]([C+]([O-])[N-][c+]2[nH][c+]3[cH-][cH+][c-](F)[cH+][c-]3s2)C2(CCCC2)O1,-0.9897333383560181
guided,O=C(NCc1ccccn1)c1cccc2c1CCCC2,-4.949731349945068
guided,O=S(=O)(/N=C(\c1ccc(F)cc1)N1CCOCC1)c1ccccc1,-2.6096789836883545
guided,O=C(c1cc2ccccc2oc1=O)N(Cc1ccco1)[C@@H]1CCS(=O)(=O)C1,-0.418891966342926
guided,S[C@@H](COCc1ccco1)Cn1c2ccccc2c2ccccc21,-8.742879867553711
guided,S=C(NC[C@@H]1CCCO1)Nc1cccc2c1CCCC2,-6.461617946624756
guided,CN(C)CCCN1C(=O)C(=O)/C(=C(/O)c2ccccc2)[C@H]1c1ccco1,-1.4233165979385376
guided,Cc1cccc(-n2cnn(CC(N)=O)c2=S)c1C,-1.8552181720733643
guided,C[c+]1[n-][c+](C2C3C(CCN2[S+2]([O-])([O-])[c+]2[cH-][cH+][c-](C)[cH+][cH-]2)[NH+]3[C-](C)[O-])[cH-]s1,-0.42238545417785645
guided,CCOc1ccc([C@@H]2NC(=O)NC(C)=C2C(=O)OCc2ccccc2)cc1,-1.7108336687088013
guided,CCCCNC(=O)C1=[S+]c2nc(C)nc(N3CCCC[C@H]3C)c2/C1=C(\[O-])O,-0.3981422185897827
guided,COc1ccc(/C=C/C(=O)Nc2nc(C)c(C(C)=O)s2)cc1,-2.1810805797576904
guided,NNC(=O)CNC(=O)[C@@H](NC(=O)[C@@H](NC(=O)c1cccnc1)c1ccccc1)c1ccccc1,-0.2622281610965729
guided,N[P@@](=O)(OCCCCc1ccccc1)Oc1ccccc1Cl,-3.9621381759643555
guided,S[C@@H](COCc1ccccc1)CN1CCc2ccccc21,-10.701070785522461
guided,COCCN(CCNC(=O)CNC(=O)c1nn(-c2ccc(OC)c(Cl)c2)c(=O)c2ccccc12)C(C)C,-0.4063480794429779
guided,O=C(NC(=S)N1CCOCC1)c1ccc(Br)o1,-2.9988768100738525
guided,Clc1nnc(Oc2cccc3cccnc23)c2ccccc12,-5.296597957611084
guided,N#CCCCCN1CCCCCC1,-7.455984592437744
guided,Cc1ccc(Cl)cc1NC(=S)NC(=O)c1sccc1-n1cccc1,-5.585381984710693
guided,FC(F)OC(F)(F)[C@@H](F)Cl,-11.330460548400879
guided,CC(=O)c1sc(NC(=O)c2cc(-c3ccccn3)nc3ccccc23)nc1C,-2.037686586380005
guided,Cc1ccc(N(CC(=O)NCCSc2ccccn2)S(C)(=O)=O)c(C)c1,-1.0259355306625366
guided,S=C(Nc1cccc2ccccc12)N1CCN(Cc2ccc(-c3ccccc3)o2)CC1,-8.74810791015625
guided,[CH2+]C[C-]1[CH+][CH-][C+]([CH2-])[C+]2[C+]1[C]CCC2[C-]([O-])N[C+]1[C][CH+][CH-][CH+][C-]1OC,-4.580451011657715
guided,COc1ccc(C=O)c(OC)c1OC,-4.217088222503662
guided,CCOc1ccc([C@H]2C(C(=O)c3cc4ccccc4o3)=C(O)C(=O)N2CCCN(CC)CC)cc1,-2.726667642593384
guided,S=C(N1CCCC1)N1CCN(c2ccc3ccccc3n2)CC1,-8.131681442260742
guided,O=S1(=O)CC=C(CSc2ccccn2)C1,-3.8708276748657227
guided,COC1(N[C-]([O-])C([C+]2[CH+][CH-][C+](O)[CH-][CH+]2)[C-]([O-])O)[C+]([O-])N2[CH+][C+](CS[c-]3[n-][c+]4[cH+][cH-][cH+][cH-][c+]4[nH]3)C[CH-]C21,-0.3239593207836151
guided,Fc1ccc2nc(CCCCCNc3ccccc3)[nH]c2c1,-6.247259140014648
guided,[CH2-][C+]1[CH-][CH+][C+]([C+]([O-])C2CCCN([C-]([O-])[c+]3[cH-][cH+][c-](OC)o3)C2)[CH+][CH-]1,-1.3745827674865723
guided,CO[C-]1CC(C)(C)O[c-]2[c+](C)[n-][n-][c+]([C][CH+][c+]3[cH-][cH+][cH-][c+](Cl)[cH-]3)[c+]21.[H+],-4.981205463409424
guided,COc1ccccc1N(Cc1ccco1)NC(=O)Cc1ccc(F)cc1,-3.7049882411956787
guided,Cc1nc(/C=N/NC(=O)C2=NN(c3ccc(C(=O)c4ccccc4)cc3)C(=O)CC2)cc(=O)[nH]1,-0.3880421817302704
guided,COc1ccc(S(=O)(=O)N2CCOCC2)cc1NC(=O)c1ccc(F)cc1,-0.6942288875579834
guided,S=C(Nc1ccc(Cl)c(Cl)c1)N(Cc1ccncc1)Cc1ccco1,-7.0074005126953125
guided,N/C(Cc1ccccc1)=N\OC(=O)c1ccccc1F,-2.1734042167663574
guided,COc1ccc(C(=O)NC(=O)NCc2ccc3c(c2)OCO3)cc1OC,-0.4695310592651367
guided,CCC(=O)c1ccc(NC(=O)C(=O)c2cn(CC(=O)N3CCOCC3)c3ccccc23)cc1C,-0.8363043665885925
guided,O=C(N[C@@H](Cc1ccccc1)C(=O)N1CCc2ccccc2C1)c1ccc2ccccc2c1O,-2.94620943069458
guided,O=C1CN(S(=O)(=O)c2ccc(Cl)c3cccnc23)c2ccccc2N1,-1.266920566558838
guided,O=C(O)CCc1ccc(S(=O)(=O)N2CCCC2)s1,-1.2448338270187378
guided,CN(C)S(=O)(=O)N1CCc2ccc(NC(=O)c3cccs3)cc2C1,-1.5992628335952759
guided,CCCNC(=O)COC(=O)CN1C(=O)[C@H]2CC=CC[C@H]2C1=O,-0.5343897938728333
guided,[CH2-]N1[C+](N[CH-]CCC)SC([C+]([O-])N[C+]2[CH+][CH-][CH+][CH-][C+]2N2CCOCC2)C[C-]1[O-],-0.719112753868103
guided,c1ccc(OCC2=NP([NH+]3CC3)N=C(NCc3ccco3)[N-]2)cc1,-0.9611172080039978
guided,O=[N+]([O-])c1cccc(/C=N/c2ccccc2O)c1O,-0.7545967698097229
guided,CO[c-]1[cH+][cH-][c+](CCCN[C-]([O-])CC[N-][CH+][CH+][c+]2[cH-][c+]3[cH-][c+](C)[cH-][cH+][c-]3n3[c+]2[n-][cH+][c-]3C)[cH-][cH+]1,-2.45166277885437
guided,CCC[CH-][c+]1[c+]([O-])n(C[C+]2[CH+][C+](N([O-])[O-])[C-](OC)[CH+][CH-]2)[c+]2n([c-]1[C+]1[CH+][C+](OC)[C-](OC)[C+](OC)[CH-]1)[N-][N-][N-]2,-1.4094961881637573
guided,S=C(Nc1ccc(Br)cc1)Nc1cccnc1,-6.201431751251221
guided,[CH2+]CCC(CCCCC[C+]([O-])NC[C][N-2])N[C+]([O-])[C+]1[CH+][CH+][CH-][CH+][CH-]1,-0.65103679895401
guided,Cc1cccc(N(CC(=O)N/N=C/c2ccco2)S(=O)(=O)c2ccccc2)c1,-0.8042935132980347
guided,CCOc1ccc(/C=C2\SC(=S)N(CCC(=O)Nc3ccc(C(=O)O)cc3)C2=O)cc1,-1.4242322444915771
guided,Oc1ccc(-n2nnnc2-c2ccccc2Br)cc1Cl,-2.742147445678711
guided,[CH2-]Oc1ccccc1.[CH2-]Oc1ccccc1.[O+]#P=[OH+],-3.622852325439453
guided,O=S(=O)(c1cccc2cccnc12)N1CCCN(Cc2cccc(F)c2)CC1,-3.574005603790283
guided,CCOc1cc(/C=N/O)cc(Cc2ccc3c(c2)n(C)c(=O)n3C)c1O,-0.6736645102500916
guided,CC(=O)Nc1ccc(NC(=O)C[C@H]2S/C(=N\c3ccccc3)NC2=O)cc1,-0.7235570549964905
guided,O=C(NNC(=O)c1cnccn1)/C(=C/c1ccco1)c1ccccc1O,-0.3392004370689392
guided,[H]/N=C1/SCC(=O)N1Cc1cc(C)ccc1Oc1ccc(SC)cc1,-4.537176609039307
guided,Cc1cc(C)cc(N(CC(=O)NC(C)C)C(=O)COC(=O)c2ccccc2NS(=O)(=O)c2cccs2)c1,-1.2791074514389038
guided,Nc1ccccc1OC(F)F,-5.729696750640869
guided,O=C(Cn1c(=O)oc2ccc(Cl)cc21)NC1CCN(Cc2cccc(F)c2)CC1,-2.148235559463501
guided,O=C(/C=C\c1ccc(F)cc1)N1CCC2(CC1)OCCO2,-5.231021881103516
guided,COc1cc(/C=N/NC(N)=S)ccc1Oc1cccnc1,-0.8330870866775513
guided,C[C@H](C(=O)N1CCCCC1)N1CCN(C(=O)c2ccc(F)cc2)CC1,-4.441456317901611
guided,C[C@H]1C[C@@H]1C1=CC=C(C=C(C#N)C#N)C1=O,-2.1881260871887207
guided,O=[N+]([O-])c1c(NCC/C=C/c2ccccc2)cc(N2CCCCCC2)c2nonc12,-2.2759575843811035
guided,CCCCC/C=N/NC(=O)c1nnn(-c2nonc2N)c1-c1cccc(OCC)c1,-0.5844520330429077
guided,CO[C][CH+][CH-][C+]([C+]([O-])CS[c+]1[n-][nH][c+]([C+]2[CH+][CH-][CH+][CH-][CH+]2)[n-]1)[C-]1[CH+]S[C-](N)[N-]1,-0.4404917061328888
guided,S[CH-]C[C+]1CCCC[C-]1C1[CH+]CCCN1.[H+].[H+],-10.95527172088623
guided,c1coc(CNCC2CCCCC2)c1,-7.8936309814453125
guided,C/C(=N/NC(=O)c1ccn[nH]1)c1ccccc1Br,-1.6907540559768677
guided,CC[C@@H](C(=O)NCCOC)n1nc(C)c2[s+]c3ccccc3c-2c1[O-],-1.1067434549331665
guided,O=C1/C(=C/C=C/CCCCCCCCO)C=Cc2ccccc21,-7.402502059936523
guided,CC(=O)N1CC(=O)N=C1SCc1ccc(C)cc1,-3.6424903869628906
guided,[O][C]1[C][C]([NH+]CC[C]2[CH][CH][C]([N+]([O])[O-])[CH][CH]2)[N][CH]N1,-0.5269030928611755
guided,[CH2-]CC/[N+](=C\C[CH-]NC(=S)Nc1cccc(Cl)c1)Cc1ccccc1.[H+],-8.774001121520996
guided,COC(=O)c1ccc(C(=O)Nc2cccc3c2CCCC3)cc1,-3.615943193435669
guided,Brc1ccc(/C=N/n2cnnc2)o1,-2.927668571472168
guided,CCN[C@H](C)CNC(=O)C[C@H]1C(=O)NCCN1Cc1cccc2ccccc12,-1.1961712837219238
guided,Clc1cc(CNc2ccccc2)cnn1,-5.568630218505859
guided,Cc1onc(-c2ccccc2)c1C(=O)N1CCN(C2CCCCC2)CC1,-4.3987226486206055
guided,CN(C)S(=O)(=O)c1ccc(CCC(=O)N2CCCC2)cc1,-2.6494297981262207
guided,COc1ccc(Cn2c(=O)[nH]c3cc(C(=O)NCc4ccccc4C)ccc32)c(C)c1C,-2.2557294368743896
guided,CC(=O)Nc1nc2ccccc2n1Cc1cccs1,-4.317963123321533
guided,COc1ccc(N2CCN(CNC(=O)c3ccco3)CC2)cc1,-2.499007225036621
guided,F[C-]1CC[C@H](OCC[N+]2(C(=S)OCc3ccccc3)CC2)C1,-9.36921501159668
guided,NC(=O)[C@H](OC(=O)c1ccc(F)cc1)c1ccccc1F,-1.7130358219146729
guided,[O-]N(O)/C(c1ccccc1)=[N+]1\C=Nc2ccccc2[C@@H]1c1cccnc1,-1.8448985815048218
guided,Cc1nc(OCc2ccccc2)c2sc3nc4c(cc3c2n1)COC(C)(C)C4,-4.526083469390869
guided,COc1cc(SC)cc(C(=O)Nc2ccc3c(c2)OCCCO3)c1,-3.5882716178894043
guided,Brc1cccc(CNCc2ccc3c(c2)OCO3)c1,-7.121870994567871
guided,C=CCOc1ccc(Cl)cc1/C=C1/C(=O)ON=C1C,-4.359354019165039
guided,O=C1c2ccccc2N[C@H](c2ccccc2F)N1CCN1CCOCC1,-4.436519622802734
guided,O=C(O)c1ccccc1-c1ccccc1C(=O)Nc1nc2ccccc2s1,-2.7118098735809326
guided,C=CCN1C(=O)NC(=O)/C(=C/NN2CCC(Cc3ccccc3)CC2)C1=O,-0.7891993522644043
guided,CNS(=O)(=O)c1ccc(Nc2cccc(F)c2)nc1C(=O)N1CCc2ccccc2C1,-0.8834289908409119
guided,CC[C@H](CO)N[C@H](CC(=O)n1cccn1)c1ccccc1,-1.7860366106033325
guided,CCc1nnc(NC(=O)[C@@H]2CCCO2)s1,-2.022383451461792
guided,Cc1cc(COc2ccccc2Cl)no1,-6.193095684051514
guided,C=CCNCCOc1ccc(C2CCCCC2)cc1,-9.135900497436523
guided,CNC(=S)/C(=C\C=C\c1ccco1)C(=O)c1ccc(OC(C)C)cc1,-4.69127893447876
guided,CC(=O)Nc1nnc(S[C@@H]2CCOC2=O)s1,-0.8388315439224243
guided,[O-][S+2]([O-])([N-][C+]([c+]1[cH-][cH+][cH-][cH+][cH-]1)N1[CH-][CH+][CH-][CH+][CH-]1)[c+]1[cH-][cH+][cH-][cH+][cH-]1,-2.7672972679138184
guided,CC(C)C(=O)N[C@@H](NC(=S)Nc1ccccc1[N+](=O)[O-])C(Cl)(Cl)Cl,-1.0857006311416626
guided,CCOc1ccc(Oc2nc3c(c(=O)n(C)c(=O)n3C)n2Cc2ccc(C)cc2)cc1,-1.222625970840454
guided,CNN(NC(=O)C(O)(c1ccccc1)c1ccccc1)C(=O)/C=C/c1cc2ccccc2s1,-1.676260232925415
guided,CN(C)N(Cc1ccc(Br)cc1)c1ccc(O)cc1,-7.921233177185059
guided,C[c-]1[cH+][cH-][c+]([C-]2CO[C+]([O-])[C+]([CH+][N-][c+]3[cH-][cH+][c-]([C+]([O-])[c+]4[cH-][cH+][cH-][cH+][c-]4C)[cH+][c-]3F)[N-]2)[cH-][cH+]1,-1.9451794624328613
guided,CCOC(=O)N1CCC(NC(=O)C2CCN(C(=O)c3cc4sccc4n3CC)CC2)CC1,-1.3442037105560303
guided,CCCCc1c(C#N)c(N)n(CCCOC)c(=O)c1C#N,-0.4303745627403259
guided,Clc1ccccc1[C@H]1C[C@@H](c2ccco2)Nc2ncnn21,-3.6271047592163086
guided,[H+].[O-][C+](O)CN[c-]1[c+](Cl)[c-]([O-])[c+]2[cH+][cH-][cH+][cH-][c+]2[c-]1[O-],-0.32023346424102783
guided,Cn1c(=O)c2c(ncn2CCOC(=O)c2ccccc2)n(C)c1=O,-0.4599588215351105
guided,COCCNC(=O)C(=O)NC[C@H]1CCCN1S(=O)(=O)c1cccs1,-0.35187414288520813
guided,Nn1cc(Cc2ccccc2)nc1SCC(=O)Nc1nccs1,-0.7120640873908997
guided,Clc1ccccc1NCc1ccco1,-8.14547061920166
guided,S=C(Nc1ccccc1Cl)N(Cc1cccnc1)CC1CCCCC1,-9.292928695678711
guided,O=C(C/[S+]=c1\nc2ccccc2c([O-])[nH]1)NNC(=O)c1ccccc1,-0.2583189308643341
guided,[CH2-][C@H]([O-])[C@H](O)[C@@H](C)[C@@H](OCC)/[O+]=C/[C@H](CC)[C@@H](O)[C@@H]([O-])C/[O+]=C1\C=CC=[C-]\C1=c1\cccc2c1=[N+]=CC=C2.[H+],-0.4459318220615387
guided,C[CH-][c+]1[cH-][cH+][c-]([C+]([O-])NC[c+]2[cH-][cH+][cH-]s2)[cH+][cH-]1,-5.821256160736084
guided,NS(=O)(=O)c1ccc(NNC(=O)c2ccccc2F)cc1,-0.3422354459762573
guided,COc1cccc(/C=N/C[C@@H](CCOc2ccc(Cl)cc2Cl)n2ccccc2=O)c1O,-3.1539480686187744
guided,O=S(=O)(O)CCCO,-1.4953954219818115
guided,COc1cc(OC)cc(C(=O)N/N=C(\C)CC(=O)NCc2cccs2)c1,-0.7137532830238342
guided,COc1ccc(N([C@@H]2CC3=Cc4ccc(C)cc4NC3=[O+]O[C-]2O)S(C)(=O)=O)cc1OC,-0.7304385304450989
guided,N/C(=N\c1nc2ccccc2o1)c1cccs1,-2.316174030303955
guided,[CH2][C]1[C][C](N(C[CH2-])[C]([O])CN2[N+][N+][C]3[CH][CH][CH][CH][C]32)[CH][C](OC)[C]1N[C]([S])NCCOC,-0.49555736780166626
guided,O=S(=O)(Cc1ccccc1)NCCc1cccc(Cl)c1,-4.446227073669434
guided,Nc1nc(C(=O)N2CCOCC2)nn1S(=O)(=O)c1ccccc1,-0.2982509434223175
guided,O=[SH](=O)c1cccc([S@OH15](=O)(=O)Cc2ccccc2)c1,-1.622834324836731
guided,[O-][C+]1CC[C-]([O-])N1CC[CH+][C][S+2]([O-])([O-])N(CCO)CCO,-0.47836410999298096
guided,COc1ccc(C)cc1NC(=S)N[C@H](NC(=O)CF)C(Cl)(Cl)Cl,-2.668107032775879
guided,O=C(c1ccco1)N1CCN(c2ncnc3c2cnn3Cc2ccccc2Cl)CC1,-1.275644302368164
guided,[O-][C+]([CH+][CH+][c+]1[cH-][cH+][cH-][cH+][cH-]1)N[C-]([S-])[N-]CCCO,-1.5374205112457275
guided,NS(=O)(=O)c1ccc(CCNC(=O)CCCNC(=O)c2[c-]cc(Oc3ccccc3)cc2)cc1.[H+],-0.7188209891319275
guided,Cc1cccc(-c2nnc(NC(=O)[C@@H]3CC(=O)N(c4ccc(OCc5ccccc5)cc4)C3)s2)c1,-2.6304876804351807
guided,Cc1nc(N2CCN(S(=O)(=O)c3ccc(Cl)cc3)CC2)c(C#N)c2c1COC(C)(C)C2,-1.2092117071151733
guided,Cc1cs/c(=N\C(=O)CC(C)C)n1Cc1ccc(F)cc1,-6.51444149017334
guided,Cc1ccc(NC(=O)c2ccccc2-c2cc3ccccc3oc2=O)c(C)c1,-4.653380870819092
guided,COc1cc(/C=C/C2=CCCCC2)ccc1O[C@H]1CCCC[C@@H]1C(=O)O,-5.039191246032715
guided,COc1cc([C@H](CC(=O)O)c2cc3ccccc3o2)cc(O)c1C(=O)O,-1.0015733242034912
guided,Cc1ccc(C(C)(C)C)cc1Cl,-14.06820297241211
guided,CCC(=O)N/C(=C/c1ccc2c(c1)OCO2)C(=O)NC[C@H]1CCCO1,-0.6405661702156067
guided,O=S1(=O)CCN(Cc2ccc3ccccc3n2)CC1,-3.3788399696350098
guided,Cc1nocc1-c1c(N2CCOCC2)nc2ccc([N+](=O)[O-])cc2c1Br,-1.231055498123169
guided,S=C(NCc1ccncc1)Nc1cc(Cl)ccc1OCc1ccccc1,-5.691824436187744
guided,CO[C-]1[CH+][C][C+](N[c-]2[c+](N([O-])[O-])[cH-][c+](N([O-])[O-])[c-]3[cH+][cH-][cH+][n-][c+]23)[C-](OC)[CH+]1,-0.5565550923347473
guided,CCC[P@@](=O)(CC)Cc1ccccc1,-10.076884269714355
guided,O=C(C1CCN(c2nnc(-n3cccc3)s2)CC1)N1CCN(C(=S)Nc2ccccc2C(F)(F)F)CC1,-2.6492221355438232
guided,CN(c1ccccc1)S(=O)(=O)c1cccc(C(=O)OCC(=O)NCc2ccco2)c1,-0.5610367655754089
guided,COc1ccc(Cc2n[nH]c(=S)n2Cc2ccco2)cc1,-3.298431634902954
guided,C=C(O)[C@@H](O)[C-]1[C@@H](O)C#CC[C@@]1(O)/C=C(/O)C(C)(C)C.O=[OH+],-0.5471602082252502
guided,S=C(/N=C(\S)N1CCOCC1)NCc1ccncc1,-3.509291648864746
guided,O=S(=O)(/N=C(\NNS(=O)(=O)c1ccccc1)c1ccc(Br)cc1)c1ccc(Br)cc1,-1.2970585823059082
guided,CC(C)c1ccccc1[C@H](N[P@@](=O)(c1ccccc1)c1cccc2ccccc12)c1ccccc1,-12.005219459533691
guided,O=[N+]([O-])c1ccc(N([O-])[O-])cc1C/[S+]=C1\N=c2ccccc2=[S+]1,-0.38481834530830383
guided,Cc1nc(Cl)c(C#N)c(-c2ccccc2)c1NC(=O)C(C)C,-2.995439052581787
guided,O=C(Cc1ccccc1[N+](=O)[O-])N1CCCCCC1,-2.328372001647949
guided,CC(C)N1CCN(Cc2[c-]c3nsnc3cc2)C[C@@H]1CCO.[H+],-3.2545266151428223
guided,O=C(OCCCC1CCCCC1)c1ccc(S(=O)(=O)N2CCOCC2)cc1,-1.9396085739135742
guided,Nc1ccc(C(=O)N(c2ccccc2)c2ccccc2)cc1,-5.21511173248291
guided,[CH2-][C+]1[CH-][C+](OC[c+]2[cH-][cH+][cH-][cH+][cH-]2)[CH+]N1[N-][CH-]NN,-1.988585352897644
guided,Cn1c([C@H]2CC(=O)N(C3CCCCC3)C2)nc2ccccc21,-5.707920074462891
guided,OC1(c2nnc(-c3ccccc3)o2)CCCC1,-2.7091760635375977
guided,CCOC(=O)c1cc2nc(-c3ccc(OC)c(OC)c3)cc(C(F)(F)F)n2n1,-1.8864699602127075
guided,CCn1c(-c2cccs2)nc2cc(S(=O)(=O)N3CCCCC3)ccc21,-3.8618009090423584
guided,CCOc1ccccc1OCCn1nnc2ccccc2c1=O,-1.8668241500854492
guided,CCOCCN(C(=S)Nc1ccc(P(=O)=[O+]CC)cc1)c1c(N)n(CC(C)C)c(=O)[nH]c1=O.Fc1c[c-]ccc1,-1.4029127359390259
guided,Cc1cccc2c(C(=O)Nn3cnnc3)cc(-c3ccccc3Cl)nc12,-2.186751365661621
guided,O=C(CCCN1C(=O)/C(=C\c2ccccc2)SC1=S)NNC(=O)C1CC1,-1.116668939590454
guided,O[C@H](CNc1cccc2ccccc12)OCc1ccccc1,-5.548377513885498
guided,Cc1ccc(OCCN2CCCCC2)c(Cl)c1,-10.718850135803223
guided,Fc1ccc(-n2nc(Cc3ccccc3)nc2NCc2cccnc2)cc1,-3.861605644226074
guided,O=S(=O)(N/N=C(\c1ccccn1)C1CC1)c1ccccc1,-1.4728713035583496
guided,S=C(N1CCCCCC1)N1CCCC1,-11.671224594116211
guided,COc1cc([C@H]2[C@H](C(=O)O)c3ccccc3C(=O)N2C)cc(OC)c1OC,-0.8964992165565491
guided,O=C(CCCCCNC(=O)C(F)(F)F)Cc1ccccc1,-4.487381935119629
guided,Cc1cc(-c2ccc(F)cc2)nc(N2CCC(C(=O)NNC(=O)c3ccc(F)cc3)CC2)n1,-1.1718840599060059
guided,CCSc1nc2cc(Cl)ccc2s1,-11.023175239562988
guided,CCOc1ccccc1[C@H]1c2[nH]c3ccccc3c2C[CH-]N1C(=O)CN(C#[O+])C1CC1,-2.6274216175079346
guided,[N-2][C][CH+][C+]1[C+]([c-]2[cH+][cH-][cH+]s2)[N-][c+]2[cH-][cH+][cH-][cH+]n21,-5.6676506996154785
guided,CN(C)S(=O)(=O)c1cccc(C/[S+]=c2\nc3scc(-c4cccs4)c3c([O-])[nH]2)c1,-1.1392662525177002
guided,C[C@H](O)Cn1cc(C(=O)O)c(=O)c2cc(Br)ccc21,-0.9689860343933105
guided,N#Cc1ccccc1OCC(=O)N1CC=C(c2ccccc2)CC1,-3.620082378387451
guided,O=C(NNc1ccccc1Br)C(=O)N1CCCCC1,-2.3229846954345703
guided,O=C(OCCN1C(=O)c2ccccc2C1=O)c1ccc2c(=O)n(-c3ccccc3)c(=S)[nH]c2c1,-1.0666710138320923
guided,O=[N+]([O-])c1ccc(O)c(/C(Cl)=N/N=[C-]/C=C\C=C2/C=CC=[S+]2)c1,-1.1054366827011108
guided,CCO[C-]([O-])[C+]1[CH+][CH-][C+](OC[C-]2[CH+][CH-][CH+][C][C+]2[N-][N-][CH+][c+]2[cH-][cH+][cH-][cH+][cH-]2)[CH-][CH+]1.[H+],-2.3969733715057373
guided,CC(C)(O)CNC(=O)N1c2ccccc2C=Cc2cccnc21,-2.3673336505889893
guided,N#CN/C(=N/S(=O)(=O)c1ccc(Cl)cc1)c1ccccc1,-1.0060641765594482
guided,COc1ccc2nc(/C=N/NC(=O)CCCC(=O)O)ccc2c1,-0.3833544850349426
guided,O=[N+]([O-])c1ccc2ncnc(N3CCN(c4ncc(C(F)(F)F)cc4Cl)CC3)c2c1,-1.5501410961151123
guided,C=CCc1c(NCCO)nc(C)[nH]c1=O,-1.0704702138900757
guided,Cc1c(C(=O)N2CCOCC2)c(S(=O)(=O)Nc2ccc(OC(F)(F)F)cc2)c(C)n1C,-0.8352823257446289
guided,NS(=O)(=O)c1cccc(NC(=O)COC(=O)C2(c3ccccc3)CCCC2)c1,-0.4830538034439087
guided,CCS(=O)(=O)Nc1cccc(Cc2ccncc2)c1,-2.629314661026001
guided,Clc1ccc(/C=C/c2nc3ccccc3[nH]2)cc1,-8.118011474609375
guided,O[CH-]C(O)[C+]1OC(C(O)[CH-]C(O)CO)C(O)(CCO)O1.[H+].[H+],-0.5705956220626831
guided,S=C(NCc1ccccn1)Nc1cc(Cl)ccc1Cl,-6.352721691131592
guided,O=C1c2cccnc2[C@@H](Nc2cccc(F)c2)N1Cc1ccco1,-3.261610507965088
guided,CCCCCN[C-]([O-])C[CH+][CH+][C][CH+][c-]1[cH+][cH-][c+](N(C)C)[cH-][cH+]1,-5.519433498382568
guided,COC(=O)NC1CCCCCC1,-5.385337829589844
guided,C=[NH+]CC[CH-]Oc1ccc(CC(=O)N(C)CC(=O)Nc2ccc(Cl)c(F)c2)cc1,-1.2822744846343994
guided,[O][C](N[C]([C](N[C]1[CH][CH][C](N([O-])[O-])[CH][CH]1)[C+]1[CH][CH][C](Br)[CH][CH]1)[N+]([O])[O-])[C]1[CH][CH][CH][CH][CH]1,-0.729685366153717
guided,CN(CC(=O)N1CCN(c2cccc(Cl)c2)CC1)S(=O)(=O)c1cnc[nH]1,-0.43840649724006653
guided,CC(=O)NC1=[S+]C2=C(CCC2)/C1=C(/[O-])NCc1ccco1,-0.9926612377166748
guided,CCOC(=O)c1ccccc1C(=O)Nc1ccc(Cl)cc1,-3.7318408489227295
guided,CS[C-]1[N-][CH+][C+](C[O+]2CCCCCO2)[CH-][N-]1,-5.558495044708252
guided,NC(=O)/C=C/C1=CCN(CCC(N)=O)CC1,-0.5629779696464539
guided,COC(=O)c1cn(C(=O)c2ccc(OC)c(OC)c2)c2ccccc12,-2.150214433670044
guided,COC(=O)CC(=O)NC(=S)Nc1nc(C(=O)OC)c(C)s1,-0.3903357982635498
guided,Nc1nnn(Cc2ccccc2F)n1,-1.5688632726669312
guided,O=C(C[C@@H]1CCCCC1=O)c1ccccc1O,-3.3495659828186035
guided,O=C(Oc1ccc2c3c(c(=O)oc2c1)CCCC3)c1ccccc1,-3.655414342880249
guided,Cc1cc(NC(=O)c2ccccc2F)ccc1NC(=O)c1ccco1,-2.5970590114593506
guided,NS(=O)(=O)c1ccc(NC(=S)NCCc2c[nH]c3ccccc23)cc1,-0.525740385055542
guided,CCC(C)(C)n1nnnc1[C@H](c1ccc(O)cc1)N1CCCCC1,-2.2706971168518066
guided,Cc1ccccc1OCC(=O)NNC(=O)[C@H](C)/N=N/[C-](C)n1c(C#[O+])nc2ccccc21,-0.5132079124450684
guided,[N-2][C][C+]([C+]1[N-][C+]2[CH+][C-](F)[CH+][CH-][C+]2[CH-][C+]1[C-]1[CH+][CH-][CH+]O[C-]1[O-])N1CCOCC1,-0.9988783597946167
guided,COc1ccccc1NC(=O)COc1cccc2ccc(C)nc12,-2.9567582607269287
guided,CN(CC(=O)N1CCCC1)S(C)(=O)=O,-2.7331666946411133
guided,CCCCCCNc1nc(NC(C)C)nc(Oc2ccc(=O)[nH]n2)n1,-0.6736409664154053
guided,CCNC(C)(C)C(=O)O,-3.826335906982422
guided,[O-][C-](CC[C+]1[CH+][CH-][CH+][C-](OC[CH-]O)[CH+]1)NCC(O)C(O)C1OCC(O)C1O,-0.542168140411377
guided,CCNc1oc(-c2ccccc2)nc1C#N,-2.458901882171631
guided,O=C(NC(=S)Nc1ccc2ccccc2n1)NC1(C(F)(F)F)Oc2ccccc2O1,-1.621889352798462
guided,[O-][C+](O)[c-]1[c+]([CH-]O)[cH-][cH+][c-](O)[c+]1O,-0.5557870864868164
guided,CCCCC(=O)O[C@@H](CCCl)C(=O)CO,-2.1672425270080566
guided,CONc1nc2ccc([C@@H](C)c3ccc([N+](=O)[O-])cc3)cc2s1,-2.3287105560302734
guided,CO[C]([O])[C][CH][O+]C(C)CCN1[C]([O])[C]2[CH][CH][CH][CH][C]2[C]1[O],-0.8927202820777893
guided,Clc1cccc(Cl)c1OCCCCN1CCCCC1,-11.583806991577148
guided,O=C(OC[C@H](O)CO)/C(=C/c1ccc(-c2cccc(C(F)(F)F)c2)o1)NC(=O)c1ccccc1,-1.1254116296768188
guided,CNC(=S)N1CCN(c2nc3ccccc3s2)CC1,-6.277675628662109
guided,CCCSc1nc2c(c(=O)[nH]1)[C@H](CC)Cc1ccccc1-2,-5.103673458099365
guided,COCn1c([C@@H](O)c2ccccc2)cc2ccccc21,-6.324071884155273
guided,CN1CCN(Cc2nc3ccccc3n2CC2CCCCC2)CC1,-8.1707181930542
guided,O=C(CSc1ccccc1C(F)(F)F)NCc1ccccn1,-5.258490562438965
guided,COC[C@@H]1CCc2sc3nc(SCC(=O)N(C)C)nc(N)c3c2C1,-0.9281763434410095
guided,CC[C@H](C)NCCCOCCOCCOC/C=C/c1cccs1,-5.754030704498291
guided,COc1cc(SC)ccc1C(=O)OCC(=O)Nc1cccc2ccccc12,-3.1718318462371826
guided,FC(F)Oc1ccc(CCc2nc(-c3ccncc3)no2)cc1,-2.9735591411590576
guided,O=C(NNS(=O)(=O)c1ccc(F)cc1)C1CCN(S(=O)(=O)c2ccc(N3C(=O)CCC3=O)cc2)CC1,-0.33785176277160645
guided,NC(=O)c1c(CN2CCC(CNC(=O)c3ccco3)CC2)[nH]c2ccccc12,-0.532433271408081
guided,CN(C[C@H]1CC=C(Sc2ccccc2)CC1)C1CCCCC1,-14.813955307006836
guided,O=C(CSCc1ccc(Cl)cc1)NNC(=O)c1cccnc1,-1.5946803092956543
guided,COCc1cnc(C(F)(F)F)nc1Nc1cc(OC)ccc1OC,-2.473445177078247
guided,Clc1cnccc1N/N=C/C=C/c1ccccc1,-6.245181560516357
guided,Clc1cc(Cl)cc(-c2nc3ccccc3[nH]2)c1,-8.251033782958984
guided,COCCNC(=O)Cn1ccc2cccnc21,-2.6902506351470947
guided,CC(C)COc1cc2c(c(Cl)c1Cl)C(=O)N(c1ccc(OC(=O)c3cccc([N+](=O)[O-])c3)cn1)C2,-3.0364181995391846
guided,CC1=C([O-])N(CCC/N=[CH+]/c2ccc(F)cc2)c2cc3cc(C)cc(C)c3nc2[C]1,-4.587051868438721
guided,C[C@@H]1C[C@H](C)CN(CCCN(O)c2ccccc2)C1,-7.664548397064209
guided,[C-]1=NC2=[S+]CCN2C([c-]2ccc(N3CCOCC3)[s+]2)=N1,-4.820842266082764
guided,N#C[C@@H](C(=O)/C=C/c1cccs1)c1ccccn1,-3.4831480979919434
guided,Cn1c(=O)c2ccccc2n(CC(=O)Nc2ccccc2F)c1=O,-1.1422864198684692
guided,O=C(CN(Cc1cccc(Cl)c1)S(=O)(=O)c1ccc2ccccc2c1)c1ccccc1,-5.496363162994385
guided,Br[c-]1[cH+][n-][c+]2[cH-][cH+][cH-][cH+][c-]21,-9.919671058654785
guided,NC(=O)N/N=C/c1cccc(OCc2ccccc2)c1,-1.1834614276885986
guided,CNCc1ccccc1OCc1cccs1,-8.576900482177734
guided,CN(CCC#N)Cc1ccc(Cl)c(Cl)c1,-7.7567458152771
guided,S=C(Nc1cccs1)N1CCCC1,-9.713674545288086
guided,COC(OC)[C@@H](C)/C=C/C(=O)C(C)(C)C,-5.887965679168701
guided,Brc1ccc(NCCSc2ccccc2)cc1,-11.65119457244873
guided,Cc1ccc(Cl)cc1N1CCN(S(=O)(=O)c2ccc(-n3cnnn3)cc2)CC1,-0.7613871097564697
guided,O=[N+]1C=CC=C/C1=C\O.[O-]P(c1ccccc1)c1ccccc1,-2.33388090133667
guided,CN1C=C(NC(=O)/C=C/c2ccc(-c3cccc(C(=O)O)c3)o2)C=C/C1=C\C(=O)NN,-0.3835434019565582
guided,O=P(=[OH+])CN1CCOCC1.[CH2-]CS(=O)(=O)N(CC)CC,-0.5958042740821838
guided,CO[c-]1[cH+][cH-][cH+][c-]2s[c+](N3CCN(C[C-]([O-])N[C+]4[CH+][CH-][C+](OC(C)C)[CH-][CH+]4)CC3)[n-][c+]12.[H+],-1.2577770948410034
guided,O=C(COc1ccc(S(=O)(=O)N2CCOCC2)cc1[N+](=O)[O-])N1CCc2ccccc2C1,-0.340842068195343
guided,CNc1nnc(NC(=O)c2ccc(Br)s2)s1,-2.107609510421753
guided,CC[C@H](Sc1nnc(CC2=CCCC(=O)O2)n1C)C(=O)NCc1cccs1,-0.9686840772628784
guided,NS(=O)(=O)c1ccc(CNC(=O)c2ccc(Cl)cc2)cc1,-0.5959609150886536
guided,CC(/C=C/c1ccccc1)=N\NC(=O)c1c(Br)c(C)nn1C,-3.0499069690704346
guided,Cc1ccc(CN2CCN(C(=O)CC(C)C)CC2)cc1,-8.026604652404785
guided,NC(=O)C1=C(N)/C(=C(\[O-])N(CCCN2CCOCC2)[C@H](C(=O)NC2CCCCC2)c2ccc(Cl)cc2)[S+]=N1,-0.3887474536895752
guided,S=c1[nH]nc(Cc2ccc(Cl)cc2)n1-c1ccc(Cl)cc1,-7.713863849639893
guided,COc1ccc(-c2cc(C3CCN(C)CC3)nc(-c3ccccc3C#Cc3ccccc3)n2)cc1OC,-6.8194475173950195
guided,[CH2+][C+]1[CH+][CH-][CH+][CH-][CH+]1.[CH2-]CCOCC[P+]([O-])(O)O.[O-][P-2],-0.5209600925445557
guided,O=C(c1ccc(NS(=O)(=O)c2ccc(F)cc2)cc1)N1CCOCC1,-1.1882667541503906
guided,CN(C1CCCCC1)[SH+3]([O-])([O-])[C-]1[CH-][CH+][CH-][c+]2[cH+][n-]n(-[c+]3[cH-][cH+][cH-][cH+][n-]3)[c-]21,-0.8511310815811157
guided,O=C(/[NH+]=[NH+]\C1=[C-][C@@]23C[C@H](/[C-]=C/C=C\[C-]=C\C=C/C2=[O+]3)C1)c1ccncc1,-1.5877591371536255
guided,CC(C)N[C]([O])[C-][CH][C]([CH][C-]S([O])([O])N(C)[C+]1[CH][CH][CH][CH][C]1[C]1[CH][CH][CH][CH][CH]1)S([O])([O-])N1CCC2(CC1)OCCO2.[H+],-1.706437110900879
guided,CCO[C-]([O-])[C+]1[C+](C)N[C-](C)[C+]([C-]([O-])OCCN[C+]([O-])[C+]2[CH+][CH-][CH+][N-][CH+]2)C1[C-]1[CH+][c-]2[cH+][c-](C)[cH+][c-](SCC)[c+]2[N-]S1,-1.0706130266189575
guided,Cc1ccc2c(CC(=O)OCC(=O)Nc3ccc(Cl)cn3)coc2c1,-1.4694061279296875
guided,O=C(O)C1=C[C@H](O)[C@@H](O)[C@H](O)C1,-0.6090285778045654
guided,CN1CCN([C-]2CN3[C+]([O-])C34C[c-]3[cH+][cH-][cH+][cH-][c+]3C4[S+]([C-]3[N-][CH+][CH+][C-]([O-])N3)O2)CC1.[H+],-0.4677399694919586
guided,[O-][C+](CN[c-]1[n-][c+]2[cH+][cH-][cH+][cH-][c+]2n2[c+]1N[N-][CH-]2)N[N-][CH+][c-]1[c+](O)[cH-][cH+][c-]2[cH+][c-](Br)[cH+][cH-][c+]12,-1.2527445554733276
guided,CC(C)=NOC(=O)c1ccc(F)cc1,-5.3673996925354
guided,FCCCOc1ccccc1Nc1ccccn1,-6.489065647125244
guided,[CH2+]CN(C[c+]1[cH-][cH+][c-](Cl)[c+](Cl)[cH-]1)[C-]1[N-][CH+][CH+][CH-][N-]1,-7.698832988739014
guided,CO[C][CH-][C+]1[C-](N2CCN(C)CC2)[C+]2C3C24N([C-]1CCOC)C34N([O-])[O-],-1.1028876304626465
guided,CC(=S)c1cn(-c2ccccc2)nc1C,-9.252784729003906
guided,FC(F)O[C@@H]1CCCC[C@H]1OC(F)(F)F,-9.441262245178223
guided,COc1ccc(/C=N/NC(=S)Nc2cc(C)nn2-c2ccccc2)c(OC)c1OC,-1.4562005996704102
guided,COc1ccc(CC(=O)N[C@H]2CC[C@@H](C)CC2)cc1O,-2.813917875289917
guided,CCOc1cc(C(=O)NC[C@@H]2CCCO2)cc(OCC)c1OCC,-2.208922863006592
guided,Cc1cc(C)c2cc(CN(CC(=O)Nc3ccc(C(N)=O)cc3C(F)(F)F)Cc3ccco3)c(=O)[nH]c2c1,-1.7616584300994873
guided,CCC(=O)N[C@H](CC(=O)c1ccc(F)cc1)c1ccc(OC(C)C)cc1,-4.260768890380859
guided,Cn1c(=O)c2c(c(C(=O)N3CCCCC3)cn2C)n(C)c1=S,-3.2397308349609375
guided,C[C@@H]1CN(S(=O)(=O)c2cccc(C(=O)NN3CCN(C)CC3)c2)C[C@@H](C)O1,-0.7218834161758423
guided,O=C[C@H](O)[C@@H](O)[C@H](O)CO,-0.6637919545173645
guided,Cc1ccc(NC(=O)c2ccc(-c3ccc(NC(=O)Cc4ccccc4)cc3)cc2)cn1,-3.8284835815429688
guided,CCOc1ncnc2c1sc1nc(C)cc(C)c12,-4.3733062744140625
guided,NC(=O)c1ccccc1NC(=O)CCN1C(=O)[C@H]2CC=CC[C@H]2C1=O,-0.3172699213027954
guided,Cc1cc(C)n2nc(C(=O)N3CCC[C@@H](Nc4cccc(F)c4)C3)cc2n1,-2.6535863876342773
guided,O=C(c1sc2ccccc2c1Cl)N(Cc1ccccc1Cl)[C@H]1CCS(=O)(=O)C1,-4.8860578536987305
guided,CC1[CH+][C-]([O-])C(C)CN([C+]([O-])C[c+]2[cH-][cH+][c-](Br)[cH+][cH-]2)C1,-3.6040213108062744
guided,O=S(=O)(NC[C@H]1COc2ccccc2O1)c1ccc(Br)s1,-2.184347152709961
guided,COc1cc(C(=O)Nc2nc3ccccc3[nH]2)nc(OC)n1,-0.3067909777164459
guided,CC/C=[C-]/[N@H+](CCC)c1ncnc2nc[nH]c12,-2.5594570636749268
guided,O=C(NNS(=O)(=O)c1cc(Cl)cc(Cl)c1)c1cc2ncc(C(F)(F)F)cc2s1,-1.8187305927276611
guided,Cc1cccc(N(Cc2ccccc2)C(=O)c2ccco2)c1C,-7.5605902671813965
guided,[CH2-]C#N.[S+]#P(c1ccccc1)c1ccccc1,-8.060056686401367
guided,COc1cc(OC(=O)N2CCOCC2)c2c(c1)c(C)nn2C,-1.808702826499939
guided,CNC(=O)c1sc(Nc2ccc(N3CCC(C)CC3)cc2OC)nc1C,-2.604138135910034
guided,[O-][S+2]([O-])(OCCO[C-](O)CO)[c+]1[cH-][cH+][c-](Br)[cH+][cH-]1,-0.4326442778110504
guided,CN(C)c1ccc(NC(=O)C/[S+]=c2\nc3cc(Cl)ccc3c([O-])[nH]2)cc1,-0.8612485527992249
guided,O=C(OCC(=O)[C-]1C=CN2CCCCC=C12)c1ccccc1Nc1cccc2ccccc12.[H+],-5.3603386878967285
guided,CC(=O)Nc1ccc2oc(-c3cc(F)c(F)cc3Cl)nc2c1,-4.2032470703125
guided,CCN(CC)C(=O)c1cnn2c1N[C@H](c1ccc(OC)cc1)C[C@H]2C(F)(F)F,-3.522341728210449
guided,COc1cc(C)c(NC(=S)NC2CC(C)(C)NC(C)(C)C2)cc1OC,-3.7735657691955566
guided,O=S(=O)(/C=C/c1ccccc1)NCCOc1ccccc1,-3.1013784408569336
guided,COc1cccc(-c2ccc(SCC(=O)N3CCOCC3)nn2)c1,-1.9859631061553955
guided,CN(CC(=O)NCCSc1ccccn1)S(=O)(=O)c1cnc[nH]1,-0.2889426648616791
guided,CCCC(=O)Nc1ccccc1NC(=O)c1ccc(OC)cc1,-2.4648451805114746
guided,COC(=O)c1ccc(NC(=O)[C@H](C(=O)c2c[nH]c3cc4ccccc4cc23)N(C)C)cc1,-1.3209238052368164
guided,N#CC/[S+]=c1\nc2sc(-c3ccccc3Cl)cc2c([O-])n1N,-0.6267343759536743
guided,C[C@]1(CCc2ccccc2)C[C@H](Nc2ccc3c(c2)C(=O)CCO3)CCN1,-4.63670539855957
guided,CCN(CC)CCCNC(=O)[C@H]1CCCN1C(=O)CN1CCCC1=O,-1.3829126358032227
guided,COc1ccc([C@@H](NC(=O)c2ccc(=O)[nH]c2)C(=O)Nc2cccc(C(C)=O)c2)cc1,-0.6052844524383545
guided,COCC(=O)Nc1ccc(N2CCCCC2)cc1,-4.75939416885376
guided,O=C(CSc1nccn1Cc1ccc(F)cc1)N1CCCC1,-5.48909330368042
guided,[O-][S@@+](Cc1ccc(Cl)cc1)Nc1cccc(O)c1-c1ccccc1,-4.808468818664551
guided,Cc1ccnc(NS(=O)(=O)c2ccc(NC(=O)c3sc4cc(F)ccc4c3Cl)cc2)n1,-2.086760997772217
guided,COc1ccc(-c2nc(-c3cccc(OC)c3OC)no2)cc1OC,-1.7049964666366577
guided,C[C@H]1CCCN(C(=S)NC2CC2)C1,-9.581252098083496
guided,CNc1ccccc1/N=C\c1cccc([N+](=O)[O-])c1,-2.3475000858306885
guided,N[S+2]([O-])([O-])[c-]1[cH+][cH-][c+](C([c-]2[n-][n-][n-]n2CC[c+]2[cH+][cH+][cH+][cH-][cH+]2)N2CCN([C-]([O-])[C+]3[CH+][C-]([O-])[CH+][CH+][CH-]3)CC2)[cH-][cH+]1,-0.28504031896591187
guided,Nn1c(SCCOc2ccc(F)cc2)nnc1-c1cccnc1,-1.0752900838851929
guided,ClCCNc1nc(-c2cccs2)nc2ccccc12,-6.228710651397705
guided,Nc1nonc1-n1nnc(C(=O)N/N=C/c2ccc(C(=O)O)cc2)c1C1CCCCC1,-0.3987261950969696
guided,CCCN(CCC)CCCNC(=O)CNC(=O)C(=O)N1CCC2(CC1)OCCO2,-0.4732779860496521
guided,[CH2][C]1[CH+][CH][CH][CH][C]1CC[CH][CH][C]N[C]([O])[C]1[CH][CH][C]([N+]([O])[O-])[C](C)[CH]1,-1.4414714574813843
guided,COCCCN([C][CH+][C+]1[CH+][CH-][C+](OC)[CH-][CH+]1)[C-]1[N-]n2[c+]([n-][c+](C)[cH+][c-]2[O-])S1,-1.1629389524459839
guided,C=CCOc1ccc([C@H]2CCCN(c3ccccc3)C2)cc1,-11.48250961303711
guided,O=C1C[C@H](N[C@H]2CCCO2)C(=O)N1c1cccc(Cl)c1,-2.5552210807800293
guided,O=C(NCCOC(=O)c1ccccc1O)c1ccc2ccccc2c1,-1.5857588052749634
guided,COc1ccc2ccccc2c1S(=O)(=O)n1cnc(C)c1,-2.4323039054870605
guided,C[C-]([O-])[C+]1[C+]([O-])[N-]C2([c+]3[cH-][cH+][c-]4[c+]([cH-]3)OCCC(C)O4)[O+]3[OH+]C132.[H+],-0.41448381543159485
guided,CO[C+]1[C-]([CH+][c-]2[cH+][cH-][cH+][cH-][cH+]2)[CH-][CH+][C-](SCC(O)CN2CCN(C)CC2)[C-]1OC,-4.355855464935303
guided,FC(F)(F)c1cccc(NC[C@H]2CCCO2)c1,-8.810991287231445
guided,[H]/[O+]=C1\C=CC(C)=CC1=C.[O-]P(c1ccccc1)c1cccc(Cl)c1,-5.032772064208984
guided,C=C1C=CC=C/C1=[N+]1\C=C(/C=N/c2ccccc2Cl)Sc2ccccc21.[O-]P(O)O,-2.8513784408569336
guided,C[c-]1[cH+][cH-][cH+][c-]2[c+]1OC13[C-]([CH+]2)N([C+]2[N-][C+]4[CH+][CH-][CH+][CH-][C+]4S2)[N-]C12N([CH-]N1CCN(C)CC1)[O+]32,-3.6831982135772705
guided,CCc1nc2ccccc2n1CC(=O)NC1CC1,-3.919058084487915
guided,CCSc1nc(NCCC(=O)O)c2ccccc2n1,-1.392701506614685
guided,Cc1cccc(N2CCN(C(=O)CCC(=O)Nc3cc(C)on3)CC2)c1,-1.0609599351882935
guided,COc1ccc(/C=C2/C(=O)Oc3cc(O)ccc32)c(C)c1C,-3.5139291286468506
guided,O=C(C1=C(O)C(=O)N(CCc2ccccc2)[C@@H]1c1cccnc1)c1ccco1,-1.3635722398757935
guided,CC[S@@+]([O-])Cc1nc2ccccc2[nH]1,-3.3701672554016113
guided,CC(C)NC(=O)[C@@H](CSCc1cccs1)N1Cc2ccccc2C1=O,-4.256101131439209
guided,CCN(CC)S(=O)(=O)c1cccc(C(=O)N/N=C/c2ccccn2)c1,-0.4528929889202118
guided,CCN(c1ccccc1)c1nc(CCNC(=O)CCNC(C)=O)cs1,-1.3645234107971191
guided,CC(=O)N1CCc2cc(S(=O)(=O)NCC(=O)Nc3c(C)n(C)n(-c4ccccc4)c3=O)ccc21,-0.25506895780563354
guided,O=c1c2ccccc2ccn1[P@](=O)(Nc1ccccc1)N1CCOCC1,-2.6140408515930176
guided,CC(=O)NC(=O)c1ccccc1Nc1ccc(C)cc1,-2.9726717472076416
guided,Nn1c(COc2ccc(Cl)c3cccnc23)nnc1SCC(=O)O,-0.4163282811641693
guided,O=C(OCc1cccs1)c1cc2ccccc2oc1=O,-3.215454578399658
guided,CCN(CCSC[C-]([O-])NC)[C-]([O-])CS[C][N-][c+]1[cH+][c+](O)[cH+][c-]2[cH+][cH-][cH+][cH-][c+]12,-0.49029281735420227
guided,COc1cccc(CN(C)CC(=O)NC(N)=O)c1OC,-0.323830783367157
guided,FC(F)COc1ccc2ccccc2n1,-8.328750610351562
guided,O=S(=O)(O)CCSSCCS,-3.2068960666656494
guided,Cn1c(=O)[nH]c(=O)c2[nH]c(N)nc21,-0.4915282130241394
guided,NNC(=O)c1ccccc1Br,-2.9618518352508545
guided,Cc1ccc(N(C)S(=O)(=O)N(C)CC(=O)Nc2ccc(F)c(F)c2)cc1C,-1.8498932123184204
guided,O=c1oc2ccc(F)cc2c(NC2CCCCC2)c1NS(=O)(=O)c1ccccc1,-1.9110411405563354
guided,C[C@@H](CO)OCCOCC/[O+]=C/CCC[CH-]CCN1C(=O)N=C(CCc2ccc3c4c(cccc24)C(N)=N3)C1=O,-1.1028779745101929
guided,CC(=O)c1ccc(N2CCN(CC(=O)NCc3ccco3)CC2)cc1,-1.795344591140747
guided,O=C(Cc1ccccc1)NCc1cc(-c2ccc(F)cc2)[nH]n1,-3.068108558654785
guided,NC(=S)Nc1ccccc1C(=O)c1ccccc1Oc1ccccc1,-3.29695987701416
guided,[CH2-]CC.[O+]#P(c1ccccc1)c1ccccc1,-9.264854431152344
guided,C[C@@H](NC(N)=O)C(=O)N1CCOCC1,-0.7723928093910217
guided,NNC(=O)c1ccc(N2C(=O)c3ccc(O)cc3C2=O)cc1,-0.3411582112312317
guided,CCCN/N=C(\[O-])c1sc(=S)n2c1[nH]c(=O)c1ccc(C(=O)NC)cc12.[H+],-0.33215343952178955
guided,NS(=O)(=O)c1ccc(NC(=O)CSc2nc3ccccc3nc2N2CCOCC2)cc1,-0.30976593494415283
guided,Cc1ccc(-n2nnnc2SCC(=O)N2CC(=O)Nc3ccccc32)cc1,-0.4436018764972687
guided,CCCCOc1c(C)cc(OCC)c(OCC)c1C(=O)CC,-5.7752156257629395
guided,CC1(C)C(c2ccccc2)=N[C@H](c2ccccc2)N1O,-6.364040374755859
guided,COc1ccc(N/N=C/c2cccn2Cc2ccccc2)cc1,-6.106191635131836
guided,[OH-],-7.230311870574951
guided,[O-]n1[o+]nc2c1-c1ccccc1C[C@@H]2N1CCOCC1,-1.9101614952087402
guided,N#CN(CCOc1cc(Cl)ccc1Cl)n1cnnc1-c1cccc(F)c1,-2.70316219329834
guided,O=S(=O)(c1cnccc1N1CCN(CCO)CC1)N1CCCCC1,-0.9678983092308044
guided,COc1ccc(C)c(NC(=O)COC(=O)[C@@H](Cc2c[nH]c3ccccc23)NC(C)=O)c1,-0.5843580961227417
guided,CO/N=C(/C)CCS(=O)(=O)c1ccc(OC)cc1,-1.9725749492645264
guided,[H]/[C-]=[O+]\c1cc(C)[nH]c(=O)c1C(=O)N[C@H](c1ccccc1)C(C)C,-1.5983810424804688
guided,COc1ccc2c(C)cc(NC(=O)c3cccs3)nc2c1,-4.2278971672058105
guided,[CH2+]CCCCN[C+]([CH+][C][N-2])[C-](N)[O-],-0.8780693411827087
guided,CCOCCNC(=S)Nc1ccc(OCCCc2cccs2)cc1,-5.606736660003662
guided,C[CH-]SC[c+]1[cH-][cH+][n-][c+](C)[c-]1[C+](N)[O-],-2.105790853500366
guided,O=C(N/N=C\c1coc2ccc(Cl)cc2c1=O)c1ccco1,-0.9709840416908264
guided,COCCN1[N][C](N([O-])[O-])[N][C]1O[C+]1[CH][CH][CH][CH][C]1F,-0.5120695233345032
guided,O=C(O)c1cc([N+](=O)[O-])ccc1N1CCOCC1,-0.48467564582824707
guided,CCCCC1=Nc2ccc(S(=O)(=O)N3C[C@@H](C)O[C@@H](C)C3)cc2/C(=C(\[O-])NC[C+]2=CC=CC=C2)[C]1,-1.2572216987609863
guided,C[c-]1[cH+][cH-][c+]([C-]([O-])N2CCS[C+]2N2CCN(C)CC2)[cH-][c+]1Br,-6.063039302825928
guided,C[C]1[CH][CH][C](O[C]2[CH][C]([C+]([O])[C]([C][N])[CH]N(C)C)[CH][CH][C]2N([O-])[O-])[CH][CH]1,-0.569701075553894
guided,CN(Cc1ccccc1OCc1ccccc1)C[C@@H]1COCCO1,-6.777809143066406
guided,O=C1[C@@H](CSCc2cccc(Cl)c2)NC(=S)N1c1cccc(O)c1,-3.949974298477173
guided,CCOC(=O)[C@H]1c2ccccc2C(=O)N1c1cc(C)cc(C)c1,-4.674552917480469
guided,NC(=O)[C@@H]1Cc2ccccc2CN1C(=O)Nc1ccccc1C(=O)O,-0.366032212972641
guided,N[C-]([O-])C(F)(F)CCSSCCC[N-][C+]([O-])CS[C+]1[C][C][C]C[CH+]1.[H+].[H+],-0.9369488954544067
guided,COCCC(=O)N1CCC[C@H]([C@H](C)NC(=O)CN2C(=O)NC3(CCCC3)C2=O)C1,-0.5011196136474609
guided,N#Cc1c#c[n+]2[c-]c1C/[O+]=[C-]/CC[CH-]CC2.[H+],-5.118055820465088
guided,COc1ccc(N(CC(=O)Nc2ccccc2Cc2ccccc2)S(=O)(=O)c2ccc(NC(=O)C(C)C)cc2)cc1,-3.0284717082977295
guided,Cn1c(=O)cc(SCC(=O)NCCCOc2ccccc2)c2ccccc21,-2.7817864418029785
guided,Cc1ccc(S(=O)(=O)N(C)C)cc1NC(=O)COC(=O)CSc1ccc(Br)cc1,-0.9787037372589111
guided,OCC1(Cc2ccc(Cl)cc2)CCN(C2CCCC2)CC1,-8.771308898925781
guided,COc1ccc(NC(=O)N[C@H](C)c2ccc(F)cc2)cc1,-4.289894104003906
guided,[O-][C+](CO[C-]([O-])[C+]([c+]1[cH-][cH+][cH-][cH+][c-]1F)C1CCCC1)NC[c-]1[cH+][cH-][cH+]s1,-1.8940150737762451
guided,CC(=O)/C(=N/Nc1cccc(Cl)c1)Sc1nnc(-c2cccs2)n1-c1ccccc1,-4.0562424659729
guided,CNS(=O)(=O)c1ccc(Cl)c(C(=O)OCC(=O)Nc2cc(S(=O)(=O)N3CCOCC3)ccc2C)c1,-0.3241003155708313
guided,[H]/[O+]=[C-]\[C@@H](O)[C@H](O)COc1ccc(O)c(O)c1O,-0.430691659450531
guided,CCC(O)(CC)[C]([O])[N-]N[C]1[CH][CH][CH][C]2[CH][CH][CH][CH][C]21.[CH][C]([OH+])[C]([O])[CH][CH][C-][O].[H+].[H+],-1.2076659202575684
guided,N#C[C@H](c1ccc(O)cc1)N1CCOCC1,-2.7482333183288574
guided,CCC(C)[N-]CCCN[C-]([O-])[c-]1[cH+][c-](Br)[c+](OC[C][C][C+]2[CH+][CH-][CH+][CH+][N-]2)[c-](OC)[cH+]1,-1.955186367034912
guided,CCN(CC(=O)O)S(=O)(=O)c1ccc(CCOC)cc1,-0.685692548751831
guided,Nn1c(-c2ccccc2F)cnc1-c1ccncc1,-2.8878018856048584
guided,O/N=C1/CCCC[C@@H]1c1ccc(Cl)cc1,-7.132486343383789
guided,C[C@@H](CN1CCN(C)CC1)OC(=O)c1ccc(Cl)cc1,-6.162686824798584
guided,Cc1cccc(C)c1OCc1cc(C(=O)N2CCc3ccccc3C2)no1,-3.897841215133667
guided,O=S(=O)(/C=C/c1cccc(Cl)c1)NC1CC1,-4.244992256164551
guided,O=C(OC(CCl)CCl)c1ncccn1,-3.3123347759246826
guided,O=C(O)c1ccc2nc(CO)[nH]c2c1,-0.6826863884925842
guided,O=C(Nc1nnc(-c2ccccc2Cl)s1)c1cccc(Br)c1,-4.7146220207214355
guided,CC/[O+]=[C-]/C(C)=C(/C#N)C(=S)/N=C/C=C(C)C,-4.393321990966797
guided,CCCn1c(SCC(=O)Nc2cc(C(C)(C)C)nn2-c2ccc(C)cc2)nnc1-c1ccco1,-2.837068796157837
guided,CCC/[C-]=C/[CH+]/[O+]=C\C[C@H](/C(C)=C/O)[C-](C)C,-7.658980369567871
guided,C[C@H](NS(=O)(=O)c1ccccc1)C(N)=O,-0.5034726858139038
guided,CCN1CCC2=C(C1)[S+]=C(N)/C2=C(\[O-])OC,-2.30271315574646
guided,CC(=O)Nc1ccc(S(=O)(=O)Nc2nc3ccccc3nc2N2C=CC=CC2)cc1,-0.8576221466064453
guided,COc1ccccc1N(C[C@@H](O)Cn1c(=O)sc2ccccc21)S(=O)(=O)c1ccc(C)cc1,-1.2450828552246094
guided,CN1C(=O)/C(=N/c2ccccn2)SC1=S,-4.1264214515686035
guided,CCOc1ccccc1[C@@H]1CC(=O)Nc2cc(OC)c(OC)cc21,-3.382605791091919
guided,Cn1c2ccccc2c2nnc(SCC(=O)N3CCOCC3)nc21,-1.1755865812301636
guided,Nn1cc(CCC(=O)O)nc1-c1cccnc1,-0.40725934505462646
guided,O=C(Cn1ccc([N+](=O)[O-])n1)N1CCCC1,-0.8789366483688354
guided,CCS(=O)(=O)N(CC(=O)O)c1cccc2ccccc12,-1.2460379600524902
guided,COc1cccc(/N=N/c2ccc(N)cc2)c1,-3.1861252784729004
guided,CCCCSC(=S)N(C)[C@@H]1CCS(=O)(=O)C1,-5.496088981628418
guided,COc1ccc(S(=O)(=O)Nc2cccc([N+](=O)[O-])c2)cc1OC,-0.5166341662406921
guided,CC(=O)c1ccc(N2CCN(C(=O)c3cccc(N4C(=O)[C@@H]5[C@H](C4=O)[C@H]4C=C[C@@H]5C4)c3)CC2)cc1,-1.5026897192001343
guided,Cc1ccccc1CNC(=O)CCC(=O)Nc1nnc(C(F)(F)F)s1,-1.096924066543579
guided,N#Cc1c(SCC(=O)NNC(=O)c2ccco2)nsc1SCc1ccccc1,-0.9877408742904663
guided,Clc1ccc(-c2c[nH]c(-c3ccccc3)n2)cc1,-8.126830101013184
guided,Cc1ccc2c(COc3ccccc3)cc(=O)oc2c1,-5.748897075653076
guided,CCN1CCC(C(=O)NCc2cccs2)CC1,-6.213287830352783
guided,C=[P@]([O-])(O)c1ccccc1.[CH-]1CCCCC1.[H+].[O+]#P,-2.5233848094940186
guided,NS([O])([O])[C]1[CH][N][C](S[C+]2[N][CH][C](C(F)(F)F)[CH][C]2Cl)[C](N([O-])[O-])[CH]1,-0.7799816131591797
guided,N[C+]1[C+]([C-](N)[O-])[N-]O[C+]1[C-]([O-])[N-]C([C+]([O-])NC1CCCC1)C1CCCCC1,-0.5436879396438599
guided,[CH2-]C(CC[c-]1[cH+][cH-][cH+][cH-][cH+]1)(COC)[C-]([O-])NC[C+]1[CH+][CH-][CH+][N-][CH+]1,-2.6971163749694824
guided,CCOc1cc(C(c2c(C)[nH][nH]c2=O)c2c(C)[nH][nH]c2=O)cc(Br)c1O,-0.6313230991363525
guided,C[C@H](Oc1cccc(F)c1)C(=O)NCc1ccco1,-3.5129525661468506
guided,Cc1cc(NC(=O)c2sc3ncn(C)c(=O)c3c2C)no1,-0.5099321007728577
guided,O=C(c1ccc2nc(-c3ccccc3)cn2c1)c1ccccc1O,-3.9268369674682617
guided,O=C(C1CC1)N1CCN(c2ccc(Cl)cc2)CC1,-7.906641960144043
guided,COCCCn1c(=O)c2ccccc2n(Cc2cccc3ccccc23)c1=O,-3.6829702854156494
guided,NS(=O)(=O)c1ccc(-n2nnnc2SCC(=O)NC2CCCCC2)cc1,-0.33332544565200806
guided,COc1ccc(N2CCN(CCCC(=O)O)CC2)cc1,-3.091886281967163
guided,NS(=O)(=O)c1ccc(NC(=O)N2CCC(O)(c3cccc(C(F)(F)F)c3)CC2)cc1,-0.7204387784004211
guided,O=C(Nc1cc(S(=O)(=O)N2CCCCC2)ccc1N1CCCCC1)c1ccncc1,-1.4117324352264404
guided,COc1cccc(OCC(=O)NNC(=O)Cc2cccs2)c1,-0.9568076729774475
guided,COc1ccc(Cl)cc1S(=O)(=O)N(C)C,-3.978351354598999
guided,O=C(CNNC(=O)c1cnc2ccccc2c1)NCc1ccccc1,-0.6853033900260925
guided,O=C(/C(Cc1ccco1)=N/O)c1cccc([N+](=O)[O-])c1,-0.5922889113426208
guided,Nc1c(Cl)cc(S(N)(=O)=O)cc1S(=O)(=O)NCCC1CCCCC1,-0.465650349855423
guided,COc1ccc(OC)c(C(=O)c2c(O)c3c(Br)c(OC)cc(O)c3oc2=O)c1,-0.9001898169517517
guided,O=Cn1c(-c2ccccc2)cccc1=O,-4.98483419418335
guided,C=COCCCNC(=O)n1cccn1,-2.803879499435425
guided,O=C(/C=C/c1ccco1)NCCCc1ccccc1,-4.963084697723389
guided,O=C1NC(=S)N(c2cccc3ccccc23)C(=O)/C1=C/NCCO,-0.6968393325805664
guided,N#Cc1ccc(CNc2ccccc2-c2cnc3ccccc3n2)cc1,-3.8810298442840576
guided,Cl[CH-]O[c+]1[cH-][cH+][c-]2[c+]([cH-]1)OCCCO2,-7.238018989562988
guided,COc1ccc(/C=C/c2nc(C)c(Cc3ccccc3)c(=O)[nH]2)cc1F,-3.9191641807556152
guided,Cc1cnc(C(=O)O[C@@H](C(=O)c2ccc(C)c(Cl)c2)c2ccccc2)cn1,-3.002764940261841
guided,CC(=O)[C@@H]1CCCN(C(=O)c2cnn([C@@H](C)C(F)(F)F)c2)C1,-3.206735372543335
guided,CO[c-]1[cH+][c-]2[c+]([O-])[c-](C)[nH][c+]([O-])[c+]2[c-]2o[c+](C)[cH-][c+]([O-])[c+]12,-0.3360946476459503
guided,O=c1ccc(/C=C/c2ccc(S(=O)(=O)N3CCCCCC3)cc2)n[nH]1,-0.9687749743461609
guided,COc1c(C)cc(NC(=O)CCC(=O)OCC(=O)c2ccccc2)cc1C,-1.3976057767868042
guided,O=C(CSC1=NCCS1)N1CCc2ccccc21,-6.2759690284729
guided,CCOc1ccccc1NC(=S)NCCCN1CCN(C)CC1,-4.971470355987549
guided,CCOC(=O)CC(=O)CSc1nnc(-c2ccccc2)c(-c2cccs2)n1,-1.678614854812622
guided,O=C(O)c1ccc([N+](=O)[O-])c2cccnc12,-0.4988343417644501
guided,O=C(CCCNS(=O)(=O)c1cccs1)N1CCN(C2CCCCC2)CC1,-1.717502474784851
guided,Cc1ccc(CN(C)CC(=O)N/N=C/c2ccc(C(F)(F)F)cc2)cc1,-4.957529544830322
guided,CCNCc1n[nH]c(=S)n1Cc1ccc(F)cc1,-4.292758941650391
guided,O=c1cc(/C=N/OCc2ccc(F)cc2)cc[nH]1,-3.1311147212982178
guided,CCOc1ccccc1CCCCNC(=O)c1ccccc1Br,-6.656131744384766
guided,C[C@H](NCc1cccc(Cl)c1)[C@@H](C)CCN(C)C,-10.026835441589355
guided,COc1ccc(CN2CCc3cc(OC)c(OC)cc3C2)cc1OC,-5.398731231689453
guided,Cn1cnc(S(=O)(=O)NCCc2ccc(S(N)(=O)=O)cc2)c1,-0.32870885729789734
guided,Cc1ccnc(Nc2ccc(N3CCN(C)CC3)nc2)c1,-4.321833610534668
guided,O=C(N/N=C/c1cccs1)C(=O)N1CCCC1,-2.1915698051452637
guided,O=S(=O)(Cc1cc(NCc2cccc(F)c2)ncn1)c1ccccc1,-1.8731834888458252
guided,CN(C)S(=O)(=O)c1cccc(CSc2nncn2C)c1,-1.6080775260925293
guided,COc1ccc(Nc2ccccc2OC)cc1,-7.027148723602295
guided,Cc1cccc(NC(=O)N2CC=C(n3cccc3)CC2)c1C,-6.216606616973877
guided,CN(C)Cc1ccc(CN2CCC(Cc3ccccc3)CC2)cc1,-12.494956970214844
guided,CC[C@@H](C)C1=NN(C(=O)Cc2ccc(F)cc2)[C@](O)(C(F)(F)F)C1,-3.812319278717041
guided,O=NN/C(=N\c1ccc(Cl)cc1)c1cccs1,-3.9523398876190186
guided,O=C(/C=C\c1ccccc1)NC(=S)N1CCN(C/C=C/c2ccc(C(F)(F)F)cc2)CC1,-6.9586873054504395
guided,O=[N+]([O-])c1c(N2CCOCC2)c2nsnc2c2ccccc12,-1.0357333421707153
guided,Cn1c(CCC(=O)Nc2cccc(Oc3ccccc3Cl)c2)n[nH]c1=S,-2.748772144317627
guided,CCCCN(C(=O)NC(=O)N(CCOC)CCc1ccccc1)S(C)(=O)=O,-0.4959176480770111
guided,S=C(NCc1ccccc1)NC[C@H]1CCCO1,-6.015414714813232
guided,CCC(C)(C)NC(=O)CCCNS(=O)(=O)C1=C(/C=C/c2ccco2)[O+]2CN2/C1=C(/[O-])OC,-0.3998739421367645
guided,CC(=O)N[C@H]1CCSC1=O,-4.117733955383301
guided,COc1ccc2oc(=O)c(C(=O)Oc3ccc4c(=O)cc(C)oc4c3C)cc2c1,-1.1823948621749878
guided,[O-][S@+](C[C@@H]1CC1(Cl)Cl)C[C@H]1CC1(Cl)Cl,-8.546457290649414
guided,[CH2+][C+]([C][N-2])[CH+][C][C+]([O-])OC[C-]([O-])N[c-]1[n-][cH+][c+](Cl)[c-](C)[c+]1Cl,-0.3904682397842407
guided,FCCCOc1ccccc1CNc1ncccn1,-4.185694217681885
guided,O=C(NCc1ccco1)c1cc(-c2ccco2)nc2ccc(Cl)cc12,-3.1871895790100098
guided,COc1cc(CO)cc(Br)c1OCC(=O)n1ccc2ccccc21,-2.9957966804504395
guided,NNC(=S)NCCC1=CCCN(Cc2ccccc2)C1,-3.086101770401001
guided,NS(=O)(=O)c1cccc(Nc2c([N+](=O)[O-])ccc3ccccc23)c1,-0.84656822681427
guided,N[C-](N)NCCCCN[C+]([O-])CCC[C+]([O-])O,-0.532971978187561
guided,CNP([N-][C+]([O-])CO[c+]1[cH-][cH+][cH-][cH+][cH-]1)N1CCCCC1,-2.348804473876953
guided,CS(=O)(=O)Nc1cc(C(=O)CSc2ncccn2)ccc1C#N,-0.3383042812347412
guided,O=C(C1=C(O)C(=O)N(C[C@@H]2CCCO2)[C@@H]1c1ccc([N+](=O)[O-])cc1)c1ccco1,-0.782623827457428
guided,[CH2][O+][C]1[CH][CH][CH][CH][C]1F.[N-][CH][N-][C]([O])[N][C+]1[CH][CH][CH][CH][CH-]1,-1.5085740089416504
guided,Cn1c(=O)c2c(SCC(=O)Nc3ccc(-c4ccccc4)cc3)nc(-c3ccccc3)nc2n(C)c1=O,-1.4251097440719604
guided,[H+].[O-][S+2]([O-])([c-]1[cH+][cH-][c+](Br)s1)N1[C+](CN2CCOCC2)[C-]1[c-]1[cH+][cH-][cH+][c-](C(F)(F)F)[cH+]1,-3.329709053039551
guided,Clc1cccc(N[C@H]2CCCN(c3cc(Cl)nc(Cl)n3)C2)c1,-6.214564800262451
guided,Brc1ccc(-c2noc(/C=C/c3ccco3)n2)o1,-2.8815243244171143
guided,Cn1cc([C@@H](Br)CBr)c(=O)oc1=S,-6.024717807769775
guided,COc1cc(N2CCOCC2)ccc1/C=C1/SC(=O)N(CC(=O)NCCCNCc2ccccc2)C1=O,-0.6979453563690186
guided,Clc1ccc(CSc2ccc(N3CCN(Cc4ccccc4)CC3)nc2)cc1,-10.715508460998535
guided,[CH2-]CC1C[CH+]N([C+]([O-])[c+]2[cH+][n-][cH-][cH+][n-]2)[C-](C)C1,-2.9265880584716797
guided,Clc1ccc(-c2nnc(-c3ccco3)o2)cc1,-4.070850372314453
guided,[H+].[N-2][C][C+]1[C][C][C+](C23CC4(C2)C(CN(C[c+]2[cH-][cH+][cH+][n-][cH-]2)C4[c+]2[cH-][cH+][cH-][cH+][cH-]2)C3[c+]2[cH-][cH+][c+](Cl)[n-][cH-]2)[CH+][CH+]1,-6.465786457061768
guided,C[C-](O)OC[C+]([O-])NN[C+]([O-])[c+]1[cH-][c+]([O-])[nH][c+]([O-])[nH]1,-0.5216397643089294
guided,Fc1ccc(N2CCN(Cc3[c-]n4ccccc4n3)CC2)cc1.[H+],-7.863163948059082
guided,Fc1ccc(CSc2nnc(-c3ccccc3)o2)cc1,-6.2244038581848145
guided,O=C(Nc1ccccn1)c1ccco1,-2.936965227127075
guided,Cc1ccnc2c1CCC/C2=C\c1cccc(Br)c1,-11.855673789978027
guided,O=C(Nc1nn(C(=O)Cc2cccs2)c2ccccc12)c1cccnc1,-1.7503331899642944
guided,NNC(=O)/C=C/c1cccs1,-2.9299325942993164
guided,[CH2-]CN[c-]1[n-][c+](-[c-]2[cH+][cH-][cH+]s2)[cH+]s1,-7.631646156311035
guided,Nc1cccc(OCC(=O)NC2CCN(Cc3ccc4c(c3)OCO4)CC2)c1,-0.647736668586731
guided,COc1ccc(S(=O)(=O)[C@@H](C#N)c2nc3ccccc3[nH]c2=O)cc1Cl,-0.5878610014915466
guided,COc1cc(/C=N/NC(=O)CSc2ccccn2)ccc1OCC(N)=O,-0.2586440443992615
guided,CCOc1ccc(COC(=O)CNS(=O)(=O)/C=C/c2ccccc2)cc1Br,-1.4619930982589722
guided,CN1CCC(n2nccc2N)CC1,-3.9253251552581787
guided,CCCCCCC[C@@H]1CNC(=O)N1,-4.980255603790283
guided,FC(F)c1nc2ccccc2n1C[C@@H]1CCCCN1,-7.051915645599365
guided,COc1cccc(-c2nnc(SCC#N)n2N)c1,-0.4528126120567322
guided,O=C/C(=N\Nc1ccccc1)n1cc(C(=O)O)c(C(=O)c2ccc(Cl)cc2Cl)c(C(=O)O)c1=O,-0.9459626078605652
guided,FC(F)Oc1cccc(OCc2ccccc2)c1,-9.651862144470215
guided,O=S(=O)(c1ccco1)N(c1ncccn1)c1ncccn1,-0.34923630952835083
guided,COc1cccc(OC)c1OC[C@@H](O)CN1CCOCC1,-2.2500767707824707
guided,COC1=CC(=[O+]\C)/C(=[NH+]/C(=O)/[C-]=C(\N)[c-]2c3c(c(C)n/c2=N\C(=O)[c-]2ccc[s+]2)COC(C)(C)C3)C=C1,-0.3422507047653198
guided,CCCS(=O)(=O)N1CCC(C(=O)NCCCN(C)C2CCCCC2)CC1,-1.788150668144226
guided,[NH-][c+]1[cH-][cH+][c-](N([O-])[O-])[cH+][c-]1-[c+]1[n-][n-][c+](N[C+]([O-])C[c+]2[cH-][cH+][c-](N([O-])[O-])[cH+][cH-]2)s1,-0.6573788523674011
guided,Clc1cccc(CN2CCc3c(sc4nc(Cl)ccc34)C2)c1,-11.244461059570312
guided,C[CH-]CC[C@@H](Br)C(=O)O/C=C1C(=[O+]\C(=O)[c-]2ccc[s+]2)/N=C2C=CC=CN2/1,-2.54713773727417
guided,NC(=O)CN1CCC[C@@H]1c1ccc(F)cc1,-3.9950740337371826
guided,CO[C@H]1C(=O)N(c2ccccc2)c2c(C)cccc21,-7.2093706130981445
guided,N#CCCN(C(=O)Cn1ncc(Cl)c(Cl)c1=O)c1ccccc1,-1.15762197971344
guided,O=C(OCN1C(=O)c2ccccc2C1=O)C1=CO[C@H](N2C(=O)c3ccccc3C2=O)CC1,-0.46678292751312256
guided,CC1=[S+]c2ncnc(N3CCCCC3)c2/C1=C(/[O-])NCc1ccco1,-1.0035011768341064
guided,COc1ccc(N[C@@H]2c3ccccc3C(=O)N2Cc2cccnc2)cc1,-3.8314664363861084
guided,COc1ccc(-c2nc(NC(=O)N3CCOCC3)sc2C)cc1,-2.3907628059387207
guided,O=C(CCCc1cc2ccccc2[nH]c1=O)c1ccco1,-2.653733491897583
guided,NN/C(N)=N/N=C\c1cccc([N+](=O)[O-])c1,-0.45471009612083435
guided,COc1ccc(NC(=O)N2CCN(c3cccc(C)c3C)CC2)cc1,-4.90539026260376
guided,C/C(CC(=O)NCc1cccnc1)=N\NC(=O)c1cc2ccccc2cc1O,-0.6250548958778381
guided,C[C+]1[N-][C+]([O-])[C+]([N-][N-][C+]2[CH+][CH-][C+](N([O-])[O-])[CH-][C+]2N)[C-](C)[C+]1C,-0.5862036943435669
guided,[CH2-]CCN1CCN(C(CNS(=O)(=O)[C-]2C=CCCC2)=C2C=CC(=[NH+]CC(=O)N3CCCC3)C=C2)CC1.[H+],-0.733391523361206
guided,COc1cc(CNC2CCCCCC2)cc(Cl)c1OCc1ccccc1,-9.113513946533203
guided,C1=C/C(=C/N2CCOCC2)[S+]=C1.O=S(=O)(c1ccccc1)N1CC[C-](CO)CC1,-1.5031694173812866
guided,CN(C)[C]1[CH][CH][C](S([O])([O])NC[C+]([O])OC[C]([O])N(C)[C]2[CH][CH][C]3[CH][CH][CH][CH][C]3[CH]2)[CH][C]1N([O-])[O-],-0.6463311910629272
guided,Clc1cnc(N/N=C/c2ccccc2Cl)c(Cl)c1,-6.818882465362549
guided,[H+].[H+].[O-][C](N[N][CH][C]1[CH]N[C]2[CH][CH][C](C[C]C[CH+]O)[CH][C]12)[C]1[CH][C]2[CH][CH][CH][CH][C-]2[CH][C]1O,-0.6307768225669861
guided,CCN(CC)P(=O)(c1ccc(N(C)C)cc1NC(=O)c1ccco1)N(CC)CC,-2.662804126739502
guided,O=C(CC[C@@H]1CCCN(C(=O)CN2CCC(Br)CC2)C1)N1CCN(c2ccccn2)CC1,-2.6785953044891357
guided,FC(F)(F)COCC(Cl)(Cl)Cl,-11.470613479614258
guided,N#CCCN(Cc1cccnc1)C(=O)COC(=O)c1cccc(S(=O)(=O)N2CCOCC2)c1,-0.30870041251182556
guided,COc1ccccc1NC(=O)NCc1ccc(F)cc1,-3.9256515502929688
guided,O=S(=O)(Nc1ccccc1Br)c1ccc(OC[C@H]2CCCO2)cc1,-2.8188419342041016
guided,CN(C)CCCNc1cc(=O)n2c(n1)SCC2,-3.4323654174804688
guided,Cc1cccc(OC/C(CO)=C(\C#N)c2ccc(Cl)cc2)c1C,-4.403539657592773
guided,O=C(O)c1cccc(Nc2cc3cc(OCc4ccccc4)ccc3cn2)c1,-3.542649030685425
guided,CC1=[S+]C2=C/C(=[NH+]\C([O-])=C(/[O-])NCCc3cccs3)C=CC2=N1,-0.6966903209686279
guided,C=[O+]CCOCCOCCOCCOCCOC1=C[C-](Br)C=CC1,-2.961193323135376
guided,Clc1ccc2nc(CSc3cc4sc5ccccc5cc-4n3)cn2c1,-9.447884559631348
guided,O=C(CCN1C(=O)c2ccccc2C1=O)NC[C@H]1COCCO1,-0.6230846047401428
guided,N#CCOc1nc(N2CCOCC2)nc(N2CCCC(CC(F)(F)F)=N2)n1,-0.44752758741378784
guided,[H+].[H+].[H+].[S-][C+](NC1[C-]2O[C][C]O[C][C]O[C][C]O[CH+][C][N-][C][N-]CC21)[c+]1[cH+][cH+][cH+]o1,-0.7668131589889526
guided,Cc1cc(N2CCCC2)ccc1/C=C1\SC(=S)N(CCOCCN(C)Cc2ccccc2)C1=O,-7.333338260650635
guided,CO[c-]1[cH+][cH-][c+]([C+]([O-])C2CC[C-](C)[C+]([O-])[C+]2[N-]C2CCCCC2)[cH-][cH+]1,-2.0721402168273926
guided,COC(=O)CC(=O)N1CCN(c2ccccc2)CC1,-3.450700521469116
guided,NNC(=S)Nc1cc(Cl)ccc1Cl,-3.7933754920959473
guided,O=C(CCc1ccccc1)N/N=C/c1ccccc1O,-2.421175479888916
guided,C[CH-]CCC1CCCCN1[C+]([O-])C[c+]1[cH-][cH+][cH-][cH+][cH-]1,-7.599941730499268
guided,COc1ccc(C(=O)NNC(=O)Nc2ccccc2C)cc1,-1.0627391338348389
guided,CCCCN(C(=O)NC(=O)Nc1ccccc1OCC)S(C)(=O)=O,-0.5299342274665833
guided,COc1cc2oc(=O)c(CC(=O)OCC(=O)N(C)c3ccccc3)c(C)c2cc1OC,-0.6790791153907776
guided,COc1cc(NC(=O)C2CC2)c(OC)cc1CNC(=O)C1CC1,-1.11155104637146
guided,COc1ccc2c(COC(=O)CCS(=O)(=O)c3ccc(C)cc3)cc(=O)oc2c1,-0.7591729164123535
guided,Cc1c(C(=O)N[C@H](C)c2ccccc2)sc2cc(S(C)(=O)=O)ccc12,-3.146428346633911
guided,C=CCCCCCCCC(=O)OC,-7.7845234870910645
guided,C[C]1[N][C](N(C)[C+]([O])[C]2[CH][CH][CH][CH][CH]2)S[C]1C[C]1[CH][CH][CH][C](N([O-])[O-])[C]1O,-0.8668577671051025
guided,COc1cc(NC(=O)c2ccco2)cc(OC)c1O[C@H](C)C(=O)Nc1nc2c(s1)CCCC2,-1.5755871534347534
guided,Cc1nnsc1SCCN1CCOCC1,-5.156020164489746
guided,S=c1[nH]nc(COc2ccccc2)n1/N=C/C=C/c1ccco1,-2.40519118309021
guided,COc1cc(CNC(=O)[C@@H]2CCC(=O)N(Cc3ccccc3F)C2)no1,-0.6437757015228271
guided,Cl[c-]1[cH+][cH-][cH+][cH-][c+]1[C@H]1[C-]([CH-]SC[c-]2[cH+][cH-][cH+][c-]3[cH+][cH-][cH+][cH-][c+]23)[N@+]23[CH-][SH+]C[C@H]2[N@H+]13,-12.894023895263672
guided,CC(=O)N1CCC2=C(C1)[S+]=C(NC(=O)CCS(=O)(=O)c1ccc3ccccc3c1C(=O)O)/C2=C(/N)[O-],-0.3113039433956146
guided,C[c+]1[c-]([N-][C+]([O-])[CH+][C+]([CH-][c+]2[cH-][cH+][c-]3[c+]([cH-]2)OCO3)[C+]([O-])N[c+]2[cH-][cH+][cH-][cH+][c-]2N([O-])[O-])o[c+]([O-])[c-]1C,-0.4912872016429901
guided,Nc1c(C(=O)Nc2ccccc2)sc2nc3c(c(-c4ccco4)c12)CCC3,-2.5211870670318604
guided,NNC(=O)c1ccc(NS(=O)(=O)c2ccc(Br)cc2)cc1,-0.42665937542915344
guided,CCC(=O)Nc1ccc(Cl)cc1N,-3.0953574180603027
guided,COC1=C(OC)C2C3=C4C#C[C-]=C=C4C(=O)N=CC32C=C1.[H+],-3.9243178367614746
guided,CO[C-]([O-])[C+]1N[CH+][N-][C+]1[C-]([O-])[N-][C+]1N[N-][CH+][C+]1[C][N-2],-0.5061583518981934
guided,NNC(=O)CCc1ccc(S(N)(=O)=O)c2ccccc12,-0.308867871761322
guided,COc1ccccc1CN1CCC(CNS(=O)(=O)c2ccc(C)cc2)CC1,-2.9758098125457764
guided,[H+].[H]/N=C(/N)[c-]1ccc(=N/N=N/c2ccc(Cn3c4ccccc4c4ccccc43)cc2)cc1,-2.957780599594116
guided,COc1ccc2[nH]cc(CN3CCN(Cc4ccsc4)CC3)c2c1,-6.955124855041504
guided,COc1cccc(/N=C/C(C)=C(/C=C/Nc2cccc(OC)c2)OC(C)=O)c1,-3.2851600646972656
guided,O=C(NCCCN1CCOCC1)c1ccc(CS(=O)(=O)Cc2ccc(Cl)cc2)o1,-0.7224947810173035
guided,O=C(CN1CCN(c2ccccc2)CC1)c1ccc2cc[nH]c2c1,-5.422060966491699
guided,COC(CNC(=O)CCC(=O)N1CCC2(CC1)NCCc1[nH]cnc12)OC,-0.41376209259033203
guided,O=C(C/[C-]=C/c1ccc[cH-]c1=S)C1=[N+]=[NH+][C@H]2C(=O)N(c3ccc(Cl)cc3C(F)(F)F)C(=O)[C@@H]12,-0.9208042025566101
guided,O=C(NCCN1CCCC1)c1ccccc1Oc1ccc(Cl)cc1,-5.632707595825195
guided,O=S(=O)(c1ccccc1)N1CCCCCCC1,-5.59085750579834
guided,NNC(=O)c1cc(-c2ccc(Cl)s2)nc2ccccc12,-2.15980863571167
guided,CCOc1ccc(Br)cc1S(=O)(=O)N(C[C@H](O)CN1C(=O)NC(C)(C)C1=O)c1ccccc1,-0.6572503447532654
guided,N#Cc1c(-c2ccccc2N)nn(-c2ccc(F)cc2)c1N,-0.720073401927948
guided,CCCO[P@@](=O)(OCC)c1nc(-c2ccc(F)cc2)oc1N1CCCCC1,-3.592895030975342
guided,Cc1cc(Br)ccc1S(=O)(=O)N1CCN(c2ccccn2)CC1,-3.3273580074310303
guided,O=S(=O)(NCc1ccccn1)c1ccc(-c2ccno2)s1,-0.7360907793045044
guided,C=CCn1c(S[C@@H]2C(=O)Oc3ccccc3C2=O)nc2ccccc2c1=O,-1.2370460033416748
guided,O=c1c2ccccc2nc2n1[C@H](CP(=O)(O)O)CS2,-0.3530832529067993
guided,CSc1nnc(C)n1-c1ccc(S(N)(=O)=O)cc1,-0.45669883489608765
guided,O=C(CCl)NCCCNCc1ccccc1,-4.724836349487305
guided,O=S(=O)(Nc1ncccn1)c1ccc(NS(=O)(=O)c2ccc(Cl)cc2Cl)cc1,-0.9800629615783691
guided,C=C([N+]#CNCCCNC(=S)N[CH2-])c1ccccc1,-4.9697980880737305
guided,CCN1CCN(CCO)C(=O)[C@H]1CC(=O)Nc1nccs1,-0.5799662470817566
guided,COC1=C/C(=C/C#Cc2ncc(C)n2C)[CH-]C(OC)=C1OC.[H+],-4.323265075683594
guided,[O-]N1[CH+][C-]([C+]2[CH+][c+]3[cH-][cH+][cH-][cH+][c-]3[N-][C+]2NCC[c+]2[cH-][cH+][cH-][cH+][cH-]2)[N-][N-]1,-2.0761911869049072
guided,O=C(Oc1ccc(OC(F)F)cc1)c1cccc(S(=O)(=O)N2CCOCC2)c1,-0.9865532517433167
guided,Cn1c(=O)c2c(nc(CN3CCN(c4ccccc4)CC3)n2CCCO)n(C)c1=O,-0.3922160565853119
guided,CCCN(Cc1ccc(OC)cc1)S(=O)(=O)c1ccc(OC)c(OC)c1,-2.460681676864624
guided,O=C(Nc1cccc(F)c1)N1CCCCCC1,-6.686702251434326
guided,O=[N+]([O-])c1cc(Cl)ccc1-c1ccco1,-3.5263872146606445
guided,C[P@](=O)(Nc1ccc(Cl)cc1)Oc1ccccc1,-6.713555812835693
guided,O=c1oc2ccc(C(F)(F)F)cc2c(NC2CCCCC2)c1[N+](=O)[O-],-2.1124556064605713
guided,COc1ccc(/C=N/NC(=O)c2ccc(COc3ccccc3Cl)o2)c(C(=O)O)c1OC,-1.376718521118164
guided,O=C(/C=C/c1ccccc1)OOCc1ccccc1Oc1ccccc1,-6.260440826416016
guided,Fc1ccc(NC(=S)N(Cc2ccccc2)Cc2ccco2)c(Cl)c1,-9.207056045532227
guided,CC(S[C][N-][c+]1[n-][c+](N)[c+]([C][N-2])[cH+][c+]1[C]N)C(O)[C-]([O-])[O-].[H+],-0.3796958923339844
guided,CN(C)n1c(-c2ccc([N+](=O)[O-])cc2)nc2ccccc2c1=O,-0.861125111579895
guided,CCOC(=O)c1c(N)n(Cc2ccccc2)c2nc3ccccc3nc12,-1.3147966861724854
guided,[H]/N=C1C(=C/c2ccc(C)cc2)/C(=O)N=C2SC(CC(=O)N3CCCC3)=NN2/1,-0.8835563659667969
guided,CCCN(CCCN1CCOCC1)c1cccc(-c2n[nH]c(=S)n2Cc2ccccc2)c1,-5.0617995262146
guided,CC(C)(CCl)C(=O)NCCNC(=O)c1ccco1,-1.4230396747589111
guided,COc1ccc(OC)c(C(C)=O)c1,-5.646909236907959
guided,CCCC(=O)N[C@@H](C)c1ccc(F)cc1,-7.092223167419434
guided,NS(=O)(=O)c1ccc(CCNC(=O)CCCN(Cc2ccccc2)C(c2ccccc2)c2ccccc2)cc1,-2.4149577617645264
guided,COCC([C]1[CH][CH][C](N([O-])[O-])[CH][N]1)[C+]1[CH][CH][CH][CH][CH]1,-1.4610658884048462
guided,O=C(NCCOc1ccccc1Cl)c1cccc(N2CCCC2=O)c1,-3.0607094764709473
guided,COc1ccc(C(F)(F)F)cc1NC(=O)CSc1ncc(-c2ccc(F)cc2)[nH]1,-3.5624687671661377
guided,COc1ccc(F)cc1C(=O)NC1CCCCCC1,-5.758115768432617
guided,O=S(=O)(N1CCCCCC1)n1nnc2ccc(Cl)cc21,-1.7792280912399292
guided,CCC(=O)Nc1nc2c(OC)ccc(NS(=O)(=O)c3ccc(F)cc3)c2s1,-1.088957667350769
guided,COc1ccc(C(=O)NCCSc2nnc(COC(=O)C(C)C)n2C)cc1OC,-0.4194783568382263
guided,CCOc1ccc(-c2c(Cc3ccccc3)nc(SCC(=O)O)n2-c2ccc(C(N)=O)cc2)cc1,-2.0689568519592285
guided,O=C(O)C1CCN(S(=O)(=O)c2ccc(C(=O)N3CCCCC3)cc2)CC1,-0.5064409375190735
guided,COC(=O)[C@@](NC(C)=O)(NS(=O)(=O)c1ccc(Br)cc1)C(F)(F)F,-0.3995429277420044
guided,NC(=O)[C@@H]1[C@@H](c2cccs2)CC=C[C@@H]1Br,-4.767999649047852
guided,S=C(NC1CC1)N1CCN(c2ccc(Cl)cc2)CC1,-8.95577335357666
guided,NCC[C@H](C(=O)O)c1ccco1,-1.1426790952682495
guided,NS(=O)(=O)c1ccc(CCNC(=O)CN2C(=O)N[C@H](Cc3cccc4ccccc34)C2=O)cc1,-0.2799106538295746
guided,COc1ccc(C(=O)N2CCN(S(=O)(=O)c3ccc(N(C)C)s3)CC2)cc1OC,-0.9312448501586914
guided,CN(C(=O)c1cc(-c2cc3ccccc3oc2=O)nc2ccccc12)c1nnc(-c2cccnc2)s1,-2.4499802589416504
guided,O=S(=O)(Nc1ccncc1)c1ccc(Cl)c(Nc2ccc(OC(F)(F)F)cc2)c1,-2.90895938873291
guided,C/C(CC(=O)Nc1ccc(F)cc1)=N\NC(=O)C(=O)NCc1cccnc1,-0.2897769510746002
guided,O=C(Nc1nnn[nH]1)c1ccc(S(=O)(=O)N(CCc2ccccc2)CCc2ccccc2)cc1,-0.7374037504196167
guided,ON(CCc1ccccc1)C1CCCCCC1,-8.560882568359375
guided,Clc1ccc(OCCn2ccnc2)c(Cl)c1,-7.654387474060059
guided,CCn1nc(CC(=O)Nc2ccc(N(C)C)cc2)c2ccccc2c1=O,-1.8941398859024048
guided,O=C(CN1CCOCC1)NCc1ccccc1,-4.566566467285156
guided,[O-][S@@+](Nc1cc(C(F)(F)F)ccc1N1CCCC1)c1cc(Cl)ccc1Cl,-7.920854091644287
guided,O=[N+]([O-])c1nc2c3c(ncn2n1)-c1ccccc1CC31CCCC1,-1.0883651971817017
guided,C=C(Cl)COC(=O)c1cc(=O)[nH]c2ccccc12,-2.6633803844451904
guided,CCn1c(SCC(=O)Nc2nc(C)c(C(C)=O)s2)nnc1-c1ccc(OC)cc1,-1.1365153789520264
guided,Cc1noc(C)c1C(=O)N[C@@H](C)CCc1ccccc1,-3.34894061088562
guided,CCC(=O)Nc1cc(C)c(NS(=O)(=O)c2ccc(C)cc2)cn1,-0.8965470790863037
guided,Cc1ccc(CNC(=O)[C@H]2CCC(=O)N(Cc3ccc(Cl)cc3)C2)o1,-2.721365213394165
guided,NS(=O)(=O)c1ccc(N/N=C/c2ccccc2C(=O)O)c([N+](=O)[O-])c1,-0.37227943539619446
guided,CN(C)c1ccc(-c2cc(C(=O)NCCO)c3ccccc3n2)cc1,-2.050241708755493
guided,COc1cc(C)ccc1OC[C@@H](O)CN1CCCC[C@@H]1C,-4.858785629272461
guided,O=C1CCN(Cc2ccccc2)CCN1,-6.053048610687256
guided,N[C@H](Cc1ccccc1)C(=O)N(CCc1nccc2ccccc12)Cc1ccco1,-2.2898616790771484
guided,CO[c-]1[cH+][cH-][c+]([C-]([O-])C2CCCN(C3([O-])[O+]4C56[C+]([C-]7[CH-][CH+][C-](F)[CH+][CH-]7)[C+](C)[N-]N5[C+](C)[C+](C)C436)C2)[cH-][c+]1F,-1.2880961894989014
guided,C[C+]1[C+]2[C+]([N-][C-](C)[N-][C-]2N[c+]2[cH+][cH-][c+]3[cH-][cH+][cH-][cH+][c-]3o2)S[C-]1C,-5.931158065795898
guided,NC(=O)[C@@H](Cc1ccc(F)cc1)c1ccccc1,-4.7057390213012695
guided,[S-][C+]([N-][c+]1[n-][cH+][cH-]s1)N1CCCCCC1,-6.676154136657715
guided,O=C(Cc1ccccc1)NCC(=O)OCC(=O)N1CCCc2ccccc21,-1.108932375907898
guided,[H+].[H+].[H]/N=C(/Nc1ncc(C(F)(F)F)cc1OC)N[C-](C)[O-],-0.4506379961967468
guided,CNN,-5.914304256439209
guided,COc1cc(C(C)=O)ccc1COCCCNCCCSC,-4.33582878112793
guided,Cc1nc(CC(=O)N/N=C/c2ccc(OCC(=O)O)cc2)cs1,-0.3636961877346039
guided,CO[C]1[CH][CH][C]2CCN[C]([O])[C]([O])NCC3OCCN3S([O-])([O-])[C][CH+][CH][C]3[C]2C13,-0.5350165367126465
guided,COc1ccc(CCNC(=O)C(=O)NC[C@@H]2OCCN2S(=O)(=O)c2ccc([N+](=O)[O-])cc2)cc1,-0.28922030329704285
guided,C[c-]1[n-][c+](CN2[CH-]CCC2)[n-][c+](SC[C-]([O-])N2CC[C+]3[CH-][CH+][CH-][CH+][C+]32)[c+]1Cl,-2.8937110900878906
guided,COc1ccc2c([C@H](c3ccccc3)c3ccc(C(=O)O)cc3)cc(=O)oc2c1C,-2.914536952972412
guided,O=C(c1ccc(Cl)s1)N1CCc2ccccc21,-9.12671947479248
guided,O=C1[C@H]2CC=C(Cl)C[C@H]2C(=O)N1CNc1ccccn1,-2.2276601791381836
guided,Cc1ccc(N2CCN(S(=O)(=O)c3ccc(C(=O)O)cc3)CC2)cc1Cl,-1.3422863483428955
guided,Cc1cccc(N2CCN(C(=O)c3noc4c3COc3ccccc3-4)C[C@H]2C)c1,-3.38604998588562
guided,Clc1ccccc1Oc1ccccc1Cn1cncn1,-5.775989532470703
guided,O=C(C(=O)N(Cc1ccco1)c1ccccc1)N(Oc1ccccc1F)C(=O)C1CCCCC1,-2.636772632598877
guided,Nc1nc(SCC(=O)NC2CCCCCC2)[nH]c(=O)c1-c1ccccc1,-0.7474175691604614
guided,CCCNS(=O)(=O)c1c(C(=O)N2CCc3ccccc3C2)c(C)n(C)c1C,-1.618943214416504
guided,CCCn1c(=O)c2[nH]c(COc3ccccc3)nc2n(Cc2ccccc2)c1=O,-1.1350189447402954
guided,O=C1c2ccccc2N[C@H](c2ccc([N+](=O)[O-])cc2)N1O,-0.6400134563446045
guided,[CH2-]N(C[C@H](C)O[CH-]C)C1=N/C(=C2\C=CC=[S+]2)C(NC(=O)c2ccco2)=[S+]1,-1.840055227279663
guided,CC[C@H](C)/[S+]=C1\N=C2C=CC=CN2\C1=C\[O-],-5.256227016448975
guided,c1ccc(CNCCCOCCSc2ccccc2)cc1,-9.151008605957031
guided,O=NNc1ccc2ccccc2n1,-3.1434719562530518
guided,Cc1onc(-c2ccccc2Cl)c1NS(=O)(=O)c1ccc(F)cc1,-2.5383453369140625
guided,C[C@H]1CCCCN1c1ncnc2ccccc12,-7.090773105621338
guided,Fc1ccc([P@](=S)(Nn2cnnc2)c2ccccc2)cc1,-4.545172691345215
guided,Cc1c(NP(=O)(Oc2ccccc2)Oc2ccccc2)c(=O)n(-c2ccccc2)n1C,-3.2357406616210938
guided,COc1c(C)nc(NC(=O)c2cccs2)nc1Nc1ccc(S(=O)(=O)Nc2cccs2)cc1,-1.9391045570373535
guided,[CH2+][CH+][CH+][C][C+]1[N-][C-](N[C+]([O-])CC[c-]2[cH+][cH-][cH+][cH-][cH+]2)[N-]S1,-2.4044511318206787
guided,CO[c+]1[cH-][c+](CO[CH-][C+](O)[C]N2[CH-]CCC[C]C3[CH-][CH+][N-][CH+][C+]3n3[cH-][cH+][cH-][c+]3C2)[cH-][cH+][c-]1OC.[H+].[H+].[H+].[H+].[H+],-3.9713518619537354
guided,Fc1cc(Cl)ccc1NC(=S)NC1CC1,-8.157289505004883
guided,COCCn1c(SCc2cccc(C(C)=O)c2)nc2ccccc2c1=O,-2.9104504585266113
guided,CCOC(=O)c1sc(-c2ccccn2)nc1C,-3.532949686050415
guided,CC1=[N+]([C-](C)C)C(C)(C)C[C@@H](OC(=O)c2ccncc2)C1,-5.162309169769287
guided,[CH2-]CCc1[c-]c[nH+]c2c(N(CCO)CCC#N)ncnc12.[H+],-0.568748950958252
guided,O=C(COc1ccc(Cl)cc1Cl)Nc1ccc(Cl)cc1Cl,-7.388819217681885
guided,S=c1[nH]ncn1/N=C/[C@@H]1CC=CCC1,-4.312164306640625
guided,CCCCCCOC(=O)CCNC(=O)c1ccc2ccccc2c1,-3.944363594055176
guided,O=[N+]([O-])c1ccc(N2CCN(c3ccccc3)CC2)cc1,-3.9345202445983887
guided,F[C@H]([C@@H](Cl)COc1ccccc1)C(F)(F)F,-11.518815040588379
guided,CN(C)S(=O)(=O)N1CCN(C[C@H](O)COc2ccc(F)cc2F)CC1,-1.2328792810440063
guided,CN1CCc2c(c3cc(F)ccc3n2C)C1,-11.075172424316406
guided,[O-][C+](CCN1[C+]2[CH+][CH+][CH-][c+]3[cH-][cH+][cH-][c+]([c-]32)[S+2]1([O-])[O-])[N-]C[C+]([O-])NN[C-]([O-])[C+]1[CH+][CH-][CH+][C-](N([O-])[O-])[CH+]1,-0.4451465308666229
guided,Cn1c(=O)c2c(nc(CN3CCOCC3)n2CCN2CCOCC2)n(C(C)(C)C)c1=O,-0.5833878517150879
guided,[N-2][C][c-]1[c+]([S-])[c-](CN2CCOCC2)[cH+][c-]2[cH+][cH-][cH+][cH-][c+]12,-6.0005340576171875
guided,C[C@H]1CN(C(=O)N2CCCC2)C[C@H](C)O1,-6.185845851898193
guided,S=C1CC[C-]2C[C@@H]3C[C@@H](C[O+]=C=CN1)C[C@H](C2)C3,-8.382841110229492
guided,S=C(NCCN1CCOCC1)Nc1ccc(CNC(=S)NC2CC2)cc1,-2.319779634475708
guided,CN(C)NC(=S)NCCc1ccccc1,-6.9609222412109375
guided,Cl[C]N[N][CH][N+]1[CH][C]2[CH][CH][CH][CH][C]2[CH][N]1,-4.156766414642334
guided,O=C(c1cc2ccccc2cc1O)N1CCC[C@H](N2CCN(Cc3ccc(F)cc3)CC2)C1,-4.990649223327637
guided,O=S1(=O)C2=S345[C-](C=CC3[C@@]43[O+]=c4ccccc4=C3[C@H]25)CCCN2CCN1CC2,-3.2560596466064453
guided,COCCN[S+2]([O-])([O-])[c-]1[cH+][cH-][c+]2[c-]([cH+]1)[N-][C-]([N-]CC(CCCCCC[C+]([O-])O)CCC(C)C)O2,-1.9014126062393188
guided,O=[P@@](NC1CCCCC1)(OC1CCCCC1)c1ccccc1,-6.896036148071289
guided,O=[N+]([O-])c1ccc2nc(SCc3ccc(F)c(F)c3)[nH]c2c1,-2.4920332431793213
guided,C[C][C@H](O[CH-]O[C@H](C)C[C@@H]([CH+]O)N(C)C)[C@@](C)(O)[C@@H](CC)O[C-]([O-])[C@@H](C)CO[C+]([O-])[C+]1[CH+][CH-][CH+][CH-][CH+]1,-0.5401738286018372
guided,NCCCCCCCCOc1ccccc1,-6.276447296142578
guided,C[O+](N[S+2]([O-])([O-])[C-]1[CH-][CH+][CH-][CH+][CH-]1)[C+]([O-])N[c+]1[cH-][cH+][c-]2[c+]([cH-]1)[C+]([O-])OC2,-0.4023594856262207
guided,CN(C)S(=O)(=O)c1cc(NC(=O)CN2CCN(c3ccccc3)CC2)ccc1Cl,-1.3485112190246582
guided,O=[N+]([O-])c1cc(C(F)(F)F)ccc1NCc1ccc(Cl)nc1,-2.9882845878601074
guided,CCOc1ccc(C(=S)N2CCOCC2)cc1,-8.177597045898438
guided,O=C(OCCN1CCOCC1)c1cc(S(=O)(=O)N2CCCCCC2)c(Cl)cc1Cl,-1.6223363876342773
guided,[O][C](N[C]1[CH][CH][C](N([O-])[O-])[CH][CH]1)[C+]1[CH][CH][C](Br)O1,-0.6691210865974426
guided,[CH2-]N1[CH+][CH+][N-][C+]1SCCC[C-](N)[O-],-1.8484773635864258
guided,S=C(NCCc1ccccn1)NC1CCCCC1,-5.593785762786865
guided,CCOC(=O)/C=c1\s/c(=C\c2ccc(F)cc2)c(=O)n1-c1cccc(O)c1,-1.6424165964126587
guided,[CH2-]C1CC[C+]([N-]N[C+]([O-])C[c+]2[cH-][cH+][c-](OC)[cH+][cH-]2)CC1,-2.806716203689575
guided,CCOc1ccc2nc(S[C@@H](C(=O)Nc3ccccc3F)c3ccccc3)sc2c1,-6.7109551429748535
guided,CO[c-]1[cH+][cH-][cH+][c-]2[n-][c+]([C+]([O-])NC(C)[c+]3[cH-][cH+][cH-][cH+][cH-]3)[cH+][c-]12,-2.6487514972686768
guided,C[C@H]1Cc2ccccc2N1S(=O)(=O)c1ccccc1,-5.635936737060547
guided,[CH2+]C1CCCCC1.[O-]N([C+]1[CH+][CH+][CH-][CH+][CH-]1)[C+]1[N-][N-][CH+][C+]2[N-][C][N-][C-](Cl)[C+]21,-3.706646680831909
guided,Cc1ccccc1CNS(=O)(=O)c1ccc2c(c1)OCCO2,-2.0335397720336914
guided,CN(/C(=N\S(=O)(=O)c1ccccc1)c1ccccc1)S(=O)(=O)c1ccccc1,-1.1777679920196533
guided,CC(C)OP(=O)(OC(C)C)c1[nH]c2ccccc2c1[P@](=O)(Oc1ccccc1)N(C)Cl,-3.6262552738189697
guided,Brc1ccc(N[C@H](c2ccccc2)c2ccco2)cc1,-9.547008514404297
guided,OCCCNCc1c(-c2ccc(Br)o2)nn2c1OCCC2,-1.4918879270553589
guided,CCOc1ccc(N2CCN(C(=O)c3ccc(OC[C@@H]4CCCO4)cc3)CC2)cc1,-4.114556312561035
guided,CCOC(=S)SCC(=O)Nc1cc(C)on1,-2.0873873233795166
guided,Nc1nonc1C(=O)NC1(C(=O)NCc2cccnc2)CCCCC1,-0.31079837679862976
guided,Clc1ccc(CNc2ccc(OCc3ccccc3)cc2)c(Cl)c1,-11.407898902893066
guided,C[C@H](O)c1n[nH]c(=O)c2cc3cc(F)ccc3n12,-1.5050405263900757
guided,COc1ccccc1NC(=O)/C(C#N)=C/c1cccnc1,-1.3179997205734253
guided,COc1ccc(S(=O)(=O)N2CCCCC2)cc1C(=O)Nc1cc(C)on1,-0.528420090675354
guided,O=C(C1CCN(S(=O)(=O)c2cccnc2)CC1)N1CCN(c2nncc(F)c2F)CC1,-0.32847273349761963
guided,NS(=O)(=O)c1ccc(NNC(=O)c2cccs2)cc1,-0.34004172682762146
guided,O=C(c1cccnc1)N(Cc1ccco1)C1(C(=O)NC2CCCC2)CCCCC1,-2.253406524658203
guided,Clc1ccc(Cl)c([C@H](c2ccccc2)n2ccnc2)c1,-10.57777214050293
guided,C[C@@H]1CCCN(c2c([N+](=O)[O-])c(=O)oc3ccccc23)C1,-1.4412442445755005
guided,COc1cccc(CCc2n[nH]c(=S)n2-c2ccccc2)c1OC,-4.065918445587158
guided,CCNC/C(=N\Nc1ccccc1C(=O)O)C(=O)N/N=C1\C(=O)Nc2ccccc21,-0.29602891206741333
guided,CCCNc1oc(-c2cccs2)nc1S(=O)(=O)c1ccccc1,-2.3819406032562256
guided,COCCCNC(=O)Cn1c(=O)n(CCCC(=O)NCc2ccc3c(c2)OCO3)c(=O)c2sccc21,-0.26958349347114563
guided,CCCN(C/C=C(/c1ccc(OC)cc1)c1ccc(OC)c(OC)c1)CCCCO,-4.884929180145264
guided,Clc1ccc(OCCCCNCc2cccs2)c(Cl)c1,-10.07866382598877
guided,NNC(=O)CSCc1nc2ccccc2[nH]1,-0.6628103852272034
guided,CCOC(=O)N1CCN(C(=O)[C@H]2CCC(=O)N(CCCN3CCOCC3)C2)CC1,-0.8662415146827698
guided,O=C1c2ccccc2C(=O)N1[C@@H](F)COc1ccc2ccccc2c1,-4.808727741241455
guided,Nc1nc(-c2cccc([N+](=O)[O-])c2)cs1,-0.9526084661483765
guided,OCCNCc1ccc(OC2CCCC2)cc1,-4.8199143409729
guided,O=C(Cn1c(=O)oc2cc(S(=O)(=O)N3CCCC3)ccc21)c1ccc(OC(F)F)cc1,-0.6965096592903137
guided,Fc1cc(F)cc(NC(=S)NCCN2CCOCC2)c1,-5.457791328430176
guided,CO[N][C]1CCN([C]2[CH][CH][C]([C+](C)[O])[CH][C]2N([O-])[O-])CC1,-0.4990072548389435
guided,CN(C)S(=O)(=O)c1ccc(NC(=O)c2ccc3nsnc3c2)cc1,-0.5104640126228333
guided,NC(=O)C1CCN(c2nc(N)c(-c3ccco3)c(N)n2)CC1,-0.2833244502544403
guided,COc1ccc(OCc2nc3ccccc3c(=O)[nH]2)cc1,-2.123826026916504
guided,CCC(=O)Nc1nnc(-c2cccs2)s1,-3.211336851119995
guided,COc1ccc(-c2cc(C)nc(SCC(=O)N(C)c3ccccc3OC)n2)cc1,-3.0647802352905273
guided,Br[C]CS[c+]1[n-][n-][c+](CNC[c+]2[cH-][cH+][cH-][cH+][cH-]2)o1,-3.3421592712402344
guided,C[C@H]1CCc2nn(CC(=O)Nc3ccc(N4CCOCC4)cc3)cc2C1,-2.610224723815918
guided,S=C(Nc1ccc2nccnc2c1)N1CCN(c2ccccn2)CC1,-2.843662977218628
guided,N#Cc1cc(-c2ccccc2)oc1NC(=O)c1ccco1,-1.6665875911712646
guided,COc1cccc(CN2CCN(c3cc(Cl)ccc3C)CC2)c1O,-6.273331642150879
guided,COCCn1c(-c2ccccc2)cc(C(=O)O)c1C,-3.6486146450042725
guided,COc1cc(NC(=S)NCCN2CCOCC2)cc(OC)c1OC,-1.9176613092422485
guided,[CH2-]CN(CCCCOc1cccc(OCCN[C-]=O)c1)C(=O)CCC(=O)C1=[S+2]=CC=C1,-0.6654604077339172
guided,Cc1cc(CNS(=O)(=O)c2ccccc2)ccc1C1=NO[C@H](c2cccnc2)C1,-1.6582213640213013
guided,N#Cc1ccccc1COc1ccccc1OC(=O)c1ccccc1,-3.7537178993225098
guided,COc1ccc(C(=O)Oc2cc(N)n(S(=O)(=O)c3ccc(C)cc3)n2)cc1,-0.47218286991119385
guided,CN(O)[P@@](C)(=O)c1ccccc1,-4.854570388793945
guided,CCOc1ccc(NCc2ccccc2OCc2ccccc2)cc1,-8.587442398071289
guided,C[C@@H](c1cccc(CN(C)Cc2ccc(F)cc2)n1)N(C)C(=O)c1ccc(S(N)(=O)=O)cc1,-0.9474727511405945
guided,O=S(=O)(Nc1nc2ccc(Br)cc2[nH]1)c1ccc2ccccc2c1,-2.396097421646118
guided,O=S(=O)(c1ccccc1)N(C[C@H](O)CNC1CC1)c1ccc(-c2cccs2)cc1,-2.318085193634033
guided,O=C1NC(=O)N(Cc2ccccc2)C(=O)/C1=C\NN1CCc2ccccc2C1,-0.7620862722396851
guided,O=C(CCC1CCCC1)NCc1csc(-c2cccnc2)n1,-3.789888381958008
guided,C/C(=N/N(Cc1cccs1)C(=O)c1n[nH]c2c1CCC2)c1cccs1,-3.362581253051758
guided,CC(=O)OCn1ncc(N2CCOCC2)c(Br)c1=O,-1.278491735458374
guided,CO[C-]1[N-][CH+][N-][C][C+]1[CH+][CH+][CH-][CH+][C-]1[C+]([O-])N[C-]([O-])N[C+]1O,-0.5165046453475952
guided,O=C(Nc1ccc(F)cc1)Nc1cc(CSc2ccccn2)nn1-c1ccc2c(c1)OCO2,-2.44466233253479
guided,S=C(NCc1ccccc1)NCc1ccccc1,-7.98532247543335
guided,O=C(Cn1ncc(Cl)c(Cl)c1=O)NCCO,-0.7811267375946045
guided,O=C(OCC(=O)N1CCCc2ccccc21)c1ccc(Cl)nc1,-2.778773784637451
guided,Nn1c(SCc2nc3ccccc3[nH]2)nnc1-c1cccs1,-0.9919623136520386
guided,COc1ccc2c(c1)O[C@@](O)(C(F)(F)F)CC2=O,-2.9129886627197266
guided,CN(C)N1C(=O)[C@H](NCc2ccc(Br)cc2)C[C@@H]1O,-2.8113462924957275
guided,[H]/N=c1/c(C(=O)NC)cc2c(=O)n3cccc(C)c3nc2n1CCOC,-0.29256707429885864
guided,CCOP(=O)(OCC)/C(=N/OC(=O)c1ccccc1)C(N)=O,-0.4424528181552887
guided,Clc1ccc(-c2nc3ccccn3c2CN2CCSCC2)cc1,-9.434443473815918
guided,COC(=O)C1CCN(C(=O)CCc2nnc(C3(c4ccc(Cl)cc4)CCC3)o2)CC1,-1.4177651405334473
guided,NNC(=O)CNc1cccc2ccccc12,-1.6575372219085693
guided,Cc1cc(C)nc(NNC(=O)CSCc2nnc(C)n2C(C)C)n1,-0.4701933264732361
guided,COC(=O)c1ccccc1NC(=O)NNS(=O)(=O)c1ccc(C(C)(C)C)cc1,-0.6807863712310791
guided,[O]S([O])(NCCO[C]1[CH][CH][CH][CH][C]1OCCOCCO[C]1[CH][CH][CH][N][C]1N([O-])[O-])[C+]1[CH][CH][CH][CH][CH]1,-0.7281374335289001
guided,COc1cc(/C=c2\sc3n(c2=O)CCN=3)ccc1OC(C)=O,-1.4355052709579468
guided,[CH2-]C(C)(C)/C(CO[C@@H]1O[C@H](CO)[C@H](O)[C@@H](O)[C@@H]1NC)=[O+]\[C@H](/C=C(\CN(C)C)OCc1ccccc1)[S+]=c1cccc[cH-]1,-0.4286918640136719
guided,O=C(COC(=O)c1c(O)c2ccccc2oc1=O)Nc1cccc(S(=O)(=O)N2CCOCC2)c1,-0.2379821240901947
guided,CO[C-]1[N-][C-](C)N([O-])[C+]1C[C+]1[CH+][CH+][CH-][CH+][C-]1Cl,-4.14518404006958
guided,[CH2+]C[C-]1C[CH+][C-]2[C+]([O-])[C+]([O-])[c-]3[cH+][cH-][cH+][cH-][c+]3C2C1.[H+].[H+],-4.033968925476074
guided,O=C(c1cn(-c2ccccc2Cl)nc1C(F)(F)F)N1CCOCC1,-4.313544750213623
guided,CCC[P@@](=O)(O)c1ccccc1,-5.4230194091796875
guided,CO[C-]([O-])[C+]([CH+][CH-][c+]1[cH-][cH+][cH-]o1)[CH+][CH-]N(C)[S+2]([O-])([O-])[c+]1[cH-][cH+][cH-][c+]2[n-]o[n-][c+]12,-0.23935888707637787
guided,Cn1c(CCc2nc3ccccc3s2)nnc1SCC(=O)NC1CCCCC1,-2.1147360801696777
guided,C[C-]1N[C+]2CC(C)(C)C[C+]([O-])[C-]2CC1N([O-])[O-],-0.8130558729171753
guided,CN(CC(=O)Nc1cccc([N+](=O)[O-])c1)S(=O)(=O)c1ccc2oc3ccccc3c2c1,-1.1717820167541504
guided,Clc1ccc2[nH]c3c(N4CCN(C5CCCC5)CC4)ncnc3c2c1,-4.6612701416015625
guided,S=C(Nc1ccccc1Cl)NC1CCN(Cc2ccccc2)CC1,-8.267724990844727
guided,C[C@H](CCc1ccccc1)NC(=O)CCc1cccc2ccccc12,-8.462862968444824
guided,N#Cc1ccc2c(c1O)n([O-])cc(CN1CCCCC1)[n+]2=O,-0.3960752487182617
guided,CC[C@H](C)N/C(=N\c1nc2ccccc2n1C)c1ccc2ccccc2c1,-6.617363929748535
guided,S=C(c1ccc(Cl)s1)N1CCOCC1,-10.272064208984375
guided,Cc1ccc(-n2c(=O)c(/N=N/c3cccc(/C=N/C4CCCCC4)c3O)c(C)n2C)cc1,-3.3063225746154785
guided,N#Cc1ccc(N2CCN(C(=O)C3CC3)CC2)cc1,-3.85296630859375
guided,CN(CC(=O)Nc1cccc2c1CCCC2)S(=O)(=O)c1ccccc1,-2.0771210193634033
guided,C[C]([N]NS([O])([O])[C]1[CH][CH][CH][C](N([O-])[O-])[CH]1)[C+]1[CH][CH][CH]S1,-0.6848351359367371
guided,Cn1ccc(CC(=O)N2CCc3ccccc32)c1,-7.45660924911499
guided,C[C-]([O-])[C+]1[CH+][CH-][CH+][CH-][C+]1OC(C)(C)[CH-]O[C+]([O-])CC[c+]1[n-][c+]2[cH-][cH+][cH-][cH+][c-]2[c+]([O-])[nH]1,-0.35701701045036316
guided,C[C@@H](NS(=O)(=O)c1cccc2cccnc12)C(=O)O,-0.31954723596572876
guided,COCCN(C(=O)CSC(/N=N/N(C)C)=N/c1ccc(F)cc1)c1c(N)n(Cc2ccccc2)c(=O)[nH]c1=O,-0.6078152656555176
guided,COc1ccc(OC(F)F)cc1Nc1nc2ccccc2n2cnnc12,-1.9630024433135986
guided,CCCCN1C(=O)/C(=C\c2cc(Br)ccc2OC)C(=O)N(CC(=O)OC)C1=O,-0.7465967535972595
guided,Nc1nnc(SCOc2ccc(Cl)cc2)s1,-2.7351303100585938
guided,Cc1cnc(C(=O)NCCCCNC(=O)C(C)(C)C)cn1,-0.7146020531654358
guided,[O-][C+](N[N-][C+]([S-])N[c-]1[cH+][cH-][c+](Br)[cH-][c+]1F)[c+]1[cH-][cH+][cH-][c+]([S+2]([O-])([O-])N2CCOCC2)[cH-]1,-0.400127649307251
guided,CCN[P@](=O)(c1c(C)nn(CCC#N)c1NC(=O)c1ccccc1C)N(C)c1ccccc1,-1.5733250379562378
guided,COc1cccc2c1OCC/C2=N\NC(=O)COc1ccccc1,-1.6813116073608398
guided,C=C(C)CSc1nnc(NC(=O)c2cccc(S(=O)(=O)N(C)C)c2)s1,-0.7252992391586304
guided,O=S(=O)(c1cc(-c2nc3ccccc3o2)ccc1Br)N1CCCC1,-3.0666251182556152
guided,[H]/[C-]=[O+]\N=C(\NC(=O)Nc1ccc(F)cc1F)c1ccccn1,-1.0679950714111328
guided,Cc1ccc(O)c([C@H](CCN2CCC(C(=O)NC(C)C)CC2)c2ccccc2)c1,-4.591902256011963
guided,CNC1CC(O)C(CO)OC1OC1C(O)C(C)OC1(C[OH2+])O[c-]1[cH+][cH-][cH+][cH-][c+]1[C-]([O-])[C+]1[N-][CH+][CH+]N1,-0.400926798582077
guided,Cc1cc(C)nc(-n2nc(C)c(Br)c2-n2cc(COCCOCCO)cn2)n1,-0.5024123787879944
guided,Cc1ccccc1C(=O)NCCCCc1ccccc1,-7.541873455047607
guided,Cc1ccc(S(=O)(=O)N(C)CCOc2ccccc2C(=O)NC2CCCCC2)cc1,-1.9686325788497925
guided,COc1ccc(CN2C(=O)c3cccnc3C2=O)cc1S(=O)(=O)NC(C)C,-0.3112836182117462
guided,O=C(Nc1ccc(Oc2ncnc3cc(Cl)ccc23)nc1)c1ccc(C(F)(F)F)cc1,-3.7340519428253174
guided,[CH2-]n1nn[n-]/c1=[S+]/CC(=O)Nc1ccc(S(=O)(=O)N(C)C)cc1.[H+],-0.27796438336372375
guided,O=C(N/N=C/c1ccccc1Br)c1cc(-c2ccccc2)n[nH]1,-2.263441324234009
guided,O=[N+]([O-])c1cccc(N/N=N/c2nc3ccccc3s2)c1,-1.7204855680465698
guided,COc1ccc2nccc(C(=O)NN)c2c1,-0.9362176656723022
guided,[CH]SC([CH2-])[C]([O-])[CH][C][C]([O])[NH+][N+][CH][C]1[CH][C](Cl)[C](OC)[C](OC)[CH]1.[H+].[H+],-0.6104912161827087
guided,OC1(c2nc(N3CCOCC3)c3ccc(F)cc3n2)CCCC1,-2.7096362113952637
guided,[S-]c1nn2c(N3CCN(c4ccccc4)CC3)c3c(nc2[s+]1)CCCC3,-5.8846306800842285
guided,CC(=O)c1cccc(NC(=O)COC(=O)c2cnccn2)c1,-0.297213613986969
guided,CCOc1ccccc1CNC(=O)Cc1ccc(F)cc1,-5.5760111808776855
guided,Nc1cncc(-c2nc3ccccc3[nH]2)c1C(=O)c1ccccc1,-1.2755943536758423
guided,NC(=S)N/N=C\c1cccc(O)c1,-1.51646888256073
guided,C[C@H](C(=O)c1cccc(F)c1)n1cnc2ccccc2c1=O,-3.631042242050171
guided,CC1=NN([C@@H](C)C(=O)O)C(=O)C1,-1.6532846689224243
guided,O=C1NC(=O)[C@@](CCc2ccccc2)(CCc2nc3ccccc3[nH]2)C(=O)N1Cc1ccccc1,-1.7174959182739258
guided,Cc1ccc(S(=O)(=O)N/N=C\c2cc(Br)ccc2OCC(=O)O)cc1,-0.6285097002983093
guided,Cn1ncc(Br)c1C(=O)N/N=C/c1cccs1,-2.562364101409912
guided,CCC(=O)O[C@H](CC[C@@H](C)[CH-]CCC1=CC(=O)C=C(C)[C@@]1(C)[C+](F)CO)C(C)=O,-2.3354010581970215
guided,Cc1c(NC(=O)[C@H](C)OC(=O)c2ccc(Br)o2)c(=O)n(-c2ccccc2)n1C,-0.7810978293418884
guided,O=C(O)Cc1cc(=O)n2c(n1)sc1ccccc12,-1.340181589126587
guided,C[C@@H]1CCCN(C(=O)[C@H]2CCc3ccccc3C2)C1,-8.839451789855957
guided,Fc1ccccc1CSc1nnc(-c2cnc3ccccc3n2)n1-c1ccc(Cl)cc1,-5.735240459442139
guided,O=S(=O)(CCc1ccccc1)Cc1cccs1,-6.172799110412598
guided,Fc1ccc(NC(=S)N2CCc3ccccc3C2)c(F)c1,-10.248948097229004
guided,NS,-5.0
guided,C[C+]([O-])N[CH+][C-]([O-])N(C[c+]1[cH-][cH+][cH-]o1)C[c+]1[cH-][cH+][c-](C)o1,-0.5065381526947021
guided,O=S(=O)(Nc1ccccc1)c1ccccc1Nc1ncccn1,-1.0254877805709839
guided,O=C1OCC[C@H]1/[S+]=c1\nc2c3ccccc3n(Cc3ccccc3F)c([O-])c-2n1Cc1ccccc1,-2.4713821411132812
guided,Cc1nccn1CCN(NC(=O)c1cccs1)C(=O)c1cc(Br)ccc1Cl,-2.8698313236236572
guided,CC1CCN([C-]([O-])CN(C)[S+2]([O-])([O-])C[C+]2[C][CH-][CH+][C-](N([O-])[O-])[CH+]2)CC1,-0.48085930943489075
guided,NNC(=O)COc1nc(C2CCCCC2)cs1,-1.0638761520385742
guided,O=C(CSc1nnnn1C1CCCCC1)Nc1nsc(-c2ccccc2)n1,-0.996075451374054
guided,COc1cc(Br)cc2cc(C(=O)N3CCCCCC3)c(=O)oc12,-3.1555726528167725
guided,C[O+][C]1[C][C]([N+]2CC[C]2[O])[CH-][CH][C]1N1[CH][N][N][N]1,-0.8462412357330322
guided,CO[C]1[CH][CH][C](CN[C+]2[CH][C](C)[CH][C](C)[CH]2)[CH][C]1O[C]1[CH][C](N[C](C)[O])[CH][C](N([O-])[O-])[CH]1,-1.0142347812652588
guided,O=C(COc1ccc(Cl)cc1Cl)NCc1ccccc1,-5.950290679931641
guided,O=C1C(N/N=C/c2cccc(O)c2)=Nc2ccccc21,-1.3391523361206055
guided,[O-][C+](OO)[c-]1[c+]2[n-][c+]3[cH-][cH+][cH-][cH+][c-]3[c+]2[cH-][c+]2[nH][cH-][c+](CCCCCN3CCCC3)[c-]21,-1.606715440750122
guided,CCN(c1ccc(OC)cc1)S(=O)(=O)c1nnc(NC(=O)c2cccs2)s1,-0.7801764607429504
guided,COc1cccc(C(=O)N2CCSC2=S)c1,-6.709350109100342
guided,Fc1ccc2c(NNc3ncc(Br)cn3)ccnc2c1,-2.7713286876678467
guided,COc1cc(C#N)c(/N=C(\CSC(=S)N2CCCCC2)NC(C)=O)cc1OC,-1.1736457347869873
guided,CC(C)N[C@@H](C)[C@@H](O)c1cccc([N+](=O)[O-])c1,-1.2953861951828003
guided,CC(=O)N1CCCC[C@@H](CC/C=C\c2ccco2)CC1,-7.1404218673706055
guided,O=C(CN1CCN(Cc2ccccc2)CC1)Nc1ccccn1,-3.657846689224243
guided,CCOc1ccc(-c2ccc(NC(=O)Nc3cccc([N+](=O)[O-])c3)cc2)nn1,-1.4614388942718506
guided,COCCN1C(=O)N[C@@H](c2ccc(C(C)(C)C)cc2)C(C(=O)OC)=C1C,-2.211479425430298
guided,CO[c-]1[cH+][cH-][cH+][c-]([C-]([O-])CO[C+]([O-])CN2[C+]([O-])C3C[CH+][CH+]C(C4[CH-]C4)C3[C+]2[O-])[cH+]1,-0.3353896141052246
guided,CC(=O)Nc1cccc(CNC(=O)CCCC(=O)NCc2ccco2)c1,-0.486693799495697
guided,COC[C-](C)n1[c+](C)[c-]([C+]([O-])CO[C+]([O-])[c+]2[cH+][n-][cH-][cH+][n-]2)[cH+][c-]1C,-0.29734283685684204
guided,O=[N+]([O-])c1cc2c(s1)CCC2,-4.731235980987549
guided,Cc1ccc(N/N=C\c2ccccc2)nc1,-5.675387382507324
guided,COc1cc(NC(=S)NCCCO)c(OC)cc1Cl,-2.236438751220703
guided,CC(=O)N[C@@H]1CCC[C@H](c2ccco2)C1,-4.808688163757324
guided,C/N=C/c1cc(Br)cc(Br)c1OCC#N,-4.731003284454346
guided,O=C(CC(c1ccccc1)c1ccccc1)N1CCN(c2ccc(N3CCOCC3)nn2)CC1,-2.6960952281951904
guided,OCc1ccc(NCc2ccccc2)nc1,-4.273245811462402
guided,COc1cc([C@@H]2C(C#N)=C(N)N(Cc3ccc[nH]3)C3=C2C(=O)CCC3)ccc1OC(=O)c1cc(C)cc(C)c1,-2.437932014465332
guided,Cc1cc(C(=O)NNC(=O)CO/C=C/c2ccc(Br)cc2)n[nH]1,-0.475176066160202
guided,CCOc1ccc(OC)c(-c2cc(C(=O)N/N=C/c3cccnc3)c3ccccc3n2)c1,-1.9278523921966553
guided,Clc1ccccc1-n1c2ccccc2c2nc3ccccc3nc21,-8.681711196899414
guided,CCCCCCN(CCc1cc2ccc(C)cc2[nH]c1=O)C(=O)CCC(=O)O,-1.3430263996124268
guided,CCOC(=O)O[C@@H](C(=O)OCC)c1ccc(F)cc1,-2.5383007526397705
guided,CC(C)NC(=S)N(c1ccc2ccccc2c1)[C@H]1CCS(=O)(=O)C1,-4.042513847351074
guided,C[C@@H]1CN(C(=O)N2CCOCC2)CCN(c2ccccc2)C1,-5.543082237243652
guided,O=C(CCN1CCN(Cc2ccccc2)CC1)N1CCN(c2ccccn2)CC1,-4.441761493682861
guided,CC(=O)Nc1cccc(NS(=O)(=O)c2ccc(Cl)c(C(=O)N3CCC(C(N)=O)CC3)c2)c1,-0.5439465641975403
guided,C[N-][N-][C+](C)[c+]1[cH-]o[c+](O)[cH-][c+]1[O-],-0.7847990989685059
guided,ON1[C-]=C2C(=CC(c3ccncc3)=N/C2=[S+]\Cc2ccccc2)CC1,-4.059974670410156
guided,O[C@H](CNCc1cccnc1)COc1cccc2ccccc12,-3.233269453048706
guided,O=C(Cc1ccc(-n2cccn2)cc1)Nc1ccc(Cc2ccncc2)cc1,-3.4276933670043945
guided,[O-]c1[nH]/c(=[S+]/Cc2ccccc2Cl)nc2ccccc12,-3.7596633434295654
guided,ON1[C-]2CCCCC2NC1N[c+]1[cH-][cH+][cH-][cH+][c-]1Cl,-4.244312763214111
guided,CN(C(=S)NC(=O)Cc1cccs1)C1CCCCC1,-6.5627665519714355
guided,NNCCc1ccccc1,-5.2571258544921875
guided,O=C(N/N=C/c1ccc(-c2ccc(O)c(C(=O)O)c2)o1)c1ccc(O)cc1,-0.7135650515556335
guided,Cc1ccc(N2CCN(c3cc(=O)n(C)c(=O)[nH]3)C2)cc1,-2.195094585418701
guided,CN(Cc1ccc(-c2ccccc2)cc1)C[C@@H](O)COc1ccccc1Cl,-7.795162677764893
guided,CCOC(=O)/[C-]=C/N=C(\N=C(/[O-])c1ccc2ccccc2c1)[N+](/C)=N\C=C\C=C1\C=CC=[O+]1,-0.8030328750610352
guided,O=[N+]([O-])[C@H]1c2ccccc2NN1C1CCCCC1,-3.02711820602417
guided,O=[N+]([O-])c1ccc(NS(=O)(=O)c2ccc(Cl)s2)cn1,-0.6298898458480835
guided,[NH-][C-]1N(C[c+]2[cH-][cH+][cH-][cH+][c-]2F)[C-]2[CH+][CH-][CH+][C][C+]2N1C1CCCCCC1,-8.420933723449707
guided,O=S(=O)(c1ccc2ccccc2c1)N1CCOCC1,-3.944542646408081
guided,Cc1cc(C)cc(NC(=O)CCC(=O)Nc2nccs2)c1,-1.892096996307373
guided,CP([O-])[C+]([CH-][c+]1[cH-][cH+][cH-][cH+][cH-]1)S[C][N-2],-4.456361770629883
guided,Fc1ccc(F)c(N2CCN(Cc3ccccc3Cl)CC2)c1F,-12.406846046447754
guided,C[C@@H]1CN(Cc2nc3ccccc3[nH]2)C[C@H](C)O1,-4.8250508308410645
guided,CO[C]1[CH][C]([CH][N]N[C]([O])CN([C+]2[CH][CH][CH][CH][CH]2)S([O])([O])[C]2[CH][CH][CH][C](N([O-])[O-])[CH]2)[CH][C](OC)[C]1OC,-0.7384803891181946
guided,Clc1ccc(CSc2nncn2-c2ccccn2)cc1,-5.142910003662109
guided,COc1ccc(CCN(Cc2ccccn2)C(=O)Nc2ccc(F)cc2)cc1OC,-3.387035846710205
guided,Clc1ccc(/C=N/c2ccccc2CNC[C@@H]2CCCO2)cc1,-7.222114086151123
guided,Nc1nc(SCC(=O)Nc2ccc(S(N)(=O)=O)cc2)n[nH]1,-0.31461524963378906
guided,Cc1ccc(-n2nc3c(c2NC(=O)Cc2ccc(F)cc2)C[S@@+]([O-])C3)cc1,-2.0593454837799072
guided,Cc1nc(/N=C/N(CCOCCCO)Cc2ccccc2)ncc1Cl,-1.8733904361724854
guided,CN(C)N1C(N)=C(C#N)[C@H](c2cccc(Cl)c2)C2=C1CCCC2=O,-1.6964874267578125
guided,CC1=C(C)N(Cc2ccccc2)C(=O)/C1=N\Nc1ccc(N2CCOCC2)cc1C,-3.6611788272857666
guided,O=C1NCCN(Cc2ccc(F)c(F)c2)[C@@H]1CC(=O)N1CCCCC1,-3.227830648422241
guided,CCOC(=O)NC(=S)Nc1c(C)n(C)n(-c2ccccc2)c1=O,-1.0660514831542969
guided,N#Cc1c(C(F)(F)F)cc(-c2ccco2)nc1SCc1ncn[nH]1,-1.3191189765930176
guided,CC1=C(Cl)C=C([O-])N2[O+]=C3[C@@H](CC(=O)N3CC(C)C)N=C12,-1.617944359779358
guided,OCc1nnc(-c2ccc(C(F)(F)F)cc2)o1,-2.694577932357788
guided,O=C(CN(C(=O)CNC(=O)c1cccs1)c1ccccc1F)NC1CC1,-0.9620040655136108
guided,O=C(c1cccc(C(F)(F)F)c1)N1CC[C-](N2CCC(O)CC2)[C@H](O)C1.[H+],-2.1314799785614014
guided,COc1ccc([C@@H](CC(=O)c2ccc(C)cc2)c2cccnc2)cc1OC,-5.362864971160889
guided,CCCCc1ncc(C#N)c(OC(=O)[C@H](C)CC)c1C,-2.903775215148926
guided,CCC(=O)c1cn(CC(=O)NCc2ccco2)c2ccccc12,-2.3877034187316895
guided,CC(=O)N(CC(C)C)c1cn(C(C)=O)c2ccccc12,-5.09505033493042
guided,CNCc1nc2c([nH]1)CCc1ccccc1-2,-4.854938507080078
guided,COc1ccc(C(=O)CSc2ccc3nnc(CCNS(=O)(=O)c4ccc(C)cc4)n3n2)cc1,-0.7313792705535889
guided,COc1ccc(S(=O)(=O)N2CCC[C@H](C(=O)NC[C@@H]3CCCO3)C2)cc1OC,-0.3945562243461609
guided,CCOc1ccccc1/C=C\C(=O)NNC(=O)NCc1ccccc1,-1.1257413625717163
guided,[N-2][C][C+]1[C]OC2[CH+][CH-][CH+][CH+][C+]2C[N-]C1[c-]1[cH+][c-](Cl)[cH+][cH-][c+]1O,-2.834332227706909
guided,O=S(=O)(c1ccccc1Br)N1CCCC1,-5.481963634490967
guided,Cc1cccc(CN(CC2CC2)C(=O)c2ccco2)c1OC(F)F,-5.713271617889404
guided,COc1cc(/C=N/Nc2nc(C)cc(-c3ccccc3)n2)ccc1OC(=O)c1ccco1,-1.9442012310028076
guided,N#CC1=C(N)N2C(=C(C#N)C13CCN(Cc1ccccc1)CC3)Nc1ccccc12,-1.219846248626709
guided,CCc1nc(N2CCN(S(=O)(=O)c3ccc(Br)cc3)CC2)c2c3c(sc2n1)CCC3,-2.8227343559265137
guided,CCO[C-]1[CH+][CH-][N-][c+]2[n-][c+](N[c+]3[cH-][cH+][cH-][cH+][c-]3C)n(CC3CCCO3)n21,-2.5241968631744385
guided,N#CCOc1ccc(NC(=O)COc2c(F)c(F)c(F)c(F)c2F)cc1,-1.9974610805511475
guided,O=C(NS(=O)(=O)c1ccc(Oc2ccccc2)c2ccccc12)Oc1ccccc1,-2.813802480697632
guided,COc1ccc(OC)c(N(CC(=O)Nc2ccc3c(c2)OCO3)S(=O)(=O)c2ccccc2)c1,-0.8643733859062195
guided,Cc1nc2nc(SCC(=O)N3CCOCC3)nn2c(C)c1C/C=C/c1ccccc1,-1.6877034902572632
guided,COc1ccc(/C=C(\NC(=O)c2ccc3ncsc3c2)C(=O)NCCCN2CCOCC2)cc1OC,-0.6621833443641663
guided,CO[c+]1[cH-][c+](C[C-]([O-])NN[S+2]([O-])([O-])[C+]2[CH+][CH-][C+]([c-]3[cH+][cH-][cH+][cH-][c+]3[C][O-])[CH-][CH+]2)[cH-][cH+][c-]1OC,-0.28123238682746887
guided,O=[N+]([O-])c1ccc(Cl)c(Nc2ncccn2)c1,-1.145399570465088
guided,CCCOc1ccc(C(=O)N[C@H](C(=O)O)C(C)C)cc1,-1.3087174892425537
guided,CN(C(=O)CSc1c2c(nc3ccccc13)CCC2)c1ccc(F)cc1,-7.445847034454346
guided,O=C(CCNS(=O)(=O)Cc1ccccc1)NCCCN1CCCCCC1,-0.9991117119789124
guided,COCCN1CCN(Cc2nc3c(c(=O)n(C)c(=O)n3C)n2Cc2ccc(Cl)cc2)CC1,-0.9045566916465759
guided,CCn1cc(Br)c(C(=O)Nc2ccc(F)cc2F)n1,-4.507587909698486
guided,Cn1cnnc1Sc1ccc(Cl)cc1,-6.7296600341796875
guided,O=C(CSc1nc2ccccc2s1)Nc1ccc(S(=O)(=O)N2CCCC2)cc1,-1.7265419960021973
guided,C[C@@H](NC(=O)c1cccc2ncccc12)C1C(=O)CC(C)(C)CC1=O,-1.4377644062042236
guided,COc1ccc2c(cc(C)n2C)c1OC,-7.899234771728516
guided,O=[C+](c1ccncc1)N(O[C][O-])c1cccc2ccccc12,-1.91142737865448
guided,OCCCCOCCCCO,-3.739516496658325
guided,Cc1ccccc1CCNC(=O)c1cccn(C/C=C/c2ccccc2)c1=O,-4.25734806060791
guided,COc1nnc(C)c2nocc12,-2.285304307937622
guided,COc1ccc(NC(=O)/C=C/c2cccs2)cc1NC(=O)c1cccs1,-3.2461814880371094
guided,COc1cc(Cl)cc(C(=O)O)c1[C@@H](O)C(=O)O,-0.4418996572494507
guided,CC(C)NS(=O)(=O)c1ccc2c(c1)C(C)(C)C(=O)N2C,-1.8240772485733032
guided,OCCNc1cc(F)nc(-c2ccco2)n1,-1.4324945211410522
guided,CCCC(=O)NC(=S)Nc1ccc(NC(=O)c2ccc(Br)o2)cc1C,-1.953433871269226
guided,N#C/C(=C/c1ccc(C(=O)O)cc1)c1ccccc1OCCOCCOO,-0.9822115898132324
guided,CC(=O)N1c2ccc(S(=O)(=O)N[C@@H](C(=O)N3CCCC3)C(C)C)cc2C[C@H]1C,-0.7336708307266235
guided,COc1ccc(-c2nnc(SCC(=O)O)n2-c2ccc(OC)cc2)cc1,-1.0652086734771729
guided,CCOc1cccc(-c2cc(C(=O)NN)[nH]n2)c1,-0.3837140202522278
guided,[C-2][C+]1CC1[C]([O-])[S+]C(C)[C]([O])N[C]1[S+][CH][CH][C]1[C]([O-])O,-0.5098563432693481
guided,Cc1ccc2cc(CCNC(=O)CC(C)(C)C)c(=O)[nH]c2c1C,-2.7682976722717285
guided,COc1ccc(/C=C\C(=O)NCC(=O)O)c(OC)c1,-0.5999614000320435
guided,O=C1Nc2ccc(Cl)cc2/C1=N/O,-2.2692816257476807
guided,CCCC(=O)Nc1c(C)n[nH]c1C(=O)OCC,-0.7514216899871826
guided,O=c1[n-]/c(=N\Br)c(I)cn1[C@@H]1O[C@H](CO)[C@@H](O)[C@@H]1F.[H+],-0.45771270990371704
guided,[H]/N=c1/c(-c2ccccc2)c(C(F)(F)F)n(O)c2c1n1c(=O)cc(-c3ccco3)nc1n2Cc1ccco1,-2.048488140106201
guided,O=C(Nc1nnc(-c2ccc3ccccc3c2)s1)c1cccs1,-4.464928150177002
guided,CCCCNCCC[C@H](Cc1ccccc1)c1cccs1,-12.217836380004883
guided,Cc1cc(OC(=O)CNC(=O)OC(C)(C)C)c2c(C)cc(=O)oc2c1,-0.7678530216217041
guided,C[C@@H](Cc1ccccc1)n1nnnc1SCC(=O)N1CCN(c2ccccc2)CC1,-2.06350040435791
guided,Nc1c(C(=O)N2CCOCC2)sc2nc(N3CCOCC3)c3c(c12)CCCC3,-0.9437560439109802
guided,COc1cc(CN(C)C(=O)COc2ccc3ccccc3c2)cc(OC)c1OC,-3.562481641769409
guided,Cc1ccc2cc(CN(CCCC#N)S(=O)(=O)c3ccccc3F)c(=O)[nH]c2c1,-1.0897746086120605
guided,OC[C@@H](O)C(O)O,-1.317290186882019
guided,[O][CH][C]([O])C([C-][C]1[CH][CH][C](Cl)[CH][CH-]1)N1[CH+][N][CH][N]1,-1.5976206064224243
guided,COc1ccccc1C(=O)Nc1ccc(OCC(N)=O)cc1,-0.4309854209423065
guided,OCc1ccc(F)c(F)c1F,-8.59847640991211
guided,CCOc1ccc(-c2ncc(C(C)(C)c3ccccc3)[nH]2)cc1O,-3.9954211711883545
guided,[O][C](C1CCN([C+]([O])[C]2[CH][CH][C](F)[CH][CH]2)CC1)N1CCN([C]2[CH][CH][CH][CH][C]2N([O-])[O-])CC1,-0.7463783621788025
guided,Cc1ccc(C[C@H](C)CC[C@H](O)c2ccccc2)s1,-10.038912773132324
guided,O=S(=O)(Cc1ccccc1)c1nc(-c2ccccc2)c(N2CCN(c3ccc(F)cc3F)CC2)s1,-5.370687961578369
guided,COc1ccc(CCNC(=O)c2c(N)n(-c3ccccc3OC)c(=S)[nH]c2=O)cc1,-0.517104983329773
guided,[CH2-]COCCN(C)C[C+]([O-])N[C+]([O-])N[c+]1[cH-][cH+][cH-][c+](C(F)(F)F)[cH-]1,-0.6938088536262512
guided,[CH2+]CC[C+]([O-])[C+]1[C][CH-][C+]([C+]([O-])N[c-]2[n-][c+]([CH-]S[c+]3[cH-][cH+][c-](F)[cH+][cH-]3)[cH+][cH-][c+]2O)[CH-][CH+]1,-0.7365231513977051
guided,Cc1coc2cc3c(cc12)C(=O)N(CC(=O)O)C3=O,-0.5659765005111694
guided,CCNC(=S)NNC(=O)c1ccc2ccccc2c1O,-1.273796796798706
guided,COC[C@@H](C)c1nnc2scc(-c3ccccc3)n12,-5.485489845275879
guided,C[C@@](Cc1ccccc1)(C(=O)O)N1C(=O)c2ccc(C(=O)O)cc2C1=O,-0.4607490599155426
guided,Cc1ccc(S(=O)(=O)Nc2ccc3c(c2)nc(C)n3C)cc1,-2.3708724975585938
guided,CN1CCN(S(=O)(=O)c2ccc(NC3CCCCC3)nc2)CC1,-1.9071218967437744
guided,CCN(CC)P([O-])NC.C[N+]1=C=Nc2ccccc2C1=O,-1.4350615739822388
guided,COCCN1CCC[C@@H](CNC[C@H](O)c2ccc3ccccc3c2)C1,-4.493199348449707
guided,Nc1ccc2c(c1)nc(Cc1ccccc1)n2CCO,-2.0792267322540283
guided,Cn1c(=O)c2c(ncn2CC(=O)Nc2nccs2)n(C)c1=O,-0.30036741495132446
guided,CCOc1cccc(/C=C2\SC(=S)N(C[C@@H]3CCCO3)C2=O)c1,-5.796347141265869
guided,S=C(NC1CCCCCC1)N1CCN(Cc2ccc3ccccc3c2)CC1,-10.177899360656738
guided,NC(=O)c1cc([N+](=O)[O-])ccc1NCc1cccnc1,-0.3721884489059448
guided,O=C(C[C@]12C[C@H]3C[C@H](C[C@H](C3)C1)C2)n1nc(-c2ccc3c(c2)OCO3)nc1NCc1ccccc1,-3.410327196121216
guided,C[C@H](C(=O)N1CCN(c2ccc(Cl)c(C(F)(F)F)c2)CC1)N1C(=O)c2ccccc2C1=O,-3.108062267303467
guided,COCCNC(=O)[C@@H](Cc1ccccc1)NC(=O)c1cccc(F)c1,-1.715932011604309
guided,Cc1ccc(NC(=O)Cn2nc(-c3ccccc3Cl)ccc2=O)cc1Br,-3.2122175693511963
guided,O=C(COC(=O)c1cccc(N2CCCC2=O)c1)c1ccccc1,-2.374418020248413
guided,[C-3][C+]([O-])N1[C+]2[C][C][C][C][C+]2[C+]([O-])OC1([CH2+])C.[H+],-2.6332740783691406
guided,CCOc1cc(N2CCCCC2)ccc1Nc1c(C(N)=O)cnc(N2CCN(C=O)CC2)c1N,-0.44175928831100464
guided,CCOCCCN(C(=O)CCC(=O)Nc1nccs1)[C@H](C(=O)NC(C)(C)C)c1ccc(F)cc1,-1.3636518716812134
guided,Nc1ccccc1COC(=O)CCCC1=NS(=O)(=O)c2ccccc2N1,-0.6465040445327759
guided,O=C(O)c1cccc(CSc2nnc(Cc3cccs3)n2-c2ccccc2)c1,-3.4662423133850098
guided,O=[N+]([O-])c1ccc(NCCN2CCCC2)cc1NCc1cccnc1,-1.1979964971542358
guided,CC[C@H]1CCCCN1CCNC(=O)C1CCN(S(=O)(=O)c2cccs2)CC1,-1.796879529953003
guided,Br[C-]1[C][N-][C+](NC[C+]2[CH+][CH-][CH+][CH-][CH+]2)[C-]([C-]2[N-]CCN2)[CH+]1,-3.6522183418273926
guided,CCOc1ccc(/N=C(/C(=O)O)c2ccccc2)cc1,-3.0611867904663086
guided,OCC1(CCc2ccccc2)CCN(CC#Cc2ccccc2)CC1,-8.568281173706055
guided,CCOC(=O)[C@H](C)C(=O)[C@@H](c1ccc(F)cc1)[C@@H](C)c1ccc(C(=O)CC)cc1,-4.344537258148193
guided,CNC1CCN(Cc2[c-]c3nsnc3cc2)CC1.[H+],-4.7495012283325195
guided,O=C(Nc1ncn[nH]1)c1ccc([N+](=O)[O-])c2ccccc12,-0.45483294129371643
guided,O=C(Nc1cc(=O)[nH]c2ccccc12)c1ccco1,-1.2712384462356567
guided,CCOC[C@@H](CCCO)[C@@H](CCOC)c1cn(C(C)=O)c2ccccc12,-3.212993860244751
guided,[N-2][C][C+]([C+]1[CH+][CH+][CH-][CH+][CH-]1)[C-]1[CH+][CH-][CH+][CH-]N1[C+]([C][O-])[CH+][c-]1[cH+][cH-][cH+]o1,-2.4816813468933105
guided,NS(=O)(=O)c1ccc(OC[C@H](O)CN2CCCC2)cc1,-0.38491398096084595
guided,Nc1nccc(-c2cc3cc(Br)ccc3o2)n1,-2.42758846282959
guided,O=C(NNS(=O)(=O)c1ccc(Cl)cc1)c1cc(F)ccc1Oc1ccccc1,-1.6436660289764404
guided,[CH2+]CCN(CC/C=C1\C=CC(F)=C[CH-]1)Cc1nc(-c2ccccc2)no1,-6.1901469230651855
guided,O=C(O)C[C@H]1CCCCN1C(=O)CCN1C(=O)/C(=C/c2c(F)cccc2Cl)SC1=S,-2.0911331176757812
guided,Clc1ccc(OCc2nnc(-c3ccsc3)o2)cc1,-4.799307346343994
guided,C/C(N)=C(/C#N)C(=O)CN(C)C(=O)CCc1ccccc1,-0.5591695308685303
guided,Cc1ccc(Cl)c(OC[C@H](O)CNC(C)(C)C)c1,-5.061982154846191
guided,O=[N+]([O-])c1ccc(O)c(NC(=S)Nc2ccccc2)c1,-1.1077994108200073
guided,COc1ccccc1-c1cc2ccccc2cc1OC,-10.103174209594727
guided,CN(N=O)C(=O)NC[C@@H](O)[C@@](O)(C(=O)N1CCCC1)c1ccccc1,-0.34484347701072693
guided,O=S(=O)(NCCOCC(F)(F)F)c1ccc(N2CCOCC2)cc1,-1.6712173223495483
guided,N#Cc1nc(Cc2ccccc2Cl)oc1NCc1cccs1,-3.5972237586975098
guided,O=C(NC(=O)C1CCCCC1)c1cc2sc(C(F)(F)F)cc2[nH]1,-3.378584384918213
guided,CNC([CH-]OCC1CS1)CO[c+]1[cH-][cH+][cH-][cH+][c-]1-[c+]1[cH-][cH+][cH-][cH+][cH-]1,-7.16845178604126
guided,CCCOc1ccc(-c2cc3cc4ccccc4cc3oc2=O)cc1Cl,-8.026659965515137
guided,[H+].[O-][C+](N[c-]1[cH+][cH-][c+]2[n-][c+](SC[c-]3[cH+][cH-][c+](Cl)[cH-][cH+]3)s[c-]2[cH+]1)[C-]1[CH+][CH-][CH+][C][C+]1[c-]1[cH+][cH-][c+]2[cH-][cH+][cH-][cH+][c-]2[c+]1[O-],-5.141452789306641
guided,COCCCNC(=O)C[C@H]1S/C(=N\Cc2ccc3c(c2)OCO3)N(c2ccccc2)C1=O,-0.8910413980484009
guided,CN[C@H]1CC(=O)N(c2ccc(Cl)c(Cl)c2)C1=O,-3.7152786254882812
guided,O=C(OCC(=O)N1CCN(C(=O)c2ccco2)CC1)c1sc2ccccc2c1Cl,-1.3835071325302124
guided,O=S(=O)(c1ccc(Br)cc1)n1nc(-c2ccccn2)oc1=S,-1.5313366651535034
guided,O=C(NCc1ccccn1)[C@@H]1CC(c2ccc(Cl)c(Cl)c2)=NO1,-2.5618934631347656
guided,Cc1cc(C(F)(F)F)cc(NNC(=O)NC2=[S+]C3=C(CC(C)(C)OC3)/C2=C(/N)[O-])n1,-0.39338353276252747
guided,CCCC(=O)NCCc1cc2c(C)ccc(C)c2[nH]c1=O,-2.4881534576416016
guided,O=C(NCCO)/C(=C\c1ccc2c(c1)OCO2)NC(=O)c1ccccc1,-0.30338752269744873
guided,Cc1[s+]c2nc(CN(C)Cc3cccs3)cc([O-])n2c1C,-4.81350040435791
guided,O=C(N/N=C/c1ccccc1C(F)(F)F)c1ccc(Br)s1,-5.985966205596924
guided,COCCn1c([O-])c2ccccc2[s+]c1=O,-2.9223792552948
guided,CCO[C-]([O-])[c+]1[c+](-[c+]2[cH+][cH+][c+](OC)[cH-][cH+]2)[cH+]s[c+]1N[C-]([O-])CS[C+]1[N-][N-]C([C][N-][N-][C+](N)[S-])O1,-0.7076195478439331
guided,COc1ccc(OC)c(OC(=O)N(C)c2ccc(C)cc2)c1,-4.5193915367126465
guided,O=C(c1cc2c(=O)n3ccccc3nc2s1)N1CCN(C2CCCCC2)CC1,-2.989189863204956
guided,O=C(CN1CCN(c2ccc(O)cc2)CC1)NCCc1cc([N+](=O)[O-])cc(C(=O)O)c1O,-0.28388649225234985
guided,CNC(=O)N1c2ccccc2NC(=O)c2ccccc21,-2.5253512859344482
guided,O=S(=O)(c1ccc2c(c1)OCO2)N1CCC[C@H]1Cc1ccccn1,-1.675580620765686
guided,COCCCNC(=O)c1ccc(COc2ccc(C)cc2OC)o1,-1.8694411516189575
guided,Cc1cc(C)cc(N/C=C2\C(=O)N(C)C(=O)c3ccccc32)c1,-4.187575817108154
guided,COCCNC(=O)CN(C(=O)c1ccc(OC(C)C)nn1)c1ccc(C(C)=O)cc1,-0.3900216519832611
guided,CN1c2ccc(N3CCOCC3)cc2N(C)[C@H]1C(=O)O,-2.7354202270507812
guided,CCOc1ccc(-n2c(C)nnc2SCc2nc3ccccc3[nH]2)cc1,-2.7312159538269043
guided,Cc1cccc(C)c1OCc1cc(C(=O)N2CCCCCC2)no1,-3.814615249633789
guided,Oc1ccc(Br)cc1/C=N/n1c(-c2ccco2)n[nH]c1=S,-1.6972383260726929
guided,CCOc1ccc(N/C=C2/C(=O)Oc3ccccc3C2=O)c([N+](=O)[O-])c1,-0.8235349059104919
guided,COc1ccc(NS(=O)(=O)c2cn(-c3ccccc3)nc2C)cc1OC,-1.1051173210144043
guided,S=C(NC[C@@H]1CCCO1)N1CCN(C2CCCCC2)CC1,-7.136343955993652
guided,NCc1c[nH]c(=S)n1Cc1ccccc1,-4.062836170196533
guided,COc1ccc(/C=C/S(=O)(=O)NCc2cccs2)cc1OC,-2.250640392303467
guided,FCCCOc1ccc(OCCN2CCOCC2)cc1,-6.441144943237305
guided,COc1ccc(S(=O)(=O)N(CC(=O)O)Cc2cccc3ccccc23)cc1C,-1.3083399534225464
guided,COc1cc([C@H]2CC(=O)N3CN(c4ccccc4)CSC3=C2C#N)ccc1O,-1.7797868251800537
guided,O=C1/C(=C/c2ccc(F)cc2)Oc2cc(O)ccc21,-4.489325046539307
guided,CC1=[NH+]C(C)(C)C[C@@H](NC(=O)C2CCCCC2)C1.[CH3-],-4.620305061340332
guided,C[C@H]1Cc2ccccc2N1C(=S)Nc1ccccc1F,-10.413078308105469
guided,Cn1cc(CCC(=O)O)c(-c2ccc3c(c2)OCO3)n1,-1.2823472023010254
guided,C[C@@H]1Cc2c(O)c(C(=O)N3CCC(CCCNC(=O)c4ccccc4)CC3)n(Cc3ccccc3)c2C1,-3.1474180221557617
guided,Nc1nnc(CSCc2ccc(C(=O)OCc3ccc(F)cc3)o2)s1,-1.2797693014144897
guided,NCCCCCNC(=O)C1CCN(S(=O)(=O)c2cnc[nH]2)CC1,-0.4062422215938568
guided,CNC1=Nc2ccccc2[C@@H](c2cccc(O[C@H]3CCN(Cc4ccccc4)C3)c2)N1,-4.838527679443359
guided,COc1ccc(C)cc1NC(=O)COCC(=O)N1CCc2ccccc21,-1.8051025867462158
guided,Cn1c(=O)n(CCO)c(=O)c2c1ncn2C[C@@H](O)CCNCCON,-0.37729811668395996
guided,CN(C)c1ccc(C(=O)N/N=C\c2cccc3cccnc23)cc1,-3.0019311904907227
guided,O=S(=O)(c1ccc(Cl)cc1)c1ccccc1-c1nc2ccccc2[nH]1,-3.7378604412078857
guided,Nc1cccc(C(=O)OCC(=O)NCC(=O)N/C(=C\C=C\c2ccccc2)C(=O)O)c1,-0.2907557189464569
guided,Fc1ccccc1CSc1nc2ccccc2o1,-8.452107429504395
guided,CCC(C)(C)NC(=O)[C@@H](c1ccc(OC)cc1)N(C(=O)CCC(=O)Nc1ccccn1)c1ccccc1,-2.115081548690796
guided,Fc1ccc(N/N=C/C=C2CCCCC2)nc1,-6.1238112449646
guided,Cn1c(=O)c2c(nc(CN3CCN(CCO)CC3)n2CCCCCOc2ccccc2)n(C)c1=O,-0.2732321619987488
guided,Cc1cc(C(=O)N/N=C\c2cccc(Br)c2)c(C)n1C1CC1,-5.022916316986084
guided,CC1=C(C(=O)OCCOCCN(C)C)[C@@H](c2cccnc2)C2=C(CCCC2=O)N1,-0.9437949061393738
guided,Nn1cnnc(C(=O)O)c1=O,-0.5716139078140259
guided,C[C@@H]1CCCN(c2c(NCc3cccs3)c(=O)c2=O)C1,-3.7000327110290527
guided,CO[c-]1[cH+][cH-][cH+][cH-][c+]1CN[C-]([O-])CC1C[C+]([O-])N(CC[C][CH+][CH+][C+]([NH-])[O-])[C+]1[O-],-0.3210738003253937
guided,COc1ccc(-c2nc3cccnc3s2)cc1NC(=O)c1ccccn1,-1.9663360118865967
guided,CC[C@@H](CNC)[C@@H](C)CCC(C)C,-10.892912864685059
guided,CN(CC(=O)NCC1CCCCC1)CC(=O)Nc1ccc(F)cc1F,-2.478245258331299
guided,N#CCOc1ccccc1NC(=O)Cn1c(=O)oc2cc(S(=O)(=O)N3CCCC3)ccc21,-0.3029327392578125
guided,COc1ccc2sc(NC(=O)CC(C)C)nc2c1,-3.8986215591430664
guided,Brc1ccc2nc(CSc3nc4ccccc4[nH]3)cn2c1,-5.263879776000977
guided,O=C(NC1CCN(S(=O)(=O)c2ccc(F)cc2)CC1)[C@]12C[C@H]3C[C@H](C[C@H](C3)C1)C2,-2.4723503589630127
guided,CCCCC(=O)NC[C@@H](c1cccs1)N1CCN(c2ccc(F)cc2)CC1,-6.5930328369140625
guided,CCCCn1c(N)c(Br)c(=O)[nH]c1=O,-0.9729523658752441
