source,smiles,log_reward
guided,CCC(=O)N1N=C(c2ccc(C(=O)NCCc3ccccc3)cc2)C[C@H]1c1ccco1,-0.9080412983894348
guided,COC(=O)c1cn[nH]c1NC(=S)Nc1ccc(Br)cc1Cl,-1.129732370376587
guided,COCCSc1nc(Cc2ccc(C)cc2)nc2ccccc12,-5.598575115203857
guided,O=S(=O)(c1cccs1)N1CCC(O)(c2cccc(C(F)(F)F)c2)CC1,-2.2923836708068848
guided,CC(C)(C)c1ccc(S(=O)(=O)NCC(=O)N2CCCC2)cc1,-1.413512945175171
guided,O=C(c1nc2ccccc2c(=O)[nH]1)c1cccc2ccccc12,-1.877402663230896
guided,NS(=O)(=O)c1ccc(/C=C2\NN(c3ccccc3Cl)C(=O)C2=O)cc1,-0.7017530798912048
guided,O=C(NNc1ccc(Cl)c(C(=O)O)c1)Nc1cccc(C(F)(F)F)c1,-0.6797727942466736
guided,Cc1cc(C)cc(OCC(=O)Nc2cccc3ccccc23)c1,-5.069124221801758
guided,COc1cc(CCC(=O)NCCc2ccccn2)cc(OC)c1OC,-1.2908003330230713
guided,NS(=O)(=O)c1ccc(CCNC(=O)CN2CCN(Cc3ccccc3)CC2)cc1,-0.40970292687416077
guided,NS(=O)(=O)c1ccc(CCNc2cc(C(F)(F)F)nc3ccccc23)cc1,-0.6615809798240662
guided,Fc1ccccc1/C=N/C=[NH+]/c1[c-]c(N2CCOCC2)ncn1,-1.659712791442871
guided,[N-]=C1[O+]=[S@]1(=O)C/C(=N\c1ccc(Br)cc1)c1ccc2c(c1)OCO2,-0.7488271594047546
guided,COC(=O)C(C)(C)ONC(=O)Nc1ccccc1[N+](=O)[O-],-0.8063850998878479
guided,CCCCOc1ccc(N/C=N/C(=O)c2cccn2C)cc1,-2.581913709640503
guided,COc1cc(/C=N/N(C)C)cc(Br)c1OCC(=O)O,-1.3714022636413574
guided,[H+].[H+].[S-][C+]1N([C+]2[C][C][C][C][C-]2O[c+]2[cH-][cH+][c-](Cl)[c+](Cl)[cH-]2)[CH+][CH+][C+]2CCCCN21,-9.752714157104492
guided,O=C(NCCOc1ccc2ccccc2c1)c1ccc([N+](=O)[O-])cc1,-0.6369832158088684
guided,COC(=O)C1=C(C)N(Cc2cccs2)/C(=N/Cc2cc(OC)c(OC)c(OC)c2)N[C@H]1c1ccc(N(C)C)cc1,-0.8455480933189392
guided,CCOc1ccccc1OCC(=O)Nc1ccc(C)cc1,-3.6038217544555664
guided,[O-][C+]1[C-](N[c+]2[cH-][cH+][c-](F)[cH+][cH-]2)[C+]([c+]2[cH-][cH+][c-](F)[cH+][cH-]2)CN1[CH-]n1[cH+][cH-][cH+][cH-]1,-4.16933012008667
guided,BrCC[C@H]1[CH-][C@@H]1/C=C\C[CH+]CN1CCOCC1,-10.690436363220215
guided,C#CCOCCOCCOCCN1c2nc(N3CCN(CC)CC3)ncc2NC(=O)[C@@H]1CC(=O)OCCOCC,-0.6466892957687378
guided,C[C]/C(C(=O)Nc1cccc(-c2cnc3ccccc3n2)c1)=C(/[O-])NC[C+]1=CC=C2OCOC2=C1,-0.5100989937782288
guided,NNCc1c(O)ccc2ccccc12,-2.318986654281616
guided,[CH2-]CC(=O)NC1=C=[N+]=CC(NC(=O)Nc2ccccc2)=C1C,-0.7861243486404419
guided,CCCNC(=O)Cc1c(C)oc2ccccc12,-4.460350036621094
guided,COc1cccc(Oc2[c-]ccc3ccccc23)c1.O=P(O)=[OH+],-0.8546675443649292
guided,CCCCCN(c1ccc(C(=O)OCC(=O)Nc2c(C)cccc2C)cc1)S(=O)(=O)c1ccc(C)cc1,-0.973675549030304
guided,O=C(O)c1cc2cc(/C=C/c3ccc(-c4ccc5ccccc5n4)c(=O)[nH]3)ccc2o1,-0.8422443270683289
guided,COc1cc2nc3ccccc3nc2cc1OC,-4.18492317199707
guided,Cc1nc2cc(/C=C/C(N)=O)[nH]n2c(=O)c1/C(=N\c1ccc(Br)s1)c1ccccc1,-0.7211076617240906
guided,S=c1[nH]nc(-c2ccco2)n1/N=C/C=C/c1ccco1,-1.288720726966858
guided,Cc1cnccc1CN(C)Cc1cn(C)nc1-c1ccc2c(c1)OCO2,-2.988373041152954
guided,COc1ccc(Cn2nnc3c(=O)[nH]c(C4CCN(S(=O)(=O)c5ccc(S(=O)(=O)N(C)C)cc5)CC4)nc32)cc1C,-0.5578677654266357
guided,O=C(NNC(=O)c1ccccc1O)c1cccnc1,-0.7050532102584839
guided,CCOC(=O)CC(=O)Nc1ccccc1C(C)C,-2.6171276569366455
guided,CC(C)Sc1nnc2n(CCc3ccccc3)c(=O)c3c4c(sc3n12)COC(C)(C)C4,-2.136221170425415
guided,NNC(=O)CNc1cccc(F)c1,-1.7356206178665161
guided,COc1cccc(Nc2nnc(SCC(=O)NC(=O)c3cccn3C)s2)c1,-0.7273918986320496
guided,CSC1=C(SCc2ccccc2)/C(=C(/[O-])NNC(N)=O)C(C)=[S+]1,-0.8433034420013428
guided,NS(=O)(=O)c1ccc(-n2nc(C(F)(F)F)cc2C2CC2)cc1,-0.9075570106506348
guided,FC(F)(F)c1ccc(CSc2ccccn2)cc1,-10.609243392944336
guided,CN(C=O)c1nc2c(N)ncnc2n1[C@H]1O[C@@H](CO)[C@H](O)[C@@H]1O,-0.7846794724464417
guided,[O][C](OCN([O-])[O-])[C+]1[CH][CH][CH]S1,-1.128572702407837
guided,CC(C)C(=O)Nc1cccc2c1CCCC2,-6.799464225769043
guided,O=S(=O)(CCc1ccccc1)OCCSc1nc2ccccc2n1Cc1ccc(F)cc1,-1.973433256149292
guided,COc1ccc(NC(=O)N2CCC[C@H]2C(=O)NCc2ccccc2)cc1,-1.076813817024231
guided,Cc1nc([N+](=O)[O-])cn1CCCc1ccc(C(F)(F)F)cc1,-2.094282627105713
guided,Cn1nc(C(F)(F)F)c(C#N)c1N1CCN(c2ccccc2)CC1,-3.595858097076416
guided,Clc1ccccc1/C=N/N1CCN(c2ccccc2)CC1,-8.928913116455078
guided,COc1ccccc1OP(#[O+])Nc1ccc(C)cc1.[CH3-],-3.452528476715088
guided,FC(F)(F)COCCOc1cncn1CCOc1ccccc1,-3.9471559524536133
guided,C[C@H](O)CNC[C@H](O)c1ccc2ccccc2c1,-2.8527181148529053
guided,CCOc1ccc(C(=O)N2CCC3(CC2)NCCc2[nH]cnc23)cc1OCC,-0.6999963521957397
guided,O=C(/C=C/c1cccc([N+](=O)[O-])c1)Nc1ccc(C(=O)NC[C@H]2CCCO2)cc1,-0.44659143686294556
guided,[O][C](N[N][CH][C]1[CH][CH][C](N([O-])[O-])O1)C(O)[C+]1[CH][CH][CH][CH][CH]1,-0.7839297652244568
guided,COc1ccc(/N=N\c2c[nH]n(-c3ccc(Cl)cc3)c2=O)cc1,-1.2486556768417358
guided,O=NN1CCN(C(=O)c2cccs2)CC1,-2.9987940788269043
guided,O=c1[nH]c2ccc(Cl)cc2o1,-4.169875621795654
guided,NCCO[C]1[N]N([C+]2[CH][CH][CH][CH][CH]2)[CH][C]1N([O-])[O-],-0.7445307374000549
guided,Oc1ccc(-c2cn3cccnc3n2)cc1OC(F)F,-2.201934814453125
guided,O=C(Nn1cnc2ccccc2c1=O)c1cccc(Cl)c1,-1.8162801265716553
guided,Cl[c-]1[cH+][cH-][c+](CO[N-][C+]2[CH-]CCCCC2)[cH-][cH+]1,-8.074617385864258
guided,Cc1cc(S(N)(=O)=O)c(N)c(S(N)(=O)=O)c1,-1.1322476863861084
guided,[O-][C]/[C+](=C\N1CCOCC1)c1ccc(Cl)cc1,-5.4744672775268555
guided,O=C(C1CCN(S(=O)(=O)c2cccs2)CC1)N1CCCCC1,-2.3220858573913574
guided,CCCCC(=O)Nc1ccc2oc(-c3ccncc3)nc2c1,-1.335147500038147
guided,COc1ccc(N(CC(=O)Nc2ccc(S(=O)(=O)N3CCOCC3)cc2)S(=O)(=O)c2ccccc2)c(OC)c1,-0.5263262391090393
guided,O=S(=O)(NCc1ccco1)c1ccc2c(c1)ncn2C1CCCC1,-0.8288717269897461
guided,CCOc1ccc(OCC)c(-c2c(C#N)c(N)nc3ncnn23)c1,-0.755405843257904
guided,COc1ccc(SCCN2C(=O)CCC2=O)cc1Cl,-3.797039747238159
guided,FC(F)(F)c1cc2ccccc2c(=S)[nH]1,-9.98704719543457
guided,CN(C)S(=O)(=O)N(CCN1CCOCC1)Cc1ccccc1,-2.7889323234558105
guided,ON/C(=N\c1ccccc1)c1ccccc1Cl,-4.054831027984619
guided,CO[C]1[CH][CH][CH][CH][C]1[CH][CH][C]([O])NC[C]([O])NN[C]([O])[C][N][O+][C]1[CH][CH][CH-][C]([O+]C)[CH]1,-0.7764553427696228
guided,NNC(=O)c1cnn(-c2ccc(F)cc2)c1,-1.3227652311325073
guided,Cl[C-]1CN(C[c+]2[cH-][cH+][c-](Cl)[cH+][c-]2Cl)CCN1,-10.002686500549316
guided,COc1ccccc1N[C@H](c1ccccc1)c1nnnn1Cc1ccccc1,-1.6234749555587769
guided,C[C-]1CCCO[C@@H]([C@@H](C)N(C)C)N1Cc1ccccc1F.[H+],-9.876333236694336
guided,O=S(=O)(CCc1nc2cc3ccccc3cc2[nH]1)c1cccc(NC2=NCCCS2)c1,-0.5993444323539734
guided,CC(C)CNC(=S)N[C@@H]1C[C@H]2CCC[C@@H](C1)N2Cc1ccccc1,-7.0535783767700195
guided,Cc1ccccc1NC(=S)NCCC(c1ccccc1)c1ccccc1,-8.047609329223633
guided,CNC[CH-]C(C)[C+]([C][N-2])[C][N-2].[C-3][CH].[H+].[H+],-2.9967639446258545
guided,Cc1nc(-c2cccc(C(=O)OCC(=O)N(Cc3ccccc3)c3ccc(F)cc3)c2)oc1C,-1.3897485733032227
guided,Nc1nonc1-n1nnc(C(=O)N/N=C/c2ccccn2)c1-c1ccc(F)cc1,-0.7841200232505798
guided,CN(C)[S+2]([O-])([O-])O[C-](CO[c+]1[cH-][cH+][cH-][cH+][cH-]1)CS[c+]1[n-][c+]2[cH-][cH+][cH-][cH+][c-]2[nH]1,-0.650536060333252
guided,CSc1ccc(CCC(=O)O)nn1,-2.0975475311279297
guided,Cc1cccc(OCC(=O)Nc2c(F)c(F)c(F)c(F)c2F)c1,-5.308708667755127
guided,[CH2-]O[c+]1[c-]2[c+]([cH-][c+]3o[c+]([O-])[cH-][cH+][c-]13)OC(C(C)C)C2,-2.774087905883789
guided,CC[C@@H](NC(=S)NC(=O)c1ccccc1C)C(=O)O,-0.9156700372695923
guided,Clc1ccc2nc(-c3cccnc3)cn2c1,-6.616878986358643
guided,O=C(NCCc1cccc2ccccc12)[C@H]1NS(=O)(=O)C[C@H]1N1CCOCC1,-0.5111764073371887
guided,Cc1ccc(/C=C2/[S+]=C(N3CCCCCC3)N=C2[O-])cc1Cl,-4.834286689758301
guided,C=[N+](CCc1[c-]cccc1OCCOc1cc2c(c(F)c1C(=O)O)CCCN2)Cc1ccccc1,-1.1886504888534546
guided,CSC[C@H](C(N)=O)N1CCC(Cc2ccccc2)CC1,-3.6655821800231934
guided,COc1cccc(C)c1OCc1nnnn1Cc1ccccc1,-1.9910801649093628
guided,COCC(=O)N[C@@](Nc1nc(-c2ccc(C)cc2)cc(=O)[nH]1)(C(=O)OC)C(F)(F)F,-0.7691909074783325
guided,CCCOc1ccc(C(=O)NNC(=S)NC(=O)c2ccc(Cl)cc2Cl)cc1,-0.9076170921325684
guided,C/[S+]=C1\C=CC=C\C1=C(/[O-])Nc1nc(-c2cccnc2)cs1,-2.0873286724090576
guided,[O-]N1OC2CCCC[CH-]N2[c+]2[cH-][c+](O)[cH-][cH+][cH-][c+]21,-2.0978078842163086
guided,OCc1c[nH]c2ccc(Br)cc12,-5.63907527923584
guided,COCCn1c(N)c(C(=O)NS(=O)(=O)c2ccc(C(C)(C)C)cc2)c(=O)[nH]c1=O,-0.6935973167419434
guided,[O-]N1OCCn2[n-][cH+][c-](C[c+]3[cH-][cH+][c-](Cl)[cH+][cH-]3)[c+]21,-2.7208118438720703
guided,CC(=O)N[C@H](C)c1ccccc1,-6.983922481536865
guided,O=[N+]([O-])c1ccc(OC[C@H](O)CNCCO)cc1,-0.5736200213432312
guided,NC[C@]12C[C@H]3C[C@H](C[C@](CN)(C3)C1)C2,-3.516125440597534
guided,Nc1cc(-c2cccnc2)nn1Cc1cccc(Cl)c1,-2.498835802078247
guided,O=C(O)[C@H](COc1cccc(Cl)c1Cl)N1CCCCC1,-3.192206621170044
guided,CN1CCN(/N=C/c2ccc(Cl)nc2)CC1,-6.346426486968994
guided,CN1[C](O[C]2[CH][CH][C](N([O-])[O-])[CH][N]2)[N][C]2[C]1[C+]([O])N(C)[C]([O])N2C,-0.8268174529075623
guided,Cn1ccc(-c2c(OCc3cccc(Cl)c3)ccc3ccccc23)n1,-7.523800373077393
guided,CCC[C@H](O)[C@@](O)(c1ccccc1)[C@H](CN1CCOCC1)c1ccccc1,-2.5424909591674805
guided,OCCNc1ncnc2c1cnn2Cc1ccccc1Cl,-0.9747546315193176
guided,Cc1ccc(-c2cc([C]/N=[O+]\[C@@H]3C[C@@H]([C+](C)=O)[C-]([O-])O3)ccn2)cc1CO,-0.4975689947605133
guided,CN1c2ccc(Cl)cc2C[C@H](C(=O)NC2CC2)[C@]1(C)O,-2.9074952602386475
guided,CCC(=O)Nc1cccc(OC(=O)/C=C/c2ccccc2)c1,-2.5433759689331055
guided,[H+].[O-][S+]([O-])N1C=CCNc2nc3c(nc21)=C=C=C=C=3,-1.0176728963851929
guided,COc1ccc(C(=O)Nc2nccs2)cc1S(=O)(=O)N1CCOCC1,-0.5799010396003723
guided,N/C(=N\O)c1ccccc1Nc1ccc(S(=O)(=O)Nc2cccc(C(F)(F)F)c2)cc1,-0.6225200295448303
guided,CN(Cc1ccc(F)cc1)C(=O)C1=C(N)/C(=C(/N)[O-])N=[S+]1,-0.7667110562324524
guided,N/C(=C\CCSc1cccc2cccnc12)c1ccc(F)cc1,-5.013301849365234
guided,COCCCNC(=O)[C@@H](Cc1ccccc1)NC(=O)CN1CCOC1=O,-0.5137389898300171
guided,O=C1Nc2ccc(S(=O)(=O)NCCO)c3cccc1c23,-0.6118453145027161
guided,FC(F)(F)c1nnc2ccccn12,-6.986940383911133
guided,O=C(CCN1CCN(c2ccccc2F)CC1)NNC(=O)c1ccco1,-0.7149544954299927
guided,CN(C)S(=O)(=O)c1ccc(N2CCCC2=O)cc1,-2.3730862140655518
guided,CCCC[C@H](CC)CNC(=O)CN1CC(=O)N(Cc2ccc(F)cc2)CC1=O,-1.1987755298614502
guided,Cc1ccsc1CCC(=O)Nc1nnc(CC(C)C)s1,-2.8454885482788086
guided,Cn1nnc2cc(C(=O)Nc3cccnc3)ccc21,-1.1719292402267456
guided,NC(=O)c1c(NC(=O)CN2CCOCC2)sc2c1CCN(Cc1ccccc1)C2,-0.6067017912864685
guided,N[C@@H](CCC(=O)NC/C=C/c1cc[c-]o1)C(=O)O.[H+],-0.6555486917495728
guided,N#Cc1ccc(CO/N=C\c2ccc(OCCCF)cc2)cc1,-2.687832832336426
guided,COC(=O)CCS(=O)(=O)c1ccc(Cl)c(Cl)c1,-2.324558734893799
guided,CCCC(=O)Nc1ccc(NC(=O)CSc2nnc(NC(=O)c3ccccc3Cl)s2)cc1,-0.7582228779792786
guided,O=[N+]([O-])c1ccc(N2CCCCC2)cc1SN1C=NCC1,-1.8232896327972412
guided,CO[C-]([O-])N[N-][CH+][c+]1o[c-](-[c+]2[cH-][cH+][c-]([S+2]([O-])([O-])O)[cH+][cH-]2)[cH+][c-]2[cH+][cH-][cH+][cH-][c+]12,-0.5344980955123901
guided,COc1ccc(C(C)(C)C)cc1NC(=O)c1ccc(C)s1,-5.196548938751221
guided,CCN(CC(=O)Nc1cccc(OC)c1)c1ccccc1,-4.471966743469238
guided,COc1ccc([C@@H](Cc2ccc(O)c(C)c2)[C@H]2C=CC(c3nn(C)c(=O)c4ccccc34)=NC2=O)cc1O,-0.5165985226631165
guided,CSc1ccccc1NC(=O)[C@H]1CCCCN1CC(=O)O,-1.1707382202148438
guided,COc1cc(CN2CCN(CCc3ccccc3)[C@@H](CCO)C2)cc(OC)c1O,-1.3475465774536133
guided,CC(=O)Nc1ccc([C@@H]2Nc3ccccc3C(=O)N2Cc2ccc(F)cc2)cc1,-1.9399389028549194
guided,CC(=O)NC(=S)c1c(N)n(Cc2ccccc2)c(=O)n(C)c1=O,-0.8213159441947937
guided,NC(=O)Nc1ccc(F)c(F)c1F,-3.0348238945007324
guided,NS(=O)(=O)c1ccc(CCNC(=O)CSc2ncnc3c2CCc2ccccc2-3)cc1,-0.5346726179122925
guided,BrC[C-]1CCCN(C[c+]2[cH-][c+]3[cH-][cH+][cH-][cH+][c-]3n3[cH+][n-][n-][c+]23)C1,-5.306046962738037
guided,Clc1ccc(N2CCN(c3ncccn3)CC2)cc1,-6.149534702301025
guided,C=C1C=CC=C[CH-]1.Cn1nc(C(=O)N[N+]#CCC(C)(C)C)c2c1[C@@]1(C)CC[C@@H]2C1(C)C,-3.889427900314331
guided,Oc1ccccc1C1CCNCC1,-6.170381546020508
guided,O=C(NCCO)Nc1ccc2nsnc2c1,-0.786202073097229
guided,O=C(O)[C@@H]1[C@@H](c2ccccc2)[C@H](C(=O)O[C@H]2CCCC[C@@H]2C(=O)c2ccc3ccccc3c2)[C@H]1c1ccccc1,-2.036574125289917
guided,CN(C)S(=O)(=O)c1ccc(-n2cccc2C(=O)Nc2nc3ccccc3n2-c2ccccc2)cc1,-0.6331364512443542
guided,[O-][c-]1[c+]2[c-]([cH+][c-](O[c+]3[cH-][cH+][c-](N([O-])[O-])[cH+][c-]3N([O-])[O-])[c+]([S-])n2[O-])n2[s+]3[c+]-2n1CCC3,-0.573814332485199
guided,NS(=O)(=O)c1ccc(NCc2cc(Cl)ccc2OCc2ccccc2)cc1,-0.7144563794136047
guided,CNC[C@@H](O)c1ccc(O)c(O)c1,-1.2343512773513794
guided,Fc1ccc(CN2CCC(n3cncn3)CC2)cc1,-5.807808876037598
guided,O=[N+]([O-])c1ccccc1NCc1ccccc1F,-2.6493706703186035
guided,CO[c-]1[cH+][cH-][c+](CN([C+]2[C][CH-][CH+][CH-][CH+]2)[C-]([O-])[c+]2[cH+][cH-][n-][nH]2)[c-](OC)[cH+]1,-0.8159034252166748
guided,CCCN(C(=O)Cn1c(C(=O)OC)cc2oc(C)cc21)c1ccccc1,-1.620784044265747
guided,O=[N+]([O-])c1nn(-c2ccc3c(c2)OCCO3)n(O)/c1=N/C1CCCCC1,-0.5249044895172119
guided,NOCc1ccc(O)cc1,-2.9540622234344482
guided,COc1ccccc1N1CC(C)(C)S/C1=N\C(=O)CSCC(=O)O,-0.8269464373588562
guided,Fc1ccccc1OCCN1CCNCC1,-7.7135491371154785
guided,S=c1oc(-c2ccccn2)nn1Cc1nnc(-c2ccccc2Br)o1,-0.8564080595970154
guided,CCCN1CN[CH-]N(C[c+]2[cH+][n-][cH-][cH+][cH-]2)C1,-6.157156467437744
guided,CN(CC(=O)Nc1ccc(Cl)cc1[N+](=O)[O-])Cc1ccc(Br)cc1,-0.9360210299491882
guided,Cn1c(NC(=O)C2CCCC2)cc(=O)n(C)c1=O,-1.1709771156311035
guided,O=C(COc1cccc2c1CCN(Cc1ccccc1)C2=O)Nc1ccccc1,-2.0917344093322754
guided,O=[N+]([O-])c1nn(-c2ccc3c(c2)OCCO3)n(O)/c1=N/C1CCCCC1,-0.5249044895172119
guided,O=[N+]([O-])c1cccc(Oc2ccc(-c3nn4c(CCCCl)nnc4c4ccccc34)cc2)n1,-0.7548242211341858
guided,[O-][C+](CC[N-]C[c-]1[c+](O)[cH-][cH+][c-]2[c+]([O-])[c+]3[cH-][cH+][cH-][cH+][c-]3o[c+]12)N1CCCCC1,-0.3556509017944336
guided,CN(C)[P+]([O-])([C-]1[C+](N[c-]2[cH+][cH-][cH+][c-]3[cH+][n-][cH+][cH-][c+]23)S[C-]2[CH-][CH+][CH-][CH+]N21)N(C)C,-2.1241495609283447
guided,COc1ccc(C(=O)NNC(=O)c2ccc(OC)cc2)cc1,-1.0177003145217896
guided,CC(=O)c1ccc(C(=O)O)c(O)c1,-1.1154364347457886
guided,CC(=O)N[C@]1(C(F)(F)F)NC(=O)N(C2CCCCC2)C1=O,-0.9611324667930603
guided,N#Cc1cnc(Sc2ccc(N)cc2)n1CCCc1ccccc1,-1.4064631462097168
guided,CC(=O)c1n[nH]nc1NC(=O)c1ccccc1Cl,-0.8867523074150085
guided,O=C(c1cccc(F)c1)N1CCN(C(=O)C2CC2)CC1,-4.552342414855957
guided,COCCNC(=S)Nc1ccc2occ(C)c2c1,-3.8637771606445312
guided,NS(=O)(=O)c1ccc(N[C@H]2c3ccccc3C(=O)N2C(=S)NCCSCc2ccc(Cl)cc2)cc1,-0.4995250999927521
guided,NNc1cccc(C(=O)N2CCOCC2)c1,-1.485488772392273
guided,[H]/[C-]=C(/C=C=[NH+]C(=O)C/[S+]=c1\[n-]nc(C/[S+]=c2\[n-]nnn2-c2ccccc2)n1C)S(=O)(=O)N(C)C,-0.7572711706161499
guided,O=C(O)c1cc2c3c(c1)CCC(=O)N3CCC2,-2.3486592769622803
guided,CS(=O)(=O)NCCc1ccccc1,-4.14553165435791
guided,Cc1c(S[C@@H](C)C(=O)O)nc2ccccc2c1C,-3.3363540172576904
guided,Fc1ccccc1/N=N/c1ccc(N2CCOCC2)cc1N1CCOCC1,-3.1548967361450195
guided,C1=CSc2ccc(/C=N/Nc3ccccn3)cc2N1,-3.4426910877227783
guided,[H+].[O-][C-]([N-][S+2]([O-])([O-])C1CCCCC1)[OH+][c+]1[cH-][cH+][c-](Cl)[cH+][c-]1Cn1[c+]2[cH-][cH+][cH-][cH+][c+]2[n-][c-]1CN1CCN([c-]2[cH+][cH-][cH+][cH-][c+]2F)CC1,-0.6080612540245056
guided,CN(C(=O)Nc1ccc2oc(-c3ccnn3-c3ccc(OCc4ccc(F)cc4)cc3)nc2c1)C1CCCCC1,-2.211714744567871
guided,O=C(CN1CCCCCC1)N/N=C/c1oc(O)c2ccccc12,-0.7135433554649353
guided,[O][C](N[N][CH][C]1[CH][CH][C](N([O-])[O-])O1)[C+]1[CH][CH][C]2OCO[C]2[CH]1,-0.816734254360199
guided,CCCCOC(=O)c1cc(S(=O)(=O)N2C[C@@H](C)O[C@@H](C)C2)c[nH]1,-0.7656974196434021
guided,Fc1ccc(C[C@@H](C2CCNCC2)n2cccc2)cc1,-9.3158597946167
guided,COc1ccc(C(=O)C[C@H](C(=O)O)c2cccc3ccccc23)cc1C,-1.7117458581924438
guided,S=C(NCc1ccccn1)Nc1ccccc1,-5.424144744873047
guided,COC(CN[C@H]1CCCC[C@@H]1c1ccc(Cl)cc1)OC,-6.45979642868042
guided,O=C(Cc1ccccc1)NNS(=O)(=O)c1ccccc1,-1.0820188522338867
guided,COc1ccc(N2CCC(N(CCOCCO)Cc3ccccc3)CC2)cc1,-3.657521963119507
guided,[CH][CH+][CH+][CH+][C]N[C+]([O-])[CH+][C]CS[C-]1[N-][C+]2N[N-][CH+][C+]2[C-]([O-])N1[C+]1[C][CH+][CH-][CH+][C-]1C,-0.7668496966362
guided,CN(CC(=O)NCCc1ccccn1)S(=O)(=O)c1ccc(Cl)cc1,-0.8302439451217651
guided,O=C(C[C@H](c1ccccc1)c1ccc(F)cc1)NCc1cccnc1,-4.3286542892456055
guided,O=C(Nc1ccc(SC(F)F)cc1)C1CCN(c2nnc(-n3cccc3)s2)CC1,-1.7260823249816895
guided,S=C(Nc1cccc(Br)c1)N1CCN(Cc2ccc3c(c2)OCO3)CC1,-5.145771503448486
guided,CCN1C(=O)/C(=C\N2CCN(C(=O)c3ccc(Cl)cc3)CC2)SC1=S,-4.092658042907715
guided,O=C1c2ccccc2CC2=C(CCCC2)N1Cn1cccc1,-7.435793399810791
guided,Nc1nc(SCC(=O)NCc2ccc(F)cc2)n[nH]1,-0.8237123489379883
guided,O=C(CCS(=O)(=O)N1CCCC1)N(Cc1cccs1)C1CC1,-2.32891583442688
guided,Brc1cnc(Nc2ccc(N3CCOCC3)cc2)nc1N1CCCCC1,-2.6547133922576904
guided,CCCN1CCNC(=O)[C@@H]2CCCN(C2)[S@@](=O)(=[N+](CC)CC)O[C@]([O-])(c2ccc(F)cc2)C1,-0.49726438522338867
guided,N[C]1[C](N([O-])[O-])[CH][C]([C+]([O])N2CCOCC2)[CH][C]1[N+]([O])[O-],-0.7694277167320251
guided,[O][C]([CH+][C]1CCN([C]2[N][C]3[CH][CH][CH][CH][C]3[CH][C]2[C]2[CH][CH][CH][CH][CH]2)CC1)NN[C]([O])[C]1[CH][CH][CH][CH][C]1N([O-])[O-],-0.7963953614234924
guided,NS(=O)(=O)c1cccc(S(=O)(=O)Nc2ccccc2F)c1,-0.741098940372467
guided,COCCN(Cc1ccoc1)[C@@H]1CC(=O)N(c2ccc(Br)cc2)C1=O,-1.7124159336090088
guided,O=C(Nc1ccnn1C1CCCCC1)c1cc(CS(=O)(=O)c2ccccc2)on1,-0.5282841324806213
guided,CCSc1nnc(NC(=O)CSc2nnc(CNC(=O)c3cc4cc5ccccc5nc4s3)o2)s1,-0.7136309742927551
guided,CCOC(=O)NC(NC(=O)c1ccc(C)cc1)(C(F)(F)F)C(F)(F)F,-1.7432669401168823
guided,O=C(C1CC1)N1CCN(c2ncnc3sc4c(c23)CCC4)CC1,-3.3765807151794434
guided,O=C(O)c1nn(Cc2cccs2)c2c1CCc1ccccc1-2,-2.6235692501068115
guided,CC1CCN(C(=O)Nc2ccccc2)CC1,-6.1094584465026855
guided,CCc1n[nH]c(C)c1S(=O)(=O)NCC(C(C)C)C(C)C,-1.455496072769165
guided,COCCNC(=O)Cn1nc(-c2ccccc2)ccc1=O,-1.0576976537704468
guided,S=C(Nc1ccnn1Cc1ccccc1)NC1CCN(Cc2ccccc2)CC1,-3.765615463256836
guided,C[C@H](Sc1nccn1Cc1c(F)cccc1Cl)C(=O)O,-2.786116361618042
guided,CN(C)C(=O)c1ccc2c(c1)CCO2,-6.837768077850342
guided,O=C(NC1CCCC1)c1cc2c(ccc3ccccc32)o1,-4.248476982116699
guided,Brc1cccc(CNCCCN2CCOCC2)c1,-7.658613204956055
guided,CCN1CCc2c(C#N)c(N3CCCCC3)nc(NCc3ccccc3)c2C1,-2.5289576053619385
guided,COc1cc([N+](=O)[O-])c(C)cc1NC(=O)[C@H](C)N1CCOCC1,-0.5514772534370422
guided,[O-][C]N[C]([S])O[C]1[CH][CH][C](Cl)[CH][CH]1.[OH+]P[N+]1CCOCC1,-0.9684740304946899
guided,COC(=O)/C=C/C(=O)Nc1ccc(S(=O)(=O)Nc2cc(C)no2)cc1,-0.7132911086082458
guided,OC1([CH-]CCC2[CH-][CH+][C-]CN2)CCCCC1.[H+],-6.265923023223877
guided,NNC(=O)c1ccn(CNc2c(Br)cc([N+](=O)[O-])c3cccnc23)n1,-0.688208818435669
guided,[CH2+]CCC/C(=[C-]/C=O)NCCC(F)(F)F,-7.064195156097412
guided,N/C(CC(=O)Nc1cccc(O)c1)=N\O,-0.7630540132522583
guided,O=[N+]([O-])NNc1cccc(Cl)n1,-1.2621277570724487
guided,Fc1ccc(-c2cc3nc4c(c(NCc5cnc(Cl)cn5)n3n2)CCC4)cc1,-1.384823203086853
guided,NN/C(=N\S(=O)(=O)c1ccccc1F)N1CCOCC1,-0.6667307019233704
guided,CC1=N[O+]=NC1OCOc1cccc([C@H]2CC(c3ccc(Br)cc3)=NN2C(/C=C2\C=CC=C[CH-]2)C(Cl)(Cl)Cl)c1,-3.831530809402466
guided,O=S(=O)(c1ccc(Cl)cc1)c1nc(-c2ccccc2F)oc1NCCCN1CCOCC1,-0.5380536317825317
guided,CC(C)C[C@@H](/C=C(/C(=O)O)c1nc2ccccc2c(=O)[nH]1)CC(=O)O,-0.5617509484291077
guided,CCC(=O)C1=C(N2CCC(Oc3ccc(C(=O)O)cc3)CC2)CC(C)(C)CC1=O,-0.49703505635261536
guided,CC(C)(CC(=O)O)CC(=O)NCCCc1ccccc1,-1.5154269933700562
guided,O=S(=O)(N[C@@H]1C[C@H](N[S+]([O-])[O-])[C@@]2(O)CCCC[C@@H]12)OCC(Cl)(Cl)Cl.[H+],-0.8152853846549988
guided,Fc1ccc(-n2cnnn2)cc1,-4.57058048248291
guided,C#CC[C@H](OC(=O)c1cccs1)[C@@H](C)Nc1nccs1,-3.374866008758545
guided,CCOc1ccc(Br)cc1C(=O)Nc1cc(C(F)(F)F)ccc1-n1cncn1,-1.475396990776062
guided,C/C(=C/c1ccccc1F)c1ccc(N(C)S(C)(=O)=O)nn1,-1.848865032196045
guided,COc1ccccc1NCC(=O)Nc1c(C)ccc(C)c1C,-3.324033260345459
guided,Cc1ccc(NC(=S)Nc2ccccc2C)nc1,-5.4498162269592285
guided,CCOC(=O)c1nnc(SCC(=O)Nc2nccs2)[nH]c1=O,-0.9666168093681335
guided,O=C(COc1cccc(C(F)(F)F)c1)NCCN1CCOCC1,-3.1004319190979004
guided,COc1cc(C#N)c(NC(=O)[C@H]2CCCN(c3ncc(C(F)(F)F)cc3Cl)C2)cc1OC,-0.6076734066009521
guided,CCOc1ccc2nc(C(=O)NC3CCCCC3)sc2c1,-3.0493404865264893
guided,O=C(COc1ccc(C2SCCS2)cc1)NC1CC1,-5.039000511169434
guided,COc1ccc(/C=N\NC(=O)/C=C/c2ccccc2)c(OC)c1,-2.131251096725464
guided,C=C1C=C(C)[C-](C)C(Cn2nnc3c(=O)[nH]c(C[O+]=C=C/C=C/n4ccc(C)n4)nc32)=C1C,-0.7053649425506592
guided,COc1ccccc1S(=O)(=O)N(Cc1ccccc1)C[C@@H](O)CN1CCCCC1,-1.0574876070022583
guided,NC(=O)c1ccsc1NC(=O)[C@@H]1CCC(=O)Nc2ccccc21,-0.6171799302101135
guided,O=C(c1cc2ccccc2c(=O)o1)N1CCCCC1,-3.053532838821411
guided,S=C(c1ccc(Br)cc1)N1CCCCCC1,-13.083491325378418
guided,O=C(Nc1ccc2nn(-c3ccc4c(c3)OCCO4)nc2c1)c1ccc(Br)o1,-0.6158799529075623
guided,C=C(F)[C-]([N+]#CF)C(F)(F)F,-13.99507999420166
guided,O=C(O)/C=C/C(=O)c1ccccc1-c1ccsc1,-2.6801698207855225
guided,CCC(=O)N[C@@]1(C(F)(F)F)C(=O)Nc2c1c(=O)[nH]c(=O)n2Cc1ccco1,-0.8673985600471497
guided,Fc1ccc(CNc2nc3nonc3nc2N2CCSC2)c(F)c1,-0.8725842833518982
guided,O=C(N/N=C/c1cccnc1)[C@@H]1CCC(=O)N(Cc2cccc(C(F)(F)F)c2)C1,-0.8958470225334167
guided,CCOC(=O)c1nn(CC)c(-c2ccccc2)c1C(=O)c1ccccc1,-1.9441457986831665
guided,CC(C)CC(=O)Nc1ccccc1C(=O)OC(C)C,-2.7213473320007324
guided,O=C(O)[C@@H]1Oc2ccccc2CN1C(=O)Nc1cccc(C(F)(F)F)c1,-0.8015095591545105
guided,C(=[NH+]/c1ccccc1)\c1ccccc1.[O-]P(Oc1ccccc1)Oc1ccccc1,-2.5706679821014404
guided,COc1ccccc1N1CCN(c2ccccc2OC)CC1,-7.571313858032227
guided,O=C(CN1CCCc2ccccc21)c1ccc(Br)cc1,-8.610179901123047
guided,O=S(=O)(Nc1ccccc1-c1ccccc1)c1cccc2ccccc12,-4.0801167488098145
guided,CC(=O)Nc1cc(C)cc(NCCc2ccc(F)cc2)c1,-4.617440700531006
guided,ClCCCNc1ncnc2c1cnn2-c1ccccc1,-2.5484650135040283
guided,[CH2-]CCCCC1CC(CN[C+]([O-])N[c+]2[cH-][cH+][cH-][cH+][cH-]2)CN1C,-3.1238880157470703
guided,CCCn1c(CCC(=O)NC2CCCCC2)nc2cc(S(N)(=O)=O)ccc21,-0.5601518154144287
guided,COc1ccccc1NC(=O)Cc1cccc(Br)c1,-5.082419395446777
guided,CC(C)[C@@H](OC(=O)c1ccc(Cl)cc1)C(=O)NC1CCCCC1,-2.5170257091522217
guided,NNC(=O)/C(=C/c1cccnc1)NC(=O)c1ccco1,-0.7369357347488403
guided,NNC(=O)c1cc(C(=O)c2cccs2)c[nH]1,-0.8152234554290771
guided,O=C(O)c1ccccc1C(=O)Nc1cccc(F)c1,-1.5237131118774414
guided,Cc1nc2ccccc2c(=O)n1Cc1ccco1,-3.617648124694824
guided,COc1cc(-c2cc(C(=O)NNc3ccccc3C)c3ccccc3n2)cc(Br)c1O,-1.070859432220459
guided,O=C(O)[C@@H]1c2ccccc2CCN1C(=O)/C=C/c1ccccc1,-2.2010374069213867
guided,[N-2][N-][C+]1[C+](N)[N-][C-]([c+]2[cH-][cH+][c-](O)[c+](OC[c+]3[cH-][cH+][cH-][cH+][cH-]3)[cH-]2)[C+]2CCCC[C+]12,-0.6280206441879272
guided,CCCN(CC(C)C)c1nc(N2CCN(C)CC2)nc(N)c1[N+](=O)[O-],-0.7529618144035339
guided,O=C(COC(=O)c1ccccc1)Nc1nc(-c2ccccc2)c(-c2ccc(Br)cc2)o1,-1.1016350984573364
guided,CCCc1nc(SCC(=O)Nc2c(C)n(C)n(-c3ccccc3)c2=O)[nH]c(=O)c1C,-0.6799004077911377
guided,CN(CC(=O)NNC(=S)Nc1ccc(F)cc1)S(=O)(=O)c1ccc(Cl)cc1,-0.707696795463562
guided,O=c1oc2ccc(Cl)cc2c(Cl)c1CN1CCCCC1,-5.837930679321289
guided,C[C@@H](C(=O)N1CCCC1)n1nnc(Nc2ccccc2)n1,-1.0148804187774658
guided,Clc1ccc(Oc2ncc(Cn3cnc4cccnc43)s2)cc1,-3.016399383544922
guided,Cc1cc(N2C(=O)C[C@H](N3CCN(CC(=O)NC(C)C)CC3)C2=O)no1,-0.5758047103881836
guided,COc1cc2nc(-c3ccccc3)nc(Nc3ccc(F)cc3)c2cc1OC,-2.817908763885498
guided,CCOc1ccc(CCNC(=O)C2CCN(c3nccc(C)n3)CC2)cc1,-1.3464833498001099
guided,COc1ccc([C@H](C(=O)NCc2ccco2)N(C(=O)Cn2nnc3ccccc32)c2ccc(OC)c(Cl)c2)cc1O,-0.5819019675254822
guided,O=C(Cn1nnc(Cc2ccccc2F)n1)NNC(=O)c1ccccc1Cl,-0.6738181114196777
guided,O=C(CCN1CCN(c2ccc(Cl)cc2)CC1)NNC(=S)NCc1ccco1,-1.0482306480407715
guided,Nc1cc(=O)[nH]c(SCc2cc(=O)oc3ccc4ccccc4c23)n1,-0.6541053652763367
guided,COc1cc(-c2[nH]ncc2/C=C/C(=O)Nc2cccnc2)cc(OC)c1OC,-0.6695224046707153
guided,CCCc1c(CC(C)(C)C)[nH]c2ccc(CCCCl)nc12,-7.220228672027588
guided,O[C@@H](CNC1CCCC1)Cn1ccc2ccccc21,-5.091385364532471
guided,CO[c-]1[cH+][cH-][cH+][c-](C2N[N-][C+]([c-]3[cH+][cH-][cH+][cH-][c+]3[C-]([O-])[O-])S2)[c+]1OC[c-]1[cH+][cH-][c+](F)[cH-][c+]1F,-0.595768392086029
guided,Cc1cccc(OCCn2cnc3c(NCc4ccco4)ncnc32)c1,-0.8716975450515747
guided,C=CC/[S+]=c1\nc(-c2ccc(O)c(OC)c2)c(C#N)c([O-])[nH]1,-0.7123568654060364
guided,CN(Cc1cccc2ccccc12)S(=O)(=O)c1ccc(CNC(=O)C2CCCCC2)s1,-1.5261353254318237
guided,N#CCNC(=O)c1ccc(-c2nc(-c3ccncc3)nc3c2CCCC3)cc1,-0.47070401906967163
guided,Brc1ccc(N[C@@H]2CCc3ccccc3C2)cc1,-10.705904006958008
guided,Cc1nn(C)c(C)c1S(=O)(=O)N1CCN(C)CC[N-]1.[H+],-1.4300525188446045
guided,O=C(CCc1c(O)c2ccccc2[nH]c1=O)N(CCO)CCO,-0.41205865144729614
guided,OCC[C@H]1CN(Cc2ccccc2-c2ccco2)CCN1Cc1ccccc1,-4.464229583740234
guided,S=c1[nH]nc(CSCCOc2ccc(Cl)cc2)o1,-3.332616090774536
guided,COc1cc(C=O)ccc1OCc1cc(C(=O)N[C@H](C)Cn2cncn2)no1,-0.6775082349777222
guided,N[c-]1[n-][n-][c+]2[n-][c+](N3CCOCC3)[n-][c+](-[c+]3[cH-][cH+][cH-][cH+][cH-]3)[c+]21,-0.5958786010742188
guided,COc1ccc(NC(=O)Nc2c(C)nn(-c3ccccn3)c2C)cc1OC,-0.7853167653083801
guided,COC(=O)N[C@H]1CCS(=O)(=O)C1,-1.6596310138702393
guided,Cn1nc(-c2ccc(N3CCOCC3)c(NS(=O)(=O)c3ccccc3)c2)c2ccccc2c1=O,-0.4205734431743622
guided,N[S+2]([O-])([O-])[c-]1[cH+][cH-][c+](CCN[C-]([O-])[C+]2[CH+][c-]3[cH+][cH-][c+](F)[cH-][c+]3[SH+]2)[cH-][cH+]1,-0.5351159572601318
guided,O[C@@H]1CCCC[C@H]1N1CCC(c2cc(-c3ccccc3Cl)n[nH]2)CC1,-2.7952539920806885
guided,O=S(=O)(/C=C/c1ccccc1)NCCc1ccccc1,-3.8008315563201904
guided,CC(C)(C)c1ccnc(/C=C(\NC(=O)c2cccc(N3CCCC3=O)c2)C(=O)Nc2cccc([N+](=O)[O-])c2)c1,-0.6434770226478577
guided,S=C(Nc1cccc2cnccc12)NN1CCOCC1,-3.250821828842163
guided,Cc1csc(NC(=O)CSc2nnc(-c3ccncc3)o2)n1,-0.8408411741256714
guided,O=C(O)c1ccccc1NCc1ccc2[nH]c(C(F)(F)F)cc2c1,-1.6210594177246094
guided,C/C(=N\NC(=O)c1cc(C(C)C)sc1N)c1ccco1,-0.9667119979858398
guided,[O][C](CO[C+]([O])[C]1[N][CH][N][C]2S[CH][C]([C]3[CH][CH][CH][CH][CH]3)[C]21)N[C]1[CH][CH][CH][C](N([O-])[O-])[CH]1,-0.7666670083999634
guided,O=C(O)c1ccc(COc2c(C(=O)O)ccc3ccccc23)cc1,-0.5772018432617188
guided,C[C@H](O)CO,-5.5232343673706055
guided,COc1cc2ccccc2cc1C(=O)Nc1ccc(Cl)cn1,-3.158550262451172
guided,COc1ccc(C(=O)NNC(=O)CCc2ccccc2)cc1Cl,-1.5108823776245117
guided,O=C1CCC[C@@H](Cc2ccc(Cl)cc2)N1[C@@H]1CCCCCCc2c1[nH]c1ccccc21,-6.6932244300842285
guided,COc1ccc(C(F)(F)F)cc1C(=O)Nc1ccccc1C#N,-1.9907146692276
guided,C[C@@H]1CN(CN2C(=O)NC3(CCCCC3)C2=O)C[C@H](C)O1,-2.0873184204101562
guided,CCOC(=O)CNC(=O)[C@@H]1CCC(=O)N(CCOC)C1,-0.7965937256813049
guided,O=Cc1ccc(Nc2nc(-c3cccnc3)cs2)cc1Cl,-2.7746973037719727
guided,[CH2-]CN(CCC[C]O)[C]1[N][CH][N+][NH+]1,-1.7265045642852783
guided,COC(CNS(=O)(=O)c1cccc2nsnc12)OC,-0.9460809230804443
guided,C[C-]([O-])[C+]1[CH+][CH-][C+](OC[C-]2[CH+][C-]([C+]([O-])[N-]C(C[C+]([O-])NCCCN3CCOCC3)[C+]3[CH+]S[CH+][CH-]3)[N-]O2)[CH-][CH+]1,-0.7896916270256042
guided,CCN1CCN(c2cc(C)nc(-c3ccccc3O)n2)CC1,-2.8159875869750977
guided,CN(C)CCCN[C@@H](Cc1ccc(Cl)cc1)C(=O)N1CCOCC1,-3.887718915939331
guided,C=[N+]1CCCCC1.CP([O-])O,-4.393233299255371
guided,O=c1c2cc(Br)ccc2ncn1CCCN(CCC1CCCCC1)c1cnc2ccccc2n1,-2.1400163173675537
guided,O=C(NNC(=S)Nc1cccc2ccccc12)c1c(F)cccc1F,-2.98589825630188
guided,[N-2][C][c+]1[cH-][cH+][cH-][c+](N2CCC[C-](O)C2)[cH-]1,-3.857067346572876
guided,O=S1(=O)N=C2CCCCN2[C@@H]2CC=CC[C@H]21,-3.4036202430725098
guided,CCOc1ccccc1-n1nc2ccccc2n1,-4.8334832191467285
guided,CCNC(=S)NC1=NCCCCC1,-5.714181423187256
guided,NC(=O)c1ccsc1NC(=O)CCSCc1cc(=O)n2ccsc2n1,-0.670849084854126
guided,NNc1ccc(C(F)(F)F)cc1C(F)(F)F,-5.482974052429199
guided,S=C(NCc1cc(Cl)cc(Cl)c1)NCc1ccco1,-5.429324626922607
guided,CCOc1ccccc1N(CC1CC1)S(=O)(=O)c1ccc(Cl)c([N+](=O)[O-])c1,-0.4967869222164154
guided,O=C(/C=C/c1ccccc1O)c1cccs1,-5.241109848022461
guided,COc1ccccc1C(=O)NNC(=S)Nc1cccc(S(=O)(=O)N2CCCC2)c1,-0.5960562825202942
guided,CN1CCCN(C(=O)CCl)CC1,-8.241057395935059
guided,[CH2+]N(CCCC)[c-]1[c+](N([O-])[O-])[c-]([O-])o[c+]2[cH+][cH-][cH+][cH-][c+]21,-0.579618513584137
guided,Cc1oc2ccccc2c1C(=O)OCn1nnc2ccccc2c1=O,-0.7020830512046814
guided,CN1CCN(C(=O)[C@H](Cc2ccccc2)NC(=O)Nc2cccs2)CC1,-1.532160997390747
guided,CCOc1cc([C@H]2CC(C)(C)NC(=O)N2)ccc1OC(C)C,-2.2192134857177734
guided,CCc1ccc([C@]2(CC(=O)Nc3cccc(C(C)=O)c3)CCC[C@@](C)(C(=O)O)C2)cc1,-0.7631884813308716
guided,Cc1cccc(-n2c(C)nn(CCOc3ccccc3)c2=O)c1,-3.388274908065796
guided,NC(=O)/C(=C/c1cccs1)c1nnc2sc3ccccc3n12,-1.2182756662368774
guided,O=C(NCC(=O)N1CCN(c2ccccn2)CC1)C1CCCCC1,-1.5494810342788696
guided,Cc1ccc2c(c1)cc1c(=O)n(CC(=O)NCCCC(=O)Nc3nc4ccccc4n3C)ncn12,-0.504274845123291
guided,Cc1cc(NC(=O)[C@H](C)n2nccc2C)ccc1NC(=O)C1CC1,-0.9360607266426086
guided,CN(C)CC(=O)Nc1cc(Cl)ccc1C(=O)CSc1ccccc1,-3.352782726287842
guided,Cn1c(CSCCO)nnc1SCC(=O)Nc1ccc2c(c1)OCO2,-0.6691127419471741
guided,COc1ccc2c(c1)OC[C@@H](CC(=O)NCC1CCCCC1)O2,-2.3667829036712646
guided,CCOc1cc2nc(N)nc(N)c2cc1Oc1ccc(F)cc1,-0.6936675906181335
guided,COc1ccc(N2CCN(C(=O)CC(c3ccccc3)c3ccccc3)CC2)cc1,-5.787015438079834
guided,CC(C)C[C@@H]1C2=C(C[C@@H](c3ccco3)CC2=O)N(N(C)C)C(N)=C1c1n[nH]c2c1CCCC2,-0.6308639049530029
guided,Fc1cccc(CNc2ncn[nH]2)c1,-3.0706119537353516
guided,C[C@H]1CCC2=C(C1)[S+]=C(NC(=O)[C@H]1COc3ccccc3O1)/C2=C(/N)[O-],-0.6057302951812744
guided,[CH2-]CCN1CCCC1CCO[C+]([O-])[CH+][CH-][c+]1[cH-][cH+][cH-][c+](F)[cH-]1,-5.412576198577881
guided,Oc1ccc(/N=C/c2cc3cc(Br)ccc3[nH]2)cc1,-3.55362868309021
guided,CCCn1c(=S)[nH]c2ccc(N3CCOCC3)cc2c1=O,-3.239729404449463
guided,COc1ccc(CNc2nc3nc(-c4ccccc4)cc(=O)n3[nH]2)cc1OC,-0.6462472081184387
guided,CCn1cc([C@H](c2nnnn2C2CCCC2)N2CCCCC2)c2ccccc21,-2.875115156173706
guided,Nn1c(SCC(=O)Nc2c(F)cccc2F)nnc1C1CCCCC1,-0.6778755187988281
guided,O=C(Cn1ccc2ccccc2c1=O)NCC(=O)N1CCN(c2ccccc2F)CC1,-0.8199339509010315
guided,O=[N+]([O-])c1ccc(N2CCN(C(=S)N3CCCC3)CC2)cc1,-2.7806057929992676
guided,CCCOc1ccc(-c2cc(N)n[nH]2)cc1,-1.8415164947509766
guided,COc1ccc(CN(C)C(=O)c2cccnc2)c(OC)c1,-3.108513593673706
guided,N#Cc1c(N)nn(-c2cccc(-c3nn4cnnc4s3)c2)c1-c1ccccc1,-0.7244713306427002
guided,O=[N+]([O-])c1ncn(-c2ccc(Cl)cc2)n1,-1.317549467086792
guided,O=S(=O)(N/N=C/c1ccc(Cl)cc1)c1cccc2cccnc12,-1.2414591312408447
guided,C[C@@H](O)CN1C2=NCCCN2c2ccccc21,-4.9018988609313965
guided,C[C@H](OC(=O)Cn1[nH]c(=O)c2ccccc2c1=O)C(=O)Nc1ccccc1F,-0.6523531079292297
guided,O=C(c1ccccc1)N1CCN(C(=O)N2CCOCC2)CC1,-2.7589192390441895
guided,NS(=O)(=O)c1ccc(NC(=S)NC(=O)/C=C\C(=O)O)cc1,-0.7675283551216125
guided,COCCCNC(=S)Nc1ccc(OCCCc2ccccc2)cc1,-4.281893253326416
guided,N[S+2]([O-])([O-])[c-]1[cH+][cH-][cH+][c-](NC[C-]2[N-]n3[c+]([n-][c+](C4CCCCC4)[cH+][c-]3[O-])S2)[cH+]1.[H+],-0.5631191730499268
guided,COc1cc(C(=O)Nc2ccccc2C(F)(F)F)cc(OC)c1OC(=O)c1ccc(C)cc1,-1.4903751611709595
guided,COCCNC(=O)CN(C(=O)Cn1nnc2ccccc21)c1ccc(C(=O)N2C[C@H](C)C[C@H](C)C2)cc1,-0.4918418228626251
guided,Clc1ccccc1OCc1ccnn1[C@@H](c1ccccc1)C(Cl)(Cl)Cl,-7.924248695373535
guided,N/C(=N\NC(=O)c1ccc(Cl)c(Cl)c1)c1cc(C2CCCCC2)on1,-0.6135860085487366
guided,O=C(NNC(=S)Nc1ccc(Cl)cc1)c1cccs1,-3.1163887977600098
guided,C[C]1[CH][CH][CH][C]([C+]([O])OCN2[C]([O])CC[C]2[O])[C]1N([O-])[O-],-0.7621518969535828
guided,S=C(NC1CCCCC1)N(Cc1ccccc1)Cc1ccc(Cl)cc1,-10.094888687133789
guided,NC(=O)c1ccc(NC(=O)CSc2n[nH]c(-c3cccs3)n2)cc1,-0.7150129675865173
guided,O=C(CNC(=O)c1c(F)cccc1F)NCc1ccc(OC(F)(F)F)cc1,-1.5045232772827148
guided,O=P(/C(F)=C\Oc1ccc(OCCCF)c(F)c1F)(c1ccccc1)c1ccccc1,-6.074364185333252
guided,C[C@@H]1CCCCN(C(=O)C/[S+]=c2\nc3c(sc(=S)n3Cc3ccccc3)c([O-])[nH]2)C1,-0.8741276860237122
guided,COc1cccc(N2CCN(S(=O)(=O)c3ccc(NC(=O)c4ccc(NC(C)=O)cc4)cc3)CC2)c1,-0.42359381914138794
guided,O=C(N[C@H](CCSCc1ccccc1)C(=O)O)[C@@H]1[C@H]2CC[C@H](C2)[C@@H]1C(=O)O,-0.5249232649803162
guided,CCO[c-]1[cH+][cH-][c+]2[c-]([cH+]1)[N-][C][C+]([C-]1[C][C+]([O-])N[C+]([O-])N1)[CH+]2.[H+],-0.6854077577590942
guided,CC(=O)c1ccc(OCCCCn2ccnc2)cc1,-4.073887825012207
guided,CCN(Cc1cccs1)c1ncnc2c1ccc1ccccc12,-6.854129314422607
guided,Cc1ccc(S(=O)(=O)Nc2cccc(C)n2)c(C)c1,-2.3430988788604736
guided,Clc1ccc(OCc2noc(-c3cccs3)n2)cc1Cl,-3.8062400817871094
guided,NC(=O)N[C@@H](CCC(=O)NCCc1ccccc1)C(=O)Nc1ccc(F)cc1,-0.5053635835647583
guided,CC(C)C(=O)Nc1ccc([N+](=O)[O-])cc1Br,-1.2499812841415405
guided,COc1ccc2cc(C(C)=O)ccc2c1,-7.3951897621154785
guided,CCOc1cc(/C=C2/S/C(=N\c3ccccc3)N(Cc3cccnc3)C2=O)ccc1OCCO,-0.6496113538742065
guided,Cc1cc(C)c2[nH]c(=O)c(CN(c3ccccc3)S(=O)(=O)c3cccc4cccnc34)cc2c1,-0.8686550259590149
guided,O=c1c2ccccc2nnn1-c1ccc(Br)cc1,-3.6098549365997314
guided,CCNc1ncccc1C(=O)NCCS(=O)(=O)c1ccc(Cl)cc1,-0.6579626798629761
guided,CCC(=O)N1CCc2cc(S(=O)(=O)N3CCN(c4ccccc4Cl)CC3)ccc21,-1.8745256662368774
guided,CN(Cc1ccccc1F)C(=O)[C@@H]1CCC(=O)N(C2CC2)C1,-4.581186294555664
guided,Nc1c(/C=C2/C=CC(=O)C(O)=C2)c(=O)nc2sc(CC(=O)N3CCCC3)nn12,-0.5728093981742859
guided,Cc1nc(COc2cccc(OC(F)F)c2)cc(Nc2ccccc2)n1,-2.6079845428466797
guided,CCOC(=O)[C@@H]1CCCN(C(=O)CCC#N)C1,-1.4486098289489746
guided,COC(=O)C/C(C)=N/Nc1ccc(S(=O)(=O)N2CCOCC2)cc1[N+](=O)[O-],-0.6076939702033997
guided,COc1ccc(CN2CCCC[C@@H]2C)cc1OC/C=C/c1ccccc1,-8.38975715637207
guided,O=C(C[C@@H]1S/C(=N\c2ccccc2)N(CCc2c[nH]c3ccccc23)C1=O)Nc1ccccc1F,-1.1129423379898071
guided,O=C(O)c1nn2c(C(F)(F)F)cc(-c3cccc(F)c3)nc2c1Cl,-1.6335413455963135
guided,C=C.O=S(=O)=NS(=O)(=O)c1ccc(Cl)cc1,-1.179853916168213
guided,NC(=O)C1CCN(c2ccccc2NC(=O)c2ccco2)CC1,-0.456419974565506
guided,[O][C]([CH+][CH][C]1[CH][CH][CH][C](Br)[CH]1)N[C]1[CH][C](N([O-])[O-])[CH][CH][C]1F,-0.845998227596283
guided,O[c-]1[n-][c+]2[cH+][cH-][cH+][cH-][c+]2[c-]1[CH+][N-]CCN1CCOCC1,-1.8574548959732056
guided,CN(C)[P+]([O-])(NC1([O-])[c+]2[cH-][cH+][cH-][c+](N([O-])[O-])[s+]21)N(C)C,-0.8222861886024475
guided,O=S1(=O)CC[C@H](N2CCOCC2)C1,-3.991643190383911
guided,O/N=C(/C1=NCCN1)c1ccccc1,-2.5226192474365234
guided,COc1cc(C(=O)OCC(=O)NC(=O)Cc2ccc(F)cc2)cc2c1C(=O)CCC2,-0.5923043489456177
guided,Clc1oc(-c2cc3c(cc2Br)OCO3)nc1-c1ccccc1,-4.361929416656494
guided,CCO[CH-]C[CH+]CCOC(C)CCC[C][CH+]CO[C-](C)[O-],-3.351107120513916
guided,[H+].[O-]P(N1CCOCC1)N1CCN(c2ccccn2)CC1,-2.599907875061035
guided,CN(C(=O)CCc1c[nH]c2cc3ccccc3cc12)c1c(N)n(Cc2ccccc2)c(=O)[nH]c1=O,-0.5228719711303711
guided,C/C(Cc1cccc(Br)c1)=N\NC(=O)c1cc(-c2ccccc2)nn1C,-2.2201499938964844
guided,C/C(Cc1ccccc1O)=N\NC(=O)C1CCCCC1,-1.851385474205017
guided,COc1ccc(Br)cc1CCC(=O)c1ccc2ccccc2c1,-7.63839864730835
guided,OCCN1CCN(c2nnnn2-c2ccccc2)CC1,-1.18008291721344
guided,O=C(O)c1ccc(/[S+]=C2\C=CC=C\C2=C(/[O-])O)cc1,-0.6856062412261963
guided,CCNC(=S)NNC(=O)c1ccccc1F,-3.099668502807617
guided,CCC(=O)c1ccc(O)c(O)c1,-2.5028584003448486
guided,O=C(N[C@H]1CCCC[C@H]1Cl)N1CCCC1,-6.330807685852051
guided,OOc1ccccc1/C=N/n1c(C2CCCCC2)n[nH]c1=S,-0.8795316219329834
guided,NS(=O)(=O)c1ccc(CNC(=O)c2cc3ccccc3cc2O)cc1,-0.5833300352096558
guided,CO[C-]([O-])N[C+]1[c+]2[cH-][cH+][cH-][cH+][c-]2CC1SC[C+]([O-])N1CCN([c+]2[cH-][cH+][c-](F)[cH+][cH-]2)CC1,-0.8158767819404602
guided,[H]/[O+]=C/C(=N/Nc1ccccc1[N+](=O)[O-])C(=[N-])O,-0.7599056363105774
guided,O=C1CC[C@]2(O)[C@@H]3Cc4ccc(O)c5c4[C@]2(CCN3CC2CC2)[C@@H]1O5,-1.0974355936050415
guided,S=C(NCCc1ccccn1)Nc1ccc(Cl)c(Cl)c1,-5.420051097869873
guided,S=P(c1ccccc1Nc1ccccc1)(N1CCOCC1)N1CCOCC1,-5.005878925323486
guided,CN(CC(=O)NCc1ccc(Cl)cc1)S(=O)(=O)c1ccc2c(c1)c(=O)n(C)c(=O)n2C,-0.5918766856193542
guided,C=C(CCl)C(=O)OCC=O,-4.9225592613220215
guided,COCC[C@@H](C(=O)NC1CCCCC1)N1CC[C@@H](NC(=O)c2cc(C)on2)C1=O,-0.6047335863113403
guided,[H]/N=C1C(=C/c2ccc(Br)o2)/C(=O)N=C2SC(CC(=O)N3CCCCC3)=NN2/1,-0.6287882328033447
guided,COCCCNC(=O)c1cc(-c2cccnc2)nc2cc(C)ccc12,-1.601831078529358
guided,OCC[C@@H](O)CCCCCNc1ccc2oc3ccccc3c2c1,-1.3560905456542969
guided,Cc1cccc(CNCCc2c[nH]c3ccc(Oc4ccccc4)cc23)n1,-3.2983558177948
guided,O=C1CCCN1CCn1c(-c2ccncc2)nc2ccccc21,-2.9189417362213135
guided,C[CH-]O[C+]([O-])[c+]1[cH-][cH+][c-](N2CCCC2)[c+](F)[cH-]1,-5.5289998054504395
guided,O=C(c1cccc(-n2cnnn2)c1)N1CCC2(CC1)OCCO2,-0.6294971704483032
guided,Cn1nc(-c2ccc(N3CCCCC3)c(NC(=O)c3ccco3)c2)c2ccccc2c1=O,-0.5969732403755188
guided,N#CCOC(=O)c1ccc(O)cc1,-1.4665379524230957
guided,COc1cc(C[C@@H](/N=C(/N)c2cccc(C(F)(F)F)c2)[N+](=O)[O-])cc(OC)c1OC,-0.6488581299781799
guided,NO[C-]1COC([c+]2[cH-][cH+][cH-][cH+][cH-]2)OCC1O,-1.161807656288147
guided,COC(=O)[C@@](O)(c1ccc(Nc2nc(OC)nc(OC)n2)cc1)C(F)(F)F,-0.7364457845687866
guided,CC(C)=N/N=c1\scc(-c2ccc(Cl)cc2)n1C(=O)OC(C)C,-2.7754361629486084
guided,CO/N=C/[C@H]1N(C)C=NN1S(=O)(=O)c1ccc(NC(=O)CSc2ccccn2)cc1,-0.6438986659049988
guided,CNC[C@@H](O)c1cccnc1,-4.226736068725586
guided,CCOc1[c-]c(-c2c(C#N)n([NH-])c3c(C#N)c(C)c(C)[s@SP2+]23)cc(Cl)c1OCc1cccc(C)c1.[H+],-2.586956024169922
guided,OCCn1c(SCc2ccc(Oc3ccccc3)cc2)nc2ccccc21,-3.6856727600097656
guided,CCNc1nc(N(Cc2ccccc2)c2ccccc2)c2ncn(CCN(C)C)c2n1,-1.8152961730957031
guided,C/C(=N\OCc1ccc(F)cc1)c1ccc(CC#N)s1,-4.068742752075195
guided,CCN1CCN(c2ccc(NC(=O)c3ccccc3N3CCCC3=O)cc2)CC1,-2.296079397201538
guided,O=S(=O)(/C=C/c1ccccc1)Nc1cc(S(=O)(=O)N2CCOCC2)ccc1N1CCOCC1,-0.4522494077682495
guided,CCOc1cccc(Cn2c(CCCN[C@@H](CC)CO)ccc2-c2ccccc2)c1,-3.631434917449951
guided,O=Cc1ccc(Oc2n[nH]c(=O)c3ccccc23)cc1Br,-1.202357530593872
guided,Nc1ccccc1SCC(=O)Nc1nccs1,-1.614881157875061
guided,O=S1(=O)C[C@@H](O)[C@@H](NCCO)C1,-1.0359339714050293
guided,CCOC(=O)C(=CNC1=[S+]/C(=C(/[O-])N2CCC[C@H](C)C2)C(c2ccco2)=N1)C(=O)OCC,-0.5687317252159119
guided,Cl[c-]1[cH+][cH-][c+](OC[c+]2[cH-][cH+][cH-][cH+][cH-]2)[c-](CN([N-][N-]n2[cH+][cH+][cH-][cH+][cH-]2)[c+]2[cH-][cH+][cH-][cH+][cH-]2)[cH+]1,-5.395388603210449
guided,[O][N+]([O-])[C][C]([NH+][C]1[CH][CH][C](F)[CH][CH]1)[N+](COC[C]1[CH][CH][CH][CH][CH]1)[C]1[N][CH][CH][CH][N-]1,-0.8174271583557129
guided,N#Cc1c(N2CCCCC2)nc2c(c1CO)C(=C=O)[C-]=[S+]2,-0.9219692945480347
guided,Cc1ccc2c(Cl)c(C(=O)Nc3cc(-c4cnn(C)c4C)ccc3OCC(=O)c3ccco3)sc2c1,-1.8924696445465088
guided,N/C(=N\OC(=O)c1ccccc1Br)c1ccccc1,-1.8082385063171387
guided,O=c1c(NC[C@H]2CC[C@@H](C(=O)NCc3ccc(Cl)cc3)CC2)c(N2CCCCC2)c1=O,-0.7295703887939453
guided,CN(Cc1ccccn1)C(=O)c1cc(COc2cccc(C(F)(F)F)c2)on1,-1.394523024559021
guided,Fc1cc(Br)ccc1NC(=S)Nc1cccnc1,-5.491130352020264
guided,Cc1noc2nc(F)nc(N3CCN(Cc4cccs4)CC3)c12,-2.3716557025909424
guided,[O-][N-]O[S+](C[c+]1[cH-][cH+][cH-][c+](F)[cH-]1)n1[cH+][n-][c+]2[cH-][cH+][cH-][cH+][c-]21,-1.679150104522705
guided,O=[N+]([O-])c1cccc(S(=O)(=O)c2cccc(NC(=S)Nc3ccc(Br)cc3)c2)c1,-0.7893338799476624
guided,CNCc1cc(-c2ccccc2)n(C)c1-c1ccc2c(c1)OCO2,-5.492119789123535
guided,CC(=O)Nc1c2c(nn1-c1ccc(C)cc1)CSC2,-3.8122940063476562
guided,O=C(NC(=S)Nc1cccc(Cl)c1N1CCCC1)c1cccc(OC(F)F)c1,-2.7996985912323
guided,COc1ccc(CN2C(=O)c3ccsc3[S+]=c3cc/c(=C(/[O-])NCCN4CCOCC4)cc32)cc1,-0.6794060468673706
guided,[O-]P(CO[c+]1[cH-][cH+][cH-][cH+][cH-]1)NC[c+]1[cH-][cH+][cH-][cH+][cH-]1,-4.156578540802002
guided,COc1ccc(S(=O)(=O)N2CCCCC2)cc1C(C)C,-3.6918675899505615
guided,COc1ccccc1NC(=S)NNC(=O)c1c(Cl)c(C)nn1C,-1.0957053899765015
guided,COc1ccc(CNC(=O)[C@@H](CC2CC2)NC(=O)Nc2cccc(Cl)c2)cc1OC,-0.5224200487136841
guided,O=C(/C=C/Nc1ccc2c(c1)OCCO2)C(=O)NC(=O)c1ccccc1Cl,-0.6107335090637207
guided,O=C(N/C(=C\c1ccco1)C(=O)N1CCOCC1)c1ccc(NC(=O)c2ccccc2)cc1,-0.4321606159210205
guided,NS(=O)(=O)NCc1csc(-c2ccccc2)n1,-0.8060492277145386
guided,Clc1ccc(-c2nnc(-c3cccnc3)o2)cc1,-3.1747283935546875
guided,C[C@H](OC(=O)c1cccs1)C(=O)/C=C/c1ccccc1,-4.257671356201172
guided,O=S1(=O)CC[C@@H](NC(=S)NC[C@H]2CCCO2)C1,-1.75080144405365
guided,COc1ncccc1C(=O)N1CCC[C@@H](Nc2cccc(C(F)(F)F)c2)C1,-2.6010689735412598
guided,C[CH-]C.Cc1cc(/N=C\NP(#[O+])c2ccc(F)cc2)on1,-1.5340008735656738
guided,COc1ccc(C(=O)N2CCC(C(=O)O)CC2)c2ccccc12,-1.3004347085952759
guided,N#CCCC[C@H](NC(=O)NC(=O)NS(=O)(=O)c1ccc2ccccc2c1)C(=O)O,-0.5894430875778198
guided,COc1cccc([C@@H]2C(C(=O)c3ccc(C)o3)=C(O)C(=O)N2CCCn2ccnc2)c1,-0.4954129159450531
guided,Cn1c(=O)c2c(nc(SCC(=O)N(c3ccccc3)c3ccccc3)n2C)n(C)c1=O,-0.6809924840927124
guided,C[P@@](=O)(Nc1ccc(Cl)cc1)c1nccs1,-4.622827053070068
guided,O=[N+]([O-])c1ccccc1S(=O)(=O)N(Cc1ccco1)c1ccc(Br)cc1,-0.628716230392456
guided,O=C(NNC(=O)c1cc(C(F)(F)F)nc2ccccc12)c1cccnc1,-0.7777739763259888
guided,F[c-]1[cH+][cH-][c+](OC[CH-]O[c+]2[cH-][cH+][cH-][cH+][c-]2N2CCOCC2)[cH-][cH+]1,-6.322131633758545
guided,COc1ccc(CCNC(=O)COC(=O)c2cnc(C)cn2)cc1OC,-0.6648353338241577
guided,Clc1cccc(Cl)c1CSc1nnc(-c2ccncc2)o1,-3.3240010738372803
guided,NC(=O)N1c2cc(Cl)ccc2Oc2c(Br)cccc21,-2.712597608566284
guided,[H]/N=C1C(=C\c2ccc(N(C)C)cc2)/C(=O)N=C2SC(CC(=O)N3CCCCC3)=NN2/1,-0.541045606136322
guided,COc1cccc(-c2nc(CS(=O)(=O)CC(=O)N[C@H]3CCC[C@@H](C)[C@@H]3C)c(C)o2)c1,-0.5981777906417847
guided,COc1ccnc(Oc2cccc(C)c2C)c1C#N,-2.780442476272583
guided,COc1ccc(NS(=O)(=O)c2ccc3c(c2)oc(=O)n3C)cc1Cl,-0.6885704398155212
guided,[O-][c+]1[c+]2[n-][cH+][n-][c+](N([c+]3[cH-][cH+][cH-][cH+][cH-]3)[S+]([O-])[O-])[c-]2[nH][c+]([S-])n1-[c+]1[cH-][cH+][cH-][cH+][cH-]1,-0.6616650819778442
guided,COc1ccc(CNC(=O)CN2C(=O)c3ccccc3C2=O)cc1OC,-0.6283698081970215
guided,Cn1c(=O)c2c(nc3n2CCCN3CC2CCCCC2)n(C)c1=O,-1.6373072862625122
guided,[CH][N+]N1[C-][C]2[CH-][CH][CH][CH][C]2[S+]([C]2[C][C]([O+]C)[C](C[C]([O])NS([O])([O])[C]3[CH][CH][C](Br)[CH][CH]3)[CH][CH]2)C1,-0.7611940503120422
guided,Nc1cccc(N[P@@](=O)(c2ccccc2)c2ccc(Cl)cc2)c1,-2.6199960708618164
guided,C=CCCN(CCCC)C[C@@H](O)CN1C(=O)c2ccccc2C1=O,-1.8392306566238403
guided,CNS(=O)(=O)c1cn(CC(=O)Nc2ccc(Cl)cc2)cc1S(=O)(=O)NC,-0.762104332447052
guided,COc1c(C)cc(S(=O)(=O)NCCCN(C)C)c(OC)c1C,-1.6091474294662476
guided,O=C(c1cccc(-n2cccc2)c1)N1CCN(S(=O)(=O)c2ccc(F)cc2)CC1,-1.64082932472229
guided,CC(=O)c1nn(-c2cc3ccccc3[nH]c2=O)c2ccccc12,-1.487337350845337
guided,CCO/N=C(\CS(=O)(=O)Cc1ccc(C)o1)c1ccccc1,-1.3935801982879639
guided,NNC(=O)c1cc(O)cc(OCc2ccc(F)cc2)c1,-0.7193021774291992
guided,O=C(O)C1=C(Cl)[S+]=C/C1=C(\[O-])N1CCC(=O)N(Cc2ccco2)C1,-0.5854297876358032
guided,CNC#C/C=C1\C=NN=C1c1ccc(OC(F)F)cc1,-3.9903948307037354
guided,CN([CH-][C+]([O-])NN)[S+2]([O-])([O-])[c+]1[cH-][c+](Cl)[cH-][cH+][c-]1Cl,-0.7678245306015015
guided,COc1ccc(S(=O)(=O)Oc2cc(/C=N/NC(=O)c3ccccc3)ccc2OC)cc1OC,-0.659725546836853
guided,NS(=O)(=O)c1ccc(CNC(=O)Nc2ccccc2F)cc1,-0.7135617136955261
guided,N[C@H]1CC=C(/C=C/[P@](=O)(O)CCOc2ccccc2)CC1,-1.080581784248352
guided,Cc1cccc(C(=O)Oc2ccc3ccccc3c2)c1C,-7.403536319732666
guided,CC(=O)OCC(=O)Nc1ccc(C)cc1Br,-2.843238353729248
guided,O=C(NCc1cccnc1)c1cccc(Oc2ccccc2)c1,-3.0209133625030518
guided,O=[N+]([O-])c1c(-c2cccnc2)n[nH]c1N1CCOCC1,-0.606726884841919
guided,O=C(c1ccccc1)N1C=CCN(CCCC/C=C/c2ccccc2)C1,-7.75203800201416
guided,NC(=O)C1=C[C@@H](c2c[nH]c3ccccc23)C[C@@H](OCCCCO)O1,-0.44304531812667847
guided,Clc1ccc(OCC#CCN2CCCCCC2)c(Cl)c1,-10.61587905883789
guided,S=C(Nc1ccc(Br)cc1)NC1CCCC1,-7.876805305480957
guided,N#CCC(=O)N1CCC2(CC=CC2)C[C@H]1C(=O)NC[C@@H]1CCCO1,-0.7142741680145264
guided,O=C(OCc1cccc(F)c1)c1cn(-c2ccccc2)nc1-c1cn(Cc2ccccc2)nc1-c1ccccc1,-3.3345377445220947
guided,CC(C)N1C(=O)c2ccc(C(=O)N3CCN(C)CC3)cc2C1=O,-1.9442328214645386
guided,O=C(CN1C(=O)N[C@@]2(CCc3ccccc32)C1=O)SCc1cccc(Br)c1,-1.4453606605529785
guided,O=S(=O)(Cc1ccccc1)NCC1CCCCC1,-3.746293306350708
guided,[O-][C+](NC1CCCCC1)[c-]1[c+]([O-])[n-]n(C[c+]2[cH-][cH+][cH-][c+](OCCO)[cH-]2)[c+]1Cl,-0.49567627906799316
guided,Cc1cc(OC(=O)N2CCCCC2)cc(C)c1Cl,-6.642221927642822
guided,Clc1cccc(OCCN2CCCCC2)c1Cl,-10.552363395690918
guided,[H]/[O+]=C1C(=C\N=[C-]\C=C/C=C/c2cccc(Br)c2)\c2ccccc2N\1C,-5.3833394050598145
guided,O=C(COc1ccccc1[N+](=O)[O-])NN1C(=O)c2ccccc2C1=O,-0.6466256380081177
guided,COC(Cc1nnc(CCC(=O)N2CCN(C3CCCC3)CC2)o1)OC,-0.7755659818649292
guided,O=S(=O)(CCN1CCc2ccccc21)c1ccc(Cl)cc1,-5.182734489440918
guided,CN1CCN(c2cn[nH]c(=O)c2Cl)CC1,-3.2059237957000732
guided,CCOc1ccc2[nH]c3c(NCCCOC)ncnc3c2c1,-1.1602014303207397
guided,CC(=O)Nc1nc2c(ncn2COCCOC(C)=O)c(=O)[nH]1,-0.8530048727989197
guided,CCN(Cc1ccccc1)Cc1nc(SCC(=O)NC2CCCC2)n[nH]1,-1.0414940118789673
guided,COc1ccc(N(CC(=O)Nc2nnc(Cc3ccccc3)s2)S(=O)(=O)c2cccnc2)cc1,-0.569669246673584
guided,O=[N+]([O-])/C=C(/C=C1/Nc2cc(Cl)ccc2S1)N(Cc1ccc(Cl)cc1)Cc1ccc2c(c1)OCO2,-2.229365825653076
guided,S=c1[nH]nc(-c2cccnc2)n1/N=C/c1ccccn1,-1.335706114768982
guided,N[C@H](CC(=O)N1N=C(c2ccc(-c3cccs3)s2)C[C@@H]1c1cccs1)C(=O)O,-0.5747795104980469
guided,[O-][C@@H]([C@@H](O)[C@@H](O)[CH-][C@@H](O)Oc1ccccc1)[N+]1=[N+]=c2ccccc2=N1,-0.6554805040359497
guided,Cc1ccc2c(C)nc(NC(=S)Nc3ccccc3C)nc2c1,-3.482579469680786
guided,Cc1ccc2sc(CCN3CCCCCC3)cc2c1,-13.01870346069336
guided,CCN(c1ccc(OC)cc1)S(=O)(=O)c1ccc(OC)c(NC(=O)CN2CCOCC2)c1,-0.4620981216430664
guided,OCCNCCOc1ccccc1,-4.618635177612305
guided,COc1ccccc1CN(C)[C@H]1CC(=O)N(c2ccc([N+](=O)[O-])cc2)C1=O,-0.5007888674736023
guided,NC(=O)c1nnsc1Sc1cn(-c2ccccc2)nc1C(=O)OCc1ccccc1,-0.6914333701133728
guided,[O][C](CN[C+]([O])CN1[C]([O])[C]2[C](Cl)[CH][CH][CH][C]2S1([O])[O])N[C]1[CH][CH][CH][CH][C]1N([O-])[O-],-0.7863991856575012
guided,CC(C)Cc1ccc(C(=O)N2CCC(C)CC2)cc1,-8.6249418258667
guided,Nc1ccc(S(=O)(=O)c2ccc(N)cc2)cc1,-0.6957210302352905
guided,O=C(/C(=N\Nc1ccc(F)cc1)c1nccc2ccccc12)c1cccc2ccccc12,-3.649322986602783
guided,COc1cc(/C=N/O)cc(Br)c1OCc1cccc(C)c1,-3.2012617588043213
guided,Cc1cccc(N2CCC[C@@H](C(=O)Nc3ccc(Oc4ccccc4)cc3)C2)c1,-4.69589900970459
guided,C/C(=N\NC(=O)COc1ccccc1)c1cccs1,-3.3334927558898926
guided,C[C@H](OC(=O)c1ccc(Cl)nc1)C(=O)NC(C)(C)C,-1.7176867723464966
guided,COc1ccc(/N=C/c2c(O)c3ccccc3oc2=O)cc1OC,-0.7545179128646851
guided,CCN(CC)C(=O)C/[S+]=c1\nc(N)c(-c2cccs2)c([O-])[nH]1,-0.7259977459907532
guided,O=C(CNC(=O)c1ccc2ccccc2c1)OCc1ccccc1,-2.5387637615203857
guided,O=C(c1cn(Cc2cccs2)c2ccccc12)C1CCCCC1,-8.45390796661377
guided,Clc1ccc(-n2cccn2)cc1N1CCN(Cc2ccc(Br)o2)CC1,-5.0821685791015625
guided,NS(=O)(=O)c1ccc2c(c1)OCCO2,-1.1140496730804443
guided,COc1ccc(NC(=O)NC2CCCC2)cc1OC,-2.125412940979004
guided,CCCCC/C=C(/[O-])N[C@H](N/C=[NH+]\C(=O)[C@@H](C)Oc1ccc(F)cc1)C(Cl)(Cl)Cl,-0.6056954264640808
guided,CN[C]1[C](N([O-])[O-])[CH][C]([C+]([O])N[N][CH][C]2[CH][C]([N+]([O])[O-])[CH][CH][C]2O)[CH][C]1[N+]([O])[O-],-0.8287463784217834
guided,O=C1c2cc3ccccc3cc2N[C@H](c2ccccc2)N1NS(=O)(=O)c1ccccc1,-0.8596202731132507
guided,Cc1c(Br)sc2nc(CN3CCOCC3)n(CCO)c(=O)c12,-1.4982925653457642
guided,O=C(N/N=C/c1sc(N2CCOCC2)nc1-c1ccc(Br)cc1)C1CCCCC1,-1.3927767276763916
guided,Cn1c(SCC(=O)Nc2nccs2)nc2cccnc21,-1.3276740312576294
guided,CNS(=O)(=O)c1ccc(NC(C)=O)cc1C,-1.199313998222351
guided,CCOC(=O)CCC1(C(=O)OCC)CCN(Cc2ccc(NC(C)=O)cc2)CC1,-0.5103645920753479
guided,c1ccc2c(c1)CCN(c1nc(NC3CCCCC3)nc3ccncc13)C2,-2.630333662033081
guided,CCN(CC)c1ccc(C(=O)O)cc1NC(=O)C(c1ccccc1)c1ccccc1,-1.270932674407959
guided,CCCc1ccc2oc(C(=O)N(CC)Cc3nccn3C)c(C)c2c1,-3.130380392074585
guided,FC(F)(F)c1cccc(COc2ccccc2)c1,-11.513957977294922
guided,NC(=O)[C@@H](CC(=O)Nc1ccccc1F)N1CCN(C/C=C/c2ccccc2)CC1,-0.5331368446350098
guided,Cc1ccc(NC(=S)NCCCN2CCOCC2)cc1,-5.260196685791016
guided,CCN(CC)CC(C[c-]1[cH+][cH-][cH+][c-](O[C][O-])[cH+]1)N[C-]([O-])C[C+]1[CH+][CH-][CH+][CH-][C+]1OC,-0.6157284379005432
guided,Fc1ccccc1NCCc1cn(-c2ccccc2)nc1-c1cccs1,-6.902183532714844
guided,COc1ccc(C(=O)/C=C/Nc2ccc(N3CCCCC3)cc2)cc1OC,-3.066357135772705
guided,O=C1CCCC2=C(N3CCCC3)C(=O)C(=O)C(Nc3ccccc3)=C12,-1.4433091878890991
guided,O=C(O)CCSc1nc2ccccc2n1Cc1cccc(C(F)(F)F)c1,-2.641939163208008
guided,O=c1[nH]oc(-c2ccc(Br)s2)c1/C=N/N1CCOCC1,-1.267072081565857
guided,O/N=C/c1ccccc1OC(F)F,-4.7342705726623535
guided,[CH2-]CC(=O)Nc1nc2c(s1)C(=O)SC[C@H]2CC.[H+],-2.4972660541534424
guided,NC[C@H](O)c1ccc(O)c(O)c1,-0.7550026178359985
guided,[O][C]1[C]2[CH][CH][CH][CH][C+]2NN1[C]1[N][CH][CH][CH][C]1N([O-])[O-],-0.8204322457313538
guided,O=C1NC(=O)N(Cc2ccc(F)cc2)C(=O)/C1=C\NCCN1CCNCC1,-0.5400498509407043
guided,N[S+2]([O-])([O-])[c-]1[cH+][c-]2[c+]([cH-][c+]1Cl)[nH][cH-][n-][s+]2[O-].[OH-],-0.8921483159065247
guided,CC(C)(NNC(=O)Cc1ccc(Br)cc1)C(=O)O,-0.9516420960426331
guided,CCCCN1C(=O)/C(=C\c2ccco2)C(=O)N(CCc2ccccc2)C1=O,-1.0725685358047485
guided,CCC[C@H](C(=O)NC[C@@H]1CCCO1)N(C(=O)c1cc(F)c(F)cc1Cl)C1CCCCC1,-2.2826356887817383
guided,[O][C]([NH+][C-][N][N][C][N+]([N][CH][C-]1[CH][CH][CH][S+]1)[C](C[C]1[CH][CH][C](F)[CH][CH]1)C(F)(F)F)[C]1[CH][CH][CH]O1,-0.80409175157547
guided,[CH2+]CCC[C-]([O-])[CH+]C1[C-]2[C+](O)[c-]3[cH+][cH-][cH+][cH-][c+]3[C-]([O-])[O+]2[c+]2[cH-][cH+][c-]([S+2](N)([O-])[O-])[cH+][c-]21,-0.40839168429374695
guided,O=c1c2ccccc2ncn1CCS(=O)(=O)c1ccc(-c2nn[nH]n2)cc1,-0.6252290606498718
guided,Cc1cc(F)c(CN2CC[C-](n3nccc3NC(=O)CCOc3ccccc3)CC2)cc1C.[H+],-2.120509386062622
guided,Cc1nn(C)c(C)c1CN,-5.008568286895752
guided,[O-]N1[C][CH+][CH+][c-]2[c+]([n-][cH+]n2C[c+]2[cH-][cH+][cH-][cH+][cH-]2)[C]NC2CCCCC2O1,-1.3524806499481201
guided,Cc1cc(C(=O)O)cc(S(=O)(=O)N2Cc3ccccc3C[C@H]2C(=O)NC2CC2)c1C,-0.49677354097366333
guided,Nc1ccc(N)c(NC(=O)CN2CCCCC2)c1,-0.593112051486969
guided,[O-][P+](=C1C=CC(=[N+]2CCOCC2)C=C1)c1ccccc1.[c-]1cccc2ccccc12,-5.359529495239258
guided,S=C(Nc1ccc(Oc2cccnc2)cc1)NC1CCCCC1,-3.704115390777588
guided,C=CCOc1ccccc1/C=N/n1c(COc2ccc(F)cc2)n[nH]c1=S,-1.755474328994751
guided,CN(CC(=O)Nc1ccc(Cl)cc1)S(=O)(=O)c1cccc2cccnc12,-0.8016579151153564
guided,COc1cc(Nc2cccc3ccccc23)c(Cl)cc1Cl,-9.094422340393066
guided,CCOc1ccccc1NC(=O)NNS(=O)(=O)c1cc(Cl)ccc1Cl,-0.7623981833457947
guided,OCCCNC(=S)Nc1ccc(Nc2cccnc2)cc1,-1.254899501800537
guided,[O-]N([O-])[C]1[CH][C](Cl)[CH][CH][C]1NCCN[C]([S])N[C+]1[CH][CH][CH][CH][CH]1,-0.8565464019775391
guided,O=C1C[C@H](c2ccc3c(c2)OCO3)Cc2nc(NC3=NCCN3)ncc21,-0.6065725088119507
guided,COc1cc(OC)c(/C=C/c2ccc3c(c2)OCO3)c(C(=O)c2ccccc2)c1,-2.839231252670288
guided,Brc1cc(CNCc2ccncc2)c2c(c1)OCCO2,-4.271299362182617
guided,C=CCCCCCC/C=C\C[C@]1(C)CC=C[C@@H](CO)C1,-8.98477554321289
guided,Clc1ccc(Sc2ncnc3sc4c(c23)CCN(Cc2ccccc2)C4)cc1,-7.3932647705078125
guided,CCOc1cccc(CNC(=O)N[C@H](C(=O)OC)[C@@H](C)CC)c1,-0.9881487488746643
guided,O=[S@]([O-])(O)=C=[N+]=C1C=CC=C/C1=N\c1cccc(-c2nnc3n2CCCCC3)c1,-0.4635763168334961
guided,O=C(Nc1cccnc1Oc1ccc2c(c1)OCCO2)c1cccc(F)c1,-1.2500314712524414
guided,O=[N+]([O-])c1ccc(S(=O)(=O)N/N=C\c2ccc([N+](=O)[O-])o2)cc1,-0.7712409496307373
guided,COc1ccc(S(=O)(=O)N2CCCCC2)c(C)c1C,-3.733266592025757
guided,Cc1ccccc1-c1noc(CN2CCOCC2)n1,-3.0043246746063232
guided,Cc1nc(NC2CCCCC2)c2nnn(Cc3ccccc3Cl)c2n1,-1.3928546905517578
guided,Fc1ccc(OC(F)F)c(/C=C/C=N/c2ccc(Cl)cc2)c1,-8.798528671264648
guided,CN(C)S(=O)(=O)N1CCC(C(=O)N2CCCCC2)CC1,-2.1373372077941895
guided,O=S(=O)(NCCc1ccccn1)c1ccccc1,-2.303382396697998
guided,O=S(=O)(c1cc(-c2ccccn2)ccc1Cl)N1CCC[C@@H]1c1ncc2ccccn12,-1.3521077632904053
guided,BrCCOCc1cccs1,-11.875749588012695
guided,CCNC(=S)N(CCc1c(C)[nH]c2ccccc12)Cc1cccnc1,-4.071979999542236
guided,COc1cccc(-c2cccc(NC(=O)[C@H]3CCCO3)c2)c1,-3.4265024662017822
guided,CN(C)CCCN1C(=O)C(=O)/C(=C(/O)c2ccncc2)[C@@H]1c1ccco1,-0.5000056624412537
guided,O=S(=O)(c1ccc(Cl)cc1)N1CCN(C2CCCCCC2)CC1,-4.5353803634643555
guided,CC(C)P=O.[CH2-]C.[H]/[O+]=C/c1ccccc1,-5.348372459411621
guided,N#C[C@@H]1OCCCN1CCOCc1ccc(F)cc1Cl,-3.889490842819214
guided,O=c1[nH]c2c(cc1C(F)(F)F)C=C[C+](N[C][O-])=C2,-1.4921841621398926
guided,CC(C)[C@H]1Nc2ccc(C(=O)N3CCCC3)cc2NC1=O,-1.9184157848358154
guided,COc1ccccc1OC(=O)/C(=C\c1cccs1)c1ncc[nH]c1=O,-0.8179398775100708
guided,CCS(=O)(=O)N1CCN(CC(=O)O)CC1,-1.0421899557113647
guided,COc1cc2ncc(Br)cc2cc1C(=O)NC1CC1,-3.1122655868530273
guided,CCO[C-]([O-])[C+]1[CH+]N2[C-]([C+]([CH-][CH+][C-]([O-])N3CCOCC3)[C+]1[O-])C21[CH+][c+]2[cH-][cH+][cH-][cH+][c-]2[C+](O)[CH-]1,-0.4642280638217926
guided,[CH2-]CN(CC[c-]1[cH+][cH-][cH+][cH-][cH+]1)CC(O)COC[c+]1[cH-][cH+][c-](OC)[c+](OC)[cH-]1,-2.9210455417633057
guided,CCn1c(=O)c(C(=O)COC(=O)CCCc2c[nH]c3ccccc23)c(N)n(Cc2ccccc2)c1=O,-0.5190623998641968
guided,C=CCNC(=O)COC(=O)c1ccc(S(=O)(=O)N(C)C2CCCCC2)cc1,-0.5265206694602966
guided,N#CCN(C(=O)/[C-]=c1\sc2nc3ccccc3c(=O)n2c1=O)c1ccc(O)cc1.[H+],-0.6224090456962585
guided,[H]/[O+]=C1/C=CC(/C=C2/C(=O)CNC2=O)=C/C1=C/c1ccccc1-c1[c-]cccc1,-1.4081974029541016
guided,COCC[N-]C([N-][C+](N)N[C+]([O-])[c+]1[cH-][cH+][cH-]o1)(C(F)(F)F)C(F)(F)F,-0.9113388061523438
guided,Cn1c(C/[S+]=C2\N=CC=C\C2=C(/[O-])OCCN2CCOCC2)nc2ccccc21,-0.8311616778373718
guided,NC(N)=N/N=C/c1ccc(Cl)c([N+](=O)[O-])c1,-0.8479717373847961
guided,COc1ccc(N(CC(=O)N2c3ccccc3C[C@H]2C)S(=O)(=O)c2ccccc2)cc1,-1.3620150089263916
guided,NS(=O)(=O)c1ccc([C@@H]2CCN(CC(=O)Nc3cccc4ccccc34)C2)cc1,-0.378743052482605
guided,O=[N+]([O-])c1ccc(N2CCN(C[C@H](O)CO)CC2)nc1,-0.5204209685325623
guided,COc1ccc(Cn2c(=O)cc(N)n(C)c2=O)cc1,-0.9111720323562622
guided,CCc1cc(NC(=O)Nc2ccc(C)cc2)c(=O)n(Cc2ccccc2F)c1,-1.8285764455795288
guided,CCC(=O)O[C@]1(c2ccc(/C=C/C(C)C)cc2)CCN(C)C[C@@H]1C,-6.591641426086426
guided,Nc1nnc(SCC(=O)Nc2ccc(S(N)(=O)=O)cc2)s1,-0.8406078815460205
guided,N#C/C(=N\Nc1ccc(F)cc1)C(=O)c1ccco1,-1.0529557466506958
guided,CCn1ccc(-c2ccc(OC)cc2)c(C#N)c1=O,-2.6605067253112793
guided,COc1ccc(Cn2c(CCC(=O)O)nc3ccccc32)cc1,-1.5940672159194946
guided,O=C(O)CC[C@H](C(=O)N(Cc1ccccc1)c1ccccc1)n1cccc1,-1.7068476676940918
guided,CC[C-]([C][N-2])[c+]1[cH+][c-](C)[c+]2[c+]([cH+][cH+][cH+][c-]2O)[n-]1,-2.461571455001831
guided,O=C(c1nc2ccccc2[nH]1)c1sccc1-c1ccccc1,-3.953101634979248
guided,Clc1cc(Cl)cc(-c2ccccn2)c1,-10.615850448608398
guided,CC[C@]1(CCc2ccccc2)CN=C(NCCc2ccccc2Cl)N1,-5.293333053588867
guided,Cc1cccc(C)c1OCC(=O)N[C@H](C)c1cccc2ccccc12,-5.089190483093262
guided,COc1ccc2c(c1)[nH]c(=O)n2C(C)C,-3.8970770835876465
guided,N[C-]([N-][N-][C+]([O-])O[C+]1CCCCC1)SC[C+]([O-])N[c+]1[cH-][cH+][cH-][c+]2[cH-][cH+][cH-][n-][c+]12.[H+],-0.5804095268249512
guided,S=C(Nc1ccc(Cl)cc1)c1ncc[nH]1,-4.8481526374816895
guided,[O-][S+]([O-])[C+]([CH-]N[c+]1[cH-][cH+][c-](F)[c+](F)[c-]1F)[S+2]([O-])([O-])[c+]1[cH-][cH+][cH-][cH+][cH-]1,-0.6459593176841736
guided,CCNS(=O)(=O)c1ccc2c(c1)CCN2C(=O)CCC(=O)O,-0.6126800775527954
guided,CCCOc1ccc(-c2nnc(SCc3csc(C)n3)o2)cc1,-2.1885313987731934
guided,S=C(NCCOCCN1CCOCC1)Nc1ccc(N2CCOCC2)cc1,-2.225099563598633
guided,CC(=O)c1cc(C)c2nc(SCC(=O)Nc3ccc4c(c3)OCO4)c(C)cc2c1,-0.943254292011261
guided,Fc1ccc(OCCCCN2CCOCC2)c(Cl)c1,-8.301498413085938
guided,CC(C)n1c(/N=C/c2ccccc2O)nc2ccccc21,-3.2364792823791504
guided,CC(/C=C/c1cccc([N+](=O)[O-])c1)=N\NS(=O)(=O)c1ccc(C)cc1,-0.6538861393928528
guided,COCc1cn(C(C)(C)C)nc1-c1ccc(OC)cc1,-5.526279449462891
guided,COc1cc(C(=O)N/N=C/c2ccc3c(c2)OCO3)cc(OC)c1OC,-0.7031645178794861
guided,COc1nc(N(C)C)nc(N(C#N)CC(=O)Nc2ccccc2OC)n1,-0.7955477833747864
guided,Nn1c(SC2=NCCN2)nnc1-c1cccnc1,-0.8377758860588074
guided,O=S1(=O)CC=C(CCNCc2cccs2)C1,-3.9830081462860107
guided,NNC(=O)N[C@H]1CC[C@H](CNS(=O)(=O)c2ccccc2C(N)=O)CC1,-0.5612024664878845
guided,O=C(Nc1ccc(NC(=O)[C@H]2CCCO2)cc1)c1cccs1,-1.3619985580444336
guided,COc1cccc(CNCCc2ccccc2)c1OCc1ccccc1,-6.437808990478516
guided,O=C(Nc1cc(C(F)(F)F)ccc1O)c1cccc(Cl)c1,-3.423219919204712
guided,CN(Cc1ccccn1)Cc1cn(C)nc1-c1cccc2ccccc12,-5.749850749969482
guided,COC(CC(=O)N/N=C/c1ccc([N+](=O)[O-])cc1)OC,-0.7568020820617676
guided,CCOc1ccccc1NC(=O)c1cccc2c1C(=O)N(C1CCCCC1)C2,-2.0874998569488525
guided,Cc1cc(C)c(S(=O)(=O)NC(=O)c2ccccc2)c(C)c1,-1.9409443140029907
guided,CCC(=O)c1ccc2ccccc2c1,-9.46328067779541
guided,Cc1c(Cl)cc(C=O)cc1S(=O)(=O)N1CCN(c2ccccc2)CC1,-2.260662317276001
guided,S=C(NCCN1CCOCC1)Nc1ccc2c(c1)OCO2,-2.598069190979004
guided,Clc1cccc(CN(Cc2nc(Cc3ccccc3)no2)Cc2nc(-c3ccccc3)no2)c1,-1.0350911617279053
guided,CC[S+2]([O-])([O-])N[c-]1[cH+][cH-][cH+][c-](-[c-]2[cH+][n-][c+]3[n-][cH+][n-][c-]3[cH+]2)[cH+]1,-0.607049286365509
guided,O=C(COc1ccc(Cl)cc1)c1ccc(CCN2CCOCC2)cc1,-4.832879066467285
guided,O=C(C[C@@H](CC(=O)c1cc2ccccc2o1)c1ccccc1)c1ccco1,-2.4214861392974854
guided,C/N=N\c1cccc(O)c1C(=O)O,-0.9108070135116577
guided,O=[N+]([O-])c1ccc(N2CCN(c3nc4ccccc4s3)CC2)cc1,-1.7348986864089966
guided,Cn1c(=O)c2c(ncn2CCC(=O)N2CCN(c3ccccc3)CC2)n(C)c1=O,-0.5034201145172119
guided,C[c-]1[cH+][c+](NC[c+]2[cH+][c-]3[cH+][c-](Cl)[cH+][cH-][c+]3[nH][c-]2[O-])n2[c+]([n-]1)[N-][N-][N-]2.[H+],-0.7264289855957031
guided,COc1ccccc1NC(=S)/N=C(\N)[NH+]1ON1[O-],-0.8283022046089172
guided,Cc1ccc(C)c(SCc2noc(C(=O)NC[C@@H]3CCCO3)c2C(=O)O)c1,-0.6296311616897583
guided,COC/C=C\O[C@H](C)OC1=C=C(C(=O)OC)SC=C1,-2.959052562713623
guided,Brc1ccc(-c2nnc(SCc3ccccc3)o2)cc1,-5.17053747177124
guided,NC(N)=NCc1cccc(N2Cc3ccccc3C2=O)c1,-0.6100777983665466
guided,COc1ccc([C@@H](CCOc2cccc(C)c2)NC(C)=O)cc1OC,-2.42130446434021
guided,N[P@](=O)(Oc1ccccc1)O[C@H]1CC[C@@H](c2ccccc2)CC1,-1.9795325994491577
guided,CC(C)N(CCN(N=O)[C@@H](Cc1ccccc1)CN(C)N=O)N=O,-0.6136455535888672
guided,COc1ccc(CNCc2cccc([N+](=O)[O-])c2)cc1OC,-1.0467182397842407
guided,O=C1c2ccccc2C(=O)N1CCCOC/C=C/c1ccccc1,-3.54620099067688
guided,O=C(OCCc1ccccc1)c1cc2ccccc2oc1=O,-2.444122076034546
guided,O=C(CSc1nnc(C2CC2)n1Cc1ccccc1)N(c1ccccn1)C1CCCCC1,-1.7278501987457275
guided,NC(=O)c1ccc(Oc2cccc(C(F)(F)F)c2)c([N+](=O)[O-])c1,-0.6384438276290894
guided,[O][C](N[N][CH][C]1[CH][CH][C]([C]2[CH][CH][C](N([O-])[O-])[CH][CH]2)O1)[C+]1[CH][CH][CH][CH][C]1O,-0.7199121117591858
guided,Fc1cccc(F)c1/C=N/N1CCOCC1,-7.76662540435791
guided,O=C1CCC[C@H]([C@H](n2ncc(NCc3ccccc3Cl)c(Cl)c2=O)C(F)(F)F)O1,-1.123869776725769
guided,C/C=C(\C)C(=O)c1ccc(OCC(=O)OCCOC)cc1C,-1.9096815586090088
guided,CCC(=O)N1CCN=C1SCc1ccc(Cl)cc1Cl,-6.144893646240234
guided,CCC[C@@](C)(O)[C@H](O)CCNC(CO)(CO)CO,-0.6818466782569885
guided,CO[C-]1[C][C+](C2(N[CH+][c+]3[cH-][c+]4[cH-][cH+][cH-][cH+][c-]4[nH]3)[CH+][C+](C)N[C+]([O-])C2)[C+]([C][N-2])[CH-]C1,-0.4966537058353424
guided,CCO[C+]([O-])C(C)C(CC(C)C)[N-][C+]([O-])[C][C+](O)[C+]1C[C][C][C][C+]1[C+]([O-])[N-][CH-]CCN1CCCCC1CC.[H+].[H+].[H+],-0.7483186721801758
guided,[O-][C+](NC[c+]1[cH-][cH+][n-][cH+][cH-]1)C1(O[CH-]F)CCCCC1,-2.2092626094818115
guided,O=C(/C=C/c1ccccc1Cl)Oc1cccc2cccnc12,-4.956704616546631
guided,CNC(=S)N1CCN(c2ccccn2)CC1,-6.44755220413208
guided,[O-][S+2]([O-])(N[C+]([N-]CCCCCCOCC[CH-]Cl)N[c+]1[cH-][cH+][cH-][cH+][cH-]1)[c+]1[cH-][cH+][cH-][cH+][cH-]1,-0.6920495629310608
guided,COc1cc2cc3c(ccn3-c3ccccc3)cc2nc1C,-7.235591888427734
guided,[H+].[N-2][C]N[C+]([N-][C+]1[CH+][CH+][C-](N2CCOCC2)[CH+][CH-]1)N[C+]([O-])[c+]1[cH-][cH+][cH-]n1CC[CH+][CH-][c+]1[cH-][cH+][cH-][cH+][cH-]1,-0.46029144525527954
guided,COC(=O)C[C@@H]1C(C)(C)C(=O)C(C)=C[C@@]1(C)C(=O)OC,-1.5475525856018066
guided,CC1=C/C(=C(/[O-])N[C@H]2CC(C)(C)Cc3c2cnn3-c2ccccc2)C=[S+]1,-2.843337059020996
guided,COc1ccc(S(=O)(=O)Nc2cc(CC(=O)O)ccc2OC)cc1,-0.5871396064758301
guided,O=C1CC[C@H](C(=O)N2CCN(c3ccccc3)CC2)CN1CC1CCCCC1,-4.019581317901611
guided,CC(=O)Nc1ccc(NC(=O)COc2ccc(Br)c(C)c2)cc1,-1.4677741527557373
guided,[CH2+]C[C@H](C[N+]1=CC[C-](C(C)(C)C)CC1)c1ccccc1[C@H]1C2=C([O-])NC(=S)N[C@]21[O-].[H+],-0.9195460677146912
guided,CO[c-]1[cH+][cH-][c+](CS[c-]2[n-][c+]3n([c+]2S[c-]2[cH+][cH-][c+](C)[cH-][cH+]2)[C+](C)[N-][C+](N)[C]3)[cH-][c+]1Cl,-1.9295529127120972
guided,O=C(O)C[C@@H]1Oc2ccccc2N(CC(=O)NCc2ccc3c(c2)OCO3)C1=O,-0.5114748477935791
guided,CC(C)CC[C@H](NC(=O)CCc1ccc2c(c1)OCO2)C(=O)O,-0.6216326951980591
guided,COc1ccc(C)cc1OCC(=O)Nc1ccccc1C(=O)N1CCOCC1,-0.7982496023178101
guided,COc1ccccc1N(C(=O)c1sc(-c2cccnc2)nc1C)c1ccc(C)cc1,-3.1876347064971924
guided,CCO[C]1[CH][CH][C](N([O-])[O-])[C](C[C+]([O])NC[C]([O])OC)[CH]1,-0.7321337461471558
guided,O=C(CCCNc1nnnn1Cc1ccc(F)cc1)N1CCC(O)(c2cccc(F)c2)CC1,-0.42305633425712585
guided,COc1ccc2cc(/C=C/C(=O)O)c(-c3ccccc3)nc2c1,-2.104597330093384
guided,N#CN/C(=N\c1cccc(C(F)(F)F)c1)SCc1ccccc1C(=O)O,-0.6878676414489746
guided,Cc1c(-c2ccccc2)[nH]n(/N=N/C(=S)NCc2ccccc2)c1=O,-1.0652551651000977
guided,CC(C)Nc1c(O)c(-c2cccs2)nc2ccccc12,-4.0363359451293945
guided,O=C(Nc1nnc([C@]23C[C@H]4C[C@H](C[C@H](C4)C2)C3)s1)c1ccccc1F,-2.650118827819824
guided,CCCCNC(=O)c1[nH]c(C)c(C(=O)NCC2CCCCC2)c1C,-1.0894333124160767
guided,C[c+]1[cH-][c+](N2[N-][c+]3[c-](C)[cH+][c-](Br)[c+](C)[c-]3N2)[cH-][cH+][c-]1C,-7.299403190612793
guided,COC(CC(=O)N[C@H](CO)C(C)C)OC,-1.902390956878662
guided,COc1ccc(Cl)cc1C(=O)N1CCN(c2ccccn2)CC1,-3.7881691455841064
guided,COc1ccc(N2CCN(c3cccc4c(=O)c(-c5ccc(F)cc5)c(C)oc34)CC2)cc1,-3.898294687271118
guided,Cc1nc2ccc(S(=O)(=O)N[C@H](C(=O)Nc3nc(C(C)(C)C)cs3)C(C)C)cc2o1,-0.7923295497894287
guided,[N][C][C]([CH+][NH])[N]N[C]1[CH][CH][C](F)[CH][C]1N([O-])[O-],-0.9259771704673767
guided,Cc1ccc(S(=O)(=O)Nc2cccc(CN(C)CCCc3ccccc3)c2C)cc1,-3.408217430114746
guided,COCCNC(=O)/C1=C/c2cccc(c2)C(=O)N[C-]2C=CC=C/C2=C(\O)O[N+]#C1,-0.5191785097122192
guided,O=C1NCCC[C@@H]1C(=O)N1CCN(Cc2ccccc2)CC1,-2.819199800491333
guided,O=[N+]([O-])c1ccccc1Nc1ccc(S(=O)(=O)Nc2nccs2)cc1,-0.640004575252533
guided,CC(=O)Nc1cccnc1Oc1ccc2c3c(c(=O)oc2c1)CCC3,-0.6910441517829895
guided,CN(C)C/C=C1/SC(=O)N(CCN2CCOCC2)C1=O,-2.9332773685455322
guided,NC1=N[CH-]C(c2ccc(Cl)cc2)=C2Cc3oc(C4CC4)nc3-c3ccc[s+]3N12,-1.545499324798584
guided,O=C(Oc1ccc(Br)cc1C(=O)c1ccccc1C(=O)O)c1ccco1,-0.638100266456604
guided,O=C(c1ccc(F)cc1)[C@@H](c1ccc2ccccc2c1O)N1CCCCC1,-4.5763983726501465
guided,C[C@@H](O)CN1CCCN(c2oc(Cc3ccccc3)nc2C#N)CC1,-0.7783328890800476
guided,CC#CC[C@H](C[C@@H](C)O)c1n[nH]c(=S)n1-c1ccccc1,-2.8813090324401855
guided,CCC(=O)n1nc(-c2ccccc2)nc1NCc1ccc(F)cc1,-2.152125358581543
guided,CC(=O)c1ccc(Oc2cccc([C@H]3NC(=O)c4ccccc4O3)c2)c(C)c1O,-0.6274904608726501
guided,FC(F)Cc1nccn1C(c1ccccc1)c1ccccc1,-9.200873374938965
guided,OCc1ccc(COc2ccccc2-c2ccccc2O)cc1,-3.1429758071899414
guided,Cc1cc(C=O)cc(C)c1O,-5.4557271003723145
guided,Cl[c-]1[cH+][cH-][cH+][cH-][c+]1CON1[CH-][c+]2[cH-][cH+][cH-]n2CC([c+]2[cH-][cH+][c-](Br)[cH+][cH-]2)C1,-9.723404884338379
guided,CN(Cc1ccccc1NS(=O)(=O)c1c[c-]c(/[O+]=[C-]\C=C2/N=CC=[O+]2)c2ccccc12)C1CCCCC1,-0.7210027575492859
guided,N#CC/[S+]=C1\SC=C\C1=C(/N)[O-],-1.5247530937194824
guided,O=C(CN1CCN(CCCC2CCCC2)CC1)c1ccc2cc[nH]c2c1,-4.669771671295166
guided,NC(=O)NCC(=O)N[C@H](CCC(=O)O)C(=O)O,-0.8682359457015991
guided,S=C(NCCCN1CCCCCC1)N1C=CC=CC1,-9.088605880737305
guided,[O-]SCCCCC(F)(F)F,-8.629027366638184
guided,[CH2-][C@](CS(=O)(=O)Cc1ccc(C)cc1)(Oc1ccccc1Cl)C(=O)/[NH+]=C\c1cc2ccc(C)cc2[nH]c1=O,-0.5672221183776855
guided,[H]/N=c1\n(C)c2ccccc2n1CC(=O)c1ccc(Br)s1,-3.2913413047790527
guided,CN1C(=O)C(=C(NCCN2CCNCC2)c2ccccc2)C(=O)N(C)C1=O,-0.4695768654346466
guided,O[C@@H](CN1CCCCC1)CN1CCNCC1,-5.178455829620361
guided,O=S(=O)(c1cc(Cl)sc1Cl)N1CC=C(c2ccccc2)CC1,-5.268906116485596
guided,CCOc1ccccc1O[C@@H]1CN(c2ccc(F)cc2)C(=O)c2ccccc21,-5.013427257537842
guided,O=C1C=C(NCc2cccnc2)C2(CCCCC2)O1,-3.044506788253784
guided,COc1ccc(C(=O)/C=C/N2CCOCC2)cc1F,-4.952133655548096
guided,S=C(Nc1ccccc1)N1CCN(C/C=C/c2ccccc2)CC1,-8.899701118469238
guided,CCOc1cccc(C(=O)NCCCNc2ccc(S(=O)(=O)N3CCCC3)cc2)c1,-0.4919514060020447
guided,O=C(CSc1nnc(-c2ccc3ncccc3c2)o1)c1cc(F)cc(Br)c1O,-0.7694745659828186
guided,CCCc1cc(=O)oc2cc(C)c(CN3CCN(C)CC3)c(O)c12,-2.3339827060699463
guided,Cc1ccc2c(c1)nnn2C1CCN(CC(=O)Nc2ccccc2F)CC1,-1.621612548828125
guided,CN1CCN([C]2[CH][CH][C](N([O-])[O-])[C]([C+]3[CH][C]4[CH][CH][CH][CH][C]4O3)[CH]2)CC1,-1.7936385869979858
guided,Nn1c(SCC(=O)Nc2ccc3c(c2)OCCCO3)nc2c(c1=O)CCCC2,-0.6315691471099854
guided,CC1C[N-][C+](N(N2CCOCC2)P(C)[O-])S1,-3.214095115661621
guided,CN(C[C]([O])N[C]1[CH][CH][CH][CH][C]1N([O-])[O-])C[C+]([O])N[C]1S[C]2CCCCC[C]2[C]1[C][N],-0.7213851809501648
guided,CCn1c(CN(Cc2ccccc2)Cc2cnn(C)c2C)nc2c1c(=O)n(C)c(=O)n2C,-0.7421191930770874
guided,COC(=O)/C(=C/c1cnc[nH]1)C(=O)C(F)(F)F,-1.4387974739074707
guided,COc1ccc(Cl)cc1C(=O)NCCN(CCc1ccco1)Cc1ccccn1,-1.2953885793685913
guided,CCOc1cc(C)ccc1NC(=O)CN1C(=O)C(=O)N(CC)C1=O,-0.6806613206863403
guided,[O-][c+]1[cH-][cH+][c-]([C+]([C+]2[C][C][C][CH+]C23[c-]2o[o+]23)C2[CH+][CH-][CH+][CH-][CH+]2)o1,-2.9088642597198486
guided,O=C1C/C(=C(/c2ccccc2)c2cccc3ccccc23)C(=O)N1,-3.7262520790100098
guided,O=c1c(NC[C@H]2CC[C@@H](C(=O)OCc3ccccc3)CC2)c(N2CCCCC2)c1=O,-0.8327146768569946
guided,N[C@@H](CCNCc1ccc(Cl)cc1)C(=O)NC1CCCCC1,-1.458042860031128
guided,COc1ccccc1-n1c(=O)c2ccccc2n(CC(=O)c2ccc([N+](=O)[O-])cc2)c1=O,-0.5962131023406982
guided,CSc1nnc(C)c2ccccc12,-7.716256141662598
guided,CCOC(=O)N[C@@H](O)C(=O)c1cccs1,-1.1933445930480957
guided,O=C(CN(c1ccc(Cl)c(F)c1)S(=O)(=O)c1ccccc1)N1CCc2ccccc2C1,-2.199950933456421
guided,OCc1ccc2[nH]c3c(c2c1)CCCC3,-5.464583873748779
guided,N#Cc1c(-c2ccc(F)cc2)[nH]c(=S)n1N,-1.5239497423171997
guided,CN(CC(=O)Nc1ccccc1Cl)C1CCCCC1,-6.039744853973389
guided,CCOP(=O)=[O+]CC.[O-]c1[nH]c2ccc(Br)cc2c1O,-0.8315542936325073
guided,N[C]1[N][C](N[C+]2[CH][CH][CH][CH][CH]2)[N][C](NCCO)[C]1N([O-])[O-],-0.8987385630607605
guided,O=C(NCCc1cccc(Cl)c1)Nc1ccccc1Cl,-4.6627278327941895
guided,COc1ccccc1OC[C@H](O)COc1ccc(NC(=O)/C=C/C(=O)O)cc1,-0.4841447174549103
guided,COc1ccc(-c2ccc(CNCCC3=CCOC3)cc2OC)cc1,-4.671087741851807
guided,Cc1ccc(C)c(NC(=S)N2CCN(c3cccc(OCCN(C)C)c3)CC2)c1,-6.296196937561035
guided,CCC[C@@](C)(O)C(=O)NCCNCc1cc(OC)c(OC)c(OC)c1,-0.6315889358520508
guided,Cn1nnc(-c2cccs2)n1,-4.853679180145264
guided,CCC(=O)Nc1cc2c(cc1C(C)=O)OCCO2,-1.7812390327453613
guided,NC(=O)Nc1ccc(/N=C/c2coc3ccccc3c2=O)cc1,-0.6231810450553894
guided,NS(=O)(=O)c1ccc(Nc2nc3cc(Cl)c(Cl)cc3[nH]2)cc1,-0.8037135004997253
guided,CC[C@@H](CNCc1ccc(OC)cc1)N(C)[C@@H]1CCCN(Cc2ccc(OC)cc2F)C1,-5.092434406280518
guided,CCNC(=S)N1CCN(CCn2ccc(=O)[nH]c2=O)CC1,-1.1010538339614868
guided,Cc1cc(C)n(-c2nc(N3CCN(C)CC3)c3ccccc3n2)n1,-3.1874852180480957
guided,Nc1ccccc1C(=O)OCC(=O)Nc1ccc(Br)cc1,-0.7998733520507812
guided,O=C1OCC[C@H]1Sc1nc(Cc2ccccc2)nc2ccccc12,-2.9194159507751465
guided,FC(F)(F)c1cc(-c2ccccc2)nc(NC2CCCC2)n1,-5.1191229820251465
guided,O=C=Nc1c(C2CC2)oc2ccccc2c1=O,-2.188640594482422
guided,O=C1C(NS(=O)(=O)c2ccccc2)=C(N2CCN(c3ccccc3)CC2)C(=O)c2ccccc21,-0.4604988098144531
guided,O=C(NNC(=O)[C@@](O)(c1ccccc1)c1cccs1)c1ccc(Br)cc1,-0.7646766304969788
guided,[O-][S@+](Cc1ccccc1)c1nccn1-c1ccc(Cl)cc1,-4.584728240966797
guided,OCN(CCc1cc2ccccc2n2nnnc12)c1cc(Cl)ncn1,-0.5799010396003723
guided,O=C(COc1ccc(S(=O)(=O)N2CCOCC2)cc1Cl)N1CCCCC1,-0.8260095715522766
guided,O=C(c1ccc(=O)[nH]c1)N1CCC2(CC1)OCCO2,-1.1566647291183472
guided,CCn1cc(C(=O)Nc2cc(OC)ccc2OC)c(=O)c2cc(S(=O)(=O)N3CCOCC3)ccc21,-0.5289437770843506
guided,Nc1ccc([N+](=O)[O-])cc1CN[C@H]1CC[C@H](O)CC1,-0.5551344156265259
guided,C/C(=N\OC(=O)c1ccccc1F)c1nccs1,-3.3017799854278564
guided,O=S(=O)(c1ccc(F)cc1)N1CCc2ccccc21,-5.2102203369140625
guided,O=C(c1ccccc1)c1ccc(N2CCCC2)cc1,-8.455477714538574
guided,O=S(=O)(NC[C@H](Nc1cccc(F)c1)c1cccnc1)c1cccs1,-1.2167481184005737
guided,CO[C-]1[CH+][CH-]N(C(Cl)[C+]([O-])[c+]2[cH-][nH][c+]3[cH-][cH+][c-](Br)[cH+][c-]23)[CH+][CH-]1,-2.997389793395996
guided,Nc1ccccc1C(=O)OCC(=O)c1cccs1,-1.4376842975616455
guided,NS(=O)(=O)c1ccc(O)c(NC(=S)NNc2c(O)ccc3ccccc23)c1,-0.7042351961135864
guided,CN(Cc1ccccc1)c1nc(N)nc(Cl)c1C=O,-1.2960906028747559
guided,COc1ccc(/C=C2\CCCCC2=O)cc1CN(C)C,-6.637454986572266
guided,N#Cc1cc(F)cc(CN(C([O-])=C=[N+]2CCCCC2)C2CC2)c1,-2.7894601821899414
guided,CCNC(=O)C1=CC(=[N+]([O-])[O-])/C(=[S+]/[C@@H](C)C(=O)NCc2cccnc2)C=C1,-0.6124072670936584
guided,O=S(=O)(N[C@H]1CCSC1)c1ccc(Sc2ccccc2)cc1,-3.691545248031616
guided,COc1ccccc1OCC(=O)SCc1csc(N)n1,-1.149573802947998
guided,NC(=O)C1CCN(Cc2cc(Br)ccc2-n2nnc3ccccc32)CC1,-0.6950502991676331
guided,COc1ccc2c(c1OC)C(=O)N1[C@H]2SC(C)(C)[C@H]1C(=O)NCc1ccccc1,-1.4628655910491943
guided,O=C(/C=C/c1ccc(F)cc1)NCC(=O)N/N=C/c1ccc(O)cc1O,-0.6072525382041931
guided,CN(C)C(=O)N/N=C/c1cc(Br)ccc1OCc1ccccc1,-2.7623932361602783
guided,CCS(=O)(=O)C[C@@H](SC)n1ccnc1,-3.410313367843628
guided,CCOc1ccc(/C=N/n2c(-c3n[nH]c(C)c3C)n[nH]c2=S)cc1OC,-0.8368864059448242
guided,COc1ccc(/C=N/NC(=O)c2cccs2)cc1C(=O)N1CCCC1,-1.130476713180542
guided,[CH2-]CC[C@@H]1C[C@]2(C(=O)NC)CCCN2/C1=C1/C=c2ccccc2=[O+]C1=O,-1.8703280687332153
guided,ON(Cc1ccccc1)Cc1ccc(Cl)c(Cl)c1,-7.995899200439453
guided,NCC[C@@H](NCc1cccc(Br)c1)C(=O)[O-].[H+],-0.9140614867210388
guided,CCCCS(=O)(=O)CCCO[C@@H](CC)OCC,-3.2425732612609863
guided,NNC(=O)CN[C@H]1CCN(Cc2ccccc2F)C1,-1.2645524740219116
guided,O=C(CSc1nnnn1C1CCCCC1)NC(c1ccccc1)c1ccccc1,-0.9377952218055725
guided,O=C(NOCc1ccccc1)c1cnn2c(C(F)F)cc(C3CC3)nc12,-1.4314852952957153
guided,COc1cc(NC(=O)C2CCCCC2)c(-c2cnc3ccccc3n2)c(F)c1F,-1.8330291509628296
guided,CS/C(=N\Cc1ccco1)NC#N,-2.4771645069122314
guided,COc1ccc(C(=O)C/[S+]=c2\nc3cccc[c-]3n2CC(=O)N/C=C2\[CH-]C=CC=N2)c(C)c1.[H+],-0.6072449088096619
guided,Cc1c(C(=O)OCC(=O)Nc2ccccc2C(=O)O)c2c(n1N1CCOCC1)CCCO2,-0.6089425086975098
guided,COC(C[C@@H]1O[C@@H]1[C@H](O)COCc1ccccc1)OC,-2.106346607208252
guided,NC(=O)c1ccc(NC(=O)COC(=O)CC2=[S+]C(=[S@@](=O)([O-])N3CCCCC3)C=C2)cc1,-0.5165870189666748
guided,COC(=O)c1c(-c2ccccc2)csc1NC(=O)c1ccc(S(=O)(=O)N2CCOCC2)cc1,-0.5464967489242554
guided,O=C(Nc1c(C(=O)N2CCN(c3ccccn3)CC2)oc2ccccc12)c1ccc(NS(=O)(=O)c2ccccc2)cc1,-0.5567241907119751
guided,COC(=O)[C@@](O)(c1c[nH]c2ccc(O)cc12)C(F)(F)F,-0.7772120833396912
guided,CC(=O)c1sc2nc(C)cc(C)c2c1N,-2.9895174503326416
guided,O=C(CCCl)N(Cc1cccnc1)Cc1cccs1,-5.982851505279541
guided,[O-]C(O)=C1C=CC(=[S+]c2ncccc2/C(Cc2ccccc2)=N/O)C=C1,-0.514713704586029
guided,COc1cc(S(=O)(=O)N2CCOCC2)ccc1/N=C\c1c(C)[nH]n(-c2ccccc2)c1=O,-0.5459972620010376
guided,NNC(=O)CN1C(=O)c2ccccc2C1=O,-0.7812267541885376
guided,Fc1ccc(Cn2c3c([nH]c2=S)CCCC3)cc1,-8.621391296386719
guided,COCCn1ccnc1CN1CCC[C@H](CNC(=O)C(c2ccccc2)c2ccccc2)C1,-1.8575330972671509
guided,COc1ccc2c(c1)/C(=N/N=C(N)N)c1ccccc1-2,-0.7115080952644348
guided,CNCC(=O)N1CCN(c2ccc([N+](=O)[O-])cc2Cl)CC1,-0.8041490912437439
guided,[H+].[H+].[O][C]1C[CH-]CCC1[C-][CH+][CH-][O-],-4.462947368621826
guided,Cc1[nH]nc(C(=O)O)c1C,-2.1223556995391846
guided,O=[N+]([O-])c1cccc(OCc2cn(CCCc3ccccc3)nn2)c1,-0.5756554007530212
guided,[H]/N=C1/C(c2nc3ccccc3n2C)=C(O)CN1NC(=O)c1cc(OC)cc(OC)c1,-0.6491713523864746
guided,Clc1ccc(-c2nc(Cc3ccccc3Cl)no2)cc1,-5.12935733795166
guided,O=c1[nH]ncc(Cc2cccn2Cc2cccnc2)c1Cl,-1.8020933866500854
guided,NS(=O)(=O)c1ccc(NC(=O)CCC(=O)c2ccccc2)cc1,-0.6051363945007324
guided,O=S(=O)(NCc1nc2ccccc2[nH]1)c1cccs1,-1.194169521331787
guided,CCOC(CNC(=O)c1cc2cc(Br)ccc2oc1=O)OCC,-0.8696736097335815
guided,CCNC(=O)COC(=O)c1cc(-c2ccc(C)s2)nc2ccccc12,-1.3807669878005981
guided,CC(=O)c1nn(-c2ccc3c(c2)OCO3)cc1C(=O)N1CCOCC1,-0.6208622455596924
guided,COc1ccc(CCNC(=O)CCCN2C(=O)[C@@H](c3ccccc3)Oc3cccnc32)cc1OC,-0.38065966963768005
guided,CCOc1cccc(OCCOC[C@H](O)CN2CCOCC2)c1,-1.9906326532363892
guided,[O][C](CN[C]([O])[C]1[CH][CH][CH]O1)OC[C]([O])[C]1[CH][CH][C](N([O-])[O-])[C](CC[C+]2[CH][CH][CH][CH][CH]2)[CH]1,-0.7609021067619324
guided,[H+].[O-]C1(C2CCCCC2)[C+]2[N-][C+]3[CH-][CH+][CH-][C][C+]3SC21,-5.463475704193115
guided,COc1ccccc1NC(=O)n1cc(S(=O)(=O)CC(=O)NCCS(C)(=O)=O)c2ccccc21,-0.5840664505958557
guided,Cc1ccc(NC(=S)NC(=O)c2cc(C)ccc2C)nc1,-2.9382026195526123
guided,NS(=O)(=O)c1ccc(CCNC(=O)[C@H]2CCCO2)cc1,-0.6645341515541077
guided,N#Cc1ccc2ccccc2n1,-5.540943145751953
guided,Cn1c(=O)n(CCN2CCOCC2)c(=O)c2c1nc1n2CCN1Cc1ccccc1,-0.8356835842132568
guided,Cn1cc(CC(=O)NCc2ccccc2)c2ccccc21,-5.778866291046143
guided,Nn1cc(-c2ccccc2)nc1SCC(=O)Nc1ccc2c(c1)OCO2,-0.6349276304244995
guided,CC[C@H](C(=O)N1CCC[C@@H]1C(N)=O)N(CCOC)C(=O)CNS(=O)(=O)c1ccc(Cl)cc1,-0.565794825553894
guided,Cc1ccc(C(=O)OCCc2c(C)[nH]n(-c3ccccc3)c2=O)cc1,-1.6979166269302368
guided,CO[c-]1[c+]2[c-]([n-][c+]3[cH+][cH-][cH+][cH-][c+]31)OCC(CN)C[CH-]2,-2.245945692062378
guided,CC[C@H](C)[C@@H](NC(=O)c1ccc(C)cc1)C(=O)NC1CCCC1,-2.205510377883911
guided,COc1ccc(/C=N/Nc2ccccn2)cc1OCc1ccccc1,-2.5445425510406494
guided,CCOc1ccc(N2C(=O)C[C@H](SCCN)C2=O)cc1,-1.0813099145889282
guided,COc1ccccc1CC(=O)Nc1cc(NC(=O)Cn2ncc3ccccc32)ccc1OC,-0.5857356786727905
guided,CCCCCCN/C=C1/C(=O)NC(=O)N(Cc2ccco2)C1=O,-0.6112021803855896
guided,CN(CC[C+]([C-](N)[O-])N1CCCCC1)[C+]([O-])N[c+]1[cH-][cH+][cH-][cH+][cH-]1,-0.46732017397880554
guided,S=C(NNc1ccc(Cl)cc1)NC1CCCCC1,-5.446732521057129
guided,Cn1c(=O)c2[nH]c(CNc3ccccc3C(=O)OCC(=O)Nc3ccccc3)nc2n(C)c1=O,-0.6417039036750793
guided,O=C(NCCc1ccccn1)[C@@H]1CC(c2cccc([N+](=O)[O-])c2)=NO1,-0.5742555260658264
guided,O=C(N[C@@H](C(=O)O)c1ccc(OC(F)(F)F)cc1)c1ccc(Cl)c([N+](=O)[O-])c1,-0.605692446231842
guided,COc1cc(OC)c(NS(=O)(=O)c2ccc(C)cc2)cc1Cl,-1.8035452365875244
guided,Cl/[C-]=C/c1[nH]c(C2CCNCC2)n[o+]1,-3.245608329772949
guided,COc1ccc(OC)c(O[C@H]2O[C@@H](CO)[C@H](O)[C@@H](O)[C@@H]2O)c1O,-0.7374382615089417
guided,S=c1[nH]nc(N/N=C/c2ccco2)s1,-2.081421136856079
guided,N#Cc1cn(NC(=O)c2ccc([N+](=O)[O-])cc2)c2nc3ccccc3nc12,-0.696463942527771
guided,C1=CC(=CN[N-]N2CC[N+](=C3c4ccccc4-c4ccccc43)CC2)C=C[CH-]1.[H+],-5.914684772491455
guided,COc1ccc(NCC(=O)N/N=C/c2ccc(-c3ccc(F)cc3)o2)cc1,-0.9219483137130737
guided,COCc1cc(=O)[nH]c(N2CCN(C(=O)c3ccc(F)cc3F)CC2)n1,-0.797127366065979
guided,NC(=O)C[C@@H](NC(=O)c1ccccc1)c1ccc(NCc2ccccc2)c([N+](=O)[O-])c1,-0.49294865131378174
guided,NS(=O)(=O)c1ccccc1NC(=S)Nc1ccc(F)cc1,-0.7945938110351562
guided,O/N=C/C[C@H]1C=NN(c2ccc(Br)cc2)C1,-3.600898265838623
guided,O=C1/C(=C/c2cnc3n(c2=O)CCS3)Oc2ccccc21,-1.972174048423767
guided,CCCN(CCc1ccc(F)cc1)Cc1ccccc1,-13.043035507202148
guided,[CH2-][c+]1[cH-][cH+][c-](C2CCCN([C+]([O-])[CH+][C-]3NC([c+]4[cH-][cH+][cH-]s4)N[C+]3[O-])C2)[cH+][cH-]1,-0.8801100850105286
guided,CCOc1cc([N+](=O)[O-])ccc1NCC(=O)c1ccccc1,-0.7034605741500854
guided,Fc1ccc(NC(=S)N2CCN(C(=S)NC3CC3)CC2)cc1,-6.467314720153809
guided,CCOCC#C[C@@H](O)CC/C(C)=N/O,-2.1995689868927
guided,[H+].[N-2]C12[CH][CH][CH-][C]3[CH]C1C2[C][C]([O])NCCC[C]([O])NCC[C]1[CH][CH][C]([CH][CH]1)[S+3](N)([O])O3,-0.7480002045631409
guided,CC[C@H]1CCCCN1C(=O)COC(=O)c1cc(N)cc(C(=O)c2ccc(F)cc2)c1,-0.44172146916389465
guided,Cc1noc(NS(=O)(=O)c2ccc(N3CCOCC3)c3cccnc23)c1C,-0.5771583318710327
guided,COCCn1c(SCC(=O)c2ccc3ccccc3c2)nc2[s+]c(C)c(C)c-2c1[O-],-1.5329190492630005
guided,O=C(C1=C(O)C(=O)N(CCN2CCOCC2)[C@H]1c1ccc(Cc2cccnc2)cc1)c1cccs1,-0.4112662971019745
guided,O=C(CNc1cccc(C(=O)O)c1)NCc1cccs1,-0.8490428924560547
guided,O=C(c1cc2cc3ccc(Cl)cc3nc2o1)N1CCC[C@@H]1CO,-1.3804701566696167
guided,C[N-][C+]([O-])[C+]1[CH-][CH+][C][c+]2[nH][cH-][n-][c+]21.[C-3][CH+][C+]1[CH+][CH+][CH+][CH+][C+]1[CH2-].[CH-3].[H+].[H+].[H+],-1.6552977561950684
guided,Cc1cc(=O)[nH]c(N/N=C/C=C/c2ccccc2)n1,-1.398576021194458
guided,CCOc1ccc(-n2c(=O)[nH]cc(C(=O)N(C)C)c2=O)cc1,-0.6788237690925598
guided,COc1cccc(OC)c1OCCCCCCc1nnc(CCC(=O)NC2=NCCS2)o1,-0.565082848072052
guided,COc1cc(C(=O)NCCc2ccccc2)cc(OC)c1OC,-2.480938673019409
guided,F[c+]1[cH-][cH+][c-]2[c+]([cH-]1)C[CH-][NH+](CCO[c+]1[cH-][cH+][cH-][cH+][c-]1Br)[CH-]2,-10.214067459106445
guided,Cn1c(=O)c2c(nc(NCc3ccco3)n2CCSc2nc3ccccc3o2)n(C)c1=O,-0.6894684433937073
guided,Cc1nc2c(nnn2-c2ccccc2)c(=O)n1-c1ccccc1,-1.7271349430084229
guided,C[C@@H](OC(=O)C1CCCCC1)C(=O)NCc1ccc(N(C)C)cc1,-2.1872541904449463
guided,CCCC(=O)N(C[C@H](C)CC)c1nc(C)cc(C)n1,-4.016509532928467
guided,COc1cc(OC)c([C@H](O)CNCCN2CCOCC2)cc1OC,-0.9881220459938049
guided,O=[P@](c1ccccc1)(c1cccc(F)c1)c1nc(-c2ccc(Cl)cc2)oc1N1CCOCC1,-2.490062713623047
guided,COc1ccc(N(CC(=O)NCCSc2ccc(Cl)cc2)S(=O)(=O)c2ccccc2)cc1,-0.852232813835144
guided,O=C(CN1CCOCC1)c1cccnc1,-4.397704601287842
guided,COc1ccc([C@H](C(=O)O)[C@H]2C[C@H](c3cc(OC)c(OC)cc3OC)Oc3ccccc32)cc1OC,-0.7878212332725525
guided,N#Cc1ccc(OCc2ccc(C(=O)NN)o2)cc1,-0.7580326795578003
guided,Cn1c(=O)c2ccc(S(=O)(=O)NCCc3ccccc3)cc2n(C)c1=O,-0.6059249043464661
guided,CCCc1cc(=O)oc2cc(Cl)cc(OCC(=O)Nc3ccc(CN4CCOCC4)cc3)c12,-0.6117935180664062
guided,Nc1ccccc1NC(=O)COc1ccc2c(c1)OCO2,-0.7470240592956543
guided,O=C(c1ccco1)n1nc(-c2cccnc2)nc1NCc1ccc(F)cc1,-0.7419673204421997
guided,COCCn1c(=O)c2c(nc3n2CCCN3Cc2ccc(F)cc2)n(Cc2ccccc2)c1=O,-0.8942651152610779
guided,N/C(=N/N[C@H]1CCS(=O)(=O)C1)c1ccc(Br)cc1,-0.7928423285484314
guided,Brc1ccc(-c2nnc(-c3cccs3)o2)cc1,-5.157148361206055
guided,Fc1ccc(CNCCCSc2ncccn2)cc1Cl,-5.19235372543335
guided,O=[N+]([O-])c1ccc(Cl)c(-c2ccc(/C=N\c3c(-c4ccccc4)nc4ccccn34)o2)c1,-1.7588051557540894
guided,COC(=O)C1CCN(c2ccc([N-]/[NH+]=C(\C)c3ccccc3)cc2)CC1,-2.2345192432403564
guided,Br[c+]1[cH-][cH+][cH-][c+](CCS[CH+][C+]2[N-][C-]([c+]3[cH-][cH+][c-](Br)[cH+][cH-]3)[N-]O2)[cH-]1,-6.1105194091796875
guided,N[C]([O])[C]1[C](N([O-])[O-])[C]([C+]2[CH][CH][CH]O2)[N]N1[C]1[CH][CH][CH][CH][C]1Cl,-0.9011986255645752
guided,Fc1ccc(-c2cc(CSc3ccc(Cl)cc3)no2)cc1,-7.834286689758301
guided,O=C1c2ccccc2C(=O)N1/N=C\c1ccoc1,-1.9141749143600464
guided,CCSc1nnc2c(Cl)cc(Cl)cn12,-7.013920307159424
guided,CCOC(=O)CCCNC(=O)CCCc1cc(-c2ccc(OCC)cc2)on1,-0.5314745903015137
guided,COc1cc2c(C(F)(F)F)c(C(C)=O)ccc2[nH]1,-4.618206977844238
guided,N#CCc1ccc([C@@H](C[N+](=O)[O-])c2ccc(F)cc2)cc1,-1.4248368740081787
guided,O=C1c2ccccc2C(=O)N1CSc1nnc(-c2ccco2)n1C[C@H]1CCCO1,-0.5379831790924072
guided,[O-]N([O-])[C+]1[C+](C(Cl)Cl)[N-][N-][C+]1N1CCC2(CC1)OCCO2,-0.8508816957473755
guided,Cc1nc(N2CCOCC2)nc(C)c1C(=O)N1CCN(c2ccccc2F)CC1,-1.9511936902999878
guided,S=C(NNC(=S)NC1CCCCC1)Nc1ccccc1,-3.559553861618042
guided,N#CCC(=O)c1ccccc1N1CCOCC1,-2.8580148220062256
guided,O=C(O)[C@H]1CCCC[C@@H]1C(=O)NCc1ccccc1,-1.4618213176727295
guided,COc1cc(-c2nc3ccccc3c(=O)n2N)ccc1OCCO,-0.5382255911827087
guided,COc1ccccc1-c1n[nH]c(=S)n1Cc1ccco1,-2.66586971282959
guided,CC(=O)N1c2ccc(S(=O)(=O)NCC3CCCCC3)cc2C[C@@H]1C,-1.440512776374817
guided,Nc1ccc(F)c(-c2cc(CCc3ccccc3)c(CC(=O)NCCCN3CCOCC3)s2)c1,-1.3002238273620605
guided,CCCOc1ccc(/C=N/Nc2nnc(C)n2N)cc1C,-0.7822700142860413
guided,CC1=C(C(=O)OC(C)C)[C@H](c2ccc(OC(F)(F)F)cc2)NC(=O)N1,-1.0919462442398071
guided,C[C@H](OC(=O)Cc1ccccc1)C(=O)N1CCC[C@@H]1CO,-1.3854589462280273
guided,O=C(NC(=S)Nc1nccs1)c1cccs1,-3.099886894226074
guided,S=C(Nc1ccc(Br)cc1)N1CCN(C(=S)N2CCCCC2)CC1,-8.305622100830078
guided,O=C(/C=C/c1cccc2ccccc12)Nc1nccs1,-4.452278137207031
guided,O=C(OCNc1nc(-c2ccccc2)c(C(=O)O)s1)c1ccc(Cl)cc1,-0.6614649891853333
guided,S=C(NCc1nc2ccccc2n1Cc1ccc(Cl)cc1)Nc1ccccc1,-4.665550708770752
guided,C/C(=N\NC(=O)c1ccccc1O)c1cccc(C(=O)NN)c1,-0.6644997000694275
guided,CS(=O)(=O)NCc1nc2ccccc2c(=O)[nH]1,-0.8182094097137451
guided,CN(Cc1ccccn1)C(=O)c1cn(-c2ccc(N(C)C)cc2)c(=O)c2ccccc12,-2.1702985763549805
guided,CCN(Cc1nc2ccsc2c(=O)[nH]1)c1ccccc1,-3.4525349140167236
guided,CCC[C@@H](C(=O)N(C)Cc1ccc2c(c1)OCO2)c1ccccc1,-4.843551158905029
guided,CCO[C-]1[CH+][CH-][CH+][C][C+]1OC[C-]([O-])O.[C-3][C][C][CH+]CC[C+](C)CCCCCC[CH+]CC(C[CH2-])N[C+]([O-])[c+]1[cH+][cH+][c+](OC(F)F)[cH-][cH+]1.[H+].[H+].[H+].[H+],-1.4676755666732788
guided,CC(=O)Nc1ccc(S(=O)(=O)Nc2nc3ccccc3s2)cc1,-0.7150532603263855
guided,Cc1cc(NCCc2c[nH]cn2)n2nnnc2n1,-1.0197112560272217
guided,O=C(O)c1ncn(C(c2ccccc2)c2ccccc2)c1C(=O)N1CCc2ccccc21,-0.8154555559158325
guided,CCOC(=O)c1c(Nc2cccc(OC)c2)c2cc(OC)ccc2[nH]c1=O,-0.6288788914680481
guided,NC(=O)c1ccc(S(=O)(=O)CCOc2cccc3cccnc23)cc1,-0.5849060416221619
guided,Cc1nc(S[C@H](C)C(=O)N2CCCC2)nc(-c2ccccc2)c1C,-3.780938148498535
guided,Cc1ccc(NC(=O)c2ccc3ccccc3c2)cc1Nc1nc(-c2sccc2C)cs1,-5.000547885894775
guided,Cn1c(/C(=N\O)c2ccccc2)nc2ccccc21,-3.239516019821167
guided,Clc1ccc(NC2=NCCC2)cc1,-7.9111409187316895
guided,C/[S+]=C(\[O-])CC(=O)N1CCOCC1,-3.162919044494629
guided,COc1ccccc1[C@H](CC(=O)Nc1ccccc1F)c1ccc(NC(=O)N2CCOCC2)cc1,-0.7458285093307495
guided,COCCN[C-]1[N-][c+]2[cH-][cH+][cH-][cH+]n2[C+]([O-])N1C1CCCCC1,-1.4483120441436768
guided,O=C(NC(=S)NNS(=O)(=O)c1ccccc1)c1ccco1,-0.8748895525932312
guided,O=c1oc2cc(Br)c(N/C(=N\c3cnc4ccccc4n3)c3cccs3)cc2o1,-1.028854250907898
guided,COc1ccccc1N1CCN(S(=O)(=O)c2ccc3ccccc3c2)CC1,-3.08535099029541
guided,CCO[c-]1[cH+][cH-][cH+][c-](CN(C[c+]2[cH-][cH+][cH-][cH+][n-]2)[C-]([O-])N[CH+][c+]2[c+]([O-])[nH]n(-[c+]3[cH-][cH+][c-]([C+]([O-])O)[cH+][cH-]3)[c+]([O-])[c-]2C)[cH+]1,-0.4319457411766052
guided,[H+].[O-][C+](C[N-][C-]([O-])[C+]1[C][CH+][CH-][CH+][C-]1[C+]([O-])N1CCN([c-]2[cH+][cH-][c+](F)[cH-][cH+]2)CC1)NC1CCCC1,-0.5023190379142761
guided,COc1ccc(S(=O)(=O)N/N=C(/C)c2cccs2)c(OC)c1,-1.1062421798706055
guided,CN(C)C(=O)NCc1ccc(S(N)(=O)=O)cc1,-0.8182094097137451
guided,COCCn1c(SCC(=O)NC2CCCCC2)nc2[s+]cc(-c3ccc(C)cc3)c-2c1[O-],-0.756514847278595
guided,S=C(NCCCN1CCOCC1)N1CCN(c2ccccn2)CC1,-4.138416767120361
guided,CCOc1ccc(/N=C/c2ccc3ccccc3c2OC(=O)c2cccs2)cc1,-4.395874500274658
guided,O=C1C[C@H](C(=O)O)S/C(=N\N=C\c2ccco2)N1,-0.8677084445953369
guided,C[c-]1[cH+][cH-][c+](OC[C-]([O-])NCC2[CH-]CCCN2[C+]([O-])N[C+]2[CH+][CH-][CH+][CH-][CH+]2)[cH-][cH+]1,-0.5739926099777222
guided,C[P@@](=O)(Nc1ccc(Cl)cc1)Oc1ccccc1,-5.242823600769043
guided,CCCn1c([C@@H]2CCCN2c2nc(C)cs2)nc2cc(Cl)c(Cl)cc21,-6.438608646392822
guided,FC(F)(F)c1nc(NCc2ccc3c(c2)OCO3)c2nnn(Cc3ccccc3)c2n1,-0.7380358576774597
guided,[H+].[O-][C-](O)[c+]1[cH-][c+]2[c+]([n-][c-](C(F)(F)F)[cH+][c-]2C2CCN(C[c-]3[n-][n-][n-]n3C[c+]3[cH+][cH+][cH+]s3)CC2)s1,-0.48537930846214294
guided,O[C@H](c1ccc(Cl)cc1)[C@H](O)c1nc2ccccc2[nH]1,-1.3108904361724854
guided,COCCOC(=O)c1cn(CC(=O)c2cc(C)n(C)c2C)c2ccc(OC)cc12,-1.1470037698745728
guided,O=C(NNC(=O)c1ccc(N2CCCC2=O)cc1)Nc1ccc(Cl)cc1,-0.5887156128883362
guided,COC(C)CSC[C-]1[C][C][C+]([CH-][C+](C)F)[CH+][CH+]1.[H+],-11.677681922912598
guided,N#Cc1ccc(/C=C/c2ccccc2)[nH]c1=O,-2.469935178756714
guided,Fc1cc2c(c(O[C@@H](c3ccccc3)c3ccncc3)c1)CCC2,-8.228520393371582
guided,O=C(c1cn(CC(=O)N2CCCCC2)c2ccccc12)C1CC1,-4.152890205383301
guided,N#Cc1cccnc1Oc1ccc(Cl)cc1Cl,-4.022765636444092
guided,CO[C]1[CH][CH][C](Cl)[CH][C]1[NH+][N][CH][C]1[C]([OH+])[CH][CH][CH][C]1[C][CH][C]([O-])O,-0.7479148507118225
guided,CC[C@H](C)n1c(O)c(/C=N/Nc2nc3ccccc3s2)c(=O)[nH]c1=S,-0.7254136204719543
guided,O=C(c1cc2c(ccc3ccccc32)oc1=O)N1CCN(c2nc3ccccc3o2)CC1,-0.5876003503799438
guided,Clc1ccccc1OCCCCn1cnc2ccccc21,-7.21054744720459
guided,O=C(N/N=C/c1cc2cc3c(cc2[nH]c1=O)OCO3)[C@H](O)c1ccccc1,-0.5521071553230286
guided,COc1cccc(C(=O)OCC(=O)NCC(C)C)c1OC,-1.1438549757003784
guided,O=C(NCCN1CCOCC1)c1ccc2c(c1)N(Cc1ccc(Cl)cc1)C([O-])=c1ccccc1=[S+]2,-1.2186435461044312
guided,[CH2+]OC1CC(OC)COC1OCCO[N-][CH+]CCC1NC(C)CC([C-]([O-])[CH+][C+](CCC)[C-](C)[O-])S1,-0.8245071172714233
guided,CC(C)CCc1nnnn1CC(=O)NCc1ccccc1,-1.180851697921753
guided,CCO[C]1[CH][C](N[C+](C)[O])[CH][CH][C]1N[C]([O])[C]1[CH][CH][C]([C]2[CH][CH][CH][CH][C]2N([O-])[O-])O1,-0.766871988773346
guided,CCOc1ccc(NC(=O)CN(Cc2ccco2)C(=O)CCN2C(=O)COc3ccccc32)cc1,-0.44391563534736633
guided,COc1ccc(NC(=O)N[C@@H](C)c2ccc3ccccc3c2)cc1,-3.26833176612854
guided,Fc1ccc(OCc2cc(/C(Br)=N/OCc3ccco3)no2)c(F)c1,-1.4425792694091797
guided,OC[C@@H]1O[C@@H](O[C@@H]2O[C@@H](CO)[C@H](O)[C@@H](O)[C@@H]2O)[C@@H](O)[C@H](O)[C@H]1O,-1.0015273094177246
guided,Cc1nn(Cc2ccccc2)c(C)c1NC(=O)C1CC1,-3.808560848236084
guided,Cc1cc(/C=N/NC(=O)c2nn(C)cc2Cl)c(C)n1-c1cccc(Br)c1,-1.8152629137039185
guided,COc1c(Cl)ccnc1NC(=S)Nc1ccc2ccccc2c1,-3.9958930015563965
guided,COc1ccc(S(=O)(=O)N[C@H](C)C(=O)NCc2ccco2)cc1O,-0.7009906768798828
guided,COc1ccc(C)cc1S(=O)(=O)N1CCN(c2ccccn2)CC1,-1.7795860767364502
guided,O=C1[C+]2=C(c3ccccc3NC(=[N+]([O-])[O-])[C]2)n2[c-]3[s+]2CCCN13,-0.5852220058441162
guided,Nc1cccc(C(=O)c2ccccc2)c1,-4.225800514221191
guided,S=C(NCc1ccccc1)Nc1cccc(Cl)c1Cl,-8.024360656738281
guided,NN1c2ccccc2C(=O)N[C@@H]1Oc1cccnc1,-0.8566881418228149
guided,NS(=O)(=O)c1ccc(/N=N\c2sc(Nc3ccccc3)nc2-c2ccccc2)cc1,-1.1560719013214111
guided,COCCCNCN1C(=O)[C@H]2CC=CC[C@H]2C1=O,-2.3328354358673096
guided,CN1CCN(C(=O)c2ccc(-n3cccn3)nc2)CC1,-2.6659975051879883
guided,Cc1c(C)n(C)c2ccc(N(C)/N=C3\CCS(=O)(=O)c4sccc43)cc12,-2.703058958053589
guided,C[CH+][c+]1s[c+]([N-][C+]2[CH-][CH+][C+](N[C-](C)[O-])[CH+][CH-]2)n(CCCCCC[O-])[c-]1[O-],-0.5985278487205505
guided,ClCCOc1ccc(C2=NO[C@@]3(CC(c4ccccc4)=NO3)C2)cc1Cl,-3.060375213623047
guided,O=C(NCCSc1c[nH]c2ccccc12)c1ccc(Nc2ccc(F)cc2)cc1,-2.7478182315826416
guided,O=S(=O)(Cc1ccccc1)N1CCC(N2CCN(c3cc[c-]cc3)CC2)CC1.[H+],-3.9066944122314453
guided,COc1ccccc1N1CCN(S(=O)(=O)c2ccc3oc4ccccc4c3c2)CC1,-1.6054720878601074
guided,CCCc1nc2ccccc2n1CC(=O)NN,-1.1972726583480835
guided,[CH-]1CCCCC1.[O-]/[P+](=[NH+]\c1nccs1)c1ccccc1,-3.3563592433929443
guided,Oc1cn[nH]c1/C=C/c1ccc(Cl)cc1,-3.5363082885742188
guided,COC(CNC(=O)c1cccc([N+](=O)[O-])c1C)OC,-0.7260807156562805
guided,O=C(Nc1ccc(-n2cnnn2)cc1)c1ccc(Cl)cc1Cl,-1.1743173599243164
guided,O=C(O)CCCn1nnc2ccccc21,-1.5360796451568604
guided,Brc1cccc(NCc2ccncc2)c1,-7.730480194091797
guided,O=[N+]([O-])c1c(NCCO)cc(Sc2nc3ccccc3[nH]2)c2nonc12,-0.6879424452781677
guided,Nn1c(COc2ccccc2)nnc1SC(F)F,-1.8195018768310547
guided,CC(C)(Cc1ccc(S(N)(=O)=O)cc1)N[C@@H]1C=CCC1,-1.169094443321228
guided,COCCOCCCNC(=O)C1=CCN(S(=O)(=O)c2ccc(OC)cc2)CC1,-0.5381579399108887
guided,CCOc1ccc2nc(-c3ccccc3OC)[nH]c2c1,-3.667189836502075
guided,C=[N+]1C[C@@]2(C)CN(CC(CCC)=C2[O-])C12CCCCC2,-6.793959140777588
guided,CN(C)S(=O)(=O)Nc1ncccn1,-1.5208054780960083
guided,Cc1cc(C(=O)Nc2ccc3nc(C)oc3c2)n(-c2ccccc2C)n1,-1.175175666809082
guided,[O-]N([O-])[c+]1[cH-][cH+]n2[c+]([cH+][cH-][cH+][c-]2[S+2]([O-])([O-])[c+]2[cH-][cH+][cH-]s2)[n-]1,-0.5841027498245239
guided,NS(=O)(=O)c1cccc(NC(=O)COc2ccc(Br)cc2Cl)c1,-0.7201815843582153
guided,NS(=O)(=O)c1ccc(NS(=O)(=O)c2ccc(Cl)c(C(=O)O)c2)cc1,-0.6865159869194031
guided,[O-][C+](NC[CH-]O[c+]1[cH-][cH+][cH-][c+]2[cH-][cH+][cH-][cH+][c-]12)[c+]1[cH-][cH+][cH-]s1,-4.0072197914123535
guided,O=c1oc2ccc(Cl)cc2cc1-c1ccccn1,-4.287877559661865
guided,COCCc1ncc(CN2CCCCCC2)c(C)n1,-5.127481460571289
guided,C[C@H](c1ccccc1)c1cncc(Br)c1,-10.51810359954834
guided,C[C]1[CH][CH+][C]2[N][CH][N][C](N[C]3[CH][CH][CH][C](N([O-])[O-])[CH]3)[C]2[CH]1,-0.7552887201309204
guided,CNC(=S)NCc1ccc(OC)cc1,-6.222385406494141
guided,CO[c-]1[cH+][cH-][cH+][c-]2[c+]1[N-][C-]([O-])[C+]([S-])N2,-2.524506092071533
guided,Fc1ccc(Oc2cnc3ccccc3n2)c(F)c1,-5.744886875152588
guided,[CH2-]CS[C]1[N][C][OH+][OH+][C]2[CH][CH][C]([CH][CH]2)CCN[C+]([O-])CCN1,-0.8043290376663208
guided,NNC(=O)CSc1cccc2cccnc12,-1.5153440237045288
guided,O=C(NCCCCO)c1cc2c(s1)CCC2,-3.495851993560791
guided,CO[c-]1[cH+][cH-][c+](CN(C[C+]([O-])NC[c+]2[cH-][cH+][cH-][cH+][cH-]2)[C-](C)[c+]2[n-][n-][c+](CO[c+]3[cH-][cH+][cH-][cH+][cH-]3)o2)[cH-][c+]1Br,-0.4746084213256836
guided,Cc1ccc(N(C)S(=O)(=O)c2ccc3c(c2)CCC(=O)N3)cc1C,-1.4801534414291382
guided,Cc1ccc(S(=O)(=O)N(CC(=O)Nc2ccc(OC[C@@H]3CCCO3)cc2)c2ccc(Br)cc2)cc1,-0.771087646484375
guided,COc1ccc(NC(=O)Nc2ccc3c(c2)CCC3)c(OC)c1,-2.101487159729004
guided,FC(F)Oc1ccc([C@H](CCN2CCCC2)c2ccc(Cc3ccccc3)cc2)cc1,-11.369196891784668
guided,Cc1cc(C(=O)Nc2cccc(C#N)c2)on1,-1.0228201150894165
guided,CC(=O)Nc1cccc(/N=N/N2CCOCC2)c1,-1.5357545614242554
guided,COCCNC(=S)Nc1ccc(C(C)C)cc1,-6.021876811981201
guided,OC[C@H](O)c1cccnc1,-3.0475969314575195
guided,Fc1ccc(Br)cc1SCCc1ccncc1,-10.646191596984863
guided,OC/[C-]=C/[C]/[CH+]=C\CCC/C=C\C=C\C=C\C[C@@H](O)CO,-1.9057976007461548
guided,CCO[C]([O])[C]([N]CC1CCN([C]([O])[C]2[CH][CH][CH][C](N([O-])[O-])[CH]2)CC1)NN[C+]1[CH][CH][C]([N+]([O])[O-])[CH][CH]1,-0.7487219572067261
guided,CCC(/C=N/NC(=O)CCc1cccc2ccccc12)CC,-4.429169654846191
guided,COc1ccc(NC(=S)c2ccccc2)c([N+](=O)[O-])c1,-1.6984091997146606
guided,COc1ccc([C@H](CN2CCOCC2)N2CCN(C)CC2)cc1O,-3.3146300315856934
guided,CCOC(=O)CCc1c(-c2ccccc2)n(-c2ccc3c(c2)OCO3)c2ncnn2c1=O,-0.5162711143493652
guided,O=c1cc2c(n[nH]1)-c1ccccc1CC2,-3.955930471420288
guided,[O-][S+2]1([O-])OCCC([c+]2[cH-][cH+][cH-][cH+][cH-]2)N1CCC([c+]1[cH-][cH+][cH-][cH+][cH-]1)N1[CH-][CH+][CH-][CH+][CH-]1,-1.649188756942749
guided,COc1c(C)oc(CCc2ccc(Cl)cc2)c1OC(F)F,-6.566401481628418
guided,OC[C-]([C+]1[CH-]CN(C[c+]2[cH-][cH+][cH-][cH+][n-]2)CC1)[c+]1[cH-][cH+][cH-][cH+][cH-]1,-4.934358596801758
guided,N#Cc1nc(COc2ccccc2)oc1NCCN1CCOCC1,-0.6671321988105774
guided,[H]/N=c1\n(C)c2ccccc2n1CCOCc1cccnc1,-2.5874319076538086
guided,CCOc1ccc(CN(C)CC(=O)NCc2ccc(Cl)cc2Cl)cc1,-4.491534233093262
guided,C[C@@H](Oc1ccc(CC#N)cc1F)C(=O)c1ccccc1,-3.2479207515716553
guided,CSc1ccccc1NC(=O)COC(=O)c1ccc2c(c1)CCN2S(=O)(=O)c1ccc2ccccc2c1,-0.687456488609314
guided,[N-2][C][C+]([C][N-2])CC[C+]([O-])N[c+]1[n-][n-][cH+]s1,-0.9070984721183777
guided,O=C(c1ccc([C@]23C[C@H]4C[C@H](C[C@H](C4)C2)C3)cc1)N1CCCC1,-8.568501472473145
guided,CN(C(=O)C/[S+]=c1\nc2[nH]ncc2c([O-])n1-c1ccc(F)cc1)c1ccccc1,-0.5854113101959229
guided,O=[N+]([O-])c1ccc(Cl)c(-c2ccc(C(=S)N3CCOCC3)o2)c1,-1.260172963142395
guided,COc1ccc(NC(=O)CCCNC(=O)Cc2cccc3ccccc23)cc1OC,-0.7074593901634216
guided,CCCn1ncc2c([N+](=O)[O-])c(Br)ccc2c1=O,-0.9473123550415039
guided,CC(=O)O[C@H]1CSC[C@H]1C[N+](=O)[O-],-1.7116559743881226
guided,COc1cccc(NC(=S)NCc2ccc(F)cc2)c1,-6.039000988006592
guided,COCCOCC(=O)Nc1cccnc1Cl,-2.263139009475708
guided,CN1C(=O)/C(=C\Nc2cccc(Cl)c2)C(=O)NC1=S,-2.1540706157684326
guided,O=C(O)c1cccnc1SCc1ccccc1F,-3.2921738624572754
guided,[O-][C][C+]1[CH+][c-]2[cH+][cH-][cH+][cH-][c+]2[N-][C+]1SC1CCCCC1,-5.140437602996826
guided,N#CCCN1CCCc2cc(NCc3ccccc3)ccc21,-4.764712810516357
guided,FC(F)(F)c1nccn1CCCc1cccs1,-9.501463890075684
guided,C[C@H]1CN(C(=S)Nc2ccccc2)C[C@H](C)O1,-7.941484451293945
guided,CO[C+]([O-])N(C[c+]1[cH-][cH+][c-](OC[c+]2[cH-][cH+][cH-][cH+][cH-]2)[c+](OC)[cH-]1)[C-]1[CH+][CH-][C-](C[O+](C)N)[CH-][C+]1C,-0.5493083000183105
guided,COc1ccc(-n2c(SCC(=O)N3CCOCC3)nnc2-c2cccs2)cc1,-1.1903187036514282
guided,Cc1cccc(NC(=O)/C=C/C(=O)O)c1O,-0.6801882982254028
guided,O=c1oc2ccccc2c(NC2CCCCCC2)c1[N+](=O)[O-],-0.5094727873802185
guided,COCC(C)NCC(C)CN([O-])[O-].[CH2+][c+]1[n-][c+]2[cH-][cH+][cH-][cH+][c-]2[nH]1,-0.7830941677093506
guided,O=C(O)CC1(CC(=O)Nc2ccc3c(c2)OCO3)CCCCC1,-0.534267008304596
guided,O=C(C/[S+]=c1\nc2ccsc2c([O-])n1-c1ccc(C(=O)O)cc1)NCc1ccco1,-0.5481764078140259
guided,O=C(c1ccccc1)c1ccc(OCc2ccc(C(=O)N3CCOCC3)cc2)cc1,-2.356086015701294
guided,FC(F)Oc1cccc(/N=C2/NN=C(c3cccs3)CS2)c1,-3.9872400760650635
guided,O=[N+]([O-])c1nccn1C[C@H](O)Cn1cccc1-c1ccccc1,-0.555251955986023
guided,O=C(Nc1ccc(Br)cc1)[C@@H]1CCCN1S(=O)(=O)c1ccc(SC2CCCCC2)cc1,-1.8138158321380615
guided,CCc1nc(N)nc(Nc2cccc(C)c2)n1,-1.1516177654266357
guided,CC(C)[C@@H](CN1C(=O)C(=O)NC[C@@H]1[C@H](C)O)c1ccccc1,-1.296195149421692
guided,Brc1cccc(Oc2cccc3nc(-c4ccncc4)nn23)c1,-3.0402936935424805
guided,O=[N+]([O-])c1c(NCCCCOc2ccccc2)ccc2nonc12,-0.5611605644226074
guided,COc1ccc2c(c1)-c1ccccc1[C@@H]1N(C)CC[C@]21C#N,-5.283641815185547
guided,O=S(=O)(Sc1ccccc1)c1ccc(Cl)cc1Cl,-5.953535556793213
guided,COc1ccc(/C=N/NC(=O)CNC(=O)c2ccc(S(=O)(=O)N3CCOCC3)cc2)cc1OC,-0.5525424480438232
guided,COCCc1ncc(CN2CCC(C(=O)Nc3cccc(C(F)(F)F)c3)CC2)c(C)n1,-1.3425933122634888
guided,ON1[C@@H](c2c(F)c(F)c(F)c(F)c2F)N(O)[C@H]2CCCC[C@H]21,-3.8564913272857666
guided,NC(=S)N/N=C/c1ccccc1O,-1.4900990724563599
guided,NS(=O)(=O)c1cccc(NC(=O)CN2CCN(Cc3ccccc3)CC2)c1,-0.3967877924442291
guided,[CH2-]N(/C=C/[C-]=O)C1=N[N+]#[N+][N+]1=C=Cc1c[nH]c2c(/c1=[NH+]\CCCN1CC[C-](C3C=C[CH-]C=C3)CC1)CCCC2,-0.6907351613044739
guided,O=C(Oc1ccc2ccc(=O)oc2c1)c1cccc2ccccc12,-2.4931461811065674
guided,[CH2+][C][CH-][CH+][CH+][C][CH+]O[C+]([O-])[C-]1O[c+]2[c-]([cH+][c-](CCC)[c+](O)[c-]2OC)[C-]([O-])[C+]1OC,-0.5536019802093506
guided,O=C(CN1C(=O)C(=O)N(c2ccc(F)cc2)C1=O)N1CCN(S(=O)(=O)c2cccs2)CC1,-0.4913524389266968
guided,NC(=O)c1cnn(-c2nc3c(N)ncnc3n2CC(=O)c2ccc(F)cc2)c1,-0.7899172306060791
guided,O=C(NNc1cccc2cccnc12)c1cc2sccc2n1Cc1ccccc1,-2.377795696258545
guided,COc1ccccc1N(CC(=O)N1CCCC1)S(=O)(=O)c1ccc(Br)cc1,-1.3097456693649292
guided,O=C(CSc1nc(-c2ccccc2)cc(-c2cccs2)n1)Nc1cccc2c1CCCC2,-3.6059372425079346
guided,COCCN(C(=O)Nc1cccc(F)c1)c1nc2ccccc2s1,-2.744239091873169
guided,C[C@@H](C(=O)N1CCOCC1)N1C(=O)/C(=C\c2ccccc2)SC1=S,-3.2473738193511963
guided,Nc1cc(O)cc(OC(=O)[C@H](c2ccccc2)[C@@H](O)C(F)(F)F)c1,-0.597253143787384
guided,Clc1ccccc1COCCN1CCc2ccccc2C1,-10.477193832397461
guided,O=C(Nc1ccc(S(=O)(=O)NC[C@@H]2CCCO2)cc1)c1cccc2c1N(S(=O)(=O)c1ccc(Cl)cc1)CCCC2,-0.4803243577480316
guided,[O][C](CN[C+]([O])[C]1[CH][CH][CH][CH][C]1F)OC[C]([O])[C]1[CH][CH][C](N([O-])[O-])[CH][CH]1,-0.7194074988365173
guided,COCCN1CN=C(Nc2nc(C)cc(C)n2)NC1,-1.1816903352737427
guided,F[C@@H]1CCCN([C@@H](c2ccccc2)c2nnnn2CCc2ccccc2)C1,-3.534970760345459
guided,CC(=O)c1ccc(OCc2cccc(C(=O)O)c2)cc1,-1.6918796300888062
guided,CCO[C]1[CH][CH][C]([C+]([O])N2CC[N][C]2SC[C]2[CH][CH][C](C)[CH][C]2C)[CH][C]1N([O-])[O-],-0.7661923766136169
guided,CO[c+]1[cH-][c+]2[c-]([cH+][c-]1OC)CCN(C[C-]1[N-]CCN1)C2CC(C)C.[CH-3].[H+].[H+],-3.5303332805633545
guided,Cc1cc(C)nc(N2CCC(C(=O)Nc3ccc4c(c3)OCCO4)CC2)n1,-0.8502259850502014
guided,O=C(Oc1ccc(N2CCC3(CC2)OCCO3)c(Cl)c1)c1ccccc1,-3.3374125957489014
guided,NNC(=O)COc1ccc2c(c1)C(=O)c1ccccc1-2,-0.7333717942237854
guided,CNC(=O)CCn1nc(-c2ccc(C)cc2)c2ccccc2c1=O,-1.6536260843276978
guided,CCN1C(=O)C(=N\NC(=O)c2cccs2)/C(=C\CC(C)C)C1=O,-0.9007231593132019
guided,CCCCNC[C@H](O)COc1ccc(Br)cc1,-4.496289253234863
guided,O=C(Nc1ccc(Cl)cc1)[C@H]1CCCN1C(=O)c1cccc(OC(F)F)c1,-2.1513044834136963
guided,CCC(C)(C)O,-9.488081932067871
guided,CN(C[C@H](c1ccccc1)N(C[C@H](Cc1ccccc1)N(CCc1ccccc1)N=O)N=O)N=O,-0.6478073596954346
guided,OCC1CCCN([C-]2[N-][C+]3[CH+][CH-][CH+][CH-][C+]3N3C[c-]4[cH+][cH-][cH+][cH-][c+]4C[C-]23)C1,-4.47324800491333
guided,OCC(F)(F)C1(O)CCNCC1,-3.311140298843384
guided,COc1ccccc1N1CCN(C(=O)Cn2ncc3c([nH]c4ccccc43)c2=O)CC1,-0.49850913882255554
guided,C[C@@H]1CN(S(=O)(=O)c2ccc(S(=O)(=O)N3CCCC3)cc2)C[C@H](C)O1,-0.6934162974357605
guided,N[C-]([O-])[CH+][N-]C1C[c+]2[cH-][cH+][cH-][cH+][c-]2CC1[C+]([O-])N[C+]1[CH+][CH-][CH+][CH-][C+]1[c-]1[cH+][cH-][cH+][cH-][cH+]1.[H+],-0.4049409329891205
guided,Clc1ccccc1Cn1ncc2ccccc21,-9.329540252685547
guided,[O-][S+]([O-])N(C[c+]1[cH-][cH+][cH-]o1)C[c+]1[cH+][n-]n(-[c+]2[cH-][cH+][cH-][cH+][cH-]2)[c-]1-n1[cH+][cH-][cH+][cH-]1,-0.5108209848403931
guided,Clc1ccccc1-c1nc2cc(Br)ccc2[nH]1,-7.027703762054443
guided,Cn1nc(C(=O)Oc2ccc(F)cc2Br)c2ccccc2c1=O,-2.107248544692993
guided,Nc1nc(SCC(=O)Nc2ccc(Cl)cn2)n[nH]1,-0.9094294905662537
guided,O=C(Nc1cc(Cl)ccc1N1CCCC1)c1c(Cl)cccc1Cl,-6.412994384765625
guided,Cc1cccc(COc2ccc(C(=O)N3CCOCC3)cc2)c1,-4.821727752685547
guided,COc1ccccc1OCc1nnc(SCC(=O)NC2CCCC2)n1C,-0.8659959435462952
guided,O=[N+]([O-])c1ccc(O)c(-c2nncc3c(-c4ccccc4)cccc23)c1,-0.6330415606498718
guided,CCOc1ccc2ccccc2c1[C@@H](NC(=O)Nc1ccc(F)cc1)c1ccccc1,-4.008741855621338
guided,Fc1ccc(CCNCCCCN2CCCCC2)cc1,-9.861888885498047
guided,C[C-]1[CH+][CH+][C+]([S+2]([O-])([O-])NC2N([C-]([O-])C(C)(C)C)N[N-][c+]3[n-][cH+][n-]n32)[CH-][CH+]1,-0.7291516065597534
guided,COc1ccc(OC)c(N(CC(N)=O)S(=O)(=O)c2ccc(OC)c(OC)c2)c1,-0.6702983379364014
guided,[O-][S@+](Cc1ccccc1)CC(O)(c1ccccc1)c1ccccc1,-4.03505802154541
guided,[O][C]1[C](N([O-])[O-])[C](N[C+]2[CH][CH][CH][CH][CH]2)[C]2[CH][CH][CH][CH][C]2N1[C]1[CH][CH][CH][CH][CH]1,-0.8715695142745972
guided,COc1ccc(N(CC(=O)NCC2CCCCC2)S(=O)(=O)c2c(C)noc2C)cc1,-0.5287879705429077
guided,CCOc1cc(S(=O)(=O)N(CC(=O)NCCCOC)c2ccccc2)ccc1Cl,-0.5239077806472778
guided,COCCNC(=O)c1oc2ccccc2c1-n1cc(CN2CCCCCC2)c(-c2ccc(F)cc2)n1,-1.1634715795516968
guided,COc1ccc2c(c1OC)C(=O)O[C@H]2Nc1nc(-c2cccc([N+](=O)[O-])c2)cs1,-0.6654909253120422
guided,O=C(c1ccc(Br)s1)N1CCN(S(=O)(=O)c2ccc(Cl)cc2)CC1,-2.3051323890686035
guided,COc1ccc(/C=N/n2c(-c3ccccn3)n[nH]c2=S)cc1CN(C)C,-1.2626328468322754
guided,N[C@H](C(=O)O)c1nnc(SCc2cc(=O)n3ccsc3n2)o1,-0.8283022046089172
guided,O=C(OCC(=O)N1CCCC1)c1cccs1,-3.7862954139709473
guided,CCNC(=O)COC(=O)C1=CCN(S(=O)(=O)c2ccc(C)c(C)c2)CC1,-0.6172381043434143
guided,CO[C]1[CH][CH][C]([CH+][CH][C]([O])N[C]2[N][CH][CH]S2)[CH][C]1N([O-])[O-],-0.8025879263877869
guided,O=S(=O)(Nc1ccnn1-c1ccccc1)c1ccccc1,-1.750271201133728
guided,CCN(C(=O)c1ccc(Cl)c(N)c1)c1cccc2ccccc12,-3.8087682723999023
guided,COc1ccc(C2C3=C(CCCC3=O)N(C)C3=C2C(=O)CCC3)cc1OCc1ccc(C(=O)O)cc1,-0.6224342584609985
guided,[N]S([O-])([O-])[C+]1[CH][CH]N2[CH][CH][CH][C]2[C]1CCO[C]1[CH][CH][CH][C]2[CH][CH][CH][N][C]21,-0.7511315941810608
guided,CCN(CC)CCCNC(=O)c1ccc2c(c1)NC(=O)/C(=C\c1cccc(C)c1)S2,-1.864035964012146
guided,O=S(=O)(NCCCc1ccc(Nc2ccccc2)cc1)c1ccccc1F,-2.1598362922668457
guided,Cc1cccn2c(CN3CCCCCC3)c(C(=O)Nc3ccc(Cl)cc3)nc12,-3.2480971813201904
guided,FC(F)(F)c1cnc(NNC(=S)Nc2ccc(Cl)c(Cl)c2)c(Cl)c1,-4.006160736083984
guided,COc1cccc(N2CCN(c3nccs3)CC2)c1,-6.887845993041992
guided,[O][C]([N-]C[C]1[CH][CH][CH][C]2[CH][CH][CH+][C-][C]21)N[C]1[N][CH][C](Br)[CH][N]1,-1.234946846961975
guided,CCCOc1ccccc1/C=C/C(=O)O,-3.763505458831787
guided,C=CCN(C(=O)C/[S+]=c1\nc2[nH]ncc2c([O-])n1Cc1ccc(F)cc1)c1ccccc1,-0.538776159286499
guided,COc1cc(/C=C2/C(=O)N(c3ccccc3)N=C2C)cc(OC)c1OC,-2.1385788917541504
guided,NS(=O)(=O)c1ccc(S(=O)(=O)[N@H+]2C3=C(N4CCCCC4)C([O-])=C4C=C[C-]5C=CC=CC5=C4[S@SP1+]32)cc1,-0.4115366041660309
guided,C/C(=N\NC(=O)c1ccc(Cl)cc1)c1ccc(=O)[nH]c1,-1.1943374872207642
guided,CC(=O)Nc1ccc(OCc2cn3ccccc3n2)cc1,-2.552004814147949
guided,Cc1cc(C(=O)OCC(=O)NC2CCCC2)nc(C)n1,-0.8494820594787598
guided,Cc1cc(N2CCOCC2)nc(SCC(=O)CC(=O)OC(C)C)n1,-0.8212911486625671
guided,Nc1c(/C=N/Cc2ccc(F)cc2)cnn1CCc1ccccc1,-2.4794278144836426
guided,[O-][C+](NC[c-]1[cH+][cH-][cH+][cH-][cH+]1)[c-]1[cH+][cH-][c+]([CH-]N2CCCCC2)o1,-2.9273972511291504
guided,CCC(=O)c1cn(CC(=O)NCc2ccc(F)cc2)c2ccccc12,-3.044888734817505
guided,COc1cc(S(=O)(=O)N(C)CCc2nc3ccccc3[nH]2)c(OC)cc1Br,-0.6785925626754761
guided,COc1ccc(S(=O)(=O)[C@H](C#N)c2nc3ccccc3nc2N2CCOCC2)cc1,-0.4769981801509857
guided,CCCCCNC(=O)[C@@H](C(=O)Nc1nccs1)[C@H]1CC=CCC1,-1.1557987928390503
guided,COc1ccc(NC(=O)COc2ccccc2-c2ccon2)cc1N1CCN(C)CC1,-0.6476342678070068
guided,[CH2-]CC/C(C/C=[O+]\S(=O)(=O)c1ccccc1F)=C1/C=NC=C[CH-]1.[H+],-2.3138840198516846
guided,COc1ccc(-c2nc(C#N)c(N3CCC(C(N)=O)CC3)o2)cc1OC,-0.5844500064849854
guided,COc1cc(C(=O)O)cc(Br)c1OCC(=O)Nc1ccc2[nH]c(=O)sc2c1,-0.6868984699249268
guided,COCn1c(CN2CCN(c3ccccc3OC)CC2)nc2ccccc21,-4.157933712005615
guided,Cc1cc(C)cc(N(C(=O)c2nsc(Cl)c2Cl)[C@H](C(=O)NC2CCCC2)c2ccc(O)cc2)c1,-1.4073185920715332
guided,CC[C@@H](C)NC(=O)C1CCN(S(=O)(=O)c2cccc([N+](=O)[O-])c2)CC1,-0.5613440275192261
guided,COCC(=O)N[C@@H]1C[C@H]2CCC[C@@H](C1)N2Cc1ccccc1,-4.4067792892456055
guided,CN([c-]1[cH+][cH-][c+]([C-]2N[C+]3[CH-][CH+][CH-][C][C+]3[S+](C)O2)[cH-][cH+]1)[S+2](C)([O-])[O-],-1.1964199542999268
guided,S=C(Nc1ccc(Cl)cn1)N[C@@H]1CCCC2(CC1)OCCO2,-2.5868923664093018
guided,C=C1C=C[CH-]C=C1.[O+]#P(c1cc[c-]2nc(Cl)[s+]c2c1)c1ccccc1Cl,-6.963922500610352
guided,COCCNC(=S)NC(=O)c1ccccc1Br,-3.3679373264312744
guided,CNC(=S)N(Cc1cc(OC)c(OC)c(OC)c1)Cc1cccs1,-4.405439853668213
guided,CCOCCn1c(-c2ccccc2)nc2ccccc21,-7.083635330200195
guided,C=CC/C=C/[C-](C=C(Cl)Cl)[C@@H]1C=CC(=O)C1.[H+],-9.564859390258789
guided,N#CCCN(C(=S)NC(=O)c1ccco1)c1ccccc1F,-1.382977843284607
guided,O=C(CN(CCO)C(=O)c1ccc(F)cc1F)OCc1ccc(F)cc1,-1.3939557075500488
guided,CC1=CC=[C+](N[C+]([O-])NN/C([O-])=C2\[C]C=CC(COC/[O+]=c3/c(F)cc(F)c[c-]3Br)=C2)C(C)=C1,-0.5787600874900818
guided,CCC[S@+]([O-])C[C@@](O)(COC1(O)CCCCC1)c1ccccc1,-0.9310459494590759
guided,Cn1c(=O)n(CCCOc2ccccc2[N+](=O)[O-])c2ccccc21,-0.7382259368896484
guided,COCC[C-]([O-])N1CCCC([C+]([O-])N[CH+]CN2CCOCC2)C1,-0.7610674500465393
guided,NS(=O)(=O)c1ccc(CNC(=O)CSc2nc3ccccc3s2)cc1,-0.6538274884223938
guided,NSCC1(c2nc3ccccc3c(=O)[nH]2)CCCCC1,-1.0945831537246704
guided,Clc1ccc(N/N=C/c2cccnc2)cc1Cl,-5.397426128387451
guided,Clc1cccc(CSCc2cc(Cl)ncn2)c1,-7.647219657897949
guided,O=S(=O)(NCCO)c1cccc(S(=O)(=O)N2CCCC2)c1,-0.6432097554206848
guided,O=C(Nc1ncccn1)c1cc(-c2cccnc2)nc2ccc(Br)cc12,-0.822212815284729
guided,Cc1ccccc1C(=O)Nc1ccc(S(=O)(=O)NC2=NCCCCC2)cc1,-0.5027068257331848
guided,Cc1ccn(-c2ccc(C(=O)NCCCN3CCN(c4cccc(Cl)c4)CC3)cc2)n1,-2.5722501277923584
guided,Nc1cc(=O)[nH]c(SC/C=C/c2ccccc2)n1,-1.2675451040267944
guided,O=C(Nc1ccc(OCc2ccccc2)cc1)C1CCN(c2ncccn2)CC1,-1.2476847171783447
guided,C[C@@H](OC(=O)c1cccc(-n2cnnn2)c1)C(=O)NCc1ccccc1,-0.6661574840545654
guided,C[C@@H]1CCCN(Cc2ccc3ccccc3c2)C1=O,-8.517257690429688
guided,CN1C(=O)N(C)C(=O)C(CCc2nc3ccccc3s2)([C@@H]2C(=O)NCCN2c2ccccc2)C1=O,-0.5043280720710754
guided,CCOc1cc(-c2ccc(=O)[nH]n2)ccc1OCc1ccc(F)cc1Cl,-1.730964183807373
guided,Cc1nn(C)cc1NC(=O)c1c([N+](=O)[O-])cnn1C,-0.9104768633842468
guided,N[P@@](=O)(Oc1ccccc1)Oc1ccccc1Cl,-2.124911069869995
guided,COC(=O)/C(=N/O)C(=O)NNC(=O)c1c(F)cccc1F,-0.9311132431030273
guided,COCCn1c(Cc2ccc(F)cc2)n[nH]c1=S,-4.450710773468018
guided,Cl[C-]1[CH+][CH-][CH+][C][C+]1C1CCN(C[c-]2[cH+][cH-][c+]3[c-]([cH+]2)OCO3)N1[c-]1[n-][cH+][n-][c+]2s[c+](-[c-]3[cH+][cH-][cH+][cH-][cH+]3)[cH-][c+]21,-3.2190370559692383
guided,NS(=O)(=O)c1ccc2[nH]cc(/N=N/C3CCCCCC3)c2c1,-0.5315304398536682
guided,CN/N=C(\C)c1cn[nH]c1C1CCCCC1,-2.9973268508911133
guided,CCOC(=O)c1[nH]cnc1C(=O)N1CCOCC1,-0.8178752064704895
guided,O=C(C1CCN(S(=O)(=O)c2cc(Cl)ccc2Cl)CC1)N1CCN(c2ccccc2)CC1,-1.8293120861053467
guided,CCC[C@@H](C)C(=O)Nc1ccc(S(=O)(=O)NC(C)C)cc1,-1.0564593076705933
guided,CCOCC(=O)Nc1ccc(C)cc1Cc1ccccc1,-4.942326068878174
guided,COc1cc(OC)c(C(=O)OCC(=O)Nc2nc(-c3ccccc3)cs2)cc1OC,-0.6580269932746887
guided,COc1ccc([C@H]2NCc3ccccc3-n3cccc32)cc1,-7.258930683135986
guided,O=C(CCl)Nc1ccccc1C(=O)Nc1ccccc1C(=O)O,-0.574796199798584
guided,COc1c(Br)cc(Cl)cc1C(=O)O,-4.051920413970947
guided,[CH2-][c+]1[cH-][cH+][c-]([C+]([O-])OC[C+]([O-])N[c+]2[cH-][cH+][cH-][cH+][c-]2F)[cH+][cH-]1,-1.4540958404541016
guided,O=C(CNc1ccc(F)cc1)N/N=C/c1cc2ccccc2nc1Cl,-1.5401674509048462
guided,CCOC(=O)c1nnn(C#N)c1CN1CCOCC1,-0.8481215834617615
guided,CCN(CC)CCCNC(=O)C1CCN(S(=O)(=O)c2ccc(N(C)C(=O)c3ccncc3)cc2Cl)CC1,-0.44927603006362915
guided,O=c1c2ccccc2c([C@@H](O)CN2CCNCC2)nn1Cc1ccccc1,-1.0044682025909424
guided,O=C(/C=C/c1ccccc1)N1CCN(c2nc3c(F)cc(F)cc3s2)CC1,-5.22896671295166
guided,COc1cc(CNC(=O)/C=C/c2ccc(N(C)C)cc2)c(C)c(C)c1C,-4.531027793884277
guided,NS(=O)(=O)c1ccc(/N=N/c2cn(N3CCOCC3)n(-c3cccc4ccccc34)c2=O)cc1,-0.4402599036693573
guided,N#CCCN(C(=O)CSc1nnc(C2CC2)n1N)c1ccccc1,-0.5998882055282593
guided,[H+].[H]/[O+]=[C-]\CS[C@]1(C(=O)N2CCCC2)Nc2ccccc2N1/C=C1/C=C(F)C=C[CH-]1,-2.239457130432129
guided,CCOc1ccc(F)cc1C(=O)N1CCN(Cc2ccc3c(c2)OCO3)CC1,-2.9829020500183105
guided,CCO[C]1[CH][CH][C](O[C]2[C][C][C]([N+]3[C][C]([C]([O])OC)[C]4CC(C)O[C]([O-])[C]4[CH]3)[CH][CH]2)[CH][CH]1.[H+],-0.779366135597229
guided,[CH2+]C1(C)C[C-]([O-])[C+]2[CH+][C-](F)[CH+][CH-][C+]2OC1[c-]1[cH+][cH-][c+]([C-]([O-])O)[cH-][cH+]1.[O-][CH+][P+]([O-])(O)O,-0.5223474502563477
guided,Nc1cc(N)nc(SCc2ccc(F)cc2)n1,-1.094679594039917
guided,Clc1ccc(-n2nnc(-n3ccc4ccccc43)n2)cc1,-3.59173583984375
guided,O=C(COC(=O)/C=C/c1ccccc1[N+](=O)[O-])N/N=C/c1c(O)[nH]c(=O)[nH]c1=O,-0.6302527785301208
guided,OCCN1CCC[C@](O)(Cc2ccccc2)C1,-4.020898818969727
guided,Cc1ccc2oc(-c3cccs3)nc2c1,-7.5583882331848145
guided,Clc1ccc(OCCOCCNC2CCCCC2)cc1,-6.461432456970215
guided,[CH2-][C+]1[C][C-](C)[C+](C)[CH-][C+]1CN1CCC(n2[cH+][cH-][cH+][cH-]2)CC1.[H+].[H+].[H+],-11.708047866821289
guided,Cc1csc(SCC(=O)N2c3cc(F)ccc3NC(=O)[C@@H]2CC(C)C)n1,-1.9456915855407715
guided,C/C(=N\NC(=O)CNC(=O)c1ccco1)c1ccc(Br)cc1,-0.8189799189567566
guided,CN(C)S(=O)(=O)c1cccc(COC(=O)c2cc3ccccc3oc2=O)c1,-0.6197449564933777
guided,CCCCNC(=O)c1nn(C)c(=O)c2ccccc12,-1.7385817766189575
guided,CNC/C=C/c1ccccc1COc1ccccc1,-8.40195083618164
guided,FCCCOc1cccc(C(F)(F)F)c1,-11.619246482849121
guided,CN1C(=O)c2ccccc2Sc2cc(F)c(F)c(F)c21,-8.824517250061035
guided,Brc1cccc(OCCN2CCOCC2)c1,-8.348410606384277
guided,CNCC(=O)N1CCCc2ccccc21,-6.192591190338135
guided,COc1ccc2nc(SCC(=O)NC[C@H]3CCCO3)[nH]c2c1,-0.9587724208831787
guided,COc1cc(C(=O)Nc2ccc3c(c2)CCC3)ccc1OC(F)F,-3.5349812507629395
guided,CCOc1cc(C(=O)N(Cc2cccnc2)c2nc3cc(C)ccc3s2)ccc1SCC(=O)O[C@@H](C)CC,-1.883548617362976
guided,COc1ccccc1CN(CCCOc1ccccc1OC)C(=O)CCC(=O)Nc1cc(C)on1,-0.4312240183353424
guided,O=C(NCCN1CCOCC1)c1cccc2ccccc12,-4.274511814117432
guided,C[C@@H](NC(=O)c1ccco1)C(=O)NC1=[S+]C=C/C1=C(\[O-])N1CCCCC1,-0.5301982760429382
guided,COc1cccc(CNC(=O)C(=O)NC[C@H]2COC(C)(C)C2)c1,-0.906586229801178
guided,Cc1ccc(NCC(=O)N2CCCCC2)cc1C,-6.0494890213012695
guided,CCN(CC(=O)NCCSCc1cccc(Cl)c1)CC(=O)Nc1ccc(Cl)c(C(F)(F)F)c1,-2.170883893966675
guided,C/C(Cc1ccc(F)cc1)=N\NC(=S)Nc1c(C)cccc1C,-5.521811485290527
guided,NS(=O)(=O)c1cccc(NC(=O)c2cc(-c3ccccc3)n[nH]2)c1,-0.6729390025138855
guided,[CH2+]N1[C+]2[N-][C+](SC[C+]([O-])N3CCCCC3)N(C)[C+]2[C-]([O-])N(C)[C-]1[O-],-0.7254219055175781
guided,Clc1ccccc1-n1nnnc1SCc1cccnc1,-2.6521353721618652
guided,NS(=O)(=O)c1ccc(N2CCN(C3CCCC3)CC2)cc1,-1.403956413269043
guided,N[P@@](=O)(OCC(F)(F)F)Oc1ccccc1,-2.291290283203125
guided,COc1ccc(S(=O)(=O)N(C)Cc2ccccc2)cc1F,-3.79640793800354
guided,N#C/C(Nc1ccc(F)cc1)=C(\Nc1ccccc1)P(=O)(c1ccccc1)c1ccccc1,-2.4311466217041016
guided,O=C(c1ccc(Cl)cc1)N1CCC[C@@](CO)(Cc2cccnc2)C1,-2.650019645690918
guided,O=C(NCc1ccccc1)C1(O)CCNCC1,-1.9355744123458862
guided,COc1cc(CCC(=O)Nc2sc3c(c2C#N)CCCC3)cc(OC)c1OC,-0.8472951650619507
guided,FC(F)Oc1ccccc1[C@H]1C[C@@H](c2ccc(Br)s2)Nc2ncnn21,-3.2054123878479004
guided,O=C(O)/C=C/c1cnc2ccccc2c1,-3.215649127960205
guided,N#CCOc1ccc(-c2cc3ccccc3o2)cc1,-3.755908727645874
guided,N[C-]1[c-]2[c+]([cH-][cH+][cH-][c+]2N([O-])[O-])CN1N[C+]([O-])[c+]1[cH-][cH+][cH-][cH+][cH-]1,-0.5720332860946655
guided,O=C(/C=C/c1ccccc1OCC(=O)N1CCOCC1)N1CCOCC1,-1.186627745628357
guided,C[C+](N)C[C+]([O-])N(CC[C+]1[CH+][CH-][C+](N([O-])[O-])[CH-][C+]1[C][N-2])[C+]1[CH+][CH-][CH+][CH-][CH+]1,-0.7013780474662781
guided,FC(F)(F)c1ccccc1-c1nc(-c2ccccc2)no1,-5.0866618156433105
guided,CCOc1ccc(OCCn2c(SCC(=O)O)nc3ccccc32)cc1,-1.0220766067504883
guided,O=S(=O)(CCN1CCCCC1)Oc1ccc(Cl)cc1Cl,-3.6588757038116455
guided,O=C[C@H](O)[C@@H](O)[C@H](O)[C@H](O)COP(=O)(O)O,-0.9849700927734375
guided,CCN(CC)CCCNC(=S)N(Cc1ccccc1)Cc1cccnc1,-6.18643856048584
guided,Nn1c(SCc2nc3ccccc3[nH]2)nnc1-c1cccnc1,-0.7613170146942139
guided,COCCNC(=O)c1oc2ccc(F)cc2c1NC(=O)C1CC1,-0.7984284162521362
guided,CN(C)[N-]C(CCC[C+](N)[O-])CCN1CCOCC1,-0.9168897271156311
guided,CCCNCCS(=O)(=O)N1CCN(c2ccccc2OC)CC1,-1.8610410690307617
guided,S=C(NCc1ccco1)N1CCN(Cc2ccc3ncccc3c2)CC1,-3.8396127223968506
guided,CCCN1CCN(C(=O)[C@H]2CC(=O)N(c3ccc(F)cc3)C2)CC1,-3.9908947944641113
guided,O=C(Nc1cccc(NC(=O)[C@@H]2CCC[C@@H]2C(=O)O)c1)c1ccco1,-0.46930262446403503
guided,NC(=O)OC1=Nc2ccccc2SC1,-1.9087122678756714
guided,NS(=O)(=O)c1ccc2oc(=O)ccc2c1,-0.7717294096946716
guided,Cc1ccc(S(=O)(=O)Nc2ccc3nc4n(c(=O)c3c2)CCCC4)cc1,-0.6540330052375793
guided,NNC(=O)C1=C(N)/C(=C(/N)[O-])N=[S+]1,-1.280374526977539
guided,C[C@]1(c2ccccc2)NC(=O)N(CC(=O)NCCC2=CCCCC2)C1=O,-0.6969245076179504
guided,COc1ccc(C(=O)COC(=O)[C@@H]2CCS3(C)(=O)O[O+]3/C(=C3\C=CC=C[CH-]3)N2)cc1,-0.5646855235099792
guided,O=C(Nc1ccc2nc(C3CCCCC3)[nH]c2c1)c1ccco1,-1.100016713142395
guided,[CH2-]C[C@H](CCC/C=[NH+]\C(C)=O)NC(=O)OCC(C)C,-1.4721863269805908
guided,COc1c(Nc2cccc3ccccc23)sc2c1c(=S)n(C)c(=O)n2C,-3.721250057220459
guided,CC[C@@H](Oc1ccccc1)C(=O)O/N=C(\N)Cc1cccc([N+](=O)[O-])c1,-0.5758216977119446
guided,O=[N+]([O-])c1ccc(/C=N/Nc2cccc(Br)c2)o1,-0.902606189250946
guided,Nc1c(S(=O)(=O)c2ccccc2)c2nc3ccccc3nc2n1Cc1ccccc1,-0.6638966202735901
guided,COc1ccc(C(NC(=O)c2cccc(F)c2)c2ccc(OC)cc2)cc1,-3.564206123352051
guided,CCCC(=O)Nc1ccccc1N1CCCC1,-6.094600677490234
guided,[CH2+][C@]1(C)C[C@H](C[C-](C)C)N(C(=O)COC(=O)c2c(F)cccc2Cl)C1,-3.716276168823242
guided,O=[C-]N(C=[N+]=Nc1ccccc1)Oc1ccccc1,-2.603606939315796
guided,[CH2+]CN(CCCCC[c+]1[cH+][c-]([O-])[nH][c+]([S-])[nH]1)CC[C-]([O-])SC(C)(C)C,-0.6607984304428101
guided,CCc1ccc2oc(C(=O)Nc3ccc(OC(F)(F)F)cc3)cc(=O)c2c1,-1.4416601657867432
guided,COc1ccccc1C(=O)NCCCCOc1ccc(C(=O)O)cc1,-0.48786136507987976
guided,Cc1nn(CCC(=O)Nc2ccc3c(c2)OCO3)c2nc(-c3cccnc3)cc(C(F)(F)F)c12,-0.6642809510231018
guided,[CH2+][C-](N([O-])[O-])C1(O)[c-]2[n-][cH+][cH+][cH-][c+]2[C-]([O-])[CH+]C1[c+]1[cH-][cH+][c-]([S+2](N)([O-])[O-])[cH+][cH-]1.[H+].[H+],-0.5252997279167175
guided,Cc1ccc(-c2nnc(SCc3ccc(F)cc3)o2)cc1,-5.105240821838379
guided,O=C(NC[C@@H]1CCN(C(=O)c2ccccc2F)C1)c1cccc([N+](=O)[O-])c1,-0.44945836067199707
guided,Fc1ccc(Br)cc1CN1CCN(c2ccccc2)CC1,-12.115666389465332
guided,CCC(=O)N(CC(=O)Nc1nnc(C(F)(F)F)s1)Cc1ccccc1,-1.0562103986740112
guided,CN1CCN(C(=S)NC(=O)c2ccc(N3C(=O)c4ccccc4C3=O)cc2)CC1,-0.9904032945632935
guided,COc1cccc(-c2nnc(NC(=O)COc3ccc(C)cc3)s2)c1OC,-0.790093719959259
guided,CCOC(=O)c1nc(C)c(C(=O)CSc2nnnn2C)cc1C,-0.9025564193725586
guided,FC(F)(F)[C-]([N-][C+]1[CH+][c+]2[cH-][cH+][cH-][cH+][c-]2[CH+][CH-]1)[N-][P+]([S-])(N1CCOCC1)N1CCOCC1,-2.90864634513855
guided,COC(=O)c1ccc(C[S@@+]([O-])CC(=O)NCCCN(C)c2cccc(F)c2)cc1,-0.5560746788978577
guided,COc1cc(OC(=O)c2ccccc2)c(/C=N/OCC(=O)Nc2cccc(OC(F)F)c2)cc1Cl,-0.7983365654945374
guided,CCC(CC)NC(=O)[C@H]1CC(=O)N(C2CCCCC2)C1,-3.4482884407043457
guided,COc1ccc(CCN(CCc2ccccc2)C(=O)C2CCN(Cc3cccs3)CC2)cc1OC,-4.471039772033691
guided,CCOC(=O)C1=C(C(=O)OCC)N[C@](C(=O)OC)(C(F)(F)F)CC1,-0.8581426739692688
guided,O=C(CCCc1nc2ccccc2s1)N1CCN(c2ccc(Cl)cc2)CC1,-5.2574286460876465
guided,O=C(C[C@H]1C[C@@H]2CC[C@H]1C2)OCC(=O)c1c[nH]c2ccccc12,-2.0341334342956543
guided,[O-][C-](C1C[CH+][CH+]CC1)N1CC[C+]2C(CO)N3[CH-][CH+][CH-][C][C+]3N2CC1,-3.0018551349639893
guided,F/C(=N\Oc1cc(-c2ccccc2)nc(Nc2ccc(Cl)cc2)n1)Nc1ccccc1CSc1ncccn1,-2.573629856109619
guided,N#Cc1c2[nH]c([O-])c3ccccc3c-2[s+]c1SCC(=O)O,-0.7020663022994995
guided,[CH2+]CCC/C=[N+](\[S-])[N-]c1ccccc1Br,-9.617974281311035
guided,CC[C@@H](C)NC(=O)c1ccccc1-c1cccs1,-6.760646820068359
guided,CC(=O)Nc1ccc(NC(=S)NNC(=O)CN2CCN(c3ccccc3F)CC2)cc1,-0.456687331199646
guided,C1=C/C(=C/N2CCOCC2)[O+]=C1.[O-]P(c1ccccc1)c1ccccc1,-3.516028881072998
guided,CC[C@@H](C(=O)NC(C)(C)C)N(Cc1ccccc1Cl)C(=O)C1=C(N)/C(=C(/N)[O-])N=[S+]1,-0.7374815344810486
guided,C[C@@H](OC(=O)c1cc2sccc2n1C)C(=O)NCc1ccccc1,-2.1490280628204346
guided,O[C@](Cc1cccnc1)(c1ccc(F)cc1)c1cccnc1,-3.6884658336639404
guided,COc1cc(C(=O)NC2CCN(Cc3ccccc3)CC2)cc(Cl)c1OC(C)C,-3.0624117851257324
guided,Fc1ccc([C@H](c2nnnn2C2CCCC2)N2CCc3ccccc3C2)cc1,-3.5242791175842285
guided,Fc1ccc(Nc2ccnc(NCc3cccnc3)n2)cc1,-1.879514217376709
guided,NCCCCCC(=O)NN/C=C/C(=O)c1ccccc1,-0.5686386227607727
guided,N#Cc1cnc2ccc(NC(=O)CN3CCCCC3)cc2c1,-1.189203143119812
guided,CCOc1ccc(C)cc1S(=O)(=O)NCc1ccc(OC)c(OC)c1,-1.0962274074554443
guided,O=C(Cc1ccc2ccccc2n1)c1ccc(O)cc1O,-1.1761717796325684
guided,[CH2-]COCCOCCOCCOCCOCCCOC/[P+]([O-])=[NH+]\c1ccc(OCc2ccccc2)cc1,-0.49265384674072266
guided,COCCN(C)C1=[S+]C(C(=O)OCC(C)C)=C(C)/C1=C(/N)[O-],-0.8580396771430969
guided,OCCn1c(-c2cccc3ccccc23)nc2ccccc21,-4.971902847290039
guided,O=C(CCc1ccccc1)NNC(=O)Nc1ccc(Cl)cc1,-1.2906798124313354
guided,CC(=O)c1cc2cccnc2cc1O,-3.3318634033203125
guided,O=S1(=O)CCN(Cc2cccc3ccccc23)CC1,-5.082010269165039
guided,COc1cc(NC(=O)COC(=O)CNC(=O)[C@H]2COc3ccccc3O2)cc(OC)c1,-0.5883387327194214
guided,CCC(=O)N1CCc2cc(Br)cc(S(=O)(=O)N3CCC[C@H](C(=O)O)C3)c21,-0.5560255646705627
guided,O=S(=O)(Nc1ccc(C2CCCCC2)cc1)c1ccccc1,-3.658040761947632
guided,OC[C@@]1(Cc2ccc(F)cc2F)CCCN(Cc2cccs2)C1,-7.835759162902832
guided,O=C(COc1ccc(/C=N/NC(=O)Cc2ccccc2)cc1)NCCCC1CCCCCC1,-0.6730465292930603
guided,COc1cc(NC(=O)CNCc2ccccc2)ccc1NC(=O)c1cnccc1C(F)(F)F,-0.5859617590904236
guided,O=C(NCc1ccncc1)N[C@]12C[C@H]3C[C@H](C[C@H](C3)C1)C2,-2.759155035018921
guided,Fc1c(NC(=S)N2CCN(Cc3ccccc3)CC2)ccc(C(F)(F)C(F)F)c1F,-9.127979278564453
guided,COc1cc(C)ccc1S(=O)(=O)Nc1cccc(C)c1,-2.698777437210083
guided,O=C(COc1ccc(Cl)cc1)NNC(=O)C(=O)Nc1ccccc1,-0.7017776370048523
guided,Cc1cc(C2CCCCC2)ccc1S(=O)(=O)Nc1ccc(S(N)(=O)=O)cc1,-0.49002641439437866
guided,CCCCC(=O)NC(=S)Nc1ccc(N2CCCC2)cc1,-4.015860557556152
guided,CCOCCCC(=O)N1CC(=O)Nc2ccccc21,-2.2139482498168945
guided,CCOCCCNC(=O)[C@@H](Cc1cccs1)NC(=O)CNC(=O)c1ccccc1,-0.5449684262275696
guided,COc1ccc(N/C(C)=C2\OC2=O)cc1O,-1.3600801229476929
guided,Nc1nonc1C(=O)Nc1ccc(F)cc1,-0.8585382699966431
guided,CC[C@H](CO)Nc1cccc2ccccc12,-6.109422206878662
guided,CN(CCNS(=O)(=O)c1c(N)n(C)c(=O)n(C)c1=O)Cc1ccccc1,-0.6863143444061279
guided,COC(=O)/C=C(/C)C(=O)/C=C/c1ccc(F)cc1,-4.296938896179199
guided,NNC(=S)SCc1ccc(Br)cc1,-5.456594944000244
guided,COc1ccc(NC(=O)COc2ccccc2[N+](=O)[O-])cc1OC,-0.6251970529556274
guided,Cc1ccccc1CSc1nnc(NC(=O)Cc2ccc3ccccc3c2)s1,-2.9896645545959473
guided,O=C1CCC(=O)O1,-5.064687252044678
guided,COc1cccc(Cl)c1OCC(N)=O,-2.273200511932373
guided,CCS(=O)(=O)c1ncc2c(n1)-c1ccccc1C2,-2.189857244491577
guided,CO[C-]([O-])C1CCN([S+2]([O-])([O-])[C+]2[CH+][CH-][C+](O[C+]([O-])[c+]3[cH-][cH+][cH-]o3)[C-]([O-])[CH+]2)CC1,-0.5617660880088806
guided,NC(=O)N[C@H](Cc1c[nH]c2ccccc12)C(=O)OCC(=O)N1CCCCC1,-0.5330044627189636
guided,[CH2-]CCN(C[CH-]NC(C)=O)C1=NN=[N+]=[N+]1c1ccccc1,-1.08872652053833
guided,F[c+]1[cH-][cH+][c-](F)[c+]([C-]2C[C+]([C][N-][C+]3[C+](OC(C(F)(F)F)C(F)(F)F)N[c-]4[cH+][cH-][cH+][cH-][c+]43)[CH+][N-]2)[cH-]1,-4.63756799697876
guided,C[P@](=O)(Nc1ccc([N+](=O)[O-])cn1)Oc1ccccc1,-0.7471867799758911
guided,COc1cccc(OC)c1C(=O)NC1=[S+]C2=C(CCC2)/C1=C(/[O-])O[C@@H](C)C(=O)O,-0.5820237398147583
guided,N#CC1=C(N)N(Cc2cccs2)CC=C1,-3.103806495666504
guided,NC(=O)C[C@@H](NC(=O)c1ccc(Br)cc1)C(=O)O,-0.7445307374000549
guided,CCCCn1c(CNC(=O)COc2ccccc2)nc2ccccc21,-2.4109952449798584
guided,O=C(CSc1nn2c(=O)c(-c3ccc(F)cc3)nnc2s1)NCc1cccc(F)c1,-0.6655467748641968
guided,[N-2][C][C-]1[CH+][CH-][CH+][CH+][C+]1[N-][N-][C-]([CH+][O-])[c+]1[cH+][cH+][cH+][cH-][cH+]1,-0.9538577198982239
guided,OCc1nc2sc3c(n2c1C(F)(F)F)CCCC3,-5.435993671417236
guided,N/N=c1/[nH]c(CCOc2ccc(Cl)cc2Cl)cs1,-1.9965629577636719
guided,OCCCN(Cc1ccccc1)Cc1ccccn1,-5.278395175933838
guided,O=C(Cc1cccs1)Nc1ccc(C(=O)NNC(=S)Nc2ccccc2)cc1,-0.7375769019126892
guided,NC(=O)Cn1cccc1C(=O)C(F)(F)F,-1.9540271759033203
guided,COc1ccc(CN2CCN(c3ccccc3F)CC2)c(O)c1,-5.304638385772705
guided,Cc1ccc(-c2csc(-c3ccc(Cl)cc3)n2)cc1,-10.914815902709961
guided,[H]/[C-]=C/C(=C\[C-]=[NH+]\C(=O)/C=[C-]/C/[S+]=C1\[N+]#[N+]C(=C2C=C[C-](F)C=C2)N1CC)C(F)(F)F,-4.277243137359619
guided,S=c1[nH]nc(CNc2ccc(Br)cc2)n1-c1ccccc1,-3.9709057807922363
guided,COCCO[C-]([O-])[c+]1[c+](C)[nH][c-]2[n-][c+]3[cH+][cH-][cH+][cH-][c+]3[c-]2n1C[C+]([O-])N[c+]1[cH-][cH+][cH-][cH+][c-]1C,-0.543550431728363
guided,CC1(C)[C@H]2CC=C(/C=N/NC(=O)c3cccs3)[C@@H]1C2,-4.582552909851074
guided,NOCCCNC(=O)c1cn(-c2ccccc2)nc1-c1ccccc1,-0.569699764251709
guided,OO/C=C(/O)COc1cccc(Cl)c1,-2.3905458450317383
guided,Cn1c(SCC(=O)Nc2ccc(OC(F)F)cc2)nnc1-c1ccco1,-0.8105745315551758
guided,COc1ccc(NC(=O)c2ccc(C)c(S(=O)(=O)N3CCCCC3)c2)cc1Cl,-0.8051237463951111
guided,Cn1c(=O)n(CCc2ccccc2)c2ccccc21,-7.215055465698242
guided,NNc1nc2ccc(S(=O)(=O)CC(=O)NC3=[S+]C4=C(CCCC4)/C3=C(/[O-])O)cc2s1,-0.646191418170929
guided,O=C(O)C[C@@H](NC(=O)[C@]12C[C@H]3C[C@H](C[C@H](C3)C1)C2)c1ccc2c(c1)OCO2,-0.5317844748497009
guided,Nn1c(SCC(=O)Nc2cc(S(=O)(=O)N3CCOCC3)ccc2Cl)nnc1C1CC1,-0.6132864356040955
guided,S=c1[nH]nc(CN2CCN(c3ccccc3)CC2)n1-c1ccccc1,-4.591709613800049
guided,Fc1ccccc1Cn1cccc1CN(Cc1cccc(Br)c1)Cc1nnnn1C[C@H]1CCCO1,-1.955647349357605
guided,CCOC(=O)c1nc(C)nc(Sc2n[nH]c(N)n2)c1C,-1.1281965970993042
guided,COc1ccc(F)cc1C(=O)N1CCc2ccccc21,-6.664839744567871
guided,CCO[C]([O])[C][C]([N][CH][C]1[C]([O])CCC[C]1O)[S+]C(F)F,-0.942444384098053
guided,CCCCOc1ccc(NC(=O)CCC(=O)OCC(=O)c2cc3ccccc3[nH]2)cc1,-0.5064854621887207
guided,CC[C@H](O)C1CCN(Cc2cn(Cc3ccccc3)nc2-c2ccccc2)CC1,-4.30203914642334
guided,COC(CCC([O-])(O)[CH-]OC(O)[c+]1[c-](C(O)[C][C+](O)CO)[cH+][cH-][c+](O)[c-]1C)OC.[H+].[H+].[H+],-0.5157339572906494
guided,OCCN(C(=S)NC1CCCC1)c1ccccc1,-5.459424018859863
guided,O=S(=O)(c1cc(Cl)ccc1Cl)N1CCCC1,-5.324184417724609
guided,Cc1ccc(Sc2ccc(N)cc2C#N)c(C)c1,-3.4075205326080322
guided,Clc1ccccc1N1CCSCC1,-13.249801635742188
guided,N[C@H]1CCS(=O)(=O)C1,-2.8682472705841064
guided,CC[C@H](C)C(=O)NC1=[S+]C(=S([O-])([O-])=[N+]2CCc3ccccc32)N=N1,-0.6616587042808533
guided,Fc1ccccc1N1CCN(CCCc2ccccc2)CC1,-11.99074649810791
guided,O=S(=O)(NCc1cccs1)c1ccc(Br)cc1,-3.9842100143432617
guided,CC(=O)c1ccc(N2[C-]3N=C(CCC4CCCC4)O[S@SP1+]3[C@@H]3CS(=O)(=O)C[C@@H]32)cc1,-0.8125544786453247
guided,O=C1C=C(Nc2ccc3c(c2)OCO3)C[C@@H](c2ccco2)C1,-1.9973199367523193
guided,Nc1cccnc1Sc1ccc(F)cc1,-5.0649733543396
guided,COc1ccc(NC(=O)[C@@H]2CCCN2C(=O)NC2CCCCC2)cc1OCC(C)C,-0.652047872543335
guided,Cc1ccccc1O[C@@H](C)C(=O)NCC1CCCCC1,-4.944750785827637
guided,FC(F)(F)c1cc(Nc2nc(-n3cccn3)nc3ccccc23)c2ccccc2n1,-1.7077327966690063
guided,Nc1n[nH]cc1-c1n[nH]c(=S)n1-c1cccc(Cl)c1,-0.8528817296028137
guided,O=C(CNC(=O)c1ccccc1)N/N=C/c1ccc[nH]1,-0.7564951777458191
guided,Cc1nc2oc(C(=O)NC3CC3)cc2c2c1COC(C)(C)C2,-1.8216614723205566
guided,O=C(N[C@@H](NS(=O)(=O)c1ccccc1F)C(Cl)(Cl)Cl)c1cccc(Cl)c1,-1.1623156070709229
guided,NC(C[C+]1[CH+]N[c+]2[cH-][cH+][cH-][cH+][c-]21)[C-]([O-])[N-]CCN1CCC[C+]1[O-],-0.5017185211181641
guided,CCCOc1ccccc1NC(=S)N(CC)CCN(CC)CC,-7.034220218658447
guided,CCNC(=S)N(Cc1ccco1)Cc1cccs1,-7.074356555938721
guided,O=S1(=O)C[C@@H]2[C@H](C1)N(Cc1ccc(Cl)cc1)C1=N[C-](c3cccnc3)O[S@SP1+]12,-1.1362955570220947
guided,O=C(NCc1cccnc1)c1ccc(N2CCOCC2)c([N+](=O)[O-])c1,-0.5056132078170776
guided,Cc1cc(OCCSc2nnnn2C2CCCCC2)cc(C(C)C)c1,-2.9982359409332275
guided,COc1ccc(-c2ncc3ccc(SCc4cccc(F)c4)nn23)cc1OC,-3.5893564224243164
guided,Fc1ccccc1Sc1cc(-c2cncnn2)ncn1,-1.8174643516540527
guided,FC(F)C(F)(F)C(F)(F)C(F)(F)C(F)(F)C(F)(F)C(F)(F)C(F)(F)Br,-16.10369110107422
guided,N#CN(/N=[C-]/Cl)C(Cn1cncn1)=[N+](c1ccccc1)c1ccccc1,-1.0842400789260864
guided,COc1cccc([C@@H]2C(C(=O)c3ccc(C)o3)=C(O)C(=O)N2CCN2CCOCC2)c1,-0.3767269253730774
guided,NC(=O)c1ccccc1NS(=O)(=O)c1ccc(Br)s1,-0.7713270783424377
guided,[H+].[cH+]1[cH-][cH+][cH-][c+](CC[C-]2OCCC3CC[N-]CCN23)[cH-]1,-7.204855442047119
guided,O=S(=O)(c1ccc(Oc2ncnc3scc(-c4ccccc4)c23)cc1)N1CCOCC1,-0.6536421179771423
guided,COc1cccc(CN(Cc2cccnc2)C[C@H](C)O)c1OC,-2.6385955810546875
guided,O[C@H](c1ccccc1)c1ccccn1,-5.92517614364624
guided,N/C(Cc1ccc(F)cc1)=N\OC(=O)c1ccco1,-1.0301787853240967
guided,O=C(N/N=C1\NC(=O)C(CO)(CO)S1)c1ccc2c(c1)OCO2,-0.7054843306541443
guided,CCOC(=O)C#C/N=C(\c1cn(Cc2ccco2)c(=O)c2ccccc12)N1CCOCC1,-0.4940587282180786
guided,O=C(NC[C@H](c1ccco1)N1CCCCC1)c1cccc2ccccc12,-3.660912275314331
guided,COc1ccccc1N1CCN(S(=O)(=O)c2cc(C)cc(C)c2C)CC1,-3.233226776123047
guided,COc1cccc(NC(=O)N2CCC(C(=O)N3CCCCC3)CC2)c1,-1.7645845413208008
guided,NC(=S)Nn1cnnc1,-2.374749183654785
guided,N#CN/C(=N/c1ccc(C(=O)O)cc1)SCc1ccc(Cl)cc1,-0.6753442287445068
guided,[H]/N=c1\c(C(=O)NN2CCOCC2)cccn1Cc1ccc(F)cc1,-1.159590482711792
guided,CSc1ncccc1-c1nc(-c2ccc3c(c2)OCO3)no1,-1.3922590017318726
guided,Nc1ccc(Oc2cc(C(=O)NCc3ccco3)[nH]c(=O)c2)cc1,-0.651796281337738
guided,[CH2+]OC(OC1C(O)CC(N)CC1N[C-]([O-])C(O)CCCCCCN[C+]([S-])N[C][N-][c+]1[cH+][cH+][cH+][cH-][c+]1[S-])C(O)CNC,-0.6344788670539856
guided,C[C-]1[CH+]N([O-])C(N2CCN([C+]([O-])[c+]3[cH-][cH+][c-]4[cH+][cH-][cH+][cH-][c+]4[cH-]3)CC2)[CH+][CH-]1,-2.2283318042755127
guided,O=S(=O)(O)c1nc2ccccc2n1Cc1ccccc1Cl,-1.172990322113037
guided,CN[C-]1[CH+][C-]([c+]2[cH-][cH+][cH-][c+](N([O-])[O-])[cH-]2)OC(N[C+]2[CH+][CH+][CH-][CH+][CH-]2)O1,-0.5127621293067932
guided,[O-][S@+](NCCOCc1ccccc1)[C@]12C[C@H]3C[C@H](C[C@H](C3)C1)C2,-4.035012722015381
guided,Clc1ccc(/N=C/N2CCN(c3ncnc4ccccc34)CC2)cc1,-3.883791208267212
guided,Cc1cc(C)c(/N=N\N(C)C(=O)/C=C/c2ccccc2)c(C)c1,-4.13217306137085
guided,CNC[C@@H](Cc1ccccc1)NC[C@@H](CC1CCCCC1)NCCCc1ccccc1,-5.413760185241699
guided,[CH2-]CC1[CH][N+]2[N+][C][CH][C]2[N+][C]C1[C]C(C[C]([O-])[C]1[CH-][CH][CH]S1)[C]([O-])[N]C.[H+].[H+],-0.699368953704834
guided,O=S(=O)(c1ccc(Cl)cc1)N1CCCC[S@+]1N=[S@@](=O)([O-])CC1CC1,-0.569067120552063
guided,CCCC(=O)N[C@H]1[C@@H]2C[C@H]3C[C@@H](C2)C[C@@H]1C3,-7.019042491912842
guided,C[C-]([O-])C1(O)CC([CH+]CC[C+]2[CH-][C+]3[CH-][C+]([O-])CCC3(C)CC2)CC1C,-1.5567219257354736
guided,CCNc1nc(Nc2ccc(C(C)=O)cc2)nc(N2CCC3(CC2)OCCO3)n1,-0.5162146091461182
guided,NS(=O)(=O)c1ccc(N2C(=O)CNC2=S)cc1,-0.7824284434318542
guided,F[C-]1[CH+][C][C+](N([C+]2[CH+][CH-][CH+][CH-][CH+]2)[C-]2[N-][CH+][N-]N2)[C-](F)[CH+]1,-4.486723899841309
guided,Fc1cccc(NCc2cccnc2)c1,-7.737369060516357
guided,COCCN(C(=O)C/[S+]=c1\nc2ccccc2c([O-])n1-c1ccccc1F)c1ccccc1,-1.1097172498703003
guided,C[C-]([O-])[NH2+][C+]1[CH-]SC([N-]C[c+]2[cH+][cH+][c+]3[c-]([cH+]2)OCO3)[N-][C-]1[O-],-0.7359557747840881
guided,CC(=O)c1nn(Cc2c(F)cccc2Cl)c(=O)n(C)c1=O,-1.3178787231445312
guided,Fc1ccccc1CSc1nnc2ccc(-c3ccncc3)nn12,-2.6346569061279297
guided,Cn1c(=O)c2c(nc(CN3CCC(C(N)=O)CC3)n2CCCc2ccccc2)n(C)c1=O,-0.5267859101295471
guided,COc1ccc2c(c1OC)C(Nc1ccccc1C)=C1C(=O)C3=C(C=C1C2=O)CCC3,-1.8110040426254272
guided,CO[C]1[CH][C]([CH+][CH][C]([O])O)[CH][C](OC)[C]1OC[CH][CH][C]1[CH][CH][C](N([O-])[O-])[CH][CH]1,-0.7394968271255493
guided,S=C(NCCN1CCOCC1)Nc1ccc(Cl)cc1,-5.305962562561035
guided,CCC(=O)Oc1cc(CO)cc(C2OCCO2)c1,-1.6932804584503174
guided,COc1ccccc1N1CCN(c2nc(C)cc(C)c2C#N)CC1,-2.9921369552612305
guided,O=C(NCCCn1ccnc1)N[C@]12C[C@H]3C[C@H](C[C@H](C3)C1)C2,-2.329583168029785
guided,COCCN(C(=O)Nc1cccc2nsnc12)c1nc2ccccc2s1,-0.8333865404129028
guided,CCCN1CCN(C(=O)c2cc3sccc3n2C)CC1,-6.850554943084717
guided,NP(=O)(Oc1ccccc1Cl)Oc1ccccc1Cl,-2.196754217147827
guided,Clc1ccc(/C=N/c2ccc(N/N=C/c3ccc4c(c3)OCO4)cc2)cc1,-2.8826286792755127
guided,O=C(/C=C/c1ccco1)NCc1nnc(SCC(=O)N2CCCC2)o1,-0.6731565594673157
guided,C[C@H](O)CN(C)CCCNC(=O)C[C@@H]1C(=O)NCCN1C[C@H]1CCc2ccccc2C1,-0.5327594876289368
guided,COc1ccc(-n2nc(C(=O)NCC(=O)NC[C@@H](C)O)c3ccccc3c2=O)cc1Cl,-0.5672561526298523
guided,C[C]([N]N[C]1[CH][CH][C](CN2[CH+][CH][CH][N]2)[CH][C]1N([O-])[O-])[C]1[CH][CH][CH]S1,-0.757502555847168
guided,CCOc1nc(-c2ccc(C)cc2)c2cc(C(=O)NC[C@@H](C)N(C)C)ccc2n1,-1.3957751989364624
guided,O=C(COC(=O)c1oc2ccccc2c1CSc1ccccc1)NCc1ccccc1,-1.5367926359176636
guided,CCC(=O)N/N=C/c1ccc(-c2ccc([N+](=O)[O-])cc2)o1,-0.6124275922775269
guided,Fc1cccc(CNCc2cccnc2)c1,-7.7470879554748535
guided,COc1ccccc1C(=O)N/N=C1\S[C@H](CC(=O)Nc2ccccc2)C(=O)N1Cc1ccccc1,-0.5376143455505371
guided,N[N-][C+]([O-])N[c+]1[cH-][cH+][c-]([S+2]([O-])([O-])N2CCOCC2)[cH+][cH-]1,-0.5601937174797058
guided,[O][C](NC(N[C]1[CH][CH][CH][C](N([O-])[O-])[CH]1)[C+]([O])[C]1[CH][CH][CH][CH][CH]1)[C]1[CH][CH][CH][CH][C]1F,-0.8216519355773926
guided,CC[C@@H](c1nnnn1CCc1ccc(OC)cc1)N1CCC(C(N)=O)CC1,-0.5128006935119629
guided,CCC(C)N[C-]([O-])N[CH+][C+]([O-])[N-]C(CC(C)[CH+][c+]1[cH-][cH+][cH-][cH+][cH-]1)[C+]([O-])N1CCCCCC1,-0.4566110372543335
guided,O=S(=O)(O/N=C1\CCCc2ccccc21)c1ccccc1,-2.5503950119018555
guided,CC[C@@H]1CCCCN1CCCNC(=O)c1ccc2c(c1)c1ccccc1n2C,-5.060197830200195
guided,O=C(COC(=O)c1cccnc1Cl)c1ccccc1,-2.5829036235809326
guided,CCn1nc(NC(=O)c2ccnn2C)c2cc3ccccc3nc21,-0.9382243752479553
guided,O=C(COc1ccccc1C(=O)N1CCOCC1)NCc1ccc2c(c1)OCO2,-0.5379288792610168
guided,O=C1OCCN1CCNC(=S)NCCc1cccc2cnccc12,-1.4356328248977661
guided,COc1cccc(C(=O)CN2C(=O)N[C@@H](CC(C)C)C2=O)c1,-1.0088623762130737
guided,C[C@H](CCc1ccco1)NC(=O)C[C@@H](Cc1ccccc1)C(=O)O,-0.6942587494850159
guided,C/C(=C\CC/N=C(\C)c1ccccc1O)C(=O)NS(=O)(=O)c1ccc(Br)cc1,-0.5554572939872742
guided,CNN1[C+](SC[C+]([O-])N2[CH+][CH+]CCCC2)[N-][N-][C-]1C[C-]1[CH-][CH+][CH-][CH+][CH-]1.[H+],-1.3975871801376343
guided,O=S(=O)(NCc1cccc(-n2cnnn2)c1)c1ccccc1,-0.6910778284072876
guided,CCCNC(=O)c1cc2sccc2n1C,-6.001669883728027
guided,CN(CC(=O)Nc1nc2ccccc2s1)S(=O)(=O)c1cccc(F)c1,-0.8784767985343933
guided,FCCCOc1ccc2ccccc2c1,-11.42082691192627
guided,[O-][C+]1CS[C-]([S-])N1[N-][C]C1CC1,-5.099510192871094
guided,COc1ccc(C(=O)N2C(=O)c3cc4c5c(cccc5c3C2=O)CC4)cc1,-1.7207131385803223
guided,Fc1ccccc1CN1CNC(=S)NC1,-7.351129055023193
guided,O[C@H](CC/C=N\NC(=S)Nc1ccccc1)c1ccccc1F,-2.3526341915130615
guided,COC(=O)CCn1c([C@@H](C)N(C)C)n[nH]c1=S,-2.3431754112243652
guided,O=C(COC(=O)c1c2c(nc3ccccc13)CCCC2)NC1CC1,-1.2859551906585693
guided,CCCC[S+2]1([O-])[CH-][C-]2[CH+][CH-][CH+][CH-]N2CC1[C+]([O-])O,-1.3450604677200317
guided,[O-][C+](CO[c-]1[cH+][cH-][cH+][c-]([CH+][N-][c+]2[cH-][cH+][cH-][cH+][cH-]2)[c+]1[O-])N1CCOCC1,-0.4988504946231842
guided,[O-][C+]([C-]1[C][N-][C+]2SCCN21)[c-]1[cH+][cH-][cH+]s1,-4.814926624298096
guided,Clc1cccc(CSc2ncnc3c2cnn3-c2ccccc2Cl)c1,-4.561519622802734
guided,O=C(c1ccc(F)nc1)N1CCC[C@H](CNS(=O)(=O)c2cccs2)C1,-0.7501983642578125
guided,Cn1c(=O)c2c(ncn2CCCOc2ccc(Br)cc2)n(C)c1=O,-1.2586408853530884
guided,COc1cc(CCOC(=O)c2cccnc2)c(/C=C/C=C(C)C)c(C)c1C,-3.6358654499053955
guided,S=C(c1ccc(-c2cccc(Cl)c2)o1)N1CCOCC1,-7.395787715911865
guided,[O-]N1[N-][CH+][CH+][C-]([C+]([CH-][c+]2[cH-][cH+][cH-][c+](O)[cH-]2)C[c+]2[cH-][cH+][cH-][cH+][cH-]2)N1,-0.9178467392921448
guided,O=c1[nH]cccc1[C@H](O)c1cccc(Cl)c1,-2.8441736698150635
guided,Clc1ccc2c(c1)nnn2C1CCN(Cc2ccccc2)CC1,-5.696940898895264
guided,C=[N+](C)C.[O-]P(O)[C@H](Cc1ccccc1)/N=C/c1ccccc1,-2.2154946327209473
guided,CNC(=S)NCCN1CCOCC1,-5.61889123916626
guided,FC(F)Oc1ccc(NC(=S)Nc2ccc(Br)cc2Br)cc1,-6.532243728637695
guided,CN(Cc1cccs1)/C(=N/S(=O)(=O)c1cccs1)c1ccccc1,-3.3609707355499268
guided,COC(=O)C1CCN(C(=O)c2ccc(-c3ccccc3)n2C)CC1,-2.8962905406951904
guided,Clc1ccc(NCCN2CCNCC2)cc1,-7.125080108642578
guided,CN(C)CCOCc1cccc2ccccc12,-10.561901092529297
guided,CCOC(=O)Nc1cc(Cl)ccc1N1CCN(C)CC1,-4.014822006225586
guided,CNc1c(C)nc(SCc2ccc(C(=O)O)cc2)n1-c1cccc(C)c1,-1.5120066404342651
guided,O=C(OC[C@@H]1CCCO1)/C(=C\c1ccco1)NC(=O)c1ccc(Cl)cc1,-0.7625997066497803
guided,CNC(=O)Nc1ccc(F)cc1,-4.837829113006592
guided,S=c1[nH]nc(-c2cccc(Cl)c2)n1-c1ccccc1,-5.965827941894531
guided,Cc1cc(C(=O)COc2ccc(S(=O)(=O)N3CCCC3)cc2Cl)c(C)n1Cc1cccs1,-1.4694019556045532
guided,CN(C[C-]1[CH+][CH-][C+]([c+]2[cH-][cH+][cH-][cH+][cH-]2)[N-]N1)[c-]1[cH+][cH+][n-][cH-][cH+]1,-4.157659530639648
guided,CCC(C)(C)[C@H]1CCC2=C(C#N)/C(=[NH+]\C([O-])=C/C=C(\[O-])O)[S+]=C2C1,-0.6358637809753418
guided,CCCCCCCCCCC(=O)Nc1ccc(C(=O)O)cc1,-1.469589352607727
guided,[H+].[H+].[O-][C]O[C+]([C+](O)[CH-][CH+][c-]1[cH+][cH-][cH+][cH-][cH+]1)[C-]([O-])[N-][C+]1[CH+][CH+][CH-][CH+][CH-]1,-0.532082736492157
guided,Cn1cc(S(=O)(=O)Nc2ccccc2Br)c(=O)n(C)c1=O,-0.8331449031829834
guided,COCCn1c(=O)[nH]c2cc(C(=O)Nc3ccc(C)c(C)c3)ccc2c1=O,-0.5889377593994141
guided,Cc1cc(C)cc(C(=O)Nc2sc3c(c2C#N)CCCC3)c1,-2.9683258533477783
guided,C/C(=N\OC(=O)c1cccc2ccccc12)c1ccccc1O,-2.2197585105895996
guided,Cc1ccc(S(=O)(=O)NNC(=O)c2c(Nc3ccccc3)sc3ccccc23)cc1,-0.7607122659683228
guided,CCO/N=C/c1cccn1-c1nc(N2CCOCC2)ncc1Cl,-1.6238765716552734
guided,Nc1ccc(OC/C=C\C(=O)NO)cc1,-0.8028817176818848
guided,C=CCOC(=O)c1c(-c2ccc(C)o2)csc1NC(=O)[C@H](C)NC(=O)CC,-0.6704626679420471
guided,Clc1cccc(N/N=C(/c2ccccc2)c2cccnc2)c1,-5.288109302520752
guided,Nc1cccc([P@@](N)(=O)c2ccccc2)c1,-1.3454344272613525
guided,COc1nc(Oc2ccc(C(C)=O)cc2)nc(N(C)C)n1,-1.0365067720413208
guided,FC(F)(F)[c+]1[n-][c+](S[C+]2[CH-][CH+][CH-]N(Cl)[C-]2[c+]2[cH-][cH+][n-][cH+][n-]2)[n-][nH]1,-1.1298542022705078
guided,CC(=O)N1CCOc2cc(S(=O)(=O)NCCC(=O)Nc3nccs3)c(Cl)cc21,-0.7026716470718384
guided,S=C(NCc1ccccc1)N[C@H]1CCSc2ccccc21,-7.832183361053467
guided,[NH-][P+](N)([O-])N[C+]([O-])[c+]1[cH-][cH+][cH-]o1,-1.07627534866333
guided,O=C(N[C@@H](CCCN1CCOCC1)c1ccc2ccccc2c1)c1ccccc1,-4.210746765136719
guided,N#C[C@]1(P(=O)(c2ccccc2)c2ccccc2)CC[CH-]C1=O.[H+],-2.1402294635772705
guided,N/C(CCc1ccco1)=N\NC(=O)c1ccncc1,-0.7817654013633728
guided,C=C1C=C[CH-]C=C1.[O+]#P(c1ccccc1)c1cccc2cccnc12,-6.139318466186523
guided,OOc1ccc(-c2nc([C@H]3[CH-]CCC[C@H]3F)no2)cc1.[H+],-1.3485596179962158
guided,C#C/N=c1/scccc1/N=[C-]/N/C(=C/P(=O)=S)c1ccccc1.[H+],-2.9154887199401855
guided,Brc1ccc2nc(CSc3nnc(-c4ccco4)n3Cc3ccccc3)cn2c1,-2.287445068359375
guided,O=S(=O)(O)C[C@@H](c1ccc(F)cc1)N1CCCCC1,-2.256113052368164
guided,COc1ccccc1[C@@H]1C(=O)NCCN1S(=O)(=O)c1cccc2cccnc12,-0.5418446063995361
guided,CCOc1ccc(N([C@@H](C)C(=O)Nc2cccnc2Cl)S(C)(=O)=O)cc1,-0.6771460771560669
guided,CC(C)C(=O)Nc1cc(C(F)(F)F)ccc1-n1ccnc1,-3.814251661300659
guided,COCCC(=O)N1CCC(n2nccc2NC(=O)c2ccccc2)CC1,-0.722172737121582
guided,COCCN[C][C+]([C][N-2])[N-][CH+]C(O[C+]1[CH+][CH+][C-](C)[CH+][CH-]1)O[c+]1[cH-][cH+][cH-][cH+][cH-]1,-0.8505836725234985
guided,Cc1cc(C)nc(NS(=O)(=O)c2ccc(N/C=C/C(=O)c3ccc(Cl)cc3)cc2)n1,-0.7655164003372192
guided,CN1[CH+][C+](CC[C+]([O-])[O-])[CH+][N-]1.C[c+]1[cH-][c+](OCCN[C-]([O-])C2CC[C][C+]3[C+]2[CH+][CH-]N3C)[cH-][cH+][c-]1C,-0.5001874566078186
guided,CN[S@+](CC(=O)NCCCN1CCc2ccccc21)N=[S@](=O)([O-])c1ccccc1,-0.47527506947517395
guided,[O-]N([O-])[C+]1=CN=C[C]/C1=[NH+]\C1CCCCC1,-0.9478434324264526
guided,COc1ccnc2c1c(=O)n(CCC(=O)c1cccc(S(=O)(=O)N(C)C)c1)c(=O)n2C,-0.6747632622718811
guided,O=[N+]([O-])c1cc(S(=O)(=O)N2CCOCC2)ccc1NC[C@@H](O)CNc1ccc(Br)cc1,-0.5228719711303711
guided,CCCC(=O)Nc1ccccc1C#N,-3.066758155822754
guided,[CH][N-][CH+][C][CH+][CH-][CH+][C]NC[c-]1[cH+][cH-][cH+][c-](OC)[c+]1OC,-4.001373291015625
guided,CCOP(=O)(OCC)C(C#N)=C1SCN(CCc2ccc(OC)c(OC)c2)CS1,-0.9580406546592712
guided,O=CO[C@H](Cc1ccccc1Cc1ccccc1)C(=O)O,-1.6560618877410889
guided,O=C(Nc1ccc(Cl)c([N+](=O)[O-])c1)N1CCCN(Cc2ccc(F)cc2)C1,-0.6407711505889893
guided,CCOCCCCCOCCCC(=O)OC,-4.211349964141846
guided,O=C(c1cc(COc2cccc3cnccc23)on1)N1CCC(c2ccccc2)CC1,-1.3170242309570312
guided,Cc1ccccc1NS(=O)(=O)c1ccc2c(c1)CCN2C(=O)C1CCC1,-1.3663140535354614
guided,Brc1ccccc1OCCNCc1ccccc1,-8.504801750183105
guided,COc1ccc(/C=C/C(=O)c2cc3ccccc3o2)cc1O,-2.1032345294952393
guided,Nc1ccc(Br)cc1-c1ncn[nH]1,-1.7665008306503296
guided,NNC(=O)CCCCCCCCc1cc(=O)[nH]c(=S)[nH]1,-0.6550266742706299
guided,Nn1c(SCc2cccc([N+](=O)[O-])c2)nc2cc(Cl)ccc2c1=O,-0.6840694546699524
guided,[N-2][C+]1[N-][C][C][C+]([O-])[N-]1,-1.737365961074829
guided,COc1cccc(OCCCOc2ccccc2-c2ccccc2)c1,-7.131092071533203
guided,O=S(=O)(Cc1ccccc1)Nc1cc(S(=O)(=O)N2CCOCC2)ccc1N1CCOCC1,-0.4880969524383545
guided,O[C]NC([CH+]O)CO.[CH2-][N-][C+]([O-])O[C+]1N[C+]([O-])[C][C+]2[C+]1[C-]([O-])N(C(C)C)[C+]2[O-].[H+].[H+].[H+].[H+],-0.9034668207168579
guided,S=C(NCCc1ccc2c(c1)OCO2)Nc1ccc(Cl)c(Cl)c1,-4.4636359214782715
guided,CO/N=C\NC(C(F)(F)F)(C(F)(F)F)C(F)(F)F,-6.820952415466309
guided,CCOC(=O)N1CCN(C(=O)CC(C)C)CC1,-3.485395908355713
guided,FC(F)(F)C1(c2ccccc2)CCN(Cc2cn(Cl)c3ccccc23)CC1,-12.114472389221191
guided,OCCOc1ccc(Nc2ccnc(Cl)n2)cc1,-1.4963654279708862
guided,CN(CC(=O)Nc1ncccn1)S(=O)(=O)c1cccs1,-0.8299647569656372
guided,COCCCNCCOCCOc1ccccc1OC,-3.4122660160064697
guided,C[C@H]1CCc2nn(-c3ccc(C(=O)O)cc3)cc2C1,-2.578169107437134
guided,O=C(Cn1c(=O)c2cc3ccccc3n2c2ccccc21)NCCOc1ccccc1,-1.504967212677002
guided,CCn1cc(CNCCCSC)c([C@@H](C)c2ccc(OC(F)F)cc2)n1,-4.868826389312744
guided,F[C-]1[C][C+](NC[c+]2[cH-][cH+][cH-][c+]3[cH-][cH+][cH-][cH+][c-]23)[N-][CH+][C+]1N1CCN([c-]2[cH+][cH-][cH+][cH+][n-]2)CC1,-3.4989571571350098
guided,[H]/[O+]=C(\CCN1[CH-]C[C@@H](COc2ccc(Br)cc2Br)C1)c1ccccc1,-5.828502178192139
guided,O=C(CN1CCN(S(=O)(=O)c2ccc(Br)cc2)CC1)NC(=O)NCc1ccco1,-0.5002810955047607
guided,O=C(c1cc2c(cc1CCc1ccc3c(c1)OCO3)CCCC2)N1CCCC1,-4.851381301879883
guided,CCC[C@@H]1N2c3n[c-]n(-c4ccccc4)c(=O)c3-c3nc(-c4ccc(F)cc4)oc3[O+]12,-1.5174689292907715
guided,O=C(CCC(=O)N1CCCCC1)NCCCN1CCC(Cc2ccccc2)CC1,-2.748180866241455
guided,Fc1ccccc1OCCn1ccnc1,-7.3762335777282715
guided,COc1ccc(-c2noc(CCC(=O)NCc3ccn[nH]3)n2)cc1OC,-0.6595666408538818
guided,N[C@H](CC1=CCCCC1)C(=O)N1CCOCC1,-2.6962735652923584
guided,Br[C]1[CH][CH][C]([O+][C]2[CH][CH][C][C]([C]3[CH][N][C]4[CH][CH][CH][CH][C]4[N]3)[CH]2)[C](Br)[CH]1,-5.1633124351501465
guided,Cc1cccc(OCC(=O)Nc2ccccc2N2CCCC2)c1,-4.3770036697387695
guided,COc1cc2nc(Cl)nc(N3CCOCC3)c2cc1OC,-2.502291679382324
guided,CCOC(=O)c1ccc(NC(=O)/C=C/c2cccs2)cc1OC,-1.702024221420288
guided,CCCOc1ccc(NC(=S)N(Cc2ccccc2)C(C)C)cc1,-7.95615291595459
guided,COc1ccc(/C=N/Nc2nc(C)cc(=O)[nH]2)cc1OCc1ccccc1,-0.6568785905838013
guided,FC(F)(Cc1c[nH]c2ccccc12)C1=NCCN1,-4.799649715423584
guided,CCO[C-]([O-])C(CCS[C+]([O-])[c+]1[n-][c+]2[cH-][cH+][cH-][cH+][c-]2[c+]([O-])o1)N[C+]([O-])[CH+]O[c+]1[cH-][cH+][cH-][c+]2[cH-][cH+][cH-][cH+][c-]12,-0.4095827043056488
guided,O=C(Nc1ccc(Br)c2ccccc12)N1CCOCC1,-4.38059663772583
guided,O=C(NC(=S)Nc1ccc(Br)cn1)c1ccccc1,-2.9103622436523438
guided,COc1ccc([C@H]2CC(=O)C=C(NCc3ccccc3)C2)cc1,-4.930596828460693
guided,COCCNC(=O)CCCCn1c(=O)c2cccn2c2cccnc21,-0.738090455532074
guided,CCc1nnc(SCC(=O)Nc2ccc3c(c2)CCC3)n1N,-0.7337868213653564
guided,C/C=C1\[CH-]C(=O)C=C[C@]1(C)[C@@H]1[CH+][C@@H]2CC[C@](O)(C(=O)CO)[C@H]2C[C-]1O.[H+],-0.4463471472263336
guided,COCCCC1CCN(Cc2c(C)[nH]c3cc(OC)ccc23)CC1,-5.048840522766113
guided,CC(=O)Nc1ccc(S(=O)(=O)NCC(=O)NCC(=O)OCC(=O)N(C)c2ccc(F)cc2)cc1,-0.5751700401306152
guided,N#C[C@@H](Nc1cccc(C(F)(F)F)c1)c1ccc(Oc2ncccn2)cc1,-1.359796404838562
guided,O=C(c1ccc(Br)cc1O)[C@H]1CCCN(C(=O)CSc2ccccc2)C1,-2.155494451522827
guided,O=C(c1ccco1)N1CCN=C1SCc1ccccc1Cl,-3.8716659545898438
guided,CN1CCc2cccc(OCC(=O)N(C)[C@@H]3CCS(=O)(=O)C3)c2CC1,-1.4219286441802979
guided,O=[N+]([O-])c1cc(Cl)c(O)c2ncccc12,-1.0447920560836792
guided,NOCC(=O)Nc1ncc(-c2ccccc2)s1,-0.9901635050773621
guided,O=S(=O)(Cc1ccccc1)Nc1cccc2c1CCCC2,-3.7240681648254395
guided,Cc1cc(C)c(OCCN2CCCCC2)c(Cl)c1,-10.53976058959961
guided,CO[C-]1C=C2Nc3ccccc3C(=O)N2c2ccc(S(=O)(=O)Nc3ccc(O)cc3C)cc21.[H+],-0.6086398363113403
guided,C=CCNc1nc([C@@]2(C)C[C@@]3(CC(C)(C)OC3=O)C(=O)O2)cs1,-1.070534110069275
guided,O=C(NC[C@H]1CCCO1)c1cc2n(n1)[C@H](C(F)(F)F)C[C@@H](c1ccco1)N2,-0.774207353591919
guided,Clc1ccc(/N=C/N/N=C/C=C/c2ccco2)cc1Cl,-3.456932544708252
guided,CO[N-][c+]1[n-][c+](OC)[n-][c+](O[c+]2[cH-][cH+][c-](Cl)[cH+][cH-]2)[n-]1,-1.0164169073104858
guided,O=S(=O)(c1ccccc1)N1CCN(c2ncnc3scc(-c4ccccc4)c23)CC1,-1.3492166996002197
guided,CCOC(=O)Nc1sc(=S)n(C)c1C,-4.755568981170654
guided,[CH2-]CN(C[C+]([CH2-])C)[C-]([S-])N[C+]1[CH+][CH-][CH+][C-]([S+2]([O-])([O-])N(C)[c-]2[cH+][cH-][cH+][cH-][cH+]2)[CH+]1,-1.5768852233886719
guided,[H+].[H+].[O-]O[c+]1[cH-][c+](N([O-])[O-])[cH-][c+]2[c-]1OCO2,-0.8623453974723816
guided,CN(Cc1ccccc1)C(=O)c1cc(COc2ccc(F)cc2Cl)on1,-2.593745708465576
guided,CN1CCN(C(=O)c2cccn2C)CC1,-7.0003437995910645
guided,CCNC(=S)N(CCc1ccccc1)CCc1nc(-c2cccs2)no1,-2.6852710247039795
guided,O=C(Nc1cccc(-c2nnco2)c1)c1cccc(F)c1,-1.4314061403274536
guided,CCN(CC)S(=O)(=O)c1ccc(C(=O)O[C@@H]2CCCCC2=O)cc1,-0.6978972554206848
guided,CCCNC(=S)N(C)/N=C/c1ccc(OCCc2cccs2)c(OC)c1,-3.8301820755004883
guided,CN(C)S(=O)(=O)N1CCN(S(=O)(=O)N2CCOCC2)CC1,-0.9194754958152771
guided,O=C(Cc1ccco1)N/N=C1\C(=O)Nc2ccc(Br)cc21,-0.8334061503410339
guided,C[C@@H](CN1CCN(C)CC1)OC(=O)c1ccc2c(c1)OCO2,-3.0560317039489746
guided,OCCN(CC#C[C@@](O)(c1ccccc1)C1CCCC1)CCO,-1.5035992860794067
guided,Brc1ccccc1OCCN1CCCC1,-10.571167945861816
guided,N#C[C-](C#N)c1cnc2nc(C#[NH+])cc(-c3ccc(F)cc3)c2c1CN1CCOCC1,-0.4951643645763397
guided,NS(=O)(=O)c1cccnc1Nc1cccc2ncccc12,-0.6497552990913391
guided,NS(=O)(=O)c1cccc(NC(=O)[C@@H]2CC(=O)N(Cc3ccccc3)C2)c1,-0.5239185690879822
guided,N#CN/C(=N\c1ccc(Cl)c(Cl)c1)Oc1ccccc1,-2.5308878421783447
guided,CCNc1nc2ccccc2[nH]1,-4.918519973754883
guided,CCC1=N[C@@H](c2ccc(OC)cc2)N(O)C1(C)C,-3.9991989135742188
guided,O=C(NN1CCOCC1)c1ccccc1Nc1ccc(S(=O)(=O)Nc2nccs2)cc1,-0.47231045365333557
guided,CCCCCOC(=O)CCc1c(C)[nH]c2ccc(O)cc12,-1.791553258895874
guided,CC(=O)N[C@H](NC(=O)c1cc(Br)ccc1Br)c1ccccc1,-2.3633334636688232
guided,Nn1cc([N+](=O)[O-])nc1[N+](=O)[O-],-1.2726521492004395
guided,O=S(=O)(NC[C@H](O)c1ccccc1)c1ccccc1,-1.5387136936187744
guided,[O-][C]c1nn([C+]2=CC=CC=C2)nc1NC1=NN(c2ccc(Br)cc2)CS1,-0.7842832207679749
guided,Cn1c(N)c(C(=O)COC(=O)[C@H](Cc2ccccc2)N2C(=O)c3ccccc3C2=O)c(=O)n(C)c1=O,-0.5882436037063599
guided,O=S(=O)(N[C@H](CO)N([C][O-])Cc1ccc2c(c1)OCO2)[C+]1=CC=C(c2ccccc2)C=C1,-0.44839754700660706
guided,CN[C-]1[CH+][N-]N([C+]2[CH+][CH-][c+]3[cH-][cH+][cH-][cH+][c-]3[CH+]2)[C-]([O-])[C+]1N1[N-][C+]([C+](N)[O-])[c-]2[cH+][cH-][cH+][cH-][c+]2[C-]1[O-].[H+],-0.4599817097187042
guided,FCCCOc1ccc(OCCNCc2ccccc2)cc1,-6.475477695465088
guided,COc1cc(Cn2ccnc2C)cc(Br)c1O,-3.8327314853668213
guided,O=C(/C=C/c1ccco1)NCC(=O)N/N=C/c1cccs1,-0.8056002259254456
guided,C=CCNS(=O)(=O)c1ccc(NC(=O)Cc2ccc(OC)cc2)cc1,-0.6182617545127869
guided,CCc1nc(-c2ccc(F)cc2)c2ccccn12,-9.383071899414062
guided,Cc1cccnc1CSc1nc2c(c(=O)n(C)c(=O)n2C)n1C,-1.2898452281951904
guided,C[C@H](Sc1nc2cccnc2n1Cc1ccccc1)C(=O)NCc1ccc2c(c1)OCO2,-0.8004809021949768
guided,O=C1CN(C2CCCCC2)CN1c1ccccc1,-7.788329601287842
guided,O=C(Nc1cccc(S(=O)(=O)N(CCc2ccco2)c2ccccc2)c1)c1cccc2ccccc12,-1.4493110179901123
guided,CN1CCN(C(=O)C2=C[C@H](c3coc4ccccc4c3=O)C[C@H](OCCCCO)O2)CC1,-0.39705461263656616
guided,CCN(CC(=O)NCCc1cccc(C(F)(F)F)c1)Cc1ccccc1,-6.028221607208252
guided,FC(F)Oc1ccccc1NC(=S)Nc1ccccc1Cl,-6.180431365966797
guided,O=C(N/N=C/c1ccc(Sc2nccs2)o1)[C@H]1COc2ccccc2O1,-0.6957820057868958
guided,COc1cc(S(=O)(=O)NCCN2CCCC2)c(C)cc1C,-2.193608522415161
guided,O=C(N/N=C/[C-]=C\c1ccccc1[N+](=O)[O-])c1ccccn1.[H+],-0.5955393314361572
guided,CCOC(=O)N1CCN(C(=O)c2cc3c(=O)n4cccc(C)c4nc3s2)CC1,-0.5800374150276184
guided,O=C(Nc1ccc(-c2nc3ccccc3s2)cc1)c1ccccc1,-4.6681718826293945
guided,O=C(NC(=S)Nc1nccc(-c2ccco2)n1)c1ccccc1F,-0.936103105545044
guided,Cc1c(C(=O)Nc2nnn(C)n2)oc2ccccc12,-0.8404747247695923
guided,O=C(NNc1c(F)c(F)cc(F)c1F)c1cn(-c2ccccc2)nc1-c1cccc(Br)c1,-2.7577402591705322
guided,Brc1ccccc1CNCCc1cccnc1,-7.742940902709961
guided,Clc1ccccc1OCCn1cc2c(n1)CCCCC2,-7.187793731689453
guided,Cc1nc(/C(N)=N/OC(=O)Cc2ccccc2)cs1,-1.0410112142562866
guided,Cc1c(C(=O)C(=O)NC(C)C)c2ccccc2n1C,-3.255150318145752
guided,CCCCCOc1ccccc1CCNCCCN(CC)CC,-7.653499126434326
guided,CC(C)C(=O)Oc1ccc2c(c1)oc1ccccc12,-4.875192165374756
guided,Fc1ccc([C@@H](c2ccccc2)N2CCN(c3ncncc3F)CC2)cc1,-5.919910430908203
guided,CCNCc1ccc(CNC(=O)c2ccco2)cc1,-2.7532589435577393
guided,CN(C)C(=O)N/N=C\c1ccc(C(C)(C)C)cc1,-4.079409122467041
guided,[H+].[H+].[O-][C+]1[C][CH+][C-](O)[C][N-][C+]([O-])[C+]2[C][C+](N1)[C+]1C3[c+]4[cH-][cH+][cH-][cH+][c-]4[N-][C+](N4CCOCC4)C13[CH+]2,-0.4723949432373047
guided,[O-][C+]1[CH-][CH+][CH-][c+]2[cH-][c+](N([O-])[O-])[c-](Cl)[cH+][c-]2N1CCCCCCCN1CCC(O)CC1,-0.4509691298007965
guided,O=C(Cc1ccccc1F)Nc1nnc(COc2ccc(F)cc2)s1,-1.7995221614837646
guided,O=C(C[C@@H]1CC(=O)N(C2CC2)c2[nH]c(=O)[nH]c(=O)c21)N1CCOCC1,-0.6792463064193726
guided,CNNC1CCCCC1,-8.324880599975586
guided,COCc1ccc(CN2CCC(C(=O)Nc3ccc(-c4cccc(Cl)c4)cc3)CC2)o1,-2.850168466567993
guided,O=[N+]([O-])c1cccnc1NNCCO,-0.8092494010925293
guided,[H+].[OH-].[O][C](O)[C](C[CH+]C[CH-]CO)[C]([C][C]C[C]CC[C+]1[CH][CH]C(O)CC1)CC1CCC2(CC1)[C]([O])N[C]1[CH][CH][CH][CH][C]12,-0.979989230632782
guided,Cc1ccccc1-n1cc(CNCCCn2cccn2)c(-c2ccccc2)n1,-3.415283441543579
guided,[O-][C+]1CCCN1CCCC[N-]CC1CCCC([c+]2[cH-][cH+][c-]([C+]([O-])N3CCN([c-]4[cH+][cH-][cH+][cH+][n-]4)CC3)[cH+][cH-]2)C1,-0.40217214822769165
guided,[CH2+][C+]1[C+]([C-](C)[O-])[C+](C)[CH-][CH+][C-]1[C-]1[C+]([CH-][CH+][C-]([O-])C(F)(F)F)CC2[C+]([O-])N(C)C[C+]([O-])N12,-0.7647718787193298
guided,CC[C@H](NS(=O)(=O)c1ccc(C)cc1)C(=O)NC1CCCC1,-0.9403815865516663
guided,Brc1ccc(-c2nc3ncccn3c2NC2CCCCC2)o1,-2.5559535026550293
guided,CCC(=O)Nc1cccc(C(=O)Nc2ncc([N+](=O)[O-])s2)c1,-0.7002922892570496
guided,COc1ccc(C2(CNC(=O)C(C)C)CCCC2)cc1OC,-3.6013906002044678
guided,CC(=O)N1CC=C[C@@H]1C(=O)NC1(C(=O)NC2CCN(C3CCCCC3)CC2)CCCCC1,-0.6082090139389038
guided,COc1cc(CC(=O)Nc2cc(C)cc(C)c2)ccc1Oc1nc(Cl)ncc1F,-1.2663229703903198
guided,CCC[C@@H](NS(=O)(=O)c1ccc(Br)cc1)C(=O)OCC(=O)Nc1ccc(N2CCCCC2)cc1,-0.46612313389778137
guided,O=C(Nc1ccccc1NC(=O)NC(F)(F)C(F)(F)F)NC1CCCCC1,-0.7111470699310303
guided,[N][C]C(N[C]1[CH][C](N([O-])[O-])[CH][CH][C]1[C]([O])O)[C+]1[CH][CH][CH][CH][CH]1,-0.7324081659317017
guided,BrCn1c([C@H](Sc2ccccn2)c2ccccc2)nc2ccccc21,-6.869380950927734
guided,[H]/N=C1/c2cnoc2[C@@H](c2ccc(OCCC(F)(F)C(F)F)cc2)N1c1ccnc2ccccc12,-1.458843469619751
guided,Clc1ccc(N2C=N[C@H](Oc3cccnc3)CC2)cc1Cl,-5.151307106018066
guided,O=C(COc1ccccc1)Nc1cccc(OCCO)c1,-1.3830952644348145
guided,O=C1CN(CC(=O)N2CCCCC2)c2ccccc2O1,-3.1544151306152344
guided,FC(F)Oc1ccc(NC(=S)NCCc2c[nH]c3ccccc23)cc1,-3.420637845993042
guided,[NH-]CC(O)CCC[C+]1[CH-]N(CC[c+]2[cH+][c+]3[cH-][cH+][cH-][cH+][c-]3n3[n-][n-][n-][c+]2-3)[N-][N-]1,-0.4707286059856415
guided,[S+]#P(N1CCOCC1)N1CCOCC1.[c-]1ccccc1,-7.8359150886535645
guided,CO/N=C(\C)CC(=O)N[C@H](C)c1ccccc1,-3.30910062789917
guided,Clc1ccc(-c2noc3ncnc(N4CCOCC4)c23)cc1,-1.6663429737091064
guided,NS(=O)(=O)c1ccc(N2CCCC2=O)c(NC(=O)COC(=O)c2cc(F)cc(F)c2)c1,-0.6161239743232727
guided,COCc1c(C(=O)NNC(=O)c2ccc(C)cc2)nnn1-c1nonc1N,-0.8596128225326538
guided,COc1cc2c(cc1OC)C(=O)/C(=C(/O)c1ccc(CN3CCOCC3)cc1)C2,-1.203258752822876
guided,CN(C)CCCN[C@H]1CS(=O)(=O)C[C@H]1O,-1.5400657653808594
guided,CCOCCCn1c(SCc2cc(=O)n3ccsc3n2)nc2ccccc2c1=O,-0.7546020746231079
guided,O=[N+]([O-])c1ccc(NC2=NS(=O)(=O)c3ccccc32)cc1NCCOCCO,-0.5018525719642639
guided,O=[N+]([O-])c1cccc2c(S(=O)(=O)N3CCCC3)cccc12,-0.622214138507843
guided,COc1ccc(Br)cc1CNC(=O)c1ccc(C(C)(C)C)cc1,-5.110550403594971
guided,CN(Cc1ccccc1)C[C@H](O)COCc1ccc2ccccc2c1,-5.875541687011719
guided,COCCC(=O)N1CCNC(=O)[C@@H]1CC(=O)Nc1nccs1,-0.6746971607208252
guided,O=C(NCCOc1ccccc1C1CCN(Cc2ccccc2)CC1)c1ccccc1,-4.394558429718018
guided,COCCN(C(=O)c1csnn1)[C@@H](C(=O)NC1CCCCC1)c1cc2cc(C)ccc2[nH]c1=O,-0.4879891276359558
guided,CC(C)(C)C(=O)OCc1cn(-c2ccccc2)nn1,-2.538234233856201
guided,CCCCNC(=O)[C@]12C[C@H]3C[C@H](C[C@H](C3)C1)C2,-6.9812541007995605
guided,S=c1n(Cc2ccccc2)c2ccnc3c2n1CCCC3,-8.040441513061523
guided,O=C(/C=C\c1ccccc1)Nc1ccc(NC(=O)c2c(F)cccc2Cl)c(C(=O)O)c1,-0.8155130743980408
guided,CO[c-]1[cH+][cH-][cH+][cH-][c+]1N1[CH-]CN(C[c+]2[cH-][cH+][cH-][c+]3[cH-][cH+][cH-][cH+][c-]23)CC1,-9.591442108154297
guided,C=[N+]=[C-]/[S+]=C/C.C[C-](C)Oc1ccc(Br)cc1,-8.305355072021484
guided,COC(=O)c1ccccc1NC(=S)N(Cc1ccccc1)Cc1ccc(OC)c(OC)c1,-2.184643268585205
guided,COc1ccccc1C(=O)NNC(=O)/C=C/c1ccccc1,-1.4879823923110962
guided,COc1ccc(/C=C/C(=O)OCC(=O)N[C@H](C)c2ccccc2)cc1,-1.6267107725143433
guided,Cn1c2ccc(F)cc2c2nnc(SCC(=O)Nc3cccc4cccnc34)nc21,-0.6899829506874084
guided,CCOc1ccc(OCCOCCN2CCc3ccccc3C2)cc1,-6.24420690536499
guided,CCC(=O)c1ccc(S(=O)(=O)N2C[C@H](C)O[C@@H](C)C2)cc1O,-0.7054497599601746
guided,O=C(NNS(=O)(=O)c1ccccc1C(F)(F)F)c1cc(-c2ccccc2Cl)n[nH]1,-0.7588928937911987
guided,Cc1ccc2c(COC(=O)CNC(=O)c3ccccc3Cl)cc(=O)oc2c1,-0.6395522356033325
guided,COc1cccc(S(=O)(=O)N2CCC(C(=O)NC[C@H]3CCCCO3)CC2)c1,-0.5702285766601562
guided,N#Cc1sc2nc3c(c(-c4ccc(F)cc4)c2c1N)CCCC3,-1.9103120565414429
guided,CCOc1ccc2nc(-c3ccc(OC(=O)N(CC)S(=O)(=O)c4ccccc4)cc3)cc(C)c2c1,-1.1284081935882568
guided,Clc1ccc([C@H](c2c[nH]c3ccccc23)N2CCN(c3ncccn3)CC2)cc1,-3.3357694149017334
guided,Fc1ccc(Cn2nnnc2[C@@H](c2ccccc2C(F)(F)F)N2CCC(n3nnc4cc(C(F)(F)F)ccc43)CC2)cc1,-1.425093173980713
guided,CO[C]1[CH][CH][CH][C]([C]([O])[O+][N][C][CH][CH][C]2[CH][CH][CH]O2)[CH]1,-1.9433187246322632
guided,O=C(NC(=S)Nc1cccc(N2CCOCC2)n1)c1ccco1,-0.7915214896202087
guided,COc1cc(O)c(C2C3=C(CCCC3=O)NC3=C2C(=O)CCC3)cc1OC,-0.6025006771087646
guided,O=C(Nc1cccnc1)N1CCC[C@H](O)C1,-1.6277014017105103
guided,CCN(CC(=O)Nc1cccc(Br)c1)CC(=O)Nc1ccc(F)cc1F,-1.9378716945648193
guided,O=C(C1CC1)N1CCc2cc(S(=O)(=O)NCCCCO)ccc21,-0.5275770425796509
guided,Cc1cc(C(F)(F)F)nn1CCCC(=O)Nc1cc(C(C)(C)C)nn1-c1ccccc1,-1.8197110891342163
guided,O=C(NNC(=O)C1CCN(S(=O)(=O)CCC(F)(F)F)CC1)C1CCCCC1,-0.6971036791801453
guided,CCOc1ccc2c(c1)[C@H](N(CCN1CCOCC1)C(=O)Nc1ccccc1)CC(C)(C)O2,-1.6053932905197144
guided,O=C(NCCc1ccc(OS(=O)(=O)c2ccc(Cl)cc2)cc1)c1cccs1,-1.0759539604187012
guided,CC1=C(C(=O)OC2CCCCC2)[C@@H](c2ccc(C)o2)C2=C(CCCC2=O)N1,-1.3312785625457764
guided,N#Cc1ccc(C(N)=S)cc1,-3.7016806602478027
guided,Fc1ccc(-c2nnc(N3CCOCC3)c3ccccc23)cc1,-4.884088039398193
guided,C[CH-]C[C@@H]([CH+]C=C(C)C)C(=O)N[C@@H](Cc1ccc(S(N)(=O)=O)cc1)C(=O)O,-0.5663889050483704
guided,CCOc1cccc(OCCOCCN2CCN(C)CC2)c1,-5.714853286743164
guided,COc1ccccc1/C=N/N1CCN(c2ccc(C)cc2C)CC1,-6.8688645362854
guided,CCOc1cc(C(=O)Nc2c(C)ccc3nsnc23)cc(OCC)c1OCC,-0.7959275841712952
guided,COCCNC(=O)Cn1c(=O)n(CCCC(=O)NCc2ccc(OC)c(OC)c2)c(=O)c2sccc21,-0.5581333637237549
guided,NC(=O)c1nn(CCc2ccccc2)nc1NC(=O)c1cc(COc2ccc(C(F)(F)F)cc2)on1,-0.6651061773300171
guided,O=C(CNS(=O)(=O)c1ccccc1)OCC(=O)c1ccccc1Cl,-0.6531219482421875
guided,O=C(Nc1ccc(S(=O)(=O)NCc2ccccc2)cc1)c1ccccc1[N+](=O)[O-],-0.558971107006073
guided,Cc1ccc(NC(=O)NCCN2CCCCC2)cc1,-3.9194374084472656
guided,O=C(O)CSc1nnc(Cc2ccccc2)n1CCc1ccccc1,-1.3572944402694702
guided,S=C(Nc1cccc2cnccc12)NC1CCN(Cc2ccccc2)CC1,-4.50872278213501
guided,[O][C](NN[C+]1[N][C]2[CH][CH][CH][CH][C]2N1)N[C]1[CH][CH][CH][C](N([O-])[O-])[CH]1,-0.8345916867256165
guided,NC(=O)c1oc2ccccc2c1NC(=O)c1ccco1,-0.7300237417221069
guided,O=C(/C=C/c1ccco1)N/C(=C/c1ccco1)C(=O)NCCSc1ccccn1,-0.5628584027290344
guided,[CH2+]C[S@@](=O)([O-])=N/C(N=c1cc[c-](S(N)(=O)=O)cc1)=[S+]/CC(=O)Nc1ccccc1,-0.6353061199188232
guided,[CH2-]N(CC[N-]C)c1ncnc2c1/C(=C1\C=CC=[S+]1)C=[S+]2,-4.335526943206787
guided,O=NN1CCN(Cc2ccc3c(c2)OCO3)CC1,-2.736454725265503
guided,C[C@@H](O)CNc1ncnc2cc(-c3ccccc3)sc12,-2.307960033416748
guided,NC(=O)[C@H](c1cccc([N+](=O)[O-])c1)N(C(=O)C1CC1)c1ccc(F)cc1,-0.47989407181739807
guided,O=[N+]([O-])c1cc(Sc2nc3ccccc3s2)ccc1NCc1ccccc1,-2.019411563873291
guided,N[P@@](=O)(OCCCCc1ccccc1)Oc1ccccc1Cl,-2.0425524711608887
guided,CCC(=O)N1CC(=O)Nc2ccc(C(F)(F)F)cc21,-3.4384753704071045
guided,C[C@H]1Oc2ccccc2N(CC(=O)c2cccc(Cl)c2)C1=O,-3.7383902072906494
guided,O=S(=O)(/C=C/c1ccccc1)NCCSc1ccccc1,-3.8016908168792725
guided,O=S(=O)(NCCCNc1nccc(C(F)(F)F)n1)c1ccccc1,-0.7514246702194214
guided,O=[N+]([O-])c1cc(NC(=S)Nc2ccc(F)c(Cl)c2)ccc1N1CCCCC1,-1.3640937805175781
guided,CCOCc1nc2[s+]c(C)c(C)c-2c([O-])[nH]1,-2.360534429550171
guided,COc1cc(C(=O)N/N=C/c2ccccc2OCc2ccc(F)cc2)cc(Cl)c1OC,-1.4602214097976685
guided,COc1ccccc1OCCCCSc1nccn1C,-5.453794002532959
guided,[H+].[H+].[H+].[O-]C([O-])=[C-][NH2+][C@@H]1OC([O-])=N/C1=N/C(c1ccccc1)c1ccccc1,-0.5737485885620117
guided,FC(F)Oc1ccc(-n2cn[nH]c2=S)cc1,-4.565314292907715
guided,O=C(NC(=S)NC[C@@H]1CCCO1)c1ccco1,-1.8755260705947876
guided,Cc1[nH]n(CCc2ccccc2)c(=O)c1-c1ccc2ccccc2c1,-5.106532573699951
guided,CCC(=O)OCc1nnc(-c2ccccc2)o1,-1.749565839767456
guided,CC(C)N(C(=O)Cc1ccccc1[N+](=O)[O-])C(C)C,-1.9009182453155518
guided,Cc1ccc([C@@H](c2nnnn2C[C@@H]2CCCO2)N2CCN(c3cccc(C)c3C)CC2)cc1,-1.9895461797714233
guided,[CH-][CH][CH-][C]1[C][C][S+2][C]([N][C]([O])[C-][CH][C]([O])[C]2[C-][CH][CH][CH][CH]2)[N+][C][CH][N][C]2[C-][CH][C]([CH][CH]2)[S+3]([O])([O-])[NH+]1,-0.7864671945571899
guided,Fc1ccc(-c2nnc(SCc3ccccc3Cl)c3ccccc23)cc1,-8.403968811035156
guided,NC(=O)N[N+]1=C2CCC3=C([O-])NC(=O)C3=C[C@H]21,-0.8374351859092712
guided,NC(=S)NC(=O)c1cc2c(-c3cccc(Cl)c3)nn(-c3ccccc3)c2s1,-1.2060712575912476
guided,CC(=O)Nc1ccc2nnc(CCN(Cc3ccccc3)C(=O)Cc3ccccc3)n2c1,-0.6245827674865723
guided,COc1ccc(C(=O)N2CCC[C@@H]2C(=O)O)cc1S(=O)(=O)N(C)c1ccc(C)c(C)c1,-0.47914859652519226
guided,F[c-]1[cH+][cH-][c+](-[c-]2[n-][c+]3[cH+][cH-][cH+][cH-][c+]3[c-]3[c+]2[N-][CH+][N-][N-]3)[cH-][cH+]1.[H+],-2.8399949073791504
guided,Oc1cc2c(cc1CN1CCCCCC1)OCO2,-4.4010772705078125
guided,N[S+2]([O-])([O-])[C-]1[CH+][C][C+](N(C2CCCC2)[S+2]([O-])([O-])[c-]2[cH+][cH-][c+](Br)[cH-][cH+]2)[CH-][CH+]1,-0.4870368242263794
guided,COCCCNC(=S)Nc1ccc(SC(F)F)cc1,-6.092152118682861
guided,[CH2+]CCCC[CH+][C][C+]([O-])[N-][C+]1CCCN([C-]([O-])OCC)C1.[H+],-1.1959712505340576
guided,COc1cc(/C=N\NC(=O)c2ccc3ccccc3c2)cc(OC)c1O,-0.7794523239135742
guided,C[C@@H](O)CN(CCC(N)=O)CCC(=O)O,-0.8085066676139832
guided,CCCCN(C(=O)CCC(=O)Nc1nccs1)[C@H](C(=O)NC1CCCCC1)c1ccc(F)cc1,-0.5334092378616333
guided,COc1ccc([C@@H]2C(C(=O)c3cccs3)=C(O)C(=O)N2c2cc(C)on2)cc1OC,-0.6485320329666138
guided,O/N=C/c1cc2ccccc2n1Cc1ccccc1,-5.1193766593933105
guided,Clc1ccccc1CNc1ncnc2nc[nH]c12,-1.73123300075531
guided,CC(=O)N1c2ccc(S(=O)(=O)NC[C@H]3CC[C@H](C(=O)N4CCOCC4)CC3)cc2C[C@@H]1C,-0.5141056180000305
guided,COc1ccc(CCNc2c(O)ccc3ccccc23)cc1OC,-3.1055493354797363
guided,CCOC(=O)c1nnsc1NC(=O)c1cccs1,-1.041398286819458
guided,O=S(=O)(c1ccc2ccccc2c1)N1CCN(c2ccccc2F)CC1,-4.463466644287109
guided,Cc1ccc2[nH]c(=O)c([C@@H](C(=O)O)N3CCC(C(=O)N4CCOCC4)CC3)cc2c1,-0.4013242721557617
guided,O=C(c1ccccc1)[C@@H](O)c1ccccc1,-5.098626136779785
guided,Nc1nc(F)cc(NCc2cccnc2)n1,-1.1745368242263794
guided,O[C@@H](Cc1nc(N2CCOCC2)c2ccccc2n1)C1=CC=CN2CC=CN=C12,-0.839754045009613
guided,Cn1nnnc1NC(=O)Nc1cccc(C(F)(F)F)c1,-0.9561166763305664
guided,Nc1nnc(SCC(=O)N2CCN(c3ccccc3F)CC2)n1-c1ccccc1,-0.6050344109535217
guided,Clc1cc(CSc2ccccc2)nc(CN2CCOCC2)n1,-4.999199390411377
guided,O=C(O)c1cccc(OCCn2ccnc2)c1,-1.7428240776062012
guided,CCN1CC(=O)N2[C@H](c3ccco3)[C@@H]3C(=O)N([C@H](C)C(=O)OCCOC)C(=O)[C@@H]3[C@]2(C)C1=O,-0.6427162289619446
guided,NCCN(C(=O)/C(=C\c1ccccc1)c1ccccc1)c1ccc(F)cc1,-3.648625373840332
guided,Cc1ccc2c(CC#N)coc2c1,-5.525693893432617
guided,CCC(=O)Nc1ccc(S(=O)(=O)N2CCOCC2)cc1,-0.9242233037948608
guided,Cc1ccc2cn[nH]c2c1N,-3.068659782409668
guided,CC[C@H](C)N(C)C(=O)c1ccccn1,-6.206673622131348
guided,CC(=O)Nc1c(C(=O)N2CCOCC2)cnn1-c1ccc(F)cc1,-0.8278900384902954
guided,Nc1nc2ccc(NS(=O)(=O)c3ccc(Br)s3)cc2s1,-0.8620778322219849
guided,Fc1cnc(N2CCOCC2)nc1N1CCN(c2ccccn2)CC1,-2.349108934402466
guided,O=NN1CCN(c2ccc([N+](=O)[O-])cc2-n2cccc2)CC1,-0.5224987864494324
guided,FC(F)(F)c1nc(NCc2cccnc2)c2ccccc2n1,-3.281437397003174
guided,Brc1ccc2nc(N3CCCCC3)sc2c1,-9.70732307434082
guided,O=C(NC1(O)C(=O)c2ccccc2C1=O)c1ccccc1Cl,-0.7269411683082581
guided,OC[C@@H](O)CN1CCN(c2nc3ccccc3s2)CC1,-1.995098352432251
guided,O=C(NC[C@H]1CCCO1)c1ccc(-c2cc3ccccc3oc2=O)cc1,-1.2178025245666504
guided,F[C+]1[CH-][CH+][C+](N2[C+](SC[C-]3[CH+]N[C-]4[CH+][CH-][CH+][CH-]N34)[N-][N-][C-]2CN[c+]2[cH-][cH+][c-](F)[cH+][cH-]2)[CH+][CH-]1,-2.2792105674743652
guided,CCCCN(C(=O)NC(=O)Nc1ccc(OC)cc1Br)S(=O)(=O)c1ccccc1,-0.5728771686553955
guided,N#C[C-]1N=N[C@@]23C4([O-])N5[C@]6(C/[S+]=c7\[n-]c8ccccc8s7)[N@@H+]7[C@]12[S@OH28]57463.[H+],-0.7921929359436035
guided,CCCNC(=O)CSCCC,-7.229400634765625
guided,Cc1ccc(OC[C@@H](O)Cn2c3ccccc3c3ccccc32)c([N+](=O)[O-])n1,-0.5033286213874817
guided,CCOC(=O)N(CCO)CCOCCN(CCOC)C(=O)OC(C)(C)C,-0.698236346244812
guided,C=C(C)/C=C1\[C-]=CC(C(=O)OC)=[N+]1CC(=O)O,-1.6460751295089722
guided,CO[c-]1[cH+][cH-][c+]([C-]([O-])N[C+]2[CH+][C-]([O-])[CH+][CH+][CH-]2)[cH-][c+]1[S+2]([O-])([O-])N[c-]1[cH+][cH-][c+](F)[cH-][cH+]1,-0.4222847819328308
guided,S=c1[nH]nc(CN2CCCC2)n1-c1ccc2c(c1)OCCO2,-2.5866498947143555
guided,NP(N)(=O)NC(=O)Cc1ccccc1,-0.8739219307899475
guided,O=C(COc1cccc2ccccc12)N(Cc1ccc(Oc2ccccc2)nn1)C1CC1,-1.6029300689697266
guided,O=C(/C=C/c1ccccc1[N+](=O)[O-])c1ccc(O)cc1,-0.7230320572853088
guided,Cc1ccc(CNS(=O)(=O)c2ccc3c(c2)NC(=O)CO3)cc1,-0.7052538394927979
guided,NC(=O)CNC(=O)[C@@H]1CCC(=O)N1,-1.1062605381011963
guided,S=C(Nc1ccccc1)NC1CCCC1,-7.866913318634033
guided,COc1ccccc1NC(=O)C(=O)N(CC(=O)NC1CCCCC1)c1ccccc1OC,-0.4538242220878601
guided,F[C+]([CH-][c+]1[cH+][n-][cH-][cH+][cH-]1)[c+]1[cH+][c-]2[cH+][cH-][c+]([CH-]CCl)[c-](Cl)n2[n-]1,-6.109228610992432
guided,CO[C-]([O-])[CH+][CH+][C+]([O-])OC[C-]([O-])N1[C+]2[CH+][CH-][CH+][CH-][C+]2OC[CH-]C1OC,-0.7370214462280273
guided,O=C(O[C@H]1O[C@@H](CO)[C@H](O)[C@@H](O)[C@@H]1O)c1ccc(O)cc1O,-0.6883509159088135
guided,COc1ccc(NC(=O)c2ncn[nH]2)cc1,-0.9258262515068054
guided,CN(CCCNC(=O)N1C(=O)CS[C@H]1c1ccc(Br)cc1)C1CCCCC1,-2.8389482498168945
guided,COCCNC(=O)c1cn(Cc2ccccc2C)nn1,-1.435895562171936
guided,[NH-]N(C[c+]1[n-][c+](C[c+]2[cH-][cH+][cH-][cH+][c-]2Cl)[n-]o1)[S+2]([O-])([O-])[c+]1[cH-][c+](F)[cH-][cH+][c-]1F,-0.6451221704483032
guided,COc1ccc2cc(C(=O)N3C[C@H](O)[C@@H](N4CCN(C)CC4)C3)[nH]c2c1,-0.9667521715164185
guided,COc1ccccc1N1CCN(CCO)CC1,-5.395656108856201
guided,COc1cc(SC)ccc1C(=O)OCC(=O)Nc1ccccc1N1CCOCC1,-0.7982669472694397
guided,Cl[C+]1[C-](Cl)[CH-][CH+]C23C[C+](Br)[N-]n4[cH+][n-][cH+][cH-][c+]4[O+]2[C-]13,-5.685262680053711
guided,NNC(=O)Nc1ccccc1F,-1.7917230129241943
guided,ClC[C@@H]1CN(Cc2ccccc2)CCO1,-10.626351356506348
guided,NS(=O)(=O)c1cccc(NC(=S)N/N=C\c2ccc3c(c2)OCO3)c1,-0.7306153774261475
guided,CCCCN(CC(=O)Nc1ccccc1OC)C(=O)C[C@@H]1OC(=O)c2ccccc21,-0.43487733602523804
guided,N#CCCCSc1nnc(Cc2ccccc2)o1,-1.9374595880508423
guided,O=[P@@](Nc1ccccn1)(c1ccccc1)c1ccc(Br)cc1,-4.429409503936768
guided,C[C@@H](Sc1nc(N)cc(N)n1)C(N)=O,-1.07154381275177
guided,O=C(NCC(=O)N1CCN(C(=O)[C@]23C[C@H]4C[C@H](C[C@H](C4)C2)C3)CC1)OCc1ccccc1,-0.7475167512893677
guided,CCCC(=O)N1CC(=O)N(Cc2ccc(C(=O)OC)cc2)C(=O)[C@H]1Cc1ccc(OC)cc1,-0.4468946158885956
guided,CCCC(=O)NC1=[S+]C2=C(CCCC2)/C1=C(/[O-])Nc1nncs1,-0.7428272366523743
guided,COc1ccc(/C=C/C(=O)O)cc1S(=O)(=O)n1nc(C)c(C(C)=O)c1C,-0.7373887300491333
guided,COc1cc(NC(=O)c2ccccc2)c(OC)cc1NC(=O)CCCNC(=O)c1ccco1,-0.5187819600105286
guided,ClCCSc1nnc(/C=C/c2ccccc2)o1,-5.004749298095703
guided,[H+].[H+].[O-][S+2]([O-])(C[c-]1[cH+][cH-][cH+][cH+][n-]1)[c-]1[cH+][cH-][c+](O[c-]2[cH+][cH-][c+](S[C-]3[C][C][CH+][CH-][CH+]3)[cH-][cH+]2)[cH-][cH+]1,-1.3377141952514648
guided,O=C1NC2(CCCCC2)Cc2ccccc21,-6.714478969573975
guided,COc1cccc(N2C[C@@H](CC(=O)NC[C@H]3CC[C@H](C(=O)O)CC3)CC2=O)c1Cl,-0.5033160448074341
guided,COc1cc(C[C@@H](CO)[C@H](CO)[C@@H]2OCCc3c2cc(OC)c(OC)c3OC)ccc1O,-0.48419320583343506
guided,CCn1c(SCC(=O)Nc2ccccc2C(=O)OC)nc2c1c(=O)n(C)c(=O)n2C,-0.7360367774963379
guided,O=S(=O)(CCSCc1ccccn1)c1ccc(Oc2ccc(O)cc2)cc1,-0.814163088798523
guided,S=C(NCCc1ccccn1)Nc1cc(Cl)cc(Cl)c1,-5.435415744781494
guided,CSc1nn(Cc2cccc(C(F)(F)F)c2)c(=O)[nH]c1=O,-1.6670137643814087
guided,COc1ccc(C(=O)NN2CCCCC2)cc1OC,-3.121518850326538
guided,CNS(=O)(=O)c1c(C(=O)O)cn2cccnc12,-0.799903929233551
guided,CN(c1ccccc1)S(=O)(=O)c1ccc(Cl)c(C(=O)O)c1,-0.970612108707428
guided,N[C@H](Cc1ccc(O)cc1)C(=O)O,-0.7976806163787842
guided,COCCn1c(Sc2nc(C)cs2)nc2c(oc3ccccc32)c1=O,-1.3692742586135864
guided,O[c-]1[cH+][cH-][c+]([S-])[cH-][c+]1CN1CCOCC1,-6.09834623336792
guided,Fc1ccccc1/C=N\NC(=S)N/N=C/c1ccc(Br)s1,-3.6766579151153564
guided,CC[C@H](C)NCC(=O)Nc1ccccc1C#N,-1.8223211765289307
guided,SCCO[C@H]1CCCC[C@@H]1Nc1ccccc1,-8.423890113830566
guided,CC[C@H](C)NC(=O)CN(C(=O)CCC(=O)Nc1nccs1)c1ccc(F)c(Cl)c1,-0.6183078289031982
guided,Nn1c(SCC(=O)Nc2ccccc2C(=O)O)nc2ccc(Br)cc2c1=O,-0.6570636034011841
guided,N#Cc1c([N+](=O)[O-])ccc2c1cnn2C1=NCCC1,-0.6737020015716553
guided,Cc1ccncc1NC(=O)CN1CCN(C(=O)c2ccco2)CC1,-0.6932166814804077
guided,COc1ccc(Cl)cc1C(=O)NCCOc1cccnc1,-2.1208040714263916
guided,C=COCCn1c(SCC(=O)NCc2ccco2)nc2ccccc21,-1.3274521827697754
guided,CCOc1ccccc1NC(=O)C1=[S+2]=C(c2[c-]c(N([O-])[O-])ccc2)N=C1C.[H+],-0.6346420049667358
guided,CCOc1ccc(C(=O)Nc2nnnn2-c2ccccc2)cc1,-0.7891480326652527
guided,COc1ccc2c(c1OC)C(=O)N1[C@@H](C(=O)NCCCN3CCc4ccccc4C3)CS[C@H]21,-1.0264737606048584
guided,O=C(COC(=O)c1cc(-c2ccco2)nc2ccccc12)Nc1nc(-c2cccc(Br)c2)cs1,-1.3997069597244263
guided,CCOC(=O)C1CCN(CCCSc2ccc(C)cc2)CC1,-6.520583629608154
guided,O=C(c1cccc(Cl)c1)[C@H]1CCCN(Cc2ccc(N3CCOCC3)cc2)C1,-5.879499912261963
guided,CCOc1cccc(C(=O)OCC(=O)Nc2nc(C)cc(C)n2)c1O,-0.7076421976089478
guided,Cc1ccc(NC(=O)CN(Cc2nc3ccccc3c(=O)[nH]2)C[C@@H](C)O)cc1Cl,-0.5138816237449646
guided,O=C(N/N=C/c1ccccc1OC(=O)c1cc2ccccc2o1)c1cccc(F)c1,-0.8437480926513672
guided,NS(=O)(=O)c1ccc(/N=C/c2cccs2)cc1,-1.2360180616378784
guided,[H+].[O-][C+](O)C1[CH+][C-]2CCC[C+]2[CH-]C1,-4.438945770263672
guided,CCC/[S+]=c1\nc2sc(-c3csc(C)n3)c(C)c2c([O-])n1N,-0.998927116394043
guided,Cc1ccc(NC(=O)CNC(=O)c2ccco2)nc1,-0.8303428292274475
guided,Fc1ccccc1-c1nc2ccccc2s1,-10.57947063446045
guided,O=C1/N=C(\C=C2\C=CC=C[CH-]2)C(=[NH+]/Cc2ccccn2)/O/[O+]=[C-]/c2cccc3cccc1c23,-0.8503462672233582
guided,[O-][C+]1CCN([c+]2[cH-][cH+][c-]3[cH+][cH-][cH+][cH-][c+]3[cH-]2)C(C[S+]([O-])[O-])N1,-0.5502675771713257
guided,O=C(CSCCc1nc2ccccc2[nH]1)NCCS(=O)(=O)c1ccc(Cl)cc1,-0.5234006643295288
guided,O=C(O)CCc1ccc(-c2cccs2)n1NC(=O)c1cccc(Br)c1,-1.1628621816635132
guided,COc1ccccc1C1CCN(CC(=O)Nc2ccc(C)c(F)c2)CC1,-4.307793140411377
guided,O=[N+]([O-])/C=C/c1ccccc1,-4.465070724487305
guided,FC(F)(F)c1ccc2c(C3CCCC3)n[nH]c2n1,-4.604068756103516
guided,CN(C)CCCN1C(=O)CS[C@@H]1c1ccc(Cl)cc1,-7.909815788269043
guided,COc1ccccc1OCCOCCOc1ccc(C(C)=O)cc1OC,-1.6965000629425049
guided,Nn1c(COc2ccc(F)cc2)nnc1SCC(=O)CCCl,-0.8487685322761536
guided,O=c1[nH]c2ccccc2nc1C(Cl)(Cl)[N+](=O)[O-],-0.8019574284553528
guided,CCCOc1ccc(S(=O)(=O)NCCNC(=O)Nc2cccc(F)c2)cc1,-0.6197932362556458
guided,NS(=O)(=O)NC1CCCCC1,-1.619781494140625
guided,COc1cc(NS(C)(=O)=O)nc(OCCN2CCCC2=O)n1,-0.7276119589805603
guided,CC/C(CC(C)C)=N/NC(=S)NC1CCCCC1,-5.576107501983643
guided,O=NN1CCN(c2ncc(C(F)(F)F)cc2Cl)CC1,-3.5604565143585205
guided,COc1ccc2nc(C)cc(Nc3ccccc3C#N)c2c1,-2.3790054321289062
guided,CC(=O)Nc1ccc(NC(=O)[C@H](C)Sc2nnc(Nc3ccccc3)s2)c(C)c1,-0.7707945704460144
guided,CCOC(=O)[C@@]1(C)C(c2ccc(Cl)cc2)=C(O)C(=O)N1c1ccc(C)cc1,-1.4397859573364258
guided,O=C(O)c1ccc(N2CCOCC2)cc1O,-1.2349990606307983
guided,Cc1cccc(Oc2nnnn2Cc2ccccc2)c1,-2.9924213886260986
guided,CCCCCC[P@@](=O)(c1ccccc1)c1nc(-c2ccccc2)oc1N1CCOCC1,-2.571908950805664
guided,CC1=CC(C)=[NH+]/C1=[C-]\N=c1/[nH]c2ccccc2c(=O)n1-c1ccccc1,-1.7593549489974976
guided,COc1ccc(CCNC(=O)CNC(=O)CN2CCN(CCc3ccccc3)C2=O)cc1OC(C)C,-0.47004055976867676
guided,[O][C](O)[C]1[CH][CH][CH][CH][C]1[CH][CH][C]1[CH][CH][CH][CH][C]1[CH][CH]CCN[C]([O])[C]([CH][C]1[CH][CH][C](N([O-])[O-])[CH][CH]1)N[C+]([O])[C]1[CH][CH][CH][CH][CH]1,-0.8447394967079163
guided,COc1cccc(CCc2cccnc2)c1,-8.309490203857422
guided,Clc1ccc(SCc2nc3ccccc3[nH]2)cc1,-6.990650653839111
guided,CCN(CC(=O)Nc1ccc(N2CCOCC2)cc1)Cc1nc2ccccc2c(=O)[nH]1,-0.48006653785705566
guided,CCOC(=O)c1cc(-c2ccc(C(C)(C)C)cc2)n[nH]1,-2.6894476413726807
guided,CCNNC(=S)Nc1ccc([N+](=O)[O-])cc1,-0.9821543097496033
guided,COc1ccccc1NC(=O)c1cc(C(C)C)on1,-1.8148328065872192
guided,COCCNC(=O)NC(=O)c1cc(-c2ccc(C)s2)nc2ccccc12,-0.7467643618583679
guided,Clc1ccc(-c2nnc(Nc3nc4ccccc4c4ccccc34)o2)cc1,-2.382838726043701
guided,O=[N+]([O-])c1ccc(/C(=N/Cc2ccccc2)NO)cc1,-0.5862153768539429
guided,CCC(=O)Nc1ccc(Cl)cc1C(=O)c1ccccc1,-3.755828857421875
guided,[CH2+]C1C[C-](O)C(O)[C+](CS[C-]2N[c+]3[cH-][cH+][cH-][cH+][c-]3[C+]([O-])N2CC2CCCCC2)O1.[O-]Cl,-0.4682755470275879
guided,CO[c-]1[cH+][cH-][c+]2[c-](OCC[CH-]CCC3CCC([C+]([O-])O)CC3)[cH+][cH+][n-][c-]2[cH+]1,-0.7021085023880005
guided,CO[C][CH+][C-]([CH+][O-])[CH+][N-][C+]1C[C-]([O-])[c+]2[cH-][cH+][cH-][cH+][c-]21,-1.2066121101379395
guided,C[C@@H](C(=O)N[C@H](Cc1ccccc1)c1nc2ccccc2[nH]1)n1nnc2ccccc2c1=O,-0.6067599058151245
guided,CN(CC(=O)Nc1sc2c(c1C#N)CCCC2)S(=O)(=O)c1ccc2c(c1)c(=O)n(C)c(=O)n2C,-0.6662477254867554
guided,CCCN1C(=O)/C(=N\N=C(\O)CCCC[C@H](NC(C)=O)C(C)C)c2ccccc21,-0.4849855303764343
guided,CC(=O)c1cnc(N2CCCCC2)nc1C,-3.8682990074157715
guided,Clc1ccc(OCc2cc(-c3ccccc3)no2)c(Cl)c1,-5.899840831756592
guided,O=C(CCCN1C(=O)[C@H]2CC=CC[C@H]2C1=O)N1CCCCC1,-2.286900758743286
guided,COC(=O)c1ccc2nccnc2c1,-3.1864612102508545
guided,CC1(C)[C]([O])OC([C]2[CH][CH][C](N([O-])[O-])[CH][CH]2)C2(CCCCC2)[C+]1[O],-0.6585339903831482
guided,COCc1nnc(NC(=O)CCc2ccc(C)o2)s1,-1.1335971355438232
guided,CN1CCN(c2ccccc2NC(=O)c2cc(COc3ccccc3F)on2)CC1,-1.0962728261947632
guided,O=S(=O)(O/N=C1\CCCc2ccccc21)c1ccccc1,-2.5503950119018555
guided,Brc1ccc(-c2csc3ncnc(N4CCCC4)c23)cc1,-6.791017532348633
guided,CO[c+]1[cH-][cH+][c-]([C+]2CC(C)N(CC3CCCO3)[C-]([S-])N2)[cH+][c-]1OC,-4.259001731872559
guided,CCn1nnnc1NC(=O)c1cc(OC)cc(OC)c1,-0.813701331615448
guided,CCCNC(=O)N1CCN(S(=O)(=O)c2ccc(F)cc2)CC1,-1.2597194910049438
guided,O=C(Cn1cnc2c(cnn2-c2ccccc2)c1=O)Nc1ccccc1SC(F)F,-0.707439124584198
guided,O=C(CSc1nnnn1-c1ccc2c(c1)OCO2)Nc1ccc(N2CCOCC2)c(Cl)c1,-0.597253143787384
guided,NS(=O)(=O)c1ccc(N2C(=O)C[C@H](Cc3ccccc3)C2=O)cc1,-0.5217808485031128
guided,COc1ccccc1OC[C@@H](O)CNC(CO)CO,-0.5981651544570923
guided,C=[O+]CCO.[O-]P(c1ccccc1)c1ccccc1,-2.609862804412842
guided,COc1ccccc1/C=C/C(=O)OCC(=O)c1c(N)n(C)c(=O)n(C)c1=O,-0.712086021900177
guided,Cc1c(Cl)cccc1N(CC(=O)N[C@@H](C)c1ccccc1)S(C)(=O)=O,-1.526900291442871
guided,Cc1onc(-c2ccccc2Cl)c1C(=O)N1CCN(c2ccc(F)cc2)CC1,-3.2491681575775146
guided,Cc1ccc(CCC(=O)Nc2c(F)cccc2F)o1,-4.534249305725098
guided,O=C(c1ccccc1F)N1CCN(c2cc(C(F)(F)F)nc3ccccc23)CC1,-5.271130084991455
guided,Fc1ccc(OCCCCN2CCN(Cc3cccs3)CC2)c(F)c1,-9.620916366577148
guided,S=C(NC1CC1)N1CCc2ccccc2C1,-9.962440490722656
guided,O=C(c1cccc(N2C(=O)[C@@H]3[C@H](C2=O)[C@H]2C=C[C@@H]3C2)c1)N1CCCCCC1,-2.154637575149536
guided,O=S(=O)(NC[C@@H](c1cccnc1)N1CCN(c2ccc(F)cc2)CC1)c1cccs1,-1.447471022605896
guided,OCCNc1nc(N2CCN(CCO)CC2)nc2ccccc12,-0.5231633186340332
guided,O=C(NC1CCN(S(=O)(=O)c2cccs2)CC1)c1ccc2c(c1)OCCO2,-0.579664409160614
guided,CCC(=O)NC1=[S+]C2=C(CC[C@H](C)C2)/C1=C(/[O-])OC,-2.1425349712371826
guided,CCNC(=S)NN(c1ccccc1)c1ccccc1,-7.113214492797852
guided,CCOc1ccccc1NC(=O)NC1(C(=O)N2CCC(C)CC2)CCCCC1,-1.060766577720642
guided,N#[N+][N-]CCNC(=O)c1ccc2nccnc2c1,-0.7130535840988159
guided,O=C(C1=[S+]C(=[N+]([O-])[O-])C=C1)c1cccs1,-1.707120656967163
guided,O=[N+]([O-])c1ccc2nc(-c3cccnc3)cn2c1,-1.0685547590255737
guided,O=C(NCCCN1CCN(c2ccccc2)CC1)c1ccc(-n2cccn2)cc1,-2.5405986309051514
guided,O=C(COc1ccc([N+](=O)[O-])cc1)NNC(=O)NC1CCCCC1,-0.5983624458312988
guided,CC(=O)c1ccc(/C=C2/N=C3CCCCCN3C2=O)cc1,-3.1444571018218994
guided,O=C(C[C@@H]1Oc2ccccc2N(CC(=O)N2CCc3ccccc32)C1=O)Nc1cccnc1,-0.4616621136665344
guided,CCOc1ccc(CCNC(=O)C[S@@+]([O-])Cc2nc(-c3ccc(OC)cc3)oc2C)cc1,-0.5138043761253357
guided,Nc1nonc1/C(=N/O)Nc1ccccc1,-0.8921483159065247
guided,CC(=O)N1c2ccc(S(=O)(=O)N(C)Cc3ccccc3)cc2C[C@H]1C,-2.2865850925445557
guided,COCCNc1c(-c2cc(OC)c(OC)c(OC)c2)c2ccccc2[nH]c1=O,-0.7106464505195618
guided,COc1ccc(-c2cc(C(F)F)n3ncc(C(=O)Nc4ccc5ncccc5c4)c3n2)cc1,-1.0057491064071655
guided,COc1ccc(NC(=S)NCCN2CCN(Cc3ccccc3)CC2)cc1,-4.570706844329834
guided,Cc1cccc(Nc2cnccn2)c1,-5.276749134063721
guided,CNC(=O)CN(C)S(=O)(=O)c1ccc(Cl)cc1,-1.7902199029922485
guided,O=C(O)c1ccccc1NS(=O)(=O)c1ccc(-n2cnnn2)cc1,-0.6544066071510315
guided,N#Cc1c(/N=N/c2ccc(Cl)cc2)c(-c2ccc(Br)cc2)n(Cc2ccc(Br)cc2)c1N,-3.908712863922119
guided,C/C(=N\NC(=O)c1cccc(C)c1)c1ccc([N+](=O)[O-])cc1,-0.6946038603782654
guided,S=C(NCCc1ccccn1)N1CCc2ccccc2C1,-6.922900676727295
guided,NNC(=O)CCN1CCN(Cc2ccc3c(c2)OCO3)CC1,-0.7012984752655029
guided,COc1ccc(C[C@@H]2C(=O)NCCN2C)cc1N1CCOCC1,-2.681941032409668
guided,O=C(O)[C@H]1CCCC[C@@H]1C(=O)NNCc1ccccc1,-0.7938175797462463
guided,Cc1cc(-c2ccc3ncccc3c2)n[nH]1,-4.6112823486328125
guided,Cc1cc(NC(=O)CCC(=O)Nc2ccccc2)no1,-0.7580256462097168
guided,O=C(/C=C\c1ccccc1)Oc1ccc2c(c1)OCO2,-3.9741311073303223
guided,N#Cc1ccc(Nc2ncnc3sc4c(c23)CCC4)cc1Cl,-2.0546770095825195
guided,[O-]c1[nH]c(CSc2nc(Cl)ns2)nc2[s+]c3c(c1-2)CCCC3,-1.13590669631958
guided,Nc1cn(CN(CCc2ccccc2)c2ccccc2)c(=O)[nH]c1=O,-0.618864893913269
guided,CC1=C(C(=O)Nc2ccccc2-c2ccccc2)SCCO1,-4.970066547393799
guided,COc1cc(/C=C/C(=O)C2CC2)ccc1Oc1ccc(C(F)(F)F)cn1,-3.5454468727111816
guided,CC(=O)N1CCc2cc(S(=O)(=O)CCC(=O)Nc3ccccc3C(=O)O)ccc21,-0.535751223564148
guided,CCOc1cnc(-c2ccco2)o1,-3.761645555496216
guided,O[N-][CH+][C][N-][C+]1[C+](O)[CH-][CH+][c-]2[cH+][cH-][cH+][cH-][c+]21,-1.3432992696762085
guided,Cc1cc(C)cc(OCC(=O)N/N=C/c2ccco2)c1,-1.883493423461914
guided,FC(F)(F)c1ccc(CSc2nnc(-c3ccc4c(c3)OCO4)o2)cc1,-2.5963308811187744
guided,NS(=O)(=O)c1ccc(NNC(=O)CSc2cccc3cccnc23)cc1,-0.640004575252533
guided,NS(=O)(=O)c1ccc(-n2cc(C(F)(F)F)ccc2=O)cc1,-0.7922949194908142
guided,COc1ccc2cc(CCNC(=O)C(C)(C)C)c(=O)[nH]c2c1,-1.2272839546203613
guided,O=C1Nc2cccc3ccc(S(=O)(=O)N4CCOCC4)c1c23,-0.8671973943710327
guided,Cn1c(=O)c2c(ncn2CC(=O)N2CCN(C(=O)c3ccc(F)c(F)c3)CC2)n(C)c1=O,-0.5326151847839355
guided,N#C/C(=C\c1cn[nH]c1-c1ccccc1)C(=O)NCc1ccc(F)cc1,-0.7141760587692261
guided,COc1ccc(CC(=O)NCC(=O)N/N=C\c2ccc(C)o2)cc1,-0.6362397074699402
guided,[O-]P(OCCC1CO[c+]2[cH-][cH+][cH-][cH+][c-]2O1)N1CCN([c+]2[cH-][cH+][cH-][cH+][cH-]2)CC1,-2.204742908477783
guided,COc1cc([C@H]2CC(=O)N3CN(C4CCCCC4)CSC3=C2C#N)cc(OC)c1OC,-0.8863901495933533
guided,O=c1c(/C=C2/CN=C(c3ccccc3)S2)c(N2CCN(c3ccc(F)cc3)CC2)nc2ccccn12,-2.767249822616577
guided,[CH2+]N1CCN([c+]2[cH-][cH+][c-](F)[cH+][cH-]2)CC1.[O-]P([N-]CC1CCCO1)N1CCCCC1,-2.494959831237793
guided,FC(F)Oc1ccc(-c2csc(-c3cnccc3Cl)n2)cc1,-5.931684494018555
guided,O=C1CS[C@@H](c2ccc(F)cc2)N1CCc1ccc([N+](=O)[O-])cc1,-1.6773713827133179
guided,O=C(Cc1ccco1)NCCOCCOCCNC(=O)c1ccccc1F,-0.505953311920166
guided,CC1=Nc2c/c(=C(/[O-])NCc3ccco3)c(C)cc2=[S+]1,-2.1375885009765625
guided,CCc1nc([C@@H](S)C2CC2)c(C)s1,-10.839407920837402
guided,NS(=O)(=O)c1cccc(NC(=O)CSc2n[nH]c(=O)n2Cc2ccc3c(c2)OCO3)c1,-0.6740447282791138
guided,O=[N+]([O-])c1ccccc1SCCO,-1.9271384477615356
guided,O=C(N[C@H]1CCCC[C@H]1N1CCCCC1)c1cc(Cl)cc(Cl)c1O,-2.830397605895996
guided,CCN[P@](C)(=O)N(O)c1ccc(F)cc1,-3.124689817428589
guided,COc1ccccc1CN1CCC[C@H](C(=O)Nc2ccccc2OC)C1,-2.9727256298065186
guided,Clc1ccc([C@@H]2CCC(c3cccs3)=NN2)cc1,-7.857522964477539
guided,Cn1cccc1C(=O)Nc1nnc(SC(C)(C)C)s1,-2.4528861045837402
guided,N#Cc1cc2c(OC[C@H](O)CN3CCN(C4Cc5ccccc5C4)CC3)cccc2[nH]1,-0.67926424741745
guided,COc1cc(N2CCc3ccccc3C2)c(-c2ccccc2)nn1,-4.979959964752197
guided,COc1ccc(Cl)cc1NC(=O)Nc1cccc(C)n1,-1.9510297775268555
guided,[O-][N-][N-][C+]1[CH+][c+]2[c+]([O-])[c-]3[c+]([cH-][cH+][c-]4[cH+][cH-][cH+][cH-][c+]43)o[c-]2[CH+][CH-]1,-0.5098247528076172
guided,COc1ccc(OC)c(N(CC(=O)NC2CCCC2)S(=O)(=O)c2ccc(OC)c(OC)c2)c1,-0.4948973059654236
guided,CCOc1ccc2nc(CN3CCN(C)[C@H](CCO)C3)ccc2c1,-3.21266508102417
guided,[CH][C+]1[C][CH+][CH-][C+]([C+]([O-])[CH-][C][N+]23[O+]4C25N(CCN(CCC)CCCCC)C453)[CH-]1.[H+].[H+].[H+],-6.318399906158447
guided,O=C(O)/C=C/c1ccc2c(c1)OCCO2,-2.550541639328003
guided,CN1CCN(C(=O)c2ccc(Oc3ccccc3)cc2)CC1,-5.848987579345703
guided,COC/C=C(/C)O[C-](C)Oc1cc2cc(/C=[C-]/CO)c(NC(=O)C=C=C=[C-][C@H](C)[C@H](O)C(C)C)c(O)c2c(O)c1C.[H+].[H+].[H]/[C-]=[O+]/C#[O+],-0.6868529915809631
guided,CCCOc1ccc(S(=O)(=O)NCc2cccs2)cc1C,-2.6850638389587402
guided,[O-][C+]1[C+]([c-]2[cH+][cH-][c+]([O+]([O-])OC3OC(CO)C(O)C(O)C3O)[cH-][cH+]2)[C]O[c+]2[cH-][c+](O)[cH-][c+](O)[c-]21,-0.5449185967445374
guided,CC(=O)c1cc(OCCOc2ccc(C)cc2)cc(O[C@H]2O[C@H](CO)[C@H](O)[C@H](O)[C@H]2O)c1,-0.5671912431716919
guided,Cc1ccc(NC(=O)CN2c3cccc4cccc(c34)S2(=O)=O)cc1S(=O)(=O)N1CCOCC1,-0.5470622181892395
guided,O=S(=O)(Nc1ccc(O)c2ccccc12)c1cccs1,-1.5349935293197632
guided,CC(O)([CH-]N1CCN(C[c+]2[cH-][cH+][cH-][cH+][cH-]2)CC1)C(C)(C)OC[c-]1[c+](Cl)[cH-][cH+][cH-][c+]1Cl,-5.472166061401367
guided,N[C@H](Cc1cc2cc3c(cc2[nH]c1=O)OCO3)c1nnc([C@H](CC(=O)O)NC(=O)C2CCNCC2)o1,-0.5837270617485046
guided,CCCCn1cc(C(=O)NCCCN2CCOCC2)c2cc(OC)c(OC)cc2c1=O,-0.5764895081520081
guided,CO/[C-]=[O+]\CCOC(=O)C1CCN(C2=C(C(=O)OCc3ccccc3)C(=O)OC2)CC1,-0.49434882402420044
guided,[O-][C+](O[c-]1[cH+][cH-][c+]([C-](O)[c+]2[cH-][cH+][c-](NCCCO)[c+](N([O-])[O-])[cH-]2)o1)[c-]1[cH+][cH-][cH+]s1,-0.44525450468063354
guided,FC(F)Oc1cccc(OCc2ccccn2)c1,-6.388627052307129
guided,C[P@](=S)(NNC(=O)c1ccccc1Cl)Oc1ccccc1,-3.41561222076416
guided,NS(=O)(=O)c1ccc(CCNC(=S)NC2CCCC2)cc1,-0.6773681044578552
guided,CCO[c-]1[cH+][cH-][c+]([S+2]([O-])([O-])N([c-]2[cH+][c-](N([O-])[O-])[cH+][cH-][c+]2OC)[S+2]([O-])([O-])[C+]2[CH+][CH-][C+]([N-][N-][N-2])[CH-][CH+]2)[cH-][c+]1OC.[H+],-0.45990511775016785
guided,CC(=O)Nc1ccc(Br)cc1F,-7.089122772216797
guided,C[C@@H]1SCCN1S(=O)(=O)c1ccccc1,-5.395375728607178
guided,O=C(CC(=O)c1ccc(-c2ccccc2)[nH]1)c1ccc(F)cc1,-3.2461862564086914
guided,COc1ccc(/C=C/C(=O)O)cc1C(=O)O,-0.6815624833106995
guided,NS(=O)(=O)c1cccc(NC(=O)CSc2nnc(NCc3ccccc3)s2)c1,-0.6777746081352234
guided,COc1ccc(C(=O)NCCc2c(C)nn(C)c2C)cc1OC1CCN(C(C)C)CC1,-1.3162972927093506
guided,O=[P@](O)(c1ccccc1)c1ccc(OCc2ccccc2)cc1,-3.6109142303466797
guided,[O-][C+](N[c+]1[cH-][cH+][cH-][cH+][cH-]1)C(O)[N-][CH+][c-]1[c+](-[c+]2[cH-][cH+][cH-][cH+][cH-]2)[cH-][cH+][c-]2[c+]1[n-][c-]1[cH+][cH-][cH+][c-]3[nH][c+]([O-])n2[c+]13,-0.5287303328514099
guided,CCCCOC(=O)c1cn(Cc2cccc(OC)c2)nc1C,-2.8597147464752197
guided,FCCCNCc1ccccc1C(F)(F)F,-10.841611862182617
guided,[C-3][C+]1[CH-][CH+]S[C+]1[C+]([O-])O,-4.820622444152832
guided,COc1ccccc1OCc1nc(C#N)c(NCC(C)C)o1,-0.8890363574028015
guided,COc1ccccc1CNC(=O)c1c(NC(=O)c2ccco2)n(C)c2ccccc12,-0.6917769908905029
guided,O=[N+]([O-])C1=NN(c2ccc(Cl)cc2)N2N=C(c3cccs3)N[C@H]12,-0.8202483057975769
guided,COc1ccc(CCN(C)Cc2nc(-c3cnon3)no2)cc1OC,-0.6849668025970459
guided,Cc1ccc2cc(C)c(SCC(=O)NC[C@H]3CCCO3)nc2c1,-3.0708508491516113
guided,CCCN(CCC)CC1=CC=C(N2CCCCC2)C1=O,-7.980442523956299
guided,C#CCOC(=O)CCCn1c(Cc2ccccc2)cccc1=O,-3.382143020629883
guided,O/N=C/C#[N+]c1[c-]cc2ccccc2c1,-5.375868797302246
guided,C=C([O-])Nn1cnnc1.[O+]#P(c1ccccc1)c1ccccc1,-0.609017014503479
guided,O=C(NCCCn1cccn1)[C@H]1CN(Cc2ccc(F)cc2)C(=O)c2ccccc21,-1.2972564697265625
guided,CC[S@+](C)[C@]12N=C(N)[C@]3(C#N)[C@@H](c4ccc(F)cc4)NC(C)=C[C@@]31C([N-2])=[S+]2,-0.7363731265068054
guided,NNc1ncccc1-c1cccc([N+](=O)[O-])c1,-0.6402368545532227
guided,Clc1ccccc1Nc1ccnc(Nc2cccc3cnccc23)n1,-2.1309330463409424
guided,N/C(Cc1ccccc1)=N\OC(=O)CN1C(=O)c2ccccc2C1=O,-0.5954180359840393
guided,CCCN(CC1CC1)C(=O)C/[S+]=c1\nc2ccccc2c([O-])n1-c1c(C)n(C)n(-c2ccccc2)c1=O,-0.510086715221405
guided,CCOc1ccc(S(=O)(=O)N(C)CC(=O)Nc2ccccc2OCC)cc1,-0.643650233745575
guided,COCC(=O)Nc1cc(-c2cn3cccnc3n2)ccc1C,-1.4006259441375732
guided,COC(=O)c1ccc(C(=O)OCCN2CCN(C(=O)NC(C)C)CC2)nc1,-0.5293446779251099
guided,Cc1nc(SCC(=O)NCc2ccccn2)c2c(C)c(C)sc2n1,-1.6229199171066284
guided,N[C@H](CN1CCC(c2ccccc2)CC1)C(=O)O,-1.4366734027862549
guided,O[C@H](COCc1cccc(C(F)(F)F)c1)CN(Cc1cccnc1)C1CC1,-3.714332342147827
guided,[O-][C+]([C][C+](Br)[C+]1[C][CH-][CH+][CH-][CH+]1)N[C-]([CH+][c-]1[cH+][cH-][cH+][cH-][cH+]1)[C-]([O-])N1CCOCC1,-1.0634052753448486
guided,Cn1nc(C(=O)O)cc1C(=O)N1c2ccccc2CCc2ccccc21,-0.8781782984733582
guided,C[C]1[CH][CH][C]2[C]([CH]1)[N][C]1[CH-][CH][C](Cl)[CH][C]1C2N([C]N)[N][N][C]1[N][O+][N][C]1[NH2+],-0.9651956558227539
guided,CCNC(=S)NCc1ccc(OC)c(OC)c1,-4.574856758117676
guided,O=C(OCn1ncc(Cl)c(Cl)c1=O)c1ccc(Oc2ccccc2)cc1,-1.2038806676864624
guided,CN(CC(=O)c1c[nH]c2ccccc12)C1CCCCC1,-5.258968830108643
guided,CNCCC1=CCCCC1,-11.100213050842285
guided,O=C(COc1ccccc1)Nc1c(C(=O)N2CCOCC2)cnn1-c1ccccc1,-0.4987241327762604
guided,Nc1ccccc1S(=O)(=O)Nc1ccccn1,-0.8060492277145386
guided,S=C(NCC1CCN(Cc2ccccc2)CC1)Nc1cccc(Cl)c1,-7.003890037536621
guided,CN(C)CC(C)(C)CNCC1CCCCC1,-10.080190658569336
guided,N#CS/C(C#N)=C/c1cccc(OCCc2ccccc2)c1,-2.483076810836792
guided,CC(=O)N(CCCCl)CCS(=O)(=O)c1ccc(Br)cc1,-2.737549304962158
guided,O=c1[nH]c(CSc2nnc(-c3ccc(Cl)cc3Cl)o2)nc2ccccc12,-0.8175675868988037
guided,CC(=O)Nc1ccc(S(=O)(=O)Nc2ccc3c(c2)n(C)c(=O)n3C)cc1,-0.6521271467208862
guided,C/C(=C/C(=O)O)C(=O)Nc1nc2ccc(Br)cc2s1,-1.0287035703659058
guided,CCc1c(C(=O)N(C)Cc2ccccc2)[nH]c(C)c1C(C)=O,-2.9856653213500977
guided,O[C@@H](Cn1ccnc1)c1cccnc1,-3.218855381011963
guided,COC[C-]1N[c+]2[cH-][cH+][cH-][c+](C)[c-]2[N-][C+]1C,-5.814481735229492
guided,CC(=O)c1cc(C(=O)NCc2ccccc2)oc1C,-2.308947801589966
guided,[N-]=CC[O+]=C1C=CC(=[NH+]C(=S)N2CCN(c3ccc(/C=[C-]/F)cc3)CC2)C=C1,-2.610811233520508
guided,COc1ccc(-c2cc(-c3ccccc3O)n[nH]2)cc1,-2.290497303009033
guided,C[C@H](CO)n1nc(Cc2ccncc2)cc1NC(=O)Nc1ccccc1,-0.5642896890640259
guided,O=C(CCS(=O)(=O)c1ccc(F)cc1)Nc1nnc(-c2cccs2)o1,-0.7284932732582092
guided,CC(=O)c1ccccc1Oc1nc(N2CCOCC2)nc(N2C=CC=CN2C)n1,-0.5336315631866455
guided,C/C(CC1CC1)=N\NC(=O)CNC(=O)c1ccc(Br)cc1,-1.2960134744644165
guided,O=C(C1=C[C+]([C][O-])=Cn2c1nc1ccccc12)N1CCOCC1,-1.0876790285110474
guided,CC(C)(C)C(=O)C1=C(O)C(=O)N(Cc2ccccc2)[C@@H]1c1cccs1,-2.3477847576141357
guided,OCCNc1c2ccccc2nc2ccccc12,-3.8703203201293945
guided,CN(C)CC(C)(C)CNS(=O)(=O)c1ccc(OC(F)(F)F)cc1,-2.426557779312134
guided,O=C(COc1ccc(S(=O)(=O)N2CCOCC2)cc1)NN1C(=O)c2ccccc2C1=O,-0.5505011677742004
guided,[H]/[O+]=C1\C(CC(C)(C)O)=[C-]CC(=O)/C(=C\[NH+]=C2/C=CC=C/C2=[O+]/C)[C@@H]1c1ccc(OC)[c-](C)c1=O.[OH-],-0.5558549761772156
guided,[O-]n1cc(-c2ccc(Br)cc2)c(/N=N/c2ccccc2)[s+]1,-3.6862878799438477
guided,CCC(=O)Nc1ccc(C(=O)N2CCc3ccccc32)c(Cl)c1,-3.27384877204895
guided,CN(C(=O)CSc1ncnc2scc(-c3ccccc3)c12)[C@@H]1CCS(=O)(=O)C1,-0.6647149324417114
guided,N#CC/[S+]=c1\nc2ccccc2c([O-])n1-c1ccc(CC#N)cc1,-0.5516499876976013
guided,O=C(Nc1ccc(CN2CCOCC2)cc1)c1cc(-c2ccc(Cl)cc2)nc2ccccc12,-3.013078212738037
guided,O=C(/C=C/c1c[nH]c2ccccc12)N1CCCCC1,-5.243230819702148
guided,CO/N=C/[C@H]1CCN(C2CC2)C1=O,-4.698592185974121
guided,COC(=O)CSCC(=O)Nc1nnc(C2CC2)s1,-1.1010167598724365
guided,O=C(Nc1ccc(NC(=O)c2cccc3ccccc23)nc1)c1c(Cl)cccc1Cl,-1.9278969764709473
guided,Cn1nc(C(C)(C)C)cc1C(=O)NC1CCCCC1,-3.7315235137939453
guided,Nc1c(C(=O)N2CCOCC2)sc(=S)n1-c1ccc(F)cc1,-2.0312769412994385
guided,N[C@@H](Cc1ccc(F)cc1)c1cn([C@H](Cc2ccc[nH]2)C(=O)N2CCNCC2)nn1,-0.4922197461128235
guided,CCCCN(CC)Cc1ccc2c(c1)OCCO2,-8.390504837036133
guided,C/C(=N\NS(=O)(=O)c1cccc(S(=O)(=O)N2CCOCC2)c1)c1ccc(F)c(F)c1,-0.6256390810012817
guided,COc1ccccc1NC(=O)c1ccccc1N(C)S(C)(=O)=O,-0.9769530892372131
guided,Cc1cc([N+](=O)[O-])ccc1-c1ccc(/C=N/Nc2ccc(N)cc2)o1,-0.6285914182662964
guided,NC(=O)CN1CCCN(S(=O)(=O)c2ccc3ccccc3c2)CCC1,-0.4407159686088562
guided,Nc1cc([S@@+]([O-])c2ccc(Cl)cc2)ccc1O,-1.330326795578003
guided,ClC1=C=C=C(n2cc(-c3cccs3)c3cnc(NC[C@@H]4CCCO4)nc32)C=C1,-3.153158187866211
guided,CCCCC/C=N/NC(=O)c1ccccc1N,-1.4589275121688843
guided,C[C@@H](OC(=O)/C=C/c1ccc([N+](=O)[O-])cc1)C(=O)NC1CCCCC1,-0.49135667085647583
guided,NC(=O)NCC[C@H](C(=O)NCC(=O)O)N(C(=O)CSc1nnnn1-c1ccc(Cl)cc1)c1ccc2c(c1)OCO2,-0.5595144629478455
guided,[NH3+]/N=C/[N-]c1c[nH]c2ccccc12,-1.4950541257858276
guided,C/C(=N\OC(=O)NC(C)C)c1c[nH]c2ccccc12,-1.6759049892425537
guided,O=C(NCCO)/C(=C\c1ccc2c(c1)OCO2)NC(=O)c1ccco1,-0.5452088713645935
guided,[O-][C-](C[C-]1[CH+][C+](N([O-])[O-])[C+](O)[C-](O)[CH+]1)NCC[c+]1[cH+][cH-][cH+][n-][nH]1,-0.6378830671310425
guided,COC[C@@H](C)NC(=O)CSc1cccc2cccnc12,-3.1474971771240234
guided,CCOc1ccccc1CN1CCNC(=O)[C@H]1CC(=O)NCc1nc(C)cs1,-0.6167347431182861
guided,COc1ccc(C(=O)OCC(=O)Nc2cc([N+](=O)[O-])ccc2F)c(O)c1,-0.6471295356750488
guided,[CH2-]S[c+]1[cH-][cH+][cH-][cH+][c-]1N(C[C-]([O-])NCC(OC)OC)[C+]([O-])CC([C+]1[CH+][CH-][CH+]O1)N1CCCCC1,-0.46126893162727356
guided,Clc1ccc(-c2nnc(SCc3ccccn3)o2)cc1,-3.192016124725342
guided,[O-]N([O-])[C+]1[CH+][CH-][CH+][CH-][C+]1[c-]1[cH+][cH-][c+]([C][N-][C+]2[CH+][CH-][c+]3[cH-][cH+][cH-][cH+][c-]3[CH+]2)[cH+][n-]1,-0.7041447758674622
guided,NNC(=O)c1nc[nH]c1C(=O)Nc1cccc(Cl)c1,-0.8294398784637451
guided,CCOC(=O)Nc1cc(CC)c(C)[nH]c1=O,-1.4937533140182495
guided,COc1cc(NC(=O)[C@H](O)n2cn[c-]3nc(CCc4ccccc4)nc3c2=O)cc(OC)c1.[H+],-0.5938166975975037
guided,O=c1[nH]c(CS[N+](=O)[O-])nc2ccccc12,-0.774622917175293
guided,Cc1ccccc1Nc1ccc(N2CCN(c3ccccn3)CC2)nn1,-2.2363944053649902
guided,Nc1nc2ccccc2n1C/C=C/COc1c(Cl)cccc1Cl,-2.9409048557281494
guided,NNS(=O)(=O)c1cccc(/N=N\c2ccc(Cl)cc2Cl)c1,-0.7594308257102966
guided,CCOCCCNC(=S)Nc1ccc2nc(N3CCOCC3)cc(C)c2c1,-2.1340253353118896
guided,Fc1ccc(OCc2nc3ccc(F)cc3[nH]2)cc1,-5.232277870178223
guided,N#CCC(=O)Nc1ccc2[nH]c3c(c2c1)CCCCC3,-1.3195549249649048
guided,O=C(c1ccc([N+](=O)[O-])cc1)N(Cc1cccc(N(CCO)CCO)c1)C1CCCCC1,-0.2953081429004669
guided,COc1nc(NCc2cccnc2)nc(NC2CCCC2)n1,-0.7121821641921997
guided,CC[C@@H](C)c1ccc(O)c(N)c1,-3.944718837738037
guided,O=C(Cn1ncc(N2CCOCC2)c(Cl)c1=O)c1ccccc1F,-1.661307692527771
guided,O=S(=O)(Nc1ccccc1OCc1ccc(Cl)cc1)c1ccccc1,-2.6760501861572266
guided,CCC(=O)Nc1cc2[nH]c(=O)cc(C)c2cc1C,-2.0120816230773926
guided,OCC1CC(F)(F)C(F)(F)[C-](C(F)(F)F)C1O.[OH-],-1.801566481590271
guided,F[c-]1[cH+][cH-][c+](-[s+]2[c-]3[n-][c+]4[cH-][cH+][cH-][cH+][c-]4[c+]4[nH][c-]5[cH+][cH-][cH+][cH-][c+]5[nH][c-]4n32)[cH-][cH+]1,-3.8842523097991943
guided,[cH+]1[cH-][cH+][c-]2[cH+][c-](C([N-]CC3CCC4CCCN43)[c-]3[n-][n-][n-]n3C3CCCC3)[cH+][cH-][c+]2[n-]1,-0.618019700050354
guided,COc1cc(/C=C2/SC(=O)N(C(C)C)C2=O)ccc1OCc1c(C)n[o+]n1[O-],-0.6912639141082764
guided,OCC1(Cc2ccccc2)CCN(Cc2cccc(F)c2F)CC1,-7.758947372436523
guided,COc1cccc(-c2c(C(=O)N/N=C/c3ccc(N(C)C)o3)nnn2-c2nonc2N)c1,-0.7656770944595337
guided,OCC1(Cc2ccccc2)CCN(Cc2cc3ccccc3o2)CC1,-5.080042362213135
guided,[O-][C+](NCCCN(CCN(C1CCCC1)[S+]([O-])[O-])[c+]1[cH-][cH+][cH-][cH+][n-]1)[c+]1[cH-][cH+][cH-][cH+][c-]1F,-0.3763830065727234
guided,CNCc1ccccc1OCc1ccccc1F,-8.532123565673828
guided,CC[C-]1[N-][C+](N)N[C+](N[c+]2[cH-][cH+][c-](C)[cH+][cH-]2)[N-]1,-1.0763561725616455
guided,COc1cc2c(cc1OC)[C@@H](COc1ccc(C)c(C)c1)NCC2,-4.7700347900390625
guided,COC1([CH-]N2C[C@H]2CS(=O)(=O)O)O[C@@H]1O.[H+],-0.9198470115661621
guided,COc1ccccc1NC(=O)COC(=O)CSc1ccccc1,-1.6810508966445923
guided,O=S(=O)(O)c1nc2ccccc2n1Cc1ccc(Cl)cc1,-1.16763436794281
guided,C[C@@H]1Cc2n/c(=[S+]\[C@@H](C)C(=O)NC(N)=O)n(CCc3ccccc3)c([O-])c2S1,-0.6557609438896179
guided,COc1ccccc1Cc1nc(C)c(C(=O)O)[nH]1,-1.1244791746139526
guided,Nn1c(SCC(=O)NCc2cccc(Cl)c2)nncc1=O,-0.7844811677932739
guided,COc1cc([C@@H](CC(=O)N2CCOCC2)c2c(OC)cc(OC)c3ccc(=O)oc23)cc(OC)c1OC,-0.5190061926841736
guided,O=C(c1ccc[nH]1)c1ccccc1-c1ccccc1,-5.988734722137451
guided,O=C(CN1CCC(n2c(=O)[nH]c3ccccc32)CC1)Nc1ccc(Br)cc1Br,-1.0770395994186401
guided,CCCOc1ccc(/C(=N/O)c2cccc3ccccc23)cc1OC,-3.111206293106079
guided,CC[C@H](/[S+]=c1\nc2ccccc2c([O-])[nH]1)C(=O)N/N=C\c1cccs1,-0.6595666408538818
guided,C[C@@H](/[S+]=c1\nc2ccccc2c([O-])n1Cc1ccc(O)cc1)C(=O)NCc1ccc2c(c1)OCO2,-0.5304768681526184
guided,CCNC1=[S+]/C(=[S+]/CC(=O)Nc2cccc(N([O-])[O-])c2)N=N1,-0.6953620314598083
guided,COC(=O)C1=C(C)N(C)C(=S)N[C@H]1c1ccc(OCc2cccc(F)c2)c(OC)c1,-2.1046180725097656
guided,CCO[c-]1[cH+][cH-][c+]2[cH-][c+]([CH-]N(CC[C+]3[CH+][CH+][C-](F)[CH+][CH-]3)C[C+]3[N-][N-][N-]N3CC3CCCO3)[c+]([O-])[nH][c-]2[cH+]1,-0.575258195400238
guided,C[C@H](/[S+]=c1/nc2c(c([O-])[nH]1)CCCC2)C(=O)N1CCc2ccccc2C1,-1.0914421081542969
guided,CCN/C=C/C(=O)c1c(C)[nH]c2ccccc12,-4.0027384757995605
guided,N#CCCN(C(=O)c1ccc(Br)cc1)c1ccc(Br)cc1,-4.132987976074219
guided,COc1cc(/C=N/O)cc(Br)c1OCC(=O)O,-0.7785146832466125
guided,c1ccc(Nc2nc(N3CCCCC3)nc(N3CCNCC3)n2)cc1,-1.2003185749053955
guided,Nc1nc(SCCCO)nc2sc3c(c12)CCCC3,-1.3757314682006836
guided,O=C(CCc1ccccc1)c1ccc(NCCCCOc2ccc(NC(=S)NC[C@H]3CCCO3)cc2)nc1,-0.9075013995170593
guided,NCCC(=O)N1CCCc2ccccc21,-3.7866313457489014
guided,COc1ccc(C2=C[C@@H](c3ccccc3)CC(=O)N2)cc1OC,-3.514941692352295
guided,COCCn1[c-]nnc1/[S+]=C\C(=O)C1=CC=C[CH-]/C1=[C-]\[O-].[H+].[H+].[H+],-0.7685393691062927
guided,Cc1ccccc1N1CCN(C2=NC(=O)[C@H](Sc3cc(C)c4ccccc4n3)S2)CC1,-3.348947525024414
guided,O=[N+]([O-])c1ccccc1/C=C/C=N/n1c(-c2ccncc2)n[nH]c1=S,-0.6050966382026672
guided,COC[C@H]1CCCN(C(=O)c2cc(=O)c3ccccc3o2)C1,-1.982532024383545
guided,CCOCCn1c(C)c(C(C)=O)c2cc(O)ccc21,-3.0919291973114014
guided,CC1(C)CC(NC(=O)Cc2ccc(Br)cc2)CC(C)(C)N1,-4.649866104125977
guided,O=[N+]([O-])c1ccc(-n2c(C3CCCCC3)nc3ccccc32)cc1N1CCCC1,-1.859350562095642
guided,CC1C[C-](Cl)CCNC1CNC[c+]1[cH-][cH+][cH-][cH+][c-]1C(F)(F)F,-7.869438171386719
guided,COC(=O)COc1cc2ncnc(Nc3cccc(Cl)c3)c2cc1OC,-0.7379478216171265
guided,NNC(=O)CCN1CCCCC1,-2.502976894378662
guided,Nn1cc(C(Cl)(Cl)Cl)nc1SCc1nc2ccccc2[nH]1,-1.347944736480713
guided,CCCOc1cccc2c(=O)n(Cc3ccccc3F)ccc12,-6.2738471031188965
guided,CCCN(CCC#N)C(=S)Nc1ccc(S(N)(=O)=O)cc1,-0.6842873096466064
guided,CC(C)C(=O)Nc1ccc(NC(=O)C2CCCCC2)nc1,-1.1428699493408203
guided,NS(=O)(=O)c1ccc2ccccc2c1,-2.1971476078033447
guided,CCCN([C]([O])N[C]1[N][CH][C](N([O-])[O-])S1)[C+]1[CH][CH][CH][C]([C](C)[O])[CH]1,-0.7315281629562378
guided,O=C(NNC(=S)Nc1ccc2[nH]ccc2c1)c1cccc(Cl)c1,-1.4830348491668701
guided,COc1ccccc1Oc1nnnn1-c1ccc(C(N)=O)cc1,-0.7249172329902649
guided,CC[C@H](C)n1nccc1NC(=O)[C@H](C)OC(=O)c1cc2ccccc2o1,-0.6771334409713745
guided,NNC(=O)/C(=C/c1ccco1)NC(=O)c1ccco1,-0.7863790988922119
guided,Clc1cccc(NCCCn2cnc3ccccc32)c1,-6.633131980895996
guided,O=C(Cn1nnc2ccccc21)N/N=C/c1cc2cccc(Cl)c2s1,-1.1936450004577637
guided,O=C(NCc1cccc(Oc2cccc3cccnc23)c1)c1cccc(N2CCCC2=O)c1,-1.2255390882492065
guided,S=c1[nH]nc(-c2cccc(Cl)c2)n1-c1ccccc1,-5.965827941894531
guided,CC(=O)Cn1ncc(Br)c(Br)c1=O,-3.4749858379364014
guided,NC(=O)c1ccc(OCCCOc2cccc3cccnc23)cc1,-0.9102129340171814
guided,COc1cccc(CN2CCC[C@H](CCC(=O)NCc3ccc(OC(F)(F)F)cc3)C2)c1,-3.062730073928833
guided,Clc1ccc(Br)cc1CSc1snnc1-c1ccccc1,-8.197361946105957
guided,O=C(Cn1ncc(Cl)c(Cl)c1=O)Nc1ccc2nccnc2c1,-0.7177361845970154
guided,COc1ccc(OC)c(CNC(=O)c2ccc(N3CCCCS3(=O)=O)cc2)c1,-0.5540406107902527
guided,NC(=O)c1c(NC(=O)/C=C/c2ccco2)sc2c1CCCC2,-0.6847126483917236
guided,CCOCCCNC(=S)Nc1ccc(S(=O)(=O)Nc2nc(=S)[nH]c3ccccc23)cc1,-0.6002802848815918
guided,[H+].[O-][S@@+](O)c1ccc2c(N3CCOCC3)cc[n-]c1-2,-1.240374207496643
guided,O=C(Nc1nccs1)C1(S(=O)(=O)c2ccccc2)CC1,-1.005336046218872
guided,CN(C)c1nc2nonc2nc1Nc1cccc2ccccc12,-0.8745086789131165
guided,C[C@H]1CCCN(c2c([N+](=O)[O-])c(=O)n(C)c3ccccc23)C1,-1.3019126653671265
guided,[CH2+]OCCO.[O-][P-]N[C+]1[CH+][CH-][C+](N([O-])[O-])[CH+][N-]1,-0.957281231880188
guided,COc1ccc2[nH]c(C)c(CCNC(=O)c3cc4ccccc4cc3O)c2c1,-0.9403507113456726
guided,O/N=C/c1ccc[nH]1,-3.9831745624542236
guided,COc1ccc(NCCC(=O)N2CCOCC2)cc1Cl,-3.1001412868499756
guided,Cc1ccc(-n2cccc2C(=O)NS(=O)(=O)c2ccc(C)cc2)cc1,-1.4418808221817017
guided,CC1=C(C(=O)O)N2C(=O)[C@@H](NC(=O)Cc3ccccc3)[C@@H]2SC1,-0.6588892936706543
guided,S=C(NC[C@@H]1CCCO1)N1CCN(C(c2ccccc2)c2ccccc2)CC1,-6.762081146240234
guided,C[CH-][C@@H](C(=O)CC[N-]CC1=C(Cl)[N+](c2ccccc2)=[N+]=C1C)c1cccc(OC(C)C)c1,-2.9021084308624268
guided,Cc1ccc2c(c1)N(CCNC(=O)c1cn(C)c3ccc(S(=O)(=O)N(C)C)cc3c1=O)CCO2,-0.5076021552085876
guided,C=C=[C-]c1ccccc1.[H]/[O+]=C\CCCC[CH2+].[O-]Br,-4.3251543045043945
guided,FC(F)(F)c1cccc(CNc2nc(CN3CCOCC3)nc3c2oc2ccccc23)c1,-1.7695714235305786
guided,C=C1C=CC=C[CH-]1.O=C(CP(=O)=[OH+])c1ccccc1,-2.7304177284240723
guided,CO[C-](N[C+]([O-])OC[c+]1[cH-][cH+][cH-][cH+][c-]1Cl)[C+]([O-])N[c+]1[cH-][cH+][cH-][cH+][c-]1C(F)(F)F,-0.6896845102310181
guided,CN1C(=O)C(=O)/C(=C(/O)c2ccc(OCC(=O)Nc3ccccc3)cc2)[C@H]1c1cccnc1,-0.4998743534088135
guided,CCCOc1cc(C)c(S(=O)(=O)N2CCN(C)CC2)cc1C,-3.3281545639038086
guided,[H+].[N-2][C]C[CH+]O[C+]([O-])[CH+][N-][C+]1[CH-]CCN([C+]2[CH+][CH-][CH+][C-](C(F)(F)F)[CH+]2)CC[N-]C1,-0.7390288710594177
guided,FC(F)(F)c1nnc(NC2=NCCCCC2)s1,-3.5700254440307617
guided,C/C(=N\NS(=O)(=O)c1ccc(Br)cc1)c1cccc([N+](=O)[O-])c1,-0.7238706946372986
guided,C[C@@H](NC(=O)CN1C(=O)NC(c2ccccc2)(c2ccccc2)C1=O)C(=O)NC1CCCC1,-0.4442172348499298
guided,CC(C)NC(=O)NC(=O)COC(=O)C(C)(C)C,-1.0022785663604736
guided,COc1ccc(/[C-]=N/N=C2/S[C@@H](CC(=O)O)C(=O)N2c2cccc3ccccc23)cc1.[H+],-0.5253303647041321
guided,C/C(=N\NC(=O)Cc1nc2c3ccccc3nc(C(F)(F)F)n2n1)c1ccco1,-0.7530237436294556
guided,COCCN[C-]1[N-][C+]2[CH+][CH-][C+](F)[CH-][C+]2[C-]2[N-][C+]([c+]3[cH-][cH+][c-](F)[cH+][cH-]3)[N-][O+]12,-1.5831531286239624
guided,CN(C)S(=O)(=O)c1cccc(S(=O)(=O)N2CCCC2)c1,-1.0365973711013794
guided,O=C(Oc1cc2c(=O)[nH]c(=O)oc2c2ccccc12)c1ccco1,-0.7175040245056152
guided,NS(=O)(=O)c1ccc(N/N=C2\C=CC(=O)NC2=O)cc1,-0.8271892666816711
guided,Brc1cnc(Nc2ccc(Oc3ccccc3)cc2)nc1N/N=C/c1cccs1,-2.0741281509399414
guided,O=C(CN1CCN(c2ccc(O)cc2)CC1)Nc1ccc(Cl)c(C(F)(F)F)c1,-2.392335891723633
guided,CCOCc1cc(=O)[nH]c(=S)[nH]1,-2.8669536113739014
guided,COc1cccc(NC(=O)N2CCCC2)c1,-4.488025665283203
guided,COc1ccc(C(=O)/C=C/c2ccc(OCc3ccccc3)c(OC)c2)c(O)c1,-1.673872470855713
guided,COc1ccccc1NC(=O)Nc1cc(C(C)(C)C)nn1C,-1.5426909923553467
guided,Cn1c(=O)c2ccccc2n(CC(=O)N2CCN(c3ccccc3F)CC2)c1=O,-1.2596944570541382
guided,O=C(Nc1ccc(S(=O)(=O)N2CCCCC2)cc1)[C@@H]1COc2ccccc2O1,-0.5157867670059204
guided,O=C(O)c1cccc(NCc2ccccc2Cl)c1,-3.351522922515869
guided,CCN(CC)CCCNC(=O)CCCn1c(=O)c2cccn2c2cccnc21,-1.0032356977462769
guided,Cc1nc2ncnn2c(C)c1Cc1ccc2c(c1)OCO2,-2.1049611568450928
guided,NS(=O)(=O)OCCCc1ccccc1,-1.5590680837631226
guided,CN(CC(=O)NC1CCN(Cc2ccc(F)cc2)CC1)S(=O)(=O)c1cccc2cccnc12,-0.489602267742157
guided,CNCCN/C=C1/C(=O)NC(=O)N(c2ccc(F)cc2)C1=O,-0.6685222387313843
guided,O=C1CN(C(=O)COC(=O)c2cccc3ccccc23)c2ccccc2N1,-0.8682247400283813
guided,[CH2-]C1CC[c+]2[cH-][c+]3[c+]([n-][c+](SC[c+]4[cH-][cH+][c-](Cl)[cH+][cH-]4)[n-][c-]3N)[n-][c+]2C1,-1.451242208480835
guided,COCCN1CCN(C(=S)NC(=O)c2ccc(-n3nc(C)cc3C)cc2)CC1,-1.7523473501205444
guided,COc1ccc2nc(OCc3ccc(F)cc3)c(C#N)cc2c1,-2.690932273864746
guided,NC(=O)N/N=C/c1cnccn1,-1.1221033334732056
guided,O=C(NC[C@@H]1CCCCN1C(=O)C[C@H](c1ccccc1)c1cc(Cl)ccc1O)c1ccco1,-0.5360704064369202
guided,COc1cccc(CNC(=O)[C@@H]2CCCN(S(=O)(=O)c3ccc(OC)c(OC)c3)C2)c1,-0.45359906554222107
guided,CO[C]1[CH][CH][CH][CH][C]1N[C]1[CH][CH][C]([C+]([O])O)[CH][C]1N([O-])[O-],-0.7343231439590454
guided,C=CCOc1ccccc1C(=O)NCC1CCCCC1,-4.926310062408447
guided,[O-]CCCN1N[CH+][N-][c-]2[cH+][cH-][c+]([S+2]([O-])([O-])N[c+]3[cH-][c+](F)[cH-][cH+][c-]3F)[cH-][c+]21,-0.4791412353515625
guided,O=C(CCn1ccnc1)O[C@H](OCc1ccccc1)[C-](F)F.[H+],-2.9429636001586914
guided,COc1cc(Br)c(C)cc1/N=C\c1c(C(=O)Nc2cc(C(C)(C)C)on2)[nH][nH]c1=O,-0.8274266719818115
guided,NC(=O)NC(=O)COC(=O)c1ccc(Cl)c(S(=O)(=O)N2CCCCC2)c1,-0.5897622108459473
guided,Fc1cccc(NC(=S)NC[C@@H](c2cccs2)N2CCOCC2)c1,-5.275662422180176
guided,Cc1cc2[nH]c(=O)c3ccccc3c2cn1,-3.9246976375579834
guided,CC(C)OC(=O)c1ccc2ccccc2c1O,-3.766268253326416
guided,COCCC(=O)N(Cc1cc2ccccc2[nH]c1=O)c1cccc(C)c1C,-1.7766984701156616
guided,NS(=O)(=O)c1ccc(CCNCc2cc3ccc(Cl)cc3nc2Cl)cc1,-0.6313371658325195
guided,Cc1nn(CC(=O)O)cc1S(=O)(=O)Nc1ccc(C(C)C)cc1,-0.6553709506988525
guided,[H]/[O+]=C\OCC[CH-]NS(=O)(=O)c1ccc2c(c1)CCC2,-1.0347402095794678
guided,N#CCC(=O)NNc1nc2ccccc2c2ccccc12,-0.8602583408355713
guided,CCCn1c(O)c(C2=CCN(Cc3ccccc3)CC2)sc1=S,-6.950676441192627
guided,O=c1c(Cl)nc2cc(Cl)ccc2n1CCN1CCOCC1,-3.5650181770324707
guided,Cc1ccc(OCCCN2CCCCC2)c(Br)c1,-10.499190330505371
guided,O=C(CNC(=O)[C@@H]1Cc2ccccc2CN1C(=O)c1ccccc1Cl)NCc1ccco1,-0.4995161294937134
guided,O=S(=O)(c1cccc(Br)c1)c1cccn1-c1ccc(F)cc1,-4.9300456047058105
guided,[O-][S@+](NCc1ccccc1)[C@]12C[C@H]3C[C@H](C[C@H](C3)C1)C2,-5.602398872375488
guided,COc1ccc(-n2nnnc2SCC(=O)NCc2ccco2)cc1OC,-0.7161448001861572
guided,CCOc1ccc([C@@H](CCCN2CCCCC2)c2ccc(OCC(=O)O)c(OC)c2)cc1OCC,-0.8973102569580078
guided,[CH2-]CCCCC(O)CC[CH+][CH-]CCCCCO[S+2](N)([O-])[O-],-0.7356516122817993
guided,COC(=O)[C@H](Cc1ccccc1)NC(=O)N1CCC[C@@H](C)C1,-2.1263725757598877
guided,COCCSc1nc(NC(=S)N(C)C)c2c3c(sc2n1)CCC3,-3.466438055038452
guided,O=C(NC[C@@H]1CCC[C@H](Cn2ccnc2)C1)C1CCN(c2ncccc2C(F)(F)F)CC1,-1.7117606401443481
guided,[H]/N=c1\oc2c(OC)cccc2cc1C(=O)N(C)c1ccc(C)c(C)c1,-1.5746490955352783
guided,Cc1ccc(O[C@@H](C)C(=O)Nc2cccnc2)c(C)c1,-3.201347589492798
guided,CN(C)S(=O)(=O)c1ccc(N2CCCC2)c(C(=O)Nc2nc(-c3cccs3)cs2)c1,-0.6259137988090515
guided,COc1ccc(S(=O)(=O)N(C)c2ccc(OCC(=O)N(C)Cc3ccco3)c(Cl)c2)cc1,-0.5710278749465942
guided,COc1cc(C)nc(SCC(=O)NC2CC2)n1,-1.9853894710540771
guided,CN(c1ccccc1)S(=O)(=O)c1ccc(NC(=O)c2ccc(F)cc2)cc1,-1.5013209581375122
guided,Cc1cc(C)cc(NC(=O)NCCCN2CCOCC2)c1,-2.6855475902557373
guided,O[C@@H](CN1CCCCC1)CN1CCN(Cc2cccs2)CC1,-6.591240882873535
guided,Clc1ccc(C2=NN/C(=N\C[C@@H]3CCCO3)SC2)cc1,-3.888801336288452
guided,S=C(Nc1ccccc1Cl)N(CCCN1CCOCC1)CC1CC1,-6.933355331420898
guided,C[C@H](N)c1nnc(SCC(=O)N(C)C)o1,-1.0618352890014648
guided,O=C(NCCN1CCOCC1)c1[s+]nn2c1N/C(=C1/C=C[C-](F)C(F)=C1)CC2,-1.1481553316116333
guided,C=[n+]1c(=C=O)cc([O-])c2ccc(C(=O)OC/C([O-])=[NH+]/c3cc(OC)c(OC)c(OC)c3)cc21,-0.6528788805007935
guided,N[P@@](=O)(Oc1ccccc1)Oc1ccc(F)cc1,-2.100552797317505
guided,NS(=O)(=O)c1ccc(Nc2ncc(C(=O)Nc3ccc(Nc4ccccc4)cc3)c3ccccc23)cc1,-1.090445637702942
guided,CC1=CC2=NC(=O)C[C@](C)(C(=O)N(CC(=O)NC3CCCC3)Cc3ccc(Cl)cc3)N2C=C1,-0.5261884927749634
guided,[CH2-]CCC/C=C(/N=N/C12CC1=C[CH-]C=C2F)C1=[S+2]=C(N2CCOCC2)C=C1,-5.14733362197876
guided,Nc1ccc(C(=O)/C=C\CCNCc2ccccc2)cc1,-2.51969838142395
guided,CCOc1ccc(S(=O)(=O)N(C)c2ccc(OC)nc2)cc1,-1.3829063177108765
guided,CNC[C@H](O)CNCc1ccco1,-2.657744884490967
guided,ON(CCN1CCN(c2ccccc2F)CC1)Cc1ccccc1,-6.35756778717041
guided,CNNC(=S)Nc1ccc2nccnc2c1,-2.1773664951324463
guided,O=c1ccn([C@H]2O[C@@H](CO)[C@H](O)[C@@H]2O)c(=O)[nH]1,-0.799903929233551
guided,COCCN1C(=O)N[C@H](c2ccccc2)C(C(C)=O)=C1C,-2.2722063064575195
guided,[N-2][C][C+]1[C+](N)[N-][C+](N)[C+]([C][N-2])C1[C+]1[CH+][CH+][C-](O[c+]2[cH-][cH+][cH-][cH+][cH-]2)[CH+][CH-]1,-0.5826154351234436
guided,CCOc1cc([C@H]2C=C(C#N)C(=O)N2c2ccccn2)ccc1O,-0.5524787902832031
guided,CCO[C]1[CH][C]([CH+][C]2S[C]([S])N(C)[C]2[O])[CH][CH][C]1O[C]1[CH][CH][C](N([O-])[O-])[CH][N]1,-0.7806019186973572
guided,C[P@@](=O)(CO)NC(=O)N1CCc2ccccc2C1,-1.3993935585021973
guided,FC(F)(F)Oc1ccccc1N(CCCNC(=S)Nc1cccc2cccnc12)Cc1ccccc1,-4.214291572570801
guided,CCOc1c2c(nc3ccc(Cl)cc13)CCC2,-8.33814525604248
guided,O=C(c1ncn[nH]1)N(Cc1ccccc1)CC1CC1,-1.9133371114730835
guided,[O-]N1c2ccc(N3CCCCC3)cc2[C@@H](F)N2C=CC=C[C@]23O[O+]13,-3.3496365547180176
guided,O=C(c1ccc2nc(Cc3ccccc3F)oc2c1)N1CCOCC1,-2.493783950805664
guided,COc1ccc(C(=O)COC(=O)CNC(=O)c2cc(=O)[nH]c(C)n2)c(OC)c1OC,-0.754830539226532
guided,S=C(NCc1ccc(Cl)cc1)N1CCN(c2ccccn2)CC1,-6.214527130126953
guided,CN(C)CCNCCCOc1ccccc1C=C1C(=O)NC(=S)NC1=O,-0.6111540198326111
guided,Cc1ccc(S(=O)(=O)N(CC(=O)Nc2ccccc2C)c2ccc(Cl)c(C(=O)N3CCOCC3)c2)cc1,-0.5149911046028137
guided,CC(C)C[C@@H](N)N(O)C(=O)Nc1ccccc1,-0.9151211977005005
guided,O=C(COC(=O)CCc1ccc(S(=O)(=O)N2CCOCC2)cc1)NC(=O)NC1CCCCC1,-0.5354156494140625
guided,CCOc1cccc(C(=O)NC(=O)Nc2cccc(C)n2)c1,-0.8322200775146484
guided,COc1ccc(N[C@@H](C)C(=O)OCC(=O)Nc2ccccc2F)cc1,-0.9185484647750854
guided,CCCOc1ccc2c(c1)C(=O)C[C@@H](CC1CCCCC1)C2=O,-4.202882289886475
guided,Fc1ccc(NC(=S)N2CCOCC2)cc1Cl,-7.828340530395508
guided,O=C(COc1ccc(O)cc1-c1ccnc(O)c1)NC(=O)CN1CCCCC1,-0.44032374024391174
guided,COc1ccc([C@H]2CC(=O)c3c(O)c(C)c(O)c(O)c3C2)cc1O,-0.6126119494438171
guided,CS(=O)(=O)CC[C@@H](c1ccc(C#N)cc1)N1CCN(C2CCCC2)CC1,-1.5415962934494019
guided,CNC[C@H](O)[C@@H](O)[C@@H](O)CO,-1.1147916316986084
guided,[C-2][C+]1[N][C](NCCCO)[C]2[CH][CH][CH]C(C(C)C)[C]2[C]1[C][N],-1.6009021997451782
guided,CN[C@H](CC(=O)O)[C@@H](O)c1ccc2oc(=O)ccc2c1,-0.5573963522911072
guided,O=[N+]([O-])c1cccnc1NCCc1ccccc1,-1.465201735496521
guided,COCCn1nnnc1SCC(=O)N1CCCCC1,-1.3196160793304443
guided,Nc1ccc(Oc2ccc(OCCCF)cc2)nc1,-2.3469231128692627
guided,O=[N+]([O-])c1cccnc1N1CCN(c2ccccc2)CC1,-1.7847278118133545
guided,CCO[c-]1[cH+][c-]([CH+][c-]2[c+]([O-])[n-][c+]3s[cH+][cH-]n3[c+]2[NH-])[cH+][cH-][c+]1OC[C-]1N[c+]2[cH-][c+](C)[cH-][cH+][c-]2OCO1,-0.6736801862716675
guided,O=C1CCNCCN1[C@@H](C#Cc1ccccc1)CO,-2.8913702964782715
guided,S=C(NCc1ccncc1)Nc1ccc(Cl)cc1Cl,-5.466516017913818
guided,O=C(NCCNC(=O)c1cc(F)cc(F)c1)c1cccnc1,-1.2728639841079712
guided,C=CCn1cnc2c(N3CCN(S(=O)(=O)c4ccc5ccccc5c4)CC3)nc(C)nc21,-0.5389873385429382
guided,CN1CCN(C(=S)C(=O)NCc2ccccc2)CC1,-5.489796161651611
guided,OCCNCCCOc1ccccc1,-4.556926250457764
guided,CCCCN1CCC(CNC(=O)c2cc3c(=O)n4cccc(C)c4nc3s2)CC1,-1.3811395168304443
guided,COc1ccc(-n2nnnc2SCC(=O)N(c2ccccc2OC)C(C)C)cc1,-0.7303197979927063
guided,CCN(CC)S(=O)(=O)c1ccc(CCC(=O)OCC(=O)Nc2cccc(OC)c2)c(C)c1,-0.5439109802246094
guided,COc1cccc(CNC(=O)CS(=O)(=O)c2ccc(C)cc2)c1,-1.1481746435165405
guided,O=C(NCC(=O)N1CCN(c2ccccc2F)CC1)C1CCCCC1,-2.8545103073120117
guided,O=C(COc1ccc([N+](=O)[O-])cc1)NNC(=S)NC(=O)c1ccc(Br)cc1,-0.6821845769882202
guided,O=C(NNC(=O)c1ccc(F)cc1)c1ccccc1,-2.4307072162628174
guided,O=S(=O)(c1cccs1)N1CCN(c2ccccc2F)CC1,-4.642270088195801
guided,O=C(N/N=C/c1ccccn1)c1ccc(Cn2cccn2)o1,-0.7485676407814026
guided,COc1cc(OC)c2c(c1)N(C(=S)N1CCN(Cc3ccccc3)CC1)CCN2C,-6.138748645782471
guided,NS(=O)(=O)c1ccc(OCCCc2nc3ccccc3[nH]2)cc1,-0.5916507840156555
guided,CCOCCOC(=O)CCC(=O)OCC,-2.3119418621063232
guided,[H]/[S+]=[C-]/COC(=O)c1[nH]c2ccc(OC)cc2c1[C@@H](C)c1cccnc1,-1.6852667331695557
guided,[CH2-]N(CC[C@@H](NC(=O)C(=O)NCCN1CCN(c2ccccc2F)CC1)C(=O)OCC)C(C)=O.[H+],-0.5311711430549622
guided,Cc1ccc2nc(C(F)(F)F)nc(N(C)N)c2c1,-2.948746919631958
guided,S=C(NCc1ccccc1)NC1CCCCC1,-7.804581642150879
guided,Cc1cc(CNc2cnc3ccccc3c2)cs1,-7.705206871032715
guided,COc1cc(/C(=C\c2oc(CO)cc(=O)c2O)CC(C)=O)ccc1OCC(=O)O,-0.5362452864646912
guided,CN(C)CCCOC(=O)COc1ccc2ccccc2c1,-4.851469039916992
guided,COCCCn1cnc2c(sc3nc(C)cc(C)c32)c1=O,-2.5388174057006836
guided,CCC1[CH+]C(N[C-]([S-])N2CCC3(CC2)OCCO3)[c+]2[cH-][cH+][cH-][cH+][c-]2N1[C-]([O-])[C+]1[CH+][c-]2[cH+][cH-][cH+][cH-][c+]2O1,-1.1272666454315186
guided,CC(=O)CCCC(=O)Nc1cccc2cccnc12,-2.179605484008789
guided,C=C(C)Cn1c(CCNC(=O)Cn2ccc3ccccc3c2=O)nc2ccccc21,-1.2240575551986694
guided,COc1ccc(C)cc1NC(=O)CN1CCN(c2ccc(F)cn2)CC1,-2.202563524246216
guided,Nc1cc(-c2ccc(Br)cc2)nn1S(=O)(=O)c1ccc(Br)cc1,-0.9805351495742798
guided,CSc1ccc(/C=N\NC(=O)C[C@@H]2CCCO2)cc1,-3.1591060161590576
guided,COc1ccc(N[C@H]2CCCN(C(=O)c3cc4ccccc4oc3=O)C2)c(OC)c1,-0.566857635974884
guided,CCOC(=O)[C@@H]1CCCN(S(=O)(=O)c2ccccc2)C1,-1.745707392692566
guided,COc1ccc(OC)c(S(=O)(=O)N(C)C)c1,-2.8033809661865234
guided,CO/N=C\c1ccc(NC(=O)CCCc2ccc(OC)cc2)cc1,-2.036050796508789
guided,CCOc1ccc(/C=C2\[S+]=C(N3CCCCC3)N=C2[O-])cc1,-3.3823981285095215
guided,C[C@H](CCc1ccccc1)NS(=O)(=O)N1CCOCC1,-2.2531864643096924
guided,COc1ccccc1C(=O)NNC(=O)c1cccs1,-1.6353873014450073
guided,CCOC(=O)N/C(C)=N/O,-1.8296362161636353
guided,O=c1c2cc(F)ccc2oc2c(O)ccc(C(O)(C(F)(F)F)C(F)(F)F)c12,-1.3292021751403809
guided,Nc1ccc(Cl)c(NC(=O)CSc2ccc(Cl)cc2)c1,-2.7493293285369873
guided,COc1ccccc1N1CCN(S(=O)(=O)c2ccc(OC(C)C)cc2)CC1,-2.0857343673706055
guided,O=C1C[C@@H](c2ccccc2)CC(O)=C1/C=N/Cc1ccccc1,-3.1688268184661865
guided,C1#[S@OH19]2(c3cncc(NCc4ccccc4)n3)N3S[C@]32C=C1,-4.737783432006836
guided,BrCCCCCCN1CCCCC1,-13.435233116149902
guided,S=C(Nc1ccc2c(c1)CCC2)Nc1ccc2c(c1)OCO2,-4.341798782348633
guided,[O-][c+]1[nH][c+]2n([c-]3[cH+][cH-][cH+][cH-][c+]13)[N-][C-]([c-]1[cH+][cH-][c+](Cl)[c-](F)[cH+]1)S2,-2.407872200012207
guided,CC(=O)O[C@@H]1CC[C@@H](c2noc3ccc(F)cc23)OC1(C)C,-2.0719082355499268
guided,O=S(=O)(/C=C/c1ccccc1)NN1CCOCC1,-2.2027947902679443
guided,COc1ccc(/N=C2\C(=O)Nc3ccccc32)cc1,-3.1859073638916016
guided,CC[C@@H](C)OC(=O)c1ccc(Cl)cc1Cl,-7.561796188354492
guided,CN(C)CCNC(=O)Cc1ncc(C(F)(F)F)cc1Cl,-4.100246429443359
guided,CO[C]1[CH][CH][C]([C+]2[CH]N3[CH][CH][CH][CH][C]3[N]2)[CH][C]1N([O-])[O-],-1.053170919418335
guided,CN1/C2=[S+]/CC(=O)NNC(=O)C3=[S@@]4(=CC=C3)N2N4[C-]1CNc1cccc(F)c1,-0.8154112100601196
guided,COc1ccc(-n2c(C)nc3cc(C(=O)N4CCOCC4)ccc32)cc1,-2.307800769805908
guided,[O-][C+]1C[C-]([C+]([O-])N([c+]2[cH-][cH+][cH-][cH+][cH-]2)C2CCCCC2)CS1,-3.179354429244995
guided,CCC[C@H](C(=O)NC1CCCC1)N(C(=O)Cn1nnc(-c2ccc(C)o2)n1)c1cccc(O)c1,-0.4402391314506531
guided,CO[C]1[CH][CH][C](C[C]([O])N[N][CH+][C]2[CH][CH][C](O[C]3[CH][CH][C](N([O-])[O-])[CH][N]3)[C](OC)[CH]2)[CH][CH]1,-0.7810437083244324
guided,NS(=O)(=O)c1ccc([C@@H](CCC(=O)O)NC(=O)c2ccccc2Cl)cc1,-0.5698077082633972
guided,Cc1ccn2nc(/[S+]=c3\nc4n(C)c(=O)[nH]c([O-])c-4n3CCCc3ccccc3)nc2n1,-0.6713787913322449
guided,COc1ccc(Br)cc1C(=O)NNC(=O)c1cccnc1,-0.9166925549507141
guided,CC1(C)[C@H]2CC[C@]1(CS(=O)(=O)N1CCN(CCN3CCOCC3)CC1)C(=O)C2,-1.3735315799713135
guided,CCO/N=C\c1ccsc1[C@H](C(=O)NC1CCCCC1)N(Cc1ccco1)C(C)=O,-0.5422917008399963
guided,O=C(Nc1ccccc1)NC1CCN(Cc2ccccc2F)CC1,-3.886343479156494
guided,Cc1ccc(C)c(/N=N/c2ccc(O)c3ncccc23)c1,-2.531202793121338
guided,CO[C]1[CH][CH][C](CN2[CH][C](C)[N][C+]2SC[C]([O])N[C]2[CH][CH][C]3[CH][CH][CH][CH][C]3[CH]2)[CH][C]1N([O-])[O-],-0.7391037940979004
guided,NNC(=O)c1ccc(CSCc2cc(=O)oc3ccccc23)o1,-0.6314712166786194
guided,Fc1ccc(OCc2noc(CN3CC[C@@H](c4ccccc4F)C3)n2)cc1,-2.967629909515381
guided,CC[C+]([O-])N1[C+]([O-])N(C2CCCCC2)C(O[CH+][C-](C)[O-])C1C,-0.7569420337677002
guided,Clc1ccc(-c2csc(N3CCN(Cc4ccccc4)CC3)n2)cc1,-8.82154369354248
guided,O=[N+]([O-])c1cc2c(cc1NNC(=S)NC1CC1)CCc1ccccc1N2,-0.562384843826294
guided,[CH2-]CO[c+]1[n-][c+](NC2CCCCC2)[n-][cH+][c-]1Br,-3.451352596282959
guided,COC(OC)c1cc(C(=O)N/N=C/c2ccc(O)c(O)c2)c2ccccc2n1,-0.5845127701759338
guided,CN1C(=O)c2[s+]c(S)n(CCc3ccccc3)c2N2[C@H](c3ccco3)C12[O-],-1.7048922777175903
guided,C[C@H](C(=O)Nc1ccccc1)c1ccc(S(=O)(=O)N2CCOCC2)cc1,-0.8002808094024658
guided,[H]/N=C(/N=C1\[C-]=C/C(=[O+]\C)C=C1)NCCCO,-0.8439438939094543
guided,C/C(=C\C=C\CC(C)(C)O)C/N=C/CCCCC(C)C,-6.2070112228393555
guided,O[N+]1=C2[C][C@H]2[N-]N1[C+]1=CC=CC=C1C(F)(F)F.[H+].[O-2],-1.495115876197815
guided,O=C(NN1C(=O)c2ccccc2C1=O)c1ccccc1Cl,-1.6699765920639038
guided,Cc1c(/C=C2/SC(=O)NC2=O)c2ccccc2n1CCc1nccn1C,-1.3598664999008179
guided,[O-][S@@+](CCCOCC1CCCCC1)Cc1ccc(Cl)cc1,-6.098607540130615
guided,COc1ccc(C2(C(=O)Nc3cccc4ccccc34)CCOCC2)cc1,-3.439500331878662
guided,O=C(O)c1ccnc(NS(=O)(=O)c2ccccc2)c1,-0.6737020015716553
guided,O=[P@@H](c1ccccc1)c1nc2ccccc2n1C1=C=C=C(F)C=C1,-5.724985122680664
guided,COCn1c(COc2cccc(OC)c2)nc2ccccc21,-3.9322187900543213
guided,[CH2+][C@@H](CC[O+]=P(=O)C/C(C[CH+]C[CH2-])=C(/[O-])O)NC1=NCCCC[C@@H]1[C@H]([CH2-])C,-0.667660117149353
guided,Fc1ncccc1/C=C/c1nc2ccccc2[nH]1,-4.58455228805542
guided,COc1ccc(N2CCN(C[C@H](O)COC3=C4[CH-]C=CC=C4CCC3)CC2)cc1.[H+],-3.7093613147735596
guided,O=c1[nH]ccc2ccccc2/c1=N/OS(=O)(=O)Cc1ccccc1,-0.6532347202301025
guided,O[C@](Cn1cnnn1)(c1ccccc1)c1ccccc1F,-1.6365026235580444
guided,O=C1C=CN(CC(=O)c2ccco2)CC1,-3.297532081604004
guided,CC(=O)n1nc(-c2ccccc2)nc1SCc1ccccc1Cl,-3.7371625900268555
guided,CO[c-]1[cH+][cH-][c+]([S+2]2([O-])N[C-]([S-])N(C[C-]([O-])N[C+]3[CH+][CH-][C+](C)[CH-][C+]3C)C([c-]3[cH+][cH-][c+](N([O-])[O-])[cH-][cH+]3)O2)[cH-][c+]1Cl,-0.5030641555786133
guided,CN(C)S(=O)(=O)N1CCC[C@H](C(=O)c2ccc(-c3ccccc3)cc2)C1,-2.1475424766540527
guided,CC(=O)c1ccccc1OC[C@H](O)CN1CCc2ccccc2C1,-3.0970871448516846
guided,N#Cc1ccc2[nH]c(C[C@H](C3=CCCC3)c3ccccc3)c(-c3nnc(N)s3)c2c1,-0.9136769771575928
guided,O=C(COC(=O)c1cc(-c2ccncc2)nc2ccccc12)NCc1ccco1,-0.536118745803833
guided,CNC(=O)C1=C(C)Nc2nc3ccccc3n2[C@H]1c1cccc(F)c1,-2.257570266723633
guided,COc1c(Cl)cc(-c2noc(C)c2C(=O)N[C@@H](C)c2ccccc2)cc1Cl,-2.169968366622925
guided,CCOc1ccccc1N1CCN(CC(=O)Nc2ccc(C)cc2F)CC1,-3.823486089706421
guided,O=C(Cc1ccccc1)NNC(=O)c1ccc(NC(=O)c2cccs2)cc1,-0.6119771599769592
guided,F[C]1[CH][CH][C]([N+][N+][C][CH][CH][C]2[C-][CH][CH]N2)[CH][CH]1,-5.026630401611328
guided,O=C(CCN1CCCCC1)c1ccc(OCCN2CCOCC2)cc1,-4.278080940246582
guided,[O][C]([C+]1[CH][CH][CH][CH][CH]1)N1CCN(S([O])([O])[C]2[CH][CH][C](N([O-])[O-])[CH][CH]2)CC1,-0.768254816532135
guided,O=Cc1ccc(O)cc1O[C@@H]1O[C@H](CO)[C@@H](O)[C@H](O)[C@@H]1O,-0.6838797330856323
guided,Cc1cc(C)c2ccccc2c1/C=N/NC(=O)c1cc(-c2cccs2)[nH]n1,-1.4248409271240234
guided,OCCN1CCCCCC1,-8.18596076965332
guided,CCCCSc1nnc(CSc2nc(C)cc(C)n2)o1,-1.9795269966125488
guided,COc1c(F)cc(/C=C/c2ccc3cccc(O)c3n2)cc1C=O,-2.1347248554229736
guided,COC(=O)c1ccc(SCc2cccnc2)cc1,-4.927160263061523
guided,O=S(=O)(NC1=NCCCCC1)c1ccccc1Br,-2.2895758152008057
guided,O[C@@H](COCc1cnc(Cl)s1)CN1CCCC1,-3.950805425643921
guided,[CH2-]CN(CCC/N=C1/C=C/C(=[O+]/C)C(C(=O)O)=C1)c1nc(C(F)(F)F)cc(=O)[nH]1,-0.5283817648887634
guided,O=CNNS(=O)(=O)c1ccc2c(c1)n(-c1cccc(F)c1)c(=O)n2-c1ccccc1,-0.6601487994194031
guided,O=C(Cn1nnc(NCCc2ccccc2F)n1)NC[C@H]1CCCO1,-0.7264809608459473
guided,N#CC[C@@H](NC(=O)CN1CCOCC1)c1ccccc1,-1.5020945072174072
guided,CC(=O)c1c(C)[nH]c(C(=O)CSc2n[nH]c(=O)n2CCc2ccccc2)c1C,-0.7040771245956421
guided,C[P@](=O)(Nc1ccc(Br)cc1F)Oc1ccccc1,-5.339747905731201
guided,CC(=O)/C(CN1CCCC1)=N\Nc1ccc(S(N)(=O)=O)cc1,-0.5742555260658264
guided,C/C(=N\OCC(=O)N/N=C/C=C/c1ccccc1)c1cccs1,-1.8344382047653198
guided,S=c1[nH]nc(CCc2ccccc2)n1-c1ccc(Cl)cc1,-5.948556423187256
guided,CC[C-]([O-])N[C+]([S-])N[C][CH+][C+]([CH-][C+]([O-])[c+]1[cH-][cH+][cH-][cH+][cH-]1)S[C][NH-].[H+],-0.5425878763198853
guided,O=C(CSc1nc2c(c3oc4c(F)cccc4c(=O)c13)CCCC2)N1CCCC1,-1.745957374572754
guided,CCOc1ccc(-c2cn(-c3ccccc3OC)c(=S)[nH]2)cc1,-4.980771064758301
guided,Cc1nc2c(C(C)(C)C)cnn2c(N)c1Cc1ccc(C(C)C)cc1,-2.6254496574401855
guided,O=S(=O)(c1ccccc1)c1c(-c2ccccc2)[nH]c2ccccc12,-3.365502119064331
guided,COCCCn1c(-c2ccncc2)nnc1[S+2]1=[NH+][C@@H]1/[C-]=N/[C-]=N/CC/[C-]=N\C=C(C)C,-0.6375706791877747
guided,CN(C)c1ccc(CN2CCC(Oc3ccc([N+](=O)[O-])cc3)CC2)cc1,-1.9727745056152344
guided,COc1ccccc1/C=C\C(=O)C(F)(F)F,-7.510507106781006
guided,CCCN(CCC)CCNC(=S)Nc1ccccc1,-7.094295024871826
guided,Cc1nn(C)cc1CN1C(=O)c2ccccc2S1(=O)=O,-1.2973546981811523
guided,N#Cc1cccc(NC(=O)c2cccc(COc3ccccc3)c2)c1,-1.8501942157745361
guided,COc1cc2c(cc1OC)CN(C(=O)CCc1ccccc1)CC2,-4.860044002532959
guided,COc1ccc(C)cc1NC(=O)CSc1cc(C)nc(C)n1,-1.893012285232544
guided,[CH][CH-][C-]1[C+](N[C+]([O-])[C+]2[CH+][CH-][CH+][N-][CH+]2)[C-]([O-])N[C+]([O-])N1C(C)CC,-0.7632239460945129
guided,CS(=O)(=O)Nc1ccc([C@H]2C(=O)Nc3ccccc3[C@@H]2O)cc1,-0.5375885963439941
guided,NNC(=S)Nc1oc2cc(Cl)ccc2c(=O)c1-c1ccccc1,-0.8410701751708984
guided,Brc1ccc(-c2nnc(SCc3cccc4ccccc34)o2)cc1,-5.608940124511719
guided,CCOC(=O)C1=C(C)/C(=C(/N)[O-])C([S@+](C)[O-])=[S+]1,-0.9944945573806763
guided,Fc1ccc(-c2csc(Cc3nc(C4CC4)cs3)n2)cc1,-7.597350597381592
guided,CCOc1cccc([C@H](C)C2=C=[NH+]/C(=N\C(=O)C(=C\c3ccco3)/N=C(\[O-])CC)S2)c1,-0.6129531860351562
guided,COc1cc(OC)nc(NC(=O)c2ccco2)n1,-0.9442716836929321
guided,Cc1ccc(C(=O)O)cc1NC(=S)N1CCC(C(=O)c2ccccc2)CC1,-1.0698271989822388
guided,CC(C)Cc1nc2n[nH]c(N)c2c2c1COC(C)(C)C2,-1.2219477891921997
guided,O=[N+]([O-])[CH-]/C(=N/OC#C[C@H]1C[C@@H]1Br)c1ccccc1Cl.[H+],-1.8076965808868408
guided,O=C(CCNS(=O)(=O)c1ccccc1)NCc1cnc[nH]1,-0.7052070498466492
guided,NCCCOC[C@@H](O)CCC(=O)NN,-0.8616974949836731
guided,[H]/N=C1\NC(=O)/C(=C/c2cc(OC)c(O)c(OC)c2)S1,-0.7811588644981384
guided,Fc1ccc(NCc2ccc3c(c2)OCO3)cc1,-6.540146827697754
guided,S=c1[nH]nc(CSc2nnc(-c3cccnc3)o2)n1C1CCCCC1,-0.6724138855934143
guided,O=C(CCS(=O)(=O)Cc1ccccc1)N1CCN(c2ccccc2F)CC1,-2.148646116256714
guided,S=c1nc[nH]c(Oc2ccccc2)c1-c1ccccc1,-5.2203755378723145
guided,CCCCOc1ccc(NS(=O)(=O)c2cccc3cccnc23)cc1,-1.3204095363616943
guided,O=C(CCCC1CCN(Cc2cccc3ccccc23)CC1)NN=C1CCCC1,-4.053338527679443
guided,O=C(O)CCCc1ccccc1,-5.374506950378418
guided,O=C(c1ccc(O)cc1)N1N=C(c2c(O)n(Cc3ccccc3)c3ccccc23)C[C@H]1c1ccccc1,-1.4145572185516357
guided,Cc1cc2c(cc1CC(=O)N(C)CC(=O)Nc1ccccc1C#N)OCO2,-0.6104260683059692
guided,CC(=O)c1ccc(Cc2ncc(C(F)(F)F)cc2Cl)s1,-6.847558498382568
guided,CNC(=O)c1cc(S(=O)(=O)N2CCCC2)cn1C,-1.2776591777801514
guided,O=S(=O)(NCc1ccco1)c1ccc(-c2ccccc2OS(=O)(=O)c2ccccc2)cc1,-0.5885157585144043
guided,CC(=O)Nc1cccc(/C=C/c2nc3ccccc3s2)c1,-4.464381694793701
guided,CN1CC[C@@H](CC(=O)N2CCC(Cc3ccccc3)CC2)c2ccccc21,-7.68980073928833
guided,O=C(CP(=O)(c1ccccc1)c1ccccc1)N1CCc2ccccc21,-5.031638145446777
guided,O=C1c2ccccc2NC(=S)/[N+]1=C/C1=Cc2ccccc2O/C1=C/CC[O-],-1.591352939605713
guided,NNC(=O)[C@@H]1CCCN1C(=O)/C=C/c1ccc(F)cc1,-0.9192370772361755
guided,NNC(=O)c1cc(Br)cn1Cc1ccccc1Cl,-2.24714732170105
guided,NNC(=O)[C@H](Cc1c[nH]c2ccccc12)NC(=O)c1ccccc1,-0.6172192096710205
guided,COc1ccc(C=C(C#N)C#N)c(OC)c1,-1.784487009048462
guided,O=C(C/[S+]=C1\N=c2ccc(N([O-])[O-])cc2=[S+]1)Nc1cccc2c1CCCC2,-0.5472601652145386
guided,COc1ccc(O[C@@H]2O[C@H](CO)[C@@H](O)[C@H](O)[C@@H]2NC(=O)c2ccc(C)cc2)cc1,-0.6500900983810425
guided,FC(F)(F)Oc1ccc(NC(=S)Nc2cccnc2)cc1,-3.9309070110321045
guided,NN[C-]([O-])[C+]1O[S+2]([O-])([C-]2[CH-][CH+][CH-]S2)[C-]([CH+][c-]2[cH+][cH-][c+](Br)[cH-][cH+]2)[C+]1N,-0.6286394000053406
guided,COc1cc(C(=O)O)c2[nH]c(-c3ccccc3)cc2c1N,-0.648922860622406
guided,Cc1cc(C)nc(SCC(=O)Nc2ccc(S(=O)(=O)N3CCCCC3)cc2)n1,-0.557992160320282
guided,O=C(NCc1ccco1)N[C@]12C[C@H]3C[C@H](C[C@H](C3)C1)C2,-2.7828872203826904
guided,C=CC[C@H]1C(=O)N2C(=C1O)C(C(N)=O)=C(Nc1cccc(F)c1)[C@@H](c1ccc(N(C)C)cc1)C2(C)C,-0.6165058612823486
guided,[H]/[C-]=[N+](\c1ccccc1)c1n[nH]nc1/[N+](=[C-]/[H])c1cccc2cccnc12,-2.139164447784424
guided,[O-][C+](O)CO[C-]([C+]([O-])O)[c+]1[cH-][cH+][cH-][cH+][cH-]1,-0.6783584952354431
guided,Cc1cccc(OC[C@H](O)CN2CCN(C)CC2)c1,-5.330329895019531
guided,CO[C]1[CH][C][C]([C]2CCN3[CH][CH][N][C]3[C]2[O])[CH][C]1OC.[H+],-2.7342498302459717
guided,CCCc1nnc(S[C@@H](C)C(=O)Nc2ccc(F)cc2)n1C,-2.206240177154541
guided,COc1ccccc1N1CCN(S(=O)(=O)c2c(C)nc3[s+]ccn3c2[O-])CC1,-0.5597503185272217
guided,O=C(c1nc2n(n1)[C@H](C(F)(F)F)C[C@@H](c1ccccc1)N2)N1CCCCC1,-1.7930024862289429
guided,O=C(NCC(=O)N1CCCC1)c1ccc(OC(F)F)cc1,-2.1766090393066406
guided,Cn1nnc2cc(NC(=O)NCCCN3CCCCC3)ccc21,-0.8581740856170654
guided,COc1ccc(NC(=S)N2CCC(N(C)CCN3CCOCC3)CC2)cc1,-4.613744735717773
guided,CCN1C[CH+][OH+]C2[CH-][CH+][C+](O2)C([c+]2[cH-][cH+][c-](F)[cH+][cH-]2)C[C-]1[O-],-3.371476173400879
guided,COc1cc(C(=O)N[C@@H](CC(C)C)c2nnnn2-c2cccc3ccccc23)cc(OC)c1OC,-0.6602041721343994
guided,Clc1ncccc1CNCC1CCCCC1,-7.659892559051514
guided,O=C(O)CNCn1c(-c2ccccc2O)nc2ccccc21,-0.5343126654624939
guided,[CH2][C]1[C]([CH+][C]S(N)([O-])[O-])[C]2CCC[C]2CN1N[C]([O])CO[C]([O])C[C]1[CH][CH][CH][N][C]1O,-0.7754338979721069
guided,COc1ccccc1CN1/C(=N/C(=O)C2CCCCC2)S[C@H]2CS(=O)(=O)C[C@H]21,-0.8524298071861267
guided,CC(=O)c1sc(NC(=O)CCC(=O)c2cc(C)ccc2C)nc1C,-1.0554964542388916
guided,N#Cc1ccsc1NC(=O)c1ccc(-c2ccnc(N)c2Cl)s1,-0.8101344108581543
guided,O=C(c1ccco1)N1CCN(C(=O)C2CCN(S(=O)(=O)c3cccc4nonc34)CC2)CC1,-0.49159905314445496
guided,Cc1c[c-]c(/[S+]=C/N=C/c2ccco2)c(C)c1,-7.666774749755859
guided,COCCN1CCN(C(=O)C2=[C-]CCC2)CC1.[CH]N(C)[C+]1=[C-]C=C(Br)C=C1.[H+],-5.431859493255615
guided,Clc1cccc(/C=N/NC2=NCCCCC2)c1Cl,-5.336759567260742
guided,COc1ccccc1-n1c(CNc2ccccc2)nnc1SCC(=O)N1CCOCC1,-0.6298285126686096
guided,NNCc1ccco1,-3.7972700595855713
guided,O=C(CCN1C(=O)[C@@H]2[C@H](C1=O)[C@H]1C=C[C@@H]2C1)N1CC[C@@H](c2ccccc2)C1,-2.184497833251953
guided,NS(=O)(=O)c1cccc(NC(=O)c2ccccc2Cl)c1,-0.6676433682441711
guided,CCC[C@H](NCC(=O)Nc1cccc2ccccc12)C(=O)O,-0.7225198745727539
guided,NN1[C][C]2[C]([O-])N[C]([S])[NH+][C]2[C]2[CH][CH][C](O)[C]([N+]([O])[O-])[C]21.[H+],-0.9797859787940979
guided,Cc1cccc(-c2ccccc2N(C(=O)C2=C(N)/C(=C(/N)[O-])N=[S+]2)[C@@H](C)C(=O)NC2CCCCCC2)c1,-0.4624745547771454
guided,CCCC(=O)N1CCNC(=O)[C@@H]1CC(=O)Nc1nccs1,-0.6827723383903503
guided,COc1cccc(C(=O)O)c1OCC(=O)O,-0.7242853045463562
guided,CCCCn1c(N)c(N(CC(=O)OC)C(=O)c2cc(S(=O)(=O)N3CCN(C)CC3)ccc2Cl)c(=O)[nH]c1=O,-0.6194714903831482
guided,O=C(c1ccccc1)c1ccc(O[C@H]2O[C@@H](CO)[C@H](O)[C@@H](O)[C@@H]2O)cc1,-0.4763546884059906
guided,CO[N-][c+]1[n-][c+](NC(C)(C)C)[n-][c+](OC[CH+][N-]O)[n-]1,-0.9855251908302307
guided,CNS(=O)(=O)c1cc(/N=C/N(CCCN2CCOCC2)N2CCCCC2)ccc1C,-0.7374731302261353
guided,COc1ccc(N[C@H](c2cccnc2)c2cc(C)nc3ccccc23)cc1,-3.8619320392608643
guided,CO[c+]1[cH-][c+]([C+]([O-])N(C)[CH-][c+]2[cH-][cH+][c-](OC)[c+](CS[c-]3[cH+][cH-][cH+][cH+][n-]3)[cH-]2)[cH-][cH+][c-]1OC,-1.2922999858856201
guided,COc1ccc(N2CCN(S(=O)(=O)c3c(C(=O)N4CCCC4)c(C)n(C)c3C)CC2)cc1,-1.0293811559677124
guided,Nc1cccc2c1C(=O)N(c1ccccc1Br)C2=O,-1.871828556060791
guided,[O-]N([O-])[c-]1[cH+][cH-][c+](OP([O-])NC([c+]2[cH-][cH+][cH-][cH+][cH-]2)[c+]2[cH-][cH+][cH-][cH+][cH-]2)s1,-0.5449052453041077
guided,COc1ccccc1OCC(=O)Nc1ccc(-c2csc(C)n2)cc1,-2.0765328407287598
guided,S=C(NC[C@@H]1CCCO1)Nc1ccc(Br)cc1,-6.017438888549805
guided,CN[C-]([O-])N(C)[C+](C)O[c+]1[cH-][cH+][c-]2[cH+][cH-][cH+][cH-][c+]2[cH-]1,-3.6453912258148193
guided,CC(=O)O[C@H](C(=O)NCCN(C)C)c1cc(-c2cc(C)no2)cc(C(C)(C)C)c1,-0.6184441447257996
guided,CN(C)/C=C(/C#N)c1nnc(SCC#N)n1-c1ccccc1,-0.8455469608306885
guided,O=C(CCCO)c1ccc2c(c1)OCCO2,-2.628413438796997
guided,O=P(NS(=O)(=O)c1ccccc1)(Oc1ccccc1)Oc1ccccc1,-0.8889316916465759
guided,O=c1[nH]c(-c2cccs2)c(-c2cccc(Cl)c2)n1-c1ccc(CN2CCOCC2)cc1,-3.270817995071411
guided,Fc1cnc(Cl)nc1N1CCN(c2ccccc2)CC1,-6.172372341156006
guided,COc1ccc2cc(CCNC(=O)c3ccccc3)c(=O)[nH]c2c1,-1.1300392150878906
guided,NS(=O)(=O)c1ccc(Sc2cccc(C(F)(F)F)c2)nc1,-1.2082141637802124
guided,COc1ccc(/C=C2\SC(=O)N(Cc3ccc([N+](=O)[O-])cc3)C2=O)cc1,-0.5938031077384949
guided,C[N-][C+]([O-])N(C)[N-][CH+]C(C)[c+]1[cH-][cH+][cH-][cH+][cH-]1,-2.840151071548462
guided,O=C(O)CCc1nnc(SCc2ccc(Cl)cc2Cl)[nH]c1=O,-0.7405538558959961
guided,O=C(Nc1ccccc1Oc1ccccc1)NC1CCCCC1,-3.15171217918396
guided,COc1cccc2sc(N3CCN(C)CC3)nc12,-6.922240734100342
guided,CCc1nc(NCCCN2CCCC2=O)nc2c1CCCC2,-2.381617784500122
guided,O=S(=O)(Nc1ccncc1)c1ccc(Cl)c(Cl)c1,-2.340003490447998
guided,CCOC(=O)c1cnc(-c2ccccc2)nc1Oc1ccc2ccccc2c1,-2.2240407466888428
guided,O=C(Oc1ccccc1N1C(=O)[C@H]2CC=CC[C@H]2C1=O)c1cccnc1,-0.7937115430831909
guided,CC(=O)c1cccc(N[N@@+]23[CH-][C@@]2(Cl)[N-]3)c1.[H+],-4.458906650543213
guided,CN(C)CCN1CCN([C-]2[CH+][CH-][C][C+]3[CH+][CH-][N-][C+]32)CC1.[H+],-8.077457427978516
guided,C[C@@H]1CN(C[C@H](O)COCCCOc2ccccc2)C[C@H](C)O1,-3.081624984741211
guided,CCOC(=O)/C=C/c1ccc(OC)c(OCc2ccccc2)c1,-3.96429181098938
guided,[H+].[O][N+]([O-])[C]([C][C]1[C](N2CCCCCCC2)[N+][C]2[CH][CH][CH][CH]N2[C]1[O-])[CH][C][C][C]1[CH][CH][CH]S1,-0.7735345363616943
guided,COc1ccc(Oc2nc3c(c(=O)n(C)c(=O)n3C)n2C)cc1OC,-0.9098610281944275
guided,CC1([CH-][c+]2[cH-][c+]([O-])[c+]3[c-](O)[cH+][cH-][cH+][c-]3o2)CCCC1,-2.3377902507781982
guided,O=C(CSc1cccc2ccccc12)NC1CCCCC1,-6.618465423583984
guided,NNC(=O)c1ccc(Cl)c(S(N)(=O)=O)c1,-0.9757868051528931
guided,NC[C@@H]1CC(=O)N(Cc2ccc(F)cc2)C1,-3.796562433242798
guided,COCCOc1ccc(C)cc1Cc1c(O)[nH]c(=S)[nH]c1=O,-0.6714496612548828
guided,COCCC(=O)Nc1nc2ccccc2n1Cc1ccccc1F,-2.4829115867614746
guided,O=C(COc1ccc(Cl)cc1)N(Cc1ccc(F)cc1)[C@H]1CCS(=O)(=O)C1,-1.6311638355255127
guided,NS(=O)(=O)c1ccc(-c2cccs2)nc1,-1.3071397542953491
guided,Cc1ccc2cc(CCNC(=O)C3CCN(S(=O)(=O)N(C)C)CC3)oc(=O)c2c1,-0.4842933118343353
guided,CNC(=S)Nc1ccc(C(=O)NCCCN2CCCC2)cc1OC,-1.46890389919281
guided,CCC(=O)NCCCc1nc2ccccc2n1Cc1ccc(Cl)cc1,-3.550943613052368
guided,C[C]1[CH][C](N[C+]([O])CN2CCN([C]([O])[C]3[CH][CH][CH]O3)CC2)[C](N([O-])[O-])[CH][C]1C,-0.6772488951683044
guided,CCOc1cc(CN2CCNC(=O)[C@@H]2CC(=O)N(C)CCCN2CCOCC2)ccc1OC,-0.5547292232513428
guided,O=S(=O)(Nn1cnnc1)c1ccccc1Cl,-1.156300663948059
guided,C/C(=N\NC(=O)c1ccc2c(c1)OCO2)c1ccc([N+](=O)[O-])cc1,-0.6481071710586548
guided,[O-][S@+](Cc1ccccc1)C1CCCCC1,-7.976783275604248
guided,Cc1c(N/N=C/c2cccnc2)c(=O)n(-c2ccccc2)n1C,-1.826712727546692
guided,CCOc1ccc2[nH]c(=O)c([C@@H](c3nnnn3C[C@@H]3CCCO3)N3CCCCC3)cc2c1,-0.46123120188713074
guided,O[C@@H](c1ccccc1)c1nnc(-c2ccccc2F)o1,-2.2407946586608887
guided,COc1ccc(CCNC(=O)CCNC(=O)Cn2ccc3ccccc3c2=O)cc1,-0.46211838722229004
guided,Clc1ccc(C=[N+]2CCOCC2)cc1.[O-]P(N1CCOCC1)N1CCOCC1,-2.043821096420288
guided,N#C[C@@H]1CCCN(c2nc3ccccc3n3cnnc23)CC1,-1.181658148765564
guided,COCCNc1nc2nonc2nc1NCCOC,-0.999132513999939
guided,Cc1c([C@H](C(=O)NCc2ccc(F)cc2)N(C(=O)Cn2nnc3ccccc32)c2ccc(F)cc2)cnn1C,-0.5828960537910461
guided,CCCCN(C(=O)c1cc2c(s1)CCC2)c1ccc(F)cc1,-8.69890022277832
guided,CN(c1ccccc1C(=O)NCc1ccco1)S(C)(=O)=O,-0.8575670719146729
guided,C[C@H](OC(=O)C[C@@H]1Sc2ccccc2NC1=O)C(=O)N[C@H]1CCCC[C@@H]1C,-0.6564919948577881
guided,CCOc1cc(-c2onc(C)c2C(=O)O)ccc1OCCC(=O)OC,-0.5847882628440857
guided,Cc1oc(-c2cccs2)nc1C/[S+]=c1/nc2n(C)c(=O)n(C)c([O-])c-2[nH]1,-0.8349977731704712
guided,[CH2+]C12C3[CH+][C]N[C+]([O-])CO[C+]([O-])CS[C+]4[N-][N-]C1([NH-])[S+2]432,-0.8400582671165466
guided,O=C(N/N=C/c1cccnc1)c1ccn[nH]1,-0.939506471157074
guided,Cc1n[nH]c(NCc2ccc3c(c2)OCO3)c1C(=O)N(C)CCOc1ccccc1,-0.6039797067642212
guided,NS(=O)(=O)c1cc(C(=O)OCC(=O)N2CCCCC2)cc([N+](=O)[O-])c1,-0.5585125684738159
guided,O=C(OC/C=C/c1ccccc1)C1=NCCN1,-3.2025840282440186
guided,CCc1cccc(C(=O)OCC(=O)NCc2ccccc2)c1,-2.591949462890625
guided,Cc1cc(C)c2c(=O)n(CC(=O)N3CCN(c4ccccc4F)CC3)sc2n1,-2.179938316345215
guided,CCCCN(C(=O)Cn1nc(CCC)c2ccccc2c1=O)C1CCCCC1,-2.4684643745422363
guided,O=C(NCc1ccccn1)NC1CCCCC1,-2.762606143951416
guided,NS(=O)(=O)c1ccc(NC(=O)Nc2ccc(Br)cc2Cl)cc1,-0.7359557747840881
guided,Cc1cc(C(=O)NCCc2ccccc2)no1,-2.799896478652954
guided,S=C(NC[C@@H]1CCCO1)Nc1ccccc1,-6.014858722686768
guided,C[C@H](OC(=O)c1c(Cl)cnn1C)C(=O)Nc1ccc(SC(F)F)cc1,-1.2523870468139648
guided,NS(=O)(=O)c1ccc(SCCN2CCOCC2)nc1,-0.6715186834335327
guided,Cn1c(=O)c2c(nc(NCCCCC(=O)O)n2CC(=O)NCCc2ccccc2)n(C)c1=O,-0.6054309010505676
guided,Clc1ccc2nc(CSc3ccc(OCc4cc(-c5ccccc5)no4)cc3)cn2c1,-3.966780424118042
guided,Fc1c[c-]c([C@]23CNC[C@H]2C3)cc1Cl.[H+],-10.86113452911377
guided,CN(C)S(=O)(=O)c1ccc(OCCCC(=O)Nc2nccs2)c(Br)c1,-0.6372361779212952
guided,CCS(=O)(=O)n1nc(-c2cccnc2)nc1N,-0.9017933011054993
guided,CC(=O)N(Nc1ccccc1)c1cccc(Cl)c1,-6.162987232208252
guided,CCNc1ccccc1N(C(=O)c1ccco1)[C@H](C(=O)c1ccccc1)c1ccc(Cl)cc1,-2.956873655319214
guided,[CH2-]CC(CC[N-][C+]([S-])[N-][CH-]CN1CCCCC1CBr)[C+]([O-])N[C+]1[CH+][CH-][CH+][CH-][C+]1O[c-]1[cH+][cH-][cH+][c-](F)[cH+]1.[H+],-1.0346930027008057
guided,O=C(c1ccco1)N1CCN(c2cccc3nonc23)CC1,-0.9284311532974243
guided,O=[N+]([O-])c1ccc(Cl)cc1NC1CC1,-2.750814914703369
guided,CO[C]1O[C]([O])[C](N([O-])[O-])[C]2[C]1[CH][CH][C]1[CH][CH][C]3[CH][CH+]O[C]3[C]12,-0.8303163051605225
guided,O=C(/C=C/c1ccccc1)NC(=S)Nc1ccccc1O,-1.986426830291748
guided,O=S(=O)(NNc1ccc(Cl)nn1)c1ccc(Cl)s1,-1.079542636871338
guided,CCc1ccc(OCC(=O)N2CCN(c3ccccc3)CC2)cc1,-5.8800458908081055
guided,Clc1ccccc1OCCNc1ccccc1-n1cccc1,-7.404438018798828
guided,O=[N+](O)/[C-]=C1\N=CN=C1c1ccc2ccccc2c1,-1.6609399318695068
guided,OCc1cc(-c2ccccc2)on1,-3.9169890880584717
guided,O=C(N/N=C/CN(CCO)C(=O)c1ccccc1)c1cc(=O)c2ccccc2o1,-0.4714154899120331
guided,O=[N+]([O-])c1ccccc1/C=N\Nc1ccc(-c2ccco2)cn1,-0.6456300020217896
guided,COCCn1c(SCc2nnc(-c3ccccc3)o2)nc2[s+]c3c(c-2c1[O-])CCC3,-0.6482055187225342
guided,CO[C@H](c1ccccc1)c1cccc([N+](=O)[O-])c1,-2.895871877670288
guided,NC(=O)CN1C(=O)[C@](O)(CC(=O)c2ccc3c(c2)OCCO3)c2ccccc21,-0.4790933132171631
guided,S=C(Nc1ccc2nsnc2c1)N1CCCCC1,-4.6098103523254395
guided,Fc1ccc(CN2CCN(Cc3nc(-c4cnccn4)no3)CC2)cc1F,-1.082590103149414
guided,O=C(CN1C(=O)c2ccccc2C1=O)Nc1cc(Br)c(O)c(Br)c1,-0.7031305432319641
guided,Fc1cccc(-c2cc(-c3n[nH]c(=S)n3-c3ccccc3)c3ccccc3n2)c1,-4.460882186889648
guided,O=[P@@](O[C@@H]1CCCOC1)(/C(=N\C1=C=C=C(Cl)C=C1)N1CCN(c2cccc3ccccc23)CC1)N1CCOCC1,-1.661311149597168
guided,[O-]P(O)O[c+]1[cH-][cH+][c-](O)[c+](CN([c+]2[cH-][cH+][cH-][cH+][cH-]2)C2CCCCC2)[cH-]1,-0.6700547337532043
guided,S=C(NC[C@@H](c1ccco1)N1CCCC1)NC1CC1,-4.694241046905518
guided,COc1cc(C)nc(N(CC(=O)N2C[C@H](C)C[C@H](C)C2)C(C)=O)n1,-1.0791958570480347
guided,Cc1nonc1CNc1ccccc1,-3.4397132396698
guided,N#Cc1c(NC(=O)CSc2nnnn2-c2ccc(OC(F)F)cc2)sc2c1CCCC2,-0.762763261795044
guided,COc1cnn([C@]23C[C@H]4C[C@H](C[C@H](C4)C2)C3)c(=O)c1,-4.207337856292725
guided,CCOC(=O)c1oc2ccccc2c1NC(=O)/C=C/c1ccccc1OC,-0.8792449235916138
guided,COc1ccnc(O[C-]2C=CC(=C3C=[S+]c4n[c-]nc(N5CCCC5)c43)C=C2)n1.[H+],-0.9666250348091125
guided,CCC(CC)C(=O)NCCNc1ccccc1,-4.657136917114258
guided,[O-][C+](CN1CCCC1)N[N-][CH+][C+]([CH-]O)[CH-][c+]1[cH-][cH+][cH-]o1,-0.6446261405944824
guided,Cl/C(=N/Nc1ncn[nH]1)c1ccco1,-1.3125394582748413
guided,CCCN(Cc1nc(-c2ccccc2)no1)C(=O)/C(=C\c1ccco1)NC(=O)c1ccco1,-0.507022500038147
guided,NS(=O)(=O)c1ccc(N2CCN(CCc3ccccc3)CC2)nc1,-0.6594862937927246
guided,CNc1nc2c(c(=O)[nH]c(=O)n2C)n1CCCc1ccc(F)cc1,-0.815924882888794
guided,Cn1cccc1/C=N/NC(=O)c1ccccc1Cl,-3.9067821502685547
guided,Nc1cccc2c1C(=O)N(CCOc1ccccc1)C2=O,-1.104415774345398
guided,O=C(Nc1ccc(F)cc1)N[C@H]1CCC[C@H](NC(=O)c2ccc(F)cc2)C1,-1.1325724124908447
guided,Cc1ccc(-c2nc3c(c(=O)[nH]c(=O)n3Cc3ccc(F)cc3)n2Cc2ccccc2)o1,-0.6879518628120422
guided,Cc1ccc(-c2nnn(-c3ccc(C(F)(F)F)cc3)n2)o1,-2.6628966331481934
guided,COc1ccccc1OCC(=O)Nc1ccc(N2CCCCC2)cc1,-3.037473201751709
guided,[O-][C+](OC1CCO[C+]1[O-])C1CCC([CH-][c+]2[cH-][cH+][cH-][cH+][cH-]2)CC1,-1.5599758625030518
guided,COCC1CCN(C(=O)N2CCC(C(=O)NCc3cccc4ccccc34)CC2)CC1,-1.7186199426651
guided,[O-]O[N-][CH+][c+]1[c-](OC[c+]2[cH-][cH+][cH-][cH+][cH-]2)[cH+][cH-][c+]2[cH-][cH+][cH-][cH+][c-]12,-2.495697498321533
guided,COc1ccc(N2CCN(C(=O)CSCC(=O)Nc3nnc(C)s3)CC2)cc1,-0.5452167391777039
guided,COc1ccc(N2CCN(C(=O)C(C)C)CC2)cc1,-6.048684120178223
guided,O=c1[nH]c(SCc2cn3ccsc3n2)nnc1C(F)(F)F,-1.2913388013839722
guided,CC1(C2S[C+](N3CCCCC3)[N-][C+]2[O-])[CH-][CH+][C-]2[CH+][c-]3[cH+][cH-][cH+][cH-][c+]3O[C-]2O1,-2.166703701019287
guided,C[C@H]1C[C@@H](CCC(=O)NC(=S)Nc2cc(Cl)cc(Cl)c2)C(=O)O1,-1.5470374822616577
guided,NNC(=O)CNC(=O)c1cccc2ccccc12,-0.6719866394996643
guided,CNS(=O)(=O)c1cccc(C(=O)OCC(=O)Nc2ncccn2)c1,-0.7407680749893188
guided,Nc1nnnn1-c1cccc(C(=O)O)c1,-0.7989792823791504
guided,COC(=O)C/[S+]=C1\N=C(c2ccccc2)/C(=C(/[O-])OC)S1,-1.3063533306121826
guided,COCCCCn1c(CN2CCCCC2)nc2c1c(=O)n(C)c(=O)n2C,-1.0864399671554565
guided,CCCCOc1cc(C(F)(F)F)ccc1-n1cnnn1,-3.0396173000335693
guided,Fc1cccc(OCCCNCC2CCCCC2)c1,-8.40203857421875
guided,COC(=O)Cn1cc(C(=O)c2ccc(OC)cc2)c2ccccc21,-2.2998478412628174
guided,COc1ccccc1C(=O)NN1C(=S)N(c2ccc3c(c2)OCO3)C(=O)[C@@H]1c1ccccc1,-0.7523820996284485
guided,Cn1c(=O)c2c(ncn2CC(=O)N2CCN(c3ccc(C(N)=O)cc3)CC2)n(C)c1=O,-0.5195878744125366
guided,Nn1c(SCc2cccc(Cl)c2)nnc1-c1cccnc1,-1.4573110342025757
guided,O=C(NCc1csc2ccc(Cl)cc12)Nc1ccccc1,-4.748300075531006
guided,Cc1nc(NCCN)cc(-c2ccccc2)c1-c1ccccc1,-3.016108512878418
guided,O=[N+]([O-])C1=C2N=[O+]N=C2/C(=N/CCCCC[O-])C=C1Nc1ccccc1O,-0.5053240656852722
guided,COCCn1c(SCc2ccc(C(=O)OC)o2)nc2cc(Cl)ccc2c1=O,-0.7045342922210693
guided,[O][C](CCCN1[C]([O])[C]2[CH][CH][CH][CH][C]2[C+]1[O])N[C]1[CH][CH][C](OC[C]([O])N[C]2[CH][CH][C](N([O-])[O-])[CH][CH]2)[CH][CH]1,-0.7793787121772766
guided,O=C(O)CCCC(=O)Nc1cccc(C(=O)Nc2ccc(Br)cc2)c1,-0.4762846529483795
guided,[O-][C]/[C+](=N\Nc1ccc(O)cc1)c1ccc(F)cc1Br,-1.4669634103775024
guided,C/C(CCc1ccccc1)=N\N=C(/N)S[C@@H]1CC(=O)N(c2ccccc2F)C1=O,-0.5685170888900757
guided,CCO[C-]([O-])CO[C][C+](O[C-]1[CH+][C-]([O-])N(C)[C+]([O-])N1C)[C+]1[CH+][CH-][C+](OC)[CH-][CH+]1,-0.7726860046386719
guided,Cl[N-]C[CH+]CCc1ccccc1,-10.355964660644531
guided,Nc1ccc(-c2nc3ccccc3nc2-c2ccc([N+](=O)[O-])cc2)cc1,-0.6483249068260193
guided,Clc1ccc(-c2[nH]c(-c3ccccc3)nc2SCc2ccc(Br)cc2)cc1,-8.886638641357422
guided,ON(Cc1ccccc1F)Cc1ccccc1Cl,-8.010260581970215
guided,COCC/N=c1\scc(CC[C@H]2CC[C@@H](O)CN2)n1-c1cc(OC)ccc1OC,-0.7631099224090576
guided,C[CH-][CH+][C-]([O-])N(C[C-]1[CH+][c-]2[cH+][cH-][cH+][c-](C)[c+]2N[C-]1[O-])[C+]1[CH+][CH-][CH+][CH-][CH+]1.[C]1[CH+][CH+][CH+][CH+][CH+]1.[O-][P-][c-]1[cH+][cH-][cH+][cH-][cH+]1,-0.4281415343284607
guided,O=C(c1cccc(NS(=O)(=O)c2ccc(F)cc2)c1)N1CCN(c2ccccn2)CC1,-0.5192222595214844
guided,Clc1ccccc1/C=N/Nc1ccccn1,-5.3881402015686035
guided,COc1cc(CN[C@H](C)c2ccccc2)c(Br)cc1OCc1ccccc1,-7.005378723144531
guided,COc1cc(-c2nc(N[C@H](C)CO)c3ccccc3n2)ccc1O,-0.5851950645446777
guided,FC1=C[C@@H]2C3=C([CH-]1)[C+]1C=NC(NCCNc4cccc(Cl)c4)=NC1=CC32,-3.4188098907470703
guided,CCOC(=O)C1CCN(S(=O)(=O)c2ccc(OCC)cc2)CC1,-1.0705362558364868
guided,CCS(=O)(=O)c1ccc(Cl)c(NC(=O)Cc2ccccc2)c1,-1.8051520586013794
guided,COc1cc(/C=C/C(=O)O)ccc1OCC(=O)NCc1ccco1,-0.5967106819152832
guided,COc1ccc(S(N)(=O)=O)c(OC)c1,-1.1537508964538574
guided,N#Cc1c(SCC(=O)N2CCCC2)nsc1-c1ccccc1,-2.3847720623016357
guided,O=C(CSC1=NCCS1)c1ccc2c(c1)OCO2,-3.7232446670532227
guided,S=C(NCCCN1CCOCC1)Nc1ccc(Cl)cc1Cl,-5.300196647644043
guided,NCCCCCn1cc2c(n1)CCCCC2,-4.331844806671143
guided,CC[C@@H](Oc1ccc(C(=O)NCc2c[c-]ccn2)cc1OC)C(=O)N1CCC2(CC1)OCCO2.[H+],-0.475350946187973
guided,[CH2-][CH+]CCCC[CH-]C(CCCN1CCN(CCCOC)CC1)[c-]1[cH+][cH-][c+](Cl)[cH-][cH+]1,-10.06673526763916
guided,O=C(Nc1ccc2ccccc2c1)/C(=C1\CCCCCN1)[N+](=O)[O-],-0.502099335193634
guided,CCN(CC)C(=O)N[C@@H](Cc1ccccc1)C(=O)OC,-2.2720351219177246
guided,C[C@@](F)(C(=O)Nc1ncnc2c1nnn2Cc1cccc2ccccc12)C(F)(F)F,-0.7007946968078613
guided,N#CSCC(=O)NCCc1ccccc1,-3.122920274734497
guided,S=C(NC1CCCCC1)N1CCOCC1,-7.95892333984375
guided,NS(=O)(=O)c1ccc(CNC(=O)/C=C/C(=O)NCc2cccnc2Cl)cc1,-0.6600782871246338
guided,[O-][C+](C[CH+]C1CCCC1)NN[C-]([S-])N[C+]([O-])C1CC1,-0.9146756529808044
guided,O=C(CN(C(=O)c1csnn1)c1ccc(F)cc1F)NC1CCCC1,-0.9128203392028809
guided,[H]/N=C1C(=C\c2ccccc2C(=O)O)/C(=O)N=C2SC=NN2/1,-0.6723070740699768
guided,CN(C)CCC(=O)N1C[C@H](Nc2ccccc2)C[C@H](SCc2ccccc2)C1,-5.338945388793945
guided,O=C1C[C@@H](N2CCN(c3ccc(F)cc3)CC2)C(=O)N1c1ccc(F)cc1,-3.9604201316833496
guided,NS(=O)(=O)c1ccccc1CCC(=O)O,-0.7806019186973572
guided,Cc1ccc(S(=O)(=O)Nc2cc(C(=O)O)ccc2Cl)cc1,-0.7421464920043945
guided,COc1ccccc1OCCCO/[C-]=C\C1=[O+]\CC(=O)N/C(C)=C(/Cl)C(=O)O1,-0.5916507840156555
guided,O[C@@](CNCc1ccc(Cl)cc1)(c1ccc(F)cc1)c1ccc(OC(F)(F)F)cc1,-4.757230281829834
guided,O=S(=O)(NNc1nnc(N2CCCCCC2)c2ccccc12)c1cccs1,-0.5514716506004333
guided,CN(C[C@@H](O)COCc1ccccc1Cl)C1CCCCC1,-5.981438636779785
guided,O=C(CSc1cc(C(F)(F)F)cc(C(F)(F)F)c1)Nc1ccc2c(c1)OCO2,-3.9133875370025635
guided,CNC[C@H](O)[C@H](O)[C@@H](O)[C@H](O)CO,-1.0435504913330078
guided,C[CH-]C(C)C(C)C(N[C+]([O-])C[c+]1[cH-][cH+][c-]2[cH+][cH-][cH+][cH-][c+]2[cH-]1)[C+]([O-])O,-0.7846418023109436
guided,CCOC(=O)c1c(OCC)[nH]c2c1cc(O)c1ccccc12,-1.1494364738464355
guided,COc1cc(NC(=O)NC2CCCCC2)cc(OC)c1,-2.1125831604003906
guided,O=[N+]([O-])c1c(Nc2cccc(Cl)c2)c2ncccc2n1CCO,-0.5895839333534241
guided,O=C(/C=C/c1ccco1)N1CCN(C(=O)c2cc3ccccc3[nH]2)CC1,-1.138698697090149
guided,NS(=O)(=O)c1c(Nc2ccccc2)ncn1CCO,-0.6861782670021057
guided,NN/N=C/c1ccc(Cl)cc1Cl,-3.6115236282348633
guided,CCNNC(=O)[C@@](O)(Cc1ccccc1)Cc1cccc2ccccc12,-1.8100125789642334
guided,CCO[C@@H](Nc1nccs1)C(=O)O,-1.5637236833572388
guided,O=C(Nc1ccc2c(c1)OCO2)c1cccc(NC(=O)C2CCC2)c1,-0.7483159303665161
guided,CC[C@H](C)N1C(=O)c2ccc(C(=O)Nc3ccccc3C(=O)O)cc2C1=O,-0.5458695888519287
guided,COc1ccc(C)cc1N1CCN(S(=O)(=O)c2cnc[nH]2)CC1,-0.8428690433502197
guided,[O-]N(C[c+]1[cH-][cH+][cH-]o1)O[c+]1[cH-][cH+][cH-][c+](Cl)[c-]1N1CCOCC1,-1.9059487581253052
guided,N#Cc1cc2c(nc1SCC(=O)NCc1ccco1)CCCC2,-0.9074515700340271
guided,C=C/C=c1/[n-]cc/[n+]1=C\CCCOCCCF,-6.790145397186279
guided,COc1ccc(N2CCN(C(=O)CSc3nnc(COc4ccccc4)o3)C2)cc1,-0.701210618019104
guided,N#CCc1ccc([C@@H]2C[C@@H](O)[C@H](O)[C@@H](CC(=O)O)O2)cc1,-0.6250717043876648
guided,CNNCc1ccc(C(=O)O)cc1,-2.1777853965759277
guided,CC[C@@H](NC(=O)c1ccc(F)cc1F)[C@@H]1C[C@@H]2CC[C@H]1C2,-6.764881610870361
guided,C[C@@H]1[C@@H](NC(=O)CCSCCCC(=O)c2cc(F)ccc2F)CCC[C@@H]1C,-3.930032253265381
guided,NS([O])([O])[C]1[CH][CH][C](CCN[C]([O])C(CC[C+]2[CH][CH][CH][CH][CH]2)NS([O])([O])[C]2[CH][CH][CH][CH][C]2N([O-])[O-])[CH][CH]1,-0.8231626152992249
guided,Clc1ccc(-c2cn3c(n2)SCC3)cc1,-9.397913932800293
guided,CN(C[C+]([O])NC[C]1[CH][CH][CH][CH][CH]1)S([O])([O])[C]1[CH][CH][C](N([O-])[O-])[CH][CH]1,-0.6590542197227478
guided,N#C/C(=C(/O)CCc1ccccc1)c1nc(C(CCl)CCl)cs1,-2.660229206085205
guided,COc1nc(NC(=O)c2ccco2)nc(OCCOC(=O)COC(=O)c2cccc(F)c2)n1,-0.6465010643005371
guided,N#Cc1cc(OCc2cccc(-c3n[nH]c(=S)o3)c2)ccc1F,-1.0688172578811646
guided,COc1ccc(Br)cc1CNC[C@H](O)CO/N=C/[C@@H]1C(=O)C[C@@H](c2ccccc2)C[C@H]1O,-0.44248461723327637
guided,OCCc1nc2ccccc2[nH]1,-3.5966546535491943
guided,CC1=NN(C(=O)CCC(=O)Nc2ccc(Cl)cc2)[C@@](O)(c2ccc(F)cc2)C1,-0.6221473813056946
guided,CCOc1cc2nc(NCc3ccco3)nc(N)c2cc1OCC,-0.7469032406806946
guided,COc1cccc(NCCC(=O)c2ccccc2)c1,-5.0420613288879395
guided,Clc1ccc(Oc2ncnc3sccc23)c(Br)c1,-5.958844184875488
guided,O[C@H](COCc1ccc(Br)cc1)Cn1c2ccccc2c2ccccc21,-5.807629585266113
guided,COC(=O)CCn1nnc(-c2ccc3c(c2)OCO3)n1,-0.8053278923034668
guided,CO[N-][C+]([CH-][c+]1[cH-][cH+][c-]2[cH+][c-](F)[cH+][cH-][c+]2[n-]1)S[c+]1[n-][n-][c+](C[c+]2[cH-][cH+][c-](O)[cH+][cH-]2)n1-[c+]1[cH-][cH+][cH-][cH+][cH-]1,-0.966601550579071
guided,O=C(N/N=C\c1cnn(-c2cccc(F)c2)c1)c1ccc([N+](=O)[O-])cc1,-0.6130589842796326
guided,FC(F)(F)c1nc2n[c-]nn2c(NCc2ccco2)[o+]1,-1.164292573928833
guided,O=C(Nc1ccnn1C1CCN(C[C@H]2CC=CCC2)CC1)c1ccccc1Cl,-3.1222732067108154
guided,O=C(N/N=C/c1c(O)n(Cc2ccc(F)cc2)c(=S)[nH]c1=O)c1ccccc1,-0.627951979637146
guided,Cc1cc(O)c(C=O)c(O)c1C(=O)O,-0.829606831073761
guided,Clc1cc(NCc2ccco2)ccc1N1CCNCC1,-4.656691074371338
guided,Cn1nccc1NC(=O)CCCC(=O)N(CCC#N)c1ccccc1,-0.5332638621330261
guided,O=C(NC1CCCC1)C(C(=O)NC1CCCC1)N(Cc1cccs1)C(=O)c1cccs1,-0.7780256271362305
guided,COc1ccc(S(=O)(=O)N2CCSCC2)cc1Cl,-3.806959390640259
guided,Brc1c(OCCOCCNc2cnc3ccccc3n2)ccc2ccccc12,-2.522130012512207
guided,CC[C-]([O-])C1C2[C+]([O-])C3CC(C)CC(C)C3C(O)[CH+]C21C,-1.76534903049469
guided,CO[c-]1[cH+][cH-][c+](N2[N-][C+]([O-])[C-]([N-][c+]3[n-]o[n-][c+]3N)N2[O-])[cH-][cH+]1.[H+],-0.8068881034851074
guided,CC(=O)Nc1nnc(SCC(=O)N(C)C)s1,-1.3989242315292358
guided,O=S1(=O)CCN(Cc2cn[nH]c2-c2cc3ccccc3o2)CC1,-0.6823782324790955
guided,COc1ccc(-n2c[c-]c(C/[O+]=C/c3ccc(F)cc3)n2)c(OC)c1,-3.6084697246551514
guided,Nc1n/c(=[S+]/Cc2ccccc2)[nH]c2c[c-]c(OCc3cccc(F)c3)cc12,-1.7920588254928589
guided,O=C(Cc1ccccc1Cl)N[C@@H]1CCCN(Cc2ccccc2)C1,-5.945693492889404
guided,CN1[CH-][CH+][C-]([C+](F)C([c+]2[cH-][cH+][c-](Cl)[cH+][cH-]2)N(C)[C+]([O-])[c+]2[cH-][cH+][cH-][cH+][cH-]2)[N-]1,-4.0716657638549805
guided,CC(C)=[OH+].C[CH-]C.O=Pc1cccc(C(=O)O)c1,-1.159674048423767
guided,S=C(Nc1cccc(Cl)c1)N(Cc1ccc2c(c1)OCO2)Cc1ccco1,-3.8787896633148193
guided,O=C(Cn1c(=S)sc2cc([N+](=O)[O-])ccc21)Nc1ccccc1,-0.9187249541282654
guided,[CH2-]CCC/C=C\CCC#CC#N.[H+],-8.404061317443848
guided,Cn1c(=O)c2c(ncn2CC(=O)OCC(=O)c2cc3ccccc3o2)n(C)c1=O,-0.6501617431640625
guided,Clc1ccc(/C=C/c2ncc[nH]2)c(Cl)c1,-7.021470546722412
guided,[O-][C+](NCCCCO)C1CC1CN[C][N-][C+]1[CH+][C-](Br)[C+](Br)S1,-0.9287990927696228
guided,CC(=O)N1CCCc2ccc(NC(=O)CCCC(N)=O)cc21,-0.5647069811820984
guided,O=c1[nH]c(CN(C2CCCCC2)S(=O)(=O)c2ccccc2)nc2ccccc12,-0.47501054406166077
guided,O=C(/C=C/c1ccc(Cl)cc1)NCCNCc1ccc(F)cc1,-4.532656192779541
guided,CCOCCNC(=O)COc1ccc(S(=O)(=O)N2CCOCC2)cc1,-0.5490068793296814
guided,CC(=O)Nc1ccc(S(=O)(=O)NNc2ncc(C(F)(F)F)cc2Cl)cc1,-0.7781741619110107
guided,CN1CCN(C(=O)[C@]23C[C@H]4C[C@H](C[C@H](C4)C2)C3)CC1,-8.106964111328125
guided,C[C@H](OC(=O)c1ccc2[nH]c3c(c2c1)CCCC3)C(N)=O,-0.6216799020767212
guided,Cn1ccnc1Sc1ccccc1NC1CCN(Cc2ccccc2)CC1,-5.834901332855225
guided,[CH2-][OH+]c1[c-]c(-c2[c-][s+]c3n2C(=[NH2+])N=N3)c(OC)cc1,-1.0731174945831299
guided,O=C(O)c1ccccc1NCc1cccnc1,-1.8702454566955566
guided,Cc1nc([N+](=O)[O-])cn1CC(=O)N1CCc2ccccc21,-0.7440940141677856
guided,S=C(c1ccc(N2CCOCC2)cc1)N1CCCCC1,-9.70626163482666
guided,O=c1c2ccccc2cnn1Cc1n[nH]c(=S)n1-c1ccc(F)cc1Cl,-1.4578819274902344
guided,CN(CC(=O)NC1CCCCC1)S(=O)(=O)c1cccs1,-1.5592236518859863
guided,C=CCn1c(C)cc(C(=O)COC(=O)COc2ccccc2C#N)c1C,-0.8097754120826721
guided,COCCNC12O[S@@]13=CC=CC=3C(=O)O[C@H]2c1ccccc1,-2.0383291244506836
guided,O=S(=O)(c1ccc(NC(=S)N/N=C2\CCc3ccccc32)cc1)N1CCOCC1,-0.6248565912246704
guided,Cc1cc(-c2ccccc2)nc(/[NH+]=N/C2=CC3=C(C2)S(=O)(=O)C(=S)[N-]3)n1,-0.7215331196784973
guided,O=C(NCc1ccc2c(c1)OCO2)c1cnc2[s+]ccn2c1[O-],-0.6684428453445435
guided,Cn1cc(S(=O)(=O)N2CCCC2)cc1C(=O)Nc1ccccc1OC(=O)C(C)(C)C,-0.5284743309020996
guided,OC[C@@H](O)[C@H](O)C(O)[C@@H](O)[C@H](O)CO,-1.0154751539230347
guided,CCC(CC)NCc1cc(C)ccc1O,-6.2348713874816895
guided,CN(Cc1ccccc1)c1nc2c(c(=O)[nH]c(=O)n2C)n1Cc1ccccc1Br,-1.0125445127487183
guided,O=C(O)CSCC(=O)N1CCN(S(=O)(=O)c2ccccc2)CC1,-0.5094021558761597
guided,N#CCS(=O)(=O)c1ccccc1/C=N/NC(=O)COc1c(F)cccc1F,-0.6966117024421692
guided,COc1ccc(C(=O)NCc2n[nH]c(=S)n2-c2ccc(C(C)=O)cc2)c(OC)c1OC,-0.6897107362747192
guided,c1ccc2c(SCc3c[nH]c4ccccc34)ncnc2c1,-4.574643611907959
guided,OCCCN(Cc1cccs1)C[C@H](O)COc1ccc(Oc2ccccc2)cc1,-1.6074745655059814
guided,O=C(O)C1CCN(C(=O)c2cc(Cc3ccccc3)nn2-c2ccccc2)CC1,-0.7008951902389526
guided,COc1ccc(C(=O)OCC(=O)c2cccs2)c(SC)c1,-3.0490739345550537
guided,NN/C(=N\S(=O)(=O)c1ccc2ccccc2c1)Nc1ccccc1,-0.6518824696540833
guided,CN(C)/C=N\c1c(C#N)c(C#N)c(-c2ccccc2)n1Cc1cccs1,-1.4949555397033691
guided,O=C(NCCS(=O)(=O)N1CCN(c2ccc(F)cc2)CC1)C1(S(=O)(=O)c2ccccc2)CC1,-0.44924068450927734
guided,CN(C)NC(=O)COC(=O)c1ccc([N+](=O)[O-])o1,-0.9094294905662537
guided,CN(C)CCC(=C(c1ccccc1)c1ccccc1)c1ccccc1,-13.38390827178955
guided,COc1ccc(CCC(=O)Nc2nc3ccccc3s2)cc1OC,-2.087177038192749
guided,CC(=O)N1c2ccc(S(=O)(=O)NCCC(=O)NC[C@H]3CCCO3)cc2C[C@H]1C,-0.5727640986442566
guided,O=c1[nH]c(-c2ccccn2)nc2c1C1(CCCC1)Cc1ccccc1-2,-2.0943403244018555
guided,OCC([N-]CC(O)[c+]1[cH-][c+](C(F)(F)F)[cH-][c+](C(F)(F)F)[cH-]1)C1CC1,-2.6905758380889893
guided,N/C(CS(=O)(=O)c1ccccc1)=N\O,-0.829606831073761
guided,CCCC(=O)N(Cc1cccc(F)c1)c1ccc2ccccc2n1,-5.927483081817627
guided,O=C1C(NC2CC2)=C=[N+]([O-])O[C@H]1Cc1ccccc1,-1.7306461334228516
guided,NS(=O)(=O)c1ccc(CC(=O)N2CCOCC2)cc1,-0.5937799215316772
guided,Cc1ccn(CCCNC(=O)Cn2ncc3c([nH]c4ccccc43)c2=O)n1,-0.5459436774253845
guided,O[C@H](COC1(c2ccc(Cl)cc2)CCCCC1)CN1CCCC1,-5.873081684112549
guided,O=C(O)c1cc2cccc(S(=O)(=O)N3CCOCC3)c2cc1O,-0.45422816276550293
guided,S=C(NC(=S)N1CCOCC1)Nc1ccccc1,-5.375270843505859
guided,O=S(=O)(NCCc1ccc(O)c(O)c1)c1ccc2ccccc2c1,-0.5412496328353882
guided,CCCn1c(SCC(=O)Nc2nnc(CC)s2)nnc1-c1cccnc1,-0.7419379353523254
guided,C[O+]=C=C/C=C/N=C/c1[c-]c(-[n+]2ccc(=O)n(CC3=C[CH-]C4=[O+]COC4=C3)c2[O-])ccc1,-0.4706213176250458
guided,OC[C@H]1CCCN(CC[C@@H](c2ccccc2)c2c[nH]c3ccccc23)C1,-4.5397629737854
guided,O=S(=O)(NCc1ccccc1)NCc1ccccc1F,-2.440452814102173
guided,COc1ccc2c(c1)cc1n2CCN=C1NCCO,-2.1993460655212402
guided,COC(=O)Nc1cccc(NC(=O)C(Sc2nnnn2-c2ccc(O)cc2)=C(C)C)c1C#N,-0.8064929246902466
guided,N#Cc1cc(C(=O)O)cc(/C=N/c2ccccc2SCc2ccccc2)c1N,-0.6834920048713684
guided,O=C(Cn1c(=O)oc2cc(S(=O)(=O)NCc3ccccc3)ccc21)N1CCCC1,-0.5248156189918518
guided,N[C][N-][CH+][CH+][c-]1[c+](OCCCNCCCn2[cH+][cH+][n-][cH-]2)[cH-][cH+][c-]2[cH+][cH-][cH+][cH-][c+]12,-0.5488936901092529
guided,CCOc1cccc(-c2cc(=O)cc(C=O)o2)c1,-2.4435555934906006
guided,O=S(=O)(O)CCS,-3.6316752433776855
guided,O=C(/C=C/c1ccco1)NNC(=O)Nc1ccc(Cl)c(Cl)c1,-0.8244480490684509
guided,CC[C-]([C+]([O-])[C][C+]([CH+][CH-][c+]1[cH-][cH+][cH-][cH+][cH-]1)C[O-])[C+]1[CH+][CH-][CH+][CH-][CH+]1,-3.6665990352630615
guided,O=S(=O)(Oc1ccccc1N1CCCCC1)c1ccccc1,-3.5378386974334717
guided,O=[P@@](c1ccccc1)(c1ccco1)C1CCCCC1,-6.356544017791748
guided,CCN(C(=O)[C@@H]1CCCN1S(=O)(=O)c1ccc(-n2cnnn2)cc1)c1ccccc1,-0.4692668616771698
guided,O=[N+]([O-])c1nn(-c2ccccc2)n(O)/c1=N/Cc1ccc(F)cc1,-0.7076421976089478
guided,COc1c(F)cc(F)cc1C(=O)Nc1ccc(N2C(=O)CCCC2=O)cc1,-0.884117603302002
guided,O=C1OCc2cc(NC(=S)NC(=O)C3CC3)ccc21,-1.5403963327407837
guided,O=C(CNC(=O)[C@@H]1COc2ccccc2O1)N/N=C/c1cc(Br)cc(Br)c1O,-0.6113307476043701
guided,[O-][S+]([CH-]C1CCCCC1)C([c+]1[cH-][cH+][cH-][cH+][cH-]1)[c+]1[cH-][cH+][cH-][cH+][cH-]1,-8.000874519348145
guided,CS(=O)(=O)N[C@H](CC(=O)Nc1nc2c(s1)CCCC2)c1ccccc1,-0.6591953635215759
guided,O=C(c1ccc(=O)[nH]n1)N1CCc2ccccc2C1,-1.6044374704360962
guided,[O-][C+]1CCN([S+2]([O-])([O-])[c+]2[cH-][cH+][cH-][c+]3[n-]o[n-][c+]23)CC[NH+]1C[C-]1[CH-][CH+][C-]2OCCO[C+]2[CH-]1,-0.47929391264915466
guided,O=C(C[C@H]1C(=O)NCCN1CCCCC1CCCCC1)/N=N/c1c(O)[nH]c2ccccc12,-0.5515930652618408
guided,CC(C)(C)c1ccc(S(=O)(=O)N2CCN=C2SCc2cccnc2)cc1,-1.7914801836013794
guided,Cn1cnnc1SCc1ccc(C(=O)/C(=N\Nc2ccccc2)Sc2nnnn2-c2ccccc2)cc1,-0.7325200438499451
guided,CCc1c(C)c(C#N)c2nc3ccccc3n2c1NCc1ccc(N(C)C)cc1,-2.652322292327881
guided,COc1ccc(S(=O)(=O)NCC2CC2)c2ccccc12,-2.535961627960205
guided,CCCCn1ccnc1C(=O)c1cccc(Cl)c1,-5.636108875274658
guided,O=C(c1nc2c(n1O)CCCCC2)C1CCCCC1,-2.7138688564300537
guided,CC[C@H](C)N1C(=O)C(=O)/C(=C(/O)c2ccc(S(=O)(=O)N3CCOCC3)cc2)[C@@H]1c1ccc(N2CCOCC2)cc1,-0.4080217182636261
guided,Brc1ccc(-c2nnc3sc(CNCc4ccccc4)cn23)cc1,-4.465943336486816
guided,Clc1ccc(-c2nnc(-c3ccccc3)o2)cc1,-5.057061672210693
guided,CCC(=O)Nc1nc(Cl)c2c(n1)CCCC2,-2.9036624431610107
guided,CCOC(=O)COc1ccccc1-c1c(N2CCCC2=O)n(C)c(=O)n(C)c1=O,-0.585170567035675
guided,Clc1ccc(OCCN2CCN(c3ccccc3)CC2)cc1,-9.616084098815918
guided,NNC(=O)Nc1ccc(Cl)cc1,-1.7519245147705078
guided,CCc1c(C)cn(CCCNC(=O)C2CCCCC2)c1C,-5.868422985076904
guided,Cc1cc(NC(=O)Cn2nc(C)c(Br)c2C)no1,-1.5371211767196655
guided,COc1ccc(-c2nnc3n2N=C(c2cc(C)c(OC)c(Cl)c2)CS3)cc1,-2.0830705165863037
guided,O=C(CCc1nc(-c2cccs2)no1)N1CCOCC1,-1.4015763998031616
guided,[O-][P](O)([C][P]([O-])([C]1[CH][CH][CH][CH][CH]1)[C+]1[CH][CH][CH][CH][CH]1)OCC1CC1,-1.161054253578186
guided,FCCCOc1cccc2cccnc12,-8.293594360351562
guided,NC(=O)COc1ccc2c(c1)oc(=O)c1ccccc12,-0.6934980750083923
guided,O=C(c1cc2ccccc2o1)N1CCCC1,-5.862966537475586
guided,COc1cccc(C(=O)N/C(C)=C\C(=O)N2CCCN(C)CC2)c1OC,-1.1165521144866943
guided,COC(=O)C1CCN(CC(=O)Nc2nc(-c3ccc(Cl)cc3)cs2)CC1,-1.0714867115020752
guided,Cc1ccc(C(=O)COC(=O)CN2C(=O)c3ccccc3C2=O)cc1,-0.7411619424819946
guided,CC(O[C+]([O])C1C[C]([O])N([C]2[CH][CH][CH][CH][CH]2)C1)[C]([O])N[C]1[CH][CH][C](N([O-])[O-])[CH][CH]1,-0.6852927803993225
guided,CC[C@@H](C)NC(=O)c1ccc2c(c1)C(=O)/C(=C/c1ccc(Br)cc1)N2,-2.320423126220703
guided,CNC(=S)N1CCC(NC(=O)c2ccc3c(c2)OCCO3)CC1,-1.7952752113342285
guided,O=C(CSc1nnnn1-c1ccc(Cl)c(Cl)c1)NNC(=O)c1ccncc1,-0.7825314998626709
guided,Cc1ccc(-c2csc(SCC(=O)Nc3ccc(Cl)cn3)n2)cc1,-2.8539726734161377
guided,O=S(=O)(Nc1nc(-c2cccs2)cs1)c1ccc(Cl)cc1,-2.394310712814331
guided,Fc1ccc(/C=C/c2nc3ccccc3n2-c2ccccn2)cc1Cl,-6.801615238189697
guided,COc1ccc(N2CCN(CC(=O)Nc3ccc(C)cc3C)CC2)cc1,-3.8202295303344727
guided,O=C(CCCSc1nc2ccccc2o1)c1cc2ccccc2oc1=O,-1.0658096075057983
guided,[CH2-]OCCN(CCOC)C[c+]1[cH-]n(-[c+]2[cH-][cH+][cH-][c+](C)[cH-]2)[n-][c+]1C,-4.566530704498291
guided,NC(=S)N/N=C/c1ccccc1OC/C=C/c1ccccc1,-2.129222869873047
guided,CCOc1ccc2nc(NC(=O)C3CCN(C(=O)c4ccco4)CC3)sc2c1,-0.5571858882904053
guided,NCCN/C=C1/C(=O)NC(=O)N(Cc2ccccc2)C1=O,-0.6530143618583679
guided,CCOCC(=O)Nc1ncc(C(F)(F)F)cc1Cl,-3.3621954917907715
guided,NN[C-]1[N-]CCN1[C+]1[CH+][CH-][C+]2[CH-][C+](Br)[CH-][CH+][C+]2[N-]1.[H+],-1.5485923290252686
guided,O=C(/C=C/c1cccs1)NNC(=O)CCOc1ccc([N+](=O)[O-])cc1,-0.6075018644332886
guided,COC(=O)[C@@](O)(c1ccc(NC(=O)CN(C)Cc2cccc3ccccc23)c(C)c1)C(F)(F)F,-0.6917742490768433
guided,COc1cccc(C[C@@H](NC(C)=O)C(=O)Nc2c(C)cccc2C)c1OC,-0.9976270198822021
guided,N#Cc1ccccc1OCF,-6.403043746948242
guided,COc1ccc(S(=O)(=O)c2cc(C)ccc2C(C)=O)cc1,-2.0847842693328857
guided,COC(=O)C1=C(C)N(Cc2ccccc2)C(=O)/C1=C(/SCC#N)c1ccccc1,-1.2691364288330078
guided,Nc1nonc1-c1nc2cc(F)ccc2n1Cc1ccc(F)cc1,-0.8053660988807678
guided,CNCCNc1ccnc2cc(Cl)ccc12,-5.378581523895264
guided,NS(=O)(=O)c1cccc(NC(=S)Nc2nc3ccccc3[nH]2)c1,-0.8141800761222839
guided,Cn1c(=O)c2c(nc(CN3CCN(c4ccccc4)CC3)n2CCN2CCOCC2)n(C)c1=O,-0.6737158298492432
guided,Cc1nn(C)c(C)c1S(=O)(=O)N1CCC(C(=O)N[C@@H](C)c2ccccc2)CC1,-0.5985348224639893
guided,CNCCN[CH-]C(C)([CH+][O-])NCC[c+]1[cH-][cH+][cH-][c+](C(F)(F)F)[cH-]1,-2.180979013442993
guided,COc1cc(/C=N/n2c(C)nc3ccccc3c2=O)cc(OC)c1OC,-1.0949020385742188
guided,C/C1=N/NC(=O)c2nnn(-c3nonc3N)c2COC2=C[CH-]C=CC2[s@SP2+]2cccc21,-0.6902539730072021
guided,COc1cc2c(cc1C(=O)N1CCOC13CCCCC3)OCO2,-2.317075252532959
guided,O[C]1[CH][C][C]([N+]2CCN([C]3[N][CH][N][C]4[S+][CH][C-]([C]5[CH][CH][CH][CH][CH]5)[C]43)CC2)[CH][CH]1,-2.5448992252349854
guided,[O][C]1[C]2[CH][CH][CH][CH][C+]2NC([C]2[CH][CH][C](F)[CH][CH]2)N1[C]1[CH][CH][C](N([O-])[O-])[CH][CH]1,-0.8569648861885071
guided,[CH][C+]1CCCCN1[C-](N[C+]1[CH+][CH+][C+](F)[CH+][CH+]1)[C+]([C][N-2])[C][N-2],-2.373100519180298
guided,Nc1nc(SCc2ccc(Br)cc2)[nH]c(=O)c1Cc1ccccc1,-1.2177679538726807
guided,O=S(=O)(CCN1CCN(C/C=C/c2ccccc2)CC1)c1ccc2ccccc2c1,-4.38067102432251
guided,COc1nccnc1NS(=O)(=O)c1ccc(NS(=O)(=O)Cc2ccccc2)cc1,-0.6959522366523743
guided,Cn1[c+]([O-])[c+]2[cH+][c+]([N-][N-]N3CCOCC3)[n-][c+]2[n-][c-]1[O-].[CH+]1CCCCC1,-0.6458237767219543
guided,[NH-][C+](N)NCCCC(C[C+]([O-])N[c+]1[cH-][c+](C(F)(F)F)o[n-]1)OC[O-],-0.6905328035354614
guided,Cn1nc(CC(=O)Nc2cccc(S(=O)(=O)N3CCCCC3)c2)c2ccccc2c1=O,-0.5035102367401123
guided,COc1ccccc1C(=O)N=P(N(C)C)(N(C)C)N(C)C,-3.7032394409179688
guided,O=C(OCc1cccc2ccccc12)c1ccccc1,-7.318227767944336
guided,N#Cc1ccccc1S(=O)(=O)OC(=O)c1ccc(Br)cc1,-0.8312473893165588
guided,CCC1(CC)NC(=O)N(CC(=O)OCC(=O)Nc2sccc2C#N)C1=O,-0.7985703349113464
guided,CCOC(=O)c1ccc(Oc2c(C)oc3cc(OS(C)(=O)=O)ccc3c2=O)cc1,-0.6655390858650208
guided,Cc1[nH]c2ccccc2c1C(=O)C(=O)Nc1ccc(C(=O)O)cc1,-0.6544066071510315
guided,Fc1ccc(-n2c(Cc3cccs3)n[nH]c2=S)cc1Cl,-6.081544399261475
guided,O=S(=O)(c1cccc(Cl)c1)N(Cc1ccc(Cl)cc1)Cc1ccco1,-3.3833372592926025
guided,O=C(NCCCN1CCCC1)Nc1cc(Cl)ccc1O,-1.5694471597671509
guided,Nc1nonc1C(=O)OCC(=O)c1ccc2c(c1)OCCO2,-0.7747955322265625
guided,NC(=O)N[C@@H](Cc1ccccc1)NC(=O)c1ccco1,-0.7300237417221069
guided,O=c1c2ccc(S(=O)(=O)Nc3ccccn3)cc2ncn1Cc1ccco1,-0.6326983571052551
guided,N[S@+]([O-])c1ccc(Nc2nc(-c3ccco3)c(C(=O)c3cccs3)s2)c(Cl)c1,-0.9399005174636841
guided,CCN1C(=O)N[C@@H](c2cccnc2)C(C(=O)OC)=C1C,-1.3055038452148438
guided,Cc1ccc(NC(=S)NC(=O)C(C)C)cc1C,-4.808162689208984
guided,COc1ccc(Cn2cc(C(F)(F)F)ccc2=O)cc1[C@@H](CNC1=CC(=O)CCC1)N(C)C,-1.6629059314727783
guided,COCCCNC[C@]12C[C@H]3C[C@H](C[C@H](C3)C1)C2,-8.789000511169434
guided,CCOCC(=O)Nc1cccc2ccccc12,-5.02325963973999
guided,CC1=C(C(=O)Nc2ccc3c(c2)OCCO3)[C@H](c2ccco2)NC(=O)N1,-0.6475499272346497
guided,NNC(=O)c1cnn2ccccc12,-1.3689171075820923
guided,O=C([C@H](c1cccc2ccccc12)n1c(C2CCCCC2)noc1=O)N1CCCC1,-1.1679213047027588
guided,Clc1cc(Br)ccc1N1CCNCC1,-10.028562545776367
guided,FC(F)Oc1ccc(NC(=S)Nc2ccccc2OC(F)F)cc1,-4.541207790374756
guided,C=[O+]c1ccc(CC(=O)O)cc1.[O-]P(OCC1CC1)c1ccccc1,-0.6502832174301147
guided,CC[C-]1[CH+][C+]([C-]([O-])NCCn2[cH+][cH+][cH-][n-]2)[C+]([C+]2[CH+][C-]([O-])N[C+]3[CH+][CH-][CH+][CH-][C+]32)[C][N-]1,-0.6589182615280151
guided,OC1(c2ccc(Cl)cc2)CCN(Cc2cccnc2)CC1,-5.265516757965088
guided,[O][C](N[N][CH][C]1[CH][CH][C](N([O-])[O-])S1)[C+]1[CH][CH][CH][CH][N]1,-0.8164265155792236
guided,Cc1ccc(/N=C/c2ccccc2O)c([N+](=O)[O-])c1,-0.9247353076934814
guided,NNC(=O)c1ccc(COc2ccc([N+](=O)[O-])cc2)o1,-0.6966376304626465
guided,CCCN(c1ccccc1)c1n[nH]c(=S)n1CCC(C)C,-5.384350299835205
guided,Cn1nc(C(=O)N2CCN(C(=O)c3cc4ccccc4oc3=O)CC2)c2ccccc2c1=O,-0.46301010251045227
guided,CO[C-]([O-])[CH+]C1[C+]([O-])NCCN1[C+]([O-])N[c+]1[cH-][cH+][cH-][c+]2[cH-][cH+][cH-][cH+][c-]12,-0.4712606370449066
guided,O=C(c1ccccc1)[C@@H](Cc1ccsc1)C(=O)c1ccccc1OC(F)F,-4.441132545471191
guided,FC(F)(F)C(F)([N-][c+]1[n-][cH+][cH-][cH+][c-]1-n1[cH+][cH-][cH+][cH-]1)C(F)(F)F,-6.304935932159424
guided,NS(=O)(=O)c1ccc(NC(=S)N(Cc2ccccc2)Cc2ccccc2Cl)cc1,-0.9813084006309509
guided,O=S(=O)(/C=C/c1cccs1)N1CCN(c2cccc(F)n2)CC1,-2.7879369258880615
guided,Cc1nc(-c2ccc(S(=O)(=O)Nc3cc4c(cc3C)n(C)c(=O)n4C)cc2)cs1,-0.7222226858139038
guided,Fc1ccc(NCc2cccnc2)cc1,-7.737369060516357
guided,C[c+]1[cH-][c+]([CH+]NN[C-](C)[O-])[c-]2[c+]([cH-]1)CCCC2,-3.729469060897827
guided,O=c1[nH]c([O-])c(/C=C2/C=CC=[S+]2)c(=O)[nH]1,-0.8307828903198242
guided,CCON/C(=N\CCC(C)C)c1ccccc1,-6.002950191497803
guided,CN(CC(=O)N1CCN(Cc2ccccc2)CC1)S(=O)(=O)c1cccc2nsnc12,-0.45465123653411865
guided,CN(C)/N=N/c1c(Cl)cncc1Cl,-5.2384138107299805
guided,O=C(O)CCCc1ccccc1-n1nnnc1SCC(=O)c1ccccc1F,-0.5656590461730957
guided,Cn1c(N)c(N2CCN(c3ccc(F)cc3)CC2)c(=O)[nH]c1=O,-0.6782456636428833
guided,CNNC(=S)N[C@H]1C[C@H]2C[C@@H]1[C@@H]1C=CC[C@H]21,-5.713223457336426
guided,c1ccc(N/C(=N\[N+]23[C-]4[C@@H]2[O+]43)[N-]c2ccccn2)cc1,-2.9557151794433594
guided,C[CH-]CN(CC)[c+]1[cH-][c+](-[c+]2[n-][c+]3[cH-][c+]([C+]([O-])NCCOC)[cH-][cH+][c-]3n2C)[cH+][n-][n-]1,-0.46608421206474304
guided,NNC(=S)NCc1cccc2ccccc12,-3.3372180461883545
guided,O[C-]1[C][C][N-][C]N1[N-][C][C+]1[CH+][CH+][CH+][C+]2[C+]1[CH+][N-]N2[c+]1[cH-][cH+][cH-][cH+][cH-]1,-1.2003297805786133
guided,FC(F)(F)COc1ccc(CNc2ncccn2)cn1,-2.285323143005371
guided,S=C(NCc1ccco1)N1CCN(c2ncccn2)CC1,-2.356602907180786
guided,C[C@@H](c1cccc(COc2ccccc2)c1)c1ccc(S(=O)(=O)N(C)C)cc1O,-1.3773036003112793
guided,O=C(Cc1ccccc1)Nc1ccccc1NC(=O)CN1CCN(c2ncc(C(F)(F)F)cc2Cl)CC1,-0.7534708976745605
guided,CCCCNc1ccc2c3c(cccc13)C(=O)NC2=O,-2.234952926635742
guided,CN(c1cccc2ccccc12)[C@H]1CC[C@H](N)CC1,-6.600889682769775
guided,COc1ccc([C@H]2CCN(CC(=O)N3CCOCC3)C[C@@H]2CNC(=O)/C=C/c2ccccc2)cc1,-0.9348931312561035
guided,N/C(=N\c1ccccc1)c1ccccn1,-3.178380012512207
guided,CON1C(=O)C(=O)N(OC)C(C)(C)[C@H]1C,-3.0274980068206787
guided,CN1CCN(C(=O)c2cc3ccccc3[nH]2)CC1,-4.799625396728516
guided,CC(=O)Nc1ccccc1C(=O)OCc1ccccc1F,-2.6494014263153076
guided,NC(=S)N/N=C\c1ccc(O)cc1O,-0.8511146306991577
guided,[O-]c1c2cc3ccc[s@SP1+]3oc-2c2ccccc12,-5.424205780029297
guided,N[C@@H]1CCCN(S(=O)(=O)c2ccccc2)C1,-1.8214929103851318
guided,COCCNC(=S)NN=C1CCCCCC1,-4.193350315093994
guided,NS(=O)(=O)c1cccc(NC(=O)c2cc(NC(=O)c3ccco3)ccc2N2CCCCC2)c1,-0.4321011006832123
guided,OC[C@@H]1CCCCN1C[C@@H](O)COCc1cccc(F)c1,-2.7432732582092285
guided,N/C(CN1C(=O)c2ccccc2C1=O)=N/C1CCCCC1,-0.827984094619751
guided,CCCCc1nc2cc(C(=O)NCCN3C(=O)CSC3=O)ccc2o1,-0.5899383425712585
guided,Nc1ccccc1COCCCCO,-2.6346874237060547
guided,Cc1c(C(=O)c2cccc(C(F)(F)F)c2)cc(N)cc1S(=O)(=O)c1ccccc1,-0.9758318066596985
guided,NNC(=O)/C(=C\c1ccc2c(c1)OCO2)NC(=O)c1ccc(Br)cc1,-0.6389741897583008
guided,O=C(c1ccccc1)N1CCC(O)(c2ccc(Cl)cc2)CC1,-4.520662784576416
guided,CCN(CC)S(=O)(=O)c1cccc(S(=O)(=O)c2ccc(C)cc2)c1,-1.1254171133041382
guided,O=C(c1ccc(Cl)cc1)[C@H]1CCCN(Cc2ccon2)C1,-3.66847562789917
guided,O=C(COC(=O)[C@@H]1CC=CCC1)N[C@@H]1CCN(c2n[nH]c(=O)[nH]c2=O)C1,-0.6720150709152222
guided,Cc1ccccc1NC(=O)[C@H](Cc1c[nH]c2ccccc12)NC(N)=O,-0.6288985013961792
guided,O=C(N/C(=C\c1ccc(F)cc1)C(=O)N1CCNCC1)c1ccccc1,-1.7713860273361206
guided,Cc1nc2[s+]c3c(c-2c([O-])o1)CC(C)(C)OC3,-2.6826021671295166
guided,COC[C@@H](C)NCc1cccn1-c1ccccn1,-4.9962477684021
guided,Fc1ccc(NC(=S)N2CCN(C(c3ccccc3)c3ccccc3)CC2)c(F)c1,-9.031856536865234
guided,F[c-]1[cH+][cH-][c+](C([CH-][c+]2[cH-][cH+][cH-]o2)N2CCN([c-]3[cH+][n-][c+]4[cH-][cH+][cH-][cH+][c+]4[n-]3)CC2)[cH-][cH+]1,-3.3205080032348633
guided,[O-][C+]([CH-]C[c+]1[cH-][cH+][cH-][cH+][cH-]1)OC12CC3CC(CC(C3)C1)C2,-6.051802635192871
guided,N#CC[C@H](CNc1ncc(C(F)(F)F)cc1Cl)OC(=O)c1ccc(Cl)cc1,-1.2009774446487427
guided,CN1C[C@H](C(=O)c2cccs2)[C@@H](c2ccc(Cl)cc2Cl)C1,-8.721405029296875
guided,COc1ccc(/C(CCc2ccc(OC)c(OC)c2)=N/O)c(OC)c1,-1.294165015220642
guided,Nn1c(Cc2ccccc2)nnc1SCc1ccc(Cl)c(Cl)c1,-2.550506353378296
guided,Cn1c(=O)oc2cc(S(=O)(=O)N3CCC[C@@H]3C(=O)NCc3ccc(F)c(F)c3)ccc21,-0.5006118416786194
guided,CSCCOC(=O)/C=C1\[C@@H](C)c2cc(C)ccc2N1C,-6.707042694091797
guided,O=C1CN(CC(=O)N2CCCCC2)c2ccccc2O1,-3.1544151306152344
guided,Cc1ccccc1-n1nnnc1C/C=N/N(C)c1ccc(C(=O)NCC(=O)O)cc1,-0.5849934220314026
guided,C/C(=N/Nc1nc(Cc2ccccc2)cs1)c1sc(C)nc1C,-3.5125911235809326
guided,NS(=O)(=O)c1ccc(CCn2c(=O)c3cccn3c3ccccc32)cc1,-0.564605176448822
guided,[O][C+]([C-][C](CC([O-])OC[C]1[CH][CH][C](CO)[CH][CH]1)[C]1[CH][CH][CH][CH][CH]1)N([C][O-])C[C+]1[CH][CH][CH]O1,-0.7683606743812561
guided,OC[C@]1(O)OC[C@H](O)[C@H](O)[C@H]1O,-1.0170059204101562
guided,S=C(c1cccc(Cl)c1)N1CCN(Cc2cccs2)CC1,-12.121665000915527
guided,COc1cc2c(cc1NC(=O)[C@@H]1CC(=O)N(Cc3ccc4c(c3)OCCO4)C1)oc1ccccc12,-0.4815565347671509
guided,Nc1c(C(=O)N[C@H]2Cc3ccccc3N2)c2nc3ccccc3nc2n1-c1ccccc1,-0.6363359093666077
guided,O=C(O)c1ccc(NS(=O)(=O)c2ccc(-n3cccc3)cc2)cc1,-0.5796027183532715
guided,CCC1=C/C(=C(\[O-])OC)C(NC(=O)CSc2nccn2-c2ccc(Cl)cc2)=[S+]1,-0.8334922790527344
guided,C=C[CH+]Cc1ccccc1/C=[C-]/CCNC,-10.738096237182617
guided,CCCOc1ccc(/C=C/C(=O)c2ccccc2)cc1,-7.2869439125061035
guided,[H+].[N][C]C1([N][C]2[N-][CH][CH]S2)C[NH2+][C]CCCC1N,-0.8902686834335327
guided,CO[C]1[CH][CH][C](CN[C+]2[CH][CH][CH][CH][CH]2)[CH][C]1N([O-])[O-],-1.380473256111145
guided,O=NN1CCN(c2ccc(Cl)cc2)CC1,-5.575961589813232
guided,CN(C)S(=O)(=O)NCc1ccc(F)cc1,-3.6530120372772217
guided,[CH2+]C1(CC)NC([C-]([O-])O)C[c+]2[c-]1[nH][c+]1[c-](C)[cH+][cH-][cH+][c-]21,-1.255628228187561
guided,[CH2-][C][C+]1[CH+][CH-][CH+][CH-][C+]1[S+2]([O-])([O-])N([CH2-])CC[C-]1[CH+][CH-]C(C)[C][C+]1[C+]([O-])[N-]C[C+]1[CH+][CH-][CH+][CH-][CH+]1,-0.758258044719696
guided,NS(=O)(=O)c1ccc(N2CCCCCC2)c([N+](=O)[O-])c1,-0.5724871754646301
guided,COc1cc2c(cc1NC(=S)NNC(=O)[C@@H]1C[C@H]1c1ccccc1)oc1ccccc12,-1.0003776550292969
guided,C=P([O-])=NCCCc1ccccc1.C=[N+]1CCN(c2ccc(O)cc2)CC1,-1.8664950132369995
guided,O=C(CCc1ccc(F)cc1)N1CC[C@H](c2ccc(F)c(F)c2)C1,-8.579888343811035
guided,CN(CC(=O)NCc1nnn(CC(=O)Nc2cccc(C(F)(F)F)c2)n1)S(=O)(=O)c1cccc(C(F)(F)F)c1,-0.6413665413856506
guided,COCCOc1ccc(C)cc1NC(=O)CC[C@@H](C(=O)O)c1ccccc1,-0.5451362729072571
guided,O=C(Nc1cccc(-c2cccnc2)c1)c1ccc(Br)o1,-2.638418197631836
guided,COc1ccccc1NC(=O)CCC(=O)Nc1nccs1,-0.8504458665847778
guided,Cc1ccc(S(=O)(=O)N2CCOCC2)c(C)c1NS(=O)(=O)c1ccccc1,-0.5485838651657104
guided,CCOc1ccccc1[C@@H]1NC(=O)NC(C)=C1C(=O)NCc1ccccc1,-0.8253059983253479
guided,Oc1ccc2ccccc2c1CN1CCN(c2ccccc2F)CC1,-7.056984901428223
guided,COCC1CCN(Cc2cnn(-c3ccccc3C)c2)CC1,-6.347605228424072
guided,CCN(CC)S(=O)(=O)c1cccc2ccccc12,-5.214832305908203
guided,O=C(Nc1ccc(F)cc1)c1cc(C2CC2)on1,-2.6471545696258545
guided,CC(=O)N1CCOc2cc(S(=O)(=O)NC3CCCCC3)c(Cl)cc21,-0.9290558099746704
guided,CCOc1cccc(C(=O)OC)c1NC(=O)C(C)C,-1.8130419254302979
guided,O=C(NC[C@H](c1ccco1)N1CCCC1)c1cccs1,-3.8184828758239746
guided,O=P(c1ccccc1)(c1ccccc1)c1ccc(Cl)cc1,-9.404183387756348
guided,COC[C@@H]1CCC/C(=C/C(=O)CC(C)(C)C)N1,-5.17641544342041
guided,CCOC(CN(NC(=O)c1csc(Nc2ccc(OC)cc2)n1)c1ccccc1)OCC,-0.6156206130981445
guided,Oc1c(Br)cc(Br)cc1CNc1nc2ccccc2n1CCN1CCCCC1,-2.9708311557769775
guided,O=C(O)CSc1nnc(-c2ccc(Cl)cc2)n1CCc1ccccc1,-1.3817750215530396
guided,CC[P+]([S-])(CC)[c-]1[cH+][cH-][n-][c+]1[P+]([O-])([c+]1[cH-][cH+][cH-][cH+][cH-]1)[c+]1[cH-][cH+][cH-][cH+][cH-]1,-5.121402740478516
guided,Cc1cc(N2CCOCC2)nc2ccc(NC(=S)N3CCc4ccccc4C3)cc12,-4.521120071411133
guided,[H]/N=C1C(=C\c2ccc(N)c(OC)c2)/C(=O)N=C2SC(CC(=O)N3CCCCC3)=NN2/1,-0.5924253463745117
guided,O=C(Nc1ccc(N2CCCC2)cc1)c1ccc(-c2cccc(Cl)c2)o1,-4.121487140655518
guided,O=C(N/N=C\c1ccc(O)c(O)c1)c1ccc(Br)cc1,-0.7581791877746582
guided,Cc1cccc(NS(=O)(=O)CCC(=O)c2ccccc2)n1,-0.982620120048523
guided,Cc1ccc(-c2nc3ccccc3s2)cc1NC(=S)Nc1ccccn1,-3.734436511993408
guided,COCCn1c(C)cc(C(=O)CSc2nnc(N)s2)c1C,-0.9553204774856567
guided,CCCc1[nH]nc2c1[C@@H](C(C)C)C(C#N)=C(N)O2,-1.0612810850143433
guided,COc1ccc(C(=O)Oc2ccc(C=O)cc2OC)cc1OC(C)=O,-0.6776502728462219
guided,O=C1C[C@@H](c2ccccc2)Oc2cc(O)cc(O)c21,-1.4565248489379883
guided,COc1ccc(C)cc1NC(=O)Nc1cccc(C)c1C,-3.338853359222412
guided,O=C(c1cc(COc2ccc(Br)s2)on1)N1CCN(C/C=C/c2ccccc2)CC1,-2.1003687381744385
guided,O=C(NNc1ccccn1)[C@H]1C[C@@H]1c1ccc(CCCl)cc1,-2.7901618480682373
guided,O=C(NNC(=S)Nc1ccc(Cl)cc1)c1ccccc1Cl,-3.032270669937134
guided,Cc1ccc(S(=O)(=O)NNC(=O)Nc2ccc(C)c(C)c2)cc1,-0.7865405678749084
guided,C[C](CCOC1OC(COC2OC(C)C(O)C(O)C2O)C(C)(C[C][C]C(C)C(C)[C]C[CH-]C(C)[C]([OH+])C(O)C(C)[O-])C(O)C1O)[O+]C1OC(CO)C(O)C(O)C1O.[H+],-0.8522731065750122
guided,Cc1onc(-c2c(F)cccc2Cl)c1C(=O)N(C)CCc1ccccn1,-2.2552452087402344
guided,O=C(/C=C/Cc1ccc([N+](=O)[O-])s1)OCc1ccccc1,-1.3032540082931519
guided,CO[c-]1[cH+][c-](CN2CCCCC2)[c+]([O-])[nH][c+]1[O-],-0.9751323461532593
guided,C=C(C)COc1ccc(/C=C\CNCCO)cc1,-4.52958345413208
guided,COc1cc(OC)nc(NNC(=O)c2cc(S(=O)(=O)N3CCc4ccccc43)ccc2Cl)n1,-0.6385567784309387
guided,C=CCN(C(=O)CCC(=O)Nc1ccccn1)c1ccc(F)c(Cl)c1,-1.8567554950714111
guided,Fc1ccccc1[C@@H](Oc1ccc(OC(F)F)cc1)C(F)(F)F,-9.382163047790527
guided,CN(CC(=O)C(C)(C)OC(=O)Cc1ccccc1)Cc1ccccc1,-3.6716220378875732
guided,CC(C)c1ncc(/C=N/NC(=O)c2cccs2)s1,-2.934911012649536
guided,CCOC(=O)NC(=O)COC(=O)c1cccc([N+](=O)[O-])c1,-0.7005359530448914
guided,O=C1[C@@H](c2cc(Br)ccc2OCc2ccccc2)N(C(=O)c2cccnc2)CCN1C1CCCCC1,-2.1150527000427246
guided,N[C]1[N]O[N][C]1[C]([C][N+]([O])[O-])[NH+][C]1[CH][CH][C](N2CCOCC2)[CH][CH]1,-0.7662681341171265
guided,O=c1cc(CO)occ1O,-1.5907597541809082
guided,CCO[C]1[CH][CH][C]([C]2[C]([O-])N(OC[C+]3[CH][CH][C]4[CH][CH][CH][CH][C]4[N]3)[C]3[CH][CH][CH][CH][C]3N2[O-])[CH][CH]1,-0.8566282987594604
guided,COc1cc(CN(/C=C/c2ccccc2)C(=O)/[N+](O)=C2\CCCC[C@H]3N2C3(C)[O-])ccc1O,-0.3693636655807495
guided,OOc1ccc(CCC[C@@H](O)CCc2cccc3ccccc23)c2nonc12,-0.43480443954467773
guided,S=C(NCCc1ccccc1)NCc1ccco1,-5.371317386627197
guided,CCOc1ccccc1NC(=O)Cn1c(CO)nc2ccccc21,-0.8613871932029724
guided,O[CH-]C(O)[c+]1[cH-][c+](Cl)[c-](O)[cH+][c-]1O,-0.8826209902763367
guided,COC/C(=C\C(=O)N(C)c1ccccc1)C(=O)OCC(=O)N1CCCC[C@@H]1C,-0.8193783760070801
guided,Cc1ccc(NC(=O)Nc2cccnc2)c(OC(F)F)c1,-1.9120657444000244
guided,CCOC(=O)/C(=C(\N)NC(=O)[C@H](C)N1C(=O)c2ccccc2C1=O)c1ccccc1,-0.6469005942344666
guided,COCN(C(=O)c1cccc(OC)c1)c1cc(OC)ccc1OC,-2.3954012393951416
guided,COc1ccc(OC)c(S(=O)(=O)N2CCN(C)CC2)c1,-2.2209877967834473
guided,COCCN(Cc1sccc1C)C(=O)Nc1cccc(C(C)=O)c1,-2.2024083137512207
guided,N#Cc1ccccc1NC(=O)NC(=O)C(c1ccccc1)c1ccccc1,-0.6718703508377075
guided,Cc1cc(C)n([C@@H](C)CC(=O)Nc2cccc(C(F)(F)F)c2)n1,-3.812755584716797
guided,O=C(Cn1ccc2ccccc2c1=O)NCC(=O)N1CCC2(CC1)OCCO2,-0.49286752939224243
guided,O=C(c1cc([N+](=O)[O-])cc([N+](=O)[O-])c1)N1CCN(C(=O)C2CC2)CC1,-0.50364089012146
guided,NNC(=O)CN(c1ccccc1)S(=O)(=O)c1ccccc1,-0.6131636500358582
guided,CC(C)c1ccc(OC[C@H](O)CN[C@H](C)c2ccccc2)cc1,-4.425075054168701
guided,S=c1[nH]nc(/C(=C/c2ccc(Cl)cc2)c2ccccc2Cl)n1-c1cccc(Cl)c1,-8.004136085510254
guided,COc1ccc([N+](=O)[O-])cc1COc1ccc(C)cc1C(=O)NCc1ccco1,-0.5972849726676941
guided,C[C@@H](O)CO,-5.5232343673706055
guided,CN(Cc1cc(=O)oc2cc(O)c(Cl)cc12)C1CCCCC1,-2.6542861461639404
guided,Cn1c(=O)c2c(nc(SCC(=O)NCCc3ccccc3)n2C)n(C)c1=O,-0.6926566362380981
guided,S=C(Nc1ccc(Cl)cc1)N1CCCCC1,-9.897383689880371
guided,COc1ccccc1NC(=O)COC(=O)CCS(=O)(=O)c1cccc2ccccc12,-0.48795086145401
guided,CO/[C-]=C(\C=[N+]1CCN(C(=O)c2cccs2)CC1)C(=O)Nc1ccc(=[O+]C(F)F)[cH-]c1,-0.9480696320533752
guided,CCOc1ccc2c(CC(=O)OCC(=O)Nc3cccc(OC)c3)coc2c1,-0.58724445104599
guided,Cc1cc(NNC(=O)c2ccccc2)ncc1Br,-2.901535749435425
guided,CCO[C]1[CH][CH][CH][C](N[C]([S])N(C[CH+][CH][C]2[CH][CH][CH][CH][CH]2)C[C]2[CH][CH][CH][C](N([O-])[O-])[CH]2)[CH]1,-1.2298080921173096
guided,OCC#CCSc1ccc2ccccc2n1,-6.066032886505127
guided,CN(C)NC(=O)CCC(=O)O,-1.8310483694076538
guided,N#CCC(=O)NNC(=S)NCc1ccccc1,-1.1496753692626953
guided,Fc1ccc(Sc2ccc(CN3CCC[C@@H](OCc4ccccc4F)C3)cc2F)cc1,-11.348258018493652
guided,CN(C)S(=O)(=O)c1cccc(NC(=O)CCc2ccc(S(N)(=O)=O)cc2)c1,-0.6078033447265625
guided,NNC(=O)CNc1cccc2ccccc12,-1.5186793804168701
guided,COc1ccc(S(=O)(=O)NC[C@H](C)CN(C)C)cc1,-2.3764901161193848
guided,CCOc1cc(NC(=O)c2ccccc2F)c(-c2ccoc2)cc1OCC,-2.204943895339966
guided,COc1ccc(C(=O)N/N=C/c2ccc(OCC(N)=O)cc2)cc1OC,-0.6407992839813232
guided,Fc1cccc(Nc2nnc(SCc3nnc(-c4ccccc4)o3)s2)c1,-1.1104539632797241
guided,COCCNC(=O)C(=O)NC[C@@H]1OCCN1S(=O)(=O)c1ccccc1Cl,-0.6767898797988892
guided,Brc1ccc(OCCCN2CCC(Cc3ccccc3)CC2)cc1,-10.517266273498535
guided,CCOc1ccc(/C=C/CN2C[C@@H](C)O[C@@H](C)C2)cc1OC,-6.410719871520996
guided,O=C1C(=O)N(Cc2cccnc2)[C@H](c2ccncn2)/C1=C(/O)c1ccc(F)cc1,-0.5787600874900818
guided,O[C-](CNCCC(O)CO[c+]1[cH-][cH+][cH-][cH+][cH-]1)CO[c+]1[cH-][cH+][cH-][c+](Br)[cH-]1,-1.0435441732406616
guided,COc1cccc2c1OC[C@@H](CNC(=O)c1ccc(-c3cccc([N+](=O)[O-])c3)s1)C2,-0.4789271652698517
guided,COc1ccc(/C=C2/Sc3ccc(CO)cc3N(C)C2=O)cc1O,-1.194994330406189
guided,CCN(CC)S(=O)(=O)c1ccc(NC(=O)N[C@@H](C)C2CCCCC2)cc1,-0.7445042133331299
guided,O=C(CSc1nnc(NC(=O)C2CC2)s1)Nc1ccccc1Cl,-0.8289939761161804
guided,C=[O+]c1ccccc1OCP([O-])NCc1ccco1,-1.5359761714935303
guided,COc1ccccc1/C=N/NC(=S)Nc1cccc(C)c1,-3.9981255531311035
guided,CC(C)[C@@H](NS(=O)(=O)c1cccs1)C(=O)NC1CCCCC1,-1.0005956888198853
guided,CCO[C]1[CH][CH][C](CN2[CH+][N][N][N]2)[CH][C]1N([O-])[O-],-0.8100327849388123
guided,CCO[C@@H]1OC(C(N)=O)=C[C@H](c2ccc3c(c2)OCO3)[C@H]1CCCO,-0.540723979473114
guided,COC[C@@H](C)NC(=O)NCc1ccco1,-2.103468656539917
guided,CC(=O)N1c2ccc(C(=O)N(C)c3ccccc3)cc2C[C@@H]1C,-4.567793369293213
guided,COc1cc(/C=C(\C#N)C(N)=O)ccc1OCC#N,-0.760938823223114
guided,CCN(CC)CCN(C)C(=O)c1cc(-c2ccc(Br)cc2)on1,-3.2867729663848877
guided,N#Cc1nc(COc2ccccc2F)oc1NCCc1ccccc1,-1.2424038648605347
guided,O/N=C/c1ccc(OCc2ccccc2)cc1OC(F)F,-3.1091644763946533
guided,O=C1C=C(NC[C@@H]2CCCO2)C[C@H](c2ccc(F)cc2)C1,-4.937280178070068
guided,CO/C=C\c1cc(=O)[nH]c(=O)[nH]1,-1.3598182201385498
guided,CC[C@@H](C(=O)c1ccccc1)c1ccccc1,-9.337660789489746
guided,Clc1ccc(OCCSc2ncn[nH]2)cc1,-3.407803773880005
guided,CN(C)NC(=O)c1ccccc1F,-6.430862903594971
guided,COC(C[C@H](O)CCC(=O)[C@@H](C)Oc1ccc(C)cc1C(C)=O)OC,-0.6611087322235107
guided,CCCn1nnnc1NCc1ccc2c(c1)OCO2,-1.2153491973876953
guided,Fc1ccccc1/C=N/n1c(C2CCCCC2)n[nH]c1=S,-3.791778087615967
guided,COC(C[C@H](O)C[C@@H](O)[C@H](C)OCc1ccccc1)OC,-1.4469282627105713
guided,CC(C)(C)OC(=O)N[P@](C)(=O)Oc1ccccc1,-2.0086214542388916
guided,O=C(CCl)c1cccc(OCc2n[nH]c3ccccc23)c1,-2.6644747257232666
guided,CC(=O)c1oc2c(c1N)C(=S)C(=O)N2CCc1cccs1,-1.1811089515686035
guided,[C-3][C][N-][CH+][C][CH+][CH+][C+]([S-])[C+]([O-])NC1CCCCC1.[H+].[H+],-3.5895040035247803
guided,COc1ccccc1N1CCN(c2nccc(C)n2)CC1,-4.5085601806640625
guided,Fc1ccccc1/C=N/n1c(COc2ccccc2)n[nH]c1=S,-2.722829580307007
guided,COc1ccc(N(CC(=O)Nc2cccc3ccccc23)S(=O)(=O)c2ccccc2)cc1,-0.9442513585090637
guided,Oc1ccc(Br)cc1-c1cc(-c2ccccc2F)n[nH]1,-3.4896676540374756
guided,C=CCOC(=O)/C(C#N)=C/C=C\c1ccccc1,-3.2854084968566895
guided,CCN(CC(=O)Nc1ccc(F)c(F)c1F)Cc1nc2ccccc2c(=O)[nH]1,-0.8336666822433472
guided,NC(=O)[C@H]1CCCN(C(=O)c2ccc(Cl)c(S(=O)(=O)N3CCCC3)c2)C1,-0.5473048090934753
guided,CCOc1ccc2ccccc2c1CNC(=O)Cc1ccccc1,-4.955592632293701
guided,Fc1ccc([C@H](CCN2CCOCC2)c2ccc(Cl)cc2)cc1,-10.396198272705078
guided,CN(C)[C@H](CCOc1cccc2ccccc12)c1ccccc1,-10.636163711547852
guided,CCOc1ccccc1CN1CCN(Cc2nc3ccc(OC)cc3c(=O)[nH]2)CC1,-1.0144431591033936
guided,CCO[C+]([O-])[C+]([C][c-]1[c+]2[cH+][cH-][cH+][cH-][c+]2o[c+]2[c-]1[C+](C)N[C+]2[C-]([O-])OCC)[c+]1[cH-][cH+][cH-][c+](C)[c-]1[NH-],-0.5303806662559509
guided,COc1ccc(C(=O)CNC(=O)c2ccco2)cc1OC,-0.9792180061340332
guided,C[C]1[CH][CH][C+](S([O])([O])N[C]2[CH][CH][C](N[C](C)[O])[C](N([O-])[O-])[CH]2)[CH][CH]1,-0.7969400882720947
guided,CCN1CCN(C(=S)Nc2ccc([N+](=O)[O-])cc2)CC1,-1.8792197704315186
guided,O=C(O)[C@H]1CC(=O)N(C2CCCCCC2)C1,-2.355070114135742
guided,[H]/[O+]=C/c1ccc(Br)cc1.[O-]P(c1ccccc1)c1ccccc1,-3.9372031688690186
guided,O=C(CSCc1ccccc1)NN=C(c1ccccc1)c1ccccc1,-4.436460971832275
guided,N[C@@H](CC(=O)OC1CCCCC1)C(=O)OC1CCCCC1,-0.9106784462928772
guided,NC(=O)c1cccc(NC(=O)c2ccco2)c1,-0.707748532295227
guided,[CH2+][S+2]([O-])([O-])CCN(CC[C+]1[CH+][CH+][CH-][CH+][CH-]1)[c-]1[n-][c+](N2CCOCC2)[c+]2[c-]([c+]1[C][N-2])CCCC2,-0.6626728177070618
guided,Nc1nonc1-n1nnc(C(=O)N/N=C/c2ccc(Cl)cc2Cl)c1-c1cccs1,-0.8403275609016418
guided,COc1cc(CCC(=O)O)ccc1OCCCCN(C)C(c1ccccc1)c1ccccc1,-2.3120853900909424
guided,C[P@@](=O)(Nc1cccc(Br)c1)Oc1ccc(F)cc1,-5.310165882110596
guided,CC(=O)CN1C(=O)N[C@@]2(CCCc3ccccc32)C1=O,-1.5186518430709839
guided,Clc1cc(Cl)c(/C=C/c2ccon2)c(Cl)c1,-7.718407154083252
guided,O=C(O)C[C@H](c1cccc2ccccc12)n1nnc2ccccc21,-1.322989821434021
guided,N#Cc1c(NC(=O)CSc2nnc(-c3cccnc3N)n2-c2ccccc2)sc2c1CCCC2,-0.6851754188537598
guided,CC/[S+]=C1\C=N/C(=C(/[O-])NNc2ccc(C)cc2)O1,-1.5140560865402222
guided,O=C(c1cnn2c(C(F)F)cc(-c3ccccc3)nc12)N1CCOCC1,-2.0054829120635986
guided,CC1(C)C(=O)O[C@@H](c2cccs2)C(C)(C)C1=O,-4.3896331787109375
guided,CO[C]1[CH][CH][C]2[C]([C]([O-])[C+]3[CH][CH][CH][CH][CH]3)N(C)N([O-])[C]2[CH]1,-2.084190845489502
guided,C[C@H](CN1CCCc2ccccc2C1)O/C([O-])=c1\cc2c(c3ccccc13)=C=[O+]c1ccccc1-2,-3.4858930110931396
guided,COc1ccccc1Oc1nc(C(C)C)nc2ccccc12,-4.197006702423096
guided,O=[N+]([O-])c1cc(S(=O)(=O)Nc2ccccc2)ccc1N1CCCCC1,-0.4514305293560028
guided,CCC[C@@H](C)[C@@H](NC(=O)c1cc2cc(Cl)ccc2n1C)C(=O)O,-1.1683850288391113
guided,Nc1ccc(Oc2ccc(N[S@@+]([O-])[C@]34C[C@H]5C[C@H](C[C@H](C5)C3)C4)cc2)cc1,-1.3067893981933594
guided,C[C-](C)NC(C)(C)CC(C[c+]1[cH-][cH+][c-](Cl)[c+]2[cH-][cH+][cH-][n-][c+]12)NC[c+]1[cH-][cH+][cH-]o1,-3.37341046333313
guided,COc1ccccc1OCCOCCOc1ccc(C(=O)O)cc1,-0.8929301500320435
guided,Cc1cc(N2CCCC2)nc2ccccc12,-9.637540817260742
guided,CC(C)(C)NC(=O)[C@H](c1cc2ccccc2nc1Cl)N(Cc1ccccc1)/C([O-])=C1\[S+]=NC(C(N)=O)=C1N,-0.6353598833084106
guided,COCCCNC(Cc1ccc(F)cc1)=C1C(=O)N(C)C(=O)N(C)C1=O,-0.8014891147613525
guided,COc1cc2nc(=S)n(Cc3cc4ccccc4o3)c(N)c2cc1OC,-1.0468885898590088
guided,NCCCC[CH-]n1cnc2c(=S)nc[nH]c21.[H+],-1.2993319034576416
guided,COc1cc2nc(C3CCC3)nc(N3CCN(c4ccccn4)CC3)c2cc1OC,-1.626111626625061
guided,COc1ccc([S@](=O)(=N[S@@+](C)[O-])Sc2ccc(F)cc2)cc1,-1.992587685585022
guided,O=C(O)CC[C@H](C(=O)O)N1C(=O)c2ccccc2C1=O,-0.6016682386398315
guided,Brc1ccc(Cc2cccnc2)c2ccccc12,-10.517433166503906
guided,CCOc1cc2c3c(c1)[C@@H](CC(=O)NC[C@@H](c1cccs1)N(C)C)C(=O)N3CC[C@@H]2C,-1.8752923011779785
guided,NC(=O)c1ccc(-n2nnnc2SCC(=O)NCc2cccnc2)cc1,-0.6842047572135925
guided,CS(=O)(=O)N1CCN(C(=O)C/C=C/c2ccccc2)CC1,-2.2235045433044434
guided,CCC(NC(=O)N[C@H]1CCCc2ccccc21)(C(F)(F)F)C(F)(F)F,-4.739213943481445
guided,NC(=O)CN1CCN(S(=O)(=O)c2ccc(Cl)s2)CC1,-0.7908574342727661
guided,CCCC(=O)NC(=S)Nc1ccc(S(=O)(=O)Nc2ccc(OC(F)F)cc2)cc1,-0.58570796251297
guided,CCOc1cc2ccccc2cc1C(=O)O,-3.733708143234253
guided,COc1cc(C(=O)N2CCN(Cc3nc(Cc4ccccc4)no3)CC2)cc(OC)c1OC,-0.45413336157798767
guided,Cc1ccc(CN2C[C@H](C(=O)Nc3cccc(C)n3)CC2=O)c(C)c1,-1.8043746948242188
guided,N#Cc1ccc(C(=C/C=C2\C=CC(N3CCOCC3)=[O+]2)/N=[C-]/C=N/O)cc1,-0.4753800928592682
guided,NNC(=S)Nc1cccc(Cl)c1,-3.6552541255950928
guided,[CH2-][C@@H](C)/[O+]=C/CCNCc1ccc(OCCNC(C)=O)c(OC(C)C)c1,-1.2066900730133057
guided,COc1ccc2c(c1)CCN(CCC(=O)NCCCN1CCOCC1)C(=O)C2,-1.1175920963287354
guided,[O-][C+]1CC[C+]([O-])N1CC1(N[CH-][c-]2[cH+][cH-][cH+][c-](Br)[cH+]2)[C+]([O-])N(C[c+]2[cH-][cH+][cH-][cH+][cH-]2)[c-]2[cH+][cH-][cH+][cH-][c+]21,-0.3403578996658325
guided,Cc1ccc(NS(=O)(=O)c2cccc3cccnc23)cc1F,-2.245467185974121
guided,O=C(CCN1C(=O)S/C(=C/c2ccccc2)C1=O)Nc1cccc(C(=O)O)c1,-0.4854995310306549
guided,COc1ccccc1CSCc1nnc(-c2ccc3ccccc3c2)o1,-3.759992837905884
guided,Cn1nc(C(F)(F)F)c(C#N)c1N1CCN(c2nc(Cl)c3ccccc3n2)CC1,-1.0967092514038086
guided,O=C(CN1CC=C(c2ccccc2)CC1)Nc1ccccc1-c1ccccc1,-6.057371139526367
guided,Fc1ccc(CN2CCSCC2)cc1Br,-13.203522682189941
guided,O=Nc1ccccc1SCc1ccco1,-4.471669673919678
guided,BrC1=CN=C2N[C-]=NN2/C1=C1/C=CC=[S+]1,-5.017516613006592
guided,O=C(c1ccc(N2CCOCC2)cc1)c1cccc2c([N+](=O)[O-])cccc12,-0.875409722328186
guided,CCOC(=O)c1cn(C(C)=O)nc1N,-1.0845173597335815
guided,C[C@H](CN1CCOCC1)OC(=O)c1cccc(Cl)c1,-4.920057773590088
guided,N#CCOc1nc(Nc2ccccc2Cl)nc(N2CCCC2)n1,-0.6416596174240112
guided,O=C(Cn1nc([C+]2=CC=C(N3CCCCC3)C(=[N+]([O-])[O-])[C]2)c2ccccc2c1=O)N1CCCCC1,-0.386865496635437
guided,Fc1cnc(Cl)nc1NC1CCCCC1,-5.329341888427734
guided,S=c1oc(-c2ccccc2Cl)nn1Cc1ccccc1,-6.573914527893066
guided,C[C@H](OC(=O)/C=C(\c1ccccc1)c1ccc(Cl)cc1)C(=O)NC(N)=O,-0.603754997253418
guided,COc1cc(NC(=O)CN2C(=O)NC(C)(C)C2=O)c(OC)cc1Cl,-0.787074625492096
guided,[CH2-]CCC[CH-]C(=O)N1CCN(C(=O)C2=[S+2]=CC=C2)CC1,-4.597409248352051
guided,CO[C][CH+][c-]1[n-][n-][c+]([N-][CH+][CH+][CH+][c-]2[cH+][cH-][cH+][cH-][cH+]2)[c-](C)[n-]1,-1.7326740026474
guided,CCOC(=O)c1sc(NC(=O)c2cc(C)on2)c(C#N)c1C,-1.0152215957641602
guided,COc1ccc(-c2[nH]nc3c2[C@@H](c2ccc(OC)c(Oc4ccccc4)c2)C(C#N)=C(N)O3)cc1OC,-0.8926565647125244
guided,CN(Cc1ccc(-c2ccccc2)o1)S(=O)(=O)CCCNC(=O)c1cccc2cccnc12,-0.4031982123851776
guided,COc1ccccc1N(CC(=O)NCCSc1ccc(C)cc1)S(=O)(=O)c1ccc(F)cc1,-0.8556222319602966
guided,CCS(=O)(=O)Oc1ccc(Cl)cc1C(=O)/C=C/N(C)C,-1.8331985473632812
guided,CCO[C]1NN([C]2[CH][CH][CH][C]3[CH][CH][CH][CH][C]32)[C+]([O])[C]1[CH][N][C]1[CH][CH][CH][C](N([O-])[O-])[CH]1,-0.75434809923172
guided,COCc1ccc(C(=O)NCCCN2CCN(c3ccc(F)cc3)CC2)c(OC)c1OC,-1.6091022491455078
guided,CCN(c1ccccc1)c1nc2ccccc2n1CC(=O)N1CCc2ccccc2C1,-4.443201541900635
guided,O=P(c1ccccc1)(c1ccccc1)c1nc2ccccc2[nH]1,-3.8485872745513916
guided,N#C/C(=N\Nc1ccccc1)C(=O)c1ccc(S(N)(=O)=O)cc1,-0.7539210319519043
guided,Cc1c(CNC(=O)C(=O)NCCCN2CCOCC2)oc2c1ccc1ccccc12,-0.5439807176589966
guided,O=S(=O)(Nc1c(-c2ccccc2)nc2ccc(Br)cn12)c1ccccc1,-1.8697391748428345
guided,C[C-]1[CH+][C-](N([O-])[O-])N(O)[C+]([c+]2[cH-][cH+][cH-][cH+][cH-]2)[CH-]1,-1.143772840499878
guided,COCCn1c(N)c(C(=O)Nc2sccc2C#N)c2nc3ccccc3nc21,-0.7275803685188293
guided,CN(C(=O)CSC1=NCCS1)c1ccccc1,-6.112154006958008
guided,NC(=O)C1=C(N)/C(=C(\[O-])N2Cc3ccccc3C2)[S+]=N1,-0.7658575177192688
guided,COc1ccc(CCNC(=O)CN2CCCCC2)c(OC)c1,-3.0845229625701904
guided,COCCOc1ccccc1N1CCN(C)CC1,-7.648825168609619
guided,COc1ccc(CS(=O)(=O)C[C@@](C)(O)c2ccc(Cl)cc2)cc1,-1.7175713777542114
guided,CCCOc1ccc(Cc2c(C)nc(C)[nH]c2=O)cc1OC,-1.7931123971939087
guided,CCOC(=O)N1CCN(C(=O)/C=C/c2ccc([N+](=O)[O-])s2)CC1,-0.5470072627067566
guided,[H]/N=c1\n(C)c2ccccc2n1CCc1cccs1,-5.973502159118652
guided,O=CN(c1ccc2c(c1)NC(=O)CO2)S(=O)(=O)c1cc(Cl)ccc1Cl,-0.6634875535964966
guided,FC(F)(F)C1=Nn2c(nnc2-c2ccco2)SC1,-2.9072649478912354
guided,Fc1ccccc1-c1cs/c(=N\c2cccnc2)n1CCCn1cnc2ccccc21,-3.8035290241241455
guided,Cn1c(=O)n(C)c2cc(NS(=O)(=O)c3ccc(Cl)cc3)ccc21,-1.1293154954910278
guided,O=[N+]([O-])c1ccc(Br)cc1Oc1ccc2ccccc2n1,-1.7194693088531494
guided,COC(=O)c1c(C)[nH]c(C(=O)Nc2ccc(C(=O)O)cc2)c1C,-0.7301915884017944
guided,CN1CCN(c2nc(-c3ccncc3)nc3ccccc23)CC1,-3.803999423980713
guided,CN(C)CCN(C(=O)c1cccc2ccccc12)c1nc2ccccc2s1,-5.3656110763549805
guided,CN1CCN(c2ccc(N3CCN(S(C)(=O)=O)CC3)cc2)CC1,-3.705233097076416
guided,NCc1cccnc1Cc1ccccc1F,-5.00513219833374
guided,NC(N)=N/N=C/c1ccc(OCc2ccccc2)c(OCc2ccccc2)c1,-0.5483296513557434
guided,O=S(=O)(c1ccc(F)cc1)N1CCN(CCc2ccc(Cl)cc2)CC1,-4.496119976043701
guided,N#Cc1c(-c2ccccc2)n(O)c2ncnc(NCCO)c12,-0.6095588207244873
guided,COCCNC(=O)c1ccc(NC(=S)NC2CCCC2)cc1,-1.8059722185134888
guided,Fc1nnn(/C=C\c2ccccc2)c1-c1nc2ncc[nH]c-2n1,-0.8194834589958191
guided,NNc1nc2ccc(OCc3ccc(Cl)cc3)cc2s1,-2.1631662845611572
guided,O=S(=O)(c1ccc(F)cc1)N1CCN(c2nnnn2-c2ccccc2)CC1,-0.567557156085968
guided,CNc1c(NS(=O)(=O)c2ccc(C3CCCCC3)cc2)c(=O)oc2ccccc12,-0.6053577661514282
guided,[N][C]CCN1[N][C]([C]2[CH][CH][C](N([O-])[O-])[CH][CH]2)[CH][C]1N[C+]1[CH][CH][CH][CH][C]1N[C]([O])CO[C]1[CH][CH][C](Cl)[CH][CH]1,-0.8030649423599243
guided,O=C(Cc1cccs1)NNc1cccc2ccccc12,-4.5860185623168945
guided,O=S(=O)(NCCNC1=CC=C=C(/C=C/c2ccccc2)/C1=[N+](/[O-])O)c1ccc(C2CCCCC2)cc1,-0.49217692017555237
guided,COc1ccc(NC(=S)N2CCC(C(=O)N3CCN(c4ccccn4)CC3)CC2)c(OC)c1,-1.0802019834518433
guided,CCOC(=O)c1cc(CC)sc1NC(=O)[C@H]1[C@H](C(=O)O)[C@@H]2C=C[C@H]1C2,-0.6303921341896057
guided,CO[C-]1[CH+][C+]([N-][C]SC)[C+](Br)[CH-][C+]1N([O-])[O-],-1.46957266330719
guided,COCCCNC(=O)COc1ccccc1,-3.6671464443206787
guided,CC[C@H](C)NC(=O)N[C@H](Cc1ccccc1)C(=O)OC,-1.55195152759552
guided,COc1ccc2nc(C)cc(SCC(OC)OC)c2c1,-4.800584316253662
guided,COCC1=CNc2nc3ccccc3n2[C@H]1c1ccc(OC)c(OC)c1,-2.320188522338867
guided,O=C(N/N=C/c1ccc(N2CCOCC2)s1)c1ccc2ccccc2c1,-2.667198419570923
guided,O=C(Nc1ccccc1-n1nc2ccccc2n1)c1ccc(N2C(=O)CCC2=O)cc1,-0.5635018944740295
guided,CC(=O)Nc1cccc(OC(=O)C(F)(F)F)c1,-2.822967767715454
guided,COc1ccc(C(=O)NN/C(C)=C\C(=O)c2ccc(C)cc2)cc1,-1.5312082767486572
guided,NC(=O)c1cc(S(=O)(=O)NCCc2ccc(S(N)(=O)=O)cc2)cs1,-0.7724590301513672
guided,O=C(CCCCCBr)NNc1ccc(C(F)(F)F)cn1,-2.837493419647217
guided,S=c1[nH]nc(COc2ccccc2)n1/N=C/c1cn(-c2ccccc2)nc1-c1ccccc1Cl,-1.688614845275879
guided,O=C(COc1ccc(Cl)cc1Cl)NC(=O)N1CCC(O)CC1,-0.7563023567199707
guided,CCOc1ccc(/C(O)=C/C(=O)OCc2ccc(C)o2)cc1CN1CCC(O)CC1,-0.40805160999298096
guided,COc1ccc(N2CCN(c3ccccc3NS(=O)(=O)c3cc(C)ccc3C)CC2)cc1,-1.7782306671142578
guided,Brc1cccc(-c2nnc3sc(CNC4CCCC4)cn23)c1,-4.36023473739624
guided,CC[C]([O])N[C]([CH][C]1[CH][CH][C]([C]2[CH][CH][C](N([O-])[O-])[CH][CH]2)O1)[C+]([O])N[C]1S[CH][CH][C]1[CH][N]CCCN1CCOCC1,-0.77950119972229
guided,C/N=C1\S[C@@H](C(=O)Nc2ccccc2Cl)CC(=O)N1c1ccc(Cl)cc1,-1.9958051443099976
guided,C[C@H](O)C(=O)O/C=C1\CCCO[CH-]OC(C)(C)O1.[H+],-1.1520758867263794
guided,CCOc1ccc(C(=O)c2ccccc2)cc1Cc1cccnc1,-4.806704521179199
guided,[O]S([O])(NCCN[C]1[CH][CH][C](N([O-])[O-])[CH][C]1Cl)N[C+]1[CH][CH][CH][CH][C]1F,-0.7846794724464417
guided,CC(=O)N/C(=C\Nc1ccc(SC(F)F)cc1)c1csc(Nc2ccc(F)cc2)n1,-2.2435877323150635
guided,O=C(Nc1sc2c(c1C(=O)NC[C@@H]1CCCO1)CCCC2)c1ccco1,-0.7345314025878906
guided,NCCC[C@@H](N)C(=O)O,-1.0565868616104126
guided,S=C(NC1CC1)N1CCC2(CC1)OCCO2,-6.058414936065674
guided,COCCNc1ccc2nc(N3CCOCC3)sc2c1,-3.775055408477783
guided,[CH2+]CC[C@]1(C)C[CH-]CC[C@@H]1C(=O)CCCCCNCCOC,-5.133935451507568
guided,COC(C[C@H]1O[C@H]1C(=O)COCc1cccc2ccccc12)OC,-2.3066728115081787
guided,CCOC(=O)C1(Cc2cccc3ccccc23)CCN(C(=O)c2cnc3ccccc3n2)CC1,-0.9960542917251587
guided,O=S(=O)(Oc1ccccc1N1CCCCC1)c1cccc2nsnc12,-0.9864546060562134
guided,COCCCn1c(SCC(=O)Nc2cc(C)cc(C)c2)nc2ccsc2c1=O,-1.10055410861969
guided,Nn1c(Cc2ccccc2F)nnc1SCC(=O)NCc1cccc(F)c1,-0.6781190633773804
guided,O=C(O)c1ccccc1NC(=S)Nc1ccccc1Cl,-2.0279908180236816
guided,COc1ccc2nc(C)cc(SCCNC(=O)c3ccc4ccccc4c3)c2c1,-3.279329776763916
guided,Fc1nc(/C=C\c2ccccc2)c2cnn(-c3ccccc3)c2n1,-4.222897529602051
guided,COc1ccccc1N(CC(OC)OC)C(=O)C1=C(N)/C(=C(\[O-])NC2CCCCC2)N=[S+]1,-0.5653660893440247
guided,[CH2-]CCCC/C=C(/N=[NH+]/c1ncc(F)c(N2CCOCC2)n1)C(F)(F)F,-1.7547352313995361
guided,COc1ccc(S(=O)(=O)N2CCN(C(=O)c3ccn[nH]3)CC2)cc1C(C)C,-0.5259161591529846
guided,[O][C]1[O+][C]([C+]2[C]([O])[C]3[CH][CH][CH][CH][C]3[C]([O-])[C]2C[C]2[CH][CH][C]([N+]3CCOCC3)[CH+][CH]2)[C][C]2[CH][CH][C](N([O-])[O-])[CH][C]21,-0.8239623308181763
guided,[CH2+]C[N-][C+]([c-]1[cH+][cH-][cH+][cH-][cH+]1)[NH+]1C2C3[C-]([O-])C(C)CNC321.[H+],-2.8655362129211426
guided,COc1cccc(OC)c1OCCCOc1ccc(C)cc1C,-5.313855171203613
guided,O=C(c1ccc(OC(Cl)(Cl)Cl)cc1)N1CCN(c2ccccn2)CC1,-3.7852981090545654
guided,CN1[CH-]CN([S+2]([O-])([O-])[c+]2[cH-][cH+][cH-][c+]([C+]([O-])N[C+]3[N-]CCS3)[cH-]2)CC1,-0.4991089403629303
guided,Cc1nc2c3nn(-c4ccc(C)c(Cl)c4)nc3ncn2n1,-1.3366787433624268
guided,CC(=O)Nc1ccc(SCC(=O)O)cc1,-1.635401964187622
guided,Cn1cnnc1SCC(=O)NCc1ccc(F)cc1,-2.3349103927612305
guided,O=CCCCCOCCN1CCN(S(=O)(=O)c2ccccc2Cl)CCC1=O,-0.568755030632019
guided,O=C(C1=CNc2cc3ccccc3cc2N1)N1CCSCC1,-3.9166452884674072
guided,O=S(=O)(Nc1nc2ccccc2nc1N1CCN(c2ccccc2)CC1)c1cccs1,-0.6958332061767578
guided,N#CCC/N=C(\N)NS(=O)(=O)c1ccc(F)cc1,-0.8360199928283691
guided,CCSCCc1nnc(NC(=O)CSc2nc3ccccc3s2)s1,-1.6113675832748413
guided,Cl[C]CS[c+]1[n-][n-][c+](CNC[c+]2[cH-][cH+][cH-][cH+][cH-]2)o1,-3.0068063735961914
guided,COc1ccccc1/N=C\c1coc2ccccc2c1=O,-3.0491392612457275
guided,O=c1ccc(-c2cc(-c3ccco3)[nH]c2-n2cccc2)n[nH]1,-0.8466765284538269
guided,O=C(Nc1csc(-c2cccs2)n1)c1cc(=O)[nH]c2ccccc12,-1.0950062274932861
guided,Fc1ccc(Sc2ccccc2CNC2CC2)cc1,-10.606893539428711
guided,CCCN1CCC(NC[C@@H](C)c2ccccc2)CC1,-9.757550239562988
guided,CC(C)OCCCNC(=O)c1cc(=O)[nH]c2ccc(S(=O)(=O)N(C)C)cc12,-0.5673824548721313
guided,CO[C][CH+][c-]1[n-][cH+][c+](CCN[C-]([O-])[C+]2[CH+][CH-][C+](C)[C-](C)[CH+]2)[nH]1,-1.096644401550293
guided,O=[N+]([O-])c1cccc([P@](=O)(c2ccccc2)c2ccc(N3CCOCC3)cc2)c1,-0.8768545389175415
guided,CC(=O)N1CCCN(CC(=O)N2CCCC(C)(C)C2)CC1,-4.228712558746338
guided,COc1ccc(N(C)C(=O)Nc2cc(-c3ccccc3)nn2C2CCCCC2)cc1,-2.4192519187927246
guided,NC(=S)N/N=C/c1ccccc1,-3.5480778217315674
guided,O=c1c2ccccc2nc(-c2ccc(Cl)cc2)n1-c1cccs1,-5.806729316711426
guided,[CH2-][c+]1[n-][cH+]n(C[C+]([O-])OC[C+]([O-])N[c+]2[cH-][cH+][c-](C)[c+]([S+2]([O-])([O-])N([CH-]C)C(C)C)[cH-]2)[c-]2[cH+][cH-][cH+][n-][c+]12,-0.5112202763557434
guided,CCC(=O)N[C@H](Cc1c[nH]c2ccccc12)c1nc2ccccc2[nH]1,-1.0166388750076294
guided,COCCCCN(C(=O)c1c(-c2ccccc2)noc1C)c1ccccc1,-2.5210249423980713
guided,N[C-]([O-])[C+]1[N-][N-][C][C+]([c+]2[cH-][cH+][c-]3[cH+][cH-][cH+][cH-][c+]3[cH-]2)N1N[C+]1[CH+][CH+][CH-][CH+][C-]1Cl.[H+],-0.4482894539833069
guided,COCc1cc(C)n(CC(=O)N/N=C/CC(C)C)c(=O)c1C#N,-0.7749126553535461
guided,CCOC(=O)c1c[nH]c(=S)n1C,-4.226263523101807
guided,N/C(=N\O)c1ccc(CC(=O)N[C@H]2CCS(=O)(=O)C2)s1,-0.6680306792259216
guided,CNC(=O)COC(=O)c1ccc2c(c1)NC(=O)[C@@H]1CCCN21,-0.5810832977294922
guided,Cn1c2ccccc2c2cc(Cc3ncc(S(=O)(=O)c4ccccc4)c(=O)[nH]3)cnc21,-0.5852758288383484
guided,COCCC/N=C(\[O-])c1cc2c(=O)[n+](/C=C3\C=CC=C[CH-]3)c3n(c2c2ccccc12)[C@H]3C.[H+],-1.0908151865005493
guided,[O][C](N[C]1[CH][CH][CH][C](N[C]([O])[C+]2[CH][CH][CH][CH][CH]2)[CH]1)[C]1[CH][CH][C](N([O-])[O-])O1,-0.7859823703765869
guided,COc1ccccc1NC(=O)[C@@H](C)OC(=O)/C=C\[C@H](OC)C(C)=O,-0.6676895022392273
guided,COCCCNC(=O)CCCCC(=O)Nc1nccs1,-0.857696533203125
guided,S=C(NCCSCc1ccc(Cl)cc1)Nc1ccc(Br)cc1,-8.151227951049805
guided,C=C(Cl)COc1ccc(S(=O)(=O)NCc2ccccc2)cc1C(=O)O,-0.6157031655311584
guided,CCOc1ccc(C#CCN2CCCCC2)cc1OCC,-8.33300495147705
guided,CC(=O)Nc1ccc(S(=O)(=O)NCC(=O)OCc2c(F)cccc2Cl)cc1,-0.6772826313972473
guided,C[C@H]1CC(=O)[C@H](C)[C@@H](NCCc2ccc(OC(F)F)cc2)O1,-3.7340564727783203
guided,CCOc1cc(/C=N/NC(=O)C2=CN(c3ccc(OC)cc3)C(=O)CC2)ccc1O,-0.4877518117427826
guided,COc1ccc(OCC(=O)Nc2c(C(=O)OCc3ccco3)oc3ccccc23)cc1,-0.6675010323524475
guided,[CH2-][C+]([N-]O[S+2]([O-])([O-])[c+]1[cH-][cH+][c-](C)[c+](C)[cH-]1)[c-]1[cH+][cH-][cH+][cH-][cH+]1,-1.3675143718719482
guided,C[C@@H]1C=CC[C@@H](C(=O)NNC(=S)NC(=O)c2ccccc2)C1,-1.2764075994491577
guided,O=C1CCOc2cccc(O)c21,-3.9040162563323975
guided,O=C(O)Cc1cccc(C(=O)c2ccccc2NC(=O)c2sc3cc(Cl)ccc3c2Cl)c1,-1.570701003074646
guided,S=C(NC1CCCCC1)N1CCN(Cc2ccco2)CC1,-6.263132095336914
guided,COC(=O)c1c(C)oc2c(C)c(O)c(O[C@](C)(OC)c3ccccc3)cc12,-0.9690361618995667
guided,CCCCCCNC(=O)c1ccc(Sc2ccccc2)c(NC(C)=O)c1,-2.340271472930908
guided,CCCCN(C)S(=O)(=O)c1c(C)[nH]c(=O)[nH]c1=O,-0.9358933568000793
guided,C[c-]1[cH+][c-](C)[c+]2[c+]([n-]1)s[c+](C([C][N-2])CC[C][N-2])[c-]2C.[H+],-2.430647134780884
guided,CCC(=O)NNc1nc2ccc(F)cc2s1,-3.0382068157196045
guided,Nc1ccc2c(SCc3ccccc3)n[nH]c2c1,-2.7711737155914307
guided,CC(C)n1nc(C(=O)NCCCN2CCOCC2)c2ccccc2c1=O,-0.7461040019989014
guided,COCC(=O)NCCN(C[C@H](O)c1ccccc1)C(C)C,-1.8898762464523315
guided,Cc1cc(-c2nnc(SCc3ccc(F)cc3)n2C)n[nH]1,-2.3893799781799316
guided,Cc1nn(C)c(C(=O)NCCCN2CCOCC2)c1Br,-2.2014710903167725
guided,NC(=S)N/N=C/c1cn(-c2ccccc2)nc1-c1ccc(F)cc1,-1.4309200048446655
guided,COc1cc(C)c(S(=O)(=O)N2CCN=C2c2ccccc2)cc1OC,-1.3818289041519165
guided,[OH+][N][C]CCCN(C[C]1[CH][CH][CH][CH][CH]1)C[C]1[CH][CH][CH][CH][C]1F,-5.151607036590576
guided,[CH]CC1CC1CCOC[C]([OH+])CNCC1CCCCC1,-4.478098392486572
guided,O=C(Nc1ccc2oc(-c3ccncc3)nc2c1)c1cccs1,-1.4595367908477783
guided,Clc1ccc(CSc2nnc(CN3CCOCC3)n2-c2ccccc2)cc1,-4.090554714202881
guided,COCCNC(=O)CCn1nc(-c2ccc(Cl)cc2)ccc1=O,-1.051379680633545
guided,O=C(/C=C/c1ccc(F)cc1Cl)NC[C@@H]1CCCO1,-5.021452903747559
guided,CCN(CC)[c-]1[cH+][cH-][c+]([C]NC23CN4CN(CN(C4)C2)C3)[cH-][cH+]1.[H+],-7.5420026779174805
guided,[O-][S@+](Cc1ccccn1)c1cccc2ccccc12,-5.398130416870117
guided,FCCCSc1c(C2CCCCC2)nc2ccccn12,-9.443927764892578
guided,CCCOC(=O)c1ccc(OC)cc1,-5.665909290313721
guided,Nc1ncnc(NNc2cccc3ccccc23)c1[N+](=O)[O-],-0.7012447714805603
guided,N[C-]1[CH+][C-](N)N(C[c+]2[cH-][cH+][cH-][cH+][c-]2Cl)[CH+][C-]1Cl,-2.728548288345337
guided,SCCOc1ccc(Br)cc1/C=C/C1=NCCCC1,-8.377083778381348
guided,COc1ccc2cc(C(=O)O)/c(=N\NC(=O)c3cc4ccccc4oc3=O)oc2c1,-0.694460391998291
guided,S=c1[nH]nc(-c2ccncc2)n1-c1ccc(OCc2ccccc2)cc1,-2.586480140686035
guided,CN(/N=C/c1cc(=O)[nH]c(=O)[nH]1)c1ccccn1,-0.8012145757675171
guided,CCC(C)(C)NC(=O)Cc1cccc2ccccc12,-6.747166156768799
guided,Cn1c(=O)[nH]c(=O)c2c(NC(=O)CN3CCc4ccccc4C3)cccc21,-0.5071893930435181
guided,O=C1NCCN(C(=S)Nc2cccc(Br)c2)[C@H]1c1ccc(F)cc1,-4.002790451049805
guided,CCOC(=O)[CH-]CC#C[O+]1C(O[C@@H](C)C(C)C)=C1C(=O)C[C-](C)C.[H+],-2.888002872467041
guided,CCn1nc([N+](=O)[O-])c([C@H](C#N)c2nc3ccccc3[nH]2)c(Cl)c1=O,-0.7927068471908569
guided,CCOn1c(=O)c(C)[n+]([O-])c2ccccc21,-2.3766589164733887
guided,Cc1cccc2cc(C[C@H](N)C(=O)O)c(=O)[nH]c12,-0.6448358297348022
guided,COCCCn1c(=O)c2sccc2n2c(CCCC(=O)NCc3ccco3)nnc12,-0.6078360676765442
guided,CCCCn1c(O)c(/C=N/NC(=O)c2cc(=O)c3ccccc3o2)c(=O)[nH]c1=S,-0.6003450751304626
guided,O=S(=O)(NNc1cccnc1Cl)c1ccc(F)cc1,-1.434078574180603
guided,NCC(=O)N[C@@H]1CCCN(Cc2ccccn2)C1,-1.2071818113327026
guided,O=C(Nc1ccccc1F)Nc1cc([N+](=O)[O-])ccc1Br,-0.778018057346344
guided,O=C(Cn1cccc1C(=O)c1ccccc1)N/N=[C-]/C=C\c1ccco1.[H+],-0.8253906965255737
guided,CC[C-]([O-])N1[N-][C+]([c+]2[cH-][cH+][cH-]s2)C([c+]2[cH-][cH+][c-](OC)[cH+][cH-]2)C1[c+]1[cH-][cH+][c-](F)[cH+][cH-]1.[H+],-3.542099714279175
guided,[S-]P(NC1CCCCC1)N1CC[c+]2[cH-][cH+][cH-][cH+][c-]2C1,-9.882487297058105
guided,CCC(=O)OCc1c(C(=O)N2CCN(Cc3ccccc3)CC2)c2ccccc2n1C,-2.446396827697754
guided,O=C(CCN1CCN(c2cccc(Cl)c2)CC1)N1CCCC1,-7.196969032287598
guided,FC(F)(F)c1cccc(Sc2cc(C(F)(F)F)nc(-c3ccccn3)n2)c1,-5.626062393188477
guided,CN1[C+]2[CH+]N(n3[cH+][cH+][cH-][cH+][cH-]3)[CH-][C+]2[C-]([O-])N(C)[C-]1[O-],-2.1363253593444824
guided,C=C(C)[C@H]1C/C(=C/C=C2\C=C(C#N)C(=O)OC2)N[C@H](C)C1,-1.9891929626464844
guided,O=C(NP(=O)(N1CCCC1)N1CCCC1)c1sc2ccccc2c1N1CCOCC1,-1.5235621929168701
guided,O=C(/[C-]=C(\C(=O)N1CCOCC1)c1ccc(S(=O)(=O)N2CCOCC2)cc1)N1CCCC1.[H+],-0.43248772621154785
guided,N#C/C(C1=[S+]/C(=C/c2cccs2)C(=O)N1c1ccccc1)=C(/[O-])Nc1ccccc1,-0.8352392911911011
guided,COc1ccc(OC)c2sc(Nc3nc4c(c(=O)n(C)c(=O)n4C)n3C)nc12,-1.0129306316375732
guided,COc1cccc(-c2snnc2-c2ccc3ccccc3c2)c1,-5.8325114250183105
guided,N/C=N/N=C(/N/N=C/c1ccc(O)cc1)Nc1ccc(Cl)cc1,-0.7150129675865173
guided,COc1ccc(-n2c(SCC(=O)Nc3ccc(C(C)=O)cc3)nc(O)c(Cc3ccccc3)c2=O)cc1,-0.5769275426864624
guided,COc1c(C(=O)N2CCN(c3ccccc3)CC2)cnc2ccccc12,-3.6984474658966064
guided,O=C(CNS(=O)(=O)c1ccc(Br)cc1)NCC(=O)N1CCCCC1,-0.6258180737495422
guided,Cl[c-]1[cH+][cH-][cH+][c-](OCCCCC[N-][c+]2[cH+][n-][c+]3[n-][cH+][n-][c-]3[nH]2)[cH+]1,-0.6832254528999329
guided,CCOC(CNC(=O)c1nc2ncccc2n1C)OCC,-0.9751318097114563
guided,NC(=O)N1CCC(N2CCNC(=O)C2)CC1,-0.9536826610565186
guided,Cc1ccc(Oc2ccc(-c3nnc(NC(=O)Cc4ccc(F)cc4)s3)cc2OCC(=O)O)cc1,-0.7950954437255859
guided,O=C(NNc1ccccc1)c1ccc(F)cc1Nc1ccccc1C(F)(F)F,-3.195077419281006
guided,O=C1/C(=C/c2cccs2)SC(=S)N1N1CCOCC1,-6.057465553283691
guided,N[C]1[N][C](N[C+]2[CH][CH][CH][CH][C]2F)[N][C]([N][CH][C]2[CH][CH][CH][CH][CH]2)[C]1N([O-])[O-],-0.8822311758995056
guided,Cc1nc(CC(=O)Nc2ccc(Nc3ccc(-c4ccc(C)c(C)c4)nn3)cc2)cs1,-1.131011962890625
guided,Nc1cc(=O)[nH]c(SCC(=O)Nc2cccc(Cl)c2)n1,-0.8189584016799927
guided,CN(CC(=O)NC1CCCCC1)S(=O)(=O)c1ccccc1,-1.4671870470046997
guided,O=C(NNC(=O)c1sccc1-n1cccc1)c1cccnc1,-1.0411115884780884
guided,COc1ccccc1OCCOCCOc1ccc(Cl)cc1C,-5.2341413497924805
guided,Cc1c2c([nH]c(=O)c1/N=N/c1ccccc1)CCC2,-2.437938928604126
guided,[O-][S@+](C1CCCCC1)N1CCCCCC1,-7.5345458984375
guided,CCOc1ccccc1NC(=O)CCS(=O)(=O)c1ccc(Br)cc1,-1.1298776865005493
guided,O=c1c2ccccc2ncn1CCCCOc1ccccc1Br,-4.018765926361084
guided,NC(=O)N/N=C/c1ccc(OCc2cccc(Cl)c2)c(Br)c1,-0.9468262195587158
guided,CCN(CC)C(=O)COc1ccc(Br)cc1,-6.83208703994751
guided,N#Cc1ccc(CCNS(=O)(=O)c2ccc(OC(=O)c3ccco3)c3ccccc23)cc1,-0.5602537989616394
guided,Nn1c(=O)[nH]c2ccc(Cl)cc21,-2.0938475131988525
guided,[O-][c+]1[nH][cH+][n-][c+](O)[c-]1[C][CH+]CC1CC1,-1.1693960428237915
guided,COc1cccc(C)c1OCc1c(C)noc1C,-4.319642066955566
guided,COc1cccc(N(CC(=O)NCc2cc(OC)c(OC)c(OC)c2)S(C)(=O)=O)c1,-0.6340358257293701
guided,O=S(=O)(NCCCN1CCOCC1)c1ccc(N2CCOCC2)cc1,-1.0899754762649536
guided,Nc1ccc2nc(/[S+]=C3\N=CC=CC3=[N+]([O-])[O-])[nH]c2c1,-0.7658575177192688
guided,NS(=O)(=O)c1ccc(NC(=S)Nc2ccc(Br)cn2)c([N+](=O)[O-])c1,-0.7667728066444397
guided,NNC(=O)[C@@H]1CC1(c1ccccc1)c1ccccc1,-2.475924253463745
guided,O=C(O)c1ccccc1NCc1ccccc1,-3.310222625732422
guided,Cc1nc2c3c4c(c(N5CCOCC5)nc3sc2n1Cc1cccs1)COC(C)(C)C4,-3.0975165367126465
guided,COc1ccc(/C=C(\c2nc3ccccc3[nH]2)c2nc3ccccc3s2)cc1O,-1.6426901817321777
guided,C[C@H]1Cn2c(nnc2[C@]23C[C@H]4C[C@H](C[C@H](C4)C2)C3)S1,-6.75817346572876
guided,CCOC(=O)/C=C(\C=C\c1cccs1)c1nc2ccccc2c(=O)n1CCO,-0.6004582643508911
guided,NN[C-]([O-])C(C[C+]1[CH+][CH+][CH-][CH+][CH-]1)N[C+]([O-])NCC[C][CH+][CH+][C]C[S-],-0.7677897214889526
guided,COCCOc1ccccc1NC(=O)/C=C\c1cccnc1,-1.989370584487915
guided,O=C(O)/C=C/C(=O)NCCCCCCCCCc1cccs1,-1.4019266366958618
guided,O/N=C/c1nc(-c2ccc(OCc3ccccc3)cc2)n(O)c1-c1ccccc1,-0.8094749450683594
guided,[H+].[S-]Cc1cc(Cl)ccc1Cc1cc(Cl)c(NCc2ccco2)nn1,-3.3116745948791504
guided,COc1ccc(C(=O)NC2CC2)cc1OC1CCN(Cc2ccc(F)c(F)c2)CC1,-2.9988231658935547
guided,NNCc1ccco1,-3.7972700595855713
guided,Cc1ccc2cc3c(nc2c1)CCCC3,-10.489651679992676
guided,CCO[C-]([O-])[C+]1[C+]([S+2]([O-])([O-])N2CCC([C-]([O-])OCC)CC2)[CH+][CH-][CH+][C-]1[C-]([O-])[N-][C+]1S[CH+][CH+]N1CC.[H+],-0.7472763061523438
guided,CCC1(CC)C(=O)NC(=O)NC1=O,-1.5168668031692505
guided,NC(=O)c1ccccc1NS(=O)(=O)c1ccc(F)cc1,-0.6917922496795654
guided,C[C@@H](F)Oc1ccc(F)cc1/C=C/c1nc2ccccc2c(=O)o1,-2.9817144870758057
guided,CN(C)CCCn1c(-c2ccccc2)nc(=S)c2c1CCCC2,-8.42044448852539
guided,CCC[N-][c+]1[c-]2[c+]([n-][c+]3n1[N-][N-][N-]3)CCCC2.[CH2].[H+],-1.2691820859909058
guided,C=C(N=[N+]=CO[CH-]N[C+]1=NC(NCc2ccccc2)=NN1[C][O-])c1ccccc1,-0.5672377347946167
guided,NS(=O)(=O)c1ccccc1NC(=O)C1CCCCC1,-0.5715317726135254
guided,COc1ccccc1C(=O)CSc1nc2ccccc2s1,-4.991588115692139
guided,O=S(=O)(NCc1ccc2c(c1)OCO2)c1ccccc1Br,-1.7438064813613892
guided,COc1ccc(S(=O)(=O)N2CCN=C2SCc2ccc(F)cc2)cc1O,-0.7571687698364258
guided,CCOc1ccc(C(=O)NCc2ccccn2)cc1,-3.162710666656494
guided,CCCCN1C[C@@H](CN(CC)CC)[C@H](Cc2ccccc2)C1=O,-7.772383213043213
guided,COc1ccc(Nc2ccccc2)c(C(=O)Nc2cc(C)nn2-c2ccccc2)c1,-1.6512516736984253
guided,O=S(=O)(N1CCOCC1)N1CCCN(S(=O)(=O)N2CCOCC2)CC1,-0.9812456369400024
guided,[CH2][C](O)C[CH][CH+]CC1CC[C]([CH][C]2[CH][CH][C](N([O-])[O-])[CH][CH]2)[C]1[O],-0.673500657081604
guided,CC(=O)n1cc([C@@]2(Cc3ccccc3)CNCCO2)c2ccccc21,-4.0658698081970215
guided,O=C(COC(=O)C1CCN(S(=O)(=O)c2cccs2)CC1)c1ccc(C(F)(F)F)cc1,-0.6419821381568909
guided,O=[C+](Nc1ccc(Br)cc1)N(N[C][O-])C1CCCCC1,-1.347177505493164
guided,NC(=O)CCC(=O)Nc1nc(-c2cccs2)cs1,-0.822136402130127
guided,C[C@@H](NC(=O)CSc1nc2ccccc2[nH]1)c1ccccc1,-2.3552000522613525
guided,COc1ccccc1NC(=O)CN1CCC(NC(=O)C2CCCCC2)CC1,-1.0783840417861938
guided,CCOC(=O)[C@H](Cc1ccc(NC(C)=O)cc1)N1C(=O)c2ccccc2C1=O,-0.5584679841995239
guided,C=C1[C-](C(=O)/[NH+]=C\c2ccccc2OC(C)C)C[S+]=c2nc3c(c(=O)n21)=[S+]c1ccccc1-3.[C-]1=C[CH-]C=CS1,-1.0005137920379639
guided,CCCOc1ccccc1[C@H]1NC(=S)NC(C)=C1C(=O)Nc1ccc(C)c(C)c1,-1.8864251375198364
guided,[O][C+](CS[C]1[N][C]([C]2[CH][CH][CH]O2)[CH][C](C(F)(F)F)[N]1)N[C]1[CH][C](N([O-])[O-])[CH][C](C(F)(F)F)[CH]1,-0.819862961769104
guided,O=c1ccc2c(Oc3nc(N4CCOCC4)nc(N4CCOCC4)n3)cc(Cl)cc2o1,-0.5478391051292419
guided,O=S1(=O)CCN(C2CCCCC2)CC1,-5.444380760192871
guided,O=C(CSc1nc2c(c(=O)[nH]1)CC=N2)Nc1cccc(F)c1,-0.7861677408218384
guided,O=C(OC1CCCCC1)c1cccn(Cc2ccccc2)c1=O,-3.313532590866089
guided,O=C(NCCNC(=O)c1cccs1)c1ccccn1,-1.3244435787200928
guided,O=C(CN1C(=O)[C@H]2CC=CC[C@H]2C1=O)NCCN1CCCCC1,-1.2778030633926392
guided,NC(=O)c1c[nH]c2ccccc12,-2.387186288833618
guided,NC(=O)N[C@H](Cc1ccc(F)cc1)C(=O)NCCc1ccc(F)cc1,-0.6765235066413879
guided,[NH-][C-]([SH2+])[c+]1[cH-]n(C[c+]2[cH-][cH+][cH-][cH+][cH-]2)[c+]2[cH-][cH+][cH-][cH+][c-]12,-6.813050270080566
guided,Nn1c(COc2ccccc2)nnc1SCC(=O)Nc1cccs1,-0.6931471824645996
guided,NS(=O)(=O)c1cccc(NC(=O)Cn2nc(C(=O)O)c3ccccc3c2=O)c1,-0.6660029888153076
guided,O=C(NCc1ccccn1)C1CCCCC1,-4.431362152099609
guided,NC(=O)/C=C1\C(=O)N(Cc2ccc(Cl)cc2)C[C@@H]1c1ccccc1,-1.704289197921753
guided,Clc1ccc(OCCCNCCCC2CCCC2)cc1Cl,-8.727789878845215
guided,Clc1ccc(OCc2ccc3c(c2)OCO3)c2ncccc12,-4.675319194793701
guided,CN(CC(=O)NCc1ccccn1)S(=O)(=O)c1ccc(F)c(Cl)c1,-0.8717385530471802
guided,CC[CH-]CC/[N+](=C/c1ccccn1)C(=O)COC(=O)c1ccc(N2CCCC2)c([N+](=O)[O-])c1,-0.433094322681427
guided,COC(C/C=C\[C@H](O)COCc1ccccc1)OC,-3.5362300872802734
guided,Cc1ccc2nc(-c3n[nH]c(=O)c4ccccc34)cn2c1,-1.8769704103469849
guided,N/C(=N\OC(=O)[C@@H]1COc2ccccc2O1)c1cccnc1,-0.7386592030525208
guided,CC(=O)N1c2ccc(S(=O)(=O)N3CCCCC3)cc2C[C@@H]1C(=O)Nc1ccc(Cl)cc1C,-0.5195261836051941
guided,N#C/C(=C\Nc1ccccc1SC(F)(F)F)C(=O)NCc1ccco1,-1.00377357006073
guided,COc1ccc(N2CCN(S(=O)(=O)c3ccc(C(C)(C)C)cc3)CC2)cc1,-3.1275901794433594
guided,CO[c+]1[c-](OC)[cH+][c-]([N-][CH+][c-]2[cH+][cH-][c+](F)[cH-][cH+]2)[c+]([CH-]N2CCCC2)[c-]1OC,-3.9605021476745605
guided,COCCNc1ccc(S(=O)(=O)N(C)C)cc1[N+](=O)[O-],-0.7088431715965271
guided,Cc1ccc([C@H](C)c2c(C)c([N+](=O)[O-])cc(C)c2[N+](=O)[O-])cn1,-0.7188008427619934
guided,CN(Cc1ccccc1NS(=O)(=O)c1ccc(Cl)cc1)C1CCCCC1,-3.29546856880188
guided,Clc1ccccc1[C@H](c1cccc(Br)c1)N1CCNCC1,-9.725857734680176
guided,Nn1c(SCC(=O)Nc2cccc3ccccc23)nnc1C(F)(F)F,-0.6905900239944458
guided,CCOC(=O)N1CCN(CC(=O)Nc2ccc([N+](=O)[O-])cc2C(=O)c2ccc(F)cc2)CC1,-0.41689005494117737
guided,S=c1[nH]ccn1-c1ccccc1Oc1ccc(Cl)c(Cl)c1,-7.099321365356445
guided,[H]/[C-]=[O+]\[N-]C1=[S+]CC(=O)N1OCC(=O)NC(=O)NC(C)(C)C,-0.9970353841781616
guided,CNC(=O)Nc1cccc2ccccc12,-4.638488292694092
guided,[O-][S+2]1(C[c+]2[cH-][cH+][cH-][cH+][cH-]2)NCC[C-]2[CH-][CH+][CH-][CH+][C-]21,-5.512931823730469
guided,NNC(=O)c1cc2cc(Oc3cccs3)ccc2[nH]1,-0.840747594833374
guided,O=C(NCCO)/C(=C\C=C\c1ccc2c(c1)OCO2)NC(=O)c1cccs1,-0.5055198669433594
guided,Brc1ccc(Nc2nn3c([s+]2)CC2=CC=CC4=CC=CC(=C3)[C-]42)cc1,-7.101428985595703
guided,NS(=O)(=O)c1ccc(NC(=O)N2CCOCC2)cc1,-0.636588990688324
guided,CC[C@@](C)(OCCC(=O)N(CC(=O)NC1CCCC1)c1ccccc1)C(=O)O,-0.42876115441322327
guided,CC(C)S(=O)(=O)N1CCC(C(=O)NCC2(N(C)C)CCCCC2)CC1,-1.3554434776306152
guided,COc1cnn(C2CCCCC2)c(=O)c1,-4.172984600067139
guided,c1cncc(CNCc2ccco2)c1,-5.286190032958984
guided,Cc1ccc(N[C@@H]2c3ncccc3C(=O)N2c2ccccc2)cc1S(=O)(=O)N1CCOCC1,-0.515076756477356
guided,COc1cccc(OC(=O)c2cc(Br)ccc2OC(=O)c2cccs2)c1,-2.1442744731903076
guided,O=C1C(=O)c2ccccc2C(=O)/C1=C(/O)c1cccc(OCc2c(Cl)cccc2Cl)c1,-1.1056511402130127
guided,NC(=O)Cc1cc2c(cc1[N+](=O)[O-])OCO2,-0.8084228038787842
guided,O=C(O)CCOP([O-])#[N+]c1c([N+](=O)[O-])ccc2c1NCN2,-0.741098940372467
guided,O=C(O)C(Cc1c[nH]c2ccccc12)C(=O)O,-0.6402368545532227
guided,O=C(NCCCN1CCOCC1)c1nc2ccccc2nc1CC[C@]1(Cc2ccccc2)C(=O)NC(=O)N(c2ccc(Br)cc2)C1=O,-0.4882204830646515
guided,O=S(=O)(c1ccc(O)c2ncccc12)N1CCN(c2ccc(F)cc2)CC1,-0.8814926147460938
guided,Brc1ccccc1/C=N\Nc1nc2ccccc2c2ccccc12,-5.677975654602051
guided,COc1ccccc1N(C[C-]1NN=C2C=C(Cl)C=C[C-]2OO1)S(=O)(=O)C1=[S+2]=C(C)C=C1,-0.6535928845405579
guided,O=[N+]([O-])c1ccc(N(C[C@H](O)CN2CCC(Cc3ccccc3)CC2)S(=O)(=O)c2ccccc2)cc1,-0.2348952740430832
guided,COc1ccc(C(=O)OCC(=O)c2cccc3ccccc23)cc1,-2.887101411819458
guided,O=[N+]([O-])C1=C=[N+]([O-])C=N1,-1.5081901550292969
guided,O=C(NCCCN1CCOCC1)C1(c2ccccc2)CCCC1,-4.307754993438721
guided,S=c1[nH]nc(COc2cccc(Cl)c2)o1,-3.4356026649475098
guided,CCCCCC(=O)NC(C(=O)OC)C(=O)OC,-0.9237642884254456
guided,CC(=O)c1cccc(OC[C@@H](O)CN2CCOCC2)c1,-2.028005361557007
guided,COc1cc(Br)cc2cc(C(=O)NCCCn3ccnc3)c(=O)oc12,-0.656183123588562
guided,CN(C[C@H](CC1CCCCC1)N(C[C@H](Cc1ccccc1)N(CCc1ccccc1)N=O)N=O)N=O,-0.9520760178565979
guided,NC(=O)CS(=O)(=O)c1nc(-c2ccc(Br)cc2)c(-c2ccccc2)o1,-0.6172745823860168
guided,N#CN/C(=N/c1cc(F)cc(F)c1)S[C@@](O)(c1ccccc1)c1cccc(F)c1,-1.4825360774993896
guided,[O-]n1cccc/c1=[S+]/Cc1cc(Cl)nc(C2CCCCC2)n1,-2.710402727127075
guided,O=C(N/N=C\c1ccc(CO)cc1)[C@]12C[C@H]3C[C@H](C[C@H](C3)C1)C2,-1.8569443225860596
guided,Fc1ccc(-n2c(SCCN3CCOCC3)nnc2-c2cccs2)c(F)c1,-4.157505989074707
guided,CCn1c(CNc2ccc(Cl)cc2)nnc1SCC(=O)c1c(N)n(C)c(=O)n(C)c1=O,-0.7175814509391785
guided,O=S(=O)(c1ccc(S(=O)(=O)N2CCC[C@@H](c3ccccc3)C2)cc1)N1CCCC1,-0.8288685083389282
guided,CCOCCCNC[C@H](O)c1ccccc1,-4.477348327636719
guided,COc1ccc(C(=O)NCc2ccco2)cc1,-3.157574415206909
guided,[O-][C+]1[C-](O)[C+]2[C-]([C][C][C+]3[CH+][CH+][CH-][CH+][CH-]3)OCCCC2(C[c+]2[cH-][cH+][cH-][cH+][cH-]2)CN1C[c+]1[cH+][n-][cH-][cH+][cH-]1,-1.0509672164916992
guided,OCCNc1ccccc1NCc1ccccc1,-4.017547130584717
guided,Cc1ccc(S(=O)(=O)n2nccc2[C@@H](C)OC(=O)Nc2cccc([N+](=O)[O-])c2)cc1,-0.6421509981155396
guided,O=C(Nc1ccc(S(=O)(=O)N2CCOCC2)cc1)c1cc(S(=O)(=O)N2CCOCC2)ccc1Cl,-0.4505721628665924
guided,CCOC([C-]([O-])[N-][C+]([CH+][c+]1[cH-][cH+][cH-]o1)N1CCOCC1)[c-]1[cH+][cH-][cH+][cH-][cH+]1,-0.9507145881652832
guided,CCCCOc1ccccc1/C=N/NC(=O)[C@@H](C)Oc1ccc(Cl)cc1,-2.0995266437530518
guided,CC[S+2]([O-])([O-])[c-]1[n-]n2[c+]([NH-])[c+]([CH+][CH-][c+]3[cH-][cH+][c-](OC(F)F)[c+](OC)[cH-]3)[c+]([O-])[n-][c+]-2s1,-0.7063097953796387
guided,O=C1OC2(CCCCC2)C/C1=C(/O)c1ccc2c(c1)OCO2,-1.51166570186615
guided,S=C(NCc1ccccc1)N1CCOCC1,-7.751298427581787
guided,O=S(=O)(c1ccc(Cl)cc1)N1CCN(C[C@H]2CC=CCC2)CC1,-4.505036354064941
guided,CCOc1ncccc1C(=O)Nc1ccccc1NC(=O)CNC(C)=O,-0.6217645406723022
guided,COCC(=O)N/N=C(\C)CC(=O)NCc1ccccc1,-0.9219434857368469
guided,O=C(Cc1ccccc1)c1ccc2c(c1)OCCO2,-5.456164836883545
guided,COc1cc2c(CN3CCN(Cc4ccccc4)CC3)cc(=O)oc2cc1O,-1.2998663187026978
guided,Cc1cc(C)nc(N2CCC(C(=O)Nc3ccc(OC(F)F)cc3)CC2)n1,-1.4053664207458496
guided,O=C(N/N=C/c1cn(-c2ccccc2)nc1-c1cccs1)c1cc([N+](=O)[O-])cc([N+](=O)[O-])c1,-0.6345957517623901
guided,O=C(COC(=O)c1n[nH]c2ccccc12)NC(=O)NCCSc1ccccc1,-0.599544107913971
guided,C/C(=N\NS(=O)(=O)c1cccc(NC(=O)C(F)(F)F)c1)c1ccc(C)o1,-0.8024351596832275
guided,C[C-](C)[C+]1CC[C+]([CH+][CH-][c+]2[cH-][cH+][cH-][cH+][cH-]2)N(C[C-]([O-])N(C)CCO)C1,-3.1307435035705566
guided,N#Cc1ccc(Cc2ccc(CN3CC[C@H](c4ccc(C(F)(F)F)cc4)C3)cc2)cc1,-7.73958683013916
guided,Nc1nnc(CC(=O)NCc2cccs2)s1,-1.0671149492263794
guided,O=C(Nc1ccc2c(c1)CCC2)[C@@H]1C[C@@H]1CCc1nc2ccccc2[nH]1,-2.233090877532959
guided,[O-][C+](N[N-][CH+][c+]1[cH-][cH+][c-]2[c+]([cH-]1)OCO2)[c-]1[cH+][c-](Br)s1,-1.5766792297363281
guided,COc1ccc2nc(N)nc(-c3ccccc3)c2c1,-2.0260040760040283
guided,O=C(O)c1ccc(COc2ccccc2F)o1,-2.2313225269317627
guided,CCN(CCCn1c(C)nc2ccccc21)c1ccc2c(c1)OCO2,-4.776332855224609
guided,COC(=O)N1C(=O)[C@@](CC(C)C)(c2ccc(F)cc2)N1C(=O)OC,-0.9990426898002625
guided,O=C(CP(=O)(c1ccccc1)c1ccccc1)N1CCc2ccccc21,-5.031638145446777
guided,O=C(NNS(=O)(=O)c1ccc(Cl)cc1)c1cnn(-c2ccccc2)c1-n1cccc1,-0.6383126378059387
guided,Cc1nn(C)c(=O)c2nn(S(=O)(=O)c3ccccc3)c(C)c12,-0.9165434837341309
guided,COCCCNC[C@H]1[C@@H](Oc2ccc(Cl)cc2)C(=O)N1CCc1ccccc1,-2.993515729904175
guided,O=C(NC1CCCCC1)N1CCc2c([nH]c3ccccc23)C1,-3.413088798522949
guided,CCOC(=O)[C@H]1[C@H](c2ccccc2C)NC(=S)N[C@]1(C)O,-1.336227536201477
guided,CCc1cc(Br)cc(SC)c1,-14.443208694458008
guided,CCN(CCCOc1ccccc1C)CC(=O)Nc1nc2ccccc2nc1-c1cccc2cccnc12,-1.1633647680282593
guided,N/C(=N\OC(=O)c1ccccc1-c1ccc(Br)cc1)c1ccc(F)cc1,-1.800902247428894
guided,CCOc1cc(-c2noc(-c3ccoc3SC)n2)cc(OCC)c1OCC,-0.9993446469306946
guided,O=C1C[C@@H](c2ccccc2)CC(O)=C1/C=N/CCN1CCN(c2ccccc2)CC1,-2.2385199069976807
guided,COCC(C)N[C-]([O-])C1C[C+]([O-])N([C+]2[CH+][CH-][CH+][CH-][C+]2[C][O-])C1,-0.6741546988487244
guided,O=c1[nH]cc([N+](=O)[O-])c(=O)[nH]1,-1.1675165891647339
guided,COC(CNC(=O)c1cccc(NC(=O)C(C)C)c1)OC,-0.9797557592391968
guided,COc1ccccc1OCCCCN1CCNCC1,-5.770737171173096
guided,COc1ccc(S(=O)(=O)N2CCN(CC(=O)Nc3cccc(F)c3)CC2)cc1OC,-0.45140334963798523
guided,CCO[C]1[CH][C]([CH+][N]N[C]([O])[C]2[CH][CH][N][CH][CH]2)[CH][CH][C]1O[C]([O])[C]1[CH][CH][C](N([O-])[O-])[CH][CH]1,-0.7725181579589844
guided,NC(=O)[C@@H](Cl)[C@H](C(=O)O)c1ccc(F)cc1,-0.8419975638389587
guided,CN1[N][CH][C]([C]2[CH][CH][C](N([O-])[O-])[CH][CH]2)[C]1N[C+]([O])[C]1[CH][CH][CH][CH][CH]1,-0.7357123494148254
guided,CCOCC1(CC[C+]([O-])OCCN2CCCC2)[CH-]C(C)N[C+]1[O-],-0.8227809071540833
guided,O=Cc1ccc(C(=O)OCC(=O)NC(=O)NCc2ccco2)o1,-0.7448899149894714
guided,O=C(NC1CCCCCC1)c1cc(S(=O)(=O)N2CCOCC2)ccc1Cl,-0.8591470718383789
guided,Fc1ccc(N[C@H](c2ccccc2)c2nnnn2C2CCCCC2)cc1,-2.401958465576172
guided,CNCCOCO[C-]1[CH+]O[C-](C(O)CO)C(O)C(O)CO1,-0.8444299101829529
guided,O=C(CCC(=O)NC1CCCCC1)N/N=C/c1ccc[nH]1,-0.668233335018158
guided,CCN(CC)CCN(C(=O)c1ccc2ccccc2c1)c1nc2c(OC)cccc2s1,-4.06513786315918
guided,FC(F)(F)c1ccc(Cl)c(NCc2cccs2)c1,-11.069748878479004
guided,NS(=O)(=O)c1ccc(S(=O)(=O)NC[C@@H]2CCCO2)cc1,-0.7065640091896057
guided,C/C(O)=[N+]1\CCc2cc([S@](#[O+])([O-])N[C]C(=O)/[NH+]=[C-]\c3c#c[c-]c4c3C=C[CH+]=[C-]4)c#cc21,-0.5134816765785217
guided,O=C(C[C@H](CN1CCCCC1)C(=O)O)c1ccc(F)cc1,-2.1627111434936523
guided,COc1ccc(/C=C/C(=O)Nc2ccccc2C(=O)O)cc1COc1cccc2ccccc12,-1.0873565673828125
guided,O=C(/C=C/c1ccc2c(c1)OCO2)N/N=C/c1cn(-c2ccccc2)nc1-c1cccs1,-0.8873656988143921
guided,[O-][C-]1[c+]2[cH-][cH+][cH-][cH+][c-]2[C-]2[CH-]C(N3CCOCC3)CC[S+3]23([O-])O[O+]13,-0.8561544418334961
guided,COC(OC)[C@@H](NS(=O)(=O)c1ccc2c(c1)oc(=O)n2C)C(=O)N[C@@H](C)c1ccccc1,-0.7245129346847534
guided,O=C(C1=NN(c2ccccc2)[C@H]2C(=O)N(Cc3ccccc3)C(=O)[C@@H]12)c1ccccc1,-1.2197723388671875
guided,NNC(=O)Cn1nnc(-c2cccs2)n1,-1.080250859260559
guided,CN[P+](N1CCOCC1)(N1CCOCC1)N1CCOCC1,-3.708996534347534
guided,[H]/N=C(/N)NN,-5.0
guided,Nc1nc2ccccc2n1CCNC(=O)C1CCCCC1,-1.0390173196792603
guided,S=C(Nc1ccc(N2CCOCC2)cc1)Nc1ccc2nccnc2c1,-1.8045198917388916
guided,COc1ccc(Cc2ccc3ccccc3c2)cc1Cc1cc(=O)cc(C)o1,-5.041233539581299
guided,Cc1nc(NC(=S)NC(=O)c2ccccc2)c(Cl)cc1Cl,-2.97110915184021
guided,CN(C)CCOc1cccc2c(=O)n(-c3ccc(CC#N)cc3)c(=O)ccc12,-0.8237962126731873
guided,COc1cc(/C=N\NC(=O)OC(C)(C)C)cc(Cl)c1OCC(N)=O,-0.8695201277732849
guided,O=S(=O)(NC[C@@H](Cc1ccco1)OCc1ccc(F)cc1)c1ccccc1,-1.3213108777999878
guided,Clc1ccc(Nc2nc(Cc3nncn3-c3cccc4ccccc34)cs2)cc1Cl,-3.64678955078125
guided,O=c1[nH]c2ccc(OCOCCCl)cc2cc1Cn1ccc(=O)n(-c2ccc(F)cc2)c1=O,-0.5463050603866577
guided,FC(F)O[c-]1[cH+][cH-][c+](C[C][C][C+]2[CH+][N-][C+]([c-]3[cH+][cH-][cH+][cH-][cH+]3)S2)[cH-][cH+]1.[H+],-8.264564514160156
guided,[CH2-]CCN(C#[S+])[C@H](c1ccccc1)c1nnn(C[C@H]2CCCO2)n1,-2.500927686691284
guided,CC(=O)c1cccc(CC[C@@H](C)C(=O)O)c1,-2.76430344581604
guided,O=C1/C(=C/c2cc[c-]cc2)SC(=S)N1[C@H]1CC[C@H](C(=O)c2cccnc2)CC1.[H+],-3.106250286102295
guided,C/[S+]=C1\C=CC=C\C1=C(/[O-])NC(=S)N(C)C1CCCCC1,-4.928308963775635
guided,NCCC(=O)O,-2.5092618465423584
guided,N/C(CCn1c(=O)oc2ccccc21)=N/O,-0.7319350242614746
guided,C[CH-]OCCCN1[C+]([O-])[c+]2[cH-][cH+][c-]([S+2]([O-])([O-])N(C)[c+]3[cH-][cH+][cH-][cH+][cH-]3)[cH+][c-]2[C+]1[O-],-0.3773318827152252
guided,C[c-]1[cH+][cH-][cH+][c-](C(C[C+]([O-])O)N[C-]([O-])C2[CH+][CH+][CH-]CC2)[cH+]1,-0.6688289046287537
guided,COc1ccc(-c2cc(N)n(S(=O)(=O)c3cccc(C)c3)n2)cc1OC,-0.6945933103561401
guided,Cc1ccc(SCCNS(=O)(=O)c2cccc([N+](=O)[O-])c2)cc1,-0.633531928062439
guided,CNCC(=O)N1CCN(c2ccccn2)CC1,-3.5389204025268555
guided,CCO[c+]1[cH-][c+]2[c-]([cH+][c-]1OCC)[C+]([O-])[C+](N)C2[C-]1[C+](O)[N-][C+](SC)N[C-]1[O-],-0.7057625651359558
guided,CCc1cc(=O)oc2cccc(OCC(=O)N3CCC(c4nc5ccccc5o4)CC3)c12,-0.41642749309539795
guided,O=C1/C(=C2\C(O)=Nc3ccccc32)SC(=S)N1CCCS(=O)(=O)O,-0.5500866174697876
guided,CN(C)c1ccc(CNC[C@@H]2CCCO2)cc1,-7.716314315795898
guided,CO[C][C+]([C+](C)[O-])[c-]1[c+]([O-])[c+]([O-])[c-]2[c+](C)[cH-][cH+][c-]2[c+]1[O-],-0.6667307019233704
guided,O=C(NCc1ccccn1)[C@@H]1C[C@H]1[C@@H](N[P@@](=O)(c1ccccc1)c1cccc2cnccc12)c1ccccc1,-0.776227593421936
guided,CN(C1CCCCC1)S(=O)(=O)c1ccc2[nH]c(=O)ccc2c1,-1.1081905364990234
guided,Cc1oc(-c2ccccc2)nc1CN1CCC(C(=O)NC2CCCC2)CC1,-2.1305997371673584
guided,CN(C)[C@@H](Cc1c[nH]c2ccccc12)c1cccnc1,-6.171696662902832
guided,CCOC(=O)[C@@H]1CCCN(C(=O)c2cccc3ccccc23)C1,-3.554752826690674
guided,CO[C@H](C(=O)N/N=C/C1=C(N2CCOCC2)/C(=C\c2ccccn2)CC1)c1ccccc1,-0.7006247639656067
guided,COc1cc(S(=O)(=O)N2CCOCC2)c(OC)cc1Br,-1.7267210483551025
guided,NS(=O)(=O)c1ccc(CCNC(=O)C2CCN(S(=O)(=O)/C=C/c3ccccc3)CC2)cc1,-0.4222213327884674
guided,Nc1cn(-c2ccc3c(c2)OCCO3)nn1,-1.1467869281768799
guided,CCOC(=O)C[C@H](O)Cc1nc2ccccc2[nH]1,-1.0452080965042114
guided,C/[O+]=C1/C=C=C(/N=C/Nc2ccccc2C([O-])=S)C=C1,-2.2950546741485596
guided,CN(Cc1ccc(F)cc1)c1nc2c(c(=O)[nH]c(=O)n2C)n1Cc1ccccc1,-0.9995424151420593
guided,COc1cc2c(cc1NC(=O)c1ccc3c(c1)OCO3)oc1ccccc12,-1.3535575866699219
guided,O=S(=O)(c1ccccc1)c1nc(-c2ccccc2Cl)oc1NCc1ccccc1,-1.5312097072601318
guided,C/C(=N\NC(=O)Cc1ccccc1)c1ccc(Cl)s1,-4.6642937660217285
guided,N[CH-]CNc1[s+]nc(-c2ccccc2)n1-c1ccccc1,-2.472560167312622
guided,[H]/[C-]=[O+]\c1c(C(=O)n2nc(C)cc2C)n[nH]c1-c1cc(Br)cs1,-1.2921171188354492
guided,COCCNC(=O)[C@@H](C)N(C(=O)Cc1ccco1)c1ccc2ccccc2c1,-1.0183286666870117
guided,CCOc1cc(S(=O)(=O)NCC2CCCCC2)c(OCC)cc1-n1cnnn1,-0.5794528722763062
guided,CN(CC(=O)Nc1ccccc1Br)Cc1nc2ccccc2c(=O)[nH]1,-0.8202697038650513
guided,Nc1c(C(=O)NC[C@H]2CCCO2)c2nc3ccccc3nc2n1-c1ccccc1,-0.5383133292198181
guided,Fc1ccc(SCC[C@H]2CCCCN2)cc1,-10.69466781616211
guided,CCOC(=O)NS(=O)(=O)c1cc2c3c(c1)[C@@H](C)C(=O)N3CCC2,-0.6559338569641113
guided,S=C1CCCN1CC1CCN(Cc2ccccc2)CC1,-12.110011100769043
guided,CC1=C(C)/C(=C(/N)[O-])C(NC(=O)c2ccc(C(=O)c3ccc(Cl)cc3C)cc2)=[S+]1,-0.6627418398857117
guided,CSc1nnc(-c2ccc(NC(=O)COc3ccccc3)cc2)o1,-0.8973919153213501
guided,CC(C)Nc1nc2c(c(=O)n(C)c(=O)n2C)n1Cc1ccccc1,-1.2454209327697754
guided,COC(C[C@@H](O)CCCOc1ccccc1)OC,-3.5970709323883057
guided,Cc1c(C(=O)N2CCOCC2)c2c(c(=O)n(C)c(=S)n2C)n1Cc1ccccc1Cl,-1.979073405265808
guided,[CH2+]NCC1C[C-]1[C+]1[C][CH+][C-](C)[CH+][CH-]1.[H+],-11.02193832397461
guided,Cc1ccc(-c2c[s+]c3nc4cc/c(=C(/[O-])NC5CCCCC5)cc4c(=O)n23)cc1,-1.1424139738082886
guided,S=C(NCCCN1CCOCC1)NC1CC1,-5.519619941711426
guided,Cc1cc(C)c2[nH]c3nc(SCC(=O)O)nnc3c2c1,-0.8299647569656372
guided,CC(=O)c1ccc(N2CCN(C(=O)CCS(=O)(=O)c3ccc(C)cc3)CC2)cc1,-0.7944907546043396
guided,CCOc1ccc(/C=N/N(C)c2ccccc2)cc1OC,-5.827986717224121
guided,Cn1ncc2cc(Cl)ccc21,-9.583535194396973
guided,CCOc1ccc(NC(=O)CCCN(Cc2ccc3c(c2)OCO3)C(=O)C2CCCCC2)cc1,-0.883760929107666
guided,FC(F)Oc1ccc2c(c1)O/C(=C\c1ccccc1)C2,-9.105203628540039
guided,N#CCCCCNc1n[nH]c(-c2ccccc2Cl)n1,-0.938382625579834
guided,COc1cccc(C(=O)N2CCCc3ccccc32)c1,-6.556314945220947
guided,O=C(C1=C(O)C(=O)N(CCN2CCOCC2)[C@@H]1c1ccco1)c1cc2ccccc2o1,-0.4043514132499695
guided,O=C(NCCO)C1=C[C@@H](c2ccc([N+](=O)[O-])cc2)C[C@@H](OCCCO)O1,-0.4542546272277832
guided,[O-][S+2]([O-])(C[CH-]CO)[c-]1[cH+][cH-][cH+][cH+][n-]1,-0.8721739649772644
guided,[H]/[C-]=[NH+]/C1=[C-]N1Cc1ccc([OH+]/N=C/n2c(C(F)F)nc3ccccc32)nc1,-1.146765947341919
guided,CCC(=O)Nc1ccc(CO)cc1Cl,-3.469853162765503
guided,O=C(NCC[N-]CCN/C=C(\C#[O+])C(=C=CCc1ccccc1)N1CCN(c2ccccc2)CC1)c1ccco1,-0.40902841091156006
guided,O=C(CN1C(=O)Cc2cc3c(cc21)OCO3)N1CCN(C(=O)c2cccs2)CC1,-0.6942287683486938
guided,CN(C)CCn1c(NCc2ccc(F)cc2)nc2ccccc21,-5.941199779510498
guided,FC(F)(F)c1ccc(NNc2nc(-c3cccs3)nc3c2CCC3)nc1,-1.9727014303207397
guided,CC(=O)c1ccc2nc([C@@H](C)O)[nH]c2c1,-1.7078585624694824
guided,[H+].[O-]P(Nc1ccccc1Cl)OC1(C2CC2)OCCO1,-1.9339276552200317
guided,CC(C)Oc1ncccc1C(=O)Nc1ccc(F)cc1F,-3.2012903690338135
guided,Cc1cc(C)cc(CN2C(=O)N/C(=C/c3cccs3)C2=O)c1,-3.4439427852630615
guided,COc1ccc2[nH]c(=O)c(CN(CCc3ccc4c(c3)OCCO4)C(C)=O)cc2c1,-0.6560311317443848
guided,COc1cc(S(=O)(=O)N2CCCC2)ccc1F,-3.809220552444458
guided,Cc1oncc1C(=O)Nc1ccc(C(=O)Nc2ncc[nH]2)cc1,-0.7107530236244202
guided,C[C@@H](OC(=O)c1cccs1)C(=O)Nc1cc(C(=O)Nc2cccc(-c3ccccn3)c2)ccc1Cl,-1.204042673110962
guided,N#CN/C(=N/c1cc(Cl)c(O)c(Cl)c1)SCc1cccnc1,-0.9048179984092712
guided,O[C@H](CNC[C@@H]1CCCO1)c1cc(-c2ccccc2)nc2ccccc12,-2.4505701065063477
guided,COCCN(C(=O)CNC(=O)c1ccc(-c2ccccc2)n1C)[C@H](C(=O)NC[C@H]1CCCO1)c1cccnc1,-0.42283710837364197
guided,Cc1ccccc1C(=O)N[C@H]1CCSC1=O,-3.869584321975708
guided,NS(=O)(=O)c1ccc(NC(=O)Nc2ccccc2F)cc1,-0.7204801440238953
guided,CCOc1ccc(C(=O)N/C=C\C(=N\NC(=O)[C@H](C)O[C@@H](C)C(=O)O)C(=O)NCC(=O)O)cc1Cl,-0.6758429408073425
guided,O=C(NO)c1ccc2c(c1)OCO2,-1.6537925004959106
guided,NNC(=O)c1cc(-c2ccc(Br)cc2)nc2ccc(Br)cc12,-1.4723039865493774
guided,CO/[C-]=C/C=C\[C-]=[N+](/C)C1=C=C/C(=[O+]\C)C(Br)=C1,-8.10951042175293
guided,O/N=C/c1ccc2nsnc2c1,-2.5752007961273193
guided,C=C1[CH-]C(=O)N(C)C2=N[C]/C(=C(\[O-])[C+]3=CC=C(Cl)C=C3)N12.[H+],-2.2173664569854736
guided,O=S(=O)(NCCSc1ccccc1)c1ccc(Cl)cc1,-3.8869237899780273
guided,O=C(CCN1C(=O)[C@@H]2Cc3ccccc3CN2C1=O)OCC(=O)c1ccccc1,-0.536178469657898
guided,O=[N+]([O-])c1cc(Cl)c(N2CCOCC2)cc1NC[C@@H](Nc1ncccn1)c1cccc(P(=O)(O)O)c1,-0.5061638355255127
guided,COCCNC(=O)[C@@H](Cc1c[nH]c2ccccc12)NC(=O)[C@@H]1CCCN1,-0.5168657898902893
guided,N#C[C@@H](C(=O)NC1CCCCC1)c1nc2ccccc2nc1N1CCN(Cc2ccccc2)CC1,-0.4370805621147156
guided,O=C(NCCc1ccc(F)cc1)c1ccc(NC(=O)c2cncc(Br)c2)cc1,-1.1560938358306885
guided,CC(=O)[C@@]1(c2ccccc2)CCN(C(=O)Cc2cn3c(C)csc3n2)C[C@@H]1C,-2.523916721343994
guided,NC(=O)Cn1c(=O)n(Cc2ccccc2F)c(=O)c2cccnc21,-0.6847079396247864
guided,CC[C@@H](Oc1ccccc1)C(=O)Nc1cccc(Cl)c1,-5.048229694366455
guided,CN1[CH][N][C](N([O-])[O-])[C]1S[C+]1[CH][CH][C]2[CH][CH][CH][CH][C]2[N]1,-0.878002405166626
guided,COc1ccccc1C1CCN(CC[C@@H](c2ccccc2)n2nccc2NC(=O)C2CC2)CC1,-2.035883665084839
guided,O=C(/C=C/c1ccccc1)N[C@@H](NC(=S)Nc1ccc(F)cc1)C(Cl)(Cl)Cl,-3.0411458015441895
guided,O=C(O)c1cccnc1SCCc1ccc(F)cc1,-3.2668323516845703
guided,Fc1cc(Cl)ccc1NC1=NCCCCC1,-7.8229289054870605
guided,COc1cc(COc2ccccc2C)cc(OCc2nn[nH]n2)c1,-0.7305446267127991
guided,Clc1cn[c-]n1/C=C\C=[N+]1CCN(c2cccc3ccccc23)CC1,-7.67765474319458
guided,O=C(Nc1c(C(=S)Nc2ccccc2)oc2ccccc12)c1ccco1,-1.7723252773284912
guided,Cn1cccc1C(=O)NC(=O)CSc1nnc(-c2ccccc2)n1C1CC1,-0.6613463759422302
guided,C/C(N)=C(/C#N)C(=O)COC(=O)c1ccc(OC(C)C)cc1,-0.7474483251571655
guided,CCOCCc1nnc(NC(=O)c2ccccc2SC)s1,-1.78730309009552
guided,O[N-][C+]1CCS[C-]1[c+]1[cH+][n-][cH-][cH+][cH-]1,-3.642936944961548
guided,CCn1nnnc1S[C@H](C)C(=O)Nc1ccccn1,-0.8799686431884766
guided,CCCC(=O)NCc1ccccc1Cl,-6.971267223358154
guided,Fc1ccccc1/C=N\N=C\c1cccs1,-7.858273506164551
guided,COc1ccc2nc(SCc3ccc(Cl)cc3)nc(C3CCCCC3)c2c1,-6.624604225158691
guided,O=c1c(-c2cc(Cl)cc(Cl)c2)nc2ccccc2n1Cc1ccc(Cl)cc1,-6.3863935470581055
guided,O=C(OCC(=O)N1CCc2c([nH]c3ccccc23)[C@H]1c1ccccc1)c1ccccc1O,-0.5026829242706299
guided,COCc1[nH]nc2c1[C@@H](c1cc(OC)c(O)c(OC)c1)C(C#N)=C(N)O2,-0.7852316498756409
guided,O=C(c1ccsc1)c1ccc2c3c(cccc13)C(=O)N2,-3.8401784896850586
guided,CC(=O)c1ccccc1OC(=O)c1ccco1,-2.5217247009277344
guided,COC(=O)CSc1nnc2c(n1)[nH]c1ccccc12,-0.9441817402839661
guided,N#Cc1c(S(=O)(=O)Cc2ccccc2)nc2ccccn2c1=O,-0.7004734873771667
guided,[CH][C-]([CH+][CH2-])[C+](N[C-]([O-])N[C+]1[CH+][CH-][CH+][CH-][CH+]1)[C-](C)[CH+][c-]1[cH+][cH-][cH+][cH-][cH+]1.[H+],-3.6251602172851562
guided,C[C@@H]1CCc2ccccc2N1C(=O)Cn1c(=O)n(CCC(=O)NCc2ccccc2)c(=O)c2sccc21,-0.47148841619491577
guided,[O-][C+](O[CH-][C+]([O-])[c-]1[c+](O)[cH-][cH+][c-]2[c+]1C(O)C(C1CCC(C[C+]3[CH+][CH-][CH+]O3)[C-]([O-])O1)C2)[c+]1[cH-][cH+][cH-][cH+][cH-]1,-0.43952539563179016
guided,[O-][c+]1[nH][c-]2[cH+][cH-][c+]([S+2]([O-])([O-])N3CCO[C-](N[c+]4[n-][cH+][cH-]s4)C3)[cH-][c+]2o1,-0.5670868158340454
guided,Cc1[nH]c2ccc(C(=O)O)cc2c1CCN,-0.8524722456932068
guided,CN(C)[C@H](CNc1ccncn1)c1cccs1,-4.767481327056885
guided,Cn1ccnc1SCC(=O)Nc1cccc2cccnc12,-2.195387840270996
guided,Cc1cccc(NC(=S)NCCCn2ccnc2)c1,-4.531986236572266
guided,[H+].[H]/[C-]=[N+]1/c2ccccc2N=C2[C-]1N(S(=O)(=O)[c-]1ccc[s+]1)C13N=C1[N@+]23[C@H](Cc1ccccc1)O[C-]=O,-0.6348204612731934
guided,S=c1[nH]nc(COc2ccccc2)n1Cc1ccccc1,-4.381989002227783
guided,Nc1ccccc1-n1c(=O)c2ccccc2c2cnn(CC(=O)NC3CCCCCC3)c(=O)c21,-0.48458826541900635
guided,COC[CH-]N(C)C1CCN(C(=O)c2cccc(F)c2)CC1.[H+],-5.952561855316162
guided,COCCOC(=O)[C@@H](C)Oc1ccc(OC(F)F)cc1,-2.850299835205078
guided,NNCc1cnc(-c2ccccc2)s1,-3.305420160293579
guided,O=S(=O)(CCN1CCCCC1)c1ccc(OC(F)F)cc1,-3.6691315174102783
guided,[H]/N=C/C1=C/C(=C/C(=O)O)Sc2ccc(Sc3ccc(C(F)(F)F)cc3)cc21,-2.639204978942871
guided,COC[C@@H](O)[C@@H](O)[C@H](C)OCOc1ccc2c(-c3ccccc3)cc(=O)oc2c1,-0.47709935903549194
guided,CSCCOC(=O)c1cccnc1,-5.156583309173584
guided,CC(=O)Nc1nc(OC(C(F)(F)F)C(F)(F)F)nc(N2CCN(c3ccc(O)cc3)CC2)n1,-0.6305815577507019
guided,NOc1cc2ccccc2cc1C(=O)O,-1.1655311584472656
guided,COCCNCCOc1ccc(C(C)(C)c2ccccc2)cc1,-6.279066562652588
guided,CN(/N=C/c1cnn(-c2ccccc2)c1-c1cccnc1)c1ccccc1,-3.773333787918091
guided,O=S(=O)(Nc1ccc(Cc2ccncc2)cc1)c1ccc(Br)s1,-2.2044155597686768
guided,FC(F)(F)c1nnc(Nc2ccc(Cl)c(C(F)(F)F)c2)s1,-5.690238952636719
guided,Br/C=N/N=C1c2ccccc2-c2ccccc21,-7.730855464935303
guided,CC(C)OCCCNC(=O)[C@H]1CC[C@@H](CNS(=O)(=O)c2ccccc2)CC1,-0.6063189506530762
guided,Clc1ccccc1[C@H](c1nnnn1Cc1ccccc1)N1CCN(c2nc3ccccc3s2)CC1,-1.768642544746399
guided,NS(=O)(=O)c1ccc(NC(=O)Cc2ccc(C(=O)NCCCN3CCOCC3)o2)cc1,-0.4620981216430664
guided,CN(C(=O)c1ccncc1C(=O)Nc1cccc(C(F)(F)F)c1)[C@H]1CCS(=O)(=O)C1,-0.5173621773719788
guided,Cc1ccccc1NC(=O)CSc1nc(CN(C)Cc2cccc(F)c2)nc2c1c(=O)n(C)c(=O)n2C,-0.6260167956352234
guided,O=C(Cn1nc(-c2ccc(Cl)cc2)ccc1=O)N1CCN(c2ccccn2)CC1,-1.0033283233642578
guided,[O-]c1c(-c2cccnc2)[n+]#cn1/N=C\c1ccco1,-0.836053192615509
guided,O=C(Cc1c(O)c([N+](=O)[O-])cc(Cl)c1Cl)NNC(=S)NCc1ccco1,-0.7628901600837708
guided,O=C(NNC(=S)Nc1ccccc1)c1ccc2ccccc2c1,-2.9221744537353516
guided,N/C(Cc1cccs1)=N\OC(=O)COc1ccccc1,-1.144980788230896
guided,Fc1cccc(CN(CCC2CCCCCC2)Cc2nc(Cc3ccccc3Cl)no2)c1,-5.558232307434082
guided,CCNS(=O)(=O)c1ccc(OC)cc1,-2.8691885471343994
guided,CN(C)Cc1ccccc1[C@H](c1ccccc1)c1[nH]c(=O)[nH]c(=O)c1[N+](=O)[O-],-0.542906641960144
guided,N/C(=N\CCc1ccc(Cl)cc1)NS(=O)(=O)c1ccccc1,-0.745417594909668
guided,O=C(c1ccc(-c2ccc(Br)cc2)o1)N1CCC[C@@H]1CO,-2.6428074836730957
guided,O=Cc1[nH+]c2ccc(N([O-])[O-])cc2c2nc3cc(Cl)ccc3[o+]12,-0.6416134238243103
guided,N#Cc1cc(C2CCCCC2)oc1/N=C(/Cl)c1ccc([N+](=O)[O-])cc1,-0.8371108174324036
guided,CCC(C)(C)NC(=O)COC(=O)c1ccc(N(C)S(=O)(=O)c2ccc(F)cc2)cc1,-0.5690285563468933
guided,O=S(=O)(Nc1nc2c(s1)CCCC2)c1cccs1,-2.3632972240448
guided,NS(=O)(=O)c1ccc(CCNCC(=O)Nc2ccccc2-c2ccccc2)cc1,-0.4375094175338745
guided,ClCc1nc(Cl)cc(/C=C\c2ccccc2Cl)c1-c1ccnnc1,-5.505537033081055
guided,C(=C/c1ccccn1)\c1ccncc1,-7.529003143310547
guided,C=[NH+]CC[C@H](/C([O-])=N\Cc1ccccc1)N(C)S(=O)(=O)c1ccc2c(c1)NC(=O)CC(=O)N2,-0.5114856958389282
guided,CO[c-]1[cH+][cH-][cH+][c-](N[N-][C+]2[C+]([O-])[c-]3[cH+][cH-][cH+][cH-][c+]3[C+]([O-])[C-]2Cl)[cH+]1,-0.7701494097709656
guided,O=C(C1=C(O)C(=O)N(CCN2CCOCC2)[C@H]1c1ccncc1)c1ccco1,-0.36980217695236206
guided,COc1cc2nc([C@H]3CC(=O)N(C4CCCCC4)C3)n(N)c(=O)c2cc1OC,-0.48541054129600525
guided,O=C(O)COC(=O)c1ccccc1N1C(=O)c2ccccc2C1=O,-0.604061484336853
guided,CC(C)(C)c1csc(SCC(=O)Nc2nccs2)n1,-2.9003992080688477
guided,COC(C[C@@H](O)CC(=O)[C@@H](C)OCc1ccccc1)OC,-1.6826257705688477
guided,Fc1ccc(NC(=S)N2CCCC2)c(Cl)c1,-9.995698928833008
guided,NC(=O)c1scc(-c2ccccc2)c1N1N=C(c2ccccc2)C[C@H]1c1ccccc1,-2.7849481105804443
guided,Cn1c(=O)c2c(ncn2CC(=O)OCC(=O)NC2CC2)n(C)c1=O,-0.7585188150405884
guided,Cc1ccc(C)c(NC(=O)CNS(=O)(=O)c2ccccc2C)c1,-1.062737226486206
guided,CCOCc1c(C)c2ccccc2[nH]c1=O,-4.480432033538818
guided,CN(C)S(=O)(=O)c1cccc(NC(=O)Cn2cc(C(F)(F)F)cc(Cl)c2=O)c1,-0.7068507671356201
guided,COc1ccc(/C=N/NC(N)=O)c(C)c1,-1.1226756572723389
guided,CN1CCC[C@H](OC(=O)c2sc3ccccc3c2Cl)C1,-6.646399974822998
guided,COc1cc(OC)nc(NC(=S)Nc2ccccc2C)n1,-1.6728328466415405
guided,C=c1cc2c(cc1/C([O-])=N/[C@@H](C(=O)OCC(=O)Nc1cccc(S(N)(=O)=O)c1)C(C)C)=[O+]CO2,-0.6427885890007019
guided,COc1ccc(CC(=O)Nc2ccc(N3CCOCC3)cc2)cc1OC,-1.9702117443084717
guided,CNC(=O)NC(=O)COC(=O)CCCSc1nc2ccccc2s1,-0.640352189540863
guided,[H+].[O-][S+2]1([O-])C[C][CH+][C+]2OC3[CH+][CH-][C-]([CH+][CH-]CN(CCO)CC1)C1C3[NH+]21,-0.7937160730361938
guided,O=S(=O)(NC1CCCC1)c1ccc(-c2nnc(N3C[CH-]CCC3)s2)cc1.[H+],-0.8538482785224915
guided,Clc1ccc(SCNc2ccccc2Cl)cc1,-11.080729484558105
guided,S=C(Nc1ccccc1Cl)N(CCN1CCOCC1)Cc1ccccc1,-6.852020740509033
guided,COc1ccc(NC(=O)C(=O)NCC(=O)Nc2ccc(F)cc2)cc1Cl,-0.6861082315444946
guided,C[C-](C)CN(CC1CCC([C+]([O])O)CC1)[C]([NH-])[S],-1.598412275314331
guided,C[C@H](CS(=O)(=O)CC(=O)OCl)C(=O)NCc1ccc(S(=O)(=O)N2CCCC2)cc1,-0.5616387724876404
guided,COCCN(Cc1ccc(CN(C)C)cc1)C(=O)/C=C/c1ccc2c(c1)OCO2,-2.9735989570617676
guided,Fc1ccccc1N1CCN(c2nc(Cl)ncc2F)CC1,-6.18907356262207
guided,CO[C]1[CH][CH][C]([CH][O])[C](O[C]2[CH][CH][C]([C+]([O])[C]3[CH][CH][CH][CH][C]3[C]([O])O)[CH][C]2N([O-])[O-])[CH]1,-0.7501686215400696
guided,CCCN1CCN(CCCNC(=O)c2cc3sccc3n2C)CC1,-4.594353675842285
guided,Cc1nnc(SCC(=O)Nc2cc(S(=O)(=O)N3CCCC3)ccc2Cl)s1,-0.6615122556686401
guided,CCOc1ccccc1-c1[s+]c2nn[c-]n2n1C,-4.241028785705566
guided,COC(=O)/C(C#N)=C\c1ccc(OC)c(OC)c1,-1.5267431735992432
guided,Cc1ccc(O[P@](C)(=O)Nc2ccc(N(C)C)cc2)cc1,-4.616248607635498
guided,CCOc1ccc(C2=N/C(=[NH+]/C(=O)/C=C/c3cccc(N([O-])[O-])c3)[S+]=C2)cc1,-0.5667307376861572
guided,C[C][C+]([C-]([O-])[C+]1[CH+][CH-][CH+]S1)[C-]1[N-]N[C+]([S-])N1[C+]1[CH+][CH-][CH+][CH-][CH+]1,-3.1480460166931152
guided,COc1ccc([C@H]2OC(=O)c3c(C)cc(C)cc3O2)cc1OC,-2.8325729370117188
guided,O=S(=O)(Oc1cccc2cccnc12)c1cccs1,-2.5772054195404053
guided,COC(=O)Nc1nc(CC(C)C)nc2c1nc1n2CCCCC1,-0.8459797501564026
guided,CCC(=O)Nc1ccc(C(=O)COC(=O)c2cnccn2)cc1OC,-0.6580269932746887
guided,Fc1ccccc1NC1CCCCC1,-10.742803573608398
guided,O=[N+]([O-])c1ncccc1OCc1ccccc1Br,-1.6955565214157104
guided,CCCCCCC1=CC2=CC(=O)[C@@](C)(OC(=O)CC)C(=O)C2=CN1CCCOC(C)C,-1.0150678157806396
guided,CCC/[S+]=c1\nc2c(cnn2-c2ccc(F)cc2)c([O-])n1N,-0.7342777252197266
guided,O=C1C(=O)N(Cc2cccnc2)[C@H](c2ccccn2)/C1=C(/O)c1ccc(F)cc1,-0.6338289380073547
guided,CC(=O)c1cc(CC=C(C)C)c2c(c1)OC(=O)[C@@H](C)O2,-3.068202495574951
guided,CCN(CC)S(=O)(=O)C1=Cc2c(ccc3ccccc23)OC1(C)C,-3.6699156761169434
guided,Clc1ccc(CN2CCC(CC[CH-]CC3=[N+]=C=C/C=C\C=C=N3)CC2)c(Cl)c1,-6.657787322998047
guided,CN(C)S(=O)(=O)c1cccc(NC(=O)Cn2c(=O)oc3ccccc32)c1,-0.6555814146995544
guided,CCOc1ccc(S(=O)(=O)NCCC(=O)O)c2cccnc12,-0.6122084259986877
guided,NS(=O)(=O)c1ccc(-c2ccc3nncn3n2)cc1,-0.7783148884773254
guided,O=S(=O)(c1ccccc1)[C@H](CO)[C@@H]1CC(c2ccccc2)=NO1,-0.897940993309021
guided,CC(C)(CO)NC(=O)NC1(C/C=N/c2ccccc2)CCCCC1,-0.9117120504379272
guided,O=C(N/N=C/c1cccs1)c1cc2c(s1)-c1ccccc1CC2,-4.562645435333252
guided,O=C(/C=C/c1ccco1)NC(=S)NNC(=O)COc1ccccc1,-0.7107530236244202
guided,S=C(NCCc1ccccc1)N/N=C/c1ccccc1Cl,-5.446811199188232
guided,Nc1ccccc1Sc1ccc2ccccc2c1S(N)(=O)=O,-0.6541618704795837
guided,[H]/N=C(\C)NCc1ccccc1,-5.8174214363098145
guided,COc1ccc(Oc2ccc(OC)c(O)c2C)cc1,-3.582188129425049
guided,O=C(c1ccc(F)cc1)C1CCN(Cc2ccc3ccccc3c2)CC1,-8.604575157165527
guided,ClC[C@H](COc1ccccc1)Sc1ncn[nH]1,-3.3350439071655273
guided,N/C(=N\NC(=O)CSc1nc2cc(Cl)ccc2s1)c1ccccn1,-0.7759543061256409
guided,COCC[C-]([O-])[N-]CC[C+]([O-])[C+]1[CH+][C+](Cl)[CH-][CH+][C-]1OC,-1.0056284666061401
guided,[O-]N1OC[S+2]([O-])([O-])[N-][S+]([c+]2[cH-][cH+][c-](Cl)[cH+][cH-]2)N[S+2]([O-])([O-])[c-]2[cH+][cH-][cH+][cH-][c+]21,-0.6430642604827881
guided,CC(=O)N/N=[C-]/C=C(/C(=O)Nc1c(F)cccc1F)N1CCOCC1.[H+],-0.6122794151306152
guided,Cc1cccc(Oc2nc3ccccn3c(=O)c2/C=C(\C#N)C(=O)N[C@@H]2CCS(=O)(=O)C2)c1C,-0.5758523344993591
guided,S=C(NCCc1ccccc1)NC[C@@H]1CCCO1,-6.0059003829956055
guided,Brc1cccc(CNc2ncn[nH]2)c1,-3.0706119537353516
guided,NS(=O)(=O)c1ccc(NCc2ccc(F)cc2)cc1,-1.1982139348983765
guided,C=CN(NC(=O)c1nnn(-c2nonc2N)c1-c1ccc(Cl)cc1)c1ccccc1,-0.7473201751708984
guided,Cc1nc([N+](=O)[O-])cn1C[C@@H](O)c1ccc(Cl)cc1,-0.8207483291625977
guided,[O-]N([O-])[C]1[CH][CH][C](N[C]([S])N[C+]2[CH][CH][C](F)[CH][CH]2)[C](N[C]([S])N[C]2[CH][CH][C](Br)[CH][C]2Cl)[CH]1,-0.912360668182373
guided,CCN(CCC#N)c1ccc(NC(=O)c2ccco2)cc1C,-1.2598040103912354
guided,O=S(=O)(N/N=C/c1ccc(OC(F)(F)F)cc1)c1ccccc1F,-1.5736216306686401
guided,CCOC(=O)c1ccc(Nc2ccccc2)nn1,-1.8164170980453491
guided,[CH2+]C/C=C\C=[C-]\C(=O)N[P@@](C)(=O)Oc1ccccc1,-2.709139585494995
guided,CCN(c1ccccc1)S(=O)(=O)c1cc2c(cc1C)N(C)CCO2,-3.24103045463562
guided,COc1ccccc1C(=O)OCCCCN1CCOCC1,-3.3996198177337646
guided,O=C1CC(c2ccccc2)CC(=O)C1=CNc1ccccc1/N=C/c1cc2ccccc2[nH]c1=O,-0.7839023470878601
guided,O=C(NC1Cc2ccccc2C1)c1n[nH]c(=O)c2ccccc12,-0.9699743390083313
guided,OC[C@@H]1O[C@H](OC[C@@H]2O[C@@H](O)[C@@H](O)[C@H](O)[C@@H]2O)[C@H](O)[C@H](O)[C@H]1O,-0.9879330992698669
guided,Cc1ccc(/C=C/c2onc(C)c2S(=O)(=O)N2CCC(C(=O)O)CC2)cc1,-0.47251564264297485
guided,COc1cc(Br)ccc1[S@+]([O-])Cc1ccc(C(=O)O)o1,-0.747846782207489
guided,O=C(Nc1ccc2ccccc2c1)Nc1ccc([N+](=O)[O-])c2ccccc12,-1.0523751974105835
guided,N#CCCS(=O)(=O)c1ccc2c(c1)CCO2,-1.717414379119873
guided,Cn1nnnc1-c1cc(Cl)ccc1Br,-4.586843967437744
guided,[CH2+]C([CH2+])C([C+]1[N-][N-][N-]N1C1CCCC1)N([CH-][c+]1[cH+][c-]2[cH+][cH-][cH+][c-](C)[c+]2[nH][c-]1[O-])C[c+]1[cH-][cH+][cH-]o1,-0.9486541748046875
guided,CNC(=O)/C(C#N)=C/c1c(N2CCN(c3ccccc3)CC2)nc2c(C)cccn2c1=O,-0.4893241226673126
guided,COCCNC(=O)CN1CCN(c2ccccc2)CC1,-3.939579486846924
guided,F[C]1[CH][CH][CH][C](C[NH+][C]2[C][CH][CH][CH][CH][C]3[CH][CH][CH][CH][C]3[CH][C-][C]([N][N][CH][N+]3[CH][CH][CH][CH]3)[CH]2)[CH]1,-3.6396307945251465
guided,Cc1cccc(Cn2nnc(-c3ccc(Cl)cc3)n2)c1,-4.301408290863037
guided,S=C(Nc1ccccc1)N1CCN(C(=S)Nc2ccccc2)CC1,-6.372131824493408
guided,CCC[C][C+](CCC)C(N[C-]([O-])OC(C)(C)C)[C+]1[CH+][C-]2C34[C-]([N-][O-])C23C4[CH+]1.[H+],-0.8758145570755005
guided,O=C(NN(C(=O)c1ccc(Oc2cccc3ccccc23)cc1)c1ccccc1)c1ccccc1Cl,-4.06541633605957
guided,CC1(C)NCCc2c1[nH]c1cc(-c3ccno3)ccc21,-2.816434621810913
guided,Fc1ccc([C@H]2c3[nH]c4ccccc4c3CCN2CCCN2CCOCC2)cc1,-6.020033836364746
guided,CCOC(=O)C1CCN(c2ncnc3c2c(-c2ccccc2)cn3CC)CC1,-1.9036006927490234
guided,S=c1nc(Cc2ccc(Cl)cc2)[nH]c2ccccc12,-6.98190450668335
guided,S=C1SCN(Cc2ccccc2Cl)CN1Cc1ccccc1,-12.22393798828125
guided,Nn1c(CO/[P+]([O-])=[NH+]\CCBr)cnc1N([O-])[O-].[H+],-0.9643449783325195
guided,COc1cc(NS(=O)(=O)c2cccc(F)c2)cc(OC)c1,-1.8003889322280884
guided,COc1ccc(CN2CCC(n3nccc3NC(=O)C3CCCC3)CC2)cc1,-2.004255533218384
guided,N[S@@](#[O+])([O-])c1ccc(NC(=O)C2=CCC[C@H](/[NH+]=C([O-])/C=c3\[c-]c(-c4ccccc4)[o+]c4c3=[N+]=CC=C4)[CH-]2)cc1,-0.4120332598686218
guided,Nn1c(O)c(C(=O)CCc2ccccc2)c(=O)n(CCC2=CCCCC2)c1=O,-0.5587924718856812
guided,Cc1cc(C)cc(NC(=O)Nc2ccc3nsnc3c2)c1,-1.6474640369415283
guided,O=S(=O)(c1ccc(Cl)cc1Cl)c1c(CCl)nn(C2CCCCC2)c1Cl,-3.604020595550537
guided,O=C(Cc1ccccc1)NCC(=O)N[C@H](Cc1ccccc1)C(=O)O,-0.5078640580177307
guided,COc1ccc(NC(=O)N(Cc2ccco2)[C@@H](C)c2cccs2)cc1OC,-1.9714891910552979
guided,CC(=O)NCCn1cnc2c([nH]c3ccccc32)c1=O,-0.8385125398635864
guided,[O-][C][CH+][CH+][N-][N-][C+]([CH+][C]N[C][S-])[CH+][CH+][C][CH+]C[c+]1[cH-][cH+][cH-][cH+][cH-]1,-1.7189298868179321
guided,COc1ccc([C@H](Cc2nc3ccccc3[nH]c2=O)c2c(C)n(C)n(-c3ccc4ccccc4c3)c2=O)cc1O,-0.7446345686912537
guided,COCCN(C(=O)CC(C)C)c1nnc(-c2ccc(OC)c(OC)c2)s1,-1.0994575023651123
guided,CCC/C(C)=N/NC(=O)c1sc(C)nc1C,-3.1347036361694336
guided,N#C[C@@H](c1ccnc(OCc2ccc(F)c(F)c2)n1)c1nc2ccccc2s1,-1.277531623840332
guided,COc1cccc(C(=O)N(Cc2cccnc2)Cc2ccco2)c1OC,-1.658328652381897
guided,C=C1C=CC(F)=C[CH-]1.COP(#[O+])c1cccc([N+](=O)[O-])c1,-1.3142422437667847
guided,Nc1cccc2c1C(=O)N(N)C2=O,-0.9030793905258179
guided,O=c1ccoc(CN2CCN(C3CCCCC3)CC2)c1O,-2.3173787593841553
guided,CC(C)([CH+][C+]([NH-])[O-])OCCN(CCOCCOC(CO)OCCS)C[C-]([O-])N1CCCC1,-0.7213851809501648
guided,Nc1ccc(-c2nc3ccc(N)cc3[nH]2)cc1,-0.8348208069801331
guided,Fc1ccc([C@]23C[C@]4(C2)[C@H](CN(Cc2cccnc2)[C@@H]4c2ccccc2)[C@H]3c2ccc(Cl)nc2)cc1,-8.074950218200684
guided,F[c-]1[cH+][n-][c+]([N-][N-][CH+][c+]2[cH-][cH+][cH-][cH+][cH-]2)[cH+][cH-]1,-4.564093589782715
guided,OC1(c2cccc(C(F)(F)F)c2)CCN(c2ncnc3c2[nH]c2ccccc23)CC1,-1.541555404663086
guided,O=C(/C=C/c1cccc([N+](=O)[O-])c1)Nc1ccc(Cl)c(NC(=O)c2ccco2)c1,-0.6986291408538818
guided,O=[N+]([O-])c1ccc(OCc2ccccn2)cn1,-0.9379077553749084
guided,O=C(NNS(=O)(=O)c1ccc(Cl)cc1)c1n[nH]c(C2CCCCC2)n1,-0.685599684715271
guided,NNC(=O)c1cn2ccccc2n1,-1.3805104494094849
guided,O=[S@@]12=[O+][C@H]3CCCC[C@@H]3C(=[N+]1c1ccccc1)C[CH-]O2.[C-]#[N+]c1ccccc1.[H+].[O-2],-1.1577590703964233
guided,Cc1nc2ccccn2c1C(=O)NNC(=S)Nc1ccc(F)cc1,-1.3995766639709473
guided,Cn1c(SCC(=O)Nc2ccnn2C2CCCCC2)nnc1-c1cccs1,-0.8728006482124329
guided,C[C@H]1CN(C(=O)/C=C/c2ccco2)C[C@H](C)O1,-4.466225624084473
guided,COc1ccccc1CN1CCNC(=O)[C@H]1CC(=O)NCC(=O)c1ccc2ccccc2c1,-0.4268684387207031
guided,O=C(C/[S+]=c1\nc2ccccc2c([O-])n1Cc1ccco1)c1cc2ccccc2oc1=O,-0.562454879283905
guided,COc1cc2c(OC)ccc(OC)c2cc1OCCOc1ccc2ccccc2c1,-4.105175018310547
guided,NNC(=O)C(=O)NCCc1ccccn1,-0.9467491507530212
guided,CC(C)N(Cc1ccccc1)C(=S)NC(=O)c1ccccc1Br,-6.19297981262207
guided,Brc1ccc([C@H](Cc2nc3ccccc3[nH]2)Oc2cccc(Br)c2)cc1,-6.092629432678223
guided,Cn1nc(C(F)(F)F)c(C#N)c1N1CCN(c2ccc(F)cc2)CC1,-3.614126443862915
guided,Cc1cccc(-c2nc3nc(C)cc(C)n3n2)c1,-4.497446060180664
guided,O=C(C[C@@H]1C(=O)NCCN1C(=O)Nc1ccc(F)cc1)NC[C@@H]1CCCO1,-0.5683730244636536
guided,CN(CC(=O)NCCc1ccccc1)S(=O)(=O)c1ccc2c(c1)c(=O)n(C)c(=O)n2C,-0.5572267174720764
guided,CCOc1cccc(N2CCN(C(=O)c3cc(C)nn3-c3ccccc3)CC2)c1,-3.01271915435791
guided,Nc1ccccc1SCC(=O)Nc1ccccc1,-2.6900107860565186
guided,Cc1nc2ccccn2c1/C(O)=C1\C(=O)C(=O)N(CCN(C)C)[C@@H]1c1ccco1,-0.5457407236099243
guided,O[C@@](CN1CCCCC1)(c1ccccc1)c1ccccn1,-5.0905890464782715
guided,COc1ccc([C@@H]2[C@H]3C(=O)N(C(C)C)C(=O)[C@H]3ON2c2ccccc2)c(OC)c1OC,-0.9362106919288635
guided,Cc1cc(O[C@H](C)C(=O)NNC(=O)NC2CC2)cc(C)c1Cl,-0.9278815984725952
guided,COc1ccccc1N1CN(Cc2ccccc2)CNC1=S,-7.019439697265625
guided,CC(C)N(C(=O)Cn1nnc(-c2ccccc2)n1)C(C)C,-1.9322937726974487
guided,CCCCn1nnnc1SCC(=O)Nc1nc2ccccc2n1CC(N)=O,-0.7122841477394104
guided,CCO[C-]([O-])[C+]1[CH+][C][C+]([C+]2[CH+][CH-][CH+][N-][CH+]2)N1C[C-]([O-])OC(C)(C)C,-0.7881491780281067
guided,ClCCNc1nc(-c2ccccc2)c(-c2ccccc2)[nH]1,-4.593894958496094
guided,[O-][C+]1N[C-](O)CCN1[c+]1[cH-][cH+][cH-][cH+][cH-]1,-2.30957293510437
guided,O=C(NC(=S)NN1CCOCC1)c1cccc(N2C(=O)CCC2=O)c1,-0.5298784375190735
guided,CC(=O)c1ccc(Sc2cnc3ccccc3n2)cc1,-4.334081172943115
guided,CCCC[C@H]1CC[C@H](c2nc3ccccc3[nH]2)CC1,-6.917829513549805
guided,Oc1cccc(Nc2ccncc2C(F)(F)F)c1,-4.015466690063477
guided,S=C(c1ccc(N2CCCC2)cc1)N1CCOCC1,-9.735129356384277
guided,CSCCCNC(=O)c1ccc(OC2CCN(S(=O)(=O)N(C)C)CC2)cc1,-0.6976404190063477
guided,O=S(=O)(Nc1cccc(F)c1)c1ccc2nsnc2c1,-1.2730278968811035
guided,COc1ccc(CCN2C(=O)c3ccccc3[S+]=c3cc/c(=C(\[O-])NCc4ccccn4)cc32)cc1OC,-0.5049699544906616
guided,O=C(C1=C[C@@H](c2c[nH]c3ccccc23)C[C@@H](OCCCc2ccccn2)O1)N1CCOCC1,-0.6719650626182556
guided,O=C(CN1CCOCC1)c1ccc2cc[nH]c2c1,-3.8218228816986084
guided,CC[C@H](Sc1ncc(-c2nn(C)c(=O)c3ccccc23)c(N)n1)C(=O)N1CCCC1,-0.5509485602378845
guided,O=S(=O)(O)CCO,-1.9111137390136719
guided,NC(=O)CSc1nnnn1-c1ccc(F)c(Cl)c1,-0.9541535377502441
guided,CC(=O)c1sc(C(C)(C)C)cc1-n1cccc1,-8.412028312683105
guided,O=C(NNc1c(Cl)cc(Cl)cc1Cl)c1nn(-c2ccccc2)c(=O)c2ccccc12,-1.2408287525177002
guided,S=c1[nH]nc(-c2cccs2)n1/N=C/c1cccs1,-4.109307765960693
guided,Nc1cc(=O)[nH]c(SCC(=O)Nc2ccc(Cl)cc2)n1,-0.7926204204559326
guided,Clc1ccc(SCc2nc(-c3ccccc3)no2)cc1,-5.123992443084717
guided,Brc1ccc2nc(-c3cc(-c4ccccc4)n[nH]3)cn2c1,-3.9087612628936768
guided,O=c1c2ccccc2c(-c2ccc(Br)cc2)nn1C[C@@H](O)[C@@H](O)[C@@H](O)CCO,-0.4606242775917053
guided,COCCOC(=O)c1cc(Oc2ccccc2)c(=O)[nH]c1N,-0.6563889980316162
guided,O=C(CCCCCCC(=O)NCc1ccccc1)NCc1ccccc1,-2.087825298309326
guided,Cc1ccc(S[C@@H](C)C(=O)N(C)CCc2ccc(Oc3ccccc3)cc2C#N)cc1,-3.2753775119781494
guided,C/C(CC(=O)N[C@H]1CCCc2ccccc21)=N\NC(=O)c1ccncc1,-0.6062628626823425
guided,O=S(=O)(NCc1csc(-c2cccs2)n1)c1ccc2c(c1)OCCO2,-0.9363953471183777
guided,N[P+]([O-])([N-]OCCCN[c+]1[cH-][cH+][cH-][cH+][n-]1)N[C+]([O-])[c+]1[cH+][n-][cH-][cH+][cH-]1,-0.617117166519165
guided,COc1cc(S(=O)(=O)N2CCCCC2)c(OC)cc1Cl,-2.5724196434020996
guided,CCCC(O)(CCC)C(=O)NNC(=O)c1ccc(C)cc1,-0.8328645825386047
guided,CN1CCN(c2ccc(S(=O)(=O)Cc3ccc(Cl)cc3)cc2)CC1,-4.541632652282715
guided,CC(=O)c1ccc(C(C)=O)c(Oc2cc(Cl)c3cccnc3c2)c1,-2.7512893676757812
guided,CC[C@@H](C)Oc1cc(CNC(=O)c2cnccn2)cc(C)n1,-0.9646062254905701
guided,N#C/C(=C(/O)c1ccccc1F)c1ccccn1,-2.4697494506835938
guided,CC/C=C/CN(CCc1ccccc1)c1nc2c(c(=O)[nH]c(=O)n2C)n1CCOCC,-0.5725756883621216
guided,CCNC(=O)NC(=O)[C@@H](C)Sc1nc2ccccc2n1CC(C)C,-1.0567582845687866
guided,[O][C](N[C]([S])N[C]1[CH][C](N([O-])[O-])[CH][C]2[CH][C](O)[CH][CH][C]21)[C+]1[CH][CH][CH]S1,-0.7753373980522156
guided,COc1cc(OC)cc(N(Cc2cccc3cnccc23)C(=O)c2cccs2)c1,-3.2718591690063477
guided,CCOc1ccc(N(C)S(=O)(=O)c2cccnc2)cc1,-2.1548001766204834
guided,O=[N+]([O-])c1ccc(C(=S)N2CCN(C(c3ccccc3)c3ccccc3)CC2)cc1,-3.076281785964966
guided,OCCCc1cnc[nH]1,-3.8698410987854004
guided,O=C(O)c1ccc(CSc2nnnn2C2CCCCC2)cc1,-0.6690618395805359
guided,O=C(Nc1ccc2c(c1)OCO2)Nc1ccc2c(c1)nc1n2CCSC1,-0.812435507774353
guided,S=C(Nc1ccc(Cl)cc1Cl)Nc1ccccc1Oc1ccccc1,-7.121260643005371
guided,N#CCCCN1CCN(C(=S)c2cccs2)CC1,-6.521644592285156
guided,CCOc1ccc(N2C(=O)c3[nH]nc(C)c3[C@H]2c2cccc3ccccc23)cc1OCC,-1.703245759010315
guided,Cn1c(O)c(/C=N/Nc2ccccc2)c(=O)[nH]c1=O,-0.7777407169342041
guided,[NH][C]1[C](O)[C](Br)[CH][CH][C]1[C]1[N][C]([C-]2[CH][CH][CH][S+]2)[C][N+]1[O],-0.8836943507194519
guided,Cc1ccc(S(=O)(=O)NCCNC(=O)c2ccc(C)nc2)cc1,-0.674164891242981
guided,CCOc1ccccc1NC(=O)Nc1ccon1,-1.0384509563446045
guided,CCC(=O)NC1=C/C(=C(\N)[O-])C(CN2CCCC2=O)=[S+]1,-0.660908043384552
guided,COc1ccccc1C(=O)[C@H]1CCCN(C(=O)c2nc3ccc(Cl)cn3c2-c2nc3cc(Cl)ccc3o2)C1,-1.2674992084503174
guided,NC(=O)C1(N2CCCCC2)CCN(C(=O)NC2CCCCC2)CC1,-0.8498119115829468
guided,NS(=O)(=O)c1ccc(CC(=O)Nc2cccc(Cl)c2)cc1,-0.6538504958152771
guided,C/N=C1/C=NNC(=O)C1,-3.4741311073303223
guided,C=[N+](C)C.[O-]P(N1CCOCC1)N1CCOCC1,-3.388683319091797
guided,Brc1cnc(NCc2ccccc2)c(Br)c1,-7.814672470092773
guided,CC(=O)N[C@H](Cc1c[nH]c2ccccc12)C(=O)O,-0.7771040797233582
guided,Fc1ccc(CNC(=S)Nc2ccccc2C(F)(F)F)cc1,-7.978837966918945
guided,COc1ccc(/C=C/C(=O)N2C[C@H](C)C[C@H](C)C2)c(OC)c1OC,-3.510042667388916
guided,Nc1ccc([C@H](C[N+](=O)[O-])c2ccc(Br)cc2)cc1O,-0.559207022190094
guided,[O-][C+]1CC[C+]([O-])N1CCCN([c+]1[cH-][cH+][cH-][cH+][cH-]1)[S+]([O-])[O-],-0.4947851896286011
guided,Cc1c(C(=O)Nc2ccc3oc(-c4cc(F)c(F)cc4Cl)nc3c2)sc(N)c1C#N,-1.1785115003585815
guided,O=[N+]([O-])Nc1n[nH]c(-c2ccccc2)n1,-0.8600722551345825
guided,CN(C)CCNc1oc(-c2ccc(F)cc2)nc1C#N,-1.7545775175094604
guided,CCN(C)C(=O)Oc1ccc(NC=O)cc1,-2.362734794616699
guided,COc1ccc(-c2[nH]ncc2CN(C)CCn2c3ccccc3c3ccccc32)cc1F,-4.027949810028076
guided,[CH2-]O[C][C+](C)[C][CH+][c+]1[c-](O)[n-][cH+][c+](C)[c-]1[O-].[H+],-1.6668503284454346
guided,N#Cc1c(-c2ccccc2)n(-c2ccccc2)c(=S)n(-c2ccccn2)c1=O,-1.8473916053771973
guided,COc1cc2oc(=O)cc(C)c2cc1OCCNC(=O)C(c1ccccc1)c1ccccc1,-0.7041281461715698
guided,O=[N+]([O-])c1cc(S(=O)(=O)N2CCOCC2)ccc1NCCCN1CCN(S(=O)(=O)c2ccccc2F)CC1,-0.39635181427001953
guided,CCCCC(C(=O)OCC)(C(=O)OCC)C(=O)OCC,-1.1151784658432007
guided,O=C1C(=O)N(CCCn2ccnc2)[C@@H](c2ccnc3cc(C4CCCCC4)nn23)/C1=C(/O)c1ccc(O)cc1,-0.4266168177127838
guided,[CH2+]CCCC[CH-]C[C+]1[C]S[C+](N)[C+]1[C-](N)[O-],-1.1600979566574097
guided,Cn1c2ccccc2n2c(=O)c(=O)n(Cc3ccc(F)cc3)nc12,-2.0710530281066895
guided,CO[C]([O])C[N][CH][C]1[N]N([C]2[CH][CH][C](Cl)[C](N([O-])[O-])[CH]2)[C+]([O])N1O,-0.8083303570747375
guided,O=C(CCOc1ccccc1)Nc1ccc(S(=O)(=O)N2CCCC2)cc1,-0.8274357914924622
guided,COc1ccc(NC(=O)c2ccc(F)c(S(=O)(=O)N3CCCCC3)c2)c(OC)c1OC,-0.5310356616973877
guided,COc1ccc(Br)cc1C(=O)Nc1cc(C)cc(Sc2cccs2)c1C,-6.224465847015381
guided,[O-][C+](O)CN1[c-]2[n-][cH+][cH+][n-][c+]2[N-]C1[c+]1[cH-][cH+][c-]2[cH+][cH-][cH+][cH-][c+]2[cH-]1,-0.5373975038528442
guided,C[C@H]1O[C@@H](Nc2ccc3c(c2)OCCO3)[C@@H](O)[C@@H](O)[C@@H]1O,-0.7544652223587036
guided,COCC(=O)N1CCN(c2ccc(OC)cc2)CC1,-4.429592609405518
guided,O=C(Nc1ccccc1)NC1(C(=O)NCc2ccccc2)CCCCC1,-1.0802865028381348
guided,COc1cc2cccnc2cc1OC,-6.495651721954346
guided,Cc1cccc(C(=O)NS(=O)(=O)c2ccccc2)c1,-1.8860578536987305
guided,O=C(Nc1ccc2c(OCc3nnc(-c4ccccc4)o3)ccnc2c1)c1cccs1,-0.8276888132095337
guided,COc1cccc(OCCOCCN(C)CCO)c1,-3.0929133892059326
guided,CC(=O)/[C-]=C(\C)[NH+]=C=C/C=C1\N(C#[O+])OC2=C3C=CC=C[C-]3C=CN21,-1.5453786849975586
guided,COc1ccccc1C(=O)NCc1ccco1,-3.158820629119873
guided,COCCn1c(=O)[nH]c2cc(C(=O)OC)ccc2c1=O,-0.6948668956756592
guided,COc1cc([N+](=O)[O-])ccc1NC(=O)[C@@H]1[C@@H](C(=O)O)[C@@H]2C=C[C@H]1O2,-0.6657612919807434
guided,O=S(=O)=[N+](Cc1c(OCc2ccccc2)ccc2ccccc12)C(/C=C/c1ccccc1)=C(/[O-])NCc1ccccc1,-1.3206255435943604
guided,O=C(N1CCCC1)N1CCN(S(=O)(=O)c2ccc(F)cc2)CC1,-1.939795732498169
guided,O=c1[nH]nc(Cc2ccccc2)n1-c1ccc(OC(F)F)cc1,-2.1092708110809326
guided,CO[C@H]1O[C@@H](C(=O)O)[C@@H](O)[C@@H](O)[C@H]1O,-1.2204092741012573
guided,CC(=O)/C(=N\Nc1ccc(C(=O)NCCCn2ccnc2)cc1)Sc1ccccc1F,-0.6269065141677856
guided,COc1ccc(Cl)cc1NS(=O)(=O)c1ccc(Cl)cc1Cl,-2.792104959487915
guided,C[C@@H]1CCCC[C@H]1NC(=O)[C@@H](C)OC(=O)c1nsc(Cl)c1Cl,-1.5341784954071045
guided,COCCN[C]([O])[C][C](N)[NH+][N][CH][C]1[CH][CH][CH][CH][N]1,-0.8492358326911926
guided,C[C@@H]1CCC[C@H](C)N1C/C=N/Cc1ccc2c(c1)OCO2,-5.774248123168945
guided,O=C(NCc1ccccn1)C1CC1,-4.622876167297363
guided,COCCCNC(=O)[C@@H]1OC(=O)c2ccccc21,-1.6939724683761597
guided,O=C(N/N=C/c1ccncc1)N[C@]12C[C@H]3C[C@H](C[C@H](C3)C1)C2,-1.5333033800125122
guided,CC/N=C1\S[C@@H](CC(=O)O)C(=O)N1Cc1cccs1,-1.4089819192886353
guided,Cc1nn(Cc2ccccc2)c(C)c1S(=O)(=O)N1CCN(C)CC1,-2.2793424129486084
guided,COc1cc2nccc(-c3ccc(C)cc3)c2cc1OC,-6.385427951812744
guided,CCOc1ccccc1NC(=O)CC(C)C,-5.166427135467529
guided,COCCCN(c1ccccc1)c1nc(=S)[nH]c2cc(OC)c(OC)cc12,-2.1200249195098877
guided,CCOC(=O)c1c(S(=O)(=O)N(C)CC(=O)OC)c(C)n(C)c1C,-0.9884243607521057
guided,S=c1[nH]nc(CN2CCCCC2)n1-c1ccc(Cl)cc1,-5.23532247543335
guided,Cc1nnc(SCc2cccc(Oc3ccccc3)c2)s1,-5.790067672729492
guided,[H]/N=C(\N)NCCN1C(=O)c2oc3ccccc3c(=O)c2[C@@H]1c1ccccc1,-0.545602560043335
guided,NC(=O)Nc1ccc(S(=O)(=O)N2CCCCC2)cc1,-0.5598388910293579
guided,NS(=O)(=O)c1ccc(NS(=O)(=O)c2cccc(C(=O)O)c2)cc1,-0.644376814365387
guided,CC(=O)c1c(CCc2ccccc2)oc2ccc(O)c(CN(C)C)c12,-2.7681214809417725
guided,COc1ccc(S(=O)(=O)N(CC(=O)NCc2ccc3c(c2)OCO3)c2ccccc2OC)cc1,-0.5446327328681946
guided,O=C(Nc1c(-c2cccnc2)nc2ccccn12)c1cccs1,-2.244779109954834
guided,CN(C)c1ccc(CN2CCC(Oc3ccc4ccccc4c3)CC2)cc1,-9.660534858703613
guided,O=C(CCS(=O)(=O)c1cc(Cl)ccc1Cl)NC1CC1,-1.8491631746292114
guided,NOCc1nc2ccccc2n1Cc1ccccc1,-2.858388662338257
guided,CCOC(=O)c1cn[nH]c1-c1cccc2ccc(F)cc12,-2.6571643352508545
guided,S=C(NCCOc1ccccc1)N1CCOCC1,-5.863612651824951
guided,CCn1[cH-][c+]([C+]([O-])OC)[c-]([N-][C+]2[C+](O[c-]3[cH+][cH-][cH+][cH-][cH+]3)[CH-][CH+][c-]3[cH+][cH-][cH+][cH-][c+]32)[cH-][c-]1C.[H+],-2.0939126014709473
guided,Nn1cnc2cc(NC(=O)CSc3ncn[nH]3)ccc2c1=O,-0.77158522605896
guided,CCN(C1CCCCC1)S(=O)(=O)c1cc(F)ccc1OC,-3.6773622035980225
guided,CCCn1c(/C=C/N2CCC(C(=O)N3CCN(c4ccccc4F)CC3)CC2)nc2ccccc21,-3.813706636428833
guided,CCCOC(=O)C1=C(C)Nc2nnnn2[C@H]1c1cccs1,-0.8929405808448792
guided,Nc1ccc(S(=O)(=O)N2CCOCC2)cc1Cl,-1.2222790718078613
guided,C/C(CCCO)=N\NC(=O)C1CC1,-2.294351100921631
guided,O=C(O)c1cnc(SC2(c3ccc4ccccc4c3)CCCCC2)nc1,-1.8476428985595703
guided,CCN(CC)CCc1ccc(OCC(=O)N[C@H]2CCCc3ccccc32)c(OC)c1,-3.029517412185669
guided,CCN([CH][CH][C]([O])[C]1[CH][CH][CH][C](N([O-])[O-])[CH]1)CCS([O])([O])[C+]1[CH][CH][CH][CH][CH]1,-0.6750733256340027
guided,CCOC(=O)N1CCN(C(=O)C/[S+]=c2\nc3c(c([O-])n2-c2ccccc2)SCC3)CC1,-0.47357702255249023
guided,Cc1cc(C)c([N+](=O)[O-])cc1C(=O)Cc1ccccc1,-2.0707976818084717
guided,CC(F)OC1CC[C-]([S-])[N-]C1(OC1CCCC[C+]1[O-])[C+]([NH-])O.[H+].[H+],-0.7955377697944641
guided,COc1ccc(-c2c(O)n(C)c3ccccc3c2=O)cc1,-3.023082733154297
guided,CCOc1ccccc1OCCSc1nc(C)c(C)c(C)n1,-4.240123271942139
guided,CCCN1CCC(NCCCN(C)C)CC1,-9.262564659118652
guided,CCNC(=S)N1CCC[C@@H](C(N)=O)C1,-2.5666916370391846
guided,[C-4].[CH-][CH][CH+][CH2].[CH-][O+][C](NC([CH2+])(C)CC[CH-]CC[C]([O])N(C)C)[C]1[N+][N+][C]2CCCC[C]21.[H+],-1.1635509729385376
guided,[H+].[H]/N=c1/[n-]nc2n1C(=O)CCC2,-1.638238787651062
guided,CN(C)C(/C=C/Nc1ccc(O)cc1)=C(C#N)C#N,-0.8262794017791748
guided,S=c1[nH]nc(-c2cccs2)n1/N=C/c1ccccc1Cl,-4.043362617492676
guided,NNC(=O)CCc1ccccc1,-2.8734488487243652
guided,NNC(=O)c1c2c(nc3ccc(Br)cc13)CCCC2,-1.449996829032898
guided,O/N=C(\c1cccc(Cl)c1Cl)[C@@H]1C[C@H]1c1ccccc1,-6.219553470611572
guided,COc1ccc(-c2nnco2)cc1COc1ccccc1,-2.4220774173736572
guided,OCc1cnn(Cc2ccccc2)c1Cl,-5.244262218475342
guided,CN(C)[C]1[CH][CH][CH][C](O[N][CH+]C2CCCC(C[CH][CH][C]3[CH][CH][CH][CH][CH]3)C2)[C]1N([O-])[O-],-1.1159931421279907
guided,Brc1ccc(N/N=c2/[n-]c(COc3ccccc3)cs2)cc1.[H+],-3.65356707572937
guided,CCN1CCN(/C=C2/SC(=S)N(CC)C2=O)CC1,-7.410722255706787
guided,CC(C)(C)c1cc([C@H]2[N-]C=C[C@@]2(CCC(=O)O)C(=O)O)ccc1O.[H+],-0.4748455882072449
guided,O=S(=O)(c1ccccc1)c1nc(-c2ccco2)oc1NCCc1ccccn1,-0.6323733329772949
guided,CN[C-]([S-])[C+]([c+]1[cH-][cH+][cH-][cH+][cH-]1)N1CCN(C)CC1,-9.097330093383789
guided,CCNS(=O)(=O)c1ccc(CCC(=O)O)cc1,-0.7892511487007141
guided,CCOc1ncccc1C(=O)N[C@H](C(=O)OC)C(=O)N1CCCC1,-0.5875163674354553
guided,COCCN(C(=O)CSc1nccn1C)c1ccc(C)cc1,-3.6435930728912354
guided,N#C[C@H](C(=O)OC1CCCCC1)c1nc2ccccc2nc1NCc1ccc(C(F)(F)F)nc1,-0.7552303671836853
guided,N/C(=N/NC(=S)Nc1ccc(S(N)(=O)=O)cc1)c1ccccc1,-0.7985069751739502
guided,C/C=C\c1cc(SCC(=O)N/C(=C\C(=O)OCCCC(=O)OC)c2ccco2)n2cnnc2n1,-0.6050054430961609
guided,[N-2][C][C+](C[S+2]([O-])([O-])[C+]1[CH+][CH-][CH+][CH-][CH+]1)[S+2]([O-])([O-])[c-]1[cH+][cH-][cH+][cH-][cH+]1,-0.4454423487186432
guided,O=C(NC[C@@H](O)CO)c1cn(Cc2ccccc2)c(C2CCCCC2)n1,-0.4231567978858948
guided,Nc1c(-c2ccccc2)ncn1-c1nc(Cl)ccc1Cl,-2.5817573070526123
guided,[CH2+][C-](C)[N-]N[C+]([O-])CC[C+]([O-])N(C[C-]([O-])NCC1CCCO1)[C+]1[CH+][CH-][C+](Cl)[C-](Cl)[CH+]1,-0.753486692905426
guided,C[C@H](CN1CCCC1)OC(=O)C1CCCCC1,-6.858057975769043
guided,[H+].[H]/N=C1C(=[C-]/c2ccc(SC)cc2)/CNc2ncnn2/1,-1.6222233772277832
guided,Cn1nnnc1SCC(=O)N1CCCC1,-2.02925443649292
guided,S=C(c1ccccc1)N1CCN(c2ccccc2)CC1,-12.098183631896973
guided,COc1ccc(C(=O)NNC(=S)NC(=O)c2ccc(Cl)cc2)cc1Br,-0.9790897369384766
guided,O=S1(=O)CC[C@H](N(Cc2ccccc2)S(=O)(=O)c2c(Cl)cccc2Cl)C1,-1.1337770223617554
guided,Cn1c2c(c(=O)[nH]c1=O)[C@H](NS(=O)(=O)c1ccccc1)C(=O)N2,-0.8725276589393616
guided,COc1ccc(OCc2nnc(SCC(=O)NC3CCCCC3)n2-c2ccc(F)cc2)cc1,-0.782179057598114
guided,CCN1C(=O)[C@H](C(=O)c2ccc(OC)cc2)SC1=S,-3.8297955989837646
guided,Cc1cc(-c2ccccn2)ccc1NC(=O)COc1ccccc1C,-3.0864217281341553
guided,Cc1ccccc1C(=O)NCCNC(=O)c1ccccc1C,-2.2795443534851074
guided,NC(=O)c1cc(S(N)(=O)=O)ccc1OCCC[C@@H](C(=O)O)c1ccc(C#CC2(O)CCCCC2)cc1,-0.41576865315437317
guided,[O-][c+]1[cH-][c+](-[c+]2[cH-][cH+][cH-][cH+][cH-]2)n(C[c+]2[cH-][cH+][cH-][c+](Cl)[cH-]2)[n-]1,-4.384200572967529
guided,O/N=C1/CC[C@@H]([C@@H]2C=CCCC2)C1,-6.21334981918335
guided,CCOc1ccc(OCC)c(S(=O)(=O)NCCN2CCOCC2)c1,-0.8293232321739197
guided,CCC/[S+]=c1/nc2c(cnn2-c2ccccc2)c([O-])[nH]1,-1.3566564321517944
guided,N[C@H](Cc1cnccn1)c1cccc(OCc2ccc(Cl)cc2)c1,-1.9334557056427002
guided,C[C@@H](OC(=O)Cc1cccc(C(F)(F)F)c1)C(=O)Nc1ccc(Cl)cn1,-1.47719144821167
guided,[H]/N=c1\c(=C\c2ccc(OS(=O)(=O)c3ccc(C)cc3)c(OC)c2)c([O-])nc2[s+]nc(S(C)(=O)=O)n12,-0.7192577719688416
guided,O=S(=O)(c1ccc(-c2c[nH]c3ccccc23)cc1)N1CCN=C1SCc1cccnc1,-0.7452058792114258
guided,O=C(/C=C/c1ccc(O)cc1)c1coc2ccccc12,-3.173949956893921
guided,Clc1ccc(Br)cc1CNn1cnnc1,-4.605358123779297
guided,Cc1ccc[c-]c1Oc1ccnc(C)c1C(=O)N1CCc2ccccc2C1.[H+],-4.308376312255859
guided,CCOC(=O)[C@@](NC(=O)c1c(F)cccc1Cl)(NC1=N/C(=C2/C=C([O-])Oc3ccccc32)C=[S+]1)C(F)(F)F,-0.7107879519462585
guided,CCn1c(SCC(=O)Nc2ccc(NC(=O)c3ccccc3)cc2F)nnc1[C@@H](CCCl)N(C)C,-0.6057529449462891
guided,OCC[C@H]1CN(Cc2ccccc2-c2ccccc2)CCN1CCc1ccccc1,-6.947940349578857
guided,C/C=C/N(CCCC)c1cc(S(=O)(=O)Nc2ccccc2OC)ccc1NC(=O)c1ccc(C)o1,-1.0421918630599976
guided,COc1cc(/C=C/c2ccc3ccccc3n2)cc(Br)c1O,-4.495460510253906
guided,CCC(=O)O[C@@H]1C[C@H](C)ON(C(=O)C2CCN(c3ccc(OC)cc3)CC2)C1,-1.2587519884109497
guided,Brc1ccc(CNc2nc(-c3cccc(Br)c3)cs2)cc1,-8.35527515411377
guided,CC(=O)N1CCc2cc(S(=O)(=O)N[C@@H](Cc3ccccc3)C(=O)Nc3cc(C)ccn3)ccc21,-0.556770384311676
guided,CN(C(=S)Nc1ccc2ccccc2c1)c1ccccc1,-9.955061912536621
guided,C=CCn1c(-c2csc3ccccc23)n[nH]c1=S,-6.008242607116699
guided,CCCCNCc1ccc(OCC(N)=O)c(Cl)c1,-1.7860283851623535
guided,C[C@@H]1CN(CCOc2ccc([N+](=O)[O-])cc2)C[C@H](C)O1,-1.6749969720840454
guided,O=C(NC1CCCCCCC1)c1ccc(Cl)c(S(=O)(=O)N2CCCC2)c1,-1.3990418910980225
guided,CCN1C=CC([C@H](c2ccccc2F)c2c(O)nc(SC)n(-c3ccccc3C)c2=O)=C(C)C1,-2.5096614360809326
guided,CCO/[C-]=C(/C=C\C#[O+])\C=C\C1=CC2=C(Cl)C(=O)[C@](C)(OC(C)=O)C(=O)C2=CO1,-0.633456826210022
guided,CCC(=O)N1CCCc2cc(S(=O)(=O)N3CCCCC3)ccc21,-2.245389223098755
guided,O=C(c1ccco1)N1CCN(c2ncccn2)CC1,-1.8730130195617676
guided,COc1ccc(N2CCN(C(=O)c3cccs3)CC2)c([N+](=O)[O-])c1,-0.8462648391723633
guided,CC[C@](O)(Cc1ccccc1)c1ccc(Oc2ccc(C#N)cc2)cc1,-2.9071245193481445
guided,CCCn1nnc(NC(=O)c2cccs2)n1,-1.3682266473770142
guided,NC(=O)[C@H]1CCCN1c1ccc(N)cc1Cl,-1.2072815895080566
guided,O=C(N[C@@H]1CCCc2c1cnn2-c1ccc(F)cc1F)c1ccco1,-2.049583911895752
guided,CC(C)C(=O)Nc1cccc(NC(=O)c2cccs2)c1,-2.3214781284332275
guided,CCOC(=O)c1[c-]nc(SC)nc1Oc1cccc(NS(=O)(=O)c2ccccc2)c1.[H+],-0.6423378586769104
guided,[NH-]n1[c+](O)[n-][n-][c+](C[C+]([O-])O)[c+]1[O-],-1.155245304107666
guided,Cc1cc(C)n(C(=O)c2cc3nc(-c4ccc(Cl)cc4)cc(C(F)(F)F)n3n2)n1,-1.8685426712036133
guided,O=C(NCc1ccc(Cl)cc1)NCc1ccc(F)c(F)c1,-4.677607536315918
guided,Cn1ccnc1CN1CCCC[C@H]1C(=O)Nc1ccc(Oc2cccnc2)cc1,-0.9260554909706116
guided,O=c1oc2ccccc2cc1CNc1ccccc1SCc1cnc(Cl)s1,-3.135810136795044
guided,O=S(=O)(N/C(=N\Cc1ccco1)c1ccccc1)c1ccccc1,-1.1881084442138672
guided,Brc1ccc(-c2ccc(CNCc3ccccn3)o2)cc1,-5.109555244445801
guided,CCn1c2ccccc2c2cnn(CC(=O)N3CCCC[C@H]3C)c(=O)c21,-1.9527807235717773
guided,Clc1nnc(Oc2ccccc2)c2ccccc12,-5.697594165802002
guided,O=C(Cn1nnc2ccccc2c1=O)Nc1ccccc1-c1ccccc1,-0.8457068800926208
guided,COc1ccc(N(CC(=O)NC2CCCC2)C(=O)C2=C(N)/C(=C(/N)[O-])N=[S+]2)cc1OC,-0.5670776963233948
guided,C[C]1[CH][CH][C](S([O])([O])N2CC[C]3[CH][C](S([O])([O])NCC[C]OC4CCCCC4)[CH][CH][C]32)[CH][C]1C.[H+],-1.202651023864746
guided,COCOC(=O)/C=C/c1cccc2ccccc12,-5.528738975524902
guided,FC(F)(F)COc1ccc(-n2ccnc2)nn1,-3.228658676147461
guided,CO[C@H](/C=C1/CCC(=O)c2ccccc21)c1ccccc1,-7.255735397338867
guided,O=c1[nH][nH]c(C(F)(F)F)c1[C@@H](c1ccccc1)c1ccc(F)cc1,-3.4516539573669434
guided,Clc1ccc(SCNc2ccccc2Cl)cc1,-11.080729484558105
guided,[H]/N=C(\C)NCc1ccco1,-3.9390997886657715
guided,NCC1(CC(=O)O)CCCCC1,-1.9992907047271729
guided,COc1ccc(-c2cc(C(=O)N(C)Cc3ccccc3C)[nH]n2)cc1OC,-1.4643036127090454
guided,COc1cc2c(cc1C)CCN(C(=S)Nc1ccccc1)C2,-7.737209320068359
guided,CCC(=O)O[C@H](/C=C/c1ccc(F)cc1)C(=O)NCc1cccs1,-2.559539794921875
guided,COc1ccc(/C=N/NC(=O)c2cc3ccccc3cc2O)cc1OC,-0.7659424543380737
guided,COc1ccc2cc3cc(C(=O)N[C@@H](C)CCc4ccccc4)oc3nc2c1,-1.7280164957046509
guided,O=C(Cn1cc2c(n1)CCCCC2)NCc1cccnc1,-2.109985828399658
guided,COC(C)[C-](O)[C+]([CH+][O-])OC1(C)O[C-]2[C+]([C+]1[O-])[c-]1[cH+][cH-][cH+][cH-][c+]1[C-]1[CH+][N-][CH+][CH-]N21,-0.5756005048751831
guided,O=S(=O)(N1CCOCC1)N1CCOCC1,-2.5401597023010254
guided,[CH2][C]([C]C([CH2+])C[C][N+]N[C]([O])[C]1[CH][C-]2[S+][CH][CH][C]2N1)OCC[CH2-],-1.7025480270385742
guided,CCSc1ccc(CN(C)[C@H](C)C(=O)Nc2cccc(N(C)S(C)(=O)=O)c2)cc1,-1.3023306131362915
guided,Cc1ccccc1C(=O)Nc1ccc(-c2c(C)[nH]c3ccccc23)cc1,-4.444629669189453
guided,O=C(NNS(=O)(=O)c1ccccc1)C1CCN(Cc2ccccc2)CC1,-0.6859980225563049
guided,COc1ccc(C(=O)NNC(=S)Nc2ccc(Cl)cc2)cc1,-2.0315864086151123
guided,NS(=O)(=O)c1ccc(CCNC(=O)COc2ccc(Cl)cc2)cc1,-0.6478193998336792
guided,NC(=O)Nc1ccccc1NC(=O)CN1CCC/C1=[C+](\[C][O-])[N+](=O)[O-],-0.5286968350410461
guided,O=C(NNC(=O)c1cc(C2CCCCC2)nn1Cc1ccccc1)c1ccccc1O,-0.423206090927124
guided,COc1ccc([N+](=O)[O-])cc1C(=O)[C@@H](OC(=O)CN1C(=O)c2ccccc2C1=O)c1ccccc1,-0.5320706963539124
guided,CO[C-]1[CH+][C-](O)[CH+][C-](C(O)C(C)(O)CC(C)C)C1[C+](C)[O-],-0.8508816957473755
guided,O=C(c1nnc(-c2ccccc2)o1)c1cccc2ccccc12,-2.578869104385376
guided,O=C(NN1C(=O)[C@@H]2[C@H](C1=O)[C@@H](c1ccc(Cl)cc1)C=C[C@H]2c1ccncc1)c1ccc(F)cc1,-0.8437988758087158
guided,Fc1ccccc1N1CCN(c2cccc3nsnc23)CC1,-6.123575687408447
guided,Cc1ccccc1NC(=O)NC[C@H](C)O,-2.130136728286743
guided,O=C(/C=C/c1ccccc1)NS(=O)(=O)c1ccc(F)cc1,-1.8487052917480469
guided,COc1ccc(CCNC(=O)c2cc(S(=O)(=O)N(C)Cc3ccccc3)c[nH]2)cc1OC,-0.5954341292381287
guided,C/C(=N\NC(=O)c1c[nH]c2ccccc12)c1ccc2ccccc2n1,-1.3241450786590576
guided,Fc1ccc(-c2cc(C(F)(F)F)nc(N3CCOCC3)n2)cc1,-5.039312362670898
guided,Nn1cnnc1N/N=C/c1ccc(-c2ccccc2[N+](=O)[O-])o1,-0.6494520306587219
guided,O=C(c1ccccc1)c1ncc(-c2ccccc2)n1-c1ccccc1,-5.748337745666504
guided,[C-3][C+]1[C+](CS[C+]2[N-][N-][N-]N2C)[N-][c+]2[n-][cH+][cH+][cH-]n21,-1.1375691890716553
guided,Cn1c2c(c(=O)[nH]c1=O)[CH-]c1ccc[s@SP1+]1O2,-1.9994863271713257
guided,CCOc1cc2c(cc1OCC)-n1cccc1[C@@H](c1ccc(OC)c(OC)c1)NC2,-2.7195043563842773
guided,Clc1cnc2nc(SC/C=C/c3ccccc3)[nH]c2c1,-4.609185695648193
guided,C=[N+]1CCCCC1.C=[PH+][O-].[CH2-]OC,-6.1647562980651855
guided,O=C(N/N=C/c1cccc(O)c1)[C@H](O)c1ccccc1,-0.6812756657600403
guided,O=C(c1ccc(COc2ccc([N+](=O)[O-])cc2)o1)N1CCCC1,-0.540692150592804
guided,Fc1ccccc1[C@H]1CCN(Cc2nc(CC3CC3)no2)C1,-4.400820732116699
guided,[CH2+]CCCC/N=c1/cc[c-]([N+](=O)[O-])c(N2CCCCCC2)c1,-2.131309747695923
guided,COc1cc(S(=O)(=O)NCc2ccncc2)ccc1Cl,-1.5283859968185425
guided,S=C(NC1CCCC1)N1CCN(C(c2ccccc2)c2ccccc2)CC1,-8.82887077331543
guided,N#CN(/C(N)=N\c1cccnc1)c1ccc2c(c1)OCO2,-0.7332302331924438
guided,Cn1nnc(NC(=S)NC(=O)c2ccccc2)n1,-0.9134153723716736
guided,Fc1ccc(Nc2ccccc2P(=S)(N2CCOCC2)N2CCOCC2)cc1,-5.035654067993164
guided,FC(F)(F)c1nnc(Nc2ccc(C3=NCCN3)cc2)s1,-2.057257652282715
guided,COc1cccc(-c2nc(CS(=O)(=O)CC(=O)NCCc3ccc(OC)c(OC)c3)c(C)o2)c1,-0.5522410869598389
guided,[CH2+]C(C[C+]([O-])NC[c+]1[cH-][cH+][cH-]o1)(CC(O)C(C)CC[C+]1[CH+][CH+][CH-][c+]2[cH-][cH+][cH-][cH+][c-]21)[N-][C-](C)[O-].[H+],-0.451715886592865
guided,CC(=O)c1ccc(-n2nnnc2SCC(=O)Nc2cccnc2Cl)cc1,-0.705233097076416
guided,COc1ccccc1OCCN1CCC(Cc2ccccc2)CC1,-8.077899932861328
guided,O=[N+]([O-])c1cccc2c(Sc3nnnn3-c3ccccc3)cccc12,-0.6456116437911987
guided,CC(C)c1nc2c(c(=O)c3ccccc3n2C)c(=O)n1CCc1ccccc1,-2.4336979389190674
guided,COC(=O)C1=C2C(O)=Cc3c(C(=O)OC)cc(OC)cc3C23O[C@H]13,-0.6683000326156616
guided,N[C]([O])CCCN(C[C+]([O])[C]1[CH][CH][CH][CH][CH]1)[C]1[CH][C](N2CCOCC2)[CH][CH][C]1N([O-])[O-],-0.7595914602279663
guided,[CH][N-][C+]1[C][CH+][C-]([c-]2[cH+][c-](NC[c+]3[cH-][cH+][c-](OC)[cH+][cH-]3)[c+](C)[c+](O)[n-]2)[CH+][CH-]1.[H+].[H+].[H+],-1.1932132244110107
guided,CCCCCOc1cc(C(=O)Nc2ccccc2C(=O)O)ccc1OC,-0.501710057258606
guided,CCC[C@H](C)C(=O)OCC(=O)c1ccccc1,-4.281955242156982
guided,[H+].[O][C](CCl)[C]1[C](Cl)[CH][CH][CH][C]1O[C]N[C]1[CH][CH][CH][CH][CH]1,-4.77210807800293
guided,OC1(c2cccc(C(F)(F)F)c2)CCN(CCc2ccccc2)CC1,-7.79078483581543
guided,FC(F)(F)c1cnc(N2CCN(c3ccccc3)CC2)c(Cl)c1,-8.864400863647461
guided,COC(=O)CCC(=O)COc1ccc(Oc2ccc(F)cc2)cc1C#N,-0.6243383288383484
guided,CC1=NCCN1S(=O)(=O)c1ccccc1,-3.473175525665283
guided,O,-5.0
guided,NNC(=O)[C@H]1[C@@H]2CCCC[C@@H]21,-3.01953387260437
guided,Cl[c-]1[cH+][cH+]n2[c+]([CH-]OC3CCCCC3)[n-][n-][c-]2[cH+]1,-4.4758453369140625
guided,Clc1ccccc1Cn1cc(CN2CCOCC2)c2ccccc21,-9.171714782714844
guided,COCCCCCN[C-]([O-])[C+]([C][N-2])N[O-].[H+],-0.8479157090187073
guided,NN[C-]([O-])[c+]1s[c-]([S-])n2[c+]1[NH2+]CCCCCCCCC2,-0.7809171080589294
guided,C[O+][C]1[CH][CH][C][C](NN[CH][C]2[C]([O])N[C]([S])N(C[C]3[CH][CH][CH-][O+]3)[C]2[O])[CH]1,-0.8043508529663086
guided,O=C(NCCCN1CCOCC1)c1ccc(=O)oc1,-1.0717542171478271
guided,O=C(Nc1nc(-c2ccccc2)cs1)c1cccs1,-4.542034149169922
guided,O=[N+]([O-])c1ccccc1NCc1ccco1,-1.458544135093689
guided,N#CC(/C=N/c1nc2ccccc2n1-c1ccccc1)=N\Nc1ccc(C(N)=O)cc1,-0.6514261364936829
guided,CC(=O)c1c(C)[nH]c(C(=O)OCc2cc(=O)oc3cc(O)ccc23)c1C,-0.7390209436416626
guided,O=C(CN1CCCCC1)c1ccc(Cl)cc1,-8.627622604370117
guided,NNC(=O)/C=C/c1ccc(Br)cc1,-2.8283331394195557
guided,O=C(c1cccnc1)N1CCN=C1SCc1cccnc1,-2.2693309783935547
guided,OCC1OC(O[CH-]OC2[CH-][OH+]CC(O)C2O)C(O)C(O)C1O,-0.8880456686019897
guided,Fc1ccc(N2CCN(c3ncnc4c3cnn4Cc3ccco3)CC2)cc1,-1.7044655084609985
guided,[O-][C+]1CN([c+]2[cH-][cH+][cH-][cH+][cH-]2)[C+]([O-])[N-]CN1,-1.0155940055847168
guided,NS(=O)(=O)c1ccc(CCN2C(=O)CCC2=O)cc1,-0.7260807156562805
guided,COCCNC(=S)NN=C1CCCCCC1,-4.193350315093994
guided,CCC(=O)Oc1cccc(C(=O)Nc2ccc3c(c2)OCO3)c1,-0.9890299439430237
guided,CSc1nc(NC[C@H](C)O)c2c3c(sc2n1)CN(C)CC3,-2.190929412841797
guided,Cc1ccc(NC(=O)C#CC/C=C2/N=C3CCCCC3=C(CC(C)C)[N-]2)nc1.[H+],-1.6909475326538086
guided,O=C(O)c1cnc(-c2ccccc2)nc1C(F)(F)F,-1.9409443140029907
guided,CCCN1CCN=C1c1ccc(OC)cc1,-7.685098171234131
guided,NS(=O)(=O)c1ccc2ccccc2c1,-2.1971476078033447
guided,COCCCn1c(SCc2cccs2)nnc1-c1ccccc1,-4.791870594024658
guided,COc1cnc(C[S@@+]([O-])c2ccccc2)cc1OC,-2.737718105316162
guided,Cn1c(NC[C@@H](O)c2ccc([N+](=O)[O-])cc2)nnc1-c1cnn(-c2ccccc2)n1,-0.6012907028198242
guided,O=S(=O)(c1ccccc1)c1nc(OCC(F)(F)F)cc(C(F)(F)F)n1,-1.5307930707931519
guided,Cc1oc(-c2ccccc2Cl)cc1C(=O)NCCCn1ccnc1,-2.074840784072876
guided,CCCn1cc(SCc2nc3ccccc3[nH]2)c2ccccc21,-6.098674774169922
guided,COc1cc2ccccc2cc1C(=O)Nc1nccs1,-3.1851084232330322
guided,N#C/C(=C\NN)c1n[nH]c(=S)n1-c1ccc(Cl)cc1,-0.8578200340270996
guided,O=C1c2ccccc2CC[C@H]1Cc1ccccc1,-9.336036682128906
guided,Cc1cccc(NS(=O)(=O)c2cc3c4c(c2)CC(=O)N4CCC3)c1C,-1.4386829137802124
guided,CC(C)Cn1c(-c2nc(C(C)C)no2)nc2c1c(=O)n(C)c(=O)n2C,-0.9541246891021729
guided,CCOC(=O)Cn1c(=O)oc2cc(S(=O)(=O)Nc3ccc(C)cc3)ccc21,-0.6423880457878113
guided,O=C(O)[C@@H]1CCCCN1C(=O)N1CCN(C(=O)c2cccc(Br)c2)CC1,-0.577547013759613
guided,NNC(=O)Nc1nn(-c2ccccc2)c(=S)n1-c1ccc(Cl)cc1,-0.7360460758209229
guided,O=[N+]([O-])c1cccc(CC[S@+]([O-])NCc2ccco2)c1,-0.6369193196296692
guided,CCO[C-]([O-])[C+]1[C+](C)N[C-](N[C-]([O-])N2[C+]([O-])CSC2(C)C)[C+]1C.[H+],-0.9510425329208374
guided,COCC(=O)Nc1ccccc1C(=O)O,-1.0512967109680176
guided,Cc1cc(Nc2ccc(-c3ccc(OC(C)(C)C)cc3)nn2)ccc1S(N)(=O)=O,-0.6843015551567078
guided,CCOC(=O)N/N=C/c1c(SCc2ccc(Cl)cc2)c2c([nH]c1=O)CCCC2,-0.6585031151771545
guided,COc1ccc(N2C(=O)N3[C@H](c4ccc(C)cc4)[C@@H]4C(=O)N(Cc5ccccc5)C(=O)[C@@H]4[C@]3(C)C2=O)cc1,-0.5837952494621277
guided,O=C(CCn1[nH]c(=O)c2ccccc2c1=O)N1CCN(c2ccccc2)CC1,-0.6062119603157043
guided,NNc1nc(Cc2ccc(O[C@@H]3CCOC3)cc2)c[nH]1,-0.6376102566719055
guided,CN(C)C(/C=C1\N=c2ccccc2=[S+]c2cnccc21)=C(\[O-])O,-1.1428645849227905
guided,COCCNC(=O)COC(=O)/C=C/c1c(C)nn(Cc2ccccc2Cl)c1Cl,-0.7619205713272095
guided,CO/N=C/c1cc(Cl)c(OC)c(OC)c1,-5.105086803436279
guided,Cn1c(=O)c2c(nc(N3CCN(C(=O)[C@H]4CCCO4)CC3)n2Cc2cc3ccccc3[nH]c2=O)n(C)c1=O,-0.528824508190155
guided,[S-]P(NCCCCO[c+]1[cH-][cH+][cH-][cH+][cH-]1)N1CCOCC1,-5.901423931121826
guided,COc1ccc(C#N)c(OC(=O)c2ccc([N+](=O)[O-])cc2)c1,-0.6456300020217896
guided,[O-][C+](CS[C+]1NCCCN1[CH+][N-][c+]1[cH-][cH+][cH-][cH+][cH-]1)N[c-]1[cH+][cH-][c+](N([O-])[O-])[cH-][c+]1Br,-0.4000939428806305
guided,CN(C)S(=O)(=O)c1ccc(NC(=O)C(=O)c2cccs2)nc1,-0.7448899149894714
guided,COc1ccc(-c2nnc(SCC(=O)N3CCCCC3)o2)cc1,-1.3299647569656372
guided,C[C@@H](CCCCC(=O)O)C(=O)O,-1.2081866264343262
guided,O=S1(=O)CC[C@@H](S(=O)(=O)N2CCCCC2)C1,-1.4732438325881958
guided,N[C-]1[N-][C+](N[C-]([O-])CS[C][N-]CC2CCCO2)[N-]N1[C+]1[CH+][CH-][CH+][CH-][CH+]1,-0.8099307417869568
guided,COc1ccc(CNC(=O)N2CCN(c3cccc(C)c3C)CC2)cc1OC,-2.620460271835327
guided,[N-2][C][C+]1[N-][C+]([c+]2[cH-][cH+][cH-]o2)O[C+]1N[C+](CC[c+]1[cH-][cH+][cH-][cH+][cH-]1)[c-]1s[cH+][cH-][c+]1CC([C][N-2])[C+]1[CH+][CH+][CH-][CH+][CH-]1,-1.8887879848480225
guided,O=C(COC(=O)c1cc2sccc2n1Cc1cccs1)NCc1ccco1,-1.0995476245880127
guided,CCS[C@H]1NC(=O)N(CC(=O)Nc2ccc(F)cc2)C1=O,-0.9372875690460205
guided,C[c-]1[cH+][c-]2[c+](s1)[CH-][C+]([C-]([O-])[CH+][CH+]N(C)C)[S+2]([O-])(O[C-]1[CH-][CH+][CH-][CH+][CH-]1)O2,-1.3710085153579712
guided,CCOCCOC(=O)C1=C(C)Nc2ncnn2[C@@H]1c1ccc(C)cc1,-0.834237813949585
guided,CNCCN1C(=O)c2ccccc2C1=O,-3.4456615447998047
guided,O[c-]1[cH+][c+]2[n-][cH-][cH+][c-]3[c-](-[c+]4[cH-][cH+][c-](F)[cH+][cH-]4)[n-][c+]4[cH+][cH-][cH+][c-]1[c+]4n23,-2.907055616378784
guided,O=S(=O)(c1ccccc1Cl)N1CCCC1,-5.3001389503479
guided,CCC(=O)N/N=C/c1sc2ccccc2c1O,-2.0007383823394775
guided,CCOC(=O)C1CCN(C(=O)C2CCN(c3nn4c(=O)cc(C)nc4s3)CC2)CC1,-0.5986685752868652
guided,Fc1ccc(N2CCN(Cc3nc4ccccc4[nH]3)CC2)cc1,-5.48394775390625
guided,COCCNC(=O)c1ccc(OC2CCN(Cc3cccc4c3C=CC[C@H]4C(=O)O)CC2)cc1,-0.3299155831336975
guided,N/C(=N\O)C(=O)NCCCN1CCCC1,-0.7071352601051331
guided,O=C(Nc1ccc2c(c1)OCO2)c1cc2ccc(O)cc2oc1=O,-0.6266840100288391
guided,[O][C]([C+]1[CH][CH][CH]O1)N1CCN([C]2[CH][CH][C](N([O-])[O-])[CH][CH]2)CC1,-0.7584688663482666
guided,COc1cc([C@H]2Nc3nc4ccccc4n3C(C)=C2C(=O)c2ccccc2)ccc1OC(F)F,-2.3025550842285156
guided,CCCNc1c(N)c(=O)oc2ccccc12,-1.468920111656189
guided,O=C(NCC(=O)N(Cc1nc(-c2ccc(F)cc2)no1)[C@@H](C(=O)NC1CCCC1)c1ccncc1)c1ccccc1,-0.4493577182292938
guided,[O-][S@@+](Cc1nnnn1-c1ccccc1)c1ccccc1,-1.551261305809021
guided,CN(C)/C=C(\C#N)S(=O)(=O)c1ccc(-c2csnn2)s1,-0.9364588856697083
guided,N[CH+][N-][c+]1[cH-][cH+][c-](O[c-]2[cH+][cH-][cH+][c-](N[c+]3[cH-][cH+][c-](F)[cH+][cH-]3)[cH+]2)[cH+][cH-]1.[H+],-2.328089952468872
guided,O=[N+]([O-])c1cccc(CN2CCN(c3cccc(C(F)(F)F)c3)CC2)c1O,-1.1093941926956177
guided,O=S(=O)(c1nc(-c2ccccc2)oc1N1CCOCC1)c1cccc2cccnc12,-0.4877571165561676
guided,O=C(COc1ccc(Cl)cc1)NN(Cc1ccccc1)C(=O)c1ccccc1F,-2.1978182792663574
guided,COCCCN1C=CC=C2N/C(=C3/C=CC=C[CH-]3)O[O+]=C21,-3.93103289604187
guided,COc1cc(C(=O)N2CCC[C@@H]2C(=O)O)cc(OC)c1OC,-0.6517730951309204
guided,CC(C)[C@H]1Cc2c([s+]c3n4c(SCC(=O)NCc5ccccc5)nnc4n(C)c([O-])c2-3)CO1,-0.6707028150558472
guided,CN(C)CCNC(=O)[C@@H]1CCCN1C(=O)Nc1ccccc1[N+](=O)[O-],-0.5020318627357483
guided,COCCn1cnnc1SCc1nnc(-c2ccc(Cl)cc2)o1,-0.9508338570594788
guided,Brc1ccc(-c2nnc3ccccn23)c(OCCCN2CCOCC2)c1,-2.8258109092712402
guided,N#CN/C(=N\c1ccc(F)cc1)SCc1ccc([N+](=O)[O-])cc1,-0.677933394908905
guided,S=C(Nc1ccc(Cl)c(Cl)c1)Nc1ccc(N2CCOCC2)c(Cl)c1,-5.608213901519775
guided,NS(=O)(=O)c1ccc(NC(=S)N2CCC(Cc3ccccc3)CC2)cc1,-0.7746492624282837
guided,CCO[N-][c+]1[c-](O[C+]([O-])[c+]2[cH-][cH+][cH-][cH+][c-]2Cl)[cH+][cH-][c+]2[cH-][cH+][cH-][cH+][c-]12,-2.577693462371826
guided,O=C(COC(=O)/C=C/c1cccn1-c1ccccc1)Nc1ccccc1F,-1.9911099672317505
guided,N#CSCC(=O)NCc1cccc(Cl)c1,-3.1235556602478027
guided,CC(=O)c1ccc(N2CCC(c3ccccc3)CC2)c(F)c1,-8.567375183105469
guided,CCCCN(CCNC(=O)C[C@@H]1Oc2ccccc2NC1=O)CC1CC1,-1.1101748943328857
guided,CCCN(/N=N/c1nonc1N)c1cccc2ccccc12,-0.6558730006217957
guided,O=C(CN1C(=O)CCC1=O)NCC(=O)OCC(=O)c1ccc(Cl)cc1,-0.6808000802993774
guided,Cc1nn(-c2cccc([N+](=O)[O-])c2)cc1Cl,-2.178105354309082
guided,COc1ccc(C(=O)NCCC(=O)N2C[C@@H](C)Oc3ccccc32)cc1,-1.3016302585601807
guided,FC(F)(F)c1cccc(-n2c(COc3cc(C(F)(F)F)ccn3)n[nH]c2=S)c1,-2.8430399894714355
guided,CO[c+]1[cH-][c+]([CH-]O[C+]([O-])[C+]([CH+][N-]C[c+]2[cH-][cH+][cH-]o2)[CH-][CH+][CH-][c+]2[cH-][cH+][cH-][cH+][cH-]2)[cH-][cH+][c-]1OC,-0.7185192704200745
guided,FC(F)(F)/C(=N\c1ccc(Br)cc1)N/C=N/c1ccc2c(c1)OCO2,-2.8452956676483154
guided,[C-3]C12C([C+]3CC(C)[C+]([CH+][c+]4[cH-][cH+][c-](OC)[c+](CN5[CH-][CH+][CH-][N-]5)[cH-]4)[C-]3[O-])[O+]1C2[c+]1[cH-][cH+][cH-][c+](OC)[cH-]1,-1.8202227354049683
guided,COCCCNCCOC(C)(C)Oc1nccc2ccccc12,-2.868072748184204
guided,CCOC(=O)c1c(C)cc(OC(=O)c2ccco2)cc1OC,-1.086718201637268
guided,CCCn1nnnc1NC(=O)CSCc1ccccc1Cl,-1.2685599327087402
guided,Clc1cc(Cl)cc(-c2csc(N3CCc4c([nH]c5ccccc45)[C@@H]3c3ccccn3)n2)c1,-5.593555927276611
guided,NNC(=O)/C(=C\c1cccs1)NC(=O)c1ccccc1Cl,-0.7767883539199829
guided,ClCOc1ccccc1-c1nnc(-c2ccc(-c3cccc(Cl)c3)o2)o1,-2.6210830211639404
guided,COc1ccc([N+](=O)[O-])c(S(=O)(=O)c2cc(Oc3cc(C)cc(F)c3)c(Cl)cc2N)c1,-0.8287625312805176
guided,COc1ccc2c(=O)c3c(=O)n(-c4ccccc4)c(SCc4cccs4)nc3oc2c1,-1.1990338563919067
guided,CC(C)C[C@@H]1NC(=O)N(CC(=O)/C=C/C=C/c2ccco2)C1=O,-0.762326180934906
guided,O=S(=O)(CCCc1ccc(Cl)cc1)NCc1ccco1,-2.2470104694366455
guided,OCCNc1nc(-c2ccc(-c3ccccc3Cl)o2)nc2ccccc12,-1.213241457939148
guided,CC(C)[C@@H](NC(=O)c1ccc(C(F)(F)F)cc1)C(=O)N[C@H]1CC[C@@H](C)CC1,-2.2485454082489014
guided,CN[C@](C)(C(=O)NCc1ccc(F)cc1)C(=O)Nc1ccc2c(c1)OCCO2,-0.6020401120185852
guided,O=C(CCCSc1nc2ccccc2[nH]1)N[C@@H](c1ccccc1)c1ccc(Cl)cc1,-2.7840192317962646
guided,Nc1nc(SCCOc2ccccc2)n[nH]1,-1.147443413734436
guided,COc1ccc(C/C(C)=N/O)cc1OC,-3.318185806274414
guided,O=S(=O)(Cc1ccccc1)NCCCOc1ccccc1,-2.5520660877227783
guided,CCC(=O)Oc1cccc(-c2csc(N3CCOCC3)n2)c1,-2.942626714706421
guided,O=S1(=O)OCC[C@H](c2ccc(F)cc2)N1Cc1ccc(Cl)cc1,-3.6832997798919678
guided,CCOC(=O)SC1=N/C(=C\c2ccc(OC)c(OC)c2)C(=O)S1,-1.1505851745605469
guided,Clc1ccc(/N=C(\c2ccccc2)N2CCOCC2)cc1Cl,-7.545034408569336
guided,Cc1ccc2c(c1)N(/N=C/C(=O)N1CCOC(C)(C)C1)CCC2,-3.910208225250244
guided,NC(=O)c1ccccc1N1CCCCCC1,-3.7115774154663086
guided,O=C(O)CCCCOCCCC(=O)C1=NNC[C@@H]1c1ccccc1,-0.4595069885253906
guided,CCCCN(Cc1cc2ccccc2nc1Cl)S(=O)(=O)N(C)C,-2.7822813987731934
guided,CCC[c-]1[cH+][n-][c+]2n1[N-][C]NN2C1CC[C+]2[CH+][CH-][CH+][CH-][C+]2C1,-3.492173910140991
guided,C[C](C[C]([O])N[CH][C-][C]([O])[C+]([O])[O-])[N+][NH+][C]([O])[C]([O])NC(C)C.[C-4].[CH-3].[H+].[H+].[H+].[H+].[H+],-0.8524753451347351
guided,C[CH-][S+]([O-])CC[C+]([O-])N[N-][CH+][c+]1[cH-][cH+][cH-][cH+][c-]1OC,-0.7772140502929688
guided,Cc1ccccc1NC(=O)NCCCn1ccnc1,-2.25653076171875
guided,O=C1CCCCN1CCc1ccc(F)cc1,-8.678799629211426
guided,C[C@H](NC(=O)[C@H](CC(=O)OC(C)(C)C)NC(=O)OC(C)(C)C)C(N)=O,-1.1630241870880127
guided,C[N-][c+]1[n-][c+](Cl)[c-](SC)[c+](N[c-]2[cH+][cH-][cH+][cH-][c+]2C)[n-]1,-3.0283913612365723
guided,Brc1cccc(OCCOc2ncnc3ccccc23)c1,-4.128652572631836
guided,CCOC(=O)[C@@]1(Cc2ccc(OC)c(S(=O)(=O)N3CCOCC3)c2)CCCN(C(=O)Cn2cncn2)C1,-0.5010244250297546
guided,Cn1cnnc1/[S+]=C1\C=C(N2CCN(S(=O)(=O)c3ccc4ccccc4c3)CC2)C=CC1=[N+]([O-])[O-],-0.40815043449401855
guided,O=C(Nc1ccccn1)[C@H]1CCCN1S(=O)(=O)c1ccccc1[N+](=O)[O-],-0.5473048090934753
guided,Cc1ccc(NC(=O)CCC(=O)O)cc1F,-1.6450457572937012
guided,Cn1c(=O)oc2cc(S(=O)(=O)N3CCC[C@H]3C(=O)Nc3cccc(OCC(F)(F)F)c3)ccc21,-0.5126930475234985
guided,[CH2+]C[CH+][N-]N1[C][N-][N-][C-]1SC[c-]1[cH+][c-]2[cH+][cH-][c+](F)[cH-][c+]2o[c+]1[O-].[H+],-0.6875361800193787
guided,CCOc1cc(CN2CC=C(c3ccccc3)CC2)cc(Cl)c1OC,-8.430622100830078
guided,COc1cccc(Oc2nc(Cl)ncc2F)c1,-4.317663669586182
guided,CCNC(=S)N(C/C=C/c1ccccc1)CCc1c(C)[nH]c2cc(OC)ccc12,-4.714259147644043
guided,O=C(Nc1cc(S(=O)(=O)Nc2ccccc2Cl)ccc1N1CCCC1)C1CC1,-0.6939074993133545
guided,O=C(O)c1cc(/[C-]=C/C=C=C2N=[NH+]C3=C2CCCC3)nc2ccc(Cl)cc12,-0.8175422549247742
guided,[CH2-]C1C[N+]2[CH][C][C]([OH+])CCC(O)(N[CH][C](Br)Br)C12,-2.2813844680786133
guided,O/N=C(\c1ccc(F)cc1)C1CCCCC1,-6.007341384887695
guided,C[c-]1[cH+][cH-][c+]2[c-]([cH+]1)C1[C-]([CH+][C-]([C+]([O-])NC[c+]3[cH-][cH+][cH-]o3)ON1[c-]1[cH+][cH-][cH+][cH-][cH+]1)O2,-1.1827260255813599
guided,C=CCOCCCn1c(SCC(=O)NCc2cccs2)nc2ccccc2c1=O,-1.0019285678863525
guided,Clc1ccc2nc(Nc3nsnc3C3CCCCC3)sc2c1,-3.599381446838379
guided,O=S(=O)(/C=C/c1cccc(Cl)c1)N1CCN(C2CCCC2)CC1,-4.49662446975708
guided,CSC[C@@H]1CN(C2CCCC2)CC[C@H]1NS(=O)(=O)c1ccc(C)cc1,-3.2295243740081787
guided,CCOc1ccccc1NC(=O)CSc1nnc(CNC(=O)OC(C)(C)C)n1-c1ccc(Cl)cc1,-0.8360059857368469
guided,NS(=O)(=O)c1ccc(CCNC(=O)COC(=O)COc2ccc(Br)cc2)cc1,-0.6296619176864624
guided,N[C@@H](CS[C@]12C[C@H]3C[C@H](C[C@H](C3)C1)C2)C(=O)O,-1.9439749717712402
guided,O=S(=O)(c1ccc2c(c1)OCCO2)N1CCN(c2ccc(Cl)c(Cl)c2)CC1,-2.1627204418182373
guided,CCCS(=O)(=O)N1CCC[C@H](C(=O)NC2CCCCC2)C1,-1.6474517583847046
guided,NNC(=O)c1ccc(Oc2cc(Cl)cc(Cl)c2)o1,-1.089135766029358
guided,CN(c1cccc(NC(=O)CCSc2ccccc2)c1)S(=O)(=O)c1ccc(-c2ccccc2)cc1,-2.2717742919921875
guided,Nc1c(-c2ccc(Cl)cc2)cnn1[C@H]1CCS(=O)(=O)C1,-0.8672162890434265
guided,NC1=[S+]/C(=C\c2ccc(Br)cc2C(=O)O)C([O-])=N1,-0.6949604153633118
guided,Clc1ccc(OCCCN2CCNCC2)cc1Cl,-7.669435024261475
guided,COC(=O)N/N=C\c1cccs1,-3.651735544204712
guided,CC[C-](CC)[C+]([N-]CCCN(C)C)[c+]1[cH-][cH+][cH-][cH+][cH-]1,-9.346368789672852
guided,COc1ccc(S(N)(=O)=O)cc1N,-0.9902195334434509
guided,COC(=O)Oc1c(C)cc(CC(=O)O)cc1OC,-0.8649783134460449
guided,Fc1ccc(CNc2nc3nonc3nc2N2CCCCC2)cc1,-0.7361809015274048
guided,O[C@@](c1ccccc1)(c1ccc(F)cc1)[C@H]1CCCN1,-5.888854026794434
guided,CCOc1ccc(-c2cn[nH]c2-c2cccs2)cc1O,-2.277423858642578
guided,[O][C]1[C][C]([NH+][C]2[CH][CH][CH][CH][C]2N[C]([O])[C]2[CH][CH][CH]O2)CCC1,-1.0750948190689087
guided,[O-][C+]1[N-][C+]([N-][c+]2[cH-][cH+][cH-][c+](O)[cH-]2)S[C+]1[CH-][c+]1[cH-][c+](N([O-])[O-])[cH-][cH+][c-]1O,-0.596217930316925
guided,COc1cc(C(=O)NCCSC2CCCCC2)ccc1C,-4.933871269226074
guided,O=C(CNc1ccc(F)cc1)NCCOc1cccc(Cl)c1Cl,-3.2370851039886475
guided,Cc1ccc(Cl)cc1NC(=O)CCN1CCC[C@@H](c2ccccc2)C1=O,-3.168851137161255
guided,Clc1cnccc1-n1cncn1,-4.587510108947754
guided,Nn1c(SCC(=O)Nc2cccc3ccccc23)nnc1-c1ccco1,-0.6486366987228394
guided,O=C(CO)[C@H](O)[C@@H](CCO)C(=O)O,-0.8210340142250061
guided,S=C(Nc1cccnc1)Nc1cccc(OCCCN2CCCCCC2)c1,-3.2182066440582275
guided,[O][C]([CH][CH][C]1[CH][CH][C](N2CCCCC2)[C](N([O-])[O-])[CH]1)[C+]1[CH][CH][CH][CH][C]1F,-1.226214051246643
guided,C[C@@H](C(=O)NC1CC1)N1C(=O)N/C(=c2/c#cc#c/c2=C2/C=CC=C3C=CC=C[C-]32)C1=O.[H+],-0.6963768601417542
guided,CCCC([CH+]C[C+]([O-])N1C[CH-][C+]([C+]2[CH-]CCCC2)CC1)[C-]([O-])O,-1.3577897548675537
guided,CCOC(=O)C(Cc1cc2ccc(C)cc2[nH]c1=O)(NC(C)=O)C(=O)OCC,-0.6694046854972839
guided,O[C@H](CNCc1ccccc1Br)c1ccccc1,-6.140283584594727
guided,COc1ccc(C(N)=O)c(O)c1N1Cc2ccc(C)cc2C1,-0.9663813710212708
guided,Brc1ccc(Cn2nnc3ccccc32)cc1,-6.543392658233643
guided,CN(Cc1ccc(F)cc1)S(=O)(=O)c1cccs1,-5.359304904937744
guided,COc1ccc(NC(=S)N(Cc2ccco2)[C@@H](C)c2ccco2)cc1,-3.3169033527374268
guided,O=C(CCc1nc2ccccc2c(=O)[nH]1)NCc1cccnc1,-0.5923815369606018
guided,Cc1cc(Oc2ccnc3ccccc23)ccc1-n1cnnn1,-1.6138355731964111
guided,CC(=O)c1ccc(NC2=C(Cl)C(=O)N(C3CCCCC3)C2=O)cc1,-1.4169522523880005
guided,O=C(O/C1=C\C=C\CN2CCN(CC2)C(=O)c2n/c(c(=O)c3ccn[c-]23)=C(\NCCCO)O/C=C\C#C1)c1ccccc1Cl.[H+],-0.48349952697753906
guided,CC(=O)Cc1nsc(NC(=O)c2ccc(COc3ccccc3Cl)o2)n1,-0.7219232320785522
guided,O=C(O)c1ccccc1/C=C/Nc1ccccc1[N+](=O)[O-],-0.5657444596290588
guided,Brc1cccc(OCCCN2CCCCC2)c1,-10.493339538574219
guided,O=C(COc1cccc(C(F)(F)F)c1)N1CC[C@@H](c2ccccc2)C1,-6.575991630554199
guided,Cc1noc(C(=O)Nc2cnccc2C(F)(F)F)c1Cl,-1.7617076635360718
guided,O=C(O)c1cc(/N=C2\C=C(O)c3ccccc3C2=O)ccc1O,-0.5879749059677124
guided,CNS(=O)(=O)c1ccc(CN2C(=O)c3cccnc3C2=O)s1,-0.7512901425361633
guided,CO[C-]1[CH+][C-]2N[CH+][N-][C+](N[c-]3[cH+][cH-][c+]([N-][CH+][c-]4[cH+][cH-][cH+]o4)[cH-][cH+]3)[C-]2[CH+][C-]1N([O-])[O-],-0.5254842042922974
guided,OC[C@H](O)CO[C@@H](O)[C@@H](O)CO,-0.9506540894508362
guided,O=C(NCCCn1ccnc1)c1ccc(Cl)s1,-3.9101457595825195
guided,Cc1cc(=O)n2/c(=C(/[O-])N(CC(=O)NCCCN3CCOCC3)c3ccc(F)c(Cl)c3)c[s+]c2n1,-0.4834701716899872
guided,C=CCSc1nnc(SCc2nc3ccccc3c(=O)[nH]2)s1,-1.325201392173767
guided,COc1ccc(CC(=O)NCc2ccc([N+](=O)[O-])cc2)cc1OC,-0.5596546530723572
guided,O=[N+]([O-])c1cc2c(cc1NCC[C@H](O)c1cccnc1)OCO2,-0.5797471404075623
guided,NC(=O)CC[C@@H](Nc1nc(OCc2ccccc2)nc2nc[nH]c12)C(=O)O,-0.6570760011672974
guided,COc1ccc(NCc2nnc(SCc3ccc([N+](=O)[O-])cc3)n2-c2ccc(OC)cc2)cc1,-0.763163149356842
guided,CC(=O)c1c(C)oc2ccc(NS(=O)(=O)c3ccccc3C)cc12,-0.9717599153518677
guided,COCCn1c(=O)[nH]c2cc(C(=O)Nc3cccc([N+](=O)[O-])c3)ccc21,-0.5469788312911987
guided,CN(c1ccccc1)S(=O)(=O)c1cc(C(=O)OCC(=O)NC2CC2)ccc1Cl,-0.5507716536521912
guided,NNC(=O)CN[C@H](c1ccc(F)cc1)c1cc(Cl)ccc1NC(=O)c1ccccc1,-0.5621330142021179
guided,Fc1ccc(-n2cnc3ccccc32)nc1,-6.540047645568848
guided,CC(=O)c1cc(F)c(Nc2cc(C)nc3c(Cc4ccc(F)cc4)cnn23)cc1C,-2.4626848697662354
guided,O=C(N/N=C(\c1ccccc1)c1ccc(O)cc1)c1ccccc1C(=O)N1CCCCC1,-0.5475019812583923
guided,S=C(NCCc1cccc(Cl)c1)NCc1cccs1,-7.972909450531006
guided,COc1ccccc1N(C)C(=O)c1cccc2c(Br)cccc12,-6.8132123947143555
guided,O=C(O)CCc1ccc(O)cc1,-2.4941306114196777
guided,O=C(COC(=O)CNS(=O)(=O)c1c(Cl)cccc1Cl)NCc1cccs1,-0.7091585397720337
guided,CO[N-][C+]([C-]([O-])[N-][C+]1CCC[C+]1[c+]1[n-][c+](-[c+]2[cH-][cH+][cH-]s2)[cH-]s1)[c-]1[cH+][cH-][cH+][cH-][cH+]1,-1.0959779024124146
guided,NC(=O)c1cccn1Cc1ccc(Cl)cc1,-3.6393747329711914
guided,CN(Cc1ccccc1)C(=O)N1CCOCC1,-6.025372505187988
guided,Fc1ccc(-c2ccnc(Nc3ccc(SC(F)F)cc3)c2)cc1,-8.313230514526367
guided,[H+].[H]/[C-]=C\C[CH2-].[H]/[O+]=C\C=C=C1CCCC[C@H]1c1ccc(N)c(C(=O)O)c1,-0.5480132699012756
guided,CN(C)C(=O)[C@H]1CC(c2ccccc2F)=NO1,-4.57543420791626
guided,O=C(Cc1cccc(C(F)(F)F)c1)NNC(=S)Nc1cccc(Cl)c1Cl,-3.0516364574432373
guided,CS(=O)(=O)c1ccc(Cl)c(NC(=O)[C@@H]2CC(=O)N(Cc3ccco3)C2)c1,-0.5819304585456848
guided,O=S(=O)(CCS(=O)(=O)c1nc2ccc(Cl)cc2s1)c1ccccc1,-0.8303083777427673
guided,Fc1ccccc1CSc1nc(-c2ccco2)nc2ccccc12,-5.2920145988464355
guided,O=C(CNC(=O)c1ccc(Oc2ccccc2)cc1)NC[C@H]1CCCO1,-0.760367214679718
guided,COC[CH-]n1[c+](C2CCCCC2)[n-][c+]2[cH-][cH+][cH-][cH+][c-]21,-6.852293014526367
guided,N#Cc1ccccc1OCCCNCCO,-1.6784346103668213
guided,Nc1ccc(S(=O)(=O)N2CCC(C(=O)NCc3ccco3)CC2)cc1,-0.5132094621658325
guided,O=C(NNS(=O)(=O)c1ccc(Cl)cc1)c1ccccc1O,-0.7383644580841064
guided,CC(=O)c1cc(S(=O)(=O)N(C)c2ccc(O)cc2)ccc1OCC(=O)O,-0.5503135919570923
guided,O=S(=O)(c1ccc(C2CCCCC2)cc1)N1CCN=C1SCc1cc(F)ccc1Cl,-3.7336175441741943
guided,CSc1ccc(-c2nnn(Cc3nc4ccccc4s3)n2)cc1,-2.5788209438323975
guided,CCCN(Cc1ccc2ccccc2c1)CC(C)C,-13.092370986938477
guided,CCNc1ccc(S(=O)(=O)N(C)C)cc1[N+](=O)[O-],-0.775907039642334
guided,CC(=O)Nc1ccc(NC(=S)Nc2ccon2)cc1,-0.9365586638450623
guided,CCC[N-][c+]1[n-][c+]2[c-]([cH+][c-]1-[c+]1[cH-][cH+][cH-][cH+][cH-]1)[c+](C)[n-]n2C1CCCCC1,-4.174478530883789
guided,[O-][c+]1[nH][c+](P([O-])N[c+]2[cH-][cH+][cH-][cH+][c-]2Cl)[n-][c+]2[cH-][cH+][cH-][cH+][c-]12,-0.7141671180725098
guided,O=C(N[C@@H](O)C(=O)c1ccccc1)c1ccc(F)cc1,-1.5482043027877808
guided,CO[c-]1[cH+][cH-][cH+][cH-][c+]1C1[c-]2[nH][c+]3[cH-][cH+][cH-][cH+][c-]3[c+]2CC2[C+]([O-])N(CCCN3[CH+]COCC3)C[C-]([O-])N21,-0.3604159951210022
guided,NNC(=O)CCCn1cnc([N+](=O)[O-])n1,-1.0419455766677856
guided,CC(=O)c1ccc(C[C@@H](C)c2ccc(C(=O)c3ccccc3)cc2)cc1,-6.000648498535156
guided,COc1ccc2c(c1O)C(=O)c1ccccc1C2=O,-1.7999794483184814
guided,CCNC(=S)N(CCc1cc(-c2ccccc2)n[nH]1)CC(C)C,-4.084447383880615
guided,Cc1ccc(-c2noc([C@@H]3CCCN(S(=O)(=O)c4ccccc4)C3)n2)cc1,-0.7859307527542114
guided,C=C(/N=[N+](\C=C1\C=C2C=CC(OC)=C[C-]2N=C1Cl)S(=O)(=O)c1ccc(F)cc1)c1ccco1,-1.0250356197357178
guided,Clc1nc(Nc2ccc3c(c2)oc2ccccc23)nc2ccccc12,-3.8412251472473145
guided,[O][C](C[C+]1[CH][CH][CH]S1)N[N][CH][CH][CH][C]1[CH][CH][CH][CH][C]1N([O-])[O-],-0.7356073260307312
guided,[O-]O[c+]1[cH-][cH+]o[c-]1-[c+]1[cH-][cH+][c-]2[cH+][cH-][cH+][cH-][c+]2[cH-]1,-3.9001433849334717
guided,COc1ccc(CSc2nnnn2-c2ccccc2)cc1,-2.9875295162200928
guided,S[C-](C[c+]1[cH-][cH+][cH-]s1)CN1CCn2[c+]([n-][c+]3[cH-][cH+][cH-][cH+][c-]32)C1,-8.157623291015625
guided,COCCOc1cc(-n2[nH]c(=O)c3ccccc3c2=O)c(Cl)cc1Cl,-1.072519063949585
guided,CCOCC(=O)Nc1c(C(=O)OCC)oc2ccccc12,-0.9267270565032959
guided,FC(F)(F)c1n[nH]c(=S)n1/N=C/c1ccco1,-2.689077615737915
guided,CCOc1ccc(Br)cc1C(N)=O,-3.2201271057128906
guided,CC(=O)C1=C(N)Nc2ncnn2C1,-1.1842267513275146
guided,COc1[c-]c2[nH]c(=O)c(CCN(C)C(=O)c3ccccc3)cc2cc1.[H+],-1.7730592489242554
guided,NNC(=O)C/[C-]=C/NC1=NC=[N+]=C1,-1.024880290031433
guided,O=S(=O)(O)CCO,-1.9111137390136719
guided,O=C(N/N=C/c1cn(Cc2ccc3c(c2)OCO3)c2ccccc12)c1cccc([N+](=O)[O-])c1,-0.5287203788757324
guided,O[C@@H](CNCCc1ccccc1)CNC1CCCCC1,-4.0224080085754395
guided,COc1ccccc1N/C(N)=N\c1nc(C(F)(F)F)cc(=O)[nH]1,-0.8885751962661743
guided,COc1ccc2ccccc2c1[C@H](c1ccc(C)o1)c1conc1C,-3.7272372245788574
guided,COC/C=C\O[C@]1(C)Oc2c(c3c(c4oc5ccccc5c24)CCN(Cc2ccc(OC)cc2)C3)C1=O,-1.551714301109314
guided,C[C-]1CCC([C+]([O-])NC(C)C([c+]2[cH-][cH+][cH-]s2)N2CCOCC2)(C(C)C)C1,-3.5698657035827637
guided,COc1ccc(OC)c2sc(NC(=O)C(C)C)nc12,-2.3438520431518555
guided,S=c1[nH]nc(COc2ccccc2)n1/N=C/C=C/c1ccco1,-1.4634132385253906
guided,C=[P+]([O-])c1ccc(C)cc1.CCOP(=O)=[O+]CC.C[CH-]OC(=O)[O-].[H+],-0.8839279413223267
guided,NP(=O)(Oc1ccccc1)Oc1ccccc1,-2.0986711978912354
guided,COc1cc(OC)c(S(=O)(=O)N2CCCCC2)cc1/C=C(\C#N)C(=O)O,-0.505673348903656
guided,O=C(O)Cn1c2ccccc2c(=O)c2ccccc21,-2.1088428497314453
guided,COc1ccccc1/C=N/NC(=O)c1ccc(N(C)S(=O)(=O)c2cccs2)cc1,-0.6225708723068237
guided,CCCn1c(N)c(C(=O)Cn2ccc(-c3ccc(F)cc3)n2)c(=O)[nH]c1=O,-0.6527624726295471
guided,O=[P@@](O)(CO)c1ccccc1O,-0.9953861832618713
guided,COCCCNC=C1C(=O)OC(C)(C)OC1=O,-1.3232420682907104
guided,O=C(Oc1cccc2cccnc12)c1ccco1,-3.0158286094665527
guided,Nc1c(NS(=O)(=O)c2cccc([N+](=O)[O-])c2)c(=O)[nH]c(=O)n1CC1CC1,-0.6570636034011841
guided,N#Cc1ccc(CSCC(=O)N2CCCC2)cc1,-4.067013263702393
guided,[N-2][N-][C+]1[CH+][CH+][C-](N([O-])[O-])[CH+][C-]1[C+]([O-])N1CCCC1,-0.7445307374000549
guided,C/C(=N\NC(=O)CNC(=O)C1CCCCC1)[C@]12C[C@H]3C[C@H](C[C@H](C3)C1)C2,-1.332108497619629
