source,smiles,log_reward
guided,CN(Cc1cccnc1)Cc1cn(Cc2ccco2)c(=O)[nH]c1=O,-1.7814180850982666
guided,[CH2-][c+]1[n-][cH+][c-]([CH+][N-]O)[c+]2[c-]1o[c+]([O-])[c+]1[cH-][cH+][cH-][cH+][c-]12,-2.229227304458618
guided,[F-],-3.044522523880005
guided,NN(c1ccccc1)c1ccccn1,-1.5274808406829834
guided,CCn1c(SCC(=O)Nc2ccccc2)nc2ccccc2c1=O,-2.064993381500244
guided,N[C-]1[N-]O[N-][C+]1[c+]1[n-]o[c+](CCCC[CH+][N-][C+]([O-])C2CC[C+]([O-])NC2)[n-]1.[H+],-1.306990146636963
guided,[OH-],-3.044522523880005
guided,NS(=O)(=O)OC[C@H]1CC[C@@H](c2ccc(Br)s2)CC1,-2.844355583190918
guided,NNCc1ccccc1,-1.4849249124526978
guided,C[C-](C)C[CH+]C[C-](O)C[C+]([O-])O,-5.48479700088501
guided,[O-][C+](N[N-][CH+][c-]1[cH+][c-](N([O-])[O-])[cH+][cH-][c+]1O)[C+]1N[N-][CH+]C1Cl,-1.427512288093567
guided,C/N=N\C(=O)c1c(N)sc2c1CCCC2,-1.5962363481521606
guided,O=C(NCCCO)c1cccc(/C=C/c2ccco2)c1O,-2.998110294342041
guided,COCCCNc1ncnc2c1oc1ccccc12,-1.8319255113601685
guided,COC(=O)C1=NC(=[N-])N=[NH+]1,-0.9088557362556458
guided,COc1cc(/C(=N\Cc2ccccc2)N2CCC(C(N)=O)CC2)ccc1OCC(N)=O,-2.036881923675537
guided,Brc1ccc2nc(CCc3cc(-c4ccco4)n[nH]3)cn2c1,-1.6945956945419312
guided,[Br-],-3.044522523880005
guided,CCOC(=O)N/N=C/c1cn(-c2ccccc2)nc1-c1ccc(OC)cc1,-1.898970127105713
guided,COc1cc(NC(=O)CS(=O)(=O)c2ccc(C)cc2)cc(OC)c1OC,-3.2112276554107666
guided,COc1ccc(C(=O)C2CCN(S(=O)(=O)c3c(C)noc3C)CC2)c2ccccc12,-2.6850228309631348
guided,CCOC(=O)[C@@H]1CCCN(C(=O)CNC(=O)c2cccs2)C1,-2.3754727840423584
guided,Cc1nn(-c2ccccc2O)c2c1[C@@H](c1ccc(Cl)cc1)n1nnnc1N2,-1.344659447669983
guided,NN[C-]([O-])[C+]1N[CH+][C-](Br)[C+]1N1[CH-][C][C+](C2CCCCC2)[N-]1,-1.427512288093567
guided,O=C(COc1ccc(Cl)cc1Cl)Nc1ccnc(-c2cccnc2)n1,-1.8221569061279297
guided,COC(=O)NC1CCN(c2ncc(C(F)(F)F)cc2Cl)CC1,-1.9781709909439087
guided,Clc1cccc(Cl)c1COc1ccc(-n2cncn2)nc1,-1.6481837034225464
guided,O=C1SCC[C@H]1NS(=O)(=O)c1ccccc1,-2.7269186973571777
guided,COc1cccc2[nH]c(C(=O)NC[C@H]3CCCO3)cc12,-2.2803893089294434
guided,O=C(/C=C/Nc1cccc(Br)c1)c1ccccn1,-2.1753058433532715
guided,C[C@H]1CN(C(=O)C(C)(C)C)c2ccccc2O1,-2.7873599529266357
guided,[H]/[C-]=C/[N+]#CNC(=O)C/[S+]=c1\[cH-]n(CC(=O)NCCCCOC)c2ccccc12,-1.9352717399597168
guided,COC(=O)c1ccccc1CSc1nccn1C,-2.1753058433532715
guided,O=C(CSc1ncnc2ccccc12)Nc1ccnc2ccccc12,-1.8221569061279297
guided,NS(=O)(=O)C1=CC(=[N+]([O-])[O-])/C(=[S+]\Cc2ccc(C(=O)O)cc2)C=C1,-2.4622952938079834
guided,O=C(Nc1cccc(Cl)c1)Nc1cccc2nsnc12,-1.5995122194290161
guided,COc1ccc(/C=N/N2CCN(c3ccccc3)CC2)cc1Br,-2.022524118423462
guided,COc1cccc(CN2CCC(n3nccc3NC(=O)C3CCCC3)CC2)c1,-1.9352717399597168
guided,CCNC(=S)N/N=C/c1ccco1,-1.4536465406417847
guided,[CH2-]CCC(CO[c-]1[cH+][cH-][cH+][cH-][cH+]1)CN(C[c+]1[cH-][cH+][cH-][cH+][cH-]1)[C+]([O-])C1CCCC1,-3.285198450088501
guided,COc1cc2nccc(Oc3cccc(Cl)c3C#N)c2cc1OC,-2.4622952938079834
guided,NC(=S)NNc1ccc(Cl)cc1,-1.3739230632781982
guided,O=S(=O)(NC[C@H](O)COc1c(F)cccc1F)c1ccc(-n2cnnn2)cc1,-1.7146004438400269
guided,[O-]S([O-])([C]Br)N[C+]([S])NCC[C]1[CH][CH][CH][CH][CH]1,-2.1183104515075684
guided,CCCC(Nc1ccccc1)=C1C(=O)CC(c2ccco2)CC1=O,-3.131344795227051
guided,CC(C)c1csc(CN(Cc2ccccc2)Cc2nc3ccccc3c(=O)[nH]2)n1,-1.970301628112793
guided,C=[O+]C[CH-]Cn1c(N)cc(=O)[nH]c1=O,-1.5274808406829834
guided,CCO[C-]([O-])[C][C+](C)N[C+]([O-])[C+]1[CH+][CH-][CH+][c-]2[cH+][cH-][cH+][cH-][c+]21,-2.998110294342041
guided,Cn1c(SCc2nc3ccccc3s2)nnc1C(C)(C)C,-1.6481837034225464
guided,NS(=O)(=O)c1ccc(CNC(=O)[C@H]2CC[C@H](CNc3c(N4CCCCC4)c(=O)c3=O)CC2)cc1,-2.12911319732666
guided,CN(CCOCCOc1ccccc1Cl)Cc1ccco1,-2.998110294342041
guided,[CH2+]S[C-]([N-]C1CCCCC1)N[c+]1[cH-][cH+][cH-][cH+][c-]1Cl,-2.1753058433532715
guided,[CH][c-]1[cH+][c-](OC)[c+](OC)[cH-][c+]1[C-]([O-])N[C+]1[CH+][CH-][CH+][CH-][C+]1SC[C-]1[CH+]C[CH-][CH+][CH-]1,-3.285198450088501
guided,COCCS/C=C(O)\C=N\Nc1ccccc1,-2.1183104515075684
guided,[O][C]([C+]1[C][C][C](CO[C]2[CH][CH][CH][CH][C]2F)[CH][CH]1)N1CCN([C]2[N][CH][CH][CH][C]2N([O-])[O-])CC1,-2.068580389022827
guided,COc1ccccc1/C=C\C=N\NC(N)=O,-1.660567283630371
guided,[N]S([O-])([O-])[C+]1[C][C][C](N2[N][C]3[CH][CH][C]([N][CH][C]4[CH][C]([N+]([O])[O-])[CH][CH][C]4N)[CH][C]3[N]2)[CH][CH]1,-1.4825712442398071
guided,O=C(N/N=C/c1ccccc1OC/C=C/c1ccccc1)c1cc(=O)c2ccccc2[nH]1,-2.3521556854248047
guided,COc1cc(C(=O)NC(=O)COc2cc(C)ccc2C)cc(OC)c1OC,-3.248896837234497
guided,CCn1c(CN2CCN(c3ccccc3)CC2)nc2c1c(=O)[nH]c(=O)n2C,-1.4976286888122559
guided,CC(=O)O[C@@H](C)Oc1ccc2c(Cl)c3c(nc2c1)CCC3,-2.998110294342041
guided,O=C(c1cccc2ccccc12)N1CCN(Cc2cccs2)CC1,-2.4622952938079834
guided,O=C(CSc1nnc(-c2ccco2)n1Cc1ccccc1)c1cccs1,-2.14487624168396
guided,NP(=O)(Oc1ccc(Cl)cc1)Oc1ccc(Cl)cc1,-2.8982770442962646
guided,COc1ccc(N2CCN(C(=O)Cc3cc(C)ccc3OC)CC2)c(OC)c1,-2.6161489486694336
guided,[CH2+]CC[C@@H](C[CH-]C)NC(=S)NC1CCCCC1,-2.1183104515075684
guided,NS(=O)(=O)c1ccc2c(c1)[N@+]1([O-])O[O+]1/C(O)=C1\[CH-]C=CC=C1/C=N/N2,-1.8221569061279297
guided,C[C@@H]1C[C@H](CCC(=O)Nc2nccs2)C(=O)O1,-2.1183104515075684
guided,N[P@](=O)(OCCCCc1ccccc1)Oc1ccc(Cl)cc1,-3.044522523880005
guided,NNC(=O)c1sc2cc(C(F)(F)F)cnc2c1-c1ccccc1,-2.022524118423462
guided,N#CN/C(=N\c1ccncc1)NCCO,-1.0919897556304932
guided,NC[CH-]C[C@H](N)[C@H]([CH+]CC(=O)O)C(=O)O,-1.9935381412506104
guided,CC1C[C][C+]([C-]([O-])[CH+][CH+][C-]([O-])O)CC1,-5.638354778289795
guided,CCOc1cc(/C=N/NC(=O)[C@H]2CC(=O)N(c3ccc(C)cc3)C2)ccc1OC,-2.2538769245147705
guided,CN(C)CC[P@@](=O)(Cc1ccccc1)c1ccccc1,-2.94943904876709
guided,COc1ccc([C@H](C(=O)NC2CCCCC2)N(C(=O)CSc2nnc(C)s2)c2ccc(C)cc2)cc1,-2.186189889907837
guided,Cc1cc2[nH]c(SCC(=O)N3CCCCC3)nc(=O)c2cn1,-1.6945956945419312
guided,O=C(NCCSCc1ccccc1Cl)c1ccco1,-2.8982770442962646
guided,O=[N+]([O-])[C@@H]1C23C4C=C[CH-]C2(O)[C@@]413.[H+],-2.440274477005005
guided,[O-][c+]1[n-][c+](SCC[c+]2[cH-][cH+][cH-][cH+][cH-]2)[n-][c+]2[cH-][cH+][c-](Br)[cH+][c-]12,-2.3290607929229736
guided,O=C([C]/N=C(\[O-])CC[C+]1=CC=CC2=C1[C-]=C=C=C2)OCc1cccc(Br)c1.[H+],-3.248896837234497
guided,[C]/[S]=C(\C)n1c(C)nnc1COc1ccccc1OC,-1.8830875158309937
guided,Cn1c(=O)c2c(nc(N3CCN(c4ccc(F)cc4)CC3)n2-c2ccccc2)n(C)c1=O,-1.6672389507293701
guided,COCO/N=C(\Sc1ccc(N2CCCC2=O)cc1)c1ccc(Cl)cc1,-2.54217791557312
guided,COC(=O)c1ccc(N2C(=O)CC[C@@H]2OC)c(OC)c1,-2.94943904876709
guided,CCc1nc(SC(C)C)n[nH]1,-1.287288784980774
guided,Nc1cccc(C(=O)NCCC[C@@H](c2cccs2)N2CCCCC2)c1,-2.1057322025299072
guided,O=C(Cc1ccc(Br)cc1)N[C@@H](CO)C(=O)O,-2.7873599529266357
guided,COc1cccc([C@H](C(=O)NC2CCCCC2)N(CCC(=O)O)C(=O)Cn2nnc3ccccc32)c1OC,-2.019512891769409
guided,[O-][C-](CO[C+]1[CH-][CH+][C+](S[C+]2[CH+][CH-][CH+][CH+][N-]2)[C][C-]1F)N1CCCC1,-2.419826030731201
guided,NS(=O)(=O)c1ccc(SCC(=O)N2CCCCCC2)cc1,-2.3290607929229736
guided,COc1ccccc1N1CCN(CCCOc2ccccc2)CC1,-2.4622952938079834
guided,C/C=C(\C)NC(=O)[C@@H](c1ccc(Cl)cc1)N1CCN(c2ccccc2)CC1,-2.1825454235076904
guided,CCn1c(SC/C=C/c2ccc(C)cc2)nnc1-c1cnccn1,-1.5607467889785767
guided,[O-][C+]1CCCC[CH-]S[C+](N[c-]2[cH+][cH-][c+](F)[cH-][cH+]2)[N-]1,-2.1753058433532715
guided,[CH2-]N([C-][O])C[C]1[CH][CH][CH][CH][CH]1.[C]1[CH][S+2][N+][N]1,-1.660567283630371
guided,[N][C][C][C](O)[NH+][C]([O])N[C]1[CH][CH][C](Cl)[CH][C]1Cl,-1.7210086584091187
guided,CC[C][O-].[H+].[NH][C]1[C]2[CH][CH][CH][CH][C]2[N][C]2CCCC[C+]21,-2.229227304458618
guided,COc1ccc(OCC(=O)OCC(=O)NCO/N=C(\C)c2ccccc2)cc1,-2.6161489486694336
guided,CC(/C=C/c1ccc(C(=O)O)cc1)=N\NS(=O)(=O)c1ccccc1,-2.4622952938079834
guided,S=C(Nc1cccc(Cl)c1)N1CCN(Cc2ccccc2)CC1,-2.022524118423462
guided,COc1ccc(OC)c(Nc2nc3ccccc3c(=O)[nH]2)c1,-1.9781709909439087
guided,N/C(=N\OC(=O)C1CCCCC1)c1ccc2ccccc2n1,-1.9781709909439087
guided,SCCOCCOc1ccc2ccccc2c1,-5.831882476806641
guided,[CH2-]NNN[C+]([O-])CS[c+]1[n-][c+]2[cH-][cH+][cH-][cH+][c-]2o1,-1.4374333620071411
guided,O=C(CN1CCN(CC(=O)Nc2cccnc2Cl)CC1)Nc1cccs1,-1.640629529953003
guided,O=C(NS(=O)(=O)c1ccccc1)c1ccc(-c2ccccc2)[nH]c1=O,-2.5030341148376465
guided,O=S(=O)(c1cccc(Cl)c1)N1CCC[C@H]1c1ccc2c(c1)OCO2,-3.131344795227051
guided,[CH2-]C(CC[c+]1[cH-]s[c+](N)[n-]1)[c+]1[cH-][cH+][cH-][cH+][cH-]1,-2.0578689575195312
guided,COc1ccc(NC(=S)N2CCC(Cc3ccccc3)CC2)cc1OC,-2.54217791557312
guided,O=C(Cc1cnn(Cc2ccccc2)c1)NCCN1CCN(c2cccc(Cl)c2)CC1,-1.8162105083465576
guided,CCN(CC(=O)Nc1cc([N+](=O)[O-])ccc1F)S(=O)(=O)c1ccc(F)cc1,-2.1825454235076904
guided,S=C(NCc1ccccc1Cl)NC1CCCC1,-2.1183104515075684
guided,Clc1ccc2nc(-c3ccccc3)c(CN3CCOCC3)n2c1,-2.022524118423462
guided,[C-3][C+]([O-])N[N-][CH+][c-]1[cH+][cH-][c+](S[c-]2[n-][c+]3[cH+][cH-][cH+][cH-][c+]3s2)o1,-1.931758999824524
guided,Cn1nc(C(C)(C)C)cc1NC(=O)Nc1cccc2ccccc12,-1.7814180850982666
guided,Cc1nc(N2CCC3(CC2)OCCO3)c2nnn(Cc3ccccc3)c2n1,-1.4976286888122559
guided,COc1cc(/C=C/C(=O)N2CCN(Cc3ccccc3)CC2)cc(OC)c1OC,-2.6511785984039307
guided,S=C(NCc1ccccn1)Nc1ccc(Cl)cc1,-1.7780040502548218
guided,N/C(=N\NC(=O)Nc1ccccc1)c1ccccn1,-1.3276787996292114
guided,CCC(=O)Nc1nc2cc3c(cc2s1)OCCO3,-2.1753058433532715
guided,O=[N+]([O-])C1=C=C=C=[N+]1[P@@](=O)([O-])O,-1.771224856376648
guided,[H]/N=C(\C)NCc1ccc2c(c1)OCO2,-1.924782633781433
guided,O=C(/C=C/Nc1ccc(F)cc1F)c1cccs1,-2.844355583190918
guided,O=C(/C=C/c1ccco1)Nc1nnc(SCC(=O)N2CCCCC2)s1,-1.8221569061279297
guided,Clc1ccc([C@H](c2ccco2)N2CCN(Cc3cccc4ccccc34)CC2)cc1,-2.6850228309631348
guided,Cc1ccccc1N1C(=O)Nc2ccc(Br)cc2[C@@]1(O)C(=O)NC1CCCC1,-2.2188470363616943
guided,[N-2][C][c+]1[n-][c+]2[cH+][cH+][c+]3[cH+][cH-][cH+][cH-][c+]3[n-][c+]2[n-][c+]1[C][N-2],-1.3276787996292114
guided,CCn1cc(S(=O)(=O)CC(=O)NC2=NCCS2)c2ccccc21,-2.022524118423462
guided,[CH2-][c+]1[nH][c-]2[c+](C(F)(F)F)[cH-][cH+][cH-][c+]2[c-]1CCN,-2.1183104515075684
guided,NC(=O)COc1cccc2c(O)cccc12,-2.7269186973571777
guided,O=C(C1CC1)N1CCCN(Cc2cn[nH]c2-c2ccccc2)CC1,-1.7814180850982666
guided,COc1cc2ncnc(/N=C(/N)Nc3cccc(C)c3)c2cc1OC,-1.6014856100082397
guided,O=C(COc1ccccc1F)N1CCc2ccccc2C1,-2.998110294342041
guided,[O][N+]([O-])[C]([C]([OH+])[C]NC[C]1[CH][CH][CH][N][CH]1)[C]1N[C]2[CH][CH][CH][CH][C]2N1,-1.5607467889785767
guided,COc1ccc(OCCCN(Cc2ccccc2)C(C)=O)cc1OC(=O)c1ccccc1C,-3.4492313861846924
guided,Nc1cc(Cl)ccc1N1CCOCC1,-1.924782633781433
guided,CCCO[C@H]1CCCC(=O)NNC(=O)CC[C-]([O-])[O+](CC(C)C)[OH+]1,-2.4622952938079834
guided,CCOc1ccc([C@@]2(N3CCCCC3)C=C(N)SC(N)=C2C#N)cc1OCC,-1.9352717399597168
guided,CO[CH-][CH+][CH-][CH+][C][CH+][C-]([S-])[C+]1[N-][C+]2[CH+][CH-][CH+][CH-][C+]2N1,-2.229227304458618
guided,O=C1OCC[C@@H]1Sc1nnc(C2CC2)n1C1=C=C=C(Cl)C=C1,-1.9781709909439087
guided,CCN(CC)C[C@H](O)COc1ccccc1F,-2.7873599529266357
guided,[CH2+]CC[C+]([O-])N[N-][CH+][CH-][CH+][c-]1[cH+][cH-][cH+][cH-][c+]1N([O-])[O-],-1.8319255113601685
guided,COCCCNc1nc2ccccc2n1Cc1ccc(Cl)cc1Cl,-2.064993381500244
guided,O=C(Cn1[nH]c(=O)c2ccccc2c1=O)Nc1cccc(S(=O)(=O)N2CCCC2)c1,-2.004145860671997
guided,COc1ccc(C=O)cc1CSCc1cccc(C)n1,-2.94943904876709
guided,[O-]N([O-])[C+]1[CH+][C-](N[CH-][c+]2[cH-][c+](N3CCOCC3)[cH-][cH+][c-]2F)[C+](OC[c-]2[cH+][cH-][cH+][cH-][cH+]2)[CH-][C+]1NCCCN1CCOCC1,-2.1194710731506348
guided,Cc1nnc(Nc2ccccc2N[C@H](/C=N\C(=O)NC(C)(C)C)C(=O)Nc2ccc(Cl)cc2)s1,-1.5748023986816406
guided,CN(C)S(=O)(=O)c1ccc(NC(=S)NC(=O)c2ccncc2)cc1,-1.7814180850982666
guided,COCc1cc(=O)[nH]c(Nc2nc(C)cc(C(F)(F)F)n2)n1,-1.4739243984222412
guided,Fc1ccc(NC(=S)Nc2ccc3cn[nH]c3c2)cc1Cl,-1.6481837034225464
guided,[H]/N=C1/C(CN(C)C[CH-]CC)=CC=C[C+]1COC,-2.1183104515075684
guided,S=C(NCCc1ccccn1)N[C@@H]1C[C@H]2CC[C@@H]1C2,-1.8319255113601685
guided,[OH-],-3.044522523880005
guided,CC(=O)c1ccc(S(=O)(=O)Nc2ccc(OC(F)(F)F)cc2)cc1,-3.131344795227051
guided,CCOc1cccc(-c2nnc3n2N=C(c2cc(OC)c(OC)c(OC)c2)CS3)c1,-2.004145860671997
guided,O[c-]1[c+](C(NC2CCCCC2)C2C[C-]2Cl)[cH-][cH+][c-]2[cH+][cH-][cH+][n-][c+]12,-2.419826030731201
guided,O=C(c1c(F)c(F)c(F)c(F)c1F)N1CCc2ccccc2C1,-3.0888755321502686
guided,NC(N)=Nc1nc(-c2ccco2)c2ccccc2n1,-1.3276787996292114
guided,CN(C)CCCN(c1cccc2ccccc12)c1nc2ccccc2n1C,-1.898970127105713
guided,FC(F)(F)[C-]1[N-]N([C+]2[CH+][CH-][CH+][CH-][CH+]2)[C-]2C1[CH+][N-]N2[c+]1[n-][c+]2[cH-][c+](Cl)[cH-][cH+][c-]2o1,-1.7146004438400269
guided,[O-]CO[c+]1[n-][c+](-[c+]2[cH-][c+]3[cH-][cH+][cH-][cH+][c-]3n2[N-][CH+][c+]2[cH-][cH+][cH-]o2)[cH-]s1,-2.064993381500244
guided,CC1=N[S+]=C(OCC(=O)N(C)[C@@H]2CCS(=O)(=O)C2)C1=[S@@](=O)([O-])c1ccccc1,-2.6161489486694336
guided,NS(=O)(=O)c1cccc(NC(=O)CN2CCN(Cc3ccccc3)CC2)c1,-1.898970127105713
guided,NC(=O)COC(=O)c1ccc(NCc2cccnc2)cc1,-1.931758999824524
guided,O=c1c([N+](=O)[O-])cnc(-c2ccc(-c3ccccc3)o2)n1CC=C1CCCCC1,-2.2538769245147705
guided,[CH2-]OCCCN[c+]1[n-][c+]2[cH-][cH+][cH-][cH+][c-]2n1C1CCCC[C+]1[O-],-1.9781709909439087
guided,CC[C@@H](Oc1cc(Cl)ccc1Cl)C(=O)Nc1ccc(C(=O)O)cc1,-3.131344795227051
guided,[O-][S+2]([O-])([CH+][CH-][c+]1[cH-][cH+][cH-][cH+][cH-]1)NN1[CH-][c+]2[cH-][cH+][cH-][cH+][c-]2OC1[c+]1[cH-][cH+][c-](Cl)[cH+][cH-]1,-2.6511785984039307
guided,CCOc1ccc(-c2[nH]ncc2CC(=O)NC(C)C)c(OCC)c1,-2.064993381500244
guided,O=S(=O)(c1cccc2cccnc12)N(CC1CC1)c1ccc(Cl)cc1,-2.5030341148376465
guided,O=C(Oc1cc(=O)oc2ccccc12)c1ncc(C(F)(F)F)cc1Cl,-3.172083616256714
guided,O=C(Nc1ccc2ccccc2n1)c1cc2c(s1)CCCC2,-2.3754727840423584
guided,NNC(=O)CNC(=O)COC(=O)CCSSC/C=N/c1ccccc1,-1.8221569061279297
guided,COc1cccc(CNc2ncn[nH]2)c1OCc1ccccc1F,-1.7814180850982666
guided,C=[N+]1C(=O)NC([O-])=CC1=[N+]=C=C([N+]#S([O-])([O-])c1ccccc1)Nc1nc2ccc(C)cc2s1,-1.6979632377624512
guided,O=C(Cc1cccs1)NNC1=NCCN1Cc1cccs1,-1.6481837034225464
guided,COCCN(Cc1ccccc1)C(=S)Nc1ccccc1O,-2.3754727840423584
guided,O=C(Nc1ccc(CO)cn1)c1ccc(N2CCCC2=O)cc1,-2.022524118423462
guided,O=C(Nc1cccc([N+](=O)[O-])c1)N1CCc2ccccc2C1,-1.9781709909439087
guided,[CH][C+]([O-])N[c-]1[cH+][cH-][cH+][cH-][c+]1[C-]([O-])N1CCOCC1,-2.1753058433532715
guided,O=C(NCc1ccccc1Cl)c1cccc(F)c1,-2.844355583190918
guided,[O-][C](N[C]1[N][CH][CH][S+2]1)[C]1[C][C](C2CCCCC2)[N]N1C[C]1[CH][CH][C](Cl)[CH][CH]1,-1.898970127105713
guided,NNC(=O)C(=O)N1CCc2ccccc2[C@H]1Cc1cccc2ccccc12,-2.1825454235076904
guided,O=c1c#coc2sc(-c3ccccc3)cc12,-5.7714409828186035
guided,CC/N=C/C(=C/c1ccc(OCC)c(O)c1)c1cc(-c2ccccc2)[nH]n1,-2.1825454235076904
guided,N[C-]1C[C+]2[C+]([S-])CCC[C+]2[N-][N-]1,-1.3739230632781982
guided,C[C+]1[CH+][C+]([N-][C]SC[C+]([O-])N[c+]2[cH-][cH+][cH-][c+](OC[C-]3[CH+][CH+][C+]([C][N-2])[CH-][CH+]3)[cH-]2)S[N-]1,-1.970301628112793
guided,COc1ccc(N2CCN(CCC(=O)c3cccnc3)CC2)cc1,-2.064993381500244
guided,N#Cc1cn(-c2ccccc2)nc1-c1cccnc1,-1.548350214958191
guided,CNCCc1cc(OC(=O)N(C)C)cc(C(F)(F)F)c1,-2.2803893089294434
guided,COc1ccc(-c2[nH]ncc2CN2CCSCC2)c(OC)c1,-1.9781709909439087
guided,Cc1cc(C)c(C)c(S(=O)(=O)n2cccc2)c1C,-2.844355583190918
guided,O=S(=O)(NC1CCCC1)c1cc[c-]c2n[s+]n[c-]12.[H+],-1.7780040502548218
guided,N[C@H](Cc1ccc(Cl)cc1)C(=O)O,-2.519998073577881
guided,[O][N+]([O-])[C]1[CH][CH][C](NC[C]2[CH][CH][CH][CH][C]2N([O-])[O-])[CH+][CH]1,-1.8830875158309937
guided,NS(=O)(=O)c1cccc(C(=O)N/N=C/c2ccc(Cl)c(Cl)c2)c1,-2.022524118423462
guided,COc1ccccc1C(=O)NCCC(=O)Nc1ccccc1C,-2.419826030731201
guided,CCOC(=O)c1[nH]c2c(c1C)C(=O)C[C@@H](c1ccc(Cl)cc1)C2,-3.0888755321502686
guided,O=C(C/[S+]=c1/ccccn1[O-])N/N=C/c1ccc(Cl)cc1,-1.931758999824524
guided,COCCN(c1ccccc1)[P@](=O)(c1ccc(C)cc1)c1cc2ccccc2[nH]c1=O,-2.717759132385254
guided,O=C(O)CCCCC(=O)Nc1nccs1,-1.9935381412506104
guided,C[C@@H]1CN(C(=O)c2ccc(NS(C)(=O)=O)cc2)C[C@H](C)O1,-2.3290607929229736
guided,CC(CC[c+]1[cH-][cH+][cH-][cH+][cH-]1)N[C-]([O-])CC[C+]1[CH+][c-]2[cH+][cH-][cH+][cH-][c+]2[N-][C+]1[S-],-2.54217791557312
guided,CN(C)S(=O)(=O)c1cccc(NC(=S)NCc2cccs2)c1,-1.9781709909439087
guided,C[CH-][C+](C)[C+]([CH+][C-]([O-])[CH+][CH+][CH-][CH+]CC)[C+]([O-])OCC(CO[C-](C)[O-])COC(CO)C(O)C(O)[CH-]O,-6.5525078773498535
guided,S=C(NCCN1CCCCC1)Nc1ccc(Cl)cc1,-1.8319255113601685
guided,NS(=O)(=O)c1ccc(CNC(=S)NC2CC2)cc1,-1.7780040502548218
guided,O=C(/C=C/C(=O)OCC(=O)N1CCN(c2ccccn2)CC1)Nc1ccc(Cl)cc1,-2.004145860671997
guided,CN(CCN1CCOCC1)Cc1nc(Cc2ccccc2F)no1,-1.7814180850982666
guided,O=C(CSc1nnc(-c2ccccc2O)o1)NCCc1ccccc1,-2.1057322025299072
guided,[CH2-]Oc1ccccc1O[CH2-].[O+]#P=[NH+]Cc1ccco1,-2.8982770442962646
guided,N[N-]C([c+]1[cH-][cH+][cH-][cH+][cH-]1)C1(C[C+]([O-])O)CCC[C+]([O-])C1,-2.2803893089294434
guided,N#CCSc1nnc(Nc2ccccc2)s1,-1.3769919872283936
guided,C=CCCOc1cccc(/C=N/NC(=O)Cc2cccn2C)c1,-2.022524118423462
guided,COCCN(COC)c1nc(C)nc2c1nnn2Cc1ccccc1,-1.4208155870437622
guided,CCN(C/[C-]=C/c1ccccc1)C(=O)c1cccnc1.[H+],-2.2803893089294434
guided,C[C@@H](NS(=O)(=O)c1ccc(Br)cc1)C(=O)N[C@@H](C(=O)OCc1ccccc1)C1CC1,-2.6850228309631348
guided,CC1CCCN([C]2[CH][CH][C]([C+]([O])N3CCN([C]4[CH][CH][C](F)[CH][CH]4)CC3)[CH][C]2N([O-])[O-])C1,-2.036881923675537
guided,[CH2-]C1[CH+][C-]2CC[C][C+]([CH+]C[CH-][C+](O)C(O)[C-](C)[CH+]O)[C-]2C1O.[H+].[H+].[H+],-6.08904504776001
guided,CCN(c1ccccc1)S(=O)(=O)c1nnc(NC(=O)c2cccc3ccccc23)s1,-2.004145860671997
guided,O=[N+]([O-])/C(=N/Nc1ccc(Cl)cc1)N1CCOCC1,-1.548350214958191
guided,[O][C]([C+]1[CH][CH][CH]O1)N1CCN(CCN2[C]([O])[C]3[CH][CH][C](N([O-])[O-])[CH][C]3[C]2[O])CC1,-1.970301628112793
guided,COc1cc(/C=N/N2CCN(C)CC2)cc(OC)c1OCc1ccccc1,-2.1825454235076904
guided,N[C-]1[N-]C([C+]2[CH+][CH-][CH+][CH-][C+]2C(F)(F)F)[N-][C+]1N1CCN([C-]([O-])[C+]2[CH+][CH-][CH+]O2)C1.[H+],-1.7146004438400269
guided,CN1CCC(=O)N([C@H](CC(=O)Nc2ccccc2C(F)(F)F)c2ccc(F)cc2)CC1,-2.3204572200775146
guided,O=[N+]([O-])c1cc(C(F)(F)F)ccc1N1CCN(S(=O)(=O)Cc2ccc(Cl)cc2)CC1,-2.2877211570739746
guided,COc1cc(S(=O)(=O)NCc2ccc(S(N)(=O)=O)cc2)c(Cl)cc1Br,-2.5030341148376465
guided,O=S(=O)(NN=C1CCCC1)c1cccc(OCc2ccccc2)c1,-2.4622952938079834
guided,O=C(O)c1ccc(COc2ccc(Cl)cc2Cl)cc1,-5.9427995681762695
guided,[Br-],-3.044522523880005
guided,COc1cccc2c(=O)n(CC(=O)N3CCN(C4CCCCC4)CC3)ccc12,-2.2188470363616943
guided,CCCC[C@@]1(CC(=O)O)C(=O)N(c2ccc(OC)cc2)N(c2cccc(Br)c2)C1=O,-2.6850228309631348
guided,FCCCOc1cccc2cccnc12,-2.662587881088257
guided,C[C]1[CH][CH][C]([S+]C[C]([O-])[CH][C](N)[N][C][C]2[CH][CH][C](OC[C]3[C](C)[N]O[C]3C)[CH][CH]2)[CH+][CH]1,-2.3204572200775146
guided,[N-2][c+]1[n-][c+]([O-])[c+]2[c+]3[c+]1[cH-][c+](C1CCCCC1)[n-]n3[C][C+]2CC[c-]1[cH+][cH-][cH+][cH-][cH+]1,-1.9352717399597168
guided,Nn1cc(-c2ccccc2)nc1SCc1cccc2ccccc12,-2.064993381500244
guided,OCc1ccccc1-n1nnnc1Oc1ccccc1,-1.5995122194290161
guided,COC(=O)CN1CCN(C(c2ccccc2)c2ccccc2)CC1,-2.4622952938079834
guided,CCOC(=O)c1c(-c2cccc([N+](=O)[O-])c2)csc1NC(=O)C(C)C,-2.5030341148376465
guided,N/C(=N\C(=O)CCC(=O)O)Nc1ccccc1C(F)(F)F,-1.931758999824524
guided,CCOC(=O)c1c(NC(=O)CSc2nnnn2-c2ccccc2)sc2c1CC(C)(C)NC2(C)C,-1.7277717590332031
guided,[O-]P(C[P+]([O-])(O)O)NC[c+]1[cH-][cH+][cH-]o1,-2.59383225440979
guided,CCOC[C@H](CC(=O)NCCC(=O)Nc1nc(-c2ccccc2)cs1)OC(=O)c1cccs1,-2.3828799724578857
guided,[H+].[N-2][c+]1[n-][c+](N2CCN3CC[C]C[CH+][C@@H]3C2)[n-][nH]1,-1.036091923713684
guided,COc1ccc2nc(-c3cccc(NC(=O)c4ccccc4C)c3)[nH]c2c1,-2.1825454235076904
guided,Cc1ccc(S(=O)(=O)NC2=NCN(C)CN2)cc1,-1.4944287538528442
guided,COc1ccc(CCNC(=O)CN2C(=O)COc3ccc(S(=O)(=O)N4CCOCC4)cc32)cc1OC,-2.4697651863098145
guided,[N-]=C1N=C[C+]2C(=O)N=C(CCNC3=NC(=C4C=C[C-](Cl)C=C4)C=[S+]3)N=C2N1,-1.344659447669983
guided,COc1ccc(/N=C\c2nc(-c3cc(Cl)ccc3OC)oc2C)cc1,-2.5030341148376465
guided,COc1ccc(-c2nnnn2Cc2cc3ccccc3n2C)cc1,-1.5607467889785767
guided,CNC(=O)c1nn(-c2cccc(Cl)c2)c2c1CSc1ccccc1-2,-2.064993381500244
guided,O=C(Nc1cc(C(F)(F)F)ccc1N1CCOCC1)c1snc2c(=O)n(Cl)cnc12,-1.7834744453430176
guided,N[S+3]123OC1[O+]2[C][CH-][CH+][C]N[S+2]([O-])([O-])[c-]1[cH+][cH-][c+](N2CCCC2)[c-]([cH+]1)N[S+2]([O-])([O-])[c-]1[cH-][cH+][c-]3[cH-][cH-]1.[H+],-2.12911319732666
guided,CO[C]([O-])[C]1[N][N][C]([O-])[C][C+]1S[C]([S])N1CCCCCC1,-1.931758999824524
guided,CN1C(=O)N(c2ccc(F)cc2)C(=O)[C@](C)(CCCl)C1=O,-2.3290607929229736
guided,CN(CC(=O)NCCSCc1ccccc1)S(=O)(=O)c1ccccc1,-2.5030341148376465
guided,[CH2+]CN(CC[CH-]C#N)C(=O)c1ccc(Cl)cc1,-2.1183104515075684
guided,Fc1ccc(Br)cc1SCCc1c[nH]c2ccccc12,-2.94943904876709
guided,[O-][N-][N-][C+]([N-][C+]1[CH-][CH+][CH+][CH+][N-]1)[c+]1[cH-][cH+][cH-][c+]2[cH-][cH+][cH-][cH+][c-]12,-1.6481837034225464
guided,CCCOc1ccc(C(F)(F)F)cc1C,-5.707110404968262
guided,N/C(=N\OC(=O)Oc1ccccc1)c1ccc(Cl)cc1,-2.2803893089294434
guided,NS(=O)(=O)c1ccc(N2CCCCC2)c(C(=O)Nc2ccc(N3CCOCC3)cc2)c1,-2.036881923675537
guided,[NH-][C+]([O-])N[N-][C+]1CCCC1,-1.192431092262268
guided,CC(C)COP([O-])OCC(C)C.[H]/[O+]=C\c1ccc(OC)cc1OC,-6.175867080688477
guided,COc1cccc([C@H]2C(C(=O)c3cccs3)=C(O)C(=O)N2CCN2CCOCC2)c1OC,-2.749457359313965
guided,Brc1ccc(/C=N/c2ccc(N3CCOCC3)cc2)s1,-2.2803893089294434
guided,OCC1(CCOc2ccccc2)CCN(Cc2nc(-c3ccc4ccccc4c3)no2)CC1,-2.3828799724578857
guided,O=C(CSc1nc2cc(Cl)ccc2s1)Nc1ncc(Cl)cn1,-1.6945956945419312
guided,N[S+2]([O-])([O-])OCCC[c-]1[cH+][cH-][c+](C2CC3CCCC[C+]3C[C-]2[N-]N[C+]([S-])N[c+]2[cH-][cH+][cH-][cH+][cH-]2)[cH-][cH+]1,-2.1580586433410645
guided,O=S(=O)(Nc1cc(S(=O)(=O)c2ccccc2)c(O)c2ccccc12)c1ccccc1,-3.3540725708007812
guided,Cc1nc2cc(-c3cccs3)nn2c(NCCN(C)C)c1C,-1.4739243984222412
guided,COc1cccc(Cl)c1OCCCN1CCOCC1,-2.8982770442962646
guided,S=C(NCCN1CCCCC1)Nc1cccc2ccccc12,-1.9781709909439087
guided,[NH-][c+]1[c-]([C+]([O-])OCC2CCCO2)[c+]2[n-][c+]3[cH-][cH+][cH-][cH+][c-]3[n-][c+]2n1C[c+]1[cH-][cH+][cH-][cH+][cH-]1,-2.004145860671997
guided,Fc1ccc(-c2csc(N3CCN(C(=S)NCCc4ccccn4)CC3)n2)cc1,-1.7496302127838135
guided,N[P@@](=O)(Oc1ccccc1)Oc1ccccc1Cl,-2.844355583190918
guided,O=C(NOCCO)c1ccc(F)c(F)c1Nc1cc(S(=O)(=O)N2CCOCC2)ccc1F,-2.3521556854248047
guided,[H]/[O+]=N/C1=C2C[C@@H](CC1)/C(=C(/[O-])OC)[C@@H]2C(=O)OC,-2.844355583190918
guided,CON/C(=N\c1nc(C)cc(C)n1)n1nc(C)cc1-c1cccc2ccccc12,-1.568960189819336
guided,[O-][S+2]([O-])([C][CH+][c-]1[cH+][cH-][cH+][cH-][c+]1Cl)NCC([c-]1[cH+][cH-][cH+][n-][cH+]1)N1CCN(C[c-]2[cH+][cH-][cH+][cH-][cH+]2)CC1,-2.12911319732666
guided,[N-]=C1C2=C(CCCC2)N=C2CCCC(=O)[C+]12,-2.0578689575195312
guided,[CH2-]CCCNC(=O)/C=[NH+]/C(=O)[C@H]1CCC(=O)N(CCC(=O)Nc2cccc(OC(F)(F)F)c2)C1,-2.12911319732666
guided,NS(=O)(=O)c1ccc(N/N=C/c2ccccn2)c([N+](=O)[O-])c1,-1.4739243984222412
guided,O=C(O)c1ccc(N[C+](=S)N[C@H](N[C][O-])C(Cl)(Cl)Cl)cc1,-1.931758999824524
guided,[NH-]N[C+]([O-])[c+]1s[c-]2[n-][c+](N3CCOCC3)[c+]3[c-]([c+]2[c-]1N)CCCC3,-1.5607467889785767
guided,CNC(=O)c1cnc(-c2cccc(Br)c2)n1CCCO,-1.8830875158309937
guided,CCCN1C(=O)[C@@H](c2ccccc2F)Oc2ccc(C(=O)NN)cc21,-2.1057322025299072
guided,Clc1cccc2nc(N3CCNCC3)ccc12,-1.7210086584091187
guided,CC(=O)N(Cc1cc2ccc(C)cc2nc1Cl)Cc1cn[nH]c1-c1ccc(F)cc1,-2.004145860671997
guided,O=C(NNS(=O)(=O)c1ccc(F)cc1)c1ccc([N+](=O)[O-])cc1,-2.022524118423462
guided,CCOc1cc(CNCCO)ccc1OCC(=O)NCc1ccc(F)cc1,-2.5798470973968506
guided,CCO[C]1[CH][CH][C]([C+]([O])N[C]([S])N(C)C[C]2[CH][CH][CH][CH][CH]2)[CH][C]1N([O-])[O-],-2.14487624168396
guided,Clc1ccccc1N1CCN(Cc2ccn[nH]2)CC1,-1.548350214958191
guided,COC(C[C@H](O)C[C@@H](O)COCc1ccccc1)OC,-5.993961334228516
guided,CCN(CC)C(=O)/C=C/c1ccc(/C=C/C(=O)c2ccco2)cc1,-3.131344795227051
guided,Nc1nnn(CC(=O)N/N=C\c2ccccc2)n1,-0.9401180744171143
guided,Cc1nc([P@](=O)(c2ccccc2)c2cccc3ccccc23)c(N2CCOCC2)o1,-2.6850228309631348
guided,Cc1cc(C)nc(NS(=O)(=O)c2ccc(/C=N/NC(=O)CC(N)=O)o2)c1,-1.640629529953003
guided,[O-]N([O-])C#[N+]/C=c1/ccc2c(c1)C=CC=[N+]=2,-1.660567283630371
guided,COc1ccc(C(=O)Nc2nccs2)cc1,-2.0578689575195312
guided,O=C(/N=C1\S[C@H]2CS(=O)(=O)C[C@H]2N1Cc1ccccc1)C1CC1,-2.419826030731201
guided,COC(CNC(=O)c1cc2c(=O)n(C)c3ccccc3c2n1C)OC,-2.1057322025299072
guided,CN(C)NC(=O)c1cc2cc(C(=O)O)ccc2n1C,-1.8319255113601685
guided,N#CN/C(=N/c1cccc(C(=O)O)c1)SCC(=O)Nc1ccc2c(c1)OCO2,-1.9352717399597168
guided,[O][C](C[C+]1[CH][CH][CH][CH][CH]1)NN[C]([O])N[C]1[CH][CH][CH][C](N([O-])[O-])[CH]1,-1.738948941230774
guided,O=C/[C-]=C(\NCCN1CCOCC1)c1ccccc1NC#[O+],-1.9781709909439087
guided,CCC(CC)C(=O)N/N=C/c1ccc(Cl)cc1,-2.1183104515075684
guided,OCCNCCCOc1ccc(-n2ccnc2)cc1,-1.8319255113601685
guided,Nc1nonc1-n1nnc(C(=O)N/N=C/c2ccc(F)cc2)c1C(F)(F)F,-1.21201491355896
guided,Cc1cc(Cl)ccc1Oc1cccc(C(=O)OCC(=O)Nc2ncc(C(F)(F)F)cc2Cl)c1,-2.780181884765625
guided,NN1[C](CC[C+]2[CH][CH][CH][CH][CH]2)[N][N][C]1SC[C]1[N][C]2[CH][CH][C](N([O-])[O-])[CH][C]2N1,-1.3809610605239868
guided,NS(=O)(=O)c1ccc(S(=O)(=O)N(Cc2ccc3c(c2)OCO3)Cc2ccco2)cc1,-2.6850228309631348
guided,Clc1cccc(Oc2nc3ccccc3nc2NCc2ccccc2)c1,-2.14487624168396
guided,COC(=O)c1ccccc1NC(=O)N1CCc2nc3ccccc3cc2C1,-2.1825454235076904
guided,COc1cc(OC)c2c(CC(=O)O)coc2c1,-5.831882476806641
guided,O=C(Cc1ccccc1)NNc1c(Cl)cccc1Cl,-2.229227304458618
guided,[O-][P+](O)(O)C([CH-]O)N1CCCCC1,-2.519998073577881
guided,C[C@H](CCc1ccc(S(N)(=O)=O)cc1)NC(=S)NC(=O)c1ccccc1,-2.14487624168396
guided,Fc1cc(CN2CCC(Cc3ccccc3)CC2)cc(C2CCCCC2)c1,-3.248896837234497
guided,Fc1ccccc1/C=N/N1CCN(Cc2c[nH]c3ccccc23)CC1,-1.8221569061279297
guided,NS(=O)(=O)c1ccc(NC2=CC=C(Br)C3=CC4=CCCCCC4=N[C-]23)nc1.[H+],-1.898970127105713
guided,N#Cc1ccc(S(=O)(=O)NCc2ccccn2)cc1,-1.8319255113601685
guided,N/C(=N\OC(=O)c1sccc1N)c1ccc(C(F)(F)F)cn1,-1.6945956945419312
guided,N#CCCNCC1(c2ccccc2)CCCC1,-2.1183104515075684
guided,[CH2-]CN(CC)[C+]([S-])N[C+]([O-])CC,-1.771224856376648
guided,O=C(Cc1cccs1)NNC(=O)c1ccc(OCc2ccccc2)cc1,-2.54217791557312
guided,O=[P@@]1(OCc2ccccc2)OCC2=C[CH-]C=CC2/C=[C-]/[O+]=C\1C#[O+],-6.175867080688477
guided,COc1ccc(C(=O)Cn2nnc(-c3ccccc3)n2)cc1,-1.6945956945419312
guided,O=C(NC(=S)Nc1ccsc1/C=N/c1ccc(F)cc1)C(c1ccccc1)c1ccccc1,-2.3828799724578857
guided,S=C(NCCc1cccc(OCCOc2ccccc2)c1)Nc1ccccc1,-2.6161489486694336
guided,Nc1nonc1-c1noc(N2CCCCC2)n1,-1.036091923713684
guided,Nc1cc(CO)cc(C(=O)O)c1,-2.440274477005005
guided,C[P@@](=O)(Nc1ccc(SC(F)(F)F)cc1)Oc1ccc(F)cc1,-3.0888755321502686
guided,[O-][S+]([O-])O,-4.394449234008789
guided,FC1(F)Oc2ccc(cc2)NC(=S)Nc2ccc(cc2)CNCc2c1[nH]c(=S)n2Cc1ccccc1,-1.965518593788147
guided,Nc1nc(NS(=O)(=O)c2ccc(Cl)cc2)nn1-c1ccccc1,-1.5182775259017944
guided,[CH2-]NC(C)CC1CCCCC1,-2.35364031791687
guided,COc1cc(NS(=O)(=O)c2ccc(-c3cc(C)no3)s2)cc(OC)c1,-2.5030341148376465
guided,CNNC1CCCCC1,-1.4849249124526978
guided,S=C(NCc1ccc2c(c1)OCO2)Nc1ccccc1-c1ccccc1,-2.54217791557312
guided,[O-][C+](N[N-][CH+][c-]1[cH+][cH-][cH+][cH-][c+]1N([O-])[O-])[C+]1CO[c+]2[cH-][cH+][cH-][cH+][c-]2O1,-2.064993381500244
guided,O=[N+]([O-])C1=C=NC(/N=[NH+]/c2ccc(Cl)cc2)=C(/C=N/c2ccc(Cl)cc2)C1=[N+]([O-])[O-],-1.60280442237854
guided,CC[C@@H]1CCCC[N@+]12CC[C@H](NC(=O)CNC(=O)[c-]1ccc[s+]1)[C-](NCCC1=CCCCC1)O2,-2.12911319732666
guided,C/N=C1\[NH+]=[C-]C(C(=S)c2ccc(Br)cc2)=C1c1ccc2ccccc2c1,-2.54217791557312
guided,[N-][P](N)([O-])N[C+]([O])[C]1[CH][CH][CH][CH][CH]1,-1.4536465406417847
guided,[S-]SC(CCN1CCOCC1)[c+]1[cH-][cH+][cH-][cH+][cH-]1,-2.7873599529266357
guided,O=C(CCC(=O)N1CCc2ccccc2[C@@H]1c1ccccc1)c1ccccn1,-2.6161489486694336
guided,COc1ccccc1Oc1cc(C)nc(NCCN2CCCC2)n1,-1.7814180850982666
guided,O=C(NNC1=C([O-])OCC#[N+]1)c1ccco1,-1.660567283630371
guided,COC(=O)C1=C(C)N(c2cccc(OC)c2)C(=O)C1,-2.8982770442962646
guided,COc1ccc(/C=N/NC(=O)c2cccnc2)cc1Oc1nc(-c2ccccc2O)nc2ccccc12,-1.99288010597229
guided,Cl[c-]1[cH+][cH-][cH+][cH-][c+]1C([c-]1[n-][n-][n-]n1C[c+]1[cH+][cH+][cH+][n-][cH+]1)N1[CH-]CCCC1,-1.4599595069885254
guided,Clc1ccc(OCCCNCc2ccco2)c(Br)c1,-2.8982770442962646
guided,O=C(NC1CCCC1)c1cccc(Cl)c1,-2.662587881088257
guided,NS(=O)(=O)c1c(NCc2ccccc2)sc2ccccc12,-2.3290607929229736
guided,Fc1ccccc1Cn1cnnc1-c1ccccc1,-1.8319255113601685
guided,COCC(=O)N1CCN(c2ccccc2O)CC1,-2.1753058433532715
guided,Nc1ccc(NC(=O)N[C@]23C[C@H]4C[C@H](C[C@H](C4)C2)C3)c(Cl)c1,-1.9781709909439087
guided,F[c-]1[cH+][cH-][cH+][c-](F)[c+]1CN1CCC([C-]2[CH-][CH+][CH-][CH+][CH-]2)CC12CCCNCC2.[H+],-2.5798470973968506
guided,COc1ccccc1C(=O)Nc1nc(N)n(-c2ccccc2)n1,-1.5182775259017944
guided,[S+]#P([N-]N1CCOCC1)[N@+]12C[C@]1([S-])C2,-1.5274808406829834
guided,O=C(N[C@H](Cc1ccccc1)C(=O)N1CCN(S(=O)(=O)c2cccs2)CC1)c1cccs1,-2.3521556854248047
guided,Brc1ccc(Cn2c(-c3cncs3)nc3ccccc32)cc1,-1.9781709909439087
guided,CCOc1ccccc1/C=C/C=N/c1ccccc1C(=O)Nc1ccccc1,-2.6161489486694336
guided,COc1ccc2nc(-c3ccccc3)[nH]c2c1,-2.1183104515075684
guided,CCC/N=C(\N)[C@@H](C(=O)OC)c1ccccc1,-2.1183104515075684
guided,O=C(O)c1ccc(N/C([O-])=C2\[C]S[C+]3=C2C=CC=C3)nc1,-2.3290607929229736
guided,NNC(=O)CCn1c(-c2ccccc2NS(=O)(=O)c2ccccc2)nc2ccccc21,-1.8162105083465576
guided,Clc1cc(-c2ccccc2)nc(N2CCOCC2)n1,-1.8319255113601685
guided,COc1ccc2c(c1)[C@H](C(=O)N[C@H](C)CCc1ccc(OC(C)=O)c(OC)c1)CCC2,-3.3868086338043213
guided,O=C(O)/C=C/c1ccc(OC(=O)c2cccs2)cc1,-5.9427995681762695
guided,Cl[C-](Cl)[c+]1[n-][cH+][cH-][cH+][c-]1O[c+]1[cH-][cH+][cH-][cH+][cH-]1,-2.7269186973571777
guided,[N-2][N-][C+]1[C+]([c+]2[cH+][cH+][cH+][cH+][cH-]2)[C][N-][C+]2[N-][C][N-]N21,-1.036091923713684
guided,Cn1c([P@](C)(=O)Nc2ccccc2F)nc2c1c(=O)[nH]c(=O)n2C,-1.5607467889785767
guided,[O-][C+](O)CCCN1[C-]([S-])S[C+]([CH+][c-]2[cH+][cH-][c+]([C][N-][C+]3[CH+][CH-][CH+][CH-][CH+]3)o2)[C-]1[O-],-2.5798470973968506
guided,NCCNc1cnn(Cc2ccccc2)c(=O)c1Cl,-1.548350214958191
guided,CN(C)C(C[C+]1[CH][CH][CH][CH][CH]1)[C]1[N][N][N]N1[C]1[CH][CH][CH][C](N([O-])[O-])[CH]1,-1.4208155870437622
guided,COc1ccc(OCc2nc(N)nc(Nc3ccccc3C)n2)cc1,-1.6014856100082397
guided,[O-]P(O)CC[c+]1[cH-][cH+][n-][cH+][cH-]1,-2.35364031791687
guided,CCN1CCN(C(=O)Nc2cc(Cl)ccc2[N+](=O)[O-])CC1,-1.6481837034225464
guided,C[N-][C+]([O-])N[c+]1[n-][n-][c+](C[c+]2[cH-][cH+][cH-][cH+][cH-]2)[c+]([O-])[nH]1,-1.3276787996292114
guided,CC[C@H](C)NC(=O)CCCc1ccccc1,-2.7269186973571777
guided,CC(C)(C)c1ccc(OCC(=O)Nn2cnnc2)c(Br)c1,-1.6481837034225464
guided,[O-][S+]([O-])[c+]1[n-][cH+][cH-]n1C[c+]1[cH-][cH+][cH-][cH+][c-]1F,-2.0578689575195312
guided,CC(=O)N(c1cccc(-c2cc(C)no2)c1)c1nccn1C,-1.6945956945419312
guided,[O-]S([O-])(#[N+]C1=C=[O+]CCC1)c1cc(C(F)(F)F)ccc1Cl,-2.998110294342041
guided,CC/[S+]=C1\SC(CC)=C\C1=C(/[O-])Nc1ccc2c(c1)OCCO2,-3.0888755321502686
guided,Cc1n[nH]c(C)c1S(=O)(=O)N1CCOCC1,-1.660567283630371
guided,O=C(CCc1ccccc1)NNC(=S)NC(=O)c1cccnc1,-1.738948941230774
guided,Cc1cccc(N(CC(=O)Nc2c(C)n(C)n(-c3ccccc3)c2=O)S(C)(=O)=O)c1,-2.004145860671997
guided,CCN(CC)c1ccc(CN2CCC[C@@H](CCC(=O)Nc3cc4[nH]c(=O)[nH]c4cc3OC)C2)cc1,-1.9373873472213745
guided,Cc1cccc(OC[C@@H](O)Cn2ccnc2)c1,-2.1183104515075684
guided,COc1ccc(/C=C(\NC(=O)c2ccccc2)C(=O)NCCN2CCOCC2)cc1,-2.2877211570739746
guided,COc1cc(NC(=O)CN(C)Cc2ccc([N+](=O)[O-])cc2)cc(OC)c1,-2.14487624168396
guided,NS(=O)(=O)c1ccc(N2C[C@H](C(=O)Nc3ccc(Cl)cc3[N+](=O)[O-])CC2=O)cc1,-1.970301628112793
guided,CCOC(=O)c1cc(C(=O)c2ccccc2F)cn1CC(=O)N1[C@H](C)CCC[C@@H]1C,-2.6850228309631348
guided,CN(C)CN(C[C@@H](O)COc1ccccc1C(F)(F)F)S(=O)(=O)c1cccs1,-2.6161489486694336
guided,Clc1ccc(-c2nnc(SCC[C@@H]3CC=CCC3)o2)cc1,-2.3290607929229736
guided,C[C@@H]1CO[C@H](n2cnc3c(Nc4ccc(Cl)cc4)ncnc32)C1,-1.5182775259017944
guided,CN(CC(=O)NC1CC1)S(=O)(=O)c1ccc(F)c(Cl)c1,-2.2803893089294434
guided,COc1ccc(/C=N/NC(=O)c2ccccn2)cc1Br,-1.8830875158309937
guided,Cc1cc(C)nc(SCC(=O)N2CCOCC2)n1,-1.7780040502548218
guided,Cn1nc(C(=O)Nc2ccc(F)cc2)cc1C(F)(F)F,-1.8830875158309937
guided,CCOCCOCn1[c-]nc2c([nH]c3ccccc32)c1=O.[H+],-1.931758999824524
guided,[O-][S@@+](c1ccccn1)[C@@H]1CCO[C@H](CO)CO1,-2.7873599529266357
guided,O=C(C#Cc1ccco1)Nc1ccccc1N1CCCC1,-2.3290607929229736
guided,O=C(N[C@@H](O)C(=O)c1cccs1)c1cccc(Br)c1,-2.8982770442962646
guided,N/C(=N\C1CCCCC1)c1cccc(Cl)c1,-2.0578689575195312
guided,O[CH+][c+]1[cH-][cH+][cH-][cH+][cH-]1.[CH2+]CC.[CH2-]CC[P-][O-],-5.7714409828186035
guided,O=C(Nc1ccc(F)cc1)N1CCN(CC#Cc2ccc(Br)cc2)CC1,-2.14487624168396
guided,C#Cc1[c-]cc(S(=O)(=O)n2nc(OC(=O)c3ccccc3OC)cc2N)cc1.[H+],-2.2188470363616943
guided,COc1ccc(CNCC(=O)N2CCCCCC2)cc1,-2.2803893089294434
guided,COc1cc(C(C)=O)ccc1OC[C@H](O)CNCCc1ccc(F)cc1,-3.2112276554107666
guided,CCCOc1cccc(NC(=O)CN2CC[C@@]3(O)CCCC[C@@H]3[C@H]2c2cccc(OC)c2OC)c1,-2.8389358520507812
guided,O=S(=O)(c1cc(Cl)sc1Cl)N1CCCC1,-2.662587881088257
guided,[OH-],-3.044522523880005
guided,[CH][C]1[CH][CH]C([C]([O])NN)N[C]([S])NCCCC[CH]1.[H+],-1.4944287538528442
guided,Clc1ccc(-c2nc3ccccc3c3ccccc23)cc1,-2.998110294342041
guided,C/C(=N\NC(=S)Nc1ccccc1C)C1CCCCC1,-1.8830875158309937
guided,COc1cc(CCC(=O)N2CCc3ccccc32)cc(OC)c1OC,-3.172083616256714
guided,[CH2-]CC/[N+](=C/COS(=O)(=O)CCN(C)S(=O)(=O)c1ccccc1)C(=O)[C@@H](Cl)OC(=O)CO,-2.749457359313965
guided,[O-][C+](O)[C-]1[C][C+]2[C][C][C][C][C+]2[C+]([N-][N-][c+]2[cH+][cH+][cH+][n-][cH+]2)[C+]1O,-1.9781709909439087
guided,NNS(=O)(=O)c1cccc(NC(=O)CCCCl)c1,-1.7780040502548218
guided,NS(=O)(=O)c1ccccc1Nc1cc(=O)c2ccccc2s1,-2.3754727840423584
guided,FC(F)O[c-]1[cH+][cH-][c+](N([N-][C+]2[CH+][C+](C(F)(F)F)[c-]3[cH+][cH-][cH+][cH-][c+]3N2)[C-]2[N-]CCS2)[cH-][cH+]1.[H+],-2.036881923675537
guided,O=C(C1CCN(S(=O)(=O)N2CCOCC2)CC1)N1CCCCC1,-2.022524118423462
guided,C=CCNS(=O)(=O)c1ccc2c(c1)CCN2C(C)=O,-2.229227304458618
guided,C[C-]([O-])NN[C+]([O-])CC[N-][C+]([O-])OC1CCCCC1,-1.8319255113601685
guided,O=C(O)COc1nc(Nc2cccc(C(F)(F)F)c2)nc(N2CCOCC2)n1,-1.7146004438400269
guided,O=S1(=O)C[C@@H]2SC(Nc3ccc(S(=O)(=O)N4CCOCC4)cc3)=N[C@@H]2C1,-2.14487624168396
guided,NNC(=O)c1sccc1OCc1c(F)c(F)cc(F)c1F,-2.3290607929229736
guided,Cc1ccc(NC(=O)CN(C)S(=O)(=O)c2ccc3[nH]c(=O)oc3c2)cc1Cl,-2.1825454235076904
guided,COc1ccc(NC2=C(Cc3cc(Br)c(O)c(Br)c3)C(=O)c3ccccc3C2=O)cc1,-3.3868086338043213
guided,[CH][c+]1[c+]2[cH-][n-][c+]3[cH+][cH-][c+](OCC4CCCCO4)[cH-][c+]3[c-]2n(O)[c+]2[cH-][c+](OC(C)C)[cH-][cH+][c-]12,-2.749457359313965
guided,OCCN/C(=N/c1ccc(N2CCOCC2)cc1)Nc1ccccc1,-1.8221569061279297
guided,N#CN/C(=N/c1cccc(Cl)c1)SCc1ccc(C(=O)O)cc1,-2.022524118423462
guided,COc1cc(C(=O)NCCCNC(=O)c2ccc(F)cc2)cc(OC)c1OC,-2.6161489486694336
guided,COCCCN1CCC(C)CC1,-2.440274477005005
guided,COc1ccc(-n2nnnc2SCC(=O)c2cccs2)cc1,-1.6945956945419312
guided,CCn1c(COc2ccccc2)nnc1SCC(=O)NC1CCCC1,-1.8221569061279297
guided,CN(C)CCNC=C1C(=O)N(C)C(=S)N(C)C1=O,-1.4944287538528442
guided,C=[O+]c1c(/C=C\c2ccco2)nc2nc(CN3CCCCC3)n(C)c2c1[O-],-1.898970127105713
guided,NC(N)=Nc1ccc(CCCc2cccc3nccn23)c(Cl)c1,-1.5182775259017944
guided,[CH2-]N(C[C+]1[CH+][CH+][CH-][CH+][CH-]1)[S+2]([O-])([O-])[c+]1[cH-][cH+][cH-][cH+][c-]1N([O-])[O-],-2.3290607929229736
guided,CCO[c-]1[cH+][cH-][c+]([C-]2CC[C+]([O-])[O+]3C4[CH+][CH-][C+]([CH-]C43)CCN[C+]([S-])N[N-]2)[cH-][cH+]1,-2.2188470363616943
guided,O=C(c1ccccc1)c1ccc(N(CCO)CCc2ccccc2)cc1,-3.2112276554107666
guided,[CH2-][C+]([N-]n1[cH+][n-][nH][c+]1[S-])[C-](Cl)[C+](Cl)Cl,-1.2439055442810059
guided,[CH2-]n1[n-][c+](-[c+]2[cH-][cH+][c-](O[c+]3[cH+][cH+][cH-][c+]4[cH-][cH+][cH-][n-][c+]34)[c+](N([O-])[O-])[cH-]2)[c+]2[cH-][cH+][cH-][cH+][c-]2[c+]1[O-],-2.068580389022827
guided,O=C(N/N=C/c1ccc(OC(F)F)cc1)c1cccc(O)c1,-2.3754727840423584
guided,Brc1cccc(-c2nnc(SCc3nc4ccccc4[nH]3)n2Cc2ccco2)c1,-1.7496302127838135
guided,NNS(=O)(=O)c1ccccc1[N+](=O)[O-],-1.5274808406829834
guided,CCOc1ccc(/N=C/c2c(C)nn(Cc3ccc(F)cc3)c2C)cc1,-2.14487624168396
guided,O=C(Nc1ncc(Cc2ccccc2)s1)c1cccs1,-2.2803893089294434
guided,CCOc1ccc(-n2nnc3c(=O)n(Cc4ccccc4C)cnc32)cc1,-1.6782987117767334
guided,O=C(O)c1ccccc1Oc1nc(-c2cccs2)cc(C(F)(F)F)n1,-2.5030341148376465
guided,[OH-],-3.044522523880005
guided,O=C(O)[C@@H](Oc1cccc(F)c1)c1ccccc1,-5.888877868652344
guided,N#Cc1cnc(Nc2ccccc2C(=O)O)cn1,-1.4944287538528442
guided,COCCNCCOc1ccccc1-c1ccccc1,-2.94943904876709
guided,[CH2-]N[C+]([S-])NCC1CCC([c-]2[cH+][cH-][cH+][cH-][cH+]2)CC1,-2.1753058433532715
guided,CCOC(Cn1cc(CCc2ccccc2)c(=O)[nH]c1=O)OCC,-2.4622952938079834
guided,CCOc1ccc(Nc2nc3ccc(C(N)=O)cc3n3cnnc23)cc1,-1.4599595069885254
guided,C[C][CH+][C-]([O-])[C+]([CH+][c-]1[cH+][cH-][cH+][c-](C)[c+]1C)[C-]([O-])OC[CH+][CH+][c-]1[cH+][cH-][cH+][cH-][cH+]1,-6.293419361114502
guided,O=C1CN(C(=O)COc2cc(F)ccc2[N+](=O)[O-])c2ccccc2N1,-2.1057322025299072
guided,COc1ccc(OC)c(SCc2nc(Nc3nc(C)cc(C)n3)nc(N3CCCCC3)n2)c1,-1.5449939966201782
guided,Br[C][C][C][C][C]1[N][N+][N+][N+]1.[C-2][NH+][C][CH][CH2].[OH-],-1.156320571899414
guided,[OH-],-3.044522523880005
guided,N[C+]([N-][C+]([N-][C][O-])N1CC[C+]2[CH+][CH-][CH+][CH-][C+]2C1)[c-]1[cH+][cH-][cH+][cH-][cH+]1,-1.738948941230774
guided,C[C@@H]1C=CC[C@@H]2C(=O)N(CCC(=O)N3CCN(S(=O)(=O)c4ccc(Cl)cc4)CC3)C(=O)[C@H]12,-2.3521556854248047
guided,Cc1ccc(/C=C2/SC(=S)N(NC(=O)c3ccccc3)C2=O)o1,-2.419826030731201
guided,NS(=O)(=O)c1ccc(NC(=S)NCc2ccccc2)cc1,-1.931758999824524
guided,[CH2-]N(C)[S+2]([O-])([O-])[c+]1[cH-][c+](N([CH+][O-])CCN2CCOCC2)[cH-][cH+][c-]1N1CCCCCC1,-2.004145860671997
guided,COC[C@H](COS(N)(=O)=O)C(=O)c1ccc(Cl)cc1,-2.8982770442962646
guided,Nn1c(SCC(=O)Nc2ccc3c(c2)OCO3)nnc1C(F)(F)F,-1.5607467889785767
guided,COc1ccc(NC(=O)c2ccc(=O)[nH]n2)cc1S(=O)(=O)N1CCCCC1,-1.898970127105713
guided,Fc1ccc(SC2CCCCC2)cc1,-5.638354778289795
guided,Nn1c(SCC(=O)N2CCN(C(=O)OCc3ccc(F)cc3)CC2)nnc1-c1ccco1,-1.6672389507293701
guided,[NH-][C+]1[CH+][C-]([O-])N[C-](SC[C+]([O-])N[c-]2[cH+][cH-][cH+][c-](C(F)(F)F)[cH+]2)[N-]1,-1.738948941230774
guided,COc1ccc(-c2nc(SCC(=O)Nc3ccccc3OC)n[nH]2)cc1,-1.8613009452819824
guided,O=C(/C(CCC1CCCC1)=N/O)c1ccc(O)c(O)c1,-2.94943904876709
guided,Cc1nc2cc(NC(=O)c3c(F)c(F)c(F)c(F)c3F)ccc2s1,-2.4622952938079834
guided,COC(C[C@@H](O)C[C@@H](O)[C@@H](C)OCc1ccccc1)OC,-6.042633056640625
guided,CCCCN(CCC)C(=O)/C(=C\c1cccs1)NC(=O)c1cccs1,-2.5030341148376465
guided,[NH-]CN([CH+][CH-][c+]1[cH-][cH+][c-](Cl)[cH+][c-]1Cl)CCN1CCCC1,-1.8830875158309937
guided,[O-][P+]1(N[c+]2[cH-][cH+][cH-][cH+][cH-]2)CN[CH-]CCN1,-1.5962363481521606
guided,CN(C)NC(=O)CN1CCOCC1,-1.4536465406417847
guided,FC(F)Sc1ccc(NC(=S)N2CCN(c3ccccn3)CC2)cc1,-1.8221569061279297
guided,CCOc1ccccc1N(CC)C(=O)c1ccc(N(C)S(=O)(=O)c2ccc(C)cc2)cc1,-2.749457359313965
guided,Nc1ccc(/C=C/C(=O)O)cc1,-2.440274477005005
guided,NC(=O)NCCCC(=O)OCc1ccc(Br)cc1,-2.1753058433532715
guided,OCC[C@@H]1CN(Cc2ccccn2)CCN1CCc1ccccc1,-2.064993381500244
guided,NS(=O)(=O)c1cccc(NC(=O)CO/[C-]=N/C(/N=N/c2cccc3cccnc23)=C2/C=CC=[S+]2)c1,-1.756717324256897
guided,Nc1nc(CCc2ccc3ccccc3n2)no1,-1.4944287538528442
guided,Cc1ccccc1C(=O)N1CCN(c2ccc(N3C(=O)CCCC3=O)cc2)CC1,-2.2538769245147705
guided,COCCCNC(=O)c1ccc(NC(=O)C(=O)NCc2ccco2)cc1,-2.14487624168396
guided,Cl[C-](CS[c+]1[cH-][cH+][cH-][cH+][cH-]1)[c+]1[n-][cH+][n-][c+]2[cH-][cH+][cH-][cH+][c-]12,-2.2803893089294434
guided,C[C-](C)N[S+2]([O-])([O-])[c+]1[cH-][cH+][cH-]s1,-2.440274477005005
guided,O=C(C[C@@H](C(=O)Nc1ccc(Cl)cc1)n1ccnc1)Nc1ccc(Cl)cc1,-1.898970127105713
guided,O=C1C=C(NCc2ccco2)C[C@@H](c2ccco2)C1,-2.8982770442962646
guided,[O-][C](N[N][CH][C]1[CH][CH][C]2[O+]CC[O+][C]2[CH]1)[C]1[C]S[C]2CCCC[C]21,-2.4622952938079834
guided,C[C-]([C][C+]1[C+](O[C+](O)C[C-]([O-])N[C+]2[CH+][CH-][CH+][CH-][CH+]2)[CH+][CH-][c+]2[cH-][cH+][cH-][cH+][c-]21)[N-]N[C+](N)[O-],-2.036881923675537
guided,COc1cccc(N2CCN(CCCNC(=O)C(=O)c3c[nH]c4ccccc34)CC2)c1,-2.036881923675537
guided,C=C(n1nccc1C(=O)Nc1ccc(S(N)(=O)=O)cc1)S(=O)(=O)c1cccc2cccnc12,-1.8786333799362183
guided,C[C@H](O)CO,-4.6151204109191895
guided,[OH-],-3.044522523880005
guided,O=C(CSC(=S)N1CCOCC1)N1CCCCCC1,-2.229227304458618
guided,[O-][C+]([CH-]OC(CO)CO)[c-]1[cH+][cH-][cH+][c-](N[c-]2[n-][cH+][n-][c+]3[c+]2o[c-]2[cH+][cH-][cH+][cH-][c+]32)[cH+]1,-2.2538769245147705
guided,NNC(=O)c1cnccc1C(F)(F)F,-1.5274808406829834
guided,F[c-]1[cH+][cH-][cH+][cH-][c+]1CS[c-]1[cH+][c-]([N-]CCN2CCCC2)[cH+][cH+][n-]1,-2.022524118423462
guided,Cn1ncc(Cl)c1Oc1cc2n(c(=O)c1)CCCC2,-1.8319255113601685
guided,O=C(NC1=[C+]2S[C]/C(=C(/[O-])O)C2=CS1)c1ccco1,-2.8982770442962646
guided,O=[N+]([O-])c1ccc(N2CCN(c3ccc(F)cc3)CC2)cc1NC1CC1,-1.8613009452819824
guided,O=C(C1CCN(S(=O)(=O)N2CCOCC2)CC1)N1CCN(c2cccc(Cl)c2)CC1,-2.004145860671997
guided,[N-2][C+]([O-])[CH-]O[c+]1[cH-][cH+][c-]2[c+]([cH-]1)OCCO2,-2.662587881088257
guided,O=C(CN1CCCCCC1)NC(=O)NCc1ccco1,-1.8830875158309937
guided,C1#CC2=N[C@@H]2C#C1,-1.9042375087738037
guided,COc1ccc2c(c1)/C(=C\c1cccc(O)c1)C(=O)N2,-2.94943904876709
guided,NC(=O)C1CCN(C(=O)/C=C/c2cccs2)CC1,-2.1753058433532715
guided,OCCS,-4.394449234008789
guided,[O-]N([O-])[C][CH+][C+]([CH+][N-][N-][C+]1[CH+][CH-][C+](OC[c-]2[cH+][cH-][cH+][c-](Br)[cH+]2)[CH-][CH+]1)[S+2]([O-])([O-])N1CCOCC1,-2.099304676055908
guided,Clc1ccc(-c2nnc(N3CCCCC3)c3ccccc23)cc1,-2.022524118423462
guided,O=C(CSc1nnnn1Cc1ccccc1)NC(=O)NC1CCCC1,-1.4208155870437622
guided,Nc1ccc(N2CCN(S(=O)(=O)c3ccc(NC(=O)c4ccco4)cc3)CC2)cc1,-2.004145860671997
guided,CCOc1ccc2nc(SCC(=O)Nc3ccccc3C#N)sc2c1,-2.1057322025299072
guided,S=C(Nc1ccc(Cl)c(Cl)c1)Nc1ccc(Br)cc1Cl,-2.2803893089294434
guided,CN(C)CNc1nc(-c2cccnc2)nc2c1ccc1ccccc12,-1.6014856100082397
guided,Cc1cc(C(F)(F)F)n(-c2nc(Oc3ccc(F)cc3F)nc(N3CCOCC3)n2)n1,-1.63554048538208
guided,Nc1nnc(SCC(=O)Nc2ccc3nc(SCC(=O)NC4CC4)sc3c2)s1,-1.5339303016662598
guided,Nc1nc(NC[C@H]2CCCO2)nc(Nc2ccc(S(=O)(=O)N3CCOCC3)cc2)c1[N+](=O)[O-],-1.5449939966201782
guided,O=C(Nc1ccccc1N1CCOCC1)c1ccc(NS(=O)(=O)c2cccc(Cl)c2)cc1,-2.3521556854248047
guided,O=C(CN1CCCC1)c1ccccc1,-2.59383225440979
guided,C[C@@H](Sc1nnc(-c2ccco2)n1C1CC1)C(=O)NC[C@@H]1CCCO1,-1.8221569061279297
guided,COc1ccccc1CCN1CCC[C@@H](CN(C(=O)c2cccs2)c2ccc(F)cc2)C1,-2.749457359313965
guided,[CH2-]C[C+]([CH+][C-]1[CH+][CH-][C+](N2CCOCC2)C1(C)C)[N-]P([O-])N[c+]1[cH-][cH+][cH-][cH+][cH-]1,-2.1825454235076904
guided,[CH2-]CC/[N+](=C\c1ccc(Cl)cc1)c1ncccn1,-1.7780040502548218
guided,O=C(Nc1nnc(SCC(=O)N2CCOCC2)s1)c1cccs1,-1.738948941230774
guided,N[C]([N]N[C]([O])[C]1[CH][CH][CH][C](N([O-])[O-])[CH]1)[C+]1[CH][CH][C]2[N][CH]N[C]2[CH]1,-1.3800767660140991
guided,CCOC(=O)C(=O)Nc1cc(C)on1,-1.924782633781433
guided,COc1cc2c(cc1OC)CN(CC(=O)Nc1ccc(OCc3ccccc3)cc1)CC2,-2.749457359313965
guided,[NH-][c+]1[c-]([C+]([O-])OCC2CCCO2)[c+]2[n-][c+]3[cH-][cH+][cH-][cH+][c-]3[n-][c+]2n1C[c+]1[cH-][cH+][cH-][cH+][cH-]1,-2.004145860671997
guided,COP(=O)(OC)c1ncc(C(F)(F)F)cc1Cl,-2.7873599529266357
guided,Nn1c(-c2ccccc2)nc2ccccc2c1=O,-1.7780040502548218
guided,NS(=O)(=O)c1cccc(NS(=O)(=O)c2ccc(-c3coc(Cc4ccccc4Cl)n3)cc2)c1,-2.3828799724578857
guided,CO/N=C(/CNC(=O)c1cccc2ccccc12)c1ccc(Cl)cc1,-2.5030341148376465
guided,Cn1c(C(=O)NCCCN2CCN(c3ccccc3F)CC2)cc2c(=O)n(C)c3ccccc3c21,-1.9373873472213745
guided,O=C(NCCc1c[nH]c2ccccc12)/C(=C/c1ccco1)NC(=O)c1cccs1,-2.2538769245147705
guided,[CH2-]CCC[C@H](/N=C(\[O-])C/[S+]=C1\N=NC(Cc2ccc(OC)c(OCC(=O)O)c2)=[N+]1C)C(=O)O,-2.099304676055908
guided,NS(=O)(=O)c1cccc(NOCC(Cl)(Cl)Cl)c1,-2.1183104515075684
guided,COCn1c(=O)n(CCO)c(=O)c2ccccc21,-2.1753058433532715
guided,COc1ccc(C(C)(C)C)cc1N1CCN(/N=C/c2c(F)cccc2Cl)CC1,-2.2188470363616943
guided,NN1[CH][C](O[C+]2[CH][CH][CH][CH][C]2F)[C]2[CH][CH][CH][C](N[C]([O])[C]3[CH][CH][C](N([O-])[O-])O3)[C]21,-1.970301628112793
guided,COc1ccccc1N(CC(=O)N1CCN(C(=O)c2ccco2)CC1)S(=O)(=O)c1ccc(C)cc1,-2.441633939743042
guided,COCCCNCCCCOc1c(Cl)cc(C)cc1Cl,-2.94943904876709
guided,[CH2-]OCCC/[N+](=C/COC)S(=O)(=O)c1c[nH]c(C(=O)Nc2ccc(S(=O)(=O)N3CCOCC3)cc2)c1,-2.186189889907837
guided,CCN(CC)S(=O)(=O)c1cccc(-c2n[nH]c(=S)n2NC(=O)c2cc(Br)ccc2O)c1,-1.8162105083465576
guided,NC(=O)c1sc2nc3c(c(C(F)(F)F)c2c1N)CCCC3,-1.931758999824524
guided,COc1cc(/C=C2\CN(C)C/C(=C\c3cc(OC)c(O)c(OC)c3)C2=O)ccc1O,-3.3540725708007812
guided,CN(C)C1(CNC(=O)c2ccc(Cl)cc2[N+](=O)[O-])CCCCC1,-2.022524118423462
guided,COc1ccc(F)cc1C(=O)[C@H]1CCCN(Cc2ccc(Sc3ccccn3)o2)C1,-2.6850228309631348
guided,[C-3]CO[C+]1[C]([NH2+])[C-][C]([S+][C]2[CH][CH][C]3[NH+][C](C)[C](C)[C]3[CH]2)N[C]1[O-],-2.022524118423462
guided,F[C-](F)COC(F)F,-5.081404209136963
guided,[CH2-][O+]1CNC(=S)N1c1[c-]c(CBr)cc(N[N+](=O)[O-])c1.[H+],-1.548350214958191
guided,[O][C](N[N][CH][C]1[CH][CH][C](CN[C]([O])[C+]2[CH][CH][CH]S2)O1)[C]([O])[C]1[CH][CH][CH][CH][C]1N([O-])[O-],-2.004145860671997
guided,O=C(NCc1ccncc1)C(=O)NC[C@H]1OCCN1C(=O)c1ccccc1,-1.898970127105713
guided,Nc1cc(Cl)ccc1N1CCCCCC1,-1.9935381412506104
guided,[N-2][C]N[CH+]CC[C+](N[C+]([O-])C1CCCN1[C+]([O-])N[C+]([O-])[c+]1[cH-][c+]2[cH-][cH+][cH-][cH+][c-]2o1)[C+]([O-])N1[CH+]CCC1,-1.7848485708236694
guided,O=C(CCC1CCCCC1)Nc1ccc(F)cc1,-2.844355583190918
guided,Cc1[nH]c2ccccc2c1CCNC(=S)Nc1ccc(Cc2ccncc2)cc1,-1.970301628112793
guided,Fc1ccc(OCc2nnc3n2CCCCC3)cc1,-1.8319255113601685
guided,NNC(=S)Nc1cc(Cl)cc(Cl)c1,-1.4536465406417847
guided,C[C@]1(C[C-](F)Cc2ccc(F)cc2)CC[C-](CNC(=S)/[NH+]=[N+](/[C-]=O)c2ccccc2)C1.[H+],-2.3204572200775146
guided,Nc1nc2nccc(CCOc3ccccc3)n2n1,-1.3276787996292114
guided,Nn1cnnc(CCC(=O)NCc2ccccc2)c1=O,-1.3788409233093262
guided,Cc1cc(C(=O)COc2ccccc2Cl)c(C)n1-c1cccnc1,-2.4622952938079834
guided,Nc1ccc(O)c(-c2nc3ccccc3n2Cc2ccccc2)c1,-2.064993381500244
guided,O=C(O)CCCNC(=O)c1ccccc1F,-2.7269186973571777
guided,NC(=O)Nc1ccc(-n2cccc2[C@H](CN2C(=O)c3ccccc3C2=O)Oc2ccccc2)cc1,-2.1580586433410645
guided,NC(=O)CN(CCNC(=O)[C@@H](Cc1ccccc1)NC(N)=O)CC(=O)c1ccccc1,-1.8162105083465576
guided,[NH-]n1[c+](SC[C+]([O-])N2[c+]3[cH-][cH+][cH-][cH+][c-]3S[c+]3[cH-][cH+][cH-][cH+][c-]32)[n-][c+]2[cH-][cH+][cH-][cH+][c-]2[c+]1[O-],-2.004145860671997
guided,O=C(/C=C/Nc1cccc(F)c1)c1ccc(Br)cc1,-2.8982770442962646
guided,Fc1ccccc1N1CCN(Cc2ccccn2)CC1,-1.8830875158309937
guided,COCCCNC(=O)CCc1nc(-c2ccc(Cl)cc2)no1,-1.9781709909439087
guided,O=C(CSc1ncnc2c1cnn2-c1ccccc1)Nc1ccc(Cl)cc1Cl,-1.7146004438400269
guided,COC(=O)C1=[S+2]=CC=C1S(=O)(=O)/[N+](=[C-]\CSCC[C-]([O-])O)Cc1ccccc1,-3.285198450088501
guided,CC(C)c1ccnn1S(=O)(=O)c1ccc2c(c1)OCCO2,-2.3290607929229736
guided,O=S(=O)(Nc1cnn(Cc2ccccc2)c1)c1ccc(F)c(Br)c1,-2.064993381500244
guided,CO[c+]1[cH-][c+](-n2[c-](C)[cH+][c+]([CH-][c+]3[cH-][cH+][cH-]o3)[c-]2C)[cH-][cH+][c-]1OC,-3.0888755321502686
guided,CO[C]1[CH][C]([C]2N[N+]3[CH][C][C]([O])C(C)(C)C3[S+2]([C]3[CH-][CH][CH][CH][N]3)O2)[CH][CH][C-]1O,-2.2188470363616943
guided,NN[C]1[N][N][C]2[C]3[CH][CH][C](N([O-])[O-])[CH][C]3N([C+]3[CH][CH][CH][CH][C]3Cl)[C]2[N]1,-1.2678462266921997
guided,COC[C@@H](C)N[C@@H](C(=O)Nc1ccc(C(=O)O)c(Cl)c1)c1ccccc1,-2.54217791557312
guided,[O-][C+]1C[C-]([C+]([O-])N2CCOCC2)C2(CCCCC2)O1,-2.8982770442962646
guided,N/C(CS(=O)(=O)c1ccc(Cc2ccccc2)cc1)=N\OC(=O)c1cc(N)ccc1C(=O)O,-2.3828799724578857
guided,COCCCN(C(=O)/C=C/c1ccc2ccccc2n1)c1c(N)n(Cc2ccccc2)c(=O)[nH]c1=O,-1.965518593788147
guided,[O-][C+](O)[CH-]Cn1[cH+][n-][cH+][c-](C([c+]2[cH-][cH+][cH-][cH+][cH-]2)[c+]2[cH-][cH+][cH-][cH+][cH-]2)[c+]1[O-],-2.5030341148376465
guided,Cc1ccc(C2=C[C@H](CC(N)=O)NCC2)cc1,-2.1183104515075684
guided,Cc1cc(N2CCOCC2)ccc1NC(=O)Nc1ccccc1F,-2.064993381500244
guided,Cc1[nH]c2c(C(=O)NC3CCCC3)cccc2c1/C=C/c1nc2ccccc2o1,-2.2538769245147705
guided,COCc1cc(=O)[nH]c(SCC(=O)c2ccccc2)n1,-2.2803893089294434
guided,CCN[C-]([S-])N(C)[CH+][c-]1[cH+][cH-][cH+][c-]2[c+]1[c-](C)[cH+]n2-[c-]1[cH+][cH-][cH+][c-](F)[cH+]1,-2.1057322025299072
guided,[CH2+]COCCOCCOCCOCCOCO[CH+]C[N-][C+]([O-])CS[C+]1[N-][N-][C-]([c+]2[cH-][cH+][cH-][cH+][cH-]2)N1N,-1.965518593788147
guided,N#CCSc1nc(Cc2ccccc2)cc(-c2ccco2)c1C#N,-2.064993381500244
guided,CCCNC(=O)N[C@H](Cc1ccccc1)C(=O)OC,-2.229227304458618
guided,[O][C](CN1[N][N][C]2[CH][CH][CH][CH][C+]21)N[N][C]1N[C]2[CH][CH][C](N([O-])[O-])[CH][C]2O1,-1.306990146636963
guided,O=[N+]([O-])c1cc(C(F)(F)F)ccc1NCCCCNS(=O)(=O)c1ccccc1,-2.2188470363616943
guided,[CH-][CH][CH][C]1N[C]([O])[C+]([CH]CO)[C]1[CH-],-2.519998073577881
guided,CCO[c+]1[cH-][c+](N[C-]([O-])[c+]2[n-]n(CC)[cH+][c+]3[c-]2[c+]([C+](N)[O-])[n-][c+]2[cH-][cH+][cH-][cH+][c-]23)[cH-][cH+][c-]1OCC,-1.9084417819976807
guided,Cc1cc(F)ccc1OCC(=O)N/N=C/c1cn(C)c2ccccc12,-2.1057322025299072
guided,COc1ccc(-n2c(=O)[nH]c3cc(C(=O)NO)ccc3c2=O)c(OC)c1,-2.14487624168396
guided,N/C(=N\OS(=O)(=O)c1ccc(Cl)cc1)c1cccc(C(F)(F)F)c1,-2.4622952938079834
guided,O=C(CSc1nc2cc(F)ccc2o1)Nc1ncc(Cc2ccccc2)s1,-2.1825454235076904
guided,Cc1ccc(C[C@H]2CC(=O)N(CCc3ccon3)C2=O)cc1C,-2.419826030731201
guided,CCN(CC)c1nc2c(c(=O)n(C)c(=O)n2C)n1CCCc1ccco1,-1.640629529953003
guided,[CH2-]O[c+]1[cH-][cH+][cH-][cH+][c-]1CSC[C+]([O-])N1CCN(C[c+]2[cH-][cH+][cH-][cH+][cH-]2)CC1,-2.54217791557312
guided,O=S(=O)(c1ccc2ccccc2c1)N(Cc1ccccc1)Cc1ccc2c(c1)OCO2,-3.3868086338043213
guided,CCOc1cc(C(C)=O)ccc1OCCCCCc1c(C)n[nH]c1C,-2.5030341148376465
guided,C[N-]C[C+]1[CH+][CH-]S[C+]2[CH-][CH+][C-](F)[CH+][C+]2[C][C-](S)CC1,-2.8982770442962646
guided,O=C(c1ccc(-c2cccc(C(F)(F)F)c2)o1)N1CCN(c2ccnc3cc(Cl)ccc23)CC1,-2.4126884937286377
guided,[OH-],-3.044522523880005
guided,Cc1cnc2c(c1Nc1cccc([N+](=O)[O-])c1)CCCC2,-1.931758999824524
guided,COc1ccc(NC(=O)Cc2cc(OC)c(OC)c(OC)c2)cc1S(=O)(=O)N1CCOCC1,-2.780181884765625
guided,FC(F)Oc1cccc(C2=Nn3c(nnc3C3CCCCC3)SC2)c1,-1.8221569061279297
guided,ClC1(Cl)C[C@H]1CN1CCOCC1,-2.440274477005005
guided,N#Cc1ccc(-c2ccc3c(c2)OCO3)nc1SCC(=O)OCc1ccccc1,-2.6511785984039307
guided,O=P(O)(O)Oc1ccccc1Cl,-5.48479700088501
guided,Clc1nc2c(c(NCc3ccccc3)n1)CCCC2,-1.8319255113601685
guided,COc1ccccc1N1CCN(c2cccc(Cl)c2Cl)CC1,-2.3754727840423584
guided,CCCn1c(N)c(C(=O)COC(=O)c2ccccc2F)c(=O)n(C)c1=O,-2.14487624168396
guided,CCCCn1c(=O)c(C(=O)Nc2cc(C)on2)c(O)c2ccccc21,-2.1057322025299072
guided,COc1cc(CNC(=O)CN(C)C)cc(OC)c1OC(=O)C1CCCCC1,-2.5798470973968506
guided,[OH-],-3.044522523880005
guided,C[C+]1[N-]N([c+]2[cH-][cH+][cH-][cH+][n-]2)[C+](C)[C+]1[C-](C)[N-]NN([O-])C1CCCC1,-1.3800767660140991
guided,SC1(Cc2ccccc2)CCCCC1,-5.638354778289795
guided,Cn1nc(C(C)(C)C)cc1C(=O)NNC(=O)Cc1ccccc1,-1.738948941230774
guided,O=C(NC1CC1)C1=C[C@H](c2csc3ccccc23)C[C@H](OCCCCO)O1,-3.248896837234497
guided,N/C(=N\c1ccnc2ccccc12)NC(=O)NCc1ccccc1,-1.5607467889785767
guided,CCC(=O)N1CCc2cc(S(=O)(=O)NCCC(=O)NCc3ccccc3Cl)ccc21,-2.2877211570739746
guided,ClC/C(=N\NC1=NCCN1)c1ccc(Cl)cc1,-1.4374333620071411
guided,Cc1ccccc1OCC(=O)Nc1ccccc1C(F)(F)F,-3.044522523880005
guided,Cn1c(/N=C\c2cccc3ccccc23)nc2ccccc21,-1.9781709909439087
guided,O=[N+]([O-])c1cc(Cl)c(O)c(CN2CCCOCC2)c1O,-2.2803893089294434
guided,Cc1noc(C)c1-c1nc(CSCc2ccco2)no1,-1.8830875158309937
guided,CCOc1ccccc1NC(=S)N(CCOC)C(C)C,-2.2803893089294434
guided,Clc1ccc(-c2noc(COc3c(Cl)cc(Cl)cc3Cl)n2)cc1,-2.419826030731201
guided,O=C(NNC1CCCCCCC1)c1cccc(Cl)c1,-2.229227304458618
guided,CNC1(C(N)=O)CCNCC1,-1.287288784980774
guided,O=C(N[C@@H]1CCCC[C@@H]1NC(=O)c1csc2ccccc12)c1ccccc1,-2.5798470973968506
guided,CO[c+]1[cH-][c+](Cl)[c-](OC)[cH+][c-]1N[C-]([O-])C1[CH+][C+]([c+]2[cH-][cH+][cH-]o2)[N-][C+]1[N-]CC1CC1,-2.2538769245147705
guided,F[c+]1[cH-][cH+][c-](N2CCN([C+]([S-])N[CH-]CC[c+]3[cH-][cH+][cH-][cH+][cH-]3)CC2)[cH+][cH-]1,-2.1057322025299072
guided,[H+].[O-][CH-]C1(CC[c-]2[cH+][cH-][cH+][cH-][cH+]2)CCCN(CCN[C+]([S-])NC[c+]2[cH-][cH+][cH-]o2)C1,-2.2188470363616943
guided,Cc1ccc(NC(=O)CCNS(=O)(=O)c2cccc3nonc23)cc1F,-1.8613009452819824
guided,Nc1ccc([S@@+]([O-])Cc2cccs2)cc1,-2.662587881088257
guided,CCOCC(=O)N1CCOCC1,-2.440274477005005
guided,CC(=O)c1sc(Nc2ccccc2C)nc1N,-1.7210086584091187
guided,COc1ccc(-c2cccc(C(C)=O)c2)cc1Oc1ncnc2c1cnn2-c1ccc(Cl)cc1,-2.12911319732666
guided,CN(CCOS(=O)(=O)c1ccc(OCC(N)=O)cc1)Cc1cccc(=O)o1,-2.5798470973968506
guided,[CH2+]N(CC[N-][C+]([O-])[c+]1[cH-][cH+][cH-][c+](N([O-])[O-])[cH-]1)[C+]([O-])[c+]1[cH-][c+](CCC2(C)[CH+][CH-][c+]3[n-][cH+][n-][c+](N([O-])[O-])[c-]3[CH+]2)o[n-]1,-1.7118152379989624
guided,[C-2][C][S+2][O].[CH-][C]1[CH][C](N2CCCC2)[CH][CH+][N-]1,-2.0578689575195312
guided,CCCC(=O)NNC(=O)c1ccc2c(c1)OCO2,-2.1753058433532715
guided,O=C(Nc1nccs1)c1ccc([N+](=O)[O-])o1,-1.660567283630371
guided,NC(=O)C1(N2CCCCC2)CCN(C(=O)c2cc3c(=O)[nH]c4ccccc4c3o2)CC1,-2.036881923675537
guided,CCOc1cccc(CNC(=O)[C@]2(C)CC2(Cl)Cl)c1,-2.8982770442962646
guided,O=C(N/N=C\C=C\c1ccco1)c1ccccc1O,-2.229227304458618
guided,O=S(=O)(NS(=O)(=O)c1ccc(Oc2ccccc2)cc1)c1ccc(F)cc1,-3.248896837234497
guided,COc1ccc(Br)cc1CN1CCC[C@H]1C(=O)Nc1ccc2ccccc2c1,-2.6161489486694336
guided,CCOP(=O)=[O+]CC.[H+].[H]/[O+]=C\c1cc(C[C-]([O-])OC)[c-]c2c1OCOC2,-6.216606140136719
guided,NCCc1ccccn1,-1.4849249124526978
guided,[CH2-]CN(CC[CH+][CH-]N[C+]([S-])[c+]1[cH-][cH+][cH-][cH+][cH-]1)C[c+]1[cH-][cH+][cH-][cH+][cH-]1,-2.419826030731201
guided,Cc1ccc(CNCCCSc2ncccn2)cc1,-1.8319255113601685
guided,Cc1ccnc(N/N=C\c2ccc(-c3ccc(Cl)cc3)o2)n1,-1.6945956945419312
guided,CC(C)(C)NC(=O)Cc1ccc(S(=O)(=O)N2CCOCC2)s1,-2.3754727840423584
guided,COc1ccc([C@H](c2cccc3ccccc23)N2CNC(=O)N(Cc3ccccc3)C2)cc1OC,-2.441633939743042
guided,COCCCn1c(SCC(=O)N2CCC(C)CC2)nc2ccccc2c1=O,-2.1825454235076904
guided,C[C@@H]1CN(C(=S)Nc2ccccc2F)C[C@H](C)O1,-2.1753058433532715
guided,S=C(Nc1ccccc1)N1CCC[C@@H]1c1ccc(Br)cc1Cl,-2.3754727840423584
guided,O=C(O)c1cc(C2CC2)nn1Cc1ccccc1,-2.1753058433532715
guided,Nn1c(Cc2cccs2)nnc1SCn1nnc2ccccc2c1=O,-1.2678462266921997
guided,[H]/[C-]=C/N=C1\C=CC(=[N+]2C(=O)c3ccccc3C2=O)C=C1OCC(=O)O,-2.5030341148376465
guided,CC(=O)N1CCc2ccc(C(=O)CN3CCN(c4ccccc4O)CC3)cc21,-2.2188470363616943
guided,CO[CH-]CN1[C+]([O-])[c+]2[cH-][cH+][cH-][c+](NCC[S+2]([O-])([O-])C[c-]3[cH+][cH-][cH+][cH-][cH+]3)[c-]2[C+]1[O-],-2.6161489486694336
guided,O=c1c[n+](-c2ccc(Cl)cc2)c([O-])cn1NC(=S)Nc1ccc(Cl)cc1,-1.8613009452819824
guided,[C-3]C(F)(F)F.[S+]P(NC[C+]1[CH][CH][C]2OCO[C]2[CH]1)N1CCOCC1,-2.4622952938079834
guided,S=C(Nc1cccnc1)N1CCC2(CC1)OCCO2,-1.8319255113601685
guided,COc1ccc(-c2nc(C(F)(F)F)c(OC)o2)cc1O,-2.94943904876709
guided,[CH]C[N-]C[CH2+].[CH][CH+][C-]1[CH+][CH-][CH+][CH+][C+]1[C][CH+][C][c+]1[n-][c+](C)[nH]n1[C+]([S-])[N-][C][C][C][OH+]CC.[H+],-1.8162105083465576
guided,O=C(COc1ccccc1CNC(=O)c1ccccc1F)N/N=C/c1cccc(F)c1,-2.3204572200775146
guided,CCC(=O)Nc1nnc(SCC(=O)NCc2ccc(F)cc2)s1,-1.738948941230774
guided,CCOc1ccc(OCC)c(NC(=O)c2cccn3c(=O)c4c(C)c(C)sc4nc23)c1,-2.3204572200775146
guided,Cc1ccc(OC[C@H](O)CS[S@+]([O-])Cc2ccccc2)cc1,-6.08904504776001
guided,CC[C-]([C+]([O-])OC)N([C+]([O-])C[c+]1[cH-][c+]2[cH-][cH+][cH-][cH+][c-]2o1)[c+]1[cH-][cH+][c-](F)[cH+][cH-]1,-3.248896837234497
guided,Cc1cccc(NCC(=O)c2c(N)n(C)c(=O)n(C)c2=O)c1C,-1.738948941230774
guided,O=C(c1ccc(Cl)s1)c1cn(CC(=O)N2CCOCC2)c2ccccc12,-2.54217791557312
guided,[CH2-][c+]1[cH-][cH+][c-](F)[cH+][cH-]1.[H+].[H+].[O-][P-][C][C][C+]1[CH+][CH+][C-](F)[CH+][CH-]1,-5.9427995681762695
guided,[O-]N([O-])C12[CH-][CH+][CH-][CH+][S+3]1([C][CH+][c-]1[cH+][cH+][n-][cH-][cH+]1)([N-][C][S-])[N-]2,-1.6481837034225464
guided,CCSC1=NCCN1C(=O)c1ccco1,-1.9935381412506104
guided,FC(F)(F)c1ccc(NCCc2ccccc2)nc1,-2.229227304458618
guided,CC[C@H](C(=O)O)n1c(/N=C\c2cc(OC)ccc2O)nc2ccccc21,-2.14487624168396
guided,[O-][c+]1[n-][c+](-[c+]2[c-]3[c+]([n-][c+]4[cH-][cH+][cH-][cH+][c-]24)CCCC3)[n-][c+]2[cH-][cH+][cH-][cH+][c-]12,-2.1057322025299072
guided,[N-2]N([O-])[O-],-0.6808770895004272
guided,[CH2+][C]N([C+]1[CH+][CH-][CH+][CH-][C+]1[C-]([O-])O)[C-]([O-])C(C)(C)C,-2.844355583190918
guided,Cc1nc(NC(=O)c2ccccc2)c(F)c(C)c1Cl,-2.229227304458618
guided,COc1ccc(OC[C@H](O)CNC(=O)Nc2ccccc2[N+](=O)[O-])cc1,-2.14487624168396
guided,O=C(CCc1cc2ccccc2[nH]c1=O)NCCO,-2.229227304458618
guided,O=S(=O)(NCCn1ccc2ccccc21)C1CCCCC1,-2.3290607929229736
guided,CCC(=O)c1ccc(OC(=O)c2ccco2)cc1,-5.888877868652344
guided,NS([O])([O])[C]1[CH][CH][C](NN[C]([O])C([C]2[CH][CH][C](N([O-])[O-])[CH][CH]2)[C+]2[CH][CH][CH][CH][CH]2)[CH][CH]1,-2.004145860671997
guided,OCC1CCN(CCSCc2ccc(Cl)cc2)CC1,-2.8982770442962646
guided,Clc1ccccc1SCc1ccc2ccccc2n1,-2.8982770442962646
guided,COCCN(C(=O)c1csnn1)[C@H](C(=O)NC1CCCC1)c1ccccc1,-1.898970127105713
guided,O=C(c1ccc(Cl)cc1)c1cccc(CO)c1,-5.831882476806641
guided,CC(C)c1ccc(-c2csc(NC(=O)CSc3nncn3C)n2)cc1,-1.6014856100082397
guided,COc1ccc(SCCc2ccncc2)cc1,-2.7873599529266357
guided,CCCC(=O)c1ccc(N2CCOCC2)c(F)c1,-2.844355583190918
guided,O[C@@H](CCN1CCCCC1)c1ccc2c3c(cccc13)CC2,-3.044522523880005
guided,[OH-],-3.044522523880005
guided,COc1ccc(C(=O)N2CCC3(CC2)NCCc2[nH]cnc23)cc1OC,-1.8613009452819824
guided,CO[C-]1[CH+][C][C+]([N-][CH+]CCNC[c-]2[cH+][cH-][cH+][cH+][n-]2)[CH-][CH+]1,-1.8830875158309937
guided,S=c1[nH]nc(-c2ccc(Cl)cc2)n1CCN1CCOCC1,-1.6481837034225464
guided,Fc1ccc(N2CCN([C@@H](c3ccccc3F)c3nnnn3Cc3ccccc3)CC2)cc1,-1.6979632377624512
guided,Cc1ccc2c(c1)nnn2C1CCN(CC(=O)NCc2ccc3c(c2)OCO3)CC1,-1.7834744453430176
guided,O=C(CCCN1C(=O)[C@H]2CC=CC[C@H]2C1=O)NCCc1ccc(F)cc1,-2.54217791557312
guided,[CH2+][CH+][CH+][C+](O)CC1[C][C+]1[C]C[C][C][C][C][C]C[CH-]CC(C)OCCC(C)(C)O.[H+],-6.329720973968506
guided,Cc1ccccc1-c1nnc(SCC(=O)c2cccs2)o1,-2.3290607929229736
guided,FC(F)O[c-]1[cH+][cH-][c+]2[c-]([cH+]1)[C-]1[CH+][c-]3[cH+][cH-][cH+][cH-][c+]3CN1[CH+][N-]2.[H+],-2.3754727840423584
guided,CCCn1c(N)c(N(CCOC)C(=O)C=C2CCCCC2)c(=O)[nH]c1=O,-1.8613009452819824
guided,CCOc1ccc(CN[C@H]2CCCc3ccccc32)cc1,-2.998110294342041
guided,CCOC(=O)c1c(NC(=O)CSc2c[nH]c3ccccc23)sc2c1CCC2,-2.5798470973968506
guided,O=C(c1cc(=O)[nH]c2ccccc12)N1CCN(c2ccc(O)cc2)CC1,-2.14487624168396
guided,[H]/N=C1\c2cc3ccccc3cc2CN1NC(=O)c1cccc(S(=O)(=O)N(CC(=O)NC2CCCCC2)c2ccccc2)c1,-2.1429738998413086
guided,COc1cccc(OCC(=O)Nc2cc(Cl)ccc2N2CCN(C)CC2)c1,-2.1825454235076904
guided,CC[C@@H](C)N(C(=O)c1csnn1)[C@H](C(=O)NC1CCCC1)c1ccc(F)cc1,-1.9352717399597168
guided,COCCN[C@H](C(=O)Nc1ccc(Cl)c(C(N)=O)c1)c1cccc(OC)c1,-2.1825454235076904
guided,Fc1cccc(Nc2ncnc3sccc23)c1,-1.7210086584091187
guided,O=C(CO)NS(=O)(=O)c1ccc2c(c1)CCC2,-2.7873599529266357
guided,[O-][N+]([O-])=C1[C][C+](C/[S+]=c2/[n-]c3cccnc3s2)=CC(C(F)(F)F)=C1,-2.064993381500244
guided,O=C(NS(=O)(=O)c1cccc2ccccc12)c1c[nH]c2ccccc12,-2.5030341148376465
guided,CCS(=O)(=O)c1ccc(N(NC(=O)CCC[C@H](C)C(=O)O)C(C)=O)cc1,-2.54217791557312
guided,COc1cccc(S(=O)(=O)Nc2ccccn2)c1,-2.1753058433532715
guided,[O-][C+]([c+]1[cH-][cH+][cH-][c+](C(F)(F)F)[cH-]1)N1CC[C-](N2CCC(O)CC2)C(O)C1,-2.54217791557312
guided,NC(=O)C1CCN(C(=O)/C=C/C(=O)O)CC1,-2.0578689575195312
guided,N#CC1=C=[S+2]=C=C1N/C([O-])=C1/[CH-]C=CS1,-1.9935381412506104
guided,Cc1ccc(F)c(NC(=O)c2ccccc2F)c1,-2.844355583190918
guided,N#Cc1ccccc1OCC(=O)N1CCc2ccccc2C1,-2.3754727840423584
guided,O=C(OC/N=C\c1cccc(Cl)c1)c1cncc(Br)c1,-2.2803893089294434
guided,SCCOCCOCc1nc2ccccc2[nH]1,-2.1183104515075684
guided,COc1ccc(Nc2ccc3oc(-c4ccccc4O)nc3c2)cc1,-2.5030341148376465
guided,O=C[C@@]1(O)O/[C-]=N/c2ccccc2C(=O)CC[OH+][C@@H](CO)[C@@H](O)[C@H](O)[C@@H]1O,-3.248896837234497
guided,Cn1cnc2cc(NS(=O)(=O)c3ccc(Cl)s3)ccc21,-1.8830875158309937
guided,O=C(NN=C1CCCC1)c1cc(Cl)cc(Cl)c1O,-2.1753058433532715
guided,O=C(Nc1cccc(C(F)(F)F)c1)c1cccc(S(=O)(=O)N2CCCC2)c1,-2.5798470973968506
guided,O=C(COC(=O)c1cccc(Br)c1)NC(=S)N1CCCCC1,-2.3754727840423584
guided,CN(c1cccc(S(=O)(=O)N2CCOCC2)c1)S(=O)(=O)c1cc(Cl)ccc1Cl,-2.6161489486694336
guided,C[C@H]1CCCCN1C(=S)NCCc1ccccc1,-2.1753058433532715
guided,COCCCNC(=O)c1cc(-c2ccc(Cl)cc2)n(Cc2ccco2)c1C,-2.5798470973968506
guided,O=C(NC(=S)Nc1ccccc1N1CCCCC1)c1ccco1,-2.022524118423462
guided,Cc1ccccc1OC[C@H](O)CN1CCC(C)CC1,-2.8982770442962646
guided,CCN(CC(=O)NCc1ccco1)c1ccc2c(Cl)cc(=O)oc2c1,-2.5030341148376465
guided,COc1cccc(N[C@@H]2c3ccccc3C(=O)N2Cc2ccco2)c1,-2.5030341148376465
guided,CN(/N=C/c1cccc2ccccc12)c1cccc2nonc12,-1.738948941230774
guided,COc1ccc(NC(=S)Nc2cccc3cnccc23)cc1,-1.9781709909439087
guided,O=P(Nc1ccccc1)(Nc1ccccc1)Oc1ccccc1F,-2.4622952938079834
guided,COc1ccc(C)cc1N(CC(=O)N1CCOCC1)S(C)(=O)=O,-2.419826030731201
guided,CCN1CCC(C(=O)NC2CC2)CC1,-1.924782633781433
guided,S=C(NCCCN1CCOCC1)Nc1cccc(C(=S)OCc2ccco2)c1,-2.2188470363616943
guided,CCOc1ncccc1C(=O)Nc1cc2c(cc1-c1nc3ccccc3s1)CCC2,-2.2877211570739746
guided,COc1cc(/C=C/C(=O)O)cc(S(=O)(=O)NCCO)c1OC,-3.044522523880005
guided,Cc1nnc(SCC(=O)Nc2nc3c(s2)CCCCC3)s1,-1.6481837034225464
guided,[OH-],-3.044522523880005
guided,[O][C](N[C]1[CH][CH][CH][CH][N]1)[C+]1[CH][CH][CH][N][C]1[S+]C[C][O-],-1.8319255113601685
guided,[CH2][N+](CCC[CH][C]([O-])[C]1[C]2C1C21[C][C]([C](C)[O-])[C](OC)[C](OC)[C]1[O+]C)C[C]1[CH][CH][C]([N+]([O])[O-])[CH][CH]1.[H+],-2.8670670986175537
guided,Fc1cccc([C@@H]2C[C@H](c3cccs3)Nc3nnnn32)c1,-1.427512288093567
guided,Cc1cc(Cl)c(OCCCn2nnnc2CN2CCC(C(N)=O)CC2)c(Br)c1,-1.5339303016662598
guided,CCOc1ccccc1N(CC(=O)N1CCC2(CC1)OCCO2)S(=O)(=O)c1ccc(C)cc1,-2.780181884765625
guided,COc1cccc(OC(=O)[C@H](CC(=O)O)N2C(=O)c3ccccc3C2=O)c1,-3.248896837234497
guided,Nc1cccc2[nH]c(=O)[nH]c12,-1.287288784980774
guided,COc1ccc(C(C)=O)cc1CSc1nnnn1C,-1.548350214958191
guided,Cc1ccc(NC(=O)CCN2C(=O)[C@H]3CCCC[C@H]3C2=O)cc1C,-2.4622952938079834
guided,CN(C(=O)c1cc2ccccc2oc1=O)C1CCCC1,-2.94943904876709
guided,CCc1cccc(Oc2cc(Cl)nc(N)n2)c1,-1.7210086584091187
guided,COc1cc(S(=O)(=O)NC[C@H]2CCCO2)ccc1Br,-2.8982770442962646
guided,COCCOC(=O)c1cc2ccccc2oc1=O,-5.888877868652344
guided,CC/C(=C\C=C/[CH+]/C(=[C-]\CC(=O)OCC(=O)OC)[C@H](C)F)Cc1ccccc1,-6.329720973968506
guided,NS(=O)(=O)c1cccc(NCc2ccccc2F)c1,-2.229227304458618
guided,NNc1nc(NC[C@H]2CCCO2)nc(OCc2ccc(Cl)cc2)n1,-1.3800767660140991
guided,O=C1Nc2ccc(C(=O)O)cc2/C1=N\Nc1ncn[nH]1,-1.1981709003448486
guided,CCCCn1c(-c2nn(C)cc2Cl)n[nH]c1=S,-1.2167619466781616
guided,Fc1cccc(NC(=S)NC[C@@H](c2cccnc2)N2CCOCC2)c1,-1.8221569061279297
guided,O=C(O)c1cc(S(=O)(=O)N2CCCCCC2)ccc1Cl,-2.94943904876709
guided,Cn1c2n/c(=[S+]\CC(=O)Nc3nc4ccc(F)cc4s3)n(C)c-2c([O-])n(C)c1=O,-1.568960189819336
guided,Cc1cc(CN(C)Cc2c(O)ccc3ccccc23)on1,-2.3290607929229736
guided,CNC[C@@H](O)CN1CCN(c2ccc(F)cc2)CC1,-1.8319255113601685
guided,Cc1ccc(-c2noc(=O)n2CC(=O)N2CC(=O)Nc3ccccc32)cc1,-1.898970127105713
guided,O=c1oc2ccccc2cc1[C@@H](c1cccc([N+](=O)[O-])c1)c1cc2ccccc2s1,-3.3540725708007812
guided,[OH-],-3.044522523880005
guided,C/[C-]=C/C(=C/C=[O+]/C)NN(C(=O)c1ccccc1)c1cc(C)ccc1C,-2.54217791557312
guided,CCN1C(=O)C[C@@H](N2CCC(C(N)=O)CC2)C1=O,-1.7780040502548218
guided,COC(=O)c1ccc(OCCCCN2C[C@@H](C)O[C@@H](C)C2)cc1,-3.0888755321502686
guided,[O-][C+]1[C+]([N-]N[C-]2CC[S+2]([O-])([O-])C2)[c+]2[cH-][cH+][cH-][cH+][c-]2N1C[c-]1[cH+][cH-][cH+][cH-][cH+]1,-2.14487624168396
guided,O=C1Cc2cccc3cccc1c23,-5.564520359039307
guided,COc1ccc(CCNC(=O)C(=O)NC[C@@H]2OCCN2S(=O)(=O)c2ccc(Cl)cc2)cc1OC,-2.4126884937286377
guided,[O-][C+](N[N-][CH+]C1C[CH-][CH+][C-](Cl)C1)C1[C+]([O-])N[c-]2[cH+][cH-][cH+][cH-][c+]2C1[c+]1[cH-][cH+][cH-][cH+][cH-]1,-2.2538769245147705
guided,COc1cc(/C=C/c2nc3ccccc3[nH]2)cc(OC)c1OC,-2.419826030731201
guided,NS(=O)(=O)c1ccc(NC(=S)N2CCN(S(=O)(=O)c3ccccc3)CC2)cc1,-1.9352717399597168
guided,CCN1c2ccc(Cc3sc(=S)[nH]c3-c3ccc(Cl)cc3)cc2C[C@H]1C,-2.54217791557312
guided,O=C(/C=C/c1ccccc1)OCC(=O)c1cccn1-c1ccc(F)cc1,-3.2112276554107666
guided,NNC(=O)/C(=C/c1cccs1)c1ccccc1,-2.1183104515075684
guided,[CH2-]n1[cH-][c+](S[c+]2[cH-][cH+][cH-][cH+][cH-]2)[c-]2[cH+][cH-][cH+][cH-][c+]21,-2.7873599529266357
guided,Brc1cccc(-c2cc(Nc3ccc(N4CCOCC4)cc3)nc(-c3ccccc3)n2)c1,-2.068580389022827
guided,COc1cccc(CN(C)C(=O)/C=C/c2ccc(F)cc2)c1OC,-3.131344795227051
guided,CC(=O)[C@@H]1[C@@H](c2c(C)n(C)n(-c3ccccc3)c2=O)NC(=O)N[C@]1(O)C(F)(F)F,-1.970301628112793
guided,O=C(/C=C/c1ccccc1)Nn1c(C2CCCCC2)nc2ccccc2c1=O,-2.2188470363616943
guided,O=C(Nc1ccccc1C(=O)N1CCOCC1)c1ccc(Cl)cc1,-2.4622952938079834
guided,COc1ccc2nc(NNC(=O)C/[S+]=c3\nc4ccccc4c([O-])n3CC(C)C)sc2c1,-1.8479089736938477
guided,CC(=O)Nc1c(/C=N/NC(=O)c2ccncc2)n(C)c2ccc(S(=O)(=O)N3CCOCC3)cc12,-1.7277717590332031
guided,COC(=O)c1cc(C)sc1NC(=O)c1ccccc1F,-2.94943904876709
guided,N/C=C(/c1ccc2ccccc2c1)N1CCCCC1,-2.229227304458618
guided,O=[N+]([O-])c1cccnc1N1CCCC1,-1.5274808406829834
guided,CN(C)S(=O)(=O)c1ccc(N2CCCC2=O)c([N+](=O)[O-])c1,-1.931758999824524
guided,[H+].[NH]S([O])([O-])[C]1[CH][CH][C](S([O])([O])NCC[C-][C+](O)[N][C][C][C-][C]2[CH][CH][CH][CH][CH]2)[CH][CH]1,-2.2538769245147705
guided,COc1ccccc1Cn1nnc(C(=O)NCc2cccs2)c1N,-1.5607467889785767
guided,O=C(CCN1CCN(Cc2ccccc2)CC1)Nc1ccccc1F,-2.1057322025299072
guided,O=S([O-])#[N+]c1c(O)cccc1-c1cccc(Br)c1,-2.844355583190918
guided,O=c1c2ccccc2ccn1C[C@H](O)CS(=O)(=O)c1ccc(F)cc1F,-3.2112276554107666
guided,O=C(CS(=O)(=O)Cc1ccccc1)/N=C1\S[C@H]2CS(=O)(=O)C[C@H]2N1Cc1ccccc1,-2.717759132385254
guided,CCCN1C(=O)/C(=N\OCC(=O)NCC(F)(F)F)c2ccccc21,-2.064993381500244
guided,Cc1c(C(=O)N(Cc2ccccc2)C(C)C)oc2ccccc12,-3.0888755321502686
guided,O=C(NCc1cccnc1)C(=O)NC[C@H]1OCCCN1S(=O)(=O)c1cc(F)ccc1F,-2.036881923675537
guided,C[CH-]C[N@@+]1(CC)[CH-]C[C@@]2(C)/C(=C\CC1)Nc1ccccc12.[H+],-2.3290607929229736
guided,CN(C)S(=O)(=O)c1nnc(-c2ccc([N+](=O)[O-])s2)n1-c1ccc(F)cc1,-1.640629529953003
guided,NS(=O)(=O)c1ccc(O)c(NC(=O)c2cccs2)c1,-2.229227304458618
guided,COc1ccc(OC)c(NC=C2C(=O)CC(c3cccs3)CC2=O)c1,-3.172083616256714
guided,O=C(Oc1ccc2cc(Br)ccc2c1)c1nccc2ccccc12,-3.131344795227051
guided,COc1ccc(O)c(CN2CCN(c3ccc(C(C)=O)cc3)CC2)c1,-2.5030341148376465
guided,Clc1ccc(COc2ccc(Cl)c3cccnc23)cn1,-2.2803893089294434
guided,C[c-]1[cH+][c+](-[c-]2[cH+][cH-][c+](Cl)[cH-][cH+]2)n2[n-][c+](N3[C-]([O-])CC([C+](N)[O-])[NH+]3[C+]([O-])[c+]3[cH-][cH+][cH-]o3)[n-][c+]2[n-]1,-1.5449939966201782
guided,O=C(Cc1ccccc1)NNc1cccc(F)n1,-1.7780040502548218
guided,O=[N+]([O-])[C@@H](c1nc2ccccc2nc1C(F)(F)F)C(F)(F)F,-1.9781709909439087
guided,[O-][C+](NN1[CH+][N-][N-][CH-]1)[C+]1C[C+]([O-])N([c+]2[cH-][cH+][cH-][cH+][cH-]2)C1,-1.3788409233093262
guided,O[C@H](COc1cccc(Cl)c1-c1ccc2ccccc2n1)Cn1ccnc1,-2.1825454235076904
guided,CC(C)Cn1c(=O)[nH]c(=S)n(C)c1=O,-1.5274808406829834
guided,NC(=O)c1cnc(CSc2ccc(N)cc2)n1CCc1ccccc1,-1.8221569061279297
guided,N[CH-]CC1[c+]2[cH-][cH+][cH-][cH+][c-]2CC2[c-]3[cH+][n-][cH+][cH-][c+]3CCC12,-2.3290607929229736
guided,N#Cc1ccccc1CSC[C@@H](NC(=O)CCC(=O)O)C(=O)O,-2.419826030731201
guided,COCC[C@H](C)NC(=O)C[C@@H]1Oc2ccccc2NC1=O,-2.3290607929229736
guided,[CH2-]OCCCN[C+]([S-])N(C[c-]1[cH+][cH-][c+](F)[c-](F)[cH+]1)C[c-]1[cH+][cH-][cH+]s1,-2.4622952938079834
guided,CCCCCCCC[C@H](C)/C=N/O,-2.519998073577881
guided,CCOc1ccccc1NS(=O)(=O)NC(=O)c1c(-c2ccccc2)noc1C,-2.2188470363616943
guided,COC(=O)C1=[O+]/C(=C\C=C\c2ccccc2)N=C([O-])C1,-2.94943904876709
guided,N#Cc1ccc2c(c1)/C(=N\c1ccccc1F)c1cc(C(=O)NCC(=O)O)ccc1-2,-2.2877211570739746
guided,CCn1cc(C(=O)N(C)C)c(=O)c2cc(F)c(N3CCN(C(=O)c4ccco4)CC3)cc21,-2.068580389022827
guided,Nc1c([N+](=O)[O-])c2nc3ccccc3nc2n1CCN1CCOCC1,-1.4208155870437622
guided,COc1ccc(CN(C)CCOc2ccccc2)c(OC)c1,-3.044522523880005
guided,N/C(=N\Oc1ccc2ccccc2c1)c1nc2ccccc2c(=O)n1CCCN1CCOCC1,-1.9084417819976807
guided,NNC(=O)Cn1nc(-c2ccc3ccccc3c2)c2ccccc2c1=O,-1.8613009452819824
guided,OC[C@]1(Cc2ccccc2)CCCN(Cc2ccc3occc3c2)C1,-3.172083616256714
guided,CN(C1CCCCC1)S(=O)(=O)/C=C/c1ccccc1,-2.8982770442962646
guided,CC[C@@H](C)c1ccc(NC(=O)CN2CCN(CC=C(C)C)CC2)cc1,-2.1057322025299072
guided,N[C-]1O[CH+][CH-][CH+][CH+][C]C(C[c-]2[cH+][cH-][cH+][cH-][cH+]2)[C+]([O-])NC[C+]([O-])NC1C[c-]1[cH+][cH-][cH+][cH-][cH+]1,-2.3204572200775146
guided,COc1ccc(Oc2nccc(N)c2Cl)cc1,-2.1183104515075684
guided,O=C(c1cc2ccccc2s1)N1CCN(c2ncnc3sc4c(c23)CCCC4)CC1,-2.004145860671997
guided,O=C(Cn1c(=O)oc2ccccc21)NNC(=O)c1cccnc1,-1.738948941230774
guided,[O-][C+]([N-][CH+]N(CCS[c-]1[cH+][cH-][cH+][cH-][cH+]1)C1C[S+2]([O-])([O-])[CH-]C1S)C1CCCCC1,-2.6161489486694336
guided,C[C-]1[CH-][C+](CNCC[C+]([O-])O)N[C-]2[C+]1CS[c-]1[cH+][cH-][cH+][cH-][c+]12,-2.3754727840423584
guided,CNS(=O)(=O)c1c(C)[nH]c(C)c1C(=O)N1CC(=O)Nc2ccccc21,-1.8221569061279297
guided,O=C(Cn1c(=O)oc2cc(S(=O)(=O)N3CCOCC3)ccc21)Nc1ccc(N2CCOCC2)cc1F,-2.186189889907837
guided,O=C(N/N=C/c1ccccn1)c1ccc(=O)[nH]c1,-1.4944287538528442
guided,Nc1cc(N)nc(SCC(=O)Nc2cccc3ccccc23)n1,-1.5182775259017944
guided,O[C@@H](CN1CCOCC1)Cn1c2ccccc2c2ccccc21,-2.419826030731201
guided,Cc1nc(SCC(=O)NNC(C)C)nc2ccc(Cl)cc12,-1.6481837034225464
guided,CCCN1CCN(CCNC(=O)c2ccc(Cl)cc2)CC1,-1.931758999824524
guided,COc1ccc(N2CCN([C@H](c3ccc(Cl)cc3)c3nnnn3C3CCCC3)CC2)cc1,-1.6672389507293701
guided,CCOc1ccccc1OCCNC(=O)c1ccc2ccccc2c1,-3.172083616256714
guided,NS(=O)(=O)OCCCc1ccccc1,-2.59383225440979
guided,CCCCn1c(-c2cccs2)nc2cc(Cl)ccc2c1=O,-2.3290607929229736
guided,O=C(O)CSCC(=O)NNC(=O)/C=C/c1ccc([N+](=O)[O-])cc1,-2.022524118423462
guided,CCN(CC(=O)Nc1ccc2ccccc2n1)CC(=O)Nc1ccc(Cl)cc1Cl,-1.970301628112793
guided,CN(C)S(=O)(=O)Oc1ccsc1C(=O)Nc1cccc(Cl)c1Cl,-2.419826030731201
guided,CCc1cc(O)c2c(=O)cc(-c3cccs3)oc2c1,-5.9427995681762695
guided,Cc1cc(CNC(=O)CN2C(=O)COc3ccc(S(=O)(=O)N4CCc5ccccc5C4)cc32)no1,-2.1580586433410645
guided,[CH2-]CO[c+]1[cH-][cH+][cH-][cH+][c-]1C1[c+]2[nH][c-]3[cH+][cH-][cH+][cH-][c+]3[c-]2CC2[C+]([O-])N(CC3CC3)C[C+]([O-])N21,-2.3521556854248047
guided,Nn1ccnc1CN1CCOCC1,-1.1700712442398071
guided,CO[C@@H](C#CCN1CCC[C@@H](c2ccccc2)C1)CCC(C)C,-3.0888755321502686
guided,CCNC(=S)N(Cc1ccccc1)Cc1cc2c(C)ccc(C)c2[nH]c1=O,-2.1825454235076904
guided,COc1cccc(C(=O)[C@H]2CCCN(Cc3ccc(C)o3)C2)c1,-3.0888755321502686
guided,Nn1c(SCc2cccc(C(F)(F)F)c2)nnc1-c1ccco1,-1.738948941230774
guided,CCC(=O)NC(=S)Nc1cc(S(=O)(=O)N(C)C)ccc1C,-1.931758999824524
guided,[O-][S+]([O-])O[N-][CH+][c+]1[cH-][c+](-[c+]2[cH-][cH+][cH-][cH+][cH-]2)[c-](N2CCOCC2)o1,-2.419826030731201
guided,O=NN1CCN(Cc2ccc(F)cc2)CC1,-1.660567283630371
guided,Cc1ccc(N2CCN(/N=C/c3ccc4c(c3)c3ccccc3n4C)CC2)cc1,-1.970301628112793
guided,[S-][C]N([N-][CH+][C+]1[CH+][CH-][CH+]O1)[C+]1[N-][C+]([S-])CS1,-1.660567283630371
guided,Cn1c(=O)n(CC(=O)N2CCN(c3ccc(F)cc3)CC2)c2ccccc21,-1.898970127105713
guided,[CH2-][C@H]1C[O+]=N/C1=C(\N=N\c1ccccc1)C(=O)OCC,-1.8830875158309937
guided,Fc1ccc(-c2ccc(OCCN3CCOCC3)cc2)cc1,-3.044522523880005
guided,[O-]SCC[c+]1[cH-][cH+][n-][cH+][cH-]1,-2.258782386779785
guided,O=C(C1CC1)N(Cc1ccco1)c1ccc(O)cc1,-2.8982770442962646
guided,N#Cc1ccccc1CSc1nnc(N)n1-c1ccccc1,-1.4739243984222412
guided,CSc1ccc(C(=O)Nc2nc3c(s2)CN(C)CC3)cc1S(=O)(=O)N1CCCC1,-1.970301628112793
guided,O=S(=O)(/N=C(\c1ccccc1)N1CCOCC1)c1ccccc1,-2.419826030731201
guided,CCCONC(=O)N/C=N/OC,-1.3739230632781982
guided,COc1ccc2c(C)cc(=O)[nH]c2c1,-2.59383225440979
guided,CN(C)S(=O)(=O)N1CCc2ccccc21,-1.9935381412506104
guided,O=C(Nc1cc(C(=O)O)c(NCCOCCOc2ccc(Cl)cc2)cc1OCCOCc1ccccc1)c1cccs1,-3.021019697189331
guided,Cc1ccc(/[S+]=C2/C=CC=C/C2=C(\[O-])O)c(C)c1,-5.888877868652344
guided,CCCCN(c1cccc(O)c1)S(=O)(=O)c1ccc2c(c1)NC(=O)[C@H](C)C(=O)N2,-2.2538769245147705
guided,COc1ccccc1N(CC(=O)NCc1ccncc1)S(=O)(=O)c1ccc(C)cc1,-2.2877211570739746
guided,CCNC(=S)NCc1ccccc1,-1.8509483337402344
guided,CN(CC(=O)Nc1cc(S(=O)(=O)N(C)C)ccc1Cl)C(=O)c1ccc2ccccc2c1,-2.3204572200775146
guided,Cc1ccc(-n2c(C)cc([C@H]3N=C(N)Nc4nc5ccccc5n43)c2C)c(C)c1,-1.568960189819336
guided,OCCOc1ccc(OCCOCCNCc2ccccc2)cc1N1CCCCC1,-2.6850228309631348
guided,COc1cc(/C=N/NC(=O)c2cccc(Cl)c2)cc(Br)c1O,-2.3754727840423584
guided,N[S+2]([O-])([O-])[c-]1[cH+][cH-][c+](C[N-][C+]([S-])N[CH+]N([C-]([O-])[N-]CC[C+]2[CH+][CH+][CH-][CH+][CH-]2)C2CC2)[cH-][cH+]1,-1.8162105083465576
guided,S=C(NCCN1CCN(Cc2ccccc2)CC1)NCc1ccc(Cl)cc1,-1.898970127105713
guided,CN(C)[C@@H](CNC1CCN(Cc2ccccc2)CC1)c1ccccc1,-2.1057322025299072
guided,COc1ccc(/C=C2\NC(=S)NC2=O)cc1Br,-2.1183104515075684
guided,CN(C[C@H](C1CCCCC1)N(C[C@@H](Cc1ccccc1)N(CCCCCC(=O)Nc1cccc(F)c1)N=O)N=O)N=O,-1.7858318090438843
guided,CCOC(=O)N1CCN(/C(=C\c2ccc3c(c2)OCO3)c2ccccc2)CC1,-2.6161489486694336
guided,COc1cccc(-c2nc(Cc3cccc(C)c3)no2)c1,-2.3290607929229736
guided,COc1ccc(Cn2c(CCNC(C)=O)nc3ccccc32)cc1,-2.064993381500244
guided,Clc1ccc(OCCOCCN2CCOCC2)c(Br)c1,-2.94943904876709
guided,CCC(=O)N1CC[C@H](N(C(=O)c2cnccn2)c2cccc(Oc3ccccc3)c2)c2ccccc21,-2.186189889907837
guided,CCCCc1ccc(OC[C@H](O)Cn2nc(C)cc2C)cc1,-2.3754727840423584
guided,O=C(NCc1ccc(Cl)cc1)C(=O)NC[C@@H](c1ccccc1)N1CCN(c2ccccc2)CC1,-2.12911319732666
guided,C[C@@H]1CCCN(S(=O)(=O)c2ccc3c(c2)n(C)c(=O)c(=O)n3C)C1,-2.064993381500244
guided,[S-][C+](N[N-][CH-][C+]1[C][CH-][CH+][C-](Br)[CH+]1)N[c+]1[cH-][cH+][cH-][cH+][cH-]1,-1.8319255113601685
guided,CCOC(=O)NNS(=O)(=O)c1ccc(/C(C)=N/NC(=O)C2CC2)cc1,-1.8221569061279297
guided,[CH2+]CCC[CH+]N1[N-][N-][N-][C+]1[C-]1[CH+][C-](C2CCCCC2)[N-]N1[C+]1[N-][C][C+]([C][C]Cl)[C+]([C+]2[CH+][CH-][CH+][CH-][CH+]2)[N-]1,-1.4992347955703735
guided,[N-2][C][CH+]NC[C+]1[CH+][CH-][CH+]O1,-1.5897328853607178
guided,COc1ccc2c(c1)c(C(=O)N/N=C/c1cccn1C)c(C)n2C,-1.7814180850982666
guided,O=[N+]([O-])c1ccccc1/C=N/N=C/c1cn[nH]c1-c1cccs1,-1.5182775259017944
guided,S=C(NCCc1ccccc1)N1C=[C-]N(/C(=[NH+]\C2CCCCC2)N2CCCCCC2)CC1,-1.8479089736938477
guided,O=NN1CCN(c2ccc([N+](=O)[O-])cc2)CC1,-1.4374333620071411
guided,CN1C(=O)c2cccc3c(N(C)C)ccc(c23)C1=O,-2.229227304458618
guided,Nn1c(SCc2cn3cc(Cl)ccc3n2)nnc1-c1ccncc1,-1.2271074056625366
guided,O=S(=O)(c1cccc(C(F)(F)F)c1)N1CCN(C(=S)NCc2ccco2)CC1,-2.2188470363616943
guided,O=C1N[C@@H](Cc2c[nH]c3ccccc23)C(=O)N1Cc1n[nH]c(=S)o1,-1.5607467889785767
guided,NS(=O)(=O)c1ccc2ccccc2c1,-2.59383225440979
guided,Nc1nc(SCC(=O)c2ccccc2)n[nH]1,-1.3769919872283936
guided,CN(CCCO)c1nc2ccccc2nc1/N=C/c1ccc(F)cc1,-1.8221569061279297
guided,O=C(c1ccccn1)c1nnc(-c2ccccc2F)o1,-1.8830875158309937
guided,C[C@@H]1CN(CCOc2ccc(Cl)cc2)C[C@@H](C)O1,-2.844355583190918
guided,F[C-](CN1CCC([c+]2[cH-][nH][c+]3[cH-][cH+][cH-][cH+][c-]23)CC1)C(F)(F)F,-2.3754727840423584
guided,O=C(Nc1ccccc1[N+](=O)[O-])c1cccnc1,-1.7780040502548218
guided,Cc1cc(NC(=O)[C@H](C)SC(=O)NCC(C)C)no1,-1.8319255113601685
guided,COc1ccc([C@@H](c2c(C)n(C)n(-c3c[c-]ccc3)c2=O)c2c(C)n(C)n(-c3ccccc3)c2=O)cc1Br.[H+],-2.2401843070983887
guided,[CH2-]O,-3.7135720252990723
guided,[OH-],-3.044522523880005
guided,O=[N+]([O-])c1ccccc1/C=N/OCc1ccccc1F,-2.2803893089294434
guided,O=C1CC2=C(/C=C3/C=CC(=[N+]4CCOCC4)C(N([O-])[O-])=C3)C(=O)N=C2N=[NH+]1,-1.6782987117767334
guided,O=C(Cc1ccccc1)N[C@H](Cc1c[nH]c2ccccc12)C(=O)O,-2.4622952938079834
guided,S=C(NCCc1ccccn1)NC1CCCCC1,-1.7780040502548218
guided,CCC(=O)NC(=S)Nc1ccc(C)cc1C,-2.0578689575195312
guided,Nn1c(SCC(=O)Nc2ncc(C(F)(F)F)cc2Cl)nnc1-c1ccco1,-1.4976286888122559
guided,Clc1cccc(COn2nnc3ccccc32)c1,-1.7780040502548218
guided,O=C(/C=C/c1ccccc1)OC1CCCCC1,-5.831882476806641
guided,Cc1nc(CN(C(=O)[C@@H]2CCC(=O)N(CC3CCCCC3)C2)c2ccccc2)no1,-2.004145860671997
guided,[NH-][c+]1[c-]([C+]([O-])OCCO[C+]([O-])C2OCCO2)[c+]2[n-][c+]3[cH-][cH+][cH-][cH+][c-]3[n-][c+]2n1[N-][CH+][c+]1[cH-][cH+][cH-][cH+][n-]1,-1.756717324256897
guided,C/C(=N/OC(=O)c1ccc(-c2ccccc2)cc1)c1ccc([N+](=O)[O-])cc1,-2.5798470973968506
guided,O=C(O)C[C@H](CC(=O)Nc1ccc(Cc2ccncc2)cc1)c1ccccc1,-2.6161489486694336
guided,CCOC(=O)/C(=C\c1ccc(C)cc1)NC(=O)c1ccccc1,-3.0888755321502686
guided,CN(C)C1N(CC[C+]2[CH+][CH+][CH-][CH+][CH-]2)[C-]([S-])[N-]N1C1CCCCC1,-1.738948941230774
guided,O=C(NNC(=O)c1ccccc1Cl)c1cnccn1,-1.548350214958191
guided,COCc1cc(=O)[nH]c(/N=C(\N)Nc2ccc(OC(F)(F)F)cc2)n1,-1.6014856100082397
guided,CN(C)CCCCOc1cccc2cccnc12,-2.1753058433532715
guided,CCOc1cccc(-c2cn(-c3ccccc3OC)c(=S)[nH]2)c1,-2.419826030731201
guided,CN(C)CC(=O)Nc1ccc2ccccc2c1,-2.1183104515075684
guided,O=C(Cc1ccccc1)N1CCN(C(=O)[C@@H]2COc3ccccc3O2)CC1,-2.5798470973968506
guided,O=C(NCC1(N2CCCCC2)CCCCC1)c1ccc(OC(F)F)cc1,-2.54217791557312
guided,COc1cc(/C=C2/SC(=O)N(C)C2=O)ccc1OCC(=O)Nc1cccc(C(F)(F)F)c1,-2.749457359313965
guided,O=C(CNC1CCCCC1)Nc1ccc(Cl)c(C(F)(F)F)c1,-2.3754727840423584
guided,[CH2-]C(O)[C+]([O-])N[c+]1[n-][n-][c+](SC[C+]([O-])N2CCCC2)s1,-1.5995122194290161
guided,COc1cccc(Oc2ncccc2NC(=O)c2cc3ccccc3o2)c1C,-2.6161489486694336
guided,[C-2]=C1C=C[C+]2C=CC=CC2=C1.[O+]#P(c1ccccc1)c1cccc(Br)c1,-6.2557501792907715
guided,[OH-],-3.044522523880005
guided,COC(=O)C1=C(C)N=C2SC(C(=O)N/N=C/c3cccc(Cl)c3)=C(C)N2[C@H]1c1ccc(O)c(OC)c1,-2.186189889907837
guided,COC(=O)Cc1c(C)[nH]n(-c2ccccc2)c1=O,-2.1753058433532715
guided,CC(c1ccccc1)c1ccccc1,-5.638354778289795
guided,CC(=O)Nc1c(C(=O)/C=N/NC2=[N+]=c3ccccc3=C3N=CC=C23)nc(=O)n(C)c1[O-],-1.4825712442398071
guided,F[c-]1[cH+][cH-][c+](C[N-]CCCN2CCCC2)[c-](F)[cH+]1,-2.1753058433532715
guided,N#[N+][N-]CCC1=CCNC=C1,-1.0037134885787964
guided,Brc1cccc(-c2n[nH]cc2CN2CCCCCC2)c1,-1.8830875158309937
guided,CN(C)S(=O)(=O)c1ccc([C@@H](O)CN2C(=O)NC(C)(C)C2=O)cc1,-2.064993381500244
guided,COCCCn1c(=S)[nH]nc1[C@]12C[C@H]3C[C@H](C[C@H](C3)C1)C2,-1.931758999824524
guided,C=C(CC[N-]Cc1ccc(Cl)c(CNc2ccccc2F)c1)C(=C1C=C[CH+]C=C1)c1ccccc1,-2.8389358520507812
guided,COc1cc(NC(=O)c2ccccc2)c(OC)cc1NC(=O)CN1CCN(C/C=C/c2ccccc2)CC1,-2.2401843070983887
guided,NC(=O)C1=C[C@@H](C2CCCCC2)C[C@@H](OCCCCO)O1,-2.998110294342041
guided,[NH-]OCC([c+]1[cH-][cH+][cH-][c+]2[cH-][cH+][cH-][cH+][c-]12)[c+]1[cH-][nH][c+]2[cH-][cH+][cH-][cH+][c-]12,-2.419826030731201
guided,C[C@H](NC(=O)CN(C)S(=O)(=O)c1ccc(Cl)c2cccnc12)c1ccccc1,-2.2188470363616943
guided,CN(CC(=O)Nc1cccc(Cl)c1)CC(=O)Nc1ccccc1-c1ccccc1,-2.2538769245147705
guided,Oc1c(Br)cccc1Sc1ncccn1,-1.9935381412506104
guided,O=c1cc(N2CCN(c3ccc(O)cc3)CC2)[nH]c(=O)n1-c1ccc(Br)cc1,-1.9352717399597168
guided,Brc1ccc(/N=C(/Nc2nc3ccccc3s2)c2ccccn2)cc1,-1.8221569061279297
guided,O=C(Cn1nc(-c2ccc([N+](=O)[O-])cc2)c2ccccc2c1=O)NCCO,-1.898970127105713
guided,O=C(Cn1cc(/C=N/NC(=O)c2ccccc2C(=O)O)c2ccccc21)Nc1c(F)cccc1F,-2.1580586433410645
guided,[N-2][C][C+]([C+]1[N-][C+]2[CH+][CH-][CH+][CH-][C+]2[N-][C+]1N1CCOCC1)[C-]([O-])OC[C+]1[CH+][CH-][CH+][CH-][CH+]1,-1.970301628112793
guided,COCCn1/c(=N/C(=O)CCC(=O)O)sc2cc(Oc3ccccc3)ccc21,-2.6161489486694336
guided,COc1cc(SC)ccc1C(=O)Nc1ccc(C)cc1C,-2.998110294342041
guided,COCCn1c(SCC(=O)NC(C)(C)C)nc2c(sc(=S)n2Cc2ccccc2)c1=O,-2.036881923675537
guided,S=C(NCc1ccco1)NC1CC1,-1.8509483337402344
guided,Brc1cc2c(cc1CN1CCOCC1)OCO2,-2.7873599529266357
guided,O=[N+]([O-])c1cccc(C2=[O+]/C(=[S+]/Cc3ccccc3N([O-])[O-])N=N2)c1,-1.8221569061279297
guided,Cc1cc2[nH]c(=S)[nH]c2cc1C,-1.771224856376648
guided,C[C@@H](C(=O)c1cccn1C)n1cnc2ccccc2c1=O,-1.931758999824524
guided,CC(=O)c1ccccc1OCc1ccc(C(=O)c2cccs2)cc1,-6.175867080688477
guided,COCc1cc(C)n(CC(=O)NC2CCCCC2)c(=O)c1C#N,-2.022524118423462
guided,Nc1nnc(SCn2nnc3ccccc3c2=O)s1,-1.1470087766647339
guided,Brc1ccccc1/C=N/N1CCCCC1,-1.9935381412506104
guided,CO[c+]1[cH-][c+](N[CH-]N[S+2]([O-])([O-])[c+]2[cH-][cH+][c-](N3[C+]([O-])CC[C+]3[O-])[cH+][cH-]2)[c-](C)[cH+][c-]1OC,-2.2877211570739746
guided,[CH2-]N(C[C+]1[CH+][CH+][CH-][CH+][CH-]1)[S+2]([O-])([O-])[c+]1[cH-][cH+][c-](NCCOCCO)[c+](N([O-])[O-])[cH-]1,-2.2188470363616943
guided,COc1cc(Br)ccc1S(=O)(=O)N1CCCOC1,-2.844355583190918
guided,[CH2-]N1CCCCCC1,-2.036881923675537
guided,O=C(Cc1cccc(C(F)(F)F)c1)N1CCCC1,-2.844355583190918
guided,CN(C)/C=N/NC(=O)c1cccnc1,-1.2439055442810059
guided,Nn1c(Cc2cccs2)nnc1SCn1nnc2ccccc2c1=O,-1.2678462266921997
guided,COc1cccc(C(=O)O)c1OC(=O)Cc1cccs1,-5.993961334228516
guided,N#CN/C(=N/c1ccc(F)c(Cl)c1)SCc1ccccc1,-1.931758999824524
guided,C[C@H]1CN(C[C@@](C)(C(=O)c2cccc(C(F)(F)F)c2)c2ccccc2)C(=O)O1,-3.285198450088501
guided,CC(C)(C)[C-]([O-])[N-][C+]1[CH+][CH+][CH-][CH+][C-]1[C][N-][C+]([N-][C][O-])[c+]1[cH+][cH+][cH+][c+]2[cH-][cH+][cH-][cH+][c-]12,-2.2538769245147705
guided,CCCC(=O)Nc1nn(-c2ccccc2)c2nc3ccc(C)cc3cc12,-1.8613009452819824
guided,Cc1cc(NC(=O)C/[S+]=c2\nc(NS(=O)(=O)c3ccc(Cl)cc3)cc([O-])[nH]2)n[nH]1,-1.568960189819336
guided,CCCC(=O)NCC(=O)Nc1nn(-c2ccccc2)nc1C(N)=O,-1.3800767660140991
guided,CNCCCCCCO,-2.1539745330810547
guided,C[C@@H]1CN(Cc2nc3c(c(=O)n(C)c(=O)n3C)n2CCc2ccccc2)C[C@H](C)O1,-1.7834744453430176
guided,COc1ccc2c(c1)C(=O)C(=O)N2C(C)(C)C,-2.7873599529266357
guided,CO[C-]1[CH+][CH-]O[c+]2[cH-][cH+][c-](-[c+]3[cH-]s[c+](-[c+]4[cH-][cH+][cH-][cH+][cH-]4)[n-]3)[cH+][c-]21,-3.0888755321502686
guided,O=C(Cc1ccccc1)N/N=C/c1ccco1,-2.1183104515075684
guided,O=C(N[C@@H](Cc1c[nH]c2ccccc12)C(=O)O)c1ccccc1,-2.419826030731201
guided,S=P(Nn1cnnc1)(c1ccccc1)c1ccccc1,-1.5995122194290161
guided,S=C(NC1CCCCC1)N1CCn2cccc2[C@H]1c1ccncc1,-1.7814180850982666
guided,CN(C)[S@@]1(#[O+])O[C@H]([O-])[C@@H](OC(=O)c2cccs2)/C([O-])=c2/cn/c(c(C#N)c2)=[S+]/CC(=O)Nc2cc1ccc2Cl,-2.2661259174346924
guided,N[C-](CC([C+]([O-])O)[C+]([O-])NCCC[C+]([O-])O)[C+]([O-])[O-].[H+],-2.229227304458618
guided,[H]/[C-]=C\[C@H]1C(/C=[C-]\C)=CC=C2[O+]=[N+]=C(C(=O)CC(=O)c3ccc(O)cc3)C(=O)N21,-2.6161489486694336
guided,CCN(CC)CC1=CC2=CC(=O)CC(=O)C2=C(C)O1,-2.8982770442962646
guided,[O-][C+]([C][C+](C[CH-][CH+][c-]1[cH+][cH-][cH+][cH-][cH+]1)CC1CCCCO1)[c-]1[cH+][cH-][cH+]o1,-6.216606140136719
guided,O[C@@H]1CCCN(Cc2cccc(Cc3ccccc3)c2)C1,-2.998110294342041
guided,[CH2-][N-][C+]([O-])N(C)[CH+]COC1CC[C+]([O-])NC1,-1.660567283630371
guided,[CH2+]CC[CH+][C]OCCCN([CH-][C+]([O-])O)C[c-]1[cH+][cH-][cH+][cH-][cH+]1,-2.998110294342041
guided,[O][C](N[P]([O])([C]1[CH][CH][CH][CH][CH]1)[C]1[CH][CH][CH][C](N([O-])[O-])[CH]1)[C+]1[CH][CH][CH]O1,-2.5030341148376465
guided,S=C(NCCc1ccc(Cl)cc1)Nc1cccc(Cl)c1,-2.2803893089294434
guided,COCCSc1nc2ccc(C)cc2n1C[C@@H](C)O,-2.229227304458618
guided,COc1ccc(N2CCN(C(=O)CSc3ncnc4nc[nH]c34)CC2)cc1,-1.4976286888122559
guided,N/C(COC[C@H](O)Cn1ncc(Cl)c(Cl)c1=O)=N\O,-1.548350214958191
guided,N[S+3]([O-])([O-])[C]1[C][C]2[N][CH][N][C]([N+]3CCNCC3)[C-]2[CH][CH]1,-1.3788409233093262
guided,Cc1cccc(NS(=O)(=O)N2CCCCCC2)c1,-2.1753058433532715
guided,COc1ccccc1N1CCN([S@@](=O)([O-])=C=CC=C=C2C=CC(=O)[NH+]=N2)CC1,-1.9352717399597168
guided,O=C(NNC(=O)c1cccnc1)Nc1ccc([N+](=O)[O-])cc1,-1.4739243984222412
guided,O=C(NCO)c1ccccc1Cl,-2.440274477005005
guided,COCCCn1c(-c2cccs2)nc2cccnc21,-1.8319255113601685
guided,N#Cc1nc(COc2ccc(Br)cc2)oc1NCc1cccnc1,-1.7814180850982666
guided,NNC(=O)c1ccc2c(c1)C(=O)N(C[C@H]1CCCO1)C2=O,-1.931758999824524
guided,C[C@H](NC(=O)[C@@H]1CC(=O)N(c2ccc(F)c(Cl)c2)C1)C(=O)NCc1ccco1,-2.2188470363616943
guided,Fc1ccccc1-n1cc(-c2ccccc2)[nH]c1=S,-2.229227304458618
guided,CO[C-]([O-])[C+]1S[CH+][CH-][C+]1[N-][S+2]([O-])([O-])[c+]1[cH-][cH+][c-](Cl)[cH+][c-]1Cl,-2.998110294342041
guided,CN(C)C12N[C-](CN[c+]3[cH-][cH+][cH-][c+](C(F)(F)F)[cH-]3)[N-]C3C14[O+](C)C324,-1.7814180850982666
guided,CCOC(=O)c1cccc(NC(=S)Nc2ccc(C(C)=O)cc2)c1,-2.4622952938079834
guided,CO[c+]1[cH-][c+](N[C-]2[N-]n3[c+]([n-][c+]4[cH+][cH-][c+](P([O-])N(C)[C+]5[CH+][CH+][CH-][CH+][CH-]5)[cH-][c+]4[c-]3[O-])S2)[cH-][cH+][c-]1OC,-1.9373873472213745
guided,COc1[c-]c(S(=O)(=O)N[C@@H]2CC=[N+](CCc3ccccc3)[C@@H]2c2ccccc2)c(OC)cc1,-2.780181884765625
guided,COCCCNc1nc(Nc2ccccc2)[nH]c(=O)c1C(=O)OC,-1.7814180850982666
guided,O=C(c1ccco1)N1CC[C@@H](O)C1,-2.519998073577881
guided,CCC(C)([C-]([C+]([O-])O)[C+]([O-])N[c+]1[cH-][cH+][c-](Cl)[cH+][c-]1C(F)(F)F)[c-]1[cH+][cH-][cH+][cH-][cH+]1,-3.285198450088501
guided,CCC[C@H](CC)C(=O)OCC(=O)Nc1cc(Cl)cc(Cl)c1,-2.998110294342041
guided,CC(C)c1nc(N2CCCCCC2)cc(N2CCNCC2)n1,-1.4739243984222412
guided,Cc1cc2c(/N=C/c3ccc(Cl)cc3Cl)c3cnccc3cc2[nH]1,-2.064993381500244
guided,COc1ccccc1N1CCN(C(=O)c2c(C)n(C)c3ccc(C)cc23)CC1,-2.2188470363616943
guided,Nc1ccc(-n2c(-c3ccc(Cl)cc3)n[n-]/c2=[S+]\CC(=O)N[C@H]2[CH-]C2)cc1.[H+],-1.6782987117767334
guided,C[c-]1[cH+][cH-][c+]2[c-]([cH+]1)[C-]1[N-][C+]3SCCN3[C+]([O-])[C-]1[O+]2[c+]1[cH-][cH+][cH-][cH+][cH-]1,-2.4622952938079834
guided,CCC(=O)Nc1cc(NC(=O)CSc2nccn2C)c(F)cc1Cl,-1.7814180850982666
guided,F[CH-]CN1CCN(C[c+]2[cH-][cH+][cH-][c+]3[c-]2CCCCC3)CC1,-2.3290607929229736
guided,CCO[C@H]1OC(C(N)=O)=C[C@@H](c2ccc(N(C)C(C)=O)cc2)[C@@H]1CCCO,-2.5798470973968506
guided,[NH-][P+]([O-])(OCCC[c+]1[cH-][cH+][cH-][cH+][cH-]1)O[c+]1[cH-][cH+][cH-][cH+][cH-]1,-2.94943904876709
guided,N[C-]([O-])[CH+][CH+][CH-][N-][C+]1[CH+][CH-][CH+][c-]2[cH+][cH-][cH+][cH-][c+]21.[H+],-2.1183104515075684
guided,O=C(Nn1cnnc1)[C@H](Sc1ccccc1)c1ccccc1,-1.6945956945419312
guided,CN(C(=O)CSc1ncnc2c1cnn2-c1ccccc1)[C@H]1CCS(=O)(=O)C1,-1.7146004438400269
guided,O=C(NNS(=O)(=O)c1ccccc1)c1ccccc1NS(=O)(=O)c1ccc(Cl)cc1,-2.2877211570739746
guided,COc1ccc(CN2CCN(CC3CC3)C[C@@H]2CCO)cc1C,-2.419826030731201
guided,CCO[C]1[CH][CH][C]([C+]([O])NC[C]2[CH][CH][C]3OCO[C]3[CH]2)[CH][C]1N([O-])[O-],-2.5030341148376465
guided,NC(=S)Nc1nc(-c2ccc(NC(=O)c3ccco3)cc2)cs1,-1.738948941230774
guided,CC[C@@H]1CCCCN1[P@](=O)(OC(C)C)c1ccc(N(C)C)cc1,-2.419826030731201
guided,CN(CC(=O)NC[C@H]1CCCO1)c1cccc(F)c1,-2.229227304458618
guided,Cn1c(=O)c(C(=O)c2ccc3c(c2)OCO3)c(N)n(-c2ccccc2)c1=O,-2.1825454235076904
guided,Nc1c(/C=N\N=C\c2ccc(Cl)cc2)nnn1-c1ccc(Cl)cc1,-1.3800767660140991
guided,N#C/C(=N\Nc1ccc(F)cc1)C(N)=S,-1.312661051750183
guided,NC(=O)c1ccccc1NS(=O)(=O)c1cccc2cccnc12,-2.022524118423462
guided,COc1ccc(C(=O)[C@H](O)[C@H](c2cc3ccccc3oc2=O)N2CCOCC2)cc1OC,-3.4185070991516113
guided,NCC(=O)NCC(=O)O,-1.4849249124526978
guided,Cc1ccc(C(=O)NN(C(=O)NC2CCCCC2)c2ccccc2)cc1,-2.14487624168396
guided,O=c1ccc(COc2nc(Nc3cccc(F)c3)nc(N3CCOCC3)n2)n[nH]1,-1.4159908294677734
guided,N[C@@H](CCNCc1ccc(Cl)cc1)C(=O)N1CCCCC1,-1.931758999824524
guided,O=S(=O)(c1cnc[nH]1)N1CCN(c2ccccc2Cl)CC1,-1.6481837034225464
guided,CO[N-][C+]([CH-]N([O-])[O-])N1CCN(C[c-]2[cH+][cH-][cH+]s2)CC1,-1.5995122194290161
guided,O=C(O)c1ccc(N[c-]2ccnc(/N=c3/[s+2]#cn(N/N=[C-]/c4ccccc4Br)[c-]4on34)c2=O)cc1.[H+],-1.6037479639053345
guided,[OH-],-3.044522523880005
guided,[CH2-][C+]([O-])[C+]1[C-](N[c+]2[cH-][cH+][c-](F)[cH+][cH-]2)CC(C)(O)C2([C+]([O-])N[C+]([O-])N[C+]2[O-])C1C,-2.2188470363616943
guided,CN(/N=c1\sc2ccccc2n1C)C(=S)NCc1ccc(F)cc1,-1.7814180850982666
guided,CC(=O)N/N=C(\c1ccc(C)cc1)c1cccs1,-2.1753058433532715
guided,[O+]#Cc1ccccc1N=C=c1cccc/c1=C\N[S+]([O-])[O-],-2.3290607929229736
guided,Cc1ccc(-n2nc(CN3CCOCC3)c(-c3ccccc3)c2N)cc1Cl,-1.898970127105713
guided,O=c1c(CN(CCO)CCc2ccccc2)cn(-c2ccccc2)n1-c1ccccc1,-2.3204572200775146
guided,CNc1c(N(C)c2ccccc2OC)c(-c2ccccc2)nc2nc(C)nn12,-1.5339303016662598
guided,NCCCC[C@@H](NC(=O)c1ccccc1)C(=O)N[C@@H](CCC(=O)O)C(N)=O,-1.898970127105713
guided,O=C(N/N=C/c1ccccn1)c1cccc2ccccc12,-1.931758999824524
guided,O=[P@@](O)(CN1CCCCC1)c1ccccn1,-2.0578689575195312
guided,C[O+][C]1[C][C]([O+]C)[CH-][C]([C]([O])NN2[C]([S])S[C]([CH][C]3[CH][CH][CH][S+]3)[C]2[O-])[CH]1,-2.54217791557312
guided,Clc1ccccc1CNCCC1=CCCCC1,-2.7873599529266357
guided,CN(C)c1ccnc2sc3c(NCCc4ccccc4)ncnc3c12,-1.6014856100082397
guided,O=C(NCCCCc1ccccc1)C1CCCC1,-2.844355583190918
guided,CC(=O)C1=NO[C@@H](CNc2ncc(C(F)(F)F)cc2Cl)C1,-1.931758999824524
guided,CC(C)(C)C(=O)NCC(=O)N1CCC[C@@H](Nc2ccc(F)cc2)C1,-2.064993381500244
guided,CC(O)CN(CCO)C[c+]1[cH-][cH+][c-](OC(C)[C+]([O-])[O-])[c+](N([O-])[O-])[cH-]1,-2.4622952938079834
guided,CCCOP([O-])c1ccc(N(C)C)cc1.Cc1ccc(/C=[NH+]\c2ccccc2)cc1,-2.6850228309631348
guided,N#CCCN1C(=O)/C(=C/C=C/c2ccco2)NC1=S,-1.8319255113601685
guided,COC(CC(=O)N1CCc2ccccc2CC1)OC,-2.8982770442962646
guided,Cn1c(CSc2nc(-c3ccccc3)c(-c3cccc4ccccc34)o2)n[nH]c1=S,-2.004145860671997
guided,CS(=O)(=O)NCCCN1CCN(c2ccc(F)cc2)CC1,-1.931758999824524
guided,[O]S1([O-])[C][C]2[O+]3C4([S+][C-]CC[S+3]2([O-])[O-])[C]2[C]([N]1)C234,-2.844355583190918
guided,O=c1[nH]nc(SCc2ccccc2Cl)n1C1CC1,-1.7780040502548218
guided,COC1=C[S+]=C/C1=C(/N)[O-],-2.258782386779785
guided,COc1ccc(S(=O)(=O)N2CCCCC2)cc1NC(=O)CCC(=O)O,-2.5030341148376465
guided,CNc1nc([C@H]2COc3ccccc3O2)nn1-c1ccc(OC)cc1,-1.8221569061279297
guided,[OH-],-3.044522523880005
guided,FC(F)(F)c1ccccc1N/N=C/c1cccs1,-2.1753058433532715
guided,COCCN1[C](CC[C+](C)[O])[N][N][C]1SC[C]1[CH][CH][CH][C](N([O-])[O-])[CH]1,-1.8221569061279297
guided,CCCN(CCC)Cc1ccc(-n2ccnc2)nc1,-1.548350214958191
guided,F[C+]([C]C(F)(F)F)N1CCNCC1,-1.8509483337402344
guided,NS(=O)(=O)c1ccc(NNC(=O)c2ccccc2Cl)cc1,-1.931758999824524
guided,CNN(C)C(=O)[C@@]1(C)CCC(/C=C/C=C/c2ccccc2)=NO1,-2.022524118423462
guided,C[O+][C]1[C][C](C2[C]([C](C)[O])[C](C)N[C]3[N][CH][N]N32)[CH][CH][C]1O,-1.6945956945419312
guided,Cc1nc2nc(C)c(CCC(=O)O)c(C)n2n1,-1.4374333620071411
guided,O=C(O)CCN(Cc1ccccc1)S(=O)(=O)c1ccc(Br)s1,-3.044522523880005
guided,CN1CCN(NC(=O)c2ccc(COc3ccccc3Br)o2)CC1,-2.064993381500244
guided,[O-][c+]1[n-][n-][c+](-[c+]2[cH-][cH+][c-](OC3CSC3)[cH+][cH-]2)[c+]2[cH-][cH+][cH-][cH+][c-]12,-2.3754727840423584
guided,Nc1nonc1-c1noc(CCCOc2ccc(Cl)cc2Cl)n1,-1.5182775259017944
guided,COc1ccc(NC(=S)N[C@H](C)[C@@H](c2ccccc2)N2CCOCC2)cc1,-2.1825454235076904
guided,Nc1nc(SCC(=O)Nc2ccc3c(c2)OCO3)n[nH]1,-1.3788409233093262
guided,COc1ccc(C(=O)N[C@@H](C(=O)OCC(=O)Nc2cc(C)on2)C(C)C)cc1OC,-2.2877211570739746
guided,CCOC[CH][CH]C[CH-]CCC1CC(C)[C]2[CH+][C]([O])CC3O[OH+][C]C1[C]23,-6.216606140136719
guided,CCC(=O)NNC(=S)Nc1ccc(F)cc1F,-1.7210086584091187
guided,S=C(Nc1cccnc1)N1CCN(c2ncccn2)CC1,-1.2468422651290894
guided,[C-3]CC[C-]([O-])[C+]1[CH+][CH-][CH+][CH-][CH+]1,-5.398162841796875
guided,O=S(=O)(NCCSc1ccccn1)c1cccs1,-2.1753058433532715
guided,CN1CC(/C=C2\C=C[S+]=C2)=C([O-])/C(=C\c2ccsc2)C1,-2.94943904876709
guided,[CH2-]O[c+]1[cH-][cH+][c-](OC)[c+]([C+]([O-])N2CCCN(C)CC2)[cH-]1,-2.2803893089294434
guided,O=S(=O)(NC1CC1)c1cccc(C(F)(F)F)c1,-2.7873599529266357
guided,CCCCc1nnc(NC(=O)c2ccco2)s1,-1.7210086584091187
guided,[CH2-][OH+][C-]1[C][C+](OC)[C+](CCN[C-]([O-])CCN2[CH+][CH+][CH-][CH+]2)[CH-][CH+]1,-2.3754727840423584
guided,[CH2-]NC1([C+]([O-])NN)CCNCC1,-1.0903477668762207
guided,COc1cc(C(=O)Nc2nnc(SCC(=O)Nc3ccc(NC(C)=O)cc3)s2)cc(OC)c1OC,-1.9373873472213745
guided,O=C1NCCN[C@@H]1c1cccs1,-1.771224856376648
guided,N/C(COc1cccc(O)c1)=N\O,-1.8509483337402344
guided,Cc1cc(N2CCCCC2)nc(C(C)C)n1,-1.660567283630371
guided,[F-],-3.044522523880005
guided,COC(=O)N1CCN([C@H](C2=COCCCC2)c2ccc(Cl)cc2)CC1,-2.5030341148376465
guided,COc1ccccc1OCC(=O)Nc1ccc(S(=O)(=O)Nc2ccccn2)cc1,-2.2538769245147705
guided,COc1cccc(CNn2c(C)nc3ccccc3c2=O)c1O,-2.022524118423462
guided,[F-],-3.044522523880005
guided,NC(=O)c1ccc(N2CCN(C(=O)c3ccncc3)CC2)cc1,-1.738948941230774
guided,COc1cc([C@@H]2C(C#N)=C(N)N(c3cccnc3)C3=C2C(=O)Cc2ccccc23)ccc1O,-2.099304676055908
guided,CCC(C)(C)NC(=O)CCN1C(=O)[C@@H]2CCCN2c2ncc(Cl)cc21,-1.8221569061279297
guided,CCOc1cc(C(=O)NCC(=O)N[C@H]2CCCN(Cc3ccccc3)C2)cc(OCC)c1OCC,-2.441633939743042
guided,C=[O+]CCO.Cn1c([O-])c2c(nc(NC3CCCCC3)n2Cc2ccccc2Cl)nc1=O,-1.8479089736938477
guided,NN[C-]([O-])[C+]1S[C+]2[N-][C][C+]([c-]3[cH+][cH-][c+]4[cH-][cH+][cH-][cH+][c-]4[cH+]3)[C+]([c-]3[cH+][cH-][cH+]o3)[C-]2[C+]1N,-1.970301628112793
guided,N#CC(c1ccccc1)(c1ccccc1)c1ccccc1,-2.998110294342041
guided,S=C(NCc1ccccc1)N/N=C/c1ccco1,-1.7780040502548218
guided,CSc1cccc(NC(=O)CCNS(=O)(=O)c2ccc(NC(C)=O)cc2)c1,-2.1825454235076904
guided,O=C(CCCN1C(=O)/C(=C/c2ccc(-c3cccc(C(=O)O)c3)o2)SC1=S)Nc1ccc(F)c(Cl)c1,-2.8670670986175537
guided,[O-]N([O-])[c-]1[cH+][c-](C(F)(F)F)[cH+][cH-][c+]1OCC[CH-]F,-2.844355583190918
guided,N#CCCSc1nnc(-c2ccncc2)n1N,-1.036091923713684
guided,CCOc1cccc([C@@H]2CC(=O)N3CN(c4ccccc4)CSC3=C2C#N)c1OC,-2.2877211570739746
guided,CN1CCN(c2nc(-c3ccccc3)ncc2NC(=O)C(=O)c2cccn2C)CC1,-1.60280442237854
guided,CN(C)NC(=S)NC1CCCCC1,-1.4536465406417847
guided,C/C(=N\N1CCN(C(=O)c2cccs2)CC1)c1cccs1,-1.931758999824524
guided,Cc1ccc(OC[C@@H](C)C(=O)OCC(=O)Nc2cc(C)nn2-c2ccccc2)cc1,-2.2877211570739746
guided,Nn1c(SCc2c(Cl)cccc2Cl)nnc1-c1cccnc1,-1.4739243984222412
guided,COc1cc(-c2nc(Cc3ccccc3Cl)no2)cc(OC)c1OC,-2.5030341148376465
guided,[CH2-]O[c+]1[cH-][cH+][c-](OC)[c+]2[nH][c-]([C+]([O-])O)[cH+][c-]12,-2.7269186973571777
guided,CO[c-]1[cH+][cH-][cH+][c-]([CH-][C][C][N-][C+](N)[N-][C][c+]2[cH+][cH+][cH+][cH+][c-]2[NH-])[cH+]1,-1.738948941230774
guided,O=C(Nc1ccc2cn[nH]c2c1)[C@@H]1C[C@H]1c1ccccc1,-1.931758999824524
guided,[O-][C+]([c-]1[cH+][cH-][cH+][cH-][cH+]1)[c-]1[n-]n2[c+]([c+]1N([O-])[O-])[N-][CH+][CH+][C]2,-1.5995122194290161
guided,FC(F)(F)c1cc(-c2ccccc2)nc(NCc2cccnc2)n1,-1.7814180850982666
guided,Nn1cnnc1N/N=C\c1ccco1,-0.8425641059875488
guided,CCn1c([O-])c2n(C)/c(=[S+]/CC(=O)NC3CCCC3)nc-2n(C)c1=O,-1.6014856100082397
guided,O=c1c2ccccc2nc(Nc2ccc(Cl)cc2)n1OCCF,-2.022524118423462
guided,CCOC(=O)C(=N/Nc1ccc(OC)cc1)/C(C)=N/O,-1.8830875158309937
guided,C[CH-]N(C/[S+]=C(\NC1CCCCC1)SCc1ccccc1)C(C)C,-2.4622952938079834
guided,[H+].[H]/N=C1\[C-]=C(F)C=CC1=S(=O)=NC(=O)NNc1cccc(Cl)n1,-1.4739243984222412
guided,CO[C-]([O-])N[N-][CH+][C+]1[CH+][CH-][CH+][CH-][C+]1OCCO[c-]1[cH+][cH-][cH+][cH-][c+]1[C-](C)C,-2.54217791557312
guided,COc1ccc(C)cc1-n1c(SCC(N)=O)nnc1-c1ccccc1,-1.8221569061279297
guided,[CH2-]CN[C+]([S-])NCC[c-]1[cH+][cH-][c+]2[n-][c+](N3CCOCC3)s[c-]2[cH+]1,-1.738948941230774
guided,CCOc1ccccc1NS(=O)(=O)C(C)C,-2.7269186973571777
guided,Cc1[nH]c(C)c(S(=O)(=O)Nc2nccs2)c1C(=O)N1CCCC1,-1.738948941230774
guided,COc1ccc2nc(-c3cnc4cc(OC)ccc4c3)ccc2c1,-2.4622952938079834
guided,[H+].[O-][C+](C[C-]1[CH-][CH+][C-](Br)[CH+][CH-]1)NCC[C-]([O-])[N-][C+]1[C][C][C][C][C+]1S[CH+][c+]1[cH+][cH+][cH+][cH-][cH+]1,-2.6850228309631348
guided,O=C(c1cncn1-c1ccccc1F)N1CCc2ccccc2C1,-2.064993381500244
guided,O=C(CN(C1CCCCC1)S(=O)(=O)c1ccccc1)NCc1ccncc1,-2.1825454235076904
guided,CCOc1ccc(C(=O)NCc2cn(C(C)C)c(=S)[n-]2)cc1OC.[H+],-2.064993381500244
guided,Fc1cccc(Br)c1OCc1nnc(NC[C@H]2CCCO2)s1,-1.9781709909439087
guided,CC1CCN(S(=O)(=O)c2cccs2)CC1,-2.662587881088257
guided,CC(=O)N[C@H](CC(=O)O)c1ccc(F)cc1,-2.7269186973571777
guided,Cn1c(C(=O)OCC(=O)NCc2ccco2)cc2sccc21,-2.3754727840423584
guided,CC[O+][C]1[C][C][C][C]([C]2[N][C]([O])[C]([O])[C-]2[C](O)[C]2[C-][N+](CCOC3OC(CO)C(O)C(O)C(O)C3O)[N][CH]2)[CH]1.[H+],-2.54970121383667
guided,CCOP(#[S+])OCC.O[C-](C(F)(F)F)C(F)(F)F,-5.888877868652344
guided,CO[C]1[CH][C]([C]2[CH][C]([C]3[CH][C]([C]([O])N4CCOC4C)[C]4[CH][CH][CH][CH][C]4[N]3)[N][C]3[CH][CH][CH][CH][C]32)[C]([O+]C)[C][N]1,-2.2401843070983887
guided,C/C(=N\NC(=O)C1CCCCC1)c1cccs1,-2.1183104515075684
guided,Cc1cc(NC(=O)C(C)C)ncc1-c1cccc2ccccc12,-2.419826030731201
guided,COc1ccc(/C=C(/C=N/c2ccccc2SC)C(=O)Nc2cc(C(F)(F)F)ccc2C)cc1C,-2.8389358520507812
guided,Nc1nc(COc2ccc(Cl)cc2)nc(N)c1Cl,-1.4944287538528442
guided,Nc1nc(NCCO)ccc1/N=C/c1cccc(O)c1,-1.5995122194290161
guided,O=C(NNCC[C@H]1COc2ccccc21)C1=C=C=C=C1n1cccc1,-2.1057322025299072
guided,Clc1ccc(OCCNCCc2ccc(Cl)c(Cl)c2)cc1,-2.998110294342041
guided,[O-][C+]([C-]1CCCN(C[c+]2[cH-][cH+][cH-]n2-[c+]2[cH+][n-][cH-][cH+][cH-]2)C1)[c-]1[cH+][cH-][c+]2[c-]([cH+]1)OCO2,-2.2538769245147705
guided,COc1cccc(Nc2ccnc(SCN(C)C(C)=O)n2)c1,-1.6945956945419312
guided,[S-][C+](NCCN1CCOCC1)N[C-]1[C]CCC1,-1.7210086584091187
guided,Brc1cccc([C@H]2C=CCN(CCc3cccnc3)C2)c1,-2.3290607929229736
guided,O=c1[nH]c2ccccc2cc1CNC(=S)NC1CCCCCC1,-2.022524118423462
guided,COCCNC(=O)c1ccccc1C(=O)NC1=NCCS1,-1.931758999824524
guided,Fc1ccc(SC[C@H]2CCCN([C@H](c3ccc(Cl)cc3)c3nnnn3C[C@H]3CCCO3)C2)cc1,-1.9084417819976807
guided,O=C(c1cc2cc(Cl)ccc2[nH]1)N1CCN(c2ccc(F)cc2)CC1,-2.1057322025299072
guided,Cc1ccc(C)c2[nH]c(=O)c(CCNC(=O)CCc3ccccc3)cc12,-2.54217791557312
guided,O=C(NS(=O)(=O)c1ccc(Br)s1)c1ccccc1Br,-2.8982770442962646
guided,C/C(C/C([O-])=[N+]1\CCc2ccccc21)=[O+]\C(=O)C1CCN([S@](=O)([O-])=c2cccc(N=S)o2)CC1,-2.4126884937286377
guided,N#CC/[C-]=N\N=C1\C=CC=[N+](Cc2ccccc2)C1,-1.548350214958191
guided,[OH+][N][C][C]1[CH][CH][N][C]([S+][C]2[C-][C]3CC[CH][CH][CH][C]3O2)[N]1,-1.8830875158309937
guided,COc1ccc(CN2CCNC(=O)[C@H]2CC(=O)NCC(OC)OC)cc1,-2.14487624168396
guided,CCOCCCNC(=O)c1cn(C)c2ccc(S(=O)(=O)N(C)C3CCCCC3)cc2c1=O,-2.3521556854248047
guided,[N-2][C][c-]1[c+](Cl)[cH-][cH+][cH-][c+]1O[CH-][c+]1[cH-][cH+][c-](F)[cH+][cH-]1,-2.844355583190918
guided,[O-]N([O-])[c-]1[cH+][cH-][c+](CP([O-])CC[S+2]([O-])([O-])[C+]2[CH+][CH+][CH-][CH+][CH-]2)[cH-][cH+]1,-3.0888755321502686
guided,COc1ccc2ccccc2c1,-5.48479700088501
guided,O=C(c1ccc(F)cc1)N1CCN(S(=O)(=O)c2cccc3nonc23)CC1,-1.898970127105713
guided,NCCCCCCNC(=O)COC(=O)/C=C/c1cccs1,-2.3290607929229736
guided,CCc1cc(C(=O)O)nc(-c2cccc([N+](=O)[O-])c2)n1,-1.8830875158309937
guided,NNC(=O)CCCCCNS(=O)(=O)c1ccc(C(F)(F)F)cc1,-2.022524118423462
guided,CCC[C@@H]1Cc2c([s+]c3nc(Sc4ncn[nH]4)n(-c4ccccc4)c([O-])c2-3)CO1,-1.7496302127838135
guided,O=C(COc1ccccc1NC(=O)c1ccc([N+](=O)[O-])s1)NN1C(=O)c2ccccc2C1=O,-2.099304676055908
guided,CNC(=O)COc1coc(CN2CCN(C/C=C/c3ccccc3)CC2)cc1=O,-2.2538769245147705
guided,[H+].[O-][N-][C+]([O-])CCCC[c+]1[cH-][cH+][cH-][cH+][cH-]1,-2.59383225440979
guided,[O-][C+]1[CH-][C+]([N-]N[C+]([O-])[c+]2[cH-][cH+][cH-][c+]3[cH-][cH+][cH-][cH+][c-]23)CCC1,-2.3290607929229736
guided,[O-][c+]1[n-][c+]([S-])[cH+][cH-]o1,-2.036881923675537
guided,CCn1cc([C@](O)(C(C)=O)c2ccc(OC)cc2)c(=O)c2ccccc21,-3.2112276554107666
guided,C[C-](CCCCC[c+]1[n-][c+]([CH+][N-]N[C+](N)[S-])s[c-]1[C+]([O-])O)[c+]1[cH-][cH+][cH-][c+]2[cH-][cH+][cH-][cH+][c-]12,-2.036881923675537
guided,O=C(NCCCn1ccnc1)c1ccc(C[S@@+]([O-])Cc2ccccc2)o1,-2.14487624168396
guided,S=C(NCc1ccco1)Nc1ccc2ccccc2n1,-1.8830875158309937
guided,Cc1ccc(OCC(=O)N/N=C\c2ccncc2)c(C)c1,-1.931758999824524
guided,[CH2+]N1CC[C+]2[N-][C+]([N-]N([O-])[O-])CN2C1,-1.0232341289520264
guided,CC[C@H](C)NC(=O)Nc1cc(Cl)c(OC)cc1OC,-2.229227304458618
guided,C=CCOc1ccc2ccccc2c1/C=N\Nc1nc2ccccc2[nH]1,-1.8613009452819824
guided,COCCn1c(SCC(=O)N2CCN(C(=O)c3ccco3)CC2)nc2ccccc21,-2.004145860671997
guided,CNC(=C=[N+]([O-])[O-])c1nc(-c2ccc(F)cc2)[nH]c1C#[O+],-1.6481837034225464
guided,S=C(NCc1ccco1)N1CCN(c2ccccn2)CC1,-1.6481837034225464
guided,CCCN(CCC#N)c1ccc(C(=O)O)cn1,-1.7210086584091187
guided,COc1cccc(C(=O)Nc2c3c(nn2-c2ccc([N+](=O)[O-])cc2)C[S@+]([O-])C3)c1,-1.970301628112793
guided,S=C(NCc1cccnc1)NC1CCCC1,-1.660567283630371
guided,O=C1C(=O)N(C[C@@H]2CCCO2)[C@@H](c2ccco2)/C1=C(/O)c1ccc(F)cc1,-3.248896837234497
guided,CCC[CH-]C1CC[C+]([O-])OC1C[C+]([O-])N[c+]1[cH-][c+](C)o[n-]1,-2.3290607929229736
guided,CN1CCCc2ccccc21,-2.35364031791687
guided,[CH]O[C]1[C][C]([C][N+][N][C]([O-])[C-][C](N)S[C]2[C][N+][CH][CH][CH]2)[CH][C](OC)[C]1[O+]C,-1.898970127105713
guided,C[c+]1[cH-][cH+][c-]([S+2]([O-])([O-])NC([C-]([O-])N[N-][CH+][CH+][c+]2[cH-][cH+][cH-][cH+][n-]2)C(C)C)[cH+][cH-]1,-1.898970127105713
guided,[CH2+][C+]1[CH+][CH-][CH+][CH-][CH+]1.[O-][C+](N[C-](Cl)Cl)[c+]1[cH-][cH+][cH-][c+]2[cH-][cH+][cH-][cH+][c-]12.[O-][P-2],-3.172083616256714
guided,COc1ccc(/C=C/c2nc3ccccc3o2)cc1O,-2.94943904876709
guided,O=S(=O)(c1cccc2cccnc12)N1CCCCC1,-2.229227304458618
guided,COc1ccc(CCC(=O)OCC(=O)Nc2cccc(C)c2C#N)cc1,-2.54217791557312
guided,[H+].[H+].[O-][N-]N([CH+][N-]C12[C+]3CCCC[C+]3[CH-]S1345O[N+]3(O4)[C+]25)[C-]1[C][CH-][CH-][CH+][CH-]1,-1.7814180850982666
guided,Cc1nc2n/c(=[S+]/CC(=O)N3CCC(=C([O-])O)CC3)[n-]n2c(C)c1Cc1ccccc1.[H+],-1.8162105083465576
guided,Cc1nc(N2CCOCC2)c2c(C)c(C(=O)Nc3ccc(F)cc3F)sc2n1,-1.9352717399597168
guided,CONC(=O)Nc1ccc(F)cc1,-1.8509483337402344
guided,O=C(c1cccc(Cl)c1)N1CCN(Cc2ccccc2F)CC1,-2.419826030731201
guided,CN(Cc1ccccc1)[C@@H](NC(=O)c1cccs1)C(Cl)Cl,-2.3290607929229736
guided,[H]/N=C1/C(C(=O)Nc2cc(S(=O)(=O)N3CCOCC3)ccc2N2CCCCCC2)=CC(Br)=C/[N+]1=C/CCC[CH2-],-2.019512891769409
guided,COc1ccc(/C=N/NC(=O)CSCCC(=O)N[C@@H]2CCS(=O)(=O)C2)cc1O,-2.2188470363616943
guided,CC(=O)N1c2ccc(S(=O)(=O)N(C)Cc3nc(-c4cccs4)no3)cc2C[C@@H]1C,-1.970301628112793
guided,COc1ccc(C(C)C)cc1OCC(=O)N[C@@H](CCN1CCOCC1)C(=O)O,-2.6161489486694336
guided,N/C(=N/OCc1ccccc1)c1ccccn1,-1.7210086584091187
guided,[O][C]1N[C]([CH][CH][C]2[CH][CH][CH][S+]2)N([C]2[N][CH][CH][CH][N]2)[C]2[CH][CH][N+](N[C][O-])[CH][C]12,-1.4976286888122559
guided,COCCCn1c(=S)[nH]c2ncccc2c1=O,-1.7210086584091187
guided,Brc1cccc2ccccc12,-5.398162841796875
guided,NNC(=O)C(=O)Nc1ccc(Cl)cc1,-1.5274808406829834
guided,O=C(Nc1ccc2c(c1)C(=O)NCC2)c1ccccc1O,-2.3290607929229736
guided,CCOc1ccc(C(=O)N[C@@H](C(=O)c2ccccc2)N2CCCCCC2)cc1OC,-2.6850228309631348
guided,[CH2-][C+](C)[CH-]CCC(C)CC(O)C(C)C,-5.638354778289795
guided,[O][C](CC1S[C]([N][C]2[CH][CH][CH][CH][CH]2)N[C+]1[O])N[C]1[CH][C](F)[CH][CH][C]1N([O-])[O-],-1.898970127105713
guided,[N-2][C][N-]C([c+]1[cH+][cH+][cH+][cH-][cH+]1)[c-]1[cH+][cH-][cH+][c-]2[cH+][cH-][cH+][cH-][c+]12,-2.2803893089294434
guided,COc1ccccc1N1CCN(C(=O)c2n[nH]c(=O)c3ccccc23)CC1,-1.898970127105713
guided,CCCCN(CCc1ccccc1)S(=O)(=O)c1cccc2nsnc12,-2.1057322025299072
guided,N#Cc1nc(-c2ccc(OC(F)(F)F)cc2)oc1NCCCn1ccnc1,-1.6782987117767334
guided,CC(C)c1c(C(=O)N/N=C/c2ccc([N+](=O)[O-])s2)nnn1-c1nonc1N,-1.0949223041534424
guided,O=C(NCc1ccccc1)c1ccccc1-c1ncc[nH]1,-1.931758999824524
guided,Cc1cc(C(=O)N[C@@H]2CCCc3c2cnn3-c2ccccc2F)nc(NCc2ccccc2)n1,-1.7277717590332031
guided,O=C(O)/C=C/c1ccccc1O,-5.48479700088501
guided,COc1cccc(CN2CCNC(=O)[C@@H]2CC(=O)Nc2nccs2)c1OC,-1.898970127105713
guided,CC(=O)NCCNC(=O)c1cc(COc2c(C)cccc2C)on1,-2.064993381500244
guided,CCOc1cccc(-c2nn(C3CCCCC3)cc2CN(C)Cc2cnn(C)c2)c1,-1.7834744453430176
guided,CCOc1ccc(-c2nc3c(c(=O)[nH]c(=O)n3C3CCCCC3)n2C)cc1C,-1.9352717399597168
guided,CO[CH-]C(C)O[c+]1[cH-][c+](C)[c-](Cl)[c+]([C+]([O-])NCCN2CCOCC2)[cH-]1,-2.5030341148376465
guided,O=[N+]([O-])c1ccc2c(c1)CCCN2CCN1CCOCC1,-1.931758999824524
guided,NNC(=O)Cn1nc(C(=O)O)c2ccccc2c1=O,-1.548350214958191
guided,COc1ccc(CNC(=S)NCc2ccc(OC)c(OC)c2)cc1,-2.4622952938079834
guided,CCCN(CC(=O)Nc1ccccc1C#N)Cc1ccccc1,-2.022524118423462
guided,[C-]#[N+]C(=O)c1[nH]cnc1C(=O)NCC(=O)Oc1cccc([N+](=O)[O-])c1,-1.6014856100082397
guided,CCCC(=O)c1oc2ccccc2c1C,-5.707110404968262
guided,[S-][C-](NCC[c+]1[cH-][cH+][c-]2[c+]([cH-]1)OCO2)N[C+]1[CH-][CH+][C+](N2[CH+][N-][N-][N-]2)[C][C-]1Cl,-1.4976286888122559
guided,O=[N+]([O-])c1cc(-c2cnc3ccccc3n2)ccc1SCc1ccc2c(c1)OCO2,-2.2877211570739746
guided,[CH2-]O[c+]1[cH-][cH+][cH-][cH+][c-]1N(C[C+]([O-])NC1CCCCC1)[S+2]([O-])([O-])[c+]1[cH-][cH+][cH-]s1,-2.5798470973968506
guided,CC[CH-][C+]1[CH+][C-]2[N-][N-][N-][NH+]2CC1.[H+],-1.0903477668762207
guided,[O-][S+2]([O-])(N[c-]1[n-][c+](-[c-]2[cH+][cH-][cH+][cH-][cH+]2)[cH+]s1)[C-]1[C][N-][C+](Cl)[CH+][CH+]1,-1.9781709909439087
guided,OCC[C@@H]1CN(Cc2ccncc2)CCN1C1CCCC1,-1.931758999824524
guided,O=C(NCCc1ccc(O)c(O)c1)Nc1ccc(Cl)cc1,-2.3290607929229736
guided,[S-][C+]([N-][N-][C+]1CCCC1)NCCCN1CCOCC1,-1.548350214958191
guided,CCOCCCNC(=O)CN(Cc1ccc2c(c1)OCO2)C(=O)CNC(=O)CNC(C)=O,-2.068580389022827
guided,NC(=O)CC1(CC(=O)O)CCCCC1,-2.59383225440979
guided,CCN(CC)S(=O)(=O)c1cc(NC(=O)c2cc(Cc3ccc(F)cc3)n[nH]2)ccc1Cl,-2.036881923675537
guided,O=C(c1ccc(F)cc1)c1ccc2c(c1)OCO2,-5.888877868652344
guided,Cn1cc(P(=S)(N2CCOCC2)N2CCOCC2)cc1P(=O)(N1CCOCC1)N1CCOCC1,-1.9084417819976807
guided,COC[C@@H](C)Oc1ccc(Cl)cc1Br,-5.638354778289795
guided,S=C1Nc2ccccc2Oc2ccc(Cl)cc21,-2.7873599529266357
guided,O=C(Nc1ccccc1-c1nnn(-c2cccs2)n1)P(#[S+])c1ccccc1.[CH2-]C,-1.7496302127838135
guided,CC1S[C][N][S+3]1([O-])[O+]1C2[CH][CH][C](N(CC3CCCO3)[C]([O])C[N-2])[C]3[CH][CH][CH][CH]C321,-2.2538769245147705
guided,O=C(NP(=O)(N1CCOCC1)N1CCOCC1)C1=[C-]C/C(=C/c2ccccc2)C1=[N+]1CCOCC1,-2.1580586433410645
guided,O=C(NC1CCN(Cc2ccccc2)CC1)[C@H]1CCCN(S(=O)(=O)c2cccs2)C1,-2.2877211570739746
guided,O=S(=O)(c1ccccc1F)N1CCCCCC1,-2.7873599529266357
guided,S=c1[nH]c2nnc(-c3ccccc3)nc2s1,-1.3769919872283936
guided,Cc1ccc(-n2c(O)c(/C=N/N3CCCCC3)c(=O)[nH]c2=O)c(C)c1,-1.8221569061279297
guided,CCOCCCNC(=O)CCc1nnc2ccc(N3CCC(C)CC3)nn12,-1.4976286888122559
guided,NNC(=O)CNC1CCCCC1,-1.3739230632781982
guided,CC(=O)Nc1ccc2c(c1)C(=O)N([C@H]1CCCc3ccccc31)C2=O,-2.5030341148376465
guided,CCN(CC)/N=N/c1nonc1OC,-1.0232341289520264
guided,O=C(C[C@H]1NCCNC1=O)NCNC(=O)c1ccccn1,-1.427512288093567
guided,[CH2-]CN[c+]1[cH-][cH+][cH-][cH+][c-]1C[P+]([O-])([c+]1[cH-][cH+][cH-][cH+][cH-]1)[c+]1[cH-][cH+][cH-][cH+][cH-]1,-3.131344795227051
guided,NC(=O)CC1=[S+]/C(=C(/[O-])N[C@]23C[C@H]4C[C@H](C[C@H](C4)C2)C3)C=C1,-2.3754727840423584
guided,NC(=O)c1sc2nc(N3CCCCC3)ccc2c1N,-1.548350214958191
guided,[N-]=C([O-])[C+]1[S+]=c2nc3c(cc2=C1N)CCCC3,-1.7210086584091187
guided,O=C(NNC(=O)c1cccc2ccccc12)c1cccc(Br)c1,-2.419826030731201
guided,CO[c+]1[cH-][c+]2[c-]([cH+][c-]1OC)CCC([C+]([O-])O)N([C+]([O-])C[c+]1[cH-][nH][c+]3[cH-][cH+][cH-][cH+][c-]13)[CH-]2,-2.6850228309631348
guided,O=c1cc(/C=N/O)nc2sccn12,-1.4536465406417847
guided,[CH2][N+](CC[C][C]([O])[N][N][C]1[C](O)N[C]2[CH][CH][C]([N+]([O])[O-])[CH][C]21)[C]1[N][CH][C](C(F)(F)F)[CH][C]1Cl,-1.6979632377624512
guided,CCCOC(=O)c1ccc(-c2coc3c(CN4C(=O)c5ccccc5C4=O)c(O)ccc3c2=O)cc1,-3.536116600036621
guided,CCOC(=O)Cn1c(C)nc2ccccc21,-2.0578689575195312
guided,NS(=O)(=O)c1cccc(S(=O)(=O)Nc2cccc3ccccc23)c1,-2.4622952938079834
guided,CO/C(C/N=C1/C(/N=N/c2ccc(C(=O)O)cc2)=c2cc3ccccc3c(O)c2=C1[O-])=[O+]\CCO,-2.441633939743042
guided,NS(=O)(=O)c1ccc(CCNC(=O)c2ccc([C@@H]3CCc4ccccc4C3)cc2)cc1,-2.717759132385254
guided,COc1ccc2c(c1)c(C(=O)NCCCN1CCOCC1)c(C)n2-c1ccccc1,-2.2877211570739746
guided,COCCNC(=S)N[N+]1=[C-]CC[C@](C)(c2ccccc2)[C@H]1C,-1.9781709909439087
guided,SN1[C+]2[CH-]C2[N-]n2[cH+][cH+][n-][c-]21.[CH2+]C(O)CO[P+]([O-])(O)O.[H+],-1.5995122194290161
guided,[O][C](CO[C+]1[CH][CH][C](F)[CH][CH]1)N(C[C]1[CH][CH][CH][C](N([O-])[O-])[CH]1)[C]1[N][CH][CH]S1,-2.1825454235076904
guided,[O-][C]C(O)C(O)C(O)C(O)CO,-5.48479700088501
guided,Cc1cc(Cl)c([C@H](C)C(=O)NC2CCN(Cc3ccccc3)CC2)c(C(=O)O)c1,-2.6511785984039307
guided,[O-][P+](O)(O)C(O)([CH-][c+]1[cH-][cH+][n-][cH+][cH-]1)[P+]([O-])(O)O,-2.7873599529266357
guided,Cc1ccc(CN(C(=O)c2cc3ccccc3o2)c2ccc(C(=O)N3CC[C-](C)CC3)cc2)o1.[H+],-2.809990167617798
guided,[O-][C+](O)[CH-][P+]([O-])(O)[c+]1[cH-][cH+][cH-][cH+][cH-]1,-5.564520359039307
guided,Cn1nnc(NCCCC(=O)O)n1,-0.9493998885154724
guided,COCC/N=C1\S[s@SP1+]2cccc2CN1CC1=C([O-])Nc2c[cH-]/c(=[O+]/C)cc2[CH-]1.[H+],-2.2188470363616943
guided,CCOc1ccccc1CNC(=O)[C@@H]1CCC(=O)N(C2CC2)C1,-2.419826030731201
guided,O=C(N/N=C/c1ccc(N2CCOCC2)o1)c1cncc(Br)c1,-1.738948941230774
guided,Nn1cnnc1N/N=C/C=C/c1ccccc1Br,-1.0930874347686768
guided,COc1ccc([C@H]2[C@@H]3CCCC[C@]3(O)CCN2CC(=O)Nc2ccccc2OC)cc1O,-2.749457359313965
guided,S=C(NCCCN1CCCC1)NC1CCCCC1,-1.7780040502548218
guided,Fc1ccc(-c2cc(Cl)ccc2-c2nn3c(Cl)nnc3s2)cc1,-1.738948941230774
guided,O=C(O)c1ccccc1OP(=O)(O)O,-5.638354778289795
guided,COc1ccc(C(=O)NCCCN2CCN(c3ccccc3)CC2)c(OC)c1OC,-2.2877211570739746
guided,CC(=O)c1nn(Cc2ccc(C(C)(C)C)cc2)c(=O)n(C)c1=O,-2.022524118423462
guided,Fc1ccccc1OCCNCc1ccccn1,-2.1753058433532715
guided,COc1ccc(N2CCN(c3nc(C)c4c(c3C#N)CC(C)(C)OC4)CC2)cc1,-1.970301628112793
guided,COc1ccc(S(N)(=O)=O)cc1C(=O)NCCc1ccccc1,-2.419826030731201
guided,CCOC(CNc1ncnc2sc(C)c(C)c12)OCC,-1.8830875158309937
guided,[O][C](CS[C+]1[CH][CH][CH][CH][C]1F)N[N][CH][C]1[CH][CH][C]([C]2[CH][CH][CH][CH][C]2N([O-])[O-])O1,-2.2188470363616943
guided,COc1ccccc1/N=C\c1c(C)nn(-c2ccccc2)c1-n1cccc1,-1.898970127105713
guided,CO[C-]1[CH+][C+](N[C+]([O-])CCOC[C][C]CC(C)CN2CCCCC2)[C+]([O-])[C-](C)[CH+]1,-2.6511785984039307
guided,C[C+]([CH+][C]OCC1C(C)(O)C[CH+]C2C(C)(C)C(O[C-](C)[O-])CCC12C)[CH-][c+]1[cH-][cH+][cH-][cH+][cH-]1.[H+],-6.463029384613037
guided,CN(Cc1ccccc1)S(=O)(=O)c1ccc(Cl)nc1,-2.229227304458618
guided,[NH-]Oc1ccc([S+]=C=Nc2nc3c(c4ccccc24)CCCC3)cc1,-2.1057322025299072
guided,O=S(=O)(NCCc1cccnc1)c1ccccc1,-2.1753058433532715
guided,[C-]#[N+]C1=N/C(=[S+]\C)C(=C=[N-])C(N2CCN(C)CC2)=N1.[CH2-]CC[O-].[H+].[H+],-1.337607502937317
guided,COc1ccc(/C=C2\CC/C(=C\c3ccc(O)c(OC)c3)C2=O)cc1O,-6.2557501792907715
guided,CN(C)S(=O)(=O)Nc1ccc(Br)c2cccnc12,-1.7780040502548218
guided,CCCCN(C(=O)CN(C)S(=O)(=O)c1ccc(OC)c(OC)c1)c1c(N)n(CCC)c(=O)[nH]c1=O,-1.9373873472213745
guided,O=C(CCCC[C@H]1CC[C@H](CO)CC1)C1CCCCC1,-5.993961334228516
guided,[CH2-][C+](C[C-]1[CH+][CH+][N-][C-](NCCC)[N-]1)[C+](C)C,-1.660567283630371
guided,O=C(C1CCN(S(=O)(=O)c2cccs2)CC1)N1CCCCC1,-2.3754727840423584
guided,CO[C-]([O-])[C+]([N-][c+]1[n-][c+]2[c+](o1)[c-]([O-])n(C)[c+]([O-])n2C)N(C[c+]1[cH-][cH+][cH-][cH+][cH-]1)C[c+]1[cH-][cH+][cH-][cH+][cH-]1.[H+],-1.9084417819976807
guided,[C-3][C+]1CC[N-][C]N1[N-][O-],-1.087623119354248
guided,N[P@](=O)(Oc1ccccc1)Oc1ccc(Cl)cc1,-2.844355583190918
guided,O=C(CCNC(=O)[C@H]1CC=CCC1)NCCc1ccc(O)c(O)c1,-2.4622952938079834
guided,[N-2][N-][N-][C+](CO)C(O)(CO)CN([C+]1[CH+][CH+][CH-][CH+][CH-]1)[S+2]([O-])([O-])[c+]1[cH-][cH+][cH-][cH+][cH-]1,-1.898970127105713
guided,[H+].[NH-][C-](N)N[c+]1[cH-][cH+][c-](N2CCC[C+]2[O-])[cH+][cH-]1,-1.3769919872283936
guided,CCn1nnc(-c2ccccc2NS(=O)(=O)c2ccc(C(=O)OC)cc2)n1,-1.6782987117767334
guided,O=[N+]([O-])c1ccc([C@@H]2CC[C@@H]3CC(c4cccs4)=NN32)s1,-1.931758999824524
guided,O=C(COc1ccccc1C(=O)NC[C@H]1CCCO1)c1ccc(F)cc1,-3.2112276554107666
guided,O=C(NCc1ccco1)/C(=C\c1ccco1)NC(=O)c1ccco1,-2.4622952938079834
guided,[CH2+]O[C+]([O-])[C+]1[CH+][CH-][CH+][CH-][CH+]1.[CH2-]O[C+]([O-])[c+]1[cH-][cH+][c-](Cl)[cH+][cH-]1.[CH2-][P-][O-],-6.175867080688477
guided,CCCC(=O)Nc1ccc(NC(=O)c2cccc(OC)c2)nc1,-2.022524118423462
guided,NC(=O)[C@@H]1CCCN(Cc2ccncc2)C1,-1.660567283630371
guided,CN(C)c1cc(C(N)=O)c(N2CCOCC2)cc1C(=O)c1ccc(Cl)cc1,-2.1825454235076904
guided,O=C(COc1ccccc1)NNc1c2ccccc2nc2ccccc12,-2.14487624168396
guided,C=C([O-])/[NH+]=C1/C=CC(F)=C/C1=N\CCCCCNS(=O)(=O)c1ccc(F)cc1,-2.2188470363616943
guided,FC(F)(F)Oc1ccc(NC(=S)NCc2ccccc2)c(Cl)c1,-2.419826030731201
guided,COc1cc(N2C(=O)C[C@H](N3CCOCC3)C2=O)ccc1C(=O)O,-2.4622952938079834
guided,C#CCNC(=O)C1=C[C@@H](C)[C@H](CCCO)[C@@H](OCC)O1,-2.94943904876709
guided,[OH-],-3.044522523880005
guided,COCCCN/C=C1/C(=O)NC(=O)N(Cc2ccccc2)C1=O,-2.022524118423462
guided,CN(c1ccccc1C(=O)NCc1ccccc1)S(C)(=O)=O,-2.3754727840423584
guided,COc1ccc(S(=O)(=O)Nc2ccc(N3CCOCC3)cc2)cc1Cl,-2.5030341148376465
guided,CC(O[C]1[C]2[CH]C[C]C[C]2[CH][C]2[O+][C]([O])[CH][CH][C]21)[C]([O])NC(C[C]1[CH][CH][CH][CH][CH]1)[C]([O])O,-3.4185070991516113
guided,[O][N+]([O-])[C][CH][N+]1CC[C]2[C]3[CH][CH][CH][CH][C]3N[C]2C1[C]1[CH][CH][CH][C]2[CH][CH][CH][CH][C]21,-2.2188470363616943
guided,COc1cc(CNc2ccc(S(N)(=O)=O)cc2)ccc1OCC(=O)NC(C)(C)C,-2.2538769245147705
guided,COc1ccc(/C=C/C(=O)O)cc1CS(=O)(=O)c1ccccc1C(=O)O,-6.2557501792907715
guided,COC[C@]1(CCc2ccccc2)OCCCN1OC(=O)CNC(=O)c1ccc2c(c1)OCCO2,-2.809990167617798
guided,CCCNC(=S)Nc1ccccc1N1CCCCC1,-1.8319255113601685
guided,Nc1nonc1-n1nnc(C(=O)N/N=C/c2ccco2)c1-c1ccc(N2CCC(Cl)CC2)cc1,-1.3250652551651
guided,COc1ccc(-n2ncc(CSc3ccc(Cl)cc3)n2)cc1,-1.9781709909439087
guided,O=S(=O)(/N=C(\Nc1ccc(F)c(F)c1F)c1ccc(OCCCF)cc1)c1ccccc1,-2.749457359313965
guided,CN(C)C[C@@H]1CCCC[C@@H]1OC(=O)c1cccs1,-2.844355583190918
guided,CN(C)CCN1C(=O)c2oc3ccc(Cl)cc3c(=O)c2[C@H]1c1cccs1,-2.54217791557312
guided,S=PN(N1CCCCC1)N(c1ccc2ccccc2c1)N1CCOCC1,-1.8613009452819824
guided,COC(=O)C1=[C-]/C(=N/C(=O)c2nn(C)cc2Cl)C=C[CH+]1,-1.8830875158309937
guided,S=C(NCc1ccsc1)Nc1cc(Cl)ccc1Cl,-2.1753058433532715
guided,Nn1c(SCc2nc3ccccc3nc2N2CCOCC2)nncc1=O,-1.306990146636963
guided,C/[O+]=C1/C=C=c2c(NC(N)=O)c([N+]#S([O-])([O-])N(C)C)sc2=C1,-1.6945956945419312
guided,[OH-],-3.044522523880005
guided,COc1ccc(C(C)=O)cc1Cn1c(=O)ccc2cc3[nH]c(=O)[nH]c3cc21,-2.1825454235076904
guided,ClCCc1nc2cc(Cl)c(Cl)cc2[nH]1,-1.924782633781433
guided,Cc1cc(Cl)ccc1-c1ccc(/C=N\n2nnnc2N)o1,-1.2468422651290894
guided,CCN(CC(=O)NC(C)C)Cc1ccccn1,-1.7210086584091187
guided,Cc1cc(Cl)ccc1OCC(=O)NC[C@@H]1CCCO1,-2.8982770442962646
guided,CCCCS(=O)(=O)Nc1cc(C)c2ccccc2n1,-2.229227304458618
guided,O=C(CCl)c1ccc(-n2cnnn2)cc1,-1.312661051750183
guided,COC(=O)c1nc(C)oc1N1CCOCC1,-2.0578689575195312
guided,Br[C-]1[C][c+]2[cH-][c-]3[o+]([c+]2[CH-][CH+]1)CCC[CH+]3,-5.638354778289795
guided,COc1cc(OC)c(O)c([N+](=O)[O-])c1,-2.59383225440979
guided,CC(=O)NC(=O)Nc1ccc(N2CCN(c3ccc(F)cc3)CC2)cc1,-1.8613009452819824
guided,CO[C-]1[S+]2CC12[C][N-]N[CH+][C+]1[CH-][CH+]C[C-](C(C)C)[C+]1[NH-].[H+],-1.8830875158309937
guided,CCN1CCN(c2nc3ccccc3n(Cc3ccccc3)c2=O)CC1,-1.8613009452819824
guided,NNC(=O)c1csc(-c2cccs2)n1,-1.5274808406829834
guided,CN(C)S(=O)(=O)c1ccc(Cl)c(-c2n[nH]c(=S)n2C2CCCCC2)c1,-1.8221569061279297
guided,O=C(COc1ccccc1[N+](=O)[O-])Nc1nc2ccccc2s1,-2.022524118423462
guided,COc1ccc2c3c(cccc13)CC2,-5.638354778289795
guided,CCCS(=O)(=O)c1snnc1C,-1.771224856376648
guided,[H+].[O-][C+](N[N-][CH+][c-]1[cH+][cH-][c+]2[c-]([cH+]1)N([C][CH+][CH-][C+]1C3[N-]N13)CCN2)[c-]1[cH+][c-]([O-])[nH][c+]2[cH+][cH-][cH+][cH-][c+]21,-1.5449939966201782
guided,CCOc1ccc(C)cc1S(=O)(=O)n1nc(C)cc1C,-2.2803893089294434
guided,CN1CCN(C[C@@H](O)c2cccc3ccccc23)CC1,-2.2803893089294434
guided,CC(=O)Nc1cc(C(=O)O)ccc1S(=O)(=O)c1ccccc1,-3.044522523880005
guided,[H]/[C-]=C1/[O+]=C(Nc2cc(C)ccc2C)C(C(=O)OC)=C1C,-2.94943904876709
guided,[O-]N([O-])[C+]1[N-]N(C2CCCCC2)[C+](O)[C+]1[N-][c+]1[cH-][cH+][cH-][cH+][c-]1N([O-])[O-],-1.6014856100082397
guided,Cn1ccnc1SCC(=O)NCc1ccc(Cl)cc1,-1.8319255113601685
guided,CCc1nc(CN2CCC(OCc3cc4c(cc3Cl)OCO4)CC2)c(C)cc1O,-2.6511785984039307
guided,COc1ccccc1Cn1nc(NC(=O)c2ccccc2)n2cccc2c1=O,-1.9352717399597168
guided,Cn1nc(CC(=O)NC2=NCCS2)c2ccccc2c1=O,-1.6481837034225464
guided,NS(=O)(=O)c1cnc[nH]1,-1.087623119354248
guided,Nc1nnc(SCC(=O)N2CCN(C(=O)c3ccco3)CC2)n1-c1ccccc1,-1.568960189819336
guided,CCOc1ccc(S(=O)(=O)N2CCC(C(N)=O)CC2)c2cccnc12,-2.1057322025299072
guided,O=C(O)c1ccccc1NS(=O)(=O)c1ccc2ccccc2c1,-3.0888755321502686
guided,CCOCCOc1cc(-n2cnc(/C=C3/C=CC=[S+]3)c2[O-])c(Cl)cc1Cl,-2.54217791557312
guided,COc1cc(/C=N/NC(=O)c2ccc(Oc3cccc(C)c3)cc2)ccc1O,-2.6161489486694336
guided,O=C(c1ccc(Cn2cc(Br)cn2)o1)N1N=C(C(F)F)C[C@]1(O)C(F)F,-1.8613009452819824
guided,NC(=O)C1(N2CCCCC2)CCN(S(=O)(=O)c2ccc(Br)cc2)CC1,-2.1057322025299072
guided,CCOc1cc2[nH]c(CC(=O)NCCC3=CCCCC3)cc(=O)c2cc1OCC,-2.6511785984039307
guided,CCOc1ccc(CCNS(=O)(=O)c2ccc(NC(=O)OC)cc2)cc1OCC,-2.6511785984039307
guided,O=[N+]([O-])/C(CBr)=C1\[S+]=C(N(CCO)CCO)N=C1[O-],-1.8319255113601685
guided,Cc1ccc(SCc2cc(=O)[nH]c(N3CCN(C)CC3)n2)cc1,-1.738948941230774
guided,CCOC(=O)C1=C(C)Nc2nc3ccccc3n2[C@H]1c1ccncc1,-1.8221569061279297
guided,NS(=O)(=O)c1ccc(CCNC(=O)C(F)(F)F)cc1,-2.229227304458618
guided,O=C(ONC1=NCCCCC1)c1ccc(Br)cc1,-2.1753058433532715
guided,O=C(NNC(=O)c1ccc(NC(=O)c2ccco2)cc1)c1ccc(F)cc1,-2.1825454235076904
guided,[CH2-]OC[c+]1[cH-][cH+][cH-][c+](N[S+2]([O-])([O-])[c+]2[cH-][cH+][cH-][cH+][c-]2Cl)[cH-]1,-2.94943904876709
guided,NNC(=O)C(=O)NCc1ccco1,-1.4536465406417847
guided,CO[C]1[CH][C]([CH+][CH][C]([O])O)[CH][CH][C]1OS([O])([O])[C]1[CH][CH][C](F)[CH][C]1N([O-])[O-],-3.248896837234497
guided,[CH2-][P+]([O-])(N[c+]1[cH-][cH+][cH-][cH+][cH-]1)O[c+]1[cH-][cH+][c-](OC)[c+]([S+2](N)([O-])[O-])[cH-]1,-2.419826030731201
guided,COCCNC(=O)CNC(=O)c1nc(C)c(C)s1,-1.7780040502548218
guided,Cc1cc(N2CCOCC2)ncc1NC(=O)CNC1CCCCC1,-1.7814180850982666
guided,Cc1ccc(/C=C2/C(=O)NC(=O)N(Cc3ccccc3)C2=O)cc1,-2.4622952938079834
guided,NNC(=S)Nc1ccc(Cl)cc1,-1.3739230632781982
guided,C/C(=N\NC(=O)CCNC(=O)c1ccco1)c1ccccc1,-1.9781709909439087
guided,COCC([O+]=P(=NC(=O)/C=C/c1cccs1)C(F)(F)F)(C(F)(F)F)C(F)(F)F.[CH2-]C.[H]/N=C\COCCO,-2.8944284915924072
guided,NS(=O)(=O)c1ccc(Cl)c(C(=O)NCCOc2ccccc2)c1,-2.419826030731201
guided,Nn1c(SC/C=C/c2ccccc2)nnc1-c1ccco1,-1.6481837034225464
guided,CCN(CC)CCCN[C]([O-])[C]1[CH-][C](C)[C]2[C]([C]1C)[C+]([O])N(C1CCCC([N][C]([O-])OC[C-][OH+])C1)C2(C)O.[H+],-2.2401843070983887
guided,Cn1c(=O)c2c(ncn2CC(=O)Nc2cc(N)ccc2NC(=O)N2CCOCC2)n(C)c1=O,-1.4123494625091553
guided,O=C(NC[C@H]1COc2ccccc2O1)c1ccccc1F,-2.998110294342041
guided,CCc1nnc(NC(=O)COc2ccc3c(c2)OCO3)s1,-1.931758999824524
guided,Brc1ccccc1OCCN1CCOCC1,-2.7269186973571777
guided,COc1ccc(/C=C(\C#N)C(=O)OCC(=O)Nc2ccc(Cl)cc2[N+](=O)[O-])cc1,-2.2538769245147705
guided,COc1ccc(Cl)c(C(=O)N[C@]2(C(F)(F)F)C(=O)Nc3ccc(OC)cc32)c1,-2.6161489486694336
guided,CCCOP([O-])OCCC.O=C(/[NH+]=C/c1ccccc1)c1ccc(-c2ccccc2)[nH]1,-2.717759132385254
guided,FC(F)Oc1ccccc1CN1CC=CC[C@H]1CCCC/C=C/C(Br)=N/c1ccccc1,-2.749457359313965
guided,CCC/N=c1\scc(-c2cccs2)n1/N=C/c1ccc(OC)c(OC)c1,-2.14487624168396
guided,CCCCC[CH-]CCC1=[N+]=C=C(/C=N/NC(=O)[c-]2cc(-c3ccccc3)c(NC(=O)/C=C\C(=O)O)[s+]2)[CH-]1.[H+],-2.2135515213012695
guided,COc1cccc(CN[C@H](CC(C)C)C(=O)O)c1OC,-2.94943904876709
guided,[NH-][P+]([O-])(OCCN1CCOCC1)O[c+]1[cH-][cH+][c-](Cl)[cH+][c-]1Cl,-2.3290607929229736
guided,Cc1c(C#N)c2ccccc2n1CC(=O)NC[C@H]1CCCCO1,-2.022524118423462
guided,S=C(NCCOCC1CCCCC1)Nc1ccc(Cl)cc1,-2.3290607929229736
guided,O=C(OCc1nnc(-c2ccccc2)o1)c1cccc(NC(=O)c2ccccc2F)c1,-2.3204572200775146
guided,COc1ccccc1N(CCc1cccnc1)C(=O)CSc1nnc(CNC(=O)c2cccs2)o1,-1.9373873472213745
guided,O=S(=O)(Nc1nc2ccc(OCc3ccccc3C(F)(F)F)cc2[nH]1)c1ccccc1,-2.3204572200775146
guided,NNC(=O)CN[C@H](c1ccccc1)c1cc(Br)ccc1NC(=O)c1ccc([N+](=O)[O-])cc1,-1.8479089736938477
guided,O=[N+]([O-])c1ccccc1-c1nc2ccccc2c2nc3ccccc3n12,-1.8613009452819824
guided,CCOc1cc(OC)cc(C(=O)N[C@H](C(=O)OCC(=O)NC(C)(C)C)C(C)C)c1,-2.6511785984039307
guided,Cc1cc(NC(=O)c2cc(CC(C)C)on2)no1,-1.7780040502548218
guided,CCN(CC)c1ccc2c(c1)[C@H](CC(=O)O)N(OCc1ccccc1)C2=O,-2.5798470973968506
guided,CCCN1CCC[C@H](c2cc3ccccc3o2)C1,-2.844355583190918
guided,O=S(=O)(Nc1ccc2[nH]cnc2c1)c1ccc2c(c1)OCCO2,-2.022524118423462
guided,O=C1C=C[C-]=C2C1=c1ccccc1=C/C2=[O+]\Cc1ccccc1,-6.133398056030273
guided,O=C(NNC(=S)Nc1cccc2ccccc12)c1ccccc1F,-2.064993381500244
guided,O=c1[nH]c2ccccc2n1C1CCN(S(=O)(=O)c2ccccc2)CC1,-2.1057322025299072
guided,CN(C(=O)COc1ccc2c(c1)CCCC2)[C@H]1CCS(=O)(=O)C1,-3.0888755321502686
guided,Nc1nc2c(-c3ccccc3)c(-c3ccccc3)sc2c(=O)[nH]1,-2.022524118423462
guided,C=CCn1c2ccccc2c2nnc(SCCC)nc21,-1.5995122194290161
guided,[O-][C+](N[c-]1[cH+][cH-][c+](Cl)[cH-][c+]1[C-]1[N-]CCN1)[C+]1[C][C+]2[N-][C+]([c-]3[cH+][cH-][cH+]o3)[C+]([c-]3[cH+][cH-][cH+]o3)[N-][C+]2[CH-][CH+]1,-1.9373873472213745
guided,O=C(Nc1ccccc1C(=O)N1CCOCC1)c1ccncc1,-2.022524118423462
guided,[O-][S+3]([O-])(N[C]1[CH][CH][CH][CH][C]1O)[C]1[C][C](Cl)[CH][CH][C]1F,-2.8982770442962646
guided,[S-][C+](N[c-]1[cH+][cH-][c+](Cl)[cH-][cH+]1)[C-]([CH+]NCCS[c-]1[cH+][cH-][cH+][cH-][cH+]1)[N-][c+]1[cH-][cH+][cH-][cH+][n-]1,-1.970301628112793
guided,CC(=O)c1ccc(N2CCOCC2)c(Cl)c1,-2.7269186973571777
guided,S=C(c1ccccc1)N1CCN(C(=S)N2CCN(c3ccccn3)CC2)CC1,-1.7146004438400269
guided,O=S(=O)(NC1CC1)c1ccc(S(=O)(=O)N2CCCc3ccccc32)cc1,-2.54217791557312
guided,Nc1c(-c2ccccc2)nsc1C(=O)c1ccccc1,-2.2803893089294434
guided,Nc1nc2ccccc2n1CCOc1ccccc1Cl,-1.8830875158309937
guided,[N-2][C]S[CH+][C+]([O-])[C+]1[CH+][CH-][CH+]O1,-2.35364031791687
guided,Nc1ccsc1C(=O)Nc1c(F)cc(F)cc1Br,-2.1753058433532715
guided,Cc1ccc2nc(C)c(CNC(=O)[C@H](C)Oc3ccccc3Cl)n2c1,-2.1057322025299072
guided,CC(=O)[C@@H](C)SCCN(C)C[P@](=O)(O)CNC(=O)CO,-2.2803893089294434
guided,COc1cc(C(F)(F)F)cnc1COc1ccc(F)cc1,-2.998110294342041
guided,NS(=O)(=O)c1ccc(Nc2cccc(-c3ccc(N4CCCCC4)cc3)n2)cc1,-1.970301628112793
guided,NCCCCCNC(=S)NN,-1.0037134885787964
guided,O=C=C1C[C@@H](N2CCN(C(=O)Nc3ccccc3)CC2)CC=C1O,-2.064993381500244
guided,Cc1cc([N+](=O)[O-])ccc1NCc1ccco1,-2.1183104515075684
guided,COc1ccccc1NC(=S)NNC(=O)c1cc2cc(OC)c(OC)cc2c(=O)[nH]1,-2.004145860671997
guided,CCCCn1cnc2c(sc3nc4c(c(-c5ccccc5)c32)CCC4)c1=O,-2.1825454235076904
guided,S=[C-]/N=C(/Nc1ccc(Cl)cc1)C(Cl)(Cl)Cl.[H+],-2.0578689575195312
guided,COc1cccc(Nc2nc3c(c(=O)n(C)c(=O)n3C)n2Cc2ccc(C)cc2)c1,-1.7834744453430176
guided,COc1ccc(CCNS(=O)(=O)c2cc(C)nc(C)c2)cc1OC,-2.4622952938079834
guided,S=C(NCCCN1CCOCC1)Nc1ccccc1,-1.8319255113601685
guided,F[C@H]([C-]=[N+]1CCSCC1)CCOc1ccc(Cl)cc1,-2.8982770442962646
guided,CCOc1cccc(-c2nc(C[S@+]([O-])CC(=O)N[C@@H]3CCCC[C@H]3C)c(C)o2)c1,-2.6511785984039307
guided,[H]/N=N/C(=S)N(Cc1ccccc1)Cc1ccc(F)cc1,-1.8830875158309937
guided,S=C(NC1CCCC1)N1CCN(c2ccccn2)CC1,-1.5995122194290161
guided,Clc1cc2nc(-c3ccco3)c(-c3nc4ccccc4s3)nc2c(Cl)c1Cl,-2.1825454235076904
guided,O=C(N/N=C/c1ccco1)c1csc2ccccc12,-2.229227304458618
guided,NS(=O)(=O)c1ccc(CC[C@@H](NC(=O)c2cccc3ccccc23)C(=O)O)cc1,-2.6511785984039307
guided,NNC(=O)c1sccc1OCc1ccccc1,-2.1183104515075684
guided,[H+].[N-2][CH+]N(COCCS[c+]1[cH-][cH+][cH-][cH+][c-]1Cl)[C-]1[N-][C][N-][C+](N2CCOCC2)[N-]1,-1.4976286888122559
guided,CN(C)c1nc(N)nc(CSc2nc(N)c3ccccc3n2)n1,-1.051993727684021
guided,NC(=S)N/N=C1/c2ccccc2-c2ccc(OCc3ccccc3)cc21,-2.14487624168396
guided,Cn1c(=O)n(CC(=O)Nc2cccc(C(=O)O)c2)c(=O)c2ccccc21,-2.14487624168396
guided,[O-]CCCO[c+]1[cH-][cH+][c-]([S+2]([O-])([O-])[c+]2[cH-][cH+][c-](Br)[cH+][cH-]2)[c+](Cl)[cH-]1,-6.08904504776001
guided,CN(C)S(=O)(=O)c1ccc2c(c1)[C@@H](NS(=O)(=O)c1ccccc1)c1ccccc1-2,-2.6511785984039307
guided,O=C(c1cc(COc2ccc(F)cc2)on1)N1CCN(C(=O)c2ccco2)CC1,-2.2538769245147705
guided,[OH-],-3.044522523880005
guided,O=S(=O)(Nc1nc(O)c2ccccc2n1)c1ccc2ccccc2c1,-2.1057322025299072
guided,COCCC(=O)Nc1cc(C)ccc1Oc1cccc(Br)c1,-3.044522523880005
guided,CNS(=O)(=O)/C=C/c1ccccc1,-2.519998073577881
guided,O=[N+]([O-])c1ccc(OCCN2CCOCC2)c(CN2CCC(Cc3ccccc3)CC2)c1F,-2.3828799724578857
guided,O=C(COc1ccc(C(=O)OCn2ncc(Br)c(Br)c2=O)cc1)Nc1ccc(Cl)cc1,-2.3204572200775146
guided,[OH-],-3.044522523880005
guided,CN1C(=O)N[C@H](c2cccc(O)c2)[C@@H](C(=O)c2cccs2)[C@@]1(O)C(F)(F)F,-2.5798470973968506
guided,O=C=C1N=[N+](C(=O)CCCCCC[CH-]CCCC(=O)NC[C@H]2CCCO2)c2ccccc21,-2.3521556854248047
guided,O=[N+]([O-])c1ccc(S(=O)(=O)Nc2ncnc3ccccc23)s1,-1.6945956945419312
guided,Brc1cccnc1NCc1ccccc1,-1.9935381412506104
guided,[OH-],-3.044522523880005
guided,CCOc1ccccc1OCC(=O)Nc1cccc2ccccc12,-3.131344795227051
guided,COc1ccc(N2CCN(S(=O)(=O)c3ccc(Br)s3)CC2)c(C)c1,-2.4622952938079834
guided,COc1ccc(N(CCN2CCCCC2)c2nc(-c3cc(Cl)ccc3OC)cs2)cc1,-2.3204572200775146
guided,Cc1cc(C(=O)N2CCc3ccccc3C2)no1,-2.1753058433532715
guided,COc1cc([C@@H]2NC(=O)c3ccccc3N2)c(Br)c(Br)c1O,-2.3754727840423584
guided,Clc1cccc(/C=N\Nc2ccc3ccccc3n2)c1,-1.8830875158309937
guided,NC[C@H](CC(=O)O)c1ccccc1,-2.519998073577881
guided,Clc1cc(Cl)cc(-c2cc(COc3cccc4cccnc34)on2)c1,-2.5030341148376465
guided,COC[N-][C+]([O-])[N-][c+]1[n-][c-](C[C+]2[CH+][CH-][C+](C(C)(C)C)[CH-][CH+]2)n2[c+]1[CH-]CC(C)C2,-1.9352717399597168
guided,O=[C+](NN[C][O-])c1ccccc1-n1cccc1,-1.7210086584091187
guided,Brc1cccc(OCc2ccc(/C=N/N3CCN(Cc4ccco4)CC3)o2)c1,-2.2188470363616943
guided,N/C(CN1CCCCC1)=N\c1ccc(N2CCOCC2)cc1,-1.6945956945419312
guided,CC(C)C[C]1[CH][CH+]N([C]2[N][C](N)[C](N([O-])[O-])[C](N[N][C]3CCCCC3)[N]2)[N]1,-1.21201491355896
guided,Nc1nc(CNc2ccc[c-]c2[C@]2(c3ccc(F)cc3)[c-]3o[o+]32)nc(Nc2ccccc2F)n1.[H+],-1.7277717590332031
guided,NC(=S)NNC(=O)c1cccnc1,-1.1700712442398071
guided,NC(=O)C1CCN(C(=O)COC(=O)C2=COCCO2)CC1,-2.3290607929229736
guided,COCCN(CCOC)C(=O)/C=C/c1ccc(OC)c(OC)c1,-3.0888755321502686
guided,Cc1c(/C=N/NC(=O)c2cccs2)c(C)n(-c2ccccc2)c1C,-2.064993381500244
guided,[O-][C+]([c-]1[cH+][cH-][cH+]s1)N1[C][N-][C+](NCC[C+]2[CH-]CCCC2)[CH+]1,-1.931758999824524
guided,[NH-]OC1C[CH+]CC(C[CH-]NC[c+]2[cH-][cH+][cH-]s2)C1,-2.1183104515075684
guided,N[S+2]([O-])([O-])[c-]1[cH+][cH-][c+]([N-][N-][C+]2[CH+]N(CC[O+]3[CH-][O+]4CCOCC[O+]4[CH-]C3)[C-]([O-])[C+]3[CH+][CH-][CH+][CH-][C+]23)[cH-][cH+]1.[H+],-2.186189889907837
guided,CCCN1C(=O)c2ccccc2N[C@H]1c1ccc([N+](=O)[O-])o1,-1.9781709909439087
guided,CN(C)C(=O)c1sc(C(C)(C)C)cc1Nc1cccc(NC(N)=O)c1,-1.8221569061279297
guided,CCOc1ccc(C(=O)NCC(=O)NCc2ccc(S(N)(=O)=O)cc2)cc1OCC,-2.2877211570739746
guided,O=[N+]([O-])c1cn(Cc2cccc(F)c2)cn1,-1.660567283630371
guided,COCCN(/C=C/C(=O)c1cccs1)Cc1ccco1,-2.94943904876709
guided,COCCCNc1cc(C)nc(-c2ccccc2O)n1,-1.8830875158309937
guided,O=[N+]([O-])c1ccc(NCCCNS(=O)(=O)c2ccc(Cl)cc2)c(Cl)c1,-2.1057322025299072
guided,O=C=[N+]=C1C=C([C@]23C[C@H]4C[C@H](C[C@H](C4)C2)C3)S/C1=C(/[O-])O,-2.998110294342041
guided,COc1ccc(NC(=O)CSc2nnc3c(C)cc4ccccc4n23)cc1,-1.898970127105713
guided,O=C(N/N=C/c1ccc2nccnc2c1)c1ccc([N+](=O)[O-])cc1,-1.5607467889785767
guided,COc1ccc(C(=O)O)c(N)c1C#N,-1.924782633781433
guided,[CH2-]n1[c+](N)[c-]([C+]([O-])NC[c+]2[cH-][cH+][cH-][cH+][cH-]2)[c+]([O-])n(C)[c+]1[O-],-1.6481837034225464
guided,CN(C)CCNC(=O)c1ccccn1,-1.5274808406829834
guided,COc1cccc(-c2nocc2-c2csc(N)n2)c1,-1.8319255113601685
guided,NC(=O)c1cnn(-c2ccc(Oc3ccccc3F)cc2)c1N,-1.738948941230774
guided,[N-2][C]C1(N[C+]([O-])[C+]2[CH+][CH+][CH-][CH+][CH-]2)[CH+]CCCC1,-2.1183104515075684
guided,Nc1ccc(-c2csc(CC(=O)Nc3ccc(C(F)(F)F)cc3)n2)cc1Oc1cccnc1,-2.099304676055908
guided,[O-]N[PH+]([O-])OC1CCC([c-]2[cH+][cH-][cH+]o2)CC1,-2.7269186973571777
guided,CCOC(=O)Cn1ccc(NC(=O)c2ccc3c(c2)OCO3)n1,-2.022524118423462
guided,O=C(Nc1ccc(S(=O)(=O)Nc2ncccn2)cc1)c1ccc(N2CCCC2)c([N+](=O)[O-])c1,-1.6979632377624512
guided,CCOC(=O)CN(C(=O)CSc1nnc(CNc2ccc(F)cc2)n1C)c1ccccc1,-1.8479089736938477
guided,NS(=O)(=O)c1cccc(NC(=O)c2ccccn2)c1,-1.8319255113601685
guided,CC[N][C]1S[CH][C+](C)N1[N][CH][C]1[CH][CH][C](N([O-])[O-])[CH][CH]1,-1.5995122194290161
guided,Oc1ccc(Cc2nc3ccccc3[nH]2)cc1,-2.1183104515075684
guided,CN(C)CCCn1c(=O)[nH]c(=O)c2c3cc(Br)ccc3oc(=O)c21,-2.064993381500244
guided,COc1ccc(S(=O)(=O)CCc2nnc(NC(=O)CCC(=O)NCc3ccccc3)s2)cc1,-2.099304676055908
guided,[CH2-]CCCC/C=[NH+]/C(=O)c1cc(C(F)(F)F)nn1C,-1.8319255113601685
guided,CCCN1CCC[C@H](c2ccc(OC)c(CN3CCCCC3)c2)C1,-2.4622952938079834
guided,COCCN1C(=O)/C(=C/C=C/C=C/C=C/C=C/C=C/C=[C-]/C(=O)O)C(=O)NC1=S.[H+],-2.6511785984039307
guided,Nc1ccc(C(=O)n2c3ccccc3c3ccccc32)cc1,-2.3754727840423584
guided,[O-][C][C+]1[C+](OC[C-]([O-])N[C+]2[CH+][CH-][CH+][CH+][N-]2)[CH-][CH+][c-]2[cH+][cH-][cH+][cH-][c+]21,-2.419826030731201
guided,[OH-],-3.044522523880005
guided,[CH2-]Cc1ccccc1/[NH+]=C/c1cccc(Cl)c1Cl,-2.844355583190918
guided,NS(=O)(=O)c1ccc(NC(=O)Cn2c([O-])c(/C=C3\C=CC=[S+]3)sc2=S)cc1,-2.1825454235076904
guided,[N-2][CH-][c+]1[cH+]n(C[C-](N)[O-])[c+]2[c+](N)[n-][cH+][n-][c+]12,-0.9756505489349365
guided,[CH2-][C@H]1C[C@H]2C/C(=C/OCCS)C[C@@H](C1)C2.[H+],-5.707110404968262
guided,[CH2+]CCCCCN[C-]([O-])C1(O)[C+]2[CH-]N(CCCC)[C+]([O-])N[C-]2OO[C+]2[c-]3[cH+][cH-][cH+][cH-][c+]3[C+]([O-])N21,-2.12911319732666
guided,[O-][C+]([CH-]N[C+]1CCCCC[N-]1)[c-]1[cH+][cH-][c+](Cl)[cH-][cH+]1,-2.1753058433532715
guided,COc1cc(C(C)=O)ccc1OCC(=O)NC[C@@H]1CCCN(Cc2ccc(C)cc2)C1,-2.717759132385254
guided,COc1cccc2c1/C(=C(\N)[O-])C=[S+]2,-2.59383225440979
guided,N#CCCn1ccc(NC(=O)c2ccc3c(c2)OCO3)n1,-1.6481837034225464
guided,C=C1C=CN=[N+]1[C@H](C[N-]CC)C(=O)Nc1ccc(F)cc1,-1.6481837034225464
guided,Cc1cc(C(F)(F)F)c(C#N)c(SCC(=O)NC2CCCC2)n1,-2.022524118423462
guided,O=C(Oc1oc(-c2ccco2)nc1CN1CCOCC1)c1ccco1,-2.5030341148376465
guided,CN(C)c1cnc(COc2ccccc2)nc1N,-1.4944287538528442
guided,[S-]P(NCC[c+]1[cH-][cH+][cH-][cH+][cH-]1)N1CCOCC1,-2.1183104515075684
guided,[O-][C+](NC(CO)C[c-]1[cH+][n-][cH+][nH]1)[C-]1[C][C+]2[CH+][CH-][CH+][CH-][C+]2[CH-][CH+]1,-1.9781709909439087
guided,[CH]C(CN1[C]2[CH][CH][CH][CH][C]2[C]2[CH][CH][CH][CH][C]21)OC[O+][CH]CC(O)C(C)(O)CNC,-2.6511785984039307
guided,COc1ccc(C(=O)N[C@H](C(=O)O)C(C)C)cc1OC,-2.94943904876709
guided,CC1=NN=[S+]/C1=[S+]\[C@@H]1CCN(Cc2ccc(N([O-])[O-])cc2)C1,-1.6945956945419312
guided,O=C(CNC(=O)[C@]12C[C@H]3C[C@H](C[C@H](C3)C1)C2)NCCC(=O)N1CCCC1,-2.14487624168396
guided,CO[C]1[CH][CH][C]([C+]2[N][C](N3CCCC3)[N][C](Br)[C]2[C]([O])N[C]2[CH][CH][C](F)[CH][CH]2)[CH][C]1N([O-])[O-],-1.8786333799362183
guided,CCOc1ccc(C(=O)NC(=S)Nc2ccc(CN3CCOCC3)cc2)cc1,-2.2188470363616943
guided,N#Cc1nc2ccccn2c1Br,-1.3739230632781982
guided,NS(=O)(=O)c1ccc(CNC(=O)Cn2c(=O)oc3ccccc32)cc1,-2.1057322025299072
guided,O=[N+]([O-])c1ccccc1Oc1ccc(Br)cc1CNC[C@H]1CCCO1,-2.5030341148376465
guided,NC(=O)NCCc1c[nH]c2ccccc12,-1.5962363481521606
guided,CCCN1CN(C)[C-]([c+]2[cH-][cH+][cH-]o2)N(C[c+]2[cH-][cH+][cH-]o2)C1,-1.931758999824524
guided,O=C(Cc1n[nH]c2ncccc12)N/N=C/CCc1ccccc1,-1.5182775259017944
guided,Fc1ccccc1OCCCCN1CCCCC1,-2.844355583190918
guided,CCN(CC)S(=O)(=O)c1ccc(N2CCCC2)c(C(=O)N2CCCC2)c1,-2.14487624168396
guided,CN(CC(=O)N/N=C/c1cccnc1)S(=O)(=O)c1ccc2c(c1)CCC(=O)N2,-1.7146004438400269
guided,Nc1ccccc1SCc1ccsc1,-2.59383225440979
guided,C[C@]1(F)[C-](n2ccc(N)nc2=O)O[C@H](CO)[C@H]1O.[H+],-1.7780040502548218
guided,O=C(NCc1ccc(O)c2ncccc12)[C@@H]1CC(=O)N(Cc2ccc(Cl)cc2)C1,-2.2538769245147705
guided,C[C@H](CCCN(C)C)C/N=C/C1=C(O)CC(C)(C)CC1=O,-2.3290607929229736
guided,COc1ccc(CN2CCN(CC3CCCCC3)[C@@H](CCOc3ccccc3)C2)c(OC)c1,-2.780181884765625
guided,NS(=O)(=O)c1ccc(CNC(=O)Cn2nc(C(F)(F)F)c3c2CCCC3)cc1,-1.9352717399597168
guided,C/C(NNC(=O)c1ccccc1NC(=O)N(CC#N)Cc1cccc(F)c1)=C1\C(=O)NC(=O)N(C2CCCCC2)C1=O,-1.7858318090438843
guided,CCOc1cc([C@@H]2NC(=S)NC(c3ccccc3)=C2C(C)=O)cc(Cl)c1OCC(=O)O,-2.717759132385254
guided,N[C@@H](CC(=O)Nc1nccs1)C(=O)O,-1.5274808406829834
guided,[CH2-][c-]1[cH+][cH-][c+](OCCS[C-]2[N-][N-][C+](CN[C+]3[CH+][CH-][CH+][c-]4[cH+][cH-][cH+][cH-][c+]43)N2C)[c-](OC)[cH+]1,-2.036881923675537
guided,CO[C-]([O-])[c+]1[c+](N)o[c-]2[cH+][cH-][c+]3[cH-][cH+][cH-][cH+][c-]3[c+]2[c-]1-[c+]1[cH-][cH+][cH-][c+](O)[cH-]1,-3.2112276554107666
guided,BrC#Cn1c(CN2CCOCC2)nc2ccccc21,-1.8319255113601685
guided,COc1ccc(-c2nc(-c3ccccc3)c(-c3cccs3)[nH]2)c(OC)c1,-2.54217791557312
guided,S=C(NCc1cccs1)N1CCN(C2c3ccccc3-c3ccccc32)CC1,-2.2188470363616943
guided,CCOc1ccccc1NC(=O)Nc1ccc(SC(F)F)cc1,-2.419826030731201
guided,[OH-],-3.044522523880005
guided,CC(=O)c1ccccc1OC(=O)COc1ccc(C)cc1C,-6.08904504776001
guided,NCOC(=O)CCN1C(=O)/C(=C/c2ccc(Cl)cc2)NC1=S,-1.9781709909439087
guided,[CH2-][N@@+]1(c2ccccc2)C=Cc2ccccc2S1(=O)=O,-2.8982770442962646
guided,FC1=N/C(=[NH+]\Cc2ccco2)N=[C-]/C1=N\N=C1c2ccccc2-c2ccccc21,-1.7496302127838135
guided,CCOc1ccc2nc(Cc3cccs3)n(O)c2c1,-2.229227304458618
guided,O=C(CNC(=O)c1cccc(Br)c1)N/N=C/c1ccc[nH]1,-1.6481837034225464
guided,O=C(NCc1ccccc1)C1CCC1,-2.59383225440979
guided,CCOc1ccccc1N(C)S(=O)(=O)Cc1ccc2c(c1)NC(=O)CC(=O)N2,-2.2188470363616943
guided,O=S(=O)(Nc1ccc(OC(F)(F)F)cc1)c1cccs1,-2.94943904876709
guided,Brc1ccc(OCCOCCN2CCOCC2)cc1,-2.8982770442962646
guided,NNc1nnc2c3ccccc3n(Cc3ccc(F)cc3)c2n1,-1.337607502937317
guided,OCCn1cnc2cc(Cl)ccc21,-1.8509483337402344
guided,CN1CCc2[nH]c3ccccc3c2C1,-1.924782633781433
guided,O=C(C[C@H](O[C][O-])[C+]1=CC=Cc2ccccc21)Nc1ccccc1C(F)(F)F,-3.285198450088501
guided,CN(CC(=O)NCc1ccccn1)S(=O)(=O)c1ccc2ccccc2c1,-2.14487624168396
guided,Cc1cc(OCN2C(=O)C(=O)c3ccccc32)ccc1Cl,-2.998110294342041
guided,Cc1nc(S(=O)(=O)Cc2ccccc2)nc2c1CCC2,-2.2803893089294434
guided,[OH-],-3.044522523880005
guided,CN(C(=O)c1c[n+]#cn(S(=O)(=O)c2ccc(N3CCCCC3)c(N([O-])[O-])c2)c1=[NH2+])c1ccccc1,-1.756717324256897
guided,O=[N+]([O-])c1ccc(Nc2ccc(F)cc2F)cc1,-2.1753058433532715
guided,COc1cc(NC(=O)/C=C\c2cccnc2)c(OCC=C(C)C)c(Cl)c1O,-2.5798470973968506
guided,O=C(O)CC1(CC(=O)NCCCN2CCN(c3ccccc3F)CC2)CCCCC1,-2.2877211570739746
guided,O=C(CSc1nc(N2CCOCC2)nc(N2CCOCC2)n1)NCc1ccco1,-1.568960189819336
guided,COCCN(C(=O)Nc1ccc(C)cc1)[C@H](C)c1ccc(N(C)C)cc1,-2.14487624168396
guided,NNC(=O)c1cnn(-c2cccnc2)c1-c1cccc(C(F)(F)F)c1,-1.6014856100082397
guided,COc1ccc2c(Oc3ccc(NC(=O)c4cc(OC)c(OC)c(OC)c4)nc3)ccnc2c1,-2.4126884937286377
guided,Oc1ccc(Cl)nc1,-2.036881923675537
guided,O=C(CSc1ccc(F)cc1)Nc1cccc(NC(=O)c2ncn[nH]2)c1,-1.640629529953003
guided,CCOC(=O)C1CCN(S(=O)(=O)c2cccs2)CC1,-2.8982770442962646
guided,[O-][c+]1[cH-][nH][c+](-[c+]2[cH-][cH+][c-](OCCO)[cH+][cH-]2)[c-]1[N-][N-][c+]1[c+](Br)[cH+][c-](Br)[c+]2[cH-][cH+][cH-][n-][c+]12,-2.004145860671997
guided,[O-][C+](O)[CH-]C[CH+][C-]1[CH+][C-]([c+]2[cH-][cH+][cH-][cH+][cH-]2)S[CH+][N-]1,-2.844355583190918
guided,O=NN(c1ccccn1)c1ccccc1-c1nc2ccccc2[nH]1,-1.5607467889785767
guided,Cc1ccc(S2(=O)([O-])C3=NC(=O)[C+]4=C(/C(=C(/[O-])O)C=C(N5CCOCC5)[C]4)N32)cc1.[H+],-2.2877211570739746
guided,[CH2-]O[c+]1[cH-][cH+][c-](F)[cH+][c-]1[C+]([O-])CS[c+]1[c-](C)n(C)[c+]2[cH-][cH+][cH-][cH+][c-]12,-3.131344795227051
guided,COc1ccccc1N1CCN(C(=O)/C=C/CN2CCC[C@H](C)C2)CC1,-2.14487624168396
guided,N#Cc1ccc(S(=O)(=O)NCc2cccs2)cc1,-2.1753058433532715
guided,O=C(CN1C(=O)COc2ccccc21)NCCOCCO,-2.3290607929229736
guided,NC(=O)c1nc(Nc2ccccc2)sc1NC(=O)C1CCCCC1,-1.7814180850982666
guided,[N-]=NC(/C=C/c1ccccc1)=C1C=CC(=[OH+])C=C1,-2.1753058433532715
guided,Cc1nc2c(C)cccn2c1/C(O)=C1\C(=O)C(=O)N(CCN2CCOCC2)[C@H]1C(N)=O,-1.8162105083465576
guided,COCc1[nH]nc2c1[C@@H](C)C(C(C)=O)=CO2,-2.0578689575195312
guided,O=S(=O)(c1ccc2oc3ccc(S(=O)(=O)N4CCOCC4)cc3c2c1)N1CCOCC1,-2.717759132385254
guided,Cc1cc(C)c2cc3ccc4cccnc4c3nc2c1,-2.2803893089294434
guided,NNC(=O)c1cc(Oc2ccc(F)cc2F)ccc1OCC(F)(F)F,-2.5030341148376465
guided,Cc1cc(S(=O)(=O)N2CCOCC2)ccc1NC(=O)CC(O)(C(F)(F)F)C(F)(F)F,-2.6850228309631348
guided,COCC(=O)NNC(=O)c1ccc2ccccc2c1,-2.229227304458618
guided,O=C(NN1C(=O)c2ccccc2N[C@H]1C1=NCCCCC1)c1ccncc1,-1.6782987117767334
guided,CSc1ccc(NC2=NC[C@H](C)S2)cc1,-1.9935381412506104
guided,O=C(c1ccc(CS(=O)(=O)c2ccc3c(c2)OCO3)o1)N1CCN(C2CCCCC2)CC1,-2.749457359313965
guided,CO[C]([O-])[C]1[CH][CH]C2[C]3[C+]2C13[N]S(C)([O])[O-],-2.7269186973571777
guided,CC(=O)CS(=O)(=O)c1ccc(Oc2ccccc2C)cc1,-6.042633056640625
guided,C/C(=N\NC(=O)c1ccc(Br)o1)c1cccc(NC(=O)c2ccc(Br)o2)c1,-2.1825454235076904
guided,CCCC(=O)c1ccccc1NC(=O)c1cc(-c2ccc(OCC)cc2)nc2ccccc12,-2.780181884765625
guided,S=C(NCCSCc1ccc(Cl)c(Cl)c1)Nc1ccccc1,-2.3754727840423584
guided,O=S(=O)(c1ccc(F)cc1)N1N=C(c2cccs2)C[C@H]1c1ccc(F)cc1,-2.5798470973968506
guided,[H]/N=C1\N=[NH+]C(/N=C2\[C-]=C=C=C(F)\C2=C2\N=NN=[N+]2CCCC[CH2-])=N1,-0.9773702621459961
guided,COc1ccc(-c2[nH]c(=O)[nH]c(=O)c2-c2nc3ccccc3s2)cc1,-2.1057322025299072
guided,COC(=O)N1[C@]2(C)SCO[P@]12=S,-2.440274477005005
guided,[N-2][C][N-2],-0.3973017930984497
guided,NS(=O)(=O)c1ccc(CNC(=S)NCc2ccccc2)cc1,-1.9781709909439087
guided,CNC/[S+]=C1\N=C2C[C@@H](c3ccco3)CC([O-])=C2C=C1C#N,-1.9781709909439087
guided,Cc1ccc(OCC(=O)NN2C(=O)c3ccccc3C2=O)c(Cl)c1,-2.4622952938079834
guided,[H+].[S-][C-]([N-]N1CCN(C[C+]2[CH+][CH-][CH+][CH-][CH+]2)CC1)[C+]1[C][C-](C[c-]2[cH+][cH-][cH+][cH-][cH+]2)[CH+][C-](Cl)[CH+]1,-2.2877211570739746
guided,O=C1c2ccccc2C(=O)C1(O)c1ccccn1,-2.844355583190918
guided,Cc1cc(C(=O)N/N=C/c2cccc(OC(=O)c3cccs3)c2)n[nH]1,-1.8221569061279297
guided,COC(C[C@@H]1O[C@@H]1[C@@H](O)[C@H](C)OCc1ccccc1)OC,-6.042633056640625
guided,O=C(O)c1cccnc1SCc1cc(=O)n2ccsc2n1,-1.931758999824524
guided,COc1cc(C(=S)N2CCCC2)ccc1OCc1c(Cl)cccc1Cl,-3.172083616256714
guided,Nc1ccccc1OC(=O)c1ccc(O)cc1,-2.7873599529266357
guided,CCc1cccc(CC)c1NC(=O)Nc1cccs1,-2.229227304458618
guided,COc1cccc(-n2c(=O)c3ccccc3n(CC(=O)NC[C@H]3CCCO3)c2=O)c1,-2.2877211570739746
guided,N#Cc1nc(Cc2ccccc2)oc1N1CCCCC1,-1.8830875158309937
guided,[N-2][C][N-]C(SC[c-]1[cH+][cH-][cH+][c-]2[cH+][cH-][cH+][cH-][c+]12)[c+]1[cH+][cH+][cH+][cH+][n-]1,-1.9781709909439087
guided,CCCCC(=O)N1CCCC[C@@H]2C(=O)N(C(C)C)C[C@H]2C1,-2.3290607929229736
guided,O=C(Cc1ccccc1)NCc1cccc(C(=O)c2ccccc2)c1,-3.172083616256714
guided,COc1cc2c(cc1O)CCN[C@H]2C,-2.59383225440979
guided,COCCCNC(=O)[C@H](NC(=O)c1ccc(N(C)C)cc1)C(C)C,-2.064993381500244
guided,NS(=O)(=O)c1cccc(NC(=O)CN2CCC(Cc3ccccc3)CC2)c1,-2.1825454235076904
guided,N#Cc1ccc(/C=N/NC(=O)c2ccccn2)cc1,-1.548350214958191
guided,O=C1C=CN=C2Nc3ccccc3[N@+]34CCN(C(=S)Nc5ccccc5Br)C[C-]3[C@]124,-1.7834744453430176
guided,N[P@@](=O)(OCCCCc1ccccc1)Oc1ccc2ccccc2c1,-3.172083616256714
guided,Cc1nn(C)c(-c2nnc(SCC(=O)NNC(=O)c3cccc(Br)c3)n2C)c1Cl,-1.4159908294677734
guided,COc1ccccc1OC(=O)c1ccccc1NC(=O)C(=O)c1ccccc1,-3.285198450088501
guided,COc1ccc(/C(C)=N/NC(=O)c2ccccc2F)c(OC)c1,-2.419826030731201
guided,CC(=O)c1ccc(OCCN2C(=O)C[S+]=C2[O-])cc1,-2.8982770442962646
guided,N/C([O-])=C1\C=C[S+]=C1NC(=O)CSc1nnc(-c2cccs2)n1N,-1.3800767660140991
guided,CCOP(=O)(OCC)[C@@H](Nc1ccc(C(=O)O)cc1)c1ccccc1,-3.172083616256714
guided,S=C(Nc1ccccn1)Nc1ccc(Cl)cc1Cl,-1.7780040502548218
guided,C[c-]1[n-][c+]2[n-][cH+][n-]n2[c+]([O-])[c+]1N[C+]([O-])[c+]1[cH+][n-][cH-][cH+][cH-]1,-1.1981709003448486
guided,Clc1cccc(Cl)c1CN1CCN(c2ncccn2)CC1,-1.6481837034225464
guided,COc1ccc(Cl)cc1C(=O)Nc1nc(C)cc(C)n1,-1.8830875158309937
guided,C[C-](O)C[S+2]([O-])([O-])CCCN(C)C,-2.519998073577881
guided,[H]/N=c1\c(C(=O)NCc2ccccc2)cc2c(=O)n3ccccc3nc2n1Cc1ccc(F)cc1,-1.9084417819976807
guided,Cc1cc(F)ccc1S(=O)(=O)Nc1cc([N+](=O)[O-])ccc1N(C)CCc1ccccc1,-2.3204572200775146
guided,CNCC[C@H](COc1ccc(F)cc1)C(C)C,-2.7873599529266357
guided,Brc1ccc(-c2csc(N/N=C/c3ccco3)n2)cc1,-1.8830875158309937
guided,COC(=O)c1[nH]c2ccc(C)cc2c1NC(=O)CCN1CCCC1,-2.064993381500244
guided,Nc1c(C(=O)NCCc2ccc(Cl)cc2)sc2ccccc12,-2.3754727840423584
guided,O=C(CC(=O)NCc1ccccc1)NCCc1cccnc1,-1.9781709909439087
guided,Fc1ccc(OCc2n[nH]c(=S)n2/N=C/c2ccc(Cl)c(Cl)c2)cc1,-1.8221569061279297
guided,Cc1ccc(N)c(S(=O)(=O)N(Cc2ccco2)Cc2cccc3ccccc23)c1,-2.6511785984039307
guided,C[C@@H]1CN=C(N(Cc2cccs2)CC2CCCCC2)S1,-2.2803893089294434
guided,S=C(NCc1ccsc1)Nc1cccc(Cl)c1Cl,-2.1753058433532715
guided,O=C(Nc1c2c(nn1-c1cccc(Cl)c1)CS(=O)(=O)C2)c1ccc(F)cc1,-2.1825454235076904
guided,[N][C]C(N[C]1[C](Cl)[CH][CH][CH][C]1N([O-])[O-])[C+]1[CH][CH][CH][CH][CH]1,-1.8830875158309937
guided,COc1cccc(-n2c(=O)[nH]c(=O)c3c2n(C)c(=O)n3-c2cccc(C)c2)c1C,-1.970301628112793
guided,CCS(=O)(=O)N1CCC[C@H](C(=O)c2cccn2C)C1,-2.229227304458618
guided,S=c1[nH]nc(-c2ccc(Cl)cc2)n1/N=C/c1ccccn1,-1.427512288093567
guided,Cc1ccc(C)c(N2C[C@H](C(=O)Nc3ccccc3)CC2=O)c1,-2.419826030731201
guided,Clc1ccc(OCC/C(=N\Cc2ccco2)Nc2ccccc2Br)cc1,-2.54217791557312
guided,CC(=O)c1ccc(-n2c(SCC(=O)Nc3ccccc3)nnc2-c2ccco2)cc1,-2.004145860671997
guided,N/C(=N\N=C/c1ccc(Br)o1)N/N=C/c1ccc(COc2ccc3ccccc3c2)o1,-1.8162105083465576
guided,NC(=S)N/N=C\c1ccc(OC(F)(F)F)cc1,-1.7210086584091187
guided,CCCCNC(=O)c1c(N)n(CCN2CCOCC2)c2nc3ccccc3nc12,-1.568960189819336
guided,CCN(CC)C(=O)CN1C(=O)c2ccccc2C1=O,-2.229227304458618
guided,NS(=O)(=O)OCCCc1ccccc1,-2.59383225440979
guided,Nc1nnnn1CC(=O)NNc1nc(-c2ccccc2)c2cc(Cl)ccc2n1,-1.1312239170074463
guided,O=C(NNC(=O)C1CCCCC1)c1ccc(N2CCCC2=O)cc1,-2.064993381500244
guided,CC(C)n1nnc2ccsc2c1=O,-1.4536465406417847
guided,CCCOc1ccc([N+](=O)[O-])cc1,-2.519998073577881
guided,[H+].[N-2][c+]1[cH+][cH-][cH+][c-]2n([C+]3[CH+][CH-][C+]4[CH-][CH+][CH-][CH+][C+]4[N-]3)[c-]([O-])s[c+]1-2,-1.931758999824524
guided,CCCCOCC1[CH-]CC([C+]([O-])NCC2CCCCC2)C1(C)CO,-3.131344795227051
guided,O=C1Cc2c(N3CCCC3)ncnc2N1CC1CCCCC1,-1.6945956945419312
guided,[S-]P(N1CCCC1)N1CCOCC1,-1.8509483337402344
guided,S=C=Nc1ccc(N2CCOCC2)cc1,-1.9935381412506104
guided,CCCCn1nc2cc(C(=O)NCCC(C)C)ccc2c1OCC,-2.064993381500244
guided,CCOc1cccc(Nc2nc3ccccc3c3ccccc23)c1,-2.4622952938079834
guided,O=S(=O)(N/C1=N/CCCCCC1)c1ccccc1,-2.1753058433532715
guided,COc1cc(S(=O)(=O)N(Cc2ccco2)C[C@H](O)CO)ccc1Cl,-3.131344795227051
guided,[NH2-],0.0
guided,[N-]=C([C-]=[N+]([O-])[O-])/N=[O+]/[S@@+3](=O)([O-])c1ccc(N)cc1,-1.4944287538528442
guided,Nc1ccc(OC2CCCCC2)cc1C(=O)NC1CCCC1,-2.3754727840423584
guided,[H]/[O+]=C\[C@@H](O)[C@@H](O/C=[NH+]/c1ccc(C)c(N([O-])[O-])c1)[C@H](O)CO,-2.3754727840423584
guided,CCC(=O)Nc1ccc2c(c1)C(=O)N(C)C2=O,-2.1183104515075684
guided,O=C(CN1CCc2ccccc2C1)Nc1nc(-c2ccccc2F)cs1,-2.14487624168396
guided,CCOC(=O)/C=C/c1nc2sc(C(=O)OC)cc2cc1Cl,-2.998110294342041
guided,O=C(CCl)Nc1ccc(Cl)cc1C(=O)NC1CC1,-2.1753058433532715
guided,[O-]C(CO[c+]1[cH-][cH+][c-](Cl)[cH+][cH-]1)CN1C[CH-][C+]([c+]2[cH-][cH+][cH-][cH+][cH-]2)CC1,-3.131344795227051
guided,COC(=O)c1ccccc1NC(=O)Cn1nnc(-c2ccc(OC)cc2)n1,-1.6782987117767334
guided,O=C(CSCc1ccccc1)NC1=[S+]C2=C(CCCC2)/C1=C(/[O-])Nc1cccc(Br)c1,-2.717759132385254
guided,C/C(=N\NS(=O)(=O)c1ccc(C)cc1)c1ccc(Cl)cc1,-2.3290607929229736
guided,O=C(CN(C1CCCCC1)S(=O)(=O)c1ccccc1)NCc1cccnc1,-2.1825454235076904
guided,NS(=O)(=O)c1ccc(NCc2ccc(Cl)c(Cl)c2)cc1,-2.2803893089294434
guided,NC(=O)c1nn(-c2ccccc2)nc1N/N=C/c1c(O)ccc2ccccc12,-1.5339303016662598
guided,Cc1ccc(-c2nn(-c3ccccc3)cc2C(=O)O)cc1C,-2.3754727840423584
guided,COc1ccc(C(C)=O)cc1COC(=O)CCc1nc2ccccc2c(=O)[nH]1,-2.6161489486694336
guided,Clc1cc(Cl)c(CSc2nnc(/C=C/c3ccccc3)o2)c(Cl)n1,-2.064993381500244
guided,O=C(Nc1cccc(NC(=O)c2ccccc2Cl)c1)c1cccs1,-2.4622952938079834
guided,N#Cc1ccc(OC[C@@H](O)CN2CCN(c3ncc(C(F)(F)F)cc3Cl)CC2)cc1,-2.004145860671997
guided,COc1ccccc1OCC(=O)Nc1c2c(nn1-c1ccccc1)C[S@+]([O-])C2,-2.2188470363616943
guided,CCOC1([O-])C2=[S@OH16]13=C(C=[N+](C)C)C(=O)N(c1ccc(Cl)cc1)[C@H]23,-2.419826030731201
guided,[NH-][C+]([N-]N[S+2]([O-])([O-])[c+]1[cH-][cH+][cH-][cH+][cH-]1)[c+]1[cH-][cH+][cH-][c+](N[C+]([O-])[c+]2[cH-][cH+][cH-][cH+][c-]2Cl)[cH-]1,-1.970301628112793
guided,Cc1ccc(OC(=O)Nc2n[nH]c(=S)s2)cc1C,-1.7780040502548218
guided,CN(C)c1nnnn1C1CCCCC1,-1.0232341289520264
guided,S=C(NCCCN1CCOCC1)c1cccs1,-2.1183104515075684
guided,NC(=O)C1CCN(C(=O)c2ccccc2N2CCCCC2)CC1,-2.022524118423462
guided,COc1ccccc1OC(=O)Nc1cccc(Cl)c1,-2.8982770442962646
guided,[O-][C+](CO[C+]([O-])CN[C+]([O-])C(O)[CH-]O)N[c+]1[cH-][cH+][c-]([S+2]([O-])([O-])N2CCCCCC2)[cH+][cH-]1,-2.3204572200775146
guided,CN(CCC(=O)Nc1ccc(Br)cc1)Cc1ccccc1N,-1.9781709909439087
guided,Clc1ccc(OCc2nc3ccccc3nc2-c2ccccc2)cc1,-2.5030341148376465
guided,COc1cc2c(cc1C(=O)O)CC(C(=O)OC(C)C)=C(C)N2C(=O)c1ccc(C)o1,-3.3540725708007812
guided,COc1ccc(C(C)(C)C)cc1OCC(=O)N[C@H](Cc1c[nH]c2ccccc12)C(=O)O,-2.717759132385254
guided,Cc1cc(C)n2c(SCc3cccc(Oc4ccccc4)c3)nnc2n1,-1.8613009452819824
guided,CCOc1cc(/C=C2/NC(=O)N(c3ccccc3F)C2=O)ccc1O,-2.5030341148376465
guided,Cc1cccc(N2CCN(C(=O)CS(=O)(=O)Cc3nc(-c4ccccc4)oc3C)CC2)c1C,-2.3828799724578857
guided,CCNCCC(=O)N1CCC[C@@H](C(=O)c2ccccc2SC)C1,-2.419826030731201
guided,CC(O)CN[C]([O])C[CH-]C(COC([O-])[C]1[CH][CH][CH][CH][CH]1)O[C+](N)[O],-2.4622952938079834
guided,CCN1CCN(Cc2ccc(-c3csc(CC4=CCCCC4)n3)cc2)CC1,-2.1825454235076904
guided,COc1ccc(Cl)cc1C(=O)Nc1ccc(CN2CCCCC2)cc1,-2.5030341148376465
guided,COc1ccccc1NCc1nnc(-c2ccccc2Br)o1,-1.9781709909439087
guided,O=C(Cc1cccc2ccccc12)NNC(=O)c1cccs1,-2.3754727840423584
guided,[H+].[O-][C][N-]N1[C+]([O-])C2[CH+][CH+][CH+]C(C3[CH-]C3)C2[C+]1[O-],-2.1183104515075684
guided,O=C(N/C=N/N=C\c1ccc(F)c(F)c1)c1ccco1,-1.8830875158309937
guided,Cn1c(CSCc2c(F)cccc2Cl)nnc1SCC(=O)Nc1ccc(-c2nc3ccccc3s2)cc1,-1.99288010597229
guided,[O-]N([O-])CCCN[C]([S])N[C+]1[CH][CH][CH][C](Cl)[CH]1,-1.7210086584091187
guided,O=[N+]=[C-][C@H]([CH-]C1CC1)[N+](=O)[O-].[H+],-1.6845905780792236
guided,CCN1CC[C@H](CNC(=O)c2cc(C)n(CC(C)C)c2C)C1,-1.9781709909439087
guided,[CH2+][c+]1[n-][n-][c+](N)[c+]([C][N-2])[c-]1[NH+]([CH2-])[C-]([O-])[C+]1[CH+][CH-][c+]2[n-][c+](C[c-]3[cH+][cH-][cH+][c-](Cl)[cH+]3)o[c-]2[CH+]1,-1.63554048538208
guided,[O-][C][c+]1[n-][n-][c+](CS[C+]2[CH+][CH-][C+](Cl)[CH-][CH+]2)o1,-2.0578689575195312
guided,CCN(c1ccccc1)S(=O)(=O)c1cc(-c2coc(C)n2)ccc1Br,-2.5030341148376465
guided,[OH-],-3.044522523880005
guided,O=C1CC(=O)CC(c2ccccc2)C1,-5.638354778289795
guided,Cc1ccc(NC(=O)c2ccc(OC3CSC3)cc2)c(Br)c1,-3.044522523880005
guided,CC(=O)Nc1ccc(C)cc1O,-2.440274477005005
guided,CCOC(=O)c1cnc2c(-c3csc(C)c3)cnn2c1C,-1.931758999824524
guided,[O-]SC[c+]1[cH-][cH+][c-](O)[c+]2[n-][cH+][cH-][cH+][c-]12,-2.59383225440979
guided,NS(=O)(=O)c1ccc(/N=N\c2c(O)ccc3ccccc23)cc1,-2.022524118423462
guided,COc1cccc(N2CN(CCc3ccccc3)CNC2=S)c1,-2.022524118423462
guided,O=S(=O)(Cc1ccccc1)N1CCCc2ccccc21,-2.94943904876709
guided,COc1ccc(/C=C2/S/C(=N\c3ccccc3)NC2=O)cc1F,-2.419826030731201
guided,NC(=O)C1=C[C@@H](c2ccc(-c3ccccc3)cc2)C[C@@H](OCCCCO)O1,-3.248896837234497
guided,O=C(NC[CH-]CCCC/N=C1\C=CC=C(CN2CCOCC2)\C1=N\C#[O+])c1ccco1,-2.036881923675537
guided,Brc1cccc(OCCc2cnc3ccccc3n2)c1,-2.2803893089294434
guided,O=[N+]([O-])c1ccc(N2CCN(c3ccc(F)cc3)CC2)nc1,-1.6945956945419312
guided,CO[C@H](c1ccccc1)c1nnc(CCC(=O)NC2CCCCC2)o1,-2.1057322025299072
guided,Cc1ccc(NC(=O)c2ccccc2C(=O)NC[C@@H]2CCCO2)c(C)c1Cl,-2.5798470973968506
guided,Cn1nc(C(=O)OCC(=O)Nc2cccc3ccccc23)c2ccccc2c1=O,-2.2538769245147705
guided,O=c1[nH][nH]c(-c2ccccc2)c1/C=N/N1CCOCC1,-1.5995122194290161
guided,O=C(NCc1cccnc1)c1cccnc1/C=N/Cc1ccc(F)cc1,-1.8613009452819824
guided,[N][N+][C-][C]([O-])CC(O)C[N][C]([O-])[C+]1[CH][CH][C]2[CH][CH][CH][CH][C]2[CH]1,-1.9781709909439087
guided,CCC(=O)N[C@H](Nc1nccs1)C(Cl)(Cl)Cl,-1.660567283630371
guided,COCCCNC(=O)Cn1nc(C(F)(F)F)c2c1CCCC2,-1.9781709909439087
guided,N#Cc1cccc(CSCCCCOc2ccc(F)cc2Cl)c1,-3.0888755321502686
guided,Cc1ncc(COC2CCCCC2)c(N)n1,-1.660567283630371
guided,O=C(N/N=C\c1ccc2ccc3ccccc3c2n1)c1ccncc1,-1.8221569061279297
guided,OCc1nc2ccccc2[nH]1,-1.6845905780792236
guided,Cc1ncn(CCCc2ccccc2)n1,-1.5962363481521606
guided,O=S(=O)(Nc1nc2ccccc2nc1Nc1ccccc1)c1cccs1,-1.8613009452819824
guided,Cc1nnc(SCC(=O)N(C)c2ccccc2)c2ccccc12,-2.022524118423462
guided,OCCNC(=S)Nc1ccc(OCc2ccccc2)cc1,-2.3290607929229736
guided,S=C1NC[C@@H](Cc2ccccc2)N1CCCCC1CCCCC1,-2.419826030731201
guided,O=[N+]([O-])c1cn2c(n1)OC[C@@H](OCc1ccc(F)cc1)C2,-1.931758999824524
guided,CNS/C=C/c1cccc2ccccc12,-2.662587881088257
guided,COc1cc(/C=N/NC(=O)CSCc2ccccc2)ccc1OCc1cccc(Cl)c1,-2.717759132385254
guided,[H+].[O-][C-](NC[C+]1[CH+][CH-][CH+][N-][CH+]1)C(C1[CH+]CCO1)N1[C][CH-][CH+][C-]1Br,-1.9781709909439087
guided,C[C]1[C-][C]2[N][C](N3CCN(C[C]4[CH][CH][CH][C]5[CH][CH][CH][CH][C]54)CC3)[S+2][C]2[CH][CH]1.[CH2],-2.2188470363616943
guided,O=C(NC(=S)NCc1ccccc1)c1cc(-c2ccccc2)nc2ccccc12,-2.2538769245147705
guided,[N-]=[O+]CC(=O)N1CCC(CCC(=O)N2c3ccccc3[C@@H](C[S+]=c3cc[cH-]cc3)[C@H]2C(=O)N2CCN(c3ccccc3)CC2)CC1,-2.2103395462036133
guided,[N-2][C][C+]1[CH+][C+]2[C-]([N-][C+]1O)N[C+]([O-])[C+]([c-]1[cH+][cH-][cH+][cH-][cH+]1)C2[c-]1[cH+][cH-][cH+][c-](Cl)[cH+]1,-2.1825454235076904
guided,CN1CCN(S(=O)(=O)C2=C/C(=C(\N)[O-])[S+]=C2)CC1,-1.7780040502548218
guided,COCCn1c(-c2ccc(C)cc2)cc2c(c1=O)[C@@H](c1ccc3c(c1)OCO3)C(C#N)=C(N)O2,-2.4126884937286377
guided,CC(=O)N1CCOc2cc(S(=O)(=O)N3CCCC3)c(Cl)cc21,-2.3754727840423584
guided,CCOC(=O)N1CCN(C(=S)NC(=O)c2c(-c3c(Cl)cccc3Cl)noc2C)CC1,-2.004145860671997
guided,CNc1nc2c(c(=O)[nH]c(=O)n2C)n1CCCc1ccccc1,-1.5182775259017944
guided,COc1cc(-c2ccc3c(c2)OCO3)cc(OC)c1C(=O)O,-6.08904504776001
guided,NC1=N[C-]2C=CC(c3ccco3)=NN2C(NCc2ccccc2)=N1.[H+],-1.3800767660140991
guided,COc1ccc(S(=O)(=O)NCCN2CCOCC2)cc1C,-2.3290607929229736
guided,CN(C)c1ccc(C(=O)OCC=C(C#N)C#N)cc1,-1.8319255113601685
guided,[O-][C]N(Cc1ccccc1)[C+]1=NC=Nc2c1ncn2Cc1ccccc1,-1.640629529953003
guided,O=C(c1ccc([N+](=O)[O-])s1)N1CCN(c2ccccc2)CC1,-1.9781709909439087
guided,COC(CNC(=O)Cn1ncc2c(=O)oc3ccccc3c21)OC,-2.064993381500244
guided,COC(Cc1ccc(N(C)C)cc1)OC,-2.662587881088257
guided,N#C[C@H](c1cccnc1)N1CCOCC1,-1.5962363481521606
guided,CN[S@@+](N=[S@@](=O)([O-])c1ccccc1C#N)C(C)(C)C(=O)O,-1.931758999824524
guided,NC(=O)C1CCN(c2ncc(C(F)(F)F)cc2Cl)CC1,-1.8830875158309937
guided,Clc1ccc(-c2nsc3/c(=N\c4ccccc4)n([C@H](c4ccco4)N4CCCCC4)cnc23)cc1,-1.9373873472213745
guided,[O][C](OCN1[N][N][C+]2[CH][CH][CH][CH][C]2[C]1[O])[C]1[CH][CH][C](N2CCOCC2)[C](N([O-])[O-])[CH]1,-1.7834744453430176
guided,Nc1ccc(OCc2ccc(F)cc2)cc1,-2.7269186973571777
guided,[O-][S+]([O-])SCCO,-4.948760032653809
guided,O=C(O)COc1cccnc1[N+](=O)[O-],-1.924782633781433
guided,NC(=O)c1ccsc1N,-1.4849249124526978
guided,[C-3][C+]1[C+]([O-])C(S[c+]2[n-][nH][c+](N[C+]([O-])[c+]3[cH-][cH+][cH-][cH+][cH-]3)[n-]2)C(C[CH2+])C1(C)C,-1.8613009452819824
guided,CN1CCC(NC(=O)C2CCN(Cc3ccc(OCC(N)=O)cc3)CC2)CC1,-1.9352717399597168
guided,NNC(=O)c1cc2cc(Cl)ccc2[nH]1,-1.5274808406829834
guided,CCCCn1c(-c2cccs2)nc2cc(NCc3cccs3)ccc21,-2.1057322025299072
guided,COc1cc2[nH]c3c(=O)n(/N=C4/[C@@H]5[C@H](C)CCC[C@@H]45)c(=O)[nH]c3c2cc1OC,-1.9352717399597168
guided,NC(=S)N/N=C/c1ccc(-c2cc(Cl)c(Cl)cc2Cl)o1,-1.8830875158309937
guided,CCC[CH-][C+]([CH-][O-])[C+]1[CH+][C-](F)[CH+][C-](O[C-]([O-])C(C)C)[C+]1O.[H+],-6.042633056640625
guided,[CH2-]OCCOCCOCCOCCO/C([CH2-])=[O+]\CCOCCOCP([O-])O.[H+].[O-]/[P+](=C1\C=CC=[S+]1)c1ccccc1,-6.685861110687256
guided,CCCN(c1ccc(OC(C)=O)cc1C)S(C)(=O)=O,-2.8982770442962646
guided,O=C(NC(=S)N1CCCc2ccccc21)c1cccs1,-2.2803893089294434
guided,COc1ccccc1N(CC(=O)NC1CCCC1)S(=O)(=O)c1ccccc1,-2.5798470973968506
guided,[CH2-]CCC1=C=c2c(Oc3ccccc3[N+](=O)[O-])c(C)c(OC)c(C)c2=[O+]C1=O,-3.285198450088501
guided,Nc1ccccc1Oc1nc(-c2cc3cc(Br)ccc3oc2=O)cs1,-2.5030341148376465
guided,O=C(Cn1cnc2ccccc21)N/N=C/c1ccccn1,-1.427512288093567
guided,O=C(c1cc(-c2n[nH]c(=O)c3ccccc23)c(Cl)[nH]1)N1CCSCC1,-1.8221569061279297
guided,S=c1[nH]nc(Cc2ccc(CCN3CCCCCC3)cc2)n1-c1ccc2c(c1)OCCO2,-2.068580389022827
guided,CN(C)S(=O)(=O)c1cnccc1NCc1ccc2ccccc2c1,-2.064993381500244
guided,[H]/N=c1\c2c(nc(N)n1-c1ccccc1)[C@H](C)C=CC2,-1.548350214958191
guided,[O+]#C[OH+]/N=C1\C[C@@H]2C#C[C-]=C=C2C[C@H]1c1[c-]cc(F)cc1,-2.998110294342041
guided,NC12C3N1[N-][N-][N+]32[c+]1[cH-][cH+][c-](F)[cH+][cH-]1,-1.0232341289520264
guided,CCOc1ccc([C@H](CC(=O)O)NC(=O)c2ccccc2N)cc1,-2.4622952938079834
guided,FC(F)(F)CNC(=S)Nc1cccc(Cl)c1,-2.0578689575195312
guided,CCOC(=O)C1=C(C)NC=C(/C=N/NC(=O)c2cccc(O)c2)[C@H]1c1ccc(OC)cc1,-2.3521556854248047
guided,COc1ccc(S(=O)(=O)/N=C2\NC(=O)/C(=C/c3ccco3)S2)cc1,-2.4622952938079834
guided,COC[C@@H](COS(N)(=O)=O)C(C)C,-2.519998073577881
guided,CNNC(=S)NCCOc1cccc(C(F)(F)F)c1,-1.8319255113601685
guided,Nn1c(CSCc2ccc3c(c2)OCO3)nnc1SCC(=O)Nc1cc(F)ccc1-c1ccccc1,-1.965518593788147
guided,O=S(=O)(c1cccc(C(F)(F)F)c1)N1CCCCCC1,-2.94943904876709
guided,CCCO[C@@H]1CCCN(C(=O)c2ccc(OC3CCN(S(=O)(=O)N(C)C)CC3)c(C)c2)C1,-2.3521556854248047
guided,C/C(N)=C(/C#N)C(=O)CSc1nc(-c2ccc(Br)cc2)ccc1C#N,-1.8221569061279297
guided,COc1ccc(-c2csc(NC3=NCCCCC3)n2)cc1OC,-2.022524118423462
guided,O=C(N[C@H]1CCS(=O)(=O)C1)c1cccc(S(=O)(=O)N2CCOCC2)c1,-2.5030341148376465
guided,C/C(=N\NC(=O)NC1CCCCC1)c1cccc(NC(=O)CCl)c1,-1.7814180850982666
guided,[O-]N([O-])C[C+]([c+]1[cH-][cH+][c-](F)[cH+][cH-]1)N1CCN([c+]2[cH-][cH+][cH-][cH+][n-]2)CC1,-1.7814180850982666
guided,O=C(CCCSc1nccn1-c1ccc(F)cc1)NCc1ccccc1F,-2.1825454235076904
guided,O=C(Cn1cc(/C=N/N[N+](=O)[O-])c2ccccc21)N1CCCCC1,-1.5607467889785767
guided,O=C(CN1CCCCC1)Nc1cccc2c(NC(=O)[C@@H]3CCCO3)cccc12,-2.2188470363616943
guided,NNCc1ccc(N)cc1,-1.192431092262268
guided,O=C(/C=C/c1ccc(F)cc1)Nc1nc(-c2ccc(F)cc2)c(C(=O)c2ccc(Br)cc2)s1,-2.780181884765625
guided,CCCNC=C1C(=O)CC(C)(C)CC1=O,-2.662587881088257
guided,CCOc1ccc(C)cc1S(=O)(=O)Nc1ccc(C(=O)NCCCN2CCOCC2)cc1,-2.3521556854248047
guided,Cc1cccc(C)c1N(CC(=O)Nc1ccccc1C(=O)O)S(C)(=O)=O,-2.54217791557312
guided,NNC(=O)c1nn(-c2cccc([N+](=O)[O-])c2)ccc1=O,-1.3788409233093262
guided,CN1c2ccccc2[C@@]2(C)[C@@H]1N(C)C(C)(C)[C@@H]2OC(=O)Nc1ccccc1,-2.1825454235076904
guided,NS(=O)(=O)c1ccc(N2CCN(Cc3ccccc3)CC2)nc1,-1.738948941230774
guided,CCOc1ccc(OCC)c(NC(=O)c2ccc(-c3ccccc3)cc2)c1,-3.248896837234497
guided,Nc1ccc(Cl)c(NC(=O)CN2C(=O)NC3(CCCC3)C2=O)c1,-1.738948941230774
guided,Cc1ccc(NC(=O)c2ccccc2NC(=O)C2CCCCC2)cc1N,-2.14487624168396
guided,FC(F)(F)Oc1ccccc1/C=N/Nc1ccc(C(F)(F)F)cn1,-2.064993381500244
guided,Clc1cccc(Cl)c1COc1ccc(Br)cc1,-5.831882476806641
guided,[N-]=C1[C@]2(C#C/C=C/[CH-]C(=O)O)C3=N[S+2]132,-1.924782633781433
guided,Cc1nc(/C(=C/c2cccc([N+](=O)[O-])c2C)C(=O)O)cs1,-2.3290607929229736
guided,CC[C@@H](C)NC(=O)CSc1ccc(Cl)cc1,-2.7269186973571777
guided,O=C(CSc1ccc(-c2ccccc2)nn1)NCCN1C(=O)CSC1=O,-1.8613009452819824
guided,C[O+][C]1[C][C](C)[CH][C](Cl)[C]1OCCOCC[S+][C]1[CH][CH][CH][CH][CH-]1,-6.133398056030273
guided,O=[N+]([O-])c1ccc(N2CCCCC2)cc1NC1CCN(Cc2ccc3c(c2)OCO3)CC1,-2.068580389022827
guided,CN(N=O)C(=O)NCCN1CCN(Cc2ccc(F)cc2)CC1,-1.5182775259017944
guided,CC[C@@H](C)NS(=O)(=O)c1ccc(OCC(=O)Nc2ccccc2C#N)cc1,-2.1825454235076904
guided,COc1ccc2nc(SCC(=O)O)cc(/C=C(\C)CCCCC(=O)O)c2c1,-3.248896837234497
guided,[OH-],-3.044522523880005
guided,COc1ccc(/C(C)=N/NC(=S)NCCc2ccccc2)c(OC)c1,-2.1057322025299072
guided,[CH2-]O[c+]1[cH-][cH+][c-](N[c+]2[n-][c+]([O-])[c+]3[cH-][cH+][cH-][cH+][c-]3n2C)[c+](Cl)[c-]1OC,-2.064993381500244
guided,Nc1nc(SCc2ccccc2)nc2sc3c(c12)CCCC3,-1.9781709909439087
guided,CCS(=O)(=O)[C@@](C)(CCl)C(=O)Nc1cc(C(F)(F)F)cc(C(F)(F)F)c1,-3.2112276554107666
guided,[CH2+]C1CCCC(C)N1CCCN[C+]([O-])CN1[c+]2[cH-][cH+][c-]([S+2]([O-])([O-])N(CC)CC)[cH+][c-]2N(C)[C+]([O-])[C-]1[O-],-1.965518593788147
guided,[O-]C([c+]1[cH-][cH+][cH-][cH+][n-]1)[c+]1[cH-][nH][c+]2[cH-][cH+][c-](F)[cH+][c-]12,-2.1753058433532715
guided,CCOC(=O)N1CCN(C(=O)CCS(=O)(=O)c2ccc(N3C(=O)[C@@H]4[C@H]5CC[C@H](C5)[C@@H]4C3=O)cc2Cl)CC1,-2.497126817703247
guided,O=P(Nc1ccccc1F)(Oc1ccccc1)Oc1ccccc1,-3.131344795227051
guided,COc1cc2c(cc1OC)[C@H](c1ccc(C)o1)CC(=O)N2,-2.998110294342041
guided,CCCOc1cc(/C=[N+](\C)C(=O)c2ccccc2C(=O)N(C)/C([O-])=N/C)ccc1OC,-2.3204572200775146
guided,CCCCOc1ccccc1OCCNC(=O)CCC(=O)O,-3.044522523880005
guided,N/C(=N\S(=O)(=O)c1cnc[nH]1)c1ccc(OCc2ccccc2)cc1,-1.8221569061279297
guided,Cc1[nH]c(-c2occc2C=C(C#N)C#N)c(C)c1CO,-1.8830875158309937
guided,COc1ccccc1C/N=C/c1ccc[nH]1,-2.0578689575195312
guided,O=S(=O)(O/N=C1\CCCc2ccccc21)c1ccccc1,-2.998110294342041
guided,O=C(COCc1ccc(OC(=O)c2ccco2)cc1)c1cccc(F)c1,-6.2557501792907715
guided,COc1cc(OC)c(OC)cc1Nc1ncnc2c1[nH]c1ccccc12,-1.8613009452819824
guided,O=S(=O)(Nc1cccnc1)c1ccc(F)cc1F,-2.1753058433532715
guided,O=C(CNCCc1ccco1)Nc1ccc(C(=O)N2CCOCC2)cc1,-2.14487624168396
guided,[O-][C+](NC1CCCC1)[C-]([c+]1[cH-][cH+][cH-]o1)N(CC1CCCO1)[C+]([O-])Cn1[n-][cH+][c-]2[cH+][cH-][cH+][cH-][c+]21,-2.099304676055908
guided,Brc1ccc(CSc2nc3ccccc3c3ncnn23)cc1,-1.6945956945419312
guided,[O-][S@@+](Cc1ccccc1)c1ccc(OC[C@@H](O)CN2CCN(c3ccccn3)CC2)cc1,-2.3521556854248047
guided,CCOC(=O)N/N=C/c1ccc([N+](=O)[O-])o1,-1.660567283630371
guided,C=[N+](CC[CH-]CN1CCN(c2ccccc2OC)CC1)C(=O)c1ccncc1,-1.9352717399597168
guided,NNC(=S)Nc1ccc(F)cc1,-1.3739230632781982
guided,[H+].[N-]=C1N=[O+]N=C1C(=[N-])/N=N\c1cccc([N+](=O)[O-])c1,-0.9940394759178162
guided,[N-2]CN1CCN([c-]2[cH+][cH-][c+](N([O-])[O-])[cH-][cH+]2)CC1,-1.4374333620071411
guided,CCOC(=O)N1N=C(c2ccc3c(c2)OCO3)C[C@@]1(O)C(F)(F)F,-2.4622952938079834
guided,NC(=O)NCCC[C@@H](NC(=O)c1ccc(F)c(Cl)c1)C(=O)NCCCN1CCCC1=O,-1.8162105083465576
guided,N[CH-]N[c+]1[n-][c+]2[cH-][c+](Cl)[cH-][cH+][c-]2[n-][c+]1N,-1.0919897556304932
guided,O=S(=O)(NC1=NCCC1)c1cccc2cccnc12,-1.8319255113601685
guided,CNC(=O)[C@@H](c1ccccc1)N1CCN(c2ccc(OC(C)C)cc2)CC1,-2.1825454235076904
guided,Cc1cccc(/C=N/NC(=O)c2ccccc2-n2cccn2)c1,-1.738948941230774
guided,O[N-][C][C+]1[C][C+]1[c+]1[cH-][cH+][cH-][cH+][cH-]1,-2.440274477005005
guided,NS(=O)(=O)c1cccc(NC(=O)CCNC(=O)c2ccco2)c1,-2.022524118423462
guided,Cc1ccc(C)c(NC(=O)c2ccc(C#CC3(O)CCCCC3)cc2)c1,-3.2112276554107666
guided,Cc1ccccc1OCC(=O)Oc1ccc2oc(=O)cc(CN(C)CCC#N)c2c1,-2.6850228309631348
guided,COc1ccc(S(=O)(=O)N2CCN(c3cc(Cl)ccc3C)CC2)c2cccnc12,-2.2538769245147705
guided,CN1CCN(c2nc3c(c(=O)[nH]c(=O)n3C)n2C[C@H](O)COc2ccc(Br)cc2)CC1,-1.63554048538208
guided,O=S(=O)(Nc1ccc(N2CCCCC2)cc1)c1cccc2cccnc12,-2.14487624168396
guided,NN[C-]1[c-]2[cH+][cH-][cH+][cH-][c+]2CN1[c+]1[cH-][cH+][cH-][cH+][cH-]1,-1.7210086584091187
guided,O=C(CN(C(=O)c1ccccc1)C1CCCCC1)NNC(=O)NC1CC1,-1.8613009452819824
guided,CCCCOC(=O)c1ccc2c(c1)c1ccccc1n2CC(=O)O,-3.131344795227051
guided,CSCc1ccc(CCC(=O)Nc2ccccc2C(F)(F)F)cc1,-3.131344795227051
guided,[H]/N=C1/CCSN1c1c#cc(C#N)cc1,-1.5274808406829834
guided,Cc1ccc2cc3c(NC(=O)[C@H]4CC(c5ccc(F)cc5)=NO4)nn(CC(C)C)c3nc2c1,-1.8786333799362183
guided,COC1=C[C]C(=S2([O-])([O-])[C@H]3CCC[C@@H](C[C+](=O)N4CCC[C@@H](O)C4)[N@@H+]32)C=C1,-2.5798470973968506
guided,S=C(NCCc1ccc(Cl)cc1)NC1CCCCC1,-2.229227304458618
guided,Cc1ccc(OCC(=O)N/N=C/C=C/c2ccco2)cc1C,-2.3754727840423584
guided,Oc1cc(COc2ccccc2)cc2ccccc12,-5.9427995681762695
guided,O=C(Nc1ccccc1C(F)(F)F)c1cccnc1,-2.229227304458618
guided,N[CH-][N-]N1[C+]([C][N-]C2CCN([C+]([O-])[CH+][CH+][c-]3[cH+][n-]n(-[c-]4[cH+][cH-][cH+][cH-][cH+]4)[cH+]3)CC2)[N-][CH+][C+]1[c-]1[cH+][cH-][c+](OC[C-]([O-])O)[cH-][cH+]1,-1.6531872749328613
guided,N/C(=N\NS(=O)(=O)c1ccc(Cl)cc1)c1ccco1,-1.8319255113601685
guided,O=C(OCC(=O)N1CCOCC1)c1ccc(S(=O)(=O)N2CCCCCC2)cc1,-2.6161489486694336
guided,[OH-],-3.044522523880005
guided,[CH2-]n1[n-][c+]([C+]([O-])OC[C+]([O-])N[c+]2[cH-][cH+][cH-][cH+][c-]2F)[c+]2[cH-][cH+][cH-][cH+][c-]2[c+]1[O-],-2.14487624168396
guided,CCCc1ccccc1OC(=O)c1ccc(OC)cc1,-5.993961334228516
guided,CN(C)c1ccc2c(c1)CCN2C(=O)Cc1ccc(F)cc1,-2.3754727840423584
guided,O[C@H](Cn1cncn1)c1c(F)cccc1Cl,-1.660567283630371
guided,S=c1[nH]nc2cc(-n3ccnc3)ccn12,-1.0919897556304932
guided,CC[C@H](C)[C@H](NC(=O)c1nc[nH]c1C(=O)NCc1ccccc1)C(=O)OCc1ccccc1,-2.099304676055908
guided,F[CH-]CCO[c+]1[cH-][cH+][c-](N[c+]2[cH-][cH+][c-](Cl)[cH+][cH-]2)[cH+][n-]1,-2.229227304458618
guided,CN1CCN(c2ccc(-c3nn(C)c(=O)c4ccccc34)cc2[N+](=O)[O-])CC1,-1.7146004438400269
guided,Fc1ccc2nc(-c3occc3Br)cn2c1,-2.0578689575195312
guided,COc1ccc(OC[C@H](O)CN2C(=O)NC(C)(C)C2=O)cc1,-2.3754727840423584
guided,Cc1ccccc1NC(=O)Cc1nc(COC(=O)CSc2ccccc2C)cs1,-2.6511785984039307
guided,CN(CCc1ccc(Cl)c(Cl)c1)CCN1CCCC1,-2.229227304458618
guided,CCOc1ccc(Nc2nc(Cl)nc(NCCO)n2)cc1,-1.427512288093567
guided,CN1CCC(=NNC(=O)c2ccccc2O)CC1,-1.7780040502548218
guided,C[O+][C]1[C][C]([C]([O])C2[CH][C]([C]3[CH][CH][C](Br)S3)N[C]3[N][N][N]N32)[CH][CH][CH]1,-1.6014856100082397
guided,COC(CNC(=O)C[C@]1(C)CCc2cc3c(ccc4ccccc43)c(C)c2O1)OC,-3.3540725708007812
guided,C/C(N)=C(/C#N)C(=O)CSc1nnc(Nc2ccccc2)s1,-1.4739243984222412
guided,O=C(N/N=C/c1ccc[nH]1)c1cccnc1,-1.3769919872283936
guided,COc1ccc(/N=C2\SCC(=O)N2CCO)cc1,-2.1753058433532715
guided,NC(=O)c1ccsc1/N=C/c1ccccc1OCC(=O)O,-2.3290607929229736
guided,NNC(=O)c1cccc(S(=O)(=O)Nc2cccc(F)c2)c1,-1.931758999824524
guided,[N-2][N-][N-]C[CH+]C1CC1[C+]1[CH+][CH+][CH-][CH+][CH-]1,-1.5274808406829834
guided,COCCC(=O)N1CCC[C@H](C(=O)c2ccccc2SC)C1,-3.044522523880005
guided,CO/N=C(/c1ccc(F)cc1)c1ccc(OC)cc1,-2.8982770442962646
guided,CN1CCN(C(=O)CCc2nc3ccccc3c(=O)[nH]2)CC1,-1.6945956945419312
guided,NC(=S)c1nc(-c2ccccc2Cl)[nH]c1-c1ccccc1,-1.931758999824524
guided,CN(CC(=O)Nc1ccc2c(c1)OCO2)S(=O)(=O)c1ccc(F)cc1,-2.5030341148376465
guided,[OH-],-3.044522523880005
guided,COCCN(C(=O)/C=C1\NC(=O)C(c2ccsc2)=NO1)c1cccc(C(=O)O)c1,-2.2538769245147705
guided,N[C@@H](Cc1ccccc1)C(=O)O,-2.440274477005005
guided,Nn1c(SCC(=O)N2CCN(Cc3ccccc3)CC2)nncc1=O,-1.4208155870437622
guided,CNCC(=O)c1cccc2ccccc12,-2.662587881088257
guided,CCCCN(c1ccc(C(=O)CCP(=O)(c2ccccc2)c2ccccc2)cc1)S(C)(=O)=O,-3.4492313861846924
guided,[H]/[O+]=C(\C[C@H](O)CSC(=S)[N-]CCN1CCN(C(=O)c2ccc(C)cc2)CC1)S(C)(=O)=O,-2.3204572200775146
guided,[O-][S@@+]([C@@H]1COc2ccccc2O1)N1CCN(Cc2cn[nH]c2-c2ccccc2F)CC1,-2.036881923675537
guided,COc1cc2c(c(OC)c1)CN1CCC[C@H]1C2,-2.7873599529266357
guided,COc1ccc(S(=O)(=O)NCCCCO[C@H](C)C(C)=O)cc1,-3.044522523880005
guided,CNC(=S)N1CCN(c2ccccn2)CC1,-1.3769919872283936
guided,NC1=C([N-]OC(=O)c2ccco2)c2nc3ccccc3c(=O)n2[OH+]O1,-1.8221569061279297
guided,S=C(Nc1cccc(Cl)c1)NN1CCN(Cc2ccccc2Cl)CC1,-1.8221569061279297
guided,Cc1cccc(Cl)c1OCCn1c(=S)[nH]c2cccnc21,-1.931758999824524
guided,[CH2-]C[C+]([O-])OC[c+]1[cH-][cH+][cH-]n1-[c+]1[cH-][cH+][c-](Cl)[cH+][n-]1,-2.1753058433532715
guided,COC(=O)c1[c-]n(CC(=O)NN2C=c3ccccc3=[O+][C@H]2C(=O)O)c2ccccc12,-2.2877211570739746
guided,NCCNc1cccc2cccnc12,-1.5274808406829834
guided,[CH2+][C][SH+2]([O-])[C-]1[N-][C+]2[CH+][CH-][CH+][CH-][C+]2[C-]([O-])N1N.[H+],-1.660567283630371
guided,COc1ccc(-c2cc(-c3ncc(C(C)C)[nH]3)nc(-c3cccs3)n2)cc1,-1.898970127105713
guided,CC[O+][C]1[C][C](C[S+2]([O-])[C]2[CH][CH][C](Cl)[CH][CH-]2)[N+]([O-])[CH][CH]1,-2.94943904876709
guided,CC1([O-])C2[C]3[C-]C([CH][CH][C]OC[C]([O])[NH+][NH+]S([O])([O])[C]4[CH][CH][C]([CH][CH]4)[NH+]21)COC3,-2.2538769245147705
guided,CCn1c(SCC(=O)OC)nc2nc3c(cc2c1=O)CCCC3,-2.022524118423462
guided,COc1ccc2c(CC(=O)NC/C(Cl)=C/c3ccccc3)coc2c1,-3.172083616256714
guided,CCCCSc1nc2ccccc2n1CC(=O)O,-2.1753058433532715
guided,C[C@H](c1n[nH]c(=S)n1-c1ccc(F)cc1)N(Cc1ccccc1)C1CCCCC1,-1.970301628112793
guided,O=C(Nc1ccccc1N1CCN(c2ccc(F)cc2)CC1)c1ccc(F)cc1,-2.2538769245147705
guided,Cn1nc(C(=O)Nc2ccccc2)cc1C(=O)NNC(=O)c1ccc(Cl)cc1,-1.7146004438400269
guided,COCCNC(=O)/C(=C\c1cn(C)c2ccccc12)NC(=O)C(C)C,-2.1057322025299072
guided,NS(=O)(=O)c1ccc(CN2CCN(C(=O)c3ccc(F)cc3)C(=O)C2)cc1,-2.1825454235076904
guided,CC(=O)c1sc2nsc(SCc3nc4ccccc4[nH]3)c2c1N,-1.738948941230774
guided,N#Cc1ccc(OC[C@@H](O)CS(=O)(=O)c2ccc(F)cc2)cc1,-3.0888755321502686
guided,O=[N+]([O-])C1=[C-][C@H](c2c[cH-]c[s+]2)[N+](c2ccc(Cl)c(C(F)(F)F)c2)=N1,-2.064993381500244
guided,S=C(Nc1ccc2c(c1)oc1ccccc12)Nc1cc(Cl)ccc1Cl,-2.5030341148376465
guided,CCN(C(=O)CC(=O)NC(C)C)c1nc(CC(=O)Nc2ccc(Cl)cc2)cs1,-1.9352717399597168
guided,Clc1cccc(Cc2noc(CN3CCCC[C@H]3CCc3ccccn3)n2)c1,-1.9352717399597168
guided,NNC(=O)Cn1nc(-c2ccccc2)cc1-c1ccc(Cl)cc1,-1.738948941230774
guided,COc1ccc(SN(C(=O)c2ccccc2)c2nc3nccc(C)n3n2)cc1,-1.7146004438400269
guided,CCN(CC)S(=O)(=O)c1ccccc1SC,-2.7269186973571777
guided,C[C@H]1[S+]=C2C=CC(=[S@@](=O)([O-])NCCc3ccccc3)C=C2NC1=O,-2.4622952938079834
guided,[S-][C-](N[N-][C+]1CCCCC[C+]1[c+]1[cH-][cH+][cH-][cH+][cH-]1)N[c+]1[cH-][cH+][c-](Cl)[cH+][cH-]1,-2.1057322025299072
guided,Cn1cccc1/C=N/NC(=O)c1csc2ccccc12,-1.8830875158309937
guided,O=C(CN1CCOCC1)N/N=C/c1ccc(OC(=O)c2ccco2)cc1,-2.14487624168396
guided,COc1ccccc1NC(=O)COC(=O)CN1C(=O)NC(C)(C)C1=O,-2.1057322025299072
guided,C[O+][C]1[CH][CH][C][C](NS([O])([O])[C]2[CH][CH][CH][C]([C]([O])NCCCN3CCOCC3)[CH]2)[CH]1,-2.2877211570739746
guided,CCOc1ccc2c(c1OC)C(=O)O[C@H]2N1CCN=C1c1cccc2ccccc12,-2.6850228309631348
guided,C[C]1[CH][CH][C]([C]([O-])[N][C]2[C+]3OC23N[N][CH][C]2[CH][CH][C]([O])N(C[C]3[CH][CH][CH][CH][CH]3)[CH]2)[C]([O-])[N]1,-1.8479089736938477
guided,C[C]([N]N[C]([O])CN1[CH][CH][C](N([O-])[O-])[N]1)[C+]1S[C]2[CH][CH][CH][CH][C]2[C]1Cl,-1.6014856100082397
guided,[CH2-]OCCNCCCCO[c+]1[c-](F)[cH+][c-](Cl)[cH+][c-]1Br,-2.8982770442962646
guided,CCOc1ccc2nc(S[C@@H]3CC(=O)N(C4CCCCC4)C3=O)sc2c1,-2.54217791557312
guided,CC(C)n1cnc2cc(NS(C)(=O)=O)ccc21,-1.7210086584091187
guided,Clc1ccc(N2CCN(c3ccccc3)CC2)nc1,-1.8319255113601685
guided,Cc1ccccc1CC(=O)N1CCC[C@H](CCC(=O)N2CCN(c3ccccn3)CC2)C1,-2.068580389022827
guided,CCc1nnc(NC(=O)c2cccc3c(=O)c(C(C)(C)C)c(C)oc23)s1,-2.14487624168396
guided,O=C1NC(=O)C(Oc2c(Cl)cccc2Cl)(N([C][O-])C[C+]2=CC=C3OCOC3=C2)C(=O)N1,-2.3204572200775146
guided,CCOC(=O)N/N=C(C)/C(=N\O)C(=O)OCC,-1.7210086584091187
guided,[O-][C][c+]1[c+](C[C][C+]2[CH+][CH+][CH-][c+]3[cH-][cH+][cH-][cH+][c-]32)[n-][c+]2n([c-]1[O-])CCS2,-2.4622952938079834
guided,Nc1ccc(NC(=O)CSc2nnnn2-c2ccccc2F)cc1Cl,-1.4208155870437622
guided,COC(=O)[C@H]1CCCN(S(=O)(=O)c2ccc3c(c2)c(=O)n(C)c(=O)n3C)C1,-2.1825454235076904
guided,Nc1cc(C(F)(F)F)ccc1NCCc1ccccn1,-1.8830875158309937
guided,O=C(c1ccccc1)c1ccc(OCCCN2CCCC2)cc1,-3.0888755321502686
guided,CCOc1ccc(NC(=O)Nc2cnccn2)cc1,-1.548350214958191
guided,COc1ccccc1Oc1ccc(S(=O)(=O)NCCN2CCOCC2)cc1Cl,-2.6161489486694336
guided,COc1ccc(CCN2C(=O)CN(C(=O)c3ccc(S(C)(=O)=O)cc3)CC2=O)cc1OC,-2.749457359313965
guided,Nc1ccc([C@@H](CCNc2ccc(C(F)(F)F)cn2)c2ccc(F)cc2)cc1Cl,-2.2538769245147705
guided,[CH2-]CC/[S+]=c1\[c-]c[c-](S(=O)(=O)CCC(=O)/[NH+]=C2\C=C([N+](=O)[O-])C=C\C2=[O+]/C)cc1,-2.6511785984039307
guided,O=C([C@@H](c1ccc2c(c1)OCO2)[C@H](N[C][O-])[C+](=O)O)N1CCOCC1,-2.5030341148376465
guided,[O-][C+](CN(CCO)[S+]([O-])[O-])N1CCN(C([c+]2[cH-][cH+][cH-][cH+][cH-]2)[c+]2[cH-][cH+][cH-][cH+][cH-]2)CC1,-2.2538769245147705
guided,Clc1cnccc1CN1Cc2ccccc2N=C1c1ccccc1,-2.064993381500244
guided,N/C(=N\Nc1cccc(Cl)c1)S(N)(=O)=O,-1.312661051750183
guided,C[CH][C+]1OC(OC)[CH][C]([O-])[C]2[C](C)[CH][C](C)[CH][C]2CC([C]2[CH][CH][CH][CH][CH]2)[CH][C]1[O-],-6.364750862121582
guided,Cl[c-]1[cH+][n-][c+](O[c-]2[cH+][cH-][c+]3[c-]([cH+]2)N(C[c+]2[cH-][cH+][cH-][cH+][cH-]2)[CH-]O3)[c-](Cl)[cH+]1,-2.5030341148376465
guided,Fc1ccccc1COc1ccc(Br)cc1CNC[C@H]1CCCO1,-3.131344795227051
guided,NNC(=O)[C@H](Cc1ccc2ccccc2c1)NC(=O)OCc1ccccc1,-2.1825454235076904
guided,COc1ccccc1NCc1nc2ccsc2c(=O)[nH]1,-1.8830875158309937
guided,COc1ccccc1Oc1cc(OC)c(OCCN(C)C)c(OC)c1,-3.172083616256714
guided,O=[N+]([O-])c1ccccc1S(=O)(=O)O,-2.519998073577881
guided,Cc1ccc(Cl)cc1N1CCN(C(=O)NCc2ccc(Cl)cc2)CC1,-2.1057322025299072
guided,COc1cccc(CNc2ccc(CO)cc2[N+](=O)[O-])c1O,-2.3754727840423584
guided,O=S(=O)(NC[C@H]1CCCCN1)c1ccccc1,-2.1183104515075684
guided,[CH2-]CC(O)CC(CNC1C2CC3CC(C2)CC1C3)NCCNC,-2.022524118423462
guided,[CH2+]C[C-]([O-])N[S+2]([O-])([O-])[c-]1[cH+][cH-][c+]2[c+]([cH+]1)n(C)[c+]([O-])[c-]([O-])n2C,-1.9781709909439087
guided,O=C(C/[S+]=[C-]\n1nnc2ccccc21)c1ccccc1F,-1.931758999824524
guided,NCCCNCCCNC(=O)CC(=O)NN,-1.156320571899414
guided,F[C][O+]1[C]2[CH][CH][CH][C][C](Cl)[CH][SH+][C-][N+]21,-2.59383225440979
guided,Nc1ccc2c(c1)nc1n2CCOC1,-1.5274808406829834
guided,N#Cc1c(NC(=O)CN2CCOCC2)oc2c1CCCCC2,-1.9781709909439087
guided,[CH2-][c+]1[c-](NC(C)[c+]2[cH-][cH+][cH-]s2)[c+]([O-])n(-[c+]2[cH-][cH+][cH-][cH+][cH-]2)n1C,-1.9781709909439087
guided,CC/C(C)=N\NC(=O)C(=O)N/N=C/c1cccc(C)c1,-1.5995122194290161
guided,C/C(=N\N=C1\NC(=O)[C@@H](Cc2ccccc2)S1)c1ccccc1,-2.022524118423462
guided,COc1ccccc1OCCCOc1cc(=O)[nH]c2cc([N+](=O)[O-])ccc12,-2.5798470973968506
guided,COC(=O)c1sc2ccccc2c1-n1cccc1C(=O)c1ccco1,-3.172083616256714
guided,NS(=O)(=O)c1ccc(CCNC(=S)N(Cc2ccc3c(c2)OCO3)Cc2ccco2)cc1,-2.3521556854248047
guided,Cc1ccc(S(=O)(=O)N(CC(=O)Nc2ccc([N+](=O)[O-])cn2)CC(C)C)cc1,-1.9352717399597168
guided,Cc1nn(Cc2ccccc2)c(C)c1C(=O)N1CCC(C(=O)c2ccc(F)cc2)CC1,-2.3204572200775146
guided,O=C(COC(=O)c1c[nH]c(=S)n1-c1c[c-]ccc1)Nc1ccccc1Cl.[H+],-2.14487624168396
guided,O=C(N/N=C/C=C/c1ccco1)c1ccccc1,-2.1753058433532715
guided,CN1/C(=C/C(=O)c2ccc3nccn3c2)Sc2ccccc21,-1.9781709909439087
guided,[CH2-][C@@H](CC(=O)O)N(C#[N+]/N=C(/C)c1ccn(-c2ccc(OC)cc2)c1C)C(=O)C1CC1,-2.036881923675537
guided,CN([C@H]1CCS(=O)(=O)C1)S(=O)(=O)c1ccc2c(c1)C(=O)c1ccccc1CC2,-3.285198450088501
guided,C/C(CC(=O)NCc1ccc(F)cc1)=N\NC(=O)c1ccoc1C,-2.064993381500244
guided,O=C(/C=C/n1cnc(=S)n1-c1ccccc1)OCC(=O)c1ccc(Br)cc1,-2.1825454235076904
guided,O=C(O)/C=C\CC(=O)N1CC(=O)Nc2ccccc21,-2.229227304458618
guided,O=S(=O)(Nc1ccc(OC(F)F)cc1)c1ccc2ncccc2c1,-2.4622952938079834
guided,CO[C+]([C][N-][c+]1[cH-][cH+][cH-][cH+][c-]1OC)[C+]([c-]1[cH+][cH-][cH+][cH-][cH+]1)[P+]([O-])(OC)OC(C)C,-3.285198450088501
guided,CCOc1cc(C(=S)N2CCCC2)ccc1OCC(=O)Nc1ccccc1CC,-2.6511785984039307
guided,[O-][C+]1[C+](NOCCO)[N-][C][C+]2[N-][N-][N-][C-]21,-1.0919897556304932
guided,[C-3][C+](NC1CCCCC1)[C+]([C][N-2])[C][N-2],-1.5274808406829834
guided,COCNC(=S)N1CCCCCC1,-1.8509483337402344
guided,O=C(CCn1c(=O)oc2ccccc21)Nc1ccc2c(c1)OCO2,-2.4622952938079834
guided,CCOC(=O)c1c(NC(=O)COc2cccc(NC(N)=O)c2)sc(C)c1C,-2.1825454235076904
guided,O=C(Nc1ccc(Cl)cc1Cl)N1CCC2(CC1)OCCO2,-2.3290607929229736
guided,CCOc1ccc(CN(C)C(=O)[C@@H](C)Sc2ncn[nH]2)cc1Br,-1.738948941230774
guided,[C-3]N(O)[S+]([N-][CH+][c+]1[cH-][cH+][cH-][cH+][cH-]1)[N-][S+2]([O-])([O-])[C+]1[CH+][CH+][CH-]S1,-1.931758999824524
guided,S=C(NCc1ccco1)N1CCn2cccc2[C@H]1c1ccccc1,-2.064993381500244
guided,C=C(Cl)COC(=O)c1ccc(Oc2ccc([N+](=O)[O-])cc2)cc1,-3.0888755321502686
guided,Cc1ccccc1OCCOc1ccc2c(c1)CCC2,-5.993961334228516
guided,CCCOC(=O)Nc1ccc2[nH]c(=O)[nH]c2c1,-1.7210086584091187
guided,COCc1cc(C)nc(SCc2nc3ccccc3c(=O)[nH]2)c1C#N,-1.8221569061279297
guided,Cn1ccnc1C(=O)c1ccc2c(c1)CCN2C(=O)C1CC1,-1.9781709909439087
guided,C[C@@H]1CCC[C@@H](NC2=NC[C@H](C)S2)C1,-1.924782633781433
guided,CCC(=O)Nc1ccc(/C(=N\c2ccccc2)Oc2ccccc2)cc1,-2.54217791557312
guided,Cc1ccc(N/C(=N/S(=O)(=O)c2cccs2)c2ccccc2)c(C)c1,-2.5030341148376465
guided,O=C(Cn1c2ccc(O)cc2c2nc3n(c(=O)c21)CCS3)NC[C@H]1CCCO1,-1.9352717399597168
guided,O[N-][C+]([c+]1[cH-][cH+][cH-][cH+][cH-]1)C1C23C4[CH-][CH+][C-]([c+]5[cH-][cH+][cH-]o5)N2C413,-2.3754727840423584
guided,[S-][C+]([N-][C]Cl)N[c+]1[cH-][cH+][cH-][c+]2[cH-][cH+][cH-][cH+][c-]12,-2.0578689575195312
guided,CCOC(=O)N1CCN(C(=O)C2CCN(Cc3c[nH]c4ccccc34)CC2)CC1,-1.970301628112793
guided,O=C(N[C@@H](C(=O)c1cccs1)N1CCCCC1)c1ccco1,-2.3754727840423584
guided,Cn1c(=O)c2c(nc(CN3CCC(C(N)=O)CC3)n2CCCO)n(C)c1=O,-1.4976286888122559
guided,Cc1ccccc1NC(=S)N(CCCN1CCOCC1)Cc1nc2ccccc2c(=O)[nH]1,-1.8479089736938477
guided,Cc1ccc(CS(=O)(=O)c2ncc(Cl)c(C(=O)NCc3ccccc3Cl)n2)cc1,-2.2538769245147705
guided,[H+].[H]/N=c1/c(C(=O)NCCCO)cc2c(=O)n3cccc(C)c3nc2n1[CH-]CCOC,-1.7496302127838135
guided,CC(=O)c1ccc([C@@H]2NC(=O)NC(C(=O)OC(C)C)=C2C)cc1,-2.419826030731201
guided,CCC(=O)OCC(=O)N1c2ccccc2Sc2ccccc21,-3.044522523880005
guided,[NH-][P+]([O-])(OCCC[c+]1[cH-][cH+][c-](Cl)[cH+][cH-]1)O[c+]1[cH-][cH+][cH-][cH+][c-]1Cl,-3.044522523880005
guided,[CH2-]O[c+]1[cH-][cH+][c-](NC[c+]2[cH-][c+]([O-])o[c+]3[c-](C)[cH+][c-](C)[cH+][c-]23)[c+](OC)[cH-]1,-3.172083616256714
guided,Fc1cccc(CNn2cnnc2SCc2ccccc2)c1,-1.6945956945419312
guided,O=C(CN1CCCc2ccccc21)c1ccc2c(c1)OCO2,-3.044522523880005
guided,COC(CNC(=O)c1ccc2nccnc2c1)OC,-1.8319255113601685
guided,O=P(=[OH+])/C=C/c1ccccc1.[CH2-]C/[O+]=[C-]\P(=O)(O)O,-5.9427995681762695
guided,Nn1c(COc2ccc(Cl)cc2)n[nH]c1=S,-1.3769919872283936
guided,CC(C)[C@]1(O)N=C(c2cccs2)[C@@H](C)N1,-1.9935381412506104
guided,NS(=O)(=O)c1cccc(C(=O)[O+]2CC([O-])=C3[C-](Cl)c4ccccc4[S@SP1+]32)c1,-3.2112276554107666
guided,N#Cc1ccc(COC(=O)CC2CCCCC2)cc1,-2.8982770442962646
guided,O=C1NCCN(Cc2ccccc2F)[C@H]1CO,-2.1183104515075684
guided,Fc1ccc(Cn2nnnc2CN2CCN(C3CCCCC3)CC2)cc1,-1.4599595069885254
guided,Nc1ccc(S(=O)(=O)N2CCc3ccccc3C2)cc1,-2.2803893089294434
guided,N/C(Cc1ccc([N+](=O)[O-])cc1)=N\OC(=O)CSc1ccc2ccccc2c1,-2.2188470363616943
guided,[OH-],-3.044522523880005
guided,COCCCNc1ncnc2sc(C(C)(C)O)cc12,-1.8319255113601685
guided,[O][C](C[S+][C]1[N][C+](NC2CCCCC2)[C-][C]([O-])[N-]1)N[C]1[CH][CH][C](Cl)[CH][CH]1,-1.8613009452819824
guided,NCCCCCCCP(=O)(c1ccccc1)c1ccccc1,-3.044522523880005
guided,O=C(NNC1=NCCC1)c1cccs1,-1.5274808406829834
guided,CCCNc1nc(N2CCN(Cc3cccc(C)c3)CC2)nc2ccccc12,-1.7146004438400269
guided,O=[P@@](O)(OCCCCl)Oc1ccccc1,-5.707110404968262
guided,COc1ccc(C2=Nn3c(nnc3-c3cc(C)[nH]n3)SC2)cc1,-1.337607502937317
guided,O=S1(=O)CC[C@@H](N([C][O-])C[C+]2=CC=CS2)C1,-2.7269186973571777
guided,O=[N+]([O-])c1cccc(CCn2cnc3ccc(F)cc32)c1,-1.931758999824524
guided,N#CSCc1ccc2ccccc2n1,-1.924782633781433
guided,Cc1cc(C)nc(N2CCC[C@H](C(=O)N3CCN(Cc4ccc(OC(F)F)cc4)CC3)C2)n1,-1.8786333799362183
guided,CC[C@H]1[S+]=C(N2CCN(Cc3cccs3)CC2)N=C1[O-],-1.8830875158309937
guided,O=[N+]([O-])c1ccc(S(=O)(=O)NCc2cccs2)cc1,-2.229227304458618
guided,CN(CC(=O)Nc1ccc(Cl)c(S(=O)(=O)N(C)C)c1)CC(=O)Nc1ccccc1C(=O)c1ccccc1,-2.2135515213012695
guided,COc1ccc2c(c1)[nH]c1c(=O)n(/N=C/[C@@H]3[C@@H](C)C[C@H](C)C3(C)C)c(=O)[nH]c12,-1.9352717399597168
guided,COc1ccc2c(c1)cc(C(=O)N[C@H](Cc1ccccc1)C(=O)O)n2C,-2.54217791557312
guided,C[c-]1[n-][c+](N[C-]2[N-][c+]3[cH+][cH-][cH+]n(C[c+]4[cH-][cH+][cH-][cH+][cH-]4)[c-]3O2)[n-][cH+][c+]1[C-]([O-])N[C+]1[CH+][CH-][CH+][C-](F)[CH+]1,-1.7277717590332031
guided,CCNC(=O)CNC(=O)/C=C/c1cc(Br)ccc1OC,-2.2803893089294434
guided,CCN(CC)[P@](=O)(Oc1ccccc1)Oc1ccccc1F,-3.044522523880005
guided,[N-2][C+]1[C+]([CH-][c+]2[cH-][cH+][c-](OC(F)F)[cH+][cH-]2)[C+]([O-])[N-][c+]2s[c+]([N-2])[n-]n21,-1.5182775259017944
guided,CCS[C+]([CH+][CH-][c+]1[cH-][cH+][cH-][cH+][cH-]1)[N-]OC[CH-][C+]([O-])O,-2.8982770442962646
guided,COc1cc2nc(C)nc(N3CCN(C(=O)Cc4ccccc4)CC3)c2cc1OC,-2.004145860671997
guided,N#Cc1ccc(C(=O)CSc2cc(C(F)(F)F)c3ccccc3n2)cc1,-2.54217791557312
guided,COc1cc(/C=N/n2cnn(Cc3ccccc3)c2=S)cc2c1OCCSC2,-1.9352717399597168
guided,CCOCC(=O)/N=c1\sccn1Cc1ccc(F)cc1,-2.2803893089294434
guided,O/N=C(/CCc1ccccc1)Cc1cc2ccccc2[nH]1,-2.3290607929229736
guided,CCOC1=C/C2=C\Nc3ncnn3C(=O)CC2C=C1OC(C)=O,-1.738948941230774
guided,CCCCN(CCCC)CCNC(=O)c1csc2ccccc12,-2.419826030731201
guided,Cc1ccc(S(=O)(=O)N(C)[C@@]2(C)CCS(=O)(=O)C2)cc1,-2.94943904876709
guided,[H]/N=C(\c1cc(C(F)(F)C(F)F)[nH]n1)N(C)[C@H](C)c1ccccc1,-1.738948941230774
guided,CCO/N=C/C1=C(O)[C@H](C(=O)OC)C(C)(C)CC1=O,-2.8982770442962646
guided,Clc1ccc(SCc2nc3ccccc3[nH]2)cc1,-2.1753058433532715
guided,Brc1ccccc1/C=N/N1CCCCC1,-1.9935381412506104
guided,Fc1ccccc1N1CCN(CCOc2ccc(Br)cc2)CC1,-2.419826030731201
guided,O=C(COc1ccccc1)NCCNC(=O)COc1ccc2c3c(c(=O)oc2c1)CCCC3,-2.780181884765625
guided,N[C-]([S-])NN([CH+][c+]1[cH-][cH+][c-](-[c+]2[cH-][cH+][cH-]o2)o1)CCCO,-1.8830875158309937
guided,[NH2-],0.0
guided,[O][C]1N[C]([O])N(C[C+]2[CH][CH][CH][CH][CH]2)[C](O)[C]1[CH][N]N[C]1[CH][CH][CH][C](N([O-])[O-])[CH]1,-1.7146004438400269
guided,COC(=O)C1=CN(c2ccccc2C(F)(F)F)C=C[C@@H]1OC,-3.044522523880005
guided,O=C(CC/C=C/c1ccccc1)N1CCN(c2ncccn2)CC1,-1.7814180850982666
guided,O=C(c1ccc(P(=O)(c2ccccc2)c2ccccc2)o1)N1CCN(c2ncccn2)CC1,-2.099304676055908
guided,[O][C]1[C][C](CN2CCN([C]3[CH][CH][C](F)[CH][CH]3)CC2)[N][C]2[S+][CH][CH]N12,-1.7814180850982666
guided,C=C1N=[N+](C)C(=O)c2nn([O-])c(-c3cccs3)c21,-1.4944287538528442
guided,S=C(c1cc(Oc2ccccc2Cl)ccc1Cl)N1CCCC1,-3.044522523880005
guided,NC(=S)NNC(=O)c1ccccc1Cl,-1.5274808406829834
guided,O=C(CCC(=O)Nc1ncccn1)NCc1ccc(F)cc1,-1.6945956945419312
guided,Clc1ccc(OCCCN2CCCCC2)c(Br)c1,-2.844355583190918
guided,Nn1c(COc2ccccc2F)nnc1SCC(=O)N1CCN(Cc2ccccc2)C(=O)C1,-1.6979632377624512
guided,CN([CH-][C+](F)[C-]1N[CH+][N-][CH-][C+]1Br)[c+]1[cH-][c+]2[cH-][cH+][cH-][cH+][c-]2[c+]2[cH-][cH+][cH-][cH+][c-]12,-2.14487624168396
guided,CC[C@H](C)NC(=O)OCc1ccccc1,-2.662587881088257
guided,CC(C)[CH+][C+]([O-])NN.[CH2-]C(C)(C)P([O-])CC,-2.0578689575195312
guided,CN(C)C(=O)c1ccc(-n2cccn2)nc1,-1.3769919872283936
guided,NC[C-](OC[c+]1[cH-][cH+][cH-][cH+][cH-]1)[C+]([O-])N[c+]1[cH-][c+]([S+2]([O-])([O-])N2CCOCC2)[cH-][cH+][c-]1N1CCCCC1,-2.1580586433410645
guided,O=C(/C=C(\N/N=C/c1cn(CC2CCCCC2)c(=O)[nH]c1=O)c1ccc(O)cc1)c1ccncc1,-1.9373873472213745
guided,S=C(SCCOc1ccc(Br)cc1)N1CCCCC1,-2.8982770442962646
guided,N[S+2]([O-])([O-])[c-]1[cH+][cH-][c+](CCN[C-]([O-])CN[C+]([O-])[C][CH+][C+]2[CH+][CH-][CH+][CH-][C+]2SC[C-]([O-])NC2CCCCC2)[cH-][cH+]1,-2.2401843070983887
guided,[O-][C]NO,-1.3499267101287842
guided,Fc1ccccc1NNc1cccc2ncccc12,-1.8319255113601685
guided,Clc1ccc(S/[C-]=C/C=C=C=NNc2ccccc2)cc1.[H+],-2.3290607929229736
guided,CN(C)S(=O)(=O)N1CCN(S(=O)(=O)N(C)C)CC1,-1.4944287538528442
guided,CC(=O)N1CCN=C1SCC(=O)N/N=C/C=C\c1ccco1,-1.6945956945419312
guided,CN1N=[C+]([C][O-])C(Br)=C1C(=O)NNC(=O)c1ccc2ccccc2c1,-1.8221569061279297
guided,O=C(NCCN1CCCCC1)c1c[nH]c2ccccc12,-1.8830875158309937
guided,[O][C](NNS([O])([O])[C]1[CH][CH][C](N([O-])[O-])[CH][CH]1)C1C[C+]([C]2[CH][CH][CH][C](Br)[CH]2)[N]O1,-1.9352717399597168
guided,O[C@H](COc1cccc(Nc2ccc(-n3cccn3)cc2)c1)CN1CCCCC1,-1.970301628112793
guided,O=C(CSc1ccccn1)Nc1ccccc1CO,-2.229227304458618
guided,[H]/[C-]=[O+]\N=C1/C(=C=O)C(NC(=O)c2ccco2)=CC(=O)N1CCN1CCOCC1,-1.9352717399597168
guided,COc1ccc2cc([C@@H](Cl)NC(=O)Nc3ccccc3)cnc2c1,-2.064993381500244
guided,CCCCN(CCCC)C(=O)/C(=C/c1ccco1)NC(=O)c1ccco1,-2.54217791557312
guided,COc1ccccc1NC(=S)N1CCN(c2nc(C)cc(C)n2)CC1,-1.6014856100082397
guided,S=C(NCc1ccco1)N1CCn2cccc2[C@H]1c1cccnc1,-1.7814180850982666
guided,COc1ccc(S(=O)(=O)Nc2ccccc2C(=O)O)cc1,-2.998110294342041
guided,[CH2-]COCCOC[CH+]OCC(O)C[S+]([O-])[O-],-5.7714409828186035
guided,Nn1c(SCc2ccc(Cl)c(Cl)c2)nnc1C1CCCCC1,-1.6945956945419312
guided,[CH2-]OCCN(CC[c+]1[cH-][cH+][cH-][cH+][cH-]1)C[C+]([O-])N[c+]1[cH-][cH+][cH-][cH+][c-]1[C+]([O-])NC1CC1,-2.2538769245147705
guided,Cc1cc(C)c2c(NC(=S)NC(=O)c3ccc(Br)cc3)n[nH]c2n1,-1.5607467889785767
guided,[O][N+]([O-])[C]1[CH][CH][C]2C[CH+][C]([O-])NC(C[C]3[CH][CH][CH][CH][CH]3)C[N][C]2[CH-]1,-2.064993381500244
guided,S=c1[nH]nc(COc2ccc(Cl)cc2)n1-c1cccc2ccccc12,-2.1057322025299072
guided,O=C(/N=C1\S[C@@H]2CS(=O)(=O)C[C@@H]2N1Cc1cccs1)c1cccs1,-2.4622952938079834
guided,O=S(=O)(Cc1ccc(Cl)cc1)c1ccc(NC2CC2)nc1,-2.3290607929229736
guided,COC(=O)N[C@@H](c1ccccn1)[C@@H](c1ccccc1)[C@@H](O)CCC[C@H](C/C=C\C[CH-]C(C)C)OC.[H+],-2.8389358520507812
guided,C[CH][CH+][C](CCC)[N]N[C]([O])[C]1[CH][CH][C](N([O-])[O-])[CH][CH]1,-1.8830875158309937
guided,N#CCCN(C(=O)COC(=O)COc1cccc2ccccc12)c1ccccc1,-2.6511785984039307
guided,O=C(NCc1nnc(SCC(=O)N2CCOCC2)o1)c1ccccc1Cl,-1.8613009452819824
guided,CCOc1cc(C(=S)N2CCCC2)ccc1O,-2.7873599529266357
guided,CCOc1ccccc1N1CCN(Cc2ccccc2)CC1,-2.3754727840423584
guided,CC(C)CCn1c(=O)c2sccc2n(CC(=O)N2CCC(C)CC2)c1=O,-2.14487624168396
guided,S=C(N/N=C/c1c(Cl)[nH]c2ccccc12)Nc1ccccc1,-1.6945956945419312
guided,CCOC(Cn1cc(C)c(=O)[nH]c1=O)OCC,-2.1183104515075684
guided,Cn1c2ccc(F)cc2c2ncn(CCCN3CCOCC3)c(=O)c21,-1.8221569061279297
guided,O=[N+]([O-])c1cc(Cl)ccc1N1CCN(c2cccc(C(F)(F)F)c2)CC1,-2.14487624168396
guided,O=[N+]([O-])c1cc(C(F)(F)F)ccc1Nc1cc(S(=O)(=O)N2CCOCC2)ccc1N1CCCC1,-2.12911319732666
guided,O=C(c1ccccc1)c1cnc(-c2ccccc2)n(Cc2ccco2)c1=O,-2.5798470973968506
guided,COc1ccc(S(=O)(=O)N2CCn3c2nc2ccccc23)cc1,-2.022524118423462
guided,O=C(CN1C(=O)[C@@H]2[C@H](C1=O)[C@H]1C=C[C@@H]2C1)NCCc1ccccc1Cl,-2.5030341148376465
guided,Oc1ccccc1Cc1[nH]c2ccccc2c1-c1ccccc1,-3.0888755321502686
guided,CC(C)(C)c1nnc2[s+]c(SCC(=O)c3ccc4c(c3)OCCO4)nn2c1[O-],-1.9352717399597168
guided,F[C-]1[CH-][C+]2[CH-][CH+]C1OCCOCCOCCOCCOCCO2,-6.133398056030273
guided,Cc1noc(/C=C/c2ccccc2)c1NC(=O)N1CCN(C(c2ccccc2)c2ccccc2)CC1,-2.186189889907837
guided,NS(=O)(=O)c1ccc(N2CCN(c3ccccc3)CC2)nc1,-1.6945956945419312
guided,Clc1nc(CN2CCOCC2)nc2sc3c(c12)CCCC3,-1.931758999824524
guided,OC[C@]1(C2CCCCC2)CCCN(Cc2ccc3c(c2)OCCO3)C1,-3.172083616256714
guided,[CH2+][c+]1[cH-][cH+][cH-][cH+][cH-]1.[O-][P-]CCCO,-5.564520359039307
guided,CO[c-]1[cH+][cH-][cH+][cH-][c+]1N[CH-][N-]C([S-])N[C+]1[CH+][CH-][CH+][c-]2[cH+][n-][cH+][cH-][c+]21,-1.7814180850982666
guided,COCC(=O)OCC(=O)Nc1ccc(/N=N/c2ccccc2[N+](=O)[O-])cc1C,-1.9352717399597168
guided,COc1c(Cl)cc(Cl)cc1CNCCN[C@H](C)c1ccn[nH]1,-1.6945956945419312
guided,CCC(=O)N(Cc1cccs1)[C@@H]1CCS(=O)(=O)C1,-2.844355583190918
guided,Cc1cc(C)c2c(C(=O)O)[nH]nc2n1,-1.5274808406829834
guided,C=C(C)Cn1c(SCc2nccc3ccccc23)nnc1-c1ccc(-c2cc(Cl)ccc2Cl)o1,-2.12911319732666
guided,[O-][C+]1C[CH-]C[C+]([c-]2[cH+][cH-][cH+]s2)[N-]1,-2.440274477005005
guided,COc1cc(-c2cc(C(=O)c3ccc(O)cc3O)no2)ccc1O,-3.131344795227051
guided,O=c1c2c(nc3nc(NCCN4CCOCC4)[nH]n13)CCC2,-1.2932543754577637
guided,Cc1nnc(CNC(=O)CSc2nnc(Nc3ccccc3)s2)o1,-1.3800767660140991
guided,N/C(=N\OCC(=O)Nc1ccccc1-c1ccccc1)c1ccccn1,-1.8613009452819824
guided,COc1cccc(OC)c1NC(=O)COC(=O)c1nc2nccc(C)n2n1,-1.6782987117767334
guided,O=[N+]([O-])c1ccc(N2CCN(c3ccc(O)cc3)CC2)cn1,-1.6945956945419312
guided,CN(C)CCNC(=O)C[C@H]1C(=O)NCCN1Cc1ccc(F)cc1,-1.7814180850982666
guided,CN1CCc2ccc(NC(=O)N(Cc3cccnc3)c3ccccc3)cc2C1,-1.9352717399597168
guided,Cc1ccc(N2C(=O)NC(=O)/C(=C/NCCCn3ccnc3)C2=O)cc1,-1.640629529953003
guided,CO[c-]1[cH+][cH-][c+](CN([C+]([O-])CN(C)[S+2]([O-])([O-])[c+]2[cH-][cH+][c-](OC)[cH+][cH-]2)[C-](C)C)[cH-][cH+]1,-2.6511785984039307
guided,CC(C)(Oc1ccc(Cl)cc1)C(=O)O/N=C(\N)c1ccncc1,-2.022524118423462
guided,CN(C)c1ccc(P([O-])OCc2ccccc2)cc1.[H]/[O+]=C\c1ccc(OC)cc1,-3.320228338241577
guided,Cl/[C-]=C/SC1=NCC#[N+]1,-1.4849249124526978
guided,[CH2-]N[S+2]([O-])([O-])[c+]1[cH-]n(C)[cH+][c-]1[S+2]([O-])([O-])N1CCCCC1,-1.8830875158309937
guided,[O-][P+](O)(O)O[CH-][C+](O[P+]([O-])(O)O)C(O[P+]([O-])(O)O)C(O[P+]([O-])(O)O)C(O[P+]([O-])(O)O)C(O)[CH-]O,-6.523562431335449
guided,CN(C)c1nnnn1-c1ccccc1Oc1ncc(C(F)(F)F)cc1Cl,-1.4599595069885254
guided,COc1cccc2cc(C(=O)Nc3sc(C)c(C)c3C)/c(=N/CC3CCCCC3)oc12,-2.717759132385254
guided,CC(C)OCCCNC(=O)C(=O)c1c[nH]c2ccccc12,-2.3290607929229736
guided,N#CCNc1ccccc1O[C@H](C#N)c1ccc(F)cc1,-1.931758999824524
guided,CNNC(=S)N[C@@H](C)CCc1ccco1,-1.5962363481521606
guided,CC(=O)Oc1cc([N+](=O)[O-])c(Nc2ccc(Cl)c(Cl)c2)cc1C,-2.419826030731201
guided,Cc1ccc2c(c1)-c1nc(OCCC#N)ncc1CO2,-1.8830875158309937
guided,NC(=O)NCCCC(=O)OCC(=O)CCC(F)=C(F)F,-2.2803893089294434
guided,[CH][C]C1[CH+][C+]([C+]([CH-]N[c+]2[cH-][cH+][cH-][c+](O)[cH-]2)[C+]([CH2+])[O-])[N-]O1.[H+],-2.2803893089294434
guided,CCCCCS[C@@H](O)C[C@H](C)N(C)CCCN(C)C,-2.229227304458618
guided,[S-][c+]1[n-][n-][c+](-[c+]2[cH-][cH+][cH-]s2)n1CC1CCCO1,-1.7210086584091187
guided,FCCCO[C-]1[CH+][C][C+]([C-]2CN[C+]3[CH-][CH+][CH-][CH+][C+]3[N-]2)[CH-][CH+]1,-2.3290607929229736
guided,Cc1ccc(Cn2nc(C)c(C(=O)Nc3ccc4c(c3)OCCO4)c2C)cc1,-2.2188470363616943
guided,O=[N+]([O-])c1cccc(F)c1,-2.258782386779785
guided,C=C.NC(=O)C[C@H](/[C-]=C/c1cncnc1/N=C/CC1=[O+]CCO1)NC(=O)c1ccccc1,-1.8479089736938477
guided,CCOc1ccc(CNc2cccc(C(=O)NCc3ccccc3)c2)cc1,-2.5798470973968506
guided,O=C(c1cccs1)N1CCC(n2nnc3ccccc32)CC1,-1.6945956945419312
guided,COCCCNc1nc2ccccc2n1Cc1ccccc1,-1.9781709909439087
guided,COc1ccc(/C(C)=N/NC(=O)CNC(=O)COc2ccccc2)cc1F,-2.1825454235076904
guided,NS(=O)(=O)c1ccccc1,-2.258782386779785
guided,CC(=O)[C@@H](Cn1cncn1)[C@@H](Sc1ccc(C)cc1)c1ccccc1,-2.1057322025299072
guided,CO[C]1[CH][CH][C-][C](C(C)(C)CC(C)[N-][C+]([O])C[C]2[CH][CH][C](F)[CH][CH]2)[CH]1,-3.172083616256714
guided,C#Cc1ccc([C@H]2C=C(C(=O)OCC=C)O[C@@H](OCc3ccc(CO)cc3)C2)cc1,-6.398594856262207
guided,CCC(=O)Nc1ccc(-c2cc(C)no2)cc1,-2.1183104515075684
guided,[CH2+]CN(CC[CH+]O[C][S-])[C+]([S-])NCC1CCCO1,-2.1753058433532715
guided,N#CC#CN1C=C[C@H](c2ccccc2)CC1,-2.0578689575195312
guided,Nc1c(Cl)cnc(CO)c1C(=O)O,-1.8509483337402344
guided,[CH2-]CCCCCC/C=[NH+]/C(=O)/C=C/C(=O)O,-2.7269186973571777
guided,[O][C](CO[C+]1[CH][CH][CH][CH][CH]1)NC[C]1[N][C]2[CH][CH][C](N([O-])[O-])[CH][C]2N1,-1.7814180850982666
guided,Cc1cc(C(=O)NC[C@@H]2C[CH-]N(Cc3ccccc3F)CC2)no1.[H+],-2.064993381500244
guided,O=C1C(=O)N(CCS(=O)(=O)c2ccc(F)cc2)c2ccccc21,-3.0888755321502686
guided,[CH2-]N(C)[P+]([O-])(N[c+]1[cH-][cH+][c-]2[c+]([cH-]1)OCCO2)O[c+]1[cH-][cH+][c-](F)[cH+][cH-]1,-2.4622952938079834
guided,CC(C[CH+][CH][C]1[CH][CH][CH][CH][CH]1)N1[C]([O])[C]2[CH][CH][CH][C](N([O-])[O-])[C]2[C]1[O],-2.5030341148376465
guided,CO/C1=N/c2ccccc2/C=C\C(=O)O1,-2.662587881088257
guided,COc1ccc(CCN(Cc2ccccn2)C(=O)Nc2ccccc2)cc1OC,-2.2538769245147705
guided,S=c1n(-c2ccc(Cl)cc2)[c-][n+]2ccccn12,-1.7210086584091187
guided,[CH2-]CN[P+]([O-])(N[c+]1[cH-][cH+][cH-][c+]2[cH-][cH+][cH-][cH+][c-]12)OCC,-2.229227304458618
guided,N[P@@](=O)(OCCCc1ccc(F)cc1)OCC(F)(F)F,-2.94943904876709
guided,[O-][C+](CN1[C+]([O-])[C+]2[CH-][CH+][C][N-][CH+][CH+][C][C+]2[C-]1[O-])NC[c-]1[cH+][cH-][cH+][n-][cH+]1,-1.8221569061279297
guided,S=C1NCC2=N[C@H](N[CH-]2)/[S+]=C(/NCc2ccccc2)NCc2cccc(c2)CN1,-1.568960189819336
guided,NC(=O)C1CCN(Cc2cc(C(F)(F)F)ccc2NC(=O)CCSc2nc(-c3ccco3)cc(C(F)(F)F)n2)CC1,-2.095402479171753
guided,O=S(=O)(NC[C@@H]1CCCO1)c1ccccc1Br,-2.7873599529266357
guided,NS(=O)(=O)c1ccc(CNS(=O)(=O)c2ccc(F)cc2)cc1,-2.3754727840423584
guided,C=[N+](C)c1cc2[n+](cc1/C([O-])=C(/[O-])c1ccc(C(C)(C)C)cc1)CCCCC2,-2.6161489486694336
guided,CCOc1ccccc1-c1n[nH]c(=S)n1Cc1ccccc1,-1.9781709909439087
guided,[CH2-]CC(C[CH+]C[N-][C+]1[N-][S+2]([O-])([O-])[c-]2[cH+][cH-][cH+][cH-][c+]21)[C-]([O-])NCC[C+]1[CH+][CH-][CH+][C-](F)[CH+]1,-2.2877211570739746
guided,C/C(=N\NC(=O)Cc1ccccc1)c1ccc(F)cc1,-2.2803893089294434
guided,Nc1cc(S(N)(=O)=O)ccc1O,-1.771224856376648
guided,CCOc1ccc2ccccc2c1C(=O)Nc1nccs1,-2.3290607929229736
guided,COc1ccc(/C=C(/C(C)=O)c2nc3ccccc3s2)cc1C,-3.0888755321502686
guided,C[C][c+]1[n-][p-][n-][c+]2[nH][c-]3[cH+][cH-][cH+][cH-][c+]3[c+]([O-])[c+]12.[H+],-1.7210086584091187
guided,NS(=O)(=O)c1ccc(CNC(=O)CN2C(=O)[C@@H]3[C@H](C2=O)[C@H]2C=C[C@@H]3C2)cc1,-2.1825454235076904
guided,[O-][C+](N[c-]1[cH+][cH-][cH+][cH-][c+]1N[C-]([O-])N1CCN([C+]2[CH+][CH-][CH+][CH-][CH+]2)CC1)[C-](OC[c+]1[cH-][cH+][cH-][cH+][cH-]1)[c+]1[cH-][cH+][cH-][cH+][cH-]1,-2.2661259174346924
guided,CCCn1c(C)nc(=O)c(Cc2ccc(N(C)C)cc2)c1C,-1.9781709909439087
guided,C[C-]1O/C(=C2\C=CC(Br)=[O+]2)N2[C@@H]3C[C@@H]4CCCCN4CC132,-2.3290607929229736
guided,O=c1sc(-c2nncn2-c2cccc(Br)c2)c(Cl)n1Cc1ccco1,-1.8221569061279297
guided,[O-][S+]([O-])NCC1CCCN1[S+2]([O-])([O-])[c+]1[cH-][n-][c+](Cl)[c+](Br)[cH-]1,-1.931758999824524
guided,CCN(CC)C(=O)NC1=[S+]C=C/C1=C(\[O-])Nc1nncs1,-1.427512288093567
guided,CN(CCOc1ccc(Cl)cc1)CC(=O)Nc1ccc(OC(F)F)cc1,-2.54217791557312
guided,O=C1C2=[C+](O[C]/C1=C(\[O-])O)c1ccccc1C=C2,-5.888877868652344
guided,C[C@H](C(=O)NCCOc1ccc2ccccc2c1)n1nnc2ccccc2c1=O,-1.970301628112793
guided,CCC(=O)NC(=S)Nc1cc(OC)c([N+](=O)[O-])cc1OC,-1.931758999824524
guided,O=C(C1CC1)N1CCN(S(=O)(=O)N2CCC[C@@H](CO)C2)CC1,-1.9781709909439087
guided,NC(=O)c1cc(-c2ccccc2)nn1Cc1ccccc1,-1.931758999824524
guided,Cc1ccccc1CN1CCN(Cc2cc3ccccc3o2)C[C@@H]1CCO,-2.5798470973968506
guided,CC[C]([N]N[C]([O])[C]1[CH][CH][C](CN2[CH][C](Br)[C](N([O-])[O-])[N]2)O1)[C+]1[CH][CH][C](Br)[CH][CH]1,-1.7496302127838135
guided,COc1ccc(O)c(C(=O)c2c(N3C[C@@H](C)O[C@@H](C)C3)c3cc(Cl)ccc3n(C)c2=O)c1,-2.749457359313965
guided,CCCCS(=O)(=O)CCCN1CCCCC1,-2.7269186973571777
guided,COc1ccc(-n2ncc([C@@H](C)NS(=O)(=O)c3ccc(F)cc3)c2C)cc1,-2.1825454235076904
guided,NCCNc1nc2ccccc2n1Cc1ccc(F)cc1,-1.6481837034225464
guided,Cl[c-]1[cH+][c-](Cl)[cH+][c-]([N-][CH+]N[C][CH+][CH-][CH+][C][N-][C+]2[CH+][CH-][CH+][C][N-]2)[cH+]1,-1.738948941230774
guided,[O][N+]([O-])[C-]1SC2([C-][C]1[N-]CC[C+]1[CH][CH-][CH][S+]1)[C]1[N][NH+]12,-1.548350214958191
guided,CCOc1ccccc1OCC(N)=O,-2.59383225440979
guided,O=S(=O)(c1cccc2nonc12)N1CCCCC1,-1.7780040502548218
guided,[OH-],-3.044522523880005
guided,O=[C+](NN[C][O-])Nc1cccc(F)c1,-1.5274808406829834
guided,CCCn1nc(C(=O)OCC(=O)n2c(C=O)cc3ccc(Cl)cc32)c2ccccc2c1=O,-2.3521556854248047
guided,COc1cccc([C@@H]2CCCC[C@H]2C(=O)Nc2ccc(SC(F)F)cc2)c1,-3.248896837234497
guided,CC(=O)Nc1cc(C)c([N+](=O)[O-])cc1Br,-1.9935381412506104
guided,CN1[C](CO[C]2[CH][CH][C](N([O-])[O-])[CH][CH]2)[N][N][C]1SC[C+]([O])N[C]1[CH][CH][CH][CH][C]1C(F)(F)F,-1.8479089736938477
guided,O=C(O)CCCC(=O)NCCCCCC(=O)c1ccc2c(c1)OCO2,-3.172083616256714
guided,[NH2-],0.0
guided,CCCc1c(C(=O)N/N=C/c2cc([N+](=O)[O-])ccc2O)nnn1-c1nonc1N,-1.166253685951233
guided,CC1=[S+]C(NC(=O)CN2CCCCC2)=NC1=c1ccc(=C([O-])O)cc1,-2.1057322025299072
guided,Cn1nc(C(=O)N/N=[C-]/C2CCCCC2)c2ccccc2c1=O.[H+],-1.738948941230774
guided,O=C(COc1cccc(Cl)c1)NCCCCCCCCCCCCCCCP(=O)(O)O,-3.3868086338043213
guided,CCOC(=O)CNC(=O)[C@@H](NC(=O)c1ccccc1F)c1ccccc1,-2.54217791557312
guided,Nn1c(SCC(=O)Nc2ccccc2[N+](=O)[O-])nncc1=O,-1.2932543754577637
guided,C[C@H](OC(=O)c1cccs1)C(=O)NCc1ccc2c(c1)OCO2,-3.0888755321502686
guided,O=C(O)c1cc(-n2nnnc2SCc2ccc3c(c2)OCO3)ccc1Cl,-1.8613009452819824
guided,COC(=O)c1ccc(C(=O)NNC(=O)Nc2ccc([N+](=O)[O-])cc2)cc1,-1.8613009452819824
guided,NNC(=O)C/[S+]=c1\nc2[nH]ncc2c([O-])[nH]1,-0.9756505489349365
guided,O=C(Nc1ccccc1)S(=O)(=O)N1CCNCC1,-1.7780040502548218
guided,S=C(NCCn1c(=S)[nH]c2ccccc21)Nc1ccccc1,-1.6945956945419312
guided,NS(=O)(=O)c1cccc(NC(=S)Nc2ccccc2Cl)c1,-1.931758999824524
guided,Cc1nc2c(C(=O)c3ccccc3)cccc2c(=O)n1[C@@H](Cl)CCO,-2.5030341148376465
guided,CCN1C(=O)CS/C1=N\c1nccs1,-1.5274808406829834
guided,Brc1cccc(OCCOCCN2CCOCC2)c1,-2.8982770442962646
guided,O=C(COc1ccc(Cl)cc1)N/N=C/[C@@H](O)CO[C@@H](CO)c1ccc(Cl)cc1,-2.6161489486694336
guided,[CH2-][c+]1[cH-][cH+][c-](N(C)[C+]([S-])NC)[cH+][c-]1C,-1.924782633781433
guided,NC(=O)c1nn(-c2ccccc2)nc1NC(=O)CN1CCOCC1,-1.3800767660140991
guided,[CH2-]CN(CC[S+]([O-])[O-])[c+]1[cH-][c+](CC[C+]2[CH-][CH+][C][CH+]C2)[n-][c+]2[n-][cH+][n-]n12.[H+],-1.6014856100082397
guided,COc1ccccc1NC(=O)c1nn(-c2ccc(C(=O)O)cc2)c(=O)c2ccccc12,-2.3204572200775146
guided,COCC/N=c1\scc(-c2cccs2)n1/N=C/c1cccc(O)c1,-2.064993381500244
guided,O=C(NCCCN1CCOCC1)C(=O)NCc1cccs1,-1.931758999824524
guided,O=C1CCCN1CCCNS(=O)(=O)c1ccc(Cl)cc1,-2.2803893089294434
guided,Nn1c(SCC(=O)Nc2ncc(C(F)(F)F)cc2Cl)nnc1C1CC1,-1.4208155870437622
guided,CCOc1cc([C@@H]2NC(=O)NC(C)=C2C(=O)OCC(C)C)cc(C(=O)OC)c1O,-2.6511785984039307
guided,O=C1NC2=[C+]([C]/C1=C(/[O-])O)CCCC2,-2.59383225440979
guided,[H]/N=C(\C#[N+][O-])CCCO,-1.4849249124526978
guided,CN(C)CCCN[C@H](NC(=O)c1ccc(Cl)cc1)C(Cl)(Cl)Cl,-1.9781709909439087
guided,FC(F)(F)c1ccc(NCCNC(=S)Nc2ccc3c(c2)OCO3)nc1,-1.8613009452819824
guided,Cn1c(=O)c2c(ncn2/C=c2\nc3cccc4cccc(\c2=[NH+]\C(=O)C2CC2)[c-]43)n(C)c1=O,-1.6979632377624512
guided,COc1ccc(CCN/N=C\c2ccc(F)cc2)cc1OC,-2.3754727840423584
guided,O=C/[C-]=c1\[o+]c(-c2cccnc2)[nH]\c1=[C-]\C#CNC(=S)NC(=O)/C=C/c1ccc(OC(F)F)cc1.[H+],-2.1580586433410645
guided,COCCn1c(N2CCN(C)CC2)nc2[s+]c3c(c-2c1[O-])CC(C)(C)OC3,-1.898970127105713
guided,COc1ccccc1CNCc1ccc([N+](=O)[O-])s1,-2.229227304458618
guided,COc1cc(-c2cc(C(=O)OC(C)C)c3cccc(C)c3n2)ccc1OCC#N,-2.6511785984039307
guided,[H+].[NH2+]=[C-][C@H]1[C@]23N4C(NC(=O)c5ccccc5Cl)=C5C=C(O)[CH-]C(=O)[C@]52[C@]143,-2.1057322025299072
guided,O=C(O)c1cc(NC(=O)c2ccco2)cc(NC(=O)[C@H]2CCCO2)c1,-2.5030341148376465
guided,O=S(=O)(Nc1ccccc1Cl)c1cccc(-c2cscn2)c1,-2.3754727840423584
guided,O=C1NCCN1CCNS(=O)(=O)c1ccc(Cl)c([N+](=O)[O-])c1,-1.6945956945419312
guided,COc1ccccc1N1CCN(c2cc(N3CCCCC3)ccc2[N+](=O)[O-])CC1,-1.970301628112793
guided,NNC(=O)c1ccc(N2CCCCC2)cc1,-1.660567283630371
guided,CC(C)CC/[C-]=C(/[O-])O[C@@H](C)C(=O)Nc1ccc([S@+3](N)(=O)[O-])cc1,-2.4622952938079834
guided,Fc1ccc(-c2nnc(CN3CCN(c4ccccc4)CC3)o2)cc1F,-1.8613009452819824
guided,Cc1cccc(N[P@@](C)(=O)Oc2ccccc2)c1C,-2.8982770442962646
guided,CCOC(=O)C1(CCOc2ccccc2)CCN(Cc2ccon2)CC1,-2.54217791557312
guided,CC(=O)Nc1cc(Cl)ccc1Oc1ccc2c(c1)n(C)c(=O)c(=O)n2C,-2.14487624168396
guided,[OH-],-3.044522523880005
guided,CCOc1ccc(NC(=O)C2CC2)cc1OCC,-2.844355583190918
guided,[CH2-]N1CCC([c+]2[cH-][cH+][cH-][cH+][c-]2C(F)(F)F)CN[C+]1[O-],-2.229227304458618
guided,[CH2-][c+]1[cH-][cH+][cH-][cH+][c-]1OC[C+]([O-])N[N-][CH+][c+]1[cH+][n-][cH-][cH+][cH-]1,-1.8830875158309937
guided,NS(=O)(=O)c1ccc(-c2cc3ccccc3o2)cc1,-2.8982770442962646
guided,O=C(N/N=C/c1cccs1)c1ccccc1O,-2.1183104515075684
guided,COc1ccc(N(CC(=O)Nc2cccc3ccccc23)S(=O)(=O)c2ccccc2)cc1,-2.749457359313965
guided,CN(C)[c-]1[cH+][c-](-[c+]2[cH-][cH+][cH-][cH+][cH-]2)[n-][c+](-[c+]2[cH-][cH+][cH-][c+]3[nH][cH-][cH+][c-]23)[c+]1[C][C][CH+]NN[c+]1[cH-][cH+][c-](N2CCOCC2)[cH+][cH-]1,-1.914732575416565
guided,[CH2-]C1CN(C[c+]2[cH-][cH+][cH-][cH+][n-]2)CC[C+]1[O-],-1.9935381412506104
guided,BrC(=C\c1ccccc1)/C=N/Nc1nc2ccccc2[nH]1,-1.6481837034225464
guided,O=C1N[C@@](NS(=O)(=O)c2ccc(Cl)cc2)(C(F)(F)F)C(=O)N1c1ccccc1,-2.2188470363616943
guided,C/C(=N\NC(=S)N1CCCC1)c1cccc([N+](=O)[O-])c1,-1.5995122194290161
guided,c1ccc(N2CCN(Cc3ccc4c(c3)OCO4)CC2)nc1,-1.9781709909439087
guided,O=C(NC(=S)Nc1cc(CCCc2cc[c-]cc2)ccn1)c1ccc(Cl)cc1.[H+],-2.2188470363616943
guided,CN(CC(C[C+]([O-])O)N(CC([CH+][c+]1[cH-][cH+][cH-][cH+][cH-]1)N(CC[c+]1[cH+][cH+][cH+]s1)[N-][O-])[N-][O-])[N-][O-],-1.6672389507293701
guided,COc1cccc(N(C(=O)[C@@H]2CCSC(=O)C2)[C@@H](C(=O)NC(C)(C)C)c2ccncc2)c1,-2.3521556854248047
guided,NC(=O)C[C@H](N)C(=O)O,-1.4849249124526978
guided,CN(CCC(=O)Nc1nnc(C2CC2)s1)S(=O)(=O)c1ccc2c(c1)OCCCO2,-1.970301628112793
guided,CCOC(=O)[C@@H](C)n1cnc2[s+]c3c(c-2c1[O-])CCCC3,-2.3290607929229736
guided,CCNS(=O)(=O)c1ccc(CCC(=O)NCc2ccc(Cl)cc2)cc1,-2.5030341148376465
guided,O=C(N/N=C/c1ccccc1C(=O)O)c1cccc(Br)c1,-2.3290607929229736
guided,NS(=O)(=O)c1ccc(NC(=S)Nc2ncccn2)cc1,-1.3788409233093262
guided,COCCNC(=O)CN1CCN(c2ccc(O)cc2)CC1,-1.931758999824524
guided,C[C@@H](/N=C(\NS(=O)(=O)c1ccc(F)cc1)c1ccccc1)c1ccccc1,-2.5798470973968506
guided,[O-][C]NN1CCOCC1,-1.4849249124526978
guided,F/[C-]=C(/C=[NH+]/c1ccccc1)C(=C/[c-]1ccc[s+]1)\OC(F)(F)F,-3.0888755321502686
guided,CCN(CC)CCCNC(=O)Cn1nc(-c2ccc(OC)cc2)ccc1=O,-1.898970127105713
guided,CCn1nnc(-c2ccc(-n3cnnn3)cc2)n1,-0.8074735999107361
guided,O=C(CCSc1ccc(F)cc1)N1CCN(c2ccccc2F)CC1,-2.5030341148376465
guided,CCOc1cc2[nH]c(=O)c(C)c(C(=O)OC)c2cc1OCC,-3.044522523880005
guided,[CH2-]CN1C(=O)/C(=C2\N=c3ccccc3=[S+]2)N(C)C1=S,-1.8319255113601685
guided,NC[CH-]O[C+](OCC(O)CO)OC1C(N)CC(N)(OC2OC(CO)C(O)C(N)C2O)C(O)C1O.[H+],-2.12911319732666
guided,O=C(c1ccco1)N1CCN(CCN2C(=O)c3cccc4cccc(c34)C2=O)CC1,-2.2877211570739746
guided,ON=C=[N+]1CCOCC1.[O-]P(N1CCOCC1)N1CCOCC1,-1.738948941230774
guided,O=c1[nH]c(CSc2ccccc2Cl)nc2ccccc12,-2.2803893089294434
guided,CON/C(=N/Cc1ccccc1)[C@]1(O)C(=O)Nc2c(C)cccc21,-2.064993381500244
guided,O=C(Cc1cccc2ccccc12)N/N=C1\C(=O)Nc2ccccc21,-2.1057322025299072
guided,[O-][CH+]CCC[CH+]N[C-]([O-])C(C[c-]1[cH+][cH-][cH+][cH-][cH+]1)N(CC[c-]1[cH+][cH-][cH+][cH-][cH+]1)[S+2]([O-])([O-])[c+]1[cH-][cH+][c-]([C+]([O-])O)[cH+][cH-]1,-2.9210612773895264
guided,[O-][S@@+](Cc1ccc(O)cc1)Cc1sc(Nc2ccccc2F)nc1-c1cccc(F)c1,-2.717759132385254
guided,CC[S+2]#C/N=N/C(C)(C)/C=C1\NC([O-])=C2C=CC=C[C-]21,-1.8830875158309937
guided,[NH2-],0.0
guided,CCN(CC)[C]1[CH][CH][C]([N][N][C]2[C](N([O-])[O-])[C](C)[N]N2C)[CH+][CH]1,-1.337607502937317
guided,C/C(=N\NS(=O)(=O)C(C)C)c1cccs1,-1.9935381412506104
guided,N#CSCc1ccncc1,-1.5897328853607178
guided,[N-2][C+]([O])[C-]1[C](N[C]([O])[C]2[CH][CH][CH][N][CH]2)[S+][C]2CCC[C]21,-1.8830875158309937
guided,NS(=O)(=O)c1ccc(NCc2c(Cl)cccc2Sc2ccc(Cl)cc2)cc1Cl,-2.6161489486694336
guided,COc1ccc(N2CCN(Cc3nc(N)nc(Nc4ccc(C)cc4)n3)CC2)cc1,-1.4498350620269775
guided,Cc1ccc(CCN(C)C(=O)Cn2ccnc2)cc1,-1.8319255113601685
guided,COc1cc(S(N)(=O)=O)ccc1NC(=O)Nc1ccccc1SC,-2.064993381500244
guided,C[C@@H](/C=N/N=C1/Nc2ccccc2[C@H]1O)Sc1nc2ccccc2o1,-1.8221569061279297
guided,NS(=O)(=O)c1ccc(NCc2cc(Cl)ccc2OCc2ccccc2)cc1,-2.5798470973968506
guided,[CH2-]CNC(C)(N[C+]([O-])[c+]1[cH-][cH+][c-]2[cH+][cH-][cH+][cH-][c+]2[cH-]1)[C+]([O-])O,-2.3290607929229736
guided,O=C1c2ccncc2C(=O)N1Cc1ccc([N+](=O)[O-])cc1,-1.931758999824524
guided,NNC(=O)/C(=C/c1cccs1)NC(=O)c1ccccc1,-1.8830875158309937
guided,C=CCOc1cc(NC(C)C)c(Cl)cc1OC,-2.7873599529266357
guided,[CH2][N+](CCC)[C](O)[C-][C](N)[C]1[CH][CH][C]([O+]C)[CH][C]1OC.[CH3-].[CH][C]([O])[C]1[CH][CH][CH][CH][CH]1.[H+],-2.6850228309631348
guided,COc1ccc(N2CCN(C(=O)C3CCN(S(=O)(=O)c4cccs4)CC3)CC2)cc1,-2.2877211570739746
guided,O=C1C[C@@H](c2ccco2)CC(O)=C1[C@H]1NCCNC1=O,-2.2803893089294434
guided,O=S(=O)(CCOc1ccc(Cl)cc1)c1nc2ccccc2[nH]1,-2.3754727840423584
guided,[H+].[H]/[C-]=C/C=[NH+]/c1ccccc1OC[C@H](O)CNCc1cc(O[CH2-])cc(OC)c1,-2.5798470973968506
guided,Cc1cc(NC(=O)CN2CCN(C3CCCCC3)CC2)nc2c1c(=O)oc1ccccc12,-2.068580389022827
guided,CC[C@@H](C)NC(=O)CN(C)[C@H](CC)C(=O)NCc1ccccc1,-2.022524118423462
guided,Cc1ccccc1CCC(=O)OCC(=O)c1c(N)n(C)c(=O)n(C)c1=O,-2.14487624168396
guided,CO[c-]1[cH+][c-]2[c+]([n-][c+]([O-])[c-]2[O-])[c-](OC)[c+]1O,-2.7269186973571777
guided,CCn1c(=O)cc(SCC(=O)NC2CCN(Cc3ccc(F)cc3)CC2)c2ccccc21,-2.3521556854248047
guided,O=C(O)CC[C@@H](/C=N/NC(=O)c1ccc(F)cc1)C(=O)Nc1ccc(Cl)c(Cl)c1,-2.2538769245147705
guided,S=C(Nc1cccc(Br)c1)Nc1cc(Cl)ccc1N1CCOC1,-2.022524118423462
guided,Fc1ccc(Br)cc1-c1nc2ccccc2o1,-2.7873599529266357
guided,Cc1ccccc1CSCCNC(=O)CN(c1ccccc1)S(C)(=O)=O,-2.54217791557312
guided,COc1cc(Cl)ccc1OC1CCN(C(=O)c2csnn2)CC1,-2.022524118423462
guided,CC/[S+]=C1\C=CC=C\C1=C(/[O-])NCCCn1ccnc1,-1.8830875158309937
guided,O=C1[C@@H]2[C@H]3CC[C@H](C3)[C@@H]2C(=O)N1CCC/N=C1\NS(=O)(=O)c2ccccc21,-2.1825454235076904
guided,NNC(=O)CCC/N=C1\NS(=O)(=O)c2ccccc21,-1.548350214958191
guided,COCc1cc(CN2CCN(CO)C2)ccc1OC,-2.229227304458618
guided,CN(C)S(=O)(=O)c1cccc(NC(=O)c2ccc(=O)[nH]n2)c1,-1.6945956945419312
guided,NS(=O)(=O)c1cc(C(=O)Nc2ccc(OCc3ccccc3)cc2)ccc1Cl,-2.6161489486694336
guided,[N-2][C][C+]1[CH+][C+]([C][C][C+]2[CH+][CH+][C-](Cl)[CH+][CH-]2)[C][N-][C+]1SC[C+]([O-])NCC1CCCO1,-2.2188470363616943
guided,[O][C](NN[C]1[CH][CH][CH][C](N([O-])[O-])[CH]1)[C+]1[CH][N][CH][C](Br)[CH]1,-1.5995122194290161
guided,NS(=O)(=O)c1ccc(NC2CCCCC2)cc1,-2.1183104515075684
guided,O=C(c1cc2cc(Br)ccc2o1)N1CCCC1,-2.7873599529266357
guided,O=C(c1ccc2ccccc2c1)N1CCN(c2ccccn2)CC1,-2.064993381500244
guided,O=C(NN[C@@H]1CC(=O)N(c2ccc(F)cc2)C1=O)[C@H]1CCC(=O)N(CCc2ccccc2)C1,-2.099304676055908
guided,COc1ccc(C(=O)COC(=O)COc2cc(C)cc(C)c2)cc1,-6.175867080688477
guided,CCSc1nc2ccccc2n1CC(=O)NC1CCCCC1,-1.9781709909439087
guided,O=C(NC[C@@H]1CCCO1)c1ccccc1-c1nc(-c2ccc(F)cc2)no1,-2.1825454235076904
guided,O=C(c1ccccc1F)N1N=C(c2ccc(F)cc2)C[C@@H]1c1ccco1,-2.54217791557312
guided,CS[C-]1[N-][N-][C]N1[N-][CH+]C1CCCCC1,-1.312661051750183
guided,[OH-],-3.044522523880005
guided,COc1ccc(N[C@@H]2CCCN(C(=O)CCN3CCCCC3)C2)cc1,-2.1057322025299072
guided,CN(C(=O)COC(=O)c1ccc2ccccc2c1)c1ccccc1,-3.131344795227051
guided,[O-][C+](N[C-](CO)N[C+]([O-])C1CC1)[c+]1[cH-][c+](Br)[cH-][cH+][c-]1O,-2.2803893089294434
guided,[O-][C+](N[c+]1[cH-][cH+][c-](F)[cH+][cH-]1)C(N[c+]1[cH-][cH+][cH-][cH+][n-]1)(N[S+]([O-])[O-])C(F)(F)F,-1.8613009452819824
guided,[OH-],-3.044522523880005
guided,Cl[C-]1[CH+][CH-][C][C+](O[c-]2[n-][nH][n-]n2[C][CH+][C+]2[CH+][CH+][CH-]N2C[c+]2[cH-][cH+][c-](Cl)[cH+][cH-]2)[CH+]1,-1.7146004438400269
guided,O=c1[nH]c(-c2ccccc2)nc2c1cnn2/[C-]=C/C=C/CCO.[H+],-1.738948941230774
guided,COc1ccc(CCC(=O)Nc2ccc(Cl)c(S(=O)(=O)Nc3ccc(Cl)cc3)c2)cc1OC,-2.780181884765625
guided,[OH-],-3.044522523880005
guided,COc1ccccc1N1CCN(c2ccc(C)cc2)CC1,-2.3290607929229736
guided,Fc1cccc(F)c1CNc1ncnc2nc[nH]c12,-1.3276787996292114
guided,CCN(CC)CC[C@@H](C)NC(=S)Nc1ccccc1,-1.8319255113601685
guided,COC(=O)c1sc(C(F)(F)F)c2c1CCCC2,-5.831882476806641
guided,[CH][N-][c+]1[n-][cH+][cH+][c-]([O-])[nH]1,-1.087623119354248
guided,[CH2+]C[C@H](C[CH-]CN1CCN(C(=O)c2cccc(Cl)c2)CC1)c1ccccc1,-2.5798470973968506
guided,COc1cccc(C(=O)Nc2cc(C)on2)c1,-2.1183104515075684
guided,[H+].[O-][C+](O)C[c-]1[cH+][cH-][c+](OCCC[N-][C+]([O-])[C+]([O-])[C][CH+][c+]2[cH-][cH+][c-]3[c+]([cH-]2)OCO3)[cH-][cH+]1,-3.3540725708007812
guided,CO[C-]1[C][C+](O[C-](C)[O-])[C+]([CH+][CH+][S+2]([O-])([O-])[c-]2[cH+][cH-][c+](Cl)[cH-][cH+]2)[C-](N([O-])[O-])[CH+]1,-3.248896837234497
guided,CC[S+2]#C/N=C1/[S+]=C2CN(C(=O)C3CC3)CC[C-]2/C1=[C-]\Nc1[c-]cccc1,-2.1825454235076904
guided,NC(=O)C1(N2CCCCC2)CCN(C(=S)NC2CCCC2)CC1,-1.738948941230774
guided,[O-][c+]1[n-]n2[cH+][n-][n-][c+]2[cH+][c-]1C[c+]1[cH-][cH+][cH-][cH+][c-]1Cl,-1.4944287538528442
guided,CC(C)c1c(C(=O)N/N=C/c2ccccc2Cl)nnn1-c1nonc1N,-1.1743457317352295
guided,O=C(N/N=C/C1=C(N2CCOCC2)/C(=C/c2cccs2)CC1)c1cc2ccccc2oc1=O,-2.3828799724578857
guided,S=C(Nc1ccccc1Cl)N1CCN(Cc2ccc(Br)cc2)CC1,-2.064993381500244
guided,COc1ccc(/C=C/C(=O)c2c(O)n(CCc3ccc(OC)c(OC)c3)c(=O)[nH]c2=O)cc1,-2.780181884765625
guided,Clc1cccc(Cc2ccc(Cl)nn2)c1,-1.9935381412506104
guided,O=C(c1ccc(Br)o1)N1CCN(c2ccc(F)cc2F)CC1,-2.3754727840423584
guided,O=C1CCCN(S(=O)(=O)c2ccc(F)c(F)c2F)C1=O,-2.94943904876709
guided,NNC(=S)Nc1ccc(Oc2ccc(Cl)cc2)cc1,-1.8319255113601685
guided,COc1cc(C(=O)NN2C(=O)/C(=C/c3ccccc3OC)SC2=S)ccc1O,-2.6161489486694336
guided,N#Cc1cccnc1Sc1ccc(Cl)cc1,-2.0578689575195312
guided,O=C(c1ccc2c(c1)CCC2)N1CCC(Cc2ccccc2)CC1,-3.131344795227051
guided,Cn1c(=O)c2cc(S(=O)(=O)NCCC(=O)O)ccc2n(C)c1=O,-2.022524118423462
guided,C=[O+]c1ccccc1.[O-]P(NCc1ccc(Cl)cc1)c1ccccc1,-3.172083616256714
guided,N[P@](=O)(Oc1ccccc1)Oc1ccc(Cl)c2cccnc12,-2.3754727840423584
guided,CC/[O+]=P/[C@@H](CN(C)C)C(C)=O.C[C-](C)C,-2.7269186973571777
guided,Cc1cc(O[C@@H](C)C(=O)Nc2nc3ccccc3n2C)c2c(C)cc(=O)oc2c1,-2.2538769245147705
guided,[O-]c1ccn/c(=[S+]\CCOc2cccc(Cl)c2)[nH]1,-2.1753058433532715
guided,COc1ccc(CSc2nc3ccccc3n2CC(=O)NC2CCCCC2)cc1,-2.2538769245147705
guided,NNC(=O)/C(=C\c1cccs1)NC(=O)c1ccccc1,-1.8830875158309937
guided,COc1ccccc1Oc1ncnc2c1cnn2C,-1.548350214958191
guided,CO[C]1[CH][CH][C]([NH+][C]([O])CC[C]2[N][N][C]3[CH][CH][C](N4CCC(C)CC4)[N]N32)[C][N]1,-1.4159908294677734
guided,CCOC(=O)c1c(-c2ccccc2)oc2ccc(O)cc12,-6.042633056640625
guided,CC(C)[C@@H]1S/C(=N\N=C\N(C)C)NC1=O,-1.312661051750183
guided,Cc1nc(N)nc(NCc2ccc(F)cc2)n1,-1.2167619466781616
guided,CNC(=C\C(=O)c1cc(Cl)ccc1O)/C=C/c1ccccc1,-3.044522523880005
guided,O=[N+]([O-])c1ccc(N2CCN(c3ccccc3)CC2)nc1,-1.6481837034225464
guided,Cn1c(N)c(C(=O)C/[S+]=c2\nc3ccccc3c([O-])[nH]2)c(=O)n(C)c1=O,-1.640629529953003
guided,CCCCOc1nncc2ccccc12,-1.9935381412506104
guided,O=C(/C=C/c1cccc([N+](=O)[O-])c1)OCC(=O)c1ccc(Cl)cc1,-3.131344795227051
guided,Cc1nc(N[C@@H]2CCCc3ccccc32)ccc1S(=O)(=O)N(C)C,-2.064993381500244
guided,CN/N=C/C(=O)n1nc(C)cc1/C=C(/C#CC(C)C)Oc1ccccc1,-1.8613009452819824
guided,N/C(=N\Cc1ccc(F)cc1)Nc1n[nH]c(N)n1,-0.9401180744171143
guided,CO[c+]1[cH-][c+](CCN[C-]([O-])[C+]2[CH+][C-](C)[C+](C)N2[O-])[cH-][cH+][c-]1OC,-2.419826030731201
guided,Nn1c(SCC(=O)N2CCOCC2)nnc1-c1ccccc1Cl,-1.5182775259017944
guided,N/C(=N\NC(=O)c1ccccc1Cl)c1cc2ccccc2oc1=O,-2.064993381500244
guided,O=C(c1ccco1)N(Cc1cccs1)[C@H]1CCS(=O)(=O)C1,-2.998110294342041
guided,COc1ccc(C)cc1NC(C)=C1C(=O)CC(c2ccccc2)CC1=O,-3.2112276554107666
guided,C=P(=Nc1ccc(C)c(C)c1)c1cc(Br)cn1C,-2.1753058433532715
guided,COc1ccc2c(OCC(=O)O)c(Cl)c(Cl)nc2c1,-2.8982770442962646
guided,COc1ccc(C(=O)NCCCN2CCCC2=O)c(OC)c1,-2.3754727840423584
guided,[O-][S+]([O-])C[c+]1[n-]o[n-][c+]1-[c+]1[cH-][cH+][cH-][cH+][n-]1,-1.5962363481521606
guided,COc1cc(CC(=O)N2CCN(C(=O)[C@H]3COc4ccccc4O3)CC2)cc(OC)c1OC,-2.780181884765625
guided,[NH-][P+]([O-])(O[c-]1[cH+][cH-][cH+][cH-][cH+]1)O[c-]1[cH+][cH-][cH+][cH-][cH+]1,-2.7873599529266357
guided,CC[C@@H]1CCCCN1C(=S)Nc1ccc(C)c(S(=O)(=O)N2CCCCCC2)c1,-2.2188470363616943
guided,CN(CC(=O)Nc1oc(-c2ccco2)c(-c2ccccc2)c1C#N)Cc1nc2ccccc2[nH]1,-1.9084417819976807
guided,C[C@H]1C=CC=C/C1=N\NC(=O)C(=O)Nc1ccc(F)cc1,-1.931758999824524
guided,CO[c+]1[cH-][c+](C[C-]2[N-]O[C+](CN3CCC([c+]4[cH+][cH-][nH][cH+][cH-]4)CC3)[N-]2)[cH-][cH+][c-]1OC,-1.970301628112793
guided,S=C(c1nc2ccccc2s1)N1CCN(C2CCCC2)CC1,-1.9781709909439087
guided,O=[C+](Nc1ccccc1F)C1(N[C][O-])CCCCC1,-2.229227304458618
guided,O=C(CS(=O)(=O)Cc1ccccc1)Nc1ncn[nH]1,-1.548350214958191
guided,CN(CCOCc1ccccc1)Cc1ccccc1,-2.8982770442962646
guided,COc1ccc(/N=C2\CS(=O)(=O)CCN2CCCOC(C)C)cc1Cl,-2.5030341148376465
guided,[CH]OC1=C=[C-]/[C+](=N/C(=O)COC(=O)[C-]2C[C@H](O)CN2S(=O)(=O)c2ccccc2F)C=C1.[H+],-2.717759132385254
guided,NNC(=O)CCCn1cnc2c(N)nc(NCCc3ccccc3)nc21,-1.1743457317352295
guided,NNC(=O)[C@@H](c1ccncc1)N1CCOCC1,-1.4374333620071411
guided,COCc1cc(C)nc(N2CCOCC2)c1C#N,-1.7780040502548218
guided,COC[C@H]1CCC[C@@H]1OS(N)(=O)=O,-2.519998073577881
guided,CO/N=C/Cn1c(C2CCN(C)CC2)nc2ccccc21,-1.6481837034225464
guided,CC(C)CCN(CC(=O)NC(C)C)C(=O)c1ccc2c3c(cccc13)CC2,-2.5798470973968506
guided,NC(=O)N[C@]12C[C@H]3C[C@H](C[C@H](C3)C1)C2,-1.924782633781433
guided,CN(C[c+]1[cH-][cH+][cH-][cH+][cH-]1)C[C-](C[c+]1[cH+][n-][cH-][cH+][cH-]1)C(O)[c+]1[cH-][cH+][cH-][c+]2[cH-][cH+][cH-][cH+][c-]12,-2.6850228309631348
guided,CCC(=O)N1CCC(Oc2ccc(F)c(CCC(=O)Nc3nccs3)c2)CC1,-2.2188470363616943
guided,CCNC(=O)Nc1cc(C)c(Cl)cc1OC,-2.0578689575195312
guided,[CH2][C]([C-][C+](NC[C]1[CH][CH][CH][CH][CH]1)[N+]1[CH][N][CH][N+]1)S([O-])([O-])[C][CH][CH][C](Cl)[S]1O[SH]1[O-],-1.970301628112793
guided,[CH2-]CCN[S+2]([O-])([O-])[c+]1[cH-][cH+][c-](OC[C+]([O-])N2CCN(C[c+]3[cH-][cH+][c-](N([O-])[O-])[cH+][cH-]3)CC2)[cH+][cH-]1,-2.099304676055908
guided,S=C(Nc1cccnc1)N(CCSc1ccccc1Cl)Cc1ccco1,-2.14487624168396
guided,COCCCNC(=S)NNC(=O)/C=C/c1cccc2ccccc12,-2.064993381500244
guided,OCCNC(=S)Nc1ccc(F)cc1,-1.924782633781433
guided,CC1=NC(NC(=O)c2c(-c3ccccc3)noc2C)=[S+]/C1=C(/[O-])N(C)C,-1.8613009452819824
guided,CCCCN(C)c1cc(C)nc2ccccc12,-2.1183104515075684
guided,NC(=O)c1ccccc1N1CCCCC1,-1.9935381412506104
guided,COCCNC(=S)N1CCN(c2cccc(C)c2C)CC1,-1.931758999824524
guided,CO/N=C/c1cn[nH]c1-c1cc2ccc(O)cc2o1,-1.8319255113601685
guided,O=C(c1ccc(C(F)(F)F)cc1)c1c[nH]c(C(=O)N2CCN(c3nc(C(F)(F)F)c(-c4ccccc4)s3)CC2)c1,-2.291411876678467
guided,[C-3]C(C[C+]([O-])NC[C+]1[CH+][CH+][CH-][N-][CH+]1)S[c+]1[n-][n-][c+](C(O)[c+]2[cH-][cH+][cH-][cH+][cH-]2)n1-[c+]1[cH-][cH+][cH-][cH+][cH-]1,-1.8786333799362183
guided,COCCn1c(CCCn2c(=O)[nH]c3ccccc3c2=O)nc2ccccc21,-1.9352717399597168
guided,C/[S+]=C1\C=CC=C\C1=C(/[O-])OCC(=O)Nc1ccc(N2CCOCC2)cc1,-2.5798470973968506
guided,COc1cc(/C=C2/C(=O)N(C)C(=S)N2C)ccc1OC(=O)c1ccco1,-2.54217791557312
guided,CCCN(CC(=O)NCc1ccccc1)S(=O)(=O)c1cccc2cccnc12,-2.2188470363616943
guided,Cl/[C-]=C/c1[nH]c2ccccc2c2nc(-c3ccccn3)n[n+]1-2,-1.4739243984222412
guided,[O-]N([O-])[c-]1[cH+][cH-][c+](O[CH-]C(F)(F)F)[n-][cH+]1,-1.9935381412506104
guided,CCOc1cccc([C@H]2NC(=O)c3ccccc3O2)c1,-2.94943904876709
guided,Fc1ccc(CN2CCCCCC2)cc1Cl,-2.7269186973571777
guided,NCC[C@H](N)CC(=O)Nc1ccc(OC(F)(F)F)cc1,-1.8830875158309937
guided,CNCCN(C)Cc1c(-c2csc(CCCc3cccc4ccccc34)c2)n[nH]c1C,-2.036881923675537
guided,CCOC(=O)CN1C(=O)C[C@H](c2ccccc2)C1=O,-2.8982770442962646
guided,Fc1ccc2nc(Nc3nc(F)cc(NCc4ccco4)n3)[nH]c2c1,-1.4208155870437622
guided,N/[NH+]=C(\[O-])C[S+2]#C/[C-]=C/C=C\C=C=Cc1[c-]cccc1,-2.2803893089294434
guided,[C]1[CH+][CH-]S[CH+]1,-4.6151204109191895
guided,COc1ccccc1-c1nnc(SCc2ccc3cccc(F)c3n2)n1N,-1.6782987117767334
guided,[CH2-]CCCCCC#[N+]NC(=S)Nc1ccccc1,-1.7780040502548218
guided,Cc1ccc(/N=N/c2ccccc2NC(=O)Nc2ccc(C(=O)O)cc2C)cc1,-1.970301628112793
guided,[H]/N=C(\C)N[C@H](Cc1c[nH]c2ccccc12)c1ccco1,-1.8830875158309937
guided,NC(=O)C1(N2CCCCC2)CCN(C(=S)Nc2cccc(Cl)c2)CC1,-1.8221569061279297
guided,Br[c-]1[cH+][cH-][c+](O[C-]2[N-][N-][C+]([CH+][c+]3[cH-][cH+][cH-][cH+][cH-]3)O2)[cH-][cH+]1,-2.2803893089294434
guided,CCC[S+](N[S+2]([O-])([O-])[C-]1[CH-][CH+][CH-][C+]([C+](N)[O-])[CH-]1)[c+]1[cH-][cH+][cH-][cH+][cH-]1,-2.419826030731201
guided,COCCNC(=S)N(CCN(C)C)Cc1cc2cc3c(cc2[nH]c1=O)OCO3,-1.9352717399597168
guided,O=C(NCCOC(=O)c1cc(-c2ccc(F)cc2)nn1-c1ccccc1)c1cccs1,-2.3204572200775146
guided,CC(=O)N1CCC[C@@H](C(=O)NCc2coc3ccccc3c2=O)C1,-2.4622952938079834
guided,C=CCSc1nnc(NC(=O)c2cc3ccccc3o2)s1,-1.931758999824524
guided,Fc1ccccc1NC1=NCCCS1,-1.924782633781433
guided,COc1ccc(C[C@H](C(=O)O)C(=O)Nc2ccccc2)cc1OC,-3.131344795227051
guided,CO[C-]([O-])[CH+][C@H](O)[C@@H](C)[C@H](O)[C+](C)[C-](C)[C@@H](O)C[C+]1[C][CH+][CH-][CH+][CH-]1,-6.175867080688477
guided,CCCCCc1nc2[nH]nc(SCC(=O)NC3CCCCC3)c2c(=O)n1CC#Cc1ccccc1,-1.9373873472213745
guided,[O][C](NC[C]1[CH][CH][C](O[C]2[CH][CH][C](N([O-])[O-])[CH][C]2Cl)[CH][CH]1)[C+]1[CH][CH][CH][N][C]1[N][CH][C]1[CH][CH][CH]O1,-2.12911319732666
guided,COc1cc2c(cc1OC)[C@@H](N1Cc3ccccc3C1=O)CC2=O,-3.131344795227051
guided,[H+].[O-][C+]1SC(CN([O-])[O-])[N-]C2[C+]1n1[c+]3[c+]1n32,-1.312661051750183
guided,N/C=N\N=C(N)\C=C\C=C1/[OH+][OH+]C([O-])=C2C=CC=C[C-]21,-1.5995122194290161
guided,C/C(=N\S(=O)(=O)c1ccc(C(C)(C)C)cc1)Nc1ccc(N2CCOCC2)cc1C,-2.2877211570739746
guided,COc1ccc(CCN2CC(=O)N(c3ccc([N+](=O)[O-])cc3OC)C2=S)cc1OC,-2.2877211570739746
guided,O=C(Nc1ccccc1F)c1ccc(CN([C][O-])S(=O)(=O)N[C+]2=C(Cl)C=C(Cl)C=C2Cl)o1,-2.3521556854248047
guided,F[C-](F)F,-4.394449234008789
guided,CNC(=O)c1cc2ccc[c-]c2n2c(=O)c3ccc(Br)cc3nc12.[H+],-2.064993381500244
guided,NNC(=O)CSc1nnc2sc3ccccc3n12,-1.2737574577331543
guided,[OH-],-3.044522523880005
guided,COCC1CCN(Cc2nc(CC3CC3)no2)CC1,-1.8319255113601685
guided,O=C1C[C@@H](Nc2ccc(N3CCCCC3)cc2)C(=O)N1Cc1cccs1,-2.14487624168396
guided,O=C([C@@H]1COc2ccccc2O1)N1CCN(C(=S)Nc2cccc(F)c2)CC1,-2.2188470363616943
guided,COc1nnnn1C,-0.6869552135467529
guided,[OH-],-3.044522523880005
guided,CCCC[C@H](C(=O)O)[C@H](C)C=C(Cl)Cl,-5.638354778289795
guided,O=C(O)c1cccnc1SCc1cn2ccccc2n1,-1.8830875158309937
guided,[OH-],-3.044522523880005
guided,O=C(O)C[C@H](NCc1ccccc1)C(=O)O,-2.7269186973571777
guided,[N-2][C][C-]1[C+]([N-]CCCN2CCOCC2)[C+](N([O-])[O-])[C][C][C+]1N(CC[C+]1[CH+][CH-][CH+][CH-][CH+]1)C[c-]1[cH+][cH+][n-][cH-][cH+]1,-1.8122100830078125
guided,Nc1cc(=O)[nH]c(Nc2ccc(Cl)c(C(F)(F)F)c2)n1,-1.5995122194290161
guided,COc1cc(-c2cc(-c3cnc4ccccc4n3)c3ccccc3n2)cc(OC)c1OC,-2.3521556854248047
guided,NC(=O)COn1c(-c2cccs2)nc2ccccc21,-1.8319255113601685
guided,COc1ccc(C(C)=O)cc1COc1cccc(/C=N/NC(N)=S)c1,-2.1057322025299072
guided,Cc1ccc2[nH]c(=O)c(CN(C(=O)NC3CCCCC3)c3ccccc3)cc2c1,-2.2538769245147705
guided,CCC(NS([O])([O])[C+]1[CH][CH][CH][CH][CH]1)N([O-])[O-],-2.0578689575195312
guided,[OH-],-3.044522523880005
guided,CCNC(=O)NC(=O)CSc1ccc2cc(C)ccc2n1,-1.931758999824524
guided,O=C(C1=C(O)C(=O)N(CCN2CCOCC2)[C@@H]1c1ccccc1F)c1cc2ccccc2o1,-2.780181884765625
guided,NNCc1ccc(Cl)cc1,-1.5897328853607178
guided,[O-][C+](NCCCN1CCN([c-]2[cH+][cH-][cH+][c-]3[cH+][cH-][cH+][n-][c+]23)CC1)[c-]1[cH+][c-]2[cH+][cH-][cH+][cH-][c+]2[cH-][c+]1[O-],-2.099304676055908
guided,COc1cc2c(cc1OC)CN(C(=S)Nc1ccccc1Cl)CC2,-2.4622952938079834
guided,O=C(NCc1ccco1)c1ccc(NCc2c(Cl)cccc2Cl)cc1,-2.5030341148376465
guided,O=[N+]([O-])C(=C=Cc1ccc(-c2nc3ccccc3s2)o1)C(=S)N1CCCCC1,-2.2188470363616943
guided,O=C(c1ccccn1)c1cc2ccccc2oc1=O,-2.8982770442962646
guided,[O-]SN(C[c+]1[cH-][cH+][cH-]o1)N[C+]([S-])N[c-]1[cH+][cH-][c+](Cl)[cH-][cH+]1,-1.8830875158309937
guided,COc1ncc(C(=O)c2ccc(C)cc2)cc1N,-2.1753058433532715
guided,COC1=CC=C/C(=C/[C@H](O)CNC(=O)c2sccc2C)[CH-]1.[H+],-2.998110294342041
guided,F[C+](F)F.N[S+2]([O-])([O-])[C][CH+][CH-][C+]([S-])[N-][N-][C]N1[N-][C+](C(F)(F)F)[CH+][C+]1[c+]1[cH-][cH+][cH-][cH+][cH-]1,-1.8162105083465576
guided,[H]/N=C1C(=C\c2ccccc2)\N=C(SCc2ccc(OC)c(OC)c2)N\1Cc1ccccc1,-2.3521556854248047
guided,[C-3][C]O[C+]([C][C][N-2])N[C+]1[C+](F)[CH+][CH-][CH+][C-]1[C][N-2],-1.7210086584091187
guided,COCCCN(CC(=O)Nc1ccccc1C(C)C)S(=O)(=O)c1ccc2ccccc2c1,-2.749457359313965
guided,CN(C)S(=O)(=O)c1ccc(C(=O)Nc2ccccc2[N+](=O)[O-])cc1,-2.064993381500244
guided,CN1C(=O)N(C)C(=O)C(CCC#N)(Cc2ccco2)C1=O,-1.931758999824524
guided,O[C@@H](COc1ccccc1CNCCc1ccccc1)CN1CCOCC1,-2.5798470973968506
guided,O=C(/C=C/c1ccc(F)cc1)N[C@@H](Cc1ccc(O)cc1)C(=O)O,-3.131344795227051
guided,O=[N+]([O-])c1ccc(S(=O)(=O)Nc2cccc3ccccc23)s1,-2.3754727840423584
guided,CCC(O[C]1[CH][CH][C](C)[CH][C]1N([O-])[O-])[C+]([O])OC[C]([O])N(CC)C(C)C,-2.54217791557312
guided,[NH-][C+]([N-]CCS[c+]1[cH-][c+](-[c+]2[cH-][cH+][cH-][cH+][cH-]2)[c-]2[cH+][cH-][cH+][cH-][c+]2[n-]1)[C+]([O-])NC[c+]1[cH-][cH+][cH-][cH+][cH-]1,-2.068580389022827
guided,O=C1S[C@H]2CCN(S(=O)(=O)c3ccccc3)[C@@H]1C2,-2.844355583190918
guided,Cl[CH-]Cl.[O-][P+](N1CCCCC1)=[N+]1CCCCC1,-2.1183104515075684
guided,COc1cc(N(C(=O)c2ccc3nc[nH]c3c2)C2CCCCC2)cc(OC)c1OC,-2.2877211570739746
guided,O=C(CCc1ccccc1)N[C@H](NC(=S)Nc1ccc(Cl)cc1)C(Cl)(Cl)Cl,-2.1825454235076904
guided,C[C@H](OC(=O)CN1C(=O)c2ccccc2C1=O)C(=O)Nc1nnc(C2CC2)s1,-1.9352717399597168
guided,CCOc1ccc(N(CC(=O)Nc2ccccc2C(=O)O)S(=O)(=O)c2c(C)nn(C)c2C)cc1,-2.12911319732666
guided,N/C(=N\OCc1ccc2c(c1)OCO2)c1ccccn1,-1.8830875158309937
guided,O=P(c1ccc2ccccc2n1)(N1CCOCC1)N1CCOCC1,-2.064993381500244
guided,CC/C(=N\NC(=O)Cn1nc(C)cc1C)c1c(O)ccc2ccccc12,-1.8613009452819824
guided,[H+].[O-][C+](N[N-][CH+][c-]1[cH+][cH-][c+](O)[cH-][cH+]1)[c-]1[cH+][c+]([O-])[n-][n-]1,-1.4944287538528442
guided,O=S(=O)(/N=C/N=[S@](=O)([O-])NCCN1CCN(c2ccccc2)CC1)c1cccc2nsnc12.[H+],-1.5449939966201782
guided,COc1cc(S(=O)(=O)N2CCOCC2)ccc1N,-2.1753058433532715
guided,COCCn1cc(-c2csc(N)n2)c2ccccc21,-1.8319255113601685
guided,S=C(NCCc1ccncc1)NC1CC1,-1.5962363481521606
guided,O=c1[nH]c2ccccc2nc1CCc1cccc(Br)c1,-2.2803893089294434
guided,Cc1nc2ccc(NC(=O)NC3CC3)cc2o1,-1.7210086584091187
guided,O=C(NNC(=O)c1ccc(Br)o1)c1ccc(NC(=O)c2cccs2)cc1,-2.14487624168396
guided,Cn1nnnc1SCCNCc1cc(=O)n(C)c(=O)n1C,-1.0938729047775269
guided,[O-][N-][N-]CCN[c+]1[n-][n-][c+](-[c+]2[cH-][cH+][cH-][cH+][c-]2Cl)[c+]2[c-]1[CH+][CH-][CH+][CH+]2,-1.5182775259017944
guided,COC(=O)NCc1ccc([C@H]2Nc3ccccc3C(=O)N2c2ccc(C(C)(C)C)cc2)cc1,-2.3828799724578857
guided,NNC(=O)CN[C@@H](c1ccccc1)c1ccccc1NC(=O)c1cccc(Cl)c1,-1.970301628112793
guided,CC(=O)/C(=N\Nc1cc(Cl)ccc1Cl)Sc1ccccc1,-2.3290607929229736
guided,O=C(c1ccc(Cl)c([N+](=O)[O-])c1)c1cc2ccccc2o1,-2.998110294342041
guided,NNc1nc(-c2cccc3ccccc23)nc2ccccc12,-1.6945956945419312
guided,[CH2-]C(C)(C)OC[c+]1[cH-]n(-[c+]2[cH-][cH+]s[c-]2-[c+]2[n-][n-][c-](OC)[c+]3[cH-][cH+][cH-][cH+][c+]23)[c+]2[cH-][cH+][cH-][cH+][c-]12,-2.3521556854248047
guided,CC/C=[C-]/C[CH+]CC[C@H](/C(O)=C/CC/C=C/CC=C(C)C)C(C)C,-6.175867080688477
guided,Cn1c(=O)[nH]c(=O)c2c1nc(N1CCCC1)n2CC(=O)N1CCCCC1,-1.4599595069885254
guided,O=C(CN(c1ccccc1)S(=O)(=O)c1ccccc1[N+](=O)[O-])Nc1ccc2c(c1)OCCO2,-2.3828799724578857
guided,C=CCN1C(=O)C[S+]=c2cc/c(=C(\[O-])NC3CCCCC3)cc21,-2.419826030731201
guided,CN1C(=O)C(=CNC2CCN(Cc3ccccc3)CC2)C(=O)N(C)C1=O,-1.8613009452819824
guided,Clc1ccc(NC2=NCCCCC2)cc1,-1.9935381412506104
guided,Cc1c(Cl)cccc1NC(=S)Nc1cccc(S(=O)(=O)N(C)C)c1,-2.064993381500244
guided,N#Cc1ccccc1/[S+]=C1/C=CC=C/C1=C(\[O-])Nc1ccc(F)cc1F,-2.54217791557312
guided,COc1ccc2c(c1)SCC/C2=C\CN1C(=O)CCC1=O,-2.998110294342041
guided,O=C(O)Cn1c(/C=C/CN(Cc2ccccc2)C(=S)Nc2ccccc2)nc2ccccc21,-2.099304676055908
guided,NS(=O)(=O)c1ccc(NCc2cccnc2)cc1,-1.7780040502548218
guided,[CH-][C]1OC[O+][C]1[CH][C]1[C-][CH][C]([C]([N]O)[C]2[C][N+]([O])N([C]3[CH][CH][CH][CH][CH]3)[N]2)[O+]1,-1.898970127105713
guided,FC(F)(F)c1ccc(/C=N\C(=S)[N-]Cc2ccccc2)cc1.[H+],-2.3754727840423584
guided,CN(C)c1nc(SCc2c(F)cccc2Cl)nc2ccccc12,-2.022524118423462
guided,COc1ccc2[nH]c(=O)c(CN(C(=O)N3CCOCC3)c3ccccc3C)cc2c1,-2.2877211570739746
guided,O=[N+]([O-])c1cc(-c2ccccn2)ccc1NCCNS(=O)(=O)c1ccccc1Cl,-1.970301628112793
guided,CCCC(=O)Nc1ccnc2cc(Cl)ccc12,-2.1183104515075684
guided,NS(=O)(=O)c1cccc(NC(=O)C2(CC(=O)O)CCCCC2)c1,-2.419826030731201
guided,O=C(CNC(=O)c1ccccc1Br)N/N=C\c1ccco1,-1.931758999824524
guided,O=C(O)c1ccc(NC(=O)[C@@H]2CC(=O)N(c3cccc(Cl)c3)C2)cc1,-2.5030341148376465
guided,O=C1C[C@@H]([C+](=O)N2CCN([C][O-])CC2)CN1c1ccc(Cl)cc1,-2.022524118423462
guided,S=C(Nc1ccc(Cl)cc1)N[C@@H]1C[C@H]2CCC[C@@H](C1)N2C1CC1,-2.022524118423462
guided,CC(C)c1ccccc1-n1c(C2CC2)n[nH]c1=S,-1.7780040502548218
guided,S=C1CCCc2cc3c(cc2N1)c1ccccc1n3Cc1ccccc1,-2.54217791557312
guided,COc1ccc(N(C)Cc2ccc3ccccc3c2)cc1OCC#N,-2.5030341148376465
guided,C/C(=N\N1CCN(c2ccccc2)CC1)c1ccncc1,-1.6481837034225464
guided,COCCCNC(=O)Nc1ccccc1C(F)(F)F,-2.229227304458618
guided,COCc1cc(C)nc(SCC(=O)OCc2ccccc2)c1C#N,-2.4622952938079834
guided,CCc1ccc(OC(F)F)cc1N,-2.519998073577881
guided,O=C(c1ccc2ccccc2c1)[C@H]1CCCN(S(=O)(=O)c2cccnc2)C1,-2.5798470973968506
guided,O=C(COc1ccccc1)NNC(=S)Nc1cccc(F)c1,-1.9781709909439087
guided,Nc1nonc1-n1nnc(C(=O)N/N=C/c2ccc3c(c2)OCCO3)c1CNc1ccccc1,-1.3250652551651
guided,O=C(CCN1C(=O)/C(=C\c2ccc(OC(F)F)cc2)SC1=S)N1CCCCCC1,-2.6511785984039307
guided,O=C(C1CCCCC1)N1CCC(c2nc3c(nnn3Cc3ccccc3Cl)c(=O)[nH]2)CC1,-1.6672389507293701
guided,CS([O])([O])N(CCCC[C][C]([O])[C]1[C](O)[CH][CH][C](Cl)[C]1[CH][OH+])C[C]1[CH][CH][CH][CH][CH]1,-3.320228338241577
guided,CCOC(=O)c1ccc(N(C)C(=O)[C@@H](NC(=O)c2ccccn2)C(=O)OCC)cc1,-2.2877211570739746
guided,CCn1c(=O)cc(N2CCN(Cc3ccc4ccccc4c3)CC2)[nH]c1=O,-1.898970127105713
guided,O=C(CN1CCCCC1)Nc1cc2c(cc1Cl)OCCO2,-2.3290607929229736
guided,NC(=O)N[C@H](Cc1c[nH]c2ccccc12)C(=O)NC1CCCCC1,-1.7814180850982666
guided,Clc1ccc(CCNc2ccc(Cl)nn2)cc1,-1.7210086584091187
guided,O=[N+]([O-])c1ncccc1OCc1cccc2ccccc12,-2.3290607929229736
guided,[CH2-]O[c+]1[cH-][cH+][c-]2[n-][cH+]o[c+]([N-][c+]3[cH-][cH+][cH-][n-][c+]3S[c+]3[cH-][cH+][cH-][cH+][cH-]3)[c+]2[cH-]1,-2.14487624168396
guided,Cc1ccc(CNC[C@]23C[C@H]4C[C@H](C[C@H](C4)C2)C3)s1,-2.8982770442962646
guided,CCOc1ccc(S(=O)(=O)N[C@H](C)CC(=O)OCC(=O)NC2CCCC2)cc1C(C)C,-2.717759132385254
guided,O=C(NNC(=O)c1ccc2[nH]c(=O)c(=O)[nH]c2c1)c1ccc(F)cc1,-1.8221569061279297
guided,COCCNC(=S)N/N=C(\C)c1ccco1,-1.660567283630371
guided,[O-]OCC([C+]([O-])O)N(C[C+]([O-])O)CC(O)CN1CCOCC1,-2.3754727840423584
guided,COc1cccc2c1OC[C@@](C)(C[C@@H](c1nnnn1C(C)C)N1CCOCC1)C2,-1.7496302127838135
guided,Brc1ccc(CNC[C@H]2CCCO2)cc1,-2.662587881088257
guided,COCCN1CCN(C(=O)C(=O)N/N=C/c2ccccc2)CC1,-1.738948941230774
guided,C[C@@H]1CN(Cc2nc3ccccc3c(=O)[nH]2)C[C@H](C)O1,-1.8830875158309937
guided,CCC[C@@H](c1ccccc1)c1cn(CCOC(C)C)c(=S)[nH]1,-2.3754727840423584
guided,COC(=O)/C=C/C(=O)Nc1ccc(OC(C)C)c(C)c1,-2.94943904876709
guided,Nc1nnc(SCC(=O)Oc2cccc(Cl)c2)s1,-1.7780040502548218
guided,FC(F)(F)c1nnc2n1N=C(c1ccco1)CS2,-1.4944287538528442
guided,N#C/C(=C\N1CCCCC1)S(=O)(=O)c1ccccc1,-2.229227304458618
guided,Cn1cc([N+](=O)[O-])c(C(=O)Nc2ccc(S(=O)(=O)NCC3CC3)cc2)n1,-1.640629529953003
guided,NS(=O)(=O)c1cccc(NC(=S)NNC(=O)COc2ccccc2)c1,-1.8221569061279297
guided,Nc1cc(Cl)ccc1-n1cnnc1SCC(=O)N1CCc2ccccc2C1,-1.6782987117767334
guided,Nc1ccc(-c2ccc(COc3ccc(F)cc3)o2)cc1,-2.998110294342041
guided,Cc1ccc(-c2nc3ccccc3s2)cc1C(=O)NC(=S)Nc1cccc(NC(=O)c2cccs2)c1,-2.186189889907837
guided,CCOC(=O)[C@@H](c1ccnc2cc3c(cc12)CCC3)N1CCCCC1,-2.5030341148376465
guided,CCc1c(C)[nH]c2c1C(=O)[C@@H](CN1CCOCC1)CC2,-2.2803893089294434
guided,O=C(CNC(=O)c1ccco1)OCC(=O)c1ccccc1,-2.998110294342041
guided,CNn1c(C)nc2[s+]c3c(c-2c1[O-])CCC3,-1.660567283630371
guided,CCC(=O)Oc1ccc([C@H]2CC(=O)N(Cc3ccc(C)cc3)C2=O)cc1,-3.2112276554107666
guided,COCCCNC(=O)c1cccc2ccccc12,-2.844355583190918
guided,[CH2-][c+]1[n-]n(CC)[c-]([O-])[c+]2[cH-][c+]3o[cH+][cH+][c-]3n12,-1.660567283630371
guided,CCC(=O)c1sc(CC(C)(C)C)cc1-n1cccc1,-2.8982770442962646
guided,Clc1ccc(NCc2nnc3n2CCCCCC3)cc1,-1.5995122194290161
guided,CCOc1cccc(NC(=O)CCC(=O)N/N=C/c2ccccc2OC)c1,-2.1825454235076904
guided,[H+].[O-][N-][C+]1CC(O)(CCCO)O[C+]2[C][N-][C+]([c+]3[cH-][cH+][c-](Br)[cH+][cH-]3)[CH-][C+]12,-2.4622952938079834
guided,COc1ccc(OC)c([C@@H](C)NC(=O)Nc2cccc(S(N)(=O)=O)c2)c1,-2.14487624168396
guided,C[CH+][C+]([O-])NC[C-]([O-])OC(CC)[C-]([O-])NC(C[C+]1[CH+][CH-][CH+][CH-][CH+]1)[C+]([O-])O,-2.54217791557312
guided,C[C@@H]1Cc2cc3oc(=O)cc(C(F)(F)F)c3cc2N1C(=O)C1CC1,-3.131344795227051
guided,NNC(=O)[C@H]1C[C@H](c2ccccc2)NN1Cc1ccccc1,-1.6945956945419312
guided,O=C(Nc1ccc2c(c1)CCC2)C1=C=C=C(CSc2nccc3ccccc23)C=C1,-2.6850228309631348
guided,O=C1CCN[C@H]1C1CCCCC1,-2.440274477005005
guided,Cn1cnc(S(=O)(=O)N[C@@H](c2ccccc2)c2ccncc2)c1,-1.738948941230774
guided,COCCNC(=O)c1ccc(CNC(=O)CN(c2ccccc2)S(C)(=O)=O)cc1,-2.2538769245147705
guided,[N-]=C1[N-][NH+]=NC(=O)[C+]1CCO,-1.0037134885787964
guided,O=C(CN(c1ccc(F)cc1)S(=O)(=O)c1ccccc1)NCCN1CCOCC1,-2.2538769245147705
guided,S=C(NCCc1nc(-c2ccccc2)no1)NCc1ccco1,-1.738948941230774
guided,CCOc1cc(NCCOc2cccc3cccnc23)c(OC)cc1OC,-2.5798470973968506
guided,S=c1[nH]nc(COc2cccc(Cl)c2)n1Cc1ccccc1,-1.9781709909439087
guided,COCCn1c(SCC(=O)NC(=O)NCc2cccnc2)nc2c([nH]c3ccccc32)c1=O,-1.6979632377624512
guided,COCCNc1nc(C#N)c2c(n1)CN(Cc1ccc3c(c1)OCO3)CC2,-1.6782987117767334
guided,COCCN(CC(=O)NCCOCCN1CCCCCC1)CC(=O)NCc1ccccc1,-2.068580389022827
guided,[O-]/C(=C(\C(=S)Nc1ccccc1N1CCOCC1)[n+]1ccccc1)c1ccccc1,-2.2877211570739746
guided,O=C(Cc1coc(/C=C/c2ccco2)n1)NC1CCCC1,-2.3290607929229736
guided,CNC(=S)NNC(=O)c1cccnc1,-1.2439055442810059
guided,N[C-]([CH+]N([O-])[O-])[N-]N[C+]([O-])[C+]([O-])N1CCCC1,-1.2167619466781616
guided,N[C]([N]O[C]([O])N[C]1[CH][CH][C](N([O-])[O-])[CH][CH]1)[C+]1[CH][CH][CH][CH][CH]1,-1.6945956945419312
guided,NS(=O)(=O)c1ccc(NC(=O)COC(=O)c2ccc(Cl)cc2[N+](=O)[O-])cc1,-2.1825454235076904
guided,[Cl-],-3.044522523880005
guided,[CH]O[N-][C][C+]1[C][C]N([C][C+]2[CH+][N-]N[C+]2[CH+]CC[CH+][CH+][CH2-])CC1.[H+].[H+],-1.6945956945419312
guided,O=C(NN[C@H]1CC(=O)N(c2cccc(Cl)c2)C1=O)c1ccco1,-2.022524118423462
guided,O=C(c1ccc(CN2CCCCC2)cc1Br)c1nn(CCO)c(=O)c2ccccc12,-2.2877211570739746
guided,[O-][C]([OH+])[C]1[C][N+](C[C]2[CH][CH][CH]O2)[C]2CCCCC[C]12,-2.8982770442962646
guided,COc1ccnc(CSc2nc3ccccc3c3nc4ccccc4n23)c1,-1.898970127105713
guided,NS(=O)(=O)c1ccc(F)cc1,-2.35364031791687
guided,N[c-]1[cH+][cH+][n-][c-]([O-])[c+]1-[c-]1[c+]2[cH-][cH+][cH-][cH+][c+]2[n-][c-]2[cH+][cH+][n-][cH-][c+]12,-1.6945956945419312
guided,NC(N)=N/N=C/C1CCCCC1,-1.0903477668762207
guided,CCCN1CCC(N(C)CCc2ccc(OC)c(OC)c2)CC1,-2.419826030731201
guided,Fc1cccc(N[C@@H](N/C=C/c2cccnc2)SCCc2ccccc2)c1,-2.1825454235076904
guided,N#CS,-1.0663514137268066
guided,NC(N)=N/N=C/c1sc(N2CCCCCC2)nc1-c1cccs1,-1.337607502937317
guided,O=S(=O)(NN1CCCc2cc3ccccc3cc21)c1ccccc1,-2.4622952938079834
guided,[CH2-]CC[O+]1CCN(Cc2ccco2)NC(=O)c2ccc([N+](=O)[O-])cc2O1,-2.14487624168396
guided,COc1ccc(Nc2ccc(C(C)=O)cc2)nn1,-1.7780040502548218
guided,[O-][C]O,-4.110873699188232
guided,CN(C(=O)COC(=O)COc1ccc(Cl)cc1)C1CCCCC1,-3.0888755321502686
guided,O=C(O)COc1ccc2c(=O)c3ccccc3oc2c1,-5.993961334228516
guided,NC(=O)c1cc([N+](=O)[O-])ccc1NCCN1CCOCC1,-1.6481837034225464
guided,NNC(=O)/C=C/c1c(F)cccc1Cl,-1.924782633781433
guided,Cn1ccnc1C(=O)NCCc1ccc(S(N)(=O)=O)cc1,-1.6481837034225464
guided,Cc1ccccc1N1CCN(C(=S)Nc2cccc(S(=O)(=O)N3CCCC3)c2)CC1,-2.004145860671997
guided,C[C-]([CH+][CH+][C-]([O-])[N-][CH+][C][N-][C][N-][C][C][C][NH-])[N-]N1C(C)CCCC1C,-1.4208155870437622
guided,C[C+]([CH-][C][C+]1[C][C][N-]O[CH+]1)[N-]P(N(C)C)N(C)C.[H+],-1.4944287538528442
guided,O=N[O-].S=[NH+]C1=Cc2ccccc2CC1,-1.9935381412506104
guided,[O-]SN(CC[c+]1[cH-][cH+][cH-][cH+][cH-]1)C[c+]1[cH-][cH+][cH-][cH+][c-]1F,-2.8982770442962646
guided,CC(C)Nc1nnc(S[C@H](C)C(=O)Nc2ccc(Cl)cn2)s1,-1.4739243984222412
guided,NC(=O)N/N=C(\Cc1ccc(Cl)cc1)c1ccc(O)c(O)c1,-1.9781709909439087
guided,COc1nc(N2CCOCC2)nc2c(OC)cc(Cl)cc12,-1.931758999824524
guided,COc1ccc(C(=O)N2CCCCCC2)cc1OC1CCN(C(C)=O)CC1,-2.5798470973968506
guided,OCCNc1nc(N2CCOCC2)nc(N2CCOCC2)n1,-1.2932543754577637
guided,COC(Cc1[nH]n(-c2ccccc2)c(=O)c1-c1ccc(F)cc1)OC,-2.5030341148376465
guided,O=c1[nH][nH]c(C(F)(F)F)c1/C=N/c1ccccc1,-1.7780040502548218
guided,[CH2-][S+](C)[O-],-4.394449234008789
guided,COc1ccc([C@H]2CC(=O)c3ccc(=S)[nH]c3C2)cc1OC,-3.044522523880005
guided,O=[N+]([O-])c1ccc([C@@]2(O)C[C+](C(F)F)=NN2[C][O-])cc1,-1.8830875158309937
guided,[CH2-]O[c+]1[cH-][cH+][cH-][c+](CSCC(N[C+](C)[O-])[C+]([O-])NCCCN2CCCC2)[cH-]1,-2.1825454235076904
guided,CCOCCn1c(SCC(=O)Nc2cccc(C)c2)nc2ccccc2c1=O,-2.2188470363616943
guided,NN([CH+][CH-][C+]([O-])N[c+]1[cH-][c+](F)[c-](F)[c+](F)[c-]1F)[CH-][O-].[H+],-1.8319255113601685
guided,COc1ccc(Cc2c(C)nc3ncnn3c2C)cc1,-1.5995122194290161
guided,CCOc1ccc2nc(-c3ccncc3)cc(C(=O)OCc3ccc(C)o3)c2c1,-2.6511785984039307
guided,Cn1cnnc1SCc1nc2ccccc2s1,-1.4374333620071411
guided,CC(N[C-]([O-])CC[C+]([O-])NCCC[C+]([O-])NCC[C]C[C+]1[CH+][CH+][CH-][CH+][CH-]1)[c+]1[cH-][cH+][c-]([C][N-2])[cH+][cH-]1,-2.12911319732666
guided,[C-3][CH+][CH+][CH+][C]N[CH+][C]C[C+]([O-])N[c+]1[n-][c+](C[C-](N)[O-])[n-]s1,-1.427512288093567
guided,NC(=O)[C@H]1CCCN(c2cccc(F)c2)C1,-2.0578689575195312
guided,[H+].[O-][C+](NC[c-]1[cH+][cH-][cH+]o1)C1CC[C-]([O-])N1[CH+][C+]1CCCCC1,-2.3754727840423584
guided,N[P@@](=O)(OCC(F)(F)F)Oc1ccccc1,-2.7269186973571777
guided,C[C@H](NC(=O)c1nc[nH]c1C(=O)N[C@H](Cc1ccccc1)C(=O)OC(C)(C)C)C(=O)OCc1ccccc1,-2.2401843070983887
guided,O=C(C[C@@H](NC(=O)c1ccco1)C(=O)O)OCC(=O)c1cccs1,-3.131344795227051
guided,CC(=O)Nc1ccc(S(=O)(=O)Nc2nc(C)nc3sc(C)c(C)c23)cc1,-1.8613009452819824
guided,[N-2][C][C+]([CH-][c+]1[cH-][cH+][cH-][c+]2[cH-][cH+][cH-][cH+][c-]12)P([O-])N[c+]1[cH-][cH+][cH-][cH+][n-]1,-2.022524118423462
guided,S=C(NCc1ccccc1)N1CCN(c2ccccn2)CC1,-1.6945956945419312
guided,O=C1c2ccc(N3CCOCC3)c3cccc(c23)[C+](=O)N1CCO[C][O-],-2.54217791557312
guided,[H]/N=c1\n(CCCOc2ccccc2Cl)c2ccc(Cl)cc2n1CC(N)=O,-1.8613009452819824
guided,CN(C)S(=O)(=O)c1cccc(NC(=O)N[C@@H]2CCCc3ccccc32)c1,-2.14487624168396
guided,COc1cc2ncc(Cl)c(Oc3ccc(Cl)c(C(F)(F)F)c3)c2cc1OC,-3.248896837234497
guided,Clc1ccc(N[C@H](Cc2cccc3cnccc23)c2nnnn2Cc2cc3ccccc3nc2Cl)cc1,-1.65924072265625
guided,N#C/C(=C\Nc1ccccc1)c1nnc2n1CCCCC2,-1.427512288093567
guided,COCN1CCOCC1,-2.1539745330810547
guided,C[C]1[C]([O-])N(OC[C+]2[CH][CH][CH][CH][N]2)[C]2[CH][CH][CH][CH][C]2N1[O-],-1.931758999824524
guided,[O-][C+]([CH-]CC1CCCN([C+]([O-])[c+]2[cH-][cH+][c-]3[c+]([cH-]2)OCO3)C1)N1CCN([c-]2[cH+][cH-][cH+][cH+][n-]2)CC1,-2.099304676055908
guided,O=C(Nc1nccs1)C1CCN(S(=O)(=O)c2cccnc2)CC1,-1.738948941230774
guided,[S-]P(N1CCOCC1)N1CCOCC1,-1.924782633781433
guided,NC(=S)N/N=C/c1coc2ccccc2c1=O,-1.7210086584091187
guided,[S-]P(N1CC1)N(CCCl)C[c+]1[cH-][cH+][cH-][cH+][cH-]1,-2.0578689575195312
guided,FC(F)(F)c1ccnc(-n2nnnc2NCc2cc3ccccc3o2)c1,-1.4599595069885254
guided,O=C(NC1CC1)[C@H]1CCCN1S(=O)(=O)c1cccc2nsnc12,-1.738948941230774
guided,Cn1c(=O)c2c(ncn2CCCO)n(C)c1=O,-1.4374333620071411
guided,CCOc1cc(NC(=O)C(C)C)c(OCC)cc1NC(=O)c1cccs1,-2.54217791557312
guided,C/C(=[C-]\C[C@H](C(=O)/[NH+]=C1\[S+]=C2C[C@H](C)CCC2=C1C#N)[C-](C)C)C(=O)O,-2.54217791557312
guided,O=S(=O)(c1ccc(Br)c2ccccc12)N1CCOCC1,-2.94943904876709
guided,O=C(/C=C/Nc1ccccc1CNC(=O)c1cccc(F)c1)c1ccc(Br)cc1,-2.6511785984039307
guided,[C-3]n1[n-][c+]([C+]([O-])OC[C+]([O-])NC[C+]([O-])N[c+]2[cH-][cH+][cH-][c+](F)[cH-]2)[c+]2[c-]([c+]1[O-])[CH+][CH-][CH+][CH+]2,-2.004145860671997
guided,CCNS(=O)(=O)c1ccc(Oc2ccccc2)cc1,-2.8982770442962646
guided,CN(C)CCNS(=O)(=O)c1ccc(N(C)C)cc1,-1.7780040502548218
guided,CCCc1sccc1CCC(=O)O,-5.564520359039307
guided,NC(=S)NNC(=O)N(Cc1ccccc1)c1ccccc1,-1.6481837034225464
guided,CC(=O)c1nn(-c2ccccc2)cc1C(=O)c1cc(Cl)ccc1O,-2.4622952938079834
guided,O=S(=O)(Nc1ccc(OC(F)F)c(Cl)c1)c1ccc(N2CCCC2)cc1,-2.54217791557312
guided,Cc1onc(-c2ccccc2)c1-c1n[nH]c(=S)n1C,-1.548350214958191
guided,Cc1ccc(C2=[O+]Oc3c4ccccc4c([O-])n3C2)c(C)c1,-3.044522523880005
guided,COCCn1nnnc1[C@H](c1ccc(F)cc1)N(CCc1ccccc1)Cc1ccccc1,-1.8786333799362183
guided,CCn1c(COc2ccccc2Cl)nnc1SCCOc1cccc(C)c1C,-2.2188470363616943
guided,O=C(NCCc1ccccc1)[C@@H]1CCCN(S(=O)(=O)c2ccccc2C(F)(F)F)C1,-2.6850228309631348
guided,COc1ccc(NC(=S)N[C@H](C)CCc2ccccc2)cc1OC,-2.4622952938079834
guided,COCCCNCCCCOc1ccccc1[N+](=O)[O-],-2.2803893089294434
guided,O=S(=O)(O)c1cc(-c2ccccc2)n(-c2ccccc2)n1,-2.3290607929229736
guided,O=C(NCc1ccccn1)c1csc2c1CCCC2,-2.229227304458618
guided,S=c1[nH]nc(SCc2ccccc2)n1NCc1ccccc1,-1.6945956945419312
guided,S=C(NCc1cccnc1)Nc1cc(Cl)ccc1Cl,-1.8319255113601685
guided,O=S(=O)(NC1CC1)c1cccc(NC2=NCCC2)c1,-1.8319255113601685
guided,[N-2][C+]1CCCN1N[C+]([O-])CN[c+]1[cH-][cH+][c-](Cl)[cH+][cH-]1,-1.4944287538528442
guided,O=S(=O)(c1cccs1)N(CCNc1ncccn1)Cc1ccc(F)cc1,-1.8613009452819824
guided,COc1ccccc1OCCOCc1cccc(NC(=O)c2ccccc2OC)c1,-3.3540725708007812
guided,O=C(N[C@@H](Cc1c[nH]c2ccccc12)C(=O)O)c1ccccc1F,-2.4622952938079834
guided,Fc1cccc(N2CN(Cc3cccnc3)CNC2=S)c1,-1.6481837034225464
guided,FC(F)(F)c1cccc(N2CCC[C@H]2c2ccccn2)c1,-2.3290607929229736
guided,CCCC(=O)N/N=C1\CS(=O)(=O)N(C)c2ccsc21,-1.8319255113601685
guided,OCCCn1nc2c(C(F)(F)F)cccc2c1-c1ccc(F)cc1,-2.4622952938079834
guided,Nc1cc(=O)[nH]c(=S)n1Cl,-1.192431092262268
guided,S=C(Nc1ccccc1)N(CCN1CCCCC1)Cc1ccco1,-2.064993381500244
guided,CN(CC(=O)NC1CC1)S(=O)(=O)c1cccc2cnccc12,-1.9781709909439087
guided,O=C(CN(c1ccccc1)S(=O)(=O)Cc1ccccc1)Nc1nc2ccc(Cl)cc2s1,-2.3204572200775146
guided,CC(=O)NCC(=O)OCC(=O)c1ccc2ccccc2c1,-2.998110294342041
guided,[O-]P([c+]1[cH-][cH+][cH-][cH+][cH-]1)[c+]1[cH-][cH+][cH-][cH+][c-]1NC1CCCCC1,-2.998110294342041
guided,ClC1=C=C=C=C=C1COn1ccnc1,-1.924782633781433
guided,COCCn1c(C)cc(C(=O)CN2C(=O)N[C@@](C)(C3=CC=[S+]/C3=C(/[O-])O)C2=O)c1C,-2.2877211570739746
guided,O=S(=O)(c1ccc(F)cc1)N1CCN(Cc2ccc3c(c2)OCO3)CC1,-2.54217791557312
guided,Clc1ccc(CNc2cc(-c3ccccc3)nc(-c3ccccc3)n2)c(Cl)c1,-2.2188470363616943
guided,[H]/[O+]=C1\C(N([O-])[O-])=CC(Cl)=C\C1=[S+]\C#N,-1.924782633781433
guided,O=C(NNC(=S)Nc1c(F)cc(F)cc1Br)c1cccnc1,-1.6945956945419312
guided,Nc1ccccc1Oc1nc2ccccc2nc1C(F)(F)F,-1.9781709909439087
guided,O=C(/C=C/c1cn(-c2ccccc2)nc1-c1cccs1)c1cccnc1,-2.14487624168396
guided,[OH-],-3.044522523880005
guided,CC(=O)N[C@@H](NC(=O)C[C@@H](NC(C)=O)c1ccccc1)C(Cl)(Cl)Cl,-2.064993381500244
guided,NC(=O)[C@@H]1CCCN(Cc2cccnc2)C1,-1.660567283630371
guided,O[C@H](COCc1ccc(Cl)c(Cl)c1)CN1CCCCC1,-2.94943904876709
guided,COCCNC(=O)N1CCC[C@H]1C(=O)NCCc1ccccc1,-2.022524118423462
guided,[S-][C@@H](/N=c1\cc(Br)cc[cH-]1)Nc1ccc2c(c1)=[O+]C[O+]=2,-2.2803893089294434
guided,O=[C-]Nc1ncccc1/[O+]=C/c1ccccc1,-2.1183104515075684
guided,S=C(NCc1cn2ccsc2n1)NC1CCCCC1,-1.548350214958191
guided,[O-]P(OCCCS[c+]1[n-][cH+][n-][nH]1)O[c+]1[cH-][cH+][cH-][cH+][cH-]1,-1.8319255113601685
guided,FC(F)(F)COc1ccc(Cl)cn1,-2.519998073577881
guided,COc1cncnc1OC,-1.5897328853607178
guided,COc1cc(OC)cc(-n2nc(C(=O)Nc3nccs3)c3ccccc3c2=O)c1,-1.970301628112793
guided,S=C(Nc1ccc2nsnc2c1)N1CCCCC1,-1.4944287538528442
guided,[N-]=[N+]1C(=O)c2ccccc2N=C1CN1CCCCC1,-1.548350214958191
guided,O=[N+]([O-])c1cc(C(=S)N2CCCCC2)ccc1SCc1ccc(F)cc1,-2.54217791557312
guided,CCOc1cc(/C=C(\C#N)C(=O)Nc2ccccc2Cl)ccc1OCc1ccccc1Cl,-2.749457359313965
guided,O=C(Nc1nc2ccccc2s1)[C@H]1CCCCN1S(=O)(=O)c1ccc(F)cc1,-2.2188470363616943
guided,CCc1ccc(C)c(CN2C(=O)c3ccccc3C2=O)c1,-2.998110294342041
guided,[CH2-]CCCCCn1c#[n+]c2[nH]ncc2c1=O,-1.3769919872283936
guided,CN1/C(=C\C=N\NC(=O)c2c(F)cccc2F)C(C)(C)c2ccccc21,-2.14487624168396
guided,O=C(Nc1cc(F)ccc1F)[C@H]1CCCN1S(=O)(=O)c1ccccc1,-2.5030341148376465
guided,COc1ccc2nc3sc(-n4c5ccccc5c5ccccc54)nc3cc2c1,-2.2188470363616943
guided,CC1[C-]2[CH+][C-](N([O-])[O-])[CH+][CH+][C+]2[N-][N-][C-]1[C+]1[CH+][N-][CH+][CH+][N-]1,-1.3788409233093262
guided,[O-][C+](CO[C-]([O-])C[C]CCCC[C+]([O-])[C+]1[CH+][CH+][CH-][CH+][CH-]1)N[c-]1[cH+][cH-][cH+][cH-][c+]1Cl,-3.285198450088501
guided,CN(C)S(=O)(=O)c1ccc2c(=O)n3c(nc2c1)CCCCC3,-1.9781709909439087
guided,C[C]([O])[C]([N]N[C]1[CH][CH][C](N([O-])[O-])[CH][CH]1)N[C+]1[CH][CH][CH][CH][C]1C,-1.738948941230774
guided,Cc1ccc(-n2c(=O)c3sccc3n(CC(=O)NCc3ccco3)c2=O)cc1,-2.2188470363616943
guided,S=C(Nc1cccc(Cl)c1)N1CCCC1,-1.9935381412506104
guided,CN(C[c+]1[cH-][cH+][cH-][cH+][cH-]1)C[C-]([O-])N[C+]([c+]1[cH-][cH+][cH-][cH+][cH-]1)[c+]1[c-](O)[cH+][cH-][c+]2[cH-][cH+][cH-][cH+][c-]12,-2.717759132385254
guided,Fc1cccc(CSc2nncc3ccccc23)c1,-2.229227304458618
guided,O=C(CCN1C(=O)[C@H]2CC=CC[C@H]2C1=O)N1CCC[C@H](Nc2ccc(F)c(F)c2)C1,-2.2877211570739746
guided,N[C-](N)NCCCC(N)[C+]([O-])O,-1.0903477668762207
guided,Cc1cc(C)n2nc(C(=O)N3CCCc4ccccc43)nc2n1,-1.5182775259017944
guided,O=C(c1ccccc1)c1ccc2ccccc2c1,-5.888877868652344
guided,CCOc1ccc(C(C)(C)C)c2sc(NN)nc12,-1.7780040502548218
guided,[O-]N([O-])[c+]1[c+](N[c-]2[cH+][cH-][cH+][cH-][c+]2O)[cH-][c+](N2CC[C]CCC2)[c+]2[n-]o[n-][c+]12,-1.6782987117767334
guided,O=C(Nc1nnc(-c2ccccc2)o1)C1CCCCC1,-1.8830875158309937
guided,CCOc1cc(NC(=O)N2CCCCCC2)c(OCC)cc1NC(=O)c1ccco1,-2.2877211570739746
guided,COc1cc([N+](=O)[O-])ccc1NC(=O)c1ccncc1,-1.8830875158309937
guided,COc1ccc(CNc2ccc([N+](=O)[O-])cc2)cc1COc1ccccc1C(N)=O,-2.2877211570739746
guided,NS(=O)(=O)c1cccc(NC(=O)CSc2nnc(C3CC3)o2)c1,-1.738948941230774
guided,COc1cc(OC)c2c(=O)c3ccccc3oc2c1,-5.9427995681762695
guided,c1ccc(OCCCCN2CCCC2)cc1,-2.7269186973571777
guided,CC(=O)c1ccc(S(=O)(=O)N2CCC(c3noc(-c4ccc(C)cc4)n3)CC2)cc1,-2.2877211570739746
guided,Nc1c(C(=O)NC2CCCCC2)nnn1-c1ccc(Cl)cc1,-1.4739243984222412
guided,N#C/C(=C/n1cccc1)C(N)=O,-1.3739230632781982
guided,CCOCCc1cccc(NC(=O)CC(F)(F)F)c1COC,-3.044522523880005
guided,Clc1cccc2c1Sc1ccccc1C[C@H]2N1CCCC1,-2.998110294342041
guided,COCCCNC(=O)COc1ncnc2sc(-c3ccccc3)cc12,-2.1057322025299072
guided,[N-][P]([O-])(OCC(F)(F)F)O[C+]1[CH][CH][C](Cl)[CH][CH]1,-2.7873599529266357
guided,Nn1c(Cc2cccc3ccccc23)nnc1SCc1nc2ccccc2s1,-1.7146004438400269
guided,Nn1cnc2c(oc3ccc([N+](=O)[O-])cc32)c1=O,-1.4944287538528442
guided,Nc1ccc(S(=O)(=O)NC(=O)c2ccncc2)cc1,-1.8319255113601685
guided,COc1ccc(S(=O)(=O)c2c(N)n(Cc3ccccc3)c3nc4ccccc4nc23)cc1,-2.068580389022827
guided,[S-][C+]([N-]N1CCC[c-]2[cH+][cH-][cH+][cH-][c+]21)NC[c-]1[cH+][cH-][cH+][cH-][cH+]1,-1.931758999824524
guided,COc1ccc(Cl)c(NC(=O)CCSC(=S)N2CCCC2)c1,-2.3754727840423584
guided,O=c1cc(N2CCCCC2)[nH]c(=O)n1C1CCCCC1,-1.8830875158309937
guided,[CH][O+]1[CH][CH]S([O])([O])C[C-][NH+][C]([S])[N-][C]2[C][C][C][C][C]21.[H+],-2.229227304458618
guided,[CH2-]N(CC[N-][C+]([O-])CC[C+]([O-])NC[C-](OC)OC)[C+]1[CH+][C-](OC)[C+](OC)[C-](OC)[CH+]1,-2.2877211570739746
guided,Fc1ccc2[nH]c3c(NCCN4CCOCC4)ncnc3c2c1,-1.5182775259017944
guided,C=[O+]C(=O)C1=C=CC2=NC(CCOC)=C([O-])NC2=C1,-2.229227304458618
guided,CCn1nc(C(=O)NNC(=O)CCOc2ccccc2Br)c2ccccc2c1=O,-1.970301628112793
guided,N#C/C(=C\c1cccs1)c1nc2ccccc2[nH]1,-1.7780040502548218
guided,CC(=O)NC1(c2ccc(F)cc2)CCN(C(=O)NC2CCCCC2)CC1,-2.14487624168396
guided,N[N-][C+]([O-])[C+]1[CH+][C+]2[N-][C+](C3CC3)[C][C]N2[N-]1,-1.156320571899414
guided,CO[C]1[CH][CH][C]([CH+][CH][C]([O])O)[CH][C]1N[C]([O])[C]1[N]O[C](C(C)C)[C]1N([O-])[O-],-2.1825454235076904
guided,CCO[C@@H](C)[C@H](NC(=O)C1CCN(C(=O)[C@H](NC(=O)OC(C)(C)C)C(C)(C)C)CC1)C(=O)N[C@@H](Cc1ccccc1)C(=O)O,-2.386608362197876
guided,NS(=O)(=O)c1cccc2cccnc12,-1.924782633781433
guided,O=C(CSCc1c(F)cccc1Cl)NCc1cccnc1,-2.3290607929229736
guided,CCOc1ccc(-c2cc(C(F)(F)F)n3ncc(C(=O)Nc4ccccc4F)c3n2)cc1,-2.068580389022827
guided,CN(CC(=O)NCCSC1CCCCC1)S(=O)(=O)c1ccccc1,-2.4622952938079834
guided,O=C1C=CC=C(NCCCn2ccnc2)C1,-1.660567283630371
guided,CO/C([O-])=C1\[C]S[C+](/C([O-])=[O+]/C)=C1NC(=O)c1cccc(Cl)c1,-3.0888755321502686
guided,COC/C=C\C(=O)Nc1nn(CCC(=O)O)c2nc3c(C)cccc3cc12,-1.898970127105713
guided,CCS[C@H](C/[S+]=C1/N=CC=CC1=[N+]([O-])[O-])C1=NCCN1,-1.5995122194290161
guided,CCOC(=O)Oc1ccc(C(=O)OC)cc1OC,-5.888877868652344
guided,[O-][C][C+]1[CH+]SCCO1,-5.081404209136963
guided,Cn1c(=O)oc2cc(S(=O)(=O)CCC(=O)Nc3ccccc3F)ccc21,-2.54217791557312
guided,[O-][C+]1NCN[C-](C2CCCCC2)[C+]1[CH-][c+]1[cH-][cH+][c-](Cl)[c+](Cl)[cH-]1,-2.3754727840423584
guided,CCC[C]1[CH][CH][C]([C+]2[N][C]3CC(C)S[C]3N2CC(C)C)[CH][C]1N([O-])[O-],-2.1057322025299072
guided,O=C1CCC(=O)N1c1ccc(N2CCOCC2)cc1,-2.229227304458618
guided,O=C1O[C@H](N2CCOCC2)c2ccccc21,-2.7269186973571777
guided,COc1cc(Nc2ncnc3c2cnn3CCC(=O)O)c(Cl)cc1Cl,-1.6014856100082397
guided,Cc1ccc(OCC(=O)Nc2cccc(S(=O)(=O)Nc3nccs3)c2)c(C(C)C)c1,-2.2877211570739746
guided,C=[O+][C-](NCCC)c1ccccc1NC(=S)N[C@@H](C)c1ccccc1,-2.1057322025299072
guided,[H]/N=C(C(\C#N)=N\Nc1ccccc1OC)/N1CCOCC1,-1.427512288093567
guided,Cc1cc(NC(=O)C#Cc2ccccc2)cc2oc3cc(OC(C)C)ccc3c(=O)c12,-3.3868086338043213
guided,CCOc1ccc(N2C(=O)[C@H]3CC(=O)N[C@H]3[C@@H]2c2ccccc2F)cc1,-2.54217791557312
guided,CCC[S@@](#[O+])([O-])[N+]1=NC(c2ccccc2/N=C(/C)[O-])=C=C1,-1.931758999824524
guided,S=C(NCCCN1CCOCC1)NC1CCCC1,-1.7780040502548218
guided,CN(C)C(=O)c1c(Nc2ccccc2)sc2c1CCC2,-2.2803893089294434
guided,[OH-],-3.044522523880005
guided,N#CCCSCc1cccnc1,-1.771224856376648
guided,Cn1c(Cc2cccc3ccccc23)nnc1SCC(=O)NC1CC1,-1.8221569061279297
guided,[CH2+][C][N-2],-1.0663514137268066
guided,C=C1N=c2ccccc2=C([O-])N1.[O+]#P(c1ccccc1)c1ccccc1,-2.54217791557312
guided,CN1[CH-][C+](CN2[CH-]CCC([C+]([O-])[C+]3[CH+][CH-][CH+][C-](OC[c-]4[cH+][cH-][cH+][cH-][c+]4F)[CH+]3)C2)[CH-][N-]1,-2.2877211570739746
guided,[O-][S+]([O-])n1[c+](C[c+]2[cH-][cH+][c-](Br)s2)[n-][c-]2[cH+][cH-][cH+][cH-][c+]21,-2.229227304458618
guided,Nc1ncnc2c1[nH]c1ccccc12,-1.2439055442810059
guided,Nn1c(SCC(=O)Nc2cccc(Br)c2)nc(-c2ccccc2)c1Cl,-1.8221569061279297
guided,CCOc1ccc(NC(=S)N2CCCC2)cc1,-2.1183104515075684
guided,NC(=O)C[C@@H](NC(=O)Cc1ccc(Br)cc1)c1ccc(NCc2ccc(F)cc2)c([N+](=O)[O-])c1,-2.12911319732666
guided,COCCN(C(=S)Nc1ccccc1OC)[C@H](C(=O)Nc1ccccc1OC)c1cccs1,-2.3828799724578857
guided,CCCOC(=O)c1ccc(NC(=O)CCC)cc1,-2.844355583190918
guided,CCCCOOC(=O)[C@H](C)CC1CCCCC1,-5.831882476806641
guided,O=C(/C=C/c1ccccc1)OC[C@H]1C[C@H](O)[C@@H](N2C(=O)c3ccccc3C2=O)O1,-3.320228338241577
guided,FC(F)(F)C1=NCCN1,-1.4849249124526978
guided,CCOc1ccc(/C=N/NC(N)=S)cc1OCC,-1.7780040502548218
guided,Fc1cc(C(F)(F)F)ccc1NC(=S)NC[C@H]1COc2ccccc2O1,-2.54217791557312
guided,CCCN(C)CCCN1C(=O)c2ccccc2C1=O,-2.229227304458618
guided,CCOc1ccc2ccccc2c1C(=O)N[C@H]1C(=O)N2[C@H]1SC(C)(C)[C@H]2C(=O)O,-2.6511785984039307
guided,COc1cc(N(C)C2=NNC3=NC4=C(CCCC4)/C(=C(\[O-])NCC(C)C)[O+]32)c2ncccc2c1,-1.7277717590332031
guided,CN1CCN(c2ccccc2NS(=O)(=O)c2ccc(Cl)cc2)CC1,-2.064993381500244
guided,NC([C+]([O])O)C(C[C]([O])O)C[C]1[CH][CH][C](N([O-])[O-])[CH][CH]1,-2.2803893089294434
guided,S=C(Nc1ccc(Cl)cc1)N(Cc1ccco1)Cc1cc2ccccc2nc1Cl,-2.2538769245147705
guided,O=C(Nc1ccc(Cl)cc1C(=O)Nc1cccnc1)c1cc2ccccc2o1,-2.2188470363616943
guided,O=C(NCN1CCCCCC1)c1sc2cccc(F)c2c1Cl,-2.3754727840423584
guided,CCOc1cc(C)ccc1N[C@@H](C)C(=O)Nc1cc(Cl)ccc1N1CCOCC1,-2.2538769245147705
guided,CC(=O)/C(=C\Nc1ccc(F)cc1F)C(=O)N1CCCCC1,-2.3754727840423584
guided,Cc1cc(C)cc(N(CC(=O)N2CCc3ccccc3C2)S(=O)(=O)c2c(C)noc2C)c1,-2.3521556854248047
guided,O=S(=O)(NCCCN1CCOCC1)c1cc(Cl)ccc1Cl,-2.3290607929229736
guided,CC[C@@]1(C)CN(S(=O)(=O)OCC(Cl)(Cl)Cl)C(=O)N1,-2.1753058433532715
guided,NS(=O)(=O)c1ccc(N/N=C2\C(=O)Nc3ccc(Br)cc32)cc1,-1.738948941230774
guided,CN(CCO)c1nc2c(c(=O)n(Cc3cccc(F)c3)c(=O)n2C)n1C,-1.640629529953003
guided,[O-][C+](C[C@]12[C][C@H]3C[C@H](C[C@H](C3)C1)C2)N[c-]1[cH+][cH-][cH+][cH+][n-]1,-2.2803893089294434
guided,CC(C)(C)c1ccc(C(=S)N2CCN(c3cccc(Cl)c3)CC2)cc1,-2.5030341148376465
guided,CCCc1nnc(SCC(=O)N2[C@H](C)CCC[C@@H]2C)n1C[C@H]1CCCO1,-1.8613009452819824
guided,O=C(COc1ccccc1)N/N=C/c1cccc2cccnc12,-2.022524118423462
guided,Nc1cnccn1,-0.8378860354423523
guided,COc1cc(OC)c2ccccc2n1,-2.59383225440979
guided,O=[N+]([O-])c1cccc(-c2nc(N3CCCCCC3)c3ccccc3n2)c1,-1.8613009452819824
guided,O=[N+]([O-])c1cc(S(=O)(=O)N2CCCCC2)ccc1OCc1ccccc1F,-2.5798470973968506
guided,CC(=O)c1sc2nsc(SCCN3CCCCC3)c2c1N,-1.931758999824524
guided,CC(=O)c1cccc(NS(=O)(=O)c2ccc(C(=O)NCCN3CCCC[C@@H]3C)cc2)c1,-2.3204572200775146
guided,CC(=O)C#[N+]c1ncccc1Cl.[Cl-],-1.8509483337402344
guided,O=C(Nc1ccc2ncccc2c1)C(F)(F)O[C@@H](F)C(F)(F)F,-2.419826030731201
guided,NNc1ccc(S(=O)(=O)N2CCCCC2)cn1,-1.4374333620071411
guided,[CH2-]N1CCN(C([c+]2[cH-][cH+][cH-]s2)C(C)N[S+2]([O-])([O-])[c+]2[cH-][cH+][cH-]s2)CC1,-2.064993381500244
guided,O=C(CSc1nc2ccccc2o1)c1c[nH]c2ccccc12,-2.3754727840423584
guided,O=C(COC(=O)CSc1ccc(F)cc1)Nc1nc2c(F)c(F)c(F)cc2s1,-2.6161489486694336
guided,CCCOc1nc(C)n(NC(=O)c2ccc(F)cc2F)c(=O)c1C,-2.064993381500244
guided,COc1cccc(OC)c1C(=O)NCCC(=O)NCC(=O)N/N=C/c1ccc([N+](=O)[O-])cc1,-1.8786333799362183
guided,COc1cc2[nH]n(CCCOC(C)C)c(=O)c2cc1OC,-2.3290607929229736
guided,COc1ccc(OCCC(=O)NCCCN2CCN(c3ccc(OC)cc3)CC2)cc1,-2.3204572200775146
guided,NNS(=O)(=O)c1ccc2cc(Br)ccc2c1,-2.0578689575195312
guided,N#C[C@@H](c1ccccc1)c1ccc(Cl)cc1,-2.7269186973571777
guided,CCOCCN1CCN(C(=O)/C=C\c2ccc(OC)cc2)CC1,-2.419826030731201
guided,Nn1c(COc2ccccc2)nnc1SC(F)F,-1.4944287538528442
guided,CO[C-]([O-])[CH+]C(O)C(C)C[C+]([O-])O,-5.564520359039307
guided,CNS/[N+]([O-])=N\c1cc(CN2CCOCC2)c(Cl)cc1C,-1.6481837034225464
guided,Fc1ccc2[nH]cc(Br)c2c1,-2.35364031791687
guided,COC(CNC(=O)CN1C(=O)c2ccccc2C1=O)OC,-2.3290607929229736
guided,O=C(Cn1c(=O)oc2cc(S(=O)(=O)NCc3ccccc3)ccc21)N1CCCC1,-2.2538769245147705
guided,CCn1c(SCC(=O)Nc2cccc3ccccc23)nc2c([nH]c3ccccc32)c1=O,-2.036881923675537
guided,CN1[OH+]C(C)(C)C[C-]1[N-][C][N-]N([CH-]N([O-])[O-])[c+]1[n-][cH+][c+](C(F)(F)F)[cH+][c+]1Cl,-1.4976286888122559
guided,NS(=O)(=O)c1ccc(C2CCCCC2)cc1,-2.7269186973571777
guided,CO[C]1[CH][CH][CH][CH][C]1CN[C]([O])CN(C[C+]1[CH][CH][CH][CH][CH]1)S([O])([O])[C]1[CH][CH][CH][CH][C]1N([O-])[O-],-2.3828799724578857
guided,CCn1c(=O)[nH]c(=O)c2cc3ccc(N([O-])[O-])[s@SP1+]3[o+]c21,-1.8830875158309937
guided,CCCOc1ccc(-c2nnc3ccc(SCC(=O)NCCc4ccccc4)nn23)cc1,-1.8479089736938477
guided,CCCCNc1cc(Cl)nc(N)n1,-1.1700712442398071
guided,[O-]S([O-])([C][C](Cl)[C](Cl)Cl)N1CCCC1[C+]1[CH][CH][CH][N][CH]1,-2.2803893089294434
guided,O=C(Nc1nc2ccc(Cl)cc2s1)c1ccc(OC(F)F)cc1,-2.419826030731201
guided,[O][S+2]1O[N][C]([C]2[CH][CH][C](Cl)[CH][CH]2)[C][C]([N+]2CCOCC2)[C]([O-])[C]2[CH][CH][CH-][N][C]2O1,-2.2538769245147705
guided,[O-]c1n[s+](-c2ccc3[nH]ccc3c2)nc1N1CCOCC1,-1.6481837034225464
guided,Clc1cccc(Oc2nc(Cl)nc3ccccc23)c1,-2.229227304458618
guided,C=CCCCC(=O)/C(C#N)=N/Nc1cccc(C(F)(F)F)c1,-1.9781709909439087
guided,CN(Cc1ccc(-n2cccn2)cc1)Cc1nc(-c2cnccn2)no1,-1.306990146636963
guided,[O-][C+](N[C][CH+][C-]([CH+][N-][N-][C+]1[CH+][CH-][CH+][CH-][C+]1F)[C-]([O-])O)[C+]1[CH+][CH-][CH+][CH-][CH+]1,-2.1057322025299072
guided,CCC(=O)N(Cc1cc2cc3c(cc2[nH]c1=O)OCCO3)c1ccc(C)cc1,-2.6161489486694336
guided,[O-][S+2]([O-])(N[CH-][CH+][CH-]CCCCCCCCN1CCOCC1)[c+]1[cH-][cH+][c-](Cl)[cH+][cH-]1,-2.6161489486694336
guided,[CH2-][P+](C)([O-])CC[C+]([O-])O,-5.1984968185424805
guided,Nc1nc(C(=O)N2CCOCC2)nn1-c1cccc(C(=O)Nc2cc(Cl)cc(Cl)c2)c1,-1.63554048538208
guided,COc1ccccc1N1CCN(C(=O)C(c2ccccc2)c2ccccc2)CC1,-2.6511785984039307
guided,[H+].[H+].[H+].[O-][C+]([CH-][CH+][C-]1[C][C+]2[C][C+](O[CH+]C3[C][CH+][CH+][CH-]O3)[CH+][CH-][C+]2N[C-]1[O-])N1CCN([c-]2[cH+][cH-][cH+][c-](Cl)[cH+]2)CC1,-2.4697651863098145
guided,N[C@@H](C(=O)O)[C@H](O)c1ccccc1,-2.519998073577881
guided,COc1cccc(Oc2nc3c(C)cccn3c(=O)c2/C=C2/C=CC=CO2)c1,-2.6161489486694336
guided,CCNS(=O)(=O)c1ccc(CCC(=O)Nc2cccc(Br)c2)cc1,-2.4622952938079834
guided,Cl[C-]1[C][N-][C+](N[CH-][N-][c+]2[n-][cH+][cH+][cH-][n-]2)[CH+][CH+]1,-1.156320571899414
guided,NC(=O)[C@@H]1CCCN(Cc2ccc(Cl)cc2)C1,-2.1183104515075684
guided,Cc1ccccc1C[C@@]1(CO)CCCN(C(=O)Cn2c([N+](=O)[O-])cnc2C)C1,-1.9352717399597168
guided,CN(C)CCN/C=C1/C(=O)NC(=O)N(c2cccc(C(F)(F)F)c2)C1=O,-1.8613009452819824
guided,OCCOCCOCc1ccccc1,-5.638354778289795
guided,Cc1ccc(=[S+2]([O-])[O-])[c-](NC(=S)Nc2cccc(Cl)c2)c1.[H+],-2.3290607929229736
guided,COc1ccc(/C=C/[C@@H]2C=Cc3ccccc3O2)cc1CC(=O)N1CCOCC1,-3.320228338241577
guided,N/C(=N\NC(=O)c1cc(-c2ccc(O)cc2)nc2ccccc12)c1ccccn1,-1.7496302127838135
guided,Cc1nn(C)cc1/C=N/NC(=O)c1c(C)nc2ccc(Br)cn12,-1.337607502937317
guided,[O-][C+](O)[CH-]O[c+]1[cH-][cH+][c-](Br)[cH+][c-]1-[c+]1[n-][c+]2[cH-][cH+][cH-][cH+][c-]2[nH][c+]1[O-],-2.419826030731201
guided,COCCNC(=O)COC(=O)c1sc2nc(C)cc(C)c2c1N,-2.022524118423462
guided,O=C1CCCC(O)=C1/[S+]=C1\C=CC=C\C1=C(/[O-])O,-5.888877868652344
guided,O=S(=O)(c1ccc(-n2cnnn2)cc1)N1CCCCCC1,-1.427512288093567
guided,S=c1[nH]nc(-c2ccco2)n1/N=C/C1CC1,-1.3769919872283936
guided,CN(C)[C@@H]1[CH-]C(Oc2ccc(CCNC(=O)c3ccco3)cc2F)=CCC1.[H+],-2.5798470973968506
guided,CCCc1sc(N)nc1-c1ccc(OC)cc1,-2.1183104515075684
guided,COc1ccc(-c2nc3ccccc3c(=O)[nH]2)cc1Cl,-2.2803893089294434
guided,O=C1CCC(=O)N1COc1ccc(Cl)cc1Cl,-2.7873599529266357
guided,[NH][C]1[C]([C]2[N][C]3[CH][CH][CH][CH][C]3S2)[C+](O)CN1[C]1[CH][CH][C](O)[C](N([O-])[O-])[CH]1,-1.8613009452819824
guided,CCc1nccn1-c1ccc(Cl)cc1,-1.924782633781433
guided,O=C(O)c1cc(-c2ccccc2)nc2ccccc12,-2.8982770442962646
guided,COCCNCc1nc2ccccc2c(=O)[nH]1,-1.7210086584091187
guided,Fc1ccc(CSc2ccc3ccccc3n2)cc1,-2.8982770442962646
guided,CCOC(=O)c1[nH]c(CSc2nnnn2-c2ccccc2C)c(C(=O)OCC)c1C,-1.7834744453430176
guided,[OH-],-3.044522523880005
guided,O=[N+]1N=[S@@](=O)([O-])N=C1Nc1ccc(OCc2cnc(Cl)s2)cc1,-1.5182775259017944
guided,[H+].[N-2][C+]([O])[N-][C]([O])C[S+2]1[C]2[N-][N][C-]N2CC2OCCC21,-1.3276787996292114
guided,CCOc1ccc(NC(=O)CNS(=O)(=O)c2cccs2)cc1OCC,-2.5030341148376465
guided,C[C@H](Cc1cccs1)NC(=S)Nc1ccccc1,-2.1753058433532715
guided,CO[C-]([C][N-2])N[S+2]([O-])([O-])[c+]1[cH-][cH+][c-]2[cH+][cH-][cH+][cH-][c+]2[cH-]1,-2.229227304458618
guided,CN(C)S(=O)(=O)c1ccc(CCNS(=O)(=O)c2ccc(F)cc2)cc1,-2.5030341148376465
guided,Clc1ccc(/N=C2/NN=C(c3ccc(Cl)c(Cl)c3)CS2)c(Cl)c1,-2.022524118423462
guided,[O-][CH+][c-]1[c+]([C+]([O-])N[N-][CH+][CH-][c+]2[n-][c+]3[cH-][cH+][cH-][cH+][c-]3s2)o[c-]2[cH+][cH-][cH+][cH-][c+]12,-2.14487624168396
guided,COc1ccccc1C(=O)NCC(=O)N1CCCCC1,-2.2803893089294434
guided,Cc1ccc(NCC(=O)Nc2c3c(nn2C(C)(C)C)CS(=O)(=O)C3)cc1,-1.8613009452819824
guided,Cc1cc(/N=C/c2c(C(F)(F)F)[nH][nH]c2=O)sc1C(=O)O,-1.931758999824524
guided,O=C(O)c1c(O)c(-c2ccccc2)c2ccccc2c1O,-6.042633056640625
guided,O=S(=O)(Nc1cccc(S(=O)(=O)Nc2nccs2)c1)c1ccc(Br)cc1,-2.14487624168396
guided,Nc1ccc2oc(-c3ccc(-c4ccccc4)s3)nc2c1,-2.3290607929229736
guided,CCNC(=O)NC(=O)COC(=O)c1cccc([N+](=O)[O-])c1,-1.931758999824524
guided,CO[C@]1(NC(=O)Cc2ccccc2)CCCCO1,-2.844355583190918
guided,COCCCNC=C1C(=O)CC(C)(C)CC1=O,-2.7873599529266357
guided,O=C[C@@H](O)[C@H](O)[C@H](OC/C=C\COC(=O)COc1cc(O)c(O)c(O)c1)C(=O)O,-6.364750862121582
guided,CCCNCC(=O)Nc1cccc2ccccc12,-2.1753058433532715
guided,Cn1c(=O)c2c(ncn2CC(=O)N2CCN(c3ccc(Cl)cc3)CC2)n(C)c1=O,-1.568960189819336
guided,Nc1c(C(=O)N2CCC[C@H](C(=O)c3ccccc3)C2)oc2ccc(Br)cc12,-2.5798470973968506
guided,[O][C](CO[C+]1[CH][CH][CH][CH][CH]1)N[C]1[CH][CH][C](N([O-])[O-])[C](N[C]([O])N2CCCC2)[CH]1,-1.9352717399597168
guided,COc1nsnc1NS(=O)(=O)c1cccc2nccnc12,-1.427512288093567
guided,NONc1ccnc(-c2ccccc2)n1,-1.312661051750183
guided,Clc1ccc(OCc2nc(-c3ccncc3)no2)cc1,-1.8830875158309937
guided,O=S(=O)(N1CCCCCC1)[N+]1=[C-]Cc2ccccc2C1,-2.2803893089294434
guided,CCc1nnc(NC(=O)[C@H](C)Sc2nncc(-c3ccccc3)n2)s1,-1.4208155870437622
guided,N#Cc1ccccc1NC(=O)COC(=O)CNc1ccccc1[N+](=O)[O-],-1.8613009452819824
guided,COc1cc(/C=C/C(=O)O)cc(S(=O)(=O)NCCO)c1OC,-3.044522523880005
guided,Nc1ncnc2c1ncn2COCC[C@H](N)[CH-]C[C@H](N)C(=O)O.[H+],-1.1846381425857544
guided,COc1ccccc1/N=N/c1cn(-c2ccccc2)nc1-c1ccc(C)o1,-1.898970127105713
guided,[CH2-]C1(CCCN2CCCCC2)C[C]C[N+]([C][O])C1.[H+],-2.1753058433532715
guided,CO[C+]1[CH-][C+](CC2(CC[C+]([O-])O)[N-]C[C-]([O-])N2[c-]2[cH+][cH-][cH+][c-](OC)[cH+]2)[CH+][CH+][C-]1OC,-2.6850228309631348
guided,NS(=O)(=O)c1ccc(C(=O)N[C@@H](Cc2ccccc2)C(=O)O)cc1,-2.4622952938079834
guided,Oc1c(Cl)cc(Cl)cc1CNc1ccccn1,-2.1183104515075684
guided,[CH2-]N(CCCN(C)C[c+]1[cH+][n-]n(C)[cH-]1)[C-]([O-])N[C+]1[CH+][CH-][CH+][C-](C)[C+]1C,-1.6014856100082397
guided,O=C(CCc1ccccc1)c1ccc2c(c1)OCO2,-5.9427995681762695
guided,Cn1c(=O)c(C(=O)CBr)nn(-c2ccc(Br)cc2)c1=O,-1.8830875158309937
guided,Clc1ccc(-n2nnnc2CN2CCCCC2)cc1Cl,-1.3788409233093262
guided,Cc1cccc(CN2CCN(C(=O)c3ccc(Br)cc3)CC2)c1O,-2.4622952938079834
guided,S=C(NC[C@@H]1CCCO1)N1CCN(Cc2ccccc2Cl)CC1,-2.022524118423462
guided,COc1cc(C#N)cc(OC)c1OS(=O)(=O)c1ccc(C)cc1,-3.0888755321502686
guided,Fc1ccc(-n2c(SCc3ccccc3)nnc2-c2ccco2)cc1F,-2.14487624168396
guided,CO[c-]1[c+](Cl)[cH-][c+]([C-]2[N-][c+]3[n-][cH+][cH+][cH-]n3N2)[cH-][c+]1Cl,-1.548350214958191
guided,CCOC(=O)N1CCC(N(CCN(C)C)C(=S)Nc2cccc(C)c2)CC1,-1.898970127105713
guided,[N-2][S+2]([O-])([O-])[C+]1[C][C][C][C][C+]1[N-][C+]([c+]1[cH+][cH+][cH+][cH-][cH+]1)[P+]([O-])([C-]1[C][CH+][CH+][CH-][CH+]1)[c-]1[cH+][cH-][cH+][cH-][cH+]1,-2.749457359313965
guided,[H+].[O-][C+](O)[CH-]CC1C[CH+][CH-][C+]([O-])N1[c+]1[cH-][cH+][c-]([S+2]([O-])([O-])NC[CH+]OCCO)[cH+][cH-]1,-2.6161489486694336
guided,CC1=NC(Nc2ccc3ncccc3c2)=[S+]/C1=C(/C)[O-],-1.8830875158309937
guided,COc1ccccc1NC(=O)CN1CCN(S(=O)(=O)c2ccccc2)CC1,-2.1825454235076904
guided,CN1[C+]2C[C+]([O-])N[C+]3[CH-][CH+][C-](Cl)[C+](Cl)C3S[c+]3[cH-][cH+][cH-][c+]([cH-]3)N[C+]([O-])CS[C-]1[N-][N-]2,-1.7834744453430176
guided,C[C-]1CC[C+]([O-])N1C(C)[C+]([O-])OC[C+]([O-])N[c+]1[cH-][c+]([S+2]([O-])([O-])N2CCOCC2)[cH-][cH+][c-]1C,-2.3521556854248047
guided,CO[c-]1[cH+][cH-][cH+][c-](O[C-]2[N-][c+]3[c-](C)[cH+][cH-][cH+]n3[C+]([O-])O2)[cH+]1,-2.3290607929229736
guided,O=C(c1ccc(OC(=O)N2CCOCC2)cc1)C1CCCCC1,-3.0888755321502686
guided,CN1CCN(c2ccccc2NC(=S)NC(=O)Cc2ccccc2)CC1,-1.8613009452819824
guided,COc1ccc(/C=C(\C#N)C(=O)Nc2ccc3c(c2)OCCO3)cc1OC,-2.5798470973968506
guided,[O-][SH+2]([O-])[N-]C1CCC[c-]2[cH+][cH-][cH+][cH-][c+]21,-2.59383225440979
guided,Cc1ccc(-c2csc(SCC(=O)NC3CC3)n2)cc1,-2.2803893089294434
guided,Fc1cccc(Cl)c1CSc1ccc(-c2cccnc2)nn1,-1.9781709909439087
guided,COCCN1C(=O)c2ccc(C(=O)Nc3ccc4c(c3)OCO4)cc2C1=O,-2.5798470973968506
guided,O=C(CCc1ncc(C(=O)O)c(=O)[nH]1)NCCN1CCN(c2ccc(F)cc2)CC1,-1.7834744453430176
guided,COc1cc2c(cc1OC)CN(CCc1ccccc1)CC2,-3.044522523880005
guided,[O-][C+](N[N-][CH+][c-]1[cH+][cH-][cH+][n-][cH+]1)[C-]1[C][C+]([c-]2[cH+][cH-][cH+][cH-][cH+]2)[N-][C+]2[CH+][CH-][CH+][CH-][C+]21,-1.898970127105713
guided,Clc1ccc(Cc2noc(CN3CCC(Cc4ccccc4)CC3)n2)cc1,-2.1825454235076904
guided,C/C(=N\NC(=O)Cc1ccc(Cl)cc1)c1ccc(Cl)cc1,-2.3290607929229736
guided,N[C]1[N][C](N[C+]2[CH][CH][C](N3CCOCC3)[CH][CH]2)[N][C](NCCO)[C]1N([O-])[O-],-1.344659447669983
guided,O=C1COc2ccc(C(=O)COC(=O)CCc3c[nH]c4ccccc34)cc2N1,-2.6161489486694336
guided,Cc1nnc(N/N=C2/C#CC=C3C#C[C-]=C=C32)c2ccccc12.[H+],-1.738948941230774
guided,CCCNS(=O)(=O)c1ccc(OCc2ccccc2)cc1,-2.998110294342041
guided,[CH2-][C+]([O-])NCCCN[C-]([O-])Cn1[c+]([O-])[c+]2[cH+][cH-][cH+][n-][c+]2o[c-]2[cH+][cH-][c+](Cl)[cH-][c+]21,-1.9352717399597168
guided,Nc1ccc(CCNC(=O)c2cccs2)cc1,-2.1183104515075684
guided,Fc1ccc(F)c(-c2nc3cnccn3c2NC2CCCC2)c1,-1.738948941230774
guided,COc1ccc(NS(=O)(=O)c2ccc(C)cc2C)cc1Br,-2.998110294342041
guided,O=C(N[C@H]1CCSC1=O)c1ccccc1,-2.662587881088257
guided,[C-3][C+]1[N-]N([c+]2[cH-][cH+][cH-][c+](N([O-])[O-])[n-]2)[C+](C)[C+]1C,-1.4374333620071411
guided,O=C(NN/C([O-])=C1/[C][C+](C2CC2)=Nc2ccccc21)c1ccccc1C(=O)N1CCOCC1,-2.099304676055908
guided,O=C(NCCCCCc1nc2ccccc2s1)/C(=C\c1ccc(F)cc1)NC(=O)c1ccccc1,-2.441633939743042
guided,NS(=O)(=O)c1ccc(S(=O)(=O)N2CCN(c3cccnc3)CC2)cc1,-1.8221569061279297
guided,COc1ccc2[nH]c(/C(C)=N/NC(=O)[C@@H]3CCCNC3=O)cc2c1,-1.7814180850982666
guided,COC(CNC(=O)c1ccccc1NC(=O)c1ccccc1C(=O)O)OC,-2.5798470973968506
guided,COc1ccccc1Nc1ccnc(C)c1NC(=O)CN1CCCCCC1,-1.898970127105713
guided,OCCOCN1C2=NCCCN2c2ccccc21,-1.7780040502548218
guided,O=S(=O)(Cc1ncc(C(F)(F)F)cc1Cl)c1ccc(F)cc1,-3.044522523880005
guided,CCOC(=O)CN(c1ccc2c(c1)OCO2)S(C)(=O)=O,-2.94943904876709
guided,COc1ccc(N2CCN([C@@H](C)C(=O)N3CCCC3)CC2)cc1,-2.022524118423462
guided,COc1ccc(/C=N/NC(=O)c2ccncc2)c(OC)c1O,-1.9781709909439087
guided,O=C(/C=C/c1cccc([N+](=O)[O-])c1)NCCNC(=O)COc1ccccc1,-2.1825454235076904
guided,CCN(CCC([C+]([O-])NC1CC1)N1[C-]([O-])[CH+][CH-][CH+][C-]1F)C[C+]([O-])NC[C-]([O-])N[C+]1[CH+][CH-][C+](Br)[CH-][C+]1C(F)(F)F.[H+],-2.045454740524292
guided,C[C-]1[CH+]O[C-](N[C+]([N-][CH+][CH+][c-]2[cH+][cH-][cH+]s2)[C-]2[CH-][CH+][CH-][CH+][N-]2)[N-]1.[H+],-1.6945956945419312
guided,OCC1(Cc2ccc3ccccc3c2)CCN(Cc2ccccc2)CC1,-3.2112276554107666
guided,[H]/[C-]=N\C1=C=NC(=[N+]2CCCC2)N=C1NC1CCCCC1,-1.3788409233093262
guided,[C-3][P+]([O-])(O)O.[O-]P(O)O,-5.1984968185424805
guided,COc1cc(C=c2c(=O)c3cccc4cccc(c2=O)c43)cc(OC)c1OC,-6.329720973968506
guided,CCN1CCN(CCOC(c2ccc(F)cc2)c2ccc(F)cc2)CC1,-2.54217791557312
guided,Cc1ncc(CN2CCOCC2)o1,-1.8509483337402344
guided,CNc1ccc(S(=O)(=O)NCCOCC(F)(F)F)cc1[N+](=O)[O-],-2.022524118423462
guided,C=CCSc1nc(N(CC)CC)c2sccc2n1,-1.7780040502548218
guided,COc1cc(CC(=O)Nc2cc(=O)n(C)c(=O)n2C)cc(OC)c1OC,-2.14487624168396
guided,CC1=C(C(=O)O)[S+]=c2nc/c(=C(\[O-])c3ccco3)cc21,-2.94943904876709
guided,O=C(c1c[nH]c2ccccc12)N1CCN(S(=O)(=O)c2ccc(F)cc2)CC1,-2.1825454235076904
guided,C[c+]1[c-](C)s[c+]([N-][CH+][C+]([C+]([O-])NC[c+]2[cH-][cH+][cH-]o2)[C-](C)[O-])[c-]1[C+]([O-])N[c+]1[cH-][cH+][cH-][c+]2[cH-][cH+][cH-][cH+][c-]12,-2.441633939743042
guided,Cc1cc(OCc2cc(C(=O)N[C@H]3CCOC(C)(C)C3)no2)cc(C)c1Cl,-2.5798470973968506
guided,CCNC(=O)C1CCN(S(=O)(=O)c2cnc[nH]2)CC1,-1.548350214958191
guided,CCOCc1nnc(NC(=O)[C@]23C[C@H]4C[C@H](C[C@H](C4)C2)C3)s1,-1.9781709909439087
guided,CCC(=O)N(CC)c1cc(Cl)cc(OC)c1,-2.7269186973571777
guided,NNC(=O)Cn1cnc([N+](=O)[O-])n1,-0.7687298655509949
guided,CC(=O)c1ccc(N2CCN(S(=O)(=O)c3ccc4c(c3)CCN4C(=O)CCC(=O)O)CC2)cc1,-2.4126884937286377
guided,Cc1nc2nc(SCC(=O)NC3CCCC3)nn2c(C)c1Cc1ccc(F)cc1,-1.7496302127838135
guided,CCC(CC)C(=O)N(c1ccc(F)cc1)[C@H](Cc1ccccc1)C(=O)O,-3.2112276554107666
guided,[CH2+][CH+]CN(CCCOC)[C-]([O-])Cn1[c+]2[cH+][cH-][c+]([S+2]([O-])([O-])N3CCCCCC3)[cH-][c+]2o[c-]1[O-].[H+],-2.3521556854248047
guided,O=S(=O)(c1ccccc1)c1cc(-c2ccccc2)nc(Nc2ccccc2)n1,-2.2188470363616943
guided,O=C(Cl)c1cn(-c2ccccc2)c(C2CCCCC2)n1,-2.2803893089294434
guided,NS([O])([O])[C]1[CH][CH][C]([N][N][C]2[CH][CH][C](N([O-])[O-])[CH][CH]2)[CH+][CH]1,-1.6481837034225464
guided,O=S(=O)(NCc1csc2ccccc12)c1ccc2c(c1)OCCO2,-3.131344795227051
guided,CN(C)S(=O)(=O)c1ccc(C(=O)Nc2ccc3ccccc3c2)c(Cl)c1,-2.54217791557312
guided,COCCNC(=O)c1cc(C2CC2)n(C)n1,-1.660567283630371
guided,CCOCCCn1c(SCC(=O)Nc2nc(C)cs2)nnc1-c1ccncc1,-1.5339303016662598
guided,[NH-]n1[c+](SC[C+]([O-])N[c+]2[n-][c+](C34CC5CC(CC(C5)C3)C4)[cH-]s2)[n-][n-][c+]1-[c+]1[cH-][cH+][cH-][cH+][cH-]1,-1.6672389507293701
guided,O=C(CN1C(=O)Cc2c([nH]c3ccccc23)C1=O)NCCCNCc1cccc2ccccc12,-2.12911319732666
guided,CCN1CC(=O)N2[C@H](c3ccccc3C)c3[nH]c4ccccc4c3C[C@@H]2C1=O,-2.2188470363616943
guided,Cc1nc(CNc2ccc(N3CCOCC3)cc2)sc1/C=C(/N)c1cccnc1,-1.7496302127838135
guided,CC(=O)[C@@H](Cc1ccccc1)Cc1ccc(F)cc1,-5.9427995681762695
guided,O=[N+]([O-])c1ccc(Nc2ccccn2)cc1O,-1.7210086584091187
guided,[O-][S+]([O-])N[c+]1[n-][c+]2[cH-][cH+][cH-][cH+][c-]2[n-][c+]1O[c+]1[cH-][cH+][c-](Cl)[cH+][cH-]1,-1.9781709909439087
guided,CCOC(=O)N[C@H](c1ccc(N2CCN(C(=O)CC)CC2)cc1)C(C)C,-2.14487624168396
guided,N#CNC1=NCN(Cc2ccccc2)CN1,-1.156320571899414
guided,N[S+2]([O-])([O-])[C-]1[CH+]N[C-]([c+]2[cH-][cH+][c-](Cl)[cH+][c-]2Cl)[CH+][CH-]1,-2.1753058433532715
guided,CC(C)CN(C#N)c1nc(N2CCOCC2)nc(N2CCOCC2)n1,-1.2678462266921997
guided,Clc1cc(-c2ccc(-c3ccccc3)c3ccccc23)cnn1,-2.419826030731201
guided,Cc1ccc(/N=N/c2cc3ccccc3nc2N)cc1,-1.5995122194290161
guided,O=C(C#Cc1ccccc1)N[C@H](O)C(=O)c1ccccc1,-2.998110294342041
guided,Cc1cc(C)n2nc(SCC(=O)NCc3ccco3)nc2n1,-1.4739243984222412
guided,CCOc1nc2cccc(C(=O)O)c2n1Cc1ccc(C)cc1,-2.419826030731201
guided,C[C]1[CH][C][C]([N][C]([S])N(CCN2CCOCC2)C[C]2[CH][CH][CH]S2)[CH][CH]1.[H+],-2.1057322025299072
guided,CCn1cc(/C=N/NC(=O)c2ccc(-c3ccc(Cl)cc3)o2)c2ccccc21,-2.2188470363616943
guided,O=C(CCCCCN1CCc2cc3ccccc3cc2C1=O)N[C@@H](Cc1c[nH]c2cc3ccccc3cc12)C(=O)O,-2.59964919090271
guided,S=c1[nH]nc(COc2ccccc2)n1/N=C/c1cccnc1,-1.4739243984222412
guided,COc1cc(NC(=O)Cn2c(C)cc3ccccc3c2=O)cc(OC)c1OC,-2.6161489486694336
guided,COc1ccc(N(CC(=O)N2CC=C(c3ccccc3)CC2)S(C)(=O)=O)cc1OC,-2.6850228309631348
guided,N#CC(C#N)=C(N)S[C@@H](C(=O)NC1CCCCC1)c1ccccc1,-1.7814180850982666
guided,O=C1C(=CNCc2ccco2)C(=O)c2ccccc21,-2.8982770442962646
guided,[C-2]=[N+]1CC([O-])=NN2C1=C(C#N)[N+]#P2C=C1C=CC(=[O+]Cc2ccccc2)C=C1,-1.7146004438400269
guided,[NH-]O[c+]1[cH-][cH+][cH-][cH+][c-]1F,-2.1539745330810547
guided,N/C(=N\OS(=O)(=O)c1ccc(F)cc1)c1cccc([N+](=O)[O-])c1,-2.022524118423462
guided,O=C(COC(=O)C1CCCCC1)c1cccs1,-5.831882476806641
guided,[CH2-]CCn1[cH+][n-][c-]2[c+](N)[n-][cH+][n-][c+]21,-0.9493998885154724
guided,CCCCn1c(SCC(=O)c2ccc(C)c(C)c2)nc2c1c(=O)[nH]c(=O)n2C,-1.9352717399597168
guided,ON1[CH-]CSCC1,-1.9042375087738037
guided,Cc1cc(-c2ccccc2)nc(S[C@H](C(=O)O)c2ccc(F)cc2)n1,-2.5030341148376465
guided,CCOP(=O)(Cc1cc2ccccc2n2nnnc12)OCC,-1.6945956945419312
guided,NS(=O)(=O)c1ccc(NC(=S)NNC(=O)c2ccco2)cc1,-1.6945956945419312
guided,NNc1nc2cccnc2s1,-1.0037134885787964
guided,O=[N+]([O-])c1ccc(NC(=S)Nc2cccc3c2CCNC3)cc1,-1.738948941230774
guided,N/C(=N\Cc1ccccc1)c1cccc(NC(=O)[C@H]2CCCO2)c1,-2.064993381500244
guided,Fc1ccccc1/C=C/C=N/c1ccccc1,-2.7873599529266357
guided,O=C(N/N=C\C=N\c1cccc(O)c1)c1ccccc1,-1.8830875158309937
guided,COc1ccc(COC(=O)NN2CCOCC2)cc1,-2.229227304458618
guided,CCCCN(CCC)c1nnc(NC(=O)COC)s1,-1.548350214958191
guided,CO[C]1[CH][CH][C]([CH+][N]N[C]([O])CN[C]([O])CO[C]2[CH][CH][C]3[CH][CH][CH][CH][C]3[CH]2)[CH][C]1N([O-])[O-],-2.068580389022827
guided,O=[N+]([O-])c1c(Cl)nc(N2CCCCC2)nc1NCc1cccnc1,-1.3800767660140991
guided,NS(=O)(=O)c1ccc(CCNC(=O)CN2CCN(c3ccccc3O)CC2)cc1,-1.970301628112793
guided,[O-][C+]([CH+][CH+][c+]1[cH-][cH+][cH-]s1)N([O-])N[c+]1[cH-][cH+][cH-][cH+][c-]1N([O-])[O-],-1.931758999824524
guided,NC1=C[C@@H](S[C@]2(Br)[C-](Cl)[C@@H]2c2ccncc2)N=C[CH+]1,-1.8319255113601685
guided,CCCCn1nnc(NC(=S)NC(=O)c2ccc(OC)cc2)n1,-1.337607502937317
guided,O=P(O)(O)C#Cc1ccccc1,-5.48479700088501
guided,Brc1ccc(OC2CCCCC2)c(CNCCCc2ccccc2)c1,-3.172083616256714
guided,[CH2-]O[N-][C+]([c+]1[cH-][cH+][c-](Cl)[cH+][cH-]1)[c+]1[cH-][cH+][c-](N([O-])[O-])[cH+][c-]1Cl,-2.3290607929229736
guided,CCN(c1ccccc1)C1CCN(Cc2cc3cc(OC)ccc3[nH]c2=O)CC1,-2.2538769245147705
guided,C[C]1[CH][C](C)[C](S([O])([O])N2CC[C]3[CH][CH][CH][CH][C+]32)[CH][C]1N([O-])[O-],-2.419826030731201
guided,CCOc1ccc(C(=O)N2CCN(c3ccccc3)CC2)cc1OCC,-2.54217791557312
guided,CC/[S+]=C1\C=CC=C\C1=C(/[O-])Nc1ccc(C(C)C)cc1,-2.998110294342041
guided,Fc1cccc(NC(=S)N2CCN(CCc3cccc(OC4CCCCC4)c3)CC2)c1,-2.3204572200775146
guided,Cc1ccc2c(c1)C=COO2,-5.398162841796875
guided,N/C(CS(=O)(=O)c1ccc(Cl)c(Cl)c1)=N\O,-2.0578689575195312
guided,CC1(C)CN=C(N2CCN(c3ccccn3)CC2)S1,-1.548350214958191
guided,O=C(COc1cc(F)ccc1-c1ccccc1)Oc1ncccn1,-2.4622952938079834
guided,Cc1ccc([C@@](C)(O)CS(=O)(=O)c2cccc3cccnc23)cc1,-3.131344795227051
guided,[O][C](C[C+]1[CH][CH][CH][C]2[CH][CH][CH][CH][C]21)N[C]1[CH][CH][C](N([O-])[O-])[CH][CH]1,-2.419826030731201
guided,COc1ccccc1/C=N/NC(=O)c1c(C)noc1C,-1.8830875158309937
guided,CN(C)P([O-])N(C)C.[CH2+][CH-]Cl,-1.6845905780792236
guided,[N-2][C+]1[c-]2[cH+][cH-][cH+][n-][c+]2[C+]([O-])N1CCO[c+]1[cH-][cH+][cH-][cH+][cH-]1,-1.8830875158309937
guided,CO[c-]1[cH+][cH-][c+](N[N-][c+]2[cH-][c+](C)[nH][n-]2)[cH-][cH+]1,-1.3769919872283936
guided,CC(=O)NC(=S)Nc1ccc(NC(=O)c2ccc(C(C)(C)C)cc2)cc1,-2.14487624168396
guided,CO[N-][C+]([S-])N[C-]([O-])[C+]1[CH+][C-](N([O-])[O-])[CH+][CH-][C+]1N1CCCCC1,-1.738948941230774
guided,S=C(NCc1ccccc1)N/N=c1\cc(-c2cccs2)[nH]c2c(Cl)cccc12,-1.9352717399597168
guided,N[P@](=O)(Oc1ccc(F)cc1)Oc1ccccc1F,-2.8982770442962646
guided,[O][C](N[N][C]([CH][CH][C]1[CH][CH][CH][C](N([O-])[O-])[CH]1)[C+]([O])NC1CC1)[C]1[CH][CH][CH][CH][CH]1,-1.9352717399597168
guided,CS/[C-]=C/C=C\[C]/[CH+]=N/NC(=O)[c-]1cc2ccccc2[o+]1,-2.3290607929229736
guided,COc1ccccc1N1CCN(C(=O)c2cc3cc(Br)ccc3oc2=O)CC1,-2.6161489486694336
guided,COc1cccc([C@H]2SCC(=O)N2Cc2ccc(Cl)c(Cl)c2)c1OC,-3.172083616256714
guided,O=C(C[C@H](O)CSc1ccc2c(c1)OCCO2)N1CCCC1,-3.044522523880005
guided,OC1(c2cccc(C(F)(F)F)c2)CCNCC1,-2.7873599529266357
guided,COC(=O)C1=C(C)NC(=O)N[C-]1/C=C/c1ccccc1.[H+],-2.2803893089294434
guided,COc1cccc([N+](=O)[O-])c1C(=O)O,-2.59383225440979
guided,CC[C-]([O-])N[C][N-][C+]([N-][c+]1[cH+][cH+][c+](C)[cH-][cH+]1)N[C-]([O-])CCl,-1.6481837034225464
guided,CN(CC(=O)N1CCCC1)S(=O)(=O)c1ccc2[nH]c(=O)c(=O)[nH]c2c1,-1.8221569061279297
guided,Cc1ccc(OCCCCN2CCN(C)CC2)cc1Br,-2.2803893089294434
guided,[H+].[O-][C+](CS[C][CH+][C][CH+][C+]1[CH+][CH-][CH+][CH-][CH+]1)N[c-]1[cH+][c-](N([O-])[O-])[cH+][cH-][c+]1F,-2.5030341148376465
guided,CCN(C(=O)c1ccccc1F)C1=N/C(=C(\[O-])Nc2cc(C)ccc2C)C=[S+]1,-2.2188470363616943
guided,COc1ccc(S(=O)(=O)N/N=C\C2CCCCC2)cc1,-2.2803893089294434
guided,NC(=O)c1ccc(N2CCCCC2)c(N2C(=O)[C@@H]3[C@H](C2=O)[C@H]2C=C[C@@H]3C2)c1,-2.1825454235076904
guided,O=C(c1ccccc1F)c1[nH]ncc1Cc1ccccc1,-2.3290607929229736
guided,COc1ccnc(COC(=O)n2c(=O)oc3ccccc32)c1,-2.3754727840423584
guided,COCc1ccc(CN2CCC(N3CCC(C(N)=O)CC3)CC2)o1,-2.064993381500244
guided,COc1ccc(S(=O)(=O)Nc2ccccc2OC)cc1,-2.94943904876709
guided,[OH-],-3.044522523880005
guided,[O+]#P(c1ccccc1)c1ccccc1.[O-]C1=CCCO1,-5.993961334228516
guided,CN1CCN(CCP(=O)(c2ccccc2)c2ccccc2)CC1,-2.419826030731201
guided,Clc1ccccc1Cn1c(C2CC2)nc2ccccc21,-2.2803893089294434
guided,COc1ccc(N2CCN(c3nc4ccccc4o3)CC2)cc1,-2.022524118423462
guided,O=C1C[C@H](N[C][O-])[C+]2=C1[S+]=C1C=CC=C[C-]12,-2.7269186973571777
guided,O=C(c1ccc2c(c1)N(C(=O)C1CC1)CC2)N1CCC2(CC1)OCCO2,-2.54217791557312
guided,Nn1cnnc1N/N=C\c1ccccc1OCc1ccc(Cl)cc1Cl,-1.4208155870437622
guided,O=C(CN1CCC2(CC1)OCCO2)c1cccs1,-2.844355583190918
guided,NNC(=O)CCNS(=O)(=O)c1cccc2nsnc12,-1.3276787996292114
guided,COc1ccc(-c2cc3nc(C)c(CCC(=O)N4CCc5ccccc54)c(C)n3n2)cc1OC,-2.12911319732666
guided,NC(=O)c1ccnc(Oc2ccccc2F)n1,-1.7210086584091187
guided,Fc1ccccc1CSc1nncc(-c2cccs2)n1,-1.8830875158309937
guided,COc1ccccc1OCCn1cc(C(F)(F)F)ccc1=O,-3.044522523880005
guided,CNS(=O)(=O)O/C(=C/c1ccccc1)C(=O)CCc1ccccc1,-3.131344795227051
guided,COc1ccccc1CN1CCC(n2nccc2NC(=O)CC2Oc3ccccc3O2)CC1,-2.099304676055908
guided,COc1ccccc1SCC(=O)Nc1c2c(nn1-c1ccc(F)cc1)CS(=O)(=O)C2,-2.2877211570739746
guided,O=C(Nc1cnn(Cc2ccc(Cl)c(Cl)c2)c1)c1ccccc1,-2.022524118423462
guided,O=C(CCN(Cc1ccc(Br)o1)c1ccccc1)NC1CCCC1,-2.4622952938079834
guided,CCNS(=O)(=O)c1ccc(OCC(=O)NC2CCCCCC2)cc1,-2.4622952938079834
guided,O=[S@@]1(O)=c2cnccc2=C2/C(=N/C(CCc3ccco3)=N\[S@](#[O+])([O-])c3ccc(F)cc3)N21,-2.068580389022827
guided,COc1cccc(Oc2cc3[nH]c(C)[o+]on([O-])c3cc2OC)c1,-2.4622952938079834
guided,NS(=O)(=O)c1ccc(Br)c2ccccc12,-2.662587881088257
guided,[OH-],-3.044522523880005
guided,CO[c-]1[cH+][cH-][c+](C2[CH-]NCCN2)[c-](OC(C)C)[cH+]1,-2.1753058433532715
guided,COc1cc(Br)cc(C(=O)NNC(=S)NCc2ccccc2)c1O,-2.064993381500244
guided,O=c1c2[nH]c3ccccc3c2ncn1Cc1cccc(Cl)c1,-1.9781709909439087
guided,c1csc(CSc2nc3ccccc3[nH]2)c1,-2.0578689575195312
guided,CC[C@@H](NC=C1C(=O)OC(C)(C)OC1=O)C(=O)O,-2.844355583190918
guided,[CH2-]OCCCN(CC(O)CO[c+]1[cH-][cH+][cH-][cH+][cH-]1)[S+2]([O-])([O-])[c+]1[cH-][cH+][cH-]s1,-3.172083616256714
guided,O=C(CCc1ccccc1)N/N=C(/C=C/c1ccco1)c1ccccc1,-2.54217791557312
guided,N#Cc1cc2c(OCCN3CCN(Cc4ccccc4)CC3)cccc2[nH]1,-1.898970127105713
guided,C[S+][C]1[C][C](C)[N][C]([C-]2[S+][CH][CH][C]2C)[CH]1,-2.662587881088257
guided,COc1ccccc1N[C@@H]1c2ccccc2C(=O)N1Cc1ccccc1,-2.54217791557312
guided,O=C(CN1CCN(c2ccccc2F)CC1)N/N=C/c1ccccn1,-1.6014856100082397
guided,O=c1c(CSc2nc3ccccc3c3nccn23)c(F)nc2sccn12,-1.640629529953003
guided,[CH2-]N1CCN(C[c+]2[cH-][c+]([O-])o[c+]3[cH-][cH+][c-](Cl)[cH+][c-]23)CC1,-2.2803893089294434
guided,[OH-],-3.044522523880005
guided,COc1cc(NS(=O)(=O)c2cccc(C(F)(F)F)c2)nc(OC)n1,-2.064993381500244
guided,O=C(NC(=S)Nc1cc2c(cc1Br)OCCO2)c1cncc(Br)c1,-2.064993381500244
guided,[NH-][C+]([O-])[c+]1[c-](N[c+]2[n-][cH+][cH-]s2)s[c+]2[c-]1CCCCCC2,-1.8830875158309937
guided,CCN(CC)Cn1cnc2[s+]c(C(=O)OC)c(C)c-2c1[O-],-1.931758999824524
guided,C/C(Cc1ccccc1)=[NH+]\C(=O)Nc1cccc(Cl)c1.CC(C)OP([O-])OC(C)C,-2.6850228309631348
guided,O=C(NS(=O)(=O)c1cccc2cccnc12)c1ccc[nH]1,-1.931758999824524
guided,CC1[CH+][C-]([O-])N[c+]2[cH-][cH+][cH-][cH+][c-]2N1[C-]([O-])N[C+]1[CH+][CH-][CH+][CH-][CH+]1,-1.9781709909439087
guided,C[C@H](Sc1nnc(-c2ccccc2)n1C)C(=O)Nc1ccccc1Cl,-1.8221569061279297
guided,COc1cc2ccccc2cc1C(=O)N/N=C/C=C/c1ccccc1,-2.5030341148376465
guided,COc1cc(CNC2CCCCCC2)cc(Cl)c1OS(C)(=O)=O,-3.0888755321502686
guided,COc1cc(NC(=S)NCCSC2CCCCC2)c(OC)cc1NC(=O)c1ccco1,-2.3204572200775146
guided,N#[N+][N-]C(c1ccccc1)c1ccccc1,-1.660567283630371
guided,COc1ccc(-c2nnc3n2CCCCC3)cc1COc1ccc(F)cc1F,-2.2188470363616943
guided,CCC(=O)c1cc(-c2nc3ccccc3n2C)n(C)n1,-1.5995122194290161
guided,COc1ccc(N2CCN(C(=S)NCc3ccc(F)cc3)CC2)cc1,-2.1057322025299072
guided,Nc1ncnc2c1ncn2[C@@H]1O[C@H](COP(=O)(O)O)[C@@H](O)[C@H]1O,-1.5182775259017944
guided,COc1ccc(N[C@@H]2c3ccccc3C(=O)N2Cc2cc(C)ccc2C)c(OC)c1,-2.6850228309631348
guided,CCOc1cccc(/C=N/NC(=O)c2nc3nc(C)cc(C)n3n2)c1,-1.4208155870437622
guided,[O-]N([O-])[CH+]C(O)C[S+]([O-])[c+]1[cH-][cH+][cH-]s1,-2.59383225440979
guided,COc1cc(OC)c2cc(C(=O)NC3=NCCS3)[nH]c2c1,-1.931758999824524
guided,N#Cc1ccc(C(=O)NNC(=O)NC2CCCCC2)cc1,-1.6481837034225464
guided,CC(C)N(C)CCc1nc2c(F)cccn2c1[N-]c1cccc(C(=O)O)c1.[H+],-1.898970127105713
guided,CCN(Cc1nccn1C)c1ccccc1,-1.660567283630371
guided,COc1ccccc1N(CC(=O)O)S(=O)(=O)c1ccccc1,-3.044522523880005
guided,N[C@@H](Cc1c[nH]c2ccccc12)[C@@H]1Nc2ccccc2O1,-1.931758999824524
guided,[OH-],-3.044522523880005
guided,COc1ccc(NC[C@H]2CCCO2)cc1OC,-2.7873599529266357
guided,O=S(=O)(NCCOCc1ccccn1)c1ccccc1,-2.2803893089294434
guided,CCN1[C](C[C+]([O])N[C]2[CH][C](Cl)[CH][CH][C]2Cl)[N][N][C]1SC[C]1[CH][CH][C](N([O-])[O-])[CH][CH]1,-1.7834744453430176
guided,O=C(COc1ccccc1F)Nc1ccc2c(c1)nc1n2CCSC1,-2.1057322025299072
guided,COCC[C@H](NCC(=O)NC1=[S+]C(C)=C(C)/C1=C(\N)[O-])C(=O)OC,-2.064993381500244
guided,[O]S([O])([C+]1[CH][CH][C](Cl)[CH][CH]1)N(C[C]1[CH][CH][CH][C](N([O-])[O-])[CH]1)C[C]1[CH][CH][CH]S1,-2.5798470973968506
guided,COc1cc([C@H](CC(=O)c2ccccc2)C(C)C)cc(OC)c1OC,-6.216606140136719
guided,CC(=O)N(C1=NN(CCc2ccc3ccccc3c2)C(=O)C1)S(=O)(=O)c1ccc(C)cc1,-2.3521556854248047
guided,O=C(NCCN1CCCCC1)c1cc(S(=O)(=O)N2CCOCC2)ccc1N1CCOCC1,-2.068580389022827
guided,Oc1ccc(Oc2ccc3c(Oc4ccccc4)ncnc3c2)cc1,-2.5030341148376465
guided,O=S1(=O)CCN(CCc2cn3ccccc3n2)CC1,-1.8319255113601685
guided,COc1ccc(NC(=O)NCCCN2CCCC2=O)c(OC)c1,-2.022524118423462
guided,[CH2-][c+]1[n-][nH][c+](C)[c-]1[S+2]([O-])([O-])N(C[C-]([O-])NCCCOCC)[C+]1[CH+][CH-][CH+][C-](C)[CH+]1,-1.9352717399597168
guided,COCCCn1c(=O)c2ccccc2n(CC(=O)NC[C@@H]2CCCO2)c1=O,-2.1825454235076904
guided,CC(/C=C/c1ccc(C#N)cc1)=N\NS(=O)(=O)c1ccccc1,-2.022524118423462
guided,CN1CCN([C-]([O-])[C+]([O-])[C+]2[CH+][CH-][c+]3[c-](Br)[cH+][cH-][cH+][c-]32)CC1,-2.3290607929229736
guided,[CH2-]OCCS[c+]1[n-][n-][c+](N[C+]([O-])C[c+]2[cH-][cH+][cH-][cH+][cH-]2)s1,-1.8830875158309937
guided,NC(=S)NNC(=S)Nc1cccc(Cl)c1,-1.312661051750183
guided,[CH2-]CC([C][N])(C[C]C(C)(C)C)N[C]([O])C1C[O+][C]2[CH][CH][CH][CH][C]2[O+]1,-2.4622952938079834
guided,[O-][C+](CN1[C+]([O-])CC[C+]1[O-])NN[C-]([S-])NN[c+]1[n-][cH+][c-]2[c+]([nH]1)CCCC2,-1.306990146636963
guided,NNC(=O)c1cc(S(=O)(=O)Nc2ccc(S(=O)(=O)Nc3nccs3)cc2)ccc1Cl,-1.7834744453430176
guided,C=[P@]([S-])(CC)c1cccnc1N.O=P(O)=[OH+],-2.0578689575195312
guided,CCCN(CCC)CCCNC(=O)CNc1nc(C(C)(C)C)cs1,-1.7814180850982666
guided,[C-3]SC[C+]([O-])O,-4.795790672302246
guided,CN(C)S(=O)(=O)c1ccc(OCC(=O)NCCN2CCCC2)cc1,-2.064993381500244
guided,[O-]N([O-])[C+]1[CH+][CH-][CH+][CH-][C+]1[S+2]([O-])([O-])[N-][C+]1CCC[N-]1,-1.7780040502548218
guided,N[S+2]([O-])([O-])[c-]1[cH+][cH-][c+](N[C-]([O-])CS[c+]2[n-][nH][c+]3[c-]4[cH+][cH-][cH+][cH-][c+]4[cH-][cH+]n23)[cH-][cH+]1,-1.7146004438400269
guided,CN(C)P1=NC(N)=NC(c2ccccc2)=[N+]=1.[CH2-]OCC(=O)O,-1.4739243984222412
guided,[CH2-]O[N-][C+]1[c+]2[cH-][c+](N([O-])[O-])[cH-][cH+][c-]2OC(C)(Cl)C1C,-2.229227304458618
guided,CCO/N=C\c1ccsc1CNC(=O)Nc1ccc([N+](=O)[O-])cc1,-1.7814180850982666
guided,Cc1csc(/C(C#N)=C(\O)COC(=O)Cc2cn3ccsc3n2)n1,-1.7814180850982666
guided,C/C(=N\Nc1nc(N2CCOCC2)nc(N2CCOCC2)n1)c1ccc(NC(=O)Cc2ccco2)cc1,-1.5265963077545166
guided,O=C(O)c1cnn(Cc2ccc(Cl)cc2)n1,-1.660567283630371
guided,CN(CC(=O)Nc1ccc([N+](=O)[O-])cc1Cc1cccs1)C1CCCCC1,-2.1825454235076904
guided,NNC(=S)NCCc1ccc(Cl)cc1,-1.5274808406829834
guided,Nc1ccc2c(c1)/C(=N/c1ccccc1N)CCC2,-1.8319255113601685
guided,Cc1cccc(C)c1NC(=S)NCCSCc1ccc2c(c1)OCO2,-2.5030341148376465
guided,O=S(=O)(NCCCC/[S+]=C1/N=NC(COc2ccc(C(F)(F)F)cc2N([O-])[O-])=[O+]1)c1ccccc1F,-2.186189889907837
guided,C=[O+]c1ccccc1.[O-]P(c1ccccc1)c1ccccc1,-6.08904504776001
guided,CN[C@@]1(c2nnnn2-c2ccccc2C)CCOC(C)(C)C1,-1.4739243984222412
guided,O=C(NN(CCO)CCO)C1CCCCC1,-2.0578689575195312
guided,CCCCCn1c(=O)c(C(=O)Nc2c(C)n(C)n(-c3ccccc3)c2=O)c(O)c2ccccc21,-2.12911319732666
guided,O=C(c1ccc2ncccc2c1)N1CCN(c2n[nH]c(=O)[nH]c2=O)CC1,-1.4599595069885254
guided,Cc1nn(Cc2ccc(F)cc2)c(C)c1NC(=O)c1cnn2c(N)ccnc12,-1.3809610605239868
guided,[OH-],-3.044522523880005
guided,CN(CCS(=O)(=O)c1ccc(Cl)cc1)CC(=O)Nc1ccccc1Sc1ccc(C#N)cc1,-2.3828799724578857
guided,O=[N+]([O-])c1ccc(OCCc2ccccc2)cc1NC(=S)N1CCCCC1,-2.1825454235076904
guided,O=C1CS[C@@H](c2cccnc2)N1Cc1cccc(F)c1,-2.2803893089294434
guided,O=C(NC[C@H]1CCCO1)c1ccc2ccccc2n1,-2.229227304458618
guided,NC[C@@H](c1ccccc1)c1c[nH]c2ccccc12,-2.1753058433532715
guided,CN1CCC[C@H]1c1cccnc1,-1.771224856376648
guided,CO[c-]1[cH+][c-]2[c+](OC(C)C)[cH-][c+](C)[n-][c+]2[cH-][c+]1OCCC[N-]CCN1CCC[C+]1[O-],-2.2877211570739746
guided,COc1ccc(N(C)S(=O)(=O)c2c(C)[nH]c(=O)[nH]c2=O)cc1,-1.9781709909439087
guided,CCOc1cc(C(=O)NC)cc(Br)c1OCc1cccc(F)c1,-3.0888755321502686
guided,CN1CCOCCO[CH-]NCCOCCOCCOCCOCCOCCOCCOCCOCCOCCN[C-]2C(=S)[N@H+]2CCOCCOCC1.[H+],-2.55348801612854
guided,N[C-](N)[N-][N-][C+]1[CH+][C+](N([O-])[O-])[CH-][CH+][CH-]1,-1.0232341289520264
guided,[CH2+]CCN(CCN=[S@@](=O)([O-])c1ccc(S(=O)(=O)N(C)C)cc1)CCOc1ccc(F)cc1,-2.3521556854248047
guided,COc1cc(C/C(=N\CCCN(C)C)C(=O)O)c(-c2ccc3ccccc3n2)cc1OC,-2.3521556854248047
guided,CN(C)C1(CNC(=O)CCNC(=O)C2CCCCC2)CCCCC1,-2.064993381500244
guided,Clc1ccc(S[C@H]2COc3ccc(Cl)cc3O2)cc1,-5.9427995681762695
guided,F[c+]1[c-](OC(F)F)[cH+][cH-][c+]2[c-]1[CH-]CC([c-]1[cH+][cH-][cH+][cH-][cH+]1)NC2,-3.044522523880005
guided,Nn1c(SCC(=O)NC2CCCC2)nnc1-c1ccccn1,-1.2932543754577637
guided,[CH2+]CCC[C][C+]1[C][N-][C+]([N-2])[C+]1[C+](N)[C-]([C][N-2])[C][N-2],-1.2737574577331543
guided,Cc1nc2c(C(=O)N3CCN(c4ncccn4)CC3)cnn2c(C)c1Cc1cccc(Cl)c1,-1.5449939966201782
guided,Clc1cccc(CN2CCOCC2)c1,-2.59383225440979
guided,O=C(Nc1cccc(Cl)c1)N1CCN(C/C=C/c2ccccc2)CC1,-2.1057322025299072
guided,O[C@@H](CN(/[C-]=C1\[C]N=C(Cl)C=C1)[C+]1=CC=CC=N1)Cn1cccn1,-1.5607467889785767
guided,CCNS(=O)(=O)c1ccc(NC(=O)C2=COCCO2)cc1,-2.3290607929229736
guided,COc1ccc(-n2c(=O)n(OCc3ccccc3OC)c3cc(Cl)cnc32)cc1,-2.2538769245147705
guided,Clc1cccc(Oc2nnnn2-c2ccc(-c3nnco3)cc2)c1,-1.3800767660140991
guided,O=C1c2ccccc2C(=O)N1C[C@@H](O)CN1CCNCC1,-1.931758999824524
guided,O=C(c1ccc(F)cc1)N1CCN(C(=S)Nc2ccccc2)CC1,-2.064993381500244
guided,CC(CC[C]([O])NC1C[C]([O])N(CC[C]2[CH][CH][CH][CH][CH]2)[C]1[O])[O+][C]([C][C]([O])NC[C]1[CH][CH][CH][CH][CH]1)CCC([C]([O])O)[C]1[CH][CH][CH][CH][CH]1,-2.7360692024230957
guided,COc1ccc(N(CC(=O)Nc2nccs2)S(=O)(=O)c2ccc(OC)c(OC)c2)cc1,-2.3204572200775146
guided,CCN(c1ccc(OCC(=O)N(C)C)cc1)S(=O)(=O)c1cnc[nH]1,-1.7814180850982666
guided,COc1ccc(S(=O)(=O)Nc2ccc(S(=O)(=O)N(C)C)cc2)cc1OCC(C)C,-2.6511785984039307
guided,Cc1cc(NC(=O)CSCC(=O)Nc2ccc(F)cc2C)no1,-2.022524118423462
guided,N[P@@](=O)(Oc1ccccc1)Oc1ccc2ccccc2c1,-2.998110294342041
guided,NS(=O)(=O)c1cc(C(=O)OCC(=O)c2ccc(O)cc2)ccc1Cl,-3.131344795227051
guided,COc1cc(OC)c(N/C=N\C(=S)Nc2c(C)cc(C)cc2C)cc1Cl,-2.14487624168396
guided,O=C(NC1CCCC1)[C@@H]1CCCN(C(=O)Nc2ccccc2)C1,-2.022524118423462
guided,CCOc1cc(CNCCO)cc(Br)c1OCc1ccc(F)cc1,-3.131344795227051
guided,COc1cnc(CNc2ccc(C(=O)O)cc2)nc1N(C)Cc1ccc2c(c1)OCO2,-2.036881923675537
guided,O=C(CS(=O)(=O)O)N(c1ccccc1)c1ncc(Cl)cc1Cl,-2.3754727840423584
guided,Brc1ccc(-n2ccc(CN3CCSCC3)n2)cc1,-1.8319255113601685
guided,[O-][C+]1C[C-]([C+]([O-])[N-][c+]2[nH][c+]3[cH-][cH+][c-](F)[cH+][c-]3s2)C2(CCCC2)O1,-2.419826030731201
guided,O=C(NCc1ccccn1)c1cccc2c1CCCC2,-2.2803893089294434
guided,O=S(=O)(/N=C(\c1ccc(Cl)cc1)N1CCOCC1)c1ccccc1,-2.4622952938079834
guided,[O-][C]N(CC#CC[C+]1=CCCCC1)C1CCCC1,-2.844355583190918
guided,S[C@@H](COCc1ccco1)Cn1c2ccccc2c2ccccc21,-3.131344795227051
guided,S=C(NC[C@@H]1CCCO1)Nc1cccc2c1CCCC2,-2.2803893089294434
guided,CN(C)CCCN1C(=O)C(=O)/C(=C(/O)c2ccccc2)[C@H]1c1ccco1,-2.54217791557312
guided,CC(=O)N1CCCc2cc(S(=O)(=O)NCCc3cn4ccc(C)cc4n3)ccc21,-1.970301628112793
guided,C[c+]1[n-][c+](C2C3C(CCN2[S+2]([O-])([O-])[c+]2[cH-][cH+][c-](C)[cH+][cH-]2)[NH+]3[C-](C)[O-])[cH-]s1,-2.14487624168396
guided,CCOc1ccc([C@@H]2NC(=O)NC(C)=C2C(=O)OCc2ccccc2)cc1,-2.5798470973968506
guided,CCCCNC(=O)C1=[S+]c2nc(C)nc(N3CCCC[C@H]3C)c2/C1=C(\[O-])O,-1.898970127105713
guided,CO[c-]1[cH+][cH-][c+](N[C-]([O-])[CH+]NC2CCCCN[C+]2[O-])[c-](N([O-])[O-])[cH+]1,-1.7814180850982666
guided,N[N-][C+]([O-])CN[C+]([O-])C(N[C+]([O-])C(N[C+]([O-])[c+]1[cH+][n-][cH-][cH+][cH-]1)[c+]1[cH-][cH+][cH-][cH+][cH-]1)[c+]1[cH-][cH+][cH-][cH+][cH-]1,-1.7277717590332031
guided,N[P@@](=O)(OCCCCc1ccccc1)Oc1ccccc1Cl,-3.044522523880005
guided,NNC(=O)CS(=O)(=O)c1ccc(Cl)cc1,-1.9935381412506104
guided,COCCN(CCNC(=O)CNC(=O)c1nn(-c2ccc(OC)c(Cl)c2)c(=O)c2ccccc12)C(C)C,-1.99288010597229
guided,O=C(NC(=S)N1CCOCC1)c1ccc(Br)o1,-2.1183104515075684
guided,Clc1nnc(Oc2cccc3cccnc23)c2ccccc12,-1.9781709909439087
guided,N#CCCCCN1CCCCCC1,-1.8509483337402344
guided,CC1=CC(C2=[N+]=[N+]=[N+]3C2=N/C(=N\c2ccccc2C)c2ccccc23)C=C[CH-]1.C[CH-]C.[H+].[O-2],-1.8479089736938477
guided,FC(F)OC(F)(F)[C@@H](F)Cl,-5.303304672241211
guided,CC(=O)c1sc(NC(=O)c2cc(-c3ccccn3)nc3ccccc23)nc1C,-1.9352717399597168
guided,Cc1ccc(N(CC(=O)NCCSc2ccccn2)S(C)(=O)=O)c(C)c1,-2.14487624168396
guided,[N-]=C([S-])N1CCN(CC2=[O+][C+](c3ccccc3)C=C2)CC1,-1.931758999824524
guided,[CH2+]C[C-]1[CH+][CH-][C+]([CH2-])[C+]2[C+]1[C]CCC2[C-]([O-])N[C+]1[C][CH+][CH-][CH+][C-]1OC,-3.131344795227051
guided,COc1ccc(C=O)c(OC)c1OC,-5.638354778289795
guided,CCOc1ccc([C@]2(C)NC(=O)N(CCn3cccc/c3=N\O)C2=O)cc1,-1.898970127105713
guided,S=C(N1CCCC1)N1CCN(c2ccc3ccccc3n2)CC1,-1.738948941230774
guided,O=S1(=O)CC=C(CSc2ccccn2)C1,-2.662587881088257
guided,COC1(N[C-]([O-])C([C+]2[CH+][CH-][C+](O)[CH-][CH+]2)[C-]([O-])O)[C+]([O-])N2[C][C+](CS[c+]3[n-][c+]4[cH-][cH+][cH-][cH+][c-]4[nH]3)C[CH+][C+]21,-2.186189889907837
guided,Fc1ccc2nc(CCCCCNc3ccccc3)[nH]c2c1,-1.9781709909439087
guided,[CH2-][C+]1[CH-][CH+][C+]([C+]([O-])C2CCCN([C-]([O-])[c+]3[cH-][cH+][c-](OC)o3)C2)[CH+][CH-]1,-3.131344795227051
guided,CON1[C][N-]CC(CN(C)C)(N([O-])[O-])C1,-1.312661051750183
guided,COc1ccccc1N(Cc1ccco1)NC(=O)Cc1ccc(F)cc1,-2.54217791557312
guided,ClC1=NC(N2CCOCC2)=C=C(NCCCN2CCOCC2)N1,-1.5182775259017944
guided,Cc1nc(N)cc(=O)[nH]1,-1.087623119354248
guided,COc1ccc(S(=O)(=O)N2CCOCC2)cc1NC(=O)c1ccc(F)cc1,-2.5798470973968506
guided,S=C(Nc1ccc(Cl)c(Cl)c1)N(Cc1ccncc1)Cc1ccco1,-2.1057322025299072
guided,N/C(Cc1ccccc1)=N\OC(=O)c1ccccc1F,-2.2803893089294434
guided,COc1ccc(C(=O)NC(=O)NCc2ccc3c(c2)OCO3)cc1OC,-2.54217791557312
guided,CCC(=O)c1ccc(NC(=O)CN2CCN(c3ccc(F)cc3)CC2)cc1C,-2.2188470363616943
guided,O=[C+]([C@H](Cc1ccccc1)N[C][O-])N1CCc2ccccc2C1,-2.419826030731201
guided,O=C1CN(S(=O)(=O)c2ccc(Cl)c3cccnc23)c2ccccc2N1,-2.1057322025299072
guided,O=C(O)CCc1ccc(S(=O)(=O)N2CCCC2)s1,-2.844355583190918
guided,CN(C)S(=O)(=O)N1CCc2ccc(NC(=O)c3cccs3)cc2C1,-2.064993381500244
guided,CCCNC(=O)COC(=O)CN1C(=O)[C@H]2CC=CC[C@H]2C1=O,-2.3754727840423584
guided,[CH2-]N1[C+](N[CH-]CCC)SC([C+]([O-])N[C+]2[CH+][CH-][CH+][CH-][C+]2N2CCOCC2)C[C-]1[O-],-1.9352717399597168
guided,[C]1CN1P1[N][C](CO[C]2[CH][CH][CH][CH][CH]2)[N][C]([NH+]C[C]2[CH][CH][CH-][O+]2)[N]1,-1.5607467889785767
guided,O=[N+]([O-])c1cccc(/C=N/c2ccccc2O)c1O,-2.229227304458618
guided,COc1ccc([C@H](CNc2cccc3ccccc23)NN)cc1,-2.022524118423462
guided,CCC[CH-][c+]1[c+]([O-])n(C[C+]2[CH+][C+](N([O-])[O-])[C-](OC)[CH+][CH-]2)[c+]2n([c-]1[C+]1[CH+][C+](OC)[C-](OC)[C+](OC)[CH-]1)[N-][N-][N-]2,-1.8388428688049316
guided,NCCNCCNCCN,-0.9088557362556458
guided,N#CNNC(=O)c1cccnc1,-1.0903477668762207
guided,Cc1cccc(N(CC(=O)N/N=C/c2ccco2)S(=O)(=O)c2ccccc2)c1,-2.2188470363616943
guided,CCOc1ccc(/C=C2\SC(=S)N(CCC(=O)Nc3ccc(C(=O)O)cc3)C2=O)cc1,-2.717759132385254
guided,Oc1ccc(-n2nnnc2C2=NNC=CC2)cc1Cl,-1.1470087766647339
guided,Clc1nc(Nc2cccc3ccccc23)c2nnn(Cc3ccccc3Cl)c2n1,-1.568960189819336
guided,NS(=O)(=O)c1cccc(NC(=O)CSc2nc3ccccc3s2)c1,-2.064993381500244
guided,CCOc1cc(/C=N/O)cc(Cc2ccc3c(c2)n(C)c(=O)n3C)c1O,-2.14487624168396
guided,CC(=O)Nc1ccc(NC(=O)C[C@H]2S/C(=N\c3ccccc3)NC2=O)cc1,-1.898970127105713
guided,Nc1nnnn1/N=C/c1cccc2ccccc12,-1.0930874347686768
guided,Cc1ccc(C(=O)OCc2ccccc2)c(C)c1,-5.888877868652344
guided,Cc1cc(C)cc(N(CC(=O)NC(C)C)C(=O)COC(=O)c2ccccc2NS(=O)(=O)c2cccs2)c1,-2.497126817703247
guided,Nc1ccccc1OC(F)F,-2.35364031791687
guided,O=C(Cn1c(=O)oc2ccc(Cl)cc21)NC1CCN(Cc2cccc(F)c2)CC1,-2.2538769245147705
guided,O=C(CCCNC(=O)C1CCN(Cc2ccccc2)CC1)NCCc1ccccc1,-2.2877211570739746
guided,COc1cc(/C=N/NC(N)=S)ccc1Oc1cccnc1,-1.6481837034225464
guided,C[C@H](C(=O)N1CCCCC1)N1CCN(C(=O)c2ccc(F)cc2)CC1,-2.1057322025299072
guided,CC(=O)N(C)Cc1cc2cc(C)cc(C)c2[nH]c1=O,-2.229227304458618
guided,O=[N+]([O-])c1c(NCC/C=C/c2ccccc2)cc(N2CCCCCC2)c2nonc12,-1.7834744453430176
guided,COCCNC(=O)c1cc(OC)cc(Oc2ccccc2OC)c1,-3.131344795227051
guided,CO[C][CH+][CH-][C+]([C+]([O-])CS[c+]1[n-][nH][c+](N)[n-]1)[C-]1[CH+]S[C-](N)[N-]1,-1.2932543754577637
guided,[H+].[H]/[S+]=[C-]\CC1=C([C@H]2[CH-]CCCN2)CCCC1,-2.662587881088257
guided,c1coc(CNCC2CCCCC2)c1,-2.59383225440979
guided,CO[CH-]C1CCC[C+]([N-]C[c+]2[cH-][cH+][cH-]o2)N1,-2.0578689575195312
guided,CC[C@@H](C(=O)NCCOC)n1nc(C)c2[s+]c3ccccc3c-2c1[O-],-2.1057322025299072
guided,O=C1/C(=C/C=C/CCCCCCCCO)C=Cc2ccccc21,-6.133398056030273
guided,O=C1N/C(=[C+]2\C=CCCC2)[C]/C1=[O+]\c1ccc(N([O-])[O-])cc1,-2.3754727840423584
guided,[O-][c+]1[c-]2[c+]([n-][cH+]n1C[C+]1[CH+][C+](N([O-])[O-])[CH-][CH+][CH-]1)[N-][N-][N-]2,-1.1981709003448486
guided,Clc1ccc(-n2cc(-c3ccccc3)c3c(NN4CCOCC4)ncnc32)cc1,-1.7496302127838135
guided,COC(=O)c1ccc(C(=O)Nc2cccc3c2CCCC3)cc1,-3.0888755321502686
guided,Brc1ccc(/C=N/n2cnnc2)o1,-1.1700712442398071
guided,CCN[C@H](C)CNC(=O)C[C@H]1C(=O)NCCN1Cc1cccc2ccccc12,-1.9352717399597168
guided,Clc1cc(CNc2ccccc2)cnn1,-1.5962363481521606
guided,O=C(CNC1=NCCC1)c1ccc2c(c1)OCO2,-2.1753058433532715
guided,CN(C)S(=O)(=O)c1ccc(CCC(=O)N2CCCC2)cc1,-2.3290607929229736
guided,COc1ccc(Cn2c(=O)[nH]c3cc(C(=O)NCCc4cnn[nH]4)ccc32)c(C)c1C,-1.63554048538208
guided,CC(=O)Nc1nc2ccccc2n1Cc1cccs1,-1.8319255113601685
guided,[CH2-]O[c+]1[cH-][cH+][c-](N2CCN(CN[C+]([O-])[c+]3[cH-][cH+][cH-]o3)CC2)[cH+][cH-]1,-2.022524118423462
guided,F[C-]1CC[C@H](OCC[N+]2(C(=S)OCc3ccccc3)CC2)C1,-3.044522523880005
guided,O=C(O)c1ccccc1C(=O)O,-5.48479700088501
guided,Nn1ccc(=O)n(CCN2CCOCC2)c1=O,-1.4374333620071411
guided,CCCN(CC)Cc1cc(=O)oc2ccc3ccccc3c12,-3.044522523880005
guided,COc1cc(SC)cc(C(=O)Nc2ccc3c(c2)OCCCO3)c1,-3.131344795227051
guided,Brc1cccc(CNCc2ccc3c(c2)OCO3)c1,-2.8982770442962646
guided,CO[C-]1[CH+][CH+][C+]([C-]2[N-][C+]3[CH+][CH-]S[C+]3[C-](N3CCCN([C+]([O-])[C+]4[CH+][CH-][CH+]O4)CC3)[N-]2)[C][N-]1,-1.8162105083465576
guided,O=[N+]([O-])/C(CN1CCOCC1)=N\Nc1ccc(F)cc1F,-1.6481837034225464
guided,O=C(O)c1ccccc1-c1ccccc1C(=O)Nc1nc2ccccc2s1,-2.5798470973968506
guided,C=CCn1nnc2[s+]c3c(c-2c1[O-])C[C@H](C)CC3,-1.7780040502548218
guided,CNS(=O)(=O)c1ccc(Nc2cccc(F)c2)nc1C(=O)N1CCc2ccccc2C1,-2.036881923675537
guided,CC[C@H](CO)N[C@H](CC(=O)n1cccn1)c1ccccc1,-1.931758999824524
guided,[O-][C+]([c+]1[cH-][cH+][c-](Cl)[cH+][cH-]1)P([O-])OCC1CC1,-5.7714409828186035
guided,Cc1cc(COc2ccccc2Cl)no1,-2.662587881088257
guided,c1ncn([C@H]2CCCOC2)n1,-1.287288784980774
guided,CC(=O)Nc1nnc(S[C@@H]2CCOC2=O)s1,-1.660567283630371
guided,[O-][S+]([O-])/N=C(\c1ccccc1)[n+]1ccccc1,-2.1183104515075684
guided,CC(C)C(=O)N[C@@H](NC(=S)Nc1ccccc1[N+](=O)[O-])C(Cl)(Cl)Cl,-1.7814180850982666
guided,CCOc1ccc(Oc2nc3c(c(=O)n(C)c(=O)n3C)n2Cc2ccc(C)cc2)cc1,-2.036881923675537
guided,CN(C)N(Cc1ccc(Br)cc1)c1ccc(O)cc1,-2.229227304458618
guided,C[c-]1[cH+][cH-][c+]([C-]2CO[C+]([O-])[C+]([CH+][N-][c+]3[cH-][cH+][c-]([C+]([O-])[c+]4[cH-][cH+][cH-][cH+][c-]4C)[cH+][c-]3F)[N-]2)[cH-][cH+]1,-2.749457359313965
guided,CCOC(=O)N1CCC(NC(=O)C2CCN(C(=O)c3cc4sccc4n3CC)CC2)CC1,-2.068580389022827
guided,CCCCc1c(C#N)c(N)n(CCCOC)c(=O)c1C#N,-1.6481837034225464
guided,Clc1ccccc1[C@H]1C[C@@H](c2ccco2)Nc2ncnn21,-1.6481837034225464
guided,O=C(O)[CH-]NC1=C(Cl)C(=O)c2ccccc2C1=O.[H+],-2.844355583190918
guided,Cn1c(=O)c2c(ncn2CCOC(=O)c2ccccc2)n(C)c1=O,-1.7814180850982666
guided,COCCNC(=O)C(=O)NC[C@H]1CCCN1S(=O)(=O)c1cccs1,-2.064993381500244
guided,Nn1cc(Cc2ccccc2)nc1SCC(=O)Nc1nccs1,-1.5182775259017944
guided,Clc1ccccc1NCc1ccco1,-2.59383225440979
guided,O=C(C/[S+]=c1\nc2ccccc2c([O-])[nH]1)NNC(=O)c1ccccc1,-1.8221569061279297
guided,[CH2-][C@H]([O-])[C@H](O)[C@@H](C)[C@@H](OCC)/[O+]=C/[C@H](CC)[C@@H](O)[C@@H]([O-])C/[O+]=C1\C=CC=[C-]\C1=c1\cccc2c1=[N+]=CC=C2.[H+],-3.590111017227173
guided,NC(=O)c1ccccc1/N=C\c1ccc(-c2nc3ccccc3[nH]2)cc1C(=O)OC[C@@H](N)C(=O)O,-1.9373873472213745
guided,C[CH-][c+]1[cH-][cH+][c-]([C+]([O-])NC[c+]2[cH-][cH+][cH-]s2)[cH+][cH-]1,-2.7873599529266357
guided,NS(=O)(=O)c1ccc(NNC(=O)c2ccccc2F)cc1,-1.931758999824524
guided,COc1cccc(/C=N/C[C@@H](CCOc2ccc(Cl)cc2Cl)n2ccccc2=O)c1O,-2.717759132385254
guided,NS(=O)(=O)c1ccc(NC(=S)Nn2cnnc2)cc1,-1.1470087766647339
guided,COc1cc(OC)cc(C(=O)N/N=C(\C)CC(=O)NCc2cccs2)c1,-2.14487624168396
guided,O=[N+]([O-])C(=C1Nc2ccccc2N1)/C(Cl)=C(/Cl)Br,-1.7780040502548218
guided,COc1ccc(N([C@@H]2CC3=Cc4ccc(C)cc4NC3=[O+]O[C-]2O)S(C)(=O)=O)cc1OC,-2.749457359313965
guided,N/C(=N\c1nc2ccccc2o1)c1cccs1,-1.7210086584091187
guided,[CH2][C]1[C][C](N(C[CH2-])[C]([O])CN2[N+][N+][C]3[CH][CH][CH][CH][C]32)[CH][C](OC)[C]1N[C]([S])NCCOC,-1.6672389507293701
guided,O=S(=O)(Cc1ccccc1)NCCc1cccc(Cl)c1,-2.94943904876709
guided,Nc1nc(C(=O)N2CCN(Cc3ccccc3)CC2)nn1S(=O)(=O)c1ccccc1,-1.60280442237854
guided,O=S(=O)(c1ccccc1Cl)c1c(O)[nH]c2ccccc12,-2.94943904876709
guided,[O-][C+]1CC[C-]([O-])N1CC[CH+][C][S+2]([O-])([O-])N(CCO)CCO,-2.3290607929229736
guided,COc1ccc(C)cc1NC(=S)N[C@H](NC(=O)CF)C(Cl)(Cl)Cl,-2.022524118423462
guided,O=C(c1ccco1)N1CCN(c2ncnc3c2cnn3Cc2ccccc2Cl)CC1,-1.60280442237854
guided,[O-][C+]([CH+][CH+][c+]1[cH-][cH+][cH-][cH+][cH-]1)N[C-]([S-])[N-]CCCO,-2.1753058433532715
guided,[CH2-]CO[C@H](C[CH+]CCO)CN1CCN(CC)CC1,-2.1753058433532715
guided,NS(=O)(=O)c1ccc(CCNS(=O)(=O)/C=C/c2ccccc2)cc1,-2.4622952938079834
guided,Cc1cccc(-c2nnc(NC(=O)[C@@H]3CC(=O)N(c4ccc(OCc5ccccc5)cc4)C3)s2)c1,-2.1580586433410645
guided,Cc1cs/c(=N\C(=O)CC(C)C)n1Cc1ccc(F)cc1,-2.3290607929229736
guided,CC1=CC(=C(/[O-])[NH+]=C2C=CC(=[O+]C(F)(F)F)C=C2)/C(=N/C(=O)/N=[C-]\NC(=O)c2[c-]nccc2)C=C1.[H+],-1.9373873472213745
guided,[CH2+]CC(C)(C)[C-]([O-])[CH+][CH+][c-]1[cH+][cH-][c+](OC2CCCCC2[C-]([O-])O)[c-](OC)[cH+]1,-6.293419361114502
guided,CO[c-]1[cH+][c-]([C+]2[c+]3[nH][c-]4[cH+][cH-][cH+][cH-][c+]4[c-]3CC3[N-]NC[C+]([O-])N23)[cH+][c-](O)[c+]1[C-]([O-])O.[H+],-2.004145860671997
guided,Cc1ccc(C(C)(C)C)cc1Cl,-5.48479700088501
guided,CCC(=O)N/C(=C/c1ccc2c(c1)OCO2)C(=O)NC[C@H]1CCCO1,-2.5030341148376465
guided,O=S(=O)(Nc1ncnc2sccc12)c1ccc2ccccc2c1,-2.022524118423462
guided,S=C(NCc1ccncc1)Nc1cc(Cl)ccc1OCc1ccccc1,-2.14487624168396
guided,CO[C-]1[CH+][C][C+](N[c-]2[c+](N([O-])[O-])[cH-][c+](N([O-])[O-])[c-]3[cH+][cH-][cH+][n-][c+]23)[C-](OC)[CH+]1,-1.898970127105713
guided,CCC[P@@](=O)(CC)Cc1ccccc1,-5.638354778289795
guided,[O-][C+]([C-]1CCN([c+]2[n-][n-][c+](-n3[cH+][cH-][cH+][cH-]3)s2)CC1)N1CCN([C-]([S-])N[C+]2[CH+][CH-][CH+][CH-][C+]2C(F)(F)F)CC1,-1.65924072265625
guided,CN(c1ccccc1)S(=O)(=O)c1cccc(C(=O)OCC(=O)NCc2ccco2)c1,-2.6850228309631348
guided,COc1ccc(Cc2n[nH]c(=S)n2Cc2ccco2)cc1,-1.931758999824524
guided,O=O.[C-]#C[C@@H](O)[C+]1[C@@H](O)C#CC[C@@]1(O)/C=C(/O)C(C)(C)C,-6.042633056640625
guided,[S-][C+]([N-][C]N1CCOCC1)NC[c-]1[cH+][cH+][n-][cH-][cH+]1,-1.4944287538528442
guided,O=S(=O)(/N=C(\NNS(=O)(=O)c1ccccc1)c1ccc(Br)cc1)c1ccc(Br)cc1,-2.2877211570739746
guided,C[C-](C)[c+]1[cH-][cH+][cH-][cH+][c-]1C(N[P+]([O-])([c+]1[cH-][cH+][cH-][cH+][cH-]1)[c+]1[cH-][cH+][cH-][c+]2[cH-][cH+][cH-][cH+][c-]12)[c+]1[cH-][cH+][cH-][cH+][cH-]1,-3.5079853534698486
guided,O=[N+]([O-])c1ccc(N([O-])[O-])cc1C/[S+]=C1\N=c2ccccc2=[S+]1,-2.022524118423462
guided,Cc1nc(Cl)c(C#N)c(-c2ccccc2)c1NC(=O)C(C)C,-1.9781709909439087
guided,O=C(Cc1ccccc1[N+](=O)[O-])N1CCCCCC1,-2.229227304458618
guided,CC(C)N1CCN(Cc2[c-]c3nsnc3cc2)C[C@@H]1CCO.[H+],-1.6945956945419312
guided,O=C(OCCCC1CCCCC1)c1cccnc1Cl,-2.8982770442962646
guided,Nc1ccc(C(=O)N(c2ccccc2)c2ccccc2)cc1,-2.3754727840423584
guided,[CH2-][C+]1[CH-][C+](OC[c+]2[cH-][cH+][cH-][cH+][cH-]2)[CH+]N1[N-][CH-]NN,-1.4944287538528442
guided,O=C(O)c1cc(NS(=O)(=O)c2cccs2)ccc1Nc1ncccn1,-1.8221569061279297
guided,Cn1c([C@H]2CC(=O)N(C3CCCCC3)C2)nc2ccccc21,-1.9781709909439087
guided,OC1(c2nnc(-c3ccccc3)o2)CCCC1,-2.1183104515075684
guided,NC(=O)Cn1ccc2csc(NCCN3CCNCC3)c2c1=O,-1.5182775259017944
guided,NS(=O)(=O)c1ccc(CCNS(=O)(=O)c2ccccc2)cc1,-2.3754727840423584
guided,NNC(=O)CNc1nc2c(=O)[nH]c3ccccc3c2n1C[C@H]1CCCO1,-1.4599595069885254
guided,CCOCCN(Cc1ccco1)C(=S)Nc1ccc(F)c(F)c1,-2.419826030731201
guided,Cc1cccc2c(C(=O)Nn3cnnc3)cc(-c3ccccc3Cl)nc12,-1.640629529953003
guided,O=C(CCCN1C(=O)/C(=C\c2ccccc2)SC1=S)NNC(=O)C1CC1,-2.14487624168396
guided,[OH-],-3.044522523880005
guided,Cc1ccc(OCCN2C[C@@H](C)O[C@@H](C)C2)c(Cl)c1,-2.8982770442962646
guided,Fc1ccc(-n2nnnc2NC2CCCCC2)cc1,-1.3276787996292114
guided,O=S(=O)(N/N=C(\c1ccccn1)C1CC1)c1ccccc1,-1.931758999824524
guided,S=C(N1CCCCCC1)N1CCCC1,-1.924782633781433
guided,[CH2-]OC1=CC2=NC(=[N+]3CCN(C(=O)[C@]45[CH-][C@H]6C[C@H](C[C@H](C6)C4)C5)CC3)N=C(N)C2=C/C1=[O+]\C,-1.8786333799362183
guided,O=C(CCCCCNC(=O)C(F)(F)F)Cc1ccccc1,-2.998110294342041
guided,Cc1cc(N2CCN(c3cccc(C)c3C)CC2)nc(-c2ccccc2)n1,-1.898970127105713
guided,CCSc1nnc(NC(=O)CCc2ccccc2)s1,-1.8319255113601685
guided,CCOc1ccccc1[C@H]1c2[nH]c3ccccc3c2C[CH-]N1C(=O)CN(C#[O+])C1CC1,-2.3204572200775146
guided,[N-2][C][CH+][C+]1[C+]([c-]2[cH+][cH-][cH+]s2)[N-][c+]2[cH-][cH+][cH-][cH+]n21,-1.7210086584091187
guided,CN(C)S(=O)(=O)c1cccc(NC(=S)Nc2cccc(C(F)(F)F)c2)c1,-2.14487624168396
guided,C[C@H](O)Cn1cc(C(=O)O)c(=O)c2cc(Br)ccc21,-2.8982770442962646
guided,S=C(/N=C/C1CCCCC1)NCc1ccccn1,-1.7780040502548218
guided,N#Cc1ccccc1OCC(=O)N1CC=C(c2ccccc2)CC1,-2.4622952938079834
guided,O=C(NNc1ccccn1)C(=O)NC1CCCCCC1,-1.5995122194290161
guided,N[C-]([O-])[C+]([O-])N[N-][CH+]CCC1[C+]2CCCCCC21,-1.7780040502548218
guided,[N-2][C][c-]1[cH+][cH+][c+]([N-][N-][CH-][C-]2[CH+][C+](N([O-])[O-])[CH+][CH-][C+]2O)[c+]1[C+](O)[C+]1[CH+][CH-][C+](Br)[CH-][CH+]1,-1.970301628112793
guided,O=C(Cn1cc2c(n1)CCCC2)NCCCN1CCCC1,-1.6481837034225464
guided,N#CN/C(=N/S(=O)(=O)c1ccc(Cl)cc1)c1ccccc1,-1.931758999824524
guided,COc1ccc2nc(/C=N/NC(=O)CCCC(=O)O)ccc2c1,-2.022524118423462
guided,O=[N+]([O-])c1ccc2ncnc(N3CCN(c4ncc(C(F)(F)F)cc4Cl)CC3)c2c1,-1.60280442237854
guided,C=CCc1c(NCCO)nc(C)[nH]c1=O,-1.5962363481521606
guided,Cc1c(C(=O)N2CCOCC2)c(S(=O)(=O)Nc2ccc(OC(F)(F)F)cc2)c(C)n1C,-2.3204572200775146
guided,NS(=O)(=O)c1cccc(NC(=O)COC(=O)C2(c3ccccc3)CCCC2)c1,-2.6161489486694336
guided,[C-3]C[S+2]([O-])([O-])N[C+]1[CH+][C+](C[c+]2[cH-][cH+][n-][cH+][cH-]2)[CH-][CH+][CH-]1,-2.229227304458618
guided,C[S@SP2+]1C23[N-][c+]4[n-][c+]5[cH-][cH+][cH-][cH+][c+]5[n-][c-]4[N-][C-]2[S@OH3+2]13CCO[c+]1[cH-][cH+][c-](Cl)[cH+][c-]1Cl,-1.9352717399597168
guided,[OH-],-3.044522523880005
guided,S=C(NCc1ccccn1)Nc1cc(Cl)ccc1Cl,-1.8319255113601685
guided,O=C1c2cccnc2[C@@H](Nc2cccc(F)c2)N1Cc1ccco1,-2.064993381500244
guided,CCNc1ccc(-n2nnnc2SCC(=O)NC(=O)NCc2ccco2)cc1,-1.3809610605239868
guided,COC(=O)N[C@H]1CCCN(CC(=O)NCCc2ccccc2)[C@H](Cc2ccccc2)C1,-2.3204572200775146
guided,C=[NH+]CC[CH-]Oc1ccc(CC(=O)N(C)CC(=O)Nc2ccc(Cl)c(F)c2)cc1,-2.2538769245147705
guided,[O][C](N[C]([C](N[C]1[CH][CH][C](N([O-])[O-])[CH][CH]1)[C+]1[CH][CH][C](Br)[CH][CH]1)[N+]([O])[O-])[C]1[CH][CH][CH][CH][CH]1,-2.036881923675537
guided,CN(CC(=O)N1CCN(c2cccc(Cl)c2)CC1)S(=O)(=O)c1cnc[nH]1,-1.640629529953003
guided,CC(=O)NC1=[S+]C2=C(CCC2)/C1=C(/[O-])NCc1ccco1,-2.3290607929229736
guided,CCOC(=O)CNC(=O)C1CCCCC1,-2.662587881088257
guided,CSc1ncc(CN2CCN(Cc3ccc(C)cc3)[C@@H](CCO)C2)cn1,-1.8613009452819824
guided,NC(=O)/C=C/C1=CCN(CCC(N)=O)CC1,-1.660567283630371
guided,COC(=O)c1cn(C(=O)c2ccc(OC)c(OC)c2)c2ccccc12,-3.172083616256714
guided,COc1ccc(N/C=C(\C#N)S(=O)(=O)c2cccc([N+](=O)[O-])c2)c(OC)c1,-2.1825454235076904
guided,Nc1nnn(Cc2ccccc2F)n1,-1.0232341289520264
guided,O=C(NCC(=O)N1CCc2ccccc2C1)c1ccc2ncsc2c1,-2.1057322025299072
guided,O=C(Oc1ccc2c3c(c(=O)oc2c1)CCCC3)c1ccccc1,-6.175867080688477
guided,Cc1ccc([N+](=O)[O-])cc1NC(=O)c1ccc([N+](=O)[O-])o1,-1.931758999824524
guided,NS(=O)(=O)c1ccc(NC(=S)NCCc2c[nH]c3ccccc23)cc1,-1.8221569061279297
guided,[O-]CO[C+]([O-])C(C[c+]1[cH-][cH+][cH-]n1CCO[c+]1[cH-][cH+][cH-][cH+][cH-]1)[c+]1[cH-][cH+][c-](Cl)[cH+][cH-]1,-3.285198450088501
guided,CCC(C)(C)n1nnnc1[C@H](c1ccc(O)cc1)N1CCCCC1,-1.5607467889785767
guided,[N-2][C][C+]([C+]1[N-][C+]2[CH+][C-](F)[CH+][CH-][C+]2[CH-][C+]1[C-]1[CH+][CH-][CH+]O[C-]1[O-])N1CCOCC1,-2.1825454235076904
guided,COc1ccccc1NC(=O)COc1cccc2ccc(C)nc12,-2.4622952938079834
guided,CN(CC(=O)N1CCCC1)S(C)(=O)=O,-1.924782633781433
guided,CCN(C)[c-]1[cH+][cH-][c+]([N-][CH+][N-][C][N-2])[cH-][cH+]1,-1.312661051750183
guided,CCNC(C)(C)C(=O)O,-2.1539745330810547
guided,[OH-],-3.044522523880005
guided,CCNc1oc(-c2ccccc2)nc1C#N,-1.660567283630371
guided,O=c1c2ccccc2nnn1-c1ccnc2cc(Br)ccc12,-1.6945956945419312
guided,[O-][C+](O)[c-]1[c+]([CH-]O)[cH-][cH+][c-](O)[c+]1O,-5.564520359039307
guided,CCCCC(=O)O[C@@H](CCCl)C(=O)CO,-5.707110404968262
guided,C[CH-]ON(C[c+]1[cH-][cH+][c-](Br)[cH+][cH-]1)[C+]1[N-]CC(C)S1,-2.1753058433532715
guided,CO[C]([O])[C][CH][O+]C(C)CCN1[C]([O])[C]2[CH][CH][CH][CH][C]2[C]1[O],-3.044522523880005
guided,N#CC(C#N)=C1Nc2ccccc2N1CCOc1ccccc1Cl,-1.7814180850982666
guided,CN(C)S(=O)(=O)c1ccc(Nc2nc(NCc3ccccc3)c3ccccc3n2)nc1,-1.63554048538208
guided,O=C(OC[C@H](O)CO)/C(=C/c1ccc(-c2cccc(C(F)(F)F)c2)o1)NC(=O)c1ccccc1,-3.4790399074554443
guided,CNC(=S)N1CCN(c2nc3ccccc3s2)CC1,-1.548350214958191
guided,CCNC(=O)C/[S+]=c1\nc([O-])cc(C)n1C,-1.660567283630371
guided,COCn1c([C@@H](O)c2ccccc2)cc2ccccc21,-2.94943904876709
guided,NS(=O)(=O)c1ccc(Nc2nc3ccc(OCC(=O)NCCc4ccccc4)cc3s2)cc1,-2.099304676055908
guided,[O-][S+]([O-])N1CCN(CC(O)CO[c+]2[cH-][c+](Cl)[cH-][cH+][c-]2Cl)CC1,-2.3754727840423584
guided,[CH2-]OCC1CC[c-]2s[c+]3[n-][c+](SC[C+]([O-])N(C)C)[n-][c+](N)[c-]3[c+]2C1,-1.7814180850982666
guided,CC[C@H](C)NCCCOCCOCCOC/C=C/c1cccs1,-3.0888755321502686
guided,COc1cc(SC)ccc1C(=O)OCC(=O)Nc1cccc2ccccc12,-3.248896837234497
guided,FC(F)Oc1ccc(CCc2nc(-c3ccncc3)no2)cc1,-2.022524118423462
guided,N/C(=N/OS(=O)(=O)c1ccccc1)c1ccccc1Cl,-2.2803893089294434
guided,[N-2][C+]([O])[C]1[C](CN2CCC(CN[C]([O])[C]3[CH][CH][CH]O3)CC2)N[C]2[CH][CH][CH][CH][C]21,-1.9352717399597168
guided,CN(C[C@H]1CC=C(Sc2ccccc2)CC1)C1CCCCC1,-3.044522523880005
guided,O=C(CSCc1ccc(Cl)cc1)NNC(=O)c1cccnc1,-1.9781709909439087
guided,COCc1cnc(C(F)(F)F)nc1Nc1cc(OC)ccc1OC,-2.064993381500244
guided,Clc1cnccc1N/N=C/C=C/c1ccccc1,-1.7780040502548218
guided,Clc1cc(Cl)cc(-c2nc3ccccc3[nH]2)c1,-2.1183104515075684
guided,COCCNC(=O)Cn1ccc2cccnc21,-1.7210086584091187
guided,CC(C)COc1cc2c(c(Cl)c1Cl)C(=O)N(C1=NC=[C+](O[C][O-])C=C1)C2,-2.54217791557312
guided,CN(C)S(=O)(=O)c1cccc(C(=O)OCC(=O)N(Cc2cccs2)C(C)(C)C)c1,-2.6511785984039307
guided,C[C-]1CC(C)CN(CCCN[c+]2[cH-][cH+][c-](C(F)(F)F)[cH+][c-]2N[C+]([O-])C2CCCO2)C1,-2.2877211570739746
guided,[C]1[N-][C]N2CCS[C-]2[N-]1,-1.087623119354248
guided,N#C[C@@H](C(=O)/C=C/c1cccs1)c1ccccn1,-2.1753058433532715
guided,Cn1c(=O)c2ccccc2n(CC(=O)Nc2ccccc2F)c1=O,-2.064993381500244
guided,O=C(CN(Cc1cccc(Cl)c1)S(=O)(=O)c1ccc2ccccc2c1)c1ccccc1,-3.3868086338043213
guided,Br[c-]1[cH+][n-][c+]2[cH-][cH+][cH-][cH+][c-]21,-2.258782386779785
guided,NC(=O)N/N=C/c1cccc(OCc2ccccc2)c1,-1.8830875158309937
guided,COc1cc(/C=C2/C(=O)NN(c3ccc(F)c(Cl)c3)C2=O)ccc1OC(=O)c1ccco1,-2.749457359313965
guided,CNCc1ccccc1OCc1cccs1,-2.7269186973571777
guided,CN(CCC#N)Cc1ccc(Cl)c(Cl)c1,-1.9935381412506104
guided,[S-][C+]([N-][c+]1[cH-][cH+][cH-]s1)N1CCCC1,-1.8509483337402344
guided,COC(OC)[C@@](C)(/C=C/C(=O)C(C)(C)C)OC,-5.831882476806641
guided,N[C@H](C(=O)O)[C@H](O)c1ccc(O)c(O)c1,-2.662587881088257
guided,Cc1ccc(Cl)cc1N1CCN(S(=O)(=O)c2ccc(-n3cnnn3)cc2)CC1,-1.5339303016662598
guided,[C-3][c+]1[cH+][cH+][cH+][cH+][n-]1.[O-]P([c+]1[cH-][cH+][cH-][cH+][cH-]1)[c+]1[cH-][cH+][cH-][cH+][cH-]1.[O-]P([c+]1[cH-][cH+][cH-][cH+][cH-]1)[c+]1[cH-][cH+][cH-][cH+][cH-]1,-3.5079853534698486
guided,CN1C=C(NC(=O)/C=C/c2ccc(-c3cccc(C(=O)O)c3)o2)C=C/C1=C\C(=O)NN,-2.036881923675537
guided,O=P(=[OH+])CN1CCOCC1.[CH2-]CS(=O)(=O)N(CC)CC,-2.2803893089294434
guided,CO[c-]1[cH+][cH-][cH+][c-]2s[c+](N3CCN(C[C-]([O-])N[C+]4[CH+][CH-][C+](OC(C)C)[CH-][CH+]4)CC3)[n-][c+]12.[H+],-2.036881923675537
guided,N/C(=N/S(=O)(=O)c1ccccc1)c1nn2cccnc2c1Cl,-1.4739243984222412
guided,[CH2-]N[c+]1[n-][n-][c+](N[C+]([O-])[c+]2[cH-][cH+][c-](Br)s2)s1,-1.3769919872283936
guided,Clc1ccc2ccccc2n1,-2.35364031791687
guided,NS(=O)(=O)c1ccc(CNC(=O)c2ccc(Cl)cc2)cc1,-2.3290607929229736
guided,O=C(CSc1ccccn1)NNC(=O)c1ccccc1O,-1.931758999824524
guided,Cc1ccc(CN2CCN(C(=O)CC(C)C)CC2)cc1,-2.2803893089294434
guided,NC(=O)C1=C(N)/C(=C(\[O-])N(CCCN2CCOCC2)[C@H](C(=O)NC2CCCCC2)c2ccc(Cl)cc2)[S+]=N1,-1.8388428688049316
guided,[S-][c+]1[n-][n-][c+](C[c+]2[cH-][cH+][c-](Cl)[cH+][cH-]2)n1-[c+]1[cH-][cH+][c-](Cl)[cH+][cH-]1,-1.931758999824524
guided,COc1ccc(-c2cc(C3CCN(C)CC3)nc(-c3ccccc3C#Cc3nccc4ccccc34)n2)cc1OC,-2.3160738945007324
guided,[CH2+][C+]1[CH+][CH-][CH+][CH-][CH+]1.[CH2-]CCOCC[P+]([O-])(O)O.[O-][P-2],-5.9427995681762695
guided,COc1ccccc1N1CCN(C(=O)c2ccc(NC(=O)C3=C(C)OCCS3)cc2)CC1,-2.3521556854248047
guided,[OH-],-3.044522523880005
guided,COC(CNC(=O)c1ccc2nc(-c3ccco3)c(-c3ccccc3)nc2c1)OC,-2.2877211570739746
guided,[C-]#[N+]S(=O)(=O)c1c(Cl)ccc2c1-c1ccccc1C2=O,-2.94943904876709
guided,O=C(/C=C/NNC(=O)c1ccnnc1)c1ccccc1,-1.5995122194290161
guided,CNS([O-])([O-])[C][CH+][C]([CH][C-][C]([O])NC(C)C)S([O])([O])N1CCN(C)CC1.[H+],-1.8613009452819824
guided,CCO[C-]([O-])[C+]1[C+](C)N[C-](C)[C+]([C-]([O-])OCCN[C+]([O-])[C+]2[CH+][CH-][CH+][N-][CH+]2)C1[C-]1[CH+][c-]2[cH+][c-](C)[cH+][c-](SCC)[c+]2[N-]S1,-2.3160738945007324
guided,Cc1ccc2c(CC(=O)OCC(=O)Nc3ccc(Cl)cn3)coc2c1,-2.5030341148376465
guided,O=[N+]([O-])c1ccc(CN2CCN(c3ccccc3)CC2)o1,-1.931758999824524
guided,NNC(=O)Nc1c[c-]c(C(=O)c2ccccc2C#[O+])cc1,-1.931758999824524
guided,[O-][C+](CN[c-]1[n-][c+]2[cH+][cH-][cH+][cH-][c+]2n2[c+]1N[N-][CH-]2)N[N-][CH+][c-]1[c+](O)[cH-][cH+][c-]2[cH+][c-](Br)[cH+][cH-][c+]12,-1.5142695903778076
guided,C[C-]1CN2CCN(C1)CC(N1CCCCC1)C2,-1.7210086584091187
guided,Nc1ccc(-c2nc3ccc(Cl)cc3[nH]2)cc1Oc1ccccc1,-2.064993381500244
guided,CO[C][CH-][C+]1[C-](N2CCN(C)CC2)[C+]2C3C24N([C-]1CCOC)C34N([O-])[O-],-1.8613009452819824
guided,CC(=S)c1cn(C)nc1Nc1nc2cc([N+](=O)[O-])ccc2[nH]1,-1.2932543754577637
guided,FC(F)O[C@@H]1CCCC[C@H]1OC(F)(F)F,-5.707110404968262
guided,N[N-][C+]([O-])CSC[c+]1[cH-][cH+][cH-][c+]2[cH-][cH+][cH-][cH+][c-]12,-2.1183104515075684
guided,OCC(CO)N[C@@H](c1ccccc1)c1c(O)ccc2ccccc12,-3.131344795227051
guided,COc1ccc(CC(=O)N[C@H]2CC[C@@H](C)CC2)cc1O,-2.94943904876709
guided,CCOc1cc(C(=O)NC[C@@H]2CCCO2)cc(OCC)c1OCC,-3.131344795227051
guided,Nn1c(COc2ccc(Cl)cc2)nc2ccccc2c1=O,-1.931758999824524
guided,CN1CCN(C(=O)c2cc(-c3ccccc3O)on2)CC1,-1.931758999824524
guided,CCC(=O)N[C@H](CC(=O)c1ccc(F)cc1)c1ccc(OC(C)C)cc1,-3.2112276554107666
guided,Cn1c(=O)c2c(c(C(=O)N3CCCCC3)cn2C)n(C)c1=S,-1.6945956945419312
guided,[CH2-]N1CCN(N[S+2]([O-])([O-])[c+]2[cH-][cH+][c-](N([O-])[O-])[cH+][cH-]2)CC1,-1.5995122194290161
guided,O=C[C@H](O)[C@@H](O)[C@H](O)CO,-5.303304672241211
guided,[OH-],-3.044522523880005
guided,Cc1ccc(NC(=S)NC(=O)C2CCCCC2)c(F)n1,-1.8830875158309937
guided,CCOc1ncnc2c1sc1nc(C)cc(C)c12,-1.7780040502548218
guided,NC(=O)c1ccccc1NC(=O)CCN1C(=O)[C@H]2CC=CC[C@H]2C1=O,-2.1057322025299072
guided,N#Cc1ccc(OCCCn2ccnc2)cc1C#N,-1.548350214958191
guided,[O-][C+]1[N-]CCN[C+]2[CH-][C+]([O-])N([c+]3[cH-][cH+][c-](OC[c+]4[cH-][cH+][cH-][cH+][cH-]4)[cH+][cH-]3)[C+]([O-])C12,-2.2188470363616943
guided,CC1[CH+][C-]([O-])C(C)CN([C+]([O-])C[c+]2[cH-][cH+][c-](Br)[cH+][cH-]2)C1,-2.94943904876709
guided,O=S(=O)(NC[C@H]1COc2ccccc2O1)c1ccc(Br)s1,-2.998110294342041
guided,COc1cc(C(=O)Nc2nc3ccccc3[nH]2)nc(OC)n1,-1.4739243984222412
guided,CC/C=[C-]/[N@H+](CCC)c1ncnc2nc[nH]c12,-1.2167619466781616
guided,O=C(NNS(=O)(=O)c1cc(Cl)cc(Cl)c1)c1cc2ncc(C(F)(F)F)cc2s1,-2.2188470363616943
guided,Nc1c(N2CCOCC2)cc(Cl)c2nonc12,-1.4374333620071411
guided,[CH2-]C#N.[S+]#P(c1ccccc1)c1ccccc1,-2.7873599529266357
guided,COc1cc(OC(=O)N2CCOCC2)c2c(c1)c(C)nn2C,-1.9781709909439087
guided,CNC(=O)c1sc(Nc2ccc(N3CCC(N4CCN(C)CC4)CC3)cc2OC)nc1C,-1.6672389507293701
guided,[OH-],-3.044522523880005
guided,CN(C)c1ccc(NC(=O)C/[S+]=c2\nc3cc(Cl)ccc3c([O-])[nH]2)cc1,-1.8613009452819824
guided,O=[C+](CO[C][O-])[C-]1C=CN2CCCCC=C12.[H+],-2.7269186973571777
guided,CC(=O)Nc1ccc2oc(-c3cc(F)c(F)cc3Cl)nc2c1,-2.3754727840423584
guided,CCN(CC)C(=O)c1cnn2c1N[C@H](c1ccc(OC)cc1)C[C@H]2C(F)(F)F,-1.9352717399597168
guided,COc1cc(C)c(NC(=S)NC2CC(C)(C)NC(C)(C)C2)cc1OC,-2.1057322025299072
guided,O=S(=O)(/C=C/c1ccccc1)NCCOc1ccccc1,-2.998110294342041
guided,COc1cccc(-c2ccc(SCC(=O)N3CCOCC3)nn2)c1,-2.064993381500244
guided,CN(CC(=O)NCCSc1ccccn1)S(=O)(=O)c1cnc[nH]1,-1.5182775259017944
guided,CCN1C(=O)[C@H]2[C@@H](c3ccccc3)N3C(=O)CN(CCOC)C(=O)[C@]3(C(N)=O)[C@H]2C1=O,-2.036881923675537
guided,COC(=O)c1ccc(NC(=O)[C@H](C(=O)c2c[nH]c3cc4ccccc4cc23)N(C)C)cc1,-2.3521556854248047
guided,N#CN/C(=N/c1ccccc1)SCc1ccc(F)cc1,-1.8830875158309937
guided,C[C@]1(CCc2ccccc2)C[C@H](Nc2ccc3c(c2)C(=O)CCO3)CCN1,-2.5798470973968506
guided,CCN(CC)CCCNC(=O)[C@H]1CCCN1C(=O)CN1CCCC1=O,-1.8221569061279297
guided,COc1ccc([C@@H](NC(=O)c2ccc(=O)[nH]c2)C(=O)Nc2cccc(C(C)=O)c2)cc1,-2.3204572200775146
guided,COCC(=O)Nc1ccc(N2CCCCC2)cc1,-2.1753058433532715
guided,[O-][C+](CC[c-]1[cH+][cH-][c+]([C-]([O-])[O-])o1)NCC[S+2]([O-])([O-])[c-]1[cH+][cH-][c+](C(F)(F)F)[cH+][n-]1,-2.6161489486694336
guided,[O-][S@@+](Cc1ccc(Cl)cc1)Nc1cccc(O)c1-c1ccccc1,-3.131344795227051
guided,Cc1ccnc(NS(=O)(=O)c2ccc(NCc3ccccc3O)cc2)n1,-1.8613009452819824
guided,Cn1cnnc1SCC(=O)c1ccc(Br)s1,-1.660567283630371
guided,C[C@H]1CCCN(C(=S)NC2CC2)C1,-1.8509483337402344
guided,[NH-]n1[c+](SC[C+]([O-])N2CCOCC2)[n-][n-][c+]1C1CCCCC1,-1.4739243984222412
guided,N[S+2]([O-])([O-])[c-]1[cH+][cH-][c+](C([c-]2[n-][n-][n-]n2CC[c+]2[cH+][cH+][cH+][cH-][cH+]2)N2CCN([C-]([O-])[C+]3[CH+][C-]([O-])[CH+][CH+][CH-]3)CC2)[cH-][cH+]1,-1.7118152379989624
guided,Nn1c(SCCOc2ccc(F)cc2)nnc1-c1cccnc1,-1.5182775259017944
guided,ClCCNc1nc(-c2cccs2)nc2ccccc12,-1.8319255113601685
guided,Nc1nonc1-n1nnc(C(=O)N/N=C/c2ccc(C(=O)O)cc2)c1C1CCCCC1,-1.3499267101287842
guided,CCCN(CCC)CCCNC(=O)CNC(=O)C(=O)N1CCC2(CC1)OCCO2,-1.970301628112793
guided,CN(C)S(=O)(=O)c1cccc(-c2ccn(C3CCCCC3)n2)c1,-2.022524118423462
guided,COCCCN([C][CH+][C+]1[CH+][CH-][C+](OC)[CH-][CH+]1)[C-]1[N-]n2[c+]([n-][c+](C)[cH+][c-]2[O-])S1,-1.898970127105713
guided,O=C(Oc1coc(CSc2nnc(Nc3ccccc3)s2)cc1=O)[C@@H]1CC(=O)N(c2ccccc2)C1,-2.186189889907837
guided,NC(=O)c1cnn([C@H]2CCS(=O)(=O)C2)c1,-1.5962363481521606
guided,O=C(NNC(=S)Nc1ccccn1)c1cccnc1,-1.3276787996292114
guided,CO[C]1[CH][CH][C]2[CH][CH][CH][CH][C]2[C]1S([O])([O])N1[CH][N][C](O[C+]2[CH][CH][CH][CH][CH]2)[C]1N([O-])[O-],-2.2877211570739746
guided,C[C-]1CCO[c-]2[cH+][c-]([C@@]34[N-][C+]([O-])[C+]([C-](C)[O-])C35[OH+][O+]54)[cH+][cH-][c+]2O1.[H+],-3.0888755321502686
guided,COC1=[C-]/C(=C/c2ccccc2)C=C/C1=[S+]\C[C@@H](O)CN1CCN(C)CC1,-2.5798470973968506
guided,FC(F)(F)c1cccc(NC[C@H]2CCCO2)c1,-2.7873599529266357
guided,[H]/[O+]=C1\C=CC(C)=CC1=C.[O-]P(c1ccccc1)c1cccc(Cl)c1,-6.175867080688477
guided,Clc1ccccc1/N=C(\c1ccccc1)N1CCOCC1,-2.3290607929229736
guided,CN1CCN([CH-]N2[O+]3[C@@]24N=[N+]([c-]2nc5ccccc5[s+]2)C2=N[C-]5C=CC=CC5=C([O-])[N@+]234)CC1,-1.4123494625091553
guided,CN(C)CCCCOc1ccc(Br)cc1,-2.662587881088257
guided,CCSc1nc(NCCC(=O)O)c2ccccc2n1,-1.8319255113601685
guided,Cc1cccc(N2CCN(C(=O)CCC(=O)Nc3nnc(CCc4ccccc4)s3)C[C@H]2C)c1,-1.9084417819976807
guided,COc1ccc(/C=C2/C(=O)Oc3cc(O)ccc32)c(C)c1C,-6.08904504776001
guided,O=C(C1=C(O)C(=O)N(CCc2ccccc2)[C@@H]1c1cccnc1)c1ccco1,-2.6161489486694336
guided,C/C(=N\NS(=O)(=O)c1ccc(C)cc1)c1ccco1,-2.229227304458618
guided,CC(C)NC(=O)NC(=S)NNC(=O)c1c(F)cccc1Cl,-1.6481837034225464
guided,CCN(CC)S(=O)(=O)c1cccc(C(=O)N/N=C/c2ccccn2)c1,-1.8221569061279297
guided,CCN(c1ccccc1)c1nc(CCNC(=O)CCNC(C)=O)cs1,-1.8221569061279297
guided,CC(=O)N1CCc2cc(S(=O)(=O)NCC(=O)Nc3c(C)n(C)n(-c4ccccc4)c3=O)ccc21,-1.9084417819976807
guided,O=c1c2ccccc2ccn1[P@](=O)(Nc1ccccc1)N1CCOCC1,-2.14487624168396
guided,CC(=O)NC(=O)c1ccccc1Nc1ccc(C)cc1,-2.2803893089294434
guided,Nn1c(COc2ccccc2)nnc1SC(F)F,-1.4944287538528442
guided,[O-][C+](O)CCC1N[C-]([c+]2[cH-][cH+][c-](Cl)[cH+][cH-]2)NN[C+]1[O-],-1.8319255113601685
guided,CCN(CCSC[C-]([O-])NC)[C-]([O-])CS[C][N-][c+]1[cH+][c+](O)[cH+][c-]2[cH+][cH-][cH+][cH-][c+]12,-2.2188470363616943
guided,COc1cccc(CN(C)CC(=O)NC(N)=O)c1OC,-1.8830875158309937
guided,FC(F)COc1ccc2ccccc2n1,-2.662587881088257
guided,O=S(=O)(O)CCSSCCS,-5.398162841796875
guided,[CH2-]n1[c+]([O-])[nH][c+]([O-])[c-]2[nH][c+](N)[n-][c+]21,-0.9493998885154724
guided,[NH-]N[C+]([O-])[c+]1[cH-][cH+][cH-][cH+][c-]1Br,-1.6845905780792236
guided,Cc1ccc(N(C)S(=O)(=O)N(C)CC(=O)Nc2ccc(F)c(F)c2)cc1C,-2.1825454235076904
guided,O=c1oc2ccc(F)cc2c(NC2CCCCC2)c1NS(=O)(=O)c1ccccc1,-2.6511785984039307
guided,C[C@@H](CO)OCCOCC/[O+]=C/CCC[CH-]CCN1C(=O)N=C(CCc2ccc3c4c(cccc24)C(N)=N3)C1=O,-2.291411876678467
guided,CC(=O)c1ccc(N2CCN(CC(=O)NCc3ccco3)CC2)cc1,-2.1057322025299072
guided,O=C(Cc1ccccc1)NCc1cc(-c2ccc(F)cc2)[nH]n1,-2.022524118423462
guided,NC(=S)Nc1ccccc1C(=O)c1ccccc1Oc1ccccc1,-2.5030341148376465
guided,CN(C)S(=O)(=O)Oc1ccc(Br)cc1,-2.59383225440979
guided,[CH2-]C(N[C+](N)[O-])[C+]([O-])N1CCOCC1,-1.5274808406829834
guided,NNC(=O)c1ccc(N2C(=O)c3ccc(O)cc3C2=O)cc1,-1.9781709909439087
guided,O=c1[nH]c(C2CCN(S(=O)(=O)c3ccc(OC(F)(F)F)cc3)CC2)nc2c1nnn2Cc1ccccc1,-1.8122100830078125
guided,NS(=O)(=O)c1ccc(NC(=O)CSc2nc3ccccc3nc2N2CCOCC2)cc1,-1.8162105083465576
guided,C[c-]1[n-][c+](NC[c+]2[cH-][cH+][cH-][cH+][cH-]2)[c+]([C][N-2])[c+](N2CCOCC2)[nH]1,-1.5182775259017944
guided,CCCCOc1c(C)cc(OCC)c(OCC)c1C(=O)CC,-6.08904504776001
guided,CC1(C)C(c2ccccc2)=N[C@H](c2ccccc2)N1O,-2.2803893089294434
guided,COc1ccc(N/N=C/c2cccn2Cc2ccccc2)cc1,-2.022524118423462
guided,[OH-],-3.044522523880005
guided,[O-]n1[o+]nc2c1-c1ccccc1C[C@@H]2N1CCOCC1,-1.8830875158309937
guided,N#CN(CCOc1cc(Cl)ccc1Cl)n1cnnc1-c1cccc(F)c1,-1.640629529953003
guided,O=S(=O)(c1cnccc1N1CCN(CCO)CC1)N1CCCCC1,-1.7814180850982666
guided,COc1ccc(C)c(NC(=O)COC(=O)[C@@H](Cc2c[nH]c3ccccc23)NC(C)=O)c1,-2.3204572200775146
guided,CO[N-][C+](C)[C-](Cl)N(Cl)Cl,-1.5897328853607178
guided,CNCC(=O)NCC(=O)NCC1CCCCC1,-1.7210086584091187
guided,COC1=CN(c2ccc(Cl)cc2)C(=S)N[C@H]1COC(=O)[C@H]1COc2ccccc2O1,-2.6850228309631348
guided,COc1ccc2c(C)cc(NC(=O)c3cccs3)nc2c1,-2.3290607929229736
guided,[CH2+]CCCCN/C(=[C-]\C#N)C(N)=O,-1.4536465406417847
guided,CCOCCNC(=S)Nc1ccc(OCCCc2cccs2)cc1,-2.4622952938079834
guided,C[CH-]SC[c+]1[cH-][cH+][n-][c+](C)[c-]1[C+](N)[O-],-1.924782633781433
guided,O=S(=O)(Cc1ccccn1)NCc1ccc(F)c(F)c1,-2.2803893089294434
guided,COCCN1[N][C](N([O-])[O-])[N][C]1O[C+]1[CH][CH][CH][CH][C]1F,-1.5995122194290161
guided,O=C(O)c1cc([N+](=O)[O-])ccc1N1CCOCC1,-2.1753058433532715
guided,NS(=O)(=O)c1cc(C(=O)OCC(=O)Nc2cccc3ccccc23)ccc1Cl,-2.6161489486694336
guided,Cc1nc(N2CCN(c3ccc4cc(F)ccc4n3)CC2)c2c(C)c(C)sc2n1,-1.7496302127838135
guided,C[C]1[CH][CH][C](O[C]2[CH][C]([C+]([O])[C]([C][N])[CH]N(C)C)[CH][CH][C]2N([O-])[O-])[CH][CH]1,-2.14487624168396
guided,CN(CCOCCOCCC(Cl)Cl)Cc1ccccc1,-2.94943904876709
guided,O=C1[C@@H](CSCc2cccc(Cl)c2)NC(=S)N1c1cccc(O)c1,-2.4622952938079834
guided,CCOC(=O)[C@H]1c2ccccc2C(=O)N1c1cc(C)cc(C)c1,-3.0888755321502686
guided,NC(=O)[C@@H]1Cc2ccccc2CN1C(=O)Nc1ccccc1C(=O)O,-2.1057322025299072
guided,N[C-]([O-])C(F)(F)CCSSCCC[N-][C+]([O-])CS[C+]1[C][C][C]C[CH+]1.[H+].[H+],-2.4622952938079834
guided,COCCC(=O)N1CCC[C@H]([C@H](C)NC(=O)CN2C(=O)NC3(CCCC3)C2=O)C1,-1.970301628112793
guided,N#Cc1nonc1Nc1ccc(N2CCN(C(=O)C(N)=O)CC2)cc1,-1.2678462266921997
guided,COc1ccc(N(CC(=O)Nc2ccccc2Cc2ccccc2)S(=O)(=O)c2ccc(NC(=O)C(C)C)cc2)cc1,-2.59964919090271
guided,[CH2-]n1[c+]([O-])[cH-][c+](SC[C+]([O-])NCCCO[c+]2[cH-][cH+][cH-][cH+][cH-]2)[c-]2[cH+][cH-][c+](Cl)[cH-][c+]21,-2.6161489486694336
guided,[CH2-]N(C)[S+2]([O-])([O-])[c+]1[cH-][cH+][c-](N[C+]([O-])CN2[C+]([O-])CO[c+]3[cH-][cH+][c-]([S+2]([O-])([O-])N4CCOCC4)[cH+][c-]32)[cH+][cH-]1,-2.186189889907837
guided,[OH-],-3.044522523880005
guided,NC(=O)CCNC(=O)c1cccs1,-1.8509483337402344
guided,[O-][C+](CO[C-]([O-])[C+]([c+]1[cH-][cH+][cH-][cH+][c-]1F)C1CCCC1)NC[c-]1[cH+][cH-][cH+]s1,-3.2112276554107666
guided,NC(=O)C[C@H](NC(=O)c1ccccc1F)c1ccc(N2CCCCCC2)c([N+](=O)[O-])c1,-2.036881923675537
guided,CNS(=O)(=O)c1ccc(Cl)c(C(=O)OCC(=O)Nc2cc(S(=O)(=O)N3CCOCC3)ccc2C)c1,-2.441633939743042
guided,[O-][c+]1[c-]2[c+](O)[c-](N[S+2]([O-])([O-])[c+]3[cH-][cH+][c-](Cl)[cH+][cH-]3)[cH+][c-]2[cH+][n-]n1-[c+]1[cH-][cH+][cH-][cH+][cH-]1,-2.2188470363616943
guided,Cn1c(=O)c2c(nc(CN3CCCCC3)n2CCNC2=NCCCCC2)n(C)c1=O,-1.4498350620269775
guided,N#C[C@H](c1ccc(O)cc1)N1CCOCC1,-2.0578689575195312
guided,CCC(C)[N-]CCCN[C-]([O-])[c-]1[cH+][c-](Br)[c+](OC[C][C][C+]2[CH+][CH-][CH+][CH+][N-]2)[c-](OC)[cH+]1,-2.2877211570739746
guided,COCCc1ccc(S(=O)(=O)N(CC(N)=O)Cc2ccc(F)cc2)cc1,-2.54217791557312
guided,Nn1c(-c2ccccc2F)cnc1-c1ccncc1,-1.548350214958191
guided,O/N=C1/CCCC[C@@H]1c1ccc(Cl)cc1,-2.662587881088257
guided,CCCNC[C@@H]1COc2ccccc2O1,-2.662587881088257
guided,Cc1cccc(C)c1OCc1cc(C(=O)N2CCc3ccccc3C2)no1,-2.5798470973968506
guided,NS(=O)(=O)c1ccc(CNc2nc(-c3ccccc3)ncc2C2CC2)cc1,-1.898970127105713
guided,O=C(OC(CCl)CCl)c1ncccn1,-1.924782633781433
guided,O=C(O)c1ccc2nc(CO)[nH]c2c1,-1.924782633781433
guided,O=C(Nc1nnc(-c2ccccc2Cl)s1)c1cccc(Br)c1,-1.9781709909439087
guided,CC/[O+]=[C-]/C(C)=C(/C#N)C(=S)/N=C/C=C(C)C,-2.1183104515075684
guided,CCCn1c(SCC(=O)Nc2cc(C(C)(C)C)nn2-c2ccc(C)cc2)nnc1-c1ccco1,-1.7277717590332031
guided,Nc1ncc(Br)cc1S(=O)(=O)NCCC(=O)N1CCOCC1,-1.6945956945419312
guided,[NH2-],0.0
guided,CC(=O)Nc1ccc(S(=O)(=O)Nc2nc3ccccc3nc2N2C=CC=CC2)cc1,-1.7834744453430176
guided,COc1ccccc1N(C[C@@H](O)Cn1c(=O)sc2ccccc21)S(=O)(=O)c1ccc(C)cc1,-2.780181884765625
guided,CN1C(=O)/C(=N/c2ccccn2)SC1=S,-1.5962363481521606
guided,CCOc1ccccc1[C@@H]1CC(=O)Nc2cc(OC)c(OC)cc21,-3.131344795227051
guided,Cn1c2ccccc2c2nnc(SCC(=O)N3CCOCC3)nc21,-1.5607467889785767
guided,Nn1cc(C[C@H]2CCCNC2=O)nc1-c1ccncc1,-1.3788409233093262
guided,O=C(Cn1ccc([N+](=O)[O-])n1)N1CCCC1,-1.3769919872283936
guided,CCS(=O)(=O)N(CC(=O)O)c1cccc2ccccc12,-2.94943904876709
guided,CCNC(=S)N(Cc1ccccc1)Cc1cc2cc(C)ccc2[nH]c1=O,-2.14487624168396
guided,COc1ccc(S(=O)(=O)Nc2cccc([N+](=O)[O-])c2)cc1OC,-2.419826030731201
guided,N#C/C(=C(/O)CN1C(=O)C(=O)N(Cc2ccccc2)C1=O)c1ncc[nH]1,-1.640629529953003
guided,CCCCNC(=O)[C@@H]1CCCN1C(=O)Nc1ccc(C)cc1,-1.9781709909439087
guided,CC(=O)c1cc(NC(=O)c2ccccc2C)c(Br)s1,-2.8982770442962646
guided,N#Cc1c(SCC(=O)NNC(=O)c2ccco2)nsc1SCc1ccccc1,-1.9352717399597168
guided,NC(=O)COc1ccc(CN2C(=O)/C(=C\c3ccc(-c4ccccc4)cc3)Sc3ccccc32)cc1,-2.8670670986175537
guided,Cc1ccc2c(COc3ccccc3)cc(=O)oc2c1,-5.993961334228516
guided,CCN1CCC(C(=O)NCc2cccs2)CC1,-2.1183104515075684
guided,[C-2]=[P@]([O-])(O)c1ccccc1.[CH+]1CCCCC1.[H+].[O+]#P,-5.888877868652344
guided,NS([O])([O])[C]1[CH][N][C](S[C+]2[N][CH][C](C(F)(F)F)[CH][C]2Cl)[C](N([O-])[O-])[CH]1,-1.8221569061279297
guided,N/C(=N\CCc1ccccc1)NS(=O)(=O)c1ccccc1,-1.931758999824524
guided,[CH2-]C(CC[c-]1[cH+][cH-][cH+][cH-][cH+]1)(COC)[C-]([O-])NC[C+]1[CH+][CH-][CH+][N-][CH+]1,-2.419826030731201
guided,CCOc1cc(C(c2c(C)[nH][nH]c2=O)c2c(C)[nH][nH]c2=O)cc(Br)c1O,-1.8613009452819824
guided,CCNc1cccc2c1c(=O)n(CCOCc1ccccc1)c(=O)n2C,-2.14487624168396
guided,Cc1cc(NC(=O)c2c(-c3c(Cl)cccc3Cl)noc2C)no1,-2.022524118423462
guided,O=C(c1ccc2nc(-c3ccccc3)cn2c1)c1ccccc1O,-2.4622952938079834
guided,[H]/[O+]=N/C(=C=C([O-])N1CCN(c2ccc(F)cc2)CC1)CCc1ccccc1,-2.1825454235076904
guided,COCCCn1c(=O)c2ccccc2n(Cc2cccc3ccccc23)c1=O,-2.6161489486694336
guided,NS(=O)(=O)c1ccc(-n2nnnc2SCC(=O)NC2CCCCC2)cc1,-1.4599595069885254
guided,COc1ccc(N2CCN(CCCC(=O)O)CC2)cc1,-2.2803893089294434
guided,NS(=O)(=O)c1ccc(NC(=O)N2CCC(O)(c3cccc(C(F)(F)F)c3)CC2)cc1,-2.2877211570739746
guided,N[N-][c+]1[cH-][cH+]n(C[C+]([O-])N[c+]2[cH+][n-][cH-][cH+][cH-]2)[n-]1,-1.036091923713684
guided,COc1cccc(OCC(=O)NNC(=O)Cc2cccs2)c1,-2.3754727840423584
guided,Nn1c(SCC(=O)Nc2ccccc2)nnc1C1CCCCC1,-1.5182775259017944
guided,O=C(CNNC(=O)c1cnc2ccccc2c1)NCc1ccccc1,-1.8221569061279297
guided,[H+].[O-][C+](C[C][CH+][C+]1[C][C][C][CH+][CH+]CC1)NN[C-]([O-])C1CCOCC1,-2.419826030731201
guided,Nn1cc(-c2ccc3c(c2)OCO3)nc1Sc1ccc2ccccc2n1,-1.8613009452819824
guided,C=[O+]C(=O)NCCCCCCC/[NH+]=[C-]/[C@H](Nc1ccc(OC(F)(F)F)cc1)c1[c-]c(NC(=O)c2cncc(C#N)n2)ccc1,-1.832297682762146
guided,Nc1c(Cl)cc(S(N)(=O)=O)cc1S(=O)(=O)NCCC1CCCCC1,-2.064993381500244
guided,COc1ccc(OC)c(C(=O)c2c(O)c3c(Br)c(OC)cc(O)c3oc2=O)c1,-6.329720973968506
guided,O=C(/C=C/c1ccc(F)cc1)NC(=S)NNC(=O)c1cnccn1,-1.5607467889785767
guided,C=COCCCNC(=O)n1cccn1,-1.5274808406829834
guided,O=C(/C=C/c1c(F)cccc1Cl)NCCCN1CCCC1=O,-2.3754727840423584
guided,[OH-],-3.044522523880005
guided,N#Cc1ccc(CNc2ccccc2-c2cnc3ccccc3n2)cc1,-1.8613009452819824
guided,Cl[CH-]O[c+]1[cH-][cH+][c-]2[c+]([cH-]1)OCCCO2,-5.638354778289795
guided,[H]/N=c1\n(CCCN(C)C)c2ccc(Cl)cc2n1C[C@H](O)c1ccco1,-1.8221569061279297
guided,COc1ccc(CCNC(=O)c2cc(COc3ccc(F)cc3Cl)on2)c(OC)c1,-2.6850228309631348
guided,Cc1cc(OC[C@@H](O)CN2CCOCC2)ccc1Cl,-2.8982770442962646
guided,CC(=O)[C@@H]1CCCN(C(=O)c2cnn([C@@H](C)C(F)(F)F)c2)C1,-1.9781709909439087
guided,CO[c-]1[cH+][c-]2[c+]([O-])[c-](C)[nH][c+]([O-])[c+]2[c-]2o[c+](C)[cH-][c+]([O-])[c+]12,-2.998110294342041
guided,O=c1ccc(/C=C/c2ccc(S(=O)(=O)N3CCCCCC3)cc2)n[nH]1,-2.1057322025299072
guided,NC(=O)c1cccn1CCC(=O)N1CCCCC1,-1.7780040502548218
guided,O=C(CSC1=NCCS1)N1CCc2ccccc21,-2.1753058433532715
guided,COc1cc(N2C(=O)C[C@@H](C)N2c2cccc(C)c2C)ccc1C(C)=O,-2.54217791557312
guided,CCCC[C@H]1N[C@@H](C(=O)O)CS1,-2.440274477005005
guided,CCOc1ccccc1NC(=S)NCCCN1CCN(C)CC1,-1.738948941230774
guided,CCOC(=O)CC(=O)CSc1nnc(-c2ccccc2)c(-c2cccs2)n1,-2.1825454235076904
guided,O=C(O)c1ccc([N+](=O)[O-])c2cccnc12,-2.0578689575195312
guided,[O-][C+]([CH-]CCN[S+2]([O-])([O-])[c+]1[cH-][cH+][cH-]s1)N1CCN(C2CCCCC2)CC1,-2.14487624168396
guided,O=C(/C=N/O)c1ccccc1,-2.35364031791687
guided,CCNCc1n[nH]c(=S)n1Cc1ccc(Cl)cc1,-1.4944287538528442
guided,O=c1cc(/C=N/OCc2ccc(F)cc2)cc[nH]1,-2.1753058433532715
guided,CCOc1ccccc1CCCCNC(=O)c1ccccc1Br,-3.0888755321502686
guided,Cc1ccc(CNC[C@H](C)NCc2cccc(Cl)c2)cc1,-2.3290607929229736
guided,COc1ccc(CN2CCc3cc(OC)c(OC)cc3C2)cc1OC,-3.172083616256714
guided,Cn1cnc(S(=O)(=O)NCCc2ccc(S(N)(=O)=O)cc2)c1,-1.6945956945419312
guided,Cn1nc(OCCCOc2ccc(F)cc2)ccc1=O,-2.2803893089294434
guided,O=C(N/N=C/c1cccs1)C(=O)N1CCCC1,-1.7210086584091187
guided,O=S(=O)(NCc1cn2ccsc2n1)c1cccc2cccnc12,-1.738948941230774
guided,CN(C)S(=O)(=O)c1cccc(CSc2nncn2C)c1,-1.5995122194290161
guided,COc1ccc(Nc2ccccc2OC)cc1,-2.7873599529266357
guided,C[C@@H](NS(=O)(=O)c1[c-]c2c3c(c(=O)oc2cc1)CCCC3)C(=O)O.[H+],-3.131344795227051
guided,CN(C)Cc1ccc(CN2CCC(Cc3ccccc3)CC2)cc1,-2.4622952938079834
guided,CC[C@@H](C)C1=NN(C(=O)Cc2ccc(F)cc2)[C@](O)(C(F)(F)F)C1,-2.4622952938079834
guided,[O-][N-][N-][C+]([N-][C+]1[CH+][CH+][C-](Cl)[CH+][CH-]1)[c+]1[cH-][cH+][cH-]s1,-1.7210086584091187
guided,O=[N+]([O-])C1=NN(CCc2ccccn2)[C@@](Cl)(c2ccccc2)C1(Cl)Cl,-1.8221569061279297
guided,O=[N+]([O-])c1c(N2CCOCC2)c2nsnc2c2ccccc12,-1.6945956945419312
guided,Cn1c(CCC(=O)Nc2cccc(Oc3ccccc3Cl)c2)n[nH]c1=S,-1.8613009452819824
guided,CCCCN(C(=O)NC(=O)N(CCOC)CCc1ccccc1)S(C)(=O)=O,-2.1825454235076904
guided,CC1S[C][N-]C1SCCN1[CH+][N-][C+]2[CH+][CH-][CH+][CH-][C+]21,-1.7780040502548218
guided,S=C(NCc1ccccc1)NC[C@H]1CCCO1,-2.1183104515075684
guided,CCC(C)(C)NC(=O)CCCNS(=O)(=O)C1=C(/C=C/c2ccco2)[O+]2CN2/C1=C(/[O-])OC,-2.3521556854248047
guided,CC(=O)N[C@H]1CCSC1=O,-2.258782386779785
guided,COc1ccc2oc(=O)c(C(=O)Oc3ccc4c(=O)cc(C)oc4c3C)cc2c1,-6.364750862121582
guided,[O-][S@+](C[C@@H]1CC1(Cl)Cl)C[C@H]1CC1(Cl)Cl,-5.638354778289795
guided,N#C/[NH+]=[C-]\CCC(=O)O,-1.4849249124526978
guided,FCCCOc1ccccc1CNc1ncccn1,-1.8319255113601685
guided,O=C(NCc1ccco1)c1cc(-c2ccco2)nc2ccc(Cl)cc12,-2.5030341148376465
guided,COc1cc(CO)cc(Br)c1OCC(=O)n1ccc2ccccc21,-3.131344795227051
guided,N[N-][C+]([S-])NCC[C-]1[CH+]CCN(C[c-]2[cH+][cH-][cH+][cH-][cH+]2)C1,-1.5995122194290161
guided,NS(=O)(=O)c1cccc(S(=O)(=O)N2CCN(C(=O)C(F)(F)F)CC2)c1,-2.1057322025299072
guided,[N-2][C+](N)NCCCCN[C+]([O-])CCC[C+]([O-])O,-1.4374333620071411
guided,CNP([N-][C+]([O-])CO[c+]1[cH-][cH+][cH-][cH+][cH-]1)N1CCCCC1,-1.8830875158309937
guided,CS(=O)(=O)Nc1cc(C(=O)CSc2ncccn2)ccc1C#N,-1.738948941230774
guided,O=C(C1=C(O)C(=O)N(C[C@@H]2CCCO2)[C@@H]1c1ccc([N+](=O)[O-])cc1)c1ccco1,-2.6511785984039307
guided,[N-2][CH+][N-][C][O-],-0.901548445224762
guided,Cn1c(=O)c2c(SCC(=O)Nc3ccc(-c4ccccc4)cc3)nc(-c3ccccc3)nc2n(C)c1=O,-1.99288010597229
guided,FC(F)Oc1cccc(Cl)c1,-5.398162841796875
guided,Clc1cccc(NCCNc2cc(N3CCOCC3)ncn2)c1,-1.5182775259017944
guided,Brc1ccc(-c2noc(/C=C/c3ccco3)n2)o1,-2.1753058433532715
guided,Cn1cc([C@@H](Br)CBr)c(=O)oc1=S,-2.519998073577881
guided,CO/[C-]=C/C=[NH+]/OC(=O)Nc1ccc(Cl)cc1,-2.1183104515075684
guided,Clc1ccc(CSc2ccc(N3CCN(Cc4ccccc4)CC3)nc2)cc1,-2.2188470363616943
guided,COc1cccc(/C=N/NC(=O)c2[nH]c(C)c(C(=O)NCc3ccc(F)cc3)c2C)c1O,-2.068580389022827
guided,[O-][S+2]1([O-])[C][C][C]C1,-4.948760032653809
guided,Clc1ccc(-c2nnc(-c3ccc(Br)o3)o2)cc1,-2.1753058433532715
guided,[H+].[N-2][C][C+]1[C][C][C+](C23CC4(C2)C(CN(C[c+]2[cH-][cH+][cH+][n-][cH-]2)C4[c+]2[cH-][cH+][cH-][cH+][cH-]2)C3[c+]2[cH-][cH+][c+](Cl)[n-][cH-]2)[CH+][CH+]1,-2.2135515213012695
guided,C/C(O)=[O+]\C=C(\[O-])NNC(=O)c1cc(=O)[nH]c(=O)[nH]1,-1.548350214958191
guided,Fc1ccc(N2CCN(Cc3[c-]n4ccccc4n3)CC2)cc1.[H+],-1.738948941230774
guided,Fc1ccc(CSc2nnc(-c3ccccc3)o2)cc1,-2.2803893089294434
guided,O=C(N/N=C/C=C/c1ccc2c(c1)OCO2)c1cccc([N+](=O)[O-])c1,-2.1057322025299072
guided,Cc1ccnc2c1CCC/C2=C\c1cccc(Br)c1,-2.8982770442962646
guided,[O][C-][N][N][C]1CCCC[N+]1[C]([O])[C][N][NH+][C]1[CH][CH][C]2[CH][CH][CH][CH][C]2[CH]1,-1.6014856100082397
guided,NNC(=O)/C=C/c1cccs1,-1.6845905780792236
guided,N/C(=N\NC(=O)c1ccccc1)c1cccnc1,-1.4944287538528442
guided,Nc1cccc(OCC(=O)NC2CCN(Cc3ccc4c(c3)OCO4)CC2)c1,-2.2188470363616943
guided,COc1ccc(S(=O)(=O)[C@@H](C#N)c2nc3ccccc3[nH]c2=O)cc1Cl,-2.14487624168396
guided,COc1cc(/C=N/NC(=O)CSc2ccccn2)ccc1OCC(N)=O,-1.8613009452819824
guided,CCOc1ccc(NS(=O)(=O)c2ccc3ccccc3c2)cc1Br,-3.131344795227051
guided,NN/C(=N\S(=O)(=O)c1ccccc1)Nc1ccccc1Cl,-1.6481837034225464
guided,CCCCOC(=O)c1c(C)oc2ccc(NS(=O)(=O)c3ccccc3)cc12,-3.248896837234497
guided,[F-],-3.044522523880005
guided,NNC(=O)c1sc(Cl)cc1OC/C=C/c1ccco1,-2.229227304458618
guided,O=C(O)C1=C(C(=O)c2ccc(Cl)cc2Cl)/C(=C(/[O-])O)C=[N+](/[C+]([C][O-])=N/Nc2ccccc2)C1=O,-2.4126884937286377
guided,FC(F)Oc1cccc(OCc2ccccc2)c1,-5.888877868652344
guided,[O-][S+]([O-])N([c+]1[n-][cH+][cH-][cH+][n-]1)[c+]1[n-][cH+][cH-][cH+][n-]1,-1.156320571899414
guided,COc1cccc(OC)c1OC[C@@H](O)CN1CCOCC1,-2.998110294342041
guided,COc1ccc(NC(=O)c2sc3nc(N4CCOCC4)c4c(c3c2N)CC(C)(C)OC4)c(OC)c1,-2.1580586433410645
guided,CCCS(=O)(=O)N1CCN(Cc2c[nH]c3ccccc23)CC1,-1.9781709909439087
guided,[N-2][C][N-2],-0.3973017930984497
guided,Clc1cccc(CN2CCc3c(sc4nc(Cl)ccc34)C2)c1,-2.3754727840423584
guided,NC(=O)CN1CCC[C@@H]1c1ccc(F)cc1,-2.0578689575195312
guided,CO[C@H]1C(=O)N(c2ccccc2)c2c(C)cccc21,-2.8982770442962646
guided,N#CCCN(C(=O)Cn1ncc(Cl)c(Cl)c1=O)c1ccccc1,-1.738948941230774
guided,O=C(OCN1C(=O)c2ccccc2C1=O)C1=CO[C@H](N2C(=O)c3ccccc3C2=O)CC1,-2.749457359313965
guided,CC1=[S+]c2ncnc(N3CCCCC3)c2/C1=C(/[O-])NCc1ccco1,-1.8221569061279297
guided,COc1ccc(N[C@@H]2c3ccccc3C(=O)N2Cc2cccnc2)cc1,-2.14487624168396
guided,COc1ccc(-c2nc(NC(=O)N3CCOCC3)sc2C)cc1,-2.022524118423462
guided,[O-][C+]([CH-]CC[c+]1[cH-][c+]2[cH-][cH+][cH-][cH+][c-]2[nH][c+]1[O-])[c-]1[cH+][cH-][cH+]o1,-2.998110294342041
guided,NN/C(N)=N/N=C\c1cccc([N+](=O)[O-])c1,-0.9756505489349365
guided,COc1ccc(NC(=O)N2CCN(c3cc4c(cc3C)n(Cc3ccccc3)c(=S)n4C)CC2)cc1,-1.965518593788147
guided,C/C(CC(=O)NCc1cccnc1)=N\NC(=O)c1cc2ccccc2cc1O,-1.9352717399597168
guided,C[C+]1[N-][C+]([O-])[C+]([N-][N-][C+]2[CH+][CH-][C+](N([O-])[O-])[CH-][C+]2N)[C-](C)[C+]1C,-1.4739243984222412
guided,[CH2-]CCN1CCN([C+](CN[S+]([O-])[O-])[c+]2[cH-][cH+][c-](NC[C+]([O-])N3CCCC3)[cH+][cH-]2)CC1,-1.7834744453430176
guided,COc1cc(CNC2CCCCCC2)cc(Cl)c1OCc1ccccc1,-3.2112276554107666
guided,C1=C/C(=C/N2CCOCC2)[S+]=C1.O=S(=O)(c1ccccc1)N1CC[C-](CO)CC1,-2.6511785984039307
guided,CO[C+]([O])C(C[C]1[CH][CH][CH][CH][CH]1)NS([O])([O])[C]1[CH][CH][C](N(C)C)[C](N([O-])[O-])[CH]1,-2.2188470363616943
guided,Clc1cnc(N/N=C/c2ccccc2Cl)c(Cl)c1,-1.7780040502548218
guided,[H+].[H+].[O-][C](N[N][CH][C]1[CH]N[C]2[CH][CH][C](C[C]C[CH+]O)[CH][C]12)[C]1[CH][C]2[CH][CH][CH][CH][C-]2[CH][C]1O,-2.2877211570739746
guided,CCN(CC)P(=O)(c1ccc(N(C)C)cc1NC(=O)c1ccco1)N(CC)CC,-1.970301628112793
guided,O=C(CC[C@@H]1CCCN(C(=O)CN2CCC(Br)CC2)C1)N1CCN(c2ccccn2)CC1,-1.8479089736938477
guided,FC(F)(F)COCC(Cl)(Cl)Cl,-5.398162841796875
guided,N#CCCN(C(=S)NC(=O)c1cccs1)c1ccc(F)cc1,-1.9781709909439087
guided,COc1ccccc1NC(=O)NCc1ccc(F)cc1,-2.2803893089294434
guided,O=S(=O)(Nc1ccccc1Br)c1ccc(OC[C@H]2CCCO2)cc1,-3.131344795227051
guided,CN(C)CCCNc1cc(=O)n2c(n1)SCC2,-1.4374333620071411
guided,Cc1cccc(OC/C(CO)=C(\C#N)c2ccc(Cl)cc2)c1C,-3.0888755321502686
guided,O=[N+]([O-])c1ccc(NCCN2CCN(Cc3ccccc3)CC2)cc1,-1.8221569061279297
guided,CC1=[S+]C2=C/C(=[NH+]\C([O-])=C(/[O-])NCCc3cccs3)C=CC2=N1,-2.022524118423462
guided,C=[O+]CCOCCOCCOCCOCCOC1=C[C-](Br)C=CC1,-6.175867080688477
guided,Cl[C-]1[C]N2[CH+][C+](CS[c-]3[cH+][c-]4s[c+]5[cH-][cH+][cH-][cH+][c-]5[cH+][c+]4[n-]3)[N-][C+]2[CH-][CH+]1,-2.1057322025299072
guided,O=C(CCN1C(=O)c2ccccc2C1=O)NC[C@H]1COCCO1,-2.419826030731201
guided,S=C(NCCN1CCCCC1)Nc1ccc(Br)cc1Cl,-1.8830875158309937
guided,Cc1cc(N2CCCC2)ccc1/C=C1\SC(=S)N(CCOCCN(C)Cc2ccccc2)C1=O,-2.4126884937286377
guided,C/C(=N\NC(=S)NCc1ccccc1)c1ccc(Cl)s1,-1.8830875158309937
guided,COC(=O)CC(=O)N1CCN(c2ccccc2)CC1,-2.229227304458618
guided,NNC(=S)Nc1cc(Cl)ccc1Cl,-1.4536465406417847
guided,O=C(CCc1ccccc1)N/N=C/c1ccccc1O,-2.2803893089294434
guided,C[CH-]CCC1CCCCN1[C+]([O-])C[c+]1[cH-][cH+][cH-][cH+][cH-]1,-2.8982770442962646
guided,COc1ccc(C(=O)NNC(=O)Nc2ccccc2C)cc1,-1.9781709909439087
guided,CCCCN(C(=O)NC(=O)Nc1ccccc1OCC)S(C)(=O)=O,-2.064993381500244
guided,NS(=O)(=O)c1ccc(NO[C@H]2O[C@H](CO)[C@H](O)[C@H](O)[C@H]2O)nc1,-2.022524118423462
guided,S=C(Nc1ccccc1)N(CC/N=C\Nc1ccc2c(c1)OCCO2)Cc1ccccc1,-2.068580389022827
guided,COc1ccc2c(COC(=O)CCS(=O)(=O)c3ccc(C)cc3)cc(=O)oc2c1,-6.364750862121582
guided,CC(C)CO[P@@]([O-])(=C=[OH+])N1CCC(C)CC1,-2.7269186973571777
guided,C=CCCCCCCCC(=O)OC,-5.564520359039307
guided,C[C]1[N][C](N(C)[C+]([O])[C]2[CH][CH][CH][CH][CH]2)S[C]1C[C]1[CH][CH][CH][C](N([O-])[O-])[C]1O,-2.1825454235076904
guided,COc1cc(NC(=O)c2ccco2)cc(OC)c1O[C@H](C)C(=O)Nc1nc2c(s1)CCCC2,-2.3828799724578857
guided,Cc1nnsc1SCCN1CCOCC1,-1.5962363481521606
guided,O=c1c2ccccc2c(/C=N/n2cn[nH]c2=S)cn1Cc1cccnc1,-1.4599595069885254
guided,COc1cc(CNC(=O)[C@@H]2CCC(=O)N(Cc3ccccc3F)C2)no1,-2.14487624168396
guided,Cl[c-]1[cH+][cH-][cH+][cH-][c+]1[C@H]1[C-]([CH-]SC[c-]2[cH+][cH-][cH+][c-]3[cH+][cH-][cH+][cH-][c+]23)[N@+]23[CH-][SH+]C[C@H]2[N@H+]13,-2.6161489486694336
guided,CC(=O)N1CCC2=C(C1)[S+]=C(NC(=O)CCS(=O)(=O)c1ccc3ccccc3c1C(=O)O)/C2=C(/N)[O-],-2.4697651863098145
guided,C[c+]1[c-]([N-][C+]([O-])[CH+][C+]([CH-][c+]2[cH-][cH+][c-]3[c+]([cH-]2)OCO3)[C+]([O-])N[c+]2[cH-][cH+][cH-][cH+][c-]2N([O-])[O-])o[c+]([O-])[c-]1C,-2.441633939743042
guided,Nc1c(C(=O)Nc2ccccc2)sc2nc3c(c(-c4ccco4)c12)CCC3,-2.1825454235076904
guided,NNC(=O)/C=N\Nc1cc(Cl)ccc1Cl,-1.312661051750183
guided,COc1ccc(/C=C/c2ccc3ccccc3n2)c(OC)c1OC,-3.131344795227051
guided,COC1=C(OC)C2C3=C4C#C[C-]=C=C4C(=O)N=CC32C=C1.[H+],-2.998110294342041
guided,[CH2-]N(C)[C-]([O-])[C+]1[C+](N[C-]([O-])[C+]2[CH+][CH-][CH+][N-][CH+]2)S[C-]2CCCC[C+]12,-2.022524118423462
guided,NNC(=O)CCc1ccc(S(N)(=O)=O)c2ccccc12,-1.8830875158309937
guided,COc1ccccc1CN1CCC(CNS(=O)(=O)c2ccc(C)cc2)CC1,-2.5798470973968506
guided,[H+].[H]/N=C(/N)[c-]1ccc(=N/N=N/c2ccc(Cn3c4ccccc4c4ccccc43)cc2)cc1,-1.6672389507293701
guided,NC(=O)c1cccc(NC(=O)[C@H]2CCCN2C(=O)NCc2ccccc2)c1,-1.898970127105713
guided,O=C(NCCCN1CCOCC1)c1ccc(CS(=O)(=O)Cc2ccc(Cl)cc2)o1,-2.6511785984039307
guided,O=C(CN1CCN(c2ccccc2)CC1)c1ccc2cc[nH]c2c1,-2.064993381500244
guided,COC(CNC(=O)CCC(=O)N1CCN(S(=O)(=O)c2ccc(Cl)cc2)CC1)OC,-2.2538769245147705
guided,O=C(C/[C-]=C/c1ccc[cH-]c1=S)C1=[N+]=[NH+][C@H]2C(=O)N(c3ccc(Cl)cc3C(F)(F)F)C(=O)[C@@H]12,-2.3828799724578857
guided,O=C(NCCN1CCCC1)c1ccccc1Oc1ccc(Cl)cc1,-2.4622952938079834
guided,[O-][S+]([O-])N1CCCCCCC1,-2.35364031791687
guided,NNC(=O)c1cc(-c2ccc(Cl)s2)nc2ccccc12,-1.8830875158309937
guided,CCOc1ccc(Br)cc1S(=O)(=O)N(C[C@H](O)CN1C(=O)NC(C)(C)C1=O)c1ccccc1,-2.3828799724578857
guided,N#Cc1c(-c2ccccc2N)nn(-c2ccc(F)cc2)c1N,-1.4739243984222412
guided,CCCO[P@@](=O)(OCC)c1nc(-c2ccc(F)cc2)oc1N1CCCCC1,-2.5798470973968506
guided,[N-2][C][C+]([CH+][C][N-]SN)[C+]1[CH+][CH+][C-](Cl)[CH+][C-]1Cl,-1.660567283630371
guided,C[C]1[C]([C+]([O])N2CCN([C]3[CH][CH][CH][CH][C]3F)CC2)[CH][CH][CH][C]1N([O-])[O-],-2.1057322025299072
guided,O=S(=O)(NCc1ccccn1)c1ccc(-c2ccno2)s1,-1.931758999824524
guided,C=CCn1c(S[C@@H]2C(=O)Oc3ccccc3C2=O)nc2ccccc2c1=O,-2.5798470973968506
guided,[C-3][C+]1[C][C+]2[N-][C+]([c-]3s[c+]4[n-][c+]5[c-]([c+](C(F)(F)F)[c-]4[c+]3N)CCC5)[N-][C+]2[CH+][CH+]1,-1.898970127105713
guided,[O-][c+]1[c+]2[cH-][cH+][cH-][cH+][c+]2[n-][c-]2n1[C+](C[P+]([O-])(O)O)[C]S2,-2.229227304458618
guided,O=S(=O)(CCN1CCc2ccccc2C1)c1ccccc1,-2.998110294342041
guided,[O][C][NH+]CC[C]NC[C]1[CH][CH][CH][CH][CH]1,-1.924782633781433
guided,O=S(=O)(Nc1ncccn1)c1ccc(NS(=O)(=O)c2ccc(Cl)cc2Cl)cc1,-1.9352717399597168
guided,[CH]N[C]([S])NCCCN[C][N+][C]([CH2])[C]1[CH][CH][CH][CH][CH]1,-1.548350214958191
guided,CCN1CCN(CCO)C(=O)[C@H]1CC(=O)Nc1nccs1,-1.6481837034225464
guided,COC1=C/C(=C/C#Cc2ncc(C)n2C)[CH-]C(OC)=C1OC.[H+],-2.3754727840423584
guided,[O-]N1[CH+][C-]([C+]2[CH+][c+]3[cH-][cH+][cH-][cH+][c-]3[N-][C+]2NCC[c+]2[cH+][n-][cH-][cH+][cH-]2)[N-][N-]1,-1.4208155870437622
guided,O=C(Oc1ccc(OC(F)F)cc1)c1cccc(S(=O)(=O)N2CCOCC2)c1,-3.285198450088501
guided,Cn1c(=O)c2c(nc(CN3CCN(c4cccc(Cl)c4)CC3)n2CCCO)n(C)c1=O,-1.63554048538208
guided,[CH2-]CCN(C[c+]1[cH-][cH+][c-](OC)[cH+][cH-]1)[S+2]([O-])([O-])[c+]1[cH-][cH+][c-](OC)[c+](OC)[cH-]1,-3.2112276554107666
guided,O=C(Nc1cccc(F)c1)N1CCCCCC1,-2.1183104515075684
guided,[O-]N([O-])[C+]1[C][C+](Cl)[CH+][CH-][C+]1[c-]1[cH+][cH-][cH+]o1,-2.662587881088257
guided,N[P@](=O)(Oc1ccc(Cl)cc1)Oc1ccc2ccccc2c1,-3.044522523880005
guided,NCCNC(=O)CN(C(=O)CN1C(=O)c2ccccc2S1(=O)=O)c1ccc(F)cc1,-2.004145860671997
guided,O=C(O)CCCNS(=O)(=O)c1cc(Cl)ccc1Cl,-2.844355583190918
guided,O=C(/C=C/c1ccccc1)OOCc1ccccc1Oc1ccccc1,-6.2557501792907715
guided,Fc1ccc(NC(=S)N(Cc2ccccc2)Cc2ccco2)c(Cl)c1,-2.5030341148376465
guided,CCOc1ccc(C)cc1OCCOCCN1CCN(C#N)CC1,-2.064993381500244
guided,CN(C)n1c(-c2ccc([N+](=O)[O-])cc2)nc2ccccc2c1=O,-1.738948941230774
guided,CCOC(=O)c1c(N)n(Cc2ccccc2)c2nc3ccccc3nc12,-1.8613009452819824
guided,[H]/N=C1C(=C/c2ccc(C)cc2)/C(=O)N=C2SC(CC(=O)N3CCCC3)=NN2/1,-1.6782987117767334
guided,NC(=O)c1c(Nc2ccccn2)sc2c1CCCC2,-1.8319255113601685
guided,[H]/[C-]=[NH+]\C(=O)C(C)(C)CCl,-2.1539745330810547
guided,COc1ccc(OC)c(C(C)=O)c1,-5.564520359039307
guided,NS(=O)(=O)c1ccc(NNC(=O)CSc2ccccn2)cc1,-1.6945956945419312
guided,NS(=O)(=O)c1ccc(CCNC(=O)CCCN(Cc2ccccc2)C(c2ccccc2)c2ccccc2)cc1,-2.54970121383667
guided,COCCNS(=O)(=O)c1ccc(C(C)(C)C)cc1,-2.844355583190918
guided,O=C(NCCOc1ccccc1Cl)c1cccc(N2CCCC2=O)c1,-2.5030341148376465
guided,COc1ccc(C(F)(F)F)cc1NC(=O)CSc1ncc(-c2ccc(F)cc2)[nH]1,-2.2538769245147705
guided,COc1ccc(F)cc1C(=O)NC1CCCCCC1,-2.8982770442962646
guided,[CH]CCC[CH+]N[C-]([O-])C12[CH+]N([S+]([O-])[O-])C[CH+][C-]1C[c-]1[cH+][cH-][cH+][cH-][c+]1C2.[O-]P(O)O,-2.6511785984039307
guided,CCOc1cc2nc(C)oc2c(OC)c1OC,-2.7873599529266357
guided,[OH-],-3.044522523880005
guided,COc1ccc(C(=O)NCCSc2nnc(COC(=O)C(C)C)n2C)cc1OC,-1.970301628112793
guided,CCOc1ccc(-c2c(Cc3ccccc3)nc(SCC(=O)O)n2-c2ccc(C(N)=O)cc2)cc1,-2.441633939743042
guided,CCn1nnnc1SCC(=O)Nc1cccc2ccccc12,-1.4739243984222412
guided,O=C(O)C1CCN(S(=O)(=O)c2ccc(C(=O)N3CCCCC3)cc2)CC1,-2.54217791557312
guided,COC(=O)[C@@](NC(C)=O)(NS(=O)(=O)c1ccc(Br)cc1)C(F)(F)F,-2.4622952938079834
guided,NC(=O)[C@@H]1[C@@H](c2cccs2)CC=C[C@@H]1Br,-2.662587881088257
guided,S=C(NC1CC1)N1CCN(c2ccc(Cl)cc2)CC1,-1.8319255113601685
guided,NCCCNCCCCNCCCN,-1.2439055442810059
guided,NS(=O)(=O)c1ccc(CCNC(=O)CN2C(=O)N[C@H](Cc3cccc4ccccc34)C2=O)cc1,-2.12911319732666
guided,COc1ccc(C(=O)N2CCN(S(=O)(=O)c3ccc(N(C)C)s3)CC2)cc1OC,-2.2538769245147705
guided,C[NH+][NH+][C]([O])[C][C]([C]1[CH]N(C[C]([O])NC[C]2[CH][CH][CH]O2)[C]2[CH][CH][CH][CH][C]12)[N+]([O-])[O-],-1.7496302127838135
guided,O=S(=O)(c1ccc(Cl)c(Nc2ncnc3sccc23)c1)N1CCOCC1,-1.8613009452819824
guided,C/C(CC(=O)Nc1ccc(F)cc1)=N\NC(=O)C(=O)NCc1cccnc1,-1.6782987117767334
guided,[O-]P(Oc1ccccc1)/[O+]=C(\c1ccccc1)C1CC1,-5.993961334228516
guided,[OH-],-3.044522523880005
guided,Clc1ccc(OCCn2ccnc2)c(Cl)c1,-2.0578689575195312
guided,CCn1nc(CC(=O)Nc2ccc(N(C)C)cc2)c2ccccc2c1=O,-1.8613009452819824
guided,O=C(CN1CCOCC1)NCc1cccc(Cl)c1,-2.1753058433532715
guided,[O-][S@@+](Nc1cc(C(F)(F)F)ccc1N1CCCC1)c1cc(Cl)ccc1Cl,-2.54217791557312
guided,O=[N+]([O-])c1nc2c3c(ncn2n1)-c1ccccc1CC31CCCC1,-1.5607467889785767
guided,C=C(Cl)COC(=O)c1cc(=O)[nH]c2ccccc12,-2.844355583190918
guided,N#CC(/[C-]=[NH+]/NC1CCN(Cc2ccccc2)CC1)=N\Nc1ccccc1,-1.4976286888122559
guided,Cc1noc(C)c1C(=O)N[C@@H](C)CCc1ccccc1,-2.2803893089294434
guided,CCC(=O)Nc1cc(C)c(NS(=O)(=O)c2ccc(C)cc2)cn1,-2.022524118423462
guided,Cc1ccc(CNC(=O)[C@H]2CCC(=O)N(Cc3ccc(Cl)cc3)C2)o1,-2.5030341148376465
guided,NCCCCCNC(=O)[C@@H](CO)NC(=O)c1ccccc1NC(=O)C1=CSCCO1,-2.004145860671997
guided,CN(C)c1ccc(N2CCN(C(=S)NC3CC3)CC2)cc1,-1.6481837034225464
guided,COc1cc(C)ccc1OC[C@@H](O)CN1CCCC[C@@H]1C,-2.998110294342041
guided,O=[N+]([O-])C(=C\c1cn(CCO)nc1C(F)(F)F)/C=N/Nc1ccccc1,-1.640629529953003
guided,N[C@H](Cc1ccccc1)C(=O)N(CCc1nccc2ccccc12)Cc1ccco1,-2.2877211570739746
guided,CO[c-]1[cH+][cH-][c+]([C-]([O-])C2CCCN(C3([O-])[O+]4C56[C+]([C-]7[CH-][CH+][C-](F)[CH+][CH-]7)[C+](C)[N-]N5[C+](C)[C+](C)C436)C2)[cH-][c+]1F,-2.523759603500366
guided,Cc1nc#cc(-n2c(N)c(C#N)c3nc4ccccc4nc32)n1,-1.1846381425857544
guided,NC(=O)[C@@H](Cc1ccc(F)cc1)c1ccccc1,-2.844355583190918
guided,[S-][C+]([N-][c+]1[n-][cH+][cH-]s1)N1CCCCCC1,-1.5962363481521606
guided,O=C(Cc1ccccc1)NCC(=O)OCC(=O)N1CCCc2ccccc21,-2.5798470973968506
guided,[H+].[H+].[H]/N=C(/Nc1ncc(C(F)(F)F)cc1OC)N[C-](C)[O-],-1.548350214958191
guided,O=C(O)CCC/C=[N+]1/CCC2=C[C-](CCBr)C=CC2=N1,-2.2803893089294434
guided,COc1ccc(C(C)=O)cc1COC[C@H](O)CNCCCSC,-3.0888755321502686
guided,Cc1nc(CC(=O)N/N=C/c2ccc(OCC(=O)O)cc2)cs1,-2.022524118423462
guided,CO[C]1[CH][CH][C]2CCN[C]([O])[C]([O])NCC3OCCN3S([O-])([O-])[C][CH+][CH][C]3[C]2C13,-2.2538769245147705
guided,[NH-][P+]([O-])(OCCC[c+]1[cH-][cH+][cH-][cH+][cH-]1)O[c+]1[cH-][cH+][c-](F)[cH+][cH-]1,-2.998110294342041
guided,C[c-]1[n-][c+](CN2[CH-]CCC2)[n-][c+](SC[C-]([O-])N2CC[C+]3[CH-][CH+][CH-][CH+][C+]32)[c+]1Cl,-1.898970127105713
guided,COc1ccc2c([C@H](c3ccccc3)c3ccc(C(=O)O)cc3)cc(=O)oc2c1C,-6.398594856262207
guided,O=C(c1ccc(Cl)s1)N1CCc2ccccc21,-2.7873599529266357
guided,O=C1[C@H]2CC=C(Cl)C[C@H]2C(=O)N1CNc1ccccn1,-1.8830875158309937
guided,Cc1ccc(N2CCN(S(=O)(=O)c3ccc(C(=O)O)cc3)CC2)cc1Cl,-2.54217791557312
guided,Clc1ccccc1Oc1ccccc1Cn1cncn1,-1.8830875158309937
guided,O=[C+](C1CCCCC1)N([C][O-])Oc1ccccc1F,-2.8982770442962646
guided,Nc1nc(SCC(=O)NC2CCCCCC2)[nH]c(=O)c1-c1ccccc1,-1.8613009452819824
guided,CCCNS(=O)(=O)c1c(C(=O)N2CCc3ccccc3C2)c(C)n(C)c1C,-2.1825454235076904
guided,CCCn1c(=O)c2[nH]c(COc3ccccc3)nc2n(Cc2ccccc2)c1=O,-1.970301628112793
guided,O=C(NNC(=S)NCCCN1CCOCC1)c1ccncc1,-1.4739243984222412
guided,CCCCOc1ccc(C(C)=O)cc1OCC,-5.831882476806641
guided,c1ccc(CNCCCOCCSc2ccccc2)cc1,-2.998110294342041
guided,O=NNc1ccc2ccccc2n1,-1.4536465406417847
guided,Cc1onc(-c2ccccc2Cl)c1NS(=O)(=O)c1ccc(F)cc1,-2.4622952938079834
guided,Nc1nnnn1NCCc1cccc(O)c1,-0.9756505489349365
guided,Fc1ccc([P@](=S)(Nn2cnnc2)c2ccccc2)cc1,-1.6481837034225464
guided,Cc1c(NP(=O)(Oc2ccccc2)Oc2ccccc2)c(=O)n(-c2ccccc2)n1C,-2.3204572200775146
guided,COc1c(C)nc(NC(=O)c2cccs2)nc1Nc1ccc(S(=O)(=O)Nc2cccs2)cc1,-1.8786333799362183
guided,O=C(N/N=C/c1nc(C2CCCCC2)cs1)c1cccc([N+](=O)[O-])c1,-1.8221569061279297
guided,NS(=O)(=O)c1ccccc1Nc1cc(Cl)cc(Cl)c1,-2.229227304458618
guided,Fc1cc(Cl)ccc1NC(=S)NC1CC1,-1.9935381412506104
guided,COCCn1c(SCc2cccc(C(C)=O)c2)nc2ccccc2c1=O,-2.54217791557312
guided,CCOC(=O)Nc1ccc(C)cc1NC(=O)OCC,-2.229227304458618
guided,CN1CC[C@@H](OC(=O)c2ccncc2)CC1(C)C,-2.1753058433532715
guided,[CH2+]CC[C+]1[C][CH-]N[C+]2[C+]1[N-][CH+][N-][C+]2N(C[CH+][C][N-2])CCO.[H+],-1.427512288093567
guided,O=C(COc1ccc(Cl)cc1Cl)Nc1ccc(Cl)cc1Cl,-2.998110294342041
guided,S=c1[nH]ncn1/N=C/[C@@H]1CC=CCC1,-1.2439055442810059
guided,Nn1c(SCc2ccccc2)nnc1-c1cccnc1,-1.3788409233093262
guided,O=[N+]([O-])c1ccc(N2CCN(c3ccccc3)CC2)cc1,-1.931758999824524
guided,F[C@H]([C@@H](Cl)COc1ccccc1)C(F)(F)F,-5.7714409828186035
guided,CN(C)S(=O)(=O)N1CCN(C[C@H](O)COc2ccc(F)cc2F)CC1,-2.1057322025299072
guided,CN1CCc2c(c3cc(F)ccc3n2C)C1,-2.0578689575195312
guided,[O-][C+](CCN1[C+]2[CH+][CH+][CH-][c+]3[cH-][cH+][cH-][c+]([c-]32)[S+2]1([O-])[O-])[N-]C[C+]([O-])NN[C-]([O-])[C+]1[CH+][CH-][CH+][C-](N([O-])[O-])[CH+]1,-1.9373873472213745
guided,Cn1c(=O)c2c(nc(CN3CCOCC3)n2CCN2CCOCC2)n(C(C)(C)C)c1=O,-1.63554048538208
guided,[N-2][C][c-]1[c+]([S-])[cH-][cH+][c-]2[cH+][cH-][cH+][cH-][c+]12,-2.519998073577881
guided,C=[N+](C[C@@H]1CCCN([CH2-])C1)C(=O)CCCOc1cc(=O)n(C)c2ccccc12,-2.2188470363616943
guided,S=C1CC[C-]2C[C@@H]3C[C@@H](C[O+]=C=CN1)C[C@H](C2)C3,-2.844355583190918
guided,C[C-]1[CH+][C]C2([CH+][CH-]1)[O+]1[CH-][C+]([O-])OCC[S+]12.[H+],-5.707110404968262
guided,S=C(NCCN1CCOCC1)Nc1ccc(CNC(=S)NC2CC2)cc1,-1.640629529953003
guided,CN(C)NC(=S)NCCc1ccccc1,-1.5962363481521606
guided,Cl[C]N[N][CH][N+]1[CH][C]2[CH][CH][CH][CH][C]2[CH][N]1,-1.312661051750183
guided,O=C(CCl)NCC(=O)N/N=C/c1ccccc1Cl,-1.7780040502548218
guided,NS(=O)(=O)c1ccc(C2CCCCC2)cc1,-2.7269186973571777
guided,COCCN[S+2]([O-])([O-])[c-]1[cH+][cH-][c+]2[c-]([cH+]1)[N-][C-]([N-]CC(CCCCCC[C+]([O-])O)CCC(C)C)O2,-2.4126884937286377
guided,[O-]P(NC1CCCCC1)OC1CCCCC1,-2.7269186973571777
guided,O=[N+]([O-])c1ccc2nc(SCc3ccc(F)c(F)c3)[nH]c2c1,-1.9781709909439087
guided,CCC(O[C-]([O-])C(C)CO[C+]([O-])[C+]1[CH+][CH-][CH+][CH-][CH+]1)C(C)(O)[CH-]O[CH+]OC(C)CC([CH-]O)N(C)C,-3.4790399074554443
guided,NCCCCCCOCC(F)(F)F,-2.519998073577881
guided,C[O+](N[S+2]([O-])([O-])[C-]1[CH-][CH+][CH-][CH+][CH-]1)[C+]([O-])N[c+]1[cH-][cH+][c-]2[c+]([cH-]1)[C+]([O-])OC2,-2.5030341148376465
guided,CN(C)S(=O)(=O)c1cc(NC(=O)CN2CCN(c3ccccc3)CC2)ccc1Cl,-1.970301628112793
guided,O=[N+]([O-])c1cc(C(F)(F)F)ccc1NCc1ccc(Cl)nc1,-1.9781709909439087
guided,CN(C)S(=O)(=O)c1ccc(C(=O)NCC2(N3CCCCC3)CCCCC2)cc1,-2.2188470363616943
guided,O=C(OCCN1CCOCC1)c1cc(S(=O)(=O)N2CCCCCC2)c(Cl)cc1Cl,-2.6511785984039307
guided,O=C1c2ccccc2S(=O)(=O)N1Cc1ccccc1Cl,-2.94943904876709
guided,[H]/N=C(/N)C[C@H](c1ccco1)C1CCCCC1,-2.0578689575195312
guided,O=C1COC(=O)c2ccccc2N[C-](Nc2ccccc2)O[NH2+]S(=O)(=O)c2cccc(c2)N1,-2.099304676055908
guided,[CH2-]N1[CH+][CH+][N-][C+]1SCCC[C-](N)[O-],-1.4536465406417847
guided,S=C(NCCc1ccccn1)NC1CCCCC1,-1.7780040502548218
guided,CCOC(=O)/C=c1\s/c(=C\c2ccc(F)cc2)c(=O)n1-c1cccc(O)c1,-3.248896837234497
guided,[N-]=C1N=[O+]N=C1n1nnc(C(=O)N/N=C/c2cccnc2)c1-[c-]1ccc[s+]1,-1.0949223041534424
guided,CO[c-]1[cH+][cH-][c+](CN([C+]2[N-][C-]([c+]3[cH-][cH+][c-](OC)[cH+][cH-]3)OS2)C2CC[S+2]([O-])([O-])C2)[cH-][cH+]1,-2.6850228309631348
guided,CO[c-]1[cH+][cH-][cH+][c-]2[n-][c+]([C+]([O-])NC(C)[c+]3[cH-][cH+][cH-][cH+][cH-]3)[cH+][c-]12,-2.3754727840423584
guided,C[C@H]1Cc2ccccc2N1S(=O)(=O)c1ccccc1,-2.8982770442962646
guided,[O-]N([O-])[C+]1[N-][N-][CH+][C+]2[N-][C][N-][C-](Cl)[C+]21,-1.0232341289520264
guided,Cc1ccccc1CNS(=O)(=O)c1ccc2c(c1)OCCO2,-3.044522523880005
guided,CN(/C(=N\S(=O)(=O)c1ccc(Cl)cc1)c1ccccc1)S(=O)(=O)c1ccccc1,-2.6511785984039307
guided,CC(C)OP(=O)(OC(C)C)c1[nH]c2ccccc2c1[P@](=O)(Oc1ccccc1)N(C)Cl,-2.717759132385254
guided,Brc1ccc(N[C@H](c2ccccc2)c2ccco2)cc1,-2.94943904876709
guided,OCCCNCc1c(-c2ccc(Br)o2)nn2c1OCCC2,-1.931758999824524
guided,CCOc1ccc(N2CCN(C(=O)c3ccc(OC[C@@H]4CCCO4)cc3)CC2)cc1,-2.6850228309631348
guided,CCOC(=S)SCC(=O)Nc1cc(C)on1,-2.0578689575195312
guided,Nc1nonc1C(=O)NC1(C(=O)NCc2cccnc2)CCCCC1,-1.4208155870437622
guided,Clc1ccc(CNc2ccc(OCc3ccccc3)cc2)c(Cl)c1,-3.131344795227051
guided,[NH-]N(C(=O)/C(=[C-]/N)SCc1ccccc1F)C1=[S+2]=CC=N1,-1.6481837034225464
guided,COc1ccccc1NC(=O)/C(C#N)=C/c1cccnc1,-1.931758999824524
guided,COc1ccc(S(=O)(=O)N2CCCC[C@H]2C)cc1C(=O)Nc1cc(C)on1,-2.1825454235076904
guided,O=C(C1CCN(S(=O)(=O)c2cccnc2)CC1)N1CCN(c2nncc(F)c2F)CC1,-1.63554048538208
guided,NS(=O)(=O)c1ccc(NNC(=O)c2cccs2)cc1,-1.8319255113601685
guided,O=C(NC1CCCC1)C1(N([C][O-])C[C+]2=CC=CO2)CCCCC1,-2.419826030731201
guided,Clc1ccc(Cl)c([C@H](c2ccccc2)n2ccnc2)c1,-2.2803893089294434
guided,C[C@@H]1CCCN(c2c([N+](=O)[O-])c(=O)oc3ccccc23)C1,-2.3290607929229736
guided,COc1cccc(CCc2n[nH]c(=S)n2-c2ccccc2)c1OC,-2.064993381500244
guided,CCNC/C(=N\Nc1ccccc1C(=O)O)C(=O)N/N=C1\C(=O)Nc2ccccc21,-1.60280442237854
guided,CCCNc1oc(-c2cccs2)nc1S(=O)(=O)c1ccccc1,-2.419826030731201
guided,COCCCNC(=O)CN(c1ccc(OC)cc1OC)S(=O)(=O)c1cccc(F)c1,-2.6850228309631348
guided,CCCN(C/C=C(/c1ccc(OC)cc1)c1ccc(OC)c(OC)c1)CCCCO,-3.3540725708007812
guided,Clc1ccc(OCCCCNCc2cccs2)c(Cl)c1,-2.94943904876709
guided,NNC(=O)CSCc1nc2ccccc2[nH]1,-1.3769919872283936
guided,CCOC(=O)N1CN=C(NS(=O)(=O)c2ccccc2Cl)NC1,-1.6945956945419312
guided,O=C(NCCN1CCOCC1)Nc1cccc(Cl)c1,-1.8319255113601685
guided,Nc1nc(-c2cccc([N+](=O)[O-])c2)cs1,-1.5962363481521606
guided,OCCNCc1ccc(OC2CCCC2)cc1,-2.7873599529266357
guided,O=C(Cn1c(NCCO)nc2ccccc21)c1ccc(OC(F)F)cc1,-2.14487624168396
guided,Fc1cc(F)cc(NC(=S)NCCN2CCOCC2)c1,-1.8830875158309937
guided,O=C(CSCC(=O)N1CCCCC1)Nc1cccc(Br)c1,-2.3290607929229736
guided,CN(C)S(=O)(=O)c1ccc(NC(=O)c2ccc3nsnc3c2)cc1,-1.7814180850982666
guided,NC(=O)C1CCN(c2nc(N)c(-c3ccco3)c(N)n2)CC1,-1.2932543754577637
guided,COc1ccc(OCc2nc3ccccc3c(=O)[nH]2)cc1,-2.3290607929229736
guided,CCC(=O)Nc1nnc(-c2cccs2)s1,-1.5962363481521606
guided,COc1ccc(-c2cc(C)nc(SCC(=O)N(C)c3ccccc3OC)n2)cc1,-2.2538769245147705
guided,Br[C]CS[c+]1[n-][n-][c+](CNC[c+]2[cH-][cH+][cH-][cH+][cH-]2)o1,-1.7780040502548218
guided,C[C@H]1CCc2nn(CC(=O)Nc3ccc(N4CCOCC4)cc3)cc2C1,-1.8613009452819824
guided,S=C(Nc1ccc2nccnc2c1)N1CCN(c2ccccn2)CC1,-1.4208155870437622
guided,N#Cc1cc(-c2ccccc2)oc1NC(=O)c1ccco1,-2.3290607929229736
guided,COc1cccc(CN2CCN(c3cc(Cl)ccc3C)CC2)c1O,-2.4622952938079834
guided,C[C]1[N][C]2[CH][CH][CH][N][C]2N1[C]1[CH][CH+][C+]([P-])[C]([O])O1.[C-3]Br.[H+],-1.8830875158309937
guided,COc1cc(NC(=S)NCCN2CCOCC2)cc(OC)c1OC,-2.064993381500244
guided,O=S(=O)(NCc1cccnc1)c1sc2ccccc2c1Cl,-2.3290607929229736
guided,N#Cc1ccccc1Cn1c(C(=O)c2ccccc2O)nc2ccccc21,-2.1825454235076904
guided,COc1ccc(C(=O)Oc2cc(N)n(S(=O)(=O)c3ccc(C)cc3)n2)cc1,-2.1825454235076904
guided,CN(O)[P@@](C)(=O)c1ccccc1,-2.440274477005005
guided,CCOc1ccc(NCc2ccccc2OCc2ccccc2)cc1,-3.172083616256714
guided,C[C@@H](c1cccc(CN(C)Cc2ccc(F)cc2)n1)N(C)C(=O)c1ccc(S(N)(=O)=O)cc1,-2.099304676055908
guided,O=S(=O)(Nc1nc2ccc(Br)cc2[nH]1)c1ccc2ccccc2c1,-2.064993381500244
guided,O[C@@H](CNc1ccc(-c2csc(N3CCOCC3)n2)cc1)CNC1CC1,-1.8613009452819824
guided,O=C1NC(=O)N(Cc2ccccc2)C(=O)/C1=C\NN1CCc2ccccc2C1,-1.9352717399597168
guided,O=C(CCC1CCCC1)NCc1csc(-c2cccnc2)n1,-1.9781709909439087
guided,C/C(=N/N(Cc1cccs1)C(=O)c1n[nH]c2c1CCC2)c1cccs1,-1.8221569061279297
guided,CC(=O)OCn1ncc(N2CCOCC2)c(Br)c1=O,-1.8319255113601685
guided,[CH2-][c+]1[n-][cH+][n-][c-](OC)[c+]1[C-]1[CH+]OCCO1,-1.9935381412506104
guided,O=C(Nc1ccc(F)cc1)Nc1cc(CSc2ccccn2)nn1-c1ccc2c(c1)OCO2,-1.8786333799362183
guided,S=C(NCc1ccccc1)NCc1ccccc1,-2.1753058433532715
guided,O=C(Cn1ncc(Cl)c(Cl)c1=O)NCCO,-1.660567283630371
guided,O=C(OCC(=O)N1CCCc2ccccc21)c1ccc(Cl)nc1,-2.419826030731201
guided,Nn1c(SCc2nc3ccccc3[nH]2)nnc1-c1cccs1,-1.2932543754577637
guided,COc1ccc2c(c1)O[C@@](O)(C(F)(F)F)CC2=O,-5.888877868652344
guided,CN(C)N1C(=O)[C@H](NCc2ccc(Br)cc2)C[C@@H]1O,-1.8319255113601685
guided,[H]/N=c1/c(C(=O)NC)cc2c(=O)n3cccc(C)c3nc2n1CCOC,-1.6014856100082397
guided,CCOP(=O)(OCC)/C(=N/OC(=O)c1ccccc1)C(N)=O,-2.3754727840423584
guided,Clc1ccc(-c2nc3ccccn3c2CN2CCSCC2)cc1,-2.022524118423462
guided,COC(=O)[C@@](NC[C@@H]1CCCO1)(C(=O)OC(=O)c1ccco1)c1ccccc1,-3.285198450088501
guided,NNC(=O)CNc1cccc2ccccc12,-1.660567283630371
guided,OC1CCN(c2nc(-c3ccccc3)nc3scc(-c4ccccc4)c23)CC1,-2.2188470363616943
guided,C/N=C(\NCC(F)(F)F)SCCC1=CC(C)(C)Cc2ccccc21,-2.4622952938079834
guided,O=S(=O)(NCCOc1ccccc1OCCOCCOc1cccnc1)c1cccnc1,-2.3521556854248047
guided,NNC(=O)c1cccn1-c1ccc(F)cc1,-1.660567283630371
guided,[C-3]O[C+]([O-])[C-]1[C+](O)[c-]2[cH+][cH-][cH+][cH-][c+]2O[C-]1[O-],-5.7714409828186035
guided,CO[C-]1[N-][C-](C)N([O-])[C+]1C[C+]1[C+](Cl)[CH+][CH-][CH+][C-]1Cl,-2.1753058433532715
guided,[O-]N([O-])[C+]1[N-]N([C+]2[CH+][CH-][C+]([S+2]([O-])([O-])N3CC[c+]4[cH-][cH+][cH-][cH+][c-]43)[CH-][CH+]2)N([O-])[C-]1[N-][C+]1[CH+][CH-][CH+][CH-][CH+]1,-1.7277717590332031
guided,O=S(=O)(c1ccc(Br)cc1)c1ccc(OC[C@H]2CO2)cc1,-6.042633056640625
guided,CCC[P@@](=O)(O)c1ccccc1,-5.48479700088501
guided,COC([O-])=C=C/C=[N+](/C)S(=O)(=O)c1cccc2nonc12,-1.931758999824524
guided,Nn1c(COc2ccccc2)nnc1-c1cccnc1,-1.3788409233093262
guided,C[C-]1N[C+]2CC(C)(C)C[C+]([O-])[C-]2CC1N([O-])[O-],-2.1183104515075684
guided,CN(CC(=O)Nc1cccc([N+](=O)[O-])c1)S(=O)(=O)c1ccc2oc3ccccc3c2c1,-2.3204572200775146
guided,Cl[C-]1[C][c+]2[c+]([n-][c+]3[c+]2[n-][cH+][n-][c-]3N2[CH+]CN(C3CCCC3)CC2)[CH-][CH+]1,-1.6014856100082397
guided,S=C(Nc1ccccc1Cl)NC1CCN(Cc2ccccc2)CC1,-2.064993381500244
guided,C[C@H](CCc1ccccc1)NC(=O)CCc1cccc2ccccc12,-3.172083616256714
guided,[N][C][C]1[CH][CH][C]2[C]([C]1O)[N+]([O-])[CH][C][N+]2[O],-1.5962363481521606
guided,CC[C@H](C)N/C(=N\c1nc2ccccc2n1C)c1ccc2ccccc2c1,-1.898970127105713
guided,S=C(c1ccc(Cl)s1)N1CCOCC1,-2.59383225440979
guided,Cc1ccc(-n2c(=O)c(/N=N/c3cccc(/C=N/C4CCCCC4)c3O)c(C)n2C)cc1,-1.8479089736938477
guided,N#Cc1ccc(N2CCN(C(=O)C3CC3)CC2)cc1,-1.8319255113601685
guided,CN(CC(=O)Nc1cccc2c1CCCC2)S(=O)(=O)c1ccccc1,-2.5030341148376465
guided,C[C]([N]NS([O])([O])[C]1[CH][CH][CH][C](N([O-])[O-])[CH]1)[C+]1[CH][CH][CH]S1,-1.931758999824524
guided,Cn1ccc(CC(=O)N2CCc3ccccc32)c1,-2.1753058433532715
guided,CC(=O)c1c(OC(C)(C)C(=O)O)ccc2c3c(c(=O)oc12)-c1ccccc1C3=O,-6.364750862121582
guided,C[C@@H](NS(=O)(=O)c1cccc2cccnc12)C(=O)O,-2.229227304458618
guided,COCCN(C(=O)CSC(/N=N/N(C)C)=N/c1ccc(F)cc1)c1c(N)n(Cc2ccccc2)c(=O)[nH]c1=O,-1.579170823097229
guided,CCCCN1C(=O)/C(=C\c2cc(Br)ccc2OC)C(=O)N(CC(=O)OC)C1=O,-2.6161489486694336
guided,Nc1nnc(SCOc2ccc(Cl)cc2)s1,-1.660567283630371
guided,Cc1cnc(C(=O)NCCCCNC(=O)C(C)(C)C)cn1,-1.6481837034225464
guided,[O-][C+](N[N-][C+]([S-])N[c-]1[cH+][cH-][c+](Br)[cH-][c+]1F)[c+]1[cH-][cH+][cH-][c+]([S+2]([O-])([O-])N2CCOCC2)[cH-]1,-2.004145860671997
guided,CCN[P@](=O)(c1c(C)nn(CCC#N)c1NC(=O)c1ccccc1C)N(C)c1ccccc1,-1.6979632377624512
guided,COc1cccc2c1OCC/C2=N\NC(=O)COc1ccccc1,-2.4622952938079834
guided,N#Cc1ccc(Cl)cc1NC(=O)COC(=O)CCCC=C(Cl)Cl,-2.419826030731201
guided,O=S(=O)(c1cc(C(F)(F)F)c(Cl)cc1Cl)N1CCCC1,-2.94943904876709
guided,[H]/[C-]=[O+]\N=C(\NC(=O)Nc1ccc(F)cc1F)c1ccccn1,-1.6945956945419312
guided,Cc1ccc(O)c([C@H](CCN2CCC(C(=O)NC(C)C)CC2)c2ccccc2)c1,-2.6511785984039307
guided,CNC1CC(O)C(CO)OC1OC1C(O)C(C)OC1(C[OH2+])O[c-]1[cH+][cH-][cH+][cH-][c+]1[C-]([O-])[C+]1[N-][CH+][CH+]N1,-2.441633939743042
guided,Cc1cc(C)nc(-n2nc(C)c(Br)c2-n2cc(COCCOCCO)cn2)n1,-1.5339303016662598
guided,CC(=O)c1ccc(NC(=O)c2cc(S(=O)(=O)NC(=O)c3cccnc3)ccc2F)cc1,-2.3204572200775146
guided,Cc1ccc(SNC2CCN(C(=O)c3cccnc3)CC2)cc1,-2.022524118423462
guided,CO[c-]1[cH+][cH-][c+](Cn2[c-]([O-])[c+]3[cH+][cH-][cH+][n-][c+]3[c-]2[O-])[cH-][c+]1[S+2]([NH-])([O-])[O-],-2.064993381500244
guided,O=C(Nc1ccc(Oc2ncnc3cc(Cl)ccc23)nc1)c1ccc(C(F)(F)F)cc1,-2.036881923675537
guided,CN(C)S(=O)(=O)c1ccc(NC(=S)Nc2ccc(Nc3ccccc3F)cc2)cc1,-2.004145860671997
guided,O=[N+]([O-])c1cccc(N/N=N/c2nc3ccccc3s2)c1,-1.427512288093567
guided,COc1ccc2nccc(C(=O)NN)c2c1,-1.660567283630371
guided,S=c1n(/N=C/c2ccc(Cl)cc2)cnn1-c1ccccc1,-1.6481837034225464
guided,[OH-],-3.044522523880005
guided,[S-]c1nn2c(N3CCN(c4ccccc4)CC3)c3c(nc2[s+]1)CCCC3,-1.640629529953003
guided,NC(=O)C1CCN(C(=O)COc2cccnc2[N+](=O)[O-])CC1,-1.6945956945419312
guided,CN(C)NC(=O)CN(C(=O)CCc1ccccn1)c1ccc(F)cc1,-1.8221569061279297
guided,[NH-]C(N)OCCO[c+]1[cH-][cH+][c-](Cl)[cH+][cH-]1,-1.924782633781433
guided,NC(=S)N/N=C\c1cccc(O)c1,-1.4536465406417847
guided,C[C@H](C(=O)c1cccc(F)c1)n1cnc2ccccc2c1=O,-2.3754727840423584
guided,[C-2][C+]1C[C]([O])[N+]([C-](C)[C]([O])O)[N]1,-1.771224856376648
guided,[O-][C+]1[N-][C+]([O-])C(CC[c+]2[cH-][cH+][cH-][cH+][cH-]2)(CC[c+]2[n-][c+]3[cH-][cH+][cH-][cH+][c-]3[nH]2)[C+]([O-])N1C[c+]1[cH-][cH+][cH-][cH+][cH-]1,-2.1580586433410645
guided,Cc1ccc(S(=O)(=O)N/N=C\c2cc(Br)ccc2OCC(=O)O)cc1,-2.5030341148376465
guided,[CH2-]n1[n-][cH+][c+](Br)[c-]1[C+]([O-])N[N-][CH+][c+]1[cH-][cH+][cH-]s1,-1.4374333620071411
guided,CCC(=O)O[C@H](CC[C@@H](C)[CH-]CCC1=CC(=O)C=C(C)[C@@]1(C)[C+](F)CO)C(C)=O,-6.364750862121582
guided,Cc1nn(C[c-]2ccc[s+]2)c(N)c1/N=N/C#C[C-]=O.[H+],-1.3276787996292114
guided,O=C(O)Cc1cc(=O)n2c(n1)sc1ccccc12,-2.1753058433532715
guided,Fc1cccc(Cl)c1CSc1nnnn1-c1ccc2c(c1)OCCO2,-1.8221569061279297
guided,[O-][S+]([O-])CC[c+]1[cH-][cH+][cH-][cH+][cH-]1,-5.398162841796875
guided,Fc1ccc(NC(=S)N2CCc3ccccc3C2)c(F)c1,-2.3290607929229736
guided,NS,-0.6690496206283569
guided,C[C+]([O-])N[CH+][C-]([O-])N(C[c+]1[cH-][cH+][cH-]o1)C[c+]1[cH-][cH+][c-](C)o1,-2.3290607929229736
guided,O=S(=O)(Nc1ccccc1)c1ccccc1Nc1ncccn1,-1.738948941230774
guided,[O-][C+]1CS[C+]([N-][N-][CH+][c+]2[cH-][cH+][c-](SC3CCCCC3)n2C[C+]([O-])N2CCOCC2)[N-]1,-1.7834744453430176
guided,S=C(NNC(=S)Nc1cccc2nsnc12)Nc1ccc(Cl)cc1,-1.3800767660140991
guided,CC1CCN([C-]([O-])CN(C)[S+2]([O-])([O-])C[C+]2[C][CH-][CH+][C-](N([O-])[O-])[CH+]2)CC1,-2.1057322025299072
guided,NNC(=O)NNc1ccccn1,-0.869676411151886
guided,O=C(CSc1nnnn1C1CCCCC1)Nc1nsc(-c2ccccc2)n1,-1.344659447669983
guided,COc1cc(Br)cc2cc(C(=O)N3CCCCCC3)c(=O)oc12,-3.0888755321502686
guided,COc1ccc2cc(-c3n[nH]c(=S)n3-c3cccc(Cl)c3)c(=O)[nH]c2c1,-1.8613009452819824
guided,CO[C]1[CH][CH][C](CN[C+]2[CH][C](C)[CH][C](C)[CH]2)[CH][C]1O[C]1[CH][C](N[C](C)[O])[CH][C](N([O-])[O-])[CH]1,-2.3521556854248047
guided,[Cl-],-3.044522523880005
guided,[CH][C][C][C+]1[N-][C+]([C+]2[CH+][CH-][CH+][CH-][CH+]2)[CH+]S1.[H+].[H+].[O-][C+](CS[c+]1[n-][n-][c+]2[c-]1[CH+][CH-][CH+][CH+]2)[N-][C][C+]([O-])NC[c-]1[cH+][cH-][cH+]o1,-2.019512891769409
guided,O=C1C(N/N=C/c2cccc(O)c2)=Nc2ccccc21,-1.8830875158309937
guided,[O-]/C(OO)=C1/C2=Nc3c#cc#cc3C2=C=C2[NH+]=CC(CCCCCN3CCCC3)=C21,-2.2877211570739746
guided,CNN/C(=C/C(=O)Oc1ccc(Cl)cc1Cl)C(=O)Nc1cccc(C(=O)O)c1,-2.2188470363616943
guided,COc1cccc(C(=O)N2CCSC2=S)c1,-2.7269186973571777
guided,O=[N+]([O-])c1ccc(N2CCN(S(=O)(=O)c3cccs3)CC2)cc1N1CCOCC1,-1.970301628112793
guided,CO/C([O-])=C1\C=C(C)C(N2CCOCC2)=N\C1=[S+]\c1ncc(OC)cc1C#N,-1.9352717399597168
guided,NCCS(=O)(=O)NC1CCCCC1,-1.8509483337402344
guided,CC(=O)N1CCCC[C@@H](CC/C=C\c2ccco2)CC1,-2.94943904876709
guided,O=C(CN1CCN(Cc2ccccc2)CC1)Nc1ccccn1,-1.738948941230774
guided,CCOc1ccc(-c2ccc(NC(=O)Nc3cccc([N+](=O)[O-])c3)cc2)nn1,-1.7146004438400269
guided,COCCN1C(=O)N[C@@H](c2ccc(C(C)(C)C)cc2)C(C(=O)OC)=C1C,-2.54217791557312
guided,CO[c-]1[cH+][cH-][cH+][c-]([C-]([O-])CO[C+]([O-])CN2[C+]([O-])C3C[CH+][CH+]C(C4[CH-]C4)C3[C+]2[O-])[cH+]1,-3.320228338241577
guided,NS(=O)(=O)c1ccc(NC(=S)N2CCN(c3ccccn3)CC2)cc1,-1.6014856100082397
guided,COC[C-](C)n1[c+](C)[c-]([C+]([O-])CO[C+]([O-])[c+]2[cH+][n-][cH-][cH+][n-]2)[cH+][c-]1C,-2.064993381500244
guided,O=[N+]([O-])c1cc2c(s1)CCC2,-2.35364031791687
guided,Cc1ccc(N/N=C\c2ccccc2)nc1,-1.660567283630371
guided,O=c1[nH]c(C(Cl)(Cl)Cl)nc2ccccc12,-1.9935381412506104
guided,CC(=O)N[C@H]1CCC[C@@H](c2nc3ccccc3[nH]2)C1,-1.8319255113601685
guided,C/N=C/c1cc(Br)cc(Br)c1OCC#N,-1.9935381412506104
guided,O=C(CC(c1ccccc1)c1ccccc1)N1CCN(c2ccc(N3CCOCC3)nn2)CC1,-1.9084417819976807
guided,[OH-],-3.044522523880005
guided,COc1cc([C@@H]2C(C#N)=C(N)N(Cc3ccc[nH]3)C3=C2C(=O)CCC3)ccc1OC(=O)c1cc(C)cc(C)c1,-2.2661259174346924
guided,Cc1cc(C(=O)NNC(=O)CO/C=C/c2ccc(Br)cc2)n[nH]1,-1.738948941230774
guided,CCOc1ccc(OC)c(-c2cc(C(=O)N/N=C/c3cccnc3)c3ccccc3n2)c1,-2.068580389022827
guided,ClC1=C=C=C=C=C1n1c2ccccc2c2nc3ccccc3nc21,-2.064993381500244
guided,CCCCCCN(CCc1cc2ccc(C)cc2[nH]c1=O)C(=O)CCC(=O)O,-2.6161489486694336
guided,CCOC(=O)O[C@@H](C(=O)OCC)c1ccc(F)cc1,-5.9427995681762695
guided,CC(C)NC(=S)N(c1ccc2ccccc2c1)[C@H]1CCS(=O)(=O)C1,-2.4622952938079834
guided,CCOc1ccc(NC(=O)CN(C)CC(=O)Nc2ccc(F)c(F)c2F)cc1OCC,-2.3204572200775146
guided,NC(=O)C1(N2CCc3ccccc3C2)CCN(Cc2cccs2)CC1,-2.1057322025299072
guided,[O-][C+](C[CH-]N(C[c+]1[cH-][cH+][cH-][cH+][cH-]1)[S+2]([O-])([O-])[c+]1[cH-][cH+][cH-][cH+][cH-]1)N1CCN([c-]2[cH+][cH-][cH+][cH+][n-]2)CC1,-2.099304676055908
guided,CC(=O)Nc1cccc(NS(=O)(=O)c2ccc(Cl)c(C(=O)N3CCC(C(N)=O)CC3)c2)c1,-2.068580389022827
guided,NNC(=O)c1ccc(Cn2cc(Cl)cn2)o1,-1.3769919872283936
guided,ON1[C-]=C2C(=CC(c3ccncc3)=N/C2=[S+]\Cc2ccccc2)CC1,-2.1057322025299072
guided,[N-2]C1CCC(C2CCCCC2[O-])N1,-1.8509483337402344
guided,O=C(Cc1ccc(-n2cccn2)cc1)Nc1ccc(Cc2ccncc2)cc1,-1.9352717399597168
guided,[O-]c1[nH]/c(=[S+]/Cc2ccccc2Cl)nc2ccccc12,-2.2803893089294434
guided,O=c1[nH+]c(-c2cccc3c2[C+]([C][O-])=CO3)nc2cc(Cl)cc[c-]12,-2.419826030731201
guided,[OH-],-3.044522523880005
guided,CN(C(=S)NC(=O)Cc1cccs1)C1CCCCC1,-2.229227304458618
guided,NNCCc1ccccc1,-1.5897328853607178
guided,O=C(N/N=C/c1ccc(-c2ccc(O)c(C(=O)O)c2)o1)c1ccc(O)cc1,-2.5798470973968506
guided,Cc1ccc(N2CCN(c3cn[nH]c(=O)c3)C2)cc1,-1.548350214958191
guided,Nn1c(CN2CCCC2)nc2ccccc2c1=O,-1.4944287538528442
guided,CCO[C-]([O-])[C][C][N-][C+]([N-][C+]([O-])[c+]1[cH-][c+]2[cH-][cH+][cH-][cH+][c-]2o[c+]1[O-])N(C)[N-][CH+][CH+][CH+][C+]1[CH+][CH-][CH+]O1,-2.12911319732666
guided,[O-]N([O-])[c+]1[c-]2[cH+][cH-][cH+][cH-][c+]2[nH]n1C1CCCCC1,-1.7780040502548218
guided,[NH-][C-]1N(C[c+]2[cH-][cH+][cH-][cH+][c-]2F)[C-]2[CH+][CH-][CH+][C][C+]2N1C1CCCCCC1,-2.1057322025299072
guided,O=S(=O)(c1ccc2ccccc2c1)N1CCOCC1,-2.8982770442962646
guided,Cc1cc(C)cc(NC(=O)CCC(=O)Nc2nccs2)c1,-1.931758999824524
guided,CP([O-])[C+]([CH-][c+]1[cH-][cH+][cH-][cH+][cH-]1)S[C][N-2],-2.59383225440979
guided,O=c1[nH]c2ccccc2nc1/C=C/c1ccc(Cl)nc1,-1.8830875158309937
guided,Fc1ccc(F)c(N2CCN(Cc3ccccc3Cl)CC2)c1F,-2.419826030731201
guided,C[C@@H]1CN(Cc2nc3ccccc3[nH]2)C[C@H](C)O1,-1.7780040502548218
guided,CO[C]1[CH][C]([CH][N]N[C]([O])CN([C+]2[CH][CH][CH][CH][CH]2)S([O])([O])[C]2[CH][CH][CH][C](N([O-])[O-])[CH]2)[CH][C](OC)[C]1OC,-2.2135515213012695
guided,Clc1ccc(CSc2nncn2-c2ccccn2)cc1,-1.5995122194290161
guided,COc1ccc(CCN(Cc2ccccn2)C(=O)Nc2ccc(F)cc2)cc1OC,-2.2877211570739746
guided,[CH][C][CH+][CH-]C[C+]([C+]1[C]O[N-][C-]1[C+]1[C][C][C-](Cl)[CH+][C+]1Cl)[c+]1[nH][c-]2[cH+][cH-][cH+][cH-][c+]2[c-]1[C+]1[CH-]CCCCC1.[H+].[H+],-2.8389358520507812
guided,Nc1nc(SCC(=O)Nc2ccc(S(N)(=O)=O)cc2)n[nH]1,-1.2468422651290894
guided,Cc1nc(/N=C/N(CCOCCCO)Cc2ccccc2)ncc1Cl,-1.8221569061279297
guided,Nn1c(-c2cccnc2)nc2cc(Cl)ccc2c1=O,-1.548350214958191
guided,CC1=C(C)N(Cc2ccccc2)C(=O)/C1=N\Nc1ccc(N2CCOCC2)cc1C,-2.004145860671997
guided,O=C1NCCN(Cc2ccc(F)c(F)c2)[C@@H]1CC(=O)N1CCCCC1,-2.1057322025299072
guided,CCOC(=O)NC(=S)Nc1c(C)n(C)n(-c2ccccc2)c1=O,-1.738948941230774
guided,N#Cc1c(C(F)(F)F)cc(-c2ccco2)nc1SCc1ncn[nH]1,-1.5607467889785767
guided,Cc1cnc2c(c1CNC(=S)NC(C)C)CCC2,-1.7780040502548218
guided,OCc1nnc(-c2ccc(C(F)(F)F)cc2)o1,-2.1183104515075684
guided,O=C(CN(C(=O)CNC(=O)c1cccs1)c1ccccc1F)NC1CC1,-2.14487624168396
guided,O=C(c1cccc(C(F)(F)F)c1)N1CC[C-](N2CCC(O)CC2)[C@H](O)C1.[H+],-2.54217791557312
guided,COc1ccc([C@@H](CC(=O)c2ccc(C)cc2)c2cccnc2)cc1OC,-3.248896837234497
guided,[H+].[N-2][SH+2]([O-])[O-],-1.3499267101287842
guided,CCC(=O)c1cn(CC(=O)NCc2ccco2)c2ccccc12,-2.419826030731201
guided,CC(=O)N(CC(C)C)c1cn(C(C)=O)c2ccccc12,-2.2803893089294434
guided,CNCc1nc2c([nH]1)CCc1ccccc1-2,-1.660567283630371
guided,COc1ccc(C(=O)CSc2ccc3nnc(CCNS(=O)(=O)c4ccc(C)cc4)n3n2)cc1,-1.9084417819976807
guided,COc1ccc(S(=O)(=O)N2CCC[C@H](C(=O)NC[C@@H]3CCCO3)C2)cc1OC,-2.6161489486694336
guided,CCOc1ccccc1/C=C\C(=O)NNC(=O)NCc1ccccc1,-2.1057322025299072
guided,[N-2][C][C][C+]([N-]C[c+]1[cH+][cH+][cH+][cH-][cH+]1)[c-]1[cH+][c-](Cl)[cH+][cH-][c+]1O,-2.2803893089294434
guided,O=S(=O)(NC1CCCC1)c1cc(F)ccc1F,-2.7873599529266357
guided,Cc1cccc(CN(CC2CC2)C(=O)c2ccco2)c1OC(F)F,-3.131344795227051
guided,COc1cc(-n2nnc3cc(C(=O)NCC(=O)O)ccc32)c(Cl)cc1Cl,-1.8613009452819824
guided,N#Cc1c(N2CCOCC2)nc2ccccc2c1N1CCOCC1,-1.7814180850982666
guided,[OH-],-3.044522523880005
guided,CCO[C-]1[CH+][CH-][N-][c+]2[n-][c+](C[c+]3[cH-][cH+][cH-][cH+][cH-]3)n(CCN3CCOCC3)n21,-1.6782987117767334
guided,N#CCOc1ccc(NC(=O)COc2c(F)c(F)c(F)c(F)c2F)cc1,-2.54217791557312
guided,O=C(NS(=O)(=O)c1ccc(Oc2ccccc2)c2ccccc12)Oc1ccccc1,-3.3540725708007812
guided,COc1ccc(OC)c(N(CC(=O)Nc2ccc3c(c2)OCO3)S(=O)(=O)c2ccccc2)c1,-2.780181884765625
guided,N#Cn1c2n[c-]nc(=[N+]3CCN(c4ccccc4)CC3)c-2nc2ccccc21,-1.3809610605239868
guided,COc1ccc(-c2ccc(SCC(=O)NCc3ccco3)nn2)cc1OC,-2.1825454235076904
guided,NS(=O)(=O)c1ccc(N2CCCC2=O)cc1,-2.0578689575195312
guided,O=[N+]([O-])c1ccc(Cl)c(Nc2ncccn2)c1,-1.4374333620071411
guided,CCCOc1ccc(C(=O)N[C@H](C(=O)O)C(C)C)cc1,-2.94943904876709
guided,Cc1sc2ncnc(SCC(=O)N(C)c3ccccc3)c2c1C,-2.022524118423462
guided,O=C(NCCCN(Cc1ccccc1)C1CC1)C1=CCCN(Cc2ccccc2)C1,-2.2877211570739746
guided,COCCN1CCN(Cc2nc3c(c(=O)n(C)c(=O)n3C)n2Cc2ccc(Cl)cc2)CC1,-1.6672389507293701
guided,CCn1cc([N+](=O)[O-])c(C(=O)Nc2ccc(F)cc2F)n1,-1.6481837034225464
guided,CN(Cc1ccccc1)S(=O)(=O)c1cccc2cccnc12,-2.3754727840423584
guided,O=C(CSc1nc2ccccc2s1)Nc1ccc(S(=O)(=O)N2CCCC2)cc1,-2.2188470363616943
guided,C[C@@H](NC(=O)c1cccc2ncccc12)C1C(=O)CC(C)(C)CC1=O,-2.5030341148376465
guided,[CH2-]O[c+]1[cH-][cH+][c-]2[c+]([cH-][c+](C)n2C)[c-]1OC,-2.662587881088257
guided,O=C=[O+]N(C(=O)c1ccncc1)c1[c-]ccc2ccccc12,-2.3754727840423584
guided,OCCCCOCCCCO,-5.398162841796875
guided,Cn1c(=O)c2c(ncn2CC(=O)N2CCN(c3ccccc3)CC2)n(C)c1=O,-1.5339303016662598
guided,COc1nnc(C)c2nocc12,-1.3739230632781982
guided,N#CCC(=O)N/N=C/c1ccc(Cl)c([N+](=O)[O-])c1,-1.4944287538528442
guided,COc1cc(Cl)cc(C(=O)O)c1[C@@H](O)C(=O)O,-5.831882476806641
guided,CC(C)NS(=O)(=O)c1ccc2c(c1)C(C)(C)C(=O)N2C,-2.2803893089294434
guided,[OH-],-3.044522523880005
guided,CCCC(=O)NC(=S)Nc1ccc(NC(=O)c2ccc(Br)o2)cc1C,-2.1057322025299072
guided,[H]/N=C(/[N-2])C(C#N)=[N+]=[NH+]c1ccccc1,-1.0232341289520264
guided,CC(=O)N1c2ccc(S(=O)(=O)N[C@@H](C(=O)N3CCCC3)C(C)C)cc2C[C@H]1C,-2.2188470363616943
guided,COc1ccc(-c2nnc(SCC(=O)Nc3nccs3)n2-c2ccc(OC)cc2)cc1,-1.8162105083465576
guided,CCOc1cccc(-c2cc(C(=O)NN)[nH]n2)c1,-1.4944287538528442
guided,[C-2][C+]1CC1[C]([O-])[S+]C(C)[C]([O])N[C]1[S+][CH][CH][C]1[C]([O-])O,-2.94943904876709
guided,O=C(c1cccnc1Cl)N(Cc1ccc(Cl)cc1)[C@H]1CCS(=O)(=O)C1,-2.5030341148376465
guided,COc1ccc(/C=C\C(=O)NCC(=O)O)c(OC)c1,-2.8982770442962646
guided,O=C1Nc2ccc(Cl)cc2/C1=N/O,-1.8509483337402344
guided,CN(C)CCCNC(=O)c1cc(Br)ccc1Cl,-2.1183104515075684
guided,O=c1[n-]/c(=N\Br)c(I)cn1[C@@H]1O[C@H](CO)[C@@H](O)[C@@H]1F.[H+],-1.8319255113601685
guided,[N-2][c+]1[c+]2[c-](n(O)[c+](C(F)(F)F)[c-]1-[c+]1[cH-][cH+][cH-][cH+][cH-]1)n(C[c+]1[cH-][cH+][cH-]o1)[c+]1[n-][c+](-[c+]3[cH-][cH+][cH-]o3)[cH-][c+]([O-])n21,-1.99288010597229
guided,O=C(/C=C/c1ccc([N+](=O)[O-])cc1)NCC/N=C1\NS(=O)(=O)c2ccccc21,-1.9352717399597168
guided,CCCCNCCC[C@H](Cc1ccccc1)c1cccs1,-2.998110294342041
guided,Cc1cc(OC(=O)CNC(=O)OC(C)(C)C)c2c(C)cc(=O)oc2c1,-3.172083616256714
guided,C[C@@H](Cc1ccccc1)n1nnnc1SCC(=O)N1CCN(c2ccccc2)CC1,-1.60280442237854
guided,Nc1c(C(=O)N2CCOCC2)sc2nc(N3CCOCC3)c3c(c12)CCCC3,-1.9352717399597168
guided,N/C(=N\c1cccc(O)c1)NC/C=C/c1ccccc1F,-1.931758999824524
guided,Cc1ccc2c(c1)NC(=O)/C(=C/N(C[C@@H]1CCCO1)S(=O)(=O)c1ccccc1F)[CH-]2.[H+],-2.6850228309631348
guided,[OH-],-3.044522523880005
guided,[NH-]N[S+2]([O-])([O-])[c+]1[cH-][cH+][c-](N([O-])[O-])[cH+][cH-]1,-1.5274808406829834
guided,[O-][C+]1N[C-]([c+]2[cH-][cH+][c-](Cl)[cH+][cH-]2)C(n2[cH+][n-][cH+][n-]2)[C+]1[O-],-1.548350214958191
guided,COc1ccccc1C(=O)Nc1ccc(OCC(N)=O)cc1,-2.3754727840423584
guided,[OH-],-3.044522523880005
guided,[H]/N=c1\c(S(=O)(=O)c2ccc(Br)cc2)cc2c(=O)n3ccccc3nc2n1C1CCCC1,-2.036881923675537
guided,O=C(NCCc1nc2ccccc2[nH]1)[C@@H]1CCC(=O)N(CCc2ccc(F)cc2)C1,-2.004145860671997
guided,Cc1ccc(C[C@H](C)CC[C@H](O)c2ccccc2)s1,-5.9427995681762695
guided,O=S(=O)(Cc1ccccc1)c1nc(-c2ccccc2)c(N2CCN(c3ccc(F)cc3F)CC2)s1,-2.441633939743042
guided,COc1ccc(CCNC(=O)c2c(N)n(-c3ccccc3OC)c(=S)[nH]c2=O)cc1,-2.004145860671997
guided,C=[N+](CCOC[CH2-])CC(=O)NC(=O)Nc1cccc(C(F)(F)F)c1,-2.064993381500244
guided,O=S(=O)(/C=C/c1ccc2ccccc2c1)NCCc1ccccn1,-2.4622952938079834
guided,Cc1coc2cc3c(cc12)C(=O)N(CC(=O)O)C3=O,-2.8982770442962646
guided,CCNC(=S)NNC(=O)c1ccc2ccccc2c1O,-1.8830875158309937
guided,COC[C@@H](C)c1nnc2scc(-c3ccccc3)n12,-1.8319255113601685
guided,CC(C)N1C[C@@H](COc2cccc3cccnc23)OC1=O,-2.3290607929229736
guided,Cc1ccc(S(=O)(=O)Nc2ccc3c(c2)nc(C)n3C)cc1,-1.9781709909439087
guided,CN1CCN(S(=O)(=O)c2ccc(NC3CCCCC3)nc2)CC1,-1.738948941230774
guided,CCN(C)[P@@](=O)(Oc1ccccc1)N(CC)CC,-2.1753058433532715
guided,COC[C@@H](C)N1CCC(n2nccc2NC(=O)COc2ccc(F)cc2)CC1,-1.9352717399597168
guided,Nc1ccc2c(c1)nc(Cc1ccccc1)n2CCO,-1.8830875158309937
guided,Cn1c(=O)c2c(ncn2CC(=O)Nc2nccs2)n(C)c1=O,-1.2932543754577637
guided,CCOc1cccc(/C=C2\SC(=S)N(C[C@@H]3CCCO3)C2=O)c1,-3.0888755321502686
guided,S=C(NC1CCCCCC1)N1CCN(Cc2ccc3ccccc3c2)CC1,-2.1825454235076904
guided,NC(=O)c1cc([N+](=O)[O-])ccc1NCN1C(=O)c2ccccc2C1=O,-1.8221569061279297
guided,Nc1nc(Cl)cc(NC(c2ccccc2)c2ccccc2)n1,-1.6945956945419312
guided,Cl[C-]1[CH+][CH+]C2([C][N-]1)C1CN(C[c-]3[cH+][cH-][cH+][cH-][cH+]3)CC[NH+]12,-1.8830875158309937
guided,COCCNC(=O)[C@@H](Cc1ccccc1)NC(=O)c1cccc(F)c1,-2.5030341148376465
guided,Cc1ccc(NC(=O)Cn2nc(-c3ccccc3Cl)ccc2=O)cc1Br,-2.14487624168396
guided,NC(=O)CN(NC(=O)c1cccs1)C(=O)c1ccc(Cl)cc1,-1.9781709909439087
guided,[C-3][C+]([O-])N1[C+]2[C][C][C][C][C+]2[C+]([O-])OC1([CH2+])C.[H+],-2.7269186973571777
guided,CCOc1cc(N2CCOCC2)ccc1Nc1cc(N2CCCC2)nc(-c2ccco2)n1,-1.8479089736938477
guided,CCOCCCN(C(=O)CCC(=O)Nc1nccs1)[C@H](C(=O)NC(C)(C)C)c1ccc(F)cc1,-2.12911319732666
guided,Nc1ccccc1COC(=O)CCCC1=NS(=O)(=O)c2ccccc2N1,-2.14487624168396
guided,O=C(O)c1cccc(CSc2nnc(Cc3cccs3)n2-c2ccccc2)c1,-2.2188470363616943
guided,O=[N+]([O-])c1cc([N+](=O)[O-])c(Oc2cccc(Cl)c2Cl)cc1NN1CCCCC1,-1.9352717399597168
guided,CCOCC(=O)O,-4.948760032653809
guided,Br[C-]1[C][N-][C+](NC[C+]2[CH+][CH-][CH+][CH-][CH+]2)[C-]([C-]2[N-]CCN2)[CH+]1,-1.5995122194290161
guided,Cl[C-]1[C][C+](S[c-]2[cH+][c-]3[cH+][cH-][cH+][cH-][c+]3o2)[CH+][CH-][CH+]1,-5.831882476806641
guided,[OH-],-3.044522523880005
guided,CCOC(=O)[C@H](C)C(=O)[C@@H](c1ccc(F)cc1)[C@@H](C)c1ccc(C(=O)CC)cc1,-6.364750862121582
guided,CNC1CCN(Cc2[c-]c3nsnc3cc2)CC1.[H+],-1.4944287538528442
guided,O=C(Nc1ncn[nH]1)c1cc(-c2ccc3ccccc3c2)nc2ccccc12,-1.7146004438400269
guided,O=C(Nc1cc(=O)[nH]c2ccccc12)c1ccco1,-2.229227304458618
guided,CCO[N][C]([C+]1[N]O[N][C]1N)N1CCN([C]2[CH][CH][C](N([O-])[O-])[CH][CH]2)CC1,-1.306990146636963
guided,[N-2][C][C+]([C][N-2])[C-]1[CH+][CH-][CH+][CH-]N1[C+]([C][O-])[CH+][c-]1[cH+][cH-][cH+]o1,-1.8830875158309937
guided,NS(=O)(=O)c1ccc(OCCN2CCN(c3ccccc3-c3ccccc3)CC2)cc1,-2.3204572200775146
guided,Nc1nccc(-c2cc3cc(Br)ccc3o2)n1,-1.7210086584091187
guided,O=C(NNS(=O)(=O)c1ccc(Cl)cc1)c1cc(F)ccc1Oc1ccccc1,-2.6161489486694336
guided,[CH2+]CCN(CC/C=C1\C=CC(F)=C[CH-]1)Cc1nc(-c2ccccc2)no1,-2.14487624168396
guided,[O-][C+]1[N-][C+]([S-])S[C+]1[CH-][c+]1[c-](F)[cH+][cH-][cH+][c-]1Cl,-2.7269186973571777
guided,Clc1ccc(OCc2nnc(-c3ccsc3)o2)cc1,-2.229227304458618
guided,C/C(N)=C(/C#N)C(=O)CN(C)C(=O)CCc1ccccc1,-1.931758999824524
guided,Cc1ccc(Cl)c(OC[C@H](O)CNC(C)(C)C)c1,-2.844355583190918
guided,O=[N+]([O-])c1cc2c(c(NC(=S)n3cncn3)c1)OCC2,-1.3788409233093262
guided,COc1ccccc1-c1cc2ccccc2cc1OC,-5.993961334228516
guided,CN(N=O)C(=O)NC[C@@H](O)[C@@](O)(C(=O)N1CCCC1)c1ccccc1,-1.8221569061279297
guided,[O-][S+]([O-])NCCOCC(F)(F)F,-2.440274477005005
guided,N#Cc1nc(Cc2ccccc2Cl)oc1NCc1cccs1,-1.9781709909439087
guided,O=C(NC(=O)C1CCCCC1)c1cc2sc(C(F)(F)F)cc2[nH]1,-2.419826030731201
guided,CNC([CH-]OCC1CS1)CO[c+]1[cH-][cH+][cH-][cH+][c-]1-[c+]1[cH-][cH+][cH-][cH+][cH-]1,-3.0888755321502686
guided,CCCOc1ccc(-c2cc3cc4ccccc4cc3oc2=O)cc1Cl,-6.2557501792907715
guided,O=C(CCCCCNC(=O)c1ccccc1Cl)N/N=C/c1ccco1,-2.1057322025299072
guided,COCCCNC(=O)C[C@H]1S/C(=N\Cc2ccc3c(c2)OCO3)N(c2ccccc2)C1=O,-2.3521556854248047
guided,CN[C@H]1CC(=O)N(c2ccc(Cl)c(Cl)c2)C1=O,-2.1183104515075684
guided,NC(=O)CCCNC(=O)c1cccc(C(=O)O)n1,-1.7780040502548218
guided,O=S(=O)(c1ccc(Br)cc1)n1nc(-c2ccccn2)oc1=S,-1.9781709909439087
guided,O=C(NCc1ccccn1)[C@@H]1CC(c2ccc(Cl)c(Cl)c2)=NO1,-2.022524118423462
guided,Cc1cc(C(F)(F)F)cc(NNC(=O)NC2=[S+]C3=C(CC(C)(C)OC3)/C2=C(/N)[O-])n1,-1.7834744453430176
guided,NNC(=O)c1nnn(-c2nonc2N)c1-c1ccc(OCc2ccc(F)cc2)cc1,-1.3171905279159546
guided,CCCC(=O)NCCc1cc2c(C)ccc(C)c2[nH]c1=O,-2.3290607929229736
guided,O=C(NCCO)/C(=C\c1ccc2c(c1)OCO2)NC(=O)c1ccccc1,-2.54217791557312
guided,C[CH][SH]([O-])([O-])[C+]1[CH][CH][CH][CH][C]1[C][N],-2.519998073577881
guided,O=C(N/N=C/c1ccccc1OCc1cn(-c2ccc(F)cc2)nn1)c1ccc(Br)o1,-1.8162105083465576
guided,[CH2-]OCCn1[c+]([O-])s[c+]2[cH-][cH+][cH-][cH+][c-]2[c+]1[O-],-2.7269186973571777
guided,CCO[C-]([O-])[c+]1[c+](-[c+]2[cH+][cH+][c+](OC)[cH-][cH+]2)[cH+]s[c+]1N[C-]([O-])CS[C+]1[N-][N-]C([C][N-][N-][C+](N)[S-])O1,-1.7277717590332031
guided,COc1ccc(OC)c(OC(=O)N(C)c2ccc(C)cc2)c1,-3.044522523880005
guided,NNc1ccncn1,-0.6869552135467529
guided,O=C(O)c1cc(S(=O)(=O)NCC2CCCCC2)ccc1O,-2.998110294342041
guided,CNC(=O)N1c2ccccc2NC(=O)c2ccccc21,-1.8830875158309937
guided,O=S(=O)(c1ccc2c(c1)OCO2)N1CCC[C@H]1Cc1ccccn1,-2.4622952938079834
guided,[OH-],-3.044522523880005
guided,Cc1cc(C)cc(N/C=C2\C(=O)N(C)C(=O)c3ccccc32)c1,-2.419826030731201
guided,COCCNC(=O)CN(C(=O)c1ccc(OC(C)C)nn1)c1ccc(C(C)=O)cc1,-2.004145860671997
guided,CN1c2ccc(N3CCOCC3)cc2N(C)[C@H]1C(=O)O,-1.8830875158309937
guided,CCOc1ccc(-n2cnn(CC(=O)NCCCN3CCOCC3)c2=O)cc1Cl,-1.7496302127838135
guided,Cc1cccc(C)c1OCc1cc(C(=O)N2CCCCCC2)no1,-2.4622952938079834
guided,O=C(CN1C(=O)C[S+]=C1/C=C(\[O-])Nc1ccc(Cl)cc1)Nc1cccnc1Cl,-1.9352717399597168
guided,CCOc1ccc(N/C=C2/C(=O)Oc3ccccc3C2=O)c([N+](=O)[O-])c1,-2.54217791557312
guided,COc1ccc(NS(=O)(=O)c2c(C)nn(-c3ccccc3)c2NC(=O)c2cccs2)cc1OC,-2.12911319732666
guided,S=C(NC[C@@H]1CCCO1)N1CCN(C2CCCCC2)CC1,-1.931758999824524
guided,NNc1ccc2nncn2n1,-0.6023721694946289
guided,COc1ccc(/C=C/[S@+]([O-])N(C)CC(N)=O)cc1OC,-2.2803893089294434
guided,FCCCOc1ccc(OCCN2CCOCC2)cc1,-2.94943904876709
guided,COc1ccc(S(=O)(=O)N(CC(=O)O)Cc2cccc3ccccc23)cc1C,-3.285198450088501
guided,COc1cc([C@H]2CC(=O)N3CN(c4ccccc4)CSC3=C2C#N)ccc1O,-2.2188470363616943
guided,O=c1[nH]c2ccc(S(=O)(=O)N3CCOCC3)cc2[nH]1,-1.8319255113601685
guided,CC1=[NH+]C(C)(C)C[C@@H](NC(=O)C2CCCCC2)C1.[CH3-],-2.229227304458618
guided,C[C@H]1Cc2ccccc2N1C(=S)Nc1ccccc1F,-2.2803893089294434
guided,Cn1ccnc1SCc1ccccc1Cl,-1.9935381412506104
guided,C[C@@H]1Cc2c(O)c([C+](=O)N3CCC(CCCN[C][O-])CC3)n(Cc3ccccc3)c2C1,-2.3204572200775146
guided,Nc1nnc(CSCc2ccc(C(=O)OCc3ccc(F)cc3)o2)s1,-2.1057322025299072
guided,NCCCN(Cc1ccccc1)[C@H](c1ccccc1)c1nnnn1C1CCCC1,-1.568960189819336
guided,CNC1=Nc2ccccc2[C@@H](c2ccc(OC)c(OC)c2)N1,-1.9781709909439087
guided,COc1ccc(C)cc1NC(=O)COCC(=O)N1CCc2ccccc21,-2.54217791557312
guided,Cn1c(=O)n(CCO)c(=O)c2c1ncn2C[C@@H](O)CCNCCON,-1.4208155870437622
guided,CN(C)c1ccc(C(=O)N/N=C\c2cccc3cccnc23)cc1,-1.7814180850982666
guided,O=S(=O)(c1ccc(Cl)cc1)c1ccccc1-c1nc2ccccc2[nH]1,-2.5030341148376465
guided,Nc1cccc(C(=O)OCC(=O)NCC(=O)N/C(=C\C=C\c2ccccc2)C(=O)O)c1,-2.3204572200775146
guided,Fc1ccccc1CSc1nc2ccccc2o1,-2.844355583190918
guided,CCC(C)(C)NC(=O)[C@@H](c1ccc(OC)cc1)N(C(=O)Cn1nnc2ccccc21)c1ccc(OC)cc1,-2.019512891769409
guided,Fc1ccc(N/N=C/C=C2CCCCC2)nc1,-1.7210086584091187
guided,Cn1c(=O)c2c(nc(CN3CCN(CCO)CC3)n2CCCCCOc2ccccc2)n(C)c1=O,-1.756717324256897
guided,Cn1c(CCNS(=O)(=O)c2ccccc2)nnc1SCc1ccccc1,-1.8613009452819824
guided,CC1=C(C(=O)OCCOCCN(C)C)[C@@H](c2cccnc2)C2=C(CCCC2=O)N1,-2.2538769245147705
guided,Nn1cnnc(C(=O)O)c1=O,-1.0037134885787964
guided,C[C@@H]1CCCN(c2c(NCc3cccs3)c(=O)c2=O)C1,-2.2803893089294434
guided,CO[c-]1[cH+][cH-][cH+][cH-][c+]1CN[C-]([O-])CC1C[C+]([O-])N(CC[C][CH+][CH+][C+]([NH-])[O-])[C+]1[O-],-2.2188470363616943
guided,COc1ccc(-c2nn3c(C(C)C)nnc3s2)cc1NC(=O)c1ccccn1,-1.5339303016662598
guided,CC[C@@H](CNC)[C@@H](C)CCC(C)C,-2.519998073577881
guided,CN(CC(=O)NCC1CCCCC1)CC(=O)Nc1ccc(F)cc1F,-2.1057322025299072
guided,[N-2][C][CH+]O[C+]1[CH+][CH-][CH+][CH-][C+]1N[C-]([O-])CN1[C+]([O-])O[C+]2[CH+][C-]([S+2]([O-])([O-])N3CCCC3)[CH+][CH-][C+]21,-2.068580389022827
guided,N[C-]1C[C+]1[C-](O)CO[C+]([O-])CCO[C+]([O-])[c+]1[cH-][cH+][cH-][cH+][cH-]1,-2.998110294342041
guided,N#Cc1ccc(-c2ccco2)nc1SCC(=O)c1ccccc1,-2.419826030731201
guided,O=C(NC1CCN(S(=O)(=O)c2ccc(F)cc2)CC1)[C@]12C[C@H]3C[C@H](C[C@H](C3)C1)C2,-2.6511785984039307
guided,CCCCC(=O)NC[C@@H](c1cccs1)N1CCN(c2ccc(F)cc2)CC1,-2.1825454235076904
guided,CCCCn1c(N)c(Br)c(=O)[nH]c1=O,-1.5274808406829834
