source,smiles,log_reward
guided,CN(Cc1cccnc1)Cc1cn(Cc2ccc(C(=O)O)o2)c(=O)[nH]c1=O,-0.2821957767009735
guided,Cc1ccc2c(c1)C(c1ccc(C(=O)O)s1)=NNC(=O)/C2=C\c1ccccc1,-2.106720447540283
guided,CCN1[C-]([O-])C(O[C+]2[CH+][CH-][CH+][C-](Br)[CH+]2)C(C)([CH+][c+]2[cH-][cH+][cH-]n2-[c+]2[n-][cH+][cH-]s2)[C-]1[O-],-1.072466254234314
guided,CCn1c(SCC(=O)Nc2ccccc2)nc2ccccc2c1=O,-2.3953092098236084
guided,N[C-]1[N-]O[N-][C+]1[c+]1[n-]o[c+](CCCC[CH+][N-][C+]([O-])C2CC[C+]([O-])NC2)[n-]1.[H+],-0.42440199851989746
guided,[O-][CH-][C+]1[C+]([C+]([O-])O)[N-][C+]([C][C]CO)N1C1CCCCC1.[O-][C][c+]1[cH+][cH+][cH+][cH-][cH+]1,-0.36162829399108887
guided,COCCCNc1nc(-c2ccccc2OC)nc2ccccc12,-3.538379192352295
guided,NNCc1ccccc1,-5.2701005935668945
guided,C[C-](C)C[CH+]C[C-](O)C[C+]([O-])O,-2.240436315536499
guided,[O][C](N[N][CH][C]1[CH][C](N([O-])[O-])[CH][CH][C]1O)C1N[N][CH+]C1Cl,-0.5539633631706238
guided,CNNC(=O)c1c(N)sc2c1CCCC2,-1.8175252676010132
guided,O=C(NCCCO)c1cccc(/C=C/c2ccco2)c1O,-0.9037359356880188
guided,COCCCNc1ncnc2c1oc1ccccc12,-2.6792290210723877
guided,COC(=O)c1nc(NC(=O)c2ccc(OC)c(OC)c2)n[nH]1,-0.3101772665977478
guided,COc1cc(C(=S)N(Cc2ccccc2)Cc2nc3ccccc3[nH]2)ccc1OCC(N)=O,-1.26669180393219
guided,[H]/N=C(/N)SC[C@@H]1CN=C(N(C)C(=O)OC(C)C)S1,-0.6266562938690186
guided,Brc1ccc(-c2nc3ccccc3s2)cc1,-11.492949485778809
guided,CCOC(=O)N/N=C/c1cn(-c2ccccc2)nc1-c1ccc(OC)cc1,-1.7125968933105469
guided,COc1cc2c(C)cc(=O)oc2cc1OC(=O)c1cc(OC)c(OC)c(OC)c1,-1.0116685628890991
guided,COc1ccc(C(=O)C2CCN(S(=O)(=O)c3c(C)noc3C)CC2)c2ccccc12,-1.3019014596939087
guided,CCOC(=O)[C@@H]1CCCN(C(=O)CNC(=O)c2cccs2)C1,-1.1123777627944946
guided,Cc1nn(-c2ccccc2O)c2c1[C@@H](c1ccc(Cl)cc1)n1nnnc1N2,-0.9875624775886536
guided,NN[C-]([O-])[C+]1N[CH+][C-](Br)[C+]1N1[CH-][C][C+](C2CCCCC2)[N-]1,-0.6504247784614563
guided,O=C(Nc1ccccc1C(=O)Nc1ccc(C(=O)c2ccc(C(=O)O)c(C(=O)O)c2)cc1)c1ccccc1,-2.153961658477783
guided,COC(=O)NC1CCN(c2ncc(C(F)(F)F)cc2Cl)CC1,-3.5055503845214844
guided,Clc1ccccc1[C@@H]1c2[nH]c3ccccc3c2CCN1CCN1CCCCC1,-10.101054191589355
guided,O=C(CC/C(=C1\C=CC=CO1)c1ccc(OCc2ccccc2)cc1)NCCO,-2.66910982131958
guided,COc1cccc2[nH]c(C(=O)NC[C@H]3CCCO3)cc12,-2.130779266357422
guided,O=C(/C=C/Nc1cccc(Br)c1)c1ccccn1,-5.368836402893066
guided,C[C@H]1CN(C(=O)C(C)(C)C)c2ccccc2O1,-6.966766357421875
guided,[H]/[C-]=C/[N+]#CNC(=O)C/[S+]=c1\[cH-]n(CC(=O)NCCCCOC)c2ccccc12,-1.0339747667312622
guided,O=C(CSc1ncnc2ccccc12)Nc1ccnc2ccccc12,-2.5423178672790527
guided,CO[c-]1[cH+][c-]([CH-][C][C+]([O-])N[C+]([S-])N[C+]2[CH+][CH-][C+](Br)[CH-][C+]2Cl)[cH+][cH-][c+]1O[S+2](C)([O-])[O-],-0.4093247354030609
guided,O=C(Nc1ccc2c(c1)OCCO2)Nc1cccc2nsnc12,-1.0649086236953735
guided,CCOc1ccc(CN(C)C(=O)[c-]2cc3cc4ccccc4nc3cc2=O)cc1.[H+],-3.5898983478546143
guided,COc1cccc(CN2CCC(n3nccc3NC(=O)C3CCCC3)CC2)c1,-3.342133045196533
guided,CCNC(=S)N/N=C/c1ccco1,-3.606097459793091
guided,O=C(/C=C/c1cccc(F)c1)N1CCN(C(=O)CSc2nnnn2C2CCCCC2)CC1,-1.0676969289779663
guided,CO[C]1[CH][C](N[C+]([O])CN[C]([O])CN2[CH][N][C]([C]([O])N(C)C)[CH]2)[C](C)[CH][C]1N([O-])[O-],-0.4717674255371094
guided,Nc1ccc2nc(NC(=O)CSc3nc(N)nc(Nc4ccccc4)n3)sc2c1,-0.7598747611045837
guided,O=S(=O)(NC[C@H](O)COc1c(F)cccc1F)c1ccc(-n2cnnn2)cc1,-0.2959425151348114
guided,[CH][CH2+].[O-][S+2]([O-])([CH+][CH+][c-]1[cH+][cH-][cH+][cH-][cH+]1)N[C-]([S-])NCC[c+]1[cH-][cH+][cH-][cH+][cH-]1,-1.7689778804779053
guided,CCCNC(=S)Nc1ccc(C)c([N+](=O)[O-])c1,-2.1069695949554443
guided,CC(C)c1csc(CN(Cc2ccccc2)Cc2nc3ccccc3c(=O)[nH]2)n1,-3.7732865810394287
guided,COC[CH-]Cn1[c+](N)[cH-][c+]([O-])[nH][c+]1[O-],-0.44298920035362244
guided,CCn1nc(C(=O)Nc2ccc3oc(=O)ccc3c2)c2ccccc2c1=O,-0.6640844345092773
guided,CCO[C-]([O-])[C][C+](C)N[C+]([O-])[C+]1[CH+][CH-][CH+][c-]2[cH+][cH-][cH+][cH-][c+]21,-1.6784991025924683
guided,Cc1c(N(CC(=O)OCC2CCCCC2)S(=O)(=O)c2cccc(F)c2)c(=O)n(-c2ccccc2)n1C,-1.4756052494049072
guided,CC[C@](C)(NC(=O)[C@@H]1CCCN(c2ncnc3c2nc2n3CCCCC2)C1)C(=O)O,-0.5231920480728149
guided,CN(CCOCCOc1ccccc1Cl)Cc1ccco1,-6.309842586517334
guided,CCOc1ccc(N(CC(=O)NCCCc2ccccc2)S(=O)(=O)c2c(C)noc2C)cc1,-1.1018702983856201
guided,COCCS/C=C(O)\C=N\Nc1ccccc1,-3.4609177112579346
guided,[O][C]([C+]1[CH][CH][C](CO[C]2[CH][CH][CH][CH][C]2F)[CH][CH]1)N1CCN([C]2[N][CH][CH][CH][C]2N([O-])[O-])CC1,-0.6333008408546448
guided,COc1ccccc1/C=C\C=N\NC(N)=O,-1.0157160758972168
guided,Nc1ccc([N+](=O)[O-])cc1/C=N\c1ccc2nn(-c3ccc(S(N)(=O)=O)cc3)nc2c1,-0.4904665946960449
guided,CN(C1=C(N2CCOCC2)C(=O)c2ccccc2C1=O)c1ccccc1,-3.764547348022461
guided,CCCn1nc(C(=O)NCc2ccccn2)c2ccccc2c1=O,-1.0809881687164307
guided,CCOc1ccc2occ([C@@H](O)[C@H](O)Cn3nc(C)cc3C)c2c1,-1.1388102769851685
guided,CC(=O)O[C@@H](C)Oc1ccc2c(-c3ccccc3)ccnc2c1,-4.812354564666748
guided,O=C(c1cccc2ccccc12)N1CCN(Cc2cccs2)CC1,-8.567983627319336
guided,CCCCCO[C]1[CH][CH][C]([C+]2[N]N[C]3[CH][CH][CH][CH][C]32)[CH][C]1N([O-])[O-],-1.0705169439315796
guided,CCC(C)(C)n1nnnc1[C@H](c1ccccn1)N1CCOCC1,-1.564316987991333
guided,COc1ccc(N2CCN(C(=O)Cc3cc(C)ccc3OC)CC2)c(OC)c1,-3.683725118637085
guided,NOCCNc1cc(CSCc2cccc(F)c2)nc(CCCO)n1,-0.5897666811943054
guided,C[C@@H]1C[C@H](CCC(=O)Nc2nccs2)C(=O)O1,-1.6901495456695557
guided,O=C1CCCN1c1cccc(P(=O)(Oc2ccccc2)Oc2ccccc2)c1,-4.500850677490234
guided,CCc1cc(O)c(C(=O)OCC(=O)c2ccc(C)cc2)c(O)c1O,-0.7155431509017944
guided,COc1ccc(N/C(N)=N\c2nc(CSc3ccc(C)cc3)cc(=O)[nH]2)cc1Cl,-1.486694574356079
guided,CC1C[C][C+]([C-]([O-])[CH+][CH+][C-]([O-])O)CC1,-1.955274224281311
guided,CCOc1cc(/C=N/NC(=O)[C@H]2CC(=O)N(c3ccc(C)cc3)C2)ccc1OC,-1.202446460723877
guided,CN(C)CC(=O)N1CCN(C(=O)c2ccccc2)CC1,-4.230412006378174
guided,COc1ccc([C@H](C(=O)NC2CCCCC2)N(C(=O)CSc2nnc(C)s2)c2ccc(C)cc2)cc1,-3.0755929946899414
guided,COCCCNC(=O)C1CCN(C(=O)c2ccc([N+](=O)[O-])o2)CC1,-0.3785150647163391
guided,[H+].[H+].[O-][NH+]([O-])[C@@H]1C23C4C=C[CH-]C2(O)[C@@]413,-1.576585292816162
guided,O=c1c2cc(Br)ccc2nc(SCCc2ccccc2)n1Cc1ccco1,-5.737844467163086
guided,[H+].[O-][C+](CC[C+]1[CH-][CH+][CH-][C+]2[CH-][C][C][C][C+]21)[N-]C[C+]([O-])OC[c-]1[cH+][cH-][cH+][c-](Br)[cH+]1,-1.963476538658142
guided,CCNS(=O)(=O)c1ccc(NC(=S)NC(=O)CCc2ccccc2)cc1,-0.7607746720314026
guided,CC(C)C(=O)c1cn(Cc2ccccc2C#N)c2ccccc12,-5.355335712432861
guided,C[CH-]CCN(C[C+]([O-])N[C+]([NH-])[O-])CC(O)CO[c+]1[cH-][cH+][c-](Br)[cH+][cH-]1,-0.3293253779411316
guided,COCO/N=C(\Sc1ccc(N2CCCC2=O)cc1)c1ccc(Cl)cc1,-4.859665870666504
guided,COC(=O)c1ccc(N2C(=O)CC[C@@H]2OC)c(OC)c1,-1.9082961082458496
guided,CCc1nc(S[C@@H](C)C(=O)NCCC2=CCCCC2)n[nH]1,-1.9155713319778442
guided,Nc1cccc(C(=O)NCCC[C@@H](c2cccs2)N2CCCCC2)c1,-3.603693723678589
guided,O=C(N[C@@H](Cc1ccccc1)C(=O)O)C1CCN(S(=O)(=O)c2cccc3cccnc23)CC1,-0.49794039130210876
guided,COc1cccc([C@H](C(=O)NC2CCCCC2)N(CCC(=O)O)C(=O)Cn2nnc3ccccc32)c1OC,-0.7228009700775146
guided,C=CC(=O)Nc1ccc2c3c(c(C)c(O)c2c1O)O[C@@](C)(OCCOC)[C@@H]3O,-0.5265499353408813
guided,O=C(COc1ccc(Sc2ccccn2)cc1F)N1CCCC1,-5.112776279449463
guided,NS(=O)(=O)c1ccc(NCc2ccccc2C(F)(F)F)cc1,-1.767723798751831
guided,COc1ccccc1N1CCN(CCCOc2ccccc2)CC1,-7.912866592407227
guided,CC1=C(C(=O)O)c2ccccc2/C1=C/c1ccc([C@H](C)C(=O)O)cc1,-2.4816701412200928
guided,CCn1c(SC/C=C/c2ccc(C)cc2)nnc1-c1cnccn1,-3.6842334270477295
guided,[H+].[H+].[O-][C+]1C[CH+][CH-][C+](N[c-]2[cH+][cH-][c+](OC(F)(F)F)[cH-][cH+]2)[N-]1,-2.906733989715576
guided,CN([C][O-])C1CCCCC1.[CH][N+][C]1[C][N][N][N+]1[C]1[CH][CH][CH][CH][CH]1,-1.3408703804016113
guided,N#C/C(=C(/O)COc1cccc(Cl)c1)c1nc2ccccc2[nH]1,-1.8818044662475586
guided,CC[C][O-].[H+].[NH][C]1[C]2[CH][CH][CH][CH][C]2[N][C]2CCCC[C+]21,-2.5856692790985107
guided,COc1ccc(OCC(=O)OCC(=O)NCO/N=C(\C)c2ccccc2)cc1,-0.4425034821033478
guided,C/C(CCCC[C@H]1CC[C@@H](c2ccco2)C1)=N\NC(N)=S,-3.1210289001464844
guided,CCC(=O)N1CCN(C(=O)COc2ccc(Cl)cc2)CC1,-3.5721168518066406
guided,COc1ccc(OC)c(NC(=O)Cc2ccc(-c3ccc(Cl)cc3)o2)c1,-3.9273903369903564
guided,S=C(NCc1ccco1)N1CCN(c2nc3ccccc3s2)CC1,-4.621072769165039
guided,COc1cc(C(=O)N2CCC3(CC2)OCCO3)c(C)cc1CCC(=O)OCC(=O)O,-0.41682884097099304
guided,CSc1cccc(NC(=O)CS[C@@H](NC(C)=O)c2ccc(F)cc2)c1,-3.5965213775634766
guided,CCNC(=O)C/C(C)=N/NC(=O)COc1ccccc1,-0.8222292065620422
guided,O=[N+]([O-])c1cccc(S(=O)(=O)N2CCC[C@H]2c2ccc3c(c2)OCO3)c1,-0.7338666319847107
guided,C[C@H](CCc1csc(N)n1)c1ccccc1,-5.7571797370910645
guided,COc1ccc(NC(=S)N2CCC(Cc3ccccc3)CC2)cc1OC,-7.152508735656738
guided,O=C(C/[O+]=C1/C=C=C(/C=C(\C#[O+])Oc2cccc(N([O-])[O-])c2)C=C1)N[C@@H](Cc1ccccc1)C(=O)O,-0.6499338746070862
guided,CC(C)N(CC(=O)Nc1cc([N+](=O)[O-])ccc1F)S(=O)(=O)c1ccc(F)cc1,-0.7542250156402588
guided,[C-2]=C=CC1=[C-][NH+]1C(=S)NC1CCCC1.[H+].[H+],-9.226726531982422
guided,Clc1ccc2nc(-c3ccccc3)c(CN3CCOCC3)n2c1,-7.1893110275268555
guided,COc1cc(-c2nc3nc(C)c(CCC(=O)NC4CCN(Cc5ccccc5)CC4)c(C)n3n2)cc(OC)c1O,-1.2150861024856567
guided,Cc1ccc(C)c(NC(=O)CSc2cn[nH]n2)c1,-1.563506841659546
guided,COc1cc(/C=C/C(=O)N2CCN(Cc3ccccc3)CC2)cc(OC)c1OC,-3.739039659500122
guided,COc1ccccc1Oc1nc(N2CCOCC2)nc(N2CCOCC2)n1,-0.6893018484115601
guided,[CH2+]CCCCN(CC)CCN[C-]([O-])Cn1[cH+][cH+][c-]2[cH+][cH-][cH+][cH-][c+]2[c-]1[O-],-1.763745665550232
guided,CCC(=O)Nc1nc2cc3c(cc2s1)OCCO3,-2.498680830001831
guided,O=[N+]([O-])c1cccn1P(=O)(O)O,-0.4640744924545288
guided,[H]/N=C(\C)NCc1ccc2c(c1)OCO2,-3.0586657524108887
guided,O=C(/C=C/Nc1ccc(F)cc1F)c1cccs1,-7.621286392211914
guided,O=C(/C=C/c1ccco1)Nc1nnc(SCC(=O)N2CCCCC2)s1,-0.8925105929374695
guided,C[c-]1[cH+][cH-][c+]([C-]2CC3CCCC(CN)(C2)C3)[cH-][cH+]1,-8.263672828674316
guided,Cc1ccccc1N1C(=O)Nc2ccc(Br)cc2[C@@]1(O)C(=O)NC1CCCC1,-1.8259259462356567
guided,N#Cc1ccc(-c2cccnc2)c(-c2ccc([N+](=O)[O-])cc2C#N)n1,-1.0310770273208618
guided,CCn1cc(S(=O)(=O)CC(=O)NC2=NCCS2)c2ccccc21,-0.7894843816757202
guided,Cc1oc2ccccc2c1CSC1=NCCCN1,-5.868483066558838
guided,[CH2-][C+]1[CH-][CH+][C+]([C-]([O-])NCC[c+]2[cH-][cH+][c-](OCC)[c+](OCC)[cH-]2)O1,-2.1714210510253906
guided,O=C(C1CC1)N1CCCN(Cc2cn[nH]c2-c2ccccc2)CC1,-3.439680814743042
guided,CO/[C-]=C/C1=NC(C(Cl)Cl)=N/C(=N/C(C)=[NH+]/c2cc(C)cc(C)c2)C1=S,-2.7912750244140625
guided,O=C(COc1ccccc1F)N1CCc2ccccc2C1,-6.896796226501465
guided,[O][N+]([O-])[C]([C]([OH+])[C]NC[C]1[CH][CH][CH][N][CH]1)[C]1N[C]2[CH][CH][CH][CH][C]2N1,-0.5328503251075745
guided,COc1ccc(OCCCN(Cc2ccccc2)C(C)=O)cc1OC(=O)c1ccccc1C,-3.794827938079834
guided,Nc1cc(Cl)ccc1N1CCOCC1,-5.20167350769043
guided,CCCO[C@H]1CCCC(=O)NNC(=O)CC[C-]([O-])[O+](CC(C)C)[OH+]1,-0.49352025985717773
guided,CCOc1ccc([C@@]2(N3CCCCC3)C=C(N)SC(N)=C2C#N)cc1OCC,-1.0729060173034668
guided,O=C1OCC[C@@H]1Sc1nnc(C2CC2)n1-c1ccc(Cl)cc1,-3.2630956172943115
guided,CCS(=O)(=O)c1ncc(Cl)c(C(=O)NC2CCCCC2)n1,-0.6537637114524841
guided,COCCCNc1nc2ccccc2n1Cc1ccc(Cl)cc1Cl,-6.743202209472656
guided,O=C(Cn1[nH]c(=O)c2ccccc2c1=O)Nc1cccc(S(=O)(=O)N2CCCC2)c1,-0.2514118552207947
guided,COc1ccc(-c2nc3c(n2Cc2ccc(F)cc2)CCCC3)c(C)c1C,-9.168453216552734
guided,[O-]N([O-])[C+]1[CH+][C-](N[CH-][c+]2[cH-][c+](N3CCOCC3)[cH-][cH+][c-]2F)[C+](OC[c-]2[cH+][cH-][cH+][cH-][cH+]2)[CH-][C+]1NCCCN1CCOCC1,-0.8863890767097473
guided,Cc1nnc(Nc2ccccc2N(Cl)C/C=N\c2ccccc2C)s1,-5.241374969482422
guided,CN(C)S(=O)(=O)c1ccc(NC(=S)NC(=O)c2ccncc2)cc1,-0.4188331663608551
guided,COCc1cc(=O)[nH]c(Nc2nc(C)cc(C)n2)n1,-0.4140262007713318
guided,Fc1ccc(NC(=S)Nc2ccc3cn[nH]c3c2)cc1Cl,-4.404987335205078
guided,[H]/N=C1/C(CN(C)C[CH-]CC)=CC=C[C+]1COC,-5.720118999481201
guided,C[C]1[CH][CH][C](C)[C+](OCCNS([O])([O])[C]2[CH][C](N([O-])[O-])[CH][CH][C]2C)[CH]1,-1.0171016454696655
guided,O=[N+]([O-])c1ccc(N/N=C(\C[C@H](O)[C@H](O)CO)[C@@H](O)[C@@H](O)CO)cc1,-0.4357423186302185
guided,CC(=O)c1ccc(S(=O)(=O)Nc2ccc(OC(F)(F)F)cc2)cc1,-2.0927577018737793
guided,CCOc1cccc(-c2nnc3n2N=C(c2cc(OC)c(OC)c(OC)c2)CS3)c1,-1.6896432638168335
guided,O[c-]1[c+](C(NC2CCCCC2)C2C[C-]2Cl)[cH-][cH+][c-]2[cH+][cH-][cH+][n-][c+]12,-5.4803924560546875
guided,CCCCCC1[CH-][C+](C)C2CCC[OH+]C1(CC)C2O,-6.96835994720459
guided,NC(N)=Nc1nc(-c2ccco2)c2ccccc2n1,-0.3486459255218506
guided,CN(C)CCCN(c1cccc2ccccc12)c1nc2ccccc2n1C,-9.170539855957031
guided,FC(F)(F)C1=NN(c2ccccc2)[C@H]2[C@@H]1C=NN2c1nc2cc(Cl)ccc2o1,-4.2572784423828125
guided,[O-]CO[c+]1[n-][c+](-[c+]2[cH-][c+]3[cH-][cH+][cH-][cH+][c-]3n2[N-][CH+][c+]2[cH-][cH+][cH-]o2)[cH-]s1,-1.4063719511032104
guided,CC1=N[S+]=C(OCC(=O)N(C)[C@@H]2CCS(=O)(=O)C2)C1=[S@@](=O)([O-])c1ccccc1,-0.3687724769115448
guided,N#CN/C(=N/c1ccccc1)SCCc1ccncc1,-2.731520891189575
guided,NC(=O)CCC(=O)NNS(=O)(=O)c1ccc(F)cc1,-0.40754345059394836
guided,O=c1c([N+](=O)[O-])cnc(-c2ccc(-c3ccccc3)o2)n1CC=C1CCCCC1,-2.2998409271240234
guided,COCCCNc1nc2ccccc2n1[C@H]1CCCCC1=O,-3.2605788707733154
guided,CC[C@@H](Oc1cc(Cl)ccc1Cl)C(=O)Nc1ccc(C(=O)O)cc1,-2.5536651611328125
guided,[O-][S+2]([O-])([CH+][CH-][c+]1[cH-][cH+][cH-][cH+][cH-]1)NN1[CH-][c+]2[cH-][cH+][cH-][cH+][c-]2OC1[c+]1[cH-][cH+][c-](Cl)[cH+][cH-]1,-2.8989295959472656
guided,CCOc1ccc(-c2[nH]ncc2CC(=O)NC(C)C)c(OCC)c1,-1.4602450132369995
guided,O=S(=O)(c1cccc2cccnc12)N(CC1CC1)c1ccc(Cl)cc1,-4.873396396636963
guided,O=C(Oc1cc(=O)oc2ccccc12)c1ccc([N+](=O)[O-])cc1[N+](=O)[O-],-0.6930753588676453
guided,O=C(Nc1ccc2ccccc2n1)c1cc2c(s1)CCCC2,-5.920041084289551
guided,CN(C(=O)COC(=O)[c-]1cc(Br)c(Br)[s+]1)[C-]1CCS(=O)(=O)C1.[H+],-1.1018614768981934
guided,COc1cccc(CNc2ncn[nH]2)c1OCc1ccccc1F,-1.8216084241867065
guided,COc1ccccc1OCCOc1cccc(-c2ccc(NC(C)=O)c(C)c2)c1,-4.6247148513793945
guided,C=[N+]1C(=O)NC([O-])=CC1=[N+]=C=C([N+]#S([O-])([O-])c1ccccc1)Nc1nc2ccc(C)cc2s1,-0.39218005537986755
guided,O=C(Cc1cccs1)NNC1=NCCN1Cc1cccs1,-2.7415919303894043
guided,COCCN(Cc1ccccc1)C(=S)Nc1ccccc1O,-4.758203983306885
guided,O=C(CCCl)Nc1ccc(C(=O)Nc2ccccc2C(=O)O)cc1,-0.9254092574119568
guided,O=C(Nc1cccc([N+](=O)[O-])c1)N1CCc2ccccc2C1,-1.6243937015533447
guided,[CH2+]CCCC[CH-]CCSCC(=O)Nc1ccccc1C(=O)N1CCOCC1,-3.4625048637390137
guided,O=C(NCc1ccccc1Cl)c1cccc(F)c1,-7.353625774383545
guided,Cc1ccc(NC(=O)NC(=O)c2ccc(F)c(S(=O)(=O)N3CCOCC3)c2)cc1,-0.4552597403526306
guided,NNC(=O)C(=O)N1CCc2ccccc2[C@H]1Cc1cccc2ccccc12,-1.3042163848876953
guided,O=c1ccoc2sc(-c3ccccc3)cc12,-7.145808696746826
guided,CO[C]1[CH][C](C[C]2[N][N][C](CN(CC[C]3[CH][CH][C](F)[CH][CH]3)[C]([O])[C]3[CH][CH][CH][C](C(F)(F)F)[CH]3)O2)[C][C]([NH2+])[N]1,-0.614388108253479
guided,CCN(CCO)c1ccc(NC(=O)c2ccc3c(C)cc(=O)oc3c2)cn1,-0.5644069314002991
guided,Cc1noc(C)c1CSc1ncnc2sc3c(c12)CC[C@H](C)C3,-4.955689430236816
guided,COc1ccc(N2CCN(CCC(=O)c3cccnc3)CC2)cc1,-4.165474891662598
guided,[H]/N=C\c1cn(-c2ccccc2)nc1-c1cccnc1,-3.3251326084136963
guided,CNCCc1cc(OC(=O)N(C)C)cc(C(F)(F)F)c1,-4.944115161895752
guided,COc1ccc(-c2[nH]ncc2CN2CCSCC2)c(OC)c1,-3.6752724647521973
guided,Cc1cc(C)c(C)c(S(=O)(=O)n2cccc2)c1C,-5.4707255363464355
guided,N[C@H](Cc1ccc(Cl)cc1)C(=O)O,-2.164883852005005
guided,O=C(NCCN1CCOCC1)c1cc([N+](=O)[O-])ccc1N1CCCCC1,-0.5688657760620117
guided,NS(=O)(=O)c1cccc(C(=O)N/N=C/c2ccc(Cl)cc2)c1,-0.41171467304229736
guided,CCNC1=C(C)C(=O)C[C@H](c2ccc(O)cc2)C1,-3.9722115993499756
guided,CCOC(=O)c1[nH]c2c(c1C)C(=O)C[C@@H](c1ccc(Oc3ccc(F)cc3)cc1)C2,-3.8968327045440674
guided,O=C(O/N=C(\c1ccccc1)c1ccc(Cl)cc1)c1cccnc1,-4.6038594245910645
guided,COCCNc1ccccc1CO,-4.666264533996582
guided,COCCN1C(=O)c2oc3ccccc3c(=O)c2[C@@H]1c1ccc(C(=O)OC)cc1,-0.8651352524757385
guided,CCC[C]([O])N[C]1[CH][CH][C]([C]([O])OC[C]([O])N[C]([O])[C-]([CH][C-][CH+][CH][CH][S])[C]2[CH][CH][CH][CH][CH]2)[CH][C]1Br,-2.197239637374878
guided,C[C@@H](CN1CCOc2ccccc21)NC(=O)CCc1ccc2ccccc2c1,-5.750997066497803
guided,CN(C)S(=O)(=O)c1cccc(NC(=O)/C=C/c2ccccc2)c1,-1.9633004665374756
guided,C[CH-][C+](C)[C+]([CH+][C-]([O-])[CH+][CH+][CH-][CH+]CC)[C+]([O-])OCC(CO[C-](C)[O-])COC1OCC(C(O)C(OC(C)C)[c-]2[n-][c+](C)[cH+][nH]2)C(O)C1C.[H+],-0.5905979871749878
guided,S=C(NCCN1CCCCC1)Nc1ccc(Cl)cc1,-7.55284309387207
guided,NS(=O)(=O)c1ccc(CNC(=S)NC2CC2)cc1,-0.7150444984436035
guided,O=C(/C=C/C(=O)OCC(=O)N1CCN(c2ccccn2)CC1)Nc1ccc(Cl)cc1,-0.47001543641090393
guided,CN(CCN1CCOCC1)Cc1nc(Cc2ccccc2F)no1,-2.892885446548462
guided,O=C(CSc1nnc(-c2ccccc2O)o1)NCCc1ccccc1,-0.8807410001754761
guided,[N-2][C][C-]1[CH+][CH-][CH+][CH-]N1[CH+][CH-][C+]([O-])[c+]1[cH+][c+](Cl)[cH+][cH-][c+]1O,-1.7704286575317383
guided,N#CCSc1nnc(Nc2ccccc2)s1,-2.6074154376983643
guided,C=CCCOc1cccc(/C=N/NC(=O)Cc2cccn2C)c1,-3.050640821456909
guided,COCCN(COC)c1nc(C)nc2c1nnn2Cc1ccccc1,-0.920056939125061
guided,CC(C)c1nc(SCC(=O)NCc2cccnc2)c2ccccc2n1,-2.319492816925049
guided,C[C@H](NS(=O)(=O)c1ccc(Br)cc1)C(N)=O,-0.5485360026359558
guided,CC1CCCN([C]2[CH][CH][C]([C+]([O])N3CCN([C]4[CH][CH][C](F)[CH][CH]4)CC3)[CH][C]2N([O-])[O-])C1,-1.4499107599258423
guided,CCn1c(=O)c(-c2nccc3cc(OC)c(OC)cc23)cc2cccnc21,-2.4936492443084717
guided,CCN(c1ccccc1)S(=O)(=O)c1nnc(NC(=O)c2cccc3ccccc23)s1,-1.581236481666565
guided,Cn1c2ccccc2c2ncn(CCN3CCOCC3)c(=O)c21,-3.0840818881988525
guided,O=C(CCC(=O)N1CCN(c2ccccc2)CC1)N1CCN(CCc2ccccn2)CC1,-2.359048366546631
guided,CN1CCN(/N=C/c2ccc(OC(F)F)c(OCc3ccc(Cl)cc3)c2)CC1,-6.389187335968018
guided,N[C-]1[N-]C([C+]2[CH+][CH-][CH+][CH-][C+]2C(F)(F)F)[N-][C+]1N1CCN([C-]([O-])[C+]2[CH+][CH-][CH+]O2)C1.[H+],-0.5830599665641785
guided,CN1CCC(=O)N([C@H](CC(=O)Nc2ccccc2C(F)(F)F)c2ccc(F)cc2)CC1,-4.2386956214904785
guided,O=[N+]([O-])c1cc(C(F)(F)F)ccc1N1CCN(S(=O)(=O)Cc2ccc(Cl)cc2)CC1,-1.7133362293243408
guided,O=S(=O)(NN=C1CCCC1)c1cccc(OCc2ccccc2)c1,-2.353290319442749
guided,O=C(O)c1ccc(COc2ccc(Cl)cc2Cl)cc1,-5.271100044250488
guided,Brc1ccc(OCc2ccccc2)c(CNC[C@@H]2CCCO2)c1,-7.692516326904297
guided,COc1cccc2c(=O)n(CC(=O)N3CCN(C4CCCCC4)CC3)ccc12,-3.0986342430114746
guided,CCCC[C@@]1(CC(=O)O)C(=O)N(c2ccc(OC)cc2)N(c2cccc(Br)c2)C1=O,-1.9322617053985596
guided,CCCCCOc1ccccc1C(=O)NCCCC(=O)O,-1.4971262216567993
guided,Cc1noc(C)c1COc1ccc(C2=NC(N)=C(C(=O)c3ccc(F)cc3)C2)cc1,-1.697821855545044
guided,N[C][N-][C+]([O-])[C+]1[CH+]N([N-][N-][C+]2[CH+][CH-][C+](C(O)CN3CCOCC3)[CH-][CH+]2)[C-]([c-]2[cH+][cH-][cH+][cH-][cH+]2)[C+]1CC1CCCCC1,-1.2008254528045654
guided,CNC(=S)NNS(=O)(=O)c1ccccc1,-1.4959700107574463
guided,O=C(COC(=O)c1c(F)ccc2sccc12)c1ccc(C2CC2)cc1,-6.222909450531006
guided,COC(=O)CN1CCN(C(c2ccccc2)c2ccccc2)CC1,-6.235087871551514
guided,CCCCNC1=CC(=O)CC(C)(C)C1,-7.120911121368408
guided,N/C(=N\C(=O)CCC(=O)O)Nc1ccccc1C(F)(F)F,-0.47508424520492554
guided,CCOC(=O)c1c(NC(=O)CSc2nnnn2-c2ccccc2)sc2c1CC(C)(C)NC2(C)C,-1.2473589181900024
guided,O=C(NCCc1ccccn1)C1CCN(S(=O)(=O)c2ccccc2)CC1,-0.8760610222816467
guided,CCOC[C@H](CC(=O)NCCC(=O)Nc1nc(-c2ccccc2)cs1)OC(=O)c1ccco1,-0.9985074400901794
guided,[H+].[H+].[H+].[N-2]C(O)C[C+]([O-])O.[NH-][c+]1[n-][c+](N2CCN3CC[C]C[CH+][C@@H]3C2)[n-][nH]1.[OH-],-0.3806765675544739
guided,CC[C@@]1(c2ccc(F)cc2)NC(=O)N(CC(=O)Nc2cc(C)on2)C1=O,-0.40690287947654724
guided,Cc1ccc(S(=O)(=O)NC2=NCN(C)CN2)cc1,-1.2246342897415161
guided,COc1ccc(CCNC(=O)CN2C(=O)COc3ccc(S(=O)(=O)N4CCOCC4)cc32)cc1OC,-0.29230746626853943
guided,Cc1ccnc(NS(=O)(=O)c2cccc(C(=O)OCCC(C)C)c2)c1,-1.2537972927093506
guided,COc1ccc(/N=C\c2nc(-c3cc(Cl)ccc3OC)oc2C)cc1,-4.639538288116455
guided,COc1ccc(-c2nnnn2Cc2cc3ccccc3n2C)cc1,-2.898883819580078
guided,CNC(=O)C#Cc1ccc(C(=O)NC2CCCCCCC2)cc1,-2.89853835105896
guided,COCCc1ncc(CN2CCCCC2)c(CC(=O)NC2CCCCC2)n1,-2.0315053462982178
guided,S=C(NCc1csc2ccc(Cl)cc12)Nc1cccc(Cl)c1,-10.267729759216309
guided,CO[C]1[CH][CH][C+](N2[N][C]([C]([O])OC)[C](O[C]3[CH][CH][C](N([O-])[O-])[CH][CH]3)[CH][C]2[O])[CH][CH]1,-0.5468367338180542
guided,CCC(=O)N1c2ccccc2[NH+]=C=C(C(=O)c2cc(F)ccc2F)[C@H]1c1cc([O-])n(CC)c(=O)c1,-0.3964180052280426
guided,Cn1[c+]([O-])n(-[c+]2[cH-][cH+][c-](F)[cH+][cH-]2)[c+]([O-])[c+](C2CCCC2)[c-]1[O-],-0.9207728505134583
guided,CN(CC(=O)NCCSCc1ccccc1)S(=O)(=O)c1ccccc1,-1.9165202379226685
guided,C[O+][N][C]N([C]([O])[C]1[CH][CH][C](S([O])([O])N[C]2[CH][CH][C]([C](C)[O])[CH][CH]2)[CH][CH]1)C(C)C,-0.8484492897987366
guided,Cc1cc(C)c(S(=O)(=O)NCc2cc3ccccc3[nH]c2=O)c(C)c1,-1.2945160865783691
guided,[O-][N-][N-][C+]([N-][C+]1[CH-][CH+][CH+][CH+][N-]1)[c+]1[cH-][cH+][cH-][c+]2[cH-][cH+][cH-][cH+][c-]12,-2.685133934020996
guided,CCCOc1ccc(C(F)(F)F)cc1C,-11.711517333984375
guided,CCOc1ccccc1NC(=O)CN1CC[C-](n2nnc3cc(C(F)(F)F)ccc32)CC1.[H+],-2.348576545715332
guided,NS(=O)(=O)c1ccc(N2CCCCC2)c(C(=O)Nc2ccc(N3CCOCC3)cc2)c1,-0.5292454957962036
guided,NC(=O)NN=C1CCCC1,-1.891511082649231
guided,CC(C)COP([O-])OCC(C)C.[H]/[O+]=C\c1ccc(OC)cc1OC,-1.3298510313034058
guided,C/C(=N\NC(=O)c1c(Cl)c(C)nn1C)c1ccc(C)cc1O,-1.1963979005813599
guided,Cc1cc(-c2ccccc2)nc2nc(NCc3ccccn3)nn12,-2.0913238525390625
guided,CCOc1ccc(Br)cc1-c1nc(C=O)cn1C,-4.74354887008667
guided,O=C(CSCCOc1ccccc1)Nc1ncc2c(n1)CCCC2=O,-1.0759254693984985
guided,COc1ccccc1/C=C/C=N/Nc1ccc([N+](=O)[O-])cc1[N+](=O)[O-],-1.1670966148376465
guided,O=S(=O)(Nc1cc(S(=O)(=O)c2ccccc2)c(O)c2ccccc12)c1ccccc1,-1.552392601966858
guided,Cc1nc2cc(-c3cccs3)nn2c(NCCN(C)C)c1C,-4.525948524475098
guided,COc1cccc(Cl)c1OCCCN1CCOCC1,-6.524759769439697
guided,S=C(NCCN1CCCCC1)Nc1cccc2ccccc12,-7.748438358306885
guided,COc1ccc2ccccc2c1,-11.025943756103516
guided,Fc1ccc(-c2csc(N3CCN(C(=S)NCCc4ccccn4)CC3)n2)cc1,-4.956099510192871
guided,CO[c-]1[cH+][cH-][c+](C)[cH-][c+]1[C-]([O-])[C][C+](N[C+]1[CH+][CH-][CH+][c-]2[cH+][cH-][cH+][cH-][c+]21)[c-]1[cH+][cH-][cH+][n-][cH+]1,-3.068905830383301
guided,O=C(NOCCO)c1ccc(F)c(F)c1Nc1cc(S(=O)(=O)N2CCOCC2)ccc1F,-0.3550994098186493
guided,COC[C@@H]1CCN(C(=O)Cc2cccs2)C1,-6.641662120819092
guided,COc1cc(N2CCOCC2)c(OC(C)C)cc1NC(=O)CN1CCCCC1,-2.338803768157959
guided,O=C(Nc1ccc(F)cc1F)N1CCC(n2nnc3ccccc32)CC1,-2.7933237552642822
guided,[CH2-]CCCNC(=O)/C=[NH+]/C(=O)[C@H]1CCC(=O)N(CCC(=O)Nc2cccc(OC(F)(F)F)c2)C1,-0.3557770848274231
guided,COc1ccc(-c2noc(CCC(=O)NCCN3CCOCC3)n2)cc1,-0.36041924357414246
guided,Cc1oc2ccc(NC(=O)C3CCN(S(C)(=O)=O)CC3)cc2c1C(=O)OC(C)C,-0.7638112902641296
guided,O=C(COc1ccc(F)cc1)Nc1nnc(-c2ccco2)s1,-1.3762608766555786
guided,NNC(=O)c1sc2nc(N3CCOCC3)c3c(c2c1N)CCCC3,-0.32954493165016174
guided,CNC(=O)c1cnc(-c2cccc(Br)c2)n1CCCO,-1.8197892904281616
guided,CCCN1C(=O)[C@@H](c2ccccc2F)Oc2ccc(C(=O)NN)cc21,-0.7963119149208069
guided,COc1cccc(OCC(=O)Nc2cccc(-c3nc4ccccc4[nH]3)c2)c1,-2.218440294265747
guided,CC(=O)N(Cc1cc2ccc(C)cc2nc1Cl)Cc1cn[nH]c1-c1ccc(F)cc1,-4.365482330322266
guided,O=C(NCc1cc(-c2ccccc2)[nH]n1)c1cc2ccccc2o1,-2.260852813720703
guided,CCOc1cc(CN[C@H]2CC[C@@H](O)CC2)ccc1OCC(=O)NCc1ccc(F)cc1,-1.4572168588638306
guided,Clc1ccccc1N1CCN(Cc2ccn[nH]2)CC1,-5.785951614379883
guided,COC(C[C@H](O)C[C@@H](O)COCc1ccccc1)OC,-1.613021731376648
guided,CCN(CC)C(=O)/C=C/c1ccc(/C=C/C(=O)c2ccco2)cc1,-4.523160934448242
guided,[CH3+].[N-2][C]N[c-]1[n-][n-]n(-[c+]2[cH+][cH+][cH+][cH-][cH+]2)[n-]1,-0.7516049146652222
guided,Cc1nc([P@](=O)(c2ccccc2)c2cccc3ccccc23)c(N2CCOCC2)o1,-3.567962646484375
guided,Cc1ccc(NC(=O)c2c(O)ccc3ccccc23)c(O)c1,-2.4297876358032227
guided,O=[N+]([O-])/C=C1/NCCN1Cc1ccc(Cl)nc1,-1.4373165369033813
guided,COc1ccc(C(=O)Nc2nccs2)cc1,-3.501260757446289
guided,O=C(/N=C1\S[C@H]2CS(=O)(=O)C[C@H]2N1Cc1ccccc1)C1CC1,-1.7854582071304321
guided,COC(CNC(=O)c1cc2c(=O)n(C)c3ccccc3c2n1C)OC,-1.0679173469543457
guided,CN(C)NC(=O)c1cc2cc(C(=O)O)ccc2n1C,-1.1102083921432495
guided,COc1ccccc1OCCOC(=O)Nc1ccccc1,-3.2541112899780273
guided,[O][C](C[C+]1[CH][CH][CH][CH][CH]1)NN[C]([O])N[C]1[CH][CH][CH][C](N([O-])[O-])[CH]1,-0.5453060865402222
guided,COc1cccc(-c2nc3cccc(-c4cccs4)c3c(N)c2C#N)c1O,-2.0722527503967285
guided,CCC(C)(C)C(=O)N/N=C/c1ccc(C(F)(F)F)cc1,-5.508078575134277
guided,OCCNCCCOc1ccc(-n2ccnc2)cc1,-2.4076802730560303
guided,NC(=O)COc1ccccc1C(N)=O,-0.36870694160461426
guided,Cc1cc(Cl)ccc1Oc1cccc(C(=O)OCC(=O)Nc2ncc(C(F)(F)F)cc2Cl)c1,-4.407355308532715
guided,[H]/N=c1/n(CC(=O)c2cccs2)c2ccccc2n1Cc1ccccc1Cl,-4.872929573059082
guided,NS(=O)(=O)c1ccc(S(=O)(=O)N(Cc2ccc3c(c2)OCO3)Cc2ccco2)cc1,-0.4020979404449463
guided,Cc1cc(S(=O)(=O)NCc2cn3c(C)csc3n2)ccc1F,-2.330815315246582
guided,CCCCS(=O)(=O)NC1=NCN(Cc2cccnc2)CN1,-0.5607718229293823
guided,COc1cc(OC)c2c(CC(=O)O)coc2c1,-1.6574259996414185
guided,O=C1CCCN1CN1CCCCC1,-7.784342288970947
guided,CC(C)Nc1ccc([N+](=O)[O-])c(Nc2ccccc2)c1,-2.9131627082824707
guided,Fc1cc(CN2CCC(Cc3ccccc3)CC2)cc(C2CCCCC2)c1,-15.566986083984375
guided,Fc1ccccc1/C=N/N1CCN(Cc2c[nH]c3ccccc23)CC1,-6.367424964904785
guided,NS(=O)(=O)c1ccc(NC2=CC=CC3=CC4=CCCCCC4=N[C-]32)nc1.[H+],-0.9481161236763
guided,N#Cc1ccc(Oc2cc([N+](=O)[O-])cc([N+](=O)[O-])c2)cc1,-0.9564656615257263
guided,N/C(=N\OC(=O)c1sccc1N)c1ccc(C(F)(F)F)cn1,-0.5258039236068726
guided,N#CCCNCC1(c2ccccc2)CCCC1,-6.016264915466309
guided,CCN(CC)C(=O)Sc1ccccc1,-8.91008186340332
guided,O=C(CCN1C(=O)[C@@H]2[C@H](C1=O)[C@H]1C=C[C@@H]2C1)N1CC[C@@H](c2ccccc2)C1,-2.7879812717437744
guided,O=c1[nH]c(N2CCOCC2)nc2nc(SCc3ccc(F)cc3)n(-c3ccc(N4CCOCC4)cc3)c12,-1.043969750404358
guided,COc1ccc(C(=O)Cn2nnc(-c3ccccc3)n2)cc1,-1.5911521911621094
guided,CSc1ccc(NC(=O)Nc2ccc3nc(C)c(C)nc3c2)cc1,-3.2346112728118896
guided,S=C(NCCc1cccc(OCCOc2ccccc2)c1)Nc1ccccc1,-6.086365699768066
guided,Nc1nonc1-c1noc(N2CCCCC2)n1,-0.3921539783477783
guided,Cc1ccccc1NC(=O)Nc1ccccc1-n1ccnc1,-3.372793436050415
guided,O=S(=O)(O)CCN1CCOCC1,-1.842688798904419
guided,FC(F)Oc1ccc(NC(=S)Nc2ccc([C@@H]3CC=CCC3)cc2)cc1,-8.905306816101074
guided,CCOc1ccccc1-c1nc(N)nc(N)n1,-0.3067336082458496
guided,[CH2-]NC(C)CC1CCCCC1,-10.595808029174805
guided,CNCC(C)NCCOCC(C)(NCC(O)C[O+][C]1[CH][CH][CH][CH][CH-]1)O[C][O+][C]1C(O)C(O)[C-](N)C(O)C1O.[H+],-0.5854514241218567
guided,O=C(NC1=CC(=O)N(c2ccc(Br)cc2)C1)c1ccncc1,-2.354137420654297
guided,O=[N+]([O-])c1cnc(OCc2ccccc2)cc1NCc1ccccc1,-2.1863410472869873
guided,CCC(=O)Nc1cccc(/C=N/OCCCN2CCCC2)c1,-3.3779540061950684
guided,NP(N)(=O)NC(=O)c1ccccc1,-0.40898242592811584
guided,[S-]SC(CCN1CCOCC1)[c+]1[cH-][cH+][cH-][cH+][cH-]1,-10.235404014587402
guided,O=C(CCl)CCC(=O)N1CCc2ccccc2[C@@H]1c1ccccc1,-6.151566028594971
guided,COc1ccccc1Oc1cc(C)nc(NCCN2CCCC2)n1,-2.8356142044067383
guided,O=C1OC[C@@H](C(=O)O)N=C1NNC(=O)c1ccco1,-0.3977721929550171
guided,COC(=O)C1=C(C)N(c2cccc(OC)c2)C(=O)C1,-2.8476271629333496
guided,COc1ccc(/C=N/NC(=O)c2cccnc2)cc1Oc1nc(-c2ccccc2O)nc2ccccc12,-2.181245803833008
guided,CCc1ccc(/C=C/C(=O)/C=C\c2ccccc2)c(F)c1,-10.601333618164062
guided,CN(C)CC[C@@H]1CCCCN1C(=O)c1ccc2c(=O)n3c(nc2c1)CCCCC3,-2.988435745239258
guided,Cc1ccc(NC(=S)Nc2ccccc2C)c(Cl)c1,-9.329693794250488
guided,O=C(NC1CCCC1)c1cccc(Cl)c1,-7.196059703826904
guided,Fc1ccccc1Cn1cnnc1-c1ccccc1,-6.891014099121094
guided,COc1ccccc1CC(=O)Nc1ccc2[nH]ncc2c1,-1.9734925031661987
guided,COCC(=O)N1CCN(c2ccccc2O)CC1,-3.082284927368164
guided,Nc1ccc(NC(=O)/C=C/c2cccc([N+](=O)[O-])c2)cc1,-0.6812750697135925
guided,[CH2+][CH+][CH+][C][N-][N-][c+]1[cH-][cH+][c-](N(CCO)CCO)[cH+][c-]1C,-1.6090177297592163
guided,COc1ccccc1C(=O)Nc1nc(N)n(-c2ccccc2)n1,-0.42350587248802185
guided,C[N-][C+]([O-])N([CH+][N-][C+]1S[C+]2CCCCC[C+]2[C-]1[C][N-2])C1CCCCC1,-2.9059414863586426
guided,COc1ccccc1C(=O)On1nnc2ccccc21,-1.74489426612854
guided,Brc1ccc(Cn2c(-c3cncs3)nc3ccccc32)cc1,-8.21729564666748
guided,CCOc1ccccc1/C=C/C=N/c1ccccc1C(=O)Nc1ccccc1,-6.093316078186035
guided,COc1ccc2nc(-c3ccccc3)[nH]c2c1,-5.71435546875
guided,CCC/N=C(\N)[C@@H](C(=O)OC)c1ccccc1,-1.9592299461364746
guided,O=C(O)c1ccc(NC(=O)c2csc3ccccc23)nc1,-1.419675350189209
guided,NNC(=O)CCn1c(-c2ccccc2NS(=O)(=O)c2ccccc2)nc2ccccc21,-0.6783910393714905
guided,Fc1ccccc1CSc1nnnn1-c1ccc(Cl)c(Cl)c1,-5.766406536102295
guided,COc1ccc2c(c1)[C@H](C(=O)NC1CCCCCC1)CCC2,-6.1913981437683105
guided,O=C(O)/C=C/c1ccc(OC(=O)c2cccs2)cc1,-2.496201992034912
guided,ClC(Cl)c1ncccc1Oc1ccccc1,-9.296682357788086
guided,O=C(COc1ccc(Cl)cc1)N1CCN(CC(=O)N2CCCC2)CC1,-3.119953155517578
guided,Cn1c([P@](C)(=O)Nc2ccccc2F)nc2c1c(=O)[nH]c(=O)n2C,-0.279837042093277
guided,[O-][C+](O)CCCN1[C-]([S-])S[C+]([CH+][c-]2[cH+][cH-][c+]([C][N-][C+]3[CH+][CH-][CH+][CH-][CH+]3)o2)[C-]1[O-],-0.469332754611969
guided,NCCNc1cnn(Cc2ccccc2)c(=O)c1Cl,-1.278145432472229
guided,CN(C)C(C[C+]1[CH][CH][CH][CH][CH]1)[C]1[N][N][N]N1[C]1[CH][CH][CH][C](N([O-])[O-])[CH]1,-0.4900071322917938
guided,CC(=O)c1cccc(OC[C@H](O)CN2CCN(S(=O)(=O)c3ccc4c(c3)oc(=O)n4C)CC2)c1,-0.22472387552261353
guided,O=[P@](O)(CCc1ccncc1)CN(Cc1ccccc1)Cc1ccccc1,-4.529500961303711
guided,CCN1CCN(C(=O)Nc2cc(Cl)ccc2[N+](=O)[O-])CC1,-1.1422241926193237
guided,C[N-][C+]([O-])N[c+]1[n-][n-][c+](C[c+]2[cH-][cH+][cH-][cH+][cH-]2)[c+]([O-])[nH]1,-0.3390542268753052
guided,CC[C@H](C)NC(=O)CCCc1ccccc1,-7.0908002853393555
guided,CC(C)(C)c1ccc(OCC(=O)Nn2cnnc2)c(Br)c1,-1.810245394706726
guided,OCCN(/C=N/c1nc(N2CCOCC2)nc2sc3c(c12)CCCC3)Cc1ccccc1,-1.9335062503814697
guided,C[C-]1[CH+][c-]2[c+](n3[c+]([NH-])[c-]([C][N-2])[cH+][c+]4[c+]([O-])n(CCCCN5[C+]([O-])CC[C+]5[O-])[n-][c-]2[c+]43)C(C)[CH-]1,-0.5112147331237793
guided,[O-]S([O-])(#[N+]C1=C=[O+]CCC1)c1cc(C(F)(F)F)ccc1Cl,-3.4727368354797363
guided,CC/[S+]=C1\SC(CC)=C\C1=C(/[O-])Nc1ccc2c(c1)OCCO2,-3.4041078090667725
guided,Cc1c(C(=O)N2CCCCCC2)oc2ccc(S(=O)(=O)N3CCC(C)CC3)cc12,-2.6824662685394287
guided,O=C(CCc1ccccc1)NNC(=S)NC(=O)c1cccnc1,-0.6442660689353943
guided,Cc1cccc(N2C(=O)[C@@H](C[C@@H](CC#[O+])c3ccccc3)C=C2[O-])c1,-2.5353660583496094
guided,CCN(CC)c1ccc(CN2CCC[C@@H](CCC(=O)Nc3cc4[nH]c(=O)[nH]c4cc3OC)C2)cc1,-1.6816167831420898
guided,Cc1cccc(OC[C@@H](O)Cn2ccnc2)c1,-3.8423259258270264
guided,CN(Cc1ccccc1)C(=O)Nc1cccc([C@@H]2CCCO2)c1,-5.806586265563965
guided,COc1ccc(/C=C2/Oc3ccccc3C2=O)cc1,-6.132999897003174
guided,COc1cc(NC(=O)CN(C)Cc2ccc([N+](=O)[O-])cc2)cc(OC)c1,-0.6111031174659729
guided,NS(=O)(=O)c1ccc(/C=N/Nc2nc(C(F)(F)F)ncc2[N+](=O)[O-])cc1,-0.39873915910720825
guided,CCOC(=O)c1cc2sccc2n1C/C=C(\C#N)c1nc2ccccc2s1,-3.585625171661377
guided,CN(C)CNC(=O)Cc1cccc2ccccc12,-6.113354682922363
guided,FC(F)(F)c1cc(SCc2nnc(-c3ccc(Cl)cc3)o2)nc2ccccc12,-6.603771209716797
guided,Cc1ccc(-c2nnn(Cc3nc4ccccc4s3)n2)cc1,-3.311241388320923
guided,CN(CCCC(=O)NCc1ccc2c(c1)OCO2)S(=O)(=O)c1ccc(F)cc1,-0.7729797959327698
guided,COc1ccc(/C=N/NC(=O)c2ccccn2)cc1Br,-2.2583656311035156
guided,Cc1cc(C)nc(SCC(=O)N2CCOCC2)n1,-2.864123821258545
guided,Cn1cnnc1SCC(=O)Nc1cccc([N+](=O)[O-])c1,-0.31656354665756226
guided,CCOCCCNCCc1ccc(OC)cc1,-6.576819896697998
guided,OCC1COC([S+](O)[C-]2[CH-][CH+][CH-][CH+][N-]2)CCO1,-1.448287844657898
guided,O=C(Nc1ccccc1N1CCCC1)c1ccoc1-c1ccco1,-3.773358106613159
guided,CCOc1ccc(OCCn2c(=S)[nH]c3ccccc3c2=O)cc1,-3.45812726020813
guided,Nc1cccc2ccc(N3CCOCC3)nc12,-3.307264804840088
guided,c1ccc2[nH]c(NCCCN3CCOCC3)nc2c1,-3.103484869003296
guided,C[C@@H]1CCCN(c2c(O)nc(-c3ccccc3)c(N)c2C(N)=O)C1,-0.49256566166877747
guided,O=C(c1ccccc1)N1CCN(CC#Cc2ccc(Br)cc2)CC1,-8.232407569885254
guided,COc1ccccc1C(=O)Oc1cc([C+]2=CC=CC=C2)nn1[C][O-],-1.0590157508850098
guided,COc1ccc(CNCC(=O)N2CCCCCC2)cc1,-4.779443740844727
guided,COc1cc(C(C)=O)ccc1OC[C@H](O)CNCCc1ccc(F)cc1,-1.888861060142517
guided,CCCOc1ccc(-c2nnc(-c3ccco3)o2)cc1,-3.111271381378174
guided,CCCC[C@H]1CNCCN1CCCC,-9.670768737792969
guided,O=C(C[S+]=C1C=CC(=[N+]([O-])[O-])C=C1)NNS(=O)(=O)c1ccc(Br)cc1,-0.36615654826164246
guided,CN(C)S(=O)(=O)N1CCc2ccccc21,-4.781980037689209
guided,CCO[C-]([O-])[C+]1[O+]2S[C-](CC)[C-](OC)[O+]3[C@@]12[N@@+]31[C-]2N[C+]([O-])[C+]([c-]3[cH+][cH-][cH+][cH-][cH+]3)[C-](N[C+](C)[O-])[S+]21,-0.3863397538661957
guided,Cc1c(C#N)c(NC(=O)c2cccc(Cl)c2)n(Cc2ccc(F)cc2)c1C,-4.583313465118408
guided,COc1cc(CCC(=O)N2CCc3ccccc32)cc(OC)c1OC,-4.260499477386475
guided,CN(CCSc1ncnc2ccccc12)S(=O)(=O)c1ccccc1,-2.4466049671173096
guided,O=C(O)c1cc2ccccc2c(/N=N/c2cccnc2)c1O,-1.4537572860717773
guided,NNS(=O)(=O)c1cccc(NC(=O)CCCOc2ccc(Cl)cc2Cl)c1,-0.7470577955245972
guided,NS(=O)(=O)c1ccccc1Nc1cc(=O)c2ccccc2s1,-0.7248995304107666
guided,O=C(Nc1nc2c(C(F)(F)F)ccnc2s1)c1cccs1,-4.004266262054443
guided,C[C@@H](Cc1ccccc1)C(=O)NNC(=O)NC1CCCCC1,-1.7445602416992188
guided,C=CCN1C(=O)CSc2ccc3c(c21)OCCC3,-6.875657081604004
guided,C[C-]([O-])NN[C+]([O-])CC[N-][C+]([O-])OC1CCCCC1,-0.5454301238059998
guided,O=C(O)COc1nc(Nc2cccc(C(F)(F)F)c2)nc(N2CCOCC2)n1,-0.3880455195903778
guided,O=S1(=O)C[C@@H]2SC(Nc3ccc(S(=O)(=O)N4CCOCC4)cc3)=N[C@@H]2C1,-0.3971046507358551
guided,[H+].[N-2][C][C+]1[C+](O)[C+]([C-]([O-])O)[C-](OC[c+]2[cH+][cH+][cH+][cH-][cH+]2)[CH+][C-]1[C][N-2],-0.4326988458633423
guided,Cc1ccc(NC(=O)CN(C)S(=O)(=O)c2ccc3[nH]c(=O)oc3c2)cc1Cl,-0.5038353800773621
guided,COc1ccc(NC2=C(Cc3cc(Br)c(O)c(Br)c3)C(=O)c3ccccc3C2=O)cc1,-4.013644218444824
guided,C=C1c2ccc(OC(C)C)cc2N(O)c2c1cnc1ccc(OC[C@@H]3CCCCO3)cc21,-4.822385311126709
guided,OC[C@@]1(Cc2ccccc2)CCCN(Cc2ccc(-c3csc(Nc4ccc(F)cc4)n3)cc2)C1,-7.3819074630737305
guided,N#CN/C(=N/c1cccc(C(F)(F)F)c1)SCc1ccc(C(F)(F)F)cc1,-6.489840030670166
guided,COCCCN1CCC(C)CC1,-10.100163459777832
guided,COc1ccc(-n2nnnc2SCC(=O)c2cccs2)cc1,-1.774878740310669
guided,CCn1c(COc2ccccc2)nnc1SCC(=O)NC1CCCC1,-1.980635404586792
guided,CN1C(=O)NC(=O)/C(=C/NCCN2CCCCC2)C1=O,-0.8470197916030884
guided,COc1c(Cl)cccc1S(=O)(=O)Nc1ccc(Cl)cc1Cl,-4.272347927093506
guided,NC(N)=Nc1ccc(CCCc2cccc3nccn23)c(Cl)c1,-1.2724746465682983
guided,CN(C[C+]1[CH][CH][CH][CH][CH]1)S([O])([O])[C]1[CH][CH][CH][CH][C]1N([O-])[O-],-0.7468143701553345
guided,CCO[c-]1[cH+][cH-][c+]([C-]2CC[C+]([O-])[O+]3C4[CH+][CH-][C+]([CH-]C43)CCN[C+]([S-])N[N-]2)[cH-][cH+]1,-1.4034429788589478
guided,CCCOc1ccc(CNC(=O)c2ccc(NC(=O)N3CCOCC3)cc2)cc1,-1.4122705459594727
guided,O=c1oc2ccccc2cc1/C=N/n1c(-c2ccccc2Cl)n[nH]c1=S,-2.2930355072021484
guided,CN1[N][C]([C]2[CH][CH][C](O[C+]3[CH][CH][CH][C]4[CH][CH][CH][N][C]43)[C](N([O-])[O-])[CH]2)[C]2[CH][CH][CH][CH][C]2[C]1[O],-0.6715636253356934
guided,Cc1cc(C)cc(OCCCCCNCCO)c1,-4.917518615722656
guided,Cc1ccc(N(Cc2ccccc2)S(=O)(=O)c2c(C)nn(C)c2C)cc1,-3.722942352294922
guided,NNC(=O)c1sccc1OCc1ccc(Cl)cc1Cl,-2.562887191772461
guided,CCOc1ccc(N(C/N=C2\NS(=O)(=O)c3ccccc32)C(C)=O)cc1C(=O)O,-0.37574562430381775
guided,COc1ccc(N(C(=O)Cc2ccccc2OC)[C@@H]2C=CS(=O)(=O)C2)cc1,-1.4750372171401978
guided,Cc1cccc2c(C(=O)NC3=NOCC(C)(C)C3)cn(-c3cccc4ccccc34)c12,-5.313808441162109
guided,CCOc1ccc(-n2nnc3c(=O)n(Cc4ccccc4C)cnc32)cc1,-1.4281086921691895
guided,O=C(O)c1ccccc1Oc1nc(-c2cccs2)cc(C(F)(F)F)n1,-2.9631638526916504
guided,O[C@H](COC1CCCCC1)Cn1cncn1,-2.443406820297241
guided,O=C(O)[C@@H](Oc1cccc(F)c1)c1ccccc1,-4.422379016876221
guided,NS(=O)(=O)c1ccc(NC(=S)Nc2ccccc2Cc2ccccc2)cc1,-1.5466786623001099
guided,N#Cc1cnc(Nc2ccccc2C(=O)O)cn1,-0.391001433134079
guided,COCCNCCOc1ccccc1-c1ccccc1,-6.801452159881592
guided,Cc1oc2ccccc2c1-c1n[nH]c(=S)n1C1CC1,-4.954212188720703
guided,CCOC(Cn1cc(CCc2ccccc2)c(=O)[nH]c1=O)OCC,-1.2679308652877808
guided,CCOc1ccc(Nc2nc3ccc(C(N)=O)cc3n3cnnc23)cc1,-0.5359407067298889
guided,Cc1cc(NCCCNC(=O)c2cc(C(C)(C)C)oc2C)c2ccccc2n1,-3.552285671234131
guided,Cc1cccc(OC(=O)c2cc([N+](=O)[O-])ccc2Nc2ccc(SC(F)F)cc2)c1,-4.063493728637695
guided,COc1ccc(OC)c(SCc2nc(Nc3nc(C)cc(C)n3)nc(N3CCCCC3)n2)c1,-1.6142019033432007
guided,CC1=N/C(=C(/[O-])O)C(C(=O)Sc2ccccc2)=[S+]1,-1.2623436450958252
guided,[H+].[H]/[C-]=C/C=C\C1=C[C@H]1c1cc2c([O-])n(COCCO)cnc-2[s+]1,-1.569084644317627
guided,N/C(=N\C(=N/C=O)N1CCc2ccccc2C1)c1ccccc1,-1.4748516082763672
guided,C[C@@H]1C=CC[C@@H]2C(=O)N(CCC(=O)N3CCN(S(=O)(=O)c4ccc(Cl)cc4)CC3)C(=O)[C@H]12,-0.523105263710022
guided,Cc1ccc(/C=C2/SC(=S)N(NC(=O)c3ccccc3)C2=O)o1,-2.6207408905029297
guided,CCCN1C(=O)c2ccc(C(=O)Nc3nccs3)cc2C1=O,-1.0797264575958252
guided,Cn1nc(C(=O)Nc2ccccc2C(=O)O)c2ccccc2c1=O,-0.3636265695095062
guided,CO[C@H]1CCC[C@@H](NC(=O)c2ccc(-n3cnnn3)cc2)C1,-0.780887246131897
guided,CN1CCCN([C@H]2CCOC2)[C@@H](c2ncccn2)C1,-4.611138820648193
guided,COc1ccccc1-n1c(SCC(N)=O)nc2c(c1=O)C1(CCCC1)Cc1ccccc1-2,-1.4343265295028687
guided,CCN1C(=O)NC(=O)[C@@](CCc2ccccc2)(CCc2ccncc2)C1=O,-1.1580759286880493
guided,Nn1c(SCC(=O)N2CCN(C(=O)OCc3ccc(F)cc3)CC2)nnc1-c1ccco1,-0.3852209448814392
guided,Cc1cccc(C)c1-n1c(SCC(=O)N2CCC(C(=O)O)CC2)nc2ccccc2c1=O,-1.030341625213623
guided,COc1ccc(-c2nc(SCC(=O)Nc3ccccc3OC)n[nH]2)cc1,-0.9587928056716919
guided,CC[C@H](C)N(Cc1ccccc1)C(=O)CSc1ncn[nH]1,-2.4962875843048096
guided,CC1=Nc2c/c(=C(/[O-])N(C)[C@@H]3CCOC(C)(C)C3)ccc2=[S+]1,-3.766282558441162
guided,COC(C[C@@H](O)C[C@@H](O)[C@@H](C)OCc1ccccc1)OC,-1.667125940322876
guided,CCCCN(CCC)C(=O)/C(=C\c1cccs1)NC(=O)c1cccs1,-5.145555019378662
guided,Nc1ccc(NC(=O)Cn2ncnc2-n2cc(C(F)(F)F)ccc2=O)cc1,-0.3363363742828369
guided,O=[P@@]1(Nc2ccccc2)CNCCCN1,-3.183781147003174
guided,CN(C)NC(=O)CN1CCOCC1,-4.185284614562988
guided,Fc1ccccc1N1CCN(C(=S)Nc2ccc(SC(F)F)cc2)CC1,-10.261967658996582
guided,Cc1cccc(-n2ccc(=O)c(C(=O)Nc3ccccc3)n2)c1,-2.295649290084839
guided,Nc1ccc(/C=C/C(=O)O)cc1,-2.148591995239258
guided,COCCn1c(=S)[nH]c2cc(C(=O)NCCc3ccc(OC)cc3)ccc2c1=O,-0.8684765696525574
guided,CC[C@H](C)[C@H](NC(=O)c1ccccc1NC(=O)c1ccc(OC)cc1)C(=O)NCCCN1CCOCC1,-0.7126187086105347
guided,COc1ccc(CCN/C(N)=N/CC(C)C)cc1OC,-1.622633934020996
guided,Nc1nc([C@H]2Cc3ccccc3-c3ccccc32)no1,-2.326881170272827
guided,Cc1ccccc1C(=O)N1CCN(c2ccc(N3C(=O)CCCC3=O)cc2)CC1,-2.694345474243164
guided,COCCCNC(=O)c1ccc(NC(=O)C(=O)NCc2ccco2)cc1,-0.2732522785663605
guided,CC[C@@H](C)NCCNC(=O)c1cn(CC)c2ccc(S(=O)(=O)N(C)C)cc2c1=O,-0.3219587504863739
guided,CC[N-]C(CCN1[C+]([O-])[C+](O)[C-]([C+]([O-])[c+]2[cH-][cH+][c-](C)o2)C1[c+]1[cH-][cH+][cH-]s1)[C+]([O-])NC[c+]1[cH-][cH+][cH-]o1,-0.3272351026535034
guided,C[c-]1[n-][nH][c+]([O-])[c+]1C[C+]([O-])N[c+]1[n-][cH+][cH-]s1,-0.3825002610683441
guided,CC(=O)Nc1cc(C(=O)N2CCCC2)cc(S(=O)(=O)Nc2cccc(C)c2)c1,-0.7885773181915283
guided,O=C(CN1CCOCC1)N/N=C/c1ccc(C(=O)O)cc1,-0.43546783924102783
guided,C[C-]([C][C+]1[C+](O[C+](O)C[C-]([O-])N[C+]2[CH+][CH-][CH+][CH-][CH+]2)[CH+][CH-][c+]2[cH-][cH+][cH-][cH+][c-]21)[N-]N[C+](N)[O-],-0.40768691897392273
guided,COc1cccc(N2CCN(CCCNC(=O)C(=O)c3cccs3)CC2)c1,-2.204273223876953
guided,C=C(n1nccc1C(=O)Nc1ccc(S(N)(=O)=O)cc1)S(=O)(=O)c1cccc2cccnc12,-0.4089341461658478
guided,C[C@H](O)CO,-5.280450344085693
guided,CCOc1ccc(/C=C2/SC(=O)N(Cc3ccc(F)cc3)C2=O)cc1OC,-4.216084957122803
guided,O=C(CSC(=S)N1CCOCC1)N1CCCCCC1,-6.226135730743408
guided,O=C(Cc1ccncc1)c1cccc(-n2cccc2)c1,-6.246038913726807
guided,O=P(O)(O)Oc1ccccc1P(=O)(O)O,-0.38408875465393066
guided,F[c-]1[cH+][cH-][cH+][cH-][c+]1CS[c-]1[cH+][c-]([N-]CCN2CCCC2)[cH+][cH+][n-]1,-7.6550798416137695
guided,C[C]1[CH][CH][CH][C]([C+]([O])OC[C]([O])NC2CCCCC2)[C]1N([O-])[O-],-0.7663999795913696
guided,O=C(NC1=[C+]2S[C]/C(=C(/[O-])O)C2=CS1)c1ccco1,-0.7015336751937866
guided,[CH2+]CN(CC[N-]C(=O)C(Cl)(Cl)Cl)Cc1ccccc1,-6.564713001251221
guided,O=C(CCNS(=O)(=O)c1cccc(C(F)(F)F)c1)N1CCN(c2ccccc2)CC1,-1.7963271141052246
guided,O=C(CN1CCCCCC1)NC(=O)NCc1ccco1,-1.1723116636276245
guided,[O][C](CN1[C]([O])[CH][CH][C]2[CH][CH][CH][CH][C+]21)[C]1[CH][CH][C](N([O-])[O-])[CH][CH]1,-0.6540563106536865
guided,COc1ccc2c(c1)/C(=C\c1cccc(O)c1)C(=O)N2,-2.850172519683838
guided,CCOc1ccc(-c2c(C(=O)SC)nnn2-c2nonc2N)cc1,-0.36565256118774414
guided,CCC[C@@H](NC(=S)NC1CCCCC1)c1ccccc1,-8.959715843200684
guided,[O-]N([O-])[C][CH+][C+]([CH+][N-][N-][C+]1[CH+][CH-][C+](OC[c-]2[cH+][cH-][cH+][cH-][cH+]2)[CH-][CH+]1)[S+2]([O-])([O-])N1CCCC1,-1.130543828010559
guided,CCC[NH+][C]([O-])[C][C]1[N][C]([N+]2CCOCC2)[S+][C]1[CH][C-][N][C]1[CH][CH][CH][CH][C]1[NH],-0.48610132932662964
guided,O=C(CSc1nnnn1Cc1ccccc1)NC(=O)NC1CCCC1,-0.34566110372543335
guided,Nc1ccc([C@@]23C[C@@H]4C[C@@H](C[C@@](CO)(C4)C2)C3)cc1,-4.563554286956787
guided,CCOc1ccc2nc(N(CCCN(C)C)C(=O)c3ccc(Cc4ccccc4)cc3)sc2c1,-6.868005752563477
guided,NNC(=O)c1ccc(-c2ccc(Cl)cc2)o1,-1.7849016189575195
guided,CN(C)CNc1nc(-c2cccnc2)nc2c1ccc1ccccc12,-3.8210296630859375
guided,Fc1ccc(Nc2nc(Cl)nc(NCc3ccco3)n2)cc1,-1.8775675296783447
guided,Nc1nnc(SCC(=O)Nc2ccc3nc(SCC(=O)NC4CC4)sc3c2)s1,-0.6680524945259094
guided,COCCNc1nc(N)c([N+](=O)[O-])c(Nc2ccc(S(=O)(=O)N3CCCCC3)cc2)n1,-0.4037010967731476
guided,O=C(Nc1ccccc1N1CCOCC1)c1ccc2c(c1)OCCO2,-2.53399658203125
guided,O=C(CCCCc1nc2ccccc2c(=O)[nH]1)c1ccccc1,-2.7869293689727783
guided,C[C@@H](Sc1nnc(-c2ccco2)n1C1CC1)C(=O)NC[C@@H]1CCCO1,-1.0383388996124268
guided,COc1ccccc1CCN1CCC[C@@H](CN(C(=O)c2cccs2)c2ccc(F)cc2)C1,-8.396936416625977
guided,[CH2-]C[C+]([CH+][C-]1[CH+][CH-][C+](N2CCOCC2)C1(C)C)[N-]P([O-])N[c+]1[cH-][cH+][cH-][cH+][cH-]1,-3.241959571838379
guided,[O][C]([C]1[CH][CH][CH]S1)[C]1[N]ON([O-])[C]1[C]([O-])[C+]1[CH][CH][CH]S1,-0.6006930470466614
guided,O=C(Nc1nnc(SCC(=O)N2CCOCC2)s1)c1cccs1,-0.6953800916671753
guided,N[C]([N]N[C]([O])[C]1[CH][CH][CH][C](N([O-])[O-])[CH]1)[C+]1[CH][CH][C]2[N][CH]N[C]2[CH]1,-0.5500985383987427
guided,CCOC(=O)C(=O)Nc1cc(C)on1,-0.8130872845649719
guided,COc1cc2c(cc1OC)CN(CC(=O)Nc1ccc(OCc3ccccc3)cc1)CC2,-3.53556752204895
guided,Nc1c(C(=O)OC[C@@H]2CCCO2)c2nc3ccccc3nc2n1Cc1ccccc1,-1.1211625337600708
guided,COC(=O)N(C)c1ccccc1C(=O)Nc1cccnc1,-1.5588352680206299
guided,CN(CCOC(=O)C(=C(c1ccccc1)c1ccccc1)c1nc2ccccc2s1)Cc1cccnc1,-6.254824161529541
guided,NS(=O)(=O)c1cccc(NS(=O)(=O)c2ccc(-c3coc(Cc4ccccc4)n3)cc2)c1,-0.9758132100105286
guided,CO/N=C(/CNC(=O)c1cccc2ccccc12)c1ccc(Cl)cc1,-4.654087066650391
guided,Cn1c(C(=O)NCCCN2CCN(c3ccccc3F)CC2)cc2c(=O)n(C)c3ccccc3c21,-2.489131450653076
guided,O=C(NCCc1c[nH]c2ccccc12)/C(=C/c1ccco1)NC(=O)c1cccs1,-1.53148353099823
guided,COc1ccc(Cc2nc3ccc(C)cc3[nH]2)cc1OCC(=O)O,-1.0467426776885986
guided,CCC(=O)N(CC#N)c1nc2c(ccc3onc(-c4c(F)cccc4Cl)c32)s1,-2.7743120193481445
guided,NS(=O)(=O)c1cccc(NOCC(Cl)(Cl)Cl)c1,-0.9789640307426453
guided,COC(CNC(=O)c1cc(C(=O)c2ccc3ccccc3c2)c[nH]1)OC,-1.1312118768692017
guided,COc1ccc(C(C)(C)C)cc1N1CCN(/N=C/c2c(F)cccc2Cl)CC1,-8.67817211151123
guided,NN1[CH][C](O[C+]2[CH][CH][CH][CH][C]2F)[C]2[CH][CH][CH][C](N[C]([O])[C]3[CH][CH][C](N([O-])[O-])O3)[C]21,-0.5626080632209778
guided,CCOc1ccc(C(C)(C)C)cc1NC(=O)c1ccccc1,-6.651594638824463
guided,COCCCNCCCCOc1c(Cl)cc(C)cc1Cl,-7.608549118041992
guided,COC[CH-]N(CCCOC)[S+2]([O-])([O-])[c-]1[cH+][nH][c-]([C-]([O-])N[C+]2[CH+][CH-][C+]([S+2]([O-])([O-])N3CCOCC3)[CH-][CH+]2)[cH+]1,-0.47382503747940063
guided,CCN(CC)CCN(C(=O)CCSc1cn[nH]n1)c1nc2cc3c(cc2s1)OCO3,-0.7842060327529907
guided,NC(=O)c1sc2nc3c(c(C(F)(F)F)c2c1N)CCCC3,-1.2241489887237549
guided,COc1cc(/C=C2\CN(C)C/C(=C\c3cc(OC)c(O)c(OC)c3)C2=O)ccc1O,-0.9821180105209351
guided,CN(C)C1(CNC(=O)c2ccc(Cl)cc2[N+](=O)[O-])CCCCC1,-1.7249202728271484
guided,COc1ccc(F)cc1C(=O)[C@H]1CCCN(Cc2ccc(Sc3ccccn3)o2)C1,-4.753641128540039
guided,COc1ccc(OCc2ccccc2Cl)c2[nH]c(C(=O)O)cc12,-2.4983489513397217
guided,CCOC1=C(N)C(=C(/N)[O-])/C(=[S+]/c2ccc3[nH]c(C)c(C)c3c2)NC1=O,-0.3380981981754303
guided,COc1ccc(S(=O)(=O)N/N=C/c2ccco2)cc1,-0.7879531383514404
guided,O=CN(C1CC1)S(=O)(=O)c1cc(F)ccc1F,-3.0278961658477783
guided,[O][C](N[N][CH][C]1[CH][CH][C](CN[C]([O])[C+]2[CH][CH][CH]S2)O1)[C]([O])[C]1[CH][CH][CH][CH][C]1N([O-])[O-],-0.5639285445213318
guided,O=C(NCc1ccncc1)C(=O)NC[C@H]1OCCN1C(=O)c1ccccc1,-0.2530110776424408
guided,Nc1cc(C(=O)O)ccc1N(Cc1ccccc1)Cc1ccc(F)cc1,-3.0569963455200195
guided,COc1cc2[nH]c(=O)c(C(C)C)c([N+](=O)[O-])c2cc1OC,-0.7033411264419556
guided,O=C(CCC1CCCCC1)Nc1ccc(F)cc1,-7.850554943084717
guided,Cc1[nH]c2ccccc2c1CCNC(=S)Nc1ccc(Cc2ccncc2)cc1,-5.048238277435303
guided,Fc1ccc(OCc2nnc3n2CCCCC3)cc1,-5.245737075805664
guided,NNC(=S)Nc1cccc(C(F)(F)F)c1,-3.6727187633514404
guided,CCOC(=O)c1c(C)n(C)c2cc(Br)c(OC)cc12,-5.4629130363464355
guided,Nc1nc2nccc(CCOc3ccccc3)n2n1,-0.8721286058425903
guided,COCc1ccc(CN2CCC(Cc3ccc(OC)c(OC)c3)CC2)o1,-5.223668575286865
guided,Cc1cc(C(=O)COc2ccccc2Cl)c(C)n1-c1cccnc1,-5.594519138336182
guided,Nc1ccc(O)c(-c2nc3ccccc3n2Cc2ccccc2)c1,-3.0399301052093506
guided,O=C(O)CCCC(=O)NNc1nc2ccc[c-]c2c2nc(-c3ccccc3)nn12.[H+],-0.5446771383285522
guided,CCOc1cccc(C(=O)Nc2ccc(NC(=O)CC)cc2)c1,-2.4815146923065186
guided,CC(=O)N[C@H](CC[S@+](C)[O-])C(=O)Nc1nc2ccc(OC(C)C)cc2s1,-0.4916781187057495
guided,CN1CCN(c2nc3c(c(=O)[nH]c(=O)n3C)n2Cc2ccc(Cl)cc2)CC1,-0.8002868294715881
guided,Cc1ccc(C(=O)Oc2ccccc2NC(=O)c2ccccc2C(=O)O)cc1,-1.581249475479126
guided,c1cncc(CNc2ccnc(N3CCOCC3)n2)c1,-2.0267598628997803
guided,CCC[N-][C+]([O-])N[C+]1CCCCC1.CC[C][O-],-1.5014774799346924
guided,CO[CH-]CCNCC(O)COCCCNC(C)(C)C,-2.238844633102417
guided,O=C(CSc1ncnc2c1cnn2-c1ccccc1)Nc1ccc(Cl)cc1Cl,-3.015368938446045
guided,COC(=O)c1sccc1S(=O)(=O)N(CCSCCC(=O)O)Cc1ccccc1,-0.7445736527442932
guided,CCc1cc(CN2CCSCC2)n[nH]1,-6.26019287109375
guided,O=S(=O)(Nc1cnn(Cc2ccccc2)c1)c1ccc(F)c(Br)c1,-2.7645111083984375
guided,C/C=N\N(Cc1cccc(C(F)(F)F)c1)c1ccc(Cl)c(C(N)=O)c1,-3.961164951324463
guided,CO[C]1[CH][C]([C]2N[N+]3[CH][C][C]([O])C(C)(C)C3[S+2]([C]3[CH-][CH][CH][CH][N]3)O2)[CH][CH][C-]1O,-0.6803861260414124
guided,NN[C]1[N][N][C]2[C]3[CH][CH][C](N([O-])[O-])[CH][C]3N([C+]3[CH][CH][CH][CH][CH]3)[C]2[N]1,-0.5328503251075745
guided,COC[C@@H](C)N[C@@H](C(=O)Nc1ccc(C(=O)O)c(Cl)c1)c1ccccc1,-1.134576678276062
guided,O=C1C[C@@H](C(=O)N2CCOCC2)C2(CCCCC2)O1,-2.9488325119018555
guided,Nc1ccc(C(=O)OCCCCC[C@@H]2CNC(=O)N2)cc1,-0.45955610275268555
guided,COCCCN(C(=O)/C=C/c1ccc2ccccc2n1)c1c(N)n(Cc2ccccc2)c(=O)[nH]c1=O,-0.621449887752533
guided,O=C(O)CCn1cncc(C(c2ccccc2)c2ccccc2)c1=O,-1.700885534286499
guided,Cc1ccc(C2=C[C@H](CC(N)=O)NCC2)cc1,-2.9278650283813477
guided,Cc1cc(N2CCOCC2)ccc1NC(=O)Nc1ccccc1F,-3.815443515777588
guided,Cc1[nH]c2c(C(=O)NC3CCCC3)cccc2c1/C=C/c1nc2ccccc2o1,-3.7936806678771973
guided,COCc1cc(=O)[nH]c(Nc2ccc(Br)cn2)n1,-0.9570303559303284
guided,CCN[C-]([S-])N(C)[CH+][c-]1[cH+][cH-][cH+][c-]2[c+]1[c-](C)[cH+]n2-[c-]1[cH+][cH-][cH+][c-](F)[cH+]1,-9.433911323547363
guided,CNc1ccc(Oc2cc3oc(=O)cc(C)c3cc2Cl)cc1OCC(=O)O,-1.4332401752471924
guided,N#CCSc1nc(Cc2ccccc2)cc(-c2ccco2)c1C#N,-2.5628821849823
guided,CCCNC(=O)N[C@H](Cc1ccccc1)C(=O)OC,-1.6919326782226562
guided,COc1cc2cc(CN(C(C)=O)c3ccccc3)cnc2cc1OC,-4.113949775695801
guided,O=[N+]([O-])c1cc(C(F)(F)F)ccc1NCCCCNS(=O)(=O)c1ccccc1,-1.2792032957077026
guided,CCO[c+]1[cH-][c+](N[C-]([O-])[c+]2[n-]n(CC)[cH+][c+]3[c-]2[c+]([C+](N)[O-])[n-][c+]2[cH-][cH+][cH-][cH+][c-]23)[cH-][cH+][c-]1OCC,-0.306245893239975
guided,Cc1cc(F)ccc1OCC(=O)N/N=C/c1cn(C)c2ccccc12,-3.2371253967285156
guided,COc1ccc(-n2c(=O)[nH]c3cc(C(=O)NO)ccc3c2=O)c(OC)c1,-0.26663100719451904
guided,N/C(=N\OS(=O)(=O)c1ccc(Cl)cc1)c1cccc(C(=O)O)c1,-0.49717751145362854
guided,Fc1ccc2oc(/N=C/c3ccco3)nc2c1,-3.9134459495544434
guided,Cc1ccc(C[C@H]2CC(=O)N(CCc3ccon3)C2=O)cc1C,-2.2447540760040283
guided,COc1cc(Oc2cccc(C(=O)O)c2)nc(CS(=O)(=O)c2cccc(C)n2)c1C,-1.0622045993804932
guided,COc1ccccc1CSCC(=O)N1CCN(Cc2ccccc2)CC1,-6.527772426605225
guided,O=S(=O)(c1ccc2ccccc2c1)N(Cc1ccccc1)Cc1ccc2c(c1)OCO2,-4.672495365142822
guided,CCOc1cc(C(C)=O)ccc1OCCCCCc1c(C)n[nH]c1C,-3.3893258571624756
guided,C[N-]C[C+]1[CH+][CH-]S[C+]2[CH-][CH+][C-](F)[CH+][C+]2[C][C-](S)CC1,-11.100546836853027
guided,O=C(c1cc2ccccc2oc1=O)N1CCN(c2cc(-c3cccs3)nc3ccccc23)CC1,-3.634880304336548
guided,OC(c1ccccc1)(c1ccccc1)[C@@H]1CCCN(CCc2cccc(F)c2)C1,-9.626522064208984
guided,Cc1cnc2c(c1Nc1cccc([N+](=O)[O-])c1)CCCC2,-2.670166015625
guided,COc1ccc(NC(=O)Cc2cc(OC)c(OC)c(OC)c2)cc1S(=O)(=O)N1CCOCC1,-0.36803776025772095
guided,CCOc1ccc(Br)cc1[C@@H]1CC(=O)NC2=C1C(=O)CCC2,-3.584892749786377
guided,ClC1(Cl)C[C@H]1CN1CCOCC1,-10.097190856933594
guided,N#Cc1ccc(-c2ccc3c(c2)OCO3)nc1SCC(=O)OCc1ccccc1,-1.940556287765503
guided,Clc1ccc([C@@H](c2ccccc2)N2CCN(/N=C\c3cccs3)CC2)cc1,-10.627577781677246
guided,ClCCCn1c(OCCCOc2ccnc(Cl)n2)nc2cc3ccccc3cc21,-4.145510673522949
guided,COc1ccccc1N1CCN(c2cc(O)ccc2[N+](=O)[O-])CC1,-1.1579545736312866
guided,Cc1c(C(=O)N2CCC[C@@H](Nc3cc(C(F)(F)F)nc4ccccc34)C2)cnn1C,-3.088909387588501
guided,CCCn1c(N)c(C(=O)COC(=O)c2ccccc2F)c(=O)n(C)c1=O,-0.30727720260620117
guided,CCCCn1c(=O)c(C(=O)Nc2cc(C)on2)c(O)c2ccccc21,-0.7754712700843811
guided,CCCC(=O)NCc1c[nH]c2ccccc12,-4.456675052642822
guided,O=C(c1ccc(NCC(Cl)Cl)cc1)c1ccccc1F,-7.953869342803955
guided,C[C+]1[N-]N([c+]2[cH-][cH+][cH-][cH+][n-]2)[C+](C)[C+]1[C-](C)[N-]NN([O-])C1CCCC1,-1.647944450378418
guided,SC1(Cc2ccccc2)CCCCC1,-13.92609691619873
guided,Cn1nc(C(C)(C)C)cc1C(=O)NNC(=O)Cc1ccccc1,-1.078381896018982
guided,O=C(NC1CC1)C1=C[C@H](c2csc3ccccc23)C[C@H](OCCCCO)O1,-2.4656341075897217
guided,[H+].[O-][C+](O)[c+]1[n-][c+]2[n-][c-](-[c-]3[cH+][cH+][n-][c-]4[cH+][c-]([C+]5[CH+][CH-][CH+]O5)[cH+][cH-][c+]34)n(CC[c-]3[cH+][cH-][cH+][cH-][cH+]3)[c+]2[n-][c+]1CC[C-]([O-])O,-0.37716561555862427
guided,CCC(=O)N1CCc2cc(S(=O)(=O)NCCC(=O)NCc3ccc(NC(=O)C(C)C)cc3)ccc21,-0.6144082546234131
guided,ClC/C(=N\NC1=NCCN1)c1ccc(Cl)cc1,-3.7983903884887695
guided,Cc1ccccc1OCC(=O)Nc1ccccc1C(F)(F)F,-6.165886402130127
guided,Cn1c(/N=C\c2cccc3ccccc23)nc2ccccc21,-7.85843563079834
guided,O=[N+]([O-])c1ccc(O)c(CN2CCCOCC2)c1O,-0.4235934317111969
guided,Cc1noc(C)c1-c1nc(CSCc2ccco2)no1,-1.6365163326263428
guided,CCOc1ccccc1[C@H](c1nnnn1C[C@@H]1CCCO1)N1CCN(C(=O)c2cccs2)CC1,-0.9509251713752747
guided,Cc1ccc(-c2nnc(NC(=O)/C=C/c3ccc(C)o3)o2)cc1,-1.543121337890625
guided,O=C(NNC1CCCCCCC1)c1ccccc1,-5.209385395050049
guided,CCOC(Cn1c(=O)c(C(=O)c2cccs2)nc2ccccc21)OCC,-1.8767011165618896
guided,O=C(N[C@@H]1CCCC[C@@H]1NC(=O)c1csc2ccccc12)c1ccccc1,-3.8525876998901367
guided,CO[c+]1[cH-][c+](Cl)[c-](OC)[cH+][c-]1N[C-]([O-])C1[CH+][C+]([c+]2[cH-][cH+][cH-]o2)[N-][C+]1[N-]CC1CC1,-1.639733076095581
guided,Fc1ccc(N2CCN(C(=S)NCCCc3ccccc3)CC2)cc1,-9.34848690032959
guided,[H+].[O-][CH-]C1(CC[c-]2[cH+][cH-][cH+][cH-][cH+]2)CCCN(CCN[C+]([S-])NC[c+]2[cH-][cH+][cH-]o2)C1,-2.146906614303589
guided,Cc1ccc(NC(=O)CCNS(=O)(=O)c2cccc3nonc23)cc1F,-0.37140822410583496
guided,Nc1ccc([S@@+]([O-])Cc2cccs2)cc1,-3.9169797897338867
guided,CCOCC(=O)N(Cc1cccnc1)Cc1cc2ccccc2[nH]c1=O,-1.2799389362335205
guided,CC(=O)c1sc(Nc2ccccc2C)nc1N,-2.0945358276367188
guided,COc1ccc(-c2ccc(Cl)cc2NC(=O)c2ccc(C)o2)cc1Oc1ncnc2c1cnn2-c1ccccc1,-4.886962413787842
guided,CN(CCOc1ccc(Cl)cc1)CC(=O)Nc1cccc(S(=O)(=O)N2CCOCC2)c1,-0.6150791645050049
guided,Cc1nnc(SCc2nc3[s+]c4c(c-3c([O-])[nH]2)CCCC4)n1C,-1.020540714263916
guided,CCCC(=O)NNC(=O)c1ccc2c(c1)OCO2,-1.0494444370269775
guided,O=C(Nc1nccs1)c1ccc([N+](=O)[O-])o1,-0.44879311323165894
guided,NC(=O)C1(N2CCCCC2)CCN(C(=O)c2cc3c(=O)n4c5c(cccc5c3o2)CCC4)CC1,-0.6147491335868835
guided,CCOc1cccc(CNC(=O)[C@]2(C)CC2(Cl)Cl)c1,-5.740130424499512
guided,O=C(N/N=C\C=C\c1ccco1)c1ccccc1O,-1.3406312465667725
guided,O=S(=O)(NS(=O)(=O)c1ccc(Oc2ccccc2)cc1)c1ccc(F)cc1,-1.0803195238113403
guided,COc1ccc(Br)cc1CN1CCC[C@H]1C(=O)Nc1ccc2ccccc2c1,-6.686728477478027
guided,CCOC(=O)c1nn(-c2ccccc2)c(-c2ccccc2)c1C(=O)c1cccs1,-4.131899356842041
guided,COc1ccccc1Oc1cccnc1C(=O)N[C@H](Cc1ccccc1)C(=O)O,-0.9111793637275696
guided,Cc1ccc(CNCCCSc2ncccn2)cc1,-5.664082050323486
guided,Cc1ccnc(N/N=C\c2ccc(-c3ccc(Cl)cc3)o2)n1,-3.2057011127471924
guided,C[C]1[CH][CH][CH][C+](N([C]([O])[C]2[CH][CH][CH][CH][C]2N([O-])[O-])C([C]([O])NC(C)(C)C)[C]2[CH][CH][CH]S2)[CH]1,-1.5974527597427368
guided,COc1ccc([C@H](c2cccc3ccccc23)N2CNC(=O)N(Cc3ccccc3)C2)cc1OC,-5.263739109039307
guided,COCCCn1c(SCC(=O)N2CCC(C)CC2)nc2ccccc2c1=O,-2.2464652061462402
guided,CCCC(=O)Nc1sc2c(c1-c1nc3ccccc3s1)CCN(C)C2,-5.705352783203125
guided,CN1C[C@@H](C(=O)c2cccc3ccccc23)[C@H](C(=O)c2cccn2C)C1,-5.115875720977783
guided,O=C(O)c1cc(C2CC2)nn1Cc1ccccc1,-3.1580278873443604
guided,Cn1c(SCC(=O)NCc2ccccc2)nnc1-c1cc2ccccc2o1,-1.9935582876205444
guided,[CH2-][CH+][N-][c+]1[cH-][cH+][c-](N2[C+]([O-])[c+]3[cH-][cH+][cH-][cH+][c-]3[C+]2[O-])[cH+][c-]1OC[C+]([O-])O,-0.27147987484931946
guided,CC(=O)N1CCc2ccc(C(=O)CN3CCN(c4ccccc4O)CC3)cc21,-2.066251277923584
guided,Cc1nn(Cc2cccc(F)c2)c(C)c1Br,-9.615212440490723
guided,O=C1CN(c2ccc(Cl)cc2)C(=O)CN1NC(=S)Nc1ccc(Cl)cc1,-2.426712989807129
guided,C=CCNC(=O)NC(=O)CN1CCc2ccccc21,-2.1558196544647217
guided,S=C(Nc1cccnc1)N1CCC2(CC1)OCCO2,-3.975226879119873
guided,COc1ccc(-c2nc(C(F)(F)F)c(OC)o2)cc1O,-2.405235528945923
guided,CCOc1ccc2cc(C#N)c(Sc3cc4ccccc4[nH]c3=O)nc2c1,-2.33799409866333
guided,CCOC(=O)C1(Cc2ccc(OC)cc2)CCN(C(=O)NC2CCCCC2)CC1,-2.7082748413085938
guided,CCC(=O)Nc1nnc(SCC(=O)NCc2ccc(F)cc2)s1,-0.8954474329948425
guided,CCOc1ccc(OCC)c(NC(=O)c2cccn3c(=O)c4c(C)c(C)sc4nc23)c1,-2.2235207557678223
guided,CO[c-]1[cH+][cH-][c+]2[c-](C)[c+]([C-]([O-])N(C)[CH+][c+]3[cH-][cH+][cH-][cH+][c-]3OC[c+]3[cH-][cH+][c-]4[c+]([cH-]3)OCO4)o[c-]2[cH+]1,-2.3634464740753174
guided,CC[C@@](C)(C(=O)Nc1ccccc1)N(C(=O)Cc1cc2ccccc2o1)c1ccccc1,-4.87110710144043
guided,Cc1cccc(NCC(=O)c2c(N)n(C)c(=O)n(C)c2=O)c1C,-0.32120147347450256
guided,O=C(c1cccs1)c1cn(CC(=O)N2CCOCC2)c2ccccc12,-3.5503902435302734
guided,O=C(COc1ccc2ccc(=O)oc2c1)N1CCC[C@@H]1CO,-0.7892187833786011
guided,[H+].[O-]N([O-])C12[CH-][CH+][CH-][CH+][S+3]1([C][CH-][c-]1[cH+][cH+][n-][cH-][cH+]1)([N-][C+]([S-])[C+]1[CH+][CH-][CH+]O1)[N-]2,-0.7909548878669739
guided,CCO[C+]([O-])[C+]([CH+]N[CH-][C][C+]1[CH+][CH-][CH+][C-](C)[C+]1[CH-][O-])[C-]([O-])OCC,-0.5281939506530762
guided,FC(F)c1nc2ccc(-c3nnc(-c4cccc(Br)c4)o3)cc2[nH]1,-3.597747802734375
guided,CC[C@H](C(=O)O)n1c(/N=C\c2cc(OC)ccc2O)nc2ccccc21,-1.0601085424423218
guided,O=c1[nH]c(-c2c3c(nc4ccccc24)CCCC3)nc2ccccc12,-3.5219898223876953
guided,O=[N+]([O-])Nc1nc2ccc3c(c2s1)CCCC3,-2.047900438308716
guided,[CH2+]CN([C+]1[CH+][CH-][CH+][CH-][C+]1[C-]([O-])O)[C-]([O-])C(C)(C)C,-1.6513254642486572
guided,Cc1nc(NC(=O)c2ccccc2)c(F)c(C)c1Cl,-5.48232889175415
guided,COc1ccc(OC[C@H](O)CNC(=O)Nc2ccccc2[N+](=O)[O-])cc1,-0.42973199486732483
guided,CCC[C@@H](C(=O)Nc1ncccc1O)c1ccccc1,-2.7246127128601074
guided,O=S(=O)(NCCn1ccc2ccccc21)C1CCCCC1,-3.700420379638672
guided,CCC(=O)c1ccc(OC(=O)c2ccco2)cc1,-3.21201491355896
guided,NS([O])([O])[C]1[CH][CH][C](NN[C]([O])C([C]2[CH][CH][C](N([O-])[O-])[CH][CH]2)[C+]2[CH][CH][CH][CH][CH]2)[CH][CH]1,-0.6599144339561462
guided,Clc1ccccc1CSc1ncccn1,-7.9384050369262695
guided,COCCN(C(=O)c1csnn1)[C@H](C(=O)NC1CCCC1)c1ccccc1,-0.8351611495018005
guided,CC(C)c1ccc(-c2csc(NC(=O)CSc3nncn3C)n2)cc1,-2.146860122680664
guided,COc1ccc(SCc2cc3ccccc3[nH]2)cc1,-8.803266525268555
guided,CC[C@H](C)C(=O)c1ccc(N(C)C)c(F)c1,-8.863572120666504
guided,O[C@@H](CCN1CCCCC1)c1ccc2c3c(cccc13)CC2,-8.652327537536621
guided,OCCNc1ncnc2c1cnn2-c1ccccc1,-1.0663214921951294
guided,COc1ccc(C(=O)N2CCC3(CC2)NCCc2[nH]cnc23)cc1OC,-0.8861380219459534
guided,CO[C-]1[CH+][C][C+]([N-][CH+]CCNC[c-]2[cH+][cH-][cH+][cH+][n-]2)[CH-][CH+]1,-3.7831482887268066
guided,S=c1[nH]nc(-c2cccs2)n1CCCN1CCOCC1,-4.192740440368652
guided,Fc1ccccc1[C@@H](c1nnnn1Cc1ccccc1)N1CCN(c2ccccc2)CC1,-4.327362060546875
guided,Cc1ccc2c(c1)nnn2C1CCN(CC(=O)NCc2ccc3c(c2)OCO3)CC1,-0.9201677441596985
guided,CCCCn1c(SCC(=O)Nc2cc(Cl)ccc2OC)nc2c1c(=O)n(C)c(=O)n2C,-0.5657302737236023
guided,CCOc1ccc(-c2nnc(NC(C)=O)o2)cc1,-1.0872633457183838
guided,Cc1ccccc1-c1nnc(SCC(=O)c2cccs2)o1,-3.8539352416992188
guided,O=C(O)C[C@H](NC(=O)c1ccc2c(c1)OCCCO2)c1ccc(OCCF)cc1,-0.9198349714279175
guided,CCCn1c(N)c(N(CCOC)C(=O)C=C2CCCCC2)c(=O)[nH]c1=O,-0.4255409836769104
guided,CCOc1ccc(CN[C@H]2CCCc3ccccc32)cc1,-9.36500358581543
guided,CCOC(=O)c1c(NC(=O)CSc2c[nH]c3ccccc23)sc2c1CCC2,-2.9415931701660156
guided,O=C(c1cc(=O)[nH]c2ccccc12)N1CCN(c2ccc(O)cc2)CC1,-1.1246782541275024
guided,[H]/N=C1\c2cc3ccccc3cc2CN1NC(=O)c1cccc(S(=O)(=O)N(CC(=O)NC2CCCCC2)c2ccccc2)c1,-2.2690677642822266
guided,COc1cccc(OCC(=O)Nc2ccccc2N2CCN(C)CC2)c1,-3.0625436305999756
guided,CCCc1cc(=O)n2[nH]c(C[C@H](C)C[N+](=O)[O-])nc2n1,-0.4148969352245331
guided,COCCN[C@H](C(=O)Nc1ccc(Cl)c(C(N)=O)c1)c1cccc(OC)c1,-0.46440115571022034
guided,O=C(CSc1ccc(-c2ccccc2)nn1)N1CCCC1,-4.338603496551514
guided,O=C(CCCCCCNC(=O)[C@@H]1CCC(=O)N(CCc2ccccc2)C1)N/N=C\c1ccc(Cl)cc1,-1.823960542678833
guided,O=[N+]([O-])c1cc(CSc2nc3cccnc3s2)cc(C(F)(F)F)c1,-3.4209578037261963
guided,O=C(NS(=O)(=O)c1cccc2ccccc12)c1c[nH]c2ccccc12,-1.5774991512298584
guided,CCS(=O)(=O)c1ccc(N(NC(=O)CCC[C@H](C)C(=O)O)C(C)=O)cc1,-0.4486078917980194
guided,COc1cccc(S(=O)(=O)Nc2ccccn2)c1,-1.5992554426193237
guided,CN(CCN(CNc1ccc(N)cc1)CC(=O)Nc1ccccc1C(F)(F)F)Cc1ccccc1,-2.8453240394592285
guided,CC[C@@H](C)c1ccccc1OCCCCN1CCCC1,-11.393895149230957
guided,C/C(=N\NS(=O)(=O)c1cccc2nsnc12)c1ccccc1,-0.8176886439323425
guided,Cc1ccc(F)c(NC(=O)c2ccccc2F)c1,-7.401027202606201
guided,N#Cc1ccccc1OCCN1CCN(CC(=O)Nc2ccccc2)CCC1=O,-0.6367313265800476
guided,O=C(OC/N=C\c1cccc(Cl)c1)c1cncc(Br)c1,-4.200230121612549
guided,S[C@@H](COCCOCc1nc2ccccc2[nH]1)c1ccc2c(c1)OCO2,-2.525170087814331
guided,COc1ccc(Nc2ccc3oc(-c4ccccc4O)nc3c2)cc1,-3.4923229217529297
guided,[O-][CH+]C1(O)O[CH-][N-][c+]2[cH-][cH+][cH-][cH+][c-]2[C+]([O-])CC[OH+]C(CO)C(O)C(O)C1O,-0.3856601119041443
guided,Cn1cnc2cc(NS(=O)(=O)c3ccc(Cl)s3)ccc21,-2.447524309158325
guided,O=C(NN=C1CCCC1)c1cc(Cl)cc(Cl)c1O,-2.9798471927642822
guided,O=C(N[C@@H](Cc1ccccc1)C(=O)OCc1ccccc1)c1c[nH]c2ccccc2c1=O,-1.3194668292999268
guided,O=C(COC(=O)c1cccc(Br)c1)NC(=S)N1CCCCC1,-2.7707791328430176
guided,COc1cccc([C@H]2NC(=O)c3c(sc4c3CCN(C)C4)N2)c1,-3.274752140045166
guided,C[C@H]1CCCCN1C(=S)NCCc1ccccc1,-9.833427429199219
guided,COCCCNC(=O)c1cc(-c2ccccc2)n(Cc2ccc(OC(F)F)cc2)c1C,-4.935790061950684
guided,O=C(NC(=S)Nc1ccccc1N1CCCCC1)c1ccco1,-3.240715980529785
guided,Cc1ccccc1OC[C@H](O)CN1CCC(C)CC1,-6.247827529907227
guided,CCOc1ncccc1C(=O)O[C@H](C)C(=O)NC(=O)NCc1ccccc1,-0.3956376612186432
guided,COc1cccc(N[C@@H]2c3ccccc3C(=O)N2Cc2ccco2)c1,-3.9589059352874756
guided,CN(/N=C/c1cccc2ccccc12)c1cccc2nonc12,-3.8409106731414795
guided,C/C=C\C(C(=O)O)=C(\O)c1ccc(-c2ccc(C(C)=O)cc2)o1,-1.6674617528915405
guided,Fc1ccc(/[NH+]=C/c2ccncc2)cc1.[O-]P(c1ccccc1)c1ccccc1,-3.7111685276031494
guided,COc1ccc(C)cc1N(CC(=O)N1CCOCC1)S(C)(=O)=O,-1.0558096170425415
guided,CCN1CCC(C(=O)NC2CC2)CC1,-6.167325973510742
guided,COc1ccc(N[C@@H]2CC(=O)N(c3ccc(OC)c([N+](=O)[O-])c3)C2=O)cc1,-0.5018495321273804
guided,CCOc1ncccc1C(=O)Nc1cc2c(cc1-c1nc3ccccc3s1)CCC2,-4.317897319793701
guided,COc1cc(/C=C/C(=O)O)cc(S(=O)(=O)NCCO)c1OC,-0.3596852123737335
guided,Cc1nnc(SCC(=O)Nc2nc3c(s2)CCCCC3)s1,-2.291834831237793
guided,[CH2+]CCCCC[C-]1C[C+]2[C][CH+][CH-][CH+][C-]2C(O)([c-]2[cH+][cH-][cH+][cH-][cH+]2)N1,-7.256933689117432
guided,[O][C](N[C]1[CH][CH][CH][CH][N]1)[C+]1[CH][CH][CH][N][C]1[S+]C[C][O-],-0.8818533420562744
guided,[CH2][N+](CCC[CH][C]([O-])[C]1[C]2C1C21[C][C]([C](C)[O-])[C](OC)[C](OC)[C]1[O+]C)C[C]1[CH][CH][C]([N+]([O])[O-])[CH][CH]1.[H+],-0.4976525902748108
guided,Fc1cccc([C@@H]2C[C@H](c3cccs3)Nc3nnnn32)c1,-3.3033065795898438
guided,Cc1cc(C)cc(C2=[S+]c3nc(C)c(C#N)cc3/C2=C(/[O-])Oc2ccccc2)c1,-2.3495209217071533
guided,CCCOc1cccc(CNS(=O)(=O)c2cc(C(=O)OC)n(C)c2)c1,-0.6386246085166931
guided,COc1cccc(OC(=O)[C@H](CC(=O)O)N2C(=O)c3ccccc3C2=O)c1,-0.33220282196998596
guided,CCCNC(=S)N1CCCC1,-9.566420555114746
guided,CCCCNC(=O)NS(=O)(=O)c1c(C)nc2[s+]ccn2c1[O-],-0.37311363220214844
guided,Cc1ccc(NC(=O)CCN2C(=O)[C@H]3CCCC[C@H]3C2=O)cc1C,-2.1646265983581543
guided,CN(C(=O)c1cc2ccccc2oc1=O)C1CCCC1,-3.7518599033355713
guided,CCc1ccc(C(C)C)c(Oc2cc(N3C=C(N)CC3)ncn2)c1,-2.998325824737549
guided,CCC(CC)CNC(=S)Nc1ccccc1,-8.316635131835938
guided,COc1cccc(CCC(=O)Nc2ccc(C(=O)O)cc2)c1,-1.4813146591186523
guided,COCCO[c-]1[cH+][c-]2[c+]([cH+][cH-][c+]3[cH-][cH+][cH-][cH+][c-]32)[c-]2[n-][c+]3[c+](N4CCN(C)CC4)[n-][cH+][n-][c+]3[c-]12,-2.336549758911133
guided,Cc1nn(Cc2ccc(Cl)cc2)c(C)c1/N=N/c1ccccc1C(=O)O,-3.130028009414673
guided,NS(=O)(=O)c1cccc(NCc2ccccc2F)c1,-1.4293502569198608
guided,NNc1nc(NC[C@H]2CCCO2)nc(OCc2ccc(Cl)cc2)n1,-0.45654061436653137
guided,C=CCn1c(N)cc(=O)nc1S[C@@H](C)C(=O)Nc1ccc(C(=O)OCC)cc1,-0.4571097195148468
guided,CCCCn1c(-c2nn(C)cc2Cl)n[nH]c1=S,-3.795628547668457
guided,CN(CCCl)CCCl,-12.306009292602539
guided,CO[c+]1[cH-][c+]([C+]2[N-][CH-][CH+][C-](OC)O2)[c-]2[cH+][cH-][cH+][cH-][c+]2[c-]1OC,-4.111233234405518
guided,Cc1cc(CN(C)Cc2c(O)ccc3ccccc23)on1,-4.223115921020508
guided,CNC[C@@H](O)CN1CCN(c2ccc(F)cc2)CC1,-5.019031047821045
guided,Cc1ccc(-c2noc(=O)n2CC(=O)N2CC(=O)Nc3ccccc32)cc1,-0.30830931663513184
guided,O=[N+]([O-])c1cccc([C@@H]2c3[nH]c4ccccc4c3CCN2Cc2cnn(Cc3ccccc3)c2)c1,-3.2754290103912354
guided,C/[C-]=C/C(=C/C=[O+]/C)NN(C(=O)c1ccccc1)c1cc(C)ccc1C,-5.461568832397461
guided,CCN1C(=O)C[C@@H](N2CCC(C(N)=O)CC2)C1=O,-0.7642694711685181
guided,COC(=O)c1ccc(OCCCCN2C[C@@H](C)O[C@@H](C)C2)cc1,-4.076590061187744
guided,O=C1Cc2cccc3cccc1c23,-9.25059986114502
guided,COc1ccc(CCNC(=O)C(=O)NC[C@@H]2OCCN2S(=O)(=O)c2ccc(Cl)cc2)cc1OC,-0.27787673473358154
guided,Cc1ccoc1C(=O)N(Cc1ccccc1)C(C)C,-6.7013373374938965
guided,COc1cc(/C=C/c2nc3ccccc3[nH]2)cc(OC)c1OC,-3.5781731605529785
guided,NS(=O)(=O)c1ccc(NC(=S)N2CCN(S(=O)(=O)c3ccccc3)CC2)cc1,-0.31210094690322876
guided,CCN1c2ccc(Cc3sc(=S)[nH]c3-c3ccc(Cl)cc3)cc2C[C@H]1C,-12.255743980407715
guided,O=C(/C=C/c1ccccc1)OCC(=O)c1cccn1-c1ccc(F)cc1,-4.780282974243164
guided,NNC(=O)/C(=C/c1cccs1)c1ccccc1,-3.0190811157226562
guided,O=C(O)CCCCSc1ccc(/C=C2/CC(=O)NC2=O)o1,-0.5251977443695068
guided,Cn1cc(Sc2ccccc2)c2ccccc21,-12.915605545043945
guided,Brc1cccc(-c2cc(Nc3ccc(N4CCOCC4)cc3)nc(-c3ccccc3)n2)c1,-6.654324054718018
guided,COc1cccc(CN(C)C(=O)/C=C/c2ccc(F)cc2)c1OC,-5.725879669189453
guided,CC(=O)[C@@H]1[C@@H](c2c(C)n(C)n(-c3ccccc3)c2=O)NC(=O)N[C@]1(O)C(F)(F)F,-0.3302256762981415
guided,O=C(c1cccs1)N1CCC(C(=O)N2CCCCC2)CC1,-5.131918430328369
guided,O=C(Nc1ccccc1C(=O)N1CCOCC1)c1ccccc1,-2.661936044692993
guided,COc1ccc2nc(NNC(=O)C/[S+]=c3\nc4ccccc4c([O-])n3CC(C)C)sc2c1,-0.7641665935516357
guided,CC(=O)Nc1c(/C=N/NC(=O)c2ccncc2)n(C)c2ccc(S(=O)(=O)N3CCOCC3)cc12,-0.23138871788978577
guided,COC(=O)c1cc(C)sc1NC(=O)c1ccccc1F,-3.4194529056549072
guided,COc1ccc(OCCSc2nnc(C)n2-c2ccc(F)cc2)cc1,-4.551994800567627
guided,CN(C)c1ccc(C(=O)Cc2cc(=O)oc3cc(F)c(F)cc23)cc1,-4.14233922958374
guided,CN(C)S(=O)(=O)c1ccc(N2CCCC2=O)c([N+](=O)[O-])c1,-0.40326690673828125
guided,CN1C(=O)C(/C(C#N)=C(\[O-])Nc2ccccc2)=C=[N+](C2CCCCC2)C1=O,-0.42349326610565186
guided,COc1ccccc1Cn1nnc(C(=O)NCc2cccs2)c1N,-0.3865050971508026
guided,O=C(CCN1CCN(Cc2ccccc2)CC1)Nc1ccccc1F,-5.933704853057861
guided,C/C(Oc1ccc(C(C)(C)C)cc1)=C(C(=O)O)/C(F)=C(\F)Cl,-6.022481918334961
guided,O=C(c1ccco1)N1CCN(CCCN2C(=O)c3cccc4cccc(c34)C2=O)CC1,-1.5171571969985962
guided,O=C(CS(=O)(=O)Cc1ccccc1)/N=C1\S[C@H]2CS(=O)(=O)C[C@H]2N1Cc1ccccc1,-0.41173362731933594
guided,CCCN1C(=O)/C(=N\OCC(=O)NCC(F)(F)F)c2ccccc21,-1.4795348644256592
guided,Cc1c(C(=O)N(Cc2ccccc2)C(C)C)oc2ccccc12,-7.587172031402588
guided,O=C(NCc1cccnc1)C(=O)NC[C@H]1OCCCN1S(=O)(=O)c1cc(F)ccc1F,-0.29242706298828125
guided,C[CH-]C[N@@+]1(CC)[CH-]C[C@@]2(C)/C(=C\CC1)Nc1ccccc12.[H+],-11.478622436523438
guided,CN(C)S(=O)(=O)c1nnc(-c2ccc([N+](=O)[O-])s2)n1-c1ccc(F)cc1,-0.5372810959815979
guided,NS(=O)(=O)c1ccc(O)c(NC(=O)c2cccs2)c1,-0.3397819995880127
guided,COc1ccc(OC)c(NC=C2C(=O)CC(c3cccs3)CC2=O)c1,-2.7679738998413086
guided,O=C(Oc1ccc2cc(Br)ccc2c1)c1nccc2ccccc12,-7.263747215270996
guided,CC(=O)c1ccc(N2CCN(S(=O)(=O)c3ccc4c(c3)NC(=O)CS4)CC2)cc1,-0.7160038948059082
guided,CCS[C@@H](C)COC(=O)[C@H](Oc1cccc2cccnc12)C(=O)O,-0.9043554067611694
guided,C[c-]1[cH+][c+](-[c-]2[cH+][cH-][c+](Cl)[cH-][cH+]2)n2[n-][c+](N3[C-]([O-])CC([C+](N)[O-])[NH+]3[C+]([O-])[c+]3[cH-][cH+][cH-]o3)[n-][c+]2[n-]1,-0.24851861596107483
guided,O=C(c1cc2ccccc2oc1=O)N1CCOCC1,-2.3130404949188232
guided,O=[N+]([O-])[C@@H](c1nc2ccccc2nc1C(F)(F)F)C(F)(F)F,-2.3762388229370117
guided,O=C(Nn1cnnc1)[C@@H]1CC(=O)N(c2ccccc2)C1,-0.8189954161643982
guided,OC[C@@H]([C@H](O)COc1cccc(Cl)c1-c1ccc2ccccc2n1)n1ccnc1,-1.6064249277114868
guided,Cn1c(/C=C\NCCCC[C@H](CC2CC2)C(N)=O)nc(=O)n(C)c1=O,-0.3755916357040405
guided,NC(=O)c1cnc(CSc2ccc(N)cc2)n1CCc1ccccc1,-1.0065009593963623
guided,NCCc1nnc2n1CCCCC2,-2.8378233909606934
guided,CC[CH-]CC(=O)/[O+]=C1/C=CC(S(=O)(=O)N2CCC(C)CC2)=CC1=O,-0.9594246745109558
guided,N#Cc1ccccc1CSC[C@@H](NC(=O)CCC(=O)O)C(=O)O,-0.37324637174606323
guided,COCC[C@H](C)NC(=O)C[C@@H]1Oc2ccccc2NC1=O,-0.9619219899177551
guided,CO[c-]1[cH+][cH-][cH+][c-]2[c+]1OCC1[C-]2[N-]N[C+]([O-])C1CC[C+]1[CH+][CH-][C+](SC)[CH-][CH+]1.[H+],-2.2293059825897217
guided,C=Cc1nc2c(CN(C)C[C@@H]3COCCO3)cccc2nc1CCOC,-2.8286900520324707
guided,CCCCCCCC[C@H](C)/C=N/O,-7.243135452270508
guided,CCOc1ccccc1NS(=O)(=O)NC(=O)c1c(-c2ccccc2)noc1C,-0.7870513200759888
guided,COC(=O)[C@H]1O/C(=C\C=C\c2ccccc2)N(Cc2ccco2)C(=O)C1(C)C,-2.4264676570892334
guided,N#Cc1ccc2c(c1)/C(=N\c1ccccc1F)c1cc(C(=O)NCC(=O)O)ccc1-2,-1.1744389533996582
guided,CCn1cc(C(=O)N2CCc3c(cccc3OC)C2)c(=O)c2cc(F)c(N3CCN(C(=O)c4ccco4)CC3)cc21,-1.4495751857757568
guided,Nc1c([N+](=O)[O-])c2nc3ccccc3nc2n1CCN1CCOCC1,-0.2790352404117584
guided,COc1ccc(CN(C)CCOc2ccccc2)c(OC)c1,-6.785372257232666
guided,N/C(=N\Oc1ccc2ccccc2c1)c1nc2ccccc2c(=O)n1CCCN1CCOCC1,-0.7297524213790894
guided,COCC[N+]1([C]([O])[C]2[CH][CH][C](C)[C](S([O])([O])N3CCO[C]4[CH][CH][CH][CH][C]43)[CH]2)[C]O1,-0.8007165193557739
guided,OC[C@]1(Cc2ccccc2)CCCN(Cc2ccc3occc3c2)C1,-6.588994026184082
guided,CN(C1CCCCC1)S(=O)(=O)/C=C/c1ccccc1,-5.874347686767578
guided,CC[C@@H](C)c1ccc(NC(=O)CN2CCN(CC=C(C)C)CC2)cc1,-6.440281867980957
guided,CC(=O)N1N=C(c2cccnc2)O[C@@H]1c1ccc(OC(C)C)cc1,-2.450103998184204
guided,COc1ccc(Oc2nccc(N)c2Cl)cc1,-3.127359628677368
guided,CCNS(=O)(=O)c1ccc(CCC(=O)NCc2ccco2)cc1,-0.5516108274459839
guided,O=C(Cn1c(=O)oc2ccccc21)NNC(=O)c1cccnc1,-0.21496085822582245
guided,CCN(CCO)Cc1csc2cccc(Cl)c12,-8.361272811889648
guided,C[C-]1[CH-][C+](CNCC[C+]([O-])O)N[C-]2[C+]1CS[c-]1[cH+][cH-][cH+][cH-][c+]12,-1.6956207752227783
guided,CCNCC(=O)OCC(=O)NC1=[S+]C=C/C1=C(\[O-])NC(N)=O,-0.45228779315948486
guided,O=c1[nH]c(=S)n(C2CCCCC2)c(O)c1/C=N/n1cnc2ccsc2c1=O,-0.7399755716323853
guided,O=C(COc1ccccc1Cl)Nc1nc(-c2cccs2)cs1,-4.769891738891602
guided,Nc1cc(N)nc(SCC(=O)Nc2cccc3ccccc23)n1,-0.5135074257850647
guided,O[C@@H](CN1CCOCC1)Cn1c2ccccc2c2ccccc21,-5.37376070022583
guided,CC(C)(C)NNC(=O)CCC1CCCCC1,-5.23093843460083
guided,CCCN1CCN(CCNC(=O)c2ccc(OC)cc2)CC1,-4.146906852722168
guided,COc1ccc(N2CCN([C@H](c3cccc(OC)c3)c3nnnn3C3CCCC3)CC2)cc1,-2.3804540634155273
guided,CCOc1ccccc1C(=O)NCCc1nc2[s+]c(C)c(C)c-2c([O-])[nH]1,-0.835440993309021
guided,NS(=O)(=O)OCCCc1ccccc1,-1.5284286737442017
guided,CCCCn1c(-c2cccs2)nc2ccccc2c1=O,-6.608554363250732
guided,O=C(O)CSCC(=O)NNC(=O)/C=C/c1ccc([N+](=O)[O-])cc1,-0.3904118239879608
guided,CCN(CC(=O)Nc1ccc2ccccc2n1)CC(=O)Nc1ccc(Cl)cc1Cl,-2.5187838077545166
guided,CCOc1ccccc1NC(=O)Nc1cnc(NC(=O)c2c(OC)cccc2OC)cc1C,-1.9204634428024292
guided,CCc1cc(O)c2c(=O)cc(-c3cccs3)oc2c1,-4.349828243255615
guided,Cc1cc(CNC(=O)CN2C(=O)COc3ccc(S(=O)(=O)N4CCc5ccccc5C4)cc32)no1,-0.32020193338394165
guided,CCOc1ccccc1[C@@H]1c2[nH]c3ccccc3c2C[C@@H]2C(=O)N(CC3CC3)CC(=O)N12,-2.630244731903076
guided,N/C(CCc1ccccc1)=N\OC(=O)c1ccc(Br)cc1,-2.676164150238037
guided,CO[C@@H](C#CCN1CCC[C@@H](c2ccccc2)C1)CCC(C)C,-11.305294036865234
guided,CCNC(=S)N(Cc1ccccc1)Cc1cc2c(C)ccc(C)c2[nH]c1=O,-4.819052219390869
guided,COc1cccc(C(=O)[C@H]2CCCN(Cc3ccc(C)o3)C2)c1,-5.268031120300293
guided,CN(C1CCCCC1)S(=O)(=O)c1cccc2nsnc12,-2.3576202392578125
guided,CCC(=O)NC(=S)Nc1cc(S(=O)(=O)N(C)C)ccc1C,-0.9807099103927612
guided,CCC(=O)N/N=C/c1cccc([N+](=O)[O-])c1,-0.7164470553398132
guided,CCn1c(NCc2cccc(Cl)c2)nc2ccccc21,-7.815529823303223
guided,Fc1ccc(CN2CC[N+](=NO/C=[C-]\c3cc[c-]cc3)CC2)cc1.[H+],-7.480593681335449
guided,Cc1ccc(=N[C@H](/C=[NH+]/N=C2\CCCc3ccccc32)C(=O)N/N=C/c2ccccc2OC(C)C)[cH-]c1,-0.8222701549530029
guided,S=c1[nH]c2cccnc2[nH]1,-4.402451992034912
guided,Cn1c(=O)n(CC(=O)N2CCN(c3ccc(F)cc3)CC2)c2ccccc21,-3.386692762374878
guided,[CH2-][C@H]1C[O+]=N/C1=C(\N=N\c1ccccc1)C(=O)OCC,-1.8027125597000122
guided,Fc1ccc(-c2ccc(OCCN3CCOCC3)cc2)cc1,-8.55048656463623
guided,[O-][S@+](CCc1ccncc1)Cc1ccccc1,-5.736279487609863
guided,O=C(C1CC1)N(Cc1ccco1)c1ccc(O)cc1,-3.4748153686523438
guided,N#Cc1ccccc1CSc1nnc(N)n1-c1ccccc1,-1.2775065898895264
guided,CSc1ccc(C(=O)Nc2nc3c(s2)CN(C)CC3)cc1S(=O)(=O)N1CCCC1,-1.0922818183898926
guided,CCCn1nc(C(=O)Nc2cccnc2)c2ccccc2c1=O,-1.1712377071380615
guided,CCCONC(=O)N/C=N/OC,-1.491550326347351
guided,COc1cc([C@@H]2N[C@H](C(=O)O)Cc3c2[nH]c2ccccc32)c(OC)c2c1OCCO2,-0.597188413143158
guided,CN(C)S(=O)(=O)N1CCc2ccccc21,-4.781980037689209
guided,O=C(Nc1cc(C(=O)O)c(NCCOCCOc2ccc(Cl)cc2)cc1OCCOCc1ccccc1)c1cccs1,-3.959728479385376
guided,Cc1ccc(/[S+]=C2/C=CC=C/C2=C(\[O-])O)c(C)c1,-4.597762584686279
guided,CCCCN(c1cccc(O)c1)S(=O)(=O)c1ccc2c(c1)NC(=O)[C@H](C)C(=O)N2,-0.7305752038955688
guided,COc1ccccc1N(CC(=O)NCc1ccncc1)S(=O)(=O)c1ccc(C)cc1,-0.832219123840332
guided,CCNC(=S)NCc1ccccc1,-7.673927307128906
guided,CN(CC(=O)Nc1cc(S(=O)(=O)N(C)C)ccc1Cl)C(=O)c1ccc2ccccc2c1,-1.2060191631317139
guided,Cc1ccc(-n2c(C)cc([C@H]3N=C(N)Nc4nc5ccccc5n43)c2C)c(C)c1,-2.5693318843841553
guided,CO[c-]1[cH+][c-]2[cH+][cH-][cH+][cH-][c+]2[cH-][c+]1[C-]([O-])N[C+]1[CH+][CH+][CH+]C[C+]1[C][N-2],-1.9913040399551392
guided,COc1cc(/C=N/NC(=O)c2cccc(Cl)c2)cc(Br)c1O,-2.199672222137451
guided,Cc1ccc(OCC#Cc2cccc(/C=C3\Oc4ccccc4NC3=O)n2)cc1,-3.435945749282837
guided,N[S+2]([O-])([O-])[c-]1[cH+][cH-][c+](C[N-][C+]([S-])N[CH+]N([C-]([O-])[N-]CC[C+]2[CH+][CH+][CH-][CH+][CH-]2)C2CC2)[cH-][cH+]1,-0.44475027918815613
guided,[O-][S@+](Cc1ccc(Br)cc1)Cc1nnc(SCc2ccccc2)n1-c1ccccc1,-5.819162368774414
guided,Cc1cccc(OCC(=O)NC[C@H](c2cccs2)N2CCOCC2)c1C,-3.725151538848877
guided,CN(C)[C@@H](CNC1CCN(Cc2ccccc2)CC1)c1ccccc1,-9.386343955993652
guided,COc1ccc(/C=C2\NC(=S)NC2=O)cc1Br,-3.5214905738830566
guided,CN(C[C@H](Cc1ccccc1)N(C[C@@H](Cc1ccccc1)N(CCCCCC(=O)Nc1cccc(F)c1)N=O)N=O)N=O,-3.5727005004882812
guided,CCOC(=O)N1CCN(/C(=C\c2ccc3c(c2)OCO3)c2ccccc2)CC1,-4.127004146575928
guided,C[c-]1[cH+][cH-][cH+][c-]2[cH+][c-]3[c+](N[C-]([O-])[C+]4[CH+][CH-][CH+][C-]([C][CH+][c-]5[cH+][cH-][cH+][cH-][cH+]5)[CH+]4)[n-]n(C)[c+]3[n-][c+]12,-2.388766288757324
guided,COc1ccc(Cn2c(CCNC(C)=O)nc3ccccc32)cc1,-3.016735315322876
guided,Clc1ccc(OCCCc2c[nH]c3ccc(Cl)cc23)cc1,-9.873915672302246
guided,CCC(=O)N1CC[C@H](N(C(=O)c2ccccn2)c2ccc(C)cc2)c2ccccc21,-4.878698825836182
guided,CCCCc1ccc(OC[C@H](O)Cn2nc(C)cc2C)cc1,-4.45782470703125
guided,CC(=O)Nc1ccc(S(=O)(=O)Nc2ccccc2N2CCOCC2)cc1Cl,-0.8979098200798035
guided,C[C@@H]1CCCN(S(=O)(=O)c2ccc3c(c2)n(C)c(=O)c(=O)n3C)C1,-0.7509112358093262
guided,[S-][C+](N[N-][CH-][C+]1[C][CH-][CH+][C-](Br)[CH+]1)N[c+]1[cH-][cH+][cH-][cH+][cH-]1,-5.829585075378418
guided,CCOC(=O)NNS(=O)(=O)c1ccc(/C(C)=N/NC(=O)C2CC2)cc1,-0.36443832516670227
guided,CNC(=O)N/N=C\c1c(O)ccc2ccccc12,-1.2782291173934937
guided,N#C[C@@H](CC(=O)Nc1ccccc1)NCc1ccco1,-1.0583381652832031
guided,COc1ccc2c(c1)c(C(=O)N/N=C/c1cccn1C)c(C)n2C,-2.497171401977539
guided,[S-][C+](NCC[c-]1[cH+][cH-][cH+][cH-][cH+]1)N1CCN([C-](NC2CCCCC2)N2CCCCCC2)CC1,-6.772713661193848
guided,N#Cc1cc(N)ccc1N1CCc2ccccc2C1,-3.4068078994750977
guided,COc1ccc(NC(=O)NCc2cc(=O)n3ccsc3n2)cc1,-0.6944901347160339
guided,CCCCSCCCNC(=O)c1cc2c(=O)[nH]c3ccccc3c2s1,-3.5255072116851807
guided,CCN(/N=C/c1cnc2ccccc2c1)C1=NC(=O)N(c2ccccc2)C1=O,-1.574305772781372
guided,O=S(=O)(c1cccc(C(F)(F)F)c1)N1CCN(C(=S)NCc2ccco2)CC1,-2.127380132675171
guided,S=c1[nH]nc([C@@H](c2ccccc2)C2CCCCC2)o1,-6.068268299102783
guided,NS(=O)(=O)c1ccc2ccccc2c1,-2.3339359760284424
guided,CCCC(=O)n1c(=O)[nH]c2cc(C(=O)NCc3ccco3)ccc21,-0.5048336386680603
guided,CCn1c(SCC(=O)NCCc2ccccc2)nnc1[C@H](C)NC(=O)c1ccccc1,-1.0300884246826172
guided,O=C(c1ccccn1)c1nnc(-c2ccccc2F)o1,-1.768087387084961
guided,C[C@@H]1CN(CCOc2ccc(Cl)cc2)C[C@@H](C)O1,-8.414572715759277
guided,CC(C)NC(=O)N[C@@H](C)C(=O)NC[C@H](NC(=O)c1ccco1)c1cccs1,-0.4290304481983185
guided,O=C(c1cccnc1)N(c1ccccc1)c1ccccc1[N+](=O)[O-],-2.0707435607910156
guided,Cc1cc(NC(=O)[C@H](C)SC(=O)NCC(C)C)no1,-0.9274628162384033
guided,COc1ccc([C@H](c2c(C)n(C)n(-c3ccccc3)c2=O)c2cccc3cccnc23)cc1Br,-6.590725898742676
guided,COCCNC(=O)CCc1c(C)n[nH]c1C[C@H](C)O,-0.6129242181777954
guided,[O+]#Cc1ccccc1-c1[c-]cc(CN2CCC[C@@](CO)(CCc3ccccc3)C2)cc1,-6.3838677406311035
guided,O=[N+]([O-])c1ccccc1/C=N/OCc1ccccc1F,-2.56339955329895
guided,CCCCCN(CC)C[C@H]1CNCCN1c1ccc(F)c2ccccc12,-9.908740997314453
guided,O=C(Cc1ccccc1)N[C@H](Cc1c[nH]c2ccccc12)C(=O)O,-0.9824883937835693
guided,COc1ccc(N2CCN(c3ccc(N4CCN(C(C)=O)CC4)cc3)CC2)cc1,-5.240120887756348
guided,CCC(=O)NC(=S)Nc1ccc(C)cc1C,-5.02967643737793
guided,COc1ccc([C@@H]2[C@H]3C(=O)N(CCc4ccccc4)C(=O)[C@H]3ON2c2ccccc2)cc1-c1ccccc1,-4.839456558227539
guided,C/C(Cc1cccs1)=N\NC(=S)NC1CCCCC1,-6.187520503997803
guided,O=C(/C=C/c1ccccc1)OC1CCCCC1,-7.9615888595581055
guided,Cc1nc(CN(C(=O)[C@@H]2CCC(=O)N(CC3CCCCC3)C2)c2ccccc2)no1,-1.781644344329834
guided,C/C(=N/OC(=O)c1ccc(-c2ccccc2)cc1)c1ccc([N+](=O)[O-])cc1,-2.561217784881592
guided,O=C(O)C[C@H](CC(=O)Nc1ccc(Cc2ccncc2)cc1)c1ccccc1,-2.099529266357422
guided,CCOC(=O)/C(=C\c1ccc(C)cc1)NC(=O)c1ccccc1,-3.453434467315674
guided,CC[C@@H](C(=O)Nc1cccc(OC)c1)n1nc(C)c2c(C)n(-c3ccccc3)nc2c1=O,-1.2805297374725342
guided,COCc1cc(=O)[nH]c(/N=C(\N)Nc2ccc(OC(F)(F)F)cc2)n1,-0.46146634221076965
guided,CN(C)CCCCOc1cccc2cccnc12,-7.669349193572998
guided,CCOc1cccc(-c2cn(-c3ccccc3OC)c(=S)[nH]2)c1,-6.4992451667785645
guided,CN(C)CC(=O)Nc1ccc2ccccc2c1,-6.165627956390381
guided,O=C(Cc1ccccc1)N1CCN(C(=O)[C@@H]2COc3ccccc3O2)CC1,-2.4322664737701416
guided,O=C(NCC1(N2CCCCC2)CCCCC1)c1ccc(OC(F)F)cc1,-5.9079155921936035
guided,COc1cc(/C=C2/SC(=O)N(C)C2=O)ccc1OCC(=O)Nc1cccc(C(F)(F)F)c1,-1.9666218757629395
guided,Cc1cccc(-c2nc(C)c(CCNC(=O)c3ccco3)o2)c1Oc1ncccn1,-1.430221438407898
guided,Cc1ccc2cccc(OCC(=O)Nc3ccc4c(c3)OCO4)c2n1,-2.017557382583618
guided,[H]/[O+]=C\c1ccc2ccccc2c1.[O-]P(c1ccccc1)c1cccc(Br)c1,-5.712436199188232
guided,COc1ccccc1[C@@H]1C=COC(C)=C1C(=O)OC(C)C,-4.930567741394043
guided,COC(=O)C1=C(C)N=C2SC(C(=O)N/N=C/c3ccccc3)=C(C)N2[C@H]1c1ccc(O)c(OC)c1,-1.182497501373291
guided,COC(=O)Cc1c(C)[nH]n(-c2ccccc2)c1=O,-1.9590973854064941
guided,CC(c1ccccc1)c1ccccc1,-13.868410110473633
guided,CC(=O)Nc1c(C(=O)/C=N/NC2=[N+]=c3ccccc3=C3N=CC=C23)nc(=O)n(C)c1[O-],-0.2684799134731293
guided,F[c-]1[cH+][cH-][c+](C[N-]CCCN2CCCC2)[c-](F)[cH+]1,-9.625600814819336
guided,[H+].[H+].[H+].[O-][C+](O)[C-]1[CH+][CH-][C][C+]2[C+]1N1[C-]3[C+]([C][C]CCCCC31)C21OCCO1,-2.0737667083740234
guided,CCOC(=O)Cc1ccc(OCC)cc1OCC,-4.472873210906982
guided,CN(C)S(=O)(=O)c1ccc([C@@H](O)CN2C(=O)NC(C)(C)C2=O)cc1,-0.366879940032959
guided,COCCCn1c(SC2CCCC2)nc2ccc(NC(=O)c3ccc(C)cc3)cc2c1=O,-3.15069842338562
guided,C=C(CC[N-]Cc1ccc(Cl)c(CNc2ccccc2F)c1)C(=C1C=C[CH+]C=C1)c1ccccc1,-14.515464782714844
guided,Cc1cccc(C)c1NC(=S)NCCCSCC1CCCCC1,-9.90841007232666
guided,CC[O+]1c2c(N([O-])[O-])cc3c(c2O[C@H](C)[O+]1C(=O)C1=C/[N+](=N\C=O)N(c2ccccc2)C1)[C@@H]([O-])c1ccccc1N3,-1.3602477312088013
guided,COCCCNC(=S)NC1CCCC1,-6.068004131317139
guided,CN(CC(=O)NCC#Cc1ccccc1)S(=O)(=O)c1cccc2cccnc12,-0.889030396938324
guided,CN(CC(=O)Nc1ccccc1)CC(=O)Nc1ccccc1-c1ccccc1,-3.110860824584961
guided,Oc1c(Br)cccc1Sc1ncccn1,-4.545496463775635
guided,O=c1cc(N2CCN(c3ccc(O)cc3)CC2)[nH]c(=O)n1-c1ccc(Br)cc1,-0.957828938961029
guided,CO[C]1[CH][C](CN[C+]([O])[C]2[CH][CH][C](OC)[C](N([O-])[O-])[CH]2)[CH][CH][C]1OC(C)C,-0.6584964394569397
guided,O=C(Cn1nc(-c2ccc([N+](=O)[O-])cc2)c2ccccc2c1=O)NCCO,-0.2663176655769348
guided,O=C(Cn1cc(/C=N/NC(=O)c2ccccc2C(=O)O)c2ccccc21)Nc1c(F)cccc1F,-1.3775466680526733
guided,[CH2+]CC[N+](C[CH][C]([O-])[O+][C]1[C][CH][CH][C](C)[CH]1)[C]([O-])[C]1[CH][C]([O])N[C]([O])C1,-0.5031368136405945
guided,COCCn1/c(=N/C(=O)CCC(=O)O)sc2cc(Oc3ccccc3)ccc21,-1.0884860754013062
guided,CCNC(=S)N1CCNC(=O)[C@H]1CC(=O)OC,-1.5338091850280762
guided,COCCn1c(SCC(=O)NC(C)(C)C)nc2c(sc(=S)n2Cc2ccccc2)c1=O,-1.7383520603179932
guided,S=C(NCc1ccco1)NC1CC1,-5.3913960456848145
guided,Brc1cc2c(cc1CN1CCOCC1)OCO2,-6.445291996002197
guided,O=[N+]([O-])c1cccc(C2=[O+]/C(=[S+]/Cc3ccccc3N([O-])[O-])N=N2)c1,-0.7644359469413757
guided,Cc1cc2oc(C(=O)N[C@@H]3CCS(=O)(=O)C3)c(C)c2cc1C,-1.239897608757019
guided,C[C@@H](C(=O)c1cccn1C)n1cnc2ccccc2c1=O,-2.7387118339538574
guided,CC(=O)c1ccccc1OCc1ccc(C(=O)c2cccs2)cc1,-6.0293378829956055
guided,COCc1cc(-c2ccccc2)n(Cc2ccccc2)c(=O)c1C#N,-3.628765344619751
guided,CC1([C][N-]N[C+]([S-])[N-][N-][C+]2[C][CH+][CH-][CH+][C][CH+][CH+][CH+][C]CC2)CC1.[H+],-4.55551815032959
guided,Brc1ccccc1/C=N/N1CCCCC1,-9.941818237304688
guided,CO[c+]1[cH-][c+](N[CH-]N[S+2]([O-])([O-])[c+]2[cH-][cH+][c-](N3[C+]([O-])CC[C+]3[O-])[cH+][cH-]2)[c-](C)[cH+][c-]1OC,-0.27762678265571594
guided,CN(C)CCCN(C(=O)COc1ccc(Cl)cc1)c1nc2c(Cl)cccc2s1,-5.866464614868164
guided,COc1cc(Br)ccc1S(=O)(=O)N1CCCOC1,-2.877406120300293
guided,[CH2-]N1CCCCCC1,-12.289722442626953
guided,O=C(Cc1cccc(C(F)(F)F)c1)N1CCCC1,-8.781044006347656
guided,C[C]1[N]N(C[C+]([O])OC[C]([O])NC(C)[C]2[CH][CH][CH][CH][CH]2)[C](C)[C]1N([O-])[O-],-0.5409446358680725
guided,Nn1c(SCC(=O)NCc2ccco2)nnc1-c1ccccn1,-0.26632821559906006
guided,COc1cccc(C(=O)O)c1OC(=O)Cc1cccs1,-1.5250962972640991
guided,O=C1C[C@@H](NCc2cccc3ccccc23)C(=O)N1c1ccccc1,-4.115378379821777
guided,C[C@H]1CN(C[C@@](C)(C(=O)c2cccc(C(F)(F)F)c2)c2ccccc2)C(=O)O1,-5.563363552093506
guided,CC(C)(C)[C-]([O-])[N-][C+]1[CH+][CH+][CH-][CH+][C-]1[C][N-][C+]([N-][C][O-])[c+]1[cH+][cH+][cH+][c+]2[cH-][cH+][cH-][cH+][c-]12,-1.6315557956695557
guided,CCCC(=O)Nc1nn(-c2ccccc2)c2nc3ccc(C)cc3cc12,-3.897538661956787
guided,COc1cc2c(cc1OC)[C@H](C)N(C(=O)Sc1ccc3ccccc3n1)CC2,-5.209791660308838
guided,Cc1cc(NC(=O)C/[S+]=c2\nc(NS(=O)(=O)c3ccc(Cl)cc3)cc([O-])[nH]2)n[nH]1,-0.32312166690826416
guided,CCCC(=O)NCC(=O)Nc1nn(-c2ccccc2)nc1C(N)=O,-0.31139862537384033
guided,[H]/[O+]=C/CCC[CH-]C[C@@H](NC)C(=O)c1ccccc1,-3.64570951461792
guided,C[C@@H]1CN(Cc2nc3c(c(=O)n(C)c(=O)n3C)n2CCc2ccccc2)C[C@H](C)O1,-1.099880337715149
guided,CCC(=O)NCCCN(C)Cc1ccccc1,-6.161606311798096
guided,COc1ccc2c(c1)C(=O)C(=O)N2C(C)(C)C,-4.038496971130371
guided,CO[C-]1[CH+][CH-]O[c+]2[cH-][cH+][c-](-[c+]3[cH-]s[c+](-[c+]4[cH-][cH+][cH-][cH+][cH-]4)[n-]3)[cH+][c-]21,-7.577831745147705
guided,O=C(Cc1ccccc1)N/N=C/c1ccco1,-2.9834086894989014
guided,O=C(N[C@@H](Cc1c[nH]c2ccccc12)C(=O)O)c1ccccc1,-1.023533821105957
guided,S=c1[nH]nc(COc2ccccc2)n1C1CCCCC1,-5.5546770095825195
guided,CN(Cc1ccncc1)[C@H]1CC(=O)N(c2ccc(Cl)cc2)C1=O,-3.262324810028076
guided,CN(C)[S@@]1(#[O+])O[C@H]([O-])[C@@H](OC(=O)c2cccs2)/C([O-])=c2/cn/c(c(C#N)c2)=[S+]/CC(=O)Nc2cc1ccc2Cl,-0.24469658732414246
guided,COc1c(C)cccc1C(=O)Nc1ccccc1N1CCOCC1,-3.786249876022339
guided,[CH2-][CH+]C1[C-]([CH-][C]C)[CH+][CH-][C+]2O[N-][C+]([C+]([O-])C[C+]([O-])[C+]3[CH+][CH-][C+](O)[CH-][CH+]3)[C-]([O-])N21,-0.529063880443573
guided,CCN(CC)C/C=C/c1cc2ccccc2n(C)c1=O,-7.679020404815674
guided,O=C(/C=C(/C/C=C/c1ccccc1)C[C@@H]1CCCCO1)c1ccco1,-7.331490516662598
guided,O[C@@H]1CCCN(Cc2cccc(Cc3ccccc3)c2)C1,-8.256987571716309
guided,C/N=C([O-])\[N+](C)=C/CO[C@@H]1CCC(=O)NC1,-1.1136268377304077
guided,[CH2-]CCC=C=[O+]CCCN(CC(=O)O)Cc1ccccc1,-3.5095996856689453
guided,[O][C](N[P]([O])([C]1[CH][CH][CH][CH][CH]1)[C]1[CH][CH][CH][C](N([O-])[O-])[CH]1)[C+]1[CH][CH][CH]O1,-0.9017578363418579
guided,Cc1ccc(NC(=S)NNC(=O)c2c(Cl)cnn2C)cc1,-1.5505430698394775
guided,COCCSc1nc2ccc(C)cc2n1C[C@@H](C)O,-4.068283557891846
guided,[CH2-][C-]1[CH+]S[C+]2[N-][CH+][N-][C+](SC[C-]([O-])N3CCN([c+]4[cH-][cH+][c-](OC)[cH+][cH-]4)CC3)[C+]21,-2.2501766681671143
guided,N/C(=N\O)[C@H](Cc1ccc(Cl)cc1)OC[C@H](O)CN1CCCC1,-0.4925028383731842
guided,O[C@H](C#CCN1CCOCC1)c1ccc(F)cc1,-6.036752223968506
guided,Cc1cccc(NS(=O)(=O)N2CCCCCC2)c1,-3.835569143295288
guided,COc1ccccc1N1CCN([S@@](=O)([O-])=C=CC=C=C2C=CC(=O)[NH+]=N2)CC1,-0.31600481271743774
guided,O=C(NNC(=O)c1cccnc1)Nc1ccc([N+](=O)[O-])cc1,-0.33806222677230835
guided,O=C(NCO)c1ccccc1Cl,-3.6421427726745605
guided,COCCCn1c(-c2cccs2)nc2cccnc21,-5.3931050300598145
guided,N#Cc1nc(COc2ccc(Br)cc2)oc1NCc1cccnc1,-1.6317236423492432
guided,NNC(=O)c1ccc2c(c1)C(=O)N(CCC1=CCCCC1)C2=O,-0.5276494026184082
guided,C[C@H](NC(=O)[C@@H]1CC(=O)N(c2ccc(F)c(Cl)c2)C1)C(=O)NCc1ccco1,-0.5842339992523193
guided,CCOCC(=O)N1CCN(c2ccc(F)cc2)CC1,-6.031165599822998
guided,COC(=O)c1sccc1NS(=O)(=O)c1ccc(Cl)cc1,-1.7507094144821167
guided,CN(C)C12N[C-](CN[c+]3[cH-][cH+][cH-][c+](C(F)(F)F)[cH-]3)[N-]C3C14[O+](C)C324,-4.368893623352051
guided,CCOC(=O)c1cccc(NC(=S)Nc2ccc(C(C)=O)cc2)c1,-2.6801934242248535
guided,COc1ccc(NC2=NCCS2)cc1OC,-4.627017021179199
guided,COc1ccc(OC)c(S(=O)(=O)N[C@@H]2CCN(Cc3ccccc3)[C@H]2c2nccn2C)c1,-0.8148464560508728
guided,COCCCNc1nc(Nc2ccccc2)[nH]c(=O)c1C(=O)OC,-0.355403870344162
guided,O=C(c1ccco1)N1CC[C@@H](O)C1,-3.106595277786255
guided,COC(CNS(=O)(=O)c1ccc(C)cc1)OC,-1.9351834058761597
guided,CCC[C@H](CC)C(=O)OCC(=O)Nc1cc(Cl)cc(Cl)c1,-4.182605743408203
guided,CCc1cc(C)cc(N2CCNCC2)n1,-6.873941898345947
guided,Cc1cc2ccccc2n1-c1ncc2c(n1)NC(=O)[C@H](C)C2(C)C,-3.0933213233947754
guided,COc1cc(C(F)(F)F)ccc1NCC(=O)NNCC(C)C,-2.3409361839294434
guided,COc1ccccc1N1CCN(/N=C/C=C\c2ccccc2[N+](=O)[O-])CC1,-2.0318667888641357
guided,Nc1ccc(-n2c(-c3ccc(Cl)cc3)n[n-]/c2=[S+]\CC(=O)N[C@H]2[CH-]C2)cc1.[H+],-0.77198326587677
guided,Cc1cc(C)c2[nH]c(C)c(CN3CCSCC3)c(=O)c2c1,-5.953511714935303
guided,CCC(=O)NC1=C/C(=C(/[O-])NC(C)C)C=C/C1=[S+]\C,-2.070669412612915
guided,FCCN1CCN(Cc2cccc3c2CCCCC3)CC1,-11.855066299438477
guided,CCO[C@H]1OC(C(=O)NC2CC2)=C[C@@H](c2ccc(F)cc2)[C@@H]1CCCO,-2.0883448123931885
guided,C[P@](=S)(NNC(N)=S)Oc1ccccc1,-2.4456043243408203
guided,N[C-]([O-])[CH+][CH+][CH-][N-][C+]1[CH+][CH-][CH+][c-]2[cH+][cH-][cH+][cH-][c+]21.[H+],-2.081861734390259
guided,O=Cc1ccccc1NC(=S)Nc1ccccc1F,-5.431024074554443
guided,COCCCN(C(=S)Nc1cc(C)ccc1C)[C@@H](C)c1ccccn1,-6.70698881149292
guided,O=C(NNS(=O)(=O)c1ccccc1)c1ccccc1NS(=O)(=O)c1ccc(Cl)cc1,-0.6848106980323792
guided,COc1ccc(CN2CCN(CC3CC3)C[C@@H]2CCO)cc1C,-5.694327354431152
guided,CCCN1CCC(=O)N([C@@H](CCSC)CSc2ccc(Br)cc2)CC1,-9.26041030883789
guided,CCCOc1ccc([C@@H](O)c2ccc(N(C)C)cc2)c(Br)c1,-7.375821590423584
guided,CC[C@@H]1CCCCN1[P@](=O)(OC(C)C)c1ccc(N(C)C)cc1,-7.321799278259277
guided,CN(C)c1cccc(N2C(=O)C[C@@H](Nc3ccc(N4CCOCC4)cc3)C2=O)c1,-1.996925950050354
guided,CN(C)c1ccc(/N=C2/NC(=O)c3c2c(=O)n(C)c(=O)n3C)cc1,-0.4485551714897156
guided,Nc1c(-c2ccc(Cl)c(Cl)c2)nnn1-c1ccccc1,-3.659834623336792
guided,N#C/C(=N\Nc1ccc(F)cc1)C(N)=S,-1.301297664642334
guided,NC(=O)c1ccccc1NS(=O)(=O)c1cccc2cccnc12,-0.3978336453437805
guided,COc1ccc(C(=O)[C@H](O)[C@H](c2cc3ccccc3oc2=O)N2CCOCC2)cc1OC,-0.4418482482433319
guided,N[C@@H](CC(=O)OC1CCCCC1)C(=O)OC1CCCCC1,-1.3544150590896606
guided,Cc1ccc(C(=O)N[C@H]2C(=O)NN[C@@H](C(=O)O)C2(C)C)cc1,-0.3833191394805908
guided,O=c1ccc(COc2nc(Nc3cccc(F)c3)nc(N3CCOCC3)n2)n[nH]1,-0.2654186487197876
guided,CC(C)NC(=O)NCCCN1CCN(c2ccc(C#N)cc2)CC1,-1.4018123149871826
guided,O=S(=O)(c1cnc[nH]1)N1CCN(c2ccccc2Cl)CC1,-1.5276015996932983
guided,COCC(=O)OCC(=O)c1cccnc1,-1.8520617485046387
guided,Cc1ccc(S(=O)(=O)O/N=C2/CCSc3ccccc32)cc1,-3.589611291885376
guided,O[C@@H]1CO[C@H]2[C@@H]1OC[C@H]2O,-2.707412004470825
guided,CC(=O)C1=C(Nc2ccc(F)cc2)C[C@@](C)(O)C2(C(=O)NC(=O)NC2=O)[C@H]1C,-0.3717493414878845
guided,CN(/N=c1\sc2ccccc2n1C)C(=S)NCc1ccc(F)cc1,-6.541707992553711
guided,CC(=O)N/N=C(\c1ccc(C)cc1)c1cccs1,-5.0680131912231445
guided,O=C(C[C@H](C(=O)c1ccccc1Cl)c1ccc(OCc2c(F)cccc2Cl)cc1)c1ccc(F)cc1,-10.608194351196289
guided,Cc1ccc(-n2nc(CN3CCOCC3)c(-c3ccccc3)c2N)cc1Cl,-3.709503173828125
guided,O=c1c(CN(CCO)CCc2ccccc2)cn(-c2ccccc2)n1-c1ccccc1,-4.253899097442627
guided,CNc1c(-c2ccccc2)c(-c2ccccc2)nc2nc(C)nn12,-3.784940719604492
guided,COc1cc2c(c3sc(N(CCN4CCOCC4)C(=O)[C@@H]4CCCO4)nc13)CCCC2,-2.42950177192688
guided,O=C(/C=N/O)CCCCCCN1CCCCC1,-3.5175764560699463
guided,O=C(CCS(=O)(=O)c1cccc2nsnc12)N1CC(=O)N(CCc2ccccc2)C(=O)C1,-0.2782990634441376
guided,CCC(=O)N(c1ccccc1)[C@H]1C=CS(=O)(=O)C1,-2.9933102130889893
guided,O=c1c2ccccc2n2cnnc2n1Cc1ccccc1Cl,-3.5253498554229736
guided,CN(C)c1ccnc2sc3c(NCCc4ccccc4)ncnc3c12,-3.9679324626922607
guided,CC(=O)C1=NO[C@@H](CNc2ncc(C(F)(F)F)cc2Cl)C1,-2.5275745391845703
guided,CC(C)(C)C(=O)NCC(=O)N1CCC[C@@H](Nc2ccc(F)cc2)C1,-2.46138334274292
guided,CC(O)CN(CCO)C[C]1[CH][CH][C](OC(C)[C+]([O])O)[C](N([O-])[O-])[CH]1,-0.5070370435714722
guided,CCCCCn1c(=O)[nH]c2cc(C(=O)Nc3ccc(OC)cc3)ccc2c1=O,-0.8702264428138733
guided,Cc1[nH]c2ccc([C@@H]3CC(c4ccccc4)=NN3C(=O)Cc3ccccc3)cc2c1C,-6.376937389373779
guided,COc1ccc(CNCCC/[S+]=C(\[O-])Cc2ccccc2)cc1OC,-3.0800721645355225
guided,Cc1cc(NC(=O)COC(=O)CSCC(=O)C(C)(C)C)no1,-0.4451432228088379
guided,CS(=O)(=O)NCCCN1CCN(c2ccc(F)cc2)CC1,-3.099107503890991
guided,O=c1[nH]nc(SCc2ccccc2Cl)n1C1CC1,-3.837815999984741
guided,CO[C][c+]1[c+]([O-])n([C+]2[CH+][CH-][CH+][CH-][C+]2F)[c-]([O-])n1[C-]1CCCCC1.[H+].[H+].[H+].[H+].[cH+]1[cH-][cH+][c-]([N-]CC2CCCCC2)[cH+][cH-]1,-4.7285475730896
guided,COc1ccc(Cl)cc1NC(=O)CCCC(=O)NNC(=O)NCCc1ccccc1,-0.7577164173126221
guided,CNc1nc([C@H]2COc3ccccc3O2)nn1-c1ccc(OC)cc1,-1.7477548122406006
guided,OC[C@@H](O)[C@@H]1O[C@H](Nc2cccc(Br)c2)[C@H](O)[C@H]1O,-0.4234447777271271
guided,FC(F)(F)c1ccccc1N/N=C/c1cccs1,-8.79280948638916
guided,CCCN(Cc1ccc(-n2cc([N+](=O)[O-])cn2)nc1)[C@@H](C)CC,-1.5894182920455933
guided,FC(F)(F)/C=C(\Nc1ccccc1)N1CCN(Cc2c[nH]c3ccccc23)CC1,-7.4811577796936035
guided,C[CH+][CH+][C+]([O-])N([CH-][c+]1[cH-][cH+][c-](OC)[cH+][cH-]1)CCC[C-]([O-])NC(OCC)[C+]([O-])NC1CC1,-0.3434288799762726
guided,NS(=O)(=O)c1ccc(NNC(=O)c2ccccc2Cl)cc1,-0.40487074851989746
guided,CNN(C)C(=O)[C@@]1(C)CCC(/C=C/C=C/c2ccccc2)=NO1,-3.394749164581299
guided,COc1cc([C@@H]2C(C(C)=O)=C(C)Nc3ncnn32)ccc1O,-0.5487493872642517
guided,Cc1nc2nc(C)c(CCC(=O)O)c(C)n2n1,-0.9402356743812561
guided,CCc1cccc(CN(Cc2nc(-c3ccccc3)no2)C(=O)c2ccco2)c1,-2.940025806427002
guided,CN1CCN(NC(=O)c2ccc(COc3ccccc3Br)o2)CC1,-2.7410943508148193
guided,Oc1nnc(-c2ccc(OC3CSC3)cc2)c2ccccc12,-3.5437324047088623
guided,Nc1nonc1-c1noc(CCCOc2ccc(Cl)cc2Cl)n1,-0.8394764065742493
guided,CCOc1ccc(-c2cc(C(=O)N3C[C@@H](C)O[C@@H](C)C3)ccn2)cc1,-3.879246950149536
guided,CC(=O)O[C@@H]1CC[C-](C)[C@H](CC/C(C)=C/CC[C+](C)CCCC(C)C)[C@@H]1C(C)=O,-9.138395309448242
guided,Nc1nc(SCC(=O)Nc2ccc3c(c2)OCO3)n[nH]1,-0.30451664328575134
guided,COc1ccc(C(=O)N[C@@H](C(=O)OCC(=O)Nc2cc(C)on2)C(C)C)cc1OC,-0.36963823437690735
guided,CCOC[CH][CH]C[CH-]CCC1CC(C)[C]2[CH+][C]([O])CC3O[OH+][C]C1[C]23,-4.873554706573486
guided,CCC(=O)NNC(=S)Nc1ccc(F)cc1F,-3.2447309494018555
guided,S=C(Nc1cccnc1)N1CCN(c2ncccn2)CC1,-2.633090019226074
guided,O=C(CCCN1CCN(Cc2ccc3c(c2)OCO3)CC1)c1ccccc1,-5.062884330749512
guided,COc1ccc2c(c1)CC[C@@H](C)/C2=N/OC(=O)N(C)C,-3.6790175437927246
guided,CN1CC(/C=C2\C=C[S+]=C2)=C([O-])/C(=C\c2ccsc2)C1,-7.280027389526367
guided,COc1ccc(OC)c(Cc2nnc(CCC(=O)N3CCN(Cc4ccccc4)CC3)o2)c1,-1.1577178239822388
guided,O=S(=O)(NC1CC1)c1cccc(C(F)(F)F)c1,-4.196513652801514
guided,CCCCN(CC)C(=O)CSc1nncn1-c1ccccc1,-3.8069074153900146
guided,COc1ccc(C[C@@H](C)NC(=O)CCn2cccc2)cc1,-4.619452476501465
guided,CNC1(C(=O)NN)CCNCC1,-1.071906328201294
guided,COc1cc(C(=O)Nc2nnc(SCC(=O)Nc3ccc(NC(C)=O)cc3)s2)cc(OC)c1OC,-1.0202805995941162
guided,O=C1NCCN[C@@H]1c1cccs1,-4.7370734214782715
guided,N/C(COc1cccc(O)c1)=N\O,-0.6005325317382812
guided,Cc1cc(N2CCCCC2)nc(C(C)C)n1,-7.144433975219727
guided,COC(=O)N1CCN(Cc2ccc(C(F)(F)F)cc2)CC1,-6.321788311004639
guided,COc1ccccc1OCC(=O)Nc1ccc(S(=O)(=O)Nc2ccccn2)cc1,-0.6583690047264099
guided,COc1cccc(CNn2c(=O)c3ccccc3nc2[C@H]2CC[C@@H](C)CC2)c1O,-2.1604409217834473
guided,Fc1cccc(F)c1CNCc1ccc(Cc2ccncc2)cc1,-8.656816482543945
guided,CCOc1ccc(CNc2cccc([N+](=O)[O-])c2)cc1O,-1.269419550895691
guided,COc1cc([C@@H](O)c2cc(C(=O)NC3CCCCC3)c(C)[nH]c2=O)ccc1O,-0.6090396046638489
guided,CCC(C)(C)NC(=O)CCN1C(=O)[C@@H]2CCCN2c2ncc(Cl)cc21,-2.2312800884246826
guided,CCCCCCNC(=O)[C@@H](C)NC(=O)c1cc(OCC)c(OCC)c(OCC)c1,-1.532055377960205
guided,C=[O+]Cc1ccccc1.Cn1c([O-])c2c(nc(NC3CCCCC3)n2Cc2ccccc2)nc1=O,-1.0392966270446777
guided,NNC(=O)c1sc2nc(-c3cccs3)c(-c3ccc4ccccc4c3)c(-c3ccco3)c2c1N,-3.743079423904419
guided,N#CC(c1ccccc1)(c1ccccc1)c1ccccc1,-9.152539253234863
guided,[CH][CH+][CH-][CH+][C]OCCCN[C+]([S-])NC[c-]1[cH+][cH-][cH+][cH-][cH+]1,-6.068723201751709
guided,CSc1cccc(NC(=O)CCNS(=O)(=O)c2ccc(NC(C)=O)cc2)c1,-0.6058972477912903
guided,O=C(CCCn1c(=S)oc2ncccc21)Nc1ccc(F)c(Cl)c1,-3.8381974697113037
guided,F[CH-]C[C@H](/[O+]=[C-]\C1C=C2OC[O+]=C2C=C1Br)C(F)(F)F,-6.8424787521362305
guided,N#CCCSc1nnc(-c2ccncc2)n1N,-0.4072330594062805
guided,CCOc1cccc([C@@H]2CC(=O)N3CN(c4ccccc4)CSC3=C2C#N)c1OC,-3.0934605598449707
guided,CN1CCN(c2ccc([N+](=O)[O-])cc2/C=C\c2cccc3ccccc23)CC1,-5.077148914337158
guided,CN(C)NC(=S)NC1CCCCC1,-7.089329719543457
guided,C/C(=N\N1CCN(C(=O)c2cccs2)CC1)c1cccs1,-5.930586338043213
guided,Cc1ccc(OC[C@@H](C)C(=O)OCC(=O)Nc2cc(C)nn2-c2ccccc2)cc1,-1.5291374921798706
guided,Nn1c(SCc2ccccc2Cl)nnc1-c1cccnc1,-1.9442682266235352
guided,COc1cc(-c2nc([C@@H]3CCCc4ccccc43)no2)cc(OC)c1OC,-2.9134297370910645
guided,COc1ccc(OC)c2[nH]c(C(=O)O)cc12,-1.4640514850616455
guided,CO[c-]1[cH+][cH-][cH+][c-]([CH-][C][C][N-][C+](N)[N-][C][c+]2[cH+][cH+][cH+][cH+][c-]2[NH-])[cH+]1,-1.8302850723266602
guided,O=C(CSc1ncccn1)N1CCCc2cc3c(cc21)oc1ccccc13,-3.7679758071899414
guided,O=C(c1ccccc1)c1nn2cccnc2c1[N+](=O)[O-],-0.5022197961807251
guided,O=C(Nc1c(F)cc(F)cc1C(=O)c1cccs1)c1ccc(C(F)(F)F)cn1,-4.303175926208496
guided,CNc1ccc(C(=O)Nc2ccc(F)cc2)c(NC(=O)COc2cccc3ccccc23)c1,-3.059039831161499
guided,CC#CCn1c2ccccc2c2cc(S(=O)(=O)O)ccc21,-2.871767282485962
guided,O=c1c2ccccc2nc(Nc2ccc(Cl)cc2)n1OCCF,-3.2427947521209717
guided,CCO[C-]([O-])[C+]([N-]N[C+]1[CH+][CH-][C+](C)[CH-][C+]1C)[N-][C+]([S-])N(CC)C1CCCCC1,-2.098322868347168
guided,COc1ccc(/C(C)=N\NC(=O)c2ccc(Br)o2)cc1C(=O)N(C)C,-1.0632046461105347
guided,CO[C-]([O-])N[N-][CH+][C+]1[CH+][CH-][CH+][CH-][C+]1OCCO[c-]1[cH+][cH-][cH+][cH-][c+]1[C-](C)C,-1.2936490774154663
guided,COc1ccc(C)cc1-n1c(SCC(N)=O)nnc1-c1ccccc1,-1.0103871822357178
guided,CCN([c-]1[cH+][c-](N([O-])[O-])[c+]([NH-])[cH+][cH-]1)[S+2]([O-])([O-])[C+]1[CH+][CH+][CH-][CH+][CH-]1,-0.7993367314338684
guided,CCOc1ccccc1NS(=O)(=O)C(C)C,-2.972287893295288
guided,C[c+]1[nH][c-](C)[c+]([C+]([O-])N2CCCC2)[c-]1OC([c+]1[cH-][cH+][cH-][cH+][cH-]1)[C-]1[C]N([C][CH+]CN(C)C)[N-][CH+]1.[H+],-1.9696799516677856
guided,COc1ccc2nc(SCC(N)=O)nc(Cc3ccccc3)c2c1,-1.2130440473556519
guided,O=C(/C=C/c1cccc([N+](=O)[O-])c1)NC[C@H]1COc2ccccc2O1,-0.6805837154388428
guided,O=C(c1cncn1-c1ccccc1F)N1CCc2ccccc2C1,-5.684323787689209
guided,O=C(CN(C1CCCCC1)S(=O)(=O)c1ccccc1)NCc1ccncc1,-1.1554094552993774
guided,CCOc1cc(-c2ccc(OCC)c(C(=O)O)c2)ccc1O,-1.8466527462005615
guided,CCO[C@@H]1OC(C(=O)Nc2ccccc2)=C[C@H](c2ccccc2)[C@H]1CCCO,-2.728778123855591
guided,CC1CCN(S(=O)(=O)c2cccs2)CC1,-5.462474822998047
guided,CC(=O)N[C@H](CC(=O)O)c1ccc(F)cc1,-1.860824704170227
guided,Cn1c(C(=O)OCC(=O)NCc2ccco2)cc2sccc21,-1.3513739109039307
guided,CC[O+][C]1[C][C][C][C]([C]2[N][C]([O])[C]([O])[C-]2[C](O)[C]2[C-][N+](CCOC3OC(CO)C(O)C(O)C(O)C3O)[N][CH]2)[CH]1.[H+],-0.5398710370063782
guided,CCOP(#[S+])OCC.O[C-](C(F)(F)F)C(F)(F)F,-6.2641754150390625
guided,CO[C]1[CH][C]([C]2[CH][C]([C]3[CH][C]([C]([O])N4CCOC4C)[C]4[CH][CH][CH][CH][C]4[N]3)[N][C]3[CH][CH][CH][CH][C]32)[C]([O+]C)[C][N]1,-0.6832126975059509
guided,C/C(=N\NC(=O)C1CCCCC1)c1cccs1,-5.236171722412109
guided,Cc1cc(NC(=O)C(C)C)ncc1-c1cccc2ccccc12,-6.252884387969971
guided,COc1c(C)cc(/C=C2\CCCC\C2=N/c2ccccc2SC)cc1C,-12.10012149810791
guided,Nc1ncnc(Nc2cccc(F)c2)c1N,-0.5455611348152161
guided,OCCC[C@@H](O)CO,-2.6703226566314697
guided,O=C1C=CC(n2cccc2)=C1C(=O)NNCC[C@H]1COc2ccccc21,-1.3279515504837036
guided,Cn1c(=O)c2[nH]c(-c3ccc(CCO)cc3)nc2n(CC2CC2)c1=O,-0.3894175887107849
guided,C[C]1[CH][CH][CH][C]([C+]([O])N[C]2[CH][CH][CH][C](Br)[CH]2)[C]1N([O-])[O-],-1.214926838874817
guided,COc1cccc(Nc2ccnc(SCN(C)C(C)=O)n2)c1,-1.9493422508239746
guided,CN(C)/N=C/C1=[C-]/C(=C\C2=CC#C/[N+]2=C\c2cccc([N+](=O)[O-])c2)C(=O)N1,-0.45506754517555237
guided,Brc1cccc([C@H]2C=CCN(CCc3cccnc3)C2)c1,-10.232917785644531
guided,CCCn1nnc(NC(=O)/C=C/c2ccccc2OC)n1,-0.7476039528846741
guided,CCOc1cc(/C=C2/NC(=O)NC2=O)cc(Br)c1O,-0.6405618190765381
guided,COc1ccc(C)cc1S(=O)(=O)Nc1nc2ccccc2nc1Nc1ccc(C)c(Cl)c1,-2.7449874877929688
guided,O=C(c1cc2cc(Cl)ccc2[nH]1)N1CCN(c2ccc(F)cc2)CC1,-5.96897029876709
guided,Cc1ccc(C)c2[nH]c(=O)c(CCNC(=O)CCc3ccccc3)cc12,-2.8295066356658936
guided,O=C(CSc1ccc(Br)cc1)NNC(=S)Nc1cccc(Cl)c1,-4.34019660949707
guided,Cc1nonc1NC(=O)c1ccc(OC/C=C(\O)C(=O)Nc2ccccc2F)cc1,-0.8415887951850891
guided,[N-2][C]C[C+]([N-][N-][c+]1[cH+][cH+][cH+][c-]2[cH+][cH-][cH+][n-][c+]12)N1CCN([c-]2[cH+][cH-][cH+][cH-][c+]2OCCO[c-]2[cH+][cH-][cH+][cH-][cH+]2)CC1,-4.025975704193115
guided,O[N-][CH+][c-]1[cH+][cH+][n-][c+](S[c-]2[cH+][c-]3[c+](o2)[CH-][CH+][CH-]CC3)[n-]1,-1.632988691329956
guided,COc1cc(C(=O)NNC(=O)c2cccc([N+](=O)[O-])c2)cc(OC)c1OC,-0.3565359115600586
guided,CCOCCCNC(=O)c1cn(C)c2ccc(S(=O)(=O)N(C)C3CCCCC3)cc2c1=O,-0.6500329375267029
guided,CCOC(=O)N/N=c1/cc(C)n(Cc2cccc(C)c2)c2ccccc12,-3.7205634117126465
guided,C[C@H](OC(=O)c1ccc(OC(F)F)cc1)C(=O)Nc1ncc(C(F)(F)F)cc1Cl,-2.509357213973999
guided,COc1ccc2ccccc2c1,-11.025943756103516
guided,O=C(c1ccc(F)cc1)N1CCN(S(=O)(=O)c2cccc3nonc23)CC1,-0.313979834318161
guided,NCC[CH-]C1CCN([C+]([O-])CO[C+]([O-])[CH+][CH-][c+]2[cH-][cH+][cH-]s2)CC1,-0.6461848616600037
guided,CCc1cc(C(=O)O)nc(-c2cccc([N+](=O)[O-])c2)n1,-0.5562546253204346
guided,COc1ccc(OC)c(CN2CCN(C3CCC3)C[C@@H]2CCO)c1,-4.248957633972168
guided,CCC[C@@H]1Cc2c([s+]c3nc(Sc4ncn[nH]4)n(-c4ccccc4)c([O-])c2-3)CO1,-1.4136608839035034
guided,CNC(=O)COc1coc(CN2CCN(C/C=C/c3ccccc3)CC2)cc1=O,-1.0576025247573853
guided,[H+].[O-][N-][C+]([O-])CCCC[c+]1[cH-][cH+][cH-][cH+][cH-]1,-2.529500961303711
guided,CCCCN(CC(=O)O)S(=O)(=O)c1ccc(S(=O)(=O)N2CCCC2)cc1,-0.40716177225112915
guided,O=C1CS/C(=N\c2ccc(Cl)cc2[N+](=O)[O-])N1,-0.8614230751991272
guided,CCn1cc([C@](O)(C(C)=O)c2ccc(OC)cc2)c(=O)c2ccccc21,-1.871970295906067
guided,C[C-](CCCCC[c+]1[n-][c+]([CH+][N-]N[C+](N)[S-])s[c-]1[C+]([O-])O)[c+]1[cH-][cH+][cH-][c+]2[cH-][cH+][cH-][cH+][c-]12,-1.263386845588684
guided,O=C(NCCCn1ccnc1)c1ccc(C[S@@+]([O-])Cc2ccccc2)o1,-0.986279308795929
guided,S=C(NCc1ccco1)Nc1ccc2ccccc2n1,-4.042697429656982
guided,Cc1ccc(OCC(=O)N/N=C\c2ccncc2)c(C)c1,-2.1167075634002686
guided,Cn1c(Cc2ccc(F)cc2)n[nH]c1=S,-6.11097526550293
guided,CCOc1ccc(/C=C/C(=O)Oc2ccc(OC)cc2)cc1,-5.001298427581787
guided,C=CCOc1ccc2ccccc2c1/C=N\Nc1nc2ccccc2[nH]1,-3.748563051223755
guided,COCCn1c(SCC(=O)N2CCN(C(=O)c3ccco3)CC2)nc2ccccc21,-0.9201805591583252
guided,C[NH+][C]([C][N+]([O])[O-])[C]1[N]C([C]2[CH][CH][C](F)[CH][CH]2)N[C]1[C][O],-0.5148097276687622
guided,CCOC(=O)[C@H](C)Sc1nnc(-c2cccs2)n1C,-2.9405128955841064
guided,CCCN(CCCN(C)C)c1ccc(C(=O)c2ccccc2)c(C)n1,-6.2449541091918945
guided,COc1cccc(C(=O)Nc2c3c(nn2-c2ccc([N+](=O)[O-])cc2)C[S@+]([O-])C3)c1,-0.6745626330375671
guided,S=C(NCc1cccnc1)NC1CCCC1,-5.491187572479248
guided,O=C1C(=O)N(C[C@@H]2CCCO2)[C@@H](c2ccco2)/C1=C(/O)c1ccc(F)cc1,-1.3120262622833252
guided,CCOc1ccc(OCCOc2ccccc2C(=O)O)cc1,-2.4546005725860596
guided,COc1cc(/C=N/NC([O-])=C=C(N)SC2=C=[N+]=CC=C2)cc(OC)c1OC,-0.3567101061344147
guided,Cc1ccc(S(=O)(=O)N[C@H](C(=O)N/N=C/c2c3ccccc3cc3ccccc23)C(C)C)cc1,-2.22139310836792
guided,O=c1cc2c(nn1-c1ccc(F)cc1)-c1ccccc1CC2,-6.176036834716797
guided,COCCn1c(=S)[nH]c2cc(C(=O)Nc3ccc(OC)c(OC)c3)ccc2c1=O,-0.7596503496170044
guided,O=S(=O)(c1cccc2cccnc12)N1CCCCC1,-3.6284689903259277
guided,COc1ccc(CCC(=O)OCC(=O)Nc2cccc(C)c2C#N)cc1,-0.8986489176750183
guided,[H+].[H+].[O-][N-]N([CH+][N-]C12[C+]3CCCC[C+]3[CH-]S1345O[N+]3(O4)[C+]25)[c-]1[cH-][cH+][cH-][cH-][cH-]1,-2.3489043712615967
guided,Cc1nc2n/c(=[S+]/CC(=O)N3CCC(=C([O-])O)CC3)[n-]n2c(C)c1Cc1ccccc1.[H+],-0.3131144344806671
guided,Cc1nc(N2CCOCC2)c2c(C)c(C(=O)Nc3ccc(F)cc3F)sc2n1,-2.4979188442230225
guided,CONC(=O)Nc1ccc(F)cc1,-3.519548177719116
guided,O=C(c1cccc(Cl)c1)N1CCN(Cc2ccccc2F)CC1,-8.348267555236816
guided,CN(Cc1ccccc1)[C@@H](NC(=O)c1cccs1)C(Cl)Cl,-6.93816614151001
guided,O=C(/C=C/c1ccccc1)Nc1cc(S(=O)(=O)N2CCCC2)ccc1C(=O)O,-0.6693740487098694
guided,COc1ccc(/C=N/NC(=O)CSCCC(=O)N[C@@H]2CCS(=O)(=O)C2)cc1O,-0.34988489747047424
guided,CC(=O)N1c2ccc(S(=O)(=O)N3CCCCC3)cc2C[C@@H]1C,-2.804790735244751
guided,COc1ccc(C(C)C)cc1OCC(=O)N[C@@H](CCN1CCOCC1)C(=O)O,-0.34179872274398804
guided,N/C(=N/OCc1ccccc1)c1ccccn1,-2.376047134399414
guided,CCOc1cc(C)c(CN(CC)CC)cc1[N+](=O)[O-],-3.3939108848571777
guided,COCCCn1c(=S)[nH]c2ncccc2c1=O,-2.3778553009033203
guided,Brc1cccc2ccccc12,-13.715811729431152
guided,NNC(=O)C(=O)Nc1ccc(Cl)cc1,-0.7075468301773071
guided,O=C(Nc1ccc2c(c1)C(=O)NCC2)c1ccccc1O,-0.9980912208557129
guided,CCOc1ccc(C(=O)N[C@@H](C(=O)c2ccccc2)N2CCCCCC2)cc1OC,-2.5847198963165283
guided,CC(C)=CCC[C@@H](C)C[C@@H](O)C(C)C,-9.476962089538574
guided,Cc1cc(NC(=O)CSC2=NCCN2)no1,-0.9087490439414978
guided,C[C-]([N-][N-][C+]([O-])[CH+]N1[C+]2[CH+][CH-][CH+][CH-][C+]2[N-][C+]1N1[CH-][CH+][C-]2[C][C+]1[N-][C+]([O-])[CH+][C+]2[CH-][O-])[c-]1[cH+][cH-][cH+][cH-][cH+]1.[H+].[H+],-0.4850846827030182
guided,COc1ccccc1N1CCN(C(=O)c2n[nH]c(=O)c3ccccc23)CC1,-0.9061080813407898
guided,CCCCN1CCO[c-]2[cH+][cH-][cH+][cH-][c+]2CN[C-]([O-])[c+]2[cH-][cH+][c-]3[c+]([n-]2)C([CH+][CH-][CH+]3)CC(C)C1,-2.891651153564453
guided,N#Cc1nc(-c2ccc(OC(F)(F)F)cc2)oc1NCCCn1ccnc1,-1.4006167650222778
guided,CC(C)c1c(C(=O)N/N=C/c2ccc([N+](=O)[O-])s2)nnn1-c1nonc1N,-0.3772262930870056
guided,O=C(NCc1ccccc1)c1ccccc1-c1ncc[nH]1,-3.024190664291382
guided,Cc1cc(C(=O)N[C@@H]2CCCc3c2cnn3-c2ccccc2F)nc(NCc2ccccc2)n1,-2.106675863265991
guided,O=C(O)/C=C/c1ccccc1O,-2.7346532344818115
guided,COc1cccc(CN2CCNC(=O)[C@@H]2CC(=O)Nc2nccs2)c1OC,-0.3156436085700989
guided,CC(=O)NCCNC(=O)c1cc(COc2c(C)cccc2C)on1,-0.4138582944869995
guided,CCOc1cccc(-c2nn(C3CCCCC3)cc2CN(C)Cc2cnn(C)c2)c1,-5.450070858001709
guided,CCOc1ccc(-c2nc3c(c(=O)[nH]c(=O)n3C3CCCCC3)n2C)cc1C,-1.3508185148239136
guided,CO[CH-]C(C)O[c+]1[cH-][c+](C)[c-](Cl)[c+]([C+]([O-])NCCN2CCOCC2)[cH-]1,-1.7944262027740479
guided,O=[N+]([O-])c1ccc2c(c1)CCCN2CCN1CCOCC1,-2.504939079284668
guided,COc1ccc(COC(=O)c2cc3ccccc3o2)cc1,-4.5014142990112305
guided,COc1ccc(Cc2c(O)n(Cc3ccccc3)c(=O)[nH]c2=O)cc1,-0.6796163320541382
guided,CCCN(CC(=O)Nc1ccccc1C#N)Cc1ccccc1,-3.378242254257202
guided,CNC(=O)c1[nH]cnc1C(=O)NCC(=O)Oc1cccc([N+](=O)[O-])c1,-0.3553464114665985
guided,CCCC(=O)c1oc2ccccc2c1C,-7.330876350402832
guided,S=C(NCCc1ccc2c(c1)OCO2)Nc1ccc(-n2cnnn2)cc1Cl,-0.8730518221855164
guided,CN(C)/[S+]=C(\[O-])N1CC[S+]=c2cc/c(=C(/[O-])Nc3ccc4c(c3)OCCO4)cc21,-0.6350619196891785
guided,COc1ccccc1N(CC(=O)NC1CCCCC1)S(=O)(=O)c1cccs1,-1.701460361480713
guided,CC[CH-][C+]1[CH+][C-]2[N-][N-][N-][NH+]2CC1.[H+],-4.134039402008057
guided,O=C(Nc1ccccc1C(=O)NCCCN1CCCC1=O)c1cccs1,-1.2206348180770874
guided,OCC[C@@H]1CN(Cc2ccncc2)CCN1C1CCCC1,-5.0365214347839355
guided,O=C(NCCc1ccc(O)c(O)c1)Nc1ccc(Cl)cc1,-1.331443428993225
guided,O=C(CSc1ncn[nH]1)/N=N\c1c(O)[nH]c2ccccc12,-0.5531514883041382
guided,CCOCCCNC(=O)CN(Cc1ccc2c(c1)OCO2)C(=O)CNC(=O)CNC(C)=O,-0.37887653708457947
guided,CCCC1=C(C)/C(=C(\N)[O-])C(NC(=O)[C@H]2C[C@@H]2C)=[S+]1,-1.0610464811325073
guided,CCN(CC)S(=O)(=O)c1cc(NC(=O)c2cc(Cc3ccc(F)cc3)n[nH]2)ccc1Cl,-1.5026378631591797
guided,Cc1ccc(S(=O)(=O)N[C@H]2CCCc3ccccc32)cc1C,-4.808337211608887
guided,Cn1cccc1C(=O)NC(=S)Nc1ccccc1,-4.103756904602051
guided,COC[C@@H](C)Oc1ccc([N+](=O)[O-])cc1C(=O)Nc1c(C)n(C)n(-c2ccccc2)c1=O,-0.7698961496353149
guided,S=C1Nc2ccccc2Oc2ccccc21,-8.907295227050781
guided,O=C(Nc1ccccc1-c1nnn(-c2cccs2)n1)P(#[S+])c1ccccc1.[CH2-]C,-3.1938722133636475
guided,Cc1cccc(C)c1N1CCN(S(=O)(=O)c2ccc3c(c2)NC(=O)[C@@H](C)S3)CC1,-2.012603282928467
guided,[O][C]([CH+][CH][C]1[CH][CH][CH][C]([N+]([O])[O-])[CH]1)N[C]1[N][CH][C](N([O-])[O-])S1,-0.5020534992218018
guided,O=C(NC1CCN(Cc2ccccc2)CC1)[C@H]1CCCN(S(=O)(=O)c2cccs2)C1,-1.8723008632659912
guided,C[N+]12C3CCC1CC(C3)OC2O,-6.8014397621154785
guided,S=c1[nH]c2nnc(-c3ccccc3)nc2s1,-3.339048147201538
guided,Cc1ccc(-n2c(O)c(/C=N/N3CCCCC3)c(=O)[nH]c2=O)c(C)c1,-0.5431228280067444
guided,CCOCCCNC(=O)CCc1nnc2ccc(N3CCC(C)CC3)nn12,-0.7522912621498108
guided,NNC(=O)Cn1c(SCC(=O)Nc2cc([N+](=O)[O-])ccc2Cl)nc2ccccc21,-0.46020910143852234
guided,CC(=O)Nc1ccc2c(c1)C(=O)N([C@H]1CCCc3ccccc31)C2=O,-2.332963705062866
guided,CCN(CC)/N=N/c1nonc1OC,-1.1640284061431885
guided,O=C(NCNC(=O)c1cc2ccccc2oc1=O)c1ccccc1Cl,-0.7383676171302795
guided,CCNc1ccccc1CP(=O)(c1ccccc1)c1ccccc1,-8.221890449523926
guided,NC(=O)CC1=[S+]/C(=C(/[O-])N[C@]23C[C@H]4C[C@H](C[C@H](C4)C2)C3)C=C1,-1.0837100744247437
guided,NC(=O)c1sc2nc3c(c(C(F)(F)F)c2c1N)CCCC3,-1.2241489887237549
guided,NC(=O)c1sc2nc3c(cc2c1N)CCCC3,-0.8593430519104004
guided,O=C(C1CCCCC1)N1CCN(C(=S)Nc2ccc(F)cc2)CC1,-6.231545925140381
guided,CO[c+]1[cH-][c+]2[c-]([cH+][c-]1OC)CCC([C+]([O-])O)N([C+]([O-])C[c+]1[cH-][nH][c+]3[cH-][cH+][cH-][cH+][c-]13)[CH-]2,-0.29142388701438904
guided,O=c1cc(/C=N/O)nc2sccn12,-1.8055331707000732
guided,CO/N=c1/[nH]c(=O)[nH]c2ccccc12,-1.4932016134262085
guided,CCCOC(=O)c1ccc(-c2coc3c(CN4C(=O)c5ccccc5C4=O)c(O)ccc3c2=O)cc1,-1.8052805662155151
guided,CCOC(=O)Cn1c(C)nc2ccccc21,-4.316345691680908
guided,NS(=O)(=O)c1cccc(S(=O)(=O)Nc2cccc3ccccc23)c1,-0.4820210635662079
guided,O=C(O)c1ccc(/C=N/NC(=S)Nc2ccc(-n3cccn3)cc2)cc1,-0.8524385094642639
guided,N#Cc1nc(COc2ccc(Cl)cc2Cl)oc1N1CCCC1,-3.250805377960205
guided,COc1ccc2c(c1)c(C(=O)NCCCN1CCOCC1)c(C)n2-c1ccccc1,-3.3662314414978027
guided,COCCNC(=S)N[N+]1=[C-]CC[C@](C)(c2ccccc2)[C@H]1C,-5.559176921844482
guided,[O][C](CO[C+]1[CH][CH][C](F)[CH][CH]1)N(C[C]1[CH][CH][CH][C](N([O-])[O-])[CH]1)[C]1[N][CH][CH]S1,-0.7939201593399048
guided,O=C[C@H](O)[C@@H](O)[C@H](O)[C@H](O)c1cccnc1,-0.42111194133758545
guided,Cc1ccc([C@]2(CCN)CCO[C@@H](C(C)C)C2)cc1,-6.355510234832764
guided,O=C(c1cc(-c2cccnc2)nc2ccc(Br)cc12)N1CCN(Cc2ccccc2)CC1,-5.428953170776367
guided,Cc1ccc(CN(C(=O)c2cc3ccccc3o2)c2ccc(C(=O)N3CC[C-](C)CC3)cc2)o1.[H+],-4.888845443725586
guided,O=C(O)/C=C/C(=O)NCCNc1ncc(C(F)(F)F)cc1Cl,-0.6092433929443359
guided,Cn1nnc(NCCCC(=O)O)n1,-0.576504647731781
guided,COCC/N=C1\S[s@SP1+]2cccc2CN1CC1=C([O-])Nc2c[cH-]/c(=[O+]/C)cc2[CH-]1.[H+],-1.558043360710144
guided,CCOc1ccccc1CNC(=O)[C@@H]1CCC(=O)N(C2CC2)C1,-2.607780933380127
guided,O=C(Nc1cc2c(cc1-c1ccsc1)OCCO2)c1cnccn1,-1.7575896978378296
guided,N#CCN[C@@H]1CCc2ccccc21,-5.637427806854248
guided,CC(=O)Nc1ccc2cnc(Nc3cccc(C(=O)O)c3)nc2c1,-0.7038681507110596
guided,CO[c-]1[cH+][cH-][cH+][cH-][c+]1C1N([C-]([O-])[C+]([NH-])[O-])[C-]([O-])[C+]2[C+](C)SC(C)N21.[CH][C][C][C+]1[CH+][CH+][CH+][CH+][CH+]1.[H+].[H+],-0.4405972361564636
guided,S=C(NCCCN1CCCC1)NC1CCCCC1,-7.314097881317139
guided,Clc1ccc(-c2nn3c(-c4ccccn4)nnc3s2)c(Cl)c1,-4.036352157592773
guided,O=C(O)c1ccccc1OCc1nnnn1CC1CCCCC1,-0.7559601068496704
guided,COc1ccc(C(=O)NCCCN2CCN(Cc3ccccc3)CC2)c(OC)c1OC,-2.268571376800537
guided,CC(=O)c1nn(Cc2ccc(C(C)(C)C)cc2)c(=O)n(C)c1=O,-1.197896957397461
guided,Fc1ccccc1OCCCn1ccnc1,-7.2443342208862305
guided,COc1ccc(N2CCN(c3nc(C)c4c(c3C#N)CC(C)(C)OC4)CC2)cc1,-2.882962226867676
guided,CC(=O)c1c(C)[nH]c(C(=O)OCC(=O)Nc2cccc3ccccc23)c1C,-1.380101203918457
guided,CCOC(CNc1ncnc2sc(C)c(C)c12)OCC,-3.3058853149414062
guided,O=C(COc1ccc([N+](=O)[O-])cc1)Nc1nn[nH]n1,-0.3503904640674591
guided,CC1=NN(c2ccccc2)C(=O)/C1=C/c1cc(C)n(C(C)C)c1C,-6.691488265991211
guided,CO[C-]1[CH+][C+](N[C+]([O-])CCOC[C][C]CC(C)CN2CCCCC2)[C+]([O-])[C-](C)[CH+]1,-0.9971283674240112
guided,C[C+]([CH+][C]OCC1C(C)(O)C[CH+]C2C(C)(C)C(O[C-](C)[O-])CCC12C)[CH-][c+]1[cH-][cH+][cH-][cH+][cH-]1.[H+],-4.107076168060303
guided,CN1CCN(S(=O)(=O)c2ccc(N3CCN(c4ccccc4)CC3)nc2)CC1,-2.2511746883392334
guided,NO[c-]1[cH+][cH-][c+](S[C][N-][C+]2[N-][C+]3CCCC[C+]3[c-]3[cH+][cH-][cH+][cH-][c+]32)[cH-][cH+]1,-4.319153308868408
guided,O=S(=O)(NCCc1cccnc1)c1ccccc1,-2.4233458042144775
guided,CN[c-]1[n-][c+](SC)[c+]([C][N-2])[c+](N2CCN(C)CC2)[n-]1.[CH2+]CC[O-].[H+].[H+].[H+].[H+],-0.3514004647731781
guided,COc1ccc(/C=C2\CC/C(=C\c3ccc(O)c(OC)c3)C2=O)cc1O,-2.081549882888794
guided,CN(C)S(=O)(=O)Nc1cccc2cccnc12,-2.074836015701294
guided,CCCCN(C(=O)CN(C)S(=O)(=O)c1ccc(OC)c(OC)c1)c1c(N)n(CCC)c(=O)[nH]c1=O,-0.32023346424102783
guided,[CH2-][C+](C[C-]1[CH+][CH+][N-][C-](NCCC)[N-]1)[C+](C)C,-5.824698448181152
guided,O=Cc1c(COC(=O)/C=C/c2ccc(OC(F)F)cc2)oc2ccccc12,-3.333570957183838
guided,COC(=O)[C@@H](/N=c1/nc2[c-](o1)c(=O)n(C)c(=O)n2C)N(Cc1ccccc1)Cc1ccccc1.[H+],-0.23038135468959808
guided,[C]1[N-]CCC2(C[c-]3[cH+][n-][c+](-n4[cH+][cH-][cH+][cH-]4)s3)[CH+]N3C4N(N12)[O+]43,-4.1304240226745605
guided,N[P@](=O)(Oc1ccccc1)Oc1ccc(Cl)cc1,-3.1747379302978516
guided,O=C(NC1Cc2ccccc2C1)c1ccc(=O)[nH]c1,-2.1590120792388916
guided,N#[N+][N-][C@@H](CO)[C@@](O)(CO)CN(c1ccccc1)S(=O)(=O)c1ccccc1,-0.31744635105133057
guided,CCOc1cc2cccnc2c2c(=O)c3ccccc3oc12,-4.105656623840332
guided,CCn1nnc(-c2ccccc2NS(=O)(=O)c2ccc(C(=O)OC)cc2)n1,-0.3777095079421997
guided,O=[N+]([O-])c1ccc([C@@H]2CC[C@@H]3CC(c4cccs4)=NN32)s1,-3.628650188446045
guided,O=C(COc1ccccc1C(=O)NC[C@H]1CCCO1)c1ccc(F)cc1,-2.342339277267456
guided,O=C(c1cc(-c2ccncc2)nc2ccc(Br)cc12)N1CCCCC1,-5.566747188568115
guided,C=[O+]C(=O)c1ccc(Cl)cc1.CP=O.[CH2-]OC(=O)c1ccccc1,-2.71063494682312
guided,CCCC(=O)Nc1ccc(NC(=O)c2cccc(OC)c2)nc1,-1.262447476387024
guided,NC(=O)[C@H]1CC[C@@H](CNc2ccc(-c3nc4ccc(C(=O)c5ccccc5)cc4[nH]3)cn2)CC1,-1.807572841644287
guided,Cc1ccc2c(c1)N(S(=O)(=O)c1cc(F)ccc1C)CCO2,-4.388526916503906
guided,O=C1C=NNC(=O)C1,-2.7066664695739746
guided,CN(C)[S@+](N=[S@@](C)(=O)[O-])c1cccc(S(=O)(=O)N2CCOCC2)c1,-0.34835296869277954
guided,CC1=NN(C(N)=S)C(=O)[C@H]1/N=N/c1ccccc1,-0.7557094097137451
guided,COc1cc(N2C(=O)C[C@H](N3CCOCC3)C2=O)ccc1C(=O)O,-0.3182811439037323
guided,C#CCOc1ccccc1OCCCCN1CCOCC1,-6.432958602905273
guided,COc1ccc(S(=O)(=O)N[C@@H](C)C(=O)NCc2cccs2)cc1Cl,-0.8246688842773438
guided,COCCCn1ccc(O)c(Cc2ccc(F)cc2)c1=O,-3.5005452632904053
guided,CCOc1cc(C)c(S(=O)(=O)N2CCc3ccccc32)cc1C(C)C,-5.168166160583496
guided,COc1ccc(F)cc1-c1nnc(SCC(=O)Nc2nccs2)n1N,-0.37179258465766907
guided,COCCNc1ncccc1C(=O)NCc1ccccc1,-2.094576358795166
guided,COc1cc(CNc2ccc(S(N)(=O)=O)cc2)ccc1OCC(=O)NC(C)(C)C,-0.4417370855808258
guided,COc1ccc(/C=C/C(=O)O)cc1CS(=O)(=O)c1ccccc1C(=O)O,-0.559102475643158
guided,COC[C@]1(CCc2ccccc2)OCCCN1OC(=O)CNC(=O)c1ccc2c(c1)OCCO2,-0.5380197763442993
guided,CCCC(=O)N(CC(=O)Nc1ccccc1F)c1cccc2ccccc12,-5.201069355010986
guided,Nc1nonc1-n1nnc(C(=O)N/N=C/c2ccco2)c1-c1ccc(N2CCC(Cl)CC2)cc1,-0.5190272331237793
guided,COc1ccc(-n2ncc(CSc3ccc(Cl)cc3)n2)cc1,-6.093426704406738
guided,O=C(CC1CCCCC1)c1ncc[nH]1,-4.450140953063965
guided,[O][C]1[C]([C]2[CH][CH][C](N([O-])[O-])[CH][CH]2)[CH][N][C](N2[CH][CH][CH][CH+]2)N1O,-0.5037257671356201
guided,CN(C)C[C@@H]1CCCC[C@@H]1OC(=O)c1cccs1,-7.02995491027832
guided,CN(C)CCN1C(=O)c2oc3ccccc3c(=O)c2[C@@H]1c1ccccc1,-3.3315813541412354
guided,S=C(NCc1ccc(Cl)cc1)NCc1ccccn1,-5.7500081062316895
guided,COC(=O)c1cccc(NC(=O)c2nn(C)cc2Cl)c1,-1.360007643699646
guided,S=C(NCc1ccsc1)Nc1cc(Cl)ccc1Cl,-9.15742301940918
guided,N#C/C(=C\CCON)c1ccc(C#N)cn1,-0.4214622378349304
guided,COc1ccc2c(c1)[s+]c([N+]#S([O-])([O-])c1ccc(C)cc1)n2C,-3.690531015396118
guided,ON1CCCCC1,-7.96933126449585
guided,COc1ccc(C(C)=O)cc1Cn1c(=O)ccc2cc3[nH]c(=O)[nH]c3cc21,-0.5168947577476501
guided,ClCCc1nc2cc(Cl)c(Cl)cc2[nH]1,-7.736055850982666
guided,CCN(CC(=O)NC(C)C)Cc1ccccn1,-4.086808681488037
guided,Cc1cc(Cl)ccc1OCC(=O)NC[C@@H]1CCCO1,-4.006431579589844
guided,CCCCS(=O)(=O)Nc1cc(C)c2ccccc2n1,-2.913675546646118
guided,O=C(CCl)c1ccc(-n2cnnn2)cc1,-2.3710131645202637
guided,COC(=O)c1nc(C)oc1N1CCOCC1,-1.9313002824783325
guided,Br[c-]1[cH+][cH-][c+]2[c-]([cH+]1)[CH-][C-]1CCCC[O+]21,-13.422569274902344
guided,COc1ccc(/C=N/NC(=O)c2c3c(C)nnc(C)c3nn2-c2cccc(OC)c2O)cc1OC,-0.7070080041885376
guided,CCOC(=O)N1CCN(S(=O)(=O)c2c(C(=O)N3CCCCC3)c(C)n(C)c2C)CC1,-0.5900179743766785
guided,CC(=O)NC(=O)Nc1ccc(N2CCN(c3ccc(F)cc3)CC2)cc1,-2.243792772293091
guided,COc1ccc(NC(=O)[C@@H]2CCCN2S(=O)(=O)c2ccc(C)c(C)c2)c([N+](=O)[O-])c1,-0.7660426497459412
guided,CCN1CCN(c2nc3ccccc3n(Cc3ccccc3)c2=O)CC1,-4.83041524887085
guided,CO[c+]1[c-](OC)[cH+][c-]([C-]2C[C+]([O-])[N-]CCCC(N3CCN([C+]4[CH+][CH-][C+](F)[CH-][CH+]4)CC3)C2)[c+](OC)[c-]1OC.[H+],-1.5968204736709595
guided,Cn1c(=O)n(C)c2nc(-c3ccco3)nn2c1=O,-0.567245364189148
guided,Cc1cc(C)cc(NS(=O)(=O)c2cccc3cccnc23)c1,-3.213904619216919
guided,COc1ccc2c3c(cccc13)CC2,-11.097312927246094
guided,CCCS(=O)(=O)c1snnc1C,-2.493577241897583
guided,[H+].[O-][C+](N[N-][CH+][c-]1[cH+][cH-][c+]2[c-]([cH+]1)N([C][CH+][CH-][C+]1C3[N-]N13)CCN2)[c-]1[cH+][c-]([O-])[nH][c+]2[cH+][cH-][cH+][cH-][c+]21,-0.4071223735809326
guided,CCOc1ccc(C)cc1S(=O)(=O)n1nc(C)cc1C,-2.471480369567871
guided,CN1CCN(C[C@@H](O)c2cccc3ccccc23)CC1,-7.16591215133667
guided,CC(=O)c1c(C)[nH]c(C(=O)Nc2cccc3ccccc23)c1C,-3.3897452354431152
guided,COC(=O)c1c(Nc2cc(C)ccc2C)oc(C)c1C,-4.429843902587891
guided,C/N=C(/C=C(\CSc1ccc(Cl)cc1)C(=O)O)\C=C(/C#N)C(N)=S,-0.970953106880188
guided,C[C@@H](NC(=O)CSc1nccn1C)c1ccccc1,-4.0216546058654785
guided,[CH2-]N(C[C+]1[CH+][CH-][CH+]O1)[C-]([O-])[c+]1[c-]([C+]([O-])N[C+]2S[C+]3CCC[C+]3[C-]2[C][N-2])[cH+][cH+][n-][c-]1OCC,-0.3935903012752533
guided,COc1ccccc1Cn1nc(NC(=O)c2ccccc2)n2c(cc3oc(C)cc32)c1=O,-1.3685250282287598
guided,Cn1nc(CC(=O)NC2=NCCS2)c2ccccc2c1=O,-0.9976337552070618
guided,CO[c+]1[cH-][c+](CCN2[C-]([N-][C+]3[CH+][CH-][C+](F)[CH-][CH+]3)SCC[C-]2[c+]2[cH-][cH+][c-](N([O-])[O-])[cH+][cH-]2)[cH-][cH+][c-]1OC,-3.380164861679077
guided,Nc1nnc(SCC(=O)N2CCN(C(=O)c3ccco3)CC2)n1-c1ccccc1,-0.27431610226631165
guided,CCOc1ccc(S(=O)(=O)N2CCC(C(N)=O)CC2)c2cccnc12,-0.28837743401527405
guided,O=C(O)c1ccccc1NCc1cccs1,-4.0622382164001465
guided,CCOCCOc1cc(-n2cnc(/C=C3/C=CC=[S+]3)c2[O-])c(Cl)cc1Cl,-3.1584739685058594
guided,COc1cccc(/C=C2/SC(=S)N(CCC(=O)Nc3cccnc3)C2=O)c1,-1.9068043231964111
guided,CN(CCCNC(=O)CCN1CCOCC1)Cc1cccnc1,-2.53851318359375
guided,[H]/N=c1\n(CCCC)c2ccccc2n1C[C@H](O)COc1ccc(C)cc1,-2.7177839279174805
guided,CCOc1cc2[nH]c(CC(=O)NCCC3=CCCCC3)cc(=O)c2cc1OCC,-1.8324414491653442
guided,CCOc1ccc(CCNS(=O)(=O)c2ccc(NC(=O)OC)cc2)cc1OCC,-0.8620275259017944
guided,C=C1C=C[CH+]C=C1.O=C1[N-]/C(=N\C[C@H](O)COc2ccc(Br)cc2)S/C1=C\[N+](=O)[O-],-1.6359647512435913
guided,Cc1cccc([C@@H](C(=O)NC(C)(C)C)N(Cc2ccc3c(c2)OCO3)C(=O)C(C)C)c1,-2.986234664916992
guided,CCOC(=O)C1=C(C)Nc2nc3ccccc3n2[C@H]1c1ccncc1,-2.0687015056610107
guided,[NH2+]=[S@]1(=O)O[C@@H]2C=C(C=CC2=[S@](=O)([O-])N2CCOCC2)/C([O-])=[NH+]/CC(=O)NCCc2ccc1cc2,-0.3980365991592407
guided,O=C(ONC1=NCCCCC1)c1ccc(Br)cc1,-3.9521074295043945
guided,O=C(NNC(=O)c1ccc(NC(=O)c2ccco2)cc1)c1ccc(F)cc1,-0.664915144443512
guided,COCc1cccc(NC(=O)CCCC(=O)OC)c1,-2.0241050720214844
guided,COc1cc(/C=N/NC(=O)c2ccc3c(c2)OCO3)ccc1OC(=O)c1cccc(F)c1,-1.1128836870193481
guided,[CH2-][CH+][C+]1[CH-][C+]2[N-][C+](N[C+]([O-])[C][C]C)[N-][C+]2N(CCCN2CCOCC2)[C+]1[O-],-0.4800034463405609
guided,COCCN[C-]([O-])CN[C+]([O-])[C][N-][C+]1[CH+][N-][C+]2SCCN2[C+]1[O-],-0.44626763463020325
guided,CCOc1cccc(N/C=C/C(=O)Nc2cc(C)c(Cc3ccc(Cl)cc3)cn2)c1,-4.545377731323242
guided,Cc1ccc(/C=C2/C(=O)NC(=O)N(Cc3ccccc3)C2=O)cc1,-2.0330748558044434
guided,NN(/C=C/C(=O)C(F)(F)F)CCO,-1.951602816581726
guided,C/C(=N\NC(=O)CCNC(=O)c1ccco1)c1ccccc1,-0.7186166048049927
guided,COCC([O+]=P(=NC(=O)/C=C/c1cccs1)C(F)(F)F)(C(F)(F)F)C(F)(F)F.[CH2-]C.[H]/N=C\COCCO,-3.988541603088379
guided,N/C(=N\OC(=O)Oc1ccccc1)c1ccncc1,-0.60218346118927
guided,COCCN(Cc1ccc(OC)c(OC)c1)S(=O)(=O)c1ccc(C)cc1,-2.211040496826172
guided,CCCCC(=O)OCC(=O)c1cc(C)n(Cc2ccccc2)c1C,-4.80225944519043
guided,CCC(=O)Nc1ccc(Cl)c(C(=O)OC)c1,-3.1111867427825928
guided,O=C(NC[C@H]1COc2ccccc2O1)c1ccccc1F,-3.9622929096221924
guided,CCc1nnc(NC(=O)[C@@H]2CCCO2)s1,-2.022383451461792
guided,Brc1ccccc1OCCN1CCOCC1,-8.157166481018066
guided,COc1ccc(/C=C(\C#N)C(=O)OCC(=O)Nc2ccc(Cl)cc2[N+](=O)[O-])cc1,-0.9522244334220886
guided,CCCOP([O-])OCCC.O=C(/[NH+]=C/c1ccccc1)c1ccc(-c2ccccc2)[nH]1,-1.1985896825790405
guided,Fc1cnc(N2CCOCC2)nc1N1CCN(c2ncnc3scc(-c4ccccc4)c23)CC1,-2.0714781284332275
guided,CCC/N=C1\S[C@H](CC(N)=O)C(=O)N1CCc1ccccc1,-1.1394767761230469
guided,CCCCC[CH-]CCC1=[N+]=C=C(/C=N/NC(=O)[c-]2cc(-c3ccccc3)c(NC(=O)/C=C\C(=O)O)[s+]2)[CH-]1.[H+],-2.0123016834259033
guided,COc1cccc(CN[C@H](CC(C)C)C(=O)O)c1OC,-1.8230825662612915
guided,N[P@@](=O)(OCCN1CCOCC1)Oc1ccc(Cl)cc1Cl,-1.580710768699646
guided,Cc1c(C#N)c2ccccc2n1CC(=O)NC[C@H]1CCCCO1,-1.8964142799377441
guided,COc1ccc(N(C(=O)C2=C(N)/C(=C(/N)[O-])N=[S+]2)[C@@H](Cc2cc(OC)c(OC)cc2OC)C(=O)NC2CCCCC2)cc1,-0.44924160838127136
guided,O=C[C@@H](Cl)P(=O)(N1CCOCC1)N1CCOCC1,-2.595670223236084
guided,COc1ccccc1[C@H]1NC(=O)NC(C)=C1C(=O)NC1CC1,-0.8729872703552246
guided,O=C(Nc1cccc(NC(=O)C2CCCCC2)c1)c1ccccc1,-3.94999098777771
guided,NNC(=O)CN[C@H](c1ccccc1)c1cc(Br)ccc1NC(=O)c1ccc([N+](=O)[O-])cc1,-0.9301776885986328
guided,O=[N+]([O-])c1ccccc1-c1nc2ccccc2c2nc3ccccc3n12,-2.784449577331543
guided,CCC(=O)Nc1ccc2c(c1)ncn2-c1ccc(C#N)cc1,-1.9611332416534424
guided,Cc1cc(NC(=O)c2cc(CC(C)C)on2)no1,-1.0390760898590088
guided,CCN(CC)c1ccc2c(c1)[C@H](CC(=O)O)N(OCc1ccccc1)C2=O,-2.2614760398864746
guided,CCCN1CCC[C@H](c2cc3ccccc3o2)C1,-10.166950225830078
guided,COc1ccccc1N1CCN(C(=O)CSc2nncn2C)CC1,-1.927760362625122
guided,Cc1nocc1Cc1ccc2c(c1)OCO2,-4.400538444519043
guided,[H+].[O-][C+]1[C-]([O-])CO[c+]2[cH-][c+]([C-]([O-])[C+]3[CH+][CH-][CH+][CH-][CH+]3)[c-]3[cH+][cH-][cH+][cH-][c+]3[c-]21,-0.8716557025909424
guided,O=C(O)c1ccccc1C(=O)Nc1ccc(F)cc1F,-2.199709177017212
guided,O=S(=O)(/C=C/c1ccc(F)cc1)N1CCc2cccc3c2[C@H]1CCCC3,-6.697926044464111
guided,CN(C(=O)COc1ccc2c(c1)CCCC2)[C@H]1CCS(=O)(=O)C1,-2.0627973079681396
guided,Nc1nc2c(-c3ccccc3)c(-c3ccccc3)sc2c(=O)[nH]1,-2.3226492404937744
guided,C=CCn1c2ccccc2c2nnc(SCCC)nc21,-5.1231160163879395
guided,O=C(Nc1ccc(Cl)cc1C1=NCCN1)c1ccc2nc(-c3ccco3)c(-c3ccco3)nc2c1,-2.6763041019439697
guided,O=C(Nc1ccccc1C(=O)N1CCOCC1)c1ccncc1,-1.3434652090072632
guided,O=S(=O)(Nc1ccccc1O)c1cc(Cl)ccc1F,-2.22814679145813
guided,Cc1ccc2[nH]c(=O)c(CC[CH-]C[CH+]CC3=NC[C@@]([C+]4=CC=CC=C4)(C(F)(F)F)N3[C][O-])cc2c1,-2.8358585834503174
guided,CC(=O)c1ccc(N2CCOCC2)c(F)c1,-6.681771278381348
guided,S=C(NC1CC1)N1CCN(C(=S)c2ccccc2)CC1,-8.797618865966797
guided,CCCCc1ccc(S(N)(=O)=O)cc1,-2.4524059295654297
guided,Nc1c(-c2ccccc2)nsc1C(=O)c1ccccc1,-3.548837184906006
guided,Nc1nc2ccccc2n1CCOc1ccc(Br)cc1,-3.766885995864868
guided,Cc1cc(C)nc(CCn2c(=O)[nH]c3ccccc3c2=O)n1,-0.7755804657936096
guided,Nc1ccsc1C(=O)Nc1c(F)cc(F)cc1Br,-3.7304835319519043
guided,Cc1ccc2nc(C)c(CNC(=O)[C@H](C)Oc3ccccc3)n2c1,-3.229353904724121
guided,CN(CCCc1ccccc1)C[P@](=O)(O)CNC(=O)CO,-0.43278777599334717
guided,COc1cc(C(F)(F)F)cnc1COc1ccc(F)cc1,-7.215067386627197
guided,NS(=O)(=O)c1ccc(Nc2cccc(-c3ccc(C4CCCCC4)cc3)n2)cc1,-2.7105631828308105
guided,COc1cc(/C=N/NC(=O)c2ccc(N)cc2)cc(OC)c1OCC(=O)NC1CCCC1,-0.5364662408828735
guided,O=[C-]C1=C(O)CC[C@H]([N+]2=CCN(C(=O)Nc3cccc(C(F)(F)F)c3)CC2)C1,-1.8518040180206299
guided,Cc1cc([N+](=O)[O-])ccc1NCc1ccco1,-2.1614887714385986
guided,COc1cc2oc3cc(OCC(=O)O)c4ccccc4c3c(=O)c2cc1OC,-1.092635154724121
guided,CCCCn1cnc2c(sc3nc4c(c(-c5ccccc5)c32)CCC4)c1=O,-5.625618934631348
guided,[H+].[H+].[O-][CH-]S/[C-]=N\C(=[NH+]/c1ccc(Cl)cc1)C(Cl)(Cl)Cl,-3.792644739151001
guided,COc1cccc(Nc2nc3c(c(=O)n(C)c(=O)n3C)n2Cc2ccc(C)cc2)c1,-0.8601951003074646
guided,COc1ccc(CCNS(=O)(=O)c2cc(C)nc(C)c2)cc1OC,-1.09564208984375
guided,S=C(NCCCN1CCOCC1)Nc1ccccc1,-5.417171001434326
guided,CCOc1cccc(-c2nc(C[S@+]([O-])CC(=O)N[C@@H]3CCCC[C@H]3C)c(C)o2)c1,-1.5849637985229492
guided,N[C@@H](c1ccccc1)c1ccc(O)c(Br)c1,-4.5872802734375
guided,S=C(NC1CCCC1)N1CCN(c2ccccn2)CC1,-6.350160121917725
guided,CC/[S+]=C1\C=CC(=[N+]([O-])[O-])C=C1C(=O)Nc1ccccc1OC(F)F,-0.7453726530075073
guided,O=C(N/N=C/c1ccco1)c1csc2ccccc12,-3.458414077758789
guided,NS(=O)(=O)c1ccc(CC[C@@H](NC(=O)c2cccc3ccccc23)C(=O)O)cc1,-0.5030138492584229
guided,NNC(=O)c1sccc1OCc1ccccc1,-1.993865966796875
guided,Clc1ccccc1SCCOCNc1ncnc2ccccc12,-5.246394634246826
guided,CN(C)c1nc(N)nc(CSc2nc(N)c3ccccc3n2)n1,-0.2764233946800232
guided,NC(=S)N/N=C1/c2ccccc2-c2ccc(OCc3ccccc3)cc21,-3.312181234359741
guided,CCOc1ccc(Nc2nc(-c3cc4ccccc4oc3=O)cs2)cc1,-3.8441085815429688
guided,Cc1cc(NC(=O)CN(C2CCCCC2)S(C)(=O)=O)no1,-0.4728742837905884
guided,[H+].[H]/N=c1\ccccc(C)c1C(=[C-]/C=C1/C=C(CC)Nc2ccccc21)/C(N)=C\C=N/C=C/C=C/O,-3.5886943340301514
guided,CN(C)S(=O)(=O)c1ccc2c(c1)[C@@H](NS(=O)(=O)c1ccccc1)c1ccccc1-2,-1.1051058769226074
guided,O=C(c1cc(COc2ccc(F)cc2)on1)N1CCN(C(=O)c2ccco2)CC1,-0.7123904228210449
guided,COc1ccccc1N1CCN(C(=O)Cc2c[nH]c3ccccc23)CC1,-4.067111015319824
guided,CC(=O)SCCC(=O)Nc1nc(-c2ccccc2)cs1,-3.072741746902466
guided,COCCC(=O)Nc1cc(C)ccc1Oc1cccc(Br)c1,-5.229856967926025
guided,CNS(=O)(=O)/C=C/c1ccccc1,-3.9915411472320557
guided,O=C(CSc1nnc(COc2ccccc2)n1Cc1ccccc1)Nc1ccc(N2CCOCC2)cc1,-2.1568849086761475
guided,O=C(OCn1ncc(Br)c(Br)c1=O)c1ccc(-c2cc3ccccc3oc2=O)cc1,-1.7502754926681519
guided,[O][C](N[N][CH][C]1[CH][CH][C](N([O-])[O-])O1)[C+]1[CH][CH][CH][CH][CH]1,-0.5471602082252502
guided,CN1C(=O)N[C@H](c2cccc(O)c2)[C@@H](C(=O)c2cccs2)[C@@]1(O)C(F)(F)F,-0.8827612400054932
guided,CCCN1CCC(NC(=O)CCCCn2nnnc2[C@@H](N)Cc2cccs2)CC1,-0.5116592645645142
guided,C[C@H]1COc2ccccc2O1,-8.769808769226074
guided,Brc1cccnc1NCc1ccccc1,-8.131068229675293
guided,O=C1N/C(=C\c2ccccc2OC[C@@H](O)CN2CCCC2)C(=O)N1Cc1ccccc1,-0.9843273162841797
guided,CCOc1ccccc1OCC(=O)Nc1cccc2ccccc12,-4.977684497833252
guided,COc1ccc(N2CCN(S(=O)(=O)c3ccc(Br)s3)CC2)c(C)c1,-4.102015495300293
guided,COc1ccc(N(CCN2CCCCC2)c2nc(-c3cc(Cl)ccc3OC)cs2)cc1,-8.290599822998047
guided,Cc1cc(C(=O)N2CCc3ccccc3C2)no1,-4.09791374206543
guided,COc1cc([C@@H]2NC(=O)NC(C)=C2C(=O)O[C@@H]2CCC[C@@H](C)C2)cc(Br)c1O,-1.4523521661758423
guided,CC[C@@](C)(NC(=O)c1ccc2c(=O)n3c(nc2c1)CCCCC3)C(=O)Nc1ccccc1,-1.1613622903823853
guided,NC[C@H](CC(=O)O)c1ccccc1,-2.0940115451812744
guided,Clc1cc(Cl)cc(-c2cc(COc3cccc4cccnc34)on2)c1,-6.439696788787842
guided,O=C(c1ccnc2ccc(S(=O)(=O)N3CCOCC3)cc12)N1CCCC1,-0.8375966548919678
guided,O=C(NCCc1ccccc1C(=O)NNC(=O)c1ccccc1-n1cccc1)c1ccccc1,-1.1675986051559448
guided,CC[C@@H](C)C(=O)Nc1nc(-c2ccc(F)cc2)cs1,-5.5771355628967285
guided,N/C(CN1CCCCC1)=N\c1ccc(N2CCOCC2)cc1,-3.086643934249878
guided,Cc1ccc(S(=O)(=O)N/N=C/c2cccnc2)cc1,-1.3896170854568481
guided,Nc1nc(CNc2ccc[c-]c2[C@]2(c3ccc(F)cc3)[c-]3o[o+]32)nc(Nc2cc(C(F)(F)F)ccc2F)n1.[H+],-3.132244825363159
guided,C/C(=N\Nc1ccc(C)nn1)c1cccnc1,-2.199420690536499
guided,NC(=O)C1CCN(C(=O)COC(=O)C2=COCCO2)CC1,-0.48181241750717163
guided,COCCN(CCOC)C(=O)/C=C/c1ccc(OC)c(OC)c1,-2.6901679039001465
guided,Cc1c(/C=N/NC(=O)c2cccs2)c(C)n(-c2ccccc2)c1C,-5.162809371948242
guided,[O-][C+]([c-]1[cH+][cH-][cH+]s1)N1[C][N-][C+](NCC[C+]2[CH-]CCCC2)[CH+]1,-3.5314817428588867
guided,COc1ccc(N2C[C@H](C(=O)[N-]/N=C(/C)CC(=O)NC3CCCCC3)CC2=O)cc1.[H+],-1.0003515481948853
guided,CCCN1C(=O)c2ccccc2N[C@H]1c1ccc([N+](=O)[O-])o1,-1.049644947052002
guided,C[N-][C+]([O-])[c+]1[c-](N[c+]2[cH-][cH+][c-](C)[cH+][c-]2C)[cH+][cH-][c+]2[cH-][c+]([C+]([O-])NN)[cH-][cH+][c-]12,-0.4302438199520111
guided,CCOc1ccc(C(=O)NCc2cccc3ccccc23)cc1OCC,-5.267848491668701
guided,CN[P@@](=O)(Nc1ccccn1)c1ccccc1,-3.1292355060577393
guided,COCCN/C(C)=C/C(=O)c1cccs1,-5.247964859008789
guided,Cc1cc(C)c(S(=O)(=O)c2ccc(C(C)(C)C)cc2)c(Cl)n1,-5.3585615158081055
guided,COCC[C@@H]1CCCN1C1CCCCC1,-10.462693214416504
guided,O=C(Cc1cccc2ccccc12)N/N=C/c1cccc(NC(=O)c2cccs2)c1,-3.1728978157043457
guided,[H+].[O-][C+](N[C-]1[CH+][C+](C23CC4CC(CC(C4)C2)C3)S[C+]1[C-]([O-])O)[C-]1[CH-][CH+][CH-][CH+][CH-]1,-1.3118304014205933
guided,CO[C]1[CH][CH][C](C([C+]([O])NC2CCCCC2)N([C]2[CH][CH][CH][C](N([O-])[O-])[CH]2)[C]([O])[C]2[CH][N][CH][CH][N]2)[CH][CH]1,-0.805077075958252
guided,O=C(N/N=C/c1ccc2nccnc2c1)c1ccc([N+](=O)[O-])cc1,-0.4901975691318512
guided,CCOC(=O)CN1CCS(=O)(=O)CC1,-2.0919172763824463
guided,Cn1c(N)c(C(=O)NCc2ccccc2)c(=O)n(C)c1=O,-0.30356892943382263
guided,CCC(=O)Oc1c(S(=O)(=O)c2ccc(C)cc2)c(C)nn1-c1ccccc1,-1.740671157836914
guided,COc1cccc(-c2nocc2-c2csc(N)n2)c1,-1.5960919857025146
guided,[CH2+]S([O])([O-])C[C]1[C][CH]N(C[C]2[CH][CH][CH][CH][CH]2)[C]([O-])[C]1CC[C]1[CH][CH][CH][CH][CH]1,-2.052500009536743
guided,N#CC1(NC(=O)c2ccccc2)CCCCC1,-3.4640746116638184
guided,CCC(=O)c1ccc(OCC(=O)NCCN2CCOCC2)cc1,-1.591921329498291
guided,O=[P@H](NO)O[C@H]1CC[C@@H](c2ccco2)CC1,-1.7565419673919678
guided,CCOC(=O)Cn1ccc(NC(=O)c2ccc3c(c2)OCO3)n1,-0.41893404722213745
guided,O=C(Nc1ccc(S(=O)(=O)Nc2ncccn2)cc1)c1ccc(N2CCCC2)c([N+](=O)[O-])c1,-0.7622553706169128
guided,CCOC(=O)COc1cc(-n2c(=O)c3ccccc3n(CC(=O)NCc3ccco3)c2=O)c(Cl)cc1Cl,-0.8672915697097778
guided,NCCCCCCNc1cc(Cl)nc(N)n1,-0.6371026635169983
guided,NNC(=O)Cc1ccc2c(c1)OCCO2,-1.237931489944458
guided,CC[N][C]1S[CH][C+](C)N1[N][CH][C]1[CH][CH][C](N([O-])[O-])[CH][CH]1,-1.058900237083435
guided,Oc1ccccc1/C(=N\c1ccc(OC(F)F)cc1)NNc1cccc2ccccc12,-4.691142559051514
guided,CN1CCc2cc(Cl)c(O)cc2[C@@H](c2ccccc2)C1,-8.521809577941895
guided,COc1ccc(S(=O)(=O)CCc2nnc(NC(=O)CCC(=O)NCc3ccccc3)s2)cc1,-0.5623043179512024
guided,Cn1nccc1C(=O)/[NH+]=C/CCCC/C=C1/C=CC(Cl)=C[CH-]1,-3.848067283630371
guided,CCCN1CCC[C@H](c2ccc(OC)c(CN3CCCCC3)c2)C1,-10.58588981628418
guided,COCCN(C(=S)Nc1cccc(C)c1C)[C@H](C)c1cccnc1,-6.388559818267822
guided,CCCCn1c(=O)c2cccnc2n(CCCC)c1=O,-2.822690010070801
guided,O=Cc1c(OCC(=O)Nc2ccccn2)ccc2ccccc12,-2.006751537322998
guided,[O-]C([CH+][CH-][c+]1[cH-][cH+][cH-][cH+][cH-]1)[C+]([N-]CCCCCCO)[N-]CCOCCOCO,-0.4974774420261383
guided,[CH2-]Cc1ccccc1/[NH+]=C/c1cccc(Cl)c1Cl,-10.225605964660645
guided,NS(=O)(=O)c1ccc(NC(=O)[C@@H](NC(=O)CNC(=O)c2ccccc2)c2ccccc2)cc1,-0.3098529875278473
guided,N[c+]1[n-][cH+][n-][c+]2[c-]1[NH+](C[C-](N)[O-])[C][C+]2[C+]1[C][N-]1.[H+],-0.4018828272819519
guided,[CH2-][C@H]1C[C@H]2C/C(=C/OCCS)C[C@@H](C1)C2.[H+],-11.688389778137207
guided,[CH2+]CCCCCN[C-]([O-])C1(O)[C+]2[CH-]N(CCCC)[C+]([O-])N[C-]2OO[C+]2[c-]3[cH+][cH-][cH+][cH-][c+]3[C+]([O-])N21,-0.3878060579299927
guided,O=C(CNC1=NCCCCC1)c1ccc(Cl)cc1,-5.222877025604248
guided,COc1ccccc1OCc1ccc(C(=O)NN)cc1,-1.2424858808517456
guided,COc1cccc2occ(C(=O)N[C@@H](C)c3ccccc3)c12,-4.243713855743408
guided,C=CCCC(=O)OCC=C,-7.322711944580078
guided,C=C1C=CN=[N+]1[C@H](C[N-]CC)C(=O)Nc1ccc(F)cc1,-2.9782369136810303
guided,Cc1cc(C(F)(F)F)c(C#N)c(SCC(=O)NC2CCCC2)n1,-2.569603681564331
guided,O=C(Oc1oc(-c2ccco2)nc1CN1CCOCC1)c1ccco1,-0.6413459181785583
guided,CN(C)c1ccc(S(=O)(=O)N(C)C)cc1NNC(=O)CCCc1c[nH]c2ccccc12,-0.7197064161300659
guided,COc1ccc(C(=O)NCC(=O)OCC(=O)Nc2cccc3ccccc23)cc1,-0.6534729599952698
guided,O=C(N[C@@H](CO)Cc1cnc[nH]1)c1ccc2ccccc2c1,-0.9919532537460327
guided,CNCC(C)(O)C(O)C[CH-]OCOC(C)Cn1[c+]2[cH-][cH+][cH-][cH+][c-]2[c+]2[cH-][cH+][cH-][cH+][c-]21,-1.5083175897598267
guided,COc1ccc(C(=O)N[C@H](C(=O)O)C(C)C)cc1OC,-0.6604920029640198
guided,CC1=NN=[S+]/C1=[S+]\[C@@H]1CCN(Cc2ccc(N([O-])[O-])cc2)C1,-1.0961278676986694
guided,O=C(CNC(=O)[C@]12C[C@H]3C[C@H](C[C@H](C3)C1)C2)NCCC(=O)N1CCCC1,-1.1268340349197388
guided,CO[C]1[CH][CH][C]([C+]2[N][C](N3CCCC3)[N][C](C)[C]2[C]([O])[C]2[CH][CH][CH][CH][C]2Cl)[CH][C]1N([O-])[O-],-0.9160182476043701
guided,CCOc1ccc(C(=O)NC(=S)Nc2ccc(CN3CCOCC3)cc2)cc1,-2.5155842304229736
guided,O=C(NNS(=O)(=O)c1ccc(F)cc1)c1cccc(S(=O)(=O)N2CCCCCC2)c1,-0.4414350390434265
guided,FC(F)(F)Oc1ccc(N/N=C/c2nc3ccccn3c2Br)cc1,-4.8143696784973145
guided,NS(=O)(=O)c1ccc(CNC(=O)Cn2c(=O)oc3ccccc32)cc1,-0.24645419418811798
guided,COC1=C/C(=C/c2c(N)n3nc(CC(=O)N4CCCCC4)sc3nc2=O)C=CC1=O,-0.3960321545600891
guided,NC(=O)NCCc1c[nH]c2ccccc12,-1.454243779182434
guided,[CH2-]CN1CN(CCC)CN(Cc2ccco2)/C1=C1/C=CC=[O+]1,-6.032494068145752
guided,O=C(Cc1n[nH]c2ncccc12)N/N=C/CCc1ccccc1,-0.8099685311317444
guided,Fc1ccccc1OCCCCN1CCCCC1,-10.665975570678711
guided,CN(CC(=O)N/N=C/c1cccnc1)S(=O)(=O)c1ccc2c(c1)CCC(=O)N2,-0.27077701687812805
guided,Nc1ccccc1SCc1ccsc1,-7.991842269897461
guided,C[C@]1(F)[C-](n2ccc(N)nc2=O)O[C@H](CO)[C@H]1O.[H+],-0.41786831617355347
guided,O=CN(Cc1cccc(Br)c1)[C@](CCO)(CC1CCCCC1)C(=O)NC1CC1,-2.5103654861450195
guided,C[C@H](CCCN(C)C)C/N=C/C1=C(O)CC(C)(C)CC1=O,-3.828833818435669
guided,CCCOC(=O)c1ccccc1C,-7.472387313842773
guided,NS(=O)(=O)c1ccc(CNC(=O)Cc2cccc(C(F)(F)F)c2)cc1,-0.6506189107894897
guided,C/C(NNc1ccc(F)cc1)=C1\C(=O)NC(=O)N(CCC(C)C)C1=O,-0.6501057147979736
guided,CCOc1cc(CN(CCO)CCO)ccc1OCC(C)=O,-0.8594745993614197
guided,N[C@@H](CC(=O)Nc1nccs1)C(=O)O,-0.3962863087654114
guided,[CH2-][c-]1[cH+][cH-][c+](OCCS[C-]2[N-][N-][C+](CN[C+]3[CH+][CH-][CH+][c-]4[cH+][cH-][cH+][cH-][c+]43)N2C)[c-](OC)[cH+]1,-3.7535617351531982
guided,COC/C(C)=N\Nc1cc(C)nc(Sc2c(C)cc(C)cc2C)n1,-3.737474203109741
guided,COC(=O)C1=C(N)Oc2ccc3ccccc3c2[C@@H]1c1cccc(O)c1,-1.3965892791748047
guided,Br[CH-][CH+]n1[c+]2[cH-][cH+][cH-][cH+][c+]2[n-][c-]1CN1CCOCC1.[H+],-6.36254358291626
guided,CCCC(=O)CC(=O)[C@@H](Cc1ccccn1)c1ccncc1,-2.8610241413116455
guided,S=C(NCc1cccs1)N1CCN(C2c3ccccc3-c3ccccc32)CC1,-10.094943046569824
guided,CCOc1ccccc1NC(=O)Nc1ccc(OC(F)F)cc1,-3.6900906562805176
guided,O=S(=O)(Nc1ccccc1CO)c1ccc(CCO)cc1,-0.5629526972770691
guided,CC(=O)c1ccccc1OC(=O)COc1ccc(C)cc1C,-3.855997085571289
guided,NCOC(=O)CCN1C(=O)/C(=C/c2ccccc2)NC1=S,-0.6425631046295166
guided,C[N+]1([c+]2[cH-][cH+][cH-][cH+][cH-]2)[CH-][CH+][C-]2[CH+][CH-][CH+][CH-][C-]2[S+2]1([O-])[O-],-4.192646503448486
guided,FC1=N/C(=[NH+]\Cc2ccco2)N=[C-]/C1=N\N=C1c2ccccc2-c2ccccc21,-1.2060937881469727
guided,CCOc1ccc2ncn([C@H]3CC[C@H](OC)[C@H]3O)c2c1,-2.8410463333129883
guided,[NH2+][C]1[CH][CH][CH][CH][C]1[NH+][C]([O])CCN[C]1[CH][CH][CH][CH][C]1N[C][O-],-0.5838437080383301
guided,O=C(NCc1ccccc1)C1CCC1,-6.794849395751953
guided,CCOc1ccccc1NS(=O)(=O)Cc1cccc(OC)c1NC(=O)/C=C/C(=O)O,-0.5431563258171082
guided,O=S(=O)(Nc1ccc(OC(F)F)cc1)c1cccs1,-3.3592114448547363
guided,Brc1ccc(OCCOCCN2CCOCC2)cc1,-6.468272686004639
guided,Cn1[c+]([O-])n(C)[c-]([O-])[c+]2[c+]1[n-][cH+]n2[C-](OCCCl)[C+]([O-])N1CCOCC1,-0.32023346424102783
guided,O=C(NC1=NCCS1)c1sc2ccc(C(F)(F)F)cc2c1Cl,-6.0859222412109375
guided,CCCC(C)(C)NC(=O)c1cccs1,-7.208499431610107
guided,CCCc1ccc([C@@H](C)NCCCOC)n1-c1ccc(OCC)c(OCC)c1,-6.049426555633545
guided,CN(CC(=O)NCc1ccccn1)S(=O)(=O)c1ccc2ccccc2c1,-0.9415666460990906
guided,Cc1ccccc1OC(=O)CCC(=O)OC(C)C,-3.4822044372558594
guided,Cc1nc(S(=O)(=O)Cc2ccccc2)nc2c1CCC2,-2.515291452407837
guided,OCCC[C@@](O)(CN1CCOCC1)c1ccc2ncccc2c1,-1.7610143423080444
guided,CCCOc1ccc(/C=N/NC(=O)CSc2ccccn2)cc1OC,-1.72880220413208
guided,CC(C)OC(=O)C/[S+]=C1\C=C[S+]=C1N([O-])[O-],-1.2284464836120605
guided,[O-]n1cc([C@H](O)COCc2ccccc2)n[o+]1,-0.7777013778686523
guided,COc1cc(NC(=O)/C=C\c2cccnc2)c(OCC=C(C)C)c(Cl)c1O,-2.1606698036193848
guided,O=C(COC(=O)CCc1ccccc1)NC1CC1,-2.832969903945923
guided,O=C(CSc1nc(N2CCOCC2)nc(N2CCOCC2)n1)NCc1ccco1,-0.316233366727829
guided,COCCNc1ncc2c(n1)C[C@@H](c1ccccc1F)CC2=O,-2.1976115703582764
guided,NNC(=O)c1cnn(-c2cccnc2)c1-c1cccc(C(F)(F)F)c1,-0.8428571224212646
guided,CO[C-]1[CH+][C-]2[CH+][CH-][C+](CN(C[c+]3[cH-][cH+][cH-]s3)[C+]([O-])[c+]3[cH-][cH+][cH-]o3)N[C-]2[CH+][CH-]1,-2.5064191818237305
guided,O=C(CSc1ccc(F)cc1)Nc1cccc(NC(=O)c2ncn[nH]2)c1,-0.7197968363761902
guided,CCOC(=O)[C@@]1(Cc2ccc(F)cc2)CCCN(C(=O)c2cn[nH]c2)C1,-1.417314052581787
guided,[O-][c+]1[cH-][nH][c+](-[c+]2[cH-][cH+][c-](OCCO)[cH+][cH-]2)[c-]1[N-][N-][c+]1[c+](Br)[cH+][c-](Br)[c+]2[cH-][cH+][cH-][n-][c+]12,-2.9990146160125732
guided,O=C(O)CC/C=C1\C=C(c2ccccc2)SC=N1,-4.339580535888672
guided,Cc1ccn(CC(=O)Nc2ccc(Sc3ccc(Cl)cc3Cl)c(CN(C)C)c2)n1,-5.698107719421387
guided,Cc1ccc(S2(=O)([O-])C3=NC(=O)[C+]4=C(/C(=C(/[O-])NCc5ccc(OCc6ccc(F)cc6)cc5)C=C(O)[C]4)N32)cc1.[H+],-1.0280319452285767
guided,COc1ccc(F)cc1C(=O)CSc1c(C)n(C)c2ccccc12,-7.734262466430664
guided,COc1ccccc1N1CCN(C(=O)/C=C/CN2CCC[C@H](C)C2)CC1,-5.730129241943359
guided,CS(=O)(=O)c1ccccc1C(=O)O[C@H]1CCOC12C(=O)c1ccccc1C2=O,-0.39410704374313354
guided,O=C(CN1C(=O)COc2ccccc21)NCCOCCO,-0.4953872263431549
guided,NC(=O)c1nc(Nc2ccccc2)sc1NC(=O)C1CCCCC1,-1.0472261905670166
guided,N#Cc1cc(C(=O)c2cc3ccccc3oc2=O)cn(Cc2cccnc2)c1=O,-0.49859288334846497
guided,Cc1nc2c(C)cccn2c1/C(O)=C1\C(=O)C(=O)N(CCN2CCOCC2)[C@H]1C(N)=O,-0.3250879943370819
guided,COCc1[nH]nc2c1[C@@H](C)C(C(C)=O)=CO2,-2.0741000175476074
guided,O=S(=O)(Cc1cc(Sc2ccccc2)nc(-c2ccccc2)n1)c1ccccc1,-4.566715717315674
guided,Cc1cc(C)c2cc3ccc4cccnc4c3nc2c1,-8.73940372467041
guided,O=C(NNCc1ccc(Cl)cc1)c1ccccc1OCc1ccccc1,-4.776778697967529
guided,Cc1ccccc1NC(=O)CCOc1ccccc1,-5.726939678192139
guided,COCC(=O)NNC(=O)c1ccc2ccccc2c1,-1.6108102798461914
guided,O=C(NN1C(=O)c2ccccc2N[C@H]1C1=NCCCCC1)c1ccncc1,-0.802748441696167
guided,CSc1ccc(NC2=NC[C@H](C)S2)cc1,-8.179495811462402
guided,O=C(c1ccc(CS(=O)(=O)c2ccc3c(c2)OCO3)o1)N1CCN(C2CCCCC2)CC1,-0.9906688928604126
guided,COC(=O)c1ccccc1NC(=O)[C@@H]1CC(c2ccccc2O)=NO1,-0.4976348280906677
guided,CC(=O)CS(=O)(=O)c1ccc(Oc2ccccc2C)cc1,-2.8287289142608643
guided,C/C(=N\NC(=O)c1ccc(Br)o1)c1cccc(NC(=O)c2ccc(C)o2)c1,-1.688918113708496
guided,CCCC(=O)c1ccccc1NC(=O)c1cc(-c2ccc(OCC)cc2)nc2ccccc12,-5.284806251525879
guided,S=C(NCCSCc1ccc(Cl)c(Cl)c1)Nc1ccccc1,-9.761690139770508
guided,O=S(=O)(c1ccc(F)cc1)N1N=C(c2cccs2)C[C@H]1c1ccc(F)cc1,-5.039914131164551
guided,Fc1ccccc1-c1nc(SCc2ccccc2Cl)n[nH]1,-6.168900966644287
guided,COc1ccc(-c2[nH]c(=O)[nH]c(=O)c2-c2nc3ccccc3s2)cc1,-0.9114792346954346
guided,O=C(NC1CCCCCCC1)[C@@H](c1cccc(F)c1)N1CCCCC1,-7.688155651092529
guided,NS(=O)(=O)c1ccc(CNC(=S)NCc2ccccc2)cc1,-0.6643768548965454
guided,CNC/[S+]=C1\N=C2C[C@@H](c3ccco3)CC([O-])=C2C=C1C#N,-0.6959266066551208
guided,Cc1ccc(OCc2cc(OC(C)C)ncn2)c(F)c1,-4.885009765625
guided,Clc1ccccc1[C@H](c1nnnn1Cc1ccco1)N1CCCC1,-2.8812406063079834
guided,Cc1ccc(OC[C@H](O)CN2CCN(c3ncccn3)CC2)cc1,-2.0851504802703857
guided,Cc1cc(C(=O)N/N=C/c2cccc(OC(=O)c3cccs3)c2)n[nH]1,-0.6793428659439087
guided,COC(C[C@@H]1O[C@@H]1[C@@H](O)[C@H](C)OCc1ccccc1)OC,-2.3591649532318115
guided,O=C(O)c1cccnc1SCc1cc(=O)n2ccsc2n1,-0.7691743969917297
guided,COc1cc(C(=S)N2CCCC2)ccc1OCc1c(Cl)cccc1Cl,-10.32221508026123
guided,Nc1ccccc1OC(=O)c1ccc(O)cc1,-1.4148832559585571
guided,CCc1cccc(CC)c1NC(=O)Nc1cccs1,-6.185091495513916
guided,COc1cccc(-n2c(=O)c3ccccc3n(CC(=O)NC[C@H]3CCCO3)c2=O)c1,-0.3166757822036743
guided,N#Cc1nc(Cc2ccccc2)oc1N1CCCCC1,-3.616502285003662
guided,CCCCS(=O)(=O)N1CCC(CN2C(=O)c3ccccc3C2=O)CC1,-1.3333775997161865
guided,O=C(Cc1ccccc1)NCc1cccc(C(=O)c2ccccc2)c1,-4.871229648590088
guided,COc1cc2c(cc1O)CCN[C@H]2C,-4.738582134246826
guided,COCCCNC(=O)[C@@H](Cc1ccccc1)NC(=O)c1ccc(N(C)C)cc1,-1.5164868831634521
guided,NC(=O)C1(N2CCCCC2)CCN(S(=O)(=O)c2ccc(Cl)s2)CC1,-0.7947653532028198
guided,CCCn1c(N)c(-c2nc(-c3ccco3)c(C(=O)c3ccc(OC(F)F)cc3)s2)c(=O)n(C)c1=O,-1.169350266456604
guided,O=C1C=CN=C2Nc3ccccc3[N@+]34CCN(C(=S)Nc5ccccc5Br)C[C-]3[C@]124,-3.543200969696045
guided,N[P@@](=O)(OCCCCc1ccccc1)Oc1ccc2ccccc2c1,-4.438087463378906
guided,Cc1nn(C)c(-c2nnc(SCC(=O)NNC(=O)c3cccc(Br)c3)n2C)c1Cl,-0.5763506889343262
guided,COc1ccccc1OC(=O)c1ccccc1NC(=O)C(=O)c1ccccc1,-1.5803546905517578
guided,CC(=O)CS(=O)(=O)c1c(C)[nH]c2ccccc12,-1.7958178520202637
guided,COc1ccc(/C(C)=N/NC(=O)c2ccccc2F)c(OC)c1,-2.758160352706909
guided,CC(=O)c1ccc(OCCN2C(=O)C[S+]=C2[O-])cc1,-1.5100817680358887
guided,N/C([O-])=C1\C=C[S+]=C1NC(=O)CSc1nnc(-c2cccs2)n1N,-0.30370569229125977
guided,CCOP(=O)(OCC)[C@@H](Nc1ccc(C(=O)O)cc1)c1ccccc1,-2.344224452972412
guided,C[C]1[CH][CH][C](N[C+]([O])CN(C)C[C]([O])N[C]2[CH][CH][C]3[CH][CH][CH][CH][C]3[CH]2)[CH][C]1N([O-])[O-],-0.5596945881843567
guided,Cc1nc2[nH]cnn2c(=O)c1NC(=O)c1ccc(F)cc1,-0.42717018723487854
guided,CCOC(=O)CNc1c(-c2ccccc2)nc2ccc(Cl)cn12,-3.589358329772949
guided,COc1ccc(Cl)cc1C(=O)Nc1nc(C)cc(C)n1,-2.412717580795288
guided,CCSc1cnc(-c2cccc(F)c2)o1,-7.98565673828125
guided,[H]/N=c1\c(C(=O)NCc2ccccc2)cc2c(=O)n3ccccc3nc2n1Cc1ccc(F)cc1,-0.9889161586761475
guided,Cc1cc(F)ccc1S(=O)(=O)Nc1cc([N+](=O)[O-])ccc1N(C)CCc1ccccc1,-1.8494633436203003
guided,[H]/[O+]=C(\CC1=c2c(ccc/c2=C/NC)OC([O-])=C1)C(F)(F)F,-1.8304014205932617
guided,Brc1ccc(-c2csc(Nc3ccccn3)n2)cc1,-6.827815055847168
guided,COC(=O)c1[nH]c2ccc(C)cc2c1NC(=O)CCN1CCCC1,-1.458534598350525
guided,Nc1c(C(=O)NCCc2ccc(Cl)cc2)sc2ccccc12,-3.984682321548462
guided,CCN(CCC[NH+][C]([O-])CCCN[C]([O])[C]1[CH][CH][C][N][C]1[O])[C]1[CH][CH][CH][CH][CH]1.C[O+][C]1[C][CH][CH][CH][CH]1,-0.5476667881011963
guided,S=c1[nH]nc(C2CCCCC2)n1/N=C/c1ccccc1,-5.038772106170654
guided,Cc1ccc(N)c(C)c1,-7.428555011749268
guided,C[C@@H]1CN=C(N(Cc2cccs2)CC2CCCCC2)S1,-10.939539909362793
guided,Cc1cc(C)cc(OCc2ccc(C(=O)NN)o2)c1,-1.116027593612671
guided,O=C1CC[C@@H](O)C/C1=C\c1cccc(Cl)c1,-5.746305465698242
guided,[N][C]C(N[C]1[C](Cl)[CH][CH][CH][C]1N([O-])[O-])[C+]1[CH][CH][CH][CH][CH]1,-0.8849709630012512
guided,COc1cccc(-n2c(=O)[nH]c(=O)c3c2n(C)c(=O)n3-c2cccc(C)c2)c1C,-0.4206773042678833
guided,CCS(=O)(=O)N1CCC[C@H](C(=O)c2cccn2C)C1,-2.441960334777832
guided,S=c1[nH]nc(-c2ccc(Cl)cc2)n1/N=C/c1ccccn1,-3.231166362762451
guided,Cc1ccc(O)c(NC(=O)[C@@H]2[C@@H](C(=O)O)[C@H]2c2ccccc2)c1,-0.8948841094970703
guided,[H]/N=c1\n(CC)c2ccccc2n1CCO,-3.021315574645996
guided,CC(=O)c1ccc(-n2c(SCC(=O)Nc3ccccc3)nnc2-c2ccco2)cc1,-1.8317718505859375
guided,N/C(=N\N=C/c1ccc(Br)o1)N/N=C/c1ccc(COc2ccc3ccccc3c2)o1,-1.9157202243804932
guided,Cc1ccc(Sc2ccc3ccccc3n2)cc1Cl,-12.127289772033691
guided,CCCCNC(=O)c1c(N)n(CCN2CCOCC2)c2nc3ccccc3nc12,-0.37653622031211853
guided,C[C@H](C(=O)Nc1ccc(F)cc1)N(Cc1ccccc1)C(=O)CN1C(=O)c2ccccc2C1=O,-1.2317967414855957
guided,NS(=O)(=O)OCCCc1ccccc1,-1.5284286737442017
guided,NC(=O)CS(=O)(=O)c1ncc(-c2cccc(C(F)(F)F)c2)n1-c1ccccc1,-0.7025439143180847
guided,O=C(C[C@@H](C/C=C/[C@@H]1CCCC[C@H]1O)CCN1CCCCC1)c1ccc2c(c1)Cc1ccccc1-2,-8.97099781036377
guided,CC(C)n1nnc2ccsc2c1=O,-3.8711509704589844
guided,CCCOc1ccc([N+](=O)[O-])cc1,-3.48211669921875
guided,CCCCCCc1ccc2ccccc2n1,-11.197770118713379
guided,CCCCOCC1[CH-]CC([C+]([O-])NCC2CCCCC2)C1(C)CO,-2.466165781021118
guided,S=[P@](c1ccc2ccccc2c1)(N1CCCC1)N1CCOCC1,-9.772808074951172
guided,S[C][N-][C+]1[CH+][CH-][C+](N2CCOCC2)[CH-][CH+]1,-7.244636535644531
guided,CCC[C@@H](C)C(=O)Nc1cccc(NC(C)=O)c1,-3.0232739448547363
guided,CC[C@@H](Sc1ccc2c(c1)NC(=O)CO2)C(=O)Nc1nccs1,-1.2229855060577393
guided,[O][C]1CCCN1[C]1[CH][CH][C](S([O])([O])O[C+]2[CH][CH][CH][C](Cl)[CH]2)[CH][C]1N([O-])[O-],-1.0622059106826782
guided,COc1cc(S(=O)(=O)N(Cc2ccco2)C[C@H](O)CO)ccc1Cl,-0.32027575373649597
guided,N[C@H](Cc1cc(I)c(Oc2ccc(O)c(I)c2)c(I)c1)C(=O)O,-1.5316503047943115
guided,COC(=O)c1cc(COC(C)=O)oc1[C@H](COC(C)=O)OC,-0.4013596475124359
guided,Nc1ccc(OC2CCCCC2)cc1C(=O)NC1CCCC1,-2.825700044631958
guided,[H]/[O+]=C\[C@@H](O)[C@@H](O/C=[NH+]/c1ccc(C)c(N([O-])[O-])c1)[C@H](O)CO,-0.40105172991752625
guided,CCC(=O)[C@H]1CCCN(C(=O)c2cccc3ccccc23)C1,-6.078638553619385
guided,Cc1ccc(C(=O)O)cc1-n1c(C2CC2)n[nH]c1=S,-1.892513632774353
guided,CCOC(=O)/C=C/c1nc2sc(C(=O)OC)cc2cc1Cl,-2.4821674823760986
guided,O=C(CCl)Nc1ccc(Cl)cc1C(=O)NC1CC1,-2.809610366821289
guided,O[C@H](COc1ccc(Cl)cc1)CN1CC=C(c2ccccc2)CC1,-6.961987495422363
guided,COC(=O)c1ccccc1NC(=O)Cn1nnc(-c2ccc(OC)cc2)n1,-0.295596718788147
guided,O=C(CCn1cnc2c3ccccc3ccc21)NC1=[S+]C2=C(CCCC2)/C1=C(/[O-])Nc1cccc(Br)c1,-2.83107328414917
guided,C/C(CC(=O)Nc1c(C)cccc1C)=N\NC(=O)c1cnccn1,-0.47987714409828186
guided,COc1cc([C@H]2NCCS2)ccc1OCc1ccccc1,-7.155758857727051
guided,Nc1cc(Cc2cccs2)cc(C(=O)O)c1O,-0.9310212731361389
guided,Nc1nc(SCC(=O)NC(=O)NCc2ccco2)[nH]c(=O)c1-c1ccccc1,-0.3077530562877655
guided,Cc1ccc(-c2nn(-c3ccccc3)cc2C(=O)O)cc1C,-3.8288495540618896
guided,COc1ccc(C(C)=O)cc1COC(=O)CCc1nc2ccccc2c(=O)[nH]1,-0.6448365449905396
guided,O=[N+]([O-])c1cccc(OC[C@H](O)CN2CCN(S(=O)(=O)c3cc(Cl)ccc3Cl)CC2)c1,-0.6220492720603943
guided,O=C(Nc1cccc(NC(=O)c2ccccc2Cl)c1)c1cccs1,-4.360900402069092
guided,N#Cc1ccc(OC[C@@H](O)CN2CCN(c3ncc(C(F)(F)F)cc3Cl)CC2)cc1,-1.8064566850662231
guided,COc1ccccc1OCC(=O)Nc1c2c(nn1-c1ccccc1)C[S@+]([O-])C2,-0.7397416830062866
guided,CCOC(=O)C1=CN(CC)C(=O)/C(=C/N2CCN(C)CC2)C1=O,-1.555921196937561
guided,N/C(=N\C(=O)CNc1ccccc1)c1cccs1,-1.7538738250732422
guided,Cc1ccc(OC(=O)Nc2n[nH]c(=S)s2)cc1C,-2.4520323276519775
guided,CN(C)c1nnnn1C1CCCCC1,-4.004016876220703
guided,COCc1c(C(=O)OC/C(O)=C(\C#N)c2nc3ccccc3[nH]2)oc2ccccc12,-1.4419997930526733
guided,NC(=O)C1CCN(C(=O)c2ccccc2N2CCCCC2)CC1,-1.839073657989502
guided,O[C@H](CN1CCN(c2ccccc2)CC1)c1ccc(Cl)cc1,-7.585897445678711
guided,CCOCCn1c(Br)nc2c1c(=O)[nH]c(=O)n2C,-0.8128440976142883
guided,CN(CCC(=O)Nc1ccc(Br)cc1)Cc1ccccc1N,-3.1829280853271484
guided,Clc1ccc(OCc2nc3ccccc3nc2-c2ccccc2)cc1,-8.10577392578125
guided,COc1cc2c(cc1C(=O)O)CC(C(=O)OC(C)C)=C(C)N2C(=O)c1ccc(C)o1,-1.2350949048995972
guided,COc1ccc(C(C)(C)C)cc1OCC(=O)N[C@H](Cc1c[nH]c2ccccc12)C(=O)O,-1.1172186136245728
guided,Cc1cc(C)n2c(SCc3cccc(Oc4ccccc4)c3)nnc2n1,-4.946230411529541
guided,CCOc1cc(/C=C2/NC(=O)N(c3ccccc3F)C2=O)ccc1O,-1.3433191776275635
guided,Cc1cccc(N2CCN(C(=O)CS(=O)(=O)Cc3nc(-c4ccccc4)oc3C)CC2)c1C,-1.3660374879837036
guided,CCC(=O)OCn1nnc2ccccc2c1=O,-1.1560413837432861
guided,CC(O)CN[C]([O])C[CH-]C(COC([O-])[C]1[CH][CH][CH][CH][CH]1)O[C+](N)[O],-0.5280578136444092
guided,O=C(Nc1cccc(-c2nnn(CC(=O)N3CCCC3)n2)c1)c1cccc2ccccc12,-1.0050270557403564
guided,CC1C[c-]2[cH+][c-]([C][CH+][C-]([O-])[C+]([O-])N[C+]3[CH+][CH-][C+](N[C][N-2])[CH-][CH+]3)[cH+][cH-][c+]2O1,-0.3971046507358551
guided,COc1ccc(Cl)cc1C(=O)Nc1ccc([C@@H](c2ccc3cc[nH]c3c2)c2ccccn2)cc1,-5.619394302368164
guided,COc1ccccc1NCc1nnc(-c2ccccc2Br)o1,-3.450385808944702
guided,Cc1ccc(OCCCCN2CCC(C)CC2)cc1,-10.958898544311523
guided,O=C(Cc1cccc2ccccc12)NNC(=O)c1cccs1,-2.8979620933532715
guided,C[C+]1[CH-][CH+][C-](C)C[C-]1O[C][c+]1[n-][n-][c+]2n1CCCCC2,-4.932929039001465
guided,Cc1ccc(NC(=O)CSc2nnnn2-c2ccccc2C)cc1,-1.6893784999847412
guided,Cn1c(CSCc2c(F)cccc2Cl)nnc1SCC(=O)Nc1ccc(-c2nc3ccccc3s2)cc1,-5.7033891677856445
guided,Cc1nnc(/[S+]=C2/N=CC=NC2=[N+]([O-])[O-])c2ccccc12,-0.32951757311820984
guided,OCCc1ccncc1,-6.0640153884887695
guided,CCN1CC[C@H](CNC(=O)c2cc(C)n(CC(C)C)c2C)C1,-5.736122131347656
guided,COc1ccc(-c2nc(CN3CCCC[C@H](CCc4ccccn4)C3)c(C)o2)cc1,-5.4577555656433105
guided,CN(C(=O)c1ccc2nc(Cc3cccc(Cl)c3)oc2c1)c1ccc(N2CCOCC2)cc1,-4.556549549102783
guided,O[CH-][c+]1[n-][n-][c+](CS[c+]2[cH-][cH+][c-](Cl)[cH+][cH-]2)o1,-2.531215190887451
guided,CCN(c1ccccc1)S(=O)(=O)c1cc(-c2coc(C)n2)ccc1Br,-3.5815603733062744
guided,O=S1(=O)c2cccc3cccc(c23)N1C[C@@H](O)CN1CCOCC1,-1.3803606033325195
guided,O=C1CC(=O)CC(c2ccccc2)C1,-5.943523406982422
guided,O=C(/C=C/C=C/c1ccccc1)c1ccccc1OC(F)F,-8.832890510559082
guided,C[C-]1[CH+][C-]2C3CC(C)CCC[C+]([O-])NCCCN[C+]([O-])COC23[C+](Br)[CH-]1,-1.086012601852417
guided,CC(=O)Nc1ccc(C)cc1O,-3.6622474193573
guided,CCOC(=O)c1cnc2c(-c3csc(C)c3)cnn2c1C,-3.3374483585357666
guided,[O-][S@@+](Cc1ccccc1)Cc1ccc(O)c2ncccc12,-3.3860955238342285
guided,COC(CNC(=O)c1c[nH]c2ccc(S(=O)(=O)N3CCOCC3)cc2c1=O)OC,-0.3449554741382599
guided,COc1cccc(N2CN(CCc3ccccc3)CNC2=S)c1,-7.211824417114258
guided,Cn1c(=O)c2c(ncn2C[C@H](O)CO)n(C)c1=O,-0.430691659450531
guided,COc1ccc(/C=C2/S/C(=N\c3ccccc3)NC2=O)cc1F,-4.23223352432251
guided,NC(=O)C1=C[C@@H](c2ccc(-c3ccccc3)cc2)C[C@@H](OCCCCO)O1,-1.3614734411239624
guided,O=C(NCCCCCCn1c(=O)cnc2ccccc21)c1ccc2ccccc2c1,-3.413299322128296
guided,Nc1ccccc1N1CCOCC1,-5.085860252380371
guided,O=[N+]([O-])c1cccnc1N1CCN(Cc2ccc3c(c2)OCO3)CC1,-0.8481953144073486
guided,CCNCCNC(=O)c1c(O)c2cccc3c2n(c1=O)CCC3,-0.6636427044868469
guided,Cc1ccc(OCC(=O)O/N=C(\N)c2ccccn2)c(C)c1,-0.6117954850196838
guided,CNC[C@]1(O)CC[C@@H](O)[C@H](N)[C@H]1O[C@@H](O[C@H]1O[C@H](CO)[C@@H](O)[C@H](N)[C@@H]1O)[C@H](N)CCNCCO,-0.5854514241218567
guided,O=c1[nH][nH]c(-c2ccccc2)c1/C=N/N1CCOCC1,-1.2389861345291138
guided,O=C(NCc1cccnc1)c1cccnc1/C=N/Cc1ccc(F)cc1,-2.2010912895202637
guided,CCC(=O)N[C@H](Nc1nccs1)C(Cl)(Cl)Cl,-3.4439666271209717
guided,COCCCNC(=O)Cn1nc(C(F)(F)F)c2c1CCCC2,-2.9245972633361816
guided,Oc1cc(F)ccc1/C=N/N1CCOCC1,-4.2201972007751465
guided,Cc1ncc(COC2CCCCC2)c(N)n1,-2.5102200508117676
guided,CCOc1cc(/C=N/NC(=O)Nc2ccccc2)ccc1OC,-1.8631573915481567
guided,[CH2-]C(CCN(CCCOC)C[c+]1[cH-][cH+][cH-][cH+][cH-]1)N[C-]([O-])[C+]1[CH+][CH-][C+](C[S+2]([O-])([O-])C[c-]2[cH+][cH-][cH+][cH-][cH+]2)O1,-0.6522125601768494
guided,Cc1oc(-c2ccc(/C=C/C(=O)O)cc2)nc1-c1ccccc1,-3.4201812744140625
guided,O=S(=O)(Nc1nc2ccccc2nc1Nc1ccccc1)c1cccs1,-1.8483870029449463
guided,C[C+]([O-])[c-]1[cH+][cH-][c+](N[C+]2[C][C+](CS[C+]3[CH+][CH-][CH+][CH+][N-]3)[N-][C-](C)[N-]2)[cH-][cH+]1,-2.2469797134399414
guided,COCCC(=O)NCCCN(Cc1ccccc1C)C(=O)Nc1ccccc1C,-2.3646059036254883
guided,OCCNC(=S)Nc1ccc(OCc2ccccc2)cc1,-3.318829298019409
guided,CCCCC(=O)N/C(=C/c1ccc(Br)cc1)C(N)=O,-1.6623948812484741
guided,O=C1C[C@@H](C(=O)N(CCO)Cc2ccccc2)CS1,-2.5955047607421875
guided,CNS/C=C/c1cccc2ccccc12,-10.912469863891602
guided,COc1cc(/C=N/NC(=O)CSCc2ccccc2)ccc1OCc1cccc(Cl)c1,-4.574740886688232
guided,[H+].[O-][C-](NC[C+]1[CH+][CH-][CH+][N-][CH+]1)C(C1[CH+]CCO1)N1[C][CH-][CH+][C-]1Br,-2.336609125137329
guided,C[C]1[C-][C]2[N][C](N3CCN(C[C]4[CH][CH][CH][C]5[CH][CH][CH][CH][C]54)CC3)[S+2][C]2[CH][CH]1.[CH2],-8.706840515136719
guided,O=C(NC(=S)NCc1ccccc1)c1cc(-c2ccccc2)nc2ccccc12,-4.609598636627197
guided,[N-2][C][C+]1[C+](O)[N-][C-]2N[C+]([O-])[C+]([c-]3[cH+][cH-][cH+][cH-][cH+]3)C([c-]3[cH+][cH-][cH+][cH-][cH+]3)[C+]2[C+]1[c-]1[cH+][cH-][c+](C(F)(F)F)[cH-][cH+]1,-2.65358567237854
guided,CN1CCN(S(=O)(=O)C2=C/C(=C(\N)[O-])[S+]=C2)CC1,-0.550480842590332
guided,COCCn1c(-c2ccc(C)cc2)cc2c(c1=O)[C@@H](c1ccc3c(c1)OCO3)C(C#N)=C(N)O2,-0.9781461954116821
guided,CC(=O)N1CCOc2cc(S(=O)(=O)N3CCCC3)c(Cl)cc21,-1.8373327255249023
guided,CCOC(=O)N1CCN(C(=S)NC(=O)c2c(-c3c(Cl)cccc3Cl)noc2C)CC1,-1.4363609552383423
guided,CNc1nc2c(c(=O)[nH]c(=O)n2C)n1CCCc1ccccc1,-0.5823684334754944
guided,COc1cc(-c2ccc3c(c2)OCO3)cc(OC)c1C(=O)O,-1.5467621088027954
guided,COCC(=O)OCC(=O)N(Cc1ccc(-c2ccccc2)cc1)Cc1ccco1,-2.3311986923217773
guided,COc1ccc(S(=O)(=O)NCCN2CCOCC2)cc1C,-1.5870006084442139
guided,CN(C)c1ccc(C(=O)OCC=C(C#N)C#N)cc1,-1.0759907960891724
guided,[O-][C+](N[c+]1[cH-][cH+][cH-][cH+][cH-]1)[C-](O)N(C[c+]1[cH-][cH+][cH-][cH+][cH-]1)[c+]1[n-][cH+][n-][c+]2[c+]1[n-][cH-]n2C[c+]1[cH-][cH+][cH-][cH+][cH-]1,-0.8959962129592896
guided,O=C(c1ccc([N+](=O)[O-])s1)N1CCN(c2ccccc2)CC1,-1.9996800422668457
guided,COC(CNC(=O)Cn1ncc2c(=O)oc3ccccc3c21)OC,-0.2752211093902588
guided,COC(OC)[C@@](O)(CC(N)=O)c1ccc(N(C)C)cc1,-0.6066165566444397
guided,COc1ccc(C(=O)OCC(=O)N2CCOCC2)c(OC)c1,-1.1376484632492065
guided,[O-]N([O-])[C+]([C][CH+][c-]1[cH+][cH-][c+](F)[cH-][cH+]1)[C+]1NCCN1C[c-]1[cH+][cH-][c+](Cl)[n-][cH+]1,-1.273863434791565
guided,Cn1c(CC(=O)c2ccco2)nc(=O)c2cccnc21,-0.9036873579025269
guided,CC(=O)c1c(/N=C\c2ccccc2[N+](=O)[O-])nc(=O)[nH]c1C,-0.47188761830329895
guided,N#CCCN(C(=O)COC(=O)COc1ccc(Cl)cc1)c1ccccc1,-1.415856122970581
guided,[O][C](OCN1[N][N][C+]2[CH][CH][CH][CH][C]2[C]1[O])[C]1[CH][CH][C](N2CCOCC2)[C](N([O-])[O-])[CH]1,-0.5084947943687439
guided,Nc1ccc(OCc2ccc(F)cc2)cc1,-6.080748081207275
guided,O=[N+]([O-])SCc1ccc(/C=N/O)o1,-0.7017145156860352
guided,O=C(O)COc1cccnc1[N+](=O)[O-],-0.42669156193733215
guided,NC(=O)c1ccsc1N,-1.661239504814148
guided,[CH2+]C[C@@H]1[C@@H](Sc2n[nH]c(NC(=O)c3ccccc3)n2)C([O-])=C(C)C1(C)C,-0.8579327464103699
guided,CN1CCC(NC(=O)C2CCN(Cc3ccc(OCc4ccccc4)cc3)CC2)CC1,-4.977994441986084
guided,NNC(=O)[C@@H]1C[C@H]1c1ccccc1,-2.8977243900299072
guided,CCCCn1c(-c2cccs2)nc2cc(NCc3cccs3)ccc21,-9.827329635620117
guided,COc1cc2[nH]c(C(=O)NCc3nc(C4CCCCC4)no3)cc2c(OC)c1OC,-1.0902730226516724
guided,NC(=O)CCS(=O)(=O)Cc1ccccc1,-0.996739387512207
guided,CCC[C@H](NC(=O)c1cccs1)c1nc2ccccc2[nH]1,-3.5484836101531982
guided,CCCCNc1ccc([N+](=O)[O-])cc1,-3.348926544189453
guided,[O][C]1CCCN1[C]1[CH][CH][C](S([O])([O])N[C+]2[CH][CH][C](Cl)[CH][CH]2)[CH][C]1N([O-])[O-],-0.8626399636268616
guided,COc1ccccc1N(CC(=O)NC1CCCC1)S(=O)(=O)c1ccccc1,-1.4637081623077393
guided,CO[C]1[CH][C]2O[C]([O])[C]3CCCC[C+]3[C]2[C](O[C]2[CH][CH][CH][CH][C]2N([O-])[O-])[C]1C,-1.3583345413208008
guided,Nc1ccccc1Oc1nc(-c2cc3cc(Br)ccc3oc2=O)cs1,-2.8740174770355225
guided,O=C(Cn1cnc2ccccc21)N/N=C/c1ccccn1,-1.2497888803482056
guided,O=C(c1cc(-c2n[nH]c(=O)c3ccccc23)c(Cl)[nH]1)N1CCSCC1,-1.0918092727661133
guided,S=c1[nH]nc(Cc2ccc(CCN3CCCCCC3)cc2)n1-c1ccc2c(c1)OCCO2,-4.483747482299805
guided,CN1[C+](CC[C+]2[N-][CH+][C+]([c-]3[cH+][cH-][cH+]s3)N2C[c-]2[cH+][cH-][c+](F)[cH-][cH+]2)[N-][N-][C-]1SC[C-]([O-])[N-]C[C+]([O-])N1CC[C-]2[CH+][CH-][CH+][CH+][C+]21,-2.4306957721710205
guided,[H]/N=c1\c2c(nc(N)n1-c1ccccc1)[C@H](C)C=CC2,-1.7932571172714233
guided,[O-][C+]([OH+][N-][C-]1CC2[C][C][C][C][C+]2CC1[C+]1[C][CH-][C+](F)[CH+][CH+]1)[C+]1[CH+][CH-][CH+][c-]2[cH+][cH-][cH+][cH-][c+]21,-4.6927337646484375
guided,NC12C3N1[N-][N-][N+]32[c+]1[cH-][cH+][c-](F)[cH+][cH-]1,-2.731572389602661
guided,CCOc1ccc([C@H](CC(=O)O)NC(=O)c2ccccc2N)cc1,-0.5999951958656311
guided,Cc1nc2cc(NC(=O)N[C@]34C[C@H]5C[C@H](C[C@H](C5)C3)C4)ccc2o1,-2.96612286567688
guided,FC(F)(F)CNC(=S)Nc1cccc(Cl)c1,-8.277271270751953
guided,CCOC(=O)C1=C(C)NC=C(/C=N/NC(=O)c2cccc(O)c2)[C@H]1c1ccc(OC)cc1,-0.8919249773025513
guided,C/C(O)=C/c1c(C)nc2ccccn12,-5.596094131469727
guided,COC[C@@H](COS(N)(=O)=O)C(C)C,-1.039587378501892
guided,CNNC(=S)NCCOc1cccc(C(F)(F)F)c1,-4.178565979003906
guided,Nn1c(CSCc2ccc3c(c2)OCO3)nnc1SCC(=O)Nc1ccccc1-c1ccccc1,-1.8071801662445068
guided,O=S(=O)(c1cccc(C(F)(F)F)c1)N1CCCCCC1,-5.934254169464111
guided,CCCO[C@@H]1CCCN(C(=O)c2cc(COc3ccc(F)cc3)on2)C1,-2.5810418128967285
guided,C/C(N)=C(/C#N)C(=O)CSc1nc(-c2ccc(Br)cc2)ccc1C#N,-1.2585116624832153
guided,COc1ccc(-c2csc(NC3=NCCCCC3)n2)cc1OC,-3.995466470718384
guided,O=C(N[C@H]1CCS(=O)(=O)C1)c1cccc(S(=O)(=O)N2CCOCC2)c1,-0.3678630292415619
guided,C/C(=N\NC(=O)NC1CCCCC1)c1cccc(NC(=O)Cc2ccccc2)c1,-1.949212670326233
guided,O=C(N/N=C/c1cccnc1)c1ccc(NC(=O)c2ccc(F)cc2)cc1,-1.2368781566619873
guided,O=C(CCCSc1nccn1-c1ccc(F)cc1)NCc1ccccc1F,-5.168651103973389
guided,[CH2-]N1CN=C(NS(=O)(=O)c2ccc(N)cc2)NC1.[H+],-0.34468358755111694
guided,O=C(CN1CCCCC1)Nc1cccc2c(NC(=O)[C@@H]3CCCO3)cccc12,-2.0289981365203857
guided,COc1ccccc1CCn1c(C)c(C#N)c(=O)[nH]c1=O,-0.49823325872421265
guided,COC1=C[CH-]/C(=C2/N3N=C(N4CCOCC4)C=C[N@+]23c2ccccc2)C=C1OC,-4.411128044128418
guided,CCCNC=C1C(=O)CC(C)(C)CC1=O,-4.2091383934021
guided,CCOc1ccc(C)cc1NC(=O)Cn1ncc(Cl)c(Cl)c1=O,-1.6309858560562134
guided,Cc1cccc(C)c1N(CC(=O)Nc1ccccc1C(=O)O)S(C)(=O)=O,-0.5187038779258728
guided,C[C@H]1Cc2n/c(=[S+]\CC(=O)Nc3nc4c([O-])n(C)c(=O)n(C)c-4[s+]3)n(C)c([O-])c2S1,-0.2924712002277374
guided,CN1c2ccccc2[C@@]2(C)[C@@H]1N(C)C(C)(C)[C@@H]2OC(=O)c1ccco1,-4.524436950683594
guided,Cn1cccc(C(=O)N(Cc2ccco2)c2ccccn2)c1=O,-1.6862090826034546
guided,C[C+]1[CH+][C+](C)N(C[c+]2[cH-][cH+][cH-][c+]3[nH][c-]4[c+]([cH+][c-](N([O-])[O-])[c+]5[n-][c-](C)[c-](O)o[o+]6[cH+][cH-][cH+][c-]6[cH+][c+]54)[n-][c-]23)[N-]1.[H+],-3.4077882766723633
guided,CCOc1ccc(OCC)c(NC(=O)c2ccc(-c3ccccc3)cc2)c1,-6.083617210388184
guided,C=[N+](CCOC[CH2-])C(=O)Nc1cc(N)ccc1F,-1.7159150838851929
guided,Cc1ccc(NC(=O)c2ccccc2NC(=O)C2CCCCC2)cc1N,-1.9584826231002808
guided,Fc1ccc(N2CCN(Cc3nc4cc5cc6ccccc6cc5nc4n3C[C@@H]3CCCO3)CC2)cc1,-6.187905788421631
guided,Clc1cccc(Cl)c1COc1ccc(Br)cc1,-13.010619163513184
guided,[N-]=C1[C@]2(C#C/C=C/[CH-]C(=O)O)C3=N[S+2]132,-1.4630111455917358
guided,Cc1cc(NC(=O)c2ccccc2)ccc1-c1cccc(C(=O)O)c1,-3.3244404792785645
guided,CC[C@@H](C)NC(=O)CSc1ccc(Cl)cc1,-7.326717376708984
guided,O=C(CSc1ccc(-c2ccccc2)nn1)NCCN1C(=O)CSC1=O,-0.4757234752178192
guided,Cc1ccc(/C=C(/C#N)c2nc3ccccc3[nH]2)cc1CCC(=O)O,-1.5114084482192993
guided,O=[N+]([O-])c1ccc(N2CCCCC2)cc1NC1CCN(Cc2ccc3c(c2)OCO3)CC1,-2.2111644744873047
guided,CN(N=O)C(=O)NCCN1CCN(Cc2ccccc2)CC1,-1.5661931037902832
guided,CCCNC(=O)c1ccccc1NC(=O)CN(C1CCCCC1)S(C)(=O)=O,-0.5903689861297607
guided,COc1ccc2oc(=O)cc(CN3CCOCC3)c2c1,-3.198427677154541
guided,O=c1oc2cc(NCCO)ccc2c2c1CCC2,-2.1777279376983643
guided,COc1ccc(/C(C)=N/NC(=O)c2ccc(-c3cccc([N+](=O)[O-])c3)o2)c(OC)c1,-1.3705949783325195
guided,COc1ccc(NC(=O)CNS(=O)(=O)c2cccs2)cc1OC,-0.35060960054397583
guided,Nc1nc(SCc2ccccc2)nc2sc3c(c12)CCCC3,-4.667045593261719
guided,CCS(=O)(=O)[C@@](C)(CCl)C(=O)Nc1cc(C(F)(F)F)cc(C(F)(F)F)c1,-3.2473888397216797
guided,CCN(C(=O)c1cccc(C#N)c1)c1ccccc1,-4.842172622680664
guided,O[C@@H](c1ccccn1)c1c[nH]c2ccc(F)cc12,-4.007007122039795
guided,CCOC(=O)N1CCN(C(=O)CCS(=O)(=O)c2ccc(N3C(=O)[C@@H]4[C@H]5CC[C@H](C5)[C@@H]4C3=O)cc2Cl)CC1,-0.6765221953392029
guided,CO[N][CH]C([C](C)[O])[C]1[N]N([C+]2[CH][CH][CH][CH][CH]2)[C](C)[C]1N([O-])[O-],-0.5296748280525208
guided,O=P(Oc1ccccc1)(Oc1ccccc1)c1ccccn1,-4.748157978057861
guided,CO[c+]1[cH-][c+]2[c-]([cH+][c-]1OC)N[C-]([O-])CC2[c-]1[cH+][cH-][c+]([C-]2[C+]3[O+]2C3([O-])O)o1.[H+],-0.2768952250480652
guided,CCCOc1cc(/C=[N+](\C)C(=O)c2ccccc2C(=O)N(C)/C([O-])=N/C)ccc1OC,-0.3791877031326294
guided,CCCCOc1ccccc1OCCNC(=O)CCC(=O)O,-0.7862305045127869
guided,[CH][C]C(O[C+]1[CH+][N-][C+]([C-](N)[N-]O[C+]([O-])C2CC2)[CH+][CH-]1)C(F)(F)F.[H+],-0.6412773132324219
guided,Cc1[nH]c(-c2occc2C=C(C#N)C#N)c(C)c1CO,-0.8132947087287903
guided,COc1ccccc1C/N=C/c1ccc[nH]1,-5.564090728759766
guided,O=S(=O)(O/N=C1\CCCc2ccccc21)c1ccccc1,-3.3384690284729004
guided,O=C(c1ccc2c(c1)C[C@@H]1CCC[C@H]3[C@@H](C1)[C@@H]23)[C@H]1CCCN(C2CCCCC2)C1,-11.478205680847168
guided,COc1cc(OC)c(OC)cc1Nc1ncnc2c1[nH]c1ccccc12,-1.6628828048706055
guided,COc1ccc(C(=O)O)cc1O,-1.8130388259887695
guided,CCC[C@@H](OC(=O)c1ccccc1)[C@@H]1C[C@H](c2c(CC)c(C)nn2-c2ccccc2)OC1=O,-3.7717764377593994
guided,O=C(NC1CCCC1)[C@@H](c1ccco1)N(C[C@@H]1CCCO1)C(=O)Cn1ncc2ccccc21,-1.1184865236282349
guided,Brc1ccc(CSc2nc3ccccc3c3ncnn23)cc1,-5.708807468414307
guided,[O-][S@@+](Cc1ccccc1)c1ccc(OC[C@@H](O)CN2CCN(c3ccccn3)CC2)cc1,-1.6725274324417114
guided,CCOC(=O)N/N=C/c1ccc([N+](=O)[O-])o1,-0.4474693834781647
guided,NNC(=S)Nc1ccc(F)cc1,-3.602503776550293
guided,[H+].[NH-][c+]1[n-]o[n-][c+]1[C-](N)[N-][N-][C+]1[CH+][C+](N([O-])[O-])[CH-][CH+][CH-]1,-0.39183223247528076
guided,[H+].[H+].[H+].[N-2][C+]1N(CN2CCN([c-]3[cH+][cH-][c+](N([O-])[O-])[cH-][cH+]3)CC2)C12[CH+][CH+][CH+][CH+][N-]2,-0.6010299324989319
guided,CCOC(=O)N1N=C(c2ccc3c(c2)OCO3)C[C@@]1(O)C(F)(F)F,-1.0329604148864746
guided,CCOCCn1c([C@H](C)O)nc2ccccc21,-3.9600939750671387
guided,CCOc1cc(C(N)=O)cc(Cl)c1OCc1ccc([C@H](CC2CCCCC2)NC(C)=O)o1,-2.4742720127105713
guided,Nc1c2c(nc3cc(-c4ccc(Cl)cc4)nn13)CCC2,-3.3056466579437256
guided,CC1=C(C(=O)OC(C)C)C(NC(=O)Cc2ccccc2)=[S+]/C1=C(/[O-])N1CCN(C)CC1,-0.6085925102233887
guided,Cc1cccc(/C=N/NC(=O)c2ccccc2-n2cccn2)c1,-2.8288822174072266
guided,O/N=C1\CCCCC2=C1[C@H]2c1ccccc1,-6.838196277618408
guided,COc1ccc(C(=O)Cn2nc(Cc3cccnc3)c3ccccc3c2=O)cc1,-1.6979032754898071
guided,Cc1ccc(C)c(NC(=O)c2ccc(C#CC3(O)CCCCC3)cc2)c1,-5.136585235595703
guided,[CH2+][C+]([CH-][c+]1[cH-][cH+][c-](C(F)(F)F)[cH+][cH-]1)[C+]([O-])C(O)[C-]1CCC(C)O1.[H+],-3.6220741271972656
guided,Cc1ccccc1OCC(=O)Oc1ccc2oc(=O)cc(CN(C)CCC#N)c2c1,-1.0109132528305054
guided,COc1ccc(S(=O)(=O)N2CCN(c3cc(Cl)ccc3C)CC2)c2cccnc12,-2.8657753467559814
guided,Cn1c(=O)[nH]c(=O)c2c1nc(CN1CCCC1)n2C[C@H](Cc1ccccc1)C(N)=O,-0.24235014617443085
guided,O=S(=O)(Nc1ccc(N2CCCCC2)cc1)c1cccc2cccnc12,-3.1326351165771484
guided,Nc1cc(=O)[nH]c(SCC(=O)N2CCCCCC2)n1,-0.4650672674179077
guided,O=C(CN(C(=O)c1ccccc1)C1CCCCC1)NNC(=O)NC1CC1,-0.5790773034095764
guided,CCCCOC(=O)c1ccc2c(c1)c1ccccc1n2CC(=O)O,-2.4860079288482666
guided,CSCc1ccc(CCC(=O)Nc2ccccc2C(F)(F)F)cc1,-8.700304985046387
guided,[H]/N=C1/CCSN1c1ccc(C#N)cc1,-3.679932117462158
guided,Cc1ccc2cc3c(NC(=O)[C@H]4CC(c5ccc(F)cc5)=NO4)nn(CC(C)C)c3nc2c1,-2.4992566108703613
guided,COc1ccc(S(=O)(=O)NCc2n[nH]c(-c3ccccc3)n2)cc1,-0.3791719675064087
guided,CN[C@H](C[C@]1(O)CC(c2cccnc2)=NO1)NC(=O)C(C)(C)C,-0.35583558678627014
guided,Cc1ccc(OCC(=O)N/N=C/C=C/c2ccco2)cc1C,-2.4488167762756348
guided,Oc1cc(COc2ccccc2)cc2ccccc12,-7.740769386291504
guided,C[C@@H]1C[C@H](C)CN(S(=O)(=O)c2ccc(C(=O)Nc3sc4c(c3C#N)CCC4)cc2)C1,-1.6042139530181885
guided,COc1cccc(-c2nnc(NC(=O)CCCC(=O)Nc3ccc(C)c(Cl)c3)s2)c1,-2.2020249366760254
guided,C/C=C(\C=N/NC(=O)c1ccc(Cn2cccn2)o1)/C=C1/C=CC(O)=CC1=O,-0.6922430396080017
guided,O=C(OCC(=O)N1N=C(c2ccc(Cl)cc2)C[C@@H]1c1ccccc1)c1cc2ccccc2oc1=O,-2.388827085494995
guided,OCc1nccn1Cc1ccccc1Cl,-5.307682037353516
guided,Cn1nc(C(=O)OCC(=O)Nc2ccccc2F)c2ccccc2c1=O,-0.4481702148914337
guided,CC[C@H](C)c1ccccc1Oc1ccccc1,-12.609640121459961
guided,CN(C)c1cc2c(c(Cc3ccc([N+](=O)[O-])cc3)c1)C(=O)CC2,-2.6841695308685303
guided,O[C@H](Cn1cncn1)c1c(F)cccc1Cl,-3.529867172241211
guided,COc1ccc(CCC(=O)Nc2nccs2)cc1OC(=O)c1ccccc1,-1.9289730787277222
guided,CCC[C@@H](Cc1ccc(OCc2ccccc2)c(OCC)c1)NC(=O)Nc1ccc(COC)cc1,-5.018221378326416
guided,Cc1ccc(C)c(Sc2cccc3cccnc23)c1,-11.748478889465332
guided,CN1CCN(c2ccc(-c3nn(C)c(=O)c4ccccc34)cc2[N+](=O)[O-])CC1,-0.7012652158737183
guided,Fc1cccc(Nc2c(-c3ccco3)nc3ccc(F)cn23)c1,-6.037592887878418
guided,COc1ccc(OC[C@H](O)CN2C(=O)NC(C)(C)C2=O)cc1,-0.47549310326576233
guided,Cc1ccccc1NC(=O)Cc1nc(COC(=O)CSc2ccccc2C)cs1,-3.2640249729156494
guided,CCCOc1ccccc1N1C(=O)C[C@@H](N(C)C)C1=O,-3.4788641929626465
guided,CCOc1ccc(Nc2nc(Cl)nc(NCCO)n2)cc1,-0.5182397961616516
guided,COc1cc(C(=O)NNC(=O)C2CCCCC2)ccc1OC1CCN(C(C)=O)CC1,-0.626872718334198
guided,CCO[C-]1[CH+][CH-][CH+][CH-]C1[C][c+]1[c+](C)[c+](CC[C-]([O-])O)[c+]2[n-][c+]([O-])[c-](C[c+]3[cH-][cH+][cH-][c+]4[cH-][cH+][cH-][cH+][c-]34)[c+]([O-])n12,-0.7535921335220337
guided,CCOC(=O)/C(C#N)=C\c1ccc(N(C)C)cc1,-3.238804817199707
guided,COC(CNC(=O)C[C@]1(C)CCc2cc3c(ccc4ccccc43)c(C)c2O1)OC,-4.109175205230713
guided,C/C(N)=C(/C#N)C(=O)CSc1nnc(Nc2ccccc2)s1,-0.64422607421875
guided,O=C1c2cccc3c(N4CCCCC4)ccc(c23)C(=O)N1c1cccs1,-6.345432281494141
guided,COc1ccc(/N=C2\SCC(=O)N2CCC#N)cc1,-1.971150279045105
guided,NC(=O)c1ccsc1/N=C/c1ccccc1OCC(=O)O,-0.4471329152584076
guided,NNC(=O)c1cccc(S(=O)(=O)Nc2cccc(F)c2)c1,-0.3212277591228485
guided,COCCC(=O)N1CCC[C@H](C(=O)c2ccccc2SC)C1,-4.300739765167236
guided,CNC[C@H](C)NN(c1ccccc1C)c1cccc2ccccc12,-8.328939437866211
guided,O=C(CSc1nnc(CNc2ccc(Cl)cc2)o1)Nc1nccs1,-1.1122596263885498
guided,CN(CC(=O)Nc1ccc2c(c1)OCO2)S(=O)(=O)c1ccc(F)cc1,-0.6377274990081787
guided,CO[c-]1[cH+][cH-][cH+][cH-][c+]1[CH-]C(C(C)N(C)[C+]([O-])[CH+][CH-][c+]1[cH-][cH+][cH-][c+](Cl)[cH-]1)N(C)C,-5.692941665649414
guided,COCCN(C(=O)/C=C1\NC(=O)C(c2ccsc2)=NO1)c1cccc(C(=O)O)c1,-0.3595314621925354
guided,N[C@@H](Cc1ccccc1)C(=O)O,-2.098180055618286
guided,FC(F)(F)[C-]1[N-][CH+][CH-][C+]2CN([c+]3[n-][cH+][cH-][cH+][n-]3)CC([c+]3[cH-][cH+][cH-]o3)N21,-2.5578038692474365
guided,Cn1c(=O)c2c(nc(CN3CCN(c4ccccc4)CC3)n2CCc2ccccc2)n(C)c1=O,-1.583390474319458
guided,CCCCN(c1ccc(C(=O)[C@@H]2CCCN(C(=O)c3cccc(C)c3)C2)cc1)S(C)(=O)=O,-2.4843053817749023
guided,C[C+]1[CH-][CH+][C+]([C+]([O-])N2CCN(CC[N-][C-]([S-])SCC(O)CC(O)[S+2](C)([O-])[O-])CC2)[CH+][CH-]1,-0.522784411907196
guided,O=C(CN(C(=S)Nc1ccc(F)cc1)c1cccc(F)c1)N(Cc1ccco1)C[C@@H]1CCCO1,-4.4505133628845215
guided,COc1cc2c(c(OC)c1)CN1CCC[C@H]1C2,-8.169218063354492
guided,COc1ccc(S(=O)(=O)NCCCCO[C@H](C)C(C)=O)cc1,-0.8068878054618835
guided,CN(C(=O)CSc1nc2ccccc2n1Cc1ccccc1)[C@@H]1CCS(=O)(=O)C1,-1.6151206493377686
guided,CC1(C)C[C@H](n2cc(C(N)=O)cn2)C[C@@H](CCC(=O)O)N1,-0.4050719738006592
guided,FC(F)Oc1ccc(-c2nc3nc4c(cc3o2)COC4)cc1,-3.352346658706665
guided,CCCCOc1ccc(Cc2c(O)nc(SC)[nH]c2=O)cc1,-1.584250807762146
guided,Cc1cccc(Cl)c1OCCn1c(=S)[nH]c2cccnc21,-5.61086368560791
guided,CCC(=O)OCc1cccn1-c1ccc(Cl)cn1,-4.749102592468262
guided,COC(=O)c1cn(CC(=O)Nc2cccc(C(=O)O)c2)c2ccccc12,-0.6095849871635437
guided,NCCNc1cccc2cccnc12,-3.3788890838623047
guided,[H+].[H][S@TB6](#[O+])(C=C)C1=NC2=CC=C[CH-]C2=C([O-])N1N,-0.7746061086654663
guided,COc1ccc(-c2cc(-c3ncc(C(C)C)[nH]3)nc(-c3cccs3)n2)cc1,-4.291624546051025
guided,CCOc1ccc(S(=O)(=O)NCc2ccccc2)cc1,-3.075228691101074
guided,CC1([O-])C2[C]3[C-]C([CH][CH][C]OC[C]([O])[NH+][NH+]S([O])([O])[C]4[CH][CH][C]([CH][CH]4)[NH+]21)COC3,-0.5526174306869507
guided,C/C(CC(C)C)=N\NC(=S)NCc1ccc(F)cc1,-6.060441493988037
guided,COc1ccc2c(CC(=O)NC/C(Cl)=C/c3ccccc3)coc2c1,-4.5908684730529785
guided,CCCCOC(=O)Nc1nc2ccccc2s1,-4.12552547454834
guided,C[C@H](c1n[nH]c(=S)n1-c1ccc(F)cc1)N(Cc1ccccc1)C1CCCCC1,-8.361974716186523
guided,CCOc1ccccc1CN1C(=O)c2ccccc2[C@H]1C(=O)NC1CCCC1,-3.413541793823242
guided,Cn1nc(C(=O)Nc2ccccc2)cc1C(=O)NNC(=O)c1ccc(Cl)cc1,-0.524211049079895
guided,COCCNC(=O)/C(=C\c1cn(C)c2ccccc12)NC(=O)C(C)C,-1.3224225044250488
guided,NS(=O)(=O)c1ccc(CN2CCN(C(=O)c3ccc(F)cc3)C(=O)C2)cc1,-0.2978304326534271
guided,N#Cc1ccc(OC[C@@H](O)CS(=O)(=O)c2ccc(F)cc2)cc1,-0.6182132363319397
guided,[O-]N(O)[C+]1CC([c+]2[cH-][cH+][cH-]s2)N([c+]2[cH-][cH+][c-](Cl)[c+](C(F)(F)F)[cH-]2)[N-]1,-4.3142924308776855
guided,S=C(Nc1ccc2c(c1)oc1ccccc12)Nc1cc(Cl)ccc1Cl,-9.277217864990234
guided,CCCOc1cc(C(=O)OCC(=O)Nc2nccs2)cc(OCC)c1OCC,-1.0878044366836548
guided,Clc1cccc(Cc2noc(CN3CCCC[C@H]3CCc3ccccn3)n2)c1,-4.479640007019043
guided,N[C@H](C=O)[C@H](O)[C@@H](O)[C@H](O)CO,-0.6019864082336426
guided,COc1ccc(Sn2c(=O)[nH]c(=O)c3[nH]c(-c4ccccc4)nc32)cc1,-0.6668763160705566
guided,CCN(CC)S(=O)(=O)c1ccccc1SC,-5.477548599243164
guided,C[C@H]1[S+]=C2C=CC(=[S@@](=O)([O-])NCCc3ccccc3)C=C2NC1=O,-0.7718560099601746
guided,CCOc1ccc(-n2c(C)nc3cc(C(=O)NCc4ccc5c(c4)OCO5)ccc32)cc1,-2.4919650554656982
guided,Cn1cccc1/C=N/NC(=O)c1csc2ccccc12,-4.334280014038086
guided,[O-][C+]1N(C[c+]2[cH-][cH+][c-]3[nH][c+]([O-])[nH][c+]3[cH-]2)CCC[NH+]1[C-]1[CH-][CH+][CH-][C+](Cl)[CH-]1,-0.660995602607727
guided,COc1ccccc1NC(=O)COC(=O)CN1C(=O)NC(C)(C)C1=O,-0.2678033411502838
guided,COc1ccc(OC)c([C@@H](c2nnnn2Cc2ccccc2)N2CCC(C(N)=O)CC2)c1,-0.3435150384902954
guided,CCOc1ccc2c(c1OC)C(=O)O[C@H]2N1CCN=C1c1cccc2ccccc12,-3.4654698371887207
guided,O=C(Cc1cccs1)Nc1ccc2c(c1)OCO2,-4.046732425689697
guided,C[C]([N]N[C]([O])CN1[CH][CH][C](N([O-])[O-])[N]1)[C+]1S[C]2[CH][CH][CH][CH][C]2[C]1Cl,-0.590000331401825
guided,COCCNCCCCOc1c(F)cc(Cl)cc1Br,-7.30627965927124
guided,CCOc1ccc2nc(S[C@@H]3CC(=O)N(C4CCCCC4)C3=O)sc2c1,-3.6752395629882812
guided,CC(C)n1cnc2cc(NS(C)(=O)=O)ccc21,-2.066392183303833
guided,Cn1nnnc1S[C@@H](C#N)c1ccccn1,-0.8574853539466858
guided,Cc1ccccc1CC(=O)N1CCC[C@H](CCC(=O)N2CCN(c3ccccn3)CC2)C1,-3.2855777740478516
guided,CCOc1ccc(S(=O)(=O)Nc2ccc(F)cc2)c2cccnc12,-2.3113839626312256
guided,O=C(/C=C/c1ccc(Cl)cc1)c1ccc(F)cc1,-10.377106666564941
guided,CCOC(=O)N/N=C(C)/C(=N\O)C(=O)OCC,-0.49166151881217957
guided,O=c1c(-c2ccc(O)cc2)coc2cc(O[C@@H]3O[C@H](CO)[C@@H](O)[C@H](O)[C@H]3O)ccc12,-0.27129730582237244
guided,N#Cc1nc(Cc2ccccc2)oc1NCCN1CCOCC1,-1.1891911029815674
guided,COc1ccc(C/[N+](C=C2C=CC(=[N+]([O-])[O-])C=C2)=C(\CCO)c2ccccc2)cc1OC,-1.1910715103149414
guided,COC(=O)[C@H]1CCCN(S(=O)(=O)c2ccc3c(c2)c(=O)n(C)c(=O)n3C)C1,-0.30333513021469116
guided,Nc1cc(C(F)(F)F)ccc1NCCc1ccccn1,-4.034259796142578
guided,O=C(c1ccccc1)c1ccc(OCCCN2CCCC2)cc1,-7.4326910972595215
guided,CCOc1ccc(NC(=O)Nc2cnccn2)cc1,-1.2889854907989502
guided,COc1ccccc1Oc1ccc(S(=O)(=O)NCCN2CCOCC2)cc1Cl,-1.272515058517456
guided,CS(=O)(=O)c1ccc(C(=O)N2CCc3ccccc3C2)cc1,-3.103304386138916
guided,Nc1ccc(NCc2cc([N+](=O)[O-])ccc2O)cc1C(F)(F)F,-1.1783677339553833
guided,[CH2-]CC/[S+]=c1\[c-]c[c-](S(=O)(=O)CCC(=O)/[NH+]=C2\C=C([N+](=O)[O-])C=C\C2=[O+]/C)cc1,-0.40672120451927185
guided,[CH2+]C([C][N-][N-][C+]([CH+][c+]1[cH-][cH+][cH-][cH+][cH-]1)N1CCOCC1)C[C+]([O-])N[c-]1[cH+][cH-][c+](F)[cH-][cH+]1,-1.9242312908172607
guided,[O-][C+](CN(CCO)[S+]([O-])[O-])N1CCN(C([c+]2[cH-][cH+][cH-][cH+][cH-]2)[c+]2[cH-][cH+][cH-][cH+][cH-]2)CC1,-0.28675028681755066
guided,Clc1ccccc1OCc1nc2c3c(ncn2n1)CCC3,-3.6009931564331055
guided,O=c1[nH]c([C@H]2CCCN(S(=O)(=O)c3cc(F)ccc3F)C2)nc2c1nnn2Cc1ccccc1,-0.5253238081932068
guided,CC(C)C[C@@H](C)NC(=O)c1cn(-c2nc3ccccc3c(=O)n2O)cn1,-0.3876383900642395
guided,Fc1ccccc1COc1ccc(Br)cc1CNC[C@H]1CCCO1,-7.813174724578857
guided,NNC(=O)[C@H](Cc1ccccc1)NC(=O)c1ccc2c(c1)S(=O)(=O)N=CN2,-0.299560546875
guided,COc1ccccc1NCc1nc2ccsc2c(=O)[nH]1,-1.9311116933822632
guided,COc1ccccc1Oc1cc(OC)c(OCCN(C)C)c(OC)c1,-4.156530857086182
guided,O=[N+]([O-])c1ccccc1S(=O)(=O)O,-0.45982232689857483
guided,Cc1ccc(Cl)cc1N1CCN(C(=O)NCc2ccc(Cl)cc2)CC1,-6.867335796356201
guided,COc1cccc(CNc2ccc(CO)cc2[N+](=O)[O-])c1O,-0.5598897337913513
guided,O=C(c1ccc(Cl)c(S(=O)(=O)N2CCCCCC2)c1)N1CCNCC1,-1.6629548072814941
guided,[CH2-]CC(O)CC(CNC1C2CC3CC(C2)CC1C3)NCCNC,-3.0351881980895996
guided,Cn1c(=O)c(=O)n(C)c2cc(S(=O)(=O)N/C=C/C=C/c3ccccc3)ccc21,-0.43492528796195984
guided,O=C(CSCn1nnc2ccccc21)c1ccccc1F,-4.274040222167969
guided,COc1ccc([N+](=O)[O-])cc1NC1=NCCCS1,-1.3534961938858032
guided,[H]/[S@SP2]1#CN2/C(=C\C=C/[C-]=C(Cl)/C=1)[O+]2C(F)F,-11.928844451904297
guided,Nc1ccc2c(c1)nc1n2CCOC1,-3.117141008377075
guided,N#Cc1c(NC(=O)CN2CCOCC2)oc2c1CCCCC2,-0.9840505123138428
guided,Cc1c(N[C@H](C)c2cccs2)c(=O)n(-c2ccccc2)n1C,-5.84670352935791
guided,CC/C(C)=N\NC(=O)C(=O)N/N=C/c1cccc(C)c1,-0.7436833381652832
guided,C/C(=N\OCC(=O)Nc1ccccc1C)c1ccc(F)cc1,-4.0942230224609375
guided,COc1ccccc1OCCCCC[C@H](C)C(C)=O,-6.502427101135254
guided,COC(=O)C1=[S+]c2ccccc2/C1=C(/[O-])OC,-2.4920506477355957
guided,[CH2+][C+]([O-])N(C)[C-]([O-])[CH+][C+]([N-][CH-]C(C)C)[c+]1[cH-][cH+][c-](Cl)[cH+][cH-]1,-2.1809403896331787
guided,Cc1ccc(S(=O)(=O)N(CC(=O)Nc2ccc([N+](=O)[O-])cn2)C2CCCCC2)cc1,-0.9344354271888733
guided,Cc1nn(Cc2ccccc2)c(C)c1C(=O)N1CCC(C(=O)c2ccc(F)cc2)CC1,-4.2588701248168945
guided,O=C(N/N=C/C=C/c1ccco1)c1ccccc1,-3.2262227535247803
guided,CN(C)/C=C/C(=O)c1ccc2ncc(-c3ccc(Cl)cc3)n2c1Br,-6.819971561431885
guided,CO[c+]1[cH-][cH+][c-](N2[CH-][CH+][C+]([C+](C)[N-][N-][C]N([C-]([O-])C3CC3)C(C)C[C+]([O-])O)[C+]2C)[cH+][cH-]1,-0.7290107011795044
guided,Cn1cc(SCC(=O)NCc2ccccc2F)c2ccccc21,-6.5684943199157715
guided,C/C(CC(=O)NCc1ccc(F)cc1)=N\NC(=O)c1ccoc1C,-0.9396993517875671
guided,Cc1ncc(CN2CCC[C@@H](C(=O)Nc3ccc(-c4cscn4)cc3)C2)cn1,-2.2034413814544678
guided,COc1ccc(/C=C/C(=O)Nc2cc(-c3ccccc3)c(C(=O)O)cn2)cc1,-1.5833245515823364
guided,O=S(=O)(Nc1ccc(OC(F)F)cc1)c1ccc2ncccc2c1,-2.3607466220855713
guided,C/C(CC(=O)Nc1ccccn1)=N\NC(=O)[C@H](O)c1ccccc1,-0.3183494210243225
guided,CCOc1cc(C(=S)N2CCCC2)ccc1OCC(=O)Nc1ccccc1CC,-4.740869522094727
guided,CC(NC1CCCCC1)=C(C#N)C#N,-2.748120069503784
guided,COCNC(=S)N1CCCCCC1,-7.655815124511719
guided,O=C(CCn1c(=O)oc2ccccc21)Nc1ccc2c(c1)OCO2,-0.8026618361473083
guided,CCOC(=O)c1c(NC(=O)COc2cccc(NC(N)=O)c2)sc(C)c1C,-0.8124703764915466
guided,O=C(Nc1ccc(Cl)cc1Cl)N1CCC2(CC1)OCCO2,-4.063807010650635
guided,NS(=O)(=O)c1ccc(CCNC(=O)CCS(=O)(=O)Cc2ccccc2)cc1,-0.2978304326534271
guided,CCOc1ccc(CN(C)C(=O)[C@@H](C)Sc2ncn[nH]2)cc1Br,-1.9332295656204224
guided,CCOc1ccc(N2CCN(C(=O)c3ccccc3F)CC2)cc1,-6.507058620452881
guided,S=C(NCc1ccco1)N1CCn2cccc2[C@H]1c1ccccc1,-6.647454738616943
guided,C=C(Cl)COC(=O)c1ccc(Oc2ccc([N+](=O)[O-])cc2)cc1,-2.2427053451538086
guided,Cc1ccccc1OCCOc1ccc2c(c1)CCC2,-9.679502487182617
guided,CCCOC(=O)Nc1ccc2c(c1)n(C)c(=O)n2C,-1.898827314376831
guided,COCc1cc(C)nc(SCc2nc3ccccc3c(=O)[nH]2)c1C#N,-0.820704996585846
guided,Cn1ccnc1C(=O)c1ccc2c(c1)CCN2C(=O)C1CC1,-2.9336960315704346
guided,C[C@@H]1CCC[C@@H](NC2=NC[C@H](C)S2)C1,-8.00653076171875
guided,CCC(=O)Nc1ccc(/C(=N\c2ccccc2)Oc2ccccc2)cc1,-5.470281600952148
guided,Cc1ccc(N/C(=N/S(=O)(=O)c2cccs2)c2ccccc2)c(C)c1,-4.0458197593688965
guided,O=C(Cn1c2ccc(O)cc2c2nc3n(c(=O)c21)CCS3)NC[C@H]1CCCO1,-0.3036920130252838
guided,COc1ccccc1C(=O)NCCSc1ccc(C)cc1,-5.803925037384033
guided,CCOc1ccc(-n2c(C)cc(C(=O)CCl)c2C)cc1,-7.3032755851745605
guided,C[c-]1[cH+][cH-][c+]([N-][CH+][c-]2[cH+][cH-][cH+][nH]2)[c-]([O-])[c+]1[C+]([O-])C(F)(F)F,-1.374644160270691
guided,Cn1c(=O)c2c(nc(CN3CCC(C(N)=O)CC3)n2CCCO)n(C)c1=O,-0.33332544565200806
guided,Cc1ccccc1NC(=S)N(CCCN1CCOCC1)Cc1nc2ccccc2c(=O)[nH]1,-1.6852048635482788
guided,Cc1ccc(CS(=O)(=O)c2ncc(Cl)c(C(=O)NCc3ccccc3Cl)n2)cc1,-1.5386704206466675
guided,[H+].[H]/N=c1/c(C(=O)NCCCO)cc2c(=O)n3cccc(C)c3nc2n1[CH-]CCOC,-0.2891375422477722
guided,CC(=O)c1ccc([C@@H]2NC(=O)NC(C(=O)OC(C)C)=C2C)cc1,-0.9466325640678406
guided,CCC(=O)OCC(=O)N1c2ccccc2Sc2ccccc21,-4.8068156242370605
guided,N[P@](=O)(OCCCc1ccc(Cl)cc1)Oc1ccc(-c2ccccn2)cc1,-3.574498176574707
guided,Cc1nn(Cc2cccc(C(=O)NC(C)(C)C)c2)c(C)c1Br,-4.877795219421387
guided,Fc1cccc(CN2CCn3c(nc4ccccc43)C2)c1,-8.663750648498535
guided,O=C(CN1CCCc2ccccc21)c1ccc2c(c1)OCO2,-5.483035564422607
guided,COC(CNC(=O)c1ccc2nccnc2c1)OC,-1.1852085590362549
guided,O=P(=[OH+])/C=C/c1ccccc1.[CH2-]COCP(=O)(O)O,-0.6918662786483765
guided,Nn1c(COc2ccc(Cl)cc2)n[nH]c1=S,-1.7206803560256958
guided,CC(C)[C@]1(O)N=C(c2cccs2)[C@@H](C)N1,-4.337175369262695
guided,N[C@H](Cc1c[nH]c2ccc(O)cc12)C(=O)O,-0.45525461435317993
guided,N#Cc1ccc(COC(=O)CC2CCCCC2)cc1,-4.316600322723389
guided,COc1cc([C@@H](O)[C@@H](CCO)OCCCc2ccccc2)cc(OC)c1OC,-1.470130205154419
guided,CCOc1ccc(-c2nc3ccccn3c2NCCCOc2ccccc2)cc1OC,-4.8263444900512695
guided,Nc1ccc(S(=O)(=O)N2CCc3ccccc3C2)cc1,-2.106032133102417
guided,N/C(Cc1ccc([N+](=O)[O-])cc1)=N\OC(=O)CSc1ccc2ccccc2c1,-1.3306646347045898
guided,O=c1cc(-c2ccccc2)nc(N[C@@H](O)c2cccc([N+](=O)[O-])c2)[nH]1,-0.5529118776321411
guided,CC(=O)c1c(C)n(C)c2ccc(S(=O)(=O)Nc3ccccc3/C=N/c3ccccc3C#N)cc12,-2.3378970623016357
guided,O=C(C/[S+]=c1\nc([O-])cc(NC2CCCCC2)n1/C=N\c1ccccc1)Nc1ccc(Cl)cc1,-2.083756923675537
guided,CCN(c1ccccc1)S(=O)(=O)c1ccc(C(=O)N(CCc2cccs2)c2ccc3ccccc3n2)cc1,-4.976016044616699
guided,O=C(NNC1=NCCC1)c1cccs1,-3.0959484577178955
guided,CCCNc1nc(N2CCN(Cc3cccc(C)c3)CC2)nc2ccccc12,-5.268346309661865
guided,O=[P@@](O)(OCCCS)Oc1ccccc1,-3.067028045654297
guided,COc1ccc(C2=Nn3c(nnc3-c3cc(C)[nH]n3)SC2)cc1,-0.9891626834869385
guided,O=C(c1ccc(Cl)c(S(=O)(=O)N2CCOCC2)c1)N(Cc1cccs1)[C@@H]1CCS(=O)(=O)C1,-0.5273241400718689
guided,O=[N+]([O-])c1cc(CCn2cnc3ccc(C(F)(F)F)cc32)c2c(c1)COCO2,-2.0230631828308105
guided,C[C@@H](C(=O)Nc1cccc2cccnc12)c1cc(C(F)(F)F)ccn1,-4.204671859741211
guided,Cc1cc(C)nc(N2CCC[C@H](C(=O)N3CCN(Cc4ccc(OC(F)F)cc4)CC3)C2)n1,-2.7476820945739746
guided,CC[C@H]1[S+]=C(N2CCN(Cc3cccs3)CC2)N=C1[O-],-4.589003086090088
guided,O=[N+]([O-])c1ccc(S(=O)(=O)NCc2cccs2)cc1,-0.6409550309181213
guided,CN(CC(=O)Nc1ccc(Cl)c(S(=O)(=O)N(C)C)c1)CC(=O)Nc1ccccc1C(=O)c1ccccc1,-0.9074596166610718
guided,COc1ccc2c(c1)[nH]c1c(=O)n(/N=C/[C@@H]3[C@@H](C)C[C@H](C)C3(C)C)c(=O)[nH]c12,-1.074381947517395
guided,COc1ccc2c(c1)cc(C(=O)N[C@H](Cc1ccccc1)C(=O)O)n2C,-1.0182058811187744
guided,Cc1nc(C(C)(C)C)nc(C)c1C(=O)Nc1cccc(Cl)c1C,-4.4795026779174805
guided,CCNC(=O)CNC(=O)/C=C/c1cc(Br)ccc1OC,-1.7213456630706787
guided,CCN(CC)P(=O)(Oc1ccccc1)Oc1ccccc1,-6.580772876739502
guided,O=C(NOC(=O)c1ccccc1)c1ccc(S(=O)(=O)NCc2ccco2)cc1,-0.47913771867752075
guided,CCC[C@@H]1S/C(=N\N=C\c2cccs2)N(c2ccc(OC)cc2)C1=O,-4.331295490264893
guided,COc1cc2nc(Cl)nc(N3CCCCC3)c2cc1OC,-4.383358955383301
guided,N#Cc1ccc(C(=O)CSc2cc(C(F)(F)F)c3ccccc3n2)cc1,-5.027354717254639
guided,CO[C]([O])[C]1[N][C](O[C]2[CH][CH][C](F)[CH][CH]2)O[C]1[C]1[C][CH][C](OC)[C]([O+]C(C)C)[CH]1,-1.347961664199829
guided,CCOCC(=O)/N=c1\sccn1Cc1ccc(F)cc1,-4.480940818786621
guided,[CH2-]N([c+]1[cH-][cH+][cH-][cH+][c-]1O[C+]([O-])[c+]1[cH-][c+]2[cH-][cH+][cH-][cH+][c-]2o[c+]1[O-])[C-]([O-])[C+]1[CH+][CH-][CH+][CH-][CH+]1,-0.4135976731777191
guided,CCOc1ccc(O)c(Oc2ccc(/C=N/n3cnnc3)cc2OCC)c1,-1.149457573890686
guided,CCCCN(C1CCCCC1)[C@@H](C)c1ccccc1,-14.241957664489746
guided,Cc1ccc(S(=O)(=O)N(c2ccccc2)[C@H]2CCS(=O)(=O)C2)cc1,-1.5529494285583496
guided,[H]/N=C(/NC)c1nn(S(=O)(=O)c2ccc(F)cc2)c2c1CCCCC2,-0.6965762972831726
guided,COCCCN([CH-][c+]1[cH-][cH+][cH-][cH+][cH-]1)[C-]([O-])[C+]1[CH+][CH-][C+](CN[S+2]([O-])([O-])[c-]2[c+](Cl)[cH-][cH+][cH-][c+]2Cl)[CH-][CH+]1,-1.226296067237854
guided,Clc1ccc(SCc2nc3ccccc3[nH]2)cc1,-8.201923370361328
guided,Brc1ccccc1/C=N/N1CCCCC1,-9.941818237304688
guided,COc1cc(/C=C/c2ccccn2)cc(S(=O)(=O)Nc2cccnc2)c1OC,-1.0720659494400024
guided,O=C(COC(=O)CCc1nc2ccccc2s1)NC1CC1,-1.6562433242797852
guided,OCC1CCN(Cc2cccc(OCc3cccc4ccccc34)c2)CC1,-7.559001445770264
guided,NNC(=O)Cn1cccc1,-2.4344675540924072
guided,[O][C]1N[C]([O])N(C[C+]2[CH][CH][CH][CH][CH]2)[C](O)[C]1[CH][N]N[C]1[CH][CH][CH][C](N([O-])[O-])[CH]1,-0.5139077305793762
guided,CC[CH-][C+]([O-])N([c+]1[cH-][cH+][cH-][cH+][cH-]1)[c+]1[cH-][cH+][cH-][cH+][cH-]1,-7.757863521575928
guided,O=C(CN(Cc1ccccc1)C(=O)CNS(=O)(=O)c1ccc(F)cc1)NCc1ccco1,-0.3956568241119385
guided,O=C(CC/C=C/c1ccccc1)N1CCN(c2ncccn2)CC1,-3.777156352996826
guided,O=C(c1ccc(P(=O)(c2ccccc2)c2ccccc2)o1)N1CCN(c2ncccn2)CC1,-1.10648512840271
guided,O=c1cc(CN2CCN(c3ccc(F)cc3)CC2)nc2sccn12,-4.813272953033447
guided,C=C1N=[N+](C)C(=O)c2nn([O-])c(-c3cccs3)c21,-1.4172452688217163
guided,S=C(c1cc(Oc2ccccc2Cl)ccc1Cl)N1CCCC1,-12.48653793334961
guided,CCCc1nc(-c2nc(-c3ccccc3)cs2)cc2c1C(=O)OC2,-4.651928424835205
guided,O=C(CCC(=O)Nc1ncccn1)NCc1ccc(F)cc1,-0.6682902574539185
guided,Clc1ccc(OCCCN2CCCCC2)c(Br)c1,-11.356209754943848
guided,N/C(=N\OC(=O)c1cccn(Cc2ccc(C(F)(F)F)cc2)c1=O)c1cccnc1,-0.6871914267539978
guided,CN([CH-][C+](F)[C-]1N[CH+][N-][CH-][C+]1Br)[c+]1[cH-][c+]2[cH-][cH+][cH-][cH+][c-]2[c+]2[cH-][cH+][cH-][cH+][c-]12,-9.382577896118164
guided,C[C@H](Nc1ccc2ccccc2n1)[C@@H](C)O,-4.3213958740234375
guided,CN(C)C(=O)c1ccc(-n2cccn2)nc1,-3.368211507797241
guided,CN(Cc1ccccn1)Cc1ccccc1[N+](=O)[O-],-2.689296245574951
guided,COc1cc2c(cc1OC)[C@H](c1ccccc1OC)NC(C)(C)C2,-5.728455543518066
guided,O=C(/C=C(\Nc1cccc2ccccc12)c1cccc([N+](=O)[O-])c1O)C(F)(F)F,-2.3897757530212402
guided,N[C+]([O-])C[C-]1CCNC[C-]2[CH+][C+](N3[CH+][N-][N-][C-]3[c+]3[cH-][cH+][c-](Br)[cH+][cH-]3)S[C+]2CN1,-0.5905197858810425
guided,COc1cccc2c(C(=O)[C@H](c3ccc([N+](=O)[O-])cc3)N(C)c3ccc(C)cc3C)c[nH]c12,-3.247553586959839
guided,O=C(NO)c1cnc(N2CCN(S(=O)(=O)c3ccc(Cl)cc3)CC2)nc1,-0.30333513021469116
guided,Fc1ccccc1NNc1cccc2ncccc12,-6.248966693878174
guided,Cl[c-]1[cH+][cH-][c+](S[C][CH+][C-]([CH+][c-]2[cH+][cH-][c+]3[cH-][cH+][cH-][cH+][c+]3[n-]2)S[C-]2[N-][CH+][N-]N2)[cH-][cH+]1,-6.543880939483643
guided,CN(C)S(=O)(=O)N1CCN(S(=O)(=O)N(C)C)CC1,-0.9525355100631714
guided,CC(=O)N1CCN=C1SCC(=O)N/N=C/C=C\c1ccco1,-0.5623207688331604
guided,Cc1cnc(NS(=O)(=O)c2cccc(C#N)c2)c(Br)c1,-1.103255033493042
guided,O=C(Cc1ccccc1)c1c[nH]c(C(=O)NCCc2cccs2)c1,-2.8540961742401123
guided,[O][C](NNS([O])([O])[C]1[CH][CH][C](N([O-])[O-])[CH][CH]1)C1C[C+]([C]2[CH][CH][CH][C](Br)[CH]2)[N]O1,-0.6407049894332886
guided,O[C@H](COc1cc(Cl)c(Cl)cc1Cl)CN1CCN(c2ccccn2)CC1,-4.382309913635254
guided,O=C(CSc1ccccn1)Nc1ccccc1CO,-2.2394306659698486
guided,[CH2-]O[N-][C+]1[C+]([C][O-])[C-](N[C+]([O-])[C+]2[CH+][CH-][CH+]O2)[CH+][C+]([O-])N1CCN1CCOCC1,-0.47024765610694885
guided,COc1cccc(Sc2cc(C)nc3ccc(OC)cc23)c1,-7.837934970855713
guided,CCCCN(CCCC)C(=O)/C(=C/c1ccco1)NC(=O)c1ccco1,-2.2328691482543945
guided,COc1ccccc1NC(=S)N1CCN(c2nc(C)cc(C)n2)CC1,-3.2854466438293457
guided,S=C(NCc1ccco1)N1CCn2cccc2[C@H]1c1cccnc1,-4.38294792175293
guided,COc1ccc(S(=O)(=O)Nc2ccccc2C(=O)O)cc1,-0.5205082297325134
guided,COc1ccc(S(=O)(=O)N2CCCCCC2)cc1C(C)C,-4.619703769683838
guided,Nn1c(SCc2ccc(Cl)c(Cl)c2)nnc1C1CCCCC1,-4.3857951164245605
guided,CO[C+]([O-])[C-]1[C+]([C][N-2])Cn2[c+]3[c-](n([P-]C)[c+]2[C+]1[C+]([O-])[c+]1[cH-][cH+][cH-][cH+][cH-]1)[CH+][CH-][CH+][CH+]3.C[C]C.[H+],-1.062010645866394
guided,COCCN(CCc1ccccc1)CC(=O)Nc1ccccc1C(=O)NC1CC1,-1.6643836498260498
guided,Cc1cc(C)c2c(NC(=S)NC(=O)c3ccc(Br)cc3)n[nH]c2n1,-1.4743961095809937
guided,[CH2+]CCC/N=c1\[cH-]c(C(=O)NO)c(C)cc1C,-2.3005809783935547
guided,S=c1[nH]c(-c2cccc3ccccc23)cn1-c1cccc2ccccc12,-11.968695640563965
guided,O=C(/N=C1\S[C@@H]2CS(=O)(=O)C[C@@H]2N1Cc1cccs1)c1cccs1,-2.0524399280548096
guided,O=S(=O)(Cc1ccc(Cl)cc1)c1ccc(NC2CC2)nc1,-3.073579788208008
guided,COC(=O)N[C@@H](c1ccccn1)[C@@H](c1ccccc1)[C@@H](O)CCC[C@H](C/C=C\C[CH-]C(C)C)OC.[H+],-4.022373676300049
guided,N#CCCN(C(=O)COC(=O)COc1cccc2ccccc12)c1ccccc1,-1.6914879083633423
guided,O=C(Cc1ccc(F)cc1)N[C@H](C(=O)O)c1nc(-c2ccc(F)cc2)no1,-0.5718127489089966
guided,CCOc1cc(C(=S)N2CCCC2)ccc1O,-6.355008125305176
guided,CCOc1ccccc1N1CCN(Cc2ccccc2)CC1,-9.842459678649902
guided,CC(C)CCn1c(=O)c2sccc2n(CC(=O)N2CCC(C)CC2)c1=O,-2.2345633506774902
guided,N/C(=N\OCc1ccccc1NC(=S)Nc1ccccc1Cl)c1ccccn1,-2.0176749229431152
guided,CCOC(Cn1cc(C)c(=O)[nH]c1=O)OCC,-1.3320996761322021
guided,Cc1ccc(C)c(NC(=O)COC(=O)CNC(=O)c2ccccc2)c1Cl,-1.0033737421035767
guided,Cn1c(Cn2nnc3ccccc32)nnc1SCC(=O)NNC(=O)C(C)(C)C,-0.2772708833217621
guided,O=[N+]([O-])c1cc(C(F)(F)F)ccc1Nc1cc(S(=O)(=O)N2CCOCC2)ccc1N1CCCC1,-1.4059010744094849
guided,O=C(c1ccccc1)c1cnc(-c2ccccc2)n(Cc2ccco2)c1=O,-2.7373571395874023
guided,COc1ccc(S(=O)(=O)N2CCn3c2nc2ccccc23)cc1,-2.0088071823120117
guided,O=C(CN(C(=O)c1nsc(Cl)c1Cl)c1ccc(F)c(F)c1)NC1CCCC1,-3.5953009128570557
guided,Oc1ccccc1Cc1[nH]c2ccccc2c1-c1ccccc1,-7.57316255569458
guided,CCC(=O)NNc1cc(=O)c2c(=O)n(C)c(=O)n(C)c2[nH]1,-0.37786439061164856
guided,F[C-]1[CH-][C+]2[CH-][CH+]C1OCCOCCOCCOCCOCCO2,-3.0408318042755127
guided,Cc1noc(/C=C/c2ccccc2)c1NC(=O)N1CCN(C(c2ccccc2)c2ccccc2)CC1,-5.318962097167969
guided,NS(=O)(=O)c1ccc(N2CCCCC2)nc1,-1.0721161365509033
guided,Clc1nc(CN2CCOCC2)nc2sc3c(c12)CCCC3,-5.626951217651367
guided,CO[c+]1[cH-][c+]([N-][C+]2[C][N-]N([C+]3[CH+][CH-][C+](C)[CH-][CH+]3)N2[O-])[c-](C)[cH+][c-]1OC.[H+],-2.1431884765625
guided,C=C1C=CC=C[CH-]1.[O+]#P(CCCO)C[c-]1ccc[s+]1,-6.253950595855713
guided,CO[c-]1[cH+][cH-][cH+][cH-][c+]1N[CH-][N-]C([S-])N[C+]1[CH+][CH-][CH+][c-]2[cH+][n-][cH+][cH-][c+]21,-2.5277862548828125
guided,COCC(=O)OCC(=O)Nc1ccc(/N=N/c2ccccc2[N+](=O)[O-])cc1C,-1.0092558860778809
guided,COc1c(Cl)cc(Cl)cc1CNCCN[C@H](C)c1ccn[nH]1,-2.7591254711151123
guided,CCC(=O)N(Cc1cccs1)[C@@H]1CCS(=O)(=O)C1,-3.016838312149048
guided,Cc1cc(C)c2sc(N(CCCN(C)C)C(=O)CN3C(=O)c4ccccc4C3=O)nc2c1,-1.8618488311767578
guided,C=C(C)Cn1c(SCc2nccc3ccccc23)nnc1-c1ccc(-c2cc(Cl)ccc2Cl)o1,-8.575450897216797
guided,O=C1CCCC(c2cccs2)=N1,-6.824728012084961
guided,COc1cc(-c2cc(C(=O)c3ccc(O)cc3O)no2)ccc1O,-0.6350535750389099
guided,O=c1c2c(nc3nc(NCCN4CCOCC4)[nH]n13)CCC2,-0.5529648065567017
guided,N/C(=N\OCC(=O)Nc1ccccc1-c1ccccc1)c1ccccn1,-0.87370365858078
guided,COc1cccc(OC)c1NC(=O)COC(=O)c1nc2nccc(C)n2n1,-0.22639605402946472
guided,O=[N+]([O-])c1ccc(N2CCN(c3ccc(O)cc3)CC2)cn1,-0.8168260455131531
guided,C[C+]1CC(C)(C[CH-]O)C(CC[CH+]C[C-](C)[O-])[CH+][CH-]CC12CCCCC2,-7.245782375335693
guided,Cc1ccc(N2C(=O)NC(=O)/C(=C/NCCCn3ccnc3)C2=O)cc1,-0.31841790676116943
guided,COc1ccc(CN(C(=O)CN(C)S(=O)(=O)c2ccc(OC)cc2)C(C)(C)C)cc1,-1.563926339149475
guided,COCCNC(=S)N/N=C1\C(=O)Nc2ccc([N+](=O)[O-])cc21,-0.36330845952033997
guided,CN(C)c1ccc(P([O-])OCc2ccccc2)cc1.[H]/[O+]=C\c1ccc(OC)cc1,-2.4310379028320312
guided,Cc1ccc2c(-c3ccc(O)cc3)n[nH]c2c1,-4.2328691482543945
guided,O=C(NNS(=O)(=O)c1ccccc1)c1cccc([N+](=O)[O-])c1,-0.34710416197776794
guided,CN(C)c1nnnn1-c1ccccc1Oc1ncc(C(F)(F)F)cc1Cl,-2.352238893508911
guided,COc1cccc2cc(C(=O)Nc3sc(C)c(C)c3C)/c(=N/CC3CCCCC3)oc12,-5.198375225067139
guided,CC(C)OCCCNC(=O)C(=O)c1c[nH]c2ccccc12,-1.5493463277816772
guided,c1cc2c(cc1CN1CCCCC1)CCCC2,-12.91080379486084
guided,CNNC(=S)N[C@@H](C)CCc1ccco1,-3.6461024284362793
guided,CC(=O)Oc1cc([N+](=O)[O-])c(Nc2ccc(Cl)c(Cl)c2)cc1C,-2.642338991165161
guided,N#CCc1ccc(NS(=O)(=O)c2cccc(C(F)(F)F)c2)cc1Cl,-2.746159076690674
guided,NC(=O)NCCCC(=O)OCC(=O)CCC(F)=C(F)F,-0.5116101503372192
guided,CC(=O)Oc1cc(/C=C(\C#N)c2nc3ccccc3[nH]2)cc2c1OC[C@H](OC(C)=O)C2=O,-0.7882618308067322
guided,C=[C-][C@@H]1C=C(/C(=C/Nc2cccc(O)c2)C([CH2-])=O)N=[O+]1.[H+],-1.6333507299423218
guided,CCCCCS[C@@H](O)C[C@H](C)N(C)CCCN(C)C,-7.612550735473633
guided,S=c1[nH]nc(-c2cccs2)n1C[C@H]1CCCO1,-4.8776421546936035
guided,FCCCO[C-]1[CH+][C][C+]([C-]2CN[C+]3[CH-][CH+][CH-][CH+][C+]3[N-]2)[CH-][CH+]1,-6.095734119415283
guided,CC(=O)c1c(C)nn(Cc2ccc(C)cc2)c1C,-6.206433296203613
guided,C[C@@H](CCCC1CCCCC1)NC(=O)c1cc2ccccc2[nH]1,-6.164463996887207
guided,CCOc1ccccc1N1CCN(CCc2ccc3ccccc3c2)CC1,-10.715559005737305
guided,CCOc1ccc(CNc2cccc(C(=O)NCc3ccccc3)c2)cc1,-4.97969388961792
guided,O=C(c1cccs1)N1CCC(n2nnc3ccccc32)CC1,-3.7637991905212402
guided,COCCCNc1nc2ccccc2n1Cc1ccccc1,-5.694685935974121
guided,COc1ccc(/C(C)=N/NC(=O)CNC(=O)COc2ccccc2)cc1F,-0.502652645111084
guided,CO[c-]1[cH+][cH-][c+](N[C-]([O-])C[O+]2CCC3CC(CC[C+]3[O-])[C+]2[O-])[cH-][cH+]1,-0.40192580223083496
guided,Cc1ccc(OC(F)F)c(NC(=O)C/[S+]=c2/sc3ccc([O-])[nH]c-3c2C#N)c1,-0.9241981506347656
guided,CO[C]1[CH][CH][C-][C](C(C)(C)CC(C)[N][C]([O-])C(O[C]([O])CN[C]([O])C[C]2[CH][CH][CH][CH][CH]2)[C+]2[CH][CH][CH][CH][CH]2)[CH]1,-1.1538374423980713
guided,C#Cc1ccc([C@H]2C=C(C(=O)OCC=C)O[C@@H](OCc3ccc(CO)cc3)C2)cc1,-2.833818197250366
guided,CCC(=O)Nc1ccc(-c2cc(C)no2)cc1,-3.310826539993286
guided,[CH2-]CN(CC/C=[O+]\C=S)C(=S)NC[C@H]1CCCO1,-5.64504861831665
guided,[N][C][C][CH][N+]1[CH][CH]C([C]2[CH][CH][CH][CH][CH]2)CC1,-7.006757736206055
guided,Nc1c(Cl)cnc(CO)c1C(=O)O,-0.525897204875946
guided,CCO[C-]([O-])[CH+][CH+][N-][N-]N[C+]1[C][CH+]N(C[C+]2[CH+][CH-][CH+][CH-][CH+]2)[N-]1,-0.6877162456512451
guided,Cc1cc(C(=O)NC[C@@H]2C[CH-]N(Cc3ccccc3F)CC2)no1.[H+],-2.965858221054077
guided,O=C1C(=O)N(CCS(=O)(=O)c2ccc(F)cc2)c2ccccc21,-1.41548490524292
guided,C[C@@H](OC(=O)c1cccs1)[P@@](=O)(O)c1ccccc1,-2.3673923015594482
guided,CC(C[CH+][CH][C]1[CH][CH][CH][CH][CH]1)N1[C]([O])[C]2[CH][CH][CH][C](N([O-])[O-])[C]2[C]1[O],-0.904519259929657
guided,CO/C1=N/c2ccccc2/C=C\C(=O)O1,-3.8461856842041016
guided,COc1ccc(CCN(Cc2ccccn2)C(=O)Nc2ccccc2)cc1OC,-3.2569215297698975
guided,COCCOC(=O)C1=C(N)Oc2cc(O)c(O)cc2[C@@H]1c1cccc(O)c1,-0.35692963004112244
guided,CCn1ccc(=O)n(-c2cccc(C)c2)c1=S,-7.3824920654296875
guided,N[P@@](=O)(OCCCc1ccc(F)cc1)OC1CCCCC1,-3.482316732406616
guided,[O-][C+](CN1[C+]([O-])[C+]2[CH-][CH+][C][N-][CH+][CH+][C][C+]2[C-]1[O-])NC[c-]1[cH+][cH-][cH+][n-][cH+]1,-0.3398164212703705
guided,Cc1cc(O)cc(OCC#CCSc2nnnn2C)c1,-1.2947256565093994
guided,O=S(=O)(C[C@H](O)[C@H]1COc2ccccc2O1)c1ccccc1,-1.2626205682754517
guided,NS(=O)(=O)c1ccc(CNS(=O)(=O)c2ccc(F)cc2)cc1,-0.35025012493133545
guided,COc1ccccc1N1CCN(C(=O)c2cccc(Br)c2)CC1,-6.627394199371338
guided,CCOc1ccccc1-c1n[nH]c(=S)n1Cc1ccccc1,-5.528437614440918
guided,OC[C@H]1CCCN(c2nc3nonc3nc2N2CCCCC2)C1,-0.4968462586402893
guided,C/C(=N\NC(=O)Cc1ccccc1)c1ccc([N+](=O)[O-])cc1,-0.9603206515312195
guided,NC(=O)C1CCN(C(=O)C(=O)c2c[nH]c3ccccc23)CC1,-0.3302142918109894
guided,CCOc1ccc2ccccc2c1C(=O)Nc1nccs1,-4.289255142211914
guided,COc1ccc(/C=C(/C(C)=O)c2nc3ccccc3s2)cc1C,-6.5943450927734375
guided,CCC1=N[P@](SC(C)C)(c2ccccc2)=NC2=C1C(=O)c1ccccc1C2=O,-5.15241003036499
guided,NS(=O)(=O)c1ccc(CNC(=O)CN2C(=O)[C@@H]3[C@H](C2=O)[C@H]2C=C[C@@H]3C2)cc1,-0.3762250244617462
guided,O=C=C/C(=[NH+]\NC(=O)Cc1ccccc1)C1([O-])CCCCC1,-0.6767100095748901
guided,CC[C@@H](C)C/C(O)=C\C[C@]1(C)c2ccccc2N[C@H]1OC,-6.255312442779541
guided,Cc1oc(-c2ccc(Br)o2)nc1CN1CCCCC1,-5.616611480712891
guided,O=c1sc(-c2nncn2-c2cccc(Br)c2)c(Cl)n1Cc1ccco1,-3.0511457920074463
guided,O=c1[nH]c2ccccc2cc1CCN1CCN(S(=O)(=O)c2ccccc2)CC1,-1.2824305295944214
guided,CN(CCOc1ccc(Cl)cc1)CC(=O)Nc1ccc(OC(F)F)cc1,-4.298692226409912
guided,O=C(O)c1coc2c(ccc3ccccc32)c1=O,-1.958499789237976
guided,C[C@H](C(=O)NCCOc1ccc2ccccc2c1)n1nnc2ccccc2c1=O,-0.8216649293899536
guided,CCC(=O)NC(=S)Nc1cc(OC)c([N+](=O)[O-])cc1OC,-0.4413030445575714
guided,O=C(C1CC1)N1CCN(S(=O)(=O)N2CCC[C@@H](CO)C2)CC1,-0.9824517369270325
guided,NC(=O)c1cc(-c2ccccc2)nn1Cc1ccccc1,-2.5609261989593506
guided,Cc1ccccc1CN1CCN(Cc2cc3ccccc3o2)C[C@@H]1CCO,-5.7643327713012695
guided,Cc1ccc(/C=C/C(=O)N2CCC[C@H](C(N)=O)C2)cc1F,-2.1388185024261475
guided,COc1ccc(O)c(C(=O)c2c(N3C[C@@H](C)O[C@@H](C)C3)c3cc(Cl)ccc3n(C)c2=O)c1,-1.6159110069274902
guided,CCCCS(=O)(=O)CCCN1CCCCC1,-5.520306587219238
guided,CCOC(=O)c1[nH]c2ccccc2c1NC(=O)c1cccc(NC(=O)COC)c1,-0.83965665102005
guided,CSc1cccc(NC(=S)NN(C)C)c1,-7.114531993865967
guided,Clc1cc(Cl)cc(N2/C=N\[C]/C=C\C=[C-]\N[C+]3=C4C(=CC=C3)[C@H]42)c1,-8.471475601196289
guided,[N-2][C][C+]1[C+]([N-]CC[c+]2[cH-][cH+][cH-]s2)[C+](N([O-])[O-])SC12[C-]1[N-][NH+]12,-0.4360862672328949
guided,CCOc1ccccc1[C@@H]1C=C(c2ccc(C)cc2)Nc2nc(N)nn21,-1.721454381942749
guided,COCCn1c(N)c(Sc2ccccc2Br)c(=O)[nH]c1=O,-0.5048556923866272
guided,O=C(Cc1cccc2ccccc12)NNC(=O)Nc1cccc(F)c1,-2.0875818729400635
guided,CCCNC(=O)NS(=O)(=O)c1ccc(=O)[nH]c1C,-0.44608113169670105
guided,COc1cccc([C@@H]2CCCC[C@H]2C(=O)Nc2ccc(SC(F)F)cc2)c1,-8.018465995788574
guided,CC(=O)Nc1ccc(C(=O)CSc2nnc(-c3ccc(NS(=O)(=O)c4ccc(F)cc4)cc3)o2)cc1,-1.8918218612670898
guided,CN1[C](CO[C]2[CH][CH][C](N([O-])[O-])[CH][CH]2)[N][N][C]1SC[C+]([O])N[C]1[CH][CH][CH][CH][C]1C(F)(F)F,-0.624056339263916
guided,O=C(O)CCCC(=O)NCCCCCC(=O)c1ccc2c(c1)OCO2,-0.6511924266815186
guided,CCC(C)(C)C(=O)O,-5.592402935028076
guided,CCCn1nc(C)c(/C=N/O)c1-n1cccc1,-3.089221954345703
guided,CC1=[S+]C(NC(=O)CN2CCCCC2)=NC1=c1ccc(=C([O-])O)cc1,-0.5183983445167542
guided,Cn1nc(C(=O)N/N=C/[C@H]2CC=CCC2)c2ccccc2c1=O,-1.116294503211975
guided,CC(=O)Nc1onc(C)c1C(=O)NCc1ccc2c(c1)OCO2,-0.3339606821537018
guided,CCOC(=O)CNC(=O)[C@@H](NC(=O)c1ccccc1F)c1ccccc1,-0.713742733001709
guided,COc1ccc2sc(N3CCN(S(=O)(=O)N(C)C)CC3)nc2c1,-1.7137880325317383
guided,C[C@H](OC(=O)c1cccs1)C(=O)NCc1ccc2c(c1)OCO2,-1.3688600063323975
guided,CC(=O)NC(=S)Nc1ccc(S(=O)(=O)N2CCCC2)cc1,-0.9583175182342529
guided,CC(=O)Oc1ccc(C(C)=O)c(O)c1,-2.0991225242614746
guided,COC(=O)c1cc(C(=O)N[C@@H](C)[C@H]2C[C@H]3CC[C@@H]2C3)cc([N+](=O)[O-])c1,-0.8599263429641724
guided,Nc1cc(Oc2ccc(Cl)cc2)ccc1OCC(=O)O,-1.3186649084091187
guided,S=C(NCCn1c(=S)[nH]c2ccccc21)Nc1ccccc1,-5.018986225128174
guided,NS(=O)(=O)c1cccc(NC(=S)Nc2ccccc2Cl)c1,-1.0502201318740845
guided,Cc1nc2c(C(=O)c3ccccc3)cccc2c(=O)n1[C@@H](Cl)CCO,-1.7579745054244995
guided,CCN1C(=O)CS/C1=N\c1nccs1,-4.156638145446777
guided,CC[C@@H](C(=O)N/N=C/c1cc(C)n(-c2ccc(C(=O)OC)cc2)c1C)c1ccccc1,-2.745964288711548
guided,O=C(N/N=C/[C@@H](O)COCc1ccc(O)cc1)C(=O)Nc1cccc(C(F)(F)F)c1,-0.426550030708313
guided,Cc1cc(F)c(NC(=S)Nc2ccc(N3CCCCC3)cc2)cc1C,-9.174148559570312
guided,NC(=O)c1nn(-c2ccccc2)nc1NC(=O)CN1CCOCC1,-0.26964834332466125
guided,O=S(=O)(CCNc1c2c(nc3cc(-c4ccc(Cl)cc4)nn13)CCC2)c1ccc(F)cc1,-2.562377691268921
guided,COc1ccc(Cl)cc1NC(=O)CSc1ncnc2c1oc1ccccc12,-2.595721483230591
guided,COCC/N=c1\scc(-c2cccs2)n1/N=C/c1cccc(O)c1,-3.0892910957336426
guided,O=C(NCCCN1CCOCC1)C(=O)NCc1cccs1,-1.3854883909225464
guided,O=C1CCCN1CCCNS(=O)(=O)c1ccc(Cl)cc1,-1.832090973854065
guided,Nn1c(SCC(=O)Nc2ncc(C(F)(F)F)cc2Cl)nnc1C1CC1,-0.7031504511833191
guided,CCOc1cc([C@@H]2NC(=O)NC(C)=C2C(=O)OCC(C)C)cc(C(=O)OC)c1O,-0.6277238130569458
guided,O=C(Oc1ccc(Cl)c2cccnc12)c1cccc([N+](=O)[O-])c1,-1.7892016172409058
guided,C=C1[CH-]C(c2ccc(F)cc2)=N/C(=[S+]\CC/[S+]=C2\N=NC(CC[CH2-])=[N+]2N)[N-]1,-1.1820200681686401
guided,CN(C)CCCCCCCNS(=O)(=O)c1cccs1,-3.8000195026397705
guided,FC(F)(F)c1ccc(NCCNC(=S)Nc2ccc3c(c2)OCO3)nc1,-2.2691490650177
guided,Cn1c(=O)c2c(ncn2/C=c2\nc3cccc4cccc(\c2=[NH+]\C(=O)C2CC2)[c-]43)n(C)c1=O,-0.2343360334634781
guided,COc1ccc(CCN/N=C\c2ccc(F)cc2)cc1OC,-4.881760597229004
guided,O=C(Nc1ccc([N+](=O)[O-])cc1Br)[C@H]1CC[C@@H](/C=[N+]2/[C@H]3[C-]([O-])Nc4ccccc4S32(=O)[O-])CC1.[H+].[H+],-0.7523791193962097
guided,COCCn1c(N2CCN(C)CC2)nc2[s+]c3c(c-2c1[O-])CC(C)(C)OC3,-1.7959353923797607
guided,COc1ccccc1CNCc1ccc([N+](=O)[O-])s1,-2.3585705757141113
guided,COc1cc(-c2cc(C(=O)OC(C)C)c3cccc(C)c3n2)ccc1OCC#N,-2.3287079334259033
guided,[H+].[NH2+]=[C-][C@H]1[C@]23N4C(NC(=O)c5ccccc5Cl)=C5C=C(O)[CH-]C(=O)[C@]52[C@]143,-0.3778235912322998
guided,O=C(O)c1cc(NC(=O)c2ccco2)cc(NC(=O)[C@H]2CCCO2)c1,-0.5177909135818481
guided,O=S(=O)(Nc1ccccc1Cl)c1cccc(-c2cscn2)c1,-3.6683926582336426
guided,COc1ccccc1N1CCN(c2cc(N3CCCCC3)ccc2[N+](=O)[O-])CC1,-3.1181774139404297
guided,N[C@H](Cc1c[nH]c2ccccc12)c1nnc(SCc2ccc(Cl)cc2Cl)o1,-3.170159101486206
guided,CCCC(=O)NNC(=O)CCC(=O)Nc1nc2ccccc2s1,-0.3867224454879761
guided,Fc1ccc(-c2nnc(CN3CCC(c4nc(-c5ccccc5)no4)CC3)o2)cc1F,-2.1829311847686768
guided,Cc1cccc(N[P@@](C)(=O)Oc2ccccc2)c1C,-6.66469669342041
guided,CCOC(=O)C1(CCOc2ccccc2)CCN(Cc2ccon2)CC1,-2.4376494884490967
guided,CC(=O)Nc1cc(Cl)ccc1Oc1ccc2c(c1)n(C)c(=O)c(=O)n2C,-0.9594033360481262
guided,OC[C@]1(Cc2ccc(OC(F)(F)F)cc2)CCCN(Cc2ccc(C#CC3(O)CCCCC3)cc2)C1,-5.586043357849121
guided,CCOc1ccc(NC(=O)C2CC2)cc1OCC,-4.156184196472168
guided,C/N=C(\[O-])N(c1nc(NCc2cccnc2)c2ccccc2n1)c1ccccc1C.[H+],-1.1612154245376587
guided,Cc1ccc(N(CC(=O)N/N=C/c2ccc(C)o2)S(=O)(=O)c2cccc3cccnc23)cc1,-1.2022526264190674
guided,NS(=O)(=O)c1ccc(-c2cc3ccccc3o2)cc1,-1.5131332874298096
guided,O=C(N/N=C/c1cccs1)c1ccccc1O,-2.338130235671997
guided,COc1ccc(N2C(=O)[N-]C[C@@H](COC(C)(C)C)[C@@]2(C)O)cc1.[H+],-1.877844214439392
guided,C[C@H]1CN(Cc2ccccn2)CCC1=O,-5.948619842529297
guided,BrC(=C\c1ccccc1)/C=N/Nc1nc2ccccc2[nH]1,-4.517220973968506
guided,O=C1N[C@@](NS(=O)(=O)c2ccc(Cl)cc2)(C(F)(F)F)C(=O)N1c1ccccc1,-0.6755744814872742
guided,CC(=O)NCC(=O)OCC(=O)C(C)(C)C,-1.3903653621673584
guided,c1ccc(N2CCN(Cc3ccc4c(c3)OCO4)CC2)nc1,-5.222479820251465
guided,O=C(NC(=S)Nc1cc(CCCc2cc[c-]cc2)ccn1)c1ccccc1.[H+],-4.265421390533447
guided,CN(CC(C[C+]([O-])O)N(CC([CH+][c+]1[cH-][cH+][cH-][cH+][cH-]1)N(CC[c+]1[cH+][cH+][cH+]s1)[N-][O-])[N-][O-])[N-][O-],-0.6969353556632996
guided,COc1cccc(N(C(=O)[C@@H]2CCSC(=O)C2)[C@@H](C(=O)NC(C)(C)C)c2ccncc2)c1,-1.3562283515930176
guided,NC(=O)C[C@H](N)C(=O)O,-0.5854514241218567
guided,CN(CCC(=O)Nc1nnc(C2CC2)s1)S(=O)(=O)c1ccc2c(c1)OCCCO2,-0.4889083504676819
guided,CCOC(=O)[C@@H](C)n1cnc2[s+]c3c(c-2c1[O-])CCCC3,-1.9207466840744019
guided,CCNS(=O)(=O)c1ccc(CCC(=O)NCc2ccc(F)cc2)cc1,-1.3168097734451294
guided,O=C(N/N=C/c1ccccc1C(=O)O)c1cccc(Br)c1,-1.3579893112182617
guided,C[C@H](NC(=O)[C@H]1Cc2ccccc2CN1)C(=O)NC[C@@H]1CCCO1,-0.8619904518127441
guided,COCCNC(=O)CN1CCN(c2ccc(O)cc2)CC1,-1.8072595596313477
guided,Cc1n[nH]c(-c2ccccc2)c1NCc1ccc(F)cc1,-5.9439263343811035
guided,O=C(NCCC1=CCCCC1)Nc1cccc2cccnc12,-4.222599506378174
guided,Fc1cc(Nc2ccccc2)ccc1-c1nc2ccccc2s1,-10.232633590698242
guided,CC(C)(C)c1ccc(/C=C\C(=O)Nc2ccnn2-c2ccccc2)cc1,-5.593348026275635
guided,CCn1nnc(-c2ccc(-n3cnnn3)cc2)n1,-0.6600396633148193
guided,O=C(CCSc1ccc(F)cc1)N1CCN(c2ccccc2F)CC1,-8.549446105957031
guided,CCOc1cc2[nH]c(=O)c(C)c(C(=O)OC)c2cc1OCC,-1.217641830444336
guided,CCn1[c+]([O-])[c+](-[c+]2[n-][c+]3[cH-][cH+][cH-][cH+][c-]3s2)n(C)[c-]1[S-],-3.971949338912964
guided,NC[CH-]O[C+](OCC(O)CO)OC1C(N)CC(N)(OC2OC(CO)C(O)C(N)C2O)C(O)C1O.[H+],-0.566825807094574
guided,CCC(=O)N/C(=N\OCc1ccc2c(c1)OCO2)c1nc2ccccc2[nH]1,-0.6203007698059082
guided,O=C(C1=C[C@H](c2csc3ccccc23)C[C@H](OCc2ccc(CO)cc2)O1)N1CCN(Cc2ccc3c(c2)OCO3)CC1,-3.117755174636841
guided,C/C=C/C=C/Cn1c(=O)c(C(=O)NCCC)c(O)c2ccccc21,-1.78305983543396
guided,O=C(O)CCN1C(=O)c2ccc(C(=O)N3CCCCc4ccccc43)cc2C1=O,-0.7109923362731934
guided,CCN1[C+]2[CH-][CH+][C][C][C+]2N([S+2]([O-])([O-])[c+]2[cH-][cH+][c-](F)[cH+][cH-]2)[NH+]2CC[N-][C-]12.[H+],-1.4234733581542969
guided,CON/C(=N/Cc1ccccc1)[C@]1(O)C(=O)Nc2c(C)cccc21,-0.7289562821388245
guided,O=C(Cc1cccc2ccccc12)N/N=C1\C(=O)Nc2ccccc21,-1.7654632329940796
guided,[O-][CH+]CCC[CH+]N[C-]([O-])C(C[c-]1[cH+][cH-][cH+][cH-][cH+]1)N(CC[c-]1[cH+][cH-][cH+][cH-][cH+]1)[S+2]([O-])([O-])[c+]1[cH-][cH+][c-]([C+]([O-])O)[cH+][cH-]1,-0.31327512860298157
guided,[O-][S@@+](Cc1ccc(O)cc1)Cc1sc(Nc2ccccc2F)nc1-c1cccc(F)c1,-4.666952133178711
guided,C[C@@H](SC1=Nc2ccccc2C2=N[C@@H](c3ccccc3)C(=O)N12)C(=O)O,-1.3136910200119019
guided,N#Cc1ccc(OCCC(=O)NC(=O)OCc2ccccc2Cl)cc1,-1.1898623704910278
guided,CCN(c1cccc(CNCC(C)C)c1)C1CCOCC1,-8.218238830566406
guided,C/C(=N\NS(=O)(=O)C(C)C)c1cccs1,-2.6158106327056885
guided,CCOC(=O)[C@@](NC(=O)c1ccccc1C)(Nc1nnc(-c2ccco2)s1)C(F)(F)F,-1.210717797279358
guided,NNC(=O)CN1C(=O)C[C@H](Sc2nc3ccccc3[nH]2)C1=O,-0.31203600764274597
guided,COc1ccc(N2CCN(Cc3nc(N)nc(Nc4ccc(C)cc4)n3)CC2)cc1,-0.6702410578727722
guided,C[c+]1[cH-][cH+][c-](CCN(C)[C-]([O-])CN2[CH+][CH+][N-][CH+]2)[cH+][cH-]1.[H+],-4.374248027801514
guided,COc1cc(S(=O)(=O)N2CCOCC2)ccc1NC(=O)Nc1ccccc1SC,-0.7830550670623779
guided,C[C@@H](/C=N/N=C1/Nc2ccccc2[C@H]1O)Sc1nc2ccccc2o1,-1.6458566188812256
guided,O=C(CCN(C(=O)C[C@@H]1C=CNN=C1)c1ccccc1)N[C@H](C(=O)O)c1ccccc1,-0.5624159574508667
guided,COC(=O)[C@@H](O)C[C@@H](OCCCCc1cc(=O)oc2cc([N+](=O)[O-])ccc12)C(=O)C(N)=O,-0.30919066071510315
guided,CCN[C@](C)(NC(=O)c1ccc2ccccc2c1)C(=O)O,-1.0061233043670654
guided,O=C1c2ccncc2C(=O)N1Cc1ccc([N+](=O)[O-])cc1,-0.4583597183227539
guided,NNC(=O)/C(=C/c1cccs1)NC(=O)c1ccccc1,-0.6363661289215088
guided,C=CCOc1cc(NC(C)C)c(Cl)cc1OC,-7.296990394592285
guided,CCC(C)[N][C]([O-])[CH][C](N)[C]1[CH][CH][C](OC)[CH][C]1OC.[CH2][CH][C][O+].[H+].[O][C+]([C-][C]([O-])[O-])[C]1[CH][CH][CH][CH][CH]1,-0.5561558604240417
guided,COc1ccc(N2CCN(C(=O)C3CCN(S(=O)(=O)c4cccs4)CC3)CC2)cc1,-1.663419485092163
guided,O=C1C[C@@H](c2ccco2)CC(O)=C1[C@H]1NCCNC1=O,-0.44483980536460876
guided,O=S(=O)(CCOc1ccc(Cl)cc1)c1nc2ccccc2[nH]1,-1.7787319421768188
guided,CCC(=O)NC(=S)Nc1ccc2nsnc2c1,-1.823720097541809
guided,Cc1ccccc1CCC(=O)OCC(=O)c1c(N)n(C)c(=O)n(C)c1=O,-0.29803457856178284
guided,CO[c-]1[cH+][c-]2[c+]([c-](OC)[c+]1O)[CH+]C[C-]2[O-],-2.216982126235962
guided,Cc1cccc(C(=O)C(=O)c2ccc(N)c([N+](=O)[O-])c2)c1O,-0.5348684191703796
guided,O=C(O)CC[C@@H](/C=N/NC(=O)c1ccc(F)cc1)C(=O)Nc1ccc(Cl)c(Cl)c1,-1.4162623882293701
guided,S=C(Nc1ccccc1-c1ccccc1)NN1CCOCC1,-5.778992652893066
guided,Fc1ccc(Br)cc1-c1nc2ccccc2o1,-8.558120727539062
guided,Cc1ccccc1CSCCNC(=O)CCNC(=O)Cn1cnc2[s+]c(C)c(C)c-2c1[O-],-0.6961591839790344
guided,Fc1ccc(-c2cncc(CN3CCN(c4ccccc4-n4cncn4)CC3)c2)cc1,-4.307306289672852
guided,COc1cc(Cl)ccc1OC1CCN(C(=O)c2csnn2)CC1,-2.3145012855529785
guided,CCC[C@@H](CCC(=O)Nc1cccc(S(=O)(=O)NC2=NCCC2)c1)C(=O)O,-0.5719676613807678
guided,O=C1[C@@H]2[C@H]3CC[C@H](C3)[C@@H]2C(=O)N1CCC/N=C1\NS(=O)(=O)c2ccccc21,-0.39235806465148926
guided,NNC(=O)CCC/N=C1\NS(=O)(=O)c2ccccc21,-0.3601956367492676
guided,COCc1cc(CN2CCN(CO)C2)ccc1OC,-4.096965312957764
guided,CN(C)S(=O)(=O)c1cccc(NC(=O)c2cc(=O)[nH]c3ccccc23)c1,-0.39996829628944397
guided,CS[C]1[N][C](C)[CH][C](SC[C]([O])N[C]2[CH][CH][CH][C][C]2[O+][C]2[CH][CH][CH][CH][CH]2)[N]1,-1.9830437898635864
guided,[N-2][C][C+]1[CH+][C+]([C][C][C+]2[CH+][CH+][CH-][CH+][CH-]2)[C][N-][C+]1SC[C+]([O-])NCC1CCCO1,-1.209954023361206
guided,[O][C](NN[C]1[CH][CH][CH][C](N([O-])[O-])[CH]1)[C+]1[CH][N][CH][C](Br)[CH]1,-0.5505849123001099
guided,N#CC1=C(N)NC(SCc2ccc(Cl)cc2)=C(C#N)C12CCCCC2,-2.242748260498047
guided,O=C(c1cc2cc(Br)ccc2o1)N1CCCC1,-6.627533435821533
guided,O=C(c1ccc2ccccc2c1)N1CCN(c2ccccn2)CC1,-5.893584251403809
guided,O=C(NN[C@@H]1CC(=O)N(c2ccc(F)cc2)C1=O)[C@H]1CCC(=O)N(CCc2ccccc2)C1,-0.352734237909317
guided,COc1ccc(C(=O)COC(=O)COc2cc(C)cc(C)c2)cc1,-2.6560184955596924
guided,CCSc1nc2ccccc2n1CC(=O)NC1CCCCC1,-4.634073734283447
guided,O=C(NC[C@@H]1CCCO1)c1ccccc1-c1ccccc1,-5.686467170715332
guided,O=C(c1ccccc1F)N1N=C(c2ccc(F)cc2)C[C@@H]1c1ccco1,-5.525827884674072
guided,C/[S+]=C1\N=NC(=C=C(C)C(=S)/[C-]=[NH+]/c2ccc[cH-]c2=S)N1c1cccc(C)c1,-5.377033233642578
guided,OC[C@@H](O)[C-](O)[C@H](O)CO.[H+],-0.7013446092605591
guided,COc1ccc(N2CCN([C-]3C[S+]=C4[N-]n5c(nc6ccccc6c5=O)[S@@+]4O3)CC2)cc1,-1.1352989673614502
guided,CN(C(=O)COC(=O)c1ccc2ccccc2c1)c1ccccc1,-4.716947555541992
guided,O=C1C[C@H](c2cccs2)CC(O)=C1/C=N/CCN1CCNCC1,-1.9994404315948486
guided,NS(=O)(=O)c1cccc([C@H](Nc2ccccn2)NS(=O)(=O)c2ccccc2)c1,-0.35445842146873474
guided,O[C@@H](CNCc1ccccc1)c1ccccc1,-6.375269889831543
guided,Cl[C-]1[CH+][CH-][C][C+](O[c-]2[n-][nH][n-]n2[C][CH+][C+]2[CH+][CH+][CH-]N2C[c+]2[cH-][cH+][c-](Cl)[cH+][cH-]2)[CH+]1,-2.896066665649414
guided,[O][C]1[C-]2[CH][CH][CH][CH][C]2[N][C]([NH+][N+]2[C][N][C]3[C]([CH][N]N3[C]3[CH][CH][C](F)[CH][CH]3)[C]2[O-])[N+]1C[C]1[CH][CH][CH]O1,-0.5307316780090332
guided,COc1ccc(CCC(=O)Nc2ccc(Cl)c(S(=O)(=O)Nc3ccc(Cl)cc3)c2)cc1OC,-2.6898610591888428
guided,OC[C@@H]1CCCN(Cc2cnn(Cc3ccccc3F)c2)C1,-4.837447643280029
guided,COc1ccccc1N1CCN(c2ccc(C)cc2)CC1,-9.814237594604492
guided,Fc1cccc(F)c1CNc1ncnc2nc[nH]c12,-1.998292088508606
guided,CCN(CC)CC[C@@H](C)NC(=S)Nc1ccccc1,-7.491541385650635
guided,COC(=O)c1sc(C(F)(F)F)c2c1CCCC2,-7.987620830535889
guided,C=Nc1nccc(=O)[nH]1,-2.706995964050293
guided,O=C(/C=C/Nc1ccc2c(c1)OCO2)c1ccco1,-2.6243417263031006
guided,COc1cccc(C(=O)Nc2cc(C)on2)c1,-2.0658440589904785
guided,[H+].[O-][C+](O)C[c-]1[cH+][cH-][c+](OCCC[N-][C+]([O-])[C+]([O-])[C][CH+][c+]2[cH-][cH+][c-]3[c+]([cH-]2)OCO3)[cH-][cH+]1,-0.30919066071510315
guided,CO[C]1[CH][C](O[C](C)[O])[C]([CH+][CH]S([O])([O])[C]2[CH][CH][C](Cl)[CH][CH]2)[C](N([O-])[O-])[CH]1,-1.3234357833862305
guided,CC[S+2]#C[N-]C1=[S+]C(C(=O)N2CCCC2)=C/C1=[C-]\Nc1[c-]cccc1,-4.313965797424316
guided,O=C(CN1CCCCC1)N/N=C1\C(=O)N(Cc2ccccc2)c2ccccc21,-2.094567060470581
guided,[O][C](O)[C]1[CH][C](N([O-])[O-])[CH][CH][C]1NN[C]([O])[C+]1[CH][CH][CH][CH][CH]1,-0.5589469075202942
guided,CC(C)c1c(C(=O)N/N=C/c2ccccc2Cl)nnn1-c1nonc1N,-0.3966933488845825
guided,O=C(N/N=C/C1=C(N2CCOCC2)/C(=C/c2cccs2)CC1)c1cc2ccccc2oc1=O,-1.672307014465332
guided,S=C(Nc1ccccc1Cl)N1CCN(Cc2ccc(Br)cc2)CC1,-10.251172065734863
guided,COc1ccc(/C=C/C(=O)c2c(O)n(CCc3ccc(OC)c(OC)c3)c(=O)[nH]c2=O)cc1,-0.5015226006507874
guided,Clc1cccc(Cc2ccc(Cl)nn2)c1,-7.996691703796387
guided,O=C(c1ccc(Br)o1)N1CCN(c2ccc(F)cc2F)CC1,-5.99392032623291
guided,O=C1CCCCN1S(=O)(=O)c1c(F)cccc1Cl,-3.1714255809783936
guided,NNC(=S)Nc1ccc(Oc2ccc(Cl)cc2)cc1,-3.0768728256225586
guided,COc1cc(C(=O)NN2C(=O)/C(=C/c3ccccc3OC)SC2=S)ccc1O,-0.9160099625587463
guided,COc1cc2c(cc1C=O)O[C@@H](C(=O)O)C=C2/N=N/c1ccc(OCc2ccccc2)cc1,-2.316530466079712
guided,O=C(c1ccc2c(c1)CCC2)N1CCC(Cc2ccccc2)CC1,-9.583940505981445
guided,Cn1c(=O)c2cc(S(=O)(=O)NCCC(=O)O)ccc2n(C)c1=O,-0.33055388927459717
guided,C[P@](=S)(Nn1cnnc1)Oc1ccc(F)cc1,-3.378700017929077
guided,NC(=O)c1sc2nc3c(c(-c4ccc(Cl)cc4)c2c1N)CCC3,-1.6738237142562866
guided,CCOC(=O)/C(C#N)=C\c1ccc([N+](=O)[O-])cc1,-0.6028212904930115
guided,Cc1cc(O[C@@H](C)C(=O)N(C)c2nc3ccccc3n2C)c2c(C)cc(=O)oc2c1,-1.7614105939865112
guided,[O-]c1ccn/c(=[S+]\CCOc2cccc(Cl)c2)[nH]1,-2.3145194053649902
guided,COc1ccc(CSc2nc3ccccc3n2CC(=O)NC2CCCCC2)cc1,-4.408951282501221
guided,CC(C)(C)C(=O)N/N=C/c1cc([C@@H]2C[C-](C=O)CC[C@H]2c2ccccc2)n[nH]1.[H+],-1.5301580429077148
guided,CCOc1ccc(OCC(N)=O)cc1,-2.1924846172332764
guided,COc1ccc(NC(=O)CCc2nnc3ccc(N4CCC(C)CC4)nn23)cn1,-0.48620790243148804
guided,CCCN(C)NC(=O)[C@@H]1CCc2ccccc2C1,-6.214061737060547
guided,CCOc1ccc(CN2Cc3ccccc3C2=O)cc1C(=O)OC,-3.219482660293579
guided,CNC(=C\C(=O)c1cc(Cl)ccc1O)/C=C/c1ccccc1,-4.680350303649902
guided,COc1ccc(/C=C2/N=C3CCCCCN3C2=O)cc1,-4.983317852020264
guided,Cn1c(=O)c(COC(=O)c2ccco2)nc2ccccc21,-1.165145754814148
guided,CCCCOc1nncc2ccccc12,-6.01924467086792
guided,O=C(/C=C/c1cccc([N+](=O)[O-])c1)OCC(=O)c1ccc(Cl)cc1,-1.4514350891113281
guided,C[N-][C+]([C-]([O-])N[C+]1[CH+][CH-][C+](F)[C-](F)[C+]1F)[C-]([C][N-2])[c+]1[cH+][cH+][c+]2[c-]([cH+]1)OCO2,-0.8531230092048645
guided,Cc1nc(N[C@@H]2CCCc3ccccc32)ccc1S(=O)(=O)N(C)C,-2.6362483501434326
guided,CN/N=C/C(=O)n1nc(C)cc1/C=C(/C#CC(C)C)Oc1ccccc1,-2.0936572551727295
guided,N/C(=N\Cc1ccc(F)cc1)Nc1n[nH]c(N)n1,-0.4362680912017822
guided,CO[c+]1[cH-][c+](CCN[C-]([O-])[C+]2[CH+][C-](C)[C+](C)N2[O-])[cH-][cH+][c-]1OC,-0.8599388003349304
guided,NC(=O)C[C@H](NC(=O)Cc1ccc(Br)cc1)c1ccc(NCCC2=CCCCC2)c([N+](=O)[O-])c1,-2.2423431873321533
guided,CCOc1cccc(OCCOCCn2ccnc2)c1,-4.2261810302734375
guided,O=C(c1ccco1)N(Cc1cccs1)[C@H]1CCS(=O)(=O)C1,-1.792602777481079
guided,COc1ccc(C)cc1NC(C)=C1C(=O)CC(c2ccccc2)CC1=O,-4.172091007232666
guided,C/C(=N\NC(=O)COc1cccc2ccccc12)C(C)C,-3.9900588989257812
guided,COc1ccc2c(OCC(=O)O)c(Cl)cnc2c1,-1.7692646980285645
guided,CC(=O)c1ccc(N[C@H]2C[C@@H](O)[C@@H](O)CO2)cc1,-0.9414700269699097
guided,O=S(=O)(Cc1ccccc1)Cc1nonc1-c1ccccn1,-0.7012885212898254
guided,COc1cc(CC(=O)N2CCN(C(=O)[C@H]3COc4ccccc4O3)CC2)cc(OC)c1OC,-0.5719607472419739
guided,O=P(NS(=O)(=O)c1ccc(F)cc1)(Oc1ccccc1)Oc1ccccc1,-2.1222472190856934
guided,CC[C@@H]1CCCCN1C(=S)Nc1ccc(C)c(S(=O)(=O)N2CCCCCC2)c1,-4.781359672546387
guided,Cc1ccc(NC(=S)NC(=O)c2ccc([N+](=O)[O-])cc2)c(O)c1,-0.7322126030921936
guided,C[C@H]1C=CC=C/C1=N\NC(=O)C(=O)Nc1ccc(F)cc1,-1.5348674058914185
guided,CC(=O)[C@H](/[S+]=c1\nc(C)cc([O-])[nH]1)C(=O)Nc1ccccc1,-0.27772167325019836
guided,CCC(=O)NC(=S)Nc1ccc(NC(=O)COc2ccc(F)cc2)cc1,-1.3379075527191162
guided,O=C(CCN1CCCCCC1)NC1(C(=O)Nc2ccccc2F)CCCCC1,-3.1995344161987305
guided,CC(=O)c1c(C)oc2ccc(NS(=O)(=O)c3cccc4nsnc34)cc12,-1.1888298988342285
guided,CN(CCOCc1ccccc1)Cc1ccccc1,-10.539654731750488
guided,COc1ccc(NC[C@@H](O)Cn2cnc3c2c(=O)n(C)c(=O)n3C)cc1,-0.2751031219959259
guided,COc1ccc(C(=O)N2CCN(C(=O)c3ccco3)CC2)cc1,-2.07446026802063
guided,NCCc1ccc(CCNc2nc(N)c3ncn(CCCC(=O)NN)c3n2)cc1,-0.30265432596206665
guided,NNC(=O)CN1CCN(c2ccccn2)CC1,-1.1001726388931274
guided,COCc1cc(C)nc(N2CCOCC2)c1C#N,-2.5668060779571533
guided,COC[C@H]1CCC[C@@H]1OS(N)(=O)=O,-1.0436524152755737
guided,CO/N=C/Cn1c(C2CCN(C)CC2)nc2ccccc21,-4.656488418579102
guided,Cc1cc(Cl)ccc1C(=O)[C@H]1CCCN(C(=O)c2csnn2)C1,-2.6692492961883545
guided,O=C(O)c1ccc(N[C@H]2OC[C@H](O)[C@@H](O)[C@H]2O)cc1,-0.40940219163894653
guided,CN(C[c+]1[cH-][cH+][cH-][cH+][cH-]1)C[C-](C[c+]1[cH+][n-][cH-][cH+][cH-]1)C(O)[c+]1[cH-][cH+][cH-][c+]2[cH-][cH+][cH-][cH+][c-]12,-7.218964576721191
guided,CCC(=O)N1CCC(Oc2ccc(F)c(CCC(=O)Nc3nccs3)c2)CC1,-2.1606788635253906
guided,CCNC(=O)Nc1cc(C)c(Cl)cc1OC,-3.83719801902771
guided,O=C(NNC(=O)c1cc2ccccc2[nH]1)Nc1ccccc1,-0.8746143579483032
guided,CCCNS(=O)(=O)c1ccc(OCC(=O)N2CCN(Cc3ccc([N+](=O)[O-])cc3)CC2)cc1,-0.4126356542110443
guided,COCCCNC(=O)CN1C(=O)c2ccccc2C1=O,-1.05869460105896
guided,O=c1c2ccccc2nc(SCc2ccc(Br)cc2F)n1CCO,-3.619363784790039
guided,Cc1cc(-c2ccccc2Br)c(C)n1-c1ccccc1C(=O)O,-6.715420246124268
guided,CCCCN(C)c1cc(C)nc2ccccc12,-10.01373291015625
guided,NC(=O)c1ccccc1N1CCCCC1,-4.016319751739502
guided,COCCNC(=S)N1CCN(c2cccc(C)c2C)CC1,-6.976311206817627
guided,CO/N=C/c1cn[nH]c1-c1cc2ccc(O)cc2o1,-0.9490839838981628
guided,O=C(c1ccc(C(F)(F)F)cc1)c1c[nH]c(C(=O)N2CCN(c3nc(C(F)(F)F)c(-c4ccccc4)s3)CC2)c1,-5.059615612030029
guided,C[C@@H](CC(=O)NCc1cccnc1)Sc1nnc([C@H](O)c2ccccc2)n1-c1ccccc1,-1.3826913833618164
guided,COCCn1c(CCCn2c(=O)[nH]c3ccccc3c2=O)nc2ccccc21,-0.8617880344390869
guided,C/[S+]=C1\C=CC=C\C1=C(/[O-])OCC(=O)Nc1ccc(N2CCOCC2)cc1,-1.1756634712219238
guided,COc1cc(/C=C2/C(=O)N(C)C(=S)N2C)ccc1OC(=O)c1ccco1,-1.5350596904754639
guided,CCCCCn1c(=O)c2sccc2n(Cc2ccccc2)c1=O,-4.951213836669922
guided,Clc1ccc(-c2nc(-c3ccccc3)ns2)cc1,-8.73419189453125
guided,O=[N+]([O-])c1ccc(OCC(F)(F)F)nc1,-2.06386399269104
guided,CCOc1cccc([C@H]2NC(=O)c3ccccc3O2)c1,-4.16732120513916
guided,COc1ccc(Cn2nnnc2[C@@H](c2cc3ccc(OC)cc3[nH]c2=O)N2CCN(c3ccc(OC)cc3)CC2)cc1,-1.0092341899871826
guided,O=P(=[OH+])CCCCO.[CH2-]CCN,-0.794004499912262
guided,CNCCN(C)Cc1c(-c2csc(CCCc3cccc4ccccc34)c2)n[nH]c1C,-6.598357200622559
guided,CCOC(=O)CN1C(=O)C[C@H](c2ccccc2)C1=O,-1.9871290922164917
guided,COc1cc(NC(=O)c2nnn(-c3ccccc3C)c2N)c(OC)cc1Cl,-0.7657119035720825
guided,CCC(C)CN[C]1[CH][CH][C](CN2[C]([O])[C]3[CH][CH][CH][CH][C]3[C+]2[O])[CH][C]1N([O-])[O-],-0.7255966663360596
guided,[CH2-]CCC[CH-]C[N+]1=C(c2ccccc2OC)N=N/C1=[S+]\CC(=O)Nc1nccs1,-1.518368124961853
guided,S=C(N/N=C(\CCc1ccccc1)CC1CCCCC1)Nc1ccccc1Cl,-9.26258373260498
guided,Cc1ccc(/N=N/c2ccccc2NC(=O)Nc2ccc(C(=O)O)cc2C)cc1,-3.4696617126464844
guided,CC(=O)Nc1cc(C)cc(C(=O)OCC(=O)Nc2ccccc2C(C)=O)c1,-0.737995982170105
guided,NC(=O)/C(=C(\C=C1\[N-]c2ccccc2N1)c1cccc([N+](=O)[O-])c1)N1CCCCC1.[H+],-1.6660135984420776
guided,Br[c-]1[cH+][cH-][c+](O[C-]2[N-][N-][C+]([CH+][c+]3[cH-][cH+][cH-][cH+][cH-]3)O2)[cH-][cH+]1,-5.59306001663208
guided,CCC[S+](N[S+2]([O-])([O-])[C-]1[CH-][CH+][CH-][C+]([C+](N)[O-])[CH-]1)[c+]1[cH-][cH+][cH-][cH+][cH-]1,-0.3574448823928833
guided,COCCNC(=S)N(CCN(C)C)Cc1cc2cc3c(cc2[nH]c1=O)OCO3,-0.8296012282371521
guided,O=C(NCCOC(=O)c1cc(-c2ccc(F)cc2)nn1-c1ccccc1)c1cccs1,-2.523362159729004
guided,CC(=O)N1CCC[C@@H](C(=O)NCc2coc3ccccc3c2=O)C1,-0.8341859579086304
guided,C=CCSc1nnc(NC(=O)c2cc3ccccc3o2)s1,-2.4977900981903076
guided,Fc1ccccc1NC1=NCCCS1,-7.937593936920166
guided,CC(C)CCN(CC(C)C)c1nc(N)c2c(N)nc(OCCc3cccs3)cc2c1C#N,-2.1395263671875
guided,C[C@@H](C(=O)O)N1C(=O)c2ccccc2C1=O,-1.1799099445343018
guided,CO[C-]([O-])C(O)C(O)C(C)C(O)[C+](C)[C+](C)C(O)C[C-]1[C][CH-][CH+][CH-][CH+]1,-0.5670382380485535
guided,CCCCCc1nc2[nH]nc(SCC(=O)NC3CCCCC3)c2c(=O)n1CC#Cc1ccccc1,-1.8354275226593018
guided,O=C(NCc1ccc(C(F)(F)F)cc1)[C@@H]1CC(c2ccc(COc3ccccc3F)o2)=NO1,-3.0091540813446045
guided,COc1cc2c(cc1OC)[C@@H](N1Cc3ccccc3C1=O)CC2=O,-3.190579652786255
guided,O=[N+]([O-])CCNc1nc2c(ccc3ccccc32)[nH]1,-0.8919496536254883
guided,N/C=N\N=C(N)\C=C\C=C1/[OH+][OH+]C([O-])=C2C=CC=C[C-]21,-0.5320579409599304
guided,C/C(=N\NC(=O)C(O)(c1ccccc1)c1ccccc1)c1ccc(N2CCOCC2)cc1,-1.7513706684112549
guided,COc1ccc(CCNc2nc(C)c(C(C)=O)s2)cc1OC,-2.912914514541626
guided,O=C(NC(=S)NCC(F)(F)CC(F)(F)F)c1cc(S(=O)(=O)N2CCOCC2)ccc1N1CCCCC1,-0.9609944224357605
guided,F[c-]1[cH+][cH-][c+](C2[CH-]NCCC2)[cH-][cH+]1,-10.397981643676758
guided,CNC(=O)c1cc2ccc[c-]c2n2c(=O)c3ccc(Br)cc3nc12.[H+],-2.4388389587402344
guided,C[C@H](c1ccccc1)c1cnc(N[C@H](C)C(=O)Nc2sc3c(c2C#N)CC(C)(C)OC3)[nH]c1=O,-1.4956213235855103
guided,OCc1ccc(-c2ccccc2)o1,-6.138288974761963
guided,COCC1CCN(Cc2nc(CC3CC3)no2)CC1,-3.4265944957733154
guided,O=C1C[C@@H](Nc2ccc(N3CCCCC3)cc2)C(=O)N1Cc1cccs1,-3.835602283477783
guided,O=C([C@@H]1COc2ccccc2O1)N1CCN(C(=S)Nc2cccc(F)c2)CC1,-3.2065958976745605
guided,COc1nnnn1C,-3.338226556777954
guided,OC1(c2cccc(C(F)(F)F)c2)CCN(CCN2CCCCC2)CC1,-7.88381814956665
guided,CCCC[C@H](C(=O)O)[C@H](C)c1cncc(C)c1C(=O)NCCC(C)C,-2.194305658340454
guided,O=C(O)c1cccnc1SCc1cn2ccccc2n1,-1.9953557252883911
guided,O=C1CCc2cc(S(=O)(=O)N3CCC(C(=O)Nc4ccc(Br)cc4F)CC3)ccc2N1,-1.1140997409820557
guided,O=C(O)CCC/C(=N/NC(=O)c1cccnc1)c1ccccc1,-0.6391819715499878
guided,Nc1cc(=O)[nH]c(Nc2ccc(Cl)c(C(F)(F)F)c2)n1,-1.131812572479248
guided,COc1cc(-c2cc(-c3cnc4ccccc4n3)c3ccccc3n2)cc(OC)c1OC,-4.182610034942627
guided,FC(F)(F)CN1CCN(c2nc3ccccc3n3cnnc23)CC1,-3.5830650329589844
guided,COc1ccc(C(=O)c2cc(C)c3ccccc3n2)cc1,-5.8173956871032715
guided,Cc1ccc2[nH]c(=O)c(CN(C(=O)NC3CCCCC3)c3ccccc3)cc2c1,-3.6721584796905518
guided,CN1CC[CH][C](N([O-])[O-])[C+]([N]O)CC1,-0.6736685037612915
guided,[CH][CH+]n1[c+]2[c-]([c+]([N-]O)[c-]1[C]N1CCCCC1)[CH+][CH-][CH+][C]2,-5.023536205291748
guided,CCNC(=O)NC(=O)CSc1ccc2cc(C)ccc2n1,-1.5964897871017456
guided,O=C(C1=C(O)C(=O)N(CCCc2ccccc2)[C@H]1c1ccc(Cl)cc1)c1cc2ccccc2o1,-4.833736419677734
guided,O=C(/C=C/c1ccccc1)Nc1cc(S(=O)(=O)N2CCOCC2)ccc1N1CCCC1,-1.2631675004959106
guided,COc1cc2c(cc1OC)[C@H](C)N(C(=O)c1cncs1)CC2,-3.6468665599823
guided,COCCSc1nnc2n(C)c(=O)c3ccc(NC(=O)c4cccc(N5C(=O)CCC5=O)c4)cc3n12,-0.40981462597846985
guided,[O-]N([O-])[C+]([CH+][CH-][c+]1[cH-][cH+][c-](-[c+]2[n-][c+]3[cH-][cH+][cH-][cH+][c-]3s2)o1)[C+]([S-])N1CCCCC1,-2.2817869186401367
guided,Cc1cccc(C)c1OCC(=O)NNC(=S)NC(=O)c1ccco1,-0.3986467719078064
guided,[O-][SH+]N(Cc1ccco1)NC(=S)Nc1ccc(Cl)cc1,-2.279151439666748
guided,COc1ncc(C(=O)c2ccc(C)cc2)cc1N,-2.0059621334075928
guided,COC1=CC=C/C(=C/[C@H](O)CNC(=O)c2sccc2C)[CH-]1.[H+],-2.797408103942871
guided,Nc1cccc(Sc2nc(N)cc(N)n2)c1,-0.374301016330719
guided,[H]/N=C1C(=C\c2ccccc2)\N=C(SCc2ccc(OC)c(OC)c2)N\1Cc1ccccc1,-5.380561351776123
guided,N#Cc1cccc(F)c1Nc1c(C#N)sc(N)c1/C=C\c1cccnc1,-1.8317618370056152
guided,COCCCN(CC(=O)Nc1ccccc1C(C)C)S(=O)(=O)c1ccc2ccccc2c1,-2.606116533279419
guided,CN(C)S(=O)(=O)c1ccc(C(=O)Nc2ccccc2[N+](=O)[O-])cc1,-0.44878679513931274
guided,CN1C(=O)N(C)C(=O)C2(Cc3ccccc3N3CCN(c4cccc(C(F)(F)F)c4)C[C@@H]32)C1=O,-2.397041082382202
guided,O[C@@H](COc1ccccc1CNCCc1ccccc1)CN1CCOCC1,-3.0548648834228516
guided,O=C(/C=C/c1ccc(F)cc1)N[C@@H](Cc1ccc(O)cc1)C(=O)O,-0.78459632396698
guided,CCC(O[C]1[CH][CH][C](C)[CH][C]1N([O-])[O-])[C+]([O])OC[C]([O])N(CC)C(C)C,-0.9741358757019043
guided,N/C(=N/CCSc1cc(-c2ccccc2)c2ccccc2n1)C(=O)NCc1ccccc1,-2.3920633792877197
guided,[N-2][C]CS[C+]1[N-][N-][C-]([C+]2[C][CH-][CH+][CH-][CH+]2)N1C1CCCCC1,-4.6016082763671875
guided,CCOc1ccc(NC(=O)N2CCCCC2)c(C)c1,-5.301432132720947
guided,O=C(NCCCN1CCOCC1)C1(S(=O)(=O)c2cccc3cccnc23)CC1,-0.42156606912612915
guided,COc1cc(N(C(=O)c2ccc3nc[nH]c3c2)C2CCCCC2)cc(OC)c1OC,-2.530384063720703
guided,O=C(CCc1ccccc1)N[C@H](NC(=S)Nc1ccc(Cl)cc1)C(Cl)(Cl)Cl,-5.1402130126953125
guided,C[C@H](OC(=O)CN1C(=O)c2ccccc2C1=O)C(=O)Nc1nnc(C2CC2)s1,-0.3453111946582794
guided,CCOc1ccc(N(CC(=O)Nc2ccccc2C(=O)O)S(=O)(=O)c2c(C)nn(C)c2C)cc1,-0.7114497423171997
guided,CC[C@H](CC(=O)O)CC(=O)Nc1ccc(C)cc1[N+](=O)[O-],-0.7411036491394043
guided,O=P(c1ccc2ccccc2n1)(N1CCOCC1)N1CCOCC1,-2.8716940879821777
guided,O=S(=O)(NCCN1CC[N+](=c2cc[cH-]cc2)CC1)[NH2+]C=[N+]=S([O-])([O-])=c1cc[cH-]c2nsnc12.[H+],-0.24629192054271698
guided,[CH2-][C@@H]1CN(C)C[C@@H]1c1c#[n+]cc(C)c1,-8.985825538635254
guided,COc1ccccc1NC(=S)NNC(=O)C1=CSCCC1,-2.3298099040985107
guided,COCCn1cc(-c2csc(N)n2)c2ccccc21,-3.4420483112335205
guided,CCOc1ccc(COCCOc2ccccc2C(=O)OC)cc1OC,-2.7111520767211914
guided,O=c1[nH]c2ccc(OCCO)cc2c(-c2ccccc2)c1CN1CCOCC1,-1.2834956645965576
guided,Cc1oc(-c2ccccc2Cl)nc1CN(Cc1ccc(F)cc1)C(=O)c1cnccn1,-3.2965967655181885
guided,O=C(NNC(=O)c1ccc(Br)o1)c1ccc(NC(=O)c2cccs2)cc1,-1.0172123908996582
guided,Cn1nnnc1NCc1ccc(Cl)cc1,-2.910257577896118
guided,Cn1c(=O)c2cc(S(=O)(=O)NCCC(=O)NC[C@H]3CCCO3)ccc2n(C)c1=O,-0.2976374328136444
guided,COC(=O)NCc1ccc([C@H]2Nc3ccccc3C(=O)N2c2ccc(C(C)(C)C)cc2)cc1,-3.9817254543304443
guided,NNC(=O)CN[C@@H](c1ccccc1)c1ccccc1NC(=O)c1ccccc1,-0.6149311065673828
guided,CC(=O)/C(=N\Nc1cc(Cl)ccc1Cl)Sc1ccccc1,-6.701519012451172
guided,O=C(c1cc2ccccc2o1)c1ccccc1Br,-7.838597297668457
guided,O=C(c1ccco1)N1CCN(c2cc(=O)n(-c3ccc(Cl)cc3)c(=S)[nH]2)CC1,-1.6481013298034668
guided,[CH2-]C(C)(C)OC[c+]1[cH-]n(-[c+]2[cH-][cH+]s[c-]2-[c+]2[n-][n-][c-](OC)[c+]3[cH-][cH+][cH-][cH+][c+]23)[c+]2[cH-][cH+][cH-][cH+][c-]12,-6.420219898223877
guided,O=S(=O)(Nc1ccc2[nH]ncc2c1)c1ccc(F)c(Cl)c1,-1.698652982711792
guided,CC/C=[C-]/C[CH+]CC[C@H](/C(O)=C/CC/C=C/CC=C(C)C)C(C)C,-13.907873153686523
guided,Cn1c(=O)[nH]c(=O)c2c1nc(N1CCCC1)n2CC(=O)N1CCCCC1,-0.3815879225730896
guided,O=C(CN(c1ccccc1)S(=O)(=O)c1ccccc1[N+](=O)[O-])Nc1ccc2c(c1)OCCO2,-0.8480238914489746
guided,C=CCN1C(=O)C[S+]=c2cc/c(=C(\[O-])NC3CCCCC3)cc21,-2.870128631591797
guided,CN1C(=O)C(=CNC2CCN(Cc3ccccc3)CC2)C(=O)N(C)C1=O,-1.2493947744369507
guided,Clc1ccc(NC2=NCCCCC2)cc1,-8.512389183044434
guided,[CH2-]CCCCC1=C=C(C(=O)N2CCOCC2)C(NC(=O)c2cccc(S(=O)(=O)N(C)C)c2)=[S+]1,-0.4504978656768799
guided,COc1ccc(Nc2nc(Cl)nc(NCCC(C)C)n2)cc1,-2.192143201828003
guided,COc1ccc2c(c1)SCC/C2=C\CN1C(=O)CCC1=O,-4.242682933807373
guided,Cc1cccc(C(=O)Oc2ccc3c(C)cc(=O)oc3c2)c1,-3.4846441745758057
guided,NS(=O)(=O)c1ccc(N2CCNCC2)c([N+](=O)[O-])c1,-0.3829278349876404
guided,[H+].[O-][n+]1[c-]c(-n2nc(C(F)F)cc2-c2ccoc2)nn1-c1ccc(OC(F)F)cc1,-1.2991267442703247
guided,O=C(Nc1cccnc1)C(O)(O)c1cc(Br)ccc1O,-0.3221360743045807
guided,CN(Cc1ccc(F)cc1)c1nc(-c2cccnc2)nc2ccccc12,-5.939698696136475
guided,CC(=O)c1ccc(NC(=S)NNC(=S)NCc2ccccc2)cc1,-2.222536563873291
guided,O=C(O)CCNC(=O)CCCC(=O)c1ccccc1O,-0.378075510263443
guided,CCCC(=O)Nc1ccnc2cc(Cl)ccc12,-5.3536248207092285
guided,NS(=O)(=O)c1cccc(NC(=O)C2(CC(=O)O)CCCCC2)c1,-0.3950517475605011
guided,O=C(CNC(=O)c1ccccc1Br)N/N=C\c1ccco1,-0.736899733543396
guided,O=C(O)c1ccc(NC(=O)[C@@H]2CC(=O)N(c3cccc(Cl)c3)C2)cc1,-1.0247867107391357
guided,O=C(c1ccccn1)N1CCC(n2c(Cc3ccccc3)nc3ccccc32)CC1,-4.757104396820068
guided,COc1ccc(/C=C2/SC(=S)N(NS(=O)(=O)c3ccccc3)C2=O)cc1,-1.4148681163787842
guided,CC(C)c1ccccc1N1C(=O)c2ccc(C(=O)OCC(=O)N(C)C)cc2C1=O,-1.0467491149902344
guided,S=C1CCCc2cc3c(cc2N1)c1ccccc1n3Cc1ccccc1,-11.89461612701416
guided,COc1ccc(C2C(C#N)=C(N)SC(N)=C2C#N)cc1OCC#N,-0.422759085893631
guided,C/C(=N\N1CCN(c2ccccc2)CC1)c1ccncc1,-6.413645267486572
guided,COCCCNC(=O)Nc1ccccc1C(F)(F)F,-3.8607680797576904
guided,COCc1cc(C)nc(SCC(=O)OCc2ccccc2)c1C#N,-1.8799450397491455
guided,CCc1ccc(OC(F)F)cc1N,-5.934162139892578
guided,O=C(c1ccc2ccccc2c1)[C@H]1CCCN(S(=O)(=O)c2cccnc2)C1,-2.3636693954467773
guided,CC(=O)NC1=C/C(=C(/[O-])NCc2ccccc2)C=C/C1=[S+]\c1cccc2cccnc12,-1.2840635776519775
guided,Nc1nonc1-n1nnc(C(=O)N/N=C/c2ccc3c(c2)OCCO3)c1CNc1ccccc1,-0.26376017928123474
guided,O=C(CCN1C(=O)/C(=C\c2ccc(OC(F)F)cc2)SC1=S)N1CCCCCC1,-4.888619899749756
guided,O=C(C1CCCCC1)N1CCC(c2nc3c(nnn3Cc3ccccc3Cl)c(=O)[nH]2)CC1,-1.1319785118103027
guided,C[S+2]([O-])([O-])N(CCCCC[C-]([O-])[C+]1[C+](O)[CH-][CH+][C-](Cl)[C+]1[CH-]OCCO)C[C+]([O-])N1CCCC1,-0.531356692314148
guided,CCOC(=O)c1ccc(N(C(=O)CN2C(=O)c3ccccc3S2(=O)=O)[C@@H](C(=O)NC2CCCCC2)c2ccc(F)cc2)cc1,-1.7217658758163452
guided,CCn1c(=O)cc(N(CCNc2cccc3cccnc23)C2CCCCC2)[nH]c1=O,-1.2854207754135132
guided,COCCCNC1=[NH+]c2c(ccc3ccccc23)S2(=O)(c3ccc(N([O-])[O-])cc3)O[S@+]12,-0.3921354115009308
guided,NC(=O)N[C@H](Cc1c[nH]c2ccccc12)C(=O)NC1CCCCC1,-0.5035358667373657
guided,Clc1ccc(CCNc2ccc(Cl)nn2)cc1,-5.981259822845459
guided,O=C(NCc1csc(-c2ccccc2)n1)c1cccc([N+](=O)[O-])c1,-1.4227310419082642
guided,COc1cc(OC)c2nc(C)cc(SCC(=O)N3CCOCC3)c2c1,-2.4623138904571533
guided,Cc1ccc(CNC[C@]23C[C@H]4C[C@H](C[C@H](C4)C2)C3)s1,-11.532012939453125
guided,CCOc1ccc(S(=O)(=O)N[C@H](C)CC(=O)OCC(=O)NC2CCCC2)cc1C(C)C,-0.8175053000450134
guided,CCOc1cc(C(=O)N(C)Cc2cnc3ccccc3c2)cc(OCC)c1OCC,-3.8327784538269043
guided,COCCNC(=S)N/N=C(\C)c1ccco1,-2.493868589401245
guided,[O-]OCC([C+]([O-])O)N(C[C+]([O-])O)CC(O)CN1CCOCC1,-0.46752282977104187
guided,CO[c-]1[cH+][cH-][cH+][c-]2[c+]1OCC(C)(C[C-](N)[C+]1[N-][N-][N-]N1C1CCCCC1)C2,-2.0241358280181885
guided,O=[P@@](Cc1ccccc1)(c1ccccc1)c1nc(-c2ccc(F)cc2)oc1N1CCOCC1,-4.557497024536133
guided,COCCN1CCN(C(=O)C(=O)N/N=C/c2ccccc2)CC1,-1.1111677885055542
guided,Cc1ccc(S(=O)(=O)N(C(=O)CN2C[C@@H](C)O[C@@H](C)C2)c2ccccc2)cc1,-2.0619680881500244
guided,CCC[C@@H](O)c1[nH]c2ccccc2c1C(=O)OCC,-2.704881429672241
guided,COC(=O)/C=C/C(=O)Nc1ccc(OC(C)C)c(C)c1,-2.1134302616119385
guided,COc1ccc(OC(=O)N2CCOCC2)c2ccccc12,-3.9870402812957764
guided,FC(F)(F)c1nnc2n1N=C(c1ccco1)CS2,-2.9991865158081055
guided,N#C/C(=C\c1ccc[nH]1)S(=O)(=O)Cc1ccccc1,-1.4704163074493408
guided,Cn1cc([N+](=O)[O-])c(C(=O)Nc2ccc(S(=O)(=O)NCC3CC3)cc2)n1,-0.3372090458869934
guided,O=S(=O)(NCCN1CCN(c2ccc(F)cc2)CC1)c1ccc2ccccc2c1,-3.5618834495544434
guided,Nc1ccc(-c2ccc(COc3ccc(F)cc3)o2)cc1,-4.928708553314209
guided,Cc1ccc(-c2nc3ccccc3s2)cc1C(=O)NC(=S)Nc1cccc(NC(=O)c2cccs2)c1,-4.660312175750732
guided,CCOC(=O)[C@@H](c1ccnc2cc3c(cc12)CCC3)N1CCCCC1,-5.426758289337158
guided,CCc1c(C)[nH]c2c1C(=O)[C@@H](CN1CCOCC1)CC2,-4.256960868835449
guided,O=C(CNC(=O)c1ccco1)OCC(=O)c1ccccc1,-0.562055230140686
guided,CNn1c(C)nc2[s+]c3c(c-2c1[O-])CCC3,-3.1854593753814697
guided,CCC(=O)Oc1ccc([C@H]2CC(=O)N(Cc3ccc(C)cc3)C2=O)cc1,-2.635408639907837
guided,CCCCS(=O)(=O)N1CCC[C@@H](n2c(C(F)(F)F)nc3ccccc32)C1,-3.824423313140869
guided,COCCCNC(=O)c1cccc2ccccc12,-5.359281539916992
guided,[CH2-][c+]1[n-]n(CC)[c-]([O-])[c+]2[cH-][c+]3o[cH+][cH+][c-]3n12,-2.4028878211975098
guided,CCC(=O)c1sc(CC(C)(C)C)cc1-n1cccc1,-9.681467056274414
guided,Cc1ccc(-c2nc(=S)c3c(n2Cc2ccco2)CC(C)(C)OC3)cc1,-6.823195457458496
guided,CCOc1cccc(NC(=O)CCC(=O)N/N=C/c2ccccc2OC)c1,-0.8604844808578491
guided,[H+].[O-][N-][C+]1CC(O)(CCCO)O[C+]2[C][N-][C+]([c+]3[cH-][cH+][c-](Br)[cH+][cH-]3)[CH-][C+]12,-1.1715664863586426
guided,COc1ccc(OC)c([C@@H](C)NC(=O)Nc2cccc(S(N)(=O)=O)c2)c1,-0.4468010663986206
guided,[CH2+][C+](C)CC[C-]([O-])OC(CC)[C-]([O-])NC(C[C+]1[CH+][CH-][CH+][CH-][CH+]1)[C+]([O-])O.[H+],-0.5516758561134338
guided,[CH2+][c-]1[c-]2[s+]1[S+3]2([O-])([O-])N(CC)[C-]1[CH+][CH-][CH+][CH-][CH-]1.[H+],-3.800203561782837
guided,CN1CCN(Cc2ccc3ccccc3n2)C[C@H]1CCO,-4.899658679962158
guided,O=C(Nc1ccc2c(c1)CCC2)c1ccc(CSc2nccc3ccccc23)cc1,-7.9174113273620605
guided,O=C1CCN[C@H]1C1CCCCC1,-6.8265228271484375
guided,CN(C)c1ccc([P@](=O)(c2ccccc2)c2cccn2C)cc1,-7.597598075866699
guided,COc1ccc(/C=N/N2CCN(c3ccccc3Cl)CC2)cc1OCc1ccc2c(c1)OCO2,-4.523045539855957
guided,C[C@@H]1CCC[C@@H](C)N1C[C@H](C)OC(=O)Cc1cccc2ccccc12,-8.078339576721191
guided,O=C(CN(c1ccc(F)cc1)S(=O)(=O)c1ccccc1)NCCN1CCOCC1,-0.8354003429412842
guided,S=C(NCCc1cnc[nH]1)NCc1ccco1,-1.852858304977417
guided,CCOc1cc(NCCOc2cccc3cccnc23)c(OC)cc1OC,-3.240847110748291
guided,S=c1[nH]nc(COc2cccc(Cl)c2)n1Cc1ccccc1,-5.68719482421875
guided,COCCn1c(SCC(=O)NC(=O)NCc2cccnc2)nc2c([nH]c3ccccc32)c1=O,-0.34505969285964966
guided,COCCNc1nc(C#N)c2c(n1)CN(Cc1ccc3c(c1)OCO3)CC2,-0.40065979957580566
guided,COCCN(C/C=C/c1ccccc1)CC(=O)N[C@H]1CCCc2ccccc21,-5.52182674407959
guided,[O-]/C(=C(C(=S)Nc1ccccc1N1CCOCC1)/C(=C\c1ccccc1)/C=C1\C=CC=[O+]1)c1ccccc1,-4.7112932205200195
guided,[O-][C+](O)CCNC[C-]1[C][N-][C+]2[C+]([c-]3[cH+][cH-][cH+][cH+][n-]3)[CH+][CH-][CH+]N21,-0.565695583820343
guided,CNC(=S)NNC(=O)c1cccnc1,-1.8539278507232666
guided,NC(=S)NNC(=O)[C@@H]1CCCC[C@@H]1C(=O)O,-0.5070370435714722
guided,N[C]([N]O[C]([O])N[C]1[CH][CH][C](N([O-])[O-])[CH][CH]1)[C+]1[CH][CH][CH][CH][CH]1,-0.5215215086936951
guided,NS(=O)(=O)c1ccc(NC(=O)COC(=O)c2ccc(Cl)cc2[N+](=O)[O-])cc1,-0.3722429573535919
guided,Clc1ccc(-c2csc(N3CCN(c4ccccc4)CC3)n2)cc1,-10.178590774536133
guided,[CH2+][CH-][CH+]CC[CH-][c+]1[nH][n-][cH+][c-]1CN1CCC([CH+][N-]OC)CC1.[H+].[H+],-3.501203775405884
guided,O=C(NNO[C@]12C[C@H]3C[C@H](C[C@H](C3)C1)C2)c1cccs1,-3.9066452980041504
guided,O=C(NCc1ccccc1)c1ccccc1C(=O)c1cc2c(cc1O)OCCO2,-1.2253081798553467
guided,O=C(O)c1c2c(n(Cc3ccco3)c1C(=O)N1CCC[C@H]1CO)CCCCC2,-0.7325134873390198
guided,COc1ccnc(CSc2nc3ccccc3c3nc4ccccc4n23)c1,-4.80239200592041
guided,O=[N+]([O-])c1ccc2c(c1)OCCO2,-2.284611701965332
guided,NC(N)=N/N=C/C1CCCCC1,-1.256697416305542
guided,CCCN1CCC(N(C)CCc2ccc(OC)c(OC)c2)CC1,-7.886629581451416
guided,Fc1cccc(N[C@@H](N/C=C/c2cccnc2)SCCc2ccccc2)c1,-7.389086723327637
guided,CCn1c(SCC(=O)NC2CCCCC2)nnc1-c1ccncc1,-1.6723332405090332
guided,CCN(c1ccccc1)S(=O)(=O)c1cccc(C(=O)Nc2ccccc2NC(=O)c2cccs2)c1,-2.786646842956543
guided,O=[N+]([O-])c1cc(S(=O)(=O)N2CCCC2)ccc1N/N=C/c1cc(Br)ccc1O,-1.0174601078033447
guided,COC(=O)c1nn(Cc2ccccc2)c(Sc2ccccc2)c1/C=N/O,-1.863067626953125
guided,CO[c-]1[c+]([C+]([O-])NCC2CCCO2)[cH-][n-][c+]1-[c+]1[c-](F)[cH+][cH-][cH+][c-]1Cl,-1.7479561567306519
guided,O=C(O)CS(=O)(=O)c1ccc(S(=O)(=O)N2CCc3ccccc3C2)cc1,-0.32144907116889954
guided,CN(C(=O)COC(=O)COc1ccc(Cl)cc1)C1CCCCC1,-3.3237462043762207
guided,O=C1c2ccccc2C(=O)c2c1cccc2N1CCCC1,-5.714587211608887
guided,NC(=O)c1cc([N+](=O)[O-])ccc1NCCN1CCOCC1,-0.33748167753219604
guided,NNC(=O)/C=C/c1c(F)cccc1Cl,-2.9735240936279297
guided,NS(=O)(=O)c1ccc(CCNC(=O)c2ncc(CC(=O)Nc3ccccc3F)n2CCc2ccccc2)cc1,-0.7828004956245422
guided,O=S(=O)(c1cccc(F)c1)N1CCN(Cc2ccc3c(c2)OCO3)CC1,-2.505754232406616
guided,C[CH-]N1[CH+][CH+]N([C-]([O-])[CH+][CH+][C-](C)[N-]N2C(C)CCCC2C)CC1.[H+].[H+].[H+],-4.447984218597412
guided,C(#[S+2]NC1=Cc2ccccc2CC1)[C@]1(c2ccccc2)/C=C\CCC2=C[CH-]C=C/C2=N\1.O=N[O-],-4.329756736755371
guided,O=S1(=O)CCN(CCc2cn(Cc3cccc(Cl)c3)c3ccccc23)CC1,-5.2380805015563965
guided,CC(C)Nc1nnc(S[C@H](C)C(=O)Nc2ccccn2)s1,-1.2353965044021606
guided,NC(=O)N/N=C(\Cc1ccc(Cl)cc1)c1ccc(O)c(O)c1,-0.5966554284095764
guided,COc1nc(N2CCOCC2)nc2c(OC)cc(Cl)cc12,-2.8026068210601807
guided,COc1ccc(C(=O)NC2CC2)cc1OC1CCN(Cc2cnn(C)c2C)CC1,-1.8565614223480225
guided,OCCNc1nc(N2CCOCC2)nc(N2CCOCC2)n1,-0.40326961874961853
guided,COC(Cc1[nH]n(-c2ccccc2)c(=O)c1-c1ccc(F)cc1)OC,-3.2521302700042725
guided,CO[C@H]1CCCC[C@@H]1NCc1ccccc1,-8.486489295959473
guided,CCSCCNC(=O)c1cccc(Cl)c1,-7.08904504776001
guided,CCC(CC)C(=O)OCC(=O)Nc1ccccc1F,-3.1694529056549072
guided,O=C(c1ccccn1)c1cc2c(=O)[nH]c3ccccc3c2s1,-2.6810433864593506
guided,COc1cccc(CSC[C@@H](NC(C)=O)C(=O)NCCCN2CCCC2)c1,-1.510544776916504
guided,CCOCCn1c(SCC(=O)Nc2cccc(C)c2)nc2ccccc2c1=O,-1.8580222129821777
guided,CN1CCC(C(=O)c2cccc(NC(=O)c3ccccc3F)n2)CC1,-2.531850814819336
guided,COc1ccc([C@H](C(=O)NCc2ccncc2)c2ccccc2)cc1,-4.000612258911133
guided,CCOc1ccc2nc(-c3cccnc3)cc(C(=O)O[C@H](C)OC(C)C)c2c1,-2.9286348819732666
guided,Cc1oc(-c2cccs2)nc1CNCC[C@H](c1cccc2ccccc12)N(C)C,-7.218635082244873
guided,CC(N[C-]([O-])CC[C+]([O-])NCCC[C+]([O-])NCC[C]C[C+]1[CH+][CH+][CH-][CH+][CH-]1)[c+]1[cH-][cH+][c-]([C][N-2])[cH+][cH-]1,-0.45670583844184875
guided,NC(=O)Cc1nsc2c1CCCC2,-2.863490343093872
guided,CC(=O)c1cccc(NS(=O)(=O)c2ccc(F)c(C(C)=O)c2)c1,-1.3028358221054077
guided,O=C(Nc1ccccc1C(=O)NC[C@@H]1CCCO1)c1cccc([N+](=O)[O-])c1,-0.6779159307479858
guided,CO[c-]1[cH+][cH-][c+](OC2CCN(C(C)[C-]([O-])N[C+](C)[c+]3[cH-][cH+][cH-][cH+][cH-]3)CC2)[cH-][cH+]1,-3.0583646297454834
guided,C[C@H](NC(=O)c1nc[nH]c1C(=O)N[C@H](Cc1ccccc1)C(=O)OC(C)(C)C)C(=O)OCc1ccccc1,-0.7756579518318176
guided,O=C(C[C@@H](NC(=O)c1ccco1)C(=O)O)OCC(=O)c1cccs1,-0.33560341596603394
guided,CC(=O)Nc1ccc(S(=O)(=O)Nc2nc(C)nc3sc(C)c(C)c23)cc1,-0.9620168805122375
guided,N#C/C(=C\c1cccc2ccccc12)[P@@](=O)(Nc1ccccn1)c1ccc(O)cc1,-3.0598888397216797
guided,S=C(NCc1ccccc1)N1CCN(c2ccccn2)CC1,-6.366543292999268
guided,O=C(OCCN1C(=O)c2cccc3c(N4CCOCC4)ccc(c23)C1=O)c1ccc(F)cc1,-1.6206676959991455
guided,[H]/N=c1\n(CCCOc2ccccc2Cl)c2ccc(Cl)cc2n1CC(N)=O,-1.089333415031433
guided,CCOc1ccc(-n2nc3ccc(N)cc3n2)cc1,-1.9827191829681396
guided,COc1cc2ncc(Cl)c(Oc3ccc(Cl)c(C(F)(F)F)c3)c2cc1OC,-8.296573638916016
guided,Clc1ccc(N[C@H](Cc2cccc3cnccc23)c2nnnn2Cc2cc3ccccc3nc2Cl)cc1,-4.522116661071777
guided,N#C/C(=C\Nc1ccccc1)c1nnc2n1CCCCC2,-2.2129642963409424
guided,COCN1CCOCC1,-8.136460304260254
guided,C[C]1[C]([O-])N(OC[C+]2[CH][CH][CH][CH][N]2)[C]2[CH][CH][CH][CH][C]2N1[O-],-1.2613147497177124
guided,O=C(Cc1ccccc1Cl)N1CCN(c2ccccn2)CC1,-5.6494832038879395
guided,Cc1ccccc1NCCC(=O)Nc1ccc(F)cc1,-5.434479236602783
guided,Fc1ccc(NC(=S)NCC2CCCCC2)cc1,-8.538176536560059
guided,NC(=S)N/N=C/c1coc2ccccc2c1=O,-0.7749167680740356
guided,CCOC(=O)c1nsnc1NCCCl,-2.0717952251434326
guided,O=C(NC1CC1)[C@H]1CCCN1S(=O)(=O)c1cccc2nsnc12,-0.37502655386924744
guided,Cn1c(=O)c2c(nc(CN3CCc4ccccc4C3)n2CC(=O)c2ccccc2)n(C)c1=O,-0.7239250540733337
guided,CCOc1cccc(-c2ccc(NC(C)=O)cc2)c1O,-3.129810094833374
guided,Cc1nn(CCCC(=O)NNC(=O)c2cc(F)ccc2Cl)c(=O)c2nccn12,-0.3372437357902527
guided,O=S(=O)(c1ccc(Br)c2ccccc12)N1CCOCC1,-4.19506311416626
guided,CC(C)CNCO/C(=N\CCO)c1cccc(C(=O)NCc2ccccc2)c1O,-0.4891767203807831
guided,CNC(=S)N(Cc1ccccc1)[C@@H]1CC(=O)N(c2ccc(F)cc2)C1=O,-3.3830173015594482
guided,CCNS(=O)(=O)c1ccc(Oc2ccccc2)cc1,-3.1779747009277344
guided,CN(C)CCN(C(=O)c1cccn1C)c1nc2ccc(Br)cc2s1,-5.370305061340332
guided,CCCc1sccc1CCC(=O)O,-5.739104270935059
guided,NC(=S)NNC(=O)N(Cc1ccccc1)c1ccccc1,-1.579914927482605
guided,CC(=O)c1nn(-c2ccccc2)cc1C(=O)c1cc(Cl)ccc1O,-2.1563572883605957
guided,COc1cc(C(=O)N(Cc2ccccc2)c2ccccn2)cc(OC)c1C(C)=O,-2.67661452293396
guided,Cc1onc(-c2ccccc2)c1-c1n[nH]c(=S)n1C,-2.888442039489746
guided,Cc1ccc(C2=[O+]Oc3c4ccccc4c([O-])n3C2)c(C)c1,-4.118102550506592
guided,COCCn1nnnc1[C@H](c1ccc(F)cc1)N(CCc1ccccc1)Cc1ccccc1,-4.037267684936523
guided,CCn1c(COc2ccccc2Cl)nnc1SCCOc1cccc(C)c1C,-5.817151069641113
guided,O=C(NCCc1ccccc1)[C@@H]1CCCN(S(=O)(=O)c2ccccc2C(F)(F)F)C1,-2.4598207473754883
guided,Cc1cnc(=O)[nH]c1NC(=O)/C=C/c1ccccc1,-1.1441563367843628
guided,COCCCNCCCCOc1ccccc1[N+](=O)[O-],-1.4409868717193604
guided,O=C(COc1ccccc1Br)Nc1ccnc2ccccc12,-4.306082248687744
guided,CC(C)(C)c1ccc(C(=O)NNc2ccc3ccccc3n2)cc1,-4.254332542419434
guided,S=c1[nH]ncn1NCc1ccccc1,-4.154670238494873
guided,S=C(NCc1cccnc1)Nc1cc(Cl)ccc1Cl,-6.364413738250732
guided,O=S(=O)(NC1CC1)c1cccc(NC2=NCCC2)c1,-1.51236093044281
guided,[H]/N=C1/CCCN1NC(=O)CNc1ccc(Cl)cc1,-1.728249430656433
guided,O=S1(=O)CCN(CCc2ccc(Oc3ccc(-n4cnnn4)cc3)cc2)CC1,-0.4618940055370331
guided,CN1C(=O)CC=[N+](C)C1=O.[O-]P(c1ccccc1)c1ccccc1,-1.9725046157836914
guided,COc1ccccc1C(=O)Nc1cccc(COCCC(C)C)c1,-5.212250232696533
guided,[O-][C+](NC1CCCCC1)C1CC(C[C-]2[C][CH-][CH+][CH-][CH+]2)CC([C+]([O-])NC2CCC[c+]3[cH-][cH+][cH-][cH+][c-]32)C1,-2.819762945175171
guided,Fc1ccc([C@@H]2CCCN2c2cccc(C(F)(F)F)c2)cc1,-14.225831985473633
guided,CCCC(=O)N/N=C1\CS(=O)(=O)N(C)c2ccsc21,-0.9328248500823975
guided,OCCCn1nc2c(C(F)(F)F)cccc2c1-c1ccc(F)cc1,-6.423769474029541
guided,CCCCCn1nc(C)c2c1c1ccccc1n1cnnc21,-4.636600494384766
guided,CCCOc1ccccc1CN1CCC(Oc2ccc(C(=O)N3CCCCC3)cc2)CC1,-6.623335361480713
guided,CNC(=S)N(Cc1cccnc1)C[C@@H]1CCS(=O)(=O)C1,-2.1424262523651123
guided,CCC(=O)Nc1ccc(S(=O)(=O)Nc2nccs2)cc1,-0.6651532053947449
guided,CC(=O)NCC(=O)OCC(=O)c1ccc2ccccc2c1,-1.2865185737609863
guided,O=C(CCc1cccnc1)c1ccc2c3c(cccc13)CC2,-7.633633613586426
guided,Clc1ccccc1COn1ccnc1,-7.196368217468262
guided,COCCn1c(C)cc(C(=O)CN2C(=O)C(=O)N(Cc3ccccc3F)C2=O)c1C,-0.6047043204307556
guided,O=S(=O)(c1ccc(F)cc1)N1CCN(Cc2ccc3c(c2)OCO3)CC1,-2.514188051223755
guided,CO[C@@H](/N=C(\NS(=O)(=O)c1ccccc1)c1ccccc1)C(F)(F)F,-2.0878498554229736
guided,[CH2-]CCCC1=C=CC(CCC(=O)O)=C/C1=[NH+]\CCC#N,-1.3200528621673584
guided,O=C(NNC(=S)Nc1c(F)cc(F)cc1Br)c1cccnc1,-2.1884944438934326
guided,Nc1ccccc1Oc1nc2ccccc2nc1C(F)(F)F,-3.324042320251465
guided,O=C(/C=C/c1cn(-c2ccccc2)nc1-c1cccs1)c1cccnc1,-5.545436382293701
guided,CCn1nnnc1SCNc1cc(C)ccc1C,-3.1255905628204346
guided,CC(=O)N[C@@H](Cc1ccccc1)C(C)=O,-3.9837594032287598
guided,O=C([C@H]1CCCN(c2nnc(-n3cccc3)s2)C1)N1CCN(c2ccccc2)CC1,-2.9553701877593994
guided,O[C@H](COCc1ccc(Cl)c(Cl)c1)CN1CCCCC1,-6.748079776763916
guided,COCCNC(=O)N1CCC[C@H]1C(=O)NCCc1ccccc1,-1.3980790376663208
guided,[C-3][CH-][CH+][CH+][C][CH-][CH+][CH+][C][C+]([N-][c+]1[n-][cH+][n-]n1[C][c-]1[cH+][cH-][cH+][c-](Br)[cH+]1)[c+]1[cH-][cH+][cH-][cH+][cH-]1,-6.005475044250488
guided,O=[C-]Nc1ncccc1/[O+]=C/c1ccccc1,-3.2346363067626953
guided,CCOC(=O)COc1nc(OCC)nc(N2C[C@@H](C)O[C@@H](C)C2)n1,-0.4064093232154846
guided,O=C(C1=C(O)C(=O)N(CCN2CCOCC2)[C@@H]1c1cccc(Cl)c1)c1cc2ccccc2o1,-1.7052206993103027
guided,Fc1ccc(N2CCN(Cc3nc4ccccc4[nH]3)CC2)cc1,-6.010149955749512
guided,COc1cc(OC)cc(-n2nc(C(=O)Nc3nccs3)c3ccccc3c2=O)c1,-0.7739755511283875
guided,S=C(Nc1ccc2nsnc2c1)N1CCCCC1,-5.155150413513184
guided,CN(C)CC(=O)c1cn(CC(=O)NC2Cc3ccccc3C2)c2ccccc12,-3.1381680965423584
guided,O=[N+]([O-])c1cc(C(=S)N2CCCC2)ccc1SCc1ccc(F)cc1,-5.724677085876465
guided,CCOc1cc(/C=C(\C#N)C(=O)Nc2ccccc2Cl)ccc1OCc1ccccc1Cl,-5.061366081237793
guided,Cc1cc(OC(=O)c2cnccn2)ccc1C(C)C,-3.7516515254974365
guided,CCc1ccc(C)c(CN2C(=O)c3ccccc3C2=O)c1,-5.900439262390137
guided,[CH2-]CCCCCn1c#[n+]c2[nH]ncc2c1=O,-2.0090584754943848
guided,CO[C]1[CH]C2([C](OC)[CH][CH-]1)[C]1[C](N[C]([O])[C]3[CH][CH][CH]O3)[O+]12.[CH2-]N1[CH+][NH+][C]2[CH][CH][CH][CH][C]21.[O-2],-0.48360395431518555
guided,COc1ccc2nc3sc(-n4c5ccccc5c5ccccc54)nc3cc2c1,-7.82604455947876
guided,CC1[C-]2[CH+][C-](N([O-])[O-])[CH+][CH+][C+]2[N-][N-][C-]1[C+]1[CH+][N-][CH+][CH+][N-]1,-1.1416466236114502
guided,O=C(COC(=O)CCCCCCC(=O)c1ccccc1)Nc1ccccc1Cl,-3.249363660812378
guided,CN(C)S(=O)(=O)c1ccc(C(=O)Nc2ccc3c(c2)OCCO3)cc1,-0.670280396938324
guided,CC(=O)c1cc(Cc2csc(NC(=S)NC(=O)c3ccco3)n2)cs1,-1.5249584913253784
guided,Cc1ccc(-n2c(=O)c3sccc3n(CC(=O)NCc3ccco3)c2=O)cc1,-0.7340038418769836
guided,COc1ccc(CN2CCSCC2)cc1Cl,-10.361652374267578
guided,Cc1c(OC(=O)C(C)(C)C)ccc2c3c(c(=O)oc12)CCC3,-3.480008840560913
guided,Fc1cccc(CSc2nncc3ccccc23)c1,-8.357799530029297
guided,CC[C@@H](C)C(=O)NNC(=O)c1cccnc1,-1.4121540784835815
guided,N[C-](N)NCCCC(N)[C+]([O-])O,-0.6354004740715027
guided,Cc1cc(C)n2nc(C(=O)N3CCCc4ccccc43)nc2n1,-2.2074499130249023
guided,O=C(c1ccccc1)c1ccc2ccccc2c1,-10.080419540405273
guided,CCOc1cccc2sc(N(CCCN(C)C)C(=O)c3ccc(S(=O)(=O)N(C)C)cc3)nc12,-1.3783847093582153
guided,O=[N+]([O-])c1c(Nc2ccccc2O)cc(N2CCCCCC2)c2nonc12,-1.3565950393676758
guided,O=C(Nc1nnc(-c2ccccc2)o1)C1CCCCC1,-2.2012250423431396
guided,COc1cc([N+](=O)[O-])ccc1NC(=O)c1ccncc1,-0.49774885177612305
guided,COc1ccc(CNc2ccc([N+](=O)[O-])cc2)cc1COc1ccccc1C(N)=O,-1.2962862253189087
guided,CCCCCCOc1cc(C)c(OC)cc1OC,-7.959746360778809
guided,COc1cc(OC)c2c(=O)c3ccccc3oc2c1,-3.9984331130981445
guided,[CH]CCOCCOCCOCCOCC[N-]C[c+]1[cH-][cH+][cH-][cH+][cH-]1,-3.7364392280578613
guided,Cc1ccc(-c2nc(C3CCN(S(=O)(=O)c4ccc(/C=C/C(=O)O)cc4)CC3)no2)cc1,-1.1712580919265747
guided,Cc1ccc(N2C(=O)[C@@H](CN(C)C)[C@@H]2c2ccccc2)cc1,-8.201047897338867
guided,CC(=O)Nc1c(Nc2ccccc2)c2ccccc2oc1=O,-2.013857126235962
guided,CCOCCc1cccc(NC(=O)CC)c1COC,-4.129823684692383
guided,CC(C)CN(CC(C)C)C(=O)C1CCCCC1,-9.40910530090332
guided,O=C([C@@H]1COc2ccccc2O1)N1CCN(c2ccccc2F)CC1,-4.687909126281738
guided,O=NN1CCN(Cc2ccccc2)CC1,-5.518657207489014
guided,COCC1CCN(CC2=C(NC(=O)c3cc4ccccc4c(=O)o3)C(=O)N2c2ccccc2)CC1,-0.8909214735031128
guided,N[P@](=O)(OCC(F)(F)F)Oc1ccc(Cl)cc1,-2.9429516792297363
guided,CN(C)C[C@H](c1ccc(OC(F)F)cc1)n1c(Nc2ccncc2)nc2ccccc21,-4.597255706787109
guided,CN1CCC(OC(=O)COc2ccc(C(=O)/C=C/c3ccccc3)cc2)CC1,-3.5247879028320312
guided,CCOc1ccc(C(=O)NCC(=O)N/N=C/c2ccco2)cc1,-0.3831532299518585
guided,COc1ccc(S(=O)(=O)c2c(N)n(Cc3ccccc3)c3nc4ccccc4nc23)cc1,-1.40036141872406
guided,CN(Cc1cccc2ccccc12)C(=O)Cn1nc(C(F)(F)F)c2c1CCC2,-6.354177951812744
guided,CO[c+]1[cH-][c+](O[C-]2N[C+]([C+]([O-])N3CCN([C+]([O-])[c+]4[cH-][cH+][cH-]o4)CC3)[CH-][C+]3OC45[CH+][CH-][C-](OC)C6C47C32C657)[cH-][cH+][c-]1OC,-0.30353835225105286
guided,O=c1cc(N2CCCCC2)[nH]c(=O)n1C1CCCCC1,-2.734530448913574
guided,COc1ccccc1-n1cnnc1SCC(=O)N1CCc2ccccc21,-2.7033956050872803
guided,C=[N+](CC/N=C(/[O-])CCC(=O)NCC(OC)OC)c1cc(OC)c(OC)c(OC)c1,-0.3465735912322998
guided,Fc1ccc2[nH]c3c(NCCN4CCOCC4)ncnc3c2c1,-1.8758258819580078
guided,C=[O+]C(=O)C1=C=CC2=NC(CCOC)=C([O-])NC2=C1,-0.7192959189414978
guided,COC(=O)n1c(SCC(=O)NC(C)C)nc2ccccc21,-1.3637038469314575
guided,N#C/C(=C\c1cccs1)c1nc2ccccc2[nH]1,-4.022221565246582
guided,CC(=O)C1=C/C(=C(/[O-])c2ccccc2[N+](=O)[O-])C(N)=[S+]1,-0.36208245158195496
guided,COC(=O)c1cc([N+](=O)[O-])ccc1NC(C)C,-1.0058025121688843
guided,CC(=O)c1c(C)[nH]c(/C=N/Nc2nc3ccccc3s2)c1C,-2.4510958194732666
guided,CCO[C@@H](C)[C@H](NC(=O)C1CCN(C(=O)[C@H](NC(=O)OC(C)(C)C)C(C)(C)C)CC1)C(=O)N[C@@H](Cc1ccccc1)C(=O)O,-0.8530545830726624
guided,N#Cc1ccc(OC(=O)C2CCCCC2)cc1C#N,-1.6856977939605713
guided,O=C1CSCc2cnn(-c3ccccc3)c2/N=C/[C@H]2C3C=C(C=CN32)CN1,-2.3107404708862305
guided,CCOc1ccc(-c2cc(C(F)(F)F)n3ncc(C(=O)Nc4ccccc4F)c3n2)cc1,-3.6715168952941895
guided,O=C1C=CC=C(NC[C@H]2CCCO2)C1,-5.223529815673828
guided,COC/C=C\C(=O)N/C(C)=C\c1cn(S(=O)(=O)N(C)C)c2ccccc12,-0.8277186751365662
guided,CCS[C@H](C)C1=NCCN1,-7.717765808105469
guided,CCOC(=O)Oc1ccc(C(=O)OC)cc1OC,-1.5169527530670166
guided,O=C(/C=C/c1cccc(NC(=O)c2ccccc2Cc2ccccc2)c1)c1ccccc1,-7.597548961639404
guided,Cc1ccccc1SCC(=O)NCCSCc1ccco1,-5.356185436248779
guided,COc1ccc(C=O)cc1OC1=NS(=O)(=O)c2cc(Cl)ccc21,-1.0566471815109253
guided,CCC[c-]1[cH+][cH-][cH+][cH-][c+]1N[c-]1[nH][c+]2[cH-][c+]3[cH-][cH+][cH-][cH+][c-]3[n-][c+]2oo1,-3.84977650642395
guided,O=C1CCC(=O)N1c1ccc(N2CCOCC2)cc1,-3.4999537467956543
guided,O=C1O[C@H](N2CCOCC2)c2ccccc21,-5.016125202178955
guided,COc1ccc(Br)cc1-c1sccc1C,-12.140572547912598
guided,Cc1ccc(OCC(=O)Nc2cccc(S(=O)(=O)Nc3nccs3)c2)c(C(C)C)c1,-1.6666250228881836
guided,C=[O+][C-](NCCC)c1ccccc1NC(=S)N[C@@H](C)c1ccccc1,-4.827910900115967
guided,COc1ccccc1Nc1ccccc1NS(=O)(=O)c1ccc2c(c1)CCC2,-3.2699427604675293
guided,Cc1cc(NC(=O)C#Cc2ccccc2)cc2oc3cc(OC(C)C)ccc3c(=O)c12,-3.474477767944336
guided,CCOc1ccc(N2C(=O)[C@H]3CC(=O)N[C@H]3[C@@H]2c2ccccc2F)cc1,-2.8129403591156006
guided,CCC[S@@](#[O+])([O-])[N+]1=NC(c2ccccc2/N=C(/C)[O-])=C=C1,-0.7404671907424927
guided,S=C(NCCCN1CCOCC1)NC1CCCC1,-5.49245548248291
guided,CN(C)C(=O)c1c(Nc2ccccc2)sc2c1CCC2,-6.924220085144043
guided,OCCn1c(SCc2cn3ccccc3n2)nc2ccccc21,-3.2357289791107178
guided,Cc1cc(C(=O)N2N=C(c3ccc(F)cc3)C[C@@H]2c2cccs2)nn1C,-4.408977508544922
guided,Cn1c(Cc2cccc3ccccc23)nnc1SCC(=O)NC1CC1,-2.718817710876465
guided,N#CCS(=O)(=O)c1ccccc1,-2.5981807708740234
guided,C=C1N=c2ccccc2=C([O-])N1.[O+]#P(c1ccccc1)c1ccccc1,-1.6307809352874756
guided,CN1[CH-][C+](CN2[CH-]CCC([C+]([O-])[C+]3[CH+][CH-][CH+][C-](OC[c-]4[cH+][cH-][cH+][cH-][c+]4F)[CH+]3)C2)[CH-][N-]1,-3.7336580753326416
guided,O=S(=O)(c1ccccc1)n1c(Cc2cccs2)nc2ccc(F)cc21,-4.300990104675293
guided,Nc1ncnc2c1[nH]c1ccccc12,-1.7217415571212769
guided,Nn1c(SCC(=O)Nc2cccc(Br)c2)nc(-c2ccccc2)c1Cl,-2.601712465286255
guided,CCOc1ccc(NC(=S)N2CCCC2)cc1,-7.943350315093994
guided,CC(=O)/C(C#N)=C\C(=O)c1ccc(C)c([N+](=O)[O-])c1,-0.5638458132743835
guided,COCCNC(=O)c1ccccc1OC(F)F,-3.8293557167053223
guided,CCCOC(=O)c1ccc(NC(=O)CCC)cc1,-3.3026914596557617
guided,CCCCO[C-]([O-])[CH+]S[c+]1[n-][c+](C)[cH-][c+](C)[c-]1[C][N-2],-1.951546549797058
guided,O=C(/C=C/c1ccccc1)OC[C@H]1C[C@H](O)[C@@H](N2C(=O)c3ccccc3C2=O)O1,-0.48177146911621094
guided,FC(F)(F)c1nc2ccccc2n1CCNc1ccccn1,-5.195070743560791
guided,CCOc1ccc(/C=N/NC(N)=S)cc1OCC,-1.6309218406677246
guided,Fc1cc(C(F)(F)F)ccc1NC(=S)NC[C@H]1COc2ccccc2O1,-5.536553859710693
guided,C[C@@H](CN1CCOCC1)OC(=O)c1ccc(F)cc1,-5.08725643157959
guided,CCOc1ccc2ccccc2c1C(=O)N[C@H]1C(=O)N2[C@H]1SC(C)(C)[C@H]2C(=O)O,-0.5765315294265747
guided,COc1cc(N(C)C2=NNC3=NC4=C(CCCC4)/C(=C(\[O-])NCC(C)C)[O+]32)c2ncccc2c1,-0.8325340151786804
guided,CN1CCN(c2ccccc2NS(=O)(=O)c2ccccc2)CC1,-3.1941070556640625
guided,NC([C+]([O])O)C(C[C]([O])O)C[C]1[CH][CH][C](N([O-])[O-])[CH][CH]1,-0.5251609086990356
guided,O=C(/C=C(\NC(=O)c1ccco1)c1ccccc1)Nc1nc2ccccc2s1,-1.8724629878997803
guided,O=C(Nc1ccc(Cl)cc1C(=O)Nc1cccnc1)c1cc2ccccc2o1,-2.5173635482788086
guided,COc1ccc(NC(=O)C/C=N/N2CCN(C/C=C/c3ccccc3)CC2)c([N+](=O)[O-])c1,-0.8442476987838745
guided,O=C(NCc1ccc(OC(F)(F)F)cc1)c1coc(=O)c(Br)c1,-2.1934823989868164
guided,CCOc1ccccc1N[C@@H](C)C(=O)Nc1cc(C(F)(F)F)ccc1N1CCOCC1,-3.358290433883667
guided,C[C-]([O-])[C+]1[C][CH+][CH-][CH+][C][CH+][CH-][CH+][C]C[C+]1N[c-]1[cH+][cH-][c+](F)[cH-][cH+]1,-6.2414727210998535
guided,Cc1cc(C)cc(N(CC(=O)N2CCc3ccccc3C2)S(=O)(=O)c2c(C)noc2C)c1,-1.4989053010940552
guided,[CH2-]n1[c+]([O-])[c+]2[cH-][cH+][cH-][cH+][c+]2[n-][c-]1CS[c-]1[cH+][cH-][c+]2[cH-][cH+][cH-][cH+][c+]2[n-]1,-3.479912519454956
guided,CC[C@@]1(C)CN(S(=O)(=O)OCC(Cl)(Cl)Cl)C(=O)N1,-1.2784008979797363
guided,CCOc1ccc(N(C(=O)Nc2cccc3ccccc23)C(C)C)cc1,-7.2268385887146
guided,CN(CCO)c1nc2c(c(=O)n(Cc3cccc(F)c3)c(=O)n2C)n1C,-0.5612678527832031
guided,O=C(C[C@]12C[C@H]3C[C@H](C[C@H](C3)C1)C2)Nc1ccccn1,-5.406310081481934
guided,CCOC(=O)c1[nH]c(C)c(C(=O)NC2CCCCC2)c1C,-1.9092164039611816
guided,CCCc1nnc(SCC(=O)N2CCc3ccccc3C2)n1CCOC,-2.574773073196411
guided,O=C(COc1ccccc1)N/N=C/c1cccc2cccnc12,-2.26580548286438
guided,Nc1nc(-c2ccc(-c3ccccc3)cc2O)cc(N2CCCC2)n1,-1.9108867645263672
guided,COc1ccc([N+](=O)[O-])cc1N[C@@H](C)C(=O)N/C=C\c1ccccn1,-0.5527932047843933
guided,O=[N+]([O-])c1cccc(-c2nc(N3CCCCCC3)c3ccccc3n2)c1,-2.8096280097961426
guided,O=[N+]([O-])c1cc(S(=O)(=O)N2CCCCC2)ccc1OCc1ccccc1F,-1.204345703125
guided,CC(=O)C1=C(C)/C(=C(/[O-])N(CCc2ccccc2)Cc2cccc3ccccc23)[S+]=C1NC(=O)c1ccccn1,-1.9238474369049072
guided,CC(=O)c1cccc(NS(=O)(=O)c2ccc(C(=O)NCCN3CCCC[C@@H]3C)cc2)c1,-0.9586539268493652
guided,CC(=O)/[C-]=N\c1[nH]cc2[o+]c3ccccc3c-2c1C#N.[H]/N=[C-]/C=C=[O+]Cc1ccccc1,-2.0791327953338623
guided,O=C(Nc1ccc2ncccc2c1)C(F)(F)O[C@@H](F)C(F)(F)F,-4.129281044006348
guided,NNc1ccc(S(=O)(=O)N2CCCCC2)cn1,-0.5865095257759094
guided,C[C@@H](NS(=O)(=O)c1cccs1)[C@@H](c1cccs1)N1CCN(C)CC1,-3.3473410606384277
guided,O=C(c1ccc2ccccc2n1)c1c(-c2ccc(O)cc2)sc2ccc(F)cc12,-6.742460250854492
guided,CCOc1ccccc1/N=N/c1ccccc1C(=O)O,-2.614924192428589
guided,CCCOc1nc(C)n(NC(=O)c2ccc(F)cc2F)c(=O)c1C,-1.449114441871643
guided,COc1cccc(OC)c1C(=O)NCCC(=O)NCC(=O)N/N=C/c1ccc([N+](=O)[O-])cc1,-0.27667737007141113
guided,COc1cc2[nH]n(CCCOC(C)C)c(=O)c2cc1OC,-1.983266830444336
guided,COc1ccc(OCCC(=O)NCCCN2CCN(c3ccc(OC)cc3)CC2)cc1,-2.3142218589782715
guided,NNS(=O)(=O)c1ccc2cc(Br)ccc2c1,-1.405285120010376
guided,N#C[C@@H](c1ccccc1)c1ccc(Cl)cc1,-8.740339279174805
guided,CCOCCN1CCN(C(=O)/C=C\c2ccc(OC)cc2)CC1,-4.5931501388549805
guided,[H]/N=C(/N)SCc1cccc2ccccc12,-3.9712202548980713
guided,[CH2+][CH-][CH+]n1[c+]([O-])[c-]2[cH+][cH-][cH+][cH-][c+]2[c+]([O-])n1[CH+][C+]([O-])[N-][C-](CC)CCC.[H+].[H+],-0.63232421875
guided,C/[C-]=[N+](\C)NC(/N=c1/cc(C)nc2cccc[c-]12)=[S+]/Cc1ccccc1,-5.051549434661865
guided,C[C@@]1(C(=O)NCCc2cccc3ccccc23)Oc2cccnc2NC1=O,-1.0608590841293335
guided,COC(CNC(=O)CN1C(=O)c2ccccc2C1=O)OC,-0.6084819436073303
guided,O=C(Cn1c(=O)oc2cc(S(=O)(=O)NCc3ccccc3)ccc21)N1CCCC1,-0.3068150579929352
guided,CCCC/C=C/C(=O)OCC(=O)NC(C)=O,-1.3839503526687622
guided,C=CCN(c1ccc(C)c(C)c1)S(=O)(=O)c1cc(OC)ccc1OC(=O)N1CCOCC1,-1.3433207273483276
guided,NS(=O)(=O)c1ccc(C2CCCCC2)cc1,-2.618759870529175
guided,CO[C]1[CH][CH][CH][CH][C]1CN[C]([O])CN(C[C+]1[CH][CH][CH][CH][CH]1)S([O])([O])[C]1[CH][CH][CH][CH][C]1N([O-])[O-],-0.8683395385742188
guided,CCn1c(=O)[nH]c(=O)c2cc3ccc(N([O-])[O-])[s@SP1+]3[o+]c21,-0.38389453291893005
guided,CCCOc1ccc(-c2nnc3ccc(SCC(=O)N4CCOCC4)nn23)cc1,-0.9939107894897461
guided,CCCCNc1cc(Cl)nc(N)n1,-2.2163844108581543
guided,O=S(=O)(c1cccc(C(F)(F)F)c1)N1CCC[C@@H]1c1cccnc1,-4.25535774230957
guided,O=C(Nc1nc2ccc(Cl)cc2s1)c1ccc(OC(F)F)cc1,-5.062428951263428
guided,O=C([C@H]1CCCCN1S(=O)(=O)c1ccccc1)N1CCN(C(c2ccccc2)c2ccccc2)CC1,-3.433779716491699
guided,[O-][C+]1N[S+]([c+]2[cH-][cH+][c-]3[nH][cH+][cH-][c+]3[cH-]2)[N-][C-]1N1CCOCC1,-0.9786045551300049
guided,Clc1cccc(Oc2ncnc3ccccc23)c1,-6.737120151519775
guided,[CH2+]CC1CCCS[C+](N[c+]2[cH-][cH+][c-](F)[c+](F)[cH-]2)[C+]1[C][N-2],-7.478296279907227
guided,CN(Cc1ccc(-n2cccn2)cc1)Cc1nc(-c2cnccn2)no1,-0.7806435823440552
guided,O=C(Nc1cccc(NC(=O)c2ccc3c(c2)OCO3)c1)c1cccnc1,-1.0456730127334595
guided,CCC(=O)N(Cc1cc2cc3c(cc2[nH]c1=O)OCCO3)c1ccc(C)cc1,-2.09197735786438
guided,O=C(O)c1ccc(NS(=O)(=O)c2cccc(-n3cnnn3)c2)cc1,-0.31644296646118164
guided,CC[C@@](C)(C(=O)NC1CCCC1)N(C(=O)Cn1c(=O)oc2ccccc21)c1cccc(C)c1,-1.7908133268356323
guided,NC(=O)c1cn(C(=O)/C=C/c2ccc3c(c2)OCO3)cn1,-0.3246634006500244
guided,COc1ccccc1N1CCN(C(=O)C(c2ccccc2)c2ccccc2)CC1,-7.136717796325684
guided,CCCC(=O)Nc1nc2ccccc2[nH]1,-2.768535852432251
guided,COc1ccccc1CC(=O)NCC(=O)N/N=C/c1cccnc1,-0.3115595281124115
guided,COc1cccc(Oc2nc3c(C)cccn3c(=O)c2/C=C2/C=CC=CO2)c1,-3.3582825660705566
guided,CCNS(=O)(=O)c1ccc(CCC(=O)Nc2cccc(Br)c2)cc1,-1.719995141029358
guided,CNc1nc(-c2ccc(OC)cc2)cc(-c2ccco2)n1,-2.9556350708007812
guided,CC(=O)c1c(C)[nH]c(C(=O)Nc2ccc(F)cc2)c1C,-2.790013074874878
guided,Cc1ccccc1C[C@@]1(CO)CCCN(C(=O)Cn2c([N+](=O)[O-])cnc2C)C1,-0.5078462958335876
guided,Cc1cc(C)c2nc(-c3cccc(N)c3)cc(C(=O)O)c2c1,-1.9500707387924194
guided,OCCOCCOCc1ccccc1,-5.0924224853515625
guided,Cc1c[cH-]c(=[S+2]([O-])[O-])c(/N=C2\N(c3ccccc3)CCCN2c2ccc(OC(F)(F)F)cc2)c1S(=O)(=O)c1ccccc1.[H+],-3.9082260131835938
guided,COc1ccc(/C=C/[C@@H]2C=Cc3ccccc3O2)cc1CC(=O)N1CCOCC1,-4.47210168838501
guided,N/C(=N\NC(=O)c1cc(-c2ccc(O)cc2)nc2ccccc12)c1ccccn1,-0.7527076601982117
guided,Cc1nn(C)cc1/C=N/NC(=O)c1c(C)nc2ccc(Br)cn12,-1.2155213356018066
guided,COc1ccc(F)cc1OC(=O)c1nn(C)c(=O)c2ccccc12,-1.5458941459655762
guided,COCCNC(=O)COC(=O)c1sc2nc(C)cc(C)c2c1N,-0.3255999982357025
guided,O=C1CCCC(O)=C1/[S+]=C1\C=CC=C\C1=C(/[O-])O,-0.9908450245857239
guided,O=C(O)c1cccc(OCC(=O)N2CCC[C@H]2c2ccccc2)c1,-2.21848726272583
guided,S=c1[nH]nc(-c2ccco2)n1/N=C/C1CC1,-2.7488818168640137
guided,CCCc1sc(N)nc1-c1ccc(OC)cc1,-4.359572410583496
guided,COc1ccc(-c2nc3ccccc3c(=O)[nH]2)cc1Cl,-3.4140498638153076
guided,O=C1CCC(=O)N1COc1ccc(Cl)cc1Cl,-4.222840785980225
guided,[NH][C]1[C]([C]2[N][C]3[CH][CH][CH][CH][C]3S2)[C+](O)CN1[C]1[CH][CH][C](O)[C](N([O-])[O-])[CH]1,-0.5255285501480103
guided,CC(C)c1nccn1-c1ccc(Oc2cccc(Cl)c2)cc1,-9.403093338012695
guided,O=C(O)c1cccc(NCc2ccccc2)c1,-4.04849910736084
guided,COCCNC(=S)N(CCSC)CCc1ccncc1,-5.315777778625488
guided,CCOC(=O)C1CCN(c2ccc(NC(=O)Cc3ccsc3)c(C(F)(F)F)c2)CC1,-4.138616561889648
guided,CCOC(=O)c1[nH]c(CSc2nnnn2-c2ccccc2C)c(C(=O)OCC)c1C,-0.9474539160728455
guided,ON/C=N\c1ccc(N2CCCCC2)cc1,-3.9878902435302734
guided,[CH2-]CN(CC1=[S+2]=c2nc(CN3CCOCC3)[nH]c(=O)c2=[C-]1)Cc1cccc(F)c1,-2.1785266399383545
guided,CC(=O)O[C@H]1CC[C@@H](NC(=O)OCc2ccccc2)[C@H](OC(C)=O)C1,-0.6805762052536011
guided,CCOc1ccc(NC(=O)CNS(=O)(=O)c2cccs2)cc1OCC,-0.5711467862129211
guided,C[C@H](Cc1cccs1)NC(=S)Nc1ccccc1,-8.410285949707031
guided,COc1ccc(OC)c(CNC(=O)c2cc3ccccc3o2)c1,-2.8458995819091797
guided,CN(C)S(=O)(=O)c1ccc(CCNS(=O)(=O)c2ccc(F)cc2)cc1,-0.7057115435600281
guided,C[C@@H](/[C-]=C/[C@H](C)[C@@H](C)C(=O)O)[C@H]1[C@]2(C)CCCC(C)(C)[C@H]2CC[C@]1(C)O.[H+],-5.2959160804748535
guided,COc1ccccc1C(=O)NCC(=O)N1CCCCC1,-2.464838743209839
guided,Cc1ccc(NCC(=O)Nc2c3c(nn2C(C)(C)C)CS(=O)(=O)C3)cc1,-0.6135125160217285
guided,O=C(O)c1sc(/N=C/c2c(C(F)(F)F)[nH][nH]c2=O)cc1-c1ccccc1,-1.3939841985702515
guided,O=C(O)c1c(O)c(-c2ccccc2)c2ccccc2c1O,-1.7903368473052979
guided,COc1ccc(S(=O)(=O)Nc2nc3nc(C)cc(C)n3n2)cc1,-0.3187391757965088
guided,CN[C@@H]1N2Sc3cc([N+](=O)[O-])ccc3C2=NN1C1CCCCC1,-1.6023142337799072
guided,Nc1ccc2oc(-c3ccc(-c4ccccc4)s3)nc2c1,-4.92360258102417
guided,CCNC(=O)NC(=O)COC(=O)c1cccc([N+](=O)[O-])c1,-0.3796958923339844
guided,CO[C@]1(NC(=O)Cc2ccccc2)CCCCO1,-3.840343475341797
guided,COCCCNC=C1C(=O)CC(C)(C)CC1=O,-2.970780611038208
guided,O=C[C@@H](O)[C@H](O)[C@H](OC/C=C\COC(=O)COc1cc(O)c(O)c(O)c1)C(=O)O,-0.38111117482185364
guided,CCCNCC(=O)Nc1cccc2ccccc12,-4.990841388702393
guided,Cn1c(=O)c2c(ncn2CC(=O)N2CCN(c3ccccc3)CC2)n(C)c1=O,-0.5223239660263062
guided,CCCn1c(-c2ccncc2)n[nH]c1=S,-4.205806255340576
guided,O=C(COc1ccccc1)Nc1ccc(S(=O)(=O)NCc2ccco2)cc1,-0.6236001253128052
guided,COc1nsnc1NS(=O)(=O)c1cccc2nccnc12,-0.29007089138031006
guided,NONc1ccnc(-c2ccccc2)n1,-1.2541718482971191
guided,COc1ccc(/N=C/c2sc(O)c3ccccc23)cc1,-5.904873847961426
guided,O=S(=O)(N1CCCCCC1)N1CCc2ccccc2C1,-4.946769714355469
guided,C[C@H](Sc1nnc2n1CCCCC2)C(=O)Nc1nc([C@]23C[C@H]4C[C@H](C[C@H](C4)C2)C3)cs1,-3.35040283203125
guided,N#Cc1ccccc1NC(=O)COC(=O)CNc1ccccc1[N+](=O)[O-],-0.4089602530002594
guided,COc1cc(/C=C/C(=O)O)cc(S(=O)(=O)NCCO)c1OC,-0.3596852123737335
guided,O=C(CSc1nc2cc(C(=O)NC3CC3)ccc2c(=O)n1Cc1ccco1)c1ccccc1,-1.3009394407272339
guided,COc1ccccc1/N=N/c1cn(-c2ccccc2)nc1-c1ccc(C)o1,-4.736647605895996
guided,CCOC(=O)c1c(C)[nH]c(C)c1C(=O)Cn1nnc(-c2ccc(C)cc2)n1,-0.6669642329216003
guided,CO[C+]1[CH-][C+](CC2(CC[C+]([O-])O)[N-]C[C-]([O-])N2[c-]2[cH+][cH-][cH+][c-](OC)[cH+]2)[CH+][CH+][C-]1OC,-0.35880306363105774
guided,Cc1ccc(N2C=CC(=O)[C@H](CC3C(=O)CC(C)(C)CC3=O)C2)cc1,-3.7167322635650635
guided,Oc1c(Cl)cc(Cl)cc1CNc1ccccn1,-5.051319122314453
guided,CN1CCN(C(=O)C2CCN(S(=O)(=O)c3c(Cl)cccc3Cl)CC2)CC1,-2.4391043186187744
guided,O=C(CCc1ccccc1)c1ccc2c(c1)OCO2,-6.108322620391846
guided,CNC(=O)N1C[C@@H](C(=O)NCCCOC(C)C)[C@]2(COc3ccccc3O2)C1=O,-0.3353896141052246
guided,Clc1ccc(-n2nnnc2CN2CCCCC2)cc1Cl,-4.4170989990234375
guided,Cc1cccc(CN2CCN(C(=O)c3ccc(F)cc3)CC2)c1O,-4.658540725708008
guided,S=C(NC[C@@H]1CCCO1)N1CCN(Cc2ccccc2Cl)CC1,-7.153659343719482
guided,COc1cc(C#N)cc(OC)c1OS(=O)(=O)c1ccc(C)cc1,-0.8940004706382751
guided,[CH][CH+][CH-][CH+][C]N([C+]([O-])[C+]1[CH+][CH-][CH+]N1[c-]1[cH+][cH-][cH+][cH-][cH+]1)C(C)[C-]([O-])NCC[c+]1[cH-][cH+][c-](OCC)[cH+][cH-]1,-1.4455121755599976
guided,Fc1ccc(-n2c(SCc3ccccc3)nnc2-c2ccco2)cc1F,-6.322219371795654
guided,CCO[C@@H]1C[C@@H](O)[C@H](O[C@H](C[C@H](O)C[C@H]2CCCCN2C(C)C)OCC)CO1,-1.1873180866241455
guided,CCOC(=O)N1CCC(N(CCN(C)C)C(=S)Nc2cccc(C)c2)CC1,-4.290937423706055
guided,NS(=O)(=O)c1ccccc1/N=C(/c1ccccc1)P(=O)(c1ccccc1)c1ccccc1,-1.9201151132583618
guided,O=C(O)CCNS(=O)(=O)c1ccc(N2C(=O)C=CC[C@H]2CCC(=O)O)cc1,-0.3856601119041443
guided,CC(=O)[C@@H](C)n1c(CN2CCCCC2)nc2ccccc2c1=O,-3.05594801902771
guided,COc1ccccc1NC(=O)CN1CCN(S(=O)(=O)c2ccccc2)CC1,-0.8112472891807556
guided,Cc1ccccc1NC(=O)CSc1nnc(Cc2cccs2)n1C,-3.025235891342163
guided,[CH2-][C@@H]1C/C(=C/CCCC2=[O+]C(c3ccccc3C(=O)O)=C=C2)C([O-])=[NH+]1,-0.6387977004051208
guided,CO[c-]1[cH+][cH-][cH+][c-](O[C-]2[N-][c+]3[c-](C)[cH+][cH-][cH+]n3[C+]([O-])O2)[cH+]1,-1.6241167783737183
guided,O=C(c1ccc(OC(=O)N2CCOCC2)cc1)C1CCCCC1,-3.4504823684692383
guided,CN1CCN(c2ccccc2NC(=S)NC(=O)Cc2ccccc2)CC1,-3.934417486190796
guided,COc1ccc(/C=C(\C#N)C(=O)Nc2ccc3c(c2)OCCO3)cc1OC,-0.8836037516593933
guided,Cc1ccc(-c2csc(SCC(=O)/C=C/N3CCc4ccccc43)n2)cc1,-8.166821479797363
guided,Fc1ccccc1CSc1ccccn1,-10.593789100646973
guided,COCCN1C(=O)c2ccc(C(=O)Nc3ccc4c(c3)OCO4)cc2C1=O,-0.42152735590934753
guided,O=C(CNS(=O)(=O)c1ccc(Br)s1)N1CCN(c2ccccc2F)CC1,-1.635399580001831
guided,COc1cc2c(cc1OC)CN(CCc1ccccc1)CC2,-8.570786476135254
guided,O=C(N/N=C/c1cccnc1)c1c(-c2cccc3ccccc23)c(-c2ccccc2)nc2ccccc12,-5.932689666748047
guided,CN(CC(=O)Nc1ccc(OC(F)(F)F)cc1)C1CCCCC1,-5.526422500610352
guided,C/C(=N\NC(=O)Cc1ccc(Cl)cc1)c1ccc(Cl)cc1,-5.804099082946777
guided,NC(=O)C[C@H]1CCCN(C/C=C/c2ccccc2)C1,-4.10642147064209
guided,O=C1COc2ccc(C(=O)COC(=O)CCc3c[nH]c4ccccc34)cc2N1,-0.667122483253479
guided,CCOc1ccc(/C(CC)=N\NC(=O)Nc2ccccc2)cc1OCC,-2.6991899013519287
guided,CCCNS(=O)(=O)c1ccc(OCc2ccccc2)cc1,-3.2525522708892822
guided,[CH2-]C(=O)NCCCNC(=O)CN1C(=O)c2cccnc2Oc2ccc(Cl)cc21.[H+],-0.42864057421684265
guided,Nc1ccc(CCNC(=O)c2cccs2)cc1,-3.048170328140259
guided,Fc1ccc(F)c(-c2nc3cnccn3c2NC2CCCC2)c1,-5.651120185852051
guided,COc1ccc(NC(=O)[C@@H](C)N(C)CCc2ccccc2)cc1,-5.07601261138916
guided,O=C(N[C@H]1CCSC1=O)c1ccccc1,-3.999976873397827
guided,Cc1nn(-c2cccc([N+](=O)[O-])n2)c(C)c1C,-1.4042737483978271
guided,O=C(NNC(=O)c1cc(C2CC2)nc2ccccc12)c1ccccc1C(=O)N1CCOCC1,-0.588864266872406
guided,O=C(COC(=O)/C=C/c1cccs1)NC1CC1,-2.867711067199707
guided,COC(=O)N[C@H](Nc1cccc(C(C)=O)c1)C(Cl)(Cl)Cl,-2.3785130977630615
guided,COc1ccc2[nH]c(/C(C)=N/NC(=O)[C@@H]3CCCNC3=O)cc2c1,-0.3744537830352783
guided,COC(CNC(=O)c1ccccc1NC(=O)c1ccccc1C(=O)O)OC,-0.4105207324028015
guided,CO[c-]1[cH+][cH-][cH+][cH-][c+]1[C-]([O-])NCC[C+]([O-])[N-][C][N-][c+]1[cH+][cH+][cH+][cH+][c-]1-n1[cH+][n-][n-][cH+]1.[H+],-0.23895208537578583
guided,O=C(c1ccco1)c1cccn1C[C@@H](O)COc1ccccc1,-2.190931558609009
guided,O=C(Nc1ccccn1)c1ccccc1S(=O)(=O)c1ccc(OC(F)F)cc1,-1.4804871082305908
guided,CCOC(=O)[C@H]1CCCC[C@@H]1C(=O)OCC,-3.403809070587158
guided,COc1ccc(N2CCN([C@@H](C)C(=O)N3CCCC3)CC2)cc1,-5.475313663482666
guided,COc1ccc(/C=N/NC(=O)c2ccncc2)c(OC)c1O,-0.3750990331172943
guided,O=C(c1ccc2c(c1)OCO2)N1CCOCC1,-3.746584177017212
guided,C[C-]1[CH+]O[C-](N[C+]([N-][CH+][CH+][c-]2[cH+][cH-][cH+]s2)[C-]2[CH-][CH+][CH-][CH+][N-]2)[N-]1.[H+],-3.4175891876220703
guided,O=C(CN1CCC(O)(c2ccc(Cl)cc2)CC1)N1CCOCC1,-3.1501057147979736
guided,C=CCn1c(SCC(=O)N(CC)CCOCC)nc2[s+]c3c(c-2c1[O-])CC[C@H](C)C3,-2.330522060394287
guided,O=C(NOC[C@H]1C=C[CH-]CC1)Nc1ccncc1.[H+],-2.256777048110962
guided,COc1cc(C=c2c(=O)c3cccc4cccc(c2=O)c43)cc(OC)c1OC,-2.4399964809417725
guided,CCN1CCN(CCOC(c2ccc(F)cc2)c2ccc(F)cc2)CC1,-10.104673385620117
guided,Cc1ncc(CN2CCOCC2)o1,-5.124098777770996
guided,COc1cccc(-n2nc(C(=O)O)cc2-c2ccc(Cl)cc2)c1,-2.9193778038024902
guided,CNc1ccc(S(=O)(=O)NCCOCC(F)(F)F)cc1[N+](=O)[O-],-0.4297647774219513
guided,C=CCSc1nc(N(CC)CC)c2sccc2n1,-7.600111484527588
guided,COc1cc(CC(=O)Nc2cc(=O)n(C)c(=O)n2C)cc(OC)c1OC,-0.27147987484931946
guided,[CH]C[C+]1[CH+][N-][C+]2S[C+]([C-]([O-])O)[C-](C)[C+]2[CH-]1.[C]1[C]O1.[H+].[H+].[H+].[H+].[H+].[H+],-1.8837333917617798
guided,[CH2-]CCN(C)C=C=NNC(=O)c1nnn(-c2nonc2N)c1-c1cccc(OCC)c1.[H+],-0.25415417551994324
guided,C[c+]1[c-](C)s[c+]([N-][CH+][C+]([C+]([O-])NC[c+]2[cH-][cH+][cH-]o2)[C-](C)[O-])[c-]1[C+]([O-])N[c+]1[cH-][cH+][cH-][c+]2[cH-][cH+][cH-][cH+][c-]12,-1.144806981086731
guided,Cc1cc(OCc2cc(C(=O)N[C@H]3CCOC(C)(C)C3)no2)cc(C)c1Cl,-2.4676754474639893
guided,CC1=CC[C@H]([C@@H](C)NC(=O)C2CCN(S(=O)(=O)c3ccc(C)o3)CC2)CC1,-1.5450130701065063
guided,CN1CCC(OC(=O)COc2ccccc2)CC1,-5.030982494354248
guided,CCOCc1ccc2nnc(C)n2c1C,-5.119431018829346
guided,CCCOc1cccc(C(=O)NCCCNC(=O)c2occc2C)c1,-1.209235429763794
guided,NNC(=O)Cn1cncn1,-0.7708464860916138
guided,CC(=O)c1ccc(N[C@@H]2O[C@H](CO)[C@@H](O)[C@@H](O)[C@@H]2O)cc1,-0.3921539783477783
guided,Cc1nc2nc(SCC(=O)NC3CCCC3)nn2c(C)c1Cc1ccc(F)cc1,-2.1209051609039307
guided,CCC(CC)C(=O)N(c1ccc(F)cc1)[C@H](Cc1ccccc1)C(=O)O,-3.9013915061950684
guided,[CH2+][CH+]CN(CCCOC)[C-]([O-])Cn1[c+]2[cH+][cH-][c+]([S+2]([O-])([O-])N3CCCCCC3)[cH-][c+]2o[c-]1[O-].[H+],-0.34592553973197937
guided,O=S(=O)(c1ccccc1)c1cc(-c2ccccc2)nc(Nc2ccccc2)n1,-2.9430415630340576
guided,O=C(c1ccco1)N1CCN(S(=O)(=O)c2cccs2)CC1,-1.401659369468689
guided,CCOC(=O)N1CCN(S(=O)(=O)c2ccc(C)cc2C)CC1,-1.826359748840332
guided,COC[C@H](C)NC(=O)[C@H]1C[C@@H]1/C(=N\C1CC1)c1cccs1,-3.653148651123047
guided,CCOCCCn1c(SCC(=O)Nc2nc(C)cs2)nnc1-c1ccncc1,-0.9238663911819458
guided,O=[N+]([O-])NC1=NCCN1Cc1ccc(Cl)nc1,-0.7644361257553101
guided,O=C(CN1C(=O)Cc2c([nH]c3ccccc23)C1=O)NCCCNCc1cccc2ccccc12,-0.865301787853241
guided,CCN1CC(=O)N2[C@H](c3ccccc3C)c3[nH]c4ccccc4c3C[C@@H]2C1=O,-3.2504899501800537
guided,Cc1nc(CNc2ccc(N3CCOCC3)cc2)sc1/C=C(/N)c1cccnc1,-1.8911644220352173
guided,CC(=O)[C@@H](Cc1ccccc1)Cc1ccc(F)cc1,-9.916080474853516
guided,O=c1[nH]nc(Cc2nc3ccccc3n2CCO)c2ccccc12,-0.6911004781723022
guided,O=S(=O)(Nc1nc2ccccc2nc1Oc1ccc(Cl)cc1)c1cccs1,-2.611004114151001
guided,CCOC(=O)N[C@H](c1ccc(N2CCN(C(=O)CC)CC2)cc1)C(C)C,-2.7755208015441895
guided,Cc1cc(C)c(S(=O)(=O)c2cc3c(cc2C)N(C)CCO3)cn1,-2.67427659034729
guided,O=C(Nc1ccc(Oc2cccc(C(F)(F)F)c2)nc1)c1c(F)cccc1F,-5.697218894958496
guided,CC(C)CN(C#N)c1nc(N2CCOCC2)nc(N2CCOCC2)n1,-0.5274620652198792
guided,Cc1ccc(/N=N/c2cc3ccccc3nc2N)cc1,-3.4780516624450684
guided,O=C(N[C@H](O)C(=O)c1ccccc1)/C(=C\c1ccccc1)NC(=O)c1ccco1,-0.4956507384777069
guided,Cc1cc(C)n2nc(C(=O)N/N=C/c3ccco3)nc2n1,-0.35817959904670715
guided,CCOc1nc2cccc(C(N)=O)c2n1Cc1ccc(C(C)C)cc1,-2.276012659072876
guided,C[C]1[CH][C][C]([N][C]([S])N(CCN2CCOCC2)C[C]2[CH][CH][CH]S2)[CH][CH]1.[H+],-7.011205673217773
guided,CCn1cc(/C=N/NC(=O)c2ccc(-c3ccc(Cl)cc3)o2)c2ccccc21,-4.606507778167725
guided,O=C(CCCCCN1CCc2cc3ccccc3cc2C1=O)N[C@@H](Cc1c[nH]c2cc3ccccc3cc12)C(=O)O,-3.2223687171936035
guided,S=c1[nH]nc(COc2ccccc2)n1/N=C/c1cccnc1,-1.9473334550857544
guided,COc1cc(NC(=O)Cn2c(C)cc3ccccc3c2=O)cc(OC)c1OC,-1.2434682846069336
guided,COc1ccc(N(CC(=O)N2CC=C(c3ccccc3)CC2)S(C)(=O)=O)cc1OC,-1.3653171062469482
guided,CCN(CC(=O)Nc1ccc(NC(C)=O)cc1)C(=O)Cc1c(Cl)ccc2ccccc12,-2.3306565284729004
guided,COC(=O)c1sc2ccccc2c1/[NH+]=C/c1ccccc1.COP([O-])OC,-0.9038959741592407
guided,NOc1ccccc1F,-5.712150573730469
guided,O=C(CC[C@@H]1c2[nH]c3ccccc3c2CCN1C(=O)c1cccs1)N1CCCCCC1,-4.820578098297119
guided,O=C(COC(=O)C1CCCCC1)c1cccs1,-4.9008684158325195
guided,CCCOc1ccc(Cl)cc1CN1CCOCC1,-8.490876197814941
guided,CCCCn1c(SCC(=O)c2ccc(C)c(C)c2)nc2c1c(=O)[nH]c(=O)n2C,-0.8357329964637756
guided,c1ccc2c(c1)N[C-](C[OH+]N1CCSCC1)N2,-4.885426998138428
guided,Cc1cc(-c2ccccc2)nc(S[C@H](C(=O)O)c2ccc(F)cc2)n1,-3.507911205291748
guided,CCOc1cc(CN2CCC[C@](CO)(Cc3cccc4ccccc34)C2)ccc1O,-4.78367805480957
guided,O=S(=O)(Nc1ccc2[nH]ccc2c1)c1ccccc1,-2.5919992923736572
guided,NN[C-]([O-])[CH+][N-][N-][C+]1[CH+][CH+][C-](N([O-])[O-])[CH+][CH-]1.[H+].[H+],-0.532971978187561
guided,C[C-]1[N-]N(CC(O)CN[S+2]([O-])([O-])[C+]2[CH+][CH+][C-](F)[CH+][CH-]2)[CH+]C1N([O-])[O-],-0.5453060865402222
guided,CSc1ccc(CN2CCc3ncc(N4CCOCC4)cc3C2)cc1,-7.222386837005615
guided,N/C(=N\Cc1ccccc1)c1cccc(NC(=O)[C@H]2CCCO2)c1,-1.306352972984314
guided,O=S(=O)(Cc1ccccc1)NCCCCCNS(=O)(=O)c1cccc2ncccc12,-0.6430830359458923
guided,O=C(OCCn1c(NCc2cc(Cl)ccc2O)nc2ccccc21)c1ccco1,-1.8575003147125244
guided,COc1ccc(CC(=O)NCC(=O)N/N=C/c2ccco2)cc1,-0.33645641803741455
guided,CCCCN(CCC)c1nnc(NC(=O)COC)s1,-1.8433250188827515
guided,CO[C]1[CH][CH][C]([CH+][N]N[C]([O])CN[C]([O])CO[C]2[CH][CH][C]3[CH][CH][CH][CH][C]3[CH]2)[CH][C]1N([O-])[O-],-0.5482323169708252
guided,C[C@@H](NC(=O)c1ccccc1Cl)C(=O)NCCc1ccc(S(N)(=O)=O)cc1,-0.33205893635749817
guided,CN(C)CCOC(=O)COc1ccccc1,-4.9484968185424805
guided,[O-][C+]([CH+][CH+][c+]1[cH-][cH+][cH-]s1)N([O-])N[c+]1[cH-][cH+][cH-][cH+][c-]1N([O-])[O-],-0.4477517604827881
guided,Oc1ccc(F)cc1[C@H]1c2[nH]c3ccccc3c2CCN1Cc1cnn(-c2ccccc2)c1,-4.955967903137207
guided,CCCCn1nnc(NC(=S)NC(=O)c2ccc(OC)cc2)n1,-0.41943448781967163
guided,CCCc1nnc(NC(=O)Cc2ccc(F)cc2)s1,-3.3050782680511475
guided,[O-]N1O[CH+][CH+][CH+][C][N-][CH+][N-]CC(O)CO[c-]2[cH+][cH-][cH+][n-][c+]21,-0.3495517671108246
guided,Brc1ccc(OCc2ccccc2)c(CNC2CCN(CC#C[CH-]c3ccccc3)CC2)c1.[H+],-10.45424747467041
guided,CO/N=C(/c1ccc(Cl)cc1)c1ccc([N+](=O)[O-])cc1Cl,-3.286036491394043
guided,CCN(c1ccccc1)C1CCN(Cc2cc3cc(OC)ccc3[nH]c2=O)CC1,-4.670968532562256
guided,C[C]1[CH][C](C)[C](S([O])([O])N2CC[C]3[CH][CH][CH][CH][C+]32)[CH][C]1N([O-])[O-],-1.120518684387207
guided,CCOc1ccc(C(=O)N2CCN(c3ccccc3)CC2)cc1OCC,-5.207272052764893
guided,CC/[S+]=C1\C=CC=C\C1=C(/[O-])Nc1ccc(C(C)C)cc1,-6.252042770385742
guided,Fc1cccc(NC(=S)N2CCN(CCc3cccc(OC4CCCCC4)c3)CC2)c1,-8.913084030151367
guided,Cc1ccc2c(c1)C=COO2,-8.98503589630127
guided,Nc1cccc(CNC(=O)c2cccs2)c1,-3.0284807682037354
guided,CC1(C)CN=C(N2CCN(c3ccccn3)CC2)S1,-6.3140997886657715
guided,O=C(COc1cc(F)ccc1-c1ccccc1)Oc1ncccn1,-2.744110107421875
guided,Cc1ccc([C@@](C)(O)CS(=O)(=O)c2cccc3cccnc23)cc1,-2.2159061431884766
guided,[O][C](C[C+]1[CH][CH][CH][C]2[CH][CH][CH][CH][C]21)N[C]1[CH][CH][C](N([O-])[O-])[CH][CH]1,-1.182669997215271
guided,COc1ccccc1/C=N/NC(=O)c1c(C)noc1C,-1.1000779867172241
guided,[H]/N=C1\c2cccnc2C(=O)N1CCOc1ccccc1,-1.7954518795013428
guided,COc1ccc2c(c1)CC[C@@H]1OC(=O)/C(=C/c3ccc(N(C)C)o3)C(=O)N21,-1.5668163299560547
guided,CO[c+]1[cH+][cH-][c+]2[c+]([cH+]1)[c+]([C]N[C-](C)[O-])[nH][c+]1[c+]([C][N-2])[n-][c-]3[cH+][cH-][cH+][cH-][c+]3n12.[H+],-0.536708652973175
guided,Cc1ccc(-n2nnc3c(=O)n(CC(=O)NC[C@@H]4CCCO4)cnc32)cc1,-0.3029852509498596
guided,S=C(NCc1ccccc1)N/N=c1\cc(-c2cccs2)[nH]c2c(Cl)cccc12,-5.1526618003845215
guided,N[P@](=O)(Oc1ccc(F)cc1)Oc1ccccc1F,-2.9276037216186523
guided,[O][C](N[N][C]([CH][CH][C]1[CH][CH][CH][C](N([O-])[O-])[CH]1)[C+]([O])NC1CC1)[C]1[CH][CH][CH][CH][CH]1,-0.5948114395141602
guided,COc1cc(-c2c([N+](=O)[O-])ccc3ccccc23)nc2cc(C(=O)O)ccc12,-1.9153976440429688
guided,COc1ccccc1N1CCN(C(=O)c2cc3cc(Br)ccc3oc2=O)CC1,-2.721747875213623
guided,COc1cccc([C@H]2SCC(=O)N2Cc2ccccc2)c1OC,-5.701074600219727
guided,O=C(C1CCCCC1)N1CCC[C@H]1c1cccnc1,-6.6315999031066895
guided,OC1(c2cccc(C(F)(F)F)c2)CCNCC1,-6.383742809295654
guided,COC(=O)C1=C(C)NC(=O)N[C-]1/C=C/c1ccccc1.[H+],-1.7910970449447632
guided,COc1cccc([N+](=O)[O-])c1C(=O)O,-0.5538660883903503
guided,CC(C)C[C-]([O-])OC(=O)C[C@H]1[OH+][OH+]C/C(O)=C\C([O-])=C\1OC(=O)[C@H](CO)OC(=O)O[C@]1(C)CO[C@](O)(C(=O)O)[C@H](O)[C@@H](O)[C@H]1O.[H+],-0.5690904855728149
guided,CC[C-]([O-])N[C][N-][C+]([N-][c+]1[cH+][cH+][c+](C)[cH-][cH+]1)N[C-]([O-])CCl,-0.4120987057685852
guided,CN(CC(=O)N1CCCC1)S(=O)(=O)c1ccc2[nH]c(=O)c(=O)[nH]c2c1,-0.38879823684692383
guided,Cc1ccc(OCCCCN2CCN(C)CC2)cc1Br,-9.811038970947266
guided,[H+].[O-][C+](CSC([CH+][C][CH+][c+]1[cH-][cH+][cH-][cH+][cH-]1)[C-]([O-])O)N[c-]1[cH+][c-](N([O-])[O-])[cH+][cH-][c+]1F,-0.38928693532943726
guided,CCN(C(=O)c1ccccc1F)C1=N/C(=C(\[O-])Nc2cc(C)ccc2C)C=[S+]1,-1.9817858934402466
guided,COc1ccc(S(=O)(=O)N/N=C(/C)C2CCCCC2)cc1,-2.09158992767334
guided,CCOc1ccc(OCC)c(NC(=O)[C@H]2COc3ccccc3O2)c1,-2.317420482635498
guided,O=C1CC(c2ccccc2)CC(=O)C1=CNCc1ccc(Cl)cc1,-5.074666500091553
guided,COc1ccnc(COC(=O)n2c(=O)oc3ccccc32)c1,-0.7139909267425537
guided,COCc1ccc(CN2CCC(N3CCC(C(N)=O)CC3)CC2)o1,-1.3935350179672241
guided,COc1ccc(S(=O)(=O)Nc2cc(C(F)(F)F)ccc2OCCOC(C)C)cc1,-2.4855406284332275
guided,OCc1nc2ccccc2n1CCOCc1ccc(F)cc1,-4.205249309539795
guided,[O+]#P(c1ccccc1)c1ccccc1.[O-]C1=CCCO1,-3.3057315349578857
guided,CN1CCN(CCP(=O)(c2ccccc2)c2ccccc2)CC1,-7.7839508056640625
guided,Clc1ccccc1Cn1c(C2CC2)nc2ccccc21,-10.37049388885498
guided,S=C(NC1CCCC1)N1CCN(c2ncn[nH]2)CC1,-2.4226996898651123
guided,COc1ccc(N2CCN(c3nc4ccccc4o3)CC2)cc1,-5.0387797355651855
guided,CN(C)/N=N\c1ccc(SC(F)F)cc1,-7.7097859382629395
guided,O=Cc1cc(-c2cccc3ccccc23)sc1NC(=O)Nc1ccc(F)cc1,-5.767790794372559
guided,O=C(CN1CCC2(CC1)OCCO2)c1cccs1,-5.097584247589111
guided,COc1ccc(C2CCN(C(=O)c3ccnn3C)CC2)cc1,-4.011192321777344
guided,COc1ccc(-c2cc3nc(C)c(CCC(=O)N4CCc5ccccc54)c(C)n3n2)cc1OC,-2.9825973510742188
guided,NC(=O)c1ccnc(Oc2ccccc2F)n1,-0.9370672106742859
guided,Fc1ccccc1CSc1nncc(-c2cccs2)n1,-6.1374311447143555
guided,COc1ccccc1OCCn1cc(C(F)(F)F)ccc1=O,-5.181131839752197
guided,CNS(=O)(=O)O/C(=C/c1ccccc1)C(=O)CCc1ccccc1,-1.6166797876358032
guided,COc1ccccc1CN1CCC(n2nccc2NC(=O)CC2Oc3ccccc3O2)CC1,-1.8394746780395508
guided,COc1ccccc1SCC(=O)Nc1c2c(nn1-c1ccccc1)CS(=O)(=O)C2,-0.869611382484436
guided,O=C(Nc1cnn(Cc2ccc(Cl)c(Cl)c2)c1)c1ccccc1,-5.326502799987793
guided,Brc1ccc(-c2cc[nH]n2)o1,-4.972995281219482
guided,CCCCn1nc2cc(C(=O)NC[C@@H]3CCCO3)ccc2c1OCC,-2.3929524421691895
guided,O=[S@@]1(O)=c2cnccc2=C2/C(=N/C(CCc3ccco3)=N\[S@](#[O+])([O-])c3ccc(F)cc3)N21,-0.6917717456817627
guided,COc1cccc(Oc2cc3[nH]c(C)[o+]on([O-])c3cc2OC)c1,-1.4154374599456787
guided,N[C]([O])[C]1[N]N([C+]2[CH][CH][CH][CH][CH]2)[N][C]1N[C]([O])CN1[CH][CH][C](N([O-])[O-])[N]1,-0.5391006469726562
guided,OCCCNc1nc2ccccc2nc1Nc1ccc(F)c(Cl)c1,-2.5022945404052734
guided,CO[c-]1[cH+][cH-][c+](C2[CH-]NCCN2)[c-](OC(C)C)[cH+]1,-4.5709614753723145
guided,COc1cc(Br)cc(C(=O)NNC(=S)NCc2ccccc2)c1O,-0.9411949515342712
guided,O=c1c2[nH]c3ccccc3c2ncn1Cc1cccc(Cl)c1,-4.159389495849609
guided,N#CC(C#N)=C(c1ccc2ccccc2c1)c1nc2cc3ccccc3cc2[nH]1,-3.776487112045288
guided,CC[C@@H](NC=C1C(=O)OC(C)(C)OC1=O)C(=O)O,-0.47738564014434814
guided,COCCCn1c(=O)c2sccc2n2c(CCCC(=O)NC3CCCCC3)nnc12,-0.8968522548675537
guided,O=C(CCc1ccccc1)N/N=C(/C=C/c1ccco1)c1ccccc1,-4.312132358551025
guided,O=C(Cn1nnc(-c2ccc(Cl)cc2)n1)NCc1ccccn1,-0.6142898201942444
guided,C/[S+]=C1\C=C(c2sccc2C)N=C(C)\C1=C(/[O-])Nc1ccc(C(F)(F)F)cc1,-5.258144855499268
guided,Cc1noc(C)c1CSc1nnc(-c2ccc(C(C)C)cc2)c2ccccc12,-6.670685291290283
guided,O=C(CN1CCN(c2ccccc2F)CC1)N/N=C/c1ccccn1,-2.1614911556243896
guided,O=c1c(CSc2nc3ccccc3c3nccn23)c(F)nc2sccn12,-2.537411689758301
guided,CN1CCN(Cc2cc(=O)oc3ccc(Cl)cc23)CC1,-5.511430740356445
guided,O=c1[nH]c2ccccc2cc1CN1CCC(O)(c2ccc(Cl)cc2)CC1,-3.5607264041900635
guided,COc1ccc(OC)c(S(=O)(=O)N2CCN(C(=O)c3cccs3)CC2)c1,-1.075133204460144
guided,O=C(COc1ccccc1Cl)NC(=S)Nc1ccc(C(=O)O)cc1,-0.9579541683197021
guided,NC(=O)c1c(Nc2nccs2)sc2c1CCCCCC2,-2.5301952362060547
guided,CCN(CC)Cn1cnc2[s+]c(C(=O)OC)c(C)c-2c1[O-],-1.4760057926177979
guided,C/C(Cc1ccccc1)=[NH+]\C(=O)Nc1cccc(Cl)c1.CC(C)OP([O-])OC(C)C,-1.7665247917175293
guided,O=C(NS(=O)(=O)c1cccc2cccnc12)c1ccc[nH]1,-0.41001051664352417
guided,CC1[CH+][C-]([O-])N[c+]2[cH-][cH+][cH-][cH+][c-]2N1[C-]([O-])N[C+]1[CH+][CH-][CH+][CH-][CH+]1,-1.2173240184783936
guided,C[C@H](Sc1nnc(-c2ccccc2)n1C)C(=O)Nc1ccccc1Cl,-3.5756444931030273
guided,COc1cc2ccccc2cc1C(=O)N/N=C/C=C/c1ccccc1,-4.618129253387451
guided,COc1ccc(CNC(=O)CSc2nnc(NC(=O)c3ccc(OC)c(OC)c3)s2)cc1OC,-0.8697455525398254
guided,COc1cc(NC(=S)NCCSC2CCCCC2)c(OC)cc1NC(=O)c1ccco1,-2.449510097503662
guided,N#[N+][N-]C(c1ccccc1)c1ccccc1,-5.593755722045898
guided,COc1ccc(-c2nnc(SCc3nnc(-c4cccs4)o3)n2N)cc1COc1ccc(F)cc1,-2.0578436851501465
guided,CCC(=O)c1ccc(/C=C/c2cccc(Cl)n2)o1,-5.586018085479736
guided,COc1ccc(N2CCN(C(=S)NCc3ccc(F)cc3)CC2)cc1,-7.317607879638672
guided,Nc1ncnc2c1ncn2[C@@H]1O[C@H](COP(=O)(O)O)[C@@H](O)[C@H]1O,-0.3784519135951996
guided,COc1ccc(N[C@@H]2c3ccccc3C(=O)N2Cc2cc(C)ccc2C)c(OC)c1,-5.320763111114502
guided,CCOc1cccc(/C=N/NC(=O)c2sc(-c3ccccc3)nc2C)c1,-3.2358169555664062
guided,O=[N+]([O-])C[C@@H](O)C[S@@+]([O-])c1cccs1,-0.6731703281402588
guided,COc1cc(OC)c2cc(C(=O)NC3=NCCS3)[nH]c2c1,-1.1752738952636719
guided,COc1ccccc1C(=O)OCC(=O)N[C@@H](C)CCc1ccccc1,-2.306872844696045
guided,CC(C)N(C)CCc1nc2c(F)cccn2c1[N-]c1cccc(C(=O)O)c1.[H+],-2.7924680709838867
guided,CCN(Cc1nccn1C)c1ccccc1,-8.331483840942383
guided,COc1ccccc1N(CC(=O)O)S(=O)(=O)c1ccccc1,-0.7238859534263611
guided,N[C@@H](Cc1c[nH]c2ccccc12)[C@@H]1Nc2ccccc2O1,-2.4244236946105957
guided,O=c1[nH]c2ccc(S(=O)(=O)N[C@@H]3CCCC/C3=N/O)cc2o1,-0.3803917467594147
guided,COc1ccc(NC[C@H]2CCCO2)cc1OC,-5.069870471954346
guided,O=S(=O)(c1ccccc1)c1ccccc1,-6.050996780395508
guided,CCN1[C](C[C+]([O])N[C]2[CH][C](Cl)[CH][CH][C]2Cl)[N][N][C]1SC[C]1[CH][CH][C](N([O-])[O-])[CH][CH]1,-0.9808589220046997
guided,O=C(COc1ccccc1F)Nc1ccc2c(c1)nc1n2CCSC1,-3.3607940673828125
guided,COCC[C@H](NCC(=O)NC1=[S+]C(C)=C(C)/C1=C(\N)[O-])C(=O)OC,-0.430691659450531
guided,O=C(c1ccc([N+](=O)[O-])cc1)c1nc(N2CCCCC2)c2ccccc2n1,-1.3342407941818237
guided,COc1cc([C@H](CC(=O)c2ccccc2)C(C)C)cc(OC)c1OC,-5.793356418609619
guided,CC(=O)N(C1=NN(CCc2ccc3ccccc3c2)C(=O)C1)S(=O)(=O)c1ccc(C)cc1,-1.2458336353302002
guided,O=C(NCCN1CCCCC1)c1cc(S(=O)(=O)N2CCOCC2)ccc1N1CCOCC1,-0.4654337167739868
guided,O=C(c1cccc(/C=C/c2ccccn2)c1)c1ccc2c(c1)OCCO2,-4.885075092315674
guided,Oc1ccc(Oc2ccc3c(Oc4ccccc4)ncnc3c2)cc1,-3.7690043449401855
guided,COc1c(-c2cc(-c3cc(C)ccc3O)n[nH]2)cc2c(c1OC)CCC(C)(C)O2,-2.8309924602508545
guided,COc1ccc(NC(=O)NCCCN2CCCC2=O)c(OC)c1,-0.8816937804222107
guided,[CH2-][c+]1[n-][nH][c+](C)[c-]1[S+2]([O-])([O-])N(C[C-]([O-])NCCCOCC)[C+]1[CH+][CH-][CH+][C-](C)[CH+]1,-0.4800034463405609
guided,COCCCn1c(=O)c2ccccc2n(CC(=O)NC[C@@H]2CCCO2)c1=O,-0.3482262194156647
guided,CC(/C=C/c1ccc(C#N)cc1)=N\NS(=O)(=O)c1ccccc1,-1.152605652809143
guided,CN1CCN(C(=O)CCc2ccccn2)CC1,-5.368083477020264
guided,COCCSc1nnc(NC(=O)Cc2ccccc2)s1,-2.1513943672180176
guided,CCN(CC(=O)Nc1ccc(N2Cc3ccccc3C2=O)cc1)Cc1ccccc1,-4.401292324066162
guided,C=[NH+]C[C@H](C)C[CH-]C[C@@H]1N=C([C@H](C#N)CCC(C)(C)C)OC1(C)C,-3.0950558185577393
guided,[O-][C+](CN1[C+]([O-])CC[C+]1[O-])NN[C-]([S-])NN[c+]1[n-][cH+][c-]2[c+]([nH]1)CCCC2,-0.421196848154068
guided,NNC(=O)c1cc(S(=O)(=O)Nc2ccc(S(=O)(=O)Nc3nccs3)cc2)ccc1Cl,-0.4195437729358673
guided,C=[P@]([S-])(CC)c1cccnc1N.O=P(O)=[OH+],-0.3729891777038574
guided,CCCN(CCC)CCCNC(=O)CNc1nc(C(C)(C)C)cs1,-3.4248239994049072
guided,[O-][C+]1OC2(CCCC2)[C-]([O-])N1[c+]1[nH][c+](-[c+]2[cH-][cH+][cH-][cH+][cH-]2)[c-](-[c+]2[cH-][cH+][cH-][cH+][cH-]2)s1,-1.8928148746490479
guided,CNC(=O)COc1cccc2ccccc12,-5.140744209289551
guided,COCC1CCN(C(=O)[C@@H]2CCC(=O)N(Cc3cccc(F)c3)C2)CC1,-3.780911684036255
guided,NS(=O)(=O)c1ccc(NC(=O)c2ccccc2NC(=O)c2ccccc2Cl)cc1,-1.0670456886291504
guided,CN(C)P1=NC(N)=NC(c2ccccc2)=[N+]=1.[CH2-]OCC(=O)O,-0.33946773409843445
guided,CCOc1ccc(C(=O)Nc2ccccc2F)cc1S(=O)(=O)N(CC(N)=O)c1ccc(C)cc1,-1.0029957294464111
guided,CCO/N=C\c1ccsc1CNC(=O)Nc1ccc([N+](=O)[O-])cc1,-1.0025635957717896
guided,Cc1cc(Cl)ccc1OCC(=O)N/N=C/c1sccc1C,-4.147105693817139
guided,C/C(=N\Nc1nc(N2CCOCC2)nc(N2CCOCC2)n1)c1ccc(NC(=O)Cc2ccco2)cc1,-0.42645615339279175
guided,O=C(O)c1cnn(Cc2ccc(Cl)cc2)n1,-1.7616486549377441
guided,CN(CC(=O)Nc1ccc([N+](=O)[O-])cc1Cc1cccs1)C1CCCCC1,-2.482851982116699
guided,NNC(=S)NCCc1ccc(Cl)cc1,-3.58318829536438
guided,N#CCCc1ccc2c(c1)/C(=N/c1ccccc1N)CCC2,-3.350996255874634
guided,Cc1cccc(C)c1NC(=S)NCCSCc1ccc2c(c1)OCO2,-5.753407955169678
guided,O=C(Nc1ccccc1F)c1cc2cccnc2s1,-5.360796928405762
guided,C=[O+]c1ccccc1.[O-]P(c1ccccc1)c1ccccc1,-6.2743120193481445
guided,CN[C@@]1(c2nnnn2-c2ccccc2C)CCOC(C)(C)C1,-2.005187749862671
guided,O=C(NN(CCO)CCO)C1CCCCC1,-1.398454189300537
guided,CCCCCn1c(=O)c(C(=O)Nc2c(C)n(C)n(-c3ccccc3)c2=O)c(O)c2ccccc21,-1.2937064170837402
guided,O=C(c1ccc2ncccc2c1)N1CCN(c2n[nH]c(=O)[nH]c2=O)CC1,-0.272007554769516
guided,Cc1cc([N+](=O)[O-])nn1Cc1nccc2ccccc12,-1.5071566104888916
guided,O=C(Cn1ccc([N+](=O)[O-])n1)NNc1ccc(F)cc1Cl,-0.4475983679294586
guided,CN(CCS(=O)(=O)c1ccc(Cl)cc1)CC(=O)Nc1ccccc1Sc1ccc(C#N)cc1,-2.0499629974365234
guided,O=[N+]([O-])c1ccc(OCCc2ccccc2)cc1NC(=S)N1CCCCC1,-3.0473482608795166
guided,CC1=C(C)/C(=C(\[O-])NNC(=S)NC[C@H]2CCCO2)C=[S+]1,-1.7264024019241333
guided,[O][C](CN[C+]([O])[C]1[CH][CH][CH][CH][C]1F)NCCO[C]1[CH][CH][CH][C](N([O-])[O-])[CH]1,-0.5409386157989502
guided,CN1CCC[C@H]1c1cccnc1,-9.258427619934082
guided,CC(=O)c1c(C)[nH]c(C(=O)OCc2ccccc2F)c1C,-3.119642972946167
guided,COc1ccc(C(=O)CNc2ccc(N3CCOCC3)cc2)cc1,-3.6975009441375732
guided,CCOc1cc(C(=O)NC)cc(Br)c1OCc1cccc(F)c1,-4.803666591644287
guided,S=C(Nc1cccc(Cl)c1)Nc1ccccc1Br,-9.489485740661621
guided,N[C-](N)[N-][N-][C+]1[CH+][C+](N([O-])[O-])[CH-][CH+][CH-]1,-0.5179298520088196
guided,[CH2+]CCN(CCN=[S@@](=O)([O-])c1ccc(S(=O)(=O)N(C)C)cc1)CCOc1ccc(F)cc1,-0.6135455369949341
guided,COc1cc(C/C(=N\CCCN(C)C)C(=O)O)c(-c2ccc3ccccc3n2)cc1OC,-1.5407947301864624
guided,CN(C)C1(CNC(=O)CCNC(=O)C2CCCCC2)CCCCC1,-2.588461399078369
guided,Clc1ccc(S[C@H]2COc3ccc(Cl)cc3O2)cc1,-10.52563762664795
guided,COc1cc(CN(C)C)cc(OCc2ccccc2)c1OC,-6.88142204284668
guided,Nn1c(SCC(=O)NC2CCCC2)nnc1-c1ccccn1,-0.30369681119918823
guided,Cc1nc2c(C(=O)N3CCN(c4ncccn4)CC3)cnn2c(C)c1Cc1cccc(Cl)c1,-1.4693647623062134
guided,Clc1cccc(CN2CCOCC2)c1,-10.123132705688477
guided,O=C(Nc1cccc(Cl)c1)N1CCN(C/C=C/c2ccccc2)CC1,-6.71372652053833
guided,CCNS(=O)(=O)c1ccc(NC(=O)C2=COCCO2)cc1,-0.386622816324234
guided,Clc1cccc(Oc2nnnn2-c2ccc(-c3nnco3)cc2)c1,-0.9762426018714905
guided,O[C@@H](CN1CCNCC1)CN(Cc1ccccc1)c1ccccc1,-5.079314708709717
guided,COc1ccc(S(=O)(=O)NN=C2CCCCC2)cc1,-1.8475013971328735
guided,COc1ccc(N(CC(=O)Nc2nccs2)S(=O)(=O)c2ccc(OC)c(OC)c2)cc1,-0.7255815863609314
guided,CCN(c1ccc(OCC(=O)N(C)C)cc1)S(=O)(=O)c1cnc[nH]1,-0.3348492681980133
guided,CC(C)(CS[C-]1[N-][N-][C+]2CCCCC[O+]21)N[S+2]([O-])([O-])[c-]1[cH+][cH-][cH+][cH-][cH+]1,-1.8118500709533691
guided,Cc1cc(NC(=O)CSCC(=O)Nc2ccc(F)cc2C)no1,-0.9861310720443726
guided,N[P@@](=O)(Oc1ccccc1)Oc1ccc2ccccc2c1,-3.526189088821411
guided,Nc1nc(N2CCOCC2)n[nH]1,-0.9885327219963074
guided,COc1cc(OC)c(N/C=N\C(=S)Nc2c(C)cc(C)cc2C)cc1Cl,-4.9481706619262695
guided,O=C(NC1CCCC1)[C@@H]1CCCN(C(=O)Nc2ccccc2)C1,-2.674384117126465
guided,CCOc1cc(CNCCO)cc(Br)c1OCc1ccc(F)cc1,-4.23491096496582
guided,CCOc1cnc(C)nc1NS(=O)(=O)c1ccc(NC(C)=O)cc1,-0.37520918250083923
guided,O=C(CS(=O)(=O)O)Nc1ncc(C(F)(F)F)cc1Cl,-0.4911908209323883
guided,COc1ccc2c(c1)-n1ncnc1N[C@@H]2CCc1ccc([N+](=O)[O-])cc1,-0.953694224357605
guided,O=C1C[C-](C(=O)/N=c2\[nH]c3ccc(F)cc3s2)C2(CCCC2)O1.[H+],-1.7561300992965698
guided,O=C(NCc1ccccn1)c1cccc2c1CCCC2,-4.949731349945068
guided,O=S(=O)(/N=C(\c1ccc(F)cc1)N1CCOCC1)c1ccccc1,-2.6096789836883545
guided,O=C(c1cc2ccccc2oc1=O)N(Cc1ccco1)[C@@H]1CCS(=O)(=O)C1,-0.418891966342926
guided,S[C@@H](COCc1ccco1)Cn1c2ccccc2c2ccccc21,-8.742879867553711
guided,CN(C)CCCN1C(=O)C(=O)/C(=C(/O)c2ccccc2)[C@H]1c1ccco1,-1.4233165979385376
guided,Cc1cccc(-n2cnn(CC(N)=O)c2=S)c1C,-1.8552181720733643
guided,C[C-]([O-])NC1([C+]2[CH+][CH-][CH+][CH-][CH+]2)[CH-][C+]2[C+](CC1[C-]([O-])O)N[c+]1[cH-][cH+][cH-][cH+][c-]12,-0.5006202459335327
guided,CCOc1ccc([C@@H]2NC(=O)NC(C)=C2C(=O)OCc2ccccc2)cc1,-1.7108336687088013
guided,CCCCNC(=O)C1=[S+]c2nc(C)nc(N3CCCC[C@H]3C)c2/C1=C(\[O-])OCC,-0.5865711569786072
guided,COc1ccc(/C=C/C(=O)Nc2nc(C)c(C(C)=O)s2)cc1,-2.1810805797576904
guided,NNC(=O)CNC(=O)[C@@H](NC(=O)[C@@H](NC(=O)c1cccnc1)c1ccccc1)c1ccccc1,-0.2622281610965729
guided,N#C/C(=C\c1cccnc1)c1ccccn1,-3.8010568618774414
guided,COc1ccccc1OC/C=C(\C#N)C(=O)Nc1ccccc1Sc1ccc(Cl)cc1,-4.317181587219238
guided,COCCN(CCNC(=O)CNC(=O)c1nn(-c2ccc(OC)c(Cl)c2)c(=O)c2ccccc12)C(C)C,-0.4063480794429779
guided,O=C(NC(=S)N1CCOCC1)c1ccc(Br)o1,-2.9988768100738525
guided,Clc1nnc(Oc2cccc3cccnc23)c2ccccc12,-5.296597957611084
guided,N#CCCCCN1CCCCCC1,-7.455984592437744
guided,CC1=CC(C2=[N+]=[N+]=[N+]3C2=N/C(=N\c2ccccc2C)c2ccccc23)C=C[CH-]1.C[CH-]C.[H+].[O-2],-2.972219228744507
guided,FC(F)OC(F)(F)[C@@H](F)Cl,-11.330460548400879
guided,CC(=O)c1sc(NC(=O)c2cc(-c3ccccn3)nc3ccccc23)nc1C,-2.037686586380005
guided,Cc1ccc(N(CC(=O)NCc2ccccc2)S(C)(=O)=O)c(C)c1,-1.926252841949463
guided,S=C(Nc1cccc2ccccc12)N1CCN(Cc2ccc(-c3ccccc3)o2)CC1,-8.74810791015625
guided,[CH2+]C[C-]1[CH+][CH-][C+]([CH2-])[C+]2[C+]1[C]CCC2[C-]([O-])N[C+]1[C][CH+][CH-][CH+][C-]1OC,-4.580451011657715
guided,CCOc1ccc([C@H]2C(C(=O)c3cc4ccccc4o3)=C(O)C(=O)N2CCCN(CC)CC)cc1,-2.726667642593384
guided,C/C(=N\O[C@H]1OC[C@H](O)[C@H](O[C@@H]2O[C@@H](CO)[C@@H](O)[C@@H](O)[C@H]2O)[C@H]1O)c1ccccn1,-0.38904833793640137
guided,O=S1(=O)CC=C(CSc2ccccn2)C1,-3.8708276748657227
guided,COC1(N[C-]([O-])C([C+]2[CH+][CH-][C+](O)[CH-][CH+]2)[C-]([O-])O)[C+]([O-])N2[CH+][C+](CS[c-]3[n-][c+]4[cH+][cH-][cH+][cH-][c+]4[nH]3)C[CH-]C21,-0.3239593207836151
guided,Fc1ccc2nc(CCCCCNc3ccccc3)[nH]c2c1,-6.247259140014648
guided,[CH2-][C+]1[CH-][CH+][C+]([C+]([O-])C2CCCN([C-]([O-])[c+]3[cH-][cH+][c-](OC)o3)C2)[CH+][CH-]1,-1.3745827674865723
guided,COc1ccccc1N(Cc1ccco1)NC(=O)Cc1ccc(F)cc1,-3.7049882411956787
guided,COc1cc(/C=N/NC(=O)c2cccnc2)ccc1O,-0.6498979330062866
guided,Cc1nc(/C=N/NC(=O)C2=NN(c3ccc(C(=O)c4ccccc4)cc3)C(=O)CC2)cc(=O)[nH]1,-0.3880421817302704
guided,COc1ccc(S(=O)(=O)N2CCOCC2)cc1NC(=O)c1ccc(F)cc1,-0.6942288875579834
guided,S=C(Nc1ccc(Cl)c(Cl)c1)N(Cc1ccncc1)Cc1ccco1,-7.0074005126953125
guided,N/C(Cc1ccccc1)=N\OC(=O)c1ccccc1F,-2.1734042167663574
guided,COc1ccc(C(=O)NC(=O)NCc2ccc3c(c2)OCO3)cc1OC,-0.4695310592651367
guided,CCC(=O)c1ccc(NC(=O)CN2CCN(c3ccc(F)cc3)CC2)cc1C,-3.793046474456787
guided,O=C(/C=C/c1ccccc1)N[C@@H](CC1CC1)c1coc2ccccc2c1=O,-3.7918777465820312
guided,O=c1c(CC2CCCCC2)c(O)cc(-c2cccnc2)n1-c1ccc(Cl)cc1,-5.19146728515625
guided,O=C(O)CCc1ccc(S(=O)(=O)N2CCCC2)s1,-1.2448338270187378
guided,CN(C[C]1[CH][CH][CH]O1)[C]1[CH][CH][C](N2[C]([O])CC[C+]2[O])[CH][C]1N([O-])[O-],-0.5113085508346558
guided,CCCNC(=O)COC(=O)CN1C(=O)[C@H]2CC=CC[C@H]2C1=O,-0.5343897938728333
guided,[CH2-]N1[C+](N[CH-]CCC)SC([C+]([O-])N[C+]2[CH+][CH-][CH+][CH-][C+]2N2CCOCC2)C[C-]1[O-],-0.719112753868103
guided,CN(C)CCOC(=O)COc1ccc(S(=O)(=O)N(C)C)cc1,-0.9886052012443542
guided,O=[N+]([O-])c1cccc(/C=N/c2ccccc2O)c1O,-0.7545967698097229
guided,COc1ccc(CCCNC(=O)CC/N=C/[CH-]c2cc3ccc(C)cc3n3nnnc23)cc1.[H+],-1.0379317998886108
guided,CCC[CH-][c+]1[c+]([O-])n(C[C+]2[CH+][C+](N([O-])[O-])[C-](OC)[CH+][CH-]2)[c+]2n([c-]1[C+]1[CH+][C+](OC)[C-](OC)[C+](OC)[CH-]1)[N-][N-][N-]2,-1.4094961881637573
guided,NCCCC[C@H](NC(=O)c1cccc(C(F)(F)F)c1)c1nnc(CN)o1,-0.5145067572593689
guided,[CH2+]CCC(CCCCC[C+]([O-])NC[C][N-2])N[C+]([O-])[C+]1[CH+][CH+][CH-][CH+][CH-]1,-0.65103679895401
guided,Cc1cccc(N(CC(=O)N/N=C/c2ccco2)S(=O)(=O)c2ccccc2)c1,-0.8042935132980347
guided,CCOc1ccc(/C=C2\SC(=S)N(CCC(=O)Nc3ccc(C(=O)O)cc3)C2=O)cc1,-1.4242322444915771
guided,Oc1ccc(-n2nnnc2-c2ccccc2Cl)cc1Cl,-2.6767897605895996
guided,[O-]P(CCC1CCCC1)NC1CCN([c+]2[n-][cH+][c-](C(F)(F)F)[cH+][c-]2Cl)CC1,-4.692603588104248
guided,CCCCn1nnc(NC(=O)Cc2cccc(C(F)(F)F)c2)n1,-1.6390070915222168
guided,CCOc1cc(/C=N/O)cc(Cc2ccc3c(c2)n(C)c(=O)n3C)c1O,-0.6736645102500916
guided,CC(=O)Nc1ccc(NC(=O)C[C@H]2S/C(=N\c3ccccc3)NC2=O)cc1,-0.7235570549964905
guided,C[C@@]12CCC(=O)N1[C@@H](C(=O)Nc1nc3ccc(S(C)(=O)=O)cc3s1)CS2,-0.45754897594451904
guided,Cc1ccc(C(=O)OCc2ccccc2)c(C)c1,-7.996564865112305
guided,N#CCCCCCNC(=O)CSc1c(C=O)c(Oc2ccccc2N)nc2ccccc12,-1.9297399520874023
guided,O=C(Cn1c(=O)oc2ccc(Cl)cc21)NC1CCN(Cc2cccc(F)c2)CC1,-2.148235559463501
guided,O=C(/C=C\c1ccc(F)cc1)N1CCC2(CC1)OCCO2,-5.231021881103516
guided,Cc1ccc(C)c(C(=O)CCCSc2nnc(-c3ccco3)o2)c1,-3.173611879348755
guided,C[C@H](C(=O)N1CCCCC1)N1CCN(C(=O)c2ccc(F)cc2)CC1,-4.441456317901611
guided,C[C@H]1C[C@@H]1C1=CC=C(C=C(C#N)C#N)C1=O,-2.1881260871887207
guided,O=[N+]([O-])c1c(NCC/C=C/c2ccccc2)cc(N2CCCCCC2)c2nonc12,-2.2759575843811035
guided,CCCCC/C=N/NC(=O)c1nnn(-c2nonc2N)c1-c1cccc(OCC)c1,-0.5844520330429077
guided,C=c1c([OH+]C)c([O-])c(=O)[nH]/c1=C(/C(C)=O)c1csc(N)n1,-0.36581385135650635
guided,COCC(=O)N1CCN(c2ccccc2)CC1,-5.955621242523193
guided,c1coc(CNCC2CCCCC2)c1,-7.8936309814453125
guided,C/C(=N/NC(=O)c1ccn[nH]1)c1ccccc1Br,-1.6907540559768677
guided,CC[C@@H](C(=O)NCCOC)n1nc(C)c2[s+]c3ccccc3c-2c1[O-],-1.1067434549331665
guided,CCCCN1C(=O)[C@](O)(CC(=O)/C=C/c2ccccc2)c2cc(Br)ccc21,-4.038692474365234
guided,CC(=O)N1CC(=O)N=C1SCc1ccc(C)cc1,-3.6424903869628906
guided,[O][C]1[C][C]([NH+]CC[C]2[CH][CH][C]([N+]([O])[O-])[CH][CH]2)[N][CH]N1,-0.5269030928611755
guided,COC(CNC(=O)NC(=O)c1ccc(Cl)cc1)OC,-1.0837026834487915
guided,COC(=O)c1ccc(C(=O)Nc2cccc3c2CCCC3)cc1,-3.615943193435669
guided,Brc1ccc(/C=N/n2cnnc2)o1,-2.927668571472168
guided,CCN[C@H](C)CNC(=O)C[C@H]1C(=O)NCCN1Cc1cccc2ccccc12,-1.1961712837219238
guided,Clc1cc(CNc2ccccc2)cnn1,-5.568630218505859
guided,Cc1onc(-c2ccccc2)c1C(=O)N1CCN(C2CCCCC2)CC1,-4.3987226486206055
guided,CN(C)S(=O)(=O)c1ccc(CCC(=O)N2CCCC2)cc1,-2.6494297981262207
guided,COc1ccc(Cn2c(=O)[nH]c3cc(C(=O)NCc4ccccc4C)ccc32)c(C)c1C,-2.2557294368743896
guided,CC(=O)Nc1nc2ccccc2n1Cc1cccs1,-4.317963123321533
guided,COc1ccc(N2CCN(CNC(=O)c3ccco3)CC2)cc1,-2.499007225036621
guided,NC(=O)[C@H](OC(=O)c1ccc(F)cc1)c1ccccc1F,-1.7130358219146729
guided,[O-]N(O)/C(c1ccccc1)=[N+]1\C=Nc2ccccc2[C@@H]1c1cccnc1,-1.8448985815048218
guided,Cc1nc(OCc2ccccc2)c2sc3nc4c(cc3c2n1)COC(C)(C)C4,-4.526083469390869
guided,COc1cc(SC)cc(C(=O)Nc2ccc3c(c2)OCCCO3)c1,-3.5882716178894043
guided,C=CCOc1ccc(Cl)cc1/C=C1/C(=O)ON=C1C,-4.359354019165039
guided,O=C1c2ccccc2N[C@H](c2ccccc2F)N1CCN1CCOCC1,-4.436519622802734
guided,O=C(O)c1ccccc1-c1ccccc1C(=O)Nc1nc2ccccc2s1,-2.7118098735809326
guided,C=CCN1C(=O)NC(=O)/C(=C/NN2CCC(Cc3ccccc3)CC2)C1=O,-0.7891993522644043
guided,CNS(=O)(=O)c1ccc(Nc2cccc(F)c2)nc1C(=O)N1CCc2ccccc2C1,-0.8834289908409119
guided,CC[C@H](CO)N[C@H](CC(=O)n1cccn1)c1ccccc1,-1.7860366106033325
guided,CC(C)O/N=C(/C1=C=[S+]C(N)=N1)[C-]([O-])O.[H+],-0.5032491087913513
guided,Cc1cc(COc2ccccc2Cl)no1,-6.193095684051514
guided,C=CCNCCOc1ccc(C2CCCCC2)cc1,-9.135900497436523
guided,CNC(=S)/C(=C\C=C\c1ccco1)C(=O)c1ccc(OC(C)C)cc1,-4.69127893447876
guided,CC(=O)Nc1nnc(S[C@@H]2CCOC2=O)s1,-0.8388315439224243
guided,CO[C@@H](O)c1cc(C)nc(NN=C2CCCCC2)c1C#N,-0.8532647490501404
guided,CC(C)C(=O)N[C@@H](NC(=S)Nc1ccccc1[N+](=O)[O-])C(Cl)(Cl)Cl,-1.0857006311416626
guided,CCOc1ccc(Oc2nc3c(c(=O)n(C)c(=O)n3C)n2Cc2ccc(C)cc2)cc1,-1.222625970840454
guided,CN(C)N(Cc1ccc(Br)cc1)c1ccc(O)cc1,-7.921233177185059
guided,C[c-]1[cH+][cH-][c+]([C-]2CO[C+]([O-])[C+]([CH+][N-][c+]3[cH-][cH+][c-]([C+]([O-])[c+]4[cH-][cH+][cH-][cH+][c-]4C)[cH+][c-]3F)[N-]2)[cH-][cH+]1,-1.9451794624328613
guided,CCOC(=O)N1CCC(NC(=O)C2CCN(C(=O)c3cc4sccc4n3CC)CC2)CC1,-1.3442037105560303
guided,CCCNc1cc(C)c(C#N)c2nc3ccccc3n12,-3.834583282470703
guided,CCOc1ccc(-n2nnnc2SCC(=O)c2ccccc2)cc1,-1.9308222532272339
guided,[H+].[O-][C+](O)CN[c-]1[c+](Cl)[c-]([O-])[c+]2[cH+][cH-][cH+][cH-][c+]2[c-]1[O-],-0.32023346424102783
guided,Cn1c(=O)c2c(ncn2CCOC(=O)c2ccccc2)n(C)c1=O,-0.4599588215351105
guided,COCCNC(=O)C(=O)NC[C@H]1CCCN1S(=O)(=O)c1cccs1,-0.35187414288520813
guided,Nn1cc(Cc2ccccc2)nc1SCC(=O)Nc1nccs1,-0.7120640873908997
guided,C/C(=N\N=C1\NC(=O)[C@H](Cc2ccc(F)cc2)S1)c1cccs1,-3.720449447631836
guided,S=C(Nc1ccccc1Cl)N(Cc1cccnc1)CC1CCCCC1,-9.292928695678711
guided,O=C(C/[S+]=c1\nc2ccccc2c([O-])[nH]1)NNC(=O)c1ccccc1,-0.2583189308643341
guided,[CH2-][C@H]([O-])[C@H](O)[C@@H](C)[C@@H](OCC)/[O+]=C/[C@H](CC)[C@@H](O)[C@@H]([O-])C/[O+]=C1\C=CC=[C-]\C1=c1\cccc2c1=[N+]=CC=C2.[H+],-0.4459318220615387
guided,CCO[c-]1[cH+][cH-][c+]([C-]([O-])N[C+]2[CH+][CH-][C+](N3[CH-]CCCCCC3)[CH-][CH+]2)[cH-][c+]1N.[H+].[H+].[H+],-1.7865080833435059
guided,CC(C)c1ccc(C(=O)NCc2cccs2)cc1,-7.586772441864014
guided,NS(=O)(=O)c1ccc(NNC(=O)c2ccccc2F)cc1,-0.3422354459762573
guided,COc1cccc(/C=N/C[C@@H](CCOc2ccc(Cl)cc2Cl)n2ccccc2=O)c1O,-3.1539480686187744
guided,CCCC1(C)C[C-]([CH+][N-]N[C+]([S-])N[c-]2[cH+][cH-][cH+][cH-][c+]2F)[C+]2CC[c+]3[cH-][cH+][cH-][cH+][c-]3[C-]2C1,-9.015745162963867
guided,COc1cc(OC)cc(C(=O)N/N=C(\C)CC(=O)NCc2cccs2)c1,-0.7137532830238342
guided,COc1cccc(S(=O)(=O)/N=C(/NC(C)=O)c2ccccc2)c1,-0.656200110912323
guided,COc1ccc(N([C@@H]2CC3=Cc4ccc(C)cc4NC3=[O+]O[C-]2O)S(C)(=O)=O)cc1OC,-0.7304385304450989
guided,N/C(=N\c1nc2ccccc2o1)c1cccs1,-2.316174030303955
guided,[CH2][C]1[C][C](N(C[CH2-])[C]([O])CN2[N+][N+][C]3[CH][CH][CH][CH][C]32)[CH][C](OC)[C]1N[C]([S])NCCOC,-0.49555736780166626
guided,O=C(O[C@@H]1CCCC[C@@H]1NS(=O)(=O)/C=C/c1ccccc1)C1CC1,-1.7141835689544678
guided,Nc1nc(C(=O)N2CCN(Cc3ccccc3)CC2)nn1S(=O)(=O)c1ccccc1,-0.2444506138563156
guided,O=[SH](=O)c1cccc([S@OH15](=O)(=O)Cc2ccccc2)c1,-1.622834324836731
guided,O=C(CCC(=O)C1CCCCC1)OCC(=O)N1CCN(C(=O)c2ccco2)CC1,-0.5560596585273743
guided,COc1ccc(C)cc1NC(=S)N[C@H](NC(=O)CF)C(Cl)(Cl)Cl,-2.668107032775879
guided,O=C(c1ccco1)N1CCN(c2ncnc3c2cnn3Cc2ccccc2Cl)CC1,-1.275644302368164
guided,[O-][C+]([CH+][CH+][c+]1[cH-][cH+][cH-][cH+][cH-]1)N[C-]([S-])[N-]CCCO,-1.5374205112457275
guided,CCOC(C[CH-]CCO)CN1CCN(CC)CC1,-5.63222074508667
guided,NS(=O)(=O)c1ccc(CCNC(=O)CCCNC(=O)c2[c-]cc(Oc3ccccc3)cc2)cc1.[H+],-0.7188209891319275
guided,Cc1cccc(-c2nnc(NC(=O)[C@@H]3CC(=O)N(c4ccc(OCc5ccccc5)cc4)C3)s2)c1,-2.6304876804351807
guided,Cc1nc(N2CCN(S(=O)(=O)c3ccccc3)CC2)c(C#N)c2c1COC(C)(C)C2,-0.8607370257377625
guided,Cc1cs/c(=N\C(=O)CC(C)C)n1Cc1ccc(F)cc1,-6.51444149017334
guided,Cc1ccc(NC(=O)c2ccccc2-c2cc3ccccc3oc2=O)c(C)c1,-4.653380870819092
guided,COc1cc(/C=C/C2=CCCCC2)ccc1O[C@H]1CCCC[C@@H]1C(=O)O,-5.039191246032715
guided,COc1cc([C@H](CC(=O)O)c2cc3ccccc3o2)cc(O)c1C(=O)O,-1.0015733242034912
guided,Cc1ccc(N2CCN(C(=O)CNS(=O)(=O)c3ccc(Cl)c(Cl)c3)CC2)cc1,-1.9054255485534668
guided,CCC(=O)N/C(=C/c1ccc2c(c1)OCO2)C(=O)NC[C@H]1CCCO1,-0.6405661702156067
guided,O=S1(=O)CCN(Cc2ccc3ccccc3n2)CC1,-3.3788399696350098
guided,Cc1nocc1-c1c(N2CCOCC2)nc2ccc([N+](=O)[O-])cc2c1Br,-1.231055498123169
guided,S=C(NCc1ccncc1)Nc1cc(Cl)ccc1OCc1ccccc1,-5.691824436187744
guided,CO[C-]1[CH+][C][C+](N[c-]2[c+](N([O-])[O-])[cH-][c+](N([O-])[O-])[c-]3[cH+][cH-][cH+][n-][c+]23)[C-](OC)[CH+]1,-0.5565550923347473
guided,CCCC[P@@](=O)(CC)[C@H](C)NC(=O)c1ccc2c(c1)OCO2,-2.8097827434539795
guided,O=C([C@@H]1CCCO1)N1CCN(c2ccc(Cl)cc2)CC1,-6.165145397186279
guided,CN(NCC(=O)Nc1ccc2ccccc2c1)c1ccccc1,-4.84079122543335
guided,CC(=O)Nc1ccc(NC(=O)[C@H](C)OC(=O)CN(C)S(=O)(=O)c2ccccc2)cc1,-0.3552370071411133
guided,C=C(O)[C@@H](O)[C-]1[C@@H](O)C#CC[C@@]1(O)/C=C(/O)C(C)(C)C.O=[OH+],-0.5471602082252502
guided,S=C(/N=C(\S)N1CCOCC1)NCc1ccncc1,-3.509291648864746
guided,O=S(=O)(/N=C(\NNS(=O)(=O)c1ccccc1)c1ccc(Br)cc1)c1ccc(Br)cc1,-1.2970585823059082
guided,O=[N+]([O-])c1ccc(N([O-])[O-])cc1C/[S+]=C1\N=c2ccccc2=[S+]1,-0.38481834530830383
guided,Cc1nc(Cl)c(C#N)c(-c2ccccc2)c1NC(=O)C(C)C,-2.995439052581787
guided,O=C(Cc1ccccc1[N+](=O)[O-])N1CCCCCC1,-2.328372001647949
guided,CC(C)N1CCN(Cc2[c-]c3nsnc3cc2)C[C@@H]1CCO.[H+],-3.2545266151428223
guided,O=C(OCCCC1CCCCC1)c1ccc(S(=O)(=O)N2CCOCC2)cc1,-1.9396085739135742
guided,Nc1ccc(C(=O)N(c2ccccc2)c2ccccc2)cc1,-5.21511173248291
guided,[CH2-][C+]1[CH-][C+](OC[c+]2[cH-][cH+][cH-][cH+][cH-]2)[CH+]N1[N-][CH-]NN,-1.988585352897644
guided,COc1ccc([C@@H]2C[C@@H](c3ccc(O)cc3)n3c(-c4ccc5c(c4)OCO5)cnc3N2)cc1,-2.993464946746826
guided,Cn1c([C@H]2CC(=O)N(C3CCCCC3)C2)nc2ccccc21,-5.707920074462891
guided,OC1(c2nnc(-c3ccccc3)o2)CCCC1,-2.7091760635375977
guided,CCOC(=O)c1cc2nc(-c3ccc(OC)c(OC)c3)cc(C(F)(F)F)n2n1,-1.8864699602127075
guided,CCn1c(-c2cccs2)nc2cc(S(=O)(=O)N3CCCCC3)ccc21,-3.8618009090423584
guided,CCOc1ccccc1OCCn1nnc2ccccc2c1=O,-1.8668241500854492
guided,CCOCCN(C(=S)Nc1ccc(P(=O)=[O+]CC)cc1)c1c(N)n(CC(C)C)c(=O)[nH]c1=O.Fc1c[c-]ccc1,-1.4029127359390259
guided,Cc1cccc2c(C(=O)Nn3cnnc3)cc(-c3ccccc3Cl)nc12,-2.186751365661621
guided,C[C@@H](CCc1ccccc1)NC(=O)C(=O)NCCCN1CCOCC1,-1.376891851425171
guided,O=C(NCc1ccc2c(c1)OCO2)C(=O)NC(c1ccccc1)c1ccccc1,-1.4152101278305054
guided,Cc1ccc(OCCN2CCCCC2)c(Cl)c1,-10.718850135803223
guided,Cc1ccc(-n2nc3c(c2NC(=O)c2cccc(S(=O)(=O)N(C)C)c2)CSC3)cc1,-1.3256081342697144
guided,O=S(=O)(N/N=C(\c1ccccn1)C1CC1)c1ccccc1,-1.4728713035583496
guided,O=C(c1ccccc1)c1ccc(OC[C@H](O)CNCCc2ccccc2)cc1,-3.18925142288208
guided,COc1cc([C@H]2[C@H](C(=O)O)c3ccccc3C(=O)N2C)cc(OC)c1OC,-0.8964992165565491
guided,COc1cc2cc(-c3ccc(S(=O)(=O)N4CCCCC4)cc3)[nH]c(=O)c2cc1OC,-1.1215896606445312
guided,O=C(CCCCCNC(=O)C(F)(F)F)Cc1ccccc1,-4.487381935119629
guided,Cc1cc(-c2ccc(F)cc2)nc(N2CCC(C(=O)NNC(=O)c3ccc(F)cc3)CC2)n1,-1.1718840599060059
guided,CC/[S+]=C1\N=c2cc(Oc3ccc(N([O-])[O-])cc3)ccc2=[S+]1,-1.627056360244751
guided,CCOc1ccccc1[C@H]1c2[nH]c3ccccc3c2C[CH-]N1C(=O)CN(C#[O+])C1CC1,-2.6274216175079346
guided,[N-2][C][CH+][C+]1[C+]([c-]2[cH+][cH-][cH+]s2)[N-][c+]2[cH-][cH+][cH-][cH+]n21,-5.6676506996154785
guided,CN(C)S(=O)(=O)c1cccc(C/[S+]=c2\nc3scc(-c4cccs4)c3c([O-])[nH]2)c1,-1.1392662525177002
guided,C[C@H](O)Cn1cc(C(=O)O)c(=O)c2ccccc21,-0.8320466876029968
guided,N#Cc1ccccc1OCC(=O)N1CC=C(c2ccccc2)CC1,-3.620082378387451
guided,COc1ccccc1C(=O)Nc1c(CN2CCOCC2)ccc2ccccc12,-4.295409679412842
guided,O=C(OCCN1C(=O)c2ccccc2C1=O)c1ccc2c(=O)n(-c3ccccc3)c(=S)[nH]c2c1,-1.0666710138320923
guided,COc1ccc(Cl)c(CN2C(=O)N[C@@H](Cc3ccc(OC(F)F)c(OC)c3)C2=O)c1,-1.7923030853271484
guided,CCO[C-]([O-])[C+]1[CH+][CH-][C+](OC[C-]2[CH+][CH-][CH+][C][C+]2[N-][N-][CH+][c+]2[cH-][cH+][cH-][cH+][cH-]2)[CH-][CH+]1.[H+],-2.3969733715057373
guided,CC(C)(O)CNC(=O)N1c2ccccc2C=Cc2cccnc21,-2.3673336505889893
guided,N#CN/C(=N/S(=O)(=O)c1ccc(Cl)cc1)c1ccccc1,-1.0060641765594482
guided,COc1ccc2nc(/C=N/NC(=O)CCCC(=O)O)ccc2c1,-0.3833544850349426
guided,O=[N+]([O-])c1ccc2ncnc(N3CCN(c4ncc(C(F)(F)F)cc4Cl)CC3)c2c1,-1.5501410961151123
guided,C=CCc1c(NCCO)nc(C)[nH]c1=O,-1.0704702138900757
guided,Cc1c(C(=O)N2CCOCC2)c(S(=O)(=O)Nc2ccc(OC(F)(F)F)cc2)c(C)n1C,-0.8352823257446289
guided,NS(=O)(=O)c1cccc(NC(=O)COC(=O)C2(c3ccccc3)CCCC2)c1,-0.4830538034439087
guided,CCS(=O)(=O)Nc1cccc(Cc2ccncc2)c1,-2.629314661026001
guided,O=C(c1ccccc1F)N1CCN(c2ncnc3c2[nH]c2ccc(Br)cc23)CC1,-2.882868766784668
guided,O[CH-]C(O)[C+]1OC(C(O)[CH-]C(O)CO)C(O)(CCO)O1.[H+].[H+],-0.5705956220626831
guided,S=C(NCc1ccccn1)Nc1cc(Cl)ccc1Cl,-6.352721691131592
guided,O=C1c2ccccc2[C@@H](Nc2cccc(C(F)(F)F)c2)N1Cc1ccco1,-6.05669641494751
guided,CCCCCN[C-]([O-])C[CH+][CH+][C][CH+][c-]1[cH+][cH-][c+](N(C)C)[cH-][cH+]1,-5.519433498382568
guided,COC(=O)NC1CCCCCC1,-5.385337829589844
guided,C=[NH+]CC[CH-]Oc1ccc(CC(=O)N(C)CC(=O)Nc2ccc(Cl)c(F)c2)cc1,-1.2822744846343994
guided,[O][C](N[C]([C](N[C]1[CH][CH][C](N([O-])[O-])[CH][CH]1)[C+]1[CH][CH][C](Br)[CH][CH]1)[N+]([O])[O-])[C]1[CH][CH][CH][CH][CH]1,-0.729685366153717
guided,CN(CC(=O)N1CCN(c2cccc(Cl)c2)CC1)S(=O)(=O)c1cnc[nH]1,-0.43840649724006653
guided,CC(=O)NC1=[S+]C2=C(CCC2)/C1=C(/[O-])NCc1ccco1,-0.9926612377166748
guided,CCOC(=O)c1ccccc1C(=O)Nc1ccc(C(F)(F)F)cc1,-4.005295753479004
guided,CSc1ncc(CN2CCN(Cc3ccc(C)cc3)[C@@H](CCO)C2)cn1,-3.4209072589874268
guided,NC(=O)/C=C/C1=CCN(CCC(N)=O)CC1,-0.5629779696464539
guided,COC(=O)c1cn(C(=O)c2ccc(OC)c(OC)c2)c2ccccc12,-2.150214433670044
guided,COc1ccc(N/C=C(\C#N)S(=O)(=O)c2cccc([N+](=O)[O-])c2)c(OC)c1,-0.6875513195991516
guided,Nc1nnn(Cc2ccccc2F)n1,-1.5688632726669312
guided,O=C(C[C@@H]1CCCCC1=O)c1ccccc1O,-3.3495659828186035
guided,O=C(Oc1ccc2c3c(c(=O)oc2c1)CCCC3)c1ccccc1,-3.655414342880249
guided,Cc1ccc([N+](=O)[O-])cc1NC(=O)c1ccc([N+](=O)[O-])o1,-0.6990988254547119
guided,NS(=O)(=O)c1ccc(NC(=S)NCCc2c[nH]c3ccccc23)cc1,-0.525740385055542
guided,CCC(C)(C)n1nnnc1[C@H](c1ccncc1)N1CCC(Cc2ccccc2)CC1,-3.621821403503418
guided,Cc1ccccc1OCC(=O)NNC(=O)[C@H](C)/N=N/[C-](C)n1c(C#[O+])nc2ccccc21,-0.5132079124450684
guided,N#C[C@H](c1nc2cc(Cl)ccc2cc1-c1ccc(Br)cc1)N1CCOCC1,-5.705499649047852
guided,CCCN[C][N-][C+]1[CH+][C-](C)[C+](C)[N-][C+]1SC[C-]([O-])N[C+]1[N-][CH+][CH+]S1,-1.2646886110305786
guided,CN(CC(=O)N1CCCC1)S(C)(=O)=O,-2.7331666946411133
guided,CCCCCCNc1nc(NC(C)C)nc(Oc2ccc(=O)[nH]n2)n1,-0.6736409664154053
guided,CCNC(C)(C)C(=O)O,-3.826335906982422
guided,[O-][C-](CC[C+]1[CH+][CH-][CH+][C-](OC[CH-]O)[CH+]1)NCC(O)C(O)C1OCC(O)C1O,-0.542168140411377
guided,CCNc1oc(-c2ccccc2)nc1C#N,-2.458901882171631
guided,O=C(NC(=S)Nc1ccc2ccccc2n1)NC1(C(F)(F)F)Oc2ccccc2O1,-1.621889352798462
guided,O=C(O)c1c(CO)ccc(O)c1O,-0.5608372092247009
guided,CCCC[C-](O)OC1([C+]([O-])CO)C(C)CC2C3CC[C+]4[CH-][C+]([O-])[CH+][CH-]C4(C)C3(F)C(O)CC21C,-0.8242486119270325
guided,CONc1nc2ccc([C@@H](C)c3ccc([N+](=O)[O-])cc3)cc2s1,-2.3287105560302734
guided,CO[C]([O])[C][CH][O+]C(C)CCN1[C]([O])[C]2[CH][CH][CH][CH][C]2[C]1[O],-0.8927202820777893
guided,COCCCNC(=O)[C@@H]1CCCN(S(=O)(=O)c2ccc(F)cc2)C1,-1.1073439121246338
guided,O=C(OC[C@H](O)CO)/C(=C/c1ccc(-c2cccc(C(F)(F)F)c2)o1)NC(=O)c1ccccc1,-1.1254116296768188
guided,CNC(=S)N1CCN(c2nc3ccccc3s2)CC1,-6.277675628662109
guided,CCNC(=O)C/[S+]=c1\nc([O-])cc(C)n1C,-1.5050324201583862
guided,Cn1c(=O)c2c(n(N)c1=O)C(=[S@@](=O)([O-])c1ccccc1)C=[S+]2,-0.31837472319602966
guided,COCn1c([C@@H](O)c2ccccc2)cc2ccccc21,-6.324071884155273
guided,CN1CCN(Cc2nc3ccccc3n2CC2CCCCC2)CC1,-8.1707181930542
guided,CC(C)(C)c1ccc(S(=O)(=O)N=[S@@](C)(=O)c2cccnc2O)cc1,-0.766536295413971
guided,COC[C@H]1Cc2c(sc3ncnc(N4CCCC4)c23)CO1,-4.018097400665283
guided,CC[C@H](C)NCCCOCCOCCOC/C=C/c1cccs1,-5.754030704498291
guided,COc1cc(SC)ccc1C(=O)OCC(=O)Nc1cccc2ccccc12,-3.1718318462371826
guided,FC(F)Oc1ccc(CCc2nc(-c3ccncc3)no2)cc1,-2.9735591411590576
guided,N[c-]1[cH+][c-]2[c+]([c+](-[c+]3[cH-][cH+][cH-]s3)[cH-]1)N(O)[N-]N2[c+]1[cH-][cH+][cH-][c+]2[cH-][cH+][cH-][cH+][c-]12,-4.3722333908081055
guided,NC(=O)c1c(CN2CCC(CNC(=O)c3ccco3)CC2)[nH]c2ccccc12,-0.532433271408081
guided,CN(C[C@H]1CC=C(Sc2ccccc2)CC1)C1CCCCC1,-14.813955307006836
guided,O=C(CSCc1ccc(Cl)cc1)NNC(=O)c1cccnc1,-1.5946803092956543
guided,COCc1cnc(C(F)(F)F)nc1Nc1cc(OC)ccc1OC,-2.473445177078247
guided,Clc1cnccc1N/N=C/C=C/c1ccccc1,-6.245181560516357
guided,COCCn1c(-c2ccccc2C)nc2ccccc21,-7.792733192443848
guided,COCCNC(=O)Cn1ccc2cccnc21,-2.6902506351470947
guided,CC(C)COc1cc2c(c(Cl)c1Cl)C(=O)N(c1ccc(OC(=O)c3cccc([N+](=O)[O-])c3)cn1)C2,-3.0364181995391846
guided,CC1=C([O-])N(CCC/N=[CH+]/c2ccc(F)cc2)c2cc3cc(C)cc(C)c3nc2[C]1,-4.587051868438721
guided,C[C@@H]1C[C@H](C)CN(CCCNc2ccc(C(F)(F)F)cc2NC(=O)[C@H]2CCCO2)C1,-4.644664287567139
guided,S=C(NCc1ccccc1)N1CCN(c2ccc(C3=N[C-]=NC4=[S+]CCN34)s2)CC1,-4.0358991622924805
guided,[H+].[N-2][C]C([C+]([O-])[CH+][CH-][c+]1[cH-][cH+][cH-]s1)[C+]1[CH-][CH+][CH+][CH+][N-]1,-2.8253800868988037
guided,Cn1c(=O)c2ccccc2n(CC(=O)Nc2ccccc2F)c1=O,-1.1422864198684692
guided,O=C(CN(Cc1cccc(Cl)c1)S(=O)(=O)c1ccc2ccccc2c1)c1ccccc1,-5.496363162994385
guided,CC(C)CC[C@@H](c1ccc(OC(C)C)cc1)c1nc2[s+]c3c(c-2c([O-])n1-c1ccccc1)CCCC3,-8.852039337158203
guided,NC(=O)N/N=C/c1cccc(OCc2ccccc2)c1,-1.1834614276885986
guided,CCC[C@H](O)CN(C)C1CCN([C@H](C)COc2ccccc2)CC1,-5.9580769538879395
guided,CNCc1ccccc1OCc1cccs1,-8.576900482177734
guided,CN(CCC#N)Cc1ccc(Cl)c(Cl)c1,-7.7567458152771
guided,S=C(Nc1cccs1)N1CCCC1,-9.713674545288086
guided,COC(OC)[C@@](C)(/C=C/C(=O)C(C)(C)C)OC,-4.441697597503662
guided,Cc1ccc(Cl)cc1N1CCN(S(=O)(=O)c2ccc(-n3cnnn3)cc2)CC1,-0.7613871097564697
guided,O=[N+]1C=CC=C/C1=C\O.[O-]P(c1ccccc1)c1ccccc1,-2.33388090133667
guided,CN1C=C(NC(=O)/C=C/c2ccc(-c3cccc(C(=O)O)c3)o2)C=C/C1=C\C(=O)NN,-0.3835434019565582
guided,C[C@@H](CCC(=O)Nc1ccccc1C(=O)O)C(=O)O,-0.429556280374527
guided,CO[c-]1[cH+][cH-][cH+][c-]2s[c+](N3CCN(C[C-]([O-])N[C+]4[CH+][CH-][C+](OC(C)C)[CH-][CH+]4)CC3)[n-][c+]12.[H+],-1.2577770948410034
guided,O=C(COc1ccc(S(=O)(=O)N2CCOCC2)cc1[N+](=O)[O-])N1CCc2ccccc2C1,-0.340842068195343
guided,CN(C(=O)[C@H]1CCOC1)c1nnc([C@H]2CCOC2)s1,-1.9859882593154907
guided,C=C([O-])OC.CC[C@H](Sc1ncn[nH]1)C(=O)Nc1ccc(C#[O+])cc1,-0.30980589985847473
guided,NS(=O)(=O)c1ccc(CNC(=O)c2ccc(Cl)cc2)cc1,-0.5959609150886536
guided,CC(/C=C/c1ccccc1)=N\NC(=O)c1c(Br)c(C)nn1C,-3.0499069690704346
guided,Cc1ccc(CN2CCN(C(=O)Cc3ccccc3)CC2)cc1,-8.031996726989746
guided,NC(=O)C1=C(N)/C(=C(\[O-])N(CCCN2CCOCC2)[C@H](C(=O)NC2CCCCC2)c2ccc(Cl)cc2)[S+]=N1,-0.3887474536895752
guided,CC(C)(O)C(=O)Nc1nccs1,-2.1828083992004395
guided,COc1ccc(-c2cc(C3CCN(C)CC3)nc(-c3ccccc3C#Cc3ccccc3)n2)cc1OC,-6.8194475173950195
guided,COc1cc2nc(Cl)nc(N3CCOCC3)c2cc1OC,-2.793012857437134
guided,COC(CNC(=O)c1ccc2nc(-c3ccco3)c(-c3ccccc3)nc2c1)OC,-1.487127661705017
guided,CN(C1CCCCC1)[SH+3]([O-])([O-])[C-]1[CH-][CH+][CH-][c+]2[cH+][n-]n(-[c+]3[cH-][cH+][cH-][cH+][n-]3)[c-]21,-0.8511310815811157
guided,[O-][C-](NN[C+]1[CH-]C23CC([C][CH+][CH-][CH+][C][CH+][CH-][CH+][C-]2O3)C1)[C+]1[CH+][CH+][N-][CH-][CH+]1,-1.4948190450668335
guided,CNS([O-])([O-])[C][CH+][C]([CH][C-][C]([O])NC(C)C)S([O])([O])N1CCN(C)CC1.[H+],-0.4545191824436188
guided,CCO[C-]([O-])[C+]1[C+](C)N[C-](C)[C+]([C-]([O-])OCCN[C+]([O-])[C+]2[CH+][CH-][CH+][N-][CH+]2)C1[C-]1[CH+][c-]2[cH+][c-](C)[cH+][c-](SCC)[c+]2[N-]S1,-1.0706130266189575
guided,Cc1ccc2c(CC(=O)OCC(=O)Nc3ccc(Cl)cn3)coc2c1,-1.4694061279296875
guided,CCOc1cccc(/C=N/NC(=O)c2cc(-c3ccccc3)nc3ccccc23)c1O,-2.326573133468628
guided,CN1CCN([C-]2CN3[C+]([O-])C34C[c-]3[cH+][cH-][cH+][cH-][c+]3C4[S+]([C-]3[N-][CH+][CH+][C-]([O-])N3)O2)CC1.[H+],-0.4677399694919586
guided,O=C(CNc1ccc2ccccc2c1)N/N=C/c1c(O)ccc2ccccc12,-2.468331813812256
guided,C/C(CC(=O)Nc1ccc(OC(F)F)cc1)=N/OC(=O)c1ccc(F)cc1,-2.0673367977142334
guided,Nc1ccc(-c2nc3ccc(Cl)cc3[nH]2)cc1Oc1ccccc1,-4.163893699645996
guided,Cc1ccc(C)c(C(=O)CSc2nnc(C)n2-c2ccccc2)c1,-4.939338207244873
guided,CO[C][CH-][C+]1[C-](N2CCN(C)CC2)[C+]2C3C24N([C-]1CCOC)C34N([O-])[O-],-1.1028876304626465
guided,CC(=S)c1cn(C)nc1Nc1nc2cc([N+](=O)[O-])ccc2[nH]1,-0.6859205365180969
guided,FC(F)O[C@@H]1CCCC[C@H]1OC(F)(F)F,-9.441262245178223
guided,COc1ccc(/C=N/NC(=S)Nc2cc(C)nn2-c2ccccc2)c(OC)c1OC,-1.4562005996704102
guided,COc1ccc(CC(=O)N[C@H]2CC[C@@H](C)CC2)cc1O,-2.813917875289917
guided,O=C(NS(=O)(=O)c1ccc(C(=O)OCn2nnc3ccccc3c2=O)cc1)c1ccccc1,-0.33041912317276
guided,CCOc1cc(C(=O)NC[C@@H]2CCCO2)cc(OCC)c1OCC,-2.208922863006592
guided,CN(Cc1ccccc1)Cc1nc2c([nH]1)c(=O)n(C)c(=O)n2C,-1.0118919610977173
guided,Cc1cc(C)c2cc(CN(CC(=O)Nc3ccc(C(N)=O)cc3C(F)(F)F)Cc3ccco3)c(=O)[nH]c2c1,-1.7616584300994873
guided,CCC(=O)N[C@H](CC(=O)c1ccc(F)cc1)c1ccc(OC(C)C)cc1,-4.260768890380859
guided,Cc1c(C(=O)N2CCCCC2)c2c(c(=O)n(C)c(=S)n2C)n1Cc1cc[c-]nc1.[H+],-2.179088592529297
guided,C[C@@H]1CN(S(=O)(=O)c2cccc(C(=O)NN3CCN(C)CC3)c2)C[C@@H](C)O1,-0.7218834161758423
guided,O=C[C@H](O)[C@@H](O)[C@H](O)CO,-0.6637919545173645
guided,Cc1ccc(NC(=O)c2ccc(-c3ccc(NC(=O)Cc4ccccc4)cc3)cc2)cn1,-3.8284835815429688
guided,CCOc1ncnc2c1sc1nc(C)cc(C)c12,-4.3733062744140625
guided,NC(=O)c1ccccc1NC(=O)CCN1C(=O)[C@H]2CC=CC[C@H]2C1=O,-0.3172699213027954
guided,Cc1cc(C)n2nc(C(=O)N3CCC[C@@H](Nc4cccc(F)c4)C3)cc2n1,-2.6535863876342773
guided,O=C(c1sc2ccccc2c1Cl)N(Cc1ccccc1Cl)[C@H]1CCS(=O)(=O)C1,-4.8860578536987305
guided,CC1[CH+][C-]([O-])C(C)CN([C+]([O-])C[c+]2[cH-][cH+][c-](Br)[cH+][cH-]2)C1,-3.6040213108062744
guided,O=S(=O)(NCc1ccccn1)c1ccc(F)cc1,-2.46767520904541
guided,COc1cc(C(=O)Nc2nc3ccccc3[nH]2)nc(OC)n1,-0.3067909777164459
guided,CC/C=[C-]/[N@H+](CCC)c1ncnc2nc[nH]c12,-2.5594570636749268
guided,Cc1cccc(N(Cc2ccccc2)C(=O)c2ccco2)c1C,-7.5605902671813965
guided,[CH2-]C#N.[S+]#P(c1ccccc1)c1ccccc1,-8.060056686401367
guided,COc1cc(OC(=O)N2CCOCC2)c2c(c1)c(C)nn2C,-1.808702826499939
guided,CNC(=O)c1sc(Nc2ccc(N3CCC(C)CC3)cc2OC)nc1C,-2.604138135910034
guided,[O-][S+2]([O-])(OCCO[C-](O)CO)[c+]1[cH-][cH+][c-](Br)[cH+][cH-]1,-0.4326442778110504
guided,CN(C)c1ccc(NC(=O)C/[S+]=c2\nc3cc(Cl)ccc3c([O-])[nH]2)cc1,-0.8612485527992249
guided,O=C(OCC(=O)[C-]1C=CN2CCCCC=C12)c1ccccc1Nc1cccc2ccccc12.[H+],-5.3603386878967285
guided,CC(=O)Nc1ccc2oc(-c3cc(F)c(F)cc3Cl)nc2c1,-4.2032470703125
guided,CCN(CC)C(=O)c1cnn2c1N[C@H](c1ccc(OC)cc1)C[C@H]2C(F)(F)F,-3.522341728210449
guided,COc1cc(OC)c([C@@H]2C(C(C)=O)=C(O)C(=O)N2CCN(C)C)cc1OC,-0.4957078993320465
guided,O=S(=O)(/C=C/c1ccccc1)NCCOc1ccccc1,-3.1013784408569336
guided,COc1cccc(-c2ccc(SCC(=O)N3CCOCC3)nn2)c1,-1.9859631061553955
guided,CN(CC(=O)NCCCN1CCCCC1)S(=O)(=O)c1cnc[nH]1,-0.3851484954357147
guided,CCCC(=O)Nc1ccccc1NC(=O)c1ccc(OC)cc1,-2.4648451805114746
guided,COC(=O)c1ccc(NC(=O)[C@H](C(=O)c2c[nH]c3cc4ccccc4cc23)N(C)C)cc1,-1.3209238052368164
guided,N#CC/[S+]=c1\nc2sc(-c3ccccc3Cl)cc2c([O-])n1N,-0.6267343759536743
guided,C[C@]1(CCc2ccccc2)C[C@H](Nc2ccc3c(c2)C(=O)CCO3)CCN1,-4.63670539855957
guided,COc1ccccc1C(=O)NC1CCN(Cc2ccc(F)cc2)CC1,-5.138627052307129
guided,COc1ccc([C@@H](NC(=O)c2ccc(=O)[nH]c2)C(=O)Nc2cccc(C(C)=O)c2)cc1,-0.6052844524383545
guided,COCC(=O)Nc1ccc(N2CCCCC2)cc1,-4.75939416885376
guided,O=C(CSc1nccn1Cc1ccc(F)cc1)N1CCCC1,-5.48909330368042
guided,O=[N+]([O-])c1ccc(NC[C@@H](O)CO)cc1,-0.472789466381073
guided,Cc1ccnc(NS(=O)(=O)c2ccc(NC(=O)c3sc4cc(F)ccc4c3Cl)cc2)n1,-2.086760997772217
guided,Cn1cnnc1SCC(=O)c1ccc(Br)s1,-4.116825580596924
guided,C[C@H]1CCCN(C(=S)NC2CC2)C1,-9.581252098083496
guided,CNc1ccccc1/N=C\c1ccccc1O,-4.7595109939575195
guided,N[S+2]([O-])([O-])[c-]1[cH+][cH-][c+](C([c-]2[n-][n-][n-]n2CC[c+]2[cH+][cH+][cH+][cH-][cH+]2)N2CCN([C-]([O-])[C+]3[CH+][C-]([O-])[CH+][CH+][CH-]3)CC2)[cH-][cH+]1,-0.28504031896591187
guided,Nn1c(SCCOc2ccc(F)cc2)nnc1-c1cccnc1,-1.0752900838851929
guided,O=C(OCCOCCOc1cccc2ccccc12)c1ccccc1O,-2.776099443435669
guided,Nc1nonc1-n1nnc(C(=O)N/N=C/c2ccc(C(=O)O)cc2)c1C1CCCCC1,-0.3987261950969696
guided,CCCN(CCC)CCCNC(=O)CNC(=O)C(=O)N1CCC2(CC1)OCCO2,-0.4732779860496521
guided,[CH2][C]1[CH+][CH][CH][CH][C]1CC[CH][CH][C]N[C]([O])[C]1[CH][CH][C]([N+]([O])[O-])[C](C)[CH]1,-1.4414714574813843
guided,COCCCN1C(=O)c2ccc(/C=C/c3ccccc3)cc2C1=O,-4.616146087646484
guided,C=CCOc1ccc([C@H]2CCCN(c3ccccc3)C2)cc1,-11.48250961303711
guided,CCOC(=O)[C@H]1CCCN(S(=O)(=O)c2cnc(Cl)c(Br)c2)C1,-1.3382420539855957
guided,O=C(/C=C/c1cccc([N+](=O)[O-])c1)NCNOCc1cccc2ccccc12,-1.143871545791626
guided,CO[C]1[CH][CH][C]2[CH][CH][CH][CH][C]2[C]1S([O])([O])N1[CH][N][C](O[C+]2[CH][CH][CH][CH][CH]2)[C]1N([O-])[O-],-0.8050585985183716
guided,C[C-]([O-])[C+]1[C+]([O-])[N-]C2([c+]3[cH-][cH+][c-]4[c+]([cH-]3)OCCC(C)(C)O4)[O+]3[OH+]C132.[H+],-0.4179321229457855
guided,COc1c/c(=C/c2ccccc2)cc/c1=C\C(=O)NC1=[S+]C2=CC(=[S@@](C)(=O)[O-])C=CC2=N1,-0.37274667620658875
guided,FC(F)(F)c1cccc(NC[C@H]2CCCO2)c1,-8.810991287231445
guided,Cc1ccc(O)c(-c2cc(C(F)(F)C(F)F)nc(-c3ccccc3)n2)c1,-6.121855735778809
guided,O=C(CN(c1ccccc1)S(=O)(=O)c1ccccc1)N1CCCCCC1,-3.187868118286133
guided,C[c-]1[cH+][cH-][cH+][c-]2[c+]1OC13[C-]([CH+]2)N([C+]2[N-][C+]4[CH+][CH-][CH+][CH-][C+]4S2)[N-]C12N([CH-]N1CCN(C)CC1)[O+]32,-3.6831982135772705
guided,CCc1nc2ccccc2n1CC(=O)NC1CC1,-3.919058084487915
guided,CCSc1nc(NCCC(=O)O)c2ccccc2n1,-1.392701506614685
guided,Cc1cccc(N2CCN(C(=O)CCC(=O)Nc3nnc(CCc4ccccc4)s3)C[C@H]2C)c1,-2.022850751876831
guided,COc1ccc(/C=C2/C(=O)Oc3cc(O)ccc32)c(C)c1C,-3.5139291286468506
guided,O=C(C1=C(O)C(=O)N(CCc2ccccc2)[C@@H]1c1cccnc1)c1ccco1,-1.3635722398757935
guided,C/C(=N\NC(=O)C1CCCC1)c1cccc2ccccc12,-5.594843864440918
guided,CCN(CC)S(=O)(=O)c1cccc(C(=O)N/N=C/c2ccccn2)c1,-0.4528929889202118
guided,CCN(c1ccccc1)c1nc(CCNC(=O)CCNC(C)=O)cs1,-1.3645234107971191
guided,CC(=O)N1CCc2cc(S(=O)(=O)NCC(=O)Nc3c(C)n(C)n(-c4ccccc4)c3=O)ccc21,-0.25506895780563354
guided,O=c1c2ccccc2ccn1[P@](=O)(Nc1ccccc1)N1CCOCC1,-2.6140408515930176
guided,CC(C)=CCN(Cc1cc(=O)oc2cc(O)ccc12)c1ccccc1,-4.428536415100098
guided,Nn1c(COc2ccccc2)nnc1SC(F)F,-1.902816653251648
guided,O=C(OCc1cccs1)c1cc2ccccc2oc1=O,-3.215454578399658
guided,CCN(CCSC[C-]([O-])NC)[C-]([O-])CS[C][N-][c+]1[cH+][c+](O)[cH+][c-]2[cH+][cH-][cH+][cH-][c+]12,-0.49029281735420227
guided,C[C@@H](NCCc1ccccc1)[C@H](NC(=O)/C=N/O)C(=O)O,-0.3465735912322998
guided,FC(F)COc1ccc2ccccc2n1,-8.328750610351562
guided,O=C(CSc1nc(N2CCCCC2)nc(N2CCOCC2)n1)Nc1cccc2ccccc12,-1.3903789520263672
guided,Cn1c(=O)[nH]c(=O)c2c1nc1n2CCCN1CCc1ccccc1,-1.0031375885009766
guided,NNC(=O)c1ccccc1Br,-2.9618518352508545
guided,Cc1ccc(N(C)S(=O)(=O)N(C)CC(=O)Nc2ccc(F)c(F)c2)cc1C,-1.8498932123184204
guided,O=C(O)C(=O)c1cnc(N2CCOCC2)nc1-c1cccs1,-0.3938966691493988
guided,C[C@@H](CO)OCCOCC/[O+]=C/CCC[CH-]CCN1C(=O)N=C(CCc2ccc3c4c(cccc24)C(N)=N3)C1=O,-1.1028779745101929
guided,CC(=O)c1ccc(N2CCN(CC(=O)NCc3ccco3)CC2)cc1,-1.795344591140747
guided,O=C(Cc1ccccc1)NCc1cc(-c2ccc(F)cc2)[nH]n1,-3.068108558654785
guided,NC(=S)Nc1ccccc1C(=O)c1ccccc1Oc1ccccc1,-3.29695987701416
guided,CCCC[N-][c+]1[cH-][c+]2[nH][c-]3[cH+][cH-][cH+][cH-][c+]3[c-]2[cH+][cH-][c+]1N([O-])[O-].[H+],-3.160247564315796
guided,C[C@@H](NC(N)=O)C(=O)N1CCOCC1,-0.7723928093910217
guided,NNC(=O)c1ccc(N2C(=O)c3ccc(O)cc3C2=O)cc1,-0.3411582112312317
guided,CC[C@@H](C)N/N=C(\[O-])c1sc(=S)n2c1[nH]c(=O)c1ccc(C(=O)NC)cc12.[H+],-0.3511402904987335
guided,NS(=O)(=O)c1ccc(NC(=O)CSc2nc3ccccc3nc2N2CCOCC2)cc1,-0.30976593494415283
guided,Cc1ccc(-n2nnnc2OCC(=O)NC2CCCC2)cc1,-0.7650054097175598
guided,COc1ccccc1C(=O)C[C@@H](c1ccc(Cl)cc1)[C@@H](O)C(Cl)(Cl)Cl,-6.328333377838135
guided,CCCCOc1c(C)cc(OCC)c(OCC)c1C(=O)CC,-5.7752156257629395
guided,CC1(C)C(c2ccccc2)=N[C@H](c2ccccc2)N1O,-6.364040374755859
guided,COc1ccc(N/N=C/c2cccn2Cc2ccccc2)cc1,-6.106191635131836
guided,O[C@@](CCN1CCOCC1)(c1ccc(F)cc1)c1ccc(Cl)cc1,-6.719136714935303
guided,[O-]n1[o+]nc2c1-c1ccccc1C[C@@H]2N1CCOCC1,-1.9101614952087402
guided,O=C(Cc1ccc(Cl)cc1)NNCC(=O)Nc1ccc(Cl)cn1,-0.8608327507972717
guided,O=S(=O)(c1cnccc1N1CCN(CCO)CC1)N1CCCCC1,-0.9678983092308044
guided,COc1ccc(C)c(NC(=O)COC(=O)[C@@H](Cc2c[nH]c3ccccc23)NC(C)=O)c1,-0.5843580961227417
guided,CO/N=C(/C)CNc1ccc(Cl)cc1[N+](=O)[O-],-1.4558343887329102
guided,Cc1ccc(Sc2nc3ccccc3cc2/C=N/CC(=O)O)cc1,-3.2926008701324463
guided,COc1cc(C)[nH]c(=O)c1C(=O)N[C@H](c1ccccc1)C(C)C,-1.7272019386291504
guided,COc1ccc2c(C)cc(NC(=O)c3cccs3)nc2c1,-4.2278971672058105
guided,[CH2+]CCCCN[C+]([CH+][C][N-2])[C-](N)[O-],-0.8780693411827087
guided,CCOCCNC(=S)Nc1ccc(OCCCc2cccs2)cc1,-5.606736660003662
guided,C[CH-]SC[c+]1[cH-][cH+][n-][c+](C)[c-]1[C+](N)[O-],-2.105790853500366
guided,O=C(N/N=C\c1coc2ccc(Cl)cc2c1=O)c1ccco1,-0.9709840416908264
guided,COCCN1[N][C](N([O-])[O-])[N][C]1O[C+]1[CH][CH][CH][CH][C]1F,-0.5120695233345032
guided,O=C(OCC(=O)N1CCc2ccccc21)c1ccccc1O,-1.840546727180481
guided,CCCCC1=Nc2ccc(S(=O)(=O)N3C[C@@H](C)O[C@@H](C)C3)cc2/C(=C(\[O-])NC[C+]2=CC=CC=C2)[C]1,-1.2572216987609863
guided,C[c-]1[cH+][cH-][c+]([C-]([O-])N2CCS[C+]2N2CCN(C)CC2)[cH-][c+]1Br,-6.063039302825928
guided,C[C]1[CH][CH][C](O[C]2[CH][C]([C+]([O])[C]([C][N])[CH]N(C)C)[CH][CH][C]2N([O-])[O-])[CH][CH]1,-0.569701075553894
guided,CN(Cc1ccccc1OCc1ccccc1)C[C@@H]1COCCO1,-6.777809143066406
guided,O=C1[C@@H](CSCc2cccc(Cl)c2)NC(=S)N1c1cccc(O)c1,-3.949974298477173
guided,CCOC(=O)[C@H]1c2ccccc2C(=O)N1c1cc(C)cc(C)c1,-4.674552917480469
guided,NC(=O)[C@@H]1Cc2ccccc2CN1C(=O)Nc1ccccc1C(=O)O,-0.366032212972641
guided,COCCC(=O)N1CCC[C@H]([C@H](C)NC(=O)CN2C(=O)NC3(CCCC3)C2=O)C1,-0.5011196136474609
guided,N#CC1=C(c2ccc(F)c(F)c2)/C(=[S+]/C[C-]([O-])Nc2nc[cH-][s+]2)[N+]2=C=C1C/[O+]=[C-]/CC[CH-]CC2.[H+],-0.9329205751419067
guided,COc1ccc(N(CC(=O)Nc2ccccc2Cc2ccccc2)S(=O)(=O)c2ccc(NC(=O)C(C)C)cc2)cc1,-3.0284717082977295
guided,Cn1c(=O)cc(SCC(=O)NCCCOc2ccccc2)c2ccccc21,-2.7817864418029785
guided,Cc1ccc(S(=O)(=O)N(C)C)cc1NC(=O)COC(=O)CSc1ccc(Br)cc1,-0.9787037372589111
guided,OCC1(Cc2ccc(Cl)cc2)CCN(C2CCCC2)CC1,-8.771308898925781
guided,CC(=O)N1c2ccc(S(=O)(=O)NCCC(=O)Nc3ccc(OC(C)C)cc3)cc2C[C@@H]1C,-0.8179327249526978
guided,O=C(COC(=O)[C@H](c1ccccc1F)C1CCCC1)NCc1cccs1,-3.8906874656677246
guided,CC(=O)/C(=N/Nc1cccc(Cl)c1)Sc1nnc(-c2cccs2)n1-c1ccccc1,-4.0562424659729
guided,CNS(=O)(=O)c1ccc(Cl)c(C(=O)OCC(=O)Nc2cc(S(=O)(=O)N3CCCCC3)ccc2C)c1,-0.5980377197265625
guided,[H]/[O+]=[C-]\[C@@H](O)[C@H](O)COc1ccc(O)c(O)c1O,-0.430691659450531
guided,CCC(O)(CC)[C]([O])[N-]N[C]1[CH][CH][CH][C]2[CH][CH][CH][CH][C]21.[CH][C]([OH+])[C]([O])[CH][CH][C-][O].[H+].[H+],-1.2076659202575684
guided,N#C[C@H](c1ccc(O)cc1)N1CCOCC1,-2.7482333183288574
guided,CCOC(=O)c1sc2nc(N3CCOCC3)c3c(c2c1N)CC(C)(C)N(C)C3,-1.1107299327850342
guided,COCCc1ccc(S(=O)(=O)N(CC(N)=O)Cc2ccc(F)cc2)cc1,-0.4848301410675049
guided,Nn1c(-c2ccccc2F)cnc1-c1ccncc1,-2.8878018856048584
guided,C[C@@H](CN1CCN(C)CC1)OC(=O)c1ccc(Cl)cc1,-6.162686824798584
guided,Cc1cccc(C)c1OCc1cc(C(=O)N2CCc3ccccc3C2)no1,-3.897841215133667
guided,COc1ccc([N+](=O)[O-])cc1S(=O)(=O)N[C@@H](Cc1ccccc1)C(=O)NCCN1CCOCC1,-0.24629192054271698
guided,O=C(OC(CCl)CCl)c1ncccn1,-3.3123347759246826
guided,CC(=O)c1cnc2ncnn2c1-c1c[nH]c2ccccc12,-1.2864190340042114
guided,O=C(Nc1nnc(-c2ccccc2Cl)s1)c1cccc(C(F)(F)F)c1,-4.974502086639404
guided,CC/[O+]=[C-]/C(C)=C(/C#N)C(=S)/N=C/C=C(C)C,-4.393321990966797
guided,CCCn1c(SCC(=O)Nc2cc(C(C)(C)C)nn2-c2ccc(C)cc2)nnc1-c1ccco1,-2.837068796157837
guided,C[C@H](NS(=O)(=O)c1ccccc1)C(N)=O,-0.5034726858139038
guided,CCN1CCC2=C(C1)[S+]=C(N)/C2=C(\[O-])OC,-2.30271315574646
guided,CC(=O)Nc1ccc(S(=O)(=O)Nc2nc3ccccc3nc2N2C=CC=CC2)cc1,-0.8576221466064453
guided,COc1ccccc1N(C[C@@H](O)Cn1c(=O)sc2ccccc21)S(=O)(=O)c1ccc(C)cc1,-1.2450828552246094
guided,CN1C(=O)/C(=N/c2ccccn2)SC1=S,-4.1264214515686035
guided,CCOc1ccccc1[C@@H]1CC(=O)Nc2cc(OC)c(OC)cc21,-3.382605791091919
guided,Cn1c2ccccc2c2nnc(SCC(=O)N3CCOCC3)nc21,-1.1755865812301636
guided,Nn1cc(CCC(=O)O)nc1-c1cccnc1,-0.40725934505462646
guided,O=C(Nc1ccn(CC(=O)N2CCCC2)n1)[C@H]1COc2ccccc2O1,-0.5234569907188416
guided,CCS(=O)(=O)N(CC(=O)O)c1cccc2ccccc12,-1.2460379600524902
guided,CO[c-]1[cH+][cH-][cH+][c-]([N-][CH+][c-]2[cH+][c-](O)[c+]3[cH-][cH+][cH-][cH+][c-]32)[cH+]1,-5.778407096862793
guided,CCCCSC(=S)N(C)[C@@H]1CCS(=O)(=O)C1,-5.496088981628418
guided,CCCCC(=O)Nc1ccc(OC)c(OC)c1,-4.13978910446167
guided,COc1ccc(S(=O)(=O)Nc2cccc([N+](=O)[O-])c2)cc1OC,-0.5166341662406921
guided,CC(=O)c1ccc(N2CCN(C(=O)c3cccc(N4C(=O)[C@@H]5[C@H](C4=O)[C@H]4C=C[C@@H]5C4)c3)CC2)cc1,-1.5026897192001343
guided,Cc1ccccc1CNC(=O)CCC(=O)Nc1nnc(C(F)(F)F)s1,-1.096924066543579
guided,[N-2][C][C+]([C][N-2])[C+]([O-])N[C+]([O-])CCCN1[C+]([O-])CN[C+]1[O-],-0.4731007516384125
guided,NC(=O)COc1ccc(CN2C(=O)/C(=C\c3ccc(-c4ccccc4)cc3)Oc3ccccc32)cc1,-2.86749005317688
guided,Cc1ccc2c(COc3ccccc3)cc(=O)oc2c1,-5.748897075653076
guided,CCN1CCC(C(=O)NCc2cccs2)CC1,-6.213287830352783
guided,C=[P@]([O-])(O)c1ccccc1.[CH-]1CCCCC1.[H+].[O+]#P,-2.5233848094940186
guided,NS([O])([O])[C]1[CH][N][C](S[C+]2[N][CH][C](C(F)(F)F)[CH][C]2Cl)[C](N([O-])[O-])[CH]1,-0.7799816131591797
guided,N/C(=N\c1ccccc1)NC(=O)c1cc2cc(Br)ccc2[nH]1,-1.3287975788116455
guided,COCC([CH-][C+]([O-])N[c+]1[c-](F)[cH+][cH-][cH+][c-]1F)(CC[c-]1[cH+][cH-][cH+][cH-][cH+]1)[C-]([O-])NC[C+]1[CH+][CH-][CH+][N-][CH+]1,-0.7793896794319153
guided,CCOc1cc(CNC(=O)CCCCCc2ccccc2)ccc1O,-3.7013959884643555
guided,Cc1cc(NC(=O)c2sc3ncn(C)c(=O)c3c2C)no1,-0.5099321007728577
guided,O=C(c1ccc2nc(-c3ccccc3)cn2c1)c1ccccc1O,-3.9268369674682617
guided,O=C(C/C(CCc1ccccc1)=N\O)N1CCN(c2ccc(F)cc2)CC1,-3.358994245529175
guided,COCCCn1c(=O)c2ccccc2n(Cc2cccc3ccccc23)c1=O,-3.6829702854156494
guided,NS(=O)(=O)c1ccc(-n2nnnc2SCC(=O)NC2CC2)cc1,-0.3465735912322998
guided,COc1ccc(N2CCN(CCCC(=O)O)CC2)cc1,-3.091886281967163
guided,NS(=O)(=O)c1ccc(NC(=O)N2CCC(O)(c3cccc(C(F)(F)F)c3)CC2)cc1,-0.7204387784004211
guided,Nc1nc(N2CCOCC2)n[nH]1,-0.9885327219963074
guided,COc1cccc(OCC(=O)NNC(=O)Cc2cccs2)c1,-0.9568076729774475
guided,COc1ccc(Cl)cc1S(=O)(=O)N(C)C,-3.978351354598999
guided,COc1ccccc1CN1CCNC(=O)[C@H]1CC(=O)Nc1ccccc1C(F)(F)F,-1.8231549263000488
guided,CN(CCc1ccccc1)C(=O)c1cc(COc2cccc(C(F)(F)F)c2)on1,-4.343837738037109
guided,Cc1ccc2cccc(-n3nc(C)cc3NC(=O)CCN3C[C@@H](C)O[C@@H](C)C3)c2n1,-1.9612895250320435
guided,Nc1c(Cl)cc(S(N)(=O)=O)cc1S(=O)(=O)NCCC1CCCCC1,-0.465650349855423
guided,COc1ccc(OC)c(C(=O)c2c(O)c3cc(OC)cc(O)c3oc2=O)c1,-0.5370432734489441
guided,O=Cn1c(-c2ccccc2)cccc1=O,-4.98483419418335
guided,C=COCCCNC(=O)n1cccn1,-2.803879499435425
guided,CCCCNC1=CC(=O)C[C@@H](c2ccccc2)C1,-7.342746257781982
guided,O=C(CSC(=S)N1CCC[C@@H](CO)C1)c1ccc2ccccc2c1,-5.648364543914795
guided,N#Cc1ccc(CNc2ccccc2-c2cnc3ccccc3n2)cc1,-3.8810298442840576
guided,OC(NN[CH-]CC[CH+][C-](F)F)[c+]1[cH-][cH+][c-](-[c+]2[cH-][cH+][cH-][nH]2)[cH+][cH-]1,-3.0801706314086914
guided,COc1ccc(/C=C/c2nc(C)c(Cc3ccccc3)c(=O)[nH]2)cc1F,-3.9191641807556152
guided,Cc1ccc(-c2nn(CCC(=O)N3CCCC3)c(=O)c3ccccc23)cc1Cl,-3.9188759326934814
guided,CC(=O)[C@@H]1CCCN(C(=O)c2cnn([C@@H](C)C(F)(F)F)c2)C1,-3.206735372543335
guided,C[C-]1N[C+]([O-])[c+]2[c-]([cH+][c-](OC[C+]([O-])O)[c+]3[c+]([O-])[cH-][c+](-[c+]4[cH-][cH+][cH-][cH+][cH-]4)o[c-]23)O1,-0.22436191141605377
guided,O=c1ccc(/C=C/c2ccc(S(=O)(=O)N3CCCCCC3)cc2)n[nH]1,-0.9687749743461609
guided,COc1c(C)cc(NC(=O)CCC(=O)OCC(=O)c2ccccc2)cc1C,-1.3976057767868042
guided,O=C(CSC1=NCCS1)N1CCc2ccccc21,-6.2759690284729
guided,CO[C+]1[CH-][C+](OCC(O)CN2C[CH-]N[C+]([O-])CC2[c+]2[cH-][cH+][c-](OC(C)C)[cH+][cH-]2)[CH-][CH+][C+]1[C-](C)[O-],-0.3667733371257782
guided,CCOc1ccccc1NC(=S)NCCCN1CCN(C)CC1,-4.971470355987549
guided,CN(Cc1ccc(-c2ccccc2)cc1)Cc1nc(-c2ccc3ccccc3c2)no1,-7.823965072631836
guided,CCOC(=O)CC(=O)CSc1nnc(-c2ccccc2)c(-c2cccs2)n1,-1.678614854812622
guided,O=C(O)c1ccc([N+](=O)[O-])c2cccnc12,-0.4988343417644501
guided,O=C(CCCNS(=O)(=O)c1cccs1)N1CCN(C2CCCCC2)CC1,-1.717502474784851
guided,Cc1ccc(Cn2c(-c3ccco3)cs/c2=N\c2cccnc2)cc1,-6.076759338378906
guided,CCNCc1n[nH]c(=S)n1Cc1ccc(F)cc1,-4.292758941650391
guided,O=c1cc(/C=N/OCc2ccc(F)cc2)cc[nH]1,-3.1311147212982178
guided,CCOc1ccccc1CCCCNC(=O)c1ccccc1Br,-6.656131744384766
guided,C[C@H](NCc1cccc(Cl)c1)[C@@H](C)CCN(C)C,-10.026835441589355
guided,COc1ccc(CN2CCc3cc(OC)c(OC)cc3C2)cc1OC,-5.398731231689453
guided,Nc1cccc(CNC(=O)c2cc(-c3cccc(OCc4ccccc4)c3)n[nH]2)c1,-1.5853159427642822
guided,Cc1ccnc(Nc2ccc(N3CCN(C)CC3)nc2)c1,-4.321833610534668
guided,O=C(N/N=C/c1cccs1)c1ccc(S(=O)(=O)N2CCCCCC2)cc1,-1.3965977430343628
guided,O=C(c1ccco1)N1CCN=C1c1ccccc1F,-4.187649250030518
guided,CN(C)S(=O)(=O)c1cccc(CSc2nncn2C)c1,-1.6080775260925293
guided,COc1ccc(Nc2ccccc2OC)cc1,-7.027148723602295
guided,Cc1cccc(NC(=O)N2CC=C(n3cccc3)CC2)c1C,-6.216606616973877
guided,CN(C)Cc1ccc(CN2CCC(Cc3ccccc3)CC2)cc1,-12.494956970214844
guided,CC[C@@H](C)C1=NN(C(=O)Cc2ccc(F)cc2)[C@](O)(C(F)(F)F)C1,-3.812319278717041
guided,Cl[c-]1[cH+][cH-][c+]([N-][C+](N[N-]OCC[c+]2[cH-][cH+][cH-][cH+][cH-]2)[c+]2[cH-][cH+][cH-]s2)[cH-][cH+]1,-6.6015191078186035
guided,O=C(/C=C\c1ccccc1)NC(=S)N1CCN(C/C=C/c2ccc(C(F)(F)F)cc2)CC1,-6.9586873054504395
guided,O=[N+]([O-])C1=C(N2CCOCC2)c2nsnc2[C-]2C=CC=C[C@H]12.[H+],-0.8492950201034546
guided,Cn1c(CCC(=O)Nc2cccc(Oc3ccccc3)c2)n[nH]c1=S,-2.2275772094726562
guided,CCCCOc1cc2nc3c(c(NC(=O)N[C@]45C[C@H]6C[C@H](C[C@H](C6)C4)C5)c2cc1OC)CCCC3,-4.895895957946777
guided,CCC(=O)Oc1ccc(N(C(=O)/C=C2\C(Cl)=CC=C[C-]2Cl)[C@@H]2CCS(=O)(=O)C2)cc1.[H+],-1.9971003532409668
guided,S=C(NCc1ccccc1)NC[C@H]1CCCO1,-6.015414714813232
guided,CCC(C)(C)NC(=O)CCCNS(=O)(=O)C1=C(/C=C/c2ccco2)[O+]2CN2/C1=C(/[O-])OC,-0.3998739421367645
guided,CC(=O)N[C@H]1CCSC1=O,-4.117733955383301
guided,COc1ccc2oc(=O)c(C(=O)Oc3ccc4c(=O)cc(C)oc4c3C)cc2c1,-1.1823948621749878
guided,[O-][S@+](C[C@@H]1CC1(Cl)Cl)C[C@H]1CC1(Cl)Cl,-8.546457290649414
guided,FCCCOc1ccccc1CNc1ncccn1,-4.185694217681885
guided,O=C(NCc1ccco1)c1cc(-c2ccco2)nc2ccc(Cl)cc12,-3.1871895790100098
guided,COc1cc(CO)cc(Br)c1OCC(=O)n1ccc2ccccc21,-2.9957966804504395
guided,COC(=O)[C@H](C)NC(=O)N[C@H]1CCCc2ccccc21,-1.7757320404052734
guided,NS(=O)(=O)c1ccc(Cl)c(Oc2ncccn2)c1,-0.38996434211730957
guided,N[C-](N)NCCCCN[C+]([O-])CCC[C+]([O-])O,-0.532971978187561
guided,CNP([N-][C+]([O-])CO[c+]1[cH-][cH+][cH-][cH+][cH-]1)N1CCCCC1,-2.348804473876953
guided,CS(=O)(=O)Nc1cc(C(=O)CSc2ncccn2)ccc1C#N,-0.3383042812347412
guided,O=C(C1=C(O)C(=O)N(C[C@@H]2CCCO2)[C@@H]1c1ccc([N+](=O)[O-])cc1)c1ccco1,-0.782623827457428
guided,[CH2+]O[c-]1[cH+][cH-][cH+][cH-][c+]1F.[H+].[N-2][CH+][N-][C+]([O-])[N-][C+]1[CH+][CH+][CH-][CH+][CH-]1,-1.3003467321395874
guided,Cn1c(=O)c2c(SCC(=O)Nc3ccc(-c4ccccc4)cc3)nc(-c3ccccc3)nc2n(C)c1=O,-1.4251097440719604
guided,FC(F)Oc1ccc(CCNC(=S)Nc2ccc(Cl)cc2)cc1,-7.416679382324219
guided,CCOc1ccccc1CNS(=O)(=O)c1cc2c3c(c1)[C@H](C)C(=O)N3CCC2,-1.4967551231384277
guided,Brc1ccc(-c2noc(/C=C/c3ccco3)n2)o1,-2.8815243244171143
guided,COc1cc(N2CCOCC2)ccc1/C=C1/SC(=O)N(CC(=O)NCCCNCc2ccccc2)C1=O,-0.6979453563690186
guided,CCOC1=CC=C([C@@H](CC(N)=O)/[NH+]=C(\[O-])[C+]2=CC=C3OCOC3=C2)[C]/C1=C\C=[N+]([O-])[O-],-0.5099440813064575
guided,C[C@H](C(=O)Nc1ccc(F)cc1)N(/N=N\c1ccccc1)c1ccccc1,-4.932054042816162
guided,COc1ccc(NC(=O)[C@@H]2CCCN(S(=O)(=O)c3ccc4c(c3)oc(=O)n4C)C2)cc1,-0.3705708384513855
guided,N#Cc1c[c-]c([C@]23C[C@@]4(C2)[C@H](c2ccccc2)N(Cc2cccnc2)C[C@H]4[C@@H]3c2ccc(Cl)nc2)cc1.[H+],-6.960819721221924
guided,CC(=O)NCC(=O)c1ccc2ccccc2c1,-4.0848002433776855
guided,Fc1ccc(CSc2nnc(-c3ccccc3)o2)cc1,-6.2244038581848145
guided,COCCCn1c2nc3ccccc3nc2c2c(=O)n(C[C@@H]3CCCO3)cnc21,-0.8677034378051758
guided,CCOc1ccc(-n2c(C)cc(/C=N/NC(=O)Cc3cccs3)c2C)cc1,-4.023385524749756
guided,NNC(=O)/C=C/c1cccs1,-2.9299325942993164
guided,CCNc1nc(-c2cccs2)cs1,-8.077791213989258
guided,Nc1cc(OCc2ccccc2)cc(C(=O)NCCOCCO)c1,-0.3605412542819977
guided,COc1ccc(S(=O)(=O)[C@@H](C#N)c2nc3ccccc3[nH]c2=O)cc1Cl,-0.5878610014915466
guided,COc1cc(/C=N/NC(=O)CSc2ccccn2)ccc1OCC(N)=O,-0.2586440443992615
guided,CCOc1ccc(COC(=O)CNS(=O)(=O)/C=C/c2ccccc2)cc1Br,-1.4619930982589722
guided,CN1CCC(n2nccc2N)CC1,-3.9253251552581787
guided,CCCCCCC[C@@H]1CNC(=O)N1,-4.980255603790283
guided,FC(F)Oc1ccccc1Cn1cnc2ccccc21,-7.838993072509766
guided,COc1cccc(-c2nnc(SCC#N)n2N)c1,-0.4528126120567322
guided,O=C/C(=N\Nc1ccccc1)n1cc(C(=O)O)c(C(=O)c2ccc(Cl)cc2Cl)c(C(=O)O)c1=O,-0.9459626078605652
guided,CCOCCCNC(=O)CN1C(=O)c2ccccc2C1=O,-1.0643552541732788
guided,O=S(=O)(c1ccco1)N(c1ncccn1)c1ncccn1,-0.34923630952835083
guided,COc1cccc(OC)c1OC[C@@H](O)CN1CCOCC1,-2.2500767707824707
guided,COC1=CC(=[O+]\C)/C(=[NH+]/C(=O)/[C-]=C(\N)[c-]2c3c(c(C)n/c2=N\C(=O)[c-]2ccc[s+]2)COC(C)(C)C3)C=C1,-0.3422507047653198
guided,CCCS(=O)(=O)N1CCN(Cc2c[nH]c3ccccc23)CC1,-2.8106138706207275
guided,[NH-][c+]1[cH-][cH+][c-](N([O-])[O-])[cH+][c-]1-[c+]1[n-][n-][c+](N[C+]([O-])C[c+]2[cH-][cH+][c-](N([O-])[O-])[cH+][cH-]2)s1,-0.6573788523674011
guided,Clc1cccc(CN2CCc3c(sc4nc(Cl)ccc34)C2)c1,-11.244461059570312
guided,C[CH-]CCCC(=O)O/C=C1C(=[O+]\C(=O)[c-]2ccc[s+]2)/N=C2C=CC=CN2/1,-2.2905399799346924
guided,NC(=O)CN1CCC[C@@H]1c1ccc(F)cc1,-3.9950740337371826
guided,CO[C@H]1C(=O)N(c2ccccc2)c2c(C)cccc21,-7.2093706130981445
guided,N#CCCN(C(=O)Cn1nc(-c2ccccc2)ccc1=O)c1ccccc1,-1.251949667930603
guided,O=C(OCN1C(=O)c2ccccc2C1=O)C1=CO[C@H](N2C(=O)c3ccccc3C2=O)CC1,-0.46678292751312256
guided,CC1=[S+]c2ncnc(N3CCCCC3)c2/C1=C(/[O-])NCc1ccco1,-1.0035011768341064
guided,COc1ccc(N[C@@H]2c3ccccc3C(=O)N2Cc2cccnc2)cc1,-3.8314664363861084
guided,CO[C]1[CH][CH][C]([C]2[CH][C]([N]O)C(C[C]3[CH][CH][C](O)[CH][CH]3)[C]2[O])[C][C]1[OH+],-0.6424714922904968
guided,O=C(CCCc1cc2ccccc2[nH]c1=O)c1ccco1,-2.653733491897583
guided,NN/C(N)=N/N=C\c1cccc([N+](=O)[O-])c1,-0.45471009612083435
guided,COc1ccc(NC(=O)N2CCN(c3cccc(C)c3C)CC2)cc1,-4.90539026260376
guided,C/C(CC(=O)NCc1cccnc1)=N\NC(=O)c1cc2ccccc2cc1O,-0.6250548958778381
guided,C[C+]1[N-][C+]([O-])[C+]([N-][N-][C+]2[CH+][CH-][C+](N([O-])[O-])[CH-][C+]2N)[C-](C)[C+]1C,-0.5862036943435669
guided,[CH2+]CCN1CCN([C-](CN[S+2]([O-])([O-])C2[CH+][CH-]CCC2)[c-]2[cH+][cH-][c+](NC[C-]([O-])N3CCCC3)[cH-][cH+]2)CC1.[H+],-0.4827878773212433
guided,COc1cc(CNC2CCCCCC2)cc(Cl)c1OCc1ccccc1,-9.113513946533203
guided,C1=C/C(=C/N2CCOCC2)[S+]=C1.O=S(=O)(c1ccccc1)N1CC[C-](CO)CC1,-1.5031694173812866
guided,CN(C)[C]1[CH][CH][C](S([O])([O])NC[C+]([O])OC[C]([O])N(C)[C]2[CH][CH][C]3[CH][CH][CH][CH][C]3[CH]2)[CH][C]1N([O-])[O-],-0.6463311910629272
guided,COc1ccc(C(=O)Nc2ccccc2C(=O)N[C@@H](C)c2ccc(S(=O)(=O)N3CCOCC3)cc2)cc1OC,-0.9960732460021973
guided,CCN(CC)P(=O)(c1ccc(N(C)C)cc1NC(=O)c1ccco1)N(CC)CC,-2.662804126739502
guided,O=C(CC[C@@H]1CCCN(C(=O)CN2CCC(Br)CC2)C1)N1CCN(c2ccccn2)CC1,-2.6785953044891357
guided,CCOc1cccc(CN2CCCCC2)c1O,-6.408742427825928
guided,N#CCCN(Cc1cccnc1)C(=O)COC(=O)c1cccc(S(=O)(=O)N2CCOCC2)c1,-0.30870041251182556
guided,COc1ccccc1NC(=O)NCc1ccc(F)cc1,-3.9256515502929688
guided,O=S(=O)(Nc1ccccc1Br)c1ccc(OC[C@H]2CCCO2)cc1,-2.8188419342041016
guided,CN(C)CCCNc1cc(=O)n2c(n1)SCC2,-3.4323654174804688
guided,Cc1cccc(O[C@H]2C[C@H](O)/C2=C(/C#N)c2ccc(Cl)cc2)c1C,-4.5279059410095215
guided,O=C(O)c1cccc(Nc2cc3cc(OCc4ccccc4)ccc3cn2)c1,-3.542649030685425
guided,CC[S@SP2+3]1#C/N=c2/cccc/c2=[C-]\N=C(N2CCN(C)CC2)/[C-]=C/C(NS(=O)(=O)c2ccccc2)=C\[C-]=N\1,-0.43767228722572327
guided,CC1=[S+]C2=C/C(=[NH+]\C([O-])=C(/[O-])NCCc3cccs3)C=CC2=N1,-0.6966903209686279
guided,COC(=O)Nc1cccc(Cl)c1C,-5.561161518096924
guided,C=[O+]CCOCCOCCOCCOCCOC1=C[C-](Br)C=CC1,-2.961193323135376
guided,CO/N=C1\CCCc2cc(C=O)ccc21,-5.285367012023926
guided,O=C(CCN1C(=O)c2ccccc2C1=O)NC[C@H]1COCCO1,-0.6230846047401428
guided,S=C(NCCN1CCCCC1)Nc1ccc(Br)cc1,-7.611944198608398
guided,Cc1cc(N2CCCC2)ccc1/C=C1\SC(=S)N(CCOCCN(C)Cc2ccccc2)C1=O,-7.333338260650635
guided,CO[c-]1[cH+][cH-][c+]([C+]([O-])C2CC[C-](C)[C+]([O-])[C+]2[N-]C2CCCCC2)[cH-][cH+]1,-2.0721402168273926
guided,CO[C-]([O-])C(CCCCCC[N-][C+]1[N-][CH+][C][C][C+]1[NH-])[C+]([O-])N1CCN([C+]2[CH+][CH-][CH+][CH-][CH+]2)CC1.[H+].[H+],-0.8089383244514465
guided,NNC(=S)Nc1cc(Cl)ccc1Cl,-3.7933754920959473
guided,O=C(CCc1ccccc1)N/N=C/c1ccccc1O,-2.421175479888916
guided,C[CH-]CCC1CCCCN1[C+]([O-])C[c+]1[cH-][cH+][cH-][cH+][cH-]1,-7.599941730499268
guided,COc1ccc(C(=O)NNC(=O)Nc2ccccc2C)cc1,-1.0627391338348389
guided,CCCCN(C(=O)NC(=O)Nc1ccccc1OCC)S(C)(=O)=O,-0.5299342274665833
guided,COc1cc2oc(=O)c(CC(=O)OCC(=O)N(C)c3ccccc3)c(C)c2cc1OC,-0.6790791153907776
guided,COc1ccc2c(COC(=O)CCS(=O)(=O)c3ccc(C)cc3)cc(=O)oc2c1,-0.7591729164123535
guided,Cc1c(C(=O)N[C@H](C)c2ccccc2)sc2cc(S(C)(=O)=O)ccc12,-3.146428346633911
guided,C=CCCCCCCCC(=O)OC,-7.7845234870910645
guided,C[C]1[N][C](N(C)[C+]([O])[C]2[CH][CH][CH][CH][CH]2)S[C]1C[C]1[CH][CH][CH][C](N([O-])[O-])[C]1O,-0.8668577671051025
guided,COc1cc(NC(=O)c2ccco2)cc(OC)c1O[C@H](C)C(=O)Nc1nc2c(s1)CCCC2,-1.5755871534347534
guided,Cc1nnsc1SCCN1CCOCC1,-5.156020164489746
guided,O=C(NCCc1nc2ccccc2[nH]1)[C@H]1CCC(=O)N(CCc2ccccc2)C1,-1.2276678085327148
guided,COc1cc(CNC(=O)[C@@H]2CCC(=O)N(Cc3ccccc3F)C2)no1,-0.6437757015228271
guided,COc1cc(C(=O)NC2CCCCCC2)cc(Cl)c1OC,-4.751163959503174
guided,CC(=O)N1CCC2=C(C1)[S+]=C(NC(=O)CCS(=O)(=O)c1ccc3ccccc3c1C(=O)O)/C2=C(/N)[O-],-0.3113039433956146
guided,Cc1cc(C(=O)N/N=C/c2ccc(C#N)cc2)c(C)o1,-1.2199679613113403
guided,Nc1c(C(=O)Nc2ccccc2)sc2nc3c(c(-c4ccco4)c12)CCC3,-2.5211870670318604
guided,NNC(=O)c1ccc(NS(=O)(=O)c2ccc(Br)cc2)cc1,-0.42665937542915344
guided,CCC(=O)Nc1cc(CN(C)CCc2ccccc2)ccc1N1CCCC1,-6.757641315460205
guided,COC1=C(OC)C2C3=C4C#C[C-]=C=C4C(=O)N=CC32C=C1.[H+],-3.9243178367614746
guided,CO[C-]([O-])[C+]1N[CH+][N-][C+]1[C-]([O-])[N-][C+]1N[N-][CH+][C+]1[C][N-2],-0.5061583518981934
guided,NNC(=O)CCc1ccc(S(N)(=O)=O)c2ccccc12,-0.308867871761322
guided,COc1ccccc1CN1CCC(CNS(=O)(=O)c2ccc(C)cc2)CC1,-2.9758098125457764
guided,[H+].[H]/N=C(/N)[c-]1ccc(=N/N=N/c2ccc(Cn3c4ccccc4c4ccccc43)cc2)cc1,-2.957780599594116
guided,COc1ccc2[nH]cc(CN3CCN(Cc4ccsc4)CC3)c2c1,-6.955124855041504
guided,COc1cccc(/N=C/C(C)=C(/C=C/Nc2cccc(OC)c2)OC(C)=O)c1,-3.2851600646972656
guided,O=C(NCCCN1CCOCC1)c1ccc(CS(=O)(=O)Cc2ccc(Cl)cc2)o1,-0.7224947810173035
guided,O=C(CN1CCN(c2ccccc2)CC1)c1ccc2cc[nH]c2c1,-5.422060966491699
guided,COC(CNC(=O)CCC(=O)N1CCN(S(=O)(=O)c2ccc(Cl)cc2)CC1)OC,-0.3736269772052765
guided,O=C(C/[C-]=C/c1ccc[cH-]c1=S)C1=[N+]=[NH+][C@H]2C(=O)N(c3ccccc3C(F)(F)F)C(=O)[C@@H]12,-0.7526757121086121
guided,O=C(NCCONC1=NCCS1)c1ccco1,-1.1205785274505615
guided,O=S(=O)(c1ccccc1)N1CCCCCCC1,-5.59085750579834
guided,NNC(=O)c1cc(-c2cccs2)nc2ccccc12,-1.8285478353500366
guided,CCOc1ccc(Br)cc1S(=O)(=O)N(C[C@H](O)CN1C(=O)NC(C)(C)C1=O)c1ccccc1,-0.6572503447532654
guided,N#Cc1c(-c2ccccc2N)nn(-c2ccc(F)cc2)c1N,-0.720073401927948
guided,CCOC(=O)N1CCC(N2C(=O)c3ccc(F)cc3C2=O)CC1,-1.8958888053894043
guided,C[C]1[C]([C+]([O])N2CCN([C]3[CH][CH][CH][CH][C]3F)CC2)[CH][CH][CH][C]1N([O-])[O-],-1.3807144165039062
guided,O=S(=O)(NCc1ccccn1)c1ccc(-c2ccno2)s1,-0.7360907793045044
guided,C=CCn1c(S[C@@H]2C(=O)Oc3ccccc3C2=O)nc2ccccc2c1=O,-1.2370460033416748
guided,O=c1c2ccccc2nc2n1[C@H](CSCc1ccccc1)CS2,-6.649427890777588
guided,CSc1nnc(C)n1-c1ccc(S(N)(=O)=O)cc1,-0.45669883489608765
guided,O=C(Cc1ccc(-n2cccn2)cc1)N[C@H]1CCN(Cc2cccs2)C1,-3.7919747829437256
guided,O=S(=O)(Nc1ncccn1)c1ccc(NS(=O)(=O)c2ccc(Cl)cc2Cl)cc1,-0.9800629615783691
guided,CNC(=S)NC1CCCCC1,-7.805572032928467
guided,CCN1CCN(CCO)C(=O)[C@H]1CC(=O)Nc1nccs1,-0.5799662470817566
guided,COC1=C/C(=C/C#Cc2ncc(C)n2C)[CH-]C(OC)=C1OC.[H+],-4.323265075683594
guided,[O-]N1[CH+][C-]([C+]2[CH+][c+]3[cH-][cH+][cH-][cH+][c-]3[N-][C+]2NCC[c+]2[cH-][cH+][cH-][cH+][cH-]2)[N-][N-]1,-2.0761911869049072
guided,O=C(Oc1ccc(OC(F)F)cc1)c1cccc(S(=O)(=O)N2CCOCC2)c1,-0.9865532517433167
guided,Cn1c(=O)c2c(nc(CN3CCN(c4ccccc4)CC3)n2CCCO)n(C)c1=O,-0.3922160565853119
guided,CCCN(Cc1ccc(OC)cc1)S(=O)(=O)c1ccc(OC)c(OC)c1,-2.460681676864624
guided,C[C@H](OC(=O)c1ccco1)C(=O)NCCc1cccc2ccccc12,-2.1620004177093506
guided,O=[N+]([O-])c1cc(Cl)ccc1-c1ccco1,-3.5263872146606445
guided,C[P@](=O)(Nc1ccc(Cl)cc1)Oc1ccccc1,-6.713555812835693
guided,O=c1oc2ccc(C(F)(F)F)cc2c(NC2CCCCC2)c1[N+](=O)[O-],-2.1124556064605713
guided,COc1ccc(/C=N/NC(=O)c2ccc(COc3ccccc3Cl)o2)c(C(=O)O)c1OC,-1.376718521118164
guided,O=C(/C=C/c1ccccc1)OOCc1ccccc1Oc1ccccc1,-6.260440826416016
guided,O=c1[nH][nH]c(-c2ccc(F)cc2)c1/N=N/c1ccc(F)cc1,-2.404433250427246
guided,C[C@@H]([SH+]/[C-]=N/c1nc(N)c(C#N)cc1[C-]=[NH2+])[C@H](O)C(=O)[O-].[H+],-0.43247100710868835
guided,COc1ccc(C(=O)NNC(C)C)cc1,-3.4557883739471436
guided,CCOC(=O)c1c(N)n(Cc2ccccc2)c2nc3ccccc3nc12,-1.3147966861724854
guided,[H]/N=C1C(=C/c2ccc(C)cc2)/C(=O)N=C2SC(CC(=O)N3CCCC3)=NN2/1,-0.8835563659667969
guided,CCCN(CCCN1CCOCC1)c1cccc(-c2n[nH]c(=S)n2Cc2ccccc2)c1,-5.0617995262146
guided,CC(/C=C/c1ccco1)=N/NCCCN1CC[C@@H](C(C)(C)C)CCC1=O,-4.009599208831787
guided,COc1ccc(OC)c(C(C)=O)c1,-5.646909236907959
guided,CCOc1ccc(OCC/C=C/Cn2nnnc2N)cc1,-0.5555225014686584
guided,NS(=O)(=O)c1ccc(CCNC(=O)CCCN(Cc2ccccc2)C(c2ccccc2)c2ccccc2)cc1,-2.4149577617645264
guided,COCC([C]1[CH][CH][C](N([O-])[O-])[CH][N]1)[C+]1[CH][CH][CH][CH][CH]1,-1.4610658884048462
guided,O=C(NCCOc1ccccc1Cl)c1cccc(N2CCCC2=O)c1,-3.0607094764709473
guided,COc1ccc(C(F)(F)F)cc1NC(=O)CSc1ncc(-c2ccc(F)cc2)[nH]1,-3.5624687671661377
guided,COc1ccc(F)cc1C(=O)NC1CCCCCC1,-5.758115768432617
guided,[O-][S+2](O)(N1CCCCCC1)n1[n-][n-][c-]2[cH+][cH-][c+](Cl)[cH-][c-]21,-0.9867920875549316
guided,CCC(=O)Nc1nc2c(OC)ccc(NS(=O)(=O)c3ccc(F)cc3)c2s1,-1.088957667350769
guided,COc1ccc(C(=O)NCCSc2nnc(COC(=O)C(C)C)n2C)cc1OC,-0.4194783568382263
guided,CCOc1ccc(-c2cnc(C)n2-c2ccc(C(N)=O)cc2)cc1,-2.0530011653900146
guided,O=C(O)C1CCN(S(=O)(=O)c2ccc(C(=O)N3CCCCC3)cc2)CC1,-0.5064409375190735
guided,COC(=O)[C@@](NC(C)=O)(NS(=O)(=O)c1ccc([N+](=O)[O-])cc1)C(F)(F)F,-0.3973087966442108
guided,NC(=O)[C@@H]1[C@@H](c2cccs2)CC=C[C@@H]1Br,-4.767999649047852
guided,NCCNC(=O)c1cncc2c1CCCC2,-1.6913647651672363
guided,NS(=O)(=O)c1ccc(CCNC(=O)CN2C(=O)N[C@H](Cc3cccc4ccccc34)C2=O)cc1,-0.2799106538295746
guided,COc1ccc(C(=O)N2CCN(S(=O)(=O)c3ccc(N(C)C)s3)CC2)cc1OC,-0.9312448501586914
guided,CN(C(=O)c1cc(-c2cc3ccccc3oc2=O)nc2ccccc12)c1nnc(-c2cccnc2)s1,-2.4499802589416504
guided,O=S(=O)(Nc1ccncc1)c1ccc(Cl)c(Nc2ccc(OC(F)(F)F)cc2)c1,-2.90895938873291
guided,C/C(CC(=O)Nc1ccc(F)cc1)=N\NC(=O)C(=O)NCc1cccnc1,-0.2897769510746002
guided,O=C(Nc1nnn[nH]1)c1ccc(C(=O)NC2CC2)cc1,-0.3796958923339844
guided,COc1cccc2c(N/N=C/c3ccco3)cc(C)nc12,-3.120060920715332
guided,CCOC(=O)c1c(N[C@H](NC(=O)C(C)C)C(Cl)(Cl)Cl)sc2c1CCCC2,-3.4248476028442383
guided,CCn1nc(CC(=O)Nc2ccc(N(C)C)cc2)c2ccccc2c1=O,-1.8941398859024048
guided,O=C(CN1CCOCC1)NCc1ccccc1,-4.566566467285156
guided,[H]/N=C(\N(C)C(=O)Nc1ccc(NC(C)=O)cc1)N(c1ccccc1)C(C)C,-1.5257996320724487
guided,[O-][N+]1(c2nc3c4c(ncn3n2)-c2ccccc2CC42CCCC2)O[C@@H]1CSc1ccccc1,-2.8392419815063477
guided,C=C(Cl)COC(=O)c1cc(=O)[nH]c2ccccc12,-2.6633803844451904
guided,CCn1c(SCC(=O)Nc2nc(C)c(C(C)=O)s2)nnc1-c1ccc(OC)cc1,-1.1365153789520264
guided,Cc1noc(C)c1C(=O)N[C@@H](C)CCc1ccccc1,-3.34894061088562
guided,CCC(=O)Nc1cc(C)c(NS(=O)(=O)c2ccc(C)cc2)cn1,-0.8965470790863037
guided,Cc1ccc(CNC(=O)[C@H]2CCC(=O)N(Cc3ccc(Cl)cc3)C2)o1,-2.721365213394165
guided,NCCCCC/C=C/C=C/C=C/C/C=C/CCCCCCOCOCCCO,-4.57798957824707
guided,CN(C)c1ccc(-c2cc(C(=O)NCCO)c3ccccc3n2)cc1,-2.050241708755493
guided,COc1cc(C)ccc1OC[C@@H](O)CN1CCCC[C@@H]1C,-4.858785629272461
guided,CN(F)Cc1cc(Br)ccc1O,-8.097554206848145
guided,COC(=O)/C(=C\c1c[nH]c2ccccc12)NC(=O)c1ccc(OC)cc1,-1.2870488166809082
guided,CO[c-]1[cH+][cH-][c+]([C-]([O-])C2CCCN(C3([O-])[O+]4C56[C+]([C-]7[CH-][CH+][C-](F)[CH+][CH-]7)[C+](C)[N-]N5[C+](C)[C+](C)C436)C2)[cH-][c+]1F,-1.2880961894989014
guided,NC(=O)[C@@H](Cc1ccc(F)cc1)c1ccccc1,-4.7057390213012695
guided,S=C(Nc1nccs1)N1CCCCCC1,-7.242328643798828
guided,O=C(Cc1ccccc1)NCC(=O)OCC(=O)N1CCCc2ccccc21,-1.108932375907898
guided,[H+].[H+].[H]/N=C(/Nc1ncc(C(F)(F)F)cc1OC)N[C-](C)[O-],-0.4506379961967468
guided,CNN,-5.914304256439209
guided,COc1ccc(C(C)=O)cc1COC[C@H](O)CNCCCSC,-1.7788238525390625
guided,Cc1occc1-c1nnc(SCC(=O)Nc2nccs2)n1C,-0.8262001276016235
guided,COc1ccc(CC(=O)O/N=C(\N)Cc2cccc3ccccc23)cc1,-1.856173038482666
guided,COc1ccc(CCNC(=O)C(=O)NC[C@@H]2OCCN2S(=O)(=O)c2ccc([N+](=O)[O-])cc2)cc1,-0.28922030329704285
guided,C[c-]1[n-][c+](CN2[CH-]CCC2)[n-][c+](SC[C-]([O-])N2CC[C+]3[CH-][CH+][CH-][CH+][C+]32)[c+]1Cl,-2.8937110900878906
guided,COc1ccc2c([C@H](c3ccccc3)c3ccc(C(=O)O)cc3)cc(=O)oc2c1C,-2.914536952972412
guided,O=C(c1ccc(Cl)s1)N1CCc2ccccc21,-9.12671947479248
guided,COc1cccc(-c2nc(-c3ccc(Br)o3)no2)c1,-3.1003029346466064
guided,Cc1ccc(CN2CCOCC2)c(C)c1,-10.116618156433105
guided,Cc1cccc(N2CCN(C(=O)c3noc4c3COc3ccccc3-4)C[C@H]2C)c1,-3.38604998588562
guided,Clc1ccccc1Oc1ccccc1Cn1cncn1,-5.775989532470703
guided,Cc1[nH]c2ccccc2c1C(=O)C(=O)NC[C@H]1CCCO1,-1.459641695022583
guided,Nc1nc(SCC(=O)NC2CCCCCC2)[nH]c(=O)c1-c1ccccc1,-0.7474175691604614
guided,CCCNS(=O)(=O)c1c(C(=O)N2CCc3ccccc3C2)c(C)n(C)c1C,-1.618943214416504
guided,CCCn1c(=O)c2[nH]c(COc3ccccc3)nc2n(Cc2ccccc2)c1=O,-1.1350189447402954
guided,C[C@H](NS(=O)(=O)c1ccccc1)C(=O)NC1CCCC1,-1.1175682544708252
guided,[CH2-]N(C[C@H](C)O[CH-]C)C1=N/C(=C2\C=CC=[S+]2)C(NC(=O)c2ccco2)=[S+]1,-1.840055227279663
guided,CCCCOc1ccc(C(C)=O)cc1OCC,-6.3046793937683105
guided,c1ccc(CNCCCOCCSc2ccccc2)cc1,-9.151008605957031
guided,Cc1onc(-c2ccccc2)c1NC(=O)N(CCC#N)Cc1cccs1,-2.274019241333008
guided,C[C@H]1CCCCN1c1ncnc2ccccc12,-7.090773105621338
guided,Fc1ccc([P@](=S)(Nn2cnnc2)c2ccccc2)cc1,-4.545172691345215
guided,Cc1c(NP(=O)(Oc2ccccc2)Oc2ccccc2)c(=O)n(-c2ccccc2)n1C,-3.2357406616210938
guided,COc1c(C)nc(NC(=O)c2cccs2)nc1Nc1ccc(S(=O)(=O)Nc2cccs2)cc1,-1.9391045570373535
guided,[CH2+][CH+][CH+][C][C+]1[N-][C-](N[C+]([O-])CC[c-]2[cH+][cH-][cH+][cH-][cH+]2)[N-]S1,-2.4044511318206787
guided,COc1ccc(NC[C@@H](O)COc2ccc(/C=N/O)cc2)cc1OC,-0.5753222703933716
guided,CCNS(=O)(=O)c1ccc(NC(=S)Nc2cccnc2)cc1,-0.8448299765586853
guided,COCCn1c(SCc2cccc(C(C)=O)c2)nc2ccccc2c1=O,-2.9104504585266113
guided,CCOC(=O)c1[nH]c(CSc2nnc(COC)n2Cc2ccccc2)c(C(=O)N(C)C)c1C,-0.9343266487121582
guided,[CH2-]CCc1[c-]c[nH+]c2c(N(CCO)CCC#N)ncnc12.[H+],-0.568748950958252
guided,O=C(COc1ccc(Cn2cnnc2)cc1Cl)Nc1ccc(Cl)cc1Cl,-2.833014726638794
guided,S=c1[nH]ncn1/N=C/[C@@H]1CC=CCC1,-4.312164306640625
guided,CCCCCCOC(=O)CCNC(=O)c1ccc2ccccc2c1,-3.944363594055176
guided,O=[N+]([O-])c1ccc(N2CCN(c3ccccc3)CC2)cc1,-3.9345202445983887
guided,F[C@H]([C@@H](Cl)COc1ccccc1)C(F)(F)F,-11.518815040588379
guided,CN(C)S(=O)(=O)N1CCN(C[C@H](O)COc2ccc(F)cc2F)CC1,-1.2328792810440063
guided,CN1CCc2c(c3ccccc3n2C)C1,-10.985054016113281
guided,[O-][C+](CCN1[C+]2[CH+][CH+][CH-][c+]3[cH-][cH+][cH-][c+]([c-]32)[S+2]1([O-])[O-])[N-]C[C+]([O-])NN[C-]([O-])[C+]1[CH+][CH-][CH+][C-](N([O-])[O-])[CH+]1,-0.4451465308666229
guided,Cn1c(=O)c2c(nc(CN3CCOCC3)n2CCN2CCOCC2)n(C(C)(C)C)c1=O,-0.5833878517150879
guided,[N-2][C][c-]1[c+]([S-])[c-](CN2CCOCC2)[cH+][c-]2[cH+][cH-][cH+][cH-][c+]12,-6.0005340576171875
guided,O=C(Cn1[nH]c(=O)c2ccccc2c1=O)c1ccccn1,-0.5583707094192505
guided,S=C(NCCN1CCOCC1)Nc1ccc(CNC(=S)NC2CC2)cc1,-2.319779634475708
guided,CN(C)NC(=S)NCCc1ccccc1,-6.9609222412109375
guided,O=C(Nc1nnc(COc2ccc(Cl)cc2)s1)c1ccccc1,-3.035820960998535
guided,O=C(c1cc2ccccc2cc1O)N1CCC[C@H](N2CCN(Cc3ccc(F)cc3)CC2)C1,-4.990649223327637
guided,CCC(O)CNC1[C]([C](O)[C]2[CH][CH][CH][C](N([O-])[O-])[CH]2)[C]([O])[C]([O])N1[C+]1[CH][CH][CH][CH][CH]1,-0.5393685698509216
guided,COCCN[S+2]([O-])([O-])[c-]1[cH+][cH-][c+]2[c-]([cH+]1)[N-][C-]([N-]CC(CCCCCC[C+]([O-])O)CCC(C)C)O2,-1.9014126062393188
guided,O=C(Cc1cccc2ccccc12)OCC(=O)c1ccccc1,-5.269237995147705
guided,Cn1cc(CN2CCNC(=O)[C@H]2CC(=O)O)c(-c2ccccc2)n1,-0.4643678367137909
guided,Cc1cnccc1NC(=O)c1cccc2ccccc12,-5.42320442199707
guided,CCN1CCN(Cc2ccc(OC(F)F)c(OC)c2)CC1,-7.63706636428833
guided,C[O+](N[S+2]([O-])([O-])[C-]1[CH-][CH+][CH-][CH+][CH-]1)[C+]([O-])N[c+]1[cH-][cH+][c-]2[c+]([cH-]1)[C+]([O-])OC2,-0.4023594856262207
guided,CCOC(=O)c1sc(NC)nc1-c1ccccc1,-3.7794997692108154
guided,O=[N+]([O-])c1cc(C(F)(F)F)ccc1NCc1ccc(Cl)nc1,-2.9882845878601074
guided,CCOc1ccc(C(=S)N2CCOCC2)cc1,-8.177597045898438
guided,O=C(OCCN1CCOCC1)c1cc(S(=O)(=O)N2CCCCCC2)c(Cl)cc1Cl,-1.6223363876342773
guided,[O][C](N[C]1[CH][CH][C](N([O-])[O-])[CH][CH]1)[C+]1[CH][CH][C](Br)O1,-0.6691210865974426
guided,[CH2-]N1[CH+][CH+][N-][C+]1SCCC[C-](N)[O-],-1.8484773635864258
guided,S=C(NCCc1ccccn1)NC1CCCCC1,-5.593785762786865
guided,CCOC(=O)/C=c1\s/c(=C\c2ccc(F)cc2)c(=O)n1-c1cccc(O)c1,-1.6424165964126587
guided,C[c+]1[cH+][c-](C)[n-][c+](SC(CN([O-])[O-])[C+]2[C]N([C-](C)[O-])[C+]3[CH-][CH+][CH-][CH+][C+]23)[n-]1,-0.36986082792282104
guided,[CH2-]C1CC[C+]([N-]N[C+]([O-])C[c+]2[cH-][cH+][c-](OC)[cH+][cH-]2)CC1,-2.806716203689575
guided,CCOc1ccc2nc(S[C@@H](C(=O)Nc3ccccc3F)c3ccccc3)sc2c1,-6.7109551429748535
guided,CO[c-]1[cH+][cH-][cH+][c-]2[n-][c+]([C+]([O-])NC(C)[c+]3[cH-][cH+][cH-][cH+][cH-]3)[cH+][c-]12,-2.6487514972686768
guided,C[C@H]1Cc2ccccc2N1S(=O)(=O)c1ccccc1,-5.635936737060547
guided,[CH2+]C1CCCCC1.[O-]N([C+]1[CH+][CH+][CH-][CH+][CH-]1)[C+]1[N-][N-][CH+][C+]2[N-][C][N-][C-](Cl)[C+]21,-3.706646680831909
guided,Cc1ccc(-c2nn(C)c(=O)c3ccccc23)cc1CNS(=O)(=O)c1ccc2c(c1)OCCO2,-0.8099722266197205
guided,CN/C(=N\c1ccccc1)N/N=C/c1cnc(-c2ccccc2)s1,-2.972960948944092
guided,CC(C)OP(=O)(OC(C)C)c1[nH]c2ccccc2c1[P@](=O)(Oc1ccccc1)N(C)Cl,-3.6262552738189697
guided,COc1cc(C(=O)N2CCN(c3ccccn3)CC2)cc(OC)c1OC,-1.9893405437469482
guided,OCCCNCc1c(-c2ccc(Br)o2)nn2c1OCCC2,-1.4918879270553589
guided,CCOc1ccc(N2CCN(C(=O)c3ccc(OC[C@@H]4CCCO4)cc3)CC2)cc1,-4.114556312561035
guided,CCOC(=S)SCC(=O)Nc1cc(C)on1,-2.0873873233795166
guided,COc1ccc(/C=N/NC(N)=O)cc1OCCN1CCc2ccccc2C1,-0.5372068881988525
guided,Cc1cccc(OC(=O)NCC(=O)OCc2cc(=O)n3ccsc3n2)c1C,-0.46484047174453735
guided,C[C@@H]1C[C@@]1(c1ccccn1)c1ccc(C(=O)Nc2nccs2)s1,-4.062587738037109
guided,COc1ccccc1NC(=O)/C(C#N)=C/c1cccnc1,-1.3179997205734253
guided,COc1ccc(S(=O)(=O)N2CCCCC2)cc1C(=O)Nc1cc(C)on1,-0.528420090675354
guided,O=C(C1CCN(Cc2nc(Cc3cccc(F)c3)no2)CC1)N1CCCC1,-2.40794038772583
guided,NS(=O)(=O)c1ccc(NNC(=O)c2cccs2)cc1,-0.34004172682762146
guided,O=C(c1cccnc1)N(Cc1ccco1)C1(C(=O)NC2CCCC2)CCCCC1,-2.253406524658203
guided,COc1ccccc1CNC(=O)Cn1nc(C(F)(F)F)c2c1CCC2,-3.0694730281829834
guided,C[C@@H]1CCCN(c2c([N+](=O)[O-])c(=O)oc3ccccc23)C1,-1.4412442445755005
guided,COc1cccc(CCc2n[nH]c(=S)n2-c2ccccc2)c1OC,-4.065918445587158
guided,CCNC/C(=N\Nc1ccccc1C(=O)O)C(=O)N/N=C1\C(=O)Nc2ccccc21,-0.29602891206741333
guided,CCCNc1oc(-c2cccs2)nc1S(=O)(=O)c1ccccc1,-2.3819406032562256
guided,COCCCNC(=O)Cn1c(=O)n(CCCC(=O)NCc2ccc3c(c2)OCO3)c(=O)c2sccc21,-0.26958349347114563
guided,CCCN(C/C=C(/c1ccc(OC)cc1)c1ccc(OC)c(OC)c1)CCCCO,-4.884929180145264
guided,Clc1cccc(Oc2nc3ccc(Cl)cc3[nH]2)c1,-6.830448627471924
guided,NNC(=O)CSCc1nc2ccccc2[nH]1,-0.6628103852272034
guided,CCOC(=O)N1CCN(C(=O)[C@H]2CCC(=O)N(CCCN3CCOCC3)C2)CC1,-0.8662415146827698
guided,ClC1=CC2=C(NCCN3CCOCC3)OCC=[O+][C-]2C=C1,-4.234326362609863
guided,Nc1nc(-c2cccc([N+](=O)[O-])c2)cs1,-0.9526084661483765
guided,OCCNCc1ccc(OC2CCCC2)cc1,-4.8199143409729
guided,O=C(CCc1ccccc1)N1CCC[C@@H]1C1=NCCC1,-6.440582752227783
guided,O=C(Cn1c(NCCO)nc2ccccc21)c1ccc(OC(F)F)cc1,-1.4142950773239136
guided,Fc1cc(F)cc(NC(=S)NCCN2CCOCC2)c1,-5.457791328430176
guided,CO[N][C]1CCN([C]2[CH][CH][C]([C+](C)[O])[CH][C]2N([O-])[O-])CC1,-0.4990072548389435
guided,CN(C)S(=O)(=O)c1ccc(NC(=O)c2ccc3nsnc3c2)cc1,-0.5104640126228333
guided,NC(=O)C1CCN(c2nc(N)c(-c3ccco3)c(N)n2)CC1,-0.2833244502544403
guided,COc1ccc(OCc2nc3ccccc3c(=O)[nH]2)cc1,-2.123826026916504
guided,CCC(=O)Nc1nnc(-c2cccs2)s1,-3.211336851119995
guided,COc1ccc(-c2cc(C)nc(SCC(=O)N(C)c3ccccc3OC)n2)cc1,-3.0647802352905273
guided,BrCCSc1nnc(CNCc2ccccc2)o1,-3.7706656455993652
guided,C[C@H]1CCc2nn(CC(=O)Nc3ccc(N4CCOCC4)cc3)cc2C1,-2.610224723815918
guided,S=C(Nc1ccc2nccnc2c1)N1CCN(c2ccccn2)CC1,-2.843662977218628
guided,N#Cc1cc(-c2ccccc2)oc1NC(=O)c1ccco1,-1.6665875911712646
guided,C[C@@H](C(=O)NCc1ccccn1)N1C(=O)c2ccccc2C1=O,-0.8124695420265198
guided,COCCn1c(-c2ccccc2)cc(C(=O)O)c1C,-3.6486146450042725
guided,COc1cc(NC(=S)NCCN2CCOCC2)cc(OC)c1OC,-1.9176613092422485
guided,COc1ccc(N[C@H](C)C(=O)N2CCN(c3ccccc3F)CC2)cc1,-4.529437065124512
guided,Cc1cc(CNS(=O)(=O)c2ccccc2)ccc1C1=NO[C@H](c2cccnc2)C1,-1.6582213640213013
guided,N#Cc1ccccc1Cn1c(Cc2ccc3c(c2)OCO3)nc2c([C@H]3C=CCCC3)cccc21,-5.470657825469971
guided,COc1ccc(C(=O)Oc2cc(N)n(S(=O)(=O)c3ccc(C)cc3)n2)cc1,-0.47218286991119385
guided,CN(Cc1ccccc1)[P@@](C)(=O)c1ccccc1,-8.951700210571289
guided,CCO[c-]1[cH+][cH-][c+](N[c-]2[n-][c+]3[cH+][cH-][cH+][c-]4o[cH-][cH+][c-]2[c+]34)[cH-][cH+]1,-5.234019756317139
guided,C[C@@H](c1cccc(CN(C)Cc2ccc(F)cc2)n1)N(C)C(=O)c1ccc(S(N)(=O)=O)cc1,-0.9474727511405945
guided,CC(C)(C)[C@H]1CCC(=O)N(CC[C@H](N=[N+]=[N-])c2ccccc2)CC1,-3.6739280223846436
guided,O=S(=O)(c1ccccc1)N(C[C@H](O)CNC1CC1)c1ccc(-c2cccs2)cc1,-2.318085193634033
guided,CCOCCNC(=O)COC(=O)CCSc1ccccc1C#N,-0.5529331564903259
guided,O=C(CCC1CCCC1)NCc1csc(-c2cccnc2)n1,-3.789888381958008
guided,C/C(=N/N(Cc1cccs1)C(=O)c1n[nH]c2c1CCC2)c1cccs1,-3.362581253051758
guided,CC(=O)OCn1ncc(N2CCOCC2)c(Br)c1=O,-1.278491735458374
guided,CO[C-]1[N-][CH+][N-][C][C+]1[CH+][CH+][CH-][CH+][C-]1[C+]([O-])N[C-]([O-])N[C+]1O,-0.5165046453475952
guided,O=C(Nc1ccc2c(c1)CCC2)N1CCN(c2ccccc2)CC1,-6.2274346351623535
guided,S=C(NCc1ccccc1)NCc1ccccc1,-7.98532247543335
guided,O=C(CN1C(=O)NC2(CCCC2)C1=O)NC1CCCC1,-1.0725255012512207
guided,O=C(OCC(=O)N1CCCc2ccccc21)c1ccc(Cl)nc1,-2.778773784637451
guided,Nn1c(SCc2nc3ccccc3[nH]2)nnc1-c1cccs1,-0.9919623136520386
guided,COc1ccc2c(c1)O[C@@](O)(C(F)(F)F)CC2=O,-2.9129886627197266
guided,CN(C)N1C(=O)[C@H](NCc2ccc(Br)cc2)C[C@@H]1O,-2.8113462924957275
guided,[H]/N=c1/c(C(=O)NCC(C)C)cc2c(=O)n3cccc(C)c3nc2n1CCOC,-0.308248370885849
guided,CCOP(=O)(OCC)/C(=N/OC(=O)c1ccccc1)C(N)=O,-0.4424528181552887
guided,Clc1ccc(-c2nc3ccccn3c2CN2CCSCC2)cc1,-9.434443473815918
guided,COC(=O)C1CCN(C(=O)CCc2nnc(C3(c4ccc(Cl)cc4)CCC3)o2)CC1,-1.4177651405334473
guided,N/C(=N\OC(=O)[C@]12C[C@H]3C[C@H](C[C@H](C3)C1)C2)c1cccc([N+](=O)[O-])c1,-0.879584014415741
guided,Cc1cc(C)nc(NNC(=O)CSCc2nnc(C)n2C(C)C)n1,-0.4701933264732361
guided,COC(=O)c1ccccc1NC(=O)NNS(=O)(=O)c1ccc(C(C)(C)C)cc1,-0.6807863712310791
guided,O=S(=O)(COc1ncnc2c(Cl)cc(Cl)cc12)c1ccc(Cl)cc1,-2.9274423122406006
guided,COc1cc(/C=c2\sc3n(c2=O)CCN=3)ccc1OC(C)=O,-1.4355052709579468
guided,O=C(COC(=O)c1c(O)c2ccccc2oc1=O)Nc1cccc(S(=O)(=O)N2CCOCC2)c1,-0.2379821240901947
guided,CO[C-]1[N-][C-](C)N([O-])[C+]1C[C+]1[CH+][CH+][CH-][CH+][CH-]1,-3.9101405143737793
guided,[CH2+]C[C-]1C[CH+][C-]2[C+]([O-])[C+]([O-])[c-]3[cH+][cH-][cH+][cH-][c+]3C2C1.[H+].[H+],-4.033968925476074
guided,O=C(c1cn(-c2ccccc2Cl)nc1C(F)(F)F)N1CCOCC1,-4.313544750213623
guided,CCC[P@@](=O)(O)c1ccccc1,-5.4230194091796875
guided,CO[C-]([O-])[C+]([CH+][CH-][c+]1[cH-][cH+][cH-]o1)[CH+][CH-]N(C)[S+2]([O-])([O-])[c+]1[cH-][cH+][cH-][c+]2[n-]o[n-][c+]12,-0.23935888707637787
guided,Cn1c(Cn2c(=O)sc3ccccc32)nnc1SCC(=O)NCc1ccc2c(c1)OCO2,-0.44417548179626465
guided,C[C-]1N[C+]2CC(C)(C)C[C+]([O-])[C-]2CC1N([O-])[O-],-0.8130558729171753
guided,CN(CC(=O)Nc1ccc(C(=O)Nc2ccccc2Cl)cc1)Cc1ccccc1,-3.7744827270507812
guided,COC(=O)c1ccccc1NC(=O)CN(CC1CC1)S(=O)(=O)c1ccc(C)c(C)c1,-0.8919793963432312
guided,C[C@H](CCc1ccccc1)NC(=O)CCc1cccc2ccccc12,-8.462862968444824
guided,N#Cc1ccc2c(c1O)n([O-])cc(CN1CCCCC1)[n+]2=O,-0.3960752487182617
guided,CC[C@H](C)N/C(=N\c1nc2ccccc2n1C)c1ccc2ccccc2c1,-6.617363929748535
guided,S=C(c1ccc(Cl)s1)N1CCOCC1,-10.272064208984375
guided,Cc1ccc(-n2c(=O)c(/N=N/c3cccc(/C=N/C4CCCCC4)c3O)c(C)n2C)cc1,-3.3063225746154785
guided,N#Cc1ccc(N2CCN(C(=O)C3CC3)CC2)cc1,-3.85296630859375
guided,CN1C(=O)c2ccc(NC(=S)NC(=O)C(C)(C)C)cc2C1=O,-1.0211670398712158
guided,C/C(=N\NC(=O)Cn1cnc2ccccc21)c1ccc(O)cc1,-0.9944087266921997
guided,Cn1ccc(CC(=O)N2CCc3ccccc32)c1,-7.45660924911499
guided,CC(=O)c1c(OC(C)(C)C(=O)O)ccc2c3c(c(=O)oc12)-c1ccccc1C3=O,-0.9966868162155151
guided,Cc1ccc(C)c(OCC(=O)Nc2cc(C)on2)c1,-2.209531545639038
guided,COc1cccc(OC)c1Nc1nc2ccc(C)cc2n2cnnc12,-1.7880693674087524
guided,CCCCN1C(=O)/C(=C\c2cc(Br)ccc2OC)C(=O)N(CC(=O)OC)C1=O,-0.7465967535972595
guided,CC(=O)N/C(=C\c1ccc(OCCOCCO)cc1)C(=O)O[C@@H]1C[C@H](C)CC(C)(C)O1,-0.7112823128700256
guided,Cc1cnc(C(=O)NCCCCNC(=O)C(C)(C)C)cn1,-0.7146020531654358
guided,O=C(Nc1ccc(Oc2cccnc2)nc1)c1cccc([N+](=O)[O-])c1,-0.9879060387611389
guided,CCN[P@](=O)(c1c(C)nn(CCC#N)c1NC(=O)c1ccccc1C)N(C)c1ccccc1,-1.5733250379562378
guided,COc1cccc2c1OCC/C2=N\NC(=O)COc1ccccc1,-1.6813116073608398
guided,C=C(C)CSc1nnc(NC(=O)c2cccc(S(=O)(=O)N(C)C)c2)s1,-0.7252992391586304
guided,O=S(=O)(c1ccc(Cl)c(NC(=S)NCCN2CCOCC2)c1)N1CCCC1,-1.288657307624817
guided,CO/N=C(/NC(=O)Nc1ccc(F)cc1F)c1ccccn1,-1.3135908842086792
guided,Cc1ccc(O)c([C@H](CCN2CCC(C(=O)NC(C)C)CC2)c2ccccc2)c1,-4.591902256011963
guided,CNC1CC(O)C(CO)OC1OC1C(O)C(C)OC1(C[OH2+])O[c-]1[cH+][cH-][cH+][cH-][c+]1[C-]([O-])[C+]1[N-][CH+][CH+]N1,-0.400926798582077
guided,Cc1cc(C)nc(-n2nc(C)c(Br)c2-n2cc(COCCOCCO)cn2)n1,-0.5024123787879944
guided,Cc1ccccc1C(=O)NCCCCc1ccccc1,-7.541873455047607
guided,Cc1ccc(S(=O)(=O)N(CC(=O)NCCSCC(C)C)CC(C)C)cc1,-2.348616600036621
guided,COc1ccc(CN2C(=O)c3cccnc3C2=O)cc1S(=O)(=O)NC(C)C,-0.3112836182117462
guided,O=C(Nc1ccc(Oc2ncnc3cc(Cl)ccc23)nc1)c1ccc(C(F)(F)F)cc1,-3.7340519428253174
guided,COc1ccccc1NC(=O)CN(Cc1ccc(N(C)C)cc1)S(=O)(=O)c1ccc(F)cc1,-1.6842788457870483
guided,O=C(N/N=C/c1ccccc1Br)c1cc(-c2ccccc2)n[nH]1,-2.263441324234009
guided,O=[N+]([O-])c1cccc(N/N=N/c2nc3ccccc3s2)c1,-1.7204855680465698
guided,COc1ccc2nccc(C(=O)NN)c2c1,-0.9362176656723022
guided,COc1cc2c(c([N+](=O)[O-])c1OC)CCCC2,-2.5074172019958496
guided,OC1(c2nc(N3CCOCC3)c3ccc(F)cc3n2)CCCC1,-2.7096362113952637
guided,CC(=O)c1cccc(NC(=O)COC(=O)c2cnccn2)c1,-0.297213613986969
guided,CCOc1ccccc1CNC(=O)Cc1ccc(F)cc1,-5.5760111808776855
guided,Nc1cncc(-c2nc3ccccc3[nH]2)c1C(=O)c1ccccc1,-1.2755943536758423
guided,NC(=S)N/N=C\c1cccc(O)c1,-1.51646888256073
guided,C[C@H](C(=O)c1cccc(F)c1)n1cnc2ccccc2c1=O,-3.631042242050171
guided,CC1=NN([C@@H](C)C(=O)O)C(=O)C1,-1.6532846689224243
guided,O=C1NC(=O)[C@@](CCc2ccccc2)(CCc2nc3ccccc3[nH]2)C(=O)N1Cc1ccccc1,-1.7174959182739258
guided,Cc1ccc(S(=O)(=O)N/N=C\c2cc(Br)ccc2OCC(=O)O)cc1,-0.6285097002983093
guided,Cn1ncc(Br)c1C(=O)N/N=C/c1cccs1,-2.562364101409912
guided,CCC(=O)O[C@H](CC[C@@H](C)[CH-]CCC1=CC(=O)C=C(C)[C@@]1(C)[C+](F)CO)C(C)=O,-2.3354010581970215
guided,Cc1c(NC(=O)[C@H](C)OC(=O)c2ccc(Br)o2)c(=O)n(-c2ccccc2)n1C,-0.7810978293418884
guided,O=C(O)Cc1cc(=O)n2c(n1)sc1ccccc12,-1.340181589126587
guided,C[C@@H]1CCCN(C(=O)[C@H]2CCc3ccccc3C2)C1,-8.839451789855957
guided,Fc1ccccc1CSc1nnc(-c2cnc3ccccc3n2)n1-c1ccccc1,-4.974789142608643
guided,O=S(=O)(CCc1ccccc1)Cc1cccs1,-6.172799110412598
guided,Fc1ccc(NC(=S)N2CCc3ccccc3C2)c(F)c1,-10.248948097229004
guided,NS,-5.0
guided,C[C+]([O-])N[CH+][C-]([O-])N(C[c+]1[cH-][cH+][cH-]o1)C[c+]1[cH-][cH+][c-](C)o1,-0.5065381526947021
guided,[O][C](N[N][CH][C]1[CH][C](O)[CH][CH][C]1N([O-])[O-])[C+]1[CH][CH][CH][CH][C]1N1[CH][CH][CH][CH]1,-0.5241475105285645
guided,O=C1OCC[C@H]1/[S+]=c1\nc2c3ccccc3n(Cc3ccccc3F)c([O-])c-2n1Cc1ccccc1,-2.4713821411132812
guided,Cc1ncc([N+](=O)[O-])n1CCN(C(=O)c1ccccc1)c1ccc(F)cc1,-1.5480985641479492
guided,CC1CCN([C-]([O-])CN(C)[S+2]([O-])([O-])C[C+]2[C][CH-][CH+][C-](N([O-])[O-])[CH+]2)CC1,-0.48085930943489075
guided,NNC(=O)COc1nc(C2CCCCC2)cs1,-1.0638761520385742
guided,O=C(COc1c(F)cccc1F)Nc1nnc(C2CCCCC2)s1,-2.953493118286133
guided,COc1cc(Br)cc2cc(C(=O)N3CCCCCC3)c(=O)oc12,-3.1555726528167725
guided,COc1cc(N2CCC2=O)ccc1-n1cnnn1,-1.2601189613342285
guided,CO[C]1[CH][CH][C](CN[C+]2[CH][C](C)[CH][C](C)[CH]2)[CH][C]1O[C]1[CH][C](N[C](C)[O])[CH][C](N([O-])[O-])[CH]1,-1.0142347812652588
guided,C[C][C+]1[CH-][CH+][CH-][N-]C12N1C23[C][CH-][C+](F)[CH+][C@]13F,-9.285916328430176
guided,CCC(=O)Nc1ccc2c(c1)nc1n2CCN(CCOC)C1,-2.392430067062378
guided,[CH2+]CCCCC[C+]1[C]N[c+]2[cH-][c+]3[c+]([n-][c+]4[cH-][cH+][cH-][cH+][c-]43)[c-]([C+]([O-])OO)[c-]21,-1.8452461957931519
guided,CCN(c1ccc(OC)cc1)S(=O)(=O)c1nnc(NC(=O)c2cccs2)s1,-0.7801764607429504
guided,COc1cccc(C(=O)N2CCSC2=S)c1,-6.709350109100342
guided,O=[N+]([O-])c1ccc(N2CCN(S(=O)(=O)c3cccs3)CC2)cc1N1CCOCC1,-0.4295220673084259
guided,COc1cc(C#N)c(/N=C(\CSC(=S)N2CCCCC2)NC(C)=O)cc1OC,-1.1736457347869873
guided,CC(CC[C+]1[CH][CH][CH][CH][CH]1)NC(C)C(O)[C]1[CH][CH][CH][C](N([O-])[O-])[CH]1,-1.1947327852249146
guided,CC(=O)N1CCc2ccccc2[C@@H]1CC(=O)O,-2.665544271469116
guided,O=C(CN1CCN(Cc2ccccc2)CC1)Nc1ccccn1,-3.657846689224243
guided,CCOc1ccc(-c2ccc(NC(=O)Nc3cccc([N+](=O)[O-])c3)cc2)nn1,-1.4614388942718506
guided,COCCN1C(=O)N[C@@H](c2ccc(C(C)(C)C)cc2)C(C(=O)OC)=C1C,-2.211479425430298
guided,CO[c-]1[cH+][cH-][cH+][c-]([C-]([O-])CO[C+]([O-])CN2[C+]([O-])C3C[CH+][CH+]C(C4[CH-]C4)C3[C+]2[O-])[cH+]1,-0.3353896141052246
guided,CC(=O)Nc1cccc(CNC(=O)CCCC(=O)NCc2ccco2)c1,-0.486693799495697
guided,COC[C-](C)n1[c+](C)[c-]([C+]([O-])CO[C+]([O-])[c+]2[cH+][n-][cH-][cH+][n-]2)[cH+][c-]1C,-0.29734283685684204
guided,COc1ccc(NC(=S)N2CCC(C)CC2)cc1OC,-6.389949321746826
guided,Cc1ccc(N/N=C\c2ccccc2)nc1,-5.675387382507324
guided,[CH][OH+][C]1[C][C][C-][C]2C[N][C]3S[C]([C]([O])[C]4[CH][CH][CH]O4)[N]N3[C]21.[H+],-1.4317522048950195
guided,CC(=O)N[C@@H]1CCC[C@H](c2ccco2)C1,-4.808688163757324
guided,C/N=C/c1cc(Br)cc(Br)c1OCC#N,-4.731003284454346
guided,O=C(CC(c1ccccc1)c1ccccc1)N1CCN(c2ccc(N3CCCCC3)nn2)CC1,-4.480349540710449
guided,COc1cccc(-c2ccc(SCC#N)nn2)c1,-2.795325517654419
guided,COc1cc([C@@H]2C(C#N)=C(N)N(Cc3ccc[nH]3)C3=C2C(=O)CCC3)ccc1OC(=O)c1cc(C)cc(C)c1,-2.437932014465332
guided,Cc1cc(C(=O)NNC(=O)CO/C=C/c2ccc(Br)cc2)n[nH]1,-0.475176066160202
guided,CCOc1ccc(OC)c(-c2cc(C(=O)N/N=C/c3cccnc3)c3ccccc3n2)c1,-1.9278523921966553
guided,CC(C)C(=O)N(Cc1ccccn1)Cc1ccco1,-4.328179836273193
guided,CCCCCCN(CCc1cc2ccc(C)cc2[nH]c1=O)C(=O)CCC(=O)O,-1.3430263996124268
guided,CCOc1ccc2nc(CN3CCN(CCO)CC3)ccc2c1,-3.616694688796997
guided,CC(C)NC(=S)N(c1ccc2ccccc2c1)C1CCCCC1,-11.544416427612305
guided,C[C@@H]1CN(C(=O)N2CCOCC2)CCN(c2ccccc2)C1,-5.543082237243652
guided,CC(=O)Nc1cccc(NS(=O)(=O)c2ccc(F)c(C(=O)N3CCCC3)c2)c1,-0.7161509990692139
guided,C[N-][N-][C+](C)[c+]1[cH-]o[c+](O)[cH-][c+]1[O-],-0.7847990989685059
guided,ON1[C-]=C2C(=CC(c3ccncc3)=N/C2=[S+]\Cc2ccccc2)CC1,-4.059974670410156
guided,CCNc1cc(-c2ccc(F)cc2F)nn1CCC#N,-3.6550912857055664
guided,Cc1cc(Cl)ccc1OC1=C(c2nc(C)c(C(=O)NCc3cccs3)o2)CCC1,-4.863414764404297
guided,CCc1ccc2nc(SCC(=O)Nc3ccc4c(c3)OCCO4)[nH]c2c1,-1.8101203441619873
guided,ON1[C@H](Nc2ccccc2Cl)N[C@@H]2CCCC[C@@H]21,-4.173940658569336
guided,CN(C(=S)NC(=O)Cc1cccs1)C1CCCCC1,-6.5627665519714355
guided,NNCCc1ccccc1,-5.2571258544921875
guided,O=C(N/N=C/c1ccc(-c2ccc(O)c(C(=O)O)c2)o1)c1ccc(O)cc1,-0.7135650515556335
guided,Cc1ccc(N2CCN(c3cc(=O)n(C)c(=O)[nH]3)C2)cc1,-2.195094585418701
guided,CN(Cc1ccc(-c2ccccc2)cc1)C[C@@H](O)COc1ccccc1Cl,-7.795162677764893
guided,CCOC(=O)/[C-]=C/N=C(\N=C(/[O-])c1ccc2ccccc2c1)[N+](/C)=N\C=C\C=C1\C=CC=[O+]1,-0.8030328750610352
guided,O=[N+]([O-])[C@H]1c2ccccc2NN1C1CCCCC1,-3.02711820602417
guided,O=[N+]([O-])c1ccc(NS(=O)(=O)c2ccc(Cl)s2)cn1,-0.6298898458480835
guided,[NH-][C-]1N(C[c+]2[cH-][cH+][cH-][cH+][c-]2F)[C-]2[CH+][CH-][CH+][C][C+]2N1C1CCCCCC1,-8.420933723449707
guided,O=S(=O)(c1ccc2ccccc2c1)N1CCOCC1,-3.944542646408081
guided,Cc1cc(C)cc(NC(=O)CCC(=O)Nc2nccs2)c1,-1.892096996307373
guided,CP([O-])[C+]([CH-][c+]1[cH-][cH+][cH-][cH+][cH-]1)S[C][N-2],-4.456361770629883
guided,Fc1ccccc1N1CCN(Cc2ccccc2Cl)CC1,-12.18565845489502
guided,C[C@@H]1CN(Cc2nc3ccccc3[nH]2)C[C@H](C)O1,-4.8250508308410645
guided,CO[C]1[CH][C]([CH][N]N[C]([O])CN([C+]2[CH][CH][CH][CH][CH]2)S([O])([O])[C]2[CH][CH][CH][C](N([O-])[O-])[CH]2)[CH][C](OC)[C]1OC,-0.7384803891181946
guided,COc1ccc(CCN(Cc2ccccc2)C(=O)Nc2cccc(C)c2)cc1OC,-5.526880741119385
guided,Clc1ccc(/C=N/c2ccccc2CNC[C@@H]2CCCO2)cc1,-7.222114086151123
guided,Nc1nc(SCC(=O)Nc2ccc(S(N)(=O)=O)cc2)n[nH]1,-0.31461524963378906
guided,Cc1ccc(-n2nc3c(c2NC(=O)Cc2ccc(F)cc2)C[S@@+]([O-])C3)cc1,-2.0593454837799072
guided,Cc1nc(/N=C/N(CCOCCCO)Cc2ccccc2)ncc1Cl,-1.8733904361724854
guided,CN(C)N1C(N)=C(C#N)[C@H](c2cccc(Cl)c2)C2=C1CCCC2=O,-1.6964874267578125
guided,CC1=C(C)N(Cc2ccccc2)C(=O)/C1=N\Nc1ccc(N2CCOCC2)cc1C,-3.6611788272857666
guided,O=C(C[C@H](c1ccccc1)c1ccc2c(c1)OCO2)N1CCN(S(=O)(=O)c2ccccc2)CC1,-1.739280343055725
guided,CCOC(=O)NC(=S)Nc1c(C)n(C)n(-c2ccccc2)c1=O,-1.0660514831542969
guided,N#Cc1c(C(F)(F)F)cc(-c2ccco2)nc1SCc1ncn[nH]1,-1.3191189765930176
guided,C/C=C/C(=C/N=N/C1=NCCN1)C(=O)NNC(=O)c1ccccc1,-0.33739420771598816
guided,O[C@H](c1nnc(-c2ccc(C(F)(F)F)cc2)o1)c1cccc2ccccc12,-4.377493858337402
guided,O=C(CN(C(=O)CNC(=O)c1cccs1)c1ccccc1F)NC1CC1,-0.9620040655136108
guided,O=C(c1cccc(C(F)(F)F)c1)N1CC[C-](N2CCC(O)CC2)[C@H](O)C1.[H+],-2.1314799785614014
guided,COc1ccc([C@@H](CC(=O)c2ccc(C)cc2)c2cccnc2)cc1OC,-5.362864971160889
guided,CCCCc1ncc(C#N)c(OC(=O)[C@H](C)CC)c1C,-2.903775215148926
guided,CCC(=O)c1cn(CC(=O)NCc2ccncc2)c2ccccc12,-2.3070926666259766
guided,CC(=O)N(CC(C)C)c1cn(C(C)=O)c2ccccc12,-5.09505033493042
guided,CNCc1nc2c(c(=O)n(C)c(=O)n2C)n1CCc1ccccc1,-1.1473972797393799
guided,COc1ccc(C(=O)Oc2cc3oc(=O)cc(C)c3cc2OC)cc1OC,-1.2558735609054565
guided,CCOc1ccccc1/C=C\C(=O)NNC(=O)NCc1ccccc1,-1.1257413625717163
guided,[N-2][C][C+]1[C]OC2[CH+][CH-][CH+][CH+][C+]2C[N-]C1[c-]1[cH+][c-](Cl)[cH+][cH-][c+]1O,-2.834332227706909
guided,O=S(=O)(c1cnc(Cl)c(Cl)c1)N1CCCCC1,-3.825517177581787
guided,Cc1cccc(CN(CC2CC2)C(=O)c2ccco2)c1OC(F)F,-5.713271617889404
guided,N#Cc1c(N2CCOCC2)nc2ccccc2c1N1CCOCC1,-2.199220895767212
guided,CCO[C-]1[CH+][CH-][N-][c+]2[n-][c+](N[c+]3[cH-][cH+][cH-][cH+][c-]3C)n(CC3CCCO3)n21,-2.5241968631744385
guided,N#CCOc1ccc(NC(=O)COc2c(F)c(F)c(F)c(F)c2F)cc1,-1.9974610805511475
guided,O=C(NS(=O)(=O)c1ccc(Oc2ccccc2)c2ccccc12)Oc1ccccc1,-2.813802480697632
guided,COc1ccc(OC)c(N(CC(=O)Nc2ccc3c(c2)OCO3)S(=O)(=O)c2ccccc2)c1,-0.8643733859062195
guided,Cc1nc2nc(SCC(=O)N3CCOCC3)nn2c(C)c1C/C=C/c1ccccc1,-1.6877034902572632
guided,[CH2-]CC/C=[NH+]/C(=O)/C(=C/c1ccc(OC)c(OC)c1)NC(=O)c1ccc2nc(CCc3ccccc3)oc2c1,-1.1318724155426025
guided,CO[c+]1[cH-][c+](C[C-]([O-])NN[S+2]([O-])([O-])[C+]2[CH+][CH-][C+]([c-]3[cH+][cH-][cH+][cH-][c+]3[C][O-])[CH-][CH+]2)[cH-][cH+][c-]1OC,-0.28123238682746887
guided,O=[N+]([O-])c1ccc(Cl)c(Nc2ncccn2)c1,-1.145399570465088
guided,CCCOc1ccc(C(=O)N[C@H](C(=O)O)C(C)C)cc1,-1.3087174892425537
guided,CN(C(=O)CSc1c2c(nc3ccccc13)CCC2)c1ccc(F)cc1,-7.445847034454346
guided,O=C(CCNS(=O)(=O)Cc1ccccc1)NCCCN1CCCCCC1,-0.9991117119789124
guided,COCCN1CCN(Cc2nc3c(c(=O)n(C)c(=O)n3C)n2Cc2ccc(Cl)cc2)CC1,-0.9045566916465759
guided,CCn1cc([N+](=O)[O-])c(C(=O)Nc2ccc(F)cc2F)n1,-0.7161832451820374
guided,Cn1cnnc1Sc1ccc(F)cc1,-6.554470062255859
guided,O=C(CSc1nc2ccccc2s1)Nc1ccc(S(=O)(=O)N2CCCC2)cc1,-1.7265419960021973
guided,C[C@@H](NC(=O)c1cccc2ncccc12)C1C(=O)CC(C)(C)CC1=O,-1.4377644062042236
guided,COc1ccc2c(cc(C)n2C)c1OC,-7.899234771728516
guided,O=[C+](c1ccncc1)N(O[C][O-])c1cccc2ccccc12,-1.91142737865448
guided,OC1(c2ccc(Cl)cc2)CCN(Cc2ccccc2Cl)CC1,-9.15615177154541
guided,Cc1ccccc1CCNC(=O)c1cccn(C/C=C/c2ccccc2)c1=O,-4.25734806060791
guided,C1=CC23O[C@@]24NC34C=C1Oc1ccccc1.COc1nnc(C)c2nocc12,-0.43288421630859375
guided,COc1ccc(NC(=O)/C=C/c2cccs2)cc1NC(=O)c1cccs1,-3.2461814880371094
guided,CC(=O)c1cccc(OCCOCCOc2cccc3cccnc23)c1,-3.52059268951416
guided,Cc1[nH]c2ccc(C(=O)N(C)C(C)C)cc2c1C,-6.133707046508789
guided,OCCNc1cc(F)nc(-c2ccco2)n1,-1.4324945211410522
guided,CCCC(=O)NC(=S)Nc1ccc(NC(=O)c2ccc(Br)o2)cc1C,-1.953433871269226
guided,N#C/C(=C/c1ccc(C(=O)O)cc1)c1ccccc1OCCOCCOO,-0.9822115898132324
guided,CC(=O)N1c2ccc(S(=O)(=O)N[C@@H](C(=O)N3CCCC3)C(C)C)cc2C[C@H]1C,-0.7336708307266235
guided,CCOc1cc(CC)nc(N)c1C#N,-1.4268805980682373
guided,CCOc1cccc(-c2cc(C(=O)NN)[nH]n2)c1,-0.3837140202522278
guided,C=C1CC1C(=O)S[C@H](C)C(=O)NC1=[S+]C=C/C1=C(/[O-])O,-0.5941041707992554
guided,Cc1ccc2cc(CCNC(=O)CC(C)(C)C)c(=O)[nH]c2c1C,-2.7682976722717285
guided,COc1ccc(/C=C\C(=O)NCC(=O)O)c(OC)c1,-0.5999614000320435
guided,O=C1Nc2ccc(Cl)cc2/C1=N/O,-2.2692816257476807
guided,CCCC(=O)Nc1c(C)n[nH]c1C(=O)OCC,-0.7514216899871826
guided,Nc1nc(=O)n([C@@H]2O[C@H](CO)[C@@H](O)[C@@H]2F)cc1I,-0.462229460477829
guided,[H]/N=c1/c(-c2ccccc2)c(C(F)(F)F)n(O)c2c1n1c(=O)cc(-c3ccco3)nc1n2Cc1ccco1,-2.048488140106201
guided,O=C(Nc1nnc(-c2ccc3ccccc3c2)s1)c1cccs1,-4.464928150177002
guided,CCCCNCCC[C@H](Cc1ccccc1)c1cccs1,-12.217836380004883
guided,Cc1cc(OC(=O)CNC(=O)OC(C)(C)C)c2c(C)cc(=O)oc2c1,-0.7678530216217041
guided,C[C@@H](Cc1ccccc1)n1nnnc1SCC(=O)N1CCN(c2ccccc2)CC1,-2.06350040435791
guided,Nc1c(C(=O)N2CCOCC2)sc2nc(N3CCOCC3)c3c(c12)CCCC3,-0.9437560439109802
guided,COc1cc(CN(C)C(=O)COc2ccc3ccccc3c2)cc(OC)c1OC,-3.562481641769409
guided,Cc1ccc2cc(CN(CCCC#N)S(=O)(=O)c3ccccc3F)c(=O)[nH]c2c1,-1.0897746086120605
guided,OC[C@@H](O)C(O)O,-1.317290186882019
guided,C[C@@H]1O[C@H](O[C@H]2[C@H](O)[C@@H](O)[C@H](O)[C@H](O)[C@@H]2O)[C@@H](N)C[C@H]1[N+](=O)[O-],-0.5371086001396179
guided,COc1ccccc1C(=O)Nc1ccc(OCC(N)=O)cc1,-0.4309854209423065
guided,COc1ccc2c(c1)[nH]c1c(Cl)ncnc12,-3.7535457611083984
guided,CCOc1ccc(-c2ncc(C(C)(C)c3ccccc3)[nH]2)cc1O,-3.9954211711883545
guided,[O][C](C1CCN([C+]([O])[C]2[CH][CH][C](F)[CH][CH]2)CC1)N1CCN([C]2[CH][CH][CH][CH][C]2N([O-])[O-])CC1,-0.7463783621788025
guided,Cc1ccc(C[C@H](C)CC[C@H](O)c2ccccc2)s1,-10.038912773132324
guided,O=S(=O)(Cc1ccccc1)c1nc(-c2ccccc2)c(N2CCN(c3ccc(F)cc3F)CC2)s1,-5.370687961578369
guided,COc1ccc(CCNC(=O)c2c(N)n(-c3ccccc3OC)c(=S)[nH]c2=O)cc1,-0.517104983329773
guided,[CH2-]COCCN(C)C[C+]([O-])N[C+]([O-])N[c+]1[cH-][cH+][cH-][c+](C(F)(F)F)[cH-]1,-0.6938088536262512
guided,O=C(Nc1nc(Cc2cccs2)ccc1O)c1cccc(S(=O)(=O)N2CCOCC2)c1,-0.6158209443092346
guided,Cc1coc2cc3c(cc12)C(=O)N(CC(=O)O)C3=O,-0.5659765005111694
guided,CCNC(=S)NNC(=O)c1ccc2ccccc2c1O,-1.273796796798706
guided,COC[C@@H](C)c1nnc2scc(-c3ccccc3)n12,-5.485489845275879
guided,C[C@@](Cc1ccccc1)(C(=O)O)N1C(=O)c2ccc(C(=O)O)cc2C1=O,-0.4607490599155426
guided,Cc1ccc(S(=O)(=O)Nc2ccc3c(c2)nc(C)n3C)cc1,-2.3708724975585938
guided,C[C]1[CH][CH][C](N([O-])[O-])[C](OCC(O)[C+]2[CH][CH][CH][CH][N]2)[CH]1,-0.5930094122886658
guided,Cc1cc(Nc2ccccc2)n(-c2ccc(CN(C)Cc3ccccc3)cn2)n1,-5.8567214012146
guided,COCCN1CCC[C@@H](CNC[C@H](O)c2ccc3ccccc3c2)C1,-4.493199348449707
guided,Nc1ccc2c(c1)nc(Cc1ccccc1)n2CCO,-2.0792267322540283
guided,Cn1c(=O)c2c(ncn2CC(=O)Nc2nccs2)n(C)c1=O,-0.30036741495132446
guided,CCOc1cccc(CN2CCC[C@H](N3CCC(Cc4ccccc4)CC3)C2)c1O,-7.144172668457031
guided,S=C(NC1CCCCCC1)N1CCN(Cc2ccc3ccccc3c2)CC1,-10.177899360656738
guided,NC(=O)c1cc([N+](=O)[O-])ccc1NCc1cccnc1,-0.3721884489059448
guided,CC[C@H](C)C(=O)Nc1ccc(OC)cc1[N+](=O)[O-],-1.060652494430542
guided,C[C@H](C(=O)N1CCN(c2ccc(Cl)c(C(F)(F)F)c2)CC1)N1C(=O)c2ccccc2C1=O,-3.108062267303467
guided,COCCNC(=O)[C@@H](Cc1ccccc1)NC(=O)c1cccc(F)c1,-1.715932011604309
guided,Cc1ccc(NC(=O)Cn2nc(-c3ccccc3Cl)ccc2=O)cc1Br,-3.2122175693511963
guided,O=C(COC(=O)c1cccc(N2CCCC2=O)c1)c1ccccc1,-2.374418020248413
guided,CC(=O)N1c2ccccc2C(=O)O[C@H]1c1cccc(F)c1,-4.403802871704102
guided,CCOc1cc(N2CCCCC2)ccc1Nc1c(C(N)=O)cnc(N2CCN(C=O)CC2)c1N,-0.44175928831100464
guided,CCOCCCN(C(=O)CCC(=O)Nc1nccs1)[C@H](C(=O)NC(C)(C)C)c1ccc(F)cc1,-1.3636518716812134
guided,Nc1ccccc1COC(=O)CCCC1=NS(=O)(=O)c2ccccc2N1,-0.6465040445327759
guided,CCOc1ccc(-c2nnc(NC(=O)Cc3ccc4c(c3)OCO4)o2)cc1,-0.7928471565246582
guided,O=[N+]([O-])c1ccc(NCCN2CCCC2)cc1NCc1cccnc1,-1.1979964971542358
guided,CCOCC(=O)O,-4.217770576477051
guided,Cc1cnc(C(=O)Nc2nnc(SCc3cc(=O)[nH]c(C)n3)s2)cn1,-0.3691888451576233
guided,CCOc1ccc(/N=C(/C(=O)O)c2ccccc2)cc1,-3.0611867904663086
guided,OCC1(CCc2ccccc2)CCN(CC#Cc2ccccc2)CC1,-8.568281173706055
guided,CCOC(=O)[C@H](C)C(=O)[C@@H](c1ccc(F)cc1)[C@@H](C)c1ccc(C(=O)CC)cc1,-4.344537258148193
guided,CNC1CCN(Cc2[c-]c3nsnc3cc2)CC1.[H+],-4.7495012283325195
guided,O=C(Nc1ncn[nH]1)c1ccc([N+](=O)[O-])c2ccccc12,-0.45483294129371643
guided,O=C(Nc1cc(=O)[nH]c2ccccc12)c1ccco1,-1.2712384462356567
guided,CCOC[C@@H](CCCO)[C@@H](CCOC)c1cn(C(C)=O)c2ccccc12,-3.212993860244751
guided,[N-2][C][C+]([C+]1[CH+][CH+][CH-][CH+][CH-]1)[C-]1[CH+][CH-][CH+][CH-]N1[C+]([C][O-])[CH+][c-]1[cH+][cH-][cH+]o1,-2.4816813468933105
guided,NS(=O)(=O)c1ccc(OC[C@H](O)CN2CCCC2)cc1,-0.38491398096084595
guided,Nc1nccc(-c2cc3cc(Br)ccc3o2)n1,-2.42758846282959
guided,O=C(NNS(=O)(=O)c1ccc(Cl)cc1)c1cc(F)ccc1Oc1ccccc1,-1.6436660289764404
guided,[CH2+]CCN(CC/C=C1\C=CC(F)=C[CH-]1)Cc1nc(-c2ccccc2)no1,-6.1901469230651855
guided,Cc1cc2n(n1)S[C@H](Nc1cccc3ccccc13)N2,-5.414762496948242
guided,COc1ccccc1CCNC(=O)NC[C@]12C[C@H]3C[C@H](C[C@H](C3)C1)C2,-4.369267463684082
guided,C/C(N)=C(/C#N)C(=O)CN(C)C(=O)CCc1ccccc1,-0.5591695308685303
guided,Cc1ccc(Cl)c(OC[C@H](O)CNC(C)(C)C)c1,-5.061982154846191
guided,O=[N+]([O-])c1ccc(O)c(NC(=S)Nc2ccccc2)c1,-1.1077994108200073
guided,COc1ccccc1-c1cc2ccccc2cc1OC,-10.103174209594727
guided,CN(N=O)C(=O)NC[C@@H](O)[C@@](O)(C(=O)N1CCCC1)c1ccccc1,-0.34484347701072693
guided,OCC[C@@H]1CN(Cc2cccn2-c2ncccn2)CCN1Cc1ccc(F)cc1,-2.811328172683716
guided,N#Cc1nc(Cc2ccccc2Cl)oc1NCc1cccs1,-3.5972237586975098
guided,O=C(NC(=O)C1CCCCC1)c1cc2sc(C(F)(F)F)cc2[nH]1,-3.378584384918213
guided,CNC([CH-]OCC1CS1)CO[c+]1[cH-][cH+][cH-][cH+][c-]1-[c+]1[cH-][cH+][cH-][cH+][cH-]1,-7.16845178604126
guided,CCCOc1ccc(-c2cc3cc4ccccc4cc3oc2=O)cc1Cl,-8.026659965515137
guided,[H+].[O-][C+](N[c-]1[cH+][cH-][c+]2[n-][c+](SC[c-]3[cH+][cH-][c+](Cl)[cH-][cH+]3)s[c-]2[cH+]1)[C-]1[CH+][CH-][CH+][C][C+]1[c-]1[cH+][cH-][c+]2[cH-][cH+][cH-][cH+][c-]2[c+]1[O-],-5.141452789306641
guided,COCCCNC(=S)Nc1cccc(S(=O)(=O)N2CCCCCC2)c1,-1.7546322345733643
guided,CN[C@H]1CC(=O)N(c2ccc(Cl)c(Cl)c2)C1=O,-3.7152786254882812
guided,O=C(OCC(=O)N1CCN(C(=O)c2ccco2)CC1)c1sc2ccccc2c1Cl,-1.3835071325302124
guided,O=S(=O)(c1ccc(Br)cc1)n1nc(-c2ccccn2)oc1=S,-1.5313366651535034
guided,O=C(NCc1ccccn1)[C@@H]1CC(c2ccc(Cl)c(Cl)c2)=NO1,-2.5618934631347656
guided,Cc1cc(C(F)(F)F)cc(NNC(=O)NC2=[S+]C3=C(CC(C)(C)OC3)/C2=C(/N)[O-])n1,-0.39338353276252747
guided,CCCC(=O)NCCc1cc2c(C)ccc(C)c2[nH]c1=O,-2.4881534576416016
guided,O=C(NCCO)/C(=C\c1ccc2c(c1)OCO2)NC(=O)c1ccccc1,-0.30338752269744873
guided,C[C][C+](O[C-]([O-])[C+]1[CH+][CH-][CH+]O1)[C-]([O-])[C+]1[CH+][CH-][C+](N[C-]([O-])N2CCN([C+]3[CH+][C-](Cl)[CH+][CH-][C+]3C)CC2)[CH-][CH+]1,-0.5307316780090332
guided,O=C(N/N=C/c1ccccc1C(F)(F)F)c1cccs1,-5.405472755432129
guided,COCCn1c([O-])c2ccccc2[s+]c1=O,-2.9223792552948
guided,CCO[C-]([O-])[c+]1[c+](-[c+]2[cH+][cH+][c+](OC)[cH-][cH+]2)[cH+]s[c+]1N[C-]([O-])CS[C+]1[N-][N-]C([C][N-][N-][C+](N)[S-])O1,-0.7076195478439331
guided,COc1ccc(OC)c(OC(=O)N(C)c2ccc(C)cc2)c1,-4.5193915367126465
guided,NNc1ccncn1,-2.168473958969116
guided,O=C(CN1CCN(c2ccc(O)cc2)CC1)NCCc1cc([N+](=O)[O-])cc(C(=O)O)c1O,-0.28388649225234985
guided,CNC(=O)N1c2ccccc2NC(=O)c2ccccc21,-2.5253512859344482
guided,O=S(=O)(c1ccc2c(c1)OCO2)N1CCC[C@H]1Cc1ccccn1,-1.675580620765686
guided,COCCCNC(=O)c1ccc(COc2ccc(C)cc2OC)o1,-1.8694411516189575
guided,Cc1cc(C)cc(N/C=C2\C(=O)N(C)C(=O)c3ccccc32)c1,-4.187575817108154
guided,COCCNC(=O)CN(C(=O)c1ccc(OC(C)C)nn1)c1ccc(C(C)=O)cc1,-0.3900216519832611
guided,CN1c2cc3c(cc2N(C)C1C(=O)O)CCCC3,-4.410346984863281
guided,CCOc1ccc(-n2c(C)nnc2SCc2nc3ccccc3[nH]2)cc1,-2.7312159538269043
guided,Cc1cccc(C)c1OCc1cc(C(=O)N2CCCCCC2)no1,-3.814615249633789
guided,O=C1c2ccccc2C(=O)[C-]1/C=N/c1cccc2ccccc12.[H+],-5.213713645935059
guided,CCOc1ccc(N/C=C2/C(=O)Oc3ccccc3C2=O)c([N+](=O)[O-])c1,-0.8235349059104919
guided,COc1ccc(NS(=O)(=O)c2c(C)nn(-c3ccccc3)c2NC(=O)c2cccs2)cc1OC,-1.5838428735733032
guided,S=C(NC[C@@H]1CCCO1)N1CCN(C2CCCCC2)CC1,-7.136343955993652
guided,NCc1c[nH]c(=S)n1Cc1ccccc1,-4.062836170196533
guided,COc1ccc(/C=C/[S@+]([O-])N2CCCC2)cc1OC,-4.388709545135498
guided,FCCCOc1ccc(OCCN2CCOCC2)cc1,-6.441144943237305
guided,COc1ccc(S(=O)(=O)N(CC(=O)O)Cc2cccc3ccccc23)cc1C,-1.3083399534225464
guided,[H]/N=c1\sccn1CC(=O)Nc1cc([N+](=O)[O-])ccc1C(=O)O,-0.33330613374710083
guided,COc1cc([C@H]2CC(=O)N3CN(c4ccccc4)CSC3=C2C#N)ccc1O,-1.7797868251800537
guided,O=C1/C(=C/c2ccc(F)cc2)Oc2cc(O)ccc21,-4.489325046539307
guided,C[C@H]1Cc2ccccc2N1C(=S)Nc1ccccc1F,-10.413078308105469
guided,Cn1cc(CCC(=O)O)c(-c2ccc3c(c2)OCO3)n1,-1.2823472023010254
guided,C[C@@H]1Cc2c(O)c(C(=O)N3CCC(CCCNC(=O)c4ccccc4)CC3)n(Cc3ccccc3)c2C1,-3.1474180221557617
guided,Nc1nnc(CSCc2ccc(C(=O)OCc3ccc(F)cc3)o2)s1,-1.2797693014144897
guided,NCCCCCNC(=O)C1CCN(S(=O)(=O)c2cnc[nH]2)CC1,-0.4062422215938568
guided,CNC1=Nc2ccccc2[C@@H](c2cccc(O[C@H]3CCN(Cc4ccccc4)C3)c2)N1,-4.838527679443359
guided,COc1ccc(C)cc1NC(=O)COCC(=O)N1CCc2ccccc21,-1.8051025867462158
guided,Cn1c(=O)n(CCO)c(=O)c2c1ncn2C[C@@H](O)CCNCCON,-0.37729811668395996
guided,CN(C)c1ccc(C(=O)N/N=C\c2cccc3cccnc23)cc1,-3.0019311904907227
guided,O=c1[nH]c(=O)n2c(c1/C=[N+]1\CCc3ccccc3C1)OCCCCC[CH-]C2,-1.772864580154419
guided,Nc1cccc(C(=O)OCC(=O)NCC(=O)N/C(=C\C=C\c2ccccc2)C(=O)O)c1,-0.2907557189464569
guided,Fc1ccccc1CSc1nc2ccccc2o1,-8.452107429504395
guided,CCC(C)(C)NC(=O)[C@@H](c1ccc(OC)cc1)N(C(=O)CCC(=O)Nc1ccccn1)c1ccccc1,-2.115081548690796
guided,COc1cc(NC(=O)c2cc(C)oc2C)cc(OC)c1OC,-2.0008418560028076
guided,Cn1c(=O)c2c(nc(CN3CCN(CCO)CC3)n2CCCCCOc2ccccc2)n(C)c1=O,-0.2732321619987488
guided,Cc1cc(C(=O)N/N=C\c2cccc(Br)c2)c(C)n1C1CC1,-5.022916316986084
guided,CC1=C(C(=O)OCCOCCN(C)C)[C@@H](c2cccnc2)C2=C(CCCC2=O)N1,-0.9437949061393738
guided,Nn1cnnc(C(=O)O)c1=O,-0.5716139078140259
guided,C[C@@H]1CCCN(c2c(NCc3cccs3)c(=O)c2=O)C1,-3.7000327110290527
guided,CO[c-]1[cH+][cH-][cH+][cH-][c+]1CN[C-]([O-])CC1C[C+]([O-])N(CC[C][CH+][CH+][C+]([NH-])[O-])[C+]1[O-],-0.3210738003253937
guided,COc1ccc(-c2nc3cccnc3s2)cc1NC(=O)c1ccccn1,-1.9663360118865967
guided,CC[C@@H](CNC)[C@@H](C)CCC(C)C,-10.892912864685059
guided,CN(CC(=O)NCCc1ccc2c(c1)OCO2)CC(=O)Nc1ccc(F)cc1F,-0.8636844158172607
guided,N#CCOc1ccccc1NC(=O)Cn1c(=O)oc2cc(S(=O)(=O)N3CCCC3)ccc21,-0.3029327392578125
guided,Cc1cc(C)nc(-c2ccc3ccccc3c2)c1,-11.305927276611328
guided,O=C(NC1CCN(S(=O)(=O)c2ccc(F)cc2)CC1)[C@]12C[C@H]3C[C@H](C[C@H](C3)C1)C2,-2.4723503589630127
guided,CCCCC(=O)NC[C@@H](c1cccs1)N1CCN(c2ccccc2F)CC1,-6.5780439376831055
guided,CCCCn1c(N)c(Br)c(=O)[nH]c1=O,-0.9729523658752441
base,[O-][S+2]([O-])([c+]1[cH-][cH+][cH-][c+](Cl)[cH-]1)[C-]1[N-][C+]([c+]2[cH-][cH+][cH-][cH+][c-]2Cl)NN1,-1.2862696647644043
base,C[C@H](NCCN1CCCCC1)C(=O)Nc1cccc(C(F)(F)F)c1,-4.735175132751465
base,Cc1ccccc1NS(=O)(=O)c1ccc2c(c1)C(C)(C)CC(=O)N2,-1.7579405307769775
base,CNc1nc[nH]c1C(=O)NCCCN1CCOCC1,-0.7685173749923706
base,O=C(NN=C1CCCCCC1)c1ccccc1O,-2.6245908737182617
base,COc1ccc(OC)c(Cc2c(C)nc3c(C(C)=O)c(C)nn3c2C)c1,-2.5018227100372314
base,CCOc1ccccc1NC(=O)NCc1ccccn1,-2.333991527557373
base,COc1ccc(S(=O)(=O)Nc2ccc(C)c(N(C)S(C)(=O)=O)c2)cc1,-0.5111711025238037
base,Cc1ccccc1N[C-](C)C1=C([O-])C[S@@+3]23=C([N-]1)NC2(c1ccccc1)O3,-1.4473166465759277
base,Cc1cc(NC(=O)c2nc3ccccc3s2)ncc1C(=O)Nc1ccc(C(N)=O)cc1,-1.0729548931121826
base,COc1ccc(C)cc1-n1cnnn1,-3.181612491607666
base,CCN(CC)c1ccc(S(=O)(=O)N2CCCC2)cc1N,-1.8222118616104126
base,Fc1ccc(CN2CCC[C@H](Oc3ccccc3OC(F)F)C2)c(F)c1,-9.57955551147461
base,S=C(Nc1nc2ccccc2[nH]1)Nc1ccccc1Cl,-4.260841369628906
base,[H+].[O-][C-](O)CC[c-]1[cH+][cH-][cH+][cH-][cH+]1,-4.434322357177734
base,C[C@@H]1CCC[C@H](C)N1NC(=O)c1ccc(Cl)c(S(=O)(=O)N2CCOCC2)c1,-1.1537796258926392
base,COCCn1c(SCC(=O)Nc2nonc2C)nnc1-c1ccoc1C,-0.3919762969017029
base,Cc1ccccc1C(=O)Nc1ccc(S(=O)(=O)NC2=NCCCCC2)cc1,-1.2386270761489868
base,C1CCC(CC[C@@H]2NCCO2)CC1,-8.478761672973633
base,NS(=O)(=O)c1ccccc1NCCC1=CCCCC1,-1.6295173168182373
base,CCOC(=O)NCn1c(-c2ccccc2)nc(C)cc1=O,-1.280371904373169
base,CN(C)S(=O)(=O)N1CCC(Oc2ccc(C(=O)N3CCCC3)cc2)CC1,-1.5379685163497925
base,CCOc1ccc(C[C@@H]2NCCc3c2ccn3-c2ccc(F)cc2)cc1OCC,-7.330887317657471
base,O=S(=O)(Nc1ccc(F)cc1)c1ccc2ccccc2c1,-4.867435455322266
base,CCN(C(=O)C1=C(C)NC(=O)N[C@H]1c1cccc(C(F)(F)F)c1)c1ccccc1,-3.598418712615967
base,CO[C-]1[CH+][CH-][CH+][C-]([c+]2[cH-][cH+][cH-][cH+][c-]2[CH+][C-]([C][N-2])[c+]2[cH+][cH+][cH+][cH-][cH+]2)O1,-6.127734184265137
base,CC(C)[CH-][N-][N-][C+]([C+]1[CH+][CH-][CH+][C-](N([O-])[O-])[CH+]1)C12CN3[CH+]N(CN(C3)C1)C2.[H+].[H+],-0.9824339747428894
base,COc1ccc([C@H]2c3[nH]c4ccccc4c3CCN2C(=O)c2cnc(C)cn2)c(OC)c1OC,-1.5227407217025757
base,COc1ccccc1/C=N/c1cccc2ccccc12,-9.563641548156738
base,OCC1=C2C=CC=C[C-]2C2=NCC[N+]2=[C-]N1.[H+],-3.9648663997650146
base,O=C(/C=C/c1ccc(F)cc1)N(Cc1ccccc1)Cc1nc2ccccc2c(=O)[nH]1,-3.063020944595337
base,C[N-]CC[C@@H](C[C-](C)C)NC(=O)/C(=C/C1=[S+2]=CC=C1)NC(=O)c1ccccc1,-1.7302939891815186
base,C=CCOc1c(/C=C/c2cccs2)c2ccccc2[nH]c1=O,-5.817023754119873
base,COc1ccc([C@H]2CCC/C(=N\S(=O)(=O)c3ccccc3)C2)cc1,-3.9687721729278564
base,COc1cc(CO)ccc1Oc1cc(C)c2ccc(C)cc2n1,-4.42048978805542
base,CCC(=O)Nc1cc(C(C)C)c2oc(=O)cc(C)c2c1,-3.194106101989746
base,COCCCSc1nccn1-c1ccccc1,-7.451563358306885
base,COc1cccc(-c2csc(NC(=O)c3cccc(OCc4ccccc4)c3)n2)c1,-4.891021251678467
base,FC(F)Oc1ccccc1,-10.928503036499023
base,CCc1cc(C(=O)N2CCC[C@@H](C(=O)NCCc3ccc(S(N)(=O)=O)cc3)C2)no1,-0.3230021595954895
base,COC(CN1CCN(CCCCCCC[C@@H](C=O)C(C)C)CC1)OC,-5.189960479736328
base,Cc1cccc2c(N[C@@H](C)C(=O)N3CCC[C@@H]3C(=O)O)c3ccccc3nc12,-1.4479938745498657
base,C[CH][C]1[C][C]2N([C-][C][N][OH+]C)[CH-]CC[N+]2CC1([C][N])[C][N].[H+],-1.0258086919784546
base,Clc1ccc(Cl)c(Oc2ccccn2)c1,-9.19897174835205
base,N#CCc1ccc(NC(=S)NC(=O)c2ccco2)cc1,-1.1958198547363281
base,CC1CCN(Cc2cccc(C(=O)O)c2)CC1,-5.121373176574707
base,Cc1ccc(/C=C2\SC(=O)N(CCC(=O)Nc3ccc(N4CCOCC4)cc3)C2=O)cc1,-1.8794288635253906
base,O=C(CCC(=O)N1CCSc2ccccc21)NC[C@@H]1CCCO1,-2.6396498680114746
base,NC(=O)CN1CCN(c2ccccc2O)CC1,-1.4247149229049683
base,[O][C]([CH][CH][C]1[CH][CH][CH][CH][C]1N([O-])[O-])[C+]1[CH][CH][CH][CH][CH]1,-1.9089001417160034
base,C1=C[CH-]/C(=C/Nc2ccccc2)C=C1.[CH2-]COc1nccn1Cc1ccccc1.[O+]#P=[OH+],-3.8671329021453857
base,FCOCc1ccc(Nc2ncnc3cc(-c4cccs4)nn23)cc1,-3.014972686767578
base,[H+].[H]/[O+]=C\[C@]1(CO)[C@H](O)C[C@@H](O)[C@H](CCCCO)[C@@]1([O-])OC[CH-]C,-0.5420592427253723
base,FCCCOc1cccc2ccccc12,-11.43791675567627
base,[CH2-][CH+]C1(CCC[CH+][C-](C)C)CC[C+]([O-])[CH-][C+]1C[CH2-],-8.887322425842285
base,COc1ccc(C)cc1NS(=O)(=O)c1ccc2c3c(cccc13)C(=O)N2,-1.3323209285736084
base,O=P(Nc1nnc(-c2ccco2)o1)(c1ccccc1)c1ccccc1,-1.597137212753296
base,O=C1O[C@H](N2CCN(Cc3cccs3)CC2)C(c2ccccc2)=C1Cl,-6.63581657409668
base,O=S(=O)(CCSC1=NCCS1)c1nc2ccccc2s1,-2.8102333545684814
base,COc1ccc(-c2nc(CSc3nc4ccncc4[nH]3)c(C)o2)cc1,-2.197272777557373
base,CC(=O)N1CCN(C(=O)CN2CCOc3ccc(Cl)cc32)CC1,-3.105621814727783
base,S=C(Nc1ccccc1)Nc1ccc(Oc2ccccc2)cc1,-8.164639472961426
base,COc1ccc(-n2nc(C(=O)NCC(=O)N(C)C3CCCCC3)c3ccccc3c2=O)cc1OC,-0.6998959183692932
base,O=C(Nc1nc2ccccc2[nH]1)[C@]12C[C@H]3C[C@H](C[C@H](C3)C1)C2,-3.459240436553955
base,Cc1cccc(OCc2ccc(C(=O)N3N=C(C(F)F)C[C@]3(O)C(F)F)o2)c1,-1.9117350578308105
base,COc1ccc(C(=O)N/N=C(\C)CC(=O)Nc2ccc(Cl)cn2)cc1OC,-0.7086889147758484
base,C[C@H](OC(=O)C1=NN(c2cccc([N+](=O)[O-])c2)C(=O)C1)C(=O)NCc1ccco1,-0.3342481851577759
base,O=C(CN1CCN(c2ncccn2)CC1)c1ccc(O)cc1O,-0.39437705278396606
base,C=CCOc1c(Br)cc(/C=N/NC(=O)c2nn(C)c(=O)c3ccccc23)cc1OCC,-0.999015748500824
base,O=c1cc2c(n[nH]1)-c1ccccc1CC2,-4.08209228515625
base,CC[C@H](C)NC(=S)Nc1ccc(O)cc1,-4.601151466369629
base,CC(C)(C)C(=O)[C@H]1OC(=O)C(C)(C)C(=O)C1(C)C,-2.630033254623413
base,O=C(CSc1ncccn1)Nn1cnnc1,-0.6203075647354126
base,Cc1c(C(=O)O)cc(NC/[C-]=C/[C+]2C=CC=CC2=S)cc1[N+](=O)[O-],-1.189111590385437
base,[H+].[H]/[O+]=c1\ccc2c(n1C)[C@H](c1ccccc1)[C@@H](c1[c-]ccc(CC)c1)[CH-]2,-8.17274284362793
base,F/C=C(/Sc1nc(Cl)nc(NCc2ccco2)n1)C1CC1,-3.1534926891326904
base,CCOc1ccc(/C=C(/C=N/NC(=O)CC)COC(C)C)cc1,-3.0674407482147217
base,[H+].[N][C][CH][C]([NH+][C]1[CH][N][C]2[CH][CH][CH][CH][C]21)[C]([C][N][O])[C]([O-])[C]1[CH][CH][C]2[CH][CH][CH][CH][C]2[CH]1,-0.6212266683578491
base,O[C-](CN1CCC(n2[cH+][n-][c+]3[cH-][cH+][cH-][cH+][c-]32)CC1)C(F)(F)F,-4.9078168869018555
base,O=C(Nc1nccs1)c1ccccc1/N=C/c1ccccc1OC(=O)c1cccc2ccccc12,-4.539068222045898
base,CCn1c(SCc2cc(=O)[nH]c3ccccc23)nnc1-c1ccccc1O,-1.580167293548584
base,Clc1cccc(S[C@H](Cn2cncn2)c2ccccc2)c1,-7.804484844207764
base,COc1ccccc1NS(=O)(=O)c1cc(NC(=O)Nc2ccc(Cl)cc2)ccc1N1CCCCC1,-3.0859858989715576
base,O=[N+]([O-])c1cccnc1N1CCC(O)(c2ccccc2)CC1,-1.083510398864746
base,CO[N-][C+](C)[c-]1[cH+][cH-][cH+][cH-][c+]1OC[c-]1[cH+][cH-][cH+][c-](N([O-])[O-])[cH+]1.[H+],-1.8211069107055664
base,S=C(Nc1ccc(OCCCN2CCCCC2)cc1)NC1CCCC1,-6.645357608795166
base,Nc1nnnn1-c1cccc(C(=O)O)c1,-0.4191511273384094
base,C[C@@H]1C[C@H]2[C@@H]3C[C@H](F)C4=CC(=O)C=C[C@]4(C)[C@@]3(F)[C@@H](O)C[C@]2(C)[C@@]1(O)C(=O)COC(=O)C(C)(C)C,-1.2939331531524658
base,CSc1ccccc1OC1CCN(C)CC1,-10.310169219970703
base,O[C@@H](COCc1ccc(Cl)cc1)CN1CCCCC1,-6.400328159332275
base,[O][C]([C]1[CH][CH][CH][C](N([O-])[O-])[CH]1)[C+]1[CH][CH][C]2OCCO[C]2[CH]1,-0.7562929391860962
base,COCCOCCOCCOC[C@@H](COc1ccc(CC(C)(C)C)cc1)OC,-3.5599710941314697
base,COc1ccccc1OCCC(=O)NCC(OC)OC,-1.729394555091858
base,F[C-](F)F.O=C(C/N=N/C#Cn1nc(C(F)F)cc1-c1ccccc1)c1ccc(Cl)c(Cl)c1.[H+],-7.363131046295166
base,C/[S+]=C1\C=CC=C\C1=C(\[O-])Nc1cccc2ccccc12,-5.968686580657959
base,NS(=O)(=O)O[C@H](OCCCN(CCN1CCOCC1)C1CCCCC1)C1CCCCC1,-0.8014412522315979
base,O=C(/C=C/c1ccccc1)Nc1ccon1,-2.999354839324951
base,CNCCCCCCCCOC,-8.417350769042969
base,Cc1c(NC(=O)Nc2cccc(Cl)c2Cl)c(=O)n(-c2ccccc2)n1C,-3.0340416431427
base,BrC1=CC=C/C(=[C-]/N[CH+]C2CCCC2)[CH-]1.[H+],-11.192760467529297
base,CCCn1nnnc1NC(=O)c1ccc2c(c1)OCO2,-0.4447692036628723
base,[O-]SC[c+]1[cH-][cH+][cH-][c+](-[c+]2[n-][n-][c+](SC[c+]3[cH-][c+]([O-])n4[cH-][cH+]s[c+]4[n-]3)o2)[cH-]1,-0.7669478058815002
base,O=S(=O)(NC[C@H]1[CH-]C1)c1ccc(S(=O)(=O)N2CCCC2)cc1.[H+],-0.7158647179603577
base,O=C(Nc1cccnc1)c1ccc(COc2cccc3ccccc23)o1,-3.4747610092163086
base,O=C(NCC1CC1)[C@@H]1CCC(=O)N(CCCN2C(=O)c3ccccc3C2=O)C1,-0.6140751838684082
base,Nc1[nH]nc(-c2cccc(Cl)c2)c1S(N)(=O)=O,-0.3713873326778412
base,COc1cccc(CSc2nnc(CCNC(=O)OC(C)(C)C)o2)c1,-1.2602812051773071
base,S=C(NC1CCCCC1)N1CCN(C2CCCCC2)CC1,-9.396835327148438
base,Cc1ccc(NC(=O)c2ccc3c(c2)CCCN3CCO)nc1,-2.022599697113037
base,CN(C)S(=O)(=O)N1CCN(Cc2ncc[nH]2)CC1,-1.3347184658050537
base,Fc1ccc(CSc2ccccc2)c(NCc2ccc(Cl)cc2)c1,-13.594194412231445
base,C/[O+]=C1\C=CC=C2C=C(CC(=O)OCC([O-])=C=C/C=C\[O-])C(=O)[O+]=C21,-0.5167157053947449
base,O=C(CSc1nnc(-c2ccco2)o1)Nc1ccc(Cl)cc1Cl,-2.116454601287842
base,Fc1ccc(NCc2nnc(SCc3c(F)cccc3Cl)o2)cc1,-5.238766193389893
base,ON(CCCCNc1cc(C(F)(F)F)nc(-c2ccccn2)n1)Cc1ccc(Cl)cc1,-3.41707706451416
base,CSc1ccccc1NC(=O)CCN1CCCCC1,-6.582550525665283
base,[CH2-][C+]1[CH-][CH+][CH-][CH+][C+]1CN[C-]([O-])[C+]1[CH-]C(C(C)(C)C)C(CCCO)C(OCC)O1,-1.6565024852752686
base,N[P@](=O)(OCCCCc1ccco1)Oc1ccccc1Cl,-2.531501293182373
base,COc1ccccc1OC[C@@H](O)Cn1c(C)nc2cccnc21,-1.561894178390503
base,O=C(NCCN1CCc2ccccc2C1)Nc1ccc(Br)cc1,-5.015801429748535
base,CC[C@@H](CN1CCCCC1)Oc1ccc([N+](=O)[O-])cc1[N+](=O)[O-],-0.9464253187179565
base,COCC[S@TB6]123=C[C@H]1[C-]2OC(NC1CCCCC1)=C1C(NCNc2ccccc2)=NN=C13.[H+],-1.5748350620269775
base,C[c+]1[c-](N(N[C+]([O-])[CH+]O[c+]2[cH-][cH+][c-](Cl)[cH+][cH-]2)[C-](C)[O-])[cH+][cH-][cH+][c-]1[S+2]([O-])([O-])N(C)C,-0.28928014636039734
base,COc1cccc(CNC(=O)CN2C(=O)N[C@@](C)(c3ccccc3)C2=O)c1OC,-0.3318074643611908
base,Fc1ccc(F)c(NC(=S)NC2CCN(Cc3ccc4ccccc4c3)CC2)c1,-8.955517768859863
base,NNC(=O)CNP(=O)(c1ccccc1)c1ccccc1,-0.6343511343002319
base,Cc1c(Cl)ccc(S(=O)(=O)Nc2cccnc2)c1Cl,-3.19903826713562
base,CC(=O)Nc1sc2c(c1[C@H](c1ccccn1)N1CCCC1)CCCC2,-5.279135227203369
base,O=C(O)c1cc2cccc(S(=O)(=O)N3CCCC3)c2cc1O,-0.4950627088546753
base,COCCN(Cc1ccccc1)c1nc2ccc(C(=O)c3ccccc3)cc2n1CC(=O)O,-1.660469889640808
base,CCC(C)[c-]1[cH+][cH-][c+](OC[c-]2[cH+][cH-][cH+][c-]([C][C+]([C-]([O-])NCCO)[C-]([O-])[C+]3[CH+][CH-][CH+][N-][CH+]3)[cH+]2)[cH-][cH+]1,-0.7302303314208984
base,CCOc1cc2c(cc1N/C(C)=N/c1ccccn1)CCCC2,-5.418862342834473
base,Fc1ccc(N2CCN(c3ncnc4scc(-c5cccs5)c34)CC2)cc1,-7.841890335083008
base,CN(C)S(=O)(=O)c1ccc(Oc2ccc3c(c2)CCN3C(=O)C2CCC2)cc1,-2.401925563812256
base,COc1cc(SC)ccc1C(=O)NCC(=O)O,-1.0956437587738037
base,Nc1cccc2c1C(=O)N(CC(=O)N[C@H]1CCS(=O)(=O)C1)C2=O,-0.34478145837783813
base,CO[c-]1[cH+][cH-][c+]([C-](C)[O-])[cH-][c+]1CO[C-]([O-])CC[C+]([O-])[C][CH+][C+]1[CH+][CH-][C+]([S+2]([O-])([O-])N2CCOCC2)[CH-][CH+]1,-0.4157007932662964
base,CCn1c(SCC(=O)Nc2ccc(C)cc2)nc2ccccc2c1=O,-2.5693435668945312
base,C[C@@H]1S[C@H](C)C(=O)N(CC(=O)Nc2ccc(-n3ccnc3)cc2)C1=O,-0.6477382779121399
base,O=C(NCCN1CCCCC1)Nc1cccc2ccccc12,-4.879154682159424
base,O=S(=O)(NN=C1CCCCC1)c1ccc(F)cc1,-2.7972495555877686
base,[H+].[O-][N-][C+]([S-])n1[cH+][n-][c+]([C+]2[CH+][CH-][C+](O[c-]3[cH+][cH-][cH+][cH-][cH+]3)[CH-][CH+]2)[n-]1,-0.9532349109649658
base,Cn1c(=O)[nH]nc(-c2cc(C3CC3)[nH]n2)c1=O,-0.44473597407341003
base,O=C(NCc1ccc(-n2cccn2)cc1)[C@H]1CC(=O)N(c2ccc(Cl)cc2)C1,-2.227020025253296
base,CCCCNC(=O)C/[S+]=C1\N=NC(NC([O-])=C2C=CC(=[S@](=O)([O-])N3CCCCCC3)C=C2)=[S+]1,-0.5355350375175476
base,[O-][C+](NO[c-]1[cH+][cH-][cH+][cH-][c+]1[C][CH+][c-]1[cH+][cH+][n-][cH-][cH+]1)N1CCOCC1,-1.33253812789917
base,CC(=O)Nc1ccc(C(=O)O)c(C)c1,-1.8585047721862793
base,O=C(O)c1ccccc1Nc1ccc(SC(F)(F)F)cc1,-5.2726569175720215
base,O=C(NNC(=O)C(Cl)Cl)c1cccnc1,-1.4470945596694946
base,C[P@](=O)(Nc1ccccc1Cl)Oc1ccccc1,-6.713555812835693
base,NNC(=O)c1cccc(C(F)(F)F)c1,-2.9878406524658203
base,COc1ccc(CCNC(=O)C2CCN(S(=O)(=O)N3CCCC3)CC2)cc1OC,-0.5427525639533997
base,C/N=C/C(=S)NC(=O)c1ccc2c(c1)OCCO2,-2.358461380004883
base,N#C/C(=C\C=C\Nc1cccc(O)c1)[N+](=O)[O-],-0.5127221941947937
base,O=C(NN1CCCCC1)c1ccccc1F,-6.208069324493408
base,CN(C)S(=O)(=O)c1cccc(NC(=S)NNC(=O)c2ccccn2)c1,-0.2871905267238617
base,CO/[C-]=C(\c1cc(-c2oc(CO)cc(=O)c2O)ccc1C)[C@@H](O)CC(=O)O.[H+],-0.36172977089881897
base,[CH2-][C-]1[C+]([C+]([O-])O[C+]2[C+](C)[CH-][CH+][C-](C)[C+]2C)[C-](C)[N-]N1CCOC,-2.85935378074646
base,CCCC1=CC(=O)N=[C-]/C1=C\C=C=C1C(=O)NC(=S)N(c2ccccc2)C1=O.[H+],-1.3040934801101685
base,O=[N+]([O-])c1ccc(N2CCNCC2)cc1Nc1ccc(F)cc1F,-1.9283350706100464
base,[CH2-][C@@H]1C=[NH+][C@H](Cc2ccccc2)CC1=O,-6.3228840827941895
base,NNC(=O)c1ccco1,-1.7299673557281494
base,O=C=c1cccc/c1=C(\[O-])C#[N+]Nc1ccccc1[N+](=O)[O-],-0.34312090277671814
base,O=S(=O)(c1ccc(Cl)cc1)c1nc2c(n1CCO)CCCC2,-1.5129425525665283
base,NC(=O)NCC(=O)NCCN1CCOCC1,-0.42392927408218384
base,COc1ccc(C(=O)/C=C/c2ccccc2O)c(O)c1,-2.1635067462921143
base,CCOc1cc(/C=C/C(=O)Nc2ccc(N3CCCCC3)cc2)ccc1OC,-4.984096050262451
base,S=C(NCCc1ccccc1)NCC1CCCCC1,-8.220519065856934
base,[O][C](CO[C+]1[CH][CH][CH][CH][CH]1)N[C]([O])[C]1[CH][CH][C](N([O-])[O-])S1,-0.5445986390113831
base,O=C1C=CC(=NOC(=O)[C@@H]2C[C@H]2c2ccccc2)C=C1,-3.02498459815979
base,O=C(Sc1ccccc1Br)c1[nH]c2ccccc2c1-c1cccc2ccccc12,-11.523646354675293
base,Fc1ccc(Nc2nc(-c3ccccc3Cl)cs2)cc1Cl,-10.459644317626953
base,[H][s@SP1+]1nnc(=[C-]/N=[C-2])/c1=C\C/[S+]=C1\N=Nc2cccc[n+]21,-1.7576903104782104
base,O=[N+]([O-])c1cccc(S(=O)(=O)N2Cc3ccccc3C2)c1,-1.0122106075286865
base,[H]/N=c1/cc(C)ccn1NC(=O)COc1ccc(C)cc1Br,-1.9421231746673584
base,Fc1ccc(N2CCN(c3nc(N4CCN(c5ccccc5)CC4)ncc3F)CC2)cc1,-5.665950298309326
base,COc1ccc(-c2nnc(SCC(=O)N/N=C/c3ccc(OC)cc3O)o2)cc1,-0.6008932590484619
base,O=[N+]([O-])c1ccc(N/N=C/C=C/c2ccccc2)nc1,-1.3455584049224854
base,Fc1ccc(NC(=S)N2CCOCC2)c(F)c1,-7.694848537445068
base,O=C(O)CSc1cccc(Cl)n1,-3.6552093029022217
base,O=C(O)c1ccc(NCO[C@@H](c2ccco2)N2CCOCC2)cc1,-0.8278993964195251
base,[CH2+]CCC/C(C[C@H](C)N[C@H](C)CCc1ccccc1)=C1\C=CC=C[CH-]1,-13.201197624206543
base,[O+]#P(CCO)c1ccccc1.[c-]1ccccc1,-5.160422325134277
base,Cc1cc(N/N=C/c2ccc3ccccc3c2O)nc(-c2ccc(C(C)(C)C)cc2)n1,-4.558609962463379
base,FC(F)(F)c1cc(NC(=S)NCc2cccnc2)ccc1Cl,-6.644960403442383
base,CC[O+][C]1[CH][CH][C]([C][C](OC)[C]([O-])[C]2[CH][C](O)[CH][CH][C]2O)[CH][C]1[OH+],-0.5280578136444092
base,CCCCOc1cccc(-c2nn(C)c(=O)c3ccccc23)c1,-5.107728958129883
base,CC1([CH-]N[C+]([O-])[c+]2[cH-][cH+][cH-][cH+][cH-]2)[C-]([O-])C2(CCCCC2)[C+]([O-])OC1[C+]1[CH+][CH-][CH+][c-]2[cH+][cH-][cH+][cH-][c+]21,-0.6705360412597656
base,CCC(CC)C1=[S+]C2=CC(=[N+]([O-])[O-])C=CC2=N1,-2.511697292327881
base,O=C(CNC(=O)c1ccccc1)NCC(=O)Nc1ccccc1C(=O)c1cccc2ccccc12,-1.0848402976989746
base,CN(C(=O)c1cc(S(=O)(=O)N2CCOCC2)c[nH]1)C1CCCCC1,-0.8491643071174622
base,O=[N+]([O-])c1cnc(O)cc1NC1CCCCC1,-0.8612967729568481
base,CO[C]1[CH][CH][C]([C+]([O])NC(C)[C]2[CH][CH][CH][CH][CH]2)[CH][C]1N([O-])[O-],-0.6939692497253418
base,OCCO[C-]1O[C+]([c-]2[cH+][cH-][cH+][cH-][cH+]2)N2C3CCC[N-]CC132,-2.8367526531219482
base,CN(C)[C]1[CH][CH][C]([P]([O])(N[C]2[CH][CH][C](N([O-])[O-])[CH][CH]2)N2CCOCC2)[C](N[C+]([O])[C]2[CH][CH][CH]O2)[CH]1,-0.5766077041625977
base,COc1cccc(CN(C)C(=O)c2ccc3c(=O)n(Cc4ccco4)c(SC)nc3c2)c1,-1.9750590324401855
base,C[c+]1[n-]n2[c-]([O-])[cH+][c-](C)[n-][c+]-2[c+]1-[c-]1[cH+][cH-][cH+][c-](Cl)[cH+]1,-2.982173442840576
base,[CH2-]N([C-]([O-])[C+]1[CH+][C-]([O-])N[C+]2[CH+][CH-][CH+][CH-][C+]21)C(S[P+]([O-])(OC)OC)[c+]1[cH-][cH+][cH-][cH+][cH-]1,-0.3353896141052246
base,Brc1ccc(OCCOCCN2CCOCC2)cc1,-6.468272686004639
base,Fc1cccc(SCc2nc(-c3ccncc3)no2)c1,-4.0015435218811035
base,Cc1cnc(-c2ccnc(SCC(=O)Nc3ccc(F)cc3F)n2)[nH]1,-1.1824524402618408
base,CC[C@H](Cc1ccccc1)N(C(=O)c1ccc2ccccc2n1)c1c(N)n(C)c(=O)n(C)c1=O,-0.6601707339286804
base,O=C(c1ccccc1F)C1CCN(c2ccc(Br)cn2)CC1,-7.060072898864746
base,COC(=O)CN(c1ccccc1Br)S(=O)(=O)c1ccc(C)cc1,-2.517915725708008
base,COc1cc(/C=C2\S/C(=N/c3ccccc3OC)NC2=O)ccc1O,-1.410840630531311
base,CN(C)c1ncnc2c1[nH]c1ccc(F)cc12,-4.374509811401367
base,C[C@@H](NC(=S)Nc1ccccc1Cl)[C@@H](c1cccs1)N1CCCC1,-8.80823802947998
base,C[C-](CC(C)C)[C-]1[CH+][C-]([C+]([O-])N[c-]2[cH+][cH-][cH+][c-]3[cH+][cH-][cH+][n-][c+]23)N(C[C+]2[CH+][CH-][CH+][CH-][CH+]2)[N-]1,-3.211215019226074
base,O=C(N/N=C/c1cccc(OC(=O)c2cccc3ccccc23)c1)c1ccccc1O,-2.0257692337036133
base,Cc1ccc(S(=O)(=O)c2nc(C)oc2NC[C@@H]2CCCO2)cc1,-1.1065446138381958
base,O=C(O)c1ccccc1C(=O)CN1C(=O)c2ccccc2C1=O,-0.4940378665924072
base,[H+].[NH-][C+]1[C][N-]C23[CH+]C4C5(N([O-])[O-])C67C(N[CH+][CH+][c+]8[cH-][cH+][c-](Br)[cH+][cH-]8)S4256C137,-0.8575746417045593
base,FC(F)Oc1cccc([C@@H]2CC(c3ccco3)=NN2)c1,-4.540725231170654
base,CN(C)c1nc(Cl)nc(NCCOc2ccccc2)n1,-2.1063220500946045
base,O=C(/C=C/c1ccco1)N/N=C\c1cccnc1,-1.713888168334961
base,O=C(Nc1ccncc1)Nc1ccc2c(c1)C(=O)N(c1cccc(Cl)c1)C2=O,-1.6127142906188965
base,CN(C)S(=O)(=O)c1ccc2c(c1)nc(-c1ccccc1)n2C(C)(C)C,-3.6685590744018555
base,O=C1CN(CCCN2CCOCC2)CCN1,-4.221500396728516
base,O[C@@H](COCCOc1ccc(Br)cc1)CN1CCCCCC1,-5.10325813293457
base,C/C=[NH+]/Cc1cc(C#N)c2ccccc2n1.[O-]P(c1ccccc1)c1nnco1,-0.2480975240468979
base,OC[C@H]1O[C@@H](n2cnc3c(O)ncnc32)[C@H](O)[C@@H]1O,-0.4552396535873413
base,NC(=O)CC[C@H](NS(=O)(=O)c1ccc(Cl)c(Cl)c1)C(=O)NCc1ccccc1,-0.49695372581481934
base,O=C(NC(=S)NC[C@@H](c1cccnc1)N1CCOCC1)c1ccco1,-0.8026304244995117
base,Clc1cc(Oc2cnccn2)cc(C2CC2)c1Cl,-7.151153564453125
base,[CH2-]OCCOCCOCCO.[H+].[O-][C]C12[N+][C]N3C14[N+]([C-][N][C]1[CH][CH][C]([S+]C(F)F)[CH][CH]1)C324,-0.5156586170196533
base,CN1C(=O)N(C)[C-](O)C2=C1[O+]1O[S@TB10]1(=O)(OCC(Cl)(Cl)Cl)[NH+]=C2.[CH3-],-0.5171526074409485
base,C[C]1[CH][CH][C+]([S]2([O-])([O-])[N][S]2(C)([O])[C]2[N][C]3[CH][C](F)[CH][CH][C]3[CH][C]2Cl)[CH][CH]1,-1.4447942972183228
base,CCOc1ccc([C@@H]2/C(=C(/O)c3ccc4c(c3)C[C@H](C)O4)C(=O)C(=O)N2CCCN2CCCCC2)cc1OCC,-2.595815420150757
base,Brc1cccc2cc(CN3CCCCCCC3)ccc12,-14.404989242553711
base,COCC/[S+]=C1/C=C/C(=C(\[O-])Nc2ccc(OC)cc2)C=N1,-1.7607417106628418
base,CCCCN1C(=O)NC(=O)/C(=C(\C)Nc2ccc(OC)cc2OC)C1=O,-0.5033052563667297
base,N[C]([N][C][N+]1[C-]N[C]([S])N1C[C]1[CH][CH][CH][CH][CH]1)[C]1O[C]1[O-].[H+].[H+],-0.4973818361759186
base,CC(C)OCCCNC(=O)c1ccc(CNC[C@H](C)O)cc1,-1.5060765743255615
base,[N-2][C][C+]1[CH+][CH+][C-](N[N-][C+]2[CH+]CCCC2)[CH-][C+]1Cl,-4.74993896484375
base,[O-][C+](N[c+]1[cH-][cH+][c-](F)[cH+][cH-]1)C1[CH-]N([c-]2[cH+][cH-][cH+][cH-][cH+]2)[C+]([O-])C1,-2.1975278854370117
base,Clc1cc(Br)cc(OCCCCn2cncn2)c1,-5.706786155700684
base,[O-][C+]([CH-][c+]1[cH+][c-]([O-])[nH][cH+][n-]1)NS[C-]([O-])N[C+]1[CH+][CH-][CH+][CH-][C+]1F,-0.4411827027797699
base,[O-][N-]O[SH+2]([CH+][c+]1[cH-][cH+][cH-][cH+][cH-]1)N[c-]1[n-][cH+][cH+][cH-][c+]1N([O-])[O-],-0.5613012313842773
base,Clc1ccc(CNc2nc3ccccc3n2CCN2CCCCC2)cn1,-5.157312870025635
base,O=C(O)c1ccc2c(c1)OCCO2,-2.858623743057251
base,O=C(c1ccccn1)[C@H]1CCCN(C(=O)c2ccc(OC3CCN(Cc4ccccn4)CC3)cc2)C1,-2.295314311981201
base,CN1CCN(S(=O)(=O)c2ccc(=O)[nH]c2)CC1,-1.2655446529388428
base,O=C(O)c1cc(-c2ccc(Cl)c(Cl)c2)n(-c2ccc(Cl)cc2)n1,-5.066927433013916
base,O=C(Cn1nc(C(=O)O)c2ccccc2c1=O)NC(=O)NCc1ccco1,-0.27377432584762573
base,[CH2-]N([c-]1[n-][c+]2[cH+][cH-][c+](C)[cH-][c+]2[cH-][c+]1C[c-]1[cH+][cH-][cH+][cH-][cH+]1)C(C)CC,-11.191398620605469
base,Cn1c(-c2sccc2OCc2cccs2)n[nH]c1=O,-2.59071683883667
base,CN1CCN(c2nc(-c3ccco3)cs2)CC1,-6.1293840408325195
base,Clc1ccc(-c2cc(C3CC3)[nH]n2)c(Cl)c1,-8.112349510192871
base,COc1cccc(/C=N/n2cc(-c3ccccc3)[nH]c2=S)c1OC(C)=O,-2.632169008255005
base,O=C(O)c1cccnc1,-3.5719778537750244
base,Clc1cccc(OCCn2ccnc2)c1,-7.309053421020508
base,[O][C]([CH+][CH][C]1[CH][CH][C](F)[CH][CH]1)NCC[C]1[CH][CH][C](N([O-])[O-])[CH][CH]1,-1.2407379150390625
base,Cc1ccc(C)c(N2CCN(S(=O)(=O)c3cccc(C(=O)O)c3)CC2)c1,-1.179125189781189
base,[cH+]1[cH-][cH+][cH-][c+]([CH-]C(Cn2[c+]3n([c+]4[cH-][cH+][cH-][cH+][c-]42)CCC[N-]3)[c+]2[cH-][cH+][cH-][cH+][cH-]2)[cH-]1,-10.846978187561035
base,COc1ccnc(Nc2ccc(Cl)cc2)c1C#N,-3.197631597518921
base,COc1ccc(/C=C(/NC(=O)c2ccccc2)C(=O)NC[C@H]2CCCO2)cc1OC,-0.8845017552375793
base,[CH2][N+](C)[C]1[CH][CH][CH][CH][C]1[C]([O])[N-]C[C]1[CH]CCCC1[C]1[C][CH][CH][C]([O+]C)[C]1OC,-3.434558391571045
base,CN(C)CCNC(=O)C1=CC(=[N+]([O-])[O-])/C(=[S+]/c2ccccc2)C=C1,-0.7038542032241821
base,COc1ccccc1-c1nc2cc3ccccc3cc2c(=O)[nH]1,-3.7209131717681885
base,Cc1nn(C)c(C)c1S(=O)(=O)N1CCC(C(=O)NC(C)(C)C)CC1,-0.7392673492431641
base,COc1ccccc1C(=O)Nc1ccc(NC(=O)CCS(=O)(=O)c2cccs2)cc1,-1.2016704082489014
base,O/N=C(\Cc1cccc2ccccc12)c1ccc(OC(F)F)cc1,-6.391956806182861
base,COc1cc(NC(=O)Oc2ccc3ccccc3c2)c(C(=O)O)cc1OC,-1.5305930376052856
base,CC1=CCn2c(nc3c2c(=O)[nH]c(=O)n3Cc2ccccc2)C1,-1.2569315433502197
base,O=C(Nc1ccccc1N1CCCN(S(=O)(=O)/C=C/c2ccccc2)CC1)c1cccs1,-2.8895063400268555
base,[CH2-]C[C@]1(C)CCC(C(=O)OC)=C(/C=C/N=[N+]2CCOCC2)C1=O,-1.9125497341156006
base,COCCNc1c2c(c(C#N)c3nc4ccccc4n13)CCCC2,-2.7200114727020264
base,CO/N=C(N)\C=C1\C(=O)c2cc(S(N)(=O)=O)ccc2N1C(C)C,-0.35206830501556396
base,FC(F)(F)c1ccc2c(c1)N(c1ccc(Cl)cc1)CCN2,-11.234600067138672
base,CCCCc1nnc(SCC(=O)Nc2ccccc2CC(=O)NCc2ccco2)o1,-1.058813214302063
base,COCCn1c(/C=C/c2ccc(Oc3ccc([N+](=O)[O-])cn3)cc2)nc2ccccc21,-2.252135753631592
base,CCOC(=O)c1ccc(NC(=S)NCCc2ccc(OC)cc2)cc1,-3.052597999572754
base,Fn1nnnc1CCOCc1ccccc1Br,-3.292577028274536
base,O=P(O)(O)CN(Cc1ccccc1)Cc1cccc2ccccc12,-3.30135440826416
base,COc1ccc2c(CN3CCN(S(=O)(=O)c4c(F)cccc4F)CC3)cc(=O)oc2c1,-1.035678505897522
base,C/C(=N\OCC(=O)Nc1nc2ccccc2s1)c1ccccc1,-2.7855796813964844
base,Fc1ccc(COc2cnccn2)cc1,-5.825457572937012
base,NS(=O)(=O)c1cc2c(cc1Cl)N[C@@H](Cc1ccccc1)NS2(=O)=O,-0.3180435597896576
base,Cc1ccc2cc(CCNC(=O)c3ccccc3F)c(=O)[nH]c2c1,-2.5776357650756836
base,CN(C(=O)Oc1ccccc1/C=C1\SC(=O)NC1=O)c1ccccc1,-1.8944240808486938
base,CCOC(=O)C1(Cc2ccco2)CCN(C(=O)c2cc(-c3ccc(OC)cc3)nn2Cc2ccccc2)CC1,-2.672914981842041
base,COc1ccc2nc(SCC(=O)N(C)c3ccccc3)[nH]c2c1,-3.0974717140197754
base,CCOC(=O)[C@H]1C(=O)C[C@](C)(O)[C@H](C(=O)OCC)[C@H]1c1ccco1,-0.40676841139793396
base,O=C(NNC(=O)c1ccccc1Br)c1cccnc1,-1.4572045803070068
base,O=C(O)CCC(=O)Nc1nc(-c2ccc(F)cc2)cs1,-1.2308355569839478
base,NNC(=O)c1ccc(Oc2cccc3cccnc23)o1,-0.5602349638938904
base,Fc1ccc(-c2cc(-c3ccco3)[nH]n2)cc1,-5.328640460968018
base,CCOC(=O)C(CCC(=O)NC1CCCCC1)C(=O)OCC,-1.01852285861969
base,CC(=O)N1CCC[C@H]1C(=O)NCc1ccccc1,-3.544748544692993
base,[CH2-][CH+]C[CH-][C+]([O-])OC(C[c-]1[cH+][cH-][c+](Cl)[cH-][cH+]1)[C-]([O-])NCC[C+]1[CH+][CH-][CH+][CH+][N-]1,-1.0452890396118164
base,CC[C@H](NC(=O)CCc1cc(OC)c(OC)c(OC)c1)c1ccc(C)cc1,-3.8862836360931396
base,CN(C)Nc1cc(=O)c2ccccc2o1,-4.077427387237549
base,COc1cc(OC)nc(O[C@H](C(=O)O)C(OC)(c2ccccc2)c2ccccc2)n1,-0.724006175994873
base,CC(=O)c1cccc(NC(=O)c2ccc(C)o2)c1,-2.900753974914551
base,S=C(NCc1ccccn1)Nc1ccccc1Cl,-5.910236835479736
base,O=C1c2ccccc2C(=O)N1CCCSCCO,-2.6223392486572266
base,CC(C)N1C(=O)NC2(CCCCCC2)C1=O,-3.8240699768066406
base,Cc1cc(N2CCOCC2)nc(SCc2c(Cl)cccc2Cl)n1,-6.382293701171875
base,CCCCC(=O)N/N=C/c1ccc2c(c1)OCO2,-2.505589008331299
base,COc1cc(/C=C2/S/C(=N\Cc3ccccc3)N(c3ccc(C(=O)O)cc3)C2=O)ccc1O,-2.0475428104400635
base,C[C@H]1CCc2c([s+]c3ncn(CC(=O)N4CCCCC4)c([O-])c2-3)C1,-2.5351057052612305
base,COc1cc2nc(=S)n3[nH]c(CCn4nc(C)cc4C)nc3c2cc1OC,-1.1822675466537476
base,CO[c-]1[cH+][cH-][c+]2[c-](C)[c+]([C-]([O-])N[N-]CN3CCCCC3C)s[c-]2[cH+]1,-2.688019275665283
base,C/C(=N\S(=O)(=O)c1ccc(C)c(S(=O)(=O)NCc2ccccc2)c1)N(C)Cc1ccco1,-0.913638710975647
base,CC(=O)/C(C)=N\Nc1ccc([N+](=O)[O-])cc1[N+](=O)[O-],-0.5626620054244995
base,COc1ccccc1OC(=O)c1cccc2c(=O)c(C)c(-c3ccccc3)oc12,-3.687649965286255
base,N/C(=N\c1ccccc1)Nc1ccc(Br)cc1,-4.224495887756348
base,[O-][CH-]N(C[C+]1[CH+][CH-][CH+][CH-][CH+]1)[C+]1[C][CH+][C-]([c+]2[cH-][c+]([O-])[c+]3[c-](O)[c+](-[c-]4[cH+][cH-][cH+][cH+][n-]4)[cH-][cH+][c-]3o2)[CH+][CH-]1,-0.7399008870124817
base,Nc1cc(Cc2ccccc2)nn1S(=O)(=O)c1ccc(Cl)cc1,-1.3874835968017578
base,CNCC#CCOc1ccc([N+](=O)[O-])cc1,-1.9715218544006348
base,Cc1oc(-c2cccc(F)c2)nc1CN1CCCCC1,-7.520524978637695
base,COCCN1CCC[C@@H]1CN1CC(/C=C2\C=CC=C[CH-]2)=CC[S+]=C1Nc1ccc(F)cc1,-8.059850692749023
base,Nc1ccc2nc(COc3ccc(N4CCCCS4(=O)=O)cc3)[nH]c2c1,-0.6057401299476624
base,Brc1ccc(CNc2ccccc2Nc2nc(-c3cccs3)cs2)cc1,-9.7293701171875
base,O=C(NC(=O)N1CCCCC1)c1ccccc1,-3.6705589294433594
base,O=C(O)c1ccn(COc2ccc(Br)cc2)n1,-2.2021002769470215
base,COc1ccc(NC(=S)NCCc2c[nH]c3ccc(C)cc23)cc1,-4.672840118408203
base,C=CCOC[C@H](O)Cn1c(N)nc2ccccc2c1=O,-0.37837666273117065
base,COc1ccc(S(=O)(=O)N2CCN(c3ccccc3)CC2)c(OC)c1,-2.5098791122436523
base,CO[CH-]CCNC[C]([OH+])[C]OC(C)(C)OCOC1CCCCC1.[H+],-2.0633938312530518
base,O=C(c1nnc(-c2ccc(Cl)cc2)o1)C1CCCC1,-3.727579355239868
base,O=C(/C=C/c1ccc(-c2cc(Cl)ccc2Cl)o1)N[C-]1C=CC2(C=C1)[N@@H+](C(=O)C(Cl)Cl)S2(=O)=O,-0.9714725613594055
base,CCOc1ccc2nc(NC(=O)CSc3nc4ccccc4o3)sc2c1,-2.4416537284851074
base,CC[O+]1[C@@H]2[C@@H](CCCO)[C@H](C3CCCCC3)C=C([C-]([O-])/C=C/c3ccccc3)[O+]21,-5.1950836181640625
base,COC(=O)O[C-](C)Oc1c(Br)cc(/C=N\NC(C)=O)cc1OC.[H+],-0.7261886596679688
base,O=C(CCc1nc2ccccc2[nH]1)NC1CCCC1,-2.8513309955596924
base,CCCn1ncc(Oc2ccccc2)c(Cl)c1=O,-4.787205696105957
base,O=C(/C=C/c1cccc2ccccc12)N1CCCC1,-8.994858741760254
base,COc1cccc([C@H](CC(=O)NCc2ccco2)c2c(O)n(C)c(=O)n(C)c2=O)c1OC,-0.22595958411693573
base,NS(=O)(=O)c1cccc(Nc2ccc([N+](=O)[O-])c3nonc23)c1,-0.3211444318294525
base,Brc1ccc(OCN2CCN(c3ccccn3)CC2)cc1,-7.113121509552002
base,COc1ccccc1N1CC(=O)N(CC(=O)Nc2cn3c(n2)CCCCC3)CC1=O,-0.30317679047584534
base,COC(=O)c1cc(NS(=O)(=O)/C=C/c2cccs2)cc(C(=O)OC)c1,-0.6560218930244446
base,COc1cc([C@@H]2CCCN2)c(Cl)cc1C(=O)OCC(=O)N1C[C@@H](C)O[C@@H](C)C1,-1.3323407173156738
base,O=C(c1cccnc1)N1CN(c2ccc(Cl)c(F)c2F)c2ccccc21,-7.079508304595947
base,CC(=O)Nc1ccc2nc(N3CCN(C(=O)c4ccc(F)cc4)CC3)[nH]c2c1,-1.0060001611709595
base,O=S(=O)(c1ccc(F)cc1)c1nc(-c2ccco2)oc1N1CCOCC1,-0.8881729245185852
base,COc1ccc(N(C(=O)c2csnn2)[C@H](C(=O)NCCCO)C(=O)NCc2ccccc2)c(C)c1,-0.30288341641426086
base,CCOC(=O)CN1CCC(c2cccs2)CC1,-6.82423734664917
base,COc1cccc(N2C(=O)Nc3ccccc3[C@@]2(O)C(=O)NCc2ccc(F)cc2)c1,-1.0255472660064697
base,[O-]C1=C2[OH+][C@H]2C=C(C2CCCCC2)C=C1[C@H](O)Cc1ccccc1,-3.0889360904693604
base,CCC/C(=C/[C@H](C/C=C(/C)CC)[C@H](CC)COCC)C(=O)/C=C/C=C/C=C/C[C@H](C)C(=O)O[C@@H]1O[C@@](C)(CC)CC=C1C,-12.098967552185059
base,COc1cccc(CNC(=O)c2c(O)c3ccccc3[nH]c2=O)c1OC,-0.41830042004585266
base,CN(CC(=O)NC1CC1)S(=O)(=O)c1cccc2cccnc12,-0.7975247502326965
base,C[C@@H]1CN(C2(CO)CCN(Cc3nc(C4CC4)no3)CC2)C[C@H](C)O1,-1.2374331951141357
base,COc1cc(NC(=S)Nc2ccccc2)c(OC)c(OC)c1,-3.9699153900146484
base,Cc1cc(=O)oc(C)c1C(=O)NCC(=O)O,-0.46522900462150574
base,CC1=NN=[S+]C1=[S@@](=O)([O-])c1cc([N+](=O)[O-])ccc1C,-0.4783569872379303
base,O=c1c2cnn(-c3ccccc3)c2ncn1/N=C/CCc1ccccc1,-2.333817958831787
base,FC(F)(F)c1cccc(NC(=S)N2CCN(c3ccccc3Cl)CC2)c1,-10.492981910705566
base,O=S(=O)(c1cccs1)N(Cc1ccccc1)Cc1cccs1,-6.442424297332764
base,[N-2][C][C+]1[CH-]N([c-]2[cH+][cH-][cH+][cH-][cH+]2)[C+](N)[C+]2[C][N-][CH-][CH+][CH+][C+]12,-2.1765921115875244
base,FC(F)(F)c1ccnc(N2CCOCC2)n1,-5.190340042114258
base,[O-]N1[N-][N-][C-]2CC(C(CO)CO)C[C+]21,-0.551612377166748
base,NNC(=S)NCCc1ccc(O)cc1,-1.5639837980270386
base,CN1CCN(C(=O)CN(c2ccc(Br)cc2)S(=O)(=O)c2ccccc2)CC1,-2.425077199935913
base,CCOc1ccccc1NC(=S)N[C@@H](C)c1ccccc1,-7.088143348693848
base,O=C(N/N=C/c1cccnc1)c1ccc2ccccc2n1,-1.8153866529464722
base,CC(C)c1onc(C(=O)NCc2ccccn2)c1[N+](=O)[O-],-0.4475369155406952
base,O=C(O)CS(=O)(=O)CC(=O)NC1=[S+]C2=C(CCC2)/C1=C(/[O-])N[C@H]1CCS(=O)(=O)C1,-0.49810755252838135
base,[O-][C+](CCCC1CCCC1)NN[C-]([O-])[N-]CCC(C[C+]1[CH+][CH+][CH-][CH+][CH-]1)[C+]([O-])O,-0.5883926749229431
base,CCC[C@@H](C(=O)O)C(=O)NCc1ccc(N(C)C)cc1,-1.5747559070587158
base,O=C(Cc1ccc([N+](=O)[O-])cc1)NN/C(=N/S(=O)(=O)c1ccc2ccccc2c1)c1ccccc1Cl,-1.737647533416748
base,Cc1c(NCc2nc3ccccc3[nH]2)c(=O)n(-c2ccccc2)n1C,-2.0620954036712646
base,C[CH-]O[c+]1[cH-][c+]([CH+][c-]2[cH+][n-]n(CC34CCCC[O+]3[C+]4[N-][CH+][C][C][N-2])[c+]2[O-])[c-](Br)[cH+][c-]1OC(C)C,-2.3323168754577637
base,O=C(c1ccccc1)N1CCN([C@@H](c2ccccc2)c2sc3ncnn3c2O)CC1,-1.6315464973449707
base,O=P(O)(O)CCCCCCCCN/C([O-])=[S+]/C(P(=O)(O)O)P(=O)(O)O,-0.5264397263526917
base,CCCCCN(CCC)C(=O)/C=C/c1ccc(-c2ccc(S(N)(=O)=O)cc2)o1,-1.4888701438903809
base,O=C(c1cccc(C(F)(F)F)c1)[C@@H]1CCCN(C(=O)COc2ccc(F)cc2)C1,-5.252363681793213
base,CO[C]1[CH][CH][C]2[C]([CH]1)N([O-])N(C[C]([O])N1[N][C](C)[CH][C]1C)[C]2[C]([O-])CO[C+]([O])C(C)C,-0.5555325746536255
base,CO[C-]([O-])[C+]1[CH+][C-](N[C-]([O-])CO[C+]([O-])CC[C+]2[CH+]N[C-]3[C][CH+][CH+][CH-][C+]23)[CH+][CH-][C+]1O,-0.5350165367126465
base,NC(=O)c1c(NC(=S)C2CC2)sc2c1CCCC2,-3.391690969467163
base,N#Cc1c(N2CCOCC2)nc(N)c2c(N)nc3c(c12)CC(=O)N3Cc1cccs1,-0.34413453936576843
base,Br[c-]1[cH+][n-][c+]2[cH-][cH+][cH-][cH+][c-]21,-9.919671058654785
base,COCCOCCOCCOCCOCCOc1cccc(C(=O)CCl)c1,-1.4886627197265625
base,COc1ccnc(CS/C(N)=N/C2CCN(Cc3ccccc3)CC2)c1,-2.5401971340179443
base,CCN[C@H](C#CC(O)(c1ccccc1)c1ccccc1)N(C)C,-5.742406845092773
base,Fc1cccc(SCc2cc(-c3ccc4c(c3)OCO4)on2)c1,-5.660935878753662
base,CN(CC(=O)NC1CCCCC1)S(=O)(=O)c1cccs1,-1.8421761989593506
base,CCOc1ccc(Cl)cc1C(=O)NC1CC(C)(C)NC(C)(C)C1,-4.398487567901611
base,COc1ccccc1N1CCN(C(=O)CN2C(=O)c3ccccc3S2(=O)=O)CC1,-0.46053269505500793
base,N[P@@H](=O)NOCCCl,-2.203550338745117
base,Cc1cc(C(F)F)n2ncc(C(=O)N(C)c3ccccc3C)c2n1,-4.191823482513428
base,O=C(c1ccccc1F)[C@H]1CN(c2ccccc2)C(=O)O1,-4.398532867431641
base,[H+].[O-][C+]1[c+]2[n-][n-][c+]3[cH+][cH-][cH+][cH-][c+]3[c-]2CN1CC1CCCO1,-1.923898696899414
base,CCN1CCC[C@@H]1CN(Cc1cccnc1)C(=S)Nc1ccc(OC(F)(F)F)cc1,-6.356630802154541
base,CCOC(=O)Nc1cccc2ccccc12,-5.75941276550293
base,FC(F)Oc1cccc(NC(=S)NNC(=S)N2CCCC2)c1,-3.950617551803589
base,CCOC(=O)N1CC=C(c2ccccc2)CC1,-7.001764297485352
base,CCOCCn1c(SCc2nc(C)c(-c3ccccc3)o2)nc2ccccc21,-5.323606967926025
base,COC(=O)c1ccncc1C(=O)Nc1ccc(OC)cc1,-1.0416014194488525
base,C[C@H]1Cc2nc(SCC(=O)Nc3cccs3)n(C)c(=O)c2S1,-2.2188074588775635
base,CC(=O)N1CCc2cc(S(=O)(=O)n3cccc3)ccc21,-2.4339303970336914
base,O=C(Nn1cnnc1)C(c1ccccc1)c1ccccc1,-2.4954237937927246
base,COc1ccc(C)cc1NC(=O)N1CCC[C@@H](CO)C1,-2.3069818019866943
base,Cn1cccc1C(=O)NNC(=O)Nc1cccc2ccccc12,-1.3649709224700928
base,Nn1c(COc2ccc(/C=N/NC(=O)c3ccccc3F)cc2)nc2ccccc2c1=O,-0.5637958645820618
base,O=S(=O)(c1ccc2cc3ccccc3cc2c1)C1CCN(Cc2cccc(F)c2)CC1,-7.778416633605957
base,O=[N+]([O-])c1sc(Nc2cccc(Cl)c2)nc1NCCCN1CCOCC1,-1.1919008493423462
base,COc1ccc(-c2[nH]nc(C(F)(F)F)c2-c2nc3ccccc3[nH]2)cc1,-3.3284542560577393
base,CC(=O)NC(=O)COC(=O)c1ccco1,-0.6333397030830383
base,OCC[C@@H]1CN(Cc2ccccc2F)CCN1C1CCCCC1,-7.61326789855957
base,O=S(=O)(c1ccc(C[S@+]([O-])CCc2ccccc2)cc1)N1CCOCC1,-1.6186017990112305
base,[O-]/C=C/Br.[O-][P+](N1CCOCC1)=[N+]1CCOCC1,-1.5834715366363525
base,O=C(N/N=C/c1oc(O)c2ccccc12)c1cc(-c2ccccc2)nc2ccccc12,-2.5602104663848877
base,Nc1nnn(CC(=O)N/N=C/c2c[nH]c3ccccc23)n1,-0.32023346424102783
base,O=[N+]([O-])c1ccc(N2CCOCC2)cc1O,-1.1569660902023315
base,CCOCCN[C@]1(C(F)(F)F)NC(=O)N(CCc2ccccc2)C1=O,-1.455363154411316
base,CO[C@@H](Oc1cccc2ccccc12)C(=O)Nc1ccc(OCc2ccccc2)cc1,-5.001610279083252
base,Cc1cnc(CN(CCC#N)CCN2CCOCC2)[nH]1,-1.6595995426177979
base,O=C1[C-]2C(=N[C+]3=C2C=CC=N3)N[C]N1CC1CCCCC1,-2.9131829738616943
base,CCOc1ccc2c(Cl)c(C(=O)NC(C)C)sc2c1,-6.262171745300293
base,CCCN(CCC)CCCNC(=O)c1ccc(-c2cccs2)nc1,-5.183677673339844
base,CC(C)(C)c1cccc(Oc2cc(N/N=C\c3ccccc3O)c([N+](=O)[O-])cc2[N+](=O)[O-])c1,-3.1207997798919678
base,Fc1cccc(NC(=S)N2CCN(C/C=C/c3ccccc3)CC2)c1,-9.612916946411133
base,COc1ccc(NC(=S)NC(C)C)cc1,-6.1787919998168945
base,O=[N+]([O-])c1ccc([C@H](O)[C@@H](CO)/N=C/c2cccs2)cc1,-0.5398454070091248
base,CC(C)C[C-]([O-])N1CC[C+]([N-][N-]CCOCCC[CH+][O-])CC1,-0.7352080345153809
base,CCCOc1ccc2c(OC)c3ccoc3nc2c1OC,-3.8836212158203125
base,CCn1c(CCn2cnc3ccccc32)n[nH]c1=S,-3.591233730316162
base,CC(=O)CN(c1ccccc1)S(=O)(=O)c1cc(-c2nn(C)c(=O)c3ccccc23)cc(C)c1C,-1.5112987756729126
base,[O-][S@@+](Cc1ccccc1)NCc1cn2ccccc2n1,-3.347111463546753
base,CO[C@H](Nc1nccs1)Oc1c(Cl)cc(Cl)cc1Cl,-5.908267974853516
base,OCCCN(c1ccccc1)c1nc(-c2cccnc2)nc2ccccc12,-3.300450563430786
base,NNC(=O)c1ccc([N+](=O)[O-])cc1,-0.45789751410484314
base,Cc1ccc2c(c1O)O[C@@H](C)C(=O)N2Cc1cccc([N+](=O)[O-])c1,-0.8443735837936401
base,S=C(N1CCc2ccccc2C1)N1N=C(c2cccs2)C[C@H]1c1cccs1,-10.805658340454102
base,COc1c[c-](CC(=O)O)/c(=N/C(=O)[C@@H]2CCC/C2=N/N)c2ccccc12.[H+],-0.3603283166885376
base,C/C(=N/NC(=O)c1cc(-c2ccccc2O)n[nH]1)c1ccc([N+](=O)[O-])cc1,-0.724833071231842
base,O[C@@H](Cc1ccccc1)c1nccc2ccccc12,-6.670032978057861
base,O=C(Cc1ccc(F)cc1)NNC1=NS(=O)(=O)c2ccccc21,-0.4919060170650482
base,COc1ccccc1C(=O)Nc1ccc2c(c1)N(S(C)(=O)=O)CCC2,-1.3282848596572876
base,Cc1ccc(C(=O)C[C@@]2(O)C(=O)N(C)c3ccccc32)o1,-1.5154016017913818
base,[H]/N=c1\c(S(=O)(=O)c2ccc3ccccc3c2)cc2c(=O)n3ccccc3nc2n1CCN1CCOCC1,-0.48998135328292847
base,FCCCOc1ccc(-c2ncn[nH]2)cc1,-3.582190990447998
base,CCS(=O)(=O)N1CCC[C@H]1C(=O)Nc1nccs1,-0.8746936917304993
base,COc1ccc(-c2nnn(CC(=O)N(CC(=O)NC3CCCC3)c3cccc(C)c3C)n2)cc1OC,-0.7894640564918518
base,O=C(O)c1ccc(/C=N/NC(=O)c2ccn(Cc3ccc(Cl)cc3)n2)cc1,-0.8577357530593872
base,CN(C)[C@@H](O)CN1CCCC1=O,-4.4170098304748535
base,O=[N+]([O-])c1ccc(Cl)c(S(=O)(=O)NCCc2ccccn2)c1,-0.48965367674827576
base,O=S(=O)(N/N=C\C=C\c1ccccc1)c1cccs1,-2.8010706901550293
base,CC(=O)Nc1ccc(SCC(=O)OCC(=O)NC(=O)NC(C)(C)C)cc1,-0.4190245568752289
base,ClCC[C@H](Oc1ccccc1OCc1ccco1)c1cccs1,-8.824172973632812
base,CN(Cc1ccccc1)C(=O)CSC1=N[C@@H]2[C@H](N=N1)c1cc(Br)ccc1N2C,-3.7235422134399414
base,O=C(Nc1ccncc1)C1CCN(S(=O)(=O)c2cccnc2)CC1,-0.36930277943611145
base,Nc1ccccc1S(=O)(=O)N1CCCCC1,-2.055804491043091
base,COc1ccc2c(Cl)c(C(=O)N/N=C/c3cccnc3)sc2c1,-2.823194980621338
base,O=c1cc(C(F)(F)F)nc2c(NCc3cccc(Br)c3)nc3ccccc3n12,-4.011669158935547
base,O=C(NNC(=O)c1cccc([N+](=O)[O-])c1)Nc1ccc(Cl)c(Cl)c1,-1.0405672788619995
base,COCc1cccc(NC(=S)N(CCCN2CCCC2)Cc2ccc(C)o2)c1,-6.129757404327393
base,O=c1[nH]c(C2CCN(S(=O)(=O)c3ccc(S(=O)(=O)NC4CC4)cc3)CC2)nc2c1nnn2-c1ccccc1,-0.30491742491722107
base,NCCNc1ccc([N+](=O)[O-])c2cccnc12,-0.4155415892601013
base,CO[c+]1[c-](OC)[cH+][c-](-[c-]2[n-][nH][c+]3[c+]2[C-]([CH-][CH+][C][CH+][c-]2[cH+][cH-][cH+]s2)N2CN(C[c+]4[cH-][cH+][c-](F)[cH+][cH-]4)[C+]([O-])C32)[cH+][c-]1OC.[H+],-2.0408031940460205
base,COc1cccc([C@H](C)NC(=O)CCC(=O)OC(C)C)c1,-2.188079357147217
base,COc1ccccc1N1C[C@@H](C(=O)OCc2cccc([N+](=O)[O-])c2)CC1=O,-0.644618809223175
base,N#Cc1cc(F)cc(C(=O)c2cccn2Cc2ccccc2F)c1,-5.031657695770264
base,N/C(=N\OC(=O)Cc1ccc(Cl)cc1)c1ccc(Cl)cc1,-2.6388232707977295
base,COc1ccc(CNc2ncc([N+](=O)[O-])cc2[N+](=O)[O-])cc1,-0.6188600659370422
base,[O-][S+]([O-])C[C@@H](C=[N+]=C1CCCc2ccc3cccnc3c21)N1CCCOCC1,-0.5714425444602966
base,C/[O+]=C\CO[C@H]1C[C@H]2CC(C)(C)O[C@@H]1C[C-]2C,-6.895339012145996
base,[CH2-]CC[C@H]1[N+](=C=O)CNS1(=O)=O,-1.9518859386444092
base,O=C1COc2cc3oc4ccc(S(=O)(=O)Nc5ccc(C(F)(F)F)cc5)cc4c(=O)c3cc2N1,-1.4363411664962769
base,CNC(COCCOCCNCCOCCOC)OCOCCOCC1[N-][CH+][CH-][C+](N([O-])[O-])[C-]1C,-0.5601774454116821
base,Fc1ccc(NC(=S)N2CCCCCC2)cc1,-10.125630378723145
base,COC(=O)[C@H]1C[C@@H]1[C@H](NP(=O)(c1ccccc1)c1ccccc1)c1ccccc1,-3.924757242202759
base,FC(F)(F)[c+]1[cH-][cH+][cH-][c+](N2CCN([C+]3[C][C-]4O[CH+][CH-][CH+][CH-][C+]4[C+](NC[c+]4[cH+][n-][cH-][cH+][cH-]4)[N-]3)CC2)[cH-]1,-4.0029215812683105
base,NNC(=O)Cn1cnc2c(cnn2-c2ccc(F)cc2)c1=O,-0.332385390996933
base,ClC1(Cl)C[C@@H]1CSc1ncnc2nc[nH]c12,-3.384683847427368
base,C[C@@H](Sc1ccc(F)cc1)C(=O)NC1=[S+]C2=C(CCCCC2)/C1=C(\N)[O-],-1.18075430393219
base,COc1cc(OC)c(N[C@H]2c3ccccc3C(=O)N2c2cc(C)ccn2)cc1Cl,-3.677651882171631
base,O=C(NC(=S)NN1CCCC[C@@H]1C1=C2C(=CC=C3[N+]4=[C-]C324)C=C[CH-]1)c1ccco1.[H+],-2.5824286937713623
base,Fc1ccccc1N/[C-]=N/[C@@H]1CO[C@@H](C(F)(F)F)[C@@H](c2ccccc2)C1.[H+],-7.599528789520264
base,COc1ccc(NC(=O)NCc2nccn2C)c(OC)c1,-0.9432893395423889
base,O=C(CSc1ncnc2c1cnn2-c1ccccc1)N1CCCC1,-2.1940207481384277
base,COC/C=C/C1=CC2=CC(=O)[C@@](C)(OC(=O)c3ccccn3)C(=O)C2=CN1CCCOC(C)C,-0.9710499048233032
base,Cc1ccc(C(C)C)c(Oc2nnnn2-c2ccccc2)c1,-4.136569499969482
base,NC[C-]([O-])CC[CH+]NCC(O)[CH+][C-]([O-])[O-].[H+].[H+],-0.5051502585411072
base,Cl[c-]1[cH+][cH-][c+](-[c-]2[cH+][cH+][c+]([C][N-][CH+]N3CCCC3)[n-][n-]2)[cH-][cH+]1.[H+].[H+],-4.913978099822998
base,O=Nc1cn(CCCC(=O)O)nc1-c1cccc2ccccc12,-1.6620945930480957
base,[O-][C+](N[c-]1[cH+][cH-][cH+][cH-][c+]1[C][CH+][CH-][CH+][C]Cl)N1CCCC1[c-]1[cH+][cH-][cH+][n-][cH+]1,-3.772675037384033
base,COCC(=O)NNC(=O)c1ccc(F)cc1,-1.7065300941467285
base,Brc1ccc(N2CCN(c3ncnc4ccccc34)CC2)cc1,-6.9026312828063965
base,COC(=O)c1scnc1NCc1cc(OC)c(OC)c(OC)c1,-1.1502403020858765
base,Brc1ccc2c(c1)[C@@H](n1cccc1)C=CS2,-13.13058090209961
base,[CH2-]O[c+]1[n-][nH][c+](C)[c-]1C[c+]1[cH-][cH+][c-](OC)[c+]([C-]([O-])S[C+]2[CH+][CH-][CH+][CH-][CH+]2)[cH-]1,-1.7637275457382202
base,CCC(=O)N1CCC[C@H]1C(=O)c1ccc(F)cc1,-5.5420355796813965
base,CCCCNC(=O)NC(=O)C/[S+]=C1\N=CC=C\C1=C(/[O-])OCC,-0.4742799997329712
base,Cl/C(=[C-]\[N+]#CC1C=C[C-](Cl)C=C1)c1cccc[n+]1CCC[S+]=c1cccc[cH-]1,-13.498271942138672
base,CC(=O)N1CCC(=NNc2ccccc2[N+](=O)[O-])CC1,-0.6889495253562927
base,[N-2][N+](=O)C(/C=C\N=N\C(N)=C/[N+](=O)[O-])=[NH+]/Cc1ccc(Cl)c(Cl)c1,-0.4642142057418823
base,CO[C@H]1CN(S(=O)(=O)c2c(C)noc2C)CCO1,-0.8011239767074585
base,O=C(CCl)Nc1ccccc1CO,-3.5892956256866455
base,CCOc1ccc([C@@H]2NC(=O)CC[C@H]2[N+](=O)[O-])cc1OCC,-0.5951787233352661
base,C=C1S/C(=N\C2CCCCC2)N(C(=O)c2ccc3ccccc3c2)[C@]1(C)O,-5.005684852600098
base,Cc1ccccc1OCc1nnn[nH]1,-2.0371227264404297
base,CCCOc1cc(NC(=O)c2cccc(OC)c2)c(OCC)cc1NC(=O)c1cc2occc2n1C,-2.684285879135132
base,COC1=C[S+]=C/C1=C(\[O-])Nc1ccccc1F,-4.23065710067749
base,CNC(=S)N(CCc1cccc2ccccc12)Cc1cccnc1,-7.682906150817871
base,CCCCC(=O)Nc1ccc(NC(=O)c2ccco2)cn1,-1.1279391050338745
base,O=C(CN1CCOCC1)c1c[nH]c2ccccc12,-4.099249839782715
base,FC(F)Oc1ccc(NC(=S)N(CCCN2CCOCC2)Cc2cccn2Cc2cccs2)cc1Cl,-7.306881904602051
base,CCN1CCC(NC(=O)CCC(=O)Nc2ccccc2Cl)CC1,-2.5009610652923584
base,CCCc1nc(SCC(=O)Nc2ccc3c(c2)OCO3)c2ccccc2n1,-2.2338085174560547
base,CCC/[S+]=C1/N=[C-]/C(=C\c2c#cnc(CC3=C[CH-]C=C(S(N)(=O)=O)C3)c2C(N)=O)C(Cl)=N1.[H+],-0.5078440308570862
base,O=c1[nH]c2ccccc2n1CCNc1cccc(C(F)(F)F)c1,-4.21207332611084
base,Fc1ccccc1OCc1cc(-c2ccccc2)on1,-6.69627571105957
base,C[P@](=O)(Nc1ccccn1)Oc1ccc(F)cc1,-4.05814790725708
base,[CH2+]CN([CH2-])CCC[CH+]C[C-]([O-])N(C)CCN1[C+]([O-])C2C3[CH+][CH-]C(C3)C2[C+]1[O-],-1.0484848022460938
base,COc1ccc(C2=N/C(=C\c3ccco3)C(=O)O2)cc1OC,-1.7183952331542969
base,[O-][SH+][C@@H](O)c1ccccc1,-4.442173957824707
base,COc1ccccc1NC(=O)CN1CCN(C(=O)c2ccco2)CC1,-1.0280237197875977
base,CCC(=O)[C@@H]1CCCN(C(=O)c2ccc(OC(F)F)cc2)C1,-4.487852573394775
base,O=C(c1cccs1)N1CCC[C@@H](c2ccccc2)C1,-9.186566352844238
base,O=C1OCC(CO)(CO)N=C1NNc1cccc2ccccc12,-0.2907876968383789
base,CCOC(=O)c1ccc(NC(=O)c2coc(=O)c(Br)c2)cc1,-0.9882248640060425
base,CCc1ccc(Nc2nc3cc(OC(F)F)c(OC)cc3c(=O)[nH]2)cc1,-1.9733701944351196
base,CN[C-]([NH-])[N-]CCCN1CCCCC1,-3.3565735816955566
base,NC1=NC[C@H](Cc2ccc(O)cc2)N1CCc1ccc(Cl)cc1,-2.598719358444214
base,[CH2-]O.[CH]C1OC23[C]([N][C]1[O])N2C12[CH][CH][C]([C]4[N]N(C)[C]([O])[C]5[CH][CH][CH][CH][C]54)[CH]C1[C-]32.[H+].[H+].[H+],-0.5408307313919067
base,O=C(NC(=S)Nc1ccccc1OO)c1cc2ccccc2o1,-1.3218193054199219
base,C[C@H](OC(=O)c1ccc(Cl)cn1)C(=O)N[C@]12C[C@H]3C[C@H](C[C@H](C3)C1)C2,-2.336912155151367
base,CC(C)(C)n1nc2c(c1NC(=O)c1cccc(C#N)c1)CSC2,-2.184918165206909
base,Clc1ccc(OCCCCN2CCCCC2)c(Br)c1,-11.696207046508789
base,S=c1[nH]nc(-c2ccccn2)n1/N=C/c1ccccc1Cl,-3.2213563919067383
base,O=[N+]([O-])c1nn(-c2ccc(F)cc2)n([O-])c1=[N+]1CCN(c2ccccc2F)CC1,-0.36085599660873413
base,CCc1cc(C(=O)N/N=C/c2cccs2)c2ccccc2n1,-3.6996588706970215
base,Cc1cc(C)c(C(=O)Oc2cc(C)c3ccccc3n2)cn1,-4.071843147277832
base,CCCn1c(SCC(=O)NC2=NCCS2)nnc1-c1ccco1,-0.7793418169021606
base,CN1CCN(C(=S)c2cn(Cc3ccc(C#N)cc3)c3ccccc23)CC1,-6.235411167144775
base,Nc1cc(Cl)nc(SCn2nnc3ccccc3c2=O)n1,-0.3388730585575104
base,Cc1ccccc1C(=O)NCCn1cnc2ccccc2c1=O,-2.0290286540985107
base,CCCc1c(C)c2cccc(NC(C)=O)c2[nH]c1=O,-2.5039234161376953
base,CO[C-]([O-])CO[C+]1[CH+][CH-][CH+][C-](N[S+2]([O-])([O-])[C-]2[CH+]C2)[CH+]1.[H+].[H+].[H+].[H+],-0.5115211009979248
base,C/[NH+]=C1/C=C(N2C=CC[C@@H](C)C2)[C@@]23[OH+]N=C2C3=C1C#N.[N-]=c1[cH-]c(Cl)cc2ccccc12,-0.6096259355545044
base,[O-][C+]([C][CH+][C+]1[CH+][N-][c+]2[cH-][cH+][cH-][cH+][c-]2[CH+]1)ON[C-]1CCCCC[N-]1,-1.8878209590911865
base,NS(=O)(=O)c1ccc(NC(=O)Cn2ncn3c(cc4ccccc43)c2=O)cc1,-0.23178519308567047
base,O=[n+]1[c-]c(/C=N/Nc2cc(Nc3ccc(F)cc3)nc(N3CCOCC3)n2)c2ccccc2o1,-0.8054182529449463
base,Fc1ccc(Oc2ccccn2)cc1,-8.424507141113281
base,Clc1ccc(Oc2cc(Cl)ccc2Cl)nc1,-9.8152494430542
base,NS(=O)(=O)c1ccc(/N=N/c2ccc3ccccc3c2)cc1,-1.6149814128875732
base,CC1=CC(C)=N[C]/C1=C(/[O-])NC[C+](=O)O,-0.7547776103019714
base,NS(=O)(=O)Oc1ccccc1Cc1ccccc1[N+](=O)[O-],-0.3883240520954132
base,CCCN(C)/C=N\c1sc(C)c(C)c1C(=O)OCC,-5.4355645179748535
base,CCOC(=O)Nc1nc(-c2ccc3c(c2)OCO3)cs1,-1.979796051979065
base,CCC(=O)Nc1cc([N+](=O)[O-])ccc1C(=O)C(=O)N1CCOCC1,-0.33958011865615845
base,FC(F)(F)[c-]1[cH+][cH-][c+]([CH-]NCC2CO[c+]3[cH-][cH+][cH-][cH+][c-]3O2)[cH-][cH+]1,-7.2140631675720215
base,Cc1nc2nc(SCC(=O)NCCCN3CCOCC3)nn2c(C)c1Cc1ccccc1,-0.7422976493835449
base,CCCCN(CCC)CCCNC(=O)CN1C(=O)N[C@@](C)(c2ccc3ccccc3c2)C1=O,-1.5638432502746582
base,C/C(N)=C(/C#N)C(=O)COC(=O)c1cc(N)ccc1O,-0.3848004937171936
base,[H]/N=c1\ccccn1Cc1cccc2ccccc12,-7.2291388511657715
base,O=C(C[C@@H](Cc1cccc(F)c1)C(=O)O)Nc1cccc(C(F)(F)F)c1,-2.925163507461548
base,NC(=S)Nc1cccc(C(=O)O)c1,-1.2138441801071167
base,CN(CCC#N)S(=O)(=O)[C@H](C(=O)Nc1cccs1)C1=NC(=O)C(C)(C)C1,-0.4063594937324524
base,CN(C)S(=O)(=O)c1ccc(Cl)c(Nc2ncnc3sccc23)c1,-1.7047525644302368
base,CCO[C-]([O-])[C+]1[C+](C)N[C][C+]1[C-]1[N-][C+]([C+]2[CH+][CH-][C+](OC)[CH-][CH+]2)[N-]O1,-0.6429345011711121
base,CN[C]1O[S]([O])([O-])(C2CCCCC2)NN2[C]([O-])[C]3[CH][N]N([C+]4[CH][CH][C](F)[CH][CH]4)[C]3[N][C]12,-0.5612390041351318
base,O=C(C(=O)N1CCc2ccccc2C1)c1c(-c2ccccc2)[nH]c2ccccc12,-4.64454460144043
base,O=C(COc1ccc(Br)cc1)Nc1nnc(-c2cccnc2)s1,-1.6020642518997192
base,CC/C(C)=N\NC(=O)CNC(=O)CCc1ccccc1,-1.466056227684021
base,[O-]/C=C\Br.[O-][P+](N1CCOCC1)=[N+]1CCOCC1,-1.5834715366363525
base,O=C(COc1ccc(Br)cc1Cl)c1ccc[nH]1,-5.473313808441162
base,S=C(NCc1cccc2ccccc12)NC[C@@H]1CCCO1,-6.356506824493408
base,[H]/[O+]=C1/Nc2ccccc2/C1=C1\N=NC(C[C-](F)CCc2ccccc2)=C1C#N,-2.789742946624756
base,COc1nc(Cl)c(SC)c(Oc2ccc(Cl)cc2Cl)n1,-6.176238536834717
base,N/C(=N\OC(=O)C1CCN(c2ncc(C(F)(F)F)cc2Cl)CC1)c1ccccc1,-1.763514757156372
base,O=C(Oc1ccc(Cl)nn1)c1ccc[nH]1,-1.768875002861023
base,C[C@@H]1CN(C(=O)c2cc3c(s2)CCC3)C[C@H](C)O1,-6.903462886810303
base,C[C@@H](CN1CCCCC1)OC(=O)c1ccc[nH]c1=O,-2.174474000930786
base,COCCCN1[C-]2[CH+][CH-][CH+][CH-]N2[c+]2[n-][c+]3[cH-][cH+][cH-][cH+][c+]3[n-][c-]21,-4.392317295074463
base,COn1cnnc1-c1cc([N+](=O)[O-])ccc1O,-0.4140803813934326
base,CCC(CC)Nc1ncnc2ccccc12,-5.7684431076049805
base,NS(=O)(=O)c1ccc(S(=O)(=O)N2CCN(S(=O)(=O)c3cccnc3)CC2)cc1,-0.2925178110599518
base,COc1cc(C)c(Br)cc1S(=O)(=O)NCc1ccccn1,-1.868580937385559
base,[O][C](NC[C]([O])N([C]1[CH][CH][CH][C](N([O-])[O-])[CH]1)S([O])([O])[C+]1[CH][CH][C](N([O-])[O-])[CH][CH]1)[C+]1[CH][C]2[CH][CH][CH][CH][C]2O[C]1[O],-0.7804102301597595
base,COCCNc1cc(=O)n(C)c(=O)[nH]1,-1.1395095586776733
base,[CH2+]N(C)CCn1[cH+][n-][c+]2s[c+]([C-]([O-])N[c+]3[cH-][cH+][c-](CN(C)C)[cH+][cH-]3)[c+](C)[c-]-2[c-]1[O-],-0.6277911067008972
base,COc1ccc(CN2CCN(C(=O)c3ccccc3)CC2)c(OC)c1OC,-3.548863410949707
base,CCCN1[CH-][C+](N2[CH+][C][C][C][CH-]2)[C-]([O-])N(C[C+]([O-])N[C+]2[CH+][CH-][c+]3[nH][c-]4[cH+][cH-][cH+][cH-][c+]4[c-]3[CH+]2)[C+]1[O-].[O-]S[c+]1[cH+][cH+][cH+][cH-][cH+]1,-0.3549322783946991
base,[O][C](N[C]1[N][CH][C](N([O-])[O-])S1)C1CCCC([C+]2[CH][CH][C](Cl)[CH][CH]2)O1,-0.7802118062973022
base,S=c1[nH]nc(COc2ccccc2)n1NCc1cccs1,-3.504859685897827
base,C[C@@H](N)c1oc(-c2ccccc2)cc1C(=O)O,-1.3531936407089233
base,CCCn1c(SCC(=O)Nc2ccc3c(c2)OCO3)n[nH]c1=O,-0.3282535672187805
base,COC(Cn1c2c(c3ccccc31)C(=O)c1ccccc1C2=O)OC,-3.0049686431884766
base,Fc1ccc(CNC(=S)N(Cc2ccc3ccc4ccccc4c3n2)Cc2ccco2)cc1,-7.960236549377441
base,O=C(Nc1ccc2c(c1)C(=O)N(c1cccc(F)c1)C2=O)c1cccc([N+](=O)[O-])c1,-1.2582582235336304
base,COCCCn1nn[n-]/c1=[S+]\[C@@H](C)C(=O)[NH+]=C1C=CC(=[NH+]C(=O)/[C-]=C(\Cl)[c-]2ccccc2=S)C=C1,-0.3363680839538574
base,CC1(C)CC(=O)C=C(Nc2n[nH]c(=S)n2Cc2ccccc2)C1,-2.9301419258117676
base,COc1ccccc1OCCC(=O)Nc1ccc2ccccc2c1,-4.962695121765137
base,NNC(=O)c1csc(COc2ccc3ccccc3c2)n1,-1.193138837814331
base,COc1cc(/C=C/C(=O)N(C)CCc2ncc[nH]2)cc(OC)c1OC,-1.1340285539627075
base,FC(F)(F)c1cc(C(F)(F)F)c2ccc(N3CCN(c4ccc(Cl)cc4)CC3)nc2n1,-8.726463317871094
base,CCCCCn1c(N)c(C(=O)NCCC)c2nc3ccccc3nc21,-1.3034729957580566
base,Fc1ccccc1NC(=S)N1CCCC1,-9.722439765930176
base,Cc1n[nH]c(C)c1S(=O)(=O)N1CCC[C@@H](C(=O)NCc2cc3ccccc3o2)C1,-0.5374574065208435
base,CCOc1ccc(C(=O)N(Cc2ccc3c(c2)OCO3)[C@@H]2CCS(=O)(=O)C2)cc1,-1.0305044651031494
base,Fc1ccc(NC(=S)Nc2ccnn2C2CCN(Cc3ccn[nH]3)CC2)cc1,-1.88253653049469
base,Fc1ccc(NCCc2nnc(-c3ccc(F)cc3)o2)cc1,-4.223818302154541
base,O=C(Nc1ccc(Oc2cccc3cccnc23)c(Cl)c1)c1ccccc1Cl,-7.1179351806640625
base,ClC[C+]1[CH+][C-](NC[C+]2[CH+][N-][CH+][CH-]2)[C-]2[CH+][CH-][C-](Cl)[CH+][C-]2[N-]1,-5.823396682739258
base,O=C(CN1CCCCCC1=O)Nc1ccc2c(c1)OCO2,-1.6721160411834717
base,COCCN1CCN(C2CCN(C3CCCC3)CC2)CC1,-8.752297401428223
base,F/C(=N/c1nc(-c2cccs2)nc2ccccc12)c1ccccc1,-7.450320243835449
base,Cc1sc2nc(CN3CCOCC3)nc(NS(=O)(=O)c3ccc(C(C)(C)C)cc3)c2c1C,-1.8563706874847412
base,O=C(OCCN1CCOCC1)c1cc2ccccc2cc1OC[C@@H](O)CN1CCOCC1,-0.7655650973320007
base,S=c1[nH]c(CN2CCN(c3ccccc3)CC2)nc2sc3c(c12)CCCC3,-7.068514823913574
base,CCO[c-]1[cH+][cH-][cH+][c-](-[c-]2[c+]([C][N-][C+]3[CH+][CH-][CH+][CH-][CH+]3)[n-][nH][c+]2C[C-]([O-])OC(C)C)[cH+]1,-1.3597644567489624
base,C[C@H]1C[C@@H]2[C@@H]3CCC4=CC(=O)C=C[C@]4(C)[C@@]3(F)[C@H](O)C[C@]2(C)[C@]1(O)C(=O)CO,-0.6946321129798889
base,FC(F)OCCCNc1ncnc2scc(-c3ccccc3)c12,-5.2164716720581055
base,O=C(/C=C\Nc1ccccc1F)CNC(=O)c1ccccc1Cl,-3.204582691192627
base,CN1CCc2c(cnc3c2CCCC3)C1,-9.3134183883667
base,O=C(CCC[C@H](Nc1nccc2ccccc12)c1ccccc1)NCCc1c[nH]c2ccccc12,-5.0482563972473145
base,CCCCN(C)C(=O)/C(C#N)=C\c1cnc2ccccc2c1,-3.297711133956909
base,CC1(C)CC(=O)C(CCc2cc(=O)oc3cc(O)ccc23)=C(O)C1,-1.3734115362167358
base,[O-][C+]1[C-](O)[C-]2[C+]([O-])C34[CH-][CH+]C5[O+]3[S+2]54[c+]3[n-][c-]4[cH+][cH-][cH+][cH-][c+]4[cH-][c+]3C2N1CCCN1CCOCC1,-0.3129284381866455
base,COc1ccc(-c2nnc(SCC(=O)O)n2C)cc1OC,-0.5904647707939148
base,[CH2-][C+]1CC([CH2-])(C)CC[C-]1[N-]O[C+]([O-])[C+]1[CH+][CH-][CH+][C-](C)[CH+]1,-4.695817947387695
base,NS(=O)(=O)c1ccc(CNC(=O)C2(c3ccccc3)CCCC2)cc1,-0.7022258043289185
base,O=[N+]([O-])c1ccc(N2CCN(Cc3c[nH]c4ccccc34)CC2)c(S(=O)(=O)N2CCOCC2)c1,-0.4942995607852936
base,O=C(NCCSCc1cccc(-c2ccccc2)c1)c1ccc(F)cc1,-8.72464656829834
base,COCC/N=C1\C2=C(N[C@@H](CCN(C)C)N(Cc3ccco3)C2=O)c2ccccc21,-1.5662795305252075
base,Clc1ccc(Oc2cccc(Cl)c2Cl)c(Cl)n1,-10.485231399536133
base,O=C(O)COCC(=O)NCc1csc2ccc(Cl)cc12,-1.2765144109725952
base,N#C[C@H](CCCc1ccccc1)C(=O)NN,-0.915178656578064
base,COCCCNc1nc2ccccc2n2cnnc12,-1.9766002893447876
base,O=C(NCc1cccnc1)O[C@@H]1CN2CCC1CC2,-2.9444284439086914
base,O=C(/C=C/c1ccco1)Nc1ccc(N2CCCC2)cc1,-4.747790813446045
base,Cc1cc(C(=O)N2CCN(c3nc4ccccc4s3)CC2)n[nH]1,-1.9862563610076904
base,CN(CCCCCN(C)S(=O)(=O)c1ccc(Cl)nc1)c1ccccc1,-3.825972080230713
base,Cc1cc2[nH]c(=O)c(=O)[nH]c2cc1S(=O)(=O)NC1CCCCC1,-0.4068298637866974
base,COC(=O)c1cc(-c2ccccc2)n(CC(=O)Nc2ccc3c(c2)OCO3)n1,-0.6701948642730713
base,[CH2-]CCCCCNCC(CCCF)NCCOC([c-]1[cH+][cH-][cH+][cH-][cH+]1)[c-]1[cH+][cH-][cH+][cH-][cH+]1,-8.404995918273926
base,COc1ccc(NS(=O)(=O)c2c(C)noc2C)c(OC)c1OC,-0.4304432272911072
base,[O-][N+]12[CH-][C-]3NC[C@H]([c-]4[cH+][cH-][cH+][cH-][cH+]4)N3[C+]3[CH-][c+]4[cH-][cH+][cH-][cH+][c-]4[O+]4[O+]1[C@]342,-4.641183376312256
base,COC(=O)c1ccc(SC)n1Cc1nc(-c2ccc(OC)cc2)oc1C,-2.769749879837036
base,CCNc1cccc2c1O[C]/C(=C(/[O-])N1CCN(C)CC1)[C@@H]2[C+]1=CC=NC=C1,-2.141853094100952
base,C[C@H](NC(=O)N1CCn2c1nc1ccccc12)C(=O)NCc1ccccc1,-0.9925621747970581
base,O=c1c2ccccc2[nH]c(=S)n1Cc1cc(=O)n2ccsc2n1,-1.4147306680679321
base,Cc1cc(OCC(=O)NC[C@@H]2CCCO2)nc(Nc2c(C)n(C)n(-c3ccccc3)c2=O)n1,-0.3339758813381195
base,O=C(O)Cn1nnc(-c2ccc(Cl)c([N+](=O)[O-])c2)n1,-0.43809959292411804
base,C=CCSc1nc(N)c2c3c(sc2n1)CN(C)CC3,-3.1197736263275146
base,Cc1ccccc1N(CC(=O)n1ncc2ccccc21)S(=O)(=O)c1ccccc1,-2.2446608543395996
base,CCOc1cccc(O[C@H](CC(C)C)C(=O)NCc2ccco2)c1OCC,-2.6572024822235107
base,CC[C@H](C)/[S+]=c1\nc2n(C)c(=O)[nH]c([O-])c-2n1C[C@@H](O)COc1ccccc1,-0.2609510123729706
base,CC(=O)c1c(C)nn(C[C@H](O)COc2ccc(CC(C)C)cc2)c1C,-2.596560478210449
base,Oc1ccc(C2=NN/C(=N\C[C@@H]3CCCO3)SC2)c(O)c1,-0.6986732482910156
base,CN(Cc1cc2cc3c(cc2[nH]c1=O)OCCO3)C(=O)Cc1cc(=O)[nH]c(=O)[nH]1,-0.32769671082496643
base,CCn1c(CNC(=O)c2ccc(C)cc2)nnc1SCC(=O)N(C)c1ccc(C)cc1,-1.5997623205184937
base,FC(F)Oc1cccc2cccnc12,-8.325432777404785
base,COCc1c(C(=O)N/N=C(\C)c2cccs2)nnn1-c1nonc1N,-0.3380981981754303
base,COc1ccc(NC(=O)CSc2sc(C)c(-c3ccccc3)c2C#N)cc1,-4.348349571228027
base,NS(=O)(=O)c1ccc(N2C(=O)C[C@@H](Sc3ccccn3)C2=O)cc1,-0.2864745855331421
base,[O-][C+]1OC([c+]2[cH-][cH+][cH-][cH+][c-]2O)[C-]2[C+]1[CH-][CH+][CH-]N2CC1CCCO1,-1.9028435945510864
base,COc1cccc(S(=O)(=O)N(CCCN2CCOCC2)Cc2ccccc2OC)c1,-1.8116633892059326
base,CCCCCOC[C@@H]1C[C@H](CCC[C@H](C(=O)O)c2cccc(OC)c2)C(=O)O1,-2.0018484592437744
base,COC12C=C[C-](Br)C=C1C[N+]1=C(CSCC1=O)[C@H]2C(=O)O,-1.864651083946228
base,Cc1cc2c(C)nn(-c3ccc(C(F)(F)F)cn3)c2nc1C,-5.301209926605225
base,NC[C@@H](Cc1cnc[nH]1)c1ccccc1CC(=O)O,-0.4550268352031708
base,[O-]P(NCCC([c+]1[cH-][cH+][c-](F)[cH+][cH-]1)N1CCCCC1)[c+]1[cH-][cH+][c-](F)[cH+][cH-]1,-5.841493129730225
base,CCCOc1ccc(N2C[C@H](C(=O)Nc3ccccc3OC)CC2=O)cc1,-2.2626326084136963
base,CCCCN1C(=O)NC(=O)/C(=C/NCCCn2ccnc2)C1=O,-0.3872372508049011
base,C[S+3]12([N-][O-])N3C14[CH-][C+](O)[C-](N[c-]1[c+]([O-])[nH][c-]5[cH+][cH-][cH+][cH-][c+]15)C342,-0.32259321212768555
base,O=C(N[C@H]1CS(=O)(=O)C[C@H]1NCc1ccccc1)c1cc2ccccc2oc1=O,-0.2749518156051636
base,CCOc1ccc(N(CC)C(=S)Nc2ccc(C)cc2)cc1,-9.062907218933105
base,O=[N+]([O-])c1ccccc1NCCNS(=O)(=O)c1cccc2cccnc12,-0.5397307872772217
base,C=C1C=CC(Br)=C[CH-]1.CN(C)P(=O)=[O+]c1ccccc1,-8.372112274169922
base,CN1CCCN=C1/C=C/c1cccs1,-9.586050033569336
base,Cc1nonc1CN1CCN(CCOCc2cccnc2)CC1,-1.6238360404968262
base,C/C(=N\NC(=O)c1nnn(-c2nonc2N)c1-c1cccs1)c1cc2ccccc2o1,-0.6693649888038635
base,O=C(O)CONC(=O)c1ccccc1,-1.1406983137130737
base,CN1C[C@@H](NS(=O)(=O)N(C)C)CC2(CCCCC2)C1,-3.256133794784546
base,O=C(/N=C1\S[C@@H]2CS(=O)(=O)C[C@@H]2N1c1ccc(Oc2ccccc2)cc1)C1CC1,-1.7786054611206055
base,O=P(Cc1ccccn1)(c1ccccc1)c1ccccc1,-7.257533550262451
base,O=[N+]([O-])c1c(NCCCO)cc(N2CCCCC2)c2nonc12,-0.4443705379962921
base,CO[C-]1[CH+][CH-][CH+][C-]2[CH+][CH-][CH+]C3([C-]21)C1N[c+]2[cH-][cH+][cH-][cH+][c-]2C[N+]13[N-][C+]([O-])CN1CCOCC1,-1.444790005683899
base,[O-][C+](CS[C-]1[N-]N[C+]([C+]2[CH+][CH-][CH+]S2)[N-]1)NC[c-]1[n-][c+]([C][CH+][c-]2[cH+][c-]3[cH+][cH-][cH+][cH-][c+]3[cH-][c+]2O)[cH+]s1,-1.6103918552398682
base,O=S1(=O)CCNCC1,-4.207537651062012
base,CCO[C@@]1(c2ccccc2)NC(=O)N(c2ccc(OC)cc2)C1=O,-1.8779011964797974
base,Cc1ccc(N(CC(=O)NCc2ccc3c(c2)OCO3)S(=O)(=O)c2c(C)nn(C)c2C)cc1,-0.5684661865234375
base,S=c1[nH]cc(Cc2ccccc2)s1,-9.978337287902832
base,C=C1C(=O)N/C(=[S+]/CC(=O)Nc2[s+]c3[c-](c2C#N)CCCC3)N=C1C[CH-]N,-0.37461602687835693
base,O=S(=O)(Nc1cccc(-c2n[nH]c(=S)n2Cc2ccccc2)c1)c1ccc(F)cc1,-2.4020166397094727
base,CCOC(CCNC(=O)c1ccc(C(=O)NC2CC2)cc1)OCC,-1.2054635286331177
base,O=C(NCc1cccnc1)c1cccc(-c2nc3ccccc3s2)c1,-4.104136943817139
base,O=C(COc1ccccc1)N1CCN(CCCCCc2ccccc2)CC1,-6.772361755371094
base,Cc1cnc(C(=O)OCC(=O)NCCCc2ccccc2)cn1,-0.7664664387702942
base,COc1ccc(N[C@@H]2CCCN(C(=O)CC(=O)N3CCC=C3O)C2)cc1,-0.8901625871658325
base,O=S(=O)(Cc1ccc(Cl)cc1Cl)c1ccon1,-2.821683406829834
base,CCCN(CCC)[S+2]([O-])([O-])[c-]1[cH+][cH-][c+]([C-]([O-])N[c+]2[n-][n-][c+]([CH+]OCC)o2)[cH-][cH+]1,-0.3343227803707123
base,N/[C-]=N\CC(=[NH2+])C[S+]=c1nccc[n-]1,-0.5025034546852112
base,O=C(CSc1nnc(-c2ccco2)o1)NC[C@@H]1CCCO1,-0.4819234013557434
base,COc1ccc(-c2cc(C(=O)NC(C)(C)C(N)=O)c3ccccc3n2)cc1OC(C)C,-1.0851918458938599
base,[CH2-][O+]1CCn2/c(nn/c2=C2\[CH-]C=CO2)=[S+]/CC(=O)C(C)(C)C1,-2.470287799835205
base,[O-][S+2]([O-])(NC([c+]1[cH-][cH+][c-](F)[cH+][cH-]1)N1C[N-]CN([S+2]([O-])([O-])[c+]2[cH-][cH+][c-](F)[cH+][cH-]2)C1)[c+]1[cH-][cH+][c-](O)[cH+][cH-]1,-0.7531062364578247
base,CN1CCN(c2ccc(S(=O)(=O)N3CCCCC3)cc2NC(=O)Nc2ccc(F)cc2)CC1,-1.2352842092514038
base,[O-][C+](O)C1(CO)[CH-][N-]n2[cH+][n-][c+]3s[c+]4[c-]([c+]3[c-]2O1)CCCCC4,-0.363260418176651
base,CCO[C][C]C([C][N-2])C12C[C+]1[C][C][C][C+]2[N-2].[H+],-3.4440112113952637
base,O=C(Cn1cc(C(=O)C2CC2)c2ccccc21)NC[C@H]1CCCO1,-2.5122263431549072
base,S=C(c1cn(Cc2ccco2)c2ccccc12)N1CCOCC1,-6.913228988647461
base,O=C1C(=O)N(Cc2cccnc2)[C@@H](c2ccccn2)/C1=C(/O)c1ccc(F)cc1,-1.2324446439743042
base,Nc1ccc2nc(CO[C@H](CO)C(=O)NC3CCCC3)[nH]c2c1,-0.33015361428260803
base,COc1ccc(N2CCNCC2)c(/N=C2/CCCNC2)c1,-3.616624116897583
base,CSCCC(=O)N1CCC[C@@H](CNC(=O)Cc2cccc3ccccc23)C1,-4.243357181549072
base,[CH2-][CH+]NC12CCCC(C1)N(CC[CH-][O+]1[c+]3[cH-][cH+][cH-][cH+][c-]3[CH+][CH-][c+]3[cH-][cH+][cH-][cH+][c-]31)CC2.[H+],-11.577807426452637
base,O=C(Oc1ccc(-c2ccccc2)cc1)c1ccc[nH]1,-5.540441989898682
base,[CH2-]O[c-]1[cH+][c-](CCn2[c-](SC[C-]([O-])NC[C+]3[CH+][CH-][CH+][CH-][CH+]3)[n-][c+]3[cH+][cH+]s[c+]3[c-]2[O-])[cH+][c-](OC)[cH+]1,-0.6911760568618774
base,Fc1ccc(SCCN2CCc3ccccc3C2)cc1,-13.087845802307129
base,C=C1N=c2ccccc2=C([O-])N1.CC(C)OP(=O)=[O+]C(C)C,-0.614040732383728
base,Nc1nnc(SCC(=O)OCC(=O)c2ccccc2Br)s1,-0.6013613343238831
base,COc1ccc[c-]c1[S@@]1(=O)=NC(=O)c2c([nH]c3ccccc23)[C@@]2([O-])N(c3nc(=O)c4ccccc4n3C)[O+]21.[H+],-0.4495733380317688
base,CN(C)S(=O)(=O)c1ccc(O)c(C(=O)[C@@H](C#N)c2nc3ccccc3nc2NCc2ccco2)c1,-0.8791702389717102
base,CN(C)N1C(N)=C(C#N)[C@@H](c2cccs2)C2=C1CCCC2=O,-1.458593726158142
base,COCCNC(=O)c1c(C)nn(Cc2ccc(F)cc2)c1C,-2.886075973510742
base,CCc1c(C)sc(NC(=O)c2ccccc2OC)c1C#N,-3.0155935287475586
base,COCN(Cc1ccco1)Cc1cnn(C(C)C)c1C,-4.817931175231934
base,Brc1ccc(OCCCCN2CCCCC2)cc1,-11.121970176696777
base,O=C(/C=C/c1ccc2ccccc2c1)OCn1nnc2ccccc2c1=O,-1.669346809387207
base,COc1ccc(OC)c(-c2nnc(SCC(=O)N3CCCCC3)o2)c1,-1.3205074071884155
base,CN(CC(=O)/[NH+]=N\C=C=Cc1ccccc1[O-])S(=O)(=O)c1ccc2ccccc2c1,-0.29495739936828613
base,Cc1cc2c(C)c(C)[nH]c2cc1Br,-10.375032424926758
base,COc1ccc(N(C(=O)C2=C(N)/C(=C(/N)[O-])N=[S+]2)[C@@H](C(=O)NC[C@H]2CCCO2)c2ccccc2)c(OC)c1,-0.26355665922164917
base,CCOCCS[C+]([C+]1[N-][CH+][N-]C2([N-]1)N1[O+](C)[N+]12[O-])[C-]([O-])OCC,-0.5433107614517212
base,O=C(NC(=S)Nc1nc(-c2ccccc2)c(-c2ccccc2)o1)c1ccccc1F,-3.9327235221862793
base,NC(=O)C1CCN(C(=O)CNC(=O)c2ccc(OCc3ccccc3)cc2)CC1,-0.3423008322715759
base,NS(=O)(=O)c1ccc(CCNCCc2ccccc2)cc1,-1.3378493785858154
base,COc1ccc(Oc2nccc(OC)c2C#N)cc1,-2.26214599609375
base,O=C(OCCN1CCN(Cc2ccccc2Br)CC1)C1CCCCC1,-6.8943305015563965
base,Nn1cnnc1SCC(=O)N1CCCC1,-1.0955262184143066
base,[H]/N=C(\c1nc(C)cc(C)c1N/N=C/c1c(C)c(C#N)c(=O)n(C)c1O)N1CCCCC1,-0.6723200678825378
base,O=C(Cn1ccc2ccccc2c1=O)NCC(=O)N1CCN(Cc2ccc3ccccc3c2)CC1,-1.3515413999557495
base,N#Cc1nc(COc2cccc(Cl)c2)oc1NCc1ccco1,-1.690073013305664
base,COc1cccc(C(=O)Nc2ccccc2C(=O)OCc2ccc(C)cc2)c1,-3.436548948287964
base,Cc1cccc(CN2CC=C(c3ccccc3)CC2)n1,-9.977036476135254
base,CCN1CC[S@SP1+]2O/C(=C3/C=C(F)C(N4CCCCC4)=C[CH-]3)N=C12,-7.427776336669922
base,COc1ccc(NC(=O)Nc2cc(C)nn2-c2ccccc2)cc1OC,-1.8776816129684448
base,O=C(CCOc1ccccc1F)OC[C@](O)(CO)N1C[C@H](N([C][O-])C2CCCCC2)N[C+]1=O,-0.3450538218021393
base,[H+].[H+].[O-][c+]1[c+]2[cH-][nH][c+]([N-]C(COCC(F)(F)S)[C-]3[CH-][CH+][CH-]O3)[nH][c-]-2[c+]2[cH-][cH+][cH-][cH+][c-]12,-1.815429925918579
base,CCCC[C@@H]1CC[C@H](C(=O)c2ccccc2)CC1=O,-6.931241989135742
base,COC(=O)c1cccc(NS(=O)(=O)c2c(Cl)cccc2Cl)c1C,-2.293065309524536
base,NCCNC(=S)Nc1cccc(-c2ccc3nncn3n2)c1,-0.3946562707424164
base,COc1cc(/C=N/NC(N)=O)cc(Br)c1OCC(=O)NC(C)(C)C,-0.40696007013320923
base,COCCCN(Cc1ccccc1)C(=O)[C@@H]1CC(=O)OC12CCCCC2,-3.4641475677490234
base,O=c1c2ccccc2n(C[C@@H](O)CN2CCOCC2)c2ccccc12,-2.8833322525024414
base,CCCS[P@]1(=S)NCCCO1,-8.486528396606445
base,O=[N+]([O-])c1ccc(N2CCOCC2)nc1,-1.6614243984222412
base,Nc1c(S(=O)(=O)c2ccccc2)c2nc3ccccc3nc2n1-c1ccccc1,-1.5000473260879517
base,CCC(=O)N1CCc2cc(S(=O)(=O)CCC(=O)Nc3ccc4c(c3)OCCO4)ccc21,-0.5741071105003357
base,NNC(=S)Nc1ccc(Oc2ccccc2)cc1,-2.72955584526062
base,CN1C=C[P@](=C2C=CC=[O+]2)(N(C)C)N=C1N[CH-]CBr,-4.7566304206848145
base,OCCN(CCO)c1cc(Cl)cc(-c2ccccc2)c1,-4.678926944732666
base,OCC[C@@H]1CN(C[C@@H]2CC=CCC2)CCN1C1CCCC1,-7.596623420715332
base,NS(=O)(=O)OCCCc1ccccc1,-1.5284286737442017
base,CCCCOc1cccc(C(=O)Nc2ccc(Cl)cn2)c1,-4.5069708824157715
base,O=c1c[n+]([O-])c2ccccc2n1OCc1ccccn1,-1.3319448232650757
base,[O-][C]OC1CCC(N2CCOCC2)CC1,-4.252826690673828
base,NS(=O)(=O)c1ccc(Br)cn1,-1.367750883102417
base,O=C(O)CCOc1ccccc1[N+](=O)[O-],-0.5466616153717041
base,C[C@@H](NS(=O)(=O)c1ccc(CCC(=O)NCc2ccco2)cc1)C(=O)NC1CCCCCC1,-0.8375813961029053
base,O=C(O)c1ccccc1OCc1nc2ccccc2c(=O)[nH]1,-0.5217217206954956
base,CCn1c(Cc2ccccc2)nnc1SCc1nc2ccccc2c(=O)[nH]1,-1.6780411005020142
base,CC(=O)NS(=O)(=O)c1ccccc1,-2.051119089126587
base,COc1cnc(C)nc1NC(=S)NC(=O)c1cccc([N+](=O)[O-])c1,-0.385908842086792
base,Cl[c-]1[cH+][cH-][c+](C2[C-]3[C]N(C[C+]4[CH+][CH-][C+](C[c-]5[cH+][cH-][cH+]o5)[CH-][CH+]4)[C-]([c+]4[cH-][cH+][cH-][cH+][cH-]4)C34CC2([c+]2[cH+][n-][cH-][cH+][cH-]2)C4)[cH+][n-]1.[H+],-8.742650985717773
base,CCCOc1cccc(OCC(=O)Nc2cc(S(=O)(=O)N3CCCCC3)ccc2Cl)c1,-1.9095213413238525
base,CN(C(=O)NC(=O)Nc1ccccc1C(N)=O)S(C)(=O)=O,-0.34095537662506104
base,NNC(=O)[C@]12C[C@H]3C[C@H](C[C@H](C3)C1)C2,-3.023743152618408
base,O=C(N/N=C/c1cn(-c2ccccc2)nc1-c1cccs1)c1ccccc1,-3.744331121444702
base,COc1ccc(C/[S+]=C2\N=NC(NC(=O)[C@H]3CC(=O)N(Cc4ccccc4)C3)=[S+]2)cc1N([O-])[O-],-0.3866666555404663
base,O=C(Nc1ncccc1O)c1cccc(O)c1,-0.7817332148551941
base,COC[C@@H](C)OC(=O)c1c(N)n(CC2CC2)c2nc3ccccc3nc12,-0.7177788019180298
base,O=C(/C=C/NNC(=O)c1ccc2c(c1)OCO2)c1ccc(F)cc1,-1.1620889902114868
base,O=C(CSc1nc2ccc(Cl)cc2[nH]1)Nc1ncc(-c2ccccc2)o1,-2.17586612701416
base,CCC(C)NCC[CH-][CH+][C-]1[CH+][C][C+](OC2CCCCC2)[CH-][CH+]1,-9.727148056030273
base,O=S(=O)(/C=C/c1ccccc1)N1CCN(C[C@@H]2C[C@@H]3C=C[C@H]2C3)CC1,-5.161643981933594
base,C[C@@H](CN1CCCC1)NC(=O)c1ccc(Br)o1,-4.3011298179626465
base,O=S(=O)(c1cc(Cl)ccc1Cl)N1CCCC1,-5.735201358795166
base,O=C(O)C[C@H](SCc1ccc(Cl)c(Cl)c1)C(=O)O,-1.8659144639968872
base,[O-][C+](O)CCC[c-]1[cH+][cH-][c+]2[cH-][cH+][cH-][cH+][c-]2[c+]1O[CH-][C+]([O-])CO,-0.31461963057518005
base,O=C(NCCOc1cccnc1)C1=C[C@@H](c2csc3ccccc23)C[C@H](OCc2ccc(CO)cc2)O1,-2.232633590698242
base,Cc1onc([C@H]2[S+]=C(N)N=C2[O-])c1Br,-0.6744994521141052
base,Cc1ccc(S(=O)(=O)N(C)C)cc1NC(=O)CSc1ccc2ccccc2c1,-2.8437860012054443
base,Fc1ccccc1NC(=S)Nc1ccccc1C(F)(F)F,-9.246511459350586
base,COc1cc(CO)cc(Br)c1OCC(=O)NC1CC1,-1.6781799793243408
base,O=C(O)c1cccc(/C=C2\C(=O)c3ccccc3-c3ccccc32)c1,-4.689469337463379
base,O=S(=O)(c1ccc(Oc2ccccc2)cc1)N1CCc2ccccc2C1,-5.137693405151367
base,O=C(Nc1nn(-c2ccc(Cl)cc2)c(=S)s1)c1ccccc1,-5.418168067932129
base,Cc1ncc(C=O)n1C[C@H](O)COCC1CCCCC1,-2.1093623638153076
base,CN(C)S(=O)(=O)N1CCN(c2ccccc2O)CC1,-1.9360806941986084
base,COC(=O)C[C@@H](C)NCCOC1=N/C(=C/COc2nc(OC)cc(OC)n2)OC(C)=C1,-0.41993653774261475
base,Cc1cc(OC(=O)c2c(C)nc3ccccn23)c2c3c(c(=O)oc2c1)CCCC3,-2.3484416007995605
base,Cc1c(C(=O)Nc2cccc(F)c2)coc1C(=O)N1CCCCC1,-2.905425548553467
base,CCC(CC)C(=O)N[C@H]1CCSC1=O,-4.10581636428833
base,Cc1nc2sc([C@H](c3cccs3)N3CCN(C(=O)c4ccco4)CC3)c(O)n2n1,-0.9903660416603088
base,O=C(O)c1cc(S(=O)(=O)Nc2ccccc2Cl)ccc1Cl,-1.4411489963531494
base,CC[C-]([O-])NC([C][CH+][C+]1[CH+][CH-][CH+][c-]2[c+]1[cH-][cH+][c-]1[cH+][cH-][cH+][cH-][c+]21)CO,-3.0003318786621094
base,Cc1cccc(Nc2nc3c(S(=O)(=O)c4ccccc4)nnn3c3ccccc23)c1,-1.647703766822815
base,COc1ccc(NC(=O)/C=C/C(=O)O)cc1S(=O)(=O)N1CCCCC1,-0.3214538097381592
base,O=C1C(=O)N(Cc2ccccc2)C(=O)N1CCOc1ccc(Br)cc1,-2.0633604526519775
base,COCCC[N-][C-]([O-])N(C[C+]1[CH+][CH+][CH-]O1)C[c+]1[cH+][c-]2[cH+][c-](C)[c+](C)[cH-][c+]2[nH][c-]1[O-],-0.5616220235824585
base,COC1=C(OC)C(=[N+]([O-])[O-])/C(=C(\c2cccc3[nH]c(=O)[nH]c23)[NH+]2CCN(c3ccccc3OC)CC2)C=C1,-0.3109475076198578
base,Cc1ccc(-c2cc(NC(=O)c3ccccc3Cl)cn2-c2ccccn2)cc1,-6.596741199493408
base,O=[N+]([O-])c1ccccc1NCCNS(=O)(=O)c1ccc2ccccc2c1,-0.8502689003944397
base,CCOc1cc(CNc2ccccc2)cc(Br)c1OCc1ccc(F)cc1,-9.660045623779297
base,O=C(c1ccc(F)cc1)C1CCCC1,-9.63165283203125
base,O=C(NNS(=O)(=O)c1ccccc1)c1ccccc1O,-0.35720598697662354
base,Clc1ccc(OCCN2CCCC2)c(Cl)c1,-10.709641456604004
base,C=C1C=CC=C(C)[C-]1O/C=C/CCN(Cc1ccco1)C(C)(C)C.[H+],-9.843670845031738
base,NNC(=O)COc1ccc2cc(Br)ccc2c1,-2.0227415561676025
base,CN(CC[N-][C+]([O-])C1CCCN(C[c+]2[cH-][cH+][c-](Cl)[cH+][cH-]2)C1)CC[c-]1[cH+][cH-][cH+][cH-][cH+]1,-5.362671852111816
base,Cc1cc2cc(Cn3c(N4CCCCCC4)nc4c3c(=O)n(C)c(=O)n4C)c(Cl)nc2cc1C,-1.7875858545303345
base,Brc1cccc(/C=N/Nc2nc(N3CCOCC3)nc(N3CCOCC3)n2)c1,-0.5802580118179321
base,COc1ccc(NC(=S)N/N=C/c2ccc(-c3ccc([N+](=O)[O-])cc3)o2)cc1,-1.531599998474121
base,C[c-]1[cH+][cH-][c+]2s[c+](N(CCN(C)C)[C+]([O-])[CH+][CH-][c+]3[cH-][cH+][cH-]s3)[n-][c-]2[cH+]1.[CH3-],-5.027544021606445
base,Clc1ccc(OCc2cnc(Cl)s2)cc1,-9.106929779052734
base,O=C(Oc1cc2oc3ccccc3c(=O)c2cc1CCCCn1c(=O)[nH]c2cc(C(F)(F)F)ccc2c1=O)c1ccco1,-3.136415481567383
base,N[C][N-][C+]1[N-]N2CCOCCOCCOCCN[C+]([O-])CC[C][CH+][CH+][C]N1[N-]2.[H+].[H+].[H+],-0.5569654107093811
base,CCN(C(=O)c1cc2ccccc2nc1C)C(C)C,-6.588906288146973
base,Fc1ccc(Oc2ccc(Oc3ccc(/C=N/n4cnnc4)cc3)cc2)cc1,-4.055841445922852
base,O=C(Cn1cnc2ccccc2c1=O)Nc1nnc(SCc2ccc(Cl)cc2)s1,-1.3596378564834595
base,O=C(CCl)Oc1coc(CSC(=S)N2CCOCC2)cc1=O,-1.6417499780654907
base,CN(C1CCCCC1)S(=O)(=O)c1ccc2[nH]c(=O)oc2c1,-0.8492307662963867
base,CCOC(=O)c1onc(-c2ccccc2)c1C(=O)N1CCC(C(=O)OCC)CC1,-0.7612268328666687
base,O=C1NC2(CCCCC2)C(=O)N1Cc1cccc([N+](=O)[O-])c1,-0.6508952975273132
base,COCCNCCOCCOCCOC,-3.7104225158691406
base,O=[N+]([O-])c1cc([C@H](O)CO)oc1CCS(=O)(=O)c1ccc(Cl)cc1,-0.4679284989833832
base,O=C(O)c1ccc(Nc2ccc([N+](=O)[O-])cc2C(=O)Nc2ccc(Cl)cc2)cc1,-2.242037057876587
base,O=c1c2cc(O)ccc2oc2cc(O)cc(O)c12,-0.6113429069519043
base,COc1cc(C(=O)CSc2ccccn2)cc(OC)c1C,-4.285547256469727
base,O=S(=O)(Nc1ccc(-c2cccnc2)cc1)c1cccs1,-3.2016966342926025
base,O=C(N/N=C/c1sc(N2CCOCC2)nc1-c1ccc(F)cc1)c1ccc2c(c1)OCO2,-1.1771411895751953
base,COc1ccc(Nc2c(OC(=O)c3ccccc3)cnc3cc(OC)c(OC)cc23)cc1,-3.004490852355957
base,COc1cccc(-n2nnnc2SC)c1,-3.153294324874878
base,O=C(NCc1ccc2cccnc2c1)[C@]12C[C@H]3C[C@H](C[C@H](C3)C1)C2,-5.673355579376221
base,CO[c+]1[cH-][c+]2[c-]([cH+][c-]1OC)CC13C(O)[C+]4CCCCC4C[O+]1N3[C]2.[H+],-4.469313144683838
base,Fc1ccc(Br)cc1CSCc1nc2ccccc2[nH]1,-8.582358360290527
base,O=c1oc2cc(O)c(OCCO)cc2cc1/C=N\c1ccc(O)cc1,-0.501704216003418
base,O=C(CSc1cn[nH]n1)N1CCc2ccccc21,-2.1830930709838867
base,O=C(Oc1ccccc1OC/C(=N\O)c1ccc(Br)cc1)c1ccccc1,-3.4739809036254883
base,Cc1ccc(Nc2ccc(C(=O)O)o2)cc1,-2.6324262619018555
base,N#CCCCSc1ncccc1-c1nc2ccccc2[nH]1,-2.8969886302948
base,CCCC(C)(C)C,-13.561589241027832
base,O=[N+]([O-])c1cccc(N2CCCCS2(=O)=O)c1,-0.908731997013092
base,CCCCn1c(C2CCCCC2)nc2cc3[nH]c(=O)c(C(C)C)nc3cc21,-4.268733501434326
base,NC(=O)C1=CC(=S([O-])([O-])=[NH+]c2cccc(F)c2)C=[S+]1,-0.3582944869995117
base,CN(Cc1ccccc1NC(=O)c1ccccc1)C1CCCCC1,-7.6997222900390625
base,CC[CH+][C+]1C[C]C(O[C+]([O-])C(C)C)CC[C-]([O-])[O+]2OC12[C]C1[CH-][CH+]CC[C-]1[CH+][CH-]OC1CC(OC)C(O)C(C)O1.[H+],-1.0245311260223389
base,CCOc1ccc2nc(/C=N/NC(=O)c3cccnc3)ccc2c1,-1.308713674545288
base,CC(/C=C/c1ccco1)=N/NC(=O)OC(C)(C)C,-2.589214324951172
base,CN(C)C[C@@H](O)COc1ccc2c(=O)c(Oc3ccc(Br)cc3F)coc2c1,-2.1645255088806152
base,Fc1cccc(N(C(=S)NC2CC2)c2ccccc2)c1,-10.433241844177246
base,COc1ccc(C(=O)NCc2nnc(SCC(=O)N3CCN(c4ccc(F)cc4)CC3)o2)cc1,-0.5648151636123657
base,CCOc1cccc(C(=O)Nc2nnc(C(C)C)s2)c1,-2.579242467880249
base,Nc1cc(N2CCCCC2)ccc1[N+](=O)[O-],-1.5050239562988281
base,Cc1ccc([C@H](C(=O)NC2CCCCC2)N(C(=O)Cc2cccs2)c2ccccc2)o1,-4.440945148468018
base,O=S1(=O)N[C@H]([C@H]2C[C@@H]2c2ccccc2)CCO1,-2.8485491275787354
base,CCCCN(C(=O)N1CCC(C(N)=O)CC1)c1ccc(Cl)cc1,-2.411917209625244
base,COc1ccc2c(c1)CC(=O)N[C@@H]2c1coc2c1C(=O)CCC2,-1.8356331586837769
base,[S-][C+](N[c+]1[n-][n-][c+](-[c-]2[cH+][cH-][c+]3[nH][cH-][cH+][c-]3[c+]2[S-])s1)N[c-]1[cH+][cH-][cH+][cH-][cH+]1,-2.5480213165283203
base,Clc1ccc(N2CCN(Cc3nc(CCCc4ccccc4)no3)CC2)cc1,-5.247146129608154
base,CCOC(=O)C1=C(C(F)(F)F)Nc2nnnn2[C@H]1c1cc(OC)c(OC)cc1OC,-0.4504063129425049
base,COc1cc(COc2ccccc2)cc(OC[C@@H](O)CN2CCN(C)CC2)c1,-3.0260188579559326
base,COC(=O)[C@H](C)Sc1ncnc2c1sc1nc3c(cc12)COC(C)(C)C3,-2.0768516063690186
base,CC(=O)c1c(C)oc2ccc(NS(=O)(=O)c3ccc4c(c3)oc(=O)n4C)cc12,-0.8274116516113281
base,Clc1ccccc1C[C@H]1C(Br)=C(/[C-]=C/c2ccccc2)Nc2nc(C3CC3)nn21.[H+],-7.821653842926025
base,O=S(=O)(NC[C@@H]1CCCO1)c1cccc2cccnc12,-1.592411994934082
base,[O-]N([O-])[C+]1[CH-][CH+][CH-][CH+][C+]1NC1([O-])CN([C][S-])N[C+](N[c+]2[cH-][cH+][cH-][c+](Cl)[cH-]2)S1,-0.3789113759994507
base,NS(=O)(=O)c1sccc1Sc1cn[nH]n1,-0.39016193151474
base,O=C[C@H](O)[C@H](O)[C@H](O)CO,-0.6637919545173645
base,CCn1nc(-c2ccc(OC(F)F)c(OC)c2)c2ccccc2c1=O,-3.8654868602752686
base,CN(C)CCOCCOc1ccc(F)cc1[N+](=O)[O-],-1.929120421409607
base,N#C[C@H]1N/C([O-])=[NH+]\C2=CC=C(Cl)C3C2[O+]3/[C-]=[N+](\c2ccc3ccccc3c2)[C-]([O-])C[SH+]1,-0.3210258483886719
base,CC(C)CNC(=O)[C@@H](C)OC(=O)c1cc2sccc2n1C,-2.572885036468506
base,CCC[c-]1[cH+][c-]([O-])[n-][c+]([C+]([O-])N[c+]2[cH-][cH+][cH-][cH+][c-]2F)[c+]1C,-1.3399416208267212
base,Nc1nnc(CCOc2cccc(F)c2)s1,-2.354095458984375
base,Fc1ccc(/C(=C/CN2CC=CCC2)c2cccs2)cc1,-13.608128547668457
base,O=C(c1ccco1)c1cc2ccccc2o1,-4.901339054107666
base,CCC(CC)C(=O)NNC(=S)NC(C)=O,-1.5880252122879028
base,O=C(c1ccc2c(c1)OCCO2)c1nnc(-c2ccc(Cl)cc2)o1,-1.802810549736023
base,O=C(c1ccco1)N1N=C(C2CCCCC2)C[C@@]1(O)C(F)(F)F,-2.5146987438201904
base,O=C(O)CC1(CC(=O)NC2CCN(Cc3ccc4c(c3)OCO4)CC2)CCCCC1,-1.1992290019989014
base,COc1ccc([C@H]2CC(=O)C=C(N[C@@H](C)c3cccnc3)C2)cc1OC,-3.151535987854004
base,COc1ccc2ccccc2c1C/C(C)=N/Nc1ccc([N+](=O)[O-])cc1[N+](=O)[O-],-1.9893310070037842
base,CCc1ccc(NC(=S)NNc2cc(C)nc(-c3cccs3)n2)cc1,-3.537137031555176
base,Cc1ccc2ccccc2c1O[C@H](C)C(=O)Nc1nccs1,-4.332306385040283
base,S=C(c1ccc(-c2c(Cl)ccc(Cl)c2Cl)o1)N1CCOCC1,-9.17573070526123
base,CN(Cc1ccccc1)Cc1cn(C)nc1-c1ccc(F)cc1,-9.074640274047852
base,Clc1ccc2nc(CN3CCCCCC3)cn2c1,-8.963037490844727
base,COc1cccc(OC)c1C(=O)NCc1ccccn1,-2.325420379638672
base,Cc1ccc(N2C(=O)[C@]3(CCCCO3)[C@H](C)[C-]2[O-])cc1F.[H+].[H+],-3.353430986404419
base,COc1cc(COC[C@@H](O)CN2CCCC[C@H]2C)cc(OC)c1OC,-2.555640459060669
base,CCOC(=O)[C@@H](C)/[S+]=c1\nc(N)c(NC(=O)c2ccc(OC)cc2)c([O-])[nH]1,-0.2786746025085449
base,COCCN(C(=S)Nc1cccc(Cl)c1)[C@H](C)[C@H](/C=N/c1ccc(Cl)cc1)C(N)=O,-2.346890687942505
base,O=S(=O)(Cc1ccccc1)N1CCNCC1,-3.5579562187194824
base,COc1ccc(C(=O)N/N=C/CC(C)C)cc1Br,-4.007565021514893
base,O=C1Nc2ccc(F)cc2/C1=N/NC(=O)c1cccc(N2C(=O)c3ccccc3C2=O)c1,-0.6339882016181946
base,COc1cc(COc2ccccc2C)cc(C(=O)c2c(C)cc(C)[nH]c2=O)c1,-2.717834234237671
base,COc1ccc(N)cc1-n1cnnn1,-0.9452826976776123
base,CN[C-]([S-])SC[C][CH+][C+]([O-])[C+]1[CH+][CH-][C+](Cl)[CH-][C+]1Cl,-5.856665134429932
base,O=c1[nH]c(C(=S)NCc2ccco2)nc2ccccc12,-1.4438750743865967
base,CCOc1cc(/C=C(\NC(=O)c2ccc[nH]2)C(N)=O)cc(OCC)c1OCC,-0.5809381604194641
base,C[O+][N][C]N1[C](CC(C)C)[N][C]2[CH][CH][CH][CH][C]2[C]1[O],-2.2426342964172363
base,N#Cc1cc2ccc(Oc3cccc4ccccc34)cc2[nH]1,-5.549570560455322
base,CN1C(=O)CC(=O)NC1=O,-1.9201465845108032
base,[O-][C+](O)C(C[C+]1[CH+][N-][c+]2[cH-][cH+][cH-][cH+][c-]21)N[C-]([O-])C1C2[CH+][CH-]C(C2)C1[C+]([O-])O,-0.3889281153678894
base,CCOC(=O)C1=C(C)NC2=C(C(=O)CCC2)[C@H]1c1cc2c(cc1Br)OCO2,-2.14918851852417
base,O=[N+]([O-])c1nccn1C[C@H](O)Cn1c2ccccc2c2ccccc21,-0.9633048176765442
base,FC(F)OC(F)(F)[C@@H](F)Cl,-11.330460548400879
base,O=C(COC(=O)c1nc(Cl)ccc1Cl)c1ccccc1,-3.439241647720337
base,S=c1[nH]nc(CN2CCCCC2)n1-c1ccc(Cl)cc1,-6.191509246826172
base,Fc1ccc(CCNCc2cccc3ccccc23)cc1,-11.355942726135254
base,N[S+2]([O-])([O-])[C][CH+][C-]([CH+][N-][N-]C1[C+]([O-])N[N-][C+]1[C+]1[CH+][CH-][CH+][CH-][CH+]1)[C-]([O-])O,-0.5717702507972717
base,Brc1ccc(-n2cnnn2)c(OCc2ccccc2)c1,-3.610013008117676
base,CCc1nnc2c(C(C)=O)cccn12,-3.9361257553100586
base,NNC(=O)C1=NNC(=O)CC1,-0.5624068975448608
base,O=C(O)c1ccccc1/C(=N/O)c1ccc(F)cc1,-1.8764920234680176
base,CCOCC(=O)Nc1ccccc1Oc1ccccc1,-4.430033206939697
base,N#CN/C(N=c1cc[cH-]cc1)=[S+]/Cc1ccc(-c2nn3[c-]4n2CCC[s+]43)cc1,-1.7483563423156738
base,Nn1c(O)c(/C=C(/C(=O)c2ccccc2)c2cccc3ccccc23)c(=O)[nH]c1=O,-0.5827836990356445
base,CCP(#[O+])CCc1ccc(F)cc1O.[CH2-]C,-5.8826680183410645
base,Nn1c(SCc2cccnc2)nnc1-c1cccnc1,-0.7778974175453186
base,O=C(N[C@H]1CCCC[C@@H]1Nc1ccccc1)c1cc(Br)c[nH]1,-3.718918561935425
base,Cc1ccc(Cc2nc3ccccc3[nH]2)o1,-5.084405422210693
base,COc1ccc(/N=c2\ssnc2-c2ccccc2)cc1OC,-5.397308349609375
base,COC(CNC(=O)[C@@H](c1ccc(F)cc1)N(Cc1cccs1)C(=O)CCC(=O)Nc1cc(C)on1)OC,-0.976547360420227
base,COc1cccc2c1OCC(CN1CCC[C@H](C)C1)=C2,-8.574725151062012
base,O=P(O)(O)c1ccccc1O,-1.059882402420044
base,COCc1ncc(C(=O)c2ccccc2)n1C,-4.277638912200928
base,CN1CCN(Cc2nc3ccccc3c(=O)n2CC#N)CC1,-1.7844157218933105
base,COc1cccc(-c2coc3cc4c(c(O)c3c2=O)OCO4)c1O,-0.6032691597938538
base,CO[C+]([O-])[c-]1[cH+][cH-][c+](CO[C-]2CC(C)[CH-][C+]([C-]([O-])N3CCN(C[C+]4[CH+][CH-][CH+][CH-][CH+]4)CC3)O2)[cH-][cH+]1,-0.9177209138870239
base,CN(C)S(=O)(=O)c1cccc(C(=O)Nc2cc(=O)n(C)c(=O)n2C)c1,-0.3000824451446533
base,CNN(C)[C]([O])[C]1[CH][C+](CC(C)C)S[C]1N[C]([O])[C]1[CH][CH][CH][C](N([O-])[O-])[CH]1,-0.7536721229553223
base,CCOC(=O)COCC(=O)N[C@H](c1nc(-c2ccc(Cl)cc2)no1)C(C)C,-0.6864316463470459
base,CC(N[C]([O])OC[C]1[CH][CH][C](N([O-])[O-])[CH][CH]1)[C+]([O])NCC(F)(F)F,-0.5282273888587952
base,O=C(/N=C1\S[C@@H]2CS(=O)(=O)C[C@@H]2N1CCc1cccs1)C1CC1,-1.8384393453598022
base,NS(=O)(=O)c1ccc(N2C(=O)C[C@@H](Cc3ccccc3)C2=O)cc1,-0.3354799449443817
base,CS(=O)(=O)c1ccc(C(=O)O)c(NC(=S)N2CCCCC2)c1,-0.7490454912185669
base,CCC(NC(=O)Nc1ccccc1F)(C(F)(F)F)C(F)(F)F,-6.020782947540283
base,C[C@@H](COc1ccc(Cl)cc1Cl)NC(=O)c1nc[nH]c1S(N)(=O)=O,-0.39857983589172363
base,NC(=O)c1ccc(N2CCN(c3cc(Cl)nc(Cl)n3)CC2)cc1,-1.2499834299087524
base,[CH2-][CH+]CS[c-]1[n-][c+]([CH+][C-]2[CH+][C-](Br)[CH+][CH-]O2)[c+]([O-])s1,-4.367084980010986
base,N#CCCCNc1ncnc2c1ncn2COCC(F)(F)F,-0.7074427604675293
base,O=C(C/C=N\c1cccc(Br)c1)c1ccco1,-5.579085350036621
base,CN(C)C(=O)CCc1nc(CC2CC2)no1,-2.486259698867798
base,O=C(C[C@H]1C(=O)NCCN1CC#Cc1ccccc1)NCCCn1ccnc1,-0.8055803775787354
base,O=c1[nH]c(SCc2ccccc2Cl)nc2[nH]ncc12,-1.4863265752792358
base,O[S@H+2](NC1CCCC1)[C-]1[CH+][CH-][C+](F)[CH-][CH-]1,-6.4916510581970215
base,Cc1[nH]c(C)c(S(=O)(=O)NNC(=O)c2cccc(Cl)c2)c1C(=O)O,-0.4381251633167267
base,Fc1cnc(N2CCOCC2)nc1Nc1nc(N2CCOCC2)c2ccccc2n1,-0.5253015160560608
base,O=S(=O)(N[C@@H]1C[C@@H]2CC[C@H]1C2)c1cccs1,-4.191075325012207
base,COCCCNCC(=O)Nc1ccc(C)cc1C,-3.494582176208496
base,CCOc1ccc(-c2cc(=O)oc(CCc3ccccc3)n2)cc1,-4.127898216247559
base,O[C@@H]1C[C@H]2CCC[C@@]([C@H](O)c3ccc(OC(F)F)cc3)(C1)N2,-2.4505364894866943
base,COc1ccc(C(=O)NNC(=O)Cn2nc(C)c([N+](=O)[O-])c2C)cc1,-0.3229072690010071
base,[S-][c+]1[cH-][c+](-[c+]2[cH-][cH+][cH-][cH+][cH-]2)[c-](-[c+]2[nH][n-][cH+][c-]2Br)o1,-5.3952484130859375
base,O=C(COC(=O)c1ccc(N2CCNC2=O)cc1)NCC(F)(F)F,-0.5603593587875366
base,COc1ccccc1-c1c(C(=O)N/N=C/c2ccc([N+](=O)[O-])cc2)nnn1-c1nonc1N,-0.285102903842926
base,CCCCN(C(=O)[C@H]1CCC(=O)N(CC(C)C)C1)[C@H](C)C#N,-2.3714287281036377
base,O=[N+]([O-])c1ccc(Cc2nnc(-c3ccccc3)o2)cc1,-1.3372201919555664
base,O=C(O)CCCOc1ccc(Cl)cc1Cl,-4.6319899559021
base,O=C(NCc1nc(-c2cccnc2)cs1)Nc1ccc([N+](=O)[O-])cc1,-0.9832929372787476
base,COc1cc(S(=O)(=O)n2nnc3ccccc32)c(OC)cc1Cl,-0.8239779472351074
base,O=[N+]([O-])c1cc(Cl)ccc1N1CCCCC1,-4.630475044250488
base,O=C(/C=C/c1ccco1)c1cccc2c1Cc1ccccc1-2,-8.10539722442627
base,O=S(=O)(NC1CCCC1)c1ccc(-c2ccno2)s1,-1.5944468975067139
base,CC(=O)N1CC(=O)N=C1OCC(=O)NC[C@@H]1CCCO1,-0.4696904420852661
base,CCCC(=O)Nc1ccc2c(c1)n(C)c(=O)n2C,-2.7610323429107666
base,NCC[C@@](O)(COCc1ccccc1)[C@H](O)c1ccccc1,-1.1906249523162842
base,O=S(=O)(c1ccc(C(F)(F)F)cc1)c1c(Cl)[nH][c-][n+]1C1CCCCC1,-4.278609275817871
base,COc1cccc(OCc2ccccc2)c1C#N,-5.027278900146484
base,N#C[C@@H](OC(=O)Cc1ccccc1)c1ncc[nH]1,-0.9708523154258728
base,O=C(NCCc1ccccc1)C1CCN(Cc2cnc(C(F)F)[nH]2)CC1,-2.648282527923584
base,C[c-]1[n-][n-][c+](N2CCCC2)[c+]1[C+]([O-])[c+]1[cH-][cH+][c-]2[c+]([cH-]1)OCO2,-1.2296645641326904
base,O=C(N/N=C/c1cc(O)ccc1Br)c1ccco1,-1.4339066743850708
base,O=C(/C=C/N1CCC(CO)CC1)c1ccc(-c2ccccc2)cc1,-5.639115333557129
base,O=C(CCC(=O)OCC(=O)c1ccc(F)cc1)NCCCCNC(=O)c1ccccc1Cl,-0.9652183651924133
base,CCN1C(=O)C[C@@H](c2ccccc2)N/C1=N\Cc1ccccc1,-4.698836326599121
base,O=C(c1ccc2nnc(-c3c(F)cccc3Cl)n2c1)N1CCCc2ccccc21,-5.129874229431152
base,Fc1ccc(-c2nc3nc4ccccc4nc3n2Cc2ccco2)cc1,-4.074520587921143
base,Cc1c(Oc2ccc3ccccc3c2)ccc(N)c1O,-4.063388824462891
base,[O][C](NCCO[C]1[CH][CH][CH][N][C]1N([O-])[O-])[C+]1[CH][CH][C]2OCO[C]2[CH]1,-0.5328503251075745
base,COC(=O)N1CCN(C(=O)c2cc3cc(Cl)ccc3[nH]2)CC1,-2.055931568145752
base,CCCn1cc(CN2CC[C@H](C(=O)Nc3sc4c(c3C#N)CCC4)C2)c(C)n1,-1.9628618955612183
base,CO[c-]1[cH+][cH-][c+]([S+2]([O-])([O-])N(C)CCO[N-][c+]2[cH-][cH+][cH-][cH+][c-]2N([O-])[O-])[cH-][c+]1C,-0.8022862076759338
base,O=C(CCc1ccccc1)N1CCc2[nH]c3ccccc3c2C1,-6.299871444702148
base,COc1ccc(OC)c(NS(=O)(=O)c2c(C(=O)N3CCCCCC3)c(C)n(C)c2C)c1,-1.1676605939865112
base,O=C1CCCN1CCCNCC(=O)N1CCCCC1,-3.3311612606048584
base,O=P(NCc1ccccc1)(Oc1ccccc1)Oc1ccccc1,-5.7532639503479
base,CN(C)[S+2]([O-])([O-])[c-]1[cH+][cH-][c+](N[C-]([O-])N2CCN([C][CH+][C+]([O-])[C+]3[CH+][CH-][C+](F)[CH-][CH+]3)CC2)[cH-][cH+]1,-0.36735230684280396
base,COc1cc(Cc2nc3ccccc3c(=O)n2C)ccc1OCCCCN1CCOCC1,-2.1538007259368896
base,O=[N+]([O-])N/N=C/c1ccccc1OC(F)F,-1.1037318706512451
base,NC(=O)c1oc2ccccc2c1NC(=O)CN1CCCCC1,-0.5189033150672913
base,Cc1ccccc1N1CCN(C(=O)c2ccccc2NC(=O)C2CCCCC2)CC1,-4.566258430480957
base,C/[O+]=C1/C=C2C=CC=C=C2C(c2ccccc2)=C1[O-],-5.896572113037109
base,COC(=O)c1ccc(C(=O)N[C@@H]2CCCN(Cc3ccc(Cl)cc3)C2)cc1,-3.2166800498962402
base,O=C([C@H](Cc1ccccc1)N1C(=O)c2ccccc2C1=O)N1CCOCC1,-1.7329137325286865
base,O/N=C/c1ccc(-c2ccc(F)cc2)o1,-4.4952616691589355
base,Nc1nonc1OCCOCCOc1ccccc1,-0.37055733799934387
base,N/C(=N\c1nc2c(c(=O)[nH]1)CCCC2)N1CCCC1,-0.6742636561393738
base,O=C(OCCC/N=C1\NS(=O)(=O)c2ccccc21)c1ccccc1,-0.711305558681488
base,O=C1CCSc2ccc(OCCOCc3ccc4c(c3)OCO4)cc21,-3.864529848098755
base,COc1ccc2c(c1)CCc1sc(NC(C)=O)nc1-2,-3.691307544708252
base,O=C(CSC1=Nc2ccccc2C2=N[C@@H](c3ccccc3)C(=O)N12)NCCCn1ccnc1,-0.8949909806251526
base,CCCCNC(=O)N1CCN(C(=O)C(F)(F)F)CC1,-3.3102710247039795
base,CCO[P@@](=O)(N[C@@H](c1ccccc1)c1cc(C)nc2c(C)cccc12)Oc1ccccc1,-6.33387565612793
base,COc1ccccc1NCc1nnc(SCc2ccc([N+](=O)[O-])cc2)n1Cc1ccccc1,-2.4336180686950684
base,CCOc1ccc(SCC(=O)OCC(=O)Nc2ccccn2)c2ccccc12,-1.9018731117248535
base,O=C(NCCCN1CCC(Cc2ccccc2)CC1)C(=O)N1CCN(c2ccccc2)CC1,-3.1049697399139404
base,O=C1c2ccccc2CC[C@@H]1CCNCc1cccnc1,-4.993080139160156
base,C=[N+](CCC/N=C(/OC)C(=S)[CH-]/C=C/c1ccccc1)C(=O)CCC,-5.533834934234619
base,CCCCOC(=O)Nc1ccc(S(=O)(=O)Nc2nccs2)cc1,-0.9544023275375366
base,Cc1noc(-c2ccccc2)c1NC(=O)Nc1ccccc1,-2.973437786102295
base,C/C(=N/OC(=O)/C=C/c1cccs1)c1ccc([N+](=O)[O-])cc1,-1.6052837371826172
base,Cc1nc2ccccc2c2c1C(=O)N(C[C@H]1CCCO1)C2=O,-2.5436031818389893
base,O=C(O)/C=C/c1ccc(O)c([N+](=O)[O-])c1,-0.5019750595092773
base,COc1cccc(OC[C@H](O)CN2CCN(c3ccc(F)cc3)CC2)c1,-4.226068496704102
base,Nc1nc(SCC(=O)NCc2ccccc2)[nH]c(=O)c1-c1ccccc1,-0.5103679299354553
base,O=C(NCc1ccc2c(c1)OCO2)c1cccc(-c2nc(Nc3ccccc3)c3ccccc3n2)c1,-3.2642982006073
base,CC(=O)NCCCNS(=O)(=O)c1cccc2nonc12,-0.3211894929409027
base,O=C(O)c1cccc(OCC(=O)[C@]23C[C@H]4C[C@H](C[C@H](C4)C2)C3)c1,-2.808018922805786
base,ClCCN(Cc1ccccc1)Cc1cccc2ccccc12,-14.073680877685547
base,[H+].[H+].[S-][C+](NC[c+]1[cH-][cH+][cH-]o1)N(CCOCCOCCN1CCOCCOCCO[C][CH+]C2[CH+][CH+][N-][C-]1[N-]2)C[C-]1[CH-][CH+][CH-][CH+][CH-]1,-0.976014256477356
base,N[C@H](N[C@@H]1CC(=O)N(CC(=O)O)C1=O)C(=O)O,-0.5292954444885254
base,NS(=O)(=O)c1cn(-c2ccc(F)cc2)nc1CSc1ccccn1,-0.5984976291656494
base,CN1[N][C](N([O-])[O-])[N][C]1O[C+]1[CH][CH][CH][C](S([O])([O])N[C]2CCC[N]2)[CH]1,-0.5344275832176208
base,CCN(Cc1ccccc1)S(=O)(=O)c1ccc2c(c1)oc(=O)n2C,-1.4099527597427368
base,[CH2-]C1(C)[C+]2[CH+][C-]([S+2]([O-])([O-])N3CCCC([C-]([O-])NC[C+]4[CH+][CH-][C+](C)[CH-][CH+]4)C3)[CH+][CH-][C+]2N(C)[C-]1[O-],-0.5156586170196533
base,O=S(=O)(/N=C(\S/C(=N/CCO)c1ccccc1)c1ccccc1)c1cccs1,-1.9721251726150513
base,CCOC(=O)[C@@H](CC)Sc1nc(N2CCCCC2)nc(N2CCCCC2)n1,-2.0756592750549316
base,N#Cc1ccccc1/[S+]=C1\C=CC=C\C1=C(/[O-])OCC(N)=O,-0.32293960452079773
base,N[C-](N[CH+][O-])NCC1CCCO1,-0.9443081617355347
base,O=C(c1ccc(N2CCN(c3ccccc3)CC2)c([N+](=O)[O-])c1)c1ccccc1-n1cnnn1,-0.8388087153434753
base,CCOc1ccc(Cl)cc1/C=C1/C(=O)ON=C1C,-4.301230430603027
base,CCn1c(CCC(=O)Nc2nnc(C(F)(F)F)s2)nnc1SCc1c(Cl)cccc1Cl,-2.937687873840332
base,N[S@]1(=O)=[O+][S@TB4](=O)([O-])(Nc2ccccc2)c2ccc(cc2)NC(=S)NCCc2ccc1cc2,-0.74020916223526
base,CN(C)C1CCN(Cc2ccc(Cl)cc2)CC1,-11.743025779724121
base,O=C(NNS(=O)(=O)c1ccc(F)cc1)C1=CSCCO1,-0.6906483173370361
base,[CH2][S+][C](C[N][CH][C][C]([O])[C]1[CH][CH][C](OC)[CH][CH]1)[N][C]1[CH][CH][CH][CH][CH]1,-2.932269811630249
base,[H+].[O-][CH+]OC[C+]([O-])NCCN[C-]([O-])CN1[C+]([O-])NC2(CCCCCC2)[C+]1[O-],-0.4904146194458008
base,O=S(=O)(NC[C@H]1CCCO1)c1ccc(OCCN2CCCCC2)cc1,-1.7395439147949219
base,CN(C)CCNC(=O)Nc1ccccc1F,-4.208766937255859
base,N#CN/C(=N\c1ccccc1)SCc1cc(=O)n2cc(Br)ccc2n1,-1.4316518306732178
base,N#CCCSc1nnnn1-c1ccccc1,-1.745803952217102
base,CCOC(=O)c1[nH]cnc1C(=O)Nc1ccccc1C,-0.7920919060707092
base,O=[N+]([O-])c1nn(-c2ccccc2)n(O)/c1=N/CCCN1CCOCC1,-0.31079837679862976
base,[O][C]([CH+][CH][C]1[CH][CH][CH]O1)O[C]1[CH][CH][C](N([O-])[O-])[CH][CH]1,-0.7692702412605286
base,COc1cc2c(cc1OC)CN(C(=O)NC1CCCCC1)[C@H](c1cc3ccccc3oc1=O)C2,-2.6120262145996094
base,Cn1c(=O)n(C)c2cc([N+](=O)[O-])c(N3CCN(CCO)CC3)cc21,-0.31304293870925903
base,COc1cc(OC)cc(-c2nc3ccccc3c(=O)n2NC(=O)CC(C)C)c1,-1.1683564186096191
base,Nn1c(SCC(=O)N2CC(=O)Nc3ccccc32)nnc1C1CC1,-0.2678033411502838
base,[O-][C+](NC(S[c+]1[cH-][cH+][cH-][c+](-[c+]2[cH-][cH+][c+]3[n-][n-][cH+]n3[n-]2)[cH-]1)[C-](F)F)[c+]1[cH-][cH+][cH-][cH+][c-]1F,-1.0834672451019287
base,NCCc1nc2ccccc2[nH]1,-2.955687999725342
base,O=c1[nH]c(=O)n(COCCO)cc1/[C-]=C/Sc1c#[n+]c2ccccc2n1,-0.2978304326534271
base,CC[C@H]1CCCCN1CCCNC(=O)c1cc(=O)[nH]c2ccccc12,-2.2635741233825684
base,OC1(c2ccc3cc(F)ccc3c2)CCN(Cc2cccnc2)CC1,-6.351661205291748
base,Nc1ccccc1N/C=C/C(=O)c1ccc(F)cc1,-3.449164867401123
base,CCCOc1nc2ccccc2c2n/c(=N\[N+](=O)[O-])nc[c-]12.[H+],-0.3594300150871277
base,Fc1cc(Cl)cc(-n2ccc(CN3CCSCC3)n2)c1,-8.748480796813965
base,C=C1C=CC(F)=C[CH-]1.[H+].[H]/N=[C-]/N=C1\C(=C=O)N=C(NC2CCCCC2)N1/C=[O+]/C(CO)CO,-0.6016104817390442
base,CC[N+]1(C[C+]2[CH+][CH+][C-](OC(C)C)[CH+][CH-]2)N[C-]2[CH+][C-](N([O-])[O-])[CH+][CH-][C-]2NC1C,-1.105176568031311
base,CCOc1ccc(CCNC(=O)[C@H]2CCCC[C@@H]2C(=O)O)cc1OCC,-1.1552096605300903
base,O=C(ON=C1CCN(S(=O)(=O)c2ccccc2)CC1)c1ccc(Cl)cc1,-1.7148609161376953
base,CCOc1cc(N(Cl)C(=O)/[C-]=C/C(Cl)=[C-]/Cl)c2c(c1)=[S+]CC(=O)N=2.[H+],-2.822429656982422
base,C[c-]1[cH+][cH-][c+]([C-]2[N-][C-](N[C+]3[CH+][CH-][CH+][C-](Cl)[CH+]3)S[C+]2[C][N-2])o1.[H+],-3.630362033843994
base,[C]1NCCOCCOCCOCC/N=C/[N-]/[CH+]=C\S1,-1.932316780090332
base,[O][C]1[C](N([O-])[O-])[C](NS([O])([O])[C+]2[CH][CH][C](Br)[CH][CH]2)[C]2[CH][CH][CH][C]3CCCN1[C]32,-1.0164692401885986
base,COc1cc2nc3c(=O)n4c(n[c-]3c2cc1OC)CCCCC4.[H+],-1.9793026447296143
base,COCC(=O)Nc1nccs1,-3.341493606567383
base,COCCCNCCOCCOc1ccc(Cl)cc1Br,-5.473679065704346
base,CCN(CC)S(=O)(=O)c1ccc2[nH]cc(C(=O)NCCN(C)C)c(=O)c2c1,-0.30333513021469116
base,[O][C]([C+]1[CH][CH][CH]O1)N1CCN([C]2[CH][CH][C](N([O-])[O-])[CH][CH]2)CC1,-0.7709457278251648
base,CN(CC(N)=O)S(=O)(=O)c1ccc(F)cc1,-0.866938054561615
base,S=C(NCCc1ccccc1)NCc1cccs1,-8.00170612335205
base,Cc1cnc(CNC(=O)c2cc3oc4ccccc4c3[nH]c2=O)cn1,-0.4622929096221924
base,CC([C+]([O-])[N-]CCN1CCOCC1)N1[N-][N-][C+]2[CH+][CH-][CH+][CH-][C+]2[C-]1[O-],-0.48247745633125305
base,COc1ccc(C(=O)C(=O)/C(C#N)=C\c2cccc3ccccc23)cc1,-2.8798091411590576
base,Cc1cccc(C)c1OCc1cc(C(=O)N2CCNC(=O)C2)no1,-0.6036025881767273
base,COc1cccc(OCC(=O)NC2=NC(=O)CS2)c1,-0.9486757516860962
base,COc1ccnc(C2=NO[C@@H](C(=O)N3CCCc4ccccc43)C2)c1OC,-1.4482440948486328
base,COc1cc(OC)c(OC)cc1/C=N/n1c(C)nnc1C,-1.4742884635925293
base,CSc1cccc(N[C@@H]2CC(=O)N(c3ccc(C)cc3C)C2=O)c1,-4.415245532989502
base,O=[N+]([O-])c1cc(CN2CCCCCC2)ccc1/C=C/c1ccccn1,-3.9222793579101562
base,O=C1NC2(CCCCC2)Nc2scc(-c3ccc4c(c3)OCO4)c21,-3.435854196548462
base,NC(=O)C/[S+]=c1\nc2scc(-c3ccco3)c2c([O-])n1Cc1ccc(F)cc1,-0.5913494825363159
base,Fc1ccc(Nc2cc(Cl)nc(Nc3ccc(OCC(F)(F)C(F)F)cc3)n2)cc1,-5.534911155700684
base,CN(C)[C@H](CNC(=O)c1cc2ccsc2n1Cc1ccccc1)c1ccco1,-4.691834449768066
base,COCCNC(=O)CN(Cc1ccccc1)C(=O)C1=C(N)/C(=C(/N)[O-])N=[S+]1,-0.3253882825374603
base,CN(CC(=O)N1CCc2c(ccc3cccc(NS(C)(=O)=O)c23)C1)Cc1ccc(Cl)cc1,-2.413191556930542
base,COC(=O)[C@H](CCSC)NC(=O)NCc1ccco1,-0.8378332257270813
base,O=C(Cn1nc(C(F)(F)F)c2c1CCC2)NCc1ccco1,-2.570355176925659
base,OC1CCN(Cc2cccc3ccccc23)CC1,-8.029438972473145
base,N#CCS(=O)(=O)c1nc2ccccc2s1,-1.4122167825698853
base,C/C(=N\NC(=O)c1cccc(S(=O)(=O)Nc2ccc(OC(F)(F)F)cc2)c1)c1cccs1,-1.8977915048599243
base,O=C(c1ccc(F)cc1)N1CCN(c2ccc(N3CCOCC3)nn2)CC1,-2.1591575145721436
base,S=C(Nc1ccc(Cl)c(Cl)c1)N1CCOC1,-8.071924209594727
base,COc1ccc(S(=O)(=O)NC2=NCCC2)cc1,-1.630041480064392
base,Cc1ccc(N2C(=O)C(Cl)=C(N3CCN(c4ccc(F)cc4)CC3)C2=O)c(C)c1,-5.035336971282959
base,NS(=O)(=O)c1ccc(NC(=S)N2CCC(O)CC2)cc1,-0.42499321699142456
base,COc1ccc(CCN(C(=O)Cc2cccs2)c2ccc(NC(=O)C3CCC3)cc2)cc1,-4.676423072814941
base,CO/N=C/NC(=O)C1=CC2=CC(=[N+]([O-])[O-])C=CC2=[S+]1,-0.4552801549434662
base,CC(C)C(=O)O/N=C(\c1ccccc1)c1ccncc1,-3.7246615886688232
base,CCOc1ccc([C@@H](CNC(=O)N2CCCC2)N2CCCCC2)cc1,-4.8696980476379395
base,O=[N+]([O-])c1ccc(O)c([P@](=O)(c2ccccc2)c2cccc3cccnc23)c1,-1.10188627243042
base,NN[C-]([N-][CH+]C1CCCCC1)SC[C+]([O-])N[c+]1[cH-][cH+][cH-][c+]2[cH-][cH+][cH-][cH+][c-]12,-1.517310380935669
base,CCCc1nc2ccc(F)cc2n1CCC(=O)OCC,-4.776453495025635
base,[O]S([O])(O[N][C]([C]1[CH][CH][CH][CH][CH]1)[C]1[CH][CH][C](N([O-])[O-])[CH][CH]1)[C+]1[CH][CH][CH][CH][CH]1,-1.004062533378601
base,CN(C)NC(=S)NCCc1ccccc1,-6.9609222412109375
base,C/C(N)=C(/C#N)C(=O)Cn1nc(C)c([N+](=O)[O-])c1C,-0.4479398727416992
base,CC(NCc1cccs1)=C1C(=O)N(C)C(=O)N(C)C1=O,-1.5114649534225464
base,NS(=O)(=O)c1ccc(CCN2CCS/C2=N\C(=O)c2cccnc2)cc1,-0.31204697489738464
base,CO/N=C(\C(=O)Nc1c(Cl)ccc2nsnc12)c1csc(N)n1,-0.5064254999160767
base,CC(=O)Nc1cccc(NC(=O)c2ccccc2Cl)c1,-3.2880964279174805
base,O=NN(Cc1ccccc1)Cc1nnc(-c2ccccc2)o1,-2.039332151412964
base,F[C-](F)OC1CCCCC1,-11.298942565917969
base,COC(=O)c1c(C)nc(N2CCCCC2)c(C#N)c1C,-2.0291876792907715
base,S=C(Nc1cccc(Cl)c1)NN1CCOCC1,-5.521201133728027
base,CCSC1=N/C(=C\c2ccc(F)cc2)C(=O)S1,-7.439277648925781
base,[H+].[H+].[O-]P(OCCCC(F)(F)F)O[C-]1[CH-][CH+][CH-][CH+][C-]1Cl,-5.46229362487793
base,COc1cc(CN(c2ccccc2)C2CC2)ccc1OCC(N)=O,-2.1576781272888184
base,Cn1ccnc1SCc1cccc([N+](=O)[O-])c1,-2.5607783794403076
base,COC(=O)c1c(-c2ccccc2)nnn1-c1ccccn1,-1.5514540672302246
base,NNC(=O)[C@H]1C[C@@H]1/C=C\CCCCc1ccccn1,-1.7283809185028076
base,Cc1nn(C)c(NC(=O)Nc2cccc(NC(=O)c3nn(C)c(=O)c4ccccc34)c2)c1C(N)=O,-0.3727753758430481
base,CCCN(CCC)S(=O)(=O)c1ccc2c(c1)NC(=O)[C@H](C)C(=O)N2,-0.5038454532623291
base,Cc1ccccc1OCCCC(=O)Nc1nc(-c2ccc(F)cc2)c(-c2cccnc2)s1,-5.097301959991455
base,CCCCSc1ccccc1,-13.700592994689941
base,COc1ccc2c(CCNC(=O)c3cccnc3)c[nH]c2c1,-1.9187010526657104
base,O=S(=O)(N/N=C/c1ccc(N2CCOCC2)cc1)c1ccccc1,-1.4275239706039429
base,Cc1ccccc1[C@H](C(=O)NC1CCCC1)N(C)C(=O)CN(F)S(=O)(=O)C(C)(C)C,-1.0279911756515503
base,ON(/C(=N\c1nc2ccccc2s1)NCc1ccccc1)c1cccc2ccccc12,-5.514542579650879
base,COCCn1cnc2c(cnn2-c2ccccc2)c1=O,-2.111900568008423
base,O=C(CNc1ccccc1)OCC(=O)N1N=C(c2ccc3ccccc3c2)C[C@H]1c1ccco1,-2.325958490371704
base,O=C1/C(=C\c2ccc(N([O-])[O-])cc2)[N+]2=CC[C@H]1CC2.[H+],-1.6729518175125122
base,O=C(NC(=O)c1c[nH]c2ccccc12)NC1(C(F)(F)F)Oc2ccccc2O1,-1.0169028043746948
base,OCCOCCN1CCNCC1,-4.290738105773926
base,CC(C)Nc1nnc(S[C@H](C)C(=O)Nc2ccc(C#N)cc2)s1,-1.0851447582244873
base,[H]/[O+]=C1/C(Cl)=CC(Cl)=C/C1=C(\C[C@@H](O)[CH-]C[CH-]/C=C\C[CH-]C)[N+]#[N+]C,-5.755215167999268
base,Cl[c+]1[c-](Cl)[cH+][cH-][cH+][c-]1N1N[C+](C[c+]2[cH-][cH+][cH-][cH+][cH-]2)[N-][C-]1[c+]1[cH-][cH+][cH-]o1,-7.018847942352295
base,C[C@@H](CN1CCCCC1)OC(=O)C1CCCCC1,-7.184422969818115
base,[O-]CCN[C+]1[C][C+](F)[C-](F)[CH+][C-]1F,-5.824382781982422
base,O=[N+]([O-])c1ccc(Nc2ccc(OCC(F)(F)C(F)F)cc2)nc1,-2.0887434482574463
base,CCOCCCNS(=O)(=O)c1ccc(N(C(C)=O)C(=O)c2ccc(OC)cc2)cc1C,-0.7330974340438843
base,Fc1c(/N=N/c2nccs2)cnnc1CSc1ncn[nH]1,-0.8154010772705078
base,O=S(=O)(c1cccc(C(F)(F)F)c1)N1CCN(CCO)CC1,-2.2774085998535156
base,Fc1ccccc1CN(CCOC=S)c1ccccc1,-10.855814933776855
base,CN(C(=O)N1CCSCC1)c1ccccc1,-7.860855579376221
base,O=S(=O)(c1ccc(Cl)cc1)c1cc(Oc2ccccc2)nc(-c2ccccc2)n1,-3.9215006828308105
base,O=C(Cc1cccs1)c1cc2cccnc2s1,-7.379062652587891
base,OC[C@@]1(Cc2ccccc2)CCCN(C2CCCC2)C1,-8.311412811279297
base,N/C(=N\O)c1ccc(Cl)c(Cl)c1,-2.841174602508545
base,[O-][S@+](Cc1nc2ccc(F)cc2[nH]1)c1ccc(N2CCOCC2)cc1,-2.312828540802002
base,C[C@H](C(=O)O)n1c(CCCOc2ccc(Cl)cc2Cl)n[nH]c1=S,-1.9145574569702148
base,Cc1cc(OC(=O)c2ccc(Cl)cc2Cl)n2cnnc2n1,-2.022862195968628
base,[CH2-]Oc1ccccc1.[H+].[H+].[O+]#P=[NH+]c1cccc(O/C=C/O[CH-]COCCOc2cc([O-])c3[c-]cccc3c2)c1,-2.3606503009796143
base,CN(CC(=O)N[C@@H](Cc1ccccc1)C(=O)O)S(=O)(=O)c1cnc[nH]1,-0.31497010588645935
base,O=C(CCNS(=O)(=O)c1cccs1)N[C@@H]1CCS(=O)(=O)C1,-0.369490385055542
base,COCC/N=C/C1=C(O)C(N(NC(=O)c2ccco2)c2ccc(O)cc2)=C(C)C1=O,-0.5772652626037598
base,C[C]N[CH][C]1[N][N][C](C2CC2)[S+]1,-4.997623920440674
base,C[C][C+]1SN2[N-][C+](C(C)C)[N-][C-]2[S+]1[CH+]CCC,-7.846513271331787
base,O=C(c1cn[nH]c1-c1ccccc1O)C1CCN(C(=O)C2CC2)CC1,-0.8885889053344727
base,NNCc1cc(Cl)cc(Cl)c1O,-2.8364830017089844
base,CC(C)(O[C-][CH][CH][CH][C][CH][O])[C]([O])OCN1[N+][N+][C]2[CH][CH][CH][CH][C]2[C]1[O],-0.5635350346565247
base,NNC(N)=S,-2.3887290954589844
base,O=C(Nc1nnc(CCc2ccccc2)s1)c1ccco1,-2.140430212020874
base,COCCSc1nnc(NC(=O)C(C)C)s1,-2.0723860263824463
base,CCCc1cc(OC)ccc1/N=C/c1c(C)[nH]n(-c2ccccc2)c1=O,-3.593024253845215
base,COC(=O)C1=C(Cn2ncc3cccc(Cl)c3c2=O)/C(=C(/[O-])OC)C(N)=[S+]1,-0.30507731437683105
base,Nc1n[nH]nc1C(=O)Oc1cc([N+](=O)[O-])cc([N+](=O)[O-])c1,-0.4184941053390503
base,O=S(=O)(Cc1ccccc1)N1CCN(S(=O)(=O)c2ccccc2)C1,-1.128875732421875
base,CCOc1cccc2c(SC)cc(C)nc12,-8.74699878692627
base,CS(=O)(=O)c1ccc(S(=O)(=O)NCCN2CCCC2)c2ccccc12,-0.6573808193206787
base,[CH2-]CNCc1ccco1.[O+]#P(c1ccccc1)c1ccc(F)cc1,-5.043860912322998
base,S=C(Nc1ccccc1OCc1ccccc1)NC1CC1,-6.7939534187316895
base,FC(F)(F)c1nc2ccccc2n1CCNC(=S)Nc1cccc2ccccc12,-6.691668510437012
base,NS(=O)(=O)c1cccc(N2CCC[C@@H](CO)CC2)c1,-0.6721096038818359
base,O=Cc1cnc(N(NC(=O)c2ccccc2)C(=O)c2ccco2)s1,-0.6195127964019775
base,CN(CCCC/C=N/C(=O)c1c(Nc2ccc(Br)cc2)sc2c1CCCC2)c1ccccc1,-9.577167510986328
base,O=C(/C=C/Nc1ccc2c(c1)OCO2)c1ccccc1F,-4.407614707946777
base,Oc1cc2c(cc1CN1CCN(Cc3ccc4ccccc4c3)CC1)OCO2,-4.851634502410889
base,O=S(=O)(NCCN1CCOCC1)c1ccc(Cl)s1,-2.494708776473999
base,NC(=S)Nc1ccc(-c2cc(-c3cccnc3)no2)cc1,-1.4652234315872192
base,Cc1ccc(C)n2c(=O)cc(CSc3nc4ccccc4[nH]3)nc12,-2.745039224624634
base,[Br-].[CH2-][C@@H]1CCC(=[N+]=[OH+])[C@]2(Oc3ccccc3Br)C[C@H]12,-4.188867092132568
base,O=C1NC(=O)N(C2CCCCC2)C(=O)/C1=C\NCc1ccc2c(c1)OCO2,-0.4514557719230652
base,C/C(N)=C(/C#N)C(=O)CSc1nccn1C,-0.645359218120575
base,O=[N+]([O-])c1ccc(O)c(OCCc2ccccc2)c1,-1.717505693435669
base,O=C(C#CCc1ccccc1)N1CCSCC1,-8.362405776977539
base,CN(CC(=O)N1CCN(c2ccccc2F)CC1)S(=O)(=O)c1cnc[nH]1,-0.4292739927768707
base,CCS(=O)(=O)N[C@H](C(=O)O)c1ccccc1F,-0.7376421689987183
base,N#Cc1ccc(OCCOCCO)cc1,-2.151841878890991
base,O=[N+]([O-])Nc1nn(-c2cccnc2)c2nc3ccccc3cc12,-0.559931218624115
base,CCOc1ccc(C(=O)Nc2ccc(N3CCN(S(C)(=O)=O)CC3)cc2)cc1,-1.0604220628738403
base,CN(C)S(=O)(=O)c1cccc(NC(=O)c2c(Cl)cccc2NS(=O)(=O)c2cccs2)c1,-1.1719653606414795
base,C[c-]1[cH+][cH-][cH+][n-][cH+]1.[O-][C+]1[CH+][CH-]S[CH-]N1,-3.5995287895202637
base,COc1ccc([C@H](CCC(=O)O)c2ccccn2)cc1O,-1.2062560319900513
base,COc1ccccc1N1CCN(C(=O)CN(CCc2ccccc2)S(C)(=O)=O)CC1,-1.4603461027145386
base,CCC(CC)C(=O)Nc1ccc2nn(-c3ccc(OC)cc3)nc2c1,-2.405428409576416
base,S=c1[nH]nc(-c2cccc(Cl)c2)n1/N=C/c1ccco1,-3.3508780002593994
base,CCS[C-]1[N-][CH-][CH+][C+]([c+]2[cH-][cH+][cH+]n(C)[n-]2)[N-]1,-4.235811233520508
base,Cc1cccc(OCCOC(=O)c2cccc3ccccc23)c1,-6.884329795837402
base,[CH2-][c-]1[cH+][c+](N([O-])[O-])[n-][c-](C)[c+]1-n1[c+](C)[cH-][c+]([CH-][N-]N[C+]([O-])[C+]2[CH+][CH-][C+](CN3CCOCC3)[CH-][CH+]2)[c-]1[CH2-].[H+],-0.5269699096679688
base,CN(C(=O)COc1ccccc1)c1nnc(-c2ccccn2)s1,-1.8410282135009766
base,Brc1cccc(-c2nnc3n2CCCCC3)c1,-7.12106466293335
base,[O-]N([c+]1[cH-][cH+][cH-][cH+][cH-]1)N1CCN([c+]2[cH-][cH+][cH-][c+](C(F)(F)F)[cH-]2)CC1,-6.894979953765869
base,O=C(Cc1ccccc1)Nc1cc(C(F)(F)F)ccc1NC(=O)c1ccco1,-3.022407054901123
base,COc1ccc(CN(Cc2ccco2)C(=O)c2ccco2)cc1Cn1c(C)nc2cc(C(=O)O)ccc21,-2.3525333404541016
base,COc1ccccc1OCCOc1cnccc1OC,-3.7002336978912354
base,S=C(NC1CCCCC1)NC1CC1,-7.8583149909973145
base,O=C(O)/C=C/C(=O)NCC1CCCCCC1,-1.9485430717468262
base,COc1cccc(-c2nc3[s+]c(C)c(C)c-3c([O-])[nH]2)c1OC,-1.9959204196929932
base,Cc1cccc(C)c1NC(=O)/N=C\N(C)C,-4.405163764953613
base,CCCC(=O)NNC(=O)CCC(=O)Nc1ccccc1Cl,-0.6531447172164917
base,[CH2-]CCN([N-][C-](C)C)[C+]1[CH+][C-]([O-])N(C)[C+]2[CH+][CH-][CH+][CH-][C+]12,-4.5509161949157715
base,CC[C@@H]1CCCCN1C(=O)Cn1c(=O)oc2ccccc21,-2.991194248199463
base,O=C(OCC(=O)N1CCOCC1)c1sc2cccc(F)c2c1Cl,-3.1304214000701904
base,O=C(NCc1ccco1)NCc1n[nH]c(=O)c2ccccc12,-0.32030147314071655
base,CN(CC(=O)NCCN1CCCC1)S(=O)(=O)c1cccc2cccnc12,-0.6243976354598999
base,Fc1ccc(Br)cc1SCCc1ccncc1,-11.190655708312988
base,COc1ccc(/C=C2/SC(=O)N(CCC(=O)Nc3cc(C)ccn3)C2=O)cc1OC,-1.0180294513702393
base,CC(C)(C)NC(=S)N/C=C\C=N\NC(=O)c1cccnc1,-0.9703465104103088
base,Cc1ccccc1OCC(=O)NCC(=O)NN[C@@H](C)c1ccccc1,-0.8957149386405945
base,COc1ccccc1N1CCN(Cc2cc(Br)c(O)c3ncccc23)CC1,-4.603435039520264
base,O=S(=O)(/N=C(\Nc1ccccc1)c1ccc(Cl)cc1)c1ccccc1,-4.060141086578369
base,COc1ccc(C(=O)c2c(C)cccc2C)cc1C,-8.098761558532715
base,O=C(O)/C(=C\c1ccc(C(=O)O)cc1)c1nc2ccccc2s1,-1.342421293258667
base,O=C(COc1ccccc1)NCCN1CCN(S(=O)(=O)c2ccc(F)cc2)CC1,-0.8136280179023743
base,CC(=O)c1c(C)oc2ccc(NS(=O)(=O)c3ccc4c(c3)N(C(C)=O)CCO4)cc12,-1.0138405561447144
base,CCOCC(=O)Nc1cccc(Oc2c(F)c(F)c(F)c(F)c2F)c1,-4.980987548828125
base,CN(C)S(=O)(=O)CC(Cl)(Cl)Cl,-5.503124237060547
base,Nc1cncnc1C(=O)OCC(=O)c1cccs1,-0.3545708954334259
base,COc1ccc(/C=C/C(=O)C[C@@H]2CC[C@@H](CCC(C)C)C2)cc1CN1CCOCC1,-7.388354301452637
base,Fc1ccccc1COCCN1CCOCC1,-8.063179016113281
base,Cc1ccc(Oc2ccc(C(=O)N[C@H]3CCSC3=O)cn2)cc1,-2.0294864177703857
base,O=[N+]([O-])c1ccccc1/C=C/c1ccc2ccccc2n1,-4.070451736450195
base,O=[N+]([O-])c1cc2c(cc1Nc1ccncc1)OCO2,-0.8032228946685791
base,ON1[C@@H](c2ccccc2)CN[C@H]2CCCC[C@H]21,-5.801663398742676
base,COCCNC(=S)Nc1ccc(C)cc1C,-6.162105083465576
base,COc1ccccc1OCCOc1c(F)c(F)cc(F)c1F,-7.763703346252441
base,O=C(NCCN1CCOCC1)c1ccc(OCC(F)(F)C(F)F)cc1OCC(F)(F)C(F)F,-3.002720594406128
base,CC(C)CO[P@@](=O)(Oc1ccccc1)N(C)c1ccccc1,-6.943105697631836
base,Clc1ccccc1NCOCc1cccs1,-9.1911039352417
base,Clc1ccccc1CSc1cn2c(n1)CCC2,-9.74721622467041
base,O=C(O)c1ccc2c(c1)OCO2,-2.8829407691955566
base,Clc1cc(Cl)cc(Cn2c(-c3ccccc3Cl)nc3ccccc32)c1,-12.812589645385742
base,CN(Cc1cccs1)Cc1c(C(=O)N/N=C/c2ccc(O)cc2)nnn1-c1nonc1N,-0.29622989892959595
base,COc1ccc(CC(=O)Nc2nc3ccccc3[nH]c2=O)cc1,-0.7024005055427551
base,Cc1cc(-c2cccc(-c3csnn3)c2)no1,-3.779418468475342
base,CCN(CC)Cc1nc2c(c(=O)[nH]1)[C@H](c1ccccc1)Cc1ccccc1-2,-4.613639831542969
base,[O-][S+2]1([O-])CC(O)[C-](OC2CCCCC2)CO1,-0.7991886138916016
base,NS(=O)(=O)c1ccc(Nc2nc(-c3ccc(O)cc3)cs2)cc1,-0.7253597974777222
base,CO[CH-][C@@H](O)[C@H](O)CC(O)(O)/C=C1\C=CC=[S+]1,-0.6338916420936584
base,CO[C]1[CH][CH][C](S([O])([O])NC[C+]([O])O)[C](N([O-])[O-])[CH]1,-0.5198603868484497
base,CCOc1ccc2nc(SCC(=O)N3CCC4(CC3)OCCO4)[nH]c2c1,-1.2682479619979858
base,O=C(OCCN1CCCCCC1)c1ccccc1NS(=O)(=O)c1cccs1,-1.800632119178772
base,COc1cccc(C(=O)NNC2=NS(=O)(=O)c3ccccc32)c1,-0.2840203642845154
base,NC(=O)CSc1ncnc2c1ncn2[C@H]1O[C@@H](CO)[C@H](O)[C@@H]1O,-0.3574448823928833
base,S=C(Nc1ccccc1Cl)N1CCN(c2ccccn2)CC1,-6.804598331451416
base,CC(=O)c1cccc(OC[C@H](O)CNCCOC(C)C)c1,-1.6735941171646118
base,O=C([CH-]/C=N\C=N\C(=S)c1ccc([N+](=O)[O-])o1)c1ccccc1.[H+],-0.879772961139679
base,Clc1nc(CN2CCOCC2)nc2sc3c(c12)CCC3,-5.450587749481201
base,O=C(C[N+](=O)[O-])Nc1ccc(N2CCN(c3ccccn3)CC2)cc1,-0.3787083625793457
base,[O-][c+]1[cH-][cH+][c-](-[c+]2[n-]n(-[c+]3[cH-][cH+][cH-][cH+][cH-]3)[cH+][c-]2[P+]([O-])(S[c+]2[cH-][cH+][cH-][cH+][c-]2F)[c-]2[n-][c+]3[cH+][cH-][cH+][cH-][c+]3[nH]2)[c+]([O-])[nH]1,-0.7941991686820984
base,N[C@]1(Cc2c[nH]c3ccccc23)NCc2ccccc21,-3.320482015609741
base,[CH2+]C([C-](CCO[c+]1[cH-][cH+][cH-][cH+][c-]1OC)[c+]1[n-][c+]2[cH-][c+](C)[c-](C)[cH+][c-]2[nH]1)N([O-])[O-].[H+],-1.4057948589324951
base,Cc1cccc(N2C(=O)N3[C@H](c4ccccc4)[C@@H]4C(=O)N(Cc5ccccc5)C(=O)[C@@H]4[C@]3(Cc3ccc(Cl)cc3)C2=O)c1,-3.9960379600524902
base,C[C-]([O-])[N-]CCC(O)([C+]1[CH+][CH+][CH-][CH+][C-]1C)C(F)(F)F,-2.959146738052368
base,CCOc1cc(C)ccc1OCC(=O)Nc1ccc(OC)cc1[N+](=O)[O-],-0.9357846975326538
base,O=C(N[C@H]1C=CCCC1)N1CCN(C2Cc3ccccc3C2)CC1,-5.84141206741333
base,CCC(CC)OC(=O)c1cncc(Br)c1,-5.638733863830566
base,O=C(CN1CCCCC1)N1CCN(S(=O)(=O)c2ccccc2)C1,-2.2374064922332764
base,C[CH-]N[c+]1[cH-][cH+][c-](C)[cH+][c-]1N1CCC[C+]1[O-],-5.258233547210693
base,CCCCCN(c1ccccc1)c1nc(N2CCC[C@H](C)C2)cc(C(C)C)c1C#N,-8.313941955566406
base,COc1cc2cc(CN(CCO)S(=O)(=O)c3ccccc3)c(=O)[nH]c2cc1OC(C)C,-0.5354410409927368
base,CN(Cc1ccccc1F)S(=O)(=O)c1ccc2[nH]c(=O)ccc2c1,-1.6764219999313354
base,[O-][S@@+](CCN1CCCCC1)Cc1cccc(C(F)(F)F)c1,-7.905120849609375
base,COc1ccc(N2CCN(CCCNC(=O)c3cc4sccc4n3C)CC2)cc1,-3.935330629348755
base,COc1cccc(OCc2cccs2)c1C#N,-5.064616680145264
base,COC(=O)C1=C(C)NC(=S)N[C@@H]1c1ccccc1,-3.4878134727478027
base,COc1ccccc1NS(=O)(=O)c1ccc2[nH]c(=O)[nH]c2c1,-0.320595920085907
base,CCOc1ccc(S(=O)(=O)N(CC)CC)cc1Cl,-4.317081928253174
base,Clc1cccc(Cl)c1CN1CCN(c2ccccc2)CC1,-12.578899383544922
base,COCCCn1c(=O)c2ccccc2n(CC(=O)NC[C@@H]2CCCO2)c1=O,-0.3482262194156647
base,C[C@@H]1CCCN(C(=O)c2cc3ccccc3o2)C1,-6.49299430847168
base,COc1ccc(N2CCCC2)cc1,-10.129005432128906
base,CO[C]([O])C(C[C+]1[CH][N][C]([C]2[CH][CH][C](Cl)[CH][CH]2)S1)([C]1[CH][CH][C](N([O-])[O-])[CH][C]1N([O-])[O-])[C+]([O])OC,-1.1019182205200195
base,Cn1c(=O)c2[nH]c(N3CCN(c4ccccc4)CC3)nc2n(C)c1=O,-0.8248348832130432
base,Cc1ccc(NC(=O)C2(c3cccs3)CCOCC2)c([N+](=O)[O-])c1,-1.5845853090286255
base,O=S(=O)(Oc1ccccc1)c1ccc2ccccc2c1,-5.134209632873535
base,CC(C)N1C(=O)CC[C@H]1C(=O)NCc1cccs1,-3.626538038253784
base,CCCSc1nnc(NC(=O)Cc2c(F)cccc2Cl)s1,-4.0070672035217285
base,NC(=O)NCCC[C@H](N)C(=O)O,-0.5756462812423706
base,Fc1cc(Br)cc(Nc2nc3ccccc3n2CCN2CCCCC2)c1,-8.000997543334961
base,CN(C(=S)c1ccc(NS(=O)(=O)c2ccccc2)cc1)c1cccc(F)c1,-4.950783729553223
base,CCOC(=O)/C(C#N)=C/c1ccc(N2CCN(Cc3ccc(F)cc3)CC2)cc1,-3.476156234741211
base,Clc1ccccc1/N=C(\c1cccs1)N1CCOCC1,-8.357996940612793
base,Nc1ccc2nn(-c3ccc(O)c(C(=O)c4ccc(F)cc4)c3)nc2c1,-0.8806077241897583
base,CCN(CC)C(=O)CSc1nnc([C@H](NC(=O)OC(C)(C)C)C(C)C)o1,-1.0543230772018433
base,Nc1ccc(C(=O)Nc2ccccc2N2CCOCC2)cc1,-1.7784305810928345
base,[O-][SH+2]([O-])NCC1(N[S+2]([O-])([O-])[c-]2[cH+][cH-][c+](F)[c-](F)[cH+]2)[CH-]CCCCC1,-0.4296203553676605
base,CCN(c1cc(C(=O)N2CCN3C(=S)NC(C)(C)C[C@H]3C2)cc(-c2ccnc(N)n2)c1)S(=O)(=O)c1ccc(N(C)C)cc1,-0.822993814945221
base,[CH2-]C[C@@]([CH2-])(CC/C=C/C(=O)C1=[N+]=CC=[NH+]1)NS(=O)(=O)c1ccccc1,-0.44096872210502625
base,C[O+]1CC(C)(C)N/C([O-])=C\Oc2c1cc(-c1coc3ccccc3c1=O)cc2S(N)(=O)=O,-0.325266033411026
base,CCCOc1cccc2cccnc12,-8.384275436401367
base,O=c1c(-c2ccccc2)c(O)ccn1CCCc1c[nH]c2ccc(F)cc12,-4.005807876586914
base,COc1cccc(C2=C(c3cc(OC)c(O)c(OC)c3)CCCC2)c1,-5.567687034606934
base,[N-]=C(/N=[NH+]\c1ccn[nH]1)[c-]1nc2ccccc2[s+]1,-0.4198327958583832
base,CCC(=O)NC1=[S+]Oc2[nH]c([O-])c3cccc(c23)N1,-0.4959205687046051
base,NN([CH+]C[S+2]([O-])([O-])C[c+]1[cH-][cH+][cH-][cH+][cH-]1)[C-]([S-])N[c+]1[cH-][cH+][c-](Cl)[c+](Cl)[cH-]1.[H+].[H+],-1.3278590440750122
base,CC(C)CO[C@H]1C([N+](=O)[O-])=CC(=O)CC1(C)C,-1.8153399229049683
base,O=C(CCc1ccccc1)N/N=C/c1ccccc1C(=O)O,-1.1470708847045898
base,Nc1ccc(NC(=O)CCc2ccc3c(c2)OCO3)cc1F,-1.5042694807052612
base,COc1cc(/C=C/C(=O)CCCC(=O)N2CCN(c3[c-]c(F)ccc3)CC2)cc2c1OCCC2.[H+],-3.6395785808563232
base,CCOc1cc(CNC[C@@H]2CCCO2)cc(Br)c1OCC(N)=O,-0.8273434042930603
base,NCCNc1ccccc1[N+](=O)[O-],-0.8648965358734131
base,COc1ccc(CN2CCCCCC2)cc1C,-10.625436782836914
base,O=C1COc2c(Br)cc(C(=O)NCc3ccc4c(c3)OCO4)cc2N1,-0.7913423180580139
base,N#CCCN(CCC#N)C(=O)COc1ccc(Br)cc1F,-1.353108286857605
base,Cc1ccc(S(=O)(=O)N2CCc3ccccc32)cc1C(=O)NCCN1CCCCCC1,-2.125277280807495
base,O=C(Cc1ccccc1)NNC(=O)C(=O)Nc1ccccc1Cl,-0.5464334487915039
base,O=c1c2ccccc2c(-c2ccc(Br)cc2)nn1Cc1ccccc1,-7.4697489738464355
base,[CH2-]NNC(=O)NC1CCCCC1.[H+],-3.2766072750091553
base,O=C(c1ccc2ccccc2c1)c1nnc(-c2ccncc2)o1,-2.236344575881958
base,O=C(NN1CCOCC1)c1ccccc1Br,-4.66166353225708
base,C[S+]=C1C=CC(=C/C=C(/[O-])N2CCc3ccccc3C2)C=C1,-7.322171211242676
base,O=S(=O)(/C=C/c1ccccc1)N1CCCCCC1,-5.670680999755859
base,O=c1cc(N2CCCCC2)c(-c2ccccc2)nn1-c1cccc(F)c1,-6.197164058685303
base,COCCCn1c(SCCc2ccccc2)nc2ccc(N3CCOCC3)cc2c1=O,-3.427419662475586
base,CCCS(=O)(=O)c1nc2ccccc2c(=O)n1Cc1cccn1CC,-1.3487865924835205
base,CNNC(=S)Nc1cccc2cccnc12,-3.6308279037475586
base,CC(=O)Nc1ccccc1OCC(=O)NCc1ccc2c(c1)OCO2,-0.6338233351707458
base,CC(C)(C)Sc1ccc(N)cc1,-7.822824478149414
base,CC[C@@H](C)c1nc2ccccc2[nH]c1=O,-4.300192356109619
base,S=c1[nH]nc(COc2ccccc2)n1/N=C/c1cccs1,-3.5506608486175537
base,C[C-]1[N-][C+]2S[C+]3COC(C)(C)C[C-]3[C+]2[C-]2[N-][N-][C+](N)[S+]12,-1.759171962738037
base,COCn1c2ccccc2c2ccccc21,-10.20223331451416
base,COCCCN(Cc1nc2ccccc2c(=O)[nH]1)S(=O)(=O)c1ccc(OC)cc1,-0.38323479890823364
base,N[C@H](Cc1c[nH]cn1)C(=O)O,-0.6536382436752319
base,O=C1C2C=C(Br)S/C2=[O+]\C[C@@H](O)CS2([O-])([O-])=C=[N+]12,-0.5054560899734497
base,CC1=c2c(SCC(=O)Nc3ccc(C(=O)O)cc3)nc(CNC(=O)Cc3ccccc3)nc2=[S+]/C1=C(/[O-])N1CCN(c2ccccn2)CC1,-0.35253068804740906
base,O=[N+]([O-])c1cccc2c3c([nH]c12)CCCC3,-2.998300075531006
base,[CH2-]Cc1c(/C=S(#[O+])/Cc2ccco2)oc2cc(F)ccc2c1=O,-3.0043129920959473
base,NC(=O)C1CCN(C(=O)/C(=C/c2ccco2)NC(=O)c2ccco2)CC1,-0.3129611015319824
base,COc1ccc(/N=C\c2cc3ccc(OC)cc3[nH]c2=O)cc1,-2.5806169509887695
base,CCOC(=O)C(=CNc1cccc2nsnc12)C(=O)OCC,-0.5721298456192017
base,COc1cc(/N=C2\C(=O)Nc3ccccc32)ccc1/C=C1\[S+]=C(N)N=C1[O-],-0.213385209441185
base,CO[c+]1[c-](OC)[cH+][cH-][c+]2[c-]1[CH-][C+](C)[C-](C)CC[CH+]O2.[H+],-7.909323692321777
base,Fc1ccccc1NC(=S)Nc1ccc(Br)cc1,-9.019640922546387
base,[CH]C(C)(C[CH-]NC)NS([O])([O])[C]1[CH][CH][C]2[C]([CH]1)CCN2[C]([O])CC[C]([O])O.[H+].[H+],-0.8115681409835815
base,S=C(N/N=C/C=C/c1ccccc1)NN1CCOCC1,-3.6224629878997803
base,Cc1[nH]c2c(C)cccc2c1CCN,-4.852475166320801
base,O/N=C/Cc1c(OCc2ccccc2Cl)ccc2ccccc12,-6.599157333374023
base,O=C(NCC(=O)N1CCN(c2ccccn2)CC1)c1ccc(OCc2ccccc2)cc1,-1.4028658866882324
base,N#Cc1nc(-c2cccs2)oc1N1CCOCC1,-2.2473485469818115
base,N#CC1=C(N2CCN(c3ccc(F)cc3)CC2)[N+]#C/C(=C\N[O-])C1=O,-0.577202558517456
base,Nc1ccc(OC(F)(F)F)cc1-c1ccc(Br)cc1,-7.2044878005981445
base,COc1ccc2ccccc2c1CNCc1ccc(Cl)c([N+](=O)[O-])c1,-3.5600779056549072
base,CN(C)c1cccc(Oc2cc(NN3CCCCC3)c([N+](=O)[O-])cc2[N+](=O)[O-])c1,-1.5586848258972168
base,C/C(N)=C(/C#N)C(=O)c1cc(-c2ccc(C)s2)nc2ccccc12,-2.0328452587127686
base,[O-][C+](NC[c+]1[cH-][cH+][cH-]o1)[C-]1[C+]([c+]2[cH-][cH+][cH-][cH+][cH-]2)[N-]C([C+]([O-])NCC2CCCO2)N1C[c+]1[cH-][cH+][cH-][cH+][cH-]1,-0.43174922466278076
base,COc1cccc(N2CCN(c3ncnc4c3cnn4C)CC2)c1,-2.3689913749694824
base,COC(=O)CSc1cc(C(=O)c2ccccn2)c2ccccc2n1,-1.9677042961120605
base,Cc1cc(NC(=O)COc2ccccc2C)no1,-2.0730199813842773
base,CCCCC(=O)NCN(c1nccs1)S(=O)(=O)c1ccc([N+](=O)[O-])cc1,-0.5867820382118225
base,CCOc1ccccc1NC=C1C(=O)N(C)C(=O)N(C)C1=O,-0.8756327629089355
base,NNC(=O)/C=C/c1ccccc1Cl,-2.9246366024017334
base,N#Cc1cnn(-c2ccccc2)c1N,-1.6955291032791138
base,O=C(CSc1ncnc2sc3c(c12)CCCC3)c1ccc(Cl)cc1,-6.575074195861816
base,O=C([C@@H]1CCCCN1S(=O)(=O)c1cccc2nonc12)N1CCOCC1,-0.3253882825374603
base,COc1cc(C)c2c(c1C)CCN(C1CCCCC1)C2=O,-7.462291240692139
base,CC(=O)Oc1ccc2c(c1)c(C(C)=O)c(C)n2C,-3.961907148361206
base,COC[C@@H](C)n1c(C)cc(C(=O)COC(=O)c2ccc(Br)o2)c1C,-2.3191909790039062
base,FC(F)(F)c1cccc(NNC(=S)Nc2cccc(Cl)c2)c1,-7.154642105102539
base,C[C@H](Cc1c[nH]c2ccccc12)NC(N)=O,-1.5007706880569458
base,[CH2-][C+](C[c+]1[cH-][cH+][cH-][cH+][cH-]1)[C+]1[C][CH-][CH+][CH-][C+]1C[N-]CCOCF.[H+],-8.79869270324707
base,OCOCCOCn1cnc2c(NCc3ccccc3)ncnc21,-0.35808759927749634
base,Cn1c(=O)c2ccccc2n(CC(=O)NC[C@@H]2CCCO2)c1=O,-0.6439030170440674
base,CCCC[C@@H](NC(=O)N1CCOCC1)c1ccc(OC)c(OCCC)c1,-3.280526638031006
base,NS(=O)(=O)c1cn(-c2ccccc2)nc1CSc1nnc2ccccn12,-0.3717554211616516
base,COC/C=N\Nc1ncc(-c2ccccc2)c(=O)[nH]1,-0.8801900148391724
base,O=C(CN1C(=O)COc2ccccc21)N1CC(=O)N(CCc2ccccc2)C(=O)C1,-0.49462881684303284
base,CC/S(#[O+])=C(\C=C(/[O-])O)NC(=O)c1cccs1,-0.44569286704063416
base,COCCSc1nn2c(=O)cc(N3CCOCC3)nc2s1,-1.5676604509353638
base,[CH][CH+][CH-][N-][C+]1[CH+][C-]([O-])CC(C)(C)C1,-5.5919189453125
base,F[C@H](CCOc1ccccc1)CN1CCN(Cc2cccnc2)CC1,-7.121471405029297
base,Cc1cc2nc(CCN3CCOCC3)n(S(=O)(=O)c3ccc(C(C)(C)C)cc3)c2cc1C,-3.0103447437286377
base,[O-][C+]1CC[C-](CO)[C+]([O-])C1C(N[c+]1[cH-][cH+][cH-][cH+][n-]1)[c+]1[cH-][cH+][cH-][cH+][cH-]1,-0.3761858344078064
base,Cn1nc(SC(C)(C)C)c(-c2ccccc2)c1N1C(=O)/C1=C\c1nc2ccccc2o1,-4.376956939697266
base,COc1ccc2[nH]c3c(=O)n(Cc4ccc5ccccc5c4)c(=S)[nH]c3c2c1,-3.75331974029541
base,NS(=O)(=O)c1ccc(Nc2ncnc3c2cnn3C2CCCCC2)cc1,-0.6599212884902954
base,NC(=O)c1c(N)sc2c1CCCCC2,-1.7157717943191528
base,[O][C](CS[C+]1[CH][CH][CH][CH][C]1[N+]([O])[O-])N[N][CH][C]1[CH][CH][C](N([O-])[O-])O1,-0.5119231939315796
base,CC(=O)N[C@@H](C)C(=O)O[C@@H](C)C(=O)NC(N)=O,-0.48790204524993896
base,O=S(=O)(Nc1cccc(F)c1)C1=CC=C2N/C(=C3/C=C[C-]4OCOC4=C3)[N+]3([O-])O[S+2]3=C2[CH-]1,-0.5636098384857178
base,OC[C@@]1(CNCC2CCCCC2)CCCCN(c2ncn[nH]2)C1,-1.234242558479309
base,N#CC1(N2CCOCC2)CCCCC1,-5.564541816711426
base,COc1ccccc1C1C2=C(CC(C)(C)CC2=O)NC2=C1C(=O)CC(C)(C)C2,-4.5069708824157715
base,Cl[c-]1[cH+][cH-][c+]([C][N-]C2CCCCC2)[cH+][n-]1,-7.774728775024414
base,O=C(NCCc1ccccc1)NC1CCCCC1,-5.12520694732666
base,Cl[c-]1[cH+][cH-][cH+][cH-][c+]1CN1[N-][C+]([c-]2[cH+][cH-][cH+][cH-][cH+]2)S[C-]1N1CCCCC1,-10.872408866882324
base,N#C/C(=N/Nc1cccc(Cl)c1)[N+](=O)[O-],-0.6538732647895813
base,CC[C@H](C)NC(=O)c1cc(Oc2ccc(F)c(F)c2)cc(C(=O)Nc2ccc(OC)cc2)c1,-3.5186867713928223
base,COc1ccccc1N1CCN(Cc2cc(N)nc(N)n2)CC1,-0.2672869861125946
base,COc1ccc(/C=N/Nc2c(C)c(C)nc(C)c2Cl)cc1,-5.124892234802246
base,CC[C@@H](C)c1ccccc1NC(=O)COC(=O)CCc1ccc(S(=O)(=O)NC(C)C)cc1,-1.3961162567138672
base,O=C(CN(Cc1ccco1)S(=O)(=O)c1ccccc1F)NC1CCCC1,-1.137353539466858
base,CN(C)c1ccc(-n2nc3ccc(N4C(=O)CCC4=O)cc3n2)cc1,-1.446370005607605
base,CS(=O)(=O)N(Cc1ccco1)C[C@H](O)Cn1c2ccccc2c2ccccc21,-1.568818211555481
base,C=CCNC(=S)N/N=C(\C)Cc1ccco1,-3.6395621299743652
base,COc1cc(NS(=O)(=O)c2cc(NC(=O)C3CC3)ccc2N2CCCC2)cc(OC)c1,-0.995048463344574
base,CC[C@H]1CCCCN1[P@](=O)(c1ccc(N(C)C)cc1)c1ccco1,-6.285488605499268
base,Cn1nnc(-c2sccc2OCc2ccc(C(F)(F)F)cc2)n1,-3.9129600524902344
base,NCCCC[C][c+]1[n-][n-][c+](SC[C+]([O-])N[c+]2[cH-][cH+][c-](F)[cH+][c-]2F)o1.[H+],-0.3870333731174469
base,O=S(=O)(Cc1nc2ccccc2[nH]1)NCCc1ccccn1,-0.4962184727191925
base,O=C(CN1CCN(c2ccccc2)CC1)N1N=CC[C@@H]1c1ccccc1,-5.254858493804932
base,CC(=O)Oc1cccc(N2C(=O)C[C@H](N3CCOCC3)C2=O)c1,-1.0188034772872925
base,[H]/N=c1\c2c(ncn1Cc1ccco1)Oc1cc(O)ccc1[C@H]2c1ccc(F)cc1,-1.8298310041427612
base,COc1ccc(CCCc2nnc(CCC(=O)N(C)CCc3nc4ccccc4s3)o2)cc1,-2.1755611896514893
base,[CH2][C]([C]OC)[C+]1[C]([S])[N][CH]N(C[C]([O-])[N+]2CCC[C]3[CH][CH][CH][CH][C]32)[C]1[O],-1.2593700885772705
base,O=C(Nc1cc2c(cc1C(=O)O)OCCO2)c1ccccc1F,-0.8747730255126953
base,O=C1C[C@H](c2ccco2)Cc2nc(N3CCc4ccccc4C3)ncc21,-3.130784511566162
base,CP(#[O+])C[C@H](O)[C-]([O-])C(F)(F)F.[H+],-2.2957065105438232
base,CN1[C@H](C(=O)NCC2CC2)C[C@@H]2Cn3c(nc4ccccc43)[C@@H]21,-3.48768949508667
base,O=C(N[C@H](Cc1ccccc1)C(=O)O)/C(=C\C=C\c1ccccc1)NC(=O)c1ccccc1,-1.2973138093948364
base,[H]/N=C(/NCc1ccccn1)NC(=O)/C(=C\c1cccs1)NC(=O)[C@@]12C=C[C@H]1O2,-0.28206199407577515
base,CC1CC[CH-]C2(C1)N[C-]([O-])N(C[C+]([O-])N[C+]1[CH+][CH-][CH+][c-]3[cH+][cH-][cH+][cH-][c+]31)[C+]2[O-],-0.3738482892513275
base,O=C1N/C(=N/Cc2ccc(N([O-])[O-])cc2)[S+]=C1/C=C1/C=CC=[N+]=C1,-0.3553464114665985
base,CN([C][O-])[C]([O])C1(C)[C]2[CH][CH][CH][CH][C]2NC1[N+](C)[O+][C]([O])CCCO[C]1[CH][CH][CH][CH][CH]1,-0.49532845616340637
base,CCOc1ccc2ccccc2c1CN1CCN(Cc2ccccc2)CC1,-10.710667610168457
base,C=C(Sc1cnc[nH]1)c1cc(Cl)ccc1Cl,-8.281777381896973
base,O=S(=O)(Nc1cccc(-c2cn3ccsc3n2)c1)c1ccc(OC(F)(F)F)cc1,-2.938004493713379
base,Brc1ccc(-c2nncnc2/N=C/c2ccccc2)cc1,-4.463925361633301
base,C=CCC(=O)N1CCOCC1,-6.669838905334473
base,O=C(N[C@H]1C[C@@H]2CC[C@H]1C2)c1ccc(Br)s1,-7.447921276092529
base,[CH2-]C(=O)O.[CH2-][C@H]1C[C@@H](c2cc(C(C)(C)C)ccc2OC)[N+]2=NC=NC2=[NH+]1,-0.5691492557525635
base,C/[C-]=[N+]1/[CH-][C@@H](c2cc(O)ccc2O)C[C@H](CCCCc2ccccc2)C1.[H+],-6.202197074890137
base,COc1ccc(N2CCN(C(=O)CSc3nnc(CNC(=O)c4ccccc4)o3)CC2)cc1,-0.4948703348636627
base,CC(=O)NC1=[S+]C2=C(CCCCC2)/C1=C(/[O-])N1CCC(Oc2ccccc2)CC1,-2.2304651737213135
base,NC(=O)C1(N2CCCCC2)CCN(C(=O)CSc2nccn2CCc2ccccc2)CC1,-0.8654454946517944
base,Clc1ccccc1CSc1nc2ccncc2[nH]1,-5.626404285430908
base,OC[C@@H]1O[C@@H](O[C@H]2O[C@H](CO)[C@H](O)[C@H](O)[C@H]2O)[C@@H](O)[C@H](O)[C@H]1O,-0.5589469075202942
base,ClC1=C(c2ccccc2)N/C(=C2\[C-]=[S+]C3=C(CCCC3)[OH+]2)[N-]1,-6.448535442352295
base,CCN(CC)S(=O)(=O)c1ccc(Cn2c(=O)[nH]c3ccccc32)cc1,-1.2900898456573486
base,Clc1ccccc1-c1nc(-c2ccncc2)n[nH]1,-3.4952518939971924
base,O=NN1CCN(c2ccc(F)cc2)CC1,-5.576035022735596
base,COCCN(C(=O)CSc1ccccn1)C1=NCCS1,-2.9505016803741455
base,CCOc1ccccc1C(=O)NCc1ccco1,-3.5404131412506104
base,Cc1nn(Cc2ccc(C(=O)N/N=C/c3ccc(Br)cc3)o2)c(C)c1Cl,-2.651447296142578
base,COc1ccc(/C=N/NC(=O)CCn2c(=O)c3cccn3c3ccc(F)cc32)cc1OC,-0.9333595037460327
base,[O-]C1=[S@SP1+2]2CCO[C@@]2(c2ccc(Cl)cc2)[C-]([O-])[NH2+]1,-1.4134936332702637
base,O=C(/C(Cl)=C\C(=O)C(F)(F)Cl)c1cccc(Cl)c1,-6.995845317840576
base,CN(C)c1ccc([P@](=O)(CCC(=O)O)OCCCl)cc1,-1.9536954164505005
base,N[C-]1C2=C(N(CCc3ccccc3)C(=O)N1c1ccccc1)[O+]1[OH+][C@]1([O-])[C@](NC=O)(C(F)(F)F)C2=O,-0.32098308205604553
base,FC(F)(F)COc1cc(CN2CCN(C(c3ccccc3)c3ccccc3)CC2)ccn1,-8.558740615844727
base,O=C(CCC1CCCC1)Nc1ccc(Br)cn1,-5.531050205230713
base,N#C[C@H](CCNc1cccc2cc(Br)ccc12)OC(=O)c1ccccc1,-4.222050189971924
base,O=S(=O)(NC1CCCC1)c1ccc(Br)s1,-4.431476593017578
base,NS(=O)(=O)c1cccc(NS(=O)(=O)/C=C/c2ccccc2)c1,-0.3604641556739807
base,CNC[c-]1[cH+][cH-][c+]([S+2]([O-])([O-])NCCCO[C-]2[CH+][C-](Cl)[CH+][N-]N2[c+]2[cH-][cH+][cH-][cH+][n-]2)[cH-][cH+]1,-0.6799967288970947
base,Cn1nnc(NC(=S)NC(=O)c2ccccc2Cl)n1,-0.6637540459632874
base,COc1ccc(/C=C/C(=O)c2ccc(C)o2)cc1O,-2.942173957824707
base,COc1ccc2c(OCc3ccccc3)ccnc2c1,-7.11181116104126
base,CCO[c-]1[cH+][cH-][c+]([N-][C][N-2])[cH-][cH+]1,-4.561108589172363
base,CCCCOc1cc(C)n(-c2ccccc2C#N)c(=O)c1,-3.428656578063965
base,COC(C[C@@H]1O[C@H]1[C@@H](O)COCc1ccccc1)OC,-2.3034958839416504
base,C[C-]1S[N-]S[C+]1S[c+]1[cH-][cH+][cH-][cH+][c-]1N([O-])[O-],-3.417487382888794
base,O=C(O)CCCCCCCCC(=O)O,-1.5736392736434937
base,O=c1cc(Cl)c(/C=C/c2cccc(F)c2)nn1Cc1ccccc1,-6.947785377502441
base,CCN(Cc1ccco1)C(=O)Nc1ccc2ccccc2c1,-5.462127685546875
base,O=C(O)CCCCCNC(=O)[C@H](Cc1ccccc1)NNC(=O)c1ccco1,-0.3789544999599457
base,NN1[C+]([C+]2[CH+][CH-][C+](Cl)[CH-][C+]2Cl)[N-][N-][C-]1SC[C-]([O-])N1[CH+]C[CH+]OCC1.[H+],-0.7466697096824646
base,COc1cc(/C=C(\C#N)c2nc3ccccc3[nH]2)cc(Br)c1OC,-2.7580108642578125
base,O=C(c1cc(S(=O)(=O)N2CCOCC2)c(Cl)cc1Cl)N1CCC(=C([O-])c2ccccc2)CC1.[H+],-1.015191912651062
base,O=S(=O)(c1ccc2c(c1)OCO2)N1CCCCCC1,-2.9216370582580566
base,C=CCNCCOCCOc1ccccc1-c1ccccc1,-7.098435878753662
base,O=C(c1ccc(C(F)(F)F)cc1)[C@H]1CCCN(Cc2cc3ccccc3oc2=O)C1,-5.210476398468018
base,O=C(/C=C/c1ccccc1)N/C(=C/c1ccco1)C(=O)N1CCOCC1,-1.4590524435043335
base,CCNC(C)(C)CC[C](S[C+]1[CH][CH][CH][CH][CH]1)[C](Cl)[C]([O])N[C]1[CH][CH][C](N([O-])[O-])[CH][CH]1,-2.1246979236602783
base,CN(Cc1cccs1)C(=O)CN1C(=O)c2ccccc2C1=O,-2.6466705799102783
base,S=C(NC[C@@H]1CCCO1)N1CCN(c2nc(-c3ccc(Cl)cc3)cs2)CC1,-5.56392240524292
base,CNC(=O)c1ccc(COC(=O)c2cc3ccccc3o2)o1,-1.0487934350967407
base,Cc1ccc(C(=O)NNC(=S)NC(=O)COc2ccccc2)cc1,-0.8756641745567322
base,NC(=O)N/N=C(\CCC(=O)O)c1ccc(F)cc1,-0.43305885791778564
base,COc1cc(C(=O)O)cc(NC(=O)[C@H]2C[C@@H]2c2ccccc2)c1OC,-1.083937168121338
base,F[c-]1[cH+][n-][c+](N2CCOCC2)[n-][c+]1[N-]CCN1CCOCC1,-1.6793227195739746
base,COc1ccc2c(OCc3ccccn3)ccnc2c1,-4.7179059982299805
base,COC(CNC(=O)c1cn(C)c2ccc(S(=O)(=O)N3CCOCC3)cc2c1=O)OC,-0.27762678265571594
base,COc1cccc(NC(=O)c2ccccc2[N+](=O)[O-])c1,-1.1313483715057373
base,CCCN(CC)CCNC(=O)Cn1cnc2[s+]c(C)c(S(=O)(=O)N3CCN(c4cccc5ccccc45)CC3)c-2c1[O-],-0.8301206231117249
base,COc1c(C)cc(Br)cc1CNC(=O)[C@H](C)NC(=O)[C@@H]1Cc2ccccc2CN1,-1.1062471866607666
base,N/C(Cc1ccc2ccccc2n1)=N\O,-1.3782328367233276
base,S=C(NCCCN1CCOCC1)N1CCN(c2ccccc2)CC1,-6.275058269500732
base,COC(=O)C1=C(C)N2C(=O)C(/C=C3/C=CC=[S+]3)=[S+]C2=C(C(=O)OC)[C@@H]1c1ccc(Cl)c(N([O-])[O-])c1,-0.6922705769538879
base,Cc1sc2nc(SCC(=O)NCc3ccco3)n(C)c(=O)c2c1C,-1.2281785011291504
base,[CH2-][C+]1[CH+][C+](N([O-])[O-])[N-]N1CC[C-]([O-])NCCCOC(C)C,-0.5131032466888428
base,O=C(OCC(=O)[C@]12C[C@H]3C[C@H](C[C@H](C3)C1)C2)c1cnccn1,-1.821519136428833
base,C[N+]1(C)[CH-]N(C2=CC(=O)C[C@@H](c3ccco3)C2)[CH-]CC1.[H+],-6.292563438415527
base,[O-][c+]1[n-]o[cH+][c-]1CCN1CCCC1,-3.0944507122039795
base,Cn1c(=O)c2ccc(F)cc2n(CC(=O)N2CCN(CCO)CC2)c1=O,-0.4704054892063141
base,COc1cc(/C=C2/CCc3ccccc3C2=O)cc(OC)c1OC,-5.142979621887207
base,Clc1ccccc1CSc1nnc2ccc(-c3ccncc3)nn12,-3.9227771759033203
base,CCCCC[C@@H]1CN(CC(=O)OC)C(=O)[C@@H]1CC,-4.2494940757751465
base,[CH2-][C+]([CH+]CC[N-][C-]([O-])C(C)O[C+]([O-])CC[C+]([O-])N[c+]1[n-][cH+][cH-]s1)[CH+][c-]1[cH+][cH-][cH+]o1,-0.31676673889160156
base,NS(=O)(=O)c1ccc(O)c(NC(=O)N[C@H](Cc2c[nH]c3ccccc23)C(=O)O)c1,-0.31194329261779785
base,CN(C[C+]([O])O)S([O])([O])[C]1[CH][CH][CH][C](N([O-])[O-])[CH]1,-0.49536529183387756
base,COc1ccc(NC(=O)CSc2nnc(N)s2)cc1S(N)(=O)=O,-0.2852112650871277
base,CCOC(=O)[C@]1(c2ccccc2)N[C@@H](c2ccccc2)[C@@H]2C(=O)N(C)C(=O)[C@@H]21,-1.1550689935684204
base,O=C(COc1ccccc1)Nc1nccn1Cc1cccc(Cl)c1,-3.4805209636688232
base,O=c1c2c(ncn2C2CCCC2)n(-c2cccc(Cl)c2)c(=O)n1CCOc1ccccc1,-2.573268413543701
base,CO[c-]1[cH+][cH-][cH+][cH-][c+]1[C][N-]C([CH+][C+]([O-])O)CO.[H+],-0.5549135804176331
base,O=C(O)CCC(=O)OC[C@@H]1CCCO1,-1.422163963317871
base,CCCNCCCCOc1ccc(Br)cc1C,-9.20129108428955
base,O=S(=O)(CCS/C(=N\Cc1ccccc1)N/N=C/C(Br)=C/c1ccccc1)c1ccccc1,-4.1757965087890625
base,CCN1CCN(C(=S)c2ccc(Br)cc2)CC1,-11.70895004272461
base,Cc1nc2[nH]c3cccnc3c2c2c1COC(C)(C)C2,-4.015092849731445
base,O=C(Cc1cccc(C(=O)O)c1)NCCC(=O)Nc1ccc(SC(F)F)cc1,-1.0232017040252686
base,O=C(N/N=C/c1cn(-c2ccccc2)nc1-c1cccs1)c1cccc2ccccc12,-4.885599136352539
base,Cc1nc2c(c(N3CCN(C)CC3)n1)C(=O)CCC2,-3.5270438194274902
base,N#CCC[C@@H]1NC(N)=NC=C1c1ccccc1,-1.2700093984603882
base,O=C(C1CCN(S(=O)(=O)c2ccccc2)CC1)N1CCN(Cc2cccc3ccccc23)CC1,-3.0086874961853027
base,O=C(COC(=O)c1cccn1-c1ccc(F)cc1)Nc1cc2c(oc1=O)CCCC2=O,-0.6986297369003296
base,COCCC(=O)N1CCC(=O)[C@@H](C)C1,-4.023252487182617
base,NNC(=O)CCc1ccc(CCCCCc2nc3ccccc3[nH]2)cc1,-1.3465734720230103
base,Clc1cc(Cl)cc(Nc2ncnc3nc[nH]c23)c1,-2.521544933319092
base,COc1ccc(S(=O)(=O)N(C)c2ccccc2)cc1C(=O)N1CCCC1,-2.013568878173828
base,Nc1nc2ccccc2n1-c1ccc(Cl)cc1,-4.8889641761779785
base,Clc1ccccc1CSc1nc2ccncc2[nH]1,-5.626404285430908
base,Nn1c(SCC(=O)NC2CCCC2)nnc1C(F)(F)F,-0.6691473722457886
base,COc1ccc(-n2nc(C)cc2Nc2ccc3[nH]c(=O)[nH]c3c2)cc1Cl,-1.424869179725647
base,Fc1ccccc1C#Cc1ccccc1,-13.486525535583496
base,[O-]c1c2ccccc2n/c(=[S+]\C(F)F)n1-c1ccc(Cl)cc1,-5.4999542236328125
base,[H+].[O][C]1CCC23C[N+]2([C]OO[C-]3[NH2+]CCNC[CH-]CC([C]2[CH][CH][CH][CH][CH]2)[C]2[CH][CH][CH][CH][CH]2)N1CCN1CCN(C[C]2[CH][CH][C](F)[CH][CH]2)CC1,-1.409203290939331
base,Cc1ccc(C(=O)CSc2nc3ccc(NC(=O)c4ccc(F)c(F)c4)cc3s2)cc1,-5.6142988204956055
base,C[C@H](Cc1ccc(-c2ccccc2)cc1)C(=O)O[C@@H]1CC(c2ccccc2)=NN1,-5.124472618103027
base,NC(=O)CC[C@@H]1CCCN1,-3.037628412246704
base,CCC(=O)Nc1nc2ncccc2n1CC(=O)c1ccccc1,-1.2365436553955078
base,O=[N+]([O-])c1c(NCCCO)cc(SCCCc2ccco2)c2nonc12,-0.9180387854576111
base,COc1ccc(N[C@@H](C(=O)Oc2ccc3ccccc3c2)c2nnnn2-c2c(C)cccc2C)cc1Cl,-3.2901158332824707
base,O=C[C@@H](C#Cc1cccs1)[C@H](c1ccc(F)cc1)N1CCCC1,-9.275402069091797
base,CCOCCCNC(=O)CSc1cccc2cccnc12,-3.6571969985961914
base,Brc1ccc(CN2CCN(Cc3ccco3)CC2)o1,-6.471091270446777
base,CC(C)COC(=O)Nc1ccc(OC/C=C/C(C)(C)O)cc1,-2.4482109546661377
base,COc1cncnc1N1CCN(c2ccc(F)cc2)CC1,-4.67372465133667
base,Cc1nc2c(-c3ccccc3)cnn2c(C)c1Cc1ccc2[nH]c(=O)c3ccccc3n12,-3.3113794326782227
base,Cc1cc(C)cc(OC(=O)CCN2C(=O)c3ccccc3C2=O)c1,-2.381413221359253
base,O=S(=O)(O)Nc1cccc2c1CCC2,-1.87519371509552
base,Cc1noc(C)c1S(=O)(=O)N1CCN(c2ccc([N+](=O)[O-])c(NC[C@@H]3CCCO3)c2)CC1,-0.5343214273452759
base,CN(C(=O)CCc1ccccc1)C1CCCCC1,-9.022607803344727
base,Nn1c(-c2cnc(-c3ccccc3)n2C(=O)/C=C/c2cccs2)nc2ccccc2c1=O,-1.4031821489334106
base,O=C(N/N=C/c1ccc(Br)o1)c1cccc(NC(=O)c2ccccc2)c1,-1.7817037105560303
base,O=S(=O)(NC1CCCCCCC1)c1cccc2nonc12,-0.9237430691719055
base,COc1ccc(/C=C/c2ccccc2)cc1S(=O)(=O)N(C)CC(=O)Nc1nnnn1C,-0.283773809671402
base,O=C(/C=C/C=C/c1ccccc1)Nc1cccc(CN2CCC(O)CC2)c1,-4.067641258239746
base,O=C(O)c1cc(S(=O)(=O)NCCCN2CCOCC2)ccc1Cl,-0.3782375454902649
base,N/C(Cc1ccc(OCc2ccccc2)cc1)=N\OC(=O)CSc1ncc(C(F)(F)F)cc1Cl,-3.005406618118286
base,O=C(O)c1cccc(S(=O)(=O)N2CCCC2)c1,-1.1913673877716064
base,CCc1ccccc1N(C(=O)c1cccs1)[C@H]1C=CS(=O)(=O)C1,-3.5074028968811035
base,COc1ccccc1NS(=O)(=O)c1cccc(NC(=O)CCl)c1,-0.8935809135437012
base,NS(=O)(=O)OCCCc1ccccc1,-1.5284286737442017
base,O=S(=O)(NC1CCCCC1)c1ccc(N2CCOCC2)cc1,-2.6456868648529053
base,O=Cc1nc2ccccc2c(=O)[nH]1,-2.0681846141815186
base,CCOC(=O)[C@](O)(c1ccc(N2C(=O)c3ccccc3C2=O)cc1)C(F)(F)F,-1.0372257232666016
base,Cc1oc2ccc(OCC(N)=O)cc2c1C(=O)O[C@H](C)C(=O)NC1CCCCC1,-0.627843976020813
base,O=C(COC(=O)CCCOc1ccc(Cl)cc1)NNC(=O)Nc1ccccc1,-0.721432626247406
base,O=c1c([N+](=O)[O-])nccn1NC1CCCCC1,-0.5542920827865601
base,CCOC(=O)C[C@H](CC(=O)c1cccs1)Cc1cccc2ccccc12,-6.544926643371582
base,CC(=O)Nc1cccc(O[P@@](C)(=O)OC2CCCCC2)c1,-3.1371777057647705
base,CCC(=O)NC1=[S+]C2=C(CCCCC2)/C1=C(/[O-])OC,-2.3224916458129883
base,Nc1c(-c2ncn[nH]2)cnc2scc(-c3cccs3)c12,-1.469132900238037
base,Clc1ccc(Nc2nc(CN3CCCC3)nc(N3CCCCC3)n2)cc1,-3.569788694381714
base,Nc1cc(N2CCCCC2)c(Cl)cc1C(=O)NCc1ccccc1,-3.446986198425293
base,[S-][C+]1N[N-][C-](CO[c+]2[cH-][cH+][c-](Br)[cH+][c-]2Cl)N1[CH+][c+]1[cH-][cH+][cH-]o1,-4.321601867675781
base,O=C(/C=C/NCC(=O)c1ccccc1)c1ccccc1,-4.35696268081665
base,CCC[C@H](C(=O)NNC(=O)C(=O)N1CCCC1)c1ccccc1,-0.929534375667572
base,COc1ccccc1NC(=O)Nc1cc(F)ccc1C,-4.313343524932861
base,CN1C(=O)N[C@@H](Cc2ccc3c(c2)OCCO3)C1=O,-1.6294753551483154
base,COc1cc(Nc2ccccc2)cc(=O)n1C,-4.4606757164001465
base,CCCC#CCCCO,-8.616904258728027
base,COc1cccc(CNCCNc2cccc([N+](=O)[O-])c2)c1OC,-0.9360362887382507
base,NS(=O)(=O)c1ccc(CN2C(=O)CN(C3CCCCC3)C(=O)[C@H]2CC(=O)N2CCOCC2)cc1,-0.41945379972457886
base,O=S(=O)(c1ccc(F)c(F)c1)N1CCCc2ccccc21,-5.782992839813232
base,COC(=O)c1ccc(NC(=O)c2ccc(Br)o2)o1,-1.112510085105896
base,COc1ccc(N2CC[C@@H](CNS(=O)(=O)c3ccccc3)C2)cc1,-2.6641435623168945
base,CSCC[C@@H](NC(C)=O)C(=O)NC1CC1,-2.614741563796997
base,Cc1ccccc1/C=C\C=N\OC(=O)/C=C/c1ccco1,-4.196245193481445
base,CC(=O)c1c(C)[nH]c(C(=O)CSc2nc3ccccc3[nH]2)c1C,-1.769769549369812
base,CCOC(=O)CCCNC(=O)COC(=O)c1c(F)cccc1F,-0.8277021050453186
base,NS(=O)(=O)c1ccc(NC(=O)COc2ccc(Cl)cc2)cc1,-0.4105014503002167
base,CCN1CCC(Oc2cccc(CO/N=C/[C@H]3CC=CCC3)c2)CC1,-7.230471134185791
base,O=C(CSc1nnc(COc2ccc(F)cc2)o1)N1CCCC1,-1.846668004989624
base,N#CCCC[C@@H](NC(=O)C1CC1)c1cccc(F)c1,-3.67876935005188
base,COCCCN(CC(C)C)c1nc(N)c(C#N)c(CC#N)c1C#N,-0.5120161175727844
base,O=[N+]([O-])c1ccc(N2CCCCC2)cc1NC1CCCC1,-3.5943844318389893
base,CCOc1ccc(N2CCN(C(=O)C[C@@H](NC(C)=O)c3ccccc3)CC2)cc1,-2.5710983276367188
base,COc1ccc(OC)c(Nc2nc(-c3ccco3)cs2)c1,-3.819340229034424
base,CC(C)(C)N1[C+]([O-])C(C([c+]2[cH-][cH+][cH-][c+]3[cH-][cH+][cH-][cH+][c-]23)n2[nH][c+]([O-])n(-[c+]3[cH-][cH+][cH-][cH+][cH-]3)[c+]2[O-])[CH+][C-]1[O-],-0.31665319204330444
base,CC[C@](C)(NC=O)C(=O)N(CC(=O)NC1CCCC1)Cc1ccc(F)cc1,-1.1235661506652832
base,C#Cc1ccc(C(=O)NC2CCN(Cc3ccccc3)CC2)cc1,-6.534127235412598
base,NP(N)(=O)Oc1ccccc1,-0.966808021068573
base,Nn1c(SCC(=O)OCC(=O)c2ccccc2)nnc1-c1cccs1,-0.4500851631164551
base,[CH2-]CCCC1=C(C#N)/C(=[NH+]/C(=S)NC(=O)Cc2ccccc2)[O+]=[C-]1,-0.9291035532951355
base,COCCCNCCCOc1ccccc1-c1cccs1,-7.266003131866455
base,N[C@H](C(=O)O)c1ccc2c(c1)OCO2,-0.8281352519989014
base,CCOC(=O)C/[S+]=c1/c(/C=N/c2ccccc2F)c([O-])[nH]c2ccccc12,-1.5741504430770874
base,O=S(=O)(c1ccccc1)[C@H](CN1CCOCC1)Oc1cccc2cccnc12,-1.8044975996017456
base,CC[C@@H](C)NC(=O)c1cn(-c2cccc(C)n2)cn1,-2.5085411071777344
base,Cc1nnc(NC(=O)c2cc(Cl)cc(Cl)c2O)s1,-1.7494146823883057
base,C[C]1[C](N([O-])[O-])[CH][C](C(C)(C)C)[CH][C]1S([O])([O])N[C+]1[CH][CH][C](OC[C]([O])O)[CH][CH]1,-1.1630064249038696
base,CO[C@H]1CCCC[C@@H]1NCc1ccc2ccccc2c1,-9.088410377502441
base,CN(CC(=O)Nc1ccc(Br)cc1F)C1CCCCC1,-7.017383575439453
base,Oc1[nH]c2ccccc2c1/C=N/C[C@H]1CCCO1,-2.876962900161743
base,Cl[c+]1[cH-][c+]2[cH-][cH+][c+](N[C][N-][C+]3[N-]CCN3)[n-][c-]2[cH+][c-]1Cl,-2.6230051517486572
base,O=[N+]([O-])c1cccc(NS(=O)(=O)c2ccc3[nH]c4c(c3c2)CCCCC4)c1,-1.5295250415802002
base,N#[N+][N-]CCN1CCN(Cc2ccccc2)CCC1=O,-1.8800545930862427
base,O=C(N[C@@H](Nc1ccc(F)cc1)C(Cl)(Cl)Cl)c1cccnc1,-3.914375066757202
base,COc1cccc(/N=C2/NN=C(c3ccccc3F)CS2)c1,-4.7375359535217285
base,Cn1c(=O)[nH]c2nccc(CC(=O)Nc3cccc(F)c3)c2c1=O,-0.2614273130893707
base,O=C(CN1C(=O)C[S+]=C1[O-])Nc1ccccc1C(=O)O,-0.34095537662506104
base,Clc1ccc(NC2=NCCCCC2)cc1,-8.512389183044434
base,O=S(=O)(NCc1ccc2c(c1)OCO2)c1ccc(-c2nc3ccccc3[nH]2)cc1,-1.0481928586959839
base,Nc1nc(CN2CCN(C(c3ccccc3)c3ccccc3)CC2)nc(N2CCOCC2)n1,-0.749494731426239
base,CCCNCc1cccn1-c1nccs1,-6.775526523590088
base,COCCNC(=S)NNC(=O)c1ccc(OC)cc1,-1.343919038772583
base,CCOCCCNC(=O)c1ccc(CS(=O)(=O)c2c(Cl)cccc2Cl)o1,-1.5016309022903442
base,CO[C@H](C(=O)Nc1nnc(C(C)(C)C)s1)c1cccc(F)c1,-2.5801873207092285
base,COc1ccc(S(=O)(=O)N(CC(=O)NCc2ccco2)C2CCCCC2)cc1OC,-0.7385346293449402
base,Brc1ccccc1CNCCc1cnc2ccccc2c1,-8.70621395111084
base,Nn1c(SCc2cn3cc(Cl)ccc3n2)nnc1-c1cccs1,-1.8433647155761719
base,FC(F)(F)[C]1[CH][CH][C-](Cl)[C]([N][C]2[C]([C-][CH+][C]3[CH][CH][N][CH][CH]3)[CH][C](Br)[C]3[CH][CH][CH][N][C]32)[CH]1,-6.287406921386719
base,OC[C@@]1(Cc2cccc(Cl)c2)CCCN(Cc2ccc(F)c(F)c2)C1,-9.124468803405762
base,CN(C)[CH][CH][C]1O[C]2[CH][CH][C](O)[CH][C+]2[C]1N([O-])[O-],-0.8348687887191772
base,S=C(N1CCOC1)N1CCc2ccccc21,-9.302978515625
base,O=C1NC(=O)C(N(Cc2ccccc2)C(=O)CNC(=O)c2ccco2)C(=O)N1,-0.27900099754333496
base,NOCCCNC(=O)Cn1nnnc1/C=N/O,-0.462229460477829
base,O=C(N/N=C/c1cccc(OCc2ccccc2)c1)c1sc2ccccc2c1Cl,-6.287471771240234
base,Cc1ccc(N/C([O-])=C/N(C)/C2=[O+]/C[C@H]([S-])n3c#[n+]nc3CC2)cc1C,-0.7771963477134705
base,CN1[C+]([O-])N[C-]([O-])[C+]([CH-]NN[c+]2[cH-][cH+][c-]([S+2]([O-])([O-])N[C+](N)N)[cH+][cH-]2)[C-]1[O-],-0.39048174023628235
base,[O-][C+](NCC[CH-][c+]1[cH-][cH+][c-](-[c+]2[cH-][cH+][cH-][cH+][cH-]2)[cH+][cH-]1)[c+]1[cH-][cH+][cH-][cH+][c-]1F,-6.637873649597168
base,O=C(CCCN1C(=O)[C@H]2CC=CC[C@H]2C1=O)N1CCc2ccccc2C1,-2.826023578643799
base,O=C(c1ccccc1)C1CCN(C(=O)CCN2CCN(C/C=C/c3ccccc3)CC2)CC1,-5.248284816741943
base,COC(=O)c1ccc(S(=O)(=O)N2CCCC2)o1,-1.0716075897216797
base,[O][C](CSC[C+]1[CH][CH][CH][CH][CH]1)N[N][CH][CH][CH][C]1[CH][CH][CH][CH][C]1N([O-])[O-],-0.752083957195282
base,Cn1c(=O)c2ncn(CC(=O)N/N=C/c3ccccc3O)c2n(C)c1=O,-0.29256707429885864
base,CCn1c(=O)c2ccc(C(=O)OC)cc2n(CC(=O)NCc2ccco2)c1=O,-0.2452073097229004
base,COc1cc(SCCO)c2nc3cc(F)cc(C)c3nc2c1,-3.462489604949951
base,COc1cccc(-c2nc(N(CCO)c3cccc(C)c3)c3ccccc3n2)c1O,-2.2696080207824707
base,COC(=O)N(C)S(=O)(=O)c1cccc(C(=O)Nc2ccc3ccccc3c2)c1,-1.086351752281189
base,C[c-]1[cH+][cH-][cH+][cH-][c+]1S[C][CH+][CH-][c+]1[cH-][n-][c+](-[c+]2[n-]o[n-][c+]2N)[cH+][c-]1[C][O-],-0.35668280720710754
base,Fc1ccccc1NC(=S)Nc1c(F)ncnc1-c1cccnc1,-2.8764333724975586
base,N#CCSc1ncc2c(=O)n(-c3ccc(Cl)cc3)[c-]nc2n1.[H+],-0.8479176163673401
base,CCN(CC)S(=O)(=O)c1ccc(Cl)c(NC(=O)C(C)(C)C)c1,-2.4315502643585205
base,O=S1(=O)CC2=C(C1)/C(=N/CCc1ccccc1)SC2,-4.069852828979492
base,CC[C@@H]1CCCCN1C(=O)c1ccc2ccccc2c1,-9.54863166809082
base,O=Cc1ccc(N2CCCC2)c([N+](=O)[O-])c1,-2.1928513050079346
base,Cn1c(=O)c2c(ncn2CC(=O)N/N=C/c2ccc(Br)s2)n(C)c1=O,-0.3346259295940399
base,CO[C]([O])[C]N(C[C]1[CH][C](OC)[CH][C](OC)[CH]1)C(C[C]([O])N([C][O+])[C]1[CH][CH][CH][CH][CH]1)[C]1[CH][CH][C](OC)[C](OC)[CH]1,-1.0355116128921509
base,COc1cccc(/C=C/C(=O)OCC(=O)N2c3ccccc3NC(=O)C2(C)C)c1,-1.011956810951233
base,O[C@@H](CN(Cc1cccc2ccccc12)CC1CCNCC1)c1c[nH]c2ccccc12,-5.093746185302734
base,COc1cc([N+](=O)[O-])ccc1Oc1c2c(nc3ccccc13)CCCC2,-2.872157335281372
base,OC[C@]1(Cc2ccccc2)CCCN(Cc2ccc(C3CCCCC3)cc2)C1,-10.230803489685059
base,CCN(CC)S(=O)(=O)c1ccc2c(c1)oc(=O)n2CC(N)=O,-0.2965794801712036
base,CN(C)P([N-][C+]([O-])CO[C+]([O-])CC[c+]1[cH-][cH+][cH-][cH+][cH-]1)N[c+]1[cH-][cH+][cH-][cH+][cH-]1,-0.903022825717926
base,COC(CNC(=O)[C@H]1CC[C@H](CNS(=O)(=O)c2ccccc2)CC1)OC,-0.4128152132034302
base,Cc1ccc(C(=O)c2ccccc2-c2ccccc2)o1,-7.902010917663574
base,CCN(CC(=O)N[C@@H]1CCCc2ccccc21)C1CCCCC1,-7.068202972412109
base,FC(F)(F)c1ccccc1NC(=S)Nc1cccnc1,-6.358994960784912
base,C[C@@H](NC1CCCC1)[C@H](O)C(=O)N/N=C/c1cn(C)nc1C(F)(F)F,-0.5044296979904175
base,O=C(NCC(=O)N(C1CCCCC1)[C@H](C(=O)NC1CCCCC1)c1cccnc1)c1cccs1,-1.7198772430419922
base,NC(=O)c1ccc(Oc2ccc(F)cc2)cc1NS(=O)(=O)c1cccs1,-1.1028202772140503
base,[H]/N=C1C(=C\c2cc(C)n(Cc3ccco3)c2C)/C(=O)N=C2SC(N3CCN(CCO)CC3)=NN2/1,-0.44661858677864075
base,COc1ccc(/C=N/CCc2cccc(C(F)(F)F)c2)cc1OC,-7.688594818115234
base,[O-][S+2]([O-])([N-]SN[c+]1[c-](F)[cH+][cH-][cH+][c-]1F)[c+]1[cH-][cH+][c-](Cl)[cH+][cH-]1,-2.7281899452209473
base,CO[C]1[CH][C](O[C]2[CH][CH][C]([C+]([O])O)[CH][C]2N([O-])[O-])[CH][CH][C]1[CH][O],-0.5584089756011963
base,O=C1c2ccccc2NCN1CCOc1ccccc1,-4.8614888191223145
base,CCN1CCC(COC)(OC(=O)Nc2ccc(OCc3ccccc3)cc2)CC1,-3.6039137840270996
base,CN(C)/[P+]([O-])=[NH+]\c1ccc(F)cc1.[CH2-]Cl,-4.919728755950928
base,O=S1(=O)CCN(OCc2ccccc2)CC1,-3.9218862056732178
base,COc1ccccc1/N=N\C1=[N+]([O-])C(=O)c2cccnc21,-0.593181312084198
base,O=C(NC[C@@H]1CCCO1)c1ccc(S(=O)(=O)N2CCCc3ccccc32)cc1,-1.4053955078125
base,N#Cc1ccc([S@](=O)(O)=NC(=S)Nc2ccc(C(=O)O)cc2)cc1,-0.8379277586936951
base,FC(F)Oc1ccc(N[C@H](c2ccccc2)c2ccc3c(c2)OCO3)cc1,-7.045250415802002
base,S=c1[nH]nc(Cc2ccccc2)o1,-4.846214771270752
base,CO[C+]1[CH+][c+]2[n-][c+](SC[C+]([O-])OC[c+]3[c+]([C][CH+][c+]4[cH-][cH+][cH-][cH+][c-]4OC)[n-]o[c-]3C)[c-]([C][N-2])[cH+][c-]2[CH+][C-]1OC,-1.1191359758377075
base,CNC(=O)c1ccccc1N[C@@H]1C[C@H]2CC[C@@H](C1)N2Cc1ccccc1,-5.022410869598389
base,NS(=O)(=O)[c-]1cccc/c1=[S+]/[C@@H]1[C-]=C(Cl)C=CC1=[N+]1CCCC1,-2.130643606185913
base,O=C(OCC(=O)N1CCC(Cc2ccccc2)CC1)c1ccc(S(=O)(=O)Nc2ccccc2F)cc1,-1.6618096828460693
base,O=C(C(=O)N1CCCc2ccccc21)N1CCN(c2ncccn2)CC1,-1.4109344482421875
base,N#CCn1cnc2c(Nc3ccc(F)c(Cl)c3)ncnc21,-1.3242857456207275
base,COCCNc1nc2c(c(=O)n(C)c(=O)n2C)n1CCCc1ccccc1,-0.6172097325325012
base,Cc1ccc2nc(NCCNC(=O)c3ccc([N+](=O)[O-])o3)c(C#N)cc2c1,-0.6685162782669067
base,C/C(CC(=O)N(C)CCc1ccccc1)=N\NC(=O)c1ccco1,-1.3271949291229248
base,O=S(=O)(NCCCn1nnc2ccccc21)c1cc(F)ccc1F,-1.1078928709030151
base,CC(=O)N1CCN(C(=O)CSc2nnc(-c3cccnc3)n2N)CC1,-0.2998139560222626
base,COc1ccc(-c2nc3cccnc3s2)cc1NC(=O)Nc1ccncc1,-1.7824037075042725
base,CCOc1ccccc1CNC(=O)c1ccccc1Nc1ccc2c(c1)OCCO2,-3.0130980014801025
base,O=C(NCc1cccc2ccccc12)c1cc(Cl)ccc1NC(=S)Nc1ccccc1F,-6.665833473205566
base,CN(C)[C@@H]1CCCC[C@H]1OCCOCCOCCCCCOCC1CC1,-5.752945899963379
base,COCCN(C(=O)c1ccccc1C)c1nc(-c2cc(OC)ccc2OC)cs1,-3.5829310417175293
base,Cc1c2c(Cc3ccc([N+](=O)[O-])cc3)nn(C)c(=O)c2nn1S(C)(=O)=O,-0.3363680839538574
base,O=S(=O)(Cc1ccc(Cl)cc1)c1c[nH]c2ccccc12,-4.423112869262695
base,Fc1cc(OC(F)(F)F)ccc1-c1nncn1/N=C/c1cccs1,-4.247534275054932
base,CO/N=C/CC(=O)c1cnc(-c2ccc(C)cc2)s1,-3.905860424041748
base,S=C(NCCCn1ccnc1)NCC1CC1,-4.652033805847168
base,O=C(c1cccs1)N1CCN(S(=O)(=O)c2ccccc2)C1,-2.6079795360565186
base,O=C(Nc1cccc(S(=O)(=O)N2CCOCC2)c1)c1sc2cc(F)ccc2c1Cl,-2.0901412963867188
base,COc1ccc(-n2nnnc2S[C@@H](C)C(N)=O)cc1,-0.3469240963459015
base,COc1ccc2nc(NS(=O)(=O)c3ccc(C)c(C)c3)sc2c1,-2.4184348583221436
base,O=C[C@@H]1CCCC[C@@H]1CN(Cc1ccc(F)cc1)C(=O)c1ccccc1[N+](=O)[O-],-2.21343731880188
base,Cc1cc(NC(=O)Cn2nnc3ccccc32)no1,-0.5562418699264526
base,Clc1cccc(N2CCN(c3ncccc3-c3nc4ccccc4s3)CC2)c1,-8.291563034057617
base,NS(=O)(=O)c1ccc2[nH]cc(C(=O)O)c(=O)c2c1,-0.430691659450531
base,O=C(CS(=O)(=O)c1ccccc1[N+](=O)[O-])Oc1ccc(Cl)cc1,-0.6550045013427734
base,C[C-]1C=C[C@]2(C=C1Cl)c1cc(=O)c3ccc(Cl)cc3[s+]12,-10.909294128417969
base,CC1=NC(=C=[N-])/C(=N\c2cccc(C)c2)O1.[H+],-3.116485595703125
base,CSc1ccccc1NC(=O)CN1CCN(Cc2ccc(F)cc2)CC1,-6.067923545837402
base,C[C-]1[NH+]2[CH-]C(O)C(O)C(O)C[O+]12.[H+].[O-][C]N[N+][C][C]1[CH][C]2OCO[C]2[CH][C]1Br,-0.5824752449989319
base,COCc1cc(=O)[nH]c(N2CCN(c3ccc(OC)cc3)CC2)n1,-1.368942141532898
base,O[C@H](C#CCN1CCCC1)c1ccccc1,-7.765684604644775
base,COCCCNc1nc(-c2cccs2)nc2ccccc12,-4.721712112426758
base,Fc1ccc(-c2nnc(-c3ccc4c(c3)OCO4)o2)cc1,-3.2177278995513916
base,COCCNC(=S)N/N=C1\C(=O)Nc2ccccc21,-1.1142964363098145
base,Cc1ccccc1S(=O)(=O)NCc1ccco1,-2.51721453666687
base,O=C(NCc1ccc(Cl)cc1)[C@H]1CCC(=O)N(CC2CCCCC2)C1,-4.555647850036621
base,[CH2-][N@@H+](CNCC)OCC#Cc1ccc(F)cc1,-7.316594123840332
base,F[C-](N[c+]1[cH-][cH+][cH-][cH+][c-]1Cl)N1CCCC(N[C+]([S-])N[c+]2[cH-][cH+][c-](F)[cH+][cH-]2)CC1,-6.767540454864502
base,CN(Cc1ccccc1)c1nc2c(c(=O)[nH]c(=O)n2C)n1CCCc1ccccc1,-1.3269459009170532
base,FC(F)Oc1ccc(-c2cs/c(=N\C3CC3)n2Cc2ccccc2)cc1,-8.95116901397705
base,O=c1[nH]c(CN2CCCCCC2)nc2ccc(Cl)cc12,-4.0756306648254395
base,O=[N+]([O-])c1ccccc1/C=N/N1CCN(c2cccc(C(F)(F)F)c2)CC1,-3.083500623703003
base,NNC(=O)Cn1cncc1-c1cccs1,-1.2558048963546753
base,N[C@H](Cc1cccc(O)c1)C(=O)O,-0.7923661470413208
base,CCOC(=O)[C@@](O)(CC(=O)Nc1ccccc1Cl)C(F)(F)F,-1.358089804649353
base,CCO[C+]([O-])C1C(CCC(C)CCCC(C)(C)O)C(C[c+]2[cH-][cH+][cH-][cH+][cH-]2)([C+]([O-])[C-](C)C)[C+]([O-])CC1(C)O,-1.0430248975753784
base,CCCC(=O)N1CCN(c2ccc(OC(F)F)c(Cl)c2)CC1,-6.703391075134277
base,CCOc1ccc(-n2c(SCc3cccc4ccccc34)nnc2-c2ccncc2)cc1,-6.378685474395752
base,O=C(O)/C=C(\N/C([O-])=C1/C(NC(=O)c2ccco2)=[S+]C2=C1CCCC2)C(=O)O,-0.38111117482185364
base,CCCCC[S+](CCCC(C)[O-])[N-][S+2]([O-])([O-])[c-]1[cH+][cH-][c+](OC)[cH-][cH+]1,-0.9361539483070374
base,Cc1cccc(CSC2=NN3C(=NNc4ccc(C)cc43)S2)c1,-6.607735633850098
base,CCOCCCNC(=O)CCCCCNC(=O)Cn1cnc2[s+]c(C)c(C)c-2c1[O-],-0.5325495600700378
base,O=c1ccc(-c2ccc(Cl)cc2)nn1C1CCCCC1,-6.822982311248779
base,O=C(COc1ccccc1)N1CCN(c2cccc3ccccc23)CC1,-6.707830905914307
base,CC(C)OP(=O)(Oc1ccccc1)Oc1ccccc1,-5.797555923461914
base,O=C(Nc1ccc(NC(=S)Nc2ccccc2)cc1)c1ccco1,-3.0862104892730713
base,C[N-]C(CCN[C+]([O-])C1CCN([S+2]([O-])([O-])[c+]2[cH-][cH+][cH-][c+]3[n-]s[n-][c+]23)CC1)C1CCCCC1,-0.638914167881012
base,COc1ccc(C(=O)N/N=C\c2ccc(OCc3ccc4ccccc4c3)cc2)cc1,-4.463766574859619
base,Oc1ccc2ccccc2c1CN1CCN(c2ccc(F)cc2)CC1,-8.088295936584473
base,Cn1c(=O)[nH]c2nc(SCC(=O)OC3CCCCC3)n(Cc3c(F)cccc3Cl)c2c1=O,-0.9213658571243286
base,FC(F)OC(F)(F)[C@@H](F)Cl,-11.330460548400879
base,N#Cc1cn([S@@+]([O-])c2cccc3c2CCCc2ccccc2-3)c2c1CCCC2,-5.139688014984131
base,Cc1cc(C(=O)N2CCC[C@H](CNS(=O)(=O)c3cccs3)C2)nn1C,-0.673011064529419
base,[O][C]([N][N][C]1[CH][CH][C](N([O-])[O-])[CH][CH]1)[C+]1[CH][CH][CH][C](S([O])([O])N2CCOCC2)[CH]1,-0.5669244527816772
base,O=S1(=O)[NH2+]/C=C/C=[C-]/OCCN2CCN(CC2)c2ccc1cn2,-0.8444267511367798
base,Nc1nc(Cc2ccc(NC(=S)NC(=O)[C@@H]3CC=CCC3)cc2)cn1N,-0.4153393805027008
base,FC(F)[C@@H]1CCCN(c2nc3nonc3nc2N2CCOCC2)C1,-0.8838787078857422
base,O=[N+]([O-])c1ccc2c(c1)[C@H](N1CCOCC1)/C(=C/COc1ccccc1)O2,-1.7700073719024658
base,CCOc1ccccc1NC(=O)CCS(=O)(=O)c1cccs1,-1.645246982574463
base,N[c-]1[n-][nH][cH+][c+]1[CH-][CH+][CH-][c+]1[cH-][cH+][c-](N([O-])[O-])[cH+][cH-]1,-0.43328148126602173
base,COc1ccc(NC2=C(C(C)=O)[C@@H](c3ccc4c(c3)OCO4)[C@H](C(C)=O)[C@](C)(O)C2)cc1,-1.3191477060317993
base,CCN(CC[C]([O])O)[S]1([O-])([O-])[C+]2[C](C)[C]3[CH][CH][CH][CH][C]3[CH]C21,-0.8591654896736145
base,N#CCOc1ccc2c(COC(=O)CNC(=O)c3ccccc3)cc(=O)oc2c1,-0.4170648157596588
base,O=c1[nH]c(=S)n2c3c(cccc13)CCC2,-5.34246301651001
base,CC(C)NC(=O)[C@H]1CCCN(c2ccc(-c3nc4ccccc4[nH]3)cn2)C1,-1.7805255651474
base,O=S(=O)(c1ccc(Cl)cc1)N1CCNCC1,-3.609419345855713
base,CCNS(C)(=O)=O,-4.2282867431640625
base,CCO[C@H](C(=O)Nc1ccccc1)c1ccccc1,-5.745429515838623
base,Brc1ccc(Oc2ccccc2CNC[C@H]2CCCO2)cc1,-7.877813339233398
base,CC(=O)c1ccc(OC(=O)CCC(=O)c2cccs2)cc1,-3.0461175441741943
base,O=C(COC(=O)c1ccccc1C(=O)c1ccccc1)Nc1ccc2ccccc2c1,-3.0741446018218994
base,OCC[C@H]1c2[nH]c3ccccc3c2CCN1c1ccccc1,-5.781157970428467
base,NNC(=O)c1ccco1,-1.7299673557281494
base,CCC(=O)N(CC(=O)NC1=[S+]C=C/C1=C(\N)[O-])c1ccc(S(=O)(=O)N(C)C)cc1,-0.37040114402770996
base,O=C1N[C@H](c2ccc(-c3cc(Cl)ccc3Cl)o2)Nc2cc(Br)ccc21,-5.869441509246826
base,COCCn1nnnc1[C@H](Cc1cccs1)N(Cc1cccc(OC)c1)C[C@@H]1CCCO1,-1.7469426393508911
base,Clc1ccc(NCc2ccccn2)c(Cl)c1,-8.518206596374512
base,CC(=O)N(CN1C(=O)c2ccc([N+](=O)[O-])cc2C1=O)c1cccc(C(=O)O)c1,-0.4282432198524475
base,O=c1[nH]c2ccccc2cc1C1=CCC[C@@](Cc2ccc(Cl)cc2)(NO)O1,-2.446188449859619
base,O=S(=O)(c1ccccc1)N(CCNC[C@@H](c1ccc2ncccc2c1)N1CCOCC1)Cc1cccnc1,-1.1562544107437134
base,Clc1ccc(NCc2ccc3c(c2)OCO3)cc1,-7.264002323150635
base,O=C(NC(=S)/N=[N+]1\[C-]2/C(=N/O)[C@H]21)c1ccccc1F,-1.028703212738037
base,CCC(C)(C)n1nnnc1[C@@H](c1cc2ccc(C)c(C)c2[nH]c1=O)N1CCCCCC1,-2.1738905906677246
base,CO[C]1[CH][C](N[C+]([O])C[S+][C]2[N][C](NS([O])([O])[C]3[CH][CH][CH][CH][CH]3)[CH][C]([O-])N2)[C](C)[CH][C]1N([O-])[O-],-0.5520685911178589
base,CCOc1ccc(OCc2n[nH]c(=S)n2Cc2ccco2)cc1,-2.6065847873687744
base,O=C(c1cccs1)N1CCN=C1SCc1cccnc1,-4.4567694664001465
base,Cl[c-]1[cH+][cH-][c+](O[c-]2[cH+][n-][c+]3[cH-][cH+][cH-][cH+][c+]3[n-]2)[cH-][cH+]1.[H+],-6.223435878753662
base,S=C1NCN(Cc2ccco2)CN1c1ccccc1,-6.362751483917236
base,C=C(C)COc1ccc2oc(C(=O)NCCCN3CCCC3=O)c(C)c2c1,-2.038257598876953
base,O=C(NCc1ccccc1)Nc1cccc(OC(=O)C[C@@H]2C[C@H]3CC[C@@H]2C3)c1,-3.3423519134521484
base,COc1cccc(OC(=O)c2ccc(N)c(Oc3ccccc3OC)c2)c1,-2.0944159030914307
base,N/C(=N\OC(=O)c1ccccc1)c1ccc2c3c(c(=O)oc2c1)CCCCC3,-1.104759931564331
base,CCN[C]([O])[C]1[C](N[C]([O])[C]2[CH][CH][CH][C](N([O-])[O-])[CH]2)S[C+]2CCCC[C]12,-0.9413914084434509
base,FC(F)(F)c1nnc(Nc2ccncn2)s1,-2.2307469844818115
base,F[C+]1[CH-][CH+][CH-][C-](CN2CC[OH+]CCCC(C(F)(F)F)C2)[CH-]1,-9.72655200958252
base,Cc1ccc(NC(=O)CSc2nc(N)c3cn[nH]c3n2)cc1S(N)(=O)=O,-0.2751031219959259
base,CCCCN1CCN(CCC(=O)Nc2ccc(N3CCOCC3)cc2)CC1,-3.8796370029449463
base,CC/[O+]=[C-]/C=[C-]/C(=C/C1=N/C(=C2\C=CC=[S+]2)OC1=O)c1[c-]cco1.[H+],-2.280790328979492
base,[CH2+][C-]([O-])N[C+]1[CH-][CH+][CH-][CH+][C+]1[C+]([O-])N1CC2[C+]([O-])N(C(C)C)[C-]([O-])C2(C[c+]2[cH-][cH+][cH-][cH+][cH-]2)C1,-0.36735230684280396
base,CN(C)S(=O)(=O)Nc1ccc([N+](=O)[O-])cc1,-0.45954006910324097
base,S=C(c1cn(Cc2cccs2)c2ccccc12)N1CCOCC1,-9.706502914428711
base,Clc1ccc(N2CCN(c3cccc4ccccc34)CC2)cc1,-13.024149894714355
base,[O-]N([O-])[c+]1[c+]2[cH-][cH+][c-]3[c+]4[cH-][cH+][cH-][cH+][c+]4[n-][c-]([c+]4[n-]n(C[c+]5[cH-][cH+][cH-][cH+][cH-]5)[cH+][c-]14)n23,-1.7968634366989136
base,[CH2+][C@@H]1CCCCN1[C@H]([CH2-])CCc1noc2c(F)cc(F)cc12,-7.680314064025879
base,COc1ccccc1[C@@H](CCN1C(=O)C=CC1=O)c1ccco1,-2.6403207778930664
base,CC(C)Oc1ccccc1OCCCCN(C)C,-8.534571647644043
base,O=S(=O)(c1cccs1)N1CCC[C@@H]1n1ccnc1,-2.9516327381134033
base,CCOC(=O)N1CCC(Nc2c(N3CCN(c4cc(Cl)ccc4C)CC3)c(=O)c2=O)CC1,-1.058463215827942
base,CCCCCc1cc(=O)oc2cc(C)cc(OCC(=O)NCc3ccccn3)c12,-1.717099905014038
base,Cc1ccc(S(=O)(=O)NCCC(=O)Nc2nc(-c3ccc(F)cc3)cs2)cc1,-1.26016104221344
base,COc1ccc(NCCC(=O)O)c(OC)c1,-1.659629225730896
base,O=S(=O)(c1ccccc1)c1nc(-c2ccccc2C(F)(F)F)oc1NCCCN1CCOCC1,-1.8982383012771606
base,Cc1cc2nc(CCC(=O)O)[nH]c2cc1C,-2.064288377761841
base,CC(C)CC[CH-][CH+][N-2].CN(C)[c+]1[cH+][c-](S[c+]2[cH-][cH+][cH-][cH+][n-]2)[n-][cH+][n-]1,-2.858417510986328
base,CC(C)c1nnc(SCC(=O)N2CCOCC2)n1C,-2.3598785400390625
base,COCCCn1c(SCC(=O)Nc2sc(C)c(C)c2C#N)nc2c(c1=O)SCC2,-0.9290717840194702
base,CC(C)C(=O)NC(=O)COC(=O)CCCSc1nc2ccccc2s1,-1.027868390083313
base,CCS(=O)(=O)c1nc2c(c(=O)n(C)c(=O)n2C)n1C,-0.41065484285354614
base,CCn1c(N2CCN(C(=O)c3cccs3)CC2)nc2ccccc21,-5.068195343017578
base,Cn1c(=O)n(Cc2ccccc2)c(=O)c2c1nc1n2CCN1Cc1ccco1,-0.8683550953865051
base,O=C(c1cccc(C(F)(F)F)c1)N(c1ccccn1)C1CCCCC1,-7.949285507202148
base,CC1(CC(=O)NNC(=O)Nc2ccc([N+](=O)[O-])cc2)OCCCO1,-0.37327152490615845
base,COc1ccccc1OC(=O)Nc1ccc(Cl)cc1,-4.7906951904296875
base,O=C(NC[C@@H]1CCCO1)c1cc2ccccc2[nH]1,-3.1022443771362305
base,Fc1ccc(Sc2nnc(Cl)c3ccccc23)cc1,-8.80127239227295
base,Cc1cc(NC(=O)CSc2ccc(C(=O)NN)cc2)no1,-0.30916595458984375
base,O=C(O)CCNC(=O)CCNS(=O)(=O)c1cc(Br)cnc1Cl,-0.42204025387763977
base,N#Cc1cccc(NN)c1,-2.3179895877838135
base,NNC(=O)c1cc(=O)[nH]c2ccccc12,-0.5439871549606323
base,CCOc1ccc(C[C@@H](C)N(C)CC(=O)C(=O)Nc2ccc(F)c(F)c2F)cc1OC,-2.3496429920196533
base,COc1ccc(C(=S)N2CCOCC2)cc1OS(=O)(=O)c1ccccc1,-2.06569242477417
base,S=C(Nc1ccccc1)N1CCc2ccccc2[C@@H]1Nc1cccc2ccccc12,-10.297844886779785
base,O=S(=O)(c1ccccc1)c1nc(-c2ccco2)oc1Nc1ccc(F)cc1,-2.1870594024658203
base,Cc1cc2[nH]c(=O)c(=O)[nH]c2cc1S(=O)(=O)N(C)Cc1ccco1,-0.33958011865615845
base,O=c1c2ccccc2nc(-c2ccccc2Cl)n1CCCBr,-7.099186897277832
base,CC(C)CNC(=O)CCCc1nc2ccccc2[nH]1,-2.8890414237976074
base,O[C@H](COc1ccc(F)cc1)CN1CCN(c2ccccc2)CC1,-5.6167378425598145
base,Cn1nc(C(=O)OCc2ccccc2F)c2ccccc2c1=O,-2.418076753616333
base,O=[N+]([O-])c1cc(-c2ncn[nH]2)ccc1SCc1c(F)cccc1Cl,-2.1156556606292725
base,NS([O])([O])[C]1[CH][CH][C](N[C]([O])C([C]2[CH][CH][C](N([O-])[O-])[CH][CH]2)[C+]2[CH][CH][CH][CH][CH]2)[CH][CH]1,-0.7561017870903015
base,NC(=O)[C@H](Cc1ccccc1)NC(=O)OCc1ccccc1,-0.8629803657531738
base,Cc1c(C(=O)Oc2ccccc2)nnn1-c1nonc1N,-0.3083046078681946
base,Cc1cc(C)cc(O[C@H](C)C(=O)Nc2ccc(N3CCC[C@@H](C)C3)cc2)c1,-6.447598457336426
base,S=c1[nH]nc(Cc2ccccc2)n1-c1ccc(OCc2ccc(Cl)cc2Cl)cc1,-8.050835609436035
base,CC(=O)c1ccc(NC(=O)CSCC(=O)Nc2nc(C)cs2)cc1,-0.9411901831626892
base,COc1cc(NC[C@@H](O)CN2C(=O)[C@H]3Cc4ccccc4CN3C2=O)cc(OC)c1,-0.4297741949558258
base,Nc1ccc(S(=O)(=O)Nc2ccccc2Nc2ccccc2)c(Cl)c1,-2.0867230892181396
base,CC(C)Cn1nc(C(=O)Nc2nc(-c3ccccn3)cs2)c2ccccc2c1=O,-1.3514376878738403
base,CN([C]1[N][C](N)[C](N([O-])[O-])[C+](N[C]2[CH][CH][CH][CH][C]2F)[N]1)C1CCS([O])([O])C1,-0.5062618851661682
base,CCOC(=O)N1CC=C(/C=C/C(C)=C(C#N)C#N)CC1,-1.5052149295806885
base,Cc1cc(C)c(C(=O)O)c(Oc2ccccc2)c1C,-5.101051330566406
base,O=C(NCCN1CCCCC1)Nc1ccc(F)c(F)c1F,-4.617758750915527
base,O=S(=O)(c1ccccc1Cl)c1ncc(-c2ccncc2)n1Cc1ccccc1,-3.3007259368896484
base,C[C-]1[CH+]N(CNC2CCCCC2)[CH-][CH+][CH-]1,-9.767266273498535
base,Clc1ccc(COc2ccccn2)cc1,-8.581637382507324
base,C[C@H](OC(=O)c1cc(C(=O)c2ccccc2)c[nH]1)C(=O)NC(N)=O,-0.3293253779411316
base,O=C(CCCC[C@H]1CCCN(Cc2ccc(Cl)cc2)C1)NCCc1c[nH]c2ccccc12,-6.701412677764893
base,CCOCCOC(=O)c1ccc(-n2cncn2)nc1,-0.9084012508392334
base,CCO[c-]1[cH+][cH-][c+](N2[C-]([O-])[C+](C)OC2(C)C)[cH-][cH+]1,-4.295423984527588
base,COc1cccc([C@H](NS(=O)(=O)Cc2ccccc2)c2ccncc2)c1OC,-1.5091030597686768
base,O=[N+]([O-])c1ccc(NC2CCCC2)cc1,-3.4082443714141846
base,O=S(=O)(NC1CCN(Cc2ccccc2)CC1)c1c(F)ccc(Cl)c1F,-4.313423156738281
base,O=[N+]([O-])c1ccco1,-2.9007437229156494
base,NNC(=O)CSCc1ccc(Cl)cc1Cl,-3.135420083999634
base,CN(CCOCCOCCOc1ccc(F)cc1)Cc1ccccc1,-6.917255401611328
base,Cc1ncc(C(=O)c2ccc(F)c(C)c2)s1,-7.079659938812256
base,CO[c-]1[cH+][cH-][cH+][cH-][c+]1O[CH-]O[c+]1[c-](C)[cH+][cH-][cH+][c-]1C(N[C+]([O-])CCC1CCCC1)[c+]1[cH-][cH+][cH-][cH+][cH-]1,-5.2131805419921875
base,CN(C)S(=O)(=O)Oc1ccc(N2C(=O)c3n[nH]c(-c4ccco4)c3[C@@H]2c2ccccc2)cc1,-1.0910816192626953
base,CCN(CCNCc1ccccn1)Cc1cccc2ccccc12,-7.71236515045166
base,OCC1CCN(CC[C@H](c2ccc(F)cc2)c2ccc(C(F)(F)F)cc2)CC1,-9.724577903747559
base,O=C(NC[C@@H]1CCCO1)c1ccc2ccccc2c1,-5.426974296569824
base,O=C(c1cc2cc(Cl)cc(Cl)c2oc1=O)N1CCN(C2CCCCC2)CC1,-4.273690700531006
base,O=C1N[C@@](c2ccccc2)(C(F)(F)F)C(=O)N1c1ccccc1Cc1ccccc1,-5.285161972045898
base,CC(C)(CO)Sc1nc2ccccc2o1,-4.2823710441589355
base,COc1ccc2cc3ccccc3nc2c1,-8.552746772766113
base,FCCCOc1cccc2ccccc12,-11.43791675567627
base,COc1cc(C(=O)NNS(=O)(=O)c2ccc(F)cc2)cc(OC)c1OC,-0.32799333333969116
base,COCCC(=O)OCCN(Cc1ccccc1)C(=O)c1ccco1,-1.7458245754241943
base,Cc1ccc(S(=O)(=O)N(C)c2ccc3[nH]ccc3c2)c(C)c1,-3.9129526615142822
base,CCOc1ccc2cc(C(=O)S(=O)(=O)c3ccc(C)cc3)nc(-c3ccccc3)c2c1,-3.3585050106048584
base,CC(=O)C1=C(O)C(=O)N(c2cccnc2Cl)[C@@H]1c1ccc(Cl)cc1,-2.442077159881592
base,Cc1nn(-c2ccccc2)c(N)c1[C@@]1(O)C(=O)Nc2ccccc21,-0.439145565032959
base,COc1ccc(-c2ccc(=O)n(Cc3ccccc3Cl)n2)cc1OC,-3.824645757675171
base,O=C(CSc1ccc(Cl)cc1[N+](=O)[O-])N1CCCc2ccccc21,-3.3418664932250977
base,O=C(O)c1[nH]nnc1C1(O)CCCCC1,-0.5484598875045776
base,O=C(CS(=O)(=O)c1cn(Cc2ccccc2Cl)c2ccccc12)N1CCCC1,-3.233891487121582
base,N#Cc1cc([N+](=O)[O-])ccc1NCC(=O)c1ccccc1,-0.7239665985107422
base,COc1ccc(/C(C)=N\NC(N)=S)cc1,-2.405471086502075
base,[O][C](N[N][CH][C]1[CH][CH][C](N([O-])[O-])S1)[C+]1[CH][CH][CH][N][CH]1,-0.5471602082252502
base,O=[N+]([O-])/[C-]=C1/C=C(C/[O+]=c2/cc(Br)cc[n-]2)[O+]=[NH+]1.[H+].[H]/[C-]=C1\[CH-]CCCC1,-0.5269520282745361
base,COc1cc(/C=N/NC(=O)c2cc3ccccc3cc2O)c(OC)c(OC)c1,-1.0543521642684937
base,CSc1sc(-c2cc(C)[nH]c2C)nc1C,-7.676605224609375
base,Cn1cc(C(=O)NC(=S)Nc2ccccc2C(F)(F)F)c(C(F)(F)F)n1,-3.2966794967651367
base,C=[P@]([O-])(O)c1ccccc1.[O+]#P(c1ccccc1)c1ccc(F)cc1,-2.300535202026367
base,O=S(=O)(N[C@H]1CCCC[C@H]1Nc1ccccc1)c1ccccc1,-3.1896066665649414
base,O=C1CCc2cc(-c3noc(C(F)(F)F)c3-c3cccc4ccccc34)c(=O)[nH]c21,-2.9853267669677734
base,CCOc1ccc(N[C@H](c2cc3cc(OC)c(OC)cc3[nH]c2=O)P(=O)(OC)OC)cc1,-1.8161343336105347
base,O=S(=O)(/C=C/c1ccccc1)NCCN1CCOCC1,-2.4233522415161133
base,COc1ccc(-c2nonc2NC(=O)c2c(-c3ccccc3)noc2C)cc1O,-1.1058789491653442
base,O=c1c2ccccc2nc(SCc2ccccc2)n1C[C@H]1CCCO1,-5.169212818145752
base,COc1ccc(C(=O)c2cc(OC)c(OC)c(OC)c2)cc1,-3.4132258892059326
base,[H+].[H+].[O-][C+](O)[c-]1[cH+][cH-][cH+][cH-][c+]1N[c+]1[c+]2[nH][c-]3s[cH-][cH+]n3o[c+]([O-])[c-]2[cH+][nH][c-]1[O-],-0.29612818360328674
base,Cc1c(C)c2cc(Cl)c(O[C@@H](C)C(=O)N(C)C)cc2oc1=O,-2.810250997543335
base,COCCn1c(=O)n(-c2ccccc2)c(=O)c2cc(C(=O)c3cc(OC)ccc3O)cnc21,-0.3827272355556488
base,O=c1[nH]c2ccccc2nc1OC[C@H](O)COCCOC[C@@H]1COCCO1,-0.32274603843688965
base,CCCn1nnc(NC(=O)COc2ccccc2)n1,-0.7081460356712341
base,Brc1ccc(CNc2cccnc2)cc1,-8.142913818359375
base,CO[c-]1[cH+][cH-][c+](C)[cH-][c+]1NCCCC1CCCN([C-]([O-])CC[C][CH+][C+]2[CH+][CH-][CH+]S2)C1,-5.459039211273193
base,NS(=O)(=O)c1cccc(NC(=O)[C@H]2CC(=O)N(Cc3ccccc3)C2)c1,-0.28133222460746765
base,COc1ccc(Cl)cc1-c1nc(SCC(N)=O)c2c(=O)n(C)c(=O)n(C)c2n1,-0.2574048638343811
base,S=CNNc1nc(-c2ccccc2)cc(-c2cccs2)n1,-4.343896865844727
base,S=C(NCCN1CCCCC1)Nc1cccc(Cl)c1,-7.540358066558838
base,Oc1ccccc1C[C@H](O)c1c(O)ccc2ccccc12,-3.0585832595825195
base,C[C@@H](Sc1ccc2nnc(-c3cccnc3)n2n1)C(=O)NCc1ccco1,-0.5853723883628845
base,CCc1ccc2[nH]c(=O)c(/C=N/O)cc2c1,-2.0180513858795166
base,NNC(=O)c1oc2ccccc2c1-c1ccccc1,-1.8823858499526978
base,Cc1ccc(C)c(S(=O)(=O)N2CCCO[C@@H]2CNC(=O)C(=O)NC[C@H]2CCCO2)c1,-0.4015890657901764
base,O[C@]12C[C@@H]3C[C@H](C1)[C@H](N1CCOCC1)[C@@H](C3)C2,-6.152826309204102
base,C=CCn1c(SCC(=O)Nc2nc(C)cs2)nc2c1c(=O)n(C)c(=O)n2C,-0.2718934118747711
base,CONS(=O)(=O)c1ccc(OCC(=O)NCCc2ccc(OC)cc2)c(C)c1,-0.3031490445137024
base,NN/C=C\C(=O)/C=C\c1ccccc1,-2.9114558696746826
base,CCCCNC(=S)Nc1ccc(F)cc1,-8.116532325744629
base,O=C(NNC(=O)c1cccs1)NC1CCCCC1,-1.6350064277648926
base,COc1ccccc1OC1CCN(C(=O)c2ccc(C(C)C)cc2)CC1,-6.473374366760254
base,O=[N+]([O-])C(C=C(Cl)Cl)=C1NCCN1,-1.9283208847045898
base,CCO[C-]1[C][C+]2C3([C+]([C+]4[CH+][CH+][CH-][CH+][C-]4OC)[C+]1[O-])[O+]1[C-]([C][C][N-2])[N+]213.[H+],-1.933988332748413
base,C[c-]1[cH+][cH-][cH+][c-](C[C-]2[N-][N-][C+](CC[C+]([O-])N(C)[CH+]CCO[c+]3[cH-][cH+][cH-][cH+][cH-]3)O2)[cH+]1,-2.623894691467285
base,COC(=O)[C@](O)(c1ccc(NS(=O)(=O)c2ccc(NC(C)=O)cc2)cc1)C(F)(F)F,-0.5318049192428589
base,COc1ccccc1-c1nc2ccccc2c(=O)[nH]1,-3.095470666885376
base,CCCCn1cncc1-c1ccc(Br)cc1,-10.011824607849121
base,CC(=O)Nc1ccc(S(=O)(=O)Nc2ccc(NC(=O)c3cccs3)cn2)cc1,-0.8272743225097656
base,CN(CCc1nc2ccccc2s1)CC(=O)NCCCCC(=O)N1C[C@@H]2C[C@H](C1)c1cccc(=O)n1C2,-0.8652622103691101
base,Fc1ccc(COc2ccccc2CNCc2ccncc2)cc1,-6.8782172203063965
base,CCSCC,-13.245742797851562
base,COP(=S)(OC)Oc1ccc(Sc2ccc(S(=O)(=O)Nc3ccc(C)cc3Br)cc2)cc1,-5.046113014221191
base,Cc1cc(C)n(-c2nc(C)nc(Nc3cccc(C(F)(F)F)c3)n2)n1,-2.48608660697937
base,O=C(CCc1ccccc1)NNC(=O)c1cccc(OCC(=O)Nc2ccccc2)c1,-0.8087342381477356
base,Nc1nc(SCC(=O)Nc2cccnc2Cl)n[nH]1,-0.31490927934646606
base,NP(=O)(Oc1ccc(Cl)cc1)Oc1ccc(Cl)cc1,-3.7211596965789795
base,CCOC(=O)CCCN1C(=O)[C@@H]2[C@@H]([C@@H]3[CH+]C(=O)N(CCc4cnc[nH]4)C3=O)C=C[CH-][C@@H]2C1=O,-0.46265000104904175
base,COCc1ccc(CCNC(=O)CCCOc2ccccc2)cc1,-4.382925510406494
base,O=C(O)[C@H]1Cc2ccccc2CN1C(=O)c1cccs1,-2.793671131134033
base,O=C(CCN1CCN(C(=S)Nc2ccccc2)CC1)c1ccc(Br)cc1,-6.637792587280273
base,O=C(COc1ccc(Cl)cc1Cl)NC(=S)Nc1ccccn1,-2.6215555667877197
base,S=C(NCCCN1CCOCC1)NCc1cccnc1,-3.524770498275757
base,CO[c-]1[cH+][c-](OC)[cH+][c-](C2N[C-]([O-])N[C+](C)[C+]2[C-]([O-])OC[C+]2CC[c+]3[cH-][cH+][cH-][cH+][c-]3C2)[cH+]1,-0.29694926738739014
base,OCCN1CN=C(Nc2nc(-c3ccco3)cc(C(F)(F)F)n2)NC1,-0.36415714025497437
base,C[CH-][C][C+]([O-])[C][C+](O[C-]1CCCC[C+]1[C][O-])[C+]1[CH+][CH-][CH+][CH+][N-]1,-1.7518421411514282
base,CC[S@+]([O-])CC/[S+]=c1\nc2sc(C)c(C)c2c([O-])n1C,-2.03852915763855
base,CCCOc1nc2cccnc2n1Cc1cccc([N+](=O)[O-])c1,-1.2055745124816895
base,CC[C@@H](C)[C@@H]1N=C(c2ccc(Cl)cc2)OC(C)=C1C(=O)Nc1ccc(C)cc1,-6.140040397644043
base,O[C@H](Cc1ccccc1)c1ccc2ccccc2n1,-6.670032978057861
base,CCOC(=O)COc1ccccc1C(N)=O,-0.9139217734336853
base,Cc1ccc(/C=C/C(=O)NC(=S)Nc2cccc(C(=O)O)c2C)o1,-0.9705182313919067
base,Cc1sc2nc(SCC(=O)NC3CCCCC3)[nH]c(=O)c2c1C,-1.691942572593689
base,CCOc1ccc(NC(=O)C(=O)N(C)c2ccc(Cl)cc2)cc1S(=O)(=O)NCc1ccncc1,-0.8364763259887695
base,COc1ccc2c(C(=O)N[C@H](C)c3ccccc3)c[nH]c2c1,-3.7790307998657227
base,O=S(=O)(NNC(=S)c1ccco1)c1ccc(F)cc1,-1.4055423736572266
base,NC(=S)N/N=C/c1cnn(-c2ccccc2)c1N1CCOCC1,-0.7770110964775085
base,Brc1ccc(CNc2nc3ccc(Oc4ccccc4)cc3s2)cc1,-9.42977237701416
base,Cc1cc([N+](=O)[O-])nn1Cc1ccc(C(=O)NNC(=O)c2c(F)cccc2Cl)o1,-0.647743821144104
base,CCOP(=O)(OCC)[C@H](Nc1ccccc1)c1ccccc1C(F)(F)F,-6.958603858947754
base,CC(=O)c1cccc(NC2=CC(=O)C(=O)c3ccccc32)c1,-2.527693748474121
base,CC(C)C(=O)Cc1cc(=O)[nH]c(=O)[nH]1,-0.8657266497612
base,COc1ccccc1OCCCCN1CCCCC1,-8.629255294799805
base,N[C@@H](CO)[C@@H](O)c1ccccc1,-1.8372716903686523
base,[CH2-]C(C)(C)NC([C-]([O-])NC1C[C+]2[CH+][CH-][CH+][CH-][C+]2C1)C(C)C,-4.148309230804443
base,[O-][C+](CC[CH-]C1CCCC1)N[C-]1[N-][N-][C+]([C+]2[CH+]OCCO2)O1,-0.7457866668701172
base,O=C(CSc1cccc2ccccc12)NCCOc1ccccc1,-6.216611385345459
base,CN(CCc1ccco1)Cc1nc2cc3ccccc3cc2[nH]1,-5.120358467102051
base,C=[O+]CCOCP(=O)(c1ccccc1)c1ccccc1.[O-]P(c1ccccc1)c1ccccc1,-3.1563358306884766
base,Cc1ccc(CN(C(=O)c2ccco2)c2cccc(-c3ccc(F)cc3)c2)o1,-6.761099815368652
base,Cn1cc(S(=O)(=O)N2CCN(c3cccc(Cl)c3)CC2)cn1,-2.4944069385528564
base,O=C(COc1cccc([N+](=O)[O-])c1)NN1c2ccccc2C=Cc2ccccc21,-1.939192295074463
base,CCOc1ncccc1C(=O)N1CCCS/C1=N/c1ccc(C)cc1,-3.997058629989624
base,COc1ccc(S(=O)(=O)NCCSCc2ccco2)c(OC)c1,-1.1557796001434326
base,CN(CC(=O)Nc1cc(Cl)ccc1[N+](=O)[O-])NC(=O)CC#N,-0.3601873517036438
base,COc1ccc(S(=O)(=O)NCC[C@@H](C)NC(=O)[C@@H](C)NC(=O)C(F)(F)F)c(OC)c1,-0.3321000933647156
base,CNc1nc(CC(=O)N2CCCC2)cs1,-4.186089515686035
base,O=C(CSc1cccc(Cl)c1)Nc1ccc(F)c(N2C=CCC2)c1,-7.893115520477295
base,CC[C@@H](C(=O)NCCCN1CCN(c2ccccc2F)CC1)n1nc(C)c2[s+]c3c(C)cccc3c-2c1[O-],-2.512669086456299
base,O=C(Nc1ccc(S(=O)(=O)Nc2cc(S(=O)(=O)Nc3cccc(F)c3)ccc2N2CCCC2)cc1)c1cccs1,-2.6095943450927734
base,Oc1ccccc1/C=N/n1c(-c2cccs2)n[nH]c1=S,-2.37941575050354
base,O=C1[C@@H](COC[C@H](O[C@H]2O[C@H](CO)[C@@H](O)[C@H](O)[C@@H]2O)[C-]2C[C@H]2CO)CCC[C@H]1Cc1ccc(O)cc1.[H+],-0.439119428396225
base,CCC(=O)N(C)CCc1cc2cc3c(cc2[nH]c1=O)OCO3,-1.4047755002975464
base,COc1cc(CN2CCC(NC(=O)c3ccco3)CC2)cc(OC)c1OC,-1.5043913125991821
base,O=C(CCS(=O)(=O)c1ccc2ccccc2c1Br)NCc1ccco1,-1.840480923652649
base,CNCCNCCOCCNc1nc(N2CCCCC2)nc(N([O-])N=C=[NH+]C(=O)C2CC2)n1,-0.4180128872394562
base,Fc1ccccc1-c1n[nH]c(=S)n1-c1cccc(OC(F)F)c1,-5.79388427734375
base,Cc1cc(C)c(/N=N\c2ccc(N(C)C)cc2)c(C)c1,-8.880273818969727
base,O=C(C[C@@H]1COc2ccccc2O1)Nc1ccn(-c2ccccc2)n1,-2.2567999362945557
base,S=c1[nH]nc(-c2cc(-c3ccccc3)n[nH]2)n1/N=C/c1ccccc1Cl,-2.6724092960357666
base,[CH2+]C1[CH-][CH+][C-]([c+]2[cH-][cH+][cH-][cH+][cH-]2)C2(N3CCC(CO)(C[c-]4[cH+][cH-][cH+][cH-][cH+]4)CC3)O[O+]2C1.[H+],-6.190624237060547
base,Cn1c(CCNC(=O)C2CCCCC2)nc2cc([N+](=O)[O-])ccc21,-0.7972252368927002
base,COc1ccc(N2C(=O)CC(CC(=O)N3CCCCC3)CC2=O)cc1,-1.9603519439697266
base,COc1ccc([C@H]([C@@H](NC(=O)Cc2ccc3ccccc3c2)C(=O)O)N(C)C)cc1,-1.410179853439331
base,COc1ccc(C(=O)c2ccccc2)c(O)c1,-4.201567649841309
base,COc1ccc(N2C(=O)C[C@@H](C(=O)c3cccs3)[C@H]2c2ccc(C(C)=O)cc2)cc1,-3.828183650970459
base,C/C=[O+]/C(=O)[c-]1ccc[s+]1.C[C-](C)C.[CH2-]C.[O+]#P,-5.544834613800049
base,COCCn1c(SCc2csc(-c3ccccc3)n2)nnc1-c1cccc(Cl)c1,-5.738876819610596
base,COC(=O)c1cc(CSc2nnc(NC3CCCCCC3)s2)oc1C,-2.654930353164673
base,Fc1cccc(COc2ccccc2CNc2ccccc2)c1,-10.061257362365723
base,[CH2+]CCCCC[N-]S(=O)(=O)c1cc(C(C)(C)C)ccc1OC,-4.096878528594971
base,CN(C)CCOC(=O)C1=CN=C2SCCC(=O)N2[C@@H]1c1ccc2c(c1)OCO2,-0.858432948589325
base,COc1cccc(C(=S)N2CCc3ccccc3C2)c1OC,-8.664717674255371
base,Cc1c(C)n(CCC(=O)O)c2ccc(Cl)cc12,-5.254870891571045
base,[O][C]([C+]1[CH][CH][CH]O1)N1[N][C]([C]2[CH][CH][CH][N][CH]2)[N][C]1NC[C]1[CH][CH][C](N([O-])[O-])S1,-0.5511511564254761
base,O=S(=O)(c1ccc(F)cc1)N1CCC([S@@+]([O-])NCc2ccccc2)CC1,-1.508888840675354
base,COc1cc(-n2cncn2)c(OC)cc1NC(=O)c1ccc(C(=O)Nc2nccs2)cc1,-0.842449963092804
base,CN(C)S(=O)(=O)N[C@H](Cc1ccccc1)C(=O)NCC1CCCCC1,-0.9833956956863403
base,O/N=C(\C[C@@H](F)c1ccccc1)c1cccs1,-7.155028820037842
base,OCCCNCc1ccc(Nc2ccccc2)cc1,-4.6636643409729
base,C/C(=N\NC(=O)NC1CCCCC1)c1ccccc1OCc1ccccc1,-3.6556568145751953
base,CCCCC[C@@H](CC(=O)N1CCCC1)C(=O)Nc1ccccc1,-4.522536277770996
base,CCOC(=O)O/N=C1/C[C@@H](c2cccs2)Oc2ccc3ccccc3c21,-4.853701114654541
base,[H]/N=c1/cc(CCc2ccccc2)c2c(=O)n3ccccc3nc2o1,-1.665743112564087
base,CC1(C)Cc2c(C#N)c(N3CCCC3)nc(-c3ccco3)c2CS1,-4.488918781280518
base,NS(=O)(=O)c1cc(C(=O)NCCCN2CCOCC2)ccc1Cl,-0.3465735912322998
base,CC(=O)c1ccccc1C(=O)NCCCN1CCCCC1,-3.80727219581604
base,O=[N+]([O-])c1ccc2oc3cc(Br)ccc3c2c1CCN1CCOCC1,-2.7215144634246826
base,O=C(NC[C@H](c1cccs1)N1CCOCC1)c1cc(-c2cccnc2)nc2cc(Cl)ccc12,-3.3400886058807373
base,O=[N+]([O-])c1cccc(Cl)c1NCCNS(=O)(=O)c1ccc(Cl)cc1,-0.9859833717346191
base,CCOCn1nnc2ccccc2c1=O,-2.638812780380249
base,O=S(=O)(c1cccc2ccccc12)N1CCCCCC1,-5.918946743011475
base,ClC1=CC2=N[C@H]3[CH+]CCC[C@H]4NCCC(=C34)[C-]2C=C1,-8.260214805603027
base,CCCc1cc(=O)[nH]c(SCC(=O)c2ccc3ccccc3c2)n1,-3.004816770553589
base,CCc1ccc(O)c(NC(=O)CN(C)S(=O)(=O)c2ccc3c(c2)n(C)c(=O)c(=O)n3C)c1,-0.24406835436820984
base,O=S1(=O)[C@H]2C[C@@H]3C=C[C@@]2(CN1Cc1ccccc1)O3,-3.9041852951049805
base,C[C@H](O)CC(=O)NCCc1ccc(O)c([N+](=O)[O-])c1,-0.40754345059394836
base,Cc1nn(-c2ccc(F)cc2)c(C)c1/C=N/NC(=O)c1cc(-c2ccccc2)nc2ccccc12,-3.875863790512085
base,COc1cccc(OCCOCCNCCO)c1,-2.3184399604797363
base,CCCCn1ccc(O)c(Cc2ccccc2)c1=O,-4.972543716430664
base,COc1cc2ncnc(NCc3ccccc3)c2cc1OC,-3.2552006244659424
base,CC(=O)N1CCN(/C(C)=C/C(=O)Cc2ccccc2)CC1,-4.817748546600342
base,CCC[C@@H](CC)N[C@@H](C)[C@@H](O)c1ccccc1,-6.757209777832031
base,COc1ccc(/C=C2\SC(=S)NC2=O)c(OC)c1C,-4.0542826652526855
base,CCOC(=O)Nc1ccc2c(c1)N(C(=S)NC(=O)COC)c1ccccc1CC2,-1.5709590911865234
base,Cc1cccc(/C=N\Nc2ccc([N+](=O)[O-])cc2N)c1,-0.8611432313919067
base,NC[C@H](O)c1ccc(O)cc1,-1.9064123630523682
base,Cc1ccccc1-n1c(-c2ccc(C(C)C)cc2)c[nH]c1=S,-10.842796325683594
base,Nc1c(C(=O)OC[C@H]2CCCO2)c2nc3ccccc3nc2n1-c1ccccc1,-1.0933057069778442
base,CCOC(=O)c1c(C)nc2[s+]c3c([O-])[nH]cnc-3c2c1-c1ccc(OC)cc1,-1.1102739572525024
base,COCCN(NC(=O)c1ccccc1Cl)c1cc(=O)n(C)c(=O)[nH]1,-0.3255246877670288
base,CCCCCn1c(=O)[nH]c2cc(C(=O)NCc3ccco3)ccc2c1=O,-0.5352382063865662
base,O=[N+]([O-])c1cc(C(F)(F)F)ccc1SC[C@H](O)c1ccccc1,-3.4797041416168213
base,O=C(CCCc1cccn1Cc1ccccc1)N1CCN(c2ccc3ccccc3n2)CC1,-6.275959491729736
base,CN(C)C[C@H]1CCCC[C@@H]1OC(=O)c1cccs1,-7.02995491027832
base,CN(CCC#N)S(=O)(=O)c1cc2c3c(c1)CCN3C(=O)CC2,-0.8412957787513733
base,COC(=O)C/[S+]=C1\C(c2cccs2)=Nc2ccccc2\C1=C(/[O-])OC,-1.4328407049179077
base,O=C(CSc1ncccn1)NC1CCCCCC1,-3.118586540222168
base,NS(=O)(=O)c1ccc(SCCC(=O)Cc2ccc(Cl)cc2)nc1,-0.7792514562606812
base,CN1CCN(CCCCOc2ccc(Br)cc2)CC1,-9.652320861816406
base,COc1cnc(-c2ccc(F)cc2)nc1Oc1ccc(N=C(N)N)cc1,-0.7562087178230286
base,CS(=O)(=O)N(CCc1ccccc1)C[C@@H](O)CNc1ccccc1,-1.5626890659332275
base,C[c+]1[cH-][c+]([O-])[cH+][cH-][c-]1C,-7.906684398651123
base,CNN(C(=O)C(C)(C)C)c1nc2c(F)cc(F)cc2s1,-4.666946887969971
base,Cn1nccc1C(=O)OCC(=O)Nc1sccc1C#N,-0.3247404396533966
base,COc1cccc(N2CCN(C(=O)CN(C)S(=O)(=O)c3ccc4c(c3)CCC(=O)N4)C[C@@H]2C)c1,-0.34824201464653015
base,Clc1ccc2scc(CNCc3ccccc3)c2c1,-11.811711311340332
base,N#Cc1ccc(-c2csc(NNC(=O)/C=C/c3ccco3)n2)cc1,-1.087722659111023
base,Nc1ccccc1-c1cc(Nc2ccccc2)n[nH]1,-2.4263064861297607
base,CCN(C(=O)NCc1ccccc1)[C@@H](O)C(=O)N1CCCCC1,-1.3053960800170898
base,[O][C](CO[C]([O])[C+]1[CH][CH][CH][CH][CH]1)[C]1[CH][CH][C](Cl)[C](N([O-])[O-])[CH]1,-0.7520785331726074
base,COc1cccc(-n2nc(C(=O)N3CCC[C@H](C)C3)c3ccccc3c2=O)c1,-2.457179546356201
base,CS([O])([O])N(C[C+]([O])NC[C]1[CH][CH][CH][CH][CH]1)[C]1[CH][CH][CH][C](N([O-])[O-])[CH]1,-0.5840935111045837
base,CN(Cc1ccccc1)c1nnnn1-c1ccccc1,-4.059811592102051
base,COc1cccnc1NC(=O)Nc1ccc(Cl)cc1,-2.677947998046875
base,Clc1ccc(SCCCCn2cnc3ccccc32)cc1,-10.977952003479004
base,CCCC(=O)NC1=[S+]C2=C(CC(C)(C)OC2)/C1=C(/[O-])OCC,-1.551025390625
base,NC(=O)c1cc([N+](=O)[O-])cnc1Nc1ccccc1,-0.3813782036304474
base,COCCNC(=O)c1noc2c1[C@H](OC(=O)c1ccco1)CCC2,-0.4019022285938263
base,CN(c1cccc(C(=O)NCCCN2CCOCC2)c1)S(C)(=O)=O,-0.8750060200691223
base,CO[C@H]1[C@H](O)[C@H](O)[C@@H](O)[C@H](O)[C@H]1O,-0.6079155206680298
base,Nc1ncc(-c2ccco2)cn1,-1.8851423263549805
base,CCOc1cc(C(=O)O)c(C(C)C)cc1S(=O)(=O)N1C[C@@H](C)O[C@@H](C)C1,-0.7994155287742615
base,NNC(=O)CCC(=O)NC1CCCCC1,-0.7972614169120789
base,O=C1C(Cl)=C(N2CCCCCC2)C(=O)N1c1c(Cl)cccc1Cl,-6.050533294677734
base,O=C(CCC(=O)c1ccc[nH]1)c1ccc(F)cc1,-4.014597415924072
base,O=S(=O)(/C=C/c1ccco1)NCc1cccc2ccccc12,-3.1170504093170166
base,C=C1[CH+]C=CC=C1[C@H](C/N=C(/[O-])[C@@]12CC[C@@](C)(C(=O)O1)C2(C)C)CN1C(=O)c2ccccc2C1=O,-0.9085350036621094
base,O=C(COC(=O)c1ccc(COc2ccccc2)cc1)c1ccc2c(c1)OCCO2,-2.500152111053467
base,COc1ccc(C(C)(C)C)cc1C(=O)c1ccccc1C(=O)O,-2.988605499267578
base,Fc1ccc2nc(CCc3ccccc3)cn2c1,-9.502169609069824
base,Clc1ccccc1/C=N\Nc1ccccn1,-5.848611354827881
base,CCCn1c(=O)c(C(=O)NNS(=O)(=O)c2cc(C)ccc2C)c(O)c2ccccc21,-0.47488778829574585
base,CN(C)c1ccc(/N=N\c2ccccc2C(=O)OCC(=O)N2CCC3(CC2)OCCO3)cc1,-1.2469102144241333
base,Fc1ccc(Cl)c(OCCCN2CC=CCC2)c1,-10.722620010375977
base,CC[C]([O])CC[C]([O])N1CCCC(C2([C]([C][N][CH]C[C]3OCC[O+]3)[CH][C]3[CH][CH][CH][CH][CH]3)CO2)C1,-1.545346736907959
base,[N-2][C][CH+][C+]([CH+][C+]([O-])O)[C+]([O-])N([C][N-][N-][C]C(F)(F)F)C[c+]1[cH+][cH+][cH+]o1,-0.3964412808418274
base,CN1C(=O)NC(=O)/C(=[C-]/c2c(N3CCN(c4cccc5ccccc45)CC3)nc3ccccn3c2=O)C1=O.[H+],-0.3721352517604828
base,Nc1cnccc1C(=O)O,-1.1630542278289795
base,Cc1cc(C)cc(NC(=S)N(CCc2ccc(Cl)cc2)Cc2ccc(F)cc2)c1,-13.134844779968262
base,Fc1ccc(CN2CCC(Nc3ncccn3)CC2)c(F)c1,-5.0594916343688965
base,O=C/C=C/c1ccc(OCc2ccccc2)c(O)c1,-4.4683756828308105
base,CCOc1ccc(C(=O)CCC(=O)NCc2ccco2)cc1,-1.9833229780197144
base,COc1cc([C@@H](C(=O)O[C@H](C)C(=O)Nc2nccs2)C(C)C)ccc1O,-0.8499642014503479
base,N#Cc1cnn(-c2ccc(Cl)cc2)c1NCCO,-1.341330885887146
base,CCn1nc(C)cc1C(=O)Sc1ccc(F)cc1,-6.305110931396484
base,CC[C@@H](C)NCC[C@H](Cc1ccccc1)c1ccco1,-8.725591659545898
base,COc1ccc(OCC(=O)NNC(=O)[C@H]2CCCO2)cc1,-0.5672398209571838
base,FC(F)(F)c1cccc(NC(=S)NCCCN2CCOCC2)c1,-5.751171588897705
base,Clc1ccc2c(c1)CCN/C2=N\C1CCCCC1,-8.408411026000977
base,CC[C@H](CC(=O)NCc1ccc(C#CC(C)C)cc1)c1ccc(C(=O)O)cc1,-3.336294174194336
base,O=C(/C=C/c1ccoc1)c1sccc1-c1ccc(Cl)s1,-9.040355682373047
base,O=C(NNc1ncc(C(F)(F)F)cc1Cl)c1cccc(F)c1,-3.893494129180908
base,[N-2][C][C+]([CH+][N-]C1CCCC1)[S+2]([O-])([O-])[C+]1[CH+][CH-][C+](Br)[CH-][CH+]1,-1.7848020792007446
base,CN1C=NC(=[N+]([O-])[O-])/C1=[S+]/c1ncnc2nc[nH]c12,-0.4417228400707245
base,O=C(NNS(=O)(=O)c1ccc(Br)cc1)NC1CCCCC1,-0.8003437519073486
base,CN[C@@H]1CC[C@H](c2ccc(Cl)c(Cl)c2)c2ccccc21,-12.20174789428711
base,N/C([O-])=C(/Cc1cccc2ccccc12)N[C@@]12C[C@@H]3C[C@@H](C[C@@](Cl)(C3)C1)C2.[H+],-3.2664945125579834
base,O=[N+]([O-])c1ccc(N2CCN(S(=O)(=O)c3ccccc3)CC2)cc1NC[C@H]1CCCO1,-0.6394101977348328
base,NC(=O)CN(CC[C@@H](c1cccnc1)N1CCN(c2ccc(F)cc2)CC1)Cc1ccncc1,-1.2081555128097534
base,CCCCNC(=O)CN(C)S(=O)(=O)c1cnc[nH]1,-0.4330659806728363
base,O=C(OCC(=O)N1CCc2ccccc21)C1=COCCO1,-1.877205729484558
base,C[C-](N[N-]CCCC[CH+][c+]1[cH-][cH+][cH-][cH+][cH-]1)[C-]1[C+]([O-])N[C-]([O-])N([C+]2[CH+][CH-][C+](Cl)[CH-][CH+]2)[C+]1[O-].[H+],-0.3780061900615692
base,COc1ccc(C(=O)COC(=O)[C@@H]2Cc3ccccc3CN2C(=O)C(C)C)cc1,-1.6989299058914185
base,CCC(=O)N1c2ccc(S(=O)(=O)NC3CCCCC3)cc2C[C@H]1C,-2.294424295425415
base,Nc1ccc(Oc2ccc(Cl)cc2Cl)cc1N,-3.3362505435943604
base,[O-]N([O-])[c-]1[cH+][cH-][cH+][c-]([CH+][N-][c+]2[cH-][cH+][cH-][cH+][c-]2C2(O)[CH+]CCCC2)[cH+]1,-2.3214285373687744
base,[H]/N=c1\oc2ccc(Br)cc2cc1C(=O)NNS(=O)(=O)c1ccccc1,-0.48751845955848694
base,O=C(O)CCC(=O)N1N=C(c2ccccc2)C[C@@H]1c1ccc([N+](=O)[O-])cc1,-0.8887017965316772
base,COc1ccccc1NS(=O)(=O)c1ccc(F)cc1,-3.0770263671875
base,O=C(O)c1cccnc1SCc1cccc(Br)c1,-4.438927173614502
base,O=C(Nc1ncccc1/C=N/O)[C@H]1CC(=O)N(c2ccccc2)C1,-0.3908626139163971
base,CC(C)CO[c-]1[cH+][cH-][c+]([CH-]N[c+]2[cH-][cH+][c-](OCCN3CCOCC3)[cH+][cH-]2)[cH-][cH+]1,-5.4853644371032715
base,COCCCN1C(=O)c2ccc(C(=O)Nc3ccc4c(c3)OCCO4)cc2C1=O,-0.5374103784561157
base,COc1ccc2cc(CCN3[CH-][C@@]4([CH-][OH+][O+](CCOc5ccc6c(c5)CCC6)CCOC4)[C@@H](n4ccnc4)CC3)c(=O)[nH]c2c1,-1.9572930335998535
base,O=S(=O)(O/N=C1\CCCc2ccccc21)c1ccccc1,-3.3384690284729004
base,CCN(CC(=O)N1CCN(c2ccccc2F)CC1)S(=O)(=O)c1ccccc1,-2.362639904022217
base,COc1ccccc1CNC(=O)c1ccc(S(=O)(=O)N2CCOCC2)cc1,-0.5948693752288818
base,S=C(NCc1c[cH-]c[s+]1)N1CCC(=C2C=CC=C[CH-]2)CC1.[H+],-10.457942962646484
base,O=C(Oc1ccccc1C(=O)Nc1ccccn1)c1ccc(Cl)cc1Cl,-3.3730661869049072
base,Clc1ccc(-c2nc(Nc3ccc(N4CCOCC4)cc3)ns2)cc1,-4.775934219360352
base,COc1ccc([C@@H](C#N)N2CCOCC2)cc1OC,-2.9047141075134277
base,O=C(Nc1ccc(Cl)cc1)N1CCCc2nc3ccccc3c(=O)n21,-2.147761106491089
base,Cc1ccc(NCCc2cccc3ccccc23)nc1,-8.611485481262207
base,S=C(NCCN1CCOCC1)NC1CCCCC1,-5.49245548248291
base,CN(C)S(=O)(=O)n1c2ccccc2c2ccccc21,-4.67900276184082
base,C[C@H]1CCCC[C@@H]1NS(=O)(=O)c1ccc(Br)s1,-4.736857891082764
base,CCS(=O)(=O)N1CCc2ccccc2C1,-5.297548294067383
base,CCOc1ccc(NC(=O)CCN(c2ccccc2)S(=O)(=O)c2ccc(OC)cc2)cc1,-1.8700368404388428
base,COc1ccc(CCNCC[C@H](c2cccc(F)c2)c2ccccc2OC)cc1,-8.48970890045166
base,S=C(NC1CCCCCC1)N1CCN(c2cccc3ccccc23)CC1,-10.168111801147461
base,O=C1CCC(=O)N1[C@@H](Cc1ccccc1)OCCl,-4.024628162384033
base,Cc1cc(C(=O)NCCCCc2ccccc2)ccc1N1CCCC1,-7.391851425170898
base,Cn1c(=O)cc(N)n(CCCN2CCOCC2)c1=O,-0.7317394614219666
base,COCCN(Cc1ccc(OC)c(OC)c1)C(=S)Nc1c(C)ccc(C)c1C,-5.851464748382568
base,COc1ccc(C(=O)c2cn(-c3nccs3)c(N)c2C#N)cc1,-0.6306780576705933
base,CCNS(=O)(=O)/[O+]=C/[C@@H](O)[C@H](O)[C@@H](O)/C=[O+]/C(=O)c1[c-]c(C(=O)[N-]C[C-]([O-])OC)cc([N+](=O)[O-])c1.[H+].[H+],-0.4180128872394562
base,CO[C][CH+][c-]1[n-][c+]2[cH+][cH-][cH+][cH-][c+]2[n-][c+]1OCC(O)CNC(CO)CO,-0.2819528579711914
base,S=c1[nH]nc(CCCc2n[nH]c(=S)o2)o1,-0.9360092282295227
base,FC(F)Oc1ccccc1CNCc1c[nH]c2ccccc12,-6.429083347320557
base,CC(=O)c1cc(Br)ccc1OC[C@@H](O)[C@H](C)O,-1.8517496585845947
base,O=C(CSc1nnc(-c2ccc(Cl)c(Cl)c2)n1-c1ccccc1)NC1CC1,-3.9169631004333496
base,CN1CCN(C(=S)NC(=O)[C@@]2(C)CC2(Cl)Cl)CC1,-5.622209548950195
base,CCCN1[N][C](N([O-])[O-])[N][C]1SC[C+]1[CH][CH][C]2OCO[C]2[CH]1,-0.542854905128479
base,O=S(=O)(NNC1CC1)c1ccc(OCc2cccs2)cc1,-1.8268619775772095
base,CCN(CC)CC(=O)[C@@H](C(=O)[C@@H]1Cc2ccccc2CO1)c1ccc(Cl)c(Cl)c1,-5.555403709411621
base,O=C(N/N=C/c1ccncc1)c1cc(Br)ccc1OCc1ccccc1,-3.1770811080932617
base,O=C(O)c1cccc(C(=O)Nc2cc3ccccc3oc2=O)c1,-0.6479560732841492
base,CN(C)S(=O)(=O)N1CCN(Cc2ccccc2Cl)CC1,-4.278298854827881
base,Brc1cccc(OCCCCn2cncn2)c1,-5.314607620239258
base,COc1cccc(OC)c1Oc1ccc2c(c1O)C(=O)c1ccccc1C2=O,-1.7649729251861572
base,CCC(=O)Nc1ccc(Oc2ccc(N(C)C)cc2)cc1,-5.555947780609131
base,O=C(NNC(=O)c1cccc([N+](=O)[O-])c1)Nc1ccc(Cl)c(Cl)c1,-1.0405672788619995
base,OCCCN(CCCc1ccc(F)cc1)C1CCCCC1,-8.68320369720459
base,CN1[CH][C](CN(CC[C]2[CH][CH][C](N([O-])[O-])[CH][CH]2)C[C+]2[CH][CH][CH]O2)[C]([C]2[CH][CH][C]3OCCO[C]3[CH]2)[N]1,-0.6864588260650635
base,CN(C)CCCOc1nn(Cc2ccccc2)c2ccccc12,-7.020365238189697
base,Brc1ccc2nc(-c3ccco3)c(NC[C@@H]3CCCO3)n2c1,-4.310004711151123
base,O=C(CCCCl)Nc1c2c(nn1-c1ccccc1)CSC2,-4.671949863433838
base,[N-2][C][c-]1[cH+][c-](N([O-])[O-])[cH+][cH-][c+]1[N-]N[C+]([O-])CO[C+]1[CH+][CH+][C+](F)[CH+][CH+]1,-0.5110542178153992
base,O=[N+]([O-])c1ccccc1CNCCCCO,-1.1927788257598877
base,CSc1ccccc1NC(=S)Nc1ccccc1-c1ccccc1,-10.462254524230957
base,CC(C)(C)CC[C@@]1(C)CCCC[C@H]1C[C@](C)(O)C1CC(C)(C)C1,-12.48299503326416
base,O=S1(=O)C[C@@H]2[C@H](C1)[S@SP1+]1OC(C3CC3)=N[C-]1N2c1ccccc1F,-2.5023372173309326
base,CCN(Cc1ccc(OC(C)C)cc1)c1cccc2ccccc12,-12.528340339660645
base,[O-]CO[c+]1[n-][c+]2[cH-][cH+][cH-][cH+][c-]2n1CCCO[c+]1[cH-][cH+][cH-][cH+][cH-]1,-2.3189070224761963
base,O=[N+]([O-])c1ccc(OCc2ccccc2)cc1NN1CCCCC1,-2.7312116622924805
base,N[P@@](=O)(OCCCc1ccccc1)c1ccc(Cl)cc1Cl,-4.620194435119629
base,COc1ccc(N2CCN(C(=O)CCSCCc3ccccc3)CC2)cc1,-6.813024044036865
base,CCOc1ccc(NC(=S)NC(=O)c2cc3ccccc3o2)cc1,-2.995776414871216
base,COc1ccc(/C=N/NC(=O)CN(C)c2ccccc2)c(C(=O)O)c1OC,-0.36193346977233887
base,CCOc1cccc(CN2C(=O)CC(=O)NC2=O)c1,-1.0639829635620117
base,Cn1c(C(=O)Nc2ccc([N+](=O)[O-])cc2Br)cc2ccccc21,-2.088770627975464
base,C[C+]1[CH+]C2(C)N3[C-]([N-]1)SC[C-]([O-])N[N-][CH+][C+]([O-])[O+]32,-0.5986648797988892
base,[H]/N=C(\N)NC(=S)N(C)C,-2.1777663230895996
base,COc1ccc(-c2cc(C(F)(F)F)n3nc(C(=O)NCCCN4CCOCC4)cc3n2)cc1,-1.113798975944519
base,CC(C)CC(=O)NNc1ccc(C(C)C)cc1,-5.377347469329834
base,NS(=O)(=O)c1ccc(NS(=O)(=O)c2ccc(Br)cc2)cc1,-0.43439367413520813
base,COc1ccc(/C=N/Nc2ccc3ccccc3c2)cc1OC,-5.695403575897217
base,C[C@@H](O)CNc1nc(Nc2ccc(OC(F)(F)F)cc2)nc2ccccc12,-1.9359911680221558
base,[O-][C+](CS[c+]1[n-][cH+][cH-]n1[C-](F)F)N1CCN([c+]2[cH-][cH+][cH-][c+]3[cH-][cH+][cH-][cH+][c-]23)CC1,-3.9605538845062256
base,O=C(O)C[C@]1(c2ccc(F)cc2)OCCN1C(=O)c1cccn1C(F)(F)F,-1.7728095054626465
base,Cc1ccc(OP(#[S+])N(C)C)cc1.[CH3-],-10.52393627166748
base,N[C-]([N-][N-][C+]1[CH+][CH+][C-](NN2CCOCC2)[CH+][CH-]1)N1CCOCC1,-0.5627339482307434
base,Cc1ccc(CS(=O)(=O)CCC(=O)N2C[C@@H](C)O[C@@H](C)C2)cc1,-2.1487863063812256
base,CO[C+]1[CH-][C-]2CNCC(COC[c+]3[cH-][c+]([C+](C)[O-])[cH-][cH+][c-]3OC)OC2[CH+][C-]1OC,-0.8105387091636658
base,CC(=O)NS(=O)(=O)c1ccc(NCC(=O)O)cc1,-0.388337105512619
base,O=C(Nc1cc(C(F)(F)F)ccc1N1CCCC1)c1cc(-c2cccnc2)nc2ccccc12,-5.702631950378418
base,CCOc1ccc(NC(=O)CN(Cc2ccc(S(=O)(=O)NCC(C)C)cc2)C(C)C)cc1OCC,-1.599368691444397
base,CCNCC,-10.394880294799805
base,COc1ccc(N/C(=N/c2nc(OC)cc(OC)n2)SCC[C@H](O)CO)cc1,-0.44133779406547546
base,CCOC(=O)c1ncc(-c2ccc(Cl)cc2)nc1C(=O)OC,-1.2719799280166626
base,CN(CC(=O)N1CCCc2ccccc21)n1cnnc1,-2.940161943435669
base,Cc1cccc2nc3onc(C)c3nc12,-3.496354341506958
base,CCNC1S[C-]1[N-][c+]1[nH][c+]2[cH-][cH+][cH-][c+]3[cH+][cH-][cH+][cH-][c+]1[c-]32.[H+],-6.154547691345215
base,Cc1nc2cc(Cl)c(Cl)cc2n1CCO,-5.583939552307129
base,O=C(c1cccs1)N1CCC[C@@H](N2CCN(c3ccc(F)cc3)CC2)C1,-7.618394374847412
base,NS(=O)(=O)c1ccc(CCN2CCN(C(c3ccccc3)c3ccccc3)CC2)cc1,-2.3087894916534424
base,S=C(NCCCN1CCCC1)Nc1ccc2c(c1)CCC2,-7.4694132804870605
base,OC[C@H](O)C/C(=N\Nc1ccccc1)c1ccc(SCc2ccc(Cl)cc2)nn1,-1.5341241359710693
base,NNC(=O)COc1cccc2ccccc12,-1.8745853900909424
base,NNC(=S)NNc1cccc(F)c1,-2.2688450813293457
base,O=C(NN1CCOCC1)c1cnn2cccnc12,-1.357067584991455
base,COc1cccc(/C=N/NC(=O)c2nnn(-c3nonc3N)c2C)c1OC,-0.2821957767009735
base,CCCC[C@@H](CC)NC[C@@H](O)COc1cc(C)ccc1C(C)C,-6.128763198852539
base,CCCNC([CH][CH][C]1[CH][CH][CH][C](N([O-])[O-])[CH]1)S[C+]1[CH][CH][CH][CH][CH]1,-3.0463855266571045
base,[H+].[O-]CC1(CCOc2ccc(F)cc2)CCN(Cc2cccn2-c2ncccn2)CC1,-2.1181046962738037
base,COCCc1nnc(N)s1,-2.3960838317871094
base,S=C(N/N=C/c1ccco1)c1ccc(OCc2ccccc2)cc1,-5.046072006225586
base,CCOc1cccc(-c2nnc(SCC(N)=O)n2N)c1,-0.30067041516304016
base,CCOC(=O)CSc1nnc(NC(=O)/C=C/c2ccco2)s1,-0.5840916633605957
base,O=C(N/N=C/c1ccoc1)c1cc2ccccc2o1,-1.9457935094833374
base,Cc1ccc(-n2nnnc2SCC(=O)Nc2cccc3cccnc23)cc1C,-1.2910608053207397
base,CP([O-])OC1([c+]2[cH-][cH+][c-](Cl)[cH+][cH-]2)C(N[C+]2[N-]CCN2)CCCC1[P+]([O-])(O)O,-0.41055694222450256
base,O=C(NCCCn1ccnc1)[C@@H]1CCCN1S(=O)(=O)/C=C/c1ccccc1,-0.6684186458587646
base,CCNS(=O)(=O)c1cccc(C(=O)c2ccccc2)c1,-2.1846916675567627
base,NCCCCCc1nnc(SCC(=O)Nc2ccc(OCc3ccccc3)cc2)o1,-1.389359474182129
base,O=C(Oc1ccccc1Br)N1CCN(c2ccccc2)CC1,-6.876377105712891
base,Brc1ccccc1OCCCOc1ccccc1,-9.974701881408691
base,O=S(=O)(Nc1cccc2ccccc12)c1cccc2cccnc12,-3.6045684814453125
base,CC(C)=CC(=O)N/N=C(/C)c1ccccc1F,-4.963206768035889
base,Cn1c(C/C(F)=N/O)nc2ccccc21,-3.519932270050049
base,CC[C@H]1c2ccccc2CN1C(=S)Nc1ccc2c(c1)OCCO2,-6.987759113311768
base,[CH2+]C[C+](CC(C[c-]1[cH+][cH-][cH+][cH-][cH+]1)[C-]([O-])O)[N-][S+2]([O-])([O-])[C+]1[CH-][CH+][CH-][CH+][C+]1N([O-])[O-],-0.5444782972335815
base,O=C(CN1CCN(c2ncccn2)CC1)c1ccc2c(c1)OCO2,-1.5347621440887451
base,COCCn1c(=O)[nH]c2cc(C(=O)N3CCN(c4nc(-c5ccccc5)cs4)CC3)ccc2c1=O,-0.4668087065219879
base,COc1cccc(COC(=O)[C@H]2Cc3c(C(C)=O)c(C(C)=O)c(-c4ccccc4)n3C2)c1,-2.553539991378784
base,C/C=N\c1nc2cc(C(F)(F)F)ccc2n1CCN1CCOCC1,-4.980717658996582
base,CN(C)[C@@](CO)(CC[C@H]1C=CCCC1)c1ccccc1,-8.481892585754395
base,CCC(CC)[C@H](CCc1nc2ccccc2n1C)C(N)=O,-2.7077043056488037
base,O=C(CSc1nc2ccccc2o1)Nc1ccc2nc(SCC(=O)N3CCCC3)sc2c1,-2.250577688217163
base,CCC(=O)OC1(c2ccccc2)[C@H](C)CN(C)C[C@H]1C,-7.041329383850098
base,[O-][N-][C-](CCN1CCCC(F)C1)[C+]1[CH+][CH+][C-]2OCO[C+]2[CH-]1,-2.875797748565674
base,O=C(C1CCC1)N1CCc2cc(Br)cc(S(=O)(=O)NCc3ccco3)c21,-1.4421230554580688
base,COc1cccc(NC(=O)Nc2c(C)n(C)n(C(=O)c3cnc4ccccc4c3)c2=O)c1,-0.8995730876922607
base,C[C]1[N][C](SC[C+]([O])[C]2[CH][CH][C](Cl)[CH][CH]2)[C](N([O-])[O-])N1,-0.6268941164016724
base,N#Cc1ccc(N2CCN(C(=O)c3cc(=O)c4ccccc4o3)CC2)cc1,-1.1909068822860718
base,Oc1ccccc1/N=C\c1c(O)ccc2ccccc12,-4.2232561111450195
base,C[C-]1[CH+][CH-]N(C2CCN([C+]([O-])CCCO[c+]3[cH-][cH+][cH-][cH+][cH-]3)CC2)[CH+][CH-]1,-5.423883438110352
base,COCCCNC(=O)/C(C#N)=C/c1ccccc1F,-2.2177212238311768
base,Cc1ccc(SCC(=O)Nc2sc3c(c2C#N)CCCCC3)cc1C,-5.308278560638428
base,CC(Cl)[C]([O])NC([C]1[CH][CH][C](N([O-])[O-])[CH][CH]1)[C+]1[CH][CH][CH][CH][CH]1,-1.199552059173584
base,C[C@@H](SCCC(=O)O)C(=O)Nc1ccc(F)cc1,-1.995106816291809
base,CCOc1ccc(CNC(=O)[C@H](CC)c2ccc3c(c2)OCO3)cc1,-3.4696552753448486
base,COc1ccc(C(=O)N2CCC[C@H](CNC(=O)CCc3ccccc3)C2)o1,-1.7107243537902832
base,CCN(CC)C(=O)Cc1cn(-c2ccccc2)nc1Oc1ccc(C)cc1,-5.162356853485107
base,COCCN1C(=O)C(=O)/C(=C(/O)c2ccc(C)cc2)[C@@H]1c1ccccn1,-1.0394924879074097
base,CO[C-]1[CH+][CH-][C][C+](C2CN([c-]3[cH+][c-](C)[c+](C)[cH-][c+]3C)CCN2C)[CH+]1,-9.813211441040039
base,FC(F)(F)c1cccc(NCc2ccc3ccccc3c2)c1,-12.485676765441895
base,[O-][C+]1CN(CC2(C(F)(F)C(F)(F)F)[CH-]C[c+]3[cH-][cH+][cH-][cH+][c-]3C2)CS1,-7.665477752685547
base,O=P(CCNC[C@H]1CCCO1)(c1ccccc1)c1ccccc1,-5.439637660980225
base,O=C(CSCc1ccc([N+](=O)[O-])cc1)NNC(=O)Cc1cccs1,-0.5178627371788025
base,COc1ccc(/C=C2/NC(=O)NC2=O)cc1[C@H](O)c1ccccc1C(F)(F)F,-0.9539452195167542
base,CCCN1CCCC[C@H]1C(=O)NCc1ccc2c(c1)OCO2,-3.551464557647705
base,O/N=C(\Cc1ccccc1Cl)c1ccc(O)cc1O,-1.8699727058410645
base,CCOc1ccc(Br)c(C(=O)OCC(=O)Nc2ccccc2C(F)(F)F)c1,-3.502110242843628
base,O=C(CN1CCCCC1)c1ccc2ccccc2n1,-6.293121814727783
base,COc1ccc(/N=C/C(=C\c2ccccc2OC)O/N=C/c2ccc(OC)c(OC)c2)cc1,-3.8679850101470947
base,O=C(Cn1c(C(F)(F)F)nc2ccccc21)c1ccc(Br)cc1,-7.307258605957031
base,O=S(=O)(Nc1cccc(C2=NO[C@@H](C3CCN(Cc4ccc(F)cc4)CC3)C2)c1)c1ccccc1,-3.3319787979125977
base,Cc1cnccc1CN(C)Cc1nc(Cc2ccccc2Cl)no1,-3.672572374343872
base,O=C(NCCN1CCCC1=O)Nc1cccc2ccccc12,-2.4500696659088135
base,O=C(CCN(Cc1ccccc1)Cc1cnc2ccccc2c1)N1CCCC1,-6.593992233276367
base,C[C@H](NC(=O)[C@@H]1CC(=O)N(c2ccccc2)C1)C1CCCCC1,-4.113492488861084
base,OCC1CCN(c2ncnc3occ(-c4ccc(C(F)(F)F)cc4)c23)CC1,-3.266772985458374
base,CN(C)CCCNC(=O)c1cc(-c2ccco2)nc2ccccc12,-2.9418485164642334
base,O=C1c2ccccc2CCC[C@H]1[N+](=O)[O-],-2.4597208499908447
base,O=S(=O)(NC[C@@H]1CC=C(c2ccccc2)OC1)c1ccccc1Cl,-3.6821250915527344
base,COc1ccc(N[C@@H]2C=C(c3cccc4ccccc34)C(=O)N2)cc1Cl,-4.795221328735352
base,O=S(=O)(/C=C/C=C/c1ccccc1)Nc1cc(S(=O)(=O)N2N=C(c3cccs3)C[C@@H]2c2ccco2)ccc1O,-2.825442314147949
base,CN(Cc1ccno1)Cc1cccc2ccccc12,-7.263147830963135
base,N/C(=N\OC(=O)CCC(=O)N1CCCCC1)c1cccs1,-0.7287411689758301
base,[H]/N=C1\C(c2nc3ccccc3s2)=C(O)CN1Cc1cccnc1,-1.911594271659851
base,NC(=S)N/N=C/c1ccccc1OCc1cccc2ccccc12,-3.1435017585754395
base,COCCN1CN([C-]([O-])CC[S+2]([O-])([O-])CC(C)C)C[c+]2[cH+][c-]3[cH+][cH-][c+](C)[cH-][c+]3[nH][c-]2O1,-0.490151047706604
base,Fc1ccc(SCCc2ccccn2)cc1,-10.604907989501953
base,COc1ccccc1N1Cc2ccccc2C1,-10.469161033630371
base,CC1CN([c+]2[n-][c+]3[n-]o[n-][c+]3[n-][c+]2[N-]C[c+]2[cH-][cH+][cH-][cH+][cH-]2)CC(C)O1,-0.46055537462234497
base,O=S(=O)(/C=C/c1ccccc1)NCc1ccccn1,-2.545930862426758
base,N[S+2]([O-])([O-])[c-]1[cH+][cH-][c+]([C-]([O-])N[N-][CH+][N-][c+]2[c+]([O-])[cH-][cH+][c+]([O-])[c+]2-[c+]2[cH-][cH+][c-](F)[cH+][cH-]2)[cH-][cH+]1,-0.31199899315834045
base,Clc1ccc(-c2nnc(CCc3ccccc3)o2)c(Cl)c1,-6.8159637451171875
base,COc1cc2ccc(=O)oc2c2c(=O)cc(-c3ccccc3)oc12,-2.1857872009277344
base,N#Cc1cccc(OCc2ccc(OC(F)F)cc2)c1,-5.429464817047119
base,CCOc1ccc(S(=O)(=O)N2CC(=O)Nc3ccccc32)cc1OCC,-0.852303147315979
base,S=C(Nc1ccccc1Br)Nc1cccc2ncccc12,-7.052283763885498
base,CCOCCCN/C(N)=N/c1nc(-c2ccccc2)cc(=O)[nH]1,-0.32001250982284546
base,CN(CCC#N)CCC(=O)N1CC(=O)Nc2ccccc21,-0.9675973057746887
base,[CH2-][C@H](C[N+]#CN)c1ccccc1,-6.568208694458008
base,CCOC(=O)Cc1csc(NC(=O)/C=C/c2cccc3ccccc23)n1,-2.6471023559570312
base,OC[C@@]1(Cc2ccc3c(c2)OCO3)CCCN(Cc2ccccn2)C1,-3.1445772647857666
base,[O-]n1c(/C=N/O)cc2ccc3ccccc3[n+]21,-1.9357593059539795
base,CN(C)CCCN1CCN(C(=O)c2ccc3c(c2)oc2ccccc23)/C(=C/c2ccco2)C1=O,-2.8039605617523193
base,Cn1[c+]([O-])[c+](CC[c+]2[cH-][cH+][cH-][cH+][n-]2)[c-]([O-])n(C)[c+]1[O-],-0.38299503922462463
base,O=C(NCCCCc1ccccc1)[C@@H]1CC(c2ccccc2F)=NO1,-4.088776588439941
base,OC1(c2ccc3c(c2)OCO3)CCN(Cc2ccccn2)CC1,-3.028615951538086
base,CNC[C@@H](O)[C@@H](O)[C@@H](O)C(=O)/C=C(\N)CCN1CCN(C=O)CC1,-0.47594112157821655
base,CN1CCN(c2ccccc2Cl)CC1,-11.392290115356445
base,CNS(=O)(=O)c1cccc(N)c1C,-1.3696303367614746
base,F[c-]1[cH+][cH-][cH+][cH-][c+]1S[c-]1[n-][cH+][n-][c+]2s[c+]3[c-]([c+]21)CCC3.[H+],-8.069058418273926
base,Cc1c2cnn(CC(=O)N3CCC4(CC3)OCCO4)c(=O)c2c(C)n1Cc1ccccc1Cl,-1.3112941980361938
base,[H+].[O-]C1=C(/C=C2/[CH-]C=CS2)SOP(O)(O)=[O+]1,-0.8159722685813904
base,Clc1n[nH]c(/C=C/c2cccnc2)n1,-3.1404833793640137
base,C[C@@](O)(C(=O)NCc1cc(=O)n2ccsc2n1)C(F)(F)F,-0.709976851940155
base,O=[N+]([O-])c1ccc(N2CCN(Cc3ccccc3)CC2)cc1,-3.8923256397247314
base,CCc1nn(CC(=O)N2CCOCC2)c(=O)c2cc3c(OC)cccc3n12,-0.8611204624176025
base,CC(=O)NCC(=O)OCN1C(=O)c2ccccc2C1=O,-0.40611588954925537
base,NNC(=O)c1oc2ccccc2c1-c1ccc(Br)cc1,-2.2837533950805664
base,Clc1nc(CSc2ccc3ccccc3n2)nc2sc3c(c12)CCC3,-7.68618631362915
base,COc1ccc(CC(=O)Nc2cc(C)[nH]c(=S)n2)cc1OC,-1.3257639408111572
base,COc1cc(CNc2ccc3ccccc3c2)cc(Br)c1O,-6.475646018981934
base,Clc1ccc(NCCCn2ccnc2)cc1,-7.031562805175781
base,S=c1[nH]nc(-c2cc3ccccc3o2)n1/N=C/c1c[nH]c2ccccc12,-2.7821664810180664
base,COc1ccc(N[C@H]2CCCN(C(=O)CN3CCOC3=O)C2)cc1,-1.405817985534668
base,COC(CNC(=O)c1ccc2c(c1)ncn2[C@H](C)C(=O)N1CCCC1)OC,-0.6140503287315369
base,c1ccc2c(c1)C1=C(NCCN3CCCCC3)CC3O[C@@]13c1ccccc1-2,-8.048410415649414
base,COc1ccc(OC)c(S(=O)(=O)N(C)CC(=O)NCc2ccccc2)c1,-0.5769563317298889
base,NS(=O)(=O)c1ccc(Cl)c(C(=O)Nc2ccccn2)c1,-0.3592233657836914
base,O=S(=O)(c1ccc(Cl)cc1)c1c[nH]c2ccccc12,-4.331630229949951
base,CCCCNS(=O)(=O)c1ccc(C)cc1OC,-2.9793694019317627
base,Clc1cccc(Cn2c(NCc3ccncc3)nc3ccccc32)c1,-6.089566707611084
base,O=C(c1cccc(NC2=N[C@H]3CS(=O)(=O)C[C@H]3S2)c1)N1CCN(S(=O)(=O)c2ccc(F)cc2)CC1,-0.3983508348464966
base,BrC(=C\c1ccccc1)/C=N/Nc1nc2ccccc2[nH]1,-4.517220973968506
base,COc1ccc(NS(=O)(=O)c2coc(C(N)=O)c2)cc1,-0.2932402193546295
base,Cc1ccc(Cl)cc1N(CC(=O)NCc1ccco1)S(=O)(=O)c1ccc(F)cc1,-1.8390228748321533
base,[CH2+][C]([O-])N(C[C]([O-])[N][C]([O])CS[C]1[N][N][C]([C]2[CH][CH][C](F)[CH][CH]2)N1C)[C]1[CH][CH][CH][CH][CH]1,-0.5099440813064575
base,COCCCNS(=O)(=O)c1ccc2c(c1)NC(=O)CS2,-0.6113708019256592
base,Cn1ccc2cc(-n3c(=O)[nH]c(=O)c4ccccc43)ccc21,-2.433703660964966
base,S=c1n(Cc2ccccc2)nc2ccccn12,-8.34924602508545
base,O=C(N/N=C/c1ccc(F)cc1)Nc1ccccc1F,-3.5890777111053467
base,S=c1[nH]nc(CC2CCCCCC2)n1-c1ccccc1,-7.350825786590576
base,COc1cccc(OC(C)=O)c1C(C)=O,-3.2397103309631348
base,O=C(CCn1c(=O)[nH]c2ccccc2c1=O)NC1CCCCC1,-0.6566381454467773
base,COc1cc(CN(C)CC(=O)Nc2ccc(NC(C)=O)cc2Cl)ccc1OC(F)F,-1.851366639137268
base,Cc1cc(=O)n(CN2C(=O)c3ccccc3C2=O)nn1,-0.6071454882621765
base,NS(=O)(=O)c1c#cc(/N=N\c2c(O)ccc3ccccc23)nc1Cl,-0.929364025592804
base,CC[C@@H](C)C(=O)OCC(=O)Nc1cccc2cc(Oc3cccc(-c4ccccc4)c3)c(=O)oc12,-3.1018247604370117
base,C[C@@H]1CN(CC/C=N/Nc2cccc(Cl)c2)C[C@H](C)O1,-5.976504325866699
base,COc1ccc(C)cc1NC(=O)c1cccc(-n2cnnn2)c1,-0.8532851338386536
base,COc1cnc(-c2ccccn2)nc1Oc1cccc(Cl)c1Cl,-4.1981120109558105
base,NS(=O)(=O)c1ccc(N[C@H](CCOC(=O)c2ccc(C(F)(F)F)cc2)C(=O)O)cc1,-0.5943354964256287
base,O=C(O)CCCN1C(=O)CN(Cc2ccccc2)C(=O)[C@@H]1c1cc2cc3c(cc2nc1SC(F)F)OCO3,-1.4317551851272583
base,Brc1ccc(C#CCCCNCc2cccnc2)cc1,-8.32917594909668
base,CCOc1cc([C@H]2NC(=O)c3ccccc3N2)ccc1OC(=O)c1ccco1,-1.3044219017028809
base,NC1=N/C(=[S+]\CC(=O)NC[C@@H]2CCCO2)NC(=O)/C1=[NH+]/C([O-])=c1\cccc\c1=C(\[O-])O,-0.3642658591270447
base,FC(F)(F)[C-]1[CH-][C+](CCS[c+]2[cH-][cH+][c-](Cl)[cH+][cH-]2)n2[cH+][n-][n-][c+]2N1,-5.141453742980957
base,CCCS(=O)(=O)Nc1ccc(C(=O)Nc2ccccc2[N+](=O)[O-])cc1,-0.8048980236053467
base,COc1ccccc1C(=O)Nc1cc(C)on1,-2.0558321475982666
base,O=C(NN[C@H]1CC(c2ccccc2)=NN1C(=O)c1ccccc1)c1ccccc1,-1.750813364982605
base,CC(C)(C)C(=O)NC1CCCC1,-6.917834281921387
base,CN(C)Cc1nnc([C@@H](CCCCCCNC(=O)N(C)C)NC(=O)c2ccccc2)o1,-0.7082990407943726
base,Cc1ccc(C(=O)C2=C(O)C(=O)N(Cc3cccnc3)[C@H]2c2cccc(F)c2)o1,-1.6462661027908325
base,COc1cc(N)ccc1C(=O)NCc1cc(C)n(C)n1,-0.7038810849189758
base,OCC1(CCc2ccc3c(c2)OCO3)CCN(Cc2cccc3cnccc23)CC1,-4.028884410858154
base,[H+].[O][SH]([O])[C]1[C-][C]2[C]([CH][CH]1)[O+][C]1[C-][CH][CH][CH+][C-][CH][CH][CH][C-]C(N3CCOCC3)C[C]12,-2.5051980018615723
base,COc1ccc(C(=O)N/C(=C/c2ccc(O)cc2)C(=O)NCCO)cc1OC,-0.2794605493545532
base,Fc1ccc2c(c1)nnn2Cc1nnc2ccc(-c3cccc(Br)c3)nn12,-1.9539135694503784
base,COc1cc(Cl)cc(NC(=O)COC(=O)c2c(C)nn(-c3ccccc3)c2Cl)c1,-1.967307448387146
base,C=C1C=CC=C[C-]1C(=N/c1ccc(F)cc1)/N=C1\N=NC(C(F)(F)F)=[S+]1,-5.322278022766113
base,O=C(O)c1[nH]c2c(NS(=O)(=O)c3ccccc3F)cccc2c1C1CCN(Cc2ccccc2)CC1,-2.44731068611145
base,O=C(CCCCCO)NNS(=O)(=O)c1cccc(NC(=O)Cc2cccs2)c1,-0.34908604621887207
base,NS(=O)(=O)CCCc1ccccc1,-2.361896276473999
base,Fc1cccc(Sc2ncnc3ccccc23)c1,-8.226791381835938
base,FC(F)c1cc(NC(=S)N2CCCOCC2)cc(C(F)(F)F)c1,-8.726354598999023
base,O=S(=O)(Cc1cccs1)c1ccccc1,-6.098528861999512
base,CCOc1ccc2nc(C)n(C)c(=O)c2c1,-4.2625532150268555
base,Cc1csc(/C=N/OCCOCC(C)C)n1,-4.642752170562744
base,CCCC(=O)Nc1cc(OC)c(C(=O)OC)cc1Cl,-2.314147472381592
base,COc1ccc(-n2nc(C(=O)NCC(=O)N3CCN(c4ccccc4)CC3)c3ccccc3c2=O)cc1,-0.5078496336936951
base,O=S(=O)(NCc1ccc2c(c1)OCO2)c1ccc(F)c(F)c1,-2.0678794384002686
base,CCCN(CCC)CCCN1C(=O)c2ccccc2C1=O,-5.147580623626709
base,Cc1ccc(-c2nc3cccnc3s2)cc1NS(=O)(=O)c1cccc2cccnc12,-2.5132486820220947
base,CCn1c(CN2CCN(C)CC2)n[nH]c1=S,-4.9269304275512695
base,C[N-][C+]([O-])N(C)[c+]1[cH-]n(C[C+]([O-])N[N-][CH+][c+]2[cH-][cH+][cH-]o2)[cH+][n-]1,-0.3022400736808777
base,FC(F)Oc1ccccc1CN1CCc2ccccc2C1,-10.889921188354492
base,Cn1nc(-c2cccc(N)c2)c2ccccc2c1=O,-2.352576971054077
base,O=C(CCNc1ccc(F)cc1)c1ccc(Cl)cc1,-7.885264873504639
base,O=C(/C=C/Nc1cccc(O)c1)c1ccco1,-2.4702565670013428
base,O=S(=O)(/C=C/c1ccco1)NCC1CCCCC1,-2.810702085494995
base,S=C(NCC#Cc1ccccc1)N1CCN(C/C=C/c2ccccc2)CC1,-9.219085693359375
base,COc1ccc(/C=C/C(=O)Nc2nnc(C(C)C)s2)cc1OC,-1.8191077709197998
base,O=C(CNC(=O)c1ccccc1Cl)Nc1nc2c(s1)CN(Cc1ccc3c(c1)OCO3)CC2,-1.048902153968811
base,CCOC(=O)CNC(=S)N(Cc1cccs1)C1CCCC1,-5.106451988220215
base,[H+].[H+].[S-]C[C+]([N-][N-][C][N-]OC[c-]1[cH+][cH-][cH+][c-](Br)[cH+]1)[C+]1[CH+][CH+][CH-]S1,-5.381814956665039
base,COc1ccc2c(c1)c(C)cn2C(=O)c1ccc2ccccc2c1,-7.922216415405273
base,COc1ccc(N[C@@H]2Cc3cc(F)ccc3NC2=O)c(OC)c1,-2.6752851009368896
base,COc1ccc(NS(=O)(=O)c2ccc3c(c2)N(C(C)=O)CCO3)cc1,-0.7307500839233398
base,[O][C](CO[C]([O])[C+]1[CH][CH][CH][C]2[CH][CH][CH][CH][C]21)[C]1[CH][CH][C](N([O-])[O-])[CH][CH]1,-0.7696226239204407
base,O=S(=O)(NCCN1CCOCC1)c1ccc(Cl)s1,-2.494708776473999
base,COCCOc1cccc2cccnc12,-6.365738868713379
base,COc1cccc(C(=O)NNC(=O)C2CC2)c1,-1.6513314247131348
base,[O-][C-]([CH+][CH+][CH-][c+]1[cH-][n-][c+](-[c+]2[cH-][cH+][cH-][cH+][cH-]2)o1)[c+]1[cH-][cH+][c-](Cl)[cH+][cH-]1,-4.33736515045166
base,N[C-](NCC1CSC(N)(N)O1)NC1CCCC1,-0.5162631869316101
base,O=C(Nc1ccc(O)c(S(=O)(=O)N2CCCCC2)c1)c1ccco1,-0.5437188148498535
base,CCN(CC(=O)N1CCCC1)S(=O)(=O)c1ccc(OC)c2ccccc12,-1.9106123447418213
base,O[C@H](COc1ccccc1)CN1CCN(CCN2CCN(c3ccc(F)cc3)CC2)CC1,-4.535394191741943
base,COc1ccc([N+](=O)[O-])cc1NC(=O)c1cc(Cl)nc2ccccc12,-1.4231977462768555
base,COc1ccc2cc(S(=O)(=O)N(CCO)Cc3cccc4ccccc34)ccc2c1,-2.8938732147216797
base,COc1ccc2nc(C)cc(SCc3nnc(N)s3)c2c1,-1.7690961360931396
base,O=C(CCCc1ccccc1)Nc1ccnn1C1CCN(Cc2cccc(O)c2)CC1,-2.7752878665924072
base,O=c1cc(Nc2ccc3c(c2)OCO3)[nH]c2ccccc12,-2.444446086883545
base,[CH2-][N@H+]1C=CCC(=O)CC1(C)C,-8.222784996032715
base,O=C(O)c1cc([N+](=O)[O-])ccc1NCc1ccncc1,-0.5431459546089172
base,CCCCNC(=O)CSc1nnc([C@@H](C)NC(=O)c2ccco2)n1CCC,-0.7139679193496704
base,O=C(O)c1ccccc1COc1ccccc1N1C(=O)c2cccc3cccc1c23,-4.088575839996338
base,CCOc1ccc2[nH]c3nc(CC(=O)Nc4cccc(N5CCCC5=O)c4)cc(=O)n3c2c1,-0.6668936610221863
base,COc1ccc(CCN(C)CC(=O)Nc2ccc(F)cc2F)cc1OC,-3.793295383453369
base,COc1nc(C)n(OCc2ccccc2C)c1[N+](=O)[O-],-1.007020115852356
base,O=C(O[C@H]1CN2CCC1CC2)/C(=C/c1ccccc1)NC(=O)c1ccccc1,-2.9628195762634277
base,O=C(COc1ccccc1)Nc1ccc2c(c1)oc1ccc(S(=O)(=O)N3CCCC3)cc12,-1.784315586090088
base,CN1CCN(S(=O)(=O)c2ccc3c(c2)OCCO3)CC1,-2.4057722091674805
base,Cc1nc2cc(C(=O)NNc3ccccc3)ccc2[nH]1,-1.7852978706359863
base,O=C(Nc1ccc2cccnc2c1)c1cn(CC(=O)N2CCOCC2)c2ccccc12,-1.5384175777435303
base,Nc1ccccc1NC1=CC(=O)C[C@H](c2cccc(F)c2)C1,-3.8374643325805664
base,[O][C](N[C]1[CH][CH][CH][CH][C]1O[C]1[CH][CH][CH][C](N([O-])[O-])[CH]1)[C+]1[CH][CH][CH]O1,-0.599948525428772
base,COc1ccccc1NC1=C(Cl)C(=O)N(Cc2ccccc2)C1=O,-2.9544732570648193
base,[H]/[O+]=[NH+]\c1nc(N)c2cc(N([O-])[O-])c(OC)cc2n1,-0.3241705596446991
base,O=Cc1cn(C[C@H](O)CN2CCc3ccccc3C2)c2ccccc12,-4.383791446685791
base,O=S(=O)(Cc1ccccc1F)NC[C@@H]1OCCc2ccccc21,-3.090381622314453
base,O=[N+]([O-])c1cc(F)c(N2CCOCC2)cc1N1CCCCC1,-2.799617052078247
base,CN[C-]1N[c+]2[cH-][cH+][cH-][cH+][c-]2OCS1,-6.020992279052734
base,O[C@@H](COCc1cccc(F)c1)Cn1cccn1,-3.8775274753570557
base,COc1ccc(NC(=O)[C@H]2CCC(=O)N(CCCN3CCOCC3)C2)c2ncccc12,-0.7055644989013672
base,CCCCn1c(=O)c(C(=O)Nc2cccc3ccccc23)c(O)c2ccccc21,-3.172619104385376
base,COc1ccc(Br)cc1CNC(=O)c1ccc2c(c1)OCCO2,-3.2072739601135254
base,Clc1cccc(Nc2ncnc3c2ncn3Cc2ccccc2)c1Cl,-4.663469314575195
base,O=[N+]([O-])c1ccc(N2CCN(C(=S)Nc3cccc(F)c3)CC2)cc1,-2.791339159011841
base,Clc1ccc2c(c1)c1ccccc1n2CN1CCOCC1,-9.70462703704834
base,O=C(N[C@H]1CCS(=O)(=O)C1)c1ccc(S(=O)(=O)N2CCCCC2)cc1,-0.39048174023628235
base,CN(C)S(=O)(=O)c1cccc(COC(=O)c2cccnc2)c1,-1.0363167524337769
base,NC(=O)CCn1cccc1/C=N/c1snnc1N,-0.34464308619499207
base,COc1ccccc1CNC(=O)CCNS(=O)(=O)c1ccccc1,-0.6259158253669739
base,[N-2][C]CCn1[c-]2[c+]3[c+](n(-[c+]4[cH-][cH+][c-]([S+2](N)([O-])[O-])[cH+][cH-]4)[n-][c+]2[c+]([O-])n1-[c+]1[cH-][cH+][cH-][cH+][cH-]1)CCCC3,-0.7014729976654053
base,O=C(Nc1nc2ccccc2s1)C1CCN(C(=O)c2ccco2)CC1,-1.6754100322723389
base,CCC/S(#[O+])=C1\N=CC=C\C1=C(/N)[O-],-0.953174352645874
base,CCOc1ccc(-n2c(=O)[nH]c3cc(C(=O)Nc4cccc5ccccc45)ccc3c2=O)cc1,-1.8456954956054688
base,Cc1nc(NC(=O)CCO)sc1NC(=O)c1ccc([N+](=O)[O-])o1,-0.37935546040534973
base,CC(C)Cn1c(O)c(/C=N/N=C/c2c(O)n(C)c(=O)n(C)c2=O)c(=O)[nH]c1=S,-0.40893879532814026
base,NC(=O)c1ccc(Cl)c(N[C@@H]2C[C@@H](O)[C@H](CO)O2)c1,-0.40940219163894653
base,O=S(=O)(Nc1cccc(-n2cnnn2)c1)c1cccc(F)c1,-0.48024556040763855
base,FC(F)(F)c1cc(Cl)c(Cl)c(Cn2ccnc2)c1,-10.20051097869873
base,O=C1NC(=O)/C(=[S+]\CC(=O)c2ccc(N([O-])[O-])cc2)N=[NH+]1,-0.369490385055542
base,Clc1cccc(/C=N/Nc2ccc3ccccc3n2)c1,-6.603438854217529
base,O=C(C[C@@]12C[C@@H]3C[C@@H](C[C@@](Br)(C3)C1)C2)OCCN1CCCCC1,-7.917052745819092
base,COc1ccc(/C=C/C(=O)OCC(=O)Nc2ccc(OC(F)F)cc2)c(OC)c1,-1.3668317794799805
base,COc1ccc(C(=O)Nc2nnc(C)s2)cc1N1C(=O)N[C@@]2(CCc3ccccc3C2)C1=O,-0.7826995849609375
base,CCN(CC)CCCN(C(=O)c1ccc(OC)c(OC2CCN(C(C)C)CC2)c1)C1CCCCC1,-6.598863124847412
base,OC[C@H](S)CS,-8.81202507019043
base,CNN(C(=O)/C=C/c1ccccc1)c1ccc(C(=O)O)cc1,-1.7705858945846558
base,CCNc1cc(NCCOc2ccccc2)ccc1[N+](=O)[O-],-1.781204104423523
base,O[C@H]1N(CC(F)(F)F)c2ncccc2N1c1ccccc1,-5.287984371185303
base,[CH2-]CNCCCCCNC(C)CN[c+]1[n-][c+]2[cH-][cH+][cH-][cH+][c-]2[cH+][c-]1[C][N-2],-1.9200183153152466
base,O=C(NCCCc1ccco1)c1cc(-c2ccc3c(c2)OCO3)on1,-0.9789662957191467
base,NNC(=O)[C@@H]1CC1(c1ccccc1)c1ccccc1,-2.957705020904541
base,CC(C)=CC(=O)OCC(=O)Nc1cc(S(=O)(=O)N(C)C)ccc1Cl,-0.5238028764724731
base,O=C(Nc1cccc(Cl)c1)NC1(C(=O)N2CCCC2)CCCCC1,-3.195530414581299
base,S=C(c1ccc(-c2cc(Cl)ccc2Cl)o1)N1CCCCC1,-11.51601505279541
base,O=C1NC(=O)C(=NNc2ccc(Cl)c(C(=O)O)c2)C(=O)N1,-0.44706112146377563
base,COc1ccc(S(=O)(=O)NCCCCCN2C(=O)c3ccccc3C2=O)cc1OC,-0.5180035829544067
base,CCOC(=O)c1[nH]c2ccc(OC)cc2c1/N=N\N1CCSCC1,-1.5817421674728394
base,O=C(Nc1ccc([C@H]2[CH-]C[C-](F)CC2)cc1)C1=CN=[N+](C2CCCCC2)/C1=[NH+]/C(=O)c1ccco1,-1.7534784078598022
base,CCOc1ccc(C(=O)/C(=C/c2ccc3c(c2)OCO3)Cc2ccc(F)cc2)cc1,-6.579428195953369
base,COc1cc(/C=N/N2CCN(c3ccc(Br)cc3)CC2)ccc1O,-4.300755023956299
base,O=S(=O)(Nc1nccc2c1ccc1ccccc12)c1ccc(F)cc1,-3.737788200378418
base,CCCCOc1ccc(S(=O)(=O)N2CCCCC2)cc1,-4.428081035614014
base,CCN(CC)C(=S)SC/C(O)=C(\C#N)c1nc(-c2ccccc2)cs1,-4.2108635902404785
base,Cc1ccc(C(C)C)c(OCCNC(=O)CCc2ccc(S(=O)(=O)N3CCOCC3)cc2)c1,-1.2280272245407104
base,C[C@H]1CN=C(NC2CCCCC2)S1,-7.909019947052002
base,CN1CCC(Oc2cccc(S(=O)(=O)N3CCOCC3)c2)CC1,-2.406723976135254
base,O=[N+]([O-])c1ccc(N2CCNCC2)c(-c2ccc(Cl)cc2)n1,-1.7034252882003784
base,Nn1c(SCc2cc(=O)n3cc(Br)ccc3n2)nnc1-c1ccncc1,-0.4626568555831909
base,CCS(=O)(=O)Nc1ccc(C(=O)OC)cc1,-1.3196784257888794
base,O=c1c2ccccc2nnn1CSc1nc2ccccc2s1,-2.7828328609466553
base,[CH2+]C[C@H](O)CCCC[N-]C(=O)Nc1cc(C)cc(C)c1,-3.1224639415740967
base,O=C(c1cc2ccccc2o1)N1CCN(Cc2ccccc2)CC1,-5.964966773986816
base,CCN(CC)S(=O)(=O)c1ccc(C(=O)NCc2cccs2)cc1,-2.065808057785034
base,O=C(NCc1ccco1)N1CCCCCC1,-4.321857452392578
base,Cc1ccc(S(=O)(=O)NNC(=S)NC(=O)/C=C/c2ccc(Cl)cc2Cl)cc1C,-1.314728021621704
base,N#CCN(C(=O)c1nnn(-c2ncc(C(F)(F)F)cc2Cl)c1CN1CCCCC1)c1ccc(F)cc1,-2.0559287071228027
base,COCCNC(=S)N/N=C/c1cccnc1,-2.5074355602264404
base,Nc1ncnc(N)c1-c1cccs1,-1.0119632482528687
base,Cc1ccc(C(=O)Nc2ncnc3sc4c(c23)CCCCC4)cc1,-4.383373260498047
base,CCOc1cc(CN(C(=S)Nc2cc(C)ccc2C)c2ccc(F)cc2)ccc1O,-7.169299602508545
base,CN(C)CCc1[nH]c2ccccc2c1CCN(C)C,-8.094109535217285
base,CN(Cc1ccccc1)S(C)(=O)=O,-5.278095722198486
base,Oc1cccc(/C=N/Nc2ccncc2Cl)c1,-3.0663113594055176
base,CCOc1cc(/C=C/C(=O)O)ccc1OCC(=O)O,-0.5083632469177246
base,Fc1ccc(OCCOc2nc(-c3cccnc3)nc3ccccc23)cc1,-3.8609120845794678
base,C[C@@H](O)CCc1nc2ccc(/C=N/O)cc2[nH]1,-0.9023444652557373
base,O=C(c1cccs1)N1CCN(c2ccc(S(=O)(=O)N3CCOCC3)cc2)CC1,-1.470687985420227
base,O=C(Nc1ccc2c(c1)CCC2)c1ccccc1Br,-7.864472389221191
base,O=C(CCn1cncn1)Nc1cccc2c1C(=O)CCC2,-1.0636091232299805
base,CCCC[C@H](CC)CNCc1cccc(Oc2ccc(C(F)(F)F)cc2[N+](=O)[O-])c1,-5.965079307556152
base,Cn1cnn(/N=C/c2ccccc2Cl)c1=S,-5.909081935882568
base,CN1CCN(C(=O)c2ccc(Cn3cc(Br)cn3)cc2)CC1,-4.756932258605957
base,O=C(CCCSc1nnc(Cc2cccs2)n1-c1ccccc1)c1ccccc1,-6.391901969909668
base,CC(C)[C-](O)[C+]([O-])[N-][N-][CH+][C+]1[N-][C+]2[CH+][CH-][CH+][CH-][C+]2N1.[H+],-0.6362608671188354
base,O=C(c1nn2c(C(F)(F)F)cc(-c3ccco3)nc2c1Cl)N1CCc2ccccc2C1,-3.7851531505584717
base,O=C(Cc1ccccc1)OCn1nnc2ccccc2c1=O,-1.144607663154602
base,COc1ccccc1OCCC(=O)OC(C)C,-4.368243217468262
base,Clc1ccccc1SCCOCCOCCN1CCCCCC1,-9.372339248657227
base,O=C(Cc1ccccc1)NCNNC(=O)CCc1ccccc1,-1.4579123258590698
base,COc1cccc([C@@H]2C(C(=O)c3ccc(C)o3)=C(O)C(=O)N2CCN2CCOCC2)c1OC,-0.5503281354904175
base,COc1ccc(CCN[C@H]2CCc3ccccc3C2)cc1,-8.744217872619629
base,COc1cccc(NC(=S)N(CCc2ccc(C)cc2)Cc2ccco2)c1,-7.152476787567139
base,O=C(CS(=O)(=O)c1ccccc1)N1CCc2ccccc21,-3.039515256881714
base,CC(C)NC(=O)NC(=O)C1c2ccccc2Oc2ccccc21,-2.1881794929504395
base,N#Cc1ccccc1/N=C/c1cccc(C(N)=O)c1,-1.0933748483657837
base,NCCCC(=O)Nc1ccccc1-n1cccc1,-2.434803009033203
base,COc1ccc(OC)c(-n2c(=O)[nH]c3cc(C(=O)NCc4cscn4)ccc3c2=O)c1,-0.3723905682563782
base,COCCC/[NH+]=[C-]/C(=O)[N-][C@H]1C=CC(=O)CC1.[H+],-1.4836665391921997
base,COCCSc1n[nH]c(Nc2cccc(Cl)c2C)n1,-2.698101758956909
base,COc1ccc2c(CN3CCN(c4cccc(C)c4C)CC3)c[nH]c2c1,-7.295644760131836
base,S=C(NCc1ccccn1)Nc1ccc(Br)cc1Cl,-6.4326252937316895
base,C/C(=N\NC(=O)CN1CCCCC1)c1cccs1,-4.302058696746826
base,O=C1NC(=S)N(Cc2ccccc2)C(=O)/C1=C\NCc1ccc2c(c1)OCO2,-0.8577805757522583
base,O=S1(=O)C[C@@H]2[C@H](C1)N(CCc1ccc(Cl)cc1)[C-]1N=C(C3CC3)O[S@SP1+]12,-2.648728609085083
base,CCOc1ccc(NS(=O)(=O)c2ccc3c(c2)c2ccccc2c(=O)n3C)cc1OCC,-1.7717362642288208
base,C[C@@H](CC(=O)OCc1ccccc1)NC(=O)[C@H]1C=CCN1C(=O)c1ccccc1C(=O)O,-0.5435432195663452
base,CC[C@H](C)N(C(C)C)[C@@H](C)C(/C=C\C=[S+]\C)=C/[O-],-7.483697891235352
base,CO[C@@H](C#CCCN(C)C)c1ccccc1,-10.096985816955566
base,O=c1cc(-c2ccc(O)cc2)oc2cc(Br)ccc12,-4.438727378845215
base,CCn1cc(-c2cc(-c3ccc(C(C)(C)C)cc3)no2)cn1,-5.784703254699707
base,[O][C](OCCO[C]1[CH][CH][CH][CH][C]1N([O-])[O-])[C+]1[CH][CH][CH][N][CH]1,-0.5375087857246399
base,C/C(CC(=O)Nc1ccc(OC(F)F)cc1)=N/NC(=O)C(=O)NCCO,-0.3380981981754303
base,COc1ccccc1CNCCC(c1ccccc1)c1ccccc1,-10.02721881866455
base,CCCN1CCN(C(=O)COc2ccc(S(=O)(=O)N(C)c3ccccc3)cc2)CC1,-1.6390509605407715
base,O=C(COc1cccnc1[N+](=O)[O-])Nc1cccc(CNS(=O)(=O)c2ccccc2)c1,-0.5089056491851807
base,NS(=O)(=O)c1ccc(NC(=O)CSc2n[nH]c(-c3ccco3)n2)cc1,-0.272832989692688
base,CCOc1ccccc1OCC(=O)NCCc1ccc(S(N)(=O)=O)cc1,-0.2960955798625946
base,O=C(Cc1ccccc1)Nc1nc2ccccc2[nH]1,-2.8895301818847656
base,O=C1NCCN(Cc2c(F)cccc2F)[C@H]1CC(=O)N1CCOC1,-2.149289608001709
base,S=c1[nH]nc(COc2ccccc2)n1/N=C/c1ccc(Cl)cc1Cl,-4.543067932128906
base,COc1ccc(C(=O)NC(=S)NNC(=O)CCC(=O)Nc2nccs2)cc1,-0.2790839970111847
base,Cc1nnc(NC(=O)N/C=N/CC(C)(C)C)s1,-1.085160732269287
base,Clc1ccc(-c2nnc(CSc3nnc(SCc4ccccc4)s3)o2)cc1,-4.758110523223877
base,O=[N+]([O-])c1cc2c(cc1CN1CCN(c3ccccc3)CC1)OCO2,-1.8641384840011597
base,O=C(O)c1cc([N+](=O)[O-])ccc1N1CCOCC1,-0.48467564582824707
base,S=c1[nH]nc(-c2ccccc2Br)n1-c1ccc(Br)cc1,-7.978002071380615
base,[O-][S+2]([O-])([c-]1[cH-][c+](N2CCOCC2)[cH+][n-]1)C1CO[c+]2[cH-][cH+][cH-][cH+][c-]2O1,-0.3872315287590027
base,Cc1cccc(OC[C@@H](O)CNC2CCCC2)c1,-4.838205337524414
base,CCOc1ccc(Br)cc1NCC[C@H](C)c1ccccc1,-10.508699417114258
base,[CH2-]CCCC1OCCC1N[C+]([S-])N[c+]1[cH-][cH+][c-](-[c+]2[n-][c+]3[cH-][cH+][cH-][cH+][c-]3[nH]2)[cH+][cH-]1,-3.2670364379882812
base,Cl/C(=N\C1CC1)Nc1cccnc1Cl,-5.832561492919922
base,CC(C)C(=O)N[C@H](Cc1ccccc1)C(=O)Nc1sccc1C(N)=O,-0.4404684901237488
base,COCCN1C(=O)c2ccccc2S(=O)(=O)c2ccc(C)cc21,-2.193207025527954
base,CN(C)[c-]1[cH+][cH-][c+]([N-][N-][C+]2CCC(C)(C)[C+]([O-])[C+]2[CH-][C+]([O-])NCC2CCCO2)[cH-][cH+]1,-0.7275035977363586
base,CCCCCCCOC(=O)c1ccc(C(=O)O)cc1O,-1.3300591707229614
base,S=C(NC1CCCCC1)N1CCCCC1,-9.877707481384277
base,O=S(=O)(NC1CCN(Cc2ccccc2)CC1)c1ccc(Cl)cc1,-4.137829780578613
base,FCCCOc1ccc(-c2cnco2)cc1,-6.0940937995910645
base,[O-][S+]([O-])OCCOC[c+]1[cH-][cH+][cH-][cH+][cH-]1,-1.9543741941452026
base,O=C([C@@H]1CCC(=O)N(C2CCCC2)C1)N1CCC(Cc2ccc(Cl)cc2)CC1,-6.202868461608887
base,Clc1ccccc1CN(Cc1ccccc1Cl)[C@H](c1cccnc1)c1nnnn1C1CCCC1,-5.7812275886535645
base,S=C([N-]CCc1cnc2ccccc2c1)[N@H+](CC#Cc1ccccc1)c1ccccc1Oc1cnccn1,-3.9568521976470947
base,Cn1c(N)c(C(=O)COC(=O)CCCOc2ccc(Cl)cc2)c(=O)n(Cc2ccccc2)c1=O,-0.5024186372756958
base,COc1ccc(CNC(=O)[C@@H]2CC(=O)N(Cc3ccco3)C2)cc1,-1.361794114112854
base,S=c1[nH]nc(CCCc2ccccc2)[nH]1,-4.600027561187744
base,c1csc([C@H]2NOSC[C@@H]2N2CCc3ccccc3C2)c1,-8.129983901977539
base,NS(=O)(=O)c1cccc(NC(=O)c2cccc(Cl)c2)c1,-0.6451593637466431
base,CN(C)S(=O)(=O)C1=C/C(=C(/[O-])Nn2cnc3[s+]c4c(c-3c2[O-])CCCC4)[S+]=C1,-0.34988489747047424
base,S=C(NC1CCCCC1)c1ccc(Br)o1,-8.323339462280273
base,COc1ccc(OC)c(NS(=O)(=O)C[C@]23CC[C@H](CC2=O)C3(C)C)c1,-1.1459323167800903
base,O=C(/N=N\c1c(O)[nH]c2ccccc12)c1cc2ccccc2oc1=O,-1.3124709129333496
base,N#Cc1ccccc1NC(=O)CCN1C(=O)c2ccccc2C1=O,-0.5611042380332947
base,N#CCCn1cc(C(=O)/C=C/c2cccs2)c(C(F)(F)F)n1,-3.4475622177124023
base,Clc1ccc(Oc2ccc(-c3ccnc(SCc4nnnn4-c4ccccc4)n3)cc2)cc1,-3.7849009037017822
base,Cc1ccc2c(c1)NC(=O)[C@](N1CCOCC1)(C(F)(F)F)O2,-3.4122703075408936
base,CC(=O)c1c(COC(=O)c2ccco2)nc2ccccc2[n+]1[O-],-0.41792023181915283
base,Nc1ccc(N2CCCCC2)c(S(=O)(=O)Nc2ccccc2C(=O)O)c1,-0.6465016007423401
base,S=C(NCc1ccccc1)N1CCc2ccccc2C1,-9.872929573059082
base,NS(=O)(=O)c1ccccc1NC(=S)NC(=O)/C=C/C=C/c1ccccc1,-0.5451782941818237
base,Cc1ccc(CCN2C(=O)c3ccccc3[C@@H]2C(=O)NCc2cccnc2)cc1,-2.7651093006134033
base,Nc1nc(-c2ccc(N)c(Cl)c2)cs1,-2.239039659500122
base,NNc1nnn(Cc2ccccc2)n1,-0.8535710573196411
base,O=C1/C(=N\N[C@H]2CCS(=O)(=O)C2)c2ccccc2N1Cc1cccc(F)c1,-0.9609292149543762
base,O=C1C[C@H]2c3ccccc3CCN2C(=O)[C@H]1c1ccncc1,-3.5690174102783203
base,CN(CC(=O)Nc1ccc(F)cc1)S(=O)(=O)c1ccccc1,-1.8238747119903564
base,CC(C)C1=C([O-])Nc2c(c3c(c4c2-c2ccccc2C4)-c2ccccc2C3)N1.[H+],-5.735759258270264
base,CO/C(=N/Nc1cccc(C(=O)O)c1)C(=O)C(C)(C)C,-0.7878174781799316
base,O=S(=O)(N/N=C\c1ccc2c(c1)OCO2)c1ccccc1,-1.0283859968185425
base,O=C(O)CN(c1ccccn1)S(=O)(=O)c1ccccc1,-0.5002540946006775
base,COP(=O)(CN[P@](C)(=S)OC1CCCCC1)OC,-3.4638125896453857
base,CCOCn1nc(C(=O)Nc2cccc(Cl)c2C)n2cccc2c1=O,-1.2600041627883911
base,O=C(COc1ccccc1F)Nc1ccc(N2CCN(C(=O)c3cc4cc5ccccc5nc4o3)CC2)cc1,-2.4997785091400146
base,CC[C@@H](C)NC(=O)C1CCN(C(=O)c2cc3ccccc3o2)CC1,-2.6344611644744873
base,Cc1cc(S(=O)(=O)N2CCN(C)CC2)ccc1-n1cnnn1,-0.654236912727356
base,C[C]1[N]N(C)[CH][C+]1CN(C[C]([O])N[C]1[CH][CH][CH][C](N([O-])[O-])[CH]1)[C]([O])C(C)C,-0.4864963889122009
base,C[C@@H](C(=O)N(Cc1ccccc1)C1CC1)n1nnc(-c2ccccc2)n1,-2.4643704891204834
base,CCOc1ccc(Nc2nc(NC[C@H]3CCCO3)c3ccccc3n2)cc1,-2.8674113750457764
base,COc1cccc(C=O)c1OC,-5.573186874389648
base,Brc1ccccc1OCCCCCN1CCCC1,-11.099596977233887
base,COc1ccc(N[C@H]2CCCN(C(=O)c3cnccn3)C2)cc1OC,-1.1189422607421875
base,COC(=O)CNC(=O)COc1ncncc1-c1ccco1,-0.27033019065856934
base,NS(=O)(=O)c1cnc#[n+]c1/[C-]=C/c1ccccc1,-0.5396655797958374
base,N[c-]1[n-][n-][n-]n1NC1[CH-]N([C+]2[CH+][CH-][CH+][CH-][CH+]2)[C-]([O-])[c+]2[cH-][cH+][c+](Cl)[cH+][c+]21,-0.32990074157714844
base,O=C(O/N=C/c1ccccc1Cl)c1ccccc1,-5.839134216308594
base,F[C-]1[N-][C+](N2CCCC2)[C]C(N[C+]2[CH+][CH-][CH+][CH-][CH+]2)N1,-4.8577961921691895
base,O=C1Cc2ccccc2CN1S(=O)(=O)n1cnc2ccccc21,-1.2890053987503052
base,CN(C)Cc1ccc(CNC(=O)c2ccc(C(F)(F)F)cc2)cc1,-6.941164016723633
base,S=C(NCc1ccccc1)N(Cc1ccncc1)Cc1ccc(Br)cc1,-8.655207633972168
base,Cc1cc(C#CCCO)cc(-c2ccco2)c1C(=O)O,-1.76297128200531
base,Cn1nnnc1SCCNCc1ccccc1F,-2.8258414268493652
base,CCOC(=O)c1csc(CCl)n1,-5.212413787841797
base,OCCNCCCN(Cc1ccccc1)Cc1ccccc1,-5.852869987487793
base,CN(C)S(=O)(=O)Nc1ccc(N2CCOCC2)cc1,-2.142534017562866
base,O=C(CCc1cccc2ccccc12)Nc1ccc2c(c1)OCO2,-4.894349575042725
base,C[c-]1[cH+][cH-][c+]2[n-][c+](-[c-]3[cH+][c-]4[c+]([cH+][cH-]3)[N-]ON4)[cH-]n2[cH+]1,-3.7194676399230957
base,N#Cc1sc(NCc2ccccn2)nc1Cl,-2.5527915954589844
base,CC/C=C(/NC(=O)Nc1cccc(C(F)(F)F)c1)C(=O)O,-1.567419171333313
base,CNNCC(C)C,-7.94100284576416
base,C[C@@H](NC(=O)CN1C(=O)[C@H]2CC=CC[C@H]2C1=O)c1ccccc1,-1.815049409866333
base,COCCN1[C-](S)S[c+]2[c-]1[c+](-[c+]1[cH-][cH+][cH-][c+](C)[c-]1C)[cH-][c+]1o[c+]([O-])o[c-]21,-3.702899217605591
base,COc1ccc(Cl)cc1C(=O)N[C@H]1CCN(CCCOC(C)C)C[C@@H]1OC,-2.804426908493042
base,CCOC(=O)c1nn(-c2ccc(OC)c(OC)c2)cc1OC,-1.4381119012832642
base,O=C(C1=C(O)C(=O)N(CCN2CCOCC2)[C@@H]1c1ccccn1)c1cccs1,-0.759559690952301
base,COc1ccc(C(=O)Nc2cc3c(cc2OC)CCCC3)cc1Br,-5.314380168914795
base,C[C@H](Oc1ccc(CC(=O)O)cc1)C(=O)Nc1ccc2c(c1)oc1ccccc12,-2.004909038543701
base,CCO[C@H](Sc1ccccn1)C(=O)Nc1ccc(OCc2ccccc2)cc1,-3.9321134090423584
base,O=C(NCc1csc(-c2cccs2)n1)Nc1cccc(Cl)c1,-4.761373043060303
base,NC(=O)CCCn1cc(C(F)(F)F)ccc1=O,-1.9358171224594116
base,O=C(C[C@H]1CCCO1)NCc1cccs1,-5.23030948638916
base,O=S(=O)(Nc1ccc2[nH]ncc2c1)c1cccs1,-1.3475377559661865
base,CCC(=O)Nc1cccnc1Oc1ccc(OC)cc1,-2.8067522048950195
base,COc1ccnc(N2CCN(Cc3ccc4c(c3)OCO4)CC2)c1C#N,-1.431978702545166
base,[CH2+]C(C[CH+]C[C][N-]N[S+2]([O-])([O-])[c-]1[cH+][cH-][c+](F)[cH-][cH+]1)[c+]1[cH-][cH+][cH-]o1,-1.4569041728973389
base,O=C(c1ccc(-c2ccccc2)cc1)[C@@H]1CCCN(C(=O)CC=C=[C-]N2C=N[C@H]3[C@@H]4[C@H]5C=CN=C2[C@]453)C1.[H+],-3.487720251083374
base,COCCCN(C(=O)CSc1ccc(OC)cc1)[C@@H]1CCS(=O)(=O)C1,-1.3318586349487305
base,CO[C]1[CH][CH][C]([C]2[CH][C]3[C]([CH][C]2N([O-])[O-])O[C+]([O])[C]2[CH][CH][C](Br)[CH][C]32)[CH][CH]1,-1.3316148519515991
base,O=C(NNS(=O)(=O)c1ccccc1)c1ccccc1F,-1.1215296983718872
base,[CH2+]C([CH2+])([CH+]CCC[C]N[C-]([O-])[c+]1[cH-][c+](Cl)[c-](OC)[cH+][c-]1[N-][C-](N)[c-]1[cH+][cH-][cH+][cH-][cH+]1)C([CH2-])C.[H+].[H+].[H+],-3.147902250289917
base,N#C/C=C(\NCCN1CCCC1)C(=O)c1cc(Cl)sc1Cl,-3.4559218883514404
base,O=C1C=C(Nc2cccc(Cl)c2)C[C@H](c2ccco2)C1,-5.889185905456543
base,S=C(NC[C@H]1CCCO1)Nc1ccccc1,-6.102016448974609
base,OOc1ccccc1Nc1ccc(Cl)cc1,-5.679647922515869
base,COCCN(Cc1ccccc1)S(=O)(=O)c1ccc(-c2ccc(=O)[nH]n2)s1,-0.5632542967796326
base,N/C(=N\OC(=O)Nc1ccc(Cl)cc1)c1ccccn1,-0.7495352625846863
base,CCOc1cc([C@H]2NC(=S)NC3=C2C(=O)CC(C)(C)C3)ccc1O,-1.9300557374954224
base,O=C(OCC(=O)c1c[nH]c2ccccc12)c1cccc(OC(F)F)c1,-2.5172531604766846
base,O=S(=O)(c1cccc(Cl)c1)c1snnc1-c1ccc(Cl)cc1,-3.708625316619873
base,S=C1NCN(Cc2ccco2)CN1CCc1ccccc1,-6.387725830078125
base,Oc1c(Cl)cc(Cl)cc1[C@H](O)c1ccc2ccccc2n1,-4.411892890930176
base,Fc1ccccc1CSCCNc1ncnc2ccccc12,-6.308960437774658
base,O=C(O)COc1ccccc1CNc1c(C(=O)O)ccc2ccccc12,-1.1538969278335571
base,CN(CC(=O)NC1CCN(c2ccccc2)CC1)S(=O)(=O)Nc1ccc(Br)cc1,-1.083903193473816
base,COc1cccc(O[C@@H]2CC[C@H](C(=O)NCCCOC(C)C)C2(C)C)c1,-3.6225435733795166
base,O=[N+]([O-])c1ccc(N2CCN(CCO)CC2)cc1,-1.4695405960083008
base,COC(=O)c1cc(C)sc1NC(=O)[C@@H]1COc2ccccc2O1,-1.4450160264968872
base,S=C(NC1CCCCC1)N1CCN(c2ccccn2)CC1,-6.4742207527160645
base,[CH2+]CCC[CH-]N(C[CH2-])C[CH+]N[c+]1[n-][cH-][cH+][cH-][c+]1[C-](F)C(F)F,-7.6503682136535645
base,[CH2-]CCC/C=C/C/[NH+]=C\CNc1oc(-c2cccc(F)c2)nc1C#N,-1.295829176902771
base,Clc1ccc2nc(-c3ccccc3)c(CN3CCCC3)n2c1,-9.484004974365234
base,Clc1cccc(NC2=NCCS2)c1Cl,-8.396485328674316
base,CC[C@H](C)NC(=O)/C=C/c1cccs1,-7.005035400390625
base,Cc1onc(-c2ccccc2)c1C(=O)N[C@@H](C)Cc1ccccc1,-3.911062479019165
base,[CH2+]CCC[CH-]CCNC(=O)[C@H](Nc1ccccc1)[C@@H](C)CC,-5.967124938964844
base,NNC(=O)c1ccc2n(-c3ccccc3)c3ccccc3cc1-2,-2.9361562728881836
base,CCCOc1ccc(CNC(=O)c2cnc3ccccn3c2=O)cc1,-1.4314476251602173
base,O=C(NNC(=S)NCc1ccco1)c1ccc(Br)cc1,-1.9925450086593628
base,O=C(Nc1nnc(C(F)(F)F)s1)[C@H]1COc2ccccc2O1,-1.404030680656433
base,Nc1cc(C(=O)NCCCn2ccnc2)cc(C(F)(F)F)c1,-1.4690799713134766
base,CC(=O)n1cc(N2CCCCCC2)c2ccccc21,-8.136709213256836
base,O=C(COc1ccc(C(=O)c2ccccc2)c(O)c1)OCCCl,-1.6188440322875977
base,Cn1c2ccccc2c2ccc(-c3[c-]nccc3)cc21.[H+],-10.01910400390625
base,CC(=O)CCc1cc2ccccc2[nH]c1=O,-3.616055488586426
base,NNC(=O)c1cccs1,-2.988450765609741
base,COC[C@H](C)c1nc2[s+]c3c(c-2c([O-])n1-c1ccccc1)CCCC3,-4.511144638061523
base,N#CN(CCO)c1nc(Nc2cccc3ccccc23)nc(N2CCCCC2)n1,-0.7330289483070374
base,CCOC[C@H](CC)C(=O)NC(c1ccccc1)c1ccccc1,-6.127110958099365
base,O=C(COc1ccccc1Br)NNC(=O)NC1CCCCC1,-1.1291595697402954
base,O/N=C/C1=C[C@@H]2[CH-][C@H]2CN/C1=C1/C=CC=[N+]=C1,-2.6702146530151367
base,O=C(Cn1cc2c(n1)CCCC2)NCc1ccccn1,-2.363548755645752
base,O=S(=O)(NCC1CCN(S(=O)(=O)c2ccccc2F)CC1)c1ccccc1,-0.8192866444587708
base,Cc1nn(C)c(C)c1S(=O)(=O)N1CCN(Cc2cccc3nonc23)CC1,-0.283279150724411
base,CC1CCN(C[C@@H]2CCCCC2=O)CC1,-8.698934555053711
base,CC(C)(CNS(=O)(=O)c1ccc(Cl)cc1)N1CCCCC1,-3.9888756275177
base,NC(=O)NCCCN1CCCC1=O,-1.2686296701431274
base,ON/C(=N\c1ccccc1)c1cccc(Cl)c1Cl,-5.35325288772583
base,Clc1ccc(-n2nnnc2SC2CCCCC2)cc1,-5.318259239196777
base,c1ccc(Cc2noc(CN3CCC(CN4CCOCC4)CC3)n2)cc1,-3.0400967597961426
base,O=C(CCc1ccccc1)NNC(=O)Cc1ccc(Cl)cc1,-2.8435025215148926
base,NS(=O)(=O)c1ccc(/C=C/C(=O)OCC(=O)Nc2ccc(S(N)(=O)=O)cc2[N+](=O)[O-])cc1,-0.2990941107273102
base,O=C(CCS(=O)(=O)c1ccc(Br)s1)NCCCO,-0.749076247215271
base,CCOC(=O)[C@]1(C)/C(=N/Nc2ccc(Cl)cc2)C(=O)C(=O)N1c1ccccc1,-1.0039513111114502
base,O=C1c2cccc3c(-n4cnnn4)ccc(c23)C(=O)N1c1cccc2ccccc12,-1.7048840522766113
base,O=C(O)c1ccc2ccccc2n1,-3.537998914718628
base,C[C@@H]1OC(=O)C2=CC=C([N+](=O)[O-])S234=[O+]C3(Oc2ccccc2)C42C=C[C-](Cl)C(=C2)NC1=O,-0.5800945162773132
base,COc1ccc2cc3c(nc2c1)NC(=O)CS3,-3.43900465965271
base,COCCCNc1ccnc(Nc2c(F)cccc2F)n1,-2.838165044784546
base,Cc1cccc(C(=O)NC(=S)NNC(=O)c2ccccc2O)c1,-0.492292195558548
base,O=S(=O)(NCc1ccccc1F)c1ccccc1C(F)(F)F,-4.635953903198242
base,O=CNCNC1=[S+]/C(=[S+]/CC(=O)Nc2cccc(N([O-])[O-])c2)N=N1,-0.3131907284259796
base,OC[C@@H](O)[C@@H]1O[C@@H](Nc2ccccc2)[C@H](O)[C@@H]1O,-0.3921539783477783
base,C/N=c1\scc(-c2ccco2)n1/N=C/c1ccco1,-3.1304080486297607
base,CCOC(=O)NC(=O)C(/C=N/c1ccccc1Cl)=C(\C)O,-1.0902515649795532
base,Fc1ccc(N2CCN(c3nc(Cl)ncc3F)CC2)cc1,-6.45140266418457
base,Fc1ccc(CN2Cc3cccnc3NC2=S)cc1,-7.270715236663818
base,Oc1ccc(NC(=S)NCC(Cl)(Cl)c2ccccc2)cc1,-5.371100902557373
base,O=C(CCCC(=O)c1cccs1)NCc1ccc[nH]c1=O,-1.0312341451644897
base,Cc1ccc2c(c1)nnn2CC(=O)NNC(=O)[C@@H](Cc1ccccc1)c1ccccc1,-0.8697118759155273
base,[CH2-]OC1=NC2=[NH+]C(SCC(=O)O)=NC3=[S@]2(=C1)/[N+]3=[C-]\C=[C-]/Oc1cccc2nc(Nc3ccc(OC(F)F)cc3)ncc12.[H+],-0.404953271150589
base,CCOc1ccc(C(=O)NCCNC(=O)c2ccc(C)cc2)cc1,-1.922121524810791
base,N#CCOc1cccc2c1ccc1ccccc12,-6.940662384033203
base,O=C(Nc1ccc(Cn2c(=O)n(-c3ccccc3)c(=O)n2-c2ccccc2)s1)C1CC1,-1.4917244911193848
base,N#Cc1ccc(OCC(=O)Nc2ccc([N+](=O)[O-])cc2)cc1,-0.558599054813385
base,NCCOc1cccc(/C=N\n2cnnc2)c1,-0.9419762492179871
base,CO/N=C(\c1ncc(C(F)(F)F)cc1Cl)c1ncccc1NC(=O)NC(C)C,-1.648748755455017
base,Cc1cccc(N2CCN(C3CCCCC3)CC2)c1C,-12.208382606506348
base,COc1ccc(OC)c(-c2nc(CC(=O)NCCc3ccccc3)cs2)c1,-3.0868523120880127
base,O=S(=O)(NCc1cccs1)c1cccc2cccnc12,-2.7374069690704346
base,CCCN1CCN(C(=O)CCC(=O)Nc2ccccc2)CC1,-3.202819347381592
base,CCCC(=O)/[NH+]=[NH+]/C(=O)C/[C-]=C(/[O-])[N-]CC/C=N/C(=O)Nc1c(F)cccc1F.[H+],-0.3449554741382599
base,CCC(=O)NCc1nc2ccccc2n1Cc1ccc(OC)cc1,-3.185807943344116
base,N#Cc1c(-n2cccc2C(=O)NN)sc2c1CCCCC2,-0.9052682518959045
base,Brc1cnc(N2CCCCC2)nc1N1CCOCC1,-4.811655521392822
base,CCCn1c(=O)[nH]c2c(c1=O)CCC2,-3.0464274883270264
base,N#CC(C#N)=NNc1ccc([N+](=O)[O-])cc1,-0.4927655756473541
base,Nc1cc(=O)nc(SCC(=O)NCC(=O)NC2CCCC2)n1CCC1=CCCCC1,-0.49355193972587585
base,COc1ccc2cnn(-c3ccc(S(N)(=O)=O)cc3)c2c1,-0.5130904912948608
base,COCC(=O)Nc1sc2c(c1C#N)CC[C@H](c1ccccc1)C2,-2.8334648609161377
base,CCOc1ccc(S(=O)(=O)NC2CC(C)(C)NC(C)(C)C2)c2ccccc12,-2.586232900619507
base,Cc1[nH]c2ccc(OCC(=O)Nc3cc(Cl)cc(Cl)c3)cc2c1C,-5.016397476196289
base,C=C(/N=[N+](\C=C1\C=C[C-](Oc2ccc(F)cc2F)N=C1)c1ccc(F)cc1)c1ccc(F)cc1,-9.915861129760742
base,COc1ccccc1NC(=O)N1CCC(C(=O)c2ccc(F)cc2)CC1,-3.4569528102874756
base,NNC(=S)Nc1ccccc1N1CCOCC1,-2.105630874633789
base,CCCn1/c(=N/C(C)=O)c(C(=O)OCC)cc2c(=O)n3ccccc3nc21,-0.36964571475982666
base,O=C(CSc1n[nH]c(=O)[nH]c1=O)NC[C@H]1CCCO1,-0.4417228400707245
base,[CH2+][C-]([S-])N([c+]1[cH-][cH+][cH-][c+](Br)[cH-]1)C(C)OC,-10.510276794433594
base,C=C([O-])Nc1ccc(C(=O)[N-]C2=[S+][C@@H](CC(=O)Nc3cc(C)on3)C(=O)N2CC)cc1.[H+],-0.29425689578056335
base,C[C]([O-])[C]([C][N])[CH][CH][CH][C-]COCCCCCCN1[CH+][CH][C]([O])N[C]1[O],-0.5047042369842529
base,CCOC(=O)C1=C(C)N=C2S[C@@H](C)C(=O)N2[C@@H]1c1ccccc1F,-2.9841670989990234
base,O=C(CC(=O)c1ccccc1O)c1ccc(F)cc1,-3.4332807064056396
base,Cn1cc(CN2CCCCC2)c(-c2ccc(Cl)cc2)n1,-9.043539047241211
base,O=C(NO)c1ccccc1O,-1.6019800901412964
base,O=C(NCCC(=O)N1CCCCCC1)c1ccccc1,-3.728499174118042
base,CCOc1cccc(CC=C(C)C)c1OCc1ccc(C(=O)NN)o1,-1.19374418258667
base,Cn1c(-c2cccc(Br)c2)cnc1NCc1cccc([N+](=O)[O-])c1,-2.582364320755005
base,S=C(NC1CCCCCC1)N1CCN(c2nc(-c3ccccc3)cs2)CC1,-7.712039947509766
base,CC1[CH-]N(C[C+]([O-])N[c+]2[cH-][cH+][c-]3[c+]([cH-]2)OCCO3)[c+]2[cH-][cH+][cH-][cH+][c-]2[C+]1[O-],-0.7809208631515503
base,COc1cc(-c2n[nH]c(=S)n2-c2ccccc2)ccc1C,-5.424948692321777
base,C[C@H]1CCC[C@H](C(=O)Nc2nnc(SCC(=O)N3CCc4ccccc43)s2)C1,-2.1734635829925537
base,CCS(=O)(=O)Nc1cc(C)ccc1CN1C(=O)c2cccc3cccc(c23)C1=O,-1.504078984260559
base,CCCCc1ccc(Nc2nc(N3CCOCC3)nc(-n3nc(C)cc3C)n2)cc1,-1.5555205345153809
base,CCNC(=O)NC(=O)Cc1cccs1,-2.5846993923187256
base,O=C(Cc1ccc(Cl)cc1)N/N=C1\C(=O)Nc2ccc(C3CC3)cc21,-1.9971867799758911
base,OCCCN1CCN(c2ccccn2)CC1,-4.874409198760986
base,O=[N+]([O-])c1ccc2cc(S(=O)(=O)N3CCOCC3)ccc2c1,-0.5376144051551819
base,CN(C)CCS[P@@](C)(=O)Oc1ccccc1,-7.057825565338135
base,C=C([O-])NC1=CC2=[O+]CCOC2=C/C1=N\C(C)=O,-0.7291629910469055
base,CCN(c1ccccc1C)S(=O)(=O)c1nnc(NC(=O)C(C)C)s1,-0.7067102789878845
base,N[C@H](COP(=O)(O)O)C(=O)O,-0.56751549243927
base,N#CC1=C(SCC(N)=O)NC(=O)C[C@@H]1c1ccc(Cl)cc1,-0.49030739068984985
base,Clc1ccc2sc(C3CCNCC3)nc2c1,-8.14966106414795
base,CCN(CC1CCCCC1)C(=O)CNC(=O)C1CCN(C(=O)c2cccc3ccccc23)CC1,-2.7738401889801025
base,Cc1cnc2ccccc2c1,-10.11220645904541
base,Brc1ccc(CN2CCSCC2)cc1,-12.590226173400879
base,[O-][C+](CCO[c+]1[cH-][cH+][cH-][cH+][cH-]1)N[N-]C1(CC[CH+][CH-][c+]2[cH-][cH+][cH-][cH+][cH-]2)O[c+]2[cH-][cH+][cH-][cH+][c-]2O1,-2.506195306777954
base,S=C(Nc1ccc(Cl)cc1Cl)NC1CCCC1,-8.968816757202148
base,O=[N+]([O-])c1cnc[nH]c1=S,-1.560436725616455
base,S=C(NCCc1cccc2ccccc12)Nc1ccc2c(c1)OCO2,-5.599556922912598
base,[CH2-]CO[C+]([O-])[C+]1CCN(C[c-]2[n-][cH+][cH+]n2C)C(C)([C-]([O-])N[C+]2[CH+][CH-][C+](Cl)[CH-][CH+]2)C1.[H+],-0.5107148885726929
base,NNC(=O)NC1=CCC=CC1=O,-0.8413263559341431
base,O=C(/C=C/c1ccco1)NCCC(=O)OCc1cccc2ccccc12,-2.3794236183166504
base,Nc1nc(-c2cc3ccccc3n2CC(=O)Nc2ccccc2Cl)cs1,-2.7730631828308105
base,CCOc1nc2ccccc2cc1[C@@H]1C(C(=O)NCCCOC)=COc2c1ccc(O)c2CN1CCOCC1,-1.1535202264785767
base,Fc1ccc(NC(=S)N2CCN(c3ccc(C(F)(F)F)cn3)CC2)cc1,-7.165234088897705
base,COCc1ccc(-c2onc(C)c2-c2cccc(OC)c2OC)c(O)c1,-2.3612377643585205
base,[O][C](N[C]([S])N1CCN([C]2[CH][CH][C](Cl)[CH][C]2N([O-])[O-])CC1)[C+]1[CH][CH][C](F)[CH][CH]1,-0.9527142643928528
base,O=C(OCc1ccccc1)/C(=C/c1ccccc1)NC(=O)c1ccccc1,-4.054556369781494
base,CCOc1ccccc1C(=O)NCC(=O)OCC(=O)c1cc2ccccc2o1,-0.7605791687965393
base,O=c1c(/C=C/c2ccccc2)coc2c(CN3CCOCC3)c(Br)ccc12,-5.9212727546691895
base,Br[C@@H]1C[C@@H]1CSC1=NCCN1,-7.748439788818359
base,COc1ccc2c(CC(=O)Nc3ccccc3C)coc2c1,-4.21136474609375
base,S=C(NCCCN1CCOCC1)Nc1cccc(Cl)c1,-5.609498500823975
base,FCCCOc1ccc(-c2ccnc(-c3ccccc3)n2)cc1,-7.080730438232422
base,COc1cccc(N(CC(=O)NCc2ccco2)C(C)=O)c1-c1ccccc1,-2.0681328773498535
base,CC[C@@H](Oc1ccccc1)C(=O)Nc1cc2c3c(c1)CCN3C(=O)CC2,-3.0497443675994873
base,[H+].[N-2][C][C-]([C][N-]CCCN1CCOCC1)[C+]([O-])[CH-][CH+][c-]1[cH+][cH-][cH+]s1,-1.499397873878479
base,O=C(CCc1ccc(S(=O)(=O)N2CCOCC2)cc1)NNS(=O)(=O)c1ccccc1,-0.2891375422477722
base,CCCC[C@@H](CC)CN1CCc2cc(OC)c(OC)cc2[C@@H]1C,-9.842148780822754
base,[CH2-]C(=O)C(/C=[C-]\C=C\C(=O)N(C)CC(=O)Nc1ccccn1)=C1\C=C/C(=[O+]\C)C(OC)=C1.[H+],-0.48517265915870667
base,COc1ccc(COC(=O)Nc2ccc(N(C)C)cc2)cc1,-4.061074733734131
base,FC(F)(F)[C+]1[CH+][C-](N[c+]2[cH-][cH+][cH-][cH+][cH-]2)S[C-](C(F)(F)F)[N-]1,-9.272418022155762
base,CCOc1ccccc1N(CC(=O)NC1CCCCC1)S(C)(=O)=O,-1.2699480056762695
base,CNN[C@@H](C)c1ccc2c(c1)C(=O)c1ccccc1C2=O,-2.7052762508392334
base,CCCc1cnc(N/C(=N\c2ccc(OC)cc2)NCCN(CC)CC)nc1,-1.8282686471939087
base,O=C1CCCN1C[C@H](CN1CCOCC1)Sc1nc2ccccc2[nH]1,-2.254948616027832
base,NS(=O)(=O)c1ccc(NC[C@@H](O)COc2ccccc2)cc1,-0.27849164605140686
base,Cc1ccc2c(Cl)c(C(=O)NCCN3CCC[C@H](O)C3)sc2c1,-3.6546547412872314
base,CO[c-]1[cH+][cH-][c+]([C-]([O-])OC[C+]2[CH+][CH-][C+](O)[C-]([CH-]NC([c+]3[cH-][cH+][cH-][cH+][cH-]3)[c+]3[cH-][cH+][cH-][cH+][cH-]3)[CH+]2)[cH-][cH+]1,-2.335573434829712
base,NCCN1C(=O)C(=O)/C(=C\C(=O)N2CCCCCC2)[C@@H]1c1cccnc1,-0.37827181816101074
base,CO/N=C(/c1nonc1N)N1CCN(c2ccccc2C(F)(F)F)CC1,-0.4445703327655792
base,[N-2][C]C12[C+]([O-])[CH+][CH+][C+]([O-])[N+]1([C-]([O-])[C+]1[CH+][c-]3[cH+][cH-][cH+][cH-][c+]3O1)C21SCCS1,-0.363821804523468
base,NCNCCCNc1c[c-]c(O[C@H](Br)c2cscn2)cc1.[H+],-1.6994893550872803
base,CCOC(=O)N1C(=O)[C@](Cc2ccccc2)(c2ccc(Cl)cc2)N1C(=O)OCC,-2.250818967819214
base,Nc1ccc2nc[nH]c2c1,-3.009354591369629
base,Cc1ncc(C(F)(F)F)cc1S(=O)(=O)[CH-]Nc1ccccc1.[H+],-3.193315267562866
base,O=C(NNS(=O)(=O)c1ccc2ccccc2c1)c1cc2ccccc2o1,-1.0336486101150513
base,Cc1cc(-c2ccccc2)nc2c1CCCC2,-10.872038841247559
base,S=C(Nc1ccccc1)N[C@@H]1CCCN(C2CCCCC2)C1,-7.91414737701416
base,O=C(Cn1c(-c2ccccc2)noc1=O)N1CCC(Cc2ccccc2)CC1,-1.9975241422653198
base,COCc1ccccc1Cn1nnc(C(=O)Nc2ccc(C)cc2)c1N,-0.6187655925750732
base,CN(C)CC(=O)Nc1ccccc1-c1ccccc1,-6.374974727630615
base,O=C(N/N=C/c1coc2ccc(O)cc2c1=O)c1cc2ccccc2cc1O,-0.819021463394165
base,CCN(CC)C[C@H](O)C#Cc1ccccc1,-7.746428489685059
base,CCCCNC(=O)CSc1ccccn1,-4.683600425720215
base,O=S(=O)(c1cccs1)N1CCN(c2ccc(C(F)(F)F)cn2)CC1,-3.3533332347869873
base,CCOC(=O)N/N=C\c1sc2ccccc2c1OC(=S)N1CCOCC1,-1.721996545791626
base,COCCn1c(-c2ccccc2)cnc1N,-3.0992791652679443
base,COc1ccccc1NC(=O)CN1CCC(C(N)=O)CC1,-0.5360404849052429
base,CCC(NC(=O)Nc1nnc(C(F)(F)F)s1)(C(F)(F)F)C(F)(F)F,-2.9430394172668457
base,O=S(=O)(c1ccc(F)c(F)c1)N1CCN=C1SCc1ccc(Cl)cc1,-4.553847789764404
base,COCCCNC(=O)c1ccc(C#CC2(O)CCCCC2)cc1,-2.799835205078125
base,C[c+]1[n-][n-][c+]2n1[C+]([O-])[O+]([c-]1[cH+][c-](Br)[cH+][c-](OC[c+]3[cH-][cH+][c-](F)[cH+][cH-]3)[cH+]1)[C-]1[CH-][CH+][CH-][CH+][C-]21,-2.4516639709472656
base,CCCCCC1=NN2C(=O)CC(=O)N=C2S1,-2.355975866317749
base,O=S(=O)(c1cccc(S(=O)(=O)N2CCC(N3CCCCC3)CC2)c1)N1CCOCC1,-0.591590166091919
base,[S-][C+](N[N-][CH-][CH+][CH-][C+]1[C][CH+][CH-][CH+][C-]1Cl)N[c+]1[cH-][cH+][cH-][cH+][cH-]1,-5.984709739685059
base,Cc1ccccc1SCC(=O)Nc1cccc(C(=O)/N=c2\sc3ccccc3n2C)c1,-3.8761868476867676
base,[CH2+]O[C-]1[CH+][C][C+](S[CH-][N-][C+]([O-])C(C)(N[C-]([CH2+])[O-])O[C+]2[CH+][CH-][C+](Cl)[CH-][CH+]2)[C-](OC)[CH+]1,-0.5868992209434509
base,COc1ccc(CN(C)Cc2cc(=O)n3ccsc3n2)c(C)c1C,-4.305169105529785
base,O=Pc1ccc(Cl)cc1.[CH-]1CCCCC1.[H]/[O+]=C\c1ccccn1,-5.251864433288574
base,CN[C@H](NC(=O)CC/N=C1/CCc2ccc(Cl)cc2N1)C(Cl)(Cl)Cl,-2.662684917449951
base,O=C(NCC(=O)N(CCN1CCOCC1)[C@H](C(=O)NC1CCCC1)c1ccccc1)c1ccccc1,-0.6281150579452515
base,[H+].[H]/N=C(/N)N[C@@H](/[C-]=[O+]/CCOCCOCCOCCO[C@H](CNC)OC[C@@H](O)COc1ccccc1F)[C-](O)[C@H](O)[C@@H](O)CO,-0.4197410047054291
base,C[c-]1[cH+][cH-][cH+][c-]([C-]([C+]([O-])NC[c+]2[cH-][cH+][cH-]o2)N(CC[C+]2[CH+][CH+][CH-][CH+][CH-]2)[C+]([O-])[C+]2[CH-]S[N-][N-]2)[cH+]1,-0.9468285441398621
base,O=S1(=O)CCN(Cc2ccccc2Cl)CC1,-5.2990288734436035
base,O=C(NCCC(c1ccccc1)c1ccccc1)c1ccc(Br)o1,-6.462410926818848
base,O=C(O)COc1ccccc1OCc1ccc(Cl)cc1Cl,-3.9149842262268066
base,Fc1ccc2nc(-c3ccc(Br)cc3)cn2c1,-9.94320297241211
base,Nc1cnc(N2CCOCC2)nc1-c1ccccc1,-1.9070223569869995
base,S=C(NC1CCCCC1)NC1CCCCC1,-8.32483959197998
base,COc1ccc(NC(=O)[CH-]C(C)(C)[CH-]COC(=O)[C@H](C)/[S+]=C2\N=NC(N)=[S+]2)cc1,-0.3794555962085724
base,Cc1csc(NC(=O)/C=C/c2ccco2)n1,-3.1777141094207764
base,O=C(NCCc1ccccn1)c1cc(-c2ccco2)nc2ccccc12,-2.5158681869506836
base,CCC(=O)c1c[nH]c(CCOC)n1,-2.9942123889923096
base,COc1ccc(C/C=N/n2cnnc2)cc1COCC(F)(F)F,-2.4582717418670654
base,CC(=O)/C=N/O,-3.8457655906677246
base,O=S(=O)(NCc1cccnc1)c1ccc(Br)s1,-2.6733314990997314
base,S=C(NNc1ccccc1)NC1CCCC1,-5.744137763977051
base,Cn1nnc(NC(=O)CCC(=O)Nc2ccccc2O)n1,-0.31650203466415405
base,CCOC(=O)Oc1ccc2oc(=O)cc(C)c2c1,-2.1115095615386963
base,COc1ccc(-c2cc(C)no2)cc1S(=O)(=O)NCc1cccs1,-1.2699178457260132
base,C[c-]1[nH][c+]([C][CH+][CH+][N-][C+]2[CH+][CH-][CH+][CH-][C+]2O)[c-](C)[c+]1[C-]([O-])NC1CCCC1,-1.2005146741867065
base,CCC(=O)N1N=C(c2ccc(Br)cc2)C[C@H]1c1ccco1,-5.213525772094727
base,CCOc1cc(C(=O)N(C)Cc2cc3cc(C)ccc3[nH]c2=O)cc(OCC)c1OCC,-2.102757692337036
base,[cH+]1[cH-][cH+][cH-][c+](O[c-]2[n-][c+]([N-]CCN3CCCC3)[n-][c+]3[c+]2CCCC3)[cH-]1,-3.914630889892578
base,[CH][CH+][CH-][CH+][C]N[CH+][C]CCNCC1(N(C)C)CCCCC1,-7.378995895385742
base,CN([O-])C[c+]1[cH-][cH+][c-](-[c+]2[c-](C3CC(C)(C)[C+]([O-])N3)[cH+][cH-][c+]3[cH-][cH+][cH-][cH+][c-]23)[c+]([C][N-2])[cH-]1,-2.175229787826538
base,[CH2-]CC(=O)NC1=C=CC=C/C1=[NH+]\C(=O)C1=CN(C)C(C)=C([c-]2ncc[nH+]2)[C@H]1c1cc(OC)ccc1OC,-0.2953195571899414
base,COc1cc(Cl)c(S(=O)(=O)NCCCN2CCOCC2)cc1Cl,-1.731784462928772
base,C[C@H](CP(C)(C)=O)C(=O)c1ccccc1,-6.34731388092041
base,CCCC[C@@H](Cc1ccccc1)C(=O)N1CCN(c2ccccc2)CC1,-9.019635200500488
base,O=C(C1=C(Nc2ccc(F)cc2)S[C@@H]2C=CC=CN12)c1ccc(OC(F)F)cc1,-6.909867763519287
base,C=COCCn1c(-c2nonc2N)nc2ccccc21,-0.4510626792907715
base,O=C1NCCN1C(=O)OONC1=CCCCC(COCc2[c-]cccc2O)=N1.[H+],-0.45445674657821655
base,[O-][S@+](NCc1ccco1)[C@@](O)(Cc1ccccc1)c1ccccc1,-2.103776216506958
base,[CH2+]CN(CCN=[S@](=O)([O-])c1ccccc1)c1ccc([N+](=O)[O-])cc1,-0.7705557942390442
base,CCO[c-]1[cH+][cH-][cH+][c-](C2N[C-]([O-])C[c+]3[cH-][cH+][cH-][nH][c+]32)[cH+]1,-2.389923572540283
base,Cc1cc(NCc2ccco2)n2nnnc2n1,-0.8504299521446228
base,CSCCC(=O)N(Cc1cc2ccc(C)cc2[nH]c1=O)C1CCCC1,-4.092518329620361
base,FC(F)OC(F)(F)[C@H](F)Cl,-11.330460548400879
base,CC(=O)c1ccc(OCCN2CCOCC2)cc1,-5.044857978820801
base,NCC(=O)N1CCC[C@@H]1C(=O)NC1CCCCC1,-1.2392915487289429
base,Fc1ccc([C@@H]2CCNc3ccc(Br)cc3N2)c(Br)c1,-9.933018684387207
base,COc1ccccc1[C@](O)(C(N)=O)c1ccccc1,-1.2387093305587769
base,O=C(Nc1nc2ccccc2n1CCc1cccs1)c1ccc2c(c1)OCO2,-3.0802981853485107
base,O=C(CCCNC(=O)c1ccccc1-c1ccccc1C(=O)O)NCc1ccccn1,-0.902502715587616
base,O=C(N/N=C/c1ccc(OS(=O)(=O)c2ccccc2)cc1)c1cccc(NC(=O)c2cc3ccccc3oc2=O)c1,-1.8789514303207397
base,Fc1ccc(OCc2n[nH]c(=S)n2Cc2ccccc2)cc1,-5.306067943572998
base,COC(=O)c1cc2n(c1)Cc1c(c3ccccc3[nH]c1=O)[C@H]2OC,-1.3504095077514648
base,CCOc1ccc(Cl)c(-c2nc3ncccc3[nH]2)c1,-4.230459213256836
base,C/[O+]=C1/C=CC(/C=[C-]\C(=O)NC([O-])=S)=C/C1=[O+]\c1ccccc1,-1.1238552331924438
base,CC(NCc1ccnn1C1CCCCC1)=C1C(=O)CC(C)(C)CC1=O,-2.979673385620117
base,C[C@@H]1CN(c2cnnc(C(F)(F)F)c2)C[C@H](C)O1,-5.3379316329956055
base,Cc1nc(CNS(=O)(=O)c2ccc(OC(F)(F)F)cc2)cs1,-2.0035953521728516
base,O=C(Nc1cccc2c1nc(-c1ccccc1)n2S(=O)(=O)c1ccccc1)c1ccccc1,-2.913616895675659
base,COC(=O)c1c(C)nc2sccn12,-4.413364887237549
base,O=C(Nc1cccc(F)c1)/C(=C\c1cccnc1)NC(=O)c1ccco1,-1.1685409545898438
base,CN1CCC(Oc2ccc(Sc3ccccc3)cc2)CC1,-11.212268829345703
base,O=C(CCN1CCCCC1)NNC(=O)c1cc2cc(OC(F)(F)F)ccc2[nH]1,-0.9055140614509583
base,CCOc1ccc(-c2csc(NNC3=NCCCCC3)n2)cc1,-3.6247081756591797
base,COCC(=O)N1CCCc2ccccc21,-6.60536003112793
base,CO[c+]1[c-](CS[C-]([S-])[N-]C(C)C[C+]2[CH+][CH-][CH+][CH-][CH+]2)[cH+][cH-][cH+][c-]1OC,-7.73282527923584
base,N#CCCN1CCN(C(=O)c2sc3ccccc3c2Cl)CC1,-4.3619065284729
base,CN(CCCNC(=O)Cc1cn(C)c2ccccc12)Cc1ccccc1,-5.802628040313721
base,N#Cc1nc(CC(=O)O)oc1NCC[C@@H](NC(=O)CNC(=O)CCc1ccc(Cl)cc1)C(=O)NCCCCCC(=O)O,-0.4104514420032501
base,COC#Cc1ccccc1OCCN1CCOCC1,-6.269694805145264
base,C[c+]1[cH-][cH+][c-](C)[cH+][c-]1[N-][N-][CH+][c+]1s[c-]2[cH+][cH-][cH+][cH-][c+]2[c-]1O,-6.397767543792725
base,CN(Cc1nccs1)C(=O)c1cc(COc2c(F)cccc2F)on1,-2.14700984954834
base,NS(=O)(=O)c1ccc(CNC(=O)/C(=N\O)c2cscn2)cc1,-0.32023346424102783
base,CC(N)[C-]([O-])NC[CH+]C[C+]([O-])NC(C[c+]1[cH-][nH][c+]2[cH-][cH+][cH-][cH+][c-]12)[C+]([O-])O,-0.3398164212703705
base,Clc1ccc(SCCN2CCNCC2)cc1,-9.546077728271484
base,O=[N+]([O-])C[C@H](Oc1cccc(Br)c1)c1ccccc1Cl,-4.698272228240967
base,Clc1ccc(OCc2nc3ccccc3[nH]2)cc1,-6.100634574890137
base,O=C(CCCOC(=O)NCCc1nc2ccccc2[nH]1)OCc1ccc(Br)cc1,-1.542249083518982
base,C=C=C1C(/[SH+2]=C/C=C2/C=C[CH-]N=C2)[C@H]1O/N=c1/cccc(C(F)(F)F)[cH-]1,-6.360644340515137
base,O=[P@@](CCC(F)(F)F)(c1ccc(F)cc1)c1ccco1,-7.341735363006592
base,O=c1[nH][nH]c(-c2ccccc2)c1[C@](O)(c1ccccc1)c1ccc(F)cc1,-2.535768508911133
base,O=C(CCNS(=O)(=O)c1cccc2ccccc12)NCc1ccc(F)cc1,-1.5220096111297607
base,O=[N+]([O-])c1cc(C(F)(F)F)cc([N+](=O)[O-])c1N1CCN(C(=S)Nc2ccccc2)CC1,-1.4792883396148682
base,Cc1cc(C)nc(NS(=O)(=O)c2ccc(NC(=O)c3cccc4ccccc34)cc2)n1,-1.6085052490234375
base,CC(C)O[P@@](=O)(Nc1cccc2ccccc12)N(Cc1ccco1)C(=O)c1cn(C)c2ccccc12,-5.693999767303467
base,C[C@](N)(Cc1ccc(O)c(O)c1)C(=O)O,-0.4802091419696808
base,O=C(NC(=C(Cl)Cl)P(=O)(c1ccccc1)c1ccccc1)c1ccccc1,-5.958215236663818
base,CN1[C]2[C]([N][CH]N2C[C]2[CH][CH][C](N([O-])[O-])[CH][CH]2)[C+]([O])N(C)[C]1[O],-0.4726077616214752
base,Brc1ccc(-n2cc(C3CCCCC3)c3cncnc32)cc1,-8.566266059875488
base,COCCCn1nnnc1SCC(=O)NCc1ccc2c(c1)OCO2,-0.3219635784626007
base,Fc1ccc(-n2c(SCc3ccccn3)nnc2-c2nc3ccccc3[nH]2)cc1,-2.8966128826141357
base,[H]/N=c1/ccon1-c1ccc(OC(F)F)cc1,-3.523845911026001
base,O=S(=O)(c1ccc(S(=O)(=O)N2CCN(c3ccccc3)CC2)cc1)N1CCCC1,-1.0113446712493896
base,BrCCCc1ccccc1N1CCCC1,-12.924861907958984
base,CCCn1c(SCC(=O)NC2=[S+]C(C)=C(C)/C2=C(/N)[O-])n[nH]c1=O,-0.38194847106933594
base,FC(F)(F)/[C-]=C/C=[C-]/[N@@+]12CCCN1C2.[H+],-12.350180625915527
base,CC[C-]([S-])N[C][CH+]C1[C+]2[C-]3N[C+]([O-])[CH+][C-](C)C231,-4.030158042907715
base,O=[N+]([O-])c1ccccc1NC(=S)Nc1cccc2cnccc12,-1.8575186729431152
base,CN(c1ccccc1)S(=O)(=O)c1cccc(C(=O)NC[C@]23C[C@H]4C[C@H](C[C@H](C4)C2)C3)c1,-3.211517810821533
base,O=C(NN1C(=O)[C@@H]2[C@H](C1=O)[C@H]1C=C[C@@H]2O1)c1ccccc1-n1cccc1,-0.7494109272956848
base,Clc1ncccc1CNC1CCCCC1,-8.051058769226074
base,CCOc1cc(C(=O)Nn2cnnc2)cc(OCC)c1OCC,-0.6251552104949951
base,C/C1=N\NC(=O)C/[S+]=C2\[N-]C3=C(C(C=C[CH-]3)OC(=[NH2+])C1)N2C(=O)c1ccccc1,-0.3579762279987335
base,O=C(CCc1ccccc1)NC(=S)Nc1ccc(F)c(Cl)c1,-5.723554611206055
base,N[C@H](Cc1cc(O)c(O)c([N+](=O)[O-])c1)C(=O)O,-0.48978883028030396
base,O=C1C2=[S+]C3=C(CCC[C@H]3N[C@@H]3CCC[C@@H](O)C3)C2=[C-][C@H](CCO)N1c1ccc(O)cc1,-0.6736263632774353
base,CCCOP(=O)(OCCC)c1c(=O)n(C)n2ccc(OC(=O)c3ccccc3F)nc12,-0.8065976500511169
base,N[C@H]1CCCN(c2ccccc2O)C1,-3.574309825897217
base,CCC1(CC)Oc2cc([N+](=O)[O-])c(C)cc2NC1=O,-1.1642838716506958
base,[O-][C+]1NN([c+]2[cH-][cH+][cH-][cH+][cH-]2)[C-]2[N-][C+]3[CH+][CH-][CH+][CH-][C+]3[C-]([c+]3[cH-][cH+][cH-][cH+][cH-]3)N12,-3.01991605758667
base,S=P(Nn1cnnc1)(c1ccccc1)c1ccccc1,-4.508869171142578
base,CC(C)[C@H](O)CN(Cc1cccs1)C(=O)COCc1ccccc1,-4.088862895965576
base,FC(F)OCc1cccc(Cl)c1,-11.326870918273926
base,CCOC(=O)c1ccc(-c2cc(OC)c(OC)c(OC)c2)nc1,-2.0987181663513184
base,[S-]C12CCCC[C-]1[C+](N[c-]1[cH+][cH-][cH+][cH-][cH+]1)[C-]1C34[C][S+3]123S4,-10.91882038116455
base,O=[N+]([O-])c1nn(-c2ccccc2)n(O)/c1=N/C1CCN(Cc2ccccc2)CC1,-0.527116060256958
base,C1=C/C(=C\N2CCCCC2)[S+]=C1.[O-]P(OC1CCCCC1)OC1CCCCC1,-6.374887466430664
base,Cc1ccc(C2=N[C@H](c3ccc(Cl)cc3)N(c3ccc4ccccc4c3)C2=O)cc1,-9.526923179626465
base,Cn1c(C(=O)NC[C@H]2CCCO2)cc2c(=O)[nH]c3ccccc3c21,-1.0902535915374756
base,NS(=O)(=O)c1cccc(NC(=S)NCc2ccccc2)c1,-0.722283661365509
base,O=[N+]([O-])/C(Sc1ccc(Cl)cc1)=C1\NCCN1c1ccccc1,-3.5372231006622314
base,Clc1ccc(-c2nnc(SCc3ccccc3)o2)cn1,-4.373538017272949
base,CC(C)OP(=O)(OC(C)C)c1ccc([N+](=O)[O-])cc1,-1.6146411895751953
base,CCCN(CC(=O)NCCOC)S(=O)(=O)c1cccc(C(F)(F)F)c1,-1.1731820106506348
base,COC(CC1OC1[C-]([O-])C([CH+][C+](O)[CH-]C1C(C)CC(O)C(O)C1(C)[O-])OC)OC,-0.5451985001564026
base,O=C(NCCSCc1ccccc1F)[C@H]1CC(c2cccc([N+](=O)[O-])c2)=NO1,-1.0017563104629517
base,CCCCn1nc(C(=O)NCC(=O)Nc2ccccn2)c2ccccc2c1=O,-0.34880131483078003
base,Brc1cn2c(SCc3ccccc3Br)nnc2cc1COCCCc1ccccc1,-8.920936584472656
base,O=C1c2cc3ccccc3cc2CN1Sc1cccc2ccccc12,-10.926703453063965
base,COc1cc(C(N)=O)ccc1OCc1ccccc1C(F)(F)F,-2.839228868484497
base,O=S(=O)(N/C=C1\[CH-]C=CC=C1Oc1ccccc1)c1ccccc1.[H+],-3.6613588333129883
base,COc1ccccc1NS(=O)(=O)c1ccc2ccccc2c1,-3.5886242389678955
base,O=c1c2ccccc2c(-c2ccc3c(c2)OCO3)nn1-c1ccc(OC(F)F)cc1,-3.4492173194885254
base,Brc1cccc(-c2nnc(SCc3nc4ccccc4[nH]3)o2)c1,-3.2702009677886963
base,CCCS(=O)(=O)c1ccc(CCC(=O)NCCCCCC(=O)Nc2nccs2)cc1,-1.1260898113250732
base,F[C-](F)F.N=C=C1C=NC=C(O)C=C1P(#[N+]c1ccccc1)c1ccccc1,-5.760713577270508
base,O=C(O)COc1ccc(/C=N\O)cc1Cl,-1.0406278371810913
base,C[c+]1[n-][n-][c+](SC[c+]2[cH+][cH-][c+]3[n-][c-](C)[n-][c+]3[n-]2)s1,-1.4662007093429565
base,Cc1ccc(N2C(=O)C[C@H](/[S+]=C3\C=CC=C\C3=C(/[O-])O)C2=O)cc1,-0.8548322319984436
base,O=[N+]([O-])c1ccc(OC[P@@](=O)(Cc2ccccc2)NCc2ccco2)cc1,-2.086923837661743
base,O=c1c2ccccc2nc(CO)n1-c1cccc(C(F)(F)F)c1,-3.2639052867889404
base,CCOC(=O)/C(=C/c1ccc2[nH]c(=O)[nH]c2c1)SCC,-1.4739046096801758
base,NNC(=O)CNCc1sc2ccccc2c1Cl,-1.7154127359390259
base,O=C(NN=C1CCCCCC1)c1cn(-c2ccccc2)nc1-c1cccs1,-4.362409591674805
base,Cc1ccccc1N(C)S(=O)(=O)c1c(C)[nH]c(C)c1C(=O)N1CCCCC1,-1.9370615482330322
base,O=[N+]([O-])c1cc(C(F)(F)F)ccc1NN1CCCCC1,-3.341602325439453
base,CN1CCN(S(=O)(=O)c2cccc(C(=O)Nc3nc4c(s3)CCCC4)c2)CC1,-0.8418375849723816
base,Nc1nnnn1/N=C/c1ccccn1,-0.43525561690330505
base,O=S1(=O)N/C(=N\CCCOc2ccccc2F)c2ccccc21,-1.8122707605361938
base,O=C(NNS(=O)(=O)c1cccc2cccnc12)c1cccc([N+](=O)[O-])c1,-0.341838002204895
base,CCN1C[C@@H](c2cccc(Oc3ccccc3)c2)CC1=O,-7.4868693351745605
base,CCC(C)(C)N(Cc1ccco1)C(=O)CNC(=O)c1ccco1,-1.449084997177124
base,COCCNC(=O)[C@@H]1CS[C@H]2c3ccccc3C(=O)N12,-2.4614477157592773
base,C[C@H](O)CC(=O)O,-2.9848783016204834
base,CCOc1ccccc1C(=O)Nc1ccccc1C(=O)N1CCN(c2ccccc2)CC1,-3.4050683975219727
base,COc1ccc(CNC(=O)C2CCN(S(=O)(=O)c3ccc4c(c3)NC(=O)[C@@H](C)S4)CC2)cc1,-0.6812793016433716
base,COc1ccc(/C=C2/SC(=S)N(c3cccc(C(=O)O)c3)C2=O)cc1O,-1.2858010530471802
base,O=S1(=O)c2cccc3cccc(c23)N1C1CCCCC1,-6.104701519012451
base,Nc1ncc(Br)cc1S(=O)(=O)NCCc1ccc(S(N)(=O)=O)cc1,-0.3378007709980011
base,OCCNC[C@@H](O)[C@@H](O)c1ccc(Cl)cc1,-1.4020154476165771
base,Cc1ccc2cc(C[C@@H](N)C(=O)O)c(Cl)nc2c1,-1.2377147674560547
base,OCC[C@@H]1CN(Cc2ccccc2-c2ccco2)CCN1Cc1ccccc1,-5.90547513961792
base,CC(C)O[P@@](=O)(O)C[C@@H](C)OCc1cc(=O)[nH][nH]1,-0.4681972563266754
base,C[C+]1[C][C+](NCCCN(C)C)n2[n-][c+]3[n-][c-](C)[cH+][c-](C)[c+]3[c+]2[N-]1,-2.2737460136413574
base,O=C(/C=N/Nc1ccc2ccccc2c1)c1ccc2ccccc2n1,-4.557459354400635
base,[O][C](CO[C]([O])[C]1[CH][CH][CH][CH][C]1F)NC[CH][CH][C-][CH][C-][CH+][C]1[CH][CH][CH]O1,-1.9276913404464722
base,N#CCN(C(=O)N1CCOCC1)c1ccccc1,-2.720383405685425
base,C#Cc1ccc([C@H](CN2CCN(C)CC2)c2coc3ccc(C)cc23)cc1,-9.531852722167969
base,O=C(CN1C(=O)C[S+]=C2C=CC(=[S@](=O)([O-])N3CCOCC3)C=C21)NCc1ccc(OCc2ccccc2)cc1,-0.31735989451408386
base,CCOc1ccc(S(=O)(=O)NC2CCCCC2)cc1,-3.185183525085449
base,CCOc1ccc(N/C(SCc2ccccc2)=C(/C#N)C(N)=O)cc1,-1.3108400106430054
base,CC(C)N1C(=O)[C@@](O)(CC(=O)c2ccc(N3CCOCC3)cc2)c2ccccc21,-1.7810567617416382
base,COc1ccc(N2CCN(C(=O)CN3CCOC3=O)CC2)cc1,-2.0940637588500977
base,CCOc1cc(C(c2c(C)[nH][nH]c2=O)c2c(C)[nH][nH]c2=O)ccc1OS(=O)(=O)c1ccccc1,-0.6354636549949646
base,OC[C@@H](O)CNC(=S)Nc1cccc(Br)c1,-2.029231548309326
base,O=C(NNC1=NCCCCC1)c1ccc(Cl)cc1,-3.3860154151916504
base,Cc1onc(-c2ccccc2Cl)c1C(=O)NC(=S)NNC(=O)c1cccs1,-0.9443411231040955
base,Cc1cc(S(=O)(=O)N2CCOCC2)ccc1NC(=O)[C@@H](C)N(C)Cc1sccc1C,-1.241030216217041
base,COc1ccccc1NC(=O)c1cnn2ccccc12,-2.993722677230835
base,N[N-][c+]1[n-][c+](OC[c+]2[cH-][cH+][cH-][cH+][cH-]2)[c-]2[cH+][n-]n(-[c+]3[cH-][cH+][cH-][cH+][cH-]3)[c+]2[n-]1,-0.7083979845046997
base,N[C@@H](C(=O)O)c1cc(O)cc(O)c1,-0.5100551843643188
base,Nc1nnc(-n2cccc2)cc1N1CCCC1,-2.382728099822998
base,O=C(CS(=O)(=O)c1ccc(F)cc1)Nc1ccc2c(c1)OCO2,-0.8152873516082764
base,Nn1cc(-c2ccccc2)nc1SCC(=O)N[C@H]1CCS(=O)(=O)C1,-0.2592775225639343
base,Cn1nnnc1SC/C=N/CCc1ccccc1,-2.8089263439178467
base,N#Cc1c2[nH]c([O-])cc(O)c-2[s+]c1SCC(=O)NC1=NNSC1,-0.38194847106933594
base,C[C@@H](CNCc1ccccc1Cl)NCC1CC1,-8.023491859436035
base,O=S(=O)(c1ccccc1)N1CCOc2nc3ccccc3nc21,-1.3872026205062866
base,C[P@@](=O)(Nc1ccc(Cl)cc1Cl)Oc1ccccc1,-7.367770195007324
base,S=C(NCCN1CCN(Cc2ccccc2)CC1)Nc1cccs1,-6.741694450378418
base,Cc1ccc(N(CC(=O)OCc2nc(-c3ccc([N+](=O)[O-])cc3)no2)S(C)(=O)=O)cc1C,-0.6700372099876404
base,CN(Cc1ccccc1)S(=O)(=O)c1ccc(OCC(=O)N2CCCC2)cc1,-1.9278333187103271
base,CCOc1ccc2nc(NCCN3CCCCC3)c(C)cc2c1,-6.182669639587402
base,O=S(=O)(NCCSCc1ccc(Cl)c(Cl)c1)c1ccc2ccccc2c1,-6.2751078605651855
base,O=C(N/N=C/c1ccccc1O)c1cccc2ccccc12,-2.797584295272827
base,COc1ccc(-c2nnc(SCc3cccnc3)o2)cc1C(=O)N1CCCC1,-1.5546281337738037
base,[O][C](CO[C+]1[CH][CH][CH][CH][CH]1)N[C]1[CH][CH][C](N([O-])[O-])[CH][N]1,-0.5131032466888428
base,O=C(O)c1ccccc1C(=O)NNc1ccc(OCc2ccccc2)cc1,-1.4098565578460693
base,CCC(=O)N1C2=C[C-]3SC(CSC(C)(C)C)=CC3=C3CC23c2nc(N(F)C#N)ncc21.[H+],-3.3686141967773438
base,[CH2-]C(C)[CH][C][CH][C+]([O])[N-][C]([O])[N-][C]1[CH][CH][CH][C](C)[CH]1.[CH3+],-2.9465343952178955
base,NC(=S)C1CCCCC1,-7.523989677429199
base,O=S(=O)(c1cnc(Cl)c(Cl)c1)N1CCOCC1,-2.4853336811065674
base,Clc1ccc2c3ccccc3n(-c3ccncc3)c2n1,-7.553707122802734
base,COc1cccc(N(C(=O)C(F)(F)F)[C@@H](C(=O)NC2CCCCC2)c2cccs2)c1,-4.247053623199463
base,COCCN(C(=O)c1cc2ccccc2oc1=O)c1nc(-c2ccccc2)cs1,-2.428361177444458
base,COC[C@H](CN1CSCC1=O)NC(C)=O,-2.5709798336029053
base,C[C@H](NC(=O)CN(C)S(=O)(=O)c1cccs1)c1ccc(F)cc1,-1.9388478994369507
base,C[C@@H](O)Cn1c(CCCO)nc2ccccc21,-2.540860414505005
base,CCN(Cc1ccccc1)C(=O)C1=C(N)/C(=C(/N)[O-])N=[S+]1,-0.3356229364871979
base,OCC1(Cc2ccccc2)CCN(C2CCCC2)CC1,-8.311412811279297
base,O=C1N=C(N2CCN(c3ccccc3)CC2)S/C1=C\c1ccco1,-4.029891014099121
base,[O-][C+](O)[C-]1CCCC(O)N1O[c+]1[cH-][cH+][cH-][cH+][cH-]1,-1.0958937406539917
base,Clc1cccc(Cl)c1Cn1cc2c(n1)CCCC2,-10.065803527832031
base,O=C(Nc1cccc(OC(=O)c2ccccc2)c1)c1ccc2[c-]cccc2c1.[H+],-4.978434085845947
base,COc1ccc(C(=O)N[C@H](C)Cn2nc(CCCCN3CCCC3)c3ccccc3c2=O)cc1,-1.7941195964813232
base,CCC[C@@H](C)CC(=O)N(C)/C=N/c1cc(=O)n(C)c(=O)n1C,-1.0744216442108154
base,O=c1oc2ccccc2c(O)c1CN1CCOCC1,-2.0124213695526123
base,CN(CCc1cccnc1)CC(=O)Nc1cccc(F)c1,-4.207437515258789
base,COCCNc1nnc(Cc2ccc(Cl)cc2)c(=O)[nH]1,-0.9120162129402161
base,O=C(c1ccccc1)c1ccc(NC/C=N\NC(=O)c2ccccn2)cc1,-1.1697665452957153
base,COC(CNC(=O)c1cn(CCN2CCOCC2)c(=O)c2ccccc12)OC,-0.6524046063423157
base,O=C(COCCN(CCC[N@@+]1(C#[S+])[N-][C@@]12[CH-]CCCC2)CCOCCOCCOCCn1c(=O)c2cccn2c2cccnc21)OCCOCCOCCOCCO,-0.5024071335792542
base,O=C(NCN(C(=O)Nc1ccc(F)c(Cl)c1)C1CCCCC1)c1ccc2ccccc2c1,-5.467803478240967
base,Fc1ccccc1COc1ccc(Cl)cc1CNC[C@@H]1CCCO1,-7.720951557159424
base,O=C(CNc1cc(OC(F)(F)F)ccc1OCC(F)(F)F)c1ccccc1,-5.54121732711792
base,N/C(=N/c1ccccc1)SCc1cc(Cl)ccc1Cl,-6.971687316894531
base,CN1CCN(Cc2c(O)ccc3c(=O)cc(-c4ccccc4Cl)oc23)CC1,-3.3788866996765137
base,NC(=O)CN1CCCn2c3c(c4cc(N)ccc42)CCC[C@@H]31,-0.9997137784957886
base,COc1ncccc1C(=O)N(Cc1ccc(F)cc1)C[C@@H](CCSC)C(=O)NCCC(C)C,-2.7376599311828613
base,O=C(CCC(=O)N1CCN(c2ccc(F)cc2)CC1)c1ccc(F)cc1,-5.351375102996826
base,CCOC(=O)Cn1cc(/C=N/NC(=O)c2ccncc2)c2ccccc21,-0.7092522978782654
base,O=C(OCC(=O)N1CCOCC1)c1cc(S(=O)(=O)N2CCN(C(=O)[C@@H]3CC(=O)N(Cc4ccc(F)cc4)C3)CC2)c[nH]1,-0.4095873236656189
base,C=CO.O=C(/C=C/c1ccc(Cl)cc1)/[C+]([C][O-])=C(\O)CCCn1cc(NCc2c/c(=[O+]\CO)cc[cH-]2)cn1,-1.16348135471344
base,COc1cc2cc(C)ccc2cc1C#N,-6.448814868927002
base,O=S(=O)(c1cc(F)c(Cl)cc1F)N(O)CC(F)(F)F,-3.0476930141448975
base,NC(=O)c1ccsc1NC(=O)Cc1cccc2ccccc12,-1.8113290071487427
base,S=C(Nc1ccc(Oc2ccccc2)cc1)Nc1ccc2c(c1)OCCO2,-5.250232696533203
base,CO[C-]1[C][C+]([C-]2[CH+]C(CC[C+]([O-])O)[C+]3[C][CH-][CH+][CH-][C+]3CN2)[CH+][CH-][C+]1OC[C-]([O-])NC[C+]1[CH+][CH-][CH+][CH-][CH+]1.[H+].[H+],-0.5680314898490906
base,O=C1c2cccc(Oc3ccc(Cl)cc3)c2C(=O)N1c1ccc(F)cc1,-5.931851387023926
base,CC(=O)N1C[C@H](C)Oc2ccc(S(=O)(=O)NC3CCCCCC3)cc21,-1.5312309265136719
base,FC(F)(F)C(NC(=S)N/C=C/c1ccccc1)(C(F)(F)F)C(F)(F)F,-9.200406074523926
base,COc1cccc2cc(C(=O)N(CC(=O)NC3CCCC3)Cc3cccs3)c(=O)oc12,-1.1910698413848877
base,CCCCNc1ncc(Cl)c(CNC(=O)C(C)(C)C)n1,-2.2212278842926025
base,CN(S(C)(=O)=O)[S@](=O)([O-])=NC[C@H](C([NH-])=O)N1C2=[S+]C=CC2=C([O-])OC12CCCCC2.[H+].[H+],-0.5364828109741211
base,CCCC[C@H](CC(=O)OC)c1nc2ccccc2[nH]1,-3.57072377204895
base,NNC(=O)c1ccc(CN(CCO)S(=O)(=O)c2ccc(Cl)cc2)cc1,-0.33663254976272583
base,O=C(NCc1ccccc1)Nc1cccn2c(C(=O)c3ccc(Cl)cc3)nnc12,-1.5168590545654297
base,N/C(=N\OC(=O)Nc1cccc(F)c1)c1ccc(C(F)(F)F)cn1,-1.010257363319397
base,CCOc1ccc(S(=O)(=O)N2CCC[C@@H]2C(=O)NCc2ccccn2)cc1,-0.5186302065849304
base,S=C(c1cccs1)N1CCCCCC1,-12.781316757202148
base,O=S(=O)(Nc1ccc(Cl)cc1)c1c[nH]cnc1=S,-1.4745988845825195
base,O=Cc1ccc(OC(=O)c2c(O)ccc3ccccc23)cc1,-2.762458086013794
base,C[C@@H](C[C@H](c1ccco1)N1CCOCC1)n1nccc1N,-1.6135796308517456
base,N#Cc1nc(Cc2ccc3ccccc3c2)oc1NCCN1CCCCC1,-3.0426204204559326
base,CC(C)CN(C[C@@H]1C[C@H](C)C[C@H](C)C1)C[C@H](O)[C@H](C)O,-4.894039154052734
base,N#Cc1nc(-c2cccs2)oc1NCCc1ccccc1,-3.1571545600891113
base,COCCCNC(=O)CC1(CC(=O)Nc2ccc(OC)cc2)CCCCC1,-1.7741973400115967
base,COc1cc(C(C)=O)ccc1OC[C@@H](O)CN1CCN(S(=O)(=O)c2ccc3ccccc3c2)CC1,-0.6439393162727356
base,Clc1ccc(CCNCc2ccc(Cl)nc2)cc1,-8.341935157775879
base,N#CCC(=O)N/N=C/c1cccc2cccnc12,-0.9249622821807861
base,O=C(NNC(=S)Nc1ccccc1C(=O)O)c1ccc(F)cc1Cl,-0.8728086948394775
base,COc1ccc(N[C@H]2CC(=O)N(c3cccc(F)c3)C2=O)cc1,-2.7206125259399414
base,CN(C)[CH-][c+]1[cH-][c+](-[c-]2[cH+][cH-][cH+][cH-][cH+]2)n([C][CH+][CH+][CH+]C(C)(C)O)[c-]1[O-],-3.5176825523376465
base,O=C(Nc1ccc2c(c1)OCO2)Nc1cccs1,-2.898221969604492
base,COc1ccc(/N=N\c2nc(C)cn2Cl)cc1,-4.091360569000244
base,NS(=O)(=O)[c-]1ccc(Cc2nc(=C3C=C[CH-]C=C3)/c(=C\N3CCCCC3)cc2Cl)[s+]1.[H+],-1.4581701755523682
base,CCN(Cc1ccc(C)cc1)S(=O)(=O)c1cccc(C(F)(F)F)c1,-6.528885364532471
base,CC(=O)Nc1ccc2c(c1)C(=O)N(c1cc(C)c(C)cc1C)C2=O,-2.396052837371826
base,Cn1c(CCN2CCOCC2)nc2ccc(NC(=O)Nc3cc(-c4ccco4)nc4ccccc34)cc21,-2.087810516357422
base,Nc1c(/C=N/Cc2ccc3c(c2)OCO3)c(=O)[nH]c(=O)n1CCc1ccccc1,-0.34219858050346375
base,COc1ccc(NC(C)=O)cc1N[C@@H](C)C(=O)Nc1cc(C)on1,-0.4719809889793396
base,Cc1ccc(SCCC(=O)Nc2ccc(N3CCOCC3)cc2)cc1,-5.601237773895264
base,CN(C)S(=O)(=O)c1ccc(Cl)c(NC(=O)CN2CCN(c3ccccc3F)CC2)c1,-1.401534080505371
base,C=CC=C=[S@](=O)([O-])N1CCN(C(=O)c2ccc(-c3cnc4ccccc4c3)cc2)CC1.O=C=[N+]1CCc2ccccc2C1,-1.5683534145355225
base,CCOC(=O)NNC(=O)CNC(=O)[C@@H]1CC=CC[C@H]1C(=O)O,-0.46752282977104187
base,CN(c1ccccc1C(=O)Nc1cccc2ccccc12)S(C)(=O)=O,-2.4328362941741943
base,[H]/[S+]=C1\C=CC=C(Cl)\C1=N\C1=[S+]CC=C[C@@H]1N([O-])[O-],-2.3569090366363525
base,S=C(NCc1ccccc1)N1CCN(c2ccc(Cl)cc2)CC1,-9.407032012939453
base,COCCCN1C(=O)N(c2ccc(OC)cc2)C(=O)[C@@H]1CC(=O)Nc1cccc(OC)c1,-0.6989893913269043
base,O=C(CCCCCCN1C(=O)[C@@H]2[C@H](C1=O)[C@H]1C=C[C@@H]2C1)N1CCCC1,-3.008603811264038
base,CCO[P@@](=O)(Oc1ccc2ccccc2c1)c1ccccc1,-7.235861778259277
base,CO[C]1[CH][C](S[C+]2[CH][CH][C](F)[C](F)[CH]2)[C](N([O-])[O-])[CH][C]1N1CCNCC1,-1.5478932857513428
base,COc1ccccc1OC[C@H](O)CSc1cc(F)c(/N=N\c2ccccn2)cc1OC,-2.6859800815582275
base,F[c-]1[cH+][cH-][cH+][cH-][c+]1[CH-][N-][CH+]CN(C1[CH+][CH-]CCC1)C([c+]1[cH-][cH+][cH-][cH+][cH-]1)[c+]1[cH-][cH+][cH-][cH+][cH-]1,-13.211668968200684
base,Cn1ccc(CC(=O)N2CCN(c3ccccn3)CC2)c1,-4.581228256225586
base,O=C1Oc2cc(O)ccc2C=[C+]1[C@@H]1CC[C@@H](CN([C][O-])CC2CC2)C1,-1.4554318189620972
base,CNC(=O)OC(C)(C)C,-5.3134331703186035
base,Nc1c(N/N=C(\Cc2ccccc2)c2ccccc2)cccc1C(F)(F)F,-5.754858016967773
base,O=S(=O)(c1ccccc1)N(/N=C/c1ccccc1Br)C1=NCCN1,-1.4082632064819336
base,NC(=O)NC(=O)CSc1nc(Cc2ccccc2)c(-c2ccc(F)cc2)n1C[C@H]1CCCO1,-1.1809338331222534
base,Cc1ccc2nc(CNC(=O)COc3ccccc3F)cn2c1,-2.9890875816345215
base,C=C([O-])N(C/C=C/c1ccccc1)C(=O)[CH+][C@@H]1C[CH-]C=C1C.[H+],-4.77998685836792
base,COc1cc(CN2C(=O)c3ccccc3C2=O)cc(Br)c1OCC(=O)N1CCc2ccccc2C1,-2.250885486602783
base,O=S(=O)(Oc1cc(F)ccc1F)c1ccc2ccccc2c1,-5.332928657531738
base,COC(=O)C1=C(N)OC2=C(C(=O)CCC2)[C@H]1c1cccnc1,-0.4703137278556824
base,FC(F)C(F)(F)[C@](F)(Cn1ccnc1)C(F)(F)F,-9.481969833374023
base,N#CSC/C(=C\c1ccc(C(=O)O)cc1)c1ccccc1,-3.443058729171753
base,Cc1[nH]n(C)c(=O)c1/N=C\c1c(C)[nH]n(-c2ccccc2)c1=O,-0.5467103123664856
base,O=C(c1ccc(-c2cccc(Cl)c2)o1)N1CCN(c2ccc(C(F)(F)F)cn2)CC1,-5.403807163238525
base,NS(=O)(=O)c1cnc(Oc2ccc(C(=O)C3CC3)cc2)c(Cl)c1,-0.7149009704589844
base,CCOC(=O)N1CCN(c2ncnc3scc(-c4cccc5ccccc45)c23)CC1,-4.154074668884277
base,Fc1ccc(NC(=S)N2CCOCC2)cc1Cl,-7.855689525604248
base,Cn1c(CCNC(=O)c2sc3cc(F)ccc3c2Cl)n[nH]c1=S,-2.818753957748413
base,O=C1[C@H]2[C@@H](C(=O)N1C1CCCCC1)[C@@]1(Cc3ccc(Cl)cc3)C(=O)N(c3cccc(Cl)c3)C(=O)N1[C@H]2c1ccc(Cl)cc1,-5.562899112701416
base,O=C1CCN(C(=S)NCCc2ccccc2)CC1,-6.166569709777832
base,O=C(CC1CCCCC1)c1ccc(O)c(O)c1O,-1.5465434789657593
base,Cc1nn(-c2ccc(F)cc2)c(C)c1NS(=O)(=O)c1cc(Cl)ccc1Cl,-3.674506664276123
base,S=C(NCCN1CCOCC1)Nc1ccc2c(c1)OCCO2,-2.860637903213501
base,COc1cccc(OC)c1C(=O)NC(=O)CN1CCCc2ccccc21,-1.7702250480651855
base,S=C(NC1CCCCCC1)NC1CC1,-7.975304126739502
base,Cc1onc(-c2ccccc2)c1CNS(=O)(=O)c1ccc2ccccc2c1,-2.5652718544006348
base,O=C(N[C@@H](Cc1ccc(Cl)cc1)C(=O)O)c1ccc(F)cc1,-2.228041410446167
base,Nc1nc(NC2CCCCC2)[nH]c(=O)c1NC(=O)c1ccccc1,-0.5329729318618774
base,CC(C)[C@@H](NC(=O)c1ccccc1)c1nnc(SCC(=O)Nc2nccs2)o1,-0.9440093040466309
base,C[c+]1[n-][c-]2[cH+][c-](C(F)(F)F)[cH+][cH-][c+]2n1[C+]1CCN(CC(C)N[C-]([O-])NC2CCCCC2)CC1,-2.230520486831665
base,O=C(NNS(=O)(=O)c1ccccc1)c1cnn(-c2ccccc2)c1-n1cccc1,-0.4910317361354828
base,COc1ccc(/C=N/NC(=O)COCC(=O)O)c(C(=O)O)c1OC,-0.35921165347099304
base,CCOc1ccccc1NC(=O)NCCC1=CCCCC1,-4.570107936859131
base,FC(F)C(F)(F)C(F)(F)C(F)(F)C(F)(F)C(F)(F)C(F)(F)C(F)(F)C(F)(F)C(F)(F)F,-17.492212295532227
base,CC(C)OC(=O)CN1C(=O)N[C@@]2(CCc3ccccc32)C1=O,-1.0923998355865479
base,Cc1ccc(S(=O)(=O)N(C)C)cc1NC(=O)COC(=O)CNC(=O)c1ccc(Cl)cc1,-0.3614078462123871
base,CCc1c([N+](=O)[O-])c(N(C)C)n2c(nc3ccccc32)c1C#N,-0.9400460124015808
base,O=C(Nc1ccc(F)cc1)[C@H]1CC[C@@H](CNS(=O)(=O)c2ccccc2)CC1,-1.8439854383468628
base,O=S1(=O)CCNCC1,-4.207537651062012
base,COCC(=O)NCc1ccccc1,-5.0942301750183105
base,COc1ccc2c(c1)CC/C2=N/c1ccccc1C,-9.142906188964844
base,CC[C@H](C)NC(=O)c1cc(Br)ccc1NC(=O)c1cccs1,-3.848227024078369
base,COc1ccc(N(CC(=O)Nc2ccccc2C(=O)N2CCOCC2)S(C)(=O)=O)cc1Cl,-0.4296441078186035
base,COc1cc(NC(=O)CCN2C(=O)[C@@H]3[C@H]4CC[C@H](C4)[C@@H]3C2=O)c2cc(C)ccc2c1,-1.8020950555801392
base,Cc1cc(NS(=O)(=O)c2ccc(NC(=O)COc3ccc(Br)cc3)cc2)nc(C)n1,-1.134564995765686
base,COc1ccc(NC(=O)[C@@H]2CCCN2C(=O)NC2CCCCC2)cc1OC,-1.3925197124481201
base,O=C(C/C(=N\NC(=O)c1cccs1)c1cccc(NC(=O)N2CCCCC2)c1)Nc1cccc(C(F)(F)F)c1,-3.315755605697632
base,C[C@@H]([C@@H](O)c1ccc(Cc2ccccc2)cc1)N(C)C,-8.260680198669434
base,O/N=C/Cc1[nH]c2ccccc2c1-c1cccc(F)c1,-4.76320219039917
base,CCC(=O)Nc1c2c(nn1-c1ccc(OC)cc1)CSC2,-3.1901795864105225
base,OCCN(C/C=C/c1ccccc1)Cc1ccccc1,-8.229337692260742
base,Cc1cc2nc3c(cc2cc1C(=O)Nc1ccccc1C(F)(F)F)C(=O)CCC3,-4.700586795806885
base,CCOC(=O)c1ccc(COc2ccc(OC)cc2)o1,-3.0207982063293457
base,CCOc1ccc(NC(=O)C[CH-]N2C(=S)NC(C)(C)C[C@H]2C)cc1.[H+],-3.7440500259399414
base,CCO[P@](=O)(CC)c1nc(-c2ccc(F)cc2)oc1N1CCN(CC)CC1,-3.195978879928589
base,CO/C([O-])=C1/C(NC(=O)c2cccc3nsnc23)=[S+]C(C(=O)Nc2ncc(C)s2)=C1C,-0.29008957743644714
base,Cc1ccc(OCC(=O)Nc2nnc(C(F)(F)F)s2)c(C)c1,-2.539015531539917
base,Cc1[nH]c2ccccc2c1C(=O)Cn1cnc2ccc([N+](=O)[O-])cc2c1=O,-0.7461291551589966
base,CCN1CCNC(=O)CS(=O)(=O)Cc2nc(oc2C)C2=CC(C(C)=C[CH-]2)[O+](C)C(=O)C1,-0.3921539783477783
base,NS(=O)(=O)c1ccc(NC(=S)N2CCN(Cc3ccc(Cl)c(Cl)c3)CC2)cc1,-1.4613568782806396
base,Nc1ccccc1/N=N\C=O,-1.7091315984725952
base,NS(=O)(=O)c1cccc(NC(=O)CN2CCSCC2)c1,-0.3611001968383789
base,Clc1cc(Cl)c(OCCCN2CCCC2)cc1Cl,-11.512246131896973
base,COc1cc(CNc2cccc(C)c2)ccc1OCC(=O)N(c1ccccc1)c1ccccn1,-4.704081058502197
base,COc1ccc(N2CCN(C(=S)NCc3[c-]cccc3)CC2)cc1.[H+],-7.182265758514404
base,COCCCNC(=O)CN1C(=O)C[S+]=C2C=CC(=[S@](=O)([O-])N3CCCCCC3)C=C21,-0.4920539855957031
base,NC(=O)c1c(NC(=O)C2CCCCC2)sc2c1CCN(Cc1ccccc1)C2,-2.1058268547058105
base,O=C(Nc1cccc(Cl)c1)c1sc2ccccc2c1Cl,-9.034855842590332
base,COc1ccc(Br)cc1CN(C)C(=O)c1nc2ccccc2c(=O)[nH]1,-1.4770684242248535
base,NC(=O)NCc1ccc(-c2cccc(NC(=O)c3ccco3)c2)cc1,-0.9757974743843079
base,O[P-]OCc1ccccc1.[H]/[O+]=C\c1ccccc1,-3.9430365562438965
base,Clc1ccc2c(Nc3nc(-c4ccc(Br)cc4)nc4ccccc34)ccnc2c1,-7.80226993560791
base,CCOC(=O)C1=C(CNC(=O)c2cc3ncccc3cn2)NC(=O)N[C@H]1c1ccc(OC(=O)c2cccs2)cc1,-1.0119712352752686
base,COc1ccc(NC(=O)Cc2ncc(C(F)(F)F)cc2Cl)c(OC)c1,-3.287383556365967
base,FC(F)(F)Oc1ccc(NC2=N[C@H](Cl)CS2)cc1,-6.8152666091918945
base,Clc1ccc2nc(CSc3nc4ccccc4o3)cn2c1,-5.725262641906738
base,S=c1[nH]nc(-c2ccco2)n1/N=C/c1ccc(-c2ccccc2Br)o1,-3.3377926349639893
base,CCOc1ccc([C@@H]2/C(=C(/O)c3ccc(OC)cc3)C(=O)C(=O)N2Cc2ccco2)cc1,-1.7450300455093384
base,O=C(COc1ccc([P@@](=O)(O)Nc2ccccc2)c(O)c1)NC1CC1,-0.38117650151252747
base,O=C(NS(=O)(=O)c1cccc2nsnc12)c1ccccc1Cl,-0.692569375038147
base,COc1cc(OC)nc(Oc2ccc(F)cc2)n1,-3.282410144805908
base,CC(C)CNS(=O)(=O)c1ccc(N)cc1,-1.358030915260315
base,COC(=O)Nc1c[nH]c2ccccc12,-3.192025899887085
base,CN1CCN(c2n[cH-]c(C(=O)N3CC[C-](C(N)=O)CC3)c/c2=[S+]\C(F)F)CC1.[H+],-0.6938371658325195
base,[O-][S+2]([O-])([N-][C+](N[C-]1[CH+][CH-][CH+][C][C+]1[c-]1[cH+][cH+][n-][cH-][cH+]1)[c-]1[cH+][cH-][cH+][cH-][cH+]1)[c-]1[cH+][cH-][c+](Cl)[cH-][cH+]1,-2.169767379760742
base,COCCNc1oc(/C=C/c2ccc(Cl)cc2)nc1S(=O)(=O)c1ccc(C)cc1,-2.408278465270996
base,Cc1ccc(NC(=O)Nc2cnn(Cc3ccc(Cl)cc3Cl)c2)c(C)c1,-4.939883232116699
base,Cc1nn(-c2ccccc2)c(Cl)c1C(=O)N[C@@H]1CCCc2ccccc21,-5.477272033691406
base,C=CCn1c(C)cc(C(=O)CSc2nnnn2-c2ccc(O)cc2)c1C,-1.0282891988754272
base,O=[N+](CCN1C=Cc2ccccc2C1)/[C+]([C][O-])=C(\[O-])N1CCCCCC1,-1.2884230613708496
base,CC[C@H](Sc1nnc(N)s1)C(=O)NCC(=O)O,-0.42690369486808777
base,CCN(CC)S(=O)(=O)c1cccc(C(=O)c2ccccc2O)c1,-1.4473172426223755
base,COc1ccc(NCc2nnc(SCC(=O)Nc3ccccc3F)n2-c2ccc(F)cc2)cc1,-2.5684356689453125
base,CCN(C)[C@@H](C(=O)NCC(=O)O)c1c(O)ccc2c(=O)c(-c3ccc(OC)cc3)coc12,-0.4458298087120056
base,CC(C)C(=O)CNC(=O)CSc1nnc([C@@H]2COc3ccccc3O2)n1C,-0.36504828929901123
base,CO[C]1[CH][CH][C]2[C]([CH]1)[N][CH]N2S([O-])([O-])[C][CH+][C](C)C,-1.5037195682525635
base,COC(=O)c1sc(NC(=O)c2cc(F)ccc2F)nc1C,-1.9926220178604126
base,O=[P@@](NC1=NCCS1)(c1ccccc1)c1cnc2ccccc2n1,-1.8905738592147827
base,CN1[CH-]CCC[C@@H](N=C(N)N)[CH-][OH+][O+]=[S@@]1(C)=O,-0.5126134753227234
base,FCOC(C(F)(F)F)C(F)(F)F,-11.307040214538574
base,C[CH-]NN1CC[c+]2[cH-][cH+][cH-][cH+][c-]2C1[CH+]C1[CH-][CH+][CH-][c+]2[cH-][cH+][cH-][cH+][c-]21,-10.590961456298828
base,COc1ccc(NS(=O)(=O)c2ccc(SC)cc2)c(OC)c1,-2.429323196411133
base,COc1ccccc1Oc1nccc(C)c1C(N)=O,-1.280978798866272
base,NC(=O)NC(=O)COC(=O)c1cc2occc2[nH]1,-0.36658427119255066
base,CCC(C)(C)NC(=O)Cc1ccc(C)cc1,-7.086312294006348
base,C[C@H]1CC2(CCCCC2)Nc2c1ccc1ccccc21,-12.468276023864746
base,O=[N+]([O-])c1ccc(N2CCN(c3ccccc3F)CC2)cc1SCCc1ccccc1,-5.853280067443848
base,COCCOC(=O)CC1=NC(=O)CS1,-1.9968657493591309
base,CCC(C)(C)NC(=O)[C@H](c1nc2ccccc2[nH]c1=O)N(C(=O)c1cccs1)c1ccc(OC)cc1,-1.8934563398361206
base,Fc1ccc(NC(=S)/C=C\c2cccs2)cc1,-11.408504486083984
base,COc1ccc(NC2CCN(Cc3ccc(OC(F)F)cc3)CC2)cc1OC,-5.745192527770996
base,O=C1OCCN1P(#[O+])/C=C/c1ccccc1.[CH2-]COC(=O)COC(=O)/C=C/c1ccccc1,-1.8188486099243164
base,CCOc1c2ccc(C(=O)OCC(=O)Nc3cc(C)on3)cc2nn1CC,-0.5564863681793213
base,NCc1cc(C(=O)N2CCN(S(=O)(=O)c3ccccc3)CC2)cc(C(F)(F)F)c1,-0.8441171646118164
base,COCCCN1CCN(C(=O)c2ccc(C)o2)CC1,-4.024469375610352
base,CN(CC(=O)Nc1ccccc1Cl)S(=O)(=O)c1cccs1,-2.0066335201263428
base,C[C@]12CCCC[C@H]1N=C(SCC(=O)O)NC2=O,-1.048441767692566
base,COc1cccc(-c2nnc(SCC(=O)NC3CC3)s2)c1O,-0.7887334227561951
base,COc1ccccc1CC(=O)O/N=C(\N)c1ccccn1,-0.5099435448646545
base,[O][C](CN[C]([O])[C+]1[CH][CH][CH][CH][C]1F)OC[C]([O])[C]1[CH][CH][C](Cl)[C](N([O-])[O-])[CH]1,-0.6927565932273865
base,COCCOC[C@H](O)CN1CCN(c2ccccc2)CC1,-4.030171871185303
base,Cc1ccc(S(=O)(=O)CCC(=O)OCC(=O)Nc2nccc3ccccc23)cc1,-0.6757407784461975
base,OCCCN(CCc1ccccc1)C[C@@H](O)Cn1c2ccccc2c2ccccc21,-4.726478576660156
base,Cc1n[nH]c(-c2ccc3ccccc3c2)c1-c1cccc2ccccc12,-10.276162147521973
base,CC(=O)/C=C(/N=c1/cccc(Cl)[cH-]1)[C+]1C=CC=CC1=O,-4.294101238250732
base,Brc1ccc2nc(CSc3ncn[nH]3)cn2c1,-2.8042232990264893
base,COCC(=O)N1CCC(Cc2c(C)c3ccc(C)cc3[nH]c2=O)CC1,-2.4126391410827637
base,COc1ccc(/C=C2\CCC[C@H]3C2=NN(C(=O)c2ccncc2)[C@H]3c2ccccc2)c(OC)c1,-4.400382041931152
base,Nc1cc(=O)[nH]c(SCC(=O)NC[C@@H]2CCCO2)n1,-0.38665926456451416
base,CCOC(=O)CC(=O)C/[S+]=c1\nc2ccccc2c([O-])[nH]1,-0.3264696002006531
base,CC1=C(C)C2(C)N3/C=C\C=[C-]\C=C/C=C=[NH+]S(=O)(=O)C32C=C1,-3.488621473312378
base,COCC1(C)N[C-]([O-])N(C[CH+][c+]2[n-][c+]3s[c-](-[c+]4[cH-][cH+][cH-][cH+][cH-]4)[c+](C)[c-]3[c+]([O-])[nH]2)[C+]1[O-],-0.2480975240468979
base,Cc1cc(SCNc2nccc(C)n2)nc(C)n1,-2.2307686805725098
base,Fc1ccc(Br)cc1NC(=S)N/N=C/C1CCCCC1,-6.951316833496094
base,CC12CN3CCN(CC(C3)C1(O)[CH-]N1CCOCC1)C2,-5.120809078216553
base,CO[C@@H](Cn1nnnc1[C@@H](Cc1ccccc1)N1CCOCC1)OC[C@@H](O)CO,-0.3043045103549957
base,O=C(/C=C/c1cccs1)Nc1nc(-c2ccccc2)cs1,-5.973198890686035
base,CC(=O)Nc1ccccc1/N=C(/N)c1cccc2ccccc12,-2.565610647201538
base,[N-2][C][C+]1[CH+][C+]2[CH-][C+]([CH-]N3CCCC3)[CH+][CH-][C+]2CC1,-7.997678756713867
base,CN(C)[S+2]([O-])([O-])[c-]1[cH+][cH-][cH+][c-]([N-][C]N[C+]([O-])[CH+][CH+][C-]([O-])O)[cH+]1,-0.3596852123737335
base,CCCCc1nc2ccccc2c(=O)n1NC(=O)CCl,-2.048975944519043
base,Cc1ccccc1NS(=O)(=O)c1nn2c(nc(=O)c3ccc(COCCO)cc32)s1,-0.34133610129356384
base,CN1CCN(/N=C/c2ccccc2O)CC1,-4.975341320037842
base,[O-][CH+][c+]1[cH+][n-][c-](-[c+]2[cH-][cH+][c-](F)[cH+][cH-]2)[c+]([CH-][CH+][CH-][c+]2[cH-][cH+][cH-][cH+][c-]2Cl)[cH-]1,-6.5784783363342285
base,COc1ccccc1OCCN1CCN(C(=O)c2ccccc2)CC1,-4.717681884765625
base,COCCC(=O)N1CCC(Oc2ccc(C(=O)NCc3nc4ccccc4[nH]3)cc2)CC1,-0.714266836643219
base,CN[P@](=O)(c1ccccc1)N(C)c1ccccc1C,-6.625931739807129
base,Cc1ccc(CCNc2cc(N3CCCCC3)c(F)cc2[N+](=O)[O-])o1,-2.675224781036377
base,C[C@@H]1CN(S(=O)(=O)c2cccc(C(=O)NN3CCN(C)CC3)c2)C[C@H](C)O1,-0.7218834161758423
base,O=C(NCCOc1cccnc1)c1ccc(Cl)cc1Cl,-3.880422353744507
base,CCCNc1c(N)c(=O)oc2ccccc12,-1.7596757411956787
base,NC(=O)CN1CCC[C@@H]1Cc1ccccc1,-3.9278833866119385
base,O=Cc1c(C(=O)O)c2n(c1-c1ccc(Cl)cc1)CCCCC2,-3.5730488300323486
base,Cc1ccc(-c2nc3cc(Cl)ccc3c(=O)[nH]2)cc1C,-5.022710800170898
base,O=C(NC(=C(Cl)Cl)P(=O)(c1ccccc1)c1ccccc1)c1ccccc1,-5.958215236663818
base,C/C=[S+]/[C@@H](C)C/C(=N/O)[C-](C)C,-6.361346244812012
base,N#C/C(=C(/O)Cn1cnc2ccccc21)c1nc2ccccc2s1,-2.2844295501708984
base,C=CCc1ccc(O)c(/C=C/C(=O)c2cccc(-n3cnnn3)c2)c1,-1.2538502216339111
base,COc1cccc([C@@H]2C(C#N)=C(N)Oc3cc(C)n(Cc4ccccc4)c(=O)c32)c1,-1.0998976230621338
base,O=c1c(Cc2ccc(F)cc2F)c(O)ccn1C[C@H]1CCCO1,-3.625136613845825
base,COCc1cc(OC(=O)Nc2cc(Cl)ccc2OC)nc(-c2ccco2)n1,-1.4886804819107056
base,COc1ccc2cc([C@H]3C(C#N)=C(N)OC4=C3C(=O)CC(C)(C)C4)c(Cl)nc2c1,-1.6938791275024414
base,COc1ccccc1/C=N/NC(=O)CNC(=O)c1cccc(F)c1,-0.8508491516113281
base,CO[C]1[CH][CH][C](OC)[C](N[C]N([CH-]CCN2CCCCC2)C[C]2[CH][CH][CH][S+2]2)[CH]1,-5.769690036773682
base,Cc1onc(-c2ccc(S(=O)(=O)NCCCOC(C)C)cc2)c1C(=O)Nc1ccccc1,-1.351077675819397
base,COc1cc(/C=N/N2CCOCC2)ccc1OC(=O)c1ccco1,-1.330098032951355
base,CNP(=CC#N)(N(C)C)N(C)C,-4.642935276031494
base,C[C]1[CH][C](N(C[C+]2[CH][CH][CH][CH][CH]2)[C]([O])[C]2[CH][C](F)[CH][CH][C]2N([O-])[O-])[N]O1,-0.6903871893882751
base,O=c1[nH]nc([C@@H]2CCCN(Cc3cccc4ccccc34)C2)c2ccccc12,-5.01503324508667
base,O=C(CCN1CCOCC1)c1ccc2c(c1)OCCO2,-3.7129549980163574
base,COCCn1nnnc1[C@@H](Nc1sc2c(c1C#N)CCCC2)C(C)C,-1.0358285903930664
base,Cn1ccc(CNC(=S)Nc2ccc3c(c2)[nH]c(=O)n3Cc2ccco2)c1,-1.176244854927063
base,NS(=O)(=O)OCCCc1ccccc1,-1.5284286737442017
base,O=C(Cn1cc2c(n1)CCCC2)NCCC1=CCCCC1,-4.340118408203125
base,NNC(=O)CNC(=O)Cc1ccccc1,-0.6877843737602234
base,FC(F)(F)c1ccccc1N/C=N/c1cccc2cnccc12,-7.224524974822998
base,CCCCc1nc2c([nH]1)c(=O)[nH]c(=O)n2C,-0.7933745980262756
base,CCO[c-]1[cH+][c-]([C+]([O-])O)[c+]([C-]([O-])[C+]2[CH+][CH-][CH+][CH-][C+]2[C][O-])[cH-][c+]1C,-0.39272379875183105
base,Cc1nnc(SCC(=O)N[C@H](Cc2ccccc2)C(=O)O)n1N,-0.3059438467025757
base,Fc1cccc(CSc2nnc(-c3cccs3)o2)c1,-6.267837047576904
base,CN[S+]([O-])[N-][C+]([CH-]N[C+]([O-])[c+]1[cH-][cH+][cH-][c+](N([O-])[O-])[cH-]1)CBr,-0.3921539783477783
base,FC(F)(F)CN1CCc2c([nH]c3ccccc23)C1,-9.108800888061523
base,NS(=O)(=O)c1cccc(S(=O)(=O)N2C[C@@H](CO)CCO2)c1,-0.3676588833332062
base,COC[C@H](Cc1ccc(O)cc1)c1ccc(O)cc1,-4.050131797790527
base,COc1ccccc1CO/N=C/c1ccccc1OC(C)(C)C,-6.228211879730225
base,Cc1nc2nc3[nH]c(=O)[c-]c(Oc4ccc(O)cc4)c3[s@SP1+]2o1,-0.6827828884124756
base,CCc1nnc(N2CCOCC2)s1,-5.226465702056885
base,COc1ccc(-c2nnnn2CC(=O)Nc2ccc(C(=O)N(C)CCc3ccccn3)cc2)cc1,-0.5613065958023071
base,O[C@@H](Cc1cccnc1)c1nc2ccccc2[nH]1,-2.3091824054718018
base,NC(=O)[C@H](Cc1nnc(SCc2ccccc2Cl)n1-c1ccc(Cl)cc1)N1CCCCC1,-2.669682741165161
base,COc1cccc(C(=O)Oc2ccc(S(=O)(=O)N3CCN(c4ccc(C(C)=O)cc4)CC3)cc2)c1,-1.1648340225219727
base,COc1ccc(-c2ccc(/C=C(\NC(=O)c3ccccc3)C(=O)N3CCOCC3)o2)c([N+](=O)[O-])c1,-1.002389907836914
base,CC(=O)c1cccc(C(=O)Nc2cc(C)ccc2C)n1,-2.9734385013580322
base,OCCOc1cccc2ccccc12,-6.716075420379639
base,[O-]P(NC1CCCCC1)OC1CCCCC1,-4.857529163360596
base,COc1cccc(CN(CCN(C)C)c2ccc(S(=O)(=O)Nc3nccs3)cn2)c1OC,-0.6200443506240845
base,CCOc1cc(N2CCOCC2)c(OCC)cc1NC(=O)C(=O)C1=COCCO1,-0.4090290665626526
base,Clc1ccc(Cl)c(OCCSCc2nc3ccccc3[nH]2)c1,-7.292079925537109
base,CC(C)(C)CN(CC(=O)Nc1nc2ccc(F)cc2s1)Cc1cccn1-c1ncccn1,-2.467784881591797
base,CN1[C]([O])[C]2[C]([N][CH]N2C[C]([O])O[C]2[CH][CH][C](N([O-])[O-])[CH][CH]2)N(C)[C+]1[O],-0.4856826364994049
base,COc1ccc(NS(=O)(=O)c2cccc3ccccc23)cc1,-3.596773624420166
base,O=C(CN1C(=O)N[C@H]2NC(=O)N[C@H]21)N/N=C/c1cccc(F)c1,-0.38194847106933594
base,O=C(NCc1ccc(OC(F)(F)F)cc1)[C@@H]1CC(c2ccc(Cl)cc2)=NO1,-3.4869914054870605
base,[H]/N=C1\C(c2nc3ccccc3s2)=C(O)CN1NC(=O)COC(=O)c1ccco1,-0.4413602948188782
base,CCN(c1ccc(C)cc1CO)[C@@H](O)C(=O)c1ccccc1,-2.501401662826538
base,Nn1c(SCc2ccccc2Cl)nnc1[C@H](O)c1ccccc1,-1.4925843477249146
base,COc1cc(OC)cc(-n2nc(C(=O)N3CCC4(CC3)OCCO4)c3ccccc3c2=O)c1,-0.5402763485908508
base,C=CC/N=C(/NC#N)SCc1ccccc1Cl,-4.316607475280762
base,C/C(=N\NC(=O)Cc1cnn(-c2ccc(Cl)cc2)c1C)c1ccc2c(c1)OCO2,-1.7639662027359009
base,CN(C)c1ccc(/N=N\c2cccc(S(N)(=O)=O)c2)cc1,-0.8734179735183716
base,CCC(=O)N(CC[C@@H](c1ccc(C)cc1)c1ccco1)Cc1cc2cc(OC)c(OC)cc2nc1Cl,-5.91623067855835
base,O=S(=O)(/C=C/c1ccco1)N1CCC(Cc2ccccc2)CC1,-4.129434108734131
base,O=C(/C=C/c1ccco1)Nc1nc(-c2cccs2)c(-c2cccs2)o1,-3.8753368854522705
base,COc1cc2c(cc1OC)[C@@H](C)N(C(=O)c1ccc(C)c(C)c1)CC2,-6.141947269439697
base,COC(=O)c1n[nH]c2ccccc12,-2.915003538131714
base,Cc1cc(C)c(C(=O)NCC(=O)N/N=C/c2ccc([N+](=O)[O-])cc2)c(C)c1,-0.5783814787864685
base,Nc1ccc(-c2ccn[nH]2)cc1S(=O)(=O)c1ccc(Cl)cc1,-1.04289972782135
base,CCCc1cc(=O)oc2c(CN3CCCC3)c(O)ccc12,-3.5343618392944336
base,[H]/N=c1\c(S(=O)(=O)c2ccccc2)cccn1[C@H]1CCCC[C@@H]1N(C)C(=O)Cc1ccccc1,-1.735008955001831
base,NNC(=O)C(=O)NCCCN1CCOCC1,-0.42392927408218384
base,F[c+]1[cH-][c+]([OH+]CCS[C-]2[CH-][CH+][CH-]O2)[cH-][cH+][c-]1F,-8.546503067016602
base,[CH2+]CCC/C(C(N)=O)=[N+](\C[CH-]/C=C\C[O-])C(=O)COc1ccc(F)cc1,-0.3655809164047241
base,CCOC(=O)c1sc2nc(C)nc(SCC(=O)NCc3ccco3)c2c1C,-1.0785775184631348
base,Clc1cc(CCc2ccccn2)cc(Cc2ccccc2)c1,-11.895980834960938
base,O=C(c1cccs1)N(CCCn1cnc(-c2cccs2)c1SCCO)Cc1ccco1,-3.3518643379211426
base,O=C(c1cc2ccccc2o1)N1CCCCCC1,-6.580615997314453
base,CC[S@+]([O-])CCCN1C(=O)C=NC1=O,-1.4030482769012451
base,CCN(/N=C/c1cnc(O)cc1O)C1CCCCC1,-1.8924881219863892
base,COC(=O)c1nn(-c2cccc3ccccc23)c(C)c1/C=N/OCc1ccc(C#N)cc1,-1.9758648872375488
base,Cc1nn(C)c(C)c1S(=O)(=O)N(Cc1cccs1)Cc1cc2ccc(OCCCN)cc2nc1Cl,-1.6765505075454712
base,CC(=O)c1cccc(OCc2cc(C(=O)N(C)CCc3ccccc3)no2)c1,-2.1442012786865234
base,Fc1ccccc1N1CCN(Cc2ccccc2)CC1,-11.777557373046875
base,COc1ccc(N2C(=O)CS[C@@H]2c2cccc(Br)c2)cc1OC,-6.2647480964660645
base,O=[N+](Cc1ccco1)c1c([O-])[nH]c2ccccc12,-1.5495822429656982
base,COCCNC(=O)CN1C(=O)c2ccc(NC(C)=O)cc2C1=O,-0.3239099979400635
base,Nc1c[c-]c2c(=O)c3c(=O)c4ccccc4n(CCO)c3oc2c1.[H+],-0.3175382614135742
base,N#C/C=C(\NCc1cccnc1)C(=O)NCc1ccco1,-0.4229435920715332
base,S=C(NCCc1ccc(Cl)cc1)NN1CCOCC1,-5.468130111694336
base,O=C1C(Cl)=C(NCCC2=CCCCC2)C(=O)N1c1ccccc1,-4.3245038986206055
base,COc1ccc(C(=O)CSc2n[nH]c(=O)[nH]c2=O)cc1,-0.3541499376296997
base,O=[N+]([O-])c1ccccc1-c1cccs1,-5.026838302612305
base,Nc1nc(NCc2ccccc2)nn1-c1ccccc1,-1.803458333015442
base,CC[C@@H]1C[C@@H](C)C/C(=C\c2ccc[nH]2)C1=O,-6.809192657470703
base,[H]/N=C(\CCN1CCCC1)c1ccc2ccccc2c1,-7.848329544067383
base,O=S1(=O)CCN(Cc2cccn2-c2cccc3ccccc23)CC1,-4.847681045532227
base,Brc1cnc(N2CCCC2)nc1N1CCCCC1,-6.552086353302002
base,COc1cc2c(cc1OC)CN([C@@H]1CCc3ccccc31)CC2,-8.857536315917969
base,CCn1c(CNc2cc(C)ccc2C)nnc1SCC(=O)NC1CCCCC1,-2.483046770095825
base,S=C(NCc1ccccc1)N1CCN(C2CCCCC2)CC1,-9.154844284057617
base,O=[N+]([O-])c1cccc(-c2cn(-c3ccccc3)nc2-c2ccc(F)cc2)c1,-4.478718280792236
base,O[C@@](c1ccc(F)cc1)(c1ccc(F)c(F)c1)c1ccccn1,-6.88690710067749
base,Cn1nc(C(=O)OCC(=O)N2CCCC2)c2ccccc2c1=O,-0.7260634303092957
base,COc1cccc(N(CC(=O)NCc2cccnc2)S(C)(=O)=O)c1,-0.406967431306839
base,C[C@@H](Sc1ccccc1)C(=O)N[C@@H](CCc1ccc2c(c1)OCO2)C(=O)O,-1.1207153797149658
base,CCOc1ccc(C(=O)N/N=C/c2ccccc2[N+](=O)[O-])cc1,-0.7318938970565796
base,O=C1C=C(NCc2ccc3c(c2)OCO3)C[C@H](c2ccccc2)C1,-4.505849838256836
base,[CH2-]CCCCC/C=[NH+]\C(=O)[C@@H](C)OC(=O)[CH-]c1[s+]c2ccccc2[nH]c1=O,-0.5306469798088074
base,CCO[c-]1[cH+][c+](C)[n-][cH-][c+]1[C]N([c-]1[cH+][cH-][cH+][cH-][c+]1C)C(CC)[C-]([O-])O.[H+],-1.8641737699508667
base,NNC(=O)CNCc1ccccc1F,-1.7472302913665771
base,CCOc1ccc(-n2c(=S)sc3c(=O)n(CCOC)c(SC)nc32)cc1,-3.394601821899414
base,[H+].[NH-][C][C+]1[C][C][C][C][C+]1[CH+][C][C+]([O-])[N-][N-][C]C[C-](N)[O-],-0.5471602082252502
base,O=C(Nc1ccc(Cl)cc1)c1ccc(N2CCCC2)c(Cl)c1,-7.86575984954834
base,CCCCSCCCNC(=O)CSc1nc2ccccc2[nH]1,-3.4228529930114746
base,[CH2-][C][CH+][C+]([O-])NC(C)(C)[c+]1[n-][c+]2[cH-][cH+][cH-][cH+][c-]2n1C.[H+],-2.9099502563476562
base,COCCS/C=N/Nc1cc(Cl)nc(C)n1,-2.6574935913085938
base,COc1ccc(-n2cnnn2)[c-]c1Oc1ncc(Br)c(C(=O)NC2CCCCC2)n1.[H+],-0.7813885807991028
base,N[C]1[N][C](N[C+]2[CH][CH][CH][CH][C]2F)[N][C](NCCO)[C]1N([O-])[O-],-0.5387697219848633
base,COCCCNC(=O)Cn1nc(C)c([N+](=O)[O-])c1C,-0.4081735908985138
base,CC(=O)CCN1CCN(c2ccccc2F)CC1,-7.703910827636719
base,O=S(=O)(NCc1csc(-c2cccnc2)n1)c1cccs1,-1.627462387084961
base,Clc1ccc(-c2ncc(CCC3CCNCC3)o2)cc1,-6.19361686706543
base,CCOc1ccc(C)c(N2C(=O)c3ccc(C(=O)O)cc3C2=O)c1,-1.0809077024459839
base,C[C@H](Cl)C(=O)NC(=O)NC1CCCCC1,-2.7426717281341553
base,NNC(=O)CSC1=CO[S@SP1+]2c3ccccc3N(c3ccccc3)[C-]12,-2.0047953128814697
base,O=S(=O)(c1ccc2c(c1)OCCO2)N1CCCCCC1,-2.914893865585327
base,ClCCC[C@H]1C[C@@H]1CC/C=C\CCNc1ncccn1,-6.530874729156494
base,O=S(=O)(NC[C@H]1CCCO1)c1cncn1-c1cccc(F)c1,-1.2478305101394653
base,O=C(C/N=C\CCC(=O)OCCN1C(=O)c2ccccc2C1=O)Nc1ccccc1C(F)(F)F,-0.96258944272995
base,Cn1nccc1C(=O)N[C@@H]1CCCc2ccccc21,-4.029476165771484
base,NS(=O)(=O)c1cccc(NC(=O)CSc2ccccn2)c1,-0.26832300424575806
base,Cc1cc(O[C@H]2O[C@@H]([C@@H](O)CO)[C@H](O)[C@H](O)[C@H]2O)cc(C(=O)O)c1CC(=O)O,-0.421196848154068
base,CCOc1ccccc1NC(=O)Nc1ccc(OC)nc1,-1.759233832359314
base,CCOC(=O)c1c(N)sc(C(C)C)c1C,-3.7403054237365723
base,COCCCNC(=O)c1ccn[nH]1,-1.8014062643051147
base,CCn1c(=O)[nH]c2ccc(S(=O)(=O)N3C[C@@H](C)C[C@H](C)C3)cc2c1=O,-0.44658851623535156
base,C/C(=N\N[C@H](C)c1ccccc1)c1ccccc1O,-4.944831848144531
base,[CH2+]CC[C+]1=C[C]/C(=N/C(=S)N/C([O-])=C/[C@@]2(NC)C(=O)Nc3ccccc32)C=[C-]1,-0.5257502198219299
base,O=S(=O)(c1cc(Cl)ccc1Cl)N1CCOCC1,-4.105795860290527
base,CN(C)S(=O)(=O)Cc1nc2ccccc2c(=O)[nH]1,-0.6632066965103149
base,COc1cc2[nH]c(C(=O)Nc3ccc4c(c3)OCO4)cc2c(OC)c1OC,-0.9670457243919373
base,C=[N+](CCC[N-]C)[C@H]1CC(=O)N(c2cccc(Cl)c2)C1=O,-3.1158864498138428
base,[CH2+]CCN(C/C=C\[CH-]C(=O)OCC)C(=S)Nc1ccccc1,-5.223352909088135
base,O=S(=O)(CCCO)C[C@@H](Cc1ccc(F)cc1)N1CCCCC1,-2.746565818786621
base,COc1ccc(C)cc1NC(=O)N[C@@H](C)c1ccncc1,-2.589310884475708
base,Cc1onc(CO)c1C(=O)c1ccc2c(c1)OCO2,-0.7772146463394165
base,Nc1c(Cl)cc(CO)c2cccnc12,-2.573174476623535
base,Nn1c2ccccc2c2ccccc21,-6.557175159454346
base,Cc1nn(C)c(OC(=O)c2cccs2)c1S(=O)(=O)c1ccccc1,-1.2723190784454346
base,O=[S@@]1(OC(F)(F)F)=NSCCCC1,-5.488062858581543
base,[O-][c+]1[cH-][c+](CO)o[cH-][c+]1O[C][CH+][CH-][N-]O,-0.4043516516685486
base,F[c+]1[cH-][cH+][cH-][cH+][c-]1[CH+][C][c+]1[cH-][cH+][c-]([C-]([N-]C[CH+][CH+][c-]2[cH+][cH-][cH+]o2)N[c+]2[n-][cH+][cH-][cH+][c-]2Cl)o1,-5.273010730743408
base,COc1ccc(C[C@H](C)N2CCCCC2)cc1OC,-8.532706260681152
base,COC[C@H](C)n1nnnc1[C@@H](c1ccc(OC)c2ccccc12)N1CCC[C@@H](C)C1,-2.7668700218200684
base,O=C(COC(=O)c1cc2ccccc2oc1=O)NCCc1ccccc1,-0.7127190232276917
base,CO/N=C/N(C(=O)c1ccc(S(=O)(=O)NC2CC2)cc1)c1cccc(C)c1,-0.8252764940261841
base,COC1[CH+][CH+][C][CH-][CH+][CH+][C][C+]([CH-][c+]2[cH-][cH+][c-](C(C)(C)C)[cH+][cH-]2)S[C+]([S-])[N-]1,-10.108970642089844
base,COc1cc(C=O)ccc1OCCCOc1cccc2cccnc12,-3.5091588497161865
base,S=c1[nH]nc(CN(Cc2ccccc2)Cc2ccccc2)o1,-5.167012691497803
base,[O-][c-]1[nH][c+]([S-])[c-]2[cH+][c-]3[c+]([nH][c+]12)[C+]([CH-][c+]1[cH-][cH+][cH-][cH+][cH-]1)[c-]1[cH+][cH-][cH+][cH-][c+]1-3,-3.979933738708496
base,CCCCOC(=O)c1cc(-c2ccccc2)nc2ncnn12,-1.8230407238006592
base,O=C(Nc1ccccc1)N(CCN1CCOCC1)Cc1ccccc1F,-4.641937255859375
base,COc1ccc2c(=O)c3c(O)cccc3oc2c1OC,-1.810612440109253
base,C[C@@H](CCC1=CC(=O)N(c2ccccc2)C1=O)N[C@H](C)[C@@H](O)c1ccccc1,-2.1482040882110596
base,COc1cccc(OCCNC(=O)N2C[C@@H]3C[C@H](C2)c2cccc(=O)n2C3)c1,-1.2944307327270508
base,COc1ccc(OC2CCN(C(C)C)CC2)cc1Cl,-8.834858894348145
base,COc1ccc(C(=S)N2CCCCC2)cc1OCC(=O)O,-2.667468547821045
base,NC(=O)C1CCN(C(=O)c2ccc3nccnc3c2)CC1,-0.4448211193084717
base,C[P@@](=O)(OCC(Cl)(Cl)Br)Oc1ccc(Cl)cc1,-7.677062034606934
base,[H]/N=c1\n(CCCN2CCCC2=O)c2ccccc2n1CC(=O)c1ccc(Cl)cc1,-2.0826616287231445
base,C[C@@H](Oc1ccc(Cc2ccccc2)cc1)C(=O)N[C@@H](Cc1c[nH]c2ccc(O)cc12)C(=O)O,-1.4350364208221436
base,O=[P@@](Nc1ccccc1)(N1CCOCC1)C(Cl)(Cl)Cl,-5.693638801574707
base,CC[C@@H](/[S+]=c1\nc2n(C)c(=O)n(C)c([O-])c-2n1C)C(=O)O,-0.3885042667388916
base,CCN(CC)C(=O)CSC1=N/C(=C/c2ccccc2)C(=O)N1c1ccc(OC)cc1,-3.2136659622192383
base,O=S(=O)(Cc1ccc(Cl)cc1)N1CCCCCC1,-5.818783283233643
base,Clc1ccc(CSc2nccn2Cc2ccc(Cl)cc2)cc1,-11.313563346862793
base,[CH2-]/C(=C(\CCC#N)C[S+2]#C[N-2])[N+](=O)O,-0.7655942440032959
base,CCOC(=O)c1c(NC(=O)Cc2cccc(F)c2)sc(C)c1C,-3.8143863677978516
base,O=C(O)c1cc(C(F)(F)F)nc2ccc(S(=O)(=O)Nc3ccccc3)cc12,-1.2338910102844238
base,CCOc1ccccc1NC(=O)CSCC(=O)Nc1ncccn1,-0.4541633725166321
base,BrC1=Cc2c(N3CCCC3)cc(-c3ccccc3)nc2C1,-10.723734855651855
base,CCOCC(=O)Nc1cccc(C(=O)N/N=C/c2cc(O)ccc2O)c1,-0.37303271889686584
base,CC[C@@H](O)CNC(=O)Nc1ccc(Cl)cc1,-2.464451789855957
base,CCOc1ccccc1OCc1n[n-]/c(=[S+]\CC(=O)[N-]C(=O)[C@@H](C)c2ccccc2)n1-c1ccccc1.[H+],-2.018876791000366
base,FC(F)(F)c1ccc(Cl)c(Nc2ccnc(N3CCCC3)n2)c1,-6.186190605163574
base,COc1ccc(/C=C/S(=O)(=O)Cc2ccccc2)cc1OC,-3.711501359939575
base,COc1ccccc1[C@H](CCN1CCCC1)c1ccc(N(C)C)cc1,-10.534711837768555
base,O=C(CSc1ccc(-c2cccc(Br)c2)nn1)Nc1nccs1,-2.7354001998901367
base,COc1ccc(CC(=O)Nc2c(C(=O)N3CCN(c4ccccc4)CC3)oc3ccccc23)cc1OC,-2.099271059036255
base,NS(=O)(=O)c1ccc(CCN2C(=O)NC3(CCCCC3)C2=O)cc1,-0.37602508068084717
base,COc1ccc(NC(=O)N2CCC(C(=O)Oc3ccc(C(C)=O)cc3)CC2)c(OC)c1,-1.2230963706970215
base,O=C(/C=C/c1cccc(F)c1)c1cccc(S(=O)(=O)N2CCCC2)c1,-3.669483184814453
base,COc1cccc(C(=O)OCC(=O)Nc2ccc(F)cc2F)c1O,-0.8223652243614197
base,CCOc1ccc(/N=C/c2c(O)n(-c3ccccc3)c(=O)[nH]c2=O)cc1,-0.5393607020378113
base,CCOC(=O)[C@@H](N)CCc1nc(-c2cccs2)no1,-0.461485892534256
base,CCOc1cc(CN(C(=O)c2ccc(OC)c(OC)c2)c2nccs2)ccc1OC(C)=O,-1.8216004371643066
base,FC(F)(F)Oc1ccc(-c2cnc(C3CCN(c4ncccn4)CC3)[nH]2)cc1,-2.8810176849365234
base,NS(=O)(=O)c1ccc(CCNC(=O)CCN2C(=O)c3ccccc3C2=O)cc1,-0.29423603415489197
base,O=C(Oc1cc[nH]c(=O)c1)c1cc(Cl)ccc1Cl,-2.9156994819641113
base,O=S(=O)(NCc1ccccc1)c1ccc(S(=O)(=O)N2CCCCCC2)cc1,-1.0047969818115234
base,COc1cc2c(cc1OC)CN(C(=O)[C@H]1COc3ccccc3O1)CC2,-2.7972803115844727
base,[O-]N([O-])[C+]1[CH+][CH-][C+]([CH+][CH-][c+]2[cH-][cH+][cH-][cH+][cH-]2)[CH-][C+]1O[CH-][c+]1[cH-][c+](Br)[n-][cH+][c-]1F,-2.6733291149139404
base,O=C(Nc1ccncc1)N1CCOCC1,-2.911566972732544
base,NC(=O)c1cn(-c2ccccc2)nc1-c1ccccc1,-2.5305378437042236
base,CCOc1ccc(C(=O)Cc2ccc(OC)cc2)cc1,-6.262506008148193
base,O=C(CN1CCC2(CC1)OCCO2)c1ccc[nH]1,-2.9659571647644043
base,C=C/[N+](=C\C(/C=N/c1ccc(C(C)=O)cc1)C(C)=O)CC/C=C(/[O-])OCC.C[C-]=O.[H+],-0.8187615871429443
base,COc1ccc2nc(Nc3nc(CSc4ccccc4)cc(=O)[nH]3)nc(C)c2c1,-1.4380617141723633
base,Cn1ncc(Br)c1C#[S+2]C[C-]([O-])N1CCCC1,-4.319199562072754
base,COc1ccc(C(=O)Cn2c(=O)c(CCC(=O)O)nn3c4ccccc4nc23)cc1OC,-0.3378757834434509
base,Cc1cc(C)c(-c2ccccc2Cl)c(OC(=O)c2ccco2)c1,-7.297815322875977
base,COc1ccccc1C(=O)N/N=C(\C)CC(=O)Nc1ccc(Cl)cn1,-0.7625278234481812
base,CCOC(=O)NC(=O)c1cn(CCN(C)C)c(=O)[nH]c1=O,-0.3428421914577484
base,O=C(c1ccccc1)N1CCN(C(=O)C2c3ccccc3Oc3ccccc32)CC1,-4.463873386383057
base,[CH2-]OC.[CH]C1[CH+]C([CH2+])CC([C+]([O-])[O-])C1.[H+].[O-][P-2],-1.0628693103790283
base,CN(CC/C=C/CC(=O)/C=N/O)Cc1ccccc1,-3.355179786682129
base,Fc1ccccc1N1CCN(C2CCNCC2)CC1,-8.662643432617188
base,CC(C)Cn1ccnc1CN1CCN(C/C=C/c2ccco2)[C@H](CCO)C1,-2.9374923706054688
base,COc1ccc(Cl)cc1NC(=O)CCc1nnc2ccc(N3CCC4(CC3)OCCO4)nn12,-0.6150373816490173
base,Cc1ccc(S(=O)(=O)C2=C=[N+]=NC(N3CCCC3)=C2)cc1.[CH3-],-2.214956521987915
base,[CH2+]C[CH+]N(CC[CH-]CO[S+2](N)([O-])[O-])[c+]1[cH-][cH+][c-](C(F)(F)F)[cH+][c-]1N([O-])[O-],-0.6754249334335327
base,S=C(NCCN1CCOCC1)N/N=C/c1ccccc1,-3.5717079639434814
base,O=[N+]([O-])c1c(NCCCO)cc(N2CCN(Cc3ccccc3)CC2)c2nonc12,-0.41866257786750793
base,O=CNCC(=O)Nc1cccc(CN2CCOCC2)c1,-1.3603514432907104
base,[H]/N=C(/N)SCCS(=O)(=O)CC,-0.8456336855888367
base,NS(=O)(=O)c1ccccc1NC(=S)Nn1cnnc1,-0.37228792905807495
base,O=C(OCC(=O)N1CCN([C@H](c2ccccc2)c2ccc(Cl)cc2)CC1)c1cccc([N+](=O)[O-])c1,-1.7218334674835205
base,CC1(C)[C@H](O)CCC[C@@]1(O)C(=O)/N=C/N(c1ccc(Cl)cc1)S(=O)(=O)c1ccccc1,-1.0213313102722168
base,Cc1cccc(NC2=C(NCC(=O)Nc3cccc(C)c3C)C(=O)c3ccccc3C2=O)c1,-2.0049307346343994
base,COc1cc(OCC(=O)Nc2ccc(Br)cn2)ccc1Cl,-3.0107038021087646
base,C[P@@](=O)(O)CN1CCCCC1,-4.914299488067627
base,C[C@@H](O)CNc1ccc([N+](=O)[O-])cc1C(N)=O,-0.41023415327072144
base,CC(=O)N1CCc2ccc(C(=O)Nc3ccc(N4CCN(S(=O)(=O)c5ccc(C)cc5)CC4)cc3)cc21,-1.2810239791870117
base,Fc1cccc(-c2nc(CN3CCN(Cc4ccccc4)CC3)no2)c1,-4.587064266204834
base,O=[N+]([O-])c1ccc2nonc2c1NCc1ccccc1Cl,-1.0600422620773315
base,O=C1OCc2ccc(NC(=O)C3CCCCC3)cc21,-3.2672336101531982
base,CCN(CC)CCCNC(=O)C[S+2]1=C2[N-]c3ccccc3S[C@@]21/C=C1/C=C[CH-]C=N1,-3.4513604640960693
base,Cc1ccc(C(=O)OCCC(=O)Nc2ccccn2)cc1,-1.8285694122314453
base,Nc1nnnn1NCc1cccn1-c1ccccc1,-0.5679627060890198
base,Cn1cc(C(=O)NCc2ccc3c(c2)OCCO3)ccc1=O,-1.444388508796692
base,Fc1ccc(OCc2ccc(OC(F)F)cc2)cc1,-9.790934562683105
base,CCOC(=O)[C@H]1C(=O)C[C@](C)(O)[C@H](C(=O)OCC)[C@H]1c1ccccc1,-0.5719946622848511
base,N#C/C1=C/CCC2=CC=C[CH+]/C2=N\[C@@]1([S-])NCCc1ccc(OC(F)F)cc1,-3.7812585830688477
base,N[C]1[CH][CH][C]([C+]([O])NC(CC[C]2[CH][CH][CH][CH][CH]2)[C]2[CH][CH][C](Cl)[CH][CH]2)[CH][C]1N([O-])[O-],-1.0474210977554321
base,COCC/[S+]=C1\C=CC=C\C1=C(/[O-])N1CCCCC1,-5.654928207397461
base,COc1cc(C(=O)NNC(=O)c2cc(-c3ccccc3Cl)nc3ccccc23)cc(OC)c1OC,-1.8831928968429565
base,COc1ccc(C(=O)n2nc(-c3cccnc3)nc2N)cc1OC,-0.27597832679748535
base,NS(=O)(=O)c1ccc(NC(=O)N[C@@H](Cc2ccccc2)C(=O)O)cc1,-0.31783536076545715
base,C[C@@H](CCN(C)Cc1cc(=O)oc2cc3c(cc12)CCCC3)CC(=O)O,-2.2299211025238037
base,F[C@@H](CN1CCN(C(=S)NCc2cccnc2)CC1)C(F)(F)F,-6.369705677032471
base,CCO[c-]1[cH+][cH-][c+]2[c-]([cH+]1)[O+](CC)[S+](C(O)C[O-])[C+]1[C-]2[CH-][C][C]C12[c-]1o[o+]12.[H+],-1.5105526447296143
base,NCC(=O)NC(C(F)(F)F)C(F)(F)F,-3.0993432998657227
base,COc1cccc([C@@H](C(=O)NC(C)(C)C)N(CC(=O)NCc2ccccc2F)C(=O)c2csnn2)c1,-0.7971987128257751
base,Nc1nnnn1Cc1cccc(CCCc2nnn[nH]2)c1,-0.4139068126678467
base,Brc1[c-]c2c(cc1)=[S+2](c1ccccn1)CN1[C-]=NNC=21,-4.7847747802734375
base,Cc1ccccc1OCCNC(=O)COc1c(Cl)cccc1Cl,-4.742156028747559
base,CCCCN1C(=O)N/C2=[O+]/OC3=C(CCC(=O)N(CCCOC)C2=C1N)[C-](C)c1cc(C)ccc1O3,-0.961532473564148
base,COCCCNC(=O)CCC1CCN(C(=O)c2cccnc2SC)CC1,-1.661957859992981
base,O=[N+]([O-])c1cc(-c2cnc3ccccc3n2)ccc1NCCNC(=S)Nc1ccccc1Cl,-2.5169363021850586
base,FC(F)Oc1ccc(/C=C\c2ccc(C3=NCCS3)cc2)cc1,-9.958378791809082
base,COc1cc(OC)c(-n2nc(C(=O)NCC(=O)N3CCN(c4ccc(F)cc4)CC3)c3ccccc3c2=O)cc1Cl,-0.8652516603469849
base,CC[C@@H](Oc1cccc(N2C(=O)CCC2=O)c1)C(=O)N1c2ccccc2C[C@@H]1C,-2.4261560440063477
base,COC(=O)COc1ccc(NS(=O)(=O)OCC(Cl)(Cl)Cl)cc1,-0.6566581726074219
base,CCCSCCSC1=C(C#N)[C@@H](c2cc(OC)ccc2OC)CC(=O)N1,-2.4129743576049805
base,Fc1cc(F)c(F)c(-c2c[nH]cn2)c1,-7.117391586303711
base,CCN1[C]([O])[C](N([C]N[N][C](S)[C]2[CH][C](C)N3C[C]([NH2+])OCC[C]23)C[C]2[CH][CH-][CH][S+]2)[C](C)N1C,-0.5588315725326538
base,O=C(c1cccs1)N1CCN(Cc2ccc3ccccc3c2)CC1,-8.567983627319336
base,Cc1ccc(NC(=O)CCc2nnc(-c3ccccc3)o2)cc1S(=O)(=O)N1CCOCC1,-0.5607780814170837
base,COc1ccc(S(=O)(=O)N2CCN(C(=O)NC3CCCCC3)CC2)cc1,-1.0332857370376587
base,CCOC(=O)Cc1ccc(NC(=O)[C@H]2[O+]=[C-]c3cc(C)nn3-c3c(C)cccc32)cc1,-1.183228611946106
base,CCCc1ccccc1NC=C1C(=O)CCCC1=O,-4.597896575927734
base,Clc1nc(NCC2CCCCC2)nc(N2CCOCC2)n1,-2.3133153915405273
base,[CH2-][CH-][CH-][C+]1[CH-][CH+]CCC[CH-]1.[H+].[H+].[O-][C+]1NC2CN(CC[c-]3[cH+][cH-][cH+][cH-][c+]32)C1C[C-]([O-])N(C[CH+][CH+][c-]1[cH+][cH-][cH+][cH-][cH+]1)CC1CCC1,-3.9539599418640137
base,Cc1ccccc1NC(=O)NC1CCCCCC1,-5.686387062072754
base,COC(=O)c1cc(S(=O)(=O)NCc2ccco2)c[nH]1,-0.3601956367492676
base,CN[C@H](C)[C@@H](Cl)c1cccs1,-10.469904899597168
base,CCOc1ccccc1NC(=O)CSc1ncnc2c1oc1ccccc12,-2.3649775981903076
base,COc1cc(OC)cc(C(=O)NCCC(=O)NCC(=O)Nc2cc(C)ccc2C)c1,-0.417512446641922
base,C/C=C(\[O-])[C@@H]1C=C(C)C=CC1=O.[H+],-4.968535423278809
base,COc1ccc2nc(N3CCC[C@@H](C(=O)NCCCCCO)C3)sc2c1,-1.4695243835449219
base,[H]/[O+]=C\c1c(Cl)cccc1Cl.[O-]P(OC1CCCCC1)OC1CCCCC1,-4.998517036437988
base,COCCCn1c(SCC(=O)Nc2ccc(OC)cc2)nc2ccccc2c1=O,-1.1510194540023804
base,CC(=O)c1c(C)[nH]c(C(=O)Cc2cc(COc3ccc4c(c3)CCCC4)on2)c1C,-2.28781795501709
base,O=C1C=CN(C(=O)CCC(=O)c2ccc(Br)cc2)[C@@H](c2ccc(F)cc2)N1,-2.630208969116211
base,COc1cc([N+](=O)[O-])c(N)cc1-c1ccncc1,-0.5783746242523193
base,O=S(=O)(OC1CCCCC1)N1CCOCC1,-2.93115234375
base,CCC(CC)c1nnc(NC(=O)CCC(=O)Nc2ccc(F)cc2)s1,-1.707205057144165
base,CN1c2ccc(cc2)OCC(=O)OCC(=O)NC2=CC3[O+](C34N[C-]([O-])NC4=C2)[S@]1(C)#[O+],-0.32668542861938477
base,COc1cc2c(cc1OC)[C@H](C(=O)NCc1cccc(F)c1)N(C(=O)CCc1ccccc1)CC2,-2.816896438598633
base,COc1ccccc1N[C@@H]1NC(=O)c2c1cccc2[N+](=O)[O-],-0.5835687518119812
base,CC1=NC(=[N+]([O-])[O-])/C(=[S+]/C(=O)c2ccc(C(C)(C)C)cc2)N1Cc1ccccc1,-1.6078801155090332
base,CC1(C)C[C@@H]1CS(=O)(=O)Oc1ccccc1C(=O)N1CCOCC1,-1.3612712621688843
base,CCOc1ccc(NS(=O)(=O)c2ccc(Cl)c(OCC)c2)cc1,-2.9208879470825195
base,O=C1COc2ccc(S(=O)(=O)N3CCOCC3)cc2N1C[C@H](O)CN1CCCCC1,-0.37292173504829407
base,O=C(CCc1nnc(-c2ccccc2)o1)NCCc1ccccc1F,-2.142390251159668
base,O=C(O)C1CCN(c2ccc([N+](=O)[O-])cc2[N+](=O)[O-])CC1,-0.499296098947525
base,Cc1cccc(NC(=S)NC(=O)c2ccco2)n1,-1.8242542743682861
base,CN1CCC[C@@H](OC(=O)/C(C#N)=C\C=C\c2ccccc2)C1,-3.425961494445801
base,CO/N=C(\CS(=O)(=O)c1ccc(Br)cc1)c1cccc(OC)c1,-2.4728333950042725
base,O=C(O)/C=C/C(=O)Nc1ccc2c(c1)CCC2,-1.8329195976257324
base,COc1ccc(CCN2CCNC(=O)[C@@H]2C)cc1OC,-3.307488441467285
base,[O][C](N[N][CH][C]1[CH][CH][C](N([O-])[O-])O1)C(O)([C]1[CH][CH][CH][CH][CH]1)[C+]1[CH][CH][CH][CH][CH]1,-0.5839677453041077
base,Cc1cc(N(C)C(=O)c2n[nH]c(-c3ccc(Cl)s3)c2C#N)n[nH]1,-0.8544489741325378
base,CCN(/C=N/[C@H](C)CCc1ccccc1)CC,-9.986235618591309
base,COc1ccc(/C=N\NC(=O)c2cc(-c3ccc(OC)c(OC)c3)n[nH]2)cc1OC,-0.6968579888343811
base,O=C(NCc1cccc(C(F)(F)F)c1)c1ccc(CS(=O)(=O)Cc2ccccc2F)o1,-2.5041439533233643
base,O=C(NC[C@H](c1cccs1)N1CCOCC1)c1ccco1,-3.0018630027770996
base,COc1ccc(CNC(=O)COC(=O)CC2CCCCC2)cc1,-2.299459934234619
base,CCC(CC)NCCS(=O)(=O)Cc1ccccc1,-4.202695846557617
base,O=C(c1cc(COc2cccc3cnccc23)on1)N1CCN(C2CCCCC2)C(=O)C1,-1.1464306116104126
base,O=C(CC(Cl)Cl)c1ccc(-n2cccc2)cc1,-8.985730171203613
base,CCOC(=O)CN/C=C(\C#N)c1ccccc1,-2.194291830062866
base,[O-][C+]1[CH-]CC[C+]([N-]N[C+]([O-])[c+]2[cH-][cH+][c-](N3CCCCCC3)[cH+][cH-]2)C1,-1.2440788745880127
base,N#CC1(Nc2ccnc3ccc(Cl)cc23)CCCCC1,-5.157541275024414
base,CC1CCCC(N[C-]([O-])C2O[N-][C+](CCl)[C+]2CO)C1C,-1.1079037189483643
base,O=C(NCc1ccccn1)[C@H]1c2ccccc2C(=O)N1C1CCCCC1,-2.6624014377593994
base,NC(N)=CC(=O)Nc1nnc(-c2cccs2)s1,-0.316233366727829
base,O=C(NCCOCCO)c1ccc(-c2ccccc2)o1,-1.3354485034942627
base,COc1ccc(NS(=O)(=O)c2cc(C)ccc2C)cc1,-3.31416392326355
base,O=C(O)c1[nH]ccc1S(=O)(=O)NC1CCCCCC1,-0.5196486711502075
base,C[c+]1[n-][c+](C(F)(F)F)[cH+][c-](C(O)CBr)[n-]1.[H+],-3.9585914611816406
base,CCOc1ccc(OCC(C)=O)cc1C,-5.788538932800293
base,S=C(Nc1ccc(Cl)cc1)Nc1ccc(N2CCOCC2)cc1,-6.47083044052124
base,COc1ccccc1CNC(=O)[C@H](NC(C)=O)C(=O)Nc1ccccc1C,-0.3276561498641968
base,COc1cc(-c2ccc(Cl)cc2)cc(CSc2ccccn2)n1,-7.644667625427246
base,CCOc1ccccc1/C=C/C(=O)NCC(=O)N1CCN(c2ccc(Cl)cc2)CC1,-2.6822710037231445
base,[O-][C+]([S-])N[c+]1[n-][n-][c+](-[c+]2[cH-][cH+][cH-][cH+][cH-]2)[c+]2[cH-][cH+][cH-][cH+][c-]12,-2.0397872924804688
base,CCCc1cc(=O)[nH]c(SCC(=O)N2CCN(c3ncccn3)CC2)n1,-0.3280884325504303
base,CCCCN1[C-]([S-])N[C+]([O-])[c+]2[cH+][c-]3[cH+][cH-][cH+][c-](O[c+]4[cH-][cH+][cH-][cH+][cH-]4)[c+]3o[c-]21,-3.2249703407287598
base,Cc1ccc(Nc2nnc(SCC(=O)N3CCC(C)CC3)s2)cc1,-3.5696396827697754
base,COCCn1c(NCc2ccco2)nc2c1c(=O)n(C)c(=O)n2C,-0.31047970056533813
base,COc1ccc(/C=N/NC(=S)Nc2ccccc2NC(C)=O)c(OC)c1,-1.0405619144439697
base,Cc1ccc2cc(CN(Cc3ccc(F)cc3)Cc3c(C)nn(C)c3C)c3nnnn3c2c1,-3.2302708625793457
base,CC(C)NC(=S)N/N=C\c1ccc(-c2ccc(Cl)c(Cl)c2)o1,-5.007072925567627
base,O=C(c1cc2cc(Br)ccc2[nH]1)N1CCC2(CC1)OCCO2,-3.3942105770111084
base,Cn1cccc1C(=O)N1CCN(C(=O)/C=C\c2ccc3c(c2)OCO3)CC1,-1.9753810167312622
base,COC(=O)CCC(=O)NNC(=O)c1ccc(OC(F)(F)F)cc1,-0.4254467487335205
base,CO[C-]1[CH+][C][C+]([c+]2[n-][c+]3[cH+][cH+][cH+][cH-][c+]3[nH]2)[C-](O[c-]2[cH+][cH-][c+](N([O-])[O-])[cH-][c+]2N([O-])[O-])[CH+]1,-0.8921650052070618
base,O=C(C1=C(O)C(=O)N(CCN2CCOCC2)[C@@H]1c1cccc(O)c1)c1cc2ccccc2o1,-0.7554827332496643
base,Fc1ccccc1-c1csc(Nc2cccnc2)n1,-6.270839691162109
base,C=[N+](CCC/C=C(\[O-])NCc1cc(OC)ccc1OC)S(=O)(=O)c1ccc(OC)cc1,-0.3649161458015442
base,CN(C(=O)c1ccc2c(=O)n3c(nc2c1)CCCCC3)c1ccccc1,-3.4761345386505127
base,S=C(NCC1CCCCC1)N1CCOCC1,-7.714526176452637
base,COCCOC(=O)c1c(C)n(C)c2ccc(OC(=O)Nc3ccc(OC)c(OC)c3)cc12,-1.280727744102478
base,COc1cc(C(=O)NC2CCCC2)c(Cl)cc1OCC(N)=O,-0.5377572774887085
base,O=C(Cc1ccccc1)Nc1ccc(F)cc1Cc1ccc(F)cc1,-8.304075241088867
base,NNc1nc(NCc2ccco2)nc(N2CCOCC2)n1,-0.3538733720779419
base,O=[N+]([O-])c1ccc(N/N=C/c2ccc(O)c(O)c2O)c(S(=O)(=O)Nc2cccc(Cl)c2)c1,-1.1721259355545044
base,[CH2-]CC/N=C1\N=NC(Nc2ccc(-c3nc4ccc(NC(=O)C5CC5)cc4[nH]3)cc2)=[S+]1,-1.5285719633102417
base,Cc1onc(-c2ccccc2Cl)c1C(=O)NCCN1CCCC1,-3.0146076679229736
base,[O-][S@+](Cc1ccccc1)Cc1ccncc1,-5.7242021560668945
base,COc1ccccc1/N=C/c1c(C)[nH]n(-c2ccc(C)c(C)c2)c1=O,-3.3408169746398926
base,O=C(c1ccc[nH]1)N1N=C(c2cccs2)C[C@H]1c1ccccc1O,-2.475789785385132
base,NC(=S)N/N=C1\C(=O)N(CCOc2ccccc2)c2ccccc21,-0.8424249291419983
base,O=[N+]([O-])C(=N\Nc1ccccc1)/N=N/c1cccc(C(F)(F)F)c1,-1.913816213607788
base,O,-6.9706244468688965
base,COc1ccccc1Oc1nc2c(c(=O)n(Cc3ccccc3F)c(=O)n2C)n1C,-0.9721181392669678
base,NCCOc1ccc(C(F)(F)F)cc1,-5.80334997177124
base,O/N=C(/COCCOCCNC(=S)Nc1ccccc1Cl)N1CCOCC1,-0.6498842239379883
base,C=CCOc1cc(OC)c(OC)c(OC(=O)CN2C(=O)NC3(CCCC3)C2=O)c1,-0.45178020000457764
base,O=C(CSc1ccc(-c2ccccc2)cc1)Nc1nnc(-c2ccc3c(c2)OCCO3)s1,-3.5247015953063965
base,CCCN(CCC)C[C@H](O)CN(c1ccccc1)S(=O)(=O)c1ccc2ccccc2c1,-3.717844247817993
base,CC(O[C-]([O-])[c+]1[cH+][cH-][n-]n1[C+]1[CH-][CH+][CH+][N-]1)[C-]([O-])N[C+]1[N-][CH+][C+](Cl)[CH-][C+]1Cl,-0.4195787012577057
base,Fc1ccc(NC(=S)N2CCN(c3ncc(C(F)(F)F)cc3Cl)CC2)cc1,-7.682484149932861
base,O=[N+]([O-])c1ccc(Cl)c(-c2ccc(/C=N/O)o2)c1,-1.192086100578308
base,CCOC1=Cc2c/c(=C/N(CCCO)S(=O)(=O)c3ccc(F)cc3)c(=O)[nH]c2=C[CH-]1.[H+],-0.35147857666015625
base,CCOC(=O)CCCNC(=O)c1c(-c2ccccc2Cl)noc1C,-1.420577883720398
base,[H]/N=c1/n(C)c2ccc(F)cc2n1S(=O)(=O)c1cn(-c2ccccc2)nc1C,-0.7385801076889038
base,N#Cc1ccc2cc[nH]c2c1,-5.146251201629639
base,O=C(NNC(=O)C1CCN(Cc2ccccc2)CC1)c1ccccc1,-2.366619348526001
base,CCC[C@H](C(=O)NC(C)(C)C)N(C[C@H]1CCCO1)C(=O)C1=C(N)/C(=C(/N)[O-])N=[S+]1,-0.4965877830982208
base,Cn1c(=O)c(=O)n(C)c2cc(C(=O)Nc3ccccc3F)c(NC(=O)c3cccc([N+](=O)[O-])c3)cc21,-0.6728174090385437
base,CC(=O)Nc1sc(C)c(C)c1CN1CCN(S(=O)(=O)c2cccs2)CC1,-1.8769888877868652
base,CCOC(=O)c1c(NC(=S)Nc2ccc(Cl)cc2)sc2c1CCCCC2,-6.133172035217285
base,CCOc1ccccc1Cc1ccc(N(C)C)cc1Oc1ccccc1,-10.465787887573242
base,Clc1ccc2[nH]c3c(c2c1)CN(c1ncnc2sc4c(c12)CCC4)CC3,-5.996931076049805
base,N#CN(Cc1ccccc1)C1(C(=O)NC2CCCCC2)CCCCC1,-3.9651987552642822
base,[O-][CH+][C][C+]([N-][C+]1[CH+][N-][c+]2[cH-][cH+][cH-][cH+][c-]21)C([c-]1[cH+][cH-][cH+][cH-][cH+]1)[c-]1[cH+][cH-][cH+][c-]2[cH+][cH-][cH+][cH-][c+]12,-6.696231365203857
base,NNC(=S)NC1CCCCC1,-3.6906542778015137
base,COc1ccc(C(=O)NC2CC(C)(C)NC(C)(C)C2)c(C)c1C,-4.123154163360596
base,CCCn1c(=O)c2[nH]cnc2n(C)c1=O,-1.3818963766098022
base,NS(=O)(=O)c1ccc(NC(=S)NC(=O)C2CCCCC2)cc1,-0.4410264194011688
base,[CH+]1[CH-]N1[N-][C+]1CN(C[c+]2[cH-][cH+][cH-][c+]3[n-]o[n-][c+]23)C[c+]2[cH-][cH+][cH-][cH+][c-]21.[H+],-2.5187013149261475
base,O=C(NN1CCOCC1)c1cc(-c2ccccc2)nc2ccccc12,-3.2562272548675537
base,Brc1cc(Br)c2oc(-c3ccc(Br)o3)nc2c1,-7.380975723266602
base,CC(=O)Oc1ccccc1C(=O)OCC(=O)N1c2ccccc2NC(=O)C1(C)C,-0.5347118973731995
base,COc1ccc(OC)c(NC(=O)N2CCC(NC(=O)c3cccn4c(-c5ccccc5)c(-c5ccccc5)nc34)CC2)c1,-3.484891653060913
base,FC(F)(F)c1cccc(OCCN2CCNCC2)c1,-7.58673095703125
base,O=C(NC1CC1)c1cc2ccccc2o1,-4.695669174194336
base,[O-][N+]1=Nc2ccccc2C[C@H]1c1cccnc1,-3.758237600326538
base,Brc1cccnc1NCCOc1ccccc1,-6.390569686889648
base,Cc1ccnc(NC(=O)[C@@H]2CCCN(c3nc(-c4cccnc4)nc4c3CCC4)C2)c1,-1.405027985572815
base,Nn1cn[nH]/c1=N\c1ccc(OC[C@@H](O)CN2CCCCC2)c(Cl)c1,-0.33006635308265686
base,CCNc1ccc([N+](=O)[O-])c(NC2CC(C)(C)NC(C)(C)C2)c1,-1.884024739265442
base,S=C(Nc1cccnc1)Nc1ccc2c(c1)OCO2,-3.1238596439361572
base,O=S(=O)(NCc1cccnc1)c1ccccc1Cl,-2.5801703929901123
base,N#C[C@H](NC(=O)c1ccccc1Cl)c1ccccc1,-3.7835781574249268
base,CCOC(=O)[C@@H]1CCCCN1[C@H]1CC(=O)N(Cc2ccccc2)C1=O,-1.7629517316818237
base,CCOC(=O)c1c(C)n(-c2ccc(C)cc2)c2ccc(O)c(CN(C)C)c12,-4.091921806335449
base,COc1ccc(N2CCN([C@@H](CNS(=O)(=O)c3ccccc3F)c3cccnc3)CC2)cc1,-1.510460376739502
base,CCCn1ccnc1C(=O)OCC(=O)Nc1ccc(S(N)(=O)=O)cc1,-0.27832961082458496
base,CC(=O)N1CCN(C2CCCCC2)NC1,-5.694457530975342
base,CCCC(=O)OCC(=O)Nc1cc(C)nn1-c1ccc(F)cc1,-1.5328214168548584
base,N#Cc1cc(C(F)(F)F)nc(NC[C@@H]2CCCO2)n1,-1.5895740985870361
base,NS(=O)(=O)c1ccc(CC(=O)c2cc(O)ccc2O)cc1,-0.3483528792858124
base,O=C(Nc1ccnn1C1CCN(Cc2cccc(C(F)(F)F)c2)CC1)c1ccccc1Cl,-6.069092750549316
base,Brc1ccc(CNc2ccc3ccccc3c2)c2cccnc12,-10.1493558883667
base,COc1cc(C#N)ccc1OS(=O)(=O)c1ccccc1,-1.2005621194839478
base,Cc1ccc(C2CCN(C(=O)c3ccc4c(c3)OCC(=O)N4)CC2)cn1,-1.6317312717437744
base,O=S(=O)(c1ccccc1)N1CCN(Cc2nc3ccccc3[nH]2)CC1,-1.5812016725540161
base,CN1C(=O)N(C)[C@@H]2[C@H]1N(c1ccccn1)C(=O)N2CN1CCN(c2cccc3ccccc23)CC1,-2.0733957290649414
base,NS(=O)(=O)c1ccccc1NC(=S)NC(=O)c1ccccc1Br,-0.52126145362854
base,O=S(=O)(NCCCc1ccc2c(c1)OCO2)c1ccc(F)c(F)c1,-2.2085461616516113
base,[O][C](O)[C]1[N]N(CCO[C]2[CH][C]3O[C]([O])[C]4CCC[C+]4[C]3[CH][C]2N([O-])[O-])[C]([O])[C]2[CH][CH][CH][CH][C]21,-0.658510148525238
base,NC(=S)N/N=C/c1ccc2ccc3ccccc3c2n1,-2.270944833755493
base,COCCSc1nnc(-c2ccc(Cl)cc2)o1,-4.267579078674316
base,[H]/[O+]=N/C(=C/C=C/C[C@](C)(O)CC)C[CH2-],-3.5761101245880127
base,NS(=O)(=O)c1ccc(CN2[CH-]C(/C=C3/C=CC=[O+]3)C(=O)C=N2)cc1,-0.36443832516670227
base,COc1cc2c(cc1OC)[C@H](C(=O)NC(=O)CCSC)N(C(=O)C1CC1)CC2,-0.7312756776809692
base,NCCOc1ccccc1OC[C@H]1CC=CCC1,-4.555333614349365
base,COc1ccc(/C=N\Nc2ncn[nH]2)cc1CN1CCOCC1,-0.49509674310684204
base,COc1ccc(S(=O)(=O)N2CCCC2)cc1NC(=O)Cc1nn(C)c(=O)c2ccccc12,-0.2983725666999817
base,[CH2+]C1([CH2-])C(CCNC)=CC(C)(C)C/C1=N\C,-8.00302505493164
base,O=C(NNC(=S)Nc1ccc(F)cc1)c1ccccn1,-1.8546030521392822
base,C=C1C=C(NC(C)=O)C=C[CH-]1.O=[N+]([O-])c1cccc(P(#[O+])c2ccccc2)c1,-1.2640618085861206
base,[O-][C][C+]([CH+][c-]1[cH+][cH-][c+](O)[cH-][cH+]1)CC[C-]([O-])[C+]1[CH+][CH-][C+](F)[CH-][C+]1Cl,-1.9614125490188599
base,O[C@@]12C[C@H]3C[C@@H](C1)C[C@](CNC=S)(C3)C2,-6.378610610961914
base,NS(=O)(=O)c1ccc(NS(=O)(=O)c2ccccc2)cc1,-0.3111392557621002
base,Cn1ncnc1SCCC(=O)NCc1cccc(Br)c1,-2.56850004196167
base,CO[c-]1[cH+][cH-][cH+][cH-][c+]1[C-]([S-])[c+]1[n-][cH+]n(CCO)[c-]1[C][O-],-1.3025407791137695
base,Brc1cccc(OC/C=N/Nc2ncccn2)c1,-2.733407735824585
base,Nc1ccccc1N/N=C\c1cccs1,-3.799060583114624
base,COc1cc(CCCCN2CCN(C3CCCCC3)CC2)cc(OC)c1OC,-6.885833740234375
base,CCOc1cccc(CNc2ccc(C)cc2C)c1,-9.419772148132324
base,O=C(c1ccco1)N1CCN(c2ccc(F)cc2)CC1,-5.543288707733154
base,CCC(=O)Nc1ccc(Cl)cn1,-4.769598484039307
base,COc1ccc(Br)c(OC)c1C(=O)OCC(=O)NC(C)(C)C,-1.4643433094024658
base,Cl[c-]1[cH+][cH-][c+](S[C-]2[N-][C+]3[CH+][CH-][CH+][CH-][C+]3N3[CH-][N-][CH+]N23)[cH-][cH+]1,-7.064691543579102
base,FC(F)Oc1ccc2ccccc2c1,-11.378199577331543
base,FCNC(=S)Nc1ccccc1,-7.744712829589844
base,O=C(N/N=C\C=C/c1ccc(Br)cc1)c1cccs1,-5.683094501495361
base,Clc1ccc(CNCCCSC2=NCCS2)cc1Cl,-8.929755210876465
base,S=C(NCCc1ccccc1)N1CCN([C@@H](c2ccccc2)c2ccc(Cl)c(Cl)c2)CC1,-11.48798942565918
base,O=C(NCc1ccc2c(c1)OCO2)C1=C[C@@H](c2ccccc2)C[C@@H](OCc2ccc(C(=O)O)cc2)O1,-1.672195315361023
base,CCOc1ccc2[nH]c(=O)c(CN(CCCC(=O)NCCc3ccccn3)Cc3ccccc3)cc2c1,-1.9127275943756104
base,Cc1ccc(OC(=O)c2cnn(Cc3ccc(F)cc3)c2)cc1C,-5.244586944580078
base,[O-]P(CCCN1CCN([c+]2[cH-][cH+][cH-][cH+][c-]2Cl)CC1)C[c+]1[cH-][cH+][cH-][cH+][cH-]1,-7.444415092468262
base,Cn1nc(C(=O)Nc2ccccc2N2CCOCC2)c2ccccc2c1=O,-1.0385446548461914
base,NC(=O)CC[C@H](CCc1ccccc1)NC(=O)CNC(=O)/C=C/c1cccs1,-0.4630866050720215
base,CN(CCO)c1ncnc2c1sc1nc(N3CCOCC3)c3c(c12)CCC3,-1.2427562475204468
base,CCOc1ccccc1-c1nnc2c3ccccc3c(C)nn12,-3.987750768661499
base,CC(=O)N(C)c1ccc(Cl)c(C(=O)N2CCOCC2)c1,-3.598820447921753
base,O=C(O)[C@H](CCc1ccccc1)N1CCN(c2ccc(C(F)(F)F)cn2)CC1,-3.267727851867676
base,CC(C)(NCC(=O)Nc1ccccc1O)C(=O)Nc1cccc(-c2nc3ccccc3[nH]2)c1,-1.2734452486038208
base,O=[N+]([O-])c1ccc2nonc2c1NCc1ccc(Cl)c(C(F)(F)F)c1,-1.8363202810287476
base,Cc1c(N2C(=O)/C(=C\c3ccccc3)SC2=S)c(=O)n(-c2ccccc2)n1C,-4.802694320678711
base,O=C(CN1C(=O)NC2(CCCCC2)C1=O)N1CCN(c2ccccn2)CC1,-0.5903154015541077
base,CCC(=O)NNc1ccc2ccccc2n1,-3.0814290046691895
base,Fc1ccc(NC(=S)N(Cc2ccccn2)Cc2ccccc2Cl)cc1,-9.031699180603027
base,Cc1ccc(N2C[C@@H](C(=O)Nc3nnc(C(C)C)s3)CC2=O)cc1,-1.561763882637024
base,COc1cc(-c2ccccc2)oc1CNS(=O)(=O)c1ccc(Cl)cc1,-2.6608216762542725
base,CC(=O)Nc1ccc(S(=O)(=O)N(C)Cc2ccccc2)cc1,-1.936310052871704
base,NC(=O)c1sc2ccc(-c3ccc(F)cc3)nc2c1NCc1cccc(F)c1,-3.4807355403900146
base,Cn1c([C@@H]2CCCCN2C(=O)/C=C/c2ccco2)cc(=O)n(C)c1=O,-0.9583047032356262
base,COCc1cc(=O)[nH]c2ccccc12,-4.60811710357666
base,O=S(=O)(c1cccc2ccccc12)N1C=CC(C(F)(F)F)=NCC1,-4.137974262237549
base,O=C(O)CCc1ccc(-c2cccs2)n1NC(=O)c1ccc(Cl)cc1,-2.6647870540618896
base,CCCCn1nc(C(=O)Nc2ccccc2C(=O)O)c2ccccc2c1=O,-0.8417685031890869
base,COc1ccc(C(=O)OCC(=O)Nc2ccc(S(=O)(=O)Nc3nccs3)cc2)cc1,-0.6097029447555542
base,Cn1nc(/[S+]=C2\C=C/C(=C\[O-])S2)c2c1CCCS2,-4.787607192993164
base,CN(CCO[C]1[CH][CH][CH][C+](OCCCN(C)N([O-])[O-])[CH]1)[C]1[CH][CH][CH][CH][N]1,-0.6377621293067932
base,CCOc1ccc([C@H]2c3[nH]c4ccccc4c3CCN2C(=O)c2cc(-c3ccccc3O)n[nH]2)cc1,-2.78452205657959
base,O=[N+]([O-])c1cc(CN2CCCCC2)cc(CN2CCN(c3ccccn3)CC2)c1O,-1.0159319639205933
base,[CH2-]CCC[CH-]CC(=O)N=C1C=CC(=[O+]CC(=O)N2c3ccc(C)cc3[C@H]3CN(C)CC[C@H]32)C=C1.[H+],-3.1607894897460938
base,O[C-](O)C[S+2]#C[N-][C@]12C[C@H]3C[C@H](C[C@H](C3)C1)C2,-3.495521068572998
base,CC(C)C(=O)N1CCN(c2ccc([N+](=O)[O-])c(NCc3ccco3)c2)CC1,-0.9102138876914978
base,O=C(CSc1ccccc1)NC1CC1,-6.745609283447266
base,O=C(NCCCn1cccn1)c1ccccc1F,-3.9457497596740723
base,CCC[C@H](C)NC(=O)[C@@H](NC(=O)[C@@H](NC(=O)CNC(=O)c1ccc([N+](=O)[O-])cc1)C(C)C)C(C)C,-0.5188459753990173
base,CN(C)c1ccc([C@H](O)P(=O)(OC2CCCCC2)OC2CCCCC2)cc1,-5.1556572914123535
base,CN(CCCN[C]([O])[C]1[N][C](CN2[CH][CH][C](N([O-])[O-])[N]2)[N]O1)C[C+]1[CH][CH][CH][CH][CH]1,-0.4890953600406647
base,CCNCCNc1cccc2ccccc12,-7.966938018798828
base,CN(C)N1CCN(Cc2cccc3ncccc23)CC1,-7.803790092468262
base,O=[N+]([O-])c1ccc(Sc2ccccc2)c2cccnc12,-4.030575275421143
base,Cc1nc([N+](=O)[O-])cn1C[N+](=O)[O-],-0.5100551843643188
base,C=CCC(CC=C)NCc1ccccc1,-10.685673713684082
base,O=C(Nn1cnnc1)c1ccc2c(c1)OCO2,-0.9568253755569458
base,[NH-][C][C+]1[C+](N[c-]2[cH+][cH-][cH+][cH-][c+]2Cl)S[C-]([C-]([O-])NC[C+]2[CH+][CH+][N-][CH-][CH+]2)[C+]1N,-0.7950323224067688
base,O=C(O)c1cc(Cl)ccc1Oc1ccc(C(F)(F)F)cc1[N+](=O)[O-],-2.2784433364868164
base,CCOc1ccc(C(=O)NCC(=O)O[C@@H]2CCOC2=O)cc1,-0.4567044973373413
base,CCOCCc1nnc(NC(=O)CSc2nnnn2-c2ccc(OC)cc2)s1,-0.3773573040962219
base,CC[C@@H](C)NC(=O)CCS(=O)(=O)c1ccc(Br)cc1,-2.3493173122406006
base,COc1ccccc1N1CCN(S(=O)(=O)c2cc3c(cc2Cl)NC(=O)CO3)CC1,-0.5742363929748535
base,O=[N+]([O-])c1cc(C(F)(F)F)ccc1NCCCCNS(=O)(=O)c1ccccc1,-1.2792032957077026
base,CC1=CC(C(C)C)=C[C@@]23[C@@H]([C@@H]12)[C@@H](O)C[C@@H]1[C@@H](CC(=O)O)CC[C@@](C)(O)[C@H]13,-1.9078847169876099
base,S=C(NCc1ccccc1)Nc1ccc(Cl)cc1,-8.565607070922852
base,COc1cc(CNc2ccc3[nH]c(=O)[nH]c3c2)ccc1OCc1ccccc1Cl,-2.5350852012634277
base,[O-]N([O-])[C+]1[CH+][C][C+]2[C-]([CH+]1)CCC2N1CCOCC1,-2.274620771408081
base,O=C(CCn1cccn1)N1CCC[C@@H](N2CCN(c3cccc(C(F)(F)F)c3)CC2)C1,-4.668652057647705
base,C[C@](NC(=O)CSC#N)(c1ccc(Cl)cc1)C1CCCCC1,-4.629690647125244
base,[CH][CH+][CH+][CH+][C][N-][CH+][N-]C[C+]([O-])[N-]N[C-]([O-])CN(C)[S+2]([O-])([O-])[c-]1[cH+][cH-][c+](Br)s1,-0.421196848154068
base,O=[N+]([O-])c1ccc(S(=O)(=O)N(Cc2ccccc2)Cc2cccs2)cc1,-1.9138433933258057
base,S=C(Nc1ccccc1)N1CCc2ccccc2C1,-10.06204605102539
base,CCN(CC)CC1=C/C(=C(\[O-])NC(C)(C)C)[S+]=C1,-5.233838081359863
base,FC(F)(F)[C][C+]([CH+][CH-][c+]1[cH-][nH][c+]2[cH-][cH+][cH-][cH+][c-]12)[N-][c+]1[cH-][nH][c+]2[cH-][cH+][cH-][cH+][c-]12.[F-],-4.667078971862793
base,[O-]C1([c+]2[cH-][cH+][cH-][c+]3[cH-][cH+][cH-][cH+][c-]23)CS[C+]([N-][c+]2[cH+][n-][cH-][cH+][cH-]2)N1C[c+]1[cH-][cH+][cH-][c+]2[cH-][cH+][cH-][cH+][c-]12,-6.2040276527404785
base,COCCN(O)C(=O)c1cc2sccc2n1C,-2.9548065662384033
base,N/C(=N\OS(=O)(=O)c1ccc(Br)cc1)c1ccccc1,-1.0310865640640259
base,O=Cc1c(O)nc2ccccc2c1N[C@H](CCO)c1ccccc1,-1.3007934093475342
base,O=C(COC(=O)c1ccco1)c1ccc2c(c1)OCCO2,-1.2321423292160034
base,CCC(=O)/C=C\NC(C)(C)c1ccc(F)cc1,-7.2421369552612305
base,CN(C(=O)c1ccno1)c1nnc(-c2cnccn2)s1,-0.36051660776138306
base,Clc1ccc(N2CCN(c3ccc4ccccc4n3)CC2)cc1,-9.66927433013916
base,C[C@@H](CC(N)=O)[C@H]1CCCO1,-3.3230507373809814
base,CN(c1ccc(C(=O)NC[C@@H](c2ccc(F)cc2)N2CCCCC2)cc1)S(C)(=O)=O,-2.035135269165039
base,S=C(NCc1cccnc1)Nc1ccc(Cl)cc1,-5.932640075683594
base,COCCCOc1ccccc1/C(C)=N\NC(=O)c1ccccc1,-2.9137918949127197
base,O=C(NS(=O)(=O)N1CCOCC1)c1ccccc1,-1.0821481943130493
base,O=C(N/N=C/c1ccc[nH]1)c1ccccc1O,-1.0278979539871216
base,CCCCN1C(=S)SC(C)(C)[C@@H]1N(O)C(=O)NC1CCCCC1,-4.040348529815674
base,C[O+][C]1[CH][CH][C][C]([O+]CC[C]([O])NC2CCCCCC2)[CH-]1,-3.626314401626587
base,CCOc1ccccc1NC(=S)N1CCN(c2cccc(C)c2C)CC1,-8.085794448852539
base,CN(C)[C@@H](C(=O)NC1CCCCC1)c1ccccc1,-6.39677619934082
base,C[C+]1[N-]N[C+]([CH-][C+]([O-])NCC[c+]2[cH-][cH+][cH-][cH+][cH-]2)[CH+][C+]1[C-](C)[O-].[H+],-0.6757779717445374
base,Fc1ccc(Oc2ccccc2CNc2ncccn2)c(F)c1,-5.002544403076172
base,CCOC(=O)C[C@@H](NC(=O)/C=C\c1ccccc1)c1ccc(OC)cc1,-2.594989538192749
base,COc1nnc(-c2ccc(N3CCOCC3)c(NC(=O)c3ccc(F)cc3)c2)c(=O)n1C,-0.3584154546260834
base,COCCNC(=O)[C@@H]1c2ccccc2CCN1S(=O)(=O)c1ccc(OC)cc1,-0.5923750400543213
base,CP(C)(=O)CCC(=O)O,-3.188950300216675
base,Fc1ccc(OCCN2CCCCC2)c(Cl)c1,-10.628204345703125
base,Cc1ccccc1S(=O)(=O)CCCNC(=O)COc1cccc(C)c1C,-1.6912312507629395
base,COc1ccccc1CNC[C@H]1CCCO1,-6.4809889793396
base,O=[N+]([O-])c1ccc(N2CCNCC2)nc1Cl,-1.454948902130127
base,CCC(CC)NCc1cccn1C,-9.254502296447754
base,NS(=O)(=O)c1ccc(CCN[C@H]2CC(=O)N(/C=C\C(=O)O)C2=O)cc1,-0.36443832516670227
base,Brc1c(CSc2nnc3ccccn23)nc2ccccn12,-4.507910251617432
base,COc1cc(/C=N/NC(=O)c2ccc3oc(=O)ccc3c2)cc(OC)c1O,-0.43861332535743713
base,C[C-]1[N-]N([S+2]([O-])([O-])[c+]2[cH-][cH+][cH-][cH+][c-]2Cl)[C+]2CCCCCN21,-2.499145269393921
base,COC(Cn1c(CCC(=O)O)ccc1-c1cccs1)OC,-2.6670751571655273
base,CN(C)S(=O)(=O)c1ccc(NC(=O)c2cccc3ccccc23)nc1,-1.155770182609558
base,O=C(NNS(=O)(=O)c1ccc(CCc2ccccc2)cc1)C1CCCCC1,-1.7472785711288452
base,COCCN(Cc1cccc(Cl)c1)C(=O)C1CCN(c2ncnc3c2cnn3C)CC1,-1.4243727922439575
base,N#CCCN(Cc1ccccc1)S(=O)(=O)c1ccc(C(F)(F)F)cc1,-3.1866796016693115
base,O=C1OCC(CO)(CO)N=C1NNc1ccccc1[N+](=O)[O-],-0.3749057650566101
base,C[C@H](Sc1nnc(COc2ccccc2)n1Cc1ccccc1)C(=O)O,-1.6909464597702026
base,[CH2-]CN(CCC/C=[O+]/CCS)CC(=O)c1ccccc1O,-3.403637170791626
base,Fc1ccc(OCc2nnc3n2CCC3)cc1,-4.999159336090088
base,CCCCN(CCOC)C(=O)Cn1ncc2c([nH]c3ccccc32)c1=O,-0.9338824152946472
base,N#CCc1ccc(NC(=O)c2ccccc2)cc1,-3.5796685218811035
base,CCOc1ccc2nc(NC(=O)CCNC(C)=O)sc2c1,-0.9298180937767029
base,CC(=O)c1sc(-c2ccc(Cl)s2)nc1C,-7.672333240509033
base,Nc1nonc1C(=O)N/N=C/c1ccc[nH]1,-0.4121646583080292
base,Cc1cc(C)n2c(S[C@H](C)C(=O)O)nnc2n1,-0.9352326989173889
base,CC[C]1[N][C](N[C]([O])CN([O-])[O-])[C]2[C]([N]1)S[C]1CCCC[C+]12,-0.6219250559806824
base,NN(C(=O)C1CCCCC1)[C@H](Cc1ccccc1)C(=O)O,-0.7997687458992004
base,F[c-]1[cH+][c-](-[c-]2[cH+][cH-][c+](Cl)[cH-][cH+]2)[c+]2[c+]([n-]1)[sH+][c+]1[c+](NC[c+]3[cH-][cH+][n-][c+]4[cH-][cH+][cH-][cH+][c-]34)[n-][cH+][n-][c-]12,-4.678064346313477
base,Cc1c(NC(=O)c2nc(N)n(S(=O)(=O)c3ccccc3)n2)c(=O)n(Cc2ccccc2F)n1C,-0.26508963108062744
base,CN(C)CCCn1c(=S)[nH]c2ccc(OCc3ccccc3)cc2c1=O,-4.16119384765625
base,CCCCNC(=S)N1CCn2cccc2[C@@H]1c1ccc(F)cc1,-9.215476036071777
base,C=[S@](=O)([O-])CC1=N[N+](=C2C=CC(=[O+]C)C=C2)C(NC(C)=O)=[C-]1,-0.5045314431190491
base,C/C(=N\Nc1ccc(C(=O)Nc2ccccc2C)cn1)c1cccs1,-3.2213995456695557
base,O=C1C=C(CN2CCN(c3ccc(F)cc3)CC2)N(c2ccc(F)cc2)C1=O,-4.503040313720703
base,Clc1ccc(Cc2ccc(Cl)nn2)cc1,-8.011475563049316
base,[H+].[O-][C-](O)COC12N[C-]([N-][C+]3[CH+][CH-][CH+][CH-][CH+]3)N([O-])[C+]1CCC(C[C+]1[CH+][CH-][CH+][CH-][CH+]1)N2,-0.5575090646743774
base,FC(F)(F)c1ccccc1Nc1nc2ccccc2o1,-6.689991474151611
base,Clc1cc(Br)ccc1SCc1nc(-c2ccccc2)no1,-7.414412021636963
base,CC(=O)Nc1cccnc1,-4.5671162605285645
base,F[CH-]O[c+]1[cH-][cH+][c-](Cl)[c+](N2CCCC2)[cH-]1,-10.680089950561523
base,CN(c1ccccc1)S(=O)(=O)c1ccc(N2CCCC2=O)cc1,-2.871506452560425
base,O=C(O)c1cc(NC(=O)c2ccccc2)cc(NC(=O)c2cccc(NC(=O)c3ccccc3)c2)c1,-2.469644069671631
base,O=c1ccnc(SCCc2ccccc2)[nH]1,-4.145582675933838
base,S=C(NCc1cccs1)Nc1cccc2ccccc12,-8.93030834197998
base,O=C(CSc1nnc(CNC(=O)c2cccc(C(F)(F)F)c2)o1)NC1CCCC1,-0.9082978963851929
base,O=S(=O)(c1ccc(Cl)cc1)N1CCN(c2ccnc(-c3cccnc3)n2)CC1,-1.1414844989776611
base,CCS(=O)(=O)Oc1cccc2c(N)c(C(=O)O)ccc12,-0.3969587981700897
base,Fc1ccc(N[C@H]2CCc3ccccc32)nc1,-8.061813354492188
base,CC(=O)/C(C#N)=C\Nc1cccc(C(C)=O)c1,-1.6972373723983765
base,CC(C)OCCN(CCCCOc1ccccc1OC(C)C)c1ncnc2nc(CCC(=O)OC(C)(C)OC=O)n[c-]12.[H+],-1.8528575897216797
base,[CH2-]N(C)[C+]1[CH-][C+](OC)[C-](OC)[CH+][C+]1[C-]([O-])CCC[c-]1[cH+][cH-][c+](O)[c-](OC)[cH+]1,-1.3515477180480957
base,O=C(/[C-]=C/C=C/c1ccccc1)NC(=O)c1ccn(S(=O)(=O)c2ccccc2)c1.[H+],-1.0998144149780273
base,Nn1c(C2CCC2)nc2ccccc2c1=O,-2.2491369247436523
base,CCOCC[N-][C+]1[N-]n2[c+]([n-][c+]3[cH-][cH+][cH-][cH+][c-]3[c+]2[O-])[C+]1[CH-][C+]([C][N-2])[C][N-2].[H+],-0.7446528077125549
base,NC(=O)[C@@H](Cc1ccc(F)cc1)N1C(=O)c2ccccc2C1=O,-0.8067613840103149
base,C=C(/C=c1/ccc2c(c1)OC[O+]=2)OCc1[c-]cc(Br)c(OCc2nn[nH]n2)c1,-0.4295538365840912
base,C[C@H]1CCCN(CCCN2C(=O)c3ccccc3C2=O)C1,-4.993419647216797
base,Cc1coc(CN2CCNC(=O)[C@H]2CC(=O)NCCc2c[nH]c3ccccc23)c1,-0.5280612707138062
base,O=[N+]([O-])C(/C=N\c1ccccc1)=C1/NCCN1Cc1cccnc1,-0.8111984133720398
base,CCOC(=O)[C@]1(Cc2ccccc2)CCCN(C[C@@H](O)COc2cccc(OC)c2)C1,-2.1780006885528564
base,COCCNC(=O)CSc1ccc2cc3c(cc2n1)OCO3,-1.510773777961731
base,O=C(c1ccc(OC[C@@H](O)CN2CCOCC2)cc1)c1ccc2c(c1)OCO2,-0.9674367904663086
base,O=c1[nH]n(CC#CC2CCCCC2)c2cc(C(F)(F)F)ccc12,-6.2942047119140625
base,CCCN1C(=O)NC(=O)[C@@H]1OCC,-2.5924251079559326
base,C[C@H](O)[C@@H](CO)n1ncc2c(NC3CCCCC3)ncnc21,-0.45131924748420715
base,S=C(NCCCN(C/C=C/c1ccccc1)Cc1ccccn1)Nc1ccccc1,-6.694484710693359
base,O=C1N[C@@H](Cc2ccc(Cl)cc2)[C@H](c2cccs2)O1,-6.059543609619141
base,[CH2-]O[N-][C+]([S-])N[C+]([O-])[c+]1[cH-][cH+][c-](F)[cH+][c-]1Cl.[H+],-2.597006320953369
base,COc1c(N)nc2c(c1OC)CCCC2,-2.6873419284820557
base,O=C(N1CCOCC1)N1CCN(S(=O)(=O)N2CCCCC2)CC1,-1.4125078916549683
base,COc1ccc(S(=O)(=O)N(C)C)cc1NC(=O)CN1CCC(Cc2ccccc2)CC1,-1.1936053037643433
base,COC(=O)CCC(=O)Nc1ccccc1C#Cc1ccccc1,-3.2310779094696045
base,CC[C@@H](C(=O)N1CCCC1)N(CC1CC1)C(=O)Nc1ccccc1,-3.804921865463257
base,CCC(=O)c1cn(CC(=O)OC)c2ccccc12,-3.8576035499572754
base,COc1cc(Nc2nccs2)c(OC)cc1NC(=O)COc1ccccc1C,-1.873005986213684
base,CN1[C]([O])[C]2[C]([N][CH]N2C[C]([O])N[C]2[CH][CH][C](N([O-])[O-])[CH][CH]2)N(C)[C+]1[O],-0.47056835889816284
base,C[C@@H](Sc1nnc(COc2ccccc2)n1Cc1ccccc1)C(=O)O,-1.6909464597702026
base,Brc1ccc(OCCOc2ccc(Br)cc2)cc1,-10.32923412322998
base,COc1cc(OC)c(CN(C)C)cc1/C=N/NC(=O)c1ccc2ccccc2c1,-2.790329933166504
base,Fc1cnc(N/N=C\c2ccc(OCC(F)(F)F)cc2)nc1N1CCOCC1,-1.736452341079712
base,O=C(Oc1ccccc1-n1ccnc1)c1ccccc1F,-4.797425746917725
base,[O][C](CO[C]([O])[C+]1[CH][N][CH][CH][N]1)[C]1[CH][CH][CH][C](N([O-])[O-])[CH]1,-0.5354363322257996
base,COc1ccc(-c2[nH]ncc2CN(C)CCn2cncn2)c(F)c1,-1.398381233215332
base,COc1ccc(CCc2ccc(F)cc2)cc1O,-7.228888034820557
base,COCCN(C/C=C/c1ccccc1)c1ccccc1,-10.871761322021484
base,Cn1c(=O)c2c(nc(NCCNC(=O)c3ccco3)n2Cc2ccccc2)n(C)c1=O,-0.22586064040660858
base,[S-][C+]([N-][c+]1[cH-][cH+][c-](Br)[cH+][cH-]1)NCC1CCCO1,-6.240965843200684
base,CN(C)C/C1=C/C=C=[S@@](=O)([O-])CCNC(=O)CN(C)S23([O-])(c4cccc(Cl)c4)[O+]4[S@+]2[C@]143,-0.3072001039981842
base,CN1CCNC(=O)[C@@H]1CC(=O)N(Cc1ccccc1)Cc1ccc(F)cc1,-3.23423171043396
base,FCOCC[C@H]1C[C@H]1N(Cc1ccc2c(c1)OCO2)c1nc(N2CCOCC2)nc(N2CCOCC2)n1,-0.5150637030601501
base,CCCC(=O)Nc1cccc2ccccc12,-7.384982109069824
base,O=C(c1ccc(=O)[nH]c1)N1CCN(c2ccccc2Cl)CC1,-2.8018946647644043
base,O=C(O)c1ccc(/N=N\c2cc(Br)c(O)c(F)c2F)c([N+](=O)[O-])c1,-1.9092241525650024
base,COc1ccc(NS(=O)(=O)c2cccc3cccnc23)cc1OC(=S)Nc1cccc2ccccc12,-3.4665780067443848
base,Brc1ccccc1OCCN1CCOCC1,-8.157166481018066
base,COc1cc(C)c(C)cc1S(=O)(=O)NC1CC(C)(C)NC(C)(C)C1,-2.121819019317627
base,COc1ccc(-c2cnn3ccc(C4CC4)nc23)cc1SC,-5.982706546783447
base,Cc1nonc1C(=O)N1CCN(c2nc(-c3ccc(C#N)cc3)cs2)CC1,-0.4768926203250885
base,Nc1c(S(=O)(=O)Cc2ccccc2)c2nc3ccccc3nc2n1Cc1ccccc1,-1.6410983800888062
base,NS(=O)(=O)c1cccn1-c1nc(O)cc(=O)[nH]1,-0.3980365991592407
base,COc1cc(C(=O)N/N=C/C2CCCCC2)cc(OC)c1OC,-2.0316123962402344
base,COc1ccc(CCNC(=O)Cc2ccc(OC(F)F)cc2)cc1OC,-3.210951566696167
base,O[c-]1n2[c+](-[c-]3[cH+][cH-][cH+]o3)[n-][c+]([N-][c+]3[cH-][cH+][cH-][cH+][cH-]3)[s+]12.[H+],-2.9136710166931152
base,CC(=O)c1ccc(NC(=O)c2ccccc2[N+](=O)[O-])cc1,-0.9725205302238464
base,C[C@H](C(=O)c1cc2c(F)cccc2s1)N1CCOCC1,-6.961153984069824
base,O=[N+]([O-])c1cc(-c2cnn(O)c2)ccc1N1CCCCC1,-0.9976401925086975
base,CCOc1cccc(OCc2nnn(-c3ccccc3)c2C(=O)O)c1O,-0.6184923052787781
base,Cc1ccnc(SCc2nc(-c3ccncc3)no2)n1,-1.2549240589141846
base,S=C(c1ccccc1Cl)N1CCN(S)CC1,-11.601602554321289
base,CNCCOC(=O)[C@H](Cc1ccccc1)C1=CCCCC1,-5.640156269073486
base,NC(=O)c1oc2ccccc2c1NC(=O)c1ccc(-c2ccc(F)cc2)o1,-1.4828143119812012
base,Nc1[nH]c2nc3ccccc3nc2c1C(=O)N[C@H](O)C1(O)CCCCC1,-0.32891565561294556
base,CC/[S+]=C1\SC=C(c2ccc(C)o2)\C1=C(\[O-])O,-2.9216971397399902
base,O=C(Cn1nc2c(cc1=O)CCCC2)c1cc(F)ccc1F,-3.4673123359680176
base,Cc1ccccc1[C@H](OC[C@@H](O)CN1CCCCC1)c1ccccc1,-7.033342361450195
base,CC(=O)C[CH+][C@]1(C)[CH-]CC[C@H]2CCCC[C@@]21C,-10.573522567749023
base,N#Cc1cccnc1N1CCN(C(=O)c2ccco2)CC1,-1.209578275680542
base,CCCCN(C(=O)Cn1nc(C)c2ccccc2c1=O)c1cccc2ccccc12,-4.471222400665283
base,COc1ccccc1OCCCOc1ccccc1OC,-6.051042079925537
base,COCCCn1nnnc1SCC(=O)NC1CCCC1,-0.8021151423454285
base,[O-][S@+](Nn1cnnc1)c1ccccc1,-1.8644094467163086
base,O=C(O)/C=C/C(=O)N1CCC[C@@H]1C(=O)O,-0.5337185263633728
base,Cc1cc(C)cc(OP(#[O+])Nc2ccc(OC(F)(F)F)cc2)c1.[CH3-],-6.282924175262451
base,FC(F)(F)c1nnc2n1N=C(C1CC1)CS2,-4.6702799797058105
base,C=[O+]CC[CH-]CO.CCCO[C@H](Oc1ccccc1)P[O-].[H+],-1.2921137809753418
base,O=C([C@@H](CCN1CCOCC1)N(Cc1ccc(F)cc1)C(=O)c1cccs1)N(c1ccc(F)cc1)c1ccc2c(c1)OCO2,-4.2168288230896
base,Cc1ccc(/C=C/C(=O)c2cc3ccccc3s2)c(O)c1,-6.99131965637207
base,O=S(=O)(NN1CCOCC1)c1cc(Cl)cc(Cl)c1O,-1.0024957656860352
base,CCCn1c([C@H](CO)Nc2nc(C)cs2)nc2ccccc21,-2.6935036182403564
base,NNC(=O)CNC(c1ccccc1)c1ccccc1,-1.6839743852615356
base,[O-][C+](CCC1CCCC1)N[CH-][CH+][CH-][N-][CH+][c+]1[cH-][cH+][cH-][cH+][c-]1O,-2.173494577407837
base,O=[N+]([O-])/C=C/c1ccccc1[N+](=O)[O-],-0.7669498324394226
base,S=C(NCCCN1CCOCC1)Nc1ccccc1,-5.417171001434326
base,O=C(N[C@H](Nc1ccccc1)C(Cl)(Cl)Cl)c1ccco1,-3.9072110652923584
base,FCCCOc1ccccc1-c1nnco1,-3.9358766078948975
base,NS(=O)(=O)c1ccc2nc(C(O)(Cl)Cl)cnc2c1,-0.3627082109451294
base,C[C@@H](Cc1cc2ccccc2s1)C(=O)Nc1ccncc1,-5.615377426147461
base,C[C@@H](CC(C)(C)F)NC[C@@H](O)COc1ccccc1,-4.911934852600098
base,O=C(O)CN1C(=O)/C(=C/c2ccccc2OCc2ccc(Cl)cc2Cl)SC1=S,-3.5381805896759033
base,S=C(NCCCn1ccnc1)Nc1ccccc1,-4.746921062469482
base,O=C(c1ccccc1)c1ccc(N2CCN([C@@H]3CC(=O)N(c4ccccc4)C3=O)CC2)cc1,-2.836780309677124
base,O=C(NCc1cccnc1)c1ccccc1N1C(=O)c2cc3c(cc2C1=O)OCCO3,-0.5485659241676331
base,S=c1[nH]nc(Cc2noc3ccccc23)n1-c1ccc(Cl)cc1,-3.702674627304077
base,O=C(CCCCCOC1CCN(Cc2ccc3c(c2)OCO3)CC1)NCc1ccccc1,-3.595172166824341
base,CC(=O)Nc1nc(C)c(-c2csc(Nc3ccccn3)n2)s1,-1.6355524063110352
base,S=C(NCCc1ccc(Cl)cc1)NCc1ccco1,-5.854420185089111
base,[CH2][C-][O+][C]1[C][C]2[C]([O-])N([C]3[CH][CH][C](OC(F)F)[CH][CH]3)[C](C)[C]([C]([O-])[O+]C)[C+]2[C](O)[CH]1.[H+],-0.5198603868484497
base,Cc1nc(NN=C2CCCC2)cc(N2CCCCC2)n1,-3.6693637371063232
base,CCOC(=O)C(=Cc1ccc(-n2ccnc2)cc1)C(=O)OCC,-1.6499571800231934
base,CCOC(=O)NC(=O)[C@H](C)Oc1ccc(N(C)S(=O)(=O)c2ccccc2)cc1,-0.5682520866394043
base,O=C(Cc1cccs1)c1ccc(O)cc1O,-2.937946319580078
base,[O-][C-]1[CH+][CH-][c+]2[cH-][cH+][cH-][cH+][c-]2OCCOCCO[C+]2[CH-][CH+]C3C([C-]2Br)[O+]13,-3.1726653575897217
base,O=C(OO)c1ccccc1Cl,-4.135103225708008
base,Cc1cc(C(=O)CSc2nnc(C(C)C)n2C2CCCCC2)c(C)n1CCc1cnc2ccccc2n1,-4.60932731628418
base,OC1CCN(CCOCCOc2ccccc2Br)CC1,-4.7414116859436035
base,COC(=O)N[C@@H](CC(=O)Nc1c(F)cccc1F)C(=O)O,-0.36712968349456787
base,O=C1Nc2ccccc2/C1=N/O,-2.1944210529327393
base,Fc1ccccc1-c1cc(C(F)(F)C(F)F)[nH]n1,-7.589310169219971
base,COCCn1c(SCC(=O)Nc2cc(C)on2)nnc1-c1c[nH]c2ccccc12,-0.777271032333374
base,CCN1C(=O)/C(=N\Nc2ccccc2)c2ccccc21,-4.584375381469727
base,N#C[C@@H](c1cccs1)N1CCN(c2ccc(OCCCF)cc2)CC1,-5.843466758728027
base,N#Cc1c(N2CCOCC2)nc(N)c2c(N)nc3c(c12)CC(=O)N3C[C@@H]1CCCO1,-0.3627082109451294
base,Cc1ccc(OCc2cc(C(=O)N(C)Cc3cccc(F)c3)no2)cn1,-2.1983895301818848
base,CC(=O)c1oc(-c2ccccc2)cc1NS(=O)(=O)c1cccc2ccccc12,-3.035489082336426
base,N#CC[C@H](CNc1nc(-c2ccc(F)cc2)cc(=O)[nH]1)OC(=O)c1ccncc1,-0.5436091423034668
base,COC(=O)Cn1cc(C=C2C(=O)N(C)C(=O)N(C)C2=O)c2ccccc21,-0.43445026874542236
base,O=C(COc1ccc(Cl)cc1Cl)NNC(=O)C(=O)Nc1cc(Cl)ccc1O,-0.5928522348403931
base,O=C(CSc1ccc(-c2ccccn2)nn1)Nc1ccccc1F,-2.246288537979126
base,FC(F)(F)Oc1ccccc1-n1ccnc1,-7.400918006896973
base,CC(C)(CO)[C@@H](O)C(=O)NCCC#N,-0.5487983822822571
base,NC1=NC[C@@H](Cc2ccccc2)N1CCc1cc(C(F)(F)F)cc(C(F)(F)F)c1,-6.1421284675598145
base,O=C(O)c1ccc(S(=O)(=O)N[C@H](Cc2ccccc2)C(=O)O)cc1,-0.35569024085998535
base,N#CCOc1cccc(-c2nc(N)cc(N)n2)c1,-0.3169930875301361
base,CCCCn1nnc(NC(=O)C(C)C)n1,-1.381103754043579
base,CO[c+]1[cH-][c+]2[c-]([cH+][c-]1OC)CC[c+]1[n-][c+](N)[c-]([O-])[cH+][c-]1-2,-0.7286662459373474
base,[NH-]N[C+]([CH-][c+]1[cH-][cH+][c-](F)[cH+][cH-]1)C1CCCCC1,-6.740463733673096
base,Cc1cc(NC(=O)c2cccc(F)c2)n(C(C)C)n1,-4.453696250915527
base,Cc1c(O)ccc(/C=N/N2CCN(Cc3ccc4ccccc4c3)CC2)c1O,-3.2476584911346436
base,COc1cc2c(cc1O)[C@@H](Cc1cccc(F)c1)NCC2,-5.082467079162598
base,F[c-]1[cH+][cH-][cH+][c-](CS[C][N-][C+]2[CH+][CH-][c+]3[n-][cH+][cH+][n-][c-]3[CH+]2)[cH+]1,-5.2403564453125
base,CCN(CC)P(=O)(Nc1ccccc1)Nc1ccccc1,-5.841759204864502
base,O=C(c1cc(-c2ccccc2)on1)N1CCN(c2cccc3ccccc23)CC1,-4.908481597900391
base,O=C(Nc1ccc(Br)cc1F)C(=O)N1CCCC1,-3.730823278427124
base,NS(=O)(=O)c1ccc(NCc2ccc3c(c2)OCO3)cc1,-0.4646781086921692
base,[CH2-]CCCCN(CC[C+]([O-])[c-]1[cH+][cH-][cH+][c-]2[cH+][cH-][cH+][cH-][c+]12)C[c-]1[cH+][cH-][cH+][cH-][cH+]1,-9.029264450073242
base,O=[N+]([O-])c1c(NCCCO)cc(SCCc2ccccc2)c2nonc12,-0.9022408127784729
base,[H+].[N-2][C]C1([C+]2CCCCCC[N-]2)[N+]23O[S+2]12O3,-2.574629068374634
base,FC(F)(F)c1cc(-c2ccco2)n2nc(C(F)(F)F)nc2n1,-3.539470672607422
base,O=[N+]([O-])c1cccc(S(=O)(=O)/N=C(\Nc2nc(-c3cccnc3)cs2)C(F)(F)F)c1,-1.2871114015579224
base,Cc1nn(Cc2ccccc2)c2sc(C(=O)Nc3ccc(C(N)=O)cc3)cc12,-1.3652905225753784
base,O=C(N/N=C/c1cccc(O)c1)c1cc(-c2ccccc2)nc2ccccc12,-2.4806785583496094
base,[CH][C+]([C][N-][C+]([N-][C]NCC(C)O)[c-]1[n-][c+]2[cH+][cH-][cH+][cH-][c+]2[nH]1)[C+]1[CH+][CH-][CH+][CH+][N-]1.[H+],-0.9173527359962463
base,NCCN(C/C=C/c1ccccc1)Cc1ccccc1,-7.135342121124268
base,COC1=C[C@]23[C@@H]4CC(=O)C2([C-]=C1)[C@H]3C[C@@](C)(O)C4.S=C1C=CC=C[CH+]1,-4.759078025817871
base,CNC[C@@H](O)c1ccccc1,-6.164466381072998
base,CC(=O)Nc1ccc2c(c1)C=C(C)C(C)(C)N2,-5.301019668579102
base,[O-]n1[o+]nc2c1CC[C@@H]1N(O)CC[C@]21O,-0.5072188973426819
base,S=C(Nc1ccc(Br)cc1)N1CCCC1,-10.054912567138672
base,[O][C](N[C]([CH][C]1[CH][CH][CH][C](N([O-])[O-])[CH]1)[C+]1[CH][CH][CH][CH][N]1)C1CC1,-0.6522235870361328
base,COc1cccc(S(=O)(=O)N/C=N/[C@]23C[C@H]4C[C@H](C[C@H](C4)C2)C3)c1,-2.1193060874938965
base,COc1cccc(CNS(=O)(=O)c2ccc(NC(=S)Nc3ccccc3C(F)(F)F)cc2)c1,-2.8054420948028564
base,CCN(CC)S(=O)(=O)c1ccc2c(c1)NC(=O)CO2,-1.040778398513794
base,CCSc1nnc(CN2CCc3ccccc3C2)n1C,-6.023718357086182
base,CCN1CCC[C@H](OC(=O)NC2CCCC2)C1,-4.89396333694458
base,O=C(OCc1cccc2ccccc12)c1ccc2ccccc2n1,-6.640261173248291
base,C[S@@+]([O-])CN(CCO)CCCC(=O)NN,-0.4469575583934784
base,COCCN1CCC(CCCOc2ccc3c(c2)CCC3=O)CC1,-5.693122386932373
base,FC(F)(F)[c-]1[cH+][cH-][c+](C[N-][C+]([N-]CCCCC[c+]2[cH-][cH+][cH-][cH+][cH-]2)[c+]2[cH-][cH+][cH-][cH+][cH-]2)[cH-][cH+]1,-12.707040786743164
base,C[C-]1[CH+][C-]([C+]([O-])O)N[C+]([C+]([O-])O)[C-]1N([O-])[O-],-0.5455747246742249
base,Cc1cc(C)c(C#N)c(SCC(=O)c2ccco2)n1,-2.2571825981140137
base,COc1cc(S(=O)(=O)NCCn2cncn2)ccc1Cl,-0.573028564453125
base,Cn1ccnc1C(=O)c1ccc(S(=O)(=O)N2CCOCC2)cc1,-0.7260634303092957
base,O=C(NCCN1CCOCC1)c1cc2sccc2[nH]1,-2.604515790939331
base,C[CH+]N(CCCN1[C+]([S-])N(CC)[C-]([O-])C1C[C+]([O-])N[c+]1[cH-][cH+][cH-][cH+][n-]1)CCC(C)C,-0.7695280909538269
base,Nc1c(Br)cc(Br)cc1CNCc1cccnc1,-4.145036697387695
base,Cc1ccc(N2C[C@H](C(=O)Nc3ccc4c(c3)OCCO4)CC2=O)cc1,-1.9242970943450928
base,CCC(=O)c1ccc(Sc2ccc(O)cc2)cc1O,-3.6011719703674316
base,CCOC(=O)c1nnn(-c2nonc2N)c1CN1CCc2ccccc21,-0.2890455424785614
base,NS(=O)(=O)c1ccc(N/C=C\C=C\c2ccccc2[N+](=O)[O-])cc1,-0.7349833846092224
base,O=C(NCc1ccccn1)c1ccc([N+](=O)[O-])cc1,-0.6890724897384644
base,ClCCNc1nc2ccccc2[nH]1,-4.974519729614258
base,[O-]N([O-])[C+]1[CH+][CH-][C+]([NH+]2C3CCNCC32)[CH-][CH+]1,-1.9720996618270874
base,COc1ccc(N2CCN(C[C@@H](O)COCc3ccc(C(C)(C)C)cc3)CC2)cc1,-4.906388282775879
base,S=C(NCCN1CCOCC1)Nc1ccc2c(c1)OCO2,-2.8649041652679443
base,Cc1ccc(NC(=S)NNC(=O)Cn2nc(C(F)(F)F)cc2-c2cccs2)cc1,-2.4361884593963623
base,C[C@@H]1C(=O)CCN2CCC[C@@H]12,-8.42196273803711
base,S=c1[nH]nc(-c2ccc3c(c2)OCO3)n1/N=C/c1ccc(N2CCOCC2)cc1,-1.4857759475708008
base,COc1ccccc1NC(=O)N1CCC(n2nnc3cc(F)ccc32)CC1,-1.9175819158554077
base,N[P@](=O)(Oc1ccccc1)Oc1c(Cl)cccc1Cl,-3.700005054473877
base,O=[N+]([O-])c1ccccc1NCc1ccco1,-1.9835760593414307
base,O=C(NN1CCCCC1)c1cc2cc(Cl)cc(Cl)c2oc1=O,-2.7179958820343018
base,Cn1c(=O)c2[nH]c(C(=O)N3CCN(c4ccccc4)CC3)nc2n(C)c1=O,-0.28327980637550354
base,COc1ccc2c(OCC(=O)Nc3ccc4c(c3)ncn4CCN3CCCCC3)ccnc2c1,-1.7715095281600952
base,COc1cc(CNn2cnnc2)cc(Br)c1OCc1ccc(F)cc1,-2.9715209007263184
base,S=C(Nc1ccc(Cl)cc1)N1CCCCC1,-10.211790084838867
base,C[CH-]N(CC)[C+]([O-])[C+]([CH-][c+]1[cH-][cH+][cH-][c+]2[cH-][cH+][cH-][cH+][c-]12)N[C+]([O-])[c+]1[cH-][cH+][cH-][c+](O)[cH-]1,-0.952709972858429
base,C[C@H](C(=O)NNC(=S)NC(=O)c1ccc([N+](=O)[O-])cc1)N1C(=O)c2ccccc2C1=O,-0.31461524963378906
base,CO[C@H]1CCCC[C@H]1NC(=O)NCc1ccccn1,-2.117022752761841
base,Cn1nc(C(=O)NCc2ccc(O)cc2)ccc1=O,-0.6597498059272766
base,CNCC#Cc1conc1-c1ccc(F)cc1,-5.274673938751221
base,CCOc1ccc(CNCc2ccc(C(=O)NC3=[S+]C=C/C3=C(\N)[O-])cc2)cc1OC,-0.2808779180049896
base,CCCn1c([C@H](Cc2ccccc2)NC2=NCCC2)nc2cc(Cl)c(Cl)cc21,-7.359634876251221
base,CN1C(=O)N[C]C([C+]2=C(C(=O)O)C=CC=C2)=C1[O-],-0.5306869745254517
base,O[C@]1(c2cccc(C(F)(F)F)c2)CC[C@H](N2CCc3[nH]c4ccccc4c3C2)CC1,-7.295269012451172
base,C[C@@H](OC(=O)c1cc(C(C)(C)C)nn1C1CCCCC1)C(N)=O,-0.9866405725479126
base,Cn1ncc2c(N3CCOCC3)ncnc21,-2.798712730407715
base,NC(=O)c1ccccc1NS(=O)(=O)c1cccc(S(N)(=O)=O)c1,-0.31203600764274597
base,N[C@H](Cc1ccc(Cl)cc1)C(=O)N1CCC(C(=O)O)CC1,-0.7519963383674622
base,CCC(=O)c1coc2ccc(O[P@](=O)(Oc3cccc4cccnc34)c3nccn3C)cc12,-2.513417959213257
base,Cc1cc(/N=N/CCNC(=O)c2ccc(F)cc2)ccc1O,-1.8561547994613647
base,Nc1cc(S(=O)(=O)c2ccc3ccccc3c2)ccc1C(=O)O,-0.7628049850463867
base,O=C(COc1ccccc1-c1ccccc1)N/N=C/c1ccc(Br)cc1,-4.957685470581055
base,COc1ccc(CN(C)CC(=O)Nc2ccccc2C(=O)NC(C)C)cc1O,-0.6334609389305115
base,S=c1[nH]nc(Nc2cccc(Cl)c2)s1,-5.637980937957764
base,O=C(CCCCCCCCC(=O)Nn1cnnc1)Nc1ccccc1,-0.9945594072341919
base,Cc1ccc(SCc2cc(=O)n(C)[nH]2)cc1,-5.422880172729492
base,CN1CCCN(Cc2cccc3ccccc23)CC1,-11.711990356445312
base,O=C1C(/C=C(\[O-])c2ccc[nH]2)=[S+]C(=S)N1Nc1ccccc1,-1.3533574342727661
base,COc1cc(CNC(=O)COc2ccc([N+](=O)[O-])cc2)ccc1OC(C)C,-0.8158338665962219
base,NS(=O)(=O)c1ccc(C(=O)Nc2ccc3[nH]c(=O)[nH]c3c2)cc1,-0.33600863814353943
base,CN(C)S(=O)(=O)c1ccc(/N=c2/cc(CC(C)(C)C)oc3ccccc23)cc1,-3.4853694438934326
base,O=C(C1=C(O)C(=O)N(CCCN2CCOCC2)[C@@H]1c1ccncc1)c1ccco1,-0.41710227727890015
base,Clc1nc(Nc2cccc(Br)c2)nc(N2CCCC2)n1,-3.8120357990264893
base,O=C(N/N=C/c1cnc(N2CCOCC2)s1)c1ccco1,-0.8282004594802856
base,O=[P@](O)(c1ccccc1)c1ccc2c(c1)OCO2,-2.7899093627929688
base,CN1C2=[S+]C(N([O-])[O-])=CC2=[NH+]/C1=N\CO[C@@H](CO)[C@H](O)CO,-0.5371086001396179
base,CC(CCCCC[C+]([O-])NN[C-]([O-])CC1(C)OCCO1)[C+]([O-])n1[cH+][cH+][cH-][cH+][cH-]1,-0.38271889090538025
base,[H+].[H+].[O-][C+](O)[c-]1[cH+][cH-][c+]([CH-][CH+]C2N3[C-]4[C+]([C-](O)[c+]5[cH-][cH+][cH-][cH+][cH-]5)C423)[cH-][cH+]1,-1.770079255104065
base,Cc1cc(Oc2ccc(C(F)(F)F)cc2[N+](=O)[O-])ccc1Cl,-5.591701984405518
base,O=C(NCc1ccccn1)c1ccc(OCc2cnn(-c3ccccc3)c2)cc1,-2.413154363632202
base,[H]/[O+]=C(/N=O)c1[nH]c2ccc(Cl)cc2c1C/C=C1\C=C[CH-]C(Cl)=C1,-3.588581085205078
base,Cc1ccc([S@+3](=O)([O-])N/C([O-])=N\CC(C)(C)CC2=C[OH+][C@@]([O-])(O)C3=C[CH-]C=CC23)cc1,-0.403127521276474
base,CCCN(C)CCCN/C([O-])=C1\C=CC([C@H]2CC[C@H](CC)CC2)=[S+]1,-5.691848278045654
base,COc1ccccc1OCC(=O)Nc1cccc(C(N)=O)c1,-0.4226796627044678
base,CCOc1cc2nc(SCC)nn2cc1OCC,-3.9880740642547607
base,Cc1ccc(S(=O)(=O)N2CCOCC2)cc1C(=O)/C=C/c1ccc(O)cc1,-0.9502574801445007
base,CO[N-][C+]([NH-])N,-1.5028893947601318
base,NN(CCC(=O)N1CCCCC1)S(=O)(=O)c1ccc2ccccc2c1,-0.7756186127662659
base,S=C(NCc1ccc(Cl)cc1)NCc1ccco1,-5.83792781829834
base,O=C(C1=C(O)C(=O)N(Cc2ccccc2)[C@@H]1C(F)(F)F)c1ccco1,-1.9972150325775146
base,CN(Cc1ccc(Cl)cc1)C1=NC(=O)[C@H](CC(=O)O)S1,-1.709352970123291
base,O[C@@H](CNC1CCCCC1)CNC1CCCC1,-4.54531717300415
base,CCOC(=O)c1ccc(COCC(=O)Nc2ccc(C)c(S(=O)(=O)Nc3ccccc3)c2)o1,-1.1738762855529785
base,CCOC(=O)N[C@@H]1CCS(=O)(=O)C1,-1.4389042854309082
base,C[C+]([O-])O[c-]1[cH+][cH-][c+](C2C([c+]3[cH-][cH+][cH-]o3)N[C-]([O-])N3CC[O+](C)CC23)[cH-][cH+]1,-0.496444970369339
base,Clc1cccc(OCc2nncn2-c2cccc3c2CCCC3)c1,-6.235601425170898
base,CCCCNC(=O)Oc1ccc(Cl)cc1OC,-4.411584854125977
base,C[C@@H]1CN(C(=S)NC(=O)c2ccco2)C[C@H](C)O1,-2.9634716510772705
base,NNC(=O)c1ccc(-c2cccs2)cc1,-2.9645891189575195
base,O=S1(=O)CCOC[C@H](c2ccccc2)N1Cc1ccc(Cl)cc1,-4.492247104644775
base,CO[c-]1[cH+][cH-][cH+][c-](CN[C-]([O-])[C+]2[N-]N(C)[C][C+]2C[S+2]([O-])([O-])[CH+][CH+][c-]2[cH+][cH-][cH+][cH-][cH+]2)[cH+]1,-0.3539848029613495
base,COc1cccc(-c2ccccn2)c1O,-4.68588924407959
base,S=C(Nc1ccccc1)N(Cc1ccccc1)Cc1ccccn1,-8.256515502929688
base,CCOC(=O)c1nnn(-c2nonc2-n2cccc2)c1CN1CCOCC1,-0.3046801686286926
base,CC(C)n1nnnc1SCc1cccc(S(=O)(=O)N(C)C)c1,-0.8708486557006836
base,[H]/N=c1\n(CC)c2ccccc2n1C[C@H](O)c1ccc(OC)cc1,-2.309476375579834
base,CN1CCN(Cc2nc3c(c(=O)n(C)c(=O)n3C)n2Cc2cccc3ccccc23)CC1,-1.4984323978424072
base,COC(=O)[C@@H]1CCC(=O)N([C@H]2CCCc3ccccc32)C1,-4.185539722442627
base,COCCN(Cc1cc2cc(OC)ccc2[nH]c1=O)C(=O)Nc1ccc(F)cc1,-1.2575017213821411
base,COc1ccccc1C(=O)Nn1c(C)nc2ccccc2c1=O,-1.2678452730178833
base,Cc1cc2c3c([nH]c2cc1S(=O)(=O)NCCCOC(C)C)CCCC3=O,-1.0888699293136597
base,CC(=O)Nc1ccc(S/C(N)=N\N=C\c2ccco2)cc1,-0.6842688322067261
base,O=C(NNc1cc(Cl)cc(Cl)c1)c1cc2ccccc2o1,-4.431116580963135
base,CCO[C-]1[CH+][C-](Br)[CH+][C-]2[S+]3[S+](C[C-]([O-])N4CCCCC4)[c+]4[n-][c+](O)[cH-][c+]([O-])n4C123,-0.4042615592479706
base,O=S(=O)(c1ccc(Br)cc1)N1CCOCC1,-3.986818790435791
base,COc1ccc(NC(=S)NCc2ccccc2OC)cc1,-4.999999523162842
base,C[P@](=O)(NC1=NCCCCC1)Oc1ccccc1,-4.092887878417969
base,NC(=O)Cc1nnc(SCc2ccc(Cl)c(Cl)c2)n1Cc1ccco1,-1.3234739303588867
base,N#Cc1cnc(SCC(=O)NCc2cccc(Cl)c2)nc1N,-0.4157767593860626
base,Fc1ccc(-n2ccc3c(NCCCN4CCOCC4)ncnc32)cc1,-3.141828775405884
base,COc1ccc(NC(=S)NN2CCN(C)CC2)cc1OC,-3.531738042831421
base,O=C(Nc1cccc2c1CCCC2)C1CCN(C(=O)c2cc3sccc3n2Cc2ccccc2)CC1,-6.105920314788818
base,CCOC(CNC(=O)c1ccc(C(C)=O)cc1)OCC,-2.0573172569274902
base,CCn1cc(S(=O)(=O)NCCc2ccc(C)cc2)cn1,-2.030797243118286
base,CCOc1ccccc1C(=O)Nc1ccccc1N1CCN(S(C)(=O)=O)CC1,-1.0300061702728271
base,COC(=O)c1ccccc1C(=O)O[C@H]1C(=O)Nc2c1c(=O)n(C)c(=O)n2-c1ccccc1,-0.260314017534256
base,NC(=O)N1CCN(C(=O)Nc2cccc(CN3C(=O)c4ccccc4C3=O)c2)CC1,-0.3361709415912628
base,Nc1ccccc1OC(F)(F)C(F)F,-5.918248176574707
base,CCCSCCC/[N+](=C/C=C(/C)c1[c-]ccc(C(=O)O)c1)CC,-6.122175693511963
base,Fc1cncnc1NCc1ccccc1,-5.377702713012695
base,O=C(Cn1cnnn1)Nc1ccccc1,-1.2623077630996704
base,O=[N+]([O-])c1cc(Cl)ccc1-n1cncn1,-1.391526460647583
base,S=C(Nc1ccc2cn[nH]c2c1)N1CCCCC1,-4.705665111541748
base,Cc1cc(Cl)ccc1O[C@H](C)C(=O)NCc1ccccn1,-3.8175175189971924
base,NC(=O)c1ccc(NCc2ccncc2)cc1,-1.6651874780654907
base,Cc1ccc(N(C)S(=O)(=O)c2ccc(C(=O)NC[C@@H]3CCCO3)cc2)cc1Cl,-1.749921441078186
base,CC(=O)c1c(C)nc(-c2cccs2)nc1NC(=O)c1cc(Cl)ccc1Cl,-3.551936388015747
base,O=S(=O)(/N=C(\Nc1ccccn1)c1ccc(Cl)cc1)c1ccc(Cl)cc1,-2.960873603820801
base,CN(C)S(=O)(=O)c1ccc(N2CCCC2)c([N+](=O)[O-])c1,-0.7286190986633301
base,O=C(CN1CCOCC1)Nc1nc2cccc(-c3ccc(-c4ccccn4)cc3)n2n1,-0.8605605363845825
base,COc1ccccc1Oc1nc(Cl)c(Cl)c(N)c1Cl,-4.05132532119751
base,Cc1nc(-c2ccccn2)sc1C(=O)NC1=[S+]C2=C(CCN(C(C)C)C2)/C1=C(\N)[O-],-0.2882455587387085
base,NC(=O)Nc1ccccc1N,-0.8239551782608032
base,N[C@@H](CNC(=O)N1CCn2c1nc1ccccc12)C(=O)O,-0.3064177930355072
base,FC(F)Sc1ccc2[nH]c3c(c2c1)CCCC3,-10.6943998336792
base,CC(=O)c1c(C)[nH]c(C(=O)NCc2cnn(C(C)C)c2)c1C,-1.1914228200912476
base,O=C(Nc1sccc1C(=O)NNc1cnc2ccccc2n1)c1cccs1,-1.2204673290252686
base,O=C1c2cc(O)ccc2N[C@H](c2ccccc2)N1/N=C/c1cccs1,-2.9719107151031494
base,COc1cc(S(=O)(=O)N2CCC(C)CC2)cc(OC)c1OC,-2.024919033050537
base,O=S(=O)(NCCNS(=O)(=O)c1ccccc1F)c1ccccc1,-0.3999234735965729
base,Brc1ccc(/C=N/Nc2ccccn2)c(Br)c1,-6.44669771194458
base,O/N=C1\C[C@H](O)Cc2nonc21,-0.6173424124717712
base,Brc1ccc(CNCc2cccs2)cc1,-11.021100044250488
base,NS(=O)(=O)c1ccc(CCNC(=O)c2cccc([N+](=O)[O-])c2)cc1,-0.34534212946891785
base,[CH2+][c-]1[cH+][cH-][cH+][cH-][cH+]1.[CH2-][CH+][CH+][C]P([O-])COC,-6.353753089904785
base,O=C(NCCOc1ccccc1Cl)C1CC1,-5.28047513961792
base,N#CCc1ccc(NC(=O)Nc2c(F)c(F)c(F)c(F)c2F)cc1,-3.115403652191162
base,CCCc1c(C(=O)N/N=C/c2cc(Br)ccc2OCc2ccccc2)nnn1-c1nonc1N,-0.9123514890670776
base,O=C(NCCCNCCNC1=CC=C([N+](=O)[O-])Oc2ccccc21)c1cccc(Br)c1,-0.9407387375831604
base,CCCCNc1nc(NC)nc(Oc2ccc(=O)n(C)n2)n1,-0.37670108675956726
base,O=S(=O)(c1ccc(Cl)cc1)N1CCCC1,-5.478794097900391
base,CN(C)S(=O)(=O)N1CCN(c2ccccc2Cl)CC1,-4.272799968719482
base,COc1ccccc1-c1c(C#N)c(Sc2ccc(Br)cc2)nc2c1C(=O)CC(C)(C)C2,-6.00228214263916
base,FC(F)(F)c1nnc(N2CCN(c3ccccn3)CC2)s1,-4.304300308227539
base,S=C(c1cc2ccccc2o1)N1CCN(Cc2ccccc2)CC1,-9.39475154876709
base,COc1ccccc1CC/N=C(\N)NS(=O)(=O)c1cccs1,-0.3486654460430145
base,Cc1nnc([C@@H](C(=O)C(C)(C)C)c2cccc3ccccc23)o1,-4.042487144470215
base,C[CH-]N(C1CC1)S(=O)(=O)c1ccc(C[S+]=c2cccc[cH-]2)cc1.[H+],-6.081866264343262
base,CCC(=O)OCC(=O)c1c[nH]c2ccccc12,-2.636129140853882
base,Fc1ccc2nc(C(F)(F)F)cc(N3CCN(Cc4ccccc4)CC3)c2c1,-10.08513355255127
base,O=c1cc(NCCCO)c2cc(Br)ccc2o1,-2.3510794639587402
base,O=C1C[C@@H](N2CCN(c3ccccn3)CC2)C(=O)N1CCC1=CCCCC1,-2.8294215202331543
base,CCCN(C(=O)/C=C/c1cccs1)c1nnc(-c2ccncc2)s1,-3.5900208950042725
base,[O-]CC(O)C(O)C(O)C(O)CO,-0.6334242224693298
base,[CH2-]CCC/C=[N+]1\N=NN=C1CN(CCc1ccccc1)Cc1ccccc1Cl,-6.485517501831055
base,O=C(Nc1ccccc1N1CCOCC1)c1ccncc1,-2.986522912979126
base,CN1CCC[C@@H](OC(=O)Cc2ccc3ccccc3c2)C1,-6.978950500488281
base,CCCCCCP(#[O+])CC.[CH2-]C,-9.917532920837402
base,CCOn1c(=O)c(C)[n+]([O-])c2ccccc21,-2.541957139968872
base,O=C(OCCNC1=NCCC1)c1cc(-c2ccccc2)nc2ccccc12,-2.892742395401001
base,CCOc1ccc(-c2csc3ncnn23)cc1Cl,-5.69904088973999
base,CN(C)[C@H](CNC=C1C(=O)CC(C)(C)CC1=O)c1ccccc1,-3.883296251296997
base,O=C(Cn1c(=O)[nH]c2ccccc2c1=O)N1CCCC1,-1.0937517881393433
base,Clc1cc(Br)cnc1Oc1cccc2cccnc12,-7.400063514709473
base,CO/N=C/N/C(=N\c1cnc2ccccc2n1)NS(=O)(=O)c1ccc(C)cc1,-0.4032841920852661
base,CCN(C(=O)c1ccco1)c1cc2c(C)cc(=O)oc2cc1C,-2.819514274597168
base,Fc1cccc(OCc2nnc(SC/C=C/c3ccccc3)o2)c1,-5.256366729736328
base,O=C(O)C[C@H](/C=C/F)CCc1ccc(C(=O)O)cc1,-1.6771162748336792
base,O=S(=O)(c1cccc(NC(=S)N2CCOCC2)c1)N1CCOCC1,-1.4205882549285889
base,CC(C)C[C@@](O)(CCC#[O+])COC(=O)C1=C/[C-]=C/C=C=C/C=C\[C-]=[O+]\1,-1.4932348728179932
base,O=c1[nH]nc(-c2cccs2)cc1-c1csc(N2CCOCC2)n1,-1.585690975189209
base,O=[N+]([O-])c1cc(S(=O)(=O)N2CCc3ccccc32)ccc1OCCOc1ccccc1N1CCCCC1,-2.063129186630249
base,Cn1nc(-c2ccc(Cl)cc2)c2cc(C(=O)N3CCN(C(=O)c4ccco4)CC3)sc21,-2.4817614555358887
base,COCCCn1c(=O)c2ccccc2n(Cc2ccc(C)cc2)c1=O,-3.2694804668426514
base,[CH][C+]1[N-][N-][C+](N2CCCC2)[C+]1[C][c+]1[n-][c+]([S-])[nH][c+]2[n-][cH+][cH-][c+](C)[c-]12.[H+].[H+],-1.5414468050003052
base,[N-2][C]C1[C+]2[C+](N3CCC4(CC3)OCCO4)[N-][C+]3[CH-][CH+][CH-][CH+][C+]3N2C2CCCCC2O[C-]1[O-],-0.7416592836380005
base,COc1ccc(OC)c(S(=O)(=O)N2CCN(c3ccccc3O)CC2)c1,-0.8849489688873291
base,[O-][C][C+]([CH+][c-]1[cH+][cH-][cH+]s1)[c-]1[cH+][cH-][cH+][cH-][c+]1Br,-8.266341209411621
base,Cc1nn(C)cc1/C=C(\c1ccc(F)cc1)c1nc2ccccc2s1,-8.318305969238281
base,S=C(NCCN1CCOCC1)NC1CCCC1,-5.485335826873779
base,COc1ccc(/C=C/C(=O)Oc2ccc(C)c(C)c2)cc1OC,-5.163395404815674
base,CC(C)c1ccc(-c2nc(N)sc2C(=O)c2ccccc2)cc1,-4.447842121124268
base,Cn1cccc1C(=O)Oc1ccc(C(C)(C)C)cc1,-7.012030124664307
base,O=C(O)c1ccc(Cl)c(NCc2cccs2)c1,-4.4912519454956055
base,C[C@H]1Cc2nc(SCC(=O)Nc3cccnc3)n(C)c(=O)c2S1,-1.0244842767715454
base,C[C@H](Sc1nccn1-c1ccccc1)C(=O)O,-3.1034021377563477
base,CCCCC(=O)Oc1ccc(OC)cc1C(C)=O,-3.6458921432495117
base,O=C(Cc1ccccc1)Nc1ccc(OC2CCN(Cc3cnn(-c4ccccc4)c3)CC2)cc1,-4.378406047821045
base,CN(C(=O)c1ccccc1SCC(=O)NCc1ccco1)c1ccc2ccccc2c1,-4.095081329345703
base,Cc1cc(NC(=O)c2cc(Cl)ccc2NC(=O)c2cccc(OC(C)C)c2)no1,-2.2328364849090576
base,COCCNc1ncnc2nc[nH]c12,-1.1858162879943848
base,Cc1ccc(CNC(=O)CN(C)S(=O)(=O)c2ccc3ccccc3c2)cc1,-2.2053585052490234
base,O=C(c1ccc2ccccc2c1)[C@@H]1CCCN(S(=O)(=O)N2CCOCC2)C1,-1.8770980834960938
base,COc1ccc(CNc2nc3ccccc3[nH]c2=O)cc1OC,-1.245793104171753
base,O=S(=O)(N/C=N/Cc1ccc(Br)cc1)c1ccccc1,-2.9509849548339844
base,Clc1ccc(CCN2CCSCC2)cc1Cl,-12.936243057250977
base,[O][C](CCCO[C+]1[CH][CH][CH][CH][CH]1)N[C]1[CH][C](Cl)[CH][CH][C]1N([O-])[O-],-0.9662892818450928
base,N#CSCc1nc2ccc(Cl)cn2c1CSc1nc2ccccc2o1,-3.7331271171569824
base,O=[N+]([O-])/C(=C(/NCc1ccccc1)Sc1ccccc1)c1ccccc1,-4.97812557220459
base,CN(/N=N/c1ccc(C(=O)O)cc1)c1cccc(N)c1,-0.9685905575752258
base,COCCCNS(=O)(=O)c1ccc2c(c1)NC(=O)CS2,-0.6113708019256592
base,O=C(O)c1cccc(CNC(=O)[C@H]2CCC(=O)N(Cc3ccccc3)C2)c1,-0.7724259495735168
base,COC(=O)C1(C(=O)OC)CN(Cc2ccc3c(c2)OCO3)CC[C@@]1(O)c1ccc(OC)cc1,-0.36092299222946167
base,[O-]/C(=C/CCC/C=[O+]/Cc1ccc(Cl)cc1)NC1CC1,-4.345349311828613
base,O=C(Cn1nnc2ccccc2c1=O)N1CCOCC1,-0.9376417398452759
base,O=[N+]([O-])[c-]1c[c-]c(=[S+3](=C=CCNC(=S)N[C-]2CCCCC2)/C=C/F)cc1,-2.6015076637268066
base,COc1cccc(-c2nc3ccccc3nc2C(C)(C)C[C@H](C#N)c2ccccc2)c1O,-3.8813223838806152
base,CCn1ccnc1CN1CCN(c2cccc(OC(F)F)c2)CC1,-6.176406383514404
base,FC(F)Oc1ccc(NC(=S)N2CCN(Cc3ccccc3)CC2)cc1,-7.797750949859619
base,S=C1SCN(Cc2cccnc2)CN1c1ccccc1,-9.068514823913574
base,S=c1nc(N(CC2CCCCC2)c2[c-]cc(Br)cc2)c#[n+][nH]1,-5.005258083343506
base,O=P(OCC1CC1)(c1ccccc1)c1ccccc1,-7.784159183502197
base,Clc1ccc(COc2ccccc2CN[C@@H]2CN3CCC2CC3)cc1,-8.60740852355957
base,Cc1ccc(NN=C2C(=O)CC(C)(C)CC2=O)cc1,-2.9029107093811035
base,OCCNCC[C@H](O)[C@H](O)[C@@H]([C@H](O)CO)N1CCCCC1,-0.5337528586387634
base,OC[C@@H]1O[C@@H](n2cnc3ccccc32)C[C@H](O)[C@@H]1O,-0.5382749438285828
base,O=C(O)Cc1cn(Cc2ccccc2)nc1-c1ccccc1,-3.4332802295684814
base,C=C[CH-][C@H](Cl)C/C(Cl)=C(/OCC)C(=O)OCC.[H+],-6.4583234786987305
base,CC(=O)NNc1ncnc2sc3c(c12)CCCC3,-1.8724981546401978
base,COc1cc(C2=CSC3=NCCN23)cc(OC)c1OC,-4.6313652992248535
base,O=[N+]([O-])Nc1nc(-c2ccc(Cl)cc2)cs1,-2.1660964488983154
base,NS(=O)(=O)c1ccc(/C=C/C(=O)O)cc1,-0.43875613808631897
base,O=[N+]([O-])c1ccccc1/C=C/CN1CC=C(c2ccc(Cl)cc2)CC1,-5.937469005584717
base,NS(=O)(=O)c1cc(S(=O)(=O)c2ccccc2)ccc1NCC1CCCC1,-0.6766502261161804
base,CCNc1cccc(/C=C/C(=O)c2ccc(OCC)cc2)c1,-6.477361679077148
base,O=C(CNS(=O)(=O)Cc1cccc([N+](=O)[O-])c1)N1CCCC1,-0.3749057650566101
base,CCP([S-])[C+]1[CH+][CH-][c+]2[nH][c-]([O-])[cH+][cH+][c-]2[C+]1[O-].[CH2-]C,-2.306473731994629
base,NCCNCC[C@@H](O)OCCCOc1cc[c-]c2[nH]ccc12.[H+],-0.4094396233558655
base,Fc1ccc(CNc2nc3ccccc3n2CCN2CCOCC2)cc1,-4.956096649169922
base,[H]/N=c1/c2c(n(CCOC)c3c1CCC3)CCCC2,-5.352759838104248
base,CO[c-]1[cH+][cH-][c+]2[cH+][c+](C([N-]CCN3CCCC3)[c-]3[n-][n-][n-]n3CC3CCCO3)[c+]3[n-][n-][n-]n-3[c-]2[cH+]1,-0.22558480501174927
base,COc1ccc(COCCNC(=O)c2cc(F)ccc2OC)cc1,-3.001972198486328
base,Cc1ccc(NC(=O)c2ccc(COc3ccc([N+](=O)[O-])cc3)o2)nc1,-1.1967425346374512
base,CCC/[S+]=C1/C=CC=C/C1=C(/[O-])NC[C@H]1CCCO1,-4.386720657348633
base,c1coc(CNC2CCCCC2)c1,-7.790168762207031
base,NCCOC(=O)C1=COCCO1,-1.5773156881332397
base,O=c1c2c(cc3[c-]1CC[C@@H]3CN1CCOCC1)CCCC2.[H+],-6.752696514129639
base,COc1c(C)cccc1CNc1ccc(S(=O)(=O)NCc2ccco2)cc1,-1.6027120351791382
base,Brc1ccc(OCc2nc(-c3ccncc3)no2)cc1,-2.9488508701324463
base,CN(C)[C@H](NC(=O)[C@]12C[C@H]3C[C@H](C[C@H](C3)C1)C2)C(=O)O,-1.6062839031219482
base,O=c1cc(-c2ccccc2)nc(SCc2cccc3cnccc23)n1CCOc1ccccc1F,-5.626690864562988
base,NS(=O)(=O)c1ccc(/N=C\c2ccc([N+](=O)[O-])o2)cc1,-0.39517247676849365
base,CCCC(=O)N(c1ccccc1)c1nnc(SCC(=O)NC2CCCC2)s1,-2.2983949184417725
base,CN1CCC2CC1[CH+]C[C-]([O-])O2,-5.66572380065918
base,COC(=O)CNC1=[S+]C(Cc2ccc(OC)cc2)=C(C)/C1=C(/[O-])OC,-0.8421540260314941
base,O=P(NS(=O)(=O)c1ccc(Cl)cc1)(Oc1ccccc1)Oc1ccccc1,-2.588620901107788
base,Cc1cc(NC(=O)c2ccc(CSc3nncn3C)cc2)n(C)n1,-1.184279203414917
base,CC(=O)n1ccc2cc(S(=O)(=O)N3CCC[C@@H]3C(=O)NCc3ccccc3F)ccc21,-0.8531376719474792
base,Cn1ncc(-c2ccc(OCc3ccccc3)cc2)c1C(N)=C(C#N)C#N,-0.9611035585403442
base,NS(=O)(=O)c1ccc(CCNCc2ccccc2)cc1,-1.3349536657333374
base,CN(C)[S+2]([O-])([O-])[c-]1[cH+][c-](N2[CH-][C+](N([O-])[O-])[CH-][C+]([S+2]([O-])([O-])N3CCCC3)[CH-]2)[cH+][cH-][c+]1Cl,-0.45167022943496704
base,FC(F)(F)CCCc1noc(CN2CCCCC2)n1,-5.065603256225586
base,COc1ccc(O)c([C@@H](CCn2cnc3ccccc32)c2ccccc2)c1,-5.694027900695801
base,Cc1ccccc1OCCCC(=O)Nc1nnc(-c2cccnc2)s1,-1.782556414604187
base,O=C(c1cccn2c(=O)c3ccccc3nc12)N1CCN(c2ccccc2F)CC1,-2.9054555892944336
base,[O-]P([C+]([N-][CH+]N1CCCC1)[N-][c+]1[cH-][cH+][cH-][cH+][cH-]1)N([c+]1[cH-][cH+][cH-][cH+][cH-]1)C(O)[c+]1[cH-][cH+][cH-][cH+][cH-]1,-3.5061588287353516
base,N#C[C@H](C(=O)Nc1ccccc1CNc1ccc(F)cc1)c1cnccn1,-1.0955427885055542
base,O=C(Cc1cccc2cccnc12)N1CCC[C@@H](CNS(=O)(=O)c2cc(F)ccc2F)C1,-1.4227923154830933
base,CC(=O)N(C)C(=O)c1nn2c(C(F)(F)F)cc(-c3cccs3)nc2c1Cl,-2.595280647277832
base,CCN(CC)c1nc(N2CCOCC2)nc2ccccc12,-4.766900539398193
base,COC[C@@H](C)NC(=O)c1ccc(-n2c(C)ccc2C)cc1,-4.770810604095459
base,COc1cc(Cl)cc(OC)c1O[C@H](C)C(=O)O,-2.0973658561706543
base,O[CH+]CCN(CC[N-][C][S-])C[C+]1[CH+][CH-][C+](Cl)[CH-][C+]1Cl,-5.816190242767334
base,O=C(Nc1ccccc1F)c1cccc(Oc2ncccn2)c1,-2.735558271408081
base,COc1ccccc1NC(=O)c1c(NC(=O)CSCc2ccccc2)sc2c1CC(C)(C)OC2,-3.694075584411621
base,CCC(=O)Nc1cnn(C)c(=S)n1,-2.4240224361419678
base,C=C1[CH-][C@H](C(=O)Nc2cccc(C(=O)c3ccccc3)c2)CC1.[H+],-5.102846145629883
base,CC[C@@H](C)C(=O)Nc1nnc(C)s1,-3.0680291652679443
base,COc1ccc2c(CC(=O)NCc3ccco3)coc2c1,-2.242710828781128
base,COc1ccc(/C=C(\NC(=O)c2ccc(Cl)cc2)C(=O)NCCCn2ccnc2)cc1OC,-1.0611419677734375
base,NS([O])([O])NCC([C+]1[CH][CH][CH]S1)N1CCN([C]2[CH][CH][C](N([O-])[O-])[CH][CH]2)CC1,-0.5093483328819275
base,C=Cn1c(N2CCOCC2)nc2c1c(=O)[nH]c(=O)n2C,-0.6414669752120972
base,S=C(Nc1ccc(Oc2ccccc2)cc1)NC1CCCCCC1,-8.380474090576172
base,COc1ccc(/C=C2\SC(=S)N([C@H](C(=O)O)c3ccccc3)C2=O)c(OC)c1,-1.9010440111160278
base,COCCOc1ccccc1-n1cnnn1,-2.1478700637817383
base,OC[C@H](CN1CCOCC1)OC1CCCCC1,-4.68116569519043
base,O=S(=O)(O)CCc1nc(-c2ccncc2)no1,-0.3627082109451294
base,O=C(CCSC1CCCCC1)NCCCN1CCCCC1,-6.918966770172119
base,C/[O+]=C1\C=C(NCC(=O)Nc2ccccc2N([O-])[O-])C(C(C)=O)=C\C1=[O+]/C,-0.29608824849128723
base,CC(C)(Cc1ccc(O)cc1)C(=O)NC[C@@H]1CCCO1,-2.697965383529663
base,CCN(CC)S(=O)(=O)c1ccc(-c2cc(C)no2)s1,-2.3663012981414795
base,O=[N+]([O-])c1ccc(NC(=S)N2CCN(Cc3ccc(F)cc3)CC2)cc1,-2.7940540313720703
base,COc1cc2c(cc1NCc1ccc(OC)c(OC)c1OC)CCCC2,-4.825840473175049
base,COc1ccccc1Cc1nc2ccccc2c(=O)n1N,-1.4128859043121338
base,N#C[C@H](c1ccc(-c2nnc3n2CCC3)cn1)c1ccccc1F,-2.1685574054718018
base,CCOC(=O)C1CN(S(=O)(=O)c2cccc(F)c2)C1,-2.0174388885498047
base,O=C(COC(=O)c1cccc(N2C(=O)c3ccccc3C2=O)c1)c1ccc(Br)cc1,-2.1048595905303955
base,CC[CH-]C[C+]([O-])N([C+]1S[C+]([C+]2[CH+][CH-][CH+][CH-][CH+]2)[CH+][C-]1[C][N-2])C1([C][N-2])CCCCC1,-3.3900346755981445
base,C[C-]1C2CNCC(O)CO[c-]3[cH+][cH-][c+](Br)[cH-][c+]3N12,-4.254255771636963
base,O=C(Nc1ccnn1C1CCN(C[C@@H](O)CO)CC1)c1ccccc1,-0.3956942558288574
base,S=C(NCCN1CCOCC1)Nc1ccc(Cl)cc1Cl,-5.740065097808838
base,CCOC(=O)c1ccccc1NC(=O)[C@@H](C)CC,-3.2102527618408203
base,O=C1Oc2cc(O)ccc2C(=O)/C1=C(\O)c1ccccc1,-0.9008731842041016
base,O=C1NCCN(Cc2ccccc2Cl)[C@@H]1CC(=O)N1CCOCC1,-2.1313881874084473
base,COc1ccc(OC)c2[nH]c(=O)c(CCNC(=O)C(C)(C)C)cc12,-0.9635069370269775
base,CNC[C@H](O)COc1ccccc1,-4.645509719848633
base,Clc1ccccc1Cc1cc(N2CCCCC2)nc(-c2ccccc2)n1,-8.96095085144043
base,FC(F)OC(F)(F)[C@@H](F)Cl,-11.330460548400879
base,CC(=O)c1ccc(OCc2ccc(Cl)c(Cl)c2)c(C(=O)c2cccs2)c1,-7.495535850524902
base,CNC[C@H](c1ccccc1)N1CCN(c2nccc(C(F)(F)F)n2)CC1,-4.436621189117432
base,O=C(CN1CCCC1=O)OCc1nc2ccccc2s1,-2.4510092735290527
base,[O-][S@+](Cc1ccccc1)N1CCCCC1,-7.3802103996276855
base,CN(C)Nc1ccccc1[N+](=O)[O-],-2.59633469581604
base,CC/[S+]=C1/C=CC=C/C1=C(\[O-])Nc1ccc2c(c1)OCO2,-3.11816143989563
base,CCOC(=O)c1c(N[C@H](NC(=O)COc2ccccc2)C(Cl)(Cl)Cl)sc2c1CCCCC2,-3.498112916946411
base,O=C(NNC(=O)C1CCN(c2cccc(Cl)n2)CC1)c1sc2ccccc2c1Cl,-2.4005653858184814
base,COc1ccc(OC)c(C=O)c1,-5.586483478546143
base,CN(C(=O)c1ccc2ccccc2c1)c1ccccn1,-6.632615089416504
base,O=C(NC[C@@H]1CCCO1)[C@@H]1CCC(=O)N1Cc1ccccc1,-2.4919826984405518
base,S=C(Nc1ccc(Cl)cc1Cl)NC1CCN(c2ccccn2)CC1,-6.174667835235596
base,O=C(/C=C\Nc1ccccc1C(=O)O)c1ccc(Br)cc1,-2.8097119331359863
base,O=Cc1cn(CC(=O)N2CCCC2)c2ccccc12,-4.584103584289551
base,O=C(N/N=C\C=C\c1ccc(Br)cc1)c1ccc([N+](=O)[O-])cc1,-1.6046842336654663
base,O=C1c2cccnc2C(=O)N1CC1=[S+]C(=[S@](=O)([O-])NCc2ccco2)C=C1,-0.2925178110599518
base,COc1cc2[s+]c(/N=C(\[O-])c3ccco3)n(C)c2cc1Cl,-2.600804328918457
base,COc1ccc(C(C)=O)cc1C/[S+]=c1\nc2ccccc2c([O-])n1-c1ccccc1,-2.789602279663086
base,O=C(Cc1ccc([N+](=O)[O-])cc1)NCCSc1ccccn1,-0.8119617700576782
base,NS(=O)(=O)c1ccc(N2CCCCC2)c(NC(=O)Nc2ccc(C(=O)c3ccccc3)cc2)c1,-1.520355463027954
base,N#CNC1=NCN(Cc2ccccc2)CN1,-2.0562846660614014
base,NC(=S)NC1CCCCC1,-5.398106575012207
base,O=[N+]([O-])c1ccc(CNc2cc(Cl)ccc2[N+](=O)[O-])o1,-1.0855895280838013
base,COc1cc(-c2nc3cnccn3c2NC2CCCC2)ccc1O,-2.042203903198242
base,Nn1c(Cc2ccccc2)nnc1SCC(=O)N1CCN(S(=O)(=O)c2ccc(Cl)cc2)CC1,-0.3575000762939453
base,CCC(C)(C)NS(=O)(=O)OCC(Cl)(Cl)Cl,-3.225618362426758
base,COn1c(SCc2ccccc2)nc2ccccc2c1=O,-4.5392985343933105
base,[O][N+]([O-])C1[C]2[NH+]C([C]3[CH][C](Br)[CH][CH][C]3O)N[C]C21,-0.5333083868026733
base,Fc1cccc(-c2ccc(-c3nnc(SC(F)F)n3Cc3ccccc3)cn2)c1,-6.789107799530029
base,Clc1ccc(-c2[nH]ncc2CCNC[C@H]2CCCO2)cc1,-4.0184173583984375
base,COc1ccc(CN2CCOCC2)cc1Br,-8.206353187561035
base,C[S@@+]([O-])C[C@H]1Cc2ccccc2C(=O)N1,-3.237355947494507
base,O=C(c1cccc(Br)c1)N1CCN(CC2=CCCCC2)CC1,-8.579381942749023
base,O=C(COc1ccccc1/C=N/O)NC1CC1,-1.3872830867767334
base,Nn1c(SCc2c(F)cccc2Cl)nnc1-c1ccncc1,-2.039316177368164
base,COc1cc([N+](=O)[O-])cc(/C=N/Nc2nc(-c3ccc4c(c3)OCO4)nc3ccccc23)c1O,-1.4390606880187988
base,[CH2+]CN(CC[N-]C(=S)NCc1ccccc1)c1ccc([N+](=O)[O-])cc1,-2.1356868743896484
base,CCN(c1cccc(S(=O)(=O)N(C)[C@H](C(N)=O)c2ccccc2)c1)S(C)(=O)=O,-0.29320940375328064
base,O=C(NC1CCCCCC1)C1CCN(S(=O)(=O)c2cccc(-c3ccccc3)c2)CC1,-3.3157451152801514
base,COc1cccc(S(=O)(=O)N2[C@H](C)CCC[C@@H]2C)c1,-4.215545654296875
base,[CH2+]CC[C+]([C][C][O-])P([O-])[C+]1[CH+][CH+][CH-][CH+][CH-]1.[C]1[CH+][CH+][CH-][c+]2[cH-][cH+][cH-][cH+][c-]21,-4.536660194396973
base,O[C@](CCN1CCCCC1)(Cc1ccccc1)c1ccccc1Cl,-9.290266036987305
base,O=S(=O)(c1ccccc1F)N1CCN(c2nc(-c3ccc(Cl)cc3)cs2)CC1,-4.162138938903809
base,Cc1ccc2[nH]cc(C(=O)CCC(N)=O)c2c1,-1.2162518501281738
base,[H]/N=c1\n(C)c2ccccc2n1C[C@@H](O)c1ccco1,-1.714951753616333
base,Clc1ccc(Cl)c(OCCCCn2cncn2)c1,-5.638635635375977
base,O=C(CC1CCCCC1)c1ccccc1O,-6.108392715454102
base,O=C(C/[S+]=c1\nc2ccccc2c([O-])n1-c1ccccc1)Nc1ccccc1N1CCOCC1,-1.1773301362991333
base,O=C(CN1CCc2ccccc2C1)Nc1ccc2c(c1)OCO2,-3.5017335414886475
base,COCCN(Cc1ccc(F)cc1)C(=O)c1cc2c(OC)cccc2[nH]1,-3.682662010192871
base,COC1=C2N=C(N(C)C(=O)c3ccc(N([O-])[O-])o3)[S+]=C2/C(=[O+]\C)C=C1,-0.40068721771240234
base,CC(=O)c1ccc(OCCCC(=O)OCc2nnc(-c3ccc(Cl)cc3)o2)cc1,-1.8863685131072998
base,S=c1[nH]nc(-c2ccccc2)n1C1CC1,-6.346658229827881
base,O=[N+]([O-])c1c(-c2ccc(N3CCOCC3)cc2)oc2ccccc12,-2.4705801010131836
base,O=C(CCN1C(=O)c2ccccc2C1=O)NCCN1CCCC1,-1.4654338359832764
base,Cn1c(SCC(=O)N[C@@H]2CCCc3ccccc32)nnc1-c1ccco1,-1.845327615737915
base,S=c1[nH]nc(C2CCCCC2)n1/N=C/c1ccncc1,-3.1285452842712402
base,COc1ccc(OCCC(=O)Nc2ccc(F)c(F)c2F)cc1,-4.491589069366455
base,CO[C@@H](C)/N=C(\[CH-]NC(=O)C(C)C)Nc1ccc2nc3n(c(=O)c2c1)CCCCC3.[H+],-0.807947039604187
base,COCCCNC(=O)c1sc(N)c(C#N)c1C,-0.5834314823150635
base,[H]/N=C1\C(c2ccccc2)=C(O)CN1c1ccc(OCC)cc1,-3.6766059398651123
base,CCO[C-]([O-])[C+]1[CH+][c-]2[cH+][c-]([C+]([O-])[c+]3[cH-][c+](Br)[cH-][cH+][c-]3N([O-])[O-])[cH+][n-][c+]2[CH-]1,-0.3557698726654053
base,O=[N+]([O-])c1cc(C(=S)N2CCCC2)ccc1NCCCN1CCOCC1,-1.6862318515777588
base,COC(C/N=C/C1=C(O)C[C@H](c2ccccc2)CC1=O)OC,-1.926608681678772
base,COC(=O)c1cc(NC(=O)Cc2ccc(OC)c(OC)c2)cc(C(=O)NC2CCCCC2)c1,-1.1975650787353516
base,Cc1cc(=O)n(C[C@@H](C)c2ccccc2)c2ccccc12,-9.078170776367188
base,CO[C@@H](C)CNc1oc(C)nc1C#N,-1.4835124015808105
base,S=C(Nc1ccccc1Cl)N(Cc1ccco1)c1ccccc1,-9.04979133605957
base,CO[c+]1[cH-][cH+][c-](OC)[cH+][c-]1[CH+][C+]1[C+]([O-])[N-][C-]2[C+](OC[C-]([O-])OC)[CH+]C3([CH-][C+]2O[C-]1[O-])C1[C+]([O-])[N-][C+]2[CH-][CH+][CH-][CH+][C+]2N13,-0.3961540758609772
base,COCc1cc(C)nc(Nc2ccc(C)cc2C)c1C#N,-3.4943835735321045
base,O=C(Nc1cccn2nc(-c3ccco3)cc12)c1ccccn1,-1.8209221363067627
base,CCO[C@H]1CCCN(C(=O)CSc2nncs2)C1,-2.9323770999908447
base,COCCN(Cc1ccc2c(c1)OCO2)C[C@H](O)COC(c1ccc(F)cc1)c1ccc(F)cc1,-3.5841550827026367
base,O=C(c1cc(COc2ccc3ncccc3c2)on1)N1CCN(C2CCCCC2)C(=O)C1,-1.1320496797561646
base,CCN(S)C[CH-]CN([C+]([O-])[O-])[C+]1[CH+][CH-][CH+][CH-][C+]1[CH-][CH+][C-]([O-])[C+]1[C][CH-][CH+][CH-][CH+]1,-1.2498928308486938
base,O=C(NCc1ccccn1)C1CCCCC1,-4.7592082023620605
base,O=C(/C=C/c1ccco1)NCCSCc1ccco1,-3.247689962387085
base,CCOC(=O)NC(=O)/C(=C\c1ccccc1)C(=O)OCC,-0.8461491465568542
base,Fc1ccc([C@H]2c3[nH]c4ccccc4c3CCN2CCc2ccccn2)cc1,-7.948983192443848
base,O=S(=O)(c1ccc(Br)s1)N1CCCCC1,-5.691196441650391
base,O=C(N/N=C/c1cccc(C(F)(F)F)c1)c1ccc(Cn2cc(Br)cn2)o1,-2.4371516704559326
base,O=C(CCN(Cc1ccco1)S(=O)(=O)c1ccccc1)NCCCn1ccnc1,-0.43378815054893494
base,CN(Cc1ccccc1)C[C@@H](O)COc1ccccc1,-6.240781307220459
base,S=C(NC1CC1)N1CCN(Cc2ccc3c(c2)OCO3)CC1,-5.342568874359131
base,Nc1cc(Cl)ccc1C(=O)OCC(=O)c1cccs1,-1.99838125705719
base,Cc1ccn(CC(=O)Nc2ccncc2C)c(=O)n1,-0.9530265927314758
base,COc1ccc(-c2nnc(SCC(=O)c3c(N)n(C)c(=O)n(C)c3=O)o2)cc1,-0.25918421149253845
base,[O-][S@@+](N1CCC2(CC1)OCCO2)[C@]12C[C@H]3C[C@H](C[C@H](C3)C1)C2,-4.625275611877441
base,Cc1coc(C)c1C(=O)COc1cc(=O)oc2ccccc12,-2.0234854221343994
base,Fc1ccc2nc3[nH]c4ccccc4c3nc2c1,-5.28441047668457
base,CCCN(CC)Cc1ccc(OC)cc1,-10.379532814025879
base,CCN(CC)S(=O)(=O)N1CCC(C(=O)NC(C)C)CC1,-1.6343549489974976
base,CC(=O)N/C(=C/c1cc2ccccc2nc1Nc1ccc(F)c2ccccc12)C(=O)O,-2.1701500415802
base,O=C(Nc1cccc2ccccc12)c1ccc(Cl)cc1,-8.322149276733398
base,[C-3][CH-][CH+][CH+][C][CH-][CH+][CH-][C]OC1[C]N(C2[CH+]CCC2)CCN1C[C+](CO)N([O-])[O-].[H+].[H+],-0.8538535237312317
base,CN(C)[C@@H](CNCc1cccnc1)c1ccccc1,-6.983300685882568
base,O=C(c1ccc2c(c1)OCO2)N(c1ccccn1)C1CCCCC1,-4.15863037109375
base,COc1ccc([C@H]2SCC(=O)N2Cc2cnn(-c3ccccc3)c2-n2cccc2)c(OC)c1,-3.5547420978546143
base,CCC1(CC(C)(C)F)C(=O)NC(=O)NC1=O,-1.2304861545562744
base,COc1ccc2nc(SCC(=O)N(C(C)C)C3CCCCC3)[nH]c2c1,-3.797783136367798
base,Cc1nonc1OCCNCCN(CCc1ccccc1)c1ccccn1,-1.2204049825668335
base,COc1cc(CC(=O)N2CCN(C)CC2)cc(OC)c1OC,-3.2723937034606934
base,[CH2-]CCCC[CH][O+]CC[S+][C]1[C][C]([NH+]C[C]2[CH][CH][CH]O2)[C-]([C][N])[C](N)[N]1,-0.5447962880134583
base,[O-][C+]1[CH+][C+](C[c-]2[cH+][cH-][cH+][c-](O)[cH+]2)[C][N-]N1[c-]1[cH+][cH-][c+](F)[cH-][cH+]1,-2.551712989807129
base,Cn1nnc2cc(C(=O)N3CCC[C@@H](Nc4ccc([N+](=O)[O-])cc4)C3)ccc21,-0.5897929072380066
base,O=C(Nc1ccsc1-c1cn(-c2ccccc2)c(=S)s1)c1ccccc1,-9.125779151916504
base,[CH2-]CC(CNC[c+]1[cH-][cH+][cH-][cH+][c-]1F)N1CCN([c-]2[cH+][cH-][cH+][cH-][cH+]2)CC1,-9.231546401977539
base,C[C]1[CH][CH][CH][C]([C]2[N]N([C]3[CH][CH][CH][CH][CH]3)[CH][C+]2CC(C)NC[C]2[CH][CH][CH][C](N([O-])[O-])[CH]2)[CH]1,-1.7704473733901978
base,COc1ccc(CC(=O)N2CCN(C)CC2)cc1OC,-4.484735488891602
base,O=P(O)=[OH+].[O-]P(O)(O)=C(O)CN1CCOCC1,-0.42111194133758545
base,[O][C](NN1[C]([O])[CH][C]([CH][CH][C]2[CH][CH][CH][CH][C]2N([O-])[O-])[C]1[O])[C+]1[CH][N][CH][CH][N]1,-0.5824752449989319
base,O=C(c1ccc(-c2ccccc2)cc1)N1CCN(c2ccccc2)CC1,-8.939419746398926
base,CO[c-]1[cH+][cH-][cH+][c-](C[N-][C+]([N-][C+]([O-])C2CC2)SC2CC[S+2]([O-])([O-])C2)[cH+]1,-0.6650515794754028
base,COc1ccccc1N[C@@H](c1ccccc1)c1ccn2c(c1)nc1ccccc12,-7.72854471206665
base,Cn1c(NC2CCCCC2)nc2nn(-c3ccccc3)nc2c1=O,-1.121627926826477
base,COc1cc(Nc2ccccc2)c([N+](=O)[O-])cc1C(=O)NCc1cccc2ccccc12,-2.7602832317352295
base,[O-]/C(O)=C1\C=CC(/N=N\c2ccc3[nH]c(Oc4cccc(Br)c4)nc3c2)=[S+]1,-1.4646250009536743
base,Brc1ccc(/C=N\c2c(-c3ccccc3)nnn2CCc2ccccc2)s1,-7.175430774688721
base,O=C(CO)[C@H](O)[C@@H](O[C@H]1O[C@H](CO)[C@H](O)[C@H](O)[C@H]1O)[C@@H](O)CO,-0.5371086001396179
base,[CH2-]CCC[CH+]CC[C-](CO)CN1CCCC([c+]2[n-][c+]3[cH-][cH+][cH-][cH+][c-]3[nH]2)C1,-4.299132823944092
base,NC(=O)N/N=C/c1ccc(OCCCCCC(=O)N[C@H](CCC(=O)O)C(=O)O)cc1,-0.3685225248336792
base,[CH2-]CCCCC/C=[NH+]/C(=O)NC(N)=O,-0.757361888885498
base,Nc1ccc(/N=N/c2ccc(S(N)(=O)=O)cc2)cc1,-0.5370425581932068
base,COc1cnc(-c2ccccc2)nc1Nc1ccc(F)cc1,-4.8922810554504395
base,O=Cc1cc(=O)c(O)c([C@@H](Nc2ccc(OCc3ccccc3)cc2)c2ccccn2)o1,-1.6447206735610962
base,CCOc1ccc(OCC(=O)N2CCCC2)cc1,-5.169159412384033
base,COc1cc(/C=C2/SC(=S)N(Cc3cccc4ccccc34)C2=O)cc(OC)c1OC,-5.888866424560547
base,COCc1c(C#N)c(=S)[nH]c2nc(=O)n(Cc3ccco3)cc12,-0.4849896728992462
base,O=C(CCc1ccccc1)NCCNc1ccccc1,-5.055332660675049
base,O=C(O)CCNS(=O)(=O)c1c(Cl)cc(Cl)c(Cl)c1Cl,-1.3675198554992676
base,Nc1cc(OC(=O)CCc2ccccc2)nn1S(=O)(=O)c1ccccc1,-0.4796461760997772
base,C=CCn1c(C)cc(C(=O)CN2CCN(c3cccc(F)c3)CC2)c1C,-7.378989219665527
base,CO[c-]1[cH+][cH-][cH+][cH-][c+]1OC[c-]1[cH+][cH-][c+]2[c-]([cH+]1)C[C+]1S[C+](N)[N-][N-][C-]12,-2.364321708679199
base,CN(C(=O)c1cccs1)c1ccc(OCC(=O)N2CCOCC2)cc1,-2.567336320877075
base,CNCCc1cc(=O)c2c(o1)CCCC2=O,-2.4945831298828125
base,Cc1cccc(N2C[C@@H](C(=O)NCc3ccc(S(N)(=O)=O)cc3)CC2=O)c1C,-0.3405895233154297
base,O=C(NCC1(O)CCCCC1)c1ccco1,-2.2207202911376953
base,Cc1nn(C[C@@H](O)COc2ccccc2)c(C)c1Br,-4.17363166809082
base,COC(OC)(OC(=O)O)[C@H](N)C(=O)O,-0.5577478408813477
base,O=C(NC1CCCC1)C1CCN(S(=O)(=O)c2cc[c-]c3n[s+]n[c-]23)CC1.[H+],-0.5339562296867371
base,[O][C]([C+]1[CH][CH][CH]O1)N1CCN([C]2[CH][CH][C](N([O-])[O-])[C]3[N][CH][CH][CH][C]32)CC1,-0.5088909864425659
base,Cc1nc2ccccc2n1CC(=O)O,-2.8980209827423096
base,C[CH-][S+2]([O-])([O-])[c+]1[n-][n-][c+]2[cH+][cH-][cH+][cH-]n12,-0.9227296113967896
base,C/C(=C\C(=O)OCC(=O)Nc1nccs1)c1cccs1,-1.9309989213943481
base,Cc1ccc(S(=O)(=O)NCCN2CCCC[C@@H]2C)cc1,-3.7066850662231445
base,[CH2+]C[C]([O-])[NH+][C][C]([O-])[N]CCC[CH+][C]([O])[C-]1[CH][CH][C](O[C]([O])[C]2[CH][CH][CH][CH][CH]2)[CH]C1.[H+],-0.5770707726478577
base,FC(F)(F)Oc1cccc(Nc2ccc(OCc3cccc4cccnc34)cc2)c1,-7.9740471839904785
base,[H]/N=C(C(\C#N)=N\Nc1ccc(Cl)cc1)/N1CCCCC1,-1.7367056608200073
base,Clc1nccc2ncccc12,-7.460902214050293
base,[O-][C+](CS[C+]1[N-][C-]([C+]([O-])C2CCCCC2)[C][C][C+]1[N-]O)N[C+]1[CH+][C+](C(F)(F)F)[CH-][CH+][CH-]1,-1.0585083961486816
base,COC(=O)c1[nH]c2ccc(C)cc2c1NC(=O)c1ccc(OC(F)F)cc1,-1.9738268852233887
base,Cl[c-]1[cH+][c-](COC[CH-]OCCN2CCN(C[c+]3[cH-][cH+][cH-][cH+][cH-]3)CC2)[cH+][cH+][n-]1,-5.472453594207764
base,S=C1N(c2ccccc2)CN(C2CCCCC2)CN1c1ccccc1,-12.326085090637207
base,CCCN(CCn1nc(C)n2c(cc3occc32)c1=O)[C@H]1CCC[C@H](C)C1,-3.8028416633605957
base,CCOC(=O)/C(C#N)=C(\NCCOC)NC(=O)c1ccco1,-0.3411582112312317
base,COc1ccc(C)cc1NC(=O)COC(=O)c1ccc(C(C)C)cc1,-2.860032558441162
base,CCOC(=S)N/C(=N\S(=O)(=O)c1ccccc1)c1ccccc1,-1.9729773998260498
base,O=S1(=O)CCN(Cc2csc(-c3ccco3)n2)CC1,-2.0224251747131348
base,COCCNc1nc(N)nc(C(C)C)n1,-0.6639279723167419
base,O=[N+]([O-])c1ccc(N2CCNCC2)cc1N1CCCCC1,-2.314149856567383
base,O=Cc1c[nH]c2ncccc12,-4.110735893249512
base,CC(=O)Nc1ccc2c(c1)C(=O)NC2=O,-1.1389657258987427
base,COc1cccc(/[C-]=N/n2nnc3nn(-c4ccccc4)cc3c2=O)c1.[H+],-0.556217610836029
base,NC(N)=N/N=C/c1cc(Cl)cc([N+](=O)[O-])c1O,-0.5311405062675476
base,O=C(c1cc(C(=O)N2CCN(c3ccccc3F)CC2)cc([N+](=O)[O-])c1)N1CCN(c2ccc(F)cc2)CC1,-1.3740307092666626
base,NC(=S)NNC(=O)COc1ccccc1O,-0.36913618445396423
base,CC[C@@H](C)NS(=O)(=O)c1cc(C(N)=O)c2ccccc2c1,-0.5756904482841492
base,CCCNC(=S)N1CCN(C(=O)CC(C)C)CC1,-5.752396106719971
base,CCOc1ccc(-c2nnn(CC(=O)NCc3ccco3)n2)cc1OCC,-0.3979509770870209
base,O=[N+]([O-])c1ccccc1NNc1ccc(C(F)(F)F)cc1[N+](=O)[O-],-1.4777405261993408
base,CCN(C)N(/C=N/c1nc2c(C)cc(C)cc2s1)c1ccccc1,-8.031869888305664
base,O=S(=O)(NNCc1cccs1)c1sc2ccccc2c1Cl,-3.2899370193481445
base,CCOc1ccc2[nH]c3c(N)nc(SCC(=O)Nc4ccc(C)cc4)nc3c2c1,-1.4426552057266235
base,CC(O[C+]([O-])[C][CH+][C+]1[CH+][CH-][CH+][CH-][C+]1O)[C-]1[C+]([C-]([O-])n2[n-][n-][c+]3[cH-][cH+][cH-][cH+][c+]32)[CH-][CH+]C2[CH-]C12.[H+],-0.31868547201156616
base,O=C(CCN(C(=O)CCc1ccccc1)c1ccc(Cl)cc1)NCc1ccco1,-3.6335999965667725
base,COc1cc(CN2CCC(n3nccc3NC(=O)c3ccccc3OC)CC2)ccc1F,-2.6599953174591064
base,CN[C@@H](c1cccc([N+](=O)[O-])c1)c1nnnn1-c1ccccc1,-0.4278625547885895
base,N/C(=N\OS(=O)(=O)c1ccccc1)c1cccnc1,-0.33411791920661926
base,FC(F)(F)Oc1ccc(NC(=S)Nc2cccnc2)cc1,-4.919975280761719
base,[CH2-]N(CCCOC)[C-]([O-])CN(C[C+]1[CH+][CH-][C+](Cl)[CH-][CH+]1)[C+]([O-])CC[c+]1[n-][n-][c+](C2CCCCC2)o1,-0.5463155508041382
base,COCc1ccccc1C(=O)Nc1cccc(-c2cn3ccsc3n2)c1,-4.1849493980407715
base,O[C@H](c1ccccc1)c1cccnc1,-6.084797382354736
base,O=C(/C=C/c1ccco1)Nc1ccc(S(=O)(=O)Nc2nc3ccccc3nc2OCC(F)(F)F)cc1,-1.8316751718521118
base,COc1ccccc1OCC(=O)NC[C@H]1CCCO1,-2.6397457122802734
base,Brc1cccc(CN2CCN(c3ccccn3)CC2)c1,-8.963658332824707
base,Cc1ccc(S(=O)(=O)c2nc(S(C)(=O)=O)sc2N2CCC(C(N)=O)CC2)cc1,-0.30975341796875
base,Cc1ccc(NC(=O)OCc2cccnc2Sc2ccccc2Cl)cc1,-6.276546478271484
base,Cn1c(SCc2cc(=O)[nH]c3ccccc23)nnc1-c1cnccn1,-0.6489846110343933
base,CNCC[C@H](C)CNC(=O)c1cc(Br)ccc1OC(C)C,-4.0476226806640625
base,COc1ccccc1Oc1nc(-c2ccccc2)cc(C)c1S(C)(=O)=O,-3.039036750793457
base,Clc1ccc2nc(SCc3nccc4ccccc34)[nH]c2c1,-6.5784010887146
base,Brc1cnc(N2CCOCC2)nc1N1CCCCC1,-4.811655521392822
base,NNc1cccnc1N1CCN(C(=O)Nc2ccccc2)CC1,-0.5329657793045044
base,C/C(N)=C(/C#N)C(=O)COC(=O)c1ccc(S(=O)(=O)N2CCOCC2)cc1,-0.3856601119041443
base,O=[N+]([O-])c1cc(Cl)ccc1S(=O)(=O)N1CCc2ccccc2C1,-1.2976690530776978
base,Clc1ccccc1COc1ccccc1-c1nnc(-c2ccco2)o1,-4.370577335357666
base,COC(=O)c1cc([C@@H]2NC(=O)NC(c3ccccc3)=C2C(C)=O)ccc1O,-0.5915915369987488
base,O=C(COc1ccccc1C(=O)N1CCOCC1)c1ccc(F)cc1,-3.025499105453491
base,NC(=O)C1=C(N)/C(=C(\[O-])Nc2cc3ccccc3[nH]c2=O)[S+]=N1,-0.3059438467025757
base,N[P@](=O)(OCCCc1ccccc1)Oc1ccccc1,-3.100205659866333
base,O=[N+]([O-])c1cc(C(F)(F)F)ccc1N/N=C/c1ccccc1Oc1ccccn1,-2.6894161701202393
base,C[c-]1[cH+][c-](N[C+]([O-])[c+]2[cH+][n-][cH-][cH+][cH-]2)[cH+][c-]1[C+]([O-])N[c+]1[cH-][cH+][cH-][c+]2[cH-][cH+][cH-][cH+][c-]12,-0.9803445935249329
base,CNc1c(/N=C/c2cc3ccccc3[nH]c2=O)c(=O)n(C)c(=O)n1C(=O)c1ccc(F)cc1,-0.3886323869228363
base,COc1cc(-c2noc(-c3cccs3)n2)ccc1OC(C)=O,-1.768444299697876
base,Clc1cc(Cl)c(OCc2nn[nH]n2)c(Br)c1,-2.5485622882843018
base,C/[S+]=C\C=C\c1c([O-])[nH]c(=O)[nH]c1=O,-0.6752903461456299
base,COc1c(C(=O)NC(=S)Nc2ccccc2C(F)(F)F)n[nH]c1C(F)(F)F,-1.722760796546936
base,COC(=O)CSc1nc2ccc(Br)nc2n1C(C)=O,-1.3204987049102783
base,O=c1[nH]c2cc(/[C-]=N/[N+]#C/C(O)=C/c3ccccc3)[c-]cc2n(O)c1=O.[H+],-0.4275173842906952
base,C[C@H](OC(=O)c1cccs1)C(=O)Nc1ncnc2oc(-c3ccccc3)c(-c3cccs3)c12,-3.2096409797668457
base,S=c1[nH]nc(COc2ccccc2)n1/N=C/C=C/c1ccco1,-2.40519118309021
base,COC(=O)Cc1ccc(C(=O)O[C@@H](C)C(=O)Nc2ccnn2C(C)C)n1C,-0.36493563652038574
base,CCCS(=O)(=O)N1CCC(C(=O)NCc2cccnc2)CC1,-0.8777700662612915
base,O=[N+]([O-])c1cc2n(n1)[C@@H](C(F)(F)F)C[C@H](c1ccc(Cl)cc1)N2,-2.5198471546173096
base,Nc1c(C(=O)NCCN2CCCC2)c2nc3ccccc3nc2n1Cc1ccccc1,-0.8938591480255127
base,COCc1ccc(OC)cc1,-8.781014442443848
base,COc1ccccc1N1CCN(C(=O)[C@H]2CC[C@@H](CNS(=O)(=O)c3ccc(NC(C)=O)cc3)CC2)CC1,-0.7980746030807495
base,S=C(NCc1ccco1)N(CCN1CCCCCC1)Cc1ccccc1,-7.264537334442139
base,COc1c(C)cc(C(=O)c2ccc(O)cc2O)cc1C,-2.1865503787994385
base,CO[C]1[CH][CH][C]([C+](C)[O])[CH][C]1CO[C]1[CH][CH][CH][N][C]1N([O-])[O-],-0.5448007583618164
base,O=C1N[C@](NS(=O)(=O)c2ccc(Cl)cc2)(C(F)(F)F)C(=O)N1c1ccccc1,-0.6755744814872742
base,Nc1c(-c2ccccc2)cnn1[C@H]1CCS(=O)(=O)C1,-0.953689455986023
base,O=S(=O)(CCCN1CCCCC1)c1ccccc1,-5.448963165283203
base,OC1OC(O[CH-][OH2+])C(O)C(O)C1O.[H+],-0.5577478408813477
base,Cc1ccc(-c2cc3nc4c(c(=O)n3[nH]2)CCCC4)cc1CO,-1.6912174224853516
base,FC(F)(F)c1cccc(N2CCN(C(=S)NCc3ccccc3)CC2)c1,-9.658625602722168
base,Fc1ccc(-c2cnc(Nc3ccccc3)o2)c(Cl)c1,-6.969937801361084
base,[CH2-]CC(=O)/C=[C-]/S(=O)(=O)NCCC1=CC(=[O+]\CC)/C(=[O+]/CC)C=C1,-0.7638129591941833
base,C[C@H]1CN=C(N2CCN(c3ncc(C(F)(F)F)cc3Cl)CC2)S1,-6.930910587310791
base,O=C(c1oc2ccccc2c1COc1cccc2ccccc12)N1CCN(c2ccccn2)CC1,-4.8961501121521
base,CO[C]1[C]2C3C4([CH-]C1[C+](C)[O])[C]([O])O[C]([S])C234.[H+].[O-2],-0.8362862467765808
base,O=[P@](Nc1ccccc1Cl)(c1ccccc1)c1nc2c(s1)CCCC2,-6.499678611755371
base,CCOc1ccc(C(=O)NC2CCN(C(=O)Nc3ccc(OC)cc3)CC2)cc1Br,-2.0943775177001953
base,COc1ccc(OC)c(N(CC(=O)Nc2cc(C(F)(F)F)ccc2F)S(C)(=O)=O)c1,-1.182107925415039
base,COc1c(C)cc(C(=O)[C@H]2CCCN(C(=O)c3cc4nc(C)cc(C)n4n3)C2)cc1C,-1.879352331161499
base,CCCC[C-](NC1CCCCC1)C(C)C,-11.594915390014648
base,Nn1c(SCC(=O)N2CCCCC2)nnc1-c1cccnc1,-0.4456089437007904
base,O=C(Nc1ccccc1N1CCOCC1)c1ccccc1[N+](=O)[O-],-0.9077221155166626
base,O=C(O)CCNS(=O)(=O)c1ccccc1-c1ccsc1,-0.8127787113189697
base,NS(=O)(=O)c1ccc(NC(=S)Nc2ccccc2)cc1,-0.8064014911651611
base,Clc1cccc(CNCC2CCCCC2)c1,-11.219919204711914
base,Cc1ccc2oc(-c3cccc(NC(=O)c4cc(-n5cnnc5)ccc4Cl)c3)nc2c1,-2.8089709281921387
base,S=C(Nc1ccccc1)Nc1ccccc1N1CCCCC1,-8.423713684082031
base,N[C@H](Cc1ccc(OC(F)F)cc1)C(=O)O,-1.3703347444534302
base,CCOc1cc(/C=C2\SC(=S)N(Cc3c[nH]c4cc(C)ccc34)C2=O)ccc1O,-3.7488231658935547
base,CC(=O)Nc1cccc(N(C)C)c1,-6.085414409637451
base,CN(C)C[C@@H](O)COc1ccccc1Cc1ccccc1,-6.225680828094482
base,N#Cc1ccccc1OCc1ccccc1F,-6.584964275360107
base,O=C(O)c1c(-c2ccc3c(c2)OCO3)oc2ccc(N3CCOCC3)cc12,-1.3867723941802979
base,CCn1c(C)nc2cc(C(=O)N/N=C/c3cc4c(cc3[N+](=O)[O-])OCO4)ccc21,-0.6737090945243835
base,Cc1c2cnn(CC(=O)NCCN(C)C)c(=O)c2c(C)n1Cc1ccc(Cl)cc1,-1.3958914279937744
base,COc1cccc(-c2csc(N3CCC[C@H]3C(=O)NCc3ccccn3)n2)c1,-2.2939538955688477
base,O=C(CCc1ccc(Cl)cc1)c1ccccc1O,-6.281992435455322
base,O=S(=O)(O)CCO,-1.5367021560668945
base,O=C(COc1ccc(Cl)cc1Br)OC/C=C/c1cccnc1,-4.837714672088623
base,S=C(NCc1ccncc1)Nc1cccc(Cl)c1,-5.921274662017822
base,COc1ccc(N(CC(=O)N2CCN(c3ccccn3)CC2)S(=O)(=O)c2ccc(OC)cc2)cc1,-0.6307552456855774
base,OC[C@H]1O[C@](O)(CO)[C@@H](O)[C@@H]1O,-0.6707441210746765
base,C[C@H](Nc1ccc2nonc2c1[N+](=O)[O-])[C@@H](C)O,-0.38940778374671936
base,S=C1NCN(Cc2ccccc2)CN1c1ccc(Br)cc1,-9.4306640625
base,CN(c1ccccc1)[P@](=O)(c1ccccc1)N(CCCC1=CCCCC1)c1ccccc1,-12.759258270263672
base,Fc1ccc(CCNCc2cccc(Cl)c2)cc1,-11.031798362731934
base,O=S(=O)(NCCCN1CCOCC1)c1ccc(OC2CCN(Cc3ccccc3)CC2)cc1,-1.6872249841690063
base,O=[N+]([O-])c1ccc(N2CCN(c3ccc(F)cc3)CC2)cn1,-2.335566282272339
base,CCOc1ccc(OCCC(=O)OCC(=O)NCCC2=CCCCC2)cc1,-1.916623830795288
base,COC(CNC(=O)Cn1c(=O)[nH]c2ccccc2c1=O)OC,-0.30036741495132446
base,COc1cc2c(cc1O)NC[C@@]2(C)CNC(=O)c1ccc(N(C)C)cc1,-1.418294072151184
base,N[P@](=O)(Oc1ccccc1)O[C@H]1CC[C@@H](c2ccccc2)CC1,-4.00869083404541
base,Clc1c[c-]c(C2=Nn3c(Cn4nnc5ccccc54)nnc3SC2)cc1.[H+],-1.6512442827224731
base,CCCOc1ccc(CN(CCO)CCO)cc1[N+](=O)[O-],-0.38078081607818604
base,COc1ccccc1CNS(=O)(=O)c1ccc2ccccc2c1,-3.4103810787200928
base,N#C/C(=C\N1CCCCC1)S(=O)(=O)c1ccc(Cl)cc1,-2.7213079929351807
base,COC(=O)[C@](NC(=O)c1ccccc1C)(Nc1ccc(OCc2ccccc2)cc1)C(F)(F)F,-2.790393829345703
base,CCOc1ccc(-n2nnnc2SCC(=O)Nc2cc(C)cc(C)n2)cc1,-0.7157089114189148
base,C[C@]1(/N=C/c2ccc(Br)cc2)Cc2ccccc2O1,-9.299920082092285
base,Fc1cc(Cl)ccc1NC(=S)N1CCN(Cc2ccc3c(c2)OCO3)CC1,-6.195394039154053
base,O=[N+]([O-])c1ccc(N2CCN(c3ccc4ccccc4n3)CC2)cc1,-2.7712302207946777
base,COCc1cn2/c(=C(\[O-])NCc3ccccc3)c[s+]c2n1,-2.132068157196045
base,O=c1ccn(CCOc2ccccc2)c(=O)[nH]1,-1.9193706512451172
base,O=C(C1=C(O)C(=O)N(CCCN2CCOCC2)[C@@H]1c1ccc(Br)cc1)c1ccco1,-1.3206346035003662
base,CC(=O)N/N=C(\c1ccccc1)c1cc2ccccc2[nH]c1=O,-1.3568682670593262
base,O=c1c(/N=N\c2ccccc2F)c(C(F)(F)F)[nH]n1-c1ccccn1,-2.2821507453918457
base,O=C(CCN1C(=O)[C@@H]2[C@H](C1=O)[C@H]1C=C[C@@H]2C1)N1CC[C@@H](c2ccccc2)C1,-2.7879812717437744
base,Brc1cccc(/C=N\N=C/c2cccnc2)c1,-5.856525421142578
base,COc1ccccc1N1CCN(C(=O)[C@H](NC(=O)[C@@H]2CCCN(C(=O)c3ccc(C)n3-c3ccccc3)C2)C(C)C)CC1,-1.7020705938339233
base,Cc1cc(C(F)(F)F)nc(-c2ccccc2)n1,-7.997445106506348
base,FC(F)(F)Oc1ccccc1N1CCN(Cc2ccco2)CC1,-7.348280906677246
base,Cn1nccc1CNC(=O)NC1CCCCC1,-2.5623345375061035
base,COc1ccc(Br)cc1C(=O)NCc1ccccc1,-5.753475666046143
base,NS(=O)(=O)c1ccc(S(=O)(=O)N2CCCC2)cc1,-0.39781734347343445
base,COc1cc(OCC(C)C)nc2ccccc12,-6.795097827911377
base,O=C(NC1CCCCCCC1)[C@H]1CCCN(S(=O)(=O)c2cccc3cccnc23)C1,-1.850164771080017
base,[CH2+][C-]([N-][C][C+]1[C+](C)[N-][C+]2SCCN21)[c+]1[cH-][cH+][c-](OC)[c+](OC)[cH-]1,-4.4139723777771
base,CNN(C)C1=CC(=O)C(C)=C(Cl)C1=O,-3.6734650135040283
base,Cc1ccc(/N=C(\N)N=C(N)N)cc1,-0.44298920035362244
base,O=C(c1cccc(F)c1)N1CCC(N2CCc3ccccc3C2)CC1,-8.365418434143066
base,O=C1[C@@H]2CCCN2C(=O)N1CCCCN1CCN(c2ccccc2)CC1,-3.92645263671875
base,COc1cccc(/C=N/NC(=O)Cn2nc(C)cc2C)c1OC,-0.9530333876609802
base,Clc1ccc(CSC2=CC/C(=C3\N=Nc4ccccc43)N=N2)cc1,-7.627455711364746
base,[CH2-]O[c+]1[cH-][c+]([C][CH+][C+]([O-])O[c+]2[cH-][cH+][c-]([C+]([O-])[c+]3[cH-][cH+][cH-]o3)[cH+][cH-]2)[cH-][cH+][c-]1O.[H+].[H+],-0.44189080595970154
base,Cn1c(C(=O)N[C@@H](O)CN2CCCCC2)cnc1N,-0.35324862599372864
base,NS(=O)(=O)c1ccc(NCC(=O)Nc2ncccn2)cc1,-0.27757707238197327
base,C[C@@H](OC(=O)c1cc2occc2n1C)C(=O)N[C@@H](c1ccccc1)c1cccc(F)c1,-2.5181219577789307
base,Fc1ccccc1-c1nc2cnccn2c1NCc1ccccc1,-5.6763176918029785
base,CC1CCN(C(=O)c2ccc(CS(=O)(=O)c3ccc(Cl)cc3)cc2)CC1,-4.174868106842041
base,COc1ccc(N2CCN(C(=O)CNC(=O)Cc3ccc(Cl)cc3)CC2)cc1,-2.2950472831726074
base,O=C(CCC(=O)NCc1ccc2c(c1)OCO2)NCc1ccc(F)c(F)c1,-1.238386631011963
base,Cc1cnc(NS(=O)(=O)c2ccccc2)c(Br)c1,-2.8815054893493652
base,O=C1C(=O)N(CCCn2ccnc2)[C@@H](c2ccc(Br)cc2)/C1=C(/O)c1cccc2ccccc12,-3.320014238357544
base,COc1cccc(CNC(=O)c2cc(C)nc3ccccc23)c1OC,-2.9325339794158936
base,O=S1(=O)CCN(C2CCCCC2)CC1,-5.365961074829102
base,Fc1ccc(Nc2nc(-c3cccnc3)nc3ccccc23)cc1,-4.859858512878418
base,[CH2-]CCCCCOCCNc1cc(N2CCN(C3=C=C/C(=[O+]\C)C=C3)CC2)ccc1[N+](=O)[O-],-1.7841227054595947
base,O=[N+]([O-])c1cc(/N=N/c2ccccc2)ccc1O,-1.443899393081665
base,COc1cccc(OC(=O)N(C)C)c1,-5.075845241546631
base,Fc1ccccc1OCc1cc(-c2ccc(Cl)cc2)on1,-7.253261089324951
base,N/C(=N\OC(=O)c1ccc(NC(=O)c2cccs2)cc1)c1ccccn1,-0.6939883828163147
base,CN(C)S(=O)(=O)N1CCc2ccccc21,-4.781980037689209
base,CN(CC(=O)Nc1ccccc1Cl)C(=O)CCc1ccco1,-2.4910898208618164
base,Fc1ccc([C@@H](Nc2ccccn2)c2cccs2)cc1,-8.859858512878418
base,Br[c-]1[cH+][cH-][c+]([CH-][CH+][C-]2[N-]N[CH+][C+]3CCC[C-]32)[cH-][cH+]1,-8.466434478759766
base,[O-][c+]1[cH-][c+](CC([O-])([c+]2[cH-][cH+][cH-][cH+][cH-]2)C2CCCCC2)[nH][nH]1,-1.1184296607971191
