source,smiles,log_reward
guided,CCC(=O)N1N=C(c2ccc(C(=O)NCCc3ccccc3)cc2)C[C@H]1c1ccco1,-2.4319937229156494
guided,COC(=O)c1cn[nH]c1NC(=S)Nc1ccc(Br)cc1Cl,-1.6887317895889282
guided,COCCSc1ccccn1,-8.035004615783691
guided,O=S(=O)(c1cccs1)N1CCC(O)(c2cccc(C(F)(F)F)c2)CC1,-3.3048222064971924
guided,CC(C)(C)c1ccc(S(=O)(=O)NCC(=O)N2CCCC2)cc1,-1.8754605054855347
guided,O=C(c1nc2ccccc2c(=O)[nH]1)c1cccc2ccccc12,-2.659339189529419
guided,NS(=O)(=O)c1ccc(/C=C2\NN(c3cccc(F)c3)C(=O)C2=O)cc1,-0.3246740698814392
guided,O=C(O)c1cccc(NC2(C(F)(F)F)Oc3ccccc3O2)c1,-2.3742051124572754
guided,Cc1cc(C)cc(OCC(=O)Nc2cccc3ccccc23)c1,-6.485496520996094
guided,COc1ccc(C(=O)OCC(=O)NC(=O)c2cccs2)cc1OCCC(C)C,-1.0142203569412231
guided,C/C(N)=C(/C#N)C(=O)COc1ccc2ccccc2c1,-1.2738549709320068
guided,Nc1c(C(=O)NCc2ccco2)c2nc3ccccc3nc2n1CCCN1CCOCC1,-0.458083838224411
guided,Cc1cccc(OCCCC(=O)n2cccc2)c1C,-7.0463151931762695
guided,CC(C)OC(=O)c1c(/C=C/c2ccco2)oc2ccc(OCCO)cc12,-1.875587821006775
guided,COC(=O)C(C)(C)ONC(=O)Nc1ccccc1[N+](=O)[O-],-0.3990749716758728
guided,CCCCOc1ccc(NC2=N[C@@H]3CS(=O)(=O)C[C@@H]3S2)cc1,-1.9536247253417969
guided,CCOc1cc(C(=S)N2CCOCC2)ccc1OC(=O)c1ccc(C)cc1,-4.5309739112854
guided,CN1CC[C@H]2[CH-]n3c(-c4ccc(-c5ccc(F)cc5)o4)cnc3[S@+]21,-6.499995231628418
guided,CCOC(=O)COc1nc(-c2ccccc2)c2c(c1C#N)CC(C)(C)OC2,-1.4324769973754883
guided,COC(=O)C1=C(C)N(Cc2cccs2)/C(=N/Cc2cc(OC)c(OC)c(OC)c2)N[C@H]1c1ccc(N(C)C)cc1,-2.5335428714752197
guided,CCOc1ccccc1OCC(=O)Nc1ccc(C)cc1,-4.39959192276001
guided,BrCC[C@H]1[CH-][C@@H]1/C=C\C[CH+]CN1CCOCC1,-10.405939102172852
guided,C#CCCc1ccc(C(F)(F)F)cc1,-13.623042106628418
guided,C[C]/C(C(=O)Nc1cccc(-c2cnc3ccccc3n2)c1)=C(/[O-])NC[C+]1=CC=C2OCOC2=C1,-0.8198128342628479
guided,[N][C][C][C]([NH+][C]1[CH][CH][CH-][CH][C]1O[C]1[CH][CH][CH][N][CH]1)[O+][C]1[CH][CH][CH][C]2[CH][CH][CH][CH][C]21,-1.5402653217315674
guided,[CH2-]CC(=O)NC1=C=[N+]=CC(NC(=O)c2ccccc2)=C1C,-1.2965941429138184
guided,C/[C-]=C/[C@H]1C(=O)N=C2SC[C@@H](O)N2C1=O.[H+],-1.5952016115188599
guided,COc1cccc(Oc2[c-]ccc3ccccc23)c1.O=P(O)=[OH+],-2.3583219051361084
guided,CCCCCN(c1ccc(C(=O)OCC(=O)Nc2c(C)cccc2C)cc1)S(=O)(=O)c1ccc(C)cc1,-3.1940038204193115
guided,O=C(O)c1cc2cc(/C=C/c3ccc(-c4ccc5ccccc5n4)c(=O)[nH]3)ccc2o1,-2.48652720451355
guided,COc1cc2nc3ccccc3nc2cc1OC,-4.536769390106201
guided,Cc1nc2cc(/C=C/C(N)=O)[nH]n2c(=O)c1/C(=N\c1ccc(Br)s1)c1ccccc1,-1.253302812576294
guided,S=c1[nH]nc(-c2ccco2)n1/N=C/C=C/c1ccco1,-1.9744575023651123
guided,Cc1cnccc1CN(C)Cc1cn(C)nc1-c1ccc2c(c1)OCO2,-3.649270534515381
guided,CN(C)S(=O)(=O)c1ccc(NC(=S)NC(=O)c2ccc(F)cc2)cc1,-1.0909876823425293
guided,O=C(NNC(=O)c1ccccc1O)c1cccnc1,-0.4011003375053406
guided,CCOC(=O)CC(=O)Nc1ccccc1C(C)C,-3.145383834838867
guided,CC(C)Sc1nnc2n(CCc3ccccc3)c(=O)c3c4c(sc3n12)COC(C)(C)C4,-3.834411144256592
guided,COc1cccc(-c2c(C(=O)c3ccccc3)n[nH]c2-c2ccccc2)c1,-4.795836448669434
guided,CCC(=O)n1nc(C)c2cc(S(=O)(=O)NCc3ccc(C)cc3)ccc21,-1.3185608386993408
guided,COCCCN1C(=O)c2ccc(C(=O)O)cc2C1=O,-0.7065753936767578
guided,CN(C=O)c1nc2c(N)ncnc2n1[C@H]1O[C@@H](CO)[C@H](O)[C@@H]1O,-0.3904118239879608
guided,COC/C=C\O[C@]1(C)Oc2cccc(-c3nnc(CCCOC)o3)c2C1=O,-0.7360174655914307
guided,O=C(OCn1nc2ccccc2n1)c1cc(-c2cccs2)nc2ccccc12,-2.922391176223755
guided,Cc1ccc(NC(=O)c2cccs2)c(O)c1,-4.049283027648926
guided,O=S(=O)(CCc1ccccc1)OCCSc1nc2ccccc2n1Cc1ccc(F)cc1,-4.037319183349609
guided,COc1ccc(NC(=O)N2CCC[C@H]2C(=O)NCc2ccccc2)cc1,-1.8113467693328857
guided,Cc1ncc(Nc2ccc([N+](=O)[O-])c3cccnc23)n1-c1ccc(O)cc1,-1.434086561203003
guided,Cn1nc(C(F)(F)F)c(C#N)c1N1CCN(c2ccccc2)CC1,-4.014753341674805
guided,COCCN1C(=[NH2+])/C(=[S+]/c2ccccc2N([O-])[O-])C(=O)NC1=O,-0.3239099979400635
guided,COc1cc(CNCc2ccco2)ccc1O,-3.097241163253784
guided,Fc1cc(Br)ccc1N1[C-]=C(C=C(Cl)Cl)C(F)(F)CC1.[H+],-14.69487476348877
guided,Cc1ccc(C)c(N(C)C(=O)c2cc3c(s2)-c2ccccc2S(=O)(=O)C3)c1,-4.465373992919922
guided,CCOc1ccc(C(=O)N2CCC3(CC2)NCCc2[nH]cnc23)cc1OCC,-1.1277886629104614
guided,CCCC(=O)C1CCN(C(=O)Nc2ccc([N+](=O)[O-])cc2)CC1,-1.0147395133972168
guided,O=C1[C@H]2CC=C(Cl)C[C@H]2C(=O)N1CCc1c[nH]c2ccccc12,-3.691190242767334
guided,C[C@@H]1C[C@H](C)CN(C(=O)c2cc(=O)[nH]c3ccc(Br)cc23)C1,-3.8298490047454834
guided,COc1ccc(/N=N\c2c[nH]n(-c3ccc(Cl)cc3)c2=O)cc1,-2.622509241104126
guided,CN(C)NC(=O)c1ccccc1,-6.080030918121338
guided,CCn1nnnc1NCc1cccs1,-2.9103384017944336
guided,NCCO[C]1[N]N([C+]2[CH][CH][CH][CH][CH]2)[CH][C]1N([O-])[O-],-0.5026121735572815
guided,O=C(CSc1ccc2nnc(-c3ccc(F)cc3)n2n1)N1CCOCC1,-1.3426923751831055
guided,O=C(Nn1cnc2ccccc2c1=O)c1cccc(Cl)c1,-2.148203134536743
guided,Cl[C]1[CH][CH][C](C[O+][N][C]C2CCCCC2)[CH][CH]1,-8.189762115478516
guided,C=[O+]c1ccccc1N/C=C(/[O-])N1CCN(c2nc(C3CC3)nc3ccccc23)CC1,-1.2477686405181885
guided,CCCCC(=O)Nc1ccc2oc(-c3ccncc3)nc2c1,-2.6205554008483887
guided,COc1ccc(N(CC(=O)Nn2cnnc2)S(=O)(=O)c2ccccc2)c(OC)c1,-0.2382470667362213
guided,O=S(=O)(CSc1ncnc2scc(-c3ccc(F)cc3)c12)c1ccccc1,-4.266495227813721
guided,CCOc1ccc(OCC)c(-c2c(C#N)c(N)nc3ncnn23)c1,-0.4303090274333954
guided,COc1cc(NC(=O)CN(C)CC(=O)Nc2ccc(OC)c(OC)c2)ccc1C,-0.659106969833374
guided,CCC(=O)[C@@](C)(c1ccccc1)c1ccc2ccccc2n1,-7.939082145690918
guided,CN(CC(=O)NCc1ccc2c(c1)OCO2)S(=O)(=O)c1ccccc1F,-0.5905717015266418
guided,ON/C(=N\c1ccccc1)c1ccccc1Cl,-4.904444217681885
guided,CO[C]1[CH][CH][CH][CH][C]1[CH][CH][C]([O])NC[C]([O])NN[C]([O])[C][N][O+][C]1[CH][CH][CH-][C]([O+]C)[CH]1,-0.527107298374176
guided,NNC(=O)c1cnn(-c2ccc(F)cc2)c1,-1.311395525932312
guided,Clc1ccc(-c2nc3ncccc3[nH]2)c(Cl)n1,-3.646280288696289
guided,COc1ccccc1N[C@H](c1ccccc1)c1nnnn1Cc1ccccc1,-2.8794586658477783
guided,O=S(=O)(CCc1nc2cc3ccccc3cc2[nH]1)c1cccc(NC2=NCCCS2)c1,-2.1181082725524902
guided,CC(C)CNC(=S)N[C@@H]1C[C@H]2CCC[C@@H](C1)N2Cc1ccccc1,-7.8787617683410645
guided,Cc1ccccc1NC(=S)NCCC(c1ccccc1)c1ccccc1,-10.052453994750977
guided,CN1CCC[C@H]1c1cccnc1,-9.258427619934082
guided,Cc1nc(-c2cccc(C(=O)OCC(=O)N(Cc3ccccc3)c3ccc(F)cc3)c2)oc1C,-3.715416431427002
guided,CCCC(=O)Nc1ccccc1C(=O)NCC1CCCCC1,-3.443193197250366
guided,CN(C)[S+2]([O-])([O-])O[C-](CO[c+]1[cH-][cH+][cH-][cH+][cH-]1)CS[c+]1[n-][c+]2[cH-][cH+][cH-][cH+][c-]2[nH]1,-0.7405536770820618
guided,CSc1cc(C(F)(F)F)nc(-c2ccc(C(F)(F)F)cn2)n1,-6.432702541351318
guided,Cc1cccc(N/N=C/c2ccc(O)c3ncccc23)c1,-3.455294609069824
guided,CO[c-]1[c+]2[c-]([cH+][c-]3[c+]1CC(C(C)C)O3)O[C-]([O-])[CH+][CH-]2.C[O-],-1.2002372741699219
guided,CC[C@@H](NC(=S)NC(=O)c1ccccc1C)C(=O)O,-0.9893627762794495
guided,COCC(=O)NCCn1cc(SCC(=O)Nc2cc(C)on2)c2ccccc21,-0.4568309187889099
guided,O=C(NCCc1cccc2ccccc12)[C@H]1NS(=O)(=O)C[C@H]1N1CCOCC1,-0.43839237093925476
guided,Cc1ccc(C2=C(S(=O)(=O)N3CCCC3)CCCC2)cc1,-6.214226245880127
guided,OCCN[C@@H](O)c1cccc2ccccc12,-3.1893534660339355
guided,C=[N+](CCc1[c-]cccc1OCCOc1cc2c(c(F)c1C(=O)O)CCCN2)Cc1ccccc1,-2.936293125152588
guided,COC(=O)c1ccc(/C=N\NC(=O)c2ccc(=O)n(C)c2)cc1,-0.4370158612728119
guided,COc1cccc(C)c1OCc1nnnn1Cc1ccccc1,-2.400963544845581
guided,COCC(=O)N[C@@](Nc1nc(-c2ccc(C)cc2)cc(=O)[nH]1)(C(=O)OC)C(F)(F)F,-0.297862708568573
guided,CCCOc1ccc(C(=O)NNC(=S)NC(=O)c2ccc(Cl)cc2Cl)cc1,-1.7759898900985718
guided,C/[S+]=C1\C=CC=C\C1=C(/[O-])Nc1nc(-c2cccnc2)cs1,-2.3718204498291016
guided,OCc1c[nH]c2ccc(Br)cc12,-5.8798651695251465
guided,COCCNc1oc(/C=C/c2ccccc2)nc1S(=O)(=O)c1ccccc1,-1.6198475360870361
guided,[O-]N1OCCn2[n-][cH+][c-](C[c+]3[cH-][cH+][c-](Cl)[cH+][cH-]3)[c+]21,-3.1253364086151123
guided,CC(=O)N[C@H](C)c1ccccc1,-6.7526092529296875
guided,O=[N+]([O-])c1ccc(OC[C@H](O)CNCCO)cc1,-0.3921539783477783
guided,Nc1ccc2[nH]c3ccccc3[c-]2/c1=N/c1ccccc1.[H+],-4.011157512664795
guided,CCOP([O-])c1ccc(N(C)C)cc1.[H]/[O+]=C/c1ccccc1F,-2.831738233566284
guided,O=C(O)[C@H](COc1cccc(Cl)c1Cl)N1CCCCC1,-4.175729751586914
guided,CN1CCN(/N=C/c2ccc(Cl)nc2)CC1,-6.197268009185791
guided,CN1[C](O[C]2[CH][CH][C](N([O-])[O-])[CH][N]2)[N][C]2[C]1[C+]([O])N(C)[C]([O])N2C,-0.4918808937072754
guided,Cn1ccc(-c2c(OCc3cccc(Cl)c3)ccc3ccccc23)n1,-9.396743774414062
guided,CCC[C@H](O)[C@@](O)(c1ccccc1)[C@H](CN1CCOCC1)c1ccccc1,-3.6336069107055664
guided,COc1cc2c(cc1OC)CN(Cc1nc3[s+]c4c(c-3c([O-])[nH]1)CCC4)CC2,-1.6297531127929688
guided,Cc1ccc(-c2cc([C]/N=[O+]\[C@@H]3C[C@@H]([C+](C)=O)[C-]([O-])O3)ccn2)cc1CO,-0.41731780767440796
guided,CN1c2ccc(Cl)cc2C[C@H](C(=O)NC2CC2)[C@]1(C)O,-3.271815061569214
guided,CCC(=O)Nc1cccc(OC(=O)/C=C/c2ccccc2)c1,-3.6081793308258057
guided,O=C(Nc1ccc(F)c(F)c1)[C@H]1CCCN1S(=O)(=O)c1cccc2cccnc12,-1.4184733629226685
guided,N/C(=N\O)c1ccccc1Nc1ccc(S(=O)(=O)Nc2cccc(C(F)(F)F)c2)cc1,-1.6726958751678467
guided,CN(Cc1ccc(F)cc1)C(=O)C1=C(N)/C(=C(/N)[O-])N=[S+]1,-0.3796958923339844
guided,CO[C-]([O-])[CH+][CH+][N-][C+]([N-][c+]1[n-][c+](C)[cH-][c+](C)[n-]1)N[C+]([O-])C(N[C+]([O-])[c+]1[cH-][cH+][cH-][cH+][cH-]1)C(C)C,-0.3155604302883148
guided,COCCCNC(=O)[C@@H](Cc1ccccc1)NC(=O)CN1CCOC1=O,-0.34480157494544983
guided,O=C1Nc2ccc(S(=O)(=O)NCCO)c3cccc1c23,-0.3465019762516022
guided,CC1=C(S(=O)(=O)NCCC(=O)Nc2nc3ccccc3[nH]2)C=C2[N-]C3=[S+]CCN[C@@]3([O-])[C@@]23C=C13.[H+],-0.32633131742477417
guided,O=C(CC1CCCCC1)NNC(=O)c1cnccn1,-0.7022278308868408
guided,CN(CC(=O)N1CCc2ccccc21)Cc1ccccn1,-5.456327438354492
guided,CCCC[C@H](CC)CNC(=O)CN1CC(=O)N(Cc2ccc(F)cc2)CC1=O,-1.7590653896331787
guided,Cc1ccsc1CCC(=O)Nc1nnc(CC(C)C)s1,-3.7729713916778564
guided,Cn1nnc2cc(C(=O)Nc3cccnc3)ccc21,-1.2581405639648438
guided,NC(=O)c1c(NC(=O)CN2CCOCC2)sc2c1CCN(Cc1ccccc1)C2,-0.5035637617111206
guided,N[C@@H](CCC(=O)NC/C=C/c1cc[c-]o1)C(=O)O.[H+],-0.3563787639141083
guided,[H+].[O-][N-][C+]1CC[c+]2[c-]1[n-][c+](-[c+]1[cH-][cH+][c-]3[c+]([cH-]1)OCO3)n2[O-],-0.527310311794281
guided,COC(=O)CCS(=O)(=O)c1ccc(Cl)c2c1COC2=O,-0.6619474291801453
guided,CCCC(=O)Nc1ccc(-c2[c-]n3cccnc3n2)cc1.[H+],-2.835078716278076
guided,CN1CCc2c(c3ccccc3n2Cc2ccc(C(N)=O)cc2)C1,-3.5847318172454834
guided,CO[C-]([O-])N[N-][CH+][c+]1o[c-](-[c+]2[cH-][cH+][c-]([S+2]([O-])([O-])O)[cH+][cH-]2)[cH+][c-]2[cH+][cH-][cH+][cH-][c+]12,-0.5273262858390808
guided,COc1ccc(C(C)(C)C)cc1NC(=O)c1ccc(C)s1,-6.651889324188232
guided,CCN(CC(=O)Nc1cccc(OC)c1)c1ccccc1,-5.0616912841796875
guided,COc1ccc([C@@H](Cc2cc(C)c(O)c(C)c2)OC(=O)c2cc3ccccc3cc2O)cc1O,-3.0723907947540283
guided,CN(Cc1ccccc1)S(=O)(=O)c1cc2c(cc1Cl)NC(=O)CO2,-1.2564074993133545
guided,COc1cc(CN2CCN(CCc3ccccc3)[C@@H](CCO)C2)cc(OC)c1O,-2.0394961833953857
guided,CC(=O)Nc1ccc([C@@H]2Nc3ccccc3C(=O)N2Cc2ccc(F)cc2)cc1,-3.6809818744659424
guided,CC(=O)Nc1c(C(F)(F)F)cc(N2CCCC2)n(-c2ccccc2F)c1=O,-3.7000834941864014
guided,NC(=O)Nc1c(F)cc(C(F)(F)F)cc1Cl,-3.496119737625122
guided,NC(=O)C1CCN(C(=O)NC2=CC=[S+]/C2=C(\[O-])O)CC1,-0.4748675525188446
guided,C=C1C=CC=C[CH-]1.Cn1nc(C(=O)N[N+]#CCC(C)(C)C)c2c1[C@@]1(C)CC[C@@H]2C1(C)C,-6.408614158630371
guided,Oc1ccccc1C1CCNCC1,-6.254854202270508
guided,O=C(NC[C@@H](O)CO)c1cc(CO)[nH]c(=O)c1,-0.4755268692970276
guided,O=C(O)[C@@H]1[C@@H](c2ccccc2)[C@H](C(=O)O[C@H]2CCCC[C@@H]2C(=O)c2ccc3ccccc3c2)[C@H]1c1ccccc1,-5.29196310043335
guided,CN(C)S(=O)(=O)c1ccc(-n2cccc2C(=O)Nc2nc3ccccc3n2-c2ccccc2)cc1,-1.7815698385238647
guided,C=C1[C-]=C2C34C5(C(=O)N6CCC[S@@+]7[C-]6[N@+]73[C@]254)N1[O-].[H+],-4.047800540924072
guided,COc1ccc2c(c1OC)C(=O)OC2,-4.202226161956787
guided,[CH2-]N[C@H]1CCOC(C)(C)O[C@@H]1OC[C@@H](O/C=[O+]/[C@H](C)[C@@H](O)[C@@H](O)[CH-]NC(C)=O)[C@H](O)CO.[H+],-0.4949779808521271
guided,Fc1ccc(CN2CCC(n3cncn3)CC2)cc1,-6.015725612640381
guided,O=[N+]([O-])c1ccccc1NCc1ccccc1F,-3.544768810272217
guided,CO[c-]1[cH+][cH-][c+](CN([C+]2[C][CH-][CH+][CH-][CH+]2)[C-]([O-])[c+]2[cH+][cH-][n-][nH]2)[c-](OC)[cH+]1,-1.0998399257659912
guided,CCCN(C(=O)Cn1c(C(=O)OC)cc2oc(C)cc21)c1ccccc1,-2.772225856781006
guided,O=[N+]([O-])c1nn(-c2ccc3c(c2)OCCO3)n(O)/c1=N/C1CCCCC1,-0.43990036845207214
guided,NOCc1ccc(O)cc1,-2.9973983764648438
guided,COc1ccccc1N1CC(C)(C)S/C1=N\C(=O)CSCC(=O)O,-1.2138712406158447
guided,Fc1ccccc1OCCN1CCNCC1,-7.452142238616943
guided,Cc1ccc(NC(=O)/C=C/c2ccco2)c([N+](=O)[O-])c1,-1.1156773567199707
guided,Cc1ccc(/C=N/OC(=O)Nc2ccccc2F)cc1,-4.264516830444336
guided,CN(CC(=O)Nc1ccc(F)cc1[N+](=O)[O-])Cc1ccc(Br)cc1,-1.847954273223877
guided,Cn1c(NC(=O)C2CCCC2)cc(=O)n(C)c1=O,-1.2691662311553955
guided,O=C(COc1cccc2c1CCN(Cc1ccccc1)C2=O)Nc1ccccc1,-3.419212818145752
guided,O=[N+]([O-])c1nn(-c2ccc3c(c2)OCCO3)n(O)/c1=N/C1CCCCC1,-0.43990036845207214
guided,[O-][C+](CC[N-]C[c-]1[c+](O)[cH-][cH+][c-]2[c+]([O-])[c+]3[cH-][cH+][cH-][cH+][c-]3o[c+]12)N1CCCCC1,-0.8858785629272461
guided,Cn1c(NCc2cccs2)nc2c1c(=O)n(Cc1ccc(Br)cc1)c(=O)n2C,-1.5854436159133911
guided,COc1ccc(C(=O)NNC(=O)c2ccc(OC)cc2)cc1,-1.040046215057373
guided,CC(=O)c1ccc(C(=O)O)c(O)c1,-1.2874287366867065
guided,CC(=O)N[C@]1(C(F)(F)F)NC(=O)N(C2CCCCC2)C1=O,-1.0796133279800415
guided,Cc1ccc(-c2c(C(=O)N/N=C/c3ccsc3)nnn2-c2nonc2N)cc1,-0.4158945083618164
guided,Cc1cccc(NC(=S)NC[C@H](c2ccccc2)N(C)C)c1,-7.73412561416626
guided,COCCNC(=S)Nc1ccc2occ(C)c2c1,-4.2707366943359375
guided,COC(=O)Nc1nnc(Cc2c[nH]c3ccccc23)s1,-1.209370732307434
guided,[NH-]CNCCOCCOC12CC3CC(CC(C3)C1)C2,-3.4572055339813232
guided,[H+].[H]/[C-]=C(\N)C=C=[N+](/[C-]=C/C=C/O)C(=O)C/[S+]=c1\[n-]nc(C/[S+]=c2\[n-]nnn2-c2ccccc2)n1C,-0.2984806299209595
guided,O=C(O)c1cc2c3c(c1)CCC(=O)N3CCC2,-2.723374843597412
guided,CCOc1ccc(N2C[C@@H](C(=O)N[C@H](C)CC)CC2=O)cc1,-2.697658061981201
guided,COC(=O)c1cc(O)c(OCc2ccccc2)c(O)c1,-1.288962960243225
guided,Cc1c(S[C@@H](C)C(=O)O)nc2ccccc2c1C,-4.138895034790039
guided,O=c1[nH]c(Sc2ccccc2)c(/C=N/c2ccccc2F)s1,-5.578225135803223
guided,COc1ccc(CCNCc2cc(O)co2)cc1,-3.117034435272217
guided,CN(C(=O)Nc1ccc2oc(-c3ccnn3-c3ccc(OCc4ccc(F)cc4)cc3)nc2c1)C1CCCCC1,-5.283351421356201
guided,O=C(CN1CCCCCC1)N/N=C/c1oc(O)c2ccccc12,-1.152791976928711
guided,[O][C](N[N][CH][C]1[CH][CH][C](N([O-])[O-])O1)[C+]1[CH][CH][C]2OCO[C]2[CH]1,-0.5622149109840393
guided,CCCCOC(=O)c1cc(S(=O)(=O)N2CCCCC2)c[nH]1,-1.1270651817321777
guided,Fc1ccc(C[C@@H](C2CCNCC2)n2cccc2)cc1,-9.6834077835083
guided,COc1ccc(C(=O)C[C@H](C(=O)O)c2cccc3ccccc23)cc1C,-3.5184032917022705
guided,S=C(NCc1ccccn1)Nc1ccccc1,-5.596767902374268
guided,COC(CN[C@H]1CCCC[C@@H]1c1ccc(Cl)cc1)OC,-7.235844135284424
guided,O=C(Cc1ccccc1)NNS(=O)(=O)c1ccccc1,-1.084308385848999
guided,COc1ccc(N2CCC(N(CCOCCO)Cc3ccccc3)CC2)cc1,-4.579031944274902
guided,[CH][CH+][CH+][CH+][C]N[C+]([O-])[CH+][C]CS[C-]1[N-][C+]2N[N-][CH+][C+]2[C-]([O-])N1[C+]1[C][CH+][CH-][CH+][C-]1C,-0.5198603868484497
guided,Cn1c2c(c(=O)n(C)c1=O)CN(CCc1ccccc1)CN2,-2.3663406372070312
guided,O=C(c1cccc(N2C(=O)CCC2=O)c1)N1CC[C-](n2nnc3ccccc32)CC1.[H+],-0.732495903968811
guided,O=C(Nc1ccc(SC(F)F)cc1)C1CCN(c2nnc(-n3cccc3)s2)CC1,-3.4699130058288574
guided,S=C(Nc1cccc(Br)c1)N1CCN(Cc2ccc3c(c2)OCO3)CC1,-6.154299259185791
guided,CCN1C(=O)C(C=[N+]2CCN(C([O-])=c3ccc(=C(C)[O-])cc3)CC2)=[S+]C1=S,-1.2984609603881836
guided,O=C1c2ccccc2CC2=C(CCCC2)N1Cn1cccc1,-8.379510879516602
guided,Nc1nc(SCC(=O)NCc2ccc(F)cc2)n[nH]1,-0.3640855848789215
guided,O=C(CCS(=O)(=O)N1CCCC1)N(Cc1cccs1)C1CC1,-2.7654030323028564
guided,CCCCN(C(=O)CN1CCOc2ccccc21)c1c(N)n(CC(C)C)c(=O)[nH]c1=O,-0.3721736669540405
guided,CCCN1CC[CH-]n2c([o+]c3ccccc32)N2CCC[C@H](C2)C(=O)NCC1,-3.636713981628418
guided,N[C]1[C](N([O-])[O-])[CH][C]([C+]([O])N2CCOCC2)[CH][C]1[N+]([O])[O-],-0.43247100710868835
guided,[O][C]([CH+][C]1CCN([C]2[N][C]3[CH][CH][CH][CH][C]3[CH][C]2[C]2[CH][CH][CH][CH][CH]2)CC1)NN[C]([O])[C]1[CH][CH][CH][CH][C]1N([O-])[O-],-0.8406981229782104
guided,NS(=O)(=O)c1cccc(S(=O)(=O)Nc2ccccc2F)c1,-0.3220917582511902
guided,COCCN(Cc1ccoc1)[C@@H]1CC(=O)N(c2ccc(Br)cc2)C1=O,-2.3838963508605957
guided,O=C(Cc1c[nH]c2ccccc12)Nc1nccs1,-2.910841941833496
guided,CCSc1nnc(NC(=O)CSc2nnc(CNC(=O)c3cc4cc5ccccc5nc4s3)o2)s1,-1.722355604171753
guided,CCOC(=O)NC(NC(=O)c1ccc(C)cc1)(C(F)(F)F)C(F)(F)F,-2.3764450550079346
guided,O=C(C1CC1)N1CCN(c2ncnc3sc4c(c23)CCC4)CC1,-3.742424249649048
guided,O=C(O)c1n[nH]c2c1CCCC2,-2.028275966644287
guided,CC1CCN(C(=O)Nc2ccccc2)CC1,-6.5100202560424805
guided,CCc1n[nH]c(C)c1S(=O)(=O)NCC(C(C)C)C(C)C,-1.5204912424087524
guided,COCCNC(=O)Cn1nc(-c2cccc(C)c2)ccc1=O,-1.1706368923187256
guided,S=C(Nc1ccnn1Cc1ccccc1)NC1CCN(Cc2ccccc2)CC1,-5.0779500007629395
guided,C[C@H](Sc1nccn1Cc1c(F)cccc1Cl)C(=O)O,-3.5250425338745117
guided,CN(C)C(=O)c1ccc2c(c1)CCO2,-6.60291862487793
guided,CC[C@H]1C/C(=N/NC(=O)c2ccncc2)CC(C)(C)C1,-3.681274652481079
guided,O=C(NC1CCCC1)c1cc2c(ccc3ccccc32)o1,-5.762636184692383
guided,Brc1cccc(CNCCCN2CCOCC2)c1,-7.672566890716553
guided,CCN1CCc2c(C#N)c(N3CCCCC3)nc(NCc3ccccc3)c2C1,-3.8698506355285645
guided,COc1cc([N+](=O)[O-])c(C)cc1NC(=O)[C@H](C)N1CCOCC1,-0.35379618406295776
guided,[O-][C]N[C]([S])O[C]1[CH][CH][C](Cl)[CH][CH]1.[OH+]P[N+]1CCOCC1,-0.9089608192443848
guided,COC(=O)/C=C/C(=O)Nc1ccc(S(=O)(=O)Nc2cc(C)no2)cc1,-0.2951321303844452
guided,COCCNC(=O)[C@@H]1CCCN(Cc2ccccc2)C1,-4.607269763946533
guided,NNC(=O)c1cn2[c-]c(/[O+]=C\CO)ccc2n1,-0.388337105512619
guided,O=Cc1c(NCCc2ccc(F)cc2)c2ccccc2n(CCP(=O)(O)O)c1=O,-0.6338133215904236
guided,N/C(CC(=O)Nc1cccc(O)c1)=N\O,-0.3744995892047882
guided,O=[N+]([O-])NNc1cccc(Cl)n1,-0.9830060005187988
guided,COc1cc(CN2CCN(c3ccccn3)CC2)cc(OC)c1,-5.277923583984375
guided,COc1cc(C(=S)N2CCCC2)cc(OC)c1OS(=O)(=O)c1ccc(NC(C)=O)cc1,-0.8996685147285461
guided,O=C(c1cncc(Br)c1)c1cc(C(F)(F)F)ccc1OCc1cccn1C(F)F,-7.164859294891357
guided,O=S(=O)(c1cccs1)N1CCN(c2ncc(C(F)(F)F)cc2Cl)CC1,-3.693021059036255
guided,CC(C)C[C@@H](/C=C(/C(=O)O)c1nc2ccccc2c(=O)[nH]1)CC(=O)O,-0.5955919027328491
guided,CCC(=O)C1=C(N2CCC(Oc3ccc(C(=O)O)cc3)CC2)CC(C)(C)CC1=O,-1.6922893524169922
guided,CC(C)(CC(=O)O)CC(=O)NCCCc1ccccc1,-2.0828025341033936
guided,CCN(CC)C(=O)Nc1ccc(C[C@@H](C)NC[C@H](O)c2ccc(O)cc2)cc1,-1.3671921491622925
guided,Fc1ccc(-n2cnnn2)cc1,-4.467728137969971
guided,C#CC[C@H](OC(=O)c1cccs1)[C@@H](C)Nc1nccs1,-3.9220826625823975
guided,CCOc1ccc(Br)cc1C(=O)Nc1cc(C(F)(F)F)ccc1-n1cncn1,-3.194700002670288
guided,COc1ccccc1NCC(=O)Nc1c(C)ccc(C)c1C,-4.192873477935791
guided,Cc1cccc(Nc2c3c(c(C#N)c4nc5ccccc5n24)CCC3)c1,-4.905725479125977
guided,CCOC(=O)c1nnc(SCC(=O)Nc2nccs2)[nH]c1=O,-0.332385390996933
guided,O=C(COc1cccc(C(F)(F)F)c1)NCCN1CCOCC1,-3.359508752822876
guided,CO[C-]1[CH+][C-]([C][N-2])[CH+][C][C+]1OCCN(C)C,-4.320727348327637
guided,CCOc1ccc2nc(C(=O)NC3CCCCC3)sc2c1,-4.21562385559082
guided,O=C(COc1ccc(C2SCCS2)cc1)NC1CC1,-5.5101752281188965
guided,COc1ccc(/C=N\NC(=O)/C=C/c2ccccc2)c(OC)c1,-2.674633264541626
guided,C[C+]([CH+][C]OC[c+]1[n-][c-]2[c+]([c+]([O-])[nH]1)[N-][N-]N2C[c-]1[cH+][cH-][cH+][c-](C)[c+]1C)[CH+]n1[cH+][cH-][c+](C)[n-]1,-1.3018181324005127
guided,COc1ccc(NC(C)=O)cc1S(=O)(=O)N(Cc1ccccc1)Cc1ccco1,-1.2263400554656982
guided,NC(=O)c1ccsc1NC(=O)[C@@H]1CCC(=O)Nc2ccccc21,-0.4826919734477997
guided,O=C(c1cc2ccccc2c(=O)o1)N1CCCCC1,-3.620936393737793
guided,CCOc1ccc2cc(Br)ccc2c1C(=O)O,-4.8330769538879395
guided,O=C(Nc1ccc2nn(-c3ccc4c(c3)OCCO4)nc2c1)c1ccco1,-0.8370732069015503
guided,N#CN/C(=N\c1ccccc1)SCc1ccc(C(=O)O)cc1,-1.30363929271698
guided,O=C(O)/C=C/C(=O)c1ccccc1-c1ccsc1,-3.519824981689453
guided,CCC(=O)N[C@@]1(C(F)(F)F)C(=O)Nc2c1c(=O)[nH]c(=O)n2Cc1ccco1,-0.3415229022502899
guided,[CH2+]C1[CH-][C-](OC)[CH+][C][C+]1[C+]1N[N-][N-]N1C[CH+]CCNC[c+]1[cH-][cH+][cH-]o1,-1.310792088508606
guided,O=C(CCN1CC[C@@H](c2ccccc2)C1)c1ccc2ccccc2c1,-10.103360176086426
guided,CCOC(=O)c1nn(CC)c(-c2ccccc2)c1C(=O)c1ccccc1,-3.253049373626709
guided,CC(C)CC(=O)Nc1ccccc1C(=O)OC(C)C,-3.4126288890838623
guided,C/N=c1\sc(C(=O)Nc2cccc(Cl)c2)cc(=O)n1C,-2.0552525520324707
guided,O=C(Nc1ccnc(-c2ccncc2)n1)c1ccc2ccccc2c1,-2.6121644973754883
guided,COc1ccccc1N1CCN(c2ccccc2OC)CC1,-7.809521198272705
guided,O=C(CN1CCCc2ccccc21)c1ccc(Br)cc1,-9.422128677368164
guided,O=S(=O)(Nc1ccccc1-c1ccccc1)c1cccc2ccccc12,-6.2237091064453125
guided,CC(=O)Nc1cc(C)cc(NC(=O)C/[S+]=C2/C=CC=CC2=[N+]([O-])[O-])c1,-0.4100075960159302
guided,CCC(=O)NCc1nc2ccccc2n1Cc1ccc(F)cc1,-4.418686389923096
guided,[CH2-]CCCCC1CC(CN[C+]([O-])N[c+]2[c-](C)[cH+][cH-][cH+][c-]2C)CN1C,-3.8601205348968506
guided,CCCn1c(CCC(=O)NC2CC2)nc2cc(S(N)(=O)=O)ccc21,-0.32121405005455017
guided,COc1ccccc1NC(=O)Cc1cccc(Br)c1,-5.864892482757568
guided,C[C@@H]1CCCN(C(=S)Nc2ccc(F)cc2)C1,-10.039947509765625
guided,NNC(=O)/C(=C/c1cccnc1)NC(=O)c1ccco1,-0.32309064269065857
guided,NNC(=O)c1cc(C(=O)c2cccs2)c[nH]1,-0.5766915678977966
guided,O=C(O)c1ccccc1C(=O)Nc1cccc(F)c1,-2.1316769123077393
guided,Cc1nc2ccccc2c(=O)n1Cc1ccco1,-3.856964349746704
guided,COc1cc(-c2cc(C(=O)O)c3c(OC(=O)c4cccnc4)cccc3n2)ccc1O,-1.2703884840011597
guided,O=C(O)[C@@H]1c2ccccc2CCN1C(=O)/C=C/c1ccccc1,-3.0024261474609375
guided,[N-2][N-][C+]1[C+](N)[N-][C-]([c+]2[cH-][cH+][c-](O)[c+](OC[c+]3[cH-][cH+][cH-][cH+][cH-]3)[cH-]2)[C+]2CCCC[C+]12,-2.3770716190338135
guided,CCCN(CC(C)C)c1nc(N2CCN(C)CC2)nc(N)c1[N+](=O)[O-],-0.3765612244606018
guided,O=C(COc1ccccc1F)Nc1nc(-c2ccccc2)c(-c2ccccc2)o1,-4.013778209686279
guided,CCCc1nc(SCC(=O)Nc2c(C)n(C)n(-c3ccccc3)c2=O)[nH]c(=O)c1C,-0.5428594946861267
guided,CN(CC(=O)Nc1nc2ccccc2s1)S(=O)(=O)c1ccc(Br)cc1,-1.442044973373413
guided,O=c1oc2ccc(Cl)cc2cc1/C=N/O,-2.316683292388916
guided,Cc1cc(-c2ncc3ccccn23)nn1C,-5.721107482910156
guided,[CH2-]CC(C)(C)/C([C]/C=C\COC(=O)CN1C(=O)NC(C)(C)C1=O)=C1\C2=C([O-])N3N=C(/C=C\C)N=[C+]3[S@@+]21,-0.5934503674507141
guided,Cc1cc(N2C(=O)C[C@H](N3CCN(CC(=O)NC(C)C)CC3)C2=O)no1,-0.37251660227775574
guided,CC(N[C]1[CH][C](N2CCCC2)[CH][CH][C]1N([O-])[O-])[C+]1[CH][CH][CH][CH][CH]1,-2.234293222427368
guided,CCOc1ccc(CCNC(=O)C2CCN(c3nccc(C)n3)CC2)cc1,-1.9723081588745117
guided,COc1ccccc1-n1cnc2ccccc21,-7.438358306884766
guided,COc1ccccc1CCC(=O)O[C@@H](C)C(=O)c1ccccc1,-3.8250362873077393
guided,O=C(CCN1CCN(c2ccc(Cl)cc2)CC1)NNC(=S)NCc1ccco1,-1.3316524028778076
guided,Nc1cc(=O)[nH]c(SCc2cc(=O)oc3ccc4ccccc4c23)n1,-0.703309953212738
guided,COc1cc(-c2[nH]ncc2/C=C/C(=O)Nc2cccnc2)cc(OC)c1OC,-0.7854295969009399
guided,O[C@@H](CNC1CCCC1)Cn1ccc2ccccc21,-5.51645565032959
guided,CO[c-]1[cH+][cH-][cH+][c-](C2N[N-][C+]([c-]3[cH+][cH-][cH+][cH-][c+]3[C-]([O-])[O-])S2)[c+]1OC[c-]1[cH+][cH-][c+](F)[cH-][c+]1F,-1.0282328128814697
guided,CCN(CCN[C@H]1CCCN(C(=O)Cn2cccn2)C1)c1cc(C)cc(C)c1,-3.3525550365448
guided,COc1cc(OC)cc(OCCCCCN(C)Cc2ccccc2)c1,-7.60687255859375
guided,C=CC/[S+]=c1\nc(-c2ccc(O)c(OC)c2)c(C#N)c([O-])[nH]1,-0.3363826870918274
guided,CN(Cc1cccc2ccccc12)S(=O)(=O)c1ccc(CNC(=O)C2CCCCC2)s1,-3.5803911685943604
guided,COc1ccc(C(=O)NNC(=S)NC2CCCCC2)cc1,-2.2690060138702393
guided,Brc1ccc(N[C@@H]2CCc3ccccc3C2)cc1,-11.471307754516602
guided,Cc1nn(C)c(C)c1S(=O)(=O)N1CCN(C)CC[N-]1.[H+],-1.3254923820495605
guided,[CH2-]N(CCOC)[C-]1[N-][C+]2[N-][O+]3C4N3C24[N-][C+]1N[c+]1[cH-][cH+][cH-][c+]2[cH-][cH+][cH-][cH+][c-]12.[H+],-1.9449039697647095
guided,OCC[C@H]1CN(Cc2ccccc2-c2ccco2)CCN1Cc1ccccc1,-5.90547513961792
guided,S=c1[nH]nc(CSCCOc2ccc(Cl)cc2)o1,-4.275288105010986
guided,N[c-]1[n-][n-][c+]2[n-][c+](N3CCOCC3)[n-][c+](-[c+]3[cH-][cH+][cH-][cH+][cH-]3)[c+]21,-0.2862570285797119
guided,COc1ccc(NC(=O)Nc2c(C)nn(-c3ccccn3)c2C)cc1OC,-1.1463241577148438
guided,COC(=O)N[C@H]1CCS(=O)(=O)C1,-1.4533989429473877
guided,Cn1nc(-c2ccc(N3CCOCC3)c(NS(=O)(=O)c3ccccc3)c2)c2ccccc2c1=O,-0.8874126672744751
guided,N[S+2]([O-])([O-])[c-]1[cH+][cH-][c+](CCN[C-]([O-])[C+]2[CH+][c-]3[cH+][cH-][c+](F)[cH-][c+]3[SH+]2)[cH-][cH+]1,-0.3363680839538574
guided,O[C@@H]1CCCC[C@H]1N1CCC(c2cc(-c3ccccc3)n[nH]2)CC1,-3.990016222000122
guided,O=C(c1ccc(OCc2nn[nH]n2)cc1)C1CCCCC1,-1.113700270652771
guided,CC(C)(C)c1ccnc(/C=C(\NC(=O)c2cccc(N3CCCC3=O)c2)C(=O)Nc2cccc([N+](=O)[O-])c2)c1,-2.0738108158111572
guided,C/C(=C\C(=O)OCC(=O)Nc1ccc2ccccc2c1)c1cc2ccccc2o1,-3.6100499629974365
guided,O=C(O)c1ccccc1NCc1ccc2[nH]c(C(F)(F)F)cc2c1,-3.3804988861083984
guided,C/C(=N\NC(=O)c1cc(C(C)C)sc1N)c1ccco1,-1.4048278331756592
guided,O=C1C(=O)N(CCO)[C@@H](c2ccccc2)/C1=C(\O)c1ccccc1,-1.0784378051757812
guided,O=C(O)c1ccc(COc2c(C(=O)O)ccc3ccccc23)cc1,-1.6119424104690552
guided,Cc1onc(-c2ccccc2Cl)c1C(=O)OCC(=O)Nc1nccs1,-1.0812139511108398
guided,COc1cc2ccccc2cc1C(=O)Nc1ccc(Cl)cn1,-4.447005271911621
guided,COc1ccc(C(=O)NNC(=O)CCc2ccccc2)cc1Cl,-1.9764225482940674
guided,O=C1CCC[C@@H](Cc2ccc(Cl)cc2)N1[C@@H]1CCCCCCc2c1[nH]c1ccccc21,-9.900352478027344
guided,C[C@@H]1CC(=O)NN=C1[C@H]1CCCCC1=O,-2.62595272064209
guided,C[C@@H]1CN(CN2C(=O)NC3(CCCCC3)C2=O)C[C@H](C)O1,-2.278818368911743
guided,CCOC(=O)CNC(=O)[C@@H]1CCC(=O)N(CCOC)C1,-0.7423156499862671
guided,O=Cc1ccc(Nc2nc(-c3cccnc3)cs2)cc1Cl,-4.248068809509277
guided,[CH2-]CS[c+]1[cH-][cH+][cH-][cH+][c-]1NC[c-]1[cH+][cH-][cH+][c-](O)[cH+]1,-7.102151870727539
guided,COC(CNS(=O)(=O)c1cccc2nsnc12)OC,-0.43035784363746643
guided,C[C-]([O-])[C+]1[CH+][CH-][C+](OC[C-]2[CH+][C-]([C+]([O-])[N-]C(C[c+]3[cH-][cH+][cH-][cH+][cH-]3)[C+]3[CH+]S[CH+][CH-]3)[N-]O2)[CH-][CH+]1,-1.0330480337142944
guided,CCN1CCN(c2cc(C)nc(-c3ccccc3O)n2)CC1,-3.2909624576568604
guided,CN(C)CCCN[C@@H](Cc1ccc(Cl)cc1)C(=O)N1CCOCC1,-4.183335304260254
guided,Cc1cccc(C)c1OCc1nnnn1-c1ccccc1,-3.523023843765259
guided,O=c1c2cc(Br)ccc2ncn1CCCN(CCC1CCCCC1)c1cnc2ccccc2n1,-4.946968078613281
guided,CN(NS(=O)(=O)c1cccc(C(F)(F)F)c1)c1ncc(C(F)(F)F)cc1Cl,-3.3177437782287598
guided,O=C(CN1c2ccccc2C=C[C@@H]1[C@@H]1SC(=O)N(c2ccc(F)cc2)C1=O)c1ccccc1,-4.679698467254639
guided,O=S1(=O)N=C2CCCCN2[C@@H]2CC=CC[C@H]21,-3.681553363800049
guided,CCOc1ccccc1-n1nc2ccccc2n1,-5.207549095153809
guided,CCNC(=S)NC1=NCCCCC1,-5.593524932861328
guided,NC(=O)c1ccsc1NC(=O)CCSCc1cc(=O)n2ccsc2n1,-0.45553117990493774
guided,NNc1ccccc1C(=O)Nc1cccc2ccccc12,-2.3463730812072754
guided,S=C(NCc1cc(Cl)cc(Cl)c1)NCc1ccco1,-6.249754428863525
guided,CCOc1ccccc1N(CC1CC1)S(=O)(=O)c1ccc(Cl)c([N+](=O)[O-])c1,-1.7407199144363403
guided,O=C(/C=C/c1ccccc1O)c1cccs1,-5.916475772857666
guided,COc1ccccc1C(=O)NNC(=S)Nc1cccc(S(=O)(=O)N2CCCC2)c1,-0.43031588196754456
guided,CN1CCCN(C(=O)CCl)CC1,-7.773960113525391
guided,[CH2+]N(CCCC)[c-]1[c+](N([O-])[O-])[c-]([O-])o[c+]2[cH+][cH-][cH+][cH-][c+]21,-0.9110617637634277
guided,Cc1oc2ccccc2c1C(=O)OCn1nnc2ccccc2c1=O,-0.8071867823600769
guided,CN1CCN(C(=O)[C@H](Cc2ccccc2)NC(=O)Nc2cccs2)CC1,-1.9960167407989502
guided,CCOc1cc([C@H]2CC(C)(C)NC(=O)N2)ccc1OC(C)C,-3.097599744796753
guided,CCc1ccc([C@]2(CC(=O)Nc3cccc(C(C)=O)c3)CCC[C@@](C)(C(=O)O)C2)cc1,-3.0256404876708984
guided,Cc1cccc(-n2c(C)nn(CCOc3ccccc3)c2=O)c1,-3.9006171226501465
guided,NC(=O)/C(=C/c1cccs1)c1nnc2sc3ccccc3n12,-1.6515480279922485
guided,O=C(NCC(=O)N1CCN(c2ccccn2)CC1)C1CCCCC1,-1.8335521221160889
guided,Cc1cc(NC(=O)[C@H](C)n2nccc2C)ccc1NC(=O)C1CC1,-1.5432426929473877
guided,Cc1ccc(SCC(=O)c2ccc(Cl)cc2NC(=O)CN(C)C)cc1,-4.631852149963379
guided,Cn1c(CSCCO)nnc1SCC(=O)Nc1ccc2c(c1)OCO2,-0.3178199827671051
guided,COc1ccc2c(c1)OC[C@@H](CC(=O)NCC1CCCCC1)O2,-3.106847047805786
guided,CCOc1cc2nc(N3CCOCC3)nc(Nc3ccc(O)cc3)c2cc1OC,-1.0525697469711304
guided,COc1ccc(N2CCN(C(=O)CC(c3ccccc3)c3ccccc3)CC2)cc1,-7.463565826416016
guided,C[C@]1(C(=O)NCc2ccccc2Cl)Oc2ccccc2NC1=O,-1.960687518119812
guided,Fc1cccc(CNc2ncn[nH]2)c1,-3.1624960899353027
guided,C[C@H]1CCC2=C(C1)[S+]=C(NC(=O)[C@H]1COc3ccccc3O1)/C2=C(/N)[O-],-0.31918931007385254
guided,[CH2-]CCN1CCCC1CCO[C+]([O-])[CH+][CH-][c+]1[cH-][cH+][cH-][c+](F)[cH-]1,-5.842783451080322
guided,CC(C)O[C-]([O-])[N+]12[c+]3[cH-][cH+][cH-][cH+][c-]3-[c+]3[n-][c+]4[cH-][cH+][cH-][cH+][c-]4[n-][c+]3C1C2C,-2.7199208736419678
guided,CCC[C@H](O)[C@H](CN1CCCCC1)c1ccc(OC)cc1,-6.736441612243652
guided,CCCc1ccc2c(c1)N(CCc1ccccc1)CS2,-13.739824295043945
guided,COc1ccc(CNc2nc3nc(-c4ccccc4)cc(=O)n3[nH]2)cc1OC,-0.6328367590904236
guided,CCn1cc([C@H](c2nnnn2C2CCCC2)N2CCCCC2)c2ccccc21,-4.586334228515625
guided,Nn1c(SCC(=O)Nc2c(F)cccc2F)nnc1C1CCCCC1,-1.0753953456878662
guided,O=C(NCc1cc(=O)[nH]c2ccccc12)c1ccccc1Cl,-2.6702048778533936
guided,O=[N+]([O-])c1ccc(N2CCN(C(=S)N3CCCC3)CC2)cc1,-3.2951676845550537
guided,CCCOc1ccc(-c2cc(N)n[nH]2)cc1,-2.247056722640991
guided,CN1CCN(CCCNC(=O)CN(C)S(=O)(=O)c2ccc3oc4ccccc4c3c2)CC1,-0.5877407789230347
guided,N#Cc1c(N)nn(-c2cccc(-c3nn4cnnc4s3)c2)c1-c1ccccc1,-0.8925623297691345
guided,O=[N+]([O-])c1ncn(-c2ccc(Cl)cc2)n1,-1.3752912282943726
guided,O=S(=O)(N/N=C/c1ccccc1F)c1cccc2ccccc12,-3.096745729446411
guided,C[C@H](OC(=O)Cn1[nH]c(=O)c2ccccc2c1=O)C(=O)Nc1ccccc1F,-0.2808810770511627
guided,O=C(c1ccccc1)N1CCN(C(=O)N2CCOCC2)CC1,-3.0972588062286377
guided,NS(=O)(=O)c1ccc(NC(=S)NC(=O)/C=C\C(=O)O)cc1,-0.40326690673828125
guided,[CH-]=[N+]1CCN(Cc2ccccc2)CC1.[CH2-]N(C)C1=[C+](/[C-]=C/C(=C/c2ccccc2)C(=O)N(CC)C[N-]C)C=CC=C1.[CH]CCO.[H+].[H+],-4.760257720947266
guided,COCCCNC(=S)Nc1ccc(OCCCc2ccccc2)cc1,-5.547713756561279
guided,N[S+2]([O-])([O-])[c-]1[cH+][cH-][cH+][c-](NC[C-]2[N-]n3[c+]([n-][c+](C4CCCCC4)[cH+][c-]3[O-])S2)[cH+]1.[H+],-0.6746410727500916
guided,COc1cc(C(=O)Nc2ccccc2C(F)(F)F)cc(OC)c1OC(=O)c1ccc(C)cc1,-3.626250743865967
guided,COCCNC(=O)CN(C(=O)Cn1nnc2ccccc21)c1ccc(C(=O)N2C[C@H](C)C[C@H](C)C2)cc1,-0.5008484721183777
guided,N#CC[C@H](c1ccccc1)n1nccc1COc1ccccc1Cl,-4.946642875671387
guided,N/C(=N\NC(=O)c1ccc(Cl)c(Cl)c1)c1cc(C2CCCCC2)on1,-1.5862799882888794
guided,Cc1ccc(C(=O)NCCCNC(=O)c2ccccc2F)cn1,-1.4980460405349731
guided,C[C]1[CH][CH][CH][C]([C+]([O])OCN2[C]([O])CC[C]2[O])[C]1N([O-])[O-],-0.5374364852905273
guided,S=C(NC1CCCCC1)N(Cc1ccccc1)Cc1ccc(Cl)cc1,-11.88305950164795
guided,O=Cc1c[nH]c2ccc(S(=O)(=O)N3CCCCCC3)cc12,-1.7786023616790771
guided,O=C(CNC(=O)c1c(F)cccc1F)NCc1ccc(OC(F)(F)F)cc1,-2.0960981845855713
guided,COc1ccc(S(=O)(=O)NC2CCCCC2)cc1-n1cnnn1,-0.3405088186264038
guided,C[C@@H]1CCCCN(C(=O)C/[S+]=c2\nc3c(sc(=S)n3Cc3ccccc3)c([O-])[nH]2)C1,-1.7517989873886108
guided,COc1ccc(OC)c(N2CCN(S(=O)(=O)c3ccc(-c4cnc(C5CC5)o4)cc3)CC2)c1,-1.4359713792800903
guided,CCO[c-]1[cH+][cH-][c+]2[c-]([cH+]1)[N-][C][C+]([C-]1[CH+][N-]N[C-]([O-])[CH+]1)[CH+]2,-1.4387471675872803
guided,CC(=O)c1ccc(OCCCCn2ccnc2)cc1,-4.674772262573242
guided,CCN(Cc1cccs1)c1ncnc2c1ccc1ccccc12,-8.405401229858398
guided,Cc1ccc(S(=O)(=O)Nc2cccc(C)n2)c(C)c1,-2.816995859146118
guided,CN(Cc1ccccc1)c1nc2nonc2nc1Nc1ccccc1,-1.4791297912597656
guided,NC(=O)N[C@@H](CCC(=O)NCCc1ccccc1)C(=O)Nc1ccc(F)cc1,-0.3894980251789093
guided,CC(C)C(=O)Nc1ccc(C#N)cc1Br,-3.6051859855651855
guided,COc1ccc2cc(C(C)=O)ccc2c1,-7.619271755218506
guided,CCOc1cc(/C=C2/S/C(=N\c3ccccc3)N(Cc3cccnc3)C2=O)ccc1OCCO,-2.2110016345977783
guided,Cc1cc(C)c2[nH]c(=O)c(CN(c3ccccc3)S(=O)(=O)c3cccc4cccnc34)cc2c1,-2.714931011199951
guided,O=c1c2ccccc2nnn1-c1ccc(Br)cc1,-4.009328842163086
guided,CCNc1ncccc1C(=O)NCCSc1cccs1,-3.4870402812957764
guided,CCCC(=O)NNC(=O)c1cc(-c2ccc(O)cc2)on1,-0.37310370802879333
guided,Cc1ccc(NC(=O)CN2CCCC2)cc1F,-6.23175573348999
guided,Nc1c(/C=C2/C=CC(=O)C(O)=C2)c(=O)nc2sc(CC(=O)N3CCCC3)nn12,-0.38271889090538025
guided,Cc1nc(COc2cccc(OC(F)F)c2)cc(Nc2ccccc2)n1,-4.357629299163818
guided,CCOC(=O)[C@@H]1CCCN(C(=O)CCC#N)C1,-1.5916205644607544
guided,COC(=O)C/C(C)=N/Nc1ccc(S(=O)(=O)N2CCOCC2)cc1[N+](=O)[O-],-0.3971046507358551
guided,COc1ccc(CN2CCCC[C@@H]2C)cc1OC/C=C/c1ccccc1,-10.062594413757324
guided,O=C(C[C@@H]1S/C(=N\c2ccccc2)N(CCc2c[nH]c3ccccc23)C1=O)Nc1ccccc1F,-3.4208576679229736
guided,COc1cc(OC)c(C(=O)/C=C/N2CCCCC2)cc1OC,-4.121410369873047
guided,Cc1ccc2nc(-c3ccc(OC(C)C)nc3)cc(C(=O)O)c2c1,-2.4014358520507812
guided,C=C.O=S(=O)=NS(=O)(=O)c1ccc(Cl)cc1,-0.9544566869735718
guided,NC(=O)C1CCN(c2ccccc2NC(=O)c2ccco2)CC1,-0.5763314962387085
guided,[O][C]([CH+][CH][C]1[CH][CH][CH][C](Br)[CH]1)N[C]1[CH][C](N([O-])[O-])[CH][CH][C]1F,-1.3488422632217407
guided,O[c-]1[n-][c+]2[cH+][cH-][cH+][cH-][c+]2[c-]1[CH+][N-]CCN1CCOCC1,-2.2721025943756104
guided,O=S1(=O)CC[C@H](N2CCOCC2)C1,-3.9877824783325195
guided,[O-][C+](N[c-]1[cH+][cH-][cH+][cH-][c+]1N[C-]([O-])C1[CH+]CCC1)[c+]1[cH-][cH+][c-](F)[cH+][cH-]1,-1.6721304655075073
guided,COc1cc(O)c(CCO)c2c1C(=O)C[C@@H](C)O2,-1.1082861423492432
guided,Clc1oc(-c2cc3c(cc2Br)OCO3)nc1-c1ccccc1,-6.27686882019043
guided,Cc1cccc(N(C)C(=O)CN(C)S(=O)(=O)c2ccc3c(c2)c(=O)n(C)c(=O)n3C)c1,-0.23887786269187927
guided,CC[C@H](C)[C@H](CC(=O)O)CC(=O)Nc1ccccc1,-2.3036324977874756
guided,O=[P@@H](N1CCCCC1)N1CCN(c2ccccn2)CC1,-5.031193733215332
guided,CN(C(=O)CCc1c[nH]c2cc3ccccc3cc12)c1c(N)n(Cc2ccccc2)c(=O)[nH]c1=O,-1.0000168085098267
guided,C/C(Cc1ccccc1)=N\NC(=O)c1cc(-c2ccccc2)nn1C,-3.0807366371154785
guided,C/C(Cc1ccccc1O)=N\NC(=O)C1CCCCC1,-2.6828413009643555
guided,COc1ccc(Br)cc1CCC(=O)c1ccc2ccccc2c1,-9.494257926940918
guided,CC[C-]([O-])[C+]1[CH+][C-]([c-]2[n-][cH+][c+]([C+]([O-])O)n2[O-])N([c+]2[cH-][cH+][c-](N(C)C)[cH+][cH-]2)[C+]1C,-0.299560546875
guided,CC(=O)Nc1ccc([C@@H]2C[C@H]3CN(Cc4ccc5ccccc5c4)C(=O)[C@]34CCCN24)cc1,-4.779810905456543
guided,CCNC(=S)NNC(=O)c1ccccc1F,-3.150770664215088
guided,CCC(=O)c1ccc(O)c(O)c1,-2.79967999458313
guided,O=C(N[C@H]1CCCC[C@H]1Cl)N1CCCC1,-6.454434871673584
guided,OOc1ccccc1/C=N/n1c(C2CCCCC2)n[nH]c1=S,-2.0384769439697266
guided,COc1cc2ccccc2cc1CN(C)C(=O)c1cnccn1,-3.1744813919067383
guided,CO[C-]([O-])N[C+]1[c+]2[cH-][cH+][cH-][cH+][c-]2CC1SC[C+]([O-])N1CCN([c+]2[cH-][cH+][c-](F)[cH+][cH-]2)CC1,-1.1040573120117188
guided,CC(=O)N/N=C/c1cccn1Cc1ccccc1,-4.011940956115723
guided,O=C1CC[C@]2(O)[C@@H]3Cc4ccc(O)c5c4[C@]2(CCN3CC2CC2)[C@@H]1O5,-1.5401822328567505
guided,S=C(NCCc1ccccn1)Nc1ccc(Cl)c(Cl)c1,-6.377818584442139
guided,CN(CC(=O)NCc1ccco1)S(=O)(=O)c1ccc2c(c1)c(=O)n(C)c(=O)n2C,-0.239324688911438
guided,C=C(CCl)C(=O)OCC=O,-4.524354934692383
guided,COCC[C@@H](C(=O)NC1CCCCC1)N1CC[C@@H](NC(=O)c2cc(C)on2)C1=O,-0.40199968218803406
guided,[H]/N=C1C(=C/c2ccco2)/C(=O)N=C2SC(CC(=O)O)=NN2/1,-0.38253557682037354
guided,COCCCNC(=O)c1cc(N2C(=O)[C@H]3CC=CC[C@H]3C2=O)ccc1N1CCOCC1,-0.6213940382003784
guided,COc1ccc(Cc2c(O)nc(SCCN(C)C)[nH]c2=O)cc1OC,-0.5104446411132812
guided,Cc1ccc(S(=O)(=O)N2CCS/C2=N\C(C)C)cc1,-3.808081865310669
guided,Cc1cccc(CNCCc2c[nH]c3ccc(Oc4ccccc4)cc23)n1,-5.409145832061768
guided,Cc1ccc(-c2nc3ccccc3c(=O)n2Cc2ccccn2)cc1,-4.6277174949646
guided,CCOc1cc(/C=N/NC(=O)CN(c2ccc(OC)cc2)S(C)(=O)=O)ccc1OC(=O)C1CC1,-0.4995344579219818
guided,COCCCNC(=O)c1cc2c(=O)oc3ccccc3c2n1C,-1.2548235654830933
guided,Cn1nc(-c2ccc(N3CCCCC3)c(NC(=O)c3ccco3)c2)c2ccccc2c1=O,-2.1263809204101562
guided,[CH2-][CH+]CN(C[CH+][CH2-])[C-]1CCC[C+]([O-])N([c+]2[n-][c+](C)[n-]n2[CH+][CH-]C)CO1,-1.381989598274231
guided,COc1cc(C[C@@H](/N=C(/N)c2cccc(C(F)(F)F)c2)[N+](=O)[O-])cc(OC)c1OC,-0.9589764475822449
guided,NC(=O)Oc1cccc2ccccc12,-3.3516619205474854
guided,Cc1ccc(/N=C2/NC(=O)[C@H](CC(=O)Nc3ccccc3)S2)cc1,-1.9818766117095947
guided,CC(C)=N/N=c1\scc(-c2ccc(Cl)cc2)n1C(=O)OC(C)C,-4.323228359222412
guided,CNC[C@@H](O)c1cccnc1,-4.206501007080078
guided,CCOc1[c-]c(-c2c(C#N)n([NH-])c3c(C#N)c(C)c(C)[s@SP2+]23)cc(Cl)c1OCc1cccc(C)c1.[H+],-5.357936382293701
guided,COc1ccc2c(C)c(CC(=O)c3ccc(C(=O)O)cc3)c(=O)oc2c1C,-1.1094486713409424
guided,CCNc1nc(N(Cc2ccccc2)c2ccccc2)c2ncn(CCN(C)C)c2n1,-3.249847412109375
guided,C/C(=N\OCc1ccc(F)cc1)c1ccc(CC#N)s1,-5.1321516036987305
guided,CCN1CCN(c2ccc([N@H+]3O[C-]4CCC(=O)N4c4ccccc4C3=O)cc2)CC1,-2.5775551795959473
guided,O=S(=O)(/C=C/c1ccccc1)Nc1cc(S(=O)(=O)N2CCOCC2)ccc1N1CCOCC1,-0.37343233823776245
guided,CC[C@H](C)NC(=O)C1=CC2=[NH+]C([O-])=CN(C)C2=C=C1,-1.610845685005188
guided,O=Cc1ccc(Oc2n[nH]c(=O)c3ccccc23)cc1Br,-1.9307252168655396
guided,Nc1ccccc1SCC(=O)Nc1nccs1,-1.7831064462661743
guided,O=S1(=O)C[C@@H](O)[C@@H](NCCO)C1,-0.7752648591995239
guided,CCOC(=O)C(=CNC1=[S+]/C(=C(/[O-])N2CCC[C@H](C)C2)C(c2ccco2)=N1)C(=O)OCC,-0.38048112392425537
guided,C=NC1=[S+]CCN1c1ccccc1.CCOP([O-])OCC,-2.7562389373779297
guided,CN(C)Cc1cc(=O)n2ccsc2n1,-5.236041069030762
guided,COc1cc(OC)c2nc(N3CCN(C)CC3)c(C#N)cc2c1,-2.1579320430755615
guided,CCc1cc(=O)oc2cc(C)cc(OCC(=O)N3CCC(c4nc5ccccc5o4)CC3)c12,-2.0743517875671387
guided,Cc1ccc2c(Cl)c(C(=O)Nc3cc(-c4cnn(C)c4C)ccc3OCC(=O)c3ccco3)sc2c1,-4.460699558258057
guided,CCO[C]1[CH][C][C](C2[C]3[CH][CH][CH][CH][C]3CCN2S([O+])([O-])[C]2[CH][CH][C](F)[CH][CH]2)[CH][C]1[O+]CC,-3.341442823410034
guided,O=c1c(NC[C@H]2CC[C@@H](C(=O)NCc3ccc(Cl)cc3)CC2)c(N2CCCCC2)c1=O,-1.655366063117981
guided,CN(Cc1ccccn1)C(=O)c1cc(COc2cccc(C(F)(F)F)c2)on1,-2.5706071853637695
guided,COc1cccc(OCc2ccc(-c3nc4ccccc4o3)cc2)c1,-6.142703056335449
guided,Cc1noc2ncnc(N3CCN(Cc4cccs4)CC3)c12,-2.6600630283355713
guided,[O-][N-]O[S+](C[c+]1[cH-][cH+][cH-][c+](F)[cH-]1)n1[cH+][n-][c+]2[cH-][cH+][cH-][cH+][c-]21,-2.429880380630493
guided,O=[N+]([O-])c1cccc(S(=O)(=O)c2cccc(NC(=S)Nc3ccccc3)c2)c1,-1.6321126222610474
guided,CNCc1cc(-c2ccccc2)n(C)c1-c1ccc2c(c1)OCO2,-6.444721221923828
guided,CC(=O)Nc1c2c(nn1-c1ccc(C)cc1)CSC2,-4.316835403442383
guided,CNCCC=C1c2ccccc2C=Cc2ccccc21,-11.279199600219727
guided,O=C(NC(=S)Nc1cccc(Cl)c1N1CCCC1)c1cccc(OC(F)F)c1,-4.652345657348633
guided,COc1ccc(CN2C(=O)c3ccsc3[S+]=c3cc/c(=C(/[O-])NCCN4CCOCC4)cc32)cc1,-0.9316630959510803
guided,[H]/N=C1C(=C\c2ccc(OC)c(OC)c2)/C(=O)N=C2SC(S(=O)(=O)C(C)C)=NN2/1,-0.5037851929664612
guided,COc1ccc(S(=O)(=O)N2CCCCC2)cc1C(C)C,-4.400676250457764
guided,COc1ccccc1NC(=S)NNC(=O)c1c(Cl)c(C)nn1C,-0.9241940379142761
guided,COc1ccc(CNC(=O)[C@H](NC(=O)Nc2cccc(C(=O)O)c2)C(C)C)cc1OC,-0.6843607425689697
guided,O=C(/C=C/Nc1ccc2c(c1)OCCO2)C(=O)Nc1ccccc1[N+](=O)[O-],-0.5167525410652161
guided,O=C(N/C(=C\c1ccco1)C(=O)N1CCOCC1)c1ccc(NC(=O)c2ccccc2)cc1,-0.8233510255813599
guided,NS(=O)(=O)NCc1csc(-c2ccccc2)n1,-0.57450932264328
guided,Clc1ccc(-c2nnc(-c3cccnc3)o2)cc1,-3.9593446254730225
guided,C[C@H](OC(=O)c1cccs1)C(=O)/C=C/c1ccccc1,-5.111774444580078
guided,N/C(=N\c1nc(C(=O)c2ccccc2)c(-c2ccccc2)s1)Nc1ccc(F)cc1,-3.0451226234436035
guided,COc1ncccc1C(=O)N1CCC[C@@H](Nc2cccc(C(F)(F)F)c2)C1,-3.864211320877075
guided,Cc1cc(N2N3[C@]24N=C2C=CC=CN2[C@@]34c2cccs2)on1,-3.98801589012146
guided,COc1ccc(C(=O)N2CCC(C(=O)O)CC2)c2ccccc12,-2.035034418106079
guided,[CH2-]CC1C([CH+]CC2O[C+](C)[N-][C+]2[C+]([O-])CO[C-](C)[O-])CC(C)[C-]2[CH+][C-]([O-])[CH+][CH+]C21C,-0.6452800631523132
guided,COc1cccc([C@@H]2C(C(=O)c3ccc(C)o3)=C(O)C(=O)N2CCCn2ccnc2)c1,-0.9965136051177979
guided,COC[C@H]1CCN2C(=O)c3ccccc3CC[C@H]12,-6.694957256317139
guided,O=[N+]([O-])c1ccccc1S(=O)(=O)N(Cc1ccco1)c1ccc(Br)cc1,-1.7350660562515259
guided,O=C(NNC(=O)c1cc(Cc2ccccc2)nc2ccccc12)c1cccs1,-2.378464937210083
guided,F[c-]1[cH+][cH-][c+](OC[CH-]O[c+]2[cH-][cH+][cH-][cH+][c-]2N2CCOCC2)[cH-][cH+]1,-6.899581432342529
guided,COc1ccc(CCNC(=O)COC(=O)c2cnc(C)cn2)cc1OC,-0.26478561758995056
guided,Clc1cccc(Cl)c1CSc1nnc(-c2ccncc2)o1,-4.933398246765137
guided,C[C@@H](O)/C(N)=N\OCC(=O)Nc1ccc(F)cc1,-0.3642072081565857
guided,[H]/N=C1C(=C\c2ccc(N(C)C)cc2)/C(=O)N=C2SC(CC(=O)N3CCCCC3)=NN2/1,-0.8410074710845947
guided,COc1cccc(-c2nc(CS(=O)(=O)CC(=O)N[C@H]3CCC[C@@H](C)[C@@H]3C)c(C)o2)c1,-1.0547609329223633
guided,COc1ccnc(Oc2cccc(C)c2C)c1C#N,-3.5031001567840576
guided,COc1ccc(NS(=O)(=O)c2ccc3c(c2)oc(=O)n3C)cc1Cl,-0.6523928642272949
guided,COc1ccc(Br)cc1-c1ncc(COC(=O)C(C)(C)O)n1C,-1.5054184198379517
guided,COc1ccc(CNC(=O)CN2C(=O)c3ccccc3C2=O)cc1OC,-0.5749521255493164
guided,Cn1c(=O)c2c(nc3n2CCCN3c2ccc(O)cc2)n(C)c1=O,-0.5818787217140198
guided,[H]/[C-]=N/N1[C-]=c2ccccc2=[S+2](c2ccc(CC(=O)NS(=O)(=O)c3ccc(Br)cc3)c(OC)c2)C1,-0.8335033655166626
guided,Nc1cccc(-n2nnnc2CN2CCOCC2)c1,-0.7328236103057861
guided,C=CCCN(CCCC)C[C@@H](O)CN1C(=O)c2ccccc2C1=O,-2.46536922454834
guided,CN(Cc1ccccc1)S(=O)(=O)c1ccc(CNC(=O)c2cccnc2)s1,-1.2237211465835571
guided,COc1c(C)cc(S(=O)(=O)NCCCN(C)C)c(OC)c1C,-1.603953242301941
guided,O=C(c1cccc(-n2cccc2)c1)N1CCN(S(=O)(=O)c2ccc(F)cc2)CC1,-2.4127724170684814
guided,CO[P@](=O)(CNC(=O)[C@]1(C)C[C@@H]1Br)OC(C)C,-2.297128438949585
guided,CCO/N=C(\CS(=O)(=O)Cc1ccc(C)o1)c1ccccc1,-1.9762279987335205
guided,NNC(=O)c1cc(O)cc(OCc2ccc(F)cc2)c1,-0.7037515044212341
guided,[O-][C+](NCCCN1CCN([c+]2[cH-][cH+][cH-][cH+][cH-]2)CC1)[c-]1[cH+]s[c-](Cl)[c+]1[C-](O)O,-0.7838378548622131
guided,CNC#C/C=C1\C=NN=C1c1ccc(OC(F)F)cc1,-4.190354824066162
guided,CN([CH-][C+]([O-])NN)[c+]1[cH-][c+](Cl)[cH-][cH+][c-]1Cl,-2.003835916519165
guided,COc1ccc(/C=N/NC(=O)c2ccccc2)cc1OCc1ccccc1,-3.4165422916412354
guided,COCCN(C[CH+][CH][C]1[CH][CH][CH][C](OC)[CH]1)[C]([O])CO[C]([O])C[C]1[CH][CH][CH][CH][C]1N([O-])[O-],-0.7330429553985596
guided,C[C@H]1CCC/C(=C\Nc2ccccc2C#N)C1=O,-3.7478153705596924
guided,CC(C)C[C@@H](C)Nc1c(Cl)cncc1[N+](=O)[O-],-2.475018262863159
guided,Cc1cccc(C(=O)Oc2ccc3ccccc3c2)c1C,-8.748917579650879
guided,Cc1cccc(COc2ccccc2/C=N/Nc2ccc3c(c2)OCO3)c1,-4.916113376617432
guided,O=C(NCc1cccnc1)c1cccc(Oc2ccccc2)c1,-4.208003520965576
guided,O=[N+]([O-])c1c(-c2cccnc2)n[nH]c1N1CCOCC1,-0.36237311363220215
guided,O=C(c1ccccc1)N1C=CCN(CCCC/C=C/c2ccccc2)C1,-9.394025802612305
guided,COc1cccc2oc3ccc(Cl)cc3c(=O)c12,-5.715556621551514
guided,C[C]1[CH][CH][C](S([O])([O])NC(C)[C+]([O])O)[CH][C]1N([O-])[O-],-0.546201765537262
guided,S=C(NCc1cccs1)Nc1c(Cl)cccc1Cl,-9.144882202148438
guided,N#CCC(=O)N1CCC2(CC=CC2)C[C@H]1C(=O)NC[C@@H]1CCCO1,-0.9025079011917114
guided,O=C(OCc1cccc(F)c1)c1cn(-c2ccccc2)nc1-c1cn(Cc2ccccc2)nc1-c1ccccc1,-6.554848670959473
guided,CC(C)N1C(=O)c2ccc(C(=O)N3CCN(C)CC3)cc2C1=O,-2.264518976211548
guided,CN(C[C@@H](O)CN1C(=O)N[C@@H](CCC2CCCCC2)C1=O)S(=O)(=O)c1ccc2c(c1)CCC(=O)N2,-0.4877879321575165
guided,O=C(/C=C/NC(=O)N1CCc2ccccc2C1)c1ccccc1,-4.0610222816467285
guided,[O-][C+](C[c+]1[cH-][cH+][cH-][c+]2[cH-][c+]3[cH-][c+]4s[c+]([S-])[nH][c-]4oo[c+]3[n-][c-]12)N[c+]1[cH-][c+](CO[c+]2[cH-][cH+][cH-][cH+][cH-]2)o[n-]1,-2.219857931137085
guided,Cc1ccc(-n2nc3c(c2NC(=O)CCC2CCCCC2)CSC3)c(C)c1,-6.442452907562256
guided,CC(C)[C@H]1CC[C@H](C)CC1=O,-9.458030700683594
guided,[H]/[O+]=C1C(=C\[N+]#C/C=C\C=C\c2cccc(N([O-])[O-])c2)\c2ccccc2N\1C,-2.314600706100464
guided,O=C(COc1ccccc1[N+](=O)[O-])NN1C(=O)c2ccccc2C1=O,-0.30032071471214294
guided,COC(Cc1nnc(CCC(=O)N2CCN(C3CCCC3)CC2)o1)OC,-0.861151933670044
guided,O=S(=O)(CCN1CCc2ccccc21)c1ccc(Cl)cc1,-5.782556533813477
guided,CN1CCN(c2cn[nH]c(=O)c2Cl)CC1,-3.228990077972412
guided,CCOc1ccc2[nH]c3c(NCCCOC)ncnc3c2c1,-1.7610667943954468
guided,CC(=O)Nc1nc2c(ncn2COCCOC(C)=O)c(=O)[nH]1,-0.35206830501556396
guided,CCN(Cc1ccccc1)[C@H](C)c1nc(SCC(=O)NC2CCCC2)n[nH]1,-1.9337557554244995
guided,COc1ccc(N2C(=O)[C@@H]3CCCN3[C@H]2c2ccccc2F)cc1,-6.587794780731201
guided,O=[N+]([O-])/C=C(/C=C1/Nc2ccccc2S1)N(Cc1ccc(Cl)cc1)Cc1ccc2c(c1)OCO2,-4.36281156539917
guided,S=c1[nH]nc(-c2cccnc2)n1/N=C/c1ccccn1,-1.5188449621200562
guided,N[C@H](CC(=O)N1N=C(c2ccc(-c3cccs3)s2)C[C@@H]1c1cccs1)C(=O)O,-1.422937273979187
guided,O=C(Nc1ccc(Cl)cn1)N1CCOCC1,-3.0086169242858887
guided,Cc1ccc2c(C)nc(NC(=S)Nc3ccccc3C)nc2c1,-4.830482006072998
guided,Cc1ccc2sc(CCN3CCCCCC3)cc2c1,-13.669809341430664
guided,CCN(c1ccc(OC)cc1)S(=O)(=O)c1ccc(OC)c(NC(=O)CN2CCOCC2)c1,-0.3939700722694397
guided,CCN[C@@H]1C[C@@H](C)[S@@](=O)([O-])=C2[S+]=C(S(N)(=O)=O)C=C21,-0.4659059941768646
guided,COc1ccccc1CN(C)[C@H]1CC(=O)N(c2ccc([N+](=O)[O-])cc2)C1=O,-0.5507265329360962
guided,CC(=O)Oc1ccccc1C(=O)Nc1ccc(COc2cccc3ccccc23)cc1,-4.462891578674316
guided,[O][C](CN[C+]([O])CN1[C]([O])[C]2[CH][CH][CH][CH][C]2S1([O])[O])N[C]1[CH][CH][CH][CH][C]1N([O-])[O-],-0.549676239490509
guided,CC(C)Cc1ccc(C(=O)N2CCC(C)CC2)cc1,-9.286161422729492
guided,Nc1ccc(S(=O)(=O)c2ccc(N)cc2)cc1,-0.6457539200782776
guided,COc1cccc(-n2c(-c3ccc(Br)o3)nn(C(=O)c3cccnc3)c2=O)c1,-0.8876656889915466
guided,COc1cc(/C=N/O)cc(Br)c1OCc1cccc(C)c1,-4.544395446777344
guided,Cc1cccc(N2CCC[C@@H](C(=O)Nc3ccc(Oc4ccccc4)cc3)C2)c1,-7.182222843170166
guided,C/C(=N\NC(=O)COc1ccccc1)c1cccs1,-3.638211727142334
guided,C[C@H](OC(=O)c1ccc(Cl)nc1)C(=O)NC(C)(C)C,-1.8019925355911255
guided,COc1ccc(/N=C/c2c(O)c3ccccc3oc2=O)cc1OC,-1.2999228239059448
guided,CCCNS(=O)(=O)c1cccc2cccnc12,-2.4965386390686035
guided,O=C(CNC(=O)c1ccc2ccccc2c1)OCc1ccccc1,-3.4353439807891846
guided,O=C(c1cn(Cc2cccs2)c2ccccc12)C1CCCCC1,-10.378817558288574
guided,Clc1ccc(-n2cccn2)cc1N1CCN(Cc2ccc(Br)o2)CC1,-6.4350504875183105
guided,CC1N[C-]2CCCCC2N1CC[c+]1[cH-][cH+][cH-][cH+][cH-]1,-9.788804054260254
guided,COc1ccc(NC(=O)NC2CCCC2)cc1OC,-2.738816261291504
guided,C[C@@H]1CCC[C@@H](C(=O)N[C@H]([CH-]n2c3ccccc3c3cccnc32)/N=C(\NC(=O)[C@@H](C)Oc2ccc(S(=O)(=O)N(C)C)cc2)c2ccccc2)S1.[H+],-3.026899576187134
guided,O=C1c2cc3ccccc3cc2N[C@H](c2ccccc2)N1NS(=O)(=O)c1ccccc1,-2.219592571258545
guided,c1ccc(CSc2nnc(SCc3ccccn3)s2)nc1,-4.269597053527832
guided,O=C(N/N=C/c1sc(N2CCOCC2)nc1-c1ccc(Br)cc1)C1CCCCC1,-3.152451276779175
guided,Cn1c(SCC(=O)Nc2nccs2)nc2cccnc21,-1.3471020460128784
guided,CN[C@@]1(C(F)(F)F)N=C2SCCN2C1=O,-4.323945999145508
guided,CCOC(=O)CCC1(C(=O)OCC)CCN(Cc2ccc(NC(C)=O)cc2)CC1,-1.1785929203033447
guided,c1ccc2c(c1)CCN(c1nc(N3CCOCC3)nc3ccccc13)C2,-5.031463623046875
guided,CCN(CC)c1ccc(C(=O)O)cc1NC(=O)C(c1ccccc1)c1ccccc1,-3.374396324157715
guided,CCCc1ccc2oc(C(=O)N(CC)Cc3nccn3C)c(C)c2c1,-4.424389362335205
guided,Cc1nn(C)c(C)c1[C@H]1C(C#N)=C(N)OC2=C1C(=O)CCC2,-0.5605291724205017
guided,CC(=O)c1ccc2nncc(C)c2c1,-4.6157379150390625
guided,COc1cccc(/C=N/Nc2nncc3ccccc23)c1OC,-2.0184707641601562
guided,Cc1ccc(NC(=S)NCCCN2CCOCC2)cc1,-5.508056640625
guided,CCN(CC)CC(C[c-]1[cH+][cH-][cH+][c-](O[C][O-])[cH+]1)N[C-]([O-])C[C+]1[CH+][CH-][CH+][CH-][C+]1OC,-0.855070173740387
guided,Fc1ccccc1NCCc1cn(-c2ccccc2)nc1-c1cccs1,-8.832511901855469
guided,COc1ccc(C(=O)/C=C/Nc2ccc(N3CCCCC3)cc2)cc1OC,-4.789306163787842
guided,CCNC(=O)c1ccccc1S(=O)(=O)c1ccc(C)cc1,-2.3047099113464355
guided,[O-][C+]1CC([c+]2[cH-][cH+][c-]3[c+]([cH-]2)OCO3)O[c+]2[cH-][c+](OC(CO)[C-]([O-])O)[cH-][c+]([OH2+])[c-]21,-0.3321000933647156
guided,Cc1cc(CCC(=O)NCc2ccco2)on1,-1.672898769378662
guided,Cc1ccccc1Oc1occ(C)c1-c1ccc2c(c1)OCO2,-6.719097137451172
guided,O/N=C/c1ccccc1OC(F)F,-4.803946495056152
guided,[CH2-]CC(=O)Nc1nc2c(s1)C(=O)SC[C@H]2CC.[H+],-2.8623132705688477
guided,NC(=O)c1cn(C2CC2)nc1C/[S+]=C1/C=CC(=[N+]([O-])[O-])C=N1,-0.4121646583080292
guided,[O][C]1[C]2[CH][CH][CH][CH][C+]2NN1[C]1[N][CH][CH][CH][C]1N([O-])[O-],-0.5495063066482544
guided,O=C1NC(=O)N(Cc2ccc(F)cc2)C(=O)/C1=C\NCCN1CCNCC1,-0.3965952396392822
guided,N[S+2]([O-])([O-])[c-]1[cH+][c-]2[c+]([cH-][c+]1Cl)[nH][cH-][n-][s+]2[O-].[OH-],-0.43850478529930115
guided,CC(C)(NNC(=O)Cc1ccc(Br)cc1)C(=O)O,-1.0258370637893677
guided,CCCCN1C(=O)/C(=C\c2ccco2)C(=O)N(CCc2ccccc2)C1=O,-2.126675605773926
guided,CCC[C@H](C(=O)NC[C@@H]1CCCO1)N(C(=O)c1cc(F)c(F)cc1Cl)C1CCCCC1,-4.415360450744629
guided,COc1ccc(/N=C2\C(=O)N([C@@H](C(=O)c3ccc(F)cc3)N3CCOCC3)c3ccccc32)cc1,-2.250347852706909
guided,[CH2+]CCC[C-]([O-])[CH+]C1[C-]2[C+](O)[c-]3[cH+][cH-][cH+][cH-][c+]3[C-]([O-])[O+]2[c+]2[cH-][cH+][c-]([S+2](N)([O-])[O-])[cH+][c-]21,-0.350742906332016
guided,O=c1c2ccccc2ncn1CCS(=O)(=O)c1ccc(-c2nn[nH]n2)cc1,-0.2533298432826996
guided,Cc1cc(F)c(CN2CC[C-](n3nccc3NC(=O)CCOc3ccccc3)CC2)cc1C.[H+],-4.125667572021484
guided,Cc1nn(C)c(C)c1CN,-4.481953144073486
guided,O=S(=O)(c1cccc2ccccc12)N1CCCCCC1,-5.918946743011475
guided,[O-]N1[C][CH+][CH+][c-]2[c+]([n-][cH+]n2C[c+]2[cH-][cH+][cH-][cH+][cH-]2)[C]NC2CCCCC2O1,-2.0089478492736816
guided,Cc1cc(C(=O)O)cc(S(=O)(=O)N2Cc3ccccc3C[C@H]2C(=O)NC2CC2)c1C,-0.5445393919944763
guided,Nc1ccc(N)c(NC(=O)CN2CCCCC2)c1,-0.6259217858314514
guided,O=C(NCCCCc1ccccc1)Nc1cccc(Cl)c1,-6.1599040031433105
guided,CNC(=O)N(C)CCOC(=O)c1cccc(Cl)c1,-2.564542770385742
guided,COc1cc(-c2noc(C)c2C(=O)NCCCOCc2ccccc2)cc(OC)c1OC,-1.417123794555664
guided,C=CCOc1ccccc1/C=N/n1c(COc2ccc(F)cc2)n[nH]c1=S,-3.056307315826416
guided,CN(CC(=O)Nc1ccc(Cl)cc1)S(=O)(=O)c1cccc2cccnc12,-1.3291659355163574
guided,COc1cc(C)c(S(=O)(=O)NCCc2nc3ccccc3c(=O)[nH]2)cc1Cl,-0.48990029096603394
guided,CCOc1ccccc1NC(=O)NNS(=O)(=O)c1cc(Cl)ccc1Cl,-1.0176470279693604
guided,O=C(c1cccs1)N1CCN(C(=S)N[C@@H]2C[C@@H]3C=C[C@H]2C3)CC1,-5.81085729598999
guided,[O-]N([O-])[C]1[CH][C](Cl)[CH][CH][C]1NCCN[C]([S])N[C+]1[CH][CH][CH][CH][CH]1,-0.875740647315979
guided,O=C1C[C@H](c2ccc3c(c2)OCO3)Cc2nc(NC3=NCCN3)ncc21,-0.34657561779022217
guided,COc1cc(OC)c(/C=C/c2ccc3c(c2)OCO3)c(C(=O)c2ccccc2)c1,-4.724118709564209
guided,OC1CCN(Cc2cccc3ccccc23)CC1,-8.029438972473145
guided,C=CCCCCCC/C=C\C[C@]1(C)CC=C[C@@H](CO)C1,-10.97462272644043
guided,CCOc1ccccc1OC[C@H](O)CNC[C@H](c1ccc(F)cc1)N(C)C,-3.329911947250366
guided,CCOc1cccc(CNC(=O)N[C@H](C(=O)OC)[C@@H](C)CC)c1,-1.2757761478424072
guided,O=[S@]([O-])(O)=C=[N+]=C1C=CC=C/C1=N\c1cccc(-c2nnc3n2CCCCC3)c1,-0.4933550953865051
guided,O=C(Nc1cccnc1Oc1ccc2c(c1)OCCO2)c1cccc(F)c1,-2.533454656600952
guided,O=C(O)c1ccccc1/C=N/NC(=O)[C@H](c1ccccc1)N1CCN(S(=O)(=O)c2ccccc2)CC1,-0.5775650143623352
guided,COc1ccc(S(=O)(=O)N2CCCCC2)c(C)c1C,-4.185951232910156
guided,Cc1ccccc1-c1nc(C[S@+]([O-])CC(=O)NCCc2ccccc2)c(C)o1,-1.6587693691253662
guided,Cc1nc(NCCN2CCOCC2)c2oc3ccccc3c2n1,-2.178615093231201
guided,Fc1ccc(OC(F)F)c(/C=C/C=N/c2ccc(Cl)cc2)c1,-10.544522285461426
guided,CN(C)Cc1cc(N2CCCC2)nc(SCc2ccccc2)n1,-6.723446369171143
guided,O=S(=O)(NCCc1ccccn1)c1ccccc1,-2.43329119682312
guided,O=S(=O)(c1cccc(-c2nc3ccccc3s2)c1)N1CCC[C@@H]1c1ncc2ccccn12,-3.6692817211151123
guided,COCCSc1nnc(NS(=O)(=O)c2ccccc2)s1,-0.8805725574493408
guided,CCNC(=S)N(CCc1c(C)[nH]c2ccccc12)Cc1cccnc1,-5.189414024353027
guided,COc1cccc(-c2cccc(NC(=O)[C@H]3CCCO3)c2)c1,-4.424923419952393
guided,CCN(C)C1CCC(N[C-]2[C+]([C-]3[CH-][CH+][CH-]S3)[CH-][N-][c+]3[n-][c+](C[C+]([O-])N4CCC[C+]5[CH-][CH+][CH-][CH+][C+]54)[n-]n32)CC1.[H+],-1.257691740989685
guided,O=C(c1cccnc1NCCCN1CCOCC1)N1CCCc2ccccc21,-2.899562358856201
guided,C[C@H]1Cc2ccccc2N1NC(=O)Cn1cc(CCc2ccccc2)nn1,-2.267982006072998
guided,N#CCN(CCOCc1ccc(F)cc1)CC(N)=O,-0.8591442108154297
guided,O=C(/C=C\c1ccccn1)Nc1ccc2cc(C(F)(F)F)c(=O)[nH]c2c1,-1.8677433729171753
guided,CC(C)[C@H]1Nc2ccc(C(=O)N3CCCC3)cc2NC1=O,-2.4003477096557617
guided,Cc1cc(C(=O)COC(=O)c2ccco2)c(C)n1Cc1ccco1,-1.7829432487487793
guided,CCS(=O)(=O)N1CCN(CC(=O)O)CC1,-1.0563654899597168
guided,COc1cc2ncccc2cc1C(=O)NC1CC1,-3.406651496887207
guided,CCO[C-]([O-])[c+]1[cH+][n-][c+](-[c+]2[cH-][cH+][cH-]s2)[c-]([CH+][c-]2[c+]([O-])[c+]3[cH-][cH+][cH-][cH+][c-]3[c+]3[cH-][cH+][cH-][cH+][c-]32)o1,-2.364084243774414
guided,[CH2-]CN(CC[c-]1[cH+][cH-][cH+][cH-][cH+]1)CC(O)COC[c+]1[cH-][cH+][c-](OC)[c+](OC)[cH-]1,-3.6900880336761475
guided,CCn1c(=O)c(C(=O)COC(=O)CCCc2c[nH]c3ccccc23)c(N)n(Cc2ccccc2)c1=O,-0.6956520676612854
guided,C=CCNC(=O)COC(=O)c1ccc(S(=O)(=O)N(C)C2CCCCC2)cc1,-0.5711296796798706
guided,N#CCN(C(=O)/[C-]=c1\sc2nc3ccccc3c(=O)n2c1=O)c1ccc(O)cc1.[H+],-0.24642086029052734
guided,[H]/[O+]=C1/C=CC(/C=C2/C(=O)CNC2=O)=C/C1=C/c1ccccc1-c1[c-]cccc1,-2.2090835571289062
guided,COCC[N-]C([N-][C+](N)N[C+]([O-])[c+]1[cH-][cH+][cH-]o1)(C(F)(F)F)C(F)(F)F,-0.44275718927383423
guided,Cn1c(C/[S+]=C2\N=CC=C\C2=C(/[O-])OCCN2CCOCC2)nc2ccccc21,-1.06598699092865
guided,NC(N)=N/N=C/c1ccc(Cl)c([N+](=O)[O-])c1,-0.5070370435714722
guided,CO[c+]1[cH-][c+](N[C-]([O-])[N-]CC2CC[c+]3[n-][c+]4[c-]([c+]([O-])n3C2)[CH+][CH-][CH+][CH+]4)[cH-][cH+][c-]1OC,-0.31967777013778687
guided,NS(=O)(=O)c1ccc([C@@H]2CCN(CC(=O)Nc3cccc4ccccc34)C2)cc1,-0.7530550956726074
guided,O=[N+]([O-])c1ccc(N2CCN(C[C@H](O)CO)CC2)nc1,-0.3428421914577484
guided,COc1ccc(Cn2c(=O)cc(N)n(C)c2=O)cc1,-0.841188371181488
guided,Cc1ccc(-c2cc(C(=O)Nc3cc(C(F)(F)F)ccc3N3CCCC3)no2)cc1,-4.956614971160889
guided,CCC(=O)O[C@]1(c2ccc(/C=C/C(C)C)cc2)CCN(C)C[C@@H]1C,-8.066119194030762
guided,COC[C@H](CNc1cc(=O)n(C)c(=O)n1C)N(C)C,-1.571614146232605
guided,N#C/C(=N\Nc1ccc(F)cc1)C(=O)c1ccco1,-1.2400323152542114
guided,CCn1ccc(-c2ccc(OC)cc2)c(C#N)c1=O,-3.0742361545562744
guided,COc1ccc(Cn2c(CCC(=O)O)nc3ccccc32)cc1,-2.3924996852874756
guided,O=C(O)CC[C@H](C(=O)N(Cc1ccccc1)c1ccccc1)n1cccc1,-3.245678186416626
guided,O=C(c1nc2ccccc2[nH]1)c1sccc1-c1ccccc1,-5.483357906341553
guided,Cc1cccc(NC(=O)[C@@H](C)N(C(=O)/C=C/c2cccc(Cl)c2)c2ccccc2)c1,-6.228719234466553
guided,[H+].[H]/[C-]=C(C)/C=C(/C)C(=O)/C=C/NC1=NC[C@@](C)(CC)N1,-3.401143789291382
guided,Cc1cccc(C(C)C)c1OCC(=O)N[C@H](C)c1cccc2ccccc12,-7.550539493560791
guided,COc1ccc2c(c1)[nH]c(=O)n2C(C)C,-3.9628419876098633
guided,N/C(=N\NC(=O)OCc1ccccc1)c1nccs1,-0.4934028685092926
guided,CC(=O)c1ccc(OCCn2cc(C(C)=O)c3ccccc32)cc1,-4.773380756378174
guided,CCOc1cc2c(C)cc(=O)oc2c(C(=O)O)c1OCC,-0.8986104726791382
guided,CCNS(=O)(=O)c1ccc2c(c1)CCN2C(=O)CCC(=O)O,-0.39753052592277527
guided,[H+].[H+].[H]/[C-]=N/N1C2=C1C21C=C[C-](OCCC)C=C1,-7.818228244781494
guided,C[C-]1[C][C+]([N-]N[C+]([S-])NC[c+]2[cH-][cH+][cH-][cH+][cH-]2)CC1,-5.4908881187438965
guided,CC(=O)c1cc(C)c2nc(SCC(=O)Nc3ccc4c(c3)OCO4)c(C)cc2c1,-2.4047224521636963
guided,Fc1ccc(N2CCN(Cc3cccc(F)c3)CC2)cc1,-11.867707252502441
guided,CC(C)n1c(/N=C/c2ccccc2O)nc2ccccc21,-4.543570041656494
guided,CC(/C=C/c1cccc([N+](=O)[O-])c1)=N\NS(=O)(=O)c1ccc(C)cc1,-0.9595480561256409
guided,COCc1cn(C(C)(C)C)nc1-c1ccc(OC)cc1,-6.120636463165283
guided,COc1cc(C(=O)N/N=C/c2ccc3c(c2)OCO3)cc(OC)c1OC,-0.6784705519676208
guided,COc1nc(N(C)C)nc(N(C#N)CC(=O)Nc2ccccc2OC)n1,-0.21886718273162842
guided,Nn1c(SC2=NCCN2)nnc1-c1cccnc1,-0.405045747756958
guided,O=C(/C=C/Nc1ccccc1)c1ccccc1O,-4.128133296966553
guided,NNC(=O)N[C@H]1CC[C@H](CC2CCCCC2)CC1,-2.2489700317382812
guided,O=C(Nc1ccc(NC(=O)[C@H]2CCCO2)cc1)c1cccs1,-2.155728578567505
guided,COc1cccc(CNCCc2ccccc2)c1OCc1ccccc1,-7.92458963394165
guided,COc1ccc(CC(=O)NNC(=O)Nc2cccc(C(F)(F)F)c2)cc1OC,-0.9798198342323303
guided,CN(Cc1ccccn1)Cc1cn(C)nc1-c1cccc2ccccc12,-6.999173164367676
guided,COC(CC(=O)N/N=C/c1ccc([N+](=O)[O-])cc1)OC,-0.3763824999332428
guided,CCOc1ccccc1NC(=O)c1cccc2c1C(=O)N(C1CCCCC1)C2,-4.032394886016846
guided,Cc1cc(C)c(S(=O)(=O)NC(=O)c2ccccc2)c(C)c1,-2.3660776615142822
guided,CCC(=O)c1ccc2ccccc2c1,-9.658723831176758
guided,S=C(Nc1ccccc1)N(Cc1nc(-c2cccs2)no1)C1CCCCC1,-5.223123550415039
guided,CN(c1ccc(F)cc1)S(=O)(=O)c1ccc(S(=O)(=O)Nc2ccc(C(F)(F)F)cn2)cc1,-1.3345836400985718
guided,CC[S+2]([O-])([O-])N[c-]1[cH+][cH-][cH+][c-](-[c-]2[cH+][n-][c+]3[n-][cH+][n-][c-]3[cH+]2)[cH+]1,-0.36011621356010437
guided,Cc1ccc([C@H]2C[C@@H]3CCC[C@@](C(=O)OCC(=O)NC[C@H]4CCCO4)(C3)C2)cc1,-2.996551275253296
guided,Cc1ccc(Cl)cc1N1CCN(CCN2C(=O)CCc3ccccc32)CC1,-7.890026092529297
guided,C/N=N\c1cccc(O)c1C(=O)O,-0.911526083946228
guided,O=[N+]([O-])c1ccc(N2CCN(c3nc4ccccc4s3)CC2)cc1,-2.812325954437256
guided,Cn1c(=O)c2c(ncn2CCC(=O)N2CCN(c3ccccc3)CC2)n(C)c1=O,-0.5197961330413818
guided,C[c-]1[cH+][c+](NC[c+]2[cH+][c-]3[cH+][cH-][cH+][cH-][c+]3[nH][c-]2[O-])n2[c+]([n-]1)[N-][N-][N-]2.[H+],-0.910233736038208
guided,COc1ccccc1NC(=S)/N=C\Nc1ccccc1C,-4.9806928634643555
guided,Cc1ccc(C)c(SCc2noc(C(=O)NC[C@@H]3CCCO3)c2C(=O)O)c1,-0.9176130890846252
guided,COC/C=C\O[C@H](C)OC1=C=C(C(=O)OC)SC=C1,-3.321141242980957
guided,C/C(N)=C(/C#N)C(=O)COc1ccc(C)cc1C,-1.1908693313598633
guided,NC(N)=NCc1cccc(N2Cc3ccccc3C2=O)c1,-0.6690509915351868
guided,COc1ccc([C@@H](CCOc2cccc(C)c2)NC(C)=O)cc1OC,-3.455754518508911
guided,[O-][S+2]1([O-])[c-]2[cH+][cH-][cH+][cH-][c+]2[S+3]2([O-])([O-])CN12,-0.4393535852432251
guided,CCNCCNC1=[S+]C2=C(CCCC2)/C1=C(/[O-])OCC,-2.894756317138672
guided,COc1ccc(CNCc2cccc([N+](=O)[O-])c2)cc1OC,-1.6046509742736816
guided,O=C1c2ccccc2C(=O)N1CCCOC/C=C/c1ccccc1,-4.564883708953857
guided,CCOc1ccc([C@](C)(O)CN2CCOCC2)cc1,-4.592031002044678
guided,O=C(OCCc1ccccc1)c1cc2ccccc2oc1=O,-3.216808319091797
guided,CC[C@@H](COC(=O)c1cccs1)Nc1nc2c([nH]1)c(=O)n(C)c(=O)n2C,-0.3113986849784851
guided,O=C(Nc1ccc(N2CCCC2)cc1)c1cc2ccccc2o1,-5.283554553985596
guided,O=C(NCCC1=CCCCC1)[C@@H]1CCC(=O)N(C2CC2)C1,-3.9424943923950195
guided,[O][C](N[N][CH][C]1[CH][CH][C]([C]2[CH][CH][C](N([O-])[O-])[CH][CH]2)O1)[C+]1[CH][CH][CH][CH][C]1O,-0.5857642889022827
guided,Fc1cccc(F)c1/C=N/N1CCOCC1,-7.539819240570068
guided,O=C1C[C@H](Br)CC[C@@]1(O)c1ccc2c(c1)OCO2,-2.984145164489746
guided,C/C=C(\C)C(=O)c1ccc(OCC(=O)OCCOC)cc1C,-2.527017831802368
guided,CCC(=O)N1CCN=C1SCc1ccc(Cl)cc1Cl,-7.068944931030273
guided,CCC[C@@](C)(O)[C@H](O)CCNC(CO)(CO)CO,-0.5801509022712708
guided,COc1c(C)cc(S(=O)(=O)NCCN2CCOCC2)c(C)c1C,-1.6109700202941895
guided,CC[C@@H](C)[C@@H](N)C(=O)O,-2.2988028526306152
guided,CCOCCCNc1cnn(CCCl)c(=O)c1[N+](=O)[O-],-0.43607333302497864
guided,O=c1[nH][nH]cc1/C=N\c1ccc(Br)cn1,-1.3680591583251953
guided,CNC(=S)N(Cc1ccc(OC)cc1)Cc1cc2c(C)cc(C)cc2[nH]c1=O,-3.4344594478607178
guided,FCCCOCCCCN1CCN(C(c2ccccc2)c2ccccc2)CC1,-10.75897216796875
guided,COc1cc2cc3c(ccn3-c3ccccc3)cc2nc1C,-8.42291259765625
guided,[H+].[N-2][C]N[C+]([N-][C+]1[CH+][CH+][C-](N2CCOCC2)[CH+][CH-]1)N[C+]([O-])[c+]1[cH-][cH+][cH-]n1CC[CH+][CH-][c+]1[cH-][cH+][cH-][cH+][cH-]1,-0.6670414209365845
guided,COCCNC(=O)c1ccc2c(c1)nnn2CCS(=O)(=O)c1ccc(OC)cc1,-0.25513774156570435
guided,COC(=O)C[C@@H]1C(C)(C)C(=O)C(C)=C[C@@]1(C)C(=O)OC,-1.7189053297042847
guided,CC1=C/C(=C(/[O-])N[C@H]2CC(C)(C)Cc3c2cnn3-c2ccccc2)C=[S+]1,-3.5230982303619385
guided,COc1ccc(S(=O)(=O)Nc2cc(CC(=O)O)ccc2OC)cc1,-0.4241650402545929
guided,O=C1CC[C@H](C(=O)N2CCN(c3ccccc3)CC2)CN1CC1CCCCC1,-4.876021385192871
guided,CC(=O)Nc1ccc(NC(=O)COc2ccc(Br)c(C)c2)cc1,-2.52898907661438
guided,[CH2+]C[C@H](C[N+]1=CC[C-](C(C)(C)C)CC1)c1ccccc1[C@H]1C2=C([O-])NC(=S)N[C@]21[O-].[H+],-1.381663203239441
guided,C[C+]([C][C-](C)[O-])[C+]1[CH+]N(C(C)CO)[c-]2[cH+][c-](NC[c-]3[cH+][cH-][cH+][cH+][n-]3)[cH+][cH-][c+]21,-1.4566489458084106
guided,Cc1ccc(C(=O)CS(=O)(=O)c2ccc(C)cc2)cc1,-3.785762071609497
guided,CC(C)CC[C@H](NC(=O)CCc1ccc2c(c1)OCO2)C(=O)O,-0.8620933890342712
guided,COc1ccc(C)cc1OCC(=O)Nc1ccccc1C(=O)N1CCOCC1,-1.1532049179077148
guided,COc1ccccc1N(CC(=O)NC1CCCCC1)C(=O)c1ccc(C)o1,-2.1607182025909424
guided,CCO[C@H]1OC(C(N)=O)=C[C@@H](C2CC2)[C@@H]1CCCO,-0.8717284798622131
guided,[O-][C+](CCl)N1CCCO[C-](N2C[CH-][C+]([c+]3[cH-][cH+][c+]4[n-][cH-][cH+][cH-][c+]4[cH-]3)CC2)CCC1,-3.5696403980255127
guided,COc1ccc2cc(/C=C/C(=O)O)c(-c3ccccc3)nc2c1,-3.4203531742095947
guided,N#Cc1cccc(NCC(=O)Nc2cccc3ccccc23)c1,-2.73268723487854
guided,Cc1coc(/C=C/C(=O)NC(C)(C)C)c1O,-2.3514914512634277
guided,CC(C)Nc1c(O)c(-c2cccs2)nc2ccccc12,-5.529022693634033
guided,O=C(Nc1nnc([C@]23C[C@H]4C[C@H](C[C@H](C4)C2)C3)s1)c1ccccc1F,-4.309437274932861
guided,CCCOc1ccc(/C=N/N(CCC#N)C(N)=S)cc1,-1.3592238426208496
guided,C[c+]1[cH-][c+](N2[N-][c+]3[c-](C)[cH+][c-](Br)[c+](C)[c-]3N2)[cH-][cH+][c-]1C,-9.099652290344238
guided,COC(CC(=O)N[C@H](CO)C(C)C)OC,-1.7255547046661377
guided,COc1ccc(Cl)cc1C(=O)N1CCN(c2ccccn2)CC1,-4.300613880157471
guided,COc1ccc(N2CCN(c3cccc4c(=O)c(-c5ccc(F)cc5)c(C)oc34)CC2)cc1,-6.13662576675415
guided,Cc1nc2cc(CC(=O)NCC(=O)N[C@]34C[C@H]5C[C@H](C[C@H](C5)C3)C4)ccc2o1,-1.0880181789398193
guided,CN1CCN(/N=C/c2nc(-c3ccccc3)n3ccccc23)CC1,-5.635316848754883
guided,Cc1ccc(NC(=S)N[C@@H](NC(=O)Cc2ccc(F)cc2)C(Cl)(Cl)Cl)cc1F,-4.722421169281006
guided,Cc1ccc(S(=O)(=O)Nc2cccc(CN(C)CCCc3ccccc3)c2C)cc1,-5.606590270996094
guided,COCCNC(=O)/C1=C/c2cccc(c2)C(=O)N[C-]2C=CC=C/C2=C(\O)O[N+]#C1,-0.5589827299118042
guided,O=C1NCCC[C@@H]1C(=O)N1CCN(Cc2ccccc2)CC1,-3.1182405948638916
guided,COc1cc(NC(=O)c2ccco2)ccc1C(=O)NC[C@H]1COc2ccccc2O1,-0.7749719023704529
guided,CC(=O)Nc1cccnc1Oc1ccc2c3c(c(=O)oc2c1)CCC3,-1.3940913677215576
guided,CN(C)C/C=C1/SC(=O)N(CCN2CCOCC2)C1=O,-3.1410210132598877
guided,CN(C)S(=O)(=O)c1ccc2c(c1)[C@H](CC(=O)O)NC2=O,-0.41124722361564636
guided,O=C(Oc1ccc(Br)cc1C(=O)c1ccccc1C(=O)O)c1ccco1,-1.5887424945831299
guided,O=C(c1ccc(F)cc1)[C@@H](c1ccc2ccccc2c1O)N1CCCCC1,-6.7839131355285645
guided,CC#CC[C@H](C[C@@H](C)O)c1n[nH]c(=S)n1-c1ccccc1,-3.6269023418426514
guided,CCC(=O)n1nc(-c2ccccc2)nc1NCc1ccc(F)cc1,-3.2402825355529785
guided,CC(=O)c1cccc([C@H](C2=CC(=O)CCC2)c2ccccc2)c1O,-4.347248077392578
guided,N#C/C(Br)=C/c1cc2ccccc2[nH]c1=O,-3.1178247928619385
guided,C[C@H](Sc1nnnn1C)C(=O)Nc1nc(-c2cccs2)cs1,-0.8407832384109497
guided,OCc1ccc(COc2ccccc2-c2ccccc2O)cc1,-4.690774440765381
guided,Cc1cc(C=O)cc(C)c1O,-5.49832820892334
guided,Cc1c(C(=O)OC[C@H]2CCCO2)[nH]c2c1C(=O)CCC2,-1.86948823928833
guided,CN(Cc1ccccc1NS(=O)(=O)c1c[c-]c(/[O+]=[C-]\C=C2/N=CC=[O+]2)c2ccccc12)C1CCCCC1,-2.787435531616211
guided,O=C(NC[C@H]1CCCO1)Nc1ccccc1C(=O)NCc1cccnc1,-0.5457587838172913
guided,O=C(CN1CCN(CCCC2CCCC2)CC1)c1ccc2cc[nH]c2c1,-6.037325859069824
guided,NC(=O)NCC(=O)N[C@H](CCC(=O)O)C(=O)O,-0.5511511564254761
guided,S=C(NCCCN1CCCCCC1)N1C=CC=CC1,-9.080252647399902
guided,[O-][S@@+](CCc1ccnc2ccccc12)Cc1ccccc1,-6.313461780548096
guided,[CH2-][C@](CS(=O)(=O)Cc1ccc(C)cc1)(Oc1ccccc1Cl)C(=O)/[NH+]=C\c1cc2ccc(C)cc2[nH]c1=O,-0.8228712677955627
guided,[H]/N=c1\n(C)c2ccccc2n1CC(=O)c1ccc(Br)s1,-3.9017679691314697
guided,CN1C(=O)C(=C(NCCN2CCNCC2)c2ccccc2)C(=O)N(C)C1=O,-0.6183289885520935
guided,O[C@@H](CN1CCCCC1)CN1CCNCC1,-5.205429553985596
guided,O=S(=O)(c1cc(Cl)sc1Cl)N1CC=C(c2ccccc2)CC1,-6.773789405822754
guided,C=[N+](/C([O-])=c1/cccc/c1=C\Oc1ccccc1OCC)c1ccc(O)cc1,-1.9702783823013306
guided,O=C1C=C(NCc2cccnc2)C2(CCCCC2)O1,-3.533290147781372
guided,COc1ccc(C(=O)/C=C/N2CCOCC2)cc1F,-5.076229572296143
guided,CCCc1nnc(NC(=O)COC(=O)c2ccc(C)o2)s1,-0.543453574180603
guided,CCOc1cccc(C(=O)NCCCNc2ccc(S(=O)(=O)N3CCCC3)cc2)c1,-1.0147329568862915
guided,O=C(CSc1nnc(-c2ccc3ncccc3c2)o1)c1cc(F)cc(Br)c1O,-2.251028537750244
guided,CCCc1cc(=O)oc2cc(C)c(CN3CCCCC3)c(O)c12,-3.961895227432251
guided,Cc1ccc2c(c1)nnn2C1CCN(CC(=O)Nc2ccccc2F)CC1,-2.516798973083496
guided,CN1CCN([C]2[CH][CH][C](N([O-])[O-])[C]([C+]3[CH][C]4[CH][CH][CH][CH][C]4O3)[CH]2)CC1,-2.059525489807129
guided,COc1cc2c(cc1OC)CN(CC(=O)Nc1ccccc1-c1ccccc1)CC2,-4.626845836639404
guided,Cc1ccc([C@@H](C(=O)NC[C@@H]2CCCO2)N(C(=O)C2=C(N)/C(=C(/N)[O-])N=[S+]2)c2cccc3ccccc23)o1,-0.40957608819007874
guided,CN(C[C]([O])N[C]1[CH][CH][CH][CH][C]1N([O-])[O-])C[C+]([O])N[C]1S[C]2CCCCC[C]2[C]1[C][N],-0.6663439273834229
guided,CCn1c(CN(Cc2ccccc2)Cc2cnn(C)c2C)nc2c1c(=O)n(C)c(=O)n2C,-0.6913712024688721
guided,COC(=O)/C(=C/c1cnc[nH]1)C(=O)/C=C\c1ccccc1,-1.469859004020691
guided,CO[c-]1[cH+][cH-][c+](Cl)[cH-][c+]1[C-]([O-])NCC([N-]C(C[C+]1[CH+][CH+][CH-]O1)C[c+]1[cH-][cH+][cH-][cH+][cH-]1)[c+]1[cH-][cH+][c-](C)[cH+][cH-]1,-4.320688724517822
guided,CCNc1cc(C)c(C)cc1C,-10.66161823272705
guided,O=C1C[C@@](c2ccccc2)([C@H]2C=CCC2)c2ccccc21,-10.452438354492188
guided,O=C1C/C(=C(/c2ccccc2)c2cccc3ccccc23)C(=O)N1,-4.796868324279785
guided,O=c1c(NC[C@H]2CC[C@@H](C(=O)OCc3ccccc3)CC2)c(N2CCCCC2)c1=O,-1.6708754301071167
guided,NC(=O)C1CCN(C(=O)Cc2ccc([N+](=O)[O-])cc2)CC1,-0.369490385055542
guided,COc1ccccc1-n1c(=O)[nH]c2cc(C(=O)O)ccc2c1=O,-0.2965695858001709
guided,COc1ccc2nc(C)cc(/N=C/c3cn([C@@H](CC(C)C)OC)c(=O)[nH]c3=O)c2c1,-0.9354342818260193
guided,CCOC(=O)N[C@@H](O)C(=O)c1cccs1,-1.13052499294281
guided,CCSc1nnc(-c2ccoc2C)n1-c1ccc(C(=O)N2CCOCC2)c(C(F)(F)F)c1,-2.652566432952881
guided,OCc1ccc2[nH]c3c(c2c1)CCCC3,-5.867575645446777
guided,NC(=O)c1ccccc1O,-2.1190779209136963
guided,CN(CC(=O)Nc1ccccc1Cl)C1CCCCC1,-6.817551136016846
guided,CCOP(=O)=[O+]CC.[O-]c1[nH]c2ccc(Br)cc2c1O,-1.0936106443405151
guided,N[C]1[N][C](N[C+]2[CH][CH][CH][CH][C]2F)[N][C](NC[C]2[CH][CH][CH][CH][CH]2)[C]1N([O-])[O-],-0.5594164133071899
guided,CCOc1ccc(N2C(=O)C[C@H](NNC(=O)c3ccc(OC)c(OC)c3)C2=O)cc1,-0.31937435269355774
guided,COc1ccccc1OC[C@H](O)COc1ccc(NC(=O)/C=C/C(=O)O)cc1,-0.37374767661094666
guided,COc1ccc(-c2ccc(CNCCC3=CCOC3)cc2OC)cc1,-5.771059036254883
guided,Cc1ccc(C)c(NC(=S)N2CCN(c3cccc(OCCN(C)C)c3)CC2)c1,-7.124156951904297
guided,CCC[C@@](C)(O)C(=O)NCCNCc1cc(OC)c(OC)c(OC)c1,-0.5003157258033752
guided,Cn1nnc(-c2cccs2)n1,-4.424139976501465
guided,CCC(=O)Nc1cc2c(cc1C(C)=O)OCCO2,-2.0112645626068115
guided,CCOc1ccc(C2=CC(=O)C[C@@H](Oc3ccc([N+](=O)[O-])cc3)C2)c(C)c1,-2.3785016536712646
guided,CN1CCN(NC(=O)c2ccc(Cl)c3ccccc23)CC1,-5.688679218292236
guided,CC[C@@H](CNCc1ccc(OC)cc1)N(C)[C@@H]1CCCN(Cc2ccc(OC)cc2F)C1,-6.600826740264893
guided,Cc1ccc(C)c(CN2CC=C(OCc3ccccc3)CC2)c1,-11.489285469055176
guided,Cc1cc(C)n(-c2nc(N3CCN(C)CC3)c3ccccc3n2)n1,-3.5110790729522705
guided,Nc1ccccc1C(=O)OCC(=O)Nc1ccc(Br)cc1,-1.1080514192581177
guided,O=C1OCC[C@H]1Sc1nc(Cc2ccccc2)nc2ccccc12,-3.966221332550049
guided,Fc1cc(Br)cc(NC2=NCCCC2)c1,-8.44961929321289
guided,[CH2-]CCCC[CH+]O[C+]([O-])C[CH+]C[C+]([O-])N[C-]1[C+](C2CC2)O[c-]2[cH+][cH-][cH+][cH-][c+]2[C-]1[O-],-0.4177749454975128
guided,O=C1C(NS(=O)(=O)c2ccccc2)=C(N2CCN(c3ccccc3)CC2)C(=O)c2ccccc21,-0.9867072105407715
guided,O=C(NNC(=O)[C@@](O)(c1ccccc1)c1cccs1)c1ccc(Br)cc1,-1.4694981575012207
guided,O=C(COc1ccc(S(=O)(=O)N2CCOCC2)cc1Cl)N1CCCCC1,-1.1674138307571411
guided,CN1CCC(=O)N(Cc2ccc(SC(F)F)cc2)CC1,-7.984311103820801
guided,CCn1cc(C(=O)Nc2cc(OC)ccc2OC)c(=O)c2cc(S(=O)(=O)N3CCOCC3)ccc21,-0.4177301228046417
guided,Nc1ccc([N+](=O)[O-])cc1CN[C@H]1CC[C@H](O)CC1,-0.46590301394462585
guided,Cc1c(OCC(=O)NCc2ccco2)ccc2c(-c3ccccc3)cc(=O)oc12,-1.77864670753479
guided,CNCCC(=O)N(C)C1CCCCC1,-6.260926246643066
guided,O=C(c1ccccc1)c1ccc(N2CCCC2)cc1,-9.021322250366211
guided,O=S(=O)(NCc1ccccc1)c1ccc2ccccc2c1,-4.584688186645508
guided,CO[C-]1[CH+][CH-]N(C(Cl)[C+]([O-])[c+]2[cH-][nH][c+]3[cH-][cH+][c-](Br)[cH+][c-]23)[CH+][CH-]1,-3.808380603790283
guided,Nc1ccccc1C(=O)OCC(=O)c1cccs1,-1.6866538524627686
guided,C[c-]1[cH+][cH-][c+]([C+](CN(C)[O-])[N-]N[C+](N)[S-])[cH-][cH+]1,-0.9672626256942749
guided,CN(Cc1ccccc1)c1nc(N)nc(Cl)c1C=O,-1.4356220960617065
guided,COc1ccc(-c2[nH]c(=O)oc2C(=O)c2ccc3ccccc3c2)cc1CN1CCOCC1,-1.531186819076538
guided,N#Cc1cc(F)cc(CN(C([O-])=C=[N+]2CCCCC2)C2CC2)c1,-3.222290515899658
guided,C[C@@H](Cc1ccccc1)NC(=O)c1ccc(N(C)C)cc1,-6.549142360687256
guided,O=S(=O)(NC1CCCC1)c1ccc(S(=O)(=O)N2CCN(Cc3ccccc3)CC2)cc1,-0.7556164860725403
guided,COc1ccccc1OCC(=O)OCC(=O)Nc1ccc2ccccc2c1,-1.787590742111206
guided,N[C-]([O-])C1CCN([CH+][c+]2[cH-][c+](Br)[cH-][cH+][c-]2N2[N-][N-][c-]3[cH+][cH-][cH+][cH-][c+]32)CC1,-1.6016631126403809
guided,COc1ccc2c(c1OC)C(=O)N1[C@H]2SC(C)(C)[C@H]1C(=O)NCc1ccccc1,-2.2345752716064453
guided,Cc1ccccc1NC(=O)CCN1C[C@@H](C)O[C@@H](C)C1,-4.805336952209473
guided,CCO/N=C(\C)Cn1cc2c(=O)[nH]c(=O)[nH]c2cc1=O,-0.4148969352245331
guided,CCS(=O)(=O)C[C@@H](SC)n1ccnc1,-3.285111427307129
guided,CCOc1ccc(/C=N/n2c(-c3n[nH]c(C)c3C)n[nH]c2=S)cc1OC,-0.9974744915962219
guided,COc1ccc(/C=N/NC(=O)c2cccs2)cc1C(=O)N1CCCC1,-1.7120585441589355
guided,[CH2+][C@@H](/C([O-])=N/C)c1cc2oc(CCC(=O)O)cc2cc1C(=O)O,-0.3909207284450531
guided,O[C@@H](CCN1CCSCC1)c1cccc(C(F)(F)F)c1,-8.279662132263184
guided,COc1ccc(CC(=O)Nc2ccc(F)cc2)cc1OC,-4.191460609436035
guided,CCCCS(=O)(=O)CCCO[C@@H](CC)OCC,-3.5402274131774902
guided,[CH+]1C[CH-][O+]([N-]N2CCOCC2)CN1[c-]1[cH+][cH-][cH+][c-]2[cH+][cH-][cH+][cH-][c+]12.[H+].[H+],-6.840884208679199
guided,O=C(NCC1=C[C+](CN[C][O-])=CC=C1)c1ccccc1CCCC#Cc1cccc(NC(=O)C2CC2)c1O,-0.9077655076980591
guided,O=C(NOCc1ccccc1)c1cnn2c(C(F)F)cc(C3CC3)nc12,-2.2583706378936768
guided,CCOC1=C=[N+]2C(=O)c3ccccc3N=C2C[C@]([O-])(Oc2nc3ccccc3n2C)O1,-0.3280886113643646
guided,CS/C(=N\Cc1ccco1)NC#N,-2.335355281829834
guided,COc1ccc(C(=O)C/[S+]=c2\nc3cccc[c-]3n2CC(=O)N/C=C2\[CH-]C=CC=N2)c(C)c1.[H+],-1.257216215133667
guided,Cc1c(C(=O)OCC(=O)Nc2ccccc2C(=O)O)c2c(n1N1CCOCC1)CCCO2,-0.3333350718021393
guided,COC(C[C@@H]1O[C@@H]1[C@H](O)COCc1ccccc1)OC,-2.3034958839416504
guided,NC(=O)c1ccc(NC(=O)COC(=O)CC2=[S+]C(=[S@@](=O)([O-])N3CCCCC3)C=C2)cc1,-0.35451075434684753
guided,COC(=O)c1c(-c2ccccc2)csc1NC(=O)c1ccc(S(=O)(=O)N2CCOCC2)cc1,-1.0086652040481567
guided,O=C(Nc1c(C(=O)N2CCN(c3ccccn3)CC2)oc2ccccc12)c1ccc(NC(=O)c2ccco2)cc1,-2.103736162185669
guided,[CH2+]C1N(C[c+]2[cH-][cH+][cH-][cH+][cH-]2)CCC1(C)O[C+]([CH2-])[O-].[H+],-5.5732421875
guided,COC(=O)[C@@](O)(c1c[nH]c2ccc(O)cc12)C(F)(F)F,-0.8851860165596008
guided,CC(=O)c1sc2nc(C)cc(C)c2c1N,-3.155034303665161
guided,O=C(CCCl)N(Cc1cccnc1)Cc1cccs1,-6.569472312927246
guided,[O-]C(O)=C1C=CC(=[S+]c2ncccc2/C(Cc2ccccc2)=N/O)C=C1,-0.6735177636146545
guided,COc1cc(S(=O)(=O)N2CCOCC2)ccc1/N=C\c1c(C)[nH]n(-c2ccccc2)c1=O,-0.44908878207206726
guided,CN(C)S(=O)(=O)c1ccccc1C#C/[C-]=C/C=C\[C][C+](=O)O,-1.157806158065796
guided,NNC(=O)CN1C(=O)c2ccccc2C1=O,-0.4377315044403076
guided,O=C1/C(=C/NN2CCCC[C@@H]2c2cccnc2)C(=S)NN1c1ccccc1,-2.637174367904663
guided,COCCn1ccnc1CN1CCC[C@H](CNC(=O)C(c2ccccc2)c2ccccc2)C1,-3.1863715648651123
guided,CNCC(=O)N1CCN(c2ccc([N+](=O)[O-])cc2Cl)CC1,-0.9372261762619019
guided,[H+].[H+].[O][C]1C[CH-]CCC1[C-][CH+][CH-][O-],-4.597017765045166
guided,Cc1[nH]nc(C(=O)O)c1C,-2.072059392929077
guided,Cn1nc(C(F)(F)F)cc1C(=O)NC1CCCCCC1,-4.397979259490967
guided,[H]/N=C1/C(c2nc3ccccc3n2C)=C(O)CN1NC(=O)c1cc(OC)cc(OC)c1,-0.476970374584198
guided,Clc1ccc(-c2nc(Cc3ccccc3Cl)no2)cc1,-6.609047889709473
guided,O=C1ON=C(c2ccccc2)/C1=C/c1ccc(O)cc1,-2.8145334720611572
guided,COc1cc(/C=C2\CCc3c2nc2ccccc2c3C)cc(OC)c1,-8.142464637756348
guided,O=S(=O)(c1cccc2cccnc12)N1CCC(N2CCCC2)CC1,-3.239802122116089
guided,CCOC(CNC(=O)c1cc2cc(Br)ccc2oc1=O)OCC,-1.2880791425704956
guided,CCNC(=O)COC(=O)c1cc(-c2ccc(C)s2)nc2ccccc12,-2.2960305213928223
guided,CC(=O)c1nn(-c2ccc3c(c2)OCO3)cc1C(=O)N1CCOCC1,-0.6956955790519714
guided,COc1ccccc1-c1nc2ccccc2n1C,-7.52058744430542
guided,CCOc1cccc(OCCNCc2ccccc2)c1,-6.9521355628967285
guided,[O][C](CN[C]([O])[C]1[CH][CH][CH]O1)OC[C]([O])[C]1[CH][CH][C](N([O-])[O-])[C](CC[C+]2[CH][CH][CH][CH][CH]2)[CH]1,-0.8551573157310486
guided,[H+].[O-]C1(C2(C[c-]3[cH+][cH-][cH+][c-]4[cH+][cH-][cH+][cH-][c+]34)CCCCC2)[C+]2[N-][C+]3[CH-][CH+][CH-][C][C+]3SC21,-7.638033390045166
guided,COc1ccccc1NC(=O)n1cc(S(=O)(=O)CC(=O)NCCS(C)(=O)=O)c2ccccc21,-0.24580954015254974
guided,Cc1ccc2[nH]c(=O)c(C(=O)n3ccnc3C)cc2c1,-1.7538646459579468
guided,NS(=O)(=O)c1ccc(CCNC(=O)[C@H]2CCCO2)cc1,-0.3686639666557312
guided,N#Cc1ccc2ccccc2n1,-5.4883599281311035
guided,Cn1c(=O)n(CCN2CCOCC2)c(=O)c2c1nc1n2CCN1Cc1ccccc1,-0.8769009709358215
guided,Cn1cc(CC(=O)NCc2ccccc2)c2ccccc21,-6.179715633392334
guided,Nn1cc(-c2ccccc2)nc1SCC(=O)Nc1ccc2c(c1)OCO2,-0.6679779291152954
guided,CC[C@H](C(=O)NC(C)(C)C)N1C/[C-]=C/c2ccccc2[N@@H+]2OS2(=O)(c2ccccc2)NCC1=O,-0.39441153407096863
guided,Cc1ccc(C(=O)OCCc2c(C)[nH]n(-c3ccccc3)c2=O)cc1,-2.497805595397949
guided,CO[c-]1[c+]2[c-]([n-][c+]3[cH+][cH-][cH+][cH-][c+]31)OCC(CN)C[CH-]2,-2.538347005844116
guided,CC[C@H](C)[C@@H](NC(=O)c1ccc(C)cc1)C(=O)NC1CCCC1,-3.168332576751709
guided,COc1ccc(/C=N/Nc2ccccn2)cc1OCc1ccccc1,-3.907559633255005
guided,CCOc1ccc(N2C(=O)C[C@H](SCCN)C2=O)cc1,-1.3001586198806763
guided,CCCN(CCC)S(=O)(=O)c1ccc(NC(=O)Nc2ccccc2OC)cc1,-1.6656508445739746
guided,CCCCCCN/C=C1/C(=O)NC(=O)N(Cc2ccco2)C1=O,-0.5502871870994568
guided,O=C(O)c1cc(Cl)ccc1C1CCCC1,-6.290480136871338
guided,FC(F)Oc1ccc(NNC(=S)NC2CCCCC2)cc1,-4.849526405334473
guided,Cn1c(=O)c2[nH]c(CNc3ccccc3C(=O)OCC(=O)Nc3ccccc3)nc2n(C)c1=O,-0.23578599095344543
guided,O=C(NCCc1ccccn1)[C@@H]1CC(c2cccc([N+](=O)[O-])c2)=NO1,-0.3723023533821106
guided,[O][C](NCC[C]1[N][C]2[CH][CH][CH][CH][C]2N1C[C]1[CH][CH][C](N([O-])[O-])[CH][CH]1)[C+]1[CH][CH][CH][C](N2CCOCC2)[CH]1,-0.5801690220832825
guided,COc1cc(OC)c(NS(=O)(=O)c2ccc(C)cc2)cc1Cl,-2.576730966567993
guided,CN[C@H](/C(C[C@@H](N)CO)=N\O)[C@@H](O)C(=O)O,-0.5692002177238464
guided,COc1ccc(OC)c(O[C@H]2O[C@@H](CO)[C@H](O)[C@@H](O)[C@@H]2O)c1O,-0.37668514251708984
guided,S=c1[nH]nc(N/N=C/c2ccco2)s1,-2.0519769191741943
guided,N#Cc1cn(NC(=O)c2ccc([N+](=O)[O-])cc2)c2nc3ccccc3nc12,-0.6412445902824402
guided,C1=CC(=CN[N-]N2CC[N+](=C3c4ccccc4-c4ccccc43)CC2)C=C[CH-]1.[H+],-7.119845390319824
guided,COc1ccc(NCC(=O)N/N=C/c2ccc(-c3ccc(F)cc3)o2)cc1,-1.8405286073684692
guided,C[N@@+]12/C(=C(\[CH-]c3ccccc3)c3ccccc3)[C@H]3C(=O)NC(=O)[C@H]3C[C@@]1([c-]1ccc[s+]1)[N@@H+]2[O-],-1.4665491580963135
guided,COCc1cc(=O)[nH]c(N2CCN(C(=O)c3ccc(F)cc3F)CC2)n1,-0.9108973145484924
guided,CCOCCOCC[C@@H](C(=O)O)P(=O)(c1ccccc1)c1ccccc1,-1.6686280965805054
guided,NS(=O)(=O)c1ccccc1NC(=S)Nc1ccc(F)cc1,-0.8523239493370056
guided,O=C(Nc1ccc(N2CCCC2)cc1)c1ccc2ccccc2n1,-5.158084869384766
guided,O=C1/C(=C/c2cnc3n(c2=O)CCS3)Oc2ccccc21,-2.2900092601776123
guided,CCCN(CCc1ccc(F)cc1)Cc1ccccc1,-13.362865447998047
guided,CCOc1cc([N+](=O)[O-])ccc1NCC(=O)c1ccccc1,-1.3579171895980835
guided,Fc1ccc(NC(=S)N2CCN(C(=S)NC3CC3)CC2)cc1,-6.6179375648498535
guided,CCOCC#C[C@@](C)(O)[C@@H](C)Cc1ccccc1,-6.9171462059021
guided,C[C@H](/[S+]=C1\N=C(c2ccccc2)N=C\C1=C(/[O-])O)C(=O)O,-0.3465735912322998
guided,Cc1ccc2c(C)ccc(S(=O)(=O)Nc3onc(C)c3C)c2n1,-1.1819329261779785
guided,COCCn1c(SCC(=O)c2ccc3ccccc3c2)nc2[s+]c(C)c(C)c-2c1[O-],-3.3538756370544434
guided,O=C(C1=C(O)C(=O)N(CCN2CCOCC2)[C@H]1c1ccc(Cc2cccnc2)cc1)c1cccs1,-1.4786951541900635
guided,O=C(CNc1cccc(C(=O)O)c1)NCc1cccs1,-1.0566426515579224
guided,O=C(c1cc2cc3ccc(Cl)cc3nc2o1)N1CCC[C@@H]1CO,-2.3288872241973877
guided,[C-3]CC[N-][C+]([O-])[c+]1[cH-][cH+][cH-][c+]2[nH][cH-][n-][c+]12.[C-3][CH+][C+]1[CH+][CH+][CH+][CH+][C+]1[CH2-].[H+].[H+],-2.140812635421753
guided,Cc1cc(=O)[nH]c(N/N=C/C=C/c2ccccc2)n1,-1.6323199272155762
guided,CCOc1ccc(-n2c(=O)[nH]cc(C(=O)N(C)C)c2=O)cc1,-0.6435267329216003
guided,COc1cccc(OC)c1OCCCCCCc1nnc(CCC(=O)NC2=NCCS2)o1,-1.026203989982605
guided,COc1cc(C(=O)NCCc2ccccc2)cc(OC)c1OC,-2.9423580169677734
guided,C=[O+]C[CH2-].CCOc1cc2[c-]cc1[O+](CC)[CH-]C1=NCCC(=[C-]1)S(=O)(=O)[N+]#CC#CC(=O)[N+]#CC2,-0.992304265499115
guided,Cn1c(=O)c2c(nc(NCc3ccco3)n2Cc2ccccc2F)n(C)c1=O,-0.5516787767410278
guided,Cc1nc2c(nnn2-c2ccccc2)c(=O)n1-c1ccccc1,-1.9937443733215332
guided,CC(=O)Nc1cccc(NC(=S)NCCCO)c1C,-1.291804313659668
guided,CCCC(=O)N(C[C@H](C)CC)c1nc(C)cc(C)n1,-4.6860151290893555
guided,COc1ccc(C)cc1NCc1ccc(OC)c(OC)c1OC,-4.4077959060668945
guided,O[c-]1[cH+][cH-][cH+][c-]2[c+]1O[CH-]N2CC[C][CH+][c+]1[cH-][cH+][cH-][cH+][c-]1C(F)(F)F.[H+],-7.537964344024658
guided,COc1ccc(N(CC(=O)NCCSc2ccccc2)S(=O)(=O)c2ccccc2)cc1,-1.9514671564102173
guided,O=C(CN1CCOCC1)c1cccnc1,-4.473576545715332
guided,COc1ccc([C@H](C(=O)O)[C@H]2C[C@H](c3cc(OC)c(OC)cc3OC)Oc3ccccc32)cc1OC,-2.524977684020996
guided,N#Cc1ccc(OCc2ccc(C(=O)NN)o2)cc1,-0.3419727385044098
guided,Cn1c(=O)c2ccc(S(=O)(=O)NCCc3ccccc3)cc2n(C)c1=O,-0.3629259169101715
guided,CCCc1cc(=O)oc2cc(Cl)cc(OCC(=O)Nc3ccc(CN4CCOCC4)cc3)c12,-1.9739617109298706
guided,Nc1ccccc1NC(=O)COc1ccc2c(c1)OCO2,-0.7272209525108337
guided,O=C(c1ccco1)n1nc(-c2cccnc2)nc1NCc1ccc(F)cc1,-1.2251814603805542
guided,COCCCN1C(=O)c2ccc(C(=O)OCC(=O)NCCCc3oc(=O)ccc3C)cc2C1=O,-0.35135963559150696
guided,N/C(=N/N1CCCCC1)c1ccccc1,-4.7193708419799805
guided,CNCCNC(=O)Cn1c(=O)n(Cc2cccc(F)c2)c(=O)c2ccccc21,-0.5081813335418701
guided,[CH2-]Cc1cccnc1/C=C\C#[N+]N1CCN(c2ccccc2OC)CC1,-6.65715217590332
guided,O=[N+]([O-])c1ccc(Cl)c(-c2ccc(/C=N\c3c(-c4ccccc4)nc4ccccn34)o2)c1,-4.4161481857299805
guided,COC(=O)C1CCN(c2ccc([N-]/[NH+]=C(\C)c3ccccc3)cc2)CC1,-2.824298858642578
guided,COc1ccc(OC)c(N/C=C\C(=O)c2ccccc2OC)c1,-3.3570759296417236
guided,Cc1nc(S(=O)(=O)c2ccc(F)cc2)c(N2CCCCC2)o1,-2.4585561752319336
guided,CCOC(=O)[C@]1(C)C=C(Nc2cccc(C)c2)C(=O)N1c1ccccc1,-3.282513380050659
guided,[O-]C1=C(Cl)C2=C(CCCCC2)[N@H+]1/N=C\c1ccoc1,-3.193748950958252
guided,CCCCCN1C(N)=NC[C@H]1Cc1ccc(O)cc1,-2.3902225494384766
guided,CCOC(=O)CCCNC(=O)CCCc1cc(-c2ccc(OCC)cc2)on1,-1.185139536857605
guided,COc1cc2c(C(F)(F)F)c(C(C)=O)ccc2[nH]1,-5.3125834465026855
guided,O=C(OCc1ccc(-n2cnnn2)cc1)c1cc(F)ccc1[N+](=O)[O-],-0.4904962480068207
guided,O=C1c2ccccc2C(=O)N1CSc1nnc(-c2ccco2)n1C[C@H]1CCCO1,-0.895524799823761
guided,[O-]N([O-])[C+]([c+]1[n-][c+]2[cH-][cH+][cH-][cH+][c-]2o1)C1CC[c-]2[cH+][cH-][cH+][cH-][c+]2N1C[c+]1[cH-][cH+][cH-][cH+][cH-]1,-2.666455030441284
guided,C[C-]1[C-]([C+](N)[O-])[CH+][C-]2[CH+]C1CCCCCCCC(C)N[S+2]2([O-])[O-],-0.5850335955619812
guided,S=C1NCN(Cc2ccco2)CN1CCc1ccccc1,-6.387725830078125
guided,N#CCC(=O)c1ccccc1N1CCOCC1,-3.111332893371582
guided,O=C(O)[C@H]1CCCC[C@@H]1C(=O)NCc1ccccc1,-1.9397352933883667
guided,COc1cc(/C=C(\C#N)c2nc3ccccc3s2)ccc1OC[C@@H](O)CNC1CCCC1,-2.076103925704956
guided,COc1ccccc1-c1n[nH]c(=S)n1Cc1ccco1,-3.316694498062134
guided,CC(=O)N1c2ccc(S(=O)(=O)NCC3CCCCC3)cc2C[C@@H]1C,-2.2262396812438965
guided,Nc1ccc(F)c(-c2ccc(CC(=O)N3CCC(O)CC3)s2)c1,-2.050930976867676
guided,CCCOc1ccc(/C=N/Nc2nnc(C)n2N)cc1C,-0.5650333166122437
guided,CC1=C(C(=O)OC(C)C)[C@H](c2ccc(OC(F)F)cc2)NC(=O)N1,-1.4761006832122803
guided,COC[C+]1[CH-][CH+][C+](N[C-]([O-])C2CCCN2CCOCCl)[C][C-]1[O-],-0.9537957310676575
guided,C[C@H](OC(=O)Cc1ccccc1)C(=O)N1CCC[C@@H]1CO,-1.7254961729049683
guided,O=C(NC(=S)Nc1nccs1)c1cccs1,-3.2108523845672607
guided,S=C(Nc1ccc(Br)cc1)N1CCN(C(=S)N2CCCCC2)CC1,-8.869662284851074
guided,Cc1ccccc1C(=O)NNC(=O)CCc1ccc2ccccc2c1,-3.2668862342834473
guided,O=C(OCNc1nc(-c2ccccc2)c(C(=O)O)s1)c1ccc(Cl)cc1,-1.8783153295516968
guided,S=C(NCc1nc2ccccc2n1Cc1ccc(Cl)cc1)Nc1ccccc1,-6.7374444007873535
guided,C/C(=N\NC(=O)c1ccccc1O)c1cccc(C(=O)NN)c1,-0.3285294473171234
guided,CS(=O)(=O)NCc1nc2ccccc2c(=O)[nH]1,-0.3958170711994171
guided,CN(Cc1ccccn1)C(=O)c1cn(-c2ccc(N(C)C)cc2)c(=O)c2ccccc12,-3.298466205596924
guided,CCN(C)Cc1nc(-c2cccs2)cc(=O)[nH]1,-3.692694664001465
guided,CCC[C@@H](C(=O)N(C)Cc1ccc2c(c1)OCO2)c1ccccc1,-6.049464225769043
guided,CCO[C-]1[CH+][CH-][CH+][C][C+]1OC[C-]([O-])O.[C-3][C][C][CH+]CC[C+](C)CCCCCC[CH+]CC(C[CH2-])N[C+]([O-])[c+]1[cH+][cH+][c+](OC(F)F)[cH-][cH+]1.[H+].[H+].[H+].[H+],-4.124137878417969
guided,CC(=O)Nc1ccc(S(=O)(=O)Nc2nc3ccccc3s2)cc1,-0.9321956634521484
guided,Cc1cc(NCCc2c[nH]cn2)n2nnnc2n1,-0.4850993752479553
guided,O=C(O)c1ncn(C(c2ccccc2)c2ccccc2)c1C(=O)N1CCc2ccccc21,-2.5043368339538574
guided,CCOC(=O)c1c(Nc2cccc(OC)c2)c2cc(OC)ccc2[nH]c1=O,-1.1277103424072266
guided,CC(=O)N1CCN(S(=O)(=O)c2c(C(=O)N3CCCCC3)c(C)n(C)c2C)CC1,-0.8163659572601318
guided,C[C@@H](OC(=O)C1CCN(S(=O)(=O)c2ccc(F)cc2)CC1)C(=O)N1CCCC1,-0.8118970394134521
guided,C[c+]1[n-][c-](N[c+]2[cH-][cH+][cH-][cH+][c-]2C)s[c+]1[C-]([O-])[N-]CCN1CCOCC1,-1.188300371170044
guided,Cn1c(/C(=N\O)c2ccccc2)nc2ccccc21,-3.7677419185638428
guided,O=C(Cc1ccco1)NCCCC(=O)OCC(=O)NC1CC1,-0.36083537340164185
guided,C/[S+]=C(\[O-])CC(=O)N1CCOCC1,-3.3019702434539795
guided,COc1ccc(NC(=O)C[C@H](c2ccc(NC(=O)N3CCOCC3)cc2)c2ccccc2OC)cc1,-2.0980007648468018
guided,COCCN[C-]1[N-][c+]2[cH-][cH+][cH-][cH+]n2[C+]([O-])N1C1CCCCC1,-1.8036991357803345
guided,O=C(NC(=S)NNS(=O)(=O)c1ccccc1)c1ccco1,-0.3064177930355072
guided,COc1ccccc1N1CCN(C(=O)c2cc3ccccn3n2)CC1,-3.5412330627441406
guided,COc1ccccc1N1CCN(S(=O)(=O)c2ccc3ccccc3c2)CC1,-4.062108993530273
guided,CCOc1cccc([C@@H]2CCN(Cc3ccccc3OC)C(=O)N2)c1,-4.205712795257568
guided,COc1ccccc1/C=N/N=C1/SCC(=O)N1c1ccc(Cl)cc1,-3.8865067958831787
guided,COc1ccc(S(=O)(=O)N/N=C(/C)c2cccs2)c(OC)c1,-1.1944172382354736
guided,C[C]([CH][C]1[CH][CH][CH][CH][CH]1)[C]([CH][C]([O-])[NH+][C]1[CH][CH][C]([OH+])[CH][CH]1)[N+](C)CC[C][CH][C]([O-])C(C)(C)C,-0.6663591265678406
guided,CN(Cc1ccccc1F)C(=O)NCc1ccc(S(N)(=O)=O)cc1,-0.45336195826530457
guided,COCCn1c(SCC(=O)NC2CCCCC2)nc2[s+]cc(-c3ccc(C)cc3)c-2c1[O-],-2.3775134086608887
guided,S=C(NCCCN1CCOCC1)N1CCN(c2ccccn2)CC1,-4.247265338897705
guided,CCOc1ccc(/N=C/c2ccc3ccccc3c2OC(=O)c2cccs2)cc1,-7.100666046142578
guided,O=C1C[C@H](C(=O)O)S/C(=N\N=C\c2ccco2)N1,-0.40754345059394836
guided,CN(C)[P+]([O-])(N(C)C)N1C23[O+]4[S+]2P143C,-5.71095085144043
guided,C[c-]1[cH+][cH-][c+](OC[C-]([O-])NCC2[CH-]CCCN2[C+]([O-])N[C+]2[CH+][CH-][CH+][CH-][CH+]2)[cH-][cH+]1,-0.7310491800308228
guided,C[P@@](=O)(Nc1ccc(Cl)cc1)Oc1ccccc1,-6.713555812835693
guided,CCCn1c([C@@H]2CCCN2c2nc(C)cs2)nc2cc(Cl)c(Cl)cc21,-8.714163780212402
guided,FC(F)OC(F)(F)[C@@H](F)Cl,-11.330460548400879
guided,[H]/[C-]=C/C=C\[C+]1=C(C2=[O+]C(=O)C(/C=C\[C]/[NH+]=C(/[O-])COCC)=N2)C=CC=[C-]1,-0.7391284108161926
guided,O[C@H](c1ccc(Cl)cc1)[C@H](O)c1nc2ccccc2[nH]1,-2.015859603881836
guided,COCCOC(=O)c1cn(CC(=O)c2cc(C)n(C)c2C)c2ccc(OC)cc12,-1.884266972541809
guided,O=C(NNC(=O)c1ccc2c(c1)OCCO2)Nc1ccccc1,-0.5413395166397095
guided,COC(C)CSC[C-]1[C][C][C+]([CH-][C+](C)F)[CH+][CH+]1.[H+],-11.491783142089844
guided,N#Cc1ccc(/C=C/c2ccccc2)[nH]c1=O,-2.952509880065918
guided,Fc1ccc(C2CCNCC2)c(OCc2ccc(CN3CCN(c4ccccc4)CC3)cc2)c1,-8.95254898071289
guided,CNc1nn2c(=O)c3ccccc3nc2s1,-2.398754119873047
guided,Cc1ccc(C)c(S(=O)(=O)n2nc(-c3ccccc3)cc2N)c1,-1.3771588802337646
guided,CO[C]1[CH][CH][C](Cl)[CH][C]1[NH+][N][CH][C]1[C]([OH+])[CH][CH][CH][C]1[C][CH][C]([O-])O,-0.5296655893325806
guided,CCOc1ccccc1-n1c(=S)sc2c(=O)n(-c3ccc(F)cc3)c(SCC(=O)O)nc21,-2.193209171295166
guided,O=C(c1cccn1Cc1ccccc1)N1CCN(c2nc3ccccc3o2)[C@H](O)C1,-1.4958679676055908
guided,CC(=O)Nc1ccc2ccccc2c1/C=C(\C=N\OCc1ccc(C)cc1)C(F)(F)F,-6.736893177032471
guided,O=C(N/N=C/c1cc2cc3c(cc2[nH]c1=O)OCO3)[C@H](O)c1ccccc1,-0.30152592062950134
guided,O[C@@](c1ccccc1)(c1ccc(F)cc1)[C@@H]1CCCN1,-6.493601322174072
guided,CC(=O)NCCC(=O)Nc1cccc2ccccc12,-2.664459466934204
guided,[CH2+][C@@H](CC/N=C(/[O-])OCC)N1Cc2cccc(C(=O)N[C@H](C)C(=O)O)c2C1=O,-0.3889281153678894
guided,O=C1C(SCCO)=C(SCCO)C(=O)c2ccccc21,-1.2385482788085938
guided,[CH2+]OC1CC(OC)COC1OCCO[N-][CH+]CCC1NC(C)CC([C-]([O-])[CH+][C+](CCC)[C-](C)[O-])S1,-0.7795813083648682
guided,CC(C)CCc1nnnn1CC(=O)NCc1ccccc1,-1.3020962476730347
guided,CCO[C]1[CH][C](N[C+](C)[O])[CH][CH][C]1N[C]([O])[C]1[CH][CH][C]([C]2[CH][CH][CH][CH][C]2N([O-])[O-])O1,-0.6860900521278381
guided,CCOc1ccc(NC(=O)CN(Cc2ccco2)C(=O)CCN2C(=O)COc3ccccc32)cc1,-0.9712623953819275
guided,COc1ccc(NC(=O)N[C@@H](C)c2ccc3ccccc3c2)cc1,-5.056821823120117
guided,Brc1ccc(N2CCN(c3ccccc3)CC2)cc1,-12.196222305297852
guided,OC[C@@H]1O[C@@H](O[C@@H]2O[C@@H](CO)[C@H](O)[C@@H](O)[C@@H]2O)[C@@H](O)[C@H](O)[C@H]1O,-0.5589469075202942
guided,Cc1nn(Cc2ccccc2)c(C)c1NC(=O)C1CC1,-4.262348651885986
guided,Cc1cc(/C=N/NC(=O)/C=C/C(=O)O)c(C)n1-c1ccccc1,-0.8140039443969727
guided,COc1c(Cl)ccnc1NC(=S)Nc1ccc2ccccc2c1,-5.584390163421631
guided,COc1ccc(S(=O)(=O)N[C@H](C)C(=O)NCc2ccco2)cc1O,-0.28169578313827515
guided,COc1ccccc1NC(=S)N[C@H](NC(C)=O)C(Cl)(Cl)Cl,-2.5113279819488525
guided,O=c1c2c(O)c([N+](=O)[O-])[nH]c3ccccc3c2n2[c-]3n1CCC[s+]32,-0.720382571220398
guided,Nc1cccc(C(=O)c2ccccc2)c1,-4.658247947692871
guided,CC(=O)c1cc2c(cc1Nc1oc(-c3ccccc3)nc1C#N)OCO2,-1.2757638692855835
guided,NS(=O)(=O)c1ccc(/N=N\c2sc(Nc3ccccc3)nc2-c2ccccc2)cc1,-2.9247922897338867
guided,COCCCNCN1C(=O)[C@H]2CC=CC[C@H]2C1=O,-2.589928388595581
guided,CN1CCN(C(=O)c2ccccc2NS(=O)(=O)c2ccccc2)CC1,-1.4901140928268433
guided,Cc1c(C)n(C)c2ccc(N(C)/N=C3\CCS(=O)(=O)c4sccc43)cc12,-3.8435235023498535
guided,CC(=O)Nc1ccc(/N=C2\SC(=C(C)C)C(=O)N2c2ccc(O)cc2)cc1,-2.132225513458252
guided,Cc1cc(C)n2nc(C(=O)NN=C3CCN(C)CC3)nc2n1,-0.5296369194984436
guided,O=S1(=O)CC[C@H](Nc2ccccc2C(F)(F)F)C1,-4.2119927406311035
guided,COc1ccccc1N1CCN(S(=O)(=O)c2ccc3oc4ccccc4c3c2)CC1,-3.1143596172332764
guided,CCn1c(SCC(=O)Nc2cccc(C)c2)nc2ccsc2c1=O,-2.631753921508789
guided,O=S(=O)(c1cccc(C(F)(F)F)c1)c1nnn2c1nc(NCCCN1CCOCC1)c1ccccc12,-0.8640375733375549
guided,C[C@H](Sc1ccc(Cl)cc1)C(=O)NCCN1CCOCC1,-4.767356872558594
guided,NS(=O)(=O)c1ccc(C/N=[C-]\n2cccn2)cc1.[H+],-0.4518525004386902
guided,O=C(Nc1ccc(-n2cnnn2)cc1)c1ccc(Cl)cc1Cl,-1.8826433420181274
guided,CC[C@H](CCC(=O)O)CC(=O)O,-1.4259252548217773
guided,Brc1cccc(NCc2ccncc2)c1,-8.131068229675293
guided,O=[N+]([O-])c1c(NCCO)cc(Sc2nc3ccccc3[nH]2)c2nonc12,-0.5942994356155396
guided,Nn1c(COc2ccccc2)nnc1SC(F)F,-1.902816653251648
guided,CCOc1cc(/C=N/O)ccc1OCc1ccc(Cl)cc1,-4.5348310470581055
guided,COCCOCCCNC(=O)C1=CCN(S(=O)(=O)c2ccc(OC)cc2)CC1,-0.36952418088912964
guided,CCOc1ccc2nc(NCCO)[nH]c2c1,-1.5003997087478638
guided,C=[N+]1C[C@@]2(C)CN(CC(CCC)=C2[O-])C12CCCCC2,-6.930681228637695
guided,CN(C)S(=O)(=O)Nc1ncccn1,-1.1451747417449951
guided,Cc1cc(C(=O)Nc2ccc3nc(C)oc3c2)n(-c2ccccc2C)n1,-2.4254465103149414
guided,[O-]N([O-])[c+]1[cH-][cH+]n2[c+]([cH+][cH-][cH+][c-]2[S+2]([O-])([O-])[c+]2[cH-][cH+][cH-]s2)[n-]1,-0.44433021545410156
guided,NS(=O)(=O)c1cccc(NC(=O)COc2ccc(Br)cc2Cl)c1,-0.6693905591964722
guided,NS(=O)(=O)c1ccc(NS(=O)(=O)c2ccc(Cl)c(C(=O)O)c2)cc1,-0.37614670395851135
guided,[O-][C+](NC[CH-]O[c+]1[cH-][cH+][cH-][c+]2[cH-][cH+][cH-][cH+][c-]12)[c+]1[cH-][cH+][cH-]s1,-4.588562965393066
guided,O=c1oc2ccc(Cl)cc2cc1-c1ccccn1,-5.087846279144287
guided,COCCc1ncc(CN2CCCCCC2)c(C)n1,-5.358068943023682
guided,C[C@H](c1ccccc1)c1cncc(Br)c1,-10.947617530822754
guided,C[C]1[CH][CH+][C]2[N][CH][N][C](N[C]3[CH][CH][CH][C](N([O-])[O-])[CH]3)[C]2[CH]1,-0.6725687384605408
guided,CNC(=S)NCc1ccc(OC)cc1,-5.9573163986206055
guided,CCCS(=O)(=O)Nc1cc(S(=O)(=O)N2CCOCC2)ccc1N1CCCC1,-0.3828854262828827
guided,Fc1ccc(Oc2cnc3ccccc3n2)c(F)c1,-6.479904651641846
guided,[H+].[O-][C+](NC1CCC[c+]2[cH-][cH+][cH-][cH+][c-]21)C1CCN([S+2]([O-])([O-])[C][CH+][C-]2[C]N[C+]3[CH+][CH-][CH+][CH-][C+]32)CC1,-0.5645003914833069
guided,COc1ccccc1Nc1ccc(Cl)nn1,-4.229284763336182
guided,O=C(NC1CCCCC1)N1CCN(c2cccc(F)c2)CC1,-6.018441677093506
guided,CO[c-]1[cH+][cH-][c+](CN(C[C+]([O-])NC[c+]2[cH-][cH+][cH-][cH+][cH-]2)[C-](C)[c+]2[n-][n-][c+](CO[c+]3[cH-][cH+][cH-][cH+][cH-]3)o2)[cH-][c+]1Br,-1.4998159408569336
guided,Cc1ccc(N(C)S(=O)(=O)c2ccc3c(c2)CCC(=O)N3)cc1C,-2.1928257942199707
guided,C=CCNc1ccc(Oc2cncc(Cl)c2)nn1,-2.8120787143707275
guided,Cc1ccc(S(=O)(=O)N(CC(=O)Nc2ccc(OC[C@@H]3CCCO3)cc2)c2ccc(Br)cc2)cc1,-2.6813502311706543
guided,COc1ccc(NC(=O)Nc2ccc3c(c2)CCC3)c(OC)c1,-3.2940497398376465
guided,FC(F)Oc1ccc([C@H](CCN2CCCC2)c2ccc(Cc3ccccc3)cc2)cc1,-13.620859146118164
guided,Cc1cc(C(=O)Nc2cccc(C#N)c2)on1,-1.0248725414276123
guided,CC(=O)Nc1cccc(/N=N/N2CCCCC2)c1,-3.18514084815979
guided,COCCN(C(=O)CSc1nc2nc(C)cc(C)n2n1)c1c(N)n(Cc2ccccc2)c(=O)[nH]c1=O,-0.25427982211112976
guided,COc1ccc(C2=NO[C@@H](C(=O)N3CCO[C@H]3c3ncccc3C)C2)cc1OC,-0.9110656380653381
guided,Fc1ccc(Br)cc1SCCc1ccncc1,-11.190655708312988
guided,CCO[C]([O])[C]([N]CC1CCN([C]([O])[C]2[CH][CH][CH][C](N([O-])[O-])[CH]2)CC1)NN[C+]1[CH][CH][C]([N+]([O])[O-])[CH][CH]1,-0.5293983221054077
guided,CCC(/C=N/NC(=O)CCc1cccc2ccccc12)CC,-5.929750919342041
guided,COc1ccc(NC(=S)c2ccccc2)c([N+](=O)[O-])c1,-2.599480628967285
guided,COc1ccc([C@H](CN2CCOCC2)N2CCN(C)CC2)cc1O,-3.651642084121704
guided,CCOC(=O)CCc1c(-c2ccccc2)n(-c2ccc3c(c2)OCO3)c2ncnn2c1=O,-0.6453226804733276
guided,O=c1cc2c(n[nH]1)-c1ccccc1CC2,-4.08209228515625
guided,[O-][C+](CN1CCCCC1)N1C[CH-][C+](NCC2[CH+][C-]([O-])N(C3CCCCC3)[C+]2[O-])CC1,-0.6285057067871094
guided,COc1c(C)oc(CCc2ccc(Cl)cc2)c1OC(F)F,-7.836948394775391
guided,COc1cc(OC)cc(-n2c(SCC(=O)Nc3nccs3)nc3cc(OC)c(OC)cc3c2=O)c1,-1.0415006875991821
guided,O=C(NCc1cccnc1)[C@@H]1CCCN(S(=O)(=O)c2cnc[nH]2)C1,-0.31497010588645935
guided,[H]/N=c1\n(C)c2ccccc2n1CCOCc1cccnc1,-2.833836078643799
guided,CCOc1ccc(CN(C)CC(=O)NCc2ccc(Cl)cc2Cl)cc1,-5.763247966766357
guided,Cc1ccc(-n2cc(CN[C@@H](C)CCN(C)C)c(-c3cccc(C)c3)n2)cc1,-7.435340881347656
guided,CSc1ccccc1NC(=O)COC(=O)c1ccc2c(c1)CCN2S(=O)(=O)c1ccc2ccccc2c1,-2.3972866535186768
guided,N#CC(C#N)(CCC(=O)Nc1nccs1)Cc1cccs1,-1.029625654220581
guided,CC(=O)c1ccc(NCCCOc2cccc3cccnc23)cc1,-4.573546409606934
guided,CN(C(=O)C/[S+]=c1\nc2[nH]ncc2c([O-])n1-c1ccc(F)cc1)c1ccccc1,-0.5897295475006104
guided,O=[N+]([O-])c1cccc(-c2csc(CS(=O)(=O)CCO)n2)c1,-0.36350589990615845
guided,COc1ccc(NC(=O)CCCNC(=O)Cc2cccc3ccccc23)cc1OC,-1.9590481519699097
guided,[H]/[O+]=c1\c2ccccc2c(C(=O)/[NH+]=[NH+]\C(=O)C/[O+]=[C-]/C=C\C=[C-]\C=C=C=[C-2])nn1CCC,-0.3419862985610962
guided,Cc1ccc2c(=O)n(Cc3ccco3)c(SCC(=O)c3ccccc3)nc2c1,-3.107734441757202
guided,COc1cccc(NC(=S)NCc2ccc(F)cc2)c1,-6.548816204071045
guided,COCCOCC(=O)Nc1cccnc1Cl,-2.2906672954559326
guided,CN1C(=O)/C(=C\Nc2ccccc2)C(=O)NC1=S,-2.1788253784179688
guided,O=C(O)c1ccc(OC(F)(F)F)nc1C(F)(F)F,-2.912001848220825
guided,O=Cc1cc2ccccc2nc1SC1CCCCC1,-7.920070648193359
guided,Cc1nc2cc(NC(=O)NCCc3cccc4ccccc34)ccc2o1,-3.266139030456543
guided,O=C(Nc1ccccc1N1CCCC1)c1ccco1,-4.51959228515625
guided,C[C@H]1CN(C(=S)Nc2ccccc2)C[C@H](C)O1,-7.779088020324707
guided,CO[C+]([O-])N(C[c+]1[cH-][cH+][c-](OC[c+]2[cH-][cH+][cH-][cH+][cH-]2)[c+](OC)[cH-]1)[C-]1[CH+][CH-][C-](C[O+](C)N)[CH-][C+]1C,-1.1017935276031494
guided,COc1ccc(-n2c(SCC(=O)N3CCOCC3)nnc2-c2cccs2)cc1,-1.894487738609314
guided,Cc1cccc(NC(=O)/C=C/C(=O)O)c1O,-0.5859872698783875
guided,O=C(O)c1ccc(N2CCN(C(=O)c3ccco3)CC2)cc1,-1.2413583993911743
guided,O=C(O)CC1(CC(=O)Nc2ccc3c(c2)OCO3)CCCCC1,-1.1939846277236938
guided,O=C(C/[S+]=c1\nc2ccsc2c([O-])n1-c1ccc(C(=O)O)cc1)NCc1ccco1,-0.4981133043766022
guided,O=C(c1ccccc1)c1ccc(OCc2ccc(C(=O)N3CCOCC3)cc2)cc1,-3.801957607269287
guided,CC(=O)c1sc(N2CCC(C(=O)NNC(=O)COc3cccc4ccccc34)CC2)nc1C,-0.8688771724700928
guided,CCCC(=O)Nc1ccc(C(=O)CN2CCN(c3ccccc3)CC2)cc1,-3.741575241088867
guided,CCN(C)[C-]1[CH+][C][C+](C2[C+]([C][N-2])[C+](N)O[C+]3[C-]2[C-]([O-])O[c+]2[cH-][cH+][cH-][cH+][c-]23)[CH-][CH+]1,-0.45236751437187195
guided,CCc1nc(N)nc(Nc2cccc(C)c2)n1,-1.1363180875778198
guided,CC(C)[C@@H](CN1C(=O)C(=O)NC[C@@H]1[C@H](C)O)c1ccccc1,-1.4937331676483154
guided,COc1ccc(CCNC(=O)CN2CCN(Cc3ccc(Cl)cc3)C2=O)cc1OC,-1.7855322360992432
guided,O=[N+]([O-])c1c(NCCCCOc2ccccc2)ccc2nonc12,-0.9677147269248962
guided,COc1ccc2c(c1)-c1ccccc1[C@@H]1N(C)CC[C@]21C#N,-6.109702110290527
guided,O=S(=O)(Sc1ccccc1)c1ccc(Cl)cc1Cl,-7.251090049743652
guided,COc1ccc(/C=N/NC(=O)CNC(=O)c2ccc(S(=O)(=O)N3CCOCC3)cc2)cc1OC,-0.27544546127319336
guided,COCCc1ncc(CN2CCC(C(=O)Nc3cccc(C(F)(F)F)c3)CC2)c(C)n1,-2.596374988555908
guided,ON1[C@@H](c2c(F)c(F)c(F)c(F)c2F)N(O)[C@H]2CCCC[C@H]21,-4.580625057220459
guided,NC(=O)N/N=C/c1c(O)ccc2ccccc12,-0.5650488138198853
guided,COc1ccc(C(=O)[C@H]2CCCN(c3c[nH]c4ccccc34)C2)cc1,-5.305743217468262
guided,Cc1cc(S(=O)(=O)N2CCCCCC2)ccc1OCC(=O)OCc1c(C)noc1C,-0.9860069155693054
guided,O=C(Oc1ccc2ccc(=O)oc2c1)c1cccc2ccccc12,-3.8713371753692627
guided,C/C=[C-]\C=C/C=[C-]/COC(=O)C1=[O+]c2c(cc(CCC)c(O)c2OC)C(=O)/C1=[O+]/C,-0.8857887983322144
guided,CCOc1ccc(Cc2ccc(Cl)nc2)cc1,-8.83880615234375
guided,NC(=O)c1cnn(-c2nc3c(N)ncnc3n2CC(=O)c2ccc(F)cc2)c1,-0.3046801686286926
guided,CCCN[C][N-][C+]1[C][C+](SCC)[CH+][CH-][CH+]1.[H+].[H+],-7.906426429748535
guided,O=C(NNc1cccc2cccnc12)c1cc2sccc2n1Cc1ccccc1,-4.407041072845459
guided,COc1ccccc1N(CC(=O)N1CCCC1)S(=O)(=O)c1ccc(Br)cc1,-2.280552387237549
guided,O=C(CSc1nc(-c2ccccc2)cc(-c2cccs2)n1)Nc1cccc2c1CCCC2,-6.498440265655518
guided,COCCN(C(=O)Nc1cccc(F)c1)c1nc2ccccc2s1,-4.022518157958984
guided,C[C@@H](C(=O)N1CCOCC1)N1C(=O)/C(=C\c2ccccc2)SC1=S,-3.6584508419036865
guided,N#Cc1c(Oc2cccc(N)c2)nc2c(c1-c1ccco1)CCCC2,-2.0247631072998047
guided,Clc1ccccc1COCCN1CCc2ccccc2C1,-10.931631088256836
guided,O=C(Nc1ccc(S(=O)(=O)NC[C@@H]2CCCO2)cc1)c1cccc2c1N(S(=O)(=O)c1ccc(Cl)cc1)CCCC2,-1.8910547494888306
guided,[O][C](CN[C+]([O])[C]1[CH][CH][CH][CH][C]1F)OC[C]([O])[C]1[CH][CH][C](N([O-])[O-])[CH][CH]1,-0.5735518336296082
guided,COCCN1CN=C(Nc2nc(C)cc(C)n2)NC1,-1.1640936136245728
guided,F[C@@H]1CCCN([C@@H](c2ccccc2)c2nnnn2CCc2ccccc2)C1,-4.573770523071289
guided,CC(=O)c1ccc(OCc2cccc(C(=O)O)c2)cc1,-2.553659439086914
guided,CCO[C]1[CH][CH][C]([C+]([O])N2CC[N][C]2SC[C]2[CH][CH][C](C)[CH][C]2C)[CH][C]1N([O-])[O-],-1.0363205671310425
guided,COc1ccccc1/C=C/CN1CCc2cc(OC)c(OC)cc2C1,-7.166350364685059
guided,Cc1cc(Cl)ccc1/[S+]=C1\C=C/C(=C(\N)[O-])C=C1[N+](=O)[O-],-0.5020474791526794
guided,O=C(Oc1ccc(N2CCC3(CC2)OCCO3)c(Cl)c1)c1ccccc1,-4.7068376541137695
guided,CN(C)S(=O)(=O)c1ccc2c(c1)nc(CCCC(=O)NCc1ccccc1Cl)n2C,-1.0993525981903076
guided,CNC(=O)CCn1nc(-c2ccc(C)cc2)c2ccccc2c1=O,-2.156076669692993
guided,C=[O+]C1=CC(=[O+]\C)/C(=[O+]/C)C=C1C([O-])[N-]C[C@@H](C)OCC[C-](C)C,-1.0136548280715942
guided,CCN1C(=O)C(=N\NC(=O)c2cccs2)/C(=C\CC(C)C)C1=O,-1.1050949096679688
guided,CCCCNC[C@H](O)COc1ccc(Br)cc1,-4.97907018661499
guided,[CH2][CH][C]([O])OCC(C)O[C]([C][C-][N+]1[CH]C(N[C](C)[O])O[C]O1)OC(C)C.[H+],-0.5526092648506165
guided,CC(C)N1C(=O)c2ccccc2[C@H]1C(=O)NCCN1CCOCC1,-2.1203267574310303
guided,CN(CC(=O)N1CCN(C/C=C/c2ccccc2)CC1)S(=O)(=O)c1ccc2c(c1)OCCO2,-0.9068318009376526
guided,OCC1CCCN([C-]2[N-][C+]3[CH+][CH-][CH+][CH-][C+]3N3C[c-]4[cH+][cH-][cH+][cH-][c+]4C[C-]23)C1,-5.307884216308594
guided,OCC(F)(F)C1(O)CCNCC1,-3.4588613510131836
guided,COc1ccccc1N1CCN(C(=O)Cn2ncc3c([nH]c4ccccc43)c2=O)CC1,-0.7481218576431274
guided,C[C@@H]1CN(S(=O)(=O)c2ccc(S(=O)(=O)N3CCCC3)cc2)C[C@H](C)O1,-0.7301324605941772
guided,N[C-]([O-])[CH+][N-]C1C[c+]2[cH-][cH+][cH-][cH+][c-]2CC1[C+]([O-])N[C+]1[CH+][CH-][CH+][CH-][C+]1[c-]1[cH+][cH-][cH+][cH-][cH+]1.[H+],-0.3850557506084442
guided,COc1ccc(/N=[C-]/c2ccoc2-c2ccccc2)cc1.[H+],-7.257012844085693
guided,O=C(/C=C\c1cnc2ccccc2c1)c1ccc(COCC(F)(F)C(F)F)cc1,-7.452369689941406
guided,Fc1ccc2[nH]c(-c3ccccc3Cl)nc2c1,-7.840777397155762
guided,Cn1nc(C(=O)Oc2ccc(F)cc2Br)c2ccccc2c1=O,-2.679323434829712
guided,Nc1nc(SCC(=O)Nc2cc(S(=O)(=O)N3CCCCCC3)ccc2Cl)n[nH]1,-0.5189877152442932
guided,COCCCOc1cccc2cccnc12,-6.503942966461182
guided,Cc1cccc(COc2ccc(C(=O)N3CCOCC3)cc2)c1,-5.493411064147949
guided,COc1ccccc1OCc1nnc(SCC(=O)NC2CCCC2)n1C,-1.1395847797393799
guided,CN1CCN(c2ccccc2C(=O)c2ccc(F)cc2)CC1,-7.955918312072754
guided,CCOc1ccc2ccccc2c1[C@@H](NC(=O)Nc1ccc(F)cc1)c1ccccc1,-6.842222213745117
guided,Fc1ccc(CCNCCCCN2CCCCC2)cc1,-9.975502014160156
guided,C/C=C(/[O-])N1N=Nc2ncnn2[C@H]1c1ccccc1Cl.[H+],-0.9115738272666931
guided,CCCCCC(=O)O/N=C(\C)c1cccs1,-5.927886962890625
guided,O=Cc1c(N2CCCC2)ccc2ccccc12,-8.861103057861328
guided,CCCn1c(S[C@@H](C)C#N)nc2ccccc2c1=O,-2.828856945037842
guided,COc1ccc(N(CC(=O)NCC2CCCCC2)S(=O)(=O)c2c(C)noc2C)cc1,-0.8963249325752258
guided,CCOc1cc(S(=O)(=O)N(CC(=O)NCCCOC)c2ccccc2)ccc1Cl,-1.0860685110092163
guided,COCCNC(=O)c1oc2ccccc2c1-n1cc(CN2CCCCCC2)c(-c2ccc(F)cc2)n1,-3.319444179534912
guided,COc1ccc2c(c1OC)C(=O)O[C@H]2Nc1nc(-c2cccc([N+](=O)[O-])c2)cs1,-1.3746079206466675
guided,CCn1nnnc1/[S+]=C(\[O-])N1CCC(Cc2ccccc2)CC1,-1.49522066116333
guided,COc1ccc(/C=N/n2c(-c3ccccn3)n[nH]c2=S)cc1CN(C)C,-1.7354910373687744
guided,N[C@@H](CO)c1nnc([C@H](NC(=O)Cc2ccc(NC(=O)c3ccccc3)cc2)C(=O)O)o1,-0.27343058586120605
guided,O=C(OCC(=O)N1CCCC1)c1cccs1,-3.9692580699920654
guided,CCNC(=O)COC(=O)C1=CCN(S(=O)(=O)c2ccc(C)c(C)c2)CC1,-0.4462355375289917
guided,CO[C]1[CH][CH][C]([CH+][CH][C]([O])N[C]2[N][CH][CH]S2)[CH][C]1N([O-])[O-],-0.5055946707725525
guided,COc1ccc(N2CCN(S(=O)(=O)c3ccc(NC(=O)N(C)C)cc3)CC2)cc1OC,-0.5283322930335999
guided,CCN(C(=O)c1ccc(Cl)c(N)c1)c1cccc2ccccc12,-5.630837440490723
guided,[CH2-]C[CH+]CC[CH-]CN(C[c-]1[cH+][cH-][cH+]o1)C[c-]1[cH+][cH-][c+](-[c-]2[cH+][c-](OC)[c+](C)[cH-][c+]2C)o1,-8.804184913635254
guided,NS(=O)(=O)c1ccn2cccc2c1CCOc1cccc2cccnc12,-0.8167037963867188
guided,CC[C]1[CH][CH][C]2[CH][C]1[C]([O])N(CC(C)C)[C]([O])N[C]C1CCN(CC1)S2([O])[O].[H+],-1.2158805131912231
guided,CCN(CC)CCCNC(=O)c1cccc(N2CCCC2=O)c1,-3.354116201400757
guided,COc1ccc(F)c([C@@H]2C(=O)c3ccccc3-c3[nH]c(=O)[nH]c(=O)c32)c1,-0.5383303761482239
guided,CCC(CC)[C@H](NCc1ccc(C)s1)c1c[nH]c2ccccc12,-9.698430061340332
guided,Cc1cccn2c(CN3CCCCCC3)c(C(=O)Nc3ccc(Cl)cc3)nc12,-5.361473560333252
guided,Cc1noc(C)c1S(=O)(=O)NCCc1ccc(OCc2ccccc2)cc1,-1.3971610069274902
guided,[O][C]([N-]C[C]1[CH][CH][CH][C]2[CH][CH][CH+][C-][C]21)N[C]1[N][CH][C](Br)[CH][N]1,-1.519870638847351
guided,CCCOc1ccccc1/C=C/C(=O)O,-4.246557712554932
guided,C=CCN(C(=O)C/[S+]=c1\nc2[nH]ncc2c([O-])n1Cc1ccc(F)cc1)c1ccccc1,-0.7977362871170044
guided,COc1cc(/C=C2/C(=O)N(c3ccccc3)N=C2C)cc(OC)c1OC,-3.0090067386627197
guided,NS(=O)(=O)c1ccc(S(=O)(=O)[N@H+]2C3=C(N4CCCCC4)C([O-])=C4C=C[C-]5C=CC=CC5=C4[S@SP1+]32)cc1,-0.3921539783477783
guided,CC(=O)NNC(=O)CC(=O)N(Cc1cc2ccccc2nc1Cl)c1cccc2ccccc12,-1.5616519451141357
guided,CC(=O)Nc1ccc(OCc2cn3ccccc3n2)cc1,-3.1361730098724365
guided,Cc1cc(C(=O)OCC(=O)NC2CCCC2)nc(C)n1,-0.8088286519050598
guided,Cc1cc(N2CCOCC2)nc(SCC(=O)CC(=O)OC(C)C)n1,-0.8449070453643799
guided,C[C@H](NC(=O)OCc1ccccc1F)C(=O)NC[C@H]1CCCO1,-1.0863837003707886
guided,[O-][C+](NC[c-]1[cH+][cH-][cH+][cH-][cH+]1)[c-]1[cH+][cH-][c+]([CH-]N2CCCCC2)o1,-3.4323151111602783
guided,CCC(=O)c1cn(CC(=O)NCc2ccc(F)cc2)c2ccccc12,-4.125572681427002
guided,COc1ccc(CN2CCSCC2)cc1CO,-6.058704853057861
guided,COc1ccc(S(=O)(=O)[C@H](C#N)c2nc3ccccc3nc2N2CCOCC2)cc1,-0.5087538957595825
guided,COc1ccc(NC(=O)COc2ccccc2-c2ccon2)cc1N1CCN(C)CC1,-1.1911721229553223
guided,[CH2-]CC/C(C/C=[O+]\S(=O)(=O)c1ccccc1F)=C1/C=NC=C[CH-]1.[H+],-3.3464701175689697
guided,COc1ccc(-c2nc(C#N)c(N3CCC(C(N)=O)CC3)o2)cc1OC,-0.34473535418510437
guided,COc1ccc(C(C)C)cc1OCC(=O)Nc1ccc2[nH]c(=O)sc2c1,-1.64542818069458
guided,COCn1c(CN2CCN(c3ccccc3OC)CC2)nc2ccccc21,-4.756329536437988
guided,Cc1cc(C)cc(N(C(=O)c2nsc(Cl)c2Cl)[C@H](C(=O)NC2CCCC2)c2ccc(O)cc2)c1,-4.068029403686523
guided,CCC(=O)OCC1=CC2=CC(=O)CC(=O)C2=C(C)O1,-1.6807656288146973
guided,COCC(=O)N[C@@H]1C[C@H]2CCC[C@@H](C1)N2Cc1ccccc1,-4.796203136444092
guided,CN([c-]1[cH+][cH-][c+]([C-]2N[C+]3[CH-][CH+][CH-][C][C+]3[S+](C)O2)[cH-][cH+]1)[S+2](C)([O-])[O-],-1.4645845890045166
guided,S=C(Nc1ccc(Cl)cn1)N[C@@H]1CCCC2(CC1)OCCO2,-3.4153223037719727
guided,Cc1nc2ccc(NC(=O)CSc3nnc(Cc4cccc5ccccc45)n3-c3ccc(Cl)cc3)cc2s1,-6.163593292236328
guided,COCCNC(=S)NC(=O)c1ccccc1Br,-3.502124547958374
guided,CNC(=S)N(Cc1cc(OC)c(OC)c(OC)c1)Cc1cccs1,-5.000520706176758
guided,CCOCCn1c(-c2ccccc2)nc2ccccc21,-7.85882568359375
guided,C[C]1[CH][C]([C+]2[CH][CH][CH][CH][C]2Cl)[C]([C]2[CH][CH][CH][C](N([O-])[O-])[CH]2)O1,-3.359663963317871
guided,CCN(Cc1ccncc1)C(=O)c1ccc(Br)o1,-4.4834418296813965
guided,O=C(NC1CC1)c1cccc(COCOc2c(F)cc(F)cc2Br)c1,-5.01235294342041
guided,CCC[S@+]([O-])C[C@@](O)(COC1(O)CCCCC1)c1ccccc1,-1.6607898473739624
guided,Cn1c(=O)n(CCCOc2ccccc2[N+](=O)[O-])c2ccccc21,-1.1635299921035767
guided,COCC[C-]([O-])N1CCCC([C+]([O-])N[CH+]CN2CCOCC2)C1,-0.8053749799728394
guided,COc1ccc(-c2noc(CCCOc3ccccc3Cl)n2)cc1,-3.954760789871216
guided,NSCC1(c2nc3ccccc3c(=O)[nH]2)CCCCC1,-1.6857160329818726
guided,COc1ccc(N[C@H]2CCCN(C(=O)c3ccc(=O)n(C)n3)C2)cc1OC,-0.5464251637458801
guided,COc1ccc2[nH]cc(C(=O)CN3CCN(C4CCCCC4)CC3)c2c1,-4.300113201141357
guided,O=C(/C=C/c1ccccc1)Nc1ccc(O)c(C(=O)O)c1,-0.8804743885993958
guided,Cn1c(=O)n(Cc2ccccc2F)c2ccccc21,-7.26241397857666
guided,Cc1ccccc1C(=O)Nc1ccc(S(=O)(=O)NC2=NCCCCC2)cc1,-1.2386270761489868
guided,O=C(c1cccn2c(=O)c3ccc(Cl)cc3nc12)N1CCN(Cc2ccccc2)CC1,-3.198590040206909
guided,Nc1cc(=O)[nH]c(SC/C=C/c2ccccc2)n1,-1.4771077632904053
guided,O=C(Nc1ccc(OCc2ccccc2)cc1)C1CCN(c2ncccn2)CC1,-2.5797665119171143
guided,C[C@@H](OC(=O)c1cccc(-n2cnnn2)c1)C(=O)NCc1ccccc1,-0.32461753487586975
guided,C[C@@H]1CCCN(Cc2ccc3ccccc3c2)C1=O,-9.080739974975586
guided,CN1C(=O)N(C)C(=O)C(CCc2nc3ccccc3s2)([C@@H]2C(=O)NCCN2c2ccccc2)C1=O,-0.43910494446754456
guided,CCOc1cc(-c2ccc(=O)[nH]n2)ccc1OCc1ccc(F)cc1Cl,-3.1741325855255127
guided,Cc1nn(C)cc1NC(=O)c1c([N+](=O)[O-])cnn1C,-0.3810410499572754
guided,NCC(=O)N1CCC(C(=O)N[C@@H](Cc2ccccc2)C(=O)O)CC1,-0.33110472559928894
guided,COC(=O)/C(=N/O)C(=O)NNC(=O)c1c(F)cccc1F,-0.40326690673828125
guided,COCC(=O)N(Cc1cccs1)[C@H]1CCS(=O)(=O)C1,-1.9974173307418823
guided,Cl[C-]1[CH+][CH-][CH+][C][C+]1C1CCN(C[c-]2[cH+][cH-][c+]3[c-]([cH+]2)OCO3)N1[c-]1[n-][cH+][n-][c+]2s[c+](-[c-]3[cH+][cH-][cH+][cH-][cH+]3)[cH-][c+]21,-5.913111686706543
guided,CC(C)NC(=O)c1cnn(-c2ccccc2)c1NC(=O)c1ccco1,-0.8338686227798462
guided,CN/N=C(\C)c1cn[nH]c1C1CCCCC1,-3.4918315410614014
guided,CCOC(=O)c1[nH]cnc1C(=O)N1CCOCC1,-0.7358061075210571
guided,O=C(C1CCN(S(=O)(=O)c2cc(F)ccc2F)CC1)N1CCN(c2ccccc2)CC1,-2.5694899559020996
guided,CCC[C@@H](C)C(=O)Nc1ccc(S(=O)(=O)NC(C)C)cc1,-1.4675936698913574
guided,CCOCC(=O)Nc1ccc(C)cc1Cc1ccccc1,-5.835052967071533
guided,COc1cc(OC)c(C(=O)OCC(=O)Nc2nc(-c3ccccc3)cs2)cc1OC,-1.078804850578308
guided,CCOC(=O)c1[nH]c(C(=O)O)c(OC(=O)CC)c1C,-0.4673730731010437
guided,CCOC(=O)[C@]1(C)NOc2oc3ccccc3c(=O)c21,-0.9457996487617493
guided,CCC(=O)Nc1nc2ccc(OC)cc2cc1C,-3.6947972774505615
guided,[CH2-][c+]1[cH-][cH+][c-]([C+]([O-])OC[C+]([O-])N[c+]2[cH-][cH+][cH-][cH+][c-]2F)[cH+][cH-]1,-1.6407427787780762
guided,O=C(CNc1ccc(F)cc1)N/N=C/c1cc2ccccc2nc1Cl,-2.5012271404266357
guided,CCOC(=O)c1nnn(C#N)c1CN1CCOCC1,-0.4432753920555115
guided,CCN(CC)CCCNC(=O)C1CCN(S(=O)(=O)c2ccc(N(C)C(=O)c3ccncc3)cc2Cl)CC1,-0.9401687383651733
guided,O[C@H](CN1CCN(c2ccccc2F)CC1)Cn1c(-c2ccncc2)nc2ccccc21,-3.181765079498291
guided,O=C(/C=C/c1ccccc1)N1CCN(c2nc3c(F)cc(F)cc3s2)CC1,-6.38073205947876
guided,COc1cc(CNC(=O)/C=C/c2ccc(N(C)C)cc2)c(C)c(C)c1C,-5.644939422607422
guided,NS(=O)(=O)c1ccc(/N=N/c2cn(N3CCOCC3)n(-c3cccc4ccccc34)c2=O)cc1,-0.6721172332763672
guided,N#Cc1c(-c2ccc(F)cc2)cc(-c2cccs2)nc1SCC(=O)NCC(=O)O,-1.2188422679901123
guided,[H+].[O-][C-](N1CCCC1)C1(SC[CH-]O)N[c+]2[cH-][cH+][cH-][cH+][c-]2N1[CH+][c-]1[cH+][cH-][cH+][c-](F)[cH+]1,-2.707465410232544
guided,CCOc1ccc(F)cc1C(=O)N1CCN(Cc2ccc3c(c2)OCO3)CC1,-3.7026853561401367
guided,CCO[C]1[CH][CH][C](O[C]2[C][C][C]([N+]3[C][C]([C]([O])OC)[C]4CC(C)O[C]([O-])[C]4[CH]3)[CH][CH]2)[CH][CH]1.[H+],-0.8943804502487183
guided,CCOC(=O)c1c(S(=O)(=O)NCC(=O)Nc2nccs2)c(C)n(C)c1C,-0.3026493191719055
guided,Nc1cc(N)nc(SCc2ccc(F)cc2)n1,-1.1339893341064453
guided,CCCc1ccccc1NC(=O)[C@@H](CC(C)C)NC(=O)CNCc1ccccc1,-2.425729990005493
guided,O=C(COC(=O)/C=C/c1ccccc1[N+](=O)[O-])N/N=C/c1c(O)[nH]c(=O)[nH]c1=O,-0.35315293073654175
guided,COc1ccccc1OCc1ccccc1/C=N/NC(=O)COc1ccc(C)cc1,-2.638453483581543
guided,Cc1ccc2oc(-c3cccs3)nc2c1,-8.162449836730957
guided,Clc1ccc(OCCOCCNC2CCCCC2)cc1,-7.282156467437744
guided,[CH2-][C+]1[C][C-](C)[C+](C)[CH-][C+]1CN1CCC(n2[cH+][cH-][cH+][cH-]2)CC1.[H+].[H+].[H+],-12.019430160522461
guided,Cc1csc(SCC(=O)N2c3cc(F)ccc3NC(=O)[C@@H]2CC(C)C)n1,-3.2311387062072754
guided,CC(C)O[C@H](CCN1CCCC1)Cc1ccccc1,-10.704465866088867
guided,C/C(=N\NC(=O)CNC(=O)c1ccco1)c1ccc(Br)cc1,-0.8594149351119995
guided,Cn1ccnc1SCC(=O)Nc1ccc(Cl)cn1,-2.499828338623047
guided,CCCCNC(=O)c1nn(C)c(=O)c2ccccc12,-1.9631402492523193
guided,CNC[CH][CH][C]1[CH][CH][CH][CH][C]1CO[C]1[CH][CH][CH][CH][CH]1.[H+].[O][C]([O-])[C][C][O+],-0.8730121850967407
guided,FCCCOc1cccc(C(F)(F)F)c1,-11.462685585021973
guided,CN1C(=O)c2ccccc2Sc2cc(F)c(F)c(F)c21,-9.290899276733398
guided,OC[C@@H](O)[C@H](O)[C@@H](O)CO,-0.7469249963760376
guided,CN(CC(=O)c1ccc(C(C)(C)C)cc1)Cc1nc2ccccc2c(=O)[nH]1,-2.467858076095581
guided,COc1ccc2nc(SCC(=O)NC[C@H]3CCCO3)[nH]c2c1,-1.116990089416504
guided,COc1cc(C(=O)Nc2ccc3c(c2)CCC3)ccc1OC(F)F,-4.867316722869873
guided,CCOc1cc(C(=O)N(Cc2cccnc2)c2nc3cc(C)ccc3s2)ccc1SCC(=O)O[C@@H](C)CC,-4.672840118408203
guided,COc1ccccc1CN(CCCOc1ccccc1OC)C(=O)CCC(=O)Nc1cc(C)on1,-1.5058646202087402
guided,O=C(NCCN1CCOCC1)c1cccc2ccccc12,-4.625674247741699
guided,C[C@@H](NC(=O)c1ccco1)C(=O)NC1=[S+]C=C/C1=C(\[O-])N1CCCCC1,-0.3501798212528229
guided,COc1cccc(CNC(=O)C(=O)NC[C@H]2COC(C)(C)C2)c1,-0.9942512512207031
guided,Cc1c[c-]c(N[C@@H]2[CH-]C[N+]3=c4ccccc4=NC3=[NH+]C2=O)cc1C,-2.4645397663116455
guided,CCN(CC(=O)NCCSCc1cccc(Cl)c1)CC(=O)Nc1ccc(Cl)c(C(F)(F)F)c1,-4.453652858734131
guided,C/C(Cc1ccc(F)cc1)=N\NC(=S)Nc1c(C)cccc1C,-6.779501914978027
guided,CCCCc1nc2n[nH]cc2c2c1CC(C)(C)OC2,-4.031674861907959
guided,[CH2+]N1[C+]2[N-][C+](SC[C+]([O-])N3CCCCC3)N(C)[C+]2[C-]([O-])N(C)[C-]1[O-],-0.48009634017944336
guided,Clc1ccccc1-n1nnnc1CN1CCOCC1,-2.757882595062256
guided,COCc1nc2ccccc2n1Cc1ccc(F)cc1Cl,-8.083708763122559
guided,Nc1nccs1,-5.184845447540283
guided,COc1ccc(S(=O)(=O)N(C)Cc2ccccc2)cc1F,-4.181124687194824
guided,N#C/C(Nc1ccc(F)cc1)=C(\Nc1ccccc1)P(=O)(c1ccccc1)c1ccccc1,-5.057557582855225
guided,O=C(c1ccc(Cl)cc1)N1CCC[C@@](CO)(Cc2cccnc2)C1,-3.617281198501587
guided,O=C(NCc1ccccc1)C1(O)CCNCC1,-2.2188146114349365
guided,COc1cc(CCC(=O)Nc2sc3c(c2C#N)CCCC3)cc(OC)c1OC,-1.9567111730575562
guided,COc1ccc2cc([CH-]/C(C)=N/OCc3ccc(C(=O)NC4CCCCC4)cc3)c(=O)[nH]c2c1.[H+],-2.1972217559814453
guided,Cc1cccnc1NC(=O)NCN1C(=O)[C@@H]2[C@H](C1=O)[C@H]1C=C[C@@H]2C1,-0.45559659600257874
guided,N#CCOc1ccc(-c2cc3ccccc3o2)cc1,-4.977338790893555
guided,N[C-]1[c-]2[c+]([cH-][cH+][cH-][c+]2N([O-])[O-])CN1N[C+]([O-])[c+]1[cH-][cH+][cH-][cH+][cH-]1,-0.332385390996933
guided,O=C(/C=C/c1ccccc1OCC(=O)N1CCOCC1)N1CCOCC1,-1.601893663406372
guided,COc1cc(C)cc(OC(=O)CCN2C(=O)OC(C)(C)C2=O)c1,-0.8706392049789429
guided,O=C(CSc1nnc(-c2cc(-c3ccccc3)nc3ccccc23)o1)c1ccc2c(c1)OCCO2,-3.1845641136169434
guided,CCOc1ccc(OCCn2c(SCC(=O)O)nc3ccccc32)cc1,-2.0251383781433105
guided,O=C(CCCn1cnc([N+](=O)[O-])n1)N1CC[C@@H](c2ccccc2)C1,-0.47828996181488037
guided,O=C[C@H](O)[C@@H](O)[C@@H](O)[C@@H](O)CO,-0.6334242224693298
guided,CCN(CC)CCCNC(=S)N(Cc1ccccc1)Cc1cccnc1,-7.042709827423096
guided,Nn1c(SCc2nc3ccccc3[nH]2)nnc1-c1cccnc1,-0.458229124546051
guided,COCCNC(=O)c1oc2ccc(F)cc2c1NC(=O)C1CC1,-0.9600169658660889
guided,CC(=O)c1c(C)oc(C)c1C(=O)N1CCCC1,-3.7100331783294678
guided,CCCNCCS(=O)(=O)N1CCN(c2ccccc2OC)CC1,-2.1080470085144043
guided,S=C(NCc1ccco1)N1CCN(Cc2ccc3ncccc3c2)CC1,-4.590592384338379
guided,CCCN1CCN(C(=O)[C@H]2CC(=O)N(c3ccc(F)cc3)C2)CC1,-4.382340431213379
guided,O=C(Nc1cccc(NC(=O)[C@@H]2CCC[C@@H]2C(=O)O)c1)c1ccco1,-0.7590510249137878
guided,N[c+]1[n-][c+]([O-])[c-]([CH+][C+]2[CH+][C+]([N-]C3(O[C-](N)[O-])[C+]([O-])N3CC3CCCO3)[CH-][CH+][CH-]2)s1,-0.3874809443950653
guided,CCCOc1cc(CCNC(=O)COC(=O)CSc2ccccc2)ccc1OC,-1.8681763410568237
guided,Cc1ccc(S(=O)(=O)Nc2ccc3nc4n(c(=O)c3c2)CCCC4)cc1,-1.1183505058288574
guided,NNC(=O)C1=C(N)/C(=C(/N)[O-])N=[S+]1,-0.5100551843643188
guided,CC1(C)NC(=O)N(CC(=O)c2ccc3c(c2)OCO3)C1=O,-0.6300780773162842
guided,COc1ccc(C(=O)COC(=O)[C@@H]2CCS3(C)(=O)O[O+]3/C(=C3\C=CC=C[CH-]3)N2)cc1,-0.5150275826454163
guided,CCO[C]1[CH][C]2CN([C+]([O])[C]3[CH][CH][N][CH][CH]3)C(C)C[C]2[CH][C]1N([O-])[O-],-0.6217201352119446
guided,CC(=O)N(Cc1cccs1)[C@@H]1CCOC(C)(C)C1,-7.099815845489502
guided,COC1=C[S+]=C(NC(=O)c2ccc3ccccc3c2)/C1=C\[O-],-2.1653573513031006
guided,CC[C@@H](Oc1ccccc1)C(=O)O/N=C(\N)Cc1cccc([N+](=O)[O-])c1,-0.7221888303756714
guided,CN(C)c1ccc(Oc2ccc(Nc3ncc(F)cn3)nc2)cc1,-2.777367115020752
guided,Nc1c(S(=O)(=O)c2ccccc2)c2nc3ccccc3nc2n1Cc1ccccc1,-1.5338116884231567
guided,COc1ccc(C(NC(=O)c2cccc(F)c2)c2ccc(OC)cc2)cc1,-5.101806163787842
guided,CCCc1nnc(SCC(=O)NC[C@H]2CCCO2)o1,-1.0439234972000122
guided,[CH2+][C@]1(C)C[C@H](C[C-](C)C)N(C(=O)COC(=O)c2c(F)cccc2Cl)C1,-5.135529041290283
guided,COc1ccc(-c2ncnc(C(F)(F)F)c2Oc2ccccc2)c(O)c1,-3.512568950653076
guided,CCCCc1nn2c(COc3ccc4ccccc4c3)nnc2s1,-4.453812122344971
guided,CCc1ccc2oc(C(=O)Nc3ccc(OC(F)(F)F)cc3)cc(=O)c2c1,-3.0295445919036865
guided,COc1ccc(OC)c(C(=O)c2ccc(C(C)(C)C)cc2)c1,-6.76278829574585
guided,Cc1nn(CCC(=O)Nc2ccc3c(c2)OCO3)c2nc(-c3cccnc3)cc(C(F)(F)F)c12,-1.89890456199646
guided,NC(=O)NC(=O)CCC(=O)Nc1nccs1,-0.3805239796638489
guided,Cc1ccc(-c2nnc(SCc3ccc(F)cc3)o2)cc1,-6.494378566741943
guided,O=C(NC[C@@H]1CCN(C(=O)c2ccccc2F)C1)c1cccc([N+](=O)[O-])c1,-0.7083882689476013
guided,Cc1ccc(F)c(NC(=O)Nc2ccccc2)c1,-5.619049549102783
guided,CN(Cc1cccnc1)Cc1nc2ccccc2[nH]1,-4.385848522186279
guided,COc1cccc(-c2nnc(NC(=O)COc3ccc(C)cc3)s2)c1OC,-1.4048067331314087
guided,CCOC(=O)c1nc(C(=O)O)cc(C(C)=O)c1C,-0.4932442307472229
guided,Oc1ccccc1/C=N\N=c1\[nH]c2ccccc2nc1C(F)(F)F,-1.8093444108963013
guided,COC(=O)c1ccc(C[S@@+]([O-])CC(=O)NCCCN(C)c2cccc(F)c2)cc1,-0.9517595767974854
guided,COc1cc(OC(=O)c2ccccc2)c(/C=N/OCC(=O)Nc2cccc(OC(F)F)c2)cc1Cl,-2.4179115295410156
guided,CCC(CC)NC(=O)[C@H]1CC(=O)N(C2CCCCC2)C1,-3.981565237045288
guided,COc1ccc([C@H]2c3[nH]c4ccccc4c3CCN2C(=O)c2cnc3ccccc3n2)c(C)c1C,-3.822605609893799
guided,C/C(=N\N1CCN(Cc2cccc3ccccc23)CC1)c1cccs1,-9.945781707763672
guided,O=C(CCCc1nc2ccccc2s1)N1CCN(c2ccc(Cl)cc2)CC1,-6.9207634925842285
guided,O=c1[nH]nc(Sc2ccccc2)n1-c1ccccc1-c1ccccc1,-4.781884670257568
guided,[O-][C-](C1C[CH+][CH+]CC1)N1CC[C+]2C(CO)N3[CH-][CH+][CH-][C][C+]3N2CC1,-3.3133182525634766
guided,F/C(=N\Oc1cc(-c2ccccc2)nc(Nc2ccc(Cl)cc2)n1)Nc1ccccc1CSc1ncccn1,-5.29911994934082
guided,Cn1cccc1/C=N/NC(=O)/C=C/c1cccs1,-4.080679416656494
guided,C[c+]1[cH-][cH+][c-]([CH+]N(CCCN[c+]2[cH-][cH+][c-](OC[c+]3[cH-][cH+][cH-][cH+][cH-]3)[cH+][cH-]2)[C-]([S-])N[C+]2[CH-][CH+][C+](N[C-](C)[O-])[CH+][CH-]2)[cH+][cH-]1,-3.1062111854553223
guided,O=C(/C=C/c1ccccc1[N+](=O)[O-])N[C@H]1CCS(=O)(=O)C1,-0.3465735912322998
guided,C[C+](C)[C-](CCCOCCC(C)C)[c+]1[n-][n-][c+](SC[C+]([O-])N[c+]2[n-][c+]3[cH-][cH+][cH-][cH+][c-]3s2)n1C.[H+].[H+],-1.980421781539917
guided,C[C@@H](OC(=O)c1cc2sccc2n1C)C(=O)NCc1ccccc1,-2.7537944316864014
guided,O[C@](Cc1cccnc1)(c1ccc(F)cc1)c1cccnc1,-4.4978556632995605
guided,COc1cc(C(=O)NC2CCN(Cc3ccccc3)CC2)cc(Cl)c1OC(C)C,-4.820712566375732
guided,F[c-]1[cH+][cH-][c+]([C-]([C+]2[N-][N-][N-]N2C2CCCCC2)N2CCCN3[CH-][CH+][CH+][C+]3C2)[cH-][cH+]1,-5.130393981933594
guided,Fc1ccc2c(c1)CCCN2c1ccnc(-c2ccncc2)n1,-5.44813871383667
guided,NCCCCCC(=O)NN/C=C/C(=O)c1ccccc1,-0.668529212474823
guided,N#Cc1cnc2ccc(NC(=O)CN3CCCCC3)cc2c1,-1.7443509101867676
guided,CCOc1ccc(C)cc1S(=O)(=O)NCc1ccc(OC)c(OC)c1,-1.5700113773345947
guided,O=C(Cc1ccc2ccccc2n1)c1ccc(O)cc1O,-1.9095653295516968
guided,O=C(c1ccccc1F)c1ccccc1Cc1ccccc1,-10.575475692749023
guided,COCCN(C)C1=[S+]C(C(=O)OCC(C)C)=C(C)/C1=C(/N)[O-],-0.6486026048660278
guided,OCCn1c(-c2cccc3ccccc23)nc2ccccc21,-6.0738959312438965
guided,O=C(CCc1ccccc1)NNC(=O)Nc1ccc(Cl)cc1,-1.9766337871551514
guided,CC(=O)c1cc2cccnc2cc1O,-3.6090826988220215
guided,O=S1(=O)CCN(Cc2cccc3ccccc23)CC1,-5.323904037475586
guided,COc1cc(NC(=O)[C@H](C)Nc2ccccc2NC(=O)C(F)F)cc(OC)c1,-1.0615253448486328
guided,CCC(=O)N1CCc2cc(Br)cc(S(=O)(=O)N3CCC[C@H](C(=O)O)C3)c21,-0.6378760933876038
guided,O=S(=O)(Nc1ccc(C2CCCCC2)cc1)c1ccccc1,-5.471286773681641
guided,OC[C@@]1(Cc2ccc(F)cc2F)CCCN(Cc2cccs2)C1,-8.661063194274902
guided,CC(=O)N(C)c1ccc(NC(=O)Oc2ccc([N+](=O)[O-])cc2)cc1,-0.8987192511558533
guided,COc1cc(NC(=O)CNCc2ccccc2)ccc1NC(=O)c1cnccc1C(F)(F)F,-1.4669432640075684
guided,O=C(NCc1ccncc1)N[C@]12C[C@H]3C[C@H](C[C@H](C3)C1)C2,-3.4470131397247314
guided,Cc1onc(-c2ccccc2)c1C(=O)Nc1ccc2c(c1)OCO2,-1.9598568677902222
guided,COc1ccccc1SCC(=O)NC1=[S+]C=C/C1=C(\N)[O-],-0.4665197730064392
guided,C#[N+]/N=[C-]/CCC(=O)N1CCC[C@H](Nc2ccc3c(c2)OCO3)C1,-1.9291890859603882
guided,[N-2][C]CN1[CH+][C+]([C-]([O-])N2CCOCC2)[C+]([c+]2[c+]([N-][C+]3[CH+][CH-][CH+][c-]4[cH+][cH-][cH+][cH-][c+]43)[n-][cH+][n-][c-]2N)[N-]1,-0.33048513531684875
guided,CCCCC(=O)NC(=S)Nc1ccc(N2CCCC2)cc1,-4.852592468261719
guided,CCO[C-]1[CH+][CH-][C][C+](C(CCN2CCCCC2)[c-]2[cH+][cH-][c+](N(C)C)[cH-][cH+]2)[CH+]1,-10.817708015441895
guided,CCOCCCNC(=O)c1cc2sccc2n1C,-4.590166091918945
guided,CO[c-]1[cH+][cH-][c+]([N-]C2[C+]([C][O-])[C+]2[C+]([O-])[C+]([O-])N[CH+]CCN2CCOCC2)[cH-][c+]1O,-0.33701828122138977
guided,Nc1nonc1C(=O)Nc1ccc(F)cc1,-0.4014143645763397
guided,CCC(=O)NC1=NCCS1,-4.781422138214111
guided,CN(CCNS(=O)(=O)c1c(N)n(C)c(=O)n(C)c1=O)Cc1ccccc1,-0.2629812955856323
guided,COC(=O)/C=C(/C)C(=O)/C=C/c1ccc(F)cc1,-4.66493034362793
guided,O=C(NC(Nc1ccc(Cl)cc1Cl)(C(F)(F)F)C(F)(F)F)c1ccccc1,-7.381937503814697
guided,COc1ccc(NC(=O)COc2ccccc2[N+](=O)[O-])cc1OC,-0.5646196007728577
guided,Cc1ccccc1CSc1nnc(NC(=O)Cc2ccc3ccccc3c2)s1,-5.298230171203613
guided,O=C1CCC(=O)O1,-4.6192827224731445
guided,COc1cccc(Cl)c1OCC(N)=O,-2.183696985244751
guided,CCS(=O)(=O)c1ncc2c(n1)-c1ccccc1C2,-2.3974955081939697
guided,CO[C-]([O-])C1CCN([S+2]([O-])([O-])[C+]2[CH+][CH-][C+](O[C+]([O-])[c+]3[cH-][cH+][cH-]o3)[C-]([O-])[CH+]2)CC1,-0.40355661511421204
guided,NC(=O)N[C@H](Cc1c[nH]c2ccccc12)C(=O)OCC(=O)N1CCCCC1,-0.34024283289909363
guided,[CH2-]CCN(C[CH-]NC(C)=O)C1=NN=[N+]=[N+]1c1ccccc1,-1.2053390741348267
guided,F[c+]1[cH-][cH+][c-](F)[c+]([C-]2C[C+]([C][N-][C+]3[C+](OC(C(F)(F)F)C(F)(F)F)N[c-]4[cH+][cH-][cH+][cH-][c+]43)[CH+][N-]2)[cH-]1,-7.700929164886475
guided,CCOc1ncccc1C(=O)O,-2.4788053035736084
guided,CCOC(=O)[C@@H](C(C)=O)c1ccc(NC(=O)Cc2cccs2)cc1,-1.7906841039657593
guided,N#CC1=C(N)N(Cc2cccs2)CC=C1,-3.203568696975708
guided,NC(=O)C1CCN(c2nc3ccccc3s2)CC1,-2.466890335083008
guided,CCOc1ccc2cc(/[O+]=C\C[CH-]O)[c-]cc2c1.[H+],-5.487677574157715
guided,O=C(CSc1nn2c(=O)c(-c3ccc(F)cc3)nnc2s1)NCc1cccc(F)c1,-0.8623682856559753
guided,[N-2][C][C-]1[CH+][CH-][CH+][CH+][C+]1[N-][N-][C-]([CH+][O-])[c+]1[cH+][cH+][cH+][cH-][cH+]1,-1.5440324544906616
guided,O=C(N/N=C/c1cn(-c2ccccc2)nc1-c1ccccc1)c1ccccc1[N+](=O)[O-],-1.5783162117004395
guided,CN(C)c1nc(C#N)nc(N2CCCC2)n1,-1.5884047746658325
guided,OCCCN(Cc1ccccc1)Cc1ccccn1,-5.622067451477051
guided,O=C(NNC1=Nc2ccccc2OC1)c1ccc([N+](=O)[O-])o1,-0.331648051738739
guided,O=Cc1cccn1Cc1ccccc1Cl,-8.446651458740234
guided,COc1ccc(CN2CCN(c3ccccc3F)CC2)c(O)c1,-5.7938055992126465
guided,Cc1ccc(-c2csc(-c3cccc(O)c3)n2)cc1,-7.423525810241699
guided,C=CN(CC(=O)Nc1ccccc1C)CC(=O)c1c(N)n(Cc2ccccc2)c(=O)[nH]c1=O,-0.28776562213897705
guided,C[C@H](NC(=O)C1CCN(C(=O)N(C)C)CC1)c1ccccc1,-3.341318130493164
guided,COCCO[C-]([O-])[c+]1[c+](C)[nH][c-]2[n-][c+]3[cH+][cH-][cH+][cH-][c+]3[c-]2n1C[C+]([O-])N[c+]1[cH-][cH+][cH-][cH+][c-]1C,-0.3842780590057373
guided,CC1(C)[C@H]2CC=C(/C=N/NC(=O)c3cccs3)[C@@H]1C2,-5.3998003005981445
guided,NOCCCNC(=O)c1cn(-c2ccccc2)nc1-c1ccccc1,-0.9659409523010254
guided,OO/C=C(/O)COc1cccc(Cl)c1,-2.8457603454589844
guided,Cn1c(SCC(=O)Nc2ccc(OC(F)F)cc2)nnc1-c1ccco1,-1.3515599966049194
guided,COc1ccc(NC(=O)c2ccc(C)c(S(=O)(=O)N3CCCCC3)c2)cc1Cl,-2.1953604221343994
guided,Cn1c(=O)n(CCc2ccccc2)c2ccccc21,-7.275975227355957
guided,C[n+]1cc([C@H](O)COC(=O)c2ccccc2Cl)[c-]c2c(C#N)cccc21,-1.5681697130203247
guided,O=C(O)C[C@@H](NC(=O)[C@]12C[C@H]3C[C@H](C[C@H](C3)C1)C2)c1ccc2c(c1)OCO2,-1.297467827796936
guided,Nn1c(SCC(=O)Nc2cc(S(=O)(=O)N3CCOCC3)ccc2Cl)nnc1C1CC1,-0.31371644139289856
guided,S=c1[nH]nc(CN2CCN(c3ccccc3)CC2)n1-c1ccccc1,-5.374306678771973
guided,CCOC[C@@H](C(=O)NC1CCCC1)N(Cc1ccccc1)C(=O)C1=C(N)/C(=C(/N)[O-])N=[S+]1,-0.3591548502445221
guided,CCOC(=O)c1nc(C)nc(Sc2n[nH]c(N)n2)c1C,-0.4032982587814331
guided,COc1ccc(F)cc1C(=O)N1CCc2ccccc21,-7.007632255554199
guided,CCOc1ccc(C(=O)N/N=C/c2cccc3ccccc23)cc1O,-2.232034921646118
guided,CCCCOc1ccc(NC(=O)CCC(=O)OCC(=O)c2cc3ccccc3[nH]2)cc1,-1.759362816810608
guided,CC[C@H](O)C1CCN(Cc2cn(Cc3ccccc3)nc2-c2ccccc2)CC1,-6.169198513031006
guided,COC(CCC([O-])(O)[CH-]OC(O)[c+]1[c-](C(O)[C][C+](O)CO)[cH+][cH-][c+](O)[c-]1C)OC.[H+].[H+].[H+],-0.4184941053390503
guided,OCCN(Cc1cccnc1)c1ccccn1,-3.5571842193603516
guided,O=S(=O)(c1cccs1)N1CCCC[C@H]1c1cccnc1,-3.9358913898468018
guided,Cc1ccc(OCCNc2ccc([N+](=O)[O-])cc2[N+](=O)[O-])c(C(C)C)c1,-1.7854360342025757
guided,Clc1ccccc1N1CCSCC1,-12.53317928314209
guided,N[C@H]1CCS(=O)(=O)C1,-2.5673375129699707
guided,CC[C@H](C)C(=O)NC1=[S+]C(=S([O-])([O-])=[N+]2CCc3ccccc32)N=N1,-0.3585149645805359
guided,Fc1ccccc1N1CCN(CCCc2ccccc2)CC1,-12.027045249938965
guided,O=C1c2ccccc2S(=O)(=O)N1C[C@@H](O)COc1ccc([N+](=O)[O-])cc1,-0.3055948317050934
guided,CC(=O)c1ccc(N2[C-]3N=C(CCC4CCCC4)O[S@SP1+]3[C@@H]3CS(=O)(=O)C[C@@H]32)cc1,-1.7528146505355835
guided,CCCCNC1=NC(N)=C=C=C1CN([C@@H](C)/C=C(/[O-])N(C#[O+])c1ccccc1)[C@@H](C)c1ccccc1,-1.2555382251739502
guided,Nc1cccnc1Sc1ccc(F)cc1,-5.482799053192139
guided,COc1ccc(NC(=O)[C@@H]2CCCN2C(=O)NC2CCCCC2)cc1OCC(C)C,-2.0887296199798584
guided,Cc1ccccc1O[C@@H](C)C(=O)NCC1CCCCC1,-5.832801342010498
guided,FC(F)(F)c1cc(Nc2nc(-n3cccn3)nc3ccccc23)c2ccccc2n1,-3.6276090145111084
guided,N#Cc1c(-c2ccccc2)[nH]n(-c2ccccc2O)c1=O,-0.9907741546630859
guided,Nc1n[nH]cc1-c1n[nH]c(=S)n1-c1ccccc1,-0.6429646015167236
guided,O=C(c1cn(-c2ccccc2)nc1-c1cccs1)N1CCN(c2ccc(F)cc2)CC1,-6.241204738616943
guided,Cc1ccccc1NC(=S)Nc1ccccc1C(=O)O,-2.991729736328125
guided,O=C(/C=C/c1ccco1)N1CCN(S(=O)(=O)/C=C/c2ccccc2)CC1,-1.5939912796020508
guided,NC(C[C+]1[CH+]N[c+]2[cH-][cH+][cH-][cH+][c-]21)[C-]([O-])[N-]CCN1CCC[C+]1[O-],-0.33958011865615845
guided,CCCOc1ccccc1NC(=S)N(CC)CCN(CC)CC,-7.847887992858887
guided,CCNC(=S)N(Cc1ccco1)Cc1cccs1,-7.378896236419678
guided,O=S1(=O)C[C@@H]2[C@H](C1)N(Cc1ccc(Cl)cc1)C1=N[C-](c3cccnc3)O[S@SP1+]12,-1.46494460105896
guided,O=C(NCc1cccnc1)c1ccc(N2CCOCC2)c([N+](=O)[O-])c1,-0.37128469347953796
guided,Cc1cc(OCCn2ccnc2)cc(C(C)C)c1,-7.690694332122803
guided,COc1ccc(-c2ncc3ccc(SCc4cccc(F)c4)nn23)cc1OC,-5.364607334136963
guided,Fc1ccc(F)c(Sc2cc(-c3ccccc3)ncn2)c1,-8.762974739074707
guided,COC(=O)[C@]1(Cc2ccc(F)cc2)[C@@H]2c3cc(C(=O)N(C)C)n(Cc4ccccc4)c3C[C@@H]2CN1C(=O)c1ccccc1,-3.233792781829834
guided,O=S(=O)(O)CCS,-3.3328733444213867
guided,C[C@@H](Cl)C(=O)Nc1ncc(-c2ccccc2)cc1Cl,-5.602217674255371
guided,NC(=O)c1ccccc1NS(=O)(=O)c1ccc(Br)s1,-0.7062397003173828
guided,COC(=O)[C@@](Nc1ccc(Br)cc1)(C(=O)NCc1ccc(F)cc1)N(C)C,-1.7189291715621948
guided,CCN(CC)CCCCOC(=O)/C(=C/c1cccs1)NC(=O)c1cccc2ccccc12,-4.715658664703369
guided,O=C(CN1C(=O)CCC1=O)N1CCN(c2ncc(C(F)(F)F)cc2Cl)CC1,-1.2918503284454346
guided,CCO[C]([O])[C][C]1[CH][C](N(C)C)[N+](SC(C)C)[CH][N]1,-3.3568663597106934
guided,COc1cccc(CN(Cc2cccnc2)C[C@H](C)O)c1OC,-3.0629541873931885
guided,CCC(=O)Nc1nnc(SCC(=O)OC)s1,-0.8261410593986511
guided,N/C(Cc1ccc(F)cc1)=N\OC(=O)c1ccco1,-1.1026161909103394
guided,O=C(N/N=C1\NC(=O)C(CO)(CO)S1)c1ccc2c(c1)OCO2,-0.38194847106933594
guided,CCOC(=O)C#C/N=C(\c1cn(Cc2ccco2)c(=O)c2ccccc12)N1CCOCC1,-0.6780996918678284
guided,C[C@@H]1CN(S(=O)(=O)c2ccc(S(=O)(=O)Nc3cccnc3)cc2)C[C@H](C)O1,-0.32985854148864746
guided,COc1ccccc1N1CCN(S(=O)(=O)c2cc(C)cc(C)c2C)CC1,-3.9537549018859863
guided,COc1cccc(CC(=O)Nc2ccc(C(=O)O)cc2)c1,-1.3116729259490967
guided,NC(=S)Nn1cnnc1,-1.8432233333587646
guided,N#CCCN(C(=O)c1cc([N+](=O)[O-])ccc1Cl)C1CCCCC1,-1.6861306428909302
guided,CCOC(=O)c1nn(-c2ccc(OC)cc2)c(=O)cc1SCCOC,-0.9737774133682251
guided,CSc1ncccc1-c1nc(-c2ccc3c(c2)OCO3)no1,-1.9908206462860107
guided,Nc1ccc(Oc2cc(C(=O)NCc3ccco3)[nH]c(=O)c2)cc1,-0.4720235764980316
guided,C[C-]1[CH+]N([O-])C(N2CCN([C+]([O-])[c+]3[cH-][cH+][c-]4[cH+][cH-][cH+][cH-][c+]4[cH-]3)CC2)[CH+][CH-]1,-2.8247315883636475
guided,CCOc1ccc(C(=O)CSc2nncn2-c2ccccc2)cc1OCC,-2.840595006942749
guided,CN[C-]1[CH+][C-]([c+]2[cH-][cH+][cH-][c+](N([O-])[O-])[cH-]2)OC(N[C+]2[CH+][CH+][CH-][CH+][CH-]2)O1,-0.5336189270019531
guided,[O-][S@+](NCCOCc1ccccc1)[C@]12C[C@H]3C[C@H](C[C@H](C3)C1)C2,-4.986179828643799
guided,Clc1ccc(/N=C/N2CCN(c3ncnc4ccccc34)CC2)cc1,-5.035288333892822
guided,Cc1cc(C)c(/N=N\N(C)C(=O)/C=C/c2ccccc2)c(C)c1,-5.843371391296387
guided,CNC[C@@H](Cc1ccccc1)NC[C@@H](CC1CCCCC1)NCCCc1ccccc1,-7.426584243774414
guided,[CH2-]CC1[CH][N+]2[N+][C][CH][C]2[N+][C]C1[C]C(C[C]([O-])[C]1[CH-][CH][CH]S1)[C]([O-])[N]C.[H+].[H+],-0.5663615465164185
guided,O=S(=O)(c1ccc(Cl)cc1)N1CCCC[S@+]1N=[S@@](=O)([O-])CC1CC1,-0.8363975882530212
guided,CCCC(=O)N[C@H]1[C@@H]2C[C@H]3C[C@@H](C2)C[C@@H]1C3,-7.16911506652832
guided,C[C-]([O-])C1(O)CC([CH+]CC[C+]2[CH-][C+]3[CH-][C+]([O-])CCC3(C)CC2)CC1C,-2.371706485748291
guided,CCNc1nc(Nc2ccc(C(C)=O)cc2)nc(N2CCC3(CC2)OCCO3)n1,-0.5884636044502258
guided,[CH2+]C(C)CCN1CCN(CCN[C+]([O-])[C-]2[CH+][CH-][C+]3[C+]([CH+]2)N[C-]([O-])N(CCOC)[C-]3[O-])CC1,-0.4850448668003082
guided,F[C-]1[CH+][C][C+](N([C+]2[CH+][CH-][CH+][CH-][CH+]2)[C-]2[N-][CH+][N-]N2)[C-](F)[CH+]1,-4.942478179931641
guided,C[C][CH+]CS[C-]1[N-][C+](C)[C+]([C+]2[CH+][CH-][C+](OC)[CH-][CH+]2)[C-]([O-])N1,-2.7870001792907715
guided,CCCCCC[C@H](C(=O)Nc1ccccc1N1CCOCC1)C(=O)OCC,-2.4353652000427246
guided,Cc1nc2ccccc2nc1NS(=O)(=O)c1ccc(NC(=O)Cc2ccccc2)cc1,-1.3006224632263184
guided,C[C-]([O-])[NH2+][C+]1[CH-]SC([N-]C[c+]2[cH+][cH+][c+]3[c-]([cH+]2)OCO3)[N-][C-]1[O-],-0.366879940032959
guided,C[C-]([O-])[c+]1[n-]n(-[c+]2[cH-][cH+][cH-][cH+][c-]2C(F)(F)F)[c+]([O-])[c+]2[cH-][c+](-[c+]3[cH-][cH+][cH-][cH+][cH-]3)[cH-]s[c+]12,-3.331385374069214
guided,CCOc1ccc(C2(c3cnc(SC)n(C)c3=O)CC2)cc1,-4.6750874519348145
guided,Cn1c(=O)c2c(nc(Cl)n2Cc2cccc3ccccc23)n(C)c1=O,-2.2926831245422363
guided,COc1ccc2c(c1OC)C(Nc1ccccc1C)=C1C(=O)C3=C(C=C1C2=O)CCC3,-3.840073585510254
guided,CO[C]1[CH][C]([CH+][CH][C]([O])O)[CH][C](OC)[C]1OC[CH][CH][C]1[CH][CH][C](N([O-])[O-])[CH][CH]1,-0.7190784215927124
guided,S=C(NCCN1CCOCC1)Nc1ccc(Cl)cc1,-5.514370441436768
guided,CCC(=O)Oc1cc(CO)cc(C2OCCO2)c1,-1.949575662612915
guided,C/C(=N\Nc1ccc(C)c(C)c1)c1ccc2c(c1)OCO2,-5.439712047576904
guided,O=C(NCCCn1ccnc1)N[C@]12C[C@H]3C[C@H](C[C@H](C3)C1)C2,-2.8223519325256348
guided,COCCN(C(=O)Nc1cccc2nsnc12)c1nc2ccccc2s1,-1.7996362447738647
guided,CCCN1CCN(C(=O)c2cc3sccc3n2C)CC1,-6.944156169891357
guided,Nc1cccnc1C(=O)OCC(=O)N(CC(=O)c1ccc(F)cc1)[C@@H](C(=O)NC[C@H]1CCCO1)c1ccccc1,-0.6182636022567749
guided,CCCNC(=O)CC[C@H](NS(=O)(=O)c1ccc(C)cc1)C(=O)NCCC,-0.4088227152824402
guided,O=C(/C=C/c1ccco1)NCc1nnc(SCC(=O)N2CCCC2)o1,-0.35676196217536926
guided,C[C@H](O)CN(CCc1ccc2ccccc2c1)Cc1ccc2ccccc2n1,-7.132659912109375
guided,COc1ccc(-n2nc(C(=O)NCC(=O)NC[C@@H](C)O)c3ccccc3c2=O)cc1Cl,-0.25348713994026184
guided,C[C]([N]N[C]1[CH][CH][C](CN2[CH+][CH][CH][N]2)[CH][C]1N([O-])[O-])[C]1[CH][CH][CH]S1,-0.6381826996803284
guided,CCOc1nc(-c2ccc(C)cc2)c2cc(C(=O)NC[C@@H](C)N(C)C)ccc2n1,-2.43231201171875
guided,O=C(COC(=O)c1oc2ccccc2c1CSc1ccccc1)NCc1ccccc1,-3.6713602542877197
guided,CCC(=O)N/N=C/c1ccc(-c2ccc([N+](=O)[O-])cc2)o1,-0.6804125308990479
guided,CO[C]1[CH][CH][C](C(C[C+]([O])O)N[C]([O])[C]2[CH][CH][CH][C](N([O-])[O-])[CH]2)[CH][C]1OC,-0.5373955965042114
guided,COc1ccccc1C(=O)N/N=C1\S[C@H](CC(=O)Nc2ccccc2)C(=O)N1Cc1ccccc1,-1.2626181840896606
guided,N[N-][C+]([O-])N[c+]1[cH-][cH+][c-]([S+2]([O-])([O-])N2CCOCC2)[cH+][cH-]1,-0.3903357982635498
guided,[O][C](NC(N[C]1[CH][CH][CH][C](N([O-])[O-])[CH]1)[C+]([O])[C]1[CH][CH][CH][CH][CH]1)[C]1[CH][CH][CH][CH][C]1F,-0.717880368232727
guided,CC[C@@H](c1nnnn1CCc1ccc(OC)cc1)N1CCC(C(N)=O)CC1,-0.3344123065471649
guided,CCC(C)N[C-]([O-])N[CH+][C+]([O-])[N-]C(CC(C)[CH+][c+]1[cH-][cH+][cH-][cH+][cH-]1)[C+]([O-])N1CCCCCC1,-0.4039739966392517
guided,O=S(=O)(Cc1ccc(Cl)cc1)c1ccc(N2CCOCC2)cn1,-2.6489663124084473
guided,CC[C@@H]1CCCCN1CCCNC(=O)c1ccc2c(c1)c1ccccc1n2C,-6.8727641105651855
guided,O=C(COC(=O)c1cccnc1Cl)c1ccccc1,-3.0720300674438477
guided,CCn1nc(NC(=O)c2ccnn2C)c2cc3ccccc3nc21,-1.194396734237671
guided,O=C(COc1ccccc1C(=O)N1CCOCC1)NCc1ccc2c(c1)OCO2,-0.5411818623542786
guided,O=C1OCCN1CCNC(=S)NCCc1cccc2cnccc12,-1.752780795097351
guided,COc1cccc(C(=O)CN2C(=O)N[C@@H](CC(C)C)C2=O)c1,-1.1349360942840576
guided,C[C@H](CCc1ccco1)NC(=O)C[C@@H](Cc1ccccc1)C(=O)O,-1.3253313302993774
guided,C/C(=C\CC/N=C(\C)c1ccccc1O)C(=O)NC(=O)COc1ccc(Cl)cc1,-1.4991250038146973
guided,CNN1[C+](SC[C+]([O-])N2[CH+][CH+]CCCC2)[N-][N-][C-]1C[C-]1[CH-][CH+][CH-][CH+][CH-]1.[H+],-1.9615727663040161
guided,CCCN[C@H](C(=O)OCC)c1ccc(S(N)(=O)=O)cc1,-0.3649325668811798
guided,CCCNC(=O)c1cc2sccc2n1C,-6.0286688804626465
guided,CN(CC(=O)Nc1nc2ccccc2s1)S(=O)(=O)c1cccc(F)c1,-1.1293631792068481
guided,FCCCOc1ccc2ccccc2c1,-11.43791675567627
guided,O=C1CSC(=S)N1/N=C/C1CC1,-6.182059288024902
guided,COc1ccc(C(=O)N2C(=O)c3cc4c5c(cccc5c3C2=O)CC4)cc1,-2.610234260559082
guided,Fc1ccccc1CN1CNC(=S)NC1,-7.0129923820495605
guided,O[C@H](CC/C=N\NC(=S)Nc1ccccc1)c1ccccc1F,-3.530975580215454
guided,CCc1nn(-c2ccccc2)cc1CCCO,-5.392971038818359
guided,O=C(COC(=O)c1c2c(nc3ccccc13)CCCC2)NC1CC1,-1.8179664611816406
guided,CCCC[S@+]([O-])Cc1ccc(C(=O)N/C(=C\c2ccccc2)C(=O)NCCCOC(C)C)cc1,-1.8969035148620605
guided,[O-][C+](CO[c-]1[cH+][cH-][cH+][c-]([CH+][N-][c+]2[cH-][cH+][cH-][cH+][cH-]2)[c+]1[O-])N1CCOCC1,-0.6965470314025879
guided,Cc1ccccc1NC(=O)NNC(=O)CCC(=O)N1CCCC1,-0.4772542715072632
guided,COCCC(=O)N(Cc1ccccc1F)c1cccc(C(=O)OC)c1,-3.312920331954956
guided,O=C(/C=C/c1ccc(F)cc1)N1CCC(Cc2ccccc2)CC1,-9.614120483398438
guided,Cn1c(=O)c2c(ncn2CCCOc2ccc(Br)cc2)n(C)c1=O,-1.40485680103302
guided,COc1cc(CCOC(=O)c2cccnc2)c(/C=C/C=C(C)C)c(C)c1C,-5.676218032836914
guided,C/C(=N\NC(=O)Cn1cnc2ccccc21)c1ccc(OC(F)(F)F)cc1,-2.2548534870147705
guided,[O-]N1[N-][CH+][CH+][C-]([C+]([CH-][c+]2[cH-][cH+][cH-][c+](O)[cH-]2)C[c+]2[cH-][cH+][cH-][cH+][cH-]2)N1,-1.8976285457611084
guided,C=CCC[N-]C(=S)NCCCC[C@H](O)c1ccccc1.[H+],-4.942197322845459
guided,CN(C)c1cc([N+](=O)[O-])ccc1N1CCCC1,-3.7321929931640625
guided,CNC(=S)NCCN1CCOCC1,-5.493696689605713
guided,FC(F)Oc1ccc(NC(=S)Nc2ccc(Br)cc2Br)cc1,-8.596333503723145
guided,O=C(NCCSCc1ccco1)Nc1ccc2nsnc2c1,-1.452406883239746
guided,CN(Cc1cccs1)/C(=N/S(=O)(=O)c1cccs1)c1ccccc1,-4.593935966491699
guided,CCCCCOc1ccc(/C=N/N2CCN(Cc3ccccc3)CC2)cc1,-8.175149917602539
guided,O=c1[nH]c2ccccc2n1CCCN1CCC(n2c(=O)[nH]c3cc(Cl)ccc32)CC1,-1.5214141607284546
guided,CN(C)CCOCc1cccc2ccccc12,-10.284765243530273
guided,CCOC(=O)Nc1cc(Cl)ccc1N1CCN(C)CC1,-4.4144086837768555
guided,CNc1c(C)nc(SCc2ccc(C(=O)O)cc2)n1-c1cccc(C)c1,-3.193216323852539
guided,CNC(=O)Nc1ccc(F)cc1,-4.8064961433410645
guided,Fc1cnc2nc(SCc3nnc(-c4cccs4)o3)[nH]c2c1,-1.595350980758667
guided,Cc1cc2n(n1)-c1ncnc(n1)NNC[CH-][OH+][C@@H](c1ccccc1)C2,-0.3976762890815735
guided,Cc1cc(C(=O)COc2ccc(F)cc2[N+](=O)[O-])c(C)n1Cc1cccs1,-2.645221710205078
guided,CN(C[C-]1[CH+][CH-][C+]([c+]2[cH-][cH+][cH-][cH+][cH-]2)[N-]N1)[c-]1[cH+][cH+][n-][cH-][cH+]1,-4.671197891235352
guided,CCC(C)(C)[C@H]1CCC2=C(C#N)/C(=[NH+]\C([O-])=C/C=C(\[O-])O)[S+]=C2C1,-0.5453060865402222
guided,CCCCCCCCCCC(=O)Nc1ccc(C(=O)O)cc1,-3.6109373569488525
guided,Cn1cc(S(=O)(=O)Nc2ccccc2Br)c(=O)n(C)c1=O,-0.42145654559135437
guided,COCCn1c(=O)[nH]c2cc(C(=O)Nc3ccc(C)c(C)c3)ccc2c1=O,-0.5033100247383118
guided,Cc1cc(C)cc(C(=O)Nc2sc3c(c2C#N)CCCC3)c1,-4.534858703613281
guided,C/C(=N\OC(=O)c1cccc2ccccc12)c1ccccc1O,-3.625124931335449
guided,Cc1ccc(S(=O)(=O)NNC(=O)c2c(Nc3ccccc3)sc3ccccc23)cc1,-2.0447072982788086
guided,CCCOc1ccc(CCCNC(=O)CCc2ccccn2)cc1Cl,-4.517003059387207
guided,CCCCCN(CCCOCC)S(=O)(=O)c1ccc(NC(C)=O)cc1,-1.706350564956665
guided,C=CCOC(=O)c1c(-c2ccc(C)o2)csc1NC(=O)[C@H](C)NC(=O)CC,-1.0662847757339478
guided,NC1=N[C@H](c2cn(-c3ccccc3)nc2-c2ccccc2)n2c(nc3ccccc32)N1,-1.7886627912521362
guided,COc1nc(Oc2ccc(C(C)=O)cc2)nc(N(C)C)n1,-1.0415643453598022
guided,Clc1ccc([C@H](CN2CCCC2)[C@@H](Cl)c2ccco2)cc1,-11.154183387756348
guided,O=C(CSC1=N[C@@H](O)[C@@H](Cc2ccccc2)NN1)NC1CC1,-0.5880317091941833
guided,CC(=O)N1CCOc2cc(S(=O)(=O)NCCC(=O)Nc3nccs3)c(Cl)cc21,-0.3757469654083252
guided,S=C(NCc1ccccc1)N[C@H]1CCSc2ccccc21,-8.553268432617188
guided,Cc1n[nH]c(=O)nc1N1CCCCC1,-2.2804925441741943
guided,O=C(N[C@@H](CCCN1CCOCC1)c1ccc2ccccc2c1)c1ccccc1,-5.969185829162598
guided,Cc1cc(NC(=O)COC(=O)CNS(=O)(=O)c2cccc(F)c2F)no1,-0.31849128007888794
guided,CCO[C]([O])CC(NCCCCC[C]1[CH][CH][C](N([O-])[O-])[CH][CH]1)[C+]1[CH][CH][CH][CH][CH]1,-1.57054603099823
guided,C=C1C=C[CH-]C=C1.[O+]#P(c1ccccc1)c1cccc2cccnc12,-7.770112991333008
guided,O=C(c1ccco1)N1CCN(C(=O)c2cnn3c2N[C@H](c2ccccc2)C[C@H]3C(F)(F)F)CC1,-1.5401076078414917
guided,Brc1ccc2nc(CSc3nnc(-c4ccco4)n3Cc3ccccc3)cn2c1,-4.452793598175049
guided,O=S1(=O)N[C@@H](C/C=C\c2cccc3ccccc23)CCO1,-3.1941418647766113
guided,COc1ccccc1[C@@H]1C(=O)NCCN1S(=O)(=O)c1cccc2cccnc12,-0.5197109580039978
guided,CCOc1ccc(N([C@@H](C)C(=O)Nc2cccnc2Cl)S(C)(=O)=O)cc1,-0.8668490052223206
guided,CC(C)C(=O)Nc1ccccc1C(=O)Nc1ccc(F)c(Cl)c1,-3.8519625663757324
guided,COCCC(=O)N1CCC(n2nccc2NC(=O)c2ccccc2)CC1,-1.1875836849212646
guided,COCCN[C][C+]([C][N-2])[N-][CH+]C(O[C+]1[CH+][CH+][C-](C)[CH+][CH-]1)O[c+]1[cH-][cH+][cH-][cH+][cH-]1,-1.8876811265945435
guided,Cc1cc(C)nc(NS(=O)(=O)c2ccc(N/C=C/C(=O)c3ccc(Cl)cc3)cc2)n1,-1.663657784461975
guided,Cc1ccc(OCc2ccc(C(=O)Nc3ccc(S(=O)(=O)N4CCCCC4)cc3)cc2)cc1C,-3.3210346698760986
guided,CN[S@+](CC(=O)NCCCN1CCc2ccccc21)N=[S@](=O)([O-])c1ccccc1,-0.38688331842422485
guided,Fc1ccc(CSCc2ccco2)cc1,-10.81505298614502
guided,CN1C[C+]2[CH+][CH+][CH-][CH+][C-]2C[NH+]([c+]2[cH-][cH+][c-](N([O-])[O-])[c+]3[cH-][cH+][cH-][n-][c+]23)[C-]([O-])C1,-0.3175787329673767
guided,COc1ccnc2c1c(=O)n(CCC(=O)c1cccc(S(=O)(=O)N(C)C)c1)c(=O)n2C,-0.2332596480846405
guided,O=[N+]([O-])c1cc(S(=O)(=O)Nc2ccc(F)cc2)ccc1N1CCN(c2ccccn2)CC1,-0.8888478875160217
guided,CCCC(=O)Nc1ccccc1C#N,-3.316593647003174
guided,[CH][N-][CH+][C][CH+][CH-][CH+][C]NC[c-]1[cH+][cH-][cH+][c-](OC)[c+]1OC,-4.535224437713623
guided,CCOP(=O)(OCC)C(C#N)=C1SCN(CCc2ccc(OC)c(OC)c2)CS1,-2.6796364784240723
guided,O=CO[C@H](Cc1ccccc1Cc1ccccc1)C(=O)O,-2.2359752655029297
guided,Cc1ccc(C(=O)N2CCN(c3ccc(NC(=O)COc4cccc(C)c4)cc3)CC2)cc1,-3.381153106689453
guided,O=C(c1cc(COc2cccc3cnccc23)on1)N1CCC(c2ccccc2)CC1,-3.287909984588623
guided,[CH2-]C[C@H](O)CCCC1=C=[N+]=C([N-]C(N)=S)C=N1.[H+],-0.7540653944015503
guided,Cc1ccccc1NS(=O)(=O)c1ccc2c(c1)CCN2C(=O)C1CCC1,-2.4448397159576416
guided,Brc1ccccc1OCCNCc1ccccc1,-8.921926498413086
guided,COc1ccc(/C=C/C(=O)c2cc3ccccc3o2)cc1O,-3.4155848026275635
guided,Nc1ccc(Br)cc1-c1ncn[nH]1,-1.837304949760437
guided,NNC(=O)CCCCCCCCc1cc(=O)[nH]c(=S)[nH]1,-0.49117234349250793
guided,Nn1c(SCc2cccc([N+](=O)[O-])c2)nc2cc(Cl)ccc2c1=O,-0.7748793959617615
guided,CNC[C@H](O)COCc1ccc(-c2ccccn2)cc1,-2.966470718383789
guided,COc1cccc(OCCCOc2ccccc2-c2ccccc2)c1,-8.989498138427734
guided,O=S(=O)(Cc1ccccc1)Nc1cc(S(=O)(=O)N2CCOCC2)ccc1N1CCOCC1,-0.2910480499267578
guided,CC(C)N1[C]([O])[C]2[C][C]([O])N(O)C3(CN(C)[C]([O])O3)[C]2[C]1[O].O[C-][NH+]C(CO)C(O)CO.[H+],-0.522784411907196
guided,S=C(NCCc1ccc2c(c1)OCO2)Nc1ccc(Cl)c(Cl)c1,-5.790805816650391
guided,CO/N=C\NC(C(F)(F)F)(C(F)(F)F)C(F)(F)F,-6.452976226806641
guided,CCOC(=O)N1CCN(C(=O)CC(C)C)CC1,-3.6511762142181396
guided,FC(F)(F)C1(c2ccccc2)CCN(Cc2c[nH]c3ccccc23)CC1,-10.765718460083008
guided,CO[c+]1[cH-][c+](C[c-]2[n-]n3[c+](C)[n-][c+]4[cH+][cH-][cH+][cH-][c+]4[c-]3o2)[cH-][cH+][c-]1OC,-2.515998125076294
guided,CN(CC(=O)Nc1ncccn1)S(=O)(=O)c1cccs1,-0.3755549192428589
guided,COCCCNCCOCCOc1ccccc1OC,-3.616499185562134
guided,C[C@H]1CCc2nn(-c3ccc(C(=O)O)cc3)cc2C1,-3.2636826038360596
guided,O=C(Cn1c(=O)c2cc3ccccc3n2c2ccccc21)NCCOc1ccccc1,-2.6317555904388428
guided,CCn1cc(CNCCCSC)c([C@@H](C)c2ccc(OC(F)F)cc2)n1,-6.481886386871338
guided,CN(CO[CH-]CO[c+]1[cH-][cH+][c-](Cl)[cH+][c-]1Br)C[c+]1[cH-][cH+][cH-][cH+][cH-]1,-9.705877304077148
guided,[H]/[O+]=C(\CCN1[CH-]C[C@@H](COc2ccc(Br)cc2Br)C1)c1ccccc1,-7.7880072593688965
guided,O=C(CN1CCN(S(=O)(=O)c2ccc(Br)cc2)CC1)NC(=O)NCc1ccco1,-0.29345375299453735
guided,COc1cccc([C@H](C#N)NNc2ccccc2)c1O,-1.269170880317688
guided,CCC[C@@H]1N2c3n[c-]n(-c4ccccc4)c(=O)c3-c3nc(-c4ccc(F)cc4)oc3[O+]12,-3.3010973930358887
guided,O=C(CCC(=O)N1CCCCC1)NCCCN1CCC(Cc2ccccc2)CC1,-3.7811501026153564
guided,Fc1ccccc1OCCn1ccnc1,-7.122910976409912
guided,COc1ccc(-c2noc(CCC(=O)NCc3ccn[nH]3)n2)cc1OC,-0.3056582808494568
guided,O=C(O)CC/C(=N/NC(=O)c1c[nH]c2ccccc12)C(=O)OC1CCCCC1,-0.8405306935310364
guided,Br[C]1[CH][CH][C]([O+][C]2[CH][CH][C][C]([C]3[CH][N][C]4[CH][CH][CH][CH][C]4[N]3)[CH]2)[C](Br)[CH]1,-6.06951379776001
guided,Cc1cccc(OCC(=O)Nc2ccccc2N2CCCC2)c1,-5.330082893371582
guided,COc1cc2nc(Cl)nc(N3CCOCC3)c2cc1OC,-2.793012857437134
guided,CCOC(=O)c1ccc(NC(=O)/C=C/c2cccs2)cc1OC,-2.6201117038726807
guided,CCCOc1ccc(NC(=S)N(Cc2ccccc2)C(C)C)cc1,-9.494341850280762
guided,COc1ccc(/C=N/Nc2nc(C)cc(=O)[nH]2)cc1OCc1ccccc1,-0.9890106320381165
guided,FC(F)(Cc1c[nH]c2ccccc12)C1=NCCN1,-5.08290433883667
guided,CC(C)OC(=O)c1cccc(NC(=O)Cc2cccc3ccccc23)c1,-4.332014083862305
guided,O=C(Nc1ccc(Br)c2ccccc12)N1CCOCC1,-5.294395923614502
guided,O=C(NC(=S)Nc1ccc(Br)cn1)c1ccccc1,-3.4455995559692383
guided,COc1ccc([C@H]2CC(=O)C=C(NCc3ccccc3)C2)cc1,-6.002200603485107
guided,COCCNC(=O)CCCCn1c(=O)c2cccn2c2cccnc21,-0.9180341362953186
guided,CCc1nnc(SCC(=O)Nc2ccc3c(c2)CCC3)n1N,-0.6299307346343994
guided,C[C@H]1C[C@@H]2[C@H]([C-](O)C[C@@]3(C)[C@H]2CC[C@]3(O)C(=O)CO)[C@@]2(C)C=CC(=O)C=C12.[H+],-0.8591643571853638
guided,COCCCC1CCN(Cc2c(C)[nH]c3cc(OC)ccc23)CC1,-6.400164604187012
guided,CC(=O)Nc1ccc(S(=O)(=O)C/C=C(/C)C(=O)NCCCOC(C)C)cc1,-0.541668176651001
guided,CO[C@H]1CCC(CNC(=O)c2ccc(N(C)C)cc2)=C2C=CC=N[C-]21.[H+],-3.4313371181488037
guided,O=C(c1ccco1)N1CCN=C1SCc1ccccc1Cl,-4.858077049255371
guided,CN1CCc2cccc(OCC(=O)N(C)[C@@H]3CCS(=O)(=O)C3)c2CC1,-1.6942864656448364
guided,O=[N+]([O-])c1ccc(O)c2ncccc12,-1.1649008989334106
guided,NNc1cccc([N+](=O)[O-])c1,-0.9441945552825928
guided,N#CN(CC(=O)N1CCOCC1)c1nc(N2CCOCC2)nc(N2CCOCC2)n1,-0.430691659450531
guided,Cc1ccc([C@@H]2CC(=O)[C@H](C)[C@H](C(=O)NNC(=O)c3ccccc3F)C2)cc1,-1.708007574081421
guided,CO[C-]1C=C2Nc3ccccc3C(=O)N2c2ccc(S(=O)(=O)Nc3ccc(O)cc3C)cc21.[H+],-1.4123528003692627
guided,C=C[C@@H](SCC(=O)/[O+]=N\C(=O)/[C-]=C/C(=O)O[CH2-])C(=O)N1CCOCC1.[H+],-0.48408517241477966
guided,O=C(c1cc2cc(Br)cc(Br)c2oc1=O)N1CCOCC1,-2.774188280105591
guided,CC[C@H](O)[C@@H](CC)c1cc2ccccc2oc1=O,-3.9088737964630127
guided,COc1nc(Oc2ccc(Cl)cc2)nc(N(C)OC)n1,-1.7060199975967407
guided,O=S(=O)(c1ccccc1)N1CCN(c2ncnc3scc(-c4ccccc4)c23)CC1,-2.6660993099212646
guided,CCOC(=O)Nc1sc(=S)n(C)c1C,-4.762484073638916
guided,[CH2+]CN(C[C-](C)C)C(=S)Nc1cccc(S(=O)(=O)N(C)c2ccccc2)c1,-4.19298791885376
guided,CN(Cc1ccccc1)C(=O)c1cc(COc2ccc(F)cc2Cl)on1,-4.1141486167907715
guided,CN1CCN(C(=O)c2cccn2C)CC1,-6.744594097137451
guided,CCNC(=S)N(CCc1ccccc1)CCc1nc(-c2cccs2)no1,-3.8464415073394775
guided,O=C(Nc1cccc(-c2nnco2)c1)c1cccc(F)c1,-2.1077358722686768
guided,CCN(CC)S(=O)(=O)c1ccc(C(=O)O[C@@H]2CCCCC2=O)cc1,-1.0987913608551025
guided,CCCNC(=S)N(C)/N=C/c1ccc(OCCc2cccs2)c(OC)c1,-4.966742992401123
guided,CN(C)S(=O)(=O)N1CCN(S(=O)(=O)N2CCOCC2)CC1,-0.6266293525695801
guided,O=C(Cc1ccco1)N/N=C1\C(=O)Nc2ccc(Br)cc21,-0.7703021168708801
guided,C[C@@H]1CCCN(c2nnc(NC(=O)COc3ccc([N+](=O)[O-])cc3)s2)C1,-0.6573807597160339
guided,OCCN(CC#C[C@@](O)(c1ccccc1)C1CCCC1)CCO,-2.0141494274139404
guided,Brc1ccccc1OCCN1CCCC1,-10.370148658752441
guided,CCNS(=O)(=O)c1ccc(/C=C/C(=O)OCC(=O)N(C(C)C)C(C)C)cc1,-0.6124044060707092
guided,NC(=O)N[C@@H](C(=O)NCCc1ccccc1)N(C(=O)c1ccc(F)cc1)c1ccc(F)cc1,-0.7686597108840942
guided,CC(O)([CH-]O)[C+]([O-])[CH+][CH-]N[c+]1[cH-][cH+][c-](CN2CCOCC2)[cH+][cH-]1,-0.5172012448310852
guided,N#CN/C(=N\c1ccc(Cl)c(Cl)c1)Oc1ccccc1,-3.815542221069336
guided,CCNc1nc2ccccc2[nH]1,-4.907870769500732
guided,CCC1=N[C@@H](c2ccc(OC)cc2)N(O)C1(C)C,-4.639706611633301
guided,O=C(NN1CCOCC1)c1ccccc1Nc1ccc(S(=O)(=O)Nc2nccs2)cc1,-0.5898550748825073
guided,CCCCCOC(=O)CCCc1ccccc1,-8.070650100708008
guided,CC(=O)N[C@H](NC(=O)c1cc(Br)ccc1Br)c1ccccc1,-3.467763662338257
guided,Nn1cc([N+](=O)[O-])nc1[N+](=O)[O-],-0.5498107075691223
guided,Cn1nc(-c2cccc3ccccc23)c2ccccc2c1=O,-6.516033172607422
guided,Cn1c(N)c(C(=O)COC(=O)[C@H](Cc2ccccc2)N2C(=O)c3ccccc3C2=O)c(=O)n(C)c1=O,-0.25819724798202515
guided,O=CN(Cc1ccc2c(c1)OCO2)[C@@H](CO)NS(=O)(=O)c1ccc(-c2ccccc2)cc1,-0.48517027497291565
guided,CN[C-]1[CH+][N-]N([C+]2[CH+][CH-][c+]3[cH-][cH+][cH-][cH+][c-]3[CH+]2)[C-]([O-])[C+]1N1[N-][C+]([C+](N)[O-])[c-]2[cH+][cH-][cH+][cH-][c+]2[C-]1[O-].[H+],-0.32177191972732544
guided,Cn1c(=O)c2c(nc(CN3CCN(C(=O)c4ccco4)CC3)n2CCc2ccccc2)n(C)c1=O,-0.22810615599155426
guided,COc1ccc(/C=C/C(=O)c2c(O)cc(-c3ccc(O)c(O)c3)oc2=O)cc1O,-0.7658471465110779
guided,[O][C]([CH+][CH][C]1[CH][CH][C](F)[CH][CH]1)NC[C]([O])N[N][CH][C]1[CH][CH][C](N([O-])[O-])S1,-0.5862748026847839
guided,C=CCn1c(-c2cc3c(s2)CC[C@H](CC)C3)n[nH]c1=S,-7.296887397766113
guided,CCN(Cc1ccccc1)C(=O)[C@@H](C)Cl,-8.658066749572754
guided,Cc1cccnc1CSc1nc2c(c(=O)n(C)c(=O)n2C)n1C,-1.113361120223999
guided,C[C@H](Sc1nc2cccnc2n1Cc1ccccc1)C(=O)NCc1ccc2c(c1)OCO2,-1.9215245246887207
guided,O[C@H](CCCn1ccc2cc(OC(F)(F)F)ccc21)C(F)(F)F,-7.03869104385376
guided,O=C(Nc1cccc(S(=O)(=O)N(CCc2ccco2)c2ccccc2)c1)c1cccc2ccccc12,-4.067464828491211
guided,CN1CCN(C(=O)C2=C[C@H](c3coc4ccccc4c3=O)C[C@H](OCCCCO)O2)CC1,-0.48340049386024475
guided,CCN(CC(=O)NCCc1cccc(C(F)(F)F)c1)Cc1ccccc1,-7.049137592315674
guided,O=C(CN1CCN(c2ccc(Cl)cc2)CC1)N/N=C/c1ccco1,-2.313459873199463
guided,COc1cc(S(=O)(=O)NCCN2CCCC2)c(C)cc1C,-2.5117757320404053
guided,Cc1ccc(C(=O)Nc2nnc(SCc3ccccc3)s2)cc1C,-4.53392219543457
guided,CCOC(=O)N1CCN(C(=O)c2cc3c(=O)n4cccc(C)c4nc3s2)CC1,-0.7673583626747131
guided,O=C(Nc1ccc(-c2nc3ccccc3s2)cc1)c1ccccc1,-6.660244464874268
guided,CCCCCC[C-]1[N-][C+]2[CH+][CH-][CH+][CH-][C+]2SC[C-]1[C+]([O-])O,-3.483510732650757
guided,Cc1c(C(=O)Nc2nnn(C)n2)oc2ccccc12,-0.5808097720146179
guided,O=C(NNc1c(F)c(F)cc(F)c1F)c1cn(-c2ccccc2)nc1-c1cccc(Br)c1,-5.082754611968994
guided,Cc1cc(C(=O)CSc2nnc3ccccn23)c(C)n1C1CC1,-3.9199583530426025
guided,CN(C)CCN1C(=O)[C@@H]2CCCN2c2ccc(S(=O)(=O)N3CCOCC3)cc21,-1.2165501117706299
guided,CCc1ccccc1NC(=O)COC(=O)c1cnc(C)cn1,-0.8538488745689392
guided,Cc1cc(C(=O)OCC(=O)NCCc2ccccc2)no1,-0.7416539192199707
guided,Cc1[nH]c2ccccc2c1C(=O)C(=O)N[C@H](C)c1ccccc1,-2.892817258834839
guided,CCCCCOc1ccccc1CCNCCCO,-5.011887073516846
guided,CC(C)C(=O)Oc1ccc2c(c1)oc1ccccc12,-6.07199764251709
guided,Fc1ccc([C@@H](c2ccccc2)N2CCN(c3ncncc3F)CC2)cc1,-6.863920211791992
guided,CCNCc1ccc(CNC(=O)c2ccco2)cc1,-3.150818109512329
guided,CN(CC(=O)NCCCc1ccccc1)C(=O)Nc1ccc[nH]c1=O,-0.3570697605609894
guided,O=C(/C=C/c1ccc([N+](=O)[O-])cc1)c1ccco1,-1.7528177499771118
guided,[CH2+][C@H](C/C(C#N)=[C-]/c1ccccc1C=O)c1cccc(OC(F)F)c1,-5.123045444488525
guided,Fc1ccc(OCc2cnc(Cl)s2)cc1,-8.750551223754883
guided,[O][C]([CH-]CC[CH][C][C]1[CH][CH][CH][CH][C]1[CH][CH][C-]CC[C+]([O])O)N1CCOCC1,-2.000180959701538
guided,[H+].[O-]N([O-])[C+]1[CH+][CH-]C23[CH-][N-][C+]4[CH+][CH-][CH+][N-][C+]4N[CH-][C+]2C3[CH+]1,-0.8022963404655457
guided,COCc1ccc(CN2CCC(C(=O)Nc3ccc(-c4cccc(Cl)c4)cc3)CC2)o1,-5.427961826324463
guided,O=C(c1ccc(O)cc1)c1cnc2ccccc2c1,-3.960369825363159
guided,CCCNNC(=O)[C@H]1CCC(=O)N(CCc2cccc3ccccc23)C1,-2.488651752471924
guided,Cc1ccccc1-n1cc(CNCCCn2cccn2)c(-c2ccccc2)n1,-4.992007255554199
guided,[O-][C+]1CCCN1CCCC[N-]CC1CCCC([c+]2[cH-][cH+][c-]([C+]([O-])N3CCN([c-]4[cH+][cH-][cH+][cH+][n-]4)CC3)[cH+][cH-]2)C1,-1.2897653579711914
guided,[CH2+][C+]1[C+]([C-](C)[O-])[C+](C)[CH-][CH+][C-]1[C-]1[C+]([CH-][CH+][C-]([O-])C(F)(F)F)CC2[C+]([O-])N(C)C[C+]([O-])N12,-0.5204334259033203
guided,CC[C@H](NS(=O)(=O)c1ccc(C)cc1)C(=O)NC1CCCC1,-1.281986951828003
guided,C[c-]1[cH+][cH-][cH+][cH-][c+]1OCN1[C+]([O-])C2([C+]3[CH+][CH-][CH+][CH-][CH+]3)C[CH-][CH+][CH-]C2[C-]1[O-],-2.5398924350738525
guided,CCC(=O)Nc1cccc(C(=O)Nc2ncc([N+](=O)[O-])s2)c1,-0.6415467262268066
guided,COc1ccc(C2(CNC(=O)C(C)C)CCCC2)cc1OC,-4.401872634887695
guided,CC(=O)N1CC=C[C@@H]1C(=O)NC1(C(=O)NC2CCN(C3CCCCC3)CC2)CCCCC1,-1.1876217126846313
guided,COc1ccccc1Oc1nc(SC)ncc1OC,-3.4874746799468994
guided,CCCCN(C)C1CCN(C[C@@H](C)CNC(=O)Nc2ccccc2C)CC1,-4.854609966278076
guided,O=C(Nc1ccccc1NC(=O)NC(F)(F)C(F)(F)F)NC1CCCCC1,-2.217034101486206
guided,C[C-]1[CH+][C-]([C][N-2])[C]N1C([C+]1[CH+][CH-][C+]([C][N-2])[CH-][CH+]1)[C+]1[CH+][CH+][C-](Cl)[CH+][CH-]1,-5.058419704437256
guided,CN(C)NC(=O)c1ccncc1,-4.121171951293945
guided,O=C(COc1ccccc1)Nc1cccc(OCCO)c1,-1.6872262954711914
guided,O=C1CN(CC(=O)N2CCCCC2)c2ccccc2O1,-3.4708197116851807
guided,FC(F)Oc1ccc(NC(=S)NCCc2c[nH]c3ccccc23)cc1,-4.90256929397583
guided,[NH-]CC(O)CCC[C+]1[CH-]N(CC[c+]2[cH+][c+]3[cH-][cH+][cH-][cH+][c-]3n3[n-][n-][n-][c+]2-3)[N-][N-]1,-0.5504841208457947
guided,S=c1[nH]nc(-c2cccs2)n1CCCN1CCOCC1,-4.192740440368652
guided,CO/N=C(\C)CC(=O)N[C@H](C)c1ccccc1,-3.568256139755249
guided,COCCCNS(=O)(=O)c1cc2c(cc1C)NC(=O)CO2,-0.36375635862350464
guided,NS(=O)(=O)c1ccc(N2CCCC2=O)c(NC(=O)COC(=O)c2cc(F)cc(F)c2)c1,-0.3331660330295563
guided,COCc1c(C(=O)NNC(=O)c2ccc(C)cc2)nnn1-c1nonc1N,-0.32708320021629333
guided,COc1cc2c(cc1OC)C(=O)/C(=C(/O)c1ccc(CN3CCOCC3)cc1)C2,-2.1375315189361572
guided,COc1ccc(C(=O)[C@H]2CCCCCN2C(=O)c2ccccc2Cl)cc1OC,-4.334897518157959
guided,CCCCn1c(=O)n(CC(=O)c2cccs2)c2ccccc21,-4.989587783813477
guided,CCOCCCn1c(SCc2cc(=O)n3ccsc3n2)nc2ccccc2c1=O,-1.4010295867919922
guided,O=[N+]([O-])c1ccc(NC2=NS(=O)(=O)c3ccccc32)cc1NCCOCCO,-0.3375009596347809
guided,O=[N+]([O-])c1cccc2c(S(=O)(=O)N3CCCC3)cccc12,-1.0844095945358276
guided,COc1ccc(Br)cc1CNC(=O)c1ccc(C(C)(C)C)cc1,-6.736784934997559
guided,CN(Cc1ccccc1)C[C@H](O)COCc1ccc2ccccc2c1,-6.936563491821289
guided,[CH2+]C(C)(C)[C+]([O-])CC1[C+]([O-])NCCN1[C-]([O-])CCOC,-0.48984578251838684
guided,O=C(NCCOc1ccccc1C1CCN(Cc2ccccc2)CC1)c1ccccc1,-6.384246826171875
guided,COCCN(C(=O)c1csnn1)[C@@H](C(=O)NC1CCCCC1)c1cc2cc(C)ccc2[nH]c1=O,-0.7837703824043274
guided,CCNC(=O)CCSc1ccc2ccccc2c1,-7.302423477172852
guided,CCCCNC(=O)[C@]12C[C@H]3C[C@H](C[C@H](C3)C1)C2,-7.362904071807861
guided,S=c1n(Cc2ccccc2)c2ccnc3c2n1CCCC3,-8.831984519958496
guided,O=C(/C=C\c1ccccc1)Nc1ccc(NC(=O)c2c(F)cccc2Cl)c(C(=O)O)c1,-2.3684260845184326
guided,CO[c-]1[cH+][cH-][cH+][cH-][c+]1N1[CH-]CN(C[c+]2[cH-][cH+][cH-][c+]3[cH-][cH+][cH-][cH+][c-]23)CC1,-10.469584465026855
guided,C=[N+]=[C-]/[S+]=C/C.C[C-](C)Oc1ccc(Br)cc1,-8.21442985534668
guided,COC(=O)c1ccccc1NC(=S)N(Cc1ccccc1)Cc1ccc(OC)c(OC)c1,-4.140611171722412
guided,COc1ccccc1C(=O)NNC(=O)/C=C/c1ccccc1,-1.7553699016571045
guided,COc1ccc(/C=C/C(=O)OCC(=O)N[C@H](C)c2ccccc2)cc1,-2.370657205581665
guided,Cn1c2ccc(F)cc2c2nnc(SCC(=O)Nc3cccc4cccnc34)nc21,-1.5194993019104004
guided,CCOc1ccc(OCCOCCN2CCc3ccccc3C2)cc1,-7.014962673187256
guided,CCC(=O)c1ccc(S(=O)(=O)N2C[C@H](C)O[C@@H](C)C2)cc1O,-0.7959582805633545
guided,O=C(NNS(=O)(=O)c1ccccc1C(F)(F)F)c1cc(-c2ccccc2O)n[nH]1,-0.5599780678749084
guided,Cc1ccc2c(COC(=O)CNC(=O)c3ccccc3Cl)cc(=O)oc2c1,-1.1448628902435303
guided,COc1cccc(S(=O)(=O)N2CCC(C(=O)NC[C@H]3CCCCO3)CC2)c1,-0.6885554194450378
guided,N#Cc1sc2nc3c(c(-c4ccc(F)cc4)c2c1N)CCCC3,-3.5236778259277344
guided,CCOc1ccc2nc(-c3ccc(OC(=O)N(CC)S(=O)(=O)c4ccccc4)cc3)cc(C)c2c1,-3.371544599533081
guided,C/[S+]=C1\N=C(C)C=C(C)C1=[S@](=O)([O-])c1ccccc1C,-3.3648507595062256
guided,Fc1ccc(Cn2nnnc2[C@@H](c2ccccc2C(F)(F)F)N2CCC(n3nnc4cc(C(F)(F)F)ccc43)CC2)cc1,-4.141396999359131
guided,CO[C]1[CH][CH][CH][C]([C]([O])[O+][N][C][CH][CH][C]2[CH][CH][CH]O2)[CH]1,-2.2023801803588867
guided,O=C(NC(=S)Nc1cccc(N2CCOCC2)n1)c1ccco1,-0.8621708154678345
guided,COc1cc(O)c(C2C3=C(CCCC3=O)NC3=C2C(=O)CCC3)cc1OC,-1.199958086013794
guided,O=C(Nc1cccnc1)N1CCC[C@H](O)C1,-1.8266408443450928
guided,COc1ccc(-c2nnn(CC(=O)N(Cc3ccco3)C3CCCCC3)n2)cc1,-1.163513422012329
guided,O=C(C1CC1)N1CCc2cc(S(=O)(=O)NCCCCO)ccc21,-0.6131006479263306
guided,Cc1cc(C(F)(F)F)nn1CCCC(=O)Nc1cc(C(C)(C)C)nn1-c1ccccc1,-3.9490668773651123
guided,O=C(NNC(=O)C1CCN(S(=O)(=O)CCC(F)(F)F)CC1)C1CCCCC1,-0.6100976467132568
guided,CCOc1ccc2c(c1)[C@H](N(CCN1CCOCC1)C(=O)Nc1ccccc1)CC(C)(C)O2,-3.495786666870117
guided,O=C(NCCc1ccc(OS(=O)(=O)c2ccc(C(F)(F)F)cc2)cc1)c1cccs1,-2.764155149459839
guided,CO[c-]1[cH+][cH-][c+](CN[C][CH+][N-][c+]2[n-][c+]([C][O-])[cH-][c+]([C+]3[CH+][CH+][CH-][C+](F)[CH-]3)[n-]2)[c-](OC)[cH+]1,-0.4776352345943451
guided,CC1=C(C(=O)OC2CCCCC2)[C@@H](c2ccc(C)o2)C2=C(CCCC2=O)N1,-3.1353273391723633
guided,N#Cc1ccc(C(N)=S)cc1,-3.6154086589813232
guided,[CH2+][C@@H](c1ccc(C)cc1)N(/C([O-])=C/CCC)[C@H](Cc1ccccc1)C(=O)OC,-4.17143440246582
guided,CCOc1cccc(OCCOCCN2CCN(C)CC2)c1,-5.770336151123047
guided,COc1ccccc1/C=N/N1CCN(c2ccc(C)cc2C)CC1,-7.481654167175293
guided,CCOc1cc(C(=O)Nc2c(C)ccc3nsnc23)cc(OCC)c1OCC,-2.1129343509674072
guided,COCCNC(=O)Cn1c(=O)n(CCCC(=O)NCc2ccc(OC)c(OC)c2)c(=O)c2sccc21,-0.24860362708568573
guided,[CH2+]C[CH-][C+]1[C][C][C+]([CH-][c+]2[cH-][cH+][cH-][cH+][cH-]2)[C-](OC[C+]2[CH+][C+]([C+]([O-])N[c+]3[n-]n(-[c+]4[cH-][cH+][cH-][cH+][cH-]4)[n-][c+]3[C-](N)[O-])[N-]O2)[CH+]1,-0.3553107976913452
guided,O=C(CNS(=O)(=O)c1ccccc1)OCC(=O)c1ccccc1Cl,-0.584509551525116
guided,COCCn1c(=S)[nH]c2cc(C(=O)N3CCCCC3)ccc2c1=O,-1.8787099123001099
guided,Cc1ccc(NC(=O)NCCN2CCCCC2)cc1,-4.530295372009277
guided,O[C-](O)CS[c+]1[n-][n-][c+](C[c+]2[cH-][cH+][cH-][cH+][cH-]2)n1CC[c+]1[cH-][cH+][cH-][cH+][cH-]1,-1.7305355072021484
guided,S=C(Nc1cccc2cnccc12)NC1CCN(Cc2ccccc2)CC1,-5.981314182281494
guided,[O][C](NN[C+]1[N][C]2[CH][CH][CH][CH][C]2N1)N[C]1[CH][CH][CH][C](N([O-])[O-])[CH]1,-0.5469138026237488
guided,NC(=O)c1oc2ccccc2c1NC(=O)c1ccco1,-0.4778059124946594
guided,O=C(/C=C/c1ccco1)N/C(=C/c1ccco1)C(=O)NCCSc1ccccn1,-0.9247274994850159
guided,Cc1ccc(OCCN2C[C@H](C)C[C@H](C)C2)c(C)c1,-10.79855728149414
guided,[CH2+]C[S@@](=O)([O-])=N/C(N=c1cc[c-](S(N)(=O)=O)cc1)=[S+]/CC(=O)Nc1ccccc1,-0.26444756984710693
guided,[CH2-]N(CC[N-]C)c1ncnc2c1/C(=C1\C=CC=[S+]1)C=[S+]2,-4.469513416290283
guided,OCC1CC(O)C(O)C(O[N-]N2CCN(C[c+]3[cH-][cH+][c-]4[c+]([cH-]3)OCO4)CC2)O1,-0.35477104783058167
guided,C[C@@H](O)CNc1ncnc2cc(-c3ccccc3)sc12,-3.064192533493042
guided,NC(=O)[C@H](c1cccc([N+](=O)[O-])c1)N(C(=O)C1CC1)c1ccc(F)cc1,-0.6717830300331116
guided,O=[N+]([O-])c1cc(C(F)(F)F)ccc1NCc1ccccc1,-4.159377098083496
guided,COc1ccc(OCCCC(=O)Nc2nnc([C@@H]3CCCO3)s2)cc1,-1.2509392499923706
guided,CCC(=O)N1CC(=O)Nc2ccc(C(F)(F)F)cc21,-3.8128602504730225
guided,C[C@H]1Oc2ccccc2N(CC(=O)c2cccc(Cl)c2)C1=O,-4.5383687019348145
guided,O=C(CCS(=O)(=O)c1ccc(C(=O)O)cc1)Nc1ccccc1C(F)(F)F,-0.902693510055542
guided,N#Cc1nc(-c2ccc3ccccc3c2)oc1NCC#Cc1ccccc1,-3.909499406814575
guided,O=S(=O)(NCc1ccccn1)c1cccc(Cl)c1,-2.5801703929901123
guided,O=[N+]([O-])c1cc(NC(=S)Nc2ccc(F)c(Cl)c2)ccc1N1CCCCC1,-3.619793653488159
guided,CCOCc1nc2[s+]c(C)c(C)c-2c([O-])[nH]1,-2.4451992511749268
guided,COc1ccc(-n2c(=O)cc(C)n(Cc3ccc(C)cc3)c2=S)cc1OC,-5.146873474121094
guided,COc1ccccc1OCCCCOc1cccc2cccnc12,-6.137870788574219
guided,Nc1ccccc1C(=O)NCc1ccc[nH]1,-1.4390616416931152
guided,FC(F)Oc1ccc(-n2cn[nH]c2=S)cc1,-4.802175998687744
guided,O=C(NC(=S)NCCc1ccccc1)c1ccc(Br)o1,-3.383219003677368
guided,Cc1[nH]n(CCc2ccccc2)c(=O)c1-c1ccc2ccccc2c1,-6.705228805541992
guided,CCC(=O)OCc1nnc(-c2ccccc2)o1,-2.0072548389434814
guided,CC(C)N(C(=O)Cc1ccccc1[N+](=O)[O-])C(C)C,-2.421578884124756
guided,Cc1ccc([C@@H](c2nnnn2C[C@H]2CCCO2)N2CCN(C)CC2)cc1,-2.447084665298462
guided,COc1cccc(Cc2cccn2CC=C(C)C)c1O,-6.623344898223877
guided,CC(C)CCCNC(=O)CN(C)Cc1ccco1,-4.235420227050781
guided,NC(=O)N[N+]1=C2CCC3=C([O-])NC(=O)C3=C[C@H]21,-0.4603707194328308
guided,COc1ccc2[nH]cc(CCN)c2c1,-3.4398913383483887
guided,CC(=O)Nc1ccc2nnc(CCN(Cc3ccccc3)C(=O)Cc3ccccc3)n2c1,-1.5368489027023315
guided,COc1ccc(C(=O)N2CCC[C@@H]2C(=O)O)cc1S(=O)(=O)N(C)c1ccc(C)c(C)c1,-0.7127442955970764
guided,CC(=O)N1[C@H](C(=O)O)CS[C@H]1c1cccc(C)c1,-2.7465455532073975
guided,Oc1cc2c(cc1CN1CCCCCC1)OCO2,-4.867532730102539
guided,Cc1cccc(NC(=O)CN2CC=C(c3ccccc3)CC2)c1C,-7.107418060302734
guided,COCCCNC(=S)Nc1ccc(NC(C)=O)cc1,-2.211359977722168
guided,[CH2+]CCCC[CH+][C][C+]([O-])[N-][C+]1CCCN([C-]([O-])OCC)C1.[H+],-1.4439033269882202
guided,COc1cc(/C=N\NC(=O)c2ccc3ccccc3c2)cc(OC)c1O,-1.4070638418197632
guided,C[C@@H](O)CN(CCC(N)=O)CCC(=O)O,-0.46211370825767517
guided,CCCCN(C(=O)CCC(=O)Nc1nccs1)[C@H](C(=O)NC1CCCCC1)c1ccc(F)cc1,-2.232760190963745
guided,COc1ccc([C@@H]2C(C(=O)c3cccs3)=C(O)C(=O)N2c2cc(C)on2)cc1OC,-1.2374933958053589
guided,O/N=C/c1cc2ccccc2n1Cc1ccccc1,-5.9406352043151855
guided,NC(=O)c1ccc(OCc2cc3ccc(O)cc3oc2=O)cc1,-0.4439406991004944
guided,CC(=O)N1c2ccc(S(=O)(=O)NC[C@H]3CC[C@H](C(=O)N4CCOCC4)CC3)cc2C[C@@H]1C,-0.5493255257606506
guided,COc1ccc(CCNc2c(O)ccc3ccccc23)cc1OC,-4.565966606140137
guided,CCOCCCNC(=O)c1cc(OCC)c(OCC)c(OCC)c1,-2.3257498741149902
guided,O=S(=O)(c1ccc2ccccc2c1)N1CCN(c2ccccc2F)CC1,-5.437981128692627
guided,Cc1ccc2[nH]c(=O)c([C@@H](C(=O)O)N3CCC(C(=O)N4CCOCC4)CC3)cc2c1,-0.3680649995803833
guided,C[C-]([O-])NC(C[CH-][CH+][c-]1[cH+][cH-][cH+]s1)C[C+]1[CH+][CH-][CH+][CH-][CH+]1.[H+],-6.096140384674072
guided,Nc1nc(F)cc(NCc2cccnc2)n1,-1.0540884733200073
guided,COCCN(C(=O)CCc1ccc(OC)cc1)[C@@H](C(=O)NC1CCCCC1)c1cccs1,-2.9660396575927734
guided,CN1[C+]([O-])C(C2CCCCC2)[C+](C[C+]([O-])N[c+]2[cH-][cH+][cH-][cH+][cH-]2)[C-]1[O-],-0.6251603960990906
guided,Nc1nnc(SCC(=O)N2CCN(c3ccccc3F)CC2)n1-c1ccccc1,-0.989629328250885
guided,C[c+]1[cH+][c-](C)[n-][c+](N[S+2]([O-])([O-])[c-]2[cH+][cH-][c+](N[C-]([O-])CS[c+]3[n-][c+]4[n-][cH+][n-][cH+]n4[nH]3)[cH-][cH+]2)[n-]1,-0.2674061954021454
guided,O=C(O)c1cccc(OCCn2ccnc2)c1,-1.9613940715789795
guided,CCN1CC(=O)N2[C@H](c3ccco3)[C@@H]3C(=O)N([C@H](C)C(=O)OCCOC)C(=O)[C@@H]3[C@]2(C)C1=O,-0.41068097949028015
guided,NCCN(C(=O)/C(=C\c1ccccc1)c1ccccc1)c1ccc([N+](=O)[O-])cc1,-1.6469058990478516
guided,Cc1ccc2c(CC#N)coc2c1,-5.760529041290283
guided,CCC(=O)Nc1ccc(S(=O)(=O)N2CCOCC2)cc1,-1.059086561203003
guided,Cc1ccc2c(-c3cccnc3)n[nH]c2c1,-5.04900598526001
guided,CC[C@H](C)N(C)C(=O)c1ccccn1,-6.059438228607178
guided,C[c+]1[c-](Cl)n(-[c+]2[cH-][cH+][cH-][cH+][cH-]2)[c+](N[C-](C)[O-])n1C[c+]1[cH-][cH+][cH-][cH+][c-]1F,-5.2042059898376465
guided,C[C@H](CN1CCN(c2ccccc2)CC1)OC(=O)c1ccc(S(=O)(=O)N2CCOCC2)cc1,-0.9417963624000549
guided,CCn1c(C(=O)/C=C/c2ccccc2)cc2ccccc21,-9.432662010192871
guided,CCS(=O)(=O)N1CCC(C(=O)NCc2ccc(OC)c(OC)c2)CC1,-0.6263904571533203
guided,O=NN1CCN(c2ccc([N+](=O)[O-])cc2-n2cccc2)CC1,-0.8316894769668579
guided,CC(/C=N/NC(=O)[C@@H]1CC(=O)N(c2ccc(Br)cc2)C1)=C\c1ccccc1,-3.241486072540283
guided,COC[C@H](C)NC(=O)[C@H](C)Oc1ccccc1,-3.776057481765747
guided,O=C(NC1(O)C(=O)c2ccccc2C1=O)c1ccccc1Cl,-0.7494813203811646
guided,OC[C@@H](O)CN1CCN(c2nc3ccccc3s2)CC1,-2.2744410037994385
guided,O=C(NC[C@H]1CCCO1)c1ccc(-c2cc3ccccc3oc2=O)cc1,-2.172475576400757
guided,COc1ccc(OCc2cc(C(=O)N3CCC[C@@H](CO)C3)no2)c2ccccc12,-1.1373867988586426
guided,CCCCN(C(=O)NC(=O)Nc1ccc(OC)cc1Br)S(=O)(=O)c1ccccc1,-1.520925521850586
guided,N#C[C-]1N=N[C@@]23C4([O-])N5[C@]6(C/[S+]=c7\[n-]c8ccccc8s7)[N@@H+]7[C@]12[S@OH28]57463.[H+],-0.37765929102897644
guided,CCCNC(=O)CSCCC,-6.818594455718994
guided,Cc1ccc(OCc2nnc(-c3ccc(C)c([N+](=O)[O-])c3)o2)cn1,-0.9101331233978271
guided,CCOc1cc(C(=O)N/N=C/c2ccsc2)cc(OCC)c1OCC,-2.3971664905548096
guided,C=C(C)/C=C1\[C-]=CC(C(=O)OC)=[N+]1CC(=O)O,-1.8340356349945068
guided,S=c1[nH]nc(CN2CCCC2)n1-c1ccc2c(c1)OCCO2,-3.034268856048584
guided,O=C(COc1cccc2ccccc12)N(Cc1ccc(Oc2ccccc2)nn1)C1CC1,-3.8060097694396973
guided,O=C(/C=C/c1ccccc1[N+](=O)[O-])c1ccc(O)cc1,-1.402508020401001
guided,Cc1ccc(CNC(=O)c2ccc(NC(=O)c3ccccc3F)cc2)cc1,-3.842818260192871
guided,CC(=O)SCC(=O)Nc1ccccc1[N+](=O)[O-],-0.5602266192436218
guided,CC(=O)c1cc([N+](=O)[O-])cc(C/C=C/c2ccccn2)c1O,-0.9456990361213684
guided,COc1ccccc1NC(=O)C(=O)N(CC(=O)NC1CCCCC1)c1ccccc1OC,-0.8065907955169678
guided,CC(O)C1[CH][CH][C]2[CH][CH][CH][CH][C+]2N1[C]([O])CN[C]([O])C[C]1[CH][CH][CH][CH][C]1N([O-])[O-],-0.5590502619743347
guided,COc1ccc(NC(=O)c2ncn[nH]2)cc1,-0.8288514018058777
guided,CN(CCCNC(=O)N1C(=O)CS[C@H]1c1ccc(Br)cc1)C1CCCCC1,-4.575129508972168
guided,CCOc1ccc(NC(=O)CCNS(=O)(=O)c2ccc3[nH]c(=O)oc3c2)cc1,-0.34817585349082947
guided,NN(Cc1nc(Cc2ccccc2Cl)no1)S(=O)(=O)c1cc(F)ccc1F,-0.6320859789848328
guided,C=CCO/N=C(\C(=O)OCC)c1cccn1C(C)C,-3.425002336502075
guided,COc1ccccc1N1CCN(CCO)CC1,-5.396564483642578
guided,COc1ccc(-c2nnc(SCC(=O)N3CCCc4ccccc43)o2)cc1OC,-1.83882737159729
guided,CC[C@@H](C)C(=O)N1CCN(S(=O)(=O)c2ccccc2)CC1,-2.6242315769195557
guided,CC(C)(C)NNC(=O)/C=C/C(=O)Nc1cccc2ccccc12,-1.735569715499878
guided,ClC[C@@H]1CN(Cc2ccccc2)CCO1,-10.077958106994629
guided,NS(=O)(=O)c1cccc(NC(=S)N/N=C\c2ccc3c(c2)OCO3)c1,-0.33684656023979187
guided,CCCCN(CC(=O)Nc1ccccc1OC)C(=O)C[C@@H]1OC(=O)c2ccccc21,-1.340396523475647
guided,COc1ccc(-c2cc(CCCC(=O)O)no2)cc1Cl,-1.9889363050460815
guided,N#CCCCSc1nnc(Cc2ccccc2)o1,-2.592832088470459
guided,O=[P@@](Nc1ccccn1)(c1ccccc1)c1ccc(Br)cc1,-5.7525224685668945
guided,C[C@@H](Sc1nc(N)cc(N)n1)C(N)=O,-0.40910962224006653
guided,O=C(NCC(=O)N1CCN(C(=O)[C@]23C[C@H]4C[C@H](C[C@H](C4)C2)C3)CC1)OCc1ccccc1,-1.3525158166885376
guided,CCCC(=O)N1CC(=O)N(Cc2ccc(C(=O)OC)cc2)C(=O)[C@H]1Cc1ccc(OC)cc1,-0.674177885055542
guided,CCCC(=O)NC1=[S+]C2=C(CCCC2)/C1=C(/[O-])Nc1nncs1,-0.5516606569290161
guided,COc1ccc(/C=C/C(=O)O)cc1S(=O)(=O)n1nc(C)c(C(C)=O)c1C,-0.4614228904247284
guided,ClCCSc1nnc(/C=C/c2ccccc2)o1,-5.832346439361572
guided,O=S(=O)(Cc1ccccn1)c1ccc(Oc2ccc(OC(F)(F)F)cc2)cc1,-3.5138912200927734
guided,O=C1NC2(CCCCC2)Cc2ccccc21,-7.0077314376831055
guided,CNC(=O)N/C(C)=C/c1ccc(Cl)cc1,-5.096795082092285
guided,COc1cc(C[C@@H](CO)[C@H](CO)[C@@H]2OCCc3c2cc(OC)c(OC)c3OC)ccc1O,-0.5936833024024963
guided,CCn1c(SCC(=O)Nc2ccccc2C(=O)OC)nc2c1c(=O)n(C)c(=O)n2C,-0.23712347447872162
guided,O=S(=O)(CCSCc1ccccn1)c1ccc(Oc2ccc(O)cc2)cc1,-2.3020684719085693
guided,COc1ccc(Cc2nnn(CC(=O)O)n2)cc1,-0.49027112126350403
guided,S=C(NCCc1ccccn1)Nc1cc(Cl)cc(Cl)c1,-6.377818584442139
guided,CSc1nn(Cc2cccc(C(F)(F)F)c2)c(=O)[nH]c1=O,-1.7446820735931396
guided,CC(=O)c1ccc(N2CCN(C(=O)c3noc4c3CCC4)CC2)cc1,-1.9124064445495605
guided,COc1cccc(CNC(=O)C2c3ccccc3Oc3ccccc32)c1,-4.998714923858643
guided,CN(c1ccccc1)S(=O)(=O)c1ccc(Cl)c(C(=O)O)c1,-1.5584545135498047
guided,COCCn1c(Sc2nc(C)cs2)nc2c(oc3ccccc32)c1=O,-2.2706947326660156
guided,O[c-]1[cH+][cH-][c+]([S-])[cH-][c+]1CN1CCOCC1,-6.042263507843018
guided,COc1ccccc1N1CCN(C(=O)c2cc(-c3ccc(F)cc3)on2)CC1,-3.0856149196624756
guided,CC[C@H](C)NCC(=O)Nc1ccccc1C#N,-1.9503436088562012
guided,[CH2+]OCCOCCCCCCCCC[CH-]CN[C+]([S-])N[C-]1[CH+][CH-][C+]([c-]2[cH+][cH-][cH+]o2)[CH-][CH-]1.[H+].[H+],-4.987154006958008
guided,CCOc1ccc(NC(=O)C/[S+]=C2/N=[NH+]C(=O)N2c2ccc(OC)c(N([O-])[O-])c2)cc1,-0.24238398671150208
guided,Nn1c(SCC(=O)Nc2ccccc2C(=O)O)nc2ccc(Br)cc2c1=O,-0.44391322135925293
guided,Cc1ccncc1NC(=O)CN1CCN(C(=O)c2ccco2)CC1,-0.8389660716056824
guided,CC(=O)c1c(C)nc2ccccn12,-5.865595817565918
guided,C=COCCn1c(SCC(=O)NCc2ccco2)nc2ccccc21,-1.9959746599197388
guided,CCOc1ccccc1NC(=O)C1=[S+2]=C(c2[c-]c(N([O-])[O-])ccc2)N=C1C.[H+],-0.5521151423454285
guided,CCOc1ccc(C(=O)Nc2nnnn2-c2ccccc2)cc1,-0.8984038233757019
guided,COc1ccc2c(c1OC)C(=O)N1[C@@H](C(=O)NCCCN3CCc4ccccc4C3)CS[C@H]21,-1.7103257179260254
guided,O=C(COC(=O)c1cc(-c2ccco2)nc2ccccc12)Nc1nc(-c2cccc(Br)c2)cs1,-3.600311279296875
guided,CCOC(=O)C1CCN(CCCSc2ccc(C)cc2)CC1,-7.4765825271606445
guided,[O-][C+]([CH-][c+]1[cH-][cH+][cH-][cH+][c-]1[C+]1[C][CH+][CH-][CH+][CH-]1)[c-]1[cH+][cH-][cH+][c-](C(F)(F)F)[cH+]1,-8.877776145935059
guided,CCOc1cccc(C(=O)OCC(=O)Nc2nc(C)cc(C)n2)c1O,-0.40164533257484436
guided,Cc1ccc(NC(=O)CN(Cc2nc3ccccc3c(=O)[nH]2)C[C@@H](C)O)cc1Cl,-0.5810022950172424
guided,O=C(N/N=C/c1ccccc1OC(=O)c1cc2ccccc2o1)c1cccc(F)c1,-2.28898286819458
guided,NS(=O)(=O)c1ccc(/N=C/c2cccs2)cc1,-1.4243645668029785
guided,[H+].[O-][C+](O)C1[CH+][C-]2CCC[C+]2[CH-]C1,-4.578629970550537
guided,CCC/[S+]=c1\nc2sc(-c3csc(C)n3)c(C)c2c([O-])n1N,-1.151288628578186
guided,Cc1ccc(NC(=O)CC[N+](=O)[O-])nc1,-0.6645500063896179
guided,Fc1ccccc1-c1nc2ccccc2s1,-10.960862159729004
guided,[H+].[O-][C+]1[N-][C+]([CH-][c+]2[cH-][cH+][cH-][cH+][cH-]2)[C-](NC[c+]2[cH-][cH+][cH-][cH+][n-]2)OO[C][c-]2[cH+][cH-][cH+][c-]3[c+]2[C+]1[CH+][CH-][CH+]3,-1.5300527811050415
guided,O=C(CSCCc1nc2ccccc2[nH]1)NCCS(=O)(=O)c1ccc(Cl)cc1,-0.8879480957984924
guided,O=C(CSc1ccc2ccccc2n1)c1ccc(S(=O)(=O)N2CCC(Cc3ccccc3)CC2)cc1,-4.5175909996032715
guided,COc1ccccc1C1CCN(CC(=O)Nc2ccc(C)c(F)c2)CC1,-5.578523635864258
guided,Cn1c(=O)c2c(nc(CN3CCCCC3)n2CCc2ccccc2)n(C)c1=O,-1.8452821969985962
guided,O=C(CSc1nnc(COc2ccccc2Cl)o1)NC(=O)NC1CCCCC1,-1.105258584022522
guided,CN(C)CCCN1C(=O)CS[C@@H]1c1ccc(Cl)cc1,-8.056255340576172
guided,COc1ccccc1OCCOCCOc1ccc(C(C)=O)cc1OC,-2.653294324874878
guided,CNc1ccccc1C(=O)c1cccc(-n2cnnn2)c1,-1.3510679006576538
guided,O=c1cc(C[N+](=O)[O-])nc[nH]1,-0.7020764946937561
guided,CCCOc1ccc(S(=O)(=O)NCCNC(=O)Nc2cccc(F)c2)cc1,-0.6646857261657715
guided,Cc1cc(C(=O)Nc2sc3c(c2C#N)CCCC3)no1,-1.4353963136672974
guided,COc1cc(NS(C)(=O)=O)nc(OCCN2CCCC2=O)n1,-0.3411582112312317
guided,CCc1cc(NC(=O)NC2CCCCC2)cnc1-c1ccncc1,-2.897191047668457
guided,FC(F)(F)[c-]1[cH+][n-][c+](N2CCN([N-]OCCN3CCSCC3)CC2)[c-](Cl)[cH+]1,-4.343880653381348
guided,COc1ccc2nc(C)cc(Nc3ccccc3C#N)c2c1,-3.6900112628936768
guided,CC(=O)Nc1ccc(NC(=O)[C@H](C)Sc2nnc(Nc3ccccc3)s2)c(C)c1,-1.9312515258789062
guided,CCOC(=O)[C@@]1(C)C(c2ccc(Cl)cc2)=C(O)C(=O)N1c1ccc(C)cc1,-3.0293824672698975
guided,O=C(O)c1ccc(N2CCOCC2)cc1O,-1.5352340936660767
guided,Cc1cccc(Oc2nnnn2Cc2ccccc2)c1,-3.5231263637542725
guided,CCCCCC[P@@](=O)(c1ccccc1)c1nc(-c2ccccc2)oc1N1CCOCC1,-4.771566390991211
guided,CC1=CC(C)=[NH+]/C1=[C-]\N=c1/[nH]c2ccccc2c(=O)n1-c1ccccc1,-1.9149614572525024
guided,COc1ccc(CCNC(=O)CNC(=O)CN2CCN(CCc3ccccc3)C2=O)cc1OC(C)C,-0.476220041513443
guided,O=C1C=C(NC(=O)Nc2cccc(Cl)c2)CCC1,-3.090839147567749
guided,COc1cccc(CCc2cccnc2)c1,-8.303849220275879
guided,Clc1ccc(SCc2nc3ccccc3[nH]2)cc1,-8.201923370361328
guided,CCN(CC(=O)Nc1ccc(N2CCOCC2)cc1)Cc1nc2ccccc2c(=O)[nH]1,-0.48636460304260254
guided,CCOC(=O)c1cc(-c2ccc(C(C)(C)C)cc2)n[nH]1,-3.676849126815796
guided,CCN(CC(=O)NCCc1ccc(OC(C)C)cc1)Cc1nc2ccccc2c(=O)[nH]1,-0.8531755208969116
guided,COc1ccccc1NC(=O)c1cc(C(C)C)on1,-2.3649277687072754
guided,COCCNC(=O)NC(=O)c1cc(-c2ccc(C)s2)nc2ccccc12,-1.4014922380447388
guided,CO[C]1[CH][CH][C](N[C+]([S])N[C]2[CH][CH][CH][CH][N]2)[CH][C]1N([O-])[O-],-0.5297077298164368
guided,O=C(c1ccco1)n1nc(-c2ccc3[nH]c4c(c3c2)CCCC4)nc1NCc1cccnc1,-1.8710347414016724
guided,CCC(=O)Nc1ccc(Cl)cc1C(=O)c1ccccc1,-4.968655109405518
guided,CO[c-]1[cH+][cH-][c+]2[c-](OCC[CH-]CCC3CCC([C+]([O-])O)CC3)[cH+][cH+][n-][c-]2[cH+]1,-2.035036325454712
guided,CO[C][CH+][C-]([CH+][O-])[CH+][N-][C+]1C[C-]([O-])[c+]2[cH-][cH+][cH-][cH+][c-]21,-1.505682349205017
guided,CCN/N=C/[C@H]1C(=O)NC(=S)N(c2ccccc2C)C1=O,-1.2046235799789429
guided,Cc1ccc2nc(NC(=O)CSc3nc(C)cc(C)c3C#N)sc2c1,-2.110442638397217
guided,CCC[CH+]N(CCCC)[c-]1[c+](N([O-])[O-])[cH-][cH+][c-]2[c+]1[N-]O[N-]2,-2.423804998397827
guided,CC(=O)c1cnc(N2CCCCC2)nc1C,-4.134901523590088
guided,O=C(CCCN1C(=O)[C@H]2CC=CC[C@H]2C1=O)N1CCCCC1,-2.8275091648101807
guided,COc1ccc(NC(=O)Cn2cnc3c(oc4ccccc43)c2=O)cc1Cl,-1.156978726387024
guided,CC1(C)[C]([O])OC([C]2[CH][CH][C](N([O-])[O-])[CH][CH]2)C2(CCCCC2)[C+]1[O],-1.3385947942733765
guided,COCc1nnc(NC(=O)CCCl)s1,-2.0467464923858643
guided,CN1CCN(c2ccccc2NC(=O)c2cc3ccccc3o2)CC1,-4.192839622497559
guided,O=C(O)CCC(=O)Nc1nnc(COc2ccccc2)s1,-0.4043726325035095
guided,Cc1cc(C(=O)c2ccc(F)cc2F)c(C)n1Cc1ccco1,-6.889204502105713
guided,CO[c+]1[cH-][cH+][c-]([C+]2CC(C)N(CC3CCCO3)[C-]([S-])N2)[cH+][c-]1OC,-4.630066394805908
guided,CCn1nnnc1NC(=O)c1cc(OC)cc(OC)c1,-0.39835241436958313
guided,CCCNC(=O)N1CCN(S(=O)(=O)c2ccc(F)cc2)CC1,-1.5173193216323853
guided,CC(=O)C1=C(O)C(=O)N(C)[C@H]1c1ccc2c(c1)OCO2,-1.0933325290679932
guided,O=C(C/[S+]=c1\nccc([O-])[nH]1)Nc1ccc(N2CCOCC2)cc1,-0.3189264237880707
guided,C[C@H]1[C@@H](CC(=O)NN)[C@@H]1C1CCCCC1,-3.1087820529937744
guided,COc1ccccc1OC[C@@H](O)CNC(CO)CO,-0.4233565926551819
guided,O=C(Cc1ccccc1)Oc1ccccc1C(=O)/C=C/c1cccc(O)c1,-3.4013404846191406
guided,COc1ccccc1/C=C/C(=O)OCC(=O)c1c(N)n(C)c(=O)n(C)c1=O,-0.2601371109485626
guided,Cc1c(Cl)cccc1N(CC(=O)N[C@@H](C)c1ccccc1)S(C)(=O)=O,-2.3464152812957764
guided,Cc1onc(-c2ccccc2Cl)c1C(=O)N1CCN(c2ccc(F)cc2)CC1,-4.868009567260742
guided,Cc1ccc(CCC(=O)Nc2c(F)cccc2F)o1,-5.228357791900635
guided,CN1CCN(CCOc2ccc(Cl)cc2Cl)CC1,-9.565272331237793
guided,Fc1ccc(OCCCCN2CCN(Cc3cccs3)CC2)c(F)c1,-10.302664756774902
guided,S=C(NC1CC1)N1CCc2ccccc2C1,-9.518235206604004
guided,O=C(c1cccc(N2C(=O)[C@@H]3[C@H](C2=O)[C@H]2C=C[C@@H]3C2)c1)N1CCCCCC1,-3.1369996070861816
guided,O=S(=O)(NC[C@@H](c1cccnc1)N1CCN(Cc2ccccc2)CC1)c1ccccc1,-2.182724952697754
guided,OCCNc1nc(N2CCN(CCO)CC2)nc2ccccc12,-0.5397273302078247
guided,O=C(NC1CCN(S(=O)(=O)c2cccs2)CC1)c1ccc2c(c1)OCCO2,-0.7126861214637756
guided,CCC(=O)NC1=[S+]C2=C(CC[C@H](C)C2)/C1=C(/[O-])OC,-2.3169705867767334
guided,CCC(=O)N1CCn2c1nc1ccccc12,-5.186758518218994
guided,CCOc1ccccc1NC(=O)NC1(C(=O)N2CCC(C)CC2)CCCCC1,-2.654404640197754
guided,N#CCN1CCN(c2ccc(C(F)(F)F)cc2)CC1,-6.643123149871826
guided,O=C(C1=[S+]C(=[N+]([O-])[O-])C=C1)c1cccs1,-1.821500539779663
guided,Cc1cccc(C)c1NS(=O)(=O)c1cccnc1,-2.6648330688476562
guided,Cn1cccc1CC(=O)NC1CCCC1,-5.8676300048828125
guided,O=C(NCCCN1CCN(c2ccccc2)CC1)c1ccc(-n2cccn2)cc1,-3.3413264751434326
guided,CCC(=O)N(C)CCc1cc2[nH]c(=O)[nH]c2cc1C#N,-0.4830075204372406
guided,CC(=O)c1ccc(/C=C2/N=C3CCCCCN3C2=O)cc1,-4.065346717834473
guided,O=C(C[C@@H]1Oc2ccccc2N(CC(=O)N2CCc3ccccc32)C1=O)Nc1cccnc1,-0.691108226776123
guided,N/[C-]=[NH+]/N=c1\nc(CC(=O)Nc2ccc(S(=O)(=O)N3CCOCC3)cc2)[nH]n1-c1ccc(Cl)cc1,-0.2742651700973511
guided,CCOc1ccc(CCNC(=O)C[S@@+]([O-])Cc2nc(-c3ccc(OC)cc3)oc2C)cc1,-1.1121447086334229
guided,Nc1nonc1/C(=N/O)Nc1ccccc1,-0.3713873326778412
guided,CCOc1ccc(N2C[C@H](C(=O)NC(C)C)CC2=O)cc1,-2.579162359237671
guided,CC(=O)C(=N\NC(=O)c1cccs1)/[S+]=C1\C=CC=CC1=[N+]([O-])[O-],-0.3741855323314667
guided,COCCNc1c(-c2cc(OC)c(OC)c(OC)c2)c2ccccc2[nH]c1=O,-1.2947243452072144
guided,COc1ccc(-c2cc(C(F)F)n3ncc(C(=O)Nc4ccc5ncccc5c4)c3n2)cc1,-2.7750840187072754
guided,CCCCC[C@@H]1CN(CC)C(=O)[C@H]1c1ccccc1,-9.300466537475586
guided,Cc1cccc(Nc2cnccn2)c1,-5.462948322296143
guided,CNC(=O)CN(C)S(=O)(=O)c1ccc(Cl)cc1,-1.7869882583618164
guided,O=C(O)c1ccccc1NS(=O)(=O)c1ccc(-n2cnnn2)cc1,-0.3069579303264618
guided,C/C(=N\NC(=O)c1cccc(C)c1)c1ccc([N+](=O)[O-])cc1,-1.1560231447219849
guided,S=C(NCCc1ccccn1)N1CCc2ccccc2C1,-7.056464195251465
guided,NNC(=O)CCN1CCN(Cc2ccc3c(c2)OCO3)CC1,-0.82273268699646
guided,COc1ccc(C[C@@H]2C(=O)NCCN2C)cc1N1CCOCC1,-2.913196325302124
guided,O=C(O)[C@H]1CCCC[C@@H]1C(=O)NNCc1ccccc1,-0.9985601305961609
guided,Cc1cc(-c2ccc3ncccc3c2)n[nH]1,-5.0276594161987305
guided,Cc1cc(NC(=O)CCC(=O)Nc2ccccc2)no1,-0.8091276288032532
guided,O=C(/C=C\c1ccccc1)Oc1ccc2c(c1)OCO2,-4.609094619750977
guided,N#Cc1ccc(N2CCN(C(=O)c3ccccc3)CC2)cc1,-4.033367156982422
guided,COc1ccc(N([C@H](C)C(=O)Nc2cccnc2)S(C)(=O)=O)cc1,-0.48280373215675354
guided,Nc1cn(CN(CCc2ccccc2)c2ccccc2)c(=O)[nH]c1=O,-0.6587388515472412
guided,CC1=C(C(=O)Nc2ccccc2-c2ccccc2)SCCO1,-6.356233596801758
guided,COc1cc(/C=C/C(=O)C2CC2)ccc1Oc1ccc(C(F)(F)F)cn1,-5.495738506317139
guided,CC(=O)c1cccc(CN2CCC[C@@H](CCC(=O)NCc3ccc(F)c(F)c3)C2)c1,-4.998644828796387
guided,CCOc1cnc(-c2ccco2)o1,-3.8804497718811035
guided,O[N-][CH+][C][N-][C+]1[C+](O)[CH-][CH+][c-]2[cH+][cH-][cH+][cH-][c+]21,-1.9514222145080566
guided,Cc1cc(C)cc(OCC(=O)N/N=C/c2ccco2)c1,-2.1724514961242676
guided,NS(=O)(=O)c1ccc(NNC(=O)CSc2cccc3cccnc23)cc1,-0.3940891623497009
guided,NS(=O)(=O)c1ccc(-n2cc(C(F)(F)F)ccc2=O)cc1,-0.7836961150169373
guided,CCOc1ccc(C(=O)NC[C@@H](C)NC(=O)COc2ccc(C)cc2)cc1,-1.3190438747406006
guided,O=C1Nc2cccc3ccc(S(=O)(=O)N4CCOCC4)c1c23,-1.0547794103622437
guided,Cn1c(=O)c2c(ncn2CC(=O)N2CCN(C(=O)c3ccccc3)CC2)n(C)c1=O,-0.27931028604507446
guided,N#C/C(=C\c1cn[nH]c1-c1ccccc1)C(=O)NCc1ccc(F)cc1,-1.4487223625183105
guided,COc1ccc(CC(=O)NCC(=O)N/N=C\c2ccc(C)o2)cc1,-0.3684194087982178
guided,COC(=O)c1ccc(CN2CCCC2=O)nc1OC,-1.5824617147445679
guided,COc1cc([C@H]2CC(=O)N3CN(C4CCCCC4)CSC3=C2C#N)cc(OC)c1OC,-2.3058791160583496
guided,Cn1cc(CN2CCCCC2)c(-c2ccc(S(=O)(=O)NCc3cccs3)cc2)n1,-2.4290719032287598
guided,O=C1[C@H](C(=O)N2CCC(Cc3ccccc3)CC2)OCCN1CCc1ccccc1,-3.9239602088928223
guided,CCOc1ccc(C(=O)NCC(=O)NCC(=O)Nc2ccc(F)c(F)c2F)cc1,-0.4259890615940094
guided,O=C1CS[C@@H](c2ccc(F)cc2)N1CCc1ccc([N+](=O)[O-])cc1,-2.8159446716308594
guided,CC(=O)Nc1cc(C(=O)OCC(=O)N[C@H]2CCS(=O)(=O)C2)cc(N2CCCC2=O)c1,-0.36803892254829407
guided,CC1=Nc2c/c(=C(/[O-])NCc3ccco3)c(C)cc2=[S+]1,-2.280225992202759
guided,CCc1nc([C@@H](S)C2CC2)c(C)s1,-10.69361400604248
guided,NS(=O)(=O)c1cccc(NC(=O)CSc2n[nH]c(=O)n2Cc2ccc3c(c2)OCO3)c1,-0.25490066409111023
guided,[O-][C+]([CH+][CH-][c+]1[cH-][cH+][cH-]o1)[NH2+][C-]([O-])OC[c+]1[cH-][cH+][c-](Cl)[cH+][cH-]1,-0.6168392300605774
guided,O=C(N[C@H]1CCCC[C@H]1N1CCCCC1)c1cc(Cl)cc(Cl)c1O,-4.511813640594482
guided,CCN[P@](C)(=O)N(O)c1ccc(F)cc1,-3.5068533420562744
guided,COc1ccccc1CN1CCC[C@H](C(=O)Nc2ccccc2OC)C1,-4.029626369476318
guided,CCc1cc(F)ccc1NS(=O)(=O)c1cccc2nsnc12,-1.8591647148132324
guided,Cn1cccc1C(=O)Nc1nnc(SC(C)(C)C)s1,-2.853013277053833
guided,N#Cc1cc2c(OC[C@H](O)CN3CCN(C4Cc5ccccc5C4)CC3)cccc2[nH]1,-1.322365641593933
guided,COc1cc(N2CCc3ccccc3C2)c(-c2ccccc2)nn1,-5.935976505279541
guided,COc1ccc(Cl)cc1NC(=O)Nc1cccc(C)n1,-2.8684630393981934
guided,O=C(NC1CC1)C1(S(=O)(=O)c2ccc(Cl)cc2Cl)CC1,-2.385301351547241
guided,COc1ccc(OC)c(N(CC(=O)NC2CCCC2)S(=O)(=O)c2ccc(OC)c(OC)c2)c1,-0.7720857262611389
guided,CCOc1ccc2nc(CN3CCN(C)[C@H](CCO)C3)ccc2c1,-3.694247007369995
guided,[CH][C+]1[C][CH+][CH-][C+]([C+]([O-])[CH-][C][N+]23[O+]4C25N(CCN(CCC)CCCCC)C453)[CH-]1.[H+].[H+].[H+],-6.441453456878662
guided,O=C(O)/C=C/c1ccc2c(c1)OCCO2,-2.8772122859954834
guided,CCCOc1ccc(/C=C/c2nc(C)cn2C)cc1OC,-6.261642932891846
guided,CCCOc1ccc(S(=O)(=O)NCc2cccs2)cc1C,-3.4484381675720215
guided,O=c1c(-c2ccc([O+]([O-])O[C@@H]3O[C@H](CO)[C@@H](O)[C@@H](O)[C@H]3O)cc2)c(-c2ccc(O)cc2)oc2cc(O)cc(O)c12,-0.3055849075317383
guided,CC(=O)c1cc(OCCOc2ccc(C)cc2)cc(O[C@H]2O[C@H](CO)[C@H](O)[C@H](O)[C@H]2O)c1,-0.29567384719848633
guided,Cc1ccc(NC(=O)CN2c3cccc4cccc(c34)S2(=O)=O)cc1S(=O)(=O)N1CCOCC1,-0.45593979954719543
guided,O=S(=O)(Nc1ccc(O)c2ccccc12)c1cccs1,-2.391240119934082
guided,CC(C)(OCc1c(Cl)cccc1Cl)[C@](C)(O)CN1CCN(Cc2ccccc2)CC1,-7.302533149719238
guided,COc1cc(C(=O)Nc2cccc(C#N)c2C)cc(OC)c1OC,-1.3105132579803467
guided,CCCCn1cc(C(=O)NCCCN2CCOCC2)c2cc(OC)c(OC)cc2c1=O,-0.8756905198097229
guided,CO/[C-]=[O+]\CCOC(=O)C1CCN(C2=C(C(=O)OCc3ccccc3)C(=O)OC2)CC1,-0.3391360640525818
guided,[O-][C+](O[c-]1[cH+][cH-][c+]([C-](O)[c+]2[cH-][cH+][c-](NCCCO)[c+](N([O-])[O-])[cH-]2)o1)[c-]1[cH+][cH-][cH+]s1,-0.5629031658172607
guided,FC(F)Oc1cccc(OCc2ccccn2)c1,-6.8134589195251465
guided,CN(C)c1ccc(NS(=O)(=O)N(C)C)cc1,-3.1175639629364014
guided,CN(C(=S)Nc1ccc(OCc2nnc3n2CCCCC3)cc1)c1ccccc1,-4.232034206390381
guided,COc1ccc(C2(C(=O)NCc3cccnc3)CCCC2)cc1OC,-2.80945086479187
guided,CCOc1ccc(S(=O)(=O)N(CC(=O)N2CCCCC2)c2ccc(OC)cc2OC)cc1OC,-0.9976975917816162
guided,CC(=O)Nc1ccc(Br)cc1F,-6.996801376342773
guided,CCN(CC)c1ccc(S(=O)(=O)N2CCOCC2)cc1NC(=O)c1ccco1,-0.5776380896568298
guided,CCCOc1ccc2c(CC)cc(=O)oc2c1C,-5.656543731689453
guided,COc1ccc(/C=C/C(=O)O)cc1C(=O)O,-0.7633236050605774
guided,NC(=S)Nc1nccc(-c2cncc(Br)c2)n1,-1.1305938959121704
guided,COc1ccc(C(=O)NCCc2c(C)nn(C)c2C)cc1OC1CCN(C(C)C)CC1,-2.165576457977295
guided,O=[P@](O)(c1ccccc1)c1ccc(OCc2ccccc2)cc1,-4.630363941192627
guided,OC/N=C/C1=C=C=C=c2c1nc1cccc3ccn2c31,-3.467560291290283
guided,CCCCOC(=O)c1cn(Cc2cccc(OC)c2)nc1C,-3.611532211303711
guided,FCCCNCc1ccccc1C(F)(F)F,-10.692193984985352
guided,Cc1ccsc1C(=O)O,-5.496697902679443
guided,COc1ccccc1OCc1nc(C#N)c(NCC(C)C)o1,-1.3558175563812256
guided,COc1ccccc1CNC(=O)c1oc2ccc(F)cc2c1Nc1ccccc1F,-4.307345390319824
guided,CNC[C@H](NCCC(c1ccccc1)c1ccccc1)c1cc(OC)ccc1OC,-6.158079147338867
guided,CCC(=O)N1c2ccc(S(=O)(=O)CCC(=O)Nc3ccc(OC)c(OC)c3)cc2C[C@H]1C,-0.8565503358840942
guided,COc1ccc(CCN(C)Cc2nc(-c3cnon3)no2)cc1OC,-0.32468023896217346
guided,Cc1c(CCC(=O)O)nc2ccccc2c1-c1ccc([N+](=O)[O-])cc1,-1.539267659187317
guided,CCCN(CCC)CC1=CC=C(N2CCCCC2)C1=O,-8.294673919677734
guided,C#CCOC(=O)CCCn1c(Cc2ccccc2)cccc1=O,-3.8663055896759033
guided,O/N=C/C#[N+]c1[c-]cc2ccccc2c1,-5.856612205505371
guided,C/C(NNc1ccccc1O)=C1\C(=O)NC(=O)N(Cc2ccc(F)cc2)C1=O,-0.4280852675437927
guided,O=C(NCCCn1cccn1)[C@H]1CN(Cc2ccc(F)cc2)C(=O)c2ccccc21,-2.087399959564209
guided,NNc1ncccc1-c1cccc([N+](=O)[O-])c1,-0.5053646564483643
guided,[CH2+]CC(=O)[C@@H](C[N-]C)NS(=O)(=O)N(C)C,-0.949668824672699
guided,N/C(Cc1ccccc1)=N\OC(=O)CN1C(=O)c2ccccc2C1=O,-0.33300086855888367
guided,CCCN(CC1CC1)C(=O)C/[S+]=c1\nc2ccccc2c([O-])n1-c1c(C)n(C)n(-c2ccccc2)c1=O,-0.9981625080108643
guided,CCOc1ccc(S(=O)(=O)N2CCCC[C@@H]2C(=O)Nc2ccccc2OCC)cc1,-1.4068841934204102
guided,COCC(=O)Nc1cc(-c2cn3cccnc3n2)ccc1C,-1.6796690225601196
guided,COC(=O)c1ccc(C(=O)OCCN2CCN(C(=O)NC(C)C)CC2)nc1,-0.3253882825374603
guided,Cc1nc(SCC(=O)NCC(F)(F)F)c2c(-c3ccc(Cl)cc3)csc2n1,-4.9002509117126465
guided,CC1=C(C)/C(=C(/N)[O-])C(NC(=O)[C@@H]2CCC[C@H](C)N2C(=O)COC(=O)c2n[nH]c3ccccc23)=[S+]1,-0.3333740532398224
guided,O[C@H](COCc1cccc(C(F)(F)F)c1)CN(Cc1cccnc1)C1CC1,-4.855606555938721
guided,[O-][C+]([C][C+](Br)[C+]1[C][CH-][CH+][CH-][CH+]1)N[C-]([CH+][c-]1[cH+][cH-][cH+][cH-][cH+]1)[C-]([O-])N1CCOCC1,-1.414370059967041
guided,Cn1nc(C(=O)O)cc1C(=O)N1c2ccccc2CCc2ccccc21,-1.6443699598312378
guided,C[C]1[CH][CH][C]2[C]([CH]1)[N][C]1[CH-][CH][C](Cl)[CH][C]1C2N([C]N)[N][N][C]1[N][O+][N][C]1[NH2+],-0.5639482140541077
guided,CC(C)NC(=O)NC(=O)CSc1nnc(-c2cccs2)o1,-0.47482022643089294
guided,[O-][C+](OCN1[N-][CH+][C-](Cl)[C+](Cl)[C-]1[O-])[C+]1[CH-][CH+][C-]2[C+]([O-])C3[CH+][CH-][CH+][CH-][C+]3[S+2]3([O-])[C+]2C13,-0.5698656439781189
guided,CN1CC(/C=C2\C=CC=[S+]2)=C([O-])/C(=C/c2ccccc2Cl)[C@@H]1C(=O)NCC(N)=O,-0.32890748977661133
guided,CN1CCN(/N=C/c2ccc(N3CCCCC3)s2)CC1,-8.144590377807617
guided,O=C(COc1ccccc1)Nc1c(C(=O)N2CCOCC2)cnn1-c1ccccc1,-0.728075385093689
guided,Nc1cc(C(=O)O)cc(-c2csc(N)n2)c1,-0.4113367199897766
guided,S=C(NCC1CCN(Cc2ccccc2)CC1)Nc1cccc(Cl)c1,-8.47515869140625
guided,CN(C)CC(C)(C)CNCC1CCCCC1,-9.80891227722168
guided,Cc1cc(Nc2ncc(C#N)c(NCc3ccc4[nH]c5c(c4c3)CCCC5)n2)n[nH]1,-1.4837756156921387
guided,CC(=O)N(CCCCl)CCS(=O)(=O)c1ccc(Br)cc1,-3.3414974212646484
guided,O=c1[nH]c(CSc2nnc(-c3ccc(Cl)cc3Cl)o2)nc2ccccc12,-2.1444504261016846
guided,CCC[C@@H]1C(=O)/C(=C/c2ccccc2)C=C2C(=O)N(c3ccccc3)N=C21,-4.895290851593018
guided,C/C(=C/C(=O)O)C(=O)Nc1nc2ccc(F)cc2s1,-1.118021011352539
guided,CCc1c(C(=O)N(C)Cc2ccccc2)[nH]c(C)c1C(C)=O,-3.766408681869507
guided,COc1cccc(OC)c1OCCCCCN(CCc1ccccc1)Cc1c(C)[nH]c2ccccc12,-7.955836296081543
guided,COC[C-]1N[c+]2[cH-][cH+][cH-][c+](C)[c-]2[N-][C+]1C,-6.180478096008301
guided,CC(=O)c1cc(C(=O)NCc2ccccc2)oc1C,-2.7550594806671143
guided,CCC(C)(C)NC(=O)CCCCN(C(=O)CCC(=O)OC)c1ccc(OC)cc1,-1.3794909715652466
guided,COc1ccc(-c2cc(-c3ccccc3O)n[nH]2)cc1,-3.2305238246917725
guided,Cc1cc(C)c(SCl)cc1OCC(N)=O,-3.450742721557617
guided,O=C(CCS(=O)(=O)c1ccc(F)cc1)Nc1nnc(-c2cccs2)o1,-0.6431323289871216
guided,CC(=O)c1ccccc1Oc1nc(N2CCOCC2)nc(N2C=CC=CN2C)n1,-0.8465741872787476
guided,C/C(CC1CC1)=N\NC(=O)CNC(=O)c1ccc(Br)cc1,-1.72339928150177
guided,O=C(COc1ccccc1)c1cc(C(=O)N2CCOCC2)c2nc3ccccc3n2c1,-1.749743103981018
guided,CCOc1ccc(NS(=O)(=O)c2cc(Br)c(C)cc2OCC)cc1,-3.253098964691162
guided,OCCNc1c2ccccc2nc2ccccc12,-4.447009086608887
guided,CN(C)CC(C)(C)CNS(=O)(=O)c1ccc(OC(F)(F)F)cc1,-2.7000765800476074
guided,O=C(COc1ccc(S(=O)(=O)N2CCOCC2)cc1)NN1C(=O)c2ccccc2C1=O,-0.27796438336372375
guided,[H]/[O+]=C1\C(CC(C)(C)O)=[C-]CC(=O)/C(=C\[NH+]=C2/C=CC=C/C2=[O+]/C)[C@@H]1c1ccc(OC)[c-](C)c1=O.[OH-],-0.4100187122821808
guided,ON1[CH-][C+]([c+]2[cH-][cH+][c-](Br)[cH+][cH-]2)[C-]([N-][N-][C+]2[CH+][CH+][CH-][CH+][CH-]2)S1,-4.943906307220459
guided,CCC(=O)Nc1ccc(C(=O)N2CCc3ccccc32)c(Cl)c1,-4.515130996704102
guided,CN(C(=O)CSc1ncnc2scc(-c3ccccc3)c12)[C@@H]1CCS(=O)(=O)C1,-1.263832688331604
guided,N#CC/[S+]=c1\nc2ccccc2c([O-])n1-c1ccc(CC#N)cc1,-0.6399409174919128
guided,O=C(Nc1ccc(CN2CCOCC2)cc1)c1cc(-c2ccc(Cl)cc2)nc2ccccc12,-5.484160900115967
guided,O=C(/C=C/c1c[nH]c2ccccc12)N1CCCCC1,-6.037361145019531
guided,CO/N=C/[C@H]1CCN(C2CC2)C1=O,-4.693792343139648
guided,COC(=O)CSCC(=O)Nc1nnc(C2CC2)s1,-0.8303433656692505
guided,O=C(Nc1ccc(NC(=O)c2cccc3ccccc23)nc1)c1c(Cl)cccc1Cl,-4.502405166625977
guided,Cn1nc(C(C)(C)C)cc1C(=O)NC1CCCCC1,-4.341397285461426
guided,Nc1c(C(=O)N2CCOCC2)sc(=S)n1-c1ccc(F)cc1,-2.561453342437744
guided,N[C@@H](Cc1ccc(F)cc1)c1cn([C@H](Cc2ccc[nH]2)C(=O)N2CCNCC2)nn1,-0.3230125308036804
guided,CCN(C(=O)c1cc(-c2ccc(OC)cc2)nc2ccccc12)C(C)C,-6.121148586273193
guided,CCCCN(CC)Cc1ccc2c(c1)OCCO2,-8.53951644897461
guided,C/C(=N\NS(=O)(=O)c1cccc(S(=O)(=O)N2CCOCC2)c1)c1ccc(F)c(F)c1,-0.37054961919784546
guided,COc1ccccc1NC(=O)c1ccccc1N(C)S(C)(=O)=O,-1.2043932676315308
guided,Cc1cc([N+](=O)[O-])ccc1-c1ccc(/C=N/Nc2ccc(N)cc2)o1,-1.5639328956604004
guided,NC(=O)[C@H]1CC(=O)N(c2ccc(F)cc2F)C1,-2.0866146087646484
guided,Nc1c(O)cccc1/C=N\c1ccccc1,-2.8481285572052
guided,CCOc1ccc(C(=O)Nc2cccc(-c3cnc4ccccc4n3)c2)cc1Cl,-4.468319892883301
guided,CCCCC/C=N/NC(=O)c1ccccc1N,-1.9785157442092896
guided,C[C@@H](OC(=O)/C=C/c1ccc([N+](=O)[O-])cc1)C(=O)NC1CCCCC1,-0.8648437857627869
guided,NC(=O)c1ccn(CC(=O)O)c1,-0.7355272173881531
guided,CC(C)[CH-][O-].COC1(/[C-]=C2\Nc3ccccc3NC3(C)O[S@@+]23)[C@H]2[OH+][O+]21,-0.646405041217804
guided,C/C(=N\NC(=O)c1nnn(-c2nonc2N)c1C)c1ccc(OCc2ccccc2)cc1,-0.4569958448410034
guided,O=C(O)c1ccc(NCc2cccs2)cc1,-4.085511207580566
guided,[O-][C-](C[C-]1[CH+][C+](N([O-])[O-])[C+](O)[C-](O)[CH+]1)NCC[c+]1[cH+][cH-][cH+][n-][nH]1,-0.4045239984989166
guided,COC[C@@H](C)NC(=O)CSc1cccc2cccnc12,-3.4852845668792725
guided,CCOc1ccccc1CN1CCNC(=O)[C@H]1CC(=O)NCc1nc(C)cs1,-0.6784273386001587
guided,COc1ccc(C(=O)OCC(=O)Nc2cc([N+](=O)[O-])ccc2F)c(O)c1,-0.47527047991752625
guided,[CH2-]S[c+]1[cH-][cH+][cH-][cH+][c-]1N(C[C-]([O-])NCC(OC)OC)[C+]([O-])CC([C+]1[CH+][CH-][CH+]O1)N1CCCCC1,-0.4449481666088104
guided,Clc1ccc(-c2nnc(SCc3ccccn3)o2)cc1,-4.373538017272949
guided,[O-]N([O-])[C+]1[CH+][CH-][CH+][CH-][C+]1[c-]1[cH+][cH-][c+]([C][N-][C+]2[CH+][CH-][c+]3[cH-][cH+][cH-][cH+][c-]3[CH+]2)[cH+][n-]1,-1.9394233226776123
guided,NNC(=O)c1nc[nH]c1C(=O)Nc1cccc(Cl)c1,-0.37228792905807495
guided,CCOC(=O)Nc1cc(CC)c(C)[nH]c1=O,-1.5266969203948975
guided,COC(=O)CN1/C(=N/C(=O)c2ccc(OC)c(OC)c2)S[C@H]2CS(=O)(=O)C[C@H]21,-0.34823471307754517
guided,[CH2+][c+]1[cH-][cH+][cH-][cH+][cH-]1.[O-][c-]1[nH][c+](CSN([O-])[O-])[n-][c+]2[cH+][cH-][cH+][cH-][c+]21,-0.855988085269928
guided,Nc1nc2ccccc2n1C/C=C/COc1c(Cl)cccc1Cl,-4.584799289703369
guided,NNS(=O)(=O)c1cccc(/N=N\c2ccc(Cl)cc2Cl)c1,-1.1672701835632324
guided,CCOCCCNC(=S)Nc1ccc2nc(N3CCOCC3)cc(C)c2c1,-2.996692180633545
guided,Cc1ccc(NS(=O)(=O)c2cnc[nH]2)c(C)c1,-1.2369619607925415
guided,N#CCC(=O)Nc1ccc2[nH]c3c(c2c1)CCCCC3,-2.2167296409606934
guided,O=C(c1ccc([N+](=O)[O-])cc1)N(Cc1cccc(N(CCO)CCO)c1)C1CCCCC1,-1.0038645267486572
guided,COc1ccccc1OS(=O)(=O)c1ccc(NC(C)=O)cc1,-0.908518373966217
guided,CC[C@@H](C)c1ccc(O)c(N)c1,-4.354207992553711
guided,O=C(Cn1ncc(N2CCOCC2)c(Cl)c1=O)c1ccccc1F,-1.9660316705703735
guided,Cc1cc(Br)cc(C)c1OCC(=O)N1CCCc2ccccc21,-7.960299015045166
guided,CCC(=O)Nc1cc2[nH]c(=O)cc(C)c2cc1C,-2.4283342361450195
guided,OC[C@@H]1O[C@@H](O)C[C@H](O)[C@@H]1O,-0.7880851626396179
guided,O=C(c1ccco1)n1nc(NCc2ccccc2)nc1NCc1ccccc1,-1.5124160051345825
guided,[cH+]1[cH-][cH+][c-]2[cH+][c-](C([N-]CC3CCC4CCCN43)[c-]3[n-][n-][n-]n3C3CCCC3)[cH+][cH-][c+]2[n-]1,-1.8266462087631226
guided,COc1cc(/C=C2/SC(=O)N(C(C)C)C2=O)ccc1OCc1c(C)n[o+]n1[O-],-1.0567641258239746
guided,O=C(c1ccc(F)cc1)c1c[nH]c(C(=O)NNc2cccc(Cl)n2)c1,-1.142905831336975
guided,COc1cccc(-c2c(C(=O)N/N=C/c3ccc(N(C)C)o3)nnn2-c2nonc2N)c1,-0.25173547863960266
guided,OCC1(Cc2ccccc2)CCN(Cc2cc3ccccc3o2)CC1,-6.596985340118408
guided,O=C(O)c1ccc(N2CCN([C@H]3CC(=O)N(Cc4ccccc4)C3=O)CC2)cc1,-0.7696086168289185
guided,CNCc1ccccc1OCc1ccccc1F,-8.638130187988281
guided,CC[C-]1[N-][C+](N)N[C+](N[c+]2[cH-][cH+][c-](C)[cH+][cH-]2)[N-]1,-1.2905750274658203
guided,COc1cc2c(cc1OC)[C@@H](COc1ccc(C)c(C)c1)NCC2,-5.6548051834106445
guided,C[c+]1[cH-][c+](N([O-])[O-])[c-](N[C+]([O-])CO[C+]([O-])C[CH+][C+]([O-])NO[CH+][CH-][c+]2[cH-][cH+][cH-][cH+][c-]2C)[cH+][c-]1C,-0.30713340640068054
guided,COc1ccccc1NC(=O)Cc1nn(C)c(=O)c2ccccc12,-1.2503100633621216
guided,[O-][C+](O[c-]1[cH+][cH-][c+](N[C-]([O-])C[c+]2[cH+]s[c-]3n2SCC3)[cH-][c+]1Cl)[c+]1[cH-][cH+][c-]2[c+]([cH-]1)OCCO2,-0.938026487827301
guided,C[C@@H]1Cc2n/c(=[S+]\[C@@H](C)C(=O)NC(N)=O)n(CCc3ccccc3)c([O-])c2S1,-0.29258912801742554
guided,CCOCCCNC(=S)N[C@@H]1C[C@H]2CCC[C@@H](C1)N2,-4.284873008728027
guided,Cc1nc(CCOc2ccccc2)nc2c(C=O)cn(C)c12,-2.90903639793396
guided,CC[C@H](C)n1c(SCC(=O)NC)nc2c(sc3ccccc32)c1=O,-2.585836410522461
guided,COc1cc([C@@H](CC(=O)N2CCOCC2)c2c(OC)cc(OC)c3ccc(=O)oc23)cc(OC)c1OC,-0.866303563117981
guided,O=C(c1ccc[nH]1)c1ccccc1-c1ccccc1,-7.016391754150391
guided,O=C(CN1CCC(n2c(=O)[nH]c3ccccc32)CC1)Nc1ccc(Br)cc1Br,-2.573617458343506
guided,CCCOc1ccc(/C(=N/O)c2cccc3ccccc23)cc1OC,-5.103386878967285
guided,CC[C@H](Cc1ccco1)C(=O)N/N=C\c1cccs1,-3.4158194065093994
guided,C[C@@H](OC(=O)CCc1nc2ccccc2c(=O)[nH]1)C(=O)NCc1ccc2c(c1)OCO2,-0.3212939500808716
guided,CCN[C][N-][N-][C+](N[C+]1[CH+][CH-][CH+][CH-][CH+]1)N[C-]([O-])[C+]1[CH+][CH-][c+]2[cH-][cH+][cH-][cH+][c-]2[CH+]1,-0.7170762419700623
guided,COC(=O)C1=C(C)N(C)C(=S)N[C@H]1c1ccc(OCc2cccc(F)c2)c(OC)c1,-3.1922876834869385
guided,CCO[c-]1[cH+][cH-][c+]2[cH-][c+]([CH-]N(CC[C+]3[CH+][CH+][C-](F)[CH+][CH-]3)C[C+]3[N-][N-][N-]N3CC3CCCO3)[c+]([O-])[nH][c-]2[cH+]1,-2.2400832176208496
guided,C[C@H](/[S+]=c1/nc2c(c([O-])[nH]1)CCCC2)C(=O)N1CCc2ccccc2C1,-1.4243574142456055
guided,CCN/C=C/C(=O)c1c(C)[nH]c2ccccc12,-4.532188892364502
guided,N#CCCN(C(=O)c1ccc(Br)cc1)c1ccc(Br)cc1,-6.0330047607421875
guided,Cc1ccccc1N1CCN(Cc2nc3cc([N+](=O)[O-])ccc3n2C)CC1,-2.0889604091644287
guided,c1ccc(Nc2nc(N3CCCCC3)nc(N3CCNCC3)n2)cc1,-1.569446325302124
guided,Nc1nc(CN2CCCC2)nc2sc3c(c12)CCCC3,-3.2571523189544678
guided,S=C(NCCc1ccccc1)Nc1cccc(Cl)c1Cl,-9.11561393737793
guided,NC(=O)C1CCN(S(=O)(=O)c2cccc3nsnc23)CC1,-0.3064177930355072
guided,COc1ccc(C2=C[C@@H](c3ccccc3)CC(=O)N2)cc1OC,-4.357589244842529
guided,CCCN1Cc2cccc(C(=O)NCc3ccco3)c2C1=O,-2.367462635040283
guided,Cc1ccccc1N1CCN(C2=NC(=O)CS2)CC1,-5.523326873779297
guided,[O][C]([C]1[CH][CH][C](N2CCOCC2)[C](N([O-])[O-])[CH]1)[C+]1[CH][CH][CH][CH][CH]1,-0.920502781867981
guided,COC[C@H]1CCCN(C(=O)c2cc(=O)c3ccccc3o2)C1,-2.4919753074645996
guided,CCOCCn1c(C)c(C(C)=O)c2cc(O)ccc21,-3.7179384231567383
guided,CC1(C)CC(NC(=O)Cc2ccc(Br)cc2)CC(C)(C)N1,-5.429991245269775
guided,CN[C@@H](C)c1ccccc1,-10.212430953979492
guided,CCCCNC(=O)Cn1c2[s+]c3c(c-2c([O-])n(CCCC)c1=O)CCCC3,-1.293089747428894
guided,COC(=O)COc1cc2ncnc(Nc3cccc(Cl)c3)c2cc1OC,-1.431592345237732
guided,Nc1ccccc1C(=O)OCC(=O)NC(=O)NCc1ccccc1,-0.3108651340007782
guided,Nn1cc(-c2cccs2)nc1SCc1cnc(Cl)s1,-3.6112966537475586
guided,CC[C@@H](Sc1nc(C)cc(C)c1C#N)C(=O)NC1=NCCS1,-1.3050082921981812
guided,CCCN(CCC)C(=S)Nc1ccc(SC(F)F)cc1,-11.186615943908691
guided,CC(C)C(=O)Nc1ccc(NC(=O)C2CCCCC2)nc1,-1.984415054321289
guided,NS(=O)(=O)c1ccc2ccccc2c1,-2.3339359760284424
guided,CCCN([C]([O])N[C]1[N][CH][C](N([O-])[O-])S1)[C+]1[CH][CH][CH][C]([C](C)[O])[CH]1,-0.5800877809524536
guided,O=C(NNC(=S)Nc1ccc2[nH]ccc2c1)c1cccc(Cl)c1,-2.296675443649292
guided,COc1ccccc1-c1nc(C(=O)NCc2ccco2)cc2c1NCCC2=O,-0.9018325209617615
guided,CC[C@H](C)n1nccc1NC(=O)[C@H](C)OC(=O)c1cc2ccccc2o1,-1.4299768209457397
guided,N[C-](NCC[C+]1[CH-]CCCC1)NC1CC[S+2]([O-])([O-])C1,-0.565210223197937
guided,CN(c1ccccc1C(=O)N1CCCC1)S(C)(=O)=O,-2.5969159603118896
guided,O=C(Cn1nc(C(F)F)cc1C(F)F)N/N=C/c1cc2cc(Br)ccc2s1,-4.27606725692749
guided,O=C(NCc1cccc(Oc2cccc3cccnc23)c1)c1cccc(N2CCCC2=O)c1,-3.331979274749756
guided,O=C1CC(c2ccco2)CC(=O)C1=CNCCN1CCN(c2ccccc2)CC1,-2.007040500640869
guided,CC(=O)Cn1ncc(Br)c(Br)c1=O,-3.4108150005340576
guided,NC(=O)c1ccc(OCCCOc2cccc3cccnc23)cc1,-1.6342777013778687
guided,COc1cccc(CN2CCC[C@H](CCC(=O)NCc3ccc(OC(F)(F)F)cc3)C2)c1,-5.181877613067627
guided,CCC(=O)c1c(C)[nH]c(C(=O)OC)c1CC,-2.7357170581817627
guided,O=C(Cn1ncc(Cl)c(Cl)c1=O)Nc1ccc2nccnc2c1,-0.5799368023872375
guided,COc1ccc(OC)c(CNC(=O)c2ccc(N3CCCCS3(=O)=O)cc2)c1,-0.8518937230110168
guided,COCCCN1C(=O)C(O)=C(C(=O)c2ccc(C)o2)[C@H]1c1cccs1,-1.4399281740188599
guided,CCOCCCNC(=S)Nc1ccc(S(=O)(=O)Nc2nc(=S)[nH]c3ccccc23)cc1,-1.2544788122177124
guided,C=[n+]1/c(=C(/O)C[CH2-])ncc2cc(N)ccc21,-1.9218822717666626
guided,O=C(Nc1ncc(Cc2cccs2)s1)c1cccs1,-5.715511322021484
guided,CN(C)c1nc2nonc2nc1Nc1cccc2ccccc12,-1.2301691770553589
guided,C[C@H]1CCCN(c2c([N+](=O)[O-])c(=O)n(C)c3ccccc23)C1,-1.8671290874481201
guided,[O][P](N[C]1[CH][CH][C](N([O-])[O-])[CH][CH]1)([C]1[CH][CH][CH][CH][CH]1)[C+]1[CH][CH][CH][CH][CH]1,-1.6036838293075562
guided,COc1ccc2[nH]c(C)c(CCNC(=O)c3cc4ccccc4cc3O)c2c1,-2.4458210468292236
guided,COc1ccc(/C=C2\SC(=S)N(CC(=O)[N-]c3nn(C)cc3[N+](=O)[O-])C2=O)cc1.[H+],-0.7510587573051453
guided,COc1ccc(-c2[nH]ncc2CN(C)Cc2c[nH]c3ccccc23)cc1F,-3.9477672576904297
guided,Cc1ccc(-n2cccc2C(=O)NS(=O)(=O)c2ccc(C)cc2)cc1,-2.176553249359131
guided,CC1=C(C(=O)O)N2C(=O)[C@@H](NC(=O)Cc3ccccc3)[C@@H]2SC1,-0.5465083122253418
guided,S=C(NC[C@@H]1CCCO1)N1CCN(C(c2ccccc2)c2ccccc2)CC1,-7.561225891113281
guided,C[CH-][C@@H](C(=O)CC[N-]CC1=C(Cl)[N+](c2ccccc2)=[N+]=C1C)c1cccc(OC(C)C)c1,-5.750962734222412
guided,Cc1ccc2c(c1)N(CCNC(=O)c1cn(C)c3ccc(S(=O)(=O)N(C)C)cc3c1=O)CCO2,-0.28139954805374146
guided,[CH2+]CCCC[CH-]O.[CH2+][C][C][C+]1[CH+][CH-][CH+][CH-][CH+]1.[H+].[O-]Br,-5.251755714416504
guided,FC(F)(F)c1cccc(CNc2nc(CN3CCC4(CC3)OCCO4)nc3c2oc2ccccc23)c1,-3.522681713104248
guided,C=C1C=CC=C[CH-]1.O=C(CP(=O)=[OH+])c1ccccc1,-3.8173511028289795
guided,CO[C@@H](NC(=O)OCc1ccccc1Cl)C(=O)Nc1ccccc1C(F)(F)F,-2.2418441772460938
guided,CN1C(=O)C(=O)/C(=C(/O)c2ccc(OCC(=O)Nc3ccccc3)cc2)[C@H]1c1cccnc1,-0.7804398536682129
guided,CCCc1nocc1/C=[C-]/C(=O)/[NH+]=[C-]/C1=C2N=[NH+]C(=S)N2[C@@]23C=CC=C[C@@H]2[S@TB14]32=C1N=c1ccccc1=2,-0.3379072844982147
guided,N#CCc1c(C#N)cnc(-c2cccs2)c1N,-0.7880430221557617
guided,CC(C)CC(=O)Nc1cc(C(F)(F)F)ccc1N1CCCC1,-7.374001979827881
guided,C/C(=N\NS(=O)(=O)c1ccc(Br)cc1)c1cccc([N+](=O)[O-])c1,-0.875128448009491
guided,C[C@@H](NC(=O)CN1C(=O)NC(c2ccccc2)(c2ccccc2)C1=O)C(=O)NC1CCCC1,-0.44846951961517334
guided,Cc1ccc(C(=O)NCc2cccs2)cc1C,-7.280616760253906
guided,CC(C)NC(=O)NC(=O)COC(=O)C(C)(C)C,-0.7531068921089172
guided,COc1ccc(/[C-]=N/N=C2/S[C@@H](CC(=O)O)C(=O)N2c2cccc3ccccc23)cc1.[H+],-1.581046462059021
guided,C/C(=N\NC(=O)Cc1nc2c3ccccc3nc(C(F)(F)F)n2n1)c1ccco1,-0.7451746463775635
guided,COC[C@H]1CCCN(C(=O)c2cc(COc3ccc(F)cc3)on2)C1,-2.2796719074249268
guided,Cn1c(NNC(=O)c2ccc3ccccc3c2)cc(=O)n(C)c1=O,-0.5423406958580017
guided,O=C(Oc1cc2c(=O)[nH]c(=O)oc2c2ccccc12)c1ccco1,-0.5144012570381165
guided,NS([O])([O])[C]1[CH][CH][C](C([C]([O])O)N2[C]([O])[C]3[CH][C]([C+]([O])O)[CH][C](N([O-])[O-])[C]3[C]2[O])[CH][CH]1,-0.5526174306869507
guided,Brc1cnc(N2CCc3ccccc3C2)nc1N1CCCC1,-6.764860153198242
guided,O=C(CCCN1C(=O)c2ccccc2C1=O)Nc1ccc2c(c1)OCCO2,-0.7921427488327026
guided,CCOCc1cc(=O)[nH]c(=S)[nH]1,-2.7476840019226074
guided,COc1cccc(NC(=O)N2CCCC2)c1,-4.777126789093018
guided,COc1ccc(C(=O)/C=C/c2ccc(OCc3ccccc3)c(OC)c2)c(O)c1,-3.657170534133911
guided,COc1ccccc1NC(=O)c1cc(C(=O)c2cc(C)ccc2C)c[nH]1,-2.4931201934814453
guided,Cn1c(=O)c2ccccc2n(CC(=O)N2CCN(c3ccccc3F)CC2)c1=O,-1.5359715223312378
guided,O=C(Nc1ccc(S(=O)(=O)N2CCCCC2)cc1)[C@@H]1COc2ccccc2O1,-0.8549382090568542
guided,O=C(O)c1cccc(NCc2ccccc2Cl)c1,-4.431965351104736
guided,Cc1cc(C)nc(SCCn2c(N3CCCCC3)nc3c2c(=O)n(C)c(=O)n3C)n1,-0.47528207302093506
guided,Cc1nc2ncnn2c(C)c1Cc1ccc2c(c1)OCO2,-2.330742359161377
guided,NS(=O)(=O)OCCCc1ccccc1,-1.5284286737442017
guided,CN(CC(=O)NC1CCN(Cc2ccc(F)cc2)CC1)S(=O)(=O)c1cccc2cccnc12,-0.9941776394844055
guided,CNCCN/C=C1/C(=O)NC(=O)N(c2ccc(F)cc2)C1=O,-0.4751729667186737
guided,O=C1CN(C(=O)COC(=O)c2cccc3ccccc23)c2ccccc2N1,-1.4660286903381348
guided,[CH2+][c-]1[cH+][c-](C(C)[N-][CH+]N[C-]([S-])N[C+]([O-])[C+]2[CH+][CH-][C+](OC)[CH-][CH+]2)[cH+][cH-][c+]1[C-]([O-])OC,-0.40672120451927185
guided,Cc1ccc(/C=N/NC(=O)c2ccc(Cn3cc([N+](=O)[O-])cn3)o2)cc1,-0.588175356388092
guided,O=C(NC[C@@H]1CCCCN1C(=O)C[C@H](c1ccccc1)c1cc(Cl)ccc1O)c1ccco1,-2.6088387966156006
guided,COc1ccc(S(=O)(=O)N2CCC(C(=O)NCCc3ccccc3)CC2)cc1OC,-0.8010126948356628
guided,CO[C]1[CH][CH][CH][CH][C]1N[C]1[CH][CH][C]([C+]([O])O)[CH][C]1N([O-])[O-],-0.5148097276687622
guided,C=CCOc1ccccc1C(=O)NCC1CCCCC1,-5.878663063049316
guided,COCCCN[C@H](CCOc1ccc(C)nc1)CC(=O)c1cccn1C,-2.149578809738159
guided,COc1ccc(C(C)(C)C)cc1/N=C\C1=CC(=O)O[C@H](c2cccs2)C1,-6.042766571044922
guided,CCOc1ccc(C)cc1S(=O)(=O)N1CCCCC1,-4.219058036804199
guided,CCCOc1ccc(N2C(=O)C[C@H](S/C(N)=N/N=C/c3ccccc3O)C2=O)cc1,-0.7379682660102844
guided,Cc1cc2c(cn1)c1ccccc1c(=O)n2C,-5.8170881271362305
guided,CC(C)OC(=O)c1cc(O)c2ccccc2c1O,-2.134181499481201
guided,COCCC(=O)N(Cc1cc2ccccc2[nH]c1=O)c1cccc(C)c1C,-2.94576358795166
guided,N#CCC(=O)N1CCC[C@H]1C(N)=O,-0.6773920655250549
guided,Cc1nn(CC(=O)O)cc1S(=O)(=O)Nc1ccc(C(C)C)cc1,-0.5124813914299011
guided,O=[N+]([O-])c1ccc(N2CCCCC2)cc1N1CCOCC1,-2.7326154708862305
guided,Cc1cc(C)c(C(=O)N2CCC[C@@H](C(=O)c3ccc4cc(Br)ccc4c3)C2)o1,-5.924013137817383
guided,CCNC(=S)N(Cc1ccc2ccccc2n1)C(C)C,-7.426235675811768
guided,Cc1cc(N2CCOCC2)nc(SCC(=O)c2ccc3ccccc3c2)n1,-3.679891347885132
guided,Cc1ccc(N2CCN(C(=O)Nc3ccc(OCc4ccccc4)cc3)C[C@@H]2C)cc1,-6.345232963562012
guided,C/C(CC(=O)N1CCCC1)=N\NC(=O)CCC(=O)O,-0.48755866289138794
guided,O=C(COc1cc(S(=O)(=O)N2CCOCC2)ccc1F)NCC(=O)N/N=C/c1ccco1,-0.2988790273666382
guided,CCN(C)P(=S)(N(C)CC)N(C)C[P@](=O)(CC)OC,-6.0883355140686035
guided,COc1ccc(-n2nnnc2SCC(=O)NCc2ccco2)cc1OC,-0.3135828673839569
guided,COCC[N-][C]N([N-][CH+][C+]1[CH+][CH-][C+](Br)[CH-][CH+]1)[c-]1[n-][c+]2[cH+][cH-][cH+][cH-][c+]2s1,-4.604671955108643
guided,[CH2-]CCCCC(O)CC[CH+][CH-]CCCCCO[S+2](N)([O-])[O-],-0.8997229337692261
guided,COC(=O)[C@H](Cc1ccccc1)NC(=O)N1CCC[C@@H](C)C1,-2.644069194793701
guided,COCCSc1nc(NC(=S)N(C)C)c2c3c(sc2n1)CCC3,-4.009993076324463
guided,COc1cc(CC(=O)Nc2cc(C)ccn2)cc(OC)c1OC,-1.7196383476257324
guided,[H]/N=c1\oc2c(OC)cccc2cc1C(=O)N(C)c1ccc(C)c(C)c1,-2.624600410461426
guided,Cc1ccc(O[C@@H](C)C(=O)Nc2cccnc2)c(C)c1,-3.781348705291748
guided,CN(C)S(=O)(=O)c1ccc(N2CCCC2)c(C(=O)Nc2nc(-c3cccs3)cs2)c1,-1.7116619348526
guided,COc1ccc(S(=O)(=O)N(C)c2ccc3c(=O)cc(C(C)C)oc3c2)cc1,-1.8549821376800537
guided,COc1cc(C)nc(SCC(=O)NC2CC2)n1,-1.9620559215545654
guided,Cc1ccc(S(=O)(=O)CCn2cccc2)cc1,-5.1696600914001465
guided,Cc1cc(C)cc(NC(=O)NCCCN2CCOCC2)c1,-3.1740946769714355
guided,O[C@@H](CN1CCCCC1)CN1CCN(Cc2cccs2)CC1,-6.603452205657959
guided,Clc1ccc(C2=NN/C(=N\C[C@@H]3CCCO3)SC2)cc1,-4.502094268798828
guided,CN[C@H]1[CH-]C[C@@H](O)[C@H](N[C@H](C)/C(=[O+]/C)C(=O)OC)[C@H]1OC,-0.5591459274291992
guided,NS(=O)(=O)OCCCc1ccccc1,-1.5284286737442017
guided,C[C@H](N)c1nnc(SCC(=O)N(C)C)o1,-0.6871359348297119
guided,O=C(NCCN1CCOCC1)c1cnn2c1N[C@H](c1ccccc1)C[C@H]2C(F)(F)F,-1.6258277893066406
guided,C=[n+]1c(=C=O)cc([O-])c2ccc(C(=O)OC/C([O-])=[NH+]/c3cc(OC)c(OC)c(OC)c3)cc21,-0.2674061954021454
guided,Cc1cccc(CC(=O)N2CCOCC2)c1,-6.596785545349121
guided,CC(=O)c1c(C)[nH]c(C(=O)COC(=O)Cc2ccc(Cl)cc2)c1C,-1.8195557594299316
guided,CC1=CC2=NC(=O)C[C@](C)(C(=O)N(CC(=O)NC3CCCC3)Cc3ccccc3)N2C=C1,-1.2408536672592163
guided,[CH2-]CCC/C=C(/N=N/C12CC1=C[CH-]C=C2F)C1=[S+2]=C(N2CCOCC2)C=C1,-6.427613258361816
guided,Nc1ccc(C(=O)/C=C\CCNCc2ccccc2)cc1,-3.416334629058838
guided,CCOc1ccc(S(=O)(=O)N(C)c2ccc(OC)nc2)cc1,-1.7195138931274414
guided,CNC[C@H](O)CNCc1ccco1,-2.7234015464782715
guided,ON(CCN1CCN(c2ccccc2F)CC1)Cc1ccccc1,-6.819520473480225
guided,CN(C)NC(=O)CNc1cccc(C(F)(F)F)c1,-4.281943321228027
guided,O=c1ccn([C@H]2O[C@@H](CO)[C@H](O)[C@@H]2O)c(=O)[nH]1,-0.4755268692970276
guided,COCCN1C(=O)N[C@H](c2ccccc2)C(C(C)=O)=C1C,-2.6420037746429443
guided,[N-2][C][C+]1[C+](N)[N-][C+](N)[C+]([C][N-2])C1[C+]1[CH+][CH+][C-](O[c+]2[cH-][cH+][cH-][cH+][cH-]2)[CH+][CH-]1,-0.7768471837043762
guided,CCOc1cccc(NC(=O)CN(c2ccccc2)S(=O)(=O)c2c(C)noc2C)c1,-1.0082348585128784
guided,CCO[C]1[CH][C]([CH+][C]2S[C]([S])N(C)[C]2[O])[CH][CH][C]1O[C]1[CH][CH][C](N([O-])[O-])[CH][N]1,-0.9134691953659058
guided,COc1ccc(N[C@H]2c3ccccc3C(=O)N2Cc2ccc(F)cc2)cc1,-6.1414923667907715
guided,Fc1ccccc1-c1nc(-c2cnccn2)no1,-2.1057398319244385
guided,CCOc1c2c(nc3ccc(Cl)cc13)CCC2,-8.88534927368164
guided,O=C(c1ncn[nH]1)N(Cc1ccccc1)CC1CC1,-2.2492008209228516
guided,[O-]N1c2ccc(N3CCCCC3)cc2[C@@H](F)N2C=CC=C[C@]23O[O+]13,-4.4540605545043945
guided,O=C(c1cccc2ccccc12)N1CCOC[C@@H]1c1ccc(O)cc1,-4.382290363311768
guided,COc1ccc(C(=O)COC(=O)CNC(=O)c2cc(=O)[nH]c(C)n2)c(OC)c1OC,-0.3009932041168213
guided,S=C(NCc1ccc(Cl)cc1)N1CCN(c2ccccn2)CC1,-6.641502380371094
guided,CN(C)CCNCCCOc1ccc(Br)cc1/C=C1/CCCCC1=O,-5.634207248687744
guided,Cc1ccc(S(=O)(=O)N(CC(=O)Nc2ccccc2C)c2ccc(Cl)c(C(=O)N3CCOCC3)c2)cc1,-1.6029207706451416
guided,CCCC(N[C-](O)CCO)N(O)[C-]([O-])N[C+]1[CH+][CH-][CH+][CH-][CH+]1,-0.5539633631706238
guided,O=C(COC(=O)CCc1ccc(S(=O)(=O)N2CCOCC2)cc1)NC(=O)NC1CCCCC1,-0.42027419805526733
guided,CCOc1cccc(C(=O)NC(=O)Nc2cccc(C)n2)c1,-1.132429838180542
guided,COc1ccc(N[C@@H](C)C(=O)OCC(=O)Nc2ccccc2F)cc1,-1.316162347793579
guided,CCCOc1ccc2c(c1)C(=O)C[C@@H](CC1CCCCC1)C2=O,-6.215505123138428
guided,Fc1ccc(NC(=S)N2CCOCC2)cc1Cl,-7.855689525604248
guided,O=C(COc1ccc(OC(F)F)cc1-c1ccnc(O)c1)NC(=O)c1cnccn1,-0.4241608679294586
guided,COc1ccc([C@H]2CC(=O)c3c(O)c(C)c(O)c(O)c3C2)cc1O,-0.7262463569641113
guided,CS(=O)(=O)CC[C@@H](c1ccc(C#N)cc1)N1CCN(C2CCCC2)CC1,-2.2756011486053467
guided,CNC[C@H](O)[C@@H](O)[C@@H](O)CO,-0.7269431352615356
guided,Cc1ccc(N2C[C@H](C(=O)OCC(=O)Nc3ccccn3)CC2=O)cc1C,-0.6099649667739868
guided,CN[C@H](CC(=O)O)[C@@]1(O)c2ccccc2C(=O)c2cc3ccccc3cc21,-0.8596189022064209
guided,O=[N+]([O-])c1cccnc1NCCc1ccccc1,-1.9266479015350342
guided,COCCn1nnnc1SCC(=O)N1CCCCC1,-1.3167214393615723
guided,Nc1ccc(N2CCOCC2)c(S(=O)(=O)/N=c2/cccc3cccc[c-]23)c1.[H+],-0.7588618397712708
guided,CCO[c-]1[cH+][c-]([CH+][c-]2[c+]([O-])[n-][c+]3s[cH+][cH-]n3[c+]2[NH-])[cH+][cH-][c+]1OC[C-]1N[c+]2[cH-][c+](C)[cH-][cH+][c-]2OCO1,-2.180100679397583
guided,[CH2-]CCCC(CO)O[CH2-].[CH2-]O.[H+].[H+].[H+].[H+].[O-][C+]1CCNCCN1C([C][C][C+]1[CH+][CH-][CH+][CH-][CH+]1)CO,-0.5243110656738281
guided,S=C(NCc1ccncc1)Nc1ccc(Cl)cc1Cl,-6.364413738250732
guided,COCCS(=O)(=O)c1c(OC)ccc2[nH]c(C)nc12,-0.7734700441360474
guided,C=CCn1cnc2c(N3CCN(S(=O)(=O)c4ccc5ccccc5c4)CC3)ncnc21,-0.8712118268013
guided,CN1CCN(C(=S)C(=O)NCc2ccccc2)CC1,-5.494342803955078
guided,COc1ccccc1-c1nnc(SCC(=O)N(C(C)C)C(C)C)o1,-2.2610623836517334
guided,CCCCN1CCC(CNC(=O)c2cc3c(=O)n4cccc(C)c4nc3s2)CC1,-2.427239179611206
guided,COc1ccc(-n2nnnc2SCC(=O)N(c2ccccc2OC)C(C)C)cc1,-1.2379263639450073
guided,CCN(CC)S(=O)(=O)c1ccc(CCC(=O)OCC(=O)Nc2cccc(OC)c2)c(C)c1,-0.8245407342910767
guided,COc1cccc(CNC(=O)CS(=O)(=O)c2ccc(C)cc2)c1,-1.3659389019012451
guided,O=C(NCC(=O)N1CCN(c2ccccc2F)CC1)C1CCCCC1,-3.3037755489349365
guided,C=C/C=C(/O)c1ccc2ccccc2c1,-9.34042739868164
guided,O=S(=O)(c1cccs1)N1CCN(c2ccccc2F)CC1,-4.922146320343018
guided,O=C(N/N=C/c1ccccn1)c1ccc(Cn2cccn2)o1,-0.6170501708984375
guided,COc1cc(OC)c2c(c1)N(C(=S)N1CCN(Cc3ccccc3)CC1)CCN2C,-6.626232624053955
guided,CCOC1=Cc2c/c(=C\N(Cc3cccnc3)C(=O)Nc3ccccc3F)c(=O)[nH]c2=C[CH-]1.[H+],-0.8567660450935364
guided,CC[C@@H](C)NC(=O)/C=C/C1=CCCCC1,-7.248587131500244
guided,Cc1ccc2nc(C(F)(F)F)nc(N(C)N)c2c1,-3.1026813983917236
guided,S=C(NCc1ccccc1)NC1CCCCC1,-8.079479217529297
guided,Cc1cc(CNc2cnc3ccccc3c2)cs1,-8.596131324768066
guided,COc1ccc(C(=O)Nc2ccc([N+](=O)[O-])cn2)cc1OCc1ccccc1,-1.2420042753219604
guided,CN(C)CCCOC(=O)COc1ccc2ccccc2c1,-5.272268772125244
guided,Cn1c(SCc2nc3cc(C(=O)O)ccc3c(=O)[nH]2)nnc1C(F)(F)F,-0.47878679633140564
guided,CC[C@@H](c1nnnn1Cc1ccco1)N(Cc1ccco1)Cc1cccc(OC)c1OC,-1.4935200214385986
guided,CC(=O)CCCC(=O)Nc1cccc2cccnc12,-2.811311960220337
guided,C=C(C)Cn1c([C@H]2CC(=O)N(Cc3ccc4c(c3)OCO4)C2)nc2ccccc21,-3.601994514465332
guided,COc1cc(Cl)c(C)cc1NC(=O)CN1CCOCC1,-3.395838499069214
guided,Nc1cc(-c2ccc([N+](=O)[O-])cc2)nn1S(=O)(=O)c1ccc(Br)cc1,-0.8351700901985168
guided,COc1ccc(N[C@H]2CCCN(C(=O)c3cc4ccccc4oc3=O)C2)c(OC)c1,-1.4305644035339355
guided,O[C@H]1OCCCN1Cc1ccccc1Cl,-6.12796688079834
guided,CCOC(=O)[C@@H]1CCCN(S(=O)(=O)c2ccccc2)C1,-2.0336689949035645
guided,COCCCNC(=O)C1CCN(S(=O)(=O)CCc2ccccc2)CC1,-1.0881054401397705
guided,CO/N=C\c1ccc(NC(=O)CCCc2ccc(OC)cc2)cc1,-3.1217446327209473
guided,CCOc1ccc(/C=C2\[S+]=C(N3CCCCC3)N=C2[O-])cc1,-3.8542332649230957
guided,C[C@@H](C(=O)Nc1cccc(F)c1)N(Cc1cccs1)C(=O)c1ccc(=O)[nH]n1,-0.6125096678733826
guided,COc1ccccc1C(=O)NNC(=O)c1cccs1,-1.6801245212554932
guided,CCOC(=O)N/C(C)=N/O,-1.5727165937423706
guided,O=c1c2cc(F)ccc2oc2c(O)ccc(C(O)(C(F)(F)F)C(F)(F)F)c12,-2.6485228538513184
guided,Nc1ccc(Cl)c(NC(=O)CSc2ccc(Cl)cc2)c1,-4.146758556365967
guided,COc1ccccc1N1CCN(S(=O)(=O)c2ccc(OC(C)C)cc2)CC1,-2.8313236236572266
guided,CCOc1ccccc1-n1c(=S)sc2c(=O)n(-c3ccc(F)cc3)c(SCC(=O)O)nc21,-2.193209171295166
guided,O[C-]1N2[C@@]34[C+](F)[CH-][CH+][S@OH19+2]3([c-]3[cH+][n-][cH-][c-](NC[c-]5[cH+][cH-][cH+][cH-][cH+]5)[n-]3)[N+]124.[H+],-2.055875778198242
guided,CO[C@H](OCCC[C@@H](Cc1ccccn1)c1nc2ccccc2[nH]1)C(=O)SC(C)C,-2.6236257553100586
guided,S=C(Nc1ccc2c(c1)CCC2)Nc1ccc2c(c1)OCO2,-5.3774495124816895
guided,O=C(C1CCCCC1)N1CCc2onc(-c3cccc(F)c3)c2C1,-5.000625133514404
guided,CC(=O)O[C@@H]1CC[C@@H](c2noc3ccc(F)cc23)OC1(C)C,-2.97688627243042
guided,[O-][S+2]([O-])([c-]1[cH+][cH-][c+](C(F)(F)F)[cH-][cH+]1)N1[C-]2[N-]CC[S@+]2O[S@+2]1([O-])[c-]1[cH+][cH-][c+](F)[cH-][c+]1F,-1.1889604330062866
guided,COc1ccc(/N=C2\C(=O)N(c3ccccn3)c3ccccc32)cc1,-3.8268110752105713
guided,CC[C@@H](C)OC(=O)c1ccc(Cl)cc1Cl,-8.323424339294434
guided,CCOc1cc(Cl)cc(/C=N/c2ccccc2O)c1O,-3.1730551719665527
guided,CO[C]1[CH][CH][C]([C+]2[CH]N3[CH][CH][CH][CH][C]3[N]2)[CH][C]1N([O-])[O-],-1.203513503074646
guided,Cc1ccc(-c2cc(C(=O)Nc3ccc4ccccc4c3)c3ccccc3n2)o1,-6.157807350158691
guided,COc1ccc(-n2c(C)nc3cc(C(=O)N4CCOCC4)ccc32)cc1,-3.0070688724517822
guided,[O-][C+]1C[C-]([C+]([O-])N([c+]2[cH-][cH+][cH-][cH+][cH-]2)C2CCCCC2)CS1,-3.7272350788116455
guided,CCC[C@H](C(=O)NC1CCCC1)N(C(=O)Cn1nnc(-c2ccc(C)o2)n1)c1cccc(O)c1,-0.917563796043396
guided,CO[C]1[CH][CH][C](C[C]([O])N[N][CH+][C]2[CH][CH][C](O[C]3[CH][CH][C](N([O-])[O-])[CH][N]3)[C](OC)[CH]2)[CH][CH]1,-0.6084107160568237
guided,NS(=O)(=O)c1ccc([C@@H](CCC(=O)O)NC(=O)c2ccccc2Cl)cc1,-0.547061026096344
guided,Cc1ccn2nc(/[S+]=c3\nc4n(C)c(=O)[nH]c([O-])c-4n3CCCc3ccccc3)nc2n1,-0.2791593372821808
guided,COc1ccccc1C(=O)NNC(=O)c1ccccc1O,-0.5055897831916809
guided,CC1(C)[C@H]2CC[C@]1(CS(=O)(=O)N1CCN(CCN3CCOCC3)CC1)C(=O)C2,-1.5961029529571533
guided,CCO/N=C\c1ccsc1[C@H](C(=O)NC1CCCCC1)N(Cc1ccco1)C(C)=O,-1.951132893562317
guided,O=C(Nc1ccccc1)NC1CCN(Cc2ccccc2F)CC1,-5.001206398010254
guided,Cc1ccc(C)c(/N=N/c2ccc(O)c3ncccc23)c1,-4.464895725250244
guided,CO[C]1[CH][CH][C](CN2[CH][C](C)[N][C+]2[C]2[CH][CH][CH][CH][CH]2)[CH][C]1N([O-])[O-],-1.3286328315734863
guided,NNC(=O)c1ccc(CSCc2cc(=O)oc3ccccc23)o1,-0.5115247368812561
guided,Fc1ccc(OCc2noc(CN3CC[C@@H](c4ccccc4F)C3)n2)cc1,-4.271543502807617
guided,CC[C+]([O-])N1[C+]([O-])N(C2CCCCC2)C(O[CH+][C-](C)[O-])C1C,-0.7857601046562195
guided,Clc1ccc(-c2csc(N3CCN(Cc4ccccc4)CC3)n2)cc1,-10.14816951751709
guided,COc1ccc(/C(O)=C2\C(=O)C(=O)N(CCCn3ccnc3)[C@@H]2c2ccco2)c([N+](=O)[O-])c1,-0.7020991444587708
guided,CCOCCCNC(=O)C1CCN(S(=O)(=O)c2cccs2)CC1,-1.1565055847167969
guided,COC(OC)c1cc(C(=O)N/N=C/c2ccc(O)c(O)c2)c2ccccc2n1,-0.6087893843650818
guided,CN1[C-]([O-])[C+]2S[C+]([S-])N(CC[C+]([O-])NCC3CCCO3)[C+]2N([C][CH+][C+]2[CH+][c-]3[cH+][cH-][cH+][cH-][c+]3[N-][C+]2[O-])[C-]1[O-].[H+],-0.3825637698173523
guided,C[C@H](C(=O)Nc1ccccc1)c1ccc(S(=O)(=O)N2CCOCC2)cc1,-1.2540165185928345
guided,[H]/N=C(/N=C1\[C-]=C/C(=[O+]\C)C=C1)NCCCO,-1.0934964418411255
guided,C/C(=C\C=C\CC(C)(C)O)C/N=C/CCCCC(C)C,-8.16489028930664
guided,O[N+]1=C2[C][C@H]2[N-]N1[C+]1=CC=CC=C1C(F)(F)F.[H+].[O-2],-1.8033815622329712
guided,c1ccc([C@H](C/N=[S+]/[C-]2CCCCCN2)n2nnc3ccccc32)cc1,-3.8777260780334473
guided,O=C(NN1C(=O)c2ccccc2C1=O)c1ccccc1Cl,-1.9261101484298706
guided,Cc1c(/C=C2/SC(=O)NC2=O)c2ccccc2n1CCc1nccn1C,-2.062795877456665
guided,[O-][S@@+](CCCOCC1CCCCC1)Cc1ccc(Cl)cc1,-7.728306293487549
guided,CCCCCC(=O)N/N=C/c1cc2c(cc1O)OCCO2,-1.0209230184555054
guided,[CH2-]C1CCO1.[O-][PH+]([c-]1[cH+][cH-][cH+][cH-][cH+]1)[c-]1[n-][c+]2[cH+][cH-][cH+][cH-][c+]2n1-[c+]1[cH-][cH+][c-](F)[cH+][cH-]1,-3.7592835426330566
guided,COCn1c(COc2cccc(OC)c2)nc2ccccc21,-4.550704002380371
guided,CN(CCc1ccccc1)N(C)C1=CC(=O)C[C@H](c2cccs2)C1,-8.743370056152344
guided,COc1ccc(N2CCN(C[C@H](O)COC3=C4[CH-]C=CC=C4CCC3)CC2)cc1.[H+],-4.8131585121154785
guided,COc1cc(C)c(CC(=O)Nc2ccc3ccccc3n2)cc1OC,-3.0822737216949463
guided,O[C@](Cn1cnnn1)(c1ccccc1)c1ccccc1F,-2.057398557662964
guided,O=C1C=CN(CC(=O)c2ccco2)CC1,-3.420947313308716
guided,CC(=O)n1nc(-c2ccccc2)nc1SCc1ccccc1Cl,-5.266467571258545
guided,CO[c-]1[cH+][cH-][c+]([S+2]2([O-])N[C-]([S-])N(C[C-]([O-])N[C+]3[CH+][CH-][C+](C)[CH-][C+]3C)C([c-]3[cH+][cH-][c+](N([O-])[O-])[cH-][cH+]3)O2)[cH-][c+]1Cl,-0.8094003200531006
guided,CN(C)S(=O)(=O)N1CCC[C@H](C(=O)c2ccc(-c3ccccc3)cc2)C1,-3.0509185791015625
guided,CC(=O)c1ccccc1OC[C@H](O)CN1CCc2ccccc2C1,-3.770782947540283
guided,O=c1[nH]c2c(cc1/C=N/O)c(-c1ccccc1)nn2CCCO,-0.36169084906578064
guided,O=C(COC(=O)c1cc(-c2ccncc2)nc2ccccc12)NCc1ccco1,-0.9181039929389954
guided,CNC(=O)C1=C(C)Nc2nc3ccccc3n2[C@H]1c1cccc(F)c1,-2.96536922454834
guided,COc1c(Cl)cc(-c2noc(C)c2C(=O)N[C@@H](C)c2ccccc2)cc1Cl,-4.302299499511719
guided,CCOc1ccccc1N1CCN(CC(=O)Nc2ccc(C)cc2F)CC1,-4.656908988952637
guided,C=C[N-]C#CNNC(=O)N(CC)NC(=O)Nc1ccc([N+](=O)[O-])cc1.[H+],-0.4003606140613556
guided,F[C]1[CH][CH][C]([N+][N+][C][CH][CH][C]2[C-][CH][CH]N2)[CH][CH]1,-5.05102014541626
guided,CCN(CC)CCCN[c-]1[n-][c+]([C][CH+][c-]2[cH+][cH-][cH+]o2)[n-][c+]2[cH+][cH-][cH+][cH-][c+]21,-3.522425651550293
guided,[O][C]([C+]1[CH][CH][CH][CH][CH]1)N1CCN(S([O])([O])[C]2[CH][CH][C](N([O-])[O-])[CH][CH]2)CC1,-0.5566457509994507
guided,O=Cc1ccc(O)cc1O[C@@H]1O[C@H](CO)[C@@H](O)[C@H](O)[C@@H]1O,-0.4050719738006592
guided,Cc1cc(C)c2ccccc2c1/C=N/NC(=O)c1cc2ccccc2o1,-4.7909626960754395
guided,OCCN1CCCCCC1,-7.866796493530273
guided,CCCCSc1nnc(CSc2nc(C)cc(C)n2)o1,-2.8103466033935547
guided,COc1c(F)cc(/C=C/c2ccc3cccc(O)c3n2)cc1C=O,-3.4882116317749023
guided,CC[C@H](O)CNc1nc(-c2cccs2)nc2ccccc12,-3.2624428272247314
guided,O[C@@H](COCc1cnc(Cl)s1)CN1CCCC1,-4.178418159484863
guided,Cn1nccc1NS(=O)(=O)c1ccc(NC(=O)c2ccco2)cc1,-0.40137532353401184
guided,[CH2-]CN(CCC/N=C1/C=C/C(=[O+]/C)C(C(=O)O)=C1)c1nc(C(F)(F)F)cc(=O)[nH]1,-0.45835408568382263
guided,CC(C)(C)/[S+]=C1/C=CC=C/C1=C(\[O-])Nc1ccc(S(=O)(=O)Nc2nccs2)cc1,-0.8720399737358093
guided,CC(=O)N1CCN(c2ccc(NC(=O)c3c(F)c(F)c(F)c(F)c3F)cc2Cl)CC1,-4.2210493087768555
guided,N#CCCCN(Cc1nc2ccccc2c(=O)[nH]1)S(=O)(=O)c1cc(Cl)ccc1Cl,-1.1940946578979492
guided,CC(=O)c1c(C)[nH]c(C(=O)CSc2n[nH]c(=O)n2CCc2ccccc2)c1C,-0.7630578279495239
guided,C[P@](=O)(Nc1ccc(Br)cc1F)Oc1ccccc1,-6.951974391937256
guided,C[C]([O])[C]([N]N[C]1[CH][CH][C](N([O-])[O-])[CH][CH]1)[C+]([O])O,-0.5365952849388123
guided,C/C(=N\OCC(=O)N/N=C/C=C/c1ccccc1)c1cccs1,-2.6276426315307617
guided,Cc1n[nH]c(C)c1Sc1cccc2cc(S(=O)(=O)C(C)C)ccc12,-3.5523176193237305
guided,CC[C-]([O-])N[C+]([S-])N[C][CH+][C+]([CH-][C+]([O-])[c+]1[cH-][cH+][cH-][cH+][cH-]1)S[C][NH-].[H+],-0.4004640579223633
guided,O=C(CSc1nc2c(c3oc4ccc(F)cc4c(=O)c13)CCCC2)N1CCCC1,-3.1418886184692383
guided,CCOc1ccc(-c2cn(-c3ccccc3OC)c(=S)[nH]2)cc1,-6.4992451667785645
guided,[H]/[O+]=C(\CC(=O)C1=[S+2]=CC=C1)C(=O)N(C[C-]([O-])NCc1ccccc1)c1[c-]ccc(C)c1,-0.35410451889038086
guided,CCOc1ccc(C(=O)N2CCN(c3ccc(C(C)(C)C)cc3)CC2)cc1,-7.320730209350586
guided,Cc1cc(N)c(CNC2CCCC2)cc1N1CCOCC1,-3.69661545753479
guided,COCCCn1c(-c2ccncc2)nnc1[S+2]1=[NH+][C@@H]1/[C-]=N/[C-]=N/CC/[C-]=N\C=C(C)C,-0.3320726454257965
guided,COc1ccccc1/C=C\C(=O)C(F)(F)F,-7.553220748901367
guided,CCCN(CCC)CCNC(=S)Nc1ccccc1,-7.4942946434021
guided,Cc1nn(C)cc1CN1C(=O)c2ccccc2S1(=O)=O,-1.281135082244873
guided,COc1cc2c(cc1NC(=O)c1ccn[nH]1)CCCC2,-1.9650218486785889
guided,COc1cc2c(cc1OC)CN(C(=O)CCc1ccccc1)CC2,-5.547744274139404
guided,COc1ccc(C)cc1NC(=O)CSc1cc(C)nc(C)n1,-2.420633554458618
guided,[CH][CH-][C-]1[C+](N[C+]([O-])[C+]2[CH+][CH-][CH+][N-][CH+]2)[C-]([O-])N[C+]([O-])N1C(C)CC,-0.5053868889808655
guided,CS(=O)(=O)Nc1ccc([C@H]2C(=O)Nc3ccccc3[C@@H]2O)cc1,-0.38885071873664856
guided,NNC(=S)Nc1oc2cc(Cl)ccc2c(=O)c1-c1ccccc1,-1.4115424156188965
guided,COCCN1C[C@@H](c2ccccn2)NC1=O,-2.9156653881073
guided,CCOC(=O)C1=C(C)/C(=C(/N)[O-])C([S@+](C)[O-])=[S+]1,-0.4577521085739136
guided,Cc1cc(C)cc(COc2ccccc2[N+](=O)[O-])c1,-4.124627590179443
guided,CCOc1cccc([C@H](C)C2=C=[NH+]/C(=N\C(=O)C(=C\c3ccco3)/N=C(\[O-])CC)S2)c1,-0.48290544748306274
guided,COc1cc(OC)nc(NC(=O)c2ccco2)n1,-0.5438547730445862
guided,Cc1ccc(C(=O)O)cc1NC(=S)N1CCC(C(=O)c2ccccc2)CC1,-2.574406147003174
guided,C/C([CH-]CC[C@H](C)OC#[O+])=N\NC(N)=S,-1.005419135093689
guided,O=C(CCNS(=O)(=O)c1ccccc1)NCc1cnc[nH]1,-0.31837472319602966
guided,COc1ccc(N(C)S(=O)(=O)c2ccc(C(=O)O[C@@H](C)C(=O)NC[C@@H]3CCCO3)cc2)cc1,-0.5159303545951843
guided,[H]/N=C1\NC(=O)/C(=C/c2cc(OC)c(O)c(OC)c2)S1,-0.46586495637893677
guided,Fc1ccc(NCc2ccc3c(c2)OCO3)cc1,-6.952381610870361
guided,Cc1nnc(N2CCCC2)n1Cc1ccccc1,-5.970028400421143
guided,CCNC(=O)CN(CCc1cccs1)S(=O)(=O)c1ccc(OC)cc1,-1.1506882905960083
guided,S=c1nc[nH]c(Oc2ccccc2)c1-c1ccccc1,-6.744019031524658
guided,CCCCOc1cc(-c2ccc3c(c2)OCO3)ccc1N,-3.970493793487549
guided,[CH2-]C(CC[N-][CH-][C+]1[CH-][CH+][CH-][CH+][C+]1N[C-]([O-])C1CCCN(C[c+]2[n-][c-](-[c+]3[cH-][cH+][c-](CN(C)C)[cH+][cH-]3)o[c+]2C)C1)[C+]1[CH+][CH-][CH+][CH-][CH+]1,-2.871040105819702
guided,O=C(O)CCCc1ccccc1,-5.482183933258057
guided,O=C(c1ccc(O)cc1)N1N=C(c2c(O)n(Cc3ccccc3)c3ccccc23)C[C@H]1c1ccccc1,-4.129533290863037
guided,Cc1cc2c(cc1CC(=O)N(C)CC(=O)Nc1ccccc1C#N)OCO2,-0.5270372033119202
guided,CC(=O)c1ccc(Cc2ncc(C(F)(F)F)cc2Cl)s1,-8.146500587463379
guided,CNC(=O)c1cc(S(=O)(=O)N2CCCC2)cn1C,-1.3989592790603638
guided,O=S(=O)(NCc1ccco1)c1ccc(-c2ccccc2OS(=O)(=O)c2ccccc2)cc1,-1.5432813167572021
guided,COc1cccc(C(=O)[C@H]2CCCN(Cc3cc4ccccc4[nH]3)C2)c1,-5.307677745819092
guided,CN1CC[C@@H](CC(=O)N2CCC(Cc3ccccc3)CC2)c2ccccc21,-9.091635704040527
guided,O=C(CSc1nncn1-c1ccc(F)cc1)N1CCc2ccccc21,-3.829188346862793
guided,O=C1c2ccccc2NC(=S)/[N+]1=C/C1=Cc2ccccc2O/C1=C/CC[O-],-2.235929489135742
guided,COCCNC(=S)N1CCN(CC(=O)NC2CC2)CC1,-2.7451839447021484
guided,NNC(=O)c1cccn1Cc1ccccc1Cl,-2.412429094314575
guided,[CH2+]CC[CH-][C+]1[CH-][CH+][CH-][CH+][C+]1O[C-]([O-])[c+]1[cH-][cH+][cH-][c+](Cl)[c-]1N.[H+],-3.0601894855499268
guided,COc1ccc(C=C(C#N)C#N)c(OC)c1,-1.944989800453186
guided,O=C(C/[S+]=C1\N=c2ccc(N([O-])[O-])cc2=[S+]1)Nc1cccc2c1CCCC2,-0.5295376181602478
guided,FC(F)(F)Oc1ccc(NC(=S)Nc2cccnc2)cc1,-4.919975280761719
guided,NNC(=O)C1=C(N)/C(=C\c2ccc(Br)c(O)c2)C(=O)N1,-0.4130787253379822
guided,COc1cc(C(=O)O)c2[nH]c(-c3ccccc3)cc2c1N,-0.993194580078125
guided,Cc1cc(C)nc(SCC(=O)Nc2ccc(S(=O)(=O)N3CCCCC3)cc2)n1,-0.8370100855827332
guided,O=C(NCc1ccco1)N[C@]12C[C@H]3C[C@H](C[C@H](C3)C1)C2,-3.5338754653930664
guided,C=CC[C@H]1C(=O)N2C(=C1O)C(C(N)=O)=C(Nc1cccc(F)c1)[C@@H](c1cc(OC)ccc1OC)C2(C)C,-1.6775174140930176
guided,[H]/[C-]=[N+](\c1ccccc1)c1n[nH]nc1/[N+](=[C-]/[H])c1cccc2cccnc12,-2.815753221511841
guided,O=C(O)COC(c1ccccc1)c1ccccc1,-4.3608598709106445
guided,Cc1cccc(OC[C@H](O)CN2CCN(C)CC2)c1,-5.457651138305664
guided,CO[C]1[CH][C][C]([C]2CCN3[CH][CH][N][C]3[C]2[O])[CH][C]1OC.[H+],-2.9385831356048584
guided,CCCc1nnc(S[C@@H](C)C(=O)Nc2ccc(F)cc2)n1C,-2.8229172229766846
guided,COc1ccccc1N1CCN(S(=O)(=O)c2c(C)nc3[s+]ccn3c2[O-])CC1,-0.3934115171432495
guided,O=C(c1noc2c1CCCC2)N1CCCCC1,-4.2075700759887695
guided,O=C(NCC(=O)N1CCCC1)c1ccc(OC(F)F)cc1,-2.549229145050049
guided,Cn1nnc2cc(NC(=O)NCCCN3CCCCC3)ccc21,-1.1947548389434814
guided,COc1ccc(NC(=S)N2CCC(N(C)C[C@H]3CCCO3)CC2)cc1,-5.760509014129639
guided,CCN1C[CH+][OH+]C2[CH-][CH+][C+](O2)C([c+]2[cH-][cH+][c-](F)[cH+][cH-]2)C[C-]1[O-],-3.743459463119507
guided,COc1cc(C(=O)N[C@@H](CC(C)C)c2nnnn2-c2cccc3ccccc23)cc(OC)c1OC,-1.62716805934906
guided,Clc1ncccc1CNCC1CCCCC1,-8.183280944824219
guided,O=C(O)CNCn1c(-c2ccccc2O)nc2ccccc21,-0.6196478009223938
guided,C[C@H](OC(=O)c1ccc(Br)o1)C(=O)NC1CCCCC1,-2.1333436965942383
guided,NS(=O)(=O)c1ccc(NCCOc2ccc(F)cc2)c([N+](=O)[O-])c1,-0.4046851694583893
guided,COc1ccccc1CN1/C(=N/C(=O)C2CCCCC2)S[C@H]2CS(=O)(=O)C[C@H]21,-1.4992108345031738
guided,CC(=O)c1sc(NC(=O)CCC(=O)c2cc(C)ccc2C)nc1C,-2.0514466762542725
guided,N#Cc1ccsc1NC(=O)c1ccc(-c2ccnc(N)c2Cl)s1,-1.6600371599197388
guided,O=C(c1ccco1)N1CCN(C(=O)C2CCN(S(=O)(=O)c3cccc4nonc34)CC2)CC1,-0.2942754626274109
guided,Cc1c[c-]c(/[S+]=C/N=C/c2ccco2)c(C)c1,-7.787050247192383
guided,COCCN1CCN(C(=O)C2=[C-]CCC2)CC1.[CH]N(C)[C+]1=[C-]C=C(Br)C=C1.[H+],-6.018909454345703
guided,O=C(N[C@@H](O)CO)c1cccc(OC2CCN(CCc3ccccc3)CC2)c1,-0.7524499297142029
guided,CCN(CC)Nc1nc(-c2ccccc2)nc2ccccc12,-5.69485330581665
guided,NNCc1ccco1,-3.511157989501953
guided,O=C(CCN1C(=O)[C@@H]2[C@H](C1=O)[C@H]1C=C[C@@H]2C1)N1CC[C@@H](c2ccccc2)C1,-2.7879812717437744
guided,NS(=O)(=O)c1cccc(NC(=O)c2ccccc2Cl)c1,-0.6451593637466431
guided,Cc1ccc(Cl)cc1N1CCN(S(=O)(=O)c2ccc(NN)nc2)CC1,-0.4845024049282074
guided,NN1[C][C]2[C]([O-])N[C]([S])[NH+][C]2[C]2[CH][CH][C](O)[C]([N+]([O])[O-])[C]21.[H+],-0.48009422421455383
guided,Cc1cccc(-c2ccccc2N(C(=O)C2=C(N)/C(=C(/N)[O-])N=[S+]2)[C@@H](C)C(=O)NC[C@H]2CCCO2)c1,-0.34605440497398376
guided,CCCC(=O)N1CCNC(=O)[C@@H]1CC(=O)Nc1nccs1,-0.440868616104126
guided,CN1N=[N+]=N[C@@]12[CH-]C[CH-]C[C@H]2C=O.[H+],-2.5854034423828125
guided,CCCCn1c(N)c(N(CC(=O)OC)C(=O)c2cc(S(=O)(=O)N3CCN(C)CC3)ccc2Cl)c(=O)[nH]c1=O,-0.3422507047653198
guided,O=C(c1ccccc1)c1ccc(O[C@H]2O[C@@H](CO)[C@H](O)[C@@H](O)[C@@H]2O)cc1,-0.30333513021469116
guided,COc1cccc([C@H]2NC(=O)CC[C@@H]2[N+](=O)[O-])c1OC,-0.43865126371383667
guided,CNS(=O)(=O)c1cc(/N=C/N(CCCN2CCOCC2)N2CCCCC2)ccc1C,-1.1186938285827637
guided,COc1ccc(N[C@H](c2cccnc2)c2cc(C)nc3ccccc23)cc1,-5.85975456237793
guided,CO[c+]1[cH-][c+]([C+]([O-])N(C)[CH-][c+]2[cH-][cH+][c-](OC)[c+](CS[c-]3[cH+][cH-][cH+][cH+][n-]3)[cH-]2)[cH-][cH+][c-]1OC,-2.3396096229553223
guided,CC(=O)c1ccc(OCc2cc(C(=O)NCc3csc(N)n3)no2)cc1,-0.5157346725463867
guided,Nc1cccc2c1C(=O)N(c1ccccc1Br)C2=O,-2.409329891204834
guided,O=[N+]([O-])c1ccc(O[P@](=O)(NC(c2ccccc2)c2ccccc2)OC2CCCCC2)s1,-4.696005344390869
guided,COc1ccccc1OCC(=O)Nc1ccc(-c2csc(C)n2)cc1,-3.373638391494751
guided,S=C(c1ccc(N2CCCCC2)cc1)N1CCCC1,-12.035848617553711
guided,CCOCCCn1c(=S)[nH]c2ncccc2c1=O,-2.4506051540374756
guided,CC(=O)OC(C)(C)c1cc(-c2cc(C)no2)cc(C(C)(C)C)c1,-4.904515743255615
guided,CN1NC(=O)N/C1=C(\C#N)c1nc2ccccc2[nH]1,-0.34052860736846924
guided,O=C(CCCO)c1ccc2c(c1)OCCO2,-2.8391804695129395
guided,O=P(NS(=O)(=O)c1ccccc1)(Oc1ccccc1)Oc1ccccc1,-2.003973960876465
guided,O=C(Cc1ccccc1)Nc1ccccc1C(=O)NCc1ccco1,-1.985219955444336
guided,O[C@H](CCOCCOCc1ccccc1)N1CCOCC1,-3.3022005558013916
guided,O=C(/C=C/N1CCCCCC1)c1ccccc1,-8.896238327026367
guided,COc1ccc2cc(CCNC(=O)c3ccccc3)c(=O)[nH]c2c1,-1.575014352798462
guided,COC/C=C(/[O-])N(C[N-]CCOC)c1ccc([S@+3](=O)([O-])N2CCOCC2)cc1,-0.36162829399108887
guided,COc1ccc(/C=C2\SC(=O)N(Cc3ccc([N+](=O)[O-])cc3)C2=O)cc1,-1.442792296409607
guided,C[N-][C+]([O-])N(C)[N-][CH+]C(C)[c+]1[cH-][cH+][cH-][cH+][cH-]1,-3.0511841773986816
guided,O=C(O)CCc1nnc(SCc2ccc(Cl)cc2Cl)[nH]c1=O,-0.8293533325195312
guided,O=C(Nc1ccccc1Oc1ccccc1)NC1CCCCC1,-5.281624794006348
guided,COc1cccc2sc(N3CCN(C)CC3)nc12,-6.739515781402588
guided,CCc1nc(NCCCN2CCCC2=O)nc2c1CCCC2,-2.834960699081421
guided,O=S(=O)(Nc1ccncc1)c1ccc(Cl)c(Cl)c1,-3.0144126415252686
guided,CCOC(=O)c1cnc(-c2ccccc2)nc1Oc1ccc2ccccc2c1,-4.382899761199951
guided,COc1cc2c(cc1OC)[C@@H](C)N(S(=O)(=O)c1ccc(C)cc1)CC2,-3.3802080154418945
guided,CN(C)CCN1CCN([C-]2[CH+][CH-][C][C+]3[CH+][CH-][N-][C+]32)CC1.[H+],-7.756674766540527
guided,C[C@@H]1CN(C[C@H](O)COCCCOc2ccccc2)C[C@H](C)O1,-3.402243137359619
guided,CCOC(=O)/C=C/c1ccc(OC)c(OCc2ccccc2)c1,-5.077113628387451
guided,O=C(NC(=S)Nc1ccc(Cl)cn1)c1ccco1,-1.9572805166244507
guided,COc1ccc(Oc2nc3c(c(=O)n(C)c(=O)n3C)n2C)cc1OC,-0.4140482246875763
guided,Cc1nc2nn(-c3ccc(F)cc3)nc2c(=O)[nH]1,-1.1002079248428345
guided,O=C(CSc1cccc2ccccc12)NC1CCCCC1,-7.9686760902404785
guided,Cn1nc(-c2ccc(N3CCN(CCO)CC3)c([N+](=O)[O-])c2)c2ccccc2c1=O,-0.26211994886398315
guided,N#Cc1c(N)n(-c2cccc(F)c2)c2ccccc12,-3.4753315448760986
guided,COCCOc1ccc(C)cc1Cc1c(O)[nH]c(=S)[nH]c1=O,-0.716366171836853
guided,COCCC(=O)Nc1nc2ccccc2n1Cc1ccccc1F,-3.2443349361419678
guided,O=C(COc1ccc(Cl)cc1)N(Cc1ccc(F)cc1)[C@H]1CCS(=O)(=O)C1,-2.486069440841675
guided,NC(=O)[C@H]1CCCN(CC(=O)Nc2ccccc2F)C1,-1.0552765130996704
guided,Cc1ccc2cc(CCNC(=O)C3CCN(S(=O)(=O)N(C)C)CC3)oc(=O)c2c1,-0.33410999178886414
guided,CNC(=S)c1cc(COc2ccc(-c3ccccc3)cc2)ccc1OC,-8.126642227172852
guided,CCC(=O)NCCCc1nc2ccccc2n1Cc1ccccc1,-4.585110664367676
guided,CCOc1cc(CN2CCNC(=O)[C@@H]2CC(=O)NCCn2nc(C)cc2C)ccc1OC,-0.30916938185691833
guided,O=S(=O)(c1ccc(Cl)cc1)N(Cc1ccccc1)n1cnnc1,-1.8388317823410034
guided,C/C(=N\NC(=O)c1ccc2c(c1)OCO2)c1ccc([N+](=O)[O-])cc1,-0.5957830548286438
guided,Oc1ccc([C@H](O)CN2CCN(c3cccc(Cl)c3)CC2)cc1O,-1.9553592205047607
guided,Cc1c(N/N=C/c2cccnc2)c(=O)n(-c2ccccc2)n1C,-2.0935416221618652
guided,CCOc1ccc2[nH]c(=O)c([C@@H](c3nnnn3C[C@@H]3CCCO3)N3CCC(C)CC3)cc2c1,-0.7768872976303101
guided,O[C@@H](c1ccccc1)c1nnc(-c2ccccc2F)o1,-2.8898074626922607
guided,COc1ccc(CCNC(=O)CCNC(=O)Cn2ccc3ccccc3c2=O)cc1,-0.4578132629394531
guided,Clc1ccc(C=[N+]2CCOCC2)cc1.[O-]P(N1CCOCC1)N1CCOCC1,-2.3978676795959473
guided,N#C[C@@H]1CCCN(c2nc3ccccc3n3cnnc23)CC1,-1.6722006797790527
guided,COCCNc1nc2nonc2nc1NCCOC,-0.40144872665405273
guided,Cc1c([C@H](C(=O)NCc2ccc(F)cc2)N(C(=O)Cn2nnc3ccccc32)c2ccc(F)cc2)cnn1C,-1.2778205871582031
guided,CCCCN(C(=O)c1cc2c(s1)CCC2)c1ccc(F)cc1,-10.109626770019531
guided,CCOc1ccccc1NC(=O)[C@@H](C)Sc1nnc(C)n1-c1ccccc1,-2.6152522563934326
guided,C[C@H](OC(=O)C[C@@H]1Sc2ccccc2NC1=O)C(=O)N[C@H]1CCCC[C@@H]1C,-1.168573021888733
guided,CCOc1cc(-c2onc(C)c2C(=O)OC)ccc1OCCC(=O)OC,-0.68914395570755
guided,Cc1oc(-c2cccs2)nc1C/[S+]=c1/nc2n(C)c(=O)n(C)c([O-])c-2[nH]1,-0.3395698368549347
guided,Nc1nnc(SCc2cccc(Br)c2)s1,-3.8875865936279297
guided,O=C(N/N=C/c1cccnc1)c1cc(C2CCCCC2)n[nH]1,-1.0243301391601562
guided,C/C=C/C(=O)Nc1nnc(C(C)C)s1,-3.1139557361602783
guided,N#CN/C(=N/c1ccccc1F)SCC#CCO,-1.6753885746002197
guided,Cc1cnc(OCC(N)=O)cc1COc1ccccc1,-1.1678507328033447
guided,CCc1cccc(C(=O)OCC(=O)NCc2ccccc2)c1,-3.1424078941345215
guided,Cc1cc(C)c2c(=O)n(CC(=O)N3CCN(c4ccccc4F)CC3)sc2n1,-2.7036361694335938
guided,CCCCN(C(=O)Cn1nc(CCC)c2ccccc2c1=O)C1CCCCC1,-4.221970081329346
guided,O=C(NCc1ccccn1)NC1CCCCC1,-3.193357467651367
guided,NS(=O)(=O)c1ccc(NC(=O)Nc2ccccc2Cl)c(C(=O)O)c1,-0.5485127568244934
guided,Cc1cc(C(=O)NCCc2ccccc2)no1,-2.949014902114868
guided,S=C(NC[C@@H]1CCCO1)Nc1ccccc1,-6.102016448974609
guided,C[C@H](OC(=O)c1c(Cl)cnn1C)C(=O)Nc1ccc(SC(F)F)cc1,-2.0179245471954346
guided,CCNC(=O)[C@H](NCCC1=CCCCC1)c1ccccc1,-5.349383354187012
guided,Cn1c(=O)c2c(nc(NCCCCC(=O)O)n2CC(=O)NCCc2ccccc2)n(C)c1=O,-0.261523574590683
guided,ONc1nc(COc2ccc(Cl)c(Cl)c2)nc(Nc2ccccc2)n1,-1.6975470781326294
guided,O=C(Nc1ccc2c(c1)OCO2)c1cccc(S(=O)(=O)N2CCCCC2)c1,-0.976751983165741
guided,CN(C)S(=O)(=O)c1ccc(OCCCC(=O)Nc2nccs2)c(Br)c1,-0.909167468547821
guided,CCS(=O)(=O)n1nc(-c2cccnc2)nc1N,-0.33676841855049133
guided,CC(=O)Nc1ccc(SCCCn2cnccc2=O)cc1,-2.104254722595215
guided,CCNc1cccc(C)c1N(C(=O)c1ccco1)[C@H](C(=O)NC1CCCC1)c1ccc(F)cc1,-3.714430332183838
guided,[CH2-]CC(CC[N-][C+]([S-])[N-][CH-]CN1CCCCC1CBr)[C+]([O-])N[C+]1[CH+][CH-][CH+][CH-][C+]1O[c-]1[cH+][cH-][cH+][c-](F)[cH+]1.[H+],-3.1580779552459717
guided,O=C(c1ccco1)N1CCN(c2cccc3nonc23)CC1,-1.0729063749313354
guided,C[C@H](NC(=O)c1ccc(N(C)C)cc1)c1ccccc1,-6.623256683349609
guided,CO[C]1O[C]([O])[C](N([O-])[O-])[C]2[C]1[CH][CH][C]1[CH][CH][C]3[CH][CH+]O[C]3[C]12,-0.5754894614219666
guided,O=C(/C=C/c1ccccc1)NC(=S)Nc1ccccc1O,-2.634744882583618
guided,O=S(=O)(NNc1ccc(Cl)nn1)c1ccc(Cl)s1,-0.8918700218200684
guided,CCc1ccc(OCC(=O)N2CCN(c3ccccc3)CC2)cc1,-6.391171455383301
guided,Clc1ccccc1OCCNc1ccccc1-n1cccc1,-8.720314979553223
guided,O=[N+](O)/[C-]=C1\N=CN=C1c1ccc2ccccc2c1,-2.112586736679077
guided,OCc1cc(-c2ccccc2)on1,-4.052029609680176
guided,O=C(N/N=C/CN(CCO)C(=O)c1ccccc1)c1cc(=O)c2ccccc2o1,-0.30570951104164124
guided,O=[N+]([O-])c1ccccc1/C=N\Nc1ccc(-c2ccco2)cn1,-1.2176640033721924
guided,COCCn1c(SCc2nnc(-c3ccccc3)o2)nc2[s+]c3c(c-2c1[O-])CCC3,-1.4212617874145508
guided,Cc1ccc([C@@H](F)c2c(C)nn(CC(=O)N3CCCC3)c2F)cc1,-5.8205766677856445
guided,CCS(=O)(=O)c1ccc(Oc2nc3c(c(=O)n(C)c(=O)n3C)n2C)cc1,-0.30727720260620117
guided,S=C(Nc1ccc2nsnc2c1)N1CCCCC1,-5.155150413513184
guided,Fc1ccc(CN2CCN(Cc3nc(-c4cnccn4)no3)CC2)cc1F,-1.5185153484344482
guided,CCN(CC)C(=O)c1ccc(OCc2ccc(F)cc2)cc1,-7.559430122375488
guided,COc1ccc(CC(=O)NNC(=O)c2ccccc2)cc1OC,-0.9971309304237366
guided,Cn1c(=O)c2c(nc(Oc3ccc4c(c3)OCO4)n2Cc2ccc(Br)cc2)n(C)c1=O,-0.7896294593811035
guided,O=C(O)[C@H]1CC[C@@H](NS(=O)(=O)Cc2ccccc2)CC1,-0.7659010887145996
guided,CCCO[C]1[CH][CH][C]([C+]2[N][C]3[CH][CH][CH][CH]N3[C]2NCCCN(C)C)[CH][C]1N([O-])[O-],-0.6240947246551514
guided,COc1cc(C)nc(N(CC(=O)N2C[C@H](C)C[C@H](C)C2)C(C)=O)n1,-1.1772979497909546
guided,Cc1noc(C)c1CN(C)C(=O)c1cc2nc(-c3ccco3)cc(C(F)(F)F)n2n1,-1.4765446186065674
guided,N#Cc1c(NC(=O)CSc2nnnn2-c2ccc(OC(F)F)cc2)sc2c1CCCC2,-1.2884899377822876
guided,COc1cnn([C@]23C[C@H]4C[C@H](C[C@H](C4)C2)C3)c(=O)c1,-4.452462196350098
guided,CCOC(=O)c1oc2ccccc2c1NC(=O)/C=C/c1ccccc1OC,-2.125684976577759
guided,Cc1cc(NC(=O)NC(=O)c2c(-c3ccccc3)noc2C)no1,-0.7061311602592468
guided,CCC(CC)C(=O)NCCNc1ccccc1,-5.000113487243652
guided,[O-][C+](CN1CCCC1)N[N-][CH+][C+]([CH-]O)[CH-][c+]1[cH-][cH+][cH-]o1,-0.6335640549659729
guided,Cl/C(=N/Nc1ncn[nH]1)c1ccco1,-1.0159637928009033
guided,CCCN(Cc1nc(-c2ccccc2)no1)C(=O)/C(=C\c1ccco1)NC(=O)c1ccco1,-1.4587968587875366
guided,NS(=O)(=O)c1ccc(N2CCN(CCc3ccccc3)CC2)nc1,-0.7534696459770203
guided,CNc1nc2c(c(=O)[nH]c(=O)n2C)n1CCCc1ccc(F)cc1,-0.6203732490539551
guided,O=C(Cn1cccc1/C=N/NC(=O)[C@@H]1CCc2ccccc2[C@H]1O)c1cccs1,-1.1664273738861084
guided,Nc1cccc2c1C(=O)N(CCOc1ccccc1)C2=O,-1.3180711269378662
guided,O=C(Nc1ccc(F)cc1)N[C@H]1CCC[C@H](NC(=O)c2ccc(F)cc2)C1,-2.42655086517334
guided,Cc1ccc(-c2nc3c(c(=O)[nH]c(=O)n3Cc3ccc(F)cc3)n2Cc2ccccc2)o1,-1.4405937194824219
guided,Cc1ccc(-c2nnn(-c3ccc4c(c3)CCN4C(=O)C3CCC3)n2)o1,-1.4445279836654663
guided,COc1ccccc1OCC(=O)Nc1ccc(N2CCCCC2)cc1,-4.15232515335083
guided,O=C1OCC[C@H]1OC(=O)[C@H]1CC[C@H](Cc2ccccc2)CC1,-3.603522777557373
guided,COCC1CCN(C(=O)N2CCC(C(=O)NCc3cccc4ccccc34)CC2)CC1,-2.981027126312256
guided,COc1ccc(-n2c(CC(=O)N3CCN(c4ccccc4)CC3)n[nH]c2=S)cc1OC,-1.400102138519287
guided,NS(=O)(=O)c1ccc(N2CCN(c3cccc(Cl)c3)CC2)nc1,-0.8755539059638977
guided,CO[C]1[CH][CH][C](NC[C]2[CH][C]([O])O[C]3[CH][C](N[C]([O])[C][CH][O+][C]4[CH][CH][C](N)[CH][CH]4)[CH][CH][C]23)[CH][CH]1,-0.6248040795326233
guided,COc1ccc(N2CCN(C(=O)CCC/N=C3/S/C(=C/C=C\c4ccccc4[N+](=O)[O-])C(=O)N3C)CC2)cc1,-1.5633585453033447
guided,COc1ccc(N2CCN(C(=O)C(C)C)CC2)cc1,-6.067898273468018
guided,O=c1[nH]c(SCc2cn3ccsc3n2)nnc1C(F)(F)F,-1.307835340499878
guided,CC1(C2S[C+](N3CCCCC3)[N-][C+]2[O-])[CH-][CH+][C-]2[CH+][c-]3[cH+][cH-][cH+][cH-][c+]3O[C-]2O1,-3.052851676940918
guided,C[C@H]1C[C@@H](CCC(=O)NC(=S)Nc2cc(Cl)cc(Cl)c2)C(=O)O1,-2.5217254161834717
guided,NNC(=O)CNC(=O)c1cccc2ccccc12,-0.6227211356163025
guided,CCOC(=O)[C@@](NC(=O)c1ccc(F)cc1)(Nc1ccccc1)C(F)(F)F,-2.3966712951660156
guided,CCOc1ccc(O)c(C(c2c(C)[nH][nH]c2=O)c2c(C)[nH][nH]c2=O)c1,-0.42546290159225464
guided,CCOc1cc(CN(Cc2cccc(F)c2)Cc2nc(-c3cccnc3)no2)ccc1OC,-2.9715824127197266
guided,[CH2+]CCN(C/C=C(\[O-])N1CCC(CCCOC)CC1)C(=O)c1ccc(OC)cc1,-2.2057788372039795
guided,CCCCOc1cc(C(F)(F)F)ccc1-n1cnnn1,-3.6169779300689697
guided,CN(CCc1nc(-c2ccc(F)cc2)no1)S(C)(=O)=O,-1.0440562963485718
guided,COC(=O)Cn1cc(C(=O)c2ccc(OC)cc2)c2ccccc21,-2.985534429550171
guided,COc1ccccc1C(=O)NN1C(=S)N(c2ccc3c(c2)OCO3)C(=O)[C@@H]1c1ccccc1,-1.4813898801803589
guided,Cn1c(=O)c2c(ncn2CC(=O)N2CCN(c3ccc(C(N)=O)cc3)CC2)n(C)c1=O,-0.2746530771255493
guided,CN(c1ccc(OC[C@@H]2CCCO2)cc1)S(=O)(=O)c1cccc2cccnc12,-2.306769371032715
guided,O=C(/C=C/c1ccco1)NC/C=C/c1ccccc1,-5.005039215087891
guided,Cc1nc(NCCN)cc(-c2ccccc2)c1-c1ccccc1,-4.507589340209961
guided,O=[N+]([O-])C1=C2N=[O+]N=C2/C(=N/CCCCC[O-])C=C1Nc1ccccc1O,-0.4451380670070648
guided,COCCn1c(SCc2ccc(C(=O)OC)o2)nc2cc(Cl)ccc2c1=O,-1.2962932586669922
guided,[O][C](CCCN1[C]([O])[C]2[CH][CH][CH][CH][C]2[C+]1[O])N[C]1[CH][CH][C](OC[C]([O])N[C]2[CH][CH][C](N([O-])[O-])[CH][CH]2)[CH][CH]1,-0.6659612655639648
guided,O=[C-]O[C@H]1C2=C[NH+]=C3C=CC=CC23N(c2ncn[nH]2)CC12CCCCC2,-0.7169375419616699
guided,[O-][C]/[C+](=N\Nc1ccc(O)cc1)c1ccc(F)cc1Br,-1.968261480331421
guided,C/C(CCc1ccccc1)=N\N=C(/N)S[C@@H]1CC(=O)N(c2ccccc2F)C1=O,-1.276265263557434
guided,CCO[C-]([O-])CO[C][C+](O[C-]1[CH+][C-]([O-])N(C)[C+]([O-])N1C)[C+]1[CH+][CH-][C+](OC)[CH-][CH+]1,-0.4800034463405609
guided,NN1C(=O)/C(=C/c2cn(Cc3ccccc3)nc2-c2ccccc2)c2ccccc21,-3.3030734062194824
guided,O=C(/C=C/c1ccc(Br)cc1)c1cccc(CNc2ccccc2)c1,-9.640890121459961
guided,CC(C)NC(=O)Cc1cc2ccccc2nc1SCC(=O)N1CCCCCC1,-3.018681526184082
guided,O=C(CCc1ccccc1)N1CCCC1,-8.498235702514648
guided,COCC/N=c1\scc(CC[C@H]2CC[C@@H](O)CN2)n1-c1cc(OC)ccc1OC,-1.1065757274627686
guided,Cc1cccc2cc(CN(/C([O-])=C/[C@H](C)O)c3ccccc3)c(=O)[nH]c12.[O+]#[P+]c1ccccc1.[c-]1ccccc1,-2.845033884048462
guided,O=C(c1cccc(NS(=O)(=O)c2ccc(F)cc2)c1)N1CCN(c2ccccn2)CC1,-1.1046594381332397
guided,CN1[C-](C[C@H](O)c2ccccc2)CCC[C@H]1CC(=O)c1ccccc1.[H+],-6.246560096740723
guided,COc1cc(-c2nc(N[C@H](C)CO)c3ccccc3n2)ccc1O,-0.8286595344543457
guided,FC1=C[C@@H]2C3=C([CH-]1)[C+]1C=NC(NCCNc4cccc(Cl)c4)=NC1=CC32,-4.707732200622559
guided,CCOC(=O)C1CCN(S(=O)(=O)c2ccc(OCC)cc2)CC1,-1.4123563766479492
guided,CCS(=O)(=O)c1ccc(Cl)c(NC(=O)Cc2ccccc2)c1,-2.6311700344085693
guided,COc1cc(/C=C/C(=O)O)ccc1OCC(=O)NCc1ccco1,-0.41892752051353455
guided,COc1ccc(S(=O)(=O)NCCCN2CCCC2=O)c(OC)c1,-0.5992170572280884
guided,O=C(CSc1ncnc2c1oc1ccccc12)N1CCCC1,-2.886199951171875
guided,CCOC(=O)c1c(C)[nH]c(C)c1C(=O)COc1ccc(N)cc1,-0.7041659355163574
guided,NCCCCCn1nc(-c2ccccc2)cc1Nc1cccc2ccccc12,-5.313401699066162
guided,CC[C@@H](Oc1ccc(C(=O)NCc2c[c-]ccn2)cc1OC)C(=O)N1CCC2(CC1)OCCO2.[H+],-0.5383836030960083
guided,COCCCN1CCN(CCCCc2ccccc2)CC1,-9.559252738952637
guided,O=C(Nc1ccc2ccccc2c1)/C(=C1\CCCCCN1)[N+](=O)[O-],-1.3003088235855103
guided,CCN(CC)C(=O)N[C@@H](Cc1ccccc1)C(=O)OC,-2.531661033630371
guided,CCCNC(=O)CN1CC[C@@H](NC(=O)[C@H]2CCC(=O)N2)C(=O)[N-]CC(=O)N[C@H](Cc2ccc(OC(F)(F)F)cc2)C(=O)N[C@@H](C(C)C)C1=O.[H+],-0.44912752509117126
guided,N#C[C@H](C(=O)c1ccc(OC(F)F)cc1)c1ccccn1,-2.59035587310791
guided,S=C(NC1CCCCC1)N1CCOCC1,-7.668780326843262
guided,NS(=O)(=O)c1ccc(CNC(=O)/C=C/C(=O)NCc2cccnc2)cc1,-0.2855243384838104
guided,O=C(N/C(=C/c1ccco1)c1ccccn1)c1ccc(-c2cc(Cl)ccc2Cl)o1,-4.847054958343506
guided,Cc1ccc(NC2=C/C(=N\S(=O)(=O)c3ccc(Br)s3)c3ccccc3C2=O)cc1,-3.198004722595215
guided,[NH][C]1[C]([CH][C]2[CH][CH][C](OCCC(F)(F)F)[C](N([O-])[O-])[CH]2)[C]([O])[N][C]2S[C+](C[C]3[CH][CH][C]([C]4[CH][CH][CH][CH][CH]4)[CH][CH]3)[N]N21,-1.810827612876892
guided,CN(C)CCC(=O)N1C[C@H](Nc2ccccc2)C[C@H](SCc2ccccc2)C1,-6.52802848815918
guided,O=C1C[C@@H](N2CCN(c3ccc(F)cc3)CC2)C(=O)N1c1ccc(F)cc1,-4.45046854019165
guided,NCCCCc1nnc(SCC(N)=O)o1,-0.40435153245925903
guided,Cc1ccc(S(=O)(=O)Nc2cc(C(=O)O)ccc2Cl)cc1,-1.2517279386520386
guided,COc1ccccc1OCCCO/[C-]=C\C1=[O+]\CC(=O)N/C(C)=C(/Cl)C(=O)O1,-0.4698190689086914
guided,O[C@@](CNCc1ccccc1)(c1ccc(F)cc1)c1ccc(OC(F)(F)F)cc1,-6.346784591674805
guided,O/N=C/c1cc2ccccc2n1Cc1ccco1,-3.8458051681518555
guided,CN(C[C@@H](O)COC(c1ccccc1)c1ccccc1)C1CCCCC1,-7.404148578643799
guided,O=C(CSc1cc(C(F)(F)F)cc(C(F)(F)F)c1)Nc1ccc2c(c1)OCO2,-5.917878150939941
guided,CNC([C][N-2])([CH+]CC1([C+]([O-])[O-])C2[CH+][CH+]CCC21)C(C)(C)C.[H+].[H+],-1.0454736948013306
guided,CCOC(=O)c1c(OCC)[nH]c2c1cc(O)c1ccccc12,-2.1603586673736572
guided,COc1ccc(OC)c(NC(=O)NC2CCCCC2)c1,-2.9160637855529785
guided,O=[N+]([O-])c1c(Nc2ccccc2)c2ncccc2n1CCO,-0.6687967777252197
guided,O=C(C1=C(O)C(=O)N(CCc2ccccc2)[C@@H]1c1ccco1)c1ccco1,-1.4843612909317017
guided,Cn1nc(COc2cccc3cccnc23)cc1C(F)(F)F,-5.606289386749268
guided,CCCNS(=O)(=O)c1ccc([C@@H]2CC(=O)c3ccccc3S2)cc1,-2.9507877826690674
guided,CCO[C@@H](Nc1nccs1)C(=O)O,-1.4415051937103271
guided,Cc1ccccc1NCC(=O)N/N=C\C=C\c1cccc([N+](=O)[O-])c1,-0.8635384440422058
guided,CC[C@H](C)N1C(=O)c2ccc(C(=O)Nc3ccccc3C(=O)O)cc2C1=O,-0.8032159805297852
guided,COc1ccc(C)cc1N1CCN(C(=O)CSc2nnc(-c3ccc(C)cc3)o2)CC1,-2.2107503414154053
guided,[O-]N(C[c+]1[cH-][cH+][cH-]o1)O[c+]1[cH-][cH+][cH-][c+](Cl)[c-]1N1CCOCC1,-2.7257707118988037
guided,N#Cc1cc2c(nc1SCC(=O)NCc1ccco1)CCCC2,-1.26832914352417
guided,C[C@H](C(=O)NC1CCCCCC1)N1C(=O)c2ccccc2C1=O,-2.037891149520874
guided,COc1ccc(N2CCN(C(=O)c3ccccc3[N+](=O)[O-])C2)cc1,-1.2741408348083496
guided,N#CCc1ccccc1NC(=O)c1ccccc1,-3.5796685218811035
guided,CNCc1cccc2ccccc12,-10.319661140441895
guided,CC[C@@H](NC(=O)c1ccc(F)cc1F)[C@@H]1C[C@@H]2CC[C@H]1C2,-7.750232219696045
guided,Cc1c(C(=O)O)oc2c1C(=O)CC(C)(C)C2,-2.0300393104553223
guided,Clc1ccc(-c2cn3c(n2)SCC3)cc1,-9.451032638549805
guided,CN(C[C+]([O])NC[C]1[CH][CH][CH][CH][CH]1)S([O])([O])[C]1[CH][CH][C](N([O-])[O-])[CH][CH]1,-0.5663716197013855
guided,N#C/C(=C(/O)CCc1ccccc1)c1nc(C(CCl)CCl)cs1,-4.780353546142578
guided,COc1nc(NC(=O)c2ccco2)nc(OCCOC(=O)COC(=O)c2cccc(F)c2)n1,-0.3165479898452759
guided,COc1ccc(NC(c2ccccc2)c2ccccc2)cc1,-9.918939590454102
guided,COc1ccc(Br)cc1CNC[C@H](O)CO/N=C/[C@@H]1C(=O)C[C@@H](c2ccccc2)C[C@H]1O,-0.7924071550369263
guided,OCCc1nc2ccccc2[nH]1,-3.66890549659729
guided,CC1=NN(C(=O)CCC(=O)Nc2ccc(Cl)cc2)[C@@](O)(c2ccc(F)cc2)C1,-1.569342017173767
guided,CCOc1cc2nc(NCc3ccco3)nc(N)c2cc1OCC,-0.9002436995506287
guided,CCCN(c1ccc(OC(F)(F)F)cc1)S(=O)(=O)c1cccc(C(=O)O)c1,-1.6792241334915161
guided,Clc1ccc(Oc2ncnc3sccc23)c(Br)c1,-7.483372688293457
guided,COc1ccc(CC(=O)NCCN2CCN(c3ccc([N+](=O)[O-])cc3)CC2)cc1OC,-0.37811148166656494
guided,COC(=O)CCn1nnc(-c2ccc3c(c2)OCO3)n1,-0.5159355998039246
guided,COc1cc(CN2CCNC(=O)[C@@H]2CC(=O)NCCc2ccccn2)ccc1F,-0.579056441783905
guided,CCC([C+]([O-])[N-][C+]1S[C-]2CCCC[C+]2[C+]1[C+]([O-])NC(C)C)N(C)[C-]([O-])[c+]1[cH+][cH-][n-]n1C,-0.3921539783477783
guided,O=C(COc1ccc(Br)cc1)N1CCC[C@@H]1c1cccnc1,-5.257157802581787
guided,O=C(Nc1ccnn1C1CCN(C[C@H]2CC=CCC2)CC1)c1ccccc1Cl,-5.185443878173828
guided,C[C@H](CN1CCOCC1)OC(=O)COc1ccccc1,-3.6785950660705566
guided,Cc1cc(O)c(C=O)c(O)c1C(=O)O,-0.5474346876144409
guided,Clc1cc(NCc2ccco2)ccc1N1CCNCC1,-5.228350639343262
guided,Cn1nccc1NC(=O)CCCC(=O)N(CCC#N)c1ccccc1,-0.6378541588783264
guided,Cc1nc2c(n(-c3cccc(Cl)c3)c1=O)/C(=C/c1cccs1)CN(C1CCCC1)C2,-7.6387248039245605
guided,COc1ccccc1OC(=O)COc1ccc(S(=O)(=O)N(C)C)cc1,-0.7679499983787537
guided,O=c1[nH]c(NCCOCCOc2ccc3ccccc3c2Br)nc2ccccc12,-2.3477375507354736
guided,CC[C-]([O-])C1C2[C+]([O-])C3CC(C)CC(C)C3C(O)[CH+]C21C,-1.9997426271438599
guided,COc1ccc(-n2nnnc2SCC(=O)Nc2ccccc2C)cc1,-1.0002212524414062
guided,COc1ccc(OCCCSc2nnc(NC(C)=O)s2)cc1,-1.6982215642929077
guided,COc1ccc(NC(=O)CCC(=O)OCC(=O)c2ccc3c(c2)NC(=O)CO3)cc1Cl,-0.6692259907722473
guided,COc1ccc(-n2c[c-]c(C/[O+]=C/c3ccc(F)cc3)n2)c(OC)c1,-4.391357421875
guided,C[C@H](NC(=O)C1=COc2c(cccc2C(C)(C)C)[C@@H]1c1ccccc1)C1CC1,-7.350038051605225
guided,Nc1n/c(=[S+]/Cc2ccccc2)[nH]c2c[c-]c(OCc3cccc(F)c3)cc12,-3.4309942722320557
guided,O=C(Cc1ccccc1Cl)N[C@@H]1CCCN(Cc2ccccc2)C1,-6.889138221740723
guided,CN1[CH-][CH+][C-]([C+](F)C([c+]2[cH-][cH+][c-](Cl)[cH+][cH-]2)N(C)[C+]([O-])[c+]2[cH-][cH+][cH-][cH+][cH-]2)[N-]1,-5.2589616775512695
guided,CC(=O)Oc1ccccc1NS(=O)(=O)c1ccccc1,-1.4685357809066772
guided,S=C(Nc1cccc(Cl)c1)N(Cc1ccc2c(c1)OCO2)Cc1ccco1,-5.8606367111206055
guided,O=C(Cn1c(=S)sc2cc([N+](=O)[O-])ccc21)Nc1ccccc1,-1.9979051351547241
guided,[CH2+]CCC[CH+][CH+]CC[C][C+]([C][N-2])[S+2]([O-])([O-])[C-]1[CH-][CH+][CH-][CH+][CH-]1.[H+],-2.7805261611938477
guided,Cn1c(=O)c2c(ncn2CC(=O)OCC(=O)c2cc3ccccc3o2)n(C)c1=O,-0.2505078613758087
guided,Cc1ccc(C2=NO[C@H](C(F)(F)F)C2)c(OCc2nn[nH]n2)c1,-0.8278725147247314
guided,CC(=O)N1CCCc2ccc(NC(=O)CCCC(N)=O)cc21,-0.4534917175769806
guided,O=c1[nH]c(CN(C2CCCCC2)S(=O)(=O)c2ccccc2)nc2ccccc12,-1.3545465469360352
guided,CC(C)NCCCn1cnc2ccccc21,-6.73965311050415
guided,CCOCCNC(=O)COc1ccc(S(=O)(=O)N2CCOCC2)cc1,-0.39077794551849365
guided,CC(=O)Nc1ccc(S(=O)(=O)NNc2ncc(C(F)(F)F)cc2Cl)cc1,-0.8255756497383118
guided,CN1CCN(c2nc(-c3ccccc3)c3c(c2C#N)CCCC3)CC1,-4.907905101776123
guided,C[C@H](OC(=O)c1ccc2[nH]c3c(c2c1)CCCC3)C(N)=O,-0.7792976498603821
guided,Cn1ccnc1Sc1ccccc1NC1CCN(Cc2ccccc2)CC1,-7.485657691955566
guided,[CH2-][OH+]c1[c-]c(-c2[c-][s+]c3n2C(=[NH2+])N=N3)c(OC)cc1,-0.9577419757843018
guided,O=C(O)c1ccccc1NCc1cccnc1,-2.333794355392456
guided,Cc1nc([N+](=O)[O-])cn1CC(=O)N1CCc2ccccc21,-0.8143617510795593
guided,S=C(c1ccc(N2CCOCC2)cc1)N1CCCCC1,-9.584157943725586
guided,COCCCNC(=O)[C@H]1CC(=O)N(c2ccc(F)cc2)C1,-2.489513635635376
guided,CN(CC(=O)NC1CCCCC1)S(=O)(=O)c1cccs1,-1.8421761989593506
guided,C=CCn1c(C)cc(C(=O)COC(=O)COc2ccccc2C#N)c1C,-1.1867008209228516
guided,COCCNC12[O+]=[S@@]13=C(NCc1cccc(C(C)=O)c1)C=CC3=C([O-])O[C@H]2c1ccccc1,-0.44821077585220337
guided,O/N=C/c1c(O)cc2ccccc2c1Oc1ccc(Cl)cc1,-3.9085919857025146
guided,C[c-]1[cH+][c+](-[c-]2[cH+][cH-][cH+][cH-][cH+]2)[n-][c+](N[N-][C+]2[CH+]C[C+]3[N-][C+]([S-])[N-][C+]3[CH-]2)[n-]1.[H+],-1.908565878868103
guided,O=C(NCc1ccc2c(c1)OCO2)c1cnc2[s+]ccn2c1[O-],-0.49595779180526733
guided,Cn1cc(S(=O)(=O)N2CCCC2)cc1C(=O)Nc1ccccc1OC(=O)C(C)(C)C,-0.7732821106910706
guided,OC[C@@H](O)[C@H](O)C(O)[C@@H](O)[C@H](O)CO,-0.6784370541572571
guided,CC[C@H](CO)NCc1ccc2c(c1)n(C)c(=O)n2C,-2.4401144981384277
guided,Cc1cc2ccccc2c(=O)n1CC(=O)Nc1ccc(Oc2ccccc2N=O)cc1,-2.5141525268554688
guided,O=C(OC1CCCC1)c1cccc(S(=O)(=O)NC2CC2)c1,-1.495160460472107
guided,N#Cc1c(-c2ccccc2)nc2n(c1=O)CCCS2,-2.6270952224731445
guided,COc1ccc(C(=O)NCc2n[nH]c(=S)n2-c2ccc(C(C)=O)cc2)c(OC)c1OC,-0.819772481918335
guided,c1ccc2c(SCc3c[nH]c4ccccc34)ncnc2c1,-5.982606410980225
guided,OCCCN(Cc1cccs1)C[C@H](O)COc1ccc(Oc2ccccc2)cc1,-3.276749610900879
guided,O=C(O)C1CCN(C(=O)c2cc(Cc3ccccc3)nn2-c2ccccc2)CC1,-1.7620224952697754
guided,N#Cc1nc(Cc2ccccc2)oc1N1CCN(c2cccc(C(F)(F)F)c2)CC1,-4.1698784828186035
guided,CN(C)/C=N\c1c(C#N)c(-c2ccco2)c(-c2ccccc2)n1Cc1cccs1,-5.153792381286621
guided,O=C(NCCS(=O)(=O)N1CCN(c2ccc(F)cc2)CC1)C1(S(=O)(=O)c2ccccc2)CC1,-0.304478257894516
guided,CNNC(=O)[C@H](NC(=O)CNC(=O)c1ccccc1)C(C)C,-0.3398878276348114
guided,CN(C)CCC(=C(c1ccccc1)c1ccccc1)c1ccccc1,-14.605270385742188
guided,COc1ccc(CCC(=O)Nc2nc3ccccc3s2)cc1OC,-3.1862597465515137
guided,CC(=O)N1c2ccc(S(=O)(=O)NCCC(=O)NC[C@H]3CCCO3)cc2C[C@H]1C,-0.3921539783477783
guided,O=c1[nH]c(-c2ccccn2)nc2c1C1(CCCC1)Cc1ccccc1-2,-3.427572011947632
guided,OCC([N-]CC(O)[c+]1[cH-][c+](C(F)(F)F)[cH-][c+](C(F)(F)F)[cH-]1)C1CC1,-4.091245174407959
guided,N/C(=N\CCc1c[nH]c2ccccc12)NS(=O)(=O)c1ccco1,-0.31728577613830566
guided,CCCC(=O)N(Cc1cccc(F)c1)c1ccc2ccccc2n1,-7.5568528175354
guided,[H+].[H+].[O-][C+]1[C+](NC2CC2)[C]N([O-])OC1C[c+]1[cH-][cH+][cH-][cH+][cH-]1,-1.4108439683914185
guided,NS(=O)(=O)c1ccc(CC(=O)N2CCOCC2)cc1,-0.5049004554748535
guided,Cc1ccn(CCC(=O)Nc2ccc3c(c2)OCO3)n1,-1.8958007097244263
guided,O[C@H](COC1(c2ccc(Cl)cc2)CCCCC1)CN1CCCC1,-7.151627540588379
guided,O=C(O)c1cc2cccc(S(=O)(=O)N3CCOCC3)c2cc1O,-0.33447322249412537
guided,S=C(NC(=S)N1CCOCC1)Nc1ccccc1,-5.449479579925537
guided,COc1ccccc1-c1nc(SCC(=O)NC(=O)NCc2ccccc2)n[nH]1,-0.562231183052063
guided,CCCn1c(SCC(=O)Nc2nnc(CC)s2)nnc1-c1cccnc1,-0.7321127653121948
guided,C[O+]=C=C/C=C/N=C/c1[c-]c(-[n+]2ccc(=O)n(CC3=C[CH-]C4=[O+]COC4=C3)c2[O-])ccc1,-0.40404996275901794
guided,OC[C@H]1CCCN(CC[C@@H](c2ccccc2)c2c[nH]c3ccccc23)C1,-6.335696697235107
guided,O=S(=O)(NCc1ccccc1)NCc1ccccc1F,-2.630589008331299
guided,COc1ccc2c(c1)cc1n2CCN=C1NCCO,-2.4225854873657227
guided,COC(=O)Nc1cccc(NC(=O)C(Sc2nnnn2-c2ccc(O)cc2)=C(C)C)c1C#N,-1.007298231124878
guided,N#Cc1cc(C(=O)O)cc(/C=N/c2ccccc2SCc2ccccc2)c1N,-2.156191110610962
guided,O=C1CC(c2ccccc2)CC(=O)C1=CNCCN1CCN(c2ccc(F)cc2)CC1,-3.624199867248535
guided,CCOC(=O)N1CCC(O)(c2ccc3c(c2)OCO3)CC1,-1.7033370733261108
guided,CCOc1cccc(-c2cc(=O)cc(C=O)o2)c1,-2.923358201980591
guided,[O-][S+2]1([O-])NC(C[c+]2[cH-][cH+][cH-][cH+][cH-]2)C[C-](CC2CCCCC2)O1,-2.3918566703796387
guided,COc1ccc(N(CC(=O)N2CCCCC2)S(=O)(=O)c2ccccc2)cc1,-2.0878145694732666
guided,CC[C@H]1CCC(/C=C/c2ccccc2)=[C-]C1=O.[H+],-10.013266563415527
guided,O=S(=O)(Oc1ccccc1N1CCCCC1)c1ccccc1,-4.579158782958984
guided,CCC(=O)OCC(=O)c1c(N)n(Cc2ccc(F)cc2)c(=O)n(C)c1=O,-0.32642847299575806
guided,CCN(C(=O)[C@@H]1CCCN1S(=O)(=O)c1ccc(-n2cnnn2)cc1)c1ccccc1,-0.3769301772117615
guided,O=[N+]([O-])c1nn(-c2ccccc2)n(O)/c1=N/Cc1ccc(F)cc1,-0.4760240912437439
guided,C[C@@H](/[S+]=c1\nc(-c2ccccc2)cc([O-])[nH]1)C(=O)O,-0.4726296365261078
guided,O=C1OCc2cc(NC(=S)NC(=O)C3CC3)ccc21,-1.7658283710479736
guided,[O][C]1[CH][CH][N][C+](SC[C]([O])N[N][CH][C]2[CH][C](N([O-])[O-])[CH][C](Br)[C]2O)N1,-0.5328503251075745
guided,O=C(Cc1cccs1)c1c(O)cc(O)cc1O,-1.2127878665924072
guided,CS(=O)(=O)N[C@H](CC(=O)Nc1nc2c(s1)CCCC2)c1ccccc1,-0.7937949895858765
guided,COc1ccc(N2CCN(c3nc4ccccc4s3)CC2)cc1,-7.449223518371582
guided,[O-][C+]1CCN([S+2]([O-])([O-])[c+]2[cH-][cH+][cH-][c+]3[n-]o[n-][c+]23)CC[NH+]1C[C-]1[CH-][CH+][C-]2OCCO[C+]2[CH-]1,-0.3404383063316345
guided,O=C(C[C@H]1C(=O)NCCN1CCCCC1CCCCC1)/N=N/c1c(O)[nH]c2ccccc12,-1.7849279642105103
guided,CC(C)(C)c1ccc(S(=O)(=O)N2CCN=C2SCc2cccnc2)cc1,-2.9155237674713135
guided,Cc1ccc(C(=O)/C(=N\Nc2ccccc2)Sc2nnnn2-c2ccccc2)cc1,-1.99378502368927
guided,CCc1c(C)c(C#N)c2nc3ccccc3n2c1NCc1ccc(N(C)C)cc1,-4.519456386566162
guided,COc1ccc(S(=O)(=O)NCC2CC2)c2ccccc12,-3.044086456298828
guided,CCCCn1ccnc1C(=O)c1cccc(Cl)c1,-6.4564738273620605
guided,CCC(=O)N[C@H]1CCS(=O)(=O)C1,-2.174576997756958
guided,CC[C@H](C)N1C(=O)C(=O)/C(=C(/O)c2ccc(S(=O)(=O)N3CCOCC3)cc2)[C@@H]1c1ccc(N2CCOCC2)cc1,-0.7370529174804688
guided,COc1ccc(-c2c(NC(=O)c3ccco3)oc3ccc(Cl)cc3c2=O)cc1OC,-2.2790846824645996
guided,O=C(CCCn1c(=O)[nH]c2ccsc2c1=O)NCCSCc1ccccc1,-0.8870977163314819
guided,CCC(=O)Nc1ncc2c(n1)C[C@@H](c1ccc(C)cc1)CC2=O,-1.8051310777664185
guided,CCO[C-]([O-])CO[C+]1[CH+][CH-][CH+][CH-][C+]1[C-]1[C+]([O-])N(C)[C-]([O-])N(C)[C+]1N1CCC[C+]1[O-].[CH3+],-0.48610132932662964
guided,CCCCN(CCC)CCNC(=O)C1CC1,-6.308305740356445
guided,CN(C)N(C(=O)CNC[C@@H]1CCCO1)c1ccccc1,-4.118785858154297
guided,CCc1c(C)cn(CCCNC(=O)C2CCCCC2)c1C,-6.81011438369751
guided,Cc1cc(NC(=O)Cn2nc(C)c(Br)c2C)no1,-1.471121072769165
guided,COc1ccc(-c2nnc3n2N=C(c2cc(C)c(OC)c(Cl)c2)CS3)cc1,-3.463827610015869
guided,O=C([C@H]1CC[C@H](CNS(=O)(=O)c2ccc(F)cc2)CC1)N1CCOCC1,-1.1971237659454346
guided,COc1ccccc1OCCCCN1CCN(C/C=C/c2ccco2)CC1,-5.990984916687012
guided,FCCCOc1cccc2cccnc12,-8.365478515625
guided,Nc1nc(SCC(=O)Nc2cccc(NS(=O)(=O)c3cccs3)c2)[nH]c(=O)c1-c1ccccc1,-1.0801777839660645
guided,O=C(c1cccs1)[C@H](Nc1ccc2oc3ccccc3c2c1)n1cccc(Cl)c1=O,-4.893092155456543
guided,COc1cccc(C(=O)N/C(C)=C\C(=O)N2CCCN(C)CC2)c1OC,-1.3584729433059692
guided,COC(=O)C1CCN(CC(=O)Nc2nc(-c3ccc(Cl)cc3)cs2)CC1,-1.9127886295318604
guided,Cc1ccc(C(=O)COC(=O)CN2C(=O)c3ccccc3C2=O)cc1,-0.8905543684959412
guided,CC(O[C+]([O])C1C[C]([O])N([C]2[CH][CH][CH][CH][CH]2)C1)[C]([O])N[C]1[CH][CH][C](N([O-])[O-])[CH][CH]1,-0.6014342308044434
guided,CCOc1ccc(OCCOc2ccc(C)cc2/C=N/NC(=O)[C@@H]2CCC(=O)N2)cc1,-0.6035268902778625
guided,CCOC(=O)COc1coc(CN2CCN(c3ccccc3)CC2)cc1=O,-1.2893335819244385
guided,[CH2+]C([CH2-])([CH-]CO[C+]([O-])NCN1[C+]([O-])C2C3[CH+][CH+]C(C3)C2[C-]1[O-])O[C+]([O-])[c+]1[cH-][cH+][c-](N([O-])[O-])[cH+][cH-]1,-0.3951126039028168
guided,Cc1ccc(-c2csc(SCC(=O)Nc3ccc(Cl)cn3)n2)cc1,-4.680317401885986
guided,O=S(=O)(Nc1nc(-c2cccs2)cs1)c1ccccc1,-3.2452244758605957
guided,Fc1ccc(/C=C/c2nc3ccccc3n2-c2ccccn2)cc1Cl,-8.671590805053711
guided,COc1ccc(N2CCN(CC(=O)Nc3ccc(C)cc3C)CC2)cc1,-4.53066349029541
guided,O=C(CCCSc1nc2ccccc2o1)c1cc2ccccc2oc1=O,-2.81823468208313
guided,COCCN(CCOC)Cc1cn(-c2cccc(C)c2)nc1C,-5.165733337402344
guided,NC(=S)N/N=C/c1ccccc1OC/C=C/c1ccccc1,-2.787442207336426
guided,CCOc1ccc2nc(NC(=O)C3CCN(C(=O)c4ccco4)CC3)sc2c1,-1.4725373983383179
guided,N[C@@H](COC(=O)c1ccc(O)cc1)C(=O)O,-0.4063278138637543
guided,CCOCC(=O)Nc1ncc(C(F)(F)F)cc1Cl,-3.7498369216918945
guided,NN[C-]1[N-]CCN1[C+]1[CH+][CH-][C+]2[CH-][C+](Br)[CH-][CH+][C+]2[N-]1.[H+],-1.7607989311218262
guided,O=C(/C=C/c1cccs1)NNC(=O)CCOc1ccc([N+](=O)[O-])cc1,-0.48867735266685486
guided,COC(=O)[C@@](O)(c1ccc(NC(=O)[C@H]2CCCN2Cc2ccccn2)c(C)c1)C(F)(F)F,-0.7839202284812927
guided,COc1cccc(CCNC(=O)[C@]23C[C@H]4C[C@H](C[C@H](C4)C2)C3)c1OC,-4.589015960693359
guided,N#Cc1ccccc1OCF,-6.113394260406494
guided,COc1ccc(S(=O)(=O)c2cc(C)ccc2C(C)=O)cc1,-2.7686755657196045
guided,COC(=O)C1=C(C)N(Cc2ccccc2)C(=O)/C1=C(/SCC#N)c1ccccc1,-2.6231689453125
guided,Nc1nonc1-c1nc2cc(F)ccc2n1Cc1ccc(F)cc1,-1.1652675867080688
guided,O=C(Nc1ccc(O)cc1)c1ccc(-n2cnnn2)cc1,-0.44111600518226624
guided,CNCCNc1ccnc2cc(Cl)ccc12,-5.604311943054199
guided,NS(=O)(=O)c1cccc(NC(=S)Nc2nc3ccccc3[nH]2)c1,-0.4280970096588135
guided,Cn1c(=O)c2c(nc(CN3CCN(c4ccccc4)CC3)n2CCN2CCOCC2)n(C)c1=O,-0.7117589116096497
guided,Cc1nn(C)c(C)c1S(=O)(=O)N1CCC(C(=O)N[C@@H](C)c2ccccc2)CC1,-0.8255575299263
guided,CNCCN[CH-]C(C)([CH+][O-])NCC[c+]1[cH-][cH+][cH-][c+](C(F)(F)F)[cH-]1,-2.477306842803955
guided,Cn1cnnc1SCC(=O)NN1C(=O)[C@H]2CC=CC[C@H]2C1=O,-0.3749707043170929
guided,COc1cc(/C=N/n2c(C)nc3ccccc3c2=O)cc(OC)c1OC,-1.3385673761367798
guided,C/C1=N/NC(=O)c2nnn(-c3nonc3N)c2COC2=C[CH-]C=CC2[s@SP2+]2cccc21,-0.4026950001716614
guided,COc1cc2c(cc1C(=O)N1CCOC13CCCCC3)OCO2,-2.9308524131774902
guided,Oc1ccc(N2CCN(c3ncc(C(F)(F)F)cc3Cl)CC2)cc1,-5.871771335601807
guided,[O][C]1[C]2[CH][CH][CH][CH][C+]2NC([C]2[CH][CH][C](F)[CH][CH]2)N1[C]1[CH][CH][C](N([O-])[O-])[CH][CH]1,-0.998991847038269
guided,[CH2][C](N[C](N[C]1[CH][CH][C](N([O-])[O-])[CH][CH]1)[C]([C][N])[C][N])[C+]1[CH][CH][C]2OCO[C]2[CH]1,-0.5669244527816772
guided,Nc1nc(SCc2ccc(Br)cc2)[nH]c(=O)c1Cc1ccccc1,-2.4249396324157715
guided,COc1cccc(-n2c(Cc3ccccc3)nnc2SCc2ccccc2)c1O,-4.130910396575928
guided,COc1nccnc1NS(=O)(=O)c1ccc(NS(=O)(=O)Cc2ccccc2)cc1,-0.42559078335762024
guided,Cn1c(=O)c2c(nc(OC[C@H]3COC(C)(C)O3)n2Cc2ccccc2F)n(C)c1=O,-0.42621952295303345
guided,Cn1nc(CC(=O)Nc2cccc(S(=O)(=O)N3CCCCC3)c2)c2ccccc2c1=O,-0.4336474537849426
guided,COc1ccccc1C(=O)N=[P@@](OCC(=O)Nc1ccccc1)(N(C)C)N1CCCC1,-1.7713431119918823
guided,O=C(OCc1cccc2ccccc12)c1ccccc1,-8.363633155822754
guided,O=C(CN1CCCCC1)OCC(=O)N1CCc2ccccc21,-3.5152292251586914
guided,CCC1(CC)NC(=O)N(CC(=O)OCC(=O)Nc2sccc2C#N)C1=O,-0.3751802146434784
guided,CCOC(=O)c1ccc(Oc2c(C)oc3cc(OS(C)(=O)=O)ccc3c2=O)cc1,-0.9818339943885803
guided,Cc1[nH]c2ccccc2c1C(=O)C(=O)Nc1ccc(C(=O)O)cc1,-0.7645911574363708
guided,Fc1ccc(-n2c(Cc3cccs3)n[nH]c2=S)cc1Cl,-7.300765514373779
guided,O=S(=O)(c1cccc(Cl)c1)N(Cc1ccc(Cl)cc1)Cc1ccco1,-5.328689098358154
guided,Cn1nc(CC(=O)Nc2ccc3c(c2)C(C)(C)CCC3(C)C)c2ccccc2c1=O,-3.3447961807250977
guided,Nc1nonc1C(=O)OCC(=O)c1ccc2c(c1)OCCO2,-0.3239099979400635
guided,NC(=O)N[C@@H](Cc1ccccc1)NC(=O)c1ccco1,-0.3189082145690918
guided,O=c1c2ccc(S(=O)(=O)Nc3ccccn3)cc2ncn1Cc1ccco1,-0.41276484727859497
guided,Cc1cncc(/N=C\c2cccc(Oc3ccc(F)cc3F)c2O)n1,-2.973923921585083
guided,CCN1C(=O)N[C@@H](c2cccnc2)C(C(=O)OC)=C1C,-1.379697322845459
guided,Cc1ccc(NC(=S)NC(=O)C(C)C)cc1C,-5.120880126953125
guided,COc1ccc(Cn2cc(C(F)(F)F)ccc2=O)cc1[C@@H](CNC1=CC(=O)CCC1)N(C)C,-2.8663291931152344
guided,COCCCNC[C@]12C[C@H]3C[C@H](C[C@H](C3)C1)C2,-8.68795394897461
guided,CCOCC(=O)Nc1cccc2ccccc12,-5.423078536987305
guided,CC1=C(C(=O)Nc2ccc3c(c2)OCCO3)[C@H](c2ccco2)NC(=O)N1,-0.47255557775497437
guided,NNC(=O)c1cnn2ccccc12,-1.3307769298553467
guided,O=C([C@H](c1cccc2ccccc12)n1c(C2CCCCC2)noc1=O)N1CCCC1,-2.834900140762329
guided,COCCCCCCCCC(=O)N1N=CC[C@@H]1c1ccccc1,-5.941067695617676
guided,COc1cccc(NC(=O)[C@H](C)c2ccc(C)c3ccccc23)c1,-6.865455150604248
guided,CCOc1ccccc1NC(=O)c1ccccn1,-3.5858638286590576
guided,CC[C-]1[CH+][C+]([C-]([O-])NCCn2[cH+][cH+][cH-][n-]2)[C+]([C+]2[CH+][C-]([O-])N[C+]3[CH+][CH-][CH+][CH-][C+]32)[C][N-]1,-0.4368269145488739
guided,OC1(c2ccc(Cl)cc2)CCN(Cc2cccnc2)CC1,-5.988012313842773
guided,O=C(C[C@@]1(O)C(=O)N(Cc2cccc(F)c2)c2ccccc21)c1ccccn1,-1.9808733463287354
guided,Cc1ccc(/N=C/c2ccccc2O)c([N+](=O)[O-])c1,-1.7692874670028687
guided,[CH2+][C][C][C]C12n3[cH-][cH+][cH-][c+]3[C+]([O-])[N-][NH+]1C21[N-][C-]([c+]2[cH-][cH+][cH-][cH+][c-]2N)[N-][C+]2[CH+][CH-][CH+][CH-][C+]21.[H+].[H+],-0.35046133399009705
guided,CCCN(c1ccccc1)c1n[nH]c(=S)n1CCCc1ccccc1,-7.393865585327148
guided,Cn1nc(C(=O)N2CCN(C(=O)c3cc4ccccc4oc3=O)CC2)c2ccccc2c1=O,-0.27996912598609924
guided,COC(=O)C1CCN(Cc2cccc3ccccc23)CC1,-7.087769031524658
guided,Cc1cccc2c1N(S(C)(=O)=O)C[C-](O)O[S@+]2C,-1.7666563987731934
guided,FC(F)(F)C(F)([N-][c+]1[n-][cH+][cH-][cH+][c-]1-n1[cH+][cH-][cH+][cH-]1)C(F)(F)F,-7.501870155334473
guided,NS(=O)(=O)c1ccc(NC(=S)N(Cc2ccccc2)Cc2ccccc2Cl)cc1,-2.489231824874878
guided,O=S(=O)(/C=C/c1cccs1)N1CCN(c2cccc(F)n2)CC1,-3.2211625576019287
guided,Cc1nc(-c2ccc(S(=O)(=O)Nc3cc4c(cc3C)n(C)c(=O)n4C)cc2)cs1,-1.195142388343811
guided,COc1cc(CN(C2CCCCC2)S(=O)(=O)c2ccc(NC(C)=O)cc2)ccc1OC(C)=O,-1.4647117853164673
guided,C[c+]1[cH-][c+]([CH+]NN[C-](C)[O-])[c-]2[c+]([cH-]1)CCCC2,-3.972700595855713
guided,O=c1[nH]c([O-])c(/C=C2/C=CC=[S+]2)c(=O)[nH]1,-0.6625107526779175
guided,CCON/C(=N\CCC(C)C)c1ccccc1,-6.368674278259277
guided,CN(C)/N=N/c1c(Cl)cncc1Cl,-5.320353984832764
guided,[H]/N=C/CCCc1ccc(C(=O)O)cc1-n1nnnc1SCC(=O)c1ccccc1F,-1.0343297719955444
guided,[CH2][N+]1[C]([O])N(C)[C]([O])[C]2[C]1C([C][N])([C][O-])[OH+][C](N)[CH]C2[C]1[CH][CH][CH][CH][C]1OC(F)F,-0.5011196136474609
guided,Cc1cccc(C)c1NC(=S)NN(C)C,-7.134903907775879
guided,COc1ccc(C(=O)Nc2nnc(-c3ccccc3OC)s2)cc1,-1.8746978044509888
guided,[H+].[O-][C-](O)C[CH+]O[N-]N[C+]([N-][c+]1[cH-][cH+][cH-][cH+][n-]1)[c+]1[cH-][cH+][cH-]s1,-0.48054981231689453
guided,C[CH-]CN(CC)[c+]1[cH-][c+](-[c+]2[n-][c+]3[cH-][c+]([C+]([O-])NCCOC)[cH-][cH+][c-]3n2C)[cH+][n-][n-]1,-0.23543281853199005
guided,NNC(=S)NCc1cccc2ccccc12,-3.5071611404418945
guided,Oc1c2c3ccccc3[s+]c-2ncn1/N=[C-]/c1cccc2c1cnn2-c1ccccc1,-3.8360683917999268
guided,CCOCCn1c(CN2C[C@@H](C)O[C@@H](C)C2)nc2c1c(=O)n(C)c(=O)n2C,-0.692864716053009
guided,S=C(NCc1ccco1)N1CCN(c2ncccn2)CC1,-2.5961990356445312
guided,C[C@@H](c1cccc(COc2ccccc2)c1)c1ccc(S(=O)(=O)N(C)C)cc1O,-3.063053846359253
guided,C[C@H](Sc1cn(Cc2ccco2)c2ccccc12)C(N)=O,-2.720512866973877
guided,CCCCNc1ccc2c3c(cccc13)C(=O)NC2=O,-2.9649858474731445
guided,CN(c1cccc2ccccc12)[C@H]1CC[C@H](N)CC1,-7.344542980194092
guided,COc1ccc([C@H]2CCN(CC(=O)N3CCOCC3)C[C@@H]2CNC(=O)/C=C/c2ccccc2)cc1,-1.6992472410202026
guided,CCO[P@@]1(=S)c2c(C)nn(CCC#N)c2N=C(Cc2ccc(C)cc2)N1C,-2.5997073650360107
guided,CON1C(=O)C(=O)N(OC)C(C)(C)[C@H]1C,-2.5531954765319824
guided,CN1CCN(C(=O)c2cc3ccccc3[nH]2)CC1,-4.941102504730225
guided,C[c-]1[cH+][cH-][cH+][cH-][c+]1-[c-]1[cH+][cH-][c+]2[cH-][cH+][cH-][cH+][c-]2[c+]1N(O)[c-]1[cH+][cH-][cH+][cH-][c+]1[C-]([NH-])[O-],-4.025987148284912
guided,CCOc1ccc(-n2cc(C(=O)N3CCCCC3)c3cc(OC)c(OC)cc3c2=O)cc1,-2.5198659896850586
guided,[O-]c1c2cc3ccc[s@SP1+]3oc-2c2ccccc12,-6.335613250732422
guided,[O-][C+](O)CN[S+2]([O-])([O-])[C-]1[CH+][CH-][C][C+](C2CCCCC2)[CH+]1,-0.5505849123001099
guided,COCCNC(=S)NN=C1CCCCCC1,-4.232327461242676
guided,NS(=O)(=O)c1cccc(NC(=O)c2cc(NC(=O)c3ccco3)ccc2N2CCCCC2)c1,-0.9762238264083862
guided,OC[C@@H]1CCCCN1C[C@@H](O)COCc1cccc(F)c1,-3.168797016143799
guided,N/C(CN1C(=O)c2ccccc2C1=O)=N/C1CCCCC1,-1.214194893836975
guided,CCCCc1nc2cc(C(=O)NCCN3C(=O)CSC3=O)ccc2o1,-0.6974115371704102
guided,C[c-]1[cH+][cH-][cH+][cH-][c+]1[CH-][c+]1[cH-][cH+][c-]([C+]([O-])N[c+]2[n-][cH+][cH-]s2)s1,-4.169848442077637
guided,Cc1c(C(=O)c2cccc(C(F)(F)F)c2)cc(N)cc1S(=O)(=O)c1ccccc1,-2.609762668609619
guided,COc1ccccc1NC(=O)N1CCC[C@H]1C(=O)OCC(C)C,-1.9975483417510986
guided,O=C(c1ccccc1)N1CCC(O)(c2ccc(Cl)cc2)CC1,-5.502063274383545
guided,CCN(CC)S(=O)(=O)c1cccc(S(=O)(=O)c2ccc(C)cc2)c1,-1.753332495689392
guided,O=C(c1ccc(Cl)cc1)[C@H]1CCCN(Cc2cnn(-c3ccccc3)c2)C1,-6.686169624328613
guided,COc1ccc(CC(=O)Nc2nc(-c3ccccn3)cs2)cc1OC,-1.8071763515472412
guided,COC(CNC(=O)[C@]12C[C@H]3C[C@H](C[C@H](C3)C1)C2)OC,-4.004430770874023
guided,O=C(N/C(=C\c1ccc(F)cc1)C(=O)N1CCNCC1)c1ccccc1,-2.288623332977295
guided,Cc1nc2[s+]c3c(c-2c([O-])o1)CC(C)(C)OC3,-2.7618870735168457
guided,COC[C@@H](C)NCc1cccn1-c1ccccn1,-5.066244602203369
guided,Fc1ccc(NC(=S)N2CCN(C(c3ccccc3)c3ccccc3)CC2)c(F)c1,-10.662593841552734
guided,Fc1ccc(CN2CCCCCC2)cc1,-12.71734619140625
guided,[O-][C+]([CH-]C[c+]1[cH-][cH+][cH-][cH+][cH-]1)OC12CC3CC(CC(C3)C1)C2,-6.750797271728516
guided,N#CC[C@H](CNc1ncc(C(F)(F)F)cc1Cl)OC(=O)c1ccc(Cl)cc1,-3.082439422607422
guided,CN1CCN(Cc2ccccn2)CC1,-8.487841606140137
guided,COc1ccc(/C(C)=N/NS(=O)(=O)c2cc(C)ccc2C)c(OC)c1,-1.441265344619751
guided,Cn1c(CN2CCCC2=O)cc(=O)n(C)c1=O,-1.9902567863464355
guided,Cn1c(=O)oc2cc(S(=O)(=O)N3CCC[C@@H]3C(=O)NCc3ccc(F)cc3)ccc21,-0.31656602025032043
guided,CSCCOC(=O)/C=C1\[C@@H](C)c2cc(C)ccc2N1C,-7.208564281463623
guided,O=C1CN(CC(=O)N2CCCCC2)c2ccccc2O1,-3.4708197116851807
guided,Cc1ccccc1-n1nnnc1C/C=N/N(C)c1ccc(C(=O)NCC(=O)O)cc1,-0.31442978978157043
guided,C/C(=N/Nc1nc(Cc2ccccc2)cs1)c1sc(C)nc1C,-5.063109397888184
guided,NS(=O)(=O)c1ccc(CCn2c(=O)c3cccn3c3ccccc32)cc1,-0.6429415941238403
guided,[O][C+]([C-][C](CC([O-])OC[C]1[CH][CH][C](CO)[CH][CH]1)[C]1[CH][CH][CH][CH][CH]1)N([C][O-])C[C+]1[CH][CH][CH]O1,-0.5327572226524353
guided,OC[C@]1(O)OC[C@H](O)[C@H](O)[C@H]1O,-0.6354004740715027
guided,S=C(c1ccccc1)N1CCN(Cc2cccs2)CC1,-11.838048934936523
guided,COc1cc2c(cc1NC(=O)[C@@H]1CC(=O)N(Cc3ccc4c(c3)OCCO4)C1)oc1ccccc12,-1.696835994720459
guided,Nc1c(C(=O)N[C@H]2Cc3ccccc3N2)c2nc3ccccc3nc2n1-c1ccccc1,-1.3147852420806885
guided,O=C(O)c1ccc(NS(=O)(=O)c2ccc(-n3cccc3)cc2)cc1,-0.9508576393127441
guided,CCC1=C/C(=C(\[O-])OC)C(NC(=O)CSc2nccn2-c2ccc(Cl)cc2)=[S+]1,-1.0902395248413086
guided,C=C[CH+]Cc1ccccc1/C=[C-]/CCNC,-10.555068969726562
guided,CCCOc1ccc(/C=C/C(=O)c2ccccc2)cc1,-8.486120223999023
guided,N#C[C@]1(/N=c2/[n-]ccs2)C[NH2+][CH-]CCC[C@@H]1N.[H+],-0.44250789284706116
guided,CO[C]1[CH][CH][C](CN[C+]2[CH][CH][CH][CH][CH]2)[CH][C]1N([O-])[O-],-1.6023794412612915
guided,O=[N+]([O-])c1ccc(N2CCC(O)CC2)nc1,-0.9355466365814209
guided,CN(C)S(=O)(=O)NCc1ccc(F)cc1,-3.614367961883545
guided,[CH2+]C1(CC)NC([C-]([O-])O)C[c+]2[c-]1[nH][c+]1[c-](C)[cH+][cH-][cH+][c-]21,-1.4724963903427124
guided,[CH2-][C][C+]1[CH+][CH-][CH+][CH-][C+]1[S+2]([O-])([O-])N([CH2-])CC[C-]1[CH+][CH-]C(C)[C][C+]1[C+]([O-])[N-]C[C+]1[CH+][CH-][CH+][CH-][CH+]1,-1.1846104860305786
guided,COc1ccc(-c2nnc3ccc(C(=O)NN)cn23)cc1OC,-0.2709577977657318
guided,COc1cc2c(cc1NC(=S)Nc1ccc(OC[C@@H]3CCCO3)cc1)oc1ccccc12,-4.833213806152344
guided,C=P([O-])=NCCCc1ccccc1.C=[N+]1CCN(c2ccc(O)cc2)CC1,-2.549546241760254
guided,O=C(CCc1ccc(F)cc1)N1CC[C@H](c2ccc(F)c(F)c2)C1,-9.446017265319824
guided,CN(CC(=O)NCc1nnn(CC(=O)Nc2cccc(C(F)(F)F)c2)n1)S(=O)(=O)c1cccc(C(F)(F)F)c1,-0.48298460245132446
guided,COCCOc1ccc(C)cc1NC(=O)CC[C@@H](C(=O)O)c1ccccc1,-1.3701984882354736
guided,O=C(Nc1cccc(-c2cccnc2)c1)c1ccco1,-3.608240842819214
guided,COCCCNC(=O)/C(=C/c1ccc(-c2ccc(Cl)cc2)o1)NC(=O)c1ccccc1,-2.258537769317627
guided,Cc1ccc(S(=O)(=O)N2CCOCC2)c(C)c1NS(=O)(=O)c1ccccc1,-0.4954105615615845
guided,CCOc1ccccc1[C@@H]1NC(=O)NC(C)=C1C(=O)N1CCN(C)CC1,-1.1838657855987549
guided,Oc1ccc2ccccc2c1CN1CCN(c2ccccc2F)CC1,-8.088295936584473
guided,CCO[C-]([O-])[CH+]C1(C)C[C+]2[C+]3CCCC(C)(C1)C32[O-].[H+],-3.0415499210357666
guided,CCN(CC)S(=O)(=O)c1cccc2ccccc12,-5.637818336486816
guided,O=C(Nc1ccc(F)cc1)c1cc(C2CC2)on1,-3.3220090866088867
guided,CC(=O)N1CCOc2cc(S(=O)(=O)NC3CCCCC3)c(Cl)cc21,-1.4710577726364136
guided,CCCOc1cccc(OCC(=O)Nc2ccc3[nH]ncc3c2)c1,-1.6300239562988281
guided,O=C(NCCN1CCCCC1)Nc1ccccc1C(F)(F)F,-4.869387149810791
guided,C[C+]([C][C-](C)[O-])N[C+]1[CH+][C-]([C-]([O-])NC[C+]2[CH+][CH-][C+](F)[CH-][CH+]2)[C+]2[CH-][CH+][CH-][CH+][C+]2[N-]1,-0.8962790369987488
guided,CCOc1cc(/C=N/n2cnnc2)cc(Br)c1OC,-2.421462297439575
guided,CCCN(CC(=O)Nc1ccc(Cl)cc1)CC(=O)Nc1ccc(F)c(F)c1F,-3.3112549781799316
guided,CCOC(CN(NC(=O)c1cc2cc3ccc(OC)cc3nc2o1)c1ccccc1)OCC,-2.0200037956237793
guided,Oc1c(Br)cc(Br)cc1CNc1nc2ccccc2n1CCN1CCCCC1,-5.371499538421631
guided,[O-][C-](O)C1CO[C][N-][C+]([N-][C+]2[CH+][CH-][CH+][CH-][CH+]2)S1,-0.9839268326759338
guided,CCOCCCNC(=O)[C@H]1CC(=O)N(CCc2ccc(C)cc2)C1,-2.610588550567627
guided,Cc1cc(N2CCOCC2)nc2ccc(NC(=S)N3CCc4ccccc4C3)cc12,-5.881931304931641
guided,[H]/N=C1C(=C\c2ccc(N)c(OC)c2)/C(=O)N=C2SC(CC(=O)N3CCCCC3)=NN2/1,-0.5670487284660339
guided,O=C(Nc1ccc(N2CCCC2)cc1)c1ccc(-c2cccc([N+](=O)[O-])c2)o1,-2.115246295928955
guided,O=C(N/N=C\c1ccc(O)c(O)c1)c1ccc(Br)cc1,-1.104175090789795
guided,Cc1cccc(NS(=O)(=O)CCC(=O)c2ccccc2)n1,-1.2458467483520508
guided,Cc1ccc(C(=O)O)cc1NC(=S)Nc1ccc(Cl)cc1Cl,-4.064907073974609
guided,[CH2-]CC1=NC(c2ccccc2C)=[N+]=C/C1=C/NCCCOCC,-4.0545477867126465
guided,CCCc1[nH]nc2c1[C@@H](C(C)C)C(C#N)=C(N)O2,-0.8128796219825745
guided,COc1ccc(C(=O)Oc2ccc(C=O)cc2OC)cc1OC(C)=O,-0.8171456456184387
guided,O=C1C[C@@H](c2ccccc2)Oc2cc(O)cc(O)c21,-2.1054024696350098
guided,COc1ccc(C)cc1NC(=O)Nc1cccc(C)c1C,-4.678673267364502
guided,O=C(NNc1ccccn1)[C@H]1C[C@@H]1c1ccc(CCCl)cc1,-3.4954607486724854
guided,O=C(NNC(=S)Nc1ccc(Cl)cc1)c1ccccc1Cl,-3.9520974159240723
guided,Cc1ccc(S(=O)(=O)N[C@@H](NC(=O)C2=[S+]C=C/C2=C(\[O-])O)c2ccccc2)cc1,-0.28242576122283936
guided,COc1ccc(S(=O)(=O)N(C)C)cc1N(CC(=O)O)S(=O)(=O)c1ccccc1,-0.27835819125175476
guided,Cc1onc(-c2ccccc2Cl)c1C(=O)/C=C/N(C)C,-4.689055919647217
guided,O=C(/C=C/Cc1ccc([N+](=O)[O-])s1)OCc1ccccc1,-2.2559468746185303
guided,CO[c-]1[cH+][c-](CN2CCCCC2)[c+]([O-])[nH][c+]1[O-],-1.1957741975784302
guided,C=C(C)COc1ccc(/C=C\CNCCO)cc1,-4.815065860748291
guided,COc1cc(OC)nc(NNC(=O)c2cc(S(=O)(=O)N3CCc4ccccc43)ccc2Cl)n1,-0.5983611941337585
guided,C=CCN(C(=O)CCC(=O)Nc1ccccn1)c1ccc(F)c(Cl)c1,-3.0280117988586426
guided,Cn1nnnc1-c1ccccc1NC(=O)c1ccccc1F,-1.417960286140442
guided,Cc1ccc(-c2c[s+]c3nc4cc(C(=O)N5CCC(C(N)=O)CC5)ccc4c([O-])n23)cc1,-0.8451558351516724
guided,CC(C)c1ncc(/C=N/NC(=O)c2cccs2)s1,-3.485171318054199
guided,CCCOc1ncnc2sccc12,-5.883500576019287
guided,[CH2+]CCCCC[N-]C(=O)CCNS(=O)(=O)C1=Cc2ccccc2CC1,-1.8421565294265747
guided,O=C1c2ccccc2Cc2cc(CO)cc(O)c21,-2.740978479385376
guided,O=c1cc(CSc2ccccc2)nc(SCc2cccnc2)[nH]1,-3.3425583839416504
guided,CCO[C]1[CH][CH][C]([C]2[C]([O-])N(OC[C+]3[CH][CH][C]4[CH][CH][CH][CH][C]4[N]3)[C]3[CH][CH][CH][CH][C]3N2[O-])[CH][CH]1,-0.9421151280403137
guided,COc1cc(CN(/C=C/c2ccccc2)C(=O)/[N+](O)=C2\CCCC[C@H]3N2C3(C)[O-])ccc1O,-0.8534809350967407
guided,OOc1ccc(CCC[C@@H](O)CCc2cccc3ccccc23)c2nonc12,-1.9923388957977295
guided,S=C(NCCc1ccccc1)NCc1ccco1,-5.521370887756348
guided,CCOc1ccccc1NC(=O)Cn1c(CO)nc2ccccc21,-1.2094810009002686
guided,OC[C@@H](O)c1cc(Cl)c(O)cc1O,-1.0366333723068237
guided,COC/C(=C\C(=O)N(C)c1ccccc1)C(=O)OCC(=O)N1CCCC[C@@H]1C,-1.2309741973876953
guided,Cc1ccc(NC(=O)Nc2cccnc2)c(OC(F)F)c1,-2.843353748321533
guided,CCOC(=O)/C(=C(\N)NC(=O)[C@H](C)N1C(=O)c2ccccc2C1=O)c1ccccc1,-0.33507031202316284
guided,COCN(C(=O)c1cccc(OC)c1)c1cc(OC)ccc1OC,-3.0257160663604736
guided,COc1ccc(OC)c(S(=O)(=O)CC(=O)O)c1,-0.48429158329963684
guided,COCCN(Cc1sccc1C)C(=O)Nc1cccc(C(C)=O)c1,-3.4592761993408203
guided,N#Cc1ccccc1NC(=O)NC(=O)C(c1ccccc1)c1ccccc1,-1.8285300731658936
guided,Cc1cc(C)n([C@@H](C)CC(=O)Nc2cccc(C(F)(F)F)c2)n1,-5.041771411895752
guided,O=C(Cn1ccc2ccccc2c1=O)NCC(=O)N1CCC2(CC1)OCCO2,-0.4106968343257904
guided,O=C(c1cc([N+](=O)[O-])cc([N+](=O)[O-])c1)N1CCN(C(=O)C2CC2)CC1,-0.4161979854106903
guided,Nc1cnc(N2CCc3ccccc3C2)nc1-c1ccccc1,-3.424100875854492
guided,CC(C)c1ccc(OC[C@H](O)CN[C@H](C)c2ccccc2)cc1,-5.619830131530762
guided,S=c1[nH]nc(/C(=C/c2ccc(Cl)cc2)c2ccccc2Cl)n1-c1ccccc1,-10.087117195129395
guided,COc1ccc([N+](=O)[O-])cc1COc1ccc(C)cc1C(=O)NCc1ccco1,-1.3876389265060425
guided,C[C@@H](O)CO,-5.280450344085693
guided,CCCc1nc(SCC(=O)N2CCCCCC2)c2c(=O)n(C)c(=O)n(C)c2n1,-0.5007769465446472
guided,Cn1c(=O)c2c(nc(SCC(=O)NCCc3ccccc3)n2C)n(C)c1=O,-0.35867074131965637
guided,S=C(Nc1ccc(Cl)cc1)N1CCCCC1,-10.211790084838867
guided,COc1ccccc1NC(=O)COC(=O)CCS(=O)(=O)c1cccc2ccccc12,-0.8103201389312744
guided,CO/[C-]=C(\C=[N+]1CCN(C(=O)c2cccs2)CC1)C(=O)Nc1ccc(=[O+]C(F)F)[cH-]c1,-1.342961072921753
guided,CCOc1ccc2c(CC(=O)OCC(=O)Nc3cccc(OC)c3)coc2c1,-1.2240008115768433
guided,Cc1cc(NNC(=O)c2ccccc2)ncc1Br,-3.4316985607147217
guided,CCO[C]1[CH][CH][CH][C](N[C]([S])N(C[CH+][CH][C]2[CH][CH][CH][CH][CH]2)C[C]2[CH][CH][CH][C](N([O-])[O-])[CH]2)[CH]1,-2.2869629859924316
guided,OCC#CCSc1ccc2ccccc2n1,-6.102689266204834
guided,CO[c+]1[cH-][c+](C23[CH+][c-]4o[c+]5[cH-][cH+][cH-][cH+][c-]5[c+]([O-])[c+]4[C-]2O3)[cH-][cH+][c-]1OC.[H+],-2.2137978076934814
guided,CN(C)NC(=O)CCC(=O)O,-1.6499196290969849
guided,Cc1cc(OCc2nn[nH]n2)c2c(C)c(CC(=O)O)c(=O)oc2c1,-0.35395556688308716
guided,CCC/[C-]=N/n1cnc(C/[S+]=C(\C)c2ccc3ccccc3n2)cc1=O.[CH2-]CC(=O)O.[H+],-1.0416873693466187
guided,CN(C)S(=O)(=O)c1cccc(NC(=O)CCc2ccc(S(N)(=O)=O)cc2)c1,-0.27992165088653564
guided,NC(=O)c1ccc(NC(=O)c2cccc3ccccc23)cc1,-1.8428828716278076
guided,COc1ccc(S(=O)(=O)NC[C@H](C)CN(C)C)cc1,-2.4130680561065674
guided,CCOc1cc(NC(=O)c2ccccc2F)c(-c2ccoc2)cc1OCC,-4.274441242218018
guided,COc1ccc(C(=O)N/N=C/c2ccc(OCC(N)=O)cc2)cc1OC,-0.2821974456310272
guided,Fc1cccc(Nc2nnc(SCc3nnc(-c4ccccc4)o3)s2)c1,-2.7225100994110107
guided,COCCNC(=O)C(=O)NC[C@@H]1OCCN1S(=O)(=O)c1ccccc1Cl,-0.3398164212703705
guided,CCCOc1ccccc1N1C(=O)C[C@@H](S/C(=N/c2ccccc2)Nc2ccccc2)C1=O,-4.003428936004639
guided,O=C1C(=O)N(Cc2cccnc2)[C@H](c2ccncn2)/C1=C(/O)c1ccc(F)cc1,-0.6200732588768005
guided,O[C@@H](CCNC[C@H](O)COc1cccc(Br)c1)COc1ccccc1,-1.670814037322998
guided,COc1cccc2c1OC[C@@H](CNC(=O)c1ccc(-c3cccc([N+](=O)[O-])c3)s1)C2,-1.7024970054626465
guided,COc1ccc(/C=C2/Sc3ccc(CO)cc3N(C)C2=O)cc1O,-1.9189701080322266
guided,CCN(CC)S(=O)(=O)c1ccc(NC(=O)N[C@@H](C)C2CCCCC2)cc1,-1.9337034225463867
guided,O=C(CCc1ccccc1)NC/C([O-])=[S+]/CC(=O)Nc1ccc(OC(F)F)cc1,-0.4185251295566559
guided,O=C(CC(=O)N/N=C/c1cccs1)N/N=C/CCc1ccccc1,-0.8636299967765808
guided,COc1ccccc1/C=C/C=N/NC(=S)Nc1ccc(C(C)=O)cc1,-3.0413103103637695
guided,CC(C)[C@@H](NS(=O)(=O)c1cccs1)C(=O)NC1CCCCC1,-1.408987045288086
guided,CCO[C]1[CH][CH][C](CN2[CH+][N][N][N]2)[CH][C]1N([O-])[O-],-0.5216397643089294
guided,CCO[C@@H]1OC(C(=O)Nc2ccccc2)=C[C@H](C)[C@H]1CCCO,-2.049771308898926
guided,COC[C@@H](C)NC(=O)NCc1ccco1,-2.043452262878418
guided,CC(=O)N1c2ccc(C(=O)N(C)c3ccccc3)cc2C[C@@H]1C,-5.342731952667236
guided,COc1cc(/C=C(\C#N)C(N)=O)ccc1OCC#N,-0.3241705596446991
guided,CCN1CCc2c(C#N)c(N3CCOCC3)nc(NCc3ccccc3)c2C1,-2.2543933391571045
guided,N#Cc1nc(COc2ccccc2F)oc1NCCc1ccccc1,-2.38740873336792
guided,O/N=C/c1ccc(OCc2ccccc2)cc1OC(F)F,-4.197952747344971
guided,O=C1C=C(NC[C@@H]2CCCO2)C[C@H](c2ccc(F)cc2)C1,-5.580353260040283
guided,CCCCN(C(=O)CCC(=O)Nc1cc(C)on1)[C@@H](C(=O)NC1CCCC1)c1ccc(OCC)cc1,-1.8727327585220337
guided,CO/C=C\c1cc(=O)[nH]c(=O)[nH]1,-1.3144440650939941
guided,CC[C@@H](C(=O)c1ccccc1)c1ccccc1,-10.098878860473633
guided,Clc1ccc(OCCSc2ncn[nH]2)cc1,-3.7439932823181152
guided,CN(C)NC(=O)c1ccccc1F,-6.0982279777526855
guided,COC(C[C@H](O)CCC(=O)[C@@H](C)Oc1ccc(C)cc1C(C)=O)OC,-1.1195452213287354
guided,CCCn1nnnc1NCc1ccc2c(c1)OCO2,-1.2274353504180908
guided,CN(C)C(=O)c1ccccc1C(=O)c1ccccc1Oc1ccccc1,-5.288305282592773
guided,COC(C/C(O)=C\C(=O)c1ccc(O)cc1O)OC,-0.46576979756355286
guided,C[C@@H](CN)CC(=O)O,-2.3300580978393555
guided,O=C(CCl)c1cccc(OCc2n[nH]c3ccccc23)c1,-3.6456656455993652
guided,CN(C)CCNC(=O)c1cc(-c2cccs2)nc2ccccc12,-4.569873332977295
guided,CC(=O)c1oc2c(c1N)C(=S)C(=O)N2CCc1cccs1,-1.2696996927261353
guided,COc1ccccc1N1CCN(c2nccc(C)n2)CC1,-4.6735310554504395
guided,Fc1ccccc1/C=N/n1c(COc2ccccc2)n[nH]c1=S,-3.627277374267578
guided,COc1ccc(N(CC(=O)Nc2cccc3ccccc23)S(=O)(=O)c2ccccc2)cc1,-2.665177583694458
guided,Oc1ccccc1-c1cc(-c2ccccc2F)n[nH]1,-4.44116735458374
guided,C=CCOC(=O)/C(C#N)=C/C=C\c1ccccc1,-3.8665413856506348
guided,CCN(CC(=O)Nc1ccc(F)c(F)c1F)Cc1nc2ccccc2c(=O)[nH]1,-1.235490322113037
guided,NC(=O)[C@H]1CCCN(C(=O)c2ccc(C3=Cc4cc(Cl)ccc4OC3)cc2)C1,-2.0689542293548584
guided,C[C@@H](CN1CCCCC1)OC(=O)c1ccc(OC2CCNCC2)cc1,-3.7944881916046143
guided,O=C(/C=C/Nc1ccc(F)c(F)c1)c1ccco1,-5.203456401824951
guided,CN(C)[C@H](CCOc1cccc2ccccc12)c1ccccc1,-11.730246543884277
guided,CCOc1ccccc1CN1CCN(Cc2nc3ccc(OC)cc3c(=O)[nH]2)C[C@@H]1CCO,-0.564972996711731
guided,CCO[C+]([O-])[C+]([C][c-]1[c+]2[cH+][cH-][cH+][cH-][c+]2o[c+]2[c-]1[C+](C)N[C+]2[C-]([O-])OCC)[c+]1[cH-][cH+][cH-][c+](C)[c-]1[NH-],-1.3132548332214355
guided,COc1ccc(C(=O)CNC(=O)c2ccco2)cc1OC,-0.989499568939209
guided,C[C]1[CH][CH][C+](S([O])([O])N[C]2[CH][CH][C](N[C](C)[O])[C](N([O-])[O-])[CH]2)[CH][CH]1,-0.6686292290687561
guided,CCN1CCN(C(=S)Nc2ccc([N+](=O)[O-])cc2)CC1,-2.3241708278656006
guided,O=C(O)[C@H]1CC(=O)N(C2CCCCCC2)C1,-2.8084771633148193
guided,[H]/[O+]=C/c1ccc(Br)cc1.[O-]P(c1ccccc1)c1ccccc1,-4.86140251159668
guided,CCOCCCNC(=O)c1ccc(CS(=O)(=O)c2cc(-c3cc(C)no3)ccc2OC)o1,-0.9455496668815613
guided,COC(=O)c1c(NC(=O)CN2CCN(S(=O)(=O)c3cccs3)CC2)sc(C)c1C,-0.47652536630630493
guided,NC(=O)c1cccc(NC(=O)c2ccco2)c1,-0.6241859197616577
guided,[CH2+][S+2]([O-])([O-])CCN(CC[C+]1[CH+][CH+][CH-][CH+][CH-]1)[c-]1[n-][c+](N2CCOCC2)[c+]2[c-]([c+]1[C][N-2])CCCC2,-0.8738572001457214
guided,Nc1nonc1-n1nnc(C(=O)N/N=C/c2ccccc2Br)c1-c1cccs1,-0.55897057056427
guided,Cc1nn([C@@H](C)C(=O)NCCCNc2ncccn2)c(=O)c2c1sc1ccccc12,-0.6614201664924622
guided,C[P@@](=O)(Nc1cccc(Br)c1)Oc1ccc(F)cc1,-6.962148189544678
guided,CC(=O)CN1C(=O)N[C@@]2(CCCc3ccccc32)C1=O,-1.752461552619934
guided,COc1cc([C@@H]2CC[C@H](C=C(C)C)[C@H]2C)cc(OC)c1OC,-8.688140869140625
guided,O=C(O)C[C@H](c1cccc2ccccc12)n1nnc2ccccc21,-2.4362332820892334
guided,Nc1nc(-c2cccs2)ccc1-c1nnc(Cc2cccnc2)n1-c1ccccc1,-2.3132402896881104
guided,CC/[S+]=C1\C=N/C(=C(/[O-])NNc2ccc(C)cc2)O1,-1.623447299003601
guided,O=C(c1cnn2c(C(F)F)cc(-c3ccccc3)nc12)N1CCOCC1,-2.6986653804779053
guided,Cc1c([C@@H]2OC(=O)[C@H](C)C[C@@H]2OCC(C)C)sc(NC(=O)Cc2cccc3ccccc23)c1C#N,-3.4597551822662354
guided,CO[C]1[CH][CH][C]2[C]([C]([O-])[C+]3[CH][CH][CH][CH][CH]3)N(C)N([O-])[C]2[CH]1,-2.337690830230713
guided,C[C@H](CN1CCCc2ccccc2C1)O/C([O-])=c1\cc2c(c3ccccc13)=C=[O+]c1ccccc1-2,-4.612410545349121
guided,COc1ccccc1Oc1nc(C(C)C)nc2ccccc12,-5.682300567626953
guided,[CH2][CH]C(CCCCCC[N-][C]([O])[CH-][C][C][CH+][C-][C]([C-][OH+][CH-]C)N[C-][O])[C+]([O])O.[H+],-1.489447832107544
guided,O=[N+]([O-])c1cc(S(=O)(=O)Nc2ccccc2)ccc1N1CCCCC1,-1.0542410612106323
guided,CCC[C@@H](C)[C@@H](NC(=O)c1cc2cc(Cl)ccc2n1C)C(=O)O,-2.0903608798980713
guided,Nc1ccc(Oc2ccc(N[S@@+]([O-])[C@]34C[C@H]5C[C@H](C[C@H](C5)C3)C4)cc2)cc1,-3.511215925216675
guided,CC(C)N[C@@H](C)C[C@H](Cc1c(O)ccc2ccccc12)NCc1ccco1,-4.1668782234191895
guided,COc1ccccc1OCCOCCOc1ccc(C(=O)O)cc1,-1.5451747179031372
guided,Cc1cc(N2CCCC2)nc2ccccc12,-9.65986442565918
guided,CC(C)(C)NC(=O)[C@H](c1cc2ccccc2nc1Cl)N(Cc1ccccc1)/C([O-])=C1\[S+]=NC(C(N)=O)=C1N,-0.6500176191329956
guided,CCOC(=O)N1CCN(C(=O)C2=CCN(S(=O)(=O)c3ccc(F)cc3)CC2)CC1,-0.6257556080818176
guided,COc1cc2nc(=S)n(Cc3cc4ccccc4o3)c(N)c2cc1OC,-2.195244550704956
guided,NC(=O)c1ccccc1-n1cccn1,-2.256608724594116
guided,COc1cc2nc(C3CCC3)nc(N3CCN(c4ccccn4)CC3)c2cc1OC,-2.734133720397949
guided,COc1ccc([S@](=O)(=N[S@@+](C)[O-])Sc2ccc(F)cc2)cc1,-3.017845869064331
guided,O=C(O)CC[C@H](C(=O)O)N1C(=O)c2ccccc2C1=O,-0.38665926456451416
guided,Brc1ccc(Cc2cccnc2)c2ccccc12,-11.379356384277344
guided,CC[C@H](C(=O)NCc1ccco1)n1nc(C)n2c(cc3occc32)c1=O,-0.5715765953063965
guided,C[C@@H](Sc1nnc2c(F)cccn12)C(=O)NCCc1ccccc1,-2.7145750522613525
guided,CS(=O)(=O)N1CCN(C(=O)C/C=C/c2ccccc2)CC1,-2.5798418521881104
guided,CCC(NC(=O)N[C@H]1CCCc2ccccc21)(C(F)(F)F)C(F)(F)F,-6.37060022354126
guided,NC(=O)CN1CCN(S(=O)(=O)c2ccc(Cl)s2)CC1,-0.6899996399879456
guided,CCCC(=O)NC(=S)Nc1ccc(S(=O)(=O)Nc2ccc(OC(F)F)cc2)cc1,-1.2252215147018433
guided,CCOc1cc2ccccc2cc1C(=O)O,-4.352762699127197
guided,COc1cc(C(=O)N2CCN(Cc3nc(Cc4ccccc4)no3)CC2)cc(OC)c1OC,-0.6629675626754761
guided,Cc1ccc(CN2C[C@H](C(=O)Nc3cccc(C)n3)CC2=O)c(C)c1,-2.5537946224212646
guided,N#Cc1ccc(C(=C/C=C2\C=CC(N3CCOCC3)=[O+]2)/N=[C-]/C=N/O)cc1,-0.6420741677284241
guided,NNc1nc(Nc2ccccc2)nc(N2CCCCC2)n1,-0.45363396406173706
guided,C[c+]1[c+]([S+2]([O-])([O-])N2CCN(C[c-]3[cH+][cH-][c+]4[c-]([cH+]3)OCO4)CC2)[c+]2[n-]s[n-][c-]-2[cH+][c-]1C.[H+],-0.44845208525657654
guided,CCC(C)(C)n1nnnc1[C@H](c1cc(OC)ccc1OC)N1CCN(Cc2ccccc2)CC1,-2.4253063201904297
guided,Cc1ccc(-c2c[nH]c(SCC(=O)NCc3ccco3)n2)cc1,-2.0264573097229004
guided,CS/C(=N\[C@](C)(O)c1cccc(Br)c1)c1ccccc1,-7.4773850440979
guided,Cc1ccc(O[P@@](=O)(NCc2ccco2)Oc2ccc([N+](=O)[O-])cc2)cc1,-2.1301896572113037
guided,O=C(CCN1C(=O)S/C(=C/c2ccccc2)C1=O)Nc1cccc(C(=O)O)c1,-1.029252290725708
guided,COc1ccccc1CSCc1nnc(-c2ccc3ccccc3c2)o1,-5.949504852294922
guided,Cn1nc(C(F)(F)F)c(C#N)c1N1CCN(c2nc(Cl)c3ccccc3n2)CC1,-1.751418113708496
guided,O=C(CN1CC=C(c2ccccc2)CC1)Nc1ccccc1-c1ccccc1,-8.028816223144531
guided,Fc1ccc(CN2CCSCC2)cc1Br,-12.680295944213867
guided,COc1ccccc1NNC(=O)C1CCCCC1,-3.7627971172332764
guided,BrC1=CN=C2N[C-]=NN2/C1=C1/C=CC=[S+]1,-5.030795574188232
guided,[H]/[C-]=C/n1cccc1-c1[c-]cc(C(=O)[C@H]2CCCN(CCC[S+]=C3C=C[CH+]C=C3)C2)cc1F,-9.179965019226074
guided,CCOC(=O)c1cn(C(C)=O)nc1N,-0.6454613208770752
guided,C[C@H](CN1CCOCC1)OC(=O)c1ccccc1,-5.0291523933410645
guided,N#CCOc1nc(Nc2ccccc2Cl)nc(N2CCCC2)n1,-0.8620916604995728
guided,O=C(Cn1nc(-c2ccc(N3CCCCC3)c([N+](=O)[O-])c2)c2ccccc2c1=O)N1CCCCC1,-1.3602360486984253
guided,Fc1cnc(Cl)nc1NC1CCCCC1,-5.811234951019287
guided,S=c1oc(-c2ccccc2Cl)nn1Cc1ccccc1,-7.869710922241211
guided,C[C@H](OC(=O)/C=C(\c1ccccc1)c1ccc(Cl)cc1)C(=O)NC(N)=O,-0.7458600401878357
guided,CC1(C)NC(=O)N(CCCc2cccs2)C1=O,-3.68772292137146
guided,O=C(CCCC1=NS(=O)(=O)c2ccccc2N1)N1CCN(C(=O)c2cccs2)CC1,-0.550523042678833
guided,O=C(c1cc2nc(-c3ccccc3)cc(C(F)(F)F)n2n1)N1CCN(c2ccccc2)CC1,-4.3385701179504395
guided,CCOC(=O)c1sc(NC(=O)c2cc(C)on2)c(C#N)c1C,-0.6811341047286987
guided,COc1ccc(-c2[nH]nc3c2[C@@H](c2ccc(OC)c(Oc4ccccc4)c2)C(C#N)=C(N)O3)cc1OC,-2.376595973968506
guided,CN(Cc1ccc(-c2ccccc2)o1)S(=O)(=O)CCCNC(=O)c1cccc2cccnc12,-1.4572429656982422
guided,COc1ccccc1[C@]1(O)CC(=O)Nc2cc(C)c(C)cc21,-2.8390350341796875
guided,CCS(=O)(=O)Oc1ccc(Cl)cc1C(=O)/C=C/N(C)C,-2.1949944496154785
guided,CCO[C]1NN([C]2[CH][CH][CH][C]3[CH][CH][CH][CH][C]32)[C+]([O])[C]1[CH][N][C]1[CH][CH][CH][C](N([O-])[O-])[CH]1,-0.6837465763092041
guided,COCc1ccc(C(=O)NCCCN2CCN(c3ccc(F)cc3)CC2)c(OC)c1OC,-2.3906946182250977
guided,COc1ccc(C(/C=[C-]/c2ccc(OC)c(OC)c2)=N\Nc2ccc(C(=O)O)cc2)cc1.[H+],-2.1574957370758057
guided,[O-][S@@+](Cc1ccc(F)cc1)c1cnc2ccccc2n1,-4.0958075523376465
guided,[O-][C+]1[CH+][N-]N[c+]2[cH-][cH+][cH-][c+]([c-]2[O-])[OH+][NH2+][S+2]([O-])([O-])[C-]2[CH-][CH+][C-]1[CH+][CH-]2,-0.3938840925693512
guided,Cc1coc2c1ccc1cccc(C(=O)C[C@@]3(O)C(=O)Nc4ccc(Br)cc43)c12,-2.8232288360595703
guided,COCC/N=C(\C)c1c(C)oc(C)c1C(C)=O,-3.6021764278411865
guided,COCCn1c(N)c(C(=O)Nc2sccc2C#N)c2nc3ccccc3nc21,-0.7254572510719299
guided,COc1cc(OP(#[O+])c2ccccc2)cc2c1CCCC2.[c-]1ccccc1,-7.536031723022461
guided,NC(=O)C1=C(N)/C(=C(\[O-])N2Cc3ccccc3C2)[S+]=N1,-0.3211894929409027
guided,COc1ccc(CCNC(=O)CN2CCCCC2)c(OC)c1,-3.391850471496582
guided,COCCOc1ccccc1N1CCN(C)CC1,-7.323694705963135
guided,COc1ccc(CS(=O)(=O)CCc2ccc(C(F)(F)F)cc2)cc1,-5.339467525482178
guided,CCCOc1ccc(Cc2c(C)nc(C)[nH]c2=O)cc1OC,-2.305133819580078
guided,CCOC(=O)N1CCN(C(=O)/C=C/c2ccc([N+](=O)[O-])s2)CC1,-0.5712401270866394
guided,[H]/N=c1\n(C)c2ccccc2n1CCc1cccs1,-6.16084098815918
guided,O=CN(c1ccc2c(c1)NC(=O)CO2)S(=O)(=O)c1cc(Cl)ccc1Cl,-0.6946120858192444
guided,COc1ccc(OCc2ccn(-c3ccccc3)n2)cc1,-6.096904277801514
guided,Fc1ccccc1-c1cs/c(=N\c2cccnc2)n1CCCn1cnc2ccccc21,-6.07234525680542
guided,Cn1c(=O)n(C)c2cc(NS(=O)(=O)c3ccc(Cl)cc3)ccc21,-1.3931578397750854
guided,CN(C)S(=O)(=O)N1CCc2ccccc21,-4.781980037689209
guided,COC(=O)c1c(C)[nH]c(C(=O)Nc2ccc(C(=O)O)cc2)c1C,-0.5880203247070312
guided,CN1CCN(c2nc(-c3ccncc3)nc3ccccc23)CC1,-4.202634811401367
guided,CN(C)CCN(C(=O)c1cccc2ccccc12)c1nc2ccccc2s1,-6.9303669929504395
guided,CN1CCN(c2ccc(N3CCN(S(C)(=O)=O)CC3)cc2)CC1,-3.7869551181793213
guided,N[C@@H](c1ccccc1)c1cccnc1Cc1ccccc1F,-5.983554840087891
guided,C[C-]1CCC([C+]([O-])N[c+]2[n-][cH+][cH-]s2)C[C+]1[N-]O,-0.8246378898620605
guided,O=S(=O)(c1ccc(F)cc1)N1CCN(CCc2ccc(Cl)cc2)CC1,-5.230673313140869
guided,N#Cc1c(-c2ccccc2)n(O)c2ncnc(NCCO)c12,-0.3508372902870178
guided,COCCNC(=O)c1ccc(NC(=S)NC2CCCC2)cc1,-2.3323991298675537
guided,CCC(=O)O[C@@H](C)C(=O)N[C@H](Cc1ccc(O)cc1)C(=O)O,-0.3833191394805908
guided,NNc1nc2ccc(OCc3ccc(Cl)cc3)cc2s1,-3.287686824798584
guided,O=S(=O)(c1ccc(F)cc1)N1CCN(c2nnnn2-c2ccccc2)CC1,-0.6091199517250061
guided,CNc1c(NS(=O)(=O)c2ccc(C3CCCCC3)cc2)c(=O)oc2ccccc12,-2.0807433128356934
guided,COc1ccc(-n2c(SC)nc(O)c(C(=O)NCCN3CCOCC3)c2=O)cc1,-0.26000452041625977
guided,COCCC(=O)N(C)Cc1nc2ccccc2n1-c1ccc(SC)cc1,-4.6188740730285645
guided,COc1ccc(NC(=S)N2CCC(C(=O)N3CCN(c4ccccn4)CC3)CC2)c(OC)c1,-1.7948503494262695
guided,CCOC(=O)c1cc(CC)sc1NC(=O)[C@H]1[C@H](C(=O)O)[C@@H]2C=C[C@H]1C2,-0.918540894985199
guided,CCOC(=O)[C@@H](NC(C)=O)C(=O)Oc1c(C)cccc1C,-0.7600421905517578
guided,COCCCNC(=O)COc1ccccc1C(=O)Nc1ccccn1,-0.4643744230270386
guided,CC[C@H](C)NC(=O)c1cc(S(=O)(=O)N2CCCCC2)ccc1N1CCOCC1,-1.1245121955871582
guided,COc1ccc2nc(C)cc(SCC(OC)OC)c2c1,-5.325159072875977
guided,COCC1=CNc2nc3ccccc3n2[C@H]1c1ccc(OC)c(OC)c1,-3.3000974655151367
guided,O=C(N/N=C/c1ccc(N2CCOCC2)s1)c1ccc2ccccc2c1,-3.6946158409118652
guided,O=C(Nc1ccccc1-n1nc2ccccc2n1)c1ccc(N2C(=O)CCC2=O)cc1,-0.9298059940338135
guided,CC(=O)Nc1cccc(OC(=O)C(F)(F)F)c1,-2.9739487171173096
guided,COc1ccc(C(=O)NN/C(C)=C\C(=O)c2ccc(C)cc2)cc1,-2.11309552192688
guided,NC(=O)c1cc(S(=O)(=O)NCCc2ccc(S(N)(=O)=O)cc2)cs1,-0.34835296869277954
guided,COc1cc(C(=O)NCC(=O)OCC(=O)c2cccs2)cc(OC)c1OC,-0.38007354736328125
guided,S=c1[nH]nc(COc2ccccc2)n1/N=C/c1cn(-c2ccccc2)nc1-c1ccccc1Cl,-4.217906951904297
guided,O=C(COc1ccc(Cl)cc1Cl)NC(=O)N1CCC(O)CC1,-1.0519691705703735
guided,CCOc1ccc(/C(O)=C/C(=O)OCc2ccc(C)o2)cc1CN1CCC(O)CC1,-1.1976521015167236
guided,COc1ccc(N2CCN(c3ccccc3NS(=O)(=O)c3cc(C)ccc3C)CC2)cc1,-3.498847484588623
guided,O=C(Nc1ccc(F)cc1)N1CCc2ccccc2C1,-6.736956596374512
guided,CC[C]([O])N[C]([CH][C]1[CH][CH][C]([C]2[CH][CH][C](N([O-])[O-])[CH][CH]2)O1)[C+]([O])N[C]1S[CH][CH][C]1[CH][N]CCCN1CCOCC1,-0.8348629474639893
guided,C/N=C1\S[C@@H](C(=O)Nc2ccccc2Cl)CC(=O)N1c1ccc(O)cc1,-1.460070252418518
guided,C[C@H](O)C(=O)O/C=C1\CCCO[CH-]OC(C)(C)O1.[H+],-1.3712425231933594
guided,CCOc1ccc(C(=O)c2ccccc2)cc1Cc1cccnc1,-6.2237114906311035
guided,[O]S([O])(NCCN[C]1[CH][CH][C](N([O-])[O-])[CH][C]1Cl)N[C+]1[CH][CH][CH][CH][CH]1,-0.5691847801208496
guided,CC(=O)NC(=C\Nc1ccc(SC(F)F)cc1)/C=C/c1cnn(C)c1,-3.3930225372314453
guided,C[C@@H]1CCc2ccccc2N1C(=O)c1ccc(Br)o1,-7.006944179534912
guided,S=C(NC1CC1)N1CCC2(CC1)OCCO2,-5.983161449432373
guided,COCCNc1ccc2nc(N3CCOCC3)sc2c1,-4.035729885101318
guided,[CH2+]CC[C@]1(C)C[CH-]CC[C@@H]1C(=O)CCCCCNCCOC,-6.365438461303711
guided,COC(C[C@H]1O[C@H]1C(=O)COCc1cccc2ccccc12)OC,-2.91188645362854
guided,CCOC(=O)C1(Cc2cccc3ccccc23)CCN(C(=O)c2cnc3ccccc3n2)CC1,-2.9857735633850098
guided,CCC(=O)Oc1ccc(OC)c(O)c1C(C)=O,-1.3976963758468628
guided,COCCCn1c(SCC(=O)Nc2cc(C)cc(C)c2)nc2ccsc2c1=O,-2.130542278289795
guided,Nn1c(Cc2ccccc2F)nnc1SCC(=O)NCc1ccccc1,-0.6826909184455872
guided,O=C(O)c1ccccc1NC(=S)Nc1ccccc1Cl,-3.2337093353271484
guided,COc1ccc2nc(C)cc(SCCNC(=O)c3ccc4ccccc4c3)c2c1,-5.412806034088135
guided,Cc1cc(C)nc(SCC(=O)c2ccc[nH]2)n1,-2.7448108196258545
guided,COc1ccccc1N(CC(OC)OC)C(=O)C1=C(N)/C(=C(\[O-])NC2CCCCC2)N=[S+]1,-0.38734063506126404
guided,COc1ccc(NC(=O)CNc2nc(N3CCCCC3)nc(N3CCCCC3)n2)cc1,-0.7270886898040771
guided,COc1ccc(S(=O)(=O)N2CCN(C(=O)c3ccn[nH]3)CC2)cc1C(C)C,-0.3994256854057312
guided,[O][C]1[O+][C]([C+]2[C]([O])[C]3[CH][CH][CH][CH][C]3[C]([O-])[C]2C[C]2[CH][CH][C]([N+]3CCOCC3)[CH+][CH]2)[C][C]2[CH][CH][C](N([O-])[O-])[CH][C]21,-0.5964435935020447
guided,[CH2+]C[N-][C+]([c-]1[cH+][cH-][cH+][cH-][cH+]1)[NH+]1C2C3[C-]([O-])C(C)CNC321.[H+],-3.057211399078369
guided,COc1cccc(OC)c1OCCCOc1ccc(C)cc1C,-6.499735355377197
guided,O=C(c1ccc(OC(Cl)(Cl)Cl)cc1)N1CCN(c2ccccn2)CC1,-4.900155067443848
guided,CN1[CH-]CN([S+2]([O-])([O-])[c+]2[cH-][cH+][cH-][c+]([C+]([O-])N[C+]3[N-]CCS3)[cH-]2)CC1,-0.3229072690010071
guided,Cc1nc2c3nn(-c4ccc(C)c(Cl)c4)nc3ncn2n1,-1.4282875061035156
guided,CC(=O)Nc1ccc(SCC(=O)O)cc1,-1.8442471027374268
guided,Cn1cnnc1SCC(=O)NCc1ccc(F)cc1,-2.3635356426239014
guided,O=CCCCCOCCN1CCN(S(=O)(=O)c2ccccc2Cl)CCC1=O,-0.8107922077178955
guided,O=C(C1=CNc2cc3ccccc3cc2N1)N1CCSCC1,-4.705418109893799
guided,O=S(=O)(Nc1nc2ccccc2nc1N1CCN(c2ccccc2)CC1)c1cccs1,-1.7851066589355469
guided,CCN(c1ccc(OC)cc1)S(=O)(=O)c1ccc(NCc2ccc(C)cc2)nc1,-2.558621406555176
guided,CCSCCc1nnc(NC(=O)c2cccc(F)c2)s1,-3.4974019527435303
guided,COCc1c(C(=O)N/N=C/[C@H]2CC=CCC2)nnn1-c1nonc1N,-0.3604660630226135
guided,COc1ccccc1/N=C\c1coc2ccccc2c1=O,-3.939157009124756
guided,O=c1ccc(-c2cc(-c3ccco3)[nH]c2-n2cccc2)n[nH]1,-1.2300368547439575
guided,O=C(Nc1csc(-c2cccs2)n1)c1cc(=O)[nH]c2ccccc12,-2.128261089324951
guided,COc1cccc(C(=O)Nc2nc3ccccc3[nH]2)c1,-2.0247690677642822
guided,CCCN1CCC(NC[C@@H](C)c2ccccc2)CC1,-9.950042724609375
guided,CC(C)OCCCNC(=O)c1cc(=O)[nH]c2ccc(S(=O)(=O)N(C)C)cc12,-0.35458827018737793
guided,CO[C][CH+][c-]1[n-][cH+][c+](CCN[C-]([O-])[C+]2[CH+][CH-][C+](C)[C-](C)[CH+]2)[nH]1,-1.2586721181869507
guided,C[P@@](=O)(NC(=O)Nc1ccc(Cl)cc1)Oc1ccccc1,-3.0270345211029053
guided,CC(=O)N1CCCN(CC(=O)N2CCCC(C)(C)C2)CC1,-4.441067695617676
guided,COc1ccc(N(C)C(=O)Nc2cc(-c3ccccc3)nn2C2CCCCC2)cc1,-5.0778045654296875
guided,CCOC(=O)CCN/C=C1/C=Cc2[nH]c(=O)ccc2[N-]1.[H+],-0.7540557980537415
guided,CCCN(CC)CCCN[C]1[N][C](N2CCOCC2)[C](N([O-])[O-])[C+](N)[N]1,-0.4737531244754791
guided,CCC(=O)N[C@H](Cc1c[nH]c2ccccc12)c1nc2ccccc2[nH]1,-2.151625394821167
guided,COCCCCN(C(=O)c1c(-c2ccccc2)noc1C)c1ccccc1,-4.438045978546143
guided,CC(=O)Oc1ccc2c(C)c(C[C@@H](C)O)c(=O)oc2c1,-1.1064449548721313
guided,COCc1cc(C)n(CC(=O)N/N=C/CC(C)C)c(=O)c1C#N,-0.40520617365837097
guided,CCOC(=O)c1c(C)[nH]c(C)c1S(=O)(=O)N1CCN(c2ccc(F)cc2)CC1,-0.9778642654418945
guided,CNCCOCCOCCNCCOCCOCCOCCOCCOCCOCCOCCOCCNC(=O)CCO,-0.5607677698135376
guided,CCOc1c(C)cc(S(=O)(=O)n2ccc(C)n2)c(C)c1C,-2.59853196144104
guided,CNC(=O)COC(=O)c1ccc2c(c1)NC(=O)[C@@H]1CCCN21,-0.49012458324432373
guided,Cn1c2ccccc2c2cc(Cc3ncc(S(=O)(=O)c4ccccc4)c(=O)[nH]3)cnc21,-0.8506618738174438
guided,COCCCN[C@@H]1CCCCC1=O,-5.214059829711914
guided,COc1ccccc1NC(=O)[C@@H](C)OC(=O)/C=C\[C@H](OC)C(C)=O,-0.42225995659828186
guided,COCCCNC(=O)CCCCC(=O)Nc1nccs1,-0.8861621618270874
guided,S=C(NCc1nc2ccccc2c2ccccc12)NC[C@H]1CCCO1,-4.683491230010986
guided,C=C(Cl)COc1ccc(S(=O)(=O)NCc2ccccc2)cc1C(=O)O,-0.8511066436767578
guided,CCOc1ccc(C#CCN2CCCCC2)cc1OCC,-8.678382873535156
guided,CC(=O)Nc1ccc(S(=O)(=O)NCC(=O)OCc2c(F)cccc2Cl)cc1,-0.5622463226318359
guided,C[C@H]1CC(=O)[C@H](C)[C@@H](NCCc2ccc(OC(F)F)cc2)O1,-4.176798343658447
guided,CCOc1cc(/C=N/NC(=O)C2=CN(c3ccc(OC)cc3)C(=O)CC2)ccc1O,-0.7378498911857605
guided,COc1ccc(OCC(=O)Nc2c(C(=O)OCc3ccco3)oc3ccccc23)cc1,-1.6160213947296143
guided,[CH2-][C+]([N-]O[S+2]([O-])([O-])[c+]1[cH-][cH+][c-](C)[c+](C)[cH-]1)[c-]1[cH+][cH-][cH+][cH-][cH+]1,-2.390390634536743
guided,C[C@@H]1C=CC[C@@H](C(=O)NNC(=S)NC(=O)c2ccccc2)C1,-1.5367090702056885
guided,O=C(O)Cc1cccc(C(=O)c2ccccc2NC(=O)c2sc3cc(Cl)ccc3c2Cl)c1,-4.143123149871826
guided,S=C(NC1CCCCC1)N1CCN(Cc2ccco2)CC1,-6.538100719451904
guided,COC(=O)c1c(C)oc2c(C)c(O)c(O[C@](C)(OC)c3ccccc3)cc12,-2.322835922241211
guided,CCCCCCNC(=O)c1ccc(Sc2ccccc2)c(NC(C)=O)c1,-4.529722690582275
guided,CCCCN(C)S(=O)(=O)c1c(C)[nH]c(=O)[nH]c1=O,-0.47738564014434814
guided,Cc1ccccc1-c1cn(Cc2ccc3c(c2)OCO3)c(=S)[nH]1,-6.249476432800293
guided,Cc1cc(C)c2c(N)c(C(=O)O)sc2n1,-1.2858737707138062
guided,CCC(=O)NNc1nc2ccc(F)cc2s1,-3.2070086002349854
guided,Nc1ccc2c(SCc3ccccc3)n[nH]c2c1,-3.6126887798309326
guided,CC(C)n1nc(C(=O)NCCCN2CCOCC2)c2ccccc2c1=O,-0.9859514832496643
guided,COCC(=O)NCCN(C[C@H](O)c1ccccc1)C(C)C,-2.113746404647827
guided,Cc1cc(-c2nnc(SCc3ccc(F)cc3)n2C)n[nH]1,-2.8846030235290527
guided,Cc1nn(C)c(C(=O)NCCCN2CCOCC2)c1Br,-2.427278995513916
guided,NC(=S)N/N=C/c1cn(-c2ccccc2)nc1-c1ccc(F)cc1,-1.9745904207229614
guided,C[C@H](c1nc2ccccc2n1C)N1CCOCC1,-6.464253902435303
guided,COc1cccc(-c2nnc(N)s2)c1N,-0.5425338745117188
guided,[CH]C[C@@H]1C[C@@H]1CCOC[C@@H](O)CNCC1CCCCC1,-5.178182601928711
guided,COc1ccccc1S(=O)(=O)Cc1ccc(C(=O)N(C)Cc2ccco2)o1,-0.9180080890655518
guided,COc1cc(COC[C@H](O)CNC(C)(C)C)cc(OC)c1,-2.4250710010528564
guided,COCCNC(=O)CCn1nc(-c2ccc(Cl)cc2)ccc1=O,-1.2495567798614502
guided,O=C(/C=C/c1ccc(F)cc1Cl)NC[C@@H]1CCCO1,-5.527541160583496
guided,CCN(CC)[c-]1[cH+][cH-][c+]([C]NC23CN4CN(CN(C4)C2)C3)[cH-][cH+]1.[H+],-7.390786647796631
guided,[O-][S@+](Cc1ccccn1)c1cccc2ccccc12,-6.217238903045654
guided,COc1ccccc1NCc1nc2ccccc2n1CCOc1ccc(Br)cc1,-6.082986831665039
guided,CCCOC(=O)c1ccc(OC)cc1,-5.739037990570068
guided,Nc1ncnc(NNc2cccc3ccccc23)c1[N+](=O)[O-],-0.6079869270324707
guided,Nc1cnc(NC(=O)c2ccco2)c(Cl)c1,-0.9458149671554565
guided,CO[c-]1[cH+][cH-][c+]([S+2]2([O-])NC([C-]3[C][CH-][CH+][CH-][CH+]3)[C-]([O-])N([c+]3[cH-][cH+][cH-][c+](SC)[cH-]3)CO2)[cH-][cH+]1.[H+],-1.1822457313537598
guided,COc1ccc2cc(C(=O)O)/c(=N\NC(=O)c3cc4ccccc4oc3=O)oc2c1,-0.5059110522270203
guided,S=c1[nH]nc(-c2ccncc2)n1-c1ccc(OCc2ccccc2)cc1,-4.302882194519043
guided,CN(/N=C/c1cc(=O)[nH]c(=O)[nH]1)c1ccccn1,-0.41040509939193726
guided,CCC(C)(C)NC(=O)Cc1cccc2ccccc12,-7.4709343910217285
guided,Cn1c(=O)[nH]c(=O)c2c(NC(=O)CN3CCc4ccccc4C3)cccc21,-0.41005074977874756
guided,O=C1NCCN(C(=S)Nc2cccc(Br)c2)[C@H]1c1ccc(F)cc1,-4.95652437210083
guided,CCOC(=O)[CH-]CC#C[O+]1C(O[C@@H](C)C(C)C)=C1C(=O)C[C-](C)C.[H+],-3.8605456352233887
guided,CC(C)n1ncc([C@@](C#N)(CNc2ccccc2)c2nc3ccccc3[nH]2)c(Cl)c1=O,-1.5966256856918335
guided,O=[N+]([O-])c1ccc(NCCNc2ccc(Cl)nn2)cc1,-0.7463549971580505
guided,CCOn1c(=O)c(C)[n+]([O-])c2ccccc21,-2.541957139968872
guided,COc1ccc(C(C)=O)cc1COc1ccc(C(=O)O)cc1,-1.8048769235610962
guided,COCCCn1c(=O)c2sccc2n2c(CCCC(=O)NCc3ccco3)nnc12,-0.5045675039291382
guided,CCCCn1c(O)c(/C=N/NC(=O)c2cc(=O)c3ccccc3o2)c(=O)[nH]c1=S,-0.47963058948516846
guided,COc1ccc(C(=O)N2CCCCCC2)cc1OC1CCN(C(C)=O)CC1,-3.013658046722412
guided,C[c-]1[cH+][cH-][c+](-[c-]2[n-][n-]n(C[C+]([O-])N[c+]3[cH+][cH-][c+]4o[cH-][nH][c+]4[cH+]3)[n-]2)o1,-0.23939205706119537
guided,NCC(=O)N[C@@H]1CCCN(Cc2ccccn2)C1,-1.3466401100158691
guided,C/C(=N\NC(=O)CN1CCN(c2ccccc2F)CC1)c1ccc(Cl)s1,-4.232416152954102
guided,O=C(Cn1cccc1C(=O)c1ccccc1)N/N=[C-]/C=C\c1ccco1.[H+],-1.4728230237960815
guided,CC[C-]([O-])N1[N-][C+]([c+]2[cH-][cH+][cH-]s2)C([c+]2[cH-][cH+][c-](OC)[cH+][cH-]2)C1[c+]1[cH-][cH+][c-](F)[cH+][cH-]1.[H+],-5.699252605438232
guided,S=C(NCCOc1ccccc1Cl)NCCc1ccccc1,-6.604166030883789
guided,CCC(=O)OCc1c(C(=O)N2CCN(Cc3ccccc3)CC2)c2ccccc2n1C,-3.6148464679718018
guided,O=C(CCN1CCN(c2cccc(Cl)c2)CC1)N1CCCC1,-7.277342796325684
guided,FC(F)(F)c1cccc(Sc2cc(C(F)(F)F)nc(-c3ccccn3)n2)c1,-7.784295558929443
guided,CN1[C+]2[CH+]N(n3[cH+][cH+][cH-][cH+][cH-]3)[CH-][C+]2[C-]([O-])N(C)[C-]1[O-],-2.249857187271118
guided,C=C(C)[C@H]1C/C(=C/C=C2\C=C(C#N)C(=O)OC2)N[C@H](C)C1,-2.6482789516448975
guided,[CH2][C](CO)CC[CH+]C[CH][C]1[C][N][NH+][C]([O])[CH-]1,-1.7143398523330688
guided,O=C(/C=C(/c1ccc(S(=O)(=O)N2CCOCC2)cc1)C1CCCCC1)N1CCCC1,-2.4316093921661377
guided,Cc1cccc(C)c1NC(=O)Cn1c(=O)oc2ccccc21,-2.2411701679229736
guided,COc1cccc2sc(Nc3nc4c(c(=O)n(C)c(=O)n4C)n3C)nc12,-0.2683856189250946
guided,COc1cccc(-c2cnc[nH]2)c1,-5.308566570281982
guided,N/C=N/N=C(/N/N=C/c1ccc(O)cc1)Nc1ccc(Cl)cc1,-0.5963253974914551
guided,COc1ccc(-n2c(SCC(=O)Nc3ccc(C(C)=O)cc3)nc(O)c(Cc3ccccc3)c2=O)cc1,-1.7393277883529663
guided,COc1cccc(-c2nc3ccccc3[nH]2)c1,-5.71435546875
guided,COc1cc(OC)c(OC)cc1/C=N/Nc1cccc2ccccc12,-4.483384609222412
guided,[CH2-]C(C)(C)[c+]1[cH-][c+](OC)[cH-][cH+][c-]1OCCCC(O)CC(OC)OC,-3.314943313598633
guided,CCOC(CNC(=O)c1nc2ncccc2n1C)OCC,-0.8783929347991943
guided,CCOc1ccc(CN2CCN(c3ccc([N+](=O)[O-])cc3)CC2)cc1Cl,-3.480539560317993
guided,Cc1ccc(Oc2ccc(-c3nnc(NC(=O)Cc4ccc(F)cc4)s3)cc2OCC(=O)O)cc1,-2.3647868633270264
guided,CCC(=O)Nc1c(Cl)cccc1C#N,-3.446786880493164
guided,C/C(NC1CCCC1)=C(/C#N)c1nc2ccccc2[nH]1,-2.601059913635254
guided,O=C(NCc1ccccc1F)NC1(C(=O)O)CCCCC1,-1.2142595052719116
guided,Cc1ccc(-c2ccc(SCC(=O)N3CCCC3)nn2)cc1C,-4.6986083984375
guided,Nc1cc(=O)[nH]c(SCC(=O)Nc2cccc(Cl)c2)n1,-0.3585548996925354
guided,CN(CC(=O)NC1CCCCC1)S(=O)(=O)c1ccccc1,-1.8027801513671875
guided,O=C(NNC(=O)c1sccc1-n1cccc1)c1cccnc1,-1.1519036293029785
guided,COc1ccccc1OCCOCCOc1ccc(Cl)cc1C,-6.472376346588135
guided,Cc1c2c([nH]c(=O)c1/N=N/c1ccccc1)CCC2,-3.4271185398101807
guided,[O-][S@+](C1CCCCC1)N1CCCCCC1,-7.750800132751465
guided,CCOc1ccccc1NC(=O)CCS(=O)(=O)c1ccc(Br)cc1,-2.066180944442749
guided,O=c1c2ccccc2ncn1CCCCOc1ccccc1Br,-5.282702922821045
guided,CCOCCCS(=O)(=O)c1cc2c(cc1C)NC(=O)CO2,-0.7678411602973938
guided,CCN(CC)C(=O)COc1ccc(Br)cc1,-6.932862758636475
guided,N#Cc1ccc(CCN2CCNC2=O)cc1,-2.792165994644165
guided,[H]/N=C1\NC(=O)c2c(n[c-]n(-c3cccs3)c2=[NH2+])[C@H]1Cc1ccccc1,-0.28856953978538513
guided,O=c1[nH]cnc(O)c1/C=C/CC1CC1,-1.9565290212631226
guided,CO[C]1[CH][CH][C](N[C+]([O])CS[C]2[N][N][C]3[C]([N]2)N[C]2[CH][CH][CH][CH][C]23)[CH][C]1N[C]([O])CO[C]1[CH][CH][CH][CH][C]1N([O-])[O-],-0.5793684124946594
guided,COc1cccc(N(CC(=O)NCc2cc(OC)c(OC)c(OC)c2)S(C)(=O)=O)c1,-0.34068596363067627
guided,COCCOCCn1ccc(=O)c2ccccc21,-4.750088691711426
guided,Nc1ccc2nc(CN3CCN(C(=S)Nc4ccc(F)cc4)CC3)[nH]c2c1,-1.5872583389282227
guided,COc1cc(S(=O)(=O)n2ccc(C)n2)c(OC)cc1Cl,-1.5620718002319336
guided,NNC(=O)[C@@H]1CC1(c1ccccc1)c1ccccc1,-2.957705020904541
guided,CO[C-]1[CH+][C-]([C+]2[CH+]C23[C+]2[C-]3C23[C+]([O-])[N-][C+]([S-])N(C)[C+]3[O-])[CH+][C]C1OC,-0.8894672989845276
guided,C[C-]1[N-][C+]2[c-]3[c+]([n-][c+](N4CCOCC4)[c-]4[c+]3CCCC4)SC2N1C[c+]1[cH-][cH+][cH-]s1.[CH2].[H+],-6.081760406494141
guided,COc1cc2[nH]c(=O)c(CCN3C[C@H](C)C[C@H](C)C3)cc2cc1OC(C)=O,-1.795140266418457
guided,CC[C-]([O-])[C+]1[CH+][C-](C)[C+]([O-])N([c+]2[cH-][cH+][c-]3[c+]([cH-]2)CCO3)[C+]1[N-][c+]1[cH-][cH+][cH-][cH+][c-]1Cl,-2.1987831592559814
guided,CCOC(=O)/C=C(\C=C\c1cccs1)c1nc2ccccc2c(=O)n1Cc1ccco1,-2.785494089126587
guided,CC(C)CC(=O)Nc1ccc(S(=O)(=O)NCCSCc2ccco2)cc1,-1.1943073272705078
guided,COCCOc1ccccc1NC(=O)/C=C\c1cccnc1,-2.529940366744995
guided,O=C(O)/C=C/C(=O)NCCCCCCCCCc1cccs1,-2.7429487705230713
guided,CCCN(CCC)CCCC1=Cc2c(Cl)cc(C)nc2C1=O,-7.530582427978516
guided,[CH][CH+][C+]1[N-]O[C-](CC[c-]2[cH+][c-](Cl)[cH+][cH-][c+]2C[c-]2[cH+][cH+][c+](OCCCCN3CCOCC3)[n-][n-]2)[N-]1,-1.965948462486267
guided,COc1ccc(C(=O)NC2CC2)cc1OC1CCN(Cc2ccc(F)c(F)c2)CC1,-4.3487091064453125
guided,COC(=O)[C@@](O)(CC(=O)Nc1ccc(OC)c(S(=O)(=O)N2CCCCC2)c1)C(F)(F)F,-0.38457024097442627
guided,Cc1ccc2cc3c(nc2c1)CCCC3,-10.585882186889648
guided,CCO[C-]([O-])[C+]1[C+]([S+2]([O-])([O-])N2CCC([C-]([O-])OCC)CC2)[CH+][CH-][CH+][C-]1[C-]([O-])[N-][C+]1S[CH+][CH+]N1CC.[H+],-0.5253551006317139
guided,CCC1(CC)C(=O)NC(=O)NC1=O,-1.2539862394332886
guided,NC(=O)c1ccccc1NS(=O)(=O)c1ccc(F)cc1,-0.5188280344009399
guided,C[C@@H](F)Oc1ccc(F)cc1/C=C/c1nc2ccccc2c(=O)o1,-4.37326192855835
guided,CN(C)CCCn1c(-c2ccccc2)nc(=S)c2c1CCCC2,-9.254005432128906
guided,CCC[N-][c+]1[c-]2[c+]([n-][c+]3n1[N-][N-][N-]3)CCCC2.[CH2].[H+],-2.409748077392578
guided,O=C(c1cccc(C(F)(F)F)c1)[C@H]1CCCN(Cc2cccn2-c2ccccn2)C1,-7.022418022155762
guided,CCC[S+2]([O-])([O-])[c+]1[n-][c+]2[c+](o[c-]1C)n(C)[c-]([O-])[c-]2[CH+][c-]1[cH+][cH-][cH+]o1,-0.41063570976257324
guided,COc1ccccc1C(=O)CSc1nc2ccccc2s1,-6.187929630279541
guided,Cc1sc2ncnc(SCC(=O)N3CCN(C(=O)c4ccco4)CC3)c2c1C,-1.2847529649734497
guided,COc1ccc(S(=O)(=O)N2CCN=C2c2ccccc2)cc1O,-0.9024383425712585
guided,CCOc1ccc(C(=O)NCc2ccccn2)cc1,-3.4926812648773193
guided,CCCCN1C[C@@H](CN(CC)CC)[C@H](Cc2ccccc2)C1=O,-8.401725769042969
guided,COc1ccc(Nc2ccccc2)c(C(=O)Nc2cc(C)nn2-c2ccccc2)c1,-3.7009236812591553
guided,O=S(=O)(N1CCOCC1)N1CCCN(S(=O)(=O)N2CCOCC2)CC1,-0.5361075401306152
guided,[CH2][C](O)C[CH][CH+]CC1CC[C]([CH][C]2[CH][CH][C](N([O-])[O-])[CH][CH]2)[C]1[O],-1.3630834817886353
guided,CC(=O)C1=CC=C(N2C(=O)c3ccc(Br)cc3C2=O)/C1=C\C(=O)n1nc(C)cc1C,-1.3036925792694092
guided,[O][C](O)[CH][CH][C]([O])N[C]([C][C]([O])[C-]1[CH][CH][CH][S+]1)[S+]C[C]1[CH][CH][CH][C]2[CH][CH][CH][CH][C]21,-0.8312392830848694
guided,O=[C+](Nc1ccc(Br)cc1)N(N[C][O-])C1CCCCC1,-1.9433715343475342
guided,COc1ccccc1[C@]12CCCC[C@H]1CO[C@@H](OC(=O)Cc1ccccc1)C2,-5.7525529861450195
guided,[CH2-]N1[C+](SC[C-]([O-])NC(C)[c-]2[cH+][cH-][cH+][cH-][cH+]2)[N-][C+]2[CH+][CH-][CH+][C][C+]21.[H+],-3.534848213195801
guided,COc1ccccc1NC(=O)CN1CCC(NC(=O)C2CCCCC2)CC1,-1.7469196319580078
guided,CCOC(=O)[C@H](Cc1ccc(NC(C)=O)cc1)N1C(=O)c2ccccc2C1=O,-0.5685912370681763
guided,C=C1[C-](C(=O)/N=C\c2ccccc2OC(C)C)C[S+]=c2nc3c(c(=O)n21)=[S+]c1ccccc1-3.[C-]1=C[CH-]C=CC1.[H+],-3.1912143230438232
guided,CCCOc1ccccc1[C@H]1NC(=S)NC(C)=C1C(=O)Nc1ccc(C)c(C)c1,-3.5631039142608643
guided,[H+].[H+].[H+].[O-][C-]1OC2CN2[c-]2[c+](-[c+]3[cH-][c+]4[cH-][cH+][cH-][cH+][c-]4o3)[n-]s[c+]21,-2.1153953075408936
guided,O=c1ccc2c(Oc3nc(N4CCOCC4)nc(N4CCOCC4)n3)cc(Cl)cc2o1,-0.44927772879600525
guided,O=S1(=O)CCN(C2CCCCC2)CC1,-5.365961074829102
guided,O=c1c2c(n[c-]n1CN[C@H]1CCCOC1)N=CC2.[H+],-1.639142394065857
guided,O=c1[nH]c(C2CCN(S(=O)(=O)c3cccc4ccccc34)CC2)nc2c1nnn2Cc1ccc(F)cc1,-0.9977091550827026
guided,O=C(CSc1nnc(-c2ccccc2)o1)c1cccc(C(F)(F)F)c1,-4.442538738250732
guided,c1ccc2c(c1)CC[C@H](CN[C@@H](CCC1CCCCC1)C[C@@H]1CCCCO1)C2,-11.375268936157227
guided,NC(=O)c1c[nH]c2ccccc12,-2.510417938232422
guided,NC(=O)N[C@H](Cc1ccc(F)cc1)C(=O)NCCc1ccc(F)cc1,-0.7495772838592529
guided,[NH-][C-]([SH2+])[c+]1[cH-]n(C[c+]2[cH-][cH+][cH-][cH+][cH-]2)[c+]2[cH-][cH+][cH-][cH+][c-]12,-7.448802471160889
guided,Nn1c(Cc2cccc3ccccc23)nnc1SCC(=O)c1ccc2ccccc2c1,-2.9995179176330566
guided,NS(=O)(=O)c1cccc(NC(=O)Cn2nc(C(=O)O)c3ccccc3c2=O)c1,-0.2672804594039917
guided,O=C(NCc1ccncc1)[C@@H]1CCCN(S(=O)(=O)c2cccs2)C1,-0.9116796255111694
guided,NC(=O)/C=C1\C(=O)N(Cc2ccc(Cl)cc2)C[C@@H]1c1ccccc1,-2.4005420207977295
guided,Clc1ccc(OCCCNCCCC2CCCC2)cc1Cl,-10.472159385681152
guided,NC(=O)COC(=O)c1ccccc1-n1cccc1,-1.116897702217102
guided,CC1=C/C(=C(\[O-])N/N=C/c2cccnc2)C=[S+]1,-2.3433687686920166
guided,CC[CH-]CC/[N+](=C/c1ccccn1)C(=O)COC(=O)c1ccc(N2CCCC2)c([N+](=O)[O-])c1,-1.0211948156356812
guided,COC(C/C=C\[C@H](O)COCc1ccccc1)OC,-3.867166042327881
guided,Cc1ccc2nc(-c3n[nH]c(=O)c4ccccc34)cn2c1,-2.2869009971618652
guided,N/C(=N\OC(=O)[C@@H]1COc2ccccc2O1)c1cccnc1,-0.28964123129844666
guided,CC(=O)Oc1ccc(NC(=O)[C@H]2Cc3cc(S(=O)(=O)N4CCCCC4)ccc3N2C(C)=O)c(C)c1,-0.8058485388755798
guided,N#C/C(=C\Nc1ccccc1SC(F)(F)F)C(=O)NCc1ccco1,-2.0018999576568604
guided,COc1ccc(N2CCN(S(=O)(=O)c3ccc(C(C)(C)C)cc3)CC2)cc1,-4.182892322540283
guided,COC1=C(OC)[C-](OC)/C(=C/N2CCCC2)C(/N=C/c2ccc(F)cc2)=C1.[H+],-5.443706512451172
guided,CN1CCN(S(C)(=O)=O)CC1,-4.867353439331055
guided,Cc1ccc([C@H](C)c2c(C)c([N+](=O)[O-])cc(C)c2[N+](=O)[O-])cn1,-1.4821395874023438
guided,CN(Cc1ccccc1NC(=O)c1ccc(Br)o1)C1CCCCC1,-6.044519901275635
guided,N[C@@H](CCNC(=O)c1ccccc1SCC/C=C\C1CC1)Cc1ccccc1,-4.612678050994873
guided,Nn1c(SCC(=O)Nc2cccc3ccccc23)nnc1C(F)(F)F,-0.9461763501167297
guided,CCOC(=O)N1CCN(CC(=O)Nc2ccc([N+](=O)[O-])cc2C(=O)c2ccc(F)cc2)CC1,-0.620785653591156
guided,O=C(CCCO)NNc1c2ccccc2nc2ccccc12,-1.419304609298706
guided,CCO/N=C/c1ccccc1OCc1ccccc1,-7.1515727043151855
guided,CNC(=O)Nc1cccc2ccccc12,-4.954489707946777
guided,[O-][S+2]1(C[c+]2[cH-][cH+][cH-][cH+][cH-]2)NCC[C-]2[CH-][CH+][CH-][CH+][C-]21,-5.8555827140808105
guided,NNC(=O)c1cc2cc(Oc3cccs3)ccc2[nH]1,-1.1424576044082642
guided,O=C(NCCO)/C(=C\C=C\c1ccc2c(c1)OCO2)NC(=O)c1cccs1,-0.3934202492237091
guided,Brc1ccc(/C=N/N2CCCCC2)cc1,-9.970746040344238
guided,NS(=O)(=O)c1ccc(NC(=O)N2CCOCC2)cc1,-0.33713850378990173
guided,CCC(CC[CH+][CH+][CH-][CH+]CCC(C)(C)C[CH-]CC(C)C)[C-]([O-])O,-6.914506435394287
guided,CC(C)S(=O)(=O)N1CCC(C(=O)NCC2(N(C)C)CCCCC2)CC1,-1.6808465719223022
guided,c1cncc(CNCc2ccco2)c1,-5.2753496170043945
guided,Cc1ccc(N[C@@H]2c3ncccc3C(=O)N2c2ccccc2)cc1S(=O)(=O)N1CCOCC1,-0.916030764579773
guided,COc1cccc(OC(=O)c2ccccc2OC(=O)c2cccs2)c1,-3.3315258026123047
guided,O=C1C(=O)c2ccccc2C(=O)/C1=C(/O)c1cccc(OCc2c(Cl)cccc2Cl)c1,-3.2711429595947266
guided,NC(=O)Cc1cc2c(cc1[N+](=O)[O-])OCO2,-0.4082885980606079
guided,CN1CCN(CCNC(=O)Cn2c3c(c4ccccc42)CCCC3)CC1,-4.786954402923584
guided,O=C(O)C(Cc1c[nH]c2ccccc12)C(=O)O,-0.5461344718933105
guided,O=C(NCCCN1CCOCC1)c1nc2ccccc2nc1CC[C@]1(Cc2ccccc2)C(=O)NC(=O)N(c2ccc(Br)cc2)C1=O,-1.6056771278381348
guided,O=S(=O)(c1cccc2cccnc12)N1CCN(c2ccc(F)cc2)CC1,-3.377786874771118
guided,CN(C)c1ccc(/C=C2/NC(=O)N(c3cccc(C(F)(F)F)c3)C2=O)cc1,-4.101436138153076
guided,CNC(=O)C(=O)NCCc1cccc(C(F)(F)F)c1,-2.579606056213379
guided,COc1ccc(C(=O)NNC(=O)C2(c3ccccc3)CCCC2)cc1,-2.068551540374756
guided,[O-]N([O-])[C]1[N][CH]N(O)[C]1S[C+]1[CH][CH][CH][CH][N]1,-0.510768473148346
guided,O=C(CCCSc1ccccc1)NC[C@@H]1CCCO1,-5.484367370605469
guided,COC[C@H](C)N(NC(=O)c1ccco1)c1nc(Cl)nc(NC(C)C)n1,-0.4635884761810303
guided,S=c1[nH]nc(COc2cccc(Cl)c2)o1,-3.8697338104248047
guided,CCCCCC(=O)NC(C(=O)OC)C(=O)OC,-0.8590329885482788
guided,CC(=O)c1cccc(OC[C@@H](O)CN2CCOCC2)c1,-2.40385103225708
guided,[CH2-]CC[N-]CCCNC(=O)C1=CC2=CC(Br)=C/C(=[O+]\C)C2=[O+]C1=O,-0.9260574579238892
guided,CN(C[C@H](CC1CCCCC1)N(C[C@H](Cc1ccccc1)N(CCc1ccccc1)N=O)N=O)N=O,-3.188823938369751
guided,NC(=O)CS(=O)(=O)c1nc(-c2ccc(Br)cc2)c(-c2ccccc2)o1,-0.7781445384025574
guided,N#CN/C(=N/c1cc(F)cc(F)c1)S[C@@](O)(c1ccccc1)c1cccc(F)c1,-3.3604557514190674
guided,N#C[C@H](c1cccc(Cl)c1)c1nc2ccccc2c2ccccc12,-8.049510955810547
guided,O=C(N/N=C\c1ccc(CO)cc1)[C@]12C[C@H]3C[C@H](C[C@H](C3)C1)C2,-2.6456546783447266
guided,Fc1ccc(-n2c(SCCN3CCOCC3)nnc2-c2cccs2)c(F)c1,-5.2247443199157715
guided,CCn1c(CNc2ccc(Cl)cc2)nnc1SCC(C)C,-5.806703090667725
guided,O=S(=O)(c1ccc(S(=O)(=O)N2CCC[C@@H](c3ccccc3)C2)cc1)N1CCCC1,-1.627563238143921
guided,CCOCCCNC[C@H](O)c1ccccc1,-4.718411445617676
guided,COc1ccc(C(=O)NCc2ccco2)cc1,-3.416175127029419
guided,CS(=O)(=O)CCN(C(=O)Cn1c(=O)c(C(=O)C#Cc2ccccc2)c(O)c2ccccc21)c1ccccc1,-0.7595479488372803
guided,OCCNc1ccccc1NCc1ccccc1,-4.59047794342041
guided,Cc1ccc(S(=O)(=O)n2nccc2[C@@H](C)OC(=O)Nc2cccc([N+](=O)[O-])c2)cc1,-1.1612465381622314
guided,O=C(Nc1ccc(S(=O)(=O)N2CCOCC2)cc1)c1cc(S(=O)(=O)N2CCOCC2)ccc1Cl,-0.3651825487613678
guided,C[C@@H](C(=O)NC1=NCCS1)n1cc(Br)cn1,-2.505524158477783
guided,CCCCOc1ccccc1/C=N/NC(=O)[C@@H](C)Oc1ccc(Cl)cc1,-3.7461416721343994
guided,CC[S+2]([O-])([O-])[c-]1[n-]n2[c+]([NH-])[c+]([CH+][CH-][c+]3[cH-][cH+][c-](O[C+]([O-])[c+]4[cH-][cH+][cH-]o4)[c+](OC)[cH-]3)[c+]([O-])[n-][c+]-2s1,-0.35493752360343933
guided,O=C1OC2(CCCCC2)C/C1=C(/O)c1ccc2c(c1)OCO2,-2.5818331241607666
guided,COc1cc(C(=O)/C=C/c2cnn(C)c2)c(OC)c2ccccc12,-3.7043497562408447
guided,O=S(=O)(c1ccc(Cl)cc1)N1CCN(C[C@H]2CC=CCC2)CC1,-5.269747257232666
guided,CCOc1ncccc1C(=O)Nc1ccccc1NC(=O)CNC(C)=O,-0.32543128728866577
guided,COCC(=O)N/N=C(\C)CC(=O)NCc1ccccc1,-0.8317446112632751
guided,O=C(Cc1ccccc1)c1ccc2c(c1)OCCO2,-5.919915199279785
guided,COc1cc2c(CN3CCN(Cc4ccccc4)CC3)cc(=O)oc2cc1O,-2.083962917327881
guided,Cc1cc(C)nc(N2CCC(C(=O)Nc3ccc(OC(F)F)cc3)CC2)n1,-2.394742012023926
guided,O=C(N/N=C/c1cn(-c2ccccc2)nc1-c1cccs1)c1cc([N+](=O)[O-])cc([N+](=O)[O-])c1,-1.5371853113174438
guided,O=C(COC(=O)c1n[nH]c2ccccc12)NC(=O)NCCSc1ccccc1,-0.48989129066467285
guided,C/C(=N\NS(=O)(=O)c1cccc(NC(=O)C(F)(F)F)c1)c1ccc(C)o1,-0.6991379857063293
guided,C[C-](C)[C+]1CC[C+]([CH+][CH-][c+]2[cH-][cH+][cH-][cH+][cH-]2)N(C[C-]([O-])N(C)CCO)C1,-3.644458055496216
guided,N#Cc1ccc(Cc2ccc(CN3CC[C@H](c4ccc(C(F)(F)F)cc4)C3)cc2)cc1,-10.2845458984375
guided,O=C(Nc1ccc2c(c1)CCC2)[C@@H]1C[C@@H]1CCc1nc2ccccc2[nH]1,-3.799210786819458
guided,CCS/[C-]=C/C=C\[C]/[C+](=C/C(=O)O)Cc1ccc2ccccc2n1,-4.889991283416748
guided,COc1ccc2nc(N)nc(-c3ccccc3)c2c1,-2.5521976947784424
guided,O=C(O)c1ccc(COc2ccccc2F)o1,-2.7314062118530273
guided,C/C(=N\NC(=O)COc1ccc(C)cc1)c1cccc([N+](=O)[O-])c1,-0.7553571462631226
guided,COC(=O)[C@H](C)Nc1ccc2ccccc2c1,-5.449612617492676
guided,COC[CH-]N([CH+][c-]1[c+](O)[cH-][cH+][c-]2[cH+][cH-][cH+][cH-][c+]12)[C+]([O-])N[c+]1[cH-][cH+][c-](OC)[cH+][cH-]1.[H+],-1.4678112268447876
guided,O=C(NNS(=O)(=O)c1ccc(C2=NCCS2)cc1)c1cccc(S(=O)(=O)N2CCCC2)c1,-0.35874903202056885
guided,Cc1nn(C)c(=O)c2nn(S(=O)(=O)c3ccccc3)c(C)c12,-0.5146337151527405
guided,COCCCNC[C@H]1[C@@H](Oc2ccc(Cl)cc2)C(=O)N1CCc1ccccc1,-3.8789637088775635
guided,COc1ccccc1NC(=O)N1CCC(C(=O)c2ccc(F)cc2)CC1,-3.4569528102874756
guided,CCOC(=O)[C@H]1[C@H](c2ccccc2C)NC(=S)N[C@]1(C)O,-1.4573560953140259
guided,CCc1cc(Br)cc(SC)c1,-13.86038875579834
guided,Cc1ccccc1OCCCN(C)CC(=O)Nc1ccccc1N1CCOCC1,-3.420820951461792
guided,CCCNc1cc(COC)nc(-c2cccnc2)n1,-2.6101233959198
guided,CCOc1cc(-c2noc(-c3ccoc3SC)n2)cc(OCC)c1OCC,-2.679321527481079
guided,COCC(C)N[C-]([O-])C1C[C+]([O-])N([C+]2[CH+][CH-][CH+][CH-][C+]2[C][O-])C1,-0.5039340257644653
guided,CN1N=C[C]/C1=C(/[O-])N(C)[C+]1=N[C-](c2ccccc2)C=[S+]1,-2.9545111656188965
guided,CCOC(CNC(=O)C(=O)Nc1ccc(NC(C)=O)cc1)OCC,-0.3305455446243286
guided,COc1ccccc1OCCCCN1CCNCC1,-5.842861175537109
guided,COc1ccc(-n2c(SCc3ccccc3)nnc2-c2ccoc2C)cc1OC,-4.142393589019775
guided,CCO[C]1[CH][C]([CH+][N]N[C]([O])[C]2[CH][CH][N][CH][CH]2)[CH][CH][C]1O[C]([O])[C]1[CH][CH][C](N([O-])[O-])[CH][CH]1,-0.625359058380127
guided,NC(=O)CCc1ccc2ccc([N+](=O)[O-])cc2n1,-0.36052757501602173
guided,C=CC[C@]1(C)CN=C(c2ccc(OC(F)F)cc2)S1,-9.24748706817627
guided,CCOCC1(CC[C+]([O-])OCCN2CCCC2)[CH-]C(C)N[C+]1[O-],-0.9682913422584534
guided,O=Cc1ccc(C(=O)OCC(=O)NC(=O)NCc2ccco2)o1,-0.31753072142601013
guided,O=S(=O)(c1ccc2c(c1)OCCO2)N1CCOCC1,-1.8890862464904785
guided,Fc1ccc(N[C@H](c2ccccc2)c2nnnn2C2CCCCC2)cc1,-4.318935394287109
guided,CNCCOCO[C-]1[CH+]O[C-](C(O)CO)C(O)C(O)CO1,-0.5148097276687622
guided,O=C(CCC(=O)NC1CCCCC1)N/N=C/c1ccc[nH]1,-0.7052549123764038
guided,CCN(CC)CCN(C(=O)c1ccc2ccccc2c1)c1nc2c(OC)cccc2s1,-6.36154317855835
guided,Fc1ccc(/C=N/Nc2ccccn2)cc1,-5.613049507141113
guided,NS(=O)(=O)c1ccc(S(=O)(=O)Nc2ccsc2)cc1,-0.31825363636016846
guided,C/C(O)=[N+]1\CCc2cc([S@](#[O+])([O-])N[C]C(=O)/[NH+]=[C-]\c3c#c[c-]c4c3C=C[CH+]=[C-]4)c#cc21,-0.37582769989967346
guided,O=C(C[C@H](CN1CCCCC1)C(=O)O)c1ccc(F)cc1,-2.9199326038360596
guided,COc1ccc(/C=C/C(=O)Nc2ccccc2C(=O)O)cc1COc1cccc2ccccc12,-3.3617663383483887
guided,O=C(/C=C/c1ccc2c(c1)OCO2)N/N=C/c1cn(-c2ccccc2)nc1-c1cccs1,-2.361710548400879
guided,O=C(c1n[nH]c2ccccc12)N(Cc1ccc(-c2ccc(F)cc2)o1)C1CCCCC1,-5.084747791290283
guided,COC(OC)[C@@H](NS(=O)(=O)c1ccc2c(c1)oc(=O)n2C)C(=O)N[C@@H](C)c1ccccc1,-0.2352931648492813
guided,O=C(C1=NN(c2ccccc2)[C@H]2C(=O)N(Cc3ccccc3)C(=O)[C@@H]12)c1ccccc1,-2.063333034515381
guided,NNC(=O)Cn1nnc(-c2cccs2)n1,-0.4083758294582367
guided,CN(CCCCCC(=O)NO)CCCCOc1ccc(OC(F)F)cc1,-2.0994198322296143
guided,NNc1nc(NCCCN2CCOCC2)nc2c1cnn2Cc1ccccc1Cl,-0.38527143001556396
guided,C[C@@H](OC(=O)c1ccc2c(c1)S(=O)(=O)c1ccccc1C2=O)C(=O)NC[C@H]1CCCO1,-0.39464685320854187
guided,S=C(Nc1ccc(N2CCOCC2)cc1)Nc1ccc2nccnc2c1,-2.674025535583496
guided,COc1ccc(Cc2ccc3ccccc3c2)cc1Cc1cc(=O)cc(C)o1,-7.144916534423828
guided,Cc1ccc(S(C)(=O)=O)cc1NC(=O)CSc1nnc(-c2cccnc2)n1N,-0.26836150884628296
guided,COc1cc(/C=N\NC(=O)OC(C)(C)C)cc(Cl)c1OCC(N)=O,-0.47946909070014954
guided,O=S(=O)(c1ccc2ccccc2c1)N1CCN(Cc2ccccc2)CC1,-5.353025913238525
guided,C=C[C@@](C)(O)CCOC(O)(c1ccccc1)c1ccccc1,-4.0842156410217285
guided,O=c1[nH]c2ccc(OC3OCCCO3)cc2cc1Cn1ccc(=O)n(-c2ccc(F)cc2)c1=O,-0.44505104422569275
guided,FC(F)O[c-]1[cH+][cH-][c+](C[C][C][C+]2[CH+][N-][C+]([c-]3[cH+][cH-][cH+][cH-][cH+]3)S2)[cH-][cH+]1.[H+],-10.131505966186523
guided,[CH2-]CCN(C#[S+])[C@H](c1ccccc1)c1nnn(C[C@H]2CCCO2)n1,-2.8374557495117188
guided,CC(=O)c1cccc(CC[C@@H](C)C(=O)O)c1,-3.2921884059906006
guided,O=C1/C(=C/c2cc[c-]cc2)SC(=S)N1[C@H]1CC[C@H](C(=O)c2cccnc2)CC1.[H+],-5.020916938781738
guided,C/[S+]=C1\C=CC=C\C1=C(/[O-])NC(=S)N(C)C1CCCCC1,-5.352097988128662
guided,NCCC(=O)O,-2.407682180404663
guided,N/C(CCn1c(=O)oc2ccccc21)=N/O,-0.37008827924728394
guided,C[CH-]OCCCN1[C+]([O-])[c+]2[cH-][cH+][c-]([S+2]([O-])([O-])N(C)[c+]3[cH-][cH+][cH-][cH+][cH-]3)[cH+][c-]2[C+]1[O-],-0.2609510123729706
guided,C[c-]1[cH+][cH-][cH+][c-](C(C[C+]([O-])O)N[C-]([O-])C2[CH+][CH+][CH-]CC2)[cH+]1,-0.9691333770751953
guided,CCOc1cc(N2CCCCC2)c(C)nn1,-5.336655139923096
guided,Cc1ccc(SCCN2CCN(C)CCC2=O)cc1,-7.808369159698486
guided,CNCC(=O)N1CCN(c2ccccn2)CC1,-3.648501396179199
guided,CCO[c+]1[cH-][c+]2[c-]([cH+][c-]1OCC)[C+]([O-])[C+](N)C2[C-]1[C+](O)[N-][C+](SC)N[C-]1[O-],-0.37457484006881714
guided,CCc1cc(=O)oc2cccc(OCC(=O)N3CCC(c4nc5ccccc5o4)CC3)c12,-1.8060321807861328
guided,O=C1/C(=C2\C(O)=Nc3ccccc32)SC(=S)N1CCCS(=O)(=O)O,-0.5118580460548401
guided,CN(C)c1ccc(CNC[C@@H]2CCCO2)cc1,-7.596405506134033
guided,CO[C][C+]([C+](C)[O-])[c-]1[c+]([O-])[c+]([O-])[c-]2[c+](C)[cH-][cH+][c-]2[c+]1[O-],-0.34848931431770325
guided,CO[C+]([O-])CCCO[CH+][C][C]C12[CH+]CC(CC1)[C-](C)N2[O-].[H+].[H+],-1.9241032600402832
guided,CN(C1CCCCC1)S(=O)(=O)c1ccc2[nH]c(=O)ccc2c1,-1.7137385606765747
guided,Cc1oc(-c2ccccc2)nc1CN1CCC(C(=O)NC2CCCC2)CC1,-3.495425224304199
guided,CN(C)[C@@H](Cc1c[nH]c2ccccc12)c1cccnc1,-6.776001453399658
guided,CCOC(=O)[C@@H]1CCCN(C(=O)c2cccc3ccccc23)C1,-4.471593856811523
guided,CO[C@H](C(=O)N/N=C/C1=C(N2CCOCC2)/C(=C\c2ccccn2)CC1)c1ccccc1,-1.641438364982605
guided,COc1cc(S(=O)(=O)N2CCOCC2)c(OC)cc1Br,-1.8957569599151611
guided,COCCNC(=O)[C@@H](c1ccc(O)cc1)N(C(=O)CCC(=O)Nc1nccs1)c1ccc(C)cc1,-0.9788880944252014
guided,Nc1cn(-c2ccc3c(c2)OCCO3)nn1,-1.1301676034927368
guided,CCOC(=O)C[C@H](NC(=O)c1ccccc1F)c1ccccc1,-3.417513370513916
guided,COc1ccc2c(c1)[s+]c(N/[C-]=C1/CCCC(C)(C)CC1=O)n2CCC1=CCCCC1,-9.058029174804688
guided,CN(Cc1ccc(F)cc1)c1nc2c(c(=O)[nH]c(=O)n2C)n1Cc1ccccc1,-1.171465277671814
guided,CCOc1ccccc1/C=C1\S/C(=N\S(=O)(=O)c2ccc(C)cc2)NC1=O,-1.230991005897522
guided,O=S(=O)(c1ccccc1)c1nc(-c2ccccc2Cl)oc1NCc1ccccc1,-3.709449291229248
guided,C/C(=N\NC(=O)Cc1ccccc1)c1ccc(Cl)s1,-5.362117290496826
guided,N/C(=N\OC(=O)c1ccccc1C(F)(F)F)c1cccc(F)c1,-2.5780038833618164
guided,COc1c(C(=O)n2nc(C)cc2C)n[nH]c1-c1cccs1,-1.570969581604004
guided,COCCNC(=O)[C@@H](C)N(C(=O)Cc1ccco1)c1ccc2ccccc2c1,-1.7973116636276245
guided,CCOc1cc(S(=O)(=O)NCCc2ccc(OC)c(OC)c2)c(OCC)cc1-n1cnnn1,-0.3951285481452942
guided,CN(CC(=O)Nc1ccccc1Br)Cc1nc2ccccc2c(=O)[nH]1,-1.19497811794281
guided,CCc1ccccc1/N=C/c1cc(OC)c(-c2ccc(N3CCOCC3)c(OC)c2)o1,-4.703381061553955
guided,Fc1ccc(-c2n[nH]c3c2CCC3)cc1,-7.144400596618652
guided,CCOC(=O)NS(=O)(=O)c1cc2c3c(c1)[C@@H](C)C(=O)N3CCC2,-0.4890739619731903
guided,S=C1CCCN1CC1CCN(Cc2ccccc2)CC1,-11.943814277648926
guided,CC1=C(C)/C(=C(/N)[O-])C(NC(=O)c2ccc(C(=O)c3ccccc3C)cc2)=[S+]1,-0.43034201860427856
guided,CSc1nnc(-c2ccc(NC(=O)COc3ccccc3)cc2)o1,-1.6283254623413086
guided,CC(C)Nc1nc2c(c(=O)n(C)c(=O)n2C)n1Cc1ccccc1,-1.1478971242904663
guided,COC(C[C@@H](O)CCCOc1ccccc1)OC,-3.8865487575531006
guided,Cn1c(=O)c(=O)n(C)c2cc(S(=O)(=O)N3CCC(c4ccccc4)CC3)ccc21,-0.7649921178817749
guided,[CH2+]NCC1C[C-]1[C+]1[C][CH+][C-](C)[CH+][CH-]1.[H+],-10.350019454956055
guided,Cc1ccc(-c2c[s+]c3nc4cc/c(=C(/[O-])NC5CCCCC5)cc4c(=O)n23)cc1,-2.042323112487793
guided,S=C(NCCCN1CCOCC1)NC1CC1,-5.477872848510742
guided,Cc1cc(C)c2[nH]c3nc(SCC(=O)O)nnc3c2c1,-0.6738693714141846
guided,CC(=O)c1ccc(N2CCN(C(=O)CCS(=O)(=O)c3ccc(C)cc3)CC2)cc1,-1.4612494707107544
guided,CCOc1ccc(/C=N/N(C)c2ccccc2)cc1OC,-6.518336772918701
guided,Cn1ncc2cc(Cl)ccc21,-9.042203903198242
guided,CCOc1ccc(NC(=O)CCCN(Cc2ccc3c(c2)OCO3)C(=O)C2CCCCC2)cc1,-3.0799736976623535
guided,FC(F)Oc1ccc2c(c1)O/C(=C\c1ccccc1)C2,-9.947193145751953
guided,N#CCCCCNc1n[nH]c(-c2ccccc2Cl)n1,-1.6133955717086792
guided,COc1cccc(C(=O)N2CCCc3ccccc32)c1,-7.135878562927246
guided,CCCNC(=S)N(CCCO)Cc1cc2cc(C)cc(C)c2[nH]c1=O,-1.9542200565338135
guided,CCOC(=O)[C@@H]1[C@@H]2C=C[C@@]3(CN(CCc4ccc(C(F)(F)F)cc4)C(=O)[C@@H]13)O2,-3.1469922065734863
guided,N#C/C=C\O,-4.6386799812316895
guided,FC(F)c1nc2ccccc2n1C1=NCCCCC1,-7.399656772613525
guided,Cc1ccccc1-n1c(SCC(=O)c2cc(C)n(C)c2C)nnc1-c1ccncc1,-3.291215419769287
guided,O=C(NCC[N-]CCN/C=C(\C#[O+])C(=C=CCc1ccccc1)N1CCN(c2ccccc2)CC1)c1ccco1,-1.6715489625930786
guided,CC[C@H]1[CH-]CC2=CCCO[C@@H]1N2Cc1ccnc2ccccc12.[H+],-8.673440933227539
guided,CCOC(=O)[C@@H](C)N1N=C(c2ccc(C)cc2)CCC1=O,-2.6764209270477295
guided,CN(C)CCn1c(Nc2cccc(O)c2)nc2ccccc21,-3.456589698791504
guided,CC(=O)c1ccc2nc([C@@H](C)O)[nH]c2c1,-1.9328641891479492
guided,[H+].[O-][C+]1N([c-]2[cH+][cH-][cH+][cH-][cH+]2)C([c-]2[cH+][cH-][cH+][cH-][cH+]2)N2CCCN12,-6.079967021942139
guided,CC[C@H](CBr)Sc1nc(-c2cccnc2)ccc1C#N,-4.817235946655273
guided,Cc1cc(C)cc(CN2C(=O)N/C(=C/c3cccs3)C2=O)c1,-4.256547451019287
guided,COc1ccc2[nH]c(=O)c(CN(CCc3ccc4c(c3)OCCO4)C(C)=O)cc2c1,-1.167846918106079
guided,COc1ccc(NC(=S)Nc2nc(C)cc(C)n2)c(OC)c1,-1.998115062713623
guided,Cc1occc1C(=O)NNS(=O)(=O)c1ccc2ccccc2c1,-0.6628345847129822
guided,Cc1ccc(OC[C@@H](O)CNCc2ccc(OC(F)F)cc2)cc1C,-4.083676815032959
guided,N#CN/C(=N/c1cccc(F)c1)Sc1ccccc1,-4.5711565017700195
guided,COCCN(C(=O)CNC(=O)c1ccc(-c2ccccc2)n1C)[C@H](C(=O)NC[C@H]1CCCO1)c1cccnc1,-0.4519506096839905
guided,Cc1ccccc1C(=O)N[C@H]1CCSC1=O,-4.05048131942749
guided,NS(=O)(=O)c1ccc(NC(=O)Nc2ccccc2)cc1,-0.43035888671875
guided,CCC(=O)N/C(N)=N/c1nc2ccccc2o1,-0.3588351607322693
guided,CCOc1ccc(OC(=O)c2cc3sccc3n2C)c(OCC)c1O,-2.4906697273254395
guided,COc1cccc(-c2nnc(SCC(N)=O)n2-c2ccccc2C)c1,-1.0103871822357178
guided,COc1ccc2[nH]c3cc([N+](=O)[O-])cc(OC)c3c2c1,-1.5910499095916748
guided,Cc1ccc(OCCn2ccnc2)c(Br)c1,-7.515347957611084
guided,O=S(=O)(Nc1ccc2c(c1)ncn2-c1ccccc1)c1ccc(F)cc1,-2.9838340282440186
guided,CCO[C-]([CH+][N-]O)[CH+][c-]1[c+]([O-])[n-][c-]2[c+](C)[cH-][cH+][c-](C)[c+]12.[H+],-1.157260775566101
guided,COc1ccc(-c2c(C)n(C)n(-c3ccccc3)c2=O)cc1,-5.934080600738525
guided,COCCNC(=O)[C@@H](Cc1c[nH]c2ccccc12)NC(=O)[C@@H]1CCCN1,-0.3260335326194763
guided,CCC(=O)NC1(CCc2ccc3ccccc3n2)CCCCC1,-5.914421081542969
guided,CC(=O)[C@@]1(c2ccccc2)CCN(C(=O)Cc2cn3c(C)csc3n2)C[C@@H]1C,-3.7189788818359375
guided,NC(=O)Cn1c(=O)n(Cc2ccccc2F)c(=O)c2cccnc21,-0.2490246742963791
guided,CC[C@@H](C(=O)Nc1ccc(C(N)=O)cc1)c1ccccc1,-1.7040667533874512
guided,CN1[CH][N][C](N([O-])[O-])[C]1S[C+]1[CH][CH][C]2[CH][CH][CH][CH][C]2[N]1,-0.9409217238426208
guided,COc1ccccc1C1CCN(CC[C@@H](c2ccccc2)n2nccc2NC(=O)C2CC2)CC1,-4.385815620422363
guided,O=C(/C=C/c1ccccc1)N[C@@H](NC(=S)Nc1ccc(F)cc1)C(Cl)(Cl)Cl,-4.712851524353027
guided,O=C(O)c1cccnc1S[C@@H]1CC(=O)N(c2ccccc2)C1=O,-0.6541701555252075
guided,COc1cc(C(=O)Nc2nnc(C3CC3)s2)cc(Br)c1OCc1ccccc1Cl,-3.8607001304626465
guided,COc1cc(COc2ccccc2C)cc(OCc2nn[nH]n2)c1,-1.011845350265503
guided,CCCC[CH-][CH+][CH-][CH+]C[CH-]CCCCC[CH+]C(O)C(O)C(O)[CH-][O-].[H+],-1.188392996788025
guided,O=C(Nc1c(C(=S)Nc2ccccc2)oc2ccccc12)c1ccco1,-3.6127419471740723
guided,Cn1cccc1C(=O)NC(=O)CSc1nnc(-c2ccccc2)n1C1CC1,-0.9967671036720276
guided,C/C(N)=C(/C#N)C(=O)COC(=O)c1ccc(OC(C)C)cc1,-0.45171889662742615
guided,CCOCCc1nnc(NC(=O)c2ccc3[nH]c(=O)c(=O)[nH]c3c2)s1,-0.34829181432724
guided,O[N-][C+]1CCS[C-]1[c+]1[cH+][n-][cH-][cH+][cH-]1,-3.911820411682129
guided,CCn1nnnc1S[C@H](C)C(=O)Nc1ccccn1,-0.5929783582687378
guided,CCC(CC)C(=O)N[C@@H](n1ccc(=N)cc1)C(Cl)(Cl)Cl,-3.3156962394714355
guided,Fc1ccccc1/C=N\N=C\c1cccs1,-8.105183601379395
guided,CCOCc1nnc(NC(=O)Cc2cccc([N+](=O)[O-])c2)s1,-0.49144047498703003
guided,COCCN(Cc1ccccc1)C(=O)[C@H](C(C)C)[C@H](C)c1ccco1,-5.756487846374512
guided,O=C(OCC(=O)N1CCc2c([nH]c3ccccc23)[C@H]1c1ccccc1)c1ccccc1O,-1.9391138553619385
guided,COCc1[nH]nc2c1[C@@H](c1cc(OC)c(O)c(OC)c1)C(C#N)=C(N)O2,-0.37070247530937195
guided,O=C(c1ccsc1)c1ccc2c3c(cccc13)C(=O)N2,-4.78939151763916
guided,CC(=O)c1ccccc1OC(=O)c1ccco1,-3.010735273361206
guided,COC(=O)CSc1nnc2c(n1)[nH]c1ccccc12,-0.8258925676345825
guided,N#Cc1c(S(=O)(=O)Cc2ccccc2)nc2ccccn2c1=O,-0.3995159864425659
guided,[CH][C-]([CH+][CH2-])[C+](N[C-]([O-])N[C+]1[CH+][CH-][CH+][CH-][CH+]1)[C-](C)[CH+][c-]1[cH+][cH-][cH+][cH-][cH+]1.[H+],-4.113791465759277
guided,C[C@@H]1CCc2ccccc2N1C(=O)Cn1c(=O)n(CCC(=O)NCc2ccccc2)c(=O)c2sccc21,-0.9435014724731445
guided,[O-][C+](O[CH-][C+]([O-])[c-]1[c+](O)[cH-][cH+][c-]2[c+]1C(O)C(C1CCC(C[C+]3[CH+][CH-][CH+]O3)[C-]([O-])O1)C2)[c+]1[cH-][cH+][cH-][cH+][cH-]1,-0.3430998623371124
guided,Cc1[nH]c2ccc(C(=O)O)cc2c1CCN,-1.0410696268081665
guided,CN(C)[C@H](CNc1ccncn1)c1cccs1,-4.858339309692383
guided,Cn1ccnc1[C@@H](O)c1ccc(O[C@H]2O[C@@H](CO)[C@H](O)[C@@H](O)[C@H]2O)cc1,-0.32023346424102783
guided,Cc1cccc(NC(=S)NCCCn2ccnc2)c1,-4.870787620544434
guided,S=c1[nH]nc([C@@H]2CCc3ccccc3N2)n1-c1ccccc1,-5.15836763381958
guided,[H+].[H]/[C-]=[N+]1/c2ccccc2N=C2[C-]1N(S(=O)(=O)[c-]1ccc[s+]1)C13N=C1[N@+]23[C@H](Cc1ccccc1)O[C-]=O,-0.8255475163459778
guided,S=c1[nH]nc(COc2ccccc2)n1Cc1ccccc1,-5.210643768310547
guided,Nc1ccccc1-n1c(=O)c2ccccc2c2cnn(CC(=O)NC3CCCCCC3)c(=O)c21,-0.7849329113960266
guided,COC[CH-]N(C)C1CCN(C(=O)c2cccc(F)c2)CC1.[H+],-6.162158966064453
guided,COCCOC(=O)[C@@H](C)Oc1ccc(OC(F)F)cc1,-3.1921494007110596
guided,NNCc1cnc(-c2ccccc2)s1,-3.419741153717041
guided,O=S(=O)(CCN1CCCCC1)c1ccc(OC(F)F)cc1,-4.19998025894165
guided,CCOc1ccc2cc(OC[C@H](O)Cn3c(C)nc4ccccc43)ccc2c1,-3.97644305229187
guided,COC[C@@H](O)[C@@H](O)[C@H](C)OCOc1ccc2c(-c3ccccc3)cc(=O)oc2c1,-0.5410559773445129
guided,COC(=O)OCOc1c2n(ccc1=O)N(Cc1ccccc1)[C@H]1COCCN1C2=O,-0.282908171415329
guided,CC(=O)Nc1nc(OC(C(F)(F)F)C(F)(F)F)nc(N2CCN(c3ccc(O)cc3)CC2)n1,-0.6732127666473389
guided,COc1ccc(CN2C(=O)c3ccccc3C2=O)cc1/C=N/N=C(N)N,-0.28674206137657166
guided,COCCNCCOc1ccc(C(C)(C)c2ccccc2)cc1,-7.175182819366455
guided,CN(/N=C/c1cnn(-c2ccccc2)c1-c1cccnc1)c1ccccc1,-5.300936222076416
guided,O=C(Cc1ccc(F)cc1Cl)Nc1cccc2ccccc12,-8.368494033813477
guided,FC(F)(F)c1cccc(Nc2nnc(C(F)(F)F)s2)c1,-6.611331462860107
guided,Br/C=N/c1ccccc1,-10.415094375610352
guided,CC(C)OCCCNC(=O)[C@H]1CC[C@@H](CNS(=O)(=O)c2ccccc2)CC1,-1.0092419385910034
guided,Clc1ccccc1[C@H](c1nnnn1Cc1ccccc1)N1CCN(c2nc3ccccc3s2)CC1,-3.8499605655670166
guided,NS(=O)(=O)c1ccc(NC(=O)Cc2ccc(C(=O)NCCCN3CCOCC3)o2)cc1,-0.2624555230140686
guided,CN(C(=O)c1ccncc1C(=O)Nc1cccc(C(F)(F)F)c1)[C@H]1CCS(=O)(=O)C1,-0.6165112257003784
guided,[CH2-]n1c(C[N-]C)n/c(=[S+]\CC(=O)Nc2ccccc2C)c2c(=O)n(C)c(=O)n(C)c21.[H+],-0.24675926566123962
guided,O=C(Cn1nc(-c2ccc(Cl)cc2)ccc1=O)N1CCN(c2ccccn2)CC1,-1.4817756414413452
guided,[O-][c+]1[c+](-[c+]2[cH+][n-][cH-][cH+][cH-]2)[n-][cH-]n1[N-][CH+][c-]1[cH+][cH-][cH+]o1,-0.6669343709945679
guided,O=C(Cc1c(O)c([N+](=O)[O-])cc(Cl)c1Cl)NNC(=S)NCc1ccco1,-0.6281103491783142
guided,O=C(NNC(=S)Nc1ccccc1)c1ccc2ccccc2c1,-3.807736396789551
guided,N/C(Cc1cccs1)=N\OC(=O)COc1ccccc1,-1.3020198345184326
guided,CN(C)CCCNC(=O)c1c(Cl)c(COc2ccccc2Cl)nn1C,-2.8163211345672607
guided,CCNS(=O)(=O)c1ccc(OC)cc1,-2.84157133102417
guided,CCO[C-]1[C][C+]2[C+]([CH-][CH+]1)[N-][C+](C)[CH-][C+]2SC[C-]([O-])N[N-][CH+][C+]1S[CH+][CH-][C+]1C,-2.4209258556365967
guided,COc1ccccc1N1CCN(C(=O)[C@H]2CCCO2)CC1,-4.528502941131592
guided,CCCCCC[C-]([O-])N[c+]1[cH+][c-](C[S+2]([O-])([O-])CC)n(C)n1[C+]([S-])N[c-]1[cH+][cH-][cH+][cH-][c+]1Cl,-1.3617063760757446
guided,O=[N+]([O-])c1cccc(/C=[C-]/C([O-])=C2/Nc3ccc([N+](=O)[O-])cc3-c3nc4ccccc4[o+]32)c1.[H+],-1.810927391052246
guided,N#Cc1cc(C2CCCCC2)oc1/N=C(/Cl)c1ccc([N+](=O)[O-])cc1,-2.8771839141845703
guided,CCC(C)(C)NC(=O)COC(=O)c1ccc(N(C)S(=O)(=O)c2ccc(F)cc2)cc1,-0.9222607016563416
guided,O=S(=O)(Nc1nc2c(s1)CCCC2)c1cccs1,-2.874088764190674
guided,NC(=O)[C@@H](c1ccccc1)c1ccc(-c2ccccc2)cc1,-5.438725471496582
guided,COc1ccccc1-c1ccn(S(=O)(=O)c2ccccc2[N+](=O)[O-])n1,-0.6093636155128479
guided,C(=C/c1ccccn1)\c1ccncc1,-7.563279628753662
guided,CNCCC([C+]([O-])[N-]C[C+]1[CH+][CH+][CH-][CH+][CH-]1)N(C)[S+2]([O-])([O-])[c-]1[cH+][cH-][c+]2[c-]([cH+]1)N[C+]([O-])C[C-]([O-])N2,-0.4249110519886017
guided,CO[c-]1[cH+][cH-][cH+][c-](N[N-][C+]2[C+]([O-])[c-]3[cH+][cH-][cH+][cH-][c+]3[C+]([O-])[C-]2Cl)[cH+]1,-0.8173975348472595
guided,O=C(C1=C(O)C(=O)N(CCN2CCOCC2)[C@H]1c1ccncc1)c1ccco1,-0.33593323826789856
guided,COc1ccc(N[C@@H](c2cc3cc(C)ccc3[nH]c2=O)c2nnnn2C(C)C)cc1,-1.1257597208023071
guided,O=C(O)COC(=O)c1ccccc1N1C(=O)c2ccccc2C1=O,-0.38748517632484436
guided,CC(C)(C)c1csc(SCC(=O)Nc2nccs2)n1,-3.692858934402466
guided,COC(C[C@@H](O)CC(=O)[C@@H](C)OCc1ccccc1)OC,-1.9630866050720215
guided,Fc1ccc(NC(=S)N2CCCC2)c(Cl)c1,-10.092698097229004
guided,Cn1c(-c2cccs2)nc2ccccc21,-9.370403289794922
guided,Cn1c(=O)c2c(ncn2CC(=O)OCC(=O)NC2CC2)n(C)c1=O,-0.34835296869277954
guided,Cc1ccc(C)c(NC(=O)CNS(=O)(=O)c2ccccc2C)c1,-1.3237764835357666
guided,CCCC(=O)c1cc(S(=O)(=O)N2CCc3ccccc32)cn1C,-2.7364563941955566
guided,CN(C)CCSc1nc(Nc2ccc(N3CCOCC3)cc2)nc(N2CCCC2)n1,-1.7339469194412231
guided,COc1ccc(/C=N\NC(=O)Cc2nnc(N)s2)cc1COC(C)=O,-0.30727720260620117
guided,CN1CCC[C@H](OC(=O)c2sc3ccccc3c2Cl)C1,-7.4634294509887695
guided,COc1cc(OC)nc(NC(=O)C(c2ccccc2)c2ccccc2)n1,-1.761460781097412
guided,C=c1cc2c(cc1/C([O-])=N/[C@@H](C(=O)OCC(=O)Nc1cccc(S(N)(=O)=O)c1)C(C)C)=[O+]CO2,-0.27828508615493774
guided,COc1ccc(CCN2C[C@@H](C(=O)Nc3ccc4c(c3)OCCO4)CC2=O)cc1OC,-0.7657546401023865
guided,CNC(=O)NC(=O)COC(=O)CCCSc1nc2ccccc2s1,-0.4466713070869446
guided,[H+].[O-][S+2]1([O-])C[C][CH+][C+]2OC3[CH+][CH-][C-]([CH+][CH-]CN(CCO)CC1)C1C3[NH+]21,-0.867000162601471
guided,Cc1nc2ccccn2c1-c1cccs1,-9.571150779724121
guided,COc1cc(CCNC(=O)NS(=O)(=O)Cc2ccccc2)cc(-c2cc(=O)c(OC)co2)c1,-0.5732412934303284
guided,S=C(Nc1ccccc1Cl)N(CCN1CCOCC1)Cc1ccccc1,-7.8395538330078125
guided,COc1cc(CN2C=[NH+][C-](c3ccccc3)C=C2C)cc(OC)c1,-5.5803961753845215
guided,C[C-](C)CN(CC1CCC([C+]([O])O)CC1)[C]([NH-])[S],-2.7939391136169434
guided,C[C@H](CS(=O)(=O)CC(=O)OCl)C(=O)NCc1ccc(S(=O)(=O)N2CCCC2)cc1,-0.39375144243240356
guided,COCCN(Cc1ccc(CN(C)C)cc1)C(=O)/C=C/c1ccc2c(c1)OCO2,-3.8043549060821533
guided,Fc1ccccc1N1CCN(c2nc(Cl)ncc2F)CC1,-6.430450439453125
guided,CNCc1nc2[s+]c(C=O)cc-2c([O-])n1CC(=O)O,-0.3465735912322998
guided,CO[C]1[CH][CH][C]([CH][O])[C](O[C]2[CH][CH][C]([C+]([O])[C]3[CH][CH][CH][CH][C]3[C]([O])O)[CH][C]2N([O-])[O-])[CH]1,-0.7895869016647339
guided,CCCN1CCN(CCCNC(=O)c2cc3sccc3n2C)CC1,-4.979370594024658
guided,C[CH-]N[S+2]([O-])([O-])[c+]1[cH-][cH+][cH-]s1,-2.6566731929779053
guided,Cc1nnc(Nc2ccc(S(=O)(=O)N3CCc4ccccc4C3)cc2)s1,-1.7241939306259155
guided,CCOc1ccccc1-c1[s+]c2nn[c-]n2n1C,-4.377752780914307
guided,COC(=O)C1=C(c2ccc(OC)c(OC)c2)C(=O)c2ccccc21,-2.570573329925537
guided,Cc1ccc(O[P@](C)(=O)Nc2ccc(N(C)C)cc2)cc1,-5.939820289611816
guided,CCO[c-]1[cH+][cH-][c+]([CH-][c+]2[cH-][c+]3[c+]([O-])n(C)[c+]([O-])n(C)[c-]3[cH+][c-]2C)[cH-][cH+]1,-2.0598621368408203
guided,C[C][C+]([C-]([O-])[C+]1[CH+][CH-][CH+]S1)[C-]1[N-]N[C+]([S-])N1[C+]1[CH+][CH-][CH+][CH-][CH+]1,-3.386481761932373
guided,COc1ccc([C@H]2OC(=O)c3c(C)cc(C)cc3O2)cc1OC,-3.7672948837280273
guided,Cc1onc(-c2ccccc2Cl)c1C(=O)N1N=C(C(F)F)C[C@@]1(O)C(F)F,-1.8044984340667725
guided,O=C1CCc2c(n(-c3ccccc3)c(=O)[nH]c2=O)N1,-0.6496486067771912
guided,COC(=O)Nc1ccc(S(=O)(=O)N2CCC(Cc3ccccc3)CC2)cc1,-1.7912317514419556
guided,CCC(=O)Nc1ccc(C(=O)COC(=O)c2ccc3c(c2)OCO3)cc1OC,-0.6574499607086182
guided,Oc1ccc(Cl)cc1-c1cc(-c2ccc(Cl)cc2)n[nH]1,-5.393929958343506
guided,O=[N+]([O-])c1ncccc1OCc1ccccc1Br,-2.499415159225464
guided,[CH2-]C1CCCCN1[c+]1[c+]2[cH-][cH+][cH-][cH+][c-]2n2[c+]([O-])n(CCCCCC)[n-][cH+][c-]12,-4.739282131195068
guided,CCC/[S+]=C1/S/C(=C(/[O-])NC2CCCCC2)C=C1c1ccccc1,-6.679233074188232
guided,COc1ccc(-c2nnn3c2nc(NC[C@@H]2CCCO2)c2ccccc23)cc1,-1.8922054767608643
guided,CC(=O)c1cc(CC=C(C)C)c2c(c1)CC[C@@H](C)O2,-8.370115280151367
guided,CCN(CC)S(=O)(=O)C1=Cc2c(ccc3ccccc23)OC1(C)C,-4.978452205657959
guided,CC[C@H](C)NC(=O)/C(=C/c1ccc2c(c1)OCO2)NC(=O)c1cccs1,-1.5441157817840576
guided,CN(C)S(=O)(=O)c1cccc(NC(=O)Cn2c(=O)oc3ccccc32)c1,-0.2405693531036377
guided,CCOc1ccc(S(=O)(=O)NCCC(=O)O)c2cccnc12,-0.30946049094200134
guided,COc1cccc(OCCNC(=O)CCN2C(=O)COc3ccc(C)cc32)c1,-1.1125462055206299
guided,C[O+]1[C-]2[CH-][CH+][C-]([CH+][CH-]2)OC[c+]2[n-][c+]3[cH-][cH+][c-]([cH+][c-]3[nH]2)[S+2]([O-])([O-])N[C][CH+][c+]2[cH+]n1[cH-][cH+][cH-]2,-0.5524009466171265
guided,CC1=C(C(=O)Nc2ccc(/C=C/C(=O)O)cc2)SCCO1,-1.4487074613571167
guided,O=C(N/N=C/c1cccs1)c1cc2c(s1)-c1ccccc1CC2,-5.928274154663086
guided,O=C(O)c1ccccc1/C=N/NC(=S)NCCc1ccccc1,-1.4466296434402466
guided,NS(=O)(=O)c1c(Sc2ccccc2NCC(=O)O)ccc2ccccc12,-0.8381608128547668
guided,[H]/N=C(\C)NCc1cccc(C(F)(F)F)c1,-6.010568618774414
guided,COc1ccc(Oc2ccc(OC)c(O)c2C)cc1,-4.482957363128662
guided,CNS(=O)(=O)c1cccc2cccnc12,-2.401491165161133
guided,O=C(c1ccc(F)cc1)C1CCN(Cc2ccc3ccccc3c2)CC1,-10.278114318847656
guided,N/C(=N\NC(=O)CSc1nc2ccccc2s1)c1ccccn1,-0.45978665351867676
guided,COCC[C-]([O-])[N-]CC[C+]([O-])[C+]1[CH+][C+](Cl)[CH-][CH+][C-]1OC,-1.0599560737609863
guided,[O-][S@+](NCc1ccccc1)[C@]12C[C@H]3C[C@H](C[C@H](C3)C1)C2,-6.375183582305908
guided,CC(=O)N/N=[C-]/C=C(/C(=O)Nc1c(F)cccc1F)N1CCOCC1.[H+],-0.6574224233627319
guided,Cc1cccc(Oc2nc3ccccn3c(=O)c2/C=C(\C#N)C(=O)N[C@@H]2CCS(=O)(=O)C2)c1C,-0.4821763038635254
guided,S=C(NCCc1ccccc1)NC[C@@H]1CCCO1,-6.018067359924316
guided,Clc1ccccc1N1CCN(C2=[S][S@SP1]3C=CC=C3N2)CC1,-9.397872924804688
guided,NS(=O)(=O)c1ccc(NC(=S)NC2CCCCC2)cc1,-0.815146267414093
guided,C=CN(NC(=O)c1nnn(-c2nonc2N)c1-c1ccc(Cl)cc1)c1ccccc1,-0.6783178448677063
guided,CC1=C/C(=C(\N)[O-])C(NC(=O)c2cnoc2C)=[S+]1,-0.3772241771221161
guided,S=C(Nc1ccc(Cl)cc1)Nc1ccccc1NC(=S)c1ccco1,-6.088118076324463
guided,CCC(C)(C)NC(=O)[C@@H](c1ccc(OC)cc1)N(Cc1ccccc1)C(=O)CCC(=O)Nc1nccs1,-2.1775312423706055
guided,O=S(=O)(N/N=C/c1ccc(OC(F)(F)F)cc1)c1ccccc1F,-2.1371262073516846
guided,CCOC(=O)c1ccc(Nc2ccccc2)nn1,-2.146826982498169
guided,CCN(c1ccccc1)S(=O)(=O)c1cc2c(cc1C)N(C)CCO2,-3.904170036315918
guided,COc1ccc(-n2c(C)cc(C(C)=O)c2C)cc1C(=O)OCCC(C)C,-4.091129302978516
guided,O=C1CC(c2ccccc2)CC(=O)C1=CNc1ccccc1/N=C/c1cc2ccccc2[nH]c1=O,-2.663565158843994
guided,O=C(CO/N=C/c1ccoc1)NCc1ccco1,-1.0147563219070435
guided,O=S(=O)(Nc1nccs1)c1ccc(CCO)cc1,-0.88698410987854
guided,Cc1ccc(/C=C/c2onc(C)c2S(=O)(=O)N2CCC(C(=O)NC(C)C)CC2)cc1,-1.111755132675171
guided,COc1cc(S(=O)(=O)O)ccc1[S@+]([O-])Cc1ccc(C(=O)O)o1,-0.37954801321029663
guided,CCN(CC(F)(F)F)c1c(F)cc(-c2ccc(Br)cc2)c(F)c1F,-15.100028991699219
guided,N#CCCS(=O)(=O)c1ccc2c(c1)CCO2,-1.7425081729888916
guided,Cn1nnnc1-c1cc(Cl)ccc1Br,-4.647294998168945
guided,Cc1ccc(/C=C\NC(=O)c2c(C)[nH]c3c(C)cccc3c2=O)o1,-1.8254259824752808
guided,CNC(=O)/C(C#N)=C/c1c(N2CCN(c3ccccc3)CC2)nc2c(C)cccn2c1=O,-0.40768811106681824
guided,COCCNC(=O)CN1CCN(c2ccccc2)CC1,-4.055983066558838
guided,CO[c-]1[cH+][cH-][c+](OC[C-]([O-])N[N-]C2(C)C3[C+]([O-])N(C[c+]4[cH+][cH+][cH+][cH-][cH+]4)[C+]([S-])NC32[O-])[cH-][cH+]1.[H+],-0.25988420844078064
guided,Cc1cccc(Cn2nnc(-c3ccccc3F)n2)c1,-4.733148097991943
guided,S=C(Nc1ccccc1)N1CCN(C(=S)Nc2ccccc2)CC1,-7.086032867431641
guided,CCC[C][C+](CCC)C(N[C-]([O-])OC(C)(C)C)[C+]1[CH+][C-]2C34[C-]([N-][O-])C23C4[CH+]1.[H+],-1.7757762670516968
guided,O=C(NN(C(=O)c1ccc(Oc2cccc3ccccc23)cc1)c1ccccc1)c1ccccc1Cl,-7.376147270202637
guided,CC(=O)c1ccc(-c2cc(C)no2)c(S(=O)(=O)NCCN2CCOCC2)c1,-0.3005843460559845
guided,CCOC(=O)C1CCN(c2ncnc3c2c(-c2ccccc2)cn3CC)CC1,-3.2526204586029053
guided,S=c1nc(Cc2ccccc2)[nH]c2ccccc12,-7.712673664093018
guided,S=C1SCN(Cc2ccccc2Cl)CN1Cc1ccccc1,-12.860020637512207
guided,Nn1c(CO/[P+]([O-])=[NH+]\CCBr)cnc1N([O-])[O-].[H+],-0.47738564014434814
guided,COc1cc(NS(=O)(=O)c2cccc(F)c2)cc(OC)c1,-2.1500778198242188
guided,COc1ccc(CN2CCC(n3nccc3NC(=O)C3CCCC3)CC2)cc1,-3.3500242233276367
guided,N[S@@](#[O+])([O-])c1ccc(NC(=O)C2=CCC[C@H](/[NH+]=C([O-])/C=c3\[c-]c(-c4ccccc4)[o+]c4c3=[N+]=CC=C4)[CH-]2)cc1,-0.2574048638343811
guided,Nn1c(O)c(C(=O)CCc2ccccc2)c(=O)n(CCC2=CCCCC2)c1=O,-0.45708417892456055
guided,Cc1cc(C)cc(NC(=O)Nc2ccc3nsnc3c2)c1,-2.7469630241394043
guided,COc1ccc(OC)c(S(=O)(=O)N2CCN(Cc3ccccc3)CC2)c1,-2.506394147872925
guided,O=C(Cc1ccccc1)NCC(=O)N[C@H](Cc1ccccc1)C(=O)O,-0.33745333552360535
guided,COc1ccc(NC(=O)N(Cc2ccco2)[C@@H](C)c2cccs2)cc1OC,-3.96696138381958
guided,CC(=O)NCCn1cnc2c([nH]c3ccccc32)c1=O,-0.803817868232727
guided,[O-][C][CH+][CH+][N-][N-][C+]([CH+][C]N[C][S-])[CH+][CH+][C][CH+]C[c+]1[cH-][cH+][cH-][cH+][cH-]1,-2.2452759742736816
guided,COc1ccc([C@H](Cc2nc3ccccc3[nH]c2=O)c2c(C)n(C)n(-c3ccc4ccccc4c3)c2=O)cc1O,-2.2234554290771484
guided,COCCN(C(=O)CC(C)C)c1nnc(-c2ccc(OC)c(OC)c2)s1,-1.757567048072815
guided,CCC/C(C)=N/NC(=O)c1sc(C)nc1C,-3.3728513717651367
guided,Cc1ccc(-n2nc(C(=O)NCc3ccc(F)cc3)c3ccccc3c2=O)cc1,-2.8611273765563965
guided,COc1cccc(C(=O)N(Cc2cccnc2)Cc2ccco2)c1OC,-2.5613389015197754
guided,C=C1C=CC(F)=C[CH-]1.COP(#[O+])c1cccc([N+](=O)[O-])c1,-2.271254062652588
guided,[H]/N=C\c1cccc2c1C(=O)[C@](C)(O/C=C\COC)O2,-1.729494333267212
guided,O=c1cc(CO)oc(CN2CCN(C3CCCCC3)CC2)c1O,-1.083777666091919
guided,CC(C)([CH+][C+]([NH-])[O-])OCCN(CCOCCOC(CO)OCCS)C[C-]([O-])N1CCCC1,-0.5128176808357239
guided,Nc1ccc(-c2nc3ccc(N)cc3[nH]2)cc1,-1.0369824171066284
guided,O=C(N/N=C/C=C/c1ccco1)c1ccc(F)cc1,-3.3224732875823975
guided,Fc1cccc(/N=C\Nc2nn[nH]n2)c1,-0.9991897344589233
guided,CO[C]([O])C(C)N[C]1[N][C-]([C]2[CH][CH][CH]S2)[N][N+]1[C]([O])[C][CH][CH][CH][C]1[CH][CH][CH][S+]1,-0.5345523953437805
guided,O=C(/C=C/c1ccco1)Nc1cccc(NC(=O)c2ccco2)c1,-1.487628698348999
guided,COc1cc2nc(SCC(C)=O)c(C#N)c(O)c2cc1OC,-0.6550785899162292
guided,O=C(c1ccc2c(c1)OCO2)[C@@H]1CCCN(C(=O)Nc2ccccc2)C1,-2.339815378189087
guided,CN(CC(=O)Nc1ccc(C2CCCCC2)cc1)CC(=O)Nc1ccc(N2CCOCC2)cc1,-2.2947804927825928
guided,O=[S@@]12=[O+][C@H]3CCCC[C@@H]3C(=[N+]1c1ccccc1)C[CH-]O2.[C-](/C=N/c1ccccc1)=[N+]1CCOCC1.[H+].[O-2],-1.7281014919281006
guided,Cc1nc2ccccn2c1C(=O)NNC(=S)Nc1ccc(F)cc1,-1.6536040306091309
guided,Cn1c(SCC(=O)NCCCN2CCN(c3cccc(C(F)(F)F)c3)CC2)nnc1-c1cccs1,-2.7387022972106934
guided,C[C@H]1CN(C(=O)/C=C/c2ccco2)C[C@H](C)O1,-4.5774736404418945
guided,COc1ccccc1CN1CCNC(=O)[C@H]1CC(=O)NCC(=O)c1ccc2ccccc2c1,-0.7007599472999573
guided,O=C(C/[S+]=c1\nc2ccccc2c([O-])n1Cc1ccco1)c1cc2ccccc2oc1=O,-0.9276421666145325
guided,COc1cc2c(OC)ccc(OC)c2cc1OCCOc1ccc2ccccc2c1,-6.375546455383301
guided,NNC(=O)C(=O)NCCc1ccccn1,-0.38696402311325073
guided,CC[C@H](C)N(Cc1ccccc1)C(=S)NC(=O)c1ccccc1Br,-7.80517578125
guided,COCCCNC(=O)C(=O)Nc1c(C)cccc1C,-1.6589106321334839
guided,Cn1nc(C(F)(F)F)c(C#N)c1N1CCN(c2ccc(F)cc2)CC1,-4.107550144195557
guided,Cc1cccc(-c2nc3nc(C)cc(C)n3n2)c1,-4.762823581695557
guided,O=C(C[C@@H]1C(=O)NCCN1C(=O)Nc1ccc(F)cc1)NC[C@@H]1CCCO1,-0.34830084443092346
guided,C=c1ccc2c(c1)OC[O+]=2.CN(C)c1ccc(P([O-])OCc2ccco2)cc1,-1.5255225896835327
guided,CCOc1ccccc1[C@@H]1C(C#N)=C(SCC(=O)OC)NC(=O)[C@H]1C(=O)OC,-0.38587144017219543
guided,Nc1ccccc1SCC(=O)Nc1ccccc1,-3.253833532333374
guided,Cc1nc2ccccn2c1/C(O)=C1\C(=O)C(=O)N(CC/N=C/c2ccc3c(c2)OCO3)[C@@H]1c1ccc(F)cc1,-1.4212241172790527
guided,O[C@@](CN1CCCCC1)(c1ccccc1)c1ccccn1,-5.752418041229248
guided,COc1ccc([C@@H]2[C@H]3C(=O)N(C(C)C)C(=O)[C@H]3ON2c2ccccc2)c(OC)c1OC,-1.3811558485031128
guided,Cc1cc(O[C@H](C)C(=O)NNC(=O)NC2CC2)cc(C)c1Cl,-1.083790898323059
guided,COc1ccccc1N1CN(Cc2ccccc2)CNC1=S,-7.195279598236084
guided,CC(C)N(C(=O)Cn1nnc(-c2ccccc2)n1)C(C)C,-2.074488878250122
guided,CCCCn1nnnc1SCC(=O)Nc1nc2ccccc2n1CC(N)=O,-0.2757188677787781
guided,CCO[C-]([O-])[C+]1[CH+][C][C+]([C+]2[CH+][CH-][CH+][N-][CH+]2)N1C[C-]([O-])OC(C)(C)C,-0.902128279209137
guided,O=C1C(=O)N(CCN2CCOCC2)c2ccccc21,-3.452646017074585
guided,CC(=O)c1cccc(CN2CCC[C@H](C(=O)Nc3cccc(C)c3)C2)c1,-4.598677635192871
guided,CCCC[C@H]1CC[C@H](c2nc3ccccc3[nH]2)CC1,-8.728010177612305
guided,Oc1cccc(Nc2ccncc2C(F)(F)F)c1,-4.915908336639404
guided,COc1cc(C(=O)Nc2cccc(C(C)=O)c2)cc(OC)c1OC,-1.696791172027588
guided,CSCCCNC(=O)c1ccc(OC2CCN(S(=O)(=O)N(C)C)CC2)cc1,-0.9927927255630493
guided,O=S(=O)(Nc1cccc(F)c1)c1ccc2nsnc2c1,-1.589775562286377
guided,COc1ccc(CCN2C(=O)c3ccccc3[S+]=c3cc/c(=C(\[O-])NCc4ccccn4)cc32)cc1OC,-0.9102038741111755
guided,[O-][C+]([N-]O[C+]([O-])N1CCOCC1)C1CC1,-0.8432367444038391
guided,O=C(C1=C[C@@H](c2c[nH]c3ccccc23)C[C@@H](OCCCc2ccccn2)O1)N1CCOCC1,-1.9131215810775757
guided,CC[C@H]1CC[C@@H](C(=O)N[C@H](Cc2c[nH]c3ccccc23)C(=O)O)CC1,-1.5035425424575806
guided,CC[C@H](/[S+]=c1/nc(N)cc([O-])[nH]1)C(=O)N1CCCC1,-0.41590335965156555
guided,O=[N+]([O-])c1cnc(N/N=C\C=N\O)s1,-0.5198603868484497
guided,NC(=O)CSc1nnnn1-c1ccc(OCc2ccccc2)cc1,-0.376071572303772
guided,CC(=O)c1sc(C(C)(C)C)cc1-n1cccc1,-9.118135452270508
guided,O=C(NNc1c(Cl)cc(Cl)cc1Cl)c1nn(-c2ccccc2)c(=O)c2ccccc12,-3.1288652420043945
guided,S=c1[nH]nc(-c2cccs2)n1/N=C/c1cccs1,-4.850939750671387
guided,Nc1cc(=O)[nH]c(SCC(=O)Nc2ccc(C(F)(F)F)cc2)n1,-0.45581668615341187
guided,CCOC(=O)N/C(N)=N\C(=O)Nc1ccccc1,-0.2985144555568695
guided,Brc1ccc2nc(-c3cc(-c4ccccc4)n[nH]3)cn2c1,-5.183760643005371
guided,O=c1c2ccccc2c(-c2ccc(Br)cc2)nn1C[C@@H](O)[C@@H](O)[C@@H](O)CCO,-0.3048284351825714
guided,COCCOC(=O)c1cc(Oc2ccccc2)c(=O)[nH]c1N,-0.34041091799736023
guided,COc1cc(OC)c(C(=O)N2CCCCC2)cc1OC,-3.9251372814178467
guided,Cc1ccc(S[C@@H](C)C(=O)N(C)CCc2ccc(Oc3ccccc3)cc2C#N)cc1,-5.906558990478516
guided,C/C(CC(=O)Nc1ccc(O)cc1)=N\NC(=O)c1cc[n+]([O-])cc1,-0.3243319094181061
guided,O=S(=O)(NCc1csc(-c2cccs2)n1)c1ccc2c(c1)OCCO2,-1.4381619691848755
guided,COc1ccc([C@H](N(C)C)N(C)C(=O)CCc2nnc(CC(C)(C)C)o2)cc1,-1.9550646543502808
guided,COc1cc(S(=O)(=O)N2CCCCC2)c(OC)cc1Cl,-3.0718886852264404
guided,CCCC(O)(CCC)C(=O)NNC(=O)c1ccc(C)cc1,-1.0970231294631958
guided,CN1CCN(c2ccc(S(=O)(=O)Cc3ccccc3)cc2)CC1,-4.88757848739624
guided,C[C]1[CH][C][C]([N+][N+][C]([O-])N2CCOCC2)[CH][C]1C1CCN(C[C]2[CH][CH][CH][N][CH]2)CC1,-0.9750384092330933
guided,CC[C@@H](C)Oc1cc(CNC(=O)c2cnccn2)cc(C)n1,-1.1904776096343994
guided,N#C/C(=C(/O)c1ccccc1F)c1ccccn1,-3.232072114944458
guided,CCOCCn1c(N2CCN(c3ccc(OC)cc3)CC2)nc2c1c(=O)[nH]c(=O)n2C,-0.26953601837158203
guided,CCNC(=O)NC(=O)[C@@H](C)Sc1nc2ccccc2n1CC(C)C,-1.500938057899475
guided,[O][C](N[C]([S])N[C]1[CH][C](N([O-])[O-])[CH][C]2[CH][C](O)[CH][CH][C]21)[C+]1[CH][CH][CH]S1,-0.6703931093215942
guided,COc1cc(OC)cc(N(Cc2cccc3cnccc23)C(=O)c2cccs2)c1,-5.2759175300598145
guided,CCOc1ccc(N(CC(=O)Nc2sccc2-c2nc3ccccc3s2)S(=O)(=O)c2cccnc2)cc1,-2.892432451248169
guided,O=[N+]([O-])c1ccc(C(=S)N2CCN(C(c3ccccc3)c3ccccc3)CC2)cc1,-5.139495372772217
guided,OCCCc1cnc[nH]1,-3.856590747833252
guided,O=C(O)c1ccc(CSc2nnnn2C2CCCCC2)cc1,-1.424180507659912
guided,O=C(Nc1ccc2c(c1)OCO2)Nc1ccc2c(c1)nc1n2CCN(C2CCCCC2)C1,-2.280559778213501
guided,O=C(C/[S+]=C1/N=NC2=c3cc(F)ccc3=[NH+]C2=N1)c1ccc(N([O-])[O-])cc1,-0.31939029693603516
guided,N#CCCCN1CCN(C(=S)c2cccs2)CC1,-6.662257194519043
guided,CCOc1ccc(N2C(=O)c3[nH]nc(C)c3[C@H]2c2cccc3ccccc23)cc1OCC,-4.004505634307861
guided,Cn1c(O)c(/C=N/Nc2ccccc2)c(=O)[nH]c1=O,-0.36053362488746643
guided,[NH][C]1[C](O)[CH][CH][CH][C]1[C]1[N][C]([C]2[CH][CH][C]3[CH][CH][CH][CH][C]3[CH]2)[C][N+]1[O],-0.8823765516281128
guided,Cc1ccc(C(=O)c2ccccc2-c2nnc(SCC(=O)N3CCOCC3)o2)cc1,-1.1348398923873901
guided,CCOc1ccccc1NC(=O)Nc1ccon1,-1.319754719734192
guided,CCC(=O)NC1=C/C(=C(\N)[O-])C(CN2CCCC2=O)=[S+]1,-0.46166127920150757
guided,COc1ccccc1C(=O)[C@H]1CCCN(C(=O)c2nc3ccc(Cl)cn3c2-c2nc3cc(Cl)ccc3o2)C1,-3.7116048336029053
guided,NC(=O)C1(N2CCCCC2)CCN(C(=O)NC2CCCCC2)CC1,-1.1382373571395874
guided,NS(=O)(=O)c1ccc(CC(=O)Nc2cccc(NC(=O)c3ccccc3)c2)cc1,-0.6584029197692871
guided,C/N=C1/C=NNC(=O)C1,-3.1792714595794678
guided,CN1CCN(Cc2c(F)cccc2Cl)CC1,-11.530759811401367
guided,Cc1c(NC(=O)COC(=O)CCCOc2ccccc2)c(=O)n(-c2ccccc2)n1C,-0.7313767671585083
guided,CC(=O)N[C@H](Cc1c[nH]c2ccccc12)C(=O)O,-0.7621709108352661
guided,Fc1ccc(CNC(=S)Nc2ccccc2C(F)(F)F)cc1,-8.958941459655762
guided,COc1ccc(/C=C/C(=O)N2C[C@H](C)C[C@H](C)C2)c(OC)c1OC,-4.341248512268066
guided,[CH2-]C(O)[O+]1CCSC[C]1[N][C][C]([O])N[C]1[CH][C](C)[CH][CH][C]1O[C]1[CH][CH][CH][C](OCC)[CH]1.[H+],-1.0144528150558472
guided,O=C1CCC(=O)N1CCCN(c1ccccc1)S(=O)(=O)c1ccc(Cl)s1,-1.660914421081543
guided,Cc1c(C(=O)Nc2ccc3oc(-c4cc(F)c(F)cc4Cl)nc3c2)sc(N)c1C#N,-2.7729411125183105
guided,O=[N+]([O-])Nc1n[nH]c(-c2ccccc2)n1,-0.39252519607543945
guided,COc1ccc2c(c1OC)[C@H]([C@H]1c3c(cc4c(c3OC)OCO4)CCN1C)OC2=O,-1.4623490571975708
guided,CCN(C)C(=O)Oc1ccc(NC=O)cc1,-2.5430519580841064
guided,CCNS(=O)(=O)c1ccc(NC(=O)CSc2nnc(C)s2)cc1,-0.3922228217124939
guided,C=[O+]/[C-]=C(C)/[C-]=C/c1c(O)ncc(C)c1[O-].[H+].[H+],-1.7143787145614624
guided,N#Cc1c(Oc2ccc(Cl)cc2)n(Cc2ccco2)c(=S)n(-c2ccc3c(c2)OCO3)c1=O,-2.426983118057251
guided,COc1ccc(C(C)=O)cc1OCC(=O)N1CCOCC1,-1.8542728424072266
guided,O=[N+]([O-])c1cc(S(=O)(=O)N2CCOCC2)ccc1NCCCN1CCN(S(=O)(=O)c2ccccc2F)CC1,-0.33943405747413635
guided,CCCCC(C(=O)OCC)(C(=O)OCC)C(=O)OCC,-1.1534727811813354
guided,[O-][C+]1[C-]([C+](O)[c-]2[cH+][cH-][c+](O)[cH-][cH+]2)C([c-]2[cH+][cH-][n-][c+]3[cH+][cH-][n-][c+]32)N(CCCN2[CH+][CH+][N-][CH+]2)[C-]1[O-],-0.28146985173225403
guided,Nc1ccccc1[C@H](NCC(=O)O)c1ccccc1,-1.2318135499954224
guided,Cn1c2ccccc2n2c(=O)c(=O)n(Cc3ccc(F)cc3)nc12,-2.193303108215332
guided,COC(=O)[C@@H]1CSc2[nH]c([O-])[s+]c2[C@H]1c1ccc(O)c(OC)c1,-0.5337120294570923
guided,O=C(CCOc1ccccc1)Nc1ccc(S(=O)(=O)N2CCCC2)cc1,-1.41848623752594
guided,COc1ccc(-n2cc(O)c3c(c2=O)CCCC3)c(OC)c1OC,-1.7141153812408447
guided,COc1ccc(Br)cc1C(=O)Nc1cc(C)cc(Sc2cccs2)c1C,-8.8181734085083
guided,COc1ccc(-n2nc3ccc(C(=O)Nc4ccccc4Cl)cc3n2)cc1,-2.8182435035705566
guided,C[C@H]1O[C@@H](Nc2ccc3c(c2)OCCO3)[C@@H](O)[C@@H](O)[C@@H]1O,-0.3596852123737335
guided,COCC(=O)N1CCN(c2ccc(OC)cc2)CC1,-4.500314235687256
guided,O=C(Nc1ccc(OC(F)F)cc1)NC1(C(=O)NCc2ccccc2)CCCCC1,-2.2637557983398438
guided,COc1cc2cccnc2cc1OC,-6.364930629730225
guided,Cc1cccc(C(=O)NS(=O)(=O)c2ccccc2)c1,-2.1595661640167236
guided,O=C(Nc1ccc2c(OCc3nnc(-c4ccccc4)o3)ccnc2c1)c1cccs1,-2.5151772499084473
guided,COc1ccc(C(=O)Nc2cccc3ccccc23)c(OCCOCCN(C)CCO)c1,-1.398826241493225
guided,CC(=O)/[C-]=C(\C)[NH+]=C=C/C=C1\N(C#[O+])OC2=C3C=CC=C[C-]3C=CN21,-1.8918377161026
guided,COc1ccccc1C(=O)NCc1ccco1,-3.3964126110076904
guided,COCCn1c(=O)[nH]c2cc(C(=O)OC)ccc2c1=O,-0.4563955068588257
guided,COc1cc([N+](=O)[O-])ccc1NC(=O)[C@@H]1[C@@H](C(=O)O)[C@@H]2C=C[C@H]1O2,-0.31440046429634094
guided,COc1ccc(CNC(=S)Nc2ccccc2Cl)cc1OC,-5.415014266967773
guided,O=C(N1CCCC1)N1CCN(S(=O)(=O)c2ccc(F)cc2)CC1,-2.3170857429504395
guided,O=c1[nH]nc(Cc2ccccc2)n1-c1ccc(OC(F)F)cc1,-2.7123844623565674
guided,[H]/[C-]=C\C=[C-]\CC[N+]1=c2ccc(F)cc2=[N+](CCOCCOC)/C1=N\[H],-3.7461748123168945
guided,CC(=O)/C(=N\Nc1ccc(C(C)=O)cc1)Sc1nnc(-c2ccc(O)cc2)n1C,-1.061801791191101
guided,COc1ccc(Cl)cc1NS(=O)(=O)c1ccccc1[N+](=O)[O-],-0.8022094368934631
guided,C[C@@H]1CCCC[C@H]1NC(=O)[C@@H](C)OC(=O)c1nsc(Cl)c1Cl,-2.5590155124664307
guided,CCO[c-]1[cH+][cH-][c+]2[cH-][cH+]n(C3[CH-]OCCO3)[c-]2[cH+]1,-6.351452350616455
guided,C[C@@H]1CCC[C@H](C)N1C/C=N/Cc1ccc2c(c1)OCO2,-6.408513069152832
guided,O=C(NCc1ccccn1)C1CC1,-4.574137210845947
guided,CCOCCCN(C[C]1[N][N][C]([C]2[CH][CH][CH][C](N([O-])[O-])[CH]2)O1)C[C+]1[CH][CH][CH]S1,-0.6261596083641052
guided,C/C(CC(=O)NCC1CCCCC1)=N\NC(=O)C1CCCCC1,-2.169039726257324
guided,CC/N=C1\S[C@@H](CC(=O)O)C(=O)N1Cc1cccs1,-1.6354420185089111
guided,COc1cc2nccc(-c3ccc(C)cc3)c2cc1OC,-7.411925315856934
guided,CCOc1ccccc1NC(=O)CC(C)C,-5.565807819366455
guided,COCCCN(c1ccccc1)c1nc(=S)[nH]c2cc(OC)c(OC)cc12,-3.8000528812408447
guided,CCOC(=O)c1c(S(=O)(=O)N(C)CC(=O)OC)c(C)n(C)c1C,-0.42813628911972046
guided,S=c1[nH]nc(COc2ccccc2)n1-c1ccccc1,-5.1874003410339355
guided,Cc1nnc(SCc2cccc(Oc3ccccc3)c2)s1,-7.504012584686279
guided,Cc1ccccc1C(=O)O,-5.429780960083008
guided,COc1cc2[nH]c(=O)n(Cc3ccc(-c4cccs4)cc3)c(=O)c2cc1OC,-1.8726083040237427
guided,NS(=O)(=O)c1ccc(NS(=O)(=O)c2cccc(C(=O)O)c2)cc1,-0.332385390996933
guided,CC(=O)c1c(CCc2ccccc2)oc2ccc(O)c(CN(C)C)c12,-4.1905951499938965
guided,COc1ccc(S(=O)(=O)N(CC(=O)NCc2ccc3c(c2)OCO3)c2ccccc2OC)cc1,-0.7134045958518982
guided,Cc1ccc(C)c(N2C[C@H](C(=O)NCc3ccccn3)CCC2=O)c1,-2.4361608028411865
guided,CN(C)c1ccc(CN2CCC(Oc3ccc4ccccc4c3)CC2)cc1,-11.047576904296875
guided,O=C(CCS(=O)(=O)c1ccccc1Cl)NC1CC1,-2.1181435585021973
guided,NCCC[C@H](O)COCc1ccccc1Cl,-2.987966775894165
guided,CCOC(=O)c1cn[nH]c1-c1cccc2ccc(F)cc12,-3.642054796218872
guided,Cn1cc(S(=O)(=O)N2CCN(c3ccccc3)CC2)c(=O)n(C)c1=O,-0.56532883644104
guided,[CH2-]N1CCCCC1.[CH2-]N1CCCCC1.[O+]#P=[OH+],-4.431967258453369
guided,CN(Cc1cn(C)nc1-c1ccccc1)Cc1nccn1C,-5.191691875457764
guided,C[C@H](O)C(=O)/C(C#N)=C/Nc1ccc(Nc2ccccc2)cc1,-1.17861807346344
guided,CCCn1c(/C=C/N2CCC(C(=O)N3CCN(c4ccccc4F)CC3)CC2)nc2ccccc21,-5.719213962554932
guided,CCCOC(=O)C1=C(C)Nc2nnnn2[C@H]1c1cccs1,-0.8776491284370422
guided,COc1ccc2nc(-c3ccc(C(C)(C)C)cc3)[nH]c2c1,-6.650256633758545
guided,C/C(CCCO)=N\NC(=O)C1CC1,-2.3260984420776367
guided,O=C(O)c1cnc(-c2ccc([N+](=O)[O-])cc2)nc1,-0.42476075887680054
guided,COc1ccc2cc(/C=N/OCC(=O)Nc3ccccc3C(F)(F)F)c(=O)[nH]c2c1,-1.1078574657440186
guided,CCCN1CCN(C(=S)Nc2cccc(OC)c2)CC1,-7.091506481170654
guided,CCOC(=O)N1CCN(C(=O)C/[S+]=c2\nc3c(c([O-])n2-c2ccccc2)SCC3)CC1,-0.44379952549934387
guided,Cc1cc(C)c([N+](=O)[O-])cc1C(=O)Cc1ccccc1,-3.167576313018799
guided,CC(N[C-]([O-])[c+]1[n-][cH-][nH][c+]1[C+]([O-])[N-]CC(C)N1CCN([C+]([O-])[C+]2[CH+][CH+][CH-]O2)CC1)[C+]([O-])OC(C)(C)C,-0.45857977867126465
guided,COc1ccc(-c2c(O)n(C)c3ccccc3c2=O)cc1,-3.6226468086242676
guided,CCOc1ccccc1OCCSc1nc(C)c(C)c(C)n1,-5.273642063140869
guided,CCCN1CCC(NCCCN(C)C)CC1,-8.777596473693848
guided,C[C@H](CN1CCCC1)OC(=O)c1cccc2ccccc12,-7.247383117675781
guided,[C-4].[CH-][CH][CH+][CH2].[CH-][O+][C](NC([CH2+])(C)CC[CH-]CC[C]([O])N(C)C)[C]1[N+][N+][C]2CCCC[C]21.[H+],-2.502725601196289
guided,CC(=O)NC1=[S+]C2=C(CCN(Cc3ccccc3)C2)/C1=C(/[O-])N1CCCC1,-2.4726362228393555
guided,CN(C)C(/C=C/Nc1ccc(O)cc1)=C(C#N)C#N,-0.8673107624053955
guided,S=c1[nH]nc(-c2cccs2)n1/N=C/c1ccccc1Cl,-5.247501373291016
guided,CO[C]1[CH][CH][C]([CH+][N]N[C]([S])N[C]2[CH][CH][CH][CH][CH]2)[C](O[C]2[CH][CH][CH][CH][C]2N([O-])[O-])[CH]1,-0.7320352792739868
guided,O/N=C(\c1cccc(Cl)c1Cl)[C@@H]1C[C@H]1c1ccccc1,-8.011619567871094
guided,COc1ccccc1CC(=O)OCC(=O)N1CCOCC1,-1.8334357738494873
guided,OCc1cnn(Cc2ccccc2)c1,-5.194192886352539
guided,CN(C)[C]1[CH][CH][CH][C](O[N][CH+]C2CCCC(C[CH][CH][C]3[CH][CH][CH][CH][CH]3)C2)[C]1N([O-])[O-],-2.3430862426757812
guided,CN(C)NC(=O)CNC(=O)/C(=C/c1ccco1)NC(=O)c1ccccc1[N+](=O)[O-],-0.28071922063827515
guided,CCN1C(=O)/C(=C\N2CCN(Cc3ccccc3)CC2)SC1=S,-7.3199639320373535
guided,CC(C)(C)c1cc([C@H]2[N-]C=C[C@@]2(CCC(=O)O)C(=O)O)ccc1O.[H+],-1.3041092157363892
guided,O=S(=O)(c1ccccc1)c1nc(-c2ccco2)oc1NCCc1ccccn1,-1.232975721359253
guided,CN[C-]([S-])[C+]([c+]1[cH-][cH+][cH-][cH+][cH-]1)N1CCN(C)CC1,-8.634648323059082
guided,CCNS(=O)(=O)c1ccc(CCC(=O)O)cc1,-0.7537162899971008
guided,CCOc1ncccc1C(=O)N[C@H](C(=O)OC)C(=O)N1CCCC1,-0.3472330570220947
guided,COCCN(C(=O)CSc1nccn1C)c1ccc(C)cc1,-4.01922082901001
guided,N#C[C@H](C(=O)OC1CCCCC1)c1nc2ccccc2nc1NCc1ccc(C(F)(F)F)nc1,-2.4034156799316406
guided,[H]/N=c1/c(C(=O)NC[C@H]2CCCO2)cc2c(=O)n3cccc(C)c3nc2n1CCOCC,-0.3254111707210541
guided,C[CH-][C][C+]1[CH+][C+](SC[C-]([O-])N[C+]([CH+][C-]([O-])OCCC[C+]([O-])OC)[C+]2[CH+][CH-][C+](C)O2)n2[cH+][n-][n-][c+]2[N-]1,-0.43494105339050293
guided,[N-2][C][C+](C[S+2]([O-])([O-])[C+]1[CH+][CH-][CH+][CH-][CH+]1)[S+2]([O-])([O-])[c-]1[cH+][cH-][cH+][cH-][cH+]1,-0.45381656289100647
guided,CCN[C]1[CH][CH][C]([C+]([O])NC[C]([O])OC[C]([O])N[C]2[CH][C](C)[CH][CH][C]2C)[CH][C]1N([O-])[O-],-0.5835824012756348
guided,[CH2+][C-](C)[N-]N[C+]([O-])CC[C+]([O-])N(C[C-]([O-])NCC1CCCO1)[C+]1[CH+][CH-][C+](Cl)[C-](Cl)[CH+]1,-0.5040958523750305
guided,C[C@H](CN1CCCC1)OC(=O)C1CCCCC1,-7.004510879516602
guided,[H+].[H]/N=C1C(=[C-]/c2ccc(SC)cc2)/CNc2ncnn2/1,-1.8745964765548706
guided,Cn1nnnc1SCC(=O)N1CCCC1,-2.0646843910217285
guided,S=C(c1ccccc1)N1CCN(c2ccccc2)CC1,-11.82546329498291
guided,COc1ccc(NC(=O)CN(C)Cc2cccs2)cc1S(=O)(=O)N1CCCC[C@H]1C,-1.4940804243087769
guided,O=S1(=O)CC[C@H](N[S@@]2(=O)=c3ccccc3=C([O-])c3ccc(Br)[s+]3O2)C1,-0.3322533071041107
guided,Cn1c2c(c(=O)[nH]c1=O)[C@@](NC(=O)c1ccco1)(C(F)(F)F)C(=O)N2,-0.3413469195365906
guided,COc1ccc(OCc2nnc(SCC(=O)NC3CCCCC3)n2-c2ccc(F)cc2)cc1,-2.3985612392425537
guided,C[C@H](Nc1nc(-c2c[nH]c3ccccc23)cs1)c1ccccc1,-7.153403282165527
guided,Cc1c(Cl)cccc1NC(=O)Cc1nc(COC(=O)c2ccco2)cs1,-1.978075623512268
guided,Cc1ccccc1C(=O)NCCNC(=O)c1ccccc1C,-2.7637200355529785
guided,NC(=O)c1cc(S(N)(=O)=O)ccc1OCCC[C@@H](C(=O)O)c1ccc(C#CC2(O)CCCCC2)cc1,-0.604864239692688
guided,O=C1C2=C(CCCC2)C(=O)N1CNC(=S)NCc1ccco1,-1.2223984003067017
guided,O/N=C1/CC[C@@H]([C@@H]2C=CCCC2)C1,-6.706597328186035
guided,CCOc1ccc(OCC)c(S(=O)(=O)NCCN2CCOCC2)c1,-0.9698195457458496
guided,CCC/[S+]=c1/nc2c(cnn2-c2ccccc2)c([O-])[nH]1,-1.5728510618209839
guided,N[C@H](Cc1cnccn1)c1cccc(OCc2ccc(Cl)cc2)c1,-3.2587249279022217
guided,C[C@@H](OC(=O)Cc1cccc(C(F)(F)F)c1)C(=O)Nc1ccc(Cl)cn1,-2.583965301513672
guided,[H]/N=c1\c(=C\c2ccc(OS(=O)(=O)c3ccc(C)cc3)c(OC)c2)c([O-])nc2[s+]nc(S(C)(=O)=O)n12,-0.24414120614528656
guided,O=S(=O)(c1ccc(-c2c[nH]c3ccccc23)cc1)N1CCN=C1SCc1cccnc1,-2.3721303939819336
guided,CCC(=O)[C@H](C(=O)O)c1ccc(C#CC(C)C)cc1,-3.4075064659118652
guided,Clc1ccc(Br)cc1CNn1cnnc1,-4.826623439788818
guided,CC(=O)COC(=O)c1c(Oc2[c-]cccc2C)ccnc1C.[H+],-2.331291913986206
guided,CCOC(=O)[C@@](NC(=O)c1c(F)cccc1Cl)(NC1=N/C(=C2/C=C([O-])Oc3ccccc32)C=[S+]1)C(F)(F)F,-0.7462689280509949
guided,CC(C)(C)c1ccc(NC(=S)Nc2cccnc2)cc1,-6.560735702514648
guided,OCc1cccc(/C=N\c2ccccc2)c1O,-3.469137191772461
guided,C/C=C/N(CCCC)c1cc(S(=O)(=O)Nc2ccccc2OC)ccc1NC(=O)c1ccc(C)o1,-3.064068078994751
guided,COc1cc(/C=C/c2ccc3ccccc3n2)cc(Br)c1O,-6.287817478179932
guided,COc1ccc(N2CCCC2)c(NC(=O)c2ccco2)c1,-3.357696056365967
guided,[O][C](C[C+]1[CH][CH][CH]S1)N1CCN([C]2[CH][CH][CH][CH][C]2N([O-])[O-])CC1,-1.343348741531372
guided,CC(=O)N1CCc2cc(S(=O)(=O)N[C@@H](Cc3ccccc3)C(=O)Nc3cc(C)ccn3)ccc21,-0.6566739678382874
guided,CN(C(=S)Nc1ccc2ccccc2c1)c1ccccc1,-10.960700035095215
guided,C=CCn1c(-c2csc3ccccc23)n[nH]c1=S,-6.904470443725586
guided,CCCCNCc1ccc(OCC(N)=O)c(Cl)c1,-2.092651128768921
guided,C[C@@H]1CN(CCOc2ccc([N+](=O)[O-])cc2)C[C@H](C)O1,-2.023702383041382
guided,C[S+]=[S@](=O)([O-])c1cccc2cccnc12,-3.136009454727173
guided,O=C(NC1CCCCCCC1)c1ccc(Cl)c(S(=O)(=O)N2CCCC2)c1,-2.913961172103882
guided,CCN1C=CC([C@H](c2ccccc2F)c2c(O)nc(SC)n(-c3ccccc3C)c2=O)=C(C)C1,-4.837660312652588
guided,CCO/[C-]=C(/C=C\C#[O+])\C=C\C1=CC2=C(Cl)C(=O)[C@](C)(OC(C)=O)C(=O)C2=CO1,-1.0207289457321167
guided,COc1ccc(Nc2cc(C(=O)Cc3ccc4ccccc4n3)ccc2C#N)cc1,-3.2919178009033203
guided,COc1ccc(-c2nc3cc(C)ccn3c2NC(=O)c2ccnn2C)cc1,-1.7654614448547363
guided,COc1ccc(N2CCN(C(=O)c3cccs3)CC2)c([N+](=O)[O-])c1,-1.3236244916915894
guided,CCCn1nnc(NC(=O)c2cccs2)n1,-1.3493403196334839
guided,NC(=O)[C@H]1CCCN1c1ccc(N)cc1Cl,-1.3281244039535522
guided,O=C(N[C@@H]1CCCc2c1cnn2-c1ccc(F)cc1F)c1ccco1,-3.1181893348693848
guided,CC(C)C(=O)Nc1cccc(NC(=O)c2cccs2)c1,-3.2974326610565186
guided,CCOC(=O)c1[c-]nc(SC)nc1Oc1cccc(NS(=O)(=O)c2ccccc2)c1.[H+],-1.2599012851715088
guided,Nn1c(O)nnc(CC(=O)O)c1=O,-0.5557870864868164
guided,Cc1cc(C)n(C(=O)c2cc3nc(-c4ccccc4)cc(C(F)(F)F)n3n2)n1,-2.8734934329986572
guided,COc1ccccc1CNC(=O)c1cc(NC(=O)C2=C(C)OCCS2)ccc1Cl,-2.207685947418213
guided,Cn1ccnc1CN1CCCC[C@H]1C(=O)Nc1ccc(Oc2cccnc2)cc1,-1.9989591836929321
guided,O=c1oc2ccccc2cc1CNc1ccccc1SCc1cnc(Cl)s1,-5.629774570465088
guided,Cc1cc(O)c(CC(=O)c2ccc(F)cc2)c(=O)[nH]1,-1.6225717067718506
guided,CCCCOc1ccc(C)cc1/C=N\NC(=O)c1ccco1,-2.7211785316467285
guided,CCn1c2ccccc2c2cnn(CC(=O)N3CCCC[C@H]3C)c(=O)c21,-2.641505718231201
guided,Clc1nnc(Oc2ccccc2)c2ccccc12,-6.777360439300537
guided,CCCn1c(SCn2nnc3ccccc3c2=O)nc2c1c(=O)n(C)c(=O)n2C,-0.28242573142051697
guided,COc1cc2c(cc1OC)[C@H](C(=O)Nc1ccc(S(=O)(=O)Nc3ncccn3)cc1)N(C(=O)c1ccno1)CC2,-0.5486260056495667
guided,C[C]1[CH][CH][C](S([O])([O])N2CC[C]3[CH][C](S([O])([O])NCC[C]OC4CCCCC4)[CH][CH][C]32)[CH][C]1C.[H+],-3.2637269496917725
guided,COCOC(=O)/C=C/c1cccc2ccccc12,-5.978376865386963
guided,FC(F)C(F)(F)C(F)(F)[C]N1CC[C]2[CH]N[N][C]([C]3[CH][CH][CH][CH][CH]3)[CH][C]21.[H+],-7.373255252838135
guided,CO[C@H](/C=C1/CCC(=O)c2ccccc21)c1ccccc1,-8.55461597442627
guided,O=c1[nH][nH]c(C(F)(F)F)c1[C@@H](c1ccccc1)c1ccc(F)cc1,-4.814772605895996
guided,Clc1ccc(SCNc2ccccc2Cl)cc1,-12.160833358764648
guided,[H]/N=C(\C)NCc1ccco1,-3.7488763332366943
guided,O=C(Nc1ccc(Br)cc1)c1ccc2c(=O)n(C[C@H]3CCCO3)c(=S)[nH]c2c1,-2.3079867362976074
guided,COc1ccc(-c2cc(C(=O)N(C)Cc3ccccc3C)[nH]n2)cc1OC,-2.444840669631958
guided,COc1cc2c(cc1C)CCN(C(=S)Nc1ccccc1)C2,-8.361841201782227
guided,CCC(=O)O[C@H](/C=C/c1ccc(F)cc1)C(=O)NCc1cccs1,-3.577383518218994
guided,COc1ccc(/C=N/NC(=O)c2cc3ccccc3cc2O)cc1OC,-1.4070638418197632
guided,CC(=O)c1cccc(NC(=S)NC(=O)CC(C)(C)C)c1,-3.1041336059570312
guided,O=C(O)/C=C/C(=O)Nc1ncc([N+](=O)[O-])s1,-0.4063278138637543
guided,COC(C)[C-](O)[C+]([CH+][O-])OC1(C)O[C-]2[C+]([C+]1[O-])[c-]1[cH+][cH-][cH+][cH-][c+]1[C-]1[CH+][N-][CH+][CH-]N21,-0.35477104783058167
guided,O=S(=O)(N1CCOCC1)N1CCOCC1,-2.5809600353240967
guided,[CH2][C]([C]C([CH2+])C[C][N+]N[C]([O])[C]1[CH][C-]2[S+][CH][CH][C]2N1)OCC[CH2-],-1.9078768491744995
guided,CCOC(=O)[C@@H](OC(=O)CN1C(=O)[C@H]2CC=CC[C@H]2C1=O)c1ccc(Cl)cc1,-0.776350736618042
guided,Cc1ccccc1C(=O)Nc1ccc(-c2c(C)[nH]c3ccccc23)cc1,-6.834396839141846
guided,O=C(NNS(=O)(=O)c1ccccc1)C1CCN(Cc2ccccc2)CC1,-0.9524087905883789
guided,COc1ccc(C(=O)NNC(=S)Nc2ccc(Cl)cc2)cc1,-2.5702261924743652
guided,COc1ccccc1C(=O)c1ccc2c(c1)oc(=O)n2C,-2.310407876968384
guided,CCCn1c(N)c(C(=O)CCl)c(=O)[nH]c1=O,-0.4732036590576172
guided,O=C(NNC(=O)c1cc(C2CCCCC2)nn1Cc1ccccc1)c1ccccc1O,-1.258613109588623
guided,COc1ccc([N+](=O)[O-])cc1C(=O)[C@@H](OC(=O)CN1C(=O)c2ccccc2C1=O)c1ccccc1,-0.9713579416275024
guided,[CH2+]N(CC1CCCO1)[C-]([O-])C[CH+][CH-]O[CH+][C-]1[CH+][CH-][CH+][C-](OC)C1,-3.191154956817627
guided,O=C(c1nnc(-c2ccccc2)o1)c1cccc2ccccc12,-3.915022373199463
guided,CC[C@@H](C(=O)NCCCCCC(=O)OCc1cccc(C)c1)n1nc(C)c2c(C)n(CC(C)C)nc2c1=O,-1.8995554447174072
guided,Cc1ccccc1NC(=O)NC[C@H](C)O,-2.2717275619506836
guided,O=c1c2ccccc2nc(SCc2ccncc2)n1-c1ccccc1,-4.819309234619141
guided,COc1ccc(CCNC(=O)c2cc(S(=O)(=O)N(C)Cc3ccccc3)c[nH]2)cc1OC,-0.6599088311195374
guided,C/C(=N\NC(=O)c1c[nH]c2ccccc12)c1ccc2ccccc2n1,-2.404345989227295
guided,FC(F)c1n[nH]c2ccccc12,-7.074473857879639
guided,Nn1cnnc1N/N=C/c1ccc(-c2ccccc2[N+](=O)[O-])o1,-0.35551321506500244
guided,O=C(c1ccccc1)c1ncc(-c2ccccc2)n1-c1ccccc1,-7.363326549530029
guided,Cc1c(CSc2nnnn2C)nc2ncccn12,-1.254618525505066
guided,Cn1c2c(c(=O)[nH]c1=O)[CH-]c1ccc[s@SP1+]1O2,-1.9944103956222534
guided,CCOc1cc2c(cc1OCC)-n1cccc1[C@@H](c1ccc(OC)c(OC)c1)NC2,-4.4206037521362305
guided,Cc1ccc2nc(SCC(=O)N(C)C3CCCCC3)[nH]c2c1,-4.535151481628418
guided,CCCO[CH+]CN1[C+]([O-])NC([c+]2[cH-][cH+][cH-][cH+][cH-]2)([c+]2[cH-][cH+][cH-][cH+][cH-]2)[C+]1[O-].C[P-][O-],-0.31087902188301086
guided,O=C(N/N=C/c1cccc(O)c1)[C@H](O)c1ccccc1,-0.7731562256813049
guided,O=C(c1ccc(COc2ccc([N+](=O)[O-])cc2)o1)N1CCCC1,-1.0720772743225098
guided,Fc1ccccc1[C@H]1CCN(Cc2nc(CC3CC3)no2)C1,-5.065964698791504
guided,CO[C]1[CH][CH][C](CS[C+]2[N]CCS2)[CH][C]1N([O-])[O-],-1.5009243488311768
guided,S=C(NC1CCCC1)N1CCN(C(c2ccccc2)c2ccccc2)CC1,-9.88698673248291
guided,N#C[C@@H]1CN(Cc2ccccc2)CN(Cc2ccc(F)cc2)C1,-7.016876697540283
guided,Cn1c(SCC(=O)Nc2ccc(OCc3ccccc3)cc2)nnc1-c1cccs1,-3.2460522651672363
guided,COc1cc2c(cc1OC)NC(=O)/C(=C\N(C(C)=O)c1cccc(C)c1)[CH-]2.[H+],-2.332467555999756
guided,Fc1ccc(Nc2ccccc2P(=S)(N2CCOCC2)N2CCOCC2)cc1,-5.829707145690918
guided,FC(F)(F)c1nnc(Nc2ccc(C3=NCCN3)cc2)s1,-2.4995999336242676
guided,COc1cccc(-c2nc(CS(=O)(=O)CC(=O)NCCc3ccc(OC)c(OC)c3)c(C)o2)c1,-0.6856393218040466
guided,[CH2+]C(C[C+]([O-])NC[c+]1[cH-][cH+][cH-]o1)(CC(O)C(C)CC[C+]1[CH+][CH+][CH-][c+]2[cH-][cH+][cH-][cH+][c-]21)[N-][C-](C)[O-].[H+],-0.9915202260017395
guided,CC(=O)c1ccc(-n2nnnc2SCC(=O)Nc2cccnc2Cl)cc1,-0.5998252630233765
guided,COc1ccccc1OCCN1CCC(Cc2ccccc2)CC1,-9.042624473571777
guided,O=[N+]([O-])c1cccc2c(Sc3nnnn3-c3ccccc3)cccc12,-1.5472495555877686
guided,CC(C)c1nc2c(c(=O)c3ccccc3n2C)c(=O)n1CCc1ccccc1,-3.4019033908843994
guided,COC(=O)C1=C2C(O)=Cc3c(C(=O)OC)cc(OC)cc3C23O[C@H]13,-0.42535200715065
guided,NC(=O)CCN1CCCCC1,-4.064660549163818
guided,[CH][N-][C+]1[C][CH+][C-]([c-]2[cH+][c-](NC[c+]3[cH-][cH+][c-](OC)[cH+][cH-]3)[c+](C)[c+](O)[n-]2)[CH+][CH-]1.[H+].[H+].[H+],-2.6522555351257324
guided,CCCCCOc1cc(C(=O)Nc2ccccc2C(=O)O)ccc1OC,-1.822296380996704
guided,CCC[C@H](C)C(=O)OCC(=O)c1ccccc1,-4.77267599105835
guided,C[c-]1[nH][c+]2[c-]3[c+]1[C-]([O-])[C+]([CH+][c-]1[cH+][cH-][cH+]s1)[C-]([NH-])OCCCN[C+]([O-])[NH+]1C([CH-][CH+]3)C21,-0.36803892254829407
guided,OC1(c2cccc(C(F)(F)F)c2)CCN(CCc2ccccc2)CC1,-8.944866180419922
guided,O=S(=O)(c1cncc(C(F)(F)F)c1)c1ccccn1,-2.563730478286743
guided,COC(=O)CCC(=O)COc1ccc(Oc2ccc(F)cc2)cc1C#N,-1.2672929763793945
guided,CC1=NCCN1S(=O)(=O)c1ccccc1,-3.5097837448120117
guided,O=C(c1ccc2c(=O)n3c(nc2c1)CCCCC3)N1CCN(c2ccccc2O)CC1,-1.1989117860794067
guided,NNC(=O)[C@H]1[C@@H]2CCCC[C@@H]21,-3.0438015460968018
guided,Cl[c-]1[cH+][cH+]n2[c+]([CH-]OC3CCCCC3)[n-][n-][c-]2[cH+]1,-5.065403938293457
guided,Clc1ccccc1Cn1cc(CN2CCOCC2)c2ccccc21,-10.013301849365234
guided,COCCCCCN[C-]([O-])[C+]([C][N-2])N[O-].[H+],-0.4679505527019501
guided,NN[C-]([O-])[c+]1s[c-]([S-])n2[c+]1[NH2+]CCCCCCCCC2,-0.8233392834663391
guided,O=C(NCCCN1CCOCC1)c1ccc(=O)oc1,-1.325422763824463
guided,CCOC(=O)Cc1csc(N/N=C/c2ccc(C(F)(F)F)cc2)n1,-2.919752597808838
guided,O=[N+]([O-])c1ccccc1NCc1ccco1,-1.9835760593414307
guided,N#CC(/C=N/c1ccccc1)=N\Nc1ccc(C(N)=O)cc1,-0.5874886512756348
guided,CC(=O)c1c(C)[nH]c(C(=O)OCc2cc(=O)oc3cc(O)ccc23)c1C,-0.820062518119812
guided,O=C(CN1CCCCC1)c1ccc(Cl)cc1,-8.826889991760254
guided,NNC(=O)/C=C/c1ccc(Br)cc1,-2.9659550189971924
guided,CC1=C(C)C(=O)c2c(nc(C)c3c2CC(C)(C)OC3)C1=O,-3.286780595779419
guided,COc1ccc(/C(C)=N/NC(=O)c2cccs2)cc1,-3.772857666015625
guided,NS(=O)(=O)c1ccc2nc(NC(=O)COC(=O)c3ccccc3[N+](=O)[O-])sc2c1,-0.31683841347694397
guided,Cc1cc(C)c(N(C)C(=O)Nc2cccc3c2ccc2ccccc23)c(C)n1,-7.083468914031982
guided,NS(=O)(=O)c1ccc(CCN2C(=O)CCC2=O)cc1,-0.39049234986305237
guided,COCCN1C(=S)N2CCc3cc(OC)c(OC)cc3[C@H]2[C@H](O)[C@H]1c1cc(C)c2ccccc2n1,-2.540771484375
guided,CCC(=O)Oc1cccc(C(=O)Nc2ccc3c(c2)OCO3)c1,-1.6273564100265503
guided,CSc1nc(NC[C@H](C)O)c2c3c(sc2n1)CN(C)CC3,-2.36869478225708
guided,Cc1ccc(NC(=O)C#CC/C=C2/N=C3CCCCC3=C(CC(C)C)[N-]2)nc1.[H+],-4.026476860046387
guided,O=C(O)c1cnc(-c2ccccc2)nc1C(F)(F)F,-2.4831607341766357
guided,CCCN1CCN=C1c1ccc(-c2noc(-c3ccccc3)n2)cc1,-3.881258487701416
guided,NS(=O)(=O)c1ccc2ccccc2c1,-2.3339359760284424
guided,COCCCn1c(SCc2cccs2)nnc1-c1ccccc1,-6.150527000427246
guided,COc1cnc(C[S@@+]([O-])c2ccccc2)cc1OC,-3.1037988662719727
guided,Cn1c(NC[C@@H](O)c2ccc([N+](=O)[O-])cc2)nnc1-c1cnn(-c2ccccc2)n1,-0.4384651780128479
guided,[O][C](NNS([O])([O])[C]1[CH][CH][CH][C](N([O-])[O-])[CH]1)[C+]1[CH][CH][CH][C]([N+]([O])[O-])[CH]1,-0.531262993812561
guided,Cc1oc(-c2ccccc2Cl)cc1C(=O)NCCCn1ccnc1,-3.316255807876587
guided,CCCn1cc(SCc2nc3ccccc3[nH]2)c2ccccc21,-7.970105171203613
guided,CCC(=O)[C@@H]1CCCN(C(=O)C2=CCN(S(=O)(=O)c3ccccc3)CC2)C1,-1.351063847541809
guided,N#C/C(=C\NN)c1n[nH]c(=S)n1-c1ccc(Cl)cc1,-0.5695520043373108
guided,O=C1c2ccccc2CC[C@H]1Cc1ccccc1,-9.816899299621582
guided,Cc1cccc(NS(=O)(=O)c2cc3c4c(c2)CC(=O)N4CCC3)c1C,-2.1727495193481445
guided,Cn1c(Oc2ccccc2)c(C=O)c2ccccc21,-7.1223368644714355
guided,CC(C)Cn1c(-c2nc(C(C)C)no2)nc2c1c(=O)n(C)c(=O)n2C,-0.3499996066093445
guided,CCOC(=O)Cn1c(=O)oc2cc(S(=O)(=O)Nc3ccc(C)cc3)ccc21,-0.44823864102363586
guided,O=C(O)[C@@H]1CCCCN1C(=O)N1CCN(C(=O)c2cccc(Br)c2)CC1,-1.0280364751815796
guided,O=C(c1ccc(Oc2nc(-c3ccccc3)nc3c2ncn3Cc2ccc(F)cc2)cc1)N1CCCC1,-3.940211772918701
guided,CCO[C-]([O-])[C+]1[C+](C)N[C-](N[C-]([O-])N2[C+]([O-])CSC2(C)C)[C+]1C.[H+],-0.486897349357605
guided,Cc1cc(Nc2ccc(-c3ccc(OCc4ccccc4)cc3)nn2)ccc1S(N)(=O)=O,-1.7179144620895386
guided,CCOC(=O)N/N=C/c1c(SCc2ccc(Cl)cc2)c2c([nH]c1=O)CCCC2,-2.0163114070892334
guided,COc1ccc(N2C(=O)N3[C@H](c4ccc(C)cc4)[C@@H]4C(=O)N(Cc5ccccc5)C(=O)[C@@H]4[C@]3(C)C2=O)cc1,-1.6657525300979614
guided,CC[S@@+]([O-])[C@@H](CC(=O)O)SC,-2.507849931716919
guided,NNc1ncc(C(=O)Nc2cccc(C(F)(F)F)c2)n1CCc1cccc2ccccc12,-2.3813345432281494
guided,CN(C)C(/C=C1\N=c2ccccc2=[S+]c2cnccc21)=C(\[O-])O,-1.2588287591934204
guided,COCCNC(=O)COC(=O)/C=C/c1c(C)nn(Cc2ccccc2Cl)c1Cl,-1.1143064498901367
guided,CO/N=C/c1cc(Cl)c(OC)c(OC)c1,-5.1042704582214355
guided,Cn1c(=O)c2c(nc(N3CCN(C(=O)[C@H]4CCCO4)CC3)n2Cc2cc3ccccc3[nH]c2=O)n(C)c1=O,-0.2650507092475891
guided,[S-]P(NCCCCO[c+]1[cH-][cH+][cH-][cH+][cH-]1)N1CCOCC1,-6.124034881591797
guided,COc1ccc(C#N)c(OC(=O)c2ccc([N+](=O)[O-])cc2)c1,-0.6591905355453491
guided,[O][C](CSC1NCCCN1[CH+][N][C]1[CH][CH][CH][CH][CH]1)N[C]1[CH][CH][C](N([O-])[O-])[CH][C]1Br,-0.6325595378875732
guided,COc1ccc(-c2nnc(SCC(=O)N3CCCCC3)o2)cc1,-1.9458376169204712
guided,O=C(COc1ccc(Br)cc1)Nc1nnc(CC(=O)N2CCOCC2)s1,-0.4129256010055542
guided,CCOC(=O)COc1cccc(Oc2ccccc2)c1,-4.822487831115723
guided,COc1ccc(CNC(=O)N2CCN(c3cccc(C)c3C)CC2)cc1OC,-3.5714733600616455
guided,COc1cc2nc(Cl)nc(N3CCOCC3)c2cc1OC,-2.793012857437134
guided,O=C(COC(=O)c1cc2sccc2n1Cc1cccs1)NCc1ccco1,-2.162724018096924
guided,CCS[C@H]1NC(=O)N(CC(=O)Nc2ccc(F)cc2)C1=O,-0.9324209690093994
guided,C[C-]1[CH+][C-]2O[S+2]([O-])(O[C-]3[CH-][CH+][CH-][CH+][CH-]3)[C+]([C-]([O-])[CH+][CH+]N(C)C)[CH-][C+]2C1,-1.8054149150848389
guided,CCOCCOC(=O)C1=C(C)Nc2ncnn2[C@@H]1c1ccc(C)cc1,-1.163956880569458
guided,CNCCN1C(=O)c2ccccc2C1=O,-3.575709104537964
guided,O[c-]1[cH+][c+]2[n-][cH-][cH+][c-]3[c-](-[c+]4[cH-][cH+][c-](F)[cH+][cH-]4)[n-][c+]4[cH+][cH-][cH+][c-]1[c+]4n23,-4.177311420440674
guided,O=S(=O)(c1ccccc1Cl)N1CCCC1,-5.449804782867432
guided,CCC(=O)N/N=C/c1sc2ccccc2c1O,-2.409017562866211
guided,CCOC(=O)C1CCN(C(=O)C2CCN(c3nn4c(=O)cc(C)nc4s3)CC2)CC1,-0.4204573631286621
guided,[CH2-]CN(CC/C=[NH+]/C(=O)[C@H](Cc1ccc(N(C)C)cc1)NC(C)=O)Cc1ccc(C(F)(F)F)cc1,-1.8551890850067139
guided,COCCNC(=O)c1ccc(OC2CCN(Cc3cccc4ccccc34)CC2)cc1,-4.570921897888184
guided,N/C(=N\O)C(=O)NCCCN1CCCC1,-0.553242027759552
guided,[O][C]([C+]1[CH][CH][CH]O1)N1CCN([C]2[CH][CH][C](N([O-])[O-])[CH][CH]2)CC1,-0.7709457278251648
guided,CC[C@H]1CCCCN1C(=O)CCc1nnc(CCc2ccc3c(c2)OCCO3)o1,-1.64485764503479
guided,CCCNc1c(N)c(=O)oc2ccccc12,-1.7596757411956787
guided,O=C(NCC(=O)N(Cc1nc(-c2ccc(F)cc2)no1)[C@@H](C(=O)NC1CCCC1)c1ccncc1)c1ccccc1,-1.2425071001052856
guided,CO/N=C(NC#N)\[S+]=C1\C=CC=CC1=[N+]([O-])[O-],-0.49536529183387756
guided,CN(C)/C=C(\C#N)S(=O)(=O)c1ccc(-c2csnn2)s1,-0.6284601092338562
guided,N[CH+][N-][c+]1[cH-][cH+][c-](O[c-]2[cH+][cH-][cH+][c-](N[c+]3[cH-][cH+][c-](F)[cH+][cH-]3)[cH+]2)[cH+][cH-]1.[H+],-4.751279830932617
guided,O=[N+]([O-])c1cccc(CN2CCN(c3cccc(C(F)(F)F)c3)CC2)c1O,-2.280409812927246
guided,CCOc1ccc(S(=O)(=O)Nc2ccc(OC)cc2)c2cccnc12,-1.579664945602417
guided,O=C(COc1ccc(Cl)cc1)NN(Cc1ccccc1)C(=O)c1ccccc1F,-3.7055203914642334
guided,COCCCN1C=CC=C2N/C(=C3/C=CC=C[CH-]3)O[O+]=C21,-4.376574516296387
guided,COc1cc(C(=O)N2CCC[C@@H]2C(=O)O)cc(OC)c1OC,-0.6295995116233826
guided,CC(C)[C@H]1Cc2c([s+]c3n4c(SCC(=O)NCc5ccccc5)nnc4n(C)c([O-])c2-3)CO1,-0.799640953540802
guided,CN(C)CCNC(=O)[C@@H]1CCCN1C(=O)Nc1ccccc1[N+](=O)[O-],-0.2786867618560791
guided,COCCn1c(COc2ccc(F)cc2)nnc1SCC(=O)Nc1nnc(C)s1,-0.5796879529953003
guided,Brc1ccc(-c2nnc3ccccn23)c(OCCCN2CCOCC2)c1,-3.790792942047119
guided,N#CN/C(=N\c1ccc(F)cc1)SCc1ccc([N+](=O)[O-])cc1,-1.3931093215942383
guided,S=C(Nc1ccccc1)Nc1ccc(C(c2ccccc2)c2ccccc2)c(Cl)c1,-12.571861267089844
guided,NS(=O)(=O)c1ccc(NC(=S)N2CCC(Cc3ccccc3)CC2)cc1,-1.552459716796875
guided,CCCC[C@H](CC)C(=O)Nc1ccccc1NC(=O)c1cc2sccc2n1C,-4.615621089935303
guided,O=C(COC(=O)/C=C/c1cccn1-c1ccccc1)Nc1ccccc1F,-3.192735195159912
guided,Cc1ccc(OC(=O)COc2ccccc2C)c(-n2nc(C(=O)NCc3ccccc3)ccc2=O)c1,-1.2266745567321777
guided,CC(=O)c1cc([N+](=O)[O-])c(N2CCC(c3ccccc3)CC2)c([N+](=O)[O-])c1,-1.491033911705017
guided,CCCCN(CCNC(=O)C[C@@H]1Oc2ccccc2NC1=O)CC1CC1,-1.6005632877349854
guided,CN(C)[C@@H](C[C@@H]1COC(=O)c2ccccc21)c1cc(=O)oc2ccc(C(C)(C)C)cc12,-4.2781243324279785
guided,CC[C@H](CO)N(/N=N/c1nonc1N)c1cccc2ccccc12,-0.8197537660598755
guided,COc1cccc(CCNc2cccc3cccnc23)c1OC,-5.264939785003662
guided,O=C(CN1C(=O)[C@H]2CC=CC[C@H]2C1=O)NCC(=O)OCC(=O)c1ccc(Cl)cc1,-0.3774455487728119
guided,COc1ccc(C(=O)NCCC(=O)N2C[C@@H](C)Oc3ccccc32)cc1,-1.8760154247283936
guided,O=C(Cn1ccc2ccccc2c1=O)NC1=NCCS1,-1.9600824117660522
guided,CO[c+]1[cH-][c+]([CH-]O[C+]([O-])[C+]([CH+][N-]C[c+]2[cH-][cH+][cH-]o2)[CH-][CH+][CH-][c+]2[cH-][cH+][cH-][cH+][cH-]2)[cH-][cH+][c-]1OC,-2.4931843280792236
guided,FC(F)(F)/C(=N\c1ccc(Br)cc1)N/C=N/c1ccc2c(c1)OCO2,-4.575299263000488
guided,[C-3]C12C([C+]3CC(C)[C+]([CH+][c+]4[cH-][cH+][c-](OC)[c+](CN5[CH-][CH+][CH-][N-]5)[cH-]4)[C-]3[O-])[O+]1C2[c+]1[cH-][cH+][cH-][c+](OC)[cH-]1,-3.256789207458496
guided,COCCCNCCOC(C)(C)Oc1nccc2ccccc12,-3.558990478515625
guided,CCOC(=O)c1c(C)cc(OC(=O)c2ccco2)cc1OC,-1.5516538619995117
guided,CCCn1nnnc1NC(=O)CSCc1ccccc1,-1.3602309226989746
guided,Clc1cc(Cl)cc(-c2csc(N3CCc4c([nH]c5ccccc45)[C@@H]3c3ccccn3)n2)c1,-8.78541374206543
guided,NNC(=O)/C(=C\c1cccs1)NC(=O)c1ccccc1Cl,-0.7865459322929382
guided,ClCOc1ccccc1-c1nnc(-c2ccc(-c3cccc(Cl)c3)o2)o1,-5.138434886932373
guided,C[C-]([O-])N[c+]1[n-][cH+][c+](C[CH+]C2OCCO2)[c-]([O-])[nH]1,-0.4362680912017822
guided,COc1ccc2c(=O)c3c(=O)n(-c4ccccc4)c(SCc4cccs4)nc3oc2c1,-2.917189121246338
guided,CC(C)C[C@@H]1NC(=O)N(CC(=O)/C=C/C=C/c2ccco2)C1=O,-1.116265058517456
guided,O=S(=O)(CCCc1ccccc1)NCc1ccco1,-2.5801334381103516
guided,OCCNc1nc(-c2ccc(-c3ccccc3Cl)o2)nc2ccccc12,-2.9128365516662598
guided,C[C@@H]1CCCC[C@@H]1NC(=O)c1ccccc1NC(=O)c1cccs1,-3.822300672531128
guided,CNC/C=C1\[C-]=C(C(=O)N(C)[C-]=O)C=C[CH+]1.[H+],-3.6908466815948486
guided,O=C(CCNS(=O)(=O)c1ccc2c(c1)OCO2)NC1(c2ccc(F)cc2)CCCCC1,-0.9490452408790588
guided,COc1cccc(NC(=O)NCc2nc3ccc(C)cc3[nH]2)c1,-1.4021663665771484
guided,COc1ccc(C/C(C)=N/O)cc1OC,-3.5067355632781982
guided,O=S(=O)(Cc1ccccc1)NCCCOc1ccccc1,-3.077990770339966
guided,CCC(=O)Oc1cccc(/C(O)=C2/C(=O)C(=O)N(CC(=O)c3ccc(OC(F)F)cc3)[C@@H]2c2ccncc2)c1,-1.623400330543518
guided,O=S1(=O)OCC[C@H](c2ccc(F)cc2)N1Cc1ccc(Cl)cc1,-4.793480396270752
guided,CCOC(=O)SC1=N/C(=C\c2ccc(OC)c(OC)c2)C(=O)S1,-1.990337610244751
guided,[N-2][C][CH-][C+]([N-][c+]1[cH-][cH+][c-](Cl)[c+](Cl)[cH-]1)N1CCCCCC1,-7.429175853729248
guided,Cc1ccc2c(c1)N(/N=C/C(=O)N1CCOC(C)(C)C1)CCC2,-4.378866195678711
guided,NC(=O)c1ccccc1N1CCCCCC1,-4.10526180267334
guided,CCCn1nc(C)c(/C=N\NC(=O)c2cccs2)c1C,-2.8032236099243164
guided,CCCCN(Cc1cc2ccccc2nc1Cl)S(=O)(=O)N(C)C,-3.6370816230773926
guided,CCC[c-]1[cH+][n-][c+]2n1[N-][C]NN2C1CC[C+]2[CH+][CH-][CH+][CH-][C+]2C1,-4.137087345123291
guided,C[C](C[C]([O])N[CH][C-][C]([O])[C+]([O])[O-])[N+][NH+][C]([O])[C]([O])NC(C)C.[C-4].[CH-3].[H+].[H+].[H+].[H+].[H+],-0.5902134776115417
guided,Cc1ccccc1-n1nc2c(c1NC(=O)c1ccccc1)CS(=O)(=O)C2,-1.1601896286010742
guided,[O-][C+]1[C-]([C+]2[N-][C+]3[CH+][CH-][CH+][CH-][C+]3S2)[CH+][N-][C]N1[N-][CH+]C1CCCCC1,-2.7627620697021484
guided,C[C@H](NC(=O)[C@H](C)N1C(=O)c2cccc3cccc1c23)C(=O)NC1CCCC1,-1.2569056749343872
guided,CCCCC(=O)Nc1ccc(C#N)cc1,-3.4806337356567383
guided,CCO[C-]([O-])CC(O[C+]([O-])CN[C+]([O-])[c+]1[cH-][cH+][c-](F)[cH+][cH-]1)[C+]([O-])[OH+]CC,-0.3921539783477783
guided,C=CCN(c1ccc(C)c(F)c1)S(=O)(=O)c1ccccc1,-5.987161636352539
guided,O=C1/C(=C/c2ccccc2)CCc2c1cnc(C(F)(F)F)c2C(=O)O,-2.797899007797241
guided,Cc1ccc(NC(=O)CCC(=O)O)cc1F,-1.913198471069336
guided,Cn1c(=O)oc2cc(S(=O)(=O)N3CCC[C@H]3C(=O)Nc3cccc(OCC(F)(F)F)c3)ccc21,-0.6433642506599426
guided,O=c1oc2cc(F)ccc2cc1CSc1nnc2ccccn12,-2.8862085342407227
guided,CCOc1cc(CN2CC=C(c3ccccc3)CC2)cc(Cl)c1OC,-9.934637069702148
guided,COc1cccc(Oc2nc(Cl)ncc2F)c1,-4.727520942687988
guided,CCNC(=S)N(CCc1c[nH]c2ccccc12)Cc1cc2c(ccc3ccccc32)oc1=O,-4.53386116027832
guided,O=C(Nc1cc(S(=O)(=O)Nc2ccccc2Cl)ccc1N1CCCC1)C1CC1,-2.0021865367889404
guided,O=C(O)c1cc(/[C-]=C/C=C=C2N=[NH+]C3=C2CCCC3)nc2ccc(Cl)cc12,-1.9358220100402832
guided,C=C/[N+]1=C\CC/C(O)=C(C=O)\C=N\C[CH-]CC1,-3.355701446533203
guided,N#CC(=O)/[NH+]=C1/N=CC(Cc2ccccc2)=[S+]1.[C-2]=C[c-]1ccc[s+]1,-1.6348131895065308
guided,C[c-]1[cH+][cH-][c+]2[c-]([cH+]1)C1[C-]([CH+][C-]([C+]([O-])NC[c+]3[cH-][cH+][cH-]o3)ON1[c-]1[cH+][cH-][cH+][cH-][cH+]1)O2,-2.0888240337371826
guided,C=CCOCCCn1c(SCC(=O)NCc2cccs2)nc2ccccc2c1=O,-1.8436715602874756
guided,CC[C@H](/[S+]=c1\nc([O-])c2ccccc2[nH]1)C(=O)Nc1ccccc1C#N,-0.534437358379364
guided,O=S(=O)(/C=C/c1cccc(Cl)c1)N1CCN(C2CCCC2)CC1,-5.362985134124756
guided,CSC[C@@H]1CN(C2CCCC2)CC[C@H]1NS(=O)(=O)c1ccc(C)cc1,-4.181066513061523
guided,CCOc1ccccc1NC(=O)CSc1nnc(CNC(=O)OC(C)(C)C)n1-c1ccc(Cl)cc1,-2.3044698238372803
guided,CN1/C(=C/C(=O)c2cc(C(=O)NN)n(C)c2)C(C)(C)c2ccccc21,-0.8906579613685608
guided,COCCCn1cnnc1SCC(=O)NCC1CCCCC1,-1.7304896116256714
guided,N[C@@H](CS[C@]12C[C@H]3C[C@H](C[C@H](C3)C1)C2)C(=O)O,-2.3303072452545166
guided,O=S(=O)(c1ccc2c(c1)OCCO2)N1CCN(c2ccc(Cl)c(Cl)c2)CC1,-3.041574239730835
guided,CCCS(=O)(=O)N1CCC[C@H](C(=O)NC2CCCCC2)C1,-2.0015313625335693
guided,NNC(=O)c1ccc(-c2ccc([N+](=O)[O-])cc2)o1,-0.3575565218925476
guided,[CH2-]CO[S+2]([O-])([O-])N(C)[c-]1[cH+][cH-][cH+][c-](N[C-]([O-])CCS[C+]2[CH+][CH-][C+](C)[CH-][CH+]2)[cH+]1,-0.6991931796073914
guided,Nc1c(-c2ccc(Cl)cc2)cnn1[C@H]1CCS(=O)(=O)C1,-1.1242144107818604
guided,NC1=[S+]/C(=C\c2ccccc2C(=O)O)C([O-])=N1,-0.3883911073207855
guided,C[C@@H]1CCCN(C(=O)C2CCN(S(=O)(=O)c3cccc4nonc34)CC2)C1,-0.4499817490577698
guided,COC(=O)N/N=C\c1cccs1,-3.4662108421325684
guided,C[C@@H]1CCCCN1S(=O)(=O)N1CCC(=C2[N-]c3ccccc3N2)CC1.[H+],-2.6369245052337646
guided,CCCCN(CC)CCNC(=O)C1CCN(S(=O)(=O)N2CCCCCC2)CC1,-1.5367847681045532
guided,COc1cc2ccccc2cc1C(=O)NCCCn1ccnc1,-3.063055992126465
guided,COc1ccc(OCCCC(=O)NCCc2nc3ccccc3[nH]2)cc1,-1.470238208770752
guided,O[C@@](c1ccccc1)(c1ccc(F)cc1)[C@H]1CCCN1,-6.493601322174072
guided,CCOc1ccc(-c2cn[nH]c2-c2cccs2)cc1O,-3.5431370735168457
guided,[O][C]1[C][C]([NH+][C]2[CH][CH][CH][CH][C]2N[C]([O])[C]2[CH][CH][CH]O2)CCC1,-1.2447775602340698
guided,[O-][C+]1[N-][C+]([N-][c+]2[cH-][cH+][cH-][c+](O)[cH-]2)S[C+]1[CH-][c+]1[cH-][c+](N([O-])[O-])[cH-][cH+][c-]1O,-0.8912254571914673
guided,COc1cc(C(=O)NCCSC2CCCCC2)ccc1C,-6.062219142913818
guided,O=C(CNc1ccc(F)cc1)NCCOc1cccc(Cl)c1Cl,-4.307280540466309
guided,Cc1ccc(Cl)cc1NC(=O)CCN1CCC[C@@H](c2ccccc2)C1=O,-4.891899585723877
guided,CO[N-][CH+]C(C)C(CC(O)C(C)C)O[CH-]OC(C)CC1(C)OCC(O)C(C)(OC)C1[C+]([O-])OC,-0.6959450840950012
guided,Nn1c(SCc2cc(=O)n3cc(Br)ccc3n2)nnc1-c1ccco1,-0.5268200039863586
guided,O=C(CO)[C@H](O)[C@@H](CCO)C(=O)O,-0.5796146392822266
guided,S=C(Nc1cccnc1)Nc1cccc(OCCCN2CCCCCC2)c1,-5.0090556144714355
guided,C[C@@H]1CN(C(=O)COc2ncnc3ccccc23)C[C@H](C)O1,-1.8811527490615845
guided,O=C(C1CC1)N(Cc1cc(=O)n2ccsc2n1)Cc1cccs1,-3.243739366531372
guided,CCCC([CH+]C[C+]([O-])N1C[CH-][C+]([C+]2[CH-]CCCC2)CC1)[C-]([O-])O,-1.7851017713546753
guided,CCOC(=O)C(Cc1cc2ccc(C)cc2[nH]c1=O)(NC(C)=O)C(=O)OCC,-0.3451445996761322
guided,O[C@H](CNCc1ccccc1Br)c1ccccc1,-6.739597320556641
guided,Cc1cccc(OC[C@H](O)CNC[C@H](C)O)c1-c1cc(-c2ccccc2O)n[nH]1,-0.5452437996864319
guided,COc1ccc(C(N)=O)c(O)c1N1Cc2ccc(C)cc2C1,-1.2439970970153809
guided,Brc1ccc(Cn2nnc3ccccc32)cc1,-6.961058139801025
guided,CN(C)C(=S)OCc1cc2ccccc2[nH]c1=O,-4.177988529205322
guided,COc1ccc(NC(=S)N(Cc2ccco2)[C@@H](C)c2ccco2)cc1,-5.122962951660156
guided,[CH2-]CCCC/C=[NH+]\S(=O)(=O)c1ccc(CCC(=O)NCc2cccnc2)cc1,-0.4431616961956024
guided,Cc1cc(Oc2ccnc3ccccc23)ccc1-n1cnnn1,-2.387526273727417
guided,CC1=CC=CC2=C/C(=C\N(CCN(C)C)C(=S)NCc3ccco3)C(=O)N[C-]12.[H+],-2.5868515968322754
guided,O=C(/[C-]=[NH+]/c1ccccc1)NCCCOc1ccccc1O[C@H]1C[C@@H](O)[C@H](OCOCCO)CO1,-0.29230746626853943
guided,CC(=O)Cc1nsc(NC(=O)c2ccc(COc3ccccc3Cl)o2)n1,-1.2375928163528442
guided,O=C(O)c1ccccc1/C=C/Nc1ccccc1[N+](=O)[O-],-1.1032794713974
guided,CN1CCN(C(=O)c2ccc(N3CCOCC3)cc2)CC1,-5.426977634429932
guided,C/C(CC(=O)Nc1ccc(F)cc1)=N\NC(=O)NCc1ccncc1,-0.5525217056274414
guided,Cc1noc(C(=O)Nc2cnccc2C(F)(F)F)c1Cl,-2.30318284034729
guided,O=C(O)c1cc(/N=C2\C=C(O)c3ccccc3C2=O)ccc1O,-0.785311222076416
guided,Cn1[c+]([O-])[nH][c+]([O-])[c+]([CH-]N[c+]2[cH-][cH+][c-](O[c+]3[cH-][cH+][cH-][cH+][c-]3F)[cH+][cH-]2)[c-]1O,-0.49522024393081665
guided,Cc1ccc(OCc2nnc(SCC(=O)Nc3nc4ccccc4s3)o2)cc1,-1.6889564990997314
guided,O=C(NCCCn1ccnc1)c1ccc(Cl)s1,-4.137887477874756
guided,Cc1nc2[nH]c3cc(C(F)(F)F)ccc3n2c(=O)c1F,-3.855180501937866
guided,C=CCSc1nnc(SCc2nc3ccccc3c(=O)[nH]2)s1,-1.9608381986618042
guided,COc1ccc(CC(=O)NCc2ccc([N+](=O)[O-])cc2)cc1OC,-0.6532089114189148
guided,N[C@@]12CCCC[C@@H]1CC(NCc1ccc3c(c1)OCO3)=CC2=O,-1.4194884300231934
guided,CCOc1cc(CN2CCOCC2)cc(S(=O)(=O)NC2CC2)c1,-1.6239902973175049
guided,CN1CCN(C(=O)c2cccc(Nc3cccc(Nc4ccccc4F)n3)c2)CC1,-3.393852472305298
guided,Cc1ccc(S(=O)(=O)CCc2ccccn2)cc1,-4.055521488189697
guided,COCCn1c(=O)[nH]c2cc(C(=O)Nc3cccc([N+](=O)[O-])c3)ccc21,-0.42989009618759155
guided,CN(c1ccccc1)S(=O)(=O)c1ccccc1C#N,-2.439326286315918
guided,NNC(=O)CN[C@H](c1ccc(F)cc1)c1cc(Cl)ccc1NC(=O)c1ccccc1,-1.0187406539916992
guided,Fc1ccc(-n2cnc3ccccc32)nc1,-6.619633197784424
guided,CC(=O)c1cc(F)c(Nc2cc(C)nc3c(Cc4ccc(F)cc4)cnn23)cc1C,-4.507521152496338
guided,O=C(N/N=C(\c1ccccc1)c1ccc(O)cc1)c1ccccc1C(=O)N1CCCCC1,-1.963845133781433
guided,CCOCCc1nnc(NC(=O)C2CCCCC2)s1,-2.3331406116485596
guided,COc1ccccc1N(C)C(=O)c1cccc2c(Br)cccc12,-8.34846305847168
guided,Cc1coc(CCCCCCCCC(=O)CC(=O)OC(C)C)c1,-4.5600972175598145
guided,O=C(COC(=O)CNS(=O)(=O)c1c(Cl)cccc1Cl)NCc1cccs1,-0.48864486813545227
guided,COc1cccc(OC)c1C(=O)NC(=O)Nc1cccc2ccccc12,-1.896845817565918
guided,CCCc1cc(=O)[nH]c(SCC(=O)NCc2ccc(N3CCOCC3)cc2)n1,-0.6087727546691895
guided,CN(Cc1ccccc1)C(=O)N1CCOCC1,-6.029595375061035
guided,O=C1c2cccc3c(OCC(F)F)ccc(c23)C(=O)N1c1ccccc1,-5.1733856201171875
guided,O=C(/C(C(=O)c1cc2ccccc2o1)=C(/O)c1ccc(O)c(O)c1)c1ccc(O)cc1,-1.8823941946029663
guided,CN(CCc1nc2ccccc2[nH]1)C(=O)[C@H]1CC(c2ccccc2F)=NO1,-1.8085907697677612
guided,O=C(Cc1cccc(C(F)(F)F)c1)NNC(=S)Nc1cccc(Cl)c1Cl,-4.675924777984619
guided,CS(=O)(=O)c1ccc(Cl)c(NC(=O)[C@@H]2CC(=O)N(Cc3ccco3)C2)c1,-0.5078209638595581
guided,O=S(=O)(CCS(=O)(=O)c1nc2ccc(Cl)cc2s1)c1ccccc1,-1.3213801383972168
guided,COc1cc(NC(=O)C2CCN(S(=O)(=O)c3ccc(Br)s3)CC2)cc(OC)c1,-1.3448514938354492
guided,O=C(CN1C(=O)COc2ccccc21)NCCCCN1CCOCC1,-1.337623953819275
guided,COC[CH-]n1[c+](C2CCCCC2)[n-][c+]2[cH-][cH+][cH-][cH+][c-]21,-7.539346218109131
guided,Cc1cc(/C=N/n2cnnc2)c(C)n1-c1cccc(C(=O)Nc2ccc(F)cc2)c1,-2.0327937602996826
guided,Nc1ccc(S(=O)(=O)N2CCC(C(=O)NCc3ccco3)CC2)cc1,-0.3151887059211731
guided,O=C(NNS(=O)(=O)c1ccc(Br)cc1)c1ccccc1O,-0.43659594655036926
guided,CC(=O)c1cc(S(=O)(=O)N(C)c2ccc(O)cc2)ccc1OCC(=O)O,-0.4142642617225647
guided,[O-][S+2]([O-])([c-]1[cH+][cH-][c+]2[c-]([cH+]1)[CH-]CCCC2)N1CC[N-][C-]1SC[C+]1[CH+][CH-][CH+][CH-][C+]1Cl,-3.8121025562286377
guided,CSc1ccc(-c2nnn(Cc3nc4ccccc4s3)n2)cc1,-3.5338947772979736
guided,CCCN(Cc1ccc2ccccc2c1)CC(C)C,-13.70844554901123
guided,CCNc1ccc(S(=O)(=O)N(C)C)cc1[N+](=O)[O-],-0.47892943024635315
guided,CC(=O)Nc1ccc(NC(=S)Nc2ccon2)cc1,-1.0979686975479126
guided,CCC[N-][c+]1[n-][c+]2[c-]([cH+][c-]1-[c+]1[cH-][cH+][cH-][cH+][cH-]1)[c+](C)[n-]n2C1CCCCC1,-6.880419731140137
guided,O=C(N/C(=C\c1ccccc1OC1CCNCC1)C(=O)N1CCOCC1)c1cccs1,-1.0645560026168823
guided,COc1ccc([N+](=O)[O-])cc1C(=O)OCC(=O)Nc1nccs1,-0.36942803859710693
guided,CO[c-]1[cH+][cH-][cH+][cH-][c+]1C1[c-]2[nH][c+]3[cH-][cH+][cH-][cH+][c-]3[c+]2CC2[C+]([O-])N(CCCN3[CH+]COCC3)C[C-]([O-])N21,-0.39553168416023254
guided,NNC(=O)CCCn1cnc([N+](=O)[O-])n1,-0.46602001786231995
guided,CC(=O)c1ccc(C[C@@H](C)c2ccc(C(=O)c3ccccc3)cc2)cc1,-8.20280647277832
guided,Cc1cc(OCC(=O)NC2CC2)c2c(C)c(C)c(=O)oc2c1,-1.7722002267837524
guided,CCNC(=S)N(CCc1cc(-c2ccccc2)n[nH]1)CC(C)C,-5.008134841918945
guided,Cc1ccc(-c2noc([C@@H]3CCCN(S(=O)(=O)c4ccccc4)C3)n2)cc1,-1.8088037967681885
guided,Clc1ccc2c(NCc3nc4ccccc4s3)ccnc2c1,-7.1912150382995605
guided,[O-]/C=C/Br.[O-][P+](N1CCOCC1)=[N+]1CCOCC1,-1.5834715366363525
guided,OOc1ccoc1-c1ccc2ccccc2c1,-5.47647762298584
guided,COc1ccc(COC(=O)NS(=O)(=O)c2cc(Br)cnc2N)cc1,-0.43789494037628174
guided,S=C(Nc1ccccc1Cl)N(Cc1ccccc1)Cc1ccccn1,-8.882017135620117
guided,COCCOc1cc(-n2[nH]c(=O)c3ccccc3c2=O)c(Cl)cc1Cl,-1.684288740158081
guided,CCOCC(=O)Nc1c(C(=O)OCC)oc2ccccc12,-1.1821012496948242
guided,Cc1cccc(C(=O)NCC(=O)OCc2c(C)noc2C)c1,-0.8952218294143677
guided,CCCOC(=O)Nc1ccc2c(c1)S(=O)(=O)N=C(CCC(=O)OC)N2,-0.4991336166858673
guided,CC(=O)C1=C(N)Nc2ncnn2C1,-0.7252660989761353
guided,NC(=O)c1sc2nc3c(c(-c4ccccc4)c2c1N)CCCC3,-1.4648891687393188
guided,O=S(=O)(O)CCO,-1.5367021560668945
guided,O=C(COC(=O)c1cccc2c1OCO2)Nc1ccc2[nH]c3c4ccccc4ccc3c2c1,-2.3803133964538574
guided,O[C@@H](CNCCc1ccccc1)CNC1CCCCC1,-4.414597034454346
guided,COc1ccccc1N/C(N)=N\c1nc(C(F)(F)F)cc(=O)[nH]1,-0.425709992647171
guided,Cc1cc(C)n(Cc2cccc(C(F)(F)F)c2)n1,-9.66943645477295
guided,C[c-]1[cH+][cH-][c+](CN(C[C][C][O-])CC(N[C][N-]CC[O-])[C+]2[CH+][CH+][CH-][CH+][CH-]2)[cH-][cH+]1.[H+].[H+],-1.1352415084838867
guided,[CH2+]C[C@@H]1[C-](C)CC[C@@H]1C(=O)NCc1ccccc1,-7.193287372589111
guided,COc1ccc(OC)c2sc(NC(=O)C(C)C)nc12,-2.673940420150757
guided,S=c1[nH]nc(C2CCCCC2)n1/N=C/C=C/c1ccco1,-3.678678274154663
guided,CCCCOc1ccc(OC(=O)c2cccnc2)cc1,-4.360658168792725
guided,C[C@@H]1CC[C@H](Cc2ccccc2)N1C(=O)c1ccccc1,-9.315850257873535
guided,COc1cc(OC)c(S(=O)(=O)N2CCCCC2)cc1/C=C(\C#N)C(=O)O,-0.432706356048584
guided,O=C(CSc1nc2ccccc2o1)c1cccc(Cl)c1,-5.797582149505615
guided,COc1ccccc1/C=N/NC(=O)c1ccc(N2CCOCC2)c(NS(=O)(=O)c2ccc(F)cc2)c1,-0.8484601378440857
guided,CCCn1c(N)c(C(=O)Cn2ccc(-c3ccc(F)cc3)n2)c(=O)[nH]c1=O,-0.3105010986328125
guided,OC[P+](O)(O)[C-]1[CH-][CH+][CH-][CH+][C-]1O,-1.0924192667007446
guided,COCCCNC=C=C([O-])O[C@@H](C)C(C)(C)OC#[O+],-0.8596634268760681
guided,O=C(Oc1cccc2cccnc12)c1ccco1,-3.6026697158813477
guided,Nc1c(NS(=O)(=O)c2cccc([N+](=O)[O-])c2)c(=O)[nH]c(=O)n1CC1CC1,-0.3363680839538574
guided,C/C(=N\NC(=O)CNC(=O)C1CCCCC1)[C@]12C[C@H]3C[C@H](C[C@H](C3)C1)C2,-2.3227458000183105
base,C/C(=N\O[C@H](C)[C@@H](c1ccccc1)N1CCCCC1)c1ccccn1,-6.586029529571533
base,Cc1ccc(S(=O)(=O)N2CCC[C@H](C(=O)Nc3ccc4oc(Cl)cc4c3)C2)cc1,-2.230365753173828
base,OCc1nc2ccccc2n1Cc1ccccc1,-5.413041591644287
base,O=C(C/[S+]=c1\nc2ccccc2c([O-])n1Cc1ccco1)N1CCC[C@@H](Nc2ccccc2)C1,-1.1941161155700684
base,CCSc1ccnc(N2CCOCC2)c1,-7.4513468742370605
base,O=C(O)c1ccc(-n2nnnc2/C=C/Nc2ccccc2C(=O)C(=O)N2CCC(c3ccccc3)CC2)cc1,-1.41490638256073
base,CCN(Cc1ccccn1)Cc1nc(-c2ccc(OCC(C)C)cc2)no1,-3.0809319019317627
base,COc1ccc(N/C(C)=C/C(=O)c2ccccc2)cc1,-6.056158542633057
base,Brc1ccc(NCc2ccc3c(c2)OCO3)cc1,-7.338608741760254
base,FC(F)Oc1cccc(Nc2nc3ccccc3c3nc4ccccc4n23)c1,-5.574933052062988
base,CN(Cc1ccc(C(F)(F)F)cc1)C(=O)c1ccc(NC(=O)c2ccco2)cc1,-3.8541741371154785
base,CCOC(=O)/C=C1\SCC(=O)N1Cc1cc(C)[nH]n1,-1.179378867149353
base,Nc1ccc(CNC(=O)c2ccco2)cc1CC1(O)CCCCC1,-0.9859567284584045
base,C=[O+]CCOCCOCCOCCOCCOCCOCCOCCOCN1CCOCC1.[O-]P(c1ccccc1)c1ccccc1,-0.3464118242263794
base,Clc1ccc2sc(CSc3cccc4ccccc34)cc2c1,-17.26248550415039
base,CCO[C]1[CH][C]([C+]([O])OC[C]([O])NC2CC2)[CH][CH][C]1O[C]1[CH][CH][CH][CH][C]1N([O-])[O-],-0.7038787603378296
base,C=COC(=O)CSc1snc(SCC(=O)OC(C)C)c1C#N,-0.9387113451957703
base,Brc1ccc(OCCN2CCOCC2)cc1Br,-8.490315437316895
base,[CH2-]CN(C(=O)C=[N+](C)C)[C@H](C(=O)NCCCc1ccccc1)C(=O)N1CCN(c2ccccc2)CC1,-1.0480574369430542
base,CC(S[c+]1[n-][c+]2[cH+][cH-][cH+][cH-][c+]2[c-]2[n-][c+](N3CCOCC3)[n-][cH+]n12)[C-]([O-])O,-0.24763451516628265
base,CC(C)[C@H](NC(=O)N1c2ccccc2Sc2ccccc21)C(=O)N1CCCC1,-4.736608505249023
base,O=C(O)CCCC(=O)NC1CCCCC1,-1.9567478895187378
base,OCc1nccc2c1CCCc1ccccc1-2,-6.2964091300964355
base,OCCNc1nc(N2CCN(c3ccc(F)cc3)CC2)nc2ccccc12,-2.0940001010894775
base,CCOC(=O)/C(=N\OCCN1CCC=C(C(=O)O)C1)c1ccccc1,-0.5261583924293518
base,O=[P@@](Nc1ccccc1Cl)(c1ccccc1)c1nc2c(s1)CCCC2,-6.499678611755371
base,[CH2+]C([CH2-])(C)C[CH+][c-]1[cH+][cH-][cH+][cH-][c+]1[C-]1O[NH+]1[C]CCOC1OC(C)C(O)C(O)C1O.[H+],-0.41573402285575867
base,[H]/[O+]=C\c1ccc(CO)o1.[O-]P(c1ccccc1)c1ccccc1,-0.9700204133987427
base,O=C(COc1ccc(/C=N/NS(=O)(=O)c2ccccc2)cc1)NS(=O)(=O)c1ccc(F)cc1,-0.40884560346603394
base,S=C(NCc1ccccn1)C1CCCCC1,-7.959834098815918
base,NNC(=O)c1cccc(OCCOc2ccc(Br)cc2)c1,-1.4561645984649658
base,CCCCCCC(=O)Nc1nnc(-c2ccccc2C)s1,-4.297774314880371
base,O=c1[nH][nH]cc1-c1ccc2c(c1)OCCCO2,-1.7666150331497192
base,O=C(/N=C1\S[C@@H]2CS(=O)(=O)C[C@@H]2N1Cc1ccccc1Cl)C1CC1,-1.9664794206619263
base,N/C(=N\OC(=O)Nc1ccc(OCc2ccccc2)cc1)c1ccccc1,-1.746096134185791
base,O=C(NNC(=O)c1ccc(Cl)cc1Cl)c1cccc(-n2cnnn2)c1,-0.4743140935897827
base,N/C(=N\NC(=O)C1CC1)SCC(=O)Nc1nccs1,-0.3601956367492676
base,[N-2][N-][C+]1[C+]([c+]2[n-][c+]3[cH-][cH+][cH-][cH+][c-]3s2)[CH+][CH-][CH+][C-]1[C+]([O-])O,-0.5349249243736267
base,COC(=O)CNc1nc(Cl)nc(NCc2ccc(F)cc2)n1,-0.5860891938209534
base,S=C(NCc1ccco1)NC[C@]12C[C@H]3C[C@H](C[C@H](C3)C1)C2,-6.100218296051025
base,CC(=O)c1cccc(NC(=S)N2CCN(c3ccc(C)c(F)c3)CC2)c1,-6.50114631652832
base,C[C+]1[CH-][C+]2[CH-][CH+][CH-][CH+][C+]2OC[C-]([O-])N(CCCN2CCCC(C)C2)[CH-]1,-5.382699012756348
base,Br[c-]1[cH+][n-][c+]2[cH-][cH+][c-](O[c+]3[n-][cH+][cH-][cH+][n-]3)[cH+][c-]21,-3.6640255451202393
base,COc1ccccc1C(=O)Nc1ccc(NC(=O)c2ccc3ccccc3c2)nc1,-2.4713032245635986
base,S=C(NC1=NCCC1)N1CCCCC1,-7.086349010467529
base,FC(F)OC(F)(F)[C@@H](F)Cl,-11.330460548400879
base,CCN(CC)CCOC(=O)Nc1ccc(C(C)=O)cc1,-2.83286452293396
base,Cn1c(=O)[nH]c(=O)c2c1nc(N1CCCC1)n2CC(=O)NCc1ccccc1,-0.2565322518348694
base,[CH2-][C@@H](C(=O)N1CCN(C)CC1)[C@@H](C(=O)C1=[S+2]=CC=C1)[C@H](O)[N-]C,-1.2569859027862549
base,Nn1cnnc1SCC(=O)N1CCN(c2ccccc2)CC1,-0.7731819152832031
base,F[C@@H](COc1ccccc1)[C@H](F)C(F)(F)F,-11.354639053344727
base,CN(C)S(=O)(=O)c1cccc(-c2nnc3n2CCCCC3)c1,-1.7011029720306396
base,Brc1cccc(OCCCCNC2CCCCC2)c1,-9.662099838256836
base,CC[C@H](C)c1ccccc1NC(=S)Nn1cnnc1,-3.306373119354248
base,CCN(c1ccc(OC)cc1)S(=O)(=O)c1nnc(NC(=O)c2cccs2)s1,-0.7801764607429504
base,COc1ccc(N[C@H]2CCCN(C(=O)COc3ccc(-c4cccn4C)cc3)C2)cc1,-3.9178779125213623
base,S[C@@H](COCc1ccc(Cl)cc1)CN1CCN(c2ncccn2)CC1,-4.929786682128906
base,O=C(O)c1ccc(NC(=S)N2CCOCC2)cc1OC1CCCCC1,-1.984930157661438
base,N#CCC(=O)NNc1ccccc1[N+](=O)[O-],-0.39413025975227356
base,Fc1ccc(Cl)c(-c2nnc3ccc(C(F)(F)F)cn23)c1,-7.771841526031494
base,O=C(O)/C=C/c1ccc(Oc2ccc(C(=O)O)cc2)cc1,-1.3221509456634521
base,CC(=O)c1cccc(OCC(=O)c2ccc(C)c(C)c2)c1,-5.251284599304199
base,CCCN(C)Cc1ccccc1O,-7.8892598152160645
base,NNC(=O)c1ccc(CN2CCOCC2)cc1,-1.6655128002166748
base,CNCCC(=O)N1CCc2ccccc21,-6.105164051055908
base,O=C(O)c1cccc(Nc2ncc(/C=N/NC(=O)c3cccs3)s2)c1,-0.984512209892273
base,COc1ccccc1N1CCN(C(=O)Nc2cccc(C(F)(F)F)c2)CC1,-5.20294189453125
base,S=C(NCCN1CCCCC1)Nc1ccccc1,-7.2211503982543945
base,Cc1cc(C)cc(OCC(=O)N[C@@H]2CCCc3ccccc32)c1,-6.052008628845215
base,Brc1cccc(OCCNc2cccc3ccccc23)c1,-10.118446350097656
base,O=C(Cc1c(C(=O)/C=C/c2ccc(F)cc2)[nH]c2ccccc12)NC1CC1,-3.2193057537078857
base,[NH2+]=NC(=O)C/[C-]=C/C=C\[C-]=[NH+]/C(=O)c1ccccc1Cl,-0.6087183356285095
base,[H+].[H+].[H+].[O-][C+]([C][C]C1(N(C[C+]2[CH+][CH-][C+](F)[CH-][CH+]2)C2CC[CH-][C]C[C+]2[CH+]O)OO1)OCCS[c-]1[cH+][cH-][c+]2[cH-][cH+][cH-][cH+][c+]2[n-]1,-1.720241904258728
base,O=C(O)c1cccc(/N=N/Nc2ccccc2)c1,-1.9554635286331177
base,FC(F)Oc1ccccc1N1CCN(Cc2c[nH]c3ccccc23)CC1,-7.293893337249756
base,NC[C@@H](c1ccccc1)c1c[nH]c2ccccc12,-5.196313858032227
base,O=c1c2ccccc2nnn1CSc1ccc(Cl)cc1,-4.286380767822266
base,CN(C)CCn1c(/N=C\c2cccc3ccccc23)nc2ccccc21,-7.285372257232666
base,[CH2-]CCC[CH-]CN1CC[N+](=C2C=CC(=[NH+]C(=O)[C@@H](C)OC(=O)c3ccccc3)C=C2)CC1,-2.037734270095825
base,COc1cccc(OC[C@@H](O)Cn2cnc3c2c(=O)n(C)c(=O)n3C)c1,-0.2583189308643341
base,O=C(NCC[C@@H](c1ccccc1)c1ccco1)c1cc2ccccc2o1,-4.694704055786133
base,Clc1ccccc1CN1CCN(c2ccccc2Cl)CC1,-12.578899383544922
base,COc1cccc(CNC(=O)[C@H]2CCC(=O)N(CC3CCCCC3)C2)c1,-3.040604591369629
base,O=S(=O)(Cc1csc(-c2ccccc2)n1)c1ccc(O)cc1,-2.390725612640381
base,S=C(NCCc1ccccc1)Nc1cccc(Cl)c1,-8.589848518371582
base,[O-][c+]1[cH-][c+](CO[C-](F)COC[c+]2[cH+][n-][cH-][cH+][cH-]2)[n-][c+](S[c+]2[cH-][cH+][cH-][cH+][cH-]2)[nH]1,-1.1664183139801025
base,C/[O+]=C1/C=C2C=CC1C(=O)NC(=O)C=C=[S@@](=O)([O-])CCC(=O)N[C@@H]2CC(=O)Nc1ccc2c(c1)OCO2,-0.37040114402770996
base,N#Cc1ccccc1OCC(=O)N1CCN(c2cccc(Cl)c2)CC1,-3.094438076019287
base,CCC(C(O)C[CH+]C(C)O[C+]([O-])C[c+]1[cH-][cH+][cH-][cH+][cH-]1)N1CC[C-]([O-])N(CCCO)CC1,-0.37428924441337585
base,CNCCOc1cc(O)cc(O)c1,-2.2706549167633057
base,COc1cc(CNCC(C)C)ccc1OCc1ccc2c(c1)OCO2,-4.494476795196533
base,[H+].[O-][SH+2]1CC1[CH-]NC[c-]1[cH+][cH-][cH+][n-][cH+]1,-3.6091012954711914
base,O=S(=O)(NCC[C@H]1CC1(Cl)Cl)c1ccc(NC(=S)Nc2ccc(Oc3ccccc3)cc2)cc1,-4.1257243156433105
base,C[c+]1[n-][cH-][c+](-[c+]2[n-][c-](C)[c-]([C+]([O-])OC[C+]([O-])[c+]3[cH-][cH+][c-](F)[cH+][cH-]3)[c+]2O[c+]2[cH-][cH+][c-](F)[cH+][cH-]2)[c+]([O-])n1CCC(C)C,-1.124570369720459
base,[O-]P(N[c+]1[cH-][cH+][cH-][c+](F)[cH-]1)O[c+]1[cH-][cH+][cH-][c+]2[cH-][cH+][cH-][cH+][c-]12,-5.343851566314697
base,OC[C@]1(Cc2ccccc2)CCCN(Cc2cnn(-c3ccccc3)c2)C1,-5.485263347625732
base,O=C(Cn1nc(-c2ccc(Cl)cc2)c2ccccc2c1=O)Nc1ccccn1,-1.8418521881103516
base,COc1ccccc1COC(=O)c1cccc(NC(=O)c2cccs2)c1,-3.204525947570801
base,OC1CCN(CCc2ccccc2)CC1,-7.747260093688965
base,NOc1ccc2cc([C@@H]3CC(c4cc[c-]cc4)=NN3c3ccccc3)c(Cl)nc2c1.[H+],-4.345284938812256
base,O[C@H](Cc1ccc(Br)cc1)CN1CCOCC1,-6.097438335418701
base,Cc1cccc(NC(=O)C(=O)c2cn(CC(=O)N3CCc4ccccc43)c3ccccc23)c1,-2.6372992992401123
base,C[c+]1[cH-][cH+][c-]([C+]2[CH+]S[C+](N[N-][C-](C)[C][CH+][C][C][CH+][c+]3[cH-][cH+][cH-][cH+][cH-]3)[N-]2)[cH+][cH-]1.[H+],-7.727655410766602
base,CP(C)(=O)CCC(=O)O,-3.188950300216675
base,C[N-][C+]([O-])N(C)[c+]1[cH-][c+](-[c+]2[cH-][cH+][cH-][cH+][c-]2Cl)[n-][c+]2[cH-][cH+][cH-][cH+][c-]12,-3.7248246669769287
base,C=C(C)CSc1nnc(-c2cc3ccccc3o2)n1C,-5.236297130584717
base,O=C(OCn1ncc(Cl)c(Cl)c1=O)c1ccc(F)cc1,-2.5539135932922363
base,[CH2-]CCCC=[N+]=C=C=C/C=[C-]/N1CCN(c2ccc(Cl)cc2)CC1.[H+],-8.951414108276367
base,COCCCCC(=O)NNS(=O)(=O)c1cccc([N+](=O)[O-])c1,-0.36150339245796204
base,N#Cc1ccc(NCCCCNS(=O)(=O)c2ccc(Br)cc2)c([N+](=O)[O-])c1,-1.0451363325119019
base,Nc1nnc(CC(=O)N/N=C/c2ccc[nH]2)s1,-0.40378397703170776
base,[O][C](NO[C]([O])[C+]1[CH][CH][CH][CH][CH]1)[C]1[CH][CH][C](Cl)[C](N([O-])[O-])[CH]1,-0.630854606628418
base,COc1cc(-c2nnc(SCC(=O)Nc3cc(C)on3)o2)cc(OC)c1OC,-0.6321276426315308
base,COC(=O)c1ccc(OCC(=O)Nc2c(C)nn(Cc3ccc(Cl)cc3)c2C)cc1,-1.7549322843551636
base,O=C(Cn1nnc2ccccc21)NC[C@@H](c1cccs1)N1CCOCC1,-1.2468856573104858
base,S=C(Oc1ccccc1)c1ccc[nH]1,-7.755126953125
base,COc1ccc2ccccc2c1[C@H]1CC(C)(C)NC(=S)N1,-6.644205570220947
base,CCOC(=O)c1c(C)cc([N+](=O)[O-])c(C)c1[N+](=O)[O-],-0.674201488494873
base,O=C(CO[C-]1C=CC(=C=C=CCCCO)C=C1)Nc1ccc(N2CCCCC2)c(F)c1.[H+],-3.751192569732666
base,CC(=O)N1CCN(CC(=O)Nc2nc3ccccc3[nH]2)CC1,-0.7117887139320374
base,CNC(=O)CCS(=O)(=O)c1ccc2ccccc2c1,-2.044218063354492
base,C[C@@H](OC(=O)c1cccnc1SCC(=O)NCc1ccccc1)C(N)=O,-0.2940281927585602
base,Cn1c(=O)c2c(nc(NCCNC(=O)c3ccco3)n2CC(=O)OCc2ccccc2)n(C)c1=O,-0.23049718141555786
base,COc1ccc(C)cc1Nc1nnc(SCn2nnc3ccccc3c2=O)s1,-0.9994398355484009
base,O=C(OCC(=O)N1CCOCC1)c1ccccc1NS(=O)(=O)c1ccccc1[N+](=O)[O-],-0.3135627210140228
base,NC(=O)c1c(N)cccc1CCCCCCC(=O)NCc1ccco1,-0.6736096143722534
base,CC(=O)NCCc1c(C)n(-c2ccccc2)c2ccccc12,-6.554845809936523
base,S=C(NCCc1ccccc1)N1CCc2ccccc2C1,-9.890578269958496
base,FC(F)(F)c1nnc2ccccn12,-6.636031627655029
base,CC(/N=[N+]1\C#[N+]N=C1c1ccc(S(=O)(=O)N(C)C)cc1)=[S+]/C/[C-]=C/[CH-]c1[c-]cccc1,-1.9818018674850464
base,CCOC(=O)c1c(C)[nH]c2ccc(S(=O)(=O)N3CCC[C@H](C)C3)cc2c1=O,-0.6357662677764893
base,COc1ccc(CN2CCC(C(=O)N3CCN(c4ccccn4)CC3)CC2)cc1OC,-2.7638938426971436
base,[O-][C+]([C-]1[CH+]C([C][CH+]O[c-]2[cH+][cH-][cH+][cH-][cH+]2)CC(OCCCCO)O1)N1CCN(C23CC4CC(CC(C4)C2)C3)CC1,-1.8869775533676147
base,COc1cc(Nc2nnc(SCC(=O)NC3=NCCS3)s2)c(Cl)cc1Cl,-1.5275932550430298
base,O=C(NCCCN1CCCC1=O)Nc1ccc(Cl)cc1Cl,-2.8076400756835938
base,O=[N+]([O-])c1cccc(CSC2=NC[C@H](Cc3ccccc3)N2O)c1,-1.6588126420974731
base,N#Cc1ccccc1Cn1nnc2cc(-c3cnn(Cc4ccccc4)c3)ccc21,-2.576251268386841
base,CC(C)=CCN1CNC(=S)N(c2ccccc2C)C1,-9.065276145935059
base,NC(=O)c1ccsc1NC(=O)C/[S+]=c1\nc2ccccc2c([O-])[nH]1,-0.24300961196422577
base,O=C(CNc1ccccc1F)c1ccccc1,-7.17490291595459
base,CN1C=Cc2cc3ccccc3cc2S1(=O)=O,-5.4678754806518555
base,CC(C)(C)c1cc(NC(=O)Nc2ccon2)no1,-0.710913896560669
base,O=C(/C=C/c1ccc(Cl)cc1[N+](=O)[O-])Nc1ccccn1,-1.2124086618423462
base,Nn1c(CSc2ccccc2)nc2cc(Cl)ccc2c1=O,-2.7087574005126953
base,Cn1cnc2cc(NCc3ccccc3)ccc21,-7.02343225479126
base,O=[N+]([O-])c1ccc(OCc2n[nH]c(=S)n2/N=C/c2ccco2)cc1,-0.7773930430412292
base,C[C](CS[C]([O])[N-]CCN1[CH][CH][N][CH]1)[O+][C][C][C]N[C]([O])[C]1[CH][CH][CH][C]2CN(S([O])([O])[C]3[CH][CH][C](Cl)[CH][CH]3)[C]([O])[C]21.[H+],-1.5388890504837036
base,CC1(O[P-][CH+][c-]2[cH+][cH-][cH+][c-](O[c-]3[cH+][cH-][cH+][cH-][c+]3F)[cH+]2)CCNC(CN(CC[c+]2[cH-][cH+][cH-][cH+][cH-]2)C[C+](C2CC2)N2[N-][CH+][N-][c+]3[cH-][cH+][cH-][cH+][c-]32)C1.[CH2].[H+].[H+],-13.07569694519043
base,O=C1CO[C@H]([C@@H](O)CO)[C@@H](O)[C@H]1O,-0.5557870864868164
base,CC[C@@H](c1nc2ccccc2s1)N1C(=O)c2ccccc2C1=O,-4.504796981811523
base,CCOCCN(CC)Cc1ccco1,-7.438508987426758
base,O=S(=O)(Nc1cccnc1)c1ccc(Cc2ccncc2)cc1,-1.6771793365478516
base,Clc1cccc(OCCCCN2CCNCC2)c1,-7.70892333984375
base,[O-][N+]([O-])=C=[N+]1C=Cc2ccccc21,-3.335069417953491
base,COc1ccc(NS(=O)(=O)CCC(C)=O)cc1OC,-0.7526087760925293
base,O=C(Oc1ccccc1C(=O)N/N=C/c1ccco1)c1ccccc1,-1.356126070022583
base,C[C]1[N][N-][C](N[C]([O])C[S+][C]2[N-][C]([NH2+])[C][C]([O])N2CC2CCCCC2)[S+]1,-0.5062618851661682
base,O=C(NNS(=O)(=O)c1ccccc1F)c1cccs1,-1.1124401092529297
base,Cn1nc(-c2ccc(Cl)cc2)c2cc(C(=O)N3CCN(c4cccc(Cl)c4)CC3)sc21,-7.143263339996338
base,[O-][C+](O)[c-]1[cH+][cH-][cH+][c-]([CH-]C[c+]2[cH-][cH+][cH-][cH+][cH-]2)[c+]1-n1[cH+][cH-][cH+][cH-]1,-4.081883907318115
base,CCN(CC)C(=O)CCc1nnc(CCCc2ccccc2)o1,-2.920290231704712
base,N[C]([N]O[C]([O])CO[C]1[CH][CH][CH][CH][C]1N([O-])[O-])[C+]1[CH][CH][CH][N][CH]1,-0.5264397263526917
base,COC(=O)Cn1nc(C)n(-c2ccc(C(C)(C)C)cc2)c1=O,-1.8549045324325562
base,Fc1ccc(NC(=S)NN2CCCCC2)cc1,-7.296542644500732
base,Cn1c(N)c(C(=O)COC(=O)CCCc2c[nH]c3ccccc23)c(=O)n(C)c1=O,-0.28071922063827515
base,CCC1=C/C(=C(\N)[O-])C(NC(=O)[C@@H](CC)c2ccccc2)=[S+]1,-0.9304251074790955
base,[H]/N=C1/SCC(=O)N1c1ccccn1,-2.679492950439453
base,CC(=O)C1=C(c2ccccc2)NC(=O)N[C@H]1c1ccccc1OC(F)F,-2.492992639541626
base,COc1ccc2nc(N(C)CN3C[C@@H](C)O[C@@H](C)C3)ncc2c1,-3.4354159832000732
base,O=C(Nc1nnc(C2CCCCC2)s1)c1ccncc1,-2.2486581802368164
base,Brc1ccc(-c2nn3c(-c4nc5ccccc5s4)nnc3s2)cc1,-4.590057373046875
base,Nc1c(C(=O)N2CCOCC2)sc2nc3c(c(-c4ccccc4)c12)CC/C3=C/c1ccccc1,-4.019671440124512
base,COc1ccc2[nH]cc(C(=O)c3ccc(OC)c(NC(=O)c4ccccc4)c3)c2c1,-2.3908724784851074
base,COc1ccc2c(c1)C(=O)N(C)[C@@H](c1ccco1)C21CCCC1,-5.450615406036377
base,CCc1cccc(CNC(=O)N[C@]23C[C@H]4C[C@H](C[C@H](C4)C2)C3)c1,-5.867190837860107
base,[NH-][C]N([N-][CH+][C+]1[CH+][CH-][C+](O)[CH-][CH+]1)[C+]1CCCCC[N-]1,-2.1255877017974854
base,S=C(Nc1ccc2occc2c1)N1CCn2c(nc3ccccc32)C1,-4.981160640716553
base,SCCO[C@@H]1CCCN(CCOCCc2ccccc2)C1,-8.328689575195312
base,[O-][P+](N1CCOCC1)(N1CCOCC1)N1[CH-][CH+][CH-][c-]2[cH+][c-](Cl)[cH+][cH-][c+]21,-3.4435875415802
base,O=C(CCN1C(=O)c2ccc[o+]2[C@H]2C=CC=C3C=CC=C1[C-]32)Nc1n[c-]2ccccc2[s+]1,-3.9104137420654297
base,O=c1[nH]cc([N+](=O)[O-])c(=O)n1S(=O)(=O)/C=C/c1ccccc1,-0.35025012493133545
base,COCCCNC(=O)CCCN1N=C(c2ccccc2)CCC1=O,-1.4877885580062866
base,COc1ccc(CCCNC(=O)[C@H]2CCC(=O)N(C3CC3)C2)cc1,-2.635061740875244
base,O=C(CCC(=O)N1CCC2(CC1)OCCO2)NC1CC1,-1.7687852382659912
base,COc1ccc(OC)c2[nH]c(C(=O)O)cc12,-1.4640514850616455
base,O=C(NCC#CCOCc1ccccc1)c1ccco1,-3.410517692565918
base,CN(CCN1C(=O)c2cccc3cc(Br)cc(c23)C1=O)Cc1ccc2ccccc2c1,-7.176774978637695
base,CC(F)(F)F.[CH2-]CCCOCC([CH2-])[N-][c+]1s[c+]2[cH-][c+](F)[cH-][cH+][c-]2n1CC[c-]1[cH+][cH+][n-][cH-][cH+]1.[H+],-9.112491607666016
base,O=CCCn1cccc1,-8.05917739868164
base,COc1ccccc1N(CC(=O)O)S(C)(=O)=O,-0.6563462018966675
base,Cc1nn(C)cc1CN(C)C(=O)c1cccc2ccc(-c3cccc([N+](=O)[O-])c3)nc12,-1.4728635549545288
base,CN(CC(=O)N1CCN(Cc2ccccc2)CC1)S(=O)(=O)c1ccc(Cl)cc1,-2.3999276161193848
base,COc1ccc(N2CCN(CN3C(=O)NC4(CCCC4)C3=O)CC2)cc1,-1.843863606452942
base,NS(=O)(=O)c1cccc(NC(=S)NC(=O)CCc2ccccc2)c1,-0.38740962743759155
base,FC(F)(F)[C+]([N-][N-][C+]1[CH+][CH+][CH-][CH+][CH-]1)C(F)(F)F.[O-][N-]S,-3.684799909591675
base,NC(=O)c1ccsc1NC(=O)Nc1cccc(Cl)c1,-1.2121829986572266
base,O=C(Cc1ccccc1)N[C@H](Cc1ccccc1)C(=O)NC1CC1,-2.6710073947906494
base,Cc1c(C(=O)N/N=C2\C[C@@H](C)CC[C@H](O)C2)nnn1-c1nonc1N,-0.39048174023628235
base,C=[O+]CCO.[O-]P(c1ccccc1)c1ccccc1,-2.894928455352783
base,CC[C@@H](Sc1nc2nc(C)cc(C)n2n1)C(=O)O,-0.9596773982048035
base,S=C1NC[C@H](Cc2ccccc2)N1CCCCC1CCCCC1,-10.926103591918945
base,O=C(/C=C\c1ccc(C[C@@H](C[N+](=O)[O-])c2cccc3ccccc23)cc1)c1ccccc1,-5.828092575073242
base,[CH2-][CH+]CCOCCCN[S+2]([O-])([O-])CC12CCC(C[C-]1[O-])C2[CH+]O,-0.5436879396438599
base,COc1ccc(C(=O)Oc2c(CC(C)C)cc(OC(C)=O)c3ccccc23)c(OC)c1,-3.474292755126953
base,S=c1[nH]nc(COc2ccccc2)n1C1CCCCC1,-5.5546770095825195
base,CCC/[S+]=c1\nc2c(sc3ccccc32)c([O-])n1CCCN(C)C,-4.791660308837891
base,Clc1ccc(Oc2cccc(-c3nnc(-c4ccncc4)o3)c2)nc1,-2.7753474712371826
base,FC(F)c1cc(Cl)n(-c2ccc(NC(=S)Nc3ccc(N4CCOCC4)cc3)cc2)n1,-5.019131660461426
base,Cc1ccc(-c2noc(CCC(=O)NCc3ccco3)n2)cc1,-1.15473210811615
base,CC(=O)N[C@H](CCCCNC(=S)NN(C)C)C(=O)NCC1(N(C)C)CCCCC1,-0.6002891063690186
base,COC(CNC(=O)c1cc(Sc2nc3ccccc3s2)nc2ccccc12)OC,-2.5125813484191895
base,COc1ccc(N2CCN(C(=O)c3cc4c(s3)-c3ccccc3OC4)CC2)cc1,-5.760724067687988
base,O=S(=O)(Oc1ccccc1)c1ccc(Cl)c(Nc2cnc3ccccc3n2)c1,-2.4778759479522705
base,NC[C@]1(C/C=C/c2ccc(O)cc2O)CCC[C@@H]1O.[H+].[H+].[O-]c1c(O)c(O)cc2c1C#C/C(=[C-]/O)O2,-0.5719934701919556
base,C[c-]1[cH+]n([CH-]C[c+]2[cH-][cH+][cH-][cH+][cH-]2)[c-](SCCC(F)(F)Cl)[c+]1CN,-8.101178169250488
base,CCc1ccc(N2CCN(C(=O)c3ccc(CC(C)C)o3)CC2)cc1,-6.437185287475586
base,CCCO[C]1[CH][CH][C]([C+]([O])N2CCCC2)[CH][C]1N([O-])[O-],-1.0167049169540405
base,CC(C)COCc1ccc(-n2cnc(N)c(Br)c2=O)cc1,-1.8551032543182373
base,COc1ccc(-c2cc(C)no2)cc1S(=O)(=O)/C=N/c1cccc2ccccc12,-2.5860066413879395
base,COCCN1C(=O)CC[C-]2OC(C3=[S+2]=CC=C3)=NN2OC2=C1[C-](N)N(Cc1ccccc1)C(=O)N2,-0.35696083307266235
base,O=C(c1ccc(F)cc1)c1nc(CSCc2ccco2)c(-c2cccc3ccccc23)n1O,-5.0804948806762695
base,O=C(CCNS(=O)(=O)c1ccc(Br)s1)N1CCc2ccccc21,-2.103123903274536
base,CCOc1cccc(OCCNc2cc(N3CCOCC3)c([N+](=O)[O-])cc2NC(=O)CC)c1,-1.1338026523590088
base,CCCc1cc(=O)oc2c3c(cc(OCC(=O)Nc4cccnc4)c12)OC(C)(C)CC3,-1.6372464895248413
base,OCC1CCN(c2ccc(Cl)nn2)CC1,-3.686587333679199
base,CC(=O)N/[C-]=N/c1n(C)c(=O)c2ccccc2[n+]1C(C)C,-1.6268737316131592
base,[O-][C-](CCCn1ccnc1)O[C@@H]1OC[C@H](O)[C@H](O)C[OH+][OH+][C@@H](CO)[C@@H](O)[C@H]1O,-0.42756661772727966
base,COc1cc2[nH]c(C(=O)N[C@H](Cc3ccccc3)C(=O)O)cc2c(OC)c1OC,-0.5860814452171326
base,O=C(NC[C@H]1CCCO1)C(=O)Nc1ccc(Cl)cn1,-0.8462104201316833
base,COC(CN(C(=O)/C=C/c1ccc(F)cc1)c1c(N)n(Cc2ccccc2)c(=O)[nH]c1=O)OC,-0.37699952721595764
base,COCCn1ccc(O)c(Cc2cccnc2)c1=O,-1.9210288524627686
base,Nc1cc2c(cc1O)Cc1cccc3c1N2C(=O)CO3,-1.1548110246658325
base,O=C(C1CCN(S(=O)(=O)c2cnc[nH]2)CC1)N1CCc2ccccc2C1,-0.5771421790122986
base,CCCC[C@@]1(C(=O)OCC)CCCN(C(=O)CNC(=O)c2ccco2)C1,-0.774539589881897
base,COc1ccc(CNc2ncc(-c3ccc(NC(C)=O)cc3)n2C)c(OC)c1,-1.68759286403656
base,O=C1/[C-]=C/C2=CC=C[C@H](C2=S)[O+]2COc3cc(ccc32)OC[C@H](O)CN(CCO)CCN1,-0.38057491183280945
base,O=C(NCC(=O)N1CCN(c2ccc(F)cc2)CC1)c1cc2cc(Br)ccc2oc1=O,-1.0151549577713013
base,COc1ccc(/N=N\c2nc3cc(Br)c(Br)cc3n2C)c(OC)c1,-4.733326435089111
base,C[C@@H]1CCCCN1CCNC(=O)[C@H]1CCC(=O)N1Cc1ccc(Cl)cc1,-3.5811283588409424
base,CCOC(=O)CN(C1CCCCC1)S(=O)(=O)C1=C/C(=C(/N)[O-])[S+]=C1,-0.49352025985717773
base,FC(F)OC(F)(F)[C@@H](F)Cl,-11.330460548400879
base,Clc1ccc2c(N3CCCC3)ccnc2c1,-9.88094711303711
base,CN(C)[C-]([O-])[N@@H+]1C[C@H]2Cc3ccccc3[O+]21,-5.894571304321289
base,S=C(NCc1ccccc1)NCc1ccc(Cl)cc1,-8.34482192993164
base,CCOc1cc(CNC(C)(C)C)ccc1OC(CC)CC,-7.962717056274414
base,O=C(CCCCCOc1ccccc1Cl)NCCc1c[nH]c2ccccc12,-5.007177829742432
base,Cc1n[nH]c(C)c1C(=O)OCC(=O)c1cc(C)n(-c2ccc(F)cc2F)c1C,-1.9457786083221436
base,O=C(C[C@H](Nc1ccc(F)c(F)c1)C(=O)O)c1ccccc1,-2.2842071056365967
base,CN([C@H]1CCS(=O)(=O)C1)S(=O)(=O)c1ccccc1,-1.3663907051086426
base,C[C]([O])N[C]([CH][C]1[CH][CH][C]([C]2[CH][CH][CH][CH][C]2N([O-])[O-])O1)[C+]([O])NC[C]1[CH][CH][CH]O1,-0.6025328040122986
base,CN(C[C@H]1COc2ccccc2O1)C(=S)Nc1ccccc1F,-6.438405513763428
base,O=C(NCc1ccccc1)c1cn2ccccc2n1,-4.081794738769531
base,[H+].[O-]P1[CH+]CC[CH-][C+]1[C-]1N[c+]2[cH-][cH+][cH-][cH+][c-]2[SH+]1,-5.852776050567627
base,CN(C)CC(=O)Nc1cc(=O)n(C)c(=O)n1C,-1.0077804327011108
base,CCOc1ccc(NC(=O)COC(=O)CCCn2ccnc2)cc1,-0.8311976790428162
base,COc1[c-]c2c(cc1)[O+](C)/[O+]=[C-]\C1=Cc3ccccc3Oc3[nH]c(=S)n(c31)CC/C([O-])=N/2.[H+],-1.5767842531204224
base,COCCn1c(SCc2nc3[s+]c(C(=O)OC)c(C)c-3c([O-])[nH]2)nc2ccccc2c1=O,-0.5590801239013672
base,C/[O+]=[C-]\C=N/C(=S)NC(=S)NC(=O)/C=C/c1ccco1,-0.9516983032226562
base,C[C@@]1(c2cccc(F)c2)NC(=O)N(CC(=O)N2CCCCC2)C1=O,-1.5545896291732788
base,CSc1nc2ccccc2n1C(=O)OCc1ccccc1,-5.2404398918151855
base,NNC(=O)c1cc(C2CCCCC2)[nH]n1,-0.8164156675338745
base,COc1ccc(CN2CC[C@@H](Cc3ccccc3)C2)cc1,-10.794156074523926
base,[O-][C+](O)[C][CH+][C@H](O)[C@@H](O)[C@@H](O)[C@@H]([O-])CO,-0.5892683267593384
base,COc1ccc(OC)c(S(=O)(=O)N2Cc3ccccc3C[C@@H]2C)c1,-3.10953426361084
base,Oc1c(Cl)cc(Cl)cc1OCc1nc2ccccc2[nH]1,-3.7571160793304443
base,CN[C@@H]1C[C@H](C)NC(C)(C)C1,-7.782168388366699
base,CCc1nc(SCC(=O)O)c(C#N)cc1C,-1.4080748558044434
base,COc1ccc([C@H](C[N+](=O)[O-])c2c[nH]c3ccccc23)cc1OC,-1.739202618598938
base,Cc1ccccc1NC(=O)CSc1nnc(Cc2cccs2)n1-c1ccc(F)cc1,-4.342294216156006
base,COc1cc2nc(C)n(NC(=O)CCC(=O)Nc3ccccc3Cl)c(=O)c2cc1OC,-0.6430033445358276
base,S=C(NCCC1=CCCCC1)N1CCN(c2ccccc2)CC1,-9.461573600769043
base,NOc1ccc(O)c(COC/C(Cl)=C/c2ccccc2)c1,-2.63037109375
base,CC1[CH-]CN(CCCN[C+]([O-])C2C[C+]([O-])N(CC[c+]3[cH-][cH+][cH-][cH+][cH-]3)C2)CC1,-1.9237958192825317
base,COC[C@H](C)N1CCOC[C@H]1C,-8.096396446228027
base,N#Cc1cc2c(nc1SCc1ccccc1)CCCC2,-6.548498630523682
base,COCCCNCCOCCSc1ccccc1,-6.607495307922363
base,COc1cc(N/C(=N\c2nc(C)cs2)c2cccs2)cc(OC)c1OC,-3.526068925857544
base,COc1cc2ncnc(NCCCN3CCOCC3)c2cc1OC,-1.5442228317260742
base,COc1ccc(NC(=O)CCc2nnc3ccc(N4CCN(c5ccc(OC)cc5)CC4)nn23)cc1,-0.7443671822547913
base,CC[C@H](C)c1c(C)[nH]c(=O)[nH]c1=O,-2.0246851444244385
base,CN(C)CCCNCCNC(=O)[C@@H]1CCC(=O)N1Cc1ccccc1,-1.8501657247543335
base,O=C(c1ccco1)N(Cc1ccc(Cl)cc1)C[C@@H]1CCCO1,-5.36126184463501
base,C[C@@H](C(=O)NC1CCCCC1)N1CCCCC1,-6.4008331298828125
base,C=C1[C@@H]2[S](CCCOC(=O)c3nc(N)sc3NC(=O)CN3C(=O)N[C@@](CSCc4ccccc4)(c4ccccc4)C3=O)[S]12,-2.1774821281433105
base,CC/C(C)=N/Oc1ncccc1NC(C)=O,-2.170128583908081
base,NS(=O)(=O)c1ccc2nc(NC(=O)CCCc3ccccc3)sc2c1,-0.701988697052002
base,COc1ccccc1OCc1cc(Cc2ccccc2)c(C)cc1C,-11.080144882202148
base,COc1ccc(N2CCN(S(=O)(=O)c3ccc(O)cc3)CC2)cc1,-1.490710973739624
base,Cc1ccc(OCCCc2c(C)n[nH]c2C)cc1,-5.875752925872803
base,Nc1nc2cc(C3CCCCC3)ccc2o1,-3.9897866249084473
base,CCC(CC)C(=O)c1cc2n(c1)CCN(Cc1ccc3c(c1)CC(C)=CO3)C2=O,-4.8846917152404785
base,C[C@H]1C[C@H](C)[C@H]2Nc3cccc4cccc(c34)N2C1,-10.434078216552734
base,Clc1ccccc1-c1nc2nc3ccccc3nc2n1-c1ccc2c(c1)OCO2,-4.083951950073242
base,Clc1ccc(-c2nnc(SCCc3ccncc3)o2)cc1,-4.393665790557861
base,CCO[c-]1[cH+][cH-][cH+][c-]([CH+][CH-][C+]([O-])O)[c+]1[C-]1NCCN1,-1.0597810745239258
base,[CH2+]C(C)[N-]C[C+]1[N-][c+]2[cH-][cH+][c-](OC)[cH+][c-]2[C-]([O-])N1C.[H+],-2.106220006942749
base,Cc1cc(C)c(OC[C@@H](O)CNC2CCCC2)c(C)c1,-5.113179683685303
base,COc1cc(/C=C(/C#N)c2ccc(C(F)(F)F)cc2)ccc1OCCOCCOc1ccccc1OC(C)C,-5.957417011260986
base,O=C(NOC[C@@H](O)CO)[C@H]1CC[C@@H](c2ccc(Cl)cc2)CC1,-1.0561580657958984
base,C/[S+]=C1\C=CC(NC(=O)[C@H](C)N2CCOCC2)=CC1=[S@@](=O)([O-])N(C)C,-0.7076168060302734
base,COc1ccc([C@H](NC(=O)c2cccc(F)c2)c2ccccc2)cc1C,-6.692318439483643
base,CCOc1ccc2c(c1)-c1c(sn(-c3ccccc3)c1=S)CN2,-9.335206985473633
base,O=C(Cn1ncc2c(=O)oc3ccccc3c21)N1CCN(C(=O)c2ccco2)CC1,-0.2889845371246338
base,CC(C)N1CC(=O)C[C@@H](c2cccs2)C1,-8.588372230529785
base,Cc1cc(C)cc(OCC(=O)N(Cc2ccccc2)[C@H]2CCS(=O)(=O)C2)c1,-2.3730692863464355
base,O=C(/C=C/c1ccc(O)c(O)c1)O[C@H](Cc1cc(O)c(O)c(O)c1)C(=O)O,-0.3893990218639374
base,[O-]P(O[c+]1[cH-][cH+][c-](OC[c+]2[cH-][cH+][cH-][cH+][cH-]2)[cH+][cH-]1)[c+]1[cH-][cH+][n-][cH+][cH-]1,-3.189340829849243
base,Cc1ccccc1NCc1nnc(SCC(=O)Nc2ccccc2C(=O)O)n1-c1ccccc1,-1.8777068853378296
base,Fc1cccc(F)c1CN1CCN(c2ccc(Cl)cc2)CC1,-12.298442840576172
base,O=C(/C=C/N1CCc2ccccc2C1)C(F)F,-8.531079292297363
base,CCOc1ccc(S(=O)(=O)N2CCN(CC(=O)c3c(C)[nH]c4ccccc34)CC2)cc1,-1.146462321281433
base,CCOC(=O)CN(C)Cc1nc(Cc2cccc(F)c2)no1,-1.605672836303711
base,NNC(=O)/C=C/c1ccco1,-1.6714491844177246
base,Fc1cccc(N2CCN(c3nc(-c4cccnc4)nc4ccccc34)CC2)c1,-5.215327739715576
base,Cc1ccccc1-c1nc(COc2ccc(NC(=O)c3ccco3)cc2)no1,-1.8281900882720947
base,Cc1oc(S(=O)(=O)N2CCOCC2)cc1C(=O)Nc1cccc(C(=O)O)c1,-0.3459262549877167
base,CCCNC(=O)COc1coc(CN2CCN(c3ccccc3OC)CC2)cc1=O,-0.614361584186554
base,[H]/[O+]=C(/C(=O)[c-]1c(Cc2ccccc2)cccc1=O)C1=[C-]C(=[C-]\[N+]2=[C-]C[N@H+](C)CC2)/C(=[O+]/[H])C=C1,-0.6424419283866882
base,CN(C(=O)c1ccco1)c1ccc(Oc2ccc(NC(=O)C(F)(F)F)cc2)cc1,-3.0904700756073
base,Clc1cccc(CSc2nc3ccccc3[nH]2)c1,-8.212360382080078
base,C[C@@H](CC(=O)N[C@H](Cc1ccccc1)C(=O)O)Oc1ccc2ccc(=O)oc2c1,-0.6329260468482971
base,C[C@@H]1CN(CC(=O)Nc2cccc3ccccc23)C[C@H](C)O1,-4.945954322814941
base,N#C[C@H](Cc1ccccc1)NC(=O)CCCc1nc(-c2ccc(S(N)(=O)=O)cc2)co1,-0.5527549386024475
base,[O][C](N[C]1[CH][C](S[C]2[CH][CH][C]3[CH][CH][CH][CH][C]3[N]2)[CH][C](N([O-])[O-])[CH]1)[C+]1[CH][CH][N][CH][CH]1,-0.7330332398414612
base,O=C(COc1ccc(F)cc1)Nc1ccc2c(c1)COC2=O,-2.126246929168701
base,O=C(NNS(=O)(=O)c1ccc2ccccc2c1)C1CCN(S(=O)(=O)c2ccccc2)CC1,-0.4627811908721924
base,O=C(COC(=O)c1cc(C(=O)NCCO)cc([N+](=O)[O-])c1)N[C@]12C[C@H]3C[C@H](C[C@H](C3)C1)C2,-0.44969919323921204
base,COC(=O)c1c(C)nn(C(C)(C)C)c1N,-1.5699419975280762
base,CN(c1ccccc1)S(=O)(=O)C[C@@H]1CCCO1,-3.9517405033111572
base,O=C(O)c1cc([N+](=O)[O-])ccc1Nc1cccc2ccccc12,-1.6316717863082886
base,NNC(=O)[C@H]1CC1(c1ccccc1)c1ccccc1,-2.957705020904541
base,O=C(NCCCN1CCOCC1)c1ccc(=O)oc1,-1.325422763824463
base,O=C(O)c1cccnc1SCc1cn2cc(Cl)ccc2n1,-2.3538436889648438
base,CCCN1CCN(CCNC(=O)c2cc3c(=O)oc4ccc(NC(=O)CC)cc4c3s2)CC1,-0.8484581112861633
base,O=C(CCC(=O)Nc1ccc(O)cc1)NNC(=S)NC[C@H]1CCCO1,-0.3380981981754303
base,O=C(Nc1ccccc1F)N1CCN(C(=O)c2ccco2)CC1,-1.9664424657821655
base,OC1(c2cccc(C(F)(F)F)c2)CCN(CCN2CCOCC2)CC1,-5.717292785644531
base,COc1ccc(C(=O)Nc2ccsc2C(=O)O)cc1,-1.3915461301803589
base,O=C(O)P(=O)(O)O,-0.7593153715133667
base,Cc1cccn2c1nc1cc(Cc3ccncc3)ccc12,-7.333217144012451
base,CCCCc1nc2ccccc2n1Cc1nncn1-c1ccc(OC)cc1,-3.6146676540374756
base,COc1ccc(CN2CCN(CC3CC3)C[C@@H]2CCO)c(C)c1C,-5.819745063781738
base,CCOC(=O)[C@@]1(C)CCCN(C(=O)c2ccoc2)C1,-2.5324268341064453
base,COc1ccc([C@@H](CC(=O)O)NS(=O)(=O)c2ccc(F)cc2)cc1OC,-0.5143007040023804
base,FC(F)Sc1cnc2ccccc2c1C(F)(F)F,-11.406110763549805
base,CCOC(=O)COc1ccc(Br)cc1CNCCc1ccccc1,-4.64281702041626
base,[O-][S@+](CC1=NOC2(CCCCC2)O1)c1nc2ccccc2[nH]1,-1.075512409210205
base,O=C1c2c(O)cc(CO)cc2Cc2c1n(C[C@H](O)CNc1ccccc1)c1ccccc21,-1.037705659866333
base,Fc1ccc(NC(=S)N2CCN(c3cccc(Cl)n3)CC2)cc1,-6.917651653289795
base,Cc1noc(C)c1COc1ccc(Cc2nnc(SCC(=O)Nc3cccc(Cl)c3)n2C)cc1,-2.2117958068847656
base,Cc1cc(C)n(C(=O)C(=O)COC(=O)COc2ccccc2C)n1,-0.5468851923942566
base,O=C(OCCNC(=O)c1sc2ccccc2c1Cl)c1ccc(Nc2nccc3ccccc23)cc1Cl,-5.346974849700928
base,O=[N+]([O-])c1ccc(/C=N/c2ccccc2O)s1,-1.6446651220321655
base,CCN(Cc1ccccc1)S(=O)(=O)c1cc(C(=O)OC)n(C)c1,-1.6384309530258179
base,O[C@@H](COc1ccccc1)CN1CCCC1,-6.0210113525390625
base,COc1ccc(OC)c(S(=O)(=O)NCC(=O)NCC2=CC=C(NC(=O)COC(C)C)C2)c1,-0.3373132646083832
base,FC(F)Oc1ccc(NC(=S)NCc2ccccn2)cc1,-4.5174407958984375
base,O=C(c1ccccc1)C1CCN(c2nc(C(F)(F)F)cc(C(F)(F)F)n2)CC1,-5.566311836242676
base,O=S(=O)(NCc1ccccc1)c1ccc(Br)s1,-4.443984508514404
base,O=C(O)/C(=C\c1ccco1)NC(=O)c1cccc(Br)c1,-1.3052387237548828
base,Clc1ccccc1OCCCN1CCC(c2ccccc2)CC1,-11.841890335083008
base,[O][C](N[C]([O])N1CCN([C]2[CH][CH][C](N([O-])[O-])[CH][CH]2)CC1)[C+]1[CH][CH][CH][CH][CH]1,-0.5062618851661682
base,C[C@@H](Oc1ccc(C(=O)N2CCCC2)cc1)C(=O)NCCc1cccc2ccccc12,-3.663447618484497
base,Cc1cc(OCC(=O)Nc2ccc3c(c2)OCCO3)cc(C)c1Cl,-3.552626848220825
base,C[N-][c+]1[c-]([C+]([O-])O)[cH+][cH-][cH+][c-]1[C+]([O-])N1CCOCC1,-0.4111472964286804
base,CO/N=C/Nc1nc2ccc(F)cc2s1,-4.213128089904785
base,COCCN(CC(C)C)C(=O)CSc1nc(C2CC2)nc2ccccc12,-3.6873323917388916
base,CSCC[C-]1[N-][C+]2S[c-]3[c+]([n-][cH+][nH][c+]3[O-])[C+]2[C-]([c+]2[cH-][cH+][c-](F)[cH+][cH-]2)N1,-1.3999892473220825
base,C[C@@H]1CCCCN1C(=O)CN(c1ccccc1)S(=O)(=O)c1cnc[nH]1,-0.6677696108818054
base,Cn1c2c(c(=O)n(C)c1=O)CN(CCc1ccccc1)CN2,-2.3663406372070312
base,Cc1cccc(C(=O)Oc2cc(N/C=C/C(=O)O)c3ncccc3c2)c1,-1.3558984994888306
base,O=C(O)CCN1C(=O)c2ccc(S(=O)(=O)Nc3ccc(Cc4cccnc4)cc3)cc2C1=O,-0.5611056089401245
base,C[C@@H]1[C@@H](C)CCC[C@H]1NC[C@H](O)CO[C@@H](c1ccccc1)c1ccc(F)cc1,-6.312196254730225
base,CC[C@H](C)[C@@H](NC(=O)N[C@H]1CCCc2ccccc21)C(=O)O,-1.3785028457641602
base,CCN1C(=O)/C(=C\c2ccco2)C(C(=O)OC)=C1C,-2.501494884490967
base,CC(=O)Nc1ccc(-c2nc3ccccc3s2)cc1,-5.481983661651611
base,O=C(NCCc1c[nH]c2ccccc12)/C(=C\c1ccco1)NC(=O)c1ccco1,-1.0060975551605225
base,Clc1ccc(N2CCNCC2)nn1,-4.804015636444092
base,CCCCN(CCC)S(=O)(=O)c1ccc(N2CCCC2=O)cc1,-3.136949300765991
base,CC1(C)C(c2cccc(F)c2)=[N+]([O-])CN1O,-3.6593832969665527
base,O=C(O)C[C@H](NS(=O)(=O)c1ccccc1)c1ccco1,-0.38990068435668945
base,C=C1c2ccc(C)cc2C=C[C+]1C[CH-]CNCC,-11.056844711303711
base,COC(=O)Cc1nc(-c2ccco2)oc(=O)c1/C=N/c1ccc(C)cc1,-0.8215808272361755
base,[H+].[H+].[N-]=C1C2C(C/[S+]=[C-]\N=[C-]\C=C3CCCCC3)=CC(Cl)=CC12Cl,-7.411074638366699
base,NNC(=O)CSc1nnc(-c2cccs2)n1-c1ccccc1,-0.6564766764640808
base,NS(=O)(=O)c1ccc(CCNS(=O)(=O)c2cc(=O)c3ccccc3o2)cc1,-0.2637343108654022
base,COC[C@@H](O)CNC(=S)NCCO,-1.395362377166748
base,COC1=C(C(=O)N(C)Cc2ccccc2Br)C(=O)C(N)=CC1=O,-0.4764285981655121
base,ONc1cncc2ccoc12,-2.6547861099243164
base,N[C@@H](Cc1ccccc1)c1nnc(SCc2ccccc2F)o1,-2.7887520790100098
base,CC(=O)NCCc1c(C)n(Cc2ccccc2)c2ccccc12,-6.574465751647949
base,O=[N+]([O-])c1cccc(S(=O)(=O)NC[C@H]2CCCO2)c1,-0.3878042995929718
base,NS12(=O)C3=C=[C-]C(=C=C=NC(=O)CS/[C-]=N/N=C4/N1[O+]42)C=C3.[H+],-0.48856958746910095
base,COc1ccc(/C=N/NC(=O)c2c(C(F)(F)F)nn(C)c2C(F)(F)F)c(OC)c1OC,-1.1712737083435059
base,Cc1cc(C)nc(O[C@H](C(=O)O)C(OCC(C)C)(c2ccccc2)c2ccccc2)n1,-2.247260570526123
base,CCCN(C(=O)N1CCN(S(C)(=O)=O)CC1)c1ccc(OCCN(CC)CC)cc1,-1.4506953954696655
base,F[c-]1[cH+]s[c-]([C+]2[N-][N-][N-]N2)[c+]1C(Br)[CH-][N-][CH+][c+]1[cH-][cH+][c-](Br)[cH+][cH-]1,-4.9296088218688965
base,CCO/C([O-])=C1/[C]N=[C+](N2CCCC2)N=C1CSC(=S)N1CCCCC1,-2.3269689083099365
base,COc1cccc(/C=N/NC(=O)Cc2ccccc2[N+](=O)[O-])c1OC,-0.4757941663265228
base,O=C(NNC(=O)c1cc2c(=O)n3ccccc3nc2s1)c1cccs1,-0.45579788088798523
base,O=C(OCCN1CCN(C2=NS(=O)(=O)c3ccccc32)CC1)c1cccc(F)c1,-0.8685333132743835
base,Cc1cccc(N2C(=O)C[C@H](N(Cc3ccccc3)C(=S)NC3CC3)C2=O)c1,-3.6936635971069336
base,O=c1[nH]c(C2CCN(C(=S)NCc3ccco3)CC2)nc2c1nnn2Cc1ccccc1,-0.5207732319831848
base,O=c1ccc(-c2nc3ccccc3n2C[C@@H]2CCCO2)c[nH]1,-2.5971951484680176
base,Cn1cccc1C(=O)NCc1ccc(Cl)cc1F,-6.176262378692627
base,NNC(=O)CN(Cc1ccccc1)S(=O)(=O)c1ccccc1,-0.3725525736808777
base,C[C@H]1CCc2c(oc(=O)c3c2CCCC3)[C@H]1C(=O)Nc1ccc(F)cc1,-3.462585926055908
base,Nc1nnc(SCc2ccc(Cl)c(Cl)c2)s1,-4.253429889678955
base,C[C-]([O-])[N-]P(N[C+]1[CH+][c+]2[cH-][cH+][cH-][c+](Cl)[c-]2O[C+]1[O-])N1CCOCC1,-0.42177489399909973
base,[O][C](CO[C+]1[CH][CH][CH][C](Cl)[C]1Cl)N[C]1[N][CH][C](N([O-])[O-])S1,-0.6299377083778381
base,COC(=O)c1c(C(=O)OC)c(-c2ccc(Cl)cc2)n2c1C[S@@+]([O-])C2,-1.1108711957931519
base,O=[N+]([O-])c1ccccc1OCCCOc1ccccc1-c1ccncc1,-2.590425491333008
base,COc1ccc(C)cc1NC(=O)CCN1C(=O)c2ccc([N+](=O)[O-])cc2C1=O,-0.5543343424797058
base,[CH2-]CN(C(=S)NC(=O)c1ccc(-n2cn[n+]#[n+]2)cc1)[C@@H](C[CH-]NC)C(=O)[O-].[H+],-0.36713311076164246
base,O=S(=O)(NN1CCOCC1)c1cccc(Br)c1,-2.526648998260498
base,CNS(=O)(=O)c1ccc(N(CC(=O)NC2CC2)C(C)=O)cc1,-0.38410571217536926
base,C=C(OC)OC[CH2-].O=P(O)=[OH+],-1.1055165529251099
base,COc1ccc(N[C@H]2CC(=O)NC2=O)cc1,-1.6472662687301636
base,OC[C@@]1(Cc2ccccc2C(F)(F)F)CCCN(Cc2c(F)ccc(F)c2F)C1,-9.595152854919434
base,CCCn1nnnc1SCC(=O)N1CCC(C)CC1,-2.0933449268341064
base,O=C(c1ccccc1)c1nn(Cc2ccccc2)c(=O)cc1C(F)(F)F,-4.004681587219238
base,COCCCn1c(N)c(C#N)c2nc3ccccc3nc21,-0.5552566051483154
base,[NH3+]N[S+2]([O-])([O-])[C-]1[CH-][CH+][CH-][C+](N[CH+][O-])[CH-]1,-0.5398710370063782
base,FC(F)(F)c1cccc(NC(=S)NC[C@H](c2cccnc2)N2CCOCC2)c1,-4.227062225341797
base,NCCCCCC(=O)N/N=C/c1coc2ccccc2c1=O,-0.3464224338531494
base,COc1cc(Br)cc(C2=NCCCN2)c1O,-3.17448353767395
base,COc1ccccc1N(C)S(=O)(=O)c1ccccc1[N+](=O)[O-],-0.6752911806106567
base,CCCn1c(N)c(N(CCSCCc2ccc(C)cc2)C(=O)COC)c(=O)[nH]c1=O,-0.407836377620697
base,CC([O-])[c+]1[cH-][c+]([S+2]([O-])([O-])N2C(C)CCCC2C)[cH-][cH+][c-]1F,-1.5336676836013794
base,NS(=O)(=O)c1ccc(NCc2ccccn2)c(C(=O)N2CCCC2)c1,-0.3149286210536957
base,Nc1ccc(S(N)(=O)=O)cc1,-0.6630488038063049
base,Clc1cccc(OCCCNC2CCCCC2)c1Cl,-9.823038101196289
base,O/N=C/c1ccccc1O,-3.2645764350891113
base,N#Cc1c(N)n[nH]c1CCCN,-0.5796146392822266
base,C[P]([O])(OC[C+]1[CH][CH][CH][CH][CH]1)O[C]1[CH][CH][C](N([O-])[O-])[CH][CH]1,-1.0619325637817383
base,Cn1ncc(Cl)c1C(=O)NCC(=O)O,-0.8067570328712463
base,N[C-]([S-])N[N-][CH+][C+]1[C][C+]2[C+]([CH-][CH+]1)[N-][C+]1[C][C][C][C][c+]3[c+]([C][C+]([C+]([O-])[O-])[C+](Cl)Cl)[c+]2[c-]31.[H+],-0.5070370435714722
base,COc1cc(NCCNC(=O)CN2CCN(c3ccc(F)cc3)CC2)cc(OC)c1,-1.811898112297058
base,O=S(=O)(NC1=NCN(Cc2ccccc2)CN1)c1c(F)cccc1F,-1.2150665521621704
base,COc1ccc(NC(=O)CCNS(=O)(=O)c2ccc3c(c2)oc(=O)n3C)c(OC)c1,-0.2086910754442215
base,CCOC(=O)[C@H]1CCCN(C(=O)c2ccc([N+](=O)[O-])s2)C1,-0.668828010559082
base,COC(=O)C1=C(C)NC(C)=C(C(=O)OC)C1C(=O)OCC(=O)c1cccs1,-0.40527939796447754
base,O=C(N/N=C/c1c[nH]c2ccccc12)C1CCCCC1,-3.2153685092926025
base,O=C(Nc1ccc(C2CCCCC2)cc1)C1CCN(c2ncc(C(F)(F)F)cc2Cl)CC1,-8.040119171142578
base,O=C(NC(=S)Nc1ncc(Br)cc1Br)c1ccccc1,-3.908498525619507
base,FC(F)Oc1cccc2cccnc12,-8.325432777404785
base,O=[S@]([O-])(=CN(/N=C(\C#[O+])c1ccccc1F)c1ccccc1)c1ccccc1,-1.9329853057861328
base,O=C(OCCO)[C@H](O)c1ccc([N+](=O)[O-])cc1,-0.42690369486808777
base,O=[P@@](Nc1c(Cl)cccc1Cl)(c1ccccc1)c1nc2ccccc2s1,-7.525700092315674
base,CN(C)c1nc2c(c(=O)n(C)c(=O)n2C)n1CCSc1nnc2c(n1)[nH]c1ccccc12,-0.25237956643104553
base,Cn1c2n/c(=[S+]\CC(=O)N3CCCC3)n(C)c-2c([O-])n(C)c1=O,-0.5432979464530945
base,CCOC(=O)NC(=O)CN1C(=O)[C@H](C)N(c2cccc3ccccc23)C1=O,-0.49329355359077454
base,Nc1c(C(=O)OCCCCF)c2nc3ccccc3nc2n1Cc1ccc(F)cc1,-1.9329835176467896
base,C=c1ccc2c(c1)OC[O+]=2.CP=O.[CH2-]Oc1ccc(N2CCCC2=O)cc1,-2.090376615524292
base,C/C(=C\c1ccco1)CN1CCC[C@@H]1C,-9.70600700378418
base,CCN1CCN(CCCNC(=O)c2cc(=O)[nH]c3ccccc23)CC1,-1.5477977991104126
base,O=c1[nH]c(CN(Cc2ccccc2)S(=O)(=O)/C=C/c2ccccc2)nc2cc(F)ccc12,-1.7916244268417358
base,CN(CCO)S(=O)(=O)c1cccc(-c2nn(C)c(=O)c3ccccc23)c1,-0.3261575698852539
base,S=C(NCc1ccccc1)NCc1ccccn1,-5.4785590171813965
base,CN(C[C]([O])N[C]1[CH][CH][C](F)[CH][CH]1)[C]1[N][C]C2([C]3[N][N][C](C(F)C[C]4[CH][CH][CH]S4)[S+]32)N1CCCO,-0.5449922680854797
base,[O-][C+]([C-]1[CH+]C([c-]2[cH+][cH-][cH+][cH-][cH+]2)CC(OCC[CH-]CO)O1)N1CCN(C[c-]2[cH+][cH-][cH+][cH-][c+]2Br)CC1,-2.2263431549072266
base,O=C(/C=C/c1ccccc1)O[C@@H]1CC[C@@H](S(=O)(=O)Nc2ccccc2C(=O)O)CC1=O,-0.7229504585266113
base,C[C@@H]1CCc2cc(C(=O)OCC(=O)Nc3ccccc3Sc3ccccc3)sc2C1,-5.607142925262451
base,C[C-]1[N-][C-](N[C+]([O-])C[C+]2[CH+][CH-][C+]([CH-][N-]O)[CH-][CH+]2)S[C+]1[C+]([O-])N(C)C.[H+],-0.4792306423187256
base,CCOc1cc(SC)c([N+](=O)[O-])cc1OCC,-2.7732646465301514
base,CCOc1ccc(C(=O)OCC(=O)Nc2cccc(Cl)c2C)cc1,-2.8312621116638184
base,COCCCN1/C(=N/C(=O)c2ccccc2OC)S[C@H]2CS(=O)(=O)C[C@H]21,-0.6082103252410889
base,COc1cc(COCCN(C)C)ccc1OC(F)F,-6.482440948486328
base,COc1ccccc1OCCOc1ccccc1-c1ccccc1,-8.608283042907715
base,NCC[c-]1[cH+][cH-][cH+][c-]2[c+](OC[c+]3[cH-][cH+][c-](F)[cH+][cH-]3)[c-](OCCCCC[C+]3[N-]CCCN3)[cH+][c-]12,-3.9715678691864014
base,CO[c-]1[cH+][cH-][cH+][c-](CC[N-]C(N[C+]2[N-]CCN2)C(Cl)(Cl)Cl)[cH+]1,-2.881138801574707
base,O=C(Cn1ccc2ccccc21)NCCN1CCN(c2ncccn2)CC1,-1.6013915538787842
base,CCc1nc2ccccc2c(C(=O)NNC(=O)C(C)C)c1C,-1.6140391826629639
base,Nc1ncnc2c1ncn2[C@@H]1O[C@H](COP(=O)(O)O)[C@@H](O)[C@H]1O,-0.3784519135951996
base,C[C@H](Cc1cccs1)NC(=O)NC1CCCCC1,-5.3826141357421875
base,CC[c-]1[cH+][cH-][c+](CC([C+]2[CH+][CH-][CH+][C-]([c+]3[cH-][cH+][c-](C)o3)[C+]2[O-])[C-](C)[O-])o1,-1.6020110845565796
base,N#CCCn1nnc2ccccc21,-2.98471999168396
base,CC(=O)c1ccc(/N=N/c2ccccc2Cl)cc1C,-6.815759181976318
base,CCOC(=O)/C(=C/c1ccc(Cl)cc1)NC(C)=O,-3.08918833732605
base,NS(=O)(=O)c1cccc(NC(=O)c2ccccc2F)c1,-0.5188280344009399
base,CNc1c(NS(=O)(=O)c2ccc(F)cc2)c(=O)oc2ccccc12,-0.7942654490470886
base,O=C1OC/C(=c2\ccc3c(c2)OCC[O+]=3)O[C@@H](c2ccccc2)C(=O)C=C=[S@](=O)([O-])N2CCC1CC2,-0.31079837679862976
base,COCCCN(C(=S)Nc1cccc(OC)c1)[C@H](C(=O)O)c1ccc(OC(F)F)cc1,-2.008200168609619
base,COc1ccc(N2C=CCC3=C2CC(C)(C)CC3=O)c(OC)c1,-6.1710615158081055
base,CCOc1ccccc1NC(=O)NCCCCCCC(=O)Nc1ncc(-c2ccccc2)o1,-2.688669443130493
base,CCOC(=O)CS(=O)(=O)c1ccc(S(=O)(=O)NC2CC2)cn1,-0.3713085651397705
base,[CH2-]n1c(=O)n(C)c(=O)c2ccc3ccccc3c21.[H+],-4.246668815612793
base,CCCN(CC(=O)c1ccc(F)cc1)[C@H](C)/C=C1\C(=O)Nc2ccc(S(N)(=O)=O)cc21,-0.6588128805160522
base,O=C(CNC([O-])=C1CCN(C(=O)Nc2ccc3ccccc3c2)CC1)OCc1cccc(C(F)(F)F)c1.[H+],-1.8387451171875
base,CCCCN(CCC)[C-]([O-])C/[S+]=C/[N-]c1ccccc1.[H+].[H+],-5.340006351470947
base,OCc1nn(C2CCCCC2)cc1CN1CCC(O)(Cc2cc3ccccc3[nH]2)CC1,-2.0333170890808105
base,FC(F)(F)c1ccccc1NC(=S)NC1CC1,-8.215579986572266
base,[H]/N=C(/N)N/N=C1\C(=O)N(C)c2ccc(OCC)cc21,-0.3639551103115082
base,Cn1nc(-c2cccs2)c2ccccc2c1=O,-5.921148300170898
base,CCOC(=O)N1CCN(C(=S)Nc2ccccc2)CC1,-4.319610595703125
base,COCCOC(=O)CC1=NC(=O)CS1,-1.9968657493591309
base,O[C@@H](c1ccc(-n2cnnn2)cc1)C1CCN(c2ccc3ccccc3n2)CC1,-1.344571828842163
base,COc1ccccc1NC(=O)N/C(S)=C\C(=O)OCC(=O)c1c[nH]c2ccccc12,-1.006080150604248
base,COc1cc2c(NC(=O)c3ccco3)cccc2c2ccccc12,-5.001282691955566
base,COc1ccc(CC(=O)NC(C)(C)C)cc1OC,-3.9113683700561523
base,FC(F)(F)c1ccccc1NC(=S)N1CCN(c2ccccn2)CC1,-7.030894756317139
base,Clc1ccc(-n2ccnc2NCc2ccccc2)cc1,-7.668972492218018
base,CCOC(=O)N[C@H](n1[c-]c([C@@H](NC#[O+])c2cccc(OC)c2)c(=O)[nH]c1=O)C(F)(F)F,-0.2914631962776184
base,O=C(NCc1nc(-[c-]2ccc[s+]2)no1)[C-]1C=CC23OC[C@@H](CF)CO[C@H]2C3=C1.[H+],-0.7424389123916626
base,O=C(Nc1cc(C(=O)O)c(-c2nc3ccccc3o2)cc1F)c1cncc(Br)c1,-1.9655226469039917
base,O=C(NCCN1CCOCC1)C(=O)NC1CC1,-1.4771939516067505
base,CO/N=C(/c1ccc(F)cc1)[C@H]1CC(=O)N(c2ccc(OC)cc2)C1,-3.8933234214782715
base,COCCOC(=O)C1=C(C)NC(=O)N[C@@H]1c1cc(OC)c(OC)cc1OC,-0.3684247136116028
base,CCOc1ccccc1N1CCN(Cc2c(O)ccc3ccccc23)CC1,-6.680243015289307
base,COc1ccc(NS(=O)(=O)c2ccc(NC(=S)NC(=O)/C=C/c3ccco3)cc2)nn1,-0.5017942786216736
base,O=C(CCN1CCCCC1)N/N=C/c1c(O)ccc2ccccc12,-2.2466750144958496
base,CCN(CC)c1ccc(C(=O)NCCc2ccccc2)cc1,-6.78298807144165
base,COCCN(Cc1ccccc1)C(=O)CNC(=O)[C@H](Cc1ccccc1)NC(=O)C#[N+][c-]1c[c-]ccc1=O.[H+],-0.44371363520622253
base,O=C(CCCCCCCC(=O)N1CCC(O)CC1)NNC(=S)Nc1ccc2c(c1)OCCO2,-0.6636288166046143
base,Cc1cccc2nc(CN3C=C(F)c4ccccc4C3)cc(=O)n12,-5.8154616355896
base,COc1ccc2[nH]c(=O)c(CN(c3ccccc3)S(=O)(=O)c3ccccc3)cc2c1,-1.8762288093566895
base,[O][C]([C]1[CH][CH][CH][C]([N+]([O])[O-])[CH]1)[C]([N]N[C]1[CH][CH][C](N([O-])[O-])[CH][CH]1)[C+]1[CH][CH][CH][CH][CH]1,-0.5648166537284851
base,O=S(=O)(NN1CCOCC1)c1ccc(Br)s1,-2.563462972640991
base,Cc1noc(C)c1CCC(=O)c1cc2ccccc2s1,-5.690621376037598
base,Brc1cccc(N2CCN(Cc3cnc[nH]3)CC2)c1,-5.835106372833252
base,C[C@H](NC(=O)C1CCN(S(=O)(=O)c2ccccc2)CC1)C(=O)NC(C)(C)C,-0.4082068204879761
base,O=C(CNC(=S)N1CCOCC1)N1CCc2ccccc2C1,-4.164865016937256
base,Fc1ccc(N2CCN(Cc3ccccc3F)CC2)cc1,-11.858545303344727
base,CCN(c1cccc(CO[C@H]2CCOC2=O)c1)S(=O)(=O)c1ccc(F)cc1,-1.6643768548965454
base,CNC(=O)c1cccc(Cn2c(=O)n(CCc3cccs3)c(=O)c3sccc32)c1,-1.6122896671295166
base,[H+].[O-][C+](O)C(O)(O[c-]1[cH+][cH-][cH+][cH-][cH+]1)[c-]1[cH+][cH+][n-][cH-][cH+]1,-0.5403236746788025
base,S=CNC[C@H](Cl)OCCNc1ncccn1,-2.452887535095215
base,COC(=O)[C@@]1(C(=O)O)/C(=C(\O)c2ccc(OC)cc2)C(=O)C(=O)N1c1ccccc1OC,-0.30359065532684326
base,O=C(Nc1ccnc(-c2ccccc2)n1)c1ccc(Cl)cc1,-3.9673306941986084
base,CO[C]1[CH][C](N([O-])[O-])[C]([C+]([O])[C]2[N][N]N[N]2)[C](C)[C]1OC,-0.5131032466888428
base,NC1=NS(=O)(=O)c2ccccc21,-1.344713568687439
base,O=S(=O)(c1cccc2ccccc12)N1CCN=C1SCc1cccnc1,-2.7864203453063965
base,Nc1ccccc1C(=O)OCC(=O)c1ccccc1,-1.682000756263733
base,N[CH-]O[c+]1o[c+](-[c+]2[cH-][cH+][cH-]o2)[n-][c-]1[CH+][N-][c+]1[cH-][cH+][cH-][cH+][cH-]1,-1.1299664974212646
base,C[C@]1(OC(=O)C2CCCCC2)C(=O)C=C2C=C3CCCCN3C=C2C1=O,-2.752122402191162
base,[CH+]1CCOC1.[NH-][C][C+]([O-])[C+]1N[c-]2[cH+][cH-][cH+][cH-][c+]2C1N[C-]([O-])CO[C+]1[CH+][CH-][CH+][CH-][CH+]1,-0.3913939595222473
base,CCOC(=O)N1CCN([C@@H]2CCCN(C(=O)Cc3ccc(F)cc3)C2)CC1,-3.280003786087036
base,[O][C]([CH][CH][CH][CH][C-]1[CH][CH][CH][O+]1)[O+][N][C][CH][CH][C]1[CH][CH][CH]O1,-2.118013858795166
base,O=c1[nH]cccc1-c1nc2ccccc2n1-c1ccc(F)cc1,-4.126934051513672
base,O=C1C[C@@H](C(=O)N2CCN(c3ccccc3)CC2)CS1,-4.7693586349487305
base,C=C1C=C(/C=C\C(=N/c2ccc3c(c2)OCCO3)NC#[S+])C(CO)=C[N-]1,-1.4113495349884033
base,NC(=O)C1(C(=O)NC2CC2)CCCCC1,-1.450830340385437
base,CCOc1ccc(-c2nc(Cc3ccccc3)no2)cc1OCC,-3.7216246128082275
base,CN(Cc1ccc(Br)cc1)C[C@@H](O)COCc1ccccc1,-6.711749076843262
base,CC(=O)c1cc(N2CCOCC2)c(OC(C)C)cc1NC(=O)CCc1ccccc1,-2.714536190032959
base,C[S+2]([O-])([O-])[N-]N(C[C+]([O-])N[c+]1[cH-][cH+][cH-][c+](Cl)[cH-]1)[c+]1[cH-][cH+][cH-][cH+][cH-]1,-0.5197541117668152
base,C/C(=N\C[C@@H]1CCCN(Cc2cccc3nonc23)C1)c1ccccc1O,-1.9214873313903809
base,CN[S@+](N=[S@@](=O)([O-])c1ccccc1)c1ccccc1,-2.158780813217163
base,O=C(N[C@H](Cc1ccc(Cl)cc1)C(=O)O)C1CCCCC1,-2.310748815536499
base,COc1ccc(Nc2ccc(C)cc2)cc1OC,-7.259960651397705
base,NS(=O)(=O)c1ccccc1S(=O)(=O)NCCCN1CCOCC1,-0.3157125413417816
base,CC(C)S(=O)(=O)Nc1cc(C(F)(F)F)ccc1Cl,-4.821073055267334
base,FC(F)(F)c1ccc(Sc2ncnc3sccc23)nc1,-6.3398613929748535
base,CCN(CC)C(=O)c1[nH]cnc1C(=O)N[C@@H](C)C(=O)OC(C)(C)C,-0.45835080742836
base,O=C(COc1ccccc1)OCC(=O)c1ccc(N2CCOCC2)cc1,-2.0193867683410645
base,O=C(COc1ccc(F)cc1)Nc1ccc2c(c1)OCO2,-2.914999485015869
base,CCOc1ccc(OCC)c(NC(=O)[C@H]2C[C@H]2C)c1,-4.260313034057617
base,[H]/[O+]=C(/CO)CCl.[O-]P(O)CCc1ccccc1,-0.6614821553230286
base,NC(=O)C1CCN(c2cc(S(=O)(=O)N3CCOCC3)ccc2NC(=O)C(F)(F)F)CC1,-0.3325512111186981
base,[NH-][C][N-][C+]([c-]1[cH+][cH-][cH+][cH-][cH+]1)n1[n-][c-]([C+]2[CH+][CH-][CH+][CH-][CH+]2)[c+]2[cH-][c+](Br)[cH-][cH+][c+]21,-5.004795551300049
base,COc1ccc(CN2CCN(CCC(C)C)CC2)cc1OC,-7.800527572631836
base,NC(=O)C1=C(N)/C(=C(\[O-])N(CC(=O)NC2CCCC2)c2cccc(C(F)(F)F)c2)[S+]=N1,-0.3515227138996124
base,N#Cc1ccccc1OCC(=O)Nc1nc2ccccc2s1,-1.5965327024459839
base,O=S(=O)(c1cccs1)c1cccc2nsnc12,-2.619234800338745
base,OCC1(CCOc2ccccc2)CCN(Cc2ccncc2)CC1,-4.505400657653809
base,Fc1ccccc1/C=N/n1cnn(Cc2ccccc2Cl)c1=S,-6.822882175445557
base,CO[c+]1[c-](OC)[cH+][c-]([CH-][CH+][C-]([O-])N2CCN([C+]3[N-][C+]4[CH+][CH-][CH+][CH-][C+]4[CH-][C+]3[C-](N)[c+]3[cH-][cH+][cH-]s3)CC2)[cH+][c-]1OC,-0.8827857375144958
base,CO[C]1[CH][C]([C+]([O])N[C]2[CH][C](C)N([C]3[CH][CH][CH][CH][CH]3)[N]2)[C](N([O-])[O-])[CH][C]1OC,-0.5257419943809509
base,O=c1[nH]nc(-c2ccccc2)cc1Cl,-4.199881076812744
base,COc1cc2c(cc1OC)CN(C(=O)/C=C/c1ccccc1Cl)CC2,-6.026428699493408
base,COc1ccc2[nH]c(=O)c(C3=NOCC3)cc2c1,-2.050133228302002
base,O=S(=O)(c1ccc(F)cc1)N1CCc2ccccc2C1,-5.533844470977783
base,Clc1ccc(Br)cc1CSCc1ccco1,-11.94626235961914
base,[O-]/[N+](=C/C=C/c1ccccc1)c1ccccc1,-8.027963638305664
base,Nc1c(S(=O)(=O)Cc2ccccc2)nnn1-c1ccccc1,-0.4930433928966522
base,NS(=O)(=O)c1ccc(NS(=O)(=O)c2ccc(Cl)c(C(=O)O)c2)cc1,-0.37614670395851135
base,Fc1ccccc1N1CN(Cc2ccccc2)CN(c2ccccc2)C1=S,-12.324149131774902
base,F[C]1[CH][CH][C](N2[CH][CH][CH][C]2C[C]([C]2[CH][CH][CH][CH][CH+]2)N2[C][CH][N]N2[C]2[CH][CH][C](F)[CH][CH]2)[CH][CH]1,-8.869956970214844
base,CCCCN1C(=O)/C(=C\c2ccc(OC(C)C)cc2)N=C1SCC(=O)N[C@H](C)C(C)C,-3.1400721073150635
base,CC[P@@](=O)(NC(=O)c1ccc2ccccc2c1)Nc1cccc(F)c1,-4.491291046142578
base,Nc1nc(-c2ccccc2)sc1C(=O)N1CCOCC1,-1.6133478879928589
base,Nc1nc2ccccc2n1CCN1CCCCC1,-3.9479081630706787
base,O=C(CSc1nnc(COc2ccc(Cl)cc2Cl)n1-c1ccccc1)NCCCO,-1.3517786264419556
base,NC(=O)CCNC(=O)[C@@H](C[C@@H]1SCCNC1=O)NCCc1ccc(C(F)(F)F)cc1,-0.37838903069496155
base,CC(=O)c1cn(C(=O)N[C@@H]2CC[S+]=C2[O-])c2ccccc12,-1.1122090816497803
base,O=C(CN1C(=O)N/C(=C\c2cccn2Cc2cccc3ccccc23)C1=O)N1CCCC1,-1.6666420698165894
base,CCCNC(=O)c1c(N)n(-c2ccccc2)c2nc3ccccc3nc12,-1.1653786897659302
base,CC(=O)Oc1ccc(NC(=O)C/[S+]=C2\C=C[S+]=C2N([O-])[O-])cc1,-0.3059438467025757
base,C/C([OH+]CCC[C@@H](C)C(=O)O)=C(/O)[C@H](O)[C@@H](O)[CH-]COC(=O)/C=C\C(=O)O,-0.5015595555305481
base,Cc1cc(OCC(=O)N(C)C2CCCCC2)cc(C)c1Cl,-7.8093414306640625
base,C=[O+]C.[O-]P(c1ccccc1)c1ccc(Cl)cc1,-5.8362555503845215
base,Fc1ccc2nc(C3CC3)nc(SCc3ccccc3)c2c1,-9.093866348266602
base,Nc1nnnn1NC1CCCCC1,-0.9607741832733154
base,COc1ccc(N2CCN(C(=S)Nc3ccccc3)CC2)cc1,-7.397124767303467
base,CC[C@@H](C)[C@@H]1C=C(C)OC(NC(=O)CN2C(=O)c3ccccc3C2=O)=C1C#N,-0.7329064011573792
base,CCCNNC(=S)Nc1cc(C)ccc1OC,-4.292114734649658
base,O=S(=O)(c1ccccc1)c1nc(Cc2ccccc2)oc1NCCN1CCOCC1,-0.9509751796722412
base,N#Cc1nn(-c2ccc(F)cc2)c(N)c1[S@+]([O-])C(F)(F)c1ccc(C(F)(F)F)cc1,-1.848736047744751
base,CN(C[C]1[CH][CH][CH][CH][CH]1)[C]1[N][CH][C]2[C](N([O-])[O-])[CH][C]([C+]3[CH][CH][C](O)[CH][CH]3)N2[N]1,-0.4996181130409241
base,Oc1ccc([C@](O)(CC#CCN2CCCC2)c2ccccc2)cc1,-4.829812526702881
base,O=C(O)c1ccccc1NS(=O)(=O)c1ccc2c(c1)OCCO2,-0.3942703306674957
base,Cc1cc(C(=O)O)ccc1NCc1cccnc1,-2.478808879852295
base,N#Cc1ccc(N2CCCNCC2)nc1,-3.2801334857940674
base,COc1ccccc1C(=O)Nc1ccc(Nc2cccc3cccnc23)cc1,-4.135915279388428
base,O=C1C=C/C(=N\Nc2ccccn2)C(Br)=C1,-3.1770148277282715
base,CCCOc1ccc(CNC(=O)CCC(=O)Nc2nnc(-c3cccc(F)c3)o2)cc1,-1.1528315544128418
base,COc1ccc(NS(=O)(=O)c2cccc(-c3nnc(-c4ccccc4)o3)c2)cc1,-1.5713691711425781
base,Fc1ccc(/[O+]=C2\N=CC3=Nc4ccc[c-]c4C3=C2/[C-]=C(/Oc2ccccc2)c2ccccc2Cl)cc1.[H+],-9.672652244567871
base,CC1=NN(C(=O)CSc2cccc3cccnc23)C(=O)C1,-2.2740588188171387
base,CC(=O)NNC(=S)NCCc1ccc2c(c1)OCO2,-1.3809411525726318
base,[N-2][C]CO[c+]1[n-][c+]([N-][c+]2[cH+][cH-][cH+][c+](N([O-])[O-])[cH+]2)[n-][c+](N2CCOCC2)[n-]1,-0.33046266436576843
base,COC(=O)[C@H](C)Oc1ccc(/C=N/NC(=O)c2ccoc2C)cc1Br,-0.9550032615661621
base,CCN(Cc1ccc(F)cc1)S(=O)(=O)c1c(C)[nH]c(C)c1C(=O)N1CCc2ccccc2C1,-2.435525417327881
base,COC(=O)c1nc(SCC(=O)NCCCN(C)Cc2ccccc2)nc2c1CCc1ccccc1-2,-1.4563566446304321
base,COc1cccc2c(OS(=O)(=O)N(C)C)cccc12,-2.8348023891448975
base,O=COc1[c-]cccc1.[O+]#P(c1ccccc1)c1cccc2ccccc12,-5.561627388000488
base,[O-][C+]([c+]1[cH-][cH+][c-](N([O-])[O-])o1)[NH+]1[c+]2[n-][cH-][cH+][cH-][c+]2S[C-]2[CH+][CH-][CH+][CH-][C-]21,-0.31497010588645935
base,C[C@H](NC(=O)Nc1ccc2ccccc2n1)C(=O)OCc1nc2ccccc2s1,-1.4905128479003906
base,CN1CC/C(=C/C=[C-]/N(C)[N+]#[O+])[C@@H](c2[c-]cccc2)C1,-6.676629066467285
base,[O][C](CC[C+]1[CH][CH][CH][CH][CH]1)N[N][CH][C]1[CH][CH][C]([C]2[CH][CH][CH][CH][C]2N([O-])[O-])O1,-0.7981730103492737
base,O=C1NC(=S)N(c2ccc3c(c2)CCC3)C(=O)/C1=C/Nc1ccccc1,-2.5909197330474854
base,Oc1ccc(Br)cc1[C@@H]([C@H](O)[C@@H]1CCCO1)N(O)Cc1ccccc1,-2.0913593769073486
base,Fc1ccc2c(c1)oc1ccccc12,-10.672021865844727
base,CNc1nc2ccccc2n1CC(=O)N1CCCC1,-3.4650769233703613
base,Cc1cc(CSCc2ccccc2)n(-c2ncc(F)c(N3CCN(c4ccc(C(F)(F)F)cn4)CC3)n2)n1,-4.267375469207764
base,COC(=O)C1=C(N)Oc2c(c(=O)[nH]c3ccccc23)[C@H]1c1ccc(F)cc1,-0.5990251898765564
base,COc1ccc(N2C[C@@H](C(=O)Nc3cc(C)on3)CC2=O)cc1,-0.6767864227294922
base,COC1=CC(=C(/[O-])c2cc(OC)c(OC)c(OC)c2)/C(=[S+]/c2ccc3c(c2)OCO3)C=C1,-1.3521970510482788
base,CC1(C)C(=O)[C@H]2/[C-]=C/c3cc([N+](=O)[O-])ccc3N[s+2]3c[cH-]cc3[C@@H]1OC2=O,-1.3218655586242676
base,COC[c-]1[cH+][cH-][cH+][c-](N2CCN(CCN[C-]([O-])CCCN[C+]([NH-])[S-])CC2)[cH+]1,-0.5336782336235046
base,OC[C@H]1O[C@H](O[C@H]2O[C@H](CO)[C@@H](O[C@H]3O[C@H](CO)[C@@H](O)[C@H](O)[C@H]3O)[C@H](O)[C@H]2O)[C@@H](O)[C@H](O)[C@H]1O,-0.6039784550666809
base,O=C(NC[C@@H](CCOc1ccccc1)N1CCN(c2ccccc2F)CC1)c1cccs1,-5.345503807067871
base,CC(=O)c1c(C)[nH]c(C(=O)Nc2cc(C)on2)c1C,-0.8003788590431213
base,CCOC(=O)NC(=O)/C(C#N)=C\c1ccc(N(C)C)cc1,-0.8072384595870972
base,O=[N+]([O-])c1nn(-c2ccc(Cl)cc2)n(O)/c1=N\Cc1ccccc1Cl,-0.9591972231864929
base,[O-][S+]([O-])N([C+]1CCC[N-]1)[c+]1[cH-][cH+][cH-][cH+][cH-]1,-2.133124589920044
base,C=C1C=CC=N[CH-]1.C=[O+]c1ccc(Cl)cc1.O=Pc1ccccc1,-7.05072546005249
base,CCOCCCO,-6.8659987449646
base,C=C([O-])[C@H](C)C/C=N/C1=[O+]C(=O)N(C2CCCCC2)/C1=C/c1ccc(S(N)(=O)=O)cc1,-0.6661989688873291
base,C[C@H](CCc1ccccc1)NC=O,-6.7344770431518555
base,COCCNC(=S)N/N=C1\C(=O)Nc2ccccc21,-1.1142964363098145
base,COc1ccc(N2C[C@H](C(=O)Nc3ccncc3)CC2=O)cc1Cl,-1.6241614818572998
base,O[C@H]1CCNC(=S)N1Cc1ccc(F)cc1,-5.663212776184082
base,CSC1=N/C(=C/c2ccccc2)C(=O)/C1=C\c1cnc2ccccc2c1,-6.396138668060303
base,NNS(=O)(=O)c1ccccc1Cl,-1.3974367380142212
base,Cc1ccc(N[C@H]2CCCN(C(=O)c3ccco3)C2)cc1C,-4.873199462890625
base,CO/N=C(\C(=O)NC1Cc2ccccc2C1)c1ccco1,-2.0119528770446777
base,CC(=O)Nc1ccc(C(=O)CSc2nnnn2C(C)C)cc1,-0.6074233651161194
base,COc1ccccc1NCCC(=O)O,-2.5210697650909424
base,NN[C]([O])[C][C]([N+][N+][CH][CH][C]1[CH][CH][CH][CH][CH]1)[C]([O-])C1CC1,-0.6007104516029358
base,CCO[c-]1[cH+][cH-][cH+][cH-][c+]1C[N-][CH+][C][CH+][c-]1[cH+][cH-][c+](N2CCOCC2)[cH-][cH+]1,-6.773387908935547
base,CN(C)S(=O)(=O)c1ccc(CCOCN2C(=O)c3ccccc3C2=O)cc1,-0.6797019243240356
base,COc1ccc(N2CCN(c3ccc(C(F)(F)F)cc3[N+](=O)[O-])CC2)cc1OC,-2.655977725982666
base,Fc1ccc2c(c1)nnn2C1CCN(Cc2ccccc2)CC1,-6.463132381439209
base,O=Cc1nccn1C(=S)N1CCSCC1,-5.191198825836182
base,COC(CNC(=O)CSCc1ccccc1)OC,-3.8025143146514893
base,CCCc1nn(NC(=O)c2ccccc2)c(=S)n1-c1ccccc1,-4.132508277893066
base,FC(F)OC(F)(F)[C@H](F)Cl,-11.330460548400879
base,CCOC(=O)N(C)C[C@H]1CN[C@@H](c2cccc(OC)c2)CCO1,-2.4954631328582764
base,COc1ccc(/C=C2/Oc3cc4ccc(=O)oc4cc3C2=O)c(OC)c1OC,-1.3001898527145386
base,N[C-]1[N-][N-][C+](N[N-][C+]2CCC([C+]3[CH+][CH-][CH+][CH-][CH+]3)CC2)N1N.[H+],-0.7105752229690552
base,C=C(C)OC(=O)CO/C(=C\C=C\C(=O)C(F)(F)F)C(F)(F)F,-3.8975751399993896
base,[O-]P(NC1CCCC1)OCCC(F)(F)F,-4.565301895141602
base,CCCn1nc(-c2cccc3ccccc23)n2c(=O)c3c(nc12)CCC3,-3.982466697692871
base,O=C(Nc1ccncc1)c1cn(-c2ccccc2)nc1-c1ccc(F)cc1,-3.648566961288452
base,C=C([O-])C[C@](O)(c1ccccc1)c1ccccc1C#[O+],-2.1217241287231445
base,C[C]C(C)C(O)([C+](N)[O-])[C-]([O-])NN[C+]1[CH+][C-]([O-])CC(C)(C)C1,-0.5320579409599304
base,Cc1sc(-c2ccccn2)nc1OC(=O)c1ccco1,-2.454606056213379
base,Cc1ccc(-c2cc(C(=O)OCC(=O)NCCSCc3ccccc3)c3ccccc3n2)cc1,-3.919039487838745
base,NNC(=O)CCN(Cc1ccccc1)S(=O)(=O)c1ccc(Cl)cc1,-0.47593048214912415
base,COc1cc(CC(=O)N2CCCCC2)cc(OC)c1OC,-3.918269634246826
base,CCC(=O)N1CCCN(C(=O)c2ccc(C(=O)NCCOC)cc2)CC1,-0.9295039772987366
base,O=C(Nc1ncc(OCc2ccccc2)cn1)c1ccccc1F,-2.6050455570220947
base,OC[C@H](O)CNC(=S)NC1CCCCC1,-2.120985507965088
base,COc1ccc(N(C)S(=O)(=O)c2c(C)noc2C)c(OC)c1,-0.8491190075874329
base,S=c1[nH]nc(-c2cccnc2)n1C1CCCCC1,-4.7241973876953125
base,Clc1ccc(-c2nc3cnccn3c2NC2CCCC2)cc1,-5.939263343811035
base,CN(C(=O)CN(c1ccccc1)S(=O)(=O)c1cccc(NC(=O)CCC2CCCC2)c1)c1ccccc1,-2.9596922397613525
base,Cc1cnccc1CN(C)Cc1c[nH]c2ccccc12,-6.852565765380859
base,CCOCC(=O)NC(=S)Nc1cccc(-c2cc3cc(C)ccc3oc2=O)n1,-0.7843073010444641
base,O=C(c1cccnc1)N1CCC[C@H](Nc2ccc(F)cc2)C1,-4.515286922454834
base,O=C(NCCc1ccccn1)Nc1c(CO)cccc1C(=O)O,-0.34886065125465393
base,Nc1cc(C(=O)OCC(=O)NCCC(c2ccccc2)c2ccccc2)ccc1Cl,-2.1504480838775635
base,[H]/N=c1\n(C)c2ccccc2n1C[C@H](O)c1ccc2c(c1)OCO2,-1.3194977045059204
base,Cc1cnc(NC(=O)COc2cc(Cl)ccc2Cl)s1,-4.252905368804932
base,[H+].[NH2-].[O-][C+](NCC[CH-][CH+]C1[CH-]C1)[c+]1[n-][n-][c+](-[c+]2[cH-][cH+][cH-][cH+][c-]2Cl)o1,-0.6665732264518738
base,O=C(Cc1ccccc1)NNC(=S)Nc1cccc(C(F)(F)F)c1,-3.715261220932007
base,Cc1cc(C)c(S(=O)(=O)c2cccc(Cl)c2)c(=O)[nH]1,-2.0027883052825928
base,Cc1cc(C)nc(SCC(=O)Nc2ccccc2[N+](=O)[O-])n1,-0.6433565020561218
base,[O-][C-]1[C+]2[CH+][CH-][CH+][CH-][C+]2C(N[C+]([S-])[N-][c-]2[cH+][cH-][cH+][c-](F)[cH+]2)N1[c-]1[cH+][cH-][cH+][c-](SC(F)F)[cH+]1,-4.555780410766602
base,O=S1(=O)CCN2CCCCCC2=N1,-3.653080940246582
base,O=C(NNS(=O)(=O)c1ccccc1Cl)c1ccccc1SCc1ccccc1Cl,-2.9669723510742188
base,Nc1nccc([C@H]2C[C@@H]2c2ccc(OC(F)F)cc2)n1,-2.6671669483184814
base,CCN(CC(=O)NNC(=O)c1ccco1)S(=O)(=O)c1cccs1,-0.3059438467025757
base,[H+].[O-][C+]([C-]1[N-][C+]([C+]2[CH+][CH-][CH+][CH-][CH+]2)N([C+]([C][S-])N[c+]2[cH-][cH+][c-]([S+2]([O-])([O-])N[c+]3[cH-][cH+][cH-][cH+][n-]3)[cH+][cH-]2)[N-]1)[c-]1[cH+][cH-][cH+][cH-][cH+]1,-1.297914743423462
base,O=C(O)[C@@H](CS(=O)(=O)N1CCCCC1)NS(=O)(=O)c1ccccc1F,-0.36443832516670227
base,O=C(CN1CCC[C@@H](C(F)(F)F)C1)c1ccccc1,-8.860986709594727
base,[O-]c1c2ccccc2nn1Cc1ccc(-c2csc3nc4ccccc4[o+]23)cc1,-4.829537391662598
base,O=C(CN1CCOCC1)c1cccc2ccccc12,-6.6976213455200195
base,[CH2+][C-]1[N-]CCC1[c+]1[cH-][cH+][cH-][c+](Cl)[c-]1OC[c+]1[cH-][c+]([C+]([O-])[c+]2[cH-][cH+][cH-][cH+][cH-]2)[cH-][cH+][c-]1OC,-5.179075717926025
base,O=C(O)CSc1nnc(-c2cccc(S(=O)(=O)N3CCCC3)c2)n1-c1ccccc1,-0.7237681150436401
base,O=c1c2ccccc2nc(-c2cccc(Cl)c2)n1Nc1ccccn1,-3.378375768661499
base,O=C(Cn1c(=O)oc2ccc(Cl)cc21)N1CCN(c2ncccn2)CC1,-0.5522460341453552
base,NC(=O)c1ccc(NCCCN2CCCC2)c([N+](=O)[O-])c1,-0.3921526372432709
base,CCCCn1c(S[C@@H](C)C(N)=O)nc2c1c(=O)n(C)c(=O)n2C,-0.3411582112312317
base,Nc1c(Cl)ncnc1N1CCOCC1,-2.0264828205108643
base,O=C(c1cccs1)c1ccc2n1CC[C@@H]2C(=O)NC(c1ccccc1)c1ccccc1,-5.418970584869385
base,Cc1nc(/N=C/N(c2ccccc2)c2ccccc2)sc1-c1nc2ccccc2[nH]1,-6.360206127166748
base,O=C(/N=N\c1ccc([N+](=O)[O-])cc1)N1CCOCC1,-0.5549195408821106
base,C[c+]1[c+]([C-]([O-])[N-]C(C)CC2([C+]([O-])NCCCC(C)C)CCCCC2)[n-][c-](C)[cH+][c-]1C,-1.837390422821045
base,O=C(C[C@@H](C(=O)NC1CCCCC1)c1ccc(F)cc1)c1ccncc1,-3.5202817916870117
base,O=C(NCCOc1ccccc1)c1ccco1,-3.36106276512146
base,C[S+]=C1C=CC(=C/C(NC(=O)c2ccccc2Cl)=C(\[O-])NCCO)C=C1,-0.6673194169998169
base,CCN1C(=O)[C@H]2[C@@H](c3ccc(C)cc3)N3C(=O)N(c4cccc(F)c4)C(=O)[C@@]3(Cc3ccccc3)[C@H]2C1=O,-2.2334001064300537
base,[CH2-][C+]1[N-]O[CH+][C+]1[C-]([O-])NCCCO[C+]1[CH-][CH+][C+](N[C-](C)[O-])[CH+][CH-]1,-0.5264397263526917
base,CCOc1cc(N2CCOCC2)c(OCC)cc1NC(=O)[C@@H](C)Sc1nnnn1-c1ccc(C(=O)O)cc1,-0.8098992705345154
base,Cn1cc(SCc2nc3ccccc3[nH]2)c2ccccc21,-7.132657051086426
base,O=C(Nc1cc(O)c2ccc(F)cc2n1)c1ccc(S(=O)(=O)N2CCOCC2)cc1,-0.4938488304615021
base,Fc1cccc(-c2cc3nc4c(c(N5CCOCC5)n3n2)CCCC4)c1,-5.035624980926514
base,C=CCNC(=S)N(CCCN(C)C)Cc1ccc(-c2ccc(OC)cc2)[nH]c1=O,-2.610445022583008
base,N#C[C@H](NC(=O)C(F)(F)C(F)(F)C(=O)NCc1ccccn1)c1ccccc1Cl,-0.821595311164856
base,CC(C)(C)C(=O)Nc1cc(NC(=O)COc2ccc(OCc3ccccc3)cc2)cc(C(=O)NCCN2CCCCC2)c1,-2.754014492034912
base,C[c-]1[cH+][c+]2[c-]3[cH+][cH-][cH+][o+]3[sH+][c+]3[n-][n-][c-]([c+]1[N-][N-][C+]1[C+](Cl)[CH-][C+](Cl)[CH-][C+]1Cl)n32.[H+],-5.1708664894104
base,O=S(=O)(N/C(=N/Cc1ccccc1)c1ccccc1)c1cccc(Cl)c1,-3.7803046703338623
base,O=C([C@@H]1CC[C@]2(CCCO2)C1=O)[C@@H](c1ccc(O)cc1)c1ccc(F)cc1,-2.91904616355896
base,Brc1ccc(OCCCn2cnc3ccccc32)cc1,-8.255409240722656
base,Oc1ccc(/C=N/Nc2ccccn2)cc1OCF,-2.0088119506835938
base,CCCCc1nnc(SCC(=O)Nc2ccccc2C)n1Cc1ccccc1,-3.9658660888671875
base,O=C(/C=C/c1ccccc1)Nc1ccc(NC(=O)c2ccc(Br)cc2)cc1,-4.805963516235352
base,C/C(=N/OC(=O)/C=C/c1ccco1)c1cccs1,-3.891273260116577
base,Brc1ccc(N2CCN(Cc3ccccn3)CC2)cc1,-8.963658332824707
base,NC(=O)c1nc([C@]23C[C@H]4C[C@H](C[C@H](C4)C2)C3)sc1N,-1.0132752656936646
base,CCCOc1ccc([C@H]2Nc3ccccc3NC3=C2c2ccccc2C3(C)C)cc1,-9.965868949890137
base,CCS(=O)(=O)Nc1ccccc1Cc1ccccn1,-2.6198434829711914
base,COCCN1[C](SC[C+]([O])N(C)[C]2[CH][CH][CH][C]3[CH][CH][C](Cl)[N][C]32)[N][CH][C]1[C]1[CH][CH][C](N([O-])[O-])[CH][CH]1,-0.7914941906929016
base,Cn1c(=O)c2ncn(CC(=O)Nc3ccc(F)cc3)c2n(C)c1=O,-0.3847537934780121
base,O/N=C/C1CCN(Cc2ccccc2)CC1,-5.738708019256592
base,COc1cccc(C(=O)N2CCN(Cc3ccc4c(c3)OCO4)CC2)c1OC,-2.4454703330993652
base,Nc1cccc([C@H]2C=C(C(=O)O)O[C@@H](OCCCCO)C2)c1,-0.43465402722358704
base,C[c-]1[cH+][cH-][c+](N2CCN([C-]([O-])[C+]3[CH+][CH-][C+]4SC[CH-]N(C[c+]5[cH-][cH+][cH-][cH+][cH-]5)[C-]4[CH+]3)CC2)[c-](C)[cH+]1,-7.012126445770264
base,CCOc1ccccc1-n1c(Cc2cccs2)n[nH]c1=S,-5.476218223571777
base,CN(C)CCCN(C[C+]1[CH][CH][CH]S1)[C]1[N][CH][CH][CH][C]1N([O-])[O-],-1.6151950359344482
base,Clc1ccc(CN2CCN(Cc3ccccc3Cl)CC2)cn1,-9.357648849487305
base,CCOC(=O)c1nc(N[C@H](C)CC)c2ccccc2n1,-2.3902952671051025
base,O=S(=O)(Nc1ccc2ccccc2n1)c1cccc2cccnc12,-2.0407192707061768
base,Clc1cccc(SCc2nc3ccccc3[nH]2)n1,-5.626404285430908
base,[N-]=C1[C-]2CC=CC=C2N=CN1[N+]#CC1=C=C=C=C=C1[OH+]C(F)F,-3.4127798080444336
base,[CH2+]O[C-]([O-])CCN1[C-]([O-])[C+]2[CH+][CH-][CH+][CH-][C+]2C1[c-]1[cH+][cH-][cH+][c-](OCCN(C)C)[cH+]1,-1.3515846729278564
base,NS(=O)(=O)c1ccc(N(CC(=O)NC2CC2)S(=O)(=O)c2ccc(Br)cc2)cc1,-0.35836488008499146
base,CCCCCCCCCCC(O)C[CH-]C1O[C+]([O-])C1CCCCCC,-5.7338762283325195
base,O=C(O)[C@H](Cc1ccccc1)n1cccc1,-4.7250285148620605
base,CCN(Cc1ccccc1)C(=S)Nc1ccccc1,-10.370162963867188
base,COCC1CCN(C(=O)CCc2nc(-c3ccc(C(C)(C)C)cc3)no2)CC1,-2.573599100112915
base,O=S(=O)(c1ccccc1)c1nc(Cc2ccc3ccccc3c2)oc1NCCN1CCOCC1,-1.640835165977478
base,O=C(Nc1ncccn1)c1ccc(-c2cccs2)cc1,-3.5501749515533447
base,Fc1ccc(Oc2nc3ccccc3nc2Cc2nc3ccccc3o2)c(Cl)c1,-5.236940860748291
base,O=C(NNS(=O)(=O)c1ccc(Cl)cc1)c1ccn[nH]1,-0.3848004937171936
base,N/C(=N\C(=O)N1CCC(Oc2ccccc2)CC1)c1ccccn1,-0.9778837561607361
base,COc1c(F)c(F)n2c(=O)c(F)c(O)nc2c1SCC(=O)Nc1ccc2c(c1)OCCO2,-0.500051736831665
base,[CH2-][c+]1[cH-][cH+][cH-][cH+][c-]1CC[c+]1[cH-][cH+][n-][cH+][c-]1[S+2](N)([O-])[O-],-0.6102186441421509
base,Clc1ccccc1CNc1ccc(Br)cn1,-8.613730430603027
base,COc1cccc(-n2ncc(C(=O)Nc3ccc(F)cc3)c2C)c1,-3.4869534969329834
base,CCOc1cccc(OCCN2CCOCC2)c1,-6.337380409240723
base,S=C(NC1CCCCC1)N1CCN(c2ccccn2)CC1,-6.4742207527160645
base,CN(C)c1cccc(C(=O)NC2CCCCC2)c1,-6.456377983093262
base,O=[N+]([O-])c1cc(C(F)(F)F)ccc1SCc1cccs1,-6.3611345291137695
base,[CH2+]CCCN([P-][S-])N1[CH+][N-]OC12CCCCC2,-7.483689785003662
base,COC(=O)[C@@H]1CCCN1S(=O)(=O)c1ccc(Cl)cc1,-2.0873169898986816
base,COc1ccc(OC[C@@H](O)CN2C(=O)c3ccccc3C2=O)cc1OC,-0.5824918150901794
base,COc1ccc(OC)c(NC(=O)NCNC(=O)CSc2nc3ccccc3s2)c1,-0.8512465357780457
base,COc1cccc(S(=O)(=O)Nc2cccc([N+](=O)[O-])c2)c1,-0.5247682332992554
base,COc1ccccc1NC(=O)N(C)Cc1ccc(F)cc1,-5.281100749969482
base,CCCCC(=O)NC1=NCCS1,-4.77347469329834
base,COc1ccccc1N/C(=N/C(=O)c1cc2ccccc2o1)C(C)C,-3.6084275245666504
base,Clc1ccc2ccc(/C=C/c3ccc(NCc4ccc(Cl)nc4)cc3)nc2c1,-9.207128524780273
base,NC(=O)c1cccc2c1C(=O)N(Cc1ccc(F)cc1)C2,-2.1472620964050293
base,O=S(=O)(Cc1ccc(Cl)c(Cl)c1)c1ccc(Cl)cc1,-7.431009292602539
base,N#CCNC(=S)N/N=C/c1ccco1,-1.3029608726501465
base,Nc1nc(SCC(=O)NCc2ccccc2)[nH]c(=O)c1-c1ccccc1,-0.5103679299354553
base,CNCCNc1ccc(C(=O)C(F)(F)F)cc1,-4.900219440460205
base,NC(=O)CN1CCc2[nH]c3ccccc3c2C1,-2.111875295639038
base,O=C(CN(CCO)Cc1cn[nH]c1)N1CCN(C2CCCCC2)CC1,-1.1974550485610962
base,COc1cc(F)ccc1S(=O)(=O)N1CCC(Cc2cccc3ccccc23)CC1,-5.449922561645508
base,Fc1ccc(-n2nnnc2SCc2ccccc2Cl)cc1,-5.260677814483643
base,[N-2][C][C+]([C]N)[CH-][C+]1[CH+][CH+][C-]([O-])[C+](O)[CH-]1,-0.6278612017631531
base,S=C(NC1CCCCC1)NC1CCCCC1,-8.32483959197998
base,CCCc1nc2ccccc2c(=O)[nH]1,-4.121236324310303
base,CCCOc1ccccc1C(N)=O,-3.233839511871338
base,O=C(O)c1cccc(CN2C(=O)c3ccccc3C2=O)c1,-1.2922251224517822
base,COc1ccc(/C=C2\N=C(c3c(-c4ccccc4)noc3C)OC2=O)cc1OC,-1.7057981491088867
base,O=C(N[C@@H]1C[C@H]2CCC[C@@H](C1)N2Cc1ccccc1)N[C@]12C[C@H]3C[C@H](C[C@H](C3)C1)C2,-6.099316596984863
base,Cc1cc(C)nc(NS([O-])([O-])#C/[CH+]=C\[C]C(=S)/N=[NH+]/C([O-])=C2\C=CN=C[CH+]2)n1,-0.41534942388534546
base,Cc1sc(NC(=O)CSc2nnc([C@]34C[C@H]5C[C@H](C[C@H](C5)C3)C4)n2C)c(C#N)c1C,-2.275078535079956
base,Cn1c(=O)c2c(ncn2CC(=O)Nc2ccccc2N2CCOCC2)n(C)c1=O,-0.22246436774730682
base,[C-3]ON([O-])[CH-][c+]1[cH-][cH+][cH-][c+](Cl)[cH-]1,-5.786992073059082
base,Fc1ccc([C@H](Nc2cnccn2)c2cccs2)cc1,-6.186861515045166
base,CCN1CCC[C@H](NCCCOC)C1,-7.573441505432129
base,CCC(=O)C1CCN(C(=S)NCCO)CC1,-3.341301679611206
base,O=C(CN1CCN(S(=O)(=O)c2ccccc2)CC1)NC(=O)NC1CCCCCC1,-0.377029687166214
base,Cc1cccc(CC[N+](=O)[O-])c1,-4.5742082595825195
base,CC/[NH+]=C(\[O-])[C]/C([NH+]=C1C=CC(=C([O-])C(C)C)C=C1)=C(\[O-])[C+]1=CC=CC=C1,-0.5713041424751282
base,O=C=[NH+]C=[P@@]([O-])(O)c1ccc(Cl)cc1,-1.2838234901428223
base,CCC(=O)N1/C(=N/c2cccc3ccccc23)SC[C@@H]1c1ccc(OC)cc1,-7.049636363983154
base,Cn1c(=O)c(=O)n(C)c2cc(S(=O)(=O)N3CCCCCC3)ccc21,-0.7527163028717041
base,CCCCC(=O)NNC(=O)c1ccc(OCCCN2CCCC2=O)cc1,-0.673642098903656
base,COC(=O)Cc1nnc(SCC(=O)Nc2cccc(OC)c2)c2ccccc12,-0.8627844452857971
base,COc1cc(-c2nnc(-c3ccccc3NC(=O)/C=C/C=C/c3ccccc3)o2)cc(OC)c1OC,-2.9051523208618164
base,CC1(C)[C@@H]2CC[C@@]1(CS(=O)(=O)n1cccc1)C(=O)C2,-2.915846824645996
base,O[N-][CH+][C-]([C][CH+][c+]1[cH-][cH+][cH-]o1)[c-]1[n-][c+]2[cH+][cH-][cH+][cH-][c+]2o1.[H+],-1.8967547416687012
base,CCOCCCN([CH-]C(=O)Nc1ccc(OC)c(Cl)c1)C(=O)[c-]1c[s+]nn1.[H+],-0.8005733489990234
base,O=C(c1coc2ccc(O)c(CN3CCOCC3)c12)C1CC1,-2.3196206092834473
base,Nc1ncnc2nc(SCCN3CCCCC3)[nH]c12,-0.7300208210945129
base,O=C(Nc1cccc(N2Nc3ccccc3CC2=O)c1)c1cccs1,-3.1820485591888428
base,C=[N+](/[C-]=C(\[O-])NCCc1ccc(OC)cc1)S(=O)(=O)c1ccc2c(c1)C(C)(C)C(=O)N2C.[H+],-0.3023884892463684
base,F[C-](O[c+]1[cH-][cH+][c+]2[n-][c-](CN3CCOCC3)[nH][c+]2[cH-]1)C(F)(F)F,-3.592524528503418
base,COCCc1nc2ccccc2n1CCCN(C)C,-6.49683141708374
base,[O-]N1C=CC=C/C1=C/N=C1\C=CC2=[O+]COC2=C1,-2.6489312648773193
base,F[C@H](C/C=N/n1cnnc1)c1ccccc1,-4.621578693389893
base,CC(C)N([O-])[C+]([CH-][c+]1[cH-][cH+][c-](Br)[cH+][cH-]1)[C+]([O-])NC1CC1,-2.4756882190704346
base,[O-][C+]1CCCN1[CH+][N-][N-][C]C[c+]1[cH+]s[c-](N[c+]2[cH-][cH+][c-](OC(F)F)[cH+][cH-]2)[n-]1,-1.2769756317138672
base,O=S(=O)(Nc1ccccc1Cl)c1cc(Cl)sc1Cl,-5.502045631408691
base,Cn1c(=O)c(=O)n(C)c2cc(S(=O)(=O)NCCC3=CCCCC3)ccc21,-0.45218899846076965
base,CNC[c-]1[cH+][cH-][c+]([C-]2[N-]O[N-][C+]2[C+]2[CH+][CH+][N-][CH-][CH+]2)[c-]([O-])[cH+]1,-0.78864586353302
base,O=C(C1CCCCC1)N1CCC(c2nc3c(nnn3Cc3ccco3)c(=O)[nH]2)CC1,-0.6160610318183899
base,CCOC(=O)Cn1/c(=N/C(=O)c2cc(Cl)c(OC)cc2OC)sc2cc(OC)ccc21,-1.294000267982483
base,C[C@@H](OC(=O)CN1C(=O)c2ccccc2S1(=O)=O)C(=O)Nc1cccc(O)c1,-0.2769625186920166
base,O=C(CC(=O)c1cc(=O)[nH]c2ccccc12)NCc1ccc(F)cc1,-1.1344265937805176
base,Cc1cccn2c([O-])c3cc(C(=O)N4CCCCC4)[s+]c-3nc12,-2.63407564163208
base,[H]/N=C(/N)c1cccc(OC)c1OC,-1.6220625638961792
base,CCCC[C@@H](CC)CNC(=C1C(=O)N(C)C(=O)N(C)C1=O)c1ccccc1,-2.14504075050354
base,Cn1c(CNc2ncc(Cc3ccccc3Cl)s2)nnc1SCc1ccccc1,-5.168266296386719
base,N#Cc1nc(-c2ccccc2Cl)oc1NCc1ccccc1,-3.6099812984466553
base,O=[N+]([O-])c1ccc(NCCN2CCOCC2)cc1,-1.6698921918869019
base,CCc1nc(N(CC)Cc2ccccc2)cc(=O)[nH]1,-3.8006606101989746
base,FC(F)(F)c1nc([C-]2N=C3C=CC=CC3C3=[N+]2N=CC3)c[nH]1,-3.0608863830566406
base,Fc1cccc(Cl)c1COc1ccc(NC(=S)NCc2ccco2)cc1,-6.016296863555908
base,COc1ccc(/C=N/Nc2nc3ccccc3[nH]2)c(OC(C)C)c1,-2.2410504817962646
base,CCOc1cccc(C2CCN(Cc3cc4ccc(C)cc4[nH]c3=O)CC2)c1OC,-4.4445271492004395
base,CCS(=O)(=O)c1nnc(NC(=O)CCCc2ccccc2)s1,-0.6523884534835815
base,CN1C(=O)C[C@H](N2CCN(C(=O)c3ccc4c(c3)OCO4)CC2)C1=O,-0.8792569637298584
base,O=C(COc1ccccc1Cc1cc(Cl)ccc1O)Nc1ccc(-c2ncccn2)cc1,-2.6395440101623535
base,COc1cc(-c2n[nH]c(=S)n2/N=C/C=C/c2ccco2)cc(OC)c1OC,-1.4468193054199219
base,CCCCN(Cc1ccco1)C(=O)c1ccc2c(c1)SC1=NS(=O)(=O)CCN12,-1.331568717956543
base,O=C(NNC(=O)C1CCN(S(=O)(=O)c2cccs2)CC1)c1ccccc1O,-0.2946462035179138
base,O=C(C(=O)N1CCOCC1)c1cn(Cc2ccccc2Cl)c2ccccc12,-3.8761746883392334
base,CO[c-]1[cH+][cH-][c+]([S+2]([O-])([O-])NCCCCCCC[C-]([O-])[O-])[cH-][cH+]1,-0.35206830501556396
base,COc1cc2cc3c(occ4ccccc4c2cc1OC)c(=O)c(C(=O)O)cn3-c1ccccc1,-3.1457455158233643
base,CC(C)[C@@H](NS(=O)(=O)c1ccc(F)cc1)C(=O)OCC(=O)NC(=O)NC(C)(C)C,-0.3888237774372101
base,NCCCC[C@@H](CCc1ccccc1)NC(=O)[C@@H]1CCC(=O)N1Cc1ccc(F)cc1,-1.8798681497573853
base,FC(F)OC(F)(F)[C@H](F)Cl,-11.330460548400879
base,CC(=O)Oc1ccc(OCCNCc2ccccc2)cc1,-4.105975151062012
base,COc1ccc(CN(CC(=O)N2CCC(OC)CC2)C(=O)c2ccc(OC)cc2)cc1,-2.0330870151519775
base,COc1cc(/C=C(\NC(=O)c2ccc3c(=O)[nH]c(CC(C)C)nc3c2)C(=O)Nc2ccccc2)cc(OC)c1OC,-1.786881446838379
base,COc1nc2ccccc2nc1N1CCN(Cc2ccc3c(c2)OCO3)CC1,-2.5579235553741455
base,COc1ccc(COCc2ccc(C(=O)O)o2)cc1OC,-1.2705713510513306
base,CCOc1cc(/C=N/O)ccc1OCc1ccccc1C(=O)O,-1.0568420886993408
base,CO[c-]1[cH+][c-]2[c+]([cH+][cH-]1)N[C-]1[N-][C+]([c+]3[cH-][cH+][c-](Cl)[cH+][cH-]3)[N-]N1[C+]2N,-1.6589545011520386
base,CCOc1cc(-c2nnn(CC(=O)NCc3ccccc3)n2)ccc1O,-0.3360863924026489
base,COc1ccc2c(c1)c1ncn(CCN3CCNCC3)c(=O)c1n2C,-1.8334678411483765
base,O=C(NN1CCOCC1)[C@H]1CCCN(S(=O)(=O)c2ccccc2)C1,-0.8885040283203125
base,CN(C)c1ccc2c3c(cccc13)CN(C(=O)c1ccccc1Br)C2,-9.382225036621094
base,COCCCNc1ccccc1-c1nc(-c2cccn2C)no1,-2.3461761474609375
base,[H]/[O+]=C1\C=CC2=C3C1=[C-]NSN3S(=O)(=O)[C@H]2c1ccccc1,-1.4541627168655396
base,CCOC(=O)c1ccc(Oc2ncnc3c2oc2ccccc23)cc1,-2.443005323410034
base,CCCn1c(CCC(=O)O)nc2cc(S(N)(=O)=O)ccc21,-0.3462522029876709
base,NCCCN1CCOCC1,-5.20858097076416
base,O=C1c2nc(C(F)(F)F)cc(Cc3ccccc3)c2C(=O)N1C[C@H]1CCCO1,-3.106522798538208
base,COCCN(Cc1cc2cc(C)ccc2nc1Cl)C(=O)Nc1ccccc1C,-4.992048740386963
base,Cc1ccc(SCCC(=O)Nc2ccccc2C)cc1,-7.995830535888672
base,CCOC(=O)[C@H]1CCC(=O)N1C1CCCCC1,-4.155621528625488
base,CC(=O)O[C@@H](C)C(=O)Nc1cc(C)nc(N2CCOCC2)n1,-0.3915613293647766
base,Cc1ccccc1N1CCN(C(=O)/C=C/c2cccc([N+](=O)[O-])c2)CC1,-2.2985761165618896
base,Fc1cnc(N2CCN(c3nc4ccccc4s3)CC2)nc1N1CCN(c2ccccc2)CC1,-4.180859088897705
base,CCC(C)(C)n1nnnc1CN1CCC(NC(=O)c2ccco2)CC1,-0.5784737467765808
base,O[C-]([c+]1s[c-](Br)[c+]2[c-]1OCCO2)N1CCCCC1,-5.087040424346924
base,CN1CCN(c2ccc([N+](=O)[O-])c(NC(=O)NCc3ccco3)c2)CC1,-0.4368201494216919
base,CNC(=O)[C@@H]1c2c(ccc3ccccc23)OC[C@@H]1C(N)=O,-0.7032385468482971
base,O=[N+]([O-])c1cnccc1NC1CCCCC1,-2.0492589473724365
base,S=C(NCCc1cccc2ccccc12)N(CCCN1CCOCC1)Cc1ccco1,-5.783046722412109
base,Nc1cccc(Oc2ccc([N+](=O)[O-])cc2Cl)c1,-1.774861216545105
base,COc1ccc(/C=C/C(=O)OCC(=O)N[C@H]2CCS(=O)(=O)C2)c(OC)c1,-0.3015807569026947
base,CCOc1ccc(OCC)c(NC(=O)C2CCN(S(=O)(=O)c3cnc[nH]3)CC2)c1,-0.4701521396636963
base,Clc1ccc(OCCCCSCCCNCc2cccnc2)c(Cl)c1,-8.201619148254395
base,FC(F)(F)c1ccc(N2CCN(c3nccc4ccccc34)CC2)cc1,-9.98433780670166
base,COc1cc(OC)c(Oc2ccccc2C(=O)NC2=[S+]C=C/C2=C(/N)[O-])cc1NC(C)=O,-0.23955637216567993
base,O=C(COc1cccc2cc(-c3ccc(Cl)cc3)oc(=O)c12)OCc1cccs1,-3.994185209274292
base,CN1C(=O)c2cccc(NC(=O)NC(=O)COC(=O)CCCSc3nc4ccccc4s3)c2C1=O,-0.8836645483970642
base,CCSc1ccccc1-c1nc(SCC(=O)NCc2ccc3c(c2)OCO3)n[nH]1,-1.322924017906189
base,CCC[C@H](CC)C(=O)NNC(=O)c1csnn1,-0.7368465065956116
base,COc1cc(C(N)=O)c(OC)cc1/C=N/O,-0.40833544731140137
base,FC(F)(F)c1cccc(Nc2nc(-c3ccccc3Cl)nc3ccccc23)c1,-9.178167343139648
base,NC(=O)c1ccc(-n2nnnc2SCc2cc(=O)n3ccsc3n2)cc1,-0.3086954653263092
base,COC(=O)c1c(C)[nH]c(C(=O)NNC(C)=O)c1C,-0.44420844316482544
base,O=C(c1cccnc1)[O+]1[C-]2/C(=N/C[C@@H]3C[CH-]CCC3)[C@@H]21.[H+],-4.478448867797852
base,Cc1ccc(Nc2nc(-c3cc(Cl)sc3Cl)cs2)c(N)c1,-6.210186004638672
base,S=c1ncn(Cc2cccc3ccccc23)c2c1CCCC2,-10.426457405090332
base,Nc1nc(-c2ccccn2)nc(N)c1CCCCO,-0.350430965423584
base,COc1ccc(Cl)c(N/N=C/c2sccc2C)c1,-7.092916488647461
base,COc1ccc(C)c([C@H](O)[C@@H](CN2CCOCC2)c2ccccc2)c1C,-5.210452556610107
base,CON=C1CCN(c2ncccc2[N+](=O)[O-])CC1,-0.8828327655792236
base,C[C@H](Sc1ncn[nH]1)C(=O)O,-1.1058825254440308
base,CC[C@@H](NCc1ccco1)[C@@H](/[C-]=C/C=C\C#[O+])NCC#Cc1ccccc1,-3.363482713699341
base,O=C(O)c1ccc(Cl)cc1NC(=O)[C@@H]1CCN(c2ccccn2)C1,-1.0911740064620972
base,CCN1C(Nc2ccccc2)=NC[C@H]1C,-7.112533092498779
base,COCCCN1CCC2=C(C1)[S+]=C(NC(=O)c1ccccc1)/C2=C(\N)[O-],-0.4053663909435272
base,O=C(NNC(=S)Nc1cccc(C(F)(F)F)c1)c1ccc(Cl)cc1Cl,-4.766397953033447
base,C[C]([O])CC(C[C]1[CH][CH][CH][CH][CH]1)NS([O])([O])[C][NH+][N][CH][N][C]1[CH][CH][CH][CH][CH]1,-0.6286898851394653
base,COc1ccc2cc(Oc3ncnnc3C(F)(F)F)ccc2c1,-3.5976362228393555
base,S=c1scc(Br)n1CC1CC1,-12.551092147827148
base,CC[C@H](Sc1nnnn1C)C(=O)Nc1nc2ccc(C)cc2s1,-0.8837277293205261
base,[CH2-]CC(C)(C)[C+]([O-])NC(C[C+]([O-])O)[c+]1[cH-][cH+][cH-][cH+][cH-]1,-0.9407708048820496
base,O=NNc1ccccc1O/C=C/c1ccccc1,-4.3451361656188965
base,COc1ccc(S(=O)(=O)N2CCC(C(=O)NCCc3ccccc3)CC2)cc1,-1.2585927248001099
base,COc1cc(Br)cc2c1-n1nnnc1NC2,-1.9576622247695923
base,[O-][C-](CCC[C+]1[CH+][CH-][CH+]S1)N[c+]1[n-][nH][c+]([S-])[c-]1Cl,-2.1340436935424805
base,CN(C)S(=O)(=O)N1CCN(c2ccccc2Cl)CC1,-4.272799968719482
base,COCCCNC(=O)CCCn1c(=O)c2ccccc2n(Cc2ccccc2)c1=O,-0.7693631649017334
base,O=C(OCC(=O)N(c1ccc(F)cc1)[C@@H]1CCS(=O)(=O)C1)c1ccccc1,-0.9436046481132507
base,COc1cc(C(=O)Nc2nc(C(F)(F)F)cs2)ccc1OC(F)F,-3.4062516689300537
base,COc1ccccc1NC(=O)COC(=O)c1c[nH]c(=O)[nH]c1=O,-0.27796438336372375
base,CC(C)(OC(=O)CCCC(=O)OCC(=O)c1ccccc1)C(=O)c1ccc[nH]1,-0.8713974952697754
base,CN1[C@@H]([C@@H]2CC2(Cl)Cl)CCOS1(=O)=O,-4.05928897857666
base,Cc1cc(/C=C/C(=O)O)c(C)n1-c1cccc(NS(=O)(=O)c2ccc(Cl)cc2)c1,-2.1190848350524902
base,Cc1ccc([C@@H](c2ccccc2)[C@H](NP(=O)(c2ccccc2)c2ccccc2)c2cccc3ccccc23)cc1,-13.744959831237793
base,O=S(=O)(Nc1cccc(F)c1)c1ccc(Br)s1,-4.709473133087158
base,OC1[CH-]C[CH-][OH+]C(n2[cH+][n-][cH+][cH-]2)C(O)C1O,-0.5103585124015808
base,[O-]P1OCC[CH+][C-]1N[c+]1[n-][c+]2[cH-][c+](Br)[cH-][cH+][c-]2s1,-3.059091091156006
base,CCOC(=O)CC(=O)Nc1cc2c(cc1C)CCC2,-3.060060977935791
base,COc1cc(C=O)ccc1OCC(C)C,-5.829257488250732
base,S=[P@](Nn1cnnc1)(c1ccccc1)c1ccc(Br)cc1,-4.750567436218262
base,OCCNC[C@@H](O)CN1c2ccccc2Sc2ccccc21,-2.945493698120117
base,Cc1ccc(NS(=O)(=O)c2c(C)n[nH]c2C)cc1Cl,-1.5718308687210083
base,CO/[C-]=C/C(=C=[NH+]Cc1cc(OC)c(O)c(OC)c1)C=O,-0.8889749050140381
base,N[C@@H](CCC(=O)NCCCc1ccccc1)C(=O)O,-0.42030981183052063
base,FC[C@@H](COCC1=CCCCC1)Sc1nnc(-c2ccc3c(c2)OCCO3)o1,-3.1970903873443604
base,CO[CH-][CH+][C-]1[C-]2[N-][C+](CO[c-]3[cH+][cH-][cH+][cH-][c+]3N([O-])[O-])O[S+]2[C+]2C3([O-])OC213,-0.3432178497314453
base,CCO[C]1[CH][CH][C]([C]2[C]([O-])N(OC[C+]3[CH][CH][CH][CH][C]3Br)[C]3[CH][CH][CH][CH][C]3N2[O-])[CH][CH]1,-1.9503264427185059
base,CCOc1ccc([C@H](O)[C@@H](CN2CCCC2)c2ccccc2)cc1,-7.056817531585693
base,CCc1cc(OCCOc2ccc(C(=O)O)cc2)cc(C(=O)Nc2ccccc2C(=O)O)c1,-1.6705747842788696
base,FCCCOc1ccc(-c2nc3nc(Cl)c(Cl)nc3[nH]2)cc1,-3.167156457901001
base,CC(C)[C@H](C)NC(=O)[C@@H](c1ccccc1)N1Cc2ccccc2C1=O,-4.28857946395874
base,Clc1ccccc1OCc1ncc[nH]1,-5.530521392822266
base,CCOc1ccc(OC(=O)c2cccnc2)cc1,-3.959791421890259
base,NS(=O)(=O)[c-]1ccc(=N/N=C(\C=C\c2ccc([N+](=O)[O-])cc2)C(=O)[n+]2[c-]cccc2)cc1.[H+],-0.3349566161632538
base,COc1ccc(Cl)cc1NC(=O)COC(=O)c1ccc2ccccc2n1,-1.723960041999817
base,O=C(CSc1nc(C2CCCCC2)nc2c1CCCC2)N1CCCC1,-5.268985748291016
base,N[c-]1[c+]([C-]([O-])[C+]2[CH+][CH-][CH+]S2)s[c-]2[c+]1N([S+2]([O-])([O-])[c+]1[cH-][cH+][cH-][cH+][cH-]1)S[N-]2,-0.9124774932861328
base,CCc1nc2ccc(C(=O)NCC(=O)NCCc3ccc(OC)cc3)cc2nc1CC,-0.7121824622154236
base,Clc1ccc(N2CCN(Cc3cn[nH]c3-c3cccc4ccccc34)CC2)cc1,-7.695568084716797
base,CCC(=O)N1CCN(CCNC=C2C(=O)CC(c3ccc(OC)cc3)CC2=O)CC1,-0.9638925194740295
base,O=C(c1ccc(OC[C@@H](O)CN2CCCCC2)cc1)c1cccc([N+](=O)[O-])c1,-0.8613725304603577
base,O=C(NCCNC(=O)c1cccs1)c1ccc2c(c1)CCCC2,-2.904215097427368
base,COC(=O)c1ccc(/C=C/c2ccc[nH]2)cc1,-5.0425639152526855
base,CC1=CC=C[C]/C1=C(/[O-])C[C@H](C(=O)O)N(CC(=[NH2+])[O-])[C+](=O)C(C)C,-0.5053868889808655
base,COc1ccccc1OCCCCCN1CCN(c2ccc(F)cc2)CC1,-8.544037818908691
base,S=C(c1cccc(Cl)c1)N1CCOCC1,-10.210241317749023
base,COc1ccc(/C=C(/NC(=O)c2ccco2)C(=O)OCC(=O)NCC(F)(F)F)cc1,-0.4746584892272949
base,CCCC[C@@H](NC(=O)CCn1c(=O)oc2ccccc21)C(=O)O,-0.3382640779018402
base,[CH2-]N1CCCCC1.[CH2-]N1CCCCCC1.[O+]#P=[OH+],-4.66068172454834
base,Cc1ccccc1OCC(=O)Nc1ccc(N2CCN(C)CC2)cc1,-4.378829002380371
base,COc1cc(Br)cc(/C=C/COc2ccccc2C)c1O,-6.563912868499756
base,[H+].[H+].[O-][C][O+]1CC12[C][NH+]([CH-]O)[O+]([CH-]OC1(C(O)CO)O[OH+][OH+]CC1O)[C+]([CH-]O)O2,-0.5639482140541077
base,Cn1c2n/c(=[S+]\CC(=O)NC3CCCC3)n(C)c-2c([O-])n(C)c1=O,-0.36205488443374634
base,CNc1cc(-c2cccc3ccccc23)n(C)c(=O)c1,-6.32670259475708
base,[CH2-]CCCN1C[CH+]N([CH+]N[C-](C)[O-])CCC1,-4.759242534637451
base,COC(=O)[C@H]1Cc2ccccc2CN1,-5.1264448165893555
base,COc1ccc(OC)c(S(=O)(=O)N2CC[N+](=C3C=[C-]/C(=[C-]\C4=C([O-])CC=CC4=O)C=C3)CC2)c1.[H+].[H+],-0.3865436315536499
base,Clc1ccc(CN(Cc2cccnc2)c2nncn2-c2ccccc2)c(Cl)c1,-5.996370315551758
base,[CH2+][CH+][c+]1[nH][c+]([O-])[cH-][c+](CN([C+]([O-])[CH-]O[CH+][O-])[c+]2[cH-][cH+][cH-][c+]3[c-]2OCCO3)[c-]1[C][O-].[H+],-0.32023346424102783
base,[NH-][C+]1SC12[CH+][CH-][C-](OCCO[c+]1[cH-][cH+][c+]3[n-][c-](NN)s[c+]3[cH-]1)[CH+][CH-]2,-0.9648963809013367
base,NS(=O)(=O)c1cccc(Nc2nc(-c3ccc(Br)cc3)cs2)c1,-1.6383087635040283
base,CC[C@@H](C)NC(=O)c1csc2c1CCCC2,-7.289111137390137
base,CC[C@@H](C)NCCCCOc1ccc(Br)cc1,-9.247429847717285
base,O=C(N[C@@H]1CCCN1/N=C/c1ccco1)c1cccc(F)c1,-2.840040445327759
base,[CH2+][C][C+]1[SH+]C[C-]([O-])N(C)[C+]1[C-]([CH2-])[CH+][C]O[c-]1[cH+][cH-][cH+][c-](CNCCCOCC)[cH+]1,-2.7650601863861084
base,O=c1c2cccc(Cl)c2ncn1NC(=S)NC1CCCCC1,-2.8564295768737793
base,CCC(CC)C(=O)Nc1cccc(C)n1,-4.957075595855713
base,Cc1ccc(OCC(=O)N/N=C/c2cccs2)c([N+](=O)[O-])c1,-0.6287634968757629
base,OC[C@@H]1O[C@@H](O[C@@]2(CO)O[C@@H](CO)[C@H](O)[C@@H]2O)[C@@H](O)[C@H](O)[C@H]1O,-0.5589469075202942
base,S=C(NCCCn1ccnc1)Nc1cc(Cl)ccc1Cl,-5.425543308258057
base,F[c-]1[cH+][cH-][cH+][cH-][c+]1C[N+]1(C[C-]2[CH-][CH+][CH-][CH+][CH-]2)CCCCC1,-13.991374969482422
base,Nc1ccccc1SCC(=O)Nc1ccccc1,-3.253833532333374
base,O=[N+]([O-])C1=CC=C2[C@@H](CC1)CCN2/N=C/c1ccccn1,-1.6575831174850464
base,O=C(NNS(=O)(=O)c1ccccc1)c1cc(-c2ccc(F)cc2)nc2ccccc12,-1.3139994144439697
base,CSc1nnc(NC(=O)c2sc3ccccc3c2Cl)s1,-4.237603664398193
base,COc1ccccc1O[C@@H]1C=[S+][CH-]N=C1N1CCC(N2CCOCC2)CC1,-3.925130605697632
base,CCOc1ccc(/C(O)=C2\C(=O)C(=O)N(Cc3cccnc3)[C@@H]2c2ccc(OCC)c(OCC)c2)cc1,-2.158531427383423
base,Clc1ccccc1OCCCN1CCOCC1,-8.24344253540039
base,O=S(=O)(Nc1ccn(-c2ccccc2)n1)c1ccc(Br)cc1,-2.656965732574463
base,O=C(Cn1cncn1)c1c(-c2ccccc2)nc2sccn12,-2.0994679927825928
base,O=S(=O)(CCN1CCOCC1)c1ccc2[nH]c3c(c2c1)CCCC3,-2.2596893310546875
base,COc1cc(NC(=O)C2CCN(S(C)(=O)=O)CC2)cc(OC)c1,-0.5718987584114075
base,CC(=O)/N=c1\scc(-c2ccc3c(c2)OCCO3)n1CCO,-1.2159125804901123
base,S=C(Nc1ccc(Cl)c(Cl)c1)N(CCCN1CCOCC1)Cc1ccccc1,-8.724919319152832
base,S=c1[nH]nc(COc2ccccc2Cl)n1C1CCCCC1,-6.116467475891113
base,COCCNC(=O)C[C@@H]1C(=O)NCCN1Cc1c(F)cccc1Cl,-1.3964390754699707
base,Cn1c(=O)c2c(nc(NCCCN3CCOCC3)n2Cc2ccc(Cl)cc2)n(C)c1=O,-0.505469024181366
base,C[C][C][C][C][C+]1[C+](O[C-]([O-])[C+]2[CH+][CH-][CH+]O2)OC2[C+]([c+]3[cH-][cH+][cH-][cH+][cH-]3)OC(C)(C)[C+]12.[H+],-2.8293778896331787
base,CC(C)N1CCCC[C@@H]1CCOc1ccccc1,-10.803573608398438
base,CCOP(=O)(OCC)c1ccccc1Cl,-6.192368984222412
base,C[C-]1[CH+][CH-][CH+][CH+][C+]1[C+]1N(C)P1[N-][C][N-2].[CH+]1CCCCC1,-7.259661674499512
base,N[C]([C][C]1[CH]CCCC1)[N]O[C]([O])O[C]1[CH][CH][CH][CH][CH]1.[H+],-1.23395574092865
base,O=C(O)CCC(/C=N/Nc1ccc([N+](=O)[O-])cc1C(=O)O)=C\c1ccccc1,-1.2204910516738892
base,CO[C]1[CH][C](C([C]2S[C]([S])N(C)[C]2C)N2CCN([C+]3[CH][CH][CH][CH][C]3F)CC2)[CH][C](N([O-])[O-])[C]1O,-1.263424038887024
base,CCO[C-]([O-])C1S[CH+][CH+]C1OCCO[c-]1[cH+][cH-][cH+][cH-][cH+]1.[H+],-3.46711802482605
base,FC(F)(F)c1ccc(Cl)c(NC(=S)N2CCOCC2)c1,-8.281525611877441
base,COc1ccc2cc(S(=O)(=O)N3CCN(C(=O)CCC(=O)N[C@@H](C(N)=O)C(=O)O)CC3)ccc2c1,-0.306716650724411
base,NNC(=O)c1nnc([O-])c(N2CC[N+](=C(Cl)c3ccccc3)CC2)c1N,-0.29433387517929077
base,CCO[C+]([O-])C1([c+]2[cH-][cH+][c-](OCC)[c+](Cl)[cH-]2)SCCS[C-]1Br,-5.92955207824707
base,O=C1CC[C@@H](CN(Cc2ccccn2)Cc2nc(Cc3cccc(C(F)(F)F)c3)no2)N1,-1.2399450540542603
base,C[C]1[CH][CH][C]([C+]([O])[C]2[CH][CH][C](Cl)[CH][C]2Cl)[CH][C]1N([O-])[O-],-2.399040937423706
base,CC/C=C([O-])\[N+](CC(=O)NC1CCCCC1)=C1\C=CC=CC1=S,-3.128143548965454
base,CCCS(=O)(=O)n1ccc(-c2cccc([N+](=O)[O-])c2)n1,-0.4861030578613281
base,O=C(N/N=C\C=C\c1ccccc1)c1ccc2c(c1)OCO2,-2.7130253314971924
base,CCN(CC)C[C@H](C)CNC(=O)CN1C(=O)CNc2ncc(Cl)cc21,-1.0273867845535278
base,Cc1nn(C)c(C(=O)/[NH+]=[C-]\[C@H](C#[N+][CH-]C[C@@H](C(N)=O)c2ccccc2)c2ccc3ccccc3n2)c1Br,-0.8023080825805664
base,FC(Cl)(Cl)Cl,-13.832015037536621
base,O=C(COc1ccccc1Cl)N/C(C(=O)NCc1ccco1)=C(/O)C(=O)c1ccc(Cl)s1,-1.4539474248886108
base,COc1cccc(CCC(=O)N2CCOCC2)c1OC,-3.7132537364959717
base,[C-]1[CH][CH][CH][CH][CH+]1.[O][C](OCC[CH-]C(Br)[CH]P([O])[C]1[CH][CH][CH][CH][CH]1)[C]1[CH][CH][CH]O1,-4.840700149536133
base,[CH2+]COCC[N-]CCOc1ccc(Br)cc1,-6.596139907836914
base,[O][C+](O)C[S+]([O-])NC[C]1[CH][CH][C](O[C]2[CH][CH][C](C(F)(F)F)[CH][C]2N([O-])[O-])[CH][CH]1,-0.6291204690933228
base,CCOCCCNC(=O)c1cc2c(=O)[nH]c3ccccc3c2o1,-0.8444947004318237
base,CN(Cc1ccccc1)C(=O)CCN1C(=O)[C@H]2CCCC[C@H]2C1=O,-2.7852118015289307
base,NC(=S)SCC(=O)c1ccccc1,-4.515785217285156
base,Fc1ccccc1COCC[C@@H]1CCN(c2ncccn2)C1,-5.570914268493652
base,CC(=O)N/N=C(\CCC(=O)Nc1ccccn1)c1ccccc1,-0.8311346173286438
base,Cc1cc(C)c2c(c1)N(C)C(=O)[C@H](CN(CCCCC(=O)O)CCSc1ccc(F)cc1)N2,-2.7625086307525635
base,CO[c+]1[cH-][c+]([CH-][CH+][C+]([O-])N[c-]2[c+]([O-])n(CC(C)O)[c-]3[n-][c+]4[cH+][cH-][cH+][cH-][c+]4[n-][c+]23)[cH-][cH+][c-]1OC,-0.22718286514282227
base,C[c-]1[cH+][c-]([C][C][c+]2[cH-][cH+][nH][c-]3[cH+][cH-][cH+][cH-][c+]23)[cH+][c-]2[cH+][cH-][c+](OC(F)F)[cH-][c+]12,-10.536116600036621
base,[O][N+]([O-])[C]1S[C](N[C]2[CH][CH][C](N([O-])[O-])[C]3[CH][CH][CH][N][C]23)[N][C]1[C+]1[CH][CH][C](Cl)[CH][CH]1,-0.5852166414260864
base,COCCCNC(=S)Nc1ccc(C)c(N2CCOCC2)c1,-4.199751853942871
base,CC[C-]([O-])O[CH+][C+](C)[C-](C)C[C][C@@H](C)C[C@H](O)[C+](C)C[O-].[H+],-1.3120924234390259
base,O=C(CCSc1ccccc1)Nc1nc2c(s1)COc1ccccc1-2,-5.024285793304443
base,O=C(O)c1ccc2nc(CO)[nH]c2c1,-0.6826863884925842
base,CCC(=O)N(Cc1cc(=O)[nH]c2ccccc12)c1ccc(OC)cc1,-2.7842509746551514
base,O=C(NS(=O)(=O)Nc1ccccn1)c1ccccc1,-0.46562322974205017
base,O=C(NCCSCc1ccco1)c1cc(-c2ccccc2)on1,-2.3447563648223877
base,O=C(NCc1ccco1)C1CCN(C(=O)CN2CCOC2=O)CC1,-0.4443666636943817
base,O=C(CCCn1c([O-])c(/C=C2/C=CC=[S+]2)sc1=S)NNC(=O)c1cccnc1,-0.37564313411712646
base,Cc1onc(-c2ccccc2Cl)c1C(=O)NCCc1ccccc1,-4.127750873565674
base,COC(=O)C1=C(C)/C(=C(\[O-])N2CCc3ccccc32)[S+]=C1NC(=O)CCN1CCc2ccccc2C1,-0.6401227712631226
base,COc1ccc([C@H](C(=O)NC2CCCC2)N(C[C@@H]2CCCO2)C(=O)Cc2cccs2)cc1OC,-2.147395133972168
base,[CH2-]CN(CCN=c1ccc(OCC)c[cH-]1)CC/[O+]=C1/C=CC=C2C=CC=[N+]=C21,-3.496324062347412
base,C[C@H](O)CN1C(=O)C(=O)/C(=C(/O)c2ccccc2)[C@@H]1c1ccccn1,-0.4852680265903473
base,Cc1nn(-c2ccccc2)c(C)c1CCC(=O)NCc1ccccc1F,-4.843962669372559
base,O=P(O)(O)c1cc(OCCO)ccc1O,-0.41518279910087585
base,FC(F)OC(F)(F)[C@H](F)Cl,-11.330460548400879
base,CC(C)(C)[OH+][CH-][CH-][c+]1[cH-][cH+][cH-][c+](C2[CH+][CH-]CC2(C)C)[cH-]1,-11.584425926208496
base,Cc1[nH]c2ccccc2c1-c1cn[nH]c1,-4.6573357582092285
base,O=C(Cc1nc[nH]c1C(=O)O)OCC(=O)N1CCCCC1,-0.42204025387763977
base,N#Cc1nc(Cc2ccccc2)oc1N[C@@H]1CCCc2ccccc21,-3.750579595565796
base,CCOC(=O)N1CCN(C(=O)c2ccc3ccccc3n2)CC1,-2.155956506729126
base,Cc1oc(C(C)(C)C)cc1C(=O)NCC(=O)O,-1.0230052471160889
base,O=C(COc1ccc(F)cc1)N[C@H](C(=O)O)c1ccc(O)cc1,-0.4279176592826843
base,O=[N+]([O-])c1ccc(Oc2ccc(CN3CCN(Cc4ccccc4)CC3)cc2)cc1,-4.102579593658447
base,O=C(Nc1cc(Cl)ccc1NC(=O)C1CCN(c2ncccn2)CC1)C1CC1,-1.1336251497268677
base,CC[C]1[C](N[C]2[CH][CH][C](C)[CH][C]2N([O-])[O-])[C]([CH][C]([C](C)[O])[C]([O])O)[CH][N][C]1[C+]([O])OC(C)C,-1.0600172281265259
base,CCO[C]OC12C(C)O[C]([C]3[CH][CH][CH][CH][CH]3)[C]3C14[C-](OCC)C342.[H+].[H+],-5.890622615814209
base,CCOP([O-])OCC.O=C(CCl)/[NH+]=C/C(Cl)(Cl)Cl,-1.4538054466247559
base,COc1cc2nc(CSc3nnc(-c4ccc(F)cc4)n3C)[nH]c(=O)c2cc1OC,-0.8617026209831238
base,S=C(Nc1ccccc1)N1CCC(OCCS)CC1,-7.891661643981934
base,COc1ccc(OC)c2c(=O)c(C)c(C)oc12,-3.860184669494629
base,CO[C-]([O-])[N-]CN(C[C+]1[CH+][CH+][CH-][CH+][CH-]1)C[c+]1[cH-][cH+][cH-]s1,-3.640791893005371
base,O=c1c2c3c(sc2ncn1Cc1ccc(Cl)cc1)CCCCC3,-7.089680194854736
base,CCOc1ccccc1C(=O)NNC(=O)c1ccccc1,-1.7831217050552368
base,NNC(=O)[C@H]1CCCC[C@@H]1C(=O)O,-0.6058547496795654
base,COCCn1c(SCc2nnnn2-c2ccccc2)nc2[s+]c3c(c-2c1[O-])CCC3,-0.7126022577285767
base,CCCCN(Cc1ccco1)S(=O)(=O)C1=C/C(=C(/N)[O-])[S+]=C1,-0.3635084629058838
base,O=C(NCCc1ccccc1)c1c[nH]c2ccccc2c1=O,-2.3866829872131348
base,O=C(CS(=O)(=O)O)c1ccc(=O)c(O)c(CO)c1,-0.44420844316482544
base,Oc1ccccc1Nc1nccc2c1C=CCOC2,-3.43005633354187
base,COc1ccc(C(=O)N2CCN(C(=O)c3ccc(OC(=O)c4ccco4)cc3)CC2)cc1,-0.9372866153717041
base,COc1cc(S(=O)(=O)NC[C@@H]2CCCO2)c(OC)cc1Br,-1.2963770627975464
base,CCOc1cc(CNC2CCCC2)cc(OC)c1OC,-5.434806823730469
base,Oc1[nH]c2ccccc2c1/N=N\C(=S)Nc1cccc(Cl)c1,-3.2483294010162354
base,CCN(Cc1ccccc1)Cc1ccc(Br)cc1,-13.533446311950684
base,BrC1=C(C2CCNCC2)C=C2NCC[CH-]CCCCO[C@]34C[N@+]23[C@H]14,-6.515141010284424
base,C=C[C@]1(C)CC[C@H](Nc2ccc(C(=O)Nc3cc(C)on3)cc2)C(=O)C1,-1.6837903261184692
base,Fc1ccccc1CN[C@H](c1ccccc1)c1cccnc1,-8.536373138427734
base,Cn1ccc2ccccc21,-11.769327163696289
base,Cc1ccccc1CN1CCC[C@@H](C(=O)NC2CC2)C1,-6.321318626403809
base,Fc1ccc(COc2cccc3ccccc23)cc1,-12.18199348449707
base,O=S(=O)(c1cccc2cccnc12)N1CCCC1,-3.5140085220336914
base,COC(=O)C1=C(C)N(c2ccc(F)cc2)C(=S)N(C)[C@@H]1c1cccs1,-7.155126571655273
base,O=S(=O)(c1cccc(F)c1)N1CCCC[C@@H]1/C=C/c1ccccc1,-6.38539457321167
base,CN(Cc1ccccc1)C[C@@H](O)COc1ccc([C@H](CC(=O)c2ccco2)c2ccc(Cl)cc2)cc1,-5.350561618804932
base,O=S1(=O)N[C@@H](Sc2ccccc2)CCO1,-2.8431055545806885
base,CCn1c(=O)cc(N)n(-c2ccc(OC(F)F)cc2)c1=O,-0.8880538940429688
base,N/[C-]=C(\NC(=O)c1cc(=O)[nH]c2ccccc12)c1cccc[o+]1,-0.3910030126571655
base,O=C(/C=C/c1ccccc1)NCCCNC1CCCCC1,-5.230742454528809
base,CCn1cccc1-c1nnc(NC(=O)CSc2ccccn2)s1,-1.751455545425415
base,NNc1nnc2c3ccccc3n(Cc3ccccc3F)c2n1,-0.9681634902954102
base,Cc1cnccc1CN(C)Cc1cccc(Oc2ccccc2[N+](=O)[O-])c1,-3.2081844806671143
base,COCc1ccc(CN2CCC(n3cccc3)CC2)o1,-6.87010383605957
base,NS(=O)(=O)OCCCc1ccccc1,-1.5284286737442017
base,C=C1C=C[C-](F)C=C1.[O+]#P(Nc1ccccn1)c1cccc(F)c1,-5.9640960693359375
base,Clc1ccc(N2CCc3cc4c(nc32)CCCC4)cc1,-10.508997917175293
base,CC(C)c1ccc2c(c1)C(c1cccnc1)=NNC(c1cccc3ccccc13)=N2,-6.295590400695801
base,C#Cc1cc(S(=O)(=O)Nc2ccc(OC)cc2)cc(OC)c1OC,-1.3973877429962158
base,CCOc1cc2nccc(Nc3ccc(F)c(Cl)c3)c2c(C#N)c1[N+](=O)[O-],-2.221806526184082
base,[O-][C+](O)[c-]1[nH][n-][c+](CCl)[c+]1CC[C-](O)C[c+]1[cH-][cH+][cH-][cH+][cH-]1,-0.48912155628204346
base,COc1ccccc1/C=C(\C#N)C(=O)Nc1ccccc1F,-2.7410266399383545
base,CN(C)CCn1cnc2c(c1=O)c1nc3ccccc3nc1n2-c1ccccc1,-1.8581445217132568
base,CCN(/C(=N/P(=O)(N1CCOCC1)N1CCOCC1)N1CCOCC1)c1ccc(OC)cc1,-1.0335490703582764
base,CCOC(=O)N1CCN(S(=O)(=O)c2ccccc2)[C@@H]1c1ccccc1F,-2.1558620929718018
base,COc1ccc([C@H]2[C@H](C(=O)N3CCOCC3)c3ccccc3C(=O)N2C2CCCCC2)cc1,-3.6378984451293945
base,COC(=O)Oc1ccc2ccccc2c1C/C=C(\C)[C@H]1[CH-]CC=CC1.[H+],-8.292293548583984
base,C[C@@H](NCCc1cccc(O)c1)[C@H](O)c1ccc(O)cc1,-1.5184211730957031
base,CNCCc1ccccc1,-10.12285327911377
base,Cc1cccc(C)c1NC(=S)NNC(=O)c1cccn1C(C)C,-3.1906702518463135
base,O=C(Cn1c(C(F)(F)F)nc2ccccc21)c1ccc(Cl)cc1,-7.207815170288086
base,CCOCCOCCOc1ccc(/C=N/n2cnnc2)cc1,-1.4609125852584839
base,COCCOC(=O)Nc1ccc(Cl)c(Cl)c1,-4.416548252105713
base,Cc1cc(C)cc(N(CC(=O)NC2CC2)S(=O)(=O)c2ccccc2)c1,-2.0776848793029785
base,COc1ccc(C)cc1[C@@H]1C(C(=O)c2ccc(C)o2)=C(O)C(=O)N1C(=O)c1ccco1,-1.3001534938812256
base,CCOc1ccccc1NC(=O)[C@@H]1CCCN1C(=O)OCc1ccccc1,-2.517979383468628
base,Cc1ccc(C(=O)NNC(=O)CCCCC(=O)N/N=C\c2ccccn2)cc1,-0.37353938817977905
base,CSc1nc(N)nc(C(C)C)n1,-2.0003693103790283
base,[S-][c+]1[cH-][c+](-[c+]2[cH-][cH+][cH-][cH+][cH-]2)n(-[c+]2[cH-][cH+][cH-][cH+][cH-]2)[n-]1,-9.144560813903809
base,C=CCc1cccc(CNc2nc3ccccc3n2C)c1O,-4.222501277923584
base,COc1ccccc1CNCCSc1nnnn1-c1ccccc1,-2.1182210445404053
base,O=C(NCCN1CCOCC1)/C(=C/c1ccco1)NC(=O)c1ccco1,-0.27008867263793945
base,CN(C(=S)NC(=O)c1cccc2c(-n3cnnn3)cccc12)c1ccccc1,-1.4732216596603394
base,OCC[C@H]1CN(Cc2cccn2-c2ncccn2)CCN1C1CCCC1,-2.7404825687408447
base,FC(F)(F)Oc1ccc2nc(-c3ccc(OCc4cn5ccc(Br)cc5n4)cn3)[nH]c2c1,-3.457003593444824
base,[H]/[O+]=C\c1ccccc1.[O-]P(c1ccccc1)C1CCCCC1,-5.010060787200928
base,COc1cc(C=O)cc(Br)c1OCc1nnnn1-c1ccccc1,-1.230376958847046
base,COc1ccc(OC)c(NC[C@@H](OC)ONc2cccc3ccccc23)c1,-3.482165813446045
base,CN[C@H](C)[C@H](O)c1ccccc1,-6.165726184844971
base,COc1ccc(C(=O)c2cccc(C(=O)O)c2)cc1,-2.280822277069092
base,COc1cc(NC(=O)C(c2ccccc2)c2ccccc2)c(C(=O)O)cc1OC,-1.7671626806259155
base,CCOC(=O)CCC/[S+]=C/C=C(/[O-])O,-1.6160975694656372
base,ClCCN1CCOCC1,-10.092535018920898
base,O=C(Cc1ccccc1)c1cccc2[nH]c3ccccc3c12,-7.6875081062316895
base,CCc1ccc(CNC(=O)CNC(=O)[C@@H](C(=O)c2ccccc2)n2cc(Cl)ccc2=O)cc1,-0.7336044311523438
base,CC(C)C(=O)Nc1cccc(NC(=O)c2ccc(Cl)cc2Cl)n1,-2.66693115234375
base,C[c-]1[c+]([CH-][CH+][c-]2[cH+][c-]([C-]([O-])O)[cH+][cH+][n-]2)[cH-][cH+][cH-][c+]1[C+]([O-])N1[CH-]CCC[C+]2[CH-][CH+][C-](Cl)[CH+][C+]21,-1.1273059844970703
base,N#Cc1ccc2[nH]cc(CCCCN3CCCC3)c2c1,-5.2135186195373535
base,CCOc1cccc([C@@H](c2cccs2)N2CCN(C)CC2)c1O,-6.001473426818848
base,CO[c-]1[cH+][c-](C)[cH+][cH-][c+]1[CH-]S[c+]1[cH-][cH+][cH-][cH+][n-]1,-8.443645477294922
base,O=C(/C=C/c1cccs1)Nc1nc(NC(=O)c2ccccc2F)nn1-c1ccccc1,-1.8114742040634155
base,CN(CC(=O)NCc1ccccc1)S(=O)(=O)c1cccs1,-1.7315257787704468
base,CCc1cc(C(F)(F)F)c(-c2cc(C(=O)NC[C@@H](c3ccc(F)cc3)N(C)C)c3ccccc3n2)[c-]n1.[H+],-5.470696449279785
base,COc1cc(C2C3=C([O-])N(S(=O)(=O)c4ccccc4)c4ccccc4[O+]32)ccc1OCc1ccc(Cl)c(Cl)c1,-4.270965576171875
base,C/[O+]=C\[C-]=C\C(=[C-]/c1ccccc1OC(C)=O)OC#[O+],-1.7722749710083008
base,Brc1ccccc1Cn1nnc(-c2ccccc2)n1,-4.897338390350342
base,O=P(CCCCCC[S@@+]([O-])C[C@@H]1CC1(Cl)Cl)(c1ccccc1)c1ccccc1,-7.329207897186279
base,N[C]([N]OS([O])([S])[C]1[CH][CH][C](N([O-])[O-])[CH][CH]1)[C+]1[CH][CH][CH][C](S([O])([O])N2CCCC2)[CH]1,-0.9519829750061035
base,COc1ccc(/C=C2\NC(=S)NC2=O)cc1C=O,-1.6804543733596802
base,CC(=O)Nc1nc(CSc2nnc3n2CCC3)cs1,-1.3923512697219849
base,CCOc1ccc(-c2n[nH]c(C(=O)N/N=C\c3ccc4c(c3)OCO4)c2C)cc1,-0.9249444603919983
base,O=[P@@](O)(c1ccccc1)c1ccccc1O,-2.646224021911621
base,O=C(Nc1cc(C(F)(F)F)ccc1-n1ccnc1)c1cc2ccccc2cc1Oc1ccccc1,-7.3063836097717285
base,Cl[c-]1[cH+][cH-][c+](SC[C][N-][C+]2[CH+][CH-][CH+][CH-][C+]2S[c-]2[cH+][cH-][cH+][cH-][cH+]2)[cH-][cH+]1,-13.330331802368164
base,CCCCn1c(/N=C/c2cc(OC)ccc2O)nc2ccccc21,-3.6429836750030518
base,[CH2-]OSC[c+]1[cH-][c+](Cl)[c-](N(C)C)[n-][c+]1C,-7.595895290374756
base,CCOc1ccc2nc(C)cc(Nc3cc(OC)ccc3OC)c2c1,-4.71571683883667
base,COc1ccc(CN(C)S(=O)(=O)c2nnc(NC(=O)c3ccco3)s2)cc1OC,-0.42180338501930237
base,COc1cc2ccccc2cc1C(=O)Nc1ccc(Cl)cc1,-6.7569756507873535
base,[C-3][C][N-2].[S-][P-][C+]1[C+]([c-]2[cH+][cH-][cH+]s2)[N-][C+]([c-]2[cH+][cH-][cH+][cH-][cH+]2)N1[C+]1[CH+][CH+][CH+][CH+][CH+]1,-7.683631896972656
base,NC(=O)c1cc2c(=O)c3ccc(Oc4ccc([N+](=O)[O-])cc4)cc3oc2nc1C(F)(F)F,-1.5336592197418213
base,COc1cc(OC)cc(C(=O)N[C@H](C)c2ccccc2)c1,-4.2814812660217285
base,C/[S+]=C(\C=[N+]([O-])[O-])Nc1ccc(C)cc1,-2.331807851791382
base,Cc1cc(C)cc(N(CC(=O)NCc2ccccc2)C(=O)CCC(=O)Nc2nccs2)c1,-1.3303580284118652
base,Cc1cc(C)n(/C(=N/CC(=O)Nc2ccc(Br)cc2C)c2cccs2)n1,-3.9141464233398438
base,COCCn1c(C(C)(C)C)n[nH]c1=S,-4.640039920806885
base,CCOc1ccccc1/C=C/c1nc2ccccc2c(=O)[nH]1,-3.561584234237671
base,CCO[C-]([O-])C(C)N([C][N-2])[C+]1[C][C+](N[c+]2[cH+][cH+][c+](F)[cH-][cH+]2)[N-][CH+][N-]1,-0.6722891330718994
base,CC(=O)N1CCc2cc(Br)cc(S(=O)(=O)NCCCN(C)Cc3ccccc3)c21,-1.9946659803390503
base,O=C(N/N=C/c1ccc2c(c1)OCO2)c1ccco1,-1.2925394773483276
base,[O-][C+]1N[c-]2[cH+][cH-][cH+][cH-][c+]2C([c+]2[cH-][cH+][cH-][cH+][cH-]2)N([c-]2[cH+][cH-][cH+][cH-][cH+]2)C1[S-],-5.769534587860107
base,COCC(=O)N1CCC(Oc2ccc(C(=O)N[C@H](C(=O)OC)C(C)C)cc2)CC1,-0.44528305530548096
base,O=S(=O)(NC(=S)N1CCOCC1)c1ccc(-c2csc(-c3ccccc3)n2)cc1,-1.9724689722061157
base,COC(=O)CCC(=O)NC(=S)Nc1ccccc1C(=O)N1CCOCC1,-0.3529990315437317
base,S=C(NCCCN1CCOCC1)N1CCN(c2ccccn2)CC1,-4.247265338897705
base,[H]/[C-]=C/CN(C[CH-]C(=O)NCC1=[S+2]=CC=C1)S(=O)(=O)c1cccc2n[s+]n[c-]12,-0.3901672959327698
base,COc1ccc([C@@H]2[C@H](CC(C)C)C(=O)N2c2ccc(OCC(=O)NCc3ccco3)cc2)cc1,-2.420475482940674
base,O=S(=O)(c1cccc2cccnc12)N1CCN(C[C@@H](O)COc2ccc(Br)cc2F)CC1,-1.022709608078003
base,Cc1noc(C)c1S(=O)(=O)N(c1ccccc1)c1cc(S(=O)(=O)N(C)C)ccc1N1CCCC1,-1.1405630111694336
base,OC[C@]1(Cc2ccc(F)cc2)CCCN(Cc2c3ccccc3cc3ccccc23)C1,-10.665847778320312
base,CCOCCO[C@H](CC)CCCCOc1ccccc1,-8.037014961242676
base,N#CC1=C(N)OC2=C(CCc3ccccc32)[C@H]1c1ccsc1,-3.454457998275757
base,CCOC(=O)C(SC)=C1SCCS1,-7.58795690536499
base,[CH][CH+][N-][C+]([O-])N([CH+]N(C[C+]1[CH+][CH-][CH+][CH-][CH+]1)[C-]([O-])[N-][C+]1CCCCC[N-]1)CN1CCOCC1.[H+].[H+].[H+],-0.5704375505447388
base,N#CC1=C(N)N(c2ccc(F)cc2)C2=C(C(=O)CCC2)[C@H]1c1cccc(OC(=O)c2cccs2)c1,-2.694072723388672
base,COc1ccc(-c2nc(C(=O)NC[C@H]3CCCO3)cc3c2[nH]c2ccccc23)cc1OC,-1.833255648612976
base,NC(=O)c1ccc(-c2ccc(F)cc2)nc1N,-0.7707669734954834
base,COc1cccc(N(CC(=O)N2CCC(C)CC2)S(C)(=O)=O)c1C,-1.8483397960662842
base,[H+].[O-][C-]1[C+](C(F)F)[CH+][C-]([O-])C2[CH+][CH-][CH+][CH-]C2O[c-]2[cH+][cH-][cH+][cH-][c+]21,-2.8519082069396973
base,[O-][S@+](Cc1ccccc1)Cc1cccs1,-8.322257995605469
base,C[C@]1(/C=N/c2cc(N)[nH]n2)CC1(Cl)Cl,-2.098437547683716
base,O=C(NC[C@H](c1ccccc1)N1CCN(CC2CCCCC2)CC1)c1ccccc1,-6.898875713348389
base,CN1CCN(c2ccc(NS(=O)(=O)c3cccc4cccnc34)cc2)CC1,-2.0570011138916016
base,CCO[c-]1[cH+][cH-][c+]([CH-][N-]N[C+]([O-])CCC(Cl)[C+](Cl)Cl)[cH-][cH+]1,-3.439074993133545
base,CCOc1cc(OCC)cc(C(=O)Nc2ccc(NC(=O)CC#N)cc2)c1,-1.086968183517456
base,COC(=O)[C@@H]1C(=O)c2c([nH]c(C(=O)OC[C@@H]3CCCO3)c2C)C[C@H]1C,-0.5728058815002441
base,O=C(CNC(=O)c1ccc(F)cc1)N/N=[C-]/C(Br)=C\c1ccccc1.[H+],-1.9273338317871094
base,COc1ccc(Br)cc1CNC(=O)C/[S+]=c1\cc([O-])n(C)c2ccccc12,-2.092301845550537
base,CCc1ccc(/C=N/NC(=O)c2c[nH]c3ccccc23)s1,-3.401270866394043
base,CN1[N][C]([C+]2[CH][CH][CH][N][CH]2)[N][C]1S([O])([O])[C]1[CH][CH][C](N([O-])[O-])[CH][CH]1,-0.5296655893325806
base,OCCCN1CC[S@H]2#S3=CC=C[C@@]32C1,-7.805136203765869
base,c1ccc(CCCNCc2ccco2)cc1,-7.81664514541626
base,O=C(NNS(=O)(=O)c1ccc2nc3ccccc3cc2c1)c1ccco1,-0.553800106048584
base,O=C(c1ccc(F)cc1)C1CCN(C(=O)c2cccs2)CC1,-6.075018882751465
base,[CH2+][CH-]C(CN1[CH+]C(N(C)[C-]([O-])CCCCCN2[C+]([O-])C[C+]([O-])N[C+]2[O-])CC1)OC,-0.4845907390117645
base,CCOc1ccc(/C=C(\C#N)C(=O)Nc2cc(C(F)(F)F)ccc2Cl)cc1OCC,-4.0573835372924805
base,COc1ccc(Cc2c(C)nc(C)n(Nc3ncccn3)c2=O)cc1Br,-1.1135026216506958
base,COCCNC(=O)[C@@H](C)c1ccc(-c2ccccc2)nn1,-1.9988938570022583
base,COc1ccccc1-n1nnnc1SCC(N)=O,-0.32180121541023254
base,COc1cc2c(cc1C(=O)O[C@@H](C)C(=O)c1ccc(F)cc1)OCO2,-1.8405487537384033
base,COCCN[C@@H](C(=O)Nc1ccccc1C)c1ccccc1,-3.786336898803711
base,COc1ccc(Br)cc1Cn1nc(C)c([N+](=O)[O-])c1C,-2.0931193828582764
base,Cc1ccc(CN(C(=O)Cn2nnc3ccccc32)[C@@H](C(=O)NCC2CCCC2)C(C)C)s1,-2.038573741912842
base,COC(CNC(=O)c1cc2c(-c3cccc(S(=O)(=O)N(C)C)c3)nn(C)c2s1)OC,-0.3460553288459778
base,C[c-]1[cH+][cH-][c+]([C-]([O-])NCC[C+]([O-])N2CCCC([C+]3[C][CH-][CH+][CH-][CH+]3)C2)[cH-][cH+]1,-2.2568163871765137
base,Clc1ccccc1OCCn1cccc1-c1cncnn1,-3.5923445224761963
base,CN(CC(=O)Nc1sc2c(c1C#N)CCCCC2)Cc1ncccn1,-1.0666171312332153
base,COc1cc2nc(N3CCOCC3)ncc2c(=O)[nH]1,-0.8240998983383179
base,COc1cccc(-n2nnc3c(=O)n(CC(=O)N4CCOCC4)cnc32)c1,-0.2772708833217621
base,CCOc1ccc(OCC(=O)NC2CCCC2)c(SCCSCC)c1,-5.195270538330078
base,O=C1Nc2ccc([N+](=O)[O-])c3cccc1c23,-1.5117340087890625
base,CCOc1ccc(C(=O)NC2CCN(S(=O)(=O)c3ccc4c(c3)OCCO4)CC2)cc1,-0.597216010093689
base,CC(=O)Oc1ccc(C(=O)C[C@@H](c2ccc(OC(C)=O)cc2)c2cccc(F)c2)cc1,-3.5082244873046875
base,NC(=O)[C@H]1CCCN(C(=O)Nc2ccccc2)C1,-1.0876779556274414
base,CCCc1nc(N)c(C#N)c(-c2ccccc2)c1CC,-2.983321189880371
base,Cc1ccc(N[C@H](NC(=O)c2ccc3ccccc3c2)C(Cl)(Cl)Cl)c(C)c1,-7.731091022491455
base,FC(F)(F)c1nc(-c2cccs2)ncc1-c1nnnn1-c1ccc(Cl)c(Cl)c1,-3.690826416015625
base,COc1ccc(NS(=O)(=O)Cc2ccccc2)c(OC)c1,-2.127377510070801
base,FC(F)Oc1ccccc1CNCC[C@@H](Cc1ccccc1)c1cccs1,-10.967988967895508
base,CNCCCOc1ccc(C)cc1,-8.265077590942383
base,O=[N+]([O-])c1ccc(OC[C@@H](O)COc2ccc(/C=N\O)cc2Cl)cc1,-0.7758212089538574
base,S=C(Nc1ccc(Br)cc1Cl)N1CCC(Cc2ccccc2)CC1,-12.13365650177002
base,NC(=O)COc1ccc(-n2c(=O)[nH]c3ccccc3c2=O)cc1,-0.26218512654304504
base,CN(C)CCNC(=O)c1ccc(Cl)s1,-6.150684833526611
base,COc1ccccc1N1CCN(C(=O)CSc2nnc(-c3ccoc3C)n2C)CC1,-1.3111404180526733
base,O=C(NCC1CCCCC1)c1ccccc1O,-3.948763370513916
base,F[C-](F)[O+]1[CH+][CH+][CH+]OC[C+]2[C][C][C+](O2)[C+]2[N-][N-][N-]N2[C][C+]2[C][C-]1[CH+][CH-][CH+]2.[H+],-2.6558752059936523
base,O=Cc1cn(-c2ccccc2)nc1Cc1c[nH]c2ccccc12,-4.276012420654297
base,CCOc1ccc(-c2cc(C(=O)Nc3cc(OC(C)=O)ccc3C)c3ccccc3n2)cc1,-3.691359281539917
base,CCSc1nc(-c2cccnc2)nc(SCC(=O)Nc2cc(C)ccc2C)c1C#N,-2.181710958480835
base,CN(CCO)S(=O)(=O)c1cccc(C(C)(C)C)c1,-2.6640243530273438
base,COc1ccc(C2=CCNC[C@@H](C(=O)c3cc(F)ccc3F)C2)cc1,-6.0506815910339355
base,NNC(=O)/C=C/c1ccc2c(c1)OCO2,-1.237931489944458
base,NC1=C[S+2]#C/C1=[S+]\c1ccccc1C(=O)OCCOC[CH-]O/C([O-])=C/C=C1\C=CC2=C([CH-]1)OCO2,-0.44539332389831543
base,CC(C)(C)C(=O)CSc1nnc(-c2ccncc2)o1,-1.928049921989441
base,O=C(COC(=O)Cn1cnnn1)Nc1cccc(Cl)c1Cl,-0.34200409054756165
base,CC1=C[C-]2NC(=O)/C(=C/N(C(=O)C3=[S+2]=CC=C3)c3ccc4c(c3)N[C-]([O-])N4)C=C2C=C1.[H+],-0.4234170913696289
base,O=C(OCCc1nc2ccccc2[nH]1)c1cccc(O)c1,-1.4067457914352417
base,CCCCCN(CC)C(=O)Nc1ccc(OCCN2CCOCC2)cc1,-3.674623966217041
base,OCCNc1ccc2ccccc2n1,-4.13616418838501
base,NP(=O)(Oc1ccc(Cl)cc1)Oc1ccc(Cl)cc1,-3.7211596965789795
base,N#C/C(=N/NC(=O)c1ccc(Br)cc1)c1ncccc1Cl,-1.5047746896743774
base,COCC(=O)OCC(=O)Nc1cc(OC)c(Cl)cc1OC,-0.6796078681945801
base,N/C(COc1ccc(Cl)cc1Cl)=N\O,-1.9093776941299438
base,CCOC(=O)C(=CNc1ccc(C(F)(F)F)cc1Cl)C(=O)OCC,-2.9106085300445557
base,Cc1c(NC(=O)CNc2cccc3ccccc23)cccc1C(=O)O,-1.8789846897125244
base,CCC(=O)Oc1ccc(/C=C2/CCc3ccccc3C2=O)cc1,-5.5820183753967285
base,COc1ccc(/C=C/C(=O)N(C)Cc2ccccc2)cc1Cl,-7.611334323883057
base,O=C(O)CCCC(=O)NCCOCCOc1cccc2cccnc12,-0.3899722695350647
base,Cc1ccc(NC2=NC3(CCCCC3)N=C(N)N2)cc1C,-1.5577586889266968
base,CN(C)S(=O)(=O)N1CCC(Oc2ccc(C(=O)Nc3ccc(Cl)cc3Cl)cc2)CC1,-1.887527585029602
base,CCCOc1c2c(cc3oc(=O)ccc13)OCC2,-3.8944454193115234
base,[O-]N([O-])[c+]1[n-]n([C+]2[CH+][CH-][CH+][C-](C(F)(F)F)[CH+]2)[c-](O)[c+]1[N-]C[c+]1[cH-][cH+][c-](Br)[cH+][cH-]1,-1.923138976097107
base,O=S(=O)(c1cccc(S(=O)(=O)N2CCCC2)c1)N1CCCC1,-1.18117356300354
base,COc1ccc2[nH]c(C(=O)N3CCOCC3)cc2c1,-2.952899694442749
base,OC[C@]1(Cc2cccc(Cl)c2)CCCN(Cc2cn[nH]c2-c2cccc3ccccc23)C1,-5.888636112213135
base,O=S1(=O)CC[C@@H](NS(=O)(=O)c2ccccc2F)C1,-0.8618443012237549
base,O=C(O)c1ccc(NC(/C=C/c2ccc([N+](=O)[O-])cc2)=N\c2ccccc2)cc1,-2.4539108276367188
base,CC(C)/N=C(\NS(=O)(=O)c1cccs1)c1ccccc1,-2.873387336730957
base,COc1cc(S(=O)(=O)NCCc2[c-]n3ccccc3n2)c(OC)cc1Br.[H+],-0.9533904790878296
base,CC(=O)C/[C-]=C/[CH+]C(=S)N1[C-]=[N+]=C(C)C=C1,-5.888248443603516
base,O[C@H](COc1ccccc1)CN1CCOCC1,-4.524624824523926
base,Cc1ccc(N2C[C@@H](C(=O)OCc3ccccc3F)CC2=O)cc1,-4.4886674880981445
base,OC1CCN(Cc2c[nH]c3ccccc23)CC1,-5.124223232269287
base,[CH2-][c+]1[cH-][cH+][cH-][cH+][cH-]1.[S-]P([S-])[C+]1[N-][C+]2[CH+][CH-][CH+][CH-][C+]2S1,-11.306605339050293
base,N#Cc1c(Cl)nsc1NC(=S)NC(=O)c1cccs1,-1.4065054655075073
base,O=C(Nc1cccnc1)c1ccccc1OC(F)F,-3.710228204727173
base,[O-][C+](OC[c-]1[cH+][cH-][cH+][cH-][cH+]1)[C-]([CH-][c+]1[cH-][cH+][c-](OC(F)(F)F)[cH+][cH-]1)[C+](O)[c-]1[c+](Cl)[cH-][cH+][cH-][c+]1Cl,-5.302302360534668
base,CON=C1CCN(c2nc3ccc(OC(F)(F)F)cc3cc2C#N)CC1,-2.2235190868377686
base,CCOc1ccccc1NC(=O)CN(c1ccccc1)S(C)(=O)=O,-1.2477223873138428
base,O=C(O)[C@H](Cc1ccco1)NS(=O)(=O)c1ccccc1,-0.32308733463287354
base,Cc1ccc(C#Cc2ccccc2CNc2ncn[nH]2)cc1,-3.5731945037841797
base,C[C]([O])[C]1[C](N2CCN([C]3[CH][CH][C](N([O-])[O-])[C](N)[CH]3)CC2)[N][C+](C)N1[C]1[CH][CH][CH][CH][CH]1,-0.5265365839004517
base,N[S+2]([O-])([O-])[c-]1[cH+][c-]2[c+]([cH-][c+]1Cl)N[CH-]N(C[C+]([O-])N1CCOCC1)[C+]2[O-],-0.36615654826164246
base,COC(=O)c1cccc(NC(=O)[C@@H]2[C@H]3CC[C@H](C3)[C@H]2C(=O)O)c1,-0.5501192808151245
base,O=S(=O)(Nc1ccc(O)c2ccccc12)c1ccccc1F,-2.466614007949829
base,COc1cc([N+](=O)[O-])cc(NC(=O)COC(=O)CCc2cc(OC)c(OC)c(OC)c2)c1OC,-0.6469716429710388
base,[O][C](CO[C+]1[CH][CH][C]2[CH][CH][CH][CH][C]2[CH]1)NNS([O])([O])[C]1[CH][CH][C](N([O-])[O-])[CH][CH]1,-0.6388075351715088
base,[CH2+]CC[C-]([C][CH+][c+]1[cH-]o[c+]2[cH-][cH+][cH-][cH+][c-]2[c+]1[O-])[C+]([O-])NOCCO,-0.27649810910224915
base,CC1CCC(C)N1[N-][C+]([S-])N[c-]1[cH+][cH-][c+](F)[cH-][cH+]1,-7.330686092376709
base,[H]/[O+]=C\CO[C@H]1[CH-]OC[C@@H]1O,-2.5170435905456543
base,S=C(NCCCN1CCOCC1)Nc1ccc(C[O+]2[CH-]CCCC2)cc1Cl,-5.941998481750488
base,Cc1nc2ccc(NC(=S)N3CCCCC3)cc2s1,-7.774723052978516
base,COCCNC(=O)CN(C(=O)COc1ccccc1Br)c1ccc(C)c(C)c1,-2.1709346771240234
base,OC(F)F,-9.075662612915039
base,COc1ccc(CCC(=O)NCCc2ccccc2)c(OC)c1,-4.165868759155273
base,COC(=O)CSc1nc2ccc(OC)cc2[nH]1,-2.004875898361206
base,COc1ccc(C)cc1NCc1ccccc1C,-9.089900970458984
base,Clc1ccc(SCc2nc3ccccc3[nH]2)cc1,-8.201923370361328
base,[CH2+]COCCCN=[S@](=O)([O-])c1cc(C(N)=O)ccc1Br,-0.4826600253582001
base,COc1ccccc1CNC(=O)c1ccco1,-3.3964126110076904
base,O=C(CCn1nc(-c2ccccc2)c2ccccc2c1=O)NN1CCOCC1,-1.0207258462905884
base,OCCN(Cc1ccccc1)C[C@@H](O)COc1cccc(Oc2ccccc2)c1,-2.959761619567871
base,COc1cccc2[nH]c(C(=O)NCCCN3CCN(Cc4ccccc4)CC3)cc12,-2.7393367290496826
base,CCC[C@]1(C(=O)OCC)N[C@H](c2ccc(N(C)C)cc2)[C@H]2C(=O)N(c3ccccc3)C(=O)[C@H]21,-1.4945107698440552
base,O=C1CC[C@@H](CCCCCO/N=C/c2ccccc2)N1,-3.79581618309021
base,COC(=O)[C@@H]1CCCN(Cc2ccc(OC)c(OC)c2C)C1,-3.9342052936553955
base,Fc1cccc(Cl)c1Cn1ncn(-n2cccc2)c1=S,-7.6061906814575195
base,Brc1ccc(Oc2nccc3ccccc23)cc1,-9.661609649658203
base,[CH2-]CCC1=[S+2]=C(c2cc(C(F)(F)F)c3cccc(Cl)c3n2)C=[C-]1,-11.504609107971191
base,C[S+]([O-])[N-][c+]1[cH-][cH+][c-](N2CCOCC2)[cH+][c-]1N[S+2](C)([O-])[O-],-0.3861895203590393
base,COc1ccc(OC)c(NC(=O)Oc2ccc(C)cc2)c1,-3.4445300102233887
base,Fc1ccccc1CSc1nnnn1-c1ccccc1,-4.861629009246826
base,S=C(Nc1cc(Cl)cc(Cl)c1)N1CCN(C(=S)c2ccccc2)CC1,-10.334895133972168
base,COc1cccc(C(=O)N/N=C/c2ccc([N+](=O)[O-])o2)c1,-0.42168980836868286
base,CCN(/N=C1/NC(=O)[C@@H](CC(=O)Nc2ccccc2)S1)c1ccccc1,-1.6441795825958252
base,CCCOC(=O)c1ccc(N2CCC(C(N)=O)CC2)c([N+](=O)[O-])c1,-0.4432806074619293
base,Nc1ccc(C(=O)NCc2cccnc2)cc1CS(=O)(=O)c1ccc(Cl)cc1,-0.8793660402297974
base,COCCCNC(=O)c1cc2sc3c(c2[nH]1)CCCC3,-3.439927101135254
base,[CH2-]CCCCCCNC1=[N+]=C=C([N+](=O)[O-])C2=[N+]=[O+]N=C12.[NH-2],-0.5539633631706238
base,CNCc1nc2ccccc2[nH]1,-4.794153690338135
base,O=C=C1C(CCN2CCOCC2)=[C-][S+]=C1/N=[C-]/N(Cc1ccccc1)/N=C/c1cccs1.[H+],-3.0235354900360107
base,O=S(=O)(Nc1nnc(C2CCCCC2)s1)c1ccc(F)cc1F,-2.2303595542907715
base,[CH2+]CCCC[CH-]CC[C]1[NH+][C]([O])N([C]CC[C]([O])NCC2CCCO2)[C]1[O],-0.6216142773628235
base,ON(CN1Cc2ccccc2C1)[C@@H]1CCc2ccccc2O1,-5.928956031799316
base,COc1ccc(C(=O)NC(=S)Nc2cccc(C)n2)cc1OC,-1.5098750591278076
base,FCCCNC(=S)NCc1ccc(F)cc1,-7.830355644226074
base,COC(=O)N/N=C/c1ccc(OCC(C)C)cc1,-2.5996766090393066
base,S=C(Nc1ccc(Oc2ccccc2)cc1)N1CCCCCC1,-9.48105239868164
base,COc1ccc2cc(CCN(C(=O)C=C(C)C)C3CC3)c(=O)[nH]c2c1,-2.581808090209961
base,[O-]/C=C\Cl.[O-][P+](N1CCCC1)=[N+]1CCOCC1,-2.357645034790039
base,[O-][C-]1N[C-](CN(C[C+]2[CH+][CH-][CH+][CH-][CH+]2)[S+2]([O-])([O-])[C][CH+]N2[CH-][N-][C+]3[CH+][CH-][CH+][CH-][C+]3[C-]2[O-])[N-][C+]2[CH+][CH-][CH+][CH-][C+]21,-0.5333771705627441
base,CN(CCNS(=O)(=O)CCSc1ncccn1)Cc1ccccc1,-1.038283348083496
base,Cc1cc(C)c(O)c(CCc2n[nH]c(=O)c3ccccc23)c1,-2.2842671871185303
base,Cn1cc(Br)c(C(=O)N2CCN(c3cccc(Cl)c3)CC2)n1,-5.013162612915039
base,CO/N=C/NC(=O)NC(=O)c1ccccc1Cl,-0.9139910936355591
base,CN(C)c1ccc(/N=C/c2cccn2C)cc1Br,-9.041068077087402
base,NS(=O)(=O)c1ccc(COC(=O)c2ccc3ccccc3c2)cc1,-0.9396710395812988
base,CN1CCN(c2ccc(NC(=O)C3CCCCC3)cn2)CC1,-3.8167665004730225
base,C[C@H]1O[C@H]1P(=O)(O)O,-1.7310912609100342
base,[O-][S@@+](Cc1ccccc1)N[C@H](OCc1ccccc1)c1ccccc1,-5.597021102905273
base,C/C(=N\NS(=O)(=O)c1ccc(Cl)cc1)c1ccncc1,-1.59011971950531
base,CCCCOc1ccc(/C=C2\C(=O)ON=C2C)cc1,-4.339627742767334
base,O=C(CCCC(=O)c1ccc2ccccc2c1)NCCNc1ccccc1,-3.9018185138702393
base,COc1ccc(NC(=O)C/C([O-])=C2\C=CC=C\C2=[S+]/C)cc1OC,-1.4165760278701782
base,CCC(C)(C)NC(=O)Cc1c[nH]c2ccccc12,-4.635320663452148
base,N[C@@H](Cc1c[nH]c2ccccc12)C(=O)NCc1ccccc1,-1.5740673542022705
base,CCS(=O)(=O)c1nc(S(=O)(=O)c2ccccc2)c(NCCCN2CCOCC2)s1,-0.36208873987197876
base,O=C(Cc1ccoc1)Nc1cccc(Cl)c1,-5.019789695739746
base,O=C(c1ccccc1)N(Cc1ccc2ccccc2c1)c1ccccc1C#Cc1ccncc1,-9.624580383300781
base,Fc1ccc(NC(=S)N2CCN(c3ccccn3)CC2)cc1,-6.557175636291504
base,S=c1[nH]c(-c2ccccc2)cn1N=C1CCCCC1,-7.369502544403076
base,O=C(Cn1nnc(-c2cccs2)n1)N1CCOCC1,-1.2676383256912231
base,CCc1nc2c(nnn2Cc2ccccc2Cl)c(=O)[nH]1,-1.136120080947876
base,COc1ccc(CN2CCNC(=O)[C@H]2CC(=O)N(C)Cc2ncc(C)o2)cc1OC,-0.2811759114265442
base,Cc1ccccc1O[C@H](C)C(=O)NCCc1ccccc1,-5.595940589904785
base,S=C(NCc1ccccc1Cl)Nc1ccc(Oc2ccccc2)cc1,-8.5328950881958
base,C[C@H](C(=O)OCC(=O)Nc1nc(-c2cccs2)cs1)C(C)(C)C,-2.675821304321289
base,[O-][C+]1[CH-][C+](O)C([C-]([O-])[C+]2[CH+][CH+][C-](Br)[CH+][CH-]2)O1.[OH-],-0.5311405062675476
base,Cc1ccc(N[P@@](C)(=O)Oc2ccccc2)c(C)c1,-6.66469669342041
base,Cc1ccc(N(CC(=O)N2CCN(C)CC2)S(=O)(=O)c2c(C)nn(C)c2C)cc1Cl,-1.007652997970581
base,COc1ccc(/C=N/N2CCOCC2)cc1COc1ccc(F)cc1,-4.854852199554443
base,COc1ccc(C(=O)NN/C=C/C(=O)c2ccccc2)cc1,-1.812990665435791
base,COC(=O)c1sc(NC(=O)C(=O)c2ccc(-c3ccco3)n2C)nc1C,-0.5857685804367065
base,COC1=CC=C(CNC(=O)[C@@H](CCSC)NC(=O)c2ccccc2OC)CO1,-0.7068094611167908
base,F[C-](S)OCCOC[c+]1[cH-][cH+][cH-][cH+][cH-]1,-9.017895698547363
base,O=C(NCCCCCCNS(=O)(=O)c1ccc(F)cc1)C(F)(F)F,-1.3718371391296387
base,[NH-][C][C+]([CH+][c-]1[c+](NCC[c-]2[cH+][cH-][cH+][cH-][cH+]2)[cH-][cH+][c-]2[cH+][cH-][cH+][cH-][c+]12)[S+2]([O-])([O-])O,-1.8575667142868042
base,Cc1ccc(S(=O)(=O)N2CCC(C(=O)NCCCN3CCCCCC3)CC2)cc1,-1.909306287765503
base,O=S1(=O)CCN(Cc2ccc(Cl)cc2)CC1,-5.3247504234313965
base,COc1ccc(NC(=O)c2cc(OC)nc3ccc(F)cc23)cc1,-3.0553789138793945
base,O=C(N[C@@H]1OC[C@H](O)[C@H](O)[C@@H]1O)c1ccc([N+](=O)[O-])cc1,-0.4050719738006592
base,Cc1ccc(OC2CCN(C(=O)CNS(=O)(=O)c3ccccc3)CC2)cc1,-1.2385973930358887
base,CC(C)=C1[S+]=C(N2CCN(c3ccc(F)cc3)CC2)N=C1[O-],-4.588845252990723
base,O=c1ccc2cc(O)c(O)cc2o1,-1.4875752925872803
base,S=C(NCCc1ccccc1)N1CCN(Cc2ccc(Cl)c(Cl)c2)CC1,-9.910242080688477
base,CC1(C)NC(=O)N(c2ccc(NC(=O)C(=C3C=C[CH-]C=C3)c3ccccc3)cc2)C1=O.[H+],-2.257319450378418
base,O=C(NCc1ccccn1)C(=O)c1cccc2ccccc12,-2.722606897354126
base,CCOc1ccccc1/C=N/NC(=O)c1cccs1,-3.765394449234009
base,O=[N+]([O-])c1cccc(COCC(F)(F)C(F)F)c1,-3.7723801136016846
base,CCCn1nnc(NC(=O)Cc2ccccc2)n1,-1.2755522727966309
base,NS(=O)(=O)c1cccc(NC(=O)c2cccc3ccccc23)c1,-0.7933387160301208
base,COc1ccccc1N1CCN(/N=C/c2c(C)cc(C)cc2C)CC1,-7.687554359436035
base,Oc1ccc(-c2ccc3ccccc3n2)cc1O,-3.6621575355529785
base,COc1cc[c-]c([C@@H]2[C@H](C)[C@@H]2CC[N+]2=CCCN(C)CC2)c1,-9.595325469970703
base,O=C(CNC(=O)c1cccc(OC(F)F)c1)OCn1nnc2ccccc2c1=O,-0.27309414744377136
base,Cc1ccc(S(=O)(=O)N2CCc3ccccc3[C@@H]2CC(=O)O)cc1C,-1.6312888860702515
base,CCO[O-].[H]/N=[O+]/[H],-1.2389678955078125
base,CCCNc1oc(-c2ccccc2)nc1S(=O)(=O)c1ccc(Cl)cc1,-2.887576103210449
base,CCC[C@H](C(=O)NC1CCCC1)N(C(=O)C1=C(N)/C(=C(/N)[O-])N=[S+]1)c1ccc(Cl)cc1,-0.481619656085968
base,COC(=O)NN(C)c1ncc(C(F)(F)F)cc1Cl,-3.2732601165771484
base,CCCc1ccccc1OCCn1ccnc1,-7.409325122833252
base,COc1ccc(C(=O)NCC(=O)NCCCn2c(=O)sc3ccccc32)cc1OC,-0.33123037219047546
base,NC[C@@H](O)CN1CCC(Cc2ccccc2)CC1,-3.54414439201355
base,O=Cc1c(C(F)(F)F)nnc2ccccc12,-4.704275608062744
base,N#C/C(=C(/N)Sc1ccccc1Cl)c1nc2ccccc2[nH]1,-2.1113505363464355
base,O=C(CCN1CCCCC1)c1ccccc1,-8.655647277832031
base,Cc1ccc(OCc2cc(C(=O)NC3CCCCC3)no2)cn1,-1.458661437034607
base,O=S(=O)(OC[C@H]1CCCN(Cc2c(F)cccc2Cl)C1)c1cccc(F)c1,-5.1540303230285645
base,CO[C]1[CH][CH][C](N[C]([O])C2CN([C]3[CH][CH][CH][C](N([O-])[O-])[CH]3)CC2[C+]([O])O)[CH][CH]1,-0.49719956517219543
base,CN[C@H](C)CC1CCCCC1,-10.529247283935547
base,Cc1cc(C)c(Oc2ccc(OCC(=O)Nc3ccc(Cl)cc3)nn2)cc1C,-3.002767324447632
base,N#CCC(=O)N/N=C/c1cccs1,-1.9052464962005615
base,O=C(c1ccc(O)cc1)c1cccc2ccccc12,-6.186530113220215
base,O=C(CSc1nc2ccccc2o1)c1ccc(F)cc1,-5.386264324188232
base,COCCCN(Cc1ccccc1)Cc1cccnc1,-7.776426315307617
base,COc1ccc2c(c1)cc(C(=O)NC1CCCCC1)c1nccn12,-3.533817768096924
base,O=C1NC(=S)NCCN1c1ccc([N+](=O)[O-])cc1,-0.6006709337234497
base,COc1cc(C(=O)NNC(=S)NC(=O)C2CCCCC2)cc(OC)c1OC,-0.4580037593841553
base,N[C+]1[N-]O[N-][C-]1[C+]([N-]O[C][S-])N(C[C+]1[CH+][CH-][CH+][CH-][CH+]1)C[c-]1[cH+][cH-][cH+]o1,-0.6889452338218689
base,NC1=C(C(=O)N(N)Cc2ccc(Cl)cc2Cl)[S+]=N/C1=C(\N)[O-],-0.4086434841156006
base,CCOc1ccccc1NS(=O)(=O)c1ccc(/C(C)=N/NC(=S)NC)cc1,-0.7103267908096313
base,Cl[C@H]1C[C@H]1SC1=NCCN1,-7.744472026824951
base,Cc1ccccc1NC(=O)CN(C(=O)[C@@H](C)NC(=O)c1ccco1)C1CCCCC1,-1.1374822854995728
base,O=C(O)CCCCCNC(=O)CCCCNC(=O)CNC(=O)OCc1ccccc1,-0.48650363087654114
base,COCCCC(=O)Oc1ccc([N+](=O)[O-])cc1,-1.0494290590286255
base,CN1CCN(C(=O)C2CCN(S(=O)(=O)c3ccc(OCc4ccccc4)cc3)CC2)CC1,-1.649017333984375
base,Cn1nnnc1SCC(=O)NC(c1ccccc1)c1ccccc1,-1.3855003118515015
base,CCO[P+](C)([S-])[N-][N-][C+](N[C+]([O-])[c+]1[cH-][cH+][n-]n1-[c+]1[cH-][cH+][cH-][cH+][cH-]1)[c+]1[cH-][cH+][cH-][cH+][cH-]1,-1.2560392618179321
base,CCNc1nc2c(c(=O)[nH]c(=O)n2C)n1C[C@H](O)COc1ccccc1,-0.2601371109485626
base,Cc1ccc(O)c(/C=N\n2cnnc2)c1,-2.1402053833007812
base,C=[O+]c1ccccc1P(=O)(c1ccccc1)c1ccccc1.[O-]P(O)O,-0.49043864011764526
base,Nc1c(C(=O)NCc2ccc(C(=O)O)n2Cc2ccccc2)nnn1Cc1ccc(F)cc1,-0.5786130428314209
base,S=C(NN1CCCCC1)c1sc2ccccc2c1Cl,-10.569304466247559
base,[O][C](N[N][CH][C]1[CH][CH][C](O)[C](N([O-])[O-])[CH]1)[C+]1[CH][CH][CH][CH][N]1,-0.5556355714797974
base,O=C(C[C@@H](c1cccs1)c1cccc2ccccc12)N1CCCC1,-10.240568161010742
base,O=C(c1ccccc1)N1CCN(c2nc(NCc3ccccc3)c3ccccc3n2)CC1,-3.380488157272339
base,C/N=C1\CSCC(=O)N1,-4.775038719177246
base,O=S(=O)(Nc1ncnc2sc3c(c12)CCC3)c1ccc(Cl)s1,-2.2157628536224365
base,NNC(=O)/C=C/c1ccc(-c2cccs2)cc1,-3.0559020042419434
base,COc1ccc(-c2cc(C(=O)NCc3cccnc3)c3ccccc3n2)cc1F,-3.218088388442993
base,[O][C](NCC[C]1[CH][CH][C](N([O-])[O-])[CH][CH]1)[C+]1[C](F)[CH][CH][CH][C]1Cl,-1.2940220832824707
base,CN(C)/N=C/c1ccc(Sc2ccc(Cl)cc2)o1,-7.790573596954346
base,O=C(Cc1ccc(Cl)cc1)NNC(=O)c1ccccc1C(=O)O,-0.48673513531684875
base,O=C(c1nnc(-c2ccncc2)o1)C1CCCCC1,-1.9804461002349854
base,O=C(N/N=C/C=C/c1ccccc1)c1ccc2ccccc2n1,-3.742792844772339
base,S=c1[nH]nc(COc2ccc(Cl)cc2Cl)n1-c1ccc(Br)cc1,-7.052412986755371
base,[O-][S+3]12([O-])C[CH-]NS[O+]1C([C-]1[CH-][CH+][CH-]S1)C2,-2.422940254211426
base,CC[C@H](c1nnc(SCC(=O)N[C@H]2CCS(=O)(=O)C2)n1Cc1ccccc1)N(C)C,-0.34073564410209656
base,CCC(CC)OC(=O)c1cccs1,-7.744507312774658
base,CC(=O)c1c(C)[nH]c(C(=O)CSc2nnc(CN3CCOCC3)n2-c2ccccn2)c1C,-0.6019115447998047
base,O=C(COc1ccc2ccccc2c1)N1CCN(c2n[nH]c(=O)[nH]c2=O)CC1,-0.2661776840686798
base,[H+].[H+].[O][C]1[CH-]CN2[C]([N]1)[N][C]1C(C[C]O)N12,-1.3332844972610474
base,Cc1ccc(NS(=O)(=O)c2cc(-c3nc4ccccc4[nH]3)ccc2C)cc1,-2.70495343208313
base,Nc1ccc(OC(F)(F)F)c(OCC(F)(F)F)c1,-4.822889804840088
base,Cn1c(-c2cccc(Br)c2)nnc1S(C)(=O)=O,-1.9434809684753418
base,C/[C-]=C(\C)C[C@H](C(=O)Nc1ccccc1F)[C@H](C#N)C#[O+],-1.7633675336837769
base,Clc1ccccc1Cc1nnc(C[N-]C/C=C\[C@H]2C=CCCC2)o1.[H+],-5.327043533325195
base,[O-][S@@+](Cc1nc2sccn2c1Br)c1ccccn1,-3.4890854358673096
base,CC(=O)N[C@@H](Cc1c[nH]c2ccccc12)C(=O)NCc1nnnn1CCCc1ccccc1,-0.43351811170578003
base,COCC(=O)NC1=NC(=C2C=CC(=[N+]([O-])[O-])C=C2)C=[S+]1,-0.44533485174179077
base,CCOc1cc(/C=N/NC(N)=S)ccc1OCC#N,-0.44262704253196716
base,CN(CC(=O)N1CCN(c2ccccn2)CC1)S(=O)(=O)c1ccccc1,-1.1108720302581787
base,Cc1ccc2oc(=O)n(CCCc3ccco3)c(=O)c2c1,-2.06677508354187
base,CCC(=O)C[C@H](c1ccco1)c1coc2cc(OCc3ccc(F)cc3)ccc2c1=O,-4.029965400695801
base,O=[P@@](O)(CCCCO)c1cccc2cccnc12,-1.4966398477554321
base,Clc1cccc(Nc2ccccc2CCc2ccccc2)n1,-9.617008209228516
base,Brc1ccc(CN2CCNCC2)s1,-9.521791458129883
base,NS(=O)(=O)c1ccc(N(CCO)S(=O)(=O)c2ccc(N3CCOCC3)cc2)cc1,-0.2993209660053253
base,CN1C[C@H](Cc2ccccc2)[C@@H](N2CCCCC2)CC12Oc1ccccc1O2,-8.560702323913574
base,Cn1c2n/c(=[S+]\CC(=O)c3ccccc3)n(C)c-2c([O-])n(C)c1=O,-0.5674638152122498
base,COc1ccccc1C(=O)NCC(=O)N/N=C/c1cc(C)n(-c2ccc(Cl)cc2)c1C,-1.4137853384017944
base,FC(F)OC(F)(F)[C@H](F)Cl,-11.330460548400879
base,CCOc1ccc(Cl)cc1S(=O)(=O)n1cnc2ccccc21,-2.8065309524536133
base,C[C@@H](OC(=O)C1=CC=CN2Cc3ccccc3N=C12)C(=O)NC1=C(Nc2ccccc2)C(=O)CCC1,-1.5047208070755005
base,O=C(O)CCCN1C(=O)c2nc3ccccc3nc2C1=O,-0.3074438273906708
base,CCC(CC)OC(=O)Cc1c(O)c2ccccc2[nH]c1=O,-1.150846004486084
base,COc1cc(/C=C(\C#N)c2nc3ccccc3[nH]2)ccc1OCC(=O)Nc1ccc2c(C)cc(=O)oc2c1,-2.264493227005005
base,Brc1ccccc1/C=N\c1cccc2[nH]ccc12,-8.48388671875
base,CC[O+]1[OH+][C-]([O-])/C(O)=C/CN2CCN(CC2)Cc2ccc1cc2,-1.911765456199646
base,CC(=O)[C@@H](Cl)C(=O)Nc1ccccc1,-4.036482334136963
base,COc1ccc(C)cc1OC1CCN(C(=O)c2nn(C)c3c2CS(=O)(=O)C3)CC1,-0.5144856572151184
base,O=C(COC(=O)C1CCCCC1)Nc1ccc(OC(F)F)cc1,-2.5618839263916016
base,CO[C@H]1CCCN(C(=O)CCNS(=O)(=O)c2ccc3c(c2)oc(=O)n3C)C1,-0.2978304326534271
base,O=CN(c1ccccc1)[C@H]1CCCN2CCC[C@@H]12,-7.835454940795898
base,C[C@H](CNC(=O)C[C@@H](C)c1ccccc1)CN1C2=NCCCN2c2ccccc21,-4.822753429412842
base,COc1cc2c(cc1OC)[C@H](C)N(C(=O)[C@@H](NC(C)=O)C(=O)O)CC2,-0.33110472559928894
base,O=C(c1cccs1)N1CCN(c2ncccn2)CC1,-3.551422119140625
base,COC(=O)COc1cccc(F)c1C,-5.622613430023193
base,C[C@H]1CN(S(=O)(=O)c2ccc(S(=O)(=O)NCCC(=O)Nc3nccs3)cc2)C[C@H](C)O1,-0.3067883253097534
base,O=c1oc2ccccc2cc1-c1nc(-c2ccc(Cl)cc2)cs1,-6.539951801300049
base,Cc1cc2cc(OCc3cccc(F)c3)ccc2[nH]1,-8.633002281188965
base,COc1ccc(-c2nnc(N)s2)cc1OC,-1.4965976476669312
base,COc1cc2nc(Cl)nc(N3CCCCC3)c2cc1OC,-4.383358955383301
base,O=C(N/N=C/c1cccs1)C1CCCC1,-4.905145168304443
base,Nc1cccc(NP(=O)(c2ccccc2)c2ccccc2)c1,-3.6381847858428955
base,COCc1cc(C)nc(Nc2c(C)cc(C)cc2C)c1C#N,-3.7234737873077393
base,O[C@@H](c1ccccc1)c1cccc(NC(=S)NCc2ccc3c(c2)OCO3)c1,-3.131307363510132
base,CP(=O)(Oc1ccccc1)Oc1ccccc1,-6.593045711517334
base,CC(=O)C1=C(C)NC(SCC(=O)c2ccccc2)=C(C#N)[C@H]1c1ccco1,-1.88711678981781
base,O=[N+]([O-])c1nc2ccccc2n1Cc1ccccc1,-2.7002832889556885
base,COc1ccc(F)c([C@@H](CCCC/C=C/CCC(C)C)CC(=O)C(C)(C)C)c1,-12.409798622131348
base,NCCOc1ncnc2c1oc1nc(-c3ccco3)cc(CCc3ccccc3)c12,-1.4850795269012451
base,S=C(NCCC1=CCCCC1)Nc1ccccc1,-8.593753814697266
base,Cc1ccc(Oc2ncnn2-c2ccccc2)c(C)n1,-3.622135639190674
base,O=C(CCCN1C(=O)c2ccccc2C1=O)N1CC[C@@H](c2ccccc2)C1,-3.080883502960205
base,O=C(Cn1nnc(-c2ccc(F)cc2)n1)N1CCCCCC1,-2.0939533710479736
base,OCCN1CCN(c2ccc(OO)cc2)CC1,-2.730661392211914
base,CCC(=O)c1ccc(OCCOCCOCCOC[C@@H](C)N(CC)CC)cc1,-3.3812177181243896
base,O=C(C[C@@]1(O)C(=O)N(Cc2ccccc2)CCN1C[C@H]1CCCO1)c1cccs1,-1.6761600971221924
base,CCOC(=O)CSc1nc(NCCCOC)c(Cc2ccccc2)c(=O)n1-c1ccc(F)cc1,-1.8150601387023926
base,O=S(=O)(N1CCCCCC1)N1CCN(S(=O)(=O)N2CCCCCC2)CC1,-0.9993383884429932
base,CSc1ccccc1NC(=S)NCc1ccc(Cl)cc1,-9.085186958312988
base,CO[c-]1[cH+][cH-][cH+][c-]([CH-]C[C+]([O-])[C][CH+]NCCN(C)C)[cH+]1.[H+],-3.7112817764282227
base,CCCOc1ccc(CN2CCC(C(=O)Nc3ccc(C(C)(C)C)cc3)CC2)c2cccnc12,-6.136748313903809
base,O=C(c1csc(-c2ccccc2)n1)N1CCCCC1,-6.600817680358887
base,COc1cc(/C=C(/C#N)C(=O)Nc2cccc([N+](=O)[O-])c2)ccc1OCCn1c(=O)[nH]c2ccccc2c1=O,-0.8443185091018677
base,O=S(=O)(c1cccs1)N1CCN(c2ncnc3c2[nH]c2ccccc23)CC1,-0.9825518727302551
base,COc1ccc(OCC(=O)NC2CC(C)(C)NC(C)(C)C2)cc1,-2.6167824268341064
base,COc1cccc(C(=O)CN2C(=O)c3ccccc3C2=O)c1,-2.0954182147979736
base,Cc1cc(C)c(C#N)c(SCc2nnc(-c3cccs3)o2)n1,-2.1636061668395996
base,NC(=S)Nc1ccc(F)c(F)c1F,-5.425126075744629
base,Nc1nnn(CC(=O)NNc2ncccc2C(F)(F)F)n1,-0.39395904541015625
base,FC(F)OC(F)(F)[C@H](F)Cl,-11.330460548400879
base,O=C(c1ccco1)N1CCN(Cc2ccc(Br)cc2)CC1,-5.810612678527832
base,CCOc1ccc(OC[C@@H](O)CN2CCN(c3ccccc3OC)CC2)cc1,-3.162581443786621
base,NNC(=O)CCn1cnc2c(c1=O)c1nc3ccccc3nc1n2-c1ccccc1,-0.3008204698562622
base,Cc1nn(Cc2ccccc2Cl)c(C)c1/C=N/CCOc1ccc(OC(C)C)cc1,-6.071071147918701
base,Oc1[nH]c2ccccc2c1/N=N/c1ccc(Cl)nc1,-2.5702853202819824
base,FC(F)(F)c1cc(Cl)ccc1-n1c(-c2ccco2)nc2ccccc21,-9.30379867553711
base,O=C(O)c1cc2c([nH]c1=O)CCCC2,-1.632892370223999
base,O=C1CC[C@H](C(=O)Nc2cccc3ccccc23)N1,-2.5933821201324463
base,Cc1nn(C(=O)/C=C/N(C)C)c(C)c1Sc1ccc(Cl)cc1,-6.2234320640563965
base,[H+].[O-][C+](OC(F)F)[C+]1[N-]S[N-][C-]1NCCCCCC(F)(F)F,-2.0892391204833984
base,O=C(Nc1ccccc1F)N1CCC[C@@H](O)C1,-3.233652114868164
base,O=S(=O)(NCCNS(=O)(=O)c1cccs1)c1ccc(F)cc1,-0.40649038553237915
base,O=C(Nc1ncc(Br)cc1Br)c1cccs1,-5.629321098327637
base,Cc1ccc(-c2nnn3c2nc(NCc2ccco2)c2ccccc23)cc1,-2.995919942855835
base,[H]/N=c1/c(C(=O)NCCCN2CCC(C)CC2)cc2c(=O)n3ccccc3nc2n1CC1CCCCC1,-1.152528166770935
base,OCCSc1sc(-c2ccccn2)cc1-c1cccs1,-7.4913153648376465
base,NS(=O)(=O)c1ccc(CNC(=O)CCCSc2cccc3ccccc23)cc1,-1.28799307346344
base,COc1cccc(C(=O)Nc2cc(NC(=O)c3cccc4ccccc34)ccc2C)c1OC,-3.6430776119232178
base,O=C(COC(=O)CCCc1ccccc1)Nc1ccccc1F,-3.429309129714966
base,O=C(O)/C=C\c1cccc(-n2nnnc2SCc2ccccc2OC(F)F)c1,-1.3084665536880493
base,COc1ccc(Nc2nc(C)cc(C)c2C(N)=O)c(OC)c1,-0.7677032947540283
base,NS(=O)(=O)c1ccc(NC(=O)[C@@H]2CCCO2)cc1,-0.3455476760864258
base,O=C(NC(=O)c1ccc(F)cc1F)Nc1nc(-c2cccs2)cs1,-2.5404419898986816
base,O=C(CSc1nnc(-c2cccs2)o1)N1CCc2ccccc2C1,-3.0918190479278564
base,O=S1(=O)CC[C@H](NCCN(c2ccccc2)c2nc3ccccc3n2CCCl)C1,-2.1824188232421875
base,O=[P@@](NCCCl)(OCCCl)Oc1ccccc1,-4.413127899169922
base,CCOc1ccccc1N[C@@H]1c2ccccc2C(=O)N1Cc1ccco1,-4.273813724517822
base,S=P(C1=CC=C(N2CCOCC2)[C@H]2CCOCC/N=C/12)(N1CCOCC1)N1CCOCC1,-2.631382703781128
base,Oc1ccccc1N1CCN(C(=S)NCCc2ccccc2)CC1,-5.321702480316162
base,COc1ccc2cc(C(=O)C=C(C)C)ccc2c1,-8.191373825073242
base,O=C(OCC(=O)N1c2ccccc2Sc2ccccc21)C1=COCCO1,-2.4472134113311768
base,CN(/N=N\c1ccc(F)cc1)c1ccncc1,-5.396452903747559
base,CC(C)=[OH+].O=Pc1ccccc1.[CH2-]C,-5.586573123931885
base,O=C(CCc1ccco1)Nc1nc2cc3cc4c(cc3cc2s1)OCCO4,-2.51581072807312
base,Cc1cc2ccccc2cc1CN1CCCCC1,-13.235921859741211
base,COc1ccc(S(=O)(=O)NCc2ccccn2)c(C)c1C,-1.6990171670913696
base,OCC1(Cc2ccccc2C(F)(F)F)CCN(Cc2ccc3ccccc3c2)CC1,-10.336583137512207
base,N#Cc1ccc(OCC(=O)N2CCN(c3ccccn3)CC2)cc1,-1.4784566164016724
base,CCC(=O)Nc1ccc(S(=O)(=O)c2c(C)cccc2C(=O)N/N=C/Cc2ccccc2)cc1,-1.4840065240859985
base,Fc1cccc(Nc2nnc(SCc3nc4ccccc4nc3N3CCOCC3)s2)c1,-2.474112033843994
base,CO[C]1[CH][C]([CH+][C]([C][N])[C]([O])NCC[C]2[CH]N[C]3[CH][CH][CH][CH][C]23)[C](N([O-])[O-])[CH][C]1OC,-0.5489984154701233
base,S=C(Nc1ccccc1-c1ccccc1)N1CCc2ccccc21,-11.388479232788086
base,Clc1cc(Br)cnc1Oc1ncc(CN2CCOCC2)s1,-4.609574794769287
base,[O-][S@+](Cc1ccccc1)Cc1cccc(C(F)(F)F)c1,-8.99755573272705
base,C/C(=N/C1CC1)[C@H]1CC(=O)N(CCc2ccccc2)C1=O,-3.694347620010376
base,Brc1ccc(SCc2cn3cccnc3n2)cc1,-7.376094341278076
base,Clc1ccc(Cn2c(-c3ccco3)nc3ccccc32)cc1,-8.209769248962402
base,CN(CCCN1CCOCC1)Cc1ccc(O)cc1,-5.5191874504089355
base,CC1=NCCN1CCNc1nc2ccccc2n1C,-4.083009243011475
base,C[N-][C@H](C[O+]=c1cccc[cH-]1)/N=C1\[C]/[C+](=[NH+]\C(=O)c2ccco2)[C-](C(=O)OC)C=C1,-0.2826436460018158
base,O=C(O)[C@@H](Cc1n[nH]c(=O)c2ccccc12)P(=O)(c1ccccc1)c1ccccc1,-0.7578005194664001
base,Cc1cccc(-c2ccc(/C=C3\SC(=O)N(CCNC(=O)C(C)(C)O)C3=O)o2)c1C,-1.0655460357666016
base,COc1ccccc1N1CCN(C2(C(=O)NC3CCCCC3)CCCCC2)CC1,-5.1822710037231445
base,C[c-]1[cH+][c-](C)[c+]([SH+2]([O-])[O-])[c+]([C][N-]C2([c+]3[cH+][n-][c-]4[c+]([n-]3)[CH+][CH+][CH-][CH+]4)[C+]([N-][C+]([O-])[C][N-2])S[C+]3CCCC[C+]32)[n-]1,-0.9895840883255005
base,[O-]N([O-])[C+]([C][N-][C+]1[CH+][CH-][CH+][CH-][CH+]1)[C+](N[c-]1[cH+][cH-][c+]([S+2]([O-])([O-])N[c-]2[cH+][cH-][cH+][cH-][cH+]2)[cH-][cH+]1)[c-]1[cH+][cH-][cH+][cH-][cH+]1,-2.5869228839874268
base,S=C(Nc1ccccc1)N1CCCCCC1,-9.998483657836914
base,O=C(O)c1nn(-c2ccccc2F)c2c1CCc1ccccc1-2,-3.593188524246216
base,CCCN1CCN(CC(=O)Nc2ccc(C#N)cc2)CC1,-2.406172513961792
base,O=C(NC[C@@H]1COCCO1)c1c(O)c2c([nH]c1=O)CCCC2,-0.4289851486682892
base,[H]/N=c1/c(C(=O)NCCc2ccccc2)cc2c(=O)n3ccccc3nc2n1CCCN1CCCC1=O,-0.40488401055336
base,C[C-]1CCCC(O)N1O,-4.6187968254089355
base,[CH2-][CH+]NCC[N-][C+]1[CH-][C+](N2CCCC2)[CH-][CH+][C+]1N([O-])[O-],-1.0832792520523071
base,Brc1ccccc1/C=N/N1CCOCC1,-7.612750053405762
base,N#Cc1cc2c(nc1SCC(=O)Nc1nccs1)CCCCC2,-1.577951192855835
base,CCNC(=O)NC(=O)COc1ccccc1C,-1.6573550701141357
base,COc1cc(NC(=O)NC2CC2)c2ncccc2c1,-2.2382068634033203
base,C[C]([N]NS([O])([O])[C]1[CH][CH][CH][C](N([O-])[O-])[CH]1)[C+]1[CH][CH][C](N2CCOCC2)[N][CH]1,-0.49810755252838135
base,S=C(NCc1ccccn1)Nc1ccc(Cl)cc1Cl,-6.352721691131592
base,O=c1c2cn[nH]c2nc(S[C@H](/C=C/c2ccccc2)c2ccccc2F)n1-c1ccc(F)cc1,-4.997160911560059
base,CCOc1cc(C=O)ccc1Oc1cc(C)cc2oc(=O)cc(C)c12,-3.1865270137786865
base,O=S(=O)(NC[C@@H](c1cccnc1)N1CCN(c2ccccc2)CC1)c1ccc2ccccc2c1,-2.8671748638153076
base,NNC(=O)c1cc2ncn(Cc3ccccc3Cl)c(=O)c2cc1Sc1ccccc1,-1.401229739189148
base,NNC(=O)[C@H](Cc1ccccc1)NC(=O)[C@H](Cc1ccccc1)NC(=O)CNC(=O)c1ccccc1,-0.28628307580947876
base,CCOc1cccc(-c2nc3nc(C)c(CCC(=O)NCC(OC)OC)c(C)n3n2)c1,-0.5250217914581299
base,OCCSC[C@@H](O)CO,-2.5882792472839355
base,[O-][S@@+](CCOCc1ccccc1)CC1CCCCC1,-6.886459827423096
base,CCS(=O)(=O)C[C@H]1N=C(C(=O)O)/C(=C/c2cccc3ccccc23)C(=O)N1,-0.34014958143234253
base,Cc1cccc(NC(=O)[C@H]2CCCN2S(=O)(=O)c2cccc3nsnc23)c1,-0.6967896819114685
base,Clc1ccc(Nc2n[n-]/c(=[S+]\[C@@H]3CCCC[C-]3SCCc3ccccn3)s2)cc1.[H+],-6.342220783233643
base,O=C([C@@H]1CCCN1S(=O)(=O)c1cc(Cl)ccc1OCC(F)(F)F)N1CCCCC1,-2.5114893913269043
base,O/N=C/c1ccc(Cc2cccc(Cl)c2)c(Cl)c1O,-4.379835605621338
base,COC(=O)c1cc(OC)cc(=O)n1Cc1cc2ccc(C)cc2nc1Cl,-1.9418617486953735
base,CSc1ccccc1NCc1ccccn1,-8.028816223144531
base,COc1ccc(/C=C/CO)c(O[C@H](C)c2ccc(O)cc2)c1,-3.203238010406494
base,CCCOc1cc(C)c(S(=O)(=O)NCCCN(C)C)cc1C,-2.6534311771392822
base,Clc1ccc(-n2cccc2CN2CCCCC2)nc1,-8.920763969421387
base,CCCCOc1ccc(C(F)(F)F)cc1[N+](=O)[O-],-4.2265095710754395
base,CC(C)CCOc1ccccc1OC[C@@H](O)[C@H]1NC(C)(C)Cc2ccccc21,-4.8606343269348145
base,Brc1ccc(OCc2nc(-c3cccs3)no2)cc1,-4.88345193862915
base,CCOc1ccc(CCNC(=O)CC(C)C)cc1OCC,-4.3612751960754395
base,[NH-][C]S[C+]1[CH+][CH-][CH+][C-](N[C-]([O-])N2CCOCC2)[CH+]1,-1.463411569595337
base,CCC(=O)Nc1c[c-]c(OC2=N/C(=[NH+]/c3cc(C)cc(C)c3)N=C(C)C2=O)cc1,-0.4374805688858032
base,O=P(OCC1CC1)(c1ccc(F)cc1)c1ccc(F)cc1,-7.985340595245361
base,COc1cccc(/C=N/NC(=O)CCc2ccc(=O)[nH]c2)c1O,-0.31147336959838867
base,C[C@@H]1CC=C[C@H]2[C@H]1C(=O)N(Cc1ccc(F)cc1)[C@H]2c1ccc(N(C)C)cc1,-9.40156078338623
base,O=[N+]([O-])c1ccccc1/C(O)=C1\CCCC=C1/C=N/O,-1.1389325857162476
base,COC(=O)c1cc(OC)c(OC)cn1,-2.597024440765381
base,OCC[C@@H]1CN(Cc2ccccc2Cl)CCN1C1CCCCC1,-7.906952857971191
base,COc1ccc(OC)c(OC(=O)c2ccc3ccccc3c2)c1OC,-4.075930118560791
base,CCCN1C(=O)c2ccc(C(=O)NCCc3c[nH]c4ccccc34)cc2C1=O,-1.2413274049758911
base,COC[C@H]1[C@H](C)CCCN1Cc1ccc(F)cc1,-10.470213890075684
base,Cc1ccccc1-n1nnc(N2CCOCC2)n1,-2.7725017070770264
base,CCOCCOC(=O)COc1ccccc1C,-4.266732692718506
base,COc1cc(/C=C(/C(=O)N[C@H]2CC[C@H](N)CC2)c2nc3ccccc3s2)ccc1O,-1.294843077659607
base,COc1ccccc1CCCC(=O)c1c[nH]c2ccc(Br)cc12,-6.611968040466309
base,Fc1ccccc1SC1CCCCC1,-14.20887279510498
base,COc1ccc(CC(=O)O)cc1Br,-4.1414690017700195
base,O=S1(=O)c2ccc(Cl)c(c2)NC(=S)N/N=C/C2=C(N3CCOCC3)c3ccccc3/C2=[O+]\N1[CH-]C/C=C1/[CH-]C=CS1.[H+],-2.3383100032806396
base,CC[C@@H](C)[C@H](NC(=O)NCc1ccccn1)C(=O)OC,-0.8415268659591675
base,Cn1cc(CO)nc1CC(=O)N1CCc2ccccc21,-2.4803202152252197
base,CO[c+]1[cH-][c+](CN[CH+]C[C-](C)[O-])[cH-][c+](OC)[c-]1O,-1.2118632793426514
base,COc1ncccc1C(=O)N1CCN(CC(=O)N2CCC[C@H](C)C2)CC1,-1.7913360595703125
base,CCCN(CC)C(=O)c1cc2cc3ccc(Cl)cc3nc2o1,-5.438427448272705
base,CC(C)COc1ccc(-c2cc(NCCN)c3ccccc3n2)cc1,-3.5615804195404053
base,C[C+]([O-])OC(CO[C-](C)[O-])[C+]1C(O[C+]([O-])[c+]2[cH-][cH+][cH-][cH+][c-]2O)C[C+]([O-])OC1O[C+]([O-])[CH+][CH-][CH+][CH-][c+]1[cH-][cH+][cH-][cH+][cH-]1,-0.3550013601779938
base,Fc1ccccc1-c1nnc(-c2cccs2)o1,-5.81017541885376
base,Oc1ccc(F)cc1-n1cccn1,-5.30249547958374
base,COCCC(=O)N1CCC(Oc2ccc3c(=O)n(C[C@H]4CCCO4)c(=S)[nH]c3c2)CC1,-0.9292880892753601
base,CSc1nc2ccccc2c2c1CCCC2,-10.793593406677246
base,Clc1ccc(-c2cc(Cc3ccccc3)[nH]n2)cn1,-5.500393390655518
base,NNC(=O)C[C@@H](c1ccccc1)c1ccccc1O,-1.1897493600845337
base,CO[C+]([O-])C(C[CH-][C+]1[CH-][CH+][C+]([C-]([O-])OC)[CH+][CH-]1)[c+]1[cH-][cH+][c-](OC)[c+](OC)[cH-]1,-0.7406914830207825
base,Clc1ccc(Cl)c(Oc2ccc(Oc3ccccc3)cc2)n1,-9.288312911987305
base,O=c1c([C@@H]2CC=CCC2)c[nH]n1-c1nc2ccc(Cl)cc2s1,-4.698849678039551
base,COc1ccc(NC(=O)CC(C)C)cc1S(=O)(=O)N1C[C@H](C)C[C@H](C)C1,-1.742441177368164
base,Nn1c(-c2ccccc2)nc2cc(NC(=O)c3ccccc3F)ccc2c1=O,-0.9614110589027405
base,[CH]C(NC(CO)C[C]1[CH][CH][CH][C]([N+]([O])[O-])[CH]1)C(O)[CH][N]CC1CC[CH-]N2[C]([O])[CH][CH][CH][C]12.[H+].[H+],-0.5493061542510986
base,CCOC(=O)c1[nH]c2cc3c(cc2c1CCCN1C(=O)c2ccccc2C1=O)OCCO3,-0.9691771268844604
base,CCOC(=O)[C@@H]1CCCN(Cc2ccccc2)C1,-6.7862725257873535
base,CCOP(=O)(NCCN1CCOCC1)OCC,-2.4139795303344727
base,O=C(c1cccnc1)N1N=C(C2CCCCC2)C[C@]1(O)C(F)(F)F,-2.4072964191436768
base,COc1ccc(NC(=S)N2CCN(S(=O)(=O)c3ccccc3)CC2)cc1OC,-1.5534868240356445
base,CCCCc1nnc(NC(=O)CCc2ccccc2)s1,-3.600822687149048
base,O=C(c1cccc(Cl)c1)[C@H]1CCCN(Cc2cnn(-c3cccc(F)c3)c2)C1,-6.817966938018799
base,COc1ccc(-c2nc3c(n2CC(=O)O)C(=O)CCC3)cc1OC,-0.5641947984695435
base,O=C/[S+]=C1/C=CC=CC1=[P@@]([O-])(Nc1ccc(F)cc1F)N1CCCC1,-3.1027190685272217
base,O=[N+]([O-])c1cccnc1N1CCC(c2cc(-c3cccc(C(F)(F)F)c3)n[nH]2)CC1,-2.243086338043213
base,Cc1ccsc1CN1N=C(c2ccccc2)C[C@H]1c1cccs1,-11.668855667114258
base,[CH]O[C]1[C](C)[CH][N+][C]1[C]([O])N1CCC([C]([O])O)CC1,-0.728987991809845
base,[CH2-][C+]1[CH-][c+]2[cH-][cH+][cH-][cH+][c-]2[CH+][C+]1CNC[C-]([O-])NC(C)[C+]([O-])NC1CCCC1,-0.7975642681121826
base,COc1cccc(OC[C@H](O)CO)c1,-2.453939437866211
base,O=C(O)C/[S+]=C1/[S+]=C(Cl)C=C1N([O-])[O-],-0.7603850364685059
base,CN1C(=O)CCS(=O)(=O)[C@H]1CC(=O)Nc1ccc(F)cc1,-0.6720033884048462
base,[CH-]1CCCCC1.[S+]#P(N1CCOCC1)N1CCOCC1,-7.889750003814697
base,O=C(OC[C@@H](/N=C1\NS(=O)(=O)c2ccccc21)c1ccccc1)c1ccccc1O,-0.8053928017616272
base,Nc1nc(SCCO)[nH]c(=O)c1NC(=O)c1ccco1,-0.3211894929409027
base,Cc1cccc(NC[C@H](C)CO)c1C,-6.388280868530273
base,O=C(NCc1ccccc1F)c1cccn1Cc1ccccc1,-6.581249237060547
base,Cc1ccc(Cn2nnc3c(=O)[nH]c([C@H]4CCCN(C(=O)C5CC5)C4)nc32)cc1C,-0.5742749571800232
base,O=S(=O)(c1ccc(Cl)cc1)N1CCOCC1,-3.975487232208252
base,Cc1nc(NS(=O)(=O)c2ccc(Cl)cc2)c2c3c(sc2n1)CCC3,-2.3603169918060303
base,CCCc1cc(=O)oc2c(C)c(OCC(=O)NCCN3CCOCC3)ccc12,-0.8122692704200745
base,CCOc1cc(/C=N/NC(=O)CSc2nnc(-c3ccccc3)n2C)ccc1C(=O)NC(C)(C)C,-1.1144585609436035
base,CN[C-]1[CH+][CH-][CH+]C2[C-]1[C+]([O-])N(C[c+]1[cH-][cH+][c-](C)[cH+][cH-]1)[S+2]2([O-])[O-],-0.6891437768936157
base,CO[C+]1[C][C+]([C-]([O-])[CH+][N-][C+]2[CH+][CH-][CH+][CH-][CH+]2)[C-](OC)[CH+][CH-]1,-2.996711492538452
base,COC(C[C@H]1O[C@H]1[C@@H](O)COCc1ccccc1)OC,-2.3034958839416504
base,Nc1cc(CCc2ccccc2)nn1S(=O)(=O)c1ccc(Cl)cc1,-1.4827377796173096
base,Cc1cc(=O)n2ccn(COCCO)c2n1,-1.6160130500793457
base,COc1cc(/C=N/NC(=S)Nc2ccccc2C)cc(Br)c1O,-2.7261855602264404
base,COc1ccc(NC(=S)N2CCNC(=O)[C@H]2CC(=O)NC(=S)Nc2ccccc2F)cc1,-0.5065398812294006
base,O=C(c1ccc(OCCOCCOc2ccccc2O)cc1)c1cccc([N+](=O)[O-])c1,-1.4089579582214355
base,COCCc1nc2ccccc2n1CC(=O)c1ccc(OC)cc1,-3.493450403213501
base,O=C(Nc1ccc(-c2csnn2)cc1)NC1(C(F)(F)F)Oc2ccccc2O1,-1.6442500352859497
base,CCNc1ccc(NC(=O)COc2ccccc2)cc1S(=O)(=O)N1CCOCC1,-0.41025465726852417
base,Nc1cccnc1N1CCCCC1,-4.618790149688721
base,NC(=O)NC(=O)[C@@H](O)CCc1cccc2ccccc12,-0.3859553039073944
base,Nc1ncnc(O)c1[N+](=O)[O-],-0.5457455515861511
base,C[c-]1[cH+][cH-][cH+][c-]([C-]2[N-]O[C+](CN(CCOC([C+]3[CH+][CH-][CH+][CH-][CH+]3)[C-]3[C][CH-][CH+][CH-][CH+]3)C[C+]3[N-][CH+][CH+]S3)[N-]2)[cH+]1,-4.821837425231934
base,Brc1ccc(OCc2nc3ccccc3s2)cc1,-9.510973930358887
base,CCOc1cccc2cc(C(=O)Nc3cc(F)ccc3F)c(=O)oc12,-2.401869535446167
base,Clc1cnc(-c2cccnc2)cc1CSc1cn[nH]n1,-2.2684550285339355
base,CCC(=O)Oc1ccc(CC)o1,-5.184622764587402
base,O=C(COC(=O)C1CCCCC1)Nc1cc([N+](=O)[O-])ccc1Oc1ccc(Cl)cc1,-2.3689374923706055
base,CC#CP([O-])OCC.[H]/[O+]=C(\c1ccccc1)C(F)(F)F,-3.436661958694458
base,Cc1cnc(NC(=O)CSc2nnc(-c3ccc(C(F)(F)F)cc3)s2)s1,-3.296348810195923
base,Cc1nn(-c2ccc3c(c2)OCO3)cc1CN(C)[C@@H]1CCOC1,-3.7447502613067627
base,Cc1ccc2c(CN(CC(=O)O)Cc3nnc(-c4cccs4)o3)cc(=O)oc2c1,-0.9074563980102539
base,COc1ccc(S(=O)(=O)N2CCN(C(=S)NCCc3ccccc3)CC2)cc1OC,-1.4672648906707764
base,N[P@](=O)(Oc1ccccc1)Oc1cccc2ccccc12,-3.526189088821411
base,COc1cccc(-c2c(NC(=O)c3ccco3)oc3ccc(Cl)cc3c2=O)c1,-2.591539144515991
base,CCOC(=O)c1ccccc1N/C=C1\CCCCC1=O,-3.4720561504364014
base,C/C=N\Oc1cnc2ccc(F)cc2n1,-4.007219314575195
base,COCC[c-]1[n-][c+]2[cH+][cH-][cH+][cH-][c+]2n1-[c-]1[cH+][cH-][c+](OC)[cH-][cH+]1.[H+],-5.7006707191467285
base,COCC(=O)N1CCCc2ccccc21,-6.60536003112793
base,Cc1ccc(NC(=O)C[C@@H](NCCN2CCOCC2)C(=O)O)cc1,-0.38888484239578247
base,O=C(c1cccnc1)n1nnc2ccccc21,-2.2554519176483154
base,NS(=O)(=O)c1ccc2nc(NC(=O)[C@H]3CCCO3)sc2c1,-0.3068859577178955
base,CCCC[c-]1o[c+]([O-])[cH-][c+]1NCC[c-]1[cH+][cH-][cH+][cH-][cH+]1,-4.359987258911133
base,N#Cc1ccc(NCc2ccccc2NC(=O)CO)c([N+](=O)[O-])c1,-0.4020090699195862
base,S=C(NCc1ccco1)NCc1nc2ccccc2c2ccccc12,-4.596190452575684
base,CCS(=O)(=O)c1ccc(O)c(NC(=O)NS(=O)(=O)c2ccccc2)c1,-0.3642925024032593
base,N#C/C(=C(/N)Sc1sccc1OCc1cccc2ccccc12)c1nc2ccccc2s1,-5.770811080932617
base,Nn1c(SCc2nc3ccccc3[nH]2)nnc1-c1ccco1,-0.5346927046775818
base,COCCNC(=S)N(CCN(C)C)Cc1cccnc1,-4.696784019470215
base,CCOC(=O)c1[nH]c(C)c(C(=O)OCC(=O)NC(C)C)c1C,-0.4581170082092285
base,Clc1ccc(CN2CCC(c3ccccc3)CC2)cc1,-13.749052047729492
base,CCOc1cc([C@H](C)c2sc3nc(C)nn3c2O)cc(OCC(N)=O)c1OCC(C)C,-0.9243260025978088
base,CCc1nc(SC2=NN=C(CCC3CCCCC3)C2)c2c(=O)n(C)c(=O)n(C)c2n1,-1.0245466232299805
base,O[C-]([c+]1[cH+][n-]o[c-]1C(F)(F)F)N(CC[c+]1[cH-][cH+][cH-][c+](Cl)[cH-]1)C[c+]1[cH-][cH+][cH-][cH+][c-]1Cl,-6.2320122718811035
base,Clc1cccc(-c2ccc(CO[CH-][C@@H]3C=CCCC3(Cl)Cl)[nH]2)c1.[H+],-10.825068473815918
base,O=C1OCC[C@H]1Oc1cccc(Cl)c1,-5.701656818389893
base,CN1CCN(c2c3c(nc4cc(-c5cccc(Br)c5)nn24)CCC3)CC1,-5.9823808670043945
base,OCC(O)C(O)C(OC1CCCCC1)C1OCOC(O)C1O.[H+],-0.5605862736701965
base,Fc1cccc(NC(=S)NC(=S)N[C@@H](F)OC(F)(F)C(F)F)c1,-4.735572814941406
base,Cc1ccc2c(CN(C)Cc3cccc(Cl)c3)cc(=O)oc2c1,-7.24086856842041
base,COc1ccc(Nc2nccc3ccccc23)cc1S(=O)(=O)Nc1cc(C)cc(C)c1,-3.107682466506958
base,O=S(=O)(NC[C@@H]1CCCO1)c1ccc(NS(=O)(=O)c2ccccc2Cl)cc1,-0.6100281476974487
base,N[S+2]([O-])([O-])[C-]1[CH+]N2[CH+][CH+]OCCOCCOCCOCC[N-]CC[N-][C-]2[CH+][CH-]1,-0.5011196136474609
base,C[C-]1[CH+][N-][CH+][C-]([C+]([O-])N[c+]2[cH-][cH+][c-](C)[cH+][cH-]2)N1C[c+]1[cH-][cH+][cH-]s1,-3.9743080139160156
base,CN(CC[C@@H](c1ccccn1)c1c[nH]c2ccccc12)CC(=O)O,-1.9889768362045288
base,COc1cccc2oc(C(=O)Nc3ccc(OCC(=O)NC4CC4)cc3)cc12,-1.025586485862732
base,[CH2-]CCCC[N+]#CN(c1ccc(O)cc1)S(N)(=O)=O,-0.6369205117225647
base,[CH2+][C+]([O-])CN1[C+]([CH+][N-]N[C+]([O-])C[C][N-2])[CH+][CH+][C-]1[c-]1[cH+][cH-][cH+][cH-][cH+]1,-0.3544580936431885
base,CCOCC(=O)Nc1ncc(S(=O)(=O)c2cccc([N+](=O)[O-])c2)s1,-0.401850163936615
base,O=C([CH-]O)Oc1cc(-c2ccc(F)c(OCc3ccccc3F)c2)c2nonc2c1.[H+],-1.6417347192764282
base,CCOC(=O)c1ccc2c(c1)s/c(=N\C(=O)c1ccco1)n2CCOC,-1.0303865671157837
base,CCOc1cc(/C=[N+](\C(=O)C[S-])C2CCCCC2)ccc1OCC(=O)OC(C)C,-2.5658557415008545
base,CCC(CC)C(=O)Nc1cc(COC)ccc1C(=O)OC,-2.373664379119873
base,CO[c-]1[cH+][cH-][cH+][cH-][c+]1N[C-]([O-])CSC[C+]([O-])[N-][C+]([O-])NN[C+]1[CH+][CH+][CH-][CH+][CH-]1,-0.31939029693603516
base,C[C@H](CNS(=O)(=O)c1ccccc1)Sc1nc2ccccc2s1,-3.2912561893463135
base,O=C(CN1CCN(CCOc2cccc(Cl)c2)CC1)Nc1ccccc1Sc1ccccc1,-6.136658191680908
base,Fc1ccc(N2CCN(Cc3cn(-c4ccccc4F)c4ccccc34)CC2)cc1,-12.273659706115723
base,CN1[C-]([O-])[C+]([C+]([O-])CN[C+]2[CH+][CH-][CH+][CH-][C+]2Cl)[C-](N)N2[CH-]CCCCC3OC312,-0.49352025985717773
base,Cc1ccccc1N[C@@]1(C(F)(F)F)NC(=O)N(CCC(C)C)C1=O,-2.834984302520752
base,O=C1C=C(N2CCNCC2)C[C@@H](c2ccccc2)C1,-6.139449596405029
base,FC(F)(F)Oc1ccc(N2CCN(c3cccc(C(F)(F)F)c3)CC2)cc1,-11.119014739990234
base,COc1ccccc1N1CCN(/N=C/[C-]=C\c2ccco2)CC1.[H+],-5.061549663543701
base,O=C(c1ccco1)n1nc(-c2cc3ccccc3o2)nc1SCc1cccnc1,-2.116926670074463
base,Fc1ccc(/N=N/C(=S)c2ccc3c(c2)OCCO3)cc1,-5.513439178466797
base,C=C(Cl)[C@@H](CN1CCOCC1)c1nc2ccccc2o1,-5.483269214630127
base,Nn1c(Cc2cc(=O)n3cc(Br)ccc3n2)nnc1SCC(=O)Nc1ccccc1C(=O)O,-0.32497867941856384
base,COc1ccc(NCc2nnc(SCC(=O)Nc3sc4c(c3C#N)CCCC4)o2)c(OC)c1,-1.537479043006897
base,Clc1ccc(OCCSc2n[nH]c(-c3ccccn3)n2)c(Br)c1,-3.4225664138793945
base,CC[C@@H](N/C=C1/C(=O)CCOC1=O)C(=O)NCCOC,-0.4926561117172241
base,C=CCOc1ccc(/C=N\NC(N)=S)cc1,-2.402620315551758
base,CC(=O)NCCc1cc2cc(C)ccc2[nH]c1=O,-2.208554744720459
base,O=C(O)c1ccc(C[S@+]([O-])[C@H](c2ccccc2)C(Cl)(Cl)Cl)cc1,-4.062071800231934
base,COc1cc(NC(=O)c2c(C)nc3ccccn23)nc(C)c1C,-1.957645297050476
base,CCC(=O)c1ccc(OC[C@@H](O)Cn2c3ccccc3c3ccccc32)cc1,-4.996673583984375
base,NN1[C-]([S-])[N-][C+]2[C+]([CH+][N-]N2[C+]2[CH+][CH-][CH+][CH-][CH+]2)[C-]1[O-],-0.8513117432594299
base,[H+].[H+].[N-2][C]C[C+]1[CH+][C+](CN[C+]2[CH-][CH+][C+]([CH+][c-]3[cH+][cH-][cH+][cH-][cH+]3)[C][C-]2O)[CH-][CH+][CH-]1,-3.981837749481201
base,CCCNC(=O)/C(=C/c1ccccc1)NC(=O)c1ccccc1,-2.976015567779541
base,Clc1cccc(/N=C/c2ccc3ccccc3c2)c1,-12.16299057006836
base,Cn1c(SCC(=O)Nc2cccc(Cl)c2)nnc1-c1cccnc1,-1.7915948629379272
base,O=C(c1ccc(O[C@@H]2CCCO2)cc1F)C1CCN(c2ccccn2)CC1,-4.188515663146973
base,Cl[c-]1[cH+][cH-][c+](N[C-]2[N-][C+]([c+]3[cH-][cH+][cH-]s3)NN2)[n-][cH+]1,-2.2422337532043457
base,Nn1c(COc2c(F)cc(F)cc2Cl)nnc1SCC(=O)Nc1ccccc1[N+](=O)[O-],-0.8400604724884033
base,FC(F)Oc1cccc(Oc2nc3ccc(Br)cc3s2)c1,-8.648630142211914
base,N[C]([CH][C-][CH+][C]1[CH][CH][CH][CH][C]1[CH][O])[CH][C-][C]1[CH][C]2[CH][CH][CH][CH][C]2[CH][C]1[C]([O])O,-1.224077582359314
base,Clc1cc(C2CC2)nc(NCc2ccco2)n1,-3.983926296234131
base,CC(=O)N1c2ccc(S(=O)(=O)N3CCCC3)cc2C[C@@H]1C,-2.705472469329834
base,O=[N+]([O-])c1ccc(-c2cc(C(F)(F)F)nc(N3CCOCC3)n2)cc1,-1.2043285369873047
base,CCOc1ncccc1C(=O)OCC(=O)Nc1cccc2ccccc12,-1.5788341760635376
base,COc1cccc(-c2nnc(SCC(=O)Nc3ncc(C)s3)n2C)c1,-1.1260037422180176
base,O=C(Oc1ccccc1F)c1ccc(N2CCOCC2)c(Br)c1,-5.841928958892822
base,COC(=O)c1ccc(Cn2nnc3cc(S(=O)(=O)NC(C)C)ccc32)cc1,-0.3939436972141266
base,CCCOc1ccc(S(=O)(=O)c2c(C)c3c(C)cccc3oc2=O)cc1,-2.263363838195801
base,[H]/N=C(\C=C\c1ccccc1)Nc1ccc(Cl)cn1,-4.61707878112793
base,CS(=O)(=O)N(CC(=O)NCCSCc1ccco1)c1ccc(F)cc1Cl,-1.2661876678466797
base,C[C@@H](Sc1ncc(-c2nc3ccccc3[nH]2)c(-c2cccs2)c1C#N)C(=O)Nc1ccccc1F,-3.9982216358184814
base,NNC(=O)CNC1CCN(Cc2ccccc2)CC1,-1.415213942527771
base,COc1cc(CNCCCSc2nnnn2C)cc(Br)c1OCC(C)C,-1.8060686588287354
base,CC[C@H](C(=O)NC(C)C)N(Cc1cc2ccc(OC)cc2nc1Cl)C(=O)C1=C(N)/C(=C(/N)[O-])N=[S+]1,-0.32435494661331177
base,C/C(=N\NS(=O)(=O)c1ccccc1)c1ccc(Br)s1,-3.0773253440856934
base,COCCNC(=S)Nc1cc(OC)cc(C)c1-c1ccccc1,-5.23077917098999
base,CNCCOCCCNCC[C@@H](Cc1cnc[nH]1)NCCO,-0.5007070899009705
base,NC(=O)C1CCN(CCCOc2ccc(F)cc2)CC1,-2.8597443103790283
base,CC(=O)/[N+]1=[C-]/C=C\C/C=C\N1,-6.311125755310059
base,COc1ccccc1/C=C/c1onc(C)c1S(=O)(=O)N1CCC(C(=O)NCCc2ccccc2)CC1,-1.3106228113174438
base,COC(=O)Nc1ccc(S(=O)(=O)N(CCO)CCOc2ccc(OC)cc2)cc1,-0.35990288853645325
base,COCCCNC1=C(Cl)C(=O)c2ccccc2C1=O,-2.986637592315674
base,N#Cc1ccc(Oc2ccc(Cl)cc2)nc1Oc1ccccc1[N+](=O)[O-],-2.409492254257202
base,CC(=O)Nc1ccc(OC(F)(F)F)c(NC(=O)COc2ccc(Cl)c(C)c2)c1,-2.506089448928833
base,NC(=O)N1CCN(c2cccc3ccccc23)CC1,-3.574758529663086
base,Clc1ccc2nc(C3CCN(c4ccccn4)CC3)[nH]c2c1,-5.20873498916626
base,Cn1cc(CCNC(=O)c2n[nH]c(-c3cccs3)n2)cn1,-0.5139104127883911
base,Fc1ccccc1OCCCn1cnnc1SCCCSc1nc2ccccc2s1,-5.860631942749023
base,O=S(=O)(Nc1cccc(CCc2ccccn2)c1)c1ccc(Cl)c(C(F)(F)F)c1,-4.71551513671875
base,CNS(=O)(=O)c1cc(Cl)ccc1Cl,-4.1939215660095215
base,[O-][S+2]([O-])([c-]1[cH+][cH-][cH+][cH-][cH+]1)C(C[C+]1[CH+][CH-][CH+][CH-][CH+]1)N[C][S-],-2.639523983001709
base,C[C-]1[CH+][CH-][CH+][C+](n2[c+](N[N-][C-](C)[C][CH+][c-]3[cH+][cH-][c+](F)[cH-][cH+]3)[n-][c+]3[c+]2[c-]([O-])n(C)[c+]([O-])n3C)[CH+]1,-0.7292490601539612
base,NNC(=O)CCN1CCN(Cc2ccccc2)CC1,-2.1731622219085693
base,Nc1ccc(Cc2coc3ccccc3c2=O)cc1O,-1.3063929080963135
base,Cc1ccsc1C(=O)OCC(=O)N1CCOCC1,-2.8193233013153076
base,O=C(Oc1ccc(O)cc1)c1cccc(Nc2nc3ccccc3nc2NS(=O)(=O)c2cccc(Cl)c2)c1,-3.0897154808044434
base,C=CCNC(=O)O/N=C(\N)c1ccc(C(F)(F)F)cc1,-1.2562389373779297
base,COc1ccc([N+](=O)[O-])cc1-c1n[nH]c(=S)n1Cc1ccco1,-0.8762414455413818
base,CCNc1cc(-n2cccc2)ncn1,-4.547630786895752
base,COc1cc(/C=N/n2cnnc2)ccc1OC/C=C\Cc1ccccc1,-2.7816576957702637
base,O=C(CN1CCN(c2ccccn2)CC1)Nc1ccc2c(c1)OCO2,-1.601083755493164
base,Cc1ccc2[nH]c3c(c2c1)CCN(C)C3,-8.85532283782959
base,COC(=O)Cn1/c(=N/C(=O)c2cc(OC)cc(OC)c2)sc2cc(OC)ccc21,-0.7276332974433899
base,O=C(/C=C\c1ccccc1)N1CCCc2ccccc21,-9.141801834106445
base,COCCn1c(C)nnc1SCC(=O)Nc1nc2ccccc2s1,-0.9462084770202637
base,[O][C](N[C+]([CH][C]1[CH][CH][CH]O1)[C]([O])N[C]1[CH][C](N([O-])[O-])[CH][CH][C]1F)[C]1[CH][CH][CH]O1,-0.5790090560913086
base,N/C(=N/C1CCCCC1)c1cc2ccccc2nc1O,-1.8191860914230347
base,CNS(=O)(=O)c1ccc(C)c(S(=O)(=O)NCCc2ccccc2)c1,-0.40542277693748474
base,[NH-]N1CCCCCCCCCCN[C+]1[S-],-5.615315914154053
base,Nn1c(Cc2cccs2)nnc1SCC(=O)Nc1cccc(Br)c1,-1.0748831033706665
base,COCCOc1ccc(C(F)(F)F)cc1NC(=O)c1ccc(C(F)(F)F)cc1,-5.721338272094727
base,[CH2+]CCl.[N-2]P(N1CCOCC1)N1CCOCC1,-4.069043159484863
base,CN1C[CH+][CH-][C+](O)[CH-][CH+][C]CCN[C+]2[CH-][CH+][C+]([CH+][CH-]2)[C+]([O-])OC[C-]([O-])N[c-]2[cH+][cH-][cH+][c-]([cH+]2)[S+2]1([O-])[O-],-0.4023594856262207
base,NNc1nc2c(c(SCc3cccc4ccccc34)n1)CCCC2,-3.1080992221832275
base,CNC(=S)NNS(=O)(=O)/C=C/c1ccccc1,-1.4685635566711426
base,Clc1cc(Cl)cc([OH+]c2[c-]c(N3CCCCC3)nc(Nc3cccnc3)c2)c1,-6.004986763000488
base,CCC(=O)Nc1cc(C(F)(F)F)ccc1N1CCOCC1,-5.01884651184082
base,O=C(/C=C/c1ccoc1-c1ccco1)COC(=O)c1ccccc1,-2.491131067276001
base,CCCCn1nnc(NC(=S)NC(=O)c2ccc(-c3cccc(Cl)c3Cl)o2)n1,-1.5728594064712524
base,CCO[c+]1[cH-][c+](CCN[C-]([O-])C2CCN([S+2]([O-])([O-])[N-]CCOC)CC2)[cH-][cH+][c-]1OCC,-0.40910840034484863
base,N[C]([N][N][CH][C]1[CH][CH][CH][C](N([O-])[O-])[CH]1)[C+]([O])N[N][C]1[CH][CH]CCC1O,-0.5532432198524475
base,CC1CN([C]2[CH][CH][C]([C+]([O])N3CCCCC3)[CH][C]2N([O-])[O-])CC(C)O1,-0.9406117796897888
base,[O][C](NNS([O])([O])[C]1[CH][CH][C](N([O-])[O-])[CH][CH]1)C1CCN(C[C+]2[C](F)[CH][CH][CH][C]2Cl)CC1,-0.9407930374145508
base,CNC[C@@H](O)c1cccc(NC(=O)C(=O)NCc2ccco2)c1,-0.27092164754867554
base,O=[N+]([O-])c1ccc(-c2noc(COc3ccc(F)cc3)n2)cc1,-1.0835298299789429
base,CN/C(=C\c1ccc2c(c1)OCO2)C(=O)NCCCN1CCN(CCO)CC1,-0.5700021386146545
base,O=C(N/N=C/c1ccccn1)c1ccc(CN2CCOCC2)o1,-0.7704393267631531
base,CCOc1cc(NC(=S)Nc2ccccc2)c(OCC)cc1NC(=O)NCc1ccccc1,-3.240633010864258
base,Cc1c(C(N)=O)cnc2c1CC(C)(C)c1c-2n(C)c(=O)n(C)c1=O,-0.32391050457954407
base,O=C(c1cccs1)N1CCN(c2ccc3ccccc3n2)CC1,-5.9064249992370605
base,O=C(O)[C@@H](Cc1ccccc1)NS(=O)(=O)Cc1ccccc1,-0.7440100908279419
base,CCC(=O)NNc1nc(C)c2ccc(C)cc2n1,-1.8511652946472168
base,C[C@H](C(=O)NCc1cccnc1)N1C(=O)c2ccccc2C1=O,-0.8124695420265198
base,NNC(=O)CC(=O)NC1(Cc2ccc(O)cc2)CCCCC1,-0.3789229393005371
base,O=C(C/[S+]=C1\N=NC(c2cccc(N([O-])[O-])c2)=[O+]1)N1CCCC1,-0.38330045342445374
base,S=C(Nc1ccc(Cl)c(Cl)c1)N[C@@H]1C[C@H]2CCC[C@@H](C1)N2C1CC1,-8.849350929260254
base,CC[C-]([O-])N[C+]1=C[C]/C(=C2\[C@@H](CC(=O)OC)C(=O)C[C@]3([O-])[O+](C)[O+]23)C=C1,-0.5015595555305481
base,CN([C]1[CH][CH][CH][CH][CH]1)[C]1[N][C](NC[C]2[CH][CH][CH][CH][CH]2)[C](N([O-])[O-])[C+](N)[N]1,-0.5062618851661682
base,CN(C)c1ccc(NC(=O)CN2CCN(c3ccccn3)CC2)cc1,-3.193310022354126
base,[S-][c+]1[n-][c+](-[c+]2[cH-][cH+][cH-]s2)[n-]n1-[c+]1[cH-][cH+][cH-][cH+][cH-]1,-6.173828601837158
base,O=C([C@@H]1C[S@]2(=O)=C[C@H]12)N1CCCCC1,-5.402914047241211
base,O=S(=O)(NC[C@@H]1CCCO1)c1cccc2cccnc12,-1.592411994934082
base,O=C(NCCN1CCCC1)/C(=C/c1cccc2ccccc12)NC(=O)c1ccco1,-1.7630319595336914
base,CN(C)S(=O)(=O)N(CC(=O)N1CCC(Oc2ccc(S(=O)(=O)Nc3ccc4ccccc4c3)cc2)CC1)c1ccccc1,-1.6524832248687744
base,O=S(=O)(/C=C/c1ccccc1)N1CCN(c2ccccc2)CC1,-5.082621097564697
base,O=C(CCN1CCCCO1)N1CCC[C@H](Nc2ccc(F)c(F)c2)C1,-4.588136196136475
base,O=c1[nH]nc(SCc2ccc(Br)cc2Cl)[nH]1,-2.7304134368896484
base,[O-][C+](O)[C][CH+][C-]1[CH+]NC([c-]2[cH+][cH-][cH+][cH-][cH+]2)C(O)[C-]1[CH+]C[C-]([O-])NC1CCCOC1,-0.37838903069496155
base,O=S(=O)(N/N=C\c1nccc2ccccc12)c1ccc2c(c1)OCCO2,-0.5791996121406555
base,COc1ccc(-c2oc3c(CC=C(C)C)c(O)cc(O)c3c(=O)c2O)cc1,-1.458624005317688
base,S=C(NCc1ccco1)NC[C@@H]1CCCO1,-4.0094828605651855
base,CCC[P@@](=O)(CC)CCP(=O)(c1ccccc1)c1ccccc1,-7.51900577545166
base,N[C-](N)NCCCCC(N)[C+]([O-])O,-0.6098610758781433
base,CCOc1ccc2ccccc2c1C(=O)O,-4.352762699127197
base,Cn1c(=O)c2c(nc(N/N=C\c3ccco3)n2Cc2ccccc2)n(C)c1=O,-0.2909905016422272
base,CC(=O)N1c2ccc(S(=O)(=O)NCCc3ccc4c(c3)OCO4)cc2C[C@H]1C,-0.7697298526763916
base,COc1ccc(NC(=O)CS(C)(=O)=O)cc1,-1.2533199787139893
base,CO[c+]1[cH-][cH+][c-](OC)[c+](-n2[c+](S[CH-]N3CCN([c+]4[cH-][cH+][cH-][cH+][cH-]4)CC3)[n-][c+]3[cH-][cH+][cH-][cH+][c-]32)[cH-]1,-6.032881736755371
base,O=C([C@@H](O)c1ccc2ccccc2c1)N1CCCC1,-5.0078349113464355
base,COC1=C[CH-]/C(=C2\CNC(=O)[C@H]2C(N)=O)C=C1.[H+],-0.8776016235351562
base,CNCC(=O)NC(=O)N[C@@H](Cc1ccccc1)C(=O)O,-0.3522772490978241
base,N#Cc1ccccc1NC(=O)CSc1nnc(-c2ccncc2)s1,-0.895523190498352
base,O=C(Cc1ccccc1)NNc1nc2ccccc2o1,-1.9028397798538208
base,O=C(Nc1ccc(OC(F)(F)F)cc1)c1cnc(Cl)cn1,-2.5750434398651123
base,O=C1C(CCO)=CCC[C@]1(O)COCc1ccccc1Cl,-1.9278016090393066
base,COc1cc(/C=C2\C(=O)N(C)C(=S)N2C)cc(OC)c1OC,-3.3782241344451904
base,Cc1cc(OCC(=O)OC(C)C)c2c3c(c(=O)oc2c1)CCC3,-2.2439467906951904
base,O=C(CSc1nnc(-c2ccccc2)o1)N1CCCOC1,-1.6607179641723633
base,O=C(N[C@H](C(=O)Nc1cccc(C(F)(F)F)c1)c1ccccc1)c1ccccc1,-4.2794508934021
base,CN(C)NS(=O)(=O)c1ccc(NC(=S)NC(=O)c2ccccc2)cc1,-0.4577329456806183
base,OCCCOc1ccccc1F,-6.665806293487549
base,O=C(CCN1CCSCC1)c1[nH]nc2c1CCc1ccccc1-2,-3.9415037631988525
base,C=CCCC(=O)N(c1ccccc1)c1ccccn1,-6.767209529876709
base,CN(Cc1ccccc1)Cc1cnc(N2CCCC2)s1,-9.109329223632812
base,[H]/[O+]=N\C(=C=Cc1ccc([O-])[nH]c1=S)Cn1ccnc1,-0.5555975437164307
base,N#Cc1cc2c(nc1SCC(=O)c1cccnc1)CCCC2,-2.2936625480651855
base,CN(C(=O)Oc1ccc(Br)cc1)c1ccccc1C(=O)Cc1ccccc1F,-6.543533802032471
base,FC(F)Oc1cccc(Cc2noc(-c3ccccn3)n2)c1,-2.832641839981079
base,CO[c-]1[cH+][cH-][c+]([C+]([O-])N[c+]2[n-][cH+][cH-]s2)[cH-][c+]1OCOCCO[c-]1[cH+][cH-][cH+][cH-][c+]1[O-],-0.33781012892723083
base,CCOCCCNC(=O)c1cc(=O)[nH]c2ccc(S(=O)(=O)N3CCc4ccccc43)cc12,-0.5327853560447693
base,O=C(CSc1nnc(Cn2cncn2)o1)c1ccc(Cl)cc1,-0.7913997173309326
base,CN(S(=O)(=O)c1cccs1)S(=O)(=O)c1n[nH]c(=S)n1-c1ccc(Cl)c(Cl)c1,-0.997240424156189
base,C[c+]1o[c-]2[c+](CN(C[C-]3[CH+][CH-]OC3)[C-]([O-])[CH+][CH+][c-]3[cH+][cH-][cH+][cH-][cH+]3)[cH-][cH+][cH-][c+]2[c+]([O-])[c-]1C,-1.9977153539657593
base,Cc1cc(CCN2C(N)=NC[C@@H]2Cc2ccccc2)c(-c2ccccc2)n1Cc1ccco1,-4.1765947341918945
base,COCCn1c(SCC(=O)NCC2CCCCC2)nc2[s+]c3c(c-2c1[O-])CCCC3,-1.790338158607483
base,CCCCCn1c(NC2CCCCC2)nc2c1c(=O)[nH]c(=O)n2C,-0.8983762264251709
base,c1ccc(COCCCc2c[nH]cn2)cc1,-5.485517501831055
base,[O-]N([O-])[c+]1[cH+][cH-][cH+][c-]2[cH+][cH-]o[cH+][c-]12,-2.3729493618011475
base,O=C(O)CCCNC(=O)c1csc2ncccc12,-0.9575527310371399
base,CCCc1nc2ccccc2c(=O)n1CC(=O)N(C)C,-2.8118507862091064
base,Cn1cc(C(=O)COC(=O)CCc2nc3ccccc3c(=O)[nH]2)c2ccccc21,-0.6474482417106628
base,O=[N+]([O-])c1ccc(N2CCN(c3nccc4ccccc34)CC2)cc1,-2.7712302207946777
base,Clc1nc(Cl)nc(NCCC2=CCCCC2)n1,-4.239973068237305
base,CCCCCC([C+](N)[O-])N1CC1([O-])C(C[N-][C-]([O-])[c-]1[cH+][c-](OC)[cH+][cH-][c+]1OC)C(O)CN1CCC[C+]1[O-].[H+],-0.3689766228199005
base,O=S(=O)(NCC1CCN(c2ccccc2)CC1)c1cccs1,-3.922792434692383
base,O=C(Nc1nnc(SCc2ccccn2)s1)c1cccnc1,-1.1768418550491333
base,Cc1nc(NC(=O)CC(C)C)sc1C(N)=O,-0.7183903455734253
base,Cc1cc(C(=O)Nc2cccc(Cl)c2)nc(C)n1,-3.3645715713500977
base,NC(=O)NCCN1CCN(c2cc(C(F)(F)F)ccc2F)CC1,-2.2277748584747314
base,[O-][C+](O)CNCCCO[C-]1[CH+][C][C+](O[c-]2[cH+][cH-][cH+][cH-][cH+]2)[CH-][CH+]1,-1.1854768991470337
base,COc1ccc(/C=c2/sc3n(c2=O)C=CCN=3)cc1O,-1.9489545822143555
base,[CH2-][CH+][C-]([CH+][CH-]N1CCN(C)CC1)N1CCN([N-][CH+][c+]2[cH-][cH+][cH-][cH+][cH-]2)CC1,-7.203808307647705
base,Cn1cccc1C(=O)Nc1cccc(NC(=O)COc2ccccc2)n1,-0.8534087538719177
base,CC[C@@H]1C(=O)OC[C@@H]1Cc1ccc(F)cc1,-7.492796421051025
base,COCc1nc2c([nH]c3ccccc32)c(=O)n1CC(=O)CCc1ccco1,-0.7656387090682983
base,O=C(COc1ccccc1)N[C@H](CO)[C@@H](O)CN(c1ccccc1)S(=O)(=O)c1cccc(F)c1,-0.37061119079589844
base,CCCC[C@@]1(C(=O)OCC)O[C@@H](CSc2ncn[nH]2)OC1=O,-0.4376637637615204
base,O=C(CCC(=O)N(CC(=O)NC1CCCCC1)c1ccc(F)cc1)Nc1cc(Cl)ccn1,-1.5732052326202393
base,COCCCC(=O)Nc1nc(-c2ccc(F)cc2)c(C)s1,-4.121163845062256
base,N#CCC(=O)NCCc1ccc(OCCCCNC(=O)C(=O)O)cc1,-0.3465735912322998
base,CC[C@H](O)CNC(=O)CCc1nnc(OCc2ccccc2)o1,-0.33543357253074646
base,O=S(=O)(c1ccc(Cl)cc1)c1cccc2cccnc12,-4.706427097320557
base,O=C(CSc1nnc2c(n1)[nH]c1ccccc12)N1CCN(c2ccc(O)cc2)CC1,-0.5782132744789124
base,COc1cc(OC)cc(C(=O)NNC(=O)c2c(F)cccc2F)c1,-1.1022435426712036
base,C=C1OC(=O)N(CC)S1,-6.78279447555542
base,O[C@@H](CN1CCCCC1)CN1CCNCC1,-5.205429553985596
base,[H]/N=C(\NC)NCCC[C@H](N)C(=O)O,-0.5873671770095825
base,Nn1cc(Cc2ccc(-c3[nH]ncc3Br)cc2)nc1SCC(=O)Nc1nnc(CSCC(=O)O)s1,-0.9091197848320007
base,CN(C)S(=O)(=O)N1CCOCC1,-3.6292331218719482
base,O=C(CCc1nc(-c2ccccc2)no1)NCc1cccnc1,-0.9364868998527527
base,COc1cc(OC)cc(C(=O)NCCCc2ccccc2)c1,-4.2125244140625
base,N#CCCn1cnc2c(=S)nc[nH]c21,-1.570570468902588
base,COc1ccc([C@H](CN2C[C@H](C)C[C@H](C)C2)C(=O)N2CCCC2)cc1OC,-5.243272304534912
base,Cc1c(C(=O)n2nc(C(C)C)ccc2=O)nnn1-c1ccccc1,-0.7982772588729858
base,S=C(Nc1cccnc1)N[C@H]1C[C@@H]2CC[C@H]1C2,-5.664157390594482
base,CNP([N-][c+]1[n-][c+](-[c+]2[cH-][cH+][cH-][c+]3[cH-][n-][cH+][cH+][c-]23)[cH-]s1)[c+]1[cH-][cH+][cH-][cH+][c-]1F,-4.971146106719971
base,CCOC(=O)c1c(S(=O)(=O)NCC(=O)NCc2ccccc2Cl)c(C)n(C)c1C,-0.43647781014442444
base,O=S(=O)(N/N=C/c1c[nH]c2ccccc12)c1ccc(Br)cc1,-1.7571958303451538
base,C=C1C=C[CH-]C=C1.[O+]#P(Cc1ccccc1)c1ccccc1,-10.534446716308594
base,CCOc1ccccc1C(=O)Nc1cc2c(cc1C(=O)O)OCCCO2,-0.9257407784461975
base,C=C([CH2-])N=C=[N+](C)C(=O)/N=C/c1ccc(F)cc1,-4.478097438812256
base,COc1cccc(-c2nc(C(N)=O)c3[nH]c(=O)n(-c4ccc(F)cc4)c3n2)c1OC,-0.3661297857761383
base,COC(=O)CSc1nc(N)c(C#N)c(CC(C)C)c1C#N,-0.4726422429084778
base,CN(C[C@H]1CCCO1)S(=O)(=O)CC(=O)N1CCN(c2ccc(Cl)cc2)CC1,-1.513922929763794
base,FCCCOc1ccc(-c2nc(COc3ccccc3)no2)cc1,-3.6767261028289795
base,COc1cc(NC(=O)c2ccc3ccccc3c2)c(OC)cc1Cl,-5.4183549880981445
base,C[C]1[CH][CH][C-][C]([N-][C+]([O])[C]2[C]([O-])N2N2[N-]C23[C][C][C-][C]2[N][O+][N][C]23)[C]1Cl.[H+].[H+],-0.5624467134475708
base,O=S1(=O)CCN(Cc2ccccn2)CC1,-3.4318416118621826
base,O=C(c1cccc(C(F)(F)F)c1)[C@H]1CCCN(C(=O)c2cc(Cl)ncn2)C1,-3.0614802837371826
base,C[C@H]1O[C@H](Nc2ccc(C(=O)O)cc2)[C@@H](O)[C@@H](O)[C@@H]1O,-0.4130787253379822
base,COc1ccc(CC(=O)Nc2ccc3c(c2)n(C)c(=O)n3C)cc1OC,-1.1619482040405273
base,Brc1ccc(/C=C(\c2ccccc2)c2ccc3ccccc3n2)cc1,-13.681982040405273
base,COCc1ccccc1Cn1cnc2c1c(=O)n(C)c(=O)n2C,-1.3440340757369995
base,CN1[CH+][C+]([CH+]N[c+]2[cH-][cH+][c-](F)[cH+][cH-]2)[C-]([O-])N(C)[C-]1[O-],-1.9103697538375854
base,CCN(CC)[C-]([O-])C1CCCCC1[CH+]C1CCCN([C+]([O-])N[c+]2[cH-][cH+][cH-][cH+][cH-]2)C1,-2.3358542919158936
base,O=c1ccc([C@@H]2C[C@H]2c2cccs2)nn1Cc1cccc(Cl)c1,-6.943873405456543
base,COc1ccc(CCNC(=O)C2CCN(c3nnc(-n4cccc4)s3)CC2)cc1,-1.6455656290054321
base,CO[C+]1[C+]2[C][N-][C+]([c-]3[cH+][cH-][cH+][n-][cH+]3)[N-][C-]2[CH+][C-](OC)[C+]1OC,-1.723228096961975
base,O=C1C/C(=C/c2cccs2)SN1C(=O)Cc1ccccc1,-6.120632171630859
base,CCOC(=O)C1=C(N)Oc2cc(O)ccc2[C@@H]1c1ccccc1,-1.0350687503814697
base,CO[c-]1[cH+][cH-][c+]([S+2]([O-])([O-])N2[C-]([C+]3[CH-]N[S+2]([O-])([O-])[C+]([CH-][c+]4[cH-][cH+][cH-][cH+][cH-]4)[C+]3[O-])SC(C)C2C)[cH-][cH+]1,-0.4402029812335968
base,C[S@@+]([O-])c1nc(NCCCO)c2ccccc2n1,-0.761233389377594
base,COc1ccc(OC)c(S(=O)(=O)n2nnc3ccccc32)c1,-0.6463043689727783
base,O=C1Nc2ccccc2S[C@@H]1CC(=O)N1CCCC1,-3.632883071899414
base,C[N+]#C/N=C1/C=CC=C/[N+]1=[C-]\C=C/C=[C-]/[N+]#Cc1[c-]ncn(CCCOC)c1=O,-1.8003343343734741
base,Cn1c(N)c(C(=O)N2CCCCC2)s/c1=N/C(=O)c1ccc(Br)s1,-1.2296499013900757
base,COc1cc(/C=C/[S+]=c2\cc([O-])[nH]c(=O)[nH]2)ccc1O,-0.3541499376296997
base,[cH+]1[cH-][cH+][c-]2[cH+][cH-][c+]3[c-]([cH+][c-]4s[s+]34)[c+]2[cH-]1,-14.519447326660156
base,Fc1ccc(SCCc2ccccn2)cc1,-10.604907989501953
base,NNC(=O)c1cnn(-c2ccccc2)c1C1CC1,-1.2755413055419922
base,S=C(NC1CCCCC1)N1CCC2(CC1)OCCO2,-6.134283065795898
base,CO[c-]1[cH+][cH-][c+]([S+2]([O-])([O-])N(C)C[C-]([O-])N[C+]2[CH+][CH-][C+]([C-]([O-])n3[c+]([S-])[nH][c+]4[s+]3[CH+][CH+][N-]4)[CH-][CH+]2)[cH-][cH+]1,-0.33034369349479675
base,C[P@@](=O)(Oc1ccccc1)O[C@@H](c1ccccc1)C(F)(F)F,-7.719587326049805
base,C[c-]1[cH+][c-](C)[cH+][c-](CC(C[C+]([O-])N[C+]2[C+]3[c-]4[c+]([cH-][cH+][c-]5[cH+][cH-][cH+][cH-][c+]45)O[c-]4[cH+][cH-][cH+][cH-][c+]4C23[O-])[C-]([O-])O)[cH+]1,-0.8753980398178101
base,S=C(NC1CCCC1)NC1CC1,-7.802964210510254
base,NNC(=O)[C@H]1OCCCN1CC(=O)Nc1ccc(F)cc1F,-0.34424901008605957
base,CN(CC(=O)NCCc1ccccc1)S(=O)(=O)c1cccc2nsnc12,-0.3769306242465973
base,NS(=O)(=O)c1ccc(NC(=O)c2ccccc2F)cc1,-0.5188280344009399
base,CN(C)CC(C)(C)CNC(=O)COC(=O)c1ccccc1N1CCCC1=O,-0.9067845940589905
base,CCCc1cc(=O)oc2cc(OCC(=O)NCCCN3CCOCC3)ccc12,-0.824922502040863
base,Clc1ccc(-n2cccc2CN2CCOCC2)nc1,-6.626031398773193
base,O=C1CCC/C(=N\NC(=O)c2ccc(Cn3cccn3)o2)C1,-0.545016348361969
base,CN(CC(=O)Nc1nccs1)CC(=O)NC1CCCCC1,-1.168776035308838
base,COc1ccccc1N1CCN(Nc2ccc([N+](=O)[O-])cc2[N+](=O)[O-])CC1,-0.6355282664299011
base,CCCC(=O)N1N=C(c2cccs2)C[C@@H]1c1cccs1,-7.332151412963867
base,COc1ccc(CNC(=O)CCCN2CCCCC2=O)cc1OC,-1.768091082572937
base,NNC(=O)OCCc1ccccc1,-1.9686095714569092
base,CCOC(=O)c1sc2ncccc2c1Oc1ccccc1C(=O)OC,-2.1877243518829346
base,CN1CCN(S(=O)(=O)c2cccc(C(=O)N(C)CC(=O)c3ccc(-c4ccccc4)cc3)c2)CC1,-1.4858938455581665
base,CCOc1cc(C(C)=O)ccc1OCC(=O)NC1CCCCCC1,-2.69171404838562
base,COCC1CCN(CC#CCOc2cccc(C(=O)c3cccs3)c2)CC1,-5.857974052429199
base,[CH2+][C-](C)[N-]N[S+2]([O-])([O-])[C+]1[CH+][CH-][C+](C)[C-]([C-]([O-])OC[C+]([O-])C(C)(C)C)[CH+]1,-0.5453060865402222
base,S=C(NCc1ccco1)NC[C@@H]1CCCO1,-4.0094828605651855
base,CCCOc1ccc(Cl)cc1C(=O)O,-4.417733669281006
base,S=C(Nc1ccc(Br)cc1)N1CCCCC1,-10.282084465026855
base,COc1ccc(OC)c(NC(=S)NC(=O)c2ccc(Br)o2)c1,-1.827312707901001
base,CCCOc1ccc(S(=O)(=O)n2nc(-c3ccccc3)cc2N)cc1,-1.0349675416946411
base,O=C(Nc1ccc2c3c(cccc13)CC2)N1CCOCC1,-4.947883129119873
base,COc1ccc(NC(=O)C2CCN(C(=O)c3ccc4nccnc4c3)CC2)cc1,-1.061413288116455
base,O=C(O)CC1=[S+][C@H]2CC2=C/C1=C(\[O-])N[C@]12C[C@H]3C[C@H](C[C@H](C3)C1)C2,-1.5247586965560913
base,NS(=O)(=O)c1ccc(CCN(CC2CCCCC2)C(=O)c2ccc(Cl)nc2)cc1,-1.2410322427749634
base,CC[C@@H](C(=O)Nc1ccc(Cl)cc1)S(=O)(=O)c1ccc(F)cc1,-2.8748483657836914
base,COc1cc(S(=O)(=O)N2CCCCCC2)ccc1F,-4.156254768371582
base,O=C(NCc1ccncc1)C(c1ccccc1)c1ccccc1,-5.265777111053467
base,Fc1ccc(NC(=S)c2ccco2)cc1,-7.973291873931885
base,[O-][c+]1[n-]s[n-][c+]1CO[c+]1[cH-][cH+][cH-][cH+][cH-]1,-2.275770902633667
base,COc1ccccc1C/C(N)=N/OC(=O)/C=C/c1ccccc1,-1.5137196779251099
base,Cc1cccc(N2CCN(C(=O)[C@@H]3C[C@@H]3c3ccc(C(F)(F)F)cc3)CC2)c1,-9.10344409942627
base,CCO[C-]([O-])C([C+]([O-])N([O-])[O-])N(CC)CC.[H+],-0.45086386799812317
base,CCC1CC[C+](C([C-](C)[O-])[P+]([O-])([C+]2[CH+][CH-][CH+][CH-][CH+]2)[c-]2[cH+][cH-][cH+][cH-][cH+]2)[N-]C1.[H+],-3.03277587890625
base,COc1cccc(C(=O)OCc2ccccc2)c1OS(=O)(=O)c1ccc(Cl)cc1,-2.3323850631713867
base,CCOc1c2ccc(C(=O)OC)cc2nn1CC,-3.2331769466400146
base,O=C(N/N=C/c1c[nH]c2ccccc12)[C@@H]1CCCO1,-1.8050786256790161
base,C[C@@H]1CN(Cc2ccccc2)C(=O)[C@H]1CC(=O)NCCc1ccccc1,-4.00339412689209
base,COc1ccc([C@@]2(Cc3c(F)cccc3Cl)CCCN(C)C2)cc1OC,-9.629073143005371
base,C[C@H]1CC[C@@]2(O[C@H](CCO)C[C@@H](O)[C@@H]2O)O1,-1.0945543050765991
base,Nc1nc(SCC(=O)N2CCCCCC2)[nH]c(=O)c1NC(=O)c1cccs1,-0.46089187264442444
base,CCOC(=O)COC(=O)c1c(C)[nH]c(=O)n(C)c1=O,-0.4344230592250824
base,CCCN1CCN(c2ncccc2C#N)CC1,-4.386160373687744
base,COc1ccc2c(c1)nc(NCCO)n2-c1ccccc1,-2.5826756954193115
base,NC(=O)C[S@+]([O-])[C@@H](C(=O)Nc1cccc(C(F)(F)F)c1)c1ccc(F)cc1,-0.7089893221855164
base,CCS(=O)(=O)N1CC[C@@H](C(=O)N2CCC3(CC2)OCCO3)C1,-1.2325496673583984
base,CCOC(=O)c1cc2c(nc1NC(=S)Nc1ccccc1)CN(CC)CC2,-2.4265542030334473
base,O=C(O)[C@@H](c1ccccc1)C1(O)CCCCC1,-2.9432756900787354
base,O=[N+]([O-])c1cccc(S(=O)(=O)N2CCN(Cc3ccco3)CC2)c1,-0.35764139890670776
base,O=c1ccnc2[nH]c(=S)n(Cc3ccccc3F)n12,-2.9288225173950195
base,CC(C)CO[P@@](=O)(Oc1ccccc1)N(C)C,-5.72318696975708
base,O=C(NNS(=O)(=O)c1ccc(Br)cc1)[C@H]1C=COc2ccccc21,-0.8479538559913635
base,CCCN(CCC)C(=O)CCN1C(=O)[C@H]2CC=CC[C@H]2C1=O,-2.876675605773926
base,COc1ccccc1N1CCN(Cc2nnc(-c3ccc(Cl)cc3)o2)CC1,-3.701122760772705
base,S=C(Nc1ccc2c(c1)OCO2)Nc1nc(-c2ccco2)cs1,-2.585145950317383
base,C[C@@H](/[S+]=c1\nc(N)cc([O-])[nH]1)C(=O)Nc1cccc(Cl)c1,-0.3207787871360779
base,FC1=CC2[C@H]3C/C=[O+]\CC/N=C(\[c-]4ccc[s+]4)[CH-]C23C=C1,-8.476926803588867
base,CN(C)C1(CNC(=O)Cc2ccccc2[N+](=O)[O-])CCCCC1,-1.345522403717041
base,COc1cccc(/C=N/NC(=O)CCCCC(=O)NNC(=O)c2ccco2)c1O,-0.30301812291145325
base,O/N=C(/c1ccccc1)c1cc2ccccc2[nH]1,-4.384622573852539
base,O=C(CCNCc1ccc(Cl)c(Cl)c1)CCc1ccccc1,-8.295625686645508
base,NC(=O)CC1(CC(=O)O)CCCCC1,-0.9884436130523682
base,O=C(CCOc1ccccc1)Nc1cccnc1,-3.4725699424743652
base,C[C@@H](NC(=O)c1ccn(C(=O)Nc2c(F)cccc2F)n1)c1ccccc1,-1.934315800666809
base,CCOc1ccccc1NC(=O)CSc1cccc2cccnc12,-4.567512512207031
base,S=c1[nH]nc(-c2ccccn2)n1CCc1nc2ccccc2s1,-3.3231022357940674
base,NC(=O)COCC[C@]12C[C@H]3C[C@H](C[C@H](C3)C1)C2,-3.472613573074341
base,O=c1c2ccccc2nc(CCCCO)n1-c1ccccc1,-3.1572799682617188
base,N#Cc1c(C(F)(F)F)cc(C2CC2)nc1SCC(=O)Nc1nccs1,-2.017707586288452
base,[H]/N=C(/N)SCc1ccc(OCC)c(OC)c1,-1.800707459449768
base,NNC(=O)CNCc1ccccc1,-1.728859543800354
base,N#CSc1ccc(OCc2ccc(S(=O)(=O)Nc3ccccn3)cc2)cc1,-1.4825035333633423
base,CCCc1cc(=O)[nH]c(=S)[nH]1,-3.8881936073303223
base,O=C(Cc1ccc(S(=O)(=O)N2CCc3ccccc3C2)s1)N1CCOCC1,-1.771284818649292
base,CC(=O)c1ccc(OC[C@H](O)CN(C(C)C)C(C)C)cc1-c1ccccc1,-4.857154369354248
base,COCCCN1C(=O)/C(=C\c2cc3c4c(c2)CCCN4CCC3)C(=O)NC1=S,-2.3274903297424316
base,[NH-][c+]1n(CCC[N-]C[c+]2[cH-][cH+][cH-][cH+][c-]2Br)[c+]2[cH-][cH+][cH-][cH+][c-]2n1CCO,-3.7017643451690674
base,CCC(=O)NNc1nc2c(c(=O)n(Cc3ccccc3)c(=O)n2C)n1C,-0.2751031219959259
base,Fc1ccccc1-c1nc(NCCN2CCOCC2)c2ccccc2n1,-3.904860258102417
base,NCCCC[C@@H](c1nnnn1CCc1c[nH]c2ccccc12)N1CCCC1,-0.8220070600509644
base,Clc1ccccc1Cc1ccc2n1CCCN2,-9.78547477722168
base,CO/N=C(\c1ccc(F)cc1)c1cccc(F)c1,-8.739864349365234
base,CCn1c(SCC(=O)Nc2cc(C)on2)nnc1-c1ccccc1OC,-0.7534178495407104
base,N#CCCn1cc(/C=C/C=C/c2ccccc2)c(-c2ccccc2)n1,-6.726878643035889
base,Brc1ccccc1-c1nnc(CSc2nnc3sc4ccccc4n23)o1,-3.5091183185577393
base,O=C(OCC(=O)N1CCCC1)C1CCN(S(=O)(=O)c2ccccc2F)CC1,-0.717472493648529
base,N/C(=N/OC(=O)c1ccccc1)c1nonc1N,-0.33326247334480286
base,COc1ccc(OCc2nn3c(Cn4nnc5ccccc54)nnc3s2)cc1,-0.6513816118240356
base,C/C(Cc1ccccc1)=N\NC(N)=O,-1.7153633832931519
base,C[C@H]1C[C@@H](CCC(=O)N2CCCC[C@H]2CO)C(=O)O1,-1.9006917476654053
base,OCCCCCNC1[CH-]COCCC1,-4.8048095703125
base,COc1cc([C@]2(O)CCCN(C(=O)CN3C(=O)NC4(CCCC4)C3=O)C2)cc(OC)c1OC,-0.39063283801078796
base,O/[C-]=C1/C(O)=Cc2c(NCc3cccs3)ccnc21.[H+],-2.61124324798584
base,CCOc1ccc(CCNC(=O)CN2CCOC2=O)cc1OCC,-1.0428520441055298
base,COc1cccc(S(=O)(=O)Oc2ccc(-c3nnn(CC(=O)Nc4ccc(C(C)=O)cc4)n3)cc2)c1,-0.7077460289001465
base,COc1ccc(/C(C)=N/Nc2ccccc2Cl)cc1Br,-7.7662272453308105
base,Fc1ccc(-c2nnn(Cc3ccccc3Cl)n2)cc1,-4.917314052581787
base,Nn1cnnc1N/N=C\c1cc(=O)[nH][nH]1,-0.5274367332458496
base,Fc1ccccc1-c1nnc(SCc2cnc(-c3ccccc3)o2)o1,-3.632772445678711
base,O=C(CN(c1ccc(F)cc1)S(=O)(=O)c1ccccc1)N1CCOCC1,-1.7607022523880005
base,O=C(c1ccc2c(c1)OCCO2)C1CCN(C(=O)Nc2ccccc2F)CC1,-2.4530954360961914
base,Clc1cc(Br)cc(Br)c1OCCNC1CCCC1,-9.953856468200684
base,COc1ccccc1OCCC(=O)OCC(=O)NC1=[S+]C=C/C1=C/[O-],-0.3026457130908966
base,COc1cccc(-c2[nH]ncc2CN2CCN(c3ccccn3)CC2)c1OC,-1.9928486347198486
base,Cc1n[nH]c(=O)n1Cc1ccccc1,-3.4267075061798096
base,COCCn1c(C)cc(C(=O)COC(=O)c2n[nH]c3ccccc23)c1C,-0.8621032238006592
base,Brc1ccc(Nc2ncnc3c2cnn3Cc2ccccc2)cc1,-4.162810802459717
base,CNC(=O)c1cnc(-c2ccccc2)nc1/[S+]=C1\C=CC(=[N+]([O-])[O-])C=C1Cl,-0.4718150496482849
base,COc1cc2c(cc1NC(=O)COC(=O)c1ccccc1NC(N)=O)oc1ccccc12,-1.2279019355773926
base,Cc1cc(-c2nc3c(O)cc4ccccc4c3o2)ccc1N,-2.5258891582489014
base,CCC[C@@H](Sc1nc(C)cc(C)c1C#N)C(=O)Nc1ccccc1C,-3.5007424354553223
base,O=Cc1cc(Br)ccc1/N=C/c1cccnc1,-5.2123799324035645
base,CO/[C-]=C/C=[N+]1/C(=O)C[C@H]([S+]=c2cccc[cH-]2)C1=O,-3.9219272136688232
base,FC(F)Oc1ccccc1NC(=S)NCCc1c[nH]c2ccccc12,-4.90256929397583
base,O=C(NCc1ccccc1)C(=O)NC[C@H]1OCCN1S(=O)(=O)c1cccnc1Cl,-0.26789590716362
base,O[C@@]1(Cc2ccccc2F)CCCC[C@H]1N1C=Cc2ccccc2C1,-9.18979263305664
base,O=C(NCCCOc1ccccc1)c1cn(-c2ccccc2)nc1-c1ccccc1,-4.4068684577941895
base,CCNCC(=O)Nc1ccccc1C(=O)OC,-1.629457712173462
base,COc1ccc(S(=O)(=O)O/N=C2\CCCc3ccccc32)cc1,-2.38948655128479
base,CC(=O)c1c[nH]c(C(=O)Nc2c(C)n(C)n(C/C=C/c3ccccc3)c2=O)c1,-0.9110599160194397
base,CN(C)c1cccc(C(=O)Nc2ccccn2)c1,-4.237771511077881
base,O=[N+]([O-])c1ccc(CNc2ccc(F)cc2)s1,-3.611961841583252
base,COc1ccc(-c2nnc(-c3cccs3)o2)cc1OCCn1ccnc1,-1.9417245388031006
base,Fc1ccccc1COc1ccc(OC(=S)N2CCOCC2)cc1Br,-7.5065484046936035
base,O=S1(=O)N[C@H]([C@H]2C[C@@H]2c2ccccc2)CCO1,-2.8485491275787354
base,CCC(=O)NC1=[S+]C2=C(CCCCC2)/C1=C(/[O-])NNC(=O)c1cc(C)oc1C,-0.4720059335231781
base,COc1ccc(OCCn2cc(C(C)=O)c3ccccc32)cc1,-5.697600364685059
base,NS(=O)(=O)OCCCc1ccccc1,-1.5284286737442017
base,COCCNC(=O)[C@@H]1N2C(=O)c3ccccc3[C@H]2SC1(C)C,-2.5380661487579346
base,S=c1[nH]nc(-c2cccs2)n1CCCn1ccc2c1CCCCC2,-6.883342266082764
base,Cc1ccc(-c2nc(NC(=S)NC(=O)[C@H]3CCCO3)sc2C)cc1,-2.7140493392944336
base,O=C(CN1CCN(c2cccc(Cl)c2)CC1)c1ccc(F)cc1,-8.341107368469238
base,CO[c-]1[cH+][cH-][c+]([N-]CCCCN2C[C+]([O-])N[c-]3[cH+][cH-][cH+][cH-][c+]32)[cH-][cH+]1,-2.715710401535034
base,COc1cc(OC)c(OC)cc1CC(=O)Nc1nncs1,-0.7267299294471741
base,O=C(C[P@](=O)(N1CCCC1)N1CCC[C@H](C(=O)NC2CCCC2)C1)Nc1ncc(C(F)(F)F)cc1Cl,-2.2221364974975586
base,Cc1cc(C)n2nc(SCC(C)C)nc2n1,-4.735375881195068
base,NC(=O)NCCCN1CCN(c2cccc(Cl)c2)CC1,-2.1796529293060303
base,O=c1cc(CN2CCCCC2)occ1Oc1ccc(Cl)cc1[N+](=O)[O-],-1.6795837879180908
base,O=C(C[S+]=C1C=CC(=[N+]([O-])[O-])C=C1)NNC1=NCCS1,-0.4623323380947113
base,COc1cc2cc3cc(C(=O)N4CCC(C(N)=O)CC4)oc3nc2cc1OC,-0.4623365104198456
base,NS(=O)(=O)c1ccc(CCNC(=O)C2CCN(c3nc(-c4ccccc4)nc4c3oc3ccccc34)CC2)cc1,-1.558064579963684
base,CCCCN(c1ccccc1)S(=O)(=O)N(C)C,-4.9051666259765625
base,[H+].[S-][C+](Cl)[N-][c+]1s[cH+][cH-]n1C1CC[c-]2[cH+][cH-][cH+][cH-][c+]2C1,-10.428443908691406
base,CNC[C@H](O)CN(Cc1ccccc1)C1CCCCC1,-5.792446613311768
base,FC(F)Oc1cccc(/N=C/c2sc(N3CCOCC3)nc2-c2ccccc2)c1,-5.758928298950195
base,c1cncc(-c2nnc(SCCC3OCCO3)o2)c1,-1.5392522811889648
base,COCCOC(=O)c1[nH]c2c(c1C)C(=O)C[C@@H](c1cccs1)C2,-2.1383140087127686
base,O=C(c1cc(Cl)ccc1[N+](=O)[O-])N1CCOCC1,-1.4176270961761475
base,O=C(O)c1ccc(N(CCO)S(=O)(=O)c2ccc(Br)s2)cc1,-0.6263768672943115
base,O=C(OCCOc1ccccc1)c1ccc([N+](=O)[O-])c(Cl)c1,-1.6520291566848755
base,O=[N+]([O-])c1cccc(/N=N\Nc2ccc(SC(F)F)cc2)c1,-2.8582520484924316
base,OCCCC/C=N/OC[C@H](O)CO/N=C/c1ccccc1,-0.7374916076660156
base,COc1cc(C)c(N(Cc2ccccc2F)S(=O)(=O)c2ccc(C)cc2)cn1,-3.616852283477783
base,Clc1ccc2c(c1)CCC[C@@H]2N1CCN(Cc2cccs2)CC1,-12.872426986694336
base,N#Cc1nc(COc2cccc(Cl)c2)oc1NCc1ccco1,-1.690073013305664
base,NC(=O)c1cccc(COc2cccc(F)c2)c1,-3.4357903003692627
base,COc1ccccc1CNc1nc2c(c(=O)n(C)c(=O)n2C)n1CC(=O)c1ccc(Br)cc1,-0.5800321698188782
base,Brc1cccc(OCCCNCc2ccccc2)c1,-9.191640853881836
base,O=[N+]([O-])c1ccccc1SCCOCCOc1ccccc1OCO,-0.9677957892417908
base,O=c1[nH]c(=O)n(CCC2=CCCCC2)c2c1C=C1[CH-]C=C[S@SP1+]1O2,-2.301584005355835
base,COCCN1C(=O)C(=O)/C(=C(/O)c2ccc(S(=O)(=O)N3CCOCC3)cc2)[C@@H]1c1cccnc1,-0.31035470962524414
base,COc1ccc(OC)c2[nH]c(=O)c(CCNS(=O)(=O)c3ccc4c(c3)oc(=O)n4C)cc12,-0.2532629668712616
base,Clc1ccc(Cc2ccccc2Cl)nn1,-7.982517719268799
base,O=C(/C=C/c1ccc(-c2ccc(C(=O)O)cc2)o1)Nc1nnc(C(F)(F)F)s1,-1.5227710008621216
base,O=C(COc1ccc(Cl)cc1Cl)N1CCCCCC1,-7.542364597320557
base,CN(C)c1ccc(/C=C(\C#N)C(=O)NC[C@H]2CCCO2)cc1,-1.9258986711502075
base,O=C(CCCc1n[nH]c(=O)n1-c1ccccc1)N1CCCCCC1,-1.5950355529785156
base,NNS(=O)(=O)C1=CC(=[N+]([O-])[O-])/C(=[S+]\c2ccccn2)C=C1,-0.3465735912322998
base,COCC/N=C(\S)N(C)Cc1ccccc1,-7.557910442352295
base,COc1cc(Cc2nn(C)c(=O)c3ccccc23)cc(OC)c1OC,-2.2890801429748535
base,Cc1ccc(F)cc1Nc1nc(NC[C@H]2CCCO2)nc(C)c1C#N,-1.4291352033615112
base,CC(C)CN1CCN(CC2=Cc3cc(Br)ccc3OC2)C[C@H]1CCO,-6.142812252044678
base,NS(=O)(=O)N1CCN(c2ccccc2)CC1,-1.7123721837997437
base,NS(=O)(=O)c1cccc(NS(=O)(=O)c2ccccc2)c1,-0.3111392557621002
base,COc1cc(-c2csc(N3CCCC3)n2)ccc1O,-4.543905258178711
base,CCOc1ccccc1/C=C/c1onc(C)c1S(=O)(=O)N1CCC(C(N)=O)CC1,-0.5409493446350098
base,COc1ccc(NC(C)=O)cc1S(=O)(=O)NC1=NCN(c2nccc(C)n2)CN1,-0.2505078613758087
base,Clc1ccc2[nH]c3ccccc3c2n1,-7.408642768859863
base,Cc1ccc(C(C)C)c(OCC(=O)Nc2ccc(Br)cn2)c1,-4.6116108894348145
base,NC(=S)NC(=O)/C(=C\c1ccccc1)NC(=O)c1ccccc1,-0.7025333046913147
base,NS(=O)(=O)c1ccccc1/N=C\c1cn(S(=O)(=O)c2ccccc2)c2c(c1=O)CCCC2,-0.4976813793182373
base,Cn1nc(C(=O)Nc2ccc3nnc(CCNC(=O)c4ccccc4)n3n2)c2ccccc2c1=O,-0.3129197955131531
base,O=[N+]([O-])c1ccc(N2CCN(S(=O)(=O)c3ccc(Cl)c(Cl)c3)CC2)cc1NCCN1CCOCC1,-0.8690856099128723
base,O=S(=O)(NC[C@H](c1ccco1)N1CCCC1)C1CCCCC1,-2.458601236343384
base,SCCOC(c1ccccc1)c1ccccc1,-11.568120956420898
base,O=C(CCCCCCNCCCOc1cccc(O)c1)NO,-0.6112359166145325
base,O=C(C[C@]1(O)C(=O)N(CCc2ccccc2)c2ccccc21)c1ccccn1,-1.9219017028808594
base,CCCCN(C(=O)c1ccccc1C)c1ccc(F)cc1,-9.857584953308105
base,[O-][C+]([C][CH+][C+]1[CH+][CH-][CH+]N1CCO[c-]1[cH+][cH-][cH+][cH-][cH+]1)[c+]1[cH-][cH+][cH-][c+](N([O-])[O-])[cH-]1,-0.8239915370941162
base,CCOc1ccc(-c2nn(C)c(=O)c3ccccc23)cc1F,-4.722583770751953
base,O=C(O)CCc1ncsc1CCC(=O)c1ccc2ccccc2c1,-2.8248507976531982
base,CC[C@H](C)NC(=O)CCC(=O)N[C@@H]1[C@H](C)OC2=C[CH-]c3ccccc3C2[C@H]1C.[H+],-2.511378288269043
base,CN(C)CC(=O)N(c1ccc2c(c1)OCCO2)[C@@H](C(=O)NC[C@H]1CCCO1)c1ccccc1,-0.9619222283363342
base,N#CN(CC(=O)N1CCOCC1)c1ccccn1,-1.5010725259780884
base,C[N-][C+]([O-])NC(O)CO[c+]1[cH-][cH+][cH-][cH+][cH-]1,-0.9204840660095215
base,CCOC[C@H]1NC(=O)N(C)C1=O,-2.604461193084717
base,CC[C@@H](C)OC(=O)Nc1cccc(F)c1,-5.718564033508301
base,CO[C][C+]1[C-]2[C-]1[N+]21[N-][C+](N([O-])[O-])[C-](C)[C+]1N.[CH2+][C+]1[CH+][CH-][CH+][CH-][CH+]1,-0.5698986053466797
base,O[C@](CNC[C@H]1CCCO1)(c1ccccc1)c1ccc(F)cc1,-5.019106864929199
base,COc1ccccc1N1CCN(c2ccnc3cc(Cl)ccc23)CC1,-7.877091407775879
base,CC(=O)O[C@@H]1CC[C@H](n2nccc2NC(=O)c2cccnc2)OC1,-0.4069667160511017
base,CCO[C@H](Oc1cc2c(c3ccccc13)OC=C(c1nccs1)O2)C(=O)OC,-2.0445098876953125
base,CNP(=S)(N(C)C)N(C)C,-8.836058616638184
base,NS(=O)(=O)c1ccc(NN=C2CCCCC2)c([N+](=O)[O-])c1,-0.5389066934585571
base,CCOc1ccccc1/C=C\c1ccccn1,-8.738679885864258
base,CO[C]1[CH][CH][C](N2[CH][C](N([O-])[O-])[C+](N([O-])[O-])[CH+]2)[CH][CH]1,-0.46952927112579346
base,N/C(C/[S+]=C1/C=CC=CC1=[N+]([O-])[O-])=N\O,-0.5236772298812866
base,CN(CC(=O)Nc1sc2c(c1C#N)CCCCC2)Cc1nc2[s+]ccc-2c([O-])[nH]1,-0.853172779083252
base,CCON1C(=O)N[C@@H](c2cccs2)C2=C1CC(C)(C)CC2=O,-3.215850591659546
base,NS(=O)(=O)c1ccc(-c2csc3ncnc(N4CCCC4)c23)cc1,-0.7214884757995605
base,CCc1ccccc1Nc1nc(N)nc(COC(=O)c2ccccc2)n1,-0.7998971939086914
base,O=C(CSc1ccc(Cl)cc1)Nc1ccccc1C(=O)N1CCCC1,-4.808190822601318
base,O=[N+]([O-])c1cc(-n2nnc3ccccc32)ccc1F,-1.4521293640136719
base,COc1ccccc1OCCN1CCOCC1,-6.262741565704346
base,Cc1ccc(CNC(=O)[C@@H]2CCCN2S(=O)(=O)c2cccc3nonc23)cc1,-0.3739335238933563
base,COC(C[C@H]1O[C@H]1[C@@H](O)COCc1ccccc1)OC,-2.3034958839416504
base,O=C(CCCc1cccc2ccccc12)NNC(=O)c1ccccc1O,-1.5402272939682007
base,O=C(NCc1cn2ccccc2n1)Nc1ccc2ccccc2c1,-3.3948445320129395
base,[O][C](CO[C+]1[CH][CH][C]([N+]([O])[O-])[CH][CH]1)NN[C]([O])N[C]1[CH][CH][C](N([O-])[O-])[CH][CH]1,-0.5078098773956299
base,Cc1ccc(NC(=O)COc2ncnc3sccc23)cc1S(=O)(=O)N(C)C,-0.41046690940856934
base,[S-][c+]1[cH-][c+](-[c+]2[cH-][cH+][cH-][cH+][cH-]2)[n-][c+]2[n-][cH+][n-]n12,-3.859616756439209
base,[CH2+]CN(C)CC[N-]S(=O)(=O)c1cc(NC(=O)c2ccc(Cl)nc2)ccc1C,-0.8791705965995789
base,[CH2-]CCCC/C=[N+]1\C(=O)C(=O)NC[C@H]1Cc1cccc2ccccc12,-3.9562809467315674
base,COc1ccc(OC)c(/C=C/C(=O)Nc2ccc(S(=O)(=O)Nc3nccs3)cc2)c1,-1.053297996520996
base,O=[C-]N([N-]CC[N+]1=c2cc(Cl)ccc2=[O+]C1=O)c1ccccn1,-0.8777715563774109
base,NNC(=O)[C@H](Sc1ccccc1Cl)n1cncc1Cl,-1.5010720491409302
base,O=C(CNc1ccc([C@]23C[C@H]4C[C@H](C[C@H](C4)C2)C3)cc1)Nc1cccc(NC(=O)c2ccccn2)c1,-3.534271717071533
base,Cc1ccc(OCCSc2ncccn2)cc1,-6.056910991668701
base,O=[N+]([O-])c1cc(NC(=S)NCCCN2CCOCC2)c2ccccc2c1,-1.1828268766403198
base,c1cn(CCCNC2=NCCCCC2)cn1,-4.677802562713623
base,C[C+]([C][N-2])[O+]1CN1N(C)[C][CH-]N[c+]1[cH-][cH+][cH-][cH+][c-]1[C+](N)[O-],-0.39793944358825684
base,[O][C]1[C-]2[S+][CH][CH][C]2[N][CH]N1C[C][NH2+]CCN1CCCCC1,-2.823106527328491
base,FC(F)C(Cl)CN([C][N-][C+]([N-][C]OCC(F)(F)F)[C+]1[CH+][CH+][C-]([c+]2[cH-][cH+][cH-][cH+][cH-]2)O1)CC(F)(F)F,-6.750034809112549
base,C[C@@H]1CN(c2c(F)c(F)c3c(=O)c(C(=O)O)cn(C4CC4)c3c2F)C[C@H](C)N1,-1.4789618253707886
base,O=S(=O)(NCCCN1CCOCC1)c1ccc(F)cc1F,-2.4867305755615234
base,CCC(=O)N/C(=N\c1ccccc1)SCC(=O)NC(=O)c1cccc2ccccc12,-1.608080267906189
base,CCCC(=O)Nc1c2c(nn1-c1cccc(Cl)c1)CS(=O)(=O)C2,-1.1322869062423706
base,O=C(CCN1CCN(c2ccccc2)CC1)N/N=C\Cc1ccccc1,-3.913726806640625
base,O=C(C/[S+]=c1\nc2c(c([O-])n1-c1cccc(F)c1)SCC2)NC[C@H]1CCCO1,-0.8827473521232605
base,Cc1ccc(CC(=O)Nc2ccc(C(=O)NC[C@@H]3CCCO3)cc2)cc1,-2.1414272785186768
base,COc1cc(NS(=O)(=O)c2cccs2)ccc1N/N=C1\C(=O)Nc2ccc(Br)cc21,-1.4345498085021973
base,O=S(=O)(NCCCN1CCOCC1)c1ccc2ccccc2c1,-2.4756202697753906
base,O=c1[nH]c2cc(Cl)ccc2o1,-4.184055805206299
base,CCOc1ncccc1CNC(=O)CCc1cccs1,-3.660271406173706
base,COc1ccc(C(=O)Nn2cnnc2)cc1OC,-0.912450909614563
base,O=S(=O)(c1ccc(-n2cnnc2SCc2ccc(F)cc2)cc1)N1CCOCC1,-1.30841064453125
base,Nc1ncnc2c1ncn2CCNCc1ccn[nH]1,-0.4167019724845886
base,NNC(=O)Nc1cccc(C(F)(F)F)c1,-1.8409497737884521
base,C[O+][C]([O-])[C]1[C][N][C]2[CH][CH][CH][N]C2([C]2[CH][CH][CH-][C]([O+]C)[C]2O)[CH][C]2CCCC[C]21.[H+],-0.6300159692764282
base,COc1ccc(-n2ncc3c(NCCN4CCOCC4)ncnc32)cc1,-0.933999240398407
base,CCOc1ccc(CCNC(=O)c2cc(C)oc2C)cc1OCC,-3.111902952194214
base,CN1CN(Cc2ccc(Cl)cc2)C(=S)N[C@H]1c1ccc(F)cc1,-9.588913917541504
base,CC(C)N1C(=O)N(c2cccc(Cl)c2)[C@](C)(O)CC1(C)C,-5.367256164550781
base,Nn1c(COCc2ccccc2)n[nH]c1=S,-1.613817572593689
base,COc1cc([N+](=O)[O-])cc(Cc2c(C)[nH]c3ccccc23)c1O,-1.359763741493225
base,COCc1nc2[s+]c3c(c-2c([O-])n1N)CCC3,-1.0875147581100464
base,CC([CH-]O[c+]1[cH-][cH+][nH][c+]([O-])[c-]1N([O-])[O-])[C+]([O-])N[C+]1[CH+][CH+][C-](N[C+]([O-])[c+]2[cH-][cH+][cH-]o2)[CH+][CH-]1,-0.32668542861938477
base,Nn1cnc2c(cnn2C2CCCCC2)c1=O,-0.9980804324150085
base,CCO[c-]1[cH+][cH-][cH+][cH-][c+]1CN1CCN[C-]([O-])C1C[C+]([O-])[N-][C+]1[CH+][C+]([S+2]([O-])([O-])N2CC(C)CC(C)C2)[CH-][CH+][CH-]1,-0.4090692102909088
base,O=C(SCCO)c1ccc[nH]1,-3.254667043685913
base,CNC[C@@H](O)c1ccccc1,-6.164466381072998
base,COc1ccc(OC)c(C(=O)Nn2c3c(c(=O)c4ccccc42)CCCC3)c1,-2.020512580871582
base,Cn1nc(C2CCN(C(=O)c3ccccc3)CC2)cc1/C=N/OCc1ccc2ccccc2c1,-4.427185535430908
base,COc1ccc(C2CC(=O)C(=CNCCCN3CCOCC3)C(=O)C2)cc1,-1.7050886154174805
base,Cc1c(NC(=O)[C@H]2CCCN(CCc3ccccc3N)CC2)c(=O)n(-c2ccncc2F)n1C,-0.653538167476654
base,COCCOC(=O)C1=C(C)N(Cc2ccc3c(c2)OCO3)C(=O)N[C@H]1C1=Cc2c(C)cccc2OC1,-1.143492579460144
base,O=C(CCCn1nnc(-c2ccc(Cl)cc2)n1)c1ccc(F)cc1,-3.2451794147491455
base,FC(F)(F)c1cnc(N2CCN(c3nccs3)CC2)c(Cl)c1,-6.883343696594238
base,Clc1cccc(OCCCn2cncn2)c1,-5.114962100982666
base,C[C@@H](NC(=O)N[C@]12C[C@H]3C[C@H](C[C@H](C3)C1)C2)C(=O)N1CC[C@@H](N2CCCC2)C1,-2.300595760345459
base,O=C(Nc1ccncc1)Nc1ccccc1OCc1ccc2c(c1)OCO2,-1.794435739517212
base,O=[N+]([O-])c1c(NC2CCCCC2)ccc2nonc12,-0.8473496437072754
base,CC(C)=[C-]/[S+]=c1/c(C)n[c-]2ccccn12.[H+],-9.326574325561523
base,COc1ccc(NS(=O)(=O)c2cc3ccc(=O)oc3c3ccccc23)c(OC)c1,-1.1827542781829834
base,CCOc1ccccc1NC=C1C(=O)N(C)C(=O)N(C)C1=O,-0.8756327629089355
base,NNC(=O)/C=C/c1ccco1,-1.6714491844177246
base,COCCNC(=O)c1ccc(N2CCOCC2)c(NS(=O)(=O)c2ccc(F)cc2)c1,-0.3646533489227295
base,[CH2+]CN(CC[N-]CCCC(=O)c1ccc(F)cc1)C(=S)Nc1ccc(F)cc1,-5.755856513977051
base,O=[N+]([O-])c1ccc(N2CCN(C(=S)Nc3ccc(F)cc3)CC2)cc1,-2.801018476486206
base,NS(=O)(=O)c1ccc(NCc2cc(=O)oc3ccc(O)cc23)cc1,-0.3464925289154053
base,O=P(OC1CCCCC1)(OC1CCCCC1)OC1CCCCC1,-7.669955253601074
base,O=[N+]([O-])c1ccc(N2CCN(c3ccc(O)cc3)CC2)cn1,-0.8168260455131531
base,COc1ccccc1N1CCN(S(=O)(=O)c2ccc(F)cc2)CC1,-3.620884418487549
base,F/C(=N/N=C\c1ccccc1)c1ccc2ccccc2c1,-9.00689697265625
base,Cn1nc(C(=O)OCC(=O)Nc2cccc(Cl)c2)c2ccccc2c1=O,-0.5928492546081543
base,Cn1c(SCC(=O)N2CCc3ccccc32)nnc1-c1cccs1,-3.8640828132629395
base,NC(=O)N[C@H](Cc1ccccc1)C(=O)NC[C@@H]1CCCO1,-0.38233697414398193
base,COCCC[N-][C+]([O-])C1N2[C+]([O-])[c+]3[cH-][cH+][cH-][cH+][c-]3C2SC1(C)C,-1.2838516235351562
base,[O-]c1c2ccccc2n/c(=[S+]\Cc2ccc(Cl)cc2)n1CCCN1CCOCC1,-3.602386474609375
base,O=[N+]([O-])c1ccc(Br)cc1CNC1CCCCC1,-3.914201259613037
base,O=C(NC1CC1)c1cc2cc(F)ccc2o1,-4.794999599456787
base,Cc1ccc(CC(=O)NCCCOC(C)C)cc1,-5.378113269805908
base,O=S(=O)(c1ccc(F)cc1)c1ccc(Cl)cc1,-6.463382720947266
base,C[C@@H](O)CNc1nc2c(c(=O)n(C)c(=O)n2C)n1CCc1ccccc1,-0.3275529742240906
base,COc1ccc(C(=O)Oc2ccc(-c3nnc(-c4ccccc4)o3)cc2)cc1OC,-2.234902858734131
base,Cc1nc(-c2ccccn2)nc(N(C)c2ccccc2)c1Cl,-5.8116679191589355
base,Nc1nnc(SCc2ccccc2)s1,-3.5148255825042725
base,COc1ccccc1OCC(=O)NCc1cccnc1,-2.255359172821045
base,CCSCCC(=O)NCCN(Cc1cccc2ccccc12)[C@H](C)CC,-7.687124729156494
base,CCCC(=O)NNC(=O)CCC(=O)Nc1ccccc1OC,-0.3036380708217621
base,CCOc1cc(N(CC)CC)ccc1C=C(C#N)C#N,-3.02238130569458
base,CNCCc1c[nH]cn1,-4.987985610961914
base,CN1CCN(C(=O)CN2C=[C+](/C([O-])=C3\[C]C=C(N(C)C)C=C3)C(=O)c3ccccc32)CC1,-1.4360584020614624
base,[CH2+]CCCN[C-]([O-])[CH+]O[CH-]N[c+]1[cH-][cH+][cH-][cH+][c-]1OC,-1.8039578199386597
base,CC1(C)CC(Nc2nc(/[O+]=[C-]/C(F)(F)F)nc(N3CCOCC3)n2)CC(C)(C)N1,-0.8624474406242371
base,[CH2][CH][C][C]1[CH][C]([S+][C]2[CH][CH][CH][CH][N]2)[CH][C]2COC[N+]([C-][S])[C]12,-6.899510383605957
base,CN(/N=N/c1ccc(/C=N/O)cc1)C1CCCCC1,-3.2846338748931885
base,NC(=S)N/N=C1\C[C@@H](c2cccs2)Oc2ccc(F)cc21,-2.8290207386016846
base,Clc1ccc(-c2cc(C3CCNCC3)[nH]n2)c(Cl)c1,-5.811247825622559
base,[S-][C]S[C+]([N-][C+]1[CH+][CH-][C+](Cl)[CH-][CH+]1)N1CCOCC1,-7.493401050567627
base,COc1ccc([C@@H]2CCCN2)cc1Cl,-8.54332160949707
base,COc1cc(/C=C/C(=O)Nc2ccccc2C(F)(F)F)cc(OC)c1OC,-3.9871773719787598
base,O=C(Nc1ccc(F)cc1F)c1n[nH][c-]c1CC/[N+](=C\c1ccc(F)cc1)C(=O)N1CCCCC1,-1.999119758605957
base,[O-][C]/[C+](=N/Nc1ccc(Br)cc1)Sc1nnnn1C1CCCCC1,-0.8993212580680847
base,Cc1cccc(N2C(=O)N(Cc3ccccc3)c3cc4ccccc4cc3[C@]2(O)C(=O)NCc2ccco2)c1,-3.456500768661499
base,CN1CCN(C(=O)C2(NC(=O)Nc3cccc(Cl)c3)CCCCC2)CC1,-2.362377882003784
base,O=C(NNS(=O)(=O)c1ccccc1)c1ccc(O)cc1O,-0.3356229364871979
base,O=C(NCc1cccn1Cc1ccccc1F)c1cccc(Nc2nc3ccccc3s2)c1,-5.435102939605713
base,CN(C)S(=O)(=O)c1ccc(Nc2ccc3c(c2)OCCO3)nc1,-0.823256254196167
base,CNCCCNCCCNCc1ccccc1,-5.514453887939453
base,Clc1ccc2nc(Nc3ccc(Br)cc3)nc(-c3ccncc3)c2c1,-6.19325065612793
base,CCCCN(CCCC)CCNC(=O)c1ccc(COc2ccccc2)cc1,-6.432669639587402
base,O=S(=O)(c1ccc(F)cc1)N(Cc1cccc(Cl)c1)C1CCCC1,-6.8558478355407715
base,COc1ccccc1CNC(=O)OCc1ccc(F)cc1,-4.355795383453369
base,O=C(c1ccccc1)c1ccc(CCc2ccccc2)n1C(=O)CCC(=O)N1CCOCC1,-2.4755945205688477
base,Fc1ccccc1CNC[C@H]1CCCO1,-8.293801307678223
base,S=C(NCC1CCCC1)N1CCc2ccccc2C1,-9.908026695251465
base,Oc1ccc2nc(N/N=C/c3cc4ccccc4o3)sc2c1,-2.63189959526062
base,O=S(=O)(NC[C@@H]1CCCO1)c1cc(Cl)ccc1Cl,-3.1551871299743652
base,CCCCn1c(CCC(=O)O)ccc1-c1cccs1,-5.661338806152344
base,COC(=O)CN1C(c2ccc(OC)c(OC)c2)=Nc2cc(Cl)ccc2[C@H]1c1ccccc1,-4.2301716804504395
base,COc1ccccc1[N@H+]1C2=[N+]=S([O-])([O-])=C3C=CC=C[C-]3[S@+]21,-1.1705398559570312
base,COCCN1Cc2cccc(C(=O)NC(C)C)c2C1=O,-2.502058506011963
base,OCC[C@@H]1C[C@@H](O)[C@H](O)[C@@H](CC2=Cc3ccccc3OC2)O1,-0.9006988406181335
base,Clc1ccc(-n2nnnc2Cc2nnc(N3CCOCC3)s2)cc1,-0.8255297541618347
base,Cc1ccc(C)c(N[C@@H](CC(=O)c2ccc(Cl)cc2)C(=O)OCC(=O)c2ccccc2)c1,-3.6733930110931396
base,NNC(=O)c1ccc(COc2ccc([N+](=O)[O-])cc2)o1,-0.359982430934906
base,N#CCc1ccc(S(N)(=O)=O)cc1F,-0.7629842758178711
base,O=C(NNc1ccc2ccccc2n1)c1ccc(O)cc1,-1.4703547954559326
base,CC(=O)c1ccc(S(=O)(=O)NCc2ccncc2)cc1,-1.085605502128601
base,Nc1nc(SCCc2ccncc2)nc2nc3c(cc12)CCCC3,-1.5417448282241821
base,N#C/C(=C(N)\C=N\C[C@@H](O)CO)c1nc2ccccc2[nH]1,-0.33748167753219604
base,CCOc1cc(C(=O)c2ccc3ccccc3c2)ccc1O,-5.101092338562012
base,[C]1[CH+][CH-][CH+][C]NC2S[C-]2[N-][C+]2[CH+][CH-][CH+][CH-][C+]2CCC1,-8.094796180725098
base,Cc1ccc(S(=O)(=O)N2CCN(c3ccccc3)CC2)cc1C(N)=O,-0.6489108800888062
base,[CH2+]C1CCCCN1[c+]1[n-][c+]2[n-]o[n-][c+]2[n-][c-]1NC(C)CC,-0.6551987528800964
base,CCOc1cc(/C=C/C(=O)NO)ccc1OC(=O)c1ccco1,-0.526589035987854
base,COc1ccc([C@@H](OC(=O)c2cc(C)nc3ccccc23)C(=O)N2CCCC2)cc1,-2.617530584335327
base,COc1ccc(NC(=O)CSc2ccc3nnc(-c4cccs4)n3n2)cc1,-1.4889717102050781
base,CN(C)/N=N/c1cccc(-c2ccc(N3CCOCC3)cc2)c1,-5.664928436279297
base,OCCN1CCN(C/C=C/c2ccccc2)CC1,-7.074758529663086
base,O=C1Nc2ccccc2O[C@H]1[C@@H](C(=O)NNc1cccc2ccccc12)c1ccccc1,-2.2795135974884033
base,CCC(CO)NC[c-]1[cH+][cH-][c+](OC[C-]([O-])[N-]C2[CH+]C2)[cH-][cH+]1.[H+],-0.9383906126022339
base,O=C(NC[C@H]1CCCO1)c1ccc(=O)n(CCCCc2ccccc2)c1,-2.628699779510498
base,NC(=S)CN1CCC(c2nc3ccccc3[nH]2)CC1,-2.6627790927886963
base,COC(CNc1cc(C)nc2c(-c3ccccc3C)c(C)nn12)OC,-2.9044253826141357
base,Cn1cc(CN2CCC(C(=O)N3CCc4ccccc4C3)CC2)c(-c2cccc(Cl)c2)n1,-6.1095147132873535
base,[CH2+]CS([O])([O])[C]1[CH][CH][C](F)[CH][C]1[C][N+]N[C][O-],-0.7298839092254639
base,O=C(O)c1cccnc1SCc1ccc([N+](=O)[O-])cc1,-0.8886517882347107
base,COCCNC(=O)CCC(=O)N1C[C@H](C(=O)O)CC(c2cccs2)=N1,-0.3570646345615387
base,O=C(NCCc1ccccc1)c1ccc(NC(=S)N/N=C/c2ccc(-c3cccc([N+](=O)[O-])c3)o2)cc1,-2.4428019523620605
base,Clc1ccc(OCc2nc(-c3cnccc3Cl)no2)cc1,-3.3358073234558105
base,Clc1ccc(SCCOCn2cnc3ccccc32)cc1,-8.41042423248291
base,COc1ccc(NC(=O)CCC/N=C2C(=N\O)\C(=O)N(C)C(=O)N\2C)c2ccccc12,-0.46173638105392456
base,[CH2-]CCOC[CH+][CH+]CCCCCCNC[C-]([O-])NN,-0.9154242277145386
base,CCC(=O)Nc1ccc(-c2nnc(-c3ccco3)o2)cc1,-1.3769830465316772
base,NS(=O)(=O)c1ccc(NCc2ccccc2)cc1,-1.3900939226150513
base,O=C(c1ccco1)N1CCN(CCOc2ccc(F)cc2)CC1,-4.11024808883667
base,CN1C(=O)C(=Cc2ccc(C(F)(F)F)cc2)C(=O)N(C)C1=O,-2.7814061641693115
base,CN(C)S(=O)(=O)Nc1ccc2c(c1)OCCO2,-1.6271895170211792
base,COc1ccc(C(=O)CN2CCN(Cc3ccc(C)o3)CC2)cc1OC,-3.090502977371216
base,Cc1cc(C)c(/C=C/c2nc3ccccc3s2)cc1O,-7.6689605712890625
base,O[C@@H](Cc1ccc(Cl)cc1)Cc1ccccn1,-6.3742218017578125
base,O=S(=O)(N/N=C(/c1ccccc1)c1ccccc1Br)c1ccccc1,-3.715331792831421
base,[N-2][N-][N-][C+]([C+]1[CH+][CH+][CH-][CH+][CH-]1)C1CCCN([C+]([O-])[c+]2[cH-][cH+][cH-][cH+][c-]2Cl)C1,-2.039928674697876
base,COc1cc(NC(=O)c2ccco2)c(OC)cc1NC(=O)CCC(=O)Nc1ccc(OC)c(OC)c1,-1.2825154066085815
base,COc1ccc(Br)cc1CCC(=O)N1C[C@@H](C)C[C@@H]1C,-7.434000015258789
base,O=S(=O)(Cc1c(Cl)cccc1Cl)c1cccc2nn(-c3cccc(Cl)c3)nc12,-4.202106952667236
base,Cc1nc(N/C(=N\S(=O)(=O)c2ccccc2)c2ccccc2)nc2ccccc12,-1.8244987726211548
base,COCC[N-][C+]([O-])S[c+]1[cH-][cH+][cH-][c+]2[cH-][cH+][cH-][n-][c+]12,-2.3488316535949707
base,S=c1[nH]nc(-c2oc(/C=C/c3ccccc3)nc2-c2cccs2)o1,-3.8531618118286133
base,CCCn1c(N2CCN(C(=O)N(CC)CC)CC2)nc2ccccc21,-4.650042533874512
base,O=C(COCC(=O)OF)Nc1cccc(C(=O)c2ccccc2)c1,-0.9064906239509583
base,CN(CCCN1CCCCC1)CCOc1ccc(F)cc1,-9.717727661132812
base,Nc1c(C(=O)Nc2ccccc2CCc2ccccc2)c2nc3ccccc3nc2n1Cc1cccnc1,-2.959359884262085
base,CC(=O)OCCCNS(=O)(=O)OCOS(=O)(=O)c1ccccc1,-0.35566550493240356
base,[H+].[H+].[N-]=N[NH-],-2.824108600616455
base,CN1C(=O)/C(=C\NC2CCCCC2)C(=O)NC1=S,-2.324497938156128
base,CCOc1ccccc1C(=O)NNC(=O)CCc1cccnc1,-0.8267573714256287
base,NC(=O)OCn1cnc2c1c(=O)[nH]c(=O)n2CCc1ccccc1,-0.30370569229125977
base,O[P@TB7]12(Oc3ccccc3)[OH+][C@@H]1[O+]2CC1CC1.[O-][P-]N1CCSC1,-1.5524548292160034
base,NNC(=O)c1sc2nc(-c3ccco3)cc(-c3cccs3)c2c1N,-0.9994428753852844
base,COc1cc2c(Nc3ccc(N4CCCCC4)cc3)ncnc2cc1OCc1ccccc1,-5.316349506378174
base,CC#[N+]c1cc[c-]c2c1nc1c3ccccc3ccn21.NC([O-])=C1CCN([C-]=O)CC1.[H+].[H+],-1.016891598701477
base,N[c-]1[cH+][cH-][c+]2[nH][cH-][c+]([N-][N-][C+](O)O[c+]3[cH-][cH+][cH-][cH+][cH-]3)[c-]2[cH+]1,-1.3829994201660156
base,NC(=O)c1ccc[n+]([C@H]2O[C@@H](COP([O-])O[C@H](CO)[C@H](O)CO)[C@H](O)[C@@H]2O)c1,-0.42440199851989746
base,N[P@](=O)(OCC(F)(F)F)Oc1ccccc1,-2.566732883453369
base,[O-][c+]1[cH-][cH+][cH-][cH+]n1C1(O)[CH-]CCC[C+]1[N-]O,-0.7945165634155273
base,NS(=O)(=O)c1ccc(NNC(=O)c2cc3ccccc3o2)cc1,-0.3585137128829956
base,COc1cc2c(cc1C1CCN(CCSc3ccccc3)CC1)OCCO2,-7.667064666748047
base,O=[N+]([O-])c1cc(S(=O)(=O)N2CCOCC2)ccc1NC1CC1,-0.3794182538986206
base,CCCCCCCc1cc2ccccc2nc1-c1ccco1,-10.211030960083008
base,COCCN1CC[C@@H](CCc2ccc3c(c2)OCO3)NC1=O,-2.3984286785125732
base,[O-][S+3]1([O-])([N-][C-]([c+]2[cH-][cH+][c-](F)[cH+][cH-]2)N2CCOCC2)CO1,-0.629569947719574
base,O[C@H](C#Cc1ccccn1)c1cccs1,-6.1222686767578125
base,Cl[c-]1[cH+][cH-][cH+][cH-][c+]1OC[c-]1[n-][n-][c+]2n3n1C3CC[N-][CH+][N-]2.[H+].[H+],-1.5811518430709839
base,COc1cccc(/C=C2\SC(=S)N(NS(=O)(=O)c3ccccc3)C2=O)c1OC,-0.9487807750701904
base,N[S+2]([O-])([O-])[c-]1[cH+][cH-][c+](CCN[C-]([O-])CS[C+]2[N-][C+]([O-])[CH+][C+]([O-])N2)[cH-][cH+]1,-0.38879823684692383
base,CN(C)S(=O)(=O)Nc1ccc(Br)cc1F,-3.6936652660369873
base,[S-][c+]1[cH-][cH+][cH-][cH+][c-]1[C+]1[N-]CCCN1[N-][CH+][c+]1[cH-][cH+][cH-][cH+][cH-]1,-7.3089752197265625
base,O=c1c(Cl)c(Cl)cnn1-c1ccccc1,-5.985482692718506
base,[O-]N([O-])[C+]1[CH-][C+](N([O-])[O-])[CH-][C-]([S+2]([O-])([O-])[NH2+][S+2]([O-])([O-])[c+]2[cH+][cH+][cH+][cH+][cH-]2)[CH-]1,-0.3973087966442108
base,Cc1ccc(OCCN2C(=O)Cc3cccc(C(=O)O)c32)cc1,-2.008422613143921
base,O=C(OCc1ncc(-c2ccccc2)o1)c1cnccn1,-1.1501327753067017
base,NC(=O)N[C@]12C[C@H]3C[C@H](C[C@H](C3)C1)C2,-3.0881381034851074
base,O[C@@H](COc1ccc2ccccc2c1)CN1CCOCC1,-4.575493335723877
base,CCOC(=O)c1sc(NC(=S)NC(=O)c2ccccc2)c2c1CC(C)(C)OC2,-2.037283182144165
base,NC(=S)N[N+]#C/C=C\c1[c-]cc(Cl)cc1,-4.7708845138549805
base,CCOc1ccc(S(=O)(=O)N2CCN(c3cccc(F)c3)CC2)c2cccnc12,-2.604268789291382
base,Nc1ccc2[nH]c3c(c2c1)CCCC3,-4.996927261352539
base,O=C1CCC[C@H]2c3[nH]c4ccccc4c3CCN12,-5.847484588623047
base,Clc1ccc(OCCn2ccnc2)c2ccccc12,-7.872796058654785
base,C/C(=N\O)[C@@H](C)Nc1cccc(Br)c1,-4.8114118576049805
base,CC(=O)Nc1ccc(-c2nnc(SCC(=O)Nc3sccc3C#N)n2N)cc1,-0.45998767018318176
base,NCCN1[CH-][CH+][CH-][CH+][C][CH+][CH-][CH+][C]NCC1,-4.823025226593018
base,O=C(CSc1nnc(CNC(=O)c2cccs2)o1)NC1CCCCC1,-0.6345437169075012
base,Cc1ccccc1[C@@H]1c2[nH]c3ccccc3c2CCN1Cc1ncc[nH]1,-5.085486888885498
base,O=C(COc1cccc2ccccc12)NO,-2.49261212348938
base,COCCCN1C(=O)c2ccc(C(=O)Nc3ccc(OC)c(OC)c3)cc2C1=O,-0.6084502339363098
base,O=C(CCN1C(=O)c2ccccc2C1=O)Nc1ccc2nc[nH]c2c1,-0.44775068759918213
base,CCC(=O)N1C[C@H](OC(=O)c2c(F)cccc2Cl)C(=O)c2cnc(-c3ccccc3)nc21,-1.5991237163543701
base,CCCOc1ccccc1OCCc1ccc(S(=O)(=O)N2CCCCC2)cc1,-4.049696445465088
base,NS(=O)(=O)c1ccccc1NC(=S)Nc1ccccc1Cl,-1.0502201318740845
base,O=C(c1ccco1)N1CCN(S(=O)(=O)c2ccccc2)C1,-1.3615314960479736
base,CSc1cn(S(=O)(=O)c2ccccc2)c(C(C)=O)c1C,-3.161020517349243
base,O=C(c1ccc(NC(=S)Nc2cc(C(F)(F)F)ccc2Cl)cc1)N1CCCC1,-6.642327785491943
base,O=C(C1=NN[C@@H]2C(=O)N(c3cccc(C(F)(F)F)c3)C(=O)[C@H]12)C(c1ccccc1)c1ccccc1,-1.923689603805542
base,CN1CCc2c(sc(NC(=O)c3nc(-c4cccs4)no3)c2C#N)C1,-0.7915729284286499
base,[CH]C1([O-])[C-]([c+]2[n-][c+](N3CCCCCC3)[n-][c+]([CH2+])[c-]2C)[C+](O)N(C)[C-]([O-])N1C.[H+].[H+],-0.36548295617103577
base,Cc1ccc(OP(=O)(Nc2c(C)n(C)n(-c3ccccc3)c2=O)Oc2ccc(C)cc2)cc1,-3.9171345233917236
base,O=C(O)c1ccccc1C(=O)C(=O)c1cccc2nnc3ccccc3c(=O)c12,-0.7224770188331604
base,CCCOc1cc2c(cc1OCC)/C(=[C-]/C(=O)O)NC(C)=C2C(=O)Nc1ccccc1.[H+],-1.5228161811828613
base,S=C(Nc1cccc2ccccc12)N[C@H]1CCSC1,-8.385133743286133
base,COCc1cc(/C=N/Nc2nnc(Cc3ccccc3)c(=O)[nH]2)ccc1OC,-0.5043047070503235
base,[O-][C+](O)[c-]1[cH+][cH-][cH+][cH-][c+]1[C-]([O-])NCC[C+]1[CH+][N-][C+]2[CH-][CH+][CH-][CH+][C+]2[N-][C][C+]2[CH-][CH+][CH-][CH+][C+]2[N-]1,-0.5870651006698608
base,OCC1(Cc2ccc3ccccc3c2)CCN(Cc2cccc3cnccc23)CC1,-7.514876842498779
base,CCCOC(=O)c1[nH]c2c(c1C)C(=O)C[C@@H](c1cccs1)C2,-3.453256368637085
base,O=C(CSc1nnc(-c2ccccc2)c2ccccc12)NNC(=O)c1ccco1,-0.9700640439987183
base,CCN(CC)CCNC(=O)c1ccc(C[S@+]([O-])Cc2cccc(Cl)c2)o1,-2.275146722793579
base,COc1ccc(C(=O)N[C@@H](C)[C@@H]2CCCO2)cc1OC,-2.769953727722168
base,O=S(=O)(NCCCSc1ccccc1)C1CCCCC1,-4.6591973304748535
base,Cc1nnc(NC(=O)c2ccc3ccccc3n2)o1,-0.8895962834358215
base,[CH][c+]1[c+]2[cH-][cH+][cH-][cH+][c-]2[c+]([O-])o[c-]1[CH+][C]OCCC(C)N[S+2]([O-])([O-])[c-]1[cH+][cH-][cH+][cH-][cH+]1,-0.8792761564254761
base,CC(=O)N1c2ccc(S(=O)(=O)N3CCC[C@H]3C(=O)Nc3cccc(C)c3)cc2C[C@H]1C,-1.0438225269317627
base,NC(=O)c1ccsc1NC(=O)COC(=O)COc1ccc(F)cc1,-0.32999297976493835
base,COc1cccc(CNS(=O)(=O)c2ccc3c(c2)oc(=O)n3C)c1,-0.38444754481315613
base,O=C(CCCN1CCOCC1)c1ccc2c(c1)OCCO2,-3.7628931999206543
base,O=C([C@H]1CCCO1)N1CCN(c2ccc(F)cc2)CC1,-6.048084259033203
base,CCCC(=O)NNC(=O)c1cccc(F)c1,-2.5968821048736572
base,CO/C([O-])=C1\SC=C\C1=[S+]\CC(=O)Oc1cccc(OC)c1,-1.5977656841278076
base,CN/C(NC(=O)c1ccc(Cl)cc1)=C1/C(=O)N(C)c2ccccc21,-2.4944005012512207
base,O=C(CSc1cccc(NS(=O)(=O)c2ccccc2)n1)Nc1ncn[nH]1,-0.33058425784111023
base,[CH2+]CC[C-]1[CH+][C-]([O-])O[c-]2[cH+][c-](O[C+]([O-])[c+]3[cH-][cH+][c-](F)[cH+][cH-]3)[cH+][cH-][c+]21,-2.0193371772766113
base,CCc1cc2cc3c(cc2nc1SCC(N)=O)OCO3,-1.2714017629623413
base,COc1ccc(N2CCN(S(=O)(=O)c3cccc4nsnc34)CC2)cc1,-1.1426341533660889
base,CCOc1ccc(CC(=O)Nc2cccc3ccccc23)cc1OCC,-5.469605445861816
base,O=C(NCCCN1CCCC1=O)C1CCN(S(=O)(=O)N2CCOCC2)CC1,-0.5115618705749512
base,Cc1cc(OCCCCCN/C=C/C(=O)O)ccc1-c1nc2ccccc2[nH]c1=O,-1.1049776077270508
base,COc1cc(O)c([C@H](CCN2CCCC2)c2ccc3c(c2)OCO3)c(OC)c1,-3.176740884780884
base,O=[N+]([O-])c1ccc(/C=N/c2ccc(Cl)cc2)s1,-4.021285533905029
base,[H]/N=c1/c2c(C)[nH]nc2nc(S)n1-c1cccc(OCC)c1,-1.040844202041626
base,FC(F)Sc1ccc(NC(=S)N2CCN(c3ccccn3)CC2)cc1,-7.2199249267578125
base,NN/C(N)=N\Cc1ccc(Br)cc1,-1.1879513263702393
base,CNNCc1cccnc1,-5.44835901260376
base,O=[SH](=O)c1nc(COc2ccccc2)nn1CCO,-0.3685167133808136
base,Cc1noc(C(=O)O)c1-c1ccc2[nH]c(=O)ccc2c1,-0.5269377827644348
base,S=C(N[C@@H]1C[C@H]2CC[C@@H]1C2)N1CCN(Cc2ccccc2)CC1,-9.090242385864258
base,COc1ccc(CNC(=O)C2(c3ccc(Br)cc3)CCCC2)cc1,-6.639650821685791
base,COc1cc(=O)n(C)c2ccccc12,-6.20421838760376
base,CCOP([O-])OCC.O=C(N/C=c1\ccc2c(c1)OC[O+]=2)Nc1cccc(Cl)c1,-0.5613219738006592
base,CC(=O)c1ccc(N2CCN(c3ncccn3)CC2)c([N+](=O)[O-])c1,-0.46973803639411926
base,CC(=O)c1cc([C@@H](C2=C/C(=C(\C)[O-])[S+]=C2)c2ccc(C)cc2)cs1,-5.777260780334473
base,CCOc1ccc2cc(-c3csc(-n4ncc(C)c4-c4ccc(C)cc4)n3)c(=O)oc2c1,-4.215208053588867
base,S=C(NCCOc1ccccc1)Nc1ccccc1,-6.399916648864746
base,O=C(NCc1ccccc1)c1onc(CSc2ccc(F)cc2)c1C(=O)NCc1ccccc1,-2.5571584701538086
base,[CH2-]CCCCC/C=[NH+]/C(=O)CSC(=S)N(C)c1ccccc1[N+](=O)[O-],-1.2891278266906738
base,O=C1N(S(=O)(=O)c2ccccc2)/C(=N/N=C\F)SC1(CO)CO,-0.3784519135951996
base,O=C(CCCN1C(=O)c2ccccc2C1=O)N1CCN(Cc2cccc(OCc3ccccc3)c2)CC1,-2.4927566051483154
base,CCN/N=C(/C=C/c1ccco1)C(=O)Nc1ccccc1C,-2.249701499938965
base,FC(F)(F)c1cccc(-c2ccc(/C=N/n3c(COc4ccccc4)n[nH]c3=S)o2)c1,-4.255668640136719
base,Nc1ccc2c(c1)nc(CCCC(=O)O)n2Cc1c(F)cccc1Cl,-1.7698335647583008
base,Cc1ccc(S(=O)(=O)NC2CC2)c(C)c1,-4.106486797332764
base,COCCCNC(=O)c1cccc(S(=O)(=O)N2[C@H](CCOC)CCC[C@@H]2OC)c1,-0.5336185097694397
base,[O][N+]([O-])[C]([CH][C](Cl)N([O-])[O-])[C+](N1CCCCC1)N1CCCCC1,-0.6682144403457642
base,OC1(C#CCN2CCCCC2)CCCCC1,-8.027216911315918
base,COc1ccccc1OCCC(=O)OC(C)(C)C,-4.51889705657959
base,Cc1cc(Cl)ccc1N/C(=N\S(=O)(=O)c1cccs1)c1ccccc1,-4.380744934082031
base,CC(C)(O)C(O)C(O)CNCC[CH-][c+]1[cH-][cH+][cH-][cH+][cH-]1,-1.3131757974624634
base,CN1CCN(CCOc2ccc([N+](=O)[O-])cc2)CC1,-2.4508049488067627
base,O=C1Nc2ccccc2[C@@]1(O)CCO,-1.5154554843902588
base,CN(Cc1ccc2c(c1)OCO2)C(=O)NC1CC[CH-]CC1.[H+],-3.7810492515563965
base,[CH2+]C(C)(C)n1[n-][c-](C)[cH+][c+]1N[C+]([O-])CO[C-]([O-])[c+]1[cH-][cH+][c-](OC)[cH+][cH-]1,-0.30026009678840637
base,COc1ccc(N2CC[C@@H](CNC(=O)Nc3ccccc3)C2)cc1,-3.608020544052124
base,CO[c-]1[cH+][cH-][c+]2[c-](C)[cH+][c+](S[CH-][C+]3[CH-][N-][CH+][CH+]S[C][N-][C+]3N([O-])[O-])[n-][c-]2[cH+]1.[H+],-2.3944098949432373
base,CO[C]1[CH][C][C]([S+3]([O-])([O-])N(C)C(C)(CO[C]([O])[C]2[CH][CH][C](O)[CH][CH]2)[C]([O])O)[CH][CH]1,-0.529063880443573
base,COc1ccc(N2C[C@H](C(=O)Nc3nc4ccccc4n3CCOC(C)C)CC2=O)c(OC)c1,-0.9941815137863159
base,Clc1cc(Cl)cc(CO/N=C/c2cccnc2)c1,-6.804171085357666
base,CC[OH+][C-]([O-])[c+]1[n-][n-]n([C][N-2])[c+]1N[C+](C)[O-],-0.42111194133758545
base,CC[C@@H]1c2c(-c3ccc(Cl)cc3)cn(-c3ccc(OC)cc3OC)c2CCN1CC,-10.257171630859375
base,Clc1ccc(CCCOCCCN2CCCCC2)cc1,-11.200495719909668
base,[H]/[O+]=[NH+]\C(=N\c1ccccc1N([O-])[O-])N(N)C#N,-0.39025282859802246
base,Cc1[nH]c(C(=O)NNC(=O)c2cccnc2)c(C)c1C(=O)NCCc1nc2ccccc2[nH]1,-0.3630037307739258
base,[O][N+]([O-])[C]1[CH][CH][C](CCN[C+]2[CH][CH][C]3CCC[C]3[CH]2)[CH][C]1N([O-])[O-],-0.6393773555755615
base,OC[C@H](O)Cc1nn[nH]n1,-0.6970729827880859
base,COc1ccc(NC(=O)Cn2nnc(C(=O)NCc3ccccc3)c2N)c(Cl)c1,-0.378523588180542
base,CN(C)CCCNC(=S)N(Cc1cccs1)Cc1cc2cc3c(cc2[nH]c1=O)OCO3,-1.9556777477264404
base,O=C(COc1ccccc1-n1cccc1)Nn1cnnc1,-1.1270625591278076
base,CC(C)(C)N1C(=O)c2ccccc2[C@H]1C(=O)NCCc1ccccc1,-4.164309501647949
base,C[C@@H](NCc1cccc2nccn12)c1ccc2c(c1)OCO2,-4.145020961761475
base,C[C-]([O-])OC[C+]([O-])C1(O)CC[C+](C[c+]2[cH-][cH+][cH-][c+]3[cH-][cH+][cH-][cH+][c-]23)C1(C)C,-1.2448631525039673
base,NNc1ccc(Cl)c(S(=O)(=O)N2CCOCC2)c1,-0.713885486125946
base,O=S(=O)(c1ccc(Cl)cc1)c1nc(-c2ccccc2)oc1NCCCN1CCOCC1,-1.605884075164795
base,NC(=S)N/N=C1/CCC[C@@H](n2nnnc2Cc2ccccc2F)C1,-0.4627307057380676
base,[O][N+]([O-])[C]1[CH][CH][C]2[C]([CH]1)N([O-])C(C[CH+][CH][C]1[CH][CH][CH][CH][CH]1)N2[O-],-0.5628573298454285
base,CN(C)C(=O)COC(=O)/C=C/c1ccccc1Cl,-4.025031566619873
base,CO[c-]1[cH+][cH-][cH+][c-](C2[N-][c+]3[c-]([cH+][n-]n3-[c+]3[cH-][cH+][c-](C)[cH+][cH-]3)[C+]([O-])N2[c+]2[cH-][cH+][cH-][cH+][cH-]2)[cH+]1,-2.977856159210205
base,COCCN/C1=C(\[O-])NC[C@H](C)NS(=O)(=O)C(=C/C=C/c2ccccc2)/C=[O+]/O1,-0.33701828122138977
base,CCCC[C@@H](CC)CO[C@]1(c2ccccc2)OC(=O)c2ccccc21,-7.780913352966309
base,C[C]1[CH][C](C)[C]([C][N])[C](OC[C+]([O])N[C]2[CH][CH][C](C)[C](N([O-])[O-])[CH]2)[N]1,-0.5381702780723572
base,C[C@H](C(=O)Nc1ccccc1F)N(C[C@@H]1CCCN(Cc2ccccc2F)C1)C(=O)Cc1ccccc1F,-5.489774703979492
base,C[C@@H](/N=C/c1cn(-c2ccccc2)nc1-c1cccs1)C(=O)NCC1CCCCC1,-4.418874740600586
base,CCOC(=O)N1CCN(S(=O)(=O)c2ccc(C)cc2)C1,-1.753374457359314
base,Cc1csc(Sc2nc3c(cc2C#N)COC(C)(C)C3)n1,-3.4067611694335938
base,CCOc1cc(-c2ccccc2)c(C#N)c(N)n1,-1.606371521949768
base,COC1=CC=[S+]/C1=C(/[O-])NCCCN1CC[C-](C)CC1.[H+],-3.9015164375305176
base,COc1cc2cc(C)oc(=O)c2cc1OC,-3.7690775394439697
base,CN(CCOCc1ccc(F)cc1)S(=O)(=O)c1cnc[nH]1,-1.1302828788757324
base,O=C1/C(=C/c2ccccc2)CC[C@H]1C1CCCC1,-10.268559455871582
base,O=C(NC1CC1)N1CCO[C@@H](Cn2cnc3ccccc32)C1,-2.3858048915863037
base,Fc1ccc(Br)cc1/C=N\Nc1ccccc1,-8.674110412597656
base,NNC(=O)CC(=O)NCc1ccccc1,-0.6877843737602234
base,Cc1ccc([C@H](c2ccco2)c2ccccc2C(=O)O)c(C)n1,-3.216683864593506
base,COC[C@@H](C(=O)OC)n1c([C@H](C)C(=O)OCn2nnc3ccccc3c2=O)nc2ccccc2c1=O,-0.23717999458312988
base,[O-]C1=c2ccccc2=[S+]c2ccc(N3CC[C@@H](Cc4ccccc4)C3)cc2N1Cc1ccccc1,-8.101119995117188
base,Fc1ccc(Oc2nnc(-c3ccccc3)c3ccccc23)cc1,-7.805122375488281
base,Cc1cccc(C(=O)O[C@@H]2CCOC2=O)c1C,-3.270078182220459
base,O=C1C[C@H](C(=O)N(c2cccnc2)[C@@H](C(=O)NC2CCCCC2)c2ccccc2)CS1,-1.8378055095672607
base,COC(=O)[C@H]1CCCN1S(=O)(=O)c1ccccc1Br,-2.082339286804199
base,COc1cccc(CNC(=O)/C=C/c2ccc(-c3ccc([N+](=O)[O-])cc3)o2)c1,-1.5368882417678833
base,COc1ccc(/C=C/C(=O)O)cc1S(=O)(=O)NCc1ccco1,-0.3898259401321411
base,COc1ccc2nc(SCC(N)=O)cc(C)c2c1,-1.9413572549819946
base,COc1cc2c(cc1OC)[C@H](C(=O)O)N(Cc1cnc(SC)nc1)CC2,-0.8028915524482727
base,[O-][C][C+]([CH+][c-]1[cH+][cH-][cH+]o1)N[C-]([O-])C1CCCCC1,-1.4007312059402466
base,Fc1ccc(Cl)cc1NC(=S)NCc1cccnc1,-6.027823448181152
base,OCCN1CCN(C[C@@H](O)COCCOc2cc(Br)cc(Br)c2)CC1,-1.907739520072937
base,Cc1ccc(C(=O)NCCCNC(=O)c2ccco2)cc1C,-1.610310435295105
base,CC(C)Oc1c(Cl)cc(/C=N\O)cc1[N+](=O)[O-],-1.1641747951507568
base,CCC(=O)Nc1nnc(SCC(=O)N2CCC[C@H](C)C2)s1,-1.3320616483688354
base,[O][C](CN1[N][C]([C]2[CH][CH][CH][CH][CH]2)[N][C+]1CN1CCOCC1)[C]1[CH][CH][C](N([O-])[O-])[CH][CH]1,-0.5099440813064575
base,Nc1cccc(C(=O)N(CCO)CCO)c1,-0.6122604012489319
base,CCN(C(=O)c1cccs1)c1ccc2c(c1)OCCO2,-5.568756103515625
base,N[C-]([O-])[CH+]N([C+]([O-])C(C[c+]1[cH-][nH][c+]2[cH-][cH+][cH-][cH+][c-]12)N[C+]([O-])[c+]1[cH-][cH+][cH-][cH+][cH-]1)[c+]1[cH+][n-][cH-][cH+][cH-]1,-0.2738581597805023
base,CN(C)S(=O)(=O)c1ccc(Cl)c(-c2nnc3n2CCCCC3)c1,-1.9295406341552734
base,Cn1cc(S(=O)(=O)N2CCCc3ccccc32)cc1C(=O)NCc1ccc(Cl)cc1,-2.224452495574951
base,NC(=O)c1c(-c2ccc3c(c2)OCO3)nn(-c2ccc3c(c2)OCO3)c1-c1ccccc1,-1.2321417331695557
base,CN1CCN([C]2[CH][CH][C](N[C+]([S])N[C]3[CH][CH][CH]S3)[CH][C]2N([O-])[O-])CC1,-0.9940311312675476
base,CCCN(CCNC(=O)C(=O)NCC(=O)OCC)Cc1ccccc1,-0.49516168236732483
base,O=S(=O)(NCCN1CCOCC1)c1cccc2nsnc12,-0.5848438143730164
base,F[C-](F)F.NCCCCC(N)[C-]1[N-][N-][C+](CN[C+]([O-])[C+]2[CH+][CH-][CH+][CH-][C+]2F)O1,-0.6584040522575378
base,[H]/N=C1\C=C[C@@H](Cc2ccccc2C(F)(F)F)N1C,-7.6030592918396
base,CCOC(CC(=O)NCc1cccs1)OCC,-3.9543042182922363
base,COCCNC(=O)CNC(=O)/C(=N\NC(=O)c1ccco1)c1ccsc1,-0.30507731437683105
base,COC(=O)c1sc(N/N=C/c2ccncc2)nc1C,-1.1656851768493652
base,Cc1ccc2[nH]cc(CCNC(=O)COC(=O)CCC3CCCC3)c2c1,-2.26946759223938
base,COc1ccc2cc(C[CH-]N(C(C)=O)c3cccc(C(=O)O)c3)c(=O)[nH]c2c1.[H+],-0.8086580038070679
base,O=Cc1c(Br)n[nH]c1-c1cccs1,-4.470376968383789
base,NNCc1ccccc1Cl,-5.306509494781494
base,CCOC(=O)c1ccc(S(=O)(=O)Nc2nc(C)c(C(=O)OC)s2)cc1,-0.49790725111961365
base,O=c1c(Br)c(NCc2ccco2)cnn1-c1ccc(Cl)c(Cl)c1,-3.8588311672210693
base,Cc1ccc(NC(=O)c2ccc3c(=O)n4c(nc3c2)CCCCC4)cc1F,-2.8760528564453125
base,Clc1cc2c(cc1Sc1cc3ccccc3[nH]1)OCO2,-7.403159141540527
base,CCCOc1ccccc1N1C(=O)N=C([O-])[C@@](C)(C[n+]2cccc(C(F)(F)F)c2)C1=O,-0.912667989730835
base,CCCCn1c(=O)c(C(=O)NCCc2ccccc2)c(O)c2ccccc21,-2.039490222930908
base,CC(=O)Nc1cccc(-n2nnc(SCc3ccccc3)n2)c1,-1.6550031900405884
base,Cn1nnc2cc(NC(=S)Nc3ccc4ccccc4c3)ccc21,-3.902076482772827
base,N[S+2]([O-])([O-])[c-]1[cH+][cH-][c+](SC[C][C+](Cl)[CH-][CH+][c-]2[cH+][cH-][cH+][cH-][cH+]2)[n-][cH+]1,-1.0216916799545288
base,O=C1C=C(Nc2cccc(O)c2)CCC1,-3.8474032878875732
base,CC(C)(C)c1ccc(S(=O)(=O)NNC(=S)NCc2ccc3c(c2)OCO3)cc1,-0.7711498737335205
base,O=C(c1nc2ccccn2c1CN1CCCC1)N1CCOCC1,-3.4484496116638184
base,CC(C)(C)n1nnnc1[C@H](c1cccs1)N1CCOCC1,-2.8554184436798096
base,Cn1c(CSCC(=O)Nc2ccc3c(c2)OCCO3)n[nH]c1=S,-0.8910201191902161
base,CCC(=O)c1cn(Cc2ccc(F)cc2)c2ccccc12,-9.320778846740723
base,O=C(Nc1ccc(F)c(Cl)c1)N1CCCCCC1,-7.1326904296875
base,C=C1C=CC(=[N+]([O-])[O-])C=C1.O/N=C1/C2=[S+]CCS[C@H]1[C@@H](O)CC2,-0.5334181189537048
base,O=C(N/N=C/c1ccco1)[C@H]1CC(=O)N(c2ccc3c(c2)OCO3)C1,-0.3731745183467865
base,CCOc1ccccc1/N=C/c1ccc(Cl)s1,-9.568643569946289
base,CCOC(=O)C(/C=C/c1[s+]c2ccccc2n1CC)=C(/[O-])c1ccc(F)cc1,-4.359327793121338
base,O=C(O)c1ccccc1NC(=S)Nc1cccc(NC(=O)c2ccccc2[N+](=O)[O-])c1,-1.7155228853225708
base,C[C-]1CCN([c+]2[cH-][cH+][c-]([S+2]([O-])([O-])N3CCCCC3)[cH+][c-]2N[C+]([O-])[c+]2[cH-][c+]3[cH-][cH+][cH-][cH+][c-]3o[c+]2[O-])CC1,-1.0042036771774292
base,[O-][C+](OCCO[C-]([C+]([O-])N[c+]1[cH-][cH+][cH-][cH+][cH-]1)[C+]([N-]O)[c+]1[cH-][cH+][cH-][cH+][cH-]1)[c+]1[cH-][cH+][cH-][cH+][cH-]1,-0.6661302447319031
base,CC(=O)Nc1ccc([C@H](c2ccc([N+](=O)[O-])cc2)N2CCCCC2)cc1,-2.2369191646575928
base,COc1ccc(S(=O)(=O)NC2CCCCC2)cc1C(=O)N1CCOCC1,-0.7126584649085999
base,COc1ccc(-c2noc(CCC(=O)NN)n2)cc1Cl,-0.31355854868888855
base,O=S1(=O)N(c2ccc(O)cc2)c2nc3ccccc3nc2N1C1CC1,-0.8498064875602722
base,Nc1nc(Cl)c(C(=O)NCc2ccccc2)c(N2CCCCC2)n1,-0.9258861541748047
base,Cc1nc(N2CCOCC2)nc(N(Cc2ccccc2)c2ccccc2)c1[N+](=O)[O-],-1.5920400619506836
base,CO[C]1[CH][CH][C]([C+]([O])NCCN(C[C]2[CH][CH][CH][CH][CH]2)C[C]2[CH][CH][CH]S2)[CH][C]1N([O-])[O-],-0.8107011914253235
base,C[C@H]1Oc2cc3c(cc2CC1=O)NC1=C(C3)C(=O)CC(C)(C)C1,-3.454773426055908
base,O=C(O)c1cc(OCCCOc2cccc3ccccc23)cc(S(=O)(=O)N2CCc3ccccc3C2)c1,-2.457472324371338
base,O[C@](COc1ccc(F)cc1)(COc1ccc(F)cc1F)CN1CCOCC1,-3.5924794673919678
base,O=C(/C=[C-]\c1ccc[cH-]/c1=[S+]/c1ccccc1C(=O)O)Nc1ccc(Br)cc1.[H+],-3.660288095474243
base,C=C(C)C(=O)Nc1ccccc1NC(=O)c1ccccc1C,-3.400862693786621
base,O=S(=O)(c1ccccc1)c1nc(-c2ccccc2Cl)oc1NCCN1CCOCC1,-1.3377197980880737
base,Fc1cccc(CN2CCN(c3nc4ccccc4n3CCN3CCOCC3)CC2)c1,-5.648725986480713
base,CCCN1[C@@H]2CCC[C@H]1C[C@H](NC(=O)c1cc3c(C)nc4ccccc4c3o1)C2,-4.241030693054199
base,CSc1nc2ccccc2n1Cc1ccco1,-6.93734884262085
base,[CH2-][NH2+]NS(=O)(=O)c1ccccc1,-2.1324360370635986
base,COc1ccc(C)cc1S(=O)(=O)N1CCc2ccccc21,-4.2165117263793945
base,C(c1ccccc1)=[N+]1CCOCC1.CN(C)P([O-])Nc1ccccc1,-3.590150833129883
base,N/C(=N\N=C\c1ccccn1)SCC(=O)Nc1ccc(C(F)(F)F)cc1[N+](=O)[O-],-0.803748607635498
base,Brc1ccc(Nc2nc(SCc3ccccc3)ncc2Br)cc1,-8.281198501586914
base,CN1CCN(C[C@H](O)CC(=O)c2ccc3ccccc3c2)CC1,-4.353934288024902
base,CCCNC1=CC(=O)CC(C)(C)C1,-6.973176002502441
base,COc1ccc(S(=O)(=O)C[C@@H](O)Cn2c(=O)[nH]c3ccccc32)cc1,-0.25838351249694824
base,CC(=O)c1ccccc1-c1nc(N2CCOCC2)nc(-n2ccnc2)n1,-0.5905919671058655
base,O=C(Cn1cc(C(=O)c2ccco2)c2ccccc21)c1ccccc1,-4.469409465789795
base,O=C(Nc1cccc(F)c1)[C@H](CN1CCCCC1)c1ccccc1,-7.1275553703308105
base,CCO[c-]1[cH+][cH-][c+]([S+2]([O-])([O-])NCCCN2CCN([C-]3[C][CH-][CH+][CH-][CH+]3)CC2)[cH-][c+]1C(C)C,-1.7100931406021118
base,S=C(NC1CCCCC1)N1CCN(C(c2ccccc2)c2ccccc2)CC1,-10.224149703979492
base,OCC1(CCc2ccccc2)CCN([C@H]2C3=CC=C[S]3[S]3C=CC=C3Cn3nnnc32)CC1,-3.4474050998687744
base,[O-]C1(CO)CN(C[C+]2[CH+][CH-][C+](F)[CH-][CH+]2)CC[C-]1[N-]O,-0.9830854535102844
base,[O][C](CO[C+]1[CH][CH][C](Cl)[CH][CH]1)N1CCCN(C[C]2[CH][CH][C](N([O-])[O-])[CH][CH]2)CC1,-1.0087331533432007
base,O=C(c1ccc2c(c1)C(=O)N(Cc1ccccc1F)C2=O)N1CCN(c2ncccn2)CC1,-0.6876015067100525
base,O=S(=O)(NCCSc1ccccc1)c1cccs1,-4.2991743087768555
base,O=C(OCc1nnc(-c2ccccc2)o1)c1ccncc1,-1.1323940753936768
base,CSc1ccc([C@@H](C)NC(=O)Cn2c(=O)oc3ccccc32)cc1,-2.4036619663238525
base,COc1ccc(-c2n[nH]c(=S)n2NC(=O)Cc2ccccc2)c(OC)c1,-1.142774224281311
base,[H]/[C-]=[N+](CN1CCCCC1)\C(NCN1CCC[C@H](C(F)(F)F)C1)=[S+]\CC[CH2-],-8.452138900756836
base,O=S1(=O)OCC[C@@H](C2CC2)N1Cc1ccco1,-2.422278881072998
base,NC1=NC[C@@H](Cc2ccc(O)cc2)N1CC1CCCCC1,-2.5179293155670166
base,[O-]N([O-])[C]1[CH][CH][CH][C]([CH][CH][C]([N]CO)[C+]2[CH][CH][CH][CH][CH]2)[CH]1,-0.9030647277832031
base,Clc1cccc(OCCN2CCCC2)c1,-10.331013679504395
base,CO[C-]([O-])[C+]([C+](F)NOC1OC(CO)C(O)C(O)C1O)[C-]([O-])[N-]CCCO,-0.5563488602638245
base,O=C(c1ccc([N+](=O)[O-])s1)N1CCc2ccccc2C1,-2.423004150390625
base,Clc1cccc(-c2nnco2)c1,-5.280725002288818
base,CO[N-][C+](OC)[C-]([CH+][CH-][CH+][CH-][c+]1[cH-][cH+][cH-][cH+][c-]1N([O-])[O-])[C+]([N-][C+]1[CH+][CH+][CH-][CH+][CH-]1)N[C][N-2],-1.6088526248931885
base,CCCCCn1c2ccccc2c2cc(C(=O)O)ccc21,-6.137515544891357
base,CN(C)c1nc(NS(=O)(=O)c2ccc(N)cc2)nc(N(C)C)n1,-0.2833244502544403
base,CCOC(=O)NC(=O)c1cnc2ccccn2c1=O,-0.4679546356201172
base,Clc1ccc(-n2ncc3c(NCc4ccccn4)ncnc32)cc1,-2.2958476543426514
base,CCC(=O)N[C@@H](Nc1ccc(S(N)(=O)=O)cc1)C(Cl)(Cl)Cl,-0.4932441711425781
base,CC(=O)N[C@@H](c1cccs1)c1ccccc1F,-7.146886348724365
base,NNC(=O)c1ccc(Cn2cccn2)o1,-0.634361982345581
base,[O-][P+](O)(Br)OC[CH-]C(O)C(O)Cn1[c+](O)[n-][c+]2[cH-][n-][cH+][cH+][c-]21,-0.3083046078681946
base,C[C@@H]1C=C[C@H](CN(C)C(=O)c2ccc3ccccc3n2)CC1,-6.902791500091553
base,CC[C@@H](NC(=O)OC(C)(C)C)C(=O)OCC(=O)c1ccc[nH]1,-0.5527344942092896
base,O=C(CN1C(=O)c2ccccc2C1=O)OCc1cnc(-c2ccc3ccccc3c2)s1,-2.293219566345215
base,Cc1ccc(C(=O)O)cc1NS(=O)(=O)c1ccc(NC(=O)c2ccccc2Cl)cc1,-1.738905429840088
base,Cc1ccc(CC(=O)NC2CCN(CC(=O)N(C)c3ccccc3C)CC2)cc1,-3.624232053756714
base,CC[C@@H]1CCCCN1CCCNC(=O)C1CCN(Cc2ccccc2)CC1,-6.429656982421875
base,Cc1cc(=O)[nH]c(N2CCCC2)n1,-3.7106704711914062
base,S=c1[nH]nc(-c2cccs2)n1/N=C/c1ccccc1Cl,-5.247501373291016
base,O=[N+]([O-])c1ccc2nc(CCc3nc4ccccc4s3)[nH]c2c1,-1.593627691268921
base,O=C(NN=C1CCCC1)c1ccco1,-3.089118480682373
base,COc1ccc(S(=O)(=O)NCC(=O)NC2CCCC2)cc1,-0.6272929906845093
base,COc1cc(NC(C)=O)cc(C(=O)Nc2cccnc2)c1,-0.9375665783882141
base,CCCc1cc(=O)oc2cc(OCC(=O)NC3CC(C)(C)NC(C)(C)C3)ccc12,-1.56524658203125
base,O=S(=O)(NCc1ccc2c(c1)OCO2)c1ccccc1,-1.9583196640014648
base,O=C([C@@H](Cc1ccccc1)c1ccc(Nc2ccncc2F)cc1)N1CCCC1,-5.90598726272583
base,CCN(CC(=O)NCC/[S+]=C1\N=C([O-])N(c2ccccc2)C1=O)S(=O)(=O)c1ccccc1,-0.29728156328201294
base,Cc1cc(C)nc(Nc2ccc(C(=O)O)cc2)n1,-1.37847900390625
base,O=S(=O)(c1ccccc1)c1nc(-c2ccco2)oc1NCc1cccnc1,-1.2054721117019653
base,CN1CCC(NC(=S)Nc2ccc(C(=O)N3CCCC3)cc2)CC1,-4.009337902069092
base,CCOP([O-])OCC.[H]/[O+]=C\c1cccc(C(F)(F)F)c1,-2.5238311290740967
base,C[C@@H]1CCCCCN1C(=O)Cn1ccc2ccccc2c1=O,-4.847058296203613
base,COCCN1CCN([C@H](CNC(=O)c2ccccc2F)c2cccnc2)CC1,-2.586163282394409
base,O=C(c1ccco1)N(Cc1cccnc1)Cc1cccs1,-4.723130702972412
base,CCOC(=O)C1CCN(C(=O)[C@H](C)Oc2ccc(Cl)c(Cl)c2)CC1,-3.630511999130249
base,CC[C@@H](C)NCCOCCOc1cccc2ccccc12,-7.172023773193359
base,FC(F)OC12[CH-][CH+][CH-][C+]3C14[NH+]1[C][N-][c+]5[cH-][cH+][cH-][cH+][c-]5[S+3]3124,-6.933594226837158
base,S[C@@H](COCc1cccnc1)Cn1cc(Br)cn1,-5.1944966316223145
base,COC(=O)C1=C(C)NC(=O)/C1=C\N(C)C,-2.5224008560180664
base,COc1ccc(/C=N\NC(=O)CCCCn2c(=S)[nH]c3ccccc3c2=O)c(OC)c1OC,-0.9576337933540344
base,Nc1cccc([N+](=O)[O-])c1,-1.6483972072601318
base,COc1cc(CN2CCC(C(=O)N3CCN(c4ccccc4)CC3)CC2)ccc1O,-3.1120126247406006
base,COCc1nnc(NC(=O)[C@@H]2CC(=O)N(CCc3ccccc3)C2)s1,-0.6422837972640991
base,Nn1cnnc1SCCOc1cccc(S(N)(=O)=O)c1,-0.3318634629249573
base,C[C@H](C(=O)NC[C@H]1CCCO1)N1C(=O)N2CCc3c([nH]c4ccccc34)[C@@]2(C)C1=O,-0.4655040204524994
base,C[C@@H]1CN(c2ccc([N+](=O)[O-])c(NCc3cccnc3)c2)C[C@H](C)O1,-1.369359016418457
base,COc1ccc(N2CCN(C(=O)CCCn3cccn3)CC2)cc1,-3.4353208541870117
base,Clc1ccc(/N=N/N2CCOCC2)cc1,-5.688647270202637
base,CCCCCOc1ccc(/C=C(\C#N)C(=O)Nc2ccccn2)cc1OC,-1.8150911331176758
base,[CH2+][C@H](/C=C1/C=CC(Cl)=C[CH+]1)[C@@H]([O-])[C@H]1C[CH-]C[C@](C)(NCC)C1,-6.522590637207031
base,O=S(=O)(Nc1ccc(Oc2ccc(S(=O)(=O)N3CCCCCC3)cc2)cc1)c1ccccc1,-2.1643736362457275
base,COc1ccc(OCC(=O)NNC(=O)c2[nH]c(C)c(C(C)=O)c2C)cc1,-0.3580806851387024
base,CCOCCCn1c(SCc2cccc3ccccc23)nc2ccccc2c1=O,-6.4086012840271
base,CCNS(=O)(=O)c1ccc(N2CCOCC2)c(F)c1,-2.5105998516082764
base,O=S(=O)(c1ccc(F)cc1)N1CCC(O)(CSc2ccccc2)CC1,-3.0971240997314453
base,Brc1ccc(CSc2nnc(Cc3ccc4c(c3)OCO4)o2)cc1,-4.062180519104004
base,S=C(c1ccc(-c2cc(Cl)ccc2Cl)o1)N1CCOCC1,-8.575395584106445
base,CC(=O)Oc1ccc(CCNC(=O)c2c(NC(=O)c3ccco3)sc(C)c2C)cc1,-1.4701493978500366
base,COc1cccc(N2C(=O)C(N)=C(Cl)C2=O)c1,-1.2711565494537354
base,Cl[C-](Cl)NCc1cc(Br)ccc1OCc1ccc2c(c1)OCO2.[H+],-6.758389472961426
base,N[C+]1[CH-][C+]([S-])S[C+]1[C-](N)[O-],-1.368868112564087
base,O=C(NNC(=O)c1sccc1-n1cccc1)c1ccco1,-1.1960538625717163
base,CO[C-]1[CH+][C-]([CH+][c-]2[c+]([O-])[n-][c+]3s[cH+][cH-]n3[c+]2[NH-])[CH+][CH-]N1OCCCO[c+]1[cH-][cH+][c-](F)[cH+][cH-]1,-1.378310203552246
base,COc1ccc(C(C)=O)cc1CSCCC#N,-3.984915256500244
base,Fc1ccc(CNn2cn[nH]c2=S)cc1,-4.2313232421875
base,COc1cc([C@H](C)NC2=NC[C@H](C)S2)cc(OC)c1OC,-3.646785259246826
base,COc1cc(C(=O)[C@H]2CCCN(C(=O)c3ccoc3)C2)cc(F)c1OC,-2.060391664505005
base,NS(=O)(=O)c1ccccc1/C=C/CN1CCc2ccccc2C1,-2.1941730976104736
base,CN[C-]([N-][C][N-2])N([C+]([O-])[C+]([O-])[c+]1[cH-][cH+][cH-][cH+][cH-]1)[c+]1[cH+][cH+][cH+][cH+][cH-]1.[H+],-0.2969309687614441
base,[CH2+]N(CC[CH+]N1CC(COC[c-]2[cH+][cH-][cH+][c-](F)[cH+]2)C[C-]1[O-])[c+]1[cH-][cH+][cH-][cH+][cH-]1.[H+],-5.700052738189697
base,CNC[C@@]1(O)CC(Cl)=C[C@@H](N)[C@H]1O,-1.1588505506515503
base,Nc1nc(CSc2nc3ccccc3o2)nc(N2CCC(c3ccccc3)CC2)n1,-1.6038748025894165
base,S=c1[nH]nc(CSc2ccc(Cl)cc2)[nH]1,-5.018865585327148
base,COc1cc2c(cc1OC)CN(CCC(=O)Nc1ccc(C(=O)O)cc1)CC2,-0.8088181018829346
base,CCCCNc1cc(-c2ccc(C(C)(C)C)cc2)nc(-c2ccccn2)n1,-6.060548782348633
base,[O][C](C[C]1[CH][CH][CH][CH][CH]1)N([C]1[N][CH][C](S([O])([O])[C]2[CH][CH][C](N([O-])[O-])[CH][CH]2)S1)S([O])([O])[C+]1[CH][CH][CH][CH][CH]1,-1.9977082014083862
base,CN(/N=C/c1cc2c(cc1Cl)OCO2)c1ccccc1,-6.545436382293701
base,CN(C)C1(c2nnnn2-c2cccc([N+](=O)[O-])c2)CCCCC1,-0.6717978119850159
base,Cc1nc(CSc2ccccc2)cc(NNC(=O)c2cccs2)n1,-2.6714768409729004
base,S=C(NCCc1ccccn1)NCc1cccnc1,-3.5246009826660156
base,[CH2-][P+](C)([N-][c-]1[cH+][cH-][c+]([P+]([S-])([c-]2[n-][c+](C)[cH+]n2-[c-]2[cH+][cH-][cH+][cH-][cH+]2)N2CCOCC2)[cH-][cH+]1)[c-]1[cH+][cH-][cH+][cH-][cH+]1,-6.38445520401001
base,CC(NCCN1CCOCC1)=C1C(=O)c2ccccc2C1=O,-2.4509520530700684
base,[O-][S+2]([O-])([N-]C1CCN([c+]2[cH-][cH+][cH-][c+](Cl)[cH-]2)C1)[c+]1[cH-][cH+][cH-]s1,-2.8982200622558594
base,[H]/[O+]=C1\[NH+]=[C-]/N=[C-]/C#CC2=C(Br)C=CC3=C[C@@]321,-3.9988882541656494
base,COc1ccc(CCN2C(=O)c3ccncc3C2=O)cc1OC,-1.5943145751953125
base,COCCNC(=O)c1ccc2c(c1)OCO2,-2.6926512718200684
base,COc1ccc(S(=O)(=O)N(Cc2ccc(OC)c(OC)c2)c2ccccc2)cc1,-2.9771366119384766
base,CO[C]1[CH][C](N[C+]([O])CO[C]([O])CC(C)(C)C)[C](C)[CH][C]1N([O-])[O-],-0.7593290209770203
base,C[C@@H](C(=O)N[C@H](Cc1ccccc1)C(=O)O)N(c1cccc2cccnc12)S(=O)(=O)c1ccccc1F,-1.2110023498535156
base,O=C(CC(=O)NC1=NCCS1)Cc1ccccc1,-2.505645751953125
base,O=c1[nH]cc(CN2CCN(c3cc(F)ccc3F)CC2)s1,-5.062622547149658
base,O=C(O)[C@@H]1CCC(=O)N(c2ccc(F)cc2)C1,-2.7135705947875977
base,CN1[C-]([O-])[CH+][C+](N([C+]([O-])N[C+]2[CH+][CH-][C+](Br)[CH-][CH+]2)[C+]2[N-]CCS2)N(C[C-]2[CH-][CH+][CH-][CH+][CH-]2)[C-]1[O-].[H+],-0.5021417737007141
base,S=C(NCCN1CCOCC1)Nc1ccccc1,-5.373310565948486
base,CCCCn1c(=O)c(C(=O)NCCc2ccccc2)c(O)c2ccccc21,-2.039490222930908
base,[CH2-]OCCCN[c+]1[n-][c+]2[c-](n1-[c+]1[cH-][cH+][cH-][cH+][c-]1C)CCCC2.[H+].[H+],-5.703286170959473
base,[CH2-]C(C)(C)C[C@H]1C[C-](C)CN1C(=O)C/[O+]=C1\C(OC)=CC=C\C1=C/N=[NH+]\C(=O)c1cccnc1,-0.6145908832550049
base,O=C(COc1ccc2c(c1)CCC(=O)N2)Nc1cccnc1,-0.8568120002746582
base,N[P@](=O)(Oc1ccccc1)Oc1cccc2ccccc12,-3.526189088821411
base,Cc1cccc(-c2nnc(SCC(=O)NCCc3ccccc3)n2Cc2ccccc2)c1,-4.029660224914551
base,O=C(Nc1nnc(C2CC2)s1)c1ccc(Br)s1,-3.7092385292053223
base,CCC(=O)Nc1nnc(-c2ccc(Cl)cc2)o1,-1.994958758354187
base,O=C(NNc1nc2ccccc2o1)c1ccccc1,-1.9431252479553223
base,COc1cc(OC)cc(OC[C@@H](O)COc2cccc3cccnc23)c1,-1.8676178455352783
base,COc1cccc(-c2cc(C(=O)N3CCN(C)CC3)c3ccccc3n2)c1OC,-3.3642385005950928
base,COC1=C[CH-]/C(=C/[C@@H](C(=O)c2cccs2)C2=NCCN2)C=C1OC.[H+],-2.800359010696411
base,[C-]1[CH][CH][CH][CH][C]1[C-][C+]1[CH][N][N][N][C]1[CH][C]1[C-][CH][CH][CH][CH]1.[H+],-4.801021575927734
base,CCc1nnc(N2C(=O)C[C@H]([C@H](c3ccccc3)c3ccc(F)cc3)C2=O)s1,-3.074272394180298
base,NNC(=O)[C@H]1C[C@@H]1c1cccc([N+](=O)[O-])c1,-0.3979147672653198
base,CC(=O)c1c(C)[nH]c(C(=O)COC(=O)CCC(=O)c2ccccc2)c1C,-0.9923977255821228
base,O=C(CC1CCCCC1)Nc1ccccc1-c1ccccc1,-8.816810607910156
base,COC(=O)CN(Cc1cccs1)S(=O)(=O)c1ccc(F)cc1,-2.154761552810669
base,O=C(Nc1nc2ccccc2n1CCc1cccc2ccccc12)c1ccco1,-4.510637283325195
base,COCCN1CCOCC1,-8.123485565185547
base,[O][C](N[N][CH][C]1[CH][C]2OCO[C]2[CH][C]1N([O-])[O-])[C+]1[CH][CH][C]2[CH][CH][CH][CH][C]2[CH]1,-0.5934159159660339
base,Nn1c(CN2CCCC2)nc2ccccc2c1=O,-1.89932382106781
base,CCOC(=O)N1CCC(NC(=O)c2cc(-c3ccccc3)nn2C)CC1,-1.2213013172149658
base,Fc1cnc(Nc2ccc(OC(F)F)cc2)nc1N1CCOCC1,-2.7142221927642822
base,CNCC(=O)NC(=O)NC1CCCCC1,-1.575766682624817
base,O=C(NC[C]/C=C(\[O-])N1C=CC=[CH+]1)c1cccc([S@](#[O+])([O-])N2CCCC2)c1,-0.4081948399543762
base,Cc1nc(Nc2ccc3ccccc3c2)c2occc2n1,-4.715663909912109
base,NS(=O)(=O)c1ccc(N2CCN(Cc3ccc(F)cc3)CC2)nc1,-0.7875804305076599
base,O=C(O)/C=C(\C(=O)n1ccc(C(F)(F)F)nc1=O)c1cn(Cc2ccccc2C(F)(F)F)nc1-c1ccccc1,-2.2622759342193604
base,CCOc1ccc([C@@H](CNC(C)=O)C(=O)N2CCC3(CC2)OCCO3)cc1OC,-0.6378068327903748
base,[O-][S+2]([O-])(O)[C-]1CN([C+]2[CH+][C+](Cl)[CH-][CH+][C-]2Cl)[N-][N-]1,-0.6331351399421692
base,COCCn1/c(=N/C(=O)c2cccs2)c(C#N)cc2c(=O)n3ccccc3nc21,-0.3564612567424774
base,Cc1ccc(S(=O)(=O)N2CCOCC2)cc1C(=O)/N=c1\sccn1C,-0.7537926435470581
base,CN[C@H]1CC[C@H](N(C(=O)CCl)c2ccccc2)CC1,-6.472800254821777
base,Fc1ccc([C@H](c2nnnn2Cc2ccccc2)N2CCSCC2)cc1,-4.315770149230957
base,CO[c-]1[cH+][cH-][c+](NC2N([c+]3[cH-][cH+][cH-][c+](C)[cH-]3)[C-]([O-])[C+](C)C2(C)[C+]([O-])[c+]2[cH-][cH+][c-](C)o2)[cH-][cH+]1,-1.37281334400177
base,O=C1/C(=N/c2ccc(Br)cc2)C=NN1CCCCO,-2.0526323318481445
base,Nc1ccc(S(=O)(=O)N2CCCCC2)cc1,-2.0815258026123047
base,Clc1ccc(-c2[c-]n3ccccc3n2)cc1.[H+],-9.678484916687012
base,CCOc1ccc(CN(CCO)CCCO)cc1CO,-1.2662959098815918
base,O=C1CCN(CCNC(=O)c2c(O)c3ccccc3n(CCF)c2=O)CCN1,-0.25477784872055054
base,COc1ccnc(SC)c1C(=O)Nc1nc(C)cs1,-2.3035740852355957
base,N[C-](N)NCC1CCCO1,-1.4890666007995605
base,[O][C][C]([N][CH][C]1[CH][CH][CH][C](N([O-])[O-])[CH]1)[C+]([O])[C]1[CH][CH][CH][CH][CH]1,-0.5998899340629578
base,O=C(COC(=O)C1CCCCC1)Nc1nccs1,-1.773646354675293
base,O=[N+]([O-])c1ccc(Oc2ccccc2Cl)nc1,-2.5888025760650635
base,Brc1csc2ncccc12,-10.392149925231934
base,COc1ccc(S(=O)(=O)CCC(=O)NC[C@H]2CC[C@H](C(=O)O)CC2)cc1,-0.43360424041748047
base,O=[N+]([O-])CCS(=O)(=O)c1cc2c(c3ccccc13)OCON2,-0.37495899200439453
base,COc1ccc2[nH]c(C(=O)O)c(CCN3C(=O)c4ccccc4C3=O)c2c1,-0.6325936317443848
base,COc1ccc(C(=O)NC2CCN(Cc3ccccc3)CC2)cc1COc1ncnc2ccccc12,-2.5133721828460693
base,O=C(c1ccc(C[S@+]([O-])c2ccc(Cl)cc2)o1)N1CCN(c2ccccc2)CC1,-3.563337802886963
base,[H]/N=C(C(=C/C=C/c1c(C)cc(C(C)(C)C)oc1=O)\C(=O)C(=C)C)/N1CCCCC1,-3.0523712635040283
base,CCOC(=O)[C@@H](Cc1ccccc1)NC(=O)c1cc(OCC)c(OCC)c(OCC)c1,-1.6046007871627808
base,S=c1[nH]c2c(n1/N=C/c1ccc(Br)cc1)CCCC2,-7.190245628356934
base,N/C=C\C1CCN(C(=O)CN)CC1,-1.4491733312606812
base,[O-][C+](Br)[CH-][CH+]CC[N-][c+]1[cH-][c+](N[c-]2[cH+][cH-][cH+][cH-][c+]2F)[c+](N([O-])[O-])[c+]2[n-]o[n-][c+]12,-1.1356685161590576
base,COc1c/c(=C/c2c([O-])n(C)c(=O)n(C)c2=O)cc/c1=C\C1=[S+]C(=O)N(C(C)C)C1=O,-0.30265432596206665
base,COCCCCCN(C(=O)/C=C/c1cccs1)c1c(N)n(Cc2ccccc2)c(=O)[nH]c1=O,-0.7828983068466187
base,[O-][C+](CCl)CCC1(Cl)CC1[C-](Cl)C[c+]1[cH-][nH][c+]2[cH-][cH+][c-](Cl)[cH+][c-]12,-7.1351237297058105
base,O=[N+]([O-])c1ccc(NC(=S)NCCN2CCc3ccccc3C2)c(Cl)c1,-2.23771071434021
base,O=C(N/N=C/c1ccccn1)c1cc(C2CC2)[nH]n1,-0.7257959842681885
base,FC(F)Oc1ccccc1OCCOCCOc1ccccc1Br,-6.832470893859863
base,CCOCC(=O)Nc1nc(C)c(-c2ccsc2)s1,-3.855867624282837
base,CCCCCCN1[C@H](CCCC)COCCS1(=O)=O,-4.468667984008789
base,C/C(=N\N1CCN(c2ccccc2)CC1)c1cccs1,-9.160042762756348
base,CCOc1ccc(S(=O)(=O)N(CC(=O)NCc2cccnc2)c2ccc(C)cc2)cc1,-1.0568969249725342
base,NC(=O)c1ccc(NC=O)cc1S(N)(=O)=O,-0.4191511273384094
base,Cc1nn(C)c(=O)c2n[nH]c(C)c12,-2.1312031745910645
base,Cc1cccc(N(CC(=O)NC2CCCCC2)S(=O)(=O)c2cccs2)c1,-2.5948987007141113
base,NC(=O)[C@@H]1CCCN(C(=O)c2cccc3ccccc23)C1,-2.1272120475769043
base,Cc1ccc2c(c1)[nH]c1c(=O)n(CCCn3ccnc3)cnc12,-1.822934627532959
base,O=C(N/N=C/c1ccc(O)cc1O)c1ccc(O)c(O)c1,-0.3908233642578125
base,CC(C)OCCOCCOC(=O)c1ccc(S(=O)(=O)N2c3ccccc3C[C@H]2C)cc1,-1.4429326057434082
base,COc1cc(C[C@@]2(CO)CCCN(Cc3cnn(C(C)C)c3)C2)cc(OC)c1,-2.964409351348877
base,CN(C)N1C(=O)C[C@H](N2CCCCC2)C1=O,-4.362681865692139
base,COc1cc(NC(=O)[C@@H](C)Oc2ccccc2C)c(C)cc1-n1cnnn1,-0.6826068162918091
base,CCOC(=O)N/N=C\C=C\c1ccc(OCC)cc1,-2.765857696533203
base,[CH2-]O/C(=[O+]\C(=O)c1ccco1)c1ccccc1.[CH3-].[O+]#P,-2.3116416931152344
base,CCOc1ccc(C(C)=O)cc1N1C(=O)[C@@H]2[C@H](C1=O)[C@H]1C=C[C@@H]2C1=C(C)C,-2.8335764408111572
base,CC(C)CCN(CC(C)C)c1ccc(C(=O)COC(=O)c2ccc(Cl)c(S(=O)(=O)N(C)C)c2)cc1,-2.78153133392334
base,COc1ccc(NC(=O)c2ccc(Cl)c(S(=O)(=O)N3CCOCC3)c2)c(OC)c1,-0.6176325082778931
base,O=C(OCc1nc2ccccc2s1)c1cc(NS(=O)(=O)c2cccs2)ccc1O,-1.5141040086746216
base,O=C(c1ccc(OCC(=O)N2CCOCC2)cc1)c1ccc(C2(O)CCCCC2)cc1,-1.6950126886367798
base,Cc1cc(OCC(=O)O)ccc1C[C@]1(C)COc2ccccc2C1=O,-1.8454781770706177
base,O=C(NCCCOc1ccccc1)c1ccc(NC(=O)c2cccs2)cc1,-2.837231397628784
base,O=C(O)CNS(=O)(=O)c1ccc(Br)s1,-0.8178231716156006
base,Cc1sc2nc(COc3ccc(Cl)cc3Cl)[nH]c(=O)c2c1C,-4.394763946533203
base,[CH2-]C(CCC[C+]([O-])N1C[CH+][CH-]CC1)O[C+]([O-])N[c+]1[cH-][cH+][cH-][cH+][cH-]1,-1.4067305326461792
base,O=C(NC[C@H]1COc2ccccc2O1)c1ccc(N2CCC[C@H](c3cc(=O)[nH]c(=S)[nH]3)C2)c([N+](=O)[O-])c1,-0.934249222278595
base,O=C(NS(=O)(=O)c1ccccc1)c1coc2ccccc12,-1.2508059740066528
base,CN(C)S(=O)(=O)n1cc(Cc2ccccc2F)c2ccccc21,-4.916379451751709
base,Cc1ccc(NC(=O)CSc2nnc(-c3ccncc3)o2)cc1C,-1.4446617364883423
base,COCCCNC/C=C/C[C@@H](O)c1ccccc1,-4.823270320892334
base,S=C(NCCc1nc2ccccc2[nH]1)Nc1ccccc1Cl,-4.049749851226807
base,COC(C[C@H]1O[C@H]1[C@H](O)[C@H](C)Oc1ccccc1)OC,-2.320132255554199
base,CCCN(C[C+]([O-])NC1CC1)[S+2]([O-])([O-])[c-]1[cH+][cH-][cH+][c-]2[c+]1[cH-][cH+][c-]2[CH+][N-][c+]1[cH-][cH+][cH-][cH+][cH-]1,-1.2363743782043457
base,O=C(Nc1c2c(nn1Cc1ccccc1Cl)CCCC2)c1ccc([N+](=O)[O-])cc1,-2.0510711669921875
base,Cc1cc(-c2cccc(C(F)(F)F)c2)no1,-8.08454704284668
base,O=C(O)C/C(=N\OC(=O)OC1CCCCC1)c1ccc(OCCCF)cc1,-1.6009737253189087
base,Cn1c(NNc2ccc(C#N)cc2[N+](=O)[O-])cc(=O)n(C)c1=O,-0.38865742087364197
base,[O-][S@+](Cc1ccc(Cl)cc1)C[C@@H](O)COCc1ccccc1,-3.7285091876983643
base,COc1ccc(C(=O)NCC(=O)N/N=C/c2ccco2)cc1OC,-0.2717150151729584
base,COCCNC(=S)N1CCN(CC(=O)Nc2cccc(C)c2C)CC1,-2.644608497619629
base,COc1cc2c(cc1F)/C(=N/c1ccc(C(N)=O)cc1)OC2=O,-0.5822553038597107
base,[O-]/C=C\Cl.[O-][P+](N1CCOCC1)=[N+]1CCCCC1,-2.363060474395752
base,Nn1c(SCC(=O)NC2=C([N+](=O)[O-])CCCO2)nnc1C1CCCCC1,-0.4407033920288086
base,COc1ccccc1-c1cc(C(=O)N2CCN(c3ccccc3)CC2)no1,-2.9991259574890137
base,NOCC(=O)Nc1nc2ccccc2nc1N1CCOCC1,-0.27796438336372375
base,CC[S@+]1c2nc3c(c(=O)n(C)c(=O)n3C)n2C([O-])=C(C#N)[C@@H]1c1ccccc1,-0.2839379608631134
base,Cc1nc(C)n(CCN2C(=O)c3ccccc3C2=O)n1,-1.6092404127120972
base,S=C(NCCN1CCCCCCC1)NC1CCCCC1,-7.648070812225342
base,[CH2-][C+](Cl)CO[c-]1[cH+][cH-][c+]([O-])[nH][c+]1[O-],-1.4952374696731567
base,COc1cccc([C@@](C)(O)[C@H](c2cccs2)N2CCOCC2)c1,-4.973061561584473
base,[O-][C+]1[c+]2[cH-][c+](O[c+]3[cH-][cH+][cH-][cH+][cH-]3)[cH-][cH+][c-]2C([c+]2[cH-][cH+][c-](Cl)[cH+][cH-]2)N1[O-],-3.751593828201294
base,O=C(COC(=O)C1CCCCC1)Nc1ccccc1,-3.1574771404266357
base,Fc1cc(C(F)(F)F)cc(NNc2cccc3ccccc23)n1,-7.14216947555542
base,COCCOC(=O)c1cc(Cl)cc(Cl)c1N,-2.49196720123291
base,Cc1cc(C)c2cc(CN(Cc3ccc(F)cc3)Cc3nnnn3Cc3ccc4c(c3)OCO4)c(=O)[nH]c2c1,-1.6109853982925415
base,Nc1nc(Nc2cc(-c3ccccc3)c[nH]c2=O)c2oc3ccccc3c2n1,-1.4204826354980469
base,O=C1C=C(Nc2ccnc3cc(Cl)ccc23)c2ccccc2C1=O,-3.537996530532837
base,[CH2+]CN[C]([O])C1[C]N(N[C]([O])[C]2[CH][C]3[CH][CH][CH][CH][C]3[CH][C]2OC)CCC1,-1.2954680919647217
base,NC(=O)N1CCC[C@@H]1C(=O)NC(c1ccccc1)c1ccccc1,-1.3083593845367432
base,CCOc1ccc(S(=O)(=O)Nc2nnc(C3CCCCC3)s2)cc1,-1.7087199687957764
base,O/N=C\c1c(F)cccc1Cl,-6.411238193511963
base,N#Cc1c[s+]c2nc(N3CCOCC3)c([O-])[nH]c1-2,-0.5759134292602539
base,S=C(NCc1ccccc1)NCc1cccc2ccccc12,-8.64445686340332
base,COc1cc(Br)c(-c2ccc(C)o2)cc1C(C)C,-9.992795944213867
base,COc1cccc(C(=O)CN2CCN(S(=O)(=O)c3ccc(Cl)cc3)CC2)c1,-1.9208664894104004
base,O=C(CCN1C(=O)[C@@H]2[C@H](C1=O)[C@H]1C=C[C@@H]2C1)Nc1nnc(/C=C/c2ccc3c(c2)OCO3)s1,-0.6325528025627136
base,O=S(=O)(N[C@@H](N1CCOCC1)C1(O)CC1)c1cccc(C(F)(F)F)c1,-0.8844853639602661
base,COCCCNC(=O)CCC(=O)Nc1nc(-c2ccccc2)c(Sc2ccccc2)s1,-2.542642116546631
base,[CH2-]N1C2CCC(N[C+]([O-])[CH+][CH-][c+]3[cH-][cH+][c-](OC)[c+](OC)[cH-]3)C1CC2.[H+].[H+],-2.7545530796051025
base,O=[N+]([O-])c1cccc(S(=O)(=O)N/N=C/c2sc(Nc3ccccc3)nc2Cl)c1,-1.2400693893432617
base,NP(N)(=O)NC(=O)C1CCCCC1,-0.5160523653030396
base,O=[N+]([O-])c1cccc2c(S(=O)(=O)N3CCOCC3)cccc12,-0.5172650218009949
base,OCCN1CCN(C(=S)Nc2cccc3ccccc23)CC1,-5.151698112487793
base,CC[C@H](C)NS(=O)(=O)c1cccc(C(=O)OC)c1,-1.3478968143463135
base,O=C(N/N=C/c1ccc(N2CCOCC2)s1)c1ccccc1Br,-3.512049674987793
base,CCOc1ccc(OCCCC(=O)O)c(F)c1,-3.1022565364837646
base,N[P@](=O)(Oc1ccccc1)Oc1ccccc1Br,-3.2543578147888184
base,COc1ccc(-c2sc3ccccc3c2C#CCCO)cc1,-7.816906929016113
base,S=C(Nc1ccccc1Cl)NC1CCCCC1,-8.70692253112793
base,O=C(c1ccc(-c2cnc3ccccc3c2)o1)N1CCC2(CC1)OCCO2,-2.518400192260742
base,Fc1cc(C(F)(F)F)ccc1Nc1nc2ccccc2nc1NC=S,-5.326819896697998
base,O=C(Cn1c2ccccc2c2nc3ccccc3nc21)c1ccc(Br)o1,-4.126839637756348
base,CNc1cc(CNCC(C)(C)C)c(O)c(C(=O)c2cccc(F)c2)c1C,-3.511525869369507
base,O[C@@H](C#CCN(CCc1ccccc1)Cc1ccccc1)c1cccs1,-9.145767211914062
base,N#CC1=C(N)N(c2ccc(O)cc2)C2=C(CCCC2)[C@H]1c1ccccc1,-2.7285163402557373
base,Nc1c(C(=O)O)sc2nc(-c3cccs3)c3c(c12)CCCC3,-2.2787859439849854
base,Brc1ccccc1C1=NCC[CH-]N1c1ccccn1.[H+],-7.647612571716309
base,Nn1c(SCc2ccc(F)cc2F)nnc1-c1ccco1,-1.8892405033111572
base,O=C(c1cccnc1)[N+]1=Nc2cc(N([O-])[O-])ccc2[N+]1=O,-0.49481818079948425
base,O=[P@](NC1CCCCC1)(Oc1ccc(F)cc1)Oc1ccc(Cl)cc1,-6.823281288146973
base,CCCN1C(=O)c2ccc(NC(=O)[C@@H](C)Oc3ccccc3F)cc2C1=O,-1.6110522747039795
base,[CH2+]C1[N-][N-][C+](CCC2C[c+]3[c+]([nH][c+]4n([c-]3-[c+]3[cH-][cH+]s[cH-]3)[C-]([c-]3[cH+][cH-][cH+][c-](Cl)[c+]3Cl)[N-][N-]4)[CH+]O2)O1.[H+],-6.089929103851318
base,Nc1nc(S)n(-c2ccc(C3CCCCC3)cc2)n1,-3.313655376434326
base,CN(CC(=O)NCc1ccc(C(F)(F)F)cc1)S(=O)(=O)c1cccs1,-2.0710604190826416
base,[O-][S+2]([O-])(OCC(O)CO[C-](O)CO)[c+]1[cH-][cH+][cH-][cH+][c-]1Cl,-0.3996172249317169
base,OCCNC1=C2CCCC[C@@H]2C(OBr)=[C-]1.[H+],-4.974542140960693
base,OCc1cn(Cc2ccccc2)nc1-c1cccnc1,-3.5620946884155273
base,C#CCOC(=O)c1[nH]c2c(c1C)C(=O)C[C@@H](c1ccco1)C2,-1.629661202430725
base,CCO[c-]1[cH+][cH-][c+]([C][CH+][C-]([O-])[C+]2[CH+][C-]([C-]([O-])[CH+][CH+][c-]3[cH+][cH-][c+](OC)[cH-][cH+]3)[CH+][CH-][C+]2O)[cH-][c+]1Cl,-1.2530829906463623
base,Brc1ccc(Oc2ncnc3c2cnn3Cc2ccco2)cc1,-2.8931195735931396
base,COC(C[C@@H]1O[C@@H]1[C@@H](O)[C@H](C)OCc1ccccc1)OC,-2.3591649532318115
base,O=C1Nc2ccccc2/C1=N/N=C(/O)CN1CCCCC1,-1.0125352144241333
base,Cc1ccc(S(=O)(=O)NC2CCN(Cc3ccccc3)CC2)cc1,-3.9469563961029053
base,CC([C+]([O-])N1CCOCC1)n1[n-][c+]([CH-][C][N-2])n2[c+]([cH-][c+]3o[cH+][cH+][c-]32)[c-]1[O-],-0.27022817730903625
base,Br[C-]1[CH+][c-]2[cH+][c-](Br)o[c+]2[C][C+]1O[c-]1[cH+][cH-][c+](-n2[cH+][cH-][cH+][cH-]2)[cH-][cH+]1,-9.291322708129883
base,OC[C@@H](CCCN1CCCC1)Cc1ccccc1,-8.036593437194824
base,N[P@](=O)(OCC1CCCCC1)OC1CCCCC1,-3.4590306282043457
base,COC1=C[CH-]C(=C=[N+]=NC(=S)NC(=O)c2cnccn2)C=C1OC,-0.3432376980781555
base,CNCC1=NN=[N+](c2ccccc2)C1=C=Cc1cccc(C)c1[O-],-2.508760690689087
base,CCO[C-]1[CH+][CH-][C+]([S+2]([O-])([O-])NC2([CH+][O-])CC(C)(C)NC(C)(C)C2)C[C-]1C(C)C,-0.7361204028129578
base,COc1ccc(OC)c(NC(=O)CN(C/C=C/C=C/c2ccccc2)CC2=CCCCC2)c1,-6.016122341156006
base,CCCCCC(=O)NCC(=O)OCC(=O)c1ccc(NC(=O)/C=C/c2ccccc2)cc1,-1.212705373764038
base,O=C1Nc2cc(F)ccc2/C1=N/O,-2.24162220954895
base,COc1ccc(S(=O)(=O)n2ccc(=O)[nH]c2=O)cc1C(=O)N1CCCCCC1,-0.3029852509498596
base,COCC/N=C(\S)N/N=C/c1sc(N2CCOCC2)nc1C,-1.4197418689727783
base,COCCCNc1cc(=O)n(-c2ccc(OC)cc2OC)cn1,-1.146570086479187
base,CN[C@@H]1[C@@H](OC[C@](O)(C=O)[C@@H](C)OC(=O)c2cccc(C)c2)O[C@H](CO)C[C@@H]1O,-0.38271889090538025
base,Cc1cc2c(cc1S(=O)(=O)N1CCOCC1)NC(=O)CO2,-0.6000065207481384
base,N#Cc1nc(Cc2cccc3ccccc23)oc1N1CCOCC1,-2.5994949340820312
base,CCC(=O)N/N=C(\C)CC(=O)N1CCCCC1,-2.314894199371338
base,O=C(NN[C@H](Cc1c[nH]c2ccccc12)C(=O)Nc1ccccc1)c1ccco1,-0.8660553097724915
base,CCC(O[C+]([O])[C]1[CH][CH][N][CH][CH]1)[C]([O])N[C]1[CH][CH][C](N([O-])[O-])[CH][N]1,-0.5485112071037292
base,COc1ccc(C(=O)NCc2cccs2)cc1S(=O)(=O)N(C)C,-1.1233288049697876
base,O=C(c1cccs1)N1CCC[C@@H](N2CCN(c3ccc(F)cc3)CC2)C1,-7.618394374847412
base,CN1CCCN(C(=O)Cc2cccn2C)CC1,-6.7326483726501465
base,CCOc1cccc(CN2CCC[C@H](CCC(=O)NCCc3ccccc3)C2)c1,-6.001091480255127
base,O=C(NS(=O)(=O)c1ccc(Cl)cc1)c1cccnc1,-1.1187193393707275
base,O=C(Nc1nc(-c2ccccc2)c(C(=O)NC2CCCCC2)s1)c1cc(Cl)sc1Cl,-5.075740814208984
base,CN(C)S(=O)(=O)c1ccc(NC(=O)c2cc(F)c(F)cc2Cl)cc1,-2.292440176010132
base,Oc1ccc([C@@H](O)CN2CCN(c3ccccn3)CC2)cc1O,-0.7849716544151306
base,O=[N+]([O-])c1c(Nc2ccc(O)cc2)c2nonc2c2ccccc12,-1.195070743560791
base,COc1cccc(/C=N/NC(=O)c2cccs2)c1OC,-2.5647621154785156
base,CC(C)OC(=O)C[C@@H](c1ccc(OC(C)C)cc1)c1cccc([N+](=O)[O-])c1,-2.723005771636963
base,O=C(Nc1cnccn1)c1ccc(C(=O)c2ccccc2)cc1,-1.721058964729309
base,CC(=O)/C(=N/Nc1ccccc1)Nc1ccccc1C(=O)O,-0.8485164642333984
base,COc1ccc2c(Cl)c(C(=O)N3CCCC3)sc2c1,-7.492197036743164
base,O=S(=O)(NCCOCC(F)(F)C(F)F)c1cccc2cccnc12,-1.803341031074524
base,CN(C)C(=O)Oc1ccc(Cl)c2ccccc12,-7.324268817901611
base,CCN(CCCN1CCOCC1)c1nc2nonc2nc1N1CCSCC1,-0.6990411877632141
base,[O-][N+]1([O-])[C+]2[CH-][CH+][CH-][c+]3[n-][c+](-[c+]4[cH-][cH+][cH-][cH+][cH-]4)[n-][cH+][c-]3C21,-1.330465316772461
base,[O]S([O])(NCCCN1CCN([C]2[CH][CH][C](N([O-])[O-])[CH][CH]2)CC1)[C+]1[CH][CH][CH][C](Br)[CH]1,-0.8074418902397156
base,CCOCCCN1C(=O)NC(=O)/C(=C/NCc2ccc3[nH]c(=O)[nH]c3c2)C1=O,-0.3720192611217499
base,O=C(Cc1c[nH]c2ccccc12)N1CCN(c2ccccc2)CC1,-5.394395351409912
base,O=C(CCN1C(=O)C=C(c2ccccc2)S1(=O)=O)NC1CCN(Cc2ccccc2)CC1,-0.7295570373535156
base,COc1ccc(N2CCN(C(=O)c3ccc(C[S@+]([O-])Cc4ccc(C)cc4)o3)CC2)cc1,-2.573460817337036
base,CCCCOc1cc(OCC)c(OC(=O)CC)c2ccccc12,-5.818231582641602
base,Clc1nss/c1=N\c1ccc(Br)cc1,-8.41701602935791
base,COc1ccc(CCNC(=O)C2CC2)cc1OC,-3.821505069732666
base,COc1ccc(C(=O)/[C-]=C/c2c(-c3ccccc3)[nH]c3ccccc23)c(O)c1OC.[H+],-3.622438907623291
base,COc1cc(OC)c(OC)cc1CNCc1cccc(OCc2c(F)cccc2F)c1,-5.366969108581543
base,O=[N+]([O-])c1ccc(OC(F)(F)F)cc1NCCO,-0.8266984820365906
base,[O-][c+]1[nH][cH-][c+]2[c-]3[c+]([cH-][cH+][cH-][c+]13)CN(CCO)[C-]2O[c+]1[cH-][cH+][c-](CO)[cH+][cH-]1,-0.4332391023635864
base,Clc1ccc(CNc2cccc3ccccc23)cc1,-12.090885162353516
base,CSc1ccccc1COC(=O)Nc1ccc(F)cc1,-6.3766326904296875
base,COc1cccc(-c2nn(C)c(=O)c3ccccc23)c1OS(=O)(=O)c1ccccc1,-1.1295373439788818
base,CC(=O)/C(C#N)=N/Nc1ccc(NNC(=S)Nc2ccccc2)cc1,-0.7702432870864868
base,C[C@@H]1CN(Cc2c(O)n(Cc3ccccc3)c(=O)[nH]c2=O)C[C@H](C)O1,-0.5007191896438599
base,FC(F)(F)COc1ccc(-c2nncn2-c2ccc3ccccc3c2)cn1,-4.515425682067871
base,[CH2-]N(C[c+]1[cH-][cH+][cH-][cH+][cH-]1)[c+]1[c+]([O-])n(-[c+]2[cH-][cH+][cH-][c+](Cl)[cH-]2)[n-][c+]2[c-]1CCCC2,-5.450632572174072
base,[O-][C+]([c+]1[cH-][cH+][cH-]s1)[c-]1[cH+][cH-][c+](NCCOCCO[CH-]COCCN[C+]([S-])N[c+]2[cH-][cH+][cH-][cH+][cH-]2)[cH-][cH+]1,-1.1746950149536133
base,N#Cc1ccccc1S(=O)(=O)N1CCCC1,-2.2688093185424805
base,CCOC(CN1CCN(c2ccccc2C(F)(F)F)CC1)OCC,-7.9640679359436035
base,O=S1(=O)OCC[C@@H](c2cccc(F)c2)N1Cc1ccc2c(c1)OCO2,-2.2061312198638916
base,[N-2][C][CH+][C+]([N-]O[C+]([O-])[C+]1[CH+][CH-][C+](Br)[CH-][CH+]1)[c-]1[cH+][cH-][c+](Br)[cH-][cH+]1,-2.6758852005004883
base,CC(=O)Oc1ccc2c(C)c(C(=O)OCC(=O)N[C@H]3CCS(=O)(=O)C3)oc2c1,-0.30328282713890076
base,O=[P@@](Oc1ccccc1)(Oc1cccc2cccnc12)N(c1ccccc1)[C@H]1CCS(=O)(=O)C1,-3.0142741203308105
base,NS(=O)(=O)c1ccc(NC(=O)CSc2nnc(-c3ccco3)n2C2CCCCC2)cc1,-0.9676197171211243
base,Cc1nc(SCC(=O)Nc2ccc3c(c2)OCCO3)n[nH]1,-0.4953601062297821
base,S=c1ncn(Cc2cccs2)c2c1CCCC2,-9.654298782348633
base,COc1ccc(CCNC(=O)c2ccccc2Cl)cc1OC,-4.372317314147949
base,Fc1ccc(NC2=NCCCC2)cc1,-8.009057998657227
base,COc1cc2c(C(=O)N3CCOCC3)cc(=O)oc2cc1OC(C)=O,-0.3218086361885071
base,NS(=O)(=O)c1ccc(CCNC(=O)CCN2C(=O)c3ccccc3C2=O)cc1,-0.29423603415489197
base,Cc1ccccc1-c1[nH]c(C(F)(F)F)nc1-c1cccs1,-8.79920768737793
base,O=C(NC(=S)NC1CCCC1)C1CC1,-4.825892925262451
base,NC(=O)c1nn(-c2ccccc2)nc1NC(=O)CN1CCOCC1,-0.26964834332466125
base,CCCCN(C)S(=O)(=O)C1=C/C(=C(/N)[O-])[S+]=C1,-0.7028186917304993
base,CO/N=C/c1ccc(O)c(NC(=O)CCS(=O)(=O)c2ccc(OC)cc2)c1,-0.4307263493537903
base,CCO[C@@H](CCNCc1ccc(OC(F)F)cc1)c1ccccc1,-7.907114028930664
base,CN(C[C@@H](O)CNS(=O)(=O)c1ccccc1)S(C)(=O)=O,-0.34848931431770325
base,Cc1cnc(C(=O)OCC(=O)Nc2ccc3[nH]c(=O)[nH]c3c2)cn1,-0.2944374084472656
base,NN(C1=NCCS1)S(=O)(=O)c1ccc(Cl)cc1,-1.160348892211914
base,COc1ccc2cc(CN(C[C@H]3CCCO3)C(=S)NCc3ccco3)c(=O)[nH]c2c1,-1.3638049364089966
base,C[c-]1[c+]2[n-][c+](Nn3[cH+][n-][n-][cH+]3)[n-][n-][c+]2[c+]2[cH-][cH+][cH-][cH+][c-]21,-0.47414156794548035
base,S=C(NN=C1CCCCCC1)Nc1cccnc1,-4.123997688293457
base,CCOc1ccnc2c(C)c(C)n(-c3ccccc3)c(=O)c12,-4.8717875480651855
base,CCn1nnnc1SCC(=O)Nc1ccc(S(=O)(=O)N2CCOCC2)cc1,-0.3012787401676178
base,CCCCNC(=O)[C@H](CCCCCN(C)CCC)NC(=O)c1ccc(Br)o1,-2.2784056663513184
base,Cn1cc([N+](=O)[O-])nc1CNc1cc(=O)n(C2CCCCC2)c(=O)[nH]1,-0.37878546118736267
base,O=C(CN1CCN(Cc2ccccc2)CC1)c1ccc(Br)cc1,-8.357721328735352
base,NS(=O)(=O)c1cc(C(=O)Nc2cccc(-c3nc4ccccc4[nH]3)c2)ccc1Cl,-1.2281407117843628
base,Cc1cc(C(=O)N[C@@H](CCCC(C)C)C(=O)O)c(C)o1,-1.3884923458099365
base,N#C/C(C(=O)NCc1cccs1)=C(/Nc1cccc(F)c1)Sc1ccccc1,-3.9191501140594482
base,CCc1ccc(C(=O)c2ccncc2)cc1,-6.894756317138672
base,O=C(Nc1cccnc1)C1(c2cccs2)CCOCC1,-3.6613576412200928
base,O=[N+]1[O+]=NC(/C=N/Nc2ccccc2N([O-])[O-])=C1c1ccccc1,-0.9859517216682434
base,O=C(C1CC1)[N@+]12C[C@H]3C=N[C-](c4cc(Cl)cc(Cl)c4O)C=C3C3=C(N4CCCCC4=N[CH-]3)[O+]1[C@@H]2[CH-]F.[H+],-4.041442394256592
base,C/C(=C\C(=O)c1ccc(C)o1)Nc1ccc(C)c(C)c1,-5.937488079071045
base,O=C(NNS(=O)(=O)c1cccc2ccccc12)c1ccc([N+](=O)[O-])cc1,-0.5383930802345276
base,CC(=O)Nc1sc2c(c1[C@H](C)c1ccc(O[C@H](C)C(=O)O)cc1)C[C@H](C)CCCC2,-3.7162272930145264
base,CCN(CC)c1ccc(S(=O)(=O)N2CCCCC2)cc1NC(=O)c1cnccn1,-0.6679983139038086
base,Cc1ccc(Cl)cc1S(=O)(=O)Cc1ccc(-c2ccccc2)o1,-5.629220962524414
base,N#CCCC[C@H](C(=O)O)N(C(N)=O)c1ccc(Oc2ccccc2)cc1,-1.0737147331237793
base,OCC[C@@H]1CN(Cc2cn[nH]c2C2CCCCC2)CCN1C1CCCC1,-3.6259419918060303
base,COc1ccc(C(=O)NNC(=S)NC2CCCCC2)cc1OC,-1.498306393623352
base,N#Cc1ccc(C2CC2)nc1SCC(=O)c1ccc(Cl)cc1,-4.481518268585205
base,COc1cc([C@@H]2N[C@H](c3nccn3C)Cc3c2[nH]c2ccccc32)cc(OC)c1O,-1.3607752323150635
base,FC([S-])([CH-]n1[n-][cH+][c-]2[c+]1-[c-]1[cH+][cH-][cH+][cH-][c+]1OC2)CO[c+]1[cH-][cH+][cH-][cH+][c-]1CC1CCCCC1.[H+],-8.029314994812012
base,COc1ccc(N2CCN(S(=O)(=O)c3ccc4c(c3)C[C@@H](C)N4C(=O)C3CCC3)CC2)cc1,-2.051055431365967
base,O=C(N[C@]12C[C@H]3C[C@H](C[C@H](C3)C1)C2)N(CCNc1ccccc1)Cc1cccnc1,-4.242552280426025
base,C=CC/[S+]=C(\[O-])N1CCC(C(=O)NCc2ccc3c(c2)OCO3)CC1,-1.1939408779144287
base,CCOc1ncccc1C(=O)OCC(=O)NCC(C)C,-0.9825911521911621
base,O=C(N[C@@H](C(=O)O)c1ccc(O)cc1)C1CC=CC1,-0.653291642665863
base,COc1ccc(CCNS(=O)(=O)c2ccc3c(c2)CCN3C(=O)CC(C)C)cc1OC,-1.1493481397628784
base,CCOC(=O)N1CCN(c2c(C)cnc3ccc(OC)cc23)C1,-3.195667028427124
base,O=c1c2ccccc2ncn1Cc1nc2ccccc2s1,-4.192719459533691
base,CN(C)S(=O)(=O)c1cccc(NC(=S)NC(=O)Cc2ccc(Cl)cc2)c1,-1.2249835729599
base,CN(C)CCC(=O)N[C@@H](Cc1cccc(S(=O)(=O)N(C)C)c1)c1ccc(F)cc1,-1.6478755474090576
base,COc1ccc(C(=O)Nc2nc3ccccc3[nH]2)c(NCC=C(C)C)c1,-2.0458083152770996
base,O=C(CCC1CCCC1)NCC(=O)NC(=O)NCc1ccc(F)cc1,-0.7739005088806152
base,Cc1cc(NC(=O)CSc2ccc(-c3ccc(Br)cc3)nn2)no1,-1.7838644981384277
base,CCOC(=O)N1CCN(C(=O)/C=C/c2cc(Br)ccc2OC)CC1,-2.826725721359253
base,C[C@H]1CN=C(N[C@@H]2CCCC[C@@H]2C)S1,-8.00653076171875
base,S=C(/N=C/c1cccs1)N1CCN(c2cccc3ccccc23)CC1,-9.932212829589844
base,COc1c(C)cc(Br)cc1C(=O)N(C)C,-6.859201908111572
base,[CH2+]COCC[N-]C(=O)N1CCC2(CC1)COCCO2,-2.310795545578003
base,O=c1c2ccccc2ccn1Cc1cccc2ccccc12,-9.17634391784668
base,Nc1ncnc(N)c1SCC(=O)NNC(=O)Cc1ccccc1,-0.279837042093277
base,O=C(O)c1ccccc1C(=O)NC1Cc2ccccc2C1,-1.9453493356704712
base,CN(C)C(=O)[C@H](O)CN1CCOCC1,-3.1867666244506836
base,O=S1(=O)CCN(c2ccccc2)CC1,-5.235856533050537
base,Fc1ccc(OC(F)F)c(/C=N/N2CCN(Cc3ccc4c(c3)OCO4)CC2)c1,-4.535175323486328
base,COc1ccccc1NC(=O)COc1ccccc1C(=O)NC(C)(C)C,-1.520052433013916
base,[O-][C+](CC1CCCCC1[CH-]O)NCC[c-]1[cH+][cH-][cH+][cH-][c+]1F,-3.1763157844543457
base,Nc1ccc(C(=O)OCc2csc(-c3ccccc3)n2)cc1,-2.718045473098755
base,CN(C)Cc1c(C(=O)N/N=C/c2cccc(OCc3ccc(F)cc3)c2)nnn1-c1nonc1N,-0.3141692578792572
base,O=C(CCc1ccc(OCc2cccc(F)c2)cc1)N1CCCC1,-7.5987772941589355
base,O=C(NCc1cccnc1)Nc1c(F)c(F)cc(F)c1F,-3.480607271194458
base,CCCOc1ccc(S(=O)(=O)NCCN2CCCC2)c2ccccc12,-2.881802797317505
base,Clc1ccccc1/N=N/c1ccsc1Nc1ccccc1,-9.130816459655762
base,NNS(=O)(=O)c1ccc(N2CCOCC2)cc1,-0.6694381833076477
base,O=S1(=O)CC[C@H](NC(=S)Nc2ccc(Cl)cc2)C1,-2.686513662338257
base,[CH2-]N([c+]1[cH-][cH+][cH-][cH+][c-]1CC)[C-]([O-])CO[C+]1[CH+][CH-][CH+][CH-][C+]1CCN(C)C,-5.2963151931762695
base,CC(C)(C)NC(=O)NC[C@H]1CCC[C@@H]1NC(=O)NCc1ccco1,-0.6499541997909546
base,CCOC(=O)c1c(C)oc2c1cc(O)c1ccccc12,-3.2876956462860107
base,O=[N+]([O-])c1cc(S(=O)(=O)N2CC=Cc3ccccc32)ccc1O,-0.6054633259773254
base,O=S(=O)(OCCCc1ccccc1)c1ccccc1,-4.829990386962891
base,OCCN1CCN(c2ncnc3c2[nH]c2ccccc23)C[C@@H]1C(F)(F)F,-1.6950548887252808
base,NC(=O)N[C@@H](C[C@@H](S)C(=O)O)c1ccccc1,-0.47343146800994873
base,NC(=S)Nc1cc(C2CCCCC2)nn1-c1ccccc1,-3.6046292781829834
base,O=C(CCSc1ccccc1)N1CCOCC1,-6.657993316650391
base,O=C(/C=C/c1ccccc1OC(F)F)Nc1ccc(N2CCOCC2)c(Cl)c1,-4.722493648529053
base,O=C(c1snc2c(=O)[nH]cnc12)N1CCOCC1,-0.5575683116912842
base,O=C(N/N=C\C=C\c1ccccc1)c1ccc(Br)cc1,-5.633712291717529
base,[CH2-]CCN([C+]1[CH+][CH-][CH+][CH-][CH+]1)[C+]([O-])[N-]CC[N-]CCN[CH+][C-]1[C+]([O-])CC([c+]2[cH-][cH+][cH-]o2)C[C+]1[O-],-0.4071285128593445
base,NNC(=O)Nc1ccccc1-c1ccccc1NC(=O)CBr,-0.6639772057533264
base,[O-]P(NC([c+]1[cH-][cH+][cH-][cH+][cH-]1)[c+]1[cH-][cH+][cH-][cH+][cH-]1)OCC1CO[c+]2[cH-][cH+][cH-][cH+][c-]2O1,-2.995878219604492
base,N[C@@H](Cc1c[nH]c2ccccc12)C(=O)O,-0.9375216960906982
base,O=S(=O)(CCN1CCN(C2CCCCC2)CC1)C(F)(F)F,-4.999344348907471
base,COC(=O)c1ccc(NC(=O)[C@H]2[C@H](C(=O)NCc3ccco3)[C@@H]3C=C[C@H]2C3)cc1,-0.655620813369751
base,O=S(=O)(c1ccccc1)N1CCCc2ccccc21,-5.6385979652404785
base,[N-2][C][C+]([C]SC(CC[C+]1[CH+][CH-][CH+][CH-][CH+]1)NC[C-]([O-])NN)C([C+]1[CH-][CH+][CH-][CH+][C+]1F)[c+]1[cH-][cH+][cH-][cH+][cH-]1,-1.2304497957229614
base,O=c1[nH]c(COc2ccccc2)nc2ccccc12,-3.087233066558838
base,Cc1c(N[P@@](=O)(Cc2ccccc2)C2CCCCC2)c(=O)n(-c2ccccc2)n1C,-5.43808126449585
base,COc1ccc2c(c1)c(=O)c(C)c(C)n2O,-3.379028797149658
base,O=C(c1ccc2nc(Cc3cccc(Cl)c3)oc2c1)N1CCCC1,-5.247250080108643
base,CN1CCN(CCC(=O)Nc2cccc(Br)c2)CC1,-5.625696659088135
base,COc1ccc(C(=O)NCCNc2nccnc2C[C@@H]2CCC(=O)N2)cc1OC,-0.2570534348487854
base,CS(=O)(=O)O[C@H](C/C(Cc1cccc(-c2ccccc2)c1)=[NH+]\[C@H]1C[C@H]1N)[C@@H](Cl)C/C=C1\C=CC(Cl)=C[CH-]1,-1.8452107906341553
base,O=[N+]([O-])c1cc(/C=C\c2nc3ccccc3[nH]2)ccc1NC1=NCCCCC1,-2.328059673309326
base,CCCCOc1ccc(Oc2ccc(/C=C/C(N)=O)cc2OC)cc1,-2.5676474571228027
base,CNC1[CH-][CH+][c-]2[cH+][cH-][cH+][cH-][c+]2OC([c-]2[cH+][cH-][cH+][cH-][cH+]2)[CH-]1,-8.758082389831543
base,Fc1ccc(CNC(=S)NC2CC2)cc1,-7.772803783416748
base,O=S1(=O)CCOC[C@H](CC2CCCCC2)N1Cc1cccc(Cl)c1,-4.9493231773376465
base,COCCNC(=O)C/[S+]=c1\nc2n(C)c(=O)n(C)c([O-])c-2n1C,-0.332385390996933
base,COc1ccccc1NC(=O)CSc1nncs1,-2.0503814220428467
base,CN1[C]([O])N(C[C]2[CH][CH][CH][C](F)[CH]2)[C](N)[C]([C]([O])[C]2[CH][CH][C](N([O-])[O-])[CH][CH]2)[C+]1[O],-0.5012292265892029
base,CN(CCC#N)CC(=O)NNc1ccccc1,-1.583465337753296
base,O=C(O)c1cc(Cl)ccc1/N=C/c1cc(Cl)cc(Cl)c1O,-3.3444771766662598
base,Clc1ccccc1CSc1nncn1NCc1cccs1,-5.557275772094727
base,COc1cc(C(=O)N[C@@H]2C[C-]3CCC[C@@H](C2)N3Cc2ccccc2)cc(OC)c1OC.[H+],-3.6122052669525146
base,COc1c(OCC(=O)Nc2cccc(F)c2)cc([N+](=O)[O-])cc1C(C)=O,-0.7379622459411621
base,Cc1ccc(S(=O)(=O)N(C2=NCCS2)S(=O)(=O)c2ccc(Br)cc2)c(C)c1,-1.460254430770874
base,Cc1[nH]c2ccccc2c1C(=O)C(=O)N1CCCc2ccccc21,-3.8986592292785645
base,O[C@@](C#CCN1CCOCC1)(c1ccc(Cl)cc1)C1CC1,-6.225745677947998
base,C[CH+][C]C1[C+]2[C+](O[C+]3[CH-][CH+][CH-][CH+][C+]3[C-]2[O-])[C-]([O-])N1CCOC,-1.7501530647277832
base,COCCNC(=S)N(CCCO)Cc1cc2cc3c(cc2[nH]c1=O)OCCO3,-0.3532560467720032
base,Fc1ccccc1NC1CCN(Cc2cn[nH]c2-c2ccccc2)CC1,-5.557436943054199
base,O=C(c1cccc(Br)c1)N1CCN(C(=O)N2CCCCC2)CC1,-4.746007442474365
base,Cc1nnc(OCC(=O)N2CCOCC2)c2ccccc12,-1.8751096725463867
base,O=S(=O)(c1ccccc1)N(Cc1ccco1)c1cccc2ccccc12,-5.1578369140625
base,CC1=NC(c2ccc3c(c2)OCO3)=[S+]/C1=C(\[O-])N1CCN(c2ccccc2F)CC1,-2.3133208751678467
base,[CH2-]CCC(C[CH+][CH+]C1CC1[C-](N)[O-])[C+]([O-])O,-0.6002078652381897
base,CCC[C@H](C)NC(=O)COC(=O)c1ccc2[nH]c(=O)c(=O)[nH]c2c1,-0.37214329838752747
base,O=S(=O)(NCc1cn2ccsc2n1)c1ccccc1,-2.0524280071258545
base,[CH2-]C(=O)Nc1ccccc1.[CH2-]CC.[O+]#[P+]c1ccccc1,-4.8714094161987305
base,COCCN(Cc1ccc(OC)cc1)C(=O)COC(=O)C1=Cc2ccccc2OC1,-1.4414713382720947
base,NS(=O)(=O)c1ccccc1,-2.387500047683716
base,S=C(Nc1ccc(Oc2ccc(Cl)cn2)cc1)N1CCCC1,-6.613740921020508
base,CCCOc1ccc(-c2nnc(CSc3ncc4c(n3)N[C@@H](C)OC4)o2)cc1,-1.345023274421692
base,Cc1ccc(C)c(CN(CC(=O)NCCSCc2ccco2)S(=O)(=O)c2ccc(Cl)cc2)c1,-2.570791244506836
base,O=C(NC[C@H]1CCCO1)[C@H](c1ccncc1)N(Cc1cccs1)C(=O)CN1C(=O)c2ccccc2S1(=O)=O,-0.48169252276420593
base,CC(=O)N1N=C(c2cccnc2)C[C@@H]1c1cccc([N+](=O)[O-])c1,-0.813778281211853
base,O=S(=O)(NCCCc1ccccn1)c1ccccc1,-2.507112979888916
base,O=[N+]([O-])c1cccc2c(S(=O)(=O)Nc3cccc4cccnc34)cccc12,-1.4423413276672363
base,[CH2-]CNCCCS[c+]1[cH-][cH+][c-](F)[cH+][cH-]1,-10.448553085327148
base,CCOc1c[nH]c(=O)nc1SCC(=O)NC1=[S+]C=C/C1=C(\N)[O-],-0.3574448823928833
base,CCOc1ccccc1-c1ccc(C(=O)Nc2nccs2)o1,-2.964695453643799
base,N#CCCN1CCNCC1,-5.164039611816406
base,CC[C]([O])N1CC2(C[C]([C]3[CH][CH][CH][C](N([O-])[O-])[CH]3)[N]O2)CC1[C+]([O])NC[C](N)[O],-0.4996181130409241
base,Brc1ccccc1N/C=N/[C@H](CCc1ccccc1)CSCCc1ccccn1,-8.65245532989502
base,Cc1cc(NC(=O)CSc2nc(-c3ccccc3)cn2N)no1,-0.432504266500473
base,[H+].[O-][C+]1CC[C-]([C+]([O-])NO)[CH+]CN1,-0.6707471609115601
base,COc1ccc(OCCOCCOc2cccc3cccnc23)cc1,-4.294726371765137
base,[O-]P(N[c+]1[cH-][cH+][cH-][cH+][cH-]1)O[c+]1[cH-][cH+][cH-][cH+][cH-]1,-4.601366996765137
base,CC(=O)c1sccc1NC(=O)CCc1nnc2ccc(NCc3ccco3)nn12,-0.8492241501808167
base,[O-][C+](CN[C-]([O-])[C+]1[CH+][CH-][CH+][CH-][CH+]1)OC[C-]([O-])[C][CH+]n1[cH+][cH+][c-]([C+]2[CH+][CH-][CH+][CH-][CH+]2)[n-]1,-0.42466726899147034
base,CN(C)[P@@](=O)(Nc1cccc2ccccc12)C(Cl)Cl,-7.789491653442383
base,O=C(O)CN1CCN(S(=O)(=O)c2cccs2)CC1,-0.9638562798500061
base,CCOc1ccccc1C(=O)N/N=C/c1ccoc1,-2.1650311946868896
base,C[c-]1[n-]n([C+](NC[c+]2[cH-][cH+][c-](F)[cH+][cH-]2)[c+]2[cH-][cH+][cH-][cH+][cH-]2)[c+]([O-])[c+]1[CH+][c-]1[cH+][cH-][cH+][cH-][c+]1N([O-])[O-],-1.2937636375427246
base,CNC[C@@H](NCC1CCCCC1)[C@@H](O)c1ccccc1Cl,-4.8448405265808105
base,O=C(NCCCCCCCCNC(=O)c1ccco1)c1ccccc1,-2.2696897983551025
base,CCCCOc1ccc(CNc2ccccn2)cc1Cl,-7.269026279449463
base,O=C(NCc1ccccn1)c1cc(S(=O)(=O)N2CCOCC2)ccc1Cl,-0.5085484981536865
base,O=C(CCCCN1CCC[C@@H](C(F)(F)F)C1)c1ccc2c(c1)OCO2,-6.191859722137451
base,O=C(N[C@H](N/N=C/c1ccccc1)C(=O)c1cccs1)c1ccco1,-1.0452111959457397
base,CN(C(=O)COc1ccc(C2=NCCN2)cc1)c1ccc(Br)cc1,-3.3820760250091553
base,O=C(C/[S+]=c1/nc(O)cc([O-])[nH]1)c1ccco1,-0.37529367208480835
base,Nc1nc2ncnn2c(=O)[nH]1,-0.5498107075691223
base,O[C@H](CCN1CCC2(CC1)OCCO2)C(F)(F)C(F)F,-4.735339641571045
base,COCCNC(=O)CSc1n[nH]c(N)n1,-0.40435153245925903
base,S=C(Nc1ccc(-n2cnnn2)cc1)N1CCn2cccc2[C@@H]1c1ccccc1,-2.5788753032684326
base,CC(=O)CSc1nc2ccccc2n1CCOc1cccc2ccccc12,-6.070184707641602
base,CN(C)S(=O)(=O)c1ccc(N[C@@H]2c3ccccc3C(=O)N2Cc2ccccc2)cc1,-2.324903726577759
base,COc1cccc2c(C)cc(N3CCCCCC3)nc12,-8.305074691772461
base,O=C(/C=C(\CC(=O)c1ccccc1)N(CCO)Cc1cccc2ccccc12)c1ccc(Cl)cc1,-6.062173366546631
base,CC(=O)C#Cc1ccccc1,-9.042389869689941
base,NC(=O)c1nn(-c2ccccc2)nc1NC(=O)CN1CCOCC1,-0.26964834332466125
base,N#C/C(=N\Nc1ccc2ccccc2c1)C(=O)c1ccccc1,-2.937732458114624
base,C[C@H]1C[C@H](C)CN(C(=O)c2ccc(Cl)c([N+](=O)[O-])c2)C1,-2.7694172859191895
base,O=C(CSc1ccc(-c2ccccc2F)nn1)N1CCCc2ccccc21,-5.3018975257873535
base,CCC(=O)N[C@@H](NCc1ccc([C@@H](C)N(C)C)cc1)C(Cl)(Cl)Cl,-5.057826519012451
base,COc1cc(NC(=O)c2ccccc2F)ccc1COc1cc(/C=C/c2nc3ccccc3o2)ccc1F,-5.789175987243652
base,CC1=NCCN1CCN(C)C(=S)Nc1cccc(Cl)c1,-6.726387977600098
base,CO/N=C(\C)CC(=O)Nc1ccccc1Cl,-3.715940475463867
base,COc1ccccc1C(=O)N[C@H](C(=O)NC[C@H]1CCCO1)C(=O)N1CCc2ccccc2C1,-0.34206825494766235
base,OC[C@]1(Cc2ccccc2)CCCN(Cc2c(Cl)cccc2C(F)(F)F)C1,-9.818618774414062
base,CC(=O)N/N=C/c1ccc(-n2nncc2CC#N)cc1,-0.36511683464050293
base,COc1ccc(F)cc1C(=O)/C=C/Nc1ccccc1NC(C)=O,-2.3887078762054443
base,N#CN/C(=N\c1cccc(F)c1)SCc1cc(F)cc([N+](=O)[O-])c1,-1.4826135635375977
base,C[c-]1[cH+][c-](C)[c+]2[cH-][c+]3n([c-]2[cH+]1)NC1O[S+2]12[CH-][CH+][CH+][C+]2CN[C+]([O-])C(C[C-]1[CH-][CH+][CH-][CH+][CH-]1)CC[N-][C-]3[O-],-0.6308206915855408
base,COc1ccccc1C(=O)NCC(=O)OCC(=O)NC(=O)/C=C/c1ccc2c(c1)OCO2,-0.2528391182422638
base,CC(C)[N-]CC[c+]1[cH-][c+]([C+]([O-])N[N-][CH+][c+]2[cH-][cH+][cH-][cH+][n-]2)[cH-]s1,-1.2718091011047363
base,CCO[C]([O])C(O)([C]1[CH][CH][CH][C](C)[CH]1)C([C]1[CH][CH][CH][C](N([O-])[O-])[CH]1)[C+]([O])OCC,-0.8411538004875183
base,CCO[C@@H](c1ccc(OC)cc1)c1nnc(N)s1,-1.6246095895767212
base,CCN(CC)c1ccc(Cl)c(C(=O)NCCCn2ccnc2)c1,-4.009823799133301
base,Cc1nn(C)c(Cl)c1NC(=O)OCc1ccccc1,-3.2863686084747314
base,O=C(CN1CCN(c2ccccc2O)CC1)NC[C@@H]1CCCO1,-1.8024051189422607
base,O=S1(=O)CC[C@@H](N=[S@@]2([O-])=CC[S+]=C2)C1,-1.638451099395752
base,CO[c+]1[c-](OC)[cH+][c-]([C-]([O-])NCC[N-][C+]([O-])S[c+]2o[c+]([C+]3[CH+][CH-][C+](F)[CH-][CH+]3)[cH+][c+]2[C][N-2])[cH+][c-]1OC,-0.6336052417755127
base,[O-][S@@+](Cc1ccc(Br)cc1)Cc1nnc(-c2ccc3ccccc3c2)n1-c1ccccc1,-6.493144512176514
base,S=C(NC1CCCCC1)N1CCN(c2ncccn2)CC1,-4.314542770385742
base,CCCn1c(=O)[nH]c(=O)c2c1nc(-c1ccc(C)cc1)n2CCOC,-0.8124627470970154
base,COc1ccc(Oc2c(O)nc(SCc3ccc(C)cc3)[nH]c2=O)cc1,-1.624660611152649
base,[O][C](CCCN[C+]([O])[C]1[CH][CH][C]([N+]([O])[O-])[CH][CH]1)OC[C]1[CH][C](N([O-])[O-])[CH][CH][C]1O,-0.5159950852394104
base,OC[C@]1(Cc2ccc(F)cc2)CCCN(CCc2ccccc2)C1,-8.529749870300293
base,CC(=O)c1c(O)c2ccccc2n(Cc2ccccc2)c1=O,-2.8062708377838135
base,O[C@@H](CNCCC/C=C/c1ccco1)C(F)(F)F,-4.460536003112793
base,COc1ccc(C(=O)Nc2cccc3c2CCCC3)cc1Cl,-6.54360294342041
base,O=C(c1ccncc1)N1CCC[C@H](N2CCN(c3ccc(F)cc3)CC2)C1,-5.126734733581543
base,CC(=O)NCCCCCOc1ccc(NC(=O)C2=CCN(S(=O)(=O)c3ccccc3)CC2)cc1,-0.941598117351532
base,S=C(Nc1ccc(Cl)cc1)c1nc2ccccc2[nH]1,-5.8413310050964355
base,[O-][c+]1[c+]([CH+][C][CH+][c-]2[cH+][cH-][cH+]o2)s[c-]([S-])n1-[c-]1[cH+][cH-][cH+][n-][cH+]1,-3.0838406085968018
base,COc1ccc(Cc2nnc(-c3ccc(F)cc3)o2)cc1OC,-3.305748224258423
base,CCN(/N=C/C=C/c1ccccc1)c1ccccc1,-10.494568824768066
base,NNC(=O)c1cc(C(=O)Cc2ccc(Cl)cc2Cl)c[nH]1,-0.8234449625015259
base,C[C@H](/[S+]=C1\N=N/C(=C2\C=CC=[O+]2)N1C)C(=O)Nc1ccccc1N([O-])[O-],-0.3950769901275635
base,C[C@H]1CCCC[C@@H]1NC(=O)C1CCN(S(=O)(=O)c2ccc3c(c2)CCC(=O)N3)CC1,-0.7532540559768677
base,COCCn1cc(/C=C(\C#N)C(=O)NCc2ccco2)c2ccccc21,-1.239152431488037
base,COc1ccccc1N1CCN(C(=O)CSc2nc3ccccc3n3cnnc23)CC1,-1.3184013366699219
base,COCC[NH2+][CH-][C-]1[C+]([O-])N[C-]([O-])N([C+]2[CH+][CH-][CH+][C-](F)[CH+]2)[C+]1[O-],-0.4692293107509613
base,O=C(NC1CCCCC1)NC1(C(=O)Nc2ccc(Br)cc2Cl)CCCCC1,-3.8807623386383057
base,COCCN(C(=O)C[C@H]1C(=O)NCCN1Cc1cccs1)c1c(N)n(Cc2ccccc2)c(=O)[nH]c1=O,-0.22690646350383759
base,COCC(=O)Nc1ccc(O)c(-c2csc(N)n2)c1,-0.3319481611251831
base,COc1ccccc1-c1cn(C)c2ccccc12,-10.414485931396484
base,O=C1OCC[C@@H]1Nc1nc(C(F)(F)F)nc2c1cnn2Cc1ccccc1Cl,-1.3593344688415527
base,CN(OC(=O)c1cc(S(=O)(=O)N2CCOCC2)ccc1Cl)c1ccccc1N1CCOCC1,-0.69652259349823
base,CN([N-][O-])[c+]1[cH+][c+]2s[c+]3[c-]([cH+][c+]2[n-]1)[C][C][C][C]3.[CH3+],-3.345794200897217
base,COc1ccc(OCc2cc(C(=O)NCCCN3CCCCC3)no2)c(Cl)c1,-1.7319210767745972
base,N#C/C(=C/c1ccccc1OCc1ccc2c(c1)OCO2)C(=O)Nc1cccc(Cl)c1,-2.9130101203918457
base,[O-]N([O-])[C]1[CH][CH][CH][C]([C]([N]OO)[C+]2[CH][CH][CH][CH][CH]2)[CH]1,-0.6068377494812012
base,O=C(Nc1ccccc1)c1coc(C(=O)NNS(=O)(=O)c2cccc(C(F)(F)F)c2)c1,-0.8734281659126282
base,Fc1ccccc1OCCc1ccncc1,-8.29869270324707
base,CCO[C-]([O-])C1([CH+]CC[c+]2[cH-][cH+][cH-][cH+][cH-]2)CCN(C2CCCCC2)CC1,-6.772639274597168
base,O=S(=O)(c1ccccc1)c1cc(Br)c(-c2ccccn2)nc1Cl,-3.7173919677734375
base,CCOc1ccccc1O[C@@H](CN1C(=O)[C@@H]2[C@H](C1=O)[C@H]1C=C[C@@H]2C1)c1ccc(Cl)cc1,-4.397088527679443
base,CCOc1nsc(NS(=O)(=O)c2ccccc2F)n1,-0.8336036205291748
base,COc1cc(OC)c(NC(=O)C(C)(C)C)cc1C#CCC(C)C,-4.900127410888672
base,CCNS(=O)(=O)c1ccc(CCC(=O)NN/C([O-])=C\[C@@H](/[O+]=C2/C=CC=CC2=O)[P@@](C)(=O)O)cc1,-0.40420451760292053
base,Cc1ccc(NC(=S)NC(=O)c2ccco2)cc1Br,-3.7296698093414307
base,Cc1ccc(S(=O)(=O)N2CCCC2)cc1C(N)=O,-0.8670289516448975
base,C[C][c+]1[cH+][cH-]n(C(C)[C-]([O-])[C+]2[CH+][CH-][C+](O[C-](C)[O-])[CH-][CH+]2)[c+]2[c-]1[C+](O)CCC2.[H+].[H+],-1.1277552843093872
base,O=C(N[P@@](=O)(OCCCl)c1cccs1)c1ccc(Br)o1,-2.418844699859619
base,N#CCCCOc1ccc(Cl)cc1Cl,-6.931708812713623
base,CC(/C=N/NC(=O)c1nnn(-c2nonc2N)c1C(C)C)=C\c1ccco1,-0.4104318916797638
base,Fc1ccc(N2CC[C@@H](c3c[nH]c4ccccc34)c3cncnc32)cc1,-5.843876838684082
base,CN(Cc1ccccc1)C(=O)/C(=C\c1ccco1)NC(=O)c1cccnc1,-1.5526039600372314
base,O=C(NS(=O)(=O)Nc1ncccn1)c1ccc(-c2ccccc2)cc1,-0.43134453892707825
base,CNCc1[c-]n2cccnc2n1.[H+],-4.580212593078613
base,COc1cccc(OC[C@H](O)CNC(c2ccccc2)c2ccccc2)c1,-4.272529602050781
base,O=C(O)CSc1ccc(C(=O)c2ccc(SC[C@@H](O)COc3ccccc3)cc2)cc1,-2.2423837184906006
base,COCCN1Cc2cccc(C(=O)OCC(=O)Nc3ncc(Cl)c(C)c3Cl)c2C1=O,-0.8484063148498535
base,CCC(=O)N(Cc1cc(=O)[nH]c2ccccc12)c1ccc(F)cc1,-3.887521982192993
base,O=C(NC1CCN(Cc2cnc3ccccn23)CC1)c1ccc(Cl)cc1,-4.144975662231445
base,OC[C@@H](O)CN(c1ccccc1)c1ccccc1,-4.459713935852051
base,O=C(Nc1ccc(S(=O)(=O)N2CCCC2)cc1)[C@@H]1Oc2ccccc2NC1=O,-0.3306242823600769
base,COc1cc(C(=O)[C@@H]2CCC(=O)NC2)cc(OC)c1OC,-1.2012887001037598
base,COc1ccc(N2C(=O)Nc3ccc(Br)cc3[C@]2(O)C(=O)NCCCO)cc1OC,-0.42278969287872314
base,NS(=O)(=O)c1ccc(CCNC(=O)c2ccc3ccccc3n2)cc1,-0.34780144691467285
base,[CH2+]C1[C-]2[S+]1[N+]2([O-])OOCCO[C-]([O-])NC[c+]1[cH-][cH+][cH-][cH+][cH-]1,-0.6103172302246094
base,O=S(=O)(NC[C@@H]1CCCCO1)c1c(F)c(F)c(F)c(F)c1F,-3.1259665489196777
base,CCOc1ccc2[nH]c(SCc3ccco3)nc2c1,-4.308903694152832
base,NC[C@@H](c1cccnc1)c1cc(-c2ccccc2)[nH]c1-c1ccc(Cl)cc1,-5.378486633300781
base,CCN(Cc1ccccc1)C(=O)[C@H](CCO)n1cccc1,-4.2723469734191895
base,CCOc1ccccc1N1CCN(C(C)=O)CC1,-6.020180702209473
base,COCCC(=O)N1CCC(Oc2ccc(C(C)C)cc2)CC1,-5.643365859985352
base,O=C(Cc1ccc(Cl)cc1)NN[C@H]1CC(=O)N(c2ccc3ccccc3c2)C1=O,-1.3411937952041626
base,O=C(O)CCCC(=O)Nc1ccc(Oc2cccc(C(F)(F)F)c2)nc1,-1.6389846801757812
base,Cc1nc(-n2cccc2)nc(C)c1C(=O)N1CC[C-](C(N)=O)[C@@H](c2ccc(Cl)cc2)SC1.[H+],-1.411668062210083
base,NNC(=S)Nc1ccc(Cl)cc1,-3.6337664127349854
base,C[P@](=O)(NCCN1CCOCC1)c1ccccc1,-4.573072910308838
base,Cn1c(SCC(=O)Nc2ccccc2O)nnc1-c1ccco1,-0.5665237903594971
base,COc1cccc2c1O[C@H](C(F)(F)F)[N-]NC(=[O+]/c1nc(C)cc(C)n1)/N=C\2,-1.2666120529174805
base,CCC(=O)Nc1ccc(C(=O)N/N=C/c2cccnc2)cc1,-0.7877163290977478
base,[CH2-]C1C[S+2]([O-])([O-])[C-]([CH+][N-]C2CCCCC2)[CH+]NCCN1C[c+]1[cH+][n-][cH-][cH+][cH-]1,-0.7803061604499817
base,NC(=O)Cn1cncn1,-1.371580958366394
base,Cc1ccc(NC(=O)COC(=O)CCc2c[nH]c(=O)n2Cc2ccccc2)cc1F,-0.7068319320678711
base,O=C(Cc1noc(-c2cccc(Cl)c2)n1)c1ccc2c(c1)OCO2,-1.8715128898620605
base,NNC1CCCCCCC1,-5.468250274658203
base,[CH2-]CCCC#C/C=[C-]/S(=O)(=O)c1nc(-c2ccc(F)cc2)oc1NCCOC.[H+].[H+],-1.7294338941574097
base,CCOC(=O)[C@H]1CCCN(c2cccc3cccnc23)C1,-4.9045491218566895
base,COc1cc(OC)c(OC)cc1CNN,-1.841684103012085
base,S=C(NCc1cccnc1)Nc1ccccc1N1CCOCC1,-3.712406635284424
base,COc1oc2ccc(OCCCN[C@H](CCc3ccccc3)C(=O)O)cc2c1C,-1.9615464210510254
base,O=C(c1ccco1)N1CCN([C@H](c2ccccc2)c2ccc(Cl)cc2)CC1,-6.779120922088623
base,COC(=O)C1=C(C)NC(=O)N[C@@H]1c1cc(Cl)cc(Cl)c1OC,-1.446935772895813
base,Cn1c(=O)n(C)c2cc([N+](=O)[O-])c(N3CCN(C(=O)c4ccc(F)cc4)CC3)cc21,-0.426786869764328
base,COc1ccc(C(=O)N/C(=C\c2ccc3c(c2)OCO3)C(=O)NCCc2ccccn2)cc1,-0.7089234590530396
base,Cc1oc2cc3oc(=O)c(CCC(=O)N4C[C@@H]5C[C@H](C4)c4cccc(=O)n4C5)c(C)c3cc2c1C,-1.8061679601669312
base,O=c1[nH]c2ccccc2n1-c1ccc([N+](=O)[O-])cc1,-0.970818817615509
base,O=C(NCc1ccc(Br)s1)c1ccco1,-5.052624225616455
base,CCOc1ccccc1OCc1nnc(SCC(=O)Nc2cc(C)nn2-c2ccccc2)n1Cc1ccc2c(c1)OCO2,-2.530470132827759
base,Nc1ccccc1C(=O)OCc1cnc(Cl)s1,-2.2168452739715576
base,[O][C](C[N-][C]1[N]C2(CCCCC2)SCC1C[C-][CH+][CH][CH]O)[C]1[CH][CH][CH][CH][CH]1,-3.361774444580078
base,O=C(O)C[C@H](Cc1cccc2ccccc12)c1ccc(F)cc1,-7.009661674499512
base,O=C(/C=C/c1ccco1)NCC(=O)NC1CCCC1,-1.4063763618469238
base,CNC(=S)C1=C(c2ccc(F)cc2)/C(=C(\N)[O-])C(NC(=O)/C=C/c2cccc3ccccc23)=[S+]1,-0.788671612739563
base,FC(F)Oc1ccccc1NC(=S)Nc1ccc(Oc2ccccc2)cc1,-7.412208557128906
base,COc1cccc2c(=O)n(CC(=O)N(CC(=O)NC3CC3)c3cccc(C)c3)ccc12,-1.0109707117080688
base,O=[N+]([O-])N1Cc2ccccc2N=C1/C=C/c1ccccc1,-3.180715560913086
base,CCO[CH-]COC(=O)c1c(N)n(-c2ccccc2)c2nc3ccccc3nc12.[H+],-1.1723453998565674
base,O=S(=O)(O)C[C@H](S)CS,-3.2957682609558105
base,NC(=O)c1cccnc1O/N=C\c1cccc(F)c1,-1.0132938623428345
base,COc1ccc(/C=N/N=C2/NC(=O)[C@H](CC(=O)O)S2)cc1OCc1ccc(Cl)cc1,-0.9724605679512024
base,Cc1cnc(NC(=O)NC2CCCC2)s1,-3.3509504795074463
base,[O-][S@+](Cc1ccc(Cl)cc1)c1cc(F)ccc1/C=N/n1cnnc1,-2.4176037311553955
base,O=C(Cn1c(=O)[nH]c2ccsc2c1=O)N1CCN(c2ccccc2)CC1,-0.8315471410751343
base,OC1CCN(Cc2nc(-c3cccc(Cl)c3)no2)CC1,-2.3198177814483643
base,O=C(/C=C/c1ccccc1)NC(=O)CN1C(=O)c2ccccc2C1=O,-0.6712141633033752
base,COc1ccccc1N1CCN(C(=O)CCc2nnc(CCCC3CCCCC3)o2)CC1,-2.627232074737549
base,CNCc1cc2c(cc1OC[C@H](O)CNC)OCO2,-1.3555611371994019
base,COc1ccc(-n2cc(-c3ccccc3)c3c(=O)[nH]cnc32)cc1OC,-2.1337103843688965
base,[H+].[H+].[N-2][C]CS[c+]1[n-][n-][c+](C[C-]2[CH-][CH+][CH-][CH+][CH-]2)n1[C+]1[C+]([c+]2[cH-][cH+][cH-][cH+][cH-]2)N(C[c+]2[cH-][cH+][c-](F)[cH+][cH-]2)N([c+]2[cH-][cH+][cH-][cH+][cH-]2)[C+]1[O-],-2.7808244228363037
base,Cn1c(Oc2ccccc2Br)nnc1[C@@H]1COc2ccccc2O1,-3.464709997177124
base,Nc1ccc(Cl)c(S(=O)(=O)NC2CC2)c1,-1.3983899354934692
base,COc1cccc(C(=O)N2CCN(Cc3cc(OC)c(OC)c(OC)c3)CC2)c1,-2.55790638923645
base,C/C(=N/O)c1ccc(N(C)c2ccccc2)cc1,-6.338298797607422
base,CO[c-]1[cH+][c-](C)[c+]([O-])[nH][c+]1[O-],-1.5009971857070923
base,CCCC/[S+]=c1\nc(O)c(-c2ccccc2)c([O-])n1-c1ccccc1,-3.1168980598449707
base,COc1ccc(S(=O)(=O)N2CCCCCC2)cc1C(=O)Nc1cc(C)on1,-0.691084086894989
base,N#CCS/C(=C\c1ccccn1)NC(=O)N1CCOCC1,-0.969120442867279
base,c1ccc(CCn2nnc3c(NC[C@@H]4COc5ccccc5O4)ncnc32)cc1,-0.8331567645072937
base,COc1ccc(CNC(=S)NNC(=O)CC(C)C)cc1,-2.1659247875213623
base,O=[N+]([O-])/C(=N\Nc1ccccc1)NNc1ccccc1,-0.6456283926963806
base,COCCNC(=O)C(=O)NC[C@@H]1OCCN1S(=O)(=O)c1ccc(C)cc1,-0.3604660630226135
base,COc1ccc2cc(C(=O)NC[C@@H]3CCCO3)[nH]c2c1,-2.130779266357422
base,[CH2-]S[C@@]1(C)C[C@H]([C@H](CC)[C@@H]2C=CCN(C(=O)COC3=CN[C-]=CC=C3)C2)N[C-]=[NH+]1.[H+].[H+],-1.8255085945129395
base,Cc1c(NC(=O)COC(=O)C2(c3ccccc3)CCCC2)c(=O)n(-c2ccccc2)n1C,-1.3889012336730957
base,COc1cc(S(=O)(=O)N2CCCCC2)ccc1NC(=S)Nc1cccc(C(=O)O)c1,-0.9936830997467041
base,O=C(CNS(=O)(=O)c1ccc(Br)cc1)N1CCOCC1,-1.1153695583343506
base,CO[C]1[CH][C]([CH+][C]([C][N])[C]2[N][C]3[CH][CH][CH][CH][C]3S2)[CH][C](Br)[C]1O[C]1[N][CH][CH][CH][C]1N([O-])[O-],-0.9739582538604736
base,O=S(=O)(c1ccccc1)c1c[nH]c2ccccc12,-3.947543144226074
base,S=C(c1ccc(-c2ccc(Cl)cc2Cl)o1)N1CCCCC1,-11.51601505279541
base,FC(F)(F)c1nnc2ccc(NCc3cccs3)nn12,-3.3365118503570557
base,O=C1c2c(sc3c2CCCC3)N(CCO)CN1CCC1CCCCC1,-5.382928848266602
base,O=[N+]([O-])c1cc(Cl)ccc1OCc1ccccn1,-2.448065757751465
base,O=C1/C(=C\c2ccccn2)SC(=S)N1c1cccc(F)c1,-6.728999137878418
base,C[N-][O+]1O[C-](CCC2CCCCC2)N[c+]2[cH-][cH+][cH-][cH+][c-]2N([C-]([O-])[C+]2[CH+][CH-][CH+]O2)C1([C+](N)[O-])C(F)(F)F,-1.0013444423675537
base,[CH2+][C+]1[CH-]C(CC[C+]([O-])OC)[C+]([O-])OC2(C)C([C-]([O-])O)CCC(CC)C12,-0.5485112071037292
base,S=P(NC1CCCCC1)(N1CC1)N1CC1,-8.993355751037598
base,COc1ccc(/N=N\c2nc(NC(=O)c3ccco3)c(Cl)s2)c(OC)c1,-2.316622495651245
base,CCCN1CCc2c(sc(NC(=O)/C=C/c3ccccc3)c2C#N)C1,-3.8109118938446045
base,CNC(=S)Nc1ccccc1C(=O)O,-2.304328680038452
base,O=C(NCCO)c1cc2c(s1)CCCC2,-3.677330732345581
base,O=C(N/N=C/c1ccc(OC(F)(F)F)cc1)c1ccccc1Br,-4.565314292907715
base,CP(=O)(c1ccccc1)c1ccccc1,-9.269466400146484
base,O[C@@H](CN1CCOCC1)c1cccs1,-6.0377278327941895
base,CN1CCN(c2ccc(CNS(=O)(=O)/C=C/c3ccccc3)cc2)CC1,-3.3116519451141357
base,CCNS(=O)(=O)c1cc(C(=O)OC)[nH]c1C,-0.6231483817100525
base,O=c1[nH]c([C@@H](Cl)Cc2ccc(F)cc2)nc2ccccc12,-4.81245756149292
base,CCCC(=O)Nc1cccc(/C=C/c2cc3ccccc3oc2=O)c1,-4.001562595367432
base,[H+].[O-][C+]([C+]([CH-][c+]1[cH-][cH+][cH-][c+](N([O-])[O-])[cH-]1)[C+]1[CH+][CH+][CH-][CH+][CH-]1)N([O-])[O-],-0.4060773551464081
base,C[C-]([O-])N[C+]1[CH][C][C]([C]([O-])[C+]2[CH][CH][N][C]3[CH][CH][CH][CH][C]32)[CH][CH]1,-1.524793028831482
base,COc1ccc2c(c1OC)C(=O)O[C@H]2[C@@H](c1ccon1)N(C)C,-1.2681927680969238
base,COc1ccc(Cl)cc1Nc1cc(N2CCCC2)c(F)cc1[N+](=O)[O-],-3.328611373901367
base,CCOc1cc([C@H]2NC(=S)NC(C)=C2C(=O)Nc2cccc(C)c2)ccc1O,-1.4312227964401245
base,O=C(Cc1cccc2ccccc12)N/N=C/C1=CSC2=C3CCCCC3(C(=O)O)SC2=N1,-2.2802813053131104
base,O=C(COC(=O)c1coc2ccccc2c1=O)c1ccccc1Br,-1.9653143882751465
base,NNC(=O)c1ccnn1C1CCCCC1,-1.3680988550186157
base,O/N=C/c1cc(N2CCN(c3ccc(F)cc3)CC2)ncn1,-1.940518856048584
base,CCCNC(=O)c1cccc(F)c1,-6.822662830352783
base,COCCCn1c(=O)c2ccccc2n2c(=S)[nH]nc12,-1.9531211853027344
base,Cn1c(=O)c2[nH]c(N3CCOCC3)nc2n(Cc2ccccc2)c1=O,-0.5682201981544495
base,CO[C]1[CH][CH][C]([CH+][C]([C][N])[C]2[N][C]([C]3[CH][CH][C](C)O3)N([C]3[CH][CH][C]4OCO[C]4[CH]3)[N]2)[CH][C]1N([O-])[O-],-0.5854127407073975
base,CCOC(=O)c1c(NC(=O)CN2C(=O)N[C@](C)(C3CC3)C2=O)sc2c1CCCCC2,-0.8522003889083862
base,CN[P@](C)(=O)Nc1ccc(N2CCCC2=O)cc1,-2.426027536392212
base,C=[N+](CCC[N-]CCCOC)C(=O)CCC(=O)NCC1CCCCC1,-1.7127214670181274
base,[H+].[H]/N=C(/C=C1/C=CC(F)=C[CH-]1)C(=O)NC(C(=O)OCC)=C1CCCCC1,-1.8542687892913818
base,COc1cc2[nH]c(=S)nc(NCCN3CCOCC3)c2cc1OC,-1.4224743843078613
base,CC(=O)COc1ccccc1C(=O)Nc1cccc(NC(C)=O)c1,-0.9841614365577698
base,C[C@@H](CCc1ccco1)/C(O)=C(\C#N)c1nc2ccccc2s1,-3.3195576667785645
base,CO[C]1[CH][CH][C](CCN[C+]([O])CO[C]2[CH][C](C)[CH][CH][C]2C)[CH][C]1N([O-])[O-],-0.785976231098175
base,Cc1cc(Br)cc(Br)c1OC[C@@H](O)CN1CCCCC1,-6.981780529022217
base,COc1cnc2ccc(CN(CCCN3CCOCC3)C(C)=O)cc2c1,-2.998194694519043
base,Cl[c-]1[cH+][cH-][cH+][c-](Cl)[c+]1C[CH-]n1[cH+][n-][cH+][n-]1,-6.2583842277526855
base,N#C[C@H](CC(=O)c1ccc2ccccc2c1)C(=O)c1ccccc1,-3.965829372406006
base,Cc1ccc(/N=C2/NC(=O)C(CO)(CO)S2)cc1,-0.787747859954834
base,O=[P@@](CCNCCO)(c1ccccc1)c1ccc(F)cc1,-3.603090286254883
base,NS(=O)(=O)c1ccc(CNS(=O)(=O)c2ccc([N+](=O)[O-])cc2Cl)cc1,-0.3802020847797394
base,O=C(O)c1cc(N/C=C/c2nc(-c3ccccc3)no2)ccc1O,-0.896156907081604
base,O=[N+]([O-])c1ccc(NCc2ccccc2)c(Cl)c1,-3.8794686794281006
base,Nc1ncc2c(n1)C[C@H](Cc1cccc(F)c1)CC2,-3.532583713531494
base,S=C(NCCc1ccccn1)NC1CCCCC1,-5.593785762786865
base,O=C1SCC[C@@H]1N(CCc1cccc(F)c1)S(=O)(=O)c1cnc[nH]1,-0.771503210067749
base,COCC(=O)Nc1nnc(C2CCCCC2)s1,-2.158656597137451
base,CN(CCC[C+]([O-])N1[C+]2S[C+]3CCCCC[C-]3[C+]2[C-]([O-])[N-]C1CC[C+](N)[O-])[C-]([O-])C1CCCC1,-0.52262282371521
base,CN(CC(=O)NC(C)(C)C)S(=O)(=O)c1cc(C(=O)NCCc2ccccc2)ccc1Cl,-0.746974527835846
base,Brc1ccc2nc(C/[S+]=c3\nc4[cH-]cc[c-]c-4s3)cn2c1.[H+],-7.554887771606445
base,COCCO/N=C\c1cccc([N+](=O)[O-])c1,-1.3015997409820557
base,[CH2+]CN1N=C=C=C1c1[c-]cc(S(=O)(=O)NCc2ccc(OCC(=O)N3CCOCC3)cc2)cc1,-0.3414374589920044
base,COc1ccc(S(=O)(=O)N/C(=N\C(C)C)C(Cl)(Cl)Cl)cc1,-2.218362331390381
base,Cc1ccc(/N=c2/sc(C)c(C)n2-c2n[nH]c(=O)n2Cc2ccccc2)c(C)c1,-2.637298822402954
base,[CH2-]C.[O-]/[P+](=[NH+]\C1CC1)c1ccc(Cl)nc1,-3.579989194869995
base,CCN1[C-]([O-])[c+]2[cH+]n(C[c-]3[cH+][cH-][c+](Cl)[cH-][c+]3Cl)[n-]n2-[c+]2[c+](N)[n-]on2C2[c+]3[cH-][cH+][cH-][cH+][c-]3N(C)[C+]([O-])[C-]21,-0.26443445682525635
base,C/[O+]=C/[C@@H](CCCO)[C@@H](C1=C([O-])CC(C)(C)CC1=O)c1cn(C(C)=O)c2ccccc12,-0.9210056066513062
base,COCCN(C(=O)c1csnn1)[C@H](C(=O)NC1CCCCC1)c1ccccc1,-0.9984869360923767
base,CN1C2=C(CCCC2)[S@SP2+]2[C-]1C(C#N)=C1N(c3ccccc3)C(N3CCOCC3)=NN12,-2.9933598041534424
base,COc1ccc(C(=O)[C@H](O)[C@@H](c2ccc(C)cc2)N2CCOCC2)cc1OC,-1.8252867460250854
base,CO[C+]1[CH-][C+](N([O-])[C-]([O-])[c+]2[cH-][cH+][c-](OC)[cH+][cH-]2)[CH+][CH+][C-]1OC,-1.0049511194229126
base,S=C1CCCCN1CCOC(c1ccccc1)c1ccccc1,-11.50589656829834
base,COc1ccc(C2=NO[C@@H]3OCC[C@@H]3CC2)cc1,-5.150008201599121
base,O=C(CCCCCNC(=O)Cn1cc([N+](=O)[O-])cn1)NO,-0.42027348279953003
base,CC(=O)NC1=[S+]/C(=C2\C=[S+]C(Nc3cccc(N([O-])[O-])c3)=N2)C(C)=N1,-0.34927839040756226
base,COc1cc(C(=O)N2CCOCC2)c(OC)c(N2C(=O)CCC2=O)c1,-0.6137540936470032
base,C[C@@H]1C[C@H](C)CN(c2cc(=O)n(C3CCCCC3)c(=O)[nH]2)C1,-2.8987793922424316
base,O=C(c1ccc(N2CCCCC2)c([N+](=O)[O-])c1)c1ccccn1,-1.5925606489181519
base,Clc1ccc(NNc2ccccc2Nc2ccccc2Cl)nc1,-6.17695426940918
base,CCOc1ccccc1N(C(=O)c1ccc(C(F)(F)F)cc1)c1ccccn1,-6.903771877288818
base,CS[CH-][N-][N-][C+](N)N[C+]1[N-][CH+][N-][C+]1N[c+]1[cH-][cH+][cH-][cH+][cH-]1,-0.885692298412323
base,C=CS(=O)(=O)Nc1ccccc1,-3.9945030212402344
base,[O][N+]([O-])[C]1[CH][C](N([O-])[O-])[C]2CCN(S([O])([O])[C+]3[CH][CH][CH][CH][CH]3)[C]2[CH]1,-0.5472128391265869
base,[CH2+]CCCCc1[c-]cnc2c(OCC(=O)O)cccc12,-2.8740501403808594
base,Cc1nc2ncnn2c(C)c1Cc1ccccc1,-4.618189811706543
base,OC[C@@H]1O[C@@H](n2nc3ccccc3n2)[C@H](O)[C@H](O)[C@H]1O,-0.37786439061164856
base,COc1ccc(Nc2nnc(-c3ccc(C)c(S(=O)(=O)NCc4ccco4)c3)c3ccccc23)cc1,-2.6644139289855957
base,O=C(CCc1ccccc1)N(CN1CCCCC1)c1ccccc1,-8.785703659057617
base,COc1ccc(NC(=O)c2cc([N+](=O)[O-])nn2C)c(C)c1,-0.40394625067710876
base,[N-2][C][C+]1[CH+][CH+][C-](O[C][C][CH+]SC[C+]2[CH+][CH-][C+](O[c-]3[cH+][cH-][cH+][cH-][cH+]3)[CH-][CH+]2)[CH+][CH-]1,-6.6011834144592285
base,NNC(=O)CCCCCCC[C@H]1C(=O)Nc2ccccc21,-0.8898802399635315
base,Cc1[nH]nc2c1[C@@H](N1CCc3ccccc31)N(c1ccc(F)c(Cl)c1)C(SCc1nc3ccccc3[nH]1)=N2,-5.320059299468994
base,Cc1ccc(C)c(SCC(=O)Nc2sc(C)c(C)c2C#N)c1,-4.6785359382629395
base,CCOC(=O)CCCC(=O)NNc1cc2cc(Cl)ccc2[nH]c1=O,-0.5823946595191956
base,COc1cc(/C=N/NC(=O)c2cn(C)c3ccccc23)ccc1O,-1.2681100368499756
base,O=C(NC[C@@H]1COc2ccccc2O1)c1ccc(S(=O)(=O)C(F)F)cc1,-0.9002940058708191
base,[O-][c+]1[nH][cH+][n-][c-]2[nH][c+]3[n-]n-3[n-][c+]12,-0.4915282130241394
base,O=C(OCC(=O)[C@H]1c2ccccc2-c2cccc(Cl)c21)c1ccccc1O,-3.5457699298858643
base,C[NH2+][C][CH-]C([c+]1[cH-][cH+][cH-][cH+][c-]1C(F)(F)F)C1C[C+](C)NC(C)(C)C1,-7.587793827056885
base,CC(=O)/C(=N\Nc1ccc2ccccc2c1)Sc1nnc(-c2ccco2)o1,-1.902376413345337
base,O=C(CCN1C(=O)c2ccccc2C1=O)NCc1cccc(Cl)c1,-2.036151170730591
base,Brc1ccccc1CN1CCOCC1,-10.143438339233398
base,O=c1c2c3c(sc2nc2n1CCCC2)[C@@H](O)CCC3,-3.075634241104126
base,[CH][CH+][C-]([CH+][C][CH+][CH-][CH+][C]C[CH+]N(C[CH-][C+]([O-])O[c-]1[cH+][cH-][c+](C2CCCCC2)[cH-][cH+]1)C[c+]1[cH-][cH+][cH-][cH+][cH-]1)C(F)(F)F,-10.41770076751709
base,COCCNC(=O)COc1ccc2c(c1)C(=O)C[C@H](CCNC(C)=O)O2,-0.3415229022502899
base,Cc1[nH]c2c(C)cccc2c1C(N)=O,-2.607456684112549
base,COc1ccc(NS(=O)(=O)c2cn(C)cn2)cc1OC,-0.6525370478630066
base,CON1C(=O)c2cccc3cccc1c23,-6.754568576812744
base,O=C(/C=C/c1cccc(Br)c1)c1cc2ccccc2oc1=O,-5.221808910369873
base,O=C(C1=C(O)C(=O)N(CCN2CCOCC2)[C@H]1c1cc(CCN2CCOCC2)nc2c(F)cccc12)c1ccco1,-0.6513421535491943
base,FC(F)C(F)(F)C(F)(F)C(F)(F)C(F)(F)C(F)(F)C(F)(F)C(F)(F)Br,-16.37266731262207
base,O=C(CCNC(=O)C1CCN(c2nc3ccc(C(=O)O)cc3s2)CC1)Nc1ccccc1F,-1.007200837135315
base,[O][C](C[C]1[CH][CH][CH][CH][C]1N([O-])[O-])NN[C]([O])[C+]([O])NC1CC1,-0.5371086001396179
base,CCC(=O)Nc1c(Cl)cccc1N1CCN(c2ccccc2)CC1,-6.552370071411133
base,CC(/C=C/c1ccc(N2CCOCC2)cc1)=N/NC(=O)CNc1ccc(Cl)cc1C,-2.9183359146118164
base,O=C(NCCCSc1ccccc1)c1ccc(Cl)nc1,-5.3580403327941895
base,COc1cccc(-n2nnnc2SCC(=O)Nc2ccccc2N2CCOCC2)c1,-0.4360384941101074
base,[H]/N=c1\c(C(=O)NC[C@@H]2CCCO2)cc2c(=O)n3ccccc3nc2n1Cc1ccc(Cl)cc1,-0.6276068091392517
base,O=C(CSc1nc(-c2ccccc2)cc(C(F)(F)F)n1)c1nc2ccccc2[nH]1,-3.265777349472046
base,Cc1cc(C)c2nc(SCC(=O)Nc3cc(C(C)(C)C)nn3-c3ccccc3)c(C#N)cc2c1,-3.5939018726348877
base,NNC(=O)CNCc1ccc(F)cc1,-1.7776026725769043
base,Fc1ccc(-c2nc(-c3cnccn3)no2)cc1,-2.128113031387329
base,N[C@@H](Cc1ccccc1)C(=O)O,-2.098180055618286
base,[O-][S@+](NC1CCCC1)[C@]12C[C@H]3C[C@H](C[C@H](C3)C1)C2,-6.435680866241455
base,COc1ccc2nc(SCc3ccccn3)c(C#N)cc2c1,-3.3303346633911133
base,O=C(CCc1ccccc1)NNC(=O)Nc1ccccc1,-1.6790683269500732
base,O=C(c1nnc(-c2cccnc2)o1)C1(c2ccccc2)CCCC1,-2.4573774337768555
base,NS(=O)(=O)c1ccc(OCCOc2ccccc2)cc1,-0.9328436851501465
base,[CH2-]C(CNC(CNC)C[c+]1[cH-][cH+][cH-][cH+][cH-]1)NCCC[c-]1[cH+][cH-][cH+][cH-][cH+]1,-5.847005367279053
base,COc1ccc(/C=C/C(=O)O)cc1S(=O)(=O)n1cnc(C)c1,-0.3469221293926239
base,N[C@H](Cc1c[nH]c2ccc(O)cc12)C(=O)O,-0.45525461435317993
base,COc1ccc(NC(=O)c2ccc(NC(=O)CSc3nccn3Cc3ccccc3)cc2)cc1,-2.40651535987854
base,CN1CCC(=O)N(C2CCCCC2)CC1,-7.804804801940918
base,CCCn1c(=O)c2sccc2n2c(Cc3cc(=O)n4cc(C)ccc4n3)nnc12,-0.7814984321594238
base,Fc1cc2ncccc2cc1N1CCN(c2ccccn2)CC1,-6.519394874572754
base,COc1ccc(C)cc1NC(=O)CN(C)S(=O)(=O)c1ccc(OC(C)C)cc1,-1.0351576805114746
base,O=S(=O)(Nc1ncccn1)c1cc(Cl)ccc1Cl,-1.6285159587860107
base,O=C(c1cc(C2CCNCC2)[nH]n1)c1ccco1,-1.4907184839248657
base,CCOc1ccc(NC(=O)[C@@H]2CCCN2S(=O)(=O)c2ccc(C)cc2)cc1,-1.584006905555725
base,OCC1(CCO[c+]2[cH-][cH+][cH-][cH+][cH-]2)CCN(C[C][CH+][CH-][CH+][C]n2[cH+][cH-][cH+][n-]2)CC1,-3.610391855239868
base,O=C(c1ccccc1)N1CCN(C(=O)c2ccccn2)CC1,-3.0373804569244385
base,O=C(Cc1ccc(Cl)cc1)N[C@H]1CCCCC1=O,-4.288290500640869
base,COc1cc(C(=O)Nc2ccccc2N2CCCCC2)ccc1OC(C)=O,-2.528461217880249
base,N#Cc1c(NC(=O)[C@@H]2CC(=O)N(c3ccc(F)c(Cl)c3)C2)sc2c1CCCC2,-2.5768985748291016
base,[H]/N=C(/N)NCC[C@@H]1C[C@H](c2ccc(OCCC)cc2)C[C@H](COCC)O1,-1.0341744422912598
base,N/C(=N\OC(=O)C1CCCCC1)c1ccc(Br)cc1,-2.560096502304077
base,COc1ccc(C2(C)CCCCC2)cc1Nc1ccccc1N=C=S,-9.364866256713867
base,C=CCn1c(C)nnc1SCC(=O)c1c(N)n(C)c(=O)n(C)c1=O,-0.3465735912322998
base,O=C(COc1ccc(Cl)cc1Cl)N1CCN(C(=O)C(=O)N2CCCCCC2)CC1,-1.772735357284546
base,CN(C)CC[P@@](=O)(c1ccccc1)c1ccc(F)cc1,-8.571575164794922
base,O=C(NCCc1csc(-c2cccc(F)c2)n1)c1cccs1,-5.579169273376465
base,OC[C@H](O)[C@@H]1O[C@@H](Nc2ccccc2)[C@@H](O)[C@H]1O,-0.3921539783477783
base,[CH2-]N(CCS(=O)(=O)c1ccc(C)cc1)C(C)=O.[H+],-2.998861074447632
base,NS(=O)(=O)c1ccc(CCNC(=O)CCCCCNC(=O)c2cccc(Cl)c2)cc1,-0.6390710473060608
base,N[C@H](CC(=O)O)C(=O)O,-0.6931471824645996
base,S=P(NC1CCCCC1)(N1CC1)N1CC1,-8.993355751037598
base,CN(C)S(=O)(=O)c1cccc(C(=O)Oc2cccc(C(=O)/C=C/c3cccnc3)c2)c1,-1.030397653579712
base,Fc1cc(F)cc(NC(=S)NCCCN2CCCC2)c1,-7.388874053955078
base,CCCC[CH-]CCOC1OC(CO)C(O)C(O)C1N[C+](C)[O-],-0.5181881189346313
base,O=C(COC(=O)c1sc2ccccc2c1Cl)c1ccccc1,-5.882028102874756
base,O=C(OCC(=O)N1CCN(C(=O)c2ccc(C[S@@+]([O-])c3ccc(Cl)cc3)o2)CC1)C1CC1,-0.6136466264724731
base,Cc1c(-c2ccccn2)[nH]c2c(Cl)cccc12,-7.939023017883301
base,S=c1sc2cc(Br)ccc2n1Cc1ccccc1,-13.841153144836426
base,COc1cccc(-c2nc(N)n[nH]2)c1,-1.0064047574996948
base,COc1ccc(/C=N/NC(=O)C(=O)N2CCCC2)cc1C(=O)O,-0.3465735912322998
base,COc1ccc(-c2n[nH]c(=S)n2-c2ccccc2C)cc1OC,-4.192856311798096
base,COc1ccc(C(=O)c2cc3nc4c(c(C(F)(F)F)n3n2)CCCC4)c(OC)c1,-2.7763984203338623
base,CCOC(=O)[C@H]1CCCN(c2c(NCCC(C)C)c(=O)c2=O)C1,-1.1741119623184204
base,Cc1ccnn1CCc1nc(N)n[nH]1,-0.7301596403121948
base,COc1ccc(C(=O)NCC2(N3CCCCC3)CCCCC2)cc1C,-5.674818992614746
base,O=C(/C=C/c1c(Cl)cccc1Cl)c1ccccc1Cl,-11.513611793518066
base,CCOCC(=O)Nc1nnc(Cc2ccccc2F)s1,-2.1159603595733643
base,[O-]N([O-])[C][CH+][C+]1[CH+][N-][C+]([c-]2[cH+][cH-][cH+][cH+][n-]2)[CH-][C+]1NC1CCCCCC1,-1.290106177330017
base,Cc1cc(NC(=O)C(C)C)cc(C)c1OCCN1CCOCC1,-3.636469841003418
base,COc1ccc(/C=C2\C(=O)N(c3ccc(OC)cc3)C(=S)N2C)cc1,-5.141003608703613
base,ClCCN1CCN(Cc2ccc(-c3ccccc3Cl)o2)CC1,-9.465124130249023
base,O=S(=O)(Cc1ccccc1)/C(=C\O)C1=[S+]C(=[S@](=O)([O-])N2CCCCC2)C(Cl)=C1,-0.6004657745361328
base,C[C-]1[CH+][C-](CC[C+]([O-])O)[C-](C)C23[CH-][O+]2C(C)(C)C[C+]13,-4.411548137664795
base,COCCNc1ncnc2c1[nH]c1ccc(Cl)cc12,-2.4946134090423584
base,O=c1c2ccccc2[nH]c(=S)n1C[C@H]1CC[C@@H](C(=O)NCCc2c[nH]c3ccccc23)CC1,-2.344900131225586
base,Cc1nn(-c2ccccc2)c2sc(C(=O)O[C@@H](C)C(=O)N3CCCC3)cc12,-2.6700096130371094
base,COC(C#CCCN(C)C)(c1ccccc1)c1ccccc1,-10.636432647705078
base,COc1cc2nc(Cl)nc(N3CC=CCC3)c2cc1OC,-4.252174377441406
base,CN(CCOCCSc1ccc(Cl)cc1)S(=O)(=O)c1ccc(Cl)cc1,-5.334837436676025
base,Brc1ccc(CSc2nc3ccncc3[nH]2)cc1,-5.72824239730835
base,[H]/N=C1\[CH+]C=CC=C1C(=[C-]/C)/C=C/C(=O)O,-2.5663609504699707
base,O=C(COC(=O)/C=C/c1ccccc1Cl)NC[C@H]1CCCO1,-2.065194845199585
base,OC1(C[CH-]CCN2CCCC2)CC[c+]2[cH-][cH+][c-](F)[cH+][c-]21,-8.248007774353027
base,CN(C)S(=O)(=O)N1CCN(c2ccc([N+](=O)[O-])cc2F)CC1,-0.5825585722923279
base,Cc1ccc2c(CC(=O)O[C@@H](C)C(=O)NCC(F)(F)F)coc2c1,-2.0030617713928223
base,[O-][C+](O)[CH-]C1[CH+][CH-][c+]2[cH-][c+](O[c+]3[n-][cH+][cH-][cH+][n-]3)[cH-][cH+][c-]2N1[CH+][CH-][C+]([O-])[c+]1[cH-][cH+][c-]2[c+]([cH-]1)OCO2,-0.28183940052986145
base,C/C(N)=C(/C#N)C(=O)CSc1nc(-c2ccco2)n[nH]1,-0.3502516746520996
base,Cc1ccc2cc([C@H](c3nnnn3Cc3ccco3)N3CCc4ccccc43)c(=O)[nH]c2c1,-1.174801230430603
base,[H]/N=c1\n(CCCCCCC)c2ccccc2n1C[C@@H](O)c1ccco1,-2.9221279621124268
base,CC(C)CN(CC(C)C)C(=O)COc1ccc(Cl)c2cccnc12,-5.867142677307129
base,[O-]N([O-])[C+]1[N-][CH+][CH+][CH-][C+]1O[C-]1[CH-]S[C+]2[CH-][CH+][CH-][CH+][C+]2[N-]1,-1.2253788709640503
base,COc1ccc(-c2cnn(-c3cc(F)ccc3O)c2N)cc1,-1.6712664365768433
base,[O][C]1[C]([C]2[CH][C](N([O-])[O-])[CH][CH][C]2Cl)[N][N][C]2SCC([C+]3[CH][CH][CH][CH][CH]3)N21,-0.613501787185669
base,CCCCCN1CCN(C(=S)Nc2ccccc2)[C@@H]1C,-9.43919849395752
base,Cc1ccccc1OCCN(CC(=O)O)C(=O)CCl,-1.744250774383545
base,Fc1cccc(NC(=S)N2CCc3ccccc3C2)c1,-10.153105735778809
base,O=C(Nc1ccc(Cl)cc1)C(=S)[C]O[C@@H](C[O-])CC[C+]1=N[C-]2C=CC=CC2=[NH+]1,-0.5318247675895691
base,O=C(CCN(Cc1ccccc1)c1ccccc1)NNC(=O)c1ccccc1O,-1.3162840604782104
base,CC(=O)Oc1ccc(-n2c(=O)/c(=C\c3ccccc3)[s+]c3cc/c(=C(/[O-])N4CCN(C)CC4)cc32)cc1,-0.9211859107017517
base,COc1ccc2c(c1)c(C(=O)O)c(C)n2CCO,-1.3726824522018433
base,O=P(O)(O)OC[C@H](O)CO[C@H](OO)[C@H](O)CO,-0.5292954444885254
base,Cc1ccc(OCCN2C(=O)c3ccccc3C2=O)c(-n2nc3ccccc3n2)c1,-1.603782057762146
base,O=C(Nc1cccc(Cl)c1)c1nn(Cc2ccccc2)c(=O)c2ccccc12,-3.298356771469116
base,O=C(Nc1ccccc1)N(CCc1nc(NCc2ccc3c(c2)OCO3)nc(Nc2cccc(F)c2)n1)Cc1ccc(F)cc1,-4.026688098907471
base,CC(=O)N[C@H](Cc1cccc([N+](=O)[O-])c1)C(=O)NC1CCN(C(=O)NC2CCCCC2)CC1,-0.6042010188102722
base,CN(C)S(=O)(=O)c1ccc(C(=O)NNc2nc3ccccc3n2C)cc1,-0.3091166317462921
base,O=[N+]([O-])c1cscc1-n1cc(Cl)cn1,-2.664888858795166
base,Fc1cc(Br)ccc1/C=N\N1CCc2ccccc21,-10.34779167175293
base,NS(=O)(=O)Cc1ccc(NC(=O)[C@@H]2CCCC[C@H]2C(=O)O)cc1,-0.35637912154197693
base,O=S(=O)(Cc1csc(C2CCCCC2)n1)c1ccc(O)cc1O,-1.3733856678009033
base,[CH][CH+][CH+][C+]1[C]N([C+]([O-])CS[C+]2[N-][C-](CC)[N-][c-]3[c+]2[c+]([O-])n(C)[c+]([O-])n3C)CCC1,-0.45389485359191895
base,Nc1ccc2nc(COc3ccc(O)cc3)[nH]c2c1,-0.8780051469802856
base,[H+].[N-2][N-][O-],-2.7620790004730225
base,O=S(=O)(O)CCCN(Cc1ccc(F)cc1)Cc1ccco1,-1.7422293424606323
base,Clc1ccc2nc(CN3CC=C(Oc4ccccc4)CC3)cn2c1,-7.658907890319824
base,COC(=O)c1cccc2c(=O)c3ccc(OC(=O)N4CCCCC4)cc3[nH]c12,-1.1922376155853271
base,C=C[C@@]1(Cl)C(=O)Oc2ccc(F)cc2C1=O,-4.536013126373291
base,CNC(=S)N(Cc1ccc(OC)cc1)Cc1cc2ccccc2[nH]c1=O,-3.056487560272217
base,Nc1nc(NC[C@H]2CCCO2)nc(NCCc2ccc(Cl)cc2)c1[N+](=O)[O-],-0.7735739946365356
base,[O-]c1ccccc1[N+](=C=Nc1ccc(Cl)cc1)/N=C/c1ccccc1F,-5.078923225402832
base,COc1ccccc1OCCOCCOc1ccccc1C,-6.010465621948242
base,NCc1cc(=O)[nH]c(SCc2ccccc2)n1,-1.3708199262619019
base,[O][C](CN1[C]2[CH][CH][CH][CH][C]2[N][C+]1N[C]([O])[C]1[CH][CH][CH][CH][CH]1)[C]1[CH][CH][C](N([O-])[O-])[CH][CH]1,-0.5640789270401001
base,FC(F)(F)c1nnc(SCCn2c(=S)oc3ccccc32)o1,-3.8330352306365967
base,Cc1ccc(C(=O)[C@H](C)OC(=O)c2sccc2C)cc1,-5.303173542022705
base,N[C-](N)N[c+]1[cH+][n-][c-]2[cH+][cH-][cH+][cH-][c+]2[cH-]1,-0.9422597289085388
base,O=C(COc1ccccc1)NNC(=O)Nc1ccc(F)cc1,-0.9432039260864258
base,O=C(CSc1ccccc1)N1CCN(c2ccccc2O)CC1,-4.636837005615234
base,Clc1ccc(-c2ccc(SCc3nc(-c4cccs4)no3)nn2)cc1,-4.0421271324157715
base,CO[c-]1[cH+][cH-][cH+][cH-][c+]1CS[CH-][N-][C+]1[CH+][CH-][CH+][CH-][C+]1[C-]([O-])NCCCN(C)C.[H+],-2.55659556388855
base,Clc1ccc(SCc2ncnc(Nc3nc4ccccc4s3)n2)cc1,-4.061581134796143
base,COc1ccc(C(=O)NCc2nnc(SCc3ccc(C)o3)n2C)cc1,-1.132938265800476
base,Clc1cc(-n2cccc2)ccc1N1CCN(Cc2ccccc2)CC1,-11.5385103225708
base,Cc1ccc(S(=O)(=O)N2CCOCC2)cc1NC(=O)N1CCC(CCc2ccccc2)CC1,-1.8812543153762817
base,Cc1c(C(=O)O[C@H](C)C(=O)NC2CC2)oc2ccccc12,-1.8189960718154907
base,Clc1ccccc1CSc1cc2c(nn1)-c1ccccc1CC2,-9.37251091003418
base,O=C(CSCc1ccco1)CSc1ncnc2c1oc1ccccc12,-3.0088346004486084
base,[CH2-]CCC/C=C([O-])/[O+]=C1/C=CC=C/C1=C1\N=C(c2ccc(C)nc2OC)N=[O+]1,-1.0332350730895996
base,CCc1nnc(SCC(=O)NC2CCCCC2)nc1CC,-1.979027271270752
base,CC(=O)[C@](C)(O)C[C@@]1(C(=O)NCc2ccccc2)CC=CCC1,-2.1341447830200195
base,CCCCN[C]1[N][C][N][C](N2CCN(C)CC2)[C]1[O+][CH][CH][C]1[CH][CH][C](OC)[C](OC)[CH]1,-1.1728068590164185
base,O=C(CNS(=O)(=O)/C=C/c1ccccc1)NCc1cccnc1,-0.4411252439022064
base,COc1ccccc1C(=O)O[C@H](C)C(=O)Nc1ccc([N+](=O)[O-])cn1,-0.43589499592781067
base,CCOc1ccc(C(C)(C)C)cc1S(=O)(=O)N(CC)CCO,-1.9723563194274902
base,CC1(C)NC(=O)N(CC(=O)NC2=[S+]C3=C(CCC3)/C2=C(\N)[O-])C1=O,-0.47594112157821655
base,C[C@@H](Cc1ccccc1)NC(=O)C1CC1,-6.79775333404541
base,CC1=Cn2c(nc(=O)c(C#N)c2N)C1,-0.7527499198913574
base,Fc1ccccc1CNCCc1ccccc1,-10.609970092773438
base,CN(C)S(=O)(=O)c1cccc(C(=O)N2CCN(c3ncccn3)CC2)c1,-0.4809172451496124
base,CN(C[C+]1[CH+][CH+][CH-]O1)[C-]([O-])C1[C+](CCN2CCOCC2)[N-][C+]([c+]2[cH-][cH+][cH-][c+](N([O-])[O-])[cH-]2)[N-][C+]1[c+]1[cH-][cH+][cH-][c+]2[cH-][cH+][cH-][cH+][c-]12,-1.907470464706421
base,S=c1nc(SCCOc2ccccc2)[nH][nH]1,-3.363718271255493
base,O[CH-]C1CCCCN1CCCCN[c+]1[n-][c+](N2CCCCC2)[c+]2[n-][cH-]n(C3CCCCC3)[c+]2[n-]1,-2.049694538116455
base,O=C(Cn1nc(C(F)F)cc1C(F)F)NNC(=S)Nc1ccc(F)cc1F,-1.975684404373169
base,NS(=O)(=O)c1ccc(OCCCCCCC(=O)O)cc1,-0.4338743984699249
base,O=[N+]([O-])c1cc(S(=O)(=O)N2CCN(c3ccccc3)CC2)c(Cl)cc1Cl,-1.3587722778320312
base,CCCCn1c2c([O-])n(C)c(=O)n(C)c-2n/c1=[S+]\CC(=O)NCc1cccc2ccccc12,-0.3532809019088745
base,Brc1ccc2c(c1)C(c1ccco1)=NNC(c1ccccc1)=N2,-4.934459686279297
base,CCNC(=O)CCCOc1cc(=O)n(CC)c2ccccc12,-2.4148473739624023
base,COc1cc(C=C=C([O-])c2ccccc2C#[O+])ccc1OCCOc1ccc(N/C([O-])=C2\C=CC=[N+]=C2)cc1,-0.5994861721992493
base,CCOCCCNC(=O)CCCSc1cccc(C)c1,-5.792785167694092
base,CC(=O)c1c(C)[nH]c(-c2ccc3nnc(-c4ccco4)n3n2)c1C,-1.0862916707992554
base,Cc1nc2ccccc2nc1CSc1ncnc2sc(C)c(C)c12,-5.06616735458374
base,O=C(CSc1nnc(-c2cccs2)n1-c1ccc(Cl)cc1)N1CCOCC1,-3.099144220352173
base,O=C(CSc1n[nH]c(Cc2ccccc2)n1)NC1CC1,-1.4532105922698975
base,CC(C)Cc1nc(SCc2cccnc2)n[nH]1,-3.314242124557495
base,COC(=O)n1c(=O)oc2cc(S(=O)(=O)N3CCOCC3)ccc21,-0.3059438467025757
base,CO[c-]1[cH+][cH-][c+]([C][C+]([c-]2[cH+][cH-][c+](Cl)[cH-][cH+]2)[c-]2[cH+][cH-][c+](OCCSC)[cH-][cH+]2)[cH-][cH+]1,-11.937393188476562
base,O=C(NCOc1cc(Br)ccc1O[C@@H]1CCCN(c2ncnc3[nH]cnc23)C1)c1cnc2ccccc2c1,-1.7306668758392334
base,Fc1ccc(NC(=S)Nn2cnnc2)c(F)c1,-3.050271987915039
base,CCCCNC(=O)CSc1nccn1C,-3.8955154418945312
base,CN(C)S(=O)(=O)c1ccc(OC[C@H](O)CNC(=O)COC2=CC(=O)CCC2)cc1,-0.35315293073654175
base,CCOC(=O)CSc1ccc2nnc(-c3ccncc3)n2n1,-0.7874002456665039
base,NC1=NC[C@H](Cc2cc3cc4c(cc3nc2Cl)OCO4)N1CCc1cccc(C(F)(F)F)c1,-2.64741587638855
base,NOCCOC[CH-]NC12CC3CC(CC(C3)C1)C2,-2.936432361602783
base,O=C(CN1C(=O)c2ccccc2C1=O)NCCCN1CCOCC1,-0.8593759536743164
base,O=c1[nH]c2ccccc2cc1CNCc1ccc(OC2CCCC2)cc1,-4.138647079467773
base,COc1ccc(CNC(=O)COC(=O)C2CCN(S(=O)(=O)c3ccc(Cl)cc3)CC2)cc1,-0.6048023104667664
base,Cc1ccc(C(=O)OCC(=O)Nc2c(C)cccc2C)cc1N,-1.1846823692321777
base,O=C(COC(=O)c1cccnc1Cl)Oc1ccccc1F,-2.11041259765625
base,COc1ccc2c(c1OC)C(=O)[OH+]OC1=C(Cl)[C-](Cl)C=NN1C2,-1.7145297527313232
base,COc1ccc(/C=N/NC(=O)c2cc(O)c(O)c(O)c2)cc1OS(=O)(=O)c1ccccc1,-0.4974488317966461
base,O[C@H](COc1ccc(C2CCCCC2)cc1)CN1CCN(c2ccccc2)CC1,-6.739243507385254
base,COc1ccc(N(CC(=O)NCCCCCO)S(=O)(=O)c2c(C)n[nH]c2C)cc1,-0.34769847989082336
base,O=C(O)[C@@H](CO)n1c(/C=C/c2ccco2)cnc1SCc1cccc2ccccc12,-2.117349863052368
base,CCOP(#[O+])C1=C[C@@]2(OC(F)(F)F)[C-]=C(c3cccc4ccccc34)[N+](C=[N-])=CN=C2C=C1,-3.664423942565918
base,S=C(C1=[O+]/C(=[C-]\c2cc(Cl)ccc2Cl)C=C1)N1CCOCC1,-8.352025032043457
base,Cc1ccc(Oc2c(CNc3ccccc3)cc(Cl)c3cccnc23)c(O)c1,-6.379781723022461
base,COc1cc(C(=O)CSc2nnnn2C)ccc1O,-0.45890963077545166
base,O=[N+]([O-])/C(CCc1ccccc1)=N\Nc1cccc(Cl)c1,-2.7743799686431885
base,O=S(=O)(N/N=C/c1ccc(O)cc1)c1ccc(Br)cc1,-1.187119722366333
base,O=[N+]([O-])c1ccc(N(CCO)Cc2ccccc2)cc1,-2.0238142013549805
base,C[C@@H]1CC2=C(O[C@@H]1Nc1ccccc1F)C(=O)C=CC2=O,-3.1262197494506836
base,S=C(NCc1ccco1)NC[C@H]1CCCO1,-4.0094828605651855
base,CCNc1cc(CO)sc1C#N,-2.938974618911743
base,CC(=O)NCCCCC(=O)OCC(=O)N[C@@H](Cc1ccccc1)C(=O)O,-0.3398164212703705
base,CCC[C-]1[C@H](c2ccccc2)[C@H]([N+](=O)[O-])[C@@H]2OC3C=C[CH-]C=C3[O+]12.[H+],-3.877470016479492
base,CC[C@@H](C)[C@@H](N)c1cn([C@H](CCC(=O)O)C(=O)N2CCNCC2)nn1,-0.43905362486839294
base,Clc1ccc(Oc2nc(Oc3ccc(Cl)cc3Cl)nc(N3CCOCC3)n2)cc1,-3.7036774158477783
base,COCCn1c(SCc2cn3ccccc3n2)nnc1-c1ccco1,-1.9310961961746216
base,NS(=O)(=O)c1ccc(CCNC(=O)CCC(=O)O)cc1,-0.3996172249317169
base,[CH2-]N1CCCCC1.[CH2-]N1CCCCCC1.[O+]#P=[OH+],-4.66068172454834
base,[CH2-]N(C)CCOC(COCCN(C)[c+]1[cH-][cH+][cH-][cH+][n-]1)[C+]([NH-])[O-].[H+],-0.4963376522064209
base,O=C1OCCn2c1nn1ccnc1c2=O,-0.9846779108047485
base,COc1ccc(OS(=O)(=O)c2ccc(OC[C@@H](O)CN3CCCCC3)cc2)cc1,-0.8804716467857361
base,Fc1ccc(CN2CCSCC2)cc1Br,-12.680295944213867
base,Nn1c(SCc2cc(=O)n3cc(Br)ccc3n2)nnc1-c1ccco1,-0.5268200039863586
base,Cc1noc(NS(=O)(=O)c2cccc(C(=O)OCC(=O)Nc3cccc(S(=O)(=O)N(C)C)c3)c2)c1C,-0.39754387736320496
base,N#[N+]N=[S@](=O)([O-])c1ccc(CCNC(=O)C(Cl)Cl)cc1,-0.5226619839668274
base,S=C(Nc1cccc(Cl)c1)N1CCN2CCC[C@@H]2C1,-9.08938980102539
base,COC/C=C\C(=O)NC[C]N1C(=O)c2c#cc#cc2/C1=[C-]/[C+](=O)c1ccc(Cl)cc1,-1.2905638217926025
base,CCN(CC(=O)NCc1ccccn1)S(=O)(=O)c1cc(Cl)ccc1Cl,-1.1870112419128418
base,O=C1NC(=O)N(C2CCCCC2)C(=O)/C1=C\NN1CCCC[C@H]1c1cccnc1,-0.6534066200256348
base,CCCC(c1c(C)n(C)n(-c2ccccc2)c1=O)c1c(C)n(C)n(-c2ccccc2)c1=O,-4.2243332862854
base,O=P(OC1CCCCC1)=[O+]C(c1ccccc1)c1ccccc1.[CH-]1CCCCC1,-11.141050338745117
base,Nc1ccnn1-c1ccc(C(=O)O)cc1,-0.8518906831741333
base,C[C@H]1Oc2ccccc2N(CC(=O)O)C1=O,-1.7292530536651611
base,O=C(O[C@@H]1CCOC1=O)c1cccnc1,-1.8672070503234863
base,COc1cc2[nH+]c([O-])c([O-])[nH]c-2c/c1=[S+]/c1cc(C(=O)O)ccc1C,-0.3346259295940399
base,O=S(=O)(c1ccc(OC(F)(F)F)cc1)N1CCN(C(=S)Nc2ccccc2)CC1,-2.7791080474853516
base,C[O+][C]([O-])[C][C]([C]1[CH][CH][CH][CH][CH]1)[N+](C[C]1[CH][CH][CH][C]([O+]C)[CH-]1)[C]1[CH][CH][CH][CH][CH]1,-3.558210849761963
base,NS(=O)(=O)c1cccc(Cl)c1N1CCCC1,-2.0850281715393066
base,CSc1cc(C(=O)Nc2ccccn2)ccc1OC1CCN(CCO)CC1,-1.4704158306121826
base,N#Cc1ccccc1Oc1nccs1,-4.3898234367370605
base,COc1ccc(OCc2nn3c(Cn4cn[c-]c4C(=O)N(C#[O+])c4ccc(F)cc4)nnc3s2)cc1,-0.7280674576759338
base,COC(=O)c1ccc(S(=O)(=O)N2CCCN([C@H]3CCc4ccccc4C3)CC2)n1C,-1.4134485721588135
base,CC[C@H]1CC[C@@H](/N=C/c2c(O)ccc3ccccc23)CC1,-7.934028148651123
base,NCC[C@H]1NC([O-])=C(/C=C2\C=CC=[S+]2)Sc2ccccc21,-2.2828502655029297
base,Cc1ccccc1/N=C(\c1ccccc1)N1CCOCC1,-8.098512649536133
base,C[C@@H]1CN=C(NCc2ccccc2)S1,-7.735063552856445
base,O=S(=O)(NCCOc1cccnc1)c1ccc(Br)c2ccccc12,-2.178518772125244
base,[O][C]1C[CH][C]2[CH-][CH][CH][CH][C]2C1C1[CH+][C]([O-])N(CCO)[C]1[O],-0.7690224647521973
base,CCOc1cc(NC(=O)c2ccco2)c(OCC)cc1CN1CCCCC1,-3.236755847930908
base,CC(=O)N(C)c1ccc2nc3ccc(C)cc3cc2c1,-6.765798091888428
base,CN(C)S(=O)(=O)N1CCN(S(=O)(=O)N(C)C)CC1,-0.9525355100631714
base,Cc1ccc(N2CCN(S(=O)(=O)N(C)C)CC2)c(C)c1,-4.296733856201172
base,Cc1ccc2c(CN3CCN(S(=O)(=O)/C=C/c4ccccc4)CC3)cc(=O)oc2c1,-1.9018940925598145
base,COc1ccc([C@H]2CC(=O)c3ccccc3O2)c(OC)c1,-4.793046474456787
base,COc1ccc(S(=O)(=O)N(CCc2ccccc2)CC(=O)NCc2ccco2)c(Cl)c1Cl,-1.620909333229065
base,O=[N+]([O-])c1cc([N+](=O)[O-])c(N2CCCC2)cc1NC1CCCCC1,-1.389337182044983
base,O=C(/C=C/c1ccc(O)cc1)c1ccccc1,-5.897977352142334
base,Cc1cccnc1CNC(=O)CCNC(=O)c1ccccc1Cl,-1.6073741912841797
base,CCCn1cnc2cc(NCc3cccs3)ccc21,-7.658787727355957
base,NNC(=O)CN[C@@H](CCO)c1ccc(F)cc1,-0.6131608486175537
base,[O][C](CC[C+]1[CH][CH][CH][CH][CH]1)N[C]1[CH][CH][C]2OC(O)CCO[C]2[C]1N([O-])[O-],-0.5705011487007141
base,CCOC(=O)c1c(N)n(Cc2ccc(C)cc2)c2nc3ccccc3nc12,-1.5070346593856812
base,O=S(=O)(c1ccc(F)cc1)N1CCOCC1,-3.9592061042785645
base,Fc1ccc(COCCNC(=S)Nc2ccccc2)cc1,-6.571305751800537
base,O=C1NCC2(CCN(Cc3ccccc3O)CC2)O1,-2.1922197341918945
base,Fc1cc(F)cc(NC(=S)N2CCN(c3ncnc4c3oc3ccccc34)CC2)c1,-3.7696807384490967
base,C[C@@H]1CN(C(=O)CNC(=O)Cc2ccccc2)C[C@H](C)O1,-2.4651620388031006
base,COCCCn1c(NS(=O)(=O)c2ccc(C)cc2)cc2nc3c(F)cccc3nc21,-1.4980547428131104
base,CCOC(=O)c1sc(NC(=O)COc2ccc(S(=O)(=O)N(C)c3ccccc3)cc2)cc1C,-1.422296166419983
base,Cc1ccc(-c2nn(-c3ccccc3-c3nc4ccccc4[nH]3)c3ncnc(N)c23)cc1,-2.2164554595947266
base,S=C(Nc1ccc2c(c1)OCO2)Nc1nc2ccccc2nc1N1CCOCC1,-1.2083114385604858
base,CCS/C(=N\c1ccccc1)Nc1ccccc1,-9.038036346435547
base,Cc1cc(Br)cc(Br)c1OCCCCN(C)C,-11.236151695251465
base,O=C(CSc1ncc(-c2cccc(F)c2)c(-c2ccccc2)n1)NCCN1CCCCC1,-4.061034679412842
base,O=C(CSc1ccccc1[N+](=O)[O-])c1ccc(Cl)cc1,-3.5884807109832764
base,NS(=O)(=O)c1ccc(CCNC(=O)COc2ccc(C(=O)CCCC(=O)O)cc2)cc1,-0.33151742815971375
base,COCCn1c(SCC(N)=O)nnc1-c1ccc(OC)cc1,-0.352999210357666
base,COc1cc2[nH]c(=S)nc(NCC(OC)OC)c2cc1OC,-1.1806557178497314
base,COc1ccc(Cl)cc1NC(=S)NCCc1ccccn1,-4.555272579193115
base,Cc1ccc(NC(=O)N(CCC#N)CCCC(=O)O)cc1,-0.7125459313392639
base,[O-][c+]1o[cH-][c+](C[c+]2[cH-][cH+][cH-][cH+][c-]2Cl)[c-]1[N-][N-][C+]1[CH+][CH+][CH-][N-][CH+]1,-2.48270583152771
base,COc1ccccc1-c1ccc(/C=N/NC(=S)N2CCCC2)o1,-4.012135028839111
base,O=C([C@H]1CC(c2ccc([N+](=O)[O-])cc2)=NO1)N1CCc2ccccc2C1,-0.945481538772583
base,CCOC(=O)NC(=O)CSc1nnnn1-c1ccc(C)c(C)c1,-0.39965593814849854
base,CC(=O)c1ccc(NCNC(=O)c2ccc(Br)cc2)cc1,-3.2618865966796875
base,COc1ccc(N([O-])[O-])cc1NC(=O)[C@H](C)/[S+]=C1\N=C(c2ccc(F)cc2)C=[S+]1,-0.517139196395874
base,Cn1c(CSc2ncnc3nc[nH]c23)nc2cc(Cl)c(Cl)cc21,-2.339918613433838
base,CC(=O)NCCc1ccc2nsnc2c1,-2.9146180152893066
base,CSC[C@@H](O)Cn1nc(CCC(=O)O)c2ccccc2c1=O,-0.39442068338394165
base,COc1ccc(CCC(=O)N[C@@H]2CN3CCC2CC3)c(Oc2ccccc2)c1OC,-3.098844528198242
base,NS(=O)(=O)c1ccc(-c2cc3ccccc3o2)cc1,-1.5131332874298096
base,N#CCO/N=C1/C(=O)N(c2ccccc2)c2ccccc21,-2.105329990386963
base,O=C(N/N=C/c1cc2ccccc2nc1Cl)c1cccc([N+](=O)[O-])c1,-1.1005651950836182
base,O=C(C1=CCN(S(=O)(=O)c2cccs2)CC1)N1CCCCCC1,-2.89201283454895
base,Brc1cnc(NC2CCCCCC2)nc1,-5.947149753570557
base,NS(=O)(=O)c1cccc(C(=O)OCC(=O)Nc2ccccc2N2CCOCC2)c1,-0.2446252405643463
base,O=C(N/N=C/c1ccc(O)c(O)c1)c1cc(-c2ccc(Cl)cc2)nc2ccccc12,-2.0321621894836426
base,Clc1cccc(CSc2nnc([C@H]3CCCN3)o2)c1,-4.117269992828369
base,O=c1[nH]c2ccccc2cc1Cc1c(O)ccn(Cc2ccc(F)cc2)c1=O,-1.6638396978378296
base,COc1ccc(NC(=O)[C@H](NC(=O)[C@H]2CC[C@@H](C(C)(C)C)CC2)C(C)C)c(OC)c1OC,-2.2339773178100586
base,COc1ccccc1Nc1nc(N)nc(CN(C)C2CCCCC2)n1,-0.8427767157554626
base,COc1cc(/C=N/O)ccc1OCC(=O)O,-0.5637834072113037
base,CC(C[C+]1[CH+][CH-][C+]([N-][C+]([NH-])[CH+][CH-][c+]2[cH-][cH+][cH-][c+](Br)[cH-]2)[CH-][CH+]1)[C-]([O-])O,-2.231658697128296
base,COc1ccc(/C=C2\C(=O)NC(=S)N(C)C2=O)cc1COc1ccccc1F,-1.8919612169265747
base,O=C(O)CN1CCNCC1,-3.355694055557251
base,Clc1ccc(SCCn2cnc3ccccc32)cc1,-10.229175567626953
base,Cn1c(SCc2ccccc2Cl)nnc1-c1cccs1,-7.808322429656982
base,F[c-]1[cH+][cH-][c+]2[c-]([cH+]1)CNCCCS2.[H+],-10.376745223999023
base,Fc1ccccc1CN(C(=S)Nc1ccc(Br)cc1)C1CCN(C2CCCCC2)CC1,-12.512808799743652
base,NNC(=O)CCCCNC(=O)c1cccs1,-0.707351565361023
base,[CH2-][C@@H](O)[C@H](C)OP(#[S+])N(C(=O)OC)C(C)(C)C(N)=O,-0.4603707194328308
base,COCCN1C(=O)c2ccc(C(=O)OC)cc2C1=O,-1.2877362966537476
base,FCCCOCc1cccs1,-11.076725006103516
base,C[C@H](N)C(=O)O,-2.403257369995117
base,CC[c-]1[n-][c+](SC[C+]([O-])N[c+]2[n-][cH+][cH-]s2)[c-]2[cH+][c-]3[cH+][cH-][cH+][cH-][c+]3[n-][c+]12,-1.4447195529937744
base,COc1ccc(/C=N/NC(=O)c2ccncc2)cc1CC(OC)OC,-0.7969198226928711
base,O=C(NCc1ccccn1)c1cn(-c2ccccc2)nc1-c1ccc2c(c1)OCO2,-1.658276081085205
base,COc1ccc(N2C[C@@H](C(=O)Nc3ccc(F)cc3)CC2=O)cc1,-2.805961847305298
base,CC(=O)c1ccc(CCc2ccccc2)s1,-9.85567569732666
base,Cc1onc(-c2ccccc2Cl)c1C(=O)NC(=S)Nc1cccc(Cl)c1,-3.7094712257385254
base,C[C]1[CH][CH][C](N([O-])[O-])[C](OC[C+]2[N][C]([C]3[CH][CH][C](Br)[CH][CH]3)[CH]S2)[CH]1,-2.233962297439575
base,NC1=CC(=O)CCC1,-4.605400562286377
base,O=S(=O)(c1ccccc1)N(Cc1cccc(Cl)c1)C1CCCCC1,-7.073003768920898
base,CC(C)OC(=O)CCN1CCc2sccc2C1,-6.830524444580078
base,CC(=O)N1N=C(c2cccs2)C[C@H]1c1ccc([N+](=O)[O-])o1,-0.9639122486114502
base,CCOC(=O)c1[nH]c2ccccc2c1NC(=O)C1CCCCC1,-2.3351969718933105
base,O=C(O)c1cccc(NC(=S)Nc2ccccc2OCc2ccccc2)c1,-3.1545794010162354
base,COc1ccccc1NC1=NC2(CCCC2)N=C(N)N1,-0.7183986902236938
base,O=S(=O)(NC1CCN(Cc2ccsc2)CC1)c1ccc(F)cc1,-3.9086310863494873
base,O=C(CCC(=O)N(c1ccccc1)c1ccccc1)NC1CC1,-4.216045379638672
base,CC(=O)c1c(C)[nH]c(C(=O)COc2ccc(Br)cc2)c1C,-3.4508602619171143
base,COc1ccc2nc(NNC(=O)c3ccc(C)c(Br)c3)cc(C)c2c1,-3.370591402053833
base,CO[C-]1[CH+][C-]2N[c+]3[n-][cH+][n-]n3[C+](NCCN(C)C)[C-]2[CH+][C-]1OC,-0.8845734000205994
base,CC(C)C[C@H](C(=O)Nc1nnc(SCC(=O)NCc2ccco2)s1)C(C)C,-1.2856800556182861
base,Clc1ccccc1Cc1noc(CN2CCCCC2)n1,-5.159411430358887
base,S=C(NCCCN1CCOCC1)N1CCOCC1,-5.405893802642822
base,O=c1[nH]nc(S[C@H]2CCS(=O)(=O)C2)n1-c1ccccc1,-0.6327553391456604
base,Fc1ccc2c(CSc3ccccn3)n[nH]c2c1,-5.296573162078857
base,S=C(Nc1ccccc1Br)N1CCCC1,-10.02323055267334
base,Nn1c(Cc2cccs2)nc2cc(Cl)ccc2c1=O,-2.4675893783569336
base,CN(CCCCNCCCCO)CC[C@H]1CCSc2cc(F)ccc21,-6.589889049530029
base,O=S(=O)(c1cccc2cccnc12)N(CCCN1CCOCC1)Cc1ccco1,-1.3059300184249878
base,[N-2][C][C+]1[N-][C][C+]([c+]2[cH-][cH+][cH-]s2)[N-][C+]1[N-][CH+][C+]1[CH+][CH+][C-](F)[CH+][C-]1Cl,-4.363396167755127
base,O=[N+]([O-])c1ccc(OCO[C@@H]2OC[C@H](O)[C@H](O)[C@H]2O)c(OCNc2ccc3ccccc3c2)c1,-0.39165493845939636
base,FC(F)OCCCn1c(=S)[nH]c2ccccc21,-7.174019813537598
base,COc1ccc(CCCC(=O)N/N=C/c2sc(=O)n(-c3ccccc3)c2Cl)cc1,-2.3369197845458984
base,COCCNC(=O)[C@@H](C)OC(=O)c1cc2oc3ccccc3c2n1C,-0.7944608926773071
base,O=C([C@H](Cc1ccccc1)n1cccc1)N1CCN(c2ccccc2F)CC1,-7.590575218200684
base,CCCCOc1ccc(CNC(N)=O)cc1,-2.0916569232940674
base,[CH][CH+][CH+][C][C]C1[CH-][CH+][CH-][CH+][C+]1N[C+]([O-])CS[C-]1[N-][C-](CC)[N-][C+]2[C+]1[C+]([O-])N(C)[C+]([O-])N2C.[H+].[H+].[H+],-0.5021417737007141
base,NC[C@@H](CC(=O)O)c1ccccc1,-2.0940115451812744
base,CN(C)c1ccc(-c2cc(C(F)(F)F)n3nc(C(=O)N4CCc5ccccc5C4)cc3n2)cc1,-4.592995643615723
base,NC(=O)C1CCN(/C=C2/C(=O)NC(=O)N(Cc3ccccc3F)C2=O)CC1,-0.33502039313316345
base,CCCN(CCc1ccccc1)C(=O)CSc1ccc(Cl)cc1,-10.134153366088867
base,COc1cccc(CN(C)C)c1O,-6.0370774269104
base,CN(CC[CH-]O)C(=O)Nc1ccc(Cl)cc1.[CH2-][C@@H]([OH+]CCO)C1=C[CH+]C=C[C@]12[C-]1C3C=C(S(N)(=O)=O)C=[C-]C132.[H+].[H+],-0.94840008020401
base,CC(C)CCOCCCN1C(=O)c2ccccc2C1=O,-4.282408714294434
base,O=C1CCCN1CN(C(=O)c1ccc2c(c1)OCO2)c1ccccc1,-2.7069737911224365
base,CCn1nnc(NC(=O)COc2ccccc2C)n1,-0.715123176574707
base,COc1cccc(OC)c1C(=O)Nc1cc(C)ccc1NC(=O)c1ccco1,-1.5559715032577515
base,Cc1ccccc1-n1ncc([C@H](C)NC(=O)c2ccc(CC(C)C)o2)c1C,-4.044170379638672
base,CN(c1ccccc1C(=O)NC1CC1)S(C)(=O)=O,-1.7550299167633057
base,CN(c1ccccc1)S(=O)(=O)c1ccc(Cl)c(C(=O)N2CCCCC2)c1,-3.5058536529541016
base,CCOc1ccc(/C=N/NC(=O)COc2ccc(OC(F)F)cc2)cc1,-2.0994625091552734
base,CC(C)CN1c2ccccc2/C(=C/C=C/c2ccco2)S1(=O)=O,-4.563474178314209
base,O=C(CCCn1nnc2ccccc2c1=O)N[C@H](Cc1ccccc1)C(=O)O,-0.27494505047798157
base,[CH2-]CN(CCCc1ccccc1)C(=O)C/C(C(=O)NN)=C1/N=c2ccccc2=[S+]1,-0.5169999003410339
base,CCN([c+]1[cH-][cH+][c-](C)[c+](C)[cH-]1)C(CCO)C[N-]C[c+]1[cH-][cH+][c-](OC)[cH+][c-]1O,-2.8944108486175537
base,CCCc1nc(SCc2ccc3ccccc3n2)c2c(=O)n(C)c(=O)n(C)c2n1,-1.0266755819320679
base,N[C@@H](CCC(=O)O)C(=O)O,-0.65874183177948
base,CCOc1ccc(C(C)(C)C)cc1S(=O)(=O)N1CCOCC1,-3.0454320907592773
base,CC(=O)c1cc([C@]23C[C@H]4C[C@H](C[C@H](C4)C2)C3)n(S(=O)(=O)c2ccc(-c3ccc(=O)[nH]n3)s2)c1,-1.589457631111145
base,COc1cc(NC(=O)NNC(=O)c2ccc3ccccc3c2)cc(OC)c1OC,-0.9149827361106873
base,F[C-](CN1CCN([c+]2[cH-][cH+][cH-][c+](Cl)[cH-]2)CC1)O[c+]1[cH-][cH+][c-]2[cH+][cH-][cH+][cH-][c+]2[cH-]1,-11.261490821838379
base,S=C(NCc1ccc(Cl)cc1)Nc1ccccc1Cl,-9.084486961364746
base,CN(CO)CC(=O)N1CCc2ccccc21,-4.295425891876221
base,COc1ccccc1OCC(=O)Nc1ccccc1C,-4.168999671936035
base,CO[C-]([O-])[C+](N([C+]([O-])[c+]1[cH-][cH+][c-](OC)[cH+][cH-]1)[c+]1[cH-][cH+][cH-][c+](F)[cH-]1)C(F)(F)F,-1.7393711805343628
base,COc1cccc(N2CCN(S(=O)(=O)c3ccccc3[N+](=O)[O-])CC2)c1,-0.4686226546764374
base,COc1ccc(C=C=[S+]c2ncc(C)n2[C-]=O)cc1,-4.256332874298096
base,[O][C](O)[C]1[CH][CH+][C](N[C]2[CH][CH][C](N([O-])[O-])[CH][C]2Cl)[N][CH]1,-0.5286332368850708
base,COCCN1C(=O)C(O)=C(C(=O)c2sc(C)nc2C)[C@H]1c1cccnc1,-0.5985733866691589
base,NCCc1ccc(NC(=S)Nc2ccc(N3CCC(C(F)F)=N3)cc2)cc1,-2.7913455963134766
base,Cc1csc(SCc2cccc3ccccc23)n1,-11.678323745727539
base,O=S(=O)(NCc1ccccc1)c1ccc(NC(=S)Nc2ccccc2)cc1,-2.516385793685913
base,O=C(c1ccncc1)N1CCN(c2ccccc2O)CC1,-2.6803860664367676
base,O=S(=O)(NCc1ccccc1)NCc1ccccn1,-1.3487541675567627
base,Cn1ccnc1Sc1ncnc2sc3c(c12)CCC3,-4.85191535949707
base,Cc1ccc(C#N)c(NC(/C=C(\[O-])C(C)(C)C)=[S+]/Cc2ccccc2C)c1,-3.771674156188965
base,CCN(CC)S(=O)(=O)c1ccc(C2=NO[C@]3(C2)N(C)c2ccccc2C3(C)C)cc1,-3.1701090335845947
base,Cc1cc(OCCOCCOc2ccccc2)ccc1S(N)(=O)=O,-0.6169371008872986
base,Fc1ccccc1OCCC/C=[N+](\Cc1ccccc1)C[C-]1CC=CCC1,-12.550154685974121
base,Cc1ccc(CS(=O)(=O)N2CCCC[C@H]2C)cc1,-5.64163875579834
base,[H]/[O+]=C/c1ccc(Cl)cc1Cl.[O-]P(OC1CCCCC1)OC1CCCCC1,-5.010744094848633
base,CC1(C)CC(=O)c2ccc(O)c(CN3CCN(c4ccccc4)CC3)c2O1,-3.736130714416504
base,Fc1ccccc1[C@@H]1NN=C(c2ccccc2)S1,-8.301661491394043
base,Cc1ccc(S(=O)(=O)N2CCCC2)cc1C(=O)OCC(=O)N1CCc2ccccc2C1,-0.9204623103141785
base,COc1ccc(C(=O)NCCCNC(=O)c2cccnc2)cc1OC,-0.4455920159816742
base,COC(=O)N(C)CCCOc1ccc2cc(Br)ccc2c1,-6.1510138511657715
base,Cc1ccccc1-c1nnc(SCC(=O)Nc2ccc3c(c2)OCCO3)n1N,-0.4905349016189575
base,Nc1nonc1-n1nnc(C(=O)N/N=C/c2ccc(Br)s2)c1-c1ccc(F)cc1,-0.6420350074768066
base,C/C(=N\N=C(N)N)c1cccc(Cl)c1,-1.1494892835617065
base,O=C1N=C(N2CCN([C@H]3CC(=O)N(C4CCCCC4)C3=O)CC2)S/C1=C\c1ccco1,-0.8396894931793213
base,CCOc1ccc(C(=O)Nc2cc(Cl)ccc2N2CCOCC2)cc1,-4.2753729820251465
base,CC(=O)Nc1ccc(N2CCN(C(=O)CSc3ccccc3C)CC2)cc1,-3.7398364543914795
base,Oc1cc(Br)ccc1Cc1noc(-c2cccs2)n1,-3.436171531677246
base,COc1cccc(-c2cc(C(=O)Nc3cc(C)on3)c3ccccc3n2)c1,-2.3226990699768066
base,CCOc1ccc(C2C3=C(CCCC3=O)N(CCOC)C3=C2C(=O)CCC3)cc1Cl,-4.592573165893555
base,NP(=O)(Oc1ccccc1)Oc1ccccc1,-2.7561397552490234
base,CC(=O)c1cccc(NC(=O)c2cnc(C)c3oc(=O)c(-c4nnnn4C(C)(C)C)cc23)c1,-0.9413011074066162
base,[O-][C][N+]([O+]CC(O)COC[C]1[CH][CH][C](C(F)(F)F)[CH][CH]1)[C]1[CH][CH][CH][CH][CH]1,-1.6851986646652222
base,[H+].[H]/[C-]=C(C(=[CH+]\[C]/C(C)=[C-]/C(=O)OC)/OC)\S(=O)(=O)/N=C(N)\C=C\c1ccc(C=O)cc1,-0.5611582398414612
base,CCOc1ccc(C(=O)NCc2cccnc2)cc1,-3.502136468887329
base,Cc1cc(C(=O)N/N=C/c2ccncc2)n(-c2cccnc2)n1,-0.648363471031189
base,O=C(C[C@H](Sc1nc2ccccc2[nH]1)c1cccs1)c1ccco1,-4.689726829528809
base,CCCC(=O)c1sc(NC(=O)/C=C/C=C/c2ccccc2)nc1C,-4.012784957885742
base,O=C(c1cc(Cl)ccc1O)c1cnc2n(c1=O)CCS2,-1.4198024272918701
base,NC1=NC[C@H](Cc2ccc(O)cc2)N1CCCCC1CCCCC1,-3.147317886352539
base,O=C(/C(=C\c1ccccc1)c1ccccc1)N1CCOCC1,-7.047939777374268
base,Cn1c(=O)[nH]c2ncn(C)c2c1=O,-1.387091040611267
base,CO[C][CH+][c-]1[cH+][n-][c+](CN(C[C+]2[CH+][CH-][CH+][CH-][CH+]2)C[c-]2[cH+][cH-][c+](N([O-])[O-])[cH-][cH+]2)[cH-][c+]1OC,-1.3745604753494263
base,C[C@@H](NC(=O)/C(C#N)=C/c1cccs1)C(=O)NC1CCCCC1,-1.0993326902389526
base,[H]/[C-]=C\[CH-]/C=[C-]/CCC/C(=C1/C=CC=C[CH-]1)[N+]1=NC(/[NH+]=N\C=C2\C=CC(Br)=[O+]2)=[S+]C1=S,-4.2074737548828125
base,Cc1c(CC(=O)NCCC(=O)O)c(=O)oc2cc3oc4c(c3cc12)CCCC4,-0.7459768652915955
base,CCOC(=O)C1CCN(C(=O)CCc2nnc(C3CC3)o2)CC1,-0.7521339058876038
base,Brc1ccc(CN2CCSCC2)cc1,-12.590226173400879
base,S=C(NCCS)N/N=C/c1ccccc1Cl,-5.60577917098999
base,CSc1cccc(NC(=O)c2ccco2)c1,-5.065854549407959
base,CCCN1CNC(=S)N(Cc2ccccc2)C1,-8.779204368591309
base,CCSCc1ccc(C#N)c(Cl)n1,-5.900262832641602
base,COC(C/C=C\[C@H](O)Cn1cccc1C(N)=O)OC,-0.5673537254333496
base,O=C(CN1C(=O)N/C(=C/c2ccc(CS(=O)(=O)Cc3ccccc3)o2)C1=O)NC1CCCC1,-0.5383338928222656
base,Cc1cccc(C)c1NCC(=O)NC1=[S+]C=C/C1=C(\N)[O-],-0.4554280638694763
base,NNC(=O)CCc1cc2ccccc2[nH]c1=O,-0.5193609595298767
base,CCSc1nnc(N)n1-c1cccc(C(C)=O)c1,-1.3587427139282227
base,O=S(=O)(NCCc1csc(-c2c[nH]c3ccccc23)n1)c1ccc(F)cc1,-2.1325831413269043
base,Nc1c(Oc2ccccc2F)cncc1-c1ccccc1,-4.955355644226074
base,FC(F)(F)c1cccc2cccnc12,-10.477242469787598
base,COCCC(=O)N1CCC(Oc2ccc(C(=O)N3CCC[C@H]3CO)cc2)CC1,-0.9682000875473022
base,NNC(=O)CSCC(=O)O,-0.6372612714767456
base,FCCCOc1ccc(-c2nc(-c3ccccc3Cl)no2)cc1,-5.41856575012207
base,C#CCOCCOCCOc1ccccc1Br,-7.167539596557617
base,CCCCCOc1ccc(/C=N/N2CCOCC2)cc1OCC,-5.0669355392456055
base,Cc1cccc(OCc2cccc3cccnc23)c1C,-9.301342010498047
base,Cc1ccc(N2C(=O)CCS(=O)(=O)c3ccccc32)c(Cl)c1,-3.679016590118408
base,Clc1n[c-]nc(NC2CCCCC2)[nH+]1,-3.419128894805908
base,CCN1[N-][N-][C+](CC[N-][C+]([O-])C2CCCCC2)[N-]1,-1.3555582761764526
base,[CH2+]CCC[CH-]CCC(=O)N1CCC[C@H](C(=O)Nc2ccccc2C(=O)NCCCO)C1,-0.8405979871749878
base,Cc1nc(C)c(-c2cccs2)s1,-10.6190824508667
base,[CH2+]CCCCN([C-]([S-])N[c+]1[cH-][cH+][cH-][cH+][c-]1SC)C1CCN([C-](C)[O-])CC1,-5.315152168273926
base,O=[N+]([O-])c1ccccc1S(=O)(=O)Cc1ccccc1,-1.2899889945983887
base,C=[N+](CCC/C=C(/[O-])NN1CCCCC1)C(=O)N(C(=O)c1cccs1)c1ncc(C(F)(F)F)cc1Cl,-1.7604931592941284
base,O=[N+]([O-])/C(CN(CCO)Cc1ccccc1)=N/N=C\c1ccc(Cl)cc1,-0.8330894112586975
base,[O][N+]([O-])[C]1[N]N([C]2[CH][CH][C](N([O-])[O-])[CH][CH]2)C([C]2[CH][CH][CH][CH][CH]2)[C+]1[N]C[C]1[CH][CH][N][CH][CH]1,-0.5451043844223022
base,COc1ccc(NC(=O)[C@H]2CC(=O)N3CCCN=C3S2)cc1,-1.4026182889938354
base,O=C(O)CCCC(=O)Nc1ccccc1OC(=O)/C=C/c1ccc2c(c1)OCO2,-0.8665869235992432
base,CC[C-]([O-])N[N-][C+]([N-][c+]1[cH+][cH+][cH-][c+]2o[c-]3[cH+][cH-][cH+][cH-][c+]3[cH-][cH+][c-]1-2)[c+]1[cH-][cH+][cH-][nH]1,-2.4307503700256348
base,Nc1ncnc2c1nc(NCCO)n2[C@@H]1O[C@H](CO)[C@@H](O)[C@H]1O,-0.41735514998435974
base,COc1ccc(OCc2cccc(C(=O)O)c2)cc1,-3.2295312881469727
base,CCN1CCN(CCCNC(=O)Cn2nc(C)n3nc(-c4ccccc4)cc3c2=O)CC1,-0.4485027492046356
base,COc1ccc([N+](=O)[O-])cc1N(C[C@H](O)CN1CCCCC1)S(=O)(=O)c1ccccc1,-0.599242091178894
base,NNC(=O)COc1coc(/C=N/Nc2cccc3cccnc23)cc1=O,-0.23207871615886688
base,C[C@H](OC(=O)c1ccc(Cl)cc1)C(=O)NCCCNC(=O)CCCn1cncn1,-0.37902480363845825
base,CCC(=O)[C@H]1CCCN(C(=O)CN2C(=O)CSc3ccccc32)C1,-2.806227445602417
base,COc1cc(S(=O)(=O)NCc2ccc3c(c2)OCO3)c(OC)cc1Br,-1.0147875547409058
base,CC(=O)c1nc(N2C(=O)C[C@H](Cc3ccc(C)cc3)C2=O)sc1C,-2.1959478855133057
base,Cc1ccc(-c2ccc(N3CCCCC3)nn2)cc1S(=O)(=O)N(C)C,-2.0583159923553467
base,O[C@@H]1CCN(Cc2cccc(C(F)(F)F)c2)C[C@H]1Cc1ccc2c(c1)OCCO2,-5.54555606842041
base,O[C@H](COCC1CCCCC1)CN1CCCCC1,-6.423418998718262
base,CC[C]([O])C(C[C+]1[CH][CH][CH][CH][CH]1)[C]1[CH][CH][C](N([O-])[O-])[CH][CH]1,-2.347095012664795
base,COc1ccc2c(c1)CCC2=O,-7.262457370758057
base,COc1ccc(NCc2nnc(-c3ccccc3)o2)cc1,-2.9330861568450928
base,N#C[C@@H](C(=O)NC1CCCCC1)c1nc2ccccc2nc1N1CCN(S(=O)(=O)c2ccccc2)CC1,-0.8598741292953491
base,COC(=O)c1ccc(COc2cccc3cccnc23)o1,-2.677490234375
base,O=c1oc2ccc(OC(F)F)cc2n(CCN2CCc3c(ccc4ccccc34)O2)c1=O,-1.9036201238632202
base,O=C(O)CC/C(=N\NC(=O)CNC(=O)c1cccc(Cl)c1)c1ccccc1,-0.5823598504066467
base,CC[C@@H]1CCCCN1CCCNC(=O)CCNC(=O)c1cccc(C)c1,-2.656461238861084
base,Cc1cc2oc(=O)cc(CP(=O)(OC(C)C)OC(C)C)c2cc1O,-1.9849727153778076
base,O=c1cc(C2=CC=C(/C=N/[C@@H]3CCCC[C@@H]3[O-])C2)oc2cccc(O)c12.[H+],-1.101629376411438
base,CN(C)[c-]1[n-][c+]2[c+](N)[n-][cH+][n-][c+]2n1C1OC(CO)C(O)C1O.[H+],-0.28142330050468445
base,NS(=O)(=O)c1ccc(NC2CCCC2)cc1,-1.4084994792938232
base,N#Cc1cc2ccccc2c(O)c1CN[C@H](CCC(=O)O)c1ccccc1,-1.5589708089828491
base,COc1ccc(NC2CCN(CCc3ccccc3)CC2)c(OC)c1,-6.698915004730225
base,[CH2-][C@@H](C)OC(=O)c1ccc(-n2nc(C)c3c(C)n(-c4ccccc4)nc3c2=O)cc1.[H+],-1.7060171365737915
base,N[CH-]NC(C[c+]1[cH-][nH][c+]2[cH-][cH+][cH-][cH+][c-]12)[C+]([O-])N[c+]1[cH-][cH+][cH-][cH+][c-]1Cl,-0.6999908685684204
base,COc1ccc(-n2c(Cc3cc(=O)[nH]c(=O)[nH]3)nnc2SCc2cccc(Br)c2)cc1,-0.9477198123931885
base,[O-][S@+](Cc1ccccc1)C[C@H]1CC1(Cl)Cl,-8.368697166442871
base,CCCN(Cc1ccc(F)cc1)C(=O)COc1ccc2nc3n(c(=O)c2c1)CCCCC3,-3.0138916969299316
base,O=S(=O)(Nc1ccncc1)c1cnc(Cl)c(Br)c1,-1.6732128858566284
base,CCNS(=O)(=O)c1ccc(Cl)nc1,-2.532158374786377
base,CC(=O)c1oc2ccccc2c1NC(=O)COc1ccccc1C,-2.529465675354004
base,O=C(c1ccc2c(c1)CCCC2)[C@H]1CCCN(Cc2ccc(C(F)(F)F)cc2)C1,-10.995100975036621
base,Clc1ccccc1CSc1nnnn1-c1ccc2c(c1)OCO2,-2.7855310440063477
base,Fc1cccc(Cl)c1CCNc1cccc2ncccc12,-9.004094123840332
base,Cc1ccc(C(=O)Oc2cccnc2)cc1C,-5.387424468994141
base,COc1cc(S(=O)(=O)c2c(N)n(C)c(=O)n(C)c2=O)ccc1F,-0.31837472319602966
base,CN(C)C(C(=O)O)(c1ccccc1)c1ccccc1,-5.0349555015563965
base,Cn1c(=O)c2[nH]c(CN3CCN(Cc4ccccc4)CC3)nc2n(C)c1=O,-0.8268199563026428
base,Cc1ccc(/C=C2\[S+]=C(N3CCCCC3)N=C2[O-])cc1,-5.183112621307373
base,O=C(NCCCO)N(Cc1cc2ccc(O)cc2[nH]c1=O)C[C@@H]1CCCO1,-0.340524822473526
base,CCOc1cccc(OCCN2CCCC2=O)c1,-5.147388458251953
base,[H]/N=c1/[nH]c(N)nc2c(C)c(C#N)sc12,-0.46602001786231995
base,COCc1ccc(CN(CCCCCC(=O)Nc2cccc(F)c2)[C@H](C)C(N)=O)o1,-1.0059483051300049
base,NNCc1ccc(Cl)cc1,-5.352439880371094
base,Cc1onc(-c2c(OC(F)(F)F)ccc3ccccc23)c1C=O,-4.644625663757324
base,CCOC(=O)[C@H]1CCCN(C(=O)c2ccccc2OC)C1,-2.8982009887695312
base,[O-][S@+](c1ccc(F)cc1F)N1CCN(c2ccccc2)CC1,-6.91919469833374
base,Cc1ccc2nc(-c3ccc(NS(=O)(=O)c4cccc(C(F)(F)F)c4)cc3)oc2c1,-3.88545560836792
base,CN(C)C[C@@H](O)COC(c1ccc(Cl)cc1)c1ccc(Cl)cc1,-7.099503517150879
base,CN(C)S(=O)(=O)c1cc(C(=O)NCCCN2CCCCCC2)c2[c-]cccc2c1.[H+],-1.931247353553772
base,O=Cc1ccccc1NC(=O)c1ccc(N2CCOCC2)c([N+](=O)[O-])c1,-0.5585014224052429
base,C=C[CH-]CN[C@@H](Cn1c(CO)nc2ccccc21)c1ccccc1.[H+],-4.069046974182129
base,Brc1ccc(NC2=NCCN2)c(Br)c1,-5.867471218109131
base,COC(=O)c1ccc2cc(C)ccc2c1,-7.595996379852295
base,CCC(CC)Nc1ccc(C)cc1[N+](=O)[O-],-3.7168498039245605
base,CCN(c1ccc(CN(CCN2CCOCC2)C(=O)Nc2cc(C)ccc2OC)cc1)C(C)C,-4.1242756843566895
base,CC(=O)N[C@@H](CCS(C)(=O)=O)C(=O)Nc1ccccc1C(=O)NCc1ccco1,-0.25748929381370544
base,CC(=O)N/N=C/c1ccc2c(c1)OCO2,-2.386539936065674
base,COc1ccccc1CNC(=O)c1cccn(-c2c3ccccc3[c-]3ccccc23)c1=O.[H+],-4.139367580413818
base,[O-]C1=C(/C=C2\C=CC=[S+]2)CCCS1,-7.919612884521484
base,COCCc1ncc(CN2CCC(C)CC2)c(C)n1,-5.3101606369018555
base,C[C-]([O-])[C+]1[CH+][CH-][CH+][C-](N(C[C-]([O-])NCCS[C][N-]C[c+]2[cH+][cH+][cH+][cH-][c+]2Cl)[S+2](C)([O-])[O-])[CH+]1,-0.4241487979888916
base,OCc1cn(C2CCCCC2)nc1-c1cccnc1,-3.8344662189483643
base,CCC(=O)c1ccc(N2CCCCC2)c(F)c1,-9.038642883300781
base,CCN[C-]([O-])C1C2[C+]([O-])N[C+]3[CH+][CH-][CH+][CH-][C+]3[S+]21,-1.648135781288147
base,CCOc1cccc(CN2CCC[C@H](c3cc(OC)c(OC)c(OCC(N)=O)c3)C2)c1,-1.2789415121078491
base,COc1ccc(Cl)cc1C(=O)NCCOc1ccc(C)cc1,-4.471652030944824
base,C[N+](C)(C)C1CCC(N[C-]2[CH-][C+]([O-])CCC2)CC1,-5.849170684814453
base,Fc1cc(CNc2ncnc3sc4c(c23)CCCC4)nc(NCCc2ccccc2)n1,-2.7847657203674316
base,CO[c+]1[cH-][c+](N2CCN3[C-]4[N-][C+]5[CH+][CH-][CH+][C-](OC)[C+]5[C][C+]4[CH-]N[C+]([O-])C3C2)[cH-][cH+][c-]1OC.[H+],-0.6730970740318298
base,[O][C](N[C]1[CH][CH][C](N([O-])[O-])[CH][N]1)[C+]1[CH][C]2[CH][CH][CH][CH][C]2O[C]1[O],-0.5453060865402222
base,CC[C@@H](C)NC(=O)/C=C1\NC(=O)CS1,-2.6270391941070557
base,C[C@@H](NC(=O)Nc1ccc2c(c1)OCCO2)[C@@H](c1cccs1)N1CCOCC1,-1.7656489610671997
base,COc1ccc(NC(=O)Cn2nc(-c3ccc(Cl)cc3)c3ccccc3c2=O)c([N+](=O)[O-])c1,-1.5591373443603516
base,NS(=O)(=O)c1ccc(CCNCc2cccnc2)cc1,-0.5813286304473877
base,O=C(NCc1cccnc1)C1=C[C@H](c2ccccc2)C[C@H](OCCCCO)O1,-1.1629283428192139
base,O=[N+]([O-])c1cccnc1Nc1ccc(N2CCOCC2)cc1,-1.0690475702285767
base,COC[C@@H](O)[C@H]1CCCN(Cc2ccc(OC)cc2F)C1,-4.670417308807373
base,C[C@@H](OC(=O)C1=Cc2cc(Br)ccc2OC1)C(=O)Nc1ccc2c(c1)OCO2,-1.4262642860412598
base,Cc1nn(C)c(Cl)c1/C=C/C(=O)O,-3.078592300415039
base,S=C(Nc1ccccc1)Nc1ccccc1Oc1ccccc1,-8.164639472961426
base,Clc1ccc(NC2CCN(Cc3ccccc3)CC2)cc1,-10.735264778137207
base,Nc1nc(SCC(=O)NCCCc2ccccc2)[nH]c(=O)c1-c1ccccc1,-0.6830508708953857
base,COc1ccc(-c2c(NC(=O)C(C)C)n(C)c3ccccc3c2=O)cc1OC,-2.314967632293701
base,O=C(COC(=O)COc1ccccc1[N+](=O)[O-])NC1CC1,-0.3356229364871979
base,N#C[C@H](C(=O)c1ccc(F)cc1)c1ncccc1/C=C/C=C/c1ccccc1C(=O)O,-2.4929065704345703
base,O=C(c1ccccc1)c1ccc(N2CCN([C@H]3CC(=O)N(C4CCCCC4)C3=O)CC2)cc1,-2.957181692123413
base,O=C(O)CCCCCCCCCCCc1ccco1,-5.284013271331787
base,COc1ccc(/N=C\c2c(C(=O)N(C)C3CCCCC3)nc3ccccn23)cc1,-3.85109543800354
base,O=S(=O)(c1ccccc1)N1CCN=C1SCc1ccccc1,-3.9537267684936523
base,Clc1cccc(SCCOc2ccc(Nc3nc(Cl)cc(CSc4nc5ccccc5o4)n3)cc2)c1,-7.486047744750977
base,Clc1cccc(Cl)c1CN1CCCCCC1,-13.534393310546875
base,CCCN1CCN(CCCNC(=O)c2ccc(C(C)(C)C)cc2)CC1,-6.134378433227539
base,COCCN([CH+][c+]1[cH-][c+]2[cH-][cH+][cH-][cH+][c-]2o[c+]1[O-])[c-]1[n-][c+](CS[C-]2[N-][C+](C)[CH+][C-]([O-])N2)[n-][c+]2s[c+](C)[c-](C)[c+]21,-1.3728595972061157
base,O=C(CN1C(=O)[C@H]2CC=CC[C@H]2C1=O)Nc1cc(C(=O)N2CCCCC2)c(Cl)cc1Cl,-1.3897411823272705
base,O=C(CNC(=O)c1ccc(Cl)s1)OCCC(=O)c1cccs1,-1.773964762687683
base,CCOc1ccccc1/C=N/n1cnnc1,-3.231738328933716
base,CCNC(=S)N(CCc1c(C)[nH]c2ccc(Cl)cc12)Cc1cccnc1,-5.741029739379883
base,NS(=O)(=O)c1ccc(NS(=O)(=O)c2ccc(Br)cc2)cc1,-0.43439367413520813
base,S=C(NC[C@@H](c1ccccc1)c1ccc(Cl)cc1)Nc1ccccc1,-10.015345573425293
base,COCCNC(=O)[C@H](c1ccc(OC)cc1)N(Cc1ccc2c(c1)OCO2)C(=O)CCC(=O)Nc1ccccn1,-0.7654058337211609
base,NS(=O)(=O)c1cnc(N2CCCC3(CC2)OCCO3)cc1Cl,-0.4128144681453705
base,O=[N+]([O-])c1ccc([C@@H](CCCOC2CCCCC2)c2ccccc2)cc1,-6.083166599273682
base,CC(=O)/C(=N\Nc1cccc(Cl)c1)Sc1nnc(-c2cccnc2)n1-c1ccccc1,-2.6276376247406006
base,CCN1[c-]2[cH+][cH-][cH+][cH-][c+]2[C-]([N-][N-][C+]([O-])[C+]2[CH+][CH+][C+]([O-])N(C[c+]3[cH-][cH+][c-](Cl)[cH+][cH-]3)[N-]2)C1O,-0.5781574249267578
base,CSc1ccccc1NC(=O)c1cc(C(C)C)on1,-3.724564790725708
base,CCCN1CCN(CCNC(=O)Nc2cccc(Cl)c2)CC1,-4.042271137237549
base,COC[C@H](C)NC(=O)C(c1ccccc1)c1ccccc1,-5.518409252166748
base,CCOc1cc(N(CC)CC)ccc1/C=C1/C(=O)NC(=O)N(c2ccccc2)C1=O,-1.6456111669540405
base,NS(=O)(=O)CCCc1ccc(S(N)(=O)=O)cc1,-0.41023415327072144
base,O=S(=O)(c1ccc(Cl)cc1)c1cnc(-c2cccnc2)nc1-c1ccccc1,-2.8860678672790527
base,COCc1nc2c([nH]1)c(=O)[nH]c(=O)n2C,-0.5142594575881958
base,N[C-]([O-])[c+]1[n-][n-][n-][c+]1N([C+]([O-])[C+]1[CH+][CH+][CH-]O1)[c+]1[cH-][c+](-[c+]2[cH-][cH+][cH-][cH+][cH-]2)[cH-][c+](C(F)(F)F)[cH-]1,-0.27429670095443726
base,Oc1ccccc1CNc1ccccc1,-6.592807769775391
base,CO[c-]1[cH+][cH-][c+]([C-]([O-])C2CCCN(C[C][CH+][C+]3[CH+][CH-][C+]4[CH-][CH+][CH-][CH+][C+]4[N-]3)C2)[cH-][c+]1F,-4.2389397621154785
base,S=c1[nH]nc(COc2ccccc2)n1/N=C/c1ccc(Cl)cc1,-3.9870481491088867
base,COc1ccccc1OCc1ccc(Cl)nc1,-6.852059364318848
base,CC12[c+]3[cH-][cH+][cH-][cH+][c-]3CCSC13N1[C+]4[N-][S+3]4123,-9.258889198303223
base,Fc1ccc(CC/C=N/CCc2ccccc2)cc1,-11.112319946289062
base,O=S(=O)(/C=C/c1ccccc1)N1CCC(Cc2ccccc2)CC1,-6.2723493576049805
base,CCCOc1cccc(-n2nccc2C)c1CSc1cc(N)ncn1,-1.710155725479126
base,COc1cccc(C(=O)c2nn(-c3ccccc3)c(=O)c3ccccc23)c1,-2.9973061084747314
base,CCCN/C=C1/C(=O)c2ccccc2N1C(=O)/C=C/c1ccc2c(c1)OCO2,-2.337224006652832
base,COCCCCCn1cnc2[s+]cc(-c3cccs3)c-2c1[O-],-4.467596530914307
base,Cc1cnc(C(=O)[C@H]2CCc3ccccc3O2)o1,-3.4475340843200684
base,CCOC(=O)C1CCN(C(=O)/C=C/c2ccccc2)CC1,-4.1736369132995605
base,O=C(O)C1(S(=O)(=O)c2ccc(Cl)cc2)CC1,-1.505519986152649
base,CCCCNC(=O)NNC(=O)COc1ccccc1C#N,-0.3274209797382355
base,C/C(=N\Nc1ccc(C(F)(F)F)cc1N)c1ccc2c(c1)OCO2,-2.559473991394043
base,O=C(NC1CCCC1)C1CCN(S(=O)(=O)c2ccccc2)CC1,-1.9082612991333008
base,O=C(CCc1nc2ccccc2c(=O)[nH]1)OCc1ccccc1Cl,-1.8803709745407104
base,Cc1ccccc1/C(O)=C1\C(=O)C(=O)O[C@@H]1c1ccccc1,-2.5360515117645264
base,c1ccc(CNC2=NCCS2)cc1,-7.640997409820557
base,[CH2+][C+]([C][C][N-][C][c+]1[cH-][cH+][c-](OC(F)F)[c+](Cl)[cH-]1)SC([CH2-])[C+]1[CH+][CH-][c+]2[cH-][cH+][cH-][cH+][c-]2[CH+]1.[H+],-11.9183931350708
base,C[C@H](O)CN(CCO)CCn1cc(Br)c(=O)[nH]c1=O,-0.43886008858680725
base,CCO[C@@H](C)N1C(=O)c2ccc(C(=O)Nc3ccccc3C(=O)OC)cc2C1=O,-0.6273995637893677
base,CC(=O)N/C(C#N)=N/c1nc(-c2ccccc2)c(C)s1,-1.2871569395065308
base,O=[N+]([O-])c1cnc(SCc2ccc(F)cc2)s1,-3.562469720840454
base,Nn1nnnc1/[S+]=C\C1=C2CN(Cc3ccccc3)C([O-])=C2C=C[CH-]1.[H+],-0.3350786566734314
base,CC(=O)Nc1ccc(OCCOc2ccccc2C=O)cc1Cl,-2.6337809562683105
base,C/C(=N\NC(=O)c1ccc(Br)o1)c1cccc(NC(=O)c2cccnc2)c1,-1.276382327079773
base,O=C(/C=C/c1ccccc1)N/C(=C/c1ccccc1)C(=O)c1ccccc1,-5.641313076019287
base,Brc1ccc(CSc2nc3ccccc3[nH]2)cc1,-8.309544563293457
base,O=[N+]([O-])c1ccc(N2CCN(c3ncccn3)CC2)nc1,-0.5033740997314453
base,Cc1nc2cc(Cl)c(Cl)cc2n1CCCO,-5.752861499786377
base,Cc1ccc(NP(=O)(Oc2ccccc2F)Oc2ccccc2F)nc1,-4.5702643394470215
base,O=C(Cc1ccc([N+](=O)[O-])cc1)Nc1nnc(-c2ccncc2)s1,-0.6095849275588989
base,O=C(CSc1nnnn1-c1ccc(F)cc1)N1c2ccccc2Sc2ccccc21,-3.6308422088623047
base,COc1ccc(CN2Cc3ccccc3C2)c(C)c1O,-6.573184967041016
base,O=C1N/C(=N/S(=O)(=O)c2cc(F)ccc2OCc2ccccc2F)S/C1=C/c1cccnc1,-1.2847744226455688
base,O=S(=O)(NC(=S)N(Cc1ccccc1)Cc1ccccn1)c1ccc(Br)cc1,-3.2578988075256348
base,[O-]P([C+]([N-][c+]1[cH-][cH+][c-](Cl)[cH+][cH-]1)N1CCN(C[c-]2[cH+][cH-][c+]3[c-]([cH+]2)OCO3)CC1)N1CCN([c+]2[cH-][cH+][cH-][cH+][cH-]2)CC1,-3.3324227333068848
base,[CH2-]CCCC[c+]1[cH+]n(C[c+]2[cH-][cH+][cH-][cH+][cH-]2)[n-][c-]1-[c+]1[cH-][cH+][c-](Cl)[cH+][cH-]1,-11.160164833068848
base,CN1CCN(c2ccc(CNCc3cccnc3)cc2)CC1,-6.277094841003418
base,COc1ccc(/C=C/c2ccc3cccc(O)c3n2)c(OC)c1OC,-3.381986618041992
base,O=S(=O)(c1cc(C(F)(F)F)ccc1Cl)N1CCCCCC1,-6.388431072235107
base,Cc1ccc2nc(-c3ccccc3)cc(C(=O)O[C@H](C)C(=O)Nc3ccccc3C)c2c1,-4.231649875640869
base,Nc1c2c(nc3ncnn13)CCCC2,-1.6775976419448853
base,Cn1c(=O)c2c(nc(N/N=C/c3ccccc3OCc3cccc4ccccc34)n2C)n(C)c1=O,-0.855915904045105
base,Nc1cnc(N/N=C/c2c(O)n(CCc3cccs3)c(=O)n(Cc3ccco3)c2=O)nc1N1CCOCC1,-0.29459041357040405
base,NS(=O)(=O)c1ccc(CNC(=S)Nc2ccccc2)cc1,-0.722283661365509
base,COCc1cc(=O)[nH]c(NCCc2ccccc2)n1,-1.7311283349990845
base,O=C1N[C@@](NS(=O)(=O)c2ccccc2)(C(F)(F)F)C(=O)N1Cc1ccccc1F,-0.4933227002620697
base,COC(=O)COC(=O)C1CCN(C(=O)/C=C/CN2CCCCC2)CC1,-1.1671653985977173
base,Cc1ccc(Nc2ccc(Nc3ccc(OC(C)C)cc3)nn2)cc1,-4.44650936126709
base,Clc1ccc(Oc2ccc(OCCOc3ccccc3)cc2)nc1,-6.663361072540283
base,Clc1ccc(/C=C/c2nc3ccccc3s2)c(Cl)c1,-12.632203102111816
base,Fc1ccc(C2CCN(Cc3nc(CC4CC4)no3)CC2)cc1,-5.30991792678833
base,O=C([C@@H]1CCC(=O)N1C1CCCCC1)N1CCN(c2cccc(Cl)c2)CC1,-4.978366851806641
base,Cc1cc(C)c(C#N)c(Oc2ccccc2)n1,-4.682121753692627
base,S=C1SCN(CC2CC2)CN1Cc1ccco1,-8.819415092468262
base,Fc1ccc(N2CCN(C(=S)Nc3ccc(Cl)cc3)CC2)cc1,-9.753676414489746
base,COc1ccccc1[C@@H]1SC(=O)N(Cc2ccccc2)C1=O,-4.705054759979248
base,Cc1nc(C)c(C(=O)C[C@@]2(O)C(=O)Nc3ccc(Br)cc32)s1,-1.3226007223129272
base,CCOC(=O)c1ccc(N2CCN(C(C)=O)CC2)c(NC(=O)c2cccnc2)c1,-0.5016418695449829
base,CN(C)S(=O)(=O)N(C)CCN1CCN(Cc2ccc3c(c2)OCO3)CC1,-1.834335207939148
base,O=C(CCn1cc([N+](=O)[O-])cn1)Nc1nc2ccccc2s1,-0.5053116679191589
base,CN(CC(=O)Nc1cccc(O)c1)S(=O)(=O)c1ccccc1N,-0.26518937945365906
base,CCOC(CNc1ncnc2sc(C)c(-c3cccs3)c12)OCC,-4.225799083709717
base,O=S1(=O)CC[C@H](Nc2ccccc2)C1,-3.991570234298706
base,CN(C)C1CCN(c2ncc3c(n2)CCC3)CC1,-6.113173007965088
base,CNC1CCN(Cc2ccc(Cl)cc2)CC1,-9.662248611450195
base,Clc1ccc(N/N=C/c2ccccc2Br)nn1,-4.177611827850342
base,NC(=O)N[C@H]1CCSc2ccccc21,-2.9764695167541504
base,NNC(=O)c1ccco1,-1.7299673557281494
base,O[c-]1[cH+][cH-][cH+][cH-][c+]1[CH+][N-]N[C-](F)[c+]1s[c-]2[cH+][cH-][cH+][cH-][c+]2[c-]1Cl,-6.059474468231201
base,CSc1nsc(-c2ccc(OC(F)F)cc2)c1C#N,-5.123111724853516
base,CCOc1ccc(Br)c(/C=N/NC(=O)Cc2ccccc2)c1,-4.122253894805908
base,CCOC(=O)c1cnc2c(Cl)cccc2c1NCCN(C)C,-3.3576130867004395
base,O=[SH](=O)c1nc(-c2ccccc2)c(-c2cccc(Cl)c2)n1C1CCCCC1,-5.514801502227783
base,COc1cc(C(=O)NCCOc2cc(C)ccc2C)cc(OC)c1OC,-2.2898054122924805
base,CC(=O)NCC(=O)OCC(=O)N1CC(=O)Nc2ccccc21,-0.3101772665977478
base,CCOc1ccc(NC(=S)Nc2ccccc2C)cc1,-7.147478103637695
base,COc1ccc(Cl)cc1NC(=O)CN(C)C(=O)c1cccc(OCc2c(C)noc2C)c1,-1.5614715814590454
base,COc1cccc(/C=C/c2ccc3cccc(O)c3n2)c1OC,-4.3844428062438965
base,COc1ccc(N2C(=O)CC[C@@H](C(=O)NC(C)C)[C@@H]2c2ccc3ccccc3c2)cc1,-4.224018096923828
base,Cc1c(NC(=O)c2cc(F)ccc2F)c(=O)n(-c2ccccc2)n1C,-3.2025184631347656
base,Cc1cc2cc(-c3ccc(S(=O)(=O)N4CCN(C)CC4)s3)c3nncn3c2cc1C,-1.8927497863769531
base,Cc1ccc(-c2nc3ccccc3[nH]2)cc1NC(N)=O,-1.1162853240966797
base,O=C([O-])[C@H](O)C[C@@H]1C[S@@+3](=O)([O-])C/C1=C1\CCC[N-]1,-0.5383873581886292
base,C[C@H](Sc1nnc(-c2sc3ccccc3c2Cl)o1)C(=O)O,-2.2498645782470703
base,Cc1ccc(CNC(=O)[C@H]2CCC(=O)N(CCN3CCOCC3)C2)c(F)c1F,-2.204521656036377
base,S=c1[nH]nc(COc2ccccc2)n1-c1ccccc1,-5.1874003410339355
base,Cc1cc(C)c2c(c1)O[C@@H](C)C(=O)N2,-5.239882946014404
base,NC(=O)Nc1ccc(/C=N\NC(=O)CNC(=O)c2cccc(F)c2)cc1,-0.3173621594905853
base,O=C(Oc1ccc(-c2c(-c3ccccc3)oc3cc(O)cc(O)c3c2=O)cc1)c1ccc(Br)o1,-3.544741153717041
base,CNC(=O)N(O)[C@H]1N(c2ccccc2)C(=O)OC1(C)C,-0.8038694858551025
base,Cn1nccc1C(=O)Nc1ccccc1N1CCCCC1,-3.696467638015747
base,COc1ccccc1NCCC(=O)O,-2.5210697650909424
base,CC[S+]1CN([C+]([O-])OC)[C+]([O-])N[C-]1[O-],-0.5080733895301819
base,O=S(=O)(N[C@H]1CCCCO1)c1ccc2c(c1)OCCO2,-1.220604658126831
base,Cc1c(Br)cnn1-c1c(Cl)cc([N+](=O)[O-])cc1Cl,-3.61417555809021
base,COc1cc(Oc2ccccc2)ncn1,-4.398508548736572
base,COc1cccc(CN(C(=O)Cn2nnc(-c3cc4sccc4n3C)n2)[C@H](C(=O)NC(C)(C)C)c2ccccc2)c1,-1.8149409294128418
base,COc1ccccc1OCCCCc1c[nH]c2ccccc12,-7.257884502410889
base,N#CCCN1CCN(S(=O)(=O)c2ccc3c(c2)OCCO3)CC1,-0.6961215138435364
base,O=c1[nH]ncc2cc(Cl)ccc2/c1=N/c1ccccc1,-2.906996726989746
base,COC([CH-][CH+][C-]1[CH+][CH-]C[CH+]N1[C+]([O-])[c+]1[cH-][cH+][cH-][cH+][n-]1)[C-]1[CH-][CH+][C-]2OCCO[C+]2[CH-]1.[H+],-1.7015444040298462
base,Brc1ccccc1OCc1nc(N2CCOCC2)c2ccccc2n1,-4.663708686828613
base,[H+].[O-]P(c1ccccc1)N(/N=C/c1cccs1)c1ccccc1,-5.886478900909424
base,Nc1c(C(=O)NCc2cccs2)c2nc3ccccc3nc2n1/N=C/c1ccco1,-1.1070060729980469
base,O=C(Nc1ccccc1C(=O)N1CCOCC1)c1ccco1,-1.3818217515945435
base,Clc1ccccc1CSc1nncn1NC/C=C/c1ccccc1,-5.912607669830322
base,COC(=O)C1=NN[C@@]2(c3ccc(Cl)cc3)C(=O)N(c3ccc(C)cc3)C(=O)[C@@H]12,-0.6687845587730408
base,C=[N+]([CH-]CCc1ncc(SCCOc2ccc(OC)cc2)n1C)[CH-]COC.[H+],-4.259209156036377
base,CN(C(=O)NC(=O)/C=C\CCCC[C@H]1CC[C@H](C)CC1)S(=O)(=O)c1ccccc1,-2.2122230529785156
base,CC(=O)N1C(=O)CCC[C@H](S)C/N=C\1SCc1nc2ccccc2[nH]1,-1.4053730964660645
base,O=S(=O)(c1ccc2c(c1)OCCO2)N1CCCCC1,-2.839900493621826
base,[O-][C+](O)CO[CH-]C[c+]1[cH-][cH+][cH-][cH+][cH-]1,-3.2121667861938477
base,O=S(=O)(Nc1ccc(C2=NCCN2)cc1)c1ccc(F)cc1,-1.516418218612671
base,O=C(NC(=S)Nc1ccc(Br)cn1)c1ccccc1,-3.4455995559692383
base,Cc1ccc(/C=N/NC(=O)c2ccc(N(C)S(=O)(=O)c3ccccc3)cc2)cc1,-1.6784476041793823
base,Nc1ccccc1C(=O)c1ccc(NN=C2CCCCC2)c([N+](=O)[O-])c1,-1.537527322769165
base,O=C(c1cc2ccccc2o1)N1CCN(c2ccccc2)CC1,-5.961938381195068
base,Cn1nnnc1SCC(=O)c1c(N)n(C)c(=O)n(C)c1=O,-0.40326690673828125
base,CCOc1cc(/C=C(/C#N)c2nnc(C)o2)ccc1OCc1ccc(C(=O)O)o1,-1.2028785943984985
base,O=C(Nc1ccc(-c2ccc(Cl)cc2)s1)Nc1ccccc1F,-7.547143459320068
base,CNS(=O)(=O)c1cc(-c2nn3c(-c4nc5ccccc5[nH]4)nnc3s2)ccc1C,-0.5867906808853149
base,O=[N+]([O-])c1ccccc1-c1cc(-c2cccc(Br)c2)n[nH]1,-2.7786152362823486
base,CCOc1ccc(-c2nn(C)c(=O)c3ccccc23)cc1CN(C)C,-4.202075481414795
base,O=C(CCC(=O)N1CCOCC1)NNC(=S)NCCc1cccnc1,-0.37430843710899353
base,Nc1ccccc1C(=O)NNC(=O)c1ccccc1,-0.6433613896369934
base,[CH2+]CC1(C)CCCCN1[C-]([O-])[c+]1[cH-][cH+][cH-][cH+][c-]1OC,-5.722103595733643
base,S=C(Nc1ccc2cn[nH]c2c1)Nc1ccnn1C1CCCCC1,-2.602290391921997
base,OC1CCN([C@H](CCc2ccccc2)c2nnnn2C2CCCCC2)CC1,-2.375011444091797
base,Nn1c(SCC(=O)NC2CC2)nnc1-c1cccnc1,-0.31476208567619324
base,Cc1ccc(OCCCn2ccnc2)c(Br)c1,-7.726803779602051
base,NC(=S)N/N=C1\CCSc2ccc(O)cc21,-1.4962130784988403
base,COCC(=O)N(C)Cc1nnc(C(=O)Nc2ccc(F)cc2)nc1C(C)=O,-0.29670777916908264
base,O=c1oc2ccccc2cc1/C=C/[C@H](O)c1ccccc1,-4.148825645446777
base,Cc1cc(C)c(NC(=O)CN2C(=O)C[S+]=C2[O-])c(Cl)c1,-1.309458613395691
base,O=C1C=C(NNC(=O)c2cc3ccccc3cc2O)CCC1,-1.1365598440170288
base,[H+].[O-][C-](CNC12[N-]CC[C+](O)CCC[C][CH+][CH-]C3[C+]1[O+]32)NC1CCCCC1,-1.0276449918746948
base,COc1cc(C(=O)NNCC(=O)Nc2c(C)cc(C)cc2C(=O)O)cc(OC)c1OC,-0.3806818127632141
base,COc1ccc(CN(C(=O)c2cc3ccccc3oc2=O)[C@H]2CCS(=O)(=O)C2)cc1OC,-0.5447387099266052
base,S=C(NCc1ccccc1)N[C@@H]1CCSc2ccccc21,-8.553268432617188
base,Clc1cccc(-n2c(SCc3ccccc3)nnc2C(Cl)Cl)c1,-9.079279899597168
base,CCO[c-]1[cH+][cH-][c+](CS[C-]2[CH+]CCN(C[c+]3[n-][c+]4[cH-][cH+][cH-][cH+][c-]4[nH]3)C2)[cH-][c+]1Cl.[H+],-6.870393753051758
base,COc1cc(NCc2ccccn2)cc(CN2CCCCC2)c1O,-3.216007709503174
base,Cc1ccc(Oc2nc(-c3ccncc3)nc3ccccc23)c(C)c1,-5.715980052947998
base,CCOc1ccccc1N1CCN(CC(=O)Nc2cccc3ccccc23)CC1,-5.105106830596924
base,CCCc1ccc(S(=O)(=O)Nc2nc3ccccc3nc2-n2nc(C)cc2C)cc1,-1.6417040824890137
base,NNc1nc(C(F)(F)F)nc2nc(-c3ccco3)nn12,-0.44617006182670593
base,Brc1cccc(CSc2nnc(-c3ccncc3)n2Cc2ccco2)c1,-4.642928600311279
base,COc1ccc(N(C[C@H](O)CN2CCCC2)S(=O)(=O)c2ccc3ccccc3c2)cc1,-2.121105432510376
base,CN1[CH-][CH+][c-]2[c+]([c+]([O-])[nH][c+]([O-])n2C)[CH-]1,-1.5456995964050293
base,COc1ccc(CCN)cc1S(=O)(=O)N(C)Cc1ccc2cc[nH]c2c1,-0.7084079384803772
base,CO[c+]1[n-][n-][c+](-[c+]2[cH-][cH+][c-](N3CCOCC3)[c+](N[C-]([O-])[O+](C)C(F)(F)F)[cH-]2)[c-]2[cH+][cH-][cH+][cH-][c+]12,-0.7926591038703918
base,COc1ccc(-c2nn(-c3ccccc3)cc2C=O)cc1,-4.845518589019775
base,CNP(=S)(NC)OCCOc1ccc(OC(F)F)cc1,-3.5007333755493164
base,C[c-]1[n-][n-][c+](N[C+]([O-])[C+]([O-])[c+]2[cH+][c-]3s[cH+][cH+][c+]-3n2-[c-]2[cH+][cH-][cH+][c-](N([O-])[O-])[c+]2[C][N-2])[c+]1O,-0.252368688583374
base,O=C(NCCc1ccccc1)N1CCC[C@@H](CNS(=O)(=O)c2ccccc2)C1,-1.1998493671417236
base,CCCn1nc(Cc2nnn(C3CCCC3)n2)c2ccccc2c1=O,-1.200710654258728
base,COCCN[C-]([O-])[c+]1[c+]2[n-][c+]3[cH-][cH+][cH-][cH+][c-]3[n-][c+]2n2[c+]1[n-][c+]([CH-][CH+][CH-][c+]1[cH-][cH+][cH-][c+](F)[cH-]1)[c+]1s[cH-][cH+][c-]12,-1.3092567920684814
base,CCN(CC)S(=O)(=O)c1ccc(C(=O)N2c3ccccc3CC[C@@H]2C)cc1,-3.445805788040161
base,O=C(O)c1cccc(S(=O)(=O)Nc2cccc3ccccc23)c1,-1.3051363229751587
base,CCO[C-]([O-])[C+]1[CH+]C2(O[N-]1)N1C34N[C+]([c+]5[cH-][cH+][cH-]s5)[N-][C-]3S[CH+]C124,-0.6746326088905334
base,N#CCC(=O)N1CCCCCC1,-4.427519798278809
base,[H+].[O-]N([O-])[C+]1[CH-][CH+][CH-][CH+][C+]1[N-][N-][c+]1[cH-]o[c+]2[cH-][cH+][c-](Cl)[cH+][c-]12,-2.136014223098755
base,CCCCN1C2=C(CCCC2)[C@H](c2ccc(F)cc2)C2=C1c1ccccc1C2=O,-11.969830513000488
base,O=C(O)CCSCCc1nc(-c2ccc3c(c2)OCO3)co1,-1.1252795457839966
base,O=C(NC1CCCC1)c1ccccc1C(=O)c1ncc[nH]1,-1.3367359638214111
base,CC(=O)c1ccc(OCCOCCOCCO)c(C=O)c1,-0.7750175595283508
base,COc1ccc(Cc2nnc(SCC(=O)Nc3ccc(F)cc3)n2-c2ccc(C)cc2)cc1OC,-2.8696670532226562
base,O=C(NNCc1ccc2c(c1)OCO2)c1ccccc1O,-0.8479804396629333
base,Cc1cc(C(=O)/C=C/c2ccc(F)cc2)ccc1N(C)CCc1cnccn1,-5.389507293701172
base,Brc1cnc2nc(SCc3cn4ccsc4n3)[nH]c2c1,-3.411997079849243
base,Nc1nc(-c2ccc3c(c2)OCO3)c(Cc2cccc(F)c2)s1,-3.562252998352051
base,C=CCn1c(SCc2ccccc2)nc(O)c(C)c1=O,-3.1949856281280518
base,O=c1c2ccccc2nc(/C=C/c2ccc(O)cc2)n1CCc1ccccc1,-4.33024263381958
base,ClC1CCN([C@H](Cl)c2nnnn2C2CCCCC2)CC1,-4.573793411254883
base,CCCNc1c(NS(=O)(=O)c2ccc(OC)cc2)c(=O)oc2ccccc12,-0.9387301802635193
base,O=S(=O)(c1ccc(Cl)nc1)N(Cc1cccs1)c1ccc(F)cc1,-4.763741970062256
base,CC(C)C(=O)OCn1nnc2ccccc2c1=O,-1.149276614189148
base,O=c1[c-](Br)cnc2nc(NCc3cccs3)nn12.[H+],-1.4104164838790894
base,Cn1c2n/c(=[S+]\Cc3ccc(F)cc3)n(C)c-2c([O-])n(C)c1=O,-1.629448652267456
base,Clc1ccc(CNCCc2ccccc2)cc1Cl,-11.414230346679688
base,COc1ccc(NC(=O)N2CCC[C@H](Nc3ccc(OC)c(OC)c3)C2)c(OC)c1,-1.6589021682739258
base,[H]/N=C1/c2ccccc2CN1CCCOC,-5.546716213226318
base,CN(/N=C/c1cccnc1)C(=O)c1cc2cc3ccccc3nc2s1,-3.4670121669769287
base,[O-][C+](CC1(N2CCN([c+]3[cH-][cH+][c-](F)[cH+][cH-]3)CC2)CC[S+2]([O-])([O-])[N-]1)[c+]1[cH-][cH+][cH-]s1,-0.5510218143463135
base,COC(=O)COc1cc2ccccc2cc1C(=O)Nc1cc(C)ccc1C,-3.1191797256469727
base,C/C(=N\N1CCN(CC(=O)N2CCCCC2)CC1)c1cccc([N+](=O)[O-])c1,-0.8528412580490112
base,CCCS(=O)(=O)N1CCC(C(=O)N/N=C/[C@@H](C(C)=O)C(C)C)CC1,-0.5480874180793762
base,O=C(c1ccc2c(c1)OCO2)[C@H]1CCCN(Cc2ccc(F)c(F)c2)C1,-5.947333335876465
base,COc1ccccc1N(Cc1ccc(OC(F)F)cc1)C(=O)CCC(=O)Nc1cc(C)ccn1,-2.6273727416992188
base,Brc1ccc(-c2nc(N3CCCC3)nc3ncccc23)cc1,-5.646491527557373
base,[N-2][C][C-]([C][N-2])[CH+][C][c+]1[nH][c-]2[n-][c+]3[cH+][cH-][cH+][cH-][c+]3[n-][c+]2[c-]1[CH+][C][CH+][O-],-0.4009459316730499
base,[O-][S+2]([O-])(NC1CCN(C[C-]2[CH-][CH+][CH-][CH+][CH-]2)CC1)[NH2+]C[c+]1[n-][c+](-[c+]2[cH-][cH+][cH-][cH+][cH-]2)[n-]o1,-0.31079837679862976
base,C[N-]C[CH+]N(CCC(C)(C)[O-])[C-]([O-])[C+]([O-])[C+]([CH+][O-])[CH+][c-]1[cH+][cH-][c+]2[cH-][c+](OC)[cH-][cH+][c-]2[cH+]1,-0.28098252415657043
base,Nc1ccc(O)c(C(c2ccccc2)c2ccccc2)c1,-5.175499439239502
base,C[C@H](CNC(=O)[C@H]1CC[C@H](C(C)(C)C)CC1)CSc1ccccc1,-9.006524085998535
base,C[C@@H](NS(=O)(=O)c1ccc(NC(=O)C(=O)NNc2ccccn2)cc1)c1ccccc1,-0.4283408224582672
base,O=C(O)c1cc(-c2nc3ccc(Cl)cc3[nH]2)c(N2CCOCC2)s1,-1.6640253067016602
base,O=c1c(Cc2cnc3ccccn23)c(O)ccn1Cc1cccc2ccccc12,-3.448688268661499
base,N#CSCC(=O)O,-2.5771570205688477
base,CCOc1ccc(-c2nnnn2-c2ccccc2C)cc1,-3.5904245376586914
base,CC(=O)OCC(=O)NCc1ccccc1,-2.82489275932312
base,Clc1ccccc1OCCc1cccs1,-11.749342918395996
base,Cc1ncc2c(n1)CCN2CCO,-3.644120454788208
base,N[C@@H](c1ccccc1)c1cc2c([nH]c1=O)CCCC2,-2.677680730819702
base,CC(=O)N[C@H](C)CNc1nc2ccccc2n2c(C(C)C)nnc12,-0.8278541564941406
base,O=C(C/[S+]=c1\nc2ccccc2c([O-])n1-c1ccccc1)N1CCN(c2ccc(Cl)c(Cl)c2)CC1,-3.2342686653137207
base,[O][C](O)C1C[CH][CH+]CC1[C]([O])N[C]1[CH][CH][C](N([O-])[O-])[CH][CH]1,-0.5553432703018188
base,COc1ccc(CCC(=O)OCC(=O)NC2CC2)cc1Cl,-2.0408496856689453
base,COC(=O)c1c(Sc2cccc(C(F)(F)F)c2)cn(C)c1C,-7.571170330047607
base,O=C(CSc1ccccc1C(=O)O)NC1=NCCS1,-0.9748470783233643
base,Clc1ccc(OCCCN2CCCCC2)c(Br)c1,-11.356209754943848
base,CC1CCN(CCN/C([O-])=C2/[C]/[C+](=[O+]\CC(F)(F)F)C=C[C-]2OCC(F)(F)F)CC1,-2.8323824405670166
base,O=C1CCSc2ccc3nnc(n3n2)CCN1,-1.359594464302063
base,COc1cc(C(=O)COC(=O)C2CCCCC2)c2c(O)cccc2c1OC,-1.704830527305603
base,COc1cc2oc(=O)c3c(c2cc1O)CCCC3,-2.617903709411621
base,N[C-]([O-])[C+]1[C+](N[C-]([O-])Cn2[n-][cH+][cH+][cH+][c-]2[CH+][O-])S[C+]2CCCC[C-]21,-0.3755916357040405
base,CO[C@@H](C(=O)NCc1ccccc1Cl)c1ccccc1,-5.743320465087891
base,O=c1c2ncnc(Oc3ccc(Br)cc3)c2ncn1CCO,-0.5338237285614014
base,CCOCc1ccc(-c2ccc(OC)c(OC)c2OC)c(OC)c1,-4.9774065017700195
base,C=[O+]C/C=[C-]/CC/C(C)=C/CCC(C)=C=C/C=C/CCCC(C)=O,-9.64608383178711
base,NNC(=O)c1ccc(=O)n(Cc2ccc(Cl)cc2)n1,-0.4970380663871765
base,C[N+](=O)[O-],-4.883722305297852
base,N/C(CC(=O)N1CCCCC1)=N\O,-1.091452956199646
base,O=[N+]([O-])c1cccc(S(=O)(=O)N2CCN(S(=O)(=O)N3CCOCC3)CC2)c1,-0.38729944825172424
base,[O-][S+2]([O-])([c-]1[cH+][cH-][c+](OCC(O)CN(CCO)CC[C-]2[CH+][CH-][CH+][CH-]O2)[cH-][cH+]1)N1CCOCC1,-0.38188859820365906
base,[CH2+]C(C1CCN(C)C[C-]1[O-])[S+2]([O-])([O-])[c+]1[cH-][cH+][cH-][cH+][c-]1[C][N-2],-0.35793864727020264
base,S=C(Nc1ccc(N2CCCC2)cc1)N1CCCc2ccccc21,-10.058834075927734
base,CCOc1ccccc1CNS(=O)(=O)c1ccc(C)cc1,-3.2021780014038086
base,COc1cc2c(cc1C(=O)Nc1cc(C)ccc1NC(=O)COc1ccccc1)oc1ccccc12,-3.6873056888580322
base,CCOc1ccccc1C(=O)NCCOc1cccc(OC)c1,-3.033536672592163
base,OC[C@H](O)[C@H](O)[C@H](O)[C@@H](O)CO,-0.7092818021774292
base,O=S1([O-])(c2ccccc2F)N=[S@@]1(N1CCCCC1)=[N+]1CCCCC1,-3.0784528255462646
base,Nc1nc(N)c2cc(S(=O)(=O)NCc3ccc(F)cc3)ccc2n1,-0.2958504855632782
base,COCC(=O)N(C/C=C/c1cc2ccccc2oc1=O)Cc1ccccc1,-3.0172901153564453
base,COCC/[S+]=c1\nc2n(C)c(=O)[nH]c([O-])c-2n1Cc1ccc(OC(C)C)cc1,-0.2918354272842407
base,C[C@@H](CN1CCN(C)CC1)OC(=O)c1ccccc1Cl,-6.140399932861328
base,Cc1c(NC(=O)c2cc(-c3ccc4c(c3)OCO4)on2)c(=O)n(-c2ccccc2)n1C,-0.7826198935508728
base,COc1ccc(N2CCC(C(=O)NCCCN3CCOCC3)CC2)cc1,-2.992928981781006
base,NC(=O)CSc1nnc(C2CCCCC2)n1Cc1ccc(F)cc1,-1.7193461656570435
base,C[C@@H](C(=O)O)N1CCOC1=O,-1.8964171409606934
base,COCCC/[S+]=C1/C=CC=C/C1=C(/[O-])n1nc(C)cc1C,-3.5582077503204346
base,O=C(Oc1ccc([C+](=O)N([C][O-])Cc2ccccc2OCCCN2CCOCC2)cc1)c1cccc2cccnc12,-1.0342891216278076
base,Clc1ccc(-c2cc(-c3ccco3)cnn2)cc1,-6.126401901245117
base,CCSc1nnc(CCNS(=O)(=O)c2ccc(Br)cc2)n1C,-1.1715954542160034
base,CC[C@H](c1nnnn1Cc1cccs1)N(Cc1ccccn1)Cc1cccs1,-3.751866579055786
base,COCCNCCCC[CH-]S[c+]1[n-][c+]2[cH-][cH+][c-](OC)[cH+][c-]2[nH]1,-2.7967844009399414
base,Fc1ccc(CSc2nnc(CNc3ccc(F)cc3)o2)cc1,-4.66058349609375
base,CN(C)S(=O)(=O)c1cccc(-c2cccc(C(=O)NCCCN3CCCCC3)c2)c1,-2.029425621032715
base,c1ccc(CN2CCNCC2)nc1,-6.821633338928223
base,COc1cccc(C(=O)NCC(=O)OCC(=O)Nc2cccc(C(F)(F)F)c2)c1,-0.628257155418396
base,FC(F)(F)c1ccccc1Nc1ncccc1-c1nc2ccccc2o1,-5.937233924865723
base,O=C(c1ccco1)N(Cc1ccco1)c1nc2ccc(OC(F)F)cc2s1,-3.39266300201416
base,F[c-]1[cH+][c-]2[c+]([cH+][cH-]1)C[c+]1s[c-]3[n-][cH+][n-]n3[c+](NC[c+]3[cH-][cH+][cH-][cH+][cH-]3)[n-]n1-2,-2.4449071884155273
base,Clc1ccc(-c2csc(NCCCN3CCOCC3)n2)cc1,-6.02335786819458
base,O=C([C@@H]1CCC[C@H](O)C1)n1nc(-c2ccco2)nc1NCc1ccccc1,-0.9982461333274841
base,COCC(=O)N1CCC[C@@H](N2CCN(c3ccccc3)CC2)C1,-5.416317939758301
base,CC(=O)Nc1ncc2c(n1)C[C@H](c1sccc1C)CC2=O,-1.6687824726104736
base,CCC(O[c-]1[cH+][cH-][cH+][cH-][c+]1[NH+]([CH+]C1OCCC[NH+]1[C-](N)[O-])[C-]([O-])[c+]1[cH-][cH+][cH-]o1)[C+]([O-])NC(C)(C)C,-0.300222784280777
base,NNC(=O)CSCc1nc2ccccc2s1,-1.6037098169326782
base,C[c-]1[cH+][cH-][cH+][c-]([CH+][C-]2[CH-][C+](S[c+]3[cH-][cH+][cH-][cH+][c-]3[C+]([O-])O)[CH-][C+]([O-])CO2)[cH+]1,-1.2456387281417847
base,S=C(Nc1cc(Cl)n[nH]1)N1CCCC1,-4.56221866607666
base,O=C(/C=C/c1cn(Cc2ccccc2)nc1-c1cccs1)c1ccccc1,-8.142535209655762
base,S=C(Nc1ncnn1Cc1ccccc1)N1CCCC1,-4.152639389038086
base,O=C(C1CCCCC1)N(Cc1nc2ccccc2c(=O)[nH]1)Cc1cc(F)c(F)cc1F,-3.1974267959594727
base,CC(=O)N1CCCN(C(=O)C[C@@H]2Oc3ccccc3NC2=O)CC1,-0.8483155369758606
base,ClCCNc1nc2ccccc2[nH]1,-4.974519729614258
base,COCc1cc(C2=NO[C@H](C(=O)NCCC(C)C)[C@H]2C(=O)NCc2ccc(C)cc2)[nH]n1,-0.4907446801662445
base,N[C+]([O-])[c-]1[n-]s[c+]([C+]([O-])OC(C[c+]2[cH+][cH-][cH+][c-]3[cH+][cH-][cH+][cH-]n23)[C-]([O-])NC2CCCCC2)[c+]1N,-0.2722606956958771
base,[O-][C+](O)CO[c+]1[cH-][c+]2[cH-][c+]([cH-]1)OC1[CH+]S[C+]3[N-][C-]([CH+][C-]([O-])N31)CS[c-]1[n-][c+]3[cH+][cH-][cH+][cH-][c+]3[c+]([O-])n1C2,-0.25842994451522827
base,CCC(=O)Nc1ccccc1C(=O)OCc1cccc([N+](=O)[O-])c1,-0.9476278424263
base,Fc1ccc(/N=C\NC(=S)NCc2ccccn2)cc1,-3.824761152267456
base,Cn1c(-c2ccc([C@H]3CC3(Cl)Cl)cc2)cnc1N[C@H]1CCCN(C2CCCCC2)C1,-8.967132568359375
base,O=C(O)CCc1nc2ccccc2c(=O)[nH]1,-0.703693687915802
base,Cc1cc(/N=C/c2ccc(Cl)cc2)n(-c2ccccc2)n1,-8.03037166595459
base,CCOC(=O)[N-]C(=O)[C@]1(S(=O)(=O)c2ccccc2)[CH+]CCCC1,-0.9518048167228699
base,Cn1c(=O)n(CC(N)=O)c(=S)n(CC(=O)Nc2ccccc2F)c1=O,-0.2926191985607147
base,CCNc1nc2[s+]c3c(c-2c([O-])n1-c1ccccc1)CCCC3,-3.9516642093658447
base,C[C@@H](Oc1ccccc1F)C(=O)Nc1ccc(C(N)=O)cc1,-0.9161200523376465
base,O=C(N[C@H](Cc1ccccc1)C(=O)O)c1ccccc1,-1.899601697921753
base,Cc1ccc(S(=O)(=O)NCC(=O)OCC(=O)NC(=O)c2ccccc2)cc1C,-0.29334890842437744
base,Cc1c(C#N)c2cc([N+](=O)[O-])ccc2n1C,-1.5431057214736938
base,COc1ccc(N2CCN(C[C@@H]3CCCN(C(=O)CSc4ncccn4)C3)CC2)cc1,-2.383493423461914
base,CC(C)OC(=O)Nc1ccc(O)c(C(C)C)c1,-3.2932493686676025
base,[O-][C-]1[C+]2[CH+][N-]N([CH+][CH+][C][CH+][c-]3[cH+][cH-][cH+][cH-][cH+]3)[C+]2[N-][CH-]N1C[c-]1[cH+][c-](Cl)[cH+][cH-][c+]1OCCCCOC[c-]1[cH+][cH-][c+](Cl)[cH-][cH+]1,-5.581557750701904
base,Fc1ccc(OCCCCN2CCOCC2)c(Cl)c1,-8.501150131225586
base,O/N=C/c1c(-c2ccc(Cl)cc2)c2ccccc2n1-c1ccc(F)cc1,-8.167656898498535
base,COCCn1cnc2c1c(=O)[nH]c(=O)n2CC(C)C,-0.791987955570221
base,NC(=O)c1c(NC(=O)c2cccc(N3C(=O)CCC3=O)c2)sc2c1CCCCC2,-0.8385550379753113
base,CC(=O)c1ccc(N2CCN(S(=O)(=O)/C=C/c3ccccc3)CC2)c(F)c1,-3.081533908843994
base,COc1cc(/C=N\NC(=O)CNC(=O)c2cccs2)ccc1OCC(=O)NCc1ccccc1,-0.4506465196609497
base,[H]/N=c1\c2c3c(sc2ncn1Cc1ccccc1)CCCC3,-5.335220813751221
base,S=C(NC[C@H]1COc2ccccc2O1)N1CCN(c2ccccc2)CC1,-5.531484127044678
base,COCCN(C(=O)c1ccc(COC)cc1)c1nc(-c2ccccn2)cs1,-2.6751630306243896
base,C[C-]([O-])OCC1O[C+](N(C[c+]2[cH-][cH+][cH-][cH+][cH-]2)[c+]2[cH-][cH+][cH-][cH+][cH-]2)C(O)C1O,-0.573641300201416
base,C[C@H](C(=O)NCCc1ccc(Cl)cc1)c1ccccn1,-5.10275411605835
base,CN1CC/C(=N\OC(=O)c2ccc3ccccc3c2)CC1(C)C,-5.493292808532715
base,O=C(CCC(=O)N1CCCCCC1)Nc1nnc(-c2ccccc2)s1,-1.722832441329956
base,O=[N+]([O-])c1ccccc1O,-2.1634693145751953
base,[O-]CCC[CH-]CCN(/C=N/N=C\c1ccc(Cl)c(Cl)c1)C1=[S+2]=CC=N1,-2.3444340229034424
base,Brc1ccc(-c2cn3c(n2)SC[C@@H]3c2ccccc2)cc1,-10.714865684509277
base,CCCCCNCc1cccc(Br)c1,-11.034955024719238
base,O=C(CNS(=O)(=O)c1ccccc1)Nn1cnnc1,-0.3390542268753052
base,CO[C]1[CH][C](S([O])([O])N2CCC([C+]([O])NC[C]3[CH][CH][CH][N][CH]3)CC2)[CH][CH][C]1N([O-])[O-],-0.6008962392807007
base,COC1=CC(=[NH2+])/C(=C/N(CC[S-])S(=O)(=O)c2ccc(F)cc2)C=C1OC,-0.7898272275924683
base,C/C(=N/NS(=O)(=O)c1ccc(C)cc1)c1ccc2c(c1)OCO2,-1.2238634824752808
base,O=C(O)c1ccc(N2C(=O)C[C@@H](/[S+]=C3\N=CC=C\C3=C(\[O-])O)C2=O)cc1,-0.38234880566596985
base,NC(=O)CN1C[C@H](O)CC1=O,-0.8569062352180481
base,COc1ccccc1Cc1nc(-c2ccc(Br)o2)no1,-3.045025587081909
base,CCCCn1c(SCC(=O)c2c(C)[nH]c(=O)[nH]c2=O)nnc1[C@@H](CC)N(C)C,-0.41705870628356934
base,CCOC(=O)CC(=O)Nc1nnc(C2CC2)s1,-0.8409435749053955
base,COC[C@@H](O)CNc1ncc(C(F)(F)F)cc1Cl,-3.219552755355835
base,Nn1ccnc1P(O)c1ccccc1,-1.972994327545166
base,COc1cccc([C@H]2C[C@H](c3ccc(Cl)cc3)Nc3nc(N)nn32)c1,-1.7708314657211304
base,CCNC(=S)N(Cc1ccccc1)Cc1cccs1,-10.15713882446289
base,Cc1cc(NCCO)nc(-c2ccccc2)n1,-2.6217665672302246
base,C[S]1C2=NN=C(N(CCC#N)CCc3ccccn3)[S]21,-2.231466293334961
base,O=S(=O)(c1ccccc1)N1CCN(C2CCN(Cc3ccccc3)CC2)CC1,-4.575509071350098
base,O=S(=O)(c1ccc(Cl)nc1)N1CCN(c2nc3ccc(F)cc3s2)CC1,-2.1704957485198975
base,Nc1cc(N)nc(SCC(=O)Nc2ccc(Cl)c(Cl)c2)n1,-0.6567288637161255
base,Nn1c(SCC(=O)Nc2ccc3c(c2)OCO3)nnc1-c1ccccc1O,-0.31485211849212646
base,N#CCNC(=O)[C@H](CCC(=O)O)NC(=O)C(c1ccccc1)(c1ccccc1)c1ccccc1,-0.7898179888725281
base,Nc1nc(SCC(=O)Nc2ccccc2C(=O)O)[nH]c(=O)c1NC(=O)c1ccc(Br)cc1,-0.667273759841919
base,CCOc1ncccc1C(=O)N1CCN(C(=O)c2ccc3c(c2)OCO3)CC1,-0.8056722283363342
base,O=C(/C=C/c1ccccc1)Oc1cccc2cccnc12,-5.8712639808654785
base,[CH2-][CH+][CH-][C+]([O-])O[N-][C+]([c-]1[cH+][cH-][cH+][cH+][n-]1)[c-]1[cH+][cH-][cH+][cH-][c+]1C(F)(F)F,-2.9164555072784424
base,Cc1cc(NC(=O)CCC(=O)N2CCCC2)ccc1[C@H](C)N1CCOCC1,-2.509626865386963
base,O=C(O)c1cc(O)ccc1NCN1C(=O)c2ccccc2C1=O,-0.37738585472106934
base,O=C(CSc1nnc(-c2ccc3occc3c2)n1C1CC1)c1cc2ccccc2oc1=O,-2.414552688598633
base,COc1ccc(-c2cc(-c3cc(C(=O)O)ccc3OC(=O)N3CCOCC3)no2)cc1,-1.0380979776382446
base,COc1ccc(Cl)cc1NC(=S)NCCC1CCCCC1,-7.549147129058838
base,O[C@H](CNC1CCCC1)COc1ccc(Cl)cc1,-4.986980438232422
base,COc1cc(N(Cc2cccs2)C(=O)C(F)(F)F)c(OC)cc1Cl,-6.519033908843994
base,CCCCCN(C)[C@@H]1Cc2c(OC)cccc2O[C@@H]1C,-8.751293182373047
base,CCOC(=O)C1=NN(c2ccc(O)cc2)[C@@H](c2ccccc2)C(=O)N1,-0.4988642930984497
base,O=C1/C(=C/c2ccccc2)Oc2cc3c(cc21)OCCO3,-4.626183032989502
base,Cc1ccc(Sc2nc(C)cc(C#N)n2)cc1,-4.089374542236328
base,NC(=O)c1ncn([C@H]2O[C@@H](CO)[C@H](O)[C@@H]2O)c1N,-0.44608113169670105
base,O=S(=O)(Nc1ccncc1)c1ccc(Cl)cc1Cl,-3.0144126415252686
base,COc1cccc(-c2ccc(Br)cn2)c1O,-5.072661399841309
base,Cc1cc(C)c(-c2ccccc2)[nH]1,-9.904521942138672
base,O=C(O)c1ccc(CNC[C@H]2CCCN(Cc3ccccc3)C2)cc1Cl,-4.265036582946777
base,NC(=O)c1sc2nc(-c3cccs3)cc(-c3ccco3)c2c1N,-1.3598690032958984
base,NNC(=O)c1ccccc1OCC(=O)Nc1ccc(Cl)cc1,-0.4342862367630005
base,[CH2+]N(C)[c+]1[c-](OC)[cH+][cH-][c+]2[c-]1-[c+]1[cH+][cH-][cH+][c-]([O-])n1[C][N-]C[C+]1[C]N2[CH+][CH+][C-]1[O-].[H+].[H+],-0.8084553480148315
base,[O-][C+]1[c+]2[cH-][cH+][cH-][cH+][c-]2NC2(CC[C-](C3CCCC3)O2)N1N[S+2]([O-])([O-])[c-]1[cH+][cH-][cH+][cH-][cH+]1,-0.6669979095458984
base,NNC(=O)CCCCNc1ncc(C(F)(F)F)cc1Cl,-1.1448478698730469
base,COc1cccc(-c2nnn(CC(=O)NCCc3c[nH]c4ccccc34)n2)c1OC,-0.3963758051395416
base,Clc1ccccc1CSc1nnc(-c2ccccc2)c(-c2cccs2)n1,-8.365652084350586
base,Cc1ccc(NC2=C/C(=N\S(=O)(=O)c3cccs3)c3ccccc3C2=O)cc1,-2.453191041946411
base,O=C(CCc1ccccc1)C1=NN[C@@H]2C(=O)N(c3ccccc3-c3ccccc3)C(=O)[C@H]12,-1.5416802167892456
base,S=c1[nH]nc(CNc2ccc(Cl)cc2)n1-c1ccccc1,-5.300630569458008
base,CCC(=O)NCCc1nc2ccc(N3CCCC3=O)cc2c(=O)n1-c1ccccc1,-0.8573685884475708
base,O=C(N/N=C/c1cccc(O)c1)[C@@H](O)c1ccccc1,-0.7731562256813049
base,CC/[S+]=C1\N=NC(NC(=O)c2ccc(N3CCOCC3)c(N([O-])[O-])c2)=[S+]1,-0.35337671637535095
base,N#Cc1nc(-c2ccccc2)oc1N1CCN(C(=O)c2cccs2)CC1,-1.7235816717147827
base,CO[N-]C(O[C+]([O-])NC[c+]1[cH-][cH+][cH-][cH+][cH-]1)[c+]1[cH-][cH+][c-](OC)[c+](Br)[cH-]1,-1.4385195970535278
base,[CH2-]CN1C2([O-])C3[CH-][C+](CN[C+]([S-])N[C-]([O-])[C+]4[CH-][CH+]C5([C+]6C4C65)[S+2]1([O-])[O-])OC32.[H+],-0.542168140411377
base,COc1ccc2c(-c3ccc(Cl)cc3)cc(C(=O)O)nc2c1CNC(=O)c1cccs1,-2.6451380252838135
base,N[P@](=O)(OCC(F)(F)F)Oc1ccccc1,-2.566732883453369
base,NS(=O)(=O)c1ccc(CCNC(=S)Nc2ccc(F)cc2)cc1,-0.7833846807479858
base,CNC(=S)N1CCN(c2cc3c(cc2F)C(=O)c2ccccc2C3=O)CC1,-3.290402412414551
base,COc1ccc(OC)c(NC(=O)CN2CCc3cc(OC)c(OC)cc3C2)c1,-1.774401068687439
base,CC[C-]([O-])N[C+]1[C+]2CCCC[C+]2[N-][C-]2CCC[C+]12.[H+],-4.216723918914795
base,O=C(Nc1ccc(Br)c(Cl)c1)C1c2ccccc2Oc2ccccc21,-8.110860824584961
base,CCNC1([O-])C2C[c-]3[cH+][cH-][cH+][cH-][c+]3CNC21,-3.893404722213745
base,C/C(=N\NC(=O)c1cc(C)[nH]n1)c1ccc(-c2ccccc2)cc1,-2.216658353805542
base,O=C(NCCCn1ccnc1)C(F)(F)C(F)(F)C(=O)NCc1ncc[nH]1,-0.3712414801120758
base,Cc1nnc2sc(CSC3CCCCC3)nn12,-5.046275615692139
base,[O][C](N[N][CH][C]1[CH][CH][C]([C]2[CH][CH][CH][CH][C]2N([O-])[O-])O1)[C+]1[CH][CH][CH][CH][C]1Cl,-0.7281991839408875
base,Nc1ccc2nc(CSCc3ccc(C(F)(F)F)cc3)[nH]c2c1,-4.51021671295166
base,Cn1c(C(=O)N2CCN(c3ccc(NC(=S)NC(=O)C4CCCCC4)cc3)CC2)cc2sccc21,-3.0317347049713135
base,Cn1c(C(=O)O)c(C(=O)c2ccc(C(C)(C)C)cc2)c2cc(Cl)ccc21,-4.392420291900635
base,COc1cccc(Nc2ncc(C(=O)c3ccccc3F)c3ccccc23)c1,-5.582756996154785
base,COC1=CC(=O)C(C(C)C)=CC1=O,-4.468636989593506
base,O=C(CCC(=O)NC1CCCC1)Nc1nnc(C(F)(F)F)s1,-0.9555431008338928
base,C[C@@H](Oc1cccc2cccnc12)C(=O)c1ccccc1,-5.90011739730835
base,COc1ccc(C)cc1Oc1ccc(N2CCOCC2)cc1[N+](=O)[O-],-1.9471772909164429
base,Clc1ccc(OCCOCCNCc2cccnc2)cc1,-4.76085090637207
base,Fc1cc(Br)ccc1NC1=N[C@H](c2cccs2)SC1,-9.41685676574707
base,O=C(N/N=C/C1CCCCC1)c1cc2ccccc2o1,-3.7941462993621826
base,Nc1nnc(SCC(=O)c2ccccc2)s1,-1.6846073865890503
base,O=POc1ccccc1.O[P-]C=C(O)O.[H+],-1.1344101428985596
base,COc1ccccc1Nc1nc2ccccc2[nH]1,-4.040822982788086
base,COc1ccc2nc(Nc3nc(CSc4ncn[nH]4)cc(=O)[nH]3)nc(C)c2c1,-0.4414452016353607
base,CCCCN(C(=S)SC)[C@H]1CCS(=O)(=O)C1,-5.496088981628418
base,COc1ccc(NC(=O)COC(=O)c2ccccc2OC)cc1OC,-0.8643688559532166
base,O=S(=O)(N/N=C\c1ccc(OC/C=C/c2ccccc2)cc1)c1cccs1,-2.781036376953125
base,CCC(CC)C(=O)Nc1c(Cl)cccc1[N+](=O)[O-],-2.17376446723938
base,CCOCNC(=S)NCCSCc1cc2ccccc2[nH]1,-4.003689765930176
base,O=C(CCc1nsc2cc(Oc3ccccc3)ccc12)N1CCCCCC1,-6.830235958099365
base,N#CCS(=O)(=O)c1ccc(F)cc1,-2.651162624359131
base,O=C(COc1cccc2cccnc12)c1ccccc1,-5.634778022766113
base,CN1CCN(c2cccc(Cl)c2)CC1,-11.403852462768555
base,[O-][C-]1O[c+]2[cH-][cH+][cH-][cH+][c-]2[CH+][C-]1[CH+][C][c+]1[cH+][n-][c-](Cl)[cH+][cH-]1,-4.112355709075928
base,Clc1ccc([C@@H](c2cccnc2)N2CCN(c3cccc(Cl)c3)CC2)cc1,-10.669530868530273
base,CCOn1c(=O)c(=O)n(Cc2ccccc2F)c2cc(C)ccc21,-3.162269353866577
base,[H]/N=C1C(=C\c2ccc(OS(=O)(=O)c3ccccc3)c(OCC)c2)/C(=O)N=C2SC=NN2/1,-0.835135281085968
base,C[C@@H](Sc1nnc(N)s1)C(=O)Nc1ccc2c(c1)OCCO2,-0.4134378433227539
base,COc1ccc(CNCCCC(=O)n2ncc3ccc(Cl)cc32)cc1OC,-2.7975921630859375
base,O=C(NCc1ccc(F)c(F)c1)c1ccc(N2CCOCC2)c([N+](=O)[O-])c1,-0.955349326133728
base,COC(=O)c1cc(/C=C(\C#N)C(=O)Nc2cccnc2)cc(OC)c1,-0.48342835903167725
base,NNC(=O)/C(=C/c1cccs1)NC(=O)c1ccco1,-0.3380565345287323
base,O=C(COc1ccc(C(=O)c2ccccc2)cc1)N[C@H]1CCCN(Cc2ccccc2F)C1,-3.663769245147705
base,COc1ccc(CC(=O)N(C)CC(=O)Nc2ccc(Cl)cc2)cc1OC,-2.0230791568756104
base,Cc1cccc(NC2=C(Cl)C(=O)O[C@@H]2OC(=O)c2ccc(C(F)(F)F)cc2)c1,-3.51763653755188
base,COCc1ccnc(C)c1C(=O)NC[C@H](c1ccc(F)cc1)N(C)C,-3.2267649173736572
base,CO[CH-][CH+][CH-][CH+][C][CH+][CH-][CH+][C][CH+][CH-]C[C@@H](O)C[O-],-3.3395776748657227
base,Cc1nn(C)cc1/C=C/C(=O)c1ccccc1,-5.9452972412109375
base,CN(C)Cc1ccc(CN(CCc2ccccn2)C(=S)NC2CCCCCC2)cc1,-7.957711219787598
base,O=P(CCO)(c1ccccc1)c1ccccc1,-5.378055572509766
base,Clc1ccccc1CSc1nnc(-c2ccncc2)o1,-4.354951858520508
base,COc1cc(N2C(=O)CCC2=O)ccc1NCN1C(=O)c2ccccc2C1=O,-0.39536237716674805
base,O=C(O)c1cc(Br)c2c(c1)OCO2,-2.9985313415527344
base,CC(=O)c1sc(NC(=O)[C@@H](C)N2C(=O)c3ccccc3C2=O)nc1-c1ccccc1,-1.1249581575393677
base,COc1ccc(-c2nc(C#N)c(N3CCCCCC3)o2)cc1,-2.8757388591766357
base,NC(=O)CNc1ncc(C(F)(F)F)cc1Cl,-1.7830390930175781
base,CNN(C)[C][CH+][CH-][c+]1[cH-][c+]2n([c-]3[cH+][cH-][cH+][cH-][c+]13)CCC2,-8.60991096496582
base,CCCN1CCN([C@H](c2cc3cc(C)ccc3[nH]c2=O)c2nnnn2C2CCCCC2)CC1,-1.4699631929397583
base,CN(C)S(=O)(=O)c1ccc(NC(=O)/C=C/c2cccs2)cc1,-1.9907885789871216
base,COc1c(NCC(OC)OC)cccc1-c1ccccc1,-5.510435581207275
base,O=C1CCCc2ccccc21,-9.192707061767578
base,CCCCCS[C-]1[N-][N-][C+]([N-]C)S1,-5.9708147048950195
base,O=C1[C@H]2CCCC[C@H]2C(=O)N1[C@H]1CC[C@@H](C(=O)Nc2ccc(Cc3ccncc3)cc2)CC1,-2.213587760925293
base,CN(C1CCCCC1)S(=O)(=O)c1ccc2[nH]cc(C(=O)O)c(=O)c2c1,-0.5400590896606445
base,NC(=O)COC(=O)[C@@H](Cc1c[nH]c2ccccc12)NC(=O)Cc1ccc(Cl)cc1,-0.432675838470459
base,CCc1nnc(-c2cc3ccc(C)cc3nc2O)o1,-1.7275627851486206
base,Cc1cc(C)n([C@@H]2CCCC[C@H]2OC(=O)c2cccs2)n1,-5.295346736907959
base,CCN(CC)S(=O)(=O)c1ccc(N2CCCC2)c(NS(=O)(=O)c2ccc(C)c(C(=O)O)c2)c1,-0.8455367684364319
base,[O][C](CN1[N][C](C(F)F)[CH][C+]1C(F)F)NN[C]([S])N[C]1[CH][CH][C](N([O-])[O-])[CH][CH]1,-0.5441452860832214
base,CCC(C)(C)NC(=O)[C@@H](c1ccccc1)N(Cc1cccs1)C(=O)CN1C(=O)NC2(CCCCC2)C1=O,-1.738477110862732
base,COc1ccc2c(c1OC)C(=O)N(c1ccccc1)C2=O,-2.9799156188964844
base,S=C(Nc1ccccc1Cl)N[C@@H]1C[C@H]2CCC[C@@H](C1)N2C1CC1,-8.23827838897705
base,O=C(c1ccc2ccccc2n1)[C@@H]1CCCO1,-5.219707012176514
base,O=C(Cc1ccccc1)Nc1nc2ccc(Br)cc2s1,-5.785073757171631
base,O=[N+]([O-])c1cnccc1Nc1cccc(F)c1,-2.0408198833465576
base,COC[C@H](O)COc1ccc(OC)cc1C(C)(C)COC(C)=O,-1.2590994834899902
base,[H]/N=C1C(=C/c2cn(CC(=O)N3CCCCCC3)c3ccccc23)\C(=O)N(C)N\1Cc1ccco1,-1.5557825565338135
base,[CH][CH+][CH+][CH+][C]CCN1[C+]([CH2+])[N-]C(NN[C-]([O-])C[c+]2[cH-][cH+][c-](OC)[c+](OC)[cH-]2)(N[C-]2[CH-][CH+][CH-][CH+][CH-]2)[C+]1[O-].[H+],-0.3689766228199005
base,O=C(CCS(=O)(=O)c1ccc(Br)cc1)N1CCN(c2ccccc2F)CC1,-3.071536064147949
base,C[c+]1[n-][c+]2[c+]([c-](C)[n-]1)CCN([C-]([O-])[N-]CC[C+]([O-])O)C2,-0.3885042667388916
base,O=C(ON=C1CCN(S(=O)(=O)c2ccc(F)cc2)CC1)c1ccc(F)cc1,-1.5356335639953613
base,C[C@H](CC(=O)Nc1ccc(F)cc1)n1ccnc1,-4.147669315338135
base,O=C1N/C(=C\CCCO)C(O)=C1/C=N/Cc1ccccc1,-0.8288446664810181
base,COCCN(C[C-]1[C][CH-][CH+][CH-][CH+]1)C[C-]([O-])N[C+]1[CH+][C-](F)[CH+][CH-][C+]1F,-3.903217315673828
base,S=c1[nH]nc(COc2ccc(Cl)cc2)n1Cc1ccccc1,-5.68719482421875
base,Fc1ccc(-c2ccc(NCCN3CCOCC3)nn2)cc1,-3.520138740539551
base,CCOc1ccc(-c2oc3ncn(C)c(=O)c3c2-c2ccc(OC)cc2)cc1,-2.957331895828247
base,CN[C@@H]1CC(C)(C)Oc2ccc(N)cc21,-4.025228977203369
base,C[C@@H]1CN(CCCCOc2ccc(CCCCOc3ccc([N+](=O)[O-])cc3)c(O)c2)C[C@H](C)O1,-2.3112454414367676
base,[O-]/C=C/Cl.[O-][P+](N1CCOCC1)=[N+]1CCOCC1,-1.5834715366363525
base,CCOCCOC(=O)C1=C(C)NC(=O)N[C@@H]1c1ccc(OC)c(OC(=O)/C=C\c2cccs2)c1,-1.1170978546142578
base,COc1ccc(NS(=O)(=O)c2cc(C(=O)Nc3cc(Cl)c(C)s3)ccc2C)cc1,-2.637685537338257
base,COc1ccccc1C(=O)N/C(=C\c1ccccc1)C(=O)N[C@H](CC(C)C)C(=O)O,-0.8033550977706909
base,O=C(CCN1C(=O)c2ccccc2C1=O)N1CC[C@@H](c2ccccc2)C1,-2.8920061588287354
base,OCC[C@@H]1C[C@H](O)[C@@H](O)[C@@]2(CCCCCO2)O1,-1.0799983739852905
base,COCCc1ncc(CN2CCCC[C@@H]2C(=O)Nc2nc3ccccc3[nH]2)cn1,-0.5348632335662842
base,CCn1nnc(NC(=O)/C=C/c2cnc3ccccc3c2)n1,-0.6109647750854492
base,F[CH-]OC1CC(C[c+]2[cH-][cH+][cH-][cH+][cH-]2)NC(S[c+]2[cH-][cH+][cH-][cH+][cH-]2)C1,-9.649919509887695
base,O=[N+]([O-])c1cccc(S(=O)(=O)NCC2CCCCC2)c1,-0.7847559452056885
base,F[c-]1[cH+][cH-][c+]([N-][C+]([S-])NCCS[C+]2CCC[N-]2)[cH-][cH+]1,-5.837278842926025
base,Nc1nnn(CC(=O)NNC(=S)Nc2ccc(F)cc2)n1,-0.3833191394805908
base,NN1C(c2ccc(Br)cc2)=N[C]C([C+]2=Cc3ccccc3C=C2)=C1[O-],-2.4154105186462402
base,CCOc1cc(C#N)ccc1OC(=O)c1cccc([N+](=O)[O-])c1C,-1.0252799987792969
base,COc1cccc(OCC(N)=O)c1C#N,-0.5931153297424316
base,[NH2+][C]1[C](Cl)[CH]N[C]([C][C]([O])N[N][C]2CCCCCC2)[C]1Cl,-0.9649789929389954
base,O=S(=O)(c1cccs1)N1CN(Cc2ccco2)c2nc3ccccc3nc21,-1.5024168491363525
base,COCCN1C(=O)[C@@H](C(C)(C)C)S/C1=N\c1ncn[nH]1,-0.7794210314750671
base,COC[C@@H](C)NC(=O)c1ccc(C(=O)/C=C/c2ccc(OC)c(OC)c2)cc1,-1.7982484102249146
base,CCOc1ccc(CCNC(=O)c2cc(C)nn2-c2ccccc2)cc1,-3.48129940032959
base,Cn1nc(C(=O)N2CCC[C@@H](N3CCN(c4ccc(F)cc4)CC3)C2)c2ccccc2c1=O,-2.3337478637695312
base,CC(=O)N1CCN(C(=O)Nc2ccccc2)CC1,-3.121819257736206
base,COc1ccc2c(c1)C[C@@H]([C@@H](c1cccs1)n1ncc3ccccc3c1=O)C2=O,-3.297593355178833
base,Fc1cccc(NC(=S)NCc2ccccn2)c1,-5.657657623291016
base,COc1ccc(Cn2c(CN3C[C@@H](C)O[C@@H](C)C3)nc3c2c(=O)n(C)c(=O)n3C)cc1,-0.5998327732086182
base,C=CS(=O)(=O)c1ccc(NC(=O)CCNS(=O)(=O)c2ccccc2F)cc1C,-0.48806795477867126
base,O=C/C(=N/NC(=O)c1cccs1)C(=O)Nc1ccccc1,-0.5089771151542664
base,C[C@H]1CCCc2c(ncc(/C=C/C(=O)N(C)C)c2-c2cc3ccccc3oc2=O)C1,-3.4147775173187256
base,CC/N=C(\C)c1nnnn1C(C)(C)C,-2.928154706954956
base,CC(=O)N[C@H](O)C(=O)c1ccc[nH]1,-0.8687670826911926
base,O=[N+]([O-])c1ccc(N2CCNCC2)cc1Nc1ccc(Br)cc1F,-2.292696714401245
base,Cc1ccc(S(=O)(=O)N(C)CC(=O)O/N=C(\N)c2ccc(Br)cc2)cc1,-0.5308317542076111
base,Nc1ccc(S(=O)(=O)Nc2ccc(OC(F)F)cc2)cc1N,-0.49479439854621887
base,NC(=O)C[C@@H](N)C(=O)O,-0.5854514241218567
base,ON/C=N\c1ccc(N2CCOCC2)cc1,-2.678205728530884
base,Cc1cc(NC(=S)N(Cc2ccc(C(=O)O)cc2)C2CCCCC2)ccc1Cl,-6.118856906890869
base,CO[C-]([O-])[C+]1N[CH+][C-]([c-]2[cH+][cH-][cH+][cH-][cH+]2)[C+]1N1CCOCC1.[H+].[H+],-2.628427267074585
base,COc1cc2cccc(Oc3ccc([N+](=O)[O-])cc3)c(=O)c2c(O)c1OC,-1.1322203874588013
base,O=C(c1ccco1)n1ccc(-c2ccc(Br)cc2)n1,-4.4964280128479
base,NNC[c-]1[cH+][cH-][cH+][c-](N2[CH-]N[c+]3[cH-][cH+][cH-][cH+][c-]32)[cH+]1,-3.271935224533081
base,FC(F)Oc1ccc(-n2nc(C(F)(F)F)c3c2CCCC3)cc1,-8.46498966217041
base,CO[c-]1[cH+][cH-][cH+][cH-][c+]1N1CCN(C[C][C+]([C][N-2])[C+]2[N-][C+](C)[C+]([C+]([O-])OC(C)C)S2)CC1,-1.2768124341964722
base,CN1C(=O)CS/C1=N\c1cc(C(=O)O)ccc1C(=O)O,-0.4225800335407257
base,Nn1c(SCC(=O)N2CCc3ccccc3C2)nnc1-c1ccco1,-0.48853451013565063
base,CNC[C@@H](O)COc1cccc(OCC(=O)Nc2cc(C)on2)c1,-0.25091099739074707
base,CCCc1c(O)c2ccccc2[nH]c1=O,-3.3167309761047363
base,NNC(=O)c1ccccc1/[S+]=C1/C=CC=C/C1=C(/[O-])O,-0.35731005668640137
base,O=NN1CCN(c2ccccc2)CC1,-5.513071060180664
base,[CH2+]CCCCNCCN[C-]([O-])[c+]1[cH-][cH+][cH-][cH+][c-]1N,-1.2828655242919922
base,CN(CC(=O)NC1CCCC1)S(=O)(=O)c1cc(Cl)ccc1Cl,-2.1273422241210938
base,CC(=O)N1CCc2cc(S(=O)(=O)N[C@@H](Cc3ccc(Cl)cc3)C(=O)O)ccc21,-0.5157939791679382
base,O=Cn1c(SCc2cccc([N+](=O)[O-])c2)nc(-c2ccccc2)c1-c1ccccc1,-3.361546039581299
base,Fc1ccccc1CSc1nnc(-c2cnccn2)n1Cc1ccccc1,-3.922715187072754
base,O=C1C[C@@H](N2CCN(c3ccc(Br)cn3)CC2)C(=O)N1c1ccc(Cl)c(C(F)(F)F)c1,-3.7157657146453857
base,COCCN(C(=O)c1ccc2c(c1)CCCN2CCc1ccc(OC)cc1)C1CCCCC1,-6.599959850311279
base,CN(C)S(=O)(=O)c1ccc(Nc2oc3ccccc3c(=O)c2/C=N/CCO)cc1,-0.4073895514011383
base,N/C(=N\S(=O)(=O)c1ccc(Br)s1)c1cccs1,-1.639573097229004
base,COc1ccc(C)cc1-n1c(SCC(=O)N2CCOCC2)nc2[s+]c3c(c-2c1[O-])CCC3,-1.3644574880599976
base,O=C(NO)C(c1ccccc1)c1ccccc1,-3.757725477218628
base,CNCC(=O)N(CC(C)C)c1c(N)n(CC(C)C)c(=O)[nH]c1=O,-0.4237946569919586
base,CCCCNC(=O)CSc1n[nH]c(=O)n1CCC,-0.9032144546508789
base,Clc1ccccc1OCc1nnc(SCc2nnc(C3CCCCC3)o2)o1,-2.5404229164123535
base,COc1cc(NC(=O)c2nn(C)c(=O)c3ccccc23)cc2ccccc12,-1.7987362146377563
base,O=C(c1ccccc1Br)c1conc1C(=O)c1cccc2c1-c1ccccc1C2=O,-3.042191982269287
base,CCOC(=O)NCC(=O)OCC(=O)c1ccc(C)cc1,-0.8218953013420105
base,Cc1ccc(S(=O)(=O)NCC(=O)OCC(=O)Nc2ccc3c(c2)OCCO3)cc1C,-0.3070540428161621
base,Nc1nnc(SCC(=O)Nc2cccc3ccccc23)o1,-0.5766313672065735
base,O=C(CCc1cccc(Cl)c1)c1ccncc1,-7.2633748054504395
base,CCOC(=O)c1c(C)c(C(=O)NCc2ccc(F)cc2)c(C)n1C,-2.730112075805664
base,O=C(Nc1ncc(Cl)cc1Cl)c1ccc(-c2ccccc2C(F)(F)F)o1,-5.808462142944336
base,Clc1ccc(C[C@H](C/C=[NH+]/c2cccc(Cl)c2)c2[c-]nc(Cl)cc2)cc1,-9.05391788482666
base,CC(C)Oc1ccc(C(=O)O[C@@H]2CCCN(C)C2)cc1,-5.369056224822998
base,CCCCOC(=O)C1=C(C)NC2=C(C(=O)[C@H](C(=O)OCC)[C@@H](c3ccccc3)C2)[C@@H]1c1ccccc1,-2.9273533821105957
base,COc1cccc(-c2nc(N3CCCC[C@H]3C)c3ccccc3n2)c1O,-3.7936086654663086
base,CC(C)[C@@H](C(=O)Nc1nc2ccc(F)cc2n1C)N1C(=O)c2ccccc2C1=O,-1.0202295780181885
base,COc1ccc(C(=O)CN2CCOCC2)cc1F,-5.013094425201416
base,COc1ccc(CC(=O)Nc2cccc(-n3cccn3)c2)cc1,-3.1598100662231445
base,C/C(CCc1oc2ccc(Br)cc2c1-c1ccc(C)o1)=N/O,-4.981662273406982
base,O=C(Cc1ccccc1)Nc1ccc2c(c1)nc1n2CCN(Cc2ccccc2)C1,-4.625523090362549
base,CCC(=O)N(CCCCC(=O)N1CCN(c2ccccc2F)CC1)CCc1ccccc1,-5.4614973068237305
base,CC(C)[C@@H]1CC[C@@H](C)C[C@H]1OP([O-])c1ccccc1.[H]/[O+]=C\c1ccccc1,-4.678819179534912
base,N[C][N-]N[CH+][N-][N-][c+]1[cH+][n-][c+]2[cH-][cH+][cH-][cH+][c+]12,-0.523175060749054
base,O=[N+]([O-])c1cc(Cl)c(N2CCN(Cc3ccccc3)CC2)cc1NC1CCCC1,-4.0046281814575195
base,C[C@H](NC1CCCCC1)C(=O)Nc1ccccc1Cl,-5.487498760223389
base,COc1ccc(S(=O)(=O)NCC(=O)N2CCC(/C=C/c3ccccc3)CC2)cc1,-1.4626716375350952
base,COc1ccc(-n2cc3c(n2)CCCC3)cc1,-7.381893634796143
base,N#Cc1c(CNCC(=O)NN)sc2ccccc12,-0.40359771251678467
base,NNC(=O)[C@@H](Sc1ccc(Cl)cc1)c1ccccc1,-3.4096736907958984
base,FC(F)(F)c1ccc(Cl)c(Nc2ncnc3c2nc2n3CCSC2)c1,-4.320522308349609
base,C[C@@H](OC(=O)Cc1coc2cc3c(cc12)CCC3)C(=O)NC(N)=O,-0.37470579147338867
base,C[C]1[CH][C][C]([O+][CH][C]([O-])N[C]([C][N-])N[C]2[CH][CH][C](N3CCCC3)[CH][CH]2)[CH][C]1C.[H+].[H+],-0.9649474620819092
base,O=S(=O)(NCc1ccc(F)cc1)c1cccs1,-4.193988800048828
base,NNC(=O)CSc1cccc2cccnc12,-1.5621967315673828
base,Cc1ccc(OCCNC(=O)c2ccco2)cc1,-3.480635166168213
base,COCCNC(=S)N1CCN(C(=O)[C@H]2CCCO2)CC1,-3.1356523036956787
base,C=[N+](C)[C@@H](Cc1[c-]c(C(=O)Nc2cnc(N3CCOCC3)cc2C)c2ccccc2n1)C(F)(F)F,-2.19392466545105
base,[CH][CH+]n1[cH-][cH+][n-][c+]1N([CH])CCCN1CCOCC1,-5.647755146026611
base,COCCNc1nc2ccccc2n1CC(=O)Nc1ccccc1F,-1.9152235984802246
base,[O-][S@@+](N1CCCCCC1)[C@]12C[C@H]3C[C@H](C[C@H](C3)C1)C2,-8.118263244628906
base,[CH2-]COCCOCCOCC/[O+]=C1\N=CC([N+](=O)[O-])=N1,-0.5131032466888428
base,COc1ccc(CNC(=S)NC2CCCCC2)cc1OC,-4.958946704864502
base,CO/N=C/c1sc2nc(SCC(=O)O)n(-c3cccc(C)c3C)c(=O)c2c1C,-1.1494102478027344
base,ClC1(Cl)CC1CN[C-]1[CH+][CH-][CH+][CH-]N1,-7.84480094909668
base,O=C(c1cn([O-])[o+]n1)N(Cc1ccccc1)C1CCCC1,-1.6123875379562378
base,CNC(=O)c1cnc(SCc2ccccc2)nc1C,-3.0996243953704834
base,NNC(=O)CN(C1CCCCC1)S(=O)(=O)c1ccccc1,-0.39716261625289917
base,O=C(Cn1ncc2c([nH]c3ccccc32)c1=O)NC1CCCC1,-0.9226135611534119
base,N#CCCn1cc(C(=O)CNC(=O)c2ccncc2)c2cc(C#N)ccc21,-0.5084052681922913
base,CC(=O)CCC(=O)NC1CCCCC1,-4.183197975158691
base,CCOCCN1CCN=C1NC(=O)C(c1ccccc1)c1ccccc1,-3.2726008892059326
base,N#CCNC(=O)c1ccc(-c2nc3c(ccc4ccccc43)o2)cc1,-1.8438241481781006
base,O=C(CCCCCNC(=O)Cc1ccccc1)NO,-0.9530969858169556
base,CCOC(=O)CNC(=O)N1CCc2ccc(NC(=O)/C=C/[C@@H](C)C(=O)N3CCN(C(=O)[C@@H](C)c4ccccc4)CC3)cc2C1,-0.7710999250411987
base,CC(=O)c1ccc(N2CCN(c3ccc(OC(C)C)cc3)CC2)c([N+](=O)[O-])c1,-2.069861650466919
base,O=S(=O)(Nc1ccc(Cl)c(Cl)c1)N1CCOCC1,-2.638066053390503
base,N#C/C(=C\c1cc2ccccc2nc1/N=C/c1ccccc1Br)C(=O)Nc1cccc2cccnc12,-4.5932817459106445
base,Clc1ccc(OCCN2CCCC2)c2ccccc12,-10.94955062866211
base,O=C(CCc1c[nH]c2ccccc12)NNC(=O)COC(=O)c1ccccc1O,-0.36283302307128906
base,Fc1ccccc1Nc1ccc(C(F)(F)F)cc1C(F)(F)F,-12.686027526855469
base,Brc1ccc(N[C@]23C[C@H]4C[C@H](C[C@H](C4)C2)C3)cc1,-11.904594421386719
base,O=S(=O)(NC1CCCCC1)OCC(Cl)(Cl)Cl,-3.2709176540374756
base,COCCNC(=O)c1nn2c(C(F)(F)F)cc(-c3ccccc3)nc2c1Br,-2.3259823322296143
base,S=C(NCc1ccc(N2CCOCC2)cc1)NCc1ccc2ccccc2n1,-4.0615925788879395
base,C[C-](F)OC([c+]1[cH-][cH+][cH-][cH+][cH-]1)C([C+]([O-])N[c+]1[cH-][cH+][cH-][cH+][cH-]1)N1CCN(C[c+]2[cH-][cH+][c-](F)[cH+][cH-]2)CC1,-4.834839344024658
base,Clc1cccc2c1c1ccccc1n2CCCCNC1CC1,-10.868736267089844
base,O=C(NC1CC1)c1ccccc1NC(=O)c1nccc2ccccc12,-1.9945085048675537
base,O=C(CCN1CCOCC1)Nc1ccc(Br)cc1C(=O)c1ccc(F)cc1,-3.15834379196167
base,CC(=O)N1CC=C=C(c2cccc3ccccc23)OCCC1,-7.322792053222656
base,CCCN(c1cccc2ccccc12)c1cccc2ccccc12,-15.82304859161377
base,C[C@@H](CCc1ccco1)N/N=C1\CCOc2ccccc21,-4.532772064208984
base,Nc1ccnc(OCC2CCCCC2)c1,-4.058468818664551
base,O=C(COc1cccc(F)c1)Nc1ccc2oc(C3CCCCC3)nc2c1,-3.8370397090911865
base,O=C(c1ccc(N2CCCC2)c(-n2cnnn2)c1)N1CCCCCC1,-1.9066640138626099
base,O=C(O)c1[nH]c2ccc(F)cc2c1Nc1ccc(F)cc1,-2.911682367324829
base,FC(F)Oc1ccc(-c2ncnc3sccc23)cc1,-6.6350507736206055
base,O=Cc1cn(CCC(=O)O)nc1-c1cccc(Cl)c1,-1.5930078029632568
base,FC(F)(F)COC/[C-]=N/c1nc2ccccc2n1CCN1CCOCC1.[H+],-3.512485980987549
base,O=S(=O)(Cc1cccc2ccccc12)NN1CCOCC1,-2.4611549377441406
base,COc1ccc2c(c1C1=NCCN1)CCCC2,-5.993696212768555
base,COc1ccccc1NC(=O)Nc1ccc(OCc2ccccc2)nc1,-2.545180320739746
base,O=C(Nc1ccccc1)c1cc2c([nH]c3ccccc32)c(-c2ccc(Cl)cc2)n1,-6.005568504333496
base,[CH2+]C(C)[C-]([O-])CO[C+]([O-])CO[C+]1[CH+][CH-][C+](n2[c-]([O-])[c+]3[cH+][cH-][cH+][cH-][c+]3[c-]2[O-])[CH-][CH+]1,-0.3304389715194702
base,Cc1cc(N2CCCCC2)ccc1C=C1C(=O)N(C)C(=S)N(C)C1=O,-4.630562782287598
base,O[C@H]1CCCN(C[C@H](O)c2ccccc2)C1,-4.337402820587158
base,Nc1c(C(=O)NCc2ccsc2)nnn1CC(=O)Nc1ccc(F)cc1F,-0.364650160074234
base,O=C(CSc1ccc(C(=O)O)cc1)Nc1cccc2ccccc12,-2.9833531379699707
base,CN(C)S(=O)(=O)c1cc(NC(=S)NN=C2CCCCC2)ccc1Cl,-1.856893539428711
base,[O-]N([O-])[C]([CH]N[C]1[CH][CH][C](Br)[CH][C]1Br)[CH+][CH][C]1[CH][CH][CH][CH][CH]1,-3.2473666667938232
base,CO[C-]1[CH+][CH-]C2([CH+][CH-]1)C1CN([S+2](C)([O-])[O-])CCN12,-2.277623176574707
base,CC[C@@H](C)c1ccccc1NC(=O)CSc1nc2ccccc2o1,-4.794951915740967
base,Nc1cc([N+](=O)[O-])ccc1Cl,-1.7749272584915161
base,COc1cc2[nH]c(C(=O)N3CCN(C)CC3)cc2c(OC)c1OC,-1.6845556497573853
base,C[C@@H](O)CC(=O)N(CCCN(C)C)c1nc2ccc(Oc3ccccc3)cc2s1,-2.8905160427093506
base,Cc1cccc(C)c1NC(=O)[C@H](c1ccccc1)N1CCN(C(=O)c2ccco2)CC1,-2.8206512928009033
base,C[C][C]CC(C)C[CH-][CH][CH]C([CH][C][C-][C+]1[CH][C](O)[C-]C[CH+]C1CC[CH-]CC(C)O)C(C)CCC(C)C.[H+],-11.437201499938965
base,CCO[P@](=O)(/C(C#N)=C(\C)O)c1ccccc1,-1.9179478883743286
base,Oc1ccccc1CNc1ccc(OC(F)(F)F)cc1,-5.664492130279541
base,NS(=O)(=O)c1ccc(NC(=O)COC(=O)C2CCN(S(=O)(=O)c3c(Cl)cccc3Cl)CC2)cc1,-0.47314414381980896
base,CCOc1ccccc1C(=O)NN1CCOCC1,-3.3614931106567383
base,Cc1cccc(Cl)c1NNC(=O)Nc1c([N+](=O)[O-])c(C)nn1C,-0.7466628551483154
base,O=C(NCC[N+](=O)[O-])c1ccccc1Cl,-1.3806393146514893
base,COc1ccc(N2CCN(Cc3cnccn3)C[C@@H]2C)c(C)c1,-4.792921543121338
base,C/[C-]=[N+]1\C[P@@]1(=S)c1ccccc1.CC(C)CCn1c(N)[c-]c(=O)n(C)c1=O.[H+],-1.2574074268341064
base,CN(C)[C@H](CNC(=O)c1ccc(N2CCOCC2)c([N+](=O)[O-])c1)c1ccccc1,-0.7017017602920532
base,NS(=O)(=O)c1ccc(NC(=O)CSc2nc3ccccc3[nH]2)cc1,-0.35340338945388794
base,COCCNC(=O)C/[S+]=c1\nc2cc3c(cc2c([O-])n1C)CCC3,-0.8256524801254272
base,O=C([C@H]1CCC(=O)N(C2CCCC2)C1)N1CCN(Cc2cccc(Cl)c2)CC1,-4.911647796630859
base,Brc1cccc(OCCCCOc2ccccn2)c1,-7.359579563140869
base,Cc1ccc2nc(/C(C#N)=C/c3ccccc3CO)[nH]c2c1,-1.9724879264831543
base,CN1N=C(/C=C/c2cccs2)CC1=O,-6.172693729400635
base,O=S(=O)(N/N=C/c1ccccc1OCc1ccccc1)c1ccccc1,-2.4122283458709717
base,COc1ccc(N2C(=O)CN(C(=O)c3cc(Cl)ccc3OC)/C2=N/c2nc(C)cc(C)n2)cc1,-1.3283017873764038
base,COc1ccccc1-c1csc(-c2sc(C)c(C)c2C)n1,-10.32387638092041
base,O=C(CO/N=C/c1ccc(F)cc1)Nc1ccc(Br)cc1,-4.16819953918457
base,[CH][C+]1[CH+][N-][C]CN(C[c+]2[cH-][cH+][cH-][cH+][cH-]2)CCC[C+]([O-])N2CC[C-]3[CH+][CH-][CH+][CH-]C13C2.[H+],-4.97029972076416
base,CN(C(=O)C1CCN(S(=O)(=O)c2cccs2)CC1)c1cccc2ccccc12,-3.5776772499084473
base,O=S1(=O)CC[C@@H](N2CC[S@SP1+]3O/C(=C4\C=CC(Cl)=C[CH-]4)N=C23)C1,-2.660907745361328
base,CC1CCN([C]2[CH][C]([C+]([O])O)[C]([C][N])[CH][C]2N([O-])[O-])CC1,-0.49557575583457947
base,C[C@H]1CCCCCN1C(=O)CSc1nnc(CNc2ccc(F)cc2)n1C,-2.766866445541382
base,Fc1ccc(-c2csc(-c3cccs3)n2)cc1,-11.474860191345215
base,N/C(=N\Nc1cccc(S(=O)(=O)N2CCOCC2)c1)c1cccs1,-0.34802356362342834
base,CC[C@@H](C)c1nn2c(=O)cc(CC(=O)Nc3ccc(F)cc3F)nc2s1,-1.5549979209899902
base,Cc1c(OCC(F)(F)F)ccnc1C(=O)Nc1nccs1,-2.434790849685669
base,N#CCSc1nccc2ccccc12,-5.741518974304199
base,CCN1CCC[C@@]1(C#N)NC(=O)CC(C)C,-2.8716113567352295
base,Cc1nnn([C@@H]2CC=CC[C@H]2C)n1,-4.524533748626709
base,[CH2-]C([C-]([O-])[C+]1[CH+][CH-][CH+][CH-][C+]1O)C(CN(C)C)[C-]([O-])[C+]1[CH+][CH-][C+](C2CCCCC2)[CH-][CH+]1,-1.8627784252166748
base,CCCNC(=O)c1cnc(NC(=O)c2cc3ccccc3oc2=O)c2ccccc12,-1.156254529953003
base,COc1cccc(NC(=S)N(Cc2ccco2)[C@H](C)c2cccs2)c1,-7.42500638961792
base,C[C@@H](O)[C@@H](CO)NCc1ccco1,-1.9327584505081177
base,CCOc1cc([N+](=O)[O-])ccc1/C=C\C=N\N(C)c1ccccc1,-2.78265118598938
base,O=S1(=O)CCN(CCc2cn[nH]c2-c2cccc3ccccc23)CC1,-1.9741950035095215
base,COc1cc(OC)cc(-c2nnc(SCC(=O)NC(=O)NC(C)C)o2)c1,-0.4041459262371063
base,N[C@@H](Cc1c[nH]c2ccc(O)cc12)C(=O)O,-0.45525461435317993
base,NC(=S)NNC(=O)COc1ccc(Cl)cc1Cl,-1.102414608001709
base,COCCCN(C(=O)c1cccs1)c1nnc(C(C)C)s1,-3.5356650352478027
base,CC(=O)c1c(C)nc(-c2ccccc2)nc1Nc1cc(F)ccc1F,-4.497257232666016
base,Cn1cccc1C(=O)NC(=O)COC(=O)c1cc([N+](=O)[O-])ccc1Cl,-0.38417479395866394
base,[H]/[O+]=C/[C@@H](Oc1cccc2ccc(OC)[c-]c12)c1ccccc1,-5.844761371612549
base,COc1cccc2[nH]c3c(=O)n(CCCN4CCOCC4)cnc3c12,-1.2518844604492188
base,Cc1ccc(NC(=O)COC(=O)CCc2nc3ccccc3s2)cc1S(=O)(=O)N(C)C,-0.6933251619338989
base,COc1cccc(N2CCN(CC(=O)c3c[nH]c4ccccc34)CC2)c1,-4.091177940368652
base,[O][C](N[N][CH][CH][CH][C]1[CH][CH][CH][CH][C]1N([O-])[O-])[C+]1[CH][CH][CH]O1,-0.5371086001396179
base,COc1ccc(/C=N/NC(=O)c2cc(S(=O)(=O)N3CCOCC3)ccc2OC)cc1COc1ccccc1C,-0.9549398422241211
base,C=C=[N-].COc1ccc(NP(#[O+])c2ccc(C)cc2)cc1,-3.009268045425415
base,COCCN1Cc2cccc(C(=O)N3CCN(Cc4ccccc4)CC3)c2C1=O,-3.2162961959838867
base,COC(=O)Cc1[nH]c(=O)[nH]c1C(=O)c1ccc(F)cc1,-0.48104923963546753
base,CO[c-]1[cH+][cH-][c+]([C][N-][N-][CH+]N2[CH+][CH+][C-](C)[C+]2[C-]([O-])[C+]2[CH+][CH-][CH+][CH-][CH+]2)[c-](C)[cH+]1,-2.783259868621826
base,O=C(/C=C/Nc1ccc(Cl)cc1)c1ccccc1N1C(=O)[C@@H]2CCCCN2C1=O,-2.9366676807403564
base,Fc1ccccc1CNc1ncnc2sccc12,-5.865079402923584
base,Br[C-]1[CH+][CH-][C+]2OCCCO[C][CH+][CH+][CH-]C[CH+]NC2[CH-]1,-6.9186811447143555
base,Clc1ccc(Cl)nc1,-10.283112525939941
base,Cc1nc(NC2=NCN(C[C@@H]3CCCO3)CN2)nc2ccccc12,-1.1374937295913696
base,NC([c+]1[cH-][cH+][cH-][cH+][cH-]1)([C-]1[CH-][CH+][CH-][CH+]C1)[c-]1[cH+][cH-][cH+][n-][cH+]1,-5.270893096923828
base,O=[N+]([O-])c1c(-c2ccco2)n[nH]c1/C=N/Cc1ccccc1,-0.9087350368499756
base,O=C(OCCOCCOc1cc(Cl)ccc1Cl)c1cc(Cl)ccc1Cl,-6.741460800170898
base,NNc1nc(CN2CCCCC2)nc2scc(-c3ccccc3)c12,-2.476449489593506
base,O=C([C@H](Cc1ccccc1)c1ccccc1)N1CCCC1,-9.118256568908691
base,Nn1c(SCC(=O)Nc2nccs2)nc2ccccc2c1=O,-0.22005519270896912
base,O=C(CCCc1ccccc1)Nc1cccc(NC(=O)[C@H]2CCc3[nH]c4ccccc4c3C2)n1,-2.744741916656494
base,O=C(c1cccc(C(F)(F)F)c1)c1cnc(NS(=O)(=O)c2ccccc2F)s1,-2.384603500366211
base,Cc1nn(CCC(=O)NCCCN2CCOCC2)c(=O)c2nn(-c3ccc(Cl)cc3)c(C)c12,-0.4668614864349365
base,N/C(=N\OC(=O)Oc1ccccc1)c1cccc([N+](=O)[O-])c1,-0.5882481932640076
base,O=C1/[NH+]=C2\C=CN=[N+]2C2CCN(CC2)CC2=CC(C=C[N-]2)[C@H]2C=C[CH-]C=C12,-2.16203236579895
base,CC(C)(C)NC(=O)c1ccc(N2CCOCC2)nc1,-2.9657740592956543
base,CCN1C(=O)CSc2nc(-c3ccccc3)cc(C(F)(F)F)c21,-7.156649112701416
base,Cc1cccc(C)c1NC(=O)CN1C(=O)NC2(CCCCCCC2)C1=O,-1.5769684314727783
base,COc1cc(C(=O)NCCCCCCNC(=O)C(C)(C)C)cc(OC)c1OC,-1.1812877655029297
base,C[OH+]C1=C=C=[C-]C=C1Cn1nc([N+](=O)[O-])c(Br)c1C.[H+].c1ccc2c(c1)N[CH-]N2,-1.2598047256469727
base,COc1cccc2c(=O)c3ccccc3[nH]c12,-4.835652828216553
base,O=[N+]([O-])c1cc(F)ccc1Nc1nnc(Cc2ccccc2)o1,-1.1043626070022583
base,CNC[C@H](C)c1ccccc1,-10.21295166015625
base,CN1C(=O)/C(=C\C=C\c2ccco2)C(=O)NC1=S,-2.096890687942505
base,CC(C)CCO[CH-]CCN1[CH+][CH-][C+]2[CH-][CH+][CH-][C][C+]21.[H+],-10.693221092224121
base,O=S(=O)(OCCCc1cccnc1)c1ccc2c(c1)OCCO2,-1.2596691846847534
base,FC(F)(F)c1nc(-c2ccccc2)no1,-5.412023067474365
base,Fc1ccc(Br)cc1/C=N/N1CCN(c2ccc(Cl)cc2)CC1,-10.00605297088623
base,CN(C)CCNc1nc2ccccc2n1C1CCCCC1,-6.641330242156982
base,CCOc1ccccc1Nc1nc(Nc2cccc(C(C)=O)c2)nc(C)c1C,-3.093421220779419
base,COC(=O)[C@]([N-]C(=O)[C@@H]1N=[N+]2[CH-]C=CC=C2O1)(Nc1ccc(F)cc1)C(F)(F)F.[H+],-0.957453727722168
base,[H]/N=C/Oc1ccc(Cl)cc1NC1CC1,-4.621822357177734
