source,smiles,log_reward
base,CCC(=O)N1N=C(c2ccc(C(=O)NCCc3ccccc3)cc2)C[C@H]1c1ccco1,-2.3204572200775146
base,COC(=O)c1cn[nH]c1NC(=S)Nc1ccc(Br)cc1Cl,-1.6481837034225464
base,COCCSc1nc(Cc2ccc(C)cc2)nc2ccccc12,-2.419826030731201
base,O=S(=O)(c1cccs1)N1CCC(O)(c2cccc(C(F)(F)F)c2)CC1,-3.172083616256714
base,CC(C)(C)c1ccc(S(=O)(=O)NCC(=O)N2CCCC2)cc1,-2.3754727840423584
base,O=C(c1nc2ccccc2c(=O)[nH]1)c1cccc2ccccc12,-2.419826030731201
base,NS(=O)(=O)c1ccc(/C=C2\NN(c3ccccc3Cl)C(=O)C2=O)cc1,-2.1057322025299072
base,O=C(NNc1ccc(Cl)c(C(=O)O)c1)Nc1cccc(C(F)(F)F)c1,-2.1057322025299072
base,Cc1cc(C)cc(OCC(=O)Nc2cccc3ccccc23)c1,-3.0888755321502686
base,COc1cc(CCC(=O)NNC(=O)c2ccc(C)o2)cc(OC)c1OC,-2.54217791557312
base,NS(=O)(=O)c1ccc(CCNC(=O)CN2CCN(Cc3ccccc3)CC2)cc1,-1.970301628112793
base,NS(=O)(=O)c1ccc(CCNc2cc(C(F)(F)F)nc3ccccc23)cc1,-2.1825454235076904
base,Fc1ccccc1/C=N/C=[NH+]/c1[c-]c(N2CCOCC2)ncn1,-1.5182775259017944
base,[N-]=C1[O+]=[S@]1(=O)C/C(=N\c1ccc(Br)cc1)c1ccc2c(c1)OCO2,-2.4622952938079834
base,COC(=O)C(C)(C)ONC(=O)Nc1ccccc1[N+](=O)[O-],-1.931758999824524
base,CCCCOc1ccc(NC2=N[C@@H]3CS(=O)(=O)C[C@@H]3S2)cc1,-2.3754727840423584
base,COc1cc(/C=N/N(C)C)cc(Br)c1OCC(=O)O,-2.229227304458618
base,[H+].[H+].[S-][C+]1N([C+]2[C][C][C][C][C-]2O[c+]2[cH-][cH+][c-](Cl)[c+](Cl)[cH-]2)[CH+][CH+][C+]2CCCCN21,-2.54217791557312
base,O=C(NCCOc1ccc2ccccc2c1)c1ccc([N+](=O)[O-])cc1,-2.5030341148376465
base,COC(=O)C1=C(C)N(Cc2cccs2)/C(=N/Cc2cc(OC)c(OC)c(OC)c2)N[C@H]1c1ccc(N(C)C)cc1,-2.291411876678467
base,CCOc1ccccc1OCC(=O)Nc1ccc(C)cc1,-2.998110294342041
base,[O-][C+]1[C-](N[c+]2[cH-][cH+][c-](F)[cH+][cH-]2)[C+]([c+]2[cH-][cH+][c-](F)[cH+][cH-]2)CN1[CH-]n1[cH+][cH-][cH+][cH-]1,-2.1825454235076904
base,BrCC[C@H]1[CH-][C@@H]1/C=C\C[CH+]CN1CCOCC1,-2.7873599529266357
base,C#CCOCCOCCOCCN1c2nc(N3CCN(CC)CC3)ncc2NC(=O)[C@@H]1CC(=O)OCCOCC,-1.8900704383850098
base,C[C]/C(C(=O)Nc1cccc(-c2cnc3ccccc3n2)c1)=C(/[O-])NC[C+]1=CC=C2OCOC2=C1,-2.1580586433410645
base,NNCc1c(O)ccc2ccccc12,-1.924782633781433
base,[CH2-]CC(=O)NC1=C=[N+]=CC(NC(=O)Nc2ccccc2)=C1C,-1.6945956945419312
base,CCCNC(=O)Cc1c(C)oc2ccccc12,-2.7873599529266357
base,COc1cccc(Oc2[c-]ccc3ccccc23)c1.O=P(O)=[OH+],-6.133398056030273
base,CCCCCN(c1ccc(C(=O)OCC(=O)Nc2c(C)cccc2C)cc1)S(=O)(=O)c1ccc(C)cc1,-2.8944284915924072
base,O=C(O)c1cc2cc(/C=C/c3ccc(-c4ccc5ccccc5n4)c(=O)[nH]3)ccc2o1,-2.717759132385254
base,COc1cc2nc3ccccc3nc2cc1OC,-2.1753058433532715
base,Cc1nc2cc(/C=C/C(N)=O)[nH]n2c(=O)c1/C(=N\c1ccc(Br)s1)c1ccccc1,-1.7834744453430176
base,S=c1[nH]nc(-c2ccco2)n1/N=C/C=C/c1ccco1,-1.5995122194290161
base,Cc1cnccc1CN(C)Cc1cn(C)nc1-c1ccc2c(c1)OCO2,-1.8613009452819824
base,COc1ccc(Cn2nnc3c(=O)[nH]c(C4CCN(S(=O)(=O)c5ccc(S(=O)(=O)N(C)C)cc5)CC4)nc32)cc1C,-1.7617632150650024
base,O=C(NNC(=O)c1ccccc1O)c1cccnc1,-1.8319255113601685
base,CCOC(=O)CC(=O)Nc1ccccc1C(C)C,-2.844355583190918
base,CC(C)Sc1nnc2n(CCc3ccccc3)c(=O)c3c4c(sc3n12)COC(C)(C)C4,-2.036881923675537
base,NNC(=O)CNc1cccc(F)c1,-1.4536465406417847
base,COc1cccc(Nc2nnc(SCC(=O)NC(=O)c3cccn3C)s2)c1,-1.6782987117767334
base,C[P@@](=O)(NC1=NCCCCC1)Oc1ccccc1,-2.1753058433532715
base,CSC1=C(SCc2ccccc2)/C(=C(/[O-])NNC(N)=O)C(C)=[S+]1,-2.022524118423462
base,O=C(NC1CCCC1)[C@H]1CC[C@@H](CNS(=O)(=O)c2ccc3ccccc3c2)CC1,-2.6511785984039307
base,FC(F)(F)c1ccc(CSc2ccccn2)cc1,-2.844355583190918
base,CN(C=O)c1nc2c(N)ncnc2n1[C@H]1O[C@@H](CO)[C@H](O)[C@@H]1O,-1.337607502937317
base,O=C(OCn1nc2ccccc2n1)c1cc(-c2cccs2)nc2ccccc12,-1.9352717399597168
base,Cc1ccc(NC(=O)c2cccs2)c(O)c1,-2.7269186973571777
base,O=S(=O)(CCc1ccccc1)OCCSc1nc2ccccc2n1Cc1ccc(F)cc1,-2.749457359313965
base,COc1ccc(NC(=O)N2CCC[C@H]2C(=O)NCc2ccccc2)cc1,-2.14487624168396
base,Cc1nc([N+](=O)[O-])cn1CCCc1ccc(C(F)(F)F)cc1,-1.9781709909439087
base,Cn1nc(C(F)(F)F)c(C#N)c1N1CCN(c2ccccc2)CC1,-1.5607467889785767
base,O=C(NCCCn1c(Cc2ccncc2)nc2ccccc21)c1ccc(OCc2ccccc2)cc1,-2.186189889907837
base,COc1ccccc1OP(#[O+])Nc1ccc(C)cc1.[CH3-],-2.94943904876709
base,FC(F)(F)[CH-]OCC1[CH-][CH+]CCN1,-2.519998073577881
base,C[C@H](O)CNC[C@H](O)c1ccc2ccccc2c1,-2.844355583190918
base,CCOc1ccc(C(=O)N2CCC3(CC2)NCCc2[nH]cnc23)cc1OCC,-1.9352717399597168
base,O=C(/C=C/c1cccc([N+](=O)[O-])c1)Nc1ccc(C(=O)NC[C@H]2CCCO2)cc1,-2.2538769245147705
base,[O][C](N[N][CH][C]1[CH][CH][C](N([O-])[O-])O1)C(O)[C+]1[CH][CH][CH][CH][CH]1,-1.931758999824524
base,CCC[C@@H](C)CNC1=[S+]OC2=c3ccccc3=C([O-])[C@@H]2S1,-2.998110294342041
base,COc1ccc(/N=N\c2c[nH]n(-c3ccc(Cl)cc3)c2=O)cc1,-1.738948941230774
base,O=NN1CCN(C(=O)c2cccs2)CC1,-1.5962363481521606
base,O=c1[nH]c2ccc(Cl)cc2o1,-2.35364031791687
base,NCCO[C]1[N]N([C+]2[CH][CH][CH][CH][CH]2)[CH][C]1N([O-])[O-],-1.4944287538528442
base,Oc1ccc(-c2cn3cccnc3n2)cc1OC(F)F,-1.8830875158309937
base,O=C(Nn1cnc2ccccc2c1=O)c1cccc(Cl)c1,-1.931758999824524
base,Cl[c-]1[cH+][cH-][c+](CO[N-][C+]2[CH-]CCCCC2)[cH-][cH+]1,-2.7873599529266357
base,[CH2+][C-]1[CH+][C-](C)[N-]N1[C+]([O-])[C-]([CH+]N1CCOCC1)[c-]1[cH+][cH-][c+](Cl)[cH-][cH+]1,-2.064993381500244
base,O=C(C1CCN(S(=O)(=O)c2ccc(Br)s2)CC1)N1CCCCC1,-2.419826030731201
base,CCCCC(=O)Nc1ccc2oc(-c3ccncc3)nc2c1,-1.9781709909439087
base,COc1ccc(N(CC(=O)Nc2ccc(S(=O)(=O)N3CCOCC3)cc2)S(=O)(=O)c2ccccc2)c(OC)c1,-2.54970121383667
base,O=S(=O)(NCc1ccco1)c1ccc2c(c1)ncn2C1CCCC1,-2.064993381500244
base,CCOc1ccc(OCC)c(-c2c(C#N)c(N)nc3ncnn23)c1,-1.3800767660140991
base,COc1ccc(SCCN2C(=O)CCC2=O)cc1Cl,-2.8982770442962646
base,FC(F)(F)c1cc2ccccc2c(=S)[nH]1,-2.662587881088257
base,CN(CC(=O)NCc1ccc2c(c1)OCO2)S(=O)(=O)c1ccccc1F,-2.54217791557312
base,ON/C(=N\c1ccccc1)c1ccccc1Cl,-2.1183104515075684
base,CO[C]1[CH][CH][CH][CH][C]1[CH][CH][C]([O])NC[C]([O])NN[C]([O])[C][N][O+][C]1[CH][CH][CH-][C]([O+]C)[CH]1,-2.036881923675537
base,NNC(=O)c1cnn(-c2ccc(F)cc2)c1,-1.3769919872283936
base,Cl[C-]1CN(C[c+]2[cH-][cH+][c-](Cl)[cH+][c-]2Cl)CCN1,-2.0578689575195312
base,COc1ccccc1N[C@H](c1ccccc1)c1nnnn1Cc1ccccc1,-1.7146004438400269
base,C[C-]1CCCO[C@@H]([C@@H](C)N(C)C)N1Cc1ccccc1F.[H+],-2.3290607929229736
base,O=S(=O)(CCc1nc2cc3ccccc3cc2[nH]1)c1cccc(NC2=NCCCS2)c1,-2.036881923675537
base,CC(C)CNC(=S)N[C@@H]1C[C@H]2CCC[C@@H](C1)N2Cc1ccccc1,-2.064993381500244
base,Cc1ccccc1NC(=S)NCCC(c1ccccc1)c1ccccc1,-2.54217791557312
base,CNC[CH-]C(C)[C+]([C][N-2])[C][N-2].[C-3][CH].[H+].[H+],-1.4536465406417847
base,Cc1nnc(/[S+]=C2/C=CC=C/C2=C(\[O-])N2CCOCC2)s1,-1.931758999824524
base,Nc1nonc1-n1nnc(C(=O)N/N=C/c2ccccn2)c1-c1ccc(F)cc1,-1.166253685951233
base,CN[S+2]([O-])([O-])O[C-](CO[c+]1[cH-][cH+][cH-][cH+][cH-]1)C(Cl)(Cl)Cl,-2.8982770442962646
base,CSc1ccc(CCC(=O)O)nn1,-1.8509483337402344
base,Cc1cccc(N/N=C/c2ccc(O)c3ncccc23)c1,-1.931758999824524
base,CO[c-]1[c+]2[c-]([cH+][c-]3[c+]1CC(C(C)C)O3)O[C-]([O-])[CH+][CH-]2.C[O-],-6.042633056640625
base,CC[C@@H](NC(=S)NC(=O)c1ccccc1C)C(=O)O,-2.229227304458618
base,Clc1ccc2nc(-c3cccnc3)cn2c1,-1.660567283630371
base,O=C(NCCc1cccc2ccccc12)[C@H]1NS(=O)(=O)C[C@H]1N1CCOCC1,-2.2188470363616943
base,Cc1ccc(/C=C2/[S+]=C(N3CCCCCC3)N=C2[O-])cc1Cl,-2.3754727840423584
base,NNS(=O)(=O)c1ccc(Cc2ncc(C(F)(F)F)cc2Cl)s1,-1.9781709909439087
base,C=[N+](CCc1[c-]cccc1OCCOc1cc2c(c(F)c1C(=O)O)CCCN2)Cc1ccccc1,-2.8389358520507812
base,CSC[C@H](C(N)=O)N1CCC(Cc2ccccc2)CC1,-2.2803893089294434
base,COc1cccc(C)c1OCc1nnnn1Cc1ccccc1,-1.738948941230774
base,COCC(=O)N[C@@](Nc1nc(-c2ccc(C)cc2)cc(=O)[nH]1)(C(=O)OC)C(F)(F)F,-2.004145860671997
base,CCCOc1ccc(C(=O)NNC(=S)NC(=O)c2ccc(Cl)cc2Cl)cc1,-2.1825454235076904
base,C/[S+]=C1\C=CC=C\C1=C(/[O-])Nc1nc(-c2cccnc2)cs1,-1.9781709909439087
base,[O-]N1OC2CCCC[CH-]N2[c+]2[cH-][c+](O)[cH-][cH+][cH-][c+]21,-2.1753058433532715
base,OCc1c[nH]c2ccc(Br)cc12,-2.440274477005005
base,COCCn1c(N)c(C(=O)NS(=O)(=O)c2ccc(C(C)(C)C)cc2)c(=O)[nH]c1=O,-1.970301628112793
base,[O-]N1OCCn2[n-][cH+][c-](C[c+]3[cH-][cH+][c-](Cl)[cH+][cH-]3)[c+]21,-1.7780040502548218
base,CC(=O)N[C@H](C)c1ccccc1,-2.440274477005005
base,O=[N+]([O-])c1ccc(OC[C@H](O)CNCCO)cc1,-2.1753058433532715
base,NC[C@]12C[C@H]3C[C@H](C[C@](CN)(C3)C1)C2,-1.924782633781433
base,Nc1cc(-c2cccnc2)nn1Cc1cccc(Cl)c1,-1.5995122194290161
base,O=C(O)[C@H](COc1cccc(Cl)c1Cl)N1CCCCC1,-2.94943904876709
base,CN1CCN(/N=C/c2ccc(Cl)nc2)CC1,-1.3769919872283936
base,CN1[C](O[C]2[CH][CH][C](N([O-])[O-])[CH][N]2)[N][C]2[C]1[C+]([O])N(C)[C]([O])N2C,-1.3800767660140991
base,Cn1cc(Br)c(C(=O)N/C=C\C(=O)c2ccccc2)n1,-1.8830875158309937
base,CCC[C@H](O)[C@@](O)(c1ccccc1)[C@H](CN1CCOCC1)c1ccccc1,-3.248896837234497
base,OCCNc1ncnc2c1cnn2Cc1ccccc1Cl,-1.427512288093567
base,Cc1ccc(-c2cc([C]/N=[O+]\[C@@H]3C[C@@H]([C+](C)=O)[C-]([O-])O3)ccn2)cc1CO,-2.5798470973968506
base,CN1c2ccc(Cl)cc2C[C@H](C(=O)NC2CC2)[C@]1(C)O,-2.2803893089294434
base,CCC(=O)Nc1cccc(OC(=O)/C=C/c2ccccc2)c1,-3.044522523880005
base,COc1ccc(C(=O)Nc2nccs2)cc1S(=O)(=O)N1CCOCC1,-2.1057322025299072
base,N/C(=N\O)c1ccccc1Nc1ccc(S(=O)(=O)Nc2cccc(C(F)(F)F)c2)cc1,-2.036881923675537
base,CN(Cc1ccc(F)cc1)C(=O)C1=C(N)/C(=C(/N)[O-])N=[S+]1,-1.6481837034225464
base,N/C(=C\CCSc1cccc2cccnc12)c1ccc(F)cc1,-2.419826030731201
base,COCCCNC(=O)[C@@H](Cc1ccccc1)NC(=O)CN1CCOC1=O,-2.14487624168396
base,O=C1Nc2cccc3ccc(S(=O)(=O)N[C@H]4CC[C@H](O)CC4)c1c23,-2.4622952938079834
base,FC(F)(F)c1nnc2ccccn12,-1.4536465406417847
base,O=C(CCN1CCN(c2ccccc2F)CC1)NNC(=O)c1ccco1,-1.8613009452819824
base,CN(C)S(=O)(=O)c1ccc(N2CCCC2=O)cc1,-2.1753058433532715
base,CCCC[C@H](CC)CNC(=O)CN1CC(=O)N(Cc2ccc(F)cc2)CC1=O,-2.2188470363616943
base,Cc1ccsc1CCC(=O)Nc1nnc(CC(C)C)s1,-1.8830875158309937
base,Cn1nnc2cc(C(=O)Nc3cccnc3)ccc21,-1.3276787996292114
base,NC(=O)c1c(NC(=O)CN2CCOCC2)sc2c1CCN(Cc1ccccc1)C2,-1.970301628112793
base,NS(=O)(=O)c1ccccc1C(=O)O,-2.519998073577881
base,N#Cc1ccc(CO/N=C\c2ccc(OCCCF)cc2)cc1,-2.419826030731201
base,COC(=O)CCS(=O)(=O)c1ccc(Cl)c(Cl)c1,-5.831882476806641
base,CCCC(=O)Nc1ccc(-c2[c-]n3cccnc3n2)cc1.[H+],-1.6481837034225464
base,O=[N+]([O-])c1ccc(N2CCCCC2)cc1SN1C=NCC1,-1.6481837034225464
base,CO[C-]([O-])N[N-][CH+][c+]1o[c-](-[c+]2[cH-][cH+][c-]([S+2]([O-])([O-])O)[cH+][cH-]2)[cH+][c-]2[cH+][cH-][cH+][cH-][c+]12,-2.5798470973968506
base,COc1ccc(C(C)(C)C)cc1NC(=O)c1ccc(C)s1,-2.998110294342041
base,[CH2+]CN1C(=O)[CH-]C=C/C1=C/C[C@H](NC(=O)NCC)C(=O)NCCOC,-1.8221569061279297
base,COc1ccc([C@@H](Cc2ccc(O)c(C)c2)[C@H]2C=CC(c3nn(C)c(=O)c4ccccc34)=NC2=O)cc1O,-2.523759603500366
base,CSc1ccccc1NC(=O)[C@@H](C)NS(=O)(=O)c1ccc(F)cc1,-2.4622952938079834
base,CN(Cc1ccccc1)S(=O)(=O)c1cc2c(cc1Cl)NC(=O)CO2,-2.4622952938079834
base,COc1cc(CN2CCN(CCc3ccccc3)[C@@H](CCO)C2)cc(OC)c1O,-2.6511785984039307
base,CC(=O)Nc1ccc([C@@H]2Nc3ccccc3C(=O)N2Cc2ccc(F)cc2)cc1,-2.2538769245147705
base,CC(=O)NC(=S)c1c(N)n(Cc2ccccc2)c(=O)n(C)c1=O,-1.738948941230774
base,NC(=O)Nc1ccc(F)c(F)c1F,-1.8509483337402344
base,NS(=O)(=O)c1ccc(CCNC(=O)CSc2ncnc3c2CCc2ccccc2-3)cc1,-2.036881923675537
base,BrC[C-]1CCCN(C[c+]2[cH-][c+]3[cH-][cH+][cH-][cH+][c-]3n3[cH+][n-][n-][c+]23)C1,-1.6945956945419312
base,Clc1ccc(N2CCN(c3ncccn3)CC2)cc1,-1.548350214958191
base,C=C1C=CC=C[CH-]1.Cn1nc(C(=O)N[N+]#CCC(C)(C)C)c2c1[C@@]1(C)CC[C@@H]2C1(C)C,-2.036881923675537
base,Oc1ccccc1C1CCNCC1,-2.519998073577881
base,O=C(NC[C@@H](O)CO)c1cc(CO)[nH]c(=O)c1,-2.1183104515075684
base,O=C(O)[C@@H]1[C@@H](c2ccccc2)[C@H](C(=O)O[C@H]2CCCC[C@@H]2C(=O)c2ccc3ccccc3c2)[C@H]1c1ccccc1,-6.685861110687256
base,CN(C)S(=O)(=O)c1ccc(-n2cccc2C(=O)Nc2nc3ccccc3n2-c2ccccc2)cc1,-1.9373873472213745
base,NS(=O)(=O)c1ccc(NCc2cc(Cl)ccc2OCc2ccccc2)cc1,-2.5798470973968506
base,CNC[C@@H](O)c1ccc(O)c(CN(C)C)c1,-2.0578689575195312
base,Fc1ccc(CN2CCC(n3cncn3)CC2)cc1,-1.548350214958191
base,O=[N+]([O-])c1ccccc1NCc1ccccc1F,-2.1753058433532715
base,CO[c-]1[cH+][cH-][c+](CN([C+]2[C][CH-][CH+][CH-][CH+]2)[C-]([O-])[c+]2[cH+][cH-][n-][nH]2)[c-](OC)[cH+]1,-2.1057322025299072
base,CCCN(C(=O)Cn1c(C(=O)OC)cc2oc(C)cc21)c1ccccc1,-2.54217791557312
base,O=[N+]([O-])c1nn(-c2ccc3c(c2)OCCO3)n(O)/c1=N/C1CCCCC1,-1.640629529953003
base,COc1ccccc1N1CC(C)(C)S/C1=N\C(=O)CSCC(=O)O,-2.4622952938079834
base,Fc1ccccc1OCCN1CCNCC1,-2.0578689575195312
base,[S-][C]N([N-][CH+][C+]1[CH+][CH-][CH+][CH+][N-]1)[c-]1[cH+][cH-][cH+][cH-][c+]1Cl,-1.7780040502548218
base,CCCN1CN[CH-]N(C[c+]2[cH+][n-][cH-][cH+][cH-]2)C1,-1.3769919872283936
base,CN(CC(=O)Nc1ccc(Cl)cc1[N+](=O)[O-])Cc1ccc(Br)cc1,-2.064993381500244
base,Cn1c(NC(=O)C2CCCC2)cc(=O)n(C)c1=O,-1.7780040502548218
base,O=C(COc1cccc2c1CCN(Cc1ccccc1)C2=O)Nc1ccccc1,-2.6511785984039307
base,O=[N+]([O-])c1nn(-c2ccc3c(c2)OCCO3)n(O)/c1=N/C1CCCCC1,-1.640629529953003
base,O=[N+]([O-])c1cccc(Oc2ccc(-c3nn4c(CCCCl)nnc4c4ccccc34)cc2)n1,-1.6979632377624512
base,[O-][C+](CC[N-]C[c-]1[c+](O)[cH-][cH+][c-]2[c+]([O-])[c+]3[cH-][cH+][cH-][cH+][c-]3o[c+]12)N1CCCCC1,-2.6161489486694336
base,CN(C)[P+]([O-])([C-]1[C+](N[c-]2[cH+][cH-][cH+][c-]3[cH+][n-][cH+][cH-][c+]23)S[C-]2[CH-][CH+][CH-][CH+]N21)N(C)C,-1.7146004438400269
base,COc1ccc(C(=O)NNC(=O)c2ccc(OC)cc2)cc1,-2.3754727840423584
base,CC(=O)c1ccc(C(=O)O)c(O)c1,-5.564520359039307
base,CC(=O)N[C@]1(C(F)(F)F)NC(=O)N(C2CCCCC2)C1=O,-1.931758999824524
base,N#Cc1cnc(Sc2ccc(N)cc2)n1CCCc1ccccc1,-1.7814180850982666
base,CC(=O)c1n[nH]nc1NC(=O)c1ccccc1Cl,-1.4944287538528442
base,O=C(c1cccc(F)c1)N1CCN(C(=O)C2CC2)CC1,-2.2803893089294434
base,COCCNC(=S)Nc1ccc2occ(C)c2c1,-2.1753058433532715
base,NS(=O)(=O)c1ccc(N[C@H]2c3ccccc3C(=O)N2C(=S)NCCSCc2ccc(Cl)cc2)cc1,-2.1580586433410645
base,NNc1cccc(C(=O)N2CCOCC2)c1,-1.660567283630371
base,[H]/[C-]=C(/C=C=[NH+]C(=O)C/[S+]=c1\[n-]nc(C/[S+]=c2\[n-]nnn2-c2ccccc2)n1C)S(=O)(=O)N(C)C,-1.3250652551651
base,O=C(O)c1cc2c3c(c1)CCC(=O)N3CCC2,-2.7873599529266357
base,CS(=O)(=O)NCCc1ccccc1,-2.519998073577881
base,Cc1c(S[C@@H](C)C(=O)O)nc2ccccc2c1C,-2.844355583190918
base,Fc1ccccc1/N=N/c1ccc(N2CCOCC2)cc1N1CCOCC1,-1.898970127105713
base,C1=CSc2ccc(/C=N/Nc3ccccn3)cc2N1,-1.548350214958191
base,[H+].[O-][C-]([N-][S+2]([O-])([O-])C1CCCCC1)[OH+][c+]1[cH-][cH+][c-](Cl)[cH+][c-]1Cn1[c+]2[cH-][cH+][cH-][cH+][c+]2[n-][c-]1CN1CCN([c-]2[cH+][cH-][cH+][cH-][c+]2F)CC1,-2.1659371852874756
base,CN(C(=O)Nc1ccc2oc(-c3ccnn3-c3ccc(OCc4ccc(F)cc4)cc3)nc2c1)C1CCCCC1,-2.0707404613494873
base,O=C(CN1CCCCCC1)N/N=C/c1oc(O)c2ccccc12,-2.022524118423462
base,[O][C](N[N][CH][C]1[CH][CH][C](N([O-])[O-])O1)[C+]1[CH][CH][C]2OCO[C]2[CH]1,-1.9781709909439087
base,CCCCOC(=O)c1cc(S(=O)(=O)N2C[C@@H](C)O[C@@H](C)C2)c[nH]1,-2.419826030731201
base,Fc1ccc(C[C@@H](C2CCNCC2)n2cccc2)cc1,-2.2803893089294434
base,COc1ccc(C(=O)C[C@H](C(=O)O)c2cccc3ccccc23)cc1C,-6.2557501792907715
base,S=C(NCc1ccccn1)Nc1ccccc1,-1.7210086584091187
base,COC(CN[C@H]1CCCC[C@@H]1c1ccc(Cl)cc1)OC,-2.94943904876709
base,O=C(Cc1ccccc1)NNS(=O)(=O)c1ccccc1,-2.2803893089294434
base,COc1ccc(N2CCC(N(CCOCCO)Cc3ccccc3)CC2)cc1,-2.6161489486694336
base,[CH][CH+][CH+][CH+][C]N[C+]([O-])[CH+][C]CS[C-]1[N-][C+]2N[N-][CH+][C+]2[C-]([O-])N1[C+]1[C][CH+][CH-][CH+][C-]1C,-1.7496302127838135
base,CN(CC(=O)NCCc1ccccn1)S(=O)(=O)c1ccc(Cl)cc1,-2.064993381500244
base,O=C(C[C@H](c1ccccc1)c1ccc(F)cc1)NCc1cccnc1,-2.5030341148376465
base,O=C(Nc1ccc(SC(F)F)cc1)C1CCN(c2nnc(-n3cccc3)s2)CC1,-1.7496302127838135
base,S=C(Nc1cccc(Br)c1)N1CCN(Cc2ccc3c(c2)OCO3)CC1,-2.14487624168396
base,CCN1C(=O)/C(=C\N2CCN(C(=O)c3ccc(Cl)cc3)CC2)SC1=S,-2.1057322025299072
base,O=C1c2ccccc2CC2=C(CCCC2)N1Cn1cccc1,-2.3754727840423584
base,Nc1nc(SCC(=O)NCc2ccc(F)cc2)n[nH]1,-1.3276787996292114
base,O=C(CCS(=O)(=O)N1CCCC1)N(Cc1cccs1)C1CC1,-2.3754727840423584
base,Brc1cnc(Nc2ccc(N3CCOCC3)cc2)nc1N1CCCCC1,-1.640629529953003
base,CCCN(CCNC(=O)[C@@H]1CCCN(S(=O)(=O)c2cccc3nonc23)C1)CC(=O)c1cccs1,-1.9373873472213745
base,N[C]1[C](N([O-])[O-])[CH][C]([C+]([O])N2CCOCC2)[CH][C]1[N+]([O])[O-],-1.6481837034225464
base,[O][C]([CH+][C]1CCN([C]2[N][C]3[CH][CH][CH][CH][C]3[CH][C]2[C]2[CH][CH][CH][CH][CH]2)CC1)NN[C]([O])[C]1[CH][CH][CH][CH][C]1N([O-])[O-],-2.019512891769409
base,NS(=O)(=O)c1cccc(S(=O)(=O)Nc2ccccc2F)c1,-2.3290607929229736
base,COCCN(Cc1ccoc1)[C@@H]1CC(=O)N(c2ccc(Br)cc2)C1=O,-2.5030341148376465
base,O=C(Nc1ccnn1C1CCCCC1)c1cc(CS(=O)(=O)c2ccccc2)on1,-1.970301628112793
base,CCSc1nnc(NC(=O)CSc2nnc(CNC(=O)c3cc4cc5ccccc5nc4s3)o2)s1,-1.6037479639053345
base,CCOC(=O)NC(NC(=O)c1ccc(C)cc1)(C(F)(F)F)C(F)(F)F,-2.5030341148376465
base,O=C(C1CC1)N1CCN(c2ncnc3sc4c(c23)CCC4)CC1,-1.738948941230774
base,O=C(O)c1n[nH]c2c1CCCC2,-1.771224856376648
base,CC1CCN(C(=O)Nc2ccccc2)CC1,-2.0578689575195312
base,CCc1n[nH]c(C)c1S(=O)(=O)NCC(C(C)C)C(C)C,-1.8830875158309937
base,COCCNC(=O)Cn1nc(-c2ccccc2)ccc1=O,-1.931758999824524
base,S=C(Nc1ccnn1Cc1ccccc1)NC1CCN(Cc2ccccc2)CC1,-1.7496302127838135
base,C[C@H](Sc1nnnn1-c1ccc2c(c1)OCCO2)C(=O)O,-1.6481837034225464
base,CN(C)C(=O)c1ccc2c(c1)CCO2,-2.59383225440979
base,CC[C@H]1C/C(=N/NC(=O)c2ccncc2)CC(C)(C)C1,-1.8830875158309937
base,O=C(NC1CCCC1)c1cc2c(ccc3ccccc32)o1,-2.998110294342041
base,Brc1cccc(CNCCCN2CCOCC2)c1,-2.1753058433532715
base,CCN1CCN(CCCCSc2ccccc2)CC1,-2.229227304458618
base,COc1cc(Br)c(C)cc1NC(=O)[C@H](C)N1CCOCC1,-2.3290607929229736
base,[O-][C]N[C]([S])O[C]1[CH][CH][C](Cl)[CH][CH]1.[OH+]P[N+]1CCOCC1,-2.3290607929229736
base,COC(=O)/C=C/C(=O)Nc1ccc(S(=O)(=O)Nc2cc(C)no2)cc1,-2.1057322025299072
base,OC1(CCCC2[CH-][CH+][C]CN2)CCCCC1.[H+],-2.7269186973571777
base,NNC(=O)c1ccn(Cc2ccc(Cl)cc2)n1,-1.4374333620071411
base,[CH2+]CCC/C(=[C-]/C=O)NCCC(F)(F)F,-2.662587881088257
base,N/C(CC(=O)Nc1cccc(O)c1)=N\O,-1.5962363481521606
base,O=[N+]([O-])NNc1cccc(Cl)n1,-1.0903477668762207
base,Fc1ccc(-c2cc3nc4c(c(NCc5cnc(Cl)cn5)n3n2)CCC4)cc1,-1.5339303016662598
base,NN/C(=N\S(=O)(=O)c1ccccc1F)N1CCOCC1,-1.5995122194290161
base,CC1=N[O+]=NC1OCOc1cccc([C@H]2CC(c3ccc(Br)cc3)=NN2C(/C=C2\C=CC=C[CH-]2)C(Cl)(Cl)Cl)c1,-2.2661259174346924
base,O=S(=O)(c1ccc(Cl)cc1)c1nc(-c2ccccc2F)oc1NCCCN1CCOCC1,-2.3521556854248047
base,CC(C)C[C@@H](/C=C(/C(=O)O)c1nc2ccccc2c(=O)[nH]1)CC(=O)O,-2.5030341148376465
base,CCC(=O)C1=C(N2CCC(Oc3ccc(C(=O)O)cc3)CC2)CC(C)(C)CC1=O,-3.320228338241577
base,CC(C)(CC(=O)O)CC(=O)NCCCc1ccccc1,-2.94943904876709
base,Fc1ccc(-n2cnnn2)cc1,-1.0903477668762207
base,[CH][C]CCC(C[CH2-])[c+]1[n-][n-][c+](N[C+]([O-])C[C+]2[CH+][C-](OC)[C+](OC)[C-](OC)[CH+]2)s1,-2.2188470363616943
base,CCN1CCN(Cc2cc(CCc3ccccc3)ccc2O)CC1,-2.4622952938079834
base,C/C(=C/c1ccccc1F)c1ccc(N(C)S(C)(=O)=O)nn1,-1.9781709909439087
base,COc1ccccc1NCC(=O)Nc1c(C)ccc(C)c1C,-2.3754727840423584
base,Cc1ccc(NC(=O)c2nc(SCC(=O)Nc3cc(C)on3)ncc2Cl)nc1,-1.5339303016662598
base,CCOC(=O)c1nnc(SCC(=O)Nc2nccs2)[nH]c1=O,-1.4739243984222412
base,O=C(COc1cccc(C(F)(F)F)c1)NCCN1CCOCC1,-2.419826030731201
base,COc1cc(C#N)c(NCc2ccccc2)nc1C,-1.8319255113601685
base,CCOc1ccc2nc(C(=O)NC3CCCCC3)sc2c1,-2.3290607929229736
base,O=C(COc1ccc(C2SCCS2)cc1)NC1CC1,-2.8982770442962646
base,COc1ccc(/C=N\NC(=O)/C=C/c2ccccc2)c(OC)c1,-2.419826030731201
base,C=C1C=C(C)[C-](C)C(Cn2nnc3c(=O)[nH]c(C[O+]=C=C/C=C/n4ccc(C)n4)nc32)=C1C,-1.5449939966201782
base,COc1ccccc1S(=O)(=O)N(Cc1ccccc1)C[C@@H](O)CN1CCCCC1,-2.6511785984039307
base,NC(=O)c1ccsc1NC(=O)[C@@H]1CCC(=O)Nc2ccccc21,-2.022524118423462
base,O=C(c1cc2ccccc2c(=O)o1)N1CCCCC1,-2.8982770442962646
base,S=C(c1ccc(Br)cc1)N1CCCCCC1,-2.7269186973571777
base,O=C(Nc1ccc2nn(-c3ccc4c(c3)OCCO4)nc2c1)c1ccc(Br)o1,-1.9352717399597168
base,C=C(F)[C-]([N+]#CF)C(F)(F)F,-2.35364031791687
base,O=C(O)/C=C/C(=O)c1ccccc1-c1ccsc1,-5.888877868652344
base,CCC(=O)N[C@@]1(C(F)(F)F)C(=O)Nc2c1c(=O)[nH]c(=O)n2Cc1ccco1,-1.898970127105713
base,Fc1ccc(CNc2nc3nonc3nc2N2CCSC2)c(F)c1,-1.3800767660140991
base,O=C(N/N=C/c1cccnc1)[C@@H]1CCC(=O)N(Cc2cccc(C(F)(F)F)c2)C1,-1.970301628112793
base,CCOC(=O)c1nn(CC)c(-c2ccccc2)c1C(=O)c1ccccc1,-2.54217791557312
base,CC(C)CC(=O)Nc1ccccc1C(=O)OC(C)C,-2.8982770442962646
base,O=C(O)[C@@H]1Oc2ccccc2CN1C(=O)Nc1cccc(C(F)(F)F)c1,-2.54217791557312
base,O=P(Nc1ccccn1)(c1ccc(Br)cc1)c1ccc(Br)cc1,-2.419826030731201
base,COc1ccccc1N1CCN(c2ccccc2OC)CC1,-2.3754727840423584
base,O=C(CN1CCCc2ccccc21)c1ccc(Br)cc1,-2.94943904876709
base,O=S(=O)(Nc1ccccc1-c1ccccc1)c1cccc2ccccc12,-3.2112276554107666
base,CC(=O)Nc1ccc(S(=O)(=O)NC2CCCCC2)c(C)c1,-2.3290607929229736
base,ClCCCNc1ncnc2c1cnn2-c1ccccc1,-1.3788409233093262
base,[CH2-]CCCCC1CC(CN[C+]([O-])N[c+]2[cH-][cH+][cH-][cH+][cH-]2)CN1C,-1.9781709909439087
base,CC[C@H](C(=O)NCc1ccco1)n1c(SCc2cccc(C)c2)nc2ccncc21,-2.004145860671997
base,COc1ccccc1NC(=O)Cc1cccc(Br)c1,-2.8982770442962646
base,CC(C)[C@@H](OC(=O)c1ccc(Cl)cc1)C(=O)NC1CCCCC1,-3.0888755321502686
base,NNC(=O)/C(=C/c1cccnc1)NC(=O)c1ccco1,-1.5995122194290161
base,NNC(=O)c1cc(C(=O)c2cccs2)c[nH]1,-1.660567283630371
base,S=C(N1CCCC1)N1C=CCCc2ccccc21,-2.1753058433532715
base,[S-]P(NC1CCCCC1)N1CC1[c+]1[cH-][cH+][c-](Br)[cH+][cH-]1,-2.229227304458618
base,Cc1nc2ccccc2c(=O)n1Cc1ccco1,-2.1753058433532715
base,COc1cc(-c2cc(C(=O)NNc3ccccc3C)c3ccccc3n2)cc(Br)c1O,-2.3204572200775146
base,O=C(O)[C@@H]1c2ccccc2CCN1C(=O)/C=C/c1ccccc1,-3.0888755321502686
base,NNc1cc(Cl)c(-c2ccc(O)c(OCc3ccccc3)c2)nc1N,-1.8221569061279297
base,CCCN(CC(C)C)c1nc(N2CCN(C)CC2)nc(N)c1[N+](=O)[O-],-1.2678462266921997
base,O=C(COC(=O)c1ccccc1)Nc1nc(-c2ccccc2)c(-c2ccc(Br)cc2)o1,-2.717759132385254
base,CCCc1nc(SCC(=O)Nc2c(C)n(C)n(-c3ccccc3)c2=O)[nH]c(=O)c1C,-1.7834744453430176
base,CN(CC(=O)NNC(=S)Nc1ccc(F)cc1)S(=O)(=O)c1ccc(Cl)cc1,-1.898970127105713
base,O=c1oc2ccc(Cl)cc2c(Cl)c1CN1CCCCC1,-2.94943904876709
base,C[C@@H](C(=O)N1CCCC1)n1nnc(Nc2ccccc2)n1,-1.2468422651290894
base,[H+].[N-2][C][CH+][C][C+]1N[C][CH-][CH+][CH+][C]OCCCNC[CH-][CH+][C-]2[CH+][C-](Cl)[C-](Cl)C3[C+]2N13,-1.9352717399597168
base,Cc1cc(N2C(=O)C[C@H](N3CCN(CC(=O)NC(C)C)CC3)C2=O)no1,-1.640629529953003
base,COc1cc2nc(-c3ccccc3)nc(Nc3ccc(F)cc3)c2cc1OC,-2.2188470363616943
base,CCOc1ccc(CCNC(=O)C2CCN(c3nccc(C)n3)CC2)cc1,-1.898970127105713
base,COc1ccc([C@H](C(=O)NCc2ccco2)N(C(=O)Cn2nnc3ccccc32)c2ccc(OC)c(Cl)c2)cc1O,-2.095402479171753
base,O=C(Cn1nnc(Cc2ccccc2F)n1)NNC(=O)c1ccccc1Cl,-1.4976286888122559
base,O=C(CCN1CCN(c2ccc(Cl)cc2)CC1)NNC(=S)NCc1ccco1,-1.7146004438400269
base,Nc1cc(=O)[nH]c(SCc2cc(=O)oc3ccc4ccccc4c23)n1,-2.1057322025299072
base,COc1cc(-c2[nH]ncc2/C=C/C(=O)Nc2cccnc2)cc(OC)c1OC,-1.9352717399597168
base,CCCc1c(CC(C)(C)C)[nH]c2ccc(CCCCl)nc12,-2.3290607929229736
base,O[C@@H](CNC1CCCC1)Cn1ccc2ccccc21,-2.229227304458618
base,CO[c-]1[cH+][cH-][cH+][c-](C2N[N-][C+]([c-]3[cH+][cH-][cH+][cH-][c+]3[C-]([O-])[O-])S2)[c+]1OC[c-]1[cH+][cH-][c+](F)[cH-][c+]1F,-2.749457359313965
base,Cc1cccc(OCCn2cnc3c(NCc4ccco4)ncnc32)c1,-1.640629529953003
base,C=CC/[S+]=c1\nc(-c2ccc(O)c(OC)c2)c(C#N)c([O-])[nH]1,-1.9781709909439087
base,CN(Cc1cccc2ccccc12)S(=O)(=O)c1ccc(CNC(=O)C2CCCCC2)s1,-2.717759132385254
base,O=Cc1ccc(OCc2cc(C(=O)O)cc(OCC(F)(F)F)c2F)c(F)c1F,-6.329720973968506
base,Brc1ccc(N[C@@H]2CCc3ccccc3C2)cc1,-2.844355583190918
base,Cc1nn(C)c(C)c1S(=O)(=O)N1CCN(C)CC[N-]1.[H+],-1.3276787996292114
base,O=C(CCc1c(O)c2ccccc2[nH]c1=O)N(CCO)CCO,-2.419826030731201
base,OCC[C@H]1CN(Cc2ccccc2-c2ccco2)CCN1Cc1ccccc1,-2.6161489486694336
base,S=c1[nH]nc(CSCCOc2ccc(Cl)cc2)o1,-2.1753058433532715
base,COc1cc(C=O)ccc1OCc1cc(C(=O)N[C@H](C)Cn2cncn2)no1,-1.7146004438400269
base,N[c-]1[n-][n-][c+]2[n-][c+](N3CCOCC3)[n-][c+](-[c+]3[cH-][cH+][cH-][cH+][cH-]3)[c+]21,-1.2932543754577637
base,COc1ccc(NC(=O)Nc2c(C)nn(-c3ccccn3)c2C)cc1OC,-1.6782987117767334
base,COC(=O)N[C@H]1CCS(=O)(=O)C1,-2.440274477005005
base,Cn1nc(-c2ccc(N3CCOCC3)c(NS(=O)(=O)c3ccccc3)c2)c2ccccc2c1=O,-2.12911319732666
base,N[S+2]([O-])([O-])[c-]1[cH+][cH-][c+](CCN[C-]([O-])[C+]2[CH+][c-]3[cH+][cH-][c+](F)[cH-][c+]3[SH+]2)[cH-][cH+]1,-2.5030341148376465
base,O[C@@H]1CCCC[C@H]1N1CCC(c2cc(-c3ccccc3Cl)n[nH]2)CC1,-2.1057322025299072
base,O=S(=O)(/C=C/c1ccccc1)NCCc1ccccc1,-2.94943904876709
base,CC(C)(C)c1ccnc(/C=C(\NC(=O)c2cccc(N3CCCC3=O)c2)C(=O)Nc2cccc([N+](=O)[O-])c2)c1,-2.045454740524292
base,S=C(Nc1cccc2cnccc12)NN1CCOCC1,-1.5995122194290161
base,Cc1csc(NC(=O)CSc2nnc(-c3ccncc3)o2)n1,-1.4739243984222412
base,O=C(O)c1ccccc1NCc1ccc2[nH]c(C(F)(F)F)cc2c1,-2.4622952938079834
base,C/C(=N\NC(=O)c1cc(C(C)C)sc1N)c1ccco1,-1.8830875158309937
base,[O][C](CO[C+]([O])[C]1[N][CH][N][C]2S[CH][C]([C]3[CH][CH][CH][CH][CH]3)[C]21)N[C]1[CH][CH][CH][C](N([O-])[O-])[CH]1,-2.036881923675537
base,O=C(O)c1ccc(COc2c(C(=O)O)ccc3ccccc23)cc1,-6.175867080688477
base,C[C@H](O)CO,-4.6151204109191895
base,COc1cc2ccccc2cc1C(=O)Nc1ccc(Cl)cn1,-2.3754727840423584
base,COc1ccc(-n2nc(C(=O)Nc3cc(C)on3)c3c4ccccc4n(C)c3c2=O)cc1Cl,-1.8786333799362183
base,O=C1CCC[C@@H](Cc2ccc(Cl)cc2)N1[C@@H]1CCCCCCc2c1[nH]c1ccccc21,-2.717759132385254
base,COc1ccc(C(F)(F)F)cc1C(=O)Nc1ccccc1C#N,-2.419826030731201
base,C[C@@H]1CN(CN2C(=O)NC3(CCCCC3)C2=O)C[C@H](C)O1,-1.931758999824524
base,COCCNC(=O)CNCC1CCCCC1,-2.0578689575195312
base,O=Cc1ccc(Nc2nc(-c3cccnc3)cs2)cc1Cl,-1.931758999824524
base,[CH2-]CN(CCC[CH-]O)C1=NC=[N+]=[NH+]1,-1.1700712442398071
base,COC(CNS(=O)(=O)c1cccc2nsnc12)OC,-1.8319255113601685
base,C[C-]([O-])[C+]1[CH+][CH-][C+](OC[C-]2[CH+][C-]([C+]([O-])[N-]C(C[C+]([O-])NCCCN3CCOCC3)[C+]3[CH+]S[CH+][CH-]3)[N-]O2)[CH-][CH+]1,-2.2401843070983887
base,CCN1CCN(c2cc(C)nc(-c3ccccc3O)n2)CC1,-1.6945956945419312
base,CN(C)CCCN[C@@H](Cc1ccc(Cl)cc1)C(=O)N1CCOCC1,-2.064993381500244
base,C=[N+]1CCCCC1.CP([O-])O,-2.35364031791687
base,O=c1c2cc(Br)ccc2ncn1CCCN(CCC1CCCCC1)c1cnc2ccccc2n1,-1.9084417819976807
base,CN(NS(=O)(=O)c1cccc(C(F)(F)F)c1)c1ncc(C(F)(F)F)cc1Cl,-2.1825454235076904
base,N#Cc1cccc(N2CCC[C@@H](O)C2)c1,-1.9935381412506104
base,O=S1(=O)N=C2CCCCN2[C@@H]2CC=CC[C@H]21,-2.0578689575195312
base,CCOc1ccccc1-n1nc2ccccc2n1,-1.7780040502548218
base,CCNC(=S)NC1=NCCCCC1,-1.4536465406417847
base,N[C@H](Cc1c[nH]c2ccccc12)c1nnc(SC/C=C/c2ccccc2)o1,-1.898970127105713
base,CC[C@@H](C)[C@H](NC(=O)[C@H]1CC(=O)N(CCc2ccc3c(c2)OCCO3)C1)C(=O)N[C@H](C(=O)O)C1CCCCC1,-2.54970121383667
base,NNc1ccc(C(F)(F)F)cc1C(F)(F)F,-2.0578689575195312
base,S=C(NCc1cc(Cl)cc(Cl)c1)NCc1ccco1,-2.229227304458618
base,CCOc1ccccc1N(CC1CC1)S(=O)(=O)c1ccc(Cl)c([N+](=O)[O-])c1,-2.5798470973968506
base,O=C(/C=C/c1ccccc1O)c1cccs1,-5.7714409828186035
base,COc1ccccc1C(=O)NNC(=S)Nc1cccc(S(=O)(=O)N2CCCC2)c1,-1.970301628112793
base,CN1CCCN(C(=O)CCl)CC1,-1.771224856376648
base,[CH2+]N(CCCC)[c-]1[c+](N([O-])[O-])[c-]([O-])o[c+]2[cH+][cH-][cH+][cH-][c+]21,-2.2803893089294434
base,Cc1oc2ccccc2c1C(=O)OCn1nnc2ccccc2c1=O,-2.1057322025299072
base,CN1CCN(C(=O)[C@H](Cc2ccccc2)NC(=O)Nc2cccs2)CC1,-1.8613009452819824
base,CCOc1cc([C@H]2CC(C)(C)NC(=O)N2)ccc1OC(C)C,-2.3754727840423584
base,CCc1ccc([C@]2(CC(=O)Nc3cccc(C(C)=O)c3)CCC[C@@](C)(C(=O)O)C2)cc1,-3.3868086338043213
base,Cc1cccc(-n2c(C)nn(CCOc3ccccc3)c2=O)c1,-2.022524118423462
base,NC(=O)/C(=C/c1cccs1)c1nnc2sc3ccccc3n12,-1.6945956945419312
base,O=C(NCC(=O)N1CCN(c2ccccn2)CC1)C1CCCCC1,-1.7814180850982666
base,Cc1ccc2c(c1)cc1c(=O)n(CC(=O)NCCCC(=O)Nc3nc4ccccc4n3C)ncn12,-1.6037479639053345
base,Cc1cc(NC(=O)[C@H](C)n2nccc2C)ccc1NC(=O)C1CC1,-1.7814180850982666
base,Cc1ccc(SCC(=O)c2ccc(Cl)cc2NC(=O)CN(C)C)cc1,-2.5030341148376465
base,Cn1c(CSCCO)nnc1SCC(=O)Nc1ccc2c(c1)OCO2,-1.8221569061279297
base,COc1ccc2c(c1)OC[C@@H](CC(=O)NCC1CCCCC1)O2,-3.0888755321502686
base,CCOc1cc2nc(N3CCOCC3)nc(N)c2cc1Oc1ccc(C#N)cc1,-1.7496302127838135
base,COc1ccc(N2CCN(C(=O)CC(c3ccccc3)c3ccccc3)CC2)cc1,-2.6850228309631348
base,CC(C)C[C@@H]1C2=C(C[C@@H](c3ccco3)CC2=O)N(N(C)C)C(N)=C1c1n[nH]c2c1CCCC2,-1.8786333799362183
base,Fc1cccc(CNc2ncn[nH]2)c1,-1.2439055442810059
base,C[C@H]1CCC2=C(C1)[S+]=C(NC(=O)[C@H]1COc3ccccc3O1)/C2=C(/N)[O-],-2.54217791557312
base,[CH2-]CCN1CCCC1CCO[C+]([O-])[CH+][CH-][c+]1[cH-][cH+][cH-][c+](F)[cH-]1,-3.044522523880005
base,Oc1ccc(/N=C/c2cc3cc(Br)ccc3[nH]2)cc1,-2.229227304458618
base,CCCc1ccc2c(c1)N(CCc1ccccc1)CS2,-2.94943904876709
base,COc1ccc(CNc2nc3nc(-c4ccccc4)cc(=O)n3[nH]2)cc1OC,-1.7146004438400269
base,CCn1cc([C@H](c2nnnn2C2CCCC2)N2CCCCC2)c2ccccc21,-1.5339303016662598
base,Nn1c(SCC(=O)Nc2c(F)cccc2F)nnc1C1CCCCC1,-1.6014856100082397
base,O=C(Cn1ccc2ccccc2c1=O)NCC(=O)N1CCN(c2ccccc2F)CC1,-2.036881923675537
base,O=[N+]([O-])c1ccc(N2CCN(C(=S)N3CCCC3)CC2)cc1,-1.6945956945419312
base,CCCOc1ccc(-c2cc(N)n[nH]2)cc1,-1.660567283630371
base,CN1CCN(CCCNC(=O)CN(C)S(=O)(=O)c2ccc3oc4ccccc4c3c2)CC1,-2.068580389022827
base,N[C]1[CH][C]([C]2[CH][CH][CH][C](N([O-])[O-])[CH]2)N([C+]2[CH][CH][CH][CH][C]2F)[N]1,-1.6945956945419312
base,O=[N+]([O-])c1ncn(-c2ccc(Cl)cc2)n1,-1.312661051750183
base,O=S(=O)(N/N=C/c1ccc(Cl)cc1)c1cccc2cccnc12,-2.022524118423462
base,C[C@@H](O)CN1C2=NCCCN2c2ccccc21,-1.7210086584091187
base,C[C@H](OC(=O)Cn1[nH]c(=O)c2ccccc2c1=O)C(=O)Nc1ccc(F)cc1F,-2.2538769245147705
base,O=C(N1CCOCC1)N1CCN(S(=O)(=O)N2CCOCC2)CC1,-1.738948941230774
base,NS(=O)(=O)c1ccc(NC(=S)NC(=O)/C=C\C(=O)O)cc1,-1.931758999824524
base,COCCCNC(=S)NNC(=O)c1ccccc1[N+](=O)[O-],-1.6481837034225464
base,N[S+2]([O-])([O-])[c-]1[cH+][cH-][cH+][c-](NC[C-]2[N-]n3[c+]([n-][c+](C4CCCCC4)[cH+][c-]3[O-])S2)[cH+]1.[H+],-1.7146004438400269
base,COc1cc(C(=O)Nc2ccccc2C(F)(F)F)cc(OC)c1OC(=O)c1ccc(C)cc1,-3.4492313861846924
base,COCCNC(=O)CN(C(=O)Cn1nnc2ccccc21)c1ccc(C(=O)N2C[C@H](C)C[C@H](C)C2)cc1,-1.8122100830078125
base,Clc1ccccc1OCc1ccnn1[C@@H](c1ccccc1)C(Cl)(Cl)Cl,-2.5030341148376465
base,N/C(=N\NC(=O)c1ccc(Cl)c(Cl)c1)c1cc(C2CCCCC2)on1,-1.8221569061279297
base,O=C(NNC(=S)Nc1ccc(Cl)cc1)c1cccs1,-1.8319255113601685
base,C[C]1[CH][CH][CH][C]([C+]([O])OCN2[C]([O])CC[C]2[O])[C]1N([O-])[O-],-2.3290607929229736
base,S=C(NC1CCCCC1)N(Cc1ccccc1)Cc1ccc(Cl)cc1,-2.5030341148376465
base,[O][C](O)CSC[C+]1[CH][C]([O])N[C]([C-]CN[C]([O])C[C]([O])NCC[C]2[CH][CH][CH][CH][CH]2)[N-]1,-2.004145860671997
base,O=C(CNC(=O)c1c(F)cccc1F)NCc1ccc(OC(F)(F)F)cc1,-2.5798470973968506
base,O=P(/C(F)=C\Oc1ccc(OCCCF)c(F)c1F)(c1ccccc1)c1ccccc1,-6.431331157684326
base,C[C@@H]1CCCCN(C(=O)C/[S+]=c2\nc3c(sc(=S)n3Cc3ccccc3)c([O-])[nH]2)C1,-2.004145860671997
base,COc1cccc(N2CCN(S(=O)(=O)c3ccc(NC(=O)c4ccc(NC(C)=O)cc4)cc3)CC2)c1,-2.186189889907837
base,O=C(N[C@H](CCSCc1ccccc1)C(=O)O)[C@@H]1[C@H]2CC[C@H](C2)[C@@H]1C(=O)O,-3.248896837234497
base,CCO[c-]1[cH+][cH-][c+]2[c-]([cH+]1)[N-][C][C+]([C-]1[CH+][N-]N[C-]([O-])[CH+]1)[CH+]2,-1.8830875158309937
base,CC(=O)c1ccc(OCCCCn2ccnc2)cc1,-2.229227304458618
base,CCN(Cc1cccs1)c1ncnc2c1ccc1ccccc12,-2.022524118423462
base,Cc1ccc(S(=O)(=O)Nc2cccc(C)n2)c(C)c1,-2.229227304458618
base,Clc1ccc(OCc2noc(-c3cccs3)n2)cc1Cl,-2.2803893089294434
base,NC(=O)N[C@@H](CCC(=O)NCCc1ccccc1)C(=O)Nc1ccc(F)cc1,-1.9352717399597168
base,CC(C)C(=O)Nc1ccc([N+](=O)[O-])cc1Br,-2.0578689575195312
base,COc1ccc2cc(C(C)=O)ccc2c1,-5.707110404968262
base,CCOc1cc(/C=C2/S/C(=N\c3ccccc3)N(Cc3cccnc3)C2=O)ccc1OCCO,-2.4126884937286377
base,Cc1cc(C)c2[nH]c(=O)c(CN(c3ccccc3)S(=O)(=O)c3cccc4cccnc34)cc2c1,-2.4126884937286377
base,O=c1c2ccccc2nnn1-c1ccc(Br)cc1,-1.7780040502548218
base,CCNc1ncccc1C(=O)NCCSc1cccs1,-1.8830875158309937
base,CCC(=O)N1CCc2cc(S(=O)(=O)N3CCN(c4ccccc4Cl)CC3)ccc21,-2.2538769245147705
base,CN(Cc1ccccc1F)C(=O)[C@@H]1CCC(=O)N(C2CC2)C1,-2.3754727840423584
base,Nc1c(/C=C2/C=CC(=O)C(O)=C2)c(=O)nc2sc(CC(=O)N3CCCC3)nn12,-1.7146004438400269
base,Cc1nc(COc2cccc(OC(F)F)c2)cc(Nc2ccccc2)n1,-2.14487624168396
base,CCOC(=O)[C@@H]1CCCN(C(=O)CCC#N)C1,-2.1183104515075684
base,COC(=O)C/C(C)=N/Nc1ccc(S(=O)(=O)N2CCOCC2)cc1[N+](=O)[O-],-1.898970127105713
base,COc1cccc(NC(=O)c2sc3ncn(CC(=O)N4CCCCC4)c(=O)c3c2C)c1OC,-2.099304676055908
base,O=C(C[C@@H]1S/C(=N\c2ccccc2)N(CCc2c[nH]c3ccccc23)C1=O)Nc1ccccc1F,-2.1580586433410645
base,O=C(O)c1nn2c(C(F)(F)F)cc(-c3cccc(F)c3)nc2c1Cl,-2.064993381500244
base,C=C.O=S(=O)=NS(=O)(=O)c1ccc(Cl)cc1,-2.7269186973571777
base,NC(=O)C1CCN(c2ccccc2NC(=O)c2ccco2)CC1,-2.022524118423462
base,[O][C]([CH+][CH][C]1[CH][CH][CH][C](Br)[CH]1)N[C]1[CH][C](N([O-])[O-])[CH][CH][C]1F,-2.3754727840423584
base,O[c-]1[n-][c+]2[cH+][cH-][cH+][cH-][c+]2[c-]1[CH+][N-]CCN1CCOCC1,-1.8830875158309937
base,CN(C)[P+]([O-])(NC1([O-])[c+]2[cH-][cH+][cH-][c+](N([O-])[O-])[s+]21)N(C)C,-1.5995122194290161
base,O=S1(=O)CC[C@H](N2CCOCC2)C1,-2.519998073577881
base,COc1cc(C(=O)/C=C/c2ccc3c(c2)OCO3)cc2c1C(=O)CCC2,-6.2557501792907715
base,Clc1oc(-c2cc3c(cc2Br)OCO3)nc1-c1ccccc1,-3.044522523880005
base,CCO[CH-]C[CH+]CCOC(C)CCC[C][CH+]CO[C-](C)[O-],-6.042633056640625
base,CC[C@H](C)[C@H](CC(=O)O)CC(=O)Nc1ccccc1,-2.8982770442962646
base,[H+].[H+].[O-][P+](OC(C(F)(F)F)C(F)(F)F)(N1CCOCC1)N1CCN([c-]2[cH+][cH-][cH+][cH+][n-]2)CC1,-2.004145860671997
base,CN(C(=O)CCc1c[nH]c2cc3ccccc3cc12)c1c(N)n(Cc2ccccc2)c(=O)[nH]c1=O,-1.9373873472213745
base,C/C(Cc1cccc(Br)c1)=N\NC(=O)c1cc(-c2ccccc2)nn1C,-1.8613009452819824
base,C/C(Cc1ccccc1O)=N\NC(=O)C1CCCCC1,-2.2803893089294434
base,COc1ccc(Br)cc1CCC(=O)c1ccc2ccccc2c1,-6.133398056030273
base,OCCN1CCN(c2nnnn2-c2ccccc2)CC1,-1.1981709003448486
base,O=C(O)c1ccc(/[S+]=C2\C=CC=C\C2=C(/[O-])O)cc1,-5.9427995681762695
base,CC(=O)NNC(=S)N[C@H](C)C(=O)N1CCCC1,-1.4374333620071411
base,CCC(=O)c1ccc(O)c(O)c1,-5.48479700088501
base,O=C(N[C@H]1CCCC[C@H]1Cl)N1CCCC1,-1.9935381412506104
base,OOc1ccccc1/C=N/n1c(C2CCCCC2)n[nH]c1=S,-1.6945956945419312
base,COc1cc2ccccc2cc1CN(C)C(=O)c1cnccn1,-2.022524118423462
base,CO[C-]([O-])N[C+]1[c+]2[cH-][cH+][cH-][cH+][c-]2CC1SC[C+]([O-])N1CCN([c+]2[cH-][cH+][c-](F)[cH+][cH-]2)CC1,-2.3204572200775146
base,[H]/[O+]=C/C(=N/Nc1ccccc1[N+](=O)[O-])C(=[N-])O,-1.4374333620071411
base,O=C1CC[C@]2(O)[C@@H]3Cc4ccc(O)c5c4[C@]2(CCN3CC2CC2)[C@@H]1O5,-3.172083616256714
base,S=C(NCCN1CCc2ccccc2C1)Nc1ccccc1,-1.9781709909439087
base,S=P(c1ccccc1Nc1ccccc1)(N1CCOCC1)N1CCOCC1,-2.1825454235076904
base,CN(CC(=O)NCc1ccc(Cl)cc1)S(=O)(=O)c1ccc2c(c1)c(=O)n(C)c(=O)n2C,-2.036881923675537
base,C=C(CCl)C(=O)OCC=O,-5.303304672241211
base,COCC[C@@H](C(=O)NC1CCCCC1)N1CC[C@@H](NC(=O)c2cc(C)on2)C1=O,-1.970301628112793
base,[H]/N=C1C(=C/c2ccc(Br)o2)/C(=O)N=C2SC(CC(=O)N3CCCCC3)=NN2/1,-1.6782987117767334
base,COCCCNC(=O)c1cc(-c2cccnc2)nc2cc(C)ccc12,-2.1057322025299072
base,COc1ccc(Cc2c(O)nc(SCCN(C)C)[nH]c2=O)cc1OC,-2.1057322025299072
base,OCC[C@@H](O)CCCCCNc1ccc2oc3ccccc3c2c1,-3.131344795227051
base,Cc1cccc(CNCCc2c[nH]c3ccc(Oc4ccccc4)cc23)n1,-2.1825454235076904
base,O=C1CCCN1CCn1c(-c2ccncc2)nc2ccccc21,-1.738948941230774
base,C[CH-]O[C+]([O-])[c+]1[cH-][cH+][c-](N2CCCC2)[c+](F)[cH-]1,-2.7873599529266357
base,O=C(c1cccc(-n2cnnn2)c1)N1CCC2(CC1)OCCO2,-1.5182775259017944
base,Cn1nc(-c2ccc(N3CCCCC3)c(NC(=O)c3ccco3)c2)c2ccccc2c1=O,-2.068580389022827
base,COc1cc(C[C@@H](/N=C(/N)c2cccc(C(F)(F)F)c2)[N+](=O)[O-])cc(OC)c1OC,-2.2877211570739746
base,NO[C-]1COC([c+]2[cH-][cH+][cH-][cH+][cH-]2)OCC1O,-2.7269186973571777
base,Cc1ccc(/N=C2/NC(=O)[C@H](CC(=O)Nc3ccccc3)S2)cc1,-2.064993381500244
base,CC(C)=N/N=c1\scc(-c2ccc(Cl)cc2)n1C(=O)OC(C)C,-2.022524118423462
base,CO/N=C/[C@H]1N(C)C=NN1S(=O)(=O)c1ccc(NC(=O)CSc2ccccn2)cc1,-1.60280442237854
base,CNC[C@@H](O)c1cccnc1,-1.6845905780792236
base,CCOc1[c-]c(-c2c(C#N)n([NH-])c3c(C#N)c(C)c(C)[s@SP2+]23)cc(Cl)c1OCc1cccc(C)c1.[H+],-2.12911319732666
base,OCCn1c(SCc2ccc(Oc3ccccc3)cc2)nc2ccccc21,-2.5798470973968506
base,CCNc1nc(N(Cc2ccccc2)c2ccccc2)c2ncn(CCN(C)C)c2n1,-1.4825712442398071
base,C/C(=N\OCc1ccc(F)cc1)c1ccc(CC#N)s1,-2.2803893089294434
base,CCN1CCN(c2ccc([N@H+]3O[C-]4CCC(=O)N4c4ccccc4C3=O)cc2)CC1,-2.004145860671997
base,O=S(=O)(/C=C/c1ccccc1)Nc1cc(S(=O)(=O)N2CCOCC2)ccc1N1CCOCC1,-2.3828799724578857
base,CCOc1cccc(Cn2c(CCCN[C@@H](CC)CO)ccc2-c2ccccc2)c1,-2.6850228309631348
base,[O-][c+]1[cH-][cH+][cH-][c+]2n1CCC[C-]2[CH+][N-]O,-1.924782633781433
base,O=C(c1cnc2ccccc2c1)C1(S(=O)(=O)c2ccccc2)CC1,-3.131344795227051
base,Nc1ccccc1SCC(=O)Nc1nccs1,-1.7210086584091187
base,O=S1(=O)C[C@@H](O)[C@@H](NCCO)C1,-2.440274477005005
base,CCOC(=O)C(=CNC1=[S+]/C(=C(/[O-])N2CCC[C@H](C)C2)C(c2ccco2)=N1)C(=O)OCC,-2.3521556854248047
base,Cl[c-]1[cH+][cH-][c+](OC[c+]2[cH-][cH+][cH-][cH+][cH-]2)[c-](CN([N-][N-]n2[cH+][cH+][cH-][cH+][cH-]2)[c+]2[cH-][cH+][cH-][cH+][cH-]2)[cH+]1,-2.036881923675537
base,[O][N+]([O-])[C][C]([NH+][C]1[CH][CH][C](F)[CH][CH]1)[N+](COC[C]1[CH][CH][CH][CH][CH]1)[C]1[N][CH][CH][CH][N-]1,-1.7496302127838135
base,Cc1ccc2c(Cl)c(C(=O)Nc3cc(-c4cnn(C)c4C)ccc3OCC(=O)c3ccco3)sc2c1,-2.4697651863098145
base,N/C(=N\OC(=O)c1ccccc1Br)c1ccccc1,-2.229227304458618
base,O=c1c(NC[C@H]2CC[C@@H](C(=O)NCc3ccc(Cl)cc3)CC2)c(N2CCCCC2)c1=O,-2.3204572200775146
base,CN(Cc1ccccn1)C(=O)c1cc(COc2cccc(C(F)(F)F)c2)on1,-2.2188470363616943
base,Fc1cc(Br)ccc1NC(=S)Nc1cccnc1,-1.7780040502548218
base,Cc1noc2nc(F)nc(N3CCN(Cc4cccs4)CC3)c12,-1.5182775259017944
base,[O-][N-]O[S+](C[c+]1[cH-][cH+][cH-][c+](F)[cH-]1)n1[cH+][n-][c+]2[cH-][cH+][cH-][cH+][c-]21,-1.931758999824524
base,O=[N+]([O-])c1cccc(S(=O)(=O)c2cccc(NC(=S)Nc3ccc(Br)cc3)c2)c1,-2.2538769245147705
base,CNCc1cc(-c2ccccc2)n(C)c1-c1ccc2c(c1)OCO2,-2.4622952938079834
base,CC(=O)Nc1c2c(nn1-c1ccc(C)cc1)CSC2,-1.8319255113601685
base,O=C(NC(=S)Nc1cccc(Cl)c1N1CCCC1)c1cccc(OC(F)F)c1,-2.2188470363616943
base,COc1ccc(CN2C(=O)c3ccsc3[S+]=c3cc/c(=C(/[O-])NCCN4CCOCC4)cc32)cc1,-2.441633939743042
base,NC(=O)[P@](=O)(COc1ccccc1)NCc1ccccc1,-2.3290607929229736
base,COc1ccc(S(=O)(=O)N2CCCCC2)cc1C(C)C,-2.94943904876709
base,COc1ccccc1NC(=S)NNC(=O)c1c(Cl)c(C)nn1C,-1.5182775259017944
base,COc1ccc(CNC(=O)[C@@H](CC2CC2)NC(=O)Nc2cccc(Cl)c2)cc1OC,-2.2877211570739746
base,O=C(/C=C/Nc1ccc2c(c1)OCCO2)C(=O)NC(=O)c1ccc(Cl)cc1,-2.5798470973968506
base,O=C(N/C(=C\c1ccco1)C(=O)N1CCOCC1)c1ccc(NC(=O)c2ccccc2)cc1,-2.3828799724578857
base,NS(=O)(=O)NCc1csc(-c2ccccc2)n1,-1.7210086584091187
base,Clc1ccc(-c2nnc(-c3cccnc3)o2)cc1,-1.7780040502548218
base,C[C@H](OC(=O)c1cccs1)C(=O)/C=C/c1ccccc1,-5.993961334228516
base,O=S1(=O)CC[C@@H](NC(=S)NC[C@H]2CCCO2)C1,-2.1183104515075684
base,COc1ncccc1C(=O)N1CCC[C@@H](Nc2cccc(C(F)(F)F)c2)C1,-2.1825454235076904
base,COc1ccc2sc(N[C@@H](C)c3cccnc3)nc2c1,-1.8830875158309937
base,COc1ccc(C(=O)N2CCC(C(=O)O)CC2)c2ccccc12,-3.0888755321502686
base,N#CCCNc1ccc(OC2CCNCC2)cc1,-1.7780040502548218
base,COc1cccc([C@@H]2C(C(=O)c3ccc(C)o3)=C(O)C(=O)N2CCCn2ccnc2)c1,-2.3204572200775146
base,C[P@@](=O)(Nc1ccc(Cl)cc1)c1nccs1,-2.0578689575195312
base,O=[N+]([O-])c1ccccc1S(=O)(=O)N(Cc1ccco1)c1ccc(Br)cc1,-2.54217791557312
base,O=C(NNC(=O)c1cc(C(F)(F)F)nc2ccccc12)c1cccnc1,-1.8613009452819824
base,F[c-]1[cH+][cH-][c+](OC[CH-]O[c+]2[cH-][cH+][cH-][cH+][c-]2N2CCOCC2)[cH-][cH+]1,-3.0888755321502686
base,COc1ccc(CCNC(=O)COC(=O)c2cnc(C)cn2)cc1OC,-2.14487624168396
base,Clc1cccc(Cl)c1CSc1nnc(-c2ccncc2)o1,-1.931758999824524
base,CC(C)(CCN1CC/C(=N/O)[C@@](C)(O)C1)C(=O)O,-2.1753058433532715
base,[H]/N=C1C(=C\c2ccc(N(C)C)cc2)/C(=O)N=C2SC(CC(=O)N3CCCCC3)=NN2/1,-1.60280442237854
base,COc1cccc(-c2nc(CS(=O)(=O)CC(=O)N[C@H]3CCC[C@@H](C)[C@@H]3C)c(C)o2)c1,-2.6850228309631348
base,COc1ccnc(Oc2cccc(C)c2C)c1C#N,-2.229227304458618
base,COc1ccc(NS(=O)(=O)c2ccc3c(c2)oc(=O)n3C)cc1Cl,-2.4622952938079834
base,[O-][c+]1[c+]2[n-][cH+][n-][c+](N([c+]3[cH-][cH+][cH-][cH+][cH-]3)[S+]([O-])[O-])[c-]2[nH][c+]([S-])n1-[c+]1[cH-][cH+][cH-][cH+][cH-]1,-1.7146004438400269
base,COc1ccc(CNC(=O)CN2C(=O)c3ccccc3C2=O)cc1OC,-2.54217791557312
base,Cn1c(=O)c2c(nc3n2CCCN3CC2CCCCC2)n(C)c1=O,-1.5607467889785767
base,[H]/[C-]=N/N1[C-]=c2ccccc2=[S+2](c2ccc(CC(=O)NS(=O)(=O)c3ccc(Br)cc3)c(OC)c2)C1,-2.4126884937286377
base,Nc1cccc(N[P@@](=O)(c2ccccc2)c2ccc(Cl)cc2)c1,-2.419826030731201
base,C=CCCN(CCCC)C[C@@H](O)CN1C(=O)c2ccccc2C1=O,-2.4622952938079834
base,CNS(=O)(=O)c1cn(CC(=O)Nc2ccc(Cl)cc2)cc1S(=O)(=O)NC,-1.8613009452819824
base,COc1c(C)cc(S(=O)(=O)NCCCN(C)C)c(OC)c1C,-2.3754727840423584
base,O=C(c1cccc(-n2cccc2)c1)N1CCN(S(=O)(=O)c2ccc(F)cc2)CC1,-2.2538769245147705
base,CC(=O)c1nn(-c2cc3ccccc3[nH]c2=O)c2ccccc12,-2.022524118423462
base,CCO/N=C(\CS(=O)(=O)Cc1ccc(C)o1)c1ccccc1,-3.044522523880005
base,NNC(=O)c1cc(O)cc(OCc2ccc(F)cc2)c1,-2.2803893089294434
base,[O-][C+](NCCCN1CCN([c+]2[cH-][cH+][cH-][cH+][cH-]2)CC1)[c-]1[cH+]s[c-](Cl)[c+]1[C-](O)O,-2.1825454235076904
base,CNC#C/C=C1\C=NN=C1c1ccc(OC(F)F)cc1,-1.8830875158309937
base,CN([CH-][C+]([O-])NN)[S+2]([O-])([O-])[c+]1[cH-][c+](Cl)[cH-][cH+][c-]1Cl,-1.7780040502548218
base,COc1ccc(/C=N/NC(=O)c2ccccc2)cc1OCc1ccccc1,-2.5798470973968506
base,NS(=O)(=O)c1ccc(CNC(=O)Nc2ccccc2F)cc1,-1.9781709909439087
base,N[C@H]1CC=C(/C=C/[P@](=O)(O)CCOc2ccccc2)CC1,-2.998110294342041
base,Cc1cccc(C(=O)Oc2ccc3ccccc3c2)c1C,-6.042633056640625
base,CC(=O)OCC(=O)Nc1ccc(C)cc1Br,-2.7269186973571777
base,O=C(NCc1cccnc1)c1cccc(Oc2ccccc2)c1,-2.419826030731201
base,O=[N+]([O-])c1c(-c2cccnc2)n[nH]c1N1CCOCC1,-1.3788409233093262
base,CNP(=S)(NC)OCCOc1ccc(OC)cc1,-2.1753058433532715
base,O=C(c1ccccc1)N1C=CCN(CCCC/C=C/c2ccccc2)C1,-2.54217791557312
base,NC(=O)C1=C[C@@H](c2c[nH]c3ccccc23)C[C@@H](OCCCCO)O1,-2.4622952938079834
base,Clc1ccc(OCC#CCN2CCCCCC2)c(Cl)c1,-2.94943904876709
base,S=C(Nc1ccc(Br)cc1)NC1CCCC1,-2.0578689575195312
base,N#CCC(=O)N1CCC2(CC=CC2)C[C@H]1C(=O)NC[C@@H]1CCCO1,-2.064993381500244
base,O=C(OCc1cccc(F)c1)c1cn(-c2ccccc2)nc1-c1cn(Cc2ccccc2)nc1-c1ccccc1,-2.291411876678467
base,CC(C)N1C(=O)c2ccc(C(=O)N3CCN(C)CC3)cc2C1=O,-2.022524118423462
base,O=C(CN1C(=O)N[C@@]2(CCc3ccccc32)C1=O)SCc1cccc(Br)c1,-2.5798470973968506
base,O=S(=O)(Cc1ccccc1)NCC1CCCCC1,-2.844355583190918
base,[O-][C+](C[c+]1[cH-][cH+][cH-][c+]2[cH-][c+]3[cH-][c+]4s[c+]([S-])[nH][c-]4oo[c+]3[n-][c-]12)N[c+]1[cH-][c+](CO[c+]2[cH-][cH+][cH-][cH+][cH-]2)o[n-]1,-2.186189889907837
base,Cc1cc(OC(=O)N2CCCCC2)cc(C)c1Cl,-2.844355583190918
base,Clc1cccc(OCCN2CCCCC2)c1Cl,-2.7873599529266357
base,[H]/[O+]=C1C(=C\N=[C-]\C=C/C=C/c2cccc(Br)c2)\c2ccccc2N\1C,-2.5030341148376465
base,O=C(COc1ccccc1[N+](=O)[O-])NN1C(=O)c2ccccc2C1=O,-2.1057322025299072
base,COC(Cc1nnc(CCC(=O)N2CCN(C3CCCC3)CC2)o1)OC,-1.8613009452819824
base,O=S(=O)(CCN1CCc2ccccc21)c1ccc(Cl)cc1,-2.998110294342041
base,CN1CCN(c2cn[nH]c(=O)c2Cl)CC1,-1.312661051750183
base,CCOc1ccc2[nH]c3c(NCCCOC)ncnc3c2c1,-1.6945956945419312
base,CC(=O)Nc1nc2c(ncn2COCCOC(C)=O)c(=O)[nH]1,-1.4739243984222412
base,CCN(Cc1ccccc1)Cc1nc(SCC(=O)NC2CCCC2)n[nH]1,-1.640629529953003
base,COc1ccc(N(CC(=O)Nc2nnc(Cc3ccccc3)s2)S(=O)(=O)c2cccnc2)cc1,-1.9084417819976807
base,O=[N+]([O-])/C=C(/C=C1/Nc2cc(Cl)ccc2S1)N(Cc1ccc(Cl)cc1)Cc1ccc2c(c1)OCO2,-2.441633939743042
base,S=c1[nH]nc(COc2ccccc2)n1/N=C/C1CCCCC1,-1.6945956945419312
base,N[C@H](CC(=O)N1N=C(c2ccc(-c3cccs3)s2)C[C@@H]1c1cccs1)C(=O)O,-2.2188470363616943
base,[O-][C@@H]([C@@H](O)[C@@H](O)[CH-][C@@H](O)Oc1ccccc1)[N+]1=[N+]=c2ccccc2=N1,-2.1057322025299072
base,Cc1ccc2c(C)nc(NC(=S)Nc3ccccc3C)nc2c1,-1.738948941230774
base,Cc1ccc2sc(CCN3CCCCCC3)cc2c1,-2.8982770442962646
base,CCN(c1ccc(OC)cc1)S(=O)(=O)c1ccc(OC)c(NC(=O)CN2CCOCC2)c1,-2.3521556854248047
base,OCCNCCOc1ccccc1,-2.519998073577881
base,COc1ccccc1CN(C)[C@H]1CC(=O)N(c2ccc([N+](=O)[O-])cc2)C1=O,-2.1825454235076904
base,NC(=O)C1=NN=[S+]/C1=[S+]\[C-]=C\C=[C-]\c1cc(C(F)(F)F)on1,-1.6945956945419312
base,[O][C](CN[C+]([O])CN1[C]([O])[C]2[C](Cl)[CH][CH][CH][C]2S1([O])[O])N[C]1[CH][CH][CH][CH][C]1N([O-])[O-],-2.004145860671997
base,CC(C)Cc1ccc(C(=O)N2CCC(C)CC2)cc1,-2.8982770442962646
base,Nc1ccc(S(=O)(=O)c2ccc(N)cc2)cc1,-2.1183104515075684
base,O=C(/C(=N\Nc1ccc(F)cc1)c1nccc2ccccc12)c1cccc2ccccc12,-2.3521556854248047
base,COc1cc(/C=N/O)cc(Br)c1OCc1cccc(C)c1,-2.998110294342041
base,CC(=O)c1ccc([C@@H]2CC(=O)N3CN(c4cccc(C)c4)CSC3=C2C#N)o1,-2.2188470363616943
base,C/C(=N\NC(=O)COc1ccccc1)c1cccs1,-2.229227304458618
base,C[C@H](OC(=O)c1ccc(Cl)nc1)C(=O)NC(C)(C)C,-2.229227304458618
base,COc1ccc(/N=C/c2c(O)c3ccccc3oc2=O)cc1OC,-3.131344795227051
base,CCN(CC)C(=O)C/[S+]=c1\nc(N)c(-c2cccs2)c([O-])[nH]1,-1.6945956945419312
base,O=C(CNC(=O)c1ccc2ccccc2c1)OCc1ccccc1,-3.131344795227051
base,O=C(c1cn(Cc2cccs2)c2ccccc12)C1CCCCC1,-3.0888755321502686
base,Clc1ccc(-n2cccn2)cc1N1CCN(Cc2ccc(Br)o2)CC1,-1.8221569061279297
base,NS(=O)(=O)c1ccc2c(c1)OCCO2,-2.59383225440979
base,COc1ccc(NC(=O)NC2CCCC2)cc1OC,-2.229227304458618
base,CN[C]1[C](N([O-])[O-])[CH][C]([C+]([O])N[N][CH][C]2[CH][C]([N+]([O])[O-])[CH][CH][C]2O)[CH][C]1[N+]([O])[O-],-1.568960189819336
base,O=C1c2cc3ccccc3cc2N[C@H](c2ccccc2)N1NS(=O)(=O)c1ccccc1,-2.3204572200775146
base,Cc1c(Br)sc2nc(CN3CCOCC3)n(CCO)c(=O)c12,-1.9781709909439087
base,O=C(N/N=C/c1sc(N2CCOCC2)nc1-c1ccc(Br)cc1)C1CCCCC1,-1.970301628112793
base,Cn1c(SCC(=O)Nc2nccs2)nc2cccnc21,-1.3788409233093262
base,CNS(=O)(=O)c1ccc(NC(C)=O)cc1C,-2.0578689575195312
base,CCOC(=O)C1(CCOC)CCN(Cc2ccccn2)CC1,-2.3754727840423584
base,c1ccc2c(c1)CCN(c1nc(NC3CCCCC3)nc3ccncc13)C2,-1.6782987117767334
base,CCN(CC)c1ccc(C(=O)O)cc1NC(=O)C(c1ccccc1)c1ccccc1,-2.6850228309631348
base,CCCc1ccc2oc(C(=O)N(CC)Cc3nccn3C)c(C)c2c1,-2.1057322025299072
base,FC(F)(F)c1ccc(Cl)c(-n2c(-c3cc(-c4ccco4)[nH]n3)n[nH]c2=S)c1,-1.6782987117767334
base,NC(=O)[C@@H](CC(=O)Nc1ccccc1F)N1CCN(C/C=C/c2ccccc2)CC1,-2.004145860671997
base,Cc1ccc(NC(=S)NCCCN2CCOCC2)cc1,-1.8830875158309937
base,CCN(CC)CC(C[c-]1[cH+][cH-][cH+][c-](O[C][O-])[cH+]1)N[C-]([O-])C[C+]1[CH+][CH-][CH+][CH-][C+]1OC,-2.6511785984039307
base,Fc1ccccc1NCCc1cn(-c2ccccc2)nc1-c1cccs1,-2.14487624168396
base,COc1ccc(C(=O)/C=C/Nc2ccc(N3CCCCC3)cc2)cc1OC,-2.5798470973968506
base,O=C(Nc1nc(-c2ccco2)c(-c2ccco2)s1)C(c1ccccc1)c1ccccc1,-2.717759132385254
base,O=C1CCCC2=C(N3CCCC3)C(=O)C(=O)C(Nc3ccccc3)=C12,-2.5030341148376465
base,O=C(O)CCSc1nc2ccccc2n1Cc1cccc(C(F)(F)F)c1,-2.54217791557312
base,O=c1[nH]oc(-c2ccc(Br)s2)c1/C=N/N1CCOCC1,-1.8830875158309937
base,O/N=C/c1ccccc1OC(F)F,-2.519998073577881
base,[CH2-]CC(=O)Nc1nc2c(s1)C(=O)SC[C@H]2CC.[H+],-2.1183104515075684
base,NC[C@H](O)c1ccc(O)c(O)c1,-2.440274477005005
base,[O][C]1[C]2[CH][CH][CH][CH][C+]2NN1[C]1[N][CH][CH][CH][C]1N([O-])[O-],-1.548350214958191
base,O=C1NC(=O)N(Cc2ccc(F)cc2)C(=O)/C1=C\NCCN1CCNCC1,-1.6782987117767334
base,N[S+2]([O-])([O-])[c-]1[cH+][c-]2[c+]([cH-][c+]1Cl)[nH][cH-][n-][s+]2[O-].[OH-],-1.7210086584091187
base,CC(C)(NNC(=O)Cc1ccc(Br)cc1)C(=O)O,-2.1753058433532715
base,CCCCN1C(=O)/C(=C\c2ccco2)C(=O)N(CCc2ccccc2)C1=O,-2.5798470973968506
base,CCC[C@H](C(=O)NC[C@@H]1CCCO1)N(C(=O)c1cc(F)c(F)cc1Cl)C1CCCCC1,-2.717759132385254
base,[O][C]([NH+][C-][N][N][C][N+]([N][CH][C-]1[CH][CH][CH][S+]1)[C](C[C]1[CH][CH][C](F)[CH][CH]1)C(F)(F)F)[C]1[CH][CH][CH]O1,-1.8786333799362183
base,[CH2+]CCC[C-]([O-])[CH+]C1[C-]2[C+](O)[c-]3[cH+][cH-][cH+][cH-][c+]3[C-]([O-])[O+]2[c+]2[cH-][cH+][c-]([S+2](N)([O-])[O-])[cH+][c-]21,-3.3540725708007812
base,O=c1c2ccccc2ncn1CCS(=O)(=O)c1ccc(-c2nn[nH]n2)cc1,-1.4976286888122559
base,Cc1cc(F)c(CN2CC[C-](n3nccc3NC(=O)CCOc3ccccc3)CC2)cc1C.[H+],-2.099304676055908
base,Cc1nn(C)c(C)c1CN,-1.192431092262268
base,[O-]N1[C][CH+][CH+][c-]2[c+]([n-][cH+]n2C[c+]2[cH-][cH+][cH-][cH+][cH-]2)[C]NC2CCCCC2O1,-1.8613009452819824
base,Cc1cc(C(=O)O)cc(S(=O)(=O)N2Cc3ccccc3C[C@H]2C(=O)NC2CC2)c1C,-2.6850228309631348
base,Nc1ccc(N)c(NC(=O)CN2CCCCC2)c1,-1.4944287538528442
base,[O-][P+](=C1C=CC(=[N+]2CCOCC2)C=C1)c1ccccc1.[c-]1cccc2ccccc12,-3.3540725708007812
base,S=C(Nc1ccc(Oc2cccnc2)cc1)NC1CCCCC1,-2.022524118423462
base,C=CCOc1ccccc1/C=N/n1c(COc2ccc(F)cc2)n[nH]c1=S,-1.898970127105713
base,CN(CC(=O)Nc1ccc(Cl)cc1)S(=O)(=O)c1cccc2cccnc12,-2.14487624168396
base,COc1cc(Nc2cccc3ccccc23)c(Cl)cc1Cl,-2.998110294342041
base,CCOc1ccccc1NC(=O)NNS(=O)(=O)c1cc(Cl)ccc1Cl,-2.1057322025299072
base,OCCCNC(=S)Nc1ccc(Nc2cccnc2)cc1,-1.6481837034225464
base,[O-]N([O-])[C]1[CH][C](Cl)[CH][CH][C]1NCCN[C]([S])N[C+]1[CH][CH][CH][CH][CH]1,-1.738948941230774
base,O=C1C[C@H](c2ccc3c(c2)OCO3)Cc2nc(NC3=NCCN3)ncc21,-1.640629529953003
base,COc1cc(OC)c(/C=C/c2ccc3c(c2)OCO3)c(C(=O)c2ccccc2)c1,-6.364750862121582
base,Brc1cc(CNCc2ccncc2)c2c(c1)OCCO2,-2.2803893089294434
base,[CH2-][CH+]CCCCCCC(C)([CH-]CCC(C)(C)O)CO,-5.9427995681762695
base,Clc1ccc(Sc2ncnc3sc4c(c23)CCN(Cc2ccccc2)C4)cc1,-2.2188470363616943
base,CCOc1cccc(CNC(=O)N[C@H](C(=O)OC)[C@@H](C)CC)c1,-2.419826030731201
base,O=[S@]([O-])(O)=C=[N+]=C1C=CC=C/C1=N\c1ccc(Cl)c(Cl)c1,-2.3290607929229736
base,O=C(Nc1cccnc1Oc1ccc2c(c1)OCCO2)c1cccc(F)c1,-2.5798470973968506
base,O=[N+]([O-])c1ccc(S(=O)(=O)N/N=C\c2ccc([N+](=O)[O-])o2)cc1,-1.738948941230774
base,COc1ccc(S(=O)(=O)N2CCCCC2)c(C)c1C,-2.8982770442962646
base,Cc1ccccc1-c1nc(C[S@+]([O-])CC(=O)NCCc2ccccc2)c(C)o1,-2.6161489486694336
base,Cc1nc(NC2CCCCC2)c2nnn(Cc3ccccc3Cl)c2n1,-1.4208155870437622
base,Fc1ccc(OC(F)F)c(/C=C/C=N/c2ccc(Cl)cc2)c1,-3.044522523880005
base,CN(C)S(=O)(=O)N1CCC(C(=O)N2CCCCC2)CC1,-1.8830875158309937
base,O=S(=O)(NCCc1ccccn1)c1ccccc1,-2.1753058433532715
base,O=S(=O)(c1cc(-c2ccccn2)ccc1Cl)N1CCC[C@@H]1c1ncc2ccccn12,-2.004145860671997
base,BrCCOCc1cccs1,-5.303304672241211
base,CCNC(=S)N(CCc1c(C)[nH]c2ccccc12)Cc1cccnc1,-1.8221569061279297
base,COc1cccc(-c2cccc(NC(=O)[C@H]3CCCO3)c2)c1,-3.044522523880005
base,CN(C)CCCN1C(=O)C(=O)/C(=C(/O)c2ccncc2)[C@@H]1c1ccco1,-2.14487624168396
base,O=S(=O)(c1ccc(Cl)cc1)N1CCN(C2CCCCCC2)CC1,-2.419826030731201
base,CC(C)P=O.[CH2-]C.[H]/[O+]=C/c1ccccc1,-5.707110404968262
base,N#C[C@@H]1OCCCN1CCOCc1ccc(F)cc1Cl,-2.2803893089294434
base,O=C(/C=C\c1ccccn1)Nc1ccc2cc(C(F)(F)F)c(=O)[nH]c2c1,-2.14487624168396
base,CC(C)[C@H]1Nc2ccc(C(=O)N3CCCC3)cc2NC1=O,-1.931758999824524
base,COc1ccccc1OC(=O)/C(=C\c1cccs1)c1ncc[nH]c1=O,-2.5030341148376465
base,CCS(=O)(=O)N1CCN(CC(=O)O)CC1,-1.9935381412506104
base,COc1cc2ncc(Br)cc2cc1C(=O)NC1CC1,-2.229227304458618
base,CCO[C-]([O-])[C+]1[CH+]N2[C-]([C+]([CH-][CH+][C-]([O-])N3CCOCC3)[C+]1[O-])C21[CH+][c+]2[cH-][cH+][cH-][cH+][c-]2[C+](O)[CH-]1,-2.780181884765625
base,[CH2-]CN(CC[c-]1[cH+][cH-][cH+][cH-][cH+]1)CC(O)COC[c+]1[cH-][cH+][c-](OC)[c+](OC)[cH-]1,-3.248896837234497
base,CCn1c(=O)c(C(=O)COC(=O)CCCc2c[nH]c3ccccc23)c(N)n(Cc2ccccc2)c1=O,-2.186189889907837
base,C=CCNC(=O)COC(=O)c1ccc(S(=O)(=O)N(C)C2CCCCC2)cc1,-2.5798470973968506
base,N#CCN(C(=O)/[C-]=c1\sc2nc3ccccc3c(=O)n2c1=O)c1ccc(O)cc1.[H+],-1.970301628112793
base,[H]/[O+]=C1/C=CC(/C=C2/C(=O)CNC2=O)=C/C1=C/c1ccccc1-c1[c-]cccc1,-3.285198450088501
base,COCC[N-]C([N-][C+](N)N[C+]([O-])[c+]1[cH-][cH+][cH-]o1)(C(F)(F)F)C(F)(F)F,-1.8221569061279297
base,Cn1c(C/[S+]=C2\N=CC=C\C2=C(/[O-])OCCN2CCOCC2)nc2ccccc21,-1.970301628112793
base,NC(N)=N/N=C/c1ccc(Cl)c([N+](=O)[O-])c1,-1.156320571899414
base,CO[c+]1[cH-][c+](N[C-]([O-])[N-]CC2CC[c+]3[n-][c+]4[c-]([c+]([O-])n3C2)[CH+][CH-][CH+][CH+]4)[cH-][cH+][c-]1OC,-2.004145860671997
base,NS(=O)(=O)c1ccc([C@@H]2CCN(CC(=O)Nc3cccc4ccccc34)C2)cc1,-2.2538769245147705
base,O=[N+]([O-])c1ccc(N2CCN(C[C@H](O)CO)CC2)nc1,-1.5995122194290161
base,COc1ccc(Cn2c(=O)cc(N)n(C)c2=O)cc1,-1.8319255113601685
base,C[C@@H]1C[C@H](O[P@@](O)(=S)c2cccc(F)c2)CC(C)(C)C1,-5.993961334228516
base,CCC(=O)O[C@]1(c2ccc(/C=C/C(C)C)cc2)CCN(C)C[C@@H]1C,-3.131344795227051
base,Nc1nnc(SCC(=O)Nc2ccc(S(N)(=O)=O)cc2)s1,-1.427512288093567
base,N#C/C(=N\Nc1ccc(F)cc1)C(=O)c1ccco1,-1.8319255113601685
base,CCn1c(SCC(C)=O)nc2[s+]c3c(c-2c1[O-])CCC3,-2.2803893089294434
base,COc1ccc(Cn2c(CCC(=O)O)nc3ccccc32)cc1,-2.419826030731201
base,O=C(O)CC[C@H](C(=O)N(Cc1ccccc1)c1ccccc1)n1cccc1,-2.5798470973968506
base,CC[C@@H](C#N)c1cc(C)c2ccccc2n1,-2.0578689575195312
base,O=C(c1nc2ccccc2[nH]1)c1sccc1-c1ccccc1,-2.3754727840423584
base,Clc1cc(Cl)cc(-c2ncc(CN/N=C/c3cccnc3)cc2Cl)c1,-1.8221569061279297
base,[H+].[H]/[C-]=C(C)/C=C(/C)C(=O)/C=C/NC1=NC[C@@](C)(CC)N1,-1.8319255113601685
base,Cc1cccc(C)c1OCC(=O)N[C@H](C)c1cccc2ccccc12,-3.172083616256714
base,COc1ccc2c(c1)[nH]c(=O)n2C(C)C,-1.9935381412506104
base,N[C-]([N-][N-][C+]([O-])O[C+]1CCCCC1)SC[C+]([O-])N[c+]1[cH-][cH+][cH-][c+]2[cH-][cH+][cH-][n-][c+]12.[H+],-1.7146004438400269
base,S=C(Nc1ccc(Cl)cc1)c1ncc[nH]1,-1.5962363481521606
base,[O-][S+]([O-])[C+]([CH-]N[c+]1[cH-][cH+][c-](F)[c+](F)[c-]1F)[S+2]([O-])([O-])[c+]1[cH-][cH+][cH-][cH+][cH-]1,-3.131344795227051
base,CCNS(=O)(=O)c1ccc2c(c1)CCN2C(=O)CCC(=O)O,-2.3754727840423584
base,CCCOc1ccc(-c2nnc(SCc3csc(C)n3)o2)cc1,-2.022524118423462
base,S=C(NCCOCCN1CCOCC1)Nc1ccc(N2CCOCC2)cc1,-1.898970127105713
base,CC(=O)c1cc(C)c2nc(SCC(=O)Nc3ccc4c(c3)OCO4)c(C)cc2c1,-2.6511785984039307
base,Fc1ccc(OCCCCN2CCOCC2)c(Cl)c1,-2.8982770442962646
base,CC(C)n1c(/N=C/c2ccccc2O)nc2ccccc21,-1.931758999824524
base,CC(/C=C/c1cccc([N+](=O)[O-])c1)=N\NS(=O)(=O)c1ccc(C)cc1,-2.1057322025299072
base,COCc1cn(C(C)(C)C)nc1-c1ccc(OC)cc1,-2.2803893089294434
base,COc1cc(C(=O)N/N=C/c2ccc3c(c2)OCO3)cc(OC)c1OC,-2.54217791557312
base,COc1nc(N(C)C)nc(N(C#N)CC(=O)Nc2ccccc2OC)n1,-1.306990146636963
base,Nn1c(SC2=NCCN2)nnc1-c1cccnc1,-0.9401180744171143
base,O=S1(=O)CC=C(CCNCc2cccs2)C1,-2.7269186973571777
base,NNC(=O)N[C@H]1CC[C@H](CNS(=O)(=O)c2ccccc2C(N)=O)CC1,-1.6014856100082397
base,O=C(Nc1ccc(NC(=O)[C@H]2CCCO2)cc1)c1cccs1,-2.3754727840423584
base,COc1cccc(CNCCc2ccccc2)c1OCc1ccccc1,-3.2112276554107666
base,O=C(Nc1cc(C(F)(F)F)ccc1O)c1cccc(Cl)c1,-2.998110294342041
base,CN(Cc1ccccn1)Cc1cn(C)nc1-c1cccc2ccccc12,-1.8613009452819824
base,COC(CC(=O)N/N=C/c1ccc([N+](=O)[O-])cc1)OC,-1.8830875158309937
base,CCOc1ccccc1NC(=O)c1cccc2c1C(=O)N(C1CCCCC1)C2,-2.6161489486694336
base,Cc1cc(C)c(S(=O)(=O)NC(=O)c2ccccc2)c(C)c1,-2.998110294342041
base,CCC(=O)c1ccc2ccccc2c1,-5.638354778289795
base,Cc1c(Cl)cc(C=O)cc1S(=O)(=O)N1CCN(c2ccccc2)CC1,-2.5030341148376465
base,S=C(Nc1ccccc1)N(Cc1nc(-c2cccs2)no1)C1CCCCC1,-1.898970127105713
base,CN(c1ccc(F)cc1)S(=O)(=O)c1ccc(S(=O)(=O)Nc2ccc(C(F)(F)F)cn2)cc1,-2.3521556854248047
base,CC[S+2]([O-])([O-])N[c-]1[cH+][cH-][cH+][c-](-[c-]2[cH+][n-][c+]3[n-][cH+][n-][c-]3[cH+]2)[cH+]1,-1.6481837034225464
base,O=C(COc1ccc(Cl)cc1)c1ccc(CCN2CCOCC2)cc1,-3.172083616256714
base,O=C(C[C@@H](CC(=O)c1cc2ccccc2o1)c1ccccc1)c1ccco1,-6.293419361114502
base,C/N=N\c1cccc(O)c1C(=O)O,-1.8509483337402344
base,O=[N+]([O-])c1ccc(N2CCN(c3nc4ccccc4s3)CC2)cc1,-1.7814180850982666
base,Cn1c(=O)c2c(ncn2CCC(=O)N2CCN(c3ccccc3)CC2)n(C)c1=O,-1.568960189819336
base,C[c-]1[cH+][c+](NC[c+]2[cH+][c-]3[cH+][c-](Cl)[cH+][cH-][c+]3[nH][c-]2[O-])n2[c+]([n-]1)[N-][N-][N-]2.[H+],-1.2271074056625366
base,COc1ccccc1NC(=S)/N=C(\N)[NH+]1ON1[O-],-1.2737574577331543
base,Cc1ccc(C)c(SCc2noc(C(=O)NC[C@@H]3CCCO3)c2C(=O)O)c1,-2.5798470973968506
base,COC/C=C\O[C@H](C)OC1=C=C(C(=O)OC)SC=C1,-5.9427995681762695
base,Brc1ccc(-c2nnc(SCc3ccccc3)o2)cc1,-2.2803893089294434
base,NC(N)=NCc1cccc(N2Cc3ccccc3C2=O)c1,-1.6481837034225464
base,COc1ccc([C@@H](CCOc2cccc(C)c2)NC(C)=O)cc1OC,-3.172083616256714
base,[O-][S+2]1([O-])[c-]2[cH+][cH-][cH+][cH-][c+]2[S+3]2([O-])([O-])CN12,-2.59383225440979
base,CC(C)N(CCN(N=O)[C@@H](Cc1ccccc1)CN(C)N=O)N=O,-1.3800767660140991
base,COc1ccc(CNCc2cccc([N+](=O)[O-])c2)cc1OC,-2.3754727840423584
base,O=C1c2ccccc2C(=O)N1CCCO,-2.662587881088257
base,O=C(OCCc1ccccc1)c1cc2ccccc2oc1=O,-6.08904504776001
base,O=C(CSc1nnc(C2CC2)n1Cc1ccccc1)N(c1ccccn1)C1CCCCC1,-1.8479089736938477
base,O=C(NCCC1=CCCCC1)[C@@H]1CCC(=O)N(C2CC2)C1,-2.3290607929229736
base,[O][C](N[N][CH][C]1[CH][CH][C]([C]2[CH][CH][C](N([O-])[O-])[CH][CH]2)O1)[C+]1[CH][CH][CH][CH][C]1O,-2.14487624168396
base,Fc1cccc(F)c1/C=N/N1CCOCC1,-2.0578689575195312
base,C/C=C(\C)C(=O)c1ccc(OCC(=O)OCCOC)cc1C,-6.08904504776001
base,CCC(=O)N1CCN=C1SCc1ccc(Cl)cc1Cl,-2.229227304458618
base,CCC[C@@](C)(O)[C@H](O)CCNC(CO)(CO)CO,-2.844355583190918
base,CO[C-]1[C][C+](C2(N[CH+][c+]3[cH-][c+]4[cH-][cH+][cH-][cH+][c-]4[nH]3)[CH+][C+](C)N[C+]([O-])C2)[C+]([C][N-2])[CH-]C1,-1.970301628112793
base,CCO[C+]([O-])C(C)C(CC(C)C)[N-][C+]([O-])[C][C+](O)[C+]1C[C][C][C][C+]1[C+]([O-])[N-][CH-]CCN1CCCCC1CC.[H+].[H+].[H+],-2.523759603500366
base,CCOCCCNc1cnn(CCCl)c(=O)c1[N+](=O)[O-],-1.5995122194290161
base,O=C(/C=C/c1ccccc1Cl)Oc1cccc2cccnc12,-3.044522523880005
base,CNC(=S)N1CCN(c2ccccn2)CC1,-1.3769919872283936
base,COc1cc2cc3c(ccn3-c3ccccc3)cc2nc1C,-2.3754727840423584
base,[H+].[N-2][C]N[C+]([N-][C+]1[CH+][CH+][C-](N2CCOCC2)[CH+][CH-]1)N[C+]([O-])[c+]1[cH-][cH+][cH-]n1CC[CH+][CH-][c+]1[cH-][cH+][cH-][cH+][cH-]1,-1.756717324256897
base,COC(=O)C[C@@H]1C(C)(C)C(=O)C(C)=C[C@@]1(C)C(=O)OC,-5.993961334228516
base,CC1=C/C(=C(/[O-])N[C@H]2CC(C)(C)Cc3c2cnn3-c2ccccc2)C=[S+]1,-2.14487624168396
base,COc1ccc(S(=O)(=O)Nc2cc(CC(=O)O)ccc2OC)cc1,-3.131344795227051
base,O=C1CC[C@H](C(=O)N2CCN(c3ccccc3)CC2)CN1CC1CCCCC1,-2.2188470363616943
base,CC(=O)Nc1ccc(NC(=O)COc2ccc(Br)c(C)c2)cc1,-2.419826030731201
base,[CH2+]C[C@H](C[N+]1=CC[C-](C(C)(C)C)CC1)c1ccccc1[C@H]1C2=C([O-])NC(=S)N[C@]21[O-].[H+],-2.2877211570739746
base,CO[c-]1[cH+][cH-][c+](CS[c-]2[n-][c+]3n([c+]2S[c-]2[cH+][cH-][c+](C)[cH-][cH+]2)[C+](C)[N-][C+](N)[C]3)[cH-][c+]1Cl,-2.004145860671997
base,O=C(CN(C(=O)[C@H]1C[S+]=C([O-])C1)c1ccccc1)NCc1ccc2c(c1)OCO2,-2.6511785984039307
base,CC(C)CC[C@H](NC(=O)CCc1ccc2c(c1)OCO2)C(=O)O,-3.0888755321502686
base,COc1ccc(C)cc1OCC(=O)Nc1ccccc1C(=O)N1CCOCC1,-2.6161489486694336
base,COc1ccccc1N(CC(=O)NC1CCCCC1)C(=O)c1ccc(C)o1,-2.5798470973968506
base,CCO[C@H]1OC(C(N)=O)=C[C@@H](C2CC2)[C@@H]1CCCO,-2.8982770442962646
base,O=C(CCCNc1nnnn1Cc1ccc(F)cc1)N1CCC(O)(c2cccc(F)c2)CC1,-1.6979632377624512
base,COc1ccc2cc(/C=C/C(=O)O)c(-c3ccccc3)nc2c1,-3.0888755321502686
base,N#CN/C(=N\c1cccc(C(F)(F)F)c1)SCc1ccccc1C(=O)O,-2.14487624168396
base,Cc1coc(/C=C/C(=O)NC(C)(C)C)c1O,-2.7269186973571777
base,CC(C)Nc1c(O)c(-c2cccs2)nc2ccccc12,-2.2803893089294434
base,O=C(Nc1nnc([C@]23C[C@H]4C[C@H](C[C@H](C4)C2)C3)s1)c1ccccc1F,-2.1057322025299072
base,CCCOc1ccc(/C=N/N(CCC#N)C(N)=S)cc1,-1.5995122194290161
base,Cc1cc(C)cc(N(CC(=O)Nc2ccccc2)S(=O)(=O)c2c(C)noc2C)c1,-2.2538769245147705
base,COC(CC(=O)N[C@H](CO)C(C)C)OC,-2.662587881088257
base,COc1ccc(Cl)cc1C(=O)N1CCN(c2ccccn2)CC1,-2.022524118423462
base,COc1ccc(N2CCN(c3cccc4c(=O)c(-c5ccc(F)cc5)c(C)oc34)CC2)cc1,-2.780181884765625
base,Cc1nc2ccc(S(=O)(=O)N[C@H](C(=O)Nc3nc(C(C)(C)C)cs3)C(C)C)cc2o1,-2.004145860671997
base,CCOP(=S)(NC)NC,-1.4849249124526978
base,[N][C][C]([CH+][NH])[N]N[C]1[CH][CH][C](F)[CH][C]1N([O-])[O-],-1.2167619466781616
base,Cc1ccc(S(=O)(=O)Nc2cccc(CN(C)CCCc3ccccc3)c2C)cc1,-2.6850228309631348
base,COCCNC(=O)/C1=C/c2cccc(c2)C(=O)N[C-]2C=CC=C/C2=C(\O)O[N+]#C1,-2.2538769245147705
base,O=C1NCCC[C@@H]1C(=O)N1CCN(Cc2ccccc2)CC1,-1.9781709909439087
base,O=[N+]([O-])c1ccccc1Nc1ccc(S(=O)(=O)Nc2nccs2)cc1,-1.8221569061279297
base,CC(=O)Nc1cccnc1Oc1ccc2c3c(c(=O)oc2c1)CCC3,-2.5030341148376465
base,CN(C)C/C=C1/SC(=O)N(CCN2CCOCC2)C1=O,-1.8830875158309937
base,NC1=N[CH-]C(c2ccc(Cl)cc2)=C2Cc3oc(C4CC4)nc3-c3ccc[s+]3N12,-1.9352717399597168
base,O=C(Oc1ccc(Br)cc1C(=O)c1ccccc1C(=O)O)c1ccco1,-6.2557501792907715
base,O=C(c1ccc(F)cc1)[C@@H](c1ccc2ccccc2c1O)N1CCCCC1,-3.248896837234497
base,C[C@@H](O)CN1CCCN(c2oc(Cc3ccccc3)nc2C#N)CC1,-1.8221569061279297
base,CC#CC[C@H](C[C@@H](C)O)c1n[nH]c(=S)n1-c1ccccc1,-1.931758999824524
base,CCC(=O)n1nc(-c2ccccc2)nc1NCc1ccc(F)cc1,-1.7814180850982666
base,CC(=O)c1ccc(Oc2cccc([C@H]3NC(=O)c4ccccc4O3)c2)c(C)c1O,-3.320228338241577
base,FC(F)Cc1nccn1C(c1ccccc1)c1ccccc1,-2.3754727840423584
base,OCc1ccc(COc2ccccc2-c2ccccc2O)cc1,-6.133398056030273
base,Cc1cc(C=O)cc(C)c1O,-5.398162841796875
base,Cl[c-]1[cH+][cH-][cH+][cH-][c+]1CON1[CH-][c+]2[cH-][cH+][cH-]n2CC([c+]2[cH-][cH+][c-](Br)[cH+][cH-]2)C1,-2.54217791557312
base,CN(Cc1ccccc1NS(=O)(=O)c1c[c-]c(/[O+]=[C-]\C=C2/N=CC=[O+]2)c2ccccc12)C1CCCCC1,-2.497126817703247
base,O=C(NC[C@H]1CCCO1)Nc1ccccc1C(=O)NCc1cccnc1,-1.8613009452819824
base,O=C(CN1CCN(CCCC2CCCC2)CC1)c1ccc2cc[nH]c2c1,-2.14487624168396
base,NC(=O)NCC(=O)N[C@H](CCC(=O)O)C(=O)O,-1.7210086584091187
base,S=C(NCCCN1CCCCCC1)N1C=CC=CC1,-1.8319255113601685
base,[O-][S@@+](CCCCC(F)(F)F)c1cccs1,-5.707110404968262
base,[CH2-][C@](CS(=O)(=O)Cc1ccc(C)cc1)(Oc1ccccc1Cl)C(=O)/[NH+]=C\c1cc2ccc(C)cc2[nH]c1=O,-2.9210612773895264
base,[H]/N=c1\n(C)c2ccccc2n1CC(=O)c1ccc(Br)s1,-1.8830875158309937
base,CN1C(=O)C(=C(NCCN2CCNCC2)c2ccccc2)C(=O)N(C)C1=O,-1.6782987117767334
base,O[C@@H](CN1CCCCC1)CN1CCNCC1,-1.660567283630371
base,O=S(=O)(c1cc(Cl)sc1Cl)N1CC=C(c2ccccc2)CC1,-3.044522523880005
base,CCOc1ccccc1O[C@@H]1CN(c2ccc(F)cc2)C(=O)c2ccccc21,-3.285198450088501
base,O=C1C=C(NCc2cccnc2)C2(CCCCC2)O1,-2.229227304458618
base,COc1ccc(C(=O)/C=C/N2CCOCC2)cc1F,-2.8982770442962646
base,S=C(Nc1ccccc1)N1CCN(C/C=C/c2ccccc2)CC1,-2.064993381500244
base,CCOc1cccc(C(=O)NCCCNc2ccc(S(=O)(=O)N3CCCC3)cc2)c1,-2.2877211570739746
base,O=C(CSc1nnc(-c2ccc3ncccc3c2)o1)c1cc(F)cc(Br)c1O,-2.2188470363616943
base,CCCC(=O)N[C@@H](Nc1cccc(C(F)(F)F)c1)C(Cl)(Cl)Cl,-2.3754727840423584
base,Cc1ccc2c(c1)nnn2C1CCN(CC(=O)Nc2ccccc2F)CC1,-1.6782987117767334
base,CN1CCN([C]2[CH][CH][C](N([O-])[O-])[C]([C+]3[CH][C]4[CH][CH][CH][CH][C]4O3)[CH]2)CC1,-2.1057322025299072
base,Nn1c(SCC(=O)Nc2ccc3c(c2)OCCCO3)nc2c(c1=O)CCCC2,-1.9352717399597168
base,CC1C[N-][C+](N(N2CCOCC2)P(C)[O-])S1,-1.660567283630371
base,CN(C[C]([O])N[C]1[CH][CH][CH][CH][C]1N([O-])[O-])C[C+]([O])N[C]1S[C]2CCCCC[C]2[C]1[C][N],-1.8162105083465576
base,CCN(CC)S(=O)(=O)c1ccc(NC(=O)c2cccnc2)cc1C,-2.064993381500244
base,COC(=O)/C(=C/c1cnc[nH]1)C(=O)/C=C\c1ccccc1,-2.3290607929229736
base,COc1ccc(Cl)cc1C(=O)NCCN(CCc1ccco1)Cc1ccccn1,-2.2538769245147705
base,CCN(c1ccccc1OC)S(=O)(=O)c1ccc(-c2cc(SCC(=O)O)n[nH]2)s1,-2.2538769245147705
base,[O-][c+]1[cH-][cH+][c-]([C+]([C+]2[C][C][C][CH+]C23[c-]2o[o+]23)C2[CH+][CH-][CH+][CH-][CH+]2)o1,-6.08904504776001
base,O=C1C/C(=C(/c2ccccc2)c2cccc3ccccc23)C(=O)N1,-3.131344795227051
base,O=c1c(NC[C@H]2CC[C@@H](C(=O)OCc3ccccc3)CC2)c(N2CCCCC2)c1=O,-2.6850228309631348
base,N[C@@H](CCNCc1ccc(Cl)cc1)C(=O)NC1CCCCC1,-1.9781709909439087
base,COc1ccccc1-n1c(=O)[nH]c2cc(C(=O)O)ccc2c1=O,-2.419826030731201
base,COc1ccc2nc(C)cc(/N=C/c3cn([C@@H](CC(C)C)OC)c(=O)[nH]c3=O)c2c1,-2.004145860671997
base,CCOC(=O)N[C@@H](O)C(=O)c1cccs1,-2.662587881088257
base,O=C(CN(c1ccc(Cl)c(F)c1)S(=O)(=O)c1ccccc1)N1CCc2ccccc2C1,-2.717759132385254
base,OCc1ccc2[nH]c3c(c2c1)CCCC3,-2.662587881088257
base,N#Cc1c(-c2ccc(F)cc2)[nH]c(=S)n1N,-1.3769919872283936
base,CN(CC(=O)Nc1ccccc1Cl)C1CCCCC1,-2.229227304458618
base,S=C(c1ccccc1)N1CCOC1,-2.519998073577881
base,N[C]1[N][C](N[C+]2[CH][CH][CH][CH][CH]2)[N][C](NCCO)[C]1N([O-])[O-],-1.2468422651290894
base,O=C(NCCc1cccc(Cl)c1)Nc1ccccc1Cl,-2.2803893089294434
base,COc1ccccc1OC[C@H](O)COc1ccc(NC(=O)/C=C/C(=O)O)cc1,-3.285198450088501
base,COc1ccc(-c2ccc(CNCCO)cc2OC)cc1,-2.998110294342041
base,Cc1ccc(C)c(NC(=S)N2CCN(c3cccc(OCCN(C)C)c3)CC2)c1,-1.970301628112793
base,CCC[C@@](C)(O)C(=O)NCCNCc1cc(OC)c(OC)c(OC)c1,-2.5030341148376465
base,Cn1nnc(-c2cccs2)n1,-1.0037134885787964
base,CCC(=O)Nc1cc2c(cc1C(C)=O)OCCO2,-2.844355583190918
base,NC(=O)Nc1ccc(/N=C/c2coc3ccccc3c2=O)cc1,-2.022524118423462
base,CN1CCN(NC(=O)c2ccc(Cl)c3ccccc23)CC1,-1.931758999824524
base,CC[C@@H](CNCc1ccc(OC)cc1)N(C)[C@@H]1CCCN(Cc2ccc(OC)cc2F)C1,-2.3521556854248047
base,CCNC(=S)N1CCN(CCn2ccc(=O)[nH]c2=O)CC1,-1.427512288093567
base,Cc1cc(C)n(-c2nc(N3CCN(C)CC3)c3ccccc3n2)n1,-1.3800767660140991
base,Nc1ccccc1C(=O)OCC(=O)Nc1ccc(Br)cc1,-2.3290607929229736
base,O=C1OCC[C@H]1Sc1nc(Cc2ccccc2)nc2ccccc12,-2.4622952938079834
base,FC(F)(F)c1cc(-c2ccccc2)nc(NC2CCCC2)n1,-1.9781709909439087
base,O=C(Nc1c(C2CC2)oc2ccccc2c1=O)C(Cl)(Cl)Cl,-2.998110294342041
base,O=C1C(NS(=O)(=O)c2ccccc2)=C(N2CCN(c3ccccc3)CC2)C(=O)c2ccccc21,-2.4126884937286377
base,O=C(NNC(=O)[C@@](O)(c1ccccc1)c1cccs1)c1ccc(Br)cc1,-2.54217791557312
base,O=C(COc1ccc(S(=O)(=O)N2CCOCC2)cc1Cl)N1CCCCC1,-2.54217791557312
base,N[C+]([N-][CH+][c+]1[cH-][cH+][c-]2[nH][cH+][cH-][c+]2[cH-]1)N([O-])[O-],-1.3769919872283936
base,CCn1cc(C(=O)Nc2cc(OC)ccc2OC)c(=O)c2cc(S(=O)(=O)N3CCOCC3)ccc21,-2.441633939743042
base,Nc1ccc([N+](=O)[O-])cc1CN[C@H]1CC[C@H](O)CC1,-1.8319255113601685
base,C/C(=N\OC(=O)c1ccccc1F)c1nccs1,-2.1753058433532715
base,O=S(=O)(c1ccc(F)cc1)N1CCc2ccccc21,-2.8982770442962646
base,O=C(c1ccccc1)c1ccc(N2CCCC2)cc1,-2.8982770442962646
base,O=S(=O)(NC[C@H](Nc1cccc(F)c1)c1cccnc1)c1cccs1,-2.1057322025299072
base,CO[C-]1[CH+][CH-]N(C(Cl)[C+]([O-])[c+]2[cH-][nH][c+]3[cH-][cH+][c-](Br)[cH+][c-]23)[CH+][CH-]1,-2.3754727840423584
base,Nc1ccccc1C(=O)OCC(=O)c1cccs1,-2.844355583190918
base,C[c-]1[cH+][cH-][c+]([C+](CN(C)[O-])[N-]N[C+](N)[S-])[cH-][cH+]1,-1.4374333620071411
base,CN(Cc1ccccc1)c1nc(N)nc(Cl)c1C=O,-1.548350214958191
base,COc1ccc(/C=C2\CCCCC2=O)cc1CN(C)C,-2.94943904876709
base,N#Cc1cc(F)cc(CN(C([O-])=C=[N+]2CCCCC2)C2CC2)c1,-2.022524118423462
base,CCNC(=O)C1=CC(=[N+]([O-])[O-])/C(=[S+]/[C@@H](C)C(=O)NCc2cccnc2)C=C1,-1.898970127105713
base,O=S(=O)(N[C@H]1CCSC1)c1ccc(Sc2ccccc2)cc1,-3.044522523880005
base,COc1ccccc1OCC(=O)SCc1csc(N)n1,-2.2803893089294434
base,NC(=O)C1CCN(Cc2cc(Br)ccc2-n2nnc3ccccc32)CC1,-1.640629529953003
base,COc1ccc2c(c1OC)C(=O)N1[C@H]2SC(C)(C)[C@H]1C(=O)NCc1ccccc1,-2.6511785984039307
base,Cc1ccccc1NC(=O)CCN1C[C@@H](C)O[C@@H](C)C1,-2.2803893089294434
base,CCO/N=C(\C)Cn1cc2c(=O)[nH]c(=O)[nH]c2cc1=O,-1.5995122194290161
base,CCS(=O)(=O)C[C@@H](SC)n1ccnc1,-1.924782633781433
base,COc1ccc(N(CC(=O)Nc2ccc3ccccc3c2)S(C)(=O)=O)cc1OC,-2.6511785984039307
base,COc1ccc(/C=N/NC(=O)c2cccs2)cc1C(=O)N1CCCC1,-2.1057322025299072
base,[CH2-]CC[C@@H]1C[C@]2(C(=O)NC)CCCN2/C1=C1/C=c2ccccc2=[O+]C1=O,-2.54217791557312
base,OC1(c2ccccc2)CCN(c2ccccc2)CC1,-2.8982770442962646
base,NCC[C@@H](N)c1coc2ccccc2c1=O,-2.0578689575195312
base,CCCCS(=O)(=O)CCCO[C@@H](CC)OCC,-5.831882476806641
base,[CH+]1C[CH-][O+]([N-]N2CCOCC2)CN1[c-]1[cH+][cH-][cH+][c-]2[cH+][cH-][cH+][cH-][c+]12.[H+].[H+],-2.022524118423462
base,O=C(NCC1=C[C+](CN[C][O-])=CC=C1)c1ccccc1CCCC#Cc1cccc(NC(=O)C2CC2)c1O,-2.523759603500366
base,O=C(NOCc1ccccc1)c1cnn2c(C(F)F)cc(C3CC3)nc12,-1.8613009452819824
base,CCOC1=C=[N+]2C(=O)c3ccccc3N=C2C[C@]([O-])(Oc2nc3ccccc3n2C)O1,-2.036881923675537
base,CS/C(=N\Cc1ccco1)NC#N,-1.4536465406417847
base,COc1ccc(C(=O)C/[S+]=c2\nc3cccc[c-]3n2CC(=O)N/C=C2\[CH-]C=CC=N2)c(C)c1.[H+],-2.099304676055908
base,Cc1c(C(=O)OCC(=O)Nc2ccccc2C(=O)O)c2c(n1N1CCOCC1)CCCO2,-2.3521556854248047
base,COC(C[C@@H]1O[C@@H]1[C@H](O)COCc1ccccc1)OC,-5.993961334228516
base,NC(=O)c1ccc(NC(=O)COC(=O)CC2=[S+]C(=[S@@](=O)([O-])N3CCCCC3)C=C2)cc1,-2.3204572200775146
base,COC(=O)c1c(-c2ccccc2)csc1NC(=O)c1ccc(S(=O)(=O)N2CCOCC2)cc1,-2.780181884765625
base,O=C(Nc1c(C(=O)N2CCN(c3ccccn3)CC2)oc2ccccc12)c1ccc(NS(=O)(=O)c2ccccc2)cc1,-2.1194710731506348
base,COC(=O)[C@@](O)(c1c[nH]c2ccc(O)cc12)C(F)(F)F,-2.94943904876709
base,CC(=O)c1sc2nc(C)cc(C)c2c1N,-1.9935381412506104
base,O=C(CCCl)N(Cc1cccnc1)Cc1cccs1,-2.229227304458618
base,[O-]C(O)=C1C=CC(=[S+]c2ncccc2/C(Cc2ccccc2)=N/O)C=C1,-2.54217791557312
base,COc1cc(S(=O)(=O)N2CCOCC2)ccc1/N=C\c1c(C)[nH]n(-c2ccccc2)c1=O,-2.068580389022827
base,CN(C)S(=O)(=O)c1ccccc1C#C/[C-]=C/C=C\[C][C+](=O)O,-3.044522523880005
base,NNC(=O)CN1C(=O)c2ccccc2C1=O,-1.660567283630371
base,O=C1/C(=C/NN2CCCC[C@@H]2c2cccnc2)C(=S)NN1c1ccccc1,-1.6782987117767334
base,COCCn1ccnc1CN1CCC[C@H](CNC(=O)C(c2ccccc2)c2ccccc2)C1,-2.099304676055908
base,COc1ccc2c(c1)/C(=N/N=C(N)N)c1ccccc1-2,-1.5995122194290161
base,CNCC(=O)N1CCN(c2ccc([N+](=O)[O-])cc2Cl)CC1,-1.6481837034225464
base,[H+].[H+].[O][C]1C[CH-]CCC1[C-][CH+][CH-][O-],-5.398162841796875
base,Cc1[nH]nc(C(=O)O)c1C,-1.5897328853607178
base,O=[N+]([O-])c1cccc(OCc2cn(CCCc3ccccc3)nn2)c1,-1.8221569061279297
base,[H]/N=C1/C(c2nc3ccccc3n2C)=C(O)CN1NC(=O)c1cc(OC)cc(OC)c1,-1.7834744453430176
base,Clc1ccc(-c2nc(Cc3ccccc3Cl)no2)cc1,-2.2803893089294434
base,O=C1ON=C(c2ccccc2)/C1=C/c1ccc(O)cc1,-2.94943904876709
base,NS(=O)(=O)c1ccc(NC(=O)CCC(=O)c2ccccc2)cc1,-2.419826030731201
base,O=S(=O)(NCc1nc2ccccc2[nH]1)c1cccs1,-1.8319255113601685
base,CCOC(CNC(=O)c1cc2cc(Br)ccc2oc1=O)OCC,-3.0888755321502686
base,CCNC(=O)COC(=O)c1cc(-c2ccc(C)s2)nc2ccccc12,-2.5030341148376465
base,CC(=O)c1nn(-c2ccc3c(c2)OCO3)cc1C(=O)N1CCOCC1,-2.1057322025299072
base,COc1ccc(CCNC(=O)CCCN2C(=O)[C@@H](c3ccccc3)Oc3cccnc32)cc1OC,-2.441633939743042
base,CCOc1cccc(OCCNCc2ccccc2)c1,-2.94943904876709
base,[O][C](CN[C]([O])[C]1[CH][CH][CH]O1)OC[C]([O])[C]1[CH][CH][C](N([O-])[O-])[C](CC[C+]2[CH][CH][CH][CH][CH]2)[CH]1,-2.749457359313965
base,[H+].[O-]C1(C2CCCCC2)[C+]2[N-][C+]3[CH-][CH+][CH-][C][C+]3SC21,-2.844355583190918
base,COc1ccccc1NC(=O)n1cc(S(=O)(=O)CC(=O)NCCS(C)(=O)=O)c2ccccc21,-2.3828799724578857
base,Cc1ccc(NC(=S)NC(=O)c2cc(C)ccc2C)nc1,-1.931758999824524
base,NS(=O)(=O)c1ccc(CCNC(=O)[C@H]2CCCO2)cc1,-2.2803893089294434
base,N#Cc1ccc2ccccc2n1,-1.771224856376648
base,Cn1c(=O)n(CCN2CCOCC2)c(=O)c2c1nc1n2CCN1Cc1ccccc1,-1.60280442237854
base,Cn1cc(CC(=O)NCc2ccccc2)c2ccccc21,-2.3290607929229736
base,Nn1cc(-c2ccccc2)nc1SCC(=O)Nc1ccc2c(c1)OCO2,-1.8613009452819824
base,CC[C@H](C(=O)N1CCC[C@@H]1C(N)=O)N(CCOC)C(=O)CNS(=O)(=O)c1ccc(Cl)cc1,-2.068580389022827
base,Cc1ccc(C(=O)OCCc2c(C)[nH]n(-c3ccccc3)c2=O)cc1,-2.5030341148376465
base,CO[c-]1[c+]2[c-]([n-][c+]3[cH+][cH-][cH+][cH-][c+]31)OCC(CN)C[CH-]2,-2.229227304458618
base,CC[C@H](C)[C@@H](NC(=O)c1ccc(C)cc1)C(=O)NC1CCCC1,-2.419826030731201
base,COc1ccc(/C=N/Nc2ccccn2)cc1OCc1ccccc1,-2.1057322025299072
base,CCOc1ccc(N2C(=O)C[C@H](SCCN)C2=O)cc1,-2.2803893089294434
base,COc1ccccc1CC(=O)Nc1cc(NC(=O)Cn2ncc3ccccc32)ccc1OC,-2.099304676055908
base,CCCCCCN/C=C1/C(=O)NC(=O)N(Cc2ccco2)C1=O,-2.022524118423462
base,O=C(O)c1cc(Cl)ccc1C1CCCC1,-5.707110404968262
base,S=C(NNc1ccc(Cl)cc1)NC1CCCCC1,-1.7780040502548218
base,Cn1c(=O)c2[nH]c(CNc3ccccc3C(=O)OCC(=O)Nc3ccccc3)nc2n(C)c1=O,-1.7277717590332031
base,O=C(NCCc1ccccn1)[C@@H]1CC(c2cccc([N+](=O)[O-])c2)=NO1,-1.8221569061279297
base,[O][C](NCC[C]1[N][C]2[CH][CH][CH][CH][C]2N1C[C]1[CH][CH][C](N([O-])[O-])[CH][CH]1)[C+]1[CH][CH][CH][C](N2CCOCC2)[CH]1,-1.965518593788147
base,O=C(N[C@@H](C(=O)O)c1ccc(OC(F)(F)F)cc1)c1ccc(Cl)c([N+](=O)[O-])c1,-2.6161489486694336
base,COc1cc(OC)c(NS(=O)(=O)c2ccc(C)cc2)cc1Cl,-3.044522523880005
base,COc1cc(C(c2c(C)[nH][nH]c2=O)c2c(C)[nH][nH]c2=O)cc(OC)c1OC,-1.898970127105713
base,Cl/[C-]=C/c1[nH]c(C2CCNCC2)n[o+]1,-1.5274808406829834
base,COc1ccc(/C=C/C(=O)NC(C)C)cc1S(=O)(=O)n1nc(C)cc1C,-2.14487624168396
base,S=c1[nH]nc(N/N=C/c2ccco2)s1,-1.2439055442810059
base,N#Cc1cn(NC(=O)c2ccc([N+](=O)[O-])cc2)c2nc3ccccc3nc12,-1.4976286888122559
base,C1=CC(=CN[N-]N2CC[N+](=C3c4ccccc4-c4ccccc43)CC2)C=C[CH-]1.[H+],-1.9352717399597168
base,COc1ccc(NCC(=O)N/N=C/c2ccc(-c3ccc(F)cc3)o2)cc1,-2.1825454235076904
base,COCc1cc(=O)[nH]c(N2CCN(C(=O)c3ccc(F)cc3F)CC2)n1,-1.8613009452819824
base,NC(=O)C[C@@H](NC(=O)c1ccccc1)c1ccc(NCc2ccccc2)c([N+](=O)[O-])c1,-2.036881923675537
base,NS(=O)(=O)c1ccccc1NC(=S)Nc1ccc(F)cc1,-1.931758999824524
base,O/N=C/C[C@H]1C=NN(c2ccc(Br)cc2)C1,-1.660567283630371
base,O=C1/C(=C/c2cnc3n(c2=O)CCS3)Oc2ccccc21,-2.3290607929229736
base,CCCN(CCc1ccc(F)cc1)Cc1ccccc1,-2.94943904876709
base,[CH2-][c+]1[cH-][cH+][c-](C2CCCN([C+]([O-])[CH+][C-]3NC([c+]4[cH-][cH+][cH-]s4)N[C+]3[O-])C2)[cH+][cH-]1,-2.1825454235076904
base,CCOc1cc([N+](=O)[O-])ccc1NCC(=O)c1ccccc1,-2.3754727840423584
base,Fc1ccc(NC(=S)N2CCN(C(=S)NC3CC3)CC2)cc1,-1.6945956945419312
base,CCOCC#C[C@@H](O)CC/C(C)=N/O,-2.59383225440979
base,COc1ccc2nc3c(cc2c1)=C(N)/C(=C(\[O-])Nc1ccccc1)[S+]=3,-2.1057322025299072
base,CC[C@H]1CCCCN1C(=O)COC(=O)c1cc(N)cc(C(=O)c2ccc(F)cc2)c1,-2.6850228309631348
base,Cc1ccc2c(C)ccc(S(=O)(=O)Nc3onc(C)c3C)c2n1,-2.022524118423462
base,COCCn1c(SCC(=O)c2ccc3ccccc3c2)nc2[s+]c(C)c(C)c-2c1[O-],-2.6850228309631348
base,O=C(C1=C(O)C(=O)N(CCN2CCOCC2)[C@H]1c1ccc(Cc2cccnc2)cc1)c1cccs1,-2.441633939743042
base,O=C(CNc1cccc(C(=O)O)c1)NCc1cccs1,-2.2803893089294434
base,O=C(c1cc2cc3ccc(Cl)cc3nc2o1)N1CCC[C@@H]1CO,-2.419826030731201
base,C[N-][C+]([O-])[C+]1[CH-][CH+][C][c+]2[nH][cH-][n-][c+]21.[C-3][CH+][C+]1[CH+][CH+][CH+][CH+][C+]1[CH2-].[CH-3].[H+].[H+].[H+],-2.022524118423462
base,Cc1cc(=O)[nH]c(N/N=C/C=C/c2ccccc2)n1,-1.548350214958191
base,CCOc1ccc(-n2c(=O)[nH]cc(C(=O)N(C)C)c2=O)cc1,-1.9781709909439087
base,COc1cccc(C)c1O[P@](C)(=O)N1CCOCC1,-2.8982770442962646
base,COc1cc(C(=O)NCCc2ccccc2)cc(OC)c1OC,-3.0888755321502686
base,F[c+]1[cH-][cH+][c-]2[c+]([cH-]1)C[CH-][NH+](CCO[c+]1[cH-][cH+][cH-][cH+][c-]1Br)[CH-]2,-2.998110294342041
base,Cn1c(=O)c2c(nc(NCc3ccco3)n2CCSc2nc3ccccc3o2)n(C)c1=O,-1.6672389507293701
base,Cc1nc2c(nnn2-c2ccccc2Cl)c(=O)n1-c1ccccc1,-1.5607467889785767
base,C[C@@H](OC(=O)C1CCCCC1)C(=O)NCc1ccc(N(C)C)cc1,-2.4622952938079834
base,CCCC(=O)N(C[C@H](C)CC)c1nc(C)cc(C)n1,-1.8319255113601685
base,COc1cc(OC)c([C@H](O)CNCCN2CCOCC2)cc1OC,-2.4622952938079834
base,O=[P@](c1ccccc1)(c1cccc(F)c1)c1nc(-c2ccc(Cl)cc2)oc1N1CCOCC1,-2.780181884765625
base,COc1ccc(N(CC(=O)NCCSc2ccc(Cl)cc2)S(=O)(=O)c2ccccc2)cc1,-2.749457359313965
base,O=C(CN1CCOCC1)c1cccnc1,-1.9935381412506104
base,CCCN(CC)C[C@H]1N2[C-]=[N+]3C(=C4C=C(OC)[CH-]C=C4O/C3=C/C(C)=O)[O+]12,-2.1825454235076904
base,N#Cc1ccc(OCc2ccc(C(=O)NN)o2)cc1,-1.8319255113601685
base,Cn1c(=O)c2ccc(S(=O)(=O)NCCc3ccccc3)cc2n(C)c1=O,-2.14487624168396
base,CCCc1cc(=O)oc2cc(Cl)cc(OCC(=O)Nc3ccc(CN4CCOCC4)cc3)c12,-2.780181884765625
base,Nc1ccccc1NC(=O)COc1ccc2c(c1)OCO2,-2.3290607929229736
base,O=C(c1ccco1)n1nc(-c2cccnc2)nc1NCc1ccc(F)cc1,-1.6782987117767334
base,COCCn1c(=O)c2c(nc3n2C[C@H](C)CN3Cc2ccccc2Cl)n(C)c1=O,-1.7496302127838135
base,N/C(=N/N[C@H]1CCS(=O)(=O)C1)c1ccc(Br)cc1,-1.7780040502548218
base,Brc1ccc(-c2nnc(-c3cccs3)o2)cc1,-2.1183104515075684
base,Fc1ccc(CNCCCSc2ncccn2)cc1Cl,-1.8830875158309937
base,O=[N+]([O-])c1ccc(Cl)c(-c2ccc(/C=N\c3c(-c4ccccc4)nc4ccccn34)o2)c1,-2.068580389022827
base,COC(=O)C1CCN(c2ccc([N-]/[NH+]=C(\C)c3ccccc3)cc2)CC1,-2.14487624168396
base,Br[c+]1[cH-][cH+][cH-][c+](CCS[CH+][C+]2[N-][C-]([c+]3[cH-][cH+][c-](Br)[cH+][cH-]3)[N-]O2)[cH-]1,-2.419826030731201
base,N[C]([O])[C]1[C](N([O-])[O-])[C]([C+]2[CH][CH][CH]O2)[N]N1[C]1[CH][CH][CH][CH][C]1Cl,-1.738948941230774
base,Fc1ccc(-c2cc(CSc3ccc(Cl)cc3)no2)cc1,-2.998110294342041
base,O=C1c2ccccc2C(=O)N1/N=C\c1ccoc1,-2.1753058433532715
base,CCSc1nnc2c(Cl)cc(Cl)cn12,-1.5274808406829834
base,CCOC(=O)CCCNC(=O)CCCc1cc(-c2ccc(OCC)cc2)on1,-2.6161489486694336
base,COc1cc2c(C(F)(F)F)c(C(C)=O)ccc2[nH]1,-2.844355583190918
base,N#CCc1ccc([C@@H](C[N+](=O)[O-])c2ccc(F)cc2)cc1,-2.3290607929229736
base,O=C1c2ccccc2C(=O)N1CSc1nnc(-c2ccco2)n1C[C@H]1CCCO1,-1.970301628112793
base,O=[N+]([O-])c1c(C(Cl)Cl)nn(-c2cccc3ccccc23)c1N1CCC2(CC1)OCCO2,-2.036881923675537
base,Cc1nc(N2CCOCC2)nc(C)c1C(=O)N1CCN(c2ccccc2F)CC1,-1.7496302127838135
base,S=C(NNC(=S)NC1CCCCC1)Nc1ccccc1,-1.5995122194290161
base,N#CCC(=O)c1ccccc1N1CCOCC1,-2.1183104515075684
base,O=C(O)[C@H]1CCCC[C@@H]1C(=O)NCc1ccccc1,-2.8982770442962646
base,COc1cc(-c2nc3ccccc3c(=O)n2N)ccc1OCCO,-2.064993381500244
base,COc1ccccc1-c1n[nH]c(=S)n1Cc1ccco1,-1.8830875158309937
base,CC(=O)N1c2ccc(S(=O)(=O)NCC3CCCCC3)cc2C[C@@H]1C,-2.4622952938079834
base,Nc1ccc(F)c(-c2ccc(CC(=O)NCCN3CCOCC3)s2)c1,-2.1057322025299072
base,CC1=C(C(=O)OC(C)C)[C@H](c2ccc(OC(F)F)cc2)NC(=O)N1,-2.4622952938079834
base,C[C@H](OC(=O)Cc1ccccc1)C(=O)N1CCC[C@@H]1CO,-2.998110294342041
base,O=C(NC(=S)Nc1nccs1)c1cccs1,-1.660567283630371
base,S=C(Nc1ccc(Br)cc1)N1CCN(C(=S)N2CCCCC2)CC1,-1.7814180850982666
base,O=C(/C=C/c1cccc2ccccc12)Nc1nccs1,-2.2803893089294434
base,O=C(OCNc1nc(-c2ccccc2)c(C(=O)O)s1)c1ccc(Cl)cc1,-2.54217791557312
base,S=C(NCc1nc2ccccc2n1Cc1ccc(Cl)cc1)Nc1ccccc1,-1.9352717399597168
base,C/C(=N\NC(=O)c1ccccc1O)c1cccc(C(=O)NN)c1,-1.738948941230774
base,CS(=O)(=O)NCc1nc2ccccc2c(=O)[nH]1,-1.7210086584091187
base,CN(Cc1ccccn1)C(=O)c1cn(-c2ccc(N(C)C)cc2)c(=O)c2ccccc12,-2.036881923675537
base,CCN(Cc1nc2ccsc2c(=O)[nH]1)c1ccccc1,-1.8830875158309937
base,CCC[C@@H](C(=O)N(C)Cc1ccc2c(c1)OCO2)c1ccccc1,-3.131344795227051
base,CCO[C-]1[CH+][CH-][CH+][C][C+]1OC[C-]([O-])O.[C-3][C][C][CH+]CC[C+](C)CCCCCC[CH+]CC(C[CH2-])N[C+]([O-])[c+]1[cH+][cH+][c+](OC(F)F)[cH-][cH+]1.[H+].[H+].[H+].[H+],-3.780937671661377
base,CC(=O)Nc1ccc(S(=O)(=O)Nc2nc3ccccc3s2)cc1,-2.022524118423462
base,Cc1cc(NCCc2c[nH]cn2)n2nnnc2n1,-0.8074735999107361
base,O=C(O)c1ncn(C(c2ccccc2)c2ccccc2)c1C(=O)N1CCc2ccccc21,-2.3521556854248047
base,CCOC(=O)c1c(Nc2cccc(OC)c2)c2cc(OC)ccc2[nH]c1=O,-2.5798470973968506
base,CC(=O)N1CCN(S(=O)(=O)c2c(C(=O)N3CCCCC3)c(C)n(C)c2C)CC1,-1.9352717399597168
base,Cc1nc(S[C@H](C)C(=O)N2CCCC2)nc(-c2ccccc2)c1C,-2.064993381500244
base,Cc1ccc(NC(=O)c2ccc3ccccc3c2)cc1Nc1nc(-c2sccc2C)cs1,-2.3521556854248047
base,Cn1c(/C(=N\O)c2ccccc2)nc2ccccc21,-1.8319255113601685
base,Clc1ccc(NC2=NCCC2)cc1,-1.8509483337402344
base,C/[S+]=C(\[O-])CC(=O)N1CCOCC1,-2.519998073577881
base,COc1ccc(NC(=O)C[C@H](c2ccc(NC(=O)N3CCOCC3)cc2)c2ccccc2OC)cc1,-2.4697651863098145
base,COCCN[C-]1[N-][c+]2[cH-][cH+][cH-][cH+]n2[C+]([O-])N1C1CCCCC1,-1.6945956945419312
base,O=C(NC(=S)NNS(=O)(=O)c1ccccc1)c1ccco1,-1.931758999824524
base,O=c1oc2cc(Br)c(N/C(=N\c3cnc4ccccc4n3)c3cccs3)cc2o1,-1.970301628112793
base,COc1ccccc1N1CCN(S(=O)(=O)c2ccc3ccccc3c2)CC1,-2.5798470973968506
base,CCOc1cccc([C@@H]2CCN(Cc3ccccc3OC)C(=O)N2)c1,-2.5030341148376465
base,[H+].[O-][C+](C[N-][C-]([O-])[C+]1[C][CH+][CH-][CH+][C-]1[C+]([O-])N1CCN([c-]2[cH+][cH-][c+](F)[cH-][cH+]2)CC1)NC1CCCC1,-2.099304676055908
base,COc1ccc(S(=O)(=O)N/N=C(/C)c2cccs2)c(OC)c1,-2.3754727840423584
base,CN(C)C(=O)NCc1ccc(S(N)(=O)=O)cc1,-1.7210086584091187
base,COCCn1c(SCC(=O)NC2CCCCC2)nc2[s+]cc(-c3ccc(C)cc3)c-2c1[O-],-2.3521556854248047
base,S=C(NCCCN1CCOCC1)N1CCN(c2ccccn2)CC1,-1.5607467889785767
base,CCOc1ccc(/N=C/c2ccc3ccccc3c2OC(=O)c2cccs2)cc1,-3.320228338241577
base,O=C1C[C@H](C(=O)O)S/C(=N\N=C\c2ccco2)N1,-1.7780040502548218
base,C[c-]1[cH+][cH-][c+](OC[C-]([O-])NCC2[CH-]CCCN2[C+]([O-])N[C+]2[CH+][CH-][CH+][CH-][CH+]2)[cH-][cH+]1,-2.2188470363616943
base,C[P@@](=O)(Nc1ccc(Cl)cc1)Oc1ccccc1,-2.844355583190918
base,CCCn1c([C@@H]2CCCN2c2nc(C)cs2)nc2cc(Cl)c(Cl)cc21,-1.8221569061279297
base,FC(F)(F)c1nc(NCc2ccc3c(c2)OCO3)c2nnn(Cc3ccccc3)c2n1,-1.63554048538208
base,[H+].[O-][C-](O)[c+]1[cH-][c+]2[c+]([n-][c-](C(F)(F)F)[cH+][c-]2C2CCN(C[c-]3[n-][n-][n-]n3C[c+]3[cH+][cH+][cH+]s3)CC2)s1,-1.7277717590332031
base,O[C@H](c1ccc(Cl)cc1)[C@H](O)c1nc2ccccc2[nH]1,-2.2803893089294434
base,COCCOC(=O)c1cn(CC(=O)c2cc(C)n(C)c2C)c2ccc(OC)cc12,-2.6511785984039307
base,O=C(NNS(=O)(=O)c1cccc2nsnc12)c1ccccc1,-1.6945956945419312
base,COC(C)CSC[C-]1[C][C][C+]([CH-][C+](C)F)[CH+][CH+]1.[H+],-5.831882476806641
base,N#Cc1ccc(/C=C/c2ccccc2)[nH]c1=O,-2.1183104515075684
base,Fc1ccc(C2CCNCC2)c(OCc2ccc(CN3CCN(c4ccccc4)CC3)cc2)c1,-2.4126884937286377
base,O=C(c1cn(CC(=O)N2CCCCC2)c2ccccc12)C1CC1,-2.419826030731201
base,Cc1ccc(C)c(S(=O)(=O)n2nc(-c3ccccc3)cc2N)c1,-2.022524118423462
base,CO[C]1[CH][CH][C](Cl)[CH][C]1[NH+][N][CH][C]1[C]([OH+])[CH][CH][CH][C]1[C][CH][C]([O-])O,-2.4622952938079834
base,CCOc1ccccc1-n1c(=S)sc2c(=O)n(-c3ccc(F)cc3)c(SCC(=O)O)nc21,-2.3521556854248047
base,O=C(c1cccn1Cc1ccccc1)N1CCN(c2nc3ccccc3o2)[C@H](O)C1,-2.004145860671997
base,Clc1ccccc1OCCCCn1cnc2ccccc21,-2.3290607929229736
base,O=C(N/N=C/c1cc2cc3c(cc2[nH]c1=O)OCO3)[C@H](O)c1ccccc1,-2.1825454235076904
base,COc1cccc(C(=O)OCC(=O)NCC(C)C)c1OC,-2.998110294342041
base,O=C(NCCN1CCOCC1)c1ccc2c(c1)N(Cc1ccc(Cl)cc1)C([O-])=c1ccccc1=[S+]2,-2.441633939743042
base,CCC/C(=C/C(=O)[C@@H]1C[C@@H](C)N[C@H](CC/C=N/OC[CH-]O/C=[O+]/C(C)(C)OC)S1)C(C)=O,-2.749457359313965
base,CC(C)CCc1nnnn1CC(=O)NCc1ccccc1,-1.427512288093567
base,CCO[C]1[CH][C](N[C+](C)[O])[CH][CH][C]1N[C]([O])[C]1[CH][CH][C]([C]2[CH][CH][CH][CH][C]2N([O-])[O-])O1,-2.2877211570739746
base,CCOc1ccc(NC(=O)CN(Cc2ccco2)C(=O)CCN2C(=O)COc3ccccc32)cc1,-2.441633939743042
base,COc1ccc(NC(=O)N[C@@H](C)c2ccc3ccccc3c2)cc1,-2.4622952938079834
base,Fc1ccc(OCc2cc(/C(Br)=N/OCc3ccco3)no2)c(F)c1,-2.5030341148376465
base,OC[C@@H]1O[C@@H](O[C@@H]2O[C@@H](CO)[C@H](O)[C@@H](O)[C@@H]2O)[C@@H](O)[C@H](O)[C@H]1O,-6.133398056030273
base,Cc1nn(Cc2ccccc2)c(C)c1NC(=O)C1CC1,-1.8830875158309937
base,Cc1cc(/C=N/NC(=O)c2nn(C)cc2Cl)c(C)n1-c1cccc(Br)c1,-1.640629529953003
base,COc1c(Cl)ccnc1NC(=S)Nc1ccc2ccccc2c1,-2.022524118423462
base,COc1ccc(S(=O)(=O)N[C@H](C)C(=O)NCc2ccco2)cc1O,-2.4622952938079834
base,COc1ccc(C)cc1S(=O)(=O)N1CCN(c2ccccn2)CC1,-2.064993381500244
base,O=S(=O)(/[NH+]=C\c1ccccc1-c1[c-]cccc1)c1ccc(-c2ccccc2)cc1,-3.320228338241577
base,Nc1cccc(C(=O)c2ccccc2)c1,-2.662587881088257
base,S=C(NCc1ccccc1)Nc1cccc(Cl)c1Cl,-2.229227304458618
base,NN1c2ccccc2C(=O)N[C@@H]1Oc1cccnc1,-1.548350214958191
base,NS(=O)(=O)c1ccc(/N=N\c2sc(Nc3ccccc3)nc2-c2ccccc2)cc1,-1.7834744453430176
base,COCCCNCN1C(=O)[C@H]2CC=CC[C@H]2C1=O,-2.1753058433532715
base,CN1CCN(C(=O)c2ccc(-n3cccn3)nc2)CC1,-1.3788409233093262
base,Cc1c(C)n(C)c2ccc(N(C)/N=C3\CCS(=O)(=O)c4sccc43)cc12,-2.14487624168396
base,CC(=O)Nc1ccc(/N=C2\SC(=C(C)C)C(=O)N2c2ccc(O)cc2)cc1,-2.1825454235076904
base,S=C(SCCCl)N1CCCC1,-2.35364031791687
base,O=C(NCCSc1c[nH]c2ccccc12)c1ccc(Nc2ccc(F)cc2)cc1,-2.2538769245147705
base,O=S(=O)(Cc1ccccc1)N1CCC(N2CCN(c3cc[c-]cc3)CC2)CC1.[H+],-2.2188470363616943
base,COc1ccccc1N1CCN(S(=O)(=O)c2ccc3oc4ccccc4c3c2)CC1,-2.6850228309631348
base,CCn1c(SCC(=O)Nc2cccc(C)c2)nc2ccsc2c1=O,-2.064993381500244
base,[CH-]1CCCCC1.[O-]/[P+](=[NH+]\c1nccs1)c1ccccc1,-2.2803893089294434
base,Oc1cn[nH]c1/C=C/c1ccc(Cl)cc1,-1.9935381412506104
base,COC(CNC(=O)c1cccc([N+](=O)[O-])c1C)OC,-2.229227304458618
base,O=C(Nc1ccc(-n2cnnn2)cc1)c1ccc(Cl)cc1Cl,-1.4739243984222412
base,O=C(O)CCCn1nnc2ccccc21,-1.5962363481521606
base,Brc1cccc(NCc2ccncc2)c1,-1.9935381412506104
base,O=[N+]([O-])c1c(NCCO)cc(Sc2nc3ccccc3[nH]2)c2nonc12,-1.4599595069885254
base,Nn1c(COc2ccccc2)nnc1SC(F)F,-1.4944287538528442
base,CCOc1cc(/C=N/O)ccc1OCc1ccc(Cl)cc1,-2.998110294342041
base,COCCOCCCNC(=O)C1=CCN(S(=O)(=O)c2ccc(OC)cc2)CC1,-2.6161489486694336
base,CCOc1ccc2nc(-c3ccccc3OC)[nH]c2c1,-2.2803893089294434
base,C=[N+]1C[C@@]2(C)CN(CC(CCC)=C2[O-])C12CCCCC2,-2.2803893089294434
base,CN(C)S(=O)(=O)Nc1ncccn1,-1.1700712442398071
base,Cc1cc(C(=O)Nc2ccc3nc(C)oc3c2)n(-c2ccccc2C)n1,-1.8613009452819824
base,[O-]N([O-])[c+]1[cH-][cH+]n2[c+]([cH+][cH-][cH+][c-]2[S+2]([O-])([O-])[c+]2[cH-][cH+][cH-]s2)[n-]1,-1.931758999824524
base,NS(=O)(=O)c1cccc(NC(=O)COc2ccc(Br)cc2Cl)c1,-2.419826030731201
base,NS(=O)(=O)c1ccc(NS(=O)(=O)c2ccc(Cl)c(C(=O)O)c2)cc1,-2.4622952938079834
base,[O-][C+](NC[CH-]O[c+]1[cH-][cH+][cH-][c+]2[cH-][cH+][cH-][cH+][c-]12)[c+]1[cH-][cH+][cH-]s1,-2.998110294342041
base,O=c1oc2ccc(Cl)cc2cc1-c1ccccn1,-2.844355583190918
base,COCCc1ncc(CN2CCCCCC2)c(C)n1,-1.8319255113601685
base,C[C@H](c1ccccc1)c1cncc(Br)c1,-2.662587881088257
base,C[C]1[CH][CH+][C]2[N][CH][N][C](N[C]3[CH][CH][CH][C](N([O-])[O-])[CH]3)[C]2[CH]1,-1.6481837034225464
base,CNC(=S)NCc1ccc(OC)cc1,-1.924782633781433
base,CO[c-]1[cH+][cH-][cH+][c-]2[c+]1[N-][C-]([O-])[C+]([S-])N2,-1.924782633781433
base,Fc1ccc(Oc2cnc3ccccc3n2)c(F)c1,-2.229227304458618
base,[CH2-]CS[C]1[N][C][OH+][OH+][C]2[CH][CH][C]([CH][CH]2)CCN[C+]([O-])CCN1,-1.9781709909439087
base,NNC(=O)CSc1cccc2cccnc12,-1.660567283630371
base,O=C(NCCCCO)c1cc2c(s1)CCC2,-2.7269186973571777
base,CO[c-]1[cH+][cH-][c+](CN(C[C+]([O-])NC[c+]2[cH-][cH+][cH-][cH+][cH-]2)[C-](C)[c+]2[n-][n-][c+](CO[c+]3[cH-][cH+][cH-][cH+][cH-]3)o2)[cH-][c+]1Br,-2.2135515213012695
base,Cc1ccc(N(C)S(=O)(=O)c2ccc3c(c2)CCC(=O)N3)cc1C,-2.4622952938079834
base,Cc1ccc(S(=O)(=O)N(CC(=O)Nc2ccc(OC[C@@H]3CCCO3)cc2)c2ccc(Br)cc2)cc1,-2.8389358520507812
base,COc1ccc(NC(=O)Nc2ccc3c(c2)CCC3)c(OC)c1,-2.419826030731201
base,FC(F)Oc1ccc([C@H](CCN2CCCC2)c2ccc(Cc3ccccc3)cc2)cc1,-3.3868086338043213
base,Cc1cc(C(=O)Nc2cccc(C#N)c2)on1,-1.7210086584091187
base,COc1cc(-c2nnc(-c3ccc(Oc4nc(Cl)ncc4F)c(OC)c3)o2)ccc1Cl,-2.036881923675537
base,OC[C@H](O)c1cccnc1,-2.258782386779785
base,OCCOc1ccc(Sc2ccc(Br)cc2)cc1,-5.888877868652344
base,CCC(/C=N/NC(=O)CCc1cccc2ccccc12)CC,-2.3754727840423584
base,COc1ccc(NC(=S)c2ccccc2)c([N+](=O)[O-])c1,-2.2803893089294434
base,COc1ccc([C@H](CN2CCOCC2)N2CCN(C)CC2)cc1O,-2.064993381500244
base,CCOC(=O)CCc1c(-c2ccccc2)n(-c2ccc3c(c2)OCO3)c2ncnn2c1=O,-2.068580389022827
base,O=c1cc2c(n[nH]1)-c1ccccc1CC2,-1.9935381412506104
base,[O-][S+2]1([O-])OCCC([c+]2[cH-][cH+][cH-][cH+][cH-]2)N1CCC([c+]1[cH-][cH+][cH-][cH+][cH-]1)N1[CH-][CH+][CH-][CH+][CH-]1,-2.6511785984039307
base,COc1c(C)oc(CCc2ccc(Cl)cc2)c1OC(F)F,-6.042633056640625
base,OC[C-]([C+]1[CH-]CN(C[c+]2[cH-][cH+][cH-][cH+][n-]2)CC1)[c+]1[cH-][cH+][cH-][cH+][cH-]1,-2.3754727840423584
base,O=C(NCc1cccnc1)[C@@H]1CCCN(S(=O)(=O)c2cnc[nH]2)C1,-1.5607467889785767
base,[H]/N=c1\n(C)c2ccccc2n1CCOCc1cccnc1,-1.6481837034225464
base,CCOc1ccc(CN(C)CC(=O)NCc2ccc(Cl)cc2Cl)cc1,-2.5030341148376465
base,Cc1ccc(-n2cc(CN[C@@H](C)CCN(C)C)c(-c3cccc(C)c3)n2)cc1,-1.9352717399597168
base,CSc1ccccc1NC(=O)COC(=O)c1ccc2c(c1)CCN2S(=O)(=O)c1ccc2ccccc2c1,-2.8944284915924072
base,[N-2][C][C+]([C][N-2])CC[C+]([O-])N[C+]1[N-][CH+][CH+]S1,-1.312661051750183
base,O=C(c1ccc([C@]23C[C@H]4C[C@H](C[C@H](C4)C2)C3)cc1)N1CCCC1,-3.0888755321502686
base,CN(C(=O)C/[S+]=c1\nc2[nH]ncc2c([O-])n1-c1ccc(F)cc1)c1ccccc1,-1.7496302127838135
base,O=[N+]([O-])c1ccc(Cl)c(-c2ccc(C(=S)N3CCOCC3)o2)c1,-2.419826030731201
base,COc1ccc(NC(=O)CCCNC(=O)Cc2cccc3ccccc23)cc1OC,-2.6850228309631348
base,CC(=O)O[C@H]1CSC[C@H]1C[N+](=O)[O-],-2.519998073577881
base,COc1cccc(NC(=S)NCc2ccc(F)cc2)c1,-2.2803893089294434
base,COCCOCC(=O)Nc1cccnc1Cl,-2.0578689575195312
base,CN1C(=O)/C(=C\Nc2cccc(Cl)c2)C(=O)NC1=S,-1.8319255113601685
base,O=C(O)c1cccnc1SCc1ccccc1F,-2.844355583190918
base,O=Cc1cc2ccccc2nc1SC1CCCCC1,-2.8982770442962646
base,N#CCCN1CCCc2cc(NCc3ccccc3)ccc21,-1.9781709909439087
base,FC(F)(F)c1nccn1CCCc1cccs1,-2.1183104515075684
base,C[C@H]1CN(C(=S)Nc2ccccc2)C[C@H](C)O1,-2.1183104515075684
base,CO[C+]([O-])N(C[c+]1[cH-][cH+][c-](OC[c+]2[cH-][cH+][cH-][cH+][cH-]2)[c+](OC)[cH-]1)[C-]1[CH+][CH-][C-](C[O+](C)N)[CH-][C+]1C,-2.780181884765625
base,COc1ccc(-n2c(SCC(=O)N3CCOCC3)nnc2-c2cccs2)cc1,-1.9352717399597168
base,Cc1cccc(NC(=O)/C=C/C(=O)O)c1O,-2.7269186973571777
base,O=c1oc2ccccc2c(NC2CCCCCC2)c1[N+](=O)[O-],-2.3754727840423584
base,O=C(O)CC1(CC(=O)Nc2ccc3c(c2)OCO3)CCCCC1,-3.0888755321502686
base,O=C(C/[S+]=c1\nc2ccsc2c([O-])n1-c1ccc(C(=O)O)cc1)NCc1ccco1,-2.2877211570739746
base,O=C(c1ccccc1)c1ccc(OCc2ccc(C(=O)N3CCOCC3)cc2)cc1,-3.3540725708007812
base,FC(F)Oc1cccc(/N=C2/NN=C(c3cccs3)CS2)c1,-1.9781709909439087
base,O=[N+]([O-])c1nccn1C[C@H](O)Cn1cccc1-c1ccccc1,-1.738948941230774
base,O=C(Nc1ccc(Br)cc1)[C@@H]1CCCN1S(=O)(=O)c1ccc(SC2CCCCC2)cc1,-2.717759132385254
base,CCc1nc(N)nc(Nc2cccc(C)c2)n1,-1.2167619466781616
base,CC(C)[C@@H](CN1C(=O)C(=O)NC[C@@H]1[C@H](C)O)c1ccccc1,-2.3754727840423584
base,Brc1cccc(Oc2cccc3nc(-c4ccncc4)nn23)c1,-1.738948941230774
base,O=[N+]([O-])c1c(NCCCCOc2ccccc2)ccc2nonc12,-1.7814180850982666
base,COc1ccc2c(c1)-c1ccccc1[C@@H]1N(C)CC[C@]21C#N,-2.3754727840423584
base,O=S(=O)(Sc1ccccc1)c1ccc(Cl)cc1Cl,-5.888877868652344
base,COc1ccc(/C=N/NC(=O)CNC(=O)c2ccc(S(=O)(=O)N3CCOCC3)cc2)cc1OC,-2.12911319732666
base,COC[C@H](C)NC(=S)NC(=O)[C@H]1CC=C(S(=O)(=O)N2CCOCC2)CC1,-2.14487624168396
base,ON1[C@@H](c2c(F)c(F)c(F)c(F)c2F)N(O)[C@H]2CCCC[C@H]21,-2.3754727840423584
base,NP(N)(=O)NC(=O)c1ccco1,-1.3739230632781982
base,NNC(=O)Cc1c[nH]c2ccccc12,-1.5274808406829834
base,[O-][C+]([CH-][CH+]N([CH+][c-]1[cH+][cH-][cH+]o1)[c-]1[n-][n-][n-]n1[C][CH+][C+]1[CH+]N[C+]2CCCC[C+]2[C-]1NCCCN1CC[C+](C2[CH-][CH+][CH-][CH+][CH-]2)CC1)C1CCCCC1,-1.827350378036499
base,O=C(Oc1ccc2ccc(=O)oc2c1)c1cccc2ccccc12,-6.175867080688477
base,[CH2+][C][CH-][CH+][CH+][C][CH+]O[C+]([O-])[C-]1O[c+]2[c-]([cH+][c-](CCC)[c+](O)[c-]2OC)[C-]([O-])[C+]1OC,-6.364750862121582
base,O=C(CN1C(=O)C(=O)N(c2ccc(F)cc2)C1=O)N1CCN(S(=O)(=O)c2cccs2)CC1,-2.068580389022827
base,NC(=O)c1cnn(-c2nc3c(N)ncnc3n2CC(=O)c2ccc(F)cc2)c1,-1.2483165264129639
base,O=C(NNc1cccc2cccnc12)c1cc2sccc2n1Cc1ccccc1,-1.970301628112793
base,COc1ccccc1N(CC(=O)N1CCCC1)S(=O)(=O)c1ccc(Br)cc1,-2.5798470973968506
base,O=C(CSc1nc(-c2ccccc2)cc(-c2cccs2)n1)Nc1cccc2c1CCCC2,-2.3521556854248047
base,COCCN(C(=O)Nc1ccc(OC)c(Cl)c1)c1nc2ccccc2s1,-2.14487624168396
base,C[C@@H](C(=O)N1CCOCC1)N1C(=O)/C(=C\c2ccccc2)SC1=S,-2.4622952938079834
base,NN/C(=N\c1ccc(Cl)cc1)C(F)(F)F,-1.5962363481521606
base,Clc1ccccc1COCCN1CCc2ccccc2C1,-2.998110294342041
base,O=C(Nc1ccc(S(=O)(=O)NC[C@@H]2CCCO2)cc1)c1cccc2c1N(S(=O)(=O)c1ccc(Cl)cc1)CCCC2,-2.5749871730804443
base,[O][C](CN[C+]([O])[C]1[CH][CH][CH][CH][C]1F)OC[C]([O])[C]1[CH][CH][C](N([O-])[O-])[CH][CH]1,-2.54217791557312
base,COCCN1CN=C(Nc2nc(C)cc(C)n2)NC1,-1.1470087766647339
base,F[C@@H]1CCCN([C@@H](c2ccccc2)c2nnnn2CCc2ccccc2)C1,-1.6782987117767334
base,CC(=O)c1ccc(OCc2cccc(C(=O)O)c2)cc1,-5.993961334228516
base,CCO[C]1[CH][CH][C]([C+]([O])N2CC[N][C]2SC[C]2[CH][CH][C](C)[CH][C]2C)[CH][C]1N([O-])[O-],-2.2538769245147705
base,CO[c+]1[cH-][c+]2[c-]([cH+][c-]1OC)CCN(C[C-]1[N-]CCN1)C2CC(C)C.[CH-3].[H+].[H+],-2.1057322025299072
base,Cc1cc(C)nc(N2CCC(C(=O)Nc3ccc4c(c3)OCCO4)CC2)n1,-1.898970127105713
base,O=C(Oc1ccc(N2CCC3(CC2)OCCO3)c(Cl)c1)c1ccccc1,-3.2112276554107666
base,NNC(=O)COc1ccc2c(c1)C(=O)c1ccccc1-2,-2.2803893089294434
base,CNC(=O)CCn1nc(-c2ccc(C)cc2)c2ccccc2c1=O,-2.064993381500244
base,C=[O+]C1=CC(=[O+]\C)/C(=[O+]/C)C=C1C([O-])[N-]C[C@@H](C)OCC[C-](C)C,-3.131344795227051
base,CCN1C(=O)C(=N\NC(=O)c2cccs2)/C(=C\CC(C)C)C1=O,-2.022524118423462
base,CCCCNC[C@H](O)COc1ccc(Br)cc1,-2.7873599529266357
base,[CH2][CH][C]([O])OCC(C)O[C]([C][C-][N+]1[CH]C(N[C](C)[O])O[C]O1)OC(C)C.[H+],-2.54217791557312
base,O=C(Nc1ccc(Cl)cc1)[C@H]1CCCN1C(=O)c1cccc(OC(F)F)c1,-2.5798470973968506
base,CCC(C)(C)O,-4.795790672302246
base,COc1ccc(OCCC(=O)NC2CCCCC2)cc1,-2.94943904876709
base,OCC1CCCN([C-]2[N-][C+]3[CH+][CH-][CH+][CH-][C+]3N3C[c-]4[cH+][cH-][cH+][cH-][c+]4C[C-]23)C1,-2.14487624168396
base,OCC(F)(F)C1(O)CCNCC1,-2.440274477005005
base,COc1ccccc1N1CCN(C(=O)Cn2ncc3c([nH]c4ccccc43)c2=O)CC1,-1.8162105083465576
base,C[C@@H]1CN(S(=O)(=O)c2ccc(S(=O)(=O)N3CCCC3)cc2)C[C@H](C)O1,-2.5030341148376465
base,N[C-]([O-])[CH+][N-]C1C[c+]2[cH-][cH+][cH-][cH+][c-]2CC1[C+]([O-])N[C+]1[CH+][CH-][CH+][CH-][C+]1[c-]1[cH+][cH-][cH+][cH-][cH+]1.[H+],-2.2877211570739746
base,Clc1cccc(Cl)c1Cn1ncc2ccccc21,-2.1753058433532715
base,O=S(=O)(c1ccccc1)N(Cc1ccco1)Cc1cnn(-c2ccccc2)c1-n1cccc1,-2.099304676055908
base,Clc1ccccc1-c1nc2cc(Br)ccc2[nH]1,-2.1183104515075684
base,Cn1nc(C(=O)Oc2ccc(F)cc2Br)c2ccccc2c1=O,-2.419826030731201
base,Nc1nc(SCC(=O)Nc2ccc(Cl)cc2Cl)n[nH]1,-1.3276787996292114
base,O=C(Nc1cc(Cl)ccc1N1CCCC1)c1c(Cl)cccc1Cl,-2.419826030731201
base,Cc1cccc(COc2ccc(C(=O)N3CCOCC3)cc2)c1,-3.0888755321502686
base,COc1ccccc1OCc1nnc(SCC(=O)NC2CCCC2)n1C,-1.8613009452819824
base,O=[N+]([O-])c1ccc(O)c(-c2nncc3c(-c4ccccc4)cccc23)c1,-2.14487624168396
base,CCOc1ccc2ccccc2c1[C@@H](NC(=O)Nc1ccc(F)cc1)c1ccccc1,-2.717759132385254
base,Fc1ccc(CCNCCCCN2CCCCC2)cc1,-2.2803893089294434
base,C[C-]1[CH+][CH+][C+]([S+2]([O-])([O-])NC2N([C-]([O-])C(C)(C)C)N[N-][c+]3[n-][cH+][n-]n32)[CH-][CH+]1,-1.306990146636963
base,COc1ccc(OC)c(N(CC(N)=O)S(=O)(=O)c2ccc(OC)c(OC)c2)c1,-2.6161489486694336
base,[O-][S@+](Cc1ccccc1)CC(O)(c1ccccc1)c1ccccc1,-6.175867080688477
base,[O][C]1[C](N([O-])[O-])[C](N[C+]2[CH][CH][CH][CH][CH]2)[C]2[CH][CH][CH][CH][C]2N1[C]1[CH][CH][CH][CH][CH]1,-2.1825454235076904
base,COc1ccc(N(CC(=O)NCC2CCCCC2)S(=O)(=O)c2c(C)noc2C)cc1,-2.2877211570739746
base,CCOc1cc(S(=O)(=O)N(CC(=O)NCCCOC)c2ccccc2)ccc1Cl,-2.6511785984039307
base,COCCNC(=O)c1oc2ccccc2c1-n1cc(CN2CCCCCC2)c(-c2ccc(F)cc2)n1,-2.186189889907837
base,COc1ccc2c(c1OC)C(=O)O[C@H]2Nc1nc(-c2cccc([N+](=O)[O-])c2)cs1,-2.2538769245147705
base,O=C(c1ccc(Br)s1)N1CCN(S(=O)(=O)c2ccc(Cl)cc2)CC1,-2.4622952938079834
base,COc1ccc(/C=N/N2C(=O)CSC2=S)cc1CN(C)C,-1.931758999824524
base,N[C@H](C(=O)O)c1nnc(SCc2cc(=O)n3ccsc3n2)o1,-1.4739243984222412
base,O=C(OCC(=O)N1CCCC1)c1cccs1,-2.7269186973571777
base,COC(=O)c1sccc1NC(=O)CCN1CCOCC1,-2.2803893089294434
base,CO[C]1[CH][CH][C]([CH+][CH][C]([O])N[C]2[N][CH][CH]S2)[CH][C]1N([O-])[O-],-1.931758999824524
base,O=S(=O)(Nc1ccnn1-c1ccccc1)c1ccccc1,-1.931758999824524
base,CCN(C(=O)c1ccc(Cl)c(N)c1)c1cccc2ccccc12,-2.419826030731201
base,COc1ccc(C2C3=C(CCCC3=O)N(C)C3=C2C(=O)CCC3)cc1OCc1ccc(C(=O)O)cc1,-3.536116600036621
base,NS(=O)(=O)c1ccn2cccc2c1CCOc1cccc2cccnc12,-2.14487624168396
base,CCN(CC)CCCNC(=O)c1ccc2c(c1)NC(=O)/C(=C\c1cccc(C)c1)S2,-2.2877211570739746
base,O=S(=O)(NCCCc1ccc(Nc2ccccc2)cc1)c1ccccc1F,-2.5798470973968506
base,Cc1cccn2c(CN3CCCCCC3)c(C(=O)Nc3ccc(Cl)cc3)nc12,-1.9352717399597168
base,FC(F)(F)c1cnc(NNC(=S)Nc2ccc(Cl)c(Cl)c2)c(Cl)c1,-1.7814180850982666
base,[O][C]([N-]C[C]1[CH][CH][CH][C]2[CH][CH][CH+][C-][C]21)N[C]1[N][CH][C](Br)[CH][N]1,-1.6945956945419312
base,CCCOc1ccccc1/C=C/C(=O)O,-5.707110404968262
base,C=CCN(C(=O)C/[S+]=c1\nc2[nH]ncc2c([O-])n1Cc1ccc(F)cc1)c1ccccc1,-1.8479089736938477
base,COc1cc(/C=C2/C(=O)N(c3ccccc3)N=C2C)cc(OC)c1OC,-2.54217791557312
base,NS(=O)(=O)c1ccc(S(=O)(=O)[N@H+]2C3=C(N4CCCCC4)C([O-])=C4C=C[C-]5C=CC=CC5=C4[S@SP1+]32)cc1,-2.441633939743042
base,CC(=O)NNC(=O)CC(=O)Nc1ccc(Br)c2ccccc12,-1.9781709909439087
base,CC(=O)Nc1ccc(OCc2cn3ccccc3n2)cc1,-1.931758999824524
base,Cc1cc(C(=O)OCC(=O)NC2CCCC2)nc(C)n1,-1.8830875158309937
base,Cc1cc(N2CCOCC2)nc(SCC(=O)CC(=O)OC(C)C)n1,-2.064993381500244
base,[O-][C+]1NCCCN2[C][C+]([CH-][C+]([C+]3[CH+][CH-][CH+][CH+][N-]3)[C][N-][s+]3[cH+][cH-][cH+][c-]31)[C-]1CCCCC[C+]12,-2.036881923675537
base,[O-][C+](NC[c-]1[cH+][cH-][cH+][cH-][cH+]1)[c-]1[cH+][cH-][c+]([CH-]N2CCCCC2)o1,-2.3754727840423584
base,CCC(=O)c1cn(CC(=O)NCc2ccc(F)cc2)c2ccccc12,-2.5030341148376465
base,COc1cc(S(=O)(=O)N(C)CCc2nc3ccccc3[nH]2)c(OC)cc1Br,-2.1825454235076904
base,COc1ccc(S(=O)(=O)[C@H](C#N)c2nc3ccccc3nc2N2CCOCC2)cc1,-2.004145860671997
base,CCCOC(=O)C1=C(C)/C(=C(\[O-])N(C)C)[S+]=C1NC(=O)CCS(=O)(=O)c1ccccc1,-2.717759132385254
base,COc1ccc(NC(=O)COc2ccccc2-c2ccon2)cc1N1CCN(C)CC1,-2.036881923675537
base,[CH2-]CC/C(C/C=[O+]\S(=O)(=O)c1ccccc1F)=C1/C=NC=C[CH-]1.[H+],-3.0888755321502686
base,COc1ccc(-c2nc(C#N)c(N3CCC(C(N)=O)CC3)o2)cc1OC,-1.8613009452819824
base,COc1cc(Br)cc(Br)c1OCC(=O)N/N=C(\C)c1cccc([N+](=O)[O-])c1,-2.1825454235076904
base,COCn1c(CN2CCN(c3ccccc3OC)CC2)nc2ccccc21,-1.898970127105713
base,Cc1cc(C)cc(N(C(=O)c2nsc(Cl)c2Cl)[C@H](C(=O)NC2CCCC2)c2ccc(O)cc2)c1,-2.4126884937286377
base,CCC(=O)OCC1=CC2=CC(=O)CC(=O)C2=C(C)O1,-5.9427995681762695
base,COCC(=O)N[C@@H]1C[C@H]2CCC[C@@H](C1)N2Cc1ccccc1,-2.3754727840423584
base,CN([c-]1[cH+][cH-][c+]([C-]2N[C+]3[CH-][CH+][CH-][C][C+]3[S+](C)O2)[cH-][cH+]1)[S+2](C)([O-])[O-],-2.419826030731201
base,S=C(Nc1ccc(Cl)cn1)N[C@@H]1CCCC2(CC1)OCCO2,-1.9781709909439087
base,C=C1C=C[CH-]C=C1.[O+]#P(c1cc[c-]2nc(Cl)[s+]c2c1)c1ccccc1Cl,-3.2112276554107666
base,COCCNC(=S)NC(=O)c1ccccc1Br,-2.1183104515075684
base,CNC(=S)N(Cc1cc(OC)c(OC)c(OC)c1)Cc1cccs1,-2.4622952938079834
base,C[CH-]C[CH+][CH-][C+]([CH-][C+](Cl)Cl)C1[CH-][CH+][C-]([O-])C1.[H+],-5.7714409828186035
base,O=C(CN(CCO)C(=O)c1ccc(F)cc1F)OCc1ccc(F)cc1,-3.2112276554107666
base,CC1=CC=[C+](N[C+]([O-])NN/C([O-])=C2\[C]C=CC(COC/[O+]=c3/c(F)cc(F)c[c-]3Br)=C2)C(C)=C1,-2.4126884937286377
base,CCC[S@+]([O-])C[C@@](O)(COC1(O)CCCCC1)c1ccccc1,-6.133398056030273
base,Cn1c(=O)n(CCCOc2ccccc2[N+](=O)[O-])c2ccccc21,-2.064993381500244
base,COCC[C-]([O-])N1CCCC([C+]([O-])N[CH+]CN2CCOCC2)C1,-2.022524118423462
base,NS(=O)(=O)c1ccc(CNC(=O)CSc2nc3ccccc3s2)cc1,-2.1057322025299072
base,NSCC1(c2nc3ccccc3c(=O)[nH]2)CCCCC1,-1.8830875158309937
base,Clc1ccc(N/N=C/c2cccnc2)cc1Cl,-1.7210086584091187
base,Clc1cccc(CSCc2cc(Cl)ncn2)c1,-2.1183104515075684
base,O=S(=O)(NCCO)c1cccc(S(=O)(=O)N2CCCC2)c1,-2.3290607929229736
base,O=C(Nc1ncccn1)c1cc(-c2cccnc2)nc2ccc(Br)cc12,-1.640629529953003
base,Cc1ccccc1C(=O)Nc1ccc(S(=O)(=O)NC2=NCCCCC2)cc1,-2.1825454235076904
base,Cc1ccn(-c2ccc(C(=O)NCCCN3CCN(c4cccc(Cl)c4)CC3)cc2)n1,-1.8162105083465576
base,NC(=S)NNC(=O)c1cc(-c2ccc3ccccc3c2)n[nH]1,-1.4739243984222412
base,O=C(Nc1ccc(OCc2ccccc2)cc1)C1CCN(c2ncccn2)CC1,-1.970301628112793
base,C[C@@H](OC(=O)c1cccc(-n2cnnn2)c1)C(=O)NCc1ccccc1,-1.640629529953003
base,C[C@@H]1CCCN(Cc2ccc3ccccc3c2)C1=O,-2.8982770442962646
base,CN1C(=O)N(C)C(=O)C(CCc2nc3ccccc3s2)([C@@H]2C(=O)NCCN2c2ccccc2)C1=O,-1.9373873472213745
base,CCOc1cc(-c2ccc(=O)[nH]n2)ccc1OCc1ccc(F)cc1Cl,-2.54217791557312
base,C[c+]1[c+]([S+2]2([O-])OCC(C)CCCN[C-]([O-])C3CCCN2C3)[c-](C)[n-]n1C,-1.8613009452819824
base,N[P@@](=O)(Oc1ccccc1)Oc1ccccc1Cl,-2.844355583190918
base,COC(=O)/C(=N/O)C(=O)NNC(=O)c1c(F)cccc1F,-1.931758999824524
base,COCCn1c(Cc2ccc(F)cc2)n[nH]c1=S,-1.7780040502548218
base,Cl[C-]1[CH+][CH-][CH+][C][C+]1C1CCN(C[c-]2[cH+][cH-][c+]3[c-]([cH+]2)OCO3)N1[c-]1[n-][cH+][n-][c+]2s[c+](-[c-]3[cH+][cH-][cH+][cH-][cH+]3)[cH-][c+]21,-2.2135515213012695
base,NS(=O)(=O)c1ccc2[nH]cc(/N=N/C3CCCCCC3)c2c1,-1.6945956945419312
base,CN/N=C(\C)c1cn[nH]c1C1CCCCC1,-1.3769919872283936
base,CCOC(=O)c1[nH]cnc1C(=O)N1CCOCC1,-1.7780040502548218
base,O=C(C1CCN(S(=O)(=O)c2cc(Cl)ccc2Cl)CC1)N1CCN(c2ccccc2)CC1,-2.3204572200775146
base,CCCCC(=O)N/N=C/c1ccc(C(=O)OC)cc1,-2.229227304458618
base,CCOCC(=O)Nc1ccc(C)cc1Cc1ccccc1,-2.998110294342041
base,COc1cc(OC)c(C(=O)OCC(=O)Nc2nc(-c3ccccc3)cs2)cc1OC,-2.6850228309631348
base,COc1ccc([C@H]2NCc3ccccc3-n3cccc32)cc1,-2.3754727840423584
base,O=C(CCl)Nc1ccccc1C(=O)Nc1ccccc1C(=O)O,-2.419826030731201
base,COc1c(Br)cc(Cl)cc1C(=O)O,-5.564520359039307
base,[CH2-][c+]1[cH-][cH+][c-]([C+]([O-])OC[C+]([O-])N[c+]2[cH-][cH+][cH-][cH+][c-]2F)[cH+][cH-]1,-2.998110294342041
base,O=C(CNc1ccc(F)cc1)N/N=C/c1cc2ccccc2nc1Cl,-1.8221569061279297
base,CCOC(=O)c1nnn(C#N)c1CN1CCOCC1,-1.3276787996292114
base,CCN(CC)CCCNC(=O)C1CCN(S(=O)(=O)c2ccc(N(C)C(=O)c3ccncc3)cc2Cl)CC1,-1.99288010597229
base,O[C@H](CN1CCN(c2ccccc2F)CC1)Cn1c(-c2ccncc2)nc2ccccc21,-1.8479089736938477
base,O=C(/C=C/c1ccccc1)N1CCN(c2nc3c(F)cc(F)cc3s2)CC1,-2.1825454235076904
base,COc1cc(CNC(=O)/C=C/c2ccc(N(C)C)cc2)c(C)c(C)c1C,-2.54217791557312
base,NS(=O)(=O)c1ccc(/N=N/c2cn(N3CCOCC3)n(-c3cccc4ccccc34)c2=O)cc1,-1.7277717590332031
base,N#CCCN(C(=O)CSc1nnc(C2CC2)n1N)c1ccccc1,-1.3800767660140991
base,[H+].[O-][C-](N1CCCC1)C1(SC[CH-]O)N[c+]2[cH-][cH+][cH-][cH+][c-]2N1[CH+][c-]1[cH+][cH-][cH+][c-](F)[cH+]1,-2.2188470363616943
base,CCOc1ccc(F)cc1C(=O)N1CCN(Cc2ccc3c(c2)OCO3)CC1,-2.6161489486694336
base,CCOc1ccc(OS(=O)(=O)c2ccc(C)cc2)cc1,-5.993961334228516
base,Nc1cc(N)nc(SCc2ccc(F)cc2)n1,-1.4374333620071411
base,Clc1ccc(-n2nnc(-n3ccc4ccccc43)n2)cc1,-1.427512288093567
base,O=C(COC(=O)/C=C/c1ccccc1[N+](=O)[O-])N/N=C/c1c(O)[nH]c(=O)[nH]c1=O,-1.7496302127838135
base,OCCN1CCC[C@](O)(Cc2ccccc2)C1,-2.7873599529266357
base,CN(C)/C=C/C(=O)c1cn(CCOc2ccccc2)nc1-c1ccccc1,-2.1825454235076904
base,Clc1ccc(OCCOCCNC2CCCCC2)cc1,-2.94943904876709
base,[CH2-][C+]1[C][C-](C)[C+](C)[CH-][C+]1CN1CCC(n2[cH+][cH-][cH+][cH-]2)CC1.[H+].[H+].[H+],-2.3290607929229736
base,Cc1csc(SCC(=O)N2c3ccccc3Sc3ccc(Cl)cc32)n1,-2.5030341148376465
base,C/C(=N\NC(=O)CNC(=O)c1ccco1)c1ccc(Br)cc1,-1.9781709909439087
base,CN(C)S(=O)(=O)c1cccc(COC(=O)c2cc3ccccc3oc2=O)c1,-3.248896837234497
base,CCCCNC(=O)c1nn(C)c(=O)c2ccccc12,-1.8319255113601685
base,CNC[CH][CH][C]1[CH][CH][CH][CH][C]1CO[C]1[CH][CH][CH][CH][CH]1.[H+].[O][C]([O-])[C][C][O+],-3.172083616256714
base,[O-]n1cccc/c1=[S+]\[C@@H](F)CCOc1cccc(C(F)(F)F)c1,-3.0888755321502686
base,CN1C(=O)c2ccccc2Sc2cc(F)c(F)c(F)c21,-2.94943904876709
base,Brc1cccc(OCCN2CCOCC2)c1,-2.7269186973571777
base,CNCC(=O)N1CCCc2ccccc21,-1.9935381412506104
base,COc1ccc2nc(SCC(=O)NC[C@H]3CCCO3)[nH]c2c1,-1.9781709909439087
base,COc1cc(C(=O)Nc2ccc3c(c2)CCC3)ccc1OC(F)F,-3.131344795227051
base,CCOc1cc(C(=O)N(Cc2cccnc2)c2nc3cc(C)ccc3s2)ccc1SCC(=O)O[C@@H](C)CC,-2.523759603500366
base,COc1ccccc1CN(CCCOc1ccccc1OC)C(=O)CCC(=O)Nc1cc(C)on1,-2.441633939743042
base,O=C(NCCN1CCOCC1)c1cccc2ccccc12,-2.3290607929229736
base,C[C@@H](NC(=O)c1ccco1)C(=O)NC1=[S+]C=C/C1=C(\[O-])N1CCCCC1,-2.14487624168396
base,COc1cccc(CNC(=O)C(=O)NC[C@H]2COC(C)(C)C2)c1,-2.419826030731201
base,Cc1c[c-]c(N[C@@H]2[CH-]C[N+]3=c4ccccc4=NC3=[NH+]C2=O)cc1C,-1.7814180850982666
base,CCN(CC(=O)NCCSCc1cccc(Cl)c1)CC(=O)Nc1ccc(Cl)c(C(F)(F)F)c1,-2.3828799724578857
base,C/C(Cc1ccc(F)cc1)=N\NC(=S)Nc1c(C)cccc1C,-2.022524118423462
base,NS(=O)(=O)c1cccc(NC(=O)c2cc(-c3ccccc3)n[nH]2)c1,-1.7814180850982666
base,Cn1c(=O)[nH]c2nc(SCC(=O)N3CCCCC3)n(C)c2c1=O,-1.5182775259017944
base,Clc1ccccc1-n1nnnc1SCc1cccnc1,-1.3788409233093262
base,[CH2-]COCC[N+]#S(=N\S(=O)(=O)c1ccccc1)/c1ccc(C2CCCCC2)cc1,-2.6511785984039307
base,N[P@@](=O)(OCC(F)(F)F)Oc1ccccc1,-2.7269186973571777
base,COc1ccc(S(=O)(=O)N(C)Cc2ccccc2)cc1F,-2.998110294342041
base,N#C/C(Nc1ccc(F)cc1)=C(\Nc1ccccc1)P(=O)(c1ccccc1)c1ccccc1,-2.3828799724578857
base,O=C(c1ccc(Cl)cc1)N1CCC[C@@](CO)(Cc2cccnc2)C1,-2.4622952938079834
base,O=C(NCc1ccccc1)C1(O)CCNCC1,-2.1183104515075684
base,COc1cc(CCC(=O)Nc2sc3c(c2C#N)CCCC3)cc(OC)c1OC,-2.6161489486694336
base,FC(F)Oc1ccccc1[C@H]1C[C@@H](c2ccc(Br)s2)Nc2ncnn21,-1.8221569061279297
base,O=C(O)/C=C/c1cnc2ccccc2c1,-2.662587881088257
base,N#CCOc1ccc(-c2cc3ccccc3o2)cc1,-2.8982770442962646
base,N[CH-]N(C[c+]1[cH-][cH+][c-](Br)[cH+][cH-]1)N[S+2]([O-])([O-])[c+]1[cH-][cH+][c-](F)[cH+][cH-]1,-1.9781709909439087
base,O=C(/C=C/c1ccccc1OCC(=O)N1CCOCC1)N1CCOCC1,-2.54217791557312
base,F[C-](F)F.[NH+]#Cc1ccc(F)c(F)c1,-2.59383225440979
base,O=C(CSc1nnc(-c2cc(-c3ccccc3)nc3ccccc23)o1)c1ccc2c(c1)OCCO2,-2.441633939743042
base,COc1cc2cc(C(=O)N3CCN([C@@H](C[C@H](O)c4ccccc4)C(C)C)CC3)c(=O)oc2cc1OC,-2.8670670986175537
base,O=S(=O)(CCN1CCCCC1)Oc1ccc(Cl)cc1Cl,-2.94943904876709
base,O=C[C@H](O)[C@@H](O)[C@H](O)[C@H](O)COP(=O)(O)O,-5.7714409828186035
base,CCN(CC)CCCNC(=S)N(Cc1ccccc1)Cc1cccnc1,-1.8613009452819824
base,Nn1c(SCc2nc3ccccc3[nH]2)nnc1-c1cccnc1,-1.1846381425857544
base,COCCNC(=O)c1oc2ccc(F)cc2c1NC(=O)C1CC1,-2.419826030731201
base,CN(C)[N-]C(CCC[C+](N)[O-])CCN1CCOCC1,-1.548350214958191
base,CCCNCCS(=O)(=O)N1CCN(c2ccccc2OC)CC1,-2.022524118423462
base,S=C(NCc1ccco1)N1CCN(Cc2ccc3ncccc3c2)CC1,-1.8613009452819824
base,CCCN1CCN(C(=O)[C@H]2CC(=O)N(c3ccc(F)cc3)C2)CC1,-2.064993381500244
base,O=C(Nc1cccc(NC(=O)[C@@H]2CCC[C@@H]2C(=O)O)c1)c1ccco1,-2.5030341148376465
base,NC(=O)OC1=Nc2ccccc2SC1,-1.924782633781433
base,Brc1ccc2ncnc(Nc3ccc(N4CCOCC4)cc3)c2c1,-1.7814180850982666
base,Cc1ccc(S(=O)(=O)Nc2ccc3nc4n(c(=O)c3c2)CCCC4)cc1,-2.14487624168396
base,NS(=O)(=O)c1cccc(NC(=O)CNc2ccc3oc4ccccc4c(=O)c3c2)c1,-2.2877211570739746
base,C[C@]1(c2ccccc2)NC(=O)N(CC(=O)NCCC2=CCCCC2)C1=O,-2.14487624168396
base,COc1ccc(C(=O)COC(=O)[C@@H]2CCS3(C)(=O)O[O+]3/C(=C3\C=CC=C[CH-]3)N2)cc1,-3.3540725708007812
base,O=C(Nc1ccc2nc(C3CCCCC3)[nH]c2c1)c1ccco1,-2.022524118423462
base,Cc1nn(C(=O)/C=C\CC(=O)NC2CCCCC2)c(C)c1Br,-1.9781709909439087
base,COc1c(Nc2cccc3ccccc23)sc2c1c(=S)n(C)c(=O)n2C,-2.14487624168396
base,CC[C@@H](Oc1ccccc1)C(=O)O/N=C(\N)Cc1cccc([N+](=O)[O-])c1,-2.14487624168396
base,O=[N+]([O-])c1ccc(/C=N/Nc2cccc(Br)c2)o1,-1.7780040502548218
base,Nc1c(S(=O)(=O)c2ccccc2)c2nc3ccccc3nc2n1Cc1ccccc1,-2.004145860671997
base,COc1ccc(C(NC(=O)c2cccc(F)c2)c2ccc(OC)cc2)cc1,-3.248896837234497
base,CCCC(=O)Nc1ccccc1N1CCCC1,-2.1183104515075684
base,[CH2+][C@]1(C)C[C@H](C[C-](C)C)N(C(=O)COC(=O)c2c(F)cccc2Cl)C1,-3.172083616256714
base,O=[C-]N(C=[N+]=Nc1ccccc1)Oc1ccccc1,-1.8319255113601685
base,CCCCc1nn2c(COc3ccc4ccccc4c3)nnc2s1,-1.7814180850982666
base,CCc1ccc2oc(C(=O)Nc3ccc(OC(F)(F)F)cc3)cc(=O)c2c1,-3.248896837234497
base,COc1ccccc1C(=O)NCCCCOc1ccc(C(=O)O)cc1,-3.172083616256714
base,Cc1nn(CCC(=O)Nc2ccc3c(c2)OCO3)c2nc(-c3cccnc3)cc(C(F)(F)F)c12,-1.9084417819976807
base,[CH2+][C-](N([O-])[O-])C1(O)[c-]2[n-][cH+][cH+][cH-][c+]2[C-]([O-])[CH+]C1[c+]1[cH-][cH+][c-]([S+2](N)([O-])[O-])[cH+][cH-]1.[H+].[H+],-2.1825454235076904
base,Cc1ccc(-c2nnc(SCc3ccc(F)cc3)o2)cc1,-2.3290607929229736
base,O=C(NC[C@@H]1CCN(C(=O)c2ccccc2F)C1)c1cccc([N+](=O)[O-])c1,-2.1825454235076904
base,Fc1ccc(Br)cc1CN1CCN(c2ccccc2)CC1,-2.3290607929229736
base,CCC(=O)N(CC(=O)Nc1nnc(C(F)(F)F)s1)Cc1ccccc1,-1.8221569061279297
base,Cc1ccccc1CN(C)S(=O)(=O)c1cccs1,-2.844355583190918
base,COc1cccc(-c2nnc(NC(=O)COc3ccc(C)cc3)s2)c1OC,-2.1825454235076904
base,CCOC(=O)c1nc(C)c(C(=O)CSc2nnnn2C)cc1C,-1.5182775259017944
base,FC(F)(F)/C(=N/P(=S)(N1CCOCC1)N1CCOCC1)Nc1ccc2ccccc2c1,-2.036881923675537
base,CS/C(=N\Cc1ccc(F)cc1)NS(=O)(=O)c1ccccc1,-2.3754727840423584
base,COc1cc(OC(=O)c2ccccc2)c(/C=N/OCC(=O)Nc2cccc(OC(F)F)c2)cc1Cl,-2.8389358520507812
base,CCC(CC)NC(=O)[C@H]1CC(=O)N(C2CCCCC2)C1,-2.2803893089294434
base,CO[C-]1[CH+][C][C+](C2[c-]3[nH][c+]4[cH-][cH+][cH-][cH+][c-]4[c+]3CC3[C+]([O-])N(C4CC4)C[C-]([O-])N32)[C-](C)[C+]1C,-2.3521556854248047
base,CCOC(=O)C1=C(C(=O)OCC)N[C@](C(=O)OC)(C(F)(F)F)CC1,-3.131344795227051
base,O=C(CCCc1nc2ccccc2s1)N1CCN(c2ccc(Cl)cc2)CC1,-2.1825454235076904
base,O=c1[nH]nc(Sc2ccccc2)n1-c1ccccc1-c1ccccc1,-2.1057322025299072
base,[O-][C-](C1C[CH+][CH+]CC1)N1CC[C+]2C(CO)N3[CH-][CH+][CH-][C][C+]3N2CC1,-2.064993381500244
base,Cc1nc(/N=N/NC(C)C)n[nH]1,-0.6890063881874084
base,F/C(=N\Oc1cc(-c2ccccc2)nc(Nc2ccc(Cl)cc2)n1)Nc1ccccc1CSc1ncccn1,-1.7118152379989624
base,S=C(NCc1ccco1)N1CCN(c2ccccn2)CC1,-1.6481837034225464
base,CC[C@@H](C)NC(=O)c1ccccc1-c1cccs1,-2.844355583190918
base,CC(=O)Nc1ccc(NC(=S)NNC(=O)CCC(=O)Nc2ccccc2Br)cc1,-1.7496302127838135
base,C1=C/C(=C/N2CCOCC2)[O+]=C1.[O-]P(c1ccccc1)c1ccccc1,-3.2112276554107666
base,C[C+](C)[C-](CCCOCCC(C)C)[c+]1[n-][n-][c+](SC[C+]([O-])N[c+]2[n-][c+]3[cH-][cH+][cH-][cH+][c-]3s2)n1C.[H+].[H+],-1.8786333799362183
base,C[C@@H](OC(=O)c1cc2sccc2n1C)C(=O)NCc1ccccc1,-2.4622952938079834
base,O[C@](Cc1cccnc1)(c1ccc(F)cc1)c1cccnc1,-2.3754727840423584
base,COc1cc(C(=O)NC2CCN(Cc3ccccc3)CC2)cc(Cl)c1OC(C)C,-2.6511785984039307
base,Fc1ccc([C@H](c2nnnn2C2CCCC2)N2CCc3ccccc3C2)cc1,-1.7146004438400269
base,Fc1ccc2c(c1)CCCN2c1ccnc(-c2ccncc2)n1,-1.738948941230774
base,NCCCCCC(=O)NN/C=C/C(=O)c1ccccc1,-1.8830875158309937
base,N#Cc1cnc2ccc(NC(=O)CN3CCCCC3)cc2c1,-1.6945956945419312
base,CCOc1ccc(C)cc1S(=O)(=O)NCc1ccc(OC)c(OC)c1,-3.172083616256714
base,O=C(Cc1ccc2ccccc2n1)c1ccc(O)cc1O,-2.998110294342041
base,[CH2-]COCCOCCOCCOCCOCCCOC/[P+]([O-])=[NH+]\c1ccc(OCc2ccccc2)cc1,-3.5634782314300537
base,COCCN(C)C1=[S+]C(C(=O)OCC(C)C)=C(C)/C1=C(/N)[O-],-2.3754727840423584
base,OCCn1c(-c2cccc3ccccc23)nc2ccccc21,-2.3754727840423584
base,O=C(CCc1ccccc1)NNC(=O)Nc1ccc(Cl)cc1,-1.9781709909439087
base,CC(=O)c1cc2cccnc2cc1O,-2.59383225440979
base,O=S1(=O)CCN(Cc2cccc3ccccc23)CC1,-2.8982770442962646
base,COc1cc(NC(=O)[C@H](C)Nc2ccccc2NC(=O)C(F)F)cc(OC)c1,-2.2188470363616943
base,CCC(=O)N1CCc2cc(Br)cc(S(=O)(=O)N3CCC[C@H](C(=O)O)C3)c21,-2.54217791557312
base,O=S(=O)(Nc1ccc(C2CCCCC2)cc1)c1ccccc1,-3.044522523880005
base,OC[C@@]1(Cc2ccc(F)cc2F)CCCN(Cc2cccs2)C1,-3.0888755321502686
base,[O][C](O)[C]1[CH][CH][CH][C](N[C]([O])[C]2O[C]3[CH][CH][CH][CH][C+]3[C]2[N][CH]C[C]2[CH][CH][CH][C](N([O-])[O-])[CH]2)[CH]1,-2.3828799724578857
base,COc1cc(NC(=O)CNCc2ccccc2)ccc1NC(=O)c1cnccc1C(F)(F)F,-2.099304676055908
base,O=S(=O)(Cc1ccc(F)cc1)NCc1ccc(F)cc1,-2.94943904876709
base,Fc1c(NC(=S)N2CCN(Cc3ccccc3)CC2)ccc(C(F)(F)C(F)F)c1F,-2.2877211570739746
base,COc1cc(C)ccc1S(=O)(=O)Nc1cccc(C)c1,-2.94943904876709
base,C#[N+]/N=[C-]/CCC(=O)N1CCC[C@H](Nc2ccc3c(c2)OCO3)C1,-1.7814180850982666
base,Cc1cc(C2CCCCC2)ccc1S(=O)(=O)Nc1ccc(S(N)(=O)=O)cc1,-2.5798470973968506
base,CCCC(=O)Nc1ccc2nn(-c3ccccc3)nc2c1,-1.6481837034225464
base,CCOCCCC(=O)N1CC(=O)Nc2ccccc21,-2.229227304458618
base,CCOCCCNC(=O)[C@@H](Cc1cccs1)NC(=O)CNC(=O)c1ccccc1,-2.2538769245147705
base,COc1ccc(N/C(C)=C2\OC2=O)cc1O,-2.7269186973571777
base,Nc1nonc1C(=O)Nc1ccc(F)cc1,-1.3769919872283936
base,CC[C@H](CO)Nc1cccc2ccccc12,-2.7269186973571777
base,CN(CCNS(=O)(=O)c1c(N)n(C)c(=O)n(C)c1=O)Cc1ccccc1,-1.640629529953003
base,COC(=O)/C=C(/C)C(=O)/C=C/c1ccc(F)cc1,-5.888877868652344
base,NNC(=S)SCc1ccc(Br)cc1,-1.8509483337402344
base,COc1ccc(NC(=O)COc2ccccc2[N+](=O)[O-])cc1OC,-2.4622952938079834
base,Cc1ccccc1CSc1nnc(NC(=O)Cc2ccc3ccccc3c2)s1,-2.2188470363616943
base,O=C1CCC(=O)O1,-4.948760032653809
base,COc1cccc(Cl)c1OCC(N)=O,-2.59383225440979
base,CCS(=O)(=O)c1ncc2c(n1)-c1ccccc1C2,-2.1753058433532715
base,CO[C-]([O-])C1CCN([S+2]([O-])([O-])[C+]2[CH+][CH-][C+](O[C+]([O-])[c+]3[cH-][cH+][cH-]o3)[C-]([O-])[CH+]2)CC1,-3.285198450088501
base,NC(=O)N[C@H](Cc1c[nH]c2ccccc12)C(=O)OCC(=O)N1CCCCC1,-1.898970127105713
base,[CH2-]CCN(C[CH-]NC(C)=O)C1=NN=[N+]=[N+]1c1ccccc1,-1.2468422651290894
base,F[c+]1[cH-][cH+][c-](F)[c+]([C-]2C[C+]([C][N-][C+]3[C+](OC(C(F)(F)F)C(F)(F)F)N[c-]4[cH+][cH-][cH+][cH-][c+]43)[CH+][N-]2)[cH-]1,-2.4126884937286377
base,C[P@](=O)(Nc1ccc([N+](=O)[O-])cn1)Oc1ccccc1,-1.8830875158309937
base,COc1cccc(OC)c1C(=O)NC1=[S+]C2=C(CCC2)/C1=C(/[O-])O[C@@H](C)C(=O)O,-3.320228338241577
base,N#CC1=C(N)N(Cc2cccs2)CC=C1,-1.5962363481521606
base,NC(=O)C1CCN(C(=S)C(=O)c2ccccc2Oc2ccccc2)CC1,-2.54217791557312
base,CCOc1ccc2cc(/[O+]=C\C[CH-]O)[c-]cc2c1.[H+],-5.888877868652344
base,O=C(CSc1nn2c(=O)c(-c3ccc(F)cc3)nnc2s1)NCc1cccc(F)c1,-1.7834744453430176
base,[N-2][C][C-]1[CH+][CH-][CH+][CH+][C+]1[N-][N-][C-]([CH+][O-])[c+]1[cH+][cH+][cH+][cH-][cH+]1,-1.8319255113601685
base,OCc1nc2sc3c(n2c1C(F)(F)F)CCCC3,-2.1753058433532715
base,N/N=c1/[nH]c(CCOc2ccc(Cl)cc2Cl)cs1,-1.7780040502548218
base,OCCCN(Cc1ccccc1)Cc1ccccn1,-2.229227304458618
base,O=C(Cc1cccs1)Nc1ccc(C(=O)NNC(=S)Nc2ccccc2)cc1,-1.9352717399597168
base,NC(=O)Cn1cccc1C(=O)C(F)(F)F,-1.9935381412506104
base,COc1ccc(CN2CCN(c3ccccc3F)CC2)c(O)c1,-2.419826030731201
base,Cc1ccc(-c2csc(-c3ccc(Cl)cc3)n2)cc1,-2.8982770442962646
base,[H]/[C-]=C/C(=C\[C-]=[NH+]\C(=O)/C=[C-]/C/[S+]=C1\[N+]#[N+]C(=C2C=C[C-](F)C=C2)N1CC)C(F)(F)F,-2.004145860671997
base,S=c1[nH]nc(CNc2ccc(Br)cc2)n1-c1ccccc1,-1.6481837034225464
base,COCCO[C-]([O-])[c+]1[c+](C)[nH][c-]2[n-][c+]3[cH+][cH-][cH+][cH-][c+]3[c-]2n1C[C+]([O-])N[c+]1[cH-][cH+][cH-][cH+][c-]1C,-2.068580389022827
base,CC1(C)[C@H]2CC=C(/C=N/NC(=O)c3cccs3)[C@@H]1C2,-2.229227304458618
base,NOCCCNC(=O)c1cn(-c2ccccc2)nc1-c1ccccc1,-1.8221569061279297
base,OO/C=C(/O)COc1cccc(Cl)c1,-5.638354778289795
base,Cn1c(SCC(=O)Nc2ccc(OC(F)F)cc2)nnc1-c1ccco1,-1.8613009452819824
base,COc1ccc(NC(=O)c2ccc(C)c(S(=O)(=O)N3CCCCC3)c2)cc1Cl,-2.6161489486694336
base,Cn1c(=O)n(CCc2ccccc2)c2ccccc21,-2.229227304458618
base,NNc1nc2ccc(S(=O)(=O)CC(=O)NC3=[S+]C4=C(CCCC4)/C3=C(/[O-])O)cc2s1,-2.004145860671997
base,O=C(O)C[C@@H](NC(=O)[C@]12C[C@H]3C[C@H](C[C@H](C3)C1)C2)c1ccc2c(c1)OCO2,-3.248896837234497
base,Nn1c(SCC(=O)Nc2cc(S(=O)(=O)N3CCOCC3)ccc2Cl)nnc1C1CC1,-1.60280442237854
base,S=c1[nH]nc(CN2CCN(c3ccccc3)CC2)n1-c1ccccc1,-1.6014856100082397
base,Fc1ccccc1Cn1cccc1CN(Cc1cccc(Br)c1)Cc1nnnn1C[C@H]1CCCO1,-1.756717324256897
base,CCOC(=O)c1nc(C)nc(Sc2n[nH]c(N)n2)c1C,-1.1981709003448486
base,COc1ccc(F)cc1C(=O)N1CCc2ccccc21,-2.94943904876709
base,CCOc1ccc(C(=O)N/N=C/c2cccc3ccccc23)cc1O,-2.5030341148376465
base,CCCCOc1ccc(NC(=O)CCC(=O)OCC(=O)c2cc3ccccc3[nH]2)cc1,-2.717759132385254
base,CC[C@H](O)C1CCN(Cc2cn(Cc3ccccc3)nc2-c2ccccc2)CC1,-2.2538769245147705
base,COC(CCC([O-])(O)[CH-]OC(O)[c+]1[c-](C(O)[C][C+](O)CO)[cH+][cH-][c+](O)[c-]1C)OC.[H+].[H+].[H+],-6.364750862121582
base,OCCN(C(=S)NC1CCCC1)c1ccccc1,-2.1753058433532715
base,O=S(=O)(c1cc(Cl)ccc1Cl)N1CCCC1,-2.7269186973571777
base,Cc1ccc(Sc2ccc(N)cc2C#N)c(C)c1,-2.1753058433532715
base,Clc1ccccc1N1CCSCC1,-2.519998073577881
base,N[C@H]1CCS(=O)(=O)C1,-2.036881923675537
base,CC[C@H](C)C(=O)NC1=[S+]C(=S([O-])([O-])=[N+]2CCc3ccccc32)N=N1,-1.7814180850982666
base,Fc1ccccc1N1CCN(CCCc2ccccc2)CC1,-2.3754727840423584
base,O=S(=O)(NCc1cccs1)c1ccc(Br)cc1,-2.7873599529266357
base,CC(=O)c1ccc(N2[C-]3N=C(CCC4CCCC4)O[S@SP1+]3[C@@H]3CS(=O)(=O)C[C@@H]32)cc1,-2.6511785984039307
base,O=C1C=C(Nc2ccc3c(c2)OCO3)C[C@@H](c2ccco2)C1,-3.044522523880005
base,Nc1cccnc1Sc1ccc(F)cc1,-1.9935381412506104
base,COc1ccc(NC(=O)[C@@H]2CCCN2C(=O)NC2CCCCC2)cc1OCC(C)C,-2.2877211570739746
base,Cc1ccccc1O[C@@H](C)C(=O)NCC1CCCCC1,-2.94943904876709
base,FC(F)(F)c1cc(Nc2nc(-n3cccn3)nc3ccccc23)c2ccccc2n1,-1.60280442237854
base,Nc1n[nH]cc1-c1n[nH]c(=S)n1-c1cccc(Cl)c1,-1.1470087766647339
base,O=C(CNC(=O)c1ccccc1)N/N=C/c1ccc[nH]1,-1.5995122194290161
base,Cc1nc2oc(C(=O)NC3CC3)cc2c2c1COC(C)(C)C2,-2.3754727840423584
base,O=C(/C=C/c1ccco1)N1CCN(S(=O)(=O)/C=C/c2ccccc2)CC1,-2.54217791557312
base,NC(C[C+]1[CH+]N[c+]2[cH-][cH+][cH-][cH+][c-]21)[C-]([O-])[N-]CCN1CCC[C+]1[O-],-1.738948941230774
base,CCCOc1ccccc1NC(=S)N(CC)CCN(CC)CC,-2.022524118423462
base,CCNC(=S)N(Cc1ccco1)Cc1cccs1,-2.1753058433532715
base,O=S1(=O)C[C@@H]2[C@H](C1)N(Cc1ccc(Cl)cc1)C1=N[C-](c3cccnc3)O[S@SP1+]12,-2.1825454235076904
base,O=C(NCc1cccnc1)c1ccc(N2CCOCC2)c([N+](=O)[O-])c1,-1.8221569061279297
base,Cc1cc(OCCSc2nnnn2C2CCCCC2)cc(C(C)C)c1,-1.8221569061279297
base,COc1ccc(-c2ncc3ccc(SCc4cccc(F)c4)nn23)cc1OC,-2.2188470363616943
base,[CH3+].[H]/[C-]=C/[N-][N+]#Cc1c/c(=[S+]/c2cc(F)ccc2F)nc[n-]1,-1.6481837034225464
base,FC(F)C(F)(F)C(F)(F)C(F)(F)C(F)(F)C(F)(F)C(F)(F)C(F)(F)Br,-6.216606140136719
base,COc1cccc([C@@H]2C(C(=O)c3ccc(C)o3)=C(O)C(=O)N2CCN2CCOCC2)c1,-2.717759132385254
base,NC(=O)c1ccccc1NS(=O)(=O)c1ccc(Br)s1,-2.229227304458618
base,[H+].[cH+]1[cH-][cH+][cH-][c+](CC[C-]2OCCC3CC[N-]CCN23)[cH-]1,-2.229227304458618
base,O=S(=O)(c1ccc(Oc2ncnc3scc(-c4ccccc4)c23)cc1)N1CCOCC1,-2.3204572200775146
base,COc1cccc(CN(Cc2cccnc2)C[C@H](C)O)c1OC,-2.419826030731201
base,O[C@H](c1ccccc1)c1ccccn1,-2.59383225440979
base,N/C(Cc1ccc(F)cc1)=N\OC(=O)c1ccco1,-2.229227304458618
base,O=C(N/N=C1\NC(=O)C(CO)(CO)S1)c1ccc2c(c1)OCO2,-2.022524118423462
base,CCOC(=O)C#C/N=C(\c1cn(Cc2ccco2)c(=O)c2ccccc12)N1CCOCC1,-2.3521556854248047
base,O=C(NC[C@H](c1ccco1)N1CCCCC1)c1cccc2ccccc12,-2.54217791557312
base,COc1ccccc1N1CCN(S(=O)(=O)c2cc(C)cc(C)c2C)CC1,-2.54217791557312
base,COc1cccc(NC(=O)N2CCC(C(=O)N3CCCCC3)CC2)c1,-2.1057322025299072
base,NC(=S)Nn1cnnc1,-0.5833765268325806
base,N#CN/C(=N/c1ccc(C(=O)O)cc1)SCc1ccc(Cl)cc1,-2.022524118423462
base,[O][C](C[C+]1[CH][CH][C]([C]2[CH][CH][CH][CH][CH]2)[CH][CH]1)NN[C]([S])N[C]1[CH][CH][C](N([O-])[O-])[CH][CH]1,-1.970301628112793
base,CSc1ncccc1-c1nc(-c2ccc3c(c2)OCO3)no1,-1.9781709909439087
base,Nc1ccc(Oc2cc(C(=O)NCc3ccco3)[nH]c(=O)c2)cc1,-2.064993381500244
base,[CH2+]OC(OC1C(O)CC(N)CC1N[C-]([O-])C(O)CCCCCCN[C+]([S-])N[C][N-][c+]1[cH+][cH+][cH+][cH-][c+]1[S-])C(O)CNC,-1.914732575416565
base,C[C-]1[CH+]N([O-])C(N2CCN([C+]([O-])[c+]3[cH-][cH+][c-]4[cH+][cH-][cH+][cH-][c+]4[cH-]3)CC2)[CH+][CH-]1,-2.14487624168396
base,O=S(=O)(O)c1nc2ccccc2n1Cc1ccccc1Cl,-2.3290607929229736
base,CN[C-]1[CH+][C-]([c+]2[cH-][cH+][cH-][c+](N([O-])[O-])[cH-]2)OC(N[C+]2[CH+][CH+][CH-][CH+][CH-]2)O1,-2.064993381500244
base,[O-][S@+](NCCOCc1ccccc1)[C@]12C[C@H]3C[C@H](C[C@H](C3)C1)C2,-3.0888755321502686
base,Clc1ccc(/N=C/N2CCN(c3ncnc4ccccc34)CC2)cc1,-1.6014856100082397
base,Cc1cc(C)c(/N=N\N(C)C(=O)/C=C/c2ccccc2)c(C)c1,-2.022524118423462
base,CNC[C@@H](Cc1ccccc1)NC[C@@H](CC1CCCCC1)NCCCc1ccccc1,-2.3204572200775146
base,[CH2-]CC1[CH][N+]2[N+][C][CH][C]2[N+][C]C1[C]C(C[C]([O-])[C]1[CH-][CH][CH]S1)[C]([O-])[N]C.[H+].[H+],-1.8613009452819824
base,O=S(=O)(c1ccc(Cl)cc1)N1CCCC[S@+]1N=[S@@](=O)([O-])CC1CC1,-2.4622952938079834
base,CCCC(=O)N[C@H]1[C@@H]2C[C@H]3C[C@@H](C2)C[C@@H]1C3,-2.7269186973571777
base,C[C-]([O-])C1(O)CC([CH+]CC[C+]2[CH-][C+]3[CH-][C+]([O-])CCC3(C)CC2)CC1C,-6.216606140136719
base,CCNc1nc(Nc2ccc(C(C)=O)cc2)nc(N2CCC3(CC2)OCCO3)n1,-1.568960189819336
base,NS(=O)(=O)c1ccc(N2C(=O)CNC2=S)cc1,-1.7210086584091187
base,F[C-]1[CH+][C][C+](N([C+]2[CH+][CH-][CH+][CH-][CH+]2)[C-]2[N-][CH+][N-]N2)[C-](F)[CH+]1,-1.5995122194290161
base,Nc1nnnn1/N=C/c1cccc(OC(F)F)c1,-1.0930874347686768
base,COCCN(C(=O)C/[S+]=c1\nc2ccccc2c([O-])n1-c1ccccc1F)c1ccccc1,-2.3828799724578857
base,C[C-]([O-])[NH2+][C+]1[CH-]SC([N-]C[c+]2[cH+][cH+][c+]3[c-]([cH+]2)OCO3)[N-][C-]1[O-],-1.9781709909439087
base,CC(=O)c1nn(Cc2c(F)cccc2Cl)c(=O)n(C)c1=O,-1.931758999824524
base,Fc1ccccc1CSc1nnc2ccc(-c3ccncc3)nn12,-1.5607467889785767
base,Cn1c(=O)c2c(nc(CN3CCC(C(N)=O)CC3)n2CCCc2ccccc2)n(C)c1=O,-1.6672389507293701
base,COc1ccc2c(c1OC)C(Nc1ccccc1C)=C1C(=O)C3=C(C=C1C2=O)CCC3,-3.3868086338043213
base,CO[C]1[CH][C]([CH+][CH][C]([O])O)[CH][C](OC)[C]1OC[CH][CH][C]1[CH][CH][C](N([O-])[O-])[CH][CH]1,-3.285198450088501
base,S=C(NCCN1CCOCC1)Nc1ccc(Cl)cc1,-1.8319255113601685
base,COc1ccc2[nH]c(=O)c(CN(C(C)=O)c3ccc(C)c(C)c3)cc2c1,-2.54217791557312
base,COc1ccccc1N1CCN(c2nc(C)cc(C)c2C#N)CC1,-1.7814180850982666
base,O=C(NCCCn1ccnc1)N[C@]12C[C@H]3C[C@H](C[C@H](C3)C1)C2,-1.6945956945419312
base,COCCN(C(=O)Nc1cccc2nsnc12)c1nc2ccccc2s1,-1.640629529953003
base,CCCN1CCN(C(=O)c2cc3sccc3n2C)CC1,-1.8830875158309937
base,NP(=O)(Oc1ccccc1Cl)Oc1ccccc1Cl,-2.8982770442962646
base,Oc1ccccc1/C=N/c1ccc(/N=C/c2ccc(Cl)cc2)cc1,-2.4622952938079834
base,O=C(/C=C/c1ccco1)NCc1nnc(SCC(=O)N2CCCC2)o1,-1.8221569061279297
base,C[C@H](O)CN(C)CCCNC(=O)C[C@@H]1C(=O)NCCN1C[C@H]1CCc2ccccc2C1,-2.036881923675537
base,COc1ccc(-n2nc(C(=O)NCC(=O)NC[C@@H](C)O)c3ccccc3c2=O)cc1Cl,-2.036881923675537
base,C[C]([N]N[C]1[CH][CH][C](CN2[CH+][CH][CH][N]2)[CH][C]1N([O-])[O-])[C]1[CH][CH][CH]S1,-1.5607467889785767
base,CCOc1nc(-c2ccc(C)cc2)c2cc(C(=O)NC[C@@H](C)N(C)C)ccc2n1,-1.970301628112793
base,O=C(COC(=O)c1oc2ccccc2c1CSc1ccccc1)NCc1ccccc1,-3.3868086338043213
base,CCNc1ccccc1NC(=O)/C=C/c1ccco1,-2.229227304458618
base,Fc1cccc(CNCc2ccc(Cl)cc2)c1,-2.7873599529266357
base,COc1ccccc1C(=O)N/N=C1\S[C@H](CC(=O)Nc2ccccc2)C(=O)N1Cc1ccccc1,-2.1580586433410645
base,N[N-][C+]([O-])N[c+]1[cH-][cH+][c-]([S+2]([O-])([O-])N2CCOCC2)[cH+][cH-]1,-1.5995122194290161
base,[O][C](NC(N[C]1[CH][CH][CH][C](N([O-])[O-])[CH]1)[C+]([O])[C]1[CH][CH][CH][CH][CH]1)[C]1[CH][CH][CH][CH][C]1F,-2.2538769245147705
base,CC[C@@H](c1nnnn1CCc1ccc(OC)cc1)N1CCC(C(N)=O)CC1,-1.4976286888122559
base,CCC(C)N[C-]([O-])N[CH+][C+]([O-])[N-]C(CC(C)[CH+][c+]1[cH-][cH+][cH-][cH+][cH-]1)[C+]([O-])N1CCCCCC1,-2.068580389022827
base,O=S(=O)(O/N=C1\CCCc2ccccc21)c1ccccc1,-2.998110294342041
base,CC[C@@H]1CCCCN1CCCNC(=O)c1ccc2c(c1)c1ccccc1n2C,-2.2188470363616943
base,O=C(COC(=O)c1cccnc1Cl)c1ccccc1,-2.8982770442962646
base,CCn1nc(NC(=O)c2ccnn2C)c2cc3ccccc3nc21,-1.3800767660140991
base,O=C(COc1ccccc1C(=O)N1CCOCC1)NCc1ccc2c(c1)OCO2,-2.6511785984039307
base,O=C1OCCN1CCNC(=S)NCCc1cccc2cnccc12,-1.7814180850982666
base,COc1cccc(C(=O)CN2C(=O)N[C@@H](CC(C)C)C2=O)c1,-2.3754727840423584
base,C[C@H](CCc1ccco1)NC(=O)C[C@@H](Cc1ccccc1)C(=O)O,-3.131344795227051
base,C/C(=C\CC/N=C(\C)c1ccccc1O)C(=O)NS(=O)(=O)c1ccc(Br)cc1,-2.6161489486694336
base,CNN1[C+](SC[C+]([O-])N2[CH+][CH+]CCCC2)[N-][N-][C-]1C[C-]1[CH-][CH+][CH-][CH+][CH-]1.[H+],-1.6014856100082397
base,O=S(=O)(NCc1cccc(-n2cnnn2)c1)c1ccccc1,-1.4739243984222412
base,CCCNC(=O)c1cc2sccc2n1C,-1.9935381412506104
base,CN(CC(=O)Nc1nc2ccccc2s1)S(=O)(=O)c1cccc(F)c1,-2.1057322025299072
base,FCCCOc1ccc2ccccc2c1,-5.707110404968262
base,O=C1CSC(=S)N1/N=C/C1CC1,-1.771224856376648
base,COc1ccc(C(=O)N2C(=O)c3cc4c5c(cccc5c3C2=O)CC4)cc1,-3.248896837234497
base,[CH2-]CN1CCCC(NC[c+]2[cH-][cH+][cH-][cH+][c-]2F)C1,-2.1183104515075684
base,O[C@H](CC/C=N\NC(=S)Nc1ccccc1)c1ccccc1F,-2.022524118423462
base,COC(=O)CCn1c([C@@H](C)N(C)C)n[nH]c1=S,-1.4374333620071411
base,O=C(COC(=O)c1c2c(nc3ccccc13)CCCC2)NC1CC1,-2.4622952938079834
base,CCCC[S+2]1([O-])[CH-][C-]2[CH+][CH-][CH+][CH-]N2CC1[C+]([O-])O,-2.844355583190918
base,[O-][C+](CO[c-]1[cH+][cH-][cH+][c-]([CH+][N-][c+]2[cH-][cH+][cH-][cH+][cH-]2)[c+]1[O-])N1CCOCC1,-2.5030341148376465
base,O=C(c1cccs1)c1c(C(F)(F)F)nc2n1CCS2,-2.229227304458618
base,Clc1cccc(CSc2ncnc3c2cnn3-c2ccccc2Cl)c1,-1.8221569061279297
base,O=C(c1ccc(F)nc1)N1CCC[C@H](CNS(=O)(=O)c2cccs2)C1,-2.1057322025299072
base,Cn1c(=O)c2c(ncn2CCCOc2ccc(Br)cc2)n(C)c1=O,-1.7814180850982666
base,COc1cc(CCOC(=O)c2cccnc2)c(/C=C/C=C(C)C)c(C)c1C,-3.248896837234497
base,C[C@H](Oc1ccc2c3c(c(=O)oc2c1)CCC3)C(=O)NC1CCN(c2ccccn2)CC1,-2.3521556854248047
base,S=C(c1ccc(-c2cccc(Cl)c2)o1)N1CCOCC1,-2.94943904876709
base,[O-]N1[N-][CH+][CH+][C-]([C+]([CH-][c+]2[cH-][cH+][cH-][c+](O)[cH-]2)C[c+]2[cH-][cH+][cH-][cH+][cH-]2)N1,-2.022524118423462
base,O=c1[nH]cccc1[C@H](O)c1cccc(Cl)c1,-2.7269186973571777
base,Clc1ccc2c(c1)nnn2C1CCN(Cc2ccccc2)CC1,-1.738948941230774
base,C=[N+](C)C.[O-]P(O)[C@H](Cc1ccccc1)/N=C/c1ccccc1,-2.419826030731201
base,CNC(=S)NCCN1CCOCC1,-1.4536465406417847
base,FC(F)Oc1ccc(NC(=S)Nc2ccc(Br)cc2Br)cc1,-2.3754727840423584
base,O=C(NCCSCc1ccco1)Nc1ccc2nsnc2c1,-1.6945956945419312
base,CN(Cc1cccs1)/C(=N/S(=O)(=O)c1cccs1)c1ccccc1,-2.4622952938079834
base,COC(=O)C1CCN(C(=O)c2ccc(-c3ccccc3)n2C)CC1,-2.4622952938079834
base,Clc1ccc(NCCN2CCNCC2)cc1,-1.660567283630371
base,CN(C)CCOCc1cccc2ccccc12,-2.7873599529266357
base,CCOC(=O)Nc1cc(Cl)ccc1N1CCN(C)CC1,-1.8830875158309937
base,CNc1[nH]cnc1C(=O)N[C@H](CCC(=O)NCc1ccccc1F)C(=O)O,-1.6782987117767334
base,CNC(=O)Nc1ccc(F)cc1,-1.771224856376648
base,S=c1[nH]nc(-c2cccc(Cl)c2)n1-c1ccccc1,-1.8319255113601685
base,Cc1cc(C(=O)COc2ccc(S(=O)(=O)N3CCCC3)cc2Cl)c(C)n1Cc1cccs1,-2.749457359313965
base,CN(C[C-]1[CH+][CH-][C+]([c+]2[cH-][cH+][cH-][cH+][cH-]2)[N-]N1)[c-]1[cH+][cH+][n-][cH-][cH+]1,-1.6481837034225464
base,CCCCCCCCCCC(=O)Nc1ccc(C(=O)O)cc1,-3.044522523880005
base,[H+].[H+].[O-][C]O[C+]([C+](O)[CH-][CH+][c-]1[cH+][cH-][cH+][cH-][cH+]1)[C-]([O-])[N-][C+]1[CH+][CH+][CH-][CH+][CH-]1,-3.0888755321502686
base,Cn1cc(S(=O)(=O)Nc2ccccc2Br)c(=O)n(C)c1=O,-1.931758999824524
base,COCCn1c(=O)[nH]c2cc(C(=O)Nc3ccc(C)c(C)c3)ccc2c1=O,-2.1825454235076904
base,Cc1cc(C)cc(C(=O)Nc2sc3c(c2C#N)CCCC3)c1,-2.3754727840423584
base,C/C(=N\OC(=O)c1cccc2ccccc12)c1ccccc1O,-3.0888755321502686
base,Cc1ccc(S(=O)(=O)NNC(=O)c2c(Nc3ccccc3)sc3ccccc23)cc1,-2.2877211570739746
base,CCO/N=C/c1cccn1-c1nc(N2CCOCC2)ncc1Cl,-1.5182775259017944
base,CCCN(CCCOCC)S(=O)(=O)c1ccc(NC(=O)CSc2nncn2C)cc1,-1.7834744453430176
base,C=CCOC(=O)c1c(-c2ccc(C)o2)csc1NC(=O)[C@H](C)NC(=O)CC,-2.5798470973968506
base,Clc1cccc(N/N=C(/c2ccccc2)c2cccnc2)c1,-1.9781709909439087
base,C=C.[O-][N+]([O-])=C1C=CC2(C=C1)[O+]1[O+]2[PH]1([O-])NOc1ccccc1,-2.419826030731201
base,COc1nc(Oc2ccc(C(C)=O)cc2)nc(N(C)C)n1,-1.6481837034225464
base,FC(F)(F)[c+]1[n-][c+](S[C+]2[CH-][CH+][CH-]N(Cl)[C-]2[c+]2[cH-][cH+][n-][cH+][n-]2)[n-][nH]1,-1.337607502937317
base,CC(=O)N1CCOc2cc(S(=O)(=O)NCCC(=O)Nc3nccs3)c(Cl)cc21,-1.9352717399597168
base,S=C(NCc1ccccc1)N[C@H]1CCSc2ccccc21,-2.3290607929229736
base,[NH-][P+](N)([O-])N[C+]([O-])[c+]1[cH-][cH+][cH-]o1,-1.3739230632781982
base,O=C(N[C@@H](CCCN1CCOCC1)c1ccc2ccccc2c1)c1ccccc1,-2.6511785984039307
base,N#C[C@]1(P(=O)(c2ccccc2)c2ccccc2)CC[CH-]C1=O.[H+],-3.044522523880005
base,N/C(CCc1ccco1)=N\NC(=O)c1ccncc1,-1.548350214958191
base,C=C1C=C[CH-]C=C1.[O+]#P(c1ccccc1)c1cccc2cccnc12,-3.172083616256714
base,OOc1ccc(-c2nc([C@H]3[CH-]CCC[C@H]3F)no2)cc1.[H+],-2.2803893089294434
base,[CH+]1CCCCC1.[CH][C][N-][c-]1s[cH+][cH-][cH+][c+]1[N-][C]N[C+]([CH+]P([O-])[S-])[C+]1[CH+][CH+][CH-][CH+][CH-]1.[H+],-2.2538769245147705
base,Brc1ccc2nc(CSc3nnc(-c4ccco4)n3Cc3ccccc3)cn2c1,-1.7496302127838135
base,O=S(=O)(O)C[C@@H](c1ccc(F)cc1)N1CCCCC1,-2.8982770442962646
base,COc1ccccc1[C@@H]1C(=O)NCCN1S(=O)(=O)c1cccc2cccnc12,-2.2188470363616943
base,CCOc1ccc(N([C@@H](C)C(=O)Nc2cccnc2Cl)S(C)(=O)=O)cc1,-2.14487624168396
base,CC(C)C(=O)Nc1cc(C(F)(F)F)ccc1-n1ccnc1,-1.931758999824524
base,COCCC(=O)N1CCC(n2nccc2NC(=O)c2ccccc2)CC1,-1.8613009452819824
base,COCCN[C][C+]([C][N-2])[N-][CH+]C(O[C+]1[CH+][CH+][C-](C)[CH+][CH-]1)O[c+]1[cH-][cH+][cH-][cH+][cH-]1,-2.1825454235076904
base,Cc1cc(C)nc(NS(=O)(=O)c2ccc(N/C=C/C(=O)c3ccc(Cl)cc3)cc2)n1,-2.004145860671997
base,Cc1ccc(OCc2ccc(C(=O)Nc3ccc(S(=O)(=O)N4CCCCC4)cc3)cc2)cc1C,-2.809990167617798
base,CN[S@+](CC(=O)NCCCN1CCc2ccccc21)N=[S@](=O)([O-])c1ccccc1,-1.970301628112793
base,[O-]N([O-])[C+]1=CN=C[C]/C1=[NH+]\C1CCCCC1,-1.660567283630371
base,COc1cc(/C=N\NC(=O)c2ccc3c(c2)c2ccccc2n3C)ccc1OCC(N)=O,-2.068580389022827
base,COc1ccnc2c1c(=O)n(CCC(=O)c1cccc(S(=O)(=O)N(C)C)c1)c(=O)n2C,-2.036881923675537
base,O[C@@H](COc1ccccc1)Cn1c2ccccc2c2ccccc21,-3.131344795227051
base,CCCNCCCCSc1ccccc1N,-2.0578689575195312
base,[CH][N-][CH+][C][CH+][CH-][CH+][C]NC[c-]1[cH+][cH-][cH+][c-](OC)[c+]1OC,-2.2803893089294434
base,CCOP(=O)(OCC)C(C#N)=C1SCN(CCc2ccc(OC)c(OC)c2)CS1,-2.6511785984039307
base,O=CO[C@H](Cc1ccccc1Cc1ccccc1)C(=O)O,-6.042633056640625
base,O=C(Nc1ccc(Cl)c([N+](=O)[O-])c1)N1CCCN(Cc2ccc(F)cc2)C1,-1.898970127105713
base,CCOCCCCCOCCCC(=O)OC,-5.7714409828186035
base,O=C(c1cc(COc2cccc3cnccc23)on1)N1CCC(c2ccccc2)CC1,-2.3204572200775146
base,Cc1ccccc1NS(=O)(=O)c1ccc2c(c1)CCN2C(=O)C1CCC1,-2.54217791557312
base,Brc1ccccc1OCCNCc1ccccc1,-2.844355583190918
base,COc1ccc(/C=C/C(=O)c2cc3ccccc3o2)cc1O,-6.08904504776001
base,Nc1ccc(Br)cc1-c1ncn[nH]1,-1.1700712442398071
base,NNC(=O)CCCCCCCCc1cc(=O)[nH]c(=S)[nH]1,-1.5995122194290161
base,Nn1c(SCc2cccc([N+](=O)[O-])c2)nc2cc(Cl)ccc2c1=O,-1.7814180850982666
base,[H+].[N-][C]1[N-][C+]([O])[C-][C]([C]2[N][C]([C]3[CH][CH][CH]O3)[N]N2)N1[C]1[CH][CH][C]2OCO[C]2[CH]1,-1.4976286888122559
base,O=S(=O)(Cc1ccccc1)Nc1cc(S(=O)(=O)N2CCOCC2)ccc1N1CCOCC1,-2.3521556854248047
base,O[C]NC([CH+]O)CO.[CH2-][N-][C+]([O-])O[C+]1N[C+]([O-])[C][C+]2[C+]1[C-]([O-])N(C(C)C)[C+]2[O-].[H+].[H+].[H+].[H+],-1.9352717399597168
base,S=C(NCCc1ccc2c(c1)OCO2)Nc1ccc(Cl)c(Cl)c1,-2.419826030731201
base,CO/N=C\NC(C(F)(F)F)(C(F)(F)F)C(F)(F)F,-2.1753058433532715
base,CCOC(=O)N1CCN(C(=O)CC(C)C)CC1,-2.1183104515075684
base,FC(F)(F)C1(c2ccccc2)CCN(Cc2cn(Cl)c3ccccc23)CC1,-2.5798470973968506
base,OCCOc1ccc(Nc2ccnc(Cl)n2)cc1,-1.7780040502548218
base,CN(CC(=O)Nc1ncccn1)S(=O)(=O)c1cccs1,-1.5995122194290161
base,COCCCNCCOCCOc1ccccc1OC,-2.94943904876709
base,C[C@H]1CCc2nn(-c3ccc(C(=O)O)cc3)cc2C1,-2.229227304458618
base,O=C(Cn1c(=O)c2cc3ccccc3n2c2ccccc21)NCCOc1ccccc1,-2.3204572200775146
base,CCn1cc(CNCCCSC)c([C@@H](C)c2ccc(OC(F)F)cc2)n1,-2.14487624168396
base,Fc1cc(NCc2cccc3ccccc23)ncc1N1CCN(c2ccccn2)CC1,-1.8162105083465576
base,[H]/[O+]=C(\CCN1[CH-]C[C@@H](COc2ccc(Br)cc2Br)C1)c1ccccc1,-3.172083616256714
base,O=C(CN1CCN(S(=O)(=O)c2ccc(Br)cc2)CC1)NC(=O)NCc1ccco1,-1.970301628112793
base,O=C(c1cc2c(cc1CCc1ccc3c(c1)OCO3)CCCC2)N1CCCC1,-3.285198450088501
base,CCC[C@@H]1N2c3n[c-]n(-c4ccccc4)c(=O)c3-c3nc(-c4ccc(F)cc4)oc3[O+]12,-2.036881923675537
base,O=C(CCC(=O)N1CCCCC1)NCCCN1CCC(Cc2ccccc2)CC1,-2.2538769245147705
base,Fc1ccccc1OCCn1ccnc1,-1.9935381412506104
base,COc1ccc(-c2noc(CCC(=O)NCc3ccn[nH]3)n2)cc1OC,-1.640629529953003
base,O=C(O)CC/C(=N/NC(=O)c1c[nH]c2ccccc12)C(=O)OC1CCCCC1,-2.2188470363616943
base,Br[C]1[CH][CH][C]([O+][C]2[CH][CH][C][C]([C]3[CH][N][C]4[CH][CH][CH][CH][C]4[N]3)[CH]2)[C](Br)[CH]1,-2.5030341148376465
base,Cc1cccc(OCC(=O)Nc2ccccc2N2CCCC2)c1,-2.419826030731201
base,COc1cc2nc(Cl)nc(N3CCOCC3)c2cc1OC,-1.931758999824524
base,CCOC(=O)c1c(Cl)cc(NC(=O)/C=C/c2cccs2)cc1OC,-3.131344795227051
base,CCCOc1ccc(NC(=S)N(Cc2ccccc2)C(C)C)cc1,-2.4622952938079834
base,COc1ccc(/C=N/Nc2nc(C)cc(=O)[nH]2)cc1OCc1ccccc1,-1.898970127105713
base,FC(F)(Cc1c[nH]c2ccccc12)C1=NCCN1,-1.7780040502548218
base,CCO[C-]([O-])C(CCS[C+]([O-])[c+]1[n-][c+]2[cH-][cH+][cH-][cH+][c-]2[c+]([O-])o1)N[C+]([O-])[CH+]O[c+]1[cH-][cH+][cH-][c+]2[cH-][cH+][cH-][cH+][c-]12,-2.8944284915924072
base,O=C(Nc1ccc(Br)c2ccccc12)N1CCOCC1,-2.2803893089294434
base,O=C(NC(=S)Nc1ccc(Br)cn1)c1ccccc1,-1.8319255113601685
base,COc1ccc([C@H]2CC(=O)C=C(NCc3ccccc3)C2)cc1,-3.0888755321502686
base,COCCNC(=O)CCCCn1c(=O)c2cccn2c2cccnc21,-1.8221569061279297
base,CCc1nnc(SCC(=O)Nc2ccc3c(c2)CCC3)n1N,-1.4739243984222412
base,COCCCC1CCN(Cc2c(C)[nH]c3cc(OC)ccc23)CC1,-2.4622952938079834
base,CC(=O)Nc1ccc(S(=O)(=O)NCC(=O)NCC(=O)OCC(=O)N(C)c2ccc(F)cc2)cc1,-2.12911319732666
base,N#C[C@@H](Nc1cccc(C(F)(F)F)c1)c1ccc(Oc2ncccn2)cc1,-1.898970127105713
base,O=C(c1ccc(Br)cc1O)[C@H]1CCCN(C(=O)CSc2ccccc2)C1,-3.2112276554107666
base,O=C(c1ccco1)N1CCN=C1SCc1ccccc1Cl,-2.3290607929229736
base,CN1CCc2cccc(OCC(=O)N(C)[C@@H]3CCS(=O)(=O)C3)c2CC1,-2.5030341148376465
base,O=[N+]([O-])c1cc(Cl)c(O)c2ncccc12,-1.9935381412506104
base,NOCC(=O)Nc1ncc(-c2ccccc2)s1,-1.7210086584091187
base,O=S(=O)(Cc1ccccc1)Nc1cccc2c1CCCC2,-2.998110294342041
base,Cc1ccc(-n2nc3c(N4CCC(C(=O)NCc5ccccc5Cl)CC4)nnc(C)c3c2C)cc1,-1.756717324256897
base,CO[C-]1C=C2Nc3ccccc3C(=O)N2c2ccc(S(=O)(=O)Nc3ccc(O)cc3C)cc21.[H+],-2.3828799724578857
base,C=CCNc1nc([C@@]2(C)C[C@@]3(CC(C)(C)OC3=O)C(=O)O2)cs1,-2.419826030731201
base,O=C(NC[C@H]1CCCO1)c1cc2n(n1)[C@H](C(F)(F)F)C[C@@H](c1ccco1)N2,-1.898970127105713
base,Clc1ccc(/N=C/N/N=C/C=C/c2ccco2)cc1Cl,-1.8830875158309937
base,COc1nc(Oc2ccc(Cl)cc2)nc(N(C)OC)n1,-1.5995122194290161
base,O=S(=O)(c1ccccc1)N1CCN(c2ncnc3scc(-c4ccccc4)c23)CC1,-2.004145860671997
base,CCOC(=O)Nc1sc(=S)n(C)c1C,-1.924782633781433
base,[CH2+]CN(C[C-](C)C)C(=S)Nc1cccc(S(=O)(=O)N(C)c2ccccc2)c1,-2.1825454235076904
base,CN(Cc1ccccc1)C(=O)c1cc(COc2ccc(F)cc2Cl)on1,-2.54217791557312
base,CN1CCN(C(=O)c2cccn2C)CC1,-1.5962363481521606
base,CCNC(=S)N(CCc1ccccc1)CCc1nc(-c2cccs2)no1,-1.8613009452819824
base,O=C(Nc1cccc(-c2nnco2)c1)c1cccc(F)c1,-1.931758999824524
base,CCN(CC)S(=O)(=O)c1ccc(C(=O)O[C@@H]2CCCCC2=O)cc1,-3.131344795227051
base,CCCNC(=S)N(C)/N=C/c1ccc(OCCc2cccs2)c(OC)c1,-2.14487624168396
base,CN(C)S(=O)(=O)N1CCN(S(=O)(=O)N2CCOCC2)CC1,-1.6481837034225464
base,O=C(Cc1ccco1)N/N=C1\C(=O)Nc2ccc(Br)cc21,-1.931758999824524
base,C[C@@H](CN(C)Cc1ccccc1)OC(=O)c1ccc(Oc2ccccc2)cc1,-3.285198450088501
base,OCCN(CC#C[C@@](O)(c1ccccc1)C1CCCC1)CCO,-3.0888755321502686
base,Brc1ccccc1OCCN1CCCC1,-2.662587881088257
base,[O-]N([O-])[C+]1[CH-][CH+][CH-][CH+][C+]1[S+2]([O-])([O-])[N-][C][C+]1[C][N-]1,-1.7210086584091187
base,NS(=O)(=O)c1cccnc1Nc1cccc2ncccc12,-1.6481837034225464
base,NS(=O)(=O)c1cccc(NC(=O)[C@@H]2CC(=O)N(Cc3ccccc3)C2)c1,-2.14487624168396
base,N#CN/C(=N\c1ccc(Cl)c(Cl)c1)Oc1ccccc1,-1.8830875158309937
base,CCNc1nc2ccccc2[nH]1,-1.3739230632781982
base,CCC1=N[C@@H](c2ccc(OC)cc2)N(O)C1(C)C,-2.1753058433532715
base,O=C(NN1CCOCC1)c1ccccc1Nc1ccc(S(=O)(=O)Nc2nccs2)cc1,-1.8162105083465576
base,CCCCCOC(=O)CCCc1ccccc1,-5.831882476806641
base,CC(=O)N[C@H](NC(=O)c1cc(Br)ccc1Br)c1ccccc1,-2.3754727840423584
base,Nn1cc([N+](=O)[O-])nc1[N+](=O)[O-],-0.869676411151886
base,O=S(=O)(NC[C@H](O)c1ccccc1)c1ccccc1,-2.8982770442962646
base,[O-][C]c1nn([C+]2=CC=CC=C2)nc1NC1=NN(c2ccc(Br)cc2)CS1,-1.4599595069885254
base,Cn1c(N)c(C(=O)COC(=O)[C@H](Cc2ccccc2)N2C(=O)c3ccccc3C2=O)c(=O)n(C)c1=O,-2.186189889907837
base,O=CN(Cc1ccc2c(c1)OCO2)[C@@H](CO)NS(=O)(=O)c1ccc(-c2ccccc2)cc1,-2.749457359313965
base,CN[C-]1[CH+][N-]N([C+]2[CH+][CH-][c+]3[cH-][cH+][cH-][cH+][c-]3[CH+]2)[C-]([O-])[C+]1N1[N-][C+]([C+](N)[O-])[c-]2[cH+][cH-][cH+][cH-][c+]2[C-]1[O-].[H+],-1.6979632377624512
base,FCCCOc1ccc(OCCNCc2ccccc2)cc1,-3.044522523880005
base,COc1cc(Cn2ccnc2C)cc(Br)c1O,-2.1183104515075684
base,O=C(/C=C/c1ccco1)NCC(=O)N/N=C/c1cccs1,-1.931758999824524
base,C=CCNS(=O)(=O)c1ccc(NC(=O)Cc2ccc(OC)cc2)cc1,-2.5030341148376465
base,CCN(Cc1ccccc1)C(=O)Cn1c(=O)oc2ccccc21,-2.419826030731201
base,Cc1cccnc1CSc1nc2c(c(=O)n(C)c(=O)n2C)n1C,-1.5182775259017944
base,C[C@H](Sc1nc2cccnc2n1Cc1ccccc1)C(=O)NCc1ccc2c(c1)OCO2,-2.068580389022827
base,O=C1CN(C2CCCCC2)CN1c1ccccc1,-2.1753058433532715
base,O=C(Nc1cccc(S(=O)(=O)N(CCc2ccco2)c2ccccc2)c1)c1cccc2ccccc12,-2.8670670986175537
base,CN1CCN(C(=O)C2=C[C@H](c3coc4ccccc4c3=O)C[C@H](OCCCCO)O2)CC1,-2.749457359313965
base,CCN(CC(=O)NCCc1cccc(C(F)(F)F)c1)Cc1ccccc1,-2.54217791557312
base,FC(F)Oc1ccccc1NC(=S)Nc1ccccc1Cl,-2.3290607929229736
base,O=C(N/N=C/c1ccc(Sc2nccs2)o1)[C@H]1COc2ccccc2O1,-2.14487624168396
base,COc1cc(S(=O)(=O)NCCN2CCCC2)c(C)cc1C,-2.3290607929229736
base,O=C(N/N=C/[C-]=C\c1ccccc1[N+](=O)[O-])c1ccccn1.[H+],-1.6945956945419312
base,CCOC(=O)N1CCN(C(=O)c2cc3c(=O)n4cccc(C)c4nc3s2)CC1,-1.9352717399597168
base,O=C(Nc1ccc(-c2nc3ccccc3s2)cc1)c1ccccc1,-2.4622952938079834
base,O=C(NC(=S)Nc1nccc(-c2ccco2)n1)c1ccccc1F,-1.7814180850982666
base,Cc1c(C(=O)Nc2nnn(C)n2)oc2ccccc12,-1.3276787996292114
base,O=C(NNc1c(F)c(F)cc(F)c1F)c1cn(-c2ccccc2)nc1-c1cccc(Br)c1,-2.068580389022827
base,Brc1ccccc1CNCCc1cccnc1,-2.1183104515075684
base,Clc1ccccc1OCCn1cc2c(n1)CCCCC2,-2.2803893089294434
base,Cc1nc(/C(N)=N/OC(=O)Cc2ccccc2)cs1,-1.8319255113601685
base,Cc1[nH]c2ccccc2c1C(=O)C(=O)N[C@H](C)c1ccccc1,-2.419826030731201
base,CCCCCOc1ccccc1CCNCCCN(CC)CC,-2.419826030731201
base,CC(C)C(=O)Oc1ccc2c(c1)oc1ccccc12,-5.9427995681762695
base,Fc1ccc([C@@H](c2ccccc2)N2CCN(c3ncncc3F)CC2)cc1,-1.898970127105713
base,CCNCc1ccc(CNC(=O)c2ccco2)cc1,-2.229227304458618
base,CN(C)C(=O)N/N=C\c1ccc(C(C)(C)C)cc1,-1.7780040502548218
base,[O-][C+]1[CH-][CH+][CH-][c+]2[cH-][c+](N([O-])[O-])[c-](Cl)[cH+][c-]2N1CCCCCCCN1CCC(O)CC1,-2.2877211570739746
base,O=C(Cc1ccccc1F)Nc1nnc(COc2ccc(F)cc2)s1,-2.1057322025299072
base,O=C(C[C@@H]1CC(=O)N(C2CC2)c2[nH]c(=O)[nH]c(=O)c21)N1CCOCC1,-1.8221569061279297
base,CNNC1CCCCC1,-1.4849249124526978
base,COCc1ccc(CN2CCC(C(=O)Nc3ccc(-c4cccc(Cl)c4)cc3)CC2)o1,-2.717759132385254
base,O=[N+]([O-])c1cccnc1NNCCO,-1.2439055442810059
base,[H+].[OH-].[O][C](O)[C](C[CH+]C[CH-]CO)[C]([C][C]C[C]CC[C+]1[CH][CH]C(O)CC1)CC1CCC2(CC1)[C]([O])N[C]1[CH][CH][CH][CH][C]12,-3.6660006046295166
base,Cc1ccccc1-n1cc(CNCCCn2cccn2)c(-c2ccccc2)n1,-1.7146004438400269
base,[O-][C+]1CCCN1CCCC[N-]CC1CCCC([c+]2[cH-][cH+][c-]([C+]([O-])N3CCN([c-]4[cH+][cH-][cH+][cH+][n-]4)CC3)[cH+][cH-]2)C1,-2.019512891769409
base,[CH2+][C+]1[C+]([C-](C)[O-])[C+](C)[CH-][CH+][C-]1[C-]1[C+]([CH-][CH+][C-]([O-])C(F)(F)F)CC2[C+]([O-])N(C)C[C+]([O-])N12,-2.717759132385254
base,CC[C@H](NS(=O)(=O)c1ccc(C)cc1)C(=O)NC1CCCC1,-2.3754727840423584
base,Brc1ccc(-c2nc3ncccn3c2NC2CCCCC2)o1,-1.6945956945419312
base,CCC(=O)Nc1cccc(C(=O)Nc2ncc([N+](=O)[O-])s2)c1,-1.6945956945419312
base,COc1ccc(C2(CNC(=O)C(C)C)CCCC2)cc1OC,-3.044522523880005
base,CC(=O)N1CC=C[C@@H]1C(=O)NC1(C(=O)NC2CCN(C3CCCCC3)CC2)CCCCC1,-2.068580389022827
base,COc1cc(CC(=O)Nc2cc(C)cc(C)c2)ccc1Oc1nc(Cl)ncc1F,-2.2538769245147705
base,CCC[C@@H](NS(=O)(=O)c1ccc(Br)cc1)C(=O)OCC(=O)Nc1ccc(N2CCCCC2)cc1,-2.4126884937286377
base,O=C(Nc1ccccc1NC(=O)NC(F)(F)C(F)(F)F)NC1CCCCC1,-1.898970127105713
base,O=C(CSc1nnc(C2CCCCC2)o1)[C@@H]1COc2ccccc2O1,-2.5030341148376465
base,BrCn1c([C@H](Sc2ccccn2)c2ccccc2)nc2ccccc21,-2.1057322025299072
base,[H+].[H+].[NH-][C+]1[C+]2[CH-][N-]O[C-]2C([C+]2[CH+][CH-][C+](OCCC(F)(F)C(F)F)[CH-][CH+]2)N1[c-]1[cH+][cH-][n-][c+]2[cH+][cH-][cH+][cH-][c+]21,-2.12911319732666
base,Clc1ccc(N2C=N[C@H](Oc3cccnc3)CC2)cc1Cl,-1.931758999824524
base,O=C(COc1ccccc1)Nc1cccc(OCCO)c1,-2.998110294342041
base,O=C1CN(CC(=O)N2CCCCC2)c2ccccc2O1,-2.2803893089294434
base,FC(F)Oc1ccc(NC(=S)NCCc2c[nH]c3ccccc23)cc1,-2.1057322025299072
base,[NH-]CC(O)CCC[C+]1[CH-]N(CC[c+]2[cH+][c+]3[cH-][cH+][cH-][cH+][c-]3n3[n-][n-][n-][c+]2-3)[N-][N-]1,-1.21201491355896
base,S=c1[nH]nc(-c2cccs2)n1CCCN1CCOCC1,-1.5995122194290161
base,CO/N=C(\C)CC(=O)N[C@H](C)c1ccccc1,-2.1183104515075684
base,Clc1ccc(-c2noc3ncnc(N4CCOCC4)c23)cc1,-1.6945956945419312
base,NS(=O)(=O)c1ccc(N2CCCC2=O)c(NC(=O)COC(=O)c2cc(F)cc(F)c2)c1,-2.3204572200775146
base,COCc1c(C(=O)NNC(=O)c2ccc(C)cc2)nnn1-c1nonc1N,-1.21201491355896
base,COc1cc2c(cc1OC)C(=O)/C(=C(/O)c1ccc(CN3CCOCC3)cc1)C2,-3.320228338241577
base,COc1ccc(C(=O)[C@H]2CCCCCN2C(=O)c2ccccc2Cl)cc1OC,-3.285198450088501
base,CCOCCCn1c(SCc2cc(=O)n3ccsc3n2)nc2ccccc2c1=O,-1.970301628112793
base,O=[N+]([O-])c1ccc(NC2=NS(=O)(=O)c3ccccc32)cc1NCCOCCO,-1.9352717399597168
base,O=[N+]([O-])c1cccc2c(S(=O)(=O)N3CCCC3)cccc12,-2.3290607929229736
base,COc1ccc(Br)cc1CNC(=O)c1ccc(C(C)(C)C)cc1,-3.0888755321502686
base,CN(Cc1ccccc1)C[C@H](O)COCc1ccc2ccccc2c1,-3.172083616256714
base,COCCC(=O)N1CCNC(=O)[C@@H]1CC(=O)Nc1nccs1,-1.6945956945419312
base,O=C(NCCOc1ccccc1C1CCN(Cc2ccccc2)CC1)c1ccccc1,-2.717759132385254
base,COCCN(C(=O)c1csnn1)[C@@H](C(=O)NC1CCCCC1)c1cc2cc(C)ccc2[nH]c1=O,-1.9084417819976807
base,CC(C)(C)C(=O)OCc1cn(-c2ccccc2)nn1,-1.8319255113601685
base,CCCCNC(=O)[C@]12C[C@H]3C[C@H](C[C@H](C3)C1)C2,-2.7873599529266357
base,S=c1n(Cc2ccccc2)c2ccnc3c2n1CCCC3,-1.931758999824524
base,O=C(/C=C\c1ccccc1)Nc1ccc(NC(=O)c2c(F)cccc2Cl)c(C(=O)O)c1,-2.717759132385254
base,CO[c-]1[cH+][cH-][cH+][cH-][c+]1N1[CH-]CN(C[c+]2[cH-][cH+][cH-][c+]3[cH-][cH+][cH-][cH+][c-]23)CC1,-2.5030341148376465
base,C=[N+]=[C-]/[S+]=C/C.C[C-](C)Oc1ccc(Br)cc1,-2.7873599529266357
base,COC(=O)c1ccccc1NC(=S)N(Cc1ccccc1)Cc1ccc(OC)c(OC)c1,-2.749457359313965
base,COc1ccccc1C(=O)NCC(=O)OCC(=O)Nc1ccc(S(=O)(=O)N2C[C@H](C)C[C@H](C)C2)cc1,-2.4697651863098145
base,COc1ccc(/C=C/C(=O)OCC(=O)N[C@H](C)c2ccccc2)cc1,-3.172083616256714
base,Cn1c2ccc(F)cc2c2nnc(SCC(=O)Nc3cccc4cccnc34)nc21,-1.60280442237854
base,CCOc1ccc(OCCOCCN2CCc3ccccc3C2)cc1,-3.172083616256714
base,CCC(=O)c1ccc(S(=O)(=O)N2C[C@H](C)O[C@@H](C)C2)cc1O,-3.044522523880005
base,O=C(NNS(=O)(=O)c1ccccc1C(F)(F)F)c1cc(-c2ccccc2Cl)n[nH]1,-1.970301628112793
base,Cc1ccc2c(COC(=O)CNC(=O)c3ccccc3Cl)cc(=O)oc2c1,-3.248896837234497
base,COc1cccc(S(=O)(=O)N2CCC(C(=O)NC[C@H]3CCCCO3)CC2)c1,-2.5798470973968506
base,N#Cc1sc2nc3c(c(-c4ccc(F)cc4)c2c1N)CCCC3,-2.022524118423462
base,CCOc1ccc2nc(-c3ccc(OC(=O)N(CC)S(=O)(=O)c4ccccc4)cc3)cc(C)c2c1,-2.8389358520507812
base,Clc1ccc([C@H](c2c[nH]c3ccccc23)N2CCN(c3ncccn3)CC2)cc1,-1.7496302127838135
base,Fc1ccc(Cn2nnnc2[C@@H](c2ccccc2C(F)(F)F)N2CCC(n3nnc4cc(C(F)(F)F)ccc43)CC2)cc1,-1.6766901016235352
base,CO[C]1[CH][CH][CH][C]([C]([O])[O+][N][C][CH][CH][C]2[CH][CH][CH]O2)[CH]1,-2.94943904876709
base,O=C(NC(=S)Nc1cccc(N2CCOCC2)n1)c1ccco1,-1.738948941230774
base,CNC(=O)c1ccc(OCC(N)=O)cc1,-1.9935381412506104
base,O=C(Nc1cccnc1)N1CCC[C@H](O)C1,-1.660567283630371
base,COc1ccc(-c2nnn(CC(=O)N(Cc3ccco3)C3CCCCC3)n2)cc1,-1.7496302127838135
base,O=C(C1CC1)N1CCc2cc(S(=O)(=O)NCCCCO)ccc21,-2.419826030731201
base,Cc1cc(C(F)(F)F)nn1CCCC(=O)Nc1cc(C(C)(C)C)nn1-c1ccccc1,-1.8162105083465576
base,O=C(NNC(=O)C1CCN(S(=O)(=O)CCC(F)(F)F)CC1)C1CCCCC1,-2.1825454235076904
base,CCOc1ccc2c(c1)[C@H](N(CCN1CCOCC1)C(=O)Nc1ccccc1)CC(C)(C)O2,-2.3828799724578857
base,O=C(NCCc1ccc(OS(=O)(=O)c2ccc(Cl)cc2)cc1)c1cccs1,-3.248896837234497
base,CC1=C(C(=O)OC2CCCCC2)[C@@H](c2ccc(C)o2)C2=C(CCCC2=O)N1,-3.248896837234497
base,N#Cc1ccc(C(N)=S)cc1,-1.6845905780792236
base,Fc1ccc(-c2nnc(N3CCOCC3)c3ccccc23)cc1,-2.022524118423462
base,C[CH-]CC(C[C+]([C+]([O-])OCC)[C-](C)C)[C+]([O-])NC(C[c+]1[cH-][cH+][c-]([S+2](N)([O-])[O-])[cH+][cH-]1)[C+]([O-])O,-2.749457359313965
base,CCOc1cccc(OCCOCCN2CCN(C)CC2)c1,-2.3754727840423584
base,COc1ccccc1/C=N/N1CCN(c2ccc(C)cc2C)CC1,-2.064993381500244
base,CCOc1cc(C(=O)Nc2c(C)ccc3nsnc23)cc(OCC)c1OCC,-2.2188470363616943
base,COCCNC(=O)Cn1cnc2c(oc3cccc(C)c32)c1=O,-2.022524118423462
base,Clc1ccccc1OCCOc1ccccc1Br,-5.888877868652344
base,O=C(CNS(=O)(=O)c1ccccc1)OCC(=O)c1ccccc1Cl,-3.131344795227051
base,O=C(Nc1ccc(S(=O)(=O)NCc2ccccc2)cc1)c1ccccc1[N+](=O)[O-],-2.2538769245147705
base,Cc1ccc(NC(=O)NCCN2CCCCC2)cc1,-1.8319255113601685
base,O[C-](O)CS[c+]1[n-][n-][c+](C[c+]2[cH-][cH+][cH-][cH+][cH-]2)n1CC[c+]1[cH-][cH+][cH-][cH+][cH-]1,-2.1057322025299072
base,S=C(Nc1cccc2cnccc12)NC1CCN(Cc2ccccc2)CC1,-1.898970127105713
base,[O][C](NN[C+]1[N][C]2[CH][CH][CH][CH][C]2N1)N[C]1[CH][CH][CH][C](N([O-])[O-])[CH]1,-1.337607502937317
base,NC(=O)c1oc2ccccc2c1NC(=O)c1ccco1,-2.2803893089294434
base,O=C(/C=C/c1ccco1)N/C(=C/c1ccco1)C(=O)NCCSc1ccccn1,-2.2538769245147705
base,[CH2+]C[S@@](=O)([O-])=N/C(N=c1cc[c-](S(N)(=O)=O)cc1)=[S+]/CC(=O)Nc1ccccc1,-1.970301628112793
base,CN1CCN(c2ncnc3c2[nH]c2ccc(Cl)cc23)CC1,-1.427512288093567
base,OCC1CC(O)C(O)C(O[N-]N2CCN(C[c+]3[cH-][cH+][c-]4[c+]([cH-]3)OCO4)CC2)O1,-2.2188470363616943
base,C[C@@H](O)CNc1ncnc2cc(-c3ccccc3)sc12,-1.8830875158309937
base,NC(=O)[C@H](c1cccc([N+](=O)[O-])c1)N(C(=O)C1CC1)c1ccc(F)cc1,-2.14487624168396
base,O=[N+]([O-])c1cc(Sc2nc3ccccc3s2)ccc1NCc1ccccc1,-2.1825454235076904
base,COc1ccc(OCCNC(=O)CCC(=O)Nc2ccc(F)cc2C)cc1,-2.5798470973968506
base,CSCCOc1ccccc1,-5.398162841796875
base,C[C@H]1Oc2ccccc2N(CC(=O)c2cccc(Cl)c2)C1=O,-3.044522523880005
base,O=S(=O)(/C=C/c1ccccc1)NCCSc1ccccc1,-2.998110294342041
base,O=S(=O)(NCCCNc1nccc(C(F)(F)F)n1)c1ccccc1,-1.7814180850982666
base,O=[N+]([O-])c1cc(NC(=S)Nc2ccc(F)c(Cl)c2)ccc1N1CCCCC1,-1.898970127105713
base,CCOCc1nc2[s+]c(C)c(C)c-2c([O-])[nH]1,-2.0578689575195312
base,COc1cc(C(=O)N/N=C/c2ccccc2OCc2ccc(F)cc2)cc(Cl)c1OC,-2.717759132385254
base,COc1ccccc1OCCSc1ncccn1,-2.1753058433532715
base,[H+].[H+].[H+].[O-]C([O-])=[C-][NH2+][C@@H]1OC([O-])=N/C1=N/C(c1ccccc1)c1ccccc1,-2.1057322025299072
base,FC(F)Oc1ccc(-n2cn[nH]c2=S)cc1,-1.660567283630371
base,O=C(NC(=S)NC[C@@H]1CCCO1)c1ccco1,-2.1183104515075684
base,Cc1[nH]n(CCc2ccccc2)c(=O)c1-c1ccc2ccccc2c1,-2.5030341148376465
base,CCC(=O)OCc1nnc(-c2ccccc2)o1,-2.1183104515075684
base,CC(C)N(C(=O)Cc1ccccc1[N+](=O)[O-])C(C)C,-2.229227304458618
base,Cc1ccc([C@@H](c2nnnn2C[C@@H]2CCCO2)N2CCN(c3cccc(C)c3C)CC2)cc1,-1.6979632377624512
base,[H]/[C-]=C/[CH-]/C1=[C-]\C#[S+2]/C(=N\C(=O)/[C-]=C/C(=O)c2[c-]cccc2)[N+]#C/C=N/c2[c-]cc(cc2)[S@+3](=O)([O-])[NH2+]1,-2.1580586433410645
base,CC(C)CCCNC(=O)CN(C)Cc1ccco1,-2.1753058433532715
base,NC(=O)N[N+]1=C2CCC3=C([O-])NC(=O)C3=C[C@H]21,-1.4374333620071411
base,COc1ccc2[nH]cc(CCN)c2c1,-1.924782633781433
base,CC(=O)Nc1ccc2nnc(CCN(Cc3ccccc3)C(=O)Cc3ccccc3)n2c1,-1.8479089736938477
base,COc1ccc(C(=O)N2CCC[C@@H]2C(=O)O)cc1S(=O)(=O)N(C)c1ccc(C)c(C)c1,-2.717759132385254
base,F[c-]1[cH+][cH-][c+](-[c-]2[n-][c+]3[cH+][cH-][cH+][cH-][c+]3[c-]3[c+]2[N-][CH+][N-][N-]3)[cH-][cH+]1.[H+],-1.6481837034225464
base,Oc1cc2c(cc1CN1CCCCCC1)OCO2,-2.844355583190918
base,N[S+2]([O-])([O-])[C-]1[CH+][C][C+](N(C2CCCC2)[S+2]([O-])([O-])[c-]2[cH+][cH-][c+](Br)[cH-][cH+]2)[CH-][CH+]1,-2.54217791557312
base,COCCCNC(=S)Nc1ccc(SC(F)F)cc1,-2.229227304458618
base,[CH2+]CCCC[CH+][C][C+]([O-])[N-][C+]1CCCN([C-]([O-])OCC)C1.[H+],-2.3290607929229736
base,COc1cc(/C=N\NC(=O)c2ccc3ccccc3c2)cc(OC)c1O,-2.54217791557312
base,C[C@@H](O)CN(CCC(N)=O)CCC(=O)O,-1.9935381412506104
base,CCCCN(C(=O)CCC(=O)Nc1nccs1)[C@H](C(=O)NC1CCCCC1)c1ccc(F)cc1,-2.12911319732666
base,COc1ccc([C@@H]2C(C(=O)c3cccs3)=C(O)C(=O)N2c2cc(C)on2)cc1OC,-2.6850228309631348
base,O/N=C/c1cc2ccccc2n1Cc1ccccc1,-2.229227304458618
base,Clc1ccccc1CNc1ncnc2nc[nH]c12,-1.2737574577331543
base,CC(=O)N1c2ccc(S(=O)(=O)NC[C@H]3CC[C@H](C(=O)N4CCOCC4)CC3)cc2C[C@@H]1C,-2.3521556854248047
base,COc1ccc(CCNc2c(O)ccc3ccccc23)cc1OC,-3.131344795227051
base,CCOc1cc(C(=O)NCCSc2ccccc2)cc(OCC)c1OCC,-3.248896837234497
base,O=S(=O)(c1ccc2ccccc2c1)N1CCN(c2ccccc2F)CC1,-2.54217791557312
base,Cc1ccc2[nH]c(=O)c([C@@H](C(=O)O)N3CCC(C(=O)N4CCOCC4)CC3)cc2c1,-2.2877211570739746
base,O=C(c1ccccc1)[C@@H](O)c1ccccc1,-5.7714409828186035
base,Nc1nc(F)cc(NCc2cccnc2)n1,-1.156320571899414
base,Cn1nnnc1NC(=O)Nc1cccc(C(F)(F)F)c1,-1.1981709003448486
base,Nc1nnc(SCC(=O)N2CCN(c3ccccc3F)CC2)n1-c1ccccc1,-1.568960189819336
base,C[c+]1[cH+][c-](C)[n-][c+](N[S+2]([O-])([O-])[c-]2[cH+][cH-][c+](N[C-]([O-])CS[c+]3[n-][c+]4[n-][cH+][n-][cH+]n4[nH]3)[cH-][cH+]2)[n-]1,-1.264532446861267
base,O=C(O)c1cccc(OCCn2ccnc2)c1,-2.1183104515075684
base,CCN1CC(=O)N2[C@H](c3ccco3)[C@@H]3C(=O)N([C@H](C)C(=O)OCCOC)C(=O)[C@@H]3[C@]2(C)C1=O,-2.3828799724578857
base,[CH2-]N(CCN)[C-]([O-])CNC[C+]1[CH+][CH-][CH+][CH-][CH+]1,-1.660567283630371
base,Cc1ccc2c(CC#N)coc2c1,-2.519998073577881
base,CCC(=O)Nc1ccc(S(=O)(=O)N2CCOCC2)cc1,-2.2803893089294434
base,Cc1ccc2cn[nH]c2c1N,-1.287288784980774
base,CC[C@H](C)N(C)C(=O)c1ccccn1,-1.924782633781433
base,CC(=O)Nc1c(C(=O)N2CCOCC2)cnn1-c1ccc(F)cc1,-1.7814180850982666
base,C[C@H](CN1CCN(c2ccccc2)CC1)OC(=O)c1ccc(S(=O)(=O)N2CCOCC2)cc1,-2.3828799724578857
base,Fc1cnc(N2CCOCC2)nc1N1CCN(c2ccccn2)CC1,-1.4208155870437622
base,O=NN1CCN(c2ccc([N+](=O)[O-])cc2-n2cccc2)CC1,-1.4739243984222412
base,FC(F)(F)c1nc(NCc2cccnc2)c2ccccc2n1,-1.6945956945419312
base,Brc1ccc2nc(N3CCCCC3)sc2c1,-2.0578689575195312
base,[O-][S@+](NCc1ccco1)[C@]12C[C@H]3C[C@H](C[C@H](C3)C1)C2,-2.8982770442962646
base,OC[C@@H](O)CN1CCN(c2nc3ccccc3s2)CC1,-1.8830875158309937
base,O=C(NC[C@H]1CCCO1)c1ccc(-c2cc3ccccc3oc2=O)cc1,-3.2112276554107666
base,F[C+]1[CH-][CH+][C+](N2[C+](SC[C-]3[CH+]N[C-]4[CH+][CH-][CH+][CH-]N34)[N-][N-][C-]2CN[c+]2[cH-][cH+][c-](F)[cH+][cH-]2)[CH+][CH-]1,-1.6672389507293701
base,CCCCN(C(=O)NC(=O)Nc1ccc(OC)cc1Br)S(=O)(=O)c1ccccc1,-2.2538769245147705
base,N#C[C-]1N=N[C@@]23C4([O-])N5[C@]6(C/[S+]=c7\[n-]c8ccccc8s7)[N@@H+]7[C@]12[S@OH28]57463.[H+],-1.3800767660140991
base,CCCNC(=O)CSCCC,-2.35364031791687
base,Cc1ccc(OC[C@@H](O)Cn2c3ccccc3c3ccccc32)c([N+](=O)[O-])n1,-2.2188470363616943
base,CCOc1cc(C(=O)N/N=C/c2ccsc2)cc(OCC)c1OCC,-2.5030341148376465
base,C=C(C)/C=C1\[C-]=CC(C(=O)OC)=[N+]1CC(=O)O,-2.7873599529266357
base,CO[c-]1[cH+][cH-][c+]([C-]([O-])N[C+]2[CH+][C-]([O-])[CH+][CH+][CH-]2)[cH-][c+]1[S+2]([O-])([O-])N[c-]1[cH+][cH-][c+](F)[cH-][cH+]1,-2.6511785984039307
base,S=c1[nH]nc(CN2CCCC2)n1-c1ccc2c(c1)OCCO2,-1.6945956945419312
base,O=[P@](CCNC1CC1)(Cc1ccccc1)c1ccccc1,-2.998110294342041
base,O=C(COc1cccc2ccccc12)N(Cc1ccc(Oc2ccccc2)nn1)C1CC1,-2.3521556854248047
base,O=C(/C=C/c1ccccc1[N+](=O)[O-])c1ccc(O)cc1,-2.94943904876709
base,Cc1ccc(CNS(=O)(=O)c2ccc3c(c2)NC(=O)CO3)cc1,-2.419826030731201
base,NC(=O)CNC(=O)[C@@H]1CCC(=O)N1,-1.4536465406417847
base,S=C(Nc1ccccc1)NC1CCCC1,-1.9935381412506104
base,COc1ccccc1NC(=O)C(=O)N(CC(=O)NC1CCCCC1)c1ccccc1OC,-2.3521556854248047
base,COc1ccccc1/C=C/C=C1/C(N)=CC=C1S(=O)(=O)N/C(=N/C1CCCCC1)SC,-2.3204572200775146
base,CO[C-]([O-])[CH+][CH+][C+]([O-])OC[C-]([O-])N1[C+]2[CH+][CH-][CH+][CH-][C+]2OC[CH-]C1OC,-3.172083616256714
base,O=C(O[C@H]1O[C@@H](CO)[C@H](O)[C@@H](O)[C@@H]1O)c1ccc(O)cc1O,-6.08904504776001
base,COc1ccc(NC(=O)c2ncn[nH]2)cc1,-1.3769919872283936
base,CN(CCCNC(=O)N1C(=O)CS[C@H]1c1ccc(Br)cc1)C1CCCCC1,-2.1825454235076904
base,COCCNC(=O)c1cn(Cc2ccccc2C)nn1,-1.5995122194290161
base,NN(Cc1nc(Cc2ccccc2Cl)no1)S(=O)(=O)c1cc(F)ccc1F,-1.898970127105713
base,COc1ccc2cc(C(=O)N3C[C@H](O)[C@@H](N4CCN(C)CC4)C3)[nH]c2c1,-1.8613009452819824
base,COc1ccccc1N1CCN(CCO)CC1,-2.1183104515075684
base,COc1ccc(-c2nnc(SCC(=O)N3CCCc4ccccc43)o2)cc1OC,-2.2538769245147705
base,Cl[C+]1[C-](Cl)[CH-][CH+]C23C[C+](Br)[N-]n4[cH+][n-][cH+][cH-][c+]4[O+]2[C-]13,-1.8319255113601685
base,NNC(=O)Nc1ccccc1F,-1.3739230632781982
base,ClC[C@@H]1CN(Cc2ccccc2)CCO1,-2.662587881088257
base,NS(=O)(=O)c1cccc(NC(=S)N/N=C\c2ccc3c(c2)OCO3)c1,-1.8221569061279297
base,CCCCN(CC(=O)Nc1ccccc1OC)C(=O)C[C@@H]1OC(=O)c2ccccc21,-2.6850228309631348
base,N#CCCCSc1nnc(Cc2ccccc2)o1,-1.7780040502548218
base,O=[P@@](Nc1ccccn1)(c1ccccc1)c1ccc(Br)cc1,-2.3754727840423584
base,C[C@@H](Sc1nc(N)cc(N)n1)C(N)=O,-1.0232341289520264
base,O=C(NCC(=O)N1CCN(C(=O)[C@]23C[C@H]4C[C@H](C[C@H](C4)C2)C3)CC1)OCc1ccccc1,-2.3521556854248047
base,CCCC(=O)N1CC(=O)N(Cc2ccc(C(=O)OC)cc2)C(=O)[C@H]1Cc1ccc(OC)cc1,-2.780181884765625
base,CCCC(=O)NC1=[S+]C2=C(CCCC2)/C1=C(/[O-])Nc1nncs1,-1.738948941230774
base,COc1ccc(/C=C/C(=O)O)cc1S(=O)(=O)n1nc(C)c(C(C)=O)c1C,-2.54217791557312
base,COc1cc(NC(=O)c2ccccc2)c(OC)cc1NC(=O)CCCNC(=O)c1ccco1,-2.3828799724578857
base,ClCCSc1nnc(/C=C/c2ccccc2)o1,-2.1183104515075684
base,[H+].[H+].[O-][S+2]([O-])(C[c-]1[cH+][cH-][cH+][cH+][n-]1)[c-]1[cH+][cH-][c+](O[c-]2[cH+][cH-][c+](S[C-]3[C][C][CH+][CH-][CH+]3)[cH-][cH+]2)[cH-][cH+]1,-3.3540725708007812
base,O=C1NC2(CCCCC2)Cc2ccccc21,-2.7269186973571777
base,COc1cccc(N2C[C@@H](CC(=O)NC[C@H]3CC[C@H](C(=O)O)CC3)CC2=O)c1Cl,-2.6511785984039307
base,COc1cc(C[C@@H](CO)[C@H](CO)[C@@H]2OCCc3c2cc(OC)c(OC)c3OC)ccc1O,-6.463029384613037
base,CCn1c(SCC(=O)Nc2ccccc2C(=O)OC)nc2c1c(=O)n(C)c(=O)n2C,-1.7834744453430176
base,O=S(=O)(CCSCc1ccccn1)c1ccc(Oc2ccc(O)cc2)cc1,-3.248896837234497
base,COc1ccc(Cc2nnn(CC(=O)O)n2)cc1,-1.4944287538528442
base,S=C(NCCc1ccccn1)Nc1cc(Cl)cc(Cl)c1,-1.8830875158309937
base,CSc1nn(Cc2cccc(C(F)(F)F)c2)c(=O)[nH]c1=O,-1.931758999824524
base,COc1ccc(NC(=O)C[C@H]2c3ccccc3CCN2C(=O)N(C)C)cc1OC,-2.2538769245147705
base,COc1cccc(CNC(=O)C2c3ccccc3Oc3ccccc32)c1,-3.2112276554107666
base,CN(c1ccccc1)S(=O)(=O)c1ccc(Cl)c(C(=O)O)c1,-2.998110294342041
base,COCCn1c(Sc2nc(C)cs2)nc2c(oc3ccccc32)c1=O,-2.1057322025299072
base,O[c-]1[cH+][cH-][c+]([S-])[cH-][c+]1CN1CCOCC1,-2.662587881088257
base,Fc1ccccc1/C=N\NC(=S)N/N=C/c1ccc(Br)s1,-1.6481837034225464
base,CC[C@H](C)NCC(=O)Nc1ccccc1C#N,-1.7210086584091187
base,SCCO[C@H]1CCCC[C@@H]1Nc1ccccc1,-2.7873599529266357
base,CCOc1ccc(NC(=O)C/[S+]=C2/N=[NH+]C(=O)N2c2ccc(OC)c(N([O-])[O-])c2)cc1,-1.8162105083465576
base,Nn1c(SCC(=O)Nc2ccccc2C(=O)O)nc2ccc(Br)cc2c1=O,-1.898970127105713
base,N#Cc1c([N+](=O)[O-])ccc2c1cnn2C1=NCCC1,-1.3276787996292114
base,Cc1ccncc1NC(=O)CN1CCN(C(=O)c2ccco2)CC1,-1.7814180850982666
base,CC(=O)c1c(C)nc2ccccn12,-1.8509483337402344
base,C=COCCn1c(SCC(=O)NCc2ccco2)nc2ccccc21,-2.1057322025299072
base,CCOc1ccccc1NC(=O)C1=[S+2]=C(c2[c-]c(N([O-])[O-])ccc2)N=C1C.[H+],-2.1825454235076904
base,CCOc1ccc(C(=O)Nc2nnnn2-c2ccccc2)cc1,-1.5182775259017944
base,COc1ccc2c(c1OC)C(=O)N1[C@@H](C(=O)NCCCN3CCc4ccccc4C3)CS[C@H]21,-2.3828799724578857
base,O=C(COC(=O)c1cc(-c2ccco2)nc2ccccc12)Nc1nc(-c2cccc(Br)c2)cs1,-2.4126884937286377
base,CCOC(=O)C1CCN(CCCSc2ccc(C)cc2)CC1,-3.044522523880005
base,O=C(c1cccc(Cl)c1)[C@H]1CCCN(Cc2ccc(N3CCOCC3)cc2)C1,-2.6161489486694336
base,CCOc1cccc(C(=O)OCC(=O)Nc2nc(C)cc(C)n2)c1O,-2.1057322025299072
base,Cc1ccc(NC(=O)CN(Cc2nc3ccccc3c(=O)[nH]2)C[C@@H](C)O)cc1Cl,-1.970301628112793
base,O=C(N/N=C/c1ccccc1OC(=O)c1cc2ccccc2o1)c1cccc(F)c1,-2.6850228309631348
base,NS(=O)(=O)c1ccc(/N=C/c2cccs2)cc1,-2.1183104515075684
base,[H+].[O-][C+](O)C1[CH+][C-]2CCC[C+]2[CH-]C1,-5.48479700088501
base,CCC/[S+]=c1\nc2sc(-c3csc(C)n3)c(C)c2c([O-])n1N,-1.6945956945419312
base,Cc1ccc(NC(=O)CC[N+](=O)[O-])nc1,-1.5962363481521606
base,Fc1ccccc1-c1nc2ccccc2s1,-2.7269186973571777
base,O=C1/N=C(\C=C2\C=CC=C[CH-]2)C(=[NH+]/Cc2ccccn2)/O/[O+]=[C-]/c2cccc3cccc1c23,-2.3828799724578857
base,O=C(CSCCc1nc2ccccc2[nH]1)NCCS(=O)(=O)c1ccc(Cl)cc1,-2.2188470363616943
base,O=C(O)CCc1ccc(-c2cccs2)n1NC(=O)c1cccc(Br)c1,-2.5030341148376465
base,COc1ccccc1C1CCN(CC(=O)Nc2ccc(C)c(F)c2)CC1,-2.54217791557312
base,O=[N+]([O-])c1nn(-c2ccc3c(c2)OCCO3)n(O)/c1=N/CCCO,-1.5607467889785767
base,FC(F)(F)c1ccc2c(C3CCCC3)n[nH]c2n1,-1.7780040502548218
base,CN(C)CCCN1C(=O)CS[C@@H]1c1ccc(Cl)cc1,-2.229227304458618
base,COc1ccccc1OCCOCCOc1ccc(C(C)=O)cc1OC,-6.2557501792907715
base,CNc1ccc(OCC(N)=O)cc1C(=O)c1ccccc1,-2.3290607929229736
base,O=c1[nH]c2ccccc2nc1C(Cl)(Cl)[N+](=O)[O-],-1.7210086584091187
base,CCCOc1ccc(S(=O)(=O)NCCNC(=O)Nc2cccc(F)c2)cc1,-2.1825454235076904
base,NS(=O)(=O)NC1CCCCC1,-1.6845905780792236
base,COc1cc(NS(C)(=O)=O)nc(OCCN2CCCC2=O)n1,-1.6945956945419312
base,CC/C(CC(C)C)=N/NC(=S)NC1CCCCC1,-1.7780040502548218
base,FC(F)(F)[c-]1[cH+][n-][c+](N2CCN([N-]OCCN3CCSCC3)CC2)[c-](Cl)[cH+]1,-1.6782987117767334
base,COc1ccc2nc(C)cc(Nc3ccccc3C#N)c2c1,-1.9781709909439087
base,CCS(=O)(=O)N1CCC(N2CCN(Cc3cccc4ccccc34)CC2)CC1,-2.2188470363616943
base,CCOC(=O)[C@@]1(C)C(c2ccc(Cl)cc2)=C(O)C(=O)N1c1ccc(C)cc1,-3.248896837234497
base,O=C(O)c1ccc(N2CCOCC2)cc1O,-2.7269186973571777
base,Cc1cccc(Oc2nnnn2Cc2ccccc2)c1,-1.5995122194290161
base,CCCCCC[P@@](=O)(c1ccccc1)c1nc(-c2ccccc2)oc1N1CCOCC1,-2.717759132385254
base,CC1=CC(C)=[NH+]/C1=[C-]\N=c1/[nH]c2ccccc2c(=O)n1-c1ccccc1,-1.8613009452819824
base,COc1ccc(CCNC(=O)CNC(=O)CN2CCN(CCc3ccccc3)C2=O)cc1OC(C)C,-2.186189889907837
base,[O][C](O)[C]1[CH][CH][CH][CH][C]1[CH][CH][C]1[CH][CH][CH][CH][C]1[CH][CH]CCN[C]([O])[C]([CH][C]1[CH][CH][C](N([O-])[O-])[CH][CH]1)N[C+]([O])[C]1[CH][CH][CH][CH][CH]1,-2.6701836585998535
base,COc1cccc(CCc2cccnc2)c1,-2.7269186973571777
base,Clc1ccc(SCc2nc3ccccc3[nH]2)cc1,-2.1753058433532715
base,CCN(CC(=O)Nc1ccc(N2CCOCC2)cc1)Cc1nc2ccccc2c(=O)[nH]1,-1.8162105083465576
base,CCOC(=O)c1cc(-c2ccc(C(C)(C)C)cc2)n[nH]1,-2.2803893089294434
base,CCN(C[C+]1[CH][CH][CH][CH][CH]1)N[C]([S])N[C]1[CH][CH][C](N([O-])[O-])[CH][CH]1,-1.738948941230774
base,COc1ccccc1NC(=O)c1cc(C(C)C)on1,-2.229227304458618
base,COCCNC(=O)NC(=O)c1cc(-c2ccc(C)s2)nc2ccccc12,-2.14487624168396
base,Clc1ccc(-c2nnc(Nc3nc4ccccc4c4ccccc34)o2)cc1,-1.898970127105713
base,O=[N+]([O-])c1ccc(/C(=N/Cc2ccccc2)NO)cc1,-1.8830875158309937
base,CCC(=O)Nc1ccc(Cl)cc1C(=O)c1ccccc1,-2.94943904876709
base,CO[c-]1[cH+][cH-][c+]2[c-](OCC[CH-]CCC3CCC([C+]([O-])O)CC3)[cH+][cH+][n-][c-]2[cH+]1,-3.248896837234497
base,CO[C][CH+][C-]([CH+][O-])[CH+][N-][C+]1C[C-]([O-])[c+]2[cH-][cH+][cH-][cH+][c-]21,-2.8982770442962646
base,C[C@@H](C(=O)N[C@H](Cc1ccccc1)c1nc2ccccc2[nH]1)n1nnc2ccccc2c1=O,-1.6979632377624512
base,C[C]C.[CH2-]C(C)(C)NC[C]1[S+][C]([NH+][C]([O])[C]2[CH][CH][C](S([O])([O])N(C)C)[CH][CH]2)[C]([C](N)[O])[C]1C,-2.099304676055908
base,CCCN1C(=O)/C(=N\N=C(\O)CCCC[C@H](NC(C)=O)C(C)C)c2ccccc21,-1.970301628112793
base,CC(=O)c1cnc(N2CCCCC2)nc1C,-1.660567283630371
base,Clc1ccc(OCc2cc(-c3ccccc3)no2)c(Cl)c1,-2.998110294342041
base,O=C(CCCN1C(=O)[C@H]2CC=CC[C@H]2C1=O)N1CCCCC1,-2.3754727840423584
base,COc1ccc(NC(=O)Cn2cnc3c(oc4ccccc43)c2=O)cc1Cl,-2.1825454235076904
base,CC1(C)[C]([O])OC([C]2[CH][CH][C](N([O-])[O-])[CH][CH]2)C2(CCCCC2)[C+]1[O],-3.131344795227051
base,COCc1nnc(NC(=O)CCc2ccc(C)o2)s1,-1.8319255113601685
base,CN1CCN(c2ccccc2NC(=O)c2cc3ccccc3o2)CC1,-2.1057322025299072
base,O=S(=O)(O/N=C1\CCCc2ccccc21)c1ccccc1,-2.998110294342041
base,Brc1ccc(-c2csc3ncnc(N4CCCC4)c23)cc1,-1.931758999824524
base,CO[c+]1[cH-][cH+][c-]([C+]2CC(C)N(CC3CCCO3)[C-]([S-])N2)[cH+][c-]1OC,-2.4622952938079834
base,CCn1nnnc1NC(=O)c1cc(OC)cc(OC)c1,-1.3788409233093262
base,CCCNC(=O)N1CCN(S(=O)(=O)c2ccc(F)cc2)CC1,-1.9781709909439087
base,O=C(Cn1cnc2c(cnn2-c2ccccc2)c1=O)Nc1ccccc1SC(F)F,-1.7834744453430176
base,O=C(CSc1nnnn1-c1ccc2c(c1)OCO2)Nc1ccc(N2CCOCC2)c(Cl)c1,-1.6672389507293701
base,NS(=O)(=O)c1ccc(N2C(=O)C[C@H](Cc3ccccc3)C2=O)cc1,-2.4622952938079834
base,COc1ccccc1OC[C@@H](O)CNC(CO)CO,-2.8982770442962646
base,C=[O+]c1ccccc1.[O-]P(c1ccccc1)c1ccccc1,-6.08904504776001
base,COc1ccccc1/C=C/C(=O)OCC(=O)c1c(N)n(C)c(=O)n(C)c1=O,-2.1825454235076904
base,Cc1cccc2[nH]c3c(N4CCN(C(=O)c5ccccc5)CC4)ncnc3c12,-1.7146004438400269
base,Cc1onc(-c2ccccc2Cl)c1C(=O)N1CCN(c2ccc(F)cc2)CC1,-2.2188470363616943
base,Cc1ccc(CCC(=O)Nc2c(F)cccc2F)o1,-2.8982770442962646
base,O=C(c1ccccc1F)N1CCN(c2cc(C(F)(F)F)nc3ccccc23)CC1,-2.2538769245147705
base,Fc1ccc(OCCCCN2CCN(Cc3cccs3)CC2)c(F)c1,-2.5030341148376465
base,S=C(NC1CC1)N1CCc2ccccc2C1,-2.0578689575195312
base,O=C(c1cccc(N2C(=O)[C@@H]3[C@H](C2=O)[C@H]2C=C[C@@H]3C2)c1)N1CCCCCC1,-2.5798470973968506
base,O=S(=O)(NC[C@@H](c1cccnc1)N1CCN(c2ccc(F)cc2)CC1)c1cccs1,-2.004145860671997
base,OCCNc1nc(N2CCN(CCO)CC2)nc2ccccc12,-1.5182775259017944
base,O=C(NC1CCN(S(=O)(=O)c2cccs2)CC1)c1ccc2c(c1)OCCO2,-2.5798470973968506
base,S=c1[nH]nc(-c2cccnc2)n1/N=C/c1cccs1,-1.3276787996292114
base,CCC(=O)N1CCn2c1nc1ccccc12,-1.660567283630371
base,CCOc1ccccc1NC(=O)NC1(C(=O)N2CCC(C)CC2)CCCCC1,-2.2188470363616943
base,N#[N+][N-]CCNC(=O)c1ccc2nccnc2c1,-1.0930874347686768
base,O=C(C1=[S+]C(=[N+]([O-])[O-])C=C1)c1cccs1,-2.662587881088257
base,C[C@@H](C1CCCCCC1)N(C(=O)c1ccccc1F)C1=CCN(C)CC1,-2.54217791557312
base,O=[N+]([O-])c1ccc2nc(-c3cccnc3)cn2c1,-1.4944287538528442
base,O=C(NCCCN1CCN(c2ccccc2)CC1)c1ccc(-n2cccn2)cc1,-1.7496302127838135
base,O=C(COc1ccc([N+](=O)[O-])cc1)NNC(=O)NC1CCCCC1,-1.7814180850982666
base,CC(=O)c1ccc(/C=C2/N=C3CCCCCN3C2=O)cc1,-2.3290607929229736
base,O=C(C[C@@H]1Oc2ccccc2N(CC(=O)N2CCc3ccccc32)C1=O)Nc1cccnc1,-2.099304676055908
base,CCOc1ccc(CCNC(=O)C[S@@+]([O-])Cc2nc(-c3ccc(OC)cc3)oc2C)cc1,-2.749457359313965
base,Nc1nonc1/C(=N/O)Nc1ccccc1,-1.156320571899414
base,CC(=O)N1c2ccc(S(=O)(=O)N(C)Cc3ccccc3)cc2C[C@H]1C,-2.5030341148376465
base,COCCNc1c(-c2cc(OC)c(OC)c(OC)c2)c2ccccc2[nH]c1=O,-2.6161489486694336
base,COc1ccc(-c2cc(C(F)F)n3ncc(C(=O)Nc4ccc5ncccc5c4)c3n2)cc1,-1.8786333799362183
base,COc1ccc(NC(=S)N[C@@H]2C[C@H]3CCC[C@@H](C2)N3C/C=C/c2ccc3ccccc3c2)cc1,-2.4126884937286377
base,Cc1cccc(Nc2cnccn2)c1,-1.5274808406829834
base,CNC(=O)CN(C)S(=O)(=O)c1ccc(Cl)cc1,-2.1183104515075684
base,O=C(O)c1ccccc1NS(=O)(=O)c1ccc(-n2cnnn2)cc1,-1.5607467889785767
base,N#Cc1c(/N=N/c2ccc(Cl)cc2)c(-c2ccc(Br)cc2)n(Cc2ccc(Br)cc2)c1N,-1.8479089736938477
base,C/C(=N\NC(=O)c1cccc(C)c1)c1ccc([N+](=O)[O-])cc1,-1.9781709909439087
base,S=C(NCCc1ccccn1)N1CCc2ccccc2C1,-1.931758999824524
base,NNC(=O)CCN1CCN(Cc2ccc3c(c2)OCO3)CC1,-1.6945956945419312
base,COc1ccc(C[C@@H]2C(=O)NCCN2C)cc1N1CCOCC1,-2.022524118423462
base,O=C(O)[C@H]1CCCC[C@@H]1C(=O)NNCc1ccccc1,-2.2803893089294434
base,Cc1cc(-c2ccc3ncccc3c2)n[nH]1,-1.660567283630371
base,Cc1cc(NC(=O)CCC(=O)Nc2ccccc2)no1,-1.8830875158309937
base,O=C(/C=C\c1ccccc1)Oc1ccc2c(c1)OCO2,-5.993961334228516
base,N#CC(C#N)=C(S)Nc1ccccc1,-1.5274808406829834
base,COc1ccc(N([C@H](C)C(=O)Nc2cccnc2)S(C)(=O)=O)cc1,-2.064993381500244
base,Nc1cn(CN(CCc2ccccc2)c2ccccc2)c(=O)[nH]c1=O,-1.8221569061279297
base,CC1=C(C(=O)Nc2ccccc2-c2ccccc2)SCCO1,-3.044522523880005
base,COc1cc(/C=C/C(=O)C2CC2)ccc1Oc1ccc(C(F)(F)F)cn1,-3.2112276554107666
base,CC(=O)N1CCc2cc(S(=O)(=O)CCC(=O)Nc3ccccc3C(=O)O)ccc21,-2.6511785984039307
base,CCOc1cnc(-c2ccco2)o1,-2.519998073577881
base,O[N-][CH+][C][N-][C+]1[C+](O)[CH-][CH+][c-]2[cH+][cH-][cH+][cH-][c+]21,-2.0578689575195312
base,Cc1cc(C)cc(OCC(=O)N/N=C/c2ccco2)c1,-2.2803893089294434
base,FC(F)(F)c1ccc(CSc2nnc(-c3ccc4c(c3)OCO4)o2)cc1,-2.54217791557312
base,NS(=O)(=O)c1ccc(NNC(=O)CSc2cccc3cccnc23)cc1,-1.8613009452819824
base,NS(=O)(=O)c1ccc(-n2cc(C(F)(F)F)ccc2=O)cc1,-2.3290607929229736
base,COc1ccc2cc(CCNC(=O)CCc3ccccc3)c(=O)[nH]c2c1,-2.54217791557312
base,O=[N+]([O-])NCN[C@@](N/C=N\c1ccccc1)(c1ccccc1)c1ccccn1,-1.5339303016662598
base,CN(c1cccc(NC(=O)c2cccc(Br)c2)c1)S(C)(=O)=O,-2.3754727840423584
base,N#C/C(=C\c1cn[nH]c1-c1ccccc1)C(=O)NCc1ccc(F)cc1,-1.8613009452819824
base,COc1ccc(CC(=O)NCC(=O)N/N=C\c2ccc(C)o2)cc1,-2.064993381500244
base,[O-]P(OCCC1CO[c+]2[cH-][cH+][cH-][cH+][c-]2O1)N1CCN([c+]2[cH-][cH+][cH-][cH+][cH-]2)CC1,-2.5798470973968506
base,COc1cc([C@H]2CC(=O)N3CN(C4CCCCC4)CSC3=C2C#N)cc(OC)c1OC,-2.3204572200775146
base,O=c1c(/C=C2/CN=C(c3ccccc3)S2)c(N2CCN(c3ccc(F)cc3)CC2)nc2ccccn12,-1.965518593788147
base,[CH2+]N1CCN([c+]2[cH-][cH+][c-](F)[cH+][cH-]2)CC1.[O-]P([N-]CC1CCCO1)N1CCCCC1,-1.970301628112793
base,FC(F)Oc1ccc(-c2csc(-c3cnccc3Cl)n2)cc1,-2.3754727840423584
base,O=C1CS[C@@H](c2ccc(F)cc2)N1CCc1ccc([N+](=O)[O-])cc1,-2.4622952938079834
base,O=C(Cc1ccco1)NCCOCCOCCNC(=O)c1ccccc1F,-2.5798470973968506
base,CC1=Nc2c/c(=C(/[O-])NCc3ccco3)c(C)cc2=[S+]1,-2.2803893089294434
base,CCc1nc([C@@H](S)C2CC2)c(C)s1,-2.519998073577881
base,NS(=O)(=O)c1cccc(NC(=O)CSc2n[nH]c(=O)n2Cc2ccc3c(c2)OCO3)c1,-1.8162105083465576
base,O=[N+]([O-])c1ccccc1SCCO,-2.519998073577881
base,O=C(N[C@H]1CCCC[C@H]1N1CCCCC1)c1cc(Cl)cc(Cl)c1O,-2.4622952938079834
base,CCN[P@](C)(=O)N(O)c1ccc(F)cc1,-1.9935381412506104
base,COc1ccccc1CN1CCC[C@H](C(=O)Nc2ccccc2OC)C1,-2.54217791557312
base,Clc1ccc([C@@H]2CCC(c3cccs3)=NN2)cc1,-2.1753058433532715
base,Cn1cccc1C(=O)Nc1nnc(SC(C)(C)C)s1,-1.548350214958191
base,N#Cc1cc2c(OC[C@H](O)CN3CCN(C4Cc5ccccc5C4)CC3)cccc2[nH]1,-2.036881923675537
base,COc1cc(N2CCc3ccccc3C2)c(-c2ccccc2)nn1,-2.064993381500244
base,COc1ccc(Cl)cc1NC(=O)Nc1cccc(C)n1,-1.8830875158309937
base,O=NNc1ccc2oc3ccc4ccccc4c3c(=O)c2c1,-2.3754727840423584
base,COc1ccc(OC)c(N(CC(=O)NC2CCCC2)S(=O)(=O)c2ccc(OC)c(OC)c2)c1,-2.780181884765625
base,CCOc1ccc2nc(CN3CCN(C)[C@H](CCO)C3)ccc2c1,-2.064993381500244
base,[CH][C+]1[C][CH+][CH-][C+]([C+]([O-])[CH-][C][N+]23[O+]4C25N(CCN(CCC)CCCCC)C453)[CH-]1.[H+].[H+].[H+],-2.1825454235076904
base,O=C(O)/C=C/c1ccc2c(c1)OCCO2,-5.707110404968262
base,CN1CCN(C(=O)c2ccc(Oc3ccccc3)cc2)CC1,-2.3754727840423584
base,O=c1c(-c2ccc([O+]([O-])O[C@@H]3O[C@H](CO)[C@@H](O)[C@@H](O)[C@H]3O)cc2)c(-c2ccc(O)cc2)oc2cc(O)cc(O)c12,-6.685861110687256
base,CC(=O)c1cc(OCCOc2ccc(C)cc2)cc(O[C@H]2O[C@H](CO)[C@H](O)[C@H](O)[C@H]2O)c1,-6.463029384613037
base,Cc1ccc(NC(=O)CN2c3cccc4cccc(c34)S2(=O)=O)cc1S(=O)(=O)N1CCOCC1,-2.4126884937286377
base,O=S(=O)(Nc1ccc(O)c2ccccc12)c1cccs1,-2.94943904876709
base,CC(C)(OCc1c(Cl)cccc1Cl)[C@](C)(O)CN1CCN(Cc2ccccc2)CC1,-2.6850228309631348
base,COc1cc(C(=O)Nc2cccc(C#N)c2C)cc(OC)c1OC,-2.4622952938079834
base,CCCCn1cc(C(=O)NCCCN2CCOCC2)c2cc(OC)c(OC)cc2c1=O,-2.3204572200775146
base,CO/[C-]=[O+]\CCOC(=O)C1CCN(C2=C(C(=O)OCc3ccccc3)C(=O)OC2)CC1,-3.3868086338043213
base,[O-][C+](O[c-]1[cH+][cH-][c+]([C-](O)[c+]2[cH-][cH+][c-](NCCCO)[c+](N([O-])[O-])[cH-]2)o1)[c-]1[cH+][cH-][cH+]s1,-2.6511785984039307
base,FC(F)Oc1cccc(OCc2ccccn2)c1,-2.844355583190918
base,C[P@](=S)(NNC(=O)c1ccccc1Cl)Oc1ccccc1,-2.3290607929229736
base,COc1ccc(C2(C(=O)NCc3cccnc3)CCCC2)cc1OC,-2.5030341148376465
base,CCO[c-]1[cH+][cH-][c+]([S+2]([O-])([O-])N([c-]2[cH+][c-](N([O-])[O-])[cH+][cH-][c+]2OC)[S+2]([O-])([O-])[C+]2[CH+][CH-][C+]([N-][N-][N-2])[CH-][CH+]2)[cH-][c+]1OC.[H+],-2.019512891769409
base,CC(=O)Nc1ccc(Br)cc1F,-2.440274477005005
base,C[C@@H]1SCCN1S(=O)(=O)c1ccccc1,-2.662587881088257
base,O=C(CN1CCN(C/C=C/c2ccccc2)CC1)c1ccc(Br)cc1,-2.5030341148376465
base,COc1ccc(/C=C/C(=O)O)cc1C(=O)O,-5.7714409828186035
base,NS(=O)(=O)c1cccc(NC(=O)CSc2nnc(NCc3ccccc3)s2)c1,-1.7146004438400269
base,CO/[C-]=C/C1=N/C(=[NH+]\NC(=O)c2cccc(C)c2)c2cc(OC)ccc2[C@H]1c1ccccc1,-2.3828799724578857
base,O=[P@](O)(c1ccccc1)c1ccc(OCc2ccccc2)cc1,-6.133398056030273
base,OC/N=C/C1=C=C=C=c2c1nc1cccc3ccn2c31,-1.8830875158309937
base,CCCCOC(=O)c1cn(Cc2cccc(OC)c2)nc1C,-2.3754727840423584
base,FCCCNCc1ccccc1C(F)(F)F,-2.7269186973571777
base,Cc1ccsc1C(=O)O,-5.1984968185424805
base,COc1ccccc1OCc1nc(C#N)c(NCC(C)C)o1,-1.9781709909439087
base,COc1ccccc1CNC(=O)c1c(NC(=O)c2ccco2)n(C)c2ccccc12,-2.2877211570739746
base,O=[N+]([O-])C1=NN(c2ccc(Cl)cc2)N2N=C(c3cccs3)N[C@H]12,-1.337607502937317
base,COc1ccc(CCN(C)Cc2nc(-c3cnon3)no2)cc1OC,-1.6014856100082397
base,Cc1ccc2cc(C)c(SCC(=O)NC[C@H]3CCCO3)nc2c1,-2.419826030731201
base,CCCN(CCC)CC1=CC=C(N2CCCCC2)C1=O,-2.2803893089294434
base,C#CCOC(=O)CCCn1c(Cc2ccccc2)cccc1=O,-3.0888755321502686
base,O/N=C/C#[N+]c1[c-]cc2ccccc2c1,-1.9935381412506104
base,C=C([O-])Nn1cnnc1.[O+]#P(c1ccccc1)c1ccccc1,-1.738948941230774
base,O=C(NCCCn1cccn1)[C@H]1CN(Cc2ccc(F)cc2)C(=O)c2ccccc21,-2.004145860671997
base,NNc1ncccc1-c1cccc([N+](=O)[O-])c1,-1.4374333620071411
base,Clc1ccccc1Nc1ccnc(Nc2cccc3cnccc23)n1,-1.6014856100082397
base,N/C(Cc1ccccc1)=N\OC(=O)CN1C(=O)c2ccccc2C1=O,-2.1057322025299072
base,CCCN(CC1CC1)C(=O)C/[S+]=c1\nc2ccccc2c([O-])n1-c1c(C)n(C)n(-c2ccccc2)c1=O,-1.99288010597229
base,CCOc1ccc(S(=O)(=O)N(C)CC(=O)Nc2ccccc2OCC)cc1,-2.5798470973968506
base,COCC(=O)Nc1cc(-c2cn3cccnc3n2)ccc1C,-1.6945956945419312
base,COC(=O)c1ccc(C(=O)OCCN2CCN(C(=O)NC(C)C)CC2)nc1,-1.898970127105713
base,Cc1nc(SCC(=O)NCc2ccccn2)c2c(C)c(C)sc2n1,-1.7814180850982666
base,N[C@H](CN1CCC(c2ccccc2)CC1)C(=O)O,-2.1753058433532715
base,O[C@H](COCc1cccc(C(F)(F)F)c1)CN(Cc1cccnc1)C1CC1,-2.5798470973968506
base,[O-][C+]([C][C+](Br)[C+]1[C][CH-][CH+][CH-][CH+]1)N[C-]([CH+][c-]1[cH+][cH-][cH+][cH-][cH+]1)[C-]([O-])N1CCOCC1,-2.6161489486694336
base,Cn1nc(C(=O)O)cc1C(=O)N1c2ccccc2CCc2ccccc21,-2.14487624168396
base,C[C]1[CH][CH][C]2[C]([CH]1)[N][C]1[CH-][CH][C](Cl)[CH][C]1C2N([C]N)[N][N][C]1[N][O+][N][C]1[NH2+],-1.21201491355896
base,CC(C)NC(=O)NC(=O)CSc1nnc(-c2cccs2)o1,-1.6481837034225464
base,O=C(OCn1ncc(Cl)c(Cl)c1=O)c1ccc(Oc2ccccc2)cc1,-2.54217791557312
base,CN(CC(=O)c1c[nH]c2ccccc12)C1CCCCC1,-2.2803893089294434
base,CN1CCN(/N=C/c2ccc(N3CCCCC3)s2)CC1,-1.5995122194290161
base,O=C(COc1ccccc1)Nc1c(C(=O)N2CCOCC2)cnn1-c1ccccc1,-2.004145860671997
base,Nc1ccccc1S(=O)(=O)Nc1ccccn1,-1.7210086584091187
base,S=C(NCC1CCN(Cc2ccccc2)CC1)Nc1cccc(Cl)c1,-2.1057322025299072
base,CN(C)CC(C)(C)CNCC1CCCCC1,-2.0578689575195312
base,N#CS/C(C#N)=C/c1cccc(OCCc2ccccc2)c1,-2.3754727840423584
base,CC(=O)N(CCCCl)CCS(=O)(=O)c1ccc(Br)cc1,-2.94943904876709
base,O=c1[nH]c(CSc2nnc(-c3ccc(Cl)cc3Cl)o2)nc2ccccc12,-1.8613009452819824
base,CC(=O)Nc1ccc(S(=O)(=O)Nc2ccc3c(c2)n(C)c(=O)n3C)cc1,-1.8613009452819824
base,C/C(=C/C(=O)O)C(=O)Nc1nc2ccc(Br)cc2s1,-2.229227304458618
base,CCc1c(C(=O)N(C)Cc2ccccc2)[nH]c(C)c1C(C)=O,-2.3754727840423584
base,O[C@@H](Cn1ccnc1)c1cccnc1,-1.5274808406829834
base,COC[C-]1N[c+]2[cH-][cH+][cH-][c+](C)[c-]2[N-][C+]1C,-1.9935381412506104
base,CC(=O)c1cc(C(=O)NCc2ccccc2)oc1C,-2.8982770442962646
base,COc1ccc(-c2cc(-c3ccccc3O)n[nH]2)cc1,-2.2803893089294434
base,C[C@H](CO)n1nc(Cc2ccncc2)cc1NC(=O)Nc1ccccc1,-1.640629529953003
base,O=C(CCS(=O)(=O)c1ccc(F)cc1)Nc1nnc(-c2cccs2)o1,-2.1057322025299072
base,CONc1c(OC)ccc2c1CCCC2,-2.662587881088257
base,C/C(CC1CC1)=N\NC(=O)CNC(=O)c1ccc(Br)cc1,-1.931758999824524
base,O=C(C1=C[C+]([C][O-])=Cn2c1nc1ccccc12)N1CCOCC1,-2.022524118423462
base,CCOc1nccc2ccc(O[C@@H](C)Oc3cc(=O)n(C)c(=O)n3C)cc12,-2.1825454235076904
base,OCCNc1c2ccccc2nc2ccccc12,-2.1753058433532715
base,CN(C)CC(C)(C)CNS(=O)(=O)c1ccc(OC(F)(F)F)cc1,-2.419826030731201
base,O=C(COc1ccc(S(=O)(=O)N2CCOCC2)cc1)NN1C(=O)c2ccccc2C1=O,-2.3204572200775146
base,[H]/[O+]=C1\C(CC(C)(C)O)=[C-]CC(=O)/C(=C\[NH+]=C2/C=CC=C/C2=[O+]/C)[C@@H]1c1ccc(OC)[c-](C)c1=O.[OH-],-3.5079853534698486
base,[O-]n1[s+]c(/N=N/c2ccccc2)cc1Sc1ccc2c(c1)OCO2,-2.064993381500244
base,CCC(=O)Nc1ccc(C(=O)N2CCc3ccccc32)c(Cl)c1,-2.419826030731201
base,CN(C(=O)CSc1ncnc2scc(-c3ccccc3)c12)[C@@H]1CCS(=O)(=O)C1,-2.2188470363616943
base,N#CC/[S+]=c1\nc2ccccc2c([O-])n1-c1ccc(CC#N)cc1,-1.7814180850982666
base,O=C(Nc1ccc(CN2CCOCC2)cc1)c1cc(-c2ccc(Cl)cc2)nc2ccccc12,-2.3828799724578857
base,O=C(/C=C/c1c[nH]c2ccccc12)N1CCCCC1,-2.229227304458618
base,CO/N=C/[C@H]1CCN(C2CC2)C1=O,-1.8509483337402344
base,COC(=O)CSCC(=O)Nc1nnc(C2CC2)s1,-1.7780040502548218
base,O=C(Nc1ccc(NC(=O)c2cccc3ccccc23)nc1)c1c(Cl)cccc1Cl,-2.2877211570739746
base,Cn1nc(C(C)(C)C)cc1C(=O)NC1CCCCC1,-1.8319255113601685
base,Nc1c(C(=O)N2CCOCC2)sc(=S)n1-c1ccc(F)cc1,-1.9781709909439087
base,N[C@@H](Cc1ccc(F)cc1)c1cn([C@H](Cc2ccc[nH]2)C(=O)N2CCNCC2)nn1,-1.4498350620269775
base,CCN(C(=O)c1cc(-c2ccc(OC)cc2)nc2ccccc12)C(C)C,-2.54217791557312
base,CCCCN(CC)Cc1ccc2c(c1)OCCO2,-2.844355583190918
base,C/C(=N\NS(=O)(=O)c1cccc(S(=O)(=O)N2CCOCC2)c1)c1ccc(F)c(F)c1,-2.2877211570739746
base,COc1ccccc1NC(=O)c1ccccc1N(C)S(C)(=O)=O,-2.419826030731201
base,Cc1cc([N+](=O)[O-])ccc1-c1ccc(/C=N/Nc2ccc(N)cc2)o1,-1.8221569061279297
base,NC(=O)CN1CCCN(S(=O)(=O)c2ccc3ccccc3c2)CCC1,-2.1057322025299072
base,Nc1cc([S@@+]([O-])c2ccc(Cl)cc2)ccc1O,-2.7873599529266357
base,Clc1ccc(-n2cc(-c3cccs3)c3cnc(NC[C@@H]4CCCO4)nc32)cc1,-1.9352717399597168
base,CCCCC/C=N/NC(=O)c1ccccc1N,-1.7210086584091187
base,C[C@@H](OC(=O)/C=C/c1ccc([N+](=O)[O-])cc1)C(=O)NC1CCCCC1,-2.5030341148376465
base,NC(=O)N[C@@H](CC(=O)NC[C@@H]1CCCO1)c1ccc(Oc2cccc(Cl)c2)cc1,-2.2538769245147705
base,COC(=O)C(=N/CCOc1ccccc1)/C1=[O+]/O[C-](C)Nc2cc(Cl)ccc2N1,-2.2538769245147705
base,C/C(=N\NC(=O)c1nnn(-c2nonc2N)c1C)c1ccc(OCc2ccccc2)cc1,-1.3816250562667847
base,O=C(NCCO)/C(=C\c1ccc2c(c1)OCO2)NC(=O)c1ccco1,-2.5030341148376465
base,[O-][C-](C[C-]1[CH+][C+](N([O-])[O-])[C+](O)[C-](O)[CH+]1)NCC[c+]1[cH+][cH-][cH+][n-][nH]1,-1.738948941230774
base,COC[C@@H](C)NC(=O)CSc1cccc2cccnc12,-2.2803893089294434
base,COc1cccc(CN2CCCCC2)c1OCc1cccc2ccccc12,-3.248896837234497
base,COc1ccc(C(=O)OCC(=O)Nc2cc([N+](=O)[O-])ccc2F)c(O)c1,-2.54217791557312
base,[CH2-]S[c+]1[cH-][cH+][cH-][cH+][c-]1N(C[C-]([O-])NCC(OC)OC)[C+]([O-])CC([C+]1[CH+][CH-][CH+]O1)N1CCCCC1,-2.4126884937286377
base,Clc1ccc(-c2nnc(SCc3ccccn3)o2)cc1,-1.8830875158309937
base,[O-]N([O-])[C+]1[CH+][CH-][CH+][CH-][C+]1[c-]1[cH+][cH-][c+]([C][N-][C+]2[CH+][CH-][c+]3[cH-][cH+][cH-][cH+][c-]3[CH+]2)[cH+][n-]1,-2.1825454235076904
base,NNC(=O)c1nc[nH]c1C(=O)Nc1cccc(Cl)c1,-1.3276787996292114
base,CCOC(=O)Nc1cc(CC)c(C)[nH]c1=O,-2.0578689575195312
base,COc1cc(NC(=O)[C@H](O)n2cn[c-]3nc(CCc4ccccc4)nc3c2=O)cc(OC)c1.[H+],-1.8786333799362183
base,O=c1[nH]c(CS[N+](=O)[O-])nc2ccccc12,-1.660567283630371
base,Cc1ccccc1Nc1ccc(N2CCN(c3ccccn3)CC2)nn1,-1.4599595069885254
base,Nc1nc2ccccc2n1C/C=C/COc1c(Cl)cccc1Cl,-2.022524118423462
base,NNS(=O)(=O)c1cccc(/N=N\c2ccc(Cl)cc2Cl)c1,-1.6481837034225464
base,CCOCCCNC(=S)Nc1ccc2nc(N3CCOCC3)cc(C)c2c1,-1.898970127105713
base,Fc1ccc(OCc2nc3ccc(F)cc3[nH]2)cc1,-2.229227304458618
base,N#CCC(=O)Nc1ccc2[nH]c3c(c2c1)CCCCC3,-1.8830875158309937
base,O=C(c1ccc([N+](=O)[O-])cc1)N(Cc1cccc(N(CCO)CCO)c1)C1CCCCC1,-2.3521556854248047
base,COc1ccccc1OS(=O)(=O)c1ccc(NC(C)=O)cc1,-3.044522523880005
base,CC[C@@H](C)c1ccc(O)c(N)c1,-2.440274477005005
base,O=C(Cn1ncc(N2CCOCC2)c(Cl)c1=O)c1ccccc1F,-2.064993381500244
base,O=S(=O)(Nc1ccccc1OCc1ccc(Cl)cc1)c1ccccc1,-3.172083616256714
base,CCC(=O)Nc1cc2[nH]c(=O)cc(C)c2cc1C,-2.1753058433532715
base,OCC1CC(F)(F)C(F)(F)[C-](C(F)(F)F)C1O.[OH-],-5.888877868652344
base,F[c-]1[cH+][cH-][c+](-[s+]2[c-]3[n-][c+]4[cH-][cH+][cH-][cH+][c-]4[c+]4[nH][c-]5[cH+][cH-][cH+][cH-][c+]5[nH][c-]4n32)[cH-][cH+]1,-1.898970127105713
base,[CH2+]CCCCCc1[c-]cc2ccccc2n1,-2.7269186973571777
base,COc1cc(/C=C2/SC(=O)N(C(C)C)C2=O)ccc1OCc1c(C)n[o+]n1[O-],-2.2188470363616943
base,O=C(c1ccc(Cl)cc1)c1c[nH]c(C(=O)NNc2cccc(Cl)n2)c1,-1.8221569061279297
base,COc1cccc(-c2c(C(=O)N/N=C/c3ccc(N(C)C)o3)nnn2-c2nonc2N)c1,-1.264532446861267
base,OCC1(Cc2ccccc2)CCN(Cc2cc3ccccc3o2)CC1,-3.172083616256714
base,CNCc1ccccc1OCc1ccccc1F,-2.844355583190918
base,CC[C-]1[N-][C+](N)N[C+](N[c+]2[cH-][cH+][c-](C)[cH+][cH-]2)[N-]1,-1.2167619466781616
base,COc1cc2c(cc1OC)[C@@H](COc1ccc(C)c(C)c1)NCC2,-3.131344795227051
base,COC1([CH-]N2C[C@H]2CS(=O)(=O)O)O[C@@H]1O.[H+],-2.662587881088257
base,COc1ccccc1NC(=O)Cc1nn(C)c(=O)c2ccccc12,-2.064993381500244
base,O=S(=O)(O)c1nc2ccccc2n1Cc1ccc(Cl)cc1,-2.3290607929229736
base,C[C@@H]1Cc2n/c(=[S+]\[C@@H](C)C(=O)NC(N)=O)n(CCc3ccccc3)c([O-])c2S1,-1.9352717399597168
base,COc1ccccc1CNC(=O)c1cnc([C@@H](O)c2ccccc2OC)[nH]1,-2.1825454235076904
base,Nn1c(SCC(=O)NCc2cccc(Cl)c2)nncc1=O,-1.427512288093567
base,COc1cc([C@@H](CC(=O)N2CCOCC2)c2c(OC)cc(OC)c3ccc(=O)oc23)cc(OC)c1OC,-3.5634782314300537
base,O=C(c1ccc[nH]1)c1ccccc1-c1ccccc1,-2.8982770442962646
base,O=C(CN1CCC(n2c(=O)[nH]c3ccccc32)CC1)Nc1ccc(Br)cc1Br,-1.9352717399597168
base,CCCOc1ccc(/C(=N/O)c2cccc3ccccc23)cc1OC,-3.172083616256714
base,CC[C@H](/[S+]=c1\nc2ccccc2c([O-])[nH]1)C(=O)N/N=C\c1cccs1,-1.8221569061279297
base,C[C@@H](/[S+]=c1\nc2ccccc2c([O-])n1Cc1ccc(O)cc1)C(=O)NCc1ccc2c(c1)OCO2,-2.441633939743042
base,CCNC1=[S+]/C(=[S+]/CC(=O)Nc2cccc(N([O-])[O-])c2)N=N1,-1.4739243984222412
base,COC(=O)C1=C(C)N(C)C(=S)N[C@H]1c1ccc(OCc2cccc(F)c2)c(OC)c1,-2.6850228309631348
base,CCO[c-]1[cH+][cH-][c+]2[cH-][c+]([CH-]N(CC[C+]3[CH+][CH+][C-](F)[CH+][CH-]3)C[C+]3[N-][N-][N-]N3CC3CCCO3)[c+]([O-])[nH][c-]2[cH+]1,-1.8122100830078125
base,C[C@H](/[S+]=c1/nc2c(c([O-])[nH]1)CCCC2)C(=O)N1CCc2ccccc2C1,-2.14487624168396
base,CC(C)NC(Cl)=C(Cl)Cl,-2.1539745330810547
base,N#CCCN(C(=O)c1ccc(Br)cc1)c1ccc(Br)cc1,-2.3290607929229736
base,COc1cc(/C=N/O)cc(Br)c1OCC(=O)O,-2.7873599529266357
base,c1ccc(Nc2nc(N3CCCCC3)nc(N3CCNCC3)n2)cc1,-1.2678462266921997
base,Nc1nc(SCCCO)nc2sc3c(c12)CCCC3,-1.8319255113601685
base,Cc1ccc(NCCCCOc2ccc(NC(=S)NC[C@H]3CCCO3)cc2)nc1,-1.970301628112793
base,NCCC(=O)N1CCCc2ccccc21,-1.9935381412506104
base,COc1ccc(C2=C[C@@H](c3ccccc3)CC(=O)N2)cc1OC,-3.0888755321502686
base,COCCn1[c-]nnc1/[S+]=C\C(=O)C1=CC=C[CH-]/C1=[C-]\[O-].[H+].[H+].[H+],-1.931758999824524
base,Cc1ccccc1N1CCN(C2=NC(=O)[C@H](Sc3cc(C)c4ccccc4n3)S2)CC1,-2.036881923675537
base,O=[N+]([O-])c1ccccc1/C=C/C=N/n1c(-c2ccncc2)n[nH]c1=S,-1.4208155870437622
base,O=C(CSc1nnc(-c2cccn(C3CC3)c2=O)o1)c1cccs1,-2.064993381500244
base,COC[C@H]1CCCN(C(=O)c2cc(=O)c3ccccc3o2)C1,-3.044522523880005
base,CCOCCn1c(C)c(C(C)=O)c2cc(O)ccc21,-2.8982770442962646
base,CC1(C)CC(NC(=O)Cc2ccc(Br)cc2)CC(C)(C)N1,-2.3290607929229736
base,O=[N+]([O-])c1ccc(-n2c(C3CCCCC3)nc3ccccc32)cc1N1CCCC1,-1.970301628112793
base,COC(=O)COc1cc2ncnc(Nc3cccc(Cl)c3)c2cc1OC,-2.14487624168396
base,NNC(=O)CCN1CCCCC1,-1.3739230632781982
base,Nn1cc(-c2cccs2)nc1SCc1cnc(Cl)s1,-1.548350214958191
base,CCCOc1cc(CCC)cc2oc(=O)ccc12,-5.888877868652344
base,CCCN(CCC#N)C(=S)Nc1ccc(S(N)(=O)=O)cc1,-1.6481837034225464
base,CC(C)C(=O)Nc1ccc(NC(=O)C2CCCCC2)nc1,-1.931758999824524
base,NS(=O)(=O)c1ccc2ccccc2c1,-2.59383225440979
base,CCCN([C]([O])N[C]1[N][CH][C](N([O-])[O-])S1)[C+]1[CH][CH][CH][C]([C](C)[O])[CH]1,-1.7814180850982666
base,O=C(NNC(=S)Nc1ccc2[nH]ccc2c1)c1cccc(Cl)c1,-1.738948941230774
base,COc1ccccc1Oc1nnnn1-c1ccc(C(N)=O)cc1,-1.5182775259017944
base,CC[C@H](C)n1nccc1NC(=O)[C@H](C)OC(=O)c1cc2ccccc2o1,-2.14487624168396
base,O=c1c2c(n(CC3=COCCCO3)n1-c1ccc(Cl)cc1)CCCCN2C(=S)NC1CCCCC1,-2.1580586433410645
base,Clc1cccc(NCCCn2cnc3ccccc32)c1,-1.8830875158309937
base,O=C(Cn1nnc2ccccc21)N/N=C/c1cc2cccc(Cl)c2s1,-1.6014856100082397
base,O=C(NCc1cccc(Oc2cccc3cccnc23)c1)c1cccc(N2CCCC2=O)c1,-2.3828799724578857
base,S=c1[nH]nc(-c2cccc(Cl)c2)n1-c1ccccc1,-1.8319255113601685
base,CC(=O)Cn1ncc(Br)c(Br)c1=O,-1.8509483337402344
base,NC(=O)c1ccc(OCCCOc2cccc3cccnc23)cc1,-2.4622952938079834
base,COc1cccc(CN2CCC[C@H](CCC(=O)NCc3ccc(OC(F)(F)F)cc3)C2)c1,-2.749457359313965
base,Clc1ccc(Br)cc1CSc1snnc1-c1ccccc1,-2.3290607929229736
base,O=C(Cn1ncc(Cl)c(Cl)c1=O)Nc1ccc2nccnc2c1,-1.5182775259017944
base,COc1ccc(OC)c(CNC(=O)c2ccc(N3CCCCS3(=O)=O)cc2)c1,-2.6161489486694336
base,COCCCN1C(=O)C(O)=C(C(=O)c2ccc(C)o2)[C@H]1c1cccs1,-3.172083616256714
base,CCOCCCNC(=S)Nc1ccc(S(=O)(=O)Nc2nc(=S)[nH]c3ccccc23)cc1,-1.8162105083465576
base,[H+].[O-][S@@+](O)c1ccc2c(N3CCOCC3)cc[n-]c1-2,-2.1753058433532715
base,O=C(Nc1nccs1)C1(S(=O)(=O)c2ccccc2)CC1,-2.2803893089294434
base,CN(C)c1nc2nonc2nc1Nc1cccc2ccccc12,-1.337607502937317
base,C[C@H]1CCCN(c2c([N+](=O)[O-])c(=O)n(C)c3ccccc23)C1,-1.9781709909439087
base,[CH2+]OCCO.[H+].[H+].[O-][C+]([O-])C(O[C+]1[CH+][CH+][CH-][CH+][CH-]1)P(O)NC1[CH-][CH+][C-](N([O-])[O-])[CH+][N-]1,-2.2188470363616943
base,COc1ccc2[nH]c(C)c(CCNC(=O)c3cc4ccccc4cc3O)c2c1,-2.6161489486694336
base,O/N=C/c1ccc[nH]1,-1.3678323030471802
base,COc1ccc(NCCC(=O)N2CCOCC2)cc1Cl,-2.2803893089294434
base,Cc1ccc(-n2cccc2C(=O)NS(=O)(=O)c2ccc(C)cc2)cc1,-2.5030341148376465
base,CC1=C(C(=O)O)N2C(=O)[C@@H](NC(=O)Cc3ccccc3)[C@@H]2SC1,-2.419826030731201
base,S=C(NC[C@@H]1CCCO1)N1CCN(C(c2ccccc2)c2ccccc2)CC1,-2.2188470363616943
base,C[CH-][C@@H](C(=O)CC[N-]CC1=C(Cl)[N+](c2ccccc2)=[N+]=C1C)c1cccc(OC(C)C)c1,-2.3521556854248047
base,Cc1ccc2c(c1)N(CCNC(=O)c1cn(C)c3ccc(S(=O)(=O)N(C)C)cc3c1=O)CCO2,-2.12911319732666
base,C=C=[C-]c1ccccc1.[H]/[O+]=C\CCCC[CH2+].[O-]Br,-5.888877868652344
base,FC(F)(F)c1cccc(CNc2nc(CN3CCC4(CC3)OCCO4)nc3c2oc2ccccc23)c1,-2.186189889907837
base,C=C1C=CC=C[CH-]1.O=C(CP(=O)=[OH+])c1ccccc1,-5.9427995681762695
base,CO[C-](N[C+]([O-])OC[c+]1[cH-][cH+][cH-][cH+][c-]1Cl)[C+]([O-])N[c+]1[cH-][cH+][cH-][cH+][c-]1C(F)(F)F,-2.6161489486694336
base,CN1C(=O)C(=O)/C(=C(/O)c2ccc(OCC(=O)Nc3ccccc3)cc2)[C@H]1c1cccnc1,-2.3828799724578857
base,CCCOc1cc(C)c(S(=O)(=O)N2CCN(C)CC2)cc1C,-2.3754727840423584
base,N#CCCOC(=O)/C=N\C1=C\CCN(c2cccc(C(F)(F)F)c2)CC[N-]C1.[H+],-1.9352717399597168
base,CC(C)CC(=O)Nc1cc(S(=O)(=O)N2CCCCC2)ccc1N1CCCC1,-2.1825454235076904
base,C/C(=N\NS(=O)(=O)c1ccc(Br)cc1)c1cccc([N+](=O)[O-])c1,-2.022524118423462
base,C[C@@H](NC(=O)CN1C(=O)NC(c2ccccc2)(c2ccccc2)C1=O)C(=O)NC1CCCC1,-2.099304676055908
base,CC(C)NC(=O)NC(=O)COC(=O)C(C)(C)C,-2.1183104515075684
base,COc1ccc(/[C-]=N/N=C2/S[C@@H](CC(=O)O)C(=O)N2c2cccc3ccccc23)cc1.[H+],-2.3204572200775146
base,C/C(=N\NC(=O)Cc1nc2c3ccccc3nc(C(F)(F)F)n2n1)c1ccco1,-1.568960189819336
base,COCCN[C-]1[N-][C+]2[CH+][CH-][C+](F)[CH-][C+]2[C-]2[N-][C+]([c+]3[cH-][cH+][c-](F)[cH+][cH-]3)[N-][O+]12,-1.8613009452819824
base,CN(C)S(=O)(=O)c1cccc(S(=O)(=O)N2CCCC2)c1,-2.2803893089294434
base,O=C(Oc1cc2c(=O)[nH]c(=O)oc2c2ccccc12)c1ccco1,-3.131344795227051
base,NS(=O)(=O)c1ccc(N/N=C2\C=CC(=O)NC2=O)cc1,-1.5995122194290161
base,Brc1cnc(Nc2ccc(Oc3ccccc3)cc2)nc1N/N=C/c1cccs1,-1.7496302127838135
base,O=C(CN1CCN(c2ccc(O)cc2)CC1)Nc1ccc(Cl)c(C(F)(F)F)c1,-2.2188470363616943
base,CCOCc1cc(=O)[nH]c(=S)[nH]1,-1.771224856376648
base,COc1cccc(NC(=O)N2CCCC2)c1,-2.0578689575195312
base,COc1ccc(C(=O)/C=C/c2ccc(OCc3ccccc3)c(OC)c2)c(O)c1,-6.364750862121582
base,COc1ccccc1NC(=O)Nc1cc(C(C)(C)C)nn1C,-1.6945956945419312
base,Cn1c(=O)c2ccccc2n(CC(=O)N2CCN(c3ccccc3F)CC2)c1=O,-1.970301628112793
base,Oc1cc(OCc2cccc3ccccc23)ccc1Br,-5.993961334228516
base,O=C(O)c1cccc(NCc2ccccc2Cl)c1,-2.844355583190918
base,CCN(CC)CCCNC(=O)CCCn1nc(C)c2c(C)n(-c3ccc(C)cc3)nc2c1=O,-1.6979632377624512
base,Cc1nc2ncnn2c(C)c1Cc1ccc2c(c1)OCO2,-1.6481837034225464
base,NS(=O)(=O)OCCCc1ccccc1,-2.59383225440979
base,CN(CC(=O)NC1CCN(Cc2ccc(F)cc2)CC1)S(=O)(=O)c1cccc2cccnc12,-2.099304676055908
base,CNCCN/C=C1/C(=O)NC(=O)N(c2ccc(F)cc2)C1=O,-1.6945956945419312
base,O=C1CN(C(=O)COC(=O)c2cccc3ccccc23)c2ccccc2N1,-2.5798470973968506
base,[CH2-]C1CC[c+]2[cH-][c+]3[c+]([n-][c+](SC[c+]4[cH-][cH+][c-](Cl)[cH+][cH-]4)[n-][c-]3N)[n-][c+]2C1,-1.8221569061279297
base,COCCN1CCN(C(=S)NC(=O)c2ccc(-n3nc(C)cc3C)cc2)CC1,-1.7146004438400269
base,NC(=O)N/N=C/c1cnccn1,-0.869676411151886
base,O=C(NC[C@@H]1CCCCN1C(=O)C[C@H](c1ccccc1)c1cc(Cl)ccc1O)c1ccco1,-2.780181884765625
base,COc1cccc(CNC(=O)[C@@H]2CCCN(S(=O)(=O)c3ccc(OC)c(OC)c3)C2)c1,-2.717759132385254
base,CO[C]1[CH][CH][CH][CH][C]1N[C]1[CH][CH][C]([C+]([O])O)[CH][C]1N([O-])[O-],-2.3290607929229736
base,C=CCn1c(SCc2ccco2)nnc1-c1cccnc1,-1.6481837034225464
base,[O-]CCCN1N[CH+][N-][c-]2[cH+][cH-][c+]([S+2]([O-])([O-])N[c+]3[cH-][c+](F)[cH-][cH+][c-]3F)[cH-][c+]21,-1.8613009452819824
base,O=C(CCn1ccnc1)O[C@H](OCc1ccccc1)[C-](F)F.[H+],-2.3754727840423584
base,COc1ccc(C)cc1/N=C\C1=CC(=O)O[C@H](c2cccs2)C1,-3.0888755321502686
base,NC(=O)NC(=O)COC(=O)c1ccc(Cl)c(S(=O)(=O)N2CCCCC2)c1,-2.14487624168396
base,Fc1cccc(NC(=S)NC[C@@H](c2cccs2)N2CCOCC2)c1,-2.064993381500244
base,Cc1cc2[nH]c(=O)c3ccccc3c2cn1,-2.0578689575195312
base,CC(C)OC(=O)N[C@@H](C)N1C(=O)[C@@H]2[C@H](C1=O)[C@H]1C=C[C@@H]2C1,-2.3290607929229736
base,COCCC(=O)N(Cc1cc2ccccc2[nH]c1=O)c1cccc(C)c1C,-2.5798470973968506
base,NS(=O)(=O)c1ccc(CCNCc2cc3ccc(Cl)cc3nc2Cl)cc1,-2.14487624168396
base,Cc1nn(CC(=O)O)cc1S(=O)(=O)Nc1ccc(C(C)C)cc1,-2.022524118423462
base,[H]/[O+]=C\OCC[CH-]NS(=O)(=O)c1ccc2c(c1)CCC2,-2.8982770442962646
base,[N-2][C][C+]([CH+][N-]N[C+]1[N-][CH+][N-][C+]2N[C+]([c-]3[cH+][cH-][c+](OC[c-]4[cH+][cH-][cH+][cH-][cH+]4)[cH-][cH+]3)[CH-][C+]12)[C-](N)[O-],-1.5142695903778076
base,CCNC(=S)N(Cc1ccc2ccccc2n1)C(C)C,-1.8830875158309937
base,O=c1c(Cl)nc2cc(Cl)ccc2n1CCN1CCOCC1,-1.931758999824524
base,Cc1ccc(OCCCN2CCCCC2)c(Br)c1,-2.844355583190918
base,O=C(CNC(=O)[C@@H]1Cc2ccccc2CN1C(=O)c1ccccc1Cl)NCc1ccco1,-2.3521556854248047
base,O=S(=O)(c1cccc(Br)c1)c1cccn1-c1ccc(F)cc1,-3.044522523880005
base,[O-][S@+](NCc1ccccc1)[C@]12C[C@H]3C[C@H](C[C@H](C3)C1)C2,-2.94943904876709
base,COc1ccc(-n2nnnc2SCC(=O)NCc2ccco2)cc1OC,-1.640629529953003
base,COCC[N-][C]N([N-][CH+][C+]1[CH+][CH-][C+](Br)[CH-][CH+]1)[c-]1[n-][c+]2[cH+][cH-][cH+][cH-][c+]2s1,-1.8221569061279297
base,[CH2-]CCCCC(O)CC[CH+][CH-]CCCCCO[S+2](N)([O-])[O-],-2.998110294342041
base,[H]/[O+]=C(/C(N)=O)[C@@H](OC)[C@@H](C)OC(=O)/[C-]=C(/N)[N+]1=CC[C@@H]([CH2-])[C@@H](C=C)C1,-2.1057322025299072
base,COCCSc1nc(NC(=S)N(C)C)c2c3c(sc2n1)CCC3,-1.738948941230774
base,O=C(NC[C@@H]1CCC[C@H](Cn2ccnc2)C1)C1CCN(c2ncccc2C(F)(F)F)CC1,-1.8479089736938477
base,[H]/N=c1\oc2c(OC)cccc2cc1C(=O)N(C)c1ccc(C)c(C)c1,-2.5030341148376465
base,Cc1ccc(O[C@@H](C)C(=O)Nc2cccnc2)c(C)c1,-2.2803893089294434
base,CN(C)S(=O)(=O)c1ccc(N2CCCC2)c(C(=O)Nc2nc(-c3cccs3)cs2)c1,-2.004145860671997
base,COc1ccc(S(=O)(=O)N(C)c2ccc(OCC(=O)N(C)Cc3ccco3)c(Cl)c2)cc1,-2.749457359313965
base,COc1cc(C)nc(SCC(=O)NC2CC2)n1,-1.7210086584091187
base,CN(c1ccccc1)S(=O)(=O)c1ccc(NC(=O)c2ccc(F)cc2)cc1,-2.5798470973968506
base,Cc1cc(C)cc(NC(=O)NCCCN2CCOCC2)c1,-1.931758999824524
base,O[C@@H](CN1CCCCC1)CN1CCN(Cc2cccs2)CC1,-1.9781709909439087
base,Clc1ccc(C2=NN/C(=N\C[C@@H]3CCCO3)SC2)cc1,-1.8830875158309937
base,S=C(Nc1ccccc1Cl)N(CCCN1CCOCC1)CC1CC1,-2.064993381500244
base,C[C@H](N)c1nnc(SCC(=O)N(C)C)o1,-1.312661051750183
base,O=C(NCCN1CCOCC1)c1[s+]nn2c1N/C(=C1/C=C[C-](F)C(F)=C1)CC2,-1.7146004438400269
base,C=[n+]1c(=C=O)cc([O-])c2ccc(C(=O)OC/C([O-])=[NH+]/c3cc(OC)c(OC)c(OC)c3)cc21,-2.780181884765625
base,N[P@@](=O)(Oc1ccccc1)Oc1ccc(F)cc1,-2.844355583190918
base,NS(=O)(=O)c1ccc(Nc2ncc(C(=O)Nc3ccc(Nc4ccccc4)cc3)c3ccccc23)cc1,-1.99288010597229
base,CC1=CC2=NC(=O)C[C@](C)(C(=O)N(CC(=O)NC3CCCC3)Cc3ccc(Cl)cc3)N2C=C1,-2.099304676055908
base,[CH2-]CCC/C=C(/N=N/C12CC1=C[CH-]C=C2F)C1=[S+2]=C(N2CCOCC2)C=C1,-2.1825454235076904
base,Nc1ccc(C(=O)/C=C\CCNCc2ccccc2)cc1,-2.3290607929229736
base,CCOc1ccc(S(=O)(=O)N(C)c2ccc(OC)nc2)cc1,-2.3754727840423584
base,CNC[C@H](O)CNCc1ccco1,-1.8509483337402344
base,ON(CC#Cc1ccccc1)CCN1CCOCC1,-2.229227304458618
base,CNNC(=S)Nc1ccc2nccnc2c1,-1.156320571899414
base,O=c1ccn([C@H]2O[C@@H](CO)[C@H](O)[C@@H]2O)c(=O)[nH]1,-2.1183104515075684
base,COCCN1C(=O)N[C@H](c2ccccc2)C(C(C)=O)=C1C,-2.3290607929229736
base,[N-2][C][C+]1[C+](N)[N-][C+](N)[C+]([C][N-2])C1[C+]1[CH+][CH+][C-](O[c+]2[cH-][cH+][cH-][cH+][cH-]2)[CH+][CH-]1,-1.6014856100082397
base,CCOc1cccc(NC(=O)CN(c2ccccc2)S(=O)(=O)c2c(C)noc2C)c1,-2.2877211570739746
base,CCO[C]1[CH][C]([CH+][C]2S[C]([S])N(C)[C]2[O])[CH][CH][C]1O[C]1[CH][CH][C](N([O-])[O-])[CH][N]1,-2.2188470363616943
base,C[P@@](=O)(CO)NC(=O)N1CCc2ccccc2C1,-2.1753058433532715
base,FC(F)(F)Oc1ccccc1N(CCCNC(=S)Nc1cccc2cccnc12)Cc1ccccc1,-2.186189889907837
base,CCOc1c2c(nc3ccc(Cl)cc13)CCC2,-2.7873599529266357
base,O=C(c1ncn[nH]1)N(Cc1ccccc1)CC1CC1,-1.548350214958191
base,[O-]N1c2ccc(N3CCCCC3)cc2[C@@H](F)N2C=CC=C[C@]23O[O+]13,-2.064993381500244
base,O=C(c1ccc2nc(Cc3ccccc3F)oc2c1)N1CCOCC1,-2.5030341148376465
base,COc1ccc(C(=O)COC(=O)CNC(=O)c2cc(=O)[nH]c(C)n2)c(OC)c1OC,-2.2877211570739746
base,S=C(NCc1ccc(Cl)cc1)N1CCN(c2ccccn2)CC1,-1.738948941230774
base,CN(C)CCNCCCOc1ccc(Br)cc1/C=C1/CCCCC1=O,-2.5030341148376465
base,Cc1ccc(S(=O)(=O)N(CC(=O)Nc2ccccc2C)c2ccc(Cl)c(C(=O)N3CCOCC3)c2)cc1,-2.497126817703247
base,CC(C)C[C@@H](N)N(O)C(=O)Nc1ccccc1,-1.7210086584091187
base,O=C(COC(=O)CCc1ccc(S(=O)(=O)N2CCOCC2)cc1)NC(=O)NC1CCCCC1,-2.3828799724578857
base,CCOc1cccc(C(=O)NC(=O)Nc2cccc(C)n2)c1,-1.9781709909439087
base,COc1ccc(N[C@@H](C)C(=O)OCC(=O)Nc2ccccc2F)cc1,-2.5030341148376465
base,CCCOc1ccc2c(c1)C(=O)C[C@@H](CC1CCCCC1)C2=O,-6.133398056030273
base,Fc1ccc(NC(=S)N2CCOCC2)cc1Cl,-2.1183104515075684
base,O=C(COc1ccc(O)cc1-c1ccnc(O)c1)NC(=O)CN1CCCCC1,-2.2188470363616943
base,COc1ccc([C@H]2CC(=O)c3c(O)c(C)c(O)c(O)c3C2)cc1O,-6.175867080688477
base,CS(=O)(=O)CC[C@@H](c1ccc(C#N)cc1)N1CCN(C2CCCC2)CC1,-2.14487624168396
base,CNC[C@H](O)[C@@H](O)[C@@H](O)CO,-2.35364031791687
base,C[c-]1[n-][c+](NCCCO)[c+]2[c-]([c+]1[C][N-2])C(C(C)C)[CH+][CH+][CH+]2,-1.931758999824524
base,CN[C@H](CC(=O)O)[C@@H](O)c1ccc2oc(=O)ccc2c1,-2.94943904876709
base,O=[N+]([O-])c1cccnc1NCCc1ccccc1,-1.7780040502548218
base,COCCn1nnnc1SCC(=O)N1CCCCC1,-1.3276787996292114
base,Nc1ccc(Oc2ccc(OCCCF)cc2)nc1,-2.229227304458618
base,O=[N+]([O-])c1cccnc1N1CCN(c2ccccc2)CC1,-1.6481837034225464
base,O=C1CCNCCN1[C@@H](C#Cc1ccccc1)CO,-2.229227304458618
base,S=C(NCc1ccncc1)Nc1ccc(Cl)cc1Cl,-1.8319255113601685
base,O=C(NCCNC(=O)c1cc(F)cc(F)c1)c1cccnc1,-1.9781709909439087
base,[CH2-][CH+]CN(C[C][CH+][C-]1[CH+][c-]2[cH+][cH-][c+](C)[cH-][c+]2N[C-]1[O-])[S+2]([O-])([O-])[c-]1[cH+][cH-][cH+][cH-][cH+]1,-2.6161489486694336
base,CN1CCN(C(=S)C(=O)NCc2ccccc2)CC1,-1.8319255113601685
base,OCCNCCCOc1ccccc1,-2.59383225440979
base,CCCCN1CCC(CNC(=O)c2cc3c(=O)n4cccc(C)c4nc3s2)CC1,-1.970301628112793
base,COc1ccc(-n2nnnc2SCC(=O)N(c2ccccc2OC)C(C)C)cc1,-1.7496302127838135
base,CCN(CC)S(=O)(=O)c1ccc(CCC(=O)OCC(=O)Nc2cccc(OC)c2)c(C)c1,-2.749457359313965
base,COc1cccc(CNC(=O)CS(=O)(=O)c2ccc(C)cc2)c1,-3.0888755321502686
base,O=C(NCC(=O)N1CCN(c2ccccc2F)CC1)C1CCCCC1,-2.1057322025299072
base,O=C(COc1ccc([N+](=O)[O-])cc1)NNC(=S)NC(=O)c1ccc(Br)cc1,-1.898970127105713
base,O=C(NNC(=O)c1ccc(F)cc1)c1ccccc1,-2.229227304458618
base,O=S(=O)(c1cccs1)N1CCN(c2ccccc2F)CC1,-2.3290607929229736
base,O=C(N/N=C/c1ccccn1)c1ccc(Cn2cccn2)o1,-1.4739243984222412
base,COc1cc(OC)c2c(c1)N(C(=S)N1CCN(Cc3ccccc3)CC1)CCN2C,-2.004145860671997
base,NS(=O)(=O)c1ccc(OCCCN2CCOCC2)cc1,-2.2803893089294434
base,CCOCCOC(=O)CCC(=O)OCC,-5.707110404968262
base,[CH2-]N(CC[C@@H](NC(=O)C(=O)NCCN1CCN(c2ccccc2F)CC1)C(=O)OCC)C(C)=O.[H+],-1.9084417819976807
base,Cc1ccc2nc(C(F)(F)F)nc(N(C)N)c2c1,-1.4944287538528442
base,S=C(NCc1ccccc1)NC1CCCCC1,-2.1183104515075684
base,Cc1cc(CNc2cnc3ccccc3c2)cs1,-2.1753058433532715
base,COc1cc(/C(C)=C\c2oc(CO)cc(=O)c2O)ccc1OCC(=O)O,-6.2557501792907715
base,CN(C)CCCOC(=O)COc1ccc2ccccc2c1,-2.998110294342041
base,Cn1c(SCc2nc3cc(C(=O)O)ccc3c(=O)[nH]2)nnc1C(F)(F)F,-1.640629529953003
base,CCC1[CH+]C(N[C-]([S-])N2CCC3(CC2)OCCO3)[c+]2[cH-][cH+][cH-][cH+][c-]2N1[C-]([O-])[C+]1[CH+][c-]2[cH+][cH-][cH+][cH-][c+]2O1,-2.4697651863098145
base,CC(=O)CCCC(=O)Nc1cccc2cccnc12,-2.229227304458618
base,C=C(C)Cn1c(CCNC(=O)Cn2ccc3ccccc3c2=O)nc2ccccc21,-2.004145860671997
base,COc1ccc(C)cc1NC(=O)CN1CCN(c2ccc(F)cn2)CC1,-1.8613009452819824
base,Nc1cc(-c2ccc(Br)cc2)nn1S(=O)(=O)c1ccc(Br)cc1,-2.022524118423462
base,CSc1ccc(/C=N\NC(=O)C[C@@H]2CCCO2)cc1,-2.229227304458618
base,COc1ccc(N[C@H]2CCCN(C(=O)c3cc4ccccc4oc3=O)C2)c(OC)c1,-2.6850228309631348
base,CCOC(=O)[C@@H]1CCCN(S(=O)(=O)c2ccccc2)C1,-2.94943904876709
base,COCCCNC(=O)C1CCN(S(=O)(=O)CCc2ccccc2)CC1,-2.5030341148376465
base,CO/N=C\c1ccc(NC(=O)CCCc2ccc(OC)cc2)cc1,-2.4622952938079834
base,CCOc1ccc(/C=C2\[S+]=C(N3CCCCC3)N=C2[O-])cc1,-2.3754727840423584
base,C[C@H](CCc1ccccc1)NS(=O)(=O)N1CCOCC1,-2.2803893089294434
base,COc1ccccc1C(=O)NNC(=O)c1cccs1,-2.229227304458618
base,CCOC(=O)N/C(C)=N/O,-1.5897328853607178
base,O=c1c2cc(F)ccc2oc2c(O)ccc(C(O)(C(F)(F)F)C(F)(F)F)c12,-6.293419361114502
base,Nc1ccc(Cl)c(NC(=O)CSc2ccc(Cl)cc2)c1,-2.2803893089294434
base,COc1ccccc1N1CCN(S(=O)(=O)c2ccc(OC(C)C)cc2)CC1,-2.5798470973968506
base,O=C1C[C@@H](c2ccccc2)CC(O)=C1/C=N/Cc1ccccc1,-3.0888755321502686
base,C1#[S@OH19]2(c3cncc(NCc4ccccc4)n3)N3S[C@]32C=C1,-1.6481837034225464
base,BrCCCCCCN1CCCCC1,-2.519998073577881
base,S=C(Nc1ccc2c(c1)CCC2)Nc1ccc2c(c1)OCO2,-2.3754727840423584
base,[O-][c+]1[nH][c+]2n([c-]3[cH+][cH-][cH+][cH-][c+]13)[N-][C-]([c-]1[cH+][cH-][c+](Cl)[c-](F)[cH+]1)S2,-1.9781709909439087
base,CC(=O)O[C@@H]1CC[C@@H](c2noc3ccc(F)cc23)OC1(C)C,-3.044522523880005
base,O=S(=O)(Cc1ccccc1)NC(=S)c1ccc(F)cc1,-2.94943904876709
base,COc1ccc(/N=C2\C(=O)Nc3ccccc32)cc1,-2.229227304458618
base,CC[C@@H](C)OC(=O)c1ccc(Cl)cc1Cl,-5.707110404968262
base,CN(C)CCNC(=O)Cc1ncc(C(F)(F)F)cc1Cl,-1.8830875158309937
base,CO[C]1[CH][CH][C]([C+]2[CH]N3[CH][CH][CH][CH][C]3[N]2)[CH][C]1N([O-])[O-],-1.8830875158309937
base,Cc1ccc(-c2cc(C(=O)Nc3ccc4ccccc4c3)c3ccccc3n2)o1,-2.6511785984039307
base,COc1ccc(-n2c(C)nc3cc(C(=O)N4CCOCC4)ccc32)cc1,-2.14487624168396
base,[O-][C+]1C[C-]([C+]([O-])N([c+]2[cH-][cH+][cH-][cH+][cH-]2)C2CCCCC2)CS1,-2.998110294342041
base,CCC[C@H](C(=O)NC1CCCC1)N(C(=O)Cn1nnc(-c2ccc(C)o2)n1)c1cccc(O)c1,-1.7277717590332031
base,CO[C]1[CH][CH][C](C[C]([O])N[N][CH+][C]2[CH][CH][C](O[C]3[CH][CH][C](N([O-])[O-])[CH][N]3)[C](OC)[CH]2)[CH][CH]1,-2.068580389022827
base,NS(=O)(=O)c1ccc([C@@H](CCC(=O)O)NC(=O)c2ccccc2Cl)cc1,-2.54217791557312
base,Cc1ccn2nc(/[S+]=c3\nc4n(C)c(=O)[nH]c([O-])c-4n3CCCc3ccccc3)nc2n1,-1.3816250562667847
base,COc1ccc(Br)cc1C(=O)NNC(=O)c1cccnc1,-1.931758999824524
base,CC1(C)[C@H]2CC[C@]1(CS(=O)(=O)N1CCN(CCN3CCOCC3)CC1)C(=O)C2,-2.2188470363616943
base,CCO/N=C\c1ccsc1[C@H](C(=O)NC1CCCCC1)N(Cc1ccco1)C(C)=O,-2.2877211570739746
base,O=C(Nc1ccccc1)NC1CCN(Cc2ccccc2F)CC1,-2.064993381500244
base,Cc1ccc(C)c(/N=N/c2ccc(O)c3ncccc23)c1,-1.931758999824524
base,CO[C]1[CH][CH][C](CN2[CH][C](C)[N][C+]2SC[C]([O])N[C]2[CH][CH][C]3[CH][CH][CH][CH][C]3[CH]2)[CH][C]1N([O-])[O-],-2.099304676055908
base,NNC(=O)c1ccc(CSCc2cc(=O)oc3ccccc23)o1,-2.419826030731201
base,Fc1ccc(OCc2noc(CN3CC[C@@H](c4ccccc4F)C3)n2)cc1,-2.1825454235076904
base,CC[C+]([O-])N1[C+]([O-])N(C2CCCCC2)C(O[CH+][C-](C)[O-])C1C,-2.3754727840423584
base,Clc1ccc(-c2csc(N3CCN(Cc4ccccc4)CC3)n2)cc1,-2.1057322025299072
base,O=[N+]([O-])c1cc2c(cc1NNC(=S)NC1CC1)CCc1ccccc1N2,-1.640629529953003
base,[CH2-]CO[c+]1[n-][c+](NC2CCCCC2)[n-][cH+][c-]1Br,-1.7210086584091187
base,COC(OC)c1cc(C(=O)N/N=C/c2ccc(O)c(O)c2)c2ccccc2n1,-2.2188470363616943
base,CN1[C-]([O-])[C+]2S[C+]([S-])N(CC[C+]([O-])NCC3CCCO3)[C+]2N([C][CH+][C+]2[CH+][c-]3[cH+][cH-][cH+][cH-][c+]3[N-][C+]2[O-])[C-]1[O-].[H+],-1.99288010597229
base,C[C@H](C(=O)Nc1ccccc1)c1ccc(S(=O)(=O)N2CCOCC2)cc1,-2.54217791557312
base,[H]/N=C(/N=C1\[C-]=C/C(=[O+]\C)C=C1)NCCCO,-1.660567283630371
base,C/C(=C\C=C\CC(C)(C)O)C/N=C/CCCCC(C)C,-2.94943904876709
base,O[N+]1=C2[C][C@H]2[N-]N1[C+]1=CC=CC=C1C(F)(F)F.[H+].[O-2],-1.7780040502548218
base,c1ccc([C@H](C/N=[S+]/[C-]2CCCCCN2)n2nnc3ccccc32)cc1,-1.640629529953003
base,O=C(NN1C(=O)c2ccccc2C1=O)c1ccccc1Cl,-2.3290607929229736
base,Cc1c(/C=C2/SC(=O)NC2=O)c2ccccc2n1CCc1nccn1C,-1.8613009452819824
base,[O-][S@@+](CCCOCC1CCCCC1)Cc1ccc(Cl)cc1,-6.042633056640625
base,CCCCCC(=O)N/N=C/c1cc2c(cc1O)OCCO2,-2.3290607929229736
base,O=C(O)c1cc(-c2ccccc2)nc(-c2ccc(S/C=C3\C(F)=CC=C[C-]3Cl)s2)c1.[H+],-3.3540725708007812
base,[CH][CH+]CS[CH-][c+]1[cH-][cH+][cH-][cH+][cH-]1.[H+].[O-][PH+]([c-]1[cH+][cH-][cH+][cH-][cH+]1)[c-]1[n-][c+]2[cH+][cH-][cH+][cH-][c+]2n1-[c+]1[cH-][cH+][c-](F)[cH+][cH-]1,-2.8389358520507812
base,COCn1c(COc2cccc(OC)c2)nc2ccccc21,-2.3754727840423584
base,[CH2+]C(CCOP([O-])C[C+](C[CH-]CC)[C-]([O-])O)N[C+]1[N-]CCCCC1C([CH2+])C,-2.5798470973968506
base,Fc1ncccc1/C=C/c1nc2ccccc2[nH]1,-1.7780040502548218
base,COc1ccc(N2CCN(C[C@H](O)COC(C)(C)C)CC2)cc1,-2.419826030731201
base,O=c1[nH]ccc2ccccc2/c1=N/OS(=O)(=O)Cc1ccccc1,-2.4622952938079834
base,O[C@](Cn1cnnn1)(c1ccccc1)c1ccccc1F,-1.6481837034225464
base,O=C1C=CN(CC(=O)c2ccco2)CC1,-2.662587881088257
base,CC(=O)n1nc(-c2ccccc2)nc1SCc1ccccc1Cl,-2.022524118423462
base,CO[c-]1[cH+][cH-][c+]([S+2]2([O-])N[C-]([S-])N(C[C-]([O-])N[C+]3[CH+][CH-][C+](C)[CH-][C+]3C)C([c-]3[cH+][cH-][c+](N([O-])[O-])[cH-][cH+]3)O2)[cH-][c+]1Cl,-2.2401843070983887
base,CN(C)S(=O)(=O)N1CCC[C@H](C(=O)c2ccc(-c3ccccc3)cc2)C1,-2.54217791557312
base,CC(=O)c1ccccc1OC[C@H](O)CN1CCc2ccccc2C1,-3.131344795227051
base,O=c1c(/C=N/O)cc2cn[nH]c2n1Cc1ccccc1,-1.5995122194290161
base,O=C(COC(=O)c1cc(-c2ccncc2)nc2ccccc12)NCc1ccco1,-2.2538769245147705
base,CNC(=O)C1=C(C)Nc2nc3ccccc3n2[C@H]1c1cccc(F)c1,-1.8221569061279297
base,COc1c(Cl)cc(-c2noc(C)c2C(=O)N[C@@H](C)c2ccccc2)cc1Cl,-2.5798470973968506
base,CCOc1ccccc1N1CCN(CC(=O)Nc2ccc(C)cc2Cl)CC1,-2.1825454235076904
base,O=C(Cc1ccccc1)NNC(=O)c1ccc(NC(=O)c2cccs2)cc1,-2.1825454235076904
base,F[C]1[CH][CH][C]([N+][N+][C][CH][CH][C]2[C-][CH][CH]N2)[CH][CH]1,-1.7210086584091187
base,O=C(CCc1ccccc1)c1ccc(OCCN2CCOCC2)cc1,-3.172083616256714
base,[O][C]([C+]1[CH][CH][CH][CH][CH]1)N1CCN(S([O])([O])[C]2[CH][CH][C](N([O-])[O-])[CH][CH]2)CC1,-2.14487624168396
base,O=Cc1ccc(O)cc1O[C@@H]1O[C@H](CO)[C@@H](O)[C@H](O)[C@@H]1O,-6.042633056640625
base,Cc1cc(C)c2ccccc2c1/C=N/NC(=O)c1cc(-c2cccs2)[nH]n1,-1.898970127105713
base,OCCN1CCCCCC1,-2.258782386779785
base,CCCCSc1nnc(CSc2nc(C)cc(C)n2)o1,-1.5995122194290161
base,COc1c(F)cc(/C=C/c2ccc3cccc(O)c3n2)cc1C=O,-3.131344795227051
base,COC(=O)c1ccc(SCc2cccnc2)cc1,-2.844355583190918
base,O[C@@H](COCc1cnc(Cl)s1)CN1CCCC1,-2.1183104515075684
base,[CH2-]CN(CCC/N=C1/C=C/C(=[O+]/C)C(C(=O)O)=C1)c1nc(C(F)(F)F)cc(=O)[nH]1,-1.970301628112793
base,O=CNNS(=O)(=O)c1ccc2c(c1)n(-c1cccc(F)c1)c(=O)n2-c1ccccc1,-2.004145860671997
base,Fc1ccccc1CCNCc1ccc(-c2nc3ncccc3o2)cc1,-2.14487624168396
base,N#CC[C@@H](NC(=O)CN1CCOCC1)c1ccccc1,-1.8830875158309937
base,CC(=O)c1c(C)[nH]c(C(=O)CSc2n[nH]c(=O)n2CCc2ccccc2)c1C,-1.9352717399597168
base,C[P@](=O)(Nc1ccc(Br)cc1F)Oc1ccccc1,-2.8982770442962646
base,CC(=O)/C(CN1CCCC1)=N\Nc1ccc(S(N)(=O)=O)cc1,-1.6945956945419312
base,C/C(=N\OCC(=O)N/N=C/C=C/c1ccccc1)c1cccs1,-2.022524118423462
base,S=c1[nH]nc(CCc2ccccc2)n1-c1ccc(Cl)cc1,-1.931758999824524
base,CCC(=O)NC(=S)Nc1ccc(C(=O)c2ccccc2)s1,-2.3290607929229736
base,O=C(CSc1nc2c(c3oc4c(F)cccc4c(=O)c13)CCCC2)N1CCCC1,-2.6511785984039307
base,CCOc1ccc2cc(CN(C(=O)c3ccco3)C3CCCCC3)c(=O)[nH]c2c1,-2.6511785984039307
base,Cc1nc2c(C(C)(C)C)cnn2c(N)c1Cc1ccc(C(C)C)cc1,-1.8221569061279297
base,O=S(=O)(c1ccccc1)c1c(-c2ccccc2)[nH]c2ccccc12,-3.131344795227051
base,COCCCn1c(-c2ccncc2)nnc1[S+2]1=[NH+][C@@H]1/[C-]=N/[C-]=N/CC/[C-]=N\C=C(C)C,-1.3499267101287842
base,CN(C)c1ccc(CN2CCC(Oc3ccc([N+](=O)[O-])cc3)CC2)cc1,-2.14487624168396
base,COc1ccccc1/C=C\C(=O)C(F)(F)F,-5.7714409828186035
base,CCCN(CCC)CCNC(=S)Nc1ccccc1,-1.8319255113601685
base,Cc1nn(C)cc1CN1C(=O)c2ccccc2S1(=O)=O,-1.8830875158309937
base,COc1cc(Cl)ccc1NC(=O)c1ccn[nH]1,-1.7210086584091187
base,COc1cc2c(cc1OC)CN(C(=O)CCc1ccccc1)CC2,-3.131344795227051
base,COc1ccc(C)cc1NC(=O)CSc1cc(C)nc(C)n1,-1.9781709909439087
base,[CH][CH-][C-]1[C+](N[C+]([O-])[C+]2[CH+][CH-][CH+][N-][CH+]2)[C-]([O-])N[C+]([O-])N1C(C)CC,-1.738948941230774
base,CS(=O)(=O)Nc1ccc([C@H]2C(=O)Nc3ccccc3[C@@H]2O)cc1,-2.419826030731201
base,NNC(=S)Nc1oc2cc(Cl)ccc2c(=O)c1-c1ccccc1,-2.022524118423462
base,Brc1ccc(-c2nnc(SCc3cccc4ccccc34)o2)cc1,-2.4622952938079834
base,CCOC(=O)C1=C(C)/C(=C(/N)[O-])C([S@+](C)[O-])=[S+]1,-2.7873599529266357
base,Fc1ccc(-c2csc(Cc3nc(C4CC4)cs3)n2)cc1,-2.3290607929229736
base,CCOc1cccc([C@H](C)C2=C=[NH+]/C(=N\C(=O)C(=C\c3ccco3)/N=C(\[O-])CC)S2)c1,-2.3204572200775146
base,COc1cc(OC)nc(NC(=O)c2ccco2)n1,-1.7780040502548218
base,Cc1ccc(C(=O)O)cc1NC(=S)N1CCC(C(=O)c2ccccc2)CC1,-2.5798470973968506
base,CC(C)Cc1nc2n[nH]c(N)c2c2c1COC(C)(C)C2,-1.5995122194290161
base,[H+].[O-]N([O-])[CH-][C+]([N-]O[CH+][C]C1CC1Br)[C+]1[CH-][CH+][CH-][CH+][C+]1Cl,-2.2803893089294434
base,O=C(CCNS(=O)(=O)c1ccccc1)NCc1cnc[nH]1,-1.6481837034225464
base,NCCCOCCCSc1nc(-c2cccs2)cc(C(F)(F)F)n1,-2.064993381500244
base,[H]/N=C1\NC(=O)/C(=C/c2cc(OC)c(O)c(OC)c2)S1,-2.229227304458618
base,Fc1ccc(NCc2ccc3c(c2)OCO3)cc1,-2.844355583190918
base,S=c1[nH]nc(CSc2nnc(-c3cccnc3)o2)n1C1CCCCC1,-1.4208155870437622
base,O=C(CCS(=O)(=O)Cc1ccccc1)N1CCN(c2ccccc2F)CC1,-2.5798470973968506
base,S=c1nc[nH]c(Oc2ccccc2)c1-c1ccccc1,-2.2803893089294434
base,CCCCOc1ccc(NS(=O)(=O)c2cccc3cccnc23)cc1,-2.5030341148376465
base,O=C(CCCC1CCN(Cc2cccc3ccccc23)CC1)NN=C1CCCC1,-2.2538769245147705
base,O=C(O)CCCc1ccccc1,-5.48479700088501
base,O=C(c1ccc(O)cc1)N1N=C(c2c(O)n(Cc3ccccc3)c3ccccc23)C[C@H]1c1ccccc1,-2.497126817703247
base,Cc1cc2c(cc1CC(=O)N(C)CC(=O)Nc1ccccc1C#N)OCO2,-2.1825454235076904
base,CC(=O)c1ccc(Cc2ncc(C(F)(F)F)cc2Cl)s1,-2.94943904876709
base,CNC(=O)c1cc(S(=O)(=O)N2CCCC2)cn1C,-1.7780040502548218
base,O=S(=O)(NCc1ccco1)c1ccc(-c2ccccc2OS(=O)(=O)c2ccccc2)cc1,-3.4185070991516113
base,COc1cccc(C(=O)[C@H]2CCCN(Cc3cc4ccccc4[nH]3)C2)c1,-2.54217791557312
base,CN1CC[C@@H](CC(=O)N2CCC(Cc3ccccc3)CC2)c2ccccc21,-2.5798470973968506
base,O=C(CP(=O)(c1ccccc1)c1ccccc1)N1CCc2ccccc21,-3.2112276554107666
base,[CH+]1[CH-][CH+][C@@H](CN2CCCCC2)CC1.[CH2-][C-]([CH-][C@H]1O[C-](C[c+]2[cH-][cH+][cH-][cH+][cH-]2)[C@@H]([N-][N-][C+]2[CH+][CH-][C+](OC(F)F)[CH-][CH+]2)C[S+2]1([O-])[O-])C(F)(F)F.[H+].[H+].[H+],-2.7360692024230957
base,NNC(=O)[C@@H]1CCCN1C(=O)/C=C/c1ccc(F)cc1,-1.8830875158309937
base,NNC(=O)c1cc(Br)cn1Cc1ccccc1Cl,-1.7780040502548218
base,[CH2+]CC[CH-][C+]1[CH-][CH+][CH-][CH+][C+]1O[C-]([O-])[c+]1[cH-][cH+][cH-][c+](Cl)[c-]1N.[H+],-2.998110294342041
base,COc1ccc(C=C(C#N)C#N)c(OC)c1,-2.0578689575195312
base,O=S(=O)(Nc1cc(Cl)cc(Cl)c1)c1ccccc1,-2.844355583190918
base,COc1ccc(O[C@@H]2O[C@H](CO)[C@@H](O)[C@H](O)[C@@H]2NC(=O)c2ccc(C)cc2)cc1,-3.320228338241577
base,FC(F)(F)Oc1ccc(NC(=S)Nc2cccnc2)cc1,-1.931758999824524
base,NNC(=O)C1=C(N)/C(=C\c2ccc(Br)c(O)c2)C(=O)N1,-1.5995122194290161
base,COc1cc(C(=O)O)c2[nH]c(-c3ccccc3)cc2c1N,-2.3290607929229736
base,Cc1cc(C)nc(SCC(=O)Nc2ccc(S(=O)(=O)N3CCCCC3)cc2)n1,-1.9352717399597168
base,O=C(NCc1ccco1)N[C@]12C[C@H]3C[C@H](C[C@H](C3)C1)C2,-2.2803893089294434
base,C=CC[C@H]1C(=O)N2C(=C1O)C(C(N)=O)=C(Nc1cccc(F)c1)[C@@H](c1cc(OC)ccc1OC)C2(C)C,-2.497126817703247
base,[H]/[C-]=[N+](\c1ccccc1)c1n[nH]nc1/[N+](=[C-]/[H])c1cccc2cccnc12,-1.4208155870437622
base,O=C(O)COC(c1ccccc1)c1ccccc1,-5.888877868652344
base,Cc1cccc(OC[C@H](O)CN2CCN(C)CC2)c1,-2.229227304458618
base,CO[C]1[CH][C][C]([C]2CCN3[CH][CH][N][C]3[C]2[O])[CH][C]1OC.[H+],-2.2803893089294434
base,CCCc1nnc(S[C@@H](C)C(=O)Nc2ccc(F)cc2)n1C,-1.6945956945419312
base,COc1ccccc1N1CCN(S(=O)(=O)c2c(C)nc3[s+]ccn3c2[O-])CC1,-1.9352717399597168
base,O=C(c1noc2c1CCCC2)N1CCCCC1,-2.1183104515075684
base,O=C(NCC(=O)N1CCCC1)c1ccc(OC(F)F)cc1,-2.3290607929229736
base,Cn1nnc2cc(NC(=O)NCCCN3CCCCC3)ccc21,-1.337607502937317
base,COc1ccc(NC(=S)N2CCC(N(C)CCN3CCOCC3)CC2)cc1,-1.898970127105713
base,CCN1C[CH+][OH+]C2[CH-][CH+][C+](O2)C([c+]2[cH-][cH+][c-](F)[cH+][cH-]2)C[C-]1[O-],-3.044522523880005
base,COc1cc(C(=O)N[C@@H](CC(C)C)c2nnnn2-c2cccc3ccccc23)cc(OC)c1OC,-1.9373873472213745
base,Clc1ncccc1CNCC1CCCCC1,-2.0578689575195312
base,O=C(O)CNCn1c(-c2ccccc2O)nc2ccccc21,-1.9781709909439087
base,[CH2][C]1[C]([CH+][C]S(N)([O-])[O-])[C]2CCC[C]2CN1N[C]([O])CO[C]([O])C[C]1[CH][CH][CH][N][C]1O,-2.036881923675537
base,COc1ccccc1CNS(=O)(=O)c1ccccc1[N+](=O)[O-],-2.3754727840423584
base,CC(=O)c1sc(NC(=O)CCC(=O)c2cc(C)ccc2C)nc1C,-2.4622952938079834
base,N#Cc1ccsc1NC(=O)c1ccc(-c2ccnc(N)c2Cl)s1,-1.738948941230774
base,O=C(c1ccco1)N1CCN(C(=O)C2CCN(S(=O)(=O)c3cccc4nonc34)CC2)CC1,-1.8786333799362183
base,Cc1c[c-]c(/[S+]=C/N=C/c2ccco2)c(C)c1,-2.7873599529266357
base,COCCN1CCN(C(=O)C2=[C-]CCC2)CC1.[CH]N(C)[C+]1=[C-]C=C(Br)C=C1.[H+],-2.1825454235076904
base,Clc1cccc(/C=N/NC2=NCCCCC2)c1Cl,-1.7780040502548218
base,COc1ccccc1-n1c(CNc2ccccc2)nnc1SCC(=O)N1CCOCC1,-1.8162105083465576
base,NNCc1ccco1,-1.3678323030471802
base,O=C(CCNS(=O)(=O)c1cccs1)N1CC[C@@H](c2ccccc2)C1,-2.4622952938079834
base,NS(=O)(=O)c1cccc(NC(=O)c2ccccc2Cl)c1,-2.2803893089294434
base,CCC[C@H](NCC(=O)Nc1cccc2ccccc12)C(=O)O,-2.3754727840423584
base,NN1[C][C]2[C]([O-])N[C]([S])[NH+][C]2[C]2[CH][CH][C](O)[C]([N+]([O])[O-])[C]21.[H+],-1.427512288093567
base,Cc1cccc(-c2ccccc2N(C(=O)C2=C(N)/C(=C(/N)[O-])N=[S+]2)[C@@H](C)C(=O)NC2CCCCCC2)c1,-1.99288010597229
base,CCCC(=O)N1CCNC(=O)[C@@H]1CC(=O)Nc1nccs1,-1.6481837034225464
base,CN1N=[N+]=N[C@@]12[CH-]C[CH-]C[C@H]2C=O.[H+],-1.1700712442398071
base,CCCCn1c(N)c(N(CC(=O)OC)C(=O)c2cc(S(=O)(=O)N3CCN(C)CC3)ccc2Cl)c(=O)[nH]c1=O,-1.8388428688049316
base,O=C(c1ccccc1)c1ccc(O[C@H]2O[C@@H](CO)[C@H](O)[C@@H](O)[C@@H]2O)cc1,-6.2557501792907715
base,CO[N-][c+]1[n-][c+](NC(C)(C)C)[n-][c+](OC[CH+][N-]O)[n-]1,-1.1470087766647339
base,CNS(=O)(=O)c1cc(NC(=S)N(C)C)ccc1C,-1.7780040502548218
base,COc1ccc(N[C@H](c2cccnc2)c2cc(C)nc3ccccc23)cc1,-2.1825454235076904
base,CO[c+]1[cH-][c+]([C+]([O-])N(C)[CH-][c+]2[cH-][cH+][c-](OC)[c+](CS[c-]3[cH+][cH-][cH+][cH+][n-]3)[cH-]2)[cH-][cH+][c-]1OC,-2.717759132385254
base,COc1ccc(N2CCN(S(=O)(=O)c3c(C(=O)N4CCCC4)c(C)n(C)c3C)CC2)cc1,-2.068580389022827
base,Nc1cccc2c1C(=O)N(c1ccccc1Br)C2=O,-2.229227304458618
base,[O-]N([O-])[c-]1[cH+][cH-][c+](OP([O-])NC([c+]2[cH-][cH+][cH-][cH+][cH-]2)[c+]2[cH-][cH+][cH-][cH+][cH-]2)s1,-2.5030341148376465
base,COc1ccccc1OCC(=O)Nc1ccc(-c2csc(C)n2)cc1,-2.5030341148376465
base,S=C(NC[C@@H]1CCCO1)Nc1ccc(Cl)cc1,-2.1183104515075684
base,CN[C-]([O-])N(C)[C+](C)O[c+]1[cH-][cH+][c-]2[cH+][cH-][cH+][cH-][c+]2[cH-]1,-2.229227304458618
base,CC(=O)OC(C)(C)c1cc(-c2cc(C)no2)cc(C(C)(C)C)c1,-3.0888755321502686
base,CN(C)/C=C(/C#N)c1nnc(SCC#N)n1-c1ccccc1,-1.2932543754577637
base,O=C(CCCO)c1ccc2c(c1)OCCO2,-5.7714409828186035
base,O=P(NS(=O)(=O)c1ccccc1)(Oc1ccccc1)Oc1ccccc1,-3.2112276554107666
base,[O-]c1[nH]/c(=[S+]/Cc2cc(Cl)cc(Cl)c2)nc2[nH]ncc12,-1.5995122194290161
base,Fc1cnc(Cl)nc1N1CCN(c2ccccc2)CC1,-1.5995122194290161
base,COc1ccc2cc(CCNC(=O)c3ccccc3)c(=O)[nH]c2c1,-2.4622952938079834
base,NS(=O)(=O)c1ccc(Sc2cccc(C(F)(F)F)c2)nc1,-2.3290607929229736
base,COc1ccc(/C=C2\SC(=O)N(Cc3ccc([N+](=O)[O-])cc3)C2=O)cc1,-2.54217791557312
base,C[N-][C+]([O-])N(C)[N-][CH+]C(C)[c+]1[cH-][cH+][cH-][cH+][cH-]1,-1.660567283630371
base,O=C(O)CCc1nnc(SCc2ccc(Cl)cc2Cl)[nH]c1=O,-1.9781709909439087
base,O=C(Nc1ccccc1Oc1ccccc1)NC1CCCCC1,-2.419826030731201
base,COc1ccc(Cl)c2sc(N3CCN(C)CC3)nc12,-1.8319255113601685
base,CCc1nc(NCCCN2CCCC2=O)nc2c1CCCC2,-1.6945956945419312
base,O=S(=O)(Nc1ccncc1)c1ccc(Cl)c(Cl)c1,-2.1753058433532715
base,CCOC(=O)c1cnc(-c2ccccc2)nc1Oc1ccc2ccccc2c1,-2.6161489486694336
base,O=C(Oc1ccccc1N1C(=O)[C@H]2CC=CC[C@H]2C1=O)c1cccnc1,-2.54217791557312
base,CC(=O)c1cccc(N[N@@+]23[CH-][C@@]2(Cl)[N-]3)c1.[H+],-1.5962363481521606
base,CN(C)CCN1CCN([C-]2[CH+][CH-][C][C+]3[CH+][CH-][N-][C+]32)CC1.[H+],-1.5995122194290161
base,C[C@@H]1CN(C[C@H](O)COCCCOc2ccccc2)C[C@H](C)O1,-3.0888755321502686
base,CCOC(=O)/C=C/c1ccc(OC)c(OCc2ccccc2)c1,-6.133398056030273
base,COc1ccc(Oc2nc3c(c(=O)n(C)c(=O)n3C)n2C)cc1OC,-1.8221569061279297
base,CC(=O)[C@H](c1cc(=O)c2c(O)cccc2o1)C1(C)CCCC1,-6.08904504776001
base,O=C(CSc1cccc2ccccc12)NC1CCCCC1,-2.998110294342041
base,Cn1nc(-c2ccc(N3CCN(CCO)CC3)c([N+](=O)[O-])c2)c2ccccc2c1=O,-1.7834744453430176
base,NC[C@@H]1CC(=O)N(Cc2ccc(F)cc2)C1,-2.0578689575195312
base,COCCOc1ccc(C)cc1Cc1c(O)[nH]c(=S)[nH]c1=O,-2.3754727840423584
base,COCCC(=O)Nc1nc2ccccc2n1Cc1ccccc1F,-2.064993381500244
base,O=C(COc1ccc(Cl)cc1)N(Cc1ccc(F)cc1)[C@H]1CCS(=O)(=O)C1,-3.248896837234497
base,NS(=O)(=O)c1ccc(-c2cccs2)nc1,-1.9935381412506104
base,Cc1ccc2cc(CCNC(=O)C3CCN(S(=O)(=O)N(C)C)CC3)oc(=O)c2c1,-2.2538769245147705
base,CNC(=S)Nc1ccc(C(=O)NCCCN2CCCC2)cc1OC,-1.7814180850982666
base,CCC(=O)NCCCc1nc2ccccc2n1Cc1ccc(Cl)cc1,-2.1057322025299072
base,C[C]1[CH][C](N[C+]([O])CN2CCN([C]([O])[C]3[CH][CH][CH]O3)CC2)[C](N([O-])[O-])[CH][C]1C,-1.9352717399597168
base,CCOc1cc(CN2CCNC(=O)[C@@H]2CC(=O)N(C)CCCN2CCOCC2)ccc1OC,-2.099304676055908
base,O=S(=O)(Nn1cnnc1)c1ccccc1Cl,-1.3769919872283936
base,C/C(=N\NC(=O)c1ccc2c(c1)OCO2)c1ccc([N+](=O)[O-])cc1,-2.064993381500244
base,[O-][S@+](Cc1ccccc1)C1CCCCC1,-5.707110404968262
base,Cc1c(N/N=C/c2cccnc2)c(=O)n(-c2ccccc2)n1C,-1.5182775259017944
base,CCOc1ccc2[nH]c(=O)c([C@@H](c3nnnn3C[C@@H]3CCCO3)N3CCC(C)CC3)cc2c1,-1.6979632377624512
base,O[C@@H](c1ccccc1)c1nnc(-c2ccccc2F)o1,-2.2803893089294434
base,COc1ccc(CCNC(=O)CCNC(=O)Cn2ccc3ccccc3c2=O)cc1,-2.2877211570739746
base,Clc1ccc(C=[N+]2CCOCC2)cc1.[O-]P(N1CCOCC1)N1CCOCC1,-2.2188470363616943
base,N#C[C@@H]1CCCN(c2nc3ccccc3n3cnnc23)CC1,-1.2932543754577637
base,COCCNc1nc2nonc2nc1NCCOC,-1.1470087766647339
base,Cc1c([C@H](C(=O)NCc2ccc(F)cc2)N(C(=O)Cn2nnc3ccccc32)c2ccc(F)cc2)cnn1C,-1.7118152379989624
base,CCCCN(C(=O)c1cc2c(s1)CCC2)c1ccc(F)cc1,-3.044522523880005
base,CN(c1ccccc1C(=O)NCc1ccco1)S(C)(=O)=O,-2.3290607929229736
base,C[C@H](OC(=O)C[C@@H]1Sc2ccccc2NC1=O)C(=O)N[C@H]1CCCC[C@@H]1C,-2.5798470973968506
base,CCOc1cc(-c2onc(C)c2C(=O)O)ccc1OCCC(=O)OC,-3.172083616256714
base,Cc1oc(-c2cccs2)nc1C/[S+]=c1/nc2n(C)c(=O)n(C)c([O-])c-2[nH]1,-1.640629529953003
base,Nc1nnc(SCc2cccc(Br)c2)s1,-1.5962363481521606
base,O=C(N/N=C/c1cccnc1)c1ccn[nH]1,-1.156320571899414
base,Cc1n[nH]c(NCc2ccc3c(c2)OCO3)c1C(=O)N(C)CCOc1ccccc1,-2.004145860671997
base,NS(=O)(=O)c1cc(C(=O)OCC(=O)N2CCCCC2)cc([N+](=O)[O-])c1,-2.1057322025299072
base,O=C(OC/C=C/c1ccccc1)C1=NCCN1,-2.1183104515075684
base,CCc1cccc(C(=O)OCC(=O)NCc2ccccc2)c1,-3.044522523880005
base,Cc1cc(C)c2c(=O)n(CC(=O)N3CCN(c4ccccc4F)CC3)sc2n1,-1.9352717399597168
base,CCCCN(C(=O)Cn1nc(CCC)c2ccccc2c1=O)C1CCCCC1,-2.2188470363616943
base,O=C(NCc1ccccn1)NC1CCCCC1,-1.7210086584091187
base,NS(=O)(=O)c1ccc(NC(=O)Nc2ccc(Br)cc2Cl)cc1,-1.9781709909439087
base,Cc1cc(C(=O)NCCc2ccccc2)no1,-2.1183104515075684
base,S=C(NC[C@@H]1CCCO1)Nc1ccccc1,-2.0578689575195312
base,C[C@H](OC(=O)c1c(Cl)cnn1C)C(=O)Nc1ccc(SC(F)F)cc1,-2.1057322025299072
base,NS(=O)(=O)c1ccc(SCCN2CCOCC2)nc1,-1.8319255113601685
base,Cn1c(=O)c2c(nc(NCCCCC(=O)O)n2CC(=O)NCCc2ccccc2)n(C)c1=O,-1.6979632377624512
base,Clc1ccc2nc(CSc3ccc(OCc4cc(-c5ccccc5)no4)cc3)cn2c1,-2.3204572200775146
base,O=C(Nc1ccc2c(c1)OCO2)c1ccc(Cl)c(S(=O)(=O)N2CCCC2)c1,-2.5798470973968506
base,CN(C)S(=O)(=O)c1ccc(OCCCC(=O)Nc2nccs2)c(Br)c1,-2.1057322025299072
base,CCS(=O)(=O)n1nc(-c2cccnc2)nc1N,-1.2167619466781616
base,CC(=O)N(Nc1ccccc1)c1cccc(Cl)c1,-2.1753058433532715
base,CCNc1ccccc1N(C(=O)c1ccco1)[C@H](C(=O)c1ccccc1)c1ccc(Cl)cc1,-2.780181884765625
base,[CH2-]CC(CC[N-][C+]([S-])[N-][CH-]CN1CCCCC1CBr)[C+]([O-])N[C+]1[CH+][CH-][CH+][CH-][C+]1O[c-]1[cH+][cH-][cH+][c-](F)[cH+]1.[H+],-2.186189889907837
base,O=C(c1ccco1)N1CCN(c2cccc3nonc23)CC1,-1.6945956945419312
base,O=[N+]([O-])c1ccc(Cl)cc1NC1CC1,-1.924782633781433
base,CO[C]1O[C]([O])[C](N([O-])[O-])[C]2[C]1[CH][CH][C]1[CH][CH][C]3[CH][CH+]O[C]3[C]12,-3.0888755321502686
base,O=C(/C=C/c1ccccc1)NC(=S)Nc1ccccc1O,-2.3290607929229736
base,O=S(=O)(NNc1ccc(Cl)nn1)c1ccc(Cl)s1,-1.4944287538528442
base,CCc1ccc(OCC(=O)N2CCN(c3ccccc3)CC2)cc1,-2.4622952938079834
base,Clc1ccccc1OCCNc1ccccc1-n1cccc1,-2.3754727840423584
base,O=[N+](O)/[C-]=C1\N=CN=C1c1ccc2ccccc2c1,-1.8319255113601685
base,OCc1cc(-c2ccccc2)on1,-2.519998073577881
base,O=C(N/N=C/CN(CCO)C(=O)c1ccccc1)c1cc(=O)c2ccccc2o1,-2.2538769245147705
base,O=[N+]([O-])c1ccccc1/C=N\Nc1ccc(-c2ccco2)cn1,-1.738948941230774
base,COCCn1c(SCc2nnc(-c3ccccc3)o2)nc2[s+]c3c(c-2c1[O-])CCC3,-2.004145860671997
base,CO[C@H](c1ccccc1)c1cccc([N+](=O)[O-])c1,-2.844355583190918
base,CCS(=O)(=O)c1ccc(Oc2nc3c(c(=O)n(C)c(=O)n3C)n2C)cc1,-1.8613009452819824
base,S=C(Nc1cc(Cl)cc(Cl)c1)N1CCN(c2ccccn2)CC1,-1.738948941230774
base,Fc1ccc(CN2CCN(Cc3nc(-c4cnccn4)no3)CC2)cc1F,-1.4976286888122559
base,O=C(CN1C(=O)c2ccccc2C1=O)Nc1cc(Br)c(O)c(Br)c1,-2.4622952938079834
base,Fc1cccc(-c2cc(-c3n[nH]c(=S)o3)c3ccccc3n2)c1,-2.022524118423462
base,O=[P@@](O[C@@H]1CCCOC1)(/C(=N\c1ccc(Cl)cc1)N1CCN(c2cccc3ccccc23)CC1)N1CCOCC1,-2.291411876678467
base,O=[P@](O)(Oc1ccc(OC(F)(F)F)cc1)Oc1ccc(O)c(CN(c2ccccc2)C2CCCCC2)c1,-3.5634782314300537
base,S=C(NC[C@@H](c1ccco1)N1CCCC1)NC1CC1,-1.8319255113601685
base,COc1cc(C)nc(N(CC(=O)N2C[C@H](C)C[C@H](C)C2)C(C)=O)n1,-1.7814180850982666
base,Cc1nonc1CNc1ccccc1,-1.5274808406829834
base,N#Cc1c(NC(=O)CSc2nnnn2-c2ccc(OC(F)F)cc2)sc2c1CCCC2,-1.63554048538208
base,COc1cnn([C@]23C[C@H]4C[C@H](C[C@H](C4)C2)C3)c(=O)c1,-2.229227304458618
base,COCCNc1nc(C)cc(-c2ccccn2)n1,-1.4944287538528442
base,COc1ccnc(O[C-]2C=CC(=C3C=[S+]c4n[c-]nc(N5CCCC5)c43)C=C2)n1.[H+],-1.7496302127838135
base,CCC(CC)C(=O)NCCNc1ccccc1,-2.1183104515075684
base,[O-][C+](CN1CCCC1)N[N-][CH+][C+]([CH-]O)[CH-][c+]1[cH-][cH+][cH-]o1,-1.8830875158309937
base,Cl/C(=N/Nc1ncn[nH]1)c1ccco1,-1.0232341289520264
base,CCCN(Cc1nc(-c2ccccc2)no1)C(=O)/C(=C\c1ccco1)NC(=O)c1ccco1,-2.099304676055908
base,NS(=O)(=O)c1ccc(N2CCN(CCc3ccccc3)CC2)nc1,-1.7814180850982666
base,CNc1nc2c(c(=O)[nH]c(=O)n2C)n1CCCc1ccc(F)cc1,-1.5607467889785767
base,Cn1cccc1/C=N/NC(=O)c1ccccc1Cl,-1.7780040502548218
base,Nc1cccc2c1C(=O)N(CCOc1ccccc1)C2=O,-2.3290607929229736
base,O=C(Nc1ccc(F)cc1)N[C@H]1CCC[C@H](NC(=O)c2ccc(F)cc2)C1,-2.1825454235076904
base,Cc1ccc(-c2nc3c(c(=O)[nH]c(=O)n3Cc3ccc(F)cc3)n2Cc2ccccc2)o1,-2.068580389022827
base,Cc1ccc(-c2nnn(-c3ccc4c(c3)CCN4C(=O)C3CCC3)n2)o1,-1.640629529953003
base,COc1ccccc1OCC(=O)Nc1ccc(N2CCCCC2)cc1,-2.5030341148376465
base,NS(=O)(=O)OCCCc1ccccc1,-2.59383225440979
base,COCC1CCN(C(=O)N2CCC(C(=O)NCc3cccc4ccccc34)CC2)CC1,-2.3204572200775146
base,COc1ccc(-n2c(CC(=O)N3CCN(c4ccccc4)CC3)n[nH]c2=S)cc1OC,-1.8162105083465576
base,[O-]O[N-][CH+][c+]1[c-](OC[c+]2[cH-][cH+][cH-][cH+][cH-]2)[cH+][cH-][c+]2[cH-][cH+][cH-][cH+][c-]12,-3.044522523880005
base,COc1ccc(N2CCN(C(=O)CSCC(=O)Nc3nnc(C)s3)CC2)cc1,-1.7146004438400269
base,COc1ccc(N2CCN(C(=O)C(C)C)CC2)cc1,-2.229227304458618
base,O=c1[nH]c(SCc2cn3ccsc3n2)nnc1C(F)(F)F,-1.427512288093567
base,CC1(C2S[C+](N3CCCCC3)[N-][C+]2[O-])[CH-][CH+][C-]2[CH+][c-]3[cH+][cH-][cH+][cH-][c+]3O[C-]2O1,-2.5798470973968506
base,C[C@H]1C[C@@H](CCC(=O)NC(=S)Nc2cc(Cl)cc(Cl)c2)C(=O)O1,-2.419826030731201
base,NNC(=O)CNC(=O)c1cccc2ccccc12,-1.7780040502548218
base,CNS(=O)(=O)c1cccc(C(=O)OCC(=O)Nc2ncccn2)c1,-1.7814180850982666
base,NC(=O)NCc1ccccc1,-1.6845905780792236
base,COC(=O)C/[S+]=C1\N=C(c2ccccc2)/C(=C(/[O-])OC)S1,-2.998110294342041
base,[CH2+]CCN(C/C=C(\[O-])N1CCC(CCCOC)CC1)C(=O)c1ccc(OC)cc1,-2.6511785984039307
base,CCCCOc1cc(C(F)(F)F)ccc1-n1cnnn1,-1.5995122194290161
base,Fc1cccc(OCCCNCC2CCCCC2)c1,-2.8982770442962646
base,COC(=O)Cn1cc(C(=O)c2ccc(OC)cc2)c2ccccc21,-3.131344795227051
base,COc1ccccc1C(=O)NN1C(=S)N(c2ccc3c(c2)OCO3)C(=O)[C@@H]1c1ccccc1,-2.3828799724578857
base,Cn1c(=O)c2c(ncn2CC(=O)N2CCN(c3ccc(C(N)=O)cc3)CC2)n(C)c1=O,-1.4825712442398071
base,Nn1c(SCc2cccc(Cl)c2)nnc1-c1cccnc1,-1.427512288093567
base,O=C(NCc1csc2ccc(Cl)cc12)Nc1ccccc1,-2.3290607929229736
base,Cc1nc(NCCN)cc(-c2ccccc2)c1-c1ccccc1,-2.022524118423462
base,O=[N+]([O-])C1=C2N=[O+]N=C2/C(=N/CCCCC[O-])C=C1Nc1ccccc1O,-1.6782987117767334
base,COCCn1c(SCc2ccc(C(=O)OC)o2)nc2cc(Cl)ccc2c1=O,-2.5798470973968506
base,[O][C](CCCN1[C]([O])[C]2[CH][CH][CH][CH][C]2[C+]1[O])N[C]1[CH][CH][C](OC[C]([O])N[C]2[CH][CH][C](N([O-])[O-])[CH][CH]2)[CH][CH]1,-2.2135515213012695
base,O=C(O)CCCC(=O)Nc1cccc(C(=O)Nc2ccc(Br)cc2)c1,-2.5030341148376465
base,[O-][C]/[C+](=N\Nc1ccc(O)cc1)c1ccc(Br)cc1Br,-2.2803893089294434
base,C/C(CCc1ccccc1)=N\N=C(/N)S[C@@H]1CC(=O)N(c2ccccc2F)C1=O,-1.970301628112793
base,CCO[C-]([O-])CO[C][C+](O[C-]1[CH+][C-]([O-])N(C)[C+]([O-])N1C)[C+]1[CH+][CH-][C+](OC)[CH-][CH+]1,-2.6161489486694336
base,ClN(CC#Cc1ccccc1)C[CH-]CCc1ccccc1.[H+],-2.998110294342041
base,O=C(c1ccc(Cl)cc1)c1cn(-c2ccccc2)nc1-c1cccc(Cl)c1,-2.5798470973968506
base,Clc1ccc(-c2[nH]c(-c3ccccc3)nc2SCc2ccc(Br)cc2)cc1,-2.5798470973968506
base,ON(Cc1ccccc1F)Cc1ccccc1Cl,-2.844355583190918
base,COCC/N=c1\scc(CC[C@H]2CC[C@@H](O)CN2)n1-c1cc(OC)ccc1OC,-2.2538769245147705
base,Cc1cccc2cc(CN(/C([O-])=C/[C@H](C)O)c3ccccc3)c(=O)[nH]c12.[O+]#[P+]c1ccccc1.[c-]1ccccc1,-2.9722888469696045
base,O=C(c1cccc(NS(=O)(=O)c2ccc(F)cc2)c1)N1CCN(c2ccccn2)CC1,-2.036881923675537
base,Clc1ccccc1/C=N/Nc1ccccn1,-1.660567283630371
base,COc1cc(CN[C@H](C)c2ccccc2)c(Br)cc1OCc1ccccc1,-3.248896837234497
base,COc1cc(-c2nc(N[C@H](C)CO)c3ccccc3n2)ccc1O,-2.064993381500244
base,FC1=C[C@@H]2C3=C([CH-]1)[C+]1C=NC(NCCNc4cccc(Cl)c4)=NC1=CC32,-1.8613009452819824
base,CCOC(=O)C1CCN(S(=O)(=O)c2ccc(OCC)cc2)CC1,-3.0888755321502686
base,CCS(=O)(=O)c1ccc(Cl)c(NC(=O)Cc2ccccc2)c1,-3.044522523880005
base,COc1cc(/C=C/C(=O)O)ccc1OCC(=O)NCc1ccco1,-3.131344795227051
base,COc1ccc(S(=O)(=O)NCCCN2CCCC2=O)c(OC)c1,-2.419826030731201
base,N#Cc1c(SCC(=O)N2CCCC2)nsc1-c1ccccc1,-1.9781709909439087
base,O=C(CSC1=NCCS1)c1ccc2c(c1)OCO2,-2.844355583190918
base,S=C(NCCCN1CCOCC1)Nc1ccc(Cl)cc1Cl,-1.931758999824524
base,NCCCCCn1cc2c(n1)CCCCC2,-1.660567283630371
base,COc1ccccc1-c1cnc(-c2ccccc2)nc1OC,-2.3754727840423584
base,[CH2-][CH+]CCCC[CH-]C(CCCN1CCN(CCCOC)CC1)[c-]1[cH+][cH-][c+](Cl)[cH-][cH+]1,-2.6511785984039307
base,O=C(Nc1ccc2ccccc2c1)/C(=C1\CCCCCN1)[N+](=O)[O-],-2.064993381500244
base,CCN(CC)C(=O)N[C@@H](Cc1ccccc1)C(=O)OC,-2.2803893089294434
base,C[C@@](F)(C(=O)Nc1ncnc2c1nnn2Cc1cccc2ccccc12)C(F)(F)F,-1.60280442237854
base,N#CSCC(=O)NCCc1ccccc1,-1.9935381412506104
base,S=C(NC1CCCCC1)N1CCOCC1,-1.9935381412506104
base,NS(=O)(=O)c1ccc(CNC(=O)/C=C/C(=O)NCc2cccnc2Cl)cc1,-1.898970127105713
base,[O-][C+](C[CH+]C1CCCC1)NN[C-]([S-])N[C+]([O-])C1CC1,-1.8319255113601685
base,O=C(CN(C(=O)c1csnn1)c1ccc(F)cc1F)NC1CCCC1,-1.8221569061279297
base,[NH][C]1[C]([CH][C]2[CH][CH][C](OCCC(F)(F)F)[C](N([O-])[O-])[CH]2)[C]([O])[N][C]2S[C+](C[C]3[CH][CH][C](Cl)[CH][CH]3)[N]N21,-1.965518593788147
base,CN(C)CCC(=O)N1C[C@H](Nc2ccccc2)C[C@H](SCc2ccccc2)C1,-2.2188470363616943
base,O=C1C[C@@H](N2CCN(c3ccc(F)cc3)CC2)C(=O)N1c1ccc(F)cc1,-2.1825454235076904
base,NS(=O)(=O)c1ccccc1CCC(=O)O,-2.662587881088257
base,Cc1ccc(S(=O)(=O)Nc2cc(C(=O)O)ccc2Cl)cc1,-2.998110294342041
base,COc1ccccc1OCCCO/[C-]=C\C1=[O+]\CC(=O)N/C(C)=C(/Cl)C(=O)O1,-3.285198450088501
base,O[C@@](CNCc1ccc(Cl)cc1)(c1ccc(F)cc1)c1ccc(OC(F)(F)F)cc1,-3.3540725708007812
base,O=S(=O)(NNc1nnc(N2CCCCCC2)c2ccccc12)c1cccs1,-1.6782987117767334
base,COc1ccc(S(=O)(=O)N(C)C)cc1-c1nnc2c3ccccc3c(C)nn12,-1.7146004438400269
base,O=C(CSc1cc(C(F)(F)F)cc(C(F)(F)F)c1)Nc1ccc2c(c1)OCO2,-3.285198450088501
base,CNC[C@H](O)[C@H](O)[C@@H](O)[C@H](O)CO,-2.519998073577881
base,C[CH-]C(C)C(C)C(N[C+]([O-])C[c+]1[cH-][cH+][c-]2[cH+][cH-][cH+][cH-][c+]2[cH-]1)[C+]([O-])O,-3.131344795227051
base,CCOC(=S)Nc1ccc2nccnc2c1,-1.660567283630371
base,COc1ccc(OC)c(NC(=O)NC2CCCCC2)c1,-2.2803893089294434
base,O=[N+]([O-])c1c(Nc2cccc(Cl)c2)c2ncccc2n1CCO,-1.738948941230774
base,O=C(/C=C/c1ccco1)N1CCN(C(=O)c2cc3ccccc3[nH]2)CC1,-2.14487624168396
base,NS(=O)(=O)c1c(Nc2ccccc2)ncn1CCO,-1.548350214958191
base,NN/N=C/c1ccc(Cl)cc1Cl,-1.3739230632781982
base,CCCNS(=O)(=O)c1ccc([C@@H]2CC(=O)c3ccccc3S2)cc1,-3.131344795227051
base,CCO[C@@H](Nc1nccs1)C(=O)O,-1.8509483337402344
base,O=C(Nc1ccc2c(c1)OCO2)c1cccc(NC(=O)C2CCC2)c1,-2.5030341148376465
base,CC[C@H](C)N1C(=O)c2ccc(C(=O)Nc3ccccc3C(=O)O)cc2C1=O,-2.5798470973968506
base,COc1ccc(C)cc1N1CCN(S(=O)(=O)c2cnc[nH]2)CC1,-1.738948941230774
base,[O-]N(C[c+]1[cH-][cH+][cH-]o1)O[c+]1[cH-][cH+][cH-][c+](Cl)[c-]1N1CCOCC1,-2.3754727840423584
base,N#Cc1cc2c(nc1SCC(=O)NCc1ccco1)CCCC2,-2.022524118423462
base,C=C/C=c1/[n-]cc/[n+]1=C\CCCOCCCF,-2.1183104515075684
base,COc1ccc(N2CCN(C(=O)CSc3nnc(COc4ccccc4)o3)C2)cc1,-2.004145860671997
base,N#CCc1ccc([C@@H]2C[C@@H](O)[C@H](O)[C@@H](CC(=O)O)O2)cc1,-2.998110294342041
base,CNNCc1ccc(C(=O)O)cc1,-1.8509483337402344
base,CC[C@@H](NC(=O)c1ccc(F)cc1F)[C@@H]1C[C@@H]2CC[C@H]1C2,-2.998110294342041
base,C[C@@H]1[C@@H](NC(=O)CCSCCCC(=O)c2cc(F)ccc2F)CCC[C@@H]1C,-3.248896837234497
base,NS([O])([O])[C]1[CH][CH][C](CCN[C]([O])C(CC[C+]2[CH][CH][CH][CH][CH]2)NS([O])([O])[C]2[CH][CH][CH][CH][C]2N([O-])[O-])[CH][CH]1,-2.2135515213012695
base,Clc1ccc(-c2cn3c(n2)SCC3)cc1,-1.9935381412506104
base,[H+].[N-2][C][c-]1[c+]2n([c+]3[cH-][cH+][cH+][cH+][c+]31)[C-]([O-])[NH+]1C[O+]1[C-]1[CH-][CH+][CH-][CH+][C-]1N1CCN(CC1)C2,-1.7496302127838135
base,CN(C[C+]([O])NC[C]1[CH][CH][CH][CH][CH]1)S([O])([O])[C]1[CH][CH][C](N([O-])[O-])[CH][CH]1,-2.1057322025299072
base,N#C/C(=C(/O)CCc1ccccc1)c1nc(C(CCl)CCl)cs1,-2.419826030731201
base,COc1nc(NC(=O)c2ccco2)nc(OCCOC(=O)COC(=O)c2cccc(F)c2)n1,-2.099304676055908
base,N#Cc1ccc(C(=O)OCC(=O)NCC(=O)N2CCOCC2)cc1F,-2.1057322025299072
base,COc1ccc(Br)cc1CNC[C@H](O)CO/N=C/[C@@H]1C(=O)C[C@@H](c2ccccc2)C[C@H]1O,-2.749457359313965
base,[C-][C]C12[C]([N][SH]([O])[O])[N][C](C[C+]3[CH][CH][CH][N][CH]3)C3[C-]1C32,-1.8830875158309937
base,CC1=NN(C(=O)CCC(=O)Nc2ccc(Cl)cc2)[C@@](O)(c2ccc(F)cc2)C1,-2.2188470363616943
base,CCOc1cc2nc(NCc3ccco3)nc(N)c2cc1OCC,-1.7814180850982666
base,COc1cccc(NCCC(=O)c2ccc(Cl)cc2)c1,-2.94943904876709
base,Clc1ccc(Oc2ncnc3sccc23)c(Br)c1,-2.1753058433532715
base,O[C@H](COCc1ccc(Br)cc1)Cn1c2ccccc2c2ccccc21,-3.2112276554107666
base,COC(=O)CCn1nnc(-c2ccc3c(c2)OCO3)n1,-1.5995122194290161
base,CO[N-][C+]([CH-][c+]1[cH-][cH+][c-]2[cH+][c-](F)[cH+][cH-][c+]2[n-]1)S[c+]1[n-][n-][c+](C[c+]2[cH-][cH+][c-](O)[cH+][cH-]2)n1-[c+]1[cH-][cH+][cH-][cH+][cH-]1,-1.965518593788147
base,O=C(N/N=C\c1cnn(-c2cccc(F)c2)c1)c1ccc([N+](=O)[O-])cc1,-1.640629529953003
base,FC(F)(F)c1nc2n[c-]nn2c(NCc2ccco2)[o+]1,-1.3788409233093262
base,O=C(Nc1ccnn1C1CCN(C[C@H]2CC=CCC2)CC1)c1ccccc1Cl,-1.9352717399597168
base,O=C(N/N=C/c1c(O)n(Cc2ccc(F)cc2)c(=S)[nH]c1=O)c1ccccc1,-1.9352717399597168
base,Cc1cc(O)c(C=O)c(O)c1C(=O)O,-5.638354778289795
base,Clc1cc(NCc2ccco2)ccc1N1CCNCC1,-1.8830875158309937
base,Cn1nccc1NC(=O)CCCC(=O)N(CCC#N)c1ccccc1,-1.6014856100082397
base,O=C(NC1CCCC1)C(C(=O)NC1CCCC1)N(Cc1cccs1)C(=O)c1cccs1,-2.3204572200775146
base,COc1ccc(S(=O)(=O)N2CCSCC2)cc1Cl,-2.844355583190918
base,Brc1c(OCCOCCNc2cnc3ccccc3n2)ccc2ccccc12,-2.2188470363616943
base,CC[C-]([O-])C1C2[C+]([O-])C3CC(C)CC(C)C3C(O)[CH+]C21C,-6.042633056640625
base,CO[C]1[CH][CH][C](N2[N][C](N([O-])[O-])[C+]([N]C[C]3[CH][CH][C]4OCO[C]4[CH]3)N2O)[CH][CH]1,-1.7146004438400269
base,CC(=O)Nc1nnc(SCC(=O)N(C)C)s1,-1.3769919872283936
base,O=S1(=O)CCN(Cc2cn[nH]c2-c2cc3ccccc3o2)CC1,-2.022524118423462
base,COc1ccc(-n2c[c-]c(C/[O+]=C/c3ccc(F)cc3)n2)c(OC)c1,-2.5030341148376465
base,Nc1n/c(=[S+]/Cc2ccccc2)[nH]c2c[c-]c(OCc3cccc(F)c3)cc12,-2.2188470363616943
base,O=C(Cc1ccccc1Cl)N[C@@H]1CCCN(Cc2ccccc2)C1,-2.4622952938079834
base,CN1[CH-][CH+][C-]([C+](F)C([c+]2[cH-][cH+][c-](Cl)[cH+][cH-]2)N(C)[C+]([O-])[c+]2[cH-][cH+][cH-][cH+][cH-]2)[N-]1,-2.14487624168396
base,CC(C)=[OH+].C[CH-]C.O=Pc1cccc(C(=O)O)c1,-5.888877868652344
base,S=C(Nc1cccc(Cl)c1)N(Cc1ccc2c(c1)OCO2)Cc1ccco1,-2.5798470973968506
base,O=C(Cn1c(=S)sc2cc([N+](=O)[O-])ccc21)Nc1ccccc1,-2.022524118423462
base,[CH2+]CCC[CH+][CH+]CC[C][C+]([C][N-2])[S+2]([O-])([O-])[C-]1[CH-][CH+][CH-][CH+][CH-]1.[H+],-2.998110294342041
base,Cn1c(=O)c2c(ncn2CC(=O)OCC(=O)c2cc3ccccc3o2)n(C)c1=O,-1.970301628112793
base,Clc1ccc(/C=C/c2ncc[nH]2)c(Cl)c1,-1.9935381412506104
base,[O-][C+](NCCCCO)C1CC1CN[C][N-][C+]1[CH+][C-](Br)[C+](Br)S1,-1.9781709909439087
base,CC(=O)N1CCCc2ccc(NC(=O)CCCC(N)=O)cc21,-1.9781709909439087
base,O=c1[nH]c(CN(C2CCCCC2)S(=O)(=O)c2ccccc2)nc2ccccc12,-2.2188470363616943
base,[O-]C([CH+][CH-][c+]1[cH-][cH+][c-](Cl)[cH+][cH-]1)NCCNC[c+]1[cH-][cH+][c-](F)[cH+][cH-]1,-2.419826030731201
base,CCOCCNC(=O)COc1ccc(S(=O)(=O)N2CCOCC2)cc1,-2.5030341148376465
base,CC(=O)Nc1ccc(S(=O)(=O)NNc2ncc(C(F)(F)F)cc2Cl)cc1,-1.8613009452819824
base,CN1CCN(c2nc(-c3ccccc3)c3c(c2C#N)CCCC3)CC1,-1.8221569061279297
base,C[C@H](OC(=O)c1ccc2[nH]c3c(c2c1)CCCC3)C(N)=O,-2.3290607929229736
base,Cn1ccnc1Sc1ccccc1NC1CCN(Cc2ccccc2)CC1,-1.898970127105713
base,[CH2-][OH+]c1[c-]c(-c2[c-][s+]c3n2C(=[NH2+])N=N3)c(OC)cc1,-1.548350214958191
base,O=C(O)c1ccccc1NCc1cccnc1,-2.1183104515075684
base,Cc1nc([N+](=O)[O-])cn1CC(=O)N1CCc2ccccc21,-1.6481837034225464
base,S=C(c1ccc(N2CCOCC2)cc1)N1CCCCC1,-2.2803893089294434
base,O=c1c2ccccc2cnn1Cc1n[nH]c(=S)n1-c1ccc(F)cc1Cl,-1.640629529953003
base,CN(CC(=O)NC1CCCCC1)S(=O)(=O)c1cccs1,-2.2803893089294434
base,C=CCn1c(C)cc(C(=O)COC(=O)COc2ccccc2C#N)c1C,-2.54217791557312
base,COCCNC12O[S@@]13=CC=CC=3C(=O)O[C@H]2c1ccccc1,-3.044522523880005
base,O=S(=O)(c1ccc(NC(=S)N/N=C2\CCc3ccccc32)cc1)N1CCOCC1,-1.970301628112793
base,Cc1cc(-c2ccccc2)nc(/[NH+]=N/C2=CC3=C(C2)S(=O)(=O)C(=S)[N-]3)n1,-1.640629529953003
base,O=C(NCc1ccc2c(c1)OCO2)c1cnc2[s+]ccn2c1[O-],-2.022524118423462
base,Cn1cc(S(=O)(=O)N2CCCC2)cc1C(=O)Nc1ccccc1OC(=O)C(C)(C)C,-2.2877211570739746
base,OC[C@@H](O)[C@H](O)C(O)[C@@H](O)[C@H](O)CO,-5.638354778289795
base,COc1ccc([C@H](Cc2ccccc2)N2CCC(=O)N(C(c3ccccc3)c3ccccc3)CC2)cc1OC,-2.947003126144409
base,CN(C)c1nc2c(c(=O)n(C)c(=O)n2C)n1CCSCc1ccccc1,-1.640629529953003
base,O=C(O)CSCC(=O)N1CCN(S(=O)(=O)c2ccccc2)CC1,-2.419826030731201
base,N#CCS(=O)(=O)c1ccccc1/C=N/NC(=O)COc1c(F)cccc1F,-2.1825454235076904
base,COc1ccc(C(=O)NCc2n[nH]c(=S)n2-c2ccc(C(C)=O)cc2)c(OC)c1OC,-2.036881923675537
base,c1ccc2c(SCc3c[nH]c4ccccc34)ncnc2c1,-1.931758999824524
base,OCCCN(Cc1cccs1)C[C@H](O)COc1ccc(Oc2ccccc2)cc1,-3.320228338241577
base,O=C(O)C1CCN(C(=O)c2cc(Cc3ccccc3)nn2-c2ccccc2)CC1,-2.2538769245147705
base,COc1ccc(C(=O)OCC(=O)c2cccs2)c(SC)c1,-6.042633056640625
base,NN/C(=N\S(=O)(=O)c1ccc2ccccc2c1)Nc1ccccc1,-1.7814180850982666
base,CN(C)/C=N\c1c(C#N)c(-c2ccco2)c(-c2ccccc2)n1Cc1cccs1,-1.970301628112793
base,O=C(NCCS(=O)(=O)N1CCN(c2ccc(F)cc2)CC1)C1(S(=O)(=O)c2ccccc2)CC1,-2.3828799724578857
base,CNNC(=O)[C@H](NC(=O)CNC(=O)c1ccccc1)C(C)C,-1.6945956945419312
base,CN(C)CCC(=C(c1ccccc1)c1ccccc1)c1ccccc1,-3.172083616256714
base,COc1ccc(CCC(=O)Nc2nc3ccccc3s2)cc1OC,-2.4622952938079834
base,CC(=O)N1c2ccc(S(=O)(=O)NCCC(=O)NC[C@H]3CCCO3)cc2C[C@H]1C,-2.2188470363616943
base,O=c1[nH]c(-c2ccccn2)nc2c1C1(CCCC1)Cc1ccccc1-2,-2.1057322025299072
base,OCC([N-]CC(O)[c+]1[cH-][c+](C(F)(F)F)[cH-][c+](C(F)(F)F)[cH-]1)C1CC1,-3.131344795227051
base,N/C(=N\CCc1c[nH]c2ccccc12)NS(=O)(=O)c1ccco1,-1.738948941230774
base,CCCC(=O)N(Cc1cccc(F)c1)c1ccc2ccccc2n1,-2.4622952938079834
base,[H+].[O][N+]1[C][C](NC2CC2)[C]([O-])C(C[C]2[CH][CH][CH][CH][CH]2)O1,-2.229227304458618
base,NS(=O)(=O)c1ccc(CC(=O)N2CCOCC2)cc1,-2.229227304458618
base,Cc1ccn(CCC(=O)Nc2ccc3c(c2)OCO3)n1,-1.8830875158309937
base,O[C@H](COC1(c2ccc(Cl)cc2)CCCCC1)CN1CCCC1,-3.0888755321502686
base,O=C(O)c1cc2cccc(S(=O)(=O)N3CCOCC3)c2cc1O,-3.0888755321502686
base,S=C(NC(=S)N1CCOCC1)Nc1ccccc1,-1.7780040502548218
base,O=S(=O)(NCCc1ccc(O)c(O)c1)c1ccc2ccccc2c1,-3.131344795227051
base,COc1cc(C(=O)COC(=O)c2oc3ccccc3c2C)cc(OC)c1OC,-6.329720973968506
base,C[O+]=C=C/C=C/N=C/c1[c-]c(-[n+]2ccc(=O)n(CC3=C[CH-]C4=[O+]COC4=C3)c2[O-])ccc1,-2.3521556854248047
base,OC[C@H]1CCCN(CC[C@@H](c2ccccc2)c2c[nH]c3ccccc23)C1,-2.54217791557312
base,O=S(=O)(NCc1ccccc1)NCc1ccccc1F,-2.2803893089294434
base,COc1ccc2c(c1)cc1n2CCN=C1NCCO,-1.8319255113601685
base,COC(=O)Nc1cccc(NC(=O)C(Sc2nnnn2-c2ccc(O)cc2)=C(C)C)c1C#N,-1.5449939966201782
base,N#Cc1cc(C(=O)O)cc(/C=N/c2ccccc2SCc2ccccc2)c1N,-2.2188470363616943
base,O=C1CC(c2ccco2)CC(=O)C1=CNCCN1CCN(Cc2ccccc2)CC1,-2.2877211570739746
base,[H+].[S-][C+](NCCCN1CCOCC1)N1CCCC[c+]2[cH-][c+](Br)[cH-][cH+][c-]21,-2.064993381500244
base,CCOc1cccc(-c2cc(=O)cc(C=O)o2)c1,-5.888877868652344
base,O=S(=O)(O)CCS,-4.948760032653809
base,O=C(/C=C/c1ccco1)NNC(=O)Nc1ccc(Cl)c(Cl)c1,-1.9781709909439087
base,CC[C-]([C+]([O-])[C][C+]([CH+][CH-][c+]1[cH-][cH+][cH-][cH+][cH-]1)C[O-])[C+]1[CH+][CH-][CH+][CH-][CH+]1,-6.133398056030273
base,O=S(=O)(Oc1ccccc1N1CCCCC1)c1ccccc1,-3.044522523880005
base,O=[P@@](c1ccccc1)(c1ccco1)C1CCCCC1,-5.9427995681762695
base,CCN(C(=O)[C@@H]1CCCN1S(=O)(=O)c1ccc(-n2cnnn2)cc1)c1ccccc1,-1.60280442237854
base,O=[N+]([O-])c1nn(-c2ccccc2)n(O)/c1=N/Cc1ccc(F)cc1,-1.5607467889785767
base,C[C@@H](/[S+]=c1\nc(-c2ccccc2)cc([O-])[nH]1)C(=O)O,-2.229227304458618
base,O=C1O[C@@H](Nc2cc(S(=O)(=O)N3CCOCC3)ccc2-c2ccccc2)c2ccccc21,-2.749457359313965
base,O=C(CNC(=O)[C@@H]1COc2ccccc2O1)N/N=C/c1cc(Br)cc(Br)c1O,-2.2188470363616943
base,[O-][S+]([CH-]C1CCCCC1)C([c+]1[cH-][cH+][cH-][cH+][cH-]1)[c+]1[cH-][cH+][cH-][cH+][cH-]1,-6.08904504776001
base,CS(=O)(=O)N[C@H](CC(=O)Nc1nc2c(s1)CCCC2)c1ccccc1,-2.1057322025299072
base,O=C(c1ccc(=O)n(Cc2ccccc2)n1)N1CCc2ccccc2C1,-2.14487624168396
base,[O-][C+]1CCN([S+2]([O-])([O-])[c+]2[cH-][cH+][cH-][c+]3[n-]o[n-][c+]23)CC[NH+]1C[C-]1[CH-][CH+][C-]2OCCO[C+]2[CH-]1,-2.036881923675537
base,O=C(C[C@H]1C(=O)NCCN1CCCCC1CCCCC1)/N=N/c1c(O)[nH]c2ccccc12,-1.8479089736938477
base,CC(C)(C)c1ccc(S(=O)(=O)N2CCN=C2SCc2cccnc2)cc1,-2.14487624168396
base,Cn1cnnc1SCc1ccc(C(=O)/C(=N\Nc2ccccc2)Sc2nnnn2-c2ccccc2)cc1,-1.4095035791397095
base,CCc1c(C)c(C#N)c2nc3ccccc3n2c1NCc1ccc(N(C)C)cc1,-1.7496302127838135
base,COc1ccc(S(=O)(=O)NCC2CC2)c2ccccc12,-2.94943904876709
base,CCCCn1ccnc1C(=O)c1cccc(Cl)c1,-2.1753058433532715
base,O=C(c1nc2c(n1O)CCCCC2)C1CCCCC1,-2.229227304458618
base,CC[C@H](C)N1C(=O)C(=O)/C(=C(/O)c2ccc(S(=O)(=O)N3CCOCC3)cc2)[C@@H]1c1ccc(N2CCOCC2)cc1,-2.5749871730804443
base,Brc1ccc(-c2nnc3sc(CNCc4ccccc4)cn23)cc1,-1.7814180850982666
base,Clc1ccc(-c2nnc(-c3ccccc3)o2)cc1,-2.1753058433532715
base,CCC(=O)Nc1nc(Cl)c2c(n1)CCCC2,-1.660567283630371
base,CCOC(=O)COc1ccccc1-c1c(N2CCCC2=O)n(C)c(=O)n(C)c1=O,-2.2538769245147705
base,Clc1ccc(OCCN2CCN(c3ccccc3)CC2)cc1,-2.3754727840423584
base,NNC(=O)N/N=C/c1ccc2cc(F)ccc2n1,-1.2737574577331543
base,CCc1c(C)cn(CCCNC(=O)C2CCCCC2)c1C,-2.3290607929229736
base,Cc1cc(NC(=O)Cn2nc(C)c(Br)c2C)no1,-1.4944287538528442
base,COc1ccc(-c2nnc3n2N=C(c2cc(C)c(OC)c(Cl)c2)CS3)cc1,-1.898970127105713
base,O=C(CCc1nc(-c2cccs2)no1)N1CCOCC1,-1.8830875158309937
base,O=P(C[P@@](=O)(O)OCC1CC1)(c1ccccc1)c1ccccc1,-6.133398056030273
base,FCCCOc1cccc2cccnc12,-2.662587881088257
base,NC(=O)COc1ccc2c(c1)oc(=O)c1ccccc12,-2.94943904876709
base,O=C(c1cc2ccccc2o1)N1CCCC1,-2.7269186973571777
base,COc1cccc(C(=O)N/C(C)=C\C(=O)N2CCCN(C)CC2)c1OC,-2.14487624168396
base,COC(=O)C1CCN(CC(=O)Nc2nc(-c3ccc(Cl)cc3)cs2)CC1,-2.14487624168396
base,Cc1ccc(C(=O)COC(=O)CN2C(=O)c3ccccc3C2=O)cc1,-3.172083616256714
base,CC(O[C+]([O])C1C[C]([O])N([C]2[CH][CH][CH][CH][CH]2)C1)[C]([O])N[C]1[CH][CH][C](N([O-])[O-])[CH][CH]1,-2.2538769245147705
base,CC[C@@H](C)NC(=O)c1ccc2c(c1)C(=O)/C(=C/c1ccc(Br)cc1)N2,-2.5030341148376465
base,CNC(=S)N1CCC(NC(=O)c2ccc3c(c2)OCCO3)CC1,-2.022524118423462
base,O=C(CSc1nnnn1-c1ccc(Cl)c(Cl)c1)NNC(=O)c1ccncc1,-1.344659447669983
base,Cc1ccc(-c2csc(SCC(=O)Nc3ccc(Cl)cn3)n2)cc1,-2.064993381500244
base,O=S(=O)(Nc1nc(-c2cccs2)cs1)c1ccc(Cl)cc1,-2.3290607929229736
base,Fc1ccc(/C=C/c2nc3ccccc3n2-c2ccccn2)cc1Cl,-2.1057322025299072
base,COc1ccc(N2CCN(CC(=O)Nc3ccc(C)cc3C)CC2)cc1,-2.14487624168396
base,O=C(CCCSc1nc2ccccc2o1)c1cc2ccccc2oc1=O,-3.2112276554107666
base,COCCN(CCOC)Cc1cn(-c2cccc(C)c2)nc1C,-2.022524118423462
base,NC(=S)N/N=C/c1ccccc1OC/C=C/c1ccccc1,-1.9781709909439087
base,CCOc1ccc2nc(NC(=O)C3CCN(C(=O)c4ccco4)CC3)sc2c1,-2.2188470363616943
base,N[C@@H](COC(=O)c1ccc(O)cc1)C(=O)O,-2.7269186973571777
base,COCCN(C[C@H]1CCCN(C2Cc3ccccc3C2)C1)C(=O)c1ccc(C)cc1,-2.6850228309631348
base,NN[C-]1[N-]CCN1[C+]1[CH+][CH-][C+]2[CH-][C+](Br)[CH-][CH+][C+]2[N-]1.[H+],-1.2737574577331543
base,O=C(/C=C/c1cccs1)NNC(=O)CCOc1ccc([N+](=O)[O-])cc1,-2.1057322025299072
base,COC(=O)[C@@](O)(c1ccc(NC(=O)[C@H]2CCCN2Cc2ccccn2)c(C)c1)C(F)(F)F,-2.3521556854248047
base,COc1cccc(C[C@@H](NC(C)=O)C(=O)Nc2c(C)cccc2C)c1OC,-2.5798470973968506
base,N#Cc1ccccc1OCF,-2.35364031791687
base,COc1ccc(S(=O)(=O)c2cc(C)ccc2C(C)=O)cc1,-6.042633056640625
base,COC(=O)C1=C(C)N(Cc2ccccc2)C(=O)/C1=C(/SCC#N)c1ccccc1,-2.6511785984039307
base,Nc1nonc1-c1nc2cc(F)ccc2n1Cc1ccc(F)cc1,-1.5607467889785767
base,CNCCNc1ccnc2cc(Cl)ccc12,-1.660567283630371
base,NS(=O)(=O)c1cccc(NC(=S)Nc2nc3ccccc3[nH]2)c1,-1.5182775259017944
base,Cn1c(=O)c2c(nc(CN3CCN(c4ccccc4)CC3)n2CCN2CCOCC2)n(C)c1=O,-1.5748023986816406
base,Cc1nn(C)c(C)c1S(=O)(=O)N1CCC(C(=O)N[C@@H](C)c2ccccc2)CC1,-1.9352717399597168
base,CNCCN[CH-]C(C)([CH+][O-])NCC[c+]1[cH-][cH+][cH-][c+](C(F)(F)F)[cH-]1,-2.022524118423462
base,COc1cc(/C=N/n2c(C)nc3ccccc3c2=O)cc(OC)c1OC,-2.14487624168396
base,C/C1=N/NC(=O)c2nnn(-c3nonc3N)c2COC2=C[CH-]C=CC2[s@SP2+]2cccc21,-1.3171905279159546
base,COc1cc2c(cc1C(=O)N1CCOC13CCCCC3)OCO2,-3.0888755321502686
base,O[C]1[CH][C][C]([N+]2CCN([C]3[N][CH][N][C]4[S+][CH][C-]([C]5[CH][CH][CH][CH][CH]5)[C]43)CC2)[CH][CH]1,-1.9352717399597168
base,[O][C]1[C]2[CH][CH][CH][CH][C+]2NC([C]2[CH][CH][C](F)[CH][CH]2)N1[C]1[CH][CH][C](N([O-])[O-])[CH][CH]1,-2.1825454235076904
base,[CH][C+]1CCCCN1[C-](N[C+]1[CH+][CH+][C+](F)[CH+][CH+]1)[C+]([C][N-2])[C][N-2],-1.6481837034225464
base,Nc1cc(=O)[nH]c(SCCO)n1,-1.3739230632781982
base,O=S(=O)(CCN1CCN(C/C=C/c2ccccc2)CC1)c1ccc2ccccc2c1,-2.6850228309631348
base,COc1nccnc1NS(=O)(=O)c1ccc(NS(=O)(=O)Cc2ccccc2)cc1,-1.970301628112793
base,Cn1[c+]([O-])[c+]2[cH+][c+]([N-][N-]N3CCOCC3)[n-][c+]2[n-][c-]1[O-].[CH+]1CCCCC1,-1.4599595069885254
base,Cn1nc(CC(=O)Nc2cccc(S(=O)(=O)N3CCCCC3)c2)c2ccccc2c1=O,-2.036881923675537
base,COc1ccccc1C(=O)N=P(N(C)C)(N(C)C)N(C)C,-1.6481837034225464
base,O=C(O)Cc1ccc(N2CCOCC2)c([N+](=O)[O-])c1,-2.229227304458618
base,N#Cc1ccccc1S(=O)(=O)OC(=O)c1ccc(Br)cc1,-2.998110294342041
base,CCC1(CC)NC(=O)N(CC(=O)OCC(=O)Nc2sccc2C#N)C1=O,-1.8613009452819824
base,CCOC(=O)c1ccc(Oc2c(C)oc3cc(OS(C)(=O)=O)ccc3c2=O)cc1,-6.364750862121582
base,CCCCN(Cc1ccccc1)C(=S)SCC(=O)O,-2.8982770442962646
base,Fc1ccc(-n2c(Cc3cccs3)n[nH]c2=S)cc1Cl,-1.8830875158309937
base,O=S(=O)(c1cccc(Cl)c1)N(Cc1ccc(Cl)cc1)Cc1ccco1,-3.172083616256714
base,O=C(NCCCN1CCCC1)Nc1cc(Cl)ccc1O,-1.8830875158309937
base,Nc1nonc1C(=O)OCC(=O)c1ccc2c(c1)OCCO2,-1.9781709909439087
base,NC(=O)N[C@@H](Cc1ccccc1)NC(=O)c1ccco1,-1.8830875158309937
base,O=c1c2ccc(S(=O)(=O)Nc3ccccn3)cc2ncn1Cc1ccco1,-1.898970127105713
base,Cc1cncc(/N=C\c2cccc(Oc3ccc(F)cc3F)c2O)n1,-2.1057322025299072
base,CCN1C(=O)N[C@@H](c2cccnc2)C(C(=O)OC)=C1C,-1.8830875158309937
base,Cc1ccc(NC(=S)NC(=O)C(C)C)cc1C,-2.1183104515075684
base,COc1ccc(Cn2cc(C(F)(F)F)ccc2=O)cc1[C@@H](CNC1=CC(=O)CCC1)N(C)C,-2.3828799724578857
base,COCCCNC[C@]12C[C@H]3C[C@H](C[C@H](C3)C1)C2,-2.7873599529266357
base,CCOCC(=O)Nc1cccc2ccccc12,-2.7873599529266357
base,CC(=O)Nc1c(-c2ccccn2)nc2c(C)cccn12,-1.5995122194290161
base,NNC(=O)c1cnn2ccccc12,-1.1700712442398071
base,O=C([C@H](c1cccc2ccccc12)n1c(C2CCCCC2)noc1=O)N1CCCC1,-2.2877211570739746
base,Clc1cc(Br)ccc1N1CCNCC1,-1.924782633781433
base,FC(F)Oc1ccc(NC(=S)Nc2ccccc2OC(F)F)cc1,-2.4622952938079834
base,C=[O+]c1ccc(CC(=O)O)cc1.[O-]P(OCC1CC1)c1ccccc1,-6.216606140136719
base,CC[C-]1[CH+][C+]([C-]([O-])NCCn2[cH+][cH+][cH-][n-]2)[C+]([C+]2[CH+][C-]([O-])N[C+]3[CH+][CH-][CH+][CH-][C+]32)[C][N-]1,-1.7496302127838135
base,OC1(c2ccc(Cl)cc2)CCN(Cc2cccnc2)CC1,-2.3290607929229736
base,[O][C](N[N][CH][C]1[CH][CH][C](N([O-])[O-])S1)[C+]1[CH][CH][CH][CH][N]1,-1.548350214958191
base,Cc1ccc(/N=C/c2ccccc2O)c(NS(=O)(=O)c2ccccc2)c1,-2.54217791557312
base,NNC(=O)c1ccc(COc2ccc([N+](=O)[O-])cc2)o1,-1.8830875158309937
base,CCCN(c1ccccc1)c1n[nH]c(=S)n1CCC(C)C,-1.6481837034225464
base,Cn1nc(C(=O)N2CCN(C(=O)c3cc4ccccc4oc3=O)CC2)c2ccccc2c1=O,-2.099304676055908
base,COC(=O)C1CCN(Cc2cccc3ccccc23)CC1,-2.998110294342041
base,O=C(c1ccccc1)[C@@H](Cc1ccsc1)C(=O)c1ccccc1OC(F)F,-6.293419361114502
base,FC(F)(F)C(F)([N-][c+]1[n-][cH+][cH-][cH+][c-]1-n1[cH+][cH-][cH+][cH-]1)C(F)(F)F,-1.9781709909439087
base,NS(=O)(=O)c1ccc(NC(=S)N(Cc2ccccc2)Cc2ccccc2Cl)cc1,-2.2538769245147705
base,O=S(=O)(/C=C/c1cccs1)N1CCN(c2cccc(F)n2)CC1,-2.022524118423462
base,Cc1nc(-c2ccc(S(=O)(=O)Nc3cc4c(cc3C)n(C)c(=O)n4C)cc2)cs1,-1.970301628112793
base,Fc1ccc(NCc2cccnc2)cc1,-1.9935381412506104
base,C[c+]1[cH-][c+]([CH+]NN[C-](C)[O-])[c-]2[c+]([cH-]1)CCCC2,-2.1183104515075684
base,O=c1[nH]c([O-])c(/C=C2/C=CC(Br)=[S+]2)c(=O)[nH]1,-2.0578689575195312
base,CCON/C(=N\CCC(C)C)c1ccccc1,-2.1183104515075684
base,CN(CC(=O)N1CCN(Cc2ccccc2)CC1)S(=O)(=O)c1cccc2nsnc12,-1.7834744453430176
base,CN(C)/N=N/c1c(Cl)cncc1Cl,-1.1700712442398071
base,O=C(O)CCCc1ccccc1-n1nnnc1SCC(=O)c1ccccc1F,-1.9352717399597168
base,Cn1c2c(c(=O)n(C)c1=O)[C-](N[C@@H](C/[P+]([O-])=C/O)c1ccccc1)N=CN2.[H+],-1.6782987117767334
base,CNNC(=S)N[C@H]1C[C@H]2C[C@@H]1[C@@H]1C=CC[C@H]21,-1.660567283630371
base,C[CH-]CN(CC)[c+]1[cH-][c+](-[c+]2[n-][c+]3[cH-][c+]([C+]([O-])NCCOC)[cH-][cH+][c-]3n2C)[cH+][n-][n-]1,-1.568960189819336
base,NNC(=S)NCc1cccc2ccccc12,-1.660567283630371
base,Oc1c2c3ccccc3[s+]c-2ncn1/N=[C-]/c1cccc2c1cnn2-c1ccccc1,-1.8162105083465576
base,FC(F)(F)COc1ccc(CNc2ncccn2)cn1,-1.5995122194290161
base,S=C(NCc1ccco1)N1CCN(c2ncccn2)CC1,-1.427512288093567
base,C[C@@H](c1cccc(COc2ccccc2)c1)c1ccc(S(=O)(=O)N(C)C)cc1O,-3.320228338241577
base,O=C(Cc1ccccc1)Nc1ccccc1NC(=O)CN1CCN(c2ncc(C(F)(F)F)cc2Cl)CC1,-1.99288010597229
base,CCC(=O)N/N=C/c1ccc([N+](=O)[O-])o1,-1.5962363481521606
base,CN(c1cccc2ccccc12)[C@H]1CC[C@H](N)CC1,-2.229227304458618
base,COc1ccc([C@H]2CCN(CC(=O)N3CCOCC3)C[C@@H]2CNC(=O)/C=C/c2ccccc2)cc1,-2.441633939743042
base,N/C(=N\c1ccccc1)c1ccccn1,-1.5962363481521606
base,CON1C(=O)C(=O)N(OC)C(C)(C)[C@H]1C,-1.9935381412506104
base,CN1CCN(C(=O)c2cc3ccccc3[nH]2)CC1,-1.7780040502548218
base,CC(=O)Nc1ccccc1C(=O)OCc1ccccc1F,-2.998110294342041
base,NC(=S)N/N=C\c1ccc(O)cc1O,-1.5274808406829834
base,[O-]c1c2cc3ccc[s@SP1+]3oc-2c2ccccc12,-5.831882476806641
base,N[C@@H]1CCCN(S(=O)(=O)c2ccccc2)C1,-2.0578689575195312
base,COCCNC(=S)NN=C1CCCCCC1,-1.660567283630371
base,NS(=O)(=O)c1cccc(NC(=O)c2cc(NC(=O)c3ccco3)ccc2N2CCCCC2)c1,-2.099304676055908
base,OC[C@@H]1CCCCN1C[C@@H](O)COCc1cccc(F)c1,-2.998110294342041
base,N/C(CN1C(=O)c2ccccc2C1=O)=N/C1CCCCC1,-1.931758999824524
base,CCCCc1nc2cc(C(=O)NCCN3C(=O)CSC3=O)ccc2o1,-2.1057322025299072
base,C[c-]1[cH+][cH-][cH+][cH-][c+]1[CH-][c+]1[cH-][cH+][c-]([C+]([O-])N[c+]2[n-][cH+][cH-]s2)s1,-2.3290607929229736
base,Cc1c(C(=O)c2cccc(C(F)(F)F)c2)cc(N)cc1S(=O)(=O)c1ccccc1,-3.320228338241577
base,COc1ccccc1NC(=O)N1CCCC[C@H]1C(=O)O,-2.2803893089294434
base,O=C(c1ccccc1)N1CCC(O)(c2ccc(Cl)cc2)CC1,-3.044522523880005
base,CCN(CC)S(=O)(=O)c1cccc(S(=O)(=O)c2ccc(C)cc2)c1,-3.131344795227051
base,O=C(c1ccc(Cl)cc1)[C@H]1CCCN(Cc2cnn(-c3ccccc3)c2)C1,-2.1825454235076904
base,O=C(COC(=O)[C@@H]1CC=CCC1)N[C@@H]1CCN(c2n[nH]c(=O)[nH]c2=O)C1,-1.640629529953003
base,BrC[C@@H]1CN(Cc2ccccc2)CCO1,-2.662587881088257
base,O=C(N/C(=C\c1ccc(F)cc1)C(=O)N1CCNCC1)c1ccccc1,-2.14487624168396
base,Cc1nc2[s+]c3c(c-2c([O-])o1)CC(C)(C)OC3,-2.7873599529266357
base,COC[C@@H](C)NCc1cccn1-c1ccccn1,-1.7780040502548218
base,Fc1ccc(NC(=S)N2CCN(C(c3ccccc3)c3ccccc3)CC2)c(F)c1,-2.2877211570739746
base,F[c-]1[cH+][cH-][c+](C([CH-][c+]2[cH-][cH+][cH-]o2)N2CCN([c-]3[cH+][n-][c+]4[cH-][cH+][cH-][cH+][c+]4[n-]3)CC2)[cH-][cH+]1,-2.004145860671997
base,[O-][C+]([CH-]C[c+]1[cH-][cH+][cH-][cH+][cH-]1)OC12CC3CC(CC(C3)C1)C2,-6.042633056640625
base,N#CC[C@H](CNc1ncc(C(F)(F)F)cc1Cl)OC(=O)c1ccc(Cl)cc1,-2.1825454235076904
base,CN1C[C@H](C(=O)c2cccs2)[C@@H](c2ccc(Cl)cc2Cl)C1,-2.998110294342041
base,COc1ccc(/C(CCc2ccc(OC)c(OC)c2)=N/O)c(OC)c1,-3.172083616256714
base,CNC(=O)[C@@H]1CC(=O)OC12CCCCC2,-2.662587881088257
base,Cn1c(=O)oc2cc(S(=O)(=O)N3CCC[C@@H]3C(=O)NCc3ccc(F)cc3)ccc21,-2.2877211570739746
base,CSCCOC(=O)/C=C1\[C@@H](C)c2cc(C)ccc2N1C,-2.94943904876709
base,O=C1CN(CC(=O)N2CCCCC2)c2ccccc2O1,-2.2803893089294434
base,Cc1ccccc1-n1nnnc1C/C=N/N(C)c1ccc(C(=O)NCC(=O)O)cc1,-1.4498350620269775
base,C/C(=N/Nc1nc(Cc2ccccc2)cs1)c1sc(C)nc1C,-1.738948941230774
base,NS(=O)(=O)c1ccc(CCn2c(=O)c3cccn3c3ccccc32)cc1,-2.14487624168396
base,[O][C+]([C-][C](CC([O-])OC[C]1[CH][CH][C](CO)[CH][CH]1)[C]1[CH][CH][CH][CH][CH]1)N([C][O-])C[C+]1[CH][CH][CH]O1,-3.4185070991516113
base,OC[C@]1(O)OC[C@H](O)[C@H](O)[C@H]1O,-5.48479700088501
base,S=C(c1cccc(Cl)c1)N1CCN(Cc2cccs2)CC1,-2.3290607929229736
base,COc1cc2c(cc1NC(=O)[C@@H]1CC(=O)N(Cc3ccc4c(c3)OCCO4)C1)oc1ccccc12,-2.8389358520507812
base,Nc1c(C(=O)N[C@H]2Cc3ccccc3N2)c2nc3ccccc3nc2n1-c1ccccc1,-1.6672389507293701
base,O=C(O)c1ccc(NS(=O)(=O)c2ccc(-n3cccc3)cc2)cc1,-2.4622952938079834
base,CCC1=C/C(=C(\[O-])OC)C(NC(=O)CSc2nccn2-c2ccc(Cl)cc2)=[S+]1,-2.2188470363616943
base,C=C[CH+]Cc1ccccc1/C=[C-]/CCNC,-2.7269186973571777
base,CCCOc1ccc(/C=C/C(=O)c2ccccc2)cc1,-5.993961334228516
base,[H+].[N][C]C1([N][C]2[N-][CH][CH]S2)C[NH2+][C]CCCC1N,-1.2167619466781616
base,CO[C]1[CH][CH][C](CN[C+]2[CH][CH][CH][CH][CH]2)[CH][C]1N([O-])[O-],-2.229227304458618
base,O=NN1CCN(c2ccc(Cl)cc2)CC1,-1.5962363481521606
base,CN(C)S(=O)(=O)NCc1ccc(F)cc1,-1.9935381412506104
base,CCCN(CCCNS(=O)(=O)c1ccc(-n2c(=O)[nH]c3ccsc3c2=O)cc1)Cc1ccccc1,-2.1580586433410645
base,[CH2-][C][C+]1[CH+][CH-][CH+][CH-][C+]1[S+2]([O-])([O-])N([CH2-])CC[C-]1[CH+][CH-]C(C)[C][C+]1[C+]([O-])[N-]C[C+]1[CH+][CH-][CH+][CH-][CH+]1,-2.749457359313965
base,NS(=O)(=O)c1ccc(N2CCCCCC2)c([N+](=O)[O-])c1,-1.8830875158309937
base,COc1cc2c(cc1NC(=S)NNC(=O)[C@@H]1C[C@H]1c1ccccc1)oc1ccccc12,-2.3204572200775146
base,C=P([O-])=NCCCc1ccccc1.C=[N+]1CCN(c2ccc(O)cc2)CC1,-2.1825454235076904
base,O=C(CCc1ccc(F)cc1)N1CC[C@H](c2ccc(F)c(F)c2)C1,-3.131344795227051
base,CN(CC(=O)NCc1nnn(CC(=O)Nc2cccc(C(F)(F)F)c2)n1)S(=O)(=O)c1cccc(C(F)(F)F)c1,-1.7118152379989624
base,COCCOc1ccc(C)cc1NC(=O)CC[C@@H](C(=O)O)c1ccccc1,-3.248896837234497
base,O=C(Nc1cccc(-c2cccnc2)c1)c1ccc(Br)o1,-2.3290607929229736
base,COc1ccccc1NC(=O)CCC(=O)Nc1nccs1,-1.931758999824524
base,Cc1ccc(S(=O)(=O)N2CCOCC2)c(C)c1NS(=O)(=O)c1ccccc1,-2.5798470973968506
base,CCOc1ccccc1[C@@H]1NC(=O)NC(C)=C1C(=O)NCc1ccccc1,-2.1825454235076904
base,Oc1ccc2ccccc2c1CN1CCN(c2ccccc2F)CC1,-2.5030341148376465
base,COCC1CCN(Cc2cnn(-c3ccccc3OC)c2)CC1,-2.022524118423462
base,CCN(CC)S(=O)(=O)c1cccc2ccccc12,-2.844355583190918
base,O=C(Nc1ccc(F)cc1)c1cc(C2CC2)on1,-2.1753058433532715
base,CC(=O)N1CCOc2cc(S(=O)(=O)NC3CCCCC3)c(Cl)cc21,-2.4622952938079834
base,CCOc1cccc(C(=O)OC)c1NC(=O)C(C)C,-2.8982770442962646
base,O=C(NC[C@H](c1ccco1)N1CCCC1)c1cccs1,-2.2803893089294434
base,O=P(c1ccccc1)(c1ccccc1)c1ccc(Cl)cc1,-6.042633056640625
base,COC[C@@H]1CCC/C(=C/C(=O)CC(C)(C)C)N1,-2.7873599529266357
base,CCOC(CN(NC(=O)c1cc2cc3ccc(OC)cc3nc2o1)c1ccccc1)OCC,-2.3828799724578857
base,Oc1c(Br)cc(Br)cc1CNc1nc2ccccc2n1CCN1CCCCC1,-1.9352717399597168
base,O=C(O)CSc1nnc(-c2ccc(Cl)cc2)n1CCc1ccccc1,-2.1057322025299072
base,CC[P+]([S-])(CC)[c-]1[cH+][cH-][n-][c+]1[P+]([O-])([c+]1[cH-][cH+][cH-][cH+][cH-]1)[c+]1[cH-][cH+][cH-][cH+][cH-]1,-3.172083616256714
base,Cc1cc(N2CCOCC2)nc2ccc(NC(=S)N3CCc4ccccc4C3)cc12,-2.004145860671997
base,[H]/N=C1C(=C\c2ccc(N)c(OC)c2)/C(=O)N=C2SC(CC(=O)N3CCCCC3)=NN2/1,-1.60280442237854
base,O=C(Nc1ccc(N2CCCC2)cc1)c1ccc(-c2cccc(Cl)c2)o1,-2.54217791557312
base,O=C(N/N=C\c1ccc(O)c(O)c1)c1ccc(Br)cc1,-2.2803893089294434
base,Cc1cccc(NS(=O)(=O)CCC(=O)c2ccccc2)n1,-2.3290607929229736
base,Cc1ccc(-c2nc3ccccc3s2)cc1NC(=S)Nc1ccccn1,-1.8613009452819824
base,COCCn1c(C)cc(C(=O)CSc2nnc(N)s2)c1C,-1.6481837034225464
base,CCCc1[nH]nc2c1[C@@H](C(C)C)C(C#N)=C(N)O2,-1.4944287538528442
base,COc1ccc(C(=O)Oc2ccc(C=O)cc2OC)cc1OC(C)=O,-6.216606140136719
base,O=C1C[C@@H](c2ccccc2)Oc2cc(O)cc(O)c21,-5.9427995681762695
base,COc1ccc(C)cc1NC(=O)Nc1cccc(C)c1C,-2.3290607929229736
base,O=C(c1cc(COc2ccc(Br)s2)on1)N1CCN(C/C=C/c2ccccc2)CC1,-2.2877211570739746
base,O=C(NNc1ccccn1)[C@H]1C[C@@H]1c1ccc(CCCl)cc1,-1.9781709909439087
base,O=C(NNC(=S)Nc1ccc(Cl)cc1)c1ccccc1Cl,-1.931758999824524
base,Cc1ccc(S(=O)(=O)NNC(=O)Nc2ccc(C)c(C)c2)cc1,-2.022524118423462
base,Cc1onc(-c2c(F)cccc2Cl)c1C(=O)N(C)CCc1ccccn1,-2.14487624168396
base,O=S(=O)(NCCCc1ccccn1)c1ccc2ccccc2c1,-2.419826030731201
base,CO[c-]1[cH+][c-](CN2CCCCC2)[c+]([O-])[nH][c+]1[O-],-2.1183104515075684
base,C=C(C)COc1ccc(/C=C\CNCCO)cc1,-2.844355583190918
base,COc1cc(OC)nc(NNC(=O)c2cc(S(=O)(=O)N3CCc4ccccc43)ccc2Cl)n1,-1.8786333799362183
base,C=CCN(C(=O)CCC(=O)Nc1ccccn1)c1ccc(F)c(Cl)c1,-2.1057322025299072
base,Cn1nnc(NC(=O)CCC(=O)O)n1,-1.0232341289520264
base,CN(CC(=O)C(C)(C)OC(=O)Cc1ccccc1)Cc1ccccc1,-3.172083616256714
base,CC(C)c1ncc(/C=N/NC(=O)c2cccs2)s1,-1.7780040502548218
base,CCOC(=O)NC(=O)COC(=O)c1cccc([N+](=O)[O-])c1,-2.3290607929229736
base,O=C1[C@@H](c2cc(Br)ccc2OCc2ccccc2)N(C(=O)c2cccnc2)CCN1C1CCCCC1,-2.4697651863098145
base,N[C]1[N]O[N][C]1[C]([C][N+]([O])[O-])[NH+][C]1[CH][CH][C](N2CCOCC2)[CH][CH]1,-1.3800767660140991
base,O=c1cc(CSc2ccccc2)nc(SCc2cccnc2)[nH]1,-2.022524118423462
base,CCO[C]1[CH][CH][C]([C]2[C]([O-])N(OC[C+]3[CH][CH][C]4[CH][CH][CH][CH][C]4[N]3)[C]3[CH][CH][CH][CH][C]3N2[O-])[CH][CH]1,-2.3828799724578857
base,COc1cc(CN(/C=C/c2ccccc2)C(=O)/[N+](O)=C2\CCCC[C@H]3N2C3(C)[O-])ccc1O,-2.3828799724578857
base,OOc1ccc(CCC[C@@H](O)CCc2cccc3ccccc23)c2nonc12,-2.6161489486694336
base,S=C(NCCc1ccccc1)NCc1ccco1,-2.1753058433532715
base,CCOc1ccccc1NC(=O)Cn1c(CO)nc2ccccc21,-2.064993381500244
base,OC[C@@H](O)c1cc(Cl)c(O)cc1O,-5.564520359039307
base,COC/C(=C\C(=O)N(C)c1ccccc1)C(=O)OCC(=O)N1CCCC[C@@H]1C,-2.6161489486694336
base,Cc1ccc(NC(=O)Nc2cccnc2)c(OC(F)F)c1,-1.931758999824524
base,CCOC(=O)/C(=C(\N)NC(=O)[C@H](C)N1C(=O)c2ccccc2C1=O)c1ccccc1,-2.2877211570739746
base,COCN(C(=O)c1cccc(OC)c1)c1cc(OC)ccc1OC,-3.131344795227051
base,COc1ccc(OC)c(S(=O)(=O)N2CCN(C)CC2)c1,-2.2803893089294434
base,COCCN(Cc1sccc1C)C(=O)Nc1cccc(C(C)=O)c1,-2.4622952938079834
base,N#Cc1ccccc1NC(=O)NC(=O)C(c1ccccc1)c1ccccc1,-2.1825454235076904
base,Cc1cc(C)n([C@@H](C)CC(=O)Nc2cccc(C(F)(F)F)c2)n1,-2.022524118423462
base,O=C(Cn1ccc2ccccc2c1=O)NCC(=O)N1CCC2(CC1)OCCO2,-2.2188470363616943
base,O=C(c1cc([N+](=O)[O-])cc([N+](=O)[O-])c1)N1CCN(C(=O)C2CC2)CC1,-1.8221569061279297
base,CC(C)(C)c1ccc2ncn(CCc3ccc(S(N)(=O)=O)cc3)c2c1,-2.1057322025299072
base,CC(C)c1ccc(OC[C@H](O)CN[C@H](C)c2ccccc2)cc1,-3.0888755321502686
base,S=c1[nH]nc(/C(=C/c2ccc(Cl)cc2)c2ccccc2Cl)n1-c1cccc(Cl)c1,-2.2538769245147705
base,COc1ccc([N+](=O)[O-])cc1COc1ccc(C)cc1C(=O)NCc1ccco1,-2.6511785984039307
base,CCCc1nc(SCC(=O)N2CCCCCC2)c2c(=O)n(C)c(=O)n(C)c2n1,-1.7146004438400269
base,Cn1c(=O)c2c(nc(SCC(=O)NCCc3ccccc3)n2C)n(C)c1=O,-1.6782987117767334
base,S=C(Nc1ccc(Cl)cc1)N1CCCCC1,-2.0578689575195312
base,COc1ccccc1NC(=O)COC(=O)CCS(=O)(=O)c1cccc2ccccc12,-3.3540725708007812
base,CO/[C-]=C(\C=[N+]1CCN(C(=O)c2cccs2)CC1)C(=O)Nc1ccc(=[O+]C(F)F)[cH-]c1,-2.3204572200775146
base,CCOc1ccc2c(CC(=O)OCC(=O)Nc3cccc(OC)c3)coc2c1,-3.285198450088501
base,S=c1nc[nH][nH]1,-0.6849166750907898
base,CCO[C]1[CH][CH][CH][C](N[C]([S])N(C[CH+][CH][C]2[CH][CH][CH][CH][CH]2)C[C]2[CH][CH][CH][C](N([O-])[O-])[CH]2)[CH]1,-2.3521556854248047
base,OCC#CCSc1ccc2ccccc2n1,-2.7269186973571777
base,CO[c+]1[cH-][c+](C23[CH+][c-]4o[c+]5[cH-][cH+][cH-][cH+][c-]5[c+]([O-])[c+]4[C-]2O3)[cH-][cH+][c-]1OC.[H+],-6.216606140136719
base,CN(C)NC(=O)CCC(=O)O,-1.6845905780792236
base,N#CCC(=O)NNC(=S)NCc1ccccc1,-1.4374333620071411
base,F[C-]([S-])[CH+][CH-]N1CC[N-][C+]1Cl.[H+],-1.6845905780792236
base,CN(C)S(=O)(=O)c1cccc(NC(=O)CCc2ccc(S(N)(=O)=O)cc2)c1,-2.1825454235076904
base,NNC(=O)CNc1cccc2ccccc12,-1.660567283630371
base,C[C@H](CCC(=O)NCCCN)CC[C@@H](Cc1ccccc1)C(=O)O,-2.4622952938079834
base,CCOc1cc(NC(=O)c2ccccc2F)c(-c2ccoc2)cc1OCC,-3.248896837234497
base,COc1ccc(C(=O)N/N=C/c2ccc(OCC(N)=O)cc2)cc1OC,-2.14487624168396
base,Fc1cccc(Nc2nnc(SCc3nnc(-c4ccccc4)o3)s2)c1,-1.640629529953003
base,COCCNC(=O)C(=O)NC[C@@H]1OCCN1S(=O)(=O)c1cc(Cl)ccc1Cl,-2.1825454235076904
base,Brc1ccc(OCCCN2CCC(Cc3ccccc3)CC2)cc1,-3.131344795227051
base,CCOc1ccc(/C=C/CN2C[C@@H](C)O[C@@H](C)C2)cc1OC,-3.044522523880005
base,O=C1C(=O)N(Cc2cccnc2)[C@H](c2ccncn2)/C1=C(/O)c1ccc(F)cc1,-1.970301628112793
base,O[C@@H](CNCC[C@H](O)C(F)(F)F)Cn1ccc2ccccc21,-2.3754727840423584
base,COc1cccc2c1OC[C@@H](CNC(=O)c1ccc(-c3cccc([N+](=O)[O-])c3)s1)C2,-2.6850228309631348
base,COc1ccc(NCCCNC(=O)c2ccco2)c([N+](=O)[O-])c1,-2.022524118423462
base,CCN(CC)S(=O)(=O)c1ccc(NC(=O)N[C@@H](C)C2CCCCC2)cc1,-2.14487624168396
base,O=C(CSc1nnc(NC(=O)C2CC2)s1)Nc1ccccc1Cl,-1.738948941230774
base,O=[P@@](Nc1nccs1)(c1ccccc1)C1CCCCC1,-2.2803893089294434
base,COc1ccccc1/C=C/C=N/NC(=S)Nc1ccc(C(C)=O)cc1,-2.1057322025299072
base,CC(C)[C@@H](NS(=O)(=O)c1cccs1)C(=O)NC1CCCCC1,-2.3754727840423584
base,CCO[C]1[CH][CH][C](CN2[CH+][N][N][N]2)[CH][C]1N([O-])[O-],-1.2737574577331543
base,CCO[C@@H]1OC(C(=O)Nc2ccccc2)=C[C@H](C)[C@H]1CCCO,-3.0888755321502686
base,COC[C@@H](C)NC(=O)NCc1ccco1,-1.9935381412506104
base,CC(=O)N1c2ccc(C(=O)N(C)c3ccccc3)cc2C[C@@H]1C,-2.419826030731201
base,COc1cc(/C=C(\C#N)C(N)=O)ccc1OCC#N,-1.8319255113601685
base,CCN(CC)CCN(C)C(=O)c1cc(-c2ccc(Br)cc2)on1,-2.022524118423462
base,N#Cc1nc(COc2ccccc2F)oc1NCCc1ccccc1,-2.1057322025299072
base,O/N=C/c1ccc(OCc2ccccc2)cc1OC(F)F,-2.998110294342041
base,O=S(=O)(c1ccccc1)N1CCN=C1SC1CCCCC1,-2.3290607929229736
base,CO/C=C\c1cc(=O)[nH]c(=O)[nH]1,-1.771224856376648
base,CC[C@@H](C(=O)c1ccccc1)c1ccccc1,-5.831882476806641
base,Clc1ccc(OCCSc2ncn[nH]2)cc1,-1.660567283630371
base,CN(C)NC(=O)c1ccccc1F,-1.8509483337402344
base,COC(C[C@H](O)CCC(=O)[C@@H](C)Oc1ccc(C)cc1C(C)=O)OC,-6.216606140136719
base,CCCn1nnnc1NCc1ccc2c(c1)OCO2,-1.3276787996292114
base,Fc1ccccc1/C=N/n1c(C2CCCCC2)n[nH]c1=S,-1.6481837034225464
base,COC(C[C@H](O)C[C@@H](O)[C@H](C)OCc1ccccc1)OC,-6.042633056640625
base,CC(C)(C)OC(=O)N[P@](C)(=O)Oc1ccccc1,-2.844355583190918
base,O=C(CCl)c1cccc(OCc2n[nH]c3ccccc23)c1,-2.3290607929229736
base,CC(=O)c1oc2c(c1N)C(=S)C(=O)N2CCc1cccs1,-2.3290607929229736
base,[CH2-][C][N-][CH+][C][CH+][CH+][C+]([S-])[C+]([O-])NC1CCCCC1.[H+].[H+],-2.1753058433532715
base,COc1ccccc1N1CCN(c2nccc(C)n2)CC1,-1.6481837034225464
base,Fc1ccccc1/C=N/n1c(COc2ccccc2)n[nH]c1=S,-1.738948941230774
base,COc1ccc(N(CC(=O)Nc2cccc3ccccc23)S(=O)(=O)c2ccccc2)cc1,-2.749457359313965
base,Oc1ccc(Br)cc1-c1cc(-c2ccccc2F)n[nH]1,-2.2803893089294434
base,C=CCOC(=O)/C(C#N)=C/C=C\c1ccccc1,-2.844355583190918
base,CCN(CC(=O)Nc1ccc(F)c(F)c1F)Cc1nc2ccccc2c(=O)[nH]1,-1.9352717399597168
base,NC(=O)[C@H]1CCCN(C(=O)c2ccc(Cl)c(S(=O)(=O)N3CCCC3)c2)C1,-2.14487624168396
base,CCOc1ccc2ccccc2c1CNC(=O)Cc1ccccc1,-3.131344795227051
base,Fc1ccc([C@H](CCN2CCOCC2)c2ccc(Cl)cc2)cc1,-3.0888755321502686
base,CN(C)[C@H](CCOc1cccc2ccccc12)c1ccccc1,-3.0888755321502686
base,CCOc1ccccc1CN1CCN(Cc2nc3ccc(OC)cc3c(=O)[nH]2)CC1,-2.004145860671997
base,CCO[C+]([O-])[C+]([C][c-]1[c+]2[cH+][cH-][cH+][cH-][c+]2o[c+]2[c-]1[C+](C)N[C+]2[C-]([O-])OCC)[c+]1[cH-][cH+][cH-][c+](C)[c-]1[NH-],-2.809990167617798
base,COc1ccc(C(=O)CNC(=O)c2ccco2)cc1OC,-2.998110294342041
base,C[C]1[CH][CH][C+](S([O])([O])N[C]2[CH][CH][C](N[C](C)[O])[C](N([O-])[O-])[CH]2)[CH][CH]1,-2.064993381500244
base,CC(C)(CO)NC[C@H](c1ccc2c(c1)OCO2)N1CCOCC1,-2.419826030731201
base,O=C(O)[C@H]1CC(=O)N(C2CCCCCC2)C1,-2.7269186973571777
base,[H]/[O+]=C/c1ccc(Br)cc1.[O-]P(c1ccccc1)c1ccccc1,-6.133398056030273
base,CCOCCCNC(=O)c1ccc(CS(=O)(=O)c2ccccc2OC)o1,-3.2112276554107666
base,N[C@@H](CC(=O)OC1CCCCC1)C(=O)OC1CCCCC1,-2.998110294342041
base,NC(=O)c1cccc(NC(=O)c2ccco2)c1,-2.1183104515075684
base,[CH2+][S+2]([O-])([O-])CCN(CC[C+]1[CH+][CH+][CH-][CH+][CH-]1)[c-]1[n-][c+](N2CCOCC2)[c+]2[c-]([c+]1[C][N-2])CCCC2,-2.099304676055908
base,Nc1nonc1-n1nnc(C(=O)N/N=C/c2ccc(Cl)cc2Cl)c1-c1cccs1,-1.28334641456604
base,COc1cc(CCC(=O)O)ccc1OCCCCN(C)C(c1ccccc1)c1ccccc1,-3.4492313861846924
base,C[P@@](=O)(Nc1cccc(Br)c1)Oc1ccc(F)cc1,-2.8982770442962646
base,CC(=O)CN1C(=O)N[C@@]2(CCCc3ccccc32)C1=O,-2.2803893089294434
base,FC(F)(F)c1cc(/C=C/c2ccccc2Cl)no1,-2.844355583190918
base,O=C(O)C[C@H](c1cccc2ccccc12)n1nnc2ccccc21,-2.064993381500244
base,N#Cc1c(NC(=O)CSc2nnc(-c3cccnc3N)n2-c2ccccc2)sc2c1CCCC2,-1.5748023986816406
base,CC/[S+]=C1\C=N/C(=C(/[O-])NNc2ccc(C)cc2)O1,-1.8319255113601685
base,O=C(c1cnn2c(C(F)F)cc(-c3ccccc3)nc12)N1CCOCC1,-1.8613009452819824
base,CC1(C)C(=O)O[C@@H](c2cccs2)C(C)(C)C1=O,-5.831882476806641
base,CO[C]1[CH][CH][C]2[C]([C]([O-])[C+]3[CH][CH][CH][CH][CH]3)N(C)N([O-])[C]2[CH]1,-2.3290607929229736
base,C[C@H](CN1CCCc2ccccc2C1)O/C([O-])=c1\cc2c(c3ccccc13)=C=[O+]c1ccccc1-2,-3.5079853534698486
base,COc1ccccc1Oc1nc(C(C)C)nc2ccccc12,-2.3754727840423584
base,O=[N+]([O-])c1cc(S(=O)(=O)Nc2ccccc2)ccc1N1CCCCC1,-2.1057322025299072
base,CCC[C@@H](C)[C@@H](NC(=O)c1cc2cc(Cl)ccc2n1C)C(=O)O,-2.419826030731201
base,Nc1ccc(Oc2ccc(N[S@@+]([O-])[C@]34C[C@H]5C[C@H](C[C@H](C5)C3)C4)cc2)cc1,-2.5798470973968506
base,CC(C)N[C@@H](C)C[C@H](Cc1c(O)ccc2ccccc12)NCc1ccco1,-2.5798470973968506
base,COc1ccccc1OCCOCCOc1ccc(C(=O)O)cc1,-6.175867080688477
base,Cc1cc(N2CCCC2)nc2ccccc12,-2.0578689575195312
base,CC(C)(C)NC(=O)[C@H](c1cc2ccccc2nc1Cl)N(Cc1ccccc1)/C([O-])=C1\[S+]=NC(C(N)=O)=C1N,-1.8388428688049316
base,COCCCNC(Cc1ccc(F)cc1)=C1C(=O)N(C)C(=O)N(C)C1=O,-2.14487624168396
base,COc1cc2nc(=S)n(Cc3cc4ccccc4o3)c(N)c2cc1OC,-2.14487624168396
base,NCCCC[CH-]n1cnc2c(=S)nc[nH]c21.[H+],-1.156320571899414
base,COc1cc2nc(C3CCC3)nc(N3CCN(c4ccccn4)CC3)c2cc1OC,-1.7834744453430176
base,COc1ccc([S@](=O)(=N[S@@+](C)[O-])Sc2ccc(F)cc2)cc1,-3.044522523880005
base,O=C(O)CC[C@H](C(=O)O)N1C(=O)c2ccccc2C1=O,-2.94943904876709
base,Brc1ccc(Cc2cccnc2)c2ccccc12,-2.844355583190918
base,CCOc1cc2c3c(c1)[C@@H](CC(=O)NC[C@@H](c1cccs1)N(C)C)C(=O)N3CC[C@@H]2C,-2.3204572200775146
base,C[C@@H](Sc1nnc2c(F)cccn12)C(=O)NCCc1ccccc1,-1.7814180850982666
base,CS(=O)(=O)N1CCN(C(=O)C/C=C/c2ccccc2)CC1,-2.3290607929229736
base,CCC(NC(=O)N[C@H]1CCCc2ccccc21)(C(F)(F)F)C(F)(F)F,-2.5030341148376465
base,NC(=O)CN1CCN(S(=O)(=O)c2ccc(Cl)s2)CC1,-1.8319255113601685
base,CCOc1ccc(S(=O)(=O)NCCC(=O)NCCc2ccc(OC)cc2)cc1,-2.6161489486694336
base,CCOc1cc2ccccc2cc1C(=O)O,-5.7714409828186035
base,COc1cc(C(=O)N2CCN(Cc3nc(Cc4ccccc4)no3)CC2)cc(OC)c1OC,-2.099304676055908
base,CCOc1cccc(Nc2ncnc3onc(-c4ccccc4OC)c23)c1,-1.898970127105713
base,N#Cc1ccc(C(=C/C=C2\C=CC(N3CCOCC3)=[O+]2)/N=[C-]/C=N/O)cc1,-1.898970127105713
base,NNC(=S)Nc1cccc(Cl)c1,-1.3739230632781982
base,[CH2-][C@@H](C)/[O+]=C/CCNCc1ccc(OCCNC(C)=O)c(OC(C)C)c1,-2.54217791557312
base,CCC(C)(C)n1nnnc1[C@H](c1cc(OC)ccc1OC)N1CCN(Cc2ccccc2)CC1,-1.7277717590332031
base,COc1ccc2c(c1)CCN(CCC(=O)NCCCN1CCOCC1)C(=O)C2,-2.2188470363616943
base,[O-][C+]1CC[C+]([O-])N1CC1(N[CH-][c-]2[cH+][cH-][cH+][c-](Br)[cH+]2)[C+]([O-])N(C[c+]2[cH-][cH+][cH-][cH+][cH-]2)[c-]2[cH+][cH-][cH+][cH-][c+]21,-2.4126884937286377
base,Cc1ccc(O[P@@](=O)(NCc2ccco2)Oc2ccc([N+](=O)[O-])cc2)cc1,-2.5798470973968506
base,O=C(CCN1C(=O)S/C(=C/c2ccccc2)C1=O)Nc1cccc(C(=O)O)c1,-2.6161489486694336
base,S=c1[nH]nc(-c2ccccc2)o1,-1.771224856376648
base,Cn1nc(C(F)(F)F)c(C#N)c1N1CCN(c2nc(Cl)c3ccccc3n2)CC1,-1.4159908294677734
base,O=C(CN1CC=C(c2ccccc2)CC1)Nc1ccccc1-c1ccccc1,-2.6161489486694336
base,Fc1ccc(CN2CCSCC2)cc1Br,-2.662587881088257
base,O=Nc1ccccc1SCc1ccco1,-2.662587881088257
base,BrC1=CN=C2N[C-]=NN2/C1=C1/C=CC=[S+]1,-1.312661051750183
base,O=C(c1ccc(N2CCOCC2)cc1)c1cccc2c([N+](=O)[O-])cccc12,-2.5798470973968506
base,CCOC(=O)c1cn(C(C)=O)nc1N,-1.5274808406829834
base,C[C@H](CN1CCOCC1)OC(=O)c1cccc(Cl)c1,-2.8982770442962646
base,N#CCOc1nc(Nc2ccccc2Cl)nc(N2CCCC2)n1,-1.337607502937317
base,O=C(Cn1nc(-c2ccc(N3CCCCC3)c([N+](=O)[O-])c2)c2ccccc2c1=O)N1CCCCC1,-1.9373873472213745
base,Fc1cnc(Cl)nc1NC1CCCCC1,-1.5962363481521606
base,S=c1oc(-c2ccccc2Cl)nn1Cc1ccccc1,-2.2803893089294434
base,C[C@H](OC(=O)/C=C(\c1ccccc1)c1ccc(Cl)cc1)C(=O)NC(N)=O,-2.54217791557312
base,COc1cc(NC(=O)CN2C(=O)NC(C)(C)C2=O)c(OC)cc1Cl,-2.064993381500244
base,[CH2-]CCC[CH-]C(=O)N1CCN(C(=O)C2=[S+2]=CC=C2)CC1,-2.2803893089294434
base,CO[C][CH+][c-]1[n-][n-][c+]([N-][CH+][CH+][CH+][c-]2[cH+][cH-][cH+][cH-][cH+]2)[c-](C)[n-]1,-1.6481837034225464
base,CCOC(=O)c1sc(NC(=O)c2cc(C)on2)c(C#N)c1C,-1.9781709909439087
base,COc1ccc(-c2[nH]nc3c2[C@@H](c2ccc(OC)c(Oc4ccccc4)c2)C(C#N)=C(N)O3)cc1OC,-2.2135515213012695
base,CN(Cc1ccc(-c2ccccc2)o1)S(=O)(=O)CCCNC(=O)c1cccc2cccnc12,-2.3828799724578857
base,COc1ccccc1N(CC(=O)NCCSc1ccc(C)cc1)S(=O)(=O)c1ccc(F)cc1,-2.780181884765625
base,CCS(=O)(=O)Oc1ccc(Cl)cc1C(=O)/C=C/N(C)C,-2.94943904876709
base,CCO[C]1NN([C]2[CH][CH][CH][C]3[CH][CH][CH][CH][C]32)[C+]([O])[C]1[CH][N][C]1[CH][CH][CH][C](N([O-])[O-])[CH]1,-2.004145860671997
base,COCc1ccc(C(=O)NCCCN2CCN(c3ccc(F)cc3)CC2)c(OC)c1OC,-2.3521556854248047
base,COc1ccc(C(/C=[C-]/c2ccc(OC)c(OC)c2)=N\Nc2ccc(C(=O)O)cc2)cc1.[H+],-2.749457359313965
base,O=P(c1ccccc1)(c1ccccc1)c1nc2ccccc2[nH]1,-2.419826030731201
base,[O-][C+]1[CH+][N-]N[c+]2[cH-][cH+][cH-][c+]([c-]2[O-])[OH+][NH2+][S+2]([O-])([O-])[C-]2[CH-][CH+][C-]1[CH+][CH-]2,-2.022524118423462
base,Cc1coc2c1ccc1cccc(C(=O)C[C@@]3(O)C(=O)Nc4ccc(Br)cc43)c12,-3.320228338241577
base,O=S(=O)(Nc1c(-c2ccccc2)nc2ccc(Br)cn12)c1ccccc1,-2.14487624168396
base,COCC/N=C(\C)c1c(C)oc(C)c1C(C)=O,-2.7873599529266357
base,COCCn1c(N)c(C(=O)Nc2sccc2C#N)c2nc3ccccc3nc21,-1.5339303016662598
base,CN(C(=O)CSC1=NCCS1)c1ccccc1,-2.1183104515075684
base,NC(=O)C1=C(N)/C(=C(\[O-])N2Cc3ccccc3C2)[S+]=N1,-1.5995122194290161
base,COc1ccc(CCNC(=O)CN2CCCCC2)c(OC)c1,-2.3754727840423584
base,COCCOc1ccccc1N1CCN(C)CC1,-2.1753058433532715
base,COc1ccc(CS(=O)(=O)C[C@@](C)(O)c2ccc(Cl)cc2)cc1,-6.133398056030273
base,CCCOc1ccc(Cc2c(C)nc(C)[nH]c2=O)cc1OC,-2.3754727840423584
base,CCOC(=O)N1CCN(C(=O)/C=C/c2ccc([N+](=O)[O-])s2)CC1,-2.022524118423462
base,[H]/N=c1\n(C)c2ccccc2n1CCc1cccs1,-1.7780040502548218
base,O=CN(c1ccc2c(c1)NC(=O)CO2)S(=O)(=O)c1cc(Cl)ccc1Cl,-2.5030341148376465
base,FC(F)(F)C1=Nn2c(nnc2-c2ccco2)SC1,-1.4944287538528442
base,Fc1ccccc1-c1cs/c(=N\c2cccnc2)n1CCCn1cnc2ccccc21,-1.8162105083465576
base,Cn1c(=O)n(C)c2cc(NS(=O)(=O)c3ccc(Cl)cc3)ccc21,-2.022524118423462
base,O=[N+]([O-])c1ccc(Br)cc1Oc1ccc2ccccc2n1,-2.3290607929229736
base,COC(=O)c1c(C)[nH]c(C(=O)Nc2ccc(C(=O)O)cc2)c1C,-2.419826030731201
base,CN(C)CCNS(=O)(=O)c1ccc2oc(=O)ccc2c1,-2.2803893089294434
base,S=C(NC[C@H]1CCCO1)c1ccc(Cc2ccccc2)cc1,-3.044522523880005
base,CN1CCN(c2ccc(N3CCN(S(C)(=O)=O)CC3)cc2)CC1,-1.738948941230774
base,NCc1cccnc1Cc1ccccc1F,-2.0578689575195312
base,NC(N)=N/N=C/c1ccc(OCc2ccccc2)c(OCc2ccccc2)c1,-1.9352717399597168
base,O=S(=O)(c1ccc(F)cc1)N1CCN(CCc2ccc(Cl)cc2)CC1,-2.5030341148376465
base,N#Cc1c(-c2ccccc2)n(O)c2ncnc(NCCO)c12,-1.4739243984222412
base,COCCNC(=O)c1ccc(NC(=S)NC2CCCC2)cc1,-1.9781709909439087
base,Fc1nnn(/C=C\c2ccccc2)c1-c1nc2ncc[nH]c-2n1,-1.1846381425857544
base,NNc1nc2ccc(OCc3ccc(Cl)cc3)cc2s1,-1.8830875158309937
base,O=S(=O)(c1ccc(F)cc1)N1CCN(c2nnnn2-c2ccccc2)CC1,-1.4976286888122559
base,COCCCNc1ccnc2c(Cl)cccc12,-2.1183104515075684
base,NNC(=O)[C@H]1CCN(C(=O)NCc2ccc(F)cc2)C1,-1.5995122194290161
base,O=C(Cc1cccs1)NNc1cccc2ccccc12,-2.2803893089294434
base,O=[N+]([O-])c1cc(S(=O)(=O)N2CCCC2)ccc1NCCNS(=O)(=O)c1ccc2c(c1)OCO2,-2.099304676055908
base,COc1ccc(NC(=S)N2CCC(C(=O)N3CCN(c4ccccn4)CC3)CC2)c(OC)c1,-1.8786333799362183
base,CCOC(=O)c1cc(CC)sc1NC(=O)[C@H]1[C@H](C(=O)O)[C@@H]2C=C[C@H]1C2,-3.172083616256714
base,CO[C-]1[CH+][C+]([N-][C]SC)[C+](Br)[CH-][C+]1N([O-])[O-],-2.0578689575195312
base,COCCCNC(=O)COc1ccccc1C(=O)Nc1ccccn1,-2.1057322025299072
base,CC[C@H](C)NC(=O)N[C@H](Cc1ccccc1)C(=O)OC,-2.2803893089294434
base,COc1ccc2nc(C)cc(SCC(OC)OC)c2c1,-2.94943904876709
base,COCC1=CNc2nc3ccccc3n2[C@H]1c1ccc(OC)c(OC)c1,-2.14487624168396
base,O=C(N/N=C/c1ccc(N2CCOCC2)s1)c1ccc2ccccc2c1,-2.14487624168396
base,O=C(Nc1ccccc1-n1nc2ccccc2n1)c1ccc(N2C(=O)CCC2=O)cc1,-1.8162105083465576
base,CC(=O)Nc1cccc(OC(=O)C(F)(F)F)c1,-2.7873599529266357
base,COc1ccc(C(=O)NN/C(C)=C\C(=O)c2ccc(C)cc2)cc1,-2.4622952938079834
base,NC(=O)c1cc(S(=O)(=O)NCCc2ccc(S(N)(=O)=O)cc2)cs1,-2.064993381500244
base,O=C(CCCCCBr)NNc1ccc(C(F)(F)F)cn1,-1.8830875158309937
base,S=c1[nH]nc(COc2ccccc2)n1/N=C/c1cn(-c2ccccc2)nc1-c1ccccc1Cl,-1.7277717590332031
base,O=C(COc1ccc(Cl)cc1Cl)NC(=O)N1CCC(O)CC1,-2.3754727840423584
base,CCOc1ccc(/C(O)=C/C(=O)OCc2ccc(C)o2)cc1CN1CCC(O)CC1,-3.3540725708007812
base,[O+][S](C[C]1[CH][CH][CH][CH][N]1)[N+][C]1S[C]([C]([O-])CC2CCCCC2)[C]N1[C]1[CH][CH][CH][CH][CH]1,-2.2877211570739746
base,Brc1cccc(-c2nnc3sc(CNC4CCCC4)cn23)c1,-1.6945956945419312
base,CC[C]([O])N[C]([CH][C]1[CH][CH][C]([C]2[CH][CH][C](N([O-])[O-])[CH][CH]2)O1)[C+]([O])N[C]1S[CH][CH][C]1[CH][N]CCCN1CCOCC1,-2.0707404613494873
base,C/N=C1\S[C@@H](C(=O)Nc2ccccc2Cl)CC(=O)N1c1ccc(Cl)cc1,-2.14487624168396
base,NN[C-]([O-])[C+]1[C+](N[c-]2[cH+][cH-][cH+][cH-][cH+]2)S[C-]2CCC[C+]12.[H+],-1.8319255113601685
base,C[C@H](O)C(=O)O/C=C1\CCCO[CH-]OC(C)(C)O1.[H+],-5.888877868652344
base,CCOc1ccc(C(=O)c2ccccc2)cc1Cc1cccnc1,-3.131344795227051
base,[O]S([O])(NCCN[C]1[CH][CH][C](N([O-])[O-])[CH][C]1Cl)N[C+]1[CH][CH][CH][CH][C]1F,-1.8221569061279297
base,CC(=O)N/C(=C\Nc1ccc(SC(F)F)cc1)c1csc(Nc2ccc(F)cc2)n1,-2.004145860671997
base,O=C(c1cccn1-c1nc2ccccc2n1Cc1ccccc1)N1CCc2ccccc2C1,-2.099304676055908
base,C[C@@H]1CCc2ccccc2N1C(=O)c1ccc(Br)o1,-2.8982770442962646
base,S=C(NC1CC1)N1CCC2(CC1)OCCO2,-2.0578689575195312
base,COCCNc1ccc2nc(N3CCOCC3)sc2c1,-1.8830875158309937
base,[CH2+]CC[C@]1(C)C[CH-]CC[C@@H]1C(=O)CCCCCNCCOC,-3.044522523880005
base,COC(C[C@H]1O[C@H]1C(=O)COCc1cccc2ccccc12)OC,-6.175867080688477
base,CCOC(=O)C1(Cc2cccc3ccccc23)CCN(C(=O)c2cnc3ccccc3n2)CC1,-2.4126884937286377
base,O=S(=O)(Oc1ccccc1N1CCCCC1)c1cccc2nsnc12,-2.1057322025299072
base,COCCCn1c(SCC(=O)Nc2cc(C)cc(C)c2)nc2ccsc2c1=O,-2.2188470363616943
base,Nn1c(Cc2ccccc2F)nnc1SCC(=O)NCc1cccc(F)c1,-1.6782987117767334
base,O=C(O)c1ccccc1NC(=S)Nc1ccccc1Cl,-2.2803893089294434
base,COc1ccc2nc(C)cc(SCCNC(=O)c3ccc4ccccc4c3)c2c1,-2.6511785984039307
base,Fc1nc(/C=C\c2ccccc2)c2cnn(-c3ccccc3)c2n1,-1.7814180850982666
base,COc1ccccc1N(CC(OC)OC)C(=O)C1=C(N)/C(=C(\[O-])NC2CCCCC2)N=[S+]1,-2.068580389022827
base,[CH2-]CCCC/C=C(/N=[NH+]/c1ncc(F)c(N2CCOCC2)n1)C(F)(F)F,-1.640629529953003
base,COc1ccc(S(=O)(=O)N2CCN(C(=O)c3ccn[nH]3)CC2)cc1C(C)C,-1.898970127105713
base,[O][C]1[O+][C]([C+]2[C]([O])[C]3[CH][CH][CH][CH][C]3[C]([O-])[C]2C[C]2[CH][CH][C]([N+]3CCOCC3)[CH+][CH]2)[C][C]2[CH][CH][C](N([O-])[O-])[CH][C]21,-2.947003126144409
base,[CH2+]C[N-][C+]([c-]1[cH+][cH-][cH+][cH-][cH+]1)[NH+]1C2C3[C-]([O-])C(C)CNC321.[H+],-1.8830875158309937
base,COc1ccccc1OCCCOc1c(OC)cccc1OC,-6.133398056030273
base,CC(=O)/[O+]=C\[C@@H](O)[C@@](O)([C+](C)C)C(C)(C)[CH-]C[CH-][C@]1(C)[C@@H]([C+](C)C)CC[C@]2(C)[C@@H](c3ccoc3)OC(=O)[C@@H]3O[C@]312.[OH-],-6.7105231285095215
base,O=C(c1ccc(OC(Cl)(Cl)Cl)cc1)N1CCN(c2ccccn2)CC1,-2.1057322025299072
base,CN1[CH-]CN([S+2]([O-])([O-])[c+]2[cH-][cH+][cH-][c+]([C+]([O-])N[C+]3[N-]CCS3)[cH-]2)CC1,-1.7814180850982666
base,Cc1nc2c3nn(-c4ccc(C)c(Cl)c4)nc3ncn2n1,-1.0938729047775269
base,CC(=O)Nc1ccc(SCC(=O)O)cc1,-2.662587881088257
base,Cn1cnnc1SCC(=O)NCc1ccc(F)cc1,-1.548350214958191
base,O=CCCCCOCCN1CCN(S(=O)(=O)c2ccccc2Cl)CCC1=O,-2.5798470973968506
base,O=C(C1=CNc2cc3ccccc3cc2N1)N1CCSCC1,-1.9781709909439087
base,O=S(=O)(Nc1nc2ccccc2nc1N1CCN(c2ccccc2)CC1)c1cccs1,-1.8162105083465576
base,CCN(c1ccc(OC)cc1)S(=O)(=O)c1ccc(NCc2ccc(C)cc2)nc1,-2.2538769245147705
base,CCSCCc1nnc(NC(=O)CSc2nc3ccccc3s2)s1,-1.7814180850982666
base,COCc1c(C(=O)N/N=C/[C@H]2CC=CCC2)nnn1-c1nonc1N,-1.1352016925811768
base,COc1ccccc1/N=C\c1coc2ccccc2c1=O,-2.998110294342041
base,O=c1ccc(-c2cc(-c3ccco3)[nH]c2-n2cccc2)n[nH]1,-1.6945956945419312
base,O=C(Nc1csc(-c2cccs2)n1)c1cc(=O)[nH]c2ccccc12,-2.064993381500244
base,Fc1ccc(Sc2ccccc2CNC2CC2)cc1,-2.8982770442962646
base,CCCN1CCC(NC[C@@H](C)c2ccccc2)CC1,-2.229227304458618
base,CC(C)OCCCNC(=O)c1cc(=O)[nH]c2ccc(S(=O)(=O)N(C)C)cc12,-2.1825454235076904
base,CO[C][CH+][c-]1[n-][cH+][c+](CCN[C-]([O-])[C+]2[CH+][CH-][C+](C)[C-](C)[CH+]2)[nH]1,-1.9781709909439087
base,O=[N+]([O-])c1cccc([P@](=O)(c2ccccc2)c2ccc(N3CCOCC3)cc2)c1,-2.6511785984039307
base,CC(=O)N1CCCN(CC(=O)N2CCCC(C)(C)C2)CC1,-1.931758999824524
base,COc1ccc(N(C)C(=O)Nc2cc(-c3ccccc3)nn2C2CCCCC2)cc1,-2.004145860671997
base,NC(=S)N/N=C/c1ccccc1,-1.3739230632781982
base,O=c1c2ccccc2nc(-c2ccc(Cl)cc2)n1-c1cccs1,-2.419826030731201
base,CCCN(CC)CCCN[C]1[N][C](N2CCOCC2)[C](N([O-])[O-])[C+](N)[N]1,-1.306990146636963
base,CCC(=O)N[C@H](Cc1c[nH]c2ccccc12)c1nc2ccccc2[nH]1,-1.8221569061279297
base,COCCCCN(C(=O)c1c(-c2ccccc2)noc1C)c1ccccc1,-2.5798470973968506
base,N[C-]([O-])[C+]1[N-][N-][C][C+]([c+]2[cH-][cH+][c-]3[cH+][cH-][cH+][cH-][c+]3[cH-]2)N1N[C+]1[CH+][CH+][CH-][CH+][C-]1Cl.[H+],-1.6782987117767334
base,COCc1cc(C)n(CC(=O)N/N=C/CC(C)C)c(=O)c1C#N,-1.738948941230774
base,CCOC(=O)c1c[nH]c(=S)n1C,-1.771224856376648
base,CCOc1c(C)cc(S(=O)(=O)n2ccc(C)n2)c(C)c1C,-2.3290607929229736
base,CNC(=O)COC(=O)c1ccc2c(c1)NC(=O)[C@@H]1CCCN21,-1.9781709909439087
base,Cn1c2ccccc2c2cc(Cc3ncc(S(=O)(=O)c4ccccc4)c(=O)[nH]3)cnc21,-2.036881923675537
base,COCCC/N=C(\[O-])c1cc2c(=O)[n+](/C=C3\C=CC=C[CH-]3)c3n(c2c2ccccc12)[C@H]3C.[H+],-2.3521556854248047
base,[O][C](N[C]1[CH][CH][CH][C](N[C]([O])[C+]2[CH][CH][CH][CH][CH]2)[CH]1)[C]1[CH][CH][C](N([O-])[O-])O1,-2.14487624168396
base,COc1ccccc1NC(=O)[C@@H](C)OC(=O)/C=C\[C@H](OC)C(C)=O,-3.131344795227051
base,COCCCNC(=O)CCCCC(=O)Nc1nccs1,-1.8830875158309937
base,S=C(NCc1nc2ccccc2c2ccccc12)NC[C@H]1CCCO1,-2.1057322025299072
base,C=C(Cl)COc1ccc(S(=O)(=O)NCc2ccccc2)cc1C(=O)O,-3.172083616256714
base,CCOc1ccc(C#CCN2CCCCC2)cc1OCC,-2.998110294342041
base,CC(=O)Nc1ccc(S(=O)(=O)NCC(=O)OCc2c(F)cccc2Cl)cc1,-2.5798470973968506
base,C[C@H]1CC(=O)[C@H](C)[C@@H](NCCc2ccc(OC(F)F)cc2)O1,-3.044522523880005
base,CCOc1cc(/C=N/NC(=O)C2=CN(c3ccc(OC)cc3)C(=O)CC2)ccc1O,-2.2877211570739746
base,COc1cccnc1,-2.036881923675537
base,[CH2-][C+]([N-]O[S+2]([O-])([O-])[c+]1[cH-][cH+][c-](C)[c+](C)[cH-]1)[c-]1[cH+][cH-][cH+][cH-][cH+]1,-2.998110294342041
base,C[C@@H]1C=CC[C@@H](C(=O)NNC(=S)NC(=O)c2ccccc2)C1,-1.9781709909439087
base,O=C1CCOc2cccc(O)c21,-5.48479700088501
base,O=C(O)Cc1cccc(C(=O)c2ccccc2NC(=O)c2sc3cc(Cl)ccc3c2Cl)c1,-3.4185070991516113
base,S=C(NC1CCCCC1)N1CCN(Cc2ccco2)CC1,-1.931758999824524
base,COC(=O)c1c(C)oc2c(C)c(O)c(O[C@](C)(OC)c3ccccc3)cc12,-6.293419361114502
base,CCCCCCNC(=O)c1ccc(Sc2ccccc2)c(NC(C)=O)c1,-2.54217791557312
base,CCCCN(C)S(=O)(=O)c1c(C)[nH]c(=O)[nH]c1=O,-1.7780040502548218
base,C[c-]1[cH+][c-](C)[c+]2[c+]([n-]1)s[c+](C([C][N-2])CC[C][N-2])[c-]2C.[H+],-1.8319255113601685
base,CCC(=O)NNc1nc2ccc(F)cc2s1,-1.660567283630371
base,Cc1cc(-c2ccccc2)nn1/C(N)=N\c1ccc(S(=O)(=O)N2CCOCC2)cc1,-1.7834744453430176
base,CC(C)n1nc(C(=O)NCCCN2CCOCC2)c2ccccc2c1=O,-1.8613009452819824
base,COCC(=O)NCCN(C[C@H](O)c1ccccc1)C(C)C,-2.3290607929229736
base,Cc1cc(-c2nnc(SCc3ccc(F)cc3)n2C)n[nH]1,-1.427512288093567
base,Cc1nn(C)c(C(=O)NCCCN2CCOCC2)c1Br,-1.5995122194290161
base,NC(=S)N/N=C/c1cn(-c2ccccc2)nc1-c1ccc(F)cc1,-1.5607467889785767
base,COc1cc(C)c(S(=O)(=O)N2CCN=C2c2ccccc2)cc1OC,-2.5030341148376465
base,[O][C](C[C+]1[CH][CH][C]2OCO[C]2[CH]1)N[C]1[CH][CH][CH][C](O[C]2[CH][CH][C](N([O-])[O-])[CH][CH]2)[CH]1,-2.6511785984039307
base,[CH]C[C@@H]1C[C@@H]1CCOC[C@@H](O)CNCC1CCCCC1,-2.94943904876709
base,O=C(NC(=S)NCc1ccco1)c1cc2ccccc2o1,-2.3290607929229736
base,Clc1ccc(CSc2nnc(CN3CCOCC3)n2-c2ccccc2)cc1,-1.898970127105713
base,O=C(/C=C/c1ccc(F)cc1Cl)NC[C@@H]1CCCO1,-2.8982770442962646
base,CCN(CC)[c-]1[cH+][cH-][c+]([C]NC23CN4CN(CN(C4)C2)C3)[cH-][cH+]1.[H+],-1.5182775259017944
base,[O-][S@+](Cc1ccccn1)c1cccc2ccccc12,-2.8982770442962646
base,FCCCSc1c(C2CCCCC2)nc2ccccn12,-2.2803893089294434
base,CCCOC(=O)c1ccc(OC)cc1,-5.638354778289795
base,Nc1ncnc(NNc2cccc3ccccc23)c1[N+](=O)[O-],-1.2932543754577637
base,Nc1cnc(NC(=O)c2ccco2)c(Cl)c1,-1.660567283630371
base,SCCOc1ccc(Br)cc1/C=C/C1=NCCCC1,-2.8982770442962646
base,COc1ccc2cc(C(=O)O)/c(=N\NC(=O)c3cc4ccccc4oc3=O)oc2c1,-2.6850228309631348
base,S=c1[nH]nc(-c2ccncc2)n1-c1ccc(OCc2ccccc2)cc1,-1.8613009452819824
base,CN(/N=C/c1cc(=O)[nH]c(=O)[nH]1)c1ccccn1,-1.2737574577331543
base,CCC(C)(C)NC(=O)Cc1cccc2ccccc12,-2.8982770442962646
base,Cn1c(=O)[nH]c(=O)c2c(NC(=O)CN3CCc4ccccc4C3)cccc21,-1.898970127105713
base,O=C1NCCN(C(=S)Nc2cccc(Br)c2)[C@H]1c1ccc(F)cc1,-2.064993381500244
base,CCn1nc([N+](=O)[O-])c([C@H](C#N)c2nc3ccccc3[nH]2)c(Cl)c1=O,-1.4208155870437622
base,CCOn1c(=O)c(C)[n+]([O-])c2ccccc21,-2.0578689575195312
base,Cc1cccc2cc(C[C@H](N)C(=O)O)c(=O)[nH]c12,-2.1753058433532715
base,COCCCn1c(=O)c2sccc2n2c(CCCC(=O)NCc3ccco3)nnc12,-1.7834744453430176
base,CCCCn1c(O)c(/C=N/NC(=O)c2cc(=O)c3ccccc3o2)c(=O)[nH]c1=S,-1.970301628112793
base,O=S(=O)(NNc1cccnc1Cl)c1ccc(F)cc1,-1.8319255113601685
base,NCC(=O)N[C@@H]1CCCN(Cc2ccccn2)C1,-1.4944287538528442
base,O=C(Nc1ccccc1F)Nc1cc([N+](=O)[O-])ccc1Br,-1.931758999824524
base,O=C(Cn1cccc1C(=O)c1ccccc1)N/N=[C-]/C=C\c1ccco1.[H+],-2.14487624168396
base,CC[C-]([O-])N1[N-][C+]([c+]2[cH-][cH+][cH-]s2)C([c+]2[cH-][cH+][c-](OC)[cH+][cH-]2)C1[c+]1[cH-][cH+][c-](F)[cH+][cH-]1.[H+],-2.6511785984039307
base,S=[P@@](NC1CCCCC1)(N1CCc2ccccc2C1)N1Cc2ccccc2C1,-2.2188470363616943
base,CCC(=O)OCc1c(C(=O)N2CCN(Cc3ccccc3)CC2)c2ccccc2n1C,-2.3204572200775146
base,O=C(CCN1CCN(c2cccc(Cl)c2)CC1)N1CCCC1,-1.9781709909439087
base,FC(F)(F)c1cccc(Sc2cc(C(F)(F)F)nc(-c3ccccn3)n2)c1,-2.1825454235076904
base,CN1[C+]2[CH+]N(n3[cH+][cH+][cH-][cH+][cH-]3)[CH-][C+]2[C-]([O-])N(C)[C-]1[O-],-1.548350214958191
base,C=C(C)[C@H]1C/C(=C/C=C2\C=C(C#N)C(=O)OC2)N[C@H](C)C1,-2.3290607929229736
base,O=C(NP(=O)(N1CCCC1)N1CCCC1)c1sc2ccccc2c1N1CCOCC1,-2.004145860671997
base,N#C/C(C1=[S+]/C(=C/c2cccs2)C(=O)N1c1ccccc1)=C(/[O-])Nc1ccccc1,-2.2877211570739746
base,COc1cccc2sc(Nc3nc4c(c(=O)n(C)c(=O)n4C)n3C)nc12,-1.4599595069885254
base,COc1cccc(-c2snnc2-c2ccc3ccccc3c2)c1,-2.419826030731201
base,N/C=N/N=C(/N/N=C/c1ccc(O)cc1)Nc1ccc(Cl)cc1,-1.337607502937317
base,COc1ccc(-n2c(SCC(=O)Nc3ccc(C(C)=O)cc3)nc(O)c(Cc3ccccc3)c2=O)cc1,-2.497126817703247
base,COc1cccc(-c2nc3ccccc3[nH]2)c1,-2.1183104515075684
base,O=C(CNS(=O)(=O)c1ccc(Br)cc1)NCC(=O)N1CCCCC1,-2.064993381500244
base,Cl[c-]1[cH+][cH-][cH+][c-](OCCCCC[N-][c+]2[cH+][n-][c+]3[n-][cH+][n-][c-]3[nH]2)[cH+]1,-1.5182775259017944
base,CCOC(CNC(=O)c1nc2ncccc2n1C)OCC,-1.6481837034225464
base,CN(C)C[C@H](O)COC(c1ccccc1)c1ccccc1,-2.998110294342041
base,Cc1ccc(Oc2ccc(-c3nnc(NC(=O)Cc4ccc(F)cc4)s3)cc2OCC(=O)O)cc1,-2.441633939743042
base,O=C(NNc1ccccc1)c1ccc(F)cc1Nc1ccccc1C(F)(F)F,-2.2188470363616943
base,O=C1/C(=C/c2cccs2)SC(=S)N1N1CCOCC1,-2.229227304458618
base,O=C(NCc1ccccc1F)NC1(C(=O)O)CCCCC1,-2.3290607929229736
base,Cc1nc(CC(=O)Nc2ccc(Nc3ccc(-c4ccc(C)c(C)c4)nn3)cc2)cs1,-1.8162105083465576
base,Nc1cc(=O)[nH]c(SCC(=O)Nc2cccc(Cl)c2)n1,-1.5995122194290161
base,CN(CC(=O)NC1CC(C)(C)NC(C)(C)C1)S(=O)(=O)c1ccccc1,-2.1057322025299072
base,O=C(NNC(=O)c1sccc1-n1cccc1)c1cccnc1,-1.6945956945419312
base,COc1ccccc1OCCOCCOc1ccc(Cl)cc1C,-6.133398056030273
base,Cc1c2c([nH]c(=O)c1/N=N/c1ccccc1)CCC2,-1.8319255113601685
base,[O-][S@+](C1CCCCC1)N1CCCCCC1,-2.662587881088257
base,CCO[C-]1[C][C][C+](C2(O)COC(C)(C)[C-]([O-])C2)[CH+][CH+]1.[H+],-5.9427995681762695
base,O=c1c2ccccc2ncn1CCCCOc1ccccc1Br,-2.419826030731201
base,CCOCCCS(=O)(=O)c1cc2c(cc1C)NC(=O)CO2,-2.998110294342041
base,CCN(CC)C(=O)COc1ccc(Br)cc1,-2.7269186973571777
base,N#Cc1ccc(CCNS(=O)(=O)c2ccc(OC(=O)c3ccco3)c3ccccc23)cc1,-2.749457359313965
base,Nn1c(=O)[nH]c2ccc(Cl)cc21,-1.3739230632781982
base,O=c1[nH]cnc(O)c1/C=C/CC1CC1,-1.924782633781433
base,CO[C]1[CH][CH][C](N[C+]([O])CS[C]2[N][N][C]3[C]([N]2)N[C]2[CH][CH][CH][CH][C]23)[CH][C]1N[C]([O])CO[C]1[CH][CH][CH][CH][C]1N([O-])[O-],-1.7371010780334473
base,COc1cccc(N(CC(=O)NCc2cc(OC)c(OC)c(OC)c2)S(C)(=O)=O)c1,-2.6850228309631348
base,O=S(=O)(NCCCN1CCOCC1)c1ccc(N2CCOCC2)cc1,-2.1057322025299072
base,Nc1ccc2nc(/[S+]=C3\N=CC=CC3=[N+]([O-])[O-])[nH]c2c1,-1.3788409233093262
base,NS(=O)(=O)c1ccc(NC(=S)Nc2ncc(C(F)(F)F)cc2Cl)c([N+](=O)[O-])c1,-1.7146004438400269
base,NNC(=O)[C@@H]1CC1(c1ccccc1)c1ccccc1,-2.229227304458618
base,O=C(O)c1ccccc1NCc1ccccc1,-2.7873599529266357
base,Cc1nc2c3c4c(c(N5CCOCC5)nc3sc2n1Cc1cccs1)COC(C)(C)C4,-2.036881923675537
base,COc1cc2[nH]c(=O)c(CCN3C[C@H](C)C[C@H](C)C3)cc2cc1OC(C)=O,-2.5798470973968506
base,C[C@H]1Cn2c(nnc2[C@]23C[C@H]4C[C@H](C[C@H](C4)C2)C3)S1,-1.8319255113601685
base,CCOC(=O)/C=C(\C=C\c1cccs1)c1nc2ccccc2c(=O)n1CCO,-2.6161489486694336
base,OC1(c2cccc(C(F)(F)F)c2)CCN(CCN2CCCCC2)CC1,-2.5030341148376465
base,Cn1nnnc1SCC(=O)Nc1ccc([N+](=O)[O-])cc1,-1.1981709003448486
base,O=C(O)/C=C/C(=O)NCCCCCCCCCc1cccs1,-3.044522523880005
base,O/N=C/c1nc(-c2ccc(OCc3ccccc3)cc2)n(O)c1-c1ccccc1,-2.2538769245147705
base,[H+].[S-]Cc1cc(Cl)ccc1Cc1cc(Cl)c(NCc2ccco2)nn1,-2.064993381500244
base,COc1ccc(C(=O)NC2CC2)cc1OC1CCN(Cc2ccc(F)c(F)c2)CC1,-2.6850228309631348
base,NNCc1ccco1,-1.3678323030471802
base,Cc1ccc2cc3c(nc2c1)CCCC3,-2.662587881088257
base,CCO[C-]([O-])[C+]1[C+]([S+2]([O-])([O-])N2CCC([C-]([O-])OCC)CC2)[CH+][CH-][CH+][C-]1[C-]([O-])[N-][C+]1S[CH+][CH+]N1CC.[H+],-2.441633939743042
base,CCC1(CC)C(=O)NC(=O)NC1=O,-1.8509483337402344
base,NC(=O)c1ccccc1NS(=O)(=O)c1ccc(F)cc1,-2.2803893089294434
base,C[C@@H](F)Oc1ccc(F)cc1/C=C/c1nc2ccccc2c(=O)o1,-3.131344795227051
base,CN(C)CCCn1c(-c2ccccc2)nc(=S)c2c1CCCC2,-2.022524118423462
base,CCC[N-][c+]1[c-]2[c+]([n-][c+]3n1[N-][N-][N-]3)CCCC2.[CH2].[H+],-1.0930874347686768
base,C=C(N=[N+]=CO[CH-]N[C+]1=NC(NCc2ccccc2)=NN1[C][O-])c1ccccc1,-1.4159908294677734
base,CCC[S+2]([O-])([O-])[c+]1[n-][c+]2[c+](o[c-]1C)n(C)[c-]([O-])[c-]2[CH+][c-]1[cH+][cH-][cH+]o1,-2.4622952938079834
base,COc1ccccc1C(=O)CSc1nc2ccccc2s1,-2.998110294342041
base,O=S(=O)(NCc1ccc2c(c1)OCO2)c1ccccc1Br,-2.998110294342041
base,COc1ccc(S(=O)(=O)N2CCN=C2c2ccccc2)cc1O,-2.419826030731201
base,CCOc1ccc(C(=O)NCc2ccccn2)cc1,-2.229227304458618
base,CCCCN1C[C@@H](CN(CC)CC)[C@H](Cc2ccccc2)C1=O,-2.419826030731201
base,COc1ccc(Nc2ccccc2)c(C(=O)Nc2cc(C)nn2-c2ccccc2)c1,-2.004145860671997
base,O=S(=O)(N1CCOCC1)N1CCCN(S(=O)(=O)N2CCOCC2)CC1,-1.8221569061279297
base,[CH2][C](O)C[CH][CH+]CC1CC[C]([CH][C]2[CH][CH][C](N([O-])[O-])[CH][CH]2)[C]1[O],-3.0888755321502686
base,CC(=O)n1cc([C@@]2(Cc3ccccc3)CNCCO2)c2ccccc21,-2.5030341148376465
base,O=C(COC(=O)C1CCN(S(=O)(=O)c2cccs2)CC1)c1ccc(C(F)(F)F)cc1,-3.3540725708007812
base,O=[C+](Nc1ccc(Br)cc1)N(N[C][O-])C1CCCCC1,-1.8830875158309937
base,NC(=O)CCC(=O)Nc1nc(-c2cccs2)cs1,-1.7780040502548218
base,CCN(c1ccccc1)S(=O)(=O)c1ccc(NC(=O)CN2CCCCC2)cc1,-2.2188470363616943
base,COc1ccccc1NC(=O)CN1CCC(NC(=O)C2CCCCC2)CC1,-2.1825454235076904
base,CCOC(=O)[C@H](Cc1ccc(NC(C)=O)cc1)N1C(=O)c2ccccc2C1=O,-2.6161489486694336
base,C=C1[C-](C(=O)/[NH+]=C\c2ccccc2OC(C)C)C[S+]=c2nc3c(c(=O)n21)=[S+]c1ccccc1-3.[C-]1=C[CH-]C=CS1,-2.54970121383667
base,CCCOc1ccccc1[C@H]1NC(=S)NC(C)=C1C(=O)Nc1ccc(C)c(C)c1,-2.2538769245147705
base,[O][C+](CS[C]1[N][C]([C]2[CH][CH][CH]O2)[CH][C](C(F)(F)F)[N]1)N[C]1[CH][C](N([O-])[O-])[CH][C](C(F)(F)F)[CH]1,-2.099304676055908
base,O=c1ccc2c(Oc3nc(N4CCOCC4)nc(N4CCOCC4)n3)cc(Cl)cc2o1,-1.8162105083465576
base,O=S1(=O)CCN(C2CCCCC2)CC1,-2.59383225440979
base,[H+].[O-][C+]1N[C+](SC[C-]([O-])N[C+]2[CH+][CH-][CH+][C-](F)[CH+]2)[N-][C+]2[N-][CH-]C[C+]21,-1.6945956945419312
base,O=C(OC1CCCCC1)c1cccn(Cc2ccccc2)c1=O,-3.0888755321502686
base,O=C(NCCNC(=O)c1cccs1)c1ccccn1,-1.8319255113601685
base,NC(=O)c1c[nH]c2ccccc12,-1.771224856376648
base,NC(=O)N[C@H](Cc1ccc(F)cc1)C(=O)NCCc1ccc(F)cc1,-2.1057322025299072
base,[NH-][C-]([SH2+])[c+]1[cH-]n(C[c+]2[cH-][cH+][cH-][cH+][cH-]2)[c+]2[cH-][cH+][cH-][cH+][c-]12,-2.229227304458618
base,Nn1c(COc2ccccc2)nnc1SCC(=O)Nc1cccs1,-1.5607467889785767
base,NS(=O)(=O)c1cccc(NC(=O)Cn2nc(C(=O)O)c3ccccc3c2=O)c1,-1.9352717399597168
base,O=C(NCc1ccccn1)C1CCCCC1,-2.0578689575195312
base,NC(=O)/C=C1\C(=O)N(Cc2ccc(Cl)cc2)C[C@@H]1c1ccccc1,-2.4622952938079834
base,Clc1ccc(OCCCNCCCC2CCCC2)cc1Cl,-2.998110294342041
base,Clc1ccc(OCc2ccc3c(c2)OCO3)c2ncccc12,-3.044522523880005
base,CN(CC(=O)NCc1ccccn1)S(=O)(=O)c1ccc(F)c(Cl)c1,-2.064993381500244
base,CC[CH-]CC/[N+](=C/c1ccccn1)C(=O)COC(=O)c1ccc(N2CCCC2)c([N+](=O)[O-])c1,-2.099304676055908
base,COC(C/C=C\[C@H](O)COCc1ccccc1)OC,-5.9427995681762695
base,Cc1ccc2nc(-c3n[nH]c(=O)c4ccccc34)cn2c1,-1.6481837034225464
base,N/C(=N\OC(=O)[C@@H]1COc2ccccc2O1)c1cccnc1,-1.9781709909439087
base,CC(=O)N1c2ccc(S(=O)(=O)N3CCCCC3)cc2C[C@@H]1C(=O)Nc1ccc(Cl)cc1C,-2.3521556854248047
base,N#C/C(=C\Nc1ccccc1SC(F)(F)F)C(=O)NCc1ccco1,-2.1057322025299072
base,COc1ccc(N2CCN(S(=O)(=O)c3ccc(C(C)(C)C)cc3)CC2)cc1,-2.5798470973968506
base,COC1=C(OC)[C-](OC)/C(=C/N2CCCC2)C(/N=C/c2ccc(F)cc2)=C1.[H+],-2.5798470973968506
base,COCCNc1ccc(S(=O)(=O)N(C)C)cc1[N+](=O)[O-],-1.8830875158309937
base,Cc1ccc([C@H](C)c2c(C)c([N+](=O)[O-])cc(C)c2[N+](=O)[O-])cn1,-2.022524118423462
base,CN(Cc1ccccc1NS(=O)(=O)c1ccc(Cl)cc1)C1CCCCC1,-2.54217791557312
base,Clc1ccccc1[C@H](c1cccc(Br)c1)N1CCNCC1,-2.3290607929229736
base,Nn1c(SCC(=O)Nc2cccc3ccccc23)nnc1C(F)(F)F,-1.6014856100082397
base,CCOC(=O)N1CCN(CC(=O)Nc2ccc([N+](=O)[O-])cc2C(=O)c2ccc(F)cc2)CC1,-2.099304676055908
base,S=c1[nH]ccn1-c1ccccc1Oc1ccc(Cl)c(Cl)c1,-2.3290607929229736
base,CNC(=O)Nc1cccc2ccccc12,-1.9935381412506104
base,[O-][S+2]1(C[c+]2[cH-][cH+][cH-][cH+][cH-]2)NCC[C-]2[CH-][CH+][CH-][CH+][C-]21,-2.844355583190918
base,NNC(=O)c1cc2cc(Oc3cccs3)ccc2[nH]1,-1.8319255113601685
base,O=C(NCCO)/C(=C\C=C\c1ccc2c(c1)OCO2)NC(=O)c1cccs1,-2.5798470973968506
base,Brc1ccc(Nc2nn3c([s+]2)CC2=CC=CC4=CC=CC(=C3)[C-]42)cc1,-2.1057322025299072
base,NS(=O)(=O)c1ccc(NC(=O)N2CCOCC2)cc1,-1.8319255113601685
base,CC[C@@](C)(OCCC(=O)N(CC(=O)NC1CCCC1)c1ccccc1)C(=O)O,-2.6161489486694336
base,CC(C)S(=O)(=O)N1CCC(C(=O)NCC2(N(C)C)CCCCC2)CC1,-2.1057322025299072
base,COc1cnn(C2CCCCC2)c(=O)c1,-1.9935381412506104
base,c1cncc(CNCc2ccco2)c1,-1.924782633781433
base,Cc1ccc(N[C@@H]2c3ncccc3C(=O)N2c2ccccc2)cc1S(=O)(=O)N1CCOCC1,-2.099304676055908
base,COc1cccc(OC(=O)c2cc(Br)ccc2OC(=O)c2cccs2)c1,-6.2557501792907715
base,O=C1C(=O)c2ccccc2C(=O)/C1=C(/O)c1cccc(OCc2c(Cl)cccc2Cl)c1,-6.431331157684326
base,NC(=O)Cc1cc2c(cc1[N+](=O)[O-])OCO2,-2.0578689575195312
base,O=C(O)CCOP([O-])#[N+]c1c([N+](=O)[O-])ccc2c1NCN2,-1.6481837034225464
base,O=C(O)C(Cc1c[nH]c2ccccc12)C(=O)O,-2.7873599529266357
base,O=C(NCCCN1CCOCC1)c1nc2ccccc2nc1CC[C@]1(Cc2ccccc2)C(=O)NC(=O)N(c2ccc(Br)cc2)C1=O,-2.0511527061462402
base,O=S(=O)(c1cccc2cccnc12)N1CCN(c2ccc(F)cc2)CC1,-2.14487624168396
base,Brc1ccccc1/C=N\Nc1nc2ccccc2c2ccccc12,-2.064993381500244
base,COc1ccccc1N(C[C-]1NN=C2C=C(Cl)C=C[C-]2OO1)S(=O)(=O)C1=[S+2]=C(C)C=C1,-2.3204572200775146
base,O=[N+]([O-])c1ccc(N(C[C@H](O)CN2CCC(Cc3ccccc3)CC2)S(=O)(=O)c2ccccc2)cc1,-2.4697651863098145
base,COc1ccc(C(=O)NNC(=O)C2(c3ccccc3)CCCC2)cc1,-2.5030341148376465
base,[O-]N([O-])[C]1[N][CH]N(O)[C]1S[C+]1[CH][CH][CH][CH][N]1,-1.3769919872283936
base,O=C(NCCCN1CCOCC1)C1(c2ccccc2)CCCC1,-2.419826030731201
base,S=c1[nH]nc(COc2cccc(Cl)c2)o1,-1.9935381412506104
base,CCCCCC(=O)NC(C(=O)OC)C(=O)OC,-2.7873599529266357
base,CC(=O)c1cccc(OC[C@@H](O)CN2CCOCC2)c1,-2.94943904876709
base,[CH2-]CC[N-]CCCNC(=O)C1=CC2=CC(Br)=C/C(=[O+]\C)C2=[O+]C1=O,-2.4622952938079834
base,CN(C[C@H](CC1CCCCC1)N(C[C@H](Cc1ccccc1)N(CCc1ccccc1)N=O)N=O)N=O,-1.7848485708236694
base,NC(=O)CS(=O)(=O)c1nc(-c2ccc(Br)cc2)c(-c2ccccc2)o1,-2.5030341148376465
base,N#CN/C(=N/c1cc(F)cc(F)c1)S[C@@](O)(c1ccccc1)c1cccc(F)c1,-2.2538769245147705
base,[O-]n1cccc/c1=[S+]/Cc1cc(Cl)nc(C2CCCCC2)n1,-1.9781709909439087
base,O=C(N/N=C\c1ccc(CO)cc1)[C@]12C[C@H]3C[C@H](C[C@H](C3)C1)C2,-2.419826030731201
base,Fc1ccc(-n2c(SCCN3CCOCC3)nnc2-c2cccs2)c(F)c1,-1.898970127105713
base,CCn1c(CNc2ccc(Cl)cc2)nnc1SCC(=O)c1c(N)n(C)c(=O)n(C)c1=O,-1.4825712442398071
base,O=S(=O)(c1ccc(S(=O)(=O)N2CCC[C@@H](c3ccccc3)C2)cc1)N1CCCC1,-2.6511785984039307
base,CCOCCCNC[C@H](O)c1ccccc1,-2.7269186973571777
base,COc1ccc(C(=O)NCc2ccco2)cc1,-2.7873599529266357
base,[O-][C+]1[C-](O)[C+]2[C-]([C][C][C+]3[CH+][CH+][CH-][CH+][CH-]3)OCCCC2(C[c+]2[cH-][cH+][cH-][cH+][cH-]2)CN1C[c+]1[cH+][n-][cH-][cH+][cH-]1,-2.8389358520507812
base,OCCNc1ccccc1NCc1ccccc1,-2.1753058433532715
base,Cc1ccc(S(=O)(=O)n2nccc2[C@@H](C)OC(=O)Nc2cccc([N+](=O)[O-])c2)cc1,-2.004145860671997
base,O=C(Nc1ccc(S(=O)(=O)N2CCOCC2)cc1)c1cc(S(=O)(=O)N2CCOCC2)ccc1Cl,-2.4126884937286377
base,C[C@@H](C(=O)NC1=NCCS1)n1cc(Br)cn1,-1.3769919872283936
base,CCCCOc1ccccc1/C=N/NC(=O)[C@@H](C)Oc1ccc(Cl)cc1,-2.54217791557312
base,CC[S+2]([O-])([O-])[c-]1[n-]n2[c+]([NH-])[c+]([CH+][CH-][c+]3[cH-][cH+][c-](OC(F)F)[c+](OC)[cH-]3)[c+]([O-])[n-][c+]-2s1,-2.004145860671997
base,O=C1/C(=C(\O)c2ccc3c(c2)OCO3)CC[C@H]1[C@H]1C[C@H](O)[C@H](O)[C@@H]1[OH+][CH-]O,-6.293419361114502
base,S=C(NCc1ccccc1)N1CCOCC1,-2.0578689575195312
base,O=S(=O)(c1ccc(Cl)cc1)N1CCN(C[C@H]2CC=CCC2)CC1,-2.419826030731201
base,CCOc1ncccc1C(=O)Nc1ccccc1NC(=O)CNC(C)=O,-1.8613009452819824
base,COCC(=O)N/N=C(\C)CC(=O)NCc1ccccc1,-1.8830875158309937
base,O=C(Cc1ccccc1)c1ccc2c(c1)OCCO2,-5.9427995681762695
base,COc1cc2c(CN3CCN(Cc4ccccc4)CC3)cc(=O)oc2cc1O,-2.6161489486694336
base,Cc1cc(C)nc(N2CCC(C(=O)Nc3ccc(OC(F)F)cc3)CC2)n1,-1.898970127105713
base,O=C(N/N=C/c1cn(-c2ccccc2)nc1-c1cccs1)c1cc([N+](=O)[O-])cc([N+](=O)[O-])c1,-1.6979632377624512
base,O=C(COC(=O)c1n[nH]c2ccccc12)NC(=O)NCCSc1ccccc1,-1.9352717399597168
base,C/C(=N\NS(=O)(=O)c1cccc(NC(=O)C(F)(F)F)c1)c1ccc(C)o1,-2.14487624168396
base,C[C-](C)[C+]1CC[C+]([CH+][CH-][c+]2[cH-][cH+][cH-][cH+][cH-]2)N(C[C-]([O-])N(C)CCO)C1,-2.5030341148376465
base,N#Cc1ccc(Cc2ccc(CN3CC[C@H](c4ccc(C(F)(F)F)cc4)C3)cc2)cc1,-2.717759132385254
base,Nc1nnc(CC(=O)NCc2cccs2)s1,-1.3769919872283936
base,O=C(Nc1ccc2c(c1)CCC2)[C@@H]1C[C@@H]1CCc1nc2ccccc2[nH]1,-2.14487624168396
base,[O-][C+](N[N-][CH+][c+]1[cH-][cH+][c-]2[c+]([cH-]1)OCO2)[c-]1[cH+][c-](Br)s1,-2.229227304458618
base,COc1ccc2nc(N)nc(-c3ccccc3)c2c1,-1.8319255113601685
base,O=C(O)c1ccc(COc2ccccc2F)o1,-5.831882476806641
base,COC1=C(C)[S+]=C/C1=C(/[O-])Nc1ccc(C)c(S(=O)(=O)N(C)C)c1,-2.4622952938079834
base,COC(=O)N1C(=O)[C@](c2ccc(F)cc2)(C(C)C)N1C(=O)OC,-2.419826030731201
base,O=C(CP(=O)(c1ccccc1)c1ccccc1)N1CCc2ccccc21,-3.2112276554107666
base,O=C(NNS(=O)(=O)c1ccc(Cl)cc1)c1cnn(-c2ccccc2)c1-n1cccc1,-1.7834744453430176
base,Cc1nn(C)c(=O)c2nn(S(=O)(=O)c3ccccc3)c(C)c12,-1.6945956945419312
base,COCCCNC[C@H]1[C@@H](Oc2ccc(Cl)cc2)C(=O)N1CCc1ccccc1,-2.6161489486694336
base,O=C(NC1CCCCC1)N1CCc2c([nH]c3ccccc23)C1,-1.9781709909439087
base,CCOC(=O)[C@H]1[C@H](c2ccccc2C)NC(=S)N[C@]1(C)O,-2.3290607929229736
base,CCc1cc(Br)cc(SC)c1,-5.398162841796875
base,CCN(CCCOc1ccccc1C)CC(=O)Nc1nc2ccccc2nc1-c1cccc2cccnc12,-2.019512891769409
base,N/C(=N\OC(=O)c1ccccc1-c1ccc(Br)cc1)c1ccc(F)cc1,-2.54217791557312
base,CCOc1cc(-c2noc(-c3ccoc3SC)n2)cc(OCC)c1OCC,-2.5798470973968506
base,O=C1C[C@@H](c2ccccc2)CC(O)=C1/C=N/CCN1CCN(c2ccccc2)CC1,-2.2877211570739746
base,COCC(C)N[C-]([O-])C1C[C+]([O-])N([C+]2[CH+][CH-][CH+][CH-][C+]2[C][O-])C1,-2.3754727840423584
base,O=c1[nH]cc([N+](=O)[O-])c(=O)[nH]1,-1.287288784980774
base,CCOC(CNC(=O)C(=O)Nc1ccc(NC(C)=O)cc1)OCC,-2.064993381500244
base,COc1ccccc1OCCCCN1CCNCC1,-2.229227304458618
base,COc1ccc(S(=O)(=O)N2CCN(CC(=O)Nc3cccc(F)c3)CC2)cc1OC,-2.2877211570739746
base,CCO[C]1[CH][C]([CH+][N]N[C]([O])[C]2[CH][CH][N][CH][CH]2)[CH][CH][C]1O[C]([O])[C]1[CH][CH][C](N([O-])[O-])[CH][CH]1,-2.068580389022827
base,NS(=O)(=O)c1ccc(CNC(=O)COC(=O)/C=C/c2ccccc2Cl)cc1,-2.5798470973968506
base,CN1[N][CH][C]([C]2[CH][CH][C](N([O-])[O-])[CH][CH]2)[C]1N[C+]([O])[C]1[CH][CH][CH][CH][CH]1,-1.7814180850982666
base,CCOCC1(CC[C+]([O-])OCCN2CCCC2)[CH-]C(C)N[C+]1[O-],-2.419826030731201
base,O=Cc1ccc(C(=O)OCC(=O)NC(=O)NCc2ccco2)o1,-2.419826030731201
base,O=C(NC1CCCCCC1)c1cc(S(=O)(=O)N2CCOCC2)ccc1Cl,-2.54217791557312
base,CNCCOCO[C-]1[CH+]O[C-](C(O)CO)C(O)C(O)CO1,-2.998110294342041
base,O=C(CCC(=O)NC1CCCCC1)N/N=C/c1ccc[nH]1,-1.6481837034225464
base,CCN(CC)CCN(C(=O)c1ccc2ccccc2c1)c1nc2c(OC)cccc2s1,-2.3204572200775146
base,FC(F)(F)c1ccc(Cl)c(NCc2cccs2)c1,-2.844355583190918
base,NS(=O)(=O)c1ccc(S(=O)(=O)Nc2ccsc2)cc1,-2.229227304458618
base,C/C(O)=[N+]1\CCc2cc([S@](#[O+])([O-])N[C]C(=O)/[NH+]=[C-]\c3c#c[c-]c4c3C=C[CH+]=[C-]4)c#cc21,-2.3204572200775146
base,O=C(C[C@H](CN1CCCCC1)C(=O)O)c1ccc(F)cc1,-2.998110294342041
base,COc1ccc(/C=C/C(=O)Nc2ccccc2C(=O)O)cc1COc1cccc2ccccc12,-3.4790399074554443
base,O=C(/C=C/c1ccc2c(c1)OCO2)N/N=C/c1cn(-c2ccccc2)nc1-c1cccs1,-2.068580389022827
base,[O-][C-]1[c+]2[cH-][cH+][cH-][cH+][c-]2[C-]2[CH-]C(N3CCOCC3)CC[S+3]23([O-])O[O+]13,-3.0888755321502686
base,COC(OC)[C@@H](NS(=O)(=O)c1ccc2c(c1)oc(=O)n2C)C(=O)N[C@@H](C)c1ccccc1,-2.3521556854248047
base,O=C(N/N=C/C(c1ccccc1)=[N+](\[O-])CC1CCCCC1)c1ccc(OC(F)(F)F)cc1,-2.3521556854248047
base,NNC(=O)Cn1nnc(-c2cccs2)n1,-0.9113197326660156
base,CN[P+](N1CCOCC1)(N1CCOCC1)N1CCOCC1,-1.6481837034225464
base,[H]/N=C(/N)NN,-0.22067135572433472
base,Nc1nc2ccccc2n1CCNC(=O)C1CCCCC1,-1.6481837034225464
base,S=C(Nc1ccc(N2CCOCC2)cc1)Nc1ccc2nccnc2c1,-1.640629529953003
base,COc1ccc(-c2cc(C)c3c(=O)[nH]c(C(F)(F)F)nc3n2)cc1CO,-2.14487624168396
base,Cc1nc(NC(=S)NC(=O)c2ccccc2)c(Cl)cc1Cl,-1.931758999824524
base,CN(C)CCOc1cccc2c(=O)n(-c3ccc(CC#N)cc3)c(=O)ccc12,-2.2188470363616943
base,COc1cc(/C=N\NC(=O)OC(C)(C)C)cc(Cl)c1OCC(N)=O,-2.064993381500244
base,O=S(=O)(NC[C@@H](Cc1ccco1)OCc1ccc(F)cc1)c1ccccc1,-3.248896837234497
base,C=C[C@@](C)(O)CCOC(O)(c1ccccc1)c1ccccc1,-6.08904504776001
base,O=c1[nH]c2ccc(OCOCCCl)cc2cc1Cn1ccc(=O)n(-c2ccc(F)cc2)c1=O,-2.3828799724578857
base,FC(F)O[c-]1[cH+][cH-][c+](C[C][C][C+]2[CH+][N-][C+]([c-]3[cH+][cH-][cH+][cH-][cH+]3)S2)[cH-][cH+]1.[H+],-3.131344795227051
base,[CH2-]CCN(C#[S+])[C@H](c1ccccc1)c1nnn(C[C@H]2CCCO2)n1,-1.5607467889785767
base,CC(=O)c1cccc(CC[C@@H](C)C(=O)O)c1,-5.7714409828186035
base,O=C1/C(=C/c2cc[c-]cc2)SC(=S)N1[C@H]1CC[C@H](C(=O)c2cccnc2)CC1.[H+],-2.6161489486694336
base,C/[S+]=C1\C=CC=C\C1=C(/[O-])NC(=S)N(C)C1CCCCC1,-2.3290607929229736
base,NCCC(=O)O,-1.7512681484222412
base,N/C(CCn1c(=O)oc2ccccc21)=N/O,-1.660567283630371
base,C[CH-]OCCCN1[C+]([O-])[c+]2[cH-][cH+][c-]([S+2]([O-])([O-])N(C)[c+]3[cH-][cH+][cH-][cH+][cH-]3)[cH+][c-]2[C+]1[O-],-2.6161489486694336
base,C[c-]1[cH+][cH-][cH+][c-](C(C[C+]([O-])O)N[C-]([O-])C2[CH+][CH+][CH-]CC2)[cH+]1,-2.998110294342041
base,CCOc1cc(N2CCCCC2)c(C)nn1,-1.660567283630371
base,Cc1ccc(SCCNS(=O)(=O)c2cccc([N+](=O)[O-])c2)cc1,-2.419826030731201
base,CNCC(=O)N1CCN(c2ccccn2)CC1,-1.4374333620071411
base,CCO[c+]1[cH-][c+]2[c-]([cH+][c-]1OCC)[C+]([O-])[C+](N)C2[C-]1[C+](O)[N-][C+](SC)N[C-]1[O-],-2.1825454235076904
base,CCc1cc(=O)oc2cccc(OCC(=O)N3CCC(c4nc5ccccc5o4)CC3)c12,-2.749457359313965
base,O=C1/C(=C2\C(O)=Nc3ccccc32)SC(=S)N1CCCS(=O)(=O)O,-2.4622952938079834
base,CN(C)c1ccc(CNC[C@@H]2CCCO2)cc1,-2.1183104515075684
base,CO[C][C+]([C+](C)[O-])[c-]1[c+]([O-])[c+]([O-])[c-]2[c+](C)[cH-][cH+][c-]2[c+]1[O-],-5.993961334228516
base,O=C(NCc1ccccn1)[C@@H]1C[C@H]1[C@@H](N[P@@](=O)(c1ccccc1)c1cccc2cnccc12)c1ccccc1,-2.2661259174346924
base,CN(C1CCCCC1)S(=O)(=O)c1ccc2[nH]c(=O)ccc2c1,-2.3754727840423584
base,Cc1oc(-c2ccccc2)nc1CN1CCC(C(=O)NC2CCCC2)CC1,-2.1825454235076904
base,CN(C)[C@@H](Cc1c[nH]c2ccccc12)c1cccnc1,-1.8830875158309937
base,CCOC(=O)[C@@H]1CCCN(C(=O)c2cccc3ccccc23)C1,-3.0888755321502686
base,CO[C@H](C(=O)N/N=C/C1=C(N2CCOCC2)/C(=C\c2ccccn2)CC1)c1ccccc1,-2.068580389022827
base,COc1cc(S(=O)(=O)N2CCOCC2)c(OC)cc1Br,-2.94943904876709
base,COCCNC(=O)[C@@H](c1ccc(O)cc1)N(C(=O)CCC(=O)Nc1nccs1)c1ccc(C)cc1,-2.1580586433410645
base,Nc1cn(-c2ccc3c(c2)OCCO3)nn1,-1.3769919872283936
base,CCOC(=O)C[C@H](NC(=O)c1ccccc1F)c1ccccc1,-3.0888755321502686
base,C/[O+]=C1/C=C=C(/N=C/Nc2ccccc2C([O-])=S)C=C1,-2.2803893089294434
base,CN(Cc1ccc(F)cc1)c1nc2c(c(=O)[nH]c(=O)n2C)n1Cc1ccccc1,-1.7496302127838135
base,COc1ccc2[nH]c3c(NCCCN4CCOCC4)ncnc3c2c1,-1.6014856100082397
base,O=S(=O)(c1ccccc1)c1nc(-c2ccccc2Cl)oc1NCc1ccccc1,-2.6511785984039307
base,C/C(=N\NC(=O)Cc1ccccc1)c1ccc(Cl)s1,-2.229227304458618
base,NC(CN[C-]1S[N-][C+]([c+]2[cH-][cH+][cH-][cH+][cH-]2)N1[c+]1[cH-][cH+][cH-][cH+][cH-]1)[C+]([O-])O,-1.7814180850982666
base,COc1c(C(=O)n2nc(C)cc2C)n[nH]c1-c1cc(Br)cs1,-1.6945956945419312
base,COCCNC(=O)[C@@H](C)N(C(=O)Cc1ccco1)c1ccc2ccccc2c1,-2.6161489486694336
base,CCOc1cc(S(=O)(=O)NCC2CCCCC2)c(OCC)cc1-n1cnnn1,-1.7146004438400269
base,CN(CC(=O)Nc1ccccc1Br)Cc1nc2ccccc2c(=O)[nH]1,-1.8221569061279297
base,Nc1c(C(=O)NC[C@H]2CCCO2)c2nc3ccccc3nc2n1-c1ccccc1,-1.7496302127838135
base,Fc1ccc(SCC[C@H]2CCCCN2)cc1,-2.7269186973571777
base,CCOC(=O)NS(=O)(=O)c1cc2c3c(c1)[C@@H](C)C(=O)N3CCC2,-2.419826030731201
base,S=C1CCCN1CC1CCN(Cc2ccccc2)CC1,-2.2803893089294434
base,CC1=C(C)/C(=C(/N)[O-])C(NC(=O)c2ccc(C(=O)c3ccc(Cl)cc3C)cc2)=[S+]1,-2.6511785984039307
base,CSc1nnc(-c2ccc(NC(=O)COc3ccccc3)cc2)o1,-2.064993381500244
base,CC(C)Nc1nc2c(c(=O)n(C)c(=O)n2C)n1Cc1ccccc1,-1.5607467889785767
base,COC(C[C@@H](O)CCCOc1ccccc1)OC,-5.888877868652344
base,Cc1c(C(=O)N2CCOCC2)c2c(c(=O)n(C)c(=S)n2C)n1Cc1ccccc1Cl,-2.004145860671997
base,[CH2+]NCC1C[C-]1[C+]1[C][CH+][C-](C)[CH+][CH-]1.[H+],-2.519998073577881
base,Cc1ccc(-c2c[s+]c3nc4cc/c(=C(/[O-])NC5CCCCC5)cc4c(=O)n23)cc1,-2.2877211570739746
base,S=C(NCCCN1CCOCC1)NC1CC1,-1.660567283630371
base,Cc1ccc2[nH]c3c(NCc4ccccc4)ncnc3c2c1,-1.6945956945419312
base,CC(=O)c1ccc(N2CCN(C(=O)CCS(=O)(=O)c3ccc(C)cc3)CC2)cc1,-2.6511785984039307
base,CCOc1ccc(/C=N/N(C)c2ccccc2)cc1OC,-2.3290607929229736
base,Cn1ncc2cc(Cl)ccc21,-1.6845905780792236
base,CCOc1ccc(NC(=O)CCCN(Cc2ccc3c(c2)OCO3)C(=O)C2CCCCC2)cc1,-2.809990167617798
base,FC(F)Oc1ccc2c(c1)O/C(=C\c1ccccc1)C2,-5.993961334228516
base,N#CCCCCNc1n[nH]c(-c2ccccc2Cl)n1,-1.3276787996292114
base,COc1cccc(C(=O)N2CCCc3ccccc32)c1,-2.94943904876709
base,O=C(C1=C(O)C(=O)N(CCCN2CCOCC2)[C@H]1c1cccc(Br)c1)c1ccco1,-2.6850228309631348
base,O=c1cc(CSc2ncccn2)nc(-c2ccncc2)[nH]1,-1.427512288093567
base,[O-][S+2]([O-])(C[CH-]CO)[c-]1[cH+][cH-][cH+][cH+][n-]1,-2.519998073577881
base,FC(F)(F)c1cccc(-c2nc(-c3cccs3)no2)c1,-2.2803893089294434
base,COc1ccc(/C=C2\C(=O)NC(=S)N(c3ccc(C)cc3)C2=O)cc1OC,-2.5798470973968506
base,O=C(NCC[N-]CCN/C=C(\C#[O+])C(=C=CCc1ccccc1)N1CCN(c2ccccc2)CC1)c1ccco1,-2.0707404613494873
base,O=C(CN1C(=O)Cc2cc3c(cc21)OCO3)N1CCN(C(=O)c2cccs2)CC1,-2.2538769245147705
base,CN(C)CCn1c(NCc2ccc(F)cc2)nc2ccccc21,-1.738948941230774
base,FC(F)(F)c1ccc(NNc2nc(-c3cccs3)nc3c2CCC3)nc1,-1.640629529953003
base,CC(=O)c1ccc2nc([C@@H](C)O)[nH]c2c1,-1.9935381412506104
base,[H+].[O-]P(Nc1ccccc1Cl)OC1(C2CC2)OCCO1,-2.8982770442962646
base,CC(C)Oc1ncccc1C(=O)Nc1ccc(F)cc1F,-2.3290607929229736
base,Cc1cc(C)cc(CN2C(=O)N/C(=C/c3cccs3)C2=O)c1,-2.3754727840423584
base,COc1ccc2[nH]c(=O)c(CN(CCc3ccc4c(c3)OCCO4)C(C)=O)cc2c1,-2.6850228309631348
base,COc1cc(S(=O)(=O)NCc2ccco2)ccc1Br,-2.8982770442962646
base,Cc1oncc1C(=O)Nc1ccc(C(=O)Nc2ncc[nH]2)cc1,-1.5182775259017944
base,C[C@@H](OC(=O)c1cccs1)C(=O)Nc1cc(C(=O)Nc2cccc(-c3ccccn3)c2)ccc1Cl,-2.441633939743042
base,N#CN/C(=N/c1cc(Cl)c(O)c(Cl)c1)SCc1cccnc1,-1.6945956945419312
base,COCCN(C(=O)CNC(=O)c1ccc(-c2ccccc2)n1C)[C@H](C(=O)NC[C@H]1CCCO1)c1cccnc1,-2.045454740524292
base,Cc1ccccc1C(=O)N[C@H]1CCSC1=O,-2.7269186973571777
base,NS(=O)(=O)c1ccc(NC(=O)Nc2ccccc2F)cc1,-1.931758999824524
base,CCOc1ccc(C(=O)N/C=C\C(=N\NC(=O)[C@H](C)O[C@@H](C)C(=O)O)C(=O)NCC(=O)O)cc1Cl,-2.1580586433410645
base,O=C(NO)c1ccc2c(c1)OCO2,-2.519998073577881
base,COc1cccc(-c2nnc(SCC(N)=O)n2-c2ccccc2C)c1,-1.8221569061279297
base,COc1ccc2[nH]c3cc([N+](=O)[O-])cc(OC)c3c2c1,-2.2803893089294434
base,O/N=C/c1ccc2nsnc2c1,-1.3739230632781982
base,C=C1[CH-]C(=O)N(C)C2=N[C]/C(=C(\[O-])[C+]3=CC=C(Cl)C=C3)N12.[H+],-1.931758999824524
base,O=S(=O)(NCCSc1ccccc1)c1ccc(Cl)cc1,-2.94943904876709
base,O=C(CCN1C(=O)[C@@H]2Cc3ccccc3CN2C1=O)OCC(=O)c1ccccc1,-2.6511785984039307
base,O=[N+]([O-])c1cc(Cl)c(N2CCOCC2)cc1NC[C@@H](Nc1ncccn1)c1cccc(P(=O)(O)O)c1,-1.7848485708236694
base,COCCNC(=O)[C@@H](Cc1c[nH]c2ccccc12)NC(=O)[C@@H]1CCCN1,-1.8613009452819824
base,CSc1ccc(S(=O)(=O)[C@H](C#N)c2nc3ccccc3nc2N2CCN(Cc3ccccc3)CC2)cc1,-1.99288010597229
base,O=C(NCCc1ccc(F)cc1)c1ccc(NC(=O)c2ccccc2)cc1,-2.5798470973968506
base,CC(=O)[C@@]1(c2ccccc2)CCN(C(=O)Cc2cn3c(C)csc3n2)C[C@@H]1C,-2.2188470363616943
base,NC(=O)Cn1c(=O)n(Cc2ccccc2F)c(=O)c2cccnc21,-1.7814180850982666
base,CC[C@@H](Oc1ccccc1)C(=O)Nc1cccc(Cl)c1,-2.94943904876709
base,CN1[CH][N][C](N([O-])[O-])[C]1S[C+]1[CH][CH][C]2[CH][CH][CH][CH][C]2[N]1,-1.5995122194290161
base,COc1ccccc1C1CCN(CC[C@@H](c2ccccc2)n2nccc2NC(=O)C2CC2)CC1,-2.12911319732666
base,[NH-]C12[N-]CC3([O-])[N+]14C1([CH+][C-]([C+]([O-])NC(N[C-]([S-])N[C+]5[CH+][CH-][C+](Cl)[CH-][C+]5Cl)C(Cl)(Cl)Cl)[CH-][CH+][CH-]1)[S+2]324,-1.7277717590332031
base,O=C(O)c1cccnc1SCCc1ccc(F)cc1,-2.8982770442962646
base,Fc1cc(Cl)ccc1NC1=NCCCCC1,-2.0578689575195312
base,[CH2+]C1(O)[CH-][C+]([C+]([O-])OC([C+]([O-])C(C)[C+]([O-])CO)C(C)(C)OC)[C-]([O-])C(C)(O)C1C[CH+]C[CH+]O[C-]([O-])[c+]1[cH-][cH+][c-](OC)[c+](OC)[cH-]1,-6.8035054206848145
base,Clc1cn[c-]n1/C=C\C=[N+]1CCN(c2cccc3ccccc23)CC1,-1.8221569061279297
base,O=C(Nc1c(C(=S)Nc2ccccc2)oc2ccccc12)c1ccco1,-2.54217791557312
base,Cn1cccc1C(=O)NC(=O)CSc1nnc(-c2ccccc2)n1C1CC1,-1.6782987117767334
base,C/C(N)=C(/C#N)C(=O)COC(=O)c1ccc(OC(C)C)cc1,-2.3754727840423584
base,CCOCCc1nnc(NC(=O)c2ccccc2SC)s1,-1.931758999824524
base,O[N-][C+]1CCS[C-]1[c+]1[cH+][n-][cH-][cH+][cH-]1,-1.8509483337402344
base,CCn1nnnc1S[C@H](C)C(=O)Nc1ccccn1,-1.1470087766647339
base,CCCC(=O)NCc1ccccc1Cl,-2.59383225440979
base,O=C1CS/C(=N\N=C/c2ccccc2F)N1Cc1ccccc1,-2.022524118423462
base,CCOCc1nnc(NC(=O)Cc2cccc([N+](=O)[O-])c2)s1,-1.6945956945419312
base,O=c1c(-c2cc(Cl)cc(Cl)c2)nc2ccccc2n1Cc1ccc(Cl)cc1,-2.5798470973968506
base,O=C(OCC(=O)N1CCc2c([nH]c3ccccc23)[C@H]1c1ccccc1)c1ccccc1O,-2.749457359313965
base,COCc1[nH]nc2c1[C@@H](c1cc(OC)c(O)c(OC)c1)C(C#N)=C(N)O2,-1.8613009452819824
base,O=C(c1ccsc1)c1ccc2c3c(cccc13)C(=O)N2,-2.94943904876709
base,CC(=O)c1ccccc1OC(=O)c1ccco1,-5.831882476806641
base,COC(=O)CSc1nnc2c(n1)[nH]c1ccccc12,-1.548350214958191
base,N#Cc1c(S(=O)(=O)Cc2ccccc2)nc2ccccn2c1=O,-2.022524118423462
base,[CH][C-]([CH+][CH2-])[C+](N[C-]([O-])N[C+]1[CH+][CH-][CH+][CH-][CH+]1)[C-](C)[CH+][c-]1[cH+][cH-][cH+][cH-][cH+]1.[H+],-2.4622952938079834
base,C[C@@H]1CCc2ccccc2N1C(=O)Cn1c(=O)n(CCC(=O)NCc2ccccc2)c(=O)c2sccc21,-2.2135515213012695
base,[O-][C+](O[CH-][C+]([O-])[c-]1[c+](O)[cH-][cH+][c-]2[c+]1C(O)C(C1CCC(C[C+]3[CH+][CH-][CH+]O3)[C-]([O-])O1)C2)[c+]1[cH-][cH+][cH-][cH+][cH-]1,-6.580639362335205
base,[O-][c+]1[nH][c-]2[cH+][cH-][c+]([S+2]([O-])([O-])N3CCO[C-](N[c+]4[n-][cH+][cH-]s4)C3)[cH-][c+]2o1,-1.8221569061279297
base,Cc1[nH]c2ccc(C(=O)O)cc2c1CCN,-2.0578689575195312
base,Cc1cc(F)ccc1N(C)S(=O)(=O)c1cccs1,-2.844355583190918
base,Cn1ccnc1SCC(=O)Nc1cccc2cccnc12,-1.6481837034225464
base,Cc1cccc(NC(=S)NCCCn2ccnc2)c1,-1.548350214958191
base,[H+].[H]/[C-]=[N+]1/c2ccccc2N=C2[C-]1N(S(=O)(=O)[c-]1ccc[s+]1)C13N=C1[N@+]23[C@H](Cc1ccccc1)O[C-]=O,-1.9373873472213745
base,S=c1[nH]nc(COc2ccccc2)n1Cc1ccccc1,-1.931758999824524
base,Nc1ccccc1-n1c(=O)c2ccccc2c2cnn(CC(=O)NC3CCCCCC3)c(=O)c21,-1.9084417819976807
base,COC[CH-]N(C)C1CCN(C(=O)c2cccc(F)c2)CC1.[H+],-2.3290607929229736
base,COCCOC(=O)[C@@H](C)Oc1ccc(OC(F)F)cc1,-5.993961334228516
base,NNCc1cnc(-c2ccccc2)s1,-1.5274808406829834
base,O=S(=O)(CCN1CCCCC1)c1ccc(OC(F)F)cc1,-2.998110294342041
base,[H]/N=C/C1=C/C(=C/C(=O)O)Sc2ccc(Sc3ccc(C(F)(F)F)cc3)cc21,-3.248896837234497
base,COC[C@@H](O)[C@@H](O)[C@H](C)OCOc1ccc2c(-c3ccccc3)cc(=O)oc2c1,-6.364750862121582
base,COC(=O)OCOc1c2n(ccc1=O)N(Cc1ccccc1)[C@H]1COCCN1C2=O,-2.2877211570739746
base,CC(=O)Nc1nc(OC(C(F)(F)F)C(F)(F)F)nc(N2CCN(c3ccc(O)cc3)CC2)n1,-1.6979632377624512
base,OOC1=COC2=Cc3ccccc3C=CC2=C1,-5.831882476806641
base,COCCNCCOc1ccc(C(C)(C)c2ccccc2)cc1,-3.0888755321502686
base,CN(/N=C/c1cnn(-c2ccccc2)c1-c1cccnc1)c1ccccc1,-1.6782987117767334
base,O=S(=O)(Nc1ccc(Cc2ccncc2)cc1)c1ccc(Br)s1,-2.419826030731201
base,FC(F)(F)c1nnc(Nc2ccc(Cl)c(C(F)(F)F)c2)s1,-1.931758999824524
base,Br/C=N/N=C1c2ccccc2-c2ccccc21,-2.1183104515075684
base,CC(C)OCCCNC(=O)[C@H]1CC[C@@H](CNS(=O)(=O)c2ccccc2)CC1,-2.5798470973968506
base,Clc1ccccc1[C@H](c1nnnn1Cc1ccccc1)N1CCN(c2nc3ccccc3s2)CC1,-1.6037479639053345
base,NS(=O)(=O)c1ccc(NC(=O)Cc2ccc(C(=O)NCCCN3CCOCC3)o2)cc1,-2.036881923675537
base,CN(C(=O)c1ccncc1C(=O)Nc1cccc(C(F)(F)F)c1)[C@H]1CCS(=O)(=O)C1,-2.2877211570739746
base,[CH2-]n1c(C[N-]C)n/c(=[S+]\CC(=O)Nc2ccccc2C)c2c(=O)n(C)c(=O)n(C)c21.[H+],-1.60280442237854
base,O=C(Cn1nc(-c2ccc(Cl)cc2)ccc1=O)N1CCN(c2ccccn2)CC1,-1.7496302127838135
base,[O-][c+]1[c+](-[c+]2[cH+][n-][cH-][cH+][cH-]2)[n-][cH-]n1[N-][CH+][c-]1[cH+][cH-][cH+]o1,-1.548350214958191
base,O=C(Cc1c(O)c([N+](=O)[O-])cc(Cl)c1Cl)NNC(=S)NCc1ccco1,-1.8613009452819824
base,O=C(NNC(=S)Nc1ccccc1)c1ccc2ccccc2c1,-2.022524118423462
base,N/C(Cc1cccs1)=N\OC(=O)COc1ccccc1,-2.2803893089294434
base,Fc1cccc(CN(CCC2CCCCCC2)Cc2nc(Cc3ccccc3Cl)no2)c1,-2.3521556854248047
base,CCNS(=O)(=O)c1ccc(OC)cc1,-2.59383225440979
base,CN(C)Cc1ccccc1[C@H](c1ccccc1)c1[nH]c(=O)[nH]c(=O)c1[N+](=O)[O-],-1.9352717399597168
base,N/C(=N\CCc1ccc(Cl)cc1)NS(=O)(=O)c1ccccc1,-1.9781709909439087
base,O=C(c1ccc(-c2ccc(Br)cc2)o1)N1CCC[C@@H]1CO,-2.998110294342041
base,N#Cc1cc(C2CCCCC2)oc1/N=C(/Cl)c1ccc([N+](=O)[O-])cc1,-2.1057322025299072
base,CCC(C)(C)NC(=O)COC(=O)c1ccc(N(C)S(=O)(=O)c2ccc(F)cc2)cc1,-2.6850228309631348
base,O=S(=O)(Nc1nc2c(s1)CCCC2)c1cccs1,-2.1753058433532715
base,NS(=O)(=O)c1ccc(CCNCC(=O)Nc2ccccc2-c2ccccc2)cc1,-2.2538769245147705
base,ClCc1nc(Cl)cc(/C=C\c2ccccc2Cl)c1-c1ccnnc1,-2.064993381500244
base,C(=C/c1ccccn1)\c1ccncc1,-1.924782633781433
base,CNCCC([C+]([O-])[N-]C[C+]1[CH+][CH+][CH-][CH+][CH-]1)N(C)[S+2]([O-])([O-])[c-]1[cH+][cH-][c+]2[c-]([cH+]1)N[C+]([O-])C[C-]([O-])N2,-1.8786333799362183
base,CO[c-]1[cH+][cH-][cH+][c-](N[N-][C+]2[C+]([O-])[c-]3[cH+][cH-][cH+][cH-][c+]3[C+]([O-])[C-]2Cl)[cH+]1,-2.419826030731201
base,O=C(C1=C(O)C(=O)N(CCN2CCOCC2)[C@H]1c1ccncc1)c1ccco1,-2.2188470363616943
base,COc1cc2nc([C@H]3CC(=O)N(C4CCCCC4)C3)n(N)c(=O)c2cc1OC,-1.9352717399597168
base,O=C(O)COC(=O)c1ccccc1N1C(=O)c2ccccc2C1=O,-3.131344795227051
base,CC(C)(C)c1csc(SCC(=O)Nc2nccs2)n1,-1.8319255113601685
base,COC(C[C@@H](O)CC(=O)[C@@H](C)OCc1ccccc1)OC,-6.042633056640625
base,Fc1ccc(NC(=S)N2CCCC2)c(Cl)c1,-2.0578689575195312
base,CN(C1CCCCC1)S(=O)(=O)c1ccc2ccccc2c1,-2.998110294342041
base,Cn1c(=O)c2c(ncn2CC(=O)OCC(=O)NC2CC2)n(C)c1=O,-1.5607467889785767
base,Cc1ccc(C)c(NC(=O)CNS(=O)(=O)c2ccccc2C)c1,-2.419826030731201
base,CCOCc1c(C)c2ccccc2[nH]c1=O,-2.7269186973571777
base,CN(C)S(=O)(=O)c1cccc(NC(=O)Cn2cc(C(F)(F)F)cc(Cl)c2=O)c1,-2.2188470363616943
base,COc1ccc(/C=N/NC(=O)CN(c2ccc(OC)cc2)S(C)(=O)=O)cc1,-2.1825454235076904
base,CN1CCC[C@H](OC(=O)c2sc3ccccc3c2Cl)C1,-2.94943904876709
base,COc1cc(OC)nc(NC(=S)Nc2ccccc2C)n1,-1.6481837034225464
base,C=c1cc2c(cc1/C([O-])=N/[C@@H](C(=O)OCC(=O)Nc1cccc(S(N)(=O)=O)c1)C(C)C)=[O+]CO2,-2.4126884937286377
base,COc1ccc(CCN2C[C@@H](C(=O)Nc3ccc4c(c3)OCCO4)CC2=O)cc1OC,-2.717759132385254
base,CNC(=O)NC(=O)COC(=O)CCCSc1nc2ccccc2s1,-2.064993381500244
base,[H+].[O-][S+2]1([O-])C[C][CH+][C+]2OC3[CH+][CH-][C-]([CH+][CH-]CN(CCO)CC1)C1C3[NH+]21,-2.4622952938079834
base,O=S(=O)(NC1CCCC1)c1ccc(-c2nnc(N3C[CH-]CCC3)s2)cc1.[H+],-1.8613009452819824
base,Clc1ccc(SCNc2ccccc2Cl)cc1,-2.7873599529266357
base,S=C(Nc1ccccc1Cl)N(CCN1CCOCC1)Cc1ccccc1,-2.14487624168396
base,COc1ccc(NC(=O)C(=O)NCC(=O)Nc2ccc(F)cc2)cc1Cl,-2.14487624168396
base,C[C-](C)CN(CC1CCC([C+]([O])O)CC1)[C]([NH-])[S],-2.1753058433532715
base,COCCN(Cc1ccc(CN(C)C)cc1)C(=O)/C=C/c1ccc2c(c1)OCO2,-2.6511785984039307
base,Fc1ccc(N2CCN(c3nc(Cl)ncc3F)CC2)cc1,-1.6481837034225464
base,CNCc1nc2[s+]c(C=O)cc-2c([O-])n1CC(=O)O,-1.8319255113601685
base,CO[C]1[CH][CH][C]([CH][O])[C](O[C]2[CH][CH][C]([C+]([O])[C]3[CH][CH][CH][CH][C]3[C]([O])O)[CH][C]2N([O-])[O-])[CH]1,-3.3868086338043213
base,CCCN1CCN(CCCNC(=O)c2cc3sccc3n2C)CC1,-1.7814180850982666
base,Cc1nnc(SCC(=O)Nc2cc(S(=O)(=O)N3CCCC3)ccc2Cl)s1,-1.8613009452819824
base,CCOc1ccccc1-c1[s+]c2nn[c-]n2n1C,-1.4944287538528442
base,COC(=O)C1=C(c2ccc(OC)c(OC)c2)C(=O)c2ccccc21,-6.175867080688477
base,Cc1ccc(O[P@](C)(=O)Nc2ccc(N(C)C)cc2)cc1,-2.3290607929229736
base,CCOc1ccc(C2=N/C(=[NH+]/C(=O)/C=C/c3cccc(N([O-])[O-])c3)[S+]=C2)cc1,-2.2188470363616943
base,C[C][C+]([C-]([O-])[C+]1[CH+][CH-][CH+]S1)[C-]1[N-]N[C+]([S-])N1[C+]1[CH+][CH-][CH+][CH-][CH+]1,-1.9781709909439087
base,COc1ccc([C@H]2OC(=O)c3c(C)cc(C)cc3O2)cc1OC,-6.133398056030273
base,O=S(=O)(Oc1cccc2cccnc12)c1cccs1,-2.8982770442962646
base,COC(=O)Nc1nc(CC(C)C)nc2c1nc1n2CCCCC1,-1.5182775259017944
base,CCC(=O)Nc1ccc(C(=O)COC(=O)c2cnccn2)cc1OC,-2.1057322025299072
base,Fc1ccccc1OCCNCCc1ccccc1,-2.8982770442962646
base,O=[N+]([O-])c1ncccc1OCc1ccccc1Br,-2.1753058433532715
base,CCCCCCC1=CC2=CC(=O)[C@@](C)(OC(=O)CC)C(=O)C2=CN1CCCOC(C)C,-3.3868086338043213
base,CCC/[S+]=c1\nc2c(cnn2-c2ccc(F)cc2)c([O-])n1N,-1.4739243984222412
base,O=C1C(=O)N(Cc2cccnc2)[C@H](c2ccccn2)/C1=C(/O)c1ccc(F)cc1,-2.2538769245147705
base,CC(=O)c1cc(CC=C(C)C)c2c(c1)CC[C@@H](C)O2,-5.9427995681762695
base,CCN(CC)S(=O)(=O)C1=Cc2c(ccc3ccccc23)OC1(C)C,-3.131344795227051
base,Clc1ccc(CN2CCC(CC[CH-]CC3=[N+]=C=C/C=C\C=C=N3)CC2)c(Cl)c1,-2.2188470363616943
base,CN(C)S(=O)(=O)c1cccc(NC(=O)Cn2c(=O)oc3ccccc32)c1,-2.14487624168396
base,CCOc1ccc(S(=O)(=O)NCCC(=O)O)c2cccnc12,-2.3754727840423584
base,COc1cccc(OCCNC(=O)CCN2C(=O)COc3ccc(C)cc32)c1,-2.6161489486694336
base,O=c1c2ccccc2nc(NC(=S)Nc2ccc(Cl)cc2)n1Cc1ccncc1,-1.7496302127838135
base,CC(C)(CO)NC(=O)NC1(C/C=N/c2ccccc2)CCCCC1,-2.064993381500244
base,O=C(N/N=C/c1cccs1)c1cc2c(s1)-c1ccccc1CC2,-2.419826030731201
base,O=C(/C=C/c1ccco1)NC(=S)NNC(=O)COc1ccccc1,-2.064993381500244
base,S=C(NCCc1ccccc1)N/N=C/c1ccccc1Cl,-1.931758999824524
base,Nc1ccccc1Sc1ccc2ccccc2c1S(N)(=O)=O,-2.3754727840423584
base,[H]/N=C(\C)NCc1ccccc1,-1.6845905780792236
base,COc1ccc(Oc2ccc(OC)c(O)c2C)cc1,-5.9427995681762695
base,O=C(c1ccc(F)cc1)C1CCN(Cc2ccc3ccccc3c2)CC1,-3.2112276554107666
base,ClC[C@H](COc1ccccc1)Sc1ncn[nH]1,-1.7210086584091187
base,NS(=O)(=O)c1ccc(NC(=O)CCCCC(=O)Nc2ccccc2Br)cc1,-2.1825454235076904
base,COCC[C-]([O-])[N-]CC[C+]([O-])[C+]1[CH+][C+](Cl)[CH-][CH+][C-]1OC,-2.94943904876709
base,[O-][S@+](NCc1ccccc1)[C@]12C[C@H]3C[C@H](C[C@H](C3)C1)C2,-2.94943904876709
base,CC(=O)N/N=[C-]/C=C(/C(=O)Nc1c(F)cccc1F)N1CCOCC1.[H+],-1.8221569061279297
base,Cc1cccc(Oc2nc3ccccn3c(=O)c2/C=C(\C#N)C(=O)N[C@@H]2CCS(=O)(=O)C2)c1C,-2.12911319732666
base,S=C(NCCc1ccccc1)NC[C@@H]1CCCO1,-2.1753058433532715
base,Brc1cccc(CNc2ncn[nH]2)c1,-1.2439055442810059
base,NS(=O)(=O)c1ccc(NC(=S)NC2CCCCC2)cc1,-1.8830875158309937
base,C=CN(NC(=O)c1nnn(-c2nonc2N)c1-c1ccc(Cl)cc1)c1ccccc1,-1.3171905279159546
base,Cc1nc([N+](=O)[O-])cn1C[C@@H](O)c1ccc(Cl)cc1,-1.8319255113601685
base,[O-]N([O-])[C]1[CH][CH][C](N[C]([S])N[C+]2[CH][CH][C](F)[CH][CH]2)[C](N[C]([S])N[C]2[CH][CH][C](Br)[CH][C]2Cl)[CH]1,-1.8479089736938477
base,CCC(C)(C)NC(=O)[C@@H](c1ccc(OC)cc1)N(Cc1ccccc1)C(=O)CCC(=O)Nc1nccs1,-2.2135515213012695
base,O=S(=O)(N/N=C/c1ccc(OC(F)(F)F)cc1)c1ccccc1F,-2.4622952938079834
base,CCOC(=O)c1ccc(Nc2ccccc2)nn1,-1.7780040502548218
base,[CH2+]C/C=C\C=[C-]\C(=O)N[P@@](C)(=O)Oc1ccccc1,-2.8982770442962646
base,CCN(c1ccccc1)S(=O)(=O)c1cc2c(cc1C)N(C)CCO2,-2.4622952938079834
base,COc1ccccc1C(=O)OCCCCN1CCOCC1,-2.998110294342041
base,O=C1CC(c2ccccc2)CC(=O)C1=CNCCN1CCOCC1,-2.4622952938079834
base,O=C(NC1Cc2ccccc2C1)c1n[nH]c(=O)c2ccccc12,-2.022524118423462
base,O=P(=[OH+])CCc1ccccc1.[CH2-]CCC[P@@](=O)(O)CC[C@H]1C=[C-]CCC1.[H+],-6.2557501792907715
base,Cc1ccc(/C=C/c2onc(C)c2S(=O)(=O)N2CCC(C(=O)O)CC2)cc1,-2.5798470973968506
base,COc1cc(Br)ccc1[S@+]([O-])Cc1ccc(C(=O)O)o1,-5.993961334228516
base,O=C(Nc1ccc2ccccc2c1)Nc1ccc([N+](=O)[O-])c2ccccc12,-2.1825454235076904
base,N#CCCS(=O)(=O)c1ccc2c(c1)CCO2,-2.7269186973571777
base,Cn1nnnc1-c1cc(Cl)ccc1Br,-1.2439055442810059
base,[CH2+]C([CH2+])C([C+]1[N-][N-][N-]N1C1CCCC1)N([CH-][c+]1[cH+][c-]2[cH+][cH-][cH+][c-](C)[c+]2[nH][c-]1[O-])C[c+]1[cH-][cH+][cH-]o1,-1.7277717590332031
base,CNC(=O)/C(C#N)=C/c1c(N2CCN(c3ccccc3)CC2)nc2c(C)cccn2c1=O,-1.6672389507293701
base,COCCNC(=O)CN1CCN(c2ccccc2)CC1,-1.8830875158309937
base,F[C]1[CH][CH][CH][C](C[NH+][C]2[C][CH][CH][CH][CH][C]3[CH][CH][CH][CH][C]3[CH][C-][C]([N][N][CH][N+]3[CH][CH][CH][CH]3)[CH]2)[CH]1,-2.099304676055908
base,Cc1cccc([C@H](N(C)C)n2nnc(-c3ccc(Cl)cc3)n2)c1,-1.5182775259017944
base,S=C(Nc1ccccc1)N1CCN(C(=S)Nc2ccccc2)CC1,-1.7814180850982666
base,CCC[C][C+](CCC)C(N[C-]([O-])OC(C)(C)C)[C+]1[CH+][C-]2C34[C-]([N-][O-])C23C4[CH+]1.[H+],-2.5798470973968506
base,O=C(NN(C(=O)c1ccc(Oc2cccc3ccccc23)cc1)c1ccccc1)c1ccccc1Cl,-2.8670670986175537
base,CC1(C)NCCc2c1[nH]c1cc(-c3ccno3)ccc21,-1.8830875158309937
base,Fc1ccc([C@H]2c3[nH]c4ccccc4c3CCN2Cc2ccoc2)cc1,-2.54217791557312
base,CCOC(=O)C1CCN(c2ncnc3c2c(-c2ccccc2)cn3CC)CC1,-1.9352717399597168
base,S=c1nc(Cc2ccc(Cl)cc2)[nH]c2ccccc12,-2.229227304458618
base,S=C1SCN(Cc2ccccc2Cl)CN1Cc1ccccc1,-2.3754727840423584
base,Nn1c(CO/[P+]([O-])=[NH+]\CCBr)cnc1N([O-])[O-].[H+],-1.2167619466781616
base,COc1cc(NS(=O)(=O)c2cccc(F)c2)cc(OC)c1,-2.998110294342041
base,COc1ccc(CN2CCC(n3nccc3NC(=O)C3CCCC3)CC2)cc1,-1.9352717399597168
base,N[S@@](#[O+])([O-])c1ccc(NC(=O)C2=CCC[C@H](/[NH+]=C([O-])/C=c3\[c-]c(-c4ccccc4)[o+]c4c3=[N+]=CC=C4)[CH-]2)cc1,-2.2661259174346924
base,Nn1c(O)c(C(=O)CCc2ccccc2)c(=O)n(CCC2=CCCCC2)c1=O,-2.2188470363616943
base,Cc1cc(C)cc(NC(=O)Nc2ccc3nsnc3c2)c1,-1.6481837034225464
base,O=S(=O)(c1ccc(Cl)cc1Cl)c1c(CCl)nn(C2CCCCC2)c1Cl,-2.5030341148376465
base,O=C(Cc1ccccc1)NCC(=O)N[C@H](Cc1ccccc1)C(=O)O,-2.5030341148376465
base,COc1ccc(NC(=O)N(Cc2ccco2)[C@@H](C)c2cccs2)cc1OC,-2.5798470973968506
base,CC(=O)NCCn1cnc2c([nH]c3ccccc32)c1=O,-1.5995122194290161
base,[O-][C][CH+][CH+][N-][N-][C+]([CH+][C]N[C][S-])[CH+][CH+][C][CH+]C[c+]1[cH-][cH+][cH-][cH+][cH-]1,-2.022524118423462
base,COc1ccc([C@H](Cc2nc3ccccc3[nH]c2=O)c2c(C)n(C)n(-c3ccc4ccccc4c3)c2=O)cc1O,-2.291411876678467
base,CN[C@@H]1[C@@H](O)[C@H](O[C@@H]2O[C@H](C)[C@@H](O)[C@@H](O)[C@@H]2O)C[C@H](NC)[C@H]1O,-2.419826030731201
base,CCC/C(C)=N/NC(=O)c1sc(C)nc1C,-1.660567283630371
base,N#C[C@@H](c1ccnc(OCc2ccc(F)c(F)c2)n1)c1nc2ccccc2s1,-1.9352717399597168
base,COc1cccc(C(=O)N(Cc2cccnc2)Cc2ccco2)c1OC,-2.54217791557312
base,C=C1C=CC(F)=C[CH-]1.COP(#[O+])c1cccc([N+](=O)[O-])c1,-2.998110294342041
base,Nc1cccc2c1C(=O)N(N)C2=O,-1.4536465406417847
base,O=c1ccoc(CN2CCN(C3CCCCC3)CC2)c1O,-2.3290607929229736
base,CC(C)([CH+][C+]([NH-])[O-])OCCN(CCOCCOC(CO)OCCS)C[C-]([O-])N1CCCC1,-2.3521556854248047
base,Nc1ccc(-c2nc3ccc(N)cc3[nH]2)cc1,-1.4374333620071411
base,Fc1ccc([C@]23C[C@]4(C2)[C@H](CN(Cc2cccnc2)[C@@H]4c2ccccc2)[C@H]3c2ccc(Cl)nc2)cc1,-2.4697651863098145
base,F[c-]1[cH+][n-][c+]([N-][N-][CH+][c+]2[cH-][cH+][cH-][cH+][cH-]2)[cH+][cH-]1,-1.660567283630371
base,O=C1/C(=C/c2cccs2)SC(=S)N1CCCO,-2.7873599529266357
base,O=C(/C=C/c1cccc([N+](=O)[O-])c1)Nc1ccc(Cl)c(NC(=O)c2ccco2)c1,-2.2538769245147705
base,O=[N+]([O-])c1ccc(OCc2ccccn2)cn1,-1.7210086584091187
base,O=C(NNS(=O)(=O)c1ccc(Cl)cc1)c1n[nH]c(C2CCCCC2)n1,-1.6014856100082397
base,NNC(=O)c1cn2ccccc2n1,-1.1700712442398071
base,O=[S@@]12=[O+][C@H]3CCCC[C@@H]3C(=[N+]1c1ccccc1)C[CH-]O2.[C-](/C=N/c1ccccc1)=[N+]1CCOCC1.[H+].[O-2],-2.4697651863098145
base,Cc1nc2ccccn2c1C(=O)NNC(=S)Nc1ccc(F)cc1,-1.5607467889785767
base,Cn1c(SCC(=O)Nc2ccnn2C2CCCCC2)nnc1-c1cccs1,-1.4976286888122559
base,C[C@H]1CN(C(=O)/C=C/c2ccco2)C[C@H](C)O1,-2.7873599529266357
base,COc1ccccc1CN1CCNC(=O)[C@H]1CC(=O)NCC(=O)c1ccc2ccccc2c1,-2.3828799724578857
base,O=C(C/[S+]=c1\nc2ccccc2c([O-])n1Cc1ccco1)c1cc2ccccc2oc1=O,-2.749457359313965
base,COc1ccc(OC)c2ncc(-c3nc(CCC(=O)O)c(C)o3)cc12,-2.5030341148376465
base,NNC(=O)C(=O)NCCc1ccccn1,-1.312661051750183
base,CC(C)N(Cc1ccccc1)C(=S)NC(=O)c1ccccc1Br,-2.419826030731201
base,Brc1ccc([C@H](Cc2nc3ccccc3[nH]2)Oc2cccc(Br)c2)cc1,-2.54217791557312
base,Cn1nc(C(F)(F)F)c(C#N)c1N1CCN(c2ccc(F)cc2)CC1,-1.6014856100082397
base,Cc1cccc(-c2nc3nc(C)cc(C)n3n2)c1,-1.4944287538528442
base,O=C(C[C@@H]1C(=O)NCCN1C(=O)Nc1ccc(F)cc1)NC[C@@H]1CCCO1,-1.898970127105713
base,CN(CC(=O)NCCc1ccccc1)S(=O)(=O)c1ccc2c(c1)c(=O)n(C)c(=O)n2C,-2.036881923675537
base,C[O+](N)[C-]([O-])CN,-1.2351877689361572
base,Nc1ccccc1SCC(=O)Nc1ccccc1,-2.1753058433532715
base,Cc1nc2c(C)cccn2c1/C(O)=C1\C(=O)C(=O)N(CCN(C)C)[C@@H]1c1ccco1,-2.004145860671997
base,O[C@@](CN1CCCCC1)(c1ccccc1)c1ccccn1,-2.3290607929229736
base,COc1ccc([C@@H]2[C@H]3C(=O)N(C(C)C)C(=O)[C@H]3ON2c2ccccc2)c(OC)c1OC,-2.717759132385254
base,Cc1cc(O[C@H](C)C(=O)NNC(=O)NC2CC2)cc(C)c1Cl,-1.9781709909439087
base,COc1ccccc1N1CN(Cc2ccccc2)CNC1=S,-1.9781709909439087
base,CC(C)N(C(=O)Cn1nnc(-c2ccccc2)n1)C(C)C,-1.427512288093567
base,CCCCn1nnnc1SCC(=O)Nc1nc2ccccc2n1CC(N)=O,-1.21201491355896
base,CCO[C-]([O-])[C+]1[CH+][C][C+]([C+]2[CH+][CH-][CH+][N-][CH+]2)N1C[C-]([O-])OC(C)(C)C,-2.4622952938079834
base,ClCCNc1nc(-c2ccccc2)c(-c2ccccc2)[nH]1,-1.931758999824524
base,O=C1N[C@@H](O)CCN1c1ccccc1,-1.924782633781433
base,O=C(NC(=S)NN1CCOCC1)c1cccc(N2C(=O)CCC2=O)c1,-1.8221569061279297
base,CC(=O)c1ccc(Sc2cnc3ccccc3n2)cc1,-2.2803893089294434
base,CCCC[C@H]1CC[C@H](c2nc3ccccc3[nH]2)CC1,-2.229227304458618
base,Oc1cccc(Nc2ccncc2C(F)(F)F)c1,-2.1753058433532715
base,S=C(c1ccc(N2CCCC2)cc1)N1CCOCC1,-2.229227304458618
base,CSCCCNC(=O)c1ccc(OC2CCN(S(=O)(=O)N(C)C)CC2)cc1,-2.1825454235076904
base,O=S(=O)(Nc1cccc(F)c1)c1ccc2nsnc2c1,-1.8830875158309937
base,COc1ccc(CCN2C(=O)c3ccccc3[S+]=c3cc/c(=C(\[O-])NCc4ccccn4)cc32)cc1OC,-2.523759603500366
base,O=C(NOC(=O)N1CCOCC1)c1ccccc1,-2.1753058433532715
base,O=C(C1=C[C@@H](c2c[nH]c3ccccc23)C[C@@H](OCCCc2ccccn2)O1)N1CCOCC1,-2.3828799724578857
base,O=C(CN1CCOCC1)c1ccc2cc[nH]c2c1,-2.1753058433532715
base,CC[C@H](Sc1ncc(-c2nn(C)c(=O)c3ccccc23)c(N)n1)C(=O)N1CCCC1,-1.60280442237854
base,O=S(=O)(O)CCO,-4.948760032653809
base,NC(=O)CSc1nnnn1-c1ccc(F)c(Cl)c1,-1.2737574577331543
base,CC(=O)c1sc(C(C)(C)C)cc1-n1cccc1,-2.7873599529266357
base,O=C(NNc1c(Cl)cc(Cl)cc1Cl)c1nn(-c2ccccc2)c(=O)c2ccccc12,-2.004145860671997
base,S=c1[nH]nc(-c2cccs2)n1/N=C/c1cccs1,-1.4944287538528442
base,Nc1cc(=O)[nH]c(SCC(=O)Nc2ccc(Cl)cc2)n1,-1.5995122194290161
base,Clc1ccc(SCc2nc(-c3ccccc3)no2)cc1,-2.2803893089294434
base,Brc1ccc2nc(-c3cc(-c4ccccc4)n[nH]3)cn2c1,-1.6481837034225464
base,O=c1c2ccccc2c(-c2ccc(Br)cc2)nn1C[C@@H](O)[C@@H](O)[C@@H](O)CCO,-2.6161489486694336
base,COCCOC(=O)c1cc(Oc2ccccc2)c(=O)[nH]c1N,-2.3754727840423584
base,O=C(CCCCCCC(=O)NCc1ccccc1)NCc1ccccc1,-2.54217791557312
base,Cc1ccc(S[C@@H](C)C(=O)N(C)CCc2ccc(Oc3ccccc3)cc2C#N)cc1,-2.717759132385254
base,C/C(CC(=O)Nc1cc(Cl)c(Cl)cc1Cl)=N\NC(=O)c1cc[n+]([O-])cc1,-1.8613009452819824
base,O=S(=O)(NCc1csc(-c2cccs2)n1)c1ccc2c(c1)OCCO2,-2.5030341148376465
base,N[P+]([O-])([N-]OCCCN[c+]1[cH-][cH+][cH-][cH+][n-]1)N[C+]([O-])[c+]1[cH+][n-][cH-][cH+][cH-]1,-1.3800767660140991
base,COc1cc(S(=O)(=O)N2CCCCC2)c(OC)cc1Cl,-2.94943904876709
base,CCCC(O)(CCC)C(=O)NNC(=O)c1ccc(C)cc1,-2.3290607929229736
base,CN1CCN(c2ccc(S(=O)(=O)Cc3ccc(Cl)cc3)cc2)CC1,-2.4622952938079834
base,CC(=O)c1ccc(N2CCOCC2)cc1Oc1cccc2ccccc12,-3.2112276554107666
base,CC[C@@H](C)Oc1cc(CNC(=O)c2cnccn2)cc(C)n1,-1.6945956945419312
base,N#C/C(=C(/O)c1ccccc1F)c1ccccn1,-2.1753058433532715
base,CCOCCn1c(N2CCN(c3ccc(OC)cc3)CC2)nc2c1c(=O)[nH]c(=O)n2C,-1.63554048538208
base,CCNC(=O)NC(=O)[C@@H](C)Sc1nc2ccccc2n1CC(C)C,-1.7814180850982666
base,[O][C](N[C]([S])N[C]1[CH][C](N([O-])[O-])[CH][C]2[CH][C](O)[CH][CH][C]21)[C+]1[CH][CH][CH]S1,-2.1057322025299072
base,COc1cc(OC)cc(N(Cc2cccc3cnccc23)C(=O)c2cccs2)c1,-2.6511785984039307
base,CCOc1ccc(N(C)S(=O)(=O)c2cccnc2)cc1,-2.2803893089294434
base,O=[N+]([O-])c1ccc(C(=S)N2CCN(C(c3ccccc3)c3ccccc3)CC2)cc1,-2.2877211570739746
base,O=[N+]([O-])c1ccccc1NC1CCCCC1,-2.0578689575195312
base,O=C(O)c1ccc(CSc2nnnn2C2CCCCC2)cc1,-1.6945956945419312
base,O=C(Nc1ccc2c(c1)OCO2)Nc1ccc2c(c1)nc1n2CCSC1,-1.8613009452819824
base,S=C(Nc1ccc(Cl)cc1Cl)Nc1ccccc1Oc1ccccc1,-2.5030341148376465
base,N#CCCCN1CCN(C(=S)c2cccs2)CC1,-1.7780040502548218
base,S=C(NCCN1CCCCC1)NCc1ccccc1,-1.8319255113601685
base,Cn1c(O)c(/C=N/Nc2ccccc2)c(=O)[nH]c1=O,-1.548350214958191
base,[H]/N=C1/C(c2nc(-c3cccs3)cn2[O-])=CC=C(Br)/C1=[O+]/[H],-1.8830875158309937
base,Cc1ccc(S(=O)(=O)NCCNC(=O)c2ccc(C)nc2)cc1,-2.022524118423462
base,CCOc1ccccc1NC(=O)Nc1ccon1,-1.7780040502548218
base,CCC(=O)NC1=C/C(=C(\N)[O-])C(CN2CCCC2=O)=[S+]1,-1.8830875158309937
base,COc1ccccc1C(=O)[C@H]1CCCN(C(=O)c2nc3ccc(Cl)cn3c2-c2nc3cc(Cl)ccc3o2)C1,-2.2401843070983887
base,NC(=O)C1(N2CCCCC2)CCN(C(=O)NC2CCCCC2)CC1,-1.7814180850982666
base,NS(=O)(=O)c1ccc(CC(=O)Nc2cccc(Cl)c2)cc1,-2.3290607929229736
base,C/N=C1/C=NNC(=O)C1,-1.087623119354248
base,C=[N+](C)C.[O-]P(N1CCOCC1)N1CCOCC1,-1.7780040502548218
base,Brc1cnc(NCc2ccccc2)c(Br)c1,-2.0578689575195312
base,CC(=O)N[C@H](Cc1c[nH]c2ccccc12)C(=O)O,-2.1753058433532715
base,Fc1ccc(CNC(=S)Nc2ccccc2C(F)(F)F)cc1,-2.3754727840423584
base,COc1ccc(/C=C/C(=O)N2C[C@H](C)C[C@H](C)C2)c(OC)c1OC,-3.131344795227051
base,Nc1ccc([C@H](C[N+](=O)[O-])c2ccc(Br)cc2)cc1O,-2.2803893089294434
base,O=C1CCC(=O)N1CCCN(c1ccccc1)S(=O)(=O)c1ccc(Cl)s1,-2.54217791557312
base,Cc1c(C(=O)Nc2ccc3oc(-c4cc(F)c(F)cc4Cl)nc3c2)sc(N)c1C#N,-2.004145860671997
base,O=[N+]([O-])Nc1nc(-c2cccc(Cl)c2)n(-c2ccccc2)n1,-1.4739243984222412
base,COc1ccc2c(c1OC)[C@H]([C@H]1c3c(cc4c(c3OC)OCO4)CCN1C)OC2=O,-3.3540725708007812
base,CCN(C)C(=O)Oc1ccc(NC=O)cc1,-2.0578689575195312
base,COc1ccc(-c2[nH]ncc2CN(C)CCn2c3ccccc3c3ccccc32)cc1F,-2.068580389022827
base,C=[O+]/[C-]=C(C)/[C-]=C/c1c(O)ncc(C)c1[O-].[H+].[H+],-2.7269186973571777
base,N#Cc1c(-c2ccccc2)n(-c2ccccc2)c(=S)n(-c2ccccn2)c1=O,-1.9352717399597168
base,COc1ccc(C(C)=O)cc1OCC(=O)N1CCOCC1,-2.998110294342041
base,Clc1ccc(OCCCCSCC[C@H]2NCCc3ccccc32)cc1,-3.172083616256714
base,O=[N+]([O-])c1cc(S(=O)(=O)N2CCOCC2)ccc1NCCCN1CCN(S(=O)(=O)c2ccccc2F)CC1,-2.019512891769409
base,CCCCC(C(=O)OCC)(C(=O)OCC)C(=O)OCC,-5.993961334228516
base,O=C1C(=O)N(CCCn2ccnc2)[C@@H](c2ccnc3cc(C4CCCCC4)nn23)/C1=C(/O)c1ccc(O)cc1,-1.864784598350525
base,[CH2+]CCCC[CH-]C[C+]1[C]S[C+](N)[C+]1[C-](N)[O-],-2.0578689575195312
base,Cn1c2ccccc2n2c(=O)c(=O)n(Cc3ccc(F)cc3)nc12,-1.7814180850982666
base,CO[C]([O])C[N][CH][C]1[N]N([C]2[CH][CH][C](Cl)[C](N([O-])[O-])[CH]2)[C+]([O])N1O,-1.5607467889785767
base,O=C(CCOc1ccccc1)Nc1ccc(S(=O)(=O)N2CCCC2)cc1,-2.54217791557312
base,COc1ccc(NC(=O)c2ccc(F)c(S(=O)(=O)N3CCCCC3)c2)c(OC)c1OC,-2.717759132385254
base,COc1ccc(Br)cc1C(=O)Nc1cc(C)cc(Sc2cccs2)c1C,-3.2112276554107666
base,[O-][C+](O)CN1[c-]2[n-][cH+][cH+][n-][c+]2[N-]C1[c+]1[cH-][cH+][c-]2[cH+][cH-][cH+][cH-][c+]2[cH-]1,-1.738948941230774
base,C[C@H]1O[C@@H](Nc2ccc3c(c2)OCCO3)[C@@H](O)[C@@H](O)[C@@H]1O,-2.998110294342041
base,COCC(=O)N1CCN(c2ccc(OC)cc2)CC1,-2.229227304458618
base,O=C(Nc1ccccc1)NC1(C(=O)NCc2ccccc2)CCCCC1,-2.14487624168396
base,COc1cc2cccnc2cc1OC,-2.59383225440979
base,Cc1cccc(C(=O)NS(=O)(=O)c2ccccc2)c1,-2.8982770442962646
base,O=C(Nc1ccc2c(OCc3nnc(-c4ccccc4)o3)ccnc2c1)c1cccs1,-2.036881923675537
base,COc1cccc(OCCOCCN(C)CCO)c1,-2.8982770442962646
base,CC(=O)/[C-]=C(\C)[NH+]=C=C/C=C1\N(C#[O+])OC2=C3C=CC=C[C-]3C=CN21,-2.1057322025299072
base,COc1ccccc1C(=O)NCc1ccco1,-2.7873599529266357
base,COCCn1c(=O)[nH]c2cc(C(=O)OC)ccc2c1=O,-2.2803893089294434
base,COc1cc([N+](=O)[O-])ccc1NC(=O)[C@@H]1[C@@H](C(=O)O)[C@@H]2C=C[C@H]1O2,-2.4622952938079834
base,O=S(=O)=[N+](Cc1c(OCc2ccccc2)ccc2ccccc12)[C@@](/C=C/c1ccccc1)(CO)[C-]([O-])NCc1ccccc1.[H+],-3.0674855709075928
base,O=C(N1CCCC1)N1CCN(S(=O)(=O)c2ccc(F)cc2)CC1,-2.022524118423462
base,O=c1[nH]nc(Cc2ccccc2)n1-c1ccc(OC(F)F)cc1,-2.022524118423462
base,CO[C@H]1O[C@@H](C(=O)O)[C@@H](O)[C@@H](O)[C@H]1O,-5.638354778289795
base,CC(=O)/C(=N\Nc1ccc(C(C)=O)cc1)Sc1nnc(-c2ccc(O)cc2)n1C,-1.7496302127838135
base,COc1ccc(Cl)cc1NS(=O)(=O)c1ccc(Cl)cc1Cl,-2.998110294342041
base,C[C@@H]1CCCC[C@H]1NC(=O)[C@@H](C)OC(=O)c1nsc(Cl)c1Cl,-2.3754727840423584
base,COCCN[C]([O])[C][C](N)[NH+][N][CH][C]1[CH][CH][CH][CH][N]1,-1.3276787996292114
base,C[C@@H]1CCC[C@H](C)N1C/C=N/Cc1ccc2c(c1)OCO2,-2.3290607929229736
base,O=C(NCc1ccccn1)C1CC1,-1.8509483337402344
base,COCCCNC(=O)[C@@H]1OC(=O)c2ccccc21,-2.844355583190918
base,O=C(N/N=C/c1ccncc1)N[C@]12C[C@H]3C[C@H](C[C@H](C3)C1)C2,-1.6945956945419312
base,CC/N=C1\S[C@@H](CC(=O)O)C(=O)N1Cc1cccs1,-2.229227304458618
base,Cc1nn(Cc2ccccc2)c(C)c1S(=O)(=O)N1CCN(C)CC1,-1.7814180850982666
base,COc1cc2nccc(-c3ccc(C)cc3)c2cc1OC,-2.998110294342041
base,CCOc1ccccc1NC(=O)CC(C)C,-2.7269186973571777
base,COCCCN(c1ccccc1)c1nc(=S)[nH]c2cc(OC)c(OC)cc12,-2.1825454235076904
base,CCOC(=O)c1c(S(=O)(=O)N(C)CC(=O)OC)c(C)n(C)c1C,-2.419826030731201
base,S=c1[nH]nc(CN2CCCCC2)n1-c1ccc(Cl)cc1,-1.5995122194290161
base,Cc1nnc(SCc2cccc(Oc3ccccc3)c2)s1,-2.3290607929229736
base,[H+].[S-][C+]([N-][N-][C][c+]1[cH-][cH+][cH-][cH+][c-]1Br)NC1CCCCC1,-1.8319255113601685
base,NC(=O)Nc1ccc(S(=O)(=O)N2CCCCC2)cc1,-1.8319255113601685
base,NS(=O)(=O)c1ccc(NS(=O)(=O)c2cccc(C(=O)O)c2)cc1,-2.419826030731201
base,CC(=O)c1c(CCc2ccccc2)oc2ccc(O)c(CN(C)C)c12,-3.172083616256714
base,COc1ccc(S(=O)(=O)N(CC(=O)NCc2ccc3c(c2)OCO3)c2ccccc2OC)cc1,-2.809990167617798
base,O=C(Nc1c(-c2cccnc2)nc2ccccn12)c1cccs1,-1.738948941230774
base,CN(C)c1ccc(CN2CCC(Oc3ccc4ccccc4c3)CC2)cc1,-2.5798470973968506
base,O=C(CCS(=O)(=O)c1cc(Cl)ccc1Cl)NC1CC1,-2.8982770442962646
base,NOCc1nc2ccccc2n1Cc1ccccc1,-1.8319255113601685
base,CCOC(=O)c1cn[nH]c1-c1cccc2ccc(F)cc12,-2.3290607929229736
base,S=C(NCCOc1ccccc1)N1CCOCC1,-2.1753058433532715
base,Cn1cc(S(=O)(=O)N2CCN(c3ccccc3)CC2)c(=O)n(C)c1=O,-1.8221569061279297
base,[CH2+][c-]1[cH+][cH-][cH+][cH-][cH+]1.[H+].[H+].[O-][P+](O)(O)[C-]([CH+][PH-])[c-]1[n-][c+]2[cH+][cH-][cH+][cH-][c+]2s1,-3.0888755321502686
base,Nn1cnc2cc(NC(=O)CSc3ncn[nH]3)ccc2c1=O,-1.1402850151062012
base,FCOCCCNc1nc(C(F)(F)F)nc2ccccc12,-1.931758999824524
base,CCCn1c(/C=C/N2CCC(C(=O)N3CCN(c4ccccc4F)CC3)CC2)nc2ccccc21,-1.9373873472213745
base,CC[C@@H]1CCCCN1S(=O)(=O)c1ccc2ccccc2c1,-2.998110294342041
base,Nc1ccc(S(=O)(=O)N2CCOCC2)cc1Cl,-2.1183104515075684
base,C/C(CCCO)=N\NC(=O)C1CC1,-1.8509483337402344
base,O=C(O)c1cnc(SC2(c3ccc4ccccc4c3)CCCCC2)nc1,-2.54217791557312
base,COc1ccc2cc(/C=N/OCC(=O)Nc3ccccc3C(F)(F)F)c(=O)[nH]c2c1,-2.2877211570739746
base,CCCN1CCN(C(=S)Nc2cccc(OC)c2)CC1,-1.8830875158309937
base,CCOC(=O)N1CCN(C(=O)C/[S+]=c2\nc3c(c([O-])n2-c2ccccc2)SCC3)CC1,-2.036881923675537
base,Cc1cc(C)c([N+](=O)[O-])cc1C(=O)Cc1ccccc1,-2.94943904876709
base,CC(F)OC1CC[C-]([S-])[N-]C1(OC1CCCC[C+]1[O-])[C+]([NH-])O.[H+].[H+],-2.3754727840423584
base,COc1ccc(-c2c(O)n(C)c3ccccc3c2=O)cc1,-2.998110294342041
base,CCOc1ccccc1OCCSc1nc(C)c(C)c(C)n1,-2.3754727840423584
base,CCCN1CCC(NCCCN(C)C)CC1,-1.660567283630371
base,CCCNS(=O)(=O)c1cc(OC)ccc1OC,-2.7873599529266357
base,[C-4].[CH-][CH][CH+][CH2].[CH-][O+][C](NC([CH2+])(C)CC[CH-]CC[C]([O])N(C)C)[C]1[N+][N+][C]2CCCC[C]21.[H+],-2.036881923675537
base,[H+].[H]/N=c1/[n-]nc2n1C(=O)CCC2,-1.0037134885787964
base,CN(C)C(/C=C/Nc1ccc(O)cc1)=C(C#N)C#N,-1.548350214958191
base,S=c1[nH]nc(-c2cccs2)n1/N=C/c1ccccc1Cl,-1.5995122194290161
base,NNc1nc(Cl)ccc1-c1cc(C(F)(F)F)on1,-1.4944287538528442
base,O/N=C(\c1cccc(Cl)c1Cl)[C@@H]1C[C@H]1c1ccccc1,-2.94943904876709
base,COc1ccc(-c2nnco2)cc1COc1ccccc1,-2.3290607929229736
base,OCc1cnn(Cc2ccccc2)c1Cl,-1.9935381412506104
base,CN(C)[C]1[CH][CH][CH][C](O[N][CH+]C2CCCC(C[CH][CH][C]3[CH][CH][CH][CH][CH]3)C2)[C]1N([O-])[O-],-2.2877211570739746
base,Brc1ccc(N/N=c2/[n-]c(COc3ccccc3)cs2)cc1.[H+],-1.9781709909439087
base,CCN1C(=O)/C(=C\N2CCN(Cc3ccccc3)CC2)SC1=S,-2.022524118423462
base,CC(C)(C)c1cc([C@H]2[N-]C=C[C@@]2(CCC(=O)O)C(=O)O)ccc1O.[H+],-3.131344795227051
base,O=S(=O)(c1ccccc1)c1nc(-c2ccco2)oc1NCCc1ccccn1,-2.2188470363616943
base,CN[C-]([S-])[C+]([c+]1[cH-][cH+][cH-][cH+][cH-]1)N1CCN(C)CC1,-1.7780040502548218
base,CCNS(=O)(=O)c1ccc(CCC(=O)O)cc1,-2.7873599529266357
base,CCOc1ncccc1C(=O)N[C@H](C(=O)OC)C(=O)N1CCCC1,-2.064993381500244
base,COCCN(C(=O)CSc1nccn1C)c1ccc(C)cc1,-1.9781709909439087
base,N#C[C@H](C(=O)OC1CCCCC1)c1nc2ccccc2nc1NCc1ccc(C(F)(F)F)nc1,-1.9084417819976807
base,COC[C@H](c1ccccc1)[C@H]1CC(=O)N(Cc2ccco2)C1=O,-3.0888755321502686
base,CC(=O)Nc1noc2cc(Br)ccc12,-1.924782633781433
base,[N-2][C][C+](C[S+2]([O-])([O-])[C+]1[CH+][CH-][CH+][CH-][CH+]1)[S+2]([O-])([O-])[c-]1[cH+][cH-][cH+][cH-][cH+]1,-3.044522523880005
base,O=C(NC[C@@H](O)CO)c1cn(Cc2ccccc2)c(C2CCCCC2)n1,-2.14487624168396
base,Nc1c(-c2ccccc2)ncn1-c1nc(Cl)ccc1Cl,-1.5995122194290161
base,[CH2+][C-](C)[N-]N[C+]([O-])CC[C+]([O-])N(C[C-]([O-])NCC1CCCO1)[C+]1[CH+][CH-][C+](Cl)[C-](Cl)[CH+]1,-2.004145860671997
base,C[C@H](CN1CCCC1)OC(=O)C1CCCCC1,-2.7873599529266357
base,[H+].[H]/N=C1C(=[C-]/c2ccc(SC)cc2)/CNc2ncnn2/1,-1.3276787996292114
base,Cn1nnnc1SCC(=O)N1CCCC1,-1.0919897556304932
base,S=C(c1ccccc1)N1CCN(c2ccccc2)CC1,-2.2803893089294434
base,COc1ccc(C(=O)NNC(=S)NC(=O)c2ccc(Cl)cc2)cc1Br,-2.1057322025299072
base,O=S1(=O)CC[C@H](N(Cc2ccccc2)S(=O)(=O)c2c(Cl)cccc2Cl)C1,-3.2112276554107666
base,Cn1c2c(c(=O)[nH]c1=O)[C@H](NS(=O)(=O)c1ccccc1)C(=O)N2,-1.738948941230774
base,COc1ccc(OCc2nnc(SCC(=O)NC3CCCCC3)n2-c2ccc(F)cc2)cc1,-2.099304676055908
base,C[C@H](Nc1nc(-c2c[nH]c3ccccc23)cs1)c1ccccc1,-2.022524118423462
base,Cc1cc(-c2ccccn2)ccc1NC(=O)COc1ccccc1C,-2.5030341148376465
base,Cc1ccccc1C(=O)NCCNC(=O)c1ccccc1C,-2.3754727840423584
base,NC(=O)c1cc(S(N)(=O)=O)ccc1OCCC[C@@H](C(=O)O)c1ccc(C#CC2(O)CCCCC2)cc1,-2.8670670986175537
base,O=c1cc(-c2ccccc2)n(Cc2cccc(Cl)c2)[nH]1,-2.2803893089294434
base,O/N=C1/CC[C@@H]([C@@H]2C=CCCC2)C1,-2.519998073577881
base,CCOc1ccc(OCC)c(S(=O)(=O)NCCN2CCOCC2)c1,-2.4622952938079834
base,CCC/[S+]=c1/nc2c(cnn2-c2ccccc2)c([O-])[nH]1,-1.5995122194290161
base,NCc1cccc(OCc2ccc(Cl)cc2)c1,-2.7873599529266357
base,C[C@@H](OC(=O)Cc1cccc(C(F)(F)F)c1)C(=O)Nc1ccc(Cl)cn1,-2.54217791557312
base,[H]/N=c1\c(=C\c2ccc(OS(=O)(=O)c3ccc(C)cc3)c(OC)c2)c([O-])nc2[s+]nc(S(C)(=O)=O)n12,-2.1580586433410645
base,O=S(=O)(c1ccc(-c2c[nH]c3ccccc23)cc1)N1CCN=C1SCc1cccnc1,-2.036881923675537
base,O=C(/C=C/c1ccc(O)cc1)c1coc2ccccc12,-5.993961334228516
base,Clc1ccc(Br)cc1CNn1cnnc1,-1.312661051750183
base,CC(=O)COC(=O)c1c(Oc2[c-]cccc2C)ccnc1C.[H+],-3.044522523880005
base,CCOC(=O)[C@@](NC(=O)c1c(F)cccc1Cl)(NC1=N/C(=C2/C=C([O-])Oc3ccccc32)C=[S+]1)C(F)(F)F,-2.523759603500366
base,CCn1c(SCC(=O)Nc2ccc(NC(=O)c3ccccc3)cc2F)nnc1[C@@H](CCCl)N(C)C,-1.756717324256897
base,OCC[C@H]1CN(Cc2cc(Br)ccc2O)CCN1CCc1ccccc1,-2.54217791557312
base,C/C=C/N(CCCC)c1cc(S(=O)(=O)Nc2ccccc2OC)ccc1NC(=O)c1ccc(C)o1,-2.441633939743042
base,COc1cc(/C=C/c2ccc3ccccc3n2)cc(Br)c1O,-3.044522523880005
base,CCC(=O)O[C@@H]1C[C@H](C)ON(C(=O)C2CCN(c3ccc(OC)cc3)CC2)C1,-2.6161489486694336
base,Brc1ccc(CNc2nc(-c3cccc(Br)c3)cs2)cc1,-2.3290607929229736
base,CC(=O)N1CCc2cc(S(=O)(=O)N[C@@H](Cc3ccccc3)C(=O)Nc3cc(C)ccn3)ccc21,-2.12911319732666
base,COc1ccc(C(=O)NN(C)C(=S)Nc2ccc3ccccc3c2)cc1,-2.14487624168396
base,C=CCn1c(-c2csc3ccccc23)n[nH]c1=S,-1.7780040502548218
base,CCCCNCc1ccc(OCC(N)=O)c(Cl)c1,-2.1753058433532715
base,C[C@@H]1CN(CCOc2ccc([N+](=O)[O-])cc2)C[C@H](C)O1,-2.2803893089294434
base,C[S+]=[S@](=O)([O-])c1cccc2cccnc12,-2.662587881088257
base,O=C(NC1CCCCCCC1)c1ccc(Cl)c(S(=O)(=O)N2CCCC2)c1,-2.54217791557312
base,CCN1C=CC([C@H](c2ccccc2F)c2c(O)nc(SC)n(-c3ccccc3C)c2=O)=C(C)C1,-2.4126884937286377
base,CCO/[C-]=C(/C=C\C#[O+])\C=C\C1=CC2=C(Cl)C(=O)[C@](C)(OC(C)=O)C(=O)C2=CO1,-6.364750862121582
base,CCC(=O)N1CCCc2cc(S(=O)(=O)N3CCCCC3)ccc21,-2.419826030731201
base,O=C(c1ccco1)N1CCN(c2ncccn2)CC1,-1.548350214958191
base,COc1ccc(Oc2cccc(C)c2C)nc1Cl,-2.844355583190918
base,CC[C@](O)(Cc1ccccc1)c1ccc(Oc2ccc(C#N)cc2)cc1,-3.2112276554107666
base,CCCn1nnc(NC(=O)c2cccs2)n1,-1.156320571899414
base,NC(=O)[C@H]1CCCN1c1ccc(N)cc1Cl,-1.660567283630371
base,O=C(N[C@@H]1CCCc2c1cnn2-c1ccc(F)cc1F)c1ccco1,-2.1057322025299072
base,CC(C)C(=O)Nc1cccc(NC(=O)c2cccs2)c1,-2.2803893089294434
base,CCOC(=O)c1[c-]nc(SC)nc1Oc1cccc(NS(=O)(=O)c2ccccc2)c1.[H+],-2.2877211570739746
base,[NH-]n1[c+](O)[n-][n-][c+](C[C+]([O-])O)[c+]1[O-],-1.1700712442398071
base,Cc1cc(C)n(C(=O)c2nn3cc(Br)cnc3c2Br)n1,-1.3788409233093262
base,O=C(NCc1ccc(Cl)cc1)NCc1ccc(F)c(F)c1,-2.3290607929229736
base,CN(C)S(=O)(=O)c1ccc(C(=O)N(Cc2ccccc2)Cc2cccs2)cc1,-2.6161489486694336
base,O=c1oc2ccccc2cc1CNc1ccccc1SCc1cnc(Cl)s1,-2.5798470973968506
base,O=S(=O)(N/C(=N\Cc1ccco1)c1ccccc1)c1ccccc1,-2.4622952938079834
base,Brc1ccc(-c2ccc(CNCc3ccccn3)o2)cc1,-2.3290607929229736
base,CCn1c2ccccc2c2cnn(CC(=O)N3CCCC[C@H]3C)c(=O)c21,-1.8613009452819824
base,Clc1nnc(Oc2ccccc2)c2ccccc12,-2.1753058433532715
base,O=C(Cn1nnc2ccccc2c1=O)Nc1ccccc1-c1ccccc1,-1.898970127105713
base,COc1ccc(N(CC(=O)NC2CCCC2)C(=O)C2=C(N)/C(=C(/N)[O-])N=[S+]2)cc1OC,-1.8162105083465576
base,C[C]1[CH][CH][C](S([O])([O])N2CC[C]3[CH][C](S([O])([O])NCC[C]OC4CCCCC4)[CH][CH][C]32)[CH][C]1C.[H+],-2.809990167617798
base,COCOC(=O)/C=C/c1cccc2ccccc12,-5.888877868652344
base,FC(F)(F)COc1ccc(-n2ccnc2)nn1,-1.4374333620071411
base,CO[C@H](/C=C1/CCC(=O)c2ccccc21)c1ccccc1,-6.042633056640625
base,O=c1[nH][nH]c(C(F)(F)F)c1[C@@H](c1ccccc1)c1ccc(F)cc1,-2.4622952938079834
base,Clc1ccc(SCNc2ccccc2Cl)cc1,-2.7873599529266357
base,[H]/N=C(\C)NCc1ccco1,-1.5897328853607178
base,OCCNC1c2ccccc2-c2ccccc21,-2.7873599529266357
base,COc1ccc(-c2cc(C(=O)N(C)Cc3ccccc3C)[nH]n2)cc1OC,-2.1825454235076904
base,COc1cc2c(cc1C)CCN(C(=S)Nc1ccccc1)C2,-2.3754727840423584
base,C[C@H](Sc1n[nH]c(-c2ccccc2)n1)C(=O)OCc1csc2cc(Cl)ccc12,-2.2188470363616943
base,COc1ccc(/C=N/NC(=O)c2cc3ccccc3cc2O)cc1OC,-2.54217791557312
base,CO[c-]1[cH+][cH-][c+]2[cH-][c+]([C-](Br)[C][C+]([O-])NC(C)CC[C+]3[CH+][CH-][CH+][CH-][CH+]3)[cH+][n-][c-]2[cH+]1,-2.6161489486694336
base,O=C(O)/C=C/C(=O)Nc1ncc([N+](=O)[O-])s1,-1.660567283630371
base,COC(C)[C-](O)[C+]([CH+][O-])OC1(C)O[C-]2[C+]([C+]1[O-])[c-]1[cH+][cH-][cH+][cH-][c+]1[C-]1[CH+][N-][CH+][CH-]N21,-2.6511785984039307
base,O=S(=O)(N1CCOCC1)N1CCOCC1,-1.9935381412506104
base,[CH2][C]([C]C([CH2+])C[C][N+]N[C]([O])[C]1[CH][C-]2[S+][CH][CH][C]2N1)OCC[CH2-],-2.022524118423462
base,CCSc1ccc(CN(C)[C@H](C)C(=O)Nc2cccc(N(C)S(C)(=O)=O)c2)cc1,-2.2538769245147705
base,Cc1ccccc1C(=O)Nc1ccc(-c2c[nH]c3ccccc23)cc1,-2.5030341148376465
base,O=C(NNS(=O)(=O)c1ccccc1)C1CCN(Cc2ccccc2)CC1,-2.14487624168396
base,COc1ccc(C(=O)NNC(=S)Nc2ccc(Cl)cc2)cc1,-1.9781709909439087
base,COc1ccccc1C(=O)c1ccc2c(c1)oc(=O)n2C,-2.998110294342041
base,N[C]([O])N[C]1[CH][CH][CH][CH][C]1N[C]([O])CN1CCC[C+]1[C]([CH][O])N([O-])[O-],-1.6014856100082397
base,O=C(NNC(=O)c1cc(C2CCCCC2)nn1Cc1ccccc1)c1ccccc1O,-2.036881923675537
base,COc1ccc([N+](=O)[O-])cc1C(=O)[C@@H](OC(=O)CN1C(=O)c2ccccc2C1=O)c1ccccc1,-2.8389358520507812
base,CO[C-]1[CH+][C-](O)[CH+][C-](C(O)C(C)(O)CC(C)C)C1[C+](C)[O-],-6.042633056640625
base,O=C(c1nnc(-c2ccccc2)o1)c1cccc2ccccc12,-2.419826030731201
base,O=C(NN1C(=O)[C@@H]2[C@H](C1=O)[C@@H](c1ccc(Cl)cc1)C=C[C@H]2c1ccncc1)c1ccc(F)cc1,-2.4126884937286377
base,Fc1ccccc1N1CCN(c2cccc3nsnc23)CC1,-1.6945956945419312
base,Cc1ccccc1NC(=O)NC[C@H](C)O,-1.9935381412506104
base,O=C(/C=C/c1ccccc1)NS(=O)(=O)c1ccc(F)cc1,-2.998110294342041
base,COc1ccc(CCNC(=O)c2cc(S(=O)(=O)N(C)Cc3ccccc3)c[nH]2)cc1OC,-2.3521556854248047
base,C/C(=N\NC(=O)c1c[nH]c2ccccc12)c1ccc2ccccc2n1,-1.8221569061279297
base,Fc1ccc(-c2cc(C(F)(F)F)nc(N3CCOCC3)n2)cc1,-2.022524118423462
base,O=C(c1ccccc1)c1ncc(-c2ccccc2)n1-c1ccccc1,-2.5030341148376465
base,Cc1c(CSc2nnnn2C)nc2ncccn12,-0.9401180744171143
base,Cn1c2c(c(=O)[nH]c1=O)[CH-]c1ccc[s@SP1+]1O2,-2.0578689575195312
base,CCOc1cc2c(cc1OCC)-n1cccc1[C@@H](c1ccc(OC)c(OC)c1)NC2,-2.6850228309631348
base,Clc1cnc2nc(SC/C=C/c3ccccc3)[nH]c2c1,-1.8830875158309937
base,CN(C)[C+]([O-])P(C)[S-].[CH][C+]1[CH+][CH-][C+](OC)[C-](OC)[C+]1[C-]([O-])[O-].[H+],-3.044522523880005
base,O=C(N/N=C/c1cccc(O)c1)[C@H](O)c1ccccc1,-2.2803893089294434
base,O=C(c1ccc(COc2ccc([N+](=O)[O-])cc2)o1)N1CCCC1,-2.419826030731201
base,Fc1ccccc1[C@H]1CCN(Cc2nc(CC3CC3)no2)C1,-1.9781709909439087
base,[CH2+]CCCC/N=c1/cc[c-]([N+](=O)[O-])c(N2CCCCCC2)c1,-1.9781709909439087
base,COc1cc(S(=O)(=O)NCc2ccncc2)ccc1Cl,-2.2803893089294434
base,S=C(NC1CCCC1)N1CCN(C(c2ccccc2)c2ccccc2)CC1,-2.1825454235076904
base,N#CN(/C(N)=N\c1cccnc1)c1ccc2c(c1)OCO2,-1.427512288093567
base,Cn1nnc(NC(=S)NC(=O)c2ccccc2)n1,-1.0930874347686768
base,Fc1ccc(Nc2ccccc2P(=S)(N2CCOCC2)N2CCOCC2)cc1,-2.2188470363616943
base,FC(F)(F)c1nnc(Nc2ccc(C3=NCCN3)cc2)s1,-1.427512288093567
base,COc1cccc(-c2nc(CS(=O)(=O)CC(=O)NCCc3ccc(OC)c(OC)c3)c(C)o2)c1,-2.809990167617798
base,[CH2+]C(C[C+]([O-])NC[c+]1[cH-][cH+][cH-]o1)(CC(O)C(C)CC[C+]1[CH+][CH+][CH-][c+]2[cH-][cH+][cH-][cH+][c-]21)[N-][C-](C)[O-].[H+],-2.780181884765625
base,CC(=O)c1ccc(-n2nnnc2SCC(=O)Nc2cccnc2Cl)cc1,-1.4599595069885254
base,COc1ccccc1OCCN1CCC(Cc2ccccc2)CC1,-3.131344795227051
base,O=[N+]([O-])c1cccc2c(Sc3nnnn3-c3ccccc3)cccc12,-1.6014856100082397
base,CCOC(=O)CNC(=O)[C@@H]1[C@H]2C(=O)N(Cc3ccccc3)C[C@]23[C-]=C[C@H]1O3.[H+],-2.5798470973968506
base,CC(C)c1nc2c(c(=O)c3ccccc3n2C)c(=O)n1CCc1ccccc1,-2.2188470363616943
base,COC(=O)C1=C2C(O)=Cc3c(C(=O)OC)cc(OC)cc3C23O[C@H]13,-6.175867080688477
base,N[C]([O])CCCN(C[C+]([O])[C]1[CH][CH][CH][CH][CH]1)[C]1[CH][C](N2CCOCC2)[CH][CH][C]1N([O-])[O-],-2.036881923675537
base,[CH][N-][C+]1[C][CH+][C-]([c-]2[cH+][c-](NC[c+]3[cH-][cH+][c-](OC)[cH+][cH-]3)[c+](C)[c+](O)[n-]2)[CH+][CH-]1.[H+].[H+].[H+],-2.14487624168396
base,CCCCCOc1cc(C(=O)Nc2ccccc2C(=O)O)ccc1OC,-3.2112276554107666
base,CCC[C@H](C)C(=O)OCC(=O)c1ccccc1,-5.831882476806641
base,[H+].[O][C](CCl)[C]1[C](Cl)[CH][CH][CH][C]1O[C]N[C]1[CH][CH][CH][CH][CH]1,-2.94943904876709
base,OC1(c2cccc(C(F)(F)F)c2)CCN(CCc2ccccc2)CC1,-3.172083616256714
base,FC(F)(F)c1cnc(N2CCN(c3ccccc3)CC2)c(Cl)c1,-2.022524118423462
base,COC(=O)CCC(=O)COc1ccc(Oc2ccc(F)cc2)cc1C#N,-3.2112276554107666
base,CC1=NCCN1S(=O)(=O)c1ccccc1,-1.9935381412506104
base,O,-3.044522523880005
base,NNC(=O)[C@H]1[C@@H]2CCCC[C@@H]21,-1.6845905780792236
base,Cl[c-]1[cH+][cH+]n2[c+]([CH-]OC3CCCCC3)[n-][n-][c-]2[cH+]1,-1.7780040502548218
base,Clc1ccccc1Cn1cc(CN2CCOCC2)c2ccccc21,-2.4622952938079834
base,COCCCCCN[C-]([O-])[C+]([C][N-2])N[O-].[H+],-1.5962363481521606
base,NN[C-]([O-])[c+]1s[c-]([S-])n2[c+]1[NH2+]CCCCCCCCC2,-1.5995122194290161
base,COc1ccc2c(c1)nn1c(C(C)C)cc(-c3ccccc3)nc21,-2.064993381500244
base,O=C(NCCCN1CCOCC1)c1ccc(=O)oc1,-2.229227304458618
base,O=[N+]([O-])c1ccccc1NCc1ccco1,-2.0578689575195312
base,N#CC(/C=N/c1ccccc1)=N\Nc1ccc(C(N)=O)cc1,-1.4739243984222412
base,CC(=O)c1c(C)[nH]c(C(=O)OCc2cc(=O)oc3cc(O)ccc23)c1C,-3.2112276554107666
base,O=C(CN1CCCCC1)c1ccc(Cl)cc1,-2.7269186973571777
base,NNC(=O)/C=C/c1ccc(Br)cc1,-1.8509483337402344
base,O=C(c1cccnc1)N1CCN=C1SCc1cccnc1,-1.6481837034225464
base,OCC1OC(OCOC2C[OH+]CC(O)C2O)C(O)C(O)C1O,-6.08904504776001
base,Fc1ccc(N2CCN(c3ncnc4c3cnn4Cc3ccco3)CC2)cc1,-1.5339303016662598
base,Cc1cc(C)c(N(C)C(=O)Nc2cccc3c2ccc2ccccc23)c(C)n1,-2.2188470363616943
base,NS(=O)(=O)c1ccc(CCN2C(=O)CCC2=O)cc1,-2.229227304458618
base,COCCNC(=S)NN=C1CCCCCC1,-1.660567283630371
base,CCC(=O)Oc1cccc(C(=O)Nc2ccc3c(c2)OCO3)c1,-3.0888755321502686
base,CSc1nc(NC[C@H](C)O)c2c3c(sc2n1)CN(C)CC3,-1.6481837034225464
base,Cc1ccc(NC(=O)C#CC/C=C2/N=C3CCCCC3=C(CC(C)C)[N-]2)nc1.[H+],-1.9352717399597168
base,O=C(O)c1cnc(-c2ccccc2)nc1C(F)(F)F,-2.229227304458618
base,CCCN1CCN=C1c1ccc(-c2noc(-c3ccc(Cl)cc3Cl)n2)cc1,-1.898970127105713
base,NS(=O)(=O)c1ccc2ccccc2c1,-2.59383225440979
base,COCCCn1c(SCc2cccs2)nnc1-c1ccccc1,-2.022524118423462
base,COc1cnc(C[S@@+]([O-])c2ccccc2)cc1OC,-2.8982770442962646
base,Cn1c(NC[C@@H](O)c2ccc([N+](=O)[O-])cc2)nnc1-c1cnn(-c2ccccc2)n1,-1.3171905279159546
base,O=S(=O)(c1ccccc1)c1nc(OCC(F)(F)F)cc(C(F)(F)F)n1,-2.5030341148376465
base,Cc1oc(-c2cc(Cl)cc(Cl)c2)cc1C(=O)NCCC1=CCCCC1,-3.172083616256714
base,CCCn1cc(SCc2nc3ccccc3[nH]2)c2ccccc21,-2.022524118423462
base,COc1cc2ccccc2cc1C(=O)Nc1nccs1,-2.2803893089294434
base,N#C/C(=C\NN)c1n[nH]c(=S)n1-c1ccc(Cl)cc1,-1.1470087766647339
base,O=C1c2ccccc2CC[C@H]1Cc1ccccc1,-5.888877868652344
base,Cc1cccc(NS(=O)(=O)c2cc3c4c(c2)CC(=O)N4CCC3)c1C,-2.5030341148376465
base,CC(C)Cn1c(-c2nc(C(C)C)no2)nc2c1c(=O)n(C)c(=O)n2C,-1.4208155870437622
base,CCOC(=O)Cn1c(=O)oc2cc(S(=O)(=O)Nc3ccc(C)cc3)ccc21,-2.5798470973968506
base,O=C(O)[C@@H]1CCCCN1C(=O)N1CCN(C(=O)c2cccc(Br)c2)CC1,-2.14487624168396
base,NNC(=O)Nc1ccccc1Br,-1.3739230632781982
base,O=[N+]([O-])c1cccc(CC[S@+]([O-])NCc2ccco2)c1,-2.2803893089294434
base,CCO[C-]([O-])[C+]1[C+](C)N[C-](N[C-]([O-])N2[C+]([O-])CSC2(C)C)[C+]1C.[H+],-2.022524118423462
base,COCC(=O)Nc1ccccc1C(=O)O,-2.662587881088257
base,COc1ccc(Nc2nc3[s+]ccn3c([O-])c2C)cc1OC,-1.9781709909439087
base,CCOC(=O)N/N=C/c1c(SCc2ccc(Cl)cc2)c2c([nH]c1=O)CCCC2,-2.2188470363616943
base,COc1ccc(N2C(=O)N3[C@H](c4ccc(C)cc4)[C@@H]4C(=O)N(Cc5ccccc5)C(=O)[C@@H]4[C@]3(C)C2=O)cc1,-2.523759603500366
base,O=C(CCn1[nH]c(=O)c2ccccc2c1=O)N1CCN(c2ccccc2)CC1,-1.9352717399597168
base,NNc1nc(Cc2ccc(O[C@@H]3CCOC3)cc2)c[nH]1,-1.5995122194290161
base,CN(C)C(/C=C1\N=c2ccccc2=[S+]c2cnccc21)=C(\[O-])O,-2.022524118423462
base,COCCNC(=O)COC(=O)/C=C/c1c(C)nn(Cc2ccccc2Cl)c1Cl,-2.2188470363616943
base,CO/N=C/c1cc(Cl)c(OC)c(OC)c1,-2.662587881088257
base,Cn1c(=O)c2c(nc(N3CCN(C(=O)[C@H]4CCCO4)CC3)n2Cc2cc3ccccc3[nH]c2=O)n(C)c1=O,-1.6858735084533691
base,[S-]P(NCCCCO[c+]1[cH-][cH+][cH-][cH+][cH-]1)N1CCOCC1,-2.2803893089294434
base,COc1ccc(C#N)c(OC(=O)c2ccc([N+](=O)[O-])cc2)c1,-2.3754727840423584
base,[O-][C+](CS[C+]1NCCCN1[CH+][N-][c+]1[cH-][cH+][cH-][cH+][cH-]1)N[c-]1[cH+][cH-][c+](N([O-])[O-])[cH-][c+]1Br,-1.7496302127838135
base,COc1ccc(-c2nnc(SCC(=O)N3CCCCC3)o2)cc1,-2.022524118423462
base,C[C@@H](CCCCC(=O)O)C(=O)O,-5.48479700088501
base,O=S1(=O)CC[C@@H](S(=O)(=O)N2CCCCC2)C1,-2.7269186973571777
base,Nc1nonc1C(=O)OCC(=O)c1ccc[nH]1,-1.4374333620071411
base,COc1ccc(CNC(=O)N2CCN(c3cccc(C)c3C)CC2)cc1OC,-2.2188470363616943
base,COc1cc2nc(Cl)nc(N3CCOCC3)c2cc1OC,-1.931758999824524
base,O=C(COC(=O)c1cc2sccc2n1Cc1cccs1)NCc1ccco1,-2.5798470973968506
base,CCS[C@H]1NC(=O)N(CC(=O)Nc2ccc(F)cc2)C1=O,-1.931758999824524
base,C[c-]1[cH+][c-]2[c+](s1)[CH-][C+]([C-]([O-])[CH+][CH+]N(C)C)[S+2]([O-])(O[C-]1[CH-][CH+][CH-][CH+][CH-]1)O2,-3.172083616256714
base,CCOCCOC(=O)C1=C(C)Nc2ncnn2[C@@H]1c1ccc(C)cc1,-1.8221569061279297
base,CNCCN1C(=O)c2ccccc2C1=O,-1.9935381412506104
base,F[c-]1[cH+][cH-][c+](-[c-]2[n-][c+]3[cH+][cH-][cH+][c-]4[cH-][cH+][c+]5[n-][cH-][cH+][c-]2n5[c+]34)[cH-][cH+]1,-2.022524118423462
base,O=S(=O)(c1cc(Cl)ccc1Cl)N1CCCC1,-2.7269186973571777
base,CCC(=O)N/N=C/c1sc2ccccc2c1O,-2.1183104515075684
base,CCOC(=O)C1CCN(C(=O)C2CCN(c3nn4c(=O)cc(C)nc4s3)CC2)CC1,-1.7834744453430176
base,Fc1ccc(N2CCN(Cc3nc4ccccc4[nH]3)CC2)cc1,-1.738948941230774
base,COCCNC(=O)c1ccc(OC2CCN(Cc3cccc4c3C=CC[C@H]4C(=O)O)CC2)cc1,-2.809990167617798
base,N/C(=N\O)C(=O)NCCCN1CCCC1,-1.312661051750183
base,O=C(Nc1ccc2c(c1)OCO2)c1cc2ccc(O)cc2oc1=O,-3.131344795227051
base,[O][C]([C+]1[CH][CH][CH]O1)N1CCN([C]2[CH][CH][C](N([O-])[O-])[CH][CH]2)CC1,-1.9781709909439087
base,COc1cc([C@H]2Nc3nc4ccccc4n3C(C)=C2C(=O)c2ccccc2)ccc1OC(F)F,-2.4126884937286377
base,CCCNc1c(N)c(=O)oc2ccccc12,-2.0578689575195312
base,O=C(NCC(=O)N(Cc1nc(-c2ccc(F)cc2)no1)[C@@H](C(=O)NC1CCCC1)c1ccncc1)c1ccccc1,-1.914732575416565
base,[O-][S@@+](Cc1nnnn1-c1ccccc1)c1ccccc1,-1.5995122194290161
base,CN(C)/C=C(\C#N)S(=O)(=O)c1ccc(-c2csnn2)s1,-1.5995122194290161
base,N[CH+][N-][c+]1[cH-][cH+][c-](O[c-]2[cH+][cH-][cH+][c-](N[c+]3[cH-][cH+][c-](F)[cH+][cH-]3)[cH+]2)[cH+][cH-]1.[H+],-2.064993381500244
base,O=[N+]([O-])c1cccc(CN2CCN(c3cccc(C(F)(F)F)c3)CC2)c1O,-2.1825454235076904
base,O=S(=O)(c1ccccc1)c1nc(-c2cccc(C(F)(F)F)c2)oc1N1CCOCC1,-2.6850228309631348
base,O=C(COc1ccc(Cl)cc1)NN(Cc1ccccc1)C(=O)c1ccccc1F,-2.6511785984039307
base,COCCCN1C=CC=C2N/C(=C3/C=CC=C[CH-]3)O[O+]=C21,-2.3290607929229736
base,COc1cc(C(=O)N2CCC[C@@H]2C(=O)O)cc(OC)c1OC,-3.044522523880005
base,CC(C)[C@H]1Cc2c([s+]c3n4c(SCC(=O)NCc5ccccc5)nnc4n(C)c([O-])c2-3)CO1,-1.8786333799362183
base,CN(C)CCNC(=O)[C@@H]1CCCN1C(=O)Nc1ccccc1[N+](=O)[O-],-1.6014856100082397
base,COCCn1cnnc1SCc1nnc(-c2ccc(Cl)cc2)o1,-1.5182775259017944
base,Brc1ccc(-c2nnc3ccccn23)c(OCCCN2CCOCC2)c1,-1.8613009452819824
base,N#CN/C(=N\c1ccc(F)cc1)SCc1ccc([N+](=O)[O-])cc1,-1.738948941230774
base,S=C(Nc1ccc(Cl)c(Cl)c1)Nc1ccc(N2CCOCC2)c(Cl)c1,-2.1057322025299072
base,NS(=O)(=O)c1ccc(NC(=S)N2CCC(Cc3ccccc3)CC2)cc1,-2.14487624168396
base,CCO[N-][c+]1[c-](O[C+]([O-])[c+]2[cH-][cH+][cH-][cH+][c-]2Cl)[cH+][cH-][c+]2[cH-][cH+][cH-][cH+][c-]12,-3.131344795227051
base,O=C(COC(=O)/C=C/c1cccn1-c1ccccc1)Nc1ccccc1F,-2.5798470973968506
base,[CH2+]CC[C@H](CC[N-]S(=O)(=O)c1cccc(C)c1)C(=O)NC(C)C,-2.419826030731201
base,CC(=O)c1ccc(N2CCC(c3ccccc3)CC2)c(F)c1,-3.044522523880005
base,COc1cc(NC(=O)CCc2nc3ccccc3[nH]2)c(OC)cc1Cl,-2.1057322025299072
base,CN(C)[C@@H](C[C@@H]1COC(=O)c2ccccc21)c1cc(=O)oc2ccc(C(C)(C)C)cc12,-3.3868086338043213
base,CCCN(/N=N/c1nonc1N)c1cccc2ccccc12,-1.2932543754577637
base,COc1cccc(CCNC(=O)N[C@]23C[C@H]4C[C@H](C[C@H](C4)C2)C3)c1OC,-2.54217791557312
base,O=C(CN1C(=O)CCC1=O)NCC(=O)OCC(=O)c1ccc(Cl)cc1,-2.5030341148376465
base,Cc1nn(-c2cccc([N+](=O)[O-])c2)cc1Cl,-1.660567283630371
base,COc1ccc(C(=O)NCCC(=O)N2C[C@@H](C)Oc3ccccc32)cc1,-2.54217791557312
base,FC(F)(F)c1cccc(-n2c(COc3cc(C(F)(F)F)ccn3)n[nH]c2=S)c1,-1.9352717399597168
base,CO[c+]1[cH-][c+]([CH-]O[C+]([O-])[C+]([CH+][N-]C[c+]2[cH-][cH+][cH-]o2)[CH-][CH+][CH-][c+]2[cH-][cH+][cH-][cH+][cH-]2)[cH-][cH+][c-]1OC,-3.4185070991516113
base,FC(F)(F)/C(=N\c1ccc(Br)cc1)N/C=N/c1ccc2c(c1)OCO2,-2.1057322025299072
base,[C-3]C12C([C+]3CC(C)[C+]([CH+][c+]4[cH-][cH+][c-](OC)[c+](CN5[CH-][CH+][CH-][N-]5)[cH-]4)[C-]3[O-])[O+]1C2[c+]1[cH-][cH+][cH-][c+](OC)[cH-]1,-2.8389358520507812
base,COCCCNCCOC(C)(C)Oc1nccc2ccccc12,-2.419826030731201
base,CCOC(=O)C[C@@H](C(=O)O)c1ccc(OC)c(OC)c1,-5.993961334228516
base,CCCn1nnnc1NC(=O)CSCc1ccccc1Cl,-1.427512288093567
base,Clc1cc(Cl)cc(-c2csc(N3CCc4c([nH]c5ccccc45)[C@@H]3c3ccccn3)n2)c1,-2.068580389022827
base,NNC(=O)/C(=C\c1cccs1)NC(=O)c1ccccc1Cl,-1.931758999824524
base,ClCOc1ccccc1-c1nnc(-c2ccc(-c3cccc(Cl)c3)o2)o1,-2.54217791557312
base,COc1ccc([N+](=O)[O-])c(S(=O)(=O)c2cc(Oc3cc(C)cc(F)c3)c(Cl)cc2N)c1,-2.717759132385254
base,COc1ccc2c(=O)c3c(=O)n(-c4ccccc4)c(SCc4cccs4)nc3oc2c1,-2.717759132385254
base,CC(C)C[C@@H]1NC(=O)N(CC(=O)/C=C/C=C/c2ccco2)C1=O,-2.419826030731201
base,O=S(=O)(CCCc1ccc(Cl)cc1)NCc1ccco1,-2.94943904876709
base,OCCNc1nc(-c2ccc(-c3ccccc3Cl)o2)nc2ccccc12,-2.14487624168396
base,CC(C)[C@@H](NC(=O)c1ccc(C(F)(F)F)cc1)C(=O)N[C@H]1CC[C@@H](C)CC1,-2.5798470973968506
base,CN[C@](C)(C(=O)NCc1ccc(F)cc1)C(=O)Nc1ccc2c(c1)OCCO2,-2.2188470363616943
base,O=C(CCCSc1nc2ccccc2[nH]1)N[C@@H](c1ccccc1)c1ccc(Cl)cc1,-2.2877211570739746
base,Nc1nc(SCCOc2ccccc2)n[nH]1,-1.3769919872283936
base,COc1ccc(C/C(C)=N/O)cc1OC,-2.662587881088257
base,O=S(=O)(Cc1ccccc1)NCCCOc1ccccc1,-2.998110294342041
base,CCC(=O)Oc1cccc(-c2csc(N3CCOCC3)n2)c1,-2.3754727840423584
base,O=S1(=O)OCC[C@H](c2ccc(F)cc2)N1Cc1ccc(Cl)cc1,-3.0888755321502686
base,CCOC(=O)SC1=N/C(=C\c2ccc(OC)c(OC)c2)C(=O)S1,-3.0888755321502686
base,Clc1ccc(/N=C(\c2ccccc2)N2CCOCC2)cc1Cl,-2.3754727840423584
base,NC(=O)c1ccccc1N1CCCCCC1,-2.0578689575195312
base,O=C(O)CCCCOCCCC(=O)C1=NNC[C@@H]1c1ccccc1,-2.4622952938079834
base,CCCCN(Cc1cc2ccccc2nc1Cl)S(=O)(=O)N(C)C,-2.022524118423462
base,CCC[c-]1[cH+][n-][c+]2n1[N-][C]NN2C1CC[C+]2[CH+][CH-][CH+][CH-][C+]2C1,-1.4739243984222412
base,C[C](C[C]([O])N[CH][C-][C]([O])[C+]([O])[O-])[N+][NH+][C]([O])[C]([O])NC(C)C.[C-4].[CH-3].[H+].[H+].[H+].[H+].[H+],-1.8221569061279297
base,C[CH-][S+]([O-])CC[C+]([O-])N[N-][CH+][c+]1[cH-][cH+][cH-][cH+][c-]1OC,-2.229227304458618
base,Cc1ccccc1NC(=O)NCCCn1ccnc1,-1.548350214958191
base,O=C1CCCCN1CCc1ccc(F)cc1,-2.7269186973571777
base,C[C@H](NC(=O)[C@H](C)N1C(=O)c2cccc3cccc1c23)C(=O)NC1CCCC1,-2.2188470363616943
base,C[N-][c+]1[n-][c+](Cl)[c-](SC)[c+](N[c-]2[cH+][cH-][cH+][cH-][c+]2C)[n-]1,-1.548350214958191
base,Brc1cccc(OCCOc2ncnc3ccccc23)c1,-2.3290607929229736
base,CCO[C-]([O-])CC(O[C+]([O-])CN[C+]([O-])[c+]1[cH-][cH+][c-](F)[cH+][cH-]1)[C+]([O-])[OH+]CC,-3.2112276554107666
base,Cn1cnnc1/[S+]=C1\C=C(N2CCN(S(=O)(=O)c3ccc4ccccc4c3)CC2)C=CC1=[N+]([O-])[O-],-1.756717324256897
base,O=C(Nc1ccccn1)[C@H]1CCCN1S(=O)(=O)c1ccccc1[N+](=O)[O-],-1.8613009452819824
base,Cc1ccc(NC(=O)CCC(=O)O)cc1F,-2.7269186973571777
base,Cn1c(=O)oc2cc(S(=O)(=O)N3CCC[C@H]3C(=O)Nc3cccc(OCC(F)(F)F)c3)ccc21,-2.4126884937286377
base,O=c1oc2cc(F)ccc2cc1CSc1nnc2ccccn12,-2.022524118423462
base,CCOc1cc(CN2CC=C(c3ccccc3)CC2)cc(Cl)c1OC,-3.172083616256714
base,COc1cccc(Oc2nc(Cl)ncc2F)c1,-2.1183104515075684
base,CS(=O)(=O)N1CCN(c2ccc([N+](=O)[O-])c3nonc23)CC1,-1.4739243984222412
base,O=C(Nc1cc(S(=O)(=O)Nc2ccccc2Cl)ccc1N1CCCC1)C1CC1,-2.2188470363616943
base,O=C(O)c1cc(/[C-]=C/C=C=C2N=[NH+]C3=C2CCCC3)nc2ccc(Cl)cc12,-2.1825454235076904
base,[CH2-]C1C[N+]2[CH][C][C]([OH+])CCC(O)(N[CH][C](Br)Br)C12,-2.1753058433532715
base,O/N=C(\c1ccc(F)cc1)C1CCCCC1,-2.7269186973571777
base,C[c-]1[cH+][cH-][c+]2[c-]([cH+]1)C1[C-]([CH+][C-]([C+]([O-])NC[c+]3[cH-][cH+][cH-]o3)ON1[c-]1[cH+][cH-][cH+][cH-][cH+]1)O2,-2.6511785984039307
base,CC(C)C(=O)C(C)(C)[C@]1(O)C(=O)Nc2ccccc21,-2.8982770442962646
base,Clc1ccc2nc(Nc3nsnc3C3CCCCC3)sc2c1,-1.6945956945419312
base,O=S(=O)(/C=C/c1cccc(Cl)c1)N1CCN(C2CCCC2)CC1,-2.419826030731201
base,CSC[C@@H]1CN(C2CCCC2)CC[C@H]1NS(=O)(=O)c1ccc(C)cc1,-2.5030341148376465
base,CCOc1ccccc1NC(=O)CSc1nnc(CNC(=O)OC(C)(C)C)n1-c1ccc(Cl)cc1,-1.9373873472213745
base,[O-]N([O-])[C-]1[CH+][CH-][C-](OCCOCCOCCO[PH+](O)O)[CH-][CH+]1,-3.044522523880005
base,COCCCn1cnnc1SCC(=O)NCC1CCCCC1,-1.6945956945419312
base,N[C@@H](CS[C@]12C[C@H]3C[C@H](C[C@H](C3)C1)C2)C(=O)O,-2.7873599529266357
base,O=S(=O)(c1ccc2c(c1)OCCO2)N1CCN(c2ccc(Cl)c(Cl)c2)CC1,-2.5798470973968506
base,CCCS(=O)(=O)N1CCC[C@H](C(=O)NC2CCCCC2)C1,-2.3290607929229736
base,NNC(=O)c1ccc(Oc2cc(Cl)cc(Cl)c2)o1,-2.1753058433532715
base,CN(c1cccc(NC(=O)CCSc2ccccc2)c1)S(=O)(=O)c1ccc(-c2ccccc2)cc1,-2.8389358520507812
base,Nc1c(-c2ccc(Cl)cc2)cnn1[C@H]1CCS(=O)(=O)C1,-1.8830875158309937
base,NC1=[S+]/C(=C\c2ccc(Br)cc2C(=O)O)C([O-])=N1,-2.1753058433532715
base,Clc1ccc(OCCCN2CCNCC2)cc1Cl,-2.1753058433532715
base,COC(=O)N/N=C\c1cccs1,-1.771224856376648
base,CC[C-](CC)[C+]([N-]CCCN(C)C)[c+]1[cH-][cH+][cH-][cH+][cH-]1,-2.229227304458618
base,COc1ccc(S(N)(=O)=O)cc1N,-1.8509483337402344
base,COc1cc2ccccc2cc1C(=O)NCCCn1ccnc1,-2.022524118423462
base,Fc1ccc(CNc2nc3nonc3nc2N2CCCCC2)cc1,-1.3800767660140991
base,S=C(Nc1ccc(Cl)cc1)N1CC[C@@H](c2ccccc2)C1,-2.3290607929229736
base,CCOc1ccc(-c2cn[nH]c2-c2cccs2)cc1O,-2.2803893089294434
base,[O][C]1[C][C]([NH+][C]2[CH][CH][CH][CH][C]2N[C]([O])[C]2[CH][CH][CH]O2)CCC1,-2.3754727840423584
base,[O-][C+]1[N-][C+]([N-][c+]2[cH-][cH+][cH-][c+](O)[cH-]2)S[C+]1[CH-][c+]1[cH-][c+](N([O-])[O-])[cH-][cH+][c-]1O,-2.1057322025299072
base,COc1cc(C(=O)NCCSC2CCCCC2)ccc1C,-2.998110294342041
base,O=C(CNc1ccc(F)cc1)NCCOc1cccc(Cl)c1Cl,-2.419826030731201
base,Cc1ccc(Cl)cc1NC(=O)CCN1CCC[C@@H](c2ccccc2)C1=O,-2.54217791557312
base,Clc1cnccc1-n1cncn1,-1.0903477668762207
base,Nn1c(SCC(=O)Nc2cccc3ccccc23)nnc1-c1ccco1,-1.640629529953003
base,O=C(CO)[C@H](O)[C@@H](CCO)C(=O)O,-5.564520359039307
base,S=C(Nc1cccnc1)Nc1cccc(OCCCN2CCCCCC2)c1,-1.898970127105713
base,[O][C]([CH][CH][C]1[CH][CH][C](N2CCCCC2)[C](N([O-])[O-])[CH]1)[C+]1[CH][CH][CH][CH][C]1F,-2.54217791557312
base,C[C@@H](C(=O)NC1CC1)N1C(=O)N/C(=c2/c#cc#c/c2=C2/C=CC=C3C=CC=C[C-]32)C1=O.[H+],-2.3204572200775146
base,CCCC([CH+]C[C+]([O-])N1C[CH-][C+]([C+]2[CH-]CCCC2)CC1)[C-]([O-])O,-3.0888755321502686
base,CCOC(=O)C(Cc1cc2ccc(C)cc2[nH]c1=O)(NC(C)=O)C(=O)OCC,-2.6161489486694336
base,O[C@H](CNCc1ccccc1Br)c1ccccc1,-2.844355583190918
base,COc1ccc(C(N)=O)c(O)c1N1Cc2ccc(C)cc2C1,-2.3754727840423584
base,Brc1ccc(Cn2nnc3ccccc32)cc1,-1.7210086584091187
base,CN(Cc1ccc(F)cc1)S(=O)(=O)c1cccs1,-2.844355583190918
base,COc1ccc(NC(=S)N(Cc2ccco2)[C@@H](C)c2ccco2)cc1,-2.5030341148376465
base,O=C(CCc1nc2ccccc2c(=O)[nH]1)NCc1cccnc1,-1.738948941230774
base,Cc1cc(Oc2ccnc3ccccc23)ccc1-n1cnnn1,-1.5182775259017944
base,CC(=O)c1ccc(NC2=C(Cl)C(=O)N(C3CCCCC3)C2=O)cc1,-2.4622952938079834
base,O=C(NCCCOc1ccccc1Cl)c1ccc2ccccc2n1,-2.4622952938079834
base,COCCN1CCN(CCCNC(=O)c2ccc(C(C)(C)C)cc2)CC1,-2.14487624168396
base,O=C(O)c1ccccc1/C=C/Nc1ccccc1[N+](=O)[O-],-2.3290607929229736
base,Brc1cccc(OCCCN2CCCCC2)c1,-2.7873599529266357
base,O=C(COc1cccc(C(F)(F)F)c1)N1CC[C@@H](c2ccccc2)C1,-3.172083616256714
base,Cc1noc(C(=O)Nc2cnccc2C(F)(F)F)c1Cl,-1.8830875158309937
base,O=C(O)c1cc(/N=C2\C=C(O)c3ccccc3C2=O)ccc1O,-3.0888755321502686
base,CNS(=O)(=O)c1ccc(CN2C(=O)c3cccnc3C2=O)s1,-1.9781709909439087
base,Cc1ccc(OCc2nnc(SCC(=O)Nc3nc4ccccc4s3)o2)cc1,-1.9352717399597168
base,OC[C@H](O)CO[C@@H](O)[C@@H](O)CO,-5.48479700088501
base,O=C(NCCCn1ccnc1)c1ccc(Cl)s1,-1.7210086584091187
base,Cc1cc(=O)n2/c(=C(/[O-])N(CC(=O)NCCCN3CCOCC3)c3ccc(F)c(Cl)c3)c[s+]c2n1,-1.9373873472213745
base,C=CCSc1nnc(SCc2nc3ccccc3c(=O)[nH]2)s1,-1.6945956945419312
base,COc1ccc(CC(=O)NCc2ccc([N+](=O)[O-])cc2)cc1OC,-2.4622952938079834
base,O=[N+]([O-])c1cc2c(cc1NCC[C@H](O)c1cccnc1)OCO2,-2.022524118423462
base,NC(=O)C1CCN(c2ncnc3nc[nH]c23)CC1,-1.0930874347686768
base,COc1ccc(NCc2nnc(SCc3ccc([N+](=O)[O-])cc3)n2-c2ccc(OC)cc2)cc1,-1.9084417819976807
base,CC(=O)c1c(C)oc2ccc(NS(=O)(=O)c3ccccc3C)cc12,-3.131344795227051
base,COCCn1c(=O)[nH]c2cc(C(=O)Nc3cccc([N+](=O)[O-])c3)ccc21,-1.8613009452819824
base,CN(c1ccccc1)S(=O)(=O)c1cc(C(=O)OCC(=O)NC2CC2)ccc1Cl,-2.6161489486694336
base,NNC(=O)CN[C@H](c1ccc(F)cc1)c1cc(Cl)ccc1NC(=O)c1ccccc1,-2.004145860671997
base,Fc1ccc(-n2cnc3ccccc32)nc1,-1.660567283630371
base,CC(=O)c1cc(F)c(Nc2cc(C)nc3c(Cc4ccc(F)cc4)cnn23)cc1C,-2.004145860671997
base,O=C(N/N=C(\c1ccccc1)c1ccc(O)cc1)c1ccccc1C(=O)N1CCCCC1,-2.3521556854248047
base,S=C(NCCc1cccc(Cl)c1)NCc1cccs1,-2.229227304458618
base,COc1ccccc1N(C)C(=O)c1cccc2c(Br)cccc12,-3.0888755321502686
base,O=C(O)CCc1ccc(O)cc1,-5.48479700088501
base,O=C(COC(=O)CNS(=O)(=O)c1c(Cl)cccc1Cl)NCc1cccs1,-2.54217791557312
base,CO[N-][C+]([C-]([O-])[N-][C+]1CCC[C+]1[c+]1[n-][c+](-[c+]2[cH-][cH+][cH-]s2)[cH-]s1)[c-]1[cH+][cH-][cH+][cH-][cH+]1,-2.2188470363616943
base,CCCc1cc(=O)[nH]c(SCC(=O)NCc2ccc(N3CCOCC3)cc2)n1,-1.9352717399597168
base,CN(Cc1ccccc1)C(=O)N1CCOCC1,-2.1183104515075684
base,Fc1ccc(-c2ccnc(Nc3ccc(SC(F)F)cc3)c2)cc1,-2.4622952938079834
base,[H+].[H]/[C-]=C\C[CH2-].[H]/[O+]=C\C=C=C1CCCC[C@H]1c1ccc(N)c(C(=O)O)c1,-3.131344795227051
base,CN(C)C(=O)[C@H]1CC(c2ccccc2F)=NO1,-2.1183104515075684
base,O=C(Cc1cccc(C(F)(F)F)c1)NNC(=S)Nc1cccc(Cl)c1Cl,-2.14487624168396
base,CS(=O)(=O)c1ccc(Cl)c(NC(=O)[C@@H]2CC(=O)N(Cc3ccco3)C2)c1,-2.54217791557312
base,O=S(=O)(CCS(=O)(=O)c1nc2ccc(Cl)cc2s1)c1ccccc1,-3.131344795227051
base,FC(F)Sc1nccn1-c1ccccn1,-1.5962363481521606
base,O=C(CN1C(=O)COc2ccccc21)NCCCCN1CCOCC1,-2.1057322025299072
base,COC[CH-]n1[c+](C2CCCCC2)[n-][c+]2[cH-][cH+][cH-][cH+][c-]21,-2.229227304458618
base,O=C(Cc1ccccc1)OCCN1CCOCC1,-2.844355583190918
base,Nc1ccc(S(=O)(=O)N2CCC(C(=O)NCc3ccco3)CC2)cc1,-2.1057322025299072
base,O=C(NNS(=O)(=O)c1ccc(Cl)cc1)c1ccccc1O,-2.3290607929229736
base,CC(=O)c1cc(S(=O)(=O)N(C)c2ccc(O)cc2)ccc1OCC(=O)O,-3.2112276554107666
base,O=S(=O)(c1ccc(C2CCCCC2)cc1)N1CCN=C1SCc1cc(F)ccc1Cl,-2.6850228309631348
base,CSc1ccc(-c2nnn(Cc3nc4ccccc4s3)n2)cc1,-1.5182775259017944
base,CCCN(Cc1ccc2ccccc2c1)CC(C)C,-2.8982770442962646
base,CCNc1ccc(S(=O)(=O)N(C)C)cc1[N+](=O)[O-],-1.7780040502548218
base,CC(=O)Nc1ccc(NC(=S)Nc2ccon2)cc1,-1.548350214958191
base,CCC[N-][c+]1[n-][c+]2[c-]([cH+][c-]1-[c+]1[cH-][cH+][cH-][cH+][cH-]1)[c+](C)[n-]n2C1CCCCC1,-1.8613009452819824
base,O=c1[nH]c([P@](=O)(Nc2ccccc2Cl)c2ccccc2)nc2ccccc12,-2.1825454235076904
base,O=C(N[C@@H](O)C(=O)c1ccccc1)c1ccc(F)cc1,-2.94943904876709
base,CO[c-]1[cH+][cH-][cH+][cH-][c+]1C1[c-]2[nH][c+]3[cH-][cH+][cH-][cH+][c-]3[c+]2CC2[C+]([O-])N(CCCN3[CH+]COCC3)C[C-]([O-])N21,-2.186189889907837
base,NNC(=O)CCCn1cnc([N+](=O)[O-])n1,-0.9113197326660156
base,CC(=O)c1ccc(C[C@@H](C)c2ccc(C(=O)c3ccccc3)cc2)cc1,-6.2557501792907715
base,COc1ccc2c(c1O)C(=O)c1ccccc1C2=O,-5.9427995681762695
base,CCNC(=S)N(CCc1cc(-c2ccccc2)n[nH]1)CC(C)C,-1.738948941230774
base,Cc1ccc(-c2noc([C@@H]3CCCN(S(=O)(=O)c4ccccc4)C3)n2)cc1,-2.1825454235076904
base,C=C(/N=[N+](\C=C1\C=C2C=CC(OC)=C[C-]2N=C1Cl)S(=O)(=O)c1ccc(F)cc1)c1ccco1,-2.3828799724578857
base,Clc1nc(Nc2ccc3c(c2)oc2ccccc23)nc2ccccc12,-2.1057322025299072
base,[O][C](C[C+]1[CH][CH][CH]S1)N[N][CH][CH][CH][C]1[CH][CH][CH][CH][C]1N([O-])[O-],-1.9781709909439087
base,OOc1ccoc1-c1ccc2ccccc2c1,-5.831882476806641
base,COc1ccc(CSc2nnnn2-c2ccccc2)cc1,-1.6481837034225464
base,S=C(Nc1ccccc1Cl)N(Cc1ccccc1)Cc1ccccn1,-2.1057322025299072
base,COCCOc1cc(-n2[nH]c(=O)c3ccccc3c2=O)c(Cl)cc1Cl,-2.5030341148376465
base,CCOCC(=O)Nc1c(C(=O)OCC)oc2ccccc12,-2.998110294342041
base,FC(F)(F)c1n[nH]c(=S)n1/N=C/c1ccco1,-1.4374333620071411
base,CCOc1ccc(Br)cc1C(N)=O,-2.519998073577881
base,CC(=O)C1=C(N)Nc2ncnn2C1,-0.9493998885154724
base,COc1[c-]c2[nH]c(=O)c(CCN(C)C(=O)c3ccccc3)cc2cc1.[H+],-2.5030341148376465
base,NNC(=O)C/[C-]=C/NC1=NC=[N+]=C1,-0.9493998885154724
base,O=S(=O)(O)CCO,-4.948760032653809
base,O=C(N/N=C/c1cn(Cc2ccc3c(c2)OCO3)c2ccccc12)c1cccc([N+](=O)[O-])c1,-2.099304676055908
base,[O-][C][c-]1[cH+][cH-][cH+][cH-][c+]1[C+]([O-])[C+]1[C]N(C[C+]2[CH+][CH+][CH-][CH+][CH-]2)[C+]([N-][CH-]NCCO)S1,-2.2188470363616943
base,COc1ccccc1N/C(N)=N\c1nc(C(F)(F)F)cc(=O)[nH]1,-1.5182775259017944
base,COc1ccc2ccccc2c1[C@H](c1ccc(C)o1)c1conc1C,-3.172083616256714
base,COC/C=C\O[C@]1(C)Oc2c(c3c(c4oc5ccccc5c24)CCN(Cc2ccc(OC)cc2)C3)C1=O,-3.5634782314300537
base,C[C-]1CCC([C+]([O-])NC(C)C([c+]2[cH-][cH+][cH-]s2)N2CCN(C)CC2)C1(C)C,-2.14487624168396
base,COc1ccc(OC)c2sc(NC(=O)C(C)C)nc12,-2.229227304458618
base,S=c1[nH]nc(COc2ccccc2)n1/N=C/C=C/c1ccco1,-1.738948941230774
base,C=[P+]([O-])c1ccc(C)cc1.CCOP(=O)=[O+]CC.C[CH-]OC(=O)[O-].[H+],-6.175867080688477
base,N[P@](=O)(Oc1ccccc1)Oc1ccccc1Cl,-2.844355583190918
base,COc1cc(OC)c(S(=O)(=O)N2CCCCC2)cc1/C=C(\C#N)C(=O)O,-2.54217791557312
base,O=C(O)Cn1c2ccccc2c(=O)c2ccccc21,-2.8982770442962646
base,COc1ccccc1/C=N/NC(=O)c1ccc(N(C)S(=O)(=O)c2cccs2)cc1,-2.2538769245147705
base,CCCn1c(N)c(C(=O)Cn2ccc(-c3ccc(F)cc3)n2)c(=O)[nH]c1=O,-1.6782987117767334
base,OC[P+](O)(O)[C-]1[CH-][CH+][CH-][CH+][C-]1O,-5.48479700088501
base,COCCCNC=C1C(=O)OC(C)(C)OC1=O,-2.7873599529266357
base,O=C(Oc1cccc2cccnc12)c1ccco1,-2.844355583190918
base,Nc1c(NS(=O)(=O)c2cccc([N+](=O)[O-])c2)c(=O)[nH]c(=O)n1CC1CC1,-1.640629529953003
base,N#Cc1ccc(CSCC(=O)N2CCCC2)cc1,-2.1753058433532715
base,[N-2][N-][C+]1[CH+][CH+][C-](N([O-])[O-])[CH+][C-]1[C+]([O-])N1CCCC1,-1.4944287538528442
base,C/C(=N\NC(=O)CNC(=O)C1CCCCC1)[C@]12C[C@H]3C[C@H](C[C@H](C3)C1)C2,-2.14487624168396
